2026-07-01T00:52:13+08:00	agent=	session=e33ba939-69f	cost=0	turns=946	cache_hit=96.9%	in=675150	cr=445113302	cc=13649652	out=3668676
2026-07-01T00:56:16+08:00	agent=	session=e33ba939-69f	cost=0	turns=963	cache_hit=97.0%	in=677548	cr=459856644	cc=13711296	out=3711001
2026-07-01T00:58:54+08:00	agent=	session=e33ba939-69f	cost=0	turns=965	cache_hit=97.0%	in=678622	cr=461616572	cc=13711528	out=3720325
2026-07-01T01:02:46+08:00	agent=	session=e33ba939-69f	cost=0	turns=979	cache_hit=97.0%	in=680642	cr=474070243	cc=13744163	out=3748339
2026-07-01T01:25:57+08:00	agent=	session=e33ba939-69f	cost=0	turns=1052	cache_hit=97.2%	in=689908	cr=541402320	cc=14848584	out=3881059
2026-07-01T01:28:28+08:00	agent=	session=e33ba939-69f	cost=0	turns=1060	cache_hit=97.2%	in=692909	cr=549119823	cc=14857979	out=3891749
2026-07-01T01:33:47+08:00	agent=	session=fe9d8003-341	cost=0	turns=2385	cache_hit=97.6%	in=971072	cr=1288229371	cc=30191647	out=5745506
2026-07-01T01:37:34+08:00	agent=	session=4abba4f1-4a4	cost=0	turns=912	cache_hit=96.7%	in=569356	cr=408936486	cc=13251570	out=3106148
2026-07-01T01:37:58+08:00	agent=	session=e33ba939-69f	cost=0	turns=1080	cache_hit=97.3%	in=706008	cr=568640407	cc=14890123	out=3910556
2026-07-01T01:40:41+08:00	agent=	session=e33ba939-69f	cost=0	turns=1080	cache_hit=97.3%	in=706008	cr=568640407	cc=14890123	out=3910556
2026-07-01T01:46:46+08:00	agent=	session=4abba4f1-4a4	cost=0	turns=923	cache_hit=96.8%	in=571532	cr=417892170	cc=13281616	out=3126456
2026-07-01T01:49:40+08:00	agent=	session=4abba4f1-4a4	cost=0	turns=928	cache_hit=96.8%	in=573906	cr=422004927	cc=13298437	out=3147884
2026-07-01T01:55:54+08:00	agent=workflow-subagent	session=4abba4f1-4a4	cost=0	turns=928	cache_hit=96.8%	in=573906	cr=422004927	cc=13298437	out=3147884
2026-07-01T01:56:44+08:00	agent=workflow-subagent	session=4abba4f1-4a4	cost=0	turns=928	cache_hit=96.8%	in=573906	cr=422004927	cc=13298437	out=3147884
2026-07-01T01:56:54+08:00	agent=workflow-subagent	session=4abba4f1-4a4	cost=0	turns=928	cache_hit=96.8%	in=573906	cr=422004927	cc=13298437	out=3147884
2026-07-01T01:58:24+08:00	agent=workflow-subagent	session=4abba4f1-4a4	cost=0	turns=928	cache_hit=96.8%	in=573906	cr=422004927	cc=13298437	out=3147884
2026-07-01T02:04:47+08:00	agent=workflow-subagent	session=4abba4f1-4a4	cost=0	turns=928	cache_hit=96.8%	in=573906	cr=422004927	cc=13298437	out=3147884
2026-07-01T02:22:03+08:00	agent=	session=e33ba939-69f	cost=0	turns=1142	cache_hit=97.2%	in=855186	cr=576080442	cc=15471315	out=4097171
2026-07-01T02:31:13+08:00	agent=	session=4abba4f1-4a4	cost=0	turns=1047	cache_hit=97.4%	in=581665	cr=527694660	cc=13527962	out=3335759
2026-07-01T02:38:37+08:00	agent=workflow-subagent	session=4abba4f1-4a4	cost=0	turns=1047	cache_hit=97.4%	in=581665	cr=527694660	cc=13527962	out=3335759
2026-07-01T02:40:03+08:00	agent=workflow-subagent	session=4abba4f1-4a4	cost=0	turns=1047	cache_hit=97.4%	in=581665	cr=527694660	cc=13527962	out=3335759
2026-07-01T02:40:59+08:00	agent=	session=70510bcb-b3b	cost=0	turns=1548	cache_hit=93.9%	in=911706	cr=775348762	cc=49380588	out=4618875
2026-07-01T02:44:33+08:00	agent=workflow-subagent	session=4abba4f1-4a4	cost=0	turns=1047	cache_hit=97.4%	in=581665	cr=527694660	cc=13527962	out=3335759
2026-07-01T02:46:08+08:00	agent=workflow-subagent	session=4abba4f1-4a4	cost=0	turns=1047	cache_hit=97.4%	in=581665	cr=527694660	cc=13527962	out=3335759
2026-07-01T02:53:17+08:00	agent=	session=4abba4f1-4a4	cost=0	turns=1092	cache_hit=97.6%	in=587743	cr=570636268	cc=13618829	out=3388819
2026-07-01T02:53:51+08:00	agent=	session=e33ba939-69f	cost=0	turns=1148	cache_hit=97.2%	in=857338	cr=577118010	cc=15480611	out=4115719
2026-07-01T02:55:20+08:00	agent=	session=70510bcb-b3b	cost=0	turns=1550	cache_hit=93.9%	in=912780	cr=777260814	cc=49380688	out=4629649
2026-07-01T05:01:18+08:00	agent=	session=4abba4f1-4a4	cost=0	turns=1095	cache_hit=97.3%	in=589381	cr=571604118	cc=15555721	out=3389544
2026-07-01T05:03:16+08:00	agent=	session=4abba4f1-4a4	cost=0	turns=1095	cache_hit=97.3%	in=589381	cr=571604118	cc=15555721	out=3389544
2026-07-01T05:09:28+08:00	agent=	session=70510bcb-b3b	cost=0	turns=1550	cache_hit=93.9%	in=912780	cr=777260814	cc=49380688	out=4629649
2026-07-01T05:28:57+08:00	agent=	session=e33ba939-69f	cost=0	turns=1223	cache_hit=97.2%	in=860770	cr=594330556	cc=16296354	out=4317731
2026-07-01T05:41:52+08:00	agent=	session=e33ba939-69f	cost=0	turns=1240	cache_hit=97.2%	in=862796	cr=599327072	cc=16334296	out=4352894
2026-07-01T06:16:15+08:00	agent=	session=4abba4f1-4a4	cost=0	turns=1249	cache_hit=97.2%	in=778231	cr=601256837	cc=16392228	out=3729563
2026-07-01T07:04:39+08:00	agent=Explore	session=4abba4f1-4a4	cost=0	turns=1259	cache_hit=97.2%	in=787905	cr=604226236	cc=16469723	out=3774948
2026-07-01T07:05:06+08:00	agent=Explore	session=4abba4f1-4a4	cost=0	turns=1261	cache_hit=97.2%	in=791579	cr=604853740	cc=16482967	out=3777154
2026-07-01T07:06:09+08:00	agent=Explore	session=4abba4f1-4a4	cost=0	turns=1263	cache_hit=97.2%	in=795127	cr=605494488	cc=16497943	out=3781832
2026-07-01T07:51:02+08:00	agent=	session=4abba4f1-4a4	cost=0	turns=1404	cache_hit=97.4%	in=802803	cr=667336934	cc=17010210	out=4150575
2026-07-01T08:36:18+08:00	agent=Explore	session=4abba4f1-4a4	cost=0	turns=1488	cache_hit=97.5%	in=808101	cr=714291647	cc=17245554	out=4345328
2026-07-01T08:37:12+08:00	agent=workflow-subagent	session=fe9d8003-341	cost=0	turns=2404	cache_hit=97.6%	in=979732	cr=1292295725	cc=30966498	out=5804232
2026-07-01T08:37:32+08:00	agent=workflow-subagent	session=fe9d8003-341	cost=0	turns=2404	cache_hit=97.6%	in=979732	cr=1292295725	cc=30966498	out=5804232
2026-07-01T08:37:37+08:00	agent=workflow-subagent	session=fe9d8003-341	cost=0	turns=2404	cache_hit=97.6%	in=979732	cr=1292295725	cc=30966498	out=5804232
2026-07-01T08:37:42+08:00	agent=workflow-subagent	session=fe9d8003-341	cost=0	turns=2407	cache_hit=97.6%	in=980656	cr=1293128429	cc=31005351	out=5838726
2026-07-01T08:38:07+08:00	agent=workflow-subagent	session=fe9d8003-341	cost=0	turns=2407	cache_hit=97.6%	in=980656	cr=1293128429	cc=31005351	out=5838726
2026-07-01T08:39:29+08:00	agent=	session=fe9d8003-341	cost=0	turns=2412	cache_hit=97.6%	in=980666	cr=1294606046	cc=31051310	out=5854754
2026-07-01T08:39:43+08:00	agent=workflow-subagent	session=fe9d8003-341	cost=0	turns=2412	cache_hit=97.6%	in=980666	cr=1294606046	cc=31051310	out=5854754
2026-07-01T08:40:14+08:00	agent=workflow-subagent	session=fe9d8003-341	cost=0	turns=2412	cache_hit=97.6%	in=980666	cr=1294606046	cc=31051310	out=5854754
2026-07-01T08:40:25+08:00	agent=workflow-subagent	session=fe9d8003-341	cost=0	turns=2412	cache_hit=97.6%	in=980666	cr=1294606046	cc=31051310	out=5854754
2026-07-01T08:40:28+08:00	agent=workflow-subagent	session=fe9d8003-341	cost=0	turns=2412	cache_hit=97.6%	in=980666	cr=1294606046	cc=31051310	out=5854754
2026-07-01T08:40:38+08:00	agent=workflow-subagent	session=fe9d8003-341	cost=0	turns=2412	cache_hit=97.6%	in=980666	cr=1294606046	cc=31051310	out=5854754
2026-07-01T08:40:40+08:00	agent=workflow-subagent	session=fe9d8003-341	cost=0	turns=2412	cache_hit=97.6%	in=980666	cr=1294606046	cc=31051310	out=5854754
2026-07-01T08:40:40+08:00	agent=workflow-subagent	session=fe9d8003-341	cost=0	turns=2412	cache_hit=97.6%	in=980666	cr=1294606046	cc=31051310	out=5854754
2026-07-01T08:40:48+08:00	agent=workflow-subagent	session=fe9d8003-341	cost=0	turns=2412	cache_hit=97.6%	in=980666	cr=1294606046	cc=31051310	out=5854754
2026-07-01T08:40:49+08:00	agent=workflow-subagent	session=fe9d8003-341	cost=0	turns=2412	cache_hit=97.6%	in=980666	cr=1294606046	cc=31051310	out=5854754
2026-07-01T08:41:00+08:00	agent=workflow-subagent	session=fe9d8003-341	cost=0	turns=2412	cache_hit=97.6%	in=980666	cr=1294606046	cc=31051310	out=5854754
2026-07-01T08:41:05+08:00	agent=workflow-subagent	session=fe9d8003-341	cost=0	turns=2412	cache_hit=97.6%	in=980666	cr=1294606046	cc=31051310	out=5854754
2026-07-01T08:41:06+08:00	agent=workflow-subagent	session=fe9d8003-341	cost=0	turns=2412	cache_hit=97.6%	in=980666	cr=1294606046	cc=31051310	out=5854754
2026-07-01T08:41:06+08:00	agent=workflow-subagent	session=fe9d8003-341	cost=0	turns=2412	cache_hit=97.6%	in=980666	cr=1294606046	cc=31051310	out=5854754
2026-07-01T08:41:12+08:00	agent=workflow-subagent	session=fe9d8003-341	cost=0	turns=2412	cache_hit=97.6%	in=980666	cr=1294606046	cc=31051310	out=5854754
2026-07-01T08:41:12+08:00	agent=workflow-subagent	session=fe9d8003-341	cost=0	turns=2412	cache_hit=97.6%	in=980666	cr=1294606046	cc=31051310	out=5854754
2026-07-01T08:41:19+08:00	agent=workflow-subagent	session=fe9d8003-341	cost=0	turns=2412	cache_hit=97.6%	in=980666	cr=1294606046	cc=31051310	out=5854754
2026-07-01T08:41:23+08:00	agent=workflow-subagent	session=fe9d8003-341	cost=0	turns=2412	cache_hit=97.6%	in=980666	cr=1294606046	cc=31051310	out=5854754
2026-07-01T08:41:36+08:00	agent=workflow-subagent	session=fe9d8003-341	cost=0	turns=2412	cache_hit=97.6%	in=980666	cr=1294606046	cc=31051310	out=5854754
2026-07-01T08:41:38+08:00	agent=	session=4abba4f1-4a4	cost=0	turns=1520	cache_hit=97.6%	in=830005	cr=734101043	cc=17298229	out=4386775
2026-07-01T08:41:44+08:00	agent=workflow-subagent	session=fe9d8003-341	cost=0	turns=2412	cache_hit=97.6%	in=980666	cr=1294606046	cc=31051310	out=5854754
2026-07-01T08:42:04+08:00	agent=workflow-subagent	session=fe9d8003-341	cost=0	turns=2412	cache_hit=97.6%	in=980666	cr=1294606046	cc=31051310	out=5854754
2026-07-01T08:42:20+08:00	agent=workflow-subagent	session=fe9d8003-341	cost=0	turns=2412	cache_hit=97.6%	in=980666	cr=1294606046	cc=31051310	out=5854754
2026-07-01T08:42:31+08:00	agent=workflow-subagent	session=fe9d8003-341	cost=0	turns=2412	cache_hit=97.6%	in=980666	cr=1294606046	cc=31051310	out=5854754
2026-07-01T08:42:32+08:00	agent=workflow-subagent	session=fe9d8003-341	cost=0	turns=2412	cache_hit=97.6%	in=980666	cr=1294606046	cc=31051310	out=5854754
2026-07-01T08:42:38+08:00	agent=workflow-subagent	session=fe9d8003-341	cost=0	turns=2412	cache_hit=97.6%	in=980666	cr=1294606046	cc=31051310	out=5854754
2026-07-01T08:42:39+08:00	agent=workflow-subagent	session=fe9d8003-341	cost=0	turns=2412	cache_hit=97.6%	in=980666	cr=1294606046	cc=31051310	out=5854754
2026-07-01T08:42:41+08:00	agent=workflow-subagent	session=fe9d8003-341	cost=0	turns=2412	cache_hit=97.6%	in=980666	cr=1294606046	cc=31051310	out=5854754
2026-07-01T08:42:47+08:00	agent=workflow-subagent	session=fe9d8003-341	cost=0	turns=2412	cache_hit=97.6%	in=980666	cr=1294606046	cc=31051310	out=5854754
2026-07-01T08:42:51+08:00	agent=workflow-subagent	session=fe9d8003-341	cost=0	turns=2412	cache_hit=97.6%	in=980666	cr=1294606046	cc=31051310	out=5854754
2026-07-01T08:43:08+08:00	agent=workflow-subagent	session=fe9d8003-341	cost=0	turns=2412	cache_hit=97.6%	in=980666	cr=1294606046	cc=31051310	out=5854754
2026-07-01T08:43:10+08:00	agent=workflow-subagent	session=fe9d8003-341	cost=0	turns=2412	cache_hit=97.6%	in=980666	cr=1294606046	cc=31051310	out=5854754
2026-07-01T08:43:32+08:00	agent=workflow-subagent	session=fe9d8003-341	cost=0	turns=2412	cache_hit=97.6%	in=980666	cr=1294606046	cc=31051310	out=5854754
2026-07-01T08:43:38+08:00	agent=workflow-subagent	session=fe9d8003-341	cost=0	turns=2412	cache_hit=97.6%	in=980666	cr=1294606046	cc=31051310	out=5854754
2026-07-01T08:44:11+08:00	agent=workflow-subagent	session=fe9d8003-341	cost=0	turns=2412	cache_hit=97.6%	in=980666	cr=1294606046	cc=31051310	out=5854754
2026-07-01T08:44:11+08:00	agent=workflow-subagent	session=fe9d8003-341	cost=0	turns=2412	cache_hit=97.6%	in=980666	cr=1294606046	cc=31051310	out=5854754
2026-07-01T08:44:21+08:00	agent=workflow-subagent	session=fe9d8003-341	cost=0	turns=2412	cache_hit=97.6%	in=980666	cr=1294606046	cc=31051310	out=5854754
2026-07-01T08:44:25+08:00	agent=workflow-subagent	session=fe9d8003-341	cost=0	turns=2412	cache_hit=97.6%	in=980666	cr=1294606046	cc=31051310	out=5854754
2026-07-01T08:44:37+08:00	agent=workflow-subagent	session=fe9d8003-341	cost=0	turns=2412	cache_hit=97.6%	in=980666	cr=1294606046	cc=31051310	out=5854754
2026-07-01T08:44:38+08:00	agent=workflow-subagent	session=fe9d8003-341	cost=0	turns=2412	cache_hit=97.6%	in=980666	cr=1294606046	cc=31051310	out=5854754
2026-07-01T08:44:45+08:00	agent=workflow-subagent	session=fe9d8003-341	cost=0	turns=2412	cache_hit=97.6%	in=980666	cr=1294606046	cc=31051310	out=5854754
2026-07-01T08:44:49+08:00	agent=workflow-subagent	session=fe9d8003-341	cost=0	turns=2412	cache_hit=97.6%	in=980666	cr=1294606046	cc=31051310	out=5854754
2026-07-01T08:44:50+08:00	agent=workflow-subagent	session=fe9d8003-341	cost=0	turns=2412	cache_hit=97.6%	in=980666	cr=1294606046	cc=31051310	out=5854754
2026-07-01T08:44:55+08:00	agent=workflow-subagent	session=fe9d8003-341	cost=0	turns=2412	cache_hit=97.6%	in=980666	cr=1294606046	cc=31051310	out=5854754
2026-07-01T08:45:51+08:00	agent=workflow-subagent	session=fe9d8003-341	cost=0	turns=2412	cache_hit=97.6%	in=980666	cr=1294606046	cc=31051310	out=5854754
2026-07-01T08:45:52+08:00	agent=workflow-subagent	session=fe9d8003-341	cost=0	turns=2412	cache_hit=97.6%	in=980666	cr=1294606046	cc=31051310	out=5854754
2026-07-01T08:46:55+08:00	agent=	session=fe9d8003-341	cost=0	turns=2417	cache_hit=97.6%	in=984183	cr=1296169194	cc=31075540	out=5864054
2026-07-01T08:47:29+08:00	agent=workflow-subagent	session=fe9d8003-341	cost=0	turns=2417	cache_hit=97.6%	in=984183	cr=1296169194	cc=31075540	out=5864054
2026-07-01T08:48:15+08:00	agent=workflow-subagent	session=fe9d8003-341	cost=0	turns=2417	cache_hit=97.6%	in=984183	cr=1296169194	cc=31075540	out=5864054
2026-07-01T08:51:21+08:00	agent=workflow-subagent	session=fe9d8003-341	cost=0	turns=2417	cache_hit=97.6%	in=984183	cr=1296169194	cc=31075540	out=5864054
2026-07-01T08:54:34+08:00	agent=	session=fe9d8003-341	cost=0	turns=2427	cache_hit=97.6%	in=988406	cr=1299454302	cc=31138555	out=5890149
2026-07-01T09:00:40+08:00	agent=workflow-subagent	session=4abba4f1-4a4	cost=0	turns=1525	cache_hit=97.6%	in=834314	cr=737270070	cc=17323276	out=4414828
2026-07-01T09:02:19+08:00	agent=workflow-subagent	session=4abba4f1-4a4	cost=0	turns=1525	cache_hit=97.6%	in=834314	cr=737270070	cc=17323276	out=4414828
2026-07-01T09:03:10+08:00	agent=workflow-subagent	session=4abba4f1-4a4	cost=0	turns=1525	cache_hit=97.6%	in=834314	cr=737270070	cc=17323276	out=4414828
2026-07-01T09:06:28+08:00	agent=workflow-subagent	session=4abba4f1-4a4	cost=0	turns=1525	cache_hit=97.6%	in=834314	cr=737270070	cc=17323276	out=4414828
2026-07-01T09:07:09+08:00	agent=workflow-subagent	session=4abba4f1-4a4	cost=0	turns=1525	cache_hit=97.6%	in=834314	cr=737270070	cc=17323276	out=4414828
2026-07-01T09:08:11+08:00	agent=workflow-subagent	session=4abba4f1-4a4	cost=0	turns=1525	cache_hit=97.6%	in=834314	cr=737270070	cc=17323276	out=4414828
2026-07-01T09:08:35+08:00	agent=workflow-subagent	session=4abba4f1-4a4	cost=0	turns=1525	cache_hit=97.6%	in=834314	cr=737270070	cc=17323276	out=4414828
2026-07-01T09:13:09+08:00	agent=workflow-subagent	session=4abba4f1-4a4	cost=0	turns=1525	cache_hit=97.6%	in=834314	cr=737270070	cc=17323276	out=4414828
2026-07-01T09:15:53+08:00	agent=	session=4abba4f1-4a4	cost=0	turns=1533	cache_hit=97.6%	in=839145	cr=742498142	cc=17395811	out=4434178
2026-07-01T09:30:53+08:00	agent=	session=4abba4f1-4a4	cost=0	turns=1579	cache_hit=97.7%	in=842378	cr=774435561	cc=17491493	out=4514085
2026-07-01T09:37:13+08:00	agent=	session=fe9d8003-341	cost=0	turns=2451	cache_hit=97.6%	in=994181	cr=1308199656	cc=31226791	out=5989330
2026-07-01T09:51:26+08:00	agent=	session=fe9d8003-341	cost=0	turns=2466	cache_hit=97.6%	in=994874	cr=1314080651	cc=31273357	out=6047720
2026-07-01T10:02:14+08:00	agent=	session=cefc6c0e-773	cost=0	turns=10408	cache_hit=97.1%	in=6625244	cr=5262885605	cc=150867037	out=27095472
2026-07-01T10:07:50+08:00	agent=	session=fe9d8003-341	cost=0	turns=2486	cache_hit=97.6%	in=996819	cr=1322559115	cc=31366887	out=6142543
2026-07-01T10:27:29+08:00	agent=	session=cefc6c0e-773	cost=0	turns=10427	cache_hit=97.1%	in=6629896	cr=5274008624	cc=150892371	out=27121295
2026-07-01T10:30:00+08:00	agent=	session=d0806fea-6a6	cost=0	turns=1835	cache_hit=94.2%	in=847123	cr=931934736	cc=57023625	out=4523213
2026-07-01T10:31:56+08:00	agent=	session=fe9d8003-341	cost=0	turns=2563	cache_hit=97.7%	in=998927	cr=1360543677	cc=31580114	out=6358531
2026-07-01T10:39:00+08:00	agent=	session=4abba4f1-4a4	cost=0	turns=1617	cache_hit=97.5%	in=861066	cr=800174200	cc=19716246	out=4574488
2026-07-01T10:44:40+08:00	agent=general-purpose	session=70510bcb-b3b	cost=0	turns=1558	cache_hit=93.9%	in=962262	cr=777768802	cc=49704374	out=4707045
2026-07-01T10:45:17+08:00	agent=	session=70510bcb-b3b	cost=0	turns=1560	cache_hit=93.9%	in=965646	cr=778015270	cc=49713804	out=4709275
2026-07-01T10:48:59+08:00	agent=general-purpose	session=70510bcb-b3b	cost=0	turns=1560	cache_hit=93.9%	in=965646	cr=778015270	cc=49713804	out=4709275
2026-07-01T10:50:15+08:00	agent=general-purpose	session=70510bcb-b3b	cost=0	turns=1560	cache_hit=93.9%	in=965646	cr=778015270	cc=49713804	out=4709275
2026-07-01T10:51:08+08:00	agent=	session=70510bcb-b3b	cost=0	turns=1564	cache_hit=93.9%	in=971312	cr=778545294	cc=49736916	out=4722449
2026-07-01T11:41:38+08:00	agent=general-purpose	session=70510bcb-b3b	cost=0	turns=1564	cache_hit=93.9%	in=971312	cr=778545294	cc=49736916	out=4722449
2026-07-01T11:42:02+08:00	agent=	session=70510bcb-b3b	cost=0	turns=1566	cache_hit=93.9%	in=973500	cr=778833614	cc=49737572	out=4724005
2026-07-01T13:06:42+08:00	agent=	session=cefc6c0e-773	cost=0	turns=10438	cache_hit=97.1%	in=6634907	cr=5278826024	cc=152718414	out=27157878
2026-07-01T13:32:10+08:00	agent=	session=cefc6c0e-773	cost=0	turns=10452	cache_hit=97.1%	in=6638546	cr=5287408918	cc=152746511	out=27188820
2026-07-01T14:03:57+08:00	agent=	session=fe9d8003-341	cost=0	turns=2571	cache_hit=97.6%	in=1000632	cr=1363213956	cc=33205043	out=6398344
2026-07-01T14:05:59+08:00	agent=	session=fe9d8003-341	cost=0	turns=2573	cache_hit=97.6%	in=1003446	cr=1364308248	cc=33205095	out=6405950
2026-07-01T14:12:19+08:00	agent=	session=fe9d8003-341	cost=0	turns=2578	cache_hit=97.6%	in=1005061	cr=1367070258	cc=33217308	out=6429383
2026-07-01T14:23:56+08:00	agent=	session=fe9d8003-341	cost=0	turns=2589	cache_hit=97.6%	in=1007072	cr=1373330926	cc=33280486	out=6498657
2026-07-01T14:29:24+08:00	agent=	session=fe9d8003-341	cost=0	turns=2591	cache_hit=97.6%	in=1008146	cr=1374506896	cc=33280518	out=6512901
2026-07-01T14:30:52+08:00	agent=	session=fe9d8003-341	cost=0	turns=2593	cache_hit=97.6%	in=1009220	cr=1375698212	cc=33280536	out=6521893
2026-07-01T14:51:21+08:00	agent=	session=fe9d8003-341	cost=0	turns=2631	cache_hit=97.6%	in=1023649	cr=1400226369	cc=33523729	out=6716406
2026-07-01T15:14:52+08:00	agent=	session=4abba4f1-4a4	cost=0	turns=1623	cache_hit=97.2%	in=864354	cr=802426527	cc=21966621	out=4588996
2026-07-01T15:18:41+08:00	agent=	session=4abba4f1-4a4	cost=0	turns=1643	cache_hit=97.3%	in=866986	cr=817635827	cc=21989097	out=4616804
2026-07-01T15:32:33+08:00	agent=	session=4abba4f1-4a4	cost=0	turns=1681	cache_hit=97.4%	in=870662	cr=847601437	cc=22083291	out=4692959
2026-07-01T18:44:59+08:00	agent=	session=4abba4f1-4a4	cost=0	turns=1728	cache_hit=97.2%	in=879153	cr=883623908	cc=24667114	out=4771344
2026-07-01T23:37:51+08:00	agent=workflow-subagent	session=cefc6c0e-773	cost=0	turns=10463	cache_hit=97.0%	in=6642231	cr=5292447547	cc=154670227	out=27236717
2026-07-01T23:37:59+08:00	agent=Explore	session=d0806fea-6a6	cost=0	turns=1886	cache_hit=94.1%	in=865597	cr=965269923	cc=59182964	out=4650046
2026-07-01T23:38:35+08:00	agent=workflow-subagent	session=cefc6c0e-773	cost=0	turns=10463	cache_hit=97.0%	in=6642231	cr=5292447547	cc=154670227	out=27236717
2026-07-01T23:39:43+08:00	agent=Explore	session=d0806fea-6a6	cost=0	turns=1888	cache_hit=94.2%	in=869213	cr=966734963	cc=59197796	out=4653046
2026-07-01T23:41:51+08:00	agent=workflow-subagent	session=cefc6c0e-773	cost=0	turns=10463	cache_hit=97.0%	in=6642231	cr=5292447547	cc=154670227	out=27236717
2026-07-01T23:48:30+08:00	agent=evaluator	session=cefc6c0e-773	cost=0	turns=10477	cache_hit=97.0%	in=6649972	cr=5301593468	cc=154722654	out=27275890
2026-07-02T00:19:10+08:00	agent=	session=d0806fea-6a6	cost=0	turns=1979	cache_hit=94.5%	in=892906	cr=1038686060	cc=59453126	out=4829976
2026-07-02T00:42:50+08:00	agent=workflow-subagent	session=4abba4f1-4a4	cost=0	turns=1801	cache_hit=96.8%	in=900183	cr=942323740	cc=29983011	out=4933951
2026-07-02T00:43:06+08:00	agent=workflow-subagent	session=4abba4f1-4a4	cost=0	turns=1801	cache_hit=96.8%	in=900183	cr=942323740	cc=29983011	out=4933951
2026-07-02T00:44:21+08:00	agent=workflow-subagent	session=4abba4f1-4a4	cost=0	turns=1801	cache_hit=96.8%	in=900183	cr=942323740	cc=29983011	out=4933951
2026-07-02T01:15:19+08:00	agent=	session=d0806fea-6a6	cost=0	turns=2002	cache_hit=94.6%	in=894881	cr=1057912603	cc=59494829	out=4856977
2026-07-02T02:29:38+08:00	agent=workflow-subagent	session=4abba4f1-4a4	cost=0	turns=1911	cache_hit=96.9%	in=1086780	cr=1018117067	cc=31602010	out=5206676
2026-07-02T02:29:38+08:00	agent=workflow-subagent	session=4abba4f1-4a4	cost=0	turns=1911	cache_hit=96.9%	in=1086780	cr=1018117067	cc=31602010	out=5206676
2026-07-02T02:29:45+08:00	agent=workflow-subagent	session=4abba4f1-4a4	cost=0	turns=1911	cache_hit=96.9%	in=1086780	cr=1018117067	cc=31602010	out=5206676
2026-07-02T02:30:17+08:00	agent=workflow-subagent	session=4abba4f1-4a4	cost=0	turns=1911	cache_hit=96.9%	in=1086780	cr=1018117067	cc=31602010	out=5206676
2026-07-02T02:30:35+08:00	agent=workflow-subagent	session=4abba4f1-4a4	cost=0	turns=1911	cache_hit=96.9%	in=1086780	cr=1018117067	cc=31602010	out=5206676
2026-07-02T02:30:37+08:00	agent=workflow-subagent	session=4abba4f1-4a4	cost=0	turns=1911	cache_hit=96.9%	in=1086780	cr=1018117067	cc=31602010	out=5206676
2026-07-02T02:31:20+08:00	agent=workflow-subagent	session=4abba4f1-4a4	cost=0	turns=1911	cache_hit=96.9%	in=1086780	cr=1018117067	cc=31602010	out=5206676
2026-07-02T02:31:25+08:00	agent=workflow-subagent	session=4abba4f1-4a4	cost=0	turns=1911	cache_hit=96.9%	in=1086780	cr=1018117067	cc=31602010	out=5206676
2026-07-02T02:31:31+08:00	agent=workflow-subagent	session=4abba4f1-4a4	cost=0	turns=1911	cache_hit=96.9%	in=1086780	cr=1018117067	cc=31602010	out=5206676
2026-07-02T02:31:40+08:00	agent=workflow-subagent	session=4abba4f1-4a4	cost=0	turns=1911	cache_hit=96.9%	in=1086780	cr=1018117067	cc=31602010	out=5206676
2026-07-02T02:31:43+08:00	agent=workflow-subagent	session=4abba4f1-4a4	cost=0	turns=1911	cache_hit=96.9%	in=1086780	cr=1018117067	cc=31602010	out=5206676
2026-07-02T02:31:51+08:00	agent=workflow-subagent	session=4abba4f1-4a4	cost=0	turns=1911	cache_hit=96.9%	in=1086780	cr=1018117067	cc=31602010	out=5206676
2026-07-02T02:31:58+08:00	agent=workflow-subagent	session=4abba4f1-4a4	cost=0	turns=1911	cache_hit=96.9%	in=1086780	cr=1018117067	cc=31602010	out=5206676
2026-07-02T02:32:22+08:00	agent=workflow-subagent	session=4abba4f1-4a4	cost=0	turns=1911	cache_hit=96.9%	in=1086780	cr=1018117067	cc=31602010	out=5206676
2026-07-02T02:32:25+08:00	agent=workflow-subagent	session=4abba4f1-4a4	cost=0	turns=1911	cache_hit=96.9%	in=1086780	cr=1018117067	cc=31602010	out=5206676
2026-07-02T02:32:31+08:00	agent=workflow-subagent	session=4abba4f1-4a4	cost=0	turns=1911	cache_hit=96.9%	in=1086780	cr=1018117067	cc=31602010	out=5206676
2026-07-02T02:32:32+08:00	agent=workflow-subagent	session=4abba4f1-4a4	cost=0	turns=1911	cache_hit=96.9%	in=1086780	cr=1018117067	cc=31602010	out=5206676
2026-07-02T02:32:42+08:00	agent=workflow-subagent	session=4abba4f1-4a4	cost=0	turns=1913	cache_hit=96.9%	in=1088968	cr=1018798907	cc=31603394	out=5210140
2026-07-02T02:33:35+08:00	agent=workflow-subagent	session=4abba4f1-4a4	cost=0	turns=1913	cache_hit=96.9%	in=1088968	cr=1018798907	cc=31603394	out=5210140
2026-07-02T02:33:50+08:00	agent=workflow-subagent	session=4abba4f1-4a4	cost=0	turns=1913	cache_hit=96.9%	in=1088968	cr=1018798907	cc=31603394	out=5210140
2026-07-02T02:33:52+08:00	agent=workflow-subagent	session=4abba4f1-4a4	cost=0	turns=1913	cache_hit=96.9%	in=1088968	cr=1018798907	cc=31603394	out=5210140
2026-07-02T02:34:06+08:00	agent=workflow-subagent	session=4abba4f1-4a4	cost=0	turns=1913	cache_hit=96.9%	in=1088968	cr=1018798907	cc=31603394	out=5210140
2026-07-02T02:34:23+08:00	agent=workflow-subagent	session=4abba4f1-4a4	cost=0	turns=1913	cache_hit=96.9%	in=1088968	cr=1018798907	cc=31603394	out=5210140
2026-07-02T02:34:24+08:00	agent=workflow-subagent	session=4abba4f1-4a4	cost=0	turns=1913	cache_hit=96.9%	in=1088968	cr=1018798907	cc=31603394	out=5210140
2026-07-02T02:35:02+08:00	agent=workflow-subagent	session=4abba4f1-4a4	cost=0	turns=1913	cache_hit=96.9%	in=1088968	cr=1018798907	cc=31603394	out=5210140
2026-07-02T02:35:26+08:00	agent=workflow-subagent	session=4abba4f1-4a4	cost=0	turns=1913	cache_hit=96.9%	in=1088968	cr=1018798907	cc=31603394	out=5210140
2026-07-02T02:35:26+08:00	agent=workflow-subagent	session=4abba4f1-4a4	cost=0	turns=1913	cache_hit=96.9%	in=1088968	cr=1018798907	cc=31603394	out=5210140
2026-07-02T02:36:18+08:00	agent=workflow-subagent	session=4abba4f1-4a4	cost=0	turns=1913	cache_hit=96.9%	in=1088968	cr=1018798907	cc=31603394	out=5210140
2026-07-02T02:37:49+08:00	agent=workflow-subagent	session=4abba4f1-4a4	cost=0	turns=1913	cache_hit=96.9%	in=1088968	cr=1018798907	cc=31603394	out=5210140
2026-07-02T02:38:06+08:00	agent=workflow-subagent	session=4abba4f1-4a4	cost=0	turns=1913	cache_hit=96.9%	in=1088968	cr=1018798907	cc=31603394	out=5210140
2026-07-02T02:39:18+08:00	agent=workflow-subagent	session=4abba4f1-4a4	cost=0	turns=1913	cache_hit=96.9%	in=1088968	cr=1018798907	cc=31603394	out=5210140
2026-07-02T02:40:04+08:00	agent=workflow-subagent	session=fe9d8003-341	cost=0	turns=2671	cache_hit=97.5%	in=1054631	cr=1427423942	cc=35863489	out=6863429
2026-07-02T02:40:25+08:00	agent=workflow-subagent	session=fe9d8003-341	cost=0	turns=2671	cache_hit=97.5%	in=1054631	cr=1427423942	cc=35863489	out=6863429
2026-07-02T02:40:48+08:00	agent=workflow-subagent	session=fe9d8003-341	cost=0	turns=2671	cache_hit=97.5%	in=1054631	cr=1427423942	cc=35863489	out=6863429
2026-07-02T02:41:27+08:00	agent=workflow-subagent	session=fe9d8003-341	cost=0	turns=2671	cache_hit=97.5%	in=1054631	cr=1427423942	cc=35863489	out=6863429
2026-07-02T02:42:04+08:00	agent=workflow-subagent	session=fe9d8003-341	cost=0	turns=2671	cache_hit=97.5%	in=1054631	cr=1427423942	cc=35863489	out=6863429
2026-07-02T02:42:31+08:00	agent=workflow-subagent	session=4abba4f1-4a4	cost=0	turns=1913	cache_hit=96.9%	in=1088968	cr=1018798907	cc=31603394	out=5210140
2026-07-02T02:42:48+08:00	agent=workflow-subagent	session=fe9d8003-341	cost=0	turns=2671	cache_hit=97.5%	in=1054631	cr=1427423942	cc=35863489	out=6863429
2026-07-02T02:43:20+08:00	agent=workflow-subagent	session=fe9d8003-341	cost=0	turns=2671	cache_hit=97.5%	in=1054631	cr=1427423942	cc=35863489	out=6863429
2026-07-02T02:44:43+08:00	agent=workflow-subagent	session=fe9d8003-341	cost=0	turns=2671	cache_hit=97.5%	in=1054631	cr=1427423942	cc=35863489	out=6863429
2026-07-02T02:44:58+08:00	agent=workflow-subagent	session=4abba4f1-4a4	cost=0	turns=1913	cache_hit=96.9%	in=1088968	cr=1018798907	cc=31603394	out=5210140
2026-07-02T02:46:57+08:00	agent=workflow-subagent	session=fe9d8003-341	cost=0	turns=2671	cache_hit=97.5%	in=1054631	cr=1427423942	cc=35863489	out=6863429
2026-07-02T03:02:17+08:00	agent=workflow-subagent	session=4abba4f1-4a4	cost=0	turns=1970	cache_hit=96.9%	in=1094554	cr=1040314523	cc=31751569	out=5310839
2026-07-02T03:02:26+08:00	agent=workflow-subagent	session=4abba4f1-4a4	cost=0	turns=1970	cache_hit=96.9%	in=1094554	cr=1040314523	cc=31751569	out=5310839
2026-07-02T03:03:07+08:00	agent=workflow-subagent	session=4abba4f1-4a4	cost=0	turns=1970	cache_hit=96.9%	in=1094554	cr=1040314523	cc=31751569	out=5310839
2026-07-02T03:04:07+08:00	agent=workflow-subagent	session=4abba4f1-4a4	cost=0	turns=1970	cache_hit=96.9%	in=1094554	cr=1040314523	cc=31751569	out=5310839
2026-07-02T03:04:16+08:00	agent=workflow-subagent	session=4abba4f1-4a4	cost=0	turns=1970	cache_hit=96.9%	in=1094554	cr=1040314523	cc=31751569	out=5310839
2026-07-02T03:04:17+08:00	agent=workflow-subagent	session=4abba4f1-4a4	cost=0	turns=1970	cache_hit=96.9%	in=1094554	cr=1040314523	cc=31751569	out=5310839
2026-07-02T03:04:31+08:00	agent=workflow-subagent	session=4abba4f1-4a4	cost=0	turns=1970	cache_hit=96.9%	in=1094554	cr=1040314523	cc=31751569	out=5310839
2026-07-02T03:05:01+08:00	agent=workflow-subagent	session=4abba4f1-4a4	cost=0	turns=1970	cache_hit=96.9%	in=1094554	cr=1040314523	cc=31751569	out=5310839
2026-07-02T03:05:11+08:00	agent=workflow-subagent	session=4abba4f1-4a4	cost=0	turns=1970	cache_hit=96.9%	in=1094554	cr=1040314523	cc=31751569	out=5310839
2026-07-02T03:05:36+08:00	agent=workflow-subagent	session=4abba4f1-4a4	cost=0	turns=1970	cache_hit=96.9%	in=1094554	cr=1040314523	cc=31751569	out=5310839
2026-07-02T03:05:53+08:00	agent=workflow-subagent	session=4abba4f1-4a4	cost=0	turns=1970	cache_hit=96.9%	in=1094554	cr=1040314523	cc=31751569	out=5310839
2026-07-02T03:06:43+08:00	agent=workflow-subagent	session=4abba4f1-4a4	cost=0	turns=1970	cache_hit=96.9%	in=1094554	cr=1040314523	cc=31751569	out=5310839
2026-07-02T09:26:48+08:00	agent=	session=4abba4f1-4a4	cost=0	turns=1975	cache_hit=96.8%	in=1096802	cr=1041121093	cc=32964448	out=5314909
2026-07-02T09:29:06+08:00	agent=workflow-subagent	session=4abba4f1-4a4	cost=0	turns=1975	cache_hit=96.8%	in=1096802	cr=1041121093	cc=32964448	out=5314909
2026-07-02T09:30:39+08:00	agent=workflow-subagent	session=4abba4f1-4a4	cost=0	turns=1975	cache_hit=96.8%	in=1096802	cr=1041121093	cc=32964448	out=5314909
2026-07-02T09:30:52+08:00	agent=workflow-subagent	session=4abba4f1-4a4	cost=0	turns=1975	cache_hit=96.8%	in=1096802	cr=1041121093	cc=32964448	out=5314909
2026-07-02T09:32:31+08:00	agent=	session=d0806fea-6a6	cost=0	turns=2049	cache_hit=94.5%	in=1055474	cr=1062132127	cc=60858339	out=4996280
2026-07-02T09:32:52+08:00	agent=workflow-subagent	session=4abba4f1-4a4	cost=0	turns=1975	cache_hit=96.8%	in=1096802	cr=1041121093	cc=32964448	out=5314909
2026-07-02T09:34:55+08:00	agent=workflow-subagent	session=4abba4f1-4a4	cost=0	turns=1975	cache_hit=96.8%	in=1096802	cr=1041121093	cc=32964448	out=5314909
2026-07-02T09:41:38+08:00	agent=	session=4abba4f1-4a4	cost=0	turns=2018	cache_hit=96.9%	in=1102492	cr=1059364529	cc=33048365	out=5367772
2026-07-02T09:46:31+08:00	agent=general-purpose	session=4abba4f1-4a4	cost=0	turns=2018	cache_hit=96.9%	in=1102492	cr=1059364529	cc=33048365	out=5367772
2026-07-02T09:49:57+08:00	agent=	session=4abba4f1-4a4	cost=0	turns=2041	cache_hit=96.9%	in=1106819	cr=1069644986	cc=33087561	out=5393076
2026-07-02T09:50:08+08:00	agent=general-purpose	session=4abba4f1-4a4	cost=0	turns=2041	cache_hit=96.9%	in=1106819	cr=1069644986	cc=33087561	out=5393076
2026-07-02T09:52:33+08:00	agent=	session=4abba4f1-4a4	cost=0	turns=2056	cache_hit=96.9%	in=1110254	cr=1076544846	cc=33115654	out=5409709
2026-07-02T11:27:22+08:00	agent=	session=d0806fea-6a6	cost=0	turns=2075	cache_hit=94.5%	in=1057241	cr=1066199249	cc=61227530	out=5043555
2026-07-02T11:36:21+08:00	agent=	session=4abba4f1-4a4	cost=0	turns=2063	cache_hit=96.8%	in=1114864	cr=1078430832	cc=34541312	out=5421881
2026-07-02T11:45:39+08:00	agent=	session=d0806fea-6a6	cost=0	turns=2151	cache_hit=94.5%	in=1061698	cr=1083463964	cc=61449079	out=5251324
2026-07-02T11:57:56+08:00	agent=	session=1a2b6e2b-0e9	cost=0	turns=17	cache_hit=72.3%	in=96946	cr=1200987	cc=362929	out=38307
2026-07-02T11:58:29+08:00	agent=workflow-subagent	session=1a2b6e2b-0e9	cost=0	turns=17	cache_hit=72.3%	in=96946	cr=1200987	cc=362929	out=38307
2026-07-02T11:58:59+08:00	agent=workflow-subagent	session=1a2b6e2b-0e9	cost=0	turns=17	cache_hit=72.3%	in=96946	cr=1200987	cc=362929	out=38307
2026-07-02T11:59:11+08:00	agent=workflow-subagent	session=1a2b6e2b-0e9	cost=0	turns=17	cache_hit=72.3%	in=96946	cr=1200987	cc=362929	out=38307
2026-07-02T12:00:12+08:00	agent=workflow-subagent	session=1a2b6e2b-0e9	cost=0	turns=17	cache_hit=72.3%	in=96946	cr=1200987	cc=362929	out=38307
2026-07-02T12:02:29+08:00	agent=workflow-subagent	session=1a2b6e2b-0e9	cost=0	turns=17	cache_hit=72.3%	in=96946	cr=1200987	cc=362929	out=38307
2026-07-02T12:06:17+08:00	agent=workflow-subagent	session=1a2b6e2b-0e9	cost=0	turns=17	cache_hit=72.3%	in=96946	cr=1200987	cc=362929	out=38307
2026-07-02T12:10:20+08:00	agent=	session=d0806fea-6a6	cost=0	turns=2171	cache_hit=94.6%	in=1064102	cr=1088972243	cc=61474707	out=5274781
2026-07-02T12:12:32+08:00	agent=	session=d0806fea-6a6	cost=0	turns=2184	cache_hit=94.6%	in=1068877	cr=1092727396	cc=61504503	out=5295602
2026-07-02T12:16:54+08:00	agent=workflow-subagent	session=1a2b6e2b-0e9	cost=0	turns=34	cache_hit=85.8%	in=102869	cr=3404277	cc=459644	out=112756
2026-07-02T12:18:43+08:00	agent=workflow-subagent	session=1a2b6e2b-0e9	cost=0	turns=34	cache_hit=85.8%	in=102869	cr=3404277	cc=459644	out=112756
2026-07-02T12:19:10+08:00	agent=workflow-subagent	session=1a2b6e2b-0e9	cost=0	turns=34	cache_hit=85.8%	in=102869	cr=3404277	cc=459644	out=112756
2026-07-02T12:21:07+08:00	agent=workflow-subagent	session=1a2b6e2b-0e9	cost=0	turns=34	cache_hit=85.8%	in=102869	cr=3404277	cc=459644	out=112756
2026-07-02T12:23:52+08:00	agent=workflow-subagent	session=1a2b6e2b-0e9	cost=0	turns=34	cache_hit=85.8%	in=102869	cr=3404277	cc=459644	out=112756
2026-07-02T12:26:10+08:00	agent=workflow-subagent	session=1a2b6e2b-0e9	cost=0	turns=34	cache_hit=85.8%	in=102869	cr=3404277	cc=459644	out=112756
2026-07-02T12:39:56+08:00	agent=	session=e33ba939-69f	cost=0	turns=1256	cache_hit=96.9%	in=869785	cr=602569288	cc=18277367	out=4388826
2026-07-02T13:05:26+08:00	agent=	session=1a2b6e2b-0e9	cost=0	turns=164	cache_hit=97.2%	in=139621	cr=34973132	cc=881761	out=441506
2026-07-02T13:15:46+08:00	agent=	session=1a2b6e2b-0e9	cost=0	turns=182	cache_hit=95.3%	in=141649	cr=39846578	cc=1804938	out=505640
2026-07-02T16:16:33+08:00	agent=	session=1a2b6e2b-0e9	cost=0	turns=227	cache_hit=94.7%	in=144376	cr=55021487	cc=2931875	out=583736
2026-07-02T16:55:04+08:00	agent=	session=d0806fea-6a6	cost=0	turns=2214	cache_hit=94.5%	in=1074043	cr=1101058039	cc=62455599	out=5351585
2026-07-02T16:55:28+08:00	agent=	session=d0806fea-6a6	cost=0	turns=2216	cache_hit=94.5%	in=1075117	cr=1101699585	cc=62455901	out=5352951
2026-07-02T16:57:38+08:00	agent=	session=d0806fea-6a6	cost=0	turns=2227	cache_hit=94.6%	in=1076744	cr=1105258857	cc=62475130	out=5371880
2026-07-02T17:21:49+08:00	agent=	session=d0806fea-6a6	cost=0	turns=2244	cache_hit=94.6%	in=1080186	cr=1110962573	cc=62512083	out=5404506
2026-07-02T19:19:44+08:00	agent=	session=d0806fea-6a6	cost=0	turns=2254	cache_hit=94.5%	in=1084807	cr=1113391603	cc=63565154	out=5425843
2026-07-02T23:21:31+08:00	agent=	session=d0806fea-6a6	cost=0	turns=2269	cache_hit=94.4%	in=1089361	cr=1117695153	cc=64666858	out=5448969
2026-07-02T23:25:47+08:00	agent=	session=d0806fea-6a6	cost=0	turns=2279	cache_hit=94.5%	in=1090507	cr=1121385691	cc=64694886	out=5477807
2026-07-02T23:26:04+08:00	agent=	session=1a2b6e2b-0e9	cost=0	turns=262	cache_hit=93.9%	in=146825	cr=67495966	cc=4235864	out=678410
2026-07-02T23:40:02+08:00	agent=	session=1a2b6e2b-0e9	cost=0	turns=303	cache_hit=93.8%	in=151426	cr=83592756	cc=5391199	out=784278
2026-07-02T23:40:54+08:00	agent=workflow-subagent	session=1a2b6e2b-0e9	cost=0	turns=303	cache_hit=93.8%	in=151426	cr=83592756	cc=5391199	out=784278
2026-07-02T23:41:06+08:00	agent=workflow-subagent	session=1a2b6e2b-0e9	cost=0	turns=303	cache_hit=93.8%	in=151426	cr=83592756	cc=5391199	out=784278
2026-07-02T23:41:11+08:00	agent=workflow-subagent	session=1a2b6e2b-0e9	cost=0	turns=303	cache_hit=93.8%	in=151426	cr=83592756	cc=5391199	out=784278
2026-07-02T23:41:17+08:00	agent=workflow-subagent	session=1a2b6e2b-0e9	cost=0	turns=303	cache_hit=93.8%	in=151426	cr=83592756	cc=5391199	out=784278
2026-07-02T23:42:08+08:00	agent=workflow-subagent	session=1a2b6e2b-0e9	cost=0	turns=303	cache_hit=93.8%	in=151426	cr=83592756	cc=5391199	out=784278
2026-07-02T23:43:51+08:00	agent=workflow-subagent	session=1a2b6e2b-0e9	cost=0	turns=303	cache_hit=93.8%	in=151426	cr=83592756	cc=5391199	out=784278
2026-07-03T01:27:12+08:00	agent=	session=d0806fea-6a6	cost=0	turns=2291	cache_hit=94.4%	in=1095655	cr=1124851229	cc=65866454	out=5507082
2026-07-03T02:20:34+08:00	agent=	session=d0806fea-6a6	cost=0	turns=2320	cache_hit=94.4%	in=1104953	cr=1136572587	cc=65936354	out=5564472
2026-07-03T02:36:04+08:00	agent=	session=d0806fea-6a6	cost=0	turns=2334	cache_hit=94.5%	in=1107345	cr=1142460582	cc=65953931	out=5579353
2026-07-03T04:50:39+08:00	agent=	session=1a2b6e2b-0e9	cost=0	turns=345	cache_hit=92.3%	in=157823	cr=101601221	cc=8377756	out=900161
2026-07-03T04:52:14+08:00	agent=workflow-subagent	session=70510bcb-b3b	cost=0	turns=1571	cache_hit=93.8%	in=977263	cr=779126586	cc=50202946	out=4757945
2026-07-03T04:52:21+08:00	agent=workflow-subagent	session=70510bcb-b3b	cost=0	turns=1571	cache_hit=93.8%	in=977263	cr=779126586	cc=50202946	out=4757945
2026-07-03T04:53:23+08:00	agent=workflow-subagent	session=70510bcb-b3b	cost=0	turns=1571	cache_hit=93.8%	in=977263	cr=779126586	cc=50202946	out=4757945
2026-07-03T04:54:50+08:00	agent=workflow-subagent	session=70510bcb-b3b	cost=0	turns=1571	cache_hit=93.8%	in=977263	cr=779126586	cc=50202946	out=4757945
2026-07-03T04:55:12+08:00	agent=	session=fe9d8003-341	cost=0	turns=2682	cache_hit=97.4%	in=1061343	cr=1434409937	cc=37489321	out=6892569
2026-07-03T05:01:37+08:00	agent=workflow-subagent	session=fe9d8003-341	cost=0	turns=2687	cache_hit=97.4%	in=1186021	cr=1434534515	cc=37782678	out=6927665
2026-07-03T05:03:13+08:00	agent=researcher	session=fe9d8003-341	cost=0	turns=2687	cache_hit=97.4%	in=1186021	cr=1434534515	cc=37782678	out=6927665
2026-07-03T05:03:15+08:00	agent=workflow-subagent	session=e33ba939-69f	cost=0	turns=1261	cache_hit=96.8%	in=873278	cr=603238112	cc=19302393	out=4416751
2026-07-03T05:04:04+08:00	agent=workflow-subagent	session=fe9d8003-341	cost=0	turns=2687	cache_hit=97.4%	in=1186021	cr=1434534515	cc=37782678	out=6927665
2026-07-03T05:05:44+08:00	agent=workflow-subagent	session=e33ba939-69f	cost=0	turns=1261	cache_hit=96.8%	in=873278	cr=603238112	cc=19302393	out=4416751
2026-07-03T05:06:45+08:00	agent=workflow-subagent	session=e33ba939-69f	cost=0	turns=1261	cache_hit=96.8%	in=873278	cr=603238112	cc=19302393	out=4416751
2026-07-03T05:06:56+08:00	agent=workflow-subagent	session=e33ba939-69f	cost=0	turns=1261	cache_hit=96.8%	in=873278	cr=603238112	cc=19302393	out=4416751
2026-07-03T05:07:01+08:00	agent=workflow-subagent	session=fe9d8003-341	cost=0	turns=2687	cache_hit=97.4%	in=1186021	cr=1434534515	cc=37782678	out=6927665
2026-07-03T05:09:49+08:00	agent=workflow-subagent	session=fe9d8003-341	cost=0	turns=2687	cache_hit=97.4%	in=1186021	cr=1434534515	cc=37782678	out=6927665
2026-07-03T05:11:02+08:00	agent=workflow-subagent	session=e33ba939-69f	cost=0	turns=1261	cache_hit=96.8%	in=873278	cr=603238112	cc=19302393	out=4416751
2026-07-03T05:19:45+08:00	agent=workflow-subagent	session=fe9d8003-341	cost=0	turns=2687	cache_hit=97.4%	in=1186021	cr=1434534515	cc=37782678	out=6927665
2026-07-03T05:23:18+08:00	agent=	session=fe9d8003-341	cost=0	turns=2699	cache_hit=97.4%	in=1190037	cr=1436189316	cc=37883359	out=6957682
2026-07-03T15:41:33+08:00	agent=	session=d0806fea-6a6	cost=0	turns=2339	cache_hit=94.4%	in=1109332	cr=1143312416	cc=67236168	out=5586341
2026-07-03T15:54:58+08:00	agent=	session=1a2b6e2b-0e9	cost=0	turns=468	cache_hit=94.2%	in=180065	cr=173790406	cc=10500348	out=1238953
2026-07-03T16:07:13+08:00	agent=	session=70510bcb-b3b	cost=0	turns=1606	cache_hit=93.8%	in=988740	cr=785658392	cc=50760639	out=4862410
2026-07-03T16:12:11+08:00	agent=	session=1a2b6e2b-0e9	cost=0	turns=486	cache_hit=93.5%	in=183520	cr=184104181	cc=12612008	out=1296370
2026-07-03T16:48:44+08:00	agent=	session=70510bcb-b3b	cost=0	turns=1615	cache_hit=93.8%	in=990492	cr=787743181	cc=50788068	out=4889994
2026-07-03T16:52:11+08:00	agent=	session=1a2b6e2b-0e9	cost=0	turns=515	cache_hit=94.1%	in=186416	cr=205046395	cc=12689321	out=1366980
2026-07-03T16:52:27+08:00	agent=	session=fe9d8003-341	cost=0	turns=2717	cache_hit=97.3%	in=1222044	cr=1439012960	cc=38358981	out=7056234
2026-07-03T17:09:47+08:00	agent=	session=d0806fea-6a6	cost=0	turns=2362	cache_hit=94.3%	in=1112252	cr=1152052954	cc=68580968	out=5635195
2026-07-03T17:09:58+08:00	agent=	session=1a2b6e2b-0e9	cost=0	turns=517	cache_hit=94.1%	in=187490	cr=206524767	cc=12689369	out=1384642
2026-07-03T17:21:54+08:00	agent=	session=fe9d8003-341	cost=0	turns=2748	cache_hit=97.3%	in=1231086	cr=1446046352	cc=38488318	out=7141431
2026-07-03T17:30:02+08:00	agent=	session=fe9d8003-341	cost=0	turns=2774	cache_hit=97.3%	in=1234315	cr=1452883440	cc=38551403	out=7202917
2026-07-03T22:24:43+08:00	agent=Explore	session=e33ba939-69f	cost=0	turns=1276	cache_hit=96.6%	in=888260	cr=607535032	cc=20514017	out=4468586
2026-07-03T22:25:58+08:00	agent=Explore	session=e33ba939-69f	cost=0	turns=1280	cache_hit=96.6%	in=891334	cr=609070790	cc=20541387	out=4480628
2026-07-03T22:27:18+08:00	agent=Explore	session=e33ba939-69f	cost=0	turns=1282	cache_hit=96.6%	in=894016	cr=609861588	cc=20559025	out=4482818
2026-07-03T23:27:29+08:00	agent=	session=e33ba939-69f	cost=0	turns=1341	cache_hit=96.7%	in=899279	cr=637112811	cc=20838998	out=4750717
2026-07-03T23:35:08+08:00	agent=	session=e33ba939-69f	cost=0	turns=1351	cache_hit=96.7%	in=902808	cr=642428446	cc=20868732	out=4792050
2026-07-03T23:49:31+08:00	agent=	session=e33ba939-69f	cost=0	turns=1357	cache_hit=96.7%	in=908703	cr=645734972	cc=20891517	out=4842896
2026-07-04T00:04:09+08:00	agent=	session=e33ba939-69f	cost=0	turns=1379	cache_hit=96.8%	in=913786	cr=658669952	cc=20978475	out=4952385
2026-07-04T00:16:26+08:00	agent=	session=e33ba939-69f	cost=0	turns=1417	cache_hit=96.9%	in=916241	cr=682837212	cc=21063208	out=5029605
2026-07-04T00:29:01+08:00	agent=	session=e33ba939-69f	cost=0	turns=1463	cache_hit=97.0%	in=919663	cr=713678101	cc=21154343	out=5111761
2026-07-04T00:47:28+08:00	agent=	session=e33ba939-69f	cost=0	turns=1516	cache_hit=97.1%	in=922919	cr=751835771	cc=21309017	out=5248532
2026-07-04T01:04:28+08:00	agent=	session=fe9d8003-341	cost=0	turns=2796	cache_hit=97.3%	in=1236735	cr=1458365119	cc=39423119	out=7250656
2026-07-04T01:25:49+08:00	agent=	session=e33ba939-69f	cost=0	turns=1522	cache_hit=97.1%	in=925832	cr=756299130	cc=21321361	out=5276155
2026-07-04T01:28:47+08:00	agent=	session=4abba4f1-4a4	cost=0	turns=2125	cache_hit=96.7%	in=1120553	cr=1109201997	cc=36169869	out=5545707
2026-07-04T02:56:11+08:00	agent=	session=e33ba939-69f	cost=0	turns=1556	cache_hit=96.9%	in=928279	cr=780234133	cc=23657211	out=5338674
2026-07-04T03:02:22+08:00	agent=	session=1a2b6e2b-0e9	cost=0	turns=531	cache_hit=93.4%	in=191541	cr=214821275	cc=14975504	out=1424166
2026-07-04T03:19:04+08:00	agent=	session=1a2b6e2b-0e9	cost=0	turns=541	cache_hit=93.6%	in=196978	cr=222574863	cc=15057196	out=1497789
2026-07-04T03:27:12+08:00	agent=	session=1a2b6e2b-0e9	cost=0	turns=572	cache_hit=94.2%	in=198903	cr=247611301	cc=15089524	out=1535086
2026-07-04T03:30:47+08:00	agent=	session=d0806fea-6a6	cost=0	turns=2373	cache_hit=94.2%	in=1114503	cr=1155681597	cc=69965881	out=5674501
2026-07-04T03:38:30+08:00	agent=	session=1a2b6e2b-0e9	cost=0	turns=583	cache_hit=94.4%	in=204514	cr=256721515	cc=15157185	out=1581578
2026-07-04T03:39:31+08:00	agent=	session=1a2b6e2b-0e9	cost=0	turns=583	cache_hit=94.4%	in=204514	cr=256721515	cc=15157185	out=1581578
2026-07-04T03:57:36+08:00	agent=	session=1a2b6e2b-0e9	cost=0	turns=597	cache_hit=94.6%	in=209015	cr=268705078	cc=15241387	out=1647102
2026-07-04T04:01:25+08:00	agent=	session=1a2b6e2b-0e9	cost=0	turns=602	cache_hit=94.6%	in=211005	cr=273064135	cc=15250207	out=1663428
2026-07-04T06:55:30+08:00	agent=	session=d0806fea-6a6	cost=0	turns=2378	cache_hit=94.1%	in=1116874	cr=1156616559	cc=71372026	out=5678811
2026-07-04T17:59:12+08:00	agent=	session=1a2b6e2b-0e9	cost=0	turns=635	cache_hit=94.2%	in=228291	cr=299398914	cc=18236452	out=1847872
2026-07-04T18:02:45+08:00	agent=	session=d0806fea-6a6	cost=0	turns=2418	cache_hit=94.1%	in=1172853	cr=1175092366	cc=72903877	out=5746799
2026-07-04T18:42:37+08:00	agent=	session=d0806fea-6a6	cost=0	turns=2445	cache_hit=94.1%	in=1177308	cr=1189223550	cc=72945379	out=5781757
2026-07-04T18:44:46+08:00	agent=	session=1a2b6e2b-0e9	cost=0	turns=832	cache_hit=94.9%	in=326983	cr=362700603	cc=19114873	out=2288086
2026-07-04T18:59:20+08:00	agent=workflow-subagent	session=1a2b6e2b-0e9	cost=0	turns=837	cache_hit=94.7%	in=330200	cr=363386987	cc=19990671	out=2321219
2026-07-04T18:59:28+08:00	agent=workflow-subagent	session=1a2b6e2b-0e9	cost=0	turns=837	cache_hit=94.7%	in=330200	cr=363386987	cc=19990671	out=2321219
2026-07-04T18:59:40+08:00	agent=workflow-subagent	session=1a2b6e2b-0e9	cost=0	turns=837	cache_hit=94.7%	in=330200	cr=363386987	cc=19990671	out=2321219
2026-07-04T19:01:52+08:00	agent=workflow-subagent	session=1a2b6e2b-0e9	cost=0	turns=837	cache_hit=94.7%	in=330200	cr=363386987	cc=19990671	out=2321219
2026-07-04T19:02:55+08:00	agent=workflow-subagent	session=1a2b6e2b-0e9	cost=0	turns=837	cache_hit=94.7%	in=330200	cr=363386987	cc=19990671	out=2321219
2026-07-04T19:06:57+08:00	agent=workflow-subagent	session=1a2b6e2b-0e9	cost=0	turns=837	cache_hit=94.7%	in=330200	cr=363386987	cc=19990671	out=2321219
2026-07-04T19:14:31+08:00	agent=	session=1a2b6e2b-0e9	cost=0	turns=869	cache_hit=94.8%	in=335871	cr=374606769	cc=20128521	out=2387015
2026-07-04T19:34:13+08:00	agent=workflow-subagent	session=1a2b6e2b-0e9	cost=0	turns=872	cache_hit=94.8%	in=337482	cr=375704991	cc=20129115	out=2420048
2026-07-04T19:34:50+08:00	agent=workflow-subagent	session=1a2b6e2b-0e9	cost=0	turns=874	cache_hit=94.8%	in=337632	cr=376437535	cc=20153701	out=2433776
2026-07-04T19:35:47+08:00	agent=workflow-subagent	session=1a2b6e2b-0e9	cost=0	turns=874	cache_hit=94.8%	in=337632	cr=376437535	cc=20153701	out=2433776
2026-07-04T19:38:15+08:00	agent=workflow-subagent	session=1a2b6e2b-0e9	cost=0	turns=874	cache_hit=94.8%	in=337632	cr=376437535	cc=20153701	out=2433776
2026-07-04T19:41:59+08:00	agent=workflow-subagent	session=1a2b6e2b-0e9	cost=0	turns=874	cache_hit=94.8%	in=337632	cr=376437535	cc=20153701	out=2433776
2026-07-04T19:51:12+08:00	agent=	session=1a2b6e2b-0e9	cost=0	turns=886	cache_hit=94.9%	in=343836	cr=381284863	cc=20271650	out=2484685
2026-07-04T19:59:36+08:00	agent=	session=1a2b6e2b-0e9	cost=0	turns=915	cache_hit=95.0%	in=347224	cr=394173782	cc=20353962	out=2543505
2026-07-04T20:10:24+08:00	agent=	session=1a2b6e2b-0e9	cost=0	turns=926	cache_hit=95.1%	in=349598	cr=399271245	cc=20367238	out=2564419
2026-07-04T20:18:10+08:00	agent=	session=1a2b6e2b-0e9	cost=0	turns=955	cache_hit=95.2%	in=351363	cr=413363659	cc=20467939	out=2631309
2026-07-04T20:20:08+08:00	agent=workflow-subagent	session=1a2b6e2b-0e9	cost=0	turns=955	cache_hit=95.2%	in=351363	cr=413363659	cc=20467939	out=2631309
2026-07-04T20:21:44+08:00	agent=workflow-subagent	session=1a2b6e2b-0e9	cost=0	turns=955	cache_hit=95.2%	in=351363	cr=413363659	cc=20467939	out=2631309
2026-07-04T20:24:22+08:00	agent=workflow-subagent	session=1a2b6e2b-0e9	cost=0	turns=955	cache_hit=95.2%	in=351363	cr=413363659	cc=20467939	out=2631309
2026-07-04T20:40:20+08:00	agent=	session=1a2b6e2b-0e9	cost=0	turns=1043	cache_hit=95.6%	in=358580	cr=462490820	cc=20687132	out=2769038
2026-07-04T23:51:45+08:00	agent=	session=d0806fea-6a6	cost=0	turns=2453	cache_hit=94.0%	in=1187386	cr=1191901146	cc=74567744	out=5800375
2026-07-05T05:36:11+08:00	agent=	session=d0806fea-6a6	cost=0	turns=2470	cache_hit=93.9%	in=1191083	cr=1199595375	cc=76241371	out=5838315
2026-07-05T06:00:12+08:00	agent=	session=d0806fea-6a6	cost=0	turns=2481	cache_hit=94.0%	in=1192710	cr=1205772414	cc=76260028	out=5856902
2026-07-05T06:00:48+08:00	agent=workflow-subagent	session=70510bcb-b3b	cost=0	turns=1620	cache_hit=93.7%	in=1049807	cr=788231127	cc=51586373	out=4936987
2026-07-05T06:01:17+08:00	agent=workflow-subagent	session=70510bcb-b3b	cost=0	turns=1620	cache_hit=93.7%	in=1049807	cr=788231127	cc=51586373	out=4936987
2026-07-05T06:02:29+08:00	agent=workflow-subagent	session=70510bcb-b3b	cost=0	turns=1620	cache_hit=93.7%	in=1049807	cr=788231127	cc=51586373	out=4936987
2026-07-05T06:03:58+08:00	agent=workflow-subagent	session=70510bcb-b3b	cost=0	turns=1620	cache_hit=93.7%	in=1049807	cr=788231127	cc=51586373	out=4936987
2026-07-05T06:21:24+08:00	agent=workflow-subagent	session=70510bcb-b3b	cost=0	turns=1631	cache_hit=93.7%	in=1059411	cr=791501912	cc=51711152	out=5007207
2026-07-05T06:21:33+08:00	agent=	session=70510bcb-b3b	cost=0	turns=1633	cache_hit=93.8%	in=1059415	cr=792153394	cc=51727094	out=5008321
2026-07-05T06:22:09+08:00	agent=workflow-subagent	session=70510bcb-b3b	cost=0	turns=1633	cache_hit=93.8%	in=1059415	cr=792153394	cc=51727094	out=5008321
2026-07-05T06:23:21+08:00	agent=workflow-subagent	session=70510bcb-b3b	cost=0	turns=1633	cache_hit=93.8%	in=1059415	cr=792153394	cc=51727094	out=5008321
2026-07-05T06:23:59+08:00	agent=general-purpose	session=70510bcb-b3b	cost=0	turns=1636	cache_hit=93.8%	in=1064353	cr=793156201	cc=51740618	out=5009938
2026-07-05T06:24:14+08:00	agent=	session=d0806fea-6a6	cost=0	turns=2498	cache_hit=94.0%	in=1194736	cr=1215563509	cc=76306118	out=5901508
2026-07-05T06:34:50+08:00	agent=	session=e33ba939-69f	cost=0	turns=1567	cache_hit=96.7%	in=1002353	cr=786689677	cc=26125322	out=5361081
2026-07-05T06:42:29+08:00	agent=	session=70510bcb-b3b	cost=0	turns=1658	cache_hit=93.8%	in=1068288	cr=801412868	cc=51874992	out=5088014
2026-07-05T06:42:41+08:00	agent=	session=1a2b6e2b-0e9	cost=0	turns=1144	cache_hit=95.4%	in=380430	cr=523676741	cc=24722798	out=2978499
2026-07-05T06:49:12+08:00	agent=general-purpose	session=e33ba939-69f	cost=0	turns=1567	cache_hit=96.7%	in=1002353	cr=786689677	cc=26125322	out=5361081
2026-07-05T06:52:53+08:00	agent=	session=e33ba939-69f	cost=0	turns=1578	cache_hit=96.7%	in=1010333	cr=795843306	cc=26178247	out=5395305
2026-07-05T07:15:58+08:00	agent=	session=d0806fea-6a6	cost=0	turns=2506	cache_hit=94.0%	in=1203866	cr=1220275288	cc=76322425	out=5914832
2026-07-05T12:59:37+08:00	agent=	session=d0806fea-6a6	cost=0	turns=2519	cache_hit=93.9%	in=1206127	cr=1226284982	cc=78145370	out=5952580
2026-07-05T15:07:37+08:00	agent=	session=d0806fea-6a6	cost=0	turns=2533	cache_hit=93.8%	in=1211852	cr=1233073768	cc=80016831	out=5985237
2026-07-05T15:08:46+08:00	agent=	session=70510bcb-b3b	cost=0	turns=1677	cache_hit=93.7%	in=1070315	cr=807843026	cc=53100490	out=5128562
2026-07-05T15:09:17+08:00	agent=	session=e33ba939-69f	cost=0	turns=1640	cache_hit=96.6%	in=1011360	cr=846649709	cc=28837171	out=5457879
2026-07-05T15:09:48+08:00	agent=workflow-subagent	session=70510bcb-b3b	cost=0	turns=1677	cache_hit=93.7%	in=1070315	cr=807843026	cc=53100490	out=5128562
2026-07-05T15:10:02+08:00	agent=workflow-subagent	session=70510bcb-b3b	cost=0	turns=1677	cache_hit=93.7%	in=1070315	cr=807843026	cc=53100490	out=5128562
2026-07-05T15:10:06+08:00	agent=workflow-subagent	session=70510bcb-b3b	cost=0	turns=1677	cache_hit=93.7%	in=1070315	cr=807843026	cc=53100490	out=5128562
2026-07-05T15:10:32+08:00	agent=workflow-subagent	session=70510bcb-b3b	cost=0	turns=1677	cache_hit=93.7%	in=1070315	cr=807843026	cc=53100490	out=5128562
2026-07-05T15:10:35+08:00	agent=workflow-subagent	session=70510bcb-b3b	cost=0	turns=1677	cache_hit=93.7%	in=1070315	cr=807843026	cc=53100490	out=5128562
2026-07-05T15:10:39+08:00	agent=workflow-subagent	session=70510bcb-b3b	cost=0	turns=1677	cache_hit=93.7%	in=1070315	cr=807843026	cc=53100490	out=5128562
2026-07-05T15:10:45+08:00	agent=	session=1a2b6e2b-0e9	cost=0	turns=1173	cache_hit=95.2%	in=382693	cr=542028610	cc=26862443	out=3034068
2026-07-05T15:11:08+08:00	agent=workflow-subagent	session=70510bcb-b3b	cost=0	turns=1677	cache_hit=93.7%	in=1070315	cr=807843026	cc=53100490	out=5128562
2026-07-05T15:23:17+08:00	agent=	session=70510bcb-b3b	cost=0	turns=1722	cache_hit=93.8%	in=1074071	cr=828339646	cc=53321552	out=5263887
2026-07-05T15:26:10+08:00	agent=researcher	session=fe9d8003-341	cost=0	turns=2803	cache_hit=97.2%	in=1277749	cr=1459017027	cc=41036235	out=7304374
2026-07-05T15:27:12+08:00	agent=workflow-subagent	session=fe9d8003-341	cost=0	turns=2803	cache_hit=97.2%	in=1277749	cr=1459017027	cc=41036235	out=7304374
2026-07-05T15:28:35+08:00	agent=researcher	session=fe9d8003-341	cost=0	turns=2803	cache_hit=97.2%	in=1277749	cr=1459017027	cc=41036235	out=7304374
2026-07-05T15:33:13+08:00	agent=workflow-subagent	session=fe9d8003-341	cost=0	turns=2803	cache_hit=97.2%	in=1277749	cr=1459017027	cc=41036235	out=7304374
2026-07-05T15:35:24+08:00	agent=general-purpose	session=70510bcb-b3b	cost=0	turns=1722	cache_hit=93.8%	in=1074071	cr=828339646	cc=53321552	out=5263887
2026-07-05T15:37:45+08:00	agent=	session=70510bcb-b3b	cost=0	turns=1744	cache_hit=93.9%	in=1078087	cr=839281292	cc=53349271	out=5279817
2026-07-05T15:42:25+08:00	agent=workflow-subagent	session=fe9d8003-341	cost=0	turns=2803	cache_hit=97.2%	in=1277749	cr=1459017027	cc=41036235	out=7304374
2026-07-05T16:15:37+08:00	agent=	session=1a2b6e2b-0e9	cost=0	turns=1233	cache_hit=95.5%	in=386212	cr=586499579	cc=26958062	out=3126031
2026-07-05T21:56:06+08:00	agent=	session=1a2b6e2b-0e9	cost=0	turns=1238	cache_hit=95.2%	in=387827	cr=588019145	cc=29251665	out=3144876
2026-07-05T21:56:46+08:00	agent=workflow-subagent	session=1a2b6e2b-0e9	cost=0	turns=1238	cache_hit=95.2%	in=387827	cr=588019145	cc=29251665	out=3144876
2026-07-05T21:57:10+08:00	agent=workflow-subagent	session=1a2b6e2b-0e9	cost=0	turns=1238	cache_hit=95.2%	in=387827	cr=588019145	cc=29251665	out=3144876
2026-07-05T21:57:51+08:00	agent=workflow-subagent	session=1a2b6e2b-0e9	cost=0	turns=1238	cache_hit=95.2%	in=387827	cr=588019145	cc=29251665	out=3144876
2026-07-05T21:58:34+08:00	agent=workflow-subagent	session=1a2b6e2b-0e9	cost=0	turns=1238	cache_hit=95.2%	in=387827	cr=588019145	cc=29251665	out=3144876
2026-07-05T22:03:35+08:00	agent=workflow-subagent	session=1a2b6e2b-0e9	cost=0	turns=1238	cache_hit=95.2%	in=387827	cr=588019145	cc=29251665	out=3144876
2026-07-05T22:04:34+08:00	agent=	session=1a2b6e2b-0e9	cost=0	turns=1240	cache_hit=95.2%	in=391221	cr=589554245	cc=29260503	out=3149152
2026-07-05T22:20:40+08:00	agent=	session=fe9d8003-341	cost=0	turns=2829	cache_hit=97.1%	in=1291090	cr=1467730052	cc=42300275	out=7421715
2026-07-05T22:23:38+08:00	agent=	session=70510bcb-b3b	cost=0	turns=1756	cache_hit=93.8%	in=1081012	cr=843849651	cc=54887634	out=5299759
2026-07-05T22:24:52+08:00	agent=	session=1a2b6e2b-0e9	cost=0	turns=1260	cache_hit=95.3%	in=394549	cr=605188241	cc=29310796	out=3193407
2026-07-05T22:36:28+08:00	agent=	session=d0806fea-6a6	cost=0	turns=2571	cache_hit=93.8%	in=1218980	cr=1256229465	cc=82043246	out=6102245
2026-07-05T22:36:32+08:00	agent=	session=70510bcb-b3b	cost=0	turns=1768	cache_hit=93.8%	in=1085291	cr=850068256	cc=54928305	out=5338558
2026-07-05T22:41:11+08:00	agent=	session=fe9d8003-341	cost=0	turns=2866	cache_hit=97.1%	in=1296705	cr=1484248279	cc=42443775	out=7523702
2026-07-05T22:49:09+08:00	agent=	session=d0806fea-6a6	cost=0	turns=2587	cache_hit=93.8%	in=1223020	cr=1267451059	cc=82093975	out=6163198
2026-07-05T23:01:52+08:00	agent=	session=1a2b6e2b-0e9	cost=0	turns=1283	cache_hit=95.4%	in=397883	cr=623733088	cc=29379287	out=3249001
2026-07-05T23:02:37+08:00	agent=	session=d0806fea-6a6	cost=0	turns=2636	cache_hit=94.0%	in=1226769	cr=1303654334	cc=82178207	out=6242662
2026-07-05T23:08:02+08:00	agent=	session=1a2b6e2b-0e9	cost=0	turns=1304	cache_hit=95.6%	in=400292	cr=641091964	cc=29413723	out=3275545
2026-07-05T23:09:25+08:00	agent=	session=1a2b6e2b-0e9	cost=0	turns=1304	cache_hit=95.6%	in=400292	cr=641091964	cc=29413723	out=3275545
2026-07-06T00:30:46+08:00	agent=	session=e33ba939-69f	cost=0	turns=1648	cache_hit=96.3%	in=1014406	cr=851054463	cc=31498604	out=5490876
2026-07-06T00:33:49+08:00	agent=	session=d0806fea-6a6	cost=0	turns=2701	cache_hit=94.0%	in=1232341	cr=1352559107	cc=84628336	out=6417081
2026-07-06T00:35:47+08:00	agent=	session=1a2b6e2b-0e9	cost=0	turns=1314	cache_hit=95.2%	in=402430	cr=646953004	cc=31932453	out=3289312
2026-07-06T01:08:12+08:00	agent=	session=1a2b6e2b-0e9	cost=0	turns=1334	cache_hit=95.4%	in=404837	cr=663908124	cc=31969973	out=3325756
2026-07-06T05:07:29+08:00	agent=	session=1a2b6e2b-0e9	cost=0	turns=1339	cache_hit=95.0%	in=406710	cr=665624672	cc=34547853	out=3330544
2026-07-06T05:20:01+08:00	agent=	session=4abba4f1-4a4	cost=0	turns=2133	cache_hit=96.6%	in=1188276	cr=1112007581	cc=37903573	out=5565059
2026-07-06T05:30:30+08:00	agent=	session=d0806fea-6a6	cost=0	turns=2710	cache_hit=93.9%	in=1234093	cr=1357545997	cc=87140692	out=6469493
2026-07-06T05:31:11+08:00	agent=	session=d0806fea-6a6	cost=0	turns=2710	cache_hit=93.9%	in=1234093	cr=1357545997	cc=87140692	out=6469493
2026-07-06T05:48:48+08:00	agent=	session=d0806fea-6a6	cost=0	turns=2734	cache_hit=94.0%	in=1238323	cr=1378116156	cc=87194513	out=6515714
2026-07-06T05:49:35+08:00	agent=	session=4abba4f1-4a4	cost=0	turns=2222	cache_hit=96.7%	in=1202197	cr=1166777155	cc=38092988	out=5717330
2026-07-06T05:50:03+08:00	agent=	session=d0806fea-6a6	cost=0	turns=2742	cache_hit=94.0%	in=1240706	cr=1385064837	cc=87201708	out=6522789
2026-07-06T06:38:17+08:00	agent=	session=d0806fea-6a6	cost=0	turns=2769	cache_hit=94.1%	in=1243600	cr=1408745947	cc=87228788	out=6553331
2026-07-06T07:04:29+08:00	agent=workflow-subagent	session=1a2b6e2b-0e9	cost=0	turns=1345	cache_hit=94.7%	in=410301	cr=668208497	cc=37171416	out=3377383
2026-07-06T07:04:57+08:00	agent=	session=1a2b6e2b-0e9	cost=0	turns=1347	cache_hit=94.7%	in=410305	cr=669957539	cc=37180682	out=3384725
2026-07-06T07:05:06+08:00	agent=	session=4abba4f1-4a4	cost=0	turns=2259	cache_hit=96.6%	in=1206540	cr=1189626733	cc=40150932	out=5794015
2026-07-06T07:07:16+08:00	agent=workflow-subagent	session=1a2b6e2b-0e9	cost=0	turns=1347	cache_hit=94.7%	in=410305	cr=669957539	cc=37180682	out=3384725
2026-07-06T07:07:45+08:00	agent=workflow-subagent	session=1a2b6e2b-0e9	cost=0	turns=1347	cache_hit=94.7%	in=410305	cr=669957539	cc=37180682	out=3384725
2026-07-06T07:10:18+08:00	agent=	session=1a2b6e2b-0e9	cost=0	turns=1355	cache_hit=94.7%	in=414206	cr=677053095	cc=37218843	out=3406057
2026-07-06T09:14:16+08:00	agent=	session=4abba4f1-4a4	cost=0	turns=2321	cache_hit=96.6%	in=1211230	cr=1232168715	cc=42359954	out=5901877
2026-07-06T10:40:32+08:00	agent=	session=1a2b6e2b-0e9	cost=0	turns=1372	cache_hit=94.5%	in=416682	cr=689753894	cc=39939005	out=3429653
2026-07-06T10:51:55+08:00	agent=workflow-subagent	session=1a2b6e2b-0e9	cost=0	turns=1383	cache_hit=94.5%	in=418960	cr=699848887	cc=40004573	out=3499329
2026-07-06T10:52:45+08:00	agent=workflow-subagent	session=1a2b6e2b-0e9	cost=0	turns=1383	cache_hit=94.5%	in=418960	cr=699848887	cc=40004573	out=3499329
2026-07-06T10:52:51+08:00	agent=workflow-subagent	session=1a2b6e2b-0e9	cost=0	turns=1385	cache_hit=94.6%	in=420290	cr=701723079	cc=40008501	out=3509529
2026-07-06T10:52:56+08:00	agent=	session=1a2b6e2b-0e9	cost=0	turns=1385	cache_hit=94.6%	in=420290	cr=701723079	cc=40008501	out=3509529
2026-07-06T10:53:59+08:00	agent=workflow-subagent	session=1a2b6e2b-0e9	cost=0	turns=1385	cache_hit=94.6%	in=420290	cr=701723079	cc=40008501	out=3509529
2026-07-06T10:57:42+08:00	agent=	session=1a2b6e2b-0e9	cost=0	turns=1387	cache_hit=94.6%	in=421364	cr=703612725	cc=40008631	out=3522003
2026-07-06T10:58:40+08:00	agent=workflow-subagent	session=1a2b6e2b-0e9	cost=0	turns=1387	cache_hit=94.6%	in=421364	cr=703612725	cc=40008631	out=3522003
2026-07-06T11:15:15+08:00	agent=	session=1a2b6e2b-0e9	cost=0	turns=1406	cache_hit=94.7%	in=437220	cr=721934862	cc=40140452	out=3593483
2026-07-06T11:46:49+08:00	agent=	session=d0806fea-6a6	cost=0	turns=2777	cache_hit=93.9%	in=1256054	cr=1413184247	cc=89909931	out=6574920
2026-07-06T12:13:43+08:00	agent=	session=1a2b6e2b-0e9	cost=0	turns=1558	cache_hit=94.8%	in=513513	cr=751358816	cc=40858987	out=3984262
2026-07-06T12:42:24+08:00	agent=	session=1a2b6e2b-0e9	cost=0	turns=1595	cache_hit=94.8%	in=516773	cr=761692291	cc=41495046	out=4024401
2026-07-06T12:52:04+08:00	agent=	session=1a2b6e2b-0e9	cost=0	turns=1611	cache_hit=94.8%	in=520927	cr=766639752	cc=41508496	out=4036553
2026-07-06T12:54:45+08:00	agent=	session=e33ba939-69f	cost=0	turns=1659	cache_hit=96.1%	in=1018088	cr=858223466	cc=34198015	out=5514685
2026-07-06T13:01:45+08:00	agent=	session=1a2b6e2b-0e9	cost=0	turns=1624	cache_hit=94.8%	in=523701	cr=770742797	cc=41530920	out=4067553
2026-07-06T13:17:57+08:00	agent=	session=1a2b6e2b-0e9	cost=0	turns=1657	cache_hit=94.9%	in=527966	cr=782071941	cc=41589902	out=4145463
2026-07-06T13:20:08+08:00	agent=	session=1a2b6e2b-0e9	cost=0	turns=1669	cache_hit=94.9%	in=530990	cr=786397314	cc=41598268	out=4151968
2026-07-06T13:22:04+08:00	agent=	session=d0806fea-6a6	cost=0	turns=2800	cache_hit=93.8%	in=1258350	cr=1431300042	cc=92644031	out=6617285
2026-07-06T13:24:35+08:00	agent=	session=1a2b6e2b-0e9	cost=0	turns=1683	cache_hit=94.9%	in=534114	cr=791510356	cc=41615047	out=4162799
2026-07-06T13:25:18+08:00	agent=	session=1a2b6e2b-0e9	cost=0	turns=1688	cache_hit=95.0%	in=536101	cr=793357877	cc=41617519	out=4164793
2026-07-06T13:32:23+08:00	agent=	session=1a2b6e2b-0e9	cost=0	turns=1703	cache_hit=95.0%	in=538123	cr=798965667	cc=41637965	out=4183757
2026-07-06T21:23:01+08:00	agent=	session=1a2b6e2b-0e9	cost=0	turns=1737	cache_hit=94.9%	in=543186	cr=811188952	cc=42883475	out=4247509
2026-07-06T21:24:27+08:00	agent=	session=d0806fea-6a6	cost=0	turns=2812	cache_hit=93.7%	in=1261290	cr=1439619830	cc=95418517	out=6638464
2026-07-06T21:29:35+08:00	agent=	session=e33ba939-69f	cost=0	turns=1675	cache_hit=95.8%	in=1023214	cr=870099785	cc=36967363	out=5567319
2026-07-06T22:38:00+08:00	agent=	session=e33ba939-69f	cost=0	turns=1720	cache_hit=96.0%	in=1034606	cr=912566699	cc=37066850	out=5637693
2026-07-06T23:11:54+08:00	agent=	session=d0806fea-6a6	cost=0	turns=2818	cache_hit=93.5%	in=1263036	cr=1442418377	cc=98216092	out=6646307
2026-07-06T23:12:09+08:00	agent=	session=1a2b6e2b-0e9	cost=0	turns=1742	cache_hit=94.8%	in=544322	cr=812430680	cc=43712620	out=4253865
2026-07-06T23:17:29+08:00	agent=	session=d0806fea-6a6	cost=0	turns=2826	cache_hit=93.6%	in=1264657	cr=1449904642	cc=98221866	out=6651957
2026-07-06T23:28:29+08:00	agent=	session=d0806fea-6a6	cost=0	turns=2856	cache_hit=93.7%	in=1267468	cr=1478346752	cc=98284728	out=6715369
2026-07-06T23:46:35+08:00	agent=	session=1a2b6e2b-0e9	cost=0	turns=1806	cache_hit=95.0%	in=547345	cr=841745059	cc=43903104	out=4443250
2026-07-07T00:07:05+08:00	agent=	session=d0806fea-6a6	cost=0	turns=2873	cache_hit=93.8%	in=1269707	cr=1494764107	cc=98318043	out=6743785
2026-07-07T00:24:41+08:00	agent=	session=1a2b6e2b-0e9	cost=0	turns=1880	cache_hit=95.2%	in=552533	cr=880907722	cc=44096855	out=4608709
2026-07-07T00:56:00+08:00	agent=	session=1a2b6e2b-0e9	cost=0	turns=1888	cache_hit=95.2%	in=554901	cr=885414542	cc=44112853	out=4618353
2026-07-07T01:20:48+08:00	agent=	session=1a2b6e2b-0e9	cost=0	turns=1890	cache_hit=95.2%	in=556377	cr=886552330	cc=44113145	out=4619205
2026-07-07T01:24:03+08:00	agent=	session=1a2b6e2b-0e9	cost=0	turns=1898	cache_hit=95.2%	in=558367	cr=891117776	cc=44122420	out=4628343
2026-07-07T01:24:16+08:00	agent=	session=1a2b6e2b-0e9	cost=0	turns=1900	cache_hit=95.2%	in=559765	cr=892265696	cc=44124164	out=4628853
2026-07-07T01:37:26+08:00	agent=	session=1a2b6e2b-0e9	cost=0	turns=1902	cache_hit=95.2%	in=561169	cr=893417264	cc=44124426	out=4629385
2026-07-07T01:50:58+08:00	agent=	session=1a2b6e2b-0e9	cost=0	turns=1904	cache_hit=95.2%	in=562573	cr=894571026	cc=44124692	out=4629767
2026-07-07T02:01:09+08:00	agent=	session=1a2b6e2b-0e9	cost=0	turns=1906	cache_hit=95.2%	in=564151	cr=895726836	cc=44124958	out=4630201
2026-07-07T02:14:18+08:00	agent=	session=1a2b6e2b-0e9	cost=0	turns=1908	cache_hit=95.3%	in=565473	cr=896884920	cc=44125278	out=4630947
2026-07-07T02:22:35+08:00	agent=	session=1a2b6e2b-0e9	cost=0	turns=1915	cache_hit=95.3%	in=566613	cr=900950150	cc=44134843	out=4641948
2026-07-07T02:25:00+08:00	agent=	session=1a2b6e2b-0e9	cost=0	turns=1923	cache_hit=95.3%	in=568492	cr=905643574	cc=44147087	out=4651720
2026-07-07T02:37:56+08:00	agent=	session=1a2b6e2b-0e9	cost=0	turns=1925	cache_hit=95.3%	in=569814	cr=906827270	cc=44147363	out=4651972
2026-07-07T02:38:46+08:00	agent=	session=1a2b6e2b-0e9	cost=0	turns=1929	cache_hit=95.3%	in=572534	cr=909198644	cc=44149499	out=4652328
2026-07-07T02:38:54+08:00	agent=	session=1a2b6e2b-0e9	cost=0	turns=1929	cache_hit=95.3%	in=572534	cr=909198644	cc=44149499	out=4652328
2026-07-07T02:44:19+08:00	agent=	session=1a2b6e2b-0e9	cost=0	turns=1956	cache_hit=95.4%	in=576359	cr=925432640	cc=44189004	out=4692920
2026-07-07T02:51:18+08:00	agent=	session=1a2b6e2b-0e9	cost=0	turns=1958	cache_hit=95.4%	in=577433	cr=926655736	cc=44189178	out=4693926
2026-07-07T03:04:51+08:00	agent=	session=1a2b6e2b-0e9	cost=0	turns=1960	cache_hit=95.4%	in=578507	cr=927881082	cc=44189380	out=4694486
2026-07-07T05:49:10+08:00	agent=	session=efb6e3d8-c4a	cost=0	turns=30	cache_hit=80.2%	in=208545	cr=3834839	cc=735668	out=148469
2026-07-07T14:27:26+08:00	agent=	session=1a2b6e2b-0e9	cost=0	turns=1974	cache_hit=95.2%	in=580398	cr=934674322	cc=46057138	out=4718086
2026-07-07T14:30:09+08:00	agent=	session=d0806fea-6a6	cost=0	turns=2880	cache_hit=93.6%	in=1271326	cr=1498684349	cc=101256261	out=6771339
2026-07-07T18:01:56+08:00	agent=	session=d0806fea-6a6	cost=0	turns=2918	cache_hit=93.5%	in=1433761	cr=1519809611	cc=105037533	out=6811756
2026-07-07T18:09:10+08:00	agent=	session=efb6e3d8-c4a	cost=0	turns=39	cache_hit=70.0%	in=215020	cr=4689583	cc=1797708	out=188897
2026-07-07T18:12:17+08:00	agent=	session=1a2b6e2b-0e9	cost=0	turns=1993	cache_hit=95.1%	in=582428	cr=944805377	cc=47972133	out=4755340
2026-07-08T00:20:20+08:00	agent=	session=d0806fea-6a6	cost=0	turns=2928	cache_hit=93.4%	in=1435574	cr=1522191076	cc=105638250	out=6828803
2026-07-08T04:38:42+08:00	agent=	session=efb6e3d8-c4a	cost=0	turns=50	cache_hit=70.7%	in=218693	cr=6562820	cc=2499586	out=226596
2026-07-08T13:59:23+08:00	agent=	session=e33ba939-69f	cost=0	turns=1732	cache_hit=95.7%	in=1036751	cr=921329027	cc=39985825	out=5672307
2026-07-08T14:05:42+08:00	agent=	session=e33ba939-69f	cost=0	turns=1734	cache_hit=95.7%	in=1037825	cr=923287721	cc=39985931	out=5687969
2026-07-09T06:29:17+08:00	agent=	session=e33ba939-69f	cost=0	turns=1753	cache_hit=95.4%	in=1155024	cr=930372686	cc=43768009	out=5725327
2026-07-09T06:55:56+08:00	agent=	session=e33ba939-69f	cost=0	turns=1762	cache_hit=95.3%	in=1159909	cr=932472311	cc=44348573	out=5767760
2026-07-09T07:01:44+08:00	agent=	session=e33ba939-69f	cost=0	turns=1764	cache_hit=95.3%	in=1161847	cr=933093135	cc=44348847	out=5780448
2026-07-09T07:13:36+08:00	agent=	session=e33ba939-69f	cost=0	turns=1772	cache_hit=95.4%	in=1163468	cr=935653237	cc=44381144	out=5809520
2026-07-09T07:29:16+08:00	agent=	session=e33ba939-69f	cost=0	turns=1777	cache_hit=95.4%	in=1165167	cr=937326330	cc=44393223	out=5831974
2026-07-09T07:43:45+08:00	agent=	session=fe9d8003-341	cost=0	turns=2878	cache_hit=97.1%	in=1300729	cr=1489104377	cc=43437477	out=7577297
2026-07-09T07:53:43+08:00	agent=	session=1a2b6e2b-0e9	cost=0	turns=2001	cache_hit=94.9%	in=584667	cr=948031247	cc=49928766	out=4791594
2026-07-09T08:57:49+08:00	agent=	session=fe9d8003-341	cost=0	turns=2907	cache_hit=97.1%	in=1306071	cr=1504113196	cc=43536596	out=7669920
2026-07-09T09:04:08+08:00	agent=	session=1a2b6e2b-0e9	cost=0	turns=2090	cache_hit=95.2%	in=590140	cr=1011613659	cc=50250232	out=5077015
2026-07-09T09:09:35+08:00	agent=	session=fe9d8003-341	cost=0	turns=2916	cache_hit=97.1%	in=1307694	cr=1509021542	cc=43563418	out=7709896
2026-07-09T09:12:28+08:00	agent=	session=1a2b6e2b-0e9	cost=0	turns=2104	cache_hit=95.3%	in=592814	cr=1022434546	cc=50290646	out=5111964
2026-07-09T09:16:37+08:00	agent=	session=1a2b6e2b-0e9	cost=0	turns=2109	cache_hit=95.3%	in=594924	cr=1026374837	cc=50296108	out=5120179
2026-07-09T09:18:17+08:00	agent=	session=fe9d8003-341	cost=0	turns=2918	cache_hit=97.1%	in=1308768	cr=1510134876	cc=43563630	out=7719680
2026-07-09T09:32:18+08:00	agent=	session=1a2b6e2b-0e9	cost=0	turns=2114	cache_hit=95.3%	in=597169	cr=1030338144	cc=50301313	out=5129431
2026-07-09T09:44:14+08:00	agent=	session=fe9d8003-341	cost=0	turns=2977	cache_hit=97.2%	in=1314700	cr=1545972020	cc=43748729	out=7886915
2026-07-09T09:50:47+08:00	agent=	session=1a2b6e2b-0e9	cost=0	turns=2119	cache_hit=95.3%	in=614276	cr=1034327847	cc=50318844	out=5139904
2026-07-09T10:04:13+08:00	agent=	session=1a2b6e2b-0e9	cost=0	turns=2130	cache_hit=95.3%	in=616536	cr=1043226116	cc=50332636	out=5155677
2026-07-09T10:16:53+08:00	agent=	session=1a2b6e2b-0e9	cost=0	turns=2135	cache_hit=95.4%	in=618637	cr=1047304499	cc=50337901	out=5163351
2026-07-09T10:25:45+08:00	agent=	session=1a2b6e2b-0e9	cost=0	turns=2137	cache_hit=95.4%	in=619959	cr=1048943873	cc=50338185	out=5164233
2026-07-09T10:28:43+08:00	agent=	session=1a2b6e2b-0e9	cost=0	turns=2139	cache_hit=95.4%	in=621281	cr=1050585731	cc=50338469	out=5164535
2026-07-09T10:37:14+08:00	agent=	session=1a2b6e2b-0e9	cost=0	turns=2150	cache_hit=95.4%	in=623667	cr=1059648359	cc=50358216	out=5182261
2026-07-09T10:40:10+08:00	agent=	session=1a2b6e2b-0e9	cost=0	turns=2159	cache_hit=95.4%	in=625290	cr=1067120627	cc=50371722	out=5191114
2026-07-09T12:37:50+08:00	agent=	session=1a2b6e2b-0e9	cost=0	turns=2197	cache_hit=95.3%	in=627502	cr=1096877920	cc=52950636	out=5257386
2026-07-09T12:52:33+08:00	agent=	session=fe9d8003-341	cost=0	turns=2997	cache_hit=97.1%	in=1317071	cr=1557249394	cc=45783654	out=7919357
2026-07-09T13:37:54+08:00	agent=	session=4abba4f1-4a4	cost=0	turns=2377	cache_hit=96.5%	in=1232980	cr=1273740602	cc=44788544	out=6018745
2026-07-09T13:55:56+08:00	agent=	session=4abba4f1-4a4	cost=0	turns=2428	cache_hit=96.6%	in=1236685	cr=1316368761	cc=44891433	out=6125521
2026-07-09T14:28:33+08:00	agent=	session=4abba4f1-4a4	cost=0	turns=2471	cache_hit=96.7%	in=1240407	cr=1354260585	cc=45002433	out=6226227
2026-07-09T14:37:12+08:00	agent=	session=70510bcb-b3b	cost=0	turns=1774	cache_hit=93.7%	in=1099543	cr=852212544	cc=56020649	out=5367496
2026-07-09T14:48:06+08:00	agent=	session=70510bcb-b3b	cost=0	turns=1776	cache_hit=93.7%	in=1101481	cr=853314186	cc=56020707	out=5374112
2026-07-09T14:57:24+08:00	agent=	session=4abba4f1-4a4	cost=0	turns=2492	cache_hit=96.7%	in=1244922	cr=1373408274	cc=45029203	out=6259753
2026-07-09T16:29:04+08:00	agent=	session=1a2b6e2b-0e9	cost=0	turns=2210	cache_hit=95.2%	in=655266	cr=1106628145	cc=54770355	out=5317056
2026-07-09T16:33:53+08:00	agent=	session=1a2b6e2b-0e9	cost=0	turns=2225	cache_hit=95.3%	in=658827	cr=1120241155	cc=54801754	out=5348202
2026-07-09T16:39:10+08:00	agent=	session=1a2b6e2b-0e9	cost=0	turns=2230	cache_hit=95.3%	in=660442	cr=1124818357	cc=54804112	out=5350977
2026-07-09T16:46:42+08:00	agent=	session=1a2b6e2b-0e9	cost=0	turns=2242	cache_hit=95.3%	in=662200	cr=1135850171	cc=54827183	out=5378959
2026-07-09T16:57:16+08:00	agent=	session=1a2b6e2b-0e9	cost=0	turns=2244	cache_hit=95.3%	in=663274	cr=1137712621	cc=54827355	out=5396281
2026-07-09T16:59:16+08:00	agent=	session=1a2b6e2b-0e9	cost=0	turns=2250	cache_hit=95.4%	in=664891	cr=1143365218	cc=54833596	out=5413920
2026-07-09T17:04:40+08:00	agent=	session=1a2b6e2b-0e9	cost=0	turns=2256	cache_hit=95.4%	in=667141	cr=1149073535	cc=54843529	out=5444415
2026-07-09T19:23:00+08:00	agent=	session=1a2b6e2b-0e9	cost=0	turns=2262	cache_hit=95.2%	in=668758	cr=1151974443	cc=57740495	out=5471259
2026-07-09T19:24:46+08:00	agent=	session=fe9d8003-341	cost=0	turns=3015	cache_hit=97.0%	in=1322830	cr=1568384617	cc=47214017	out=7994645
2026-07-09T19:35:54+08:00	agent=	session=d0806fea-6a6	cost=0	turns=2975	cache_hit=93.4%	in=1443075	cr=1536556064	cc=106682487	out=6913625
2026-07-09T19:47:31+08:00	agent=	session=d0806fea-6a6	cost=0	turns=2988	cache_hit=93.4%	in=1445273	cr=1541145123	cc=106711571	out=6937128
2026-07-09T19:47:55+08:00	agent=	session=d0806fea-6a6	cost=0	turns=2992	cache_hit=93.4%	in=1446351	cr=1542585531	cc=106714621	out=6938826
2026-07-09T19:48:45+08:00	agent=	session=fe9d8003-341	cost=0	turns=3028	cache_hit=97.0%	in=1330872	cr=1577732404	cc=47235163	out=8017145
2026-07-09T19:51:56+08:00	agent=	session=fe9d8003-341	cost=0	turns=3035	cache_hit=97.0%	in=1331987	cr=1582843723	cc=47249926	out=8036929
2026-07-09T19:54:19+08:00	agent=	session=d0806fea-6a6	cost=0	turns=3020	cache_hit=93.5%	in=1448251	cr=1552999917	cc=106771830	out=6982947
2026-07-09T19:54:25+08:00	agent=	session=1a2b6e2b-0e9	cost=0	turns=2277	cache_hit=95.2%	in=670897	cr=1166708257	cc=57781923	out=5525587
2026-07-09T23:16:52+08:00	agent=	session=1a2b6e2b-0e9	cost=0	turns=2280	cache_hit=95.0%	in=672592	cr=1166708257	cc=60768345	out=5538799
2026-07-09T23:26:13+08:00	agent=	session=1a2b6e2b-0e9	cost=0	turns=2295	cache_hit=95.0%	in=760003	cr=1168026087	cc=61080596	out=5639925
2026-07-09T23:30:28+08:00	agent=	session=1a2b6e2b-0e9	cost=0	turns=2303	cache_hit=94.9%	in=761999	cr=1168794779	cc=61450439	out=5671746
2026-07-09T23:42:00+08:00	agent=	session=fe9d8003-341	cost=0	turns=3047	cache_hit=96.9%	in=1335679	cr=1590274027	cc=48742992	out=8055972
2026-07-09T23:43:24+08:00	agent=	session=fe9d8003-341	cost=0	turns=3049	cache_hit=96.9%	in=1337003	cr=1591770369	cc=48743006	out=8060840
2026-07-09T23:44:56+08:00	agent=	session=1a2b6e2b-0e9	cost=0	turns=2336	cache_hit=95.0%	in=780914	cr=1174586396	cc=61584975	out=5780172
2026-07-09T23:51:41+08:00	agent=	session=fe9d8003-341	cost=0	turns=3064	cache_hit=97.0%	in=1342007	cr=1603157157	cc=48799285	out=8108861
2026-07-10T00:00:27+08:00	agent=	session=fe9d8003-341	cost=0	turns=3091	cache_hit=97.0%	in=1345605	cr=1624428419	cc=48882582	out=8186866
2026-07-10T00:22:03+08:00	agent=	session=fe9d8003-341	cost=0	turns=3093	cache_hit=97.0%	in=1347543	cr=1626031769	cc=48882648	out=8196554
2026-07-10T05:52:42+08:00	agent=	session=4abba4f1-4a4	cost=0	turns=2504	cache_hit=96.6%	in=1247253	cr=1381754747	cc=47819625	out=6282761
2026-07-10T05:55:14+08:00	agent=	session=fe9d8003-341	cost=0	turns=3107	cache_hit=96.9%	in=1349641	cr=1634975316	cc=51342725	out=8230782
2026-07-10T05:56:22+08:00	agent=	session=fe9d8003-341	cost=0	turns=3109	cache_hit=96.9%	in=1351907	cr=1636618816	cc=51342837	out=8238172
2026-07-10T05:58:50+08:00	agent=	session=fe9d8003-341	cost=0	turns=3117	cache_hit=96.9%	in=1353528	cr=1643239357	cc=51360575	out=8260845
2026-07-10T06:21:01+08:00	agent=	session=fe9d8003-341	cost=0	turns=3137	cache_hit=96.9%	in=1359625	cr=1660301771	cc=51459024	out=8339643
2026-07-10T06:21:10+08:00	agent=	session=4abba4f1-4a4	cost=0	turns=2521	cache_hit=96.6%	in=1251205	cr=1397740245	cc=47859095	out=6317026
2026-07-10T06:48:03+08:00	agent=	session=fe9d8003-341	cost=0	turns=3154	cache_hit=96.9%	in=1363073	cr=1675429259	cc=51517802	out=8413884
2026-07-10T06:55:06+08:00	agent=	session=fe9d8003-341	cost=0	turns=3167	cache_hit=97.0%	in=1364924	cr=1687244936	cc=51547715	out=8440666
2026-07-10T07:06:23+08:00	agent=	session=fe9d8003-341	cost=0	turns=3182	cache_hit=97.0%	in=1366946	cr=1701112260	cc=51573819	out=8466169
2026-07-10T07:06:45+08:00	agent=	session=1a2b6e2b-0e9	cost=0	turns=2361	cache_hit=94.9%	in=790547	cr=1180002930	cc=62113860	out=5898885
2026-07-10T07:16:49+08:00	agent=	session=1a2b6e2b-0e9	cost=0	turns=2370	cache_hit=94.9%	in=792170	cr=1182400278	cc=62136823	out=5922344
2026-07-10T07:22:07+08:00	agent=	session=1a2b6e2b-0e9	cost=0	turns=2398	cache_hit=95.0%	in=794602	cr=1190408723	cc=62211343	out=5981352
2026-07-10T07:29:27+08:00	agent=	session=fe9d8003-341	cost=0	turns=3230	cache_hit=97.1%	in=1376069	cr=1747092279	cc=51722245	out=8640791
2026-07-10T07:35:04+08:00	agent=	session=fe9d8003-341	cost=0	turns=3297	cache_hit=97.0%	in=1509424	cr=1755627007	cc=52088174	out=8686166
2026-07-10T15:26:48+08:00	agent=	session=4abba4f1-4a4	cost=0	turns=2528	cache_hit=96.4%	in=1253319	cr=1401555719	cc=50724603	out=6339362
2026-07-10T15:39:43+08:00	agent=	session=4abba4f1-4a4	cost=0	turns=2571	cache_hit=96.5%	in=1256546	cr=1443624158	cc=50835475	out=6434048
2026-07-10T15:51:22+08:00	agent=	session=4abba4f1-4a4	cost=0	turns=2639	cache_hit=96.5%	in=1386198	cr=1453240656	cc=51260851	out=6514806
2026-07-10T15:58:10+08:00	agent=	session=fe9d8003-341	cost=0	turns=3382	cache_hit=97.0%	in=1516167	cr=1772140051	cc=52841434	out=8920882
2026-07-10T16:22:04+08:00	agent=	session=1a2b6e2b-0e9	cost=0	turns=2414	cache_hit=94.9%	in=812820	cr=1194469636	cc=63172200	out=6018541
2026-07-10T16:22:19+08:00	agent=	session=fe9d8003-341	cost=0	turns=3500	cache_hit=97.1%	in=1521602	cr=1807810985	cc=53035689	out=9082687
2026-07-10T16:22:45+08:00	agent=	session=1a2b6e2b-0e9	cost=0	turns=2419	cache_hit=94.9%	in=815068	cr=1196096485	cc=63175090	out=6022673
2026-07-10T17:17:53+08:00	agent=	session=1a2b6e2b-0e9	cost=0	turns=2421	cache_hit=94.9%	in=817006	cr=1196753577	cc=63175148	out=6031275
2026-07-10T17:26:12+08:00	agent=	session=fe9d8003-341	cost=0	turns=3539	cache_hit=97.1%	in=1524188	cr=1821576420	cc=53111528	out=9141877
2026-07-10T17:38:04+08:00	agent=	session=fe9d8003-341	cost=0	turns=3576	cache_hit=97.1%	in=1526383	cr=1835758450	cc=53163583	out=9191101
2026-07-10T18:02:38+08:00	agent=	session=fe9d8003-341	cost=0	turns=3586	cache_hit=97.1%	in=1535046	cr=1839775911	cc=53198768	out=9221070
2026-07-10T18:13:14+08:00	agent=	session=fe9d8003-341	cost=0	turns=3604	cache_hit=97.1%	in=1537074	cr=1847421032	cc=53273156	out=9286092
2026-07-10T18:18:34+08:00	agent=	session=fe9d8003-341	cost=0	turns=3612	cache_hit=97.1%	in=1539166	cr=1850971725	cc=53300746	out=9319560
2026-07-10T18:23:14+08:00	agent=	session=fe9d8003-341	cost=0	turns=3620	cache_hit=97.1%	in=1542083	cr=1854627672	cc=53316338	out=9334614
2026-07-10T18:32:00+08:00	agent=	session=fe9d8003-341	cost=0	turns=3637	cache_hit=97.1%	in=1544484	cr=1862656616	cc=53382201	out=9401060
2026-07-10T19:00:37+08:00	agent=	session=fe9d8003-341	cost=0	turns=3700	cache_hit=97.2%	in=1550370	cr=1896804606	cc=53617717	out=9611352
2026-07-10T19:06:10+08:00	agent=	session=fe9d8003-341	cost=0	turns=3723	cache_hit=97.2%	in=1554463	cr=1910511303	cc=53678660	out=9642851
2026-07-10T19:11:06+08:00	agent=	session=fe9d8003-341	cost=0	turns=3728	cache_hit=97.2%	in=1556078	cr=1913547859	cc=53686431	out=9657467
2026-07-10T19:18:03+08:00	agent=	session=fe9d8003-341	cost=0	turns=3733	cache_hit=97.2%	in=1558326	cr=1916617586	cc=53699347	out=9678265
2026-07-10T19:33:48+08:00	agent=	session=1a2b6e2b-0e9	cost=0	turns=2435	cache_hit=94.9%	in=819272	cr=1200526224	cc=64197561	out=6061387
2026-07-10T19:37:25+08:00	agent=	session=1a2b6e2b-0e9	cost=0	turns=2439	cache_hit=94.9%	in=822638	cr=1201921786	cc=64200803	out=6072469
2026-07-10T19:52:40+08:00	agent=	session=1a2b6e2b-0e9	cost=0	turns=2454	cache_hit=94.9%	in=825956	cr=1207423454	cc=64229042	out=6113199
2026-07-10T19:54:42+08:00	agent=	session=4abba4f1-4a4	cost=0	turns=2716	cache_hit=96.5%	in=1405885	cr=1469192737	cc=51972637	out=6660796
2026-07-10T20:11:06+08:00	agent=	session=fe9d8003-341	cost=0	turns=3738	cache_hit=97.2%	in=1559941	cr=1919735974	cc=53709853	out=9696925
2026-07-10T20:31:09+08:00	agent=	session=fe9d8003-341	cost=0	turns=3747	cache_hit=97.2%	in=1561564	cr=1925433305	cc=53718749	out=9715028
2026-07-10T20:47:58+08:00	agent=	session=fe9d8003-341	cost=0	turns=3760	cache_hit=97.2%	in=1565244	cr=1933877524	cc=53759084	out=9765628
2026-07-10T20:54:54+08:00	agent=	session=4abba4f1-4a4	cost=0	turns=2739	cache_hit=96.5%	in=1408682	cr=1475083791	cc=52025656	out=6699902
2026-07-10T21:04:25+08:00	agent=	session=1a2b6e2b-0e9	cost=0	turns=2490	cache_hit=94.9%	in=830192	cr=1222035888	cc=64394302	out=6225922
2026-07-10T21:33:51+08:00	agent=	session=fe9d8003-341	cost=0	turns=3808	cache_hit=97.3%	in=1570323	cr=1966959859	cc=53879363	out=9880916
2026-07-10T23:11:57+08:00	agent=	session=d0806fea-6a6	cost=0	turns=3028	cache_hit=93.4%	in=1465526	cr=1554940065	cc=107955042	out=6998412
2026-07-10T23:13:39+08:00	agent=	session=d0806fea-6a6	cost=0	turns=3038	cache_hit=93.4%	in=1469011	cr=1558931088	cc=107975468	out=7010327
2026-07-11T05:49:59+08:00	agent=	session=4abba4f1-4a4	cost=0	turns=2739	cache_hit=96.5%	in=1408682	cr=1475083791	cc=52025656	out=6699902
2026-07-11T05:50:04+08:00	agent=	session=efb6e3d8-c4a	cost=0	turns=50	cache_hit=70.7%	in=218693	cr=6562820	cc=2499586	out=226596
2026-07-11T05:51:17+08:00	agent=	session=e33ba939-69f	cost=0	turns=1784	cache_hit=95.4%	in=1168618	cr=939750085	cc=44416632	out=5871391
2026-07-11T05:51:23+08:00	agent=	session=70510bcb-b3b	cost=0	turns=1778	cache_hit=93.7%	in=1102555	cr=854415886	cc=56029281	out=5385680
2026-07-11T05:51:49+08:00	agent=	session=d0806fea-6a6	cost=0	turns=3038	cache_hit=93.4%	in=1469011	cr=1558931088	cc=107975468	out=7010327
2026-07-11T05:56:45+08:00	agent=	session=fe9d8003-341	cost=0	turns=3846	cache_hit=97.2%	in=1591831	cr=1992633968	cc=56109810	out=9952439
2026-07-11T06:00:48+08:00	agent=	session=1a2b6e2b-0e9	cost=0	turns=2551	cache_hit=94.9%	in=833596	cr=1249044750	cc=65853871	out=6331090
2026-07-12T05:34:38+08:00	agent=	session=4abba4f1-4a4	cost=0	turns=2844	cache_hit=96.5%	in=1547448	cr=1496678429	cc=53041910	out=6925840
2026-07-13T05:50:08+08:00	agent=	session=d0806fea-6a6	cost=0	turns=3051	cache_hit=93.4%	in=1734641	cr=1559732667	cc=108474623	out=7042340
2026-07-14T20:26:24+08:00	agent=evaluator	session=6b7df006-454	cost=0	turns=0	cache_hit=—%	in=0	cr=0	cc=0	out=0
2026-07-15T04:20:32+08:00	agent=Explore	session=3c074537-b6c	cost=0	turns=0	cache_hit=—%	in=0	cr=0	cc=0	out=0
2026-07-15T04:21:23+08:00	agent=Explore	session=3c074537-b6c	cost=0	turns=0	cache_hit=—%	in=0	cr=0	cc=0	out=0
2026-07-15T04:22:11+08:00	agent=Explore	session=3c074537-b6c	cost=0	turns=0	cache_hit=—%	in=0	cr=0	cc=0	out=0
2026-07-15T13:03:45+08:00	agent=	session=e33ba939-69f	cost=0	turns=1797	cache_hit=95.3%	in=1273289	cr=940765669	cc=44768430	out=5901058
2026-07-15T13:32:51+08:00	agent=	session=e33ba939-69f	cost=0	turns=1803	cache_hit=95.3%	in=1275290	cr=941533762	cc=44774455	out=5916363
2026-07-15T14:53:56+08:00	agent=general-purpose	session=0ff773ea-01e	cost=0	turns=0	cache_hit=—%	in=0	cr=0	cc=0	out=0
2026-07-15T17:06:33+08:00	agent=	session=4abba4f1-4a4	cost=0	turns=2894	cache_hit=96.4%	in=1551856	cr=1512234874	cc=54109261	out=7090484
2026-07-15T19:27:09+08:00	agent=	session=1a2b6e2b-0e9	cost=0	turns=2551	cache_hit=94.9%	in=833596	cr=1249044750	cc=65853871	out=6331090
2026-07-15T19:50:02+08:00	agent=workflow-subagent	session=1a2b6e2b-0e9	cost=0	turns=2608	cache_hit=94.9%	in=976255	cr=1254554243	cc=66908296	out=6427728
2026-07-15T19:50:08+08:00	agent=workflow-subagent	session=1a2b6e2b-0e9	cost=0	turns=2608	cache_hit=94.9%	in=976255	cr=1254554243	cc=66908296	out=6427728
2026-07-15T19:50:08+08:00	agent=	session=1a2b6e2b-0e9	cost=0	turns=2608	cache_hit=94.9%	in=976255	cr=1254554243	cc=66908296	out=6427728
2026-07-15T19:50:13+08:00	agent=workflow-subagent	session=1a2b6e2b-0e9	cost=0	turns=2608	cache_hit=94.9%	in=976255	cr=1254554243	cc=66908296	out=6427728
2026-07-15T19:52:02+08:00	agent=workflow-subagent	session=1a2b6e2b-0e9	cost=0	turns=2608	cache_hit=94.9%	in=976255	cr=1254554243	cc=66908296	out=6427728
2026-07-15T19:52:47+08:00	agent=workflow-subagent	session=1a2b6e2b-0e9	cost=0	turns=2608	cache_hit=94.9%	in=976255	cr=1254554243	cc=66908296	out=6427728
2026-07-15T19:55:13+08:00	agent=workflow-subagent	session=1a2b6e2b-0e9	cost=0	turns=2608	cache_hit=94.9%	in=976255	cr=1254554243	cc=66908296	out=6427728
2026-07-15T19:56:31+08:00	agent=workflow-subagent	session=1a2b6e2b-0e9	cost=0	turns=2608	cache_hit=94.9%	in=976255	cr=1254554243	cc=66908296	out=6427728
2026-07-15T19:59:33+08:00	agent=workflow-subagent	session=1a2b6e2b-0e9	cost=0	turns=2608	cache_hit=94.9%	in=976255	cr=1254554243	cc=66908296	out=6427728
2026-07-15T20:04:28+08:00	agent=	session=1a2b6e2b-0e9	cost=0	turns=2629	cache_hit=94.9%	in=981799	cr=1258046097	cc=66998419	out=6470927
2026-07-16T04:02:38+08:00	agent=	session=d0806fea-6a6	cost=0	turns=3071	cache_hit=93.3%	in=1754067	cr=1560892495	cc=110358504	out=7116102
2026-07-16T04:04:57+08:00	agent=general-purpose	session=d0806fea-6a6	cost=0	turns=3071	cache_hit=93.3%	in=1754067	cr=1560892495	cc=110358504	out=7116102
2026-07-16T04:05:11+08:00	agent=general-purpose	session=d0806fea-6a6	cost=0	turns=3071	cache_hit=93.3%	in=1754067	cr=1560892495	cc=110358504	out=7116102
2026-07-16T04:05:43+08:00	agent=general-purpose	session=d0806fea-6a6	cost=0	turns=3071	cache_hit=93.3%	in=1754067	cr=1560892495	cc=110358504	out=7116102
2026-07-16T04:06:02+08:00	agent=general-purpose	session=d0806fea-6a6	cost=0	turns=3071	cache_hit=93.3%	in=1754067	cr=1560892495	cc=110358504	out=7116102
2026-07-16T04:06:44+08:00	agent=general-purpose	session=d0806fea-6a6	cost=0	turns=3071	cache_hit=93.3%	in=1754067	cr=1560892495	cc=110358504	out=7116102
2026-07-16T04:08:31+08:00	agent=general-purpose	session=d0806fea-6a6	cost=0	turns=3071	cache_hit=93.3%	in=1754067	cr=1560892495	cc=110358504	out=7116102
2026-07-16T04:41:21+08:00	agent=	session=1a2b6e2b-0e9	cost=0	turns=2649	cache_hit=94.8%	in=991238	cr=1260913336	cc=68273804	out=6560036
2026-07-16T05:16:59+08:00	agent=	session=1a2b6e2b-0e9	cost=0	turns=2662	cache_hit=94.8%	in=998194	cr=1264103458	cc=68367924	out=6620557
2026-07-16T09:08:59+08:00	agent=Explore	session=791bfc96-f32	cost=0	turns=0	cache_hit=—%	in=0	cr=0	cc=0	out=0
2026-07-16T09:12:00+08:00	agent=Explore	session=791bfc96-f32	cost=0	turns=0	cache_hit=—%	in=0	cr=0	cc=0	out=0
2026-07-17T21:59:55+08:00	agent=general-purpose	session=691a3f2e-821	cost=0	turns=0	cache_hit=—%	in=0	cr=0	cc=0	out=0
2026-07-17T22:00:04+08:00	agent=general-purpose	session=691a3f2e-821	cost=0	turns=0	cache_hit=—%	in=0	cr=0	cc=0	out=0
2026-07-19T22:25:11+08:00	agent=	session=4abba4f1-4a4	cost=0	turns=3195	cache_hit=96.6%	in=1631483	cr=1675172649	cc=57397299	out=7679502
2026-07-20T09:40:17+08:00	agent=	session=1a2b6e2b-0e9	cost=0	turns=2667	cache_hit=94.8%	in=1002419	cr=1265474314	cc=68379121	out=6640938
2026-07-20T09:47:02+08:00	agent=	session=1a2b6e2b-0e9	cost=0	turns=2696	cache_hit=94.8%	in=1027041	cr=1268588124	cc=69023759	out=6688897
2026-07-20T10:41:55+08:00	agent=	session=1a2b6e2b-0e9	cost=0	turns=2706	cache_hit=94.8%	in=1027058	cr=1270078420	cc=69042842	out=6713089
2026-07-20T10:45:25+08:00	agent=	session=1a2b6e2b-0e9	cost=0	turns=2710	cache_hit=94.8%	in=1027066	cr=1270708512	cc=69046730	out=6720693
2026-07-20T11:03:09+08:00	agent=	session=1a2b6e2b-0e9	cost=0	turns=2747	cache_hit=94.8%	in=1027134	cr=1277111238	cc=69109571	out=6753965
2026-07-20T11:39:19+08:00	agent=	session=1a2b6e2b-0e9	cost=0	turns=2772	cache_hit=94.8%	in=1027179	cr=1282067422	cc=69146503	out=6792169
2026-07-20T14:27:38+08:00	agent=	session=1a2b6e2b-0e9	cost=0	turns=2780	cache_hit=94.8%	in=1027195	cr=1283138208	cc=69796259	out=6802252
2026-07-20T22:09:18+08:00	agent=	session=4abba4f1-4a4	cost=0	turns=3207	cache_hit=96.5%	in=1634487	cr=1678572436	cc=59216954	out=7685547
2026-07-20T22:32:13+08:00	agent=	session=4abba4f1-4a4	cost=0	turns=3222	cache_hit=96.5%	in=1636974	cr=1685812610	cc=59237340	out=7706356
2026-07-23T09:02:15+08:00	agent=general-purpose	session=14247afb-8f9	cost=0	turns=0	cache_hit=—%	in=0	cr=0	cc=0	out=0
2026-07-23T09:02:40+08:00	agent=general-purpose	session=14247afb-8f9	cost=0	turns=0	cache_hit=—%	in=0	cr=0	cc=0	out=0
2026-07-23T09:03:14+08:00	agent=general-purpose	session=14247afb-8f9	cost=0	turns=0	cache_hit=—%	in=0	cr=0	cc=0	out=0
2026-07-25T04:12:08+08:00	agent=	session=fb65c6da-059	cost=0	turns=24	cache_hit=77.2%	in=44	cr=1951336	cc=574915	out=33013
2026-07-25T04:42:39+08:00	agent=	session=fb65c6da-059	cost=0	turns=47	cache_hit=89.1%	in=85	cr=5111970	cc=622481	out=67685
2026-07-25T15:11:24+08:00	agent=	session=efb6e3d8-c4a	cost=0	turns=169	cache_hit=85.3%	in=326102	cr=29588175	cc=4788625	out=579212
2026-07-25T15:35:51+08:00	agent=	session=efb6e3d8-c4a	cost=0	turns=186	cache_hit=87.1%	in=326134	cr=34862651	cc=4850295	out=643153
2026-07-25T15:47:15+08:00	agent=	session=efb6e3d8-c4a	cost=0	turns=194	cache_hit=87.8%	in=326150	cr=37513262	cc=4873319	out=672174
2026-07-25T16:43:37+08:00	agent=	session=efb6e3d8-c4a	cost=0	turns=268	cache_hit=92.4%	in=326283	cr=65316489	cc=5067259	out=805394
2026-07-25T16:58:13+08:00	agent=	session=efb6e3d8-c4a	cost=0	turns=319	cache_hit=94.1%	in=326377	cr=87655711	cc=5178441	out=908182
2026-07-25T17:09:27+08:00	agent=	session=efb6e3d8-c4a	cost=0	turns=364	cache_hit=95.1%	in=326462	cr=109311953	cc=5255641	out=946409
2026-07-25T17:19:40+08:00	agent=	session=efb6e3d8-c4a	cost=0	turns=380	cache_hit=95.4%	in=326491	cr=117385820	cc=5278201	out=965738
2026-07-25T17:29:04+08:00	agent=	session=efb6e3d8-c4a	cost=0	turns=427	cache_hit=96.1%	in=326577	cr=142736090	cc=5399326	out=1053190
2026-07-25T17:59:19+08:00	agent=	session=efb6e3d8-c4a	cost=0	turns=465	cache_hit=96.6%	in=326645	cr=164516780	cc=5468578	out=1108052
2026-07-25T18:09:50+08:00	agent=	session=efb6e3d8-c4a	cost=0	turns=491	cache_hit=96.8%	in=326695	cr=180367710	cc=5558271	out=1189528
2026-07-26T01:36:59+08:00	agent=	session=efb6e3d8-c4a	cost=0	turns=497	cache_hit=95.9%	in=326707	cr=182252484	cc=7446343	out=1196976
2026-07-26T01:55:48+08:00	agent=	session=efb6e3d8-c4a	cost=0	turns=538	cache_hit=96.4%	in=326782	cr=208692649	cc=7512350	out=1246331
2026-07-26T02:01:21+08:00	agent=	session=efb6e3d8-c4a	cost=0	turns=547	cache_hit=96.5%	in=326800	cr=214651496	cc=7527530	out=1259954
2026-07-26T02:29:08+08:00	agent=	session=efb6e3d8-c4a	cost=0	turns=645	cache_hit=97.2%	in=326981	cr=282757476	cc=7672424	out=1377963
2026-07-26T03:00:45+08:00	agent=	session=fb65c6da-059	cost=0	turns=104	cache_hit=86.1%	in=189	cr=15682837	cc=2537467	out=174028
2026-07-26T03:10:59+08:00	agent=	session=4abba4f1-4a4	cost=0	turns=3395	cache_hit=96.6%	in=1637289	cr=1779158631	cc=61521751	out=7932681
2026-07-26T03:25:36+08:00	agent=	session=fb65c6da-059	cost=0	turns=142	cache_hit=90.8%	in=256	cr=26279736	cc=2648763	out=257443
2026-07-26T03:31:44+08:00	agent=	session=fb65c6da-059	cost=0	turns=163	cache_hit=92.5%	in=297	cr=32935219	cc=2686136	out=309910
2026-07-26T03:48:44+08:00	agent=	session=4abba4f1-4a4	cost=0	turns=3451	cache_hit=96.6%	in=1637394	cr=1813898963	cc=61589205	out=7985898
2026-07-26T03:56:11+08:00	agent=	session=4abba4f1-4a4	cost=0	turns=3493	cache_hit=96.7%	in=1637471	cr=1841160716	cc=61652639	out=8027610
2026-07-26T04:14:01+08:00	agent=	session=4abba4f1-4a4	cost=0	turns=3510	cache_hit=96.7%	in=1637502	cr=1852492293	cc=61669116	out=8038123
2026-07-26T04:15:25+08:00	agent=	session=4abba4f1-4a4	cost=0	turns=3515	cache_hit=96.7%	in=1637512	cr=1855860727	cc=61673718	out=8041464
2026-07-26T04:23:59+08:00	agent=	session=4abba4f1-4a4	cost=0	turns=3559	cache_hit=96.7%	in=1637594	cr=1886458326	cc=61786515	out=8102215
2026-07-26T04:33:12+08:00	agent=	session=fb65c6da-059	cost=0	turns=288	cache_hit=96.5%	in=530	cr=79355257	cc=2849968	out=433115
2026-07-26T05:52:45+08:00	agent=	session=4abba4f1-4a4	cost=0	turns=3563	cache_hit=96.6%	in=1637602	cr=1887180735	cc=63954606	out=8104501
2026-07-26T08:09:55+08:00	agent=	session=efb6e3d8-c4a	cost=0	turns=652	cache_hit=96.5%	in=326994	cr=285705625	cc=9893611	out=1394837
2026-07-26T08:14:28+08:00	agent=	session=efb6e3d8-c4a	cost=0	turns=654	cache_hit=96.6%	in=326998	cr=287194719	cc=9896579	out=1406779
2026-07-26T08:34:54+08:00	agent=	session=efb6e3d8-c4a	cost=0	turns=662	cache_hit=96.6%	in=327014	cr=293225464	cc=9925023	out=1443115
2026-07-26T08:39:38+08:00	agent=	session=efb6e3d8-c4a	cost=0	turns=667	cache_hit=96.7%	in=327024	cr=297060205	cc=9934646	out=1458671
2026-07-26T08:48:17+08:00	agent=	session=fb65c6da-059	cost=0	turns=304	cache_hit=95.8%	in=560	cr=85369234	cc=3768861	out=468961
2026-07-26T08:48:37+08:00	agent=	session=efb6e3d8-c4a	cost=0	turns=671	cache_hit=96.7%	in=327032	cr=300159210	cc=9940392	out=1468981
2026-07-26T11:39:40+08:00	agent=	session=efb6e3d8-c4a	cost=0	turns=682	cache_hit=96.0%	in=327053	cr=306423561	cc=12295071	out=1477740
2026-07-26T11:44:50+08:00	agent=	session=fb65c6da-059	cost=0	turns=316	cache_hit=94.5%	in=584	cr=89537125	cc=5166265	out=498937
2026-07-26T11:51:14+08:00	agent=	session=efb6e3d8-c4a	cost=0	turns=692	cache_hit=96.1%	in=327073	cr=314355420	cc=12323967	out=1488413
2026-07-26T11:57:42+08:00	agent=	session=fb65c6da-059	cost=0	turns=329	cache_hit=94.9%	in=610	cr=95746720	cc=5188160	out=522287
2026-07-26T13:03:28+08:00	agent=	session=efb6e3d8-c4a	cost=0	turns=702	cache_hit=95.5%	in=327090	cr=320011969	cc=14763059	out=1500404
2026-07-26T13:25:04+08:00	agent=	session=fb65c6da-059	cost=0	turns=342	cache_hit=93.8%	in=634	cr=100662943	cc=6668541	out=548586
2026-07-26T13:28:05+08:00	agent=	session=efb6e3d8-c4a	cost=0	turns=729	cache_hit=95.8%	in=327141	cr=342245917	cc=14814502	out=1549989
2026-07-26T13:59:55+08:00	agent=	session=fb65c6da-059	cost=0	turns=353	cache_hit=94.1%	in=655	cr=106212800	cc=6689050	out=577755
2026-07-26T15:00:04+08:00	agent=	session=fb65c6da-059	cost=0	turns=363	cache_hit=94.3%	in=675	cr=111432696	cc=6726599	out=621247
2026-07-26T15:10:36+08:00	agent=	session=efb6e3d8-c4a	cost=0	turns=737	cache_hit=95.1%	in=327156	cr=346486704	cc=17366930	out=1560485
2026-07-26T15:15:34+08:00	agent=	session=efb6e3d8-c4a	cost=0	turns=761	cache_hit=95.4%	in=327201	cr=367123305	cc=17406024	out=1591867
2026-07-26T15:26:30+08:00	agent=	session=efb6e3d8-c4a	cost=0	turns=776	cache_hit=95.5%	in=327229	cr=380349074	cc=17442117	out=1636096
2026-07-26T15:48:13+08:00	agent=	session=efb6e3d8-c4a	cost=0	turns=786	cache_hit=95.6%	in=327246	cr=389354348	cc=17473198	out=1657109
2026-07-26T18:53:22+08:00	agent=	session=efb6e3d8-c4a	cost=0	turns=810	cache_hit=95.2%	in=327291	cr=408756912	cc=20272036	out=1701069
2026-07-26T21:16:01+08:00	agent=	session=31ea4ce5-f44	cost=0	turns=28	cache_hit=83.9%	in=54	cr=2678226	cc=512751	out=45457
2026-07-26T21:26:28+08:00	agent=	session=efb6e3d8-c4a	cost=0	turns=826	cache_hit=94.7%	in=327320	cr=421151138	cc=23136514	out=1740433
2026-07-26T21:41:12+08:00	agent=	session=efb6e3d8-c4a	cost=0	turns=836	cache_hit=94.8%	in=327337	cr=430843902	cc=23151319	out=1755259
2026-07-26T21:42:36+08:00	agent=	session=31ea4ce5-f44	cost=0	turns=94	cache_hit=95.9%	in=173	cr=15524464	cc=656594	out=199102
2026-07-26T21:43:33+08:00	agent=	session=efb6e3d8-c4a	cost=0	turns=840	cache_hit=94.9%	in=327345	cr=434747973	cc=23156334	out=1763542
2026-07-26T22:01:00+08:00	agent=	session=31ea4ce5-f44	cost=0	turns=106	cache_hit=96.4%	in=197	cr=18314765	cc=686829	out=232932
2026-07-26T22:02:19+08:00	agent=	session=efb6e3d8-c4a	cost=0	turns=844	cache_hit=94.9%	in=327353	cr=438673638	cc=23161023	out=1771964
2026-07-26T22:13:18+08:00	agent=	session=efb6e3d8-c4a	cost=0	turns=851	cache_hit=95.0%	in=327364	cr=445588125	cc=23176762	out=1788894
2026-07-26T22:20:14+08:00	agent=	session=efb6e3d8-c4a	cost=0	turns=854	cache_hit=95.0%	in=327370	cr=448576311	cc=23178919	out=1799808
2026-07-26T22:38:34+08:00	agent=	session=efb6e3d8-c4a	cost=0	turns=884	cache_hit=95.0%	in=327424	cr=451697838	cc=23448993	out=1884530
2026-07-26T22:45:54+08:00	agent=	session=fb65c6da-059	cost=0	turns=403	cache_hit=94.0%	in=750	cr=132242535	cc=8438278	out=703411
2026-07-26T23:06:07+08:00	agent=	session=efb6e3d8-c4a	cost=0	turns=931	cache_hit=95.0%	in=327515	cr=459092884	cc=23899120	out=2013277
2026-07-26T23:21:08+08:00	agent=	session=fb65c6da-059	cost=0	turns=454	cache_hit=95.0%	in=846	cr=163056658	cc=8522590	out=753756
2026-07-26T23:23:39+08:00	agent=	session=31ea4ce5-f44	cost=0	turns=121	cache_hit=92.4%	in=227	cr=21120896	cc=1725434	out=261213
2026-07-26T23:27:10+08:00	agent=	session=fb65c6da-059	cost=0	turns=480	cache_hit=95.4%	in=895	cr=179585121	cc=8563233	out=785913
2026-07-26T23:35:27+08:00	agent=	session=fb65c6da-059	cost=0	turns=489	cache_hit=95.6%	in=913	cr=185453878	cc=8576468	out=800476
2026-07-26T23:52:39+08:00	agent=	session=efb6e3d8-c4a	cost=0	turns=959	cache_hit=95.0%	in=327569	cr=465171942	cc=23949691	out=2062517
2026-07-26T23:52:51+08:00	agent=	session=fb65c6da-059	cost=0	turns=515	cache_hit=95.9%	in=962	cr=202876675	cc=8626959	out=858133
2026-07-27T00:16:50+08:00	agent=	session=a89947d3-0ef	cost=0	turns=108	cache_hit=95.5%	in=377	cr=17275443	cc=813909	out=150276
2026-07-27T00:18:39+08:00	agent=workflow-subagent	session=a89947d3-0ef	cost=0	turns=108	cache_hit=95.5%	in=377	cr=17275443	cc=813909	out=150276
2026-07-27T00:19:54+08:00	agent=workflow-subagent	session=a89947d3-0ef	cost=0	turns=108	cache_hit=95.5%	in=377	cr=17275443	cc=813909	out=150276
2026-07-27T00:23:42+08:00	agent=workflow-subagent	session=a89947d3-0ef	cost=0	turns=108	cache_hit=95.5%	in=377	cr=17275443	cc=813909	out=150276
2026-07-27T00:26:16+08:00	agent=workflow-subagent	session=a89947d3-0ef	cost=0	turns=108	cache_hit=95.5%	in=377	cr=17275443	cc=813909	out=150276
2026-07-27T00:27:04+08:00	agent=workflow-subagent	session=a89947d3-0ef	cost=0	turns=108	cache_hit=95.5%	in=377	cr=17275443	cc=813909	out=150276
2026-07-27T00:28:23+08:00	agent=workflow-subagent	session=a89947d3-0ef	cost=0	turns=108	cache_hit=95.5%	in=377	cr=17275443	cc=813909	out=150276
2026-07-27T00:29:50+08:00	agent=workflow-subagent	session=a89947d3-0ef	cost=0	turns=108	cache_hit=95.5%	in=377	cr=17275443	cc=813909	out=150276
2026-07-27T00:31:30+08:00	agent=workflow-subagent	session=a89947d3-0ef	cost=0	turns=108	cache_hit=95.5%	in=377	cr=17275443	cc=813909	out=150276
2026-07-27T00:33:51+08:00	agent=workflow-subagent	session=a89947d3-0ef	cost=0	turns=108	cache_hit=95.5%	in=377	cr=17275443	cc=813909	out=150276
2026-07-27T00:33:57+08:00	agent=workflow-subagent	session=a89947d3-0ef	cost=0	turns=108	cache_hit=95.5%	in=377	cr=17275443	cc=813909	out=150276
2026-07-27T00:34:08+08:00	agent=workflow-subagent	session=a89947d3-0ef	cost=0	turns=108	cache_hit=95.5%	in=377	cr=17275443	cc=813909	out=150276
2026-07-27T00:34:15+08:00	agent=workflow-subagent	session=a89947d3-0ef	cost=0	turns=108	cache_hit=95.5%	in=377	cr=17275443	cc=813909	out=150276
2026-07-27T00:34:28+08:00	agent=workflow-subagent	session=a89947d3-0ef	cost=0	turns=108	cache_hit=95.5%	in=377	cr=17275443	cc=813909	out=150276
2026-07-27T00:34:31+08:00	agent=workflow-subagent	session=a89947d3-0ef	cost=0	turns=108	cache_hit=95.5%	in=377	cr=17275443	cc=813909	out=150276
2026-07-27T00:34:40+08:00	agent=workflow-subagent	session=a89947d3-0ef	cost=0	turns=108	cache_hit=95.5%	in=377	cr=17275443	cc=813909	out=150276
2026-07-27T00:34:54+08:00	agent=workflow-subagent	session=a89947d3-0ef	cost=0	turns=108	cache_hit=95.5%	in=377	cr=17275443	cc=813909	out=150276
2026-07-27T00:34:55+08:00	agent=workflow-subagent	session=a89947d3-0ef	cost=0	turns=108	cache_hit=95.5%	in=377	cr=17275443	cc=813909	out=150276
2026-07-27T00:35:11+08:00	agent=workflow-subagent	session=a89947d3-0ef	cost=0	turns=108	cache_hit=95.5%	in=377	cr=17275443	cc=813909	out=150276
2026-07-27T00:35:27+08:00	agent=workflow-subagent	session=a89947d3-0ef	cost=0	turns=108	cache_hit=95.5%	in=377	cr=17275443	cc=813909	out=150276
2026-07-27T00:35:33+08:00	agent=workflow-subagent	session=a89947d3-0ef	cost=0	turns=108	cache_hit=95.5%	in=377	cr=17275443	cc=813909	out=150276
2026-07-27T00:35:53+08:00	agent=workflow-subagent	session=a89947d3-0ef	cost=0	turns=108	cache_hit=95.5%	in=377	cr=17275443	cc=813909	out=150276
2026-07-27T00:36:02+08:00	agent=workflow-subagent	session=a89947d3-0ef	cost=0	turns=108	cache_hit=95.5%	in=377	cr=17275443	cc=813909	out=150276
2026-07-27T00:36:10+08:00	agent=workflow-subagent	session=a89947d3-0ef	cost=0	turns=108	cache_hit=95.5%	in=377	cr=17275443	cc=813909	out=150276
2026-07-27T00:36:45+08:00	agent=workflow-subagent	session=a89947d3-0ef	cost=0	turns=108	cache_hit=95.5%	in=377	cr=17275443	cc=813909	out=150276
2026-07-27T00:36:48+08:00	agent=workflow-subagent	session=a89947d3-0ef	cost=0	turns=108	cache_hit=95.5%	in=377	cr=17275443	cc=813909	out=150276
2026-07-27T00:36:53+08:00	agent=workflow-subagent	session=a89947d3-0ef	cost=0	turns=108	cache_hit=95.5%	in=377	cr=17275443	cc=813909	out=150276
2026-07-27T00:36:57+08:00	agent=workflow-subagent	session=a89947d3-0ef	cost=0	turns=108	cache_hit=95.5%	in=377	cr=17275443	cc=813909	out=150276
2026-07-27T00:37:10+08:00	agent=workflow-subagent	session=a89947d3-0ef	cost=0	turns=108	cache_hit=95.5%	in=377	cr=17275443	cc=813909	out=150276
2026-07-27T00:37:22+08:00	agent=workflow-subagent	session=a89947d3-0ef	cost=0	turns=108	cache_hit=95.5%	in=377	cr=17275443	cc=813909	out=150276
2026-07-27T00:37:38+08:00	agent=workflow-subagent	session=a89947d3-0ef	cost=0	turns=108	cache_hit=95.5%	in=377	cr=17275443	cc=813909	out=150276
2026-07-27T00:37:53+08:00	agent=workflow-subagent	session=a89947d3-0ef	cost=0	turns=108	cache_hit=95.5%	in=377	cr=17275443	cc=813909	out=150276
2026-07-27T00:38:07+08:00	agent=workflow-subagent	session=a89947d3-0ef	cost=0	turns=108	cache_hit=95.5%	in=377	cr=17275443	cc=813909	out=150276
2026-07-27T00:38:14+08:00	agent=workflow-subagent	session=a89947d3-0ef	cost=0	turns=108	cache_hit=95.5%	in=377	cr=17275443	cc=813909	out=150276
2026-07-27T00:38:43+08:00	agent=workflow-subagent	session=a89947d3-0ef	cost=0	turns=108	cache_hit=95.5%	in=377	cr=17275443	cc=813909	out=150276
2026-07-27T00:38:52+08:00	agent=workflow-subagent	session=a89947d3-0ef	cost=0	turns=108	cache_hit=95.5%	in=377	cr=17275443	cc=813909	out=150276
2026-07-27T00:38:57+08:00	agent=workflow-subagent	session=a89947d3-0ef	cost=0	turns=108	cache_hit=95.5%	in=377	cr=17275443	cc=813909	out=150276
2026-07-27T00:39:01+08:00	agent=workflow-subagent	session=a89947d3-0ef	cost=0	turns=108	cache_hit=95.5%	in=377	cr=17275443	cc=813909	out=150276
2026-07-27T00:39:22+08:00	agent=workflow-subagent	session=a89947d3-0ef	cost=0	turns=108	cache_hit=95.5%	in=377	cr=17275443	cc=813909	out=150276
2026-07-27T00:39:54+08:00	agent=workflow-subagent	session=a89947d3-0ef	cost=0	turns=108	cache_hit=95.5%	in=377	cr=17275443	cc=813909	out=150276
2026-07-27T00:40:10+08:00	agent=workflow-subagent	session=a89947d3-0ef	cost=0	turns=108	cache_hit=95.5%	in=377	cr=17275443	cc=813909	out=150276
2026-07-27T00:40:13+08:00	agent=workflow-subagent	session=a89947d3-0ef	cost=0	turns=108	cache_hit=95.5%	in=377	cr=17275443	cc=813909	out=150276
2026-07-27T00:40:20+08:00	agent=workflow-subagent	session=a89947d3-0ef	cost=0	turns=108	cache_hit=95.5%	in=377	cr=17275443	cc=813909	out=150276
2026-07-27T00:40:26+08:00	agent=workflow-subagent	session=a89947d3-0ef	cost=0	turns=108	cache_hit=95.5%	in=377	cr=17275443	cc=813909	out=150276
2026-07-27T00:40:51+08:00	agent=workflow-subagent	session=a89947d3-0ef	cost=0	turns=108	cache_hit=95.5%	in=377	cr=17275443	cc=813909	out=150276
2026-07-27T00:40:57+08:00	agent=workflow-subagent	session=a89947d3-0ef	cost=0	turns=108	cache_hit=95.5%	in=377	cr=17275443	cc=813909	out=150276
2026-07-27T00:41:07+08:00	agent=workflow-subagent	session=a89947d3-0ef	cost=0	turns=108	cache_hit=95.5%	in=377	cr=17275443	cc=813909	out=150276
2026-07-27T00:41:12+08:00	agent=workflow-subagent	session=a89947d3-0ef	cost=0	turns=108	cache_hit=95.5%	in=377	cr=17275443	cc=813909	out=150276
2026-07-27T00:41:13+08:00	agent=workflow-subagent	session=a89947d3-0ef	cost=0	turns=108	cache_hit=95.5%	in=377	cr=17275443	cc=813909	out=150276
2026-07-27T00:41:35+08:00	agent=workflow-subagent	session=a89947d3-0ef	cost=0	turns=108	cache_hit=95.5%	in=377	cr=17275443	cc=813909	out=150276
2026-07-27T00:41:42+08:00	agent=workflow-subagent	session=a89947d3-0ef	cost=0	turns=108	cache_hit=95.5%	in=377	cr=17275443	cc=813909	out=150276
2026-07-27T00:42:13+08:00	agent=workflow-subagent	session=a89947d3-0ef	cost=0	turns=108	cache_hit=95.5%	in=377	cr=17275443	cc=813909	out=150276
2026-07-27T00:42:20+08:00	agent=workflow-subagent	session=a89947d3-0ef	cost=0	turns=108	cache_hit=95.5%	in=377	cr=17275443	cc=813909	out=150276
2026-07-27T00:42:25+08:00	agent=workflow-subagent	session=a89947d3-0ef	cost=0	turns=108	cache_hit=95.5%	in=377	cr=17275443	cc=813909	out=150276
2026-07-27T00:42:26+08:00	agent=workflow-subagent	session=a89947d3-0ef	cost=0	turns=108	cache_hit=95.5%	in=377	cr=17275443	cc=813909	out=150276
2026-07-27T00:42:42+08:00	agent=workflow-subagent	session=a89947d3-0ef	cost=0	turns=108	cache_hit=95.5%	in=377	cr=17275443	cc=813909	out=150276
2026-07-27T00:42:56+08:00	agent=workflow-subagent	session=a89947d3-0ef	cost=0	turns=108	cache_hit=95.5%	in=377	cr=17275443	cc=813909	out=150276
2026-07-27T00:42:57+08:00	agent=workflow-subagent	session=a89947d3-0ef	cost=0	turns=108	cache_hit=95.5%	in=377	cr=17275443	cc=813909	out=150276
2026-07-27T00:43:18+08:00	agent=workflow-subagent	session=a89947d3-0ef	cost=0	turns=108	cache_hit=95.5%	in=377	cr=17275443	cc=813909	out=150276
2026-07-27T05:01:27+08:00	agent=	session=a89947d3-0ef	cost=0	turns=135	cache_hit=93.4%	in=425	cr=23389470	cc=1640811	out=239650
2026-07-27T05:41:46+08:00	agent=	session=a89947d3-0ef	cost=0	turns=246	cache_hit=97.1%	in=632	cr=59321332	cc=1796657	out=343465
2026-07-27T06:01:19+08:00	agent=	session=a89947d3-0ef	cost=0	turns=318	cache_hit=97.8%	in=761	cr=87481287	cc=1944064	out=450990
2026-07-27T06:06:31+08:00	agent=	session=a89947d3-0ef	cost=0	turns=342	cache_hit=98.0%	in=805	cr=98180772	cc=2022516	out=481160
2026-07-27T06:08:36+08:00	agent=	session=a89947d3-0ef	cost=0	turns=346	cache_hit=98.0%	in=813	cr=100056179	cc=2025588	out=485973
2026-07-27T06:27:59+08:00	agent=	session=a89947d3-0ef	cost=0	turns=394	cache_hit=98.3%	in=901	cr=123998779	cc=2177265	out=582737
2026-07-27T07:00:58+08:00	agent=	session=a89947d3-0ef	cost=0	turns=419	cache_hit=98.4%	in=950	cr=137979100	cc=2262977	out=642652
2026-07-27T07:12:03+08:00	agent=	session=a89947d3-0ef	cost=0	turns=439	cache_hit=98.5%	in=986	cr=149825170	cc=2320074	out=686883
2026-07-27T07:28:04+08:00	agent=	session=a89947d3-0ef	cost=0	turns=469	cache_hit=98.6%	in=1041	cr=168489819	cc=2393728	out=749146
2026-07-27T07:29:00+08:00	agent=workflow-subagent	session=a89947d3-0ef	cost=0	turns=469	cache_hit=98.6%	in=1041	cr=168489819	cc=2393728	out=749146
2026-07-27T07:29:25+08:00	agent=workflow-subagent	session=a89947d3-0ef	cost=0	turns=469	cache_hit=98.6%	in=1041	cr=168489819	cc=2393728	out=749146
2026-07-27T07:36:51+08:00	agent=	session=a89947d3-0ef	cost=0	turns=497	cache_hit=98.7%	in=1093	cr=187031451	cc=2484331	out=799792
2026-07-27T07:44:51+08:00	agent=	session=a89947d3-0ef	cost=0	turns=507	cache_hit=98.7%	in=1113	cr=193942564	cc=2507329	out=821150
2026-07-27T08:34:25+08:00	agent=workflow-subagent	session=a89947d3-0ef	cost=0	turns=534	cache_hit=98.8%	in=1163	cr=213361682	cc=2591666	out=887655
2026-07-27T08:34:32+08:00	agent=workflow-subagent	session=a89947d3-0ef	cost=0	turns=534	cache_hit=98.8%	in=1163	cr=213361682	cc=2591666	out=887655
2026-07-27T08:35:20+08:00	agent=workflow-subagent	session=a89947d3-0ef	cost=0	turns=539	cache_hit=98.8%	in=1173	cr=217082600	cc=2600075	out=894830
2026-07-27T08:36:15+08:00	agent=workflow-subagent	session=a89947d3-0ef	cost=0	turns=542	cache_hit=98.8%	in=1176	cr=219323204	cc=2605874	out=899384
2026-07-27T08:36:21+08:00	agent=workflow-subagent	session=a89947d3-0ef	cost=0	turns=542	cache_hit=98.8%	in=1176	cr=219323204	cc=2605874	out=899384
2026-07-27T08:39:00+08:00	agent=workflow-subagent	session=a89947d3-0ef	cost=0	turns=559	cache_hit=98.9%	in=1209	cr=232198405	cc=2654751	out=937161
2026-07-27T08:39:10+08:00	agent=workflow-subagent	session=a89947d3-0ef	cost=0	turns=559	cache_hit=98.9%	in=1209	cr=232198405	cc=2654751	out=937161
2026-07-27T08:39:36+08:00	agent=workflow-subagent	session=a89947d3-0ef	cost=0	turns=562	cache_hit=98.9%	in=1215	cr=234504943	cc=2657985	out=942336
2026-07-27T08:39:40+08:00	agent=workflow-subagent	session=a89947d3-0ef	cost=0	turns=562	cache_hit=98.9%	in=1215	cr=234504943	cc=2657985	out=942336
2026-07-27T08:42:27+08:00	agent=	session=a89947d3-0ef	cost=0	turns=575	cache_hit=98.9%	in=1238	cr=244584059	cc=2698221	out=967117
2026-07-27T08:49:09+08:00	agent=	session=a89947d3-0ef	cost=0	turns=587	cache_hit=98.9%	in=1261	cr=254055982	cc=2710279	out=976465
2026-07-27T08:51:32+08:00	agent=workflow-subagent	session=a89947d3-0ef	cost=0	turns=587	cache_hit=98.9%	in=1261	cr=254055982	cc=2710279	out=976465
2026-07-27T09:03:22+08:00	agent=workflow-subagent	session=a89947d3-0ef	cost=0	turns=587	cache_hit=98.9%	in=1261	cr=254055982	cc=2710279	out=976465
2026-07-27T09:04:56+08:00	agent=workflow-subagent	session=a89947d3-0ef	cost=0	turns=587	cache_hit=98.9%	in=1261	cr=254055982	cc=2710279	out=976465
2026-07-27T09:05:58+08:00	agent=workflow-subagent	session=a89947d3-0ef	cost=0	turns=587	cache_hit=98.9%	in=1261	cr=254055982	cc=2710279	out=976465
2026-07-27T09:07:07+08:00	agent=workflow-subagent	session=a89947d3-0ef	cost=0	turns=587	cache_hit=98.9%	in=1261	cr=254055982	cc=2710279	out=976465
2026-07-27T09:08:53+08:00	agent=workflow-subagent	session=a89947d3-0ef	cost=0	turns=587	cache_hit=98.9%	in=1261	cr=254055982	cc=2710279	out=976465
2026-07-27T09:12:02+08:00	agent=workflow-subagent	session=a89947d3-0ef	cost=0	turns=587	cache_hit=98.9%	in=1261	cr=254055982	cc=2710279	out=976465
2026-07-27T09:14:29+08:00	agent=	session=a89947d3-0ef	cost=0	turns=601	cache_hit=99.0%	in=1288	cr=265256272	cc=2741922	out=990863
2026-07-27T09:21:24+08:00	agent=	session=a89947d3-0ef	cost=0	turns=614	cache_hit=99.0%	in=1313	cr=275791402	cc=2756854	out=1008110
2026-07-27T09:21:57+08:00	agent=workflow-subagent	session=a89947d3-0ef	cost=0	turns=614	cache_hit=99.0%	in=1313	cr=275791402	cc=2756854	out=1008110
2026-07-27T09:23:47+08:00	agent=workflow-subagent	session=a89947d3-0ef	cost=0	turns=614	cache_hit=99.0%	in=1313	cr=275791402	cc=2756854	out=1008110
2026-07-27T09:24:53+08:00	agent=workflow-subagent	session=a89947d3-0ef	cost=0	turns=614	cache_hit=99.0%	in=1313	cr=275791402	cc=2756854	out=1008110
2026-07-27T09:25:59+08:00	agent=workflow-subagent	session=a89947d3-0ef	cost=0	turns=614	cache_hit=99.0%	in=1313	cr=275791402	cc=2756854	out=1008110
2026-07-27T09:31:07+08:00	agent=workflow-subagent	session=a89947d3-0ef	cost=0	turns=642	cache_hit=99.1%	in=1367	cr=299035762	cc=2815400	out=1039356
2026-07-27T09:35:10+08:00	agent=workflow-subagent	session=a89947d3-0ef	cost=0	turns=642	cache_hit=99.1%	in=1367	cr=299035762	cc=2815400	out=1039356
2026-07-27T09:35:38+08:00	agent=workflow-subagent	session=a89947d3-0ef	cost=0	turns=642	cache_hit=99.1%	in=1367	cr=299035762	cc=2815400	out=1039356
2026-07-27T11:06:37+08:00	agent=workflow-subagent	session=a89947d3-0ef	cost=0	turns=711	cache_hit=98.5%	in=1493	cr=356311736	cc=5566380	out=1132280
2026-07-27T11:07:49+08:00	agent=workflow-subagent	session=a89947d3-0ef	cost=0	turns=711	cache_hit=98.5%	in=1493	cr=356311736	cc=5566380	out=1132280
2026-07-27T11:12:57+08:00	agent=workflow-subagent	session=a89947d3-0ef	cost=0	turns=711	cache_hit=98.5%	in=1493	cr=356311736	cc=5566380	out=1132280
2026-07-27T11:20:18+08:00	agent=	session=a89947d3-0ef	cost=0	turns=728	cache_hit=98.5%	in=1525	cr=372056110	cc=5671076	out=1183888
2026-07-27T11:36:38+08:00	agent=workflow-subagent	session=a89947d3-0ef	cost=0	turns=740	cache_hit=98.5%	in=1546	cr=383556278	cc=5706103	out=1233169
2026-07-27T11:36:59+08:00	agent=	session=a89947d3-0ef	cost=0	turns=741	cache_hit=98.5%	in=1548	cr=384526928	cc=5712015	out=1235048
2026-07-27T11:38:02+08:00	agent=workflow-subagent	session=a89947d3-0ef	cost=0	turns=741	cache_hit=98.5%	in=1548	cr=384526928	cc=5712015	out=1235048
2026-07-27T11:38:06+08:00	agent=workflow-subagent	session=a89947d3-0ef	cost=0	turns=741	cache_hit=98.5%	in=1548	cr=384526928	cc=5712015	out=1235048
2026-07-27T11:38:33+08:00	agent=workflow-subagent	session=a89947d3-0ef	cost=0	turns=741	cache_hit=98.5%	in=1548	cr=384526928	cc=5712015	out=1235048
2026-07-27T11:39:04+08:00	agent=workflow-subagent	session=a89947d3-0ef	cost=0	turns=741	cache_hit=98.5%	in=1548	cr=384526928	cc=5712015	out=1235048
2026-07-27T11:41:36+08:00	agent=	session=a89947d3-0ef	cost=0	turns=748	cache_hit=98.6%	in=1562	cr=391395661	cc=5735282	out=1251328
2026-07-27T11:51:28+08:00	agent=workflow-subagent	session=a89947d3-0ef	cost=0	turns=748	cache_hit=98.6%	in=1562	cr=391395661	cc=5735282	out=1251328
2026-07-27T12:04:30+08:00	agent=workflow-subagent	session=a89947d3-0ef	cost=0	turns=748	cache_hit=98.6%	in=1562	cr=391395661	cc=5735282	out=1251328
2026-07-27T12:06:10+08:00	agent=workflow-subagent	session=a89947d3-0ef	cost=0	turns=748	cache_hit=98.6%	in=1562	cr=391395661	cc=5735282	out=1251328
2026-07-27T12:06:31+08:00	agent=workflow-subagent	session=a89947d3-0ef	cost=0	turns=748	cache_hit=98.6%	in=1562	cr=391395661	cc=5735282	out=1251328
2026-07-27T12:07:49+08:00	agent=workflow-subagent	session=a89947d3-0ef	cost=0	turns=748	cache_hit=98.6%	in=1562	cr=391395661	cc=5735282	out=1251328
2026-07-27T12:09:25+08:00	agent=workflow-subagent	session=a89947d3-0ef	cost=0	turns=748	cache_hit=98.6%	in=1562	cr=391395661	cc=5735282	out=1251328
2026-07-27T12:12:58+08:00	agent=	session=a89947d3-0ef	cost=0	turns=748	cache_hit=98.6%	in=1562	cr=391395661	cc=5735282	out=1251328
2026-07-27T12:13:32+08:00	agent=workflow-subagent	session=a89947d3-0ef	cost=0	turns=749	cache_hit=98.6%	in=1563	cr=391484693	cc=5739119	out=1252090
2026-07-27T12:29:30+08:00	agent=	session=a89947d3-0ef	cost=0	turns=880	cache_hit=98.5%	in=2049	cr=412752023	cc=6387671	out=1463415
2026-07-27T12:36:12+08:00	agent=general-purpose	session=a89947d3-0ef	cost=0	turns=880	cache_hit=98.5%	in=2049	cr=412752023	cc=6387671	out=1463415
2026-07-27T12:36:49+08:00	agent=general-purpose	session=a89947d3-0ef	cost=0	turns=883	cache_hit=98.3%	in=2055	cr=412830653	cc=6952520	out=1467303
2026-07-27T12:36:55+08:00	agent=general-purpose	session=a89947d3-0ef	cost=0	turns=886	cache_hit=98.3%	in=2061	cr=413474132	cc=6957974	out=1468290
2026-07-27T12:39:49+08:00	agent=general-purpose	session=a89947d3-0ef	cost=0	turns=913	cache_hit=98.4%	in=2109	cr=419508707	cc=6995334	out=1495164
2026-07-27T12:44:01+08:00	agent=general-purpose	session=a89947d3-0ef	cost=0	turns=935	cache_hit=98.4%	in=2152	cr=424757716	cc=7037391	out=1529530
2026-07-27T12:48:15+08:00	agent=general-purpose	session=a89947d3-0ef	cost=0	turns=966	cache_hit=98.4%	in=2210	cr=432797228	cc=7081681	out=1552975
2026-07-27T12:48:40+08:00	agent=general-purpose	session=a89947d3-0ef	cost=0	turns=966	cache_hit=98.4%	in=2210	cr=432797228	cc=7081681	out=1552975
2026-07-27T16:05:46+08:00	agent=	session=a89947d3-0ef	cost=0	turns=1064	cache_hit=98.2%	in=2380	cr=461557919	cc=8553986	out=1752492
2026-07-27T17:23:16+08:00	agent=	session=a89947d3-0ef	cost=0	turns=1093	cache_hit=98.0%	in=2433	cr=472159624	cc=9865227	out=1889302
2026-07-27T18:00:43+08:00	agent=workflow-subagent	session=a89947d3-0ef	cost=0	turns=1126	cache_hit=98.0%	in=2495	cr=487397664	cc=9972630	out=1945638
2026-07-27T18:01:54+08:00	agent=workflow-subagent	session=a89947d3-0ef	cost=0	turns=1132	cache_hit=98.0%	in=2507	cr=490271340	cc=9993630	out=1954528
2026-07-27T18:03:06+08:00	agent=workflow-subagent	session=a89947d3-0ef	cost=0	turns=1132	cache_hit=98.0%	in=2507	cr=490271340	cc=9993630	out=1954528
2026-07-27T18:03:38+08:00	agent=workflow-subagent	session=a89947d3-0ef	cost=0	turns=1132	cache_hit=98.0%	in=2507	cr=490271340	cc=9993630	out=1954528
2026-07-27T18:04:21+08:00	agent=workflow-subagent	session=a89947d3-0ef	cost=0	turns=1132	cache_hit=98.0%	in=2507	cr=490271340	cc=9993630	out=1954528
2026-07-27T18:06:23+08:00	agent=workflow-subagent	session=a89947d3-0ef	cost=0	turns=1132	cache_hit=98.0%	in=2507	cr=490271340	cc=9993630	out=1954528
2026-07-27T18:08:25+08:00	agent=workflow-subagent	session=a89947d3-0ef	cost=0	turns=1132	cache_hit=98.0%	in=2507	cr=490271340	cc=9993630	out=1954528
2026-07-27T18:09:37+08:00	agent=workflow-subagent	session=a89947d3-0ef	cost=0	turns=1132	cache_hit=98.0%	in=2507	cr=490271340	cc=9993630	out=1954528
2026-07-27T18:10:26+08:00	agent=workflow-subagent	session=a89947d3-0ef	cost=0	turns=1132	cache_hit=98.0%	in=2507	cr=490271340	cc=9993630	out=1954528
2026-07-27T18:13:05+08:00	agent=workflow-subagent	session=a89947d3-0ef	cost=0	turns=1132	cache_hit=98.0%	in=2507	cr=490271340	cc=9993630	out=1954528
2026-07-27T18:17:11+08:00	agent=	session=a89947d3-0ef	cost=0	turns=1149	cache_hit=98.0%	in=2540	cr=498796460	cc=10049046	out=1981794
2026-07-27T18:39:24+08:00	agent=	session=a89947d3-0ef	cost=0	turns=1163	cache_hit=98.0%	in=2567	cr=506039034	cc=10072569	out=2004254
2026-07-27T18:43:39+08:00	agent=	session=a89947d3-0ef	cost=0	turns=1173	cache_hit=98.1%	in=2587	cr=511315611	cc=10099092	out=2029758
2026-07-27T18:49:06+08:00	agent=workflow-subagent	session=a89947d3-0ef	cost=0	turns=1173	cache_hit=98.1%	in=2587	cr=511315611	cc=10099092	out=2029758
2026-07-27T18:50:27+08:00	agent=workflow-subagent	session=a89947d3-0ef	cost=0	turns=1173	cache_hit=98.1%	in=2587	cr=511315611	cc=10099092	out=2029758
2026-07-27T18:50:34+08:00	agent=workflow-subagent	session=a89947d3-0ef	cost=0	turns=1173	cache_hit=98.1%	in=2587	cr=511315611	cc=10099092	out=2029758
2026-07-27T18:50:55+08:00	agent=workflow-subagent	session=a89947d3-0ef	cost=0	turns=1173	cache_hit=98.1%	in=2587	cr=511315611	cc=10099092	out=2029758
2026-07-27T18:56:21+08:00	agent=workflow-subagent	session=a89947d3-0ef	cost=0	turns=1173	cache_hit=98.1%	in=2587	cr=511315611	cc=10099092	out=2029758
2026-07-27T18:57:16+08:00	agent=workflow-subagent	session=a89947d3-0ef	cost=0	turns=1173	cache_hit=98.1%	in=2587	cr=511315611	cc=10099092	out=2029758
2026-07-27T18:58:17+08:00	agent=workflow-subagent	session=a89947d3-0ef	cost=0	turns=1173	cache_hit=98.1%	in=2587	cr=511315611	cc=10099092	out=2029758
2026-07-27T18:58:59+08:00	agent=workflow-subagent	session=a89947d3-0ef	cost=0	turns=1173	cache_hit=98.1%	in=2587	cr=511315611	cc=10099092	out=2029758
2026-07-27T18:59:20+08:00	agent=workflow-subagent	session=a89947d3-0ef	cost=0	turns=1173	cache_hit=98.1%	in=2587	cr=511315611	cc=10099092	out=2029758
2026-07-27T19:05:26+08:00	agent=workflow-subagent	session=a89947d3-0ef	cost=0	turns=1173	cache_hit=98.1%	in=2587	cr=511315611	cc=10099092	out=2029758
2026-07-27T19:09:23+08:00	agent=	session=a89947d3-0ef	cost=0	turns=1188	cache_hit=98.1%	in=2616	cr=519599826	cc=10150241	out=2051680
2026-07-28T09:40:40+08:00	agent=	session=99117658-408	cost=0	turns=119	cache_hit=96.2%	in=215	cr=27630099	cc=1098722	out=254251
2026-07-29T09:16:11+08:00	agent=workflow-subagent	session=5344041b-bba	cost=0	turns=47	cache_hit=91.4%	in=88	cr=5818322	cc=549088	out=43122
2026-07-29T09:17:43+08:00	agent=workflow-subagent	session=5344041b-bba	cost=0	turns=47	cache_hit=91.4%	in=88	cr=5818322	cc=549088	out=43122
2026-07-29T09:17:56+08:00	agent=workflow-subagent	session=5344041b-bba	cost=0	turns=47	cache_hit=91.4%	in=88	cr=5818322	cc=549088	out=43122
2026-07-29T09:18:43+08:00	agent=workflow-subagent	session=5344041b-bba	cost=0	turns=47	cache_hit=91.4%	in=88	cr=5818322	cc=549088	out=43122
2026-07-29T09:18:51+08:00	agent=workflow-subagent	session=5344041b-bba	cost=0	turns=47	cache_hit=91.4%	in=88	cr=5818322	cc=549088	out=43122
2026-07-29T09:19:00+08:00	agent=workflow-subagent	session=5344041b-bba	cost=0	turns=47	cache_hit=91.4%	in=88	cr=5818322	cc=549088	out=43122
2026-07-29T09:19:44+08:00	agent=workflow-subagent	session=5344041b-bba	cost=0	turns=47	cache_hit=91.4%	in=88	cr=5818322	cc=549088	out=43122
2026-07-29T09:22:15+08:00	agent=workflow-subagent	session=5344041b-bba	cost=0	turns=47	cache_hit=91.4%	in=88	cr=5818322	cc=549088	out=43122
2026-07-29T09:23:10+08:00	agent=workflow-subagent	session=5344041b-bba	cost=0	turns=47	cache_hit=91.4%	in=88	cr=5818322	cc=549088	out=43122
2026-07-29T10:18:17+08:00	agent=workflow-subagent	session=5344041b-bba	cost=0	turns=69	cache_hit=94.5%	in=127	cr=10379790	cc=607980	out=60927
2026-07-29T10:24:28+08:00	agent=workflow-subagent	session=5344041b-bba	cost=0	turns=72	cache_hit=94.6%	in=133	cr=11047989	cc=629022	out=63108
2026-07-29T10:28:54+08:00	agent=workflow-subagent	session=5344041b-bba	cost=0	turns=77	cache_hit=95.0%	in=143	cr=12202136	cc=636824	out=66497
2026-07-29T12:21:41+08:00	agent=workflow-subagent	session=5344041b-bba	cost=0	turns=191	cache_hit=95.3%	in=353	cr=51190406	cc=2530459	out=375298
2026-07-29T12:21:41+08:00	agent=workflow-subagent	session=5344041b-bba	cost=0	turns=191	cache_hit=95.3%	in=353	cr=51190406	cc=2530459	out=375298
2026-07-29T12:21:53+08:00	agent=workflow-subagent	session=5344041b-bba	cost=0	turns=191	cache_hit=95.3%	in=353	cr=51190406	cc=2530459	out=375298
2026-07-29T12:21:54+08:00	agent=workflow-subagent	session=5344041b-bba	cost=0	turns=191	cache_hit=95.3%	in=353	cr=51190406	cc=2530459	out=375298
2026-07-29T12:21:56+08:00	agent=workflow-subagent	session=5344041b-bba	cost=0	turns=191	cache_hit=95.3%	in=353	cr=51190406	cc=2530459	out=375298
2026-07-29T12:22:04+08:00	agent=workflow-subagent	session=5344041b-bba	cost=0	turns=191	cache_hit=95.3%	in=353	cr=51190406	cc=2530459	out=375298
2026-07-29T12:22:24+08:00	agent=workflow-subagent	session=5344041b-bba	cost=0	turns=194	cache_hit=95.4%	in=359	cr=52533010	cc=2543618	out=385067
2026-07-29T12:22:30+08:00	agent=workflow-subagent	session=5344041b-bba	cost=0	turns=194	cache_hit=95.4%	in=359	cr=52533010	cc=2543618	out=385067
2026-07-29T12:30:05+08:00	agent=workflow-subagent	session=5344041b-bba	cost=0	turns=194	cache_hit=95.4%	in=359	cr=52533010	cc=2543618	out=385067
2026-07-29T12:34:18+08:00	agent=workflow-subagent	session=5344041b-bba	cost=0	turns=199	cache_hit=95.5%	in=368	cr=54811427	cc=2553588	out=398189
2026-07-29T13:11:59+08:00	agent=workflow-subagent	session=5344041b-bba	cost=0	turns=246	cache_hit=96.7%	in=457	cr=78639304	cc=2709916	out=525522
2026-07-29T13:13:10+08:00	agent=workflow-subagent	session=5344041b-bba	cost=0	turns=246	cache_hit=96.7%	in=457	cr=78639304	cc=2709916	out=525522
2026-07-29T13:15:43+08:00	agent=workflow-subagent	session=5344041b-bba	cost=0	turns=246	cache_hit=96.7%	in=457	cr=78639304	cc=2709916	out=525522
2026-07-29T13:15:58+08:00	agent=workflow-subagent	session=5344041b-bba	cost=0	turns=246	cache_hit=96.7%	in=457	cr=78639304	cc=2709916	out=525522
2026-07-29T13:16:49+08:00	agent=workflow-subagent	session=5344041b-bba	cost=0	turns=250	cache_hit=96.7%	in=465	cr=80778105	cc=2721520	out=530357
2026-07-29T13:19:32+08:00	agent=workflow-subagent	session=5344041b-bba	cost=0	turns=252	cache_hit=96.8%	in=469	cr=81855715	cc=2722246	out=530635
2026-07-30T05:22:13+08:00	agent=workflow-subagent	session=5344041b-bba	cost=0	turns=291	cache_hit=94.1%	in=541	cr=99982473	cc=6311235	out=588972
2026-07-30T05:27:28+08:00	agent=workflow-subagent	session=5344041b-bba	cost=0	turns=294	cache_hit=94.2%	in=547	cr=101742739	cc=6312461	out=589342
2026-07-30T05:33:28+08:00	agent=workflow-subagent	session=5344041b-bba	cost=0	turns=296	cache_hit=94.2%	in=551	cr=102917291	cc=6312803	out=589792
2026-07-30T05:38:55+08:00	agent=workflow-subagent	session=5344041b-bba	cost=0	turns=299	cache_hit=94.3%	in=557	cr=104679632	cc=6314723	out=590458
2026-07-30T05:42:41+08:00	agent=workflow-subagent	session=5344041b-bba	cost=0	turns=299	cache_hit=94.3%	in=557	cr=104679632	cc=6314723	out=590458
2026-07-30T05:45:26+08:00	agent=workflow-subagent	session=5344041b-bba	cost=0	turns=300	cache_hit=94.3%	in=559	cr=105267719	cc=6315012	out=590562
2026-07-30T05:48:53+08:00	agent=workflow-subagent	session=5344041b-bba	cost=0	turns=300	cache_hit=94.3%	in=559	cr=105267719	cc=6315012	out=590562
2026-07-30T05:59:49+08:00	agent=workflow-subagent	session=5344041b-bba	cost=0	turns=316	cache_hit=94.7%	in=587	cr=114932037	cc=6390213	out=614822
2026-07-30T06:00:06+08:00	agent=workflow-subagent	session=5344041b-bba	cost=0	turns=316	cache_hit=94.7%	in=587	cr=114932037	cc=6390213	out=614822
2026-07-30T06:00:40+08:00	agent=workflow-subagent	session=5344041b-bba	cost=0	turns=316	cache_hit=94.7%	in=587	cr=114932037	cc=6390213	out=614822
2026-07-30T06:03:41+08:00	agent=workflow-subagent	session=5344041b-bba	cost=0	turns=320	cache_hit=94.8%	in=595	cr=117388063	cc=6391598	out=615833
2026-07-30T06:09:48+08:00	agent=workflow-subagent	session=5344041b-bba	cost=0	turns=339	cache_hit=95.2%	in=630	cr=129388444	cc=6464983	out=643150
2026-07-30T06:11:06+08:00	agent=workflow-subagent	session=5344041b-bba	cost=0	turns=339	cache_hit=95.2%	in=630	cr=129388444	cc=6464983	out=643150
2026-07-30T06:14:52+08:00	agent=workflow-subagent	session=5344041b-bba	cost=0	turns=339	cache_hit=95.2%	in=630	cr=129388444	cc=6464983	out=643150
2026-07-30T06:15:55+08:00	agent=workflow-subagent	session=5344041b-bba	cost=0	turns=339	cache_hit=95.2%	in=630	cr=129388444	cc=6464983	out=643150
