2026-06-01T00:49:43+08:00	agent=workflow-subagent	session=cda12053-818	cost=0	turns=251	cache_hit=27.5%	in=384373	cr=20823194	cc=54506497	out=5516576
2026-06-01T00:50:07+08:00	agent=workflow-subagent	session=cda12053-818	cost=0	turns=251	cache_hit=27.5%	in=384373	cr=20823194	cc=54506497	out=5516576
2026-06-01T00:50:16+08:00	agent=workflow-subagent	session=cda12053-818	cost=0	turns=251	cache_hit=27.5%	in=384373	cr=20823194	cc=54506497	out=5516576
2026-06-01T00:50:47+08:00	agent=workflow-subagent	session=cda12053-818	cost=0	turns=251	cache_hit=27.5%	in=384373	cr=20823194	cc=54506497	out=5516576
2026-06-01T00:53:52+08:00	agent=	session=fc5eebad-0d9	cost=0	turns=812	cache_hit=95.5%	in=699706	cr=336580325	cc=15107019	out=2168965
2026-06-01T00:58:48+08:00	agent=	session=ee9178c5-801	cost=0	turns=770	cache_hit=93.2%	in=823726	cr=227533944	cc=15651335	out=1948301
2026-06-01T01:01:37+08:00	agent=	session=cda12053-818	cost=0	turns=300	cache_hit=25.4%	in=410469	cr=25639691	cc=74958106	out=6276595
2026-06-01T01:05:45+08:00	agent=workflow-subagent	session=cda12053-818	cost=0	turns=306	cache_hit=27.7%	in=417021	cr=28849157	cc=74958682	out=6314305
2026-06-01T01:08:30+08:00	agent=	session=ee9178c5-801	cost=0	turns=770	cache_hit=93.2%	in=823726	cr=227533944	cc=15651335	out=1948301
2026-06-01T01:09:44+08:00	agent=workflow-subagent	session=cda12053-818	cost=0	turns=306	cache_hit=27.7%	in=417021	cr=28849157	cc=74958682	out=6314305
2026-06-01T01:15:44+08:00	agent=	session=cda12053-818	cost=0	turns=345	cache_hit=39.7%	in=479730	cr=50012396	cc=75458952	out=6949911
2026-06-01T04:06:56+08:00	agent=	session=ee9178c5-801	cost=0	turns=846	cache_hit=93.1%	in=900197	cr=236765838	cc=16574554	out=2137345
2026-06-01T04:42:28+08:00	agent=	session=cda12053-818	cost=0	turns=391	cache_hit=42.7%	in=517250	cr=65599836	cc=87377956	out=7679327
2026-06-01T05:23:04+08:00	agent=	session=ee9178c5-801	cost=0	turns=901	cache_hit=93.3%	in=920310	cr=247518537	cc=16892916	out=2533922
2026-06-01T14:10:10+08:00	agent=	session=ee9178c5-801	cost=0	turns=926	cache_hit=93.2%	in=923765	cr=252932412	cc=17560215	out=2592085
2026-06-01T15:47:16+08:00	agent=	session=066562c0-e75	cost=0	turns=768	cache_hit=89.5%	in=360347	cr=282441765	cc=32855622	out=2795284
2026-06-01T16:12:37+08:00	agent=workflow-subagent	session=066562c0-e75	cost=0	turns=806	cache_hit=89.4%	in=627430	cr=286887850	cc=33465608	out=2955891
2026-06-01T16:14:54+08:00	agent=	session=066562c0-e75	cost=0	turns=811	cache_hit=89.4%	in=629303	cr=287782441	cc=33475730	out=2962239
2026-06-01T16:15:38+08:00	agent=workflow-subagent	session=066562c0-e75	cost=0	turns=811	cache_hit=89.4%	in=629303	cr=287782441	cc=33475730	out=2962239
2026-06-01T16:26:49+08:00	agent=workflow-subagent	session=066562c0-e75	cost=0	turns=811	cache_hit=89.4%	in=629303	cr=287782441	cc=33475730	out=2962239
2026-06-01T16:29:55+08:00	agent=workflow-subagent	session=066562c0-e75	cost=0	turns=811	cache_hit=89.4%	in=629303	cr=287782441	cc=33475730	out=2962239
2026-06-01T16:55:05+08:00	agent=workflow-subagent	session=066562c0-e75	cost=0	turns=811	cache_hit=89.4%	in=629303	cr=287782441	cc=33475730	out=2962239
2026-06-01T16:56:41+08:00	agent=workflow-subagent	session=066562c0-e75	cost=0	turns=811	cache_hit=89.4%	in=629303	cr=287782441	cc=33475730	out=2962239
2026-06-01T17:03:20+08:00	agent=workflow-subagent	session=066562c0-e75	cost=0	turns=811	cache_hit=89.4%	in=629303	cr=287782441	cc=33475730	out=2962239
2026-06-01T17:07:58+08:00	agent=workflow-subagent	session=066562c0-e75	cost=0	turns=811	cache_hit=89.4%	in=629303	cr=287782441	cc=33475730	out=2962239
2026-06-01T17:15:05+08:00	agent=	session=cda12053-818	cost=0	turns=498	cache_hit=56.4%	in=576123	cr=126948915	cc=97530108	out=8779194
2026-06-01T17:15:36+08:00	agent=	session=fc5eebad-0d9	cost=0	turns=892	cache_hit=95.1%	in=711092	cr=375790050	cc=18622290	out=2519637
2026-06-01T17:45:09+08:00	agent=workflow-subagent	session=fc5eebad-0d9	cost=0	turns=899	cache_hit=95.1%	in=715438	cr=380000606	cc=18682890	out=2579350
2026-06-01T17:45:13+08:00	agent=workflow-subagent	session=fc5eebad-0d9	cost=0	turns=899	cache_hit=95.1%	in=715438	cr=380000606	cc=18682890	out=2579350
2026-06-01T17:45:26+08:00	agent=workflow-subagent	session=fc5eebad-0d9	cost=0	turns=899	cache_hit=95.1%	in=715438	cr=380000606	cc=18682890	out=2579350
2026-06-01T17:45:27+08:00	agent=workflow-subagent	session=fc5eebad-0d9	cost=0	turns=899	cache_hit=95.1%	in=715438	cr=380000606	cc=18682890	out=2579350
2026-06-01T17:45:31+08:00	agent=workflow-subagent	session=fc5eebad-0d9	cost=0	turns=899	cache_hit=95.1%	in=715438	cr=380000606	cc=18682890	out=2579350
2026-06-01T17:45:56+08:00	agent=workflow-subagent	session=fc5eebad-0d9	cost=0	turns=899	cache_hit=95.1%	in=715438	cr=380000606	cc=18682890	out=2579350
2026-06-01T17:46:01+08:00	agent=workflow-subagent	session=fc5eebad-0d9	cost=0	turns=899	cache_hit=95.1%	in=715438	cr=380000606	cc=18682890	out=2579350
2026-06-01T19:59:59+08:00	agent=	session=066562c0-e75	cost=0	turns=914	cache_hit=89.9%	in=733838	cr=316637983	cc=34948526	out=3309883
2026-06-01T21:23:26+08:00	agent=	session=066562c0-e75	cost=0	turns=933	cache_hit=89.8%	in=737539	cr=322634929	cc=36107766	out=3364910
2026-06-01T21:58:38+08:00	agent=	session=cda12053-818	cost=0	turns=534	cache_hit=59.2%	in=582555	cr=148938960	cc=101973593	out=8864925
2026-06-01T22:06:53+08:00	agent=	session=066562c0-e75	cost=0	turns=949	cache_hit=89.9%	in=739938	cr=328972977	cc=36149314	out=3401082
2026-06-01T22:25:20+08:00	agent=	session=066562c0-e75	cost=0	turns=951	cache_hit=89.9%	in=741262	cr=329797143	cc=36149768	out=3402458
2026-06-01T22:25:33+08:00	agent=	session=066562c0-e75	cost=0	turns=953	cache_hit=90.0%	in=743450	cr=330621763	cc=36152916	out=3403910
2026-06-01T22:31:09+08:00	agent=	session=066562c0-e75	cost=0	turns=955	cache_hit=90.0%	in=744772	cr=331453167	cc=36153374	out=3404668
2026-06-01T23:03:27+08:00	agent=	session=066562c0-e75	cost=0	turns=956	cache_hit=90.0%	in=745309	cr=331870136	cc=36153590	out=3404727
2026-06-01T23:35:38+08:00	agent=	session=cda12053-818	cost=0	turns=565	cache_hit=62.2%	in=584707	cr=171318050	cc=103555704	out=8919656
2026-06-02T04:45:00+08:00	agent=Explore	session=bb3371e7-322	cost=0	turns=634	cache_hit=94.6%	in=89755	cr=161340325	cc=9117864	out=1894004
2026-06-02T04:48:05+08:00	agent=Explore	session=bb3371e7-322	cost=0	turns=634	cache_hit=94.6%	in=89755	cr=161340325	cc=9117864	out=1894004
2026-06-02T04:54:01+08:00	agent=Explore	session=bb3371e7-322	cost=0	turns=634	cache_hit=94.6%	in=89755	cr=161340325	cc=9117864	out=1894004
2026-06-02T04:57:13+08:00	agent=workflow-subagent	session=d6954e4a-d9d	cost=0	turns=753	cache_hit=94.4%	in=393830	cr=331065127	cc=19404365	out=1521015
2026-06-02T05:08:44+08:00	agent=	session=fc5eebad-0d9	cost=0	turns=938	cache_hit=94.3%	in=734511	cr=401643043	cc=23450457	out=2746719
2026-06-02T05:58:18+08:00	agent=workflow-subagent	session=d6954e4a-d9d	cost=0	turns=753	cache_hit=94.4%	in=393830	cr=331065127	cc=19404365	out=1521015
2026-06-02T06:05:29+08:00	agent=workflow-subagent	session=d6954e4a-d9d	cost=0	turns=753	cache_hit=94.4%	in=393830	cr=331065127	cc=19404365	out=1521015
2026-06-02T06:07:48+08:00	agent=workflow-subagent	session=d6954e4a-d9d	cost=0	turns=753	cache_hit=94.4%	in=393830	cr=331065127	cc=19404365	out=1521015
2026-06-02T06:08:35+08:00	agent=workflow-subagent	session=d6954e4a-d9d	cost=0	turns=753	cache_hit=94.4%	in=393830	cr=331065127	cc=19404365	out=1521015
2026-06-02T06:09:04+08:00	agent=workflow-subagent	session=d6954e4a-d9d	cost=0	turns=753	cache_hit=94.4%	in=393830	cr=331065127	cc=19404365	out=1521015
2026-06-02T06:45:52+08:00	agent=workflow-subagent	session=d6954e4a-d9d	cost=0	turns=753	cache_hit=94.4%	in=393830	cr=331065127	cc=19404365	out=1521015
2026-06-02T06:47:52+08:00	agent=evaluator	session=d6954e4a-d9d	cost=0	turns=753	cache_hit=94.4%	in=393830	cr=331065127	cc=19404365	out=1521015
2026-06-02T06:56:38+08:00	agent=	session=d6954e4a-d9d	cost=0	turns=796	cache_hit=94.3%	in=398314	cr=343052759	cc=20333742	out=1617491
2026-06-02T16:16:06+08:00	agent=Explore	session=bb3371e7-322	cost=0	turns=687	cache_hit=94.4%	in=179186	cr=181950424	cc=10537877	out=2002202
2026-06-02T18:11:34+08:00	agent=	session=bb3371e7-322	cost=0	turns=711	cache_hit=94.0%	in=224507	cr=192189977	cc=12100931	out=2062131
2026-06-02T18:21:49+08:00	agent=	session=fc5eebad-0d9	cost=0	turns=966	cache_hit=94.1%	in=736943	cr=419981344	cc=25692755	out=2862109
2026-06-02T18:27:54+08:00	agent=	session=bb3371e7-322	cost=0	turns=722	cache_hit=94.1%	in=226796	cr=197860913	cc=12127978	out=2105818
2026-06-02T18:30:49+08:00	agent=workflow-subagent	session=d6954e4a-d9d	cost=0	turns=812	cache_hit=94.1%	in=402123	cr=347438944	cc=21289797	out=1708577
2026-06-02T18:40:17+08:00	agent=workflow-subagent	session=d6954e4a-d9d	cost=0	turns=812	cache_hit=94.1%	in=402123	cr=347438944	cc=21289797	out=1708577
2026-06-02T18:41:19+08:00	agent=	session=bb3371e7-322	cost=0	turns=745	cache_hit=94.4%	in=228710	cr=210321882	cc=12186195	out=2164881
2026-06-02T18:43:32+08:00	agent=workflow-subagent	session=d6954e4a-d9d	cost=0	turns=812	cache_hit=94.1%	in=402123	cr=347438944	cc=21289797	out=1708577
2026-06-02T18:44:14+08:00	agent=workflow-subagent	session=d6954e4a-d9d	cost=0	turns=812	cache_hit=94.1%	in=402123	cr=347438944	cc=21289797	out=1708577
2026-06-02T18:51:54+08:00	agent=workflow-subagent	session=d6954e4a-d9d	cost=0	turns=812	cache_hit=94.1%	in=402123	cr=347438944	cc=21289797	out=1708577
2026-06-02T18:53:53+08:00	agent=evaluator	session=d6954e4a-d9d	cost=0	turns=812	cache_hit=94.1%	in=402123	cr=347438944	cc=21289797	out=1708577
2026-06-02T18:59:45+08:00	agent=	session=d6954e4a-d9d	cost=0	turns=838	cache_hit=94.2%	in=408319	cr=357347649	cc=21400809	out=1776061
2026-06-02T19:01:06+08:00	agent=	session=bb3371e7-322	cost=0	turns=839	cache_hit=95.5%	in=242070	cr=266612730	cc=12394758	out=2349138
2026-06-02T20:26:17+08:00	agent=	session=ee9178c5-801	cost=0	turns=975	cache_hit=93.1%	in=951224	cr=265727814	cc=18798120	out=2727116
2026-06-02T20:27:55+08:00	agent=	session=bb3371e7-322	cost=0	turns=858	cache_hit=95.0%	in=255734	cr=277250305	cc=14406466	out=2409396
2026-06-02T20:38:00+08:00	agent=	session=ee9178c5-801	cost=0	turns=1014	cache_hit=93.3%	in=958679	cr=278674818	cc=18963115	out=2835387
2026-06-02T22:00:40+08:00	agent=	session=d6954e4a-d9d	cost=0	turns=851	cache_hit=93.8%	in=413180	cr=360638114	cc=23465047	out=1819468
2026-06-02T22:02:17+08:00	agent=	session=bb3371e7-322	cost=0	turns=863	cache_hit=94.3%	in=258645	cr=278604501	cc=16444392	out=2417750
2026-06-02T22:18:21+08:00	agent=	session=cda12053-818	cost=0	turns=576	cache_hit=62.8%	in=587007	cr=178538500	cc=105182454	out=8951045
2026-06-02T22:18:48+08:00	agent=	session=066562c0-e75	cost=0	turns=956	cache_hit=90.0%	in=745309	cr=331870136	cc=36153590	out=3404727
2026-06-02T22:19:43+08:00	agent=	session=bb3371e7-322	cost=0	turns=885	cache_hit=94.6%	in=271798	cr=293961522	cc=16484048	out=2447900
2026-06-02T22:20:43+08:00	agent=	session=ee9178c5-801	cost=0	turns=1014	cache_hit=93.3%	in=958679	cr=278674818	cc=18963115	out=2835387
2026-06-02T22:26:09+08:00	agent=workflow-subagent	session=066562c0-e75	cost=0	turns=972	cache_hit=89.8%	in=1023612	cr=333089323	cc=36823547	out=3516046
2026-06-02T22:26:33+08:00	agent=workflow-subagent	session=066562c0-e75	cost=0	turns=972	cache_hit=89.8%	in=1023612	cr=333089323	cc=36823547	out=3516046
2026-06-02T22:27:10+08:00	agent=workflow-subagent	session=066562c0-e75	cost=0	turns=972	cache_hit=89.8%	in=1023612	cr=333089323	cc=36823547	out=3516046
2026-06-02T22:27:35+08:00	agent=workflow-subagent	session=066562c0-e75	cost=0	turns=972	cache_hit=89.8%	in=1023612	cr=333089323	cc=36823547	out=3516046
2026-06-02T22:27:36+08:00	agent=workflow-subagent	session=066562c0-e75	cost=0	turns=972	cache_hit=89.8%	in=1023612	cr=333089323	cc=36823547	out=3516046
2026-06-02T22:28:05+08:00	agent=Explore	session=ee9178c5-801	cost=0	turns=1017	cache_hit=93.3%	in=1034303	cr=278756397	cc=19092745	out=2890413
2026-06-02T22:28:20+08:00	agent=workflow-subagent	session=066562c0-e75	cost=0	turns=972	cache_hit=89.8%	in=1023612	cr=333089323	cc=36823547	out=3516046
2026-06-02T22:28:23+08:00	agent=workflow-subagent	session=066562c0-e75	cost=0	turns=972	cache_hit=89.8%	in=1023612	cr=333089323	cc=36823547	out=3516046
2026-06-02T22:28:51+08:00	agent=workflow-subagent	session=066562c0-e75	cost=0	turns=972	cache_hit=89.8%	in=1023612	cr=333089323	cc=36823547	out=3516046
2026-06-02T22:29:12+08:00	agent=workflow-subagent	session=ee9178c5-801	cost=0	turns=1017	cache_hit=93.3%	in=1034303	cr=278756397	cc=19092745	out=2890413
2026-06-02T22:29:20+08:00	agent=workflow-subagent	session=066562c0-e75	cost=0	turns=972	cache_hit=89.8%	in=1023612	cr=333089323	cc=36823547	out=3516046
2026-06-02T22:29:58+08:00	agent=workflow-subagent	session=066562c0-e75	cost=0	turns=972	cache_hit=89.8%	in=1023612	cr=333089323	cc=36823547	out=3516046
2026-06-02T22:29:59+08:00	agent=workflow-subagent	session=ee9178c5-801	cost=0	turns=1017	cache_hit=93.3%	in=1034303	cr=278756397	cc=19092745	out=2890413
2026-06-02T22:30:05+08:00	agent=Explore	session=ee9178c5-801	cost=0	turns=1017	cache_hit=93.3%	in=1034303	cr=278756397	cc=19092745	out=2890413
2026-06-02T22:30:42+08:00	agent=Explore	session=ee9178c5-801	cost=0	turns=1017	cache_hit=93.3%	in=1034303	cr=278756397	cc=19092745	out=2890413
2026-06-02T22:31:07+08:00	agent=workflow-subagent	session=ee9178c5-801	cost=0	turns=1017	cache_hit=93.3%	in=1034303	cr=278756397	cc=19092745	out=2890413
2026-06-02T22:31:19+08:00	agent=workflow-subagent	session=d6954e4a-d9d	cost=0	turns=868	cache_hit=93.9%	in=416757	cr=367964747	cc=23516860	out=1872947
2026-06-02T22:32:09+08:00	agent=workflow-subagent	session=066562c0-e75	cost=0	turns=972	cache_hit=89.8%	in=1023612	cr=333089323	cc=36823547	out=3516046
2026-06-02T22:34:33+08:00	agent=workflow-subagent	session=d6954e4a-d9d	cost=0	turns=868	cache_hit=93.9%	in=416757	cr=367964747	cc=23516860	out=1872947
2026-06-02T22:34:35+08:00	agent=workflow-subagent	session=066562c0-e75	cost=0	turns=972	cache_hit=89.8%	in=1023612	cr=333089323	cc=36823547	out=3516046
2026-06-02T22:35:40+08:00	agent=workflow-subagent	session=ee9178c5-801	cost=0	turns=1022	cache_hit=93.2%	in=1034565	cr=279196898	cc=19251920	out=2922618
2026-06-02T22:36:30+08:00	agent=workflow-subagent	session=d6954e4a-d9d	cost=0	turns=868	cache_hit=93.9%	in=416757	cr=367964747	cc=23516860	out=1872947
2026-06-02T22:37:30+08:00	agent=	session=ee9178c5-801	cost=0	turns=1024	cache_hit=93.2%	in=1036503	cr=279452636	cc=19260170	out=2931298
2026-06-02T22:38:14+08:00	agent=workflow-subagent	session=ee9178c5-801	cost=0	turns=1024	cache_hit=93.2%	in=1036503	cr=279452636	cc=19260170	out=2931298
2026-06-02T22:38:32+08:00	agent=evaluator	session=d6954e4a-d9d	cost=0	turns=868	cache_hit=93.9%	in=416757	cr=367964747	cc=23516860	out=1872947
2026-06-02T22:43:34+08:00	agent=	session=d6954e4a-d9d	cost=0	turns=891	cache_hit=94.0%	in=421876	cr=378744429	cc=23625435	out=1936225
2026-06-02T23:24:14+08:00	agent=	session=fc5eebad-0d9	cost=0	turns=983	cache_hit=93.9%	in=741347	cr=431607728	cc=27214734	out=2929594
2026-06-02T23:24:39+08:00	agent=	session=cda12053-818	cost=0	turns=607	cache_hit=65.9%	in=590928	cr=204125681	cc=105226230	out=8988726
2026-06-02T23:29:43+08:00	agent=	session=cda12053-818	cost=0	turns=622	cache_hit=67.2%	in=592661	cr=216758179	cc=105264034	out=9021316
2026-06-02T23:33:47+08:00	agent=	session=ee9178c5-801	cost=0	turns=1116	cache_hit=93.5%	in=1094808	cr=301782229	cc=19793726	out=3177962
2026-06-03T01:33:24+08:00	agent=	session=d6954e4a-d9d	cost=0	turns=896	cache_hit=94.1%	in=425900	cr=380697149	cc=23625907	out=1952849
2026-06-03T01:43:21+08:00	agent=	session=066562c0-e75	cost=0	turns=1014	cache_hit=89.7%	in=1120226	cr=342403604	cc=38286218	out=3721553
2026-06-03T01:49:22+08:00	agent=	session=ee9178c5-801	cost=0	turns=1151	cache_hit=93.7%	in=1109849	cr=313127442	cc=19903845	out=3253573
2026-06-03T01:50:56+08:00	agent=	session=fc5eebad-0d9	cost=0	turns=1017	cache_hit=93.8%	in=745363	cr=456594266	cc=29569878	out=3005870
2026-06-03T01:54:55+08:00	agent=	session=d6954e4a-d9d	cost=0	turns=956	cache_hit=94.0%	in=546471	cr=388191692	cc=24088285	out=2090283
2026-06-03T01:55:11+08:00	agent=workflow-subagent	session=d6954e4a-d9d	cost=0	turns=956	cache_hit=94.0%	in=546471	cr=388191692	cc=24088285	out=2090283
2026-06-03T01:55:25+08:00	agent=workflow-subagent	session=d6954e4a-d9d	cost=0	turns=956	cache_hit=94.0%	in=546471	cr=388191692	cc=24088285	out=2090283
2026-06-03T01:55:36+08:00	agent=workflow-subagent	session=d6954e4a-d9d	cost=0	turns=956	cache_hit=94.0%	in=546471	cr=388191692	cc=24088285	out=2090283
2026-06-03T01:55:42+08:00	agent=workflow-subagent	session=d6954e4a-d9d	cost=0	turns=956	cache_hit=94.0%	in=546471	cr=388191692	cc=24088285	out=2090283
2026-06-03T01:57:05+08:00	agent=workflow-subagent	session=d6954e4a-d9d	cost=0	turns=956	cache_hit=94.0%	in=546471	cr=388191692	cc=24088285	out=2090283
2026-06-03T01:57:30+08:00	agent=workflow-subagent	session=d6954e4a-d9d	cost=0	turns=959	cache_hit=94.0%	in=549495	cr=388745783	cc=24088387	out=2093274
2026-06-03T01:59:30+08:00	agent=evaluator	session=d6954e4a-d9d	cost=0	turns=962	cache_hit=94.0%	in=549888	cr=389299976	cc=24096631	out=2097900
2026-06-03T01:59:37+08:00	agent=	session=ee9178c5-801	cost=0	turns=1173	cache_hit=93.8%	in=1126198	cr=321073654	cc=19975667	out=3308472
2026-06-03T01:59:49+08:00	agent=evaluator	session=d6954e4a-d9d	cost=0	turns=962	cache_hit=94.0%	in=549888	cr=389299976	cc=24096631	out=2097900
2026-06-03T02:17:46+08:00	agent=	session=d6954e4a-d9d	cost=0	turns=1039	cache_hit=94.2%	in=566611	cr=407918583	cc=24349842	out=2299628
2026-06-03T02:27:05+08:00	agent=workflow-subagent	session=d6954e4a-d9d	cost=0	turns=1039	cache_hit=94.2%	in=566611	cr=407918583	cc=24349842	out=2299628
2026-06-03T02:27:07+08:00	agent=workflow-subagent	session=d6954e4a-d9d	cost=0	turns=1039	cache_hit=94.2%	in=566611	cr=407918583	cc=24349842	out=2299628
2026-06-03T02:27:17+08:00	agent=workflow-subagent	session=d6954e4a-d9d	cost=0	turns=1039	cache_hit=94.2%	in=566611	cr=407918583	cc=24349842	out=2299628
2026-06-03T02:27:18+08:00	agent=workflow-subagent	session=d6954e4a-d9d	cost=0	turns=1039	cache_hit=94.2%	in=566611	cr=407918583	cc=24349842	out=2299628
2026-06-03T02:27:24+08:00	agent=workflow-subagent	session=d6954e4a-d9d	cost=0	turns=1039	cache_hit=94.2%	in=566611	cr=407918583	cc=24349842	out=2299628
2026-06-03T02:27:36+08:00	agent=workflow-subagent	session=d6954e4a-d9d	cost=0	turns=1039	cache_hit=94.2%	in=566611	cr=407918583	cc=24349842	out=2299628
2026-06-03T02:27:53+08:00	agent=workflow-subagent	session=d6954e4a-d9d	cost=0	turns=1039	cache_hit=94.2%	in=566611	cr=407918583	cc=24349842	out=2299628
2026-06-03T02:27:55+08:00	agent=workflow-subagent	session=d6954e4a-d9d	cost=0	turns=1039	cache_hit=94.2%	in=566611	cr=407918583	cc=24349842	out=2299628
2026-06-03T02:27:56+08:00	agent=workflow-subagent	session=d6954e4a-d9d	cost=0	turns=1039	cache_hit=94.2%	in=566611	cr=407918583	cc=24349842	out=2299628
2026-06-03T02:28:12+08:00	agent=workflow-subagent	session=d6954e4a-d9d	cost=0	turns=1039	cache_hit=94.2%	in=566611	cr=407918583	cc=24349842	out=2299628
2026-06-03T02:37:47+08:00	agent=workflow-subagent	session=d6954e4a-d9d	cost=0	turns=1039	cache_hit=94.2%	in=566611	cr=407918583	cc=24349842	out=2299628
2026-06-03T02:38:03+08:00	agent=workflow-subagent	session=d6954e4a-d9d	cost=0	turns=1039	cache_hit=94.2%	in=566611	cr=407918583	cc=24349842	out=2299628
2026-06-03T02:54:10+08:00	agent=workflow-subagent	session=d6954e4a-d9d	cost=0	turns=1039	cache_hit=94.2%	in=566611	cr=407918583	cc=24349842	out=2299628
2026-06-03T03:25:40+08:00	agent=workflow-subagent	session=d6954e4a-d9d	cost=0	turns=1039	cache_hit=94.2%	in=566611	cr=407918583	cc=24349842	out=2299628
2026-06-03T03:28:24+08:00	agent=evaluator	session=d6954e4a-d9d	cost=0	turns=1039	cache_hit=94.2%	in=566611	cr=407918583	cc=24349842	out=2299628
2026-06-03T03:30:34+08:00	agent=	session=d6954e4a-d9d	cost=0	turns=1050	cache_hit=94.1%	in=571346	cr=410227320	cc=25226364	out=2318896
2026-06-03T03:37:43+08:00	agent=	session=fc5eebad-0d9	cost=0	turns=1037	cache_hit=93.5%	in=747506	cr=470709150	cc=32027736	out=3050116
2026-06-03T03:47:15+08:00	agent=	session=ee9178c5-801	cost=0	turns=1215	cache_hit=93.7%	in=1129196	cr=336279631	cc=21514931	out=3430162
2026-06-03T03:47:39+08:00	agent=	session=fc5eebad-0d9	cost=0	turns=1061	cache_hit=93.7%	in=762563	cr=491187263	cc=32112665	out=3129676
2026-06-03T03:49:10+08:00	agent=	session=bb3371e7-322	cost=0	turns=885	cache_hit=94.6%	in=271798	cr=293961522	cc=16484048	out=2447900
2026-06-03T03:49:54+08:00	agent=	session=cda12053-818	cost=0	turns=668	cache_hit=69.4%	in=596749	cr=251916503	cc=110498826	out=9104077
2026-06-03T03:52:27+08:00	agent=	session=066562c0-e75	cost=0	turns=1014	cache_hit=89.7%	in=1120226	cr=342403604	cc=38286218	out=3721553
2026-06-03T04:22:23+08:00	agent=evaluator	session=d6954e4a-d9d	cost=0	turns=1061	cache_hit=94.0%	in=574427	cr=412893540	cc=25835442	out=2337618
2026-06-03T04:28:29+08:00	agent=	session=d6954e4a-d9d	cost=0	turns=1096	cache_hit=94.1%	in=575013	cr=424090576	cc=25920232	out=2398760
2026-06-03T05:47:16+08:00	agent=	session=066562c0-e75	cost=0	turns=1027	cache_hit=89.5%	in=1378105	cr=343467052	cc=38972412	out=3824873
2026-06-03T05:47:22+08:00	agent=Explore	session=066562c0-e75	cost=0	turns=1027	cache_hit=89.5%	in=1378105	cr=343467052	cc=38972412	out=3824873
2026-06-03T05:47:25+08:00	agent=Explore	session=066562c0-e75	cost=0	turns=1027	cache_hit=89.5%	in=1378105	cr=343467052	cc=38972412	out=3824873
2026-06-03T05:47:33+08:00	agent=Explore	session=066562c0-e75	cost=0	turns=1027	cache_hit=89.5%	in=1378105	cr=343467052	cc=38972412	out=3824873
2026-06-03T05:47:45+08:00	agent=Explore	session=066562c0-e75	cost=0	turns=1027	cache_hit=89.5%	in=1378105	cr=343467052	cc=38972412	out=3824873
2026-06-03T05:47:49+08:00	agent=Explore	session=066562c0-e75	cost=0	turns=1027	cache_hit=89.5%	in=1378105	cr=343467052	cc=38972412	out=3824873
2026-06-03T05:47:57+08:00	agent=Explore	session=066562c0-e75	cost=0	turns=1027	cache_hit=89.5%	in=1378105	cr=343467052	cc=38972412	out=3824873
2026-06-03T05:48:05+08:00	agent=Explore	session=066562c0-e75	cost=0	turns=1027	cache_hit=89.5%	in=1378105	cr=343467052	cc=38972412	out=3824873
2026-06-03T05:48:40+08:00	agent=Explore	session=066562c0-e75	cost=0	turns=1027	cache_hit=89.5%	in=1378105	cr=343467052	cc=38972412	out=3824873
2026-06-03T05:49:00+08:00	agent=Explore	session=066562c0-e75	cost=0	turns=1027	cache_hit=89.5%	in=1378105	cr=343467052	cc=38972412	out=3824873
2026-06-03T05:49:11+08:00	agent=Explore	session=066562c0-e75	cost=0	turns=1027	cache_hit=89.5%	in=1378105	cr=343467052	cc=38972412	out=3824873
2026-06-03T05:49:12+08:00	agent=Explore	session=066562c0-e75	cost=0	turns=1027	cache_hit=89.5%	in=1378105	cr=343467052	cc=38972412	out=3824873
2026-06-03T05:49:35+08:00	agent=Explore	session=066562c0-e75	cost=0	turns=1027	cache_hit=89.5%	in=1378105	cr=343467052	cc=38972412	out=3824873
2026-06-03T05:50:13+08:00	agent=Explore	session=066562c0-e75	cost=0	turns=1027	cache_hit=89.5%	in=1378105	cr=343467052	cc=38972412	out=3824873
2026-06-03T05:50:35+08:00	agent=Explore	session=066562c0-e75	cost=0	turns=1027	cache_hit=89.5%	in=1378105	cr=343467052	cc=38972412	out=3824873
2026-06-03T05:51:38+08:00	agent=	session=ee9178c5-801	cost=0	turns=1248	cache_hit=93.5%	in=1154279	cr=350043671	cc=22998322	out=3576113
2026-06-03T05:58:50+08:00	agent=	session=ee9178c5-801	cost=0	turns=1256	cache_hit=93.6%	in=1158879	cr=353918447	cc=23040779	out=3619215
2026-06-03T06:07:50+08:00	agent=	session=ee9178c5-801	cost=0	turns=1284	cache_hit=93.8%	in=1162610	cr=368341579	cc=23109048	out=3688594
2026-06-03T06:08:23+08:00	agent=Explore	session=066562c0-e75	cost=0	turns=1042	cache_hit=89.5%	in=1386097	cr=346643673	cc=39133678	out=3913981
2026-06-03T06:08:34+08:00	agent=Explore	session=066562c0-e75	cost=0	turns=1042	cache_hit=89.5%	in=1386097	cr=346643673	cc=39133678	out=3913981
2026-06-03T06:08:35+08:00	agent=Explore	session=066562c0-e75	cost=0	turns=1042	cache_hit=89.5%	in=1386097	cr=346643673	cc=39133678	out=3913981
2026-06-03T06:08:36+08:00	agent=Explore	session=066562c0-e75	cost=0	turns=1042	cache_hit=89.5%	in=1386097	cr=346643673	cc=39133678	out=3913981
2026-06-03T06:10:01+08:00	agent=Explore	session=066562c0-e75	cost=0	turns=1042	cache_hit=89.5%	in=1386097	cr=346643673	cc=39133678	out=3913981
2026-06-03T06:16:32+08:00	agent=	session=ee9178c5-801	cost=0	turns=1302	cache_hit=94.0%	in=1164638	cr=377977884	cc=23144105	out=3723741
2026-06-03T06:23:21+08:00	agent=	session=066562c0-e75	cost=0	turns=1055	cache_hit=89.6%	in=1395150	cr=350144971	cc=39279779	out=3983611
2026-06-03T06:23:29+08:00	agent=Explore	session=066562c0-e75	cost=0	turns=1055	cache_hit=89.6%	in=1395150	cr=350144971	cc=39279779	out=3983611
2026-06-03T06:23:34+08:00	agent=Explore	session=066562c0-e75	cost=0	turns=1055	cache_hit=89.6%	in=1395150	cr=350144971	cc=39279779	out=3983611
2026-06-03T06:23:41+08:00	agent=Explore	session=066562c0-e75	cost=0	turns=1055	cache_hit=89.6%	in=1395150	cr=350144971	cc=39279779	out=3983611
2026-06-03T06:23:43+08:00	agent=Explore	session=066562c0-e75	cost=0	turns=1055	cache_hit=89.6%	in=1395150	cr=350144971	cc=39279779	out=3983611
2026-06-03T06:23:46+08:00	agent=Explore	session=066562c0-e75	cost=0	turns=1055	cache_hit=89.6%	in=1395150	cr=350144971	cc=39279779	out=3983611
2026-06-03T06:24:02+08:00	agent=Explore	session=066562c0-e75	cost=0	turns=1055	cache_hit=89.6%	in=1395150	cr=350144971	cc=39279779	out=3983611
2026-06-03T06:24:48+08:00	agent=Explore	session=066562c0-e75	cost=0	turns=1055	cache_hit=89.6%	in=1395150	cr=350144971	cc=39279779	out=3983611
2026-06-03T06:24:51+08:00	agent=Explore	session=066562c0-e75	cost=0	turns=1055	cache_hit=89.6%	in=1395150	cr=350144971	cc=39279779	out=3983611
2026-06-03T06:25:06+08:00	agent=Explore	session=066562c0-e75	cost=0	turns=1055	cache_hit=89.6%	in=1395150	cr=350144971	cc=39279779	out=3983611
2026-06-03T06:25:15+08:00	agent=Explore	session=066562c0-e75	cost=0	turns=1055	cache_hit=89.6%	in=1395150	cr=350144971	cc=39279779	out=3983611
2026-06-03T06:25:30+08:00	agent=Explore	session=066562c0-e75	cost=0	turns=1055	cache_hit=89.6%	in=1395150	cr=350144971	cc=39279779	out=3983611
2026-06-03T06:25:51+08:00	agent=	session=ee9178c5-801	cost=0	turns=1310	cache_hit=94.0%	in=1168389	cr=382336679	cc=23171982	out=3752920
2026-06-03T06:27:55+08:00	agent=workflow-subagent	session=ee9178c5-801	cost=0	turns=1310	cache_hit=94.0%	in=1168389	cr=382336679	cc=23171982	out=3752920
2026-06-03T06:28:20+08:00	agent=workflow-subagent	session=ee9178c5-801	cost=0	turns=1310	cache_hit=94.0%	in=1168389	cr=382336679	cc=23171982	out=3752920
2026-06-03T06:31:36+08:00	agent=Explore	session=ee9178c5-801	cost=0	turns=1310	cache_hit=94.0%	in=1168389	cr=382336679	cc=23171982	out=3752920
2026-06-03T06:31:40+08:00	agent=	session=066562c0-e75	cost=0	turns=1069	cache_hit=89.7%	in=1401067	cr=354633872	cc=39394078	out=4062383
2026-06-03T06:35:10+08:00	agent=workflow-subagent	session=ee9178c5-801	cost=0	turns=1318	cache_hit=94.1%	in=1171306	cr=386792813	cc=23216758	out=3770160
2026-06-03T06:36:08+08:00	agent=researcher	session=066562c0-e75	cost=0	turns=1074	cache_hit=89.7%	in=1405667	cr=356350579	cc=39417355	out=4089585
2026-06-03T06:36:10+08:00	agent=researcher	session=066562c0-e75	cost=0	turns=1074	cache_hit=89.7%	in=1405667	cr=356350579	cc=39417355	out=4089585
2026-06-03T06:36:26+08:00	agent=researcher	session=066562c0-e75	cost=0	turns=1074	cache_hit=89.7%	in=1405667	cr=356350579	cc=39417355	out=4089585
2026-06-03T06:36:28+08:00	agent=researcher	session=066562c0-e75	cost=0	turns=1074	cache_hit=89.7%	in=1405667	cr=356350579	cc=39417355	out=4089585
2026-06-03T06:36:40+08:00	agent=workflow-subagent	session=ee9178c5-801	cost=0	turns=1318	cache_hit=94.1%	in=1171306	cr=386792813	cc=23216758	out=3770160
2026-06-03T06:36:48+08:00	agent=researcher	session=066562c0-e75	cost=0	turns=1074	cache_hit=89.7%	in=1405667	cr=356350579	cc=39417355	out=4089585
2026-06-03T06:37:13+08:00	agent=researcher	session=066562c0-e75	cost=0	turns=1074	cache_hit=89.7%	in=1405667	cr=356350579	cc=39417355	out=4089585
2026-06-03T06:39:49+08:00	agent=Explore	session=d6954e4a-d9d	cost=0	turns=1099	cache_hit=93.9%	in=578409	cr=424090576	cc=26933497	out=2410043
2026-06-03T06:40:39+08:00	agent=	session=ee9178c5-801	cost=0	turns=1337	cache_hit=94.2%	in=1176999	cr=398154520	cc=23330355	out=3808512
2026-06-03T06:45:50+08:00	agent=	session=d6954e4a-d9d	cost=0	turns=1126	cache_hit=94.0%	in=579960	cr=433915700	cc=27055688	out=2488955
2026-06-03T06:50:04+08:00	agent=	session=066562c0-e75	cost=0	turns=1108	cache_hit=89.7%	in=1460948	cr=368724316	cc=40863551	out=4244416
2026-06-03T06:51:32+08:00	agent=	session=ee9178c5-801	cost=0	turns=1366	cache_hit=94.4%	in=1179178	cr=416908802	cc=23426408	out=3862922
2026-06-03T06:59:21+08:00	agent=	session=d6954e4a-d9d	cost=0	turns=1137	cache_hit=94.1%	in=599488	cr=438166526	cc=27116330	out=2534116
2026-06-03T07:00:51+08:00	agent=	session=cda12053-818	cost=0	turns=703	cache_hit=71.2%	in=600291	cr=281227627	cc=113275462	out=9166990
2026-06-03T07:07:58+08:00	agent=workflow-subagent	session=d6954e4a-d9d	cost=0	turns=1137	cache_hit=94.1%	in=599488	cr=438166526	cc=27116330	out=2534116
2026-06-03T07:08:05+08:00	agent=workflow-subagent	session=d6954e4a-d9d	cost=0	turns=1137	cache_hit=94.1%	in=599488	cr=438166526	cc=27116330	out=2534116
2026-06-03T07:08:17+08:00	agent=workflow-subagent	session=d6954e4a-d9d	cost=0	turns=1137	cache_hit=94.1%	in=599488	cr=438166526	cc=27116330	out=2534116
2026-06-03T07:08:24+08:00	agent=workflow-subagent	session=d6954e4a-d9d	cost=0	turns=1137	cache_hit=94.1%	in=599488	cr=438166526	cc=27116330	out=2534116
2026-06-03T07:08:27+08:00	agent=workflow-subagent	session=d6954e4a-d9d	cost=0	turns=1137	cache_hit=94.1%	in=599488	cr=438166526	cc=27116330	out=2534116
2026-06-03T07:08:32+08:00	agent=workflow-subagent	session=d6954e4a-d9d	cost=0	turns=1137	cache_hit=94.1%	in=599488	cr=438166526	cc=27116330	out=2534116
2026-06-03T07:09:04+08:00	agent=	session=ee9178c5-801	cost=0	turns=1377	cache_hit=94.5%	in=1181192	cr=424212362	cc=23453300	out=3881186
2026-06-03T07:27:15+08:00	agent=	session=fc5eebad-0d9	cost=0	turns=1099	cache_hit=93.6%	in=766363	cr=521626259	cc=34739642	out=3209730
2026-06-03T07:28:59+08:00	agent=	session=066562c0-e75	cost=0	turns=1159	cache_hit=90.2%	in=1582676	cr=394181000	cc=41147259	out=4381802
2026-06-03T07:36:47+08:00	agent=	session=066562c0-e75	cost=0	turns=1169	cache_hit=90.3%	in=1584630	cr=399631132	cc=41165910	out=4396716
2026-06-03T07:52:23+08:00	agent=	session=d6954e4a-d9d	cost=0	turns=1146	cache_hit=94.1%	in=604502	cr=441419396	cc=27131189	out=2543985
2026-06-03T07:52:31+08:00	agent=	session=cda12053-818	cost=0	turns=713	cache_hit=71.8%	in=605817	cr=289690301	cc=113303106	out=9189657
2026-06-03T07:53:24+08:00	agent=	session=066562c0-e75	cost=0	turns=1177	cache_hit=90.4%	in=1586509	cr=404059765	cc=41198640	out=4426234
2026-06-03T07:53:32+08:00	agent=workflow-subagent	session=066562c0-e75	cost=0	turns=1177	cache_hit=90.4%	in=1586509	cr=404059765	cc=41198640	out=4426234
2026-06-03T07:54:03+08:00	agent=	session=bb3371e7-322	cost=0	turns=934	cache_hit=94.4%	in=448339	cr=302257276	cc=17352001	out=2693261
2026-06-03T07:54:38+08:00	agent=workflow-subagent	session=cda12053-818	cost=0	turns=713	cache_hit=71.8%	in=605817	cr=289690301	cc=113303106	out=9189657
2026-06-03T07:54:45+08:00	agent=workflow-subagent	session=066562c0-e75	cost=0	turns=1177	cache_hit=90.4%	in=1586509	cr=404059765	cc=41198640	out=4426234
2026-06-03T07:54:47+08:00	agent=workflow-subagent	session=066562c0-e75	cost=0	turns=1177	cache_hit=90.4%	in=1586509	cr=404059765	cc=41198640	out=4426234
2026-06-03T07:54:50+08:00	agent=workflow-subagent	session=bb3371e7-322	cost=0	turns=934	cache_hit=94.4%	in=448339	cr=302257276	cc=17352001	out=2693261
2026-06-03T07:55:00+08:00	agent=workflow-subagent	session=066562c0-e75	cost=0	turns=1177	cache_hit=90.4%	in=1586509	cr=404059765	cc=41198640	out=4426234
2026-06-03T07:55:06+08:00	agent=workflow-subagent	session=cda12053-818	cost=0	turns=715	cache_hit=71.9%	in=607219	cr=291587693	cc=113303544	out=9192447
2026-06-03T07:55:14+08:00	agent=workflow-subagent	session=066562c0-e75	cost=0	turns=1177	cache_hit=90.4%	in=1586509	cr=404059765	cc=41198640	out=4426234
2026-06-03T07:59:22+08:00	agent=Explore	session=ee9178c5-801	cost=0	turns=1381	cache_hit=94.5%	in=1182920	cr=426230909	cc=23453441	out=3910394
2026-06-03T07:59:28+08:00	agent=workflow-subagent	session=066562c0-e75	cost=0	turns=1177	cache_hit=90.4%	in=1586509	cr=404059765	cc=41198640	out=4426234
2026-06-03T08:00:16+08:00	agent=workflow-subagent	session=066562c0-e75	cost=0	turns=1177	cache_hit=90.4%	in=1586509	cr=404059765	cc=41198640	out=4426234
2026-06-03T08:00:20+08:00	agent=workflow-subagent	session=066562c0-e75	cost=0	turns=1177	cache_hit=90.4%	in=1586509	cr=404059765	cc=41198640	out=4426234
2026-06-03T08:00:52+08:00	agent=workflow-subagent	session=066562c0-e75	cost=0	turns=1177	cache_hit=90.4%	in=1586509	cr=404059765	cc=41198640	out=4426234
2026-06-03T08:01:09+08:00	agent=workflow-subagent	session=ee9178c5-801	cost=0	turns=1381	cache_hit=94.5%	in=1182920	cr=426230909	cc=23453441	out=3910394
2026-06-03T08:01:36+08:00	agent=workflow-subagent	session=066562c0-e75	cost=0	turns=1177	cache_hit=90.4%	in=1586509	cr=404059765	cc=41198640	out=4426234
2026-06-03T08:02:35+08:00	agent=workflow-subagent	session=ee9178c5-801	cost=0	turns=1381	cache_hit=94.5%	in=1182920	cr=426230909	cc=23453441	out=3910394
2026-06-03T08:06:49+08:00	agent=	session=ee9178c5-801	cost=0	turns=1399	cache_hit=94.7%	in=1186874	cr=438759169	cc=23562211	out=3954945
2026-06-03T10:27:28+08:00	agent=evaluator	session=d6954e4a-d9d	cost=0	turns=1155	cache_hit=93.9%	in=606512	cr=443897015	cc=28379864	out=2560482
2026-06-03T10:30:18+08:00	agent=	session=d6954e4a-d9d	cost=0	turns=1171	cache_hit=93.9%	in=606673	cr=450703835	cc=28425761	out=2587556
2026-06-03T12:58:25+08:00	agent=	session=bb3371e7-322	cost=0	turns=949	cache_hit=94.2%	in=455638	cr=305142941	cc=18232897	out=2728255
2026-06-03T12:58:26+08:00	agent=workflow-subagent	session=bb3371e7-322	cost=0	turns=949	cache_hit=94.2%	in=455638	cr=305142941	cc=18232897	out=2728255
2026-06-03T12:58:27+08:00	agent=workflow-subagent	session=bb3371e7-322	cost=0	turns=949	cache_hit=94.2%	in=455638	cr=305142941	cc=18232897	out=2728255
2026-06-03T12:58:28+08:00	agent=workflow-subagent	session=bb3371e7-322	cost=0	turns=949	cache_hit=94.2%	in=455638	cr=305142941	cc=18232897	out=2728255
2026-06-03T12:58:32+08:00	agent=workflow-subagent	session=bb3371e7-322	cost=0	turns=949	cache_hit=94.2%	in=455638	cr=305142941	cc=18232897	out=2728255
2026-06-03T12:58:36+08:00	agent=workflow-subagent	session=bb3371e7-322	cost=0	turns=949	cache_hit=94.2%	in=455638	cr=305142941	cc=18232897	out=2728255
2026-06-03T12:59:30+08:00	agent=	session=d6954e4a-d9d	cost=0	turns=1184	cache_hit=93.7%	in=610120	cr=454704453	cc=29763259	out=2641670
2026-06-03T13:00:01+08:00	agent=	session=fc5eebad-0d9	cost=0	turns=1147	cache_hit=93.6%	in=772806	cr=561714147	cc=37716409	out=3355962
2026-06-03T13:00:29+08:00	agent=workflow-subagent	session=bb3371e7-322	cost=0	turns=949	cache_hit=94.2%	in=455638	cr=305142941	cc=18232897	out=2728255
2026-06-03T13:01:08+08:00	agent=	session=cda12053-818	cost=0	turns=741	cache_hit=72.9%	in=612017	cr=311819697	cc=115268233	out=9232984
2026-06-03T13:01:11+08:00	agent=evaluator	session=d6954e4a-d9d	cost=0	turns=1184	cache_hit=93.7%	in=610120	cr=454704453	cc=29763259	out=2641670
2026-06-03T13:01:40+08:00	agent=evaluator	session=d6954e4a-d9d	cost=0	turns=1184	cache_hit=93.7%	in=610120	cr=454704453	cc=29763259	out=2641670
2026-06-03T13:03:10+08:00	agent=	session=d6954e4a-d9d	cost=0	turns=1192	cache_hit=93.8%	in=615566	cr=458384696	cc=29790761	out=2655600
2026-06-03T13:03:37+08:00	agent=workflow-subagent	session=fc5eebad-0d9	cost=0	turns=1147	cache_hit=93.6%	in=772806	cr=561714147	cc=37716409	out=3355962
2026-06-03T13:03:55+08:00	agent=workflow-subagent	session=fc5eebad-0d9	cost=0	turns=1147	cache_hit=93.6%	in=772806	cr=561714147	cc=37716409	out=3355962
2026-06-03T13:04:06+08:00	agent=workflow-subagent	session=fc5eebad-0d9	cost=0	turns=1147	cache_hit=93.6%	in=772806	cr=561714147	cc=37716409	out=3355962
2026-06-03T13:06:47+08:00	agent=	session=066562c0-e75	cost=0	turns=1220	cache_hit=90.5%	in=1618352	cr=427513920	cc=43021518	out=4526311
2026-06-03T13:12:48+08:00	agent=	session=bb3371e7-322	cost=0	turns=970	cache_hit=94.3%	in=462607	cr=312478013	cc=18494190	out=2892447
2026-06-03T13:15:16+08:00	agent=workflow-subagent	session=fc5eebad-0d9	cost=0	turns=1147	cache_hit=93.6%	in=772806	cr=561714147	cc=37716409	out=3355962
2026-06-03T13:20:43+08:00	agent=	session=fc5eebad-0d9	cost=0	turns=1161	cache_hit=93.7%	in=775435	cr=575389920	cc=37794745	out=3418813
2026-06-03T14:05:01+08:00	agent=	session=fc5eebad-0d9	cost=0	turns=1164	cache_hit=93.7%	in=777415	cr=578381481	cc=37795048	out=3438094
2026-06-03T14:11:38+08:00	agent=	session=cda12053-818	cost=0	turns=748	cache_hit=72.9%	in=614223	cr=316743966	cc=117246572	out=9247909
2026-06-03T14:13:29+08:00	agent=	session=d6954e4a-d9d	cost=0	turns=1228	cache_hit=94.0%	in=620036	cr=476194919	cc=29926117	out=2790896
2026-06-03T14:16:06+08:00	agent=	session=066562c0-e75	cost=0	turns=1231	cache_hit=90.4%	in=1622298	cr=432713226	cc=44268964	out=4543206
2026-06-03T14:21:47+08:00	agent=	session=cda12053-818	cost=0	turns=760	cache_hit=73.6%	in=615821	cr=328673082	cc=117262036	out=9259671
2026-06-03T14:23:25+08:00	agent=	session=fc5eebad-0d9	cost=0	turns=1213	cache_hit=93.7%	in=855067	cr=584464142	cc=38518711	out=3572650
2026-06-03T14:24:42+08:00	agent=workflow-subagent	session=fc5eebad-0d9	cost=0	turns=1213	cache_hit=93.7%	in=855067	cr=584464142	cc=38518711	out=3572650
2026-06-03T14:24:51+08:00	agent=workflow-subagent	session=fc5eebad-0d9	cost=0	turns=1213	cache_hit=93.7%	in=855067	cr=584464142	cc=38518711	out=3572650
2026-06-03T14:25:24+08:00	agent=researcher	session=bb3371e7-322	cost=0	turns=980	cache_hit=94.0%	in=464232	cr=315282589	cc=19612384	out=2989486
2026-06-03T14:25:46+08:00	agent=workflow-subagent	session=fc5eebad-0d9	cost=0	turns=1213	cache_hit=93.7%	in=855067	cr=584464142	cc=38518711	out=3572650
2026-06-03T14:25:59+08:00	agent=researcher	session=bb3371e7-322	cost=0	turns=980	cache_hit=94.0%	in=464232	cr=315282589	cc=19612384	out=2989486
2026-06-03T14:26:01+08:00	agent=workflow-subagent	session=fc5eebad-0d9	cost=0	turns=1213	cache_hit=93.7%	in=855067	cr=584464142	cc=38518711	out=3572650
2026-06-03T14:26:01+08:00	agent=researcher	session=bb3371e7-322	cost=0	turns=980	cache_hit=94.0%	in=464232	cr=315282589	cc=19612384	out=2989486
2026-06-03T14:26:30+08:00	agent=researcher	session=bb3371e7-322	cost=0	turns=980	cache_hit=94.0%	in=464232	cr=315282589	cc=19612384	out=2989486
2026-06-03T14:34:29+08:00	agent=	session=cda12053-818	cost=0	turns=801	cache_hit=73.8%	in=766202	cr=333577030	cc=117725602	out=9330797
2026-06-03T14:36:56+08:00	agent=	session=fc5eebad-0d9	cost=0	turns=1285	cache_hit=93.8%	in=862898	cr=600032870	cc=38694496	out=3672023
2026-06-03T14:37:19+08:00	agent=	session=bb3371e7-322	cost=0	turns=1016	cache_hit=94.2%	in=471414	cr=331803162	cc=19903730	out=3256097
2026-06-03T14:43:02+08:00	agent=	session=066562c0-e75	cost=0	turns=1288	cache_hit=91.1%	in=1631098	cr=471694804	cc=44443312	out=4688698
2026-06-03T14:44:18+08:00	agent=	session=d6954e4a-d9d	cost=0	turns=1261	cache_hit=94.2%	in=625977	cr=493250020	cc=29995090	out=2854203
2026-06-03T16:17:26+08:00	agent=	session=066562c0-e75	cost=0	turns=1306	cache_hit=90.8%	in=1635110	cr=481880264	cc=47369806	out=4740355
2026-06-03T17:53:28+08:00	agent=	session=ee9178c5-801	cost=0	turns=1407	cache_hit=94.3%	in=1190178	cr=442407970	cc=25648213	out=3974558
2026-06-03T17:56:28+08:00	agent=	session=ee9178c5-801	cost=0	turns=1407	cache_hit=94.3%	in=1190178	cr=442407970	cc=25648213	out=3974558
2026-06-03T19:14:33+08:00	agent=	session=fc5eebad-0d9	cost=0	turns=1296	cache_hit=93.7%	in=865159	cr=602057581	cc=39478000	out=3706462
2026-06-03T19:15:34+08:00	agent=Explore	session=fc5eebad-0d9	cost=0	turns=1296	cache_hit=93.7%	in=865159	cr=602057581	cc=39478000	out=3706462
2026-06-03T19:16:14+08:00	agent=workflow-subagent	session=fc5eebad-0d9	cost=0	turns=1296	cache_hit=93.7%	in=865159	cr=602057581	cc=39478000	out=3706462
2026-06-03T19:17:00+08:00	agent=workflow-subagent	session=fc5eebad-0d9	cost=0	turns=1296	cache_hit=93.7%	in=865159	cr=602057581	cc=39478000	out=3706462
2026-06-03T19:20:47+08:00	agent=	session=d6954e4a-d9d	cost=0	turns=1270	cache_hit=93.9%	in=628896	cr=496568760	cc=31665412	out=2894658
2026-06-03T19:21:36+08:00	agent=	session=d6954e4a-d9d	cost=0	turns=1281	cache_hit=94.0%	in=630907	cr=502770769	cc=31680506	out=2901560
2026-06-03T19:22:30+08:00	agent=	session=fc5eebad-0d9	cost=0	turns=1320	cache_hit=93.8%	in=872188	cr=608814219	cc=39566602	out=3763758
2026-06-03T19:22:56+08:00	agent=	session=d6954e4a-d9d	cost=0	turns=1284	cache_hit=94.0%	in=631448	cr=504472519	cc=31682806	out=2907067
2026-06-03T19:26:56+08:00	agent=	session=d6954e4a-d9d	cost=0	turns=1293	cache_hit=94.0%	in=633824	cr=509638148	cc=31702245	out=2942126
2026-06-03T19:47:37+08:00	agent=feature-dev:code-explorer	session=d6954e4a-d9d	cost=0	turns=1296	cache_hit=94.1%	in=636731	cr=511393853	cc=31702392	out=2956733
2026-06-03T19:49:44+08:00	agent=	session=d6954e4a-d9d	cost=0	turns=1301	cache_hit=94.1%	in=637197	cr=514348645	cc=31754304	out=2977127
2026-06-03T19:59:19+08:00	agent=evaluator	session=bb3371e7-322	cost=0	turns=1033	cache_hit=94.0%	in=477714	cr=339670632	cc=21065929	out=3420108
2026-06-03T20:01:46+08:00	agent=	session=bb3371e7-322	cost=0	turns=1054	cache_hit=94.2%	in=481311	cr=351455417	cc=21123010	out=3458506
2026-06-03T23:06:47+08:00	agent=	session=d6954e4a-d9d	cost=0	turns=1312	cache_hit=93.8%	in=640507	cr=519259595	cc=33623267	out=3020990
2026-06-04T00:23:01+08:00	agent=	session=d6954e4a-d9d	cost=0	turns=1362	cache_hit=93.8%	in=646139	cr=549712684	cc=35638630	out=3128171
2026-06-04T02:59:50+08:00	agent=	session=d6954e4a-d9d	cost=0	turns=1376	cache_hit=93.6%	in=648159	cr=557125540	cc=37671736	out=3153218
2026-06-04T03:31:47+08:00	agent=	session=fc5eebad-0d9	cost=0	turns=1352	cache_hit=93.5%	in=922340	cr=617808398	cc=41693095	out=3888047
2026-06-04T03:43:41+08:00	agent=	session=d6954e4a-d9d	cost=0	turns=1397	cache_hit=93.7%	in=651231	cr=571633664	cc=37710325	out=3209072
2026-06-04T03:57:45+08:00	agent=	session=bb3371e7-322	cost=0	turns=1119	cache_hit=93.9%	in=505277	cr=388995652	cc=24982731	out=3731491
2026-06-04T04:16:57+08:00	agent=	session=bb3371e7-322	cost=0	turns=1124	cache_hit=93.9%	in=506892	cr=392525181	cc=24996087	out=3754069
2026-06-04T04:30:42+08:00	agent=workflow-subagent	session=bb3371e7-322	cost=0	turns=1129	cache_hit=93.9%	in=512875	cr=396103364	cc=25026664	out=3791623
2026-06-04T04:30:58+08:00	agent=researcher	session=bb3371e7-322	cost=0	turns=1129	cache_hit=93.9%	in=512875	cr=396103364	cc=25026664	out=3791623
2026-06-04T04:32:51+08:00	agent=workflow-subagent	session=bb3371e7-322	cost=0	turns=1129	cache_hit=93.9%	in=512875	cr=396103364	cc=25026664	out=3791623
2026-06-04T04:32:58+08:00	agent=workflow-subagent	session=bb3371e7-322	cost=0	turns=1129	cache_hit=93.9%	in=512875	cr=396103364	cc=25026664	out=3791623
2026-06-04T04:33:31+08:00	agent=workflow-subagent	session=bb3371e7-322	cost=0	turns=1129	cache_hit=93.9%	in=512875	cr=396103364	cc=25026664	out=3791623
2026-06-04T04:34:45+08:00	agent=workflow-subagent	session=bb3371e7-322	cost=0	turns=1129	cache_hit=93.9%	in=512875	cr=396103364	cc=25026664	out=3791623
2026-06-04T04:37:01+08:00	agent=workflow-subagent	session=bb3371e7-322	cost=0	turns=1129	cache_hit=93.9%	in=512875	cr=396103364	cc=25026664	out=3791623
2026-06-04T04:38:31+08:00	agent=workflow-subagent	session=bb3371e7-322	cost=0	turns=1129	cache_hit=93.9%	in=512875	cr=396103364	cc=25026664	out=3791623
2026-06-04T04:40:15+08:00	agent=workflow-subagent	session=bb3371e7-322	cost=0	turns=1129	cache_hit=93.9%	in=512875	cr=396103364	cc=25026664	out=3791623
2026-06-04T04:40:50+08:00	agent=workflow-subagent	session=bb3371e7-322	cost=0	turns=1129	cache_hit=93.9%	in=512875	cr=396103364	cc=25026664	out=3791623
2026-06-04T04:45:52+08:00	agent=workflow-subagent	session=bb3371e7-322	cost=0	turns=1129	cache_hit=93.9%	in=512875	cr=396103364	cc=25026664	out=3791623
2026-06-04T04:48:31+08:00	agent=workflow-subagent	session=bb3371e7-322	cost=0	turns=1129	cache_hit=93.9%	in=512875	cr=396103364	cc=25026664	out=3791623
2026-06-04T04:58:28+08:00	agent=workflow-subagent	session=bb3371e7-322	cost=0	turns=1129	cache_hit=93.9%	in=512875	cr=396103364	cc=25026664	out=3791623
2026-06-04T05:06:23+08:00	agent=workflow-subagent	session=bb3371e7-322	cost=0	turns=1129	cache_hit=93.9%	in=512875	cr=396103364	cc=25026664	out=3791623
2026-06-04T05:07:29+08:00	agent=	session=d6954e4a-d9d	cost=0	turns=1418	cache_hit=93.5%	in=654690	cr=584512827	cc=39873931	out=3256486
2026-06-04T06:14:10+08:00	agent=workflow-subagent	session=bb3371e7-322	cost=0	turns=1129	cache_hit=93.9%	in=512875	cr=396103364	cc=25026664	out=3791623
2026-06-04T06:18:52+08:00	agent=	session=bb3371e7-322	cost=0	turns=1146	cache_hit=93.6%	in=520061	cr=406615907	cc=27338755	out=3843703
2026-06-04T11:02:04+08:00	agent=	session=bb3371e7-322	cost=0	turns=1156	cache_hit=93.2%	in=568861	cr=412118896	cc=29705725	out=3861806
2026-06-04T11:03:12+08:00	agent=	session=cda12053-818	cost=0	turns=869	cache_hit=74.3%	in=770490	cr=347146997	cc=119331947	out=9510806
2026-06-04T11:10:40+08:00	agent=	session=bb3371e7-322	cost=0	turns=1176	cache_hit=93.4%	in=573646	cr=428385974	cc=29758447	out=3918170
2026-06-04T11:13:27+08:00	agent=	session=d6954e4a-d9d	cost=0	turns=1423	cache_hit=93.2%	in=657973	cr=585961661	cc=42057364	out=3274244
2026-06-04T11:16:37+08:00	agent=	session=d6954e4a-d9d	cost=0	turns=1431	cache_hit=93.3%	in=660228	cr=591834214	cc=42071713	out=3291601
2026-06-04T11:22:00+08:00	agent=	session=d6954e4a-d9d	cost=0	turns=1444	cache_hit=93.3%	in=709589	cr=601549858	cc=42165503	out=3333707
2026-06-04T11:27:51+08:00	agent=	session=d6954e4a-d9d	cost=0	turns=1452	cache_hit=93.4%	in=711597	cr=607755853	cc=42179893	out=3348828
2026-06-04T11:31:36+08:00	agent=	session=d6954e4a-d9d	cost=0	turns=1460	cache_hit=93.5%	in=713584	cr=614022011	cc=42196737	out=3371011
2026-06-04T11:40:04+08:00	agent=	session=bb3371e7-322	cost=0	turns=1181	cache_hit=93.4%	in=577052	cr=432525799	cc=29777430	out=3948079
2026-06-04T11:50:25+08:00	agent=	session=bb3371e7-322	cost=0	turns=1194	cache_hit=93.4%	in=648086	cr=433502834	cc=30111452	out=3977612
2026-06-04T11:51:49+08:00	agent=	session=d6954e4a-d9d	cost=0	turns=1462	cache_hit=93.5%	in=714658	cr=615607131	cc=42196761	out=3376393
2026-06-04T12:06:27+08:00	agent=	session=bb3371e7-322	cost=0	turns=1274	cache_hit=93.5%	in=659480	cr=446543437	cc=30419729	out=4228942
2026-06-04T12:29:14+08:00	agent=	session=bb3371e7-322	cost=0	turns=1326	cache_hit=93.6%	in=667777	cr=460177110	cc=30648020	out=4437915
2026-06-04T12:51:34+08:00	agent=	session=bb3371e7-322	cost=0	turns=1369	cache_hit=93.8%	in=680695	cr=474453725	cc=30778412	out=4555570
2026-06-04T13:08:42+08:00	agent=	session=bb3371e7-322	cost=0	turns=1371	cache_hit=93.8%	in=681769	cr=475159197	cc=30778834	out=4557134
2026-06-04T13:40:43+08:00	agent=	session=bb3371e7-322	cost=0	turns=1411	cache_hit=93.9%	in=686289	cr=489952814	cc=30870814	out=4660299
2026-06-04T14:16:03+08:00	agent=	session=d6954e4a-d9d	cost=0	turns=1467	cache_hit=93.2%	in=717911	cr=617198877	cc=44590680	out=3386572
2026-06-04T14:17:23+08:00	agent=	session=bb3371e7-322	cost=0	turns=1429	cache_hit=94.0%	in=692058	cr=497248123	cc=30927333	out=4693271
2026-06-04T14:18:34+08:00	agent=	session=d6954e4a-d9d	cost=0	turns=1477	cache_hit=93.2%	in=720606	cr=625234849	cc=44608633	out=3403162
2026-06-05T01:49:56+08:00	agent=	session=ee9178c5-801	cost=0	turns=1407	cache_hit=94.3%	in=1190178	cr=442407970	cc=25648213	out=3974558
2026-06-05T02:30:13+08:00	agent=workflow-subagent	session=ee9178c5-801	cost=0	turns=1421	cache_hit=94.2%	in=1304524	cr=443499396	cc=26117211	out=4039131
2026-06-05T02:30:49+08:00	agent=workflow-subagent	session=ee9178c5-801	cost=0	turns=1421	cache_hit=94.2%	in=1304524	cr=443499396	cc=26117211	out=4039131
2026-06-05T02:31:09+08:00	agent=workflow-subagent	session=ee9178c5-801	cost=0	turns=1421	cache_hit=94.2%	in=1304524	cr=443499396	cc=26117211	out=4039131
2026-06-05T02:34:19+08:00	agent=workflow-subagent	session=ee9178c5-801	cost=0	turns=1421	cache_hit=94.2%	in=1304524	cr=443499396	cc=26117211	out=4039131
2026-06-05T02:36:36+08:00	agent=workflow-subagent	session=ee9178c5-801	cost=0	turns=1421	cache_hit=94.2%	in=1304524	cr=443499396	cc=26117211	out=4039131
2026-06-05T03:44:47+08:00	agent=	session=066562c0-e75	cost=0	turns=1306	cache_hit=90.8%	in=1635110	cr=481880264	cc=47369806	out=4740355
2026-06-05T04:14:07+08:00	agent=researcher	session=066562c0-e75	cost=0	turns=1326	cache_hit=90.6%	in=1917614	cr=484070345	cc=48168600	out=4860127
2026-06-05T04:14:11+08:00	agent=researcher	session=066562c0-e75	cost=0	turns=1326	cache_hit=90.6%	in=1917614	cr=484070345	cc=48168600	out=4860127
2026-06-05T04:14:12+08:00	agent=researcher	session=066562c0-e75	cost=0	turns=1326	cache_hit=90.6%	in=1917614	cr=484070345	cc=48168600	out=4860127
2026-06-05T04:14:18+08:00	agent=researcher	session=066562c0-e75	cost=0	turns=1326	cache_hit=90.6%	in=1917614	cr=484070345	cc=48168600	out=4860127
2026-06-05T04:14:26+08:00	agent=researcher	session=066562c0-e75	cost=0	turns=1326	cache_hit=90.6%	in=1917614	cr=484070345	cc=48168600	out=4860127
2026-06-05T04:14:27+08:00	agent=researcher	session=066562c0-e75	cost=0	turns=1326	cache_hit=90.6%	in=1917614	cr=484070345	cc=48168600	out=4860127
2026-06-05T04:14:32+08:00	agent=researcher	session=066562c0-e75	cost=0	turns=1326	cache_hit=90.6%	in=1917614	cr=484070345	cc=48168600	out=4860127
2026-06-05T04:16:49+08:00	agent=researcher	session=066562c0-e75	cost=0	turns=1326	cache_hit=90.6%	in=1917614	cr=484070345	cc=48168600	out=4860127
2026-06-05T04:17:10+08:00	agent=researcher	session=066562c0-e75	cost=0	turns=1326	cache_hit=90.6%	in=1917614	cr=484070345	cc=48168600	out=4860127
2026-06-05T04:17:19+08:00	agent=researcher	session=066562c0-e75	cost=0	turns=1326	cache_hit=90.6%	in=1917614	cr=484070345	cc=48168600	out=4860127
2026-06-05T04:17:26+08:00	agent=researcher	session=066562c0-e75	cost=0	turns=1326	cache_hit=90.6%	in=1917614	cr=484070345	cc=48168600	out=4860127
2026-06-05T04:17:31+08:00	agent=researcher	session=066562c0-e75	cost=0	turns=1326	cache_hit=90.6%	in=1917614	cr=484070345	cc=48168600	out=4860127
2026-06-05T04:17:33+08:00	agent=researcher	session=066562c0-e75	cost=0	turns=1326	cache_hit=90.6%	in=1917614	cr=484070345	cc=48168600	out=4860127
2026-06-05T04:18:05+08:00	agent=researcher	session=066562c0-e75	cost=0	turns=1326	cache_hit=90.6%	in=1917614	cr=484070345	cc=48168600	out=4860127
2026-06-05T04:19:55+08:00	agent=workflow-subagent	session=066562c0-e75	cost=0	turns=1326	cache_hit=90.6%	in=1917614	cr=484070345	cc=48168600	out=4860127
2026-06-05T04:21:01+08:00	agent=workflow-subagent	session=066562c0-e75	cost=0	turns=1326	cache_hit=90.6%	in=1917614	cr=484070345	cc=48168600	out=4860127
2026-06-05T04:26:28+08:00	agent=	session=ee9178c5-801	cost=0	turns=1495	cache_hit=94.2%	in=1403990	cr=461781417	cc=27207515	out=4275381
2026-06-05T04:45:46+08:00	agent=	session=066562c0-e75	cost=0	turns=1405	cache_hit=90.9%	in=2044744	cr=509684490	cc=48833766	out=5140316
2026-06-06T23:03:10+08:00	agent=	session=ac53011a-c85	cost=0	turns=12	cache_hit=41.1%	in=125440	cr=438744	cc=502424	out=29548
2026-06-07T01:54:16+08:00	agent=	session=bb3371e7-322	cost=0	turns=1429	cache_hit=94.0%	in=692058	cr=497248123	cc=30927333	out=4693271
2026-06-07T02:02:37+08:00	agent=workflow-subagent	session=ee9178c5-801	cost=0	turns=1512	cache_hit=94.0%	in=1408872	cr=466390355	cc=28255613	out=4365261
2026-06-07T02:02:39+08:00	agent=workflow-subagent	session=ee9178c5-801	cost=0	turns=1512	cache_hit=94.0%	in=1408872	cr=466390355	cc=28255613	out=4365261
2026-06-07T02:03:37+08:00	agent=workflow-subagent	session=ee9178c5-801	cost=0	turns=1512	cache_hit=94.0%	in=1408872	cr=466390355	cc=28255613	out=4365261
2026-06-07T02:03:49+08:00	agent=workflow-subagent	session=ee9178c5-801	cost=0	turns=1512	cache_hit=94.0%	in=1408872	cr=466390355	cc=28255613	out=4365261
2026-06-07T02:03:50+08:00	agent=workflow-subagent	session=ee9178c5-801	cost=0	turns=1512	cache_hit=94.0%	in=1408872	cr=466390355	cc=28255613	out=4365261
2026-06-07T02:05:42+08:00	agent=	session=fc5eebad-0d9	cost=0	turns=1366	cache_hit=93.4%	in=976620	cr=622274399	cc=42868323	out=3954672
2026-06-07T02:06:00+08:00	agent=workflow-subagent	session=ee9178c5-801	cost=0	turns=1512	cache_hit=94.0%	in=1408872	cr=466390355	cc=28255613	out=4365261
2026-06-07T02:06:40+08:00	agent=workflow-subagent	session=fc5eebad-0d9	cost=0	turns=1366	cache_hit=93.4%	in=976620	cr=622274399	cc=42868323	out=3954672
2026-06-07T02:07:44+08:00	agent=workflow-subagent	session=fc5eebad-0d9	cost=0	turns=1366	cache_hit=93.4%	in=976620	cr=622274399	cc=42868323	out=3954672
2026-06-07T02:07:57+08:00	agent=workflow-subagent	session=fc5eebad-0d9	cost=0	turns=1366	cache_hit=93.4%	in=976620	cr=622274399	cc=42868323	out=3954672
2026-06-07T02:08:52+08:00	agent=	session=d6954e4a-d9d	cost=0	turns=1492	cache_hit=93.0%	in=768348	cr=635249146	cc=47131102	out=3459017
2026-06-07T02:09:06+08:00	agent=workflow-subagent	session=ee9178c5-801	cost=0	turns=1512	cache_hit=94.0%	in=1408872	cr=466390355	cc=28255613	out=4365261
2026-06-07T02:14:06+08:00	agent=workflow-subagent	session=fc5eebad-0d9	cost=0	turns=1366	cache_hit=93.4%	in=976620	cr=622274399	cc=42868323	out=3954672
2026-06-07T02:25:29+08:00	agent=	session=fc5eebad-0d9	cost=0	turns=1393	cache_hit=93.5%	in=982008	cr=634400775	cc=43003630	out=4048155
2026-06-07T02:30:46+08:00	agent=	session=ee9178c5-801	cost=0	turns=1564	cache_hit=94.2%	in=1416482	cr=487440209	cc=28495832	out=4531046
2026-06-07T02:54:38+08:00	agent=	session=fc5eebad-0d9	cost=0	turns=1424	cache_hit=93.6%	in=986000	cr=649635650	cc=43109104	out=4147717
2026-06-07T02:56:15+08:00	agent=	session=ee9178c5-801	cost=0	turns=1618	cache_hit=94.5%	in=1420958	cr=513382183	cc=28651323	out=4696966
2026-06-07T03:02:21+08:00	agent=	session=d6954e4a-d9d	cost=0	turns=1514	cache_hit=93.2%	in=772049	cr=654352730	cc=47197982	out=3547704
2026-06-07T17:38:20+08:00	agent=	session=ee9178c5-801	cost=0	turns=1626	cache_hit=94.2%	in=1425447	cr=515945229	cc=30210156	out=4724144
2026-06-07T17:41:04+08:00	agent=workflow-subagent	session=ee9178c5-801	cost=0	turns=1626	cache_hit=94.2%	in=1425447	cr=515945229	cc=30210156	out=4724144
2026-06-07T17:41:30+08:00	agent=workflow-subagent	session=ee9178c5-801	cost=0	turns=1626	cache_hit=94.2%	in=1425447	cr=515945229	cc=30210156	out=4724144
2026-06-07T17:41:38+08:00	agent=workflow-subagent	session=ee9178c5-801	cost=0	turns=1626	cache_hit=94.2%	in=1425447	cr=515945229	cc=30210156	out=4724144
2026-06-07T17:42:13+08:00	agent=workflow-subagent	session=ee9178c5-801	cost=0	turns=1626	cache_hit=94.2%	in=1425447	cr=515945229	cc=30210156	out=4724144
2026-06-07T17:45:13+08:00	agent=workflow-subagent	session=ee9178c5-801	cost=0	turns=1626	cache_hit=94.2%	in=1425447	cr=515945229	cc=30210156	out=4724144
2026-06-07T17:54:16+08:00	agent=	session=ee9178c5-801	cost=0	turns=1673	cache_hit=94.5%	in=1431526	cr=542345485	cc=30403080	out=4841175
2026-06-08T01:44:17+08:00	agent=	session=cda12053-818	cost=0	turns=883	cache_hit=74.3%	in=824689	cr=350153404	cc=120193911	out=9545369
2026-06-08T01:54:20+08:00	agent=evaluator	session=d6954e4a-d9d	cost=0	turns=1537	cache_hit=93.0%	in=776001	cr=672467357	cc=49935531	out=3647382
2026-06-08T01:55:39+08:00	agent=	session=cda12053-818	cost=0	turns=907	cache_hit=74.7%	in=828652	cr=357391504	cc=120240235	out=9594327
2026-06-08T01:56:28+08:00	agent=	session=d6954e4a-d9d	cost=0	turns=1544	cache_hit=93.0%	in=776144	cr=678966935	cc=49959139	out=3660008
2026-06-08T02:01:24+08:00	agent=	session=ee9178c5-801	cost=0	turns=1678	cache_hit=94.2%	in=1433270	cr=543599288	cc=32092833	out=4857545
2026-06-08T02:16:27+08:00	agent=general-purpose	session=066562c0-e75	cost=0	turns=1419	cache_hit=90.8%	in=2048189	cr=514549170	cc=50256979	out=5265885
2026-06-08T02:16:35+08:00	agent=general-purpose	session=066562c0-e75	cost=0	turns=1419	cache_hit=90.8%	in=2048189	cr=514549170	cc=50256979	out=5265885
2026-06-08T02:16:52+08:00	agent=general-purpose	session=066562c0-e75	cost=0	turns=1419	cache_hit=90.8%	in=2048189	cr=514549170	cc=50256979	out=5265885
2026-06-08T02:17:09+08:00	agent=general-purpose	session=066562c0-e75	cost=0	turns=1419	cache_hit=90.8%	in=2048189	cr=514549170	cc=50256979	out=5265885
2026-06-08T02:17:12+08:00	agent=general-purpose	session=066562c0-e75	cost=0	turns=1419	cache_hit=90.8%	in=2048189	cr=514549170	cc=50256979	out=5265885
2026-06-08T02:18:33+08:00	agent=general-purpose	session=066562c0-e75	cost=0	turns=1419	cache_hit=90.8%	in=2048189	cr=514549170	cc=50256979	out=5265885
2026-06-08T02:22:45+08:00	agent=general-purpose	session=066562c0-e75	cost=0	turns=1419	cache_hit=90.8%	in=2048189	cr=514549170	cc=50256979	out=5265885
2026-06-08T02:23:57+08:00	agent=workflow-subagent	session=066562c0-e75	cost=0	turns=1419	cache_hit=90.8%	in=2048189	cr=514549170	cc=50256979	out=5265885
2026-06-08T02:26:18+08:00	agent=workflow-subagent	session=066562c0-e75	cost=0	turns=1419	cache_hit=90.8%	in=2048189	cr=514549170	cc=50256979	out=5265885
2026-06-08T02:32:18+08:00	agent=workflow-subagent	session=066562c0-e75	cost=0	turns=1419	cache_hit=90.8%	in=2048189	cr=514549170	cc=50256979	out=5265885
2026-06-08T02:46:31+08:00	agent=	session=ee9178c5-801	cost=0	turns=1688	cache_hit=94.2%	in=1437128	cr=548946940	cc=32116353	out=4871735
2026-06-08T02:56:07+08:00	agent=general-purpose	session=066562c0-e75	cost=0	turns=1492	cache_hit=91.3%	in=2055625	cr=555241865	cc=50754819	out=5513298
2026-06-08T03:03:36+08:00	agent=	session=066562c0-e75	cost=0	turns=1533	cache_hit=91.7%	in=2062403	cr=581642290	cc=50869985	out=5610279
2026-06-08T03:19:01+08:00	agent=	session=066562c0-e75	cost=0	turns=1545	cache_hit=91.7%	in=2064740	cr=589802657	cc=50983347	out=5723592
2026-06-08T03:26:21+08:00	agent=	session=d6954e4a-d9d	cost=0	turns=1571	cache_hit=92.9%	in=779858	cr=701953709	cc=52750981	out=3741722
2026-06-08T17:24:22+08:00	agent=	session=ee9178c5-801	cost=0	turns=1726	cache_hit=94.1%	in=1445202	cr=570300777	cc=34627014	out=4973088
2026-06-08T17:32:07+08:00	agent=	session=ee9178c5-801	cost=0	turns=1732	cache_hit=94.1%	in=1449778	cr=574168917	cc=34635816	out=4989736
2026-06-08T17:44:59+08:00	agent=	session=ee9178c5-801	cost=0	turns=1759	cache_hit=94.2%	in=1451824	cr=592270812	cc=34681887	out=5064114
2026-06-09T03:13:02+08:00	agent=workflow-subagent	session=bb3371e7-322	cost=0	turns=1435	cache_hit=93.8%	in=702019	cr=498091793	cc=32234444	out=4745809
2026-06-09T03:13:09+08:00	agent=workflow-subagent	session=bb3371e7-322	cost=0	turns=1435	cache_hit=93.8%	in=702019	cr=498091793	cc=32234444	out=4745809
2026-06-09T03:13:24+08:00	agent=workflow-subagent	session=bb3371e7-322	cost=0	turns=1435	cache_hit=93.8%	in=702019	cr=498091793	cc=32234444	out=4745809
2026-06-09T03:13:54+08:00	agent=workflow-subagent	session=bb3371e7-322	cost=0	turns=1435	cache_hit=93.8%	in=702019	cr=498091793	cc=32234444	out=4745809
2026-06-09T03:14:58+08:00	agent=workflow-subagent	session=bb3371e7-322	cost=0	turns=1435	cache_hit=93.8%	in=702019	cr=498091793	cc=32234444	out=4745809
2026-06-09T03:16:20+08:00	agent=workflow-subagent	session=bb3371e7-322	cost=0	turns=1435	cache_hit=93.8%	in=702019	cr=498091793	cc=32234444	out=4745809
2026-06-09T03:18:35+08:00	agent=workflow-subagent	session=bb3371e7-322	cost=0	turns=1435	cache_hit=93.8%	in=702019	cr=498091793	cc=32234444	out=4745809
2026-06-09T03:20:10+08:00	agent=workflow-subagent	session=bb3371e7-322	cost=0	turns=1435	cache_hit=93.8%	in=702019	cr=498091793	cc=32234444	out=4745809
2026-06-09T03:22:03+08:00	agent=workflow-subagent	session=bb3371e7-322	cost=0	turns=1435	cache_hit=93.8%	in=702019	cr=498091793	cc=32234444	out=4745809
2026-06-09T03:22:31+08:00	agent=workflow-subagent	session=bb3371e7-322	cost=0	turns=1435	cache_hit=93.8%	in=702019	cr=498091793	cc=32234444	out=4745809
2026-06-09T03:23:38+08:00	agent=workflow-subagent	session=bb3371e7-322	cost=0	turns=1435	cache_hit=93.8%	in=702019	cr=498091793	cc=32234444	out=4745809
2026-06-09T04:38:39+08:00	agent=	session=d6954e4a-d9d	cost=0	turns=1571	cache_hit=92.9%	in=779858	cr=701953709	cc=52750981	out=3741722
2026-06-09T04:40:45+08:00	agent=	session=fc5eebad-0d9	cost=0	turns=1506	cache_hit=93.6%	in=1000450	cr=693143405	cc=46477046	out=4368363
2026-06-09T05:06:08+08:00	agent=	session=cda12053-818	cost=0	turns=937	cache_hit=75.0%	in=841721	cr=366163564	cc=121289058	out=9661708
2026-06-09T15:24:37+08:00	agent=	session=066562c0-e75	cost=0	turns=1545	cache_hit=91.7%	in=2064740	cr=589802657	cc=50983347	out=5723592
2026-06-09T15:28:26+08:00	agent=	session=d6954e4a-d9d	cost=0	turns=1767	cache_hit=93.1%	in=998106	cr=742909181	cc=54430432	out=4147745
2026-06-09T15:42:48+08:00	agent=workflow-subagent	session=066562c0-e75	cost=0	turns=1560	cache_hit=91.6%	in=2283540	cr=591135615	cc=51719518	out=5821961
2026-06-09T15:42:49+08:00	agent=workflow-subagent	session=066562c0-e75	cost=0	turns=1560	cache_hit=91.6%	in=2283540	cr=591135615	cc=51719518	out=5821961
2026-06-09T15:43:00+08:00	agent=workflow-subagent	session=066562c0-e75	cost=0	turns=1560	cache_hit=91.6%	in=2283540	cr=591135615	cc=51719518	out=5821961
2026-06-09T15:43:02+08:00	agent=workflow-subagent	session=066562c0-e75	cost=0	turns=1560	cache_hit=91.6%	in=2283540	cr=591135615	cc=51719518	out=5821961
2026-06-09T15:43:11+08:00	agent=workflow-subagent	session=066562c0-e75	cost=0	turns=1560	cache_hit=91.6%	in=2283540	cr=591135615	cc=51719518	out=5821961
2026-06-09T15:43:29+08:00	agent=	session=cda12053-818	cost=0	turns=992	cache_hit=75.8%	in=863012	cr=385773861	cc=122580753	out=9772823
2026-06-09T15:43:39+08:00	agent=workflow-subagent	session=066562c0-e75	cost=0	turns=1560	cache_hit=91.6%	in=2283540	cr=591135615	cc=51719518	out=5821961
2026-06-09T15:43:39+08:00	agent=workflow-subagent	session=066562c0-e75	cost=0	turns=1560	cache_hit=91.6%	in=2283540	cr=591135615	cc=51719518	out=5821961
2026-06-09T15:43:43+08:00	agent=workflow-subagent	session=066562c0-e75	cost=0	turns=1560	cache_hit=91.6%	in=2283540	cr=591135615	cc=51719518	out=5821961
2026-06-09T15:45:52+08:00	agent=workflow-subagent	session=066562c0-e75	cost=0	turns=1560	cache_hit=91.6%	in=2283540	cr=591135615	cc=51719518	out=5821961
2026-06-09T15:47:01+08:00	agent=workflow-subagent	session=066562c0-e75	cost=0	turns=1560	cache_hit=91.6%	in=2283540	cr=591135615	cc=51719518	out=5821961
2026-06-09T15:47:45+08:00	agent=workflow-subagent	session=066562c0-e75	cost=0	turns=1560	cache_hit=91.6%	in=2283540	cr=591135615	cc=51719518	out=5821961
2026-06-09T15:59:01+08:00	agent=	session=066562c0-e75	cost=0	turns=1584	cache_hit=91.7%	in=2287371	cr=597216904	cc=52058308	out=5983788
2026-06-09T16:04:21+08:00	agent=	session=cda12053-818	cost=0	turns=1022	cache_hit=76.3%	in=868376	cr=398403370	cc=122642060	out=9832493
2026-06-09T16:30:22+08:00	agent=	session=d6954e4a-d9d	cost=0	turns=1832	cache_hit=93.2%	in=1020013	cr=765534104	cc=54576488	out=4286418
2026-06-09T18:48:19+08:00	agent=	session=ee9178c5-801	cost=0	turns=1759	cache_hit=94.2%	in=1451824	cr=592270812	cc=34681887	out=5064114
2026-06-09T18:54:33+08:00	agent=	session=ee9178c5-801	cost=0	turns=1782	cache_hit=94.2%	in=1591250	cr=594626315	cc=35189991	out=5149186
2026-06-09T18:54:57+08:00	agent=researcher	session=ee9178c5-801	cost=0	turns=1782	cache_hit=94.2%	in=1591250	cr=594626315	cc=35189991	out=5149186
2026-06-09T18:55:33+08:00	agent=researcher	session=ee9178c5-801	cost=0	turns=1782	cache_hit=94.2%	in=1591250	cr=594626315	cc=35189991	out=5149186
2026-06-09T18:55:34+08:00	agent=researcher	session=ee9178c5-801	cost=0	turns=1782	cache_hit=94.2%	in=1591250	cr=594626315	cc=35189991	out=5149186
2026-06-09T18:56:14+08:00	agent=researcher	session=ee9178c5-801	cost=0	turns=1782	cache_hit=94.2%	in=1591250	cr=594626315	cc=35189991	out=5149186
2026-06-09T18:57:21+08:00	agent=workflow-subagent	session=ee9178c5-801	cost=0	turns=1782	cache_hit=94.2%	in=1591250	cr=594626315	cc=35189991	out=5149186
2026-06-09T18:57:33+08:00	agent=workflow-subagent	session=ee9178c5-801	cost=0	turns=1782	cache_hit=94.2%	in=1591250	cr=594626315	cc=35189991	out=5149186
2026-06-09T18:57:35+08:00	agent=workflow-subagent	session=ee9178c5-801	cost=0	turns=1782	cache_hit=94.2%	in=1591250	cr=594626315	cc=35189991	out=5149186
2026-06-09T18:57:35+08:00	agent=workflow-subagent	session=ee9178c5-801	cost=0	turns=1782	cache_hit=94.2%	in=1591250	cr=594626315	cc=35189991	out=5149186
2026-06-09T18:57:44+08:00	agent=workflow-subagent	session=ee9178c5-801	cost=0	turns=1782	cache_hit=94.2%	in=1591250	cr=594626315	cc=35189991	out=5149186
2026-06-09T18:59:40+08:00	agent=workflow-subagent	session=ee9178c5-801	cost=0	turns=1782	cache_hit=94.2%	in=1591250	cr=594626315	cc=35189991	out=5149186
2026-06-09T19:01:02+08:00	agent=workflow-subagent	session=ee9178c5-801	cost=0	turns=1782	cache_hit=94.2%	in=1591250	cr=594626315	cc=35189991	out=5149186
2026-06-09T19:02:11+08:00	agent=workflow-subagent	session=ee9178c5-801	cost=0	turns=1782	cache_hit=94.2%	in=1591250	cr=594626315	cc=35189991	out=5149186
2026-06-09T19:03:13+08:00	agent=workflow-subagent	session=ee9178c5-801	cost=0	turns=1782	cache_hit=94.2%	in=1591250	cr=594626315	cc=35189991	out=5149186
2026-06-09T19:04:14+08:00	agent=workflow-subagent	session=ee9178c5-801	cost=0	turns=1782	cache_hit=94.2%	in=1591250	cr=594626315	cc=35189991	out=5149186
2026-06-09T19:05:05+08:00	agent=workflow-subagent	session=ee9178c5-801	cost=0	turns=1782	cache_hit=94.2%	in=1591250	cr=594626315	cc=35189991	out=5149186
2026-06-09T19:05:51+08:00	agent=workflow-subagent	session=ee9178c5-801	cost=0	turns=1782	cache_hit=94.2%	in=1591250	cr=594626315	cc=35189991	out=5149186
2026-06-09T19:06:07+08:00	agent=workflow-subagent	session=ee9178c5-801	cost=0	turns=1782	cache_hit=94.2%	in=1591250	cr=594626315	cc=35189991	out=5149186
2026-06-09T19:08:10+08:00	agent=workflow-subagent	session=ee9178c5-801	cost=0	turns=1782	cache_hit=94.2%	in=1591250	cr=594626315	cc=35189991	out=5149186
2026-06-09T19:10:34+08:00	agent=	session=066562c0-e75	cost=0	turns=1631	cache_hit=91.7%	in=2338243	cr=613882863	cc=53149261	out=6176312
2026-06-09T19:26:51+08:00	agent=	session=066562c0-e75	cost=0	turns=1654	cache_hit=91.8%	in=2342531	cr=623606091	cc=53259482	out=6280892
2026-06-09T20:11:32+08:00	agent=	session=066562c0-e75	cost=0	turns=1692	cache_hit=92.0%	in=2348571	cr=641676840	cc=53418396	out=6428922
2026-06-09T20:16:06+08:00	agent=	session=d6954e4a-d9d	cost=0	turns=1861	cache_hit=93.2%	in=1024730	cr=775912258	cc=55677622	out=4394376
2026-06-09T20:23:03+08:00	agent=	session=d6954e4a-d9d	cost=0	turns=1908	cache_hit=93.3%	in=1028353	cr=796104560	cc=55746005	out=4451306
2026-06-09T20:23:14+08:00	agent=	session=fc5eebad-0d9	cost=0	turns=1514	cache_hit=93.4%	in=1080110	cr=696393712	cc=48361327	out=4393669
2026-06-09T20:27:12+08:00	agent=	session=066562c0-e75	cost=0	turns=1712	cache_hit=92.1%	in=2370380	cr=652028551	cc=53533854	out=6526380
2026-06-09T20:27:20+08:00	agent=workflow-subagent	session=fc5eebad-0d9	cost=0	turns=1514	cache_hit=93.4%	in=1080110	cr=696393712	cc=48361327	out=4393669
2026-06-09T20:28:08+08:00	agent=workflow-subagent	session=fc5eebad-0d9	cost=0	turns=1514	cache_hit=93.4%	in=1080110	cr=696393712	cc=48361327	out=4393669
2026-06-09T20:31:06+08:00	agent=workflow-subagent	session=fc5eebad-0d9	cost=0	turns=1514	cache_hit=93.4%	in=1080110	cr=696393712	cc=48361327	out=4393669
2026-06-09T20:31:40+08:00	agent=workflow-subagent	session=fc5eebad-0d9	cost=0	turns=1514	cache_hit=93.4%	in=1080110	cr=696393712	cc=48361327	out=4393669
2026-06-09T20:39:53+08:00	agent=	session=fc5eebad-0d9	cost=0	turns=1547	cache_hit=93.6%	in=1084580	cr=718852381	cc=48467906	out=4485765
2026-06-09T20:53:34+08:00	agent=	session=ee9178c5-801	cost=0	turns=1947	cache_hit=94.5%	in=1648520	cr=640827259	cc=35748466	out=5555171
2026-06-09T20:54:22+08:00	agent=	session=fc5eebad-0d9	cost=0	turns=1577	cache_hit=93.7%	in=1086890	cr=740182240	cc=48534907	out=4537788
2026-06-09T22:06:50+08:00	agent=	session=fc5eebad-0d9	cost=0	turns=1577	cache_hit=93.7%	in=1086890	cr=740182240	cc=48534907	out=4537788
2026-06-09T22:10:03+08:00	agent=	session=ee9178c5-801	cost=0	turns=1955	cache_hit=94.4%	in=1650525	cr=642768465	cc=36811464	out=5599533
2026-06-09T22:14:05+08:00	agent=	session=066562c0-e75	cost=0	turns=1731	cache_hit=92.0%	in=2373364	cr=661236928	cc=55185560	out=6626473
2026-06-09T22:15:01+08:00	agent=	session=d6954e4a-d9d	cost=0	turns=1944	cache_hit=93.3%	in=1033765	cr=811728886	cc=57197603	out=4575344
2026-06-09T22:24:59+08:00	agent=	session=cda12053-818	cost=0	turns=1061	cache_hit=76.9%	in=949611	cr=416025282	cc=124148256	out=9936413
2026-06-09T22:28:26+08:00	agent=	session=fc5eebad-0d9	cost=0	turns=1670	cache_hit=93.8%	in=1159635	cr=756294435	cc=49093879	out=4760435
2026-06-09T22:29:51+08:00	agent=	session=cda12053-818	cost=0	turns=1083	cache_hit=77.3%	in=952714	cr=427231287	cc=124185394	out=9970433
2026-06-09T22:30:43+08:00	agent=	session=ee9178c5-801	cost=0	turns=1962	cache_hit=94.4%	in=1666436	cr=645465524	cc=36837090	out=5607239
2026-06-09T22:31:26+08:00	agent=Explore	session=fc5eebad-0d9	cost=0	turns=1670	cache_hit=93.8%	in=1159635	cr=756294435	cc=49093879	out=4760435
2026-06-09T22:32:07+08:00	agent=Explore	session=fc5eebad-0d9	cost=0	turns=1670	cache_hit=93.8%	in=1159635	cr=756294435	cc=49093879	out=4760435
2026-06-09T22:34:11+08:00	agent=Explore	session=fc5eebad-0d9	cost=0	turns=1670	cache_hit=93.8%	in=1159635	cr=756294435	cc=49093879	out=4760435
2026-06-09T22:35:09+08:00	agent=Explore	session=fc5eebad-0d9	cost=0	turns=1670	cache_hit=93.8%	in=1159635	cr=756294435	cc=49093879	out=4760435
2026-06-09T22:35:52+08:00	agent=Explore	session=fc5eebad-0d9	cost=0	turns=1670	cache_hit=93.8%	in=1159635	cr=756294435	cc=49093879	out=4760435
2026-06-09T22:38:23+08:00	agent=Explore	session=fc5eebad-0d9	cost=0	turns=1670	cache_hit=93.8%	in=1159635	cr=756294435	cc=49093879	out=4760435
2026-06-09T22:38:47+08:00	agent=workflow-subagent	session=fc5eebad-0d9	cost=0	turns=1670	cache_hit=93.8%	in=1159635	cr=756294435	cc=49093879	out=4760435
2026-06-09T22:38:50+08:00	agent=workflow-subagent	session=fc5eebad-0d9	cost=0	turns=1670	cache_hit=93.8%	in=1159635	cr=756294435	cc=49093879	out=4760435
2026-06-09T22:38:53+08:00	agent=workflow-subagent	session=fc5eebad-0d9	cost=0	turns=1670	cache_hit=93.8%	in=1159635	cr=756294435	cc=49093879	out=4760435
2026-06-09T22:38:54+08:00	agent=workflow-subagent	session=fc5eebad-0d9	cost=0	turns=1670	cache_hit=93.8%	in=1159635	cr=756294435	cc=49093879	out=4760435
2026-06-09T22:39:06+08:00	agent=workflow-subagent	session=fc5eebad-0d9	cost=0	turns=1670	cache_hit=93.8%	in=1159635	cr=756294435	cc=49093879	out=4760435
2026-06-09T22:39:57+08:00	agent=workflow-subagent	session=fc5eebad-0d9	cost=0	turns=1670	cache_hit=93.8%	in=1159635	cr=756294435	cc=49093879	out=4760435
2026-06-09T22:40:56+08:00	agent=	session=d6954e4a-d9d	cost=0	turns=2013	cache_hit=93.6%	in=1039777	cr=849057609	cc=57334244	out=4721356
2026-06-09T22:47:34+08:00	agent=	session=fc5eebad-0d9	cost=0	turns=1702	cache_hit=93.8%	in=1165168	cr=764486184	cc=49178972	out=4830794
2026-06-09T22:48:37+08:00	agent=	session=cda12053-818	cost=0	turns=1096	cache_hit=77.6%	in=954312	cr=434032438	cc=124221312	out=9996811
2026-06-09T22:51:51+08:00	agent=workflow-subagent	session=cda12053-818	cost=0	turns=1096	cache_hit=77.6%	in=954312	cr=434032438	cc=124221312	out=9996811
2026-06-09T22:52:17+08:00	agent=workflow-subagent	session=cda12053-818	cost=0	turns=1096	cache_hit=77.6%	in=954312	cr=434032438	cc=124221312	out=9996811
2026-06-09T22:52:40+08:00	agent=workflow-subagent	session=cda12053-818	cost=0	turns=1096	cache_hit=77.6%	in=954312	cr=434032438	cc=124221312	out=9996811
2026-06-09T22:56:14+08:00	agent=workflow-subagent	session=cda12053-818	cost=0	turns=1096	cache_hit=77.6%	in=954312	cr=434032438	cc=124221312	out=9996811
2026-06-09T22:56:44+08:00	agent=	session=ee9178c5-801	cost=0	turns=1969	cache_hit=94.4%	in=1668931	cr=648226764	cc=36847399	out=5614221
2026-06-09T23:01:39+08:00	agent=	session=066562c0-e75	cost=0	turns=1796	cache_hit=92.1%	in=2395341	cr=700760626	cc=57515727	out=6913512
2026-06-09T23:05:46+08:00	agent=	session=cda12053-818	cost=0	turns=1135	cache_hit=78.4%	in=960537	cr=455766176	cc=124319023	out=10081609
2026-06-09T23:55:38+08:00	agent=workflow-subagent	session=e4d8d20b-c0a	cost=0	turns=63	cache_hit=84.9%	in=211344	cr=9794274	cc=1528097	out=314608
2026-06-09T23:55:45+08:00	agent=workflow-subagent	session=e4d8d20b-c0a	cost=0	turns=63	cache_hit=84.9%	in=211344	cr=9794274	cc=1528097	out=314608
2026-06-09T23:56:01+08:00	agent=	session=ee9178c5-801	cost=0	turns=1987	cache_hit=94.4%	in=1670752	cr=655532816	cc=36921066	out=5681133
2026-06-09T23:56:37+08:00	agent=workflow-subagent	session=e4d8d20b-c0a	cost=0	turns=63	cache_hit=84.9%	in=211344	cr=9794274	cc=1528097	out=314608
2026-06-09T23:57:54+08:00	agent=workflow-subagent	session=e4d8d20b-c0a	cost=0	turns=63	cache_hit=84.9%	in=211344	cr=9794274	cc=1528097	out=314608
2026-06-10T00:02:54+08:00	agent=workflow-subagent	session=e4d8d20b-c0a	cost=0	turns=63	cache_hit=84.9%	in=211344	cr=9794274	cc=1528097	out=314608
2026-06-10T00:02:58+08:00	agent=workflow-subagent	session=e4d8d20b-c0a	cost=0	turns=63	cache_hit=84.9%	in=211344	cr=9794274	cc=1528097	out=314608
2026-06-10T00:05:54+08:00	agent=workflow-subagent	session=e4d8d20b-c0a	cost=0	turns=63	cache_hit=84.9%	in=211344	cr=9794274	cc=1528097	out=314608
2026-06-10T00:07:04+08:00	agent=workflow-subagent	session=e4d8d20b-c0a	cost=0	turns=63	cache_hit=84.9%	in=211344	cr=9794274	cc=1528097	out=314608
2026-06-10T00:13:45+08:00	agent=workflow-subagent	session=e4d8d20b-c0a	cost=0	turns=63	cache_hit=84.9%	in=211344	cr=9794274	cc=1528097	out=314608
2026-06-10T00:14:21+08:00	agent=workflow-subagent	session=e4d8d20b-c0a	cost=0	turns=63	cache_hit=84.9%	in=211344	cr=9794274	cc=1528097	out=314608
2026-06-10T00:17:25+08:00	agent=workflow-subagent	session=e4d8d20b-c0a	cost=0	turns=63	cache_hit=84.9%	in=211344	cr=9794274	cc=1528097	out=314608
2026-06-10T00:18:20+08:00	agent=workflow-subagent	session=e4d8d20b-c0a	cost=0	turns=63	cache_hit=84.9%	in=211344	cr=9794274	cc=1528097	out=314608
2026-06-10T00:19:07+08:00	agent=workflow-subagent	session=e4d8d20b-c0a	cost=0	turns=63	cache_hit=84.9%	in=211344	cr=9794274	cc=1528097	out=314608
2026-06-10T00:19:35+08:00	agent=workflow-subagent	session=e4d8d20b-c0a	cost=0	turns=63	cache_hit=84.9%	in=211344	cr=9794274	cc=1528097	out=314608
2026-06-10T00:22:34+08:00	agent=workflow-subagent	session=e4d8d20b-c0a	cost=0	turns=63	cache_hit=84.9%	in=211344	cr=9794274	cc=1528097	out=314608
2026-06-10T00:23:23+08:00	agent=workflow-subagent	session=e4d8d20b-c0a	cost=0	turns=63	cache_hit=84.9%	in=211344	cr=9794274	cc=1528097	out=314608
2026-06-10T00:24:00+08:00	agent=workflow-subagent	session=e4d8d20b-c0a	cost=0	turns=63	cache_hit=84.9%	in=211344	cr=9794274	cc=1528097	out=314608
2026-06-10T00:24:18+08:00	agent=workflow-subagent	session=e4d8d20b-c0a	cost=0	turns=63	cache_hit=84.9%	in=211344	cr=9794274	cc=1528097	out=314608
2026-06-10T00:27:55+08:00	agent=workflow-subagent	session=e4d8d20b-c0a	cost=0	turns=63	cache_hit=84.9%	in=211344	cr=9794274	cc=1528097	out=314608
2026-06-10T00:28:03+08:00	agent=workflow-subagent	session=e4d8d20b-c0a	cost=0	turns=63	cache_hit=84.9%	in=211344	cr=9794274	cc=1528097	out=314608
2026-06-10T00:29:21+08:00	agent=	session=ee9178c5-801	cost=0	turns=2007	cache_hit=94.5%	in=1673405	cr=664190194	cc=36971916	out=5719446
2026-06-10T00:29:37+08:00	agent=workflow-subagent	session=e4d8d20b-c0a	cost=0	turns=63	cache_hit=84.9%	in=211344	cr=9794274	cc=1528097	out=314608
2026-06-10T00:33:10+08:00	agent=workflow-subagent	session=e4d8d20b-c0a	cost=0	turns=63	cache_hit=84.9%	in=211344	cr=9794274	cc=1528097	out=314608
2026-06-10T00:34:08+08:00	agent=workflow-subagent	session=e4d8d20b-c0a	cost=0	turns=63	cache_hit=84.9%	in=211344	cr=9794274	cc=1528097	out=314608
2026-06-10T00:38:03+08:00	agent=workflow-subagent	session=e4d8d20b-c0a	cost=0	turns=63	cache_hit=84.9%	in=211344	cr=9794274	cc=1528097	out=314608
2026-06-10T00:54:26+08:00	agent=	session=e4d8d20b-c0a	cost=0	turns=121	cache_hit=93.7%	in=217688	cr=32665914	cc=1981717	out=512218
2026-06-10T01:17:36+08:00	agent=	session=e4d8d20b-c0a	cost=0	turns=176	cache_hit=96.1%	in=220822	cr=59748483	cc=2182154	out=685184
2026-06-10T01:20:47+08:00	agent=	session=e4d8d20b-c0a	cost=0	turns=196	cache_hit=96.6%	in=222854	cr=70282681	cc=2232521	out=724367
2026-06-10T01:32:08+08:00	agent=	session=e4d8d20b-c0a	cost=0	turns=228	cache_hit=97.2%	in=224504	cr=87825356	cc=2311111	out=792174
2026-06-10T01:57:32+08:00	agent=	session=e4d8d20b-c0a	cost=0	turns=245	cache_hit=97.4%	in=226530	cr=97563629	cc=2355604	out=835204
2026-06-10T02:50:42+08:00	agent=	session=bb3371e7-322	cost=0	turns=1446	cache_hit=93.5%	in=715324	cr=501296091	cc=34290339	out=4810929
2026-06-10T02:59:29+08:00	agent=	session=066562c0-e75	cost=0	turns=1823	cache_hit=91.9%	in=2399947	cr=716722587	cc=60967795	out=6990509
2026-06-10T03:05:50+08:00	agent=	session=d6954e4a-d9d	cost=0	turns=2037	cache_hit=93.5%	in=1044952	cr=861327628	cc=59152465	out=4840696
2026-06-10T03:23:49+08:00	agent=	session=d6954e4a-d9d	cost=0	turns=2048	cache_hit=93.5%	in=1046579	cr=868058699	cc=59160636	out=4846948
2026-06-10T03:45:39+08:00	agent=workflow-subagent	session=066562c0-e75	cost=0	turns=1833	cache_hit=91.4%	in=2408370	cr=718291572	cc=65250821	out=7028095
2026-06-10T03:45:43+08:00	agent=workflow-subagent	session=066562c0-e75	cost=0	turns=1833	cache_hit=91.4%	in=2408370	cr=718291572	cc=65250821	out=7028095
2026-06-10T03:46:00+08:00	agent=workflow-subagent	session=066562c0-e75	cost=0	turns=1833	cache_hit=91.4%	in=2408370	cr=718291572	cc=65250821	out=7028095
2026-06-10T03:46:58+08:00	agent=workflow-subagent	session=066562c0-e75	cost=0	turns=1833	cache_hit=91.4%	in=2408370	cr=718291572	cc=65250821	out=7028095
2026-06-10T03:48:46+08:00	agent=workflow-subagent	session=066562c0-e75	cost=0	turns=1833	cache_hit=91.4%	in=2408370	cr=718291572	cc=65250821	out=7028095
2026-06-10T03:50:53+08:00	agent=workflow-subagent	session=066562c0-e75	cost=0	turns=1833	cache_hit=91.4%	in=2408370	cr=718291572	cc=65250821	out=7028095
2026-06-10T03:52:17+08:00	agent=workflow-subagent	session=066562c0-e75	cost=0	turns=1833	cache_hit=91.4%	in=2408370	cr=718291572	cc=65250821	out=7028095
2026-06-10T03:53:31+08:00	agent=workflow-subagent	session=066562c0-e75	cost=0	turns=1833	cache_hit=91.4%	in=2408370	cr=718291572	cc=65250821	out=7028095
2026-06-10T04:04:10+08:00	agent=	session=ee9178c5-801	cost=0	turns=2020	cache_hit=94.2%	in=1677113	cr=666650408	cc=39420795	out=5760654
2026-06-10T04:05:06+08:00	agent=	session=066562c0-e75	cost=0	turns=1867	cache_hit=91.6%	in=2462138	cr=744874534	cc=65624879	out=7169722
2026-06-10T04:05:41+08:00	agent=Explore	session=ee9178c5-801	cost=0	turns=2020	cache_hit=94.2%	in=1677113	cr=666650408	cc=39420795	out=5760654
2026-06-10T04:05:44+08:00	agent=Explore	session=ee9178c5-801	cost=0	turns=2020	cache_hit=94.2%	in=1677113	cr=666650408	cc=39420795	out=5760654
2026-06-10T04:07:26+08:00	agent=Explore	session=ee9178c5-801	cost=0	turns=2020	cache_hit=94.2%	in=1677113	cr=666650408	cc=39420795	out=5760654
2026-06-10T04:08:23+08:00	agent=Explore	session=ee9178c5-801	cost=0	turns=2020	cache_hit=94.2%	in=1677113	cr=666650408	cc=39420795	out=5760654
2026-06-10T04:10:03+08:00	agent=workflow-subagent	session=ee9178c5-801	cost=0	turns=2020	cache_hit=94.2%	in=1677113	cr=666650408	cc=39420795	out=5760654
2026-06-10T04:44:19+08:00	agent=	session=d6954e4a-d9d	cost=0	turns=2067	cache_hit=93.4%	in=1053748	cr=876117604	cc=61035065	out=4872021
2026-06-10T04:50:47+08:00	agent=	session=ee9178c5-801	cost=0	turns=2037	cache_hit=94.0%	in=1727922	cr=673464617	cc=40880071	out=5836718
2026-06-10T04:51:03+08:00	agent=	session=e4d8d20b-c0a	cost=0	turns=256	cache_hit=95.9%	in=230255	cr=101696061	cc=4143505	out=867571
2026-06-10T05:01:32+08:00	agent=	session=b37a812f-b77	cost=0	turns=40	cache_hit=77.7%	in=108725	cr=3587318	cc=919653	out=112853
2026-06-10T05:03:01+08:00	agent=workflow-subagent	session=b37a812f-b77	cost=0	turns=40	cache_hit=77.7%	in=108725	cr=3587318	cc=919653	out=112853
2026-06-10T05:03:12+08:00	agent=workflow-subagent	session=b37a812f-b77	cost=0	turns=40	cache_hit=77.7%	in=108725	cr=3587318	cc=919653	out=112853
2026-06-10T05:03:48+08:00	agent=workflow-subagent	session=b37a812f-b77	cost=0	turns=40	cache_hit=77.7%	in=108725	cr=3587318	cc=919653	out=112853
2026-06-10T05:03:49+08:00	agent=workflow-subagent	session=b37a812f-b77	cost=0	turns=40	cache_hit=77.7%	in=108725	cr=3587318	cc=919653	out=112853
2026-06-10T05:04:00+08:00	agent=workflow-subagent	session=b37a812f-b77	cost=0	turns=40	cache_hit=77.7%	in=108725	cr=3587318	cc=919653	out=112853
2026-06-10T05:04:15+08:00	agent=workflow-subagent	session=b37a812f-b77	cost=0	turns=40	cache_hit=77.7%	in=108725	cr=3587318	cc=919653	out=112853
2026-06-10T05:04:19+08:00	agent=workflow-subagent	session=b37a812f-b77	cost=0	turns=40	cache_hit=77.7%	in=108725	cr=3587318	cc=919653	out=112853
2026-06-10T05:04:26+08:00	agent=workflow-subagent	session=b37a812f-b77	cost=0	turns=40	cache_hit=77.7%	in=108725	cr=3587318	cc=919653	out=112853
2026-06-10T05:04:31+08:00	agent=workflow-subagent	session=b37a812f-b77	cost=0	turns=40	cache_hit=77.7%	in=108725	cr=3587318	cc=919653	out=112853
2026-06-10T05:04:41+08:00	agent=workflow-subagent	session=b37a812f-b77	cost=0	turns=40	cache_hit=77.7%	in=108725	cr=3587318	cc=919653	out=112853
2026-06-10T05:04:44+08:00	agent=workflow-subagent	session=b37a812f-b77	cost=0	turns=40	cache_hit=77.7%	in=108725	cr=3587318	cc=919653	out=112853
2026-06-10T05:05:08+08:00	agent=workflow-subagent	session=b37a812f-b77	cost=0	turns=40	cache_hit=77.7%	in=108725	cr=3587318	cc=919653	out=112853
2026-06-10T05:05:13+08:00	agent=workflow-subagent	session=b37a812f-b77	cost=0	turns=40	cache_hit=77.7%	in=108725	cr=3587318	cc=919653	out=112853
2026-06-10T05:05:20+08:00	agent=workflow-subagent	session=b37a812f-b77	cost=0	turns=40	cache_hit=77.7%	in=108725	cr=3587318	cc=919653	out=112853
2026-06-10T05:05:31+08:00	agent=workflow-subagent	session=b37a812f-b77	cost=0	turns=40	cache_hit=77.7%	in=108725	cr=3587318	cc=919653	out=112853
2026-06-10T05:05:36+08:00	agent=workflow-subagent	session=b37a812f-b77	cost=0	turns=40	cache_hit=77.7%	in=108725	cr=3587318	cc=919653	out=112853
2026-06-10T05:05:37+08:00	agent=workflow-subagent	session=b37a812f-b77	cost=0	turns=40	cache_hit=77.7%	in=108725	cr=3587318	cc=919653	out=112853
2026-06-10T05:05:51+08:00	agent=workflow-subagent	session=b37a812f-b77	cost=0	turns=40	cache_hit=77.7%	in=108725	cr=3587318	cc=919653	out=112853
2026-06-10T05:05:52+08:00	agent=workflow-subagent	session=b37a812f-b77	cost=0	turns=40	cache_hit=77.7%	in=108725	cr=3587318	cc=919653	out=112853
2026-06-10T05:06:30+08:00	agent=workflow-subagent	session=b37a812f-b77	cost=0	turns=40	cache_hit=77.7%	in=108725	cr=3587318	cc=919653	out=112853
2026-06-10T05:06:39+08:00	agent=workflow-subagent	session=b37a812f-b77	cost=0	turns=40	cache_hit=77.7%	in=108725	cr=3587318	cc=919653	out=112853
2026-06-10T05:07:49+08:00	agent=workflow-subagent	session=b37a812f-b77	cost=0	turns=40	cache_hit=77.7%	in=108725	cr=3587318	cc=919653	out=112853
2026-06-10T05:08:02+08:00	agent=workflow-subagent	session=b37a812f-b77	cost=0	turns=40	cache_hit=77.7%	in=108725	cr=3587318	cc=919653	out=112853
2026-06-10T05:08:06+08:00	agent=workflow-subagent	session=b37a812f-b77	cost=0	turns=40	cache_hit=77.7%	in=108725	cr=3587318	cc=919653	out=112853
2026-06-10T05:09:07+08:00	agent=workflow-subagent	session=b37a812f-b77	cost=0	turns=40	cache_hit=77.7%	in=108725	cr=3587318	cc=919653	out=112853
2026-06-10T05:11:04+08:00	agent=workflow-subagent	session=b37a812f-b77	cost=0	turns=40	cache_hit=77.7%	in=108725	cr=3587318	cc=919653	out=112853
2026-06-10T05:12:36+08:00	agent=workflow-subagent	session=b37a812f-b77	cost=0	turns=40	cache_hit=77.7%	in=108725	cr=3587318	cc=919653	out=112853
2026-06-10T05:14:08+08:00	agent=workflow-subagent	session=b37a812f-b77	cost=0	turns=40	cache_hit=77.7%	in=108725	cr=3587318	cc=919653	out=112853
2026-06-10T05:21:57+08:00	agent=	session=ee9178c5-801	cost=0	turns=2043	cache_hit=94.1%	in=1730505	cr=676571591	cc=40891598	out=5844647
2026-06-10T05:23:49+08:00	agent=	session=b37a812f-b77	cost=0	turns=79	cache_hit=85.5%	in=120315	cr=10132888	cc=1604248	out=207959
2026-06-10T05:58:03+08:00	agent=	session=ee9178c5-801	cost=0	turns=2089	cache_hit=94.3%	in=1745374	cr=701421182	cc=41006211	out=5922699
2026-06-10T13:09:47+08:00	agent=	session=066562c0-e75	cost=0	turns=1878	cache_hit=91.4%	in=2484102	cr=751946270	cc=68310860	out=7238387
2026-06-10T13:23:20+08:00	agent=	session=066562c0-e75	cost=0	turns=1902	cache_hit=91.6%	in=2487936	cr=773947333	cc=68400258	out=7333884
2026-06-10T13:42:21+08:00	agent=	session=e4d8d20b-c0a	cost=0	turns=279	cache_hit=93.2%	in=252039	cr=112379162	cc=7896013	out=951961
2026-06-10T13:46:14+08:00	agent=	session=e4d8d20b-c0a	cost=0	turns=287	cache_hit=93.5%	in=253254	cr=117570098	cc=7917062	out=993714
2026-06-10T13:52:34+08:00	agent=	session=e4d8d20b-c0a	cost=0	turns=296	cache_hit=93.8%	in=253807	cr=123547894	cc=7952427	out=1029358
2026-06-10T13:53:03+08:00	agent=	session=b37a812f-b77	cost=0	turns=166	cache_hit=92.2%	in=186152	cr=33567320	cc=2652016	out=385442
2026-06-10T14:09:11+08:00	agent=	session=fc5eebad-0d9	cost=0	turns=1716	cache_hit=93.6%	in=1272416	cr=766223885	cc=51009405	out=4891265
2026-06-10T14:19:46+08:00	agent=workflow-subagent	session=bb3371e7-322	cost=0	turns=1453	cache_hit=93.4%	in=801420	cr=501460113	cc=34778259	out=4864049
2026-06-10T14:19:50+08:00	agent=workflow-subagent	session=bb3371e7-322	cost=0	turns=1453	cache_hit=93.4%	in=801420	cr=501460113	cc=34778259	out=4864049
2026-06-10T14:19:56+08:00	agent=workflow-subagent	session=bb3371e7-322	cost=0	turns=1453	cache_hit=93.4%	in=801420	cr=501460113	cc=34778259	out=4864049
2026-06-10T14:19:57+08:00	agent=workflow-subagent	session=bb3371e7-322	cost=0	turns=1453	cache_hit=93.4%	in=801420	cr=501460113	cc=34778259	out=4864049
2026-06-10T14:20:30+08:00	agent=workflow-subagent	session=bb3371e7-322	cost=0	turns=1453	cache_hit=93.4%	in=801420	cr=501460113	cc=34778259	out=4864049
2026-06-10T14:22:18+08:00	agent=workflow-subagent	session=bb3371e7-322	cost=0	turns=1453	cache_hit=93.4%	in=801420	cr=501460113	cc=34778259	out=4864049
2026-06-10T14:23:53+08:00	agent=workflow-subagent	session=bb3371e7-322	cost=0	turns=1453	cache_hit=93.4%	in=801420	cr=501460113	cc=34778259	out=4864049
2026-06-10T15:13:06+08:00	agent=	session=e4d8d20b-c0a	cost=0	turns=313	cache_hit=92.8%	in=261215	cr=133270282	cc=10080771	out=1118136
2026-06-10T20:17:45+08:00	agent=feature-dev:code-explorer	session=bb3371e7-322	cost=0	turns=1468	cache_hit=93.2%	in=842537	cr=503029314	cc=35918644	out=4932037
2026-06-10T20:18:38+08:00	agent=feature-dev:code-explorer	session=bb3371e7-322	cost=0	turns=1468	cache_hit=93.2%	in=842537	cr=503029314	cc=35918644	out=4932037
2026-06-10T20:19:07+08:00	agent=feature-dev:code-explorer	session=bb3371e7-322	cost=0	turns=1468	cache_hit=93.2%	in=842537	cr=503029314	cc=35918644	out=4932037
2026-06-10T20:21:26+08:00	agent=workflow-subagent	session=bb3371e7-322	cost=0	turns=1468	cache_hit=93.2%	in=842537	cr=503029314	cc=35918644	out=4932037
2026-06-10T20:22:12+08:00	agent=workflow-subagent	session=bb3371e7-322	cost=0	turns=1468	cache_hit=93.2%	in=842537	cr=503029314	cc=35918644	out=4932037
2026-06-10T20:26:28+08:00	agent=workflow-subagent	session=bb3371e7-322	cost=0	turns=1468	cache_hit=93.2%	in=842537	cr=503029314	cc=35918644	out=4932037
2026-06-10T21:02:54+08:00	agent=	session=fc5eebad-0d9	cost=0	turns=1847	cache_hit=93.8%	in=1281934	cr=813608018	cc=52108015	out=5043542
2026-06-10T21:03:37+08:00	agent=workflow-subagent	session=fc5eebad-0d9	cost=0	turns=1847	cache_hit=93.8%	in=1281934	cr=813608018	cc=52108015	out=5043542
2026-06-10T21:03:49+08:00	agent=workflow-subagent	session=fc5eebad-0d9	cost=0	turns=1847	cache_hit=93.8%	in=1281934	cr=813608018	cc=52108015	out=5043542
2026-06-10T21:04:13+08:00	agent=workflow-subagent	session=fc5eebad-0d9	cost=0	turns=1847	cache_hit=93.8%	in=1281934	cr=813608018	cc=52108015	out=5043542
2026-06-10T21:04:22+08:00	agent=workflow-subagent	session=fc5eebad-0d9	cost=0	turns=1847	cache_hit=93.8%	in=1281934	cr=813608018	cc=52108015	out=5043542
2026-06-10T21:04:36+08:00	agent=workflow-subagent	session=fc5eebad-0d9	cost=0	turns=1847	cache_hit=93.8%	in=1281934	cr=813608018	cc=52108015	out=5043542
2026-06-10T21:04:55+08:00	agent=workflow-subagent	session=fc5eebad-0d9	cost=0	turns=1847	cache_hit=93.8%	in=1281934	cr=813608018	cc=52108015	out=5043542
2026-06-10T21:05:24+08:00	agent=workflow-subagent	session=fc5eebad-0d9	cost=0	turns=1847	cache_hit=93.8%	in=1281934	cr=813608018	cc=52108015	out=5043542
2026-06-10T21:06:31+08:00	agent=workflow-subagent	session=fc5eebad-0d9	cost=0	turns=1847	cache_hit=93.8%	in=1281934	cr=813608018	cc=52108015	out=5043542
2026-06-10T21:10:20+08:00	agent=	session=fc5eebad-0d9	cost=0	turns=1870	cache_hit=93.9%	in=1286138	cr=823441689	cc=52159448	out=5073510
2026-06-11T01:09:57+08:00	agent=	session=d6954e4a-d9d	cost=0	turns=2105	cache_hit=93.3%	in=1063157	cr=898664783	cc=62988175	out=4935320
2026-06-11T01:14:32+08:00	agent=	session=fc5eebad-0d9	cost=0	turns=1893	cache_hit=93.8%	in=1332300	cr=832818657	cc=53587953	out=5153895
2026-06-11T01:55:28+08:00	agent=	session=066562c0-e75	cost=0	turns=1923	cache_hit=91.5%	in=2526066	cr=791258305	cc=71200946	out=7389463
2026-06-11T02:02:34+08:00	agent=	session=bb3371e7-322	cost=0	turns=1533	cache_hit=93.3%	in=855318	cr=521479682	cc=36833874	out=5059093
2026-06-11T02:09:57+08:00	agent=	session=d6954e4a-d9d	cost=0	turns=2146	cache_hit=93.5%	in=1066248	cr=926252701	cc=63055988	out=4996434
2026-06-11T03:04:49+08:00	agent=	session=b37a812f-b77	cost=0	turns=179	cache_hit=88.4%	in=188527	cr=35908937	cc=4543879	out=441650
2026-06-11T03:20:02+08:00	agent=	session=cda12053-818	cost=0	turns=1147	cache_hit=78.0%	in=967568	cr=458113094	cc=127868774	out=10120241
2026-06-11T03:23:56+08:00	agent=workflow-subagent	session=066562c0-e75	cost=0	turns=1951	cache_hit=91.4%	in=2684141	cr=794468644	cc=72071365	out=7511367
2026-06-11T03:25:55+08:00	agent=workflow-subagent	session=066562c0-e75	cost=0	turns=1951	cache_hit=91.4%	in=2684141	cr=794468644	cc=72071365	out=7511367
2026-06-11T03:26:42+08:00	agent=workflow-subagent	session=066562c0-e75	cost=0	turns=1951	cache_hit=91.4%	in=2684141	cr=794468644	cc=72071365	out=7511367
2026-06-11T03:27:19+08:00	agent=	session=e4d8d20b-c0a	cost=0	turns=327	cache_hit=91.8%	in=314436	cr=141366381	cc=12323011	out=1168722
2026-06-11T03:27:59+08:00	agent=	session=066562c0-e75	cost=0	turns=1956	cache_hit=91.4%	in=2690541	cr=795447510	cc=72101481	out=7521837
2026-06-11T03:28:13+08:00	agent=workflow-subagent	session=066562c0-e75	cost=0	turns=1956	cache_hit=91.4%	in=2690541	cr=795447510	cc=72101481	out=7521837
2026-06-11T03:42:03+08:00	agent=	session=d6954e4a-d9d	cost=0	turns=2163	cache_hit=93.4%	in=1069942	cr=936013060	cc=65142302	out=5032357
2026-06-11T03:42:18+08:00	agent=	session=fc5eebad-0d9	cost=0	turns=1911	cache_hit=93.7%	in=1334328	cr=840395691	cc=54997893	out=5197772
2026-06-11T03:49:24+08:00	agent=	session=cda12053-818	cost=0	turns=1169	cache_hit=78.5%	in=971944	cr=471500237	cc=127938262	out=10183171
2026-06-11T03:50:43+08:00	agent=	session=cda12053-818	cost=0	turns=1177	cache_hit=78.7%	in=974192	cr=476492103	cc=127949719	out=10193671
2026-06-11T03:58:52+08:00	agent=	session=066562c0-e75	cost=0	turns=2034	cache_hit=91.6%	in=2712081	cr=817303672	cc=72578079	out=7809825
2026-06-11T04:03:25+08:00	agent=	session=cda12053-818	cost=0	turns=1188	cache_hit=78.9%	in=974872	cr=483440615	cc=127960776	out=10207510
2026-06-11T04:12:08+08:00	agent=	session=066562c0-e75	cost=0	turns=2057	cache_hit=91.6%	in=2718394	cr=825128643	cc=72673549	out=7920583
2026-06-11T04:14:23+08:00	agent=	session=e4d8d20b-c0a	cost=0	turns=348	cache_hit=92.5%	in=317988	cr=157426456	cc=12389876	out=1249360
2026-06-11T04:17:10+08:00	agent=	session=bb3371e7-322	cost=0	turns=1572	cache_hit=93.2%	in=868752	cr=535265625	cc=37976197	out=5202532
2026-06-11T04:25:35+08:00	agent=	session=e4d8d20b-c0a	cost=0	turns=366	cache_hit=93.1%	in=319479	cr=171618204	cc=12438558	out=1295741
2026-06-11T04:26:28+08:00	agent=	session=cda12053-818	cost=0	turns=1201	cache_hit=79.2%	in=976601	cr=491782052	cc=127978404	out=10228571
2026-06-11T04:33:46+08:00	agent=	session=fc5eebad-0d9	cost=0	turns=1936	cache_hit=93.8%	in=1389563	cr=853714802	cc=55110336	out=5237007
2026-06-11T04:34:52+08:00	agent=	session=bb3371e7-322	cost=0	turns=1598	cache_hit=93.4%	in=872110	cr=546398862	cc=38011608	out=5254468
2026-06-11T04:46:24+08:00	agent=	session=cda12053-818	cost=0	turns=1207	cache_hit=79.4%	in=977570	cr=495668700	cc=127992474	out=10251801
2026-06-11T10:39:04+08:00	agent=	session=b37a812f-b77	cost=0	turns=205	cache_hit=86.2%	in=191711	cr=43211010	cc=6730712	out=517800
2026-06-11T10:42:10+08:00	agent=workflow-subagent	session=e4d8d20b-c0a	cost=0	turns=371	cache_hit=91.9%	in=322390	cr=173220752	cc=14863122	out=1323162
2026-06-11T10:42:39+08:00	agent=workflow-subagent	session=e4d8d20b-c0a	cost=0	turns=371	cache_hit=91.9%	in=322390	cr=173220752	cc=14863122	out=1323162
2026-06-11T10:43:47+08:00	agent=workflow-subagent	session=e4d8d20b-c0a	cost=0	turns=371	cache_hit=91.9%	in=322390	cr=173220752	cc=14863122	out=1323162
2026-06-11T10:47:14+08:00	agent=workflow-subagent	session=e4d8d20b-c0a	cost=0	turns=371	cache_hit=91.9%	in=322390	cr=173220752	cc=14863122	out=1323162
2026-06-11T10:48:43+08:00	agent=workflow-subagent	session=e4d8d20b-c0a	cost=0	turns=371	cache_hit=91.9%	in=322390	cr=173220752	cc=14863122	out=1323162
2026-06-11T10:49:35+08:00	agent=workflow-subagent	session=e4d8d20b-c0a	cost=0	turns=371	cache_hit=91.9%	in=322390	cr=173220752	cc=14863122	out=1323162
2026-06-11T10:51:34+08:00	agent=workflow-subagent	session=e4d8d20b-c0a	cost=0	turns=371	cache_hit=91.9%	in=322390	cr=173220752	cc=14863122	out=1323162
2026-06-11T10:57:52+08:00	agent=	session=e4d8d20b-c0a	cost=0	turns=392	cache_hit=92.6%	in=328306	cr=190844781	cc=15022726	out=1396418
2026-06-11T12:13:24+08:00	agent=	session=d6954e4a-d9d	cost=0	turns=2172	cache_hit=93.2%	in=1071952	cr=940260621	cc=67273388	out=5051204
2026-06-11T12:20:54+08:00	agent=	session=e4d8d20b-c0a	cost=0	turns=406	cache_hit=91.8%	in=331622	cr=200440604	cc=17650545	out=1427542
2026-06-11T12:25:13+08:00	agent=workflow-subagent	session=cda12053-818	cost=0	turns=1221	cache_hit=79.4%	in=979830	cr=503626428	cc=129362319	out=10299043
2026-06-11T12:25:36+08:00	agent=workflow-subagent	session=cda12053-818	cost=0	turns=1221	cache_hit=79.4%	in=979830	cr=503626428	cc=129362319	out=10299043
2026-06-11T12:28:00+08:00	agent=workflow-subagent	session=cda12053-818	cost=0	turns=1221	cache_hit=79.4%	in=979830	cr=503626428	cc=129362319	out=10299043
2026-06-11T12:32:52+08:00	agent=	session=cda12053-818	cost=0	turns=1240	cache_hit=79.8%	in=985184	cr=516728283	cc=129411564	out=10336436
2026-06-11T14:28:48+08:00	agent=workflow-subagent	session=066562c0-e75	cost=0	turns=2062	cache_hit=91.5%	in=2721674	cr=825847821	cc=73781776	out=7960119
2026-06-11T14:28:53+08:00	agent=workflow-subagent	session=066562c0-e75	cost=0	turns=2062	cache_hit=91.5%	in=2721674	cr=825847821	cc=73781776	out=7960119
2026-06-11T14:28:53+08:00	agent=workflow-subagent	session=066562c0-e75	cost=0	turns=2062	cache_hit=91.5%	in=2721674	cr=825847821	cc=73781776	out=7960119
2026-06-11T14:28:53+08:00	agent=workflow-subagent	session=066562c0-e75	cost=0	turns=2062	cache_hit=91.5%	in=2721674	cr=825847821	cc=73781776	out=7960119
2026-06-11T14:28:55+08:00	agent=workflow-subagent	session=066562c0-e75	cost=0	turns=2062	cache_hit=91.5%	in=2721674	cr=825847821	cc=73781776	out=7960119
2026-06-11T14:28:58+08:00	agent=workflow-subagent	session=066562c0-e75	cost=0	turns=2062	cache_hit=91.5%	in=2721674	cr=825847821	cc=73781776	out=7960119
2026-06-11T14:29:10+08:00	agent=workflow-subagent	session=066562c0-e75	cost=0	turns=2062	cache_hit=91.5%	in=2721674	cr=825847821	cc=73781776	out=7960119
2026-06-11T14:29:35+08:00	agent=workflow-subagent	session=066562c0-e75	cost=0	turns=2062	cache_hit=91.5%	in=2721674	cr=825847821	cc=73781776	out=7960119
2026-06-11T14:29:40+08:00	agent=workflow-subagent	session=066562c0-e75	cost=0	turns=2062	cache_hit=91.5%	in=2721674	cr=825847821	cc=73781776	out=7960119
2026-06-11T14:29:43+08:00	agent=workflow-subagent	session=066562c0-e75	cost=0	turns=2062	cache_hit=91.5%	in=2721674	cr=825847821	cc=73781776	out=7960119
2026-06-11T14:29:43+08:00	agent=workflow-subagent	session=066562c0-e75	cost=0	turns=2062	cache_hit=91.5%	in=2721674	cr=825847821	cc=73781776	out=7960119
2026-06-11T14:29:47+08:00	agent=workflow-subagent	session=066562c0-e75	cost=0	turns=2062	cache_hit=91.5%	in=2721674	cr=825847821	cc=73781776	out=7960119
2026-06-11T14:30:01+08:00	agent=workflow-subagent	session=066562c0-e75	cost=0	turns=2062	cache_hit=91.5%	in=2721674	cr=825847821	cc=73781776	out=7960119
2026-06-11T14:30:10+08:00	agent=workflow-subagent	session=066562c0-e75	cost=0	turns=2062	cache_hit=91.5%	in=2721674	cr=825847821	cc=73781776	out=7960119
2026-06-11T14:33:12+08:00	agent=workflow-subagent	session=066562c0-e75	cost=0	turns=2062	cache_hit=91.5%	in=2721674	cr=825847821	cc=73781776	out=7960119
2026-06-11T14:55:56+08:00	agent=workflow-subagent	session=38ef0c09-3e6	cost=0	turns=18	cache_hit=63.1%	in=137215	cr=1289336	cc=617178	out=86100
2026-06-11T14:56:23+08:00	agent=Explore	session=38ef0c09-3e6	cost=0	turns=22	cache_hit=70.0%	in=137223	cr=1809716	cc=636602	out=94660
2026-06-11T14:56:42+08:00	agent=workflow-subagent	session=38ef0c09-3e6	cost=0	turns=22	cache_hit=70.0%	in=137223	cr=1809716	cc=636602	out=94660
2026-06-11T14:58:07+08:00	agent=Explore	session=38ef0c09-3e6	cost=0	turns=22	cache_hit=70.0%	in=137223	cr=1809716	cc=636602	out=94660
2026-06-11T14:59:56+08:00	agent=Explore	session=38ef0c09-3e6	cost=0	turns=25	cache_hit=72.9%	in=141543	cr=2214569	cc=680942	out=114427
2026-06-11T15:00:04+08:00	agent=Explore	session=38ef0c09-3e6	cost=0	turns=25	cache_hit=72.9%	in=141543	cr=2214569	cc=680942	out=114427
2026-06-11T15:31:20+08:00	agent=	session=fc5eebad-0d9	cost=0	turns=1951	cache_hit=93.7%	in=1392881	cr=860517258	cc=56729301	out=5294022
2026-06-11T20:36:02+08:00	agent=	session=ee9178c5-801	cost=0	turns=2102	cache_hit=94.2%	in=1754807	cr=708423826	cc=41651072	out=5993202
2026-06-11T20:37:44+08:00	agent=researcher	session=ee9178c5-801	cost=0	turns=2102	cache_hit=94.2%	in=1754807	cr=708423826	cc=41651072	out=5993202
2026-06-11T20:38:28+08:00	agent=researcher	session=ee9178c5-801	cost=0	turns=2102	cache_hit=94.2%	in=1754807	cr=708423826	cc=41651072	out=5993202
2026-06-11T20:38:49+08:00	agent=researcher	session=ee9178c5-801	cost=0	turns=2102	cache_hit=94.2%	in=1754807	cr=708423826	cc=41651072	out=5993202
2026-06-11T20:41:15+08:00	agent=workflow-subagent	session=ee9178c5-801	cost=0	turns=2102	cache_hit=94.2%	in=1754807	cr=708423826	cc=41651072	out=5993202
2026-06-11T21:45:02+08:00	agent=	session=ee9178c5-801	cost=0	turns=2166	cache_hit=94.5%	in=1764418	cr=749856756	cc=41889458	out=6179700
2026-06-11T22:08:12+08:00	agent=	session=ee9178c5-801	cost=0	turns=2186	cache_hit=94.6%	in=1767746	cr=763722598	cc=41959991	out=6244211
2026-06-11T22:08:53+08:00	agent=Explore	session=38ef0c09-3e6	cost=0	turns=65	cache_hit=79.1%	in=225030	cr=10005888	cc=2425858	out=416380
2026-06-11T22:08:55+08:00	agent=Explore	session=38ef0c09-3e6	cost=0	turns=65	cache_hit=79.1%	in=225030	cr=10005888	cc=2425858	out=416380
2026-06-11T22:09:19+08:00	agent=Explore	session=38ef0c09-3e6	cost=0	turns=65	cache_hit=79.1%	in=225030	cr=10005888	cc=2425858	out=416380
2026-06-11T22:09:24+08:00	agent=Explore	session=38ef0c09-3e6	cost=0	turns=65	cache_hit=79.1%	in=225030	cr=10005888	cc=2425858	out=416380
2026-06-11T22:11:06+08:00	agent=Explore	session=38ef0c09-3e6	cost=0	turns=68	cache_hit=80.0%	in=225036	cr=10878564	cc=2495857	out=430411
2026-06-11T22:11:56+08:00	agent=	session=cda12053-818	cost=0	turns=1270	cache_hit=80.2%	in=990686	cr=536225923	cc=131606398	out=10409427
2026-06-11T22:15:26+08:00	agent=	session=fc5eebad-0d9	cost=0	turns=1981	cache_hit=93.6%	in=1416657	cr=876393963	cc=58551025	out=5413603
2026-06-11T22:15:54+08:00	agent=	session=d6954e4a-d9d	cost=0	turns=2220	cache_hit=93.2%	in=1085627	cr=973476666	cc=69602419	out=5158054
2026-06-11T22:19:11+08:00	agent=	session=ee9178c5-801	cost=0	turns=2191	cache_hit=94.6%	in=1769361	cr=767273474	cc=41976068	out=6267605
2026-06-11T22:21:23+08:00	agent=	session=cda12053-818	cost=0	turns=1299	cache_hit=80.8%	in=1037100	cr=558222011	cc=131725344	out=10472923
2026-06-11T22:22:04+08:00	agent=	session=fc5eebad-0d9	cost=0	turns=2004	cache_hit=93.7%	in=1418953	cr=891348202	cc=58629534	out=5482710
2026-06-11T22:42:56+08:00	agent=	session=066562c0-e75	cost=0	turns=2115	cache_hit=91.5%	in=2741881	cr=847840236	cc=75636609	out=8162903
2026-06-11T22:45:05+08:00	agent=	session=ee9178c5-801	cost=0	turns=2197	cache_hit=94.6%	in=1772022	cr=771595586	cc=41987612	out=6275082
2026-06-11T22:51:02+08:00	agent=	session=ee9178c5-801	cost=0	turns=2204	cache_hit=94.7%	in=1773641	cr=776670896	cc=41994155	out=6284162
2026-06-11T23:19:57+08:00	agent=	session=ee9178c5-801	cost=0	turns=2247	cache_hit=94.8%	in=1827544	cr=809458262	cc=42252868	out=6424921
2026-06-11T23:47:50+08:00	agent=	session=ee9178c5-801	cost=0	turns=2300	cache_hit=95.1%	in=1830731	cr=854228153	cc=42442109	out=6592559
2026-06-11T23:49:13+08:00	agent=	session=ee9178c5-801	cost=0	turns=2308	cache_hit=95.1%	in=1835559	cr=861265394	cc=42492829	out=6602970
2026-06-12T01:10:54+08:00	agent=	session=ee9178c5-801	cost=0	turns=2308	cache_hit=95.1%	in=1835559	cr=861265394	cc=42492829	out=6602970
2026-06-12T01:15:54+08:00	agent=Explore	session=ee9178c5-801	cost=0	turns=2313	cache_hit=95.1%	in=1956529	cr=861496721	cc=42739030	out=6637651
2026-06-12T01:15:56+08:00	agent=Explore	session=ee9178c5-801	cost=0	turns=2313	cache_hit=95.1%	in=1956529	cr=861496721	cc=42739030	out=6637651
2026-06-12T01:16:05+08:00	agent=Explore	session=ee9178c5-801	cost=0	turns=2313	cache_hit=95.1%	in=1956529	cr=861496721	cc=42739030	out=6637651
2026-06-12T01:16:13+08:00	agent=Explore	session=ee9178c5-801	cost=0	turns=2313	cache_hit=95.1%	in=1956529	cr=861496721	cc=42739030	out=6637651
2026-06-12T01:19:33+08:00	agent=workflow-subagent	session=ee9178c5-801	cost=0	turns=2313	cache_hit=95.1%	in=1956529	cr=861496721	cc=42739030	out=6637651
2026-06-12T01:40:11+08:00	agent=	session=ee9178c5-801	cost=0	turns=2374	cache_hit=95.1%	in=2016900	cr=875106276	cc=43369768	out=6896040
2026-06-12T02:15:41+08:00	agent=	session=ee9178c5-801	cost=0	turns=2402	cache_hit=95.1%	in=2020760	cr=883777548	cc=43471732	out=7009994
2026-06-12T02:38:52+08:00	agent=Explore	session=f92774d7-cae	cost=0	turns=6	cache_hit=0.0%	in=133464	cr=0	cc=412356	out=45096
2026-06-12T02:39:03+08:00	agent=Explore	session=f92774d7-cae	cost=0	turns=6	cache_hit=0.0%	in=133464	cr=0	cc=412356	out=45096
2026-06-12T02:39:30+08:00	agent=Explore	session=f92774d7-cae	cost=0	turns=6	cache_hit=0.0%	in=133464	cr=0	cc=412356	out=45096
2026-06-12T02:39:34+08:00	agent=	session=ee9178c5-801	cost=0	turns=2428	cache_hit=95.1%	in=2024354	cr=893156068	cc=43703996	out=7107295
2026-06-12T02:42:56+08:00	agent=	session=ee9178c5-801	cost=0	turns=2436	cache_hit=95.1%	in=2027271	cr=896434730	cc=43737336	out=7143569
2026-06-12T02:49:32+08:00	agent=	session=ee9178c5-801	cost=0	turns=2444	cache_hit=95.2%	in=2029150	cr=899836198	cc=43769700	out=7177685
2026-06-12T02:50:55+08:00	agent=Explore	session=ee9178c5-801	cost=0	turns=2444	cache_hit=95.2%	in=2029150	cr=899836198	cc=43769700	out=7177685
2026-06-12T02:51:10+08:00	agent=Explore	session=ee9178c5-801	cost=0	turns=2444	cache_hit=95.2%	in=2029150	cr=899836198	cc=43769700	out=7177685
2026-06-12T02:51:35+08:00	agent=Explore	session=ee9178c5-801	cost=0	turns=2444	cache_hit=95.2%	in=2029150	cr=899836198	cc=43769700	out=7177685
2026-06-12T02:52:25+08:00	agent=Explore	session=ee9178c5-801	cost=0	turns=2444	cache_hit=95.2%	in=2029150	cr=899836198	cc=43769700	out=7177685
2026-06-12T02:53:45+08:00	agent=Explore	session=ee9178c5-801	cost=0	turns=2444	cache_hit=95.2%	in=2029150	cr=899836198	cc=43769700	out=7177685
2026-06-12T02:56:17+08:00	agent=workflow-subagent	session=ee9178c5-801	cost=0	turns=2444	cache_hit=95.2%	in=2029150	cr=899836198	cc=43769700	out=7177685
2026-06-12T03:00:02+08:00	agent=workflow-subagent	session=cefc6c0e-773	cost=0	turns=6	cache_hit=22.2%	in=104932	cr=135508	cc=369346	out=81088
2026-06-12T03:00:15+08:00	agent=workflow-subagent	session=cefc6c0e-773	cost=0	turns=6	cache_hit=22.2%	in=104932	cr=135508	cc=369346	out=81088
2026-06-12T03:00:41+08:00	agent=workflow-subagent	session=cefc6c0e-773	cost=0	turns=6	cache_hit=22.2%	in=104932	cr=135508	cc=369346	out=81088
2026-06-12T03:00:56+08:00	agent=	session=ee9178c5-801	cost=0	turns=2463	cache_hit=95.2%	in=2034279	cr=908678340	cc=43906973	out=7237568
2026-06-12T03:02:37+08:00	agent=workflow-subagent	session=cefc6c0e-773	cost=0	turns=6	cache_hit=22.2%	in=104932	cr=135508	cc=369346	out=81088
2026-06-12T03:18:26+08:00	agent=workflow-subagent	session=cefc6c0e-773	cost=0	turns=6	cache_hit=22.2%	in=104932	cr=135508	cc=369346	out=81088
2026-06-12T03:21:01+08:00	agent=	session=f92774d7-cae	cost=0	turns=65	cache_hit=83.8%	in=214934	cr=10732633	cc=1852901	out=322203
2026-06-12T03:21:46+08:00	agent=workflow-subagent	session=f92774d7-cae	cost=0	turns=65	cache_hit=83.8%	in=214934	cr=10732633	cc=1852901	out=322203
2026-06-12T03:21:50+08:00	agent=workflow-subagent	session=f92774d7-cae	cost=0	turns=65	cache_hit=83.8%	in=214934	cr=10732633	cc=1852901	out=322203
2026-06-12T03:21:52+08:00	agent=workflow-subagent	session=f92774d7-cae	cost=0	turns=65	cache_hit=83.8%	in=214934	cr=10732633	cc=1852901	out=322203
2026-06-12T03:21:52+08:00	agent=workflow-subagent	session=f92774d7-cae	cost=0	turns=65	cache_hit=83.8%	in=214934	cr=10732633	cc=1852901	out=322203
2026-06-12T03:21:53+08:00	agent=workflow-subagent	session=f92774d7-cae	cost=0	turns=65	cache_hit=83.8%	in=214934	cr=10732633	cc=1852901	out=322203
2026-06-12T03:21:59+08:00	agent=workflow-subagent	session=f92774d7-cae	cost=0	turns=65	cache_hit=83.8%	in=214934	cr=10732633	cc=1852901	out=322203
2026-06-12T03:22:00+08:00	agent=workflow-subagent	session=f92774d7-cae	cost=0	turns=65	cache_hit=83.8%	in=214934	cr=10732633	cc=1852901	out=322203
2026-06-12T03:22:01+08:00	agent=workflow-subagent	session=f92774d7-cae	cost=0	turns=65	cache_hit=83.8%	in=214934	cr=10732633	cc=1852901	out=322203
2026-06-12T03:22:14+08:00	agent=workflow-subagent	session=f92774d7-cae	cost=0	turns=65	cache_hit=83.8%	in=214934	cr=10732633	cc=1852901	out=322203
2026-06-12T03:22:20+08:00	agent=workflow-subagent	session=f92774d7-cae	cost=0	turns=65	cache_hit=83.8%	in=214934	cr=10732633	cc=1852901	out=322203
2026-06-12T03:22:21+08:00	agent=workflow-subagent	session=f92774d7-cae	cost=0	turns=65	cache_hit=83.8%	in=214934	cr=10732633	cc=1852901	out=322203
2026-06-12T03:22:24+08:00	agent=workflow-subagent	session=f92774d7-cae	cost=0	turns=65	cache_hit=83.8%	in=214934	cr=10732633	cc=1852901	out=322203
2026-06-12T03:22:35+08:00	agent=workflow-subagent	session=f92774d7-cae	cost=0	turns=65	cache_hit=83.8%	in=214934	cr=10732633	cc=1852901	out=322203
2026-06-12T03:22:35+08:00	agent=workflow-subagent	session=f92774d7-cae	cost=0	turns=65	cache_hit=83.8%	in=214934	cr=10732633	cc=1852901	out=322203
2026-06-12T03:22:39+08:00	agent=workflow-subagent	session=f92774d7-cae	cost=0	turns=65	cache_hit=83.8%	in=214934	cr=10732633	cc=1852901	out=322203
2026-06-12T03:26:10+08:00	agent=workflow-subagent	session=f92774d7-cae	cost=0	turns=65	cache_hit=83.8%	in=214934	cr=10732633	cc=1852901	out=322203
2026-06-12T03:29:12+08:00	agent=workflow-subagent	session=f92774d7-cae	cost=0	turns=65	cache_hit=83.8%	in=214934	cr=10732633	cc=1852901	out=322203
2026-06-12T03:30:21+08:00	agent=workflow-subagent	session=84f73136-835	cost=0	turns=28	cache_hit=85.6%	in=82081	cr=2681553	cc=369209	out=106618
2026-06-12T03:30:25+08:00	agent=workflow-subagent	session=84f73136-835	cost=0	turns=28	cache_hit=85.6%	in=82081	cr=2681553	cc=369209	out=106618
2026-06-12T03:30:31+08:00	agent=workflow-subagent	session=f92774d7-cae	cost=0	turns=65	cache_hit=83.8%	in=214934	cr=10732633	cc=1852901	out=322203
2026-06-12T03:30:43+08:00	agent=workflow-subagent	session=84f73136-835	cost=0	turns=28	cache_hit=85.6%	in=82081	cr=2681553	cc=369209	out=106618
2026-06-12T03:30:45+08:00	agent=workflow-subagent	session=f92774d7-cae	cost=0	turns=65	cache_hit=83.8%	in=214934	cr=10732633	cc=1852901	out=322203
2026-06-12T03:30:54+08:00	agent=workflow-subagent	session=84f73136-835	cost=0	turns=28	cache_hit=85.6%	in=82081	cr=2681553	cc=369209	out=106618
2026-06-12T03:30:58+08:00	agent=workflow-subagent	session=84f73136-835	cost=0	turns=28	cache_hit=85.6%	in=82081	cr=2681553	cc=369209	out=106618
2026-06-12T03:31:00+08:00	agent=workflow-subagent	session=f92774d7-cae	cost=0	turns=65	cache_hit=83.8%	in=214934	cr=10732633	cc=1852901	out=322203
2026-06-12T03:31:02+08:00	agent=workflow-subagent	session=84f73136-835	cost=0	turns=28	cache_hit=85.6%	in=82081	cr=2681553	cc=369209	out=106618
2026-06-12T03:31:10+08:00	agent=workflow-subagent	session=84f73136-835	cost=0	turns=28	cache_hit=85.6%	in=82081	cr=2681553	cc=369209	out=106618
2026-06-12T03:31:19+08:00	agent=workflow-subagent	session=84f73136-835	cost=0	turns=28	cache_hit=85.6%	in=82081	cr=2681553	cc=369209	out=106618
2026-06-12T03:31:27+08:00	agent=workflow-subagent	session=f92774d7-cae	cost=0	turns=65	cache_hit=83.8%	in=214934	cr=10732633	cc=1852901	out=322203
2026-06-12T03:31:31+08:00	agent=workflow-subagent	session=f92774d7-cae	cost=0	turns=65	cache_hit=83.8%	in=214934	cr=10732633	cc=1852901	out=322203
2026-06-12T03:32:10+08:00	agent=workflow-subagent	session=f92774d7-cae	cost=0	turns=65	cache_hit=83.8%	in=214934	cr=10732633	cc=1852901	out=322203
2026-06-12T03:32:39+08:00	agent=workflow-subagent	session=84f73136-835	cost=0	turns=28	cache_hit=85.6%	in=82081	cr=2681553	cc=369209	out=106618
2026-06-12T03:33:03+08:00	agent=workflow-subagent	session=f92774d7-cae	cost=0	turns=65	cache_hit=83.8%	in=214934	cr=10732633	cc=1852901	out=322203
2026-06-12T03:33:24+08:00	agent=workflow-subagent	session=f92774d7-cae	cost=0	turns=65	cache_hit=83.8%	in=214934	cr=10732633	cc=1852901	out=322203
2026-06-12T03:33:39+08:00	agent=workflow-subagent	session=f92774d7-cae	cost=0	turns=65	cache_hit=83.8%	in=214934	cr=10732633	cc=1852901	out=322203
2026-06-12T03:33:49+08:00	agent=workflow-subagent	session=f92774d7-cae	cost=0	turns=65	cache_hit=83.8%	in=214934	cr=10732633	cc=1852901	out=322203
2026-06-12T03:33:57+08:00	agent=workflow-subagent	session=72625650-685	cost=0	turns=9	cache_hit=72.0%	in=27522	cr=471321	cc=155892	out=36366
2026-06-12T03:34:02+08:00	agent=workflow-subagent	session=f92774d7-cae	cost=0	turns=65	cache_hit=83.8%	in=214934	cr=10732633	cc=1852901	out=322203
2026-06-12T03:34:45+08:00	agent=workflow-subagent	session=f92774d7-cae	cost=0	turns=65	cache_hit=83.8%	in=214934	cr=10732633	cc=1852901	out=322203
2026-06-12T03:34:58+08:00	agent=workflow-subagent	session=f92774d7-cae	cost=0	turns=65	cache_hit=83.8%	in=214934	cr=10732633	cc=1852901	out=322203
2026-06-12T03:35:10+08:00	agent=workflow-subagent	session=72625650-685	cost=0	turns=9	cache_hit=72.0%	in=27522	cr=471321	cc=155892	out=36366
2026-06-12T03:35:21+08:00	agent=workflow-subagent	session=f92774d7-cae	cost=0	turns=65	cache_hit=83.8%	in=214934	cr=10732633	cc=1852901	out=322203
2026-06-12T03:36:01+08:00	agent=workflow-subagent	session=f92774d7-cae	cost=0	turns=65	cache_hit=83.8%	in=214934	cr=10732633	cc=1852901	out=322203
2026-06-12T03:36:05+08:00	agent=workflow-subagent	session=f92774d7-cae	cost=0	turns=65	cache_hit=83.8%	in=214934	cr=10732633	cc=1852901	out=322203
2026-06-12T03:36:05+08:00	agent=workflow-subagent	session=72625650-685	cost=0	turns=9	cache_hit=72.0%	in=27522	cr=471321	cc=155892	out=36366
2026-06-12T03:36:09+08:00	agent=	session=cefc6c0e-773	cost=0	turns=32	cache_hit=84.3%	in=158957	cr=4553326	cc=686487	out=221821
2026-06-12T03:36:33+08:00	agent=workflow-subagent	session=f92774d7-cae	cost=0	turns=65	cache_hit=83.8%	in=214934	cr=10732633	cc=1852901	out=322203
2026-06-12T03:36:35+08:00	agent=workflow-subagent	session=f92774d7-cae	cost=0	turns=65	cache_hit=83.8%	in=214934	cr=10732633	cc=1852901	out=322203
2026-06-12T03:37:07+08:00	agent=workflow-subagent	session=f92774d7-cae	cost=0	turns=65	cache_hit=83.8%	in=214934	cr=10732633	cc=1852901	out=322203
2026-06-12T03:37:34+08:00	agent=workflow-subagent	session=f92774d7-cae	cost=0	turns=65	cache_hit=83.8%	in=214934	cr=10732633	cc=1852901	out=322203
2026-06-12T03:38:17+08:00	agent=workflow-subagent	session=f92774d7-cae	cost=0	turns=65	cache_hit=83.8%	in=214934	cr=10732633	cc=1852901	out=322203
2026-06-12T03:38:30+08:00	agent=workflow-subagent	session=f92774d7-cae	cost=0	turns=65	cache_hit=83.8%	in=214934	cr=10732633	cc=1852901	out=322203
2026-06-12T03:38:40+08:00	agent=workflow-subagent	session=f92774d7-cae	cost=0	turns=65	cache_hit=83.8%	in=214934	cr=10732633	cc=1852901	out=322203
2026-06-12T03:39:00+08:00	agent=workflow-subagent	session=f92774d7-cae	cost=0	turns=65	cache_hit=83.8%	in=214934	cr=10732633	cc=1852901	out=322203
2026-06-12T03:39:26+08:00	agent=workflow-subagent	session=f92774d7-cae	cost=0	turns=65	cache_hit=83.8%	in=214934	cr=10732633	cc=1852901	out=322203
2026-06-12T03:40:03+08:00	agent=Explore	session=72625650-685	cost=0	turns=9	cache_hit=72.0%	in=27522	cr=471321	cc=155892	out=36366
2026-06-12T03:40:40+08:00	agent=workflow-subagent	session=84f73136-835	cost=0	turns=28	cache_hit=85.6%	in=82081	cr=2681553	cc=369209	out=106618
2026-06-12T03:40:44+08:00	agent=workflow-subagent	session=f92774d7-cae	cost=0	turns=65	cache_hit=83.8%	in=214934	cr=10732633	cc=1852901	out=322203
2026-06-12T03:40:50+08:00	agent=Explore	session=72625650-685	cost=0	turns=9	cache_hit=72.0%	in=27522	cr=471321	cc=155892	out=36366
2026-06-12T03:41:17+08:00	agent=Explore	session=72625650-685	cost=0	turns=9	cache_hit=72.0%	in=27522	cr=471321	cc=155892	out=36366
2026-06-12T03:45:20+08:00	agent=workflow-subagent	session=f92774d7-cae	cost=0	turns=65	cache_hit=83.8%	in=214934	cr=10732633	cc=1852901	out=322203
2026-06-12T03:45:47+08:00	agent=workflow-subagent	session=84f73136-835	cost=0	turns=28	cache_hit=85.6%	in=82081	cr=2681553	cc=369209	out=106618
2026-06-12T03:49:09+08:00	agent=workflow-subagent	session=f92774d7-cae	cost=0	turns=65	cache_hit=83.8%	in=214934	cr=10732633	cc=1852901	out=322203
2026-06-12T03:50:08+08:00	agent=workflow-subagent	session=f92774d7-cae	cost=0	turns=65	cache_hit=83.8%	in=214934	cr=10732633	cc=1852901	out=322203
2026-06-12T03:50:09+08:00	agent=workflow-subagent	session=f92774d7-cae	cost=0	turns=65	cache_hit=83.8%	in=214934	cr=10732633	cc=1852901	out=322203
2026-06-12T03:50:10+08:00	agent=workflow-subagent	session=f92774d7-cae	cost=0	turns=65	cache_hit=83.8%	in=214934	cr=10732633	cc=1852901	out=322203
2026-06-12T03:50:27+08:00	agent=workflow-subagent	session=84f73136-835	cost=0	turns=28	cache_hit=85.6%	in=82081	cr=2681553	cc=369209	out=106618
2026-06-12T03:50:37+08:00	agent=workflow-subagent	session=f92774d7-cae	cost=0	turns=65	cache_hit=83.8%	in=214934	cr=10732633	cc=1852901	out=322203
2026-06-12T03:51:41+08:00	agent=workflow-subagent	session=84f73136-835	cost=0	turns=28	cache_hit=85.6%	in=82081	cr=2681553	cc=369209	out=106618
2026-06-12T03:53:32+08:00	agent=workflow-subagent	session=f92774d7-cae	cost=0	turns=65	cache_hit=83.8%	in=214934	cr=10732633	cc=1852901	out=322203
2026-06-12T04:02:35+08:00	agent=workflow-subagent	session=f92774d7-cae	cost=0	turns=65	cache_hit=83.8%	in=214934	cr=10732633	cc=1852901	out=322203
2026-06-12T13:07:06+08:00	agent=Explore	session=72625650-685	cost=0	turns=18	cache_hit=64.8%	in=83784	cr=1080825	cc=504009	out=69270
2026-06-12T13:17:33+08:00	agent=	session=84f73136-835	cost=0	turns=94	cache_hit=91.5%	in=147066	cr=16373615	cc=1365007	out=345907
2026-06-12T15:35:52+08:00	agent=	session=ee9178c5-801	cost=0	turns=2463	cache_hit=95.2%	in=2034279	cr=908678340	cc=43906973	out=7237568
2026-06-12T15:53:10+08:00	agent=workflow-subagent	session=cefc6c0e-773	cost=0	turns=37	cache_hit=76.3%	in=162138	cr=5004604	cc=1395188	out=266574
2026-06-12T15:55:30+08:00	agent=workflow-subagent	session=cefc6c0e-773	cost=0	turns=37	cache_hit=76.3%	in=162138	cr=5004604	cc=1395188	out=266574
2026-06-12T15:55:38+08:00	agent=	session=ee9178c5-801	cost=0	turns=2474	cache_hit=95.1%	in=2047660	cr=912673850	cc=45439284	out=7273275
2026-06-12T15:56:32+08:00	agent=	session=72625650-685	cost=0	turns=74	cache_hit=88.9%	in=86696	cr=12818748	cc=1508263	out=303419
2026-06-12T16:08:03+08:00	agent=	session=ee9178c5-801	cost=0	turns=2498	cache_hit=95.1%	in=2050459	cr=925350075	cc=45522575	out=7342796
2026-06-12T16:13:30+08:00	agent=	session=f92774d7-cae	cost=0	turns=115	cache_hit=89.1%	in=225222	cr=26604344	cc=3025040	out=536525
2026-06-12T16:14:45+08:00	agent=	session=84f73136-835	cost=0	turns=105	cache_hit=88.7%	in=150373	cr=18966038	cc=2272875	out=467523
2026-06-12T16:23:58+08:00	agent=workflow-subagent	session=cefc6c0e-773	cost=0	turns=37	cache_hit=76.3%	in=162138	cr=5004604	cc=1395188	out=266574
2026-06-12T16:25:04+08:00	agent=	session=72625650-685	cost=0	turns=114	cache_hit=93.2%	in=104761	cr=26130949	cc=1807475	out=482870
2026-06-12T16:26:06+08:00	agent=	session=f92774d7-cae	cost=0	turns=117	cache_hit=89.4%	in=227160	cr=27367964	cc=3025180	out=546201
2026-06-12T18:43:32+08:00	agent=	session=ee9178c5-801	cost=0	turns=2545	cache_hit=94.9%	in=2053319	cr=949253286	cc=48558812	out=7454414
2026-06-12T18:58:43+08:00	agent=	session=f92774d7-cae	cost=0	turns=128	cache_hit=87.5%	in=233368	cr=30632604	cc=4154720	out=590525
2026-06-12T19:09:09+08:00	agent=	session=72625650-685	cost=0	turns=150	cache_hit=92.6%	in=108508	cr=40432272	cc=3106802	out=670355
2026-06-12T19:10:51+08:00	agent=	session=ee9178c5-801	cost=0	turns=2573	cache_hit=95.0%	in=2055754	cr=966228736	cc=48647060	out=7529385
2026-06-12T19:30:49+08:00	agent=	session=84f73136-835	cost=0	turns=150	cache_hit=89.9%	in=155492	cr=34390608	cc=3716530	out=650181
2026-06-12T20:06:15+08:00	agent=	session=f92774d7-cae	cost=0	turns=193	cache_hit=92.8%	in=240161	cr=60860850	cc=4474004	out=850520
2026-06-12T20:09:09+08:00	agent=	session=72625650-685	cost=0	turns=166	cache_hit=93.6%	in=111699	cr=48029660	cc=3174897	out=736268
2026-06-12T20:24:52+08:00	agent=	session=70510bcb-b3b	cost=0	turns=61	cache_hit=80.9%	in=107918	cr=7409323	cc=1638708	out=163940
2026-06-12T20:27:13+08:00	agent=workflow-subagent	session=70510bcb-b3b	cost=0	turns=61	cache_hit=80.9%	in=107918	cr=7409323	cc=1638708	out=163940
2026-06-12T20:28:14+08:00	agent=workflow-subagent	session=70510bcb-b3b	cost=0	turns=61	cache_hit=80.9%	in=107918	cr=7409323	cc=1638708	out=163940
2026-06-12T20:28:47+08:00	agent=workflow-subagent	session=70510bcb-b3b	cost=0	turns=61	cache_hit=80.9%	in=107918	cr=7409323	cc=1638708	out=163940
2026-06-12T20:29:11+08:00	agent=workflow-subagent	session=70510bcb-b3b	cost=0	turns=61	cache_hit=80.9%	in=107918	cr=7409323	cc=1638708	out=163940
2026-06-12T20:32:26+08:00	agent=workflow-subagent	session=70510bcb-b3b	cost=0	turns=61	cache_hit=80.9%	in=107918	cr=7409323	cc=1638708	out=163940
2026-06-12T20:35:32+08:00	agent=workflow-subagent	session=70510bcb-b3b	cost=0	turns=61	cache_hit=80.9%	in=107918	cr=7409323	cc=1638708	out=163940
2026-06-12T20:40:21+08:00	agent=	session=f92774d7-cae	cost=0	turns=201	cache_hit=93.2%	in=241782	cr=65063326	cc=4520174	out=904956
2026-06-12T20:46:35+08:00	agent=	session=72625650-685	cost=0	turns=183	cache_hit=94.4%	in=115021	cr=56498776	cc=3255287	out=814597
2026-06-12T20:53:42+08:00	agent=	session=70510bcb-b3b	cost=0	turns=118	cache_hit=89.5%	in=116489	cr=23085607	cc=2591750	out=364642
2026-06-12T20:57:00+08:00	agent=workflow-subagent	session=70510bcb-b3b	cost=0	turns=118	cache_hit=89.5%	in=116489	cr=23085607	cc=2591750	out=364642
2026-06-12T20:57:24+08:00	agent=workflow-subagent	session=70510bcb-b3b	cost=0	turns=118	cache_hit=89.5%	in=116489	cr=23085607	cc=2591750	out=364642
2026-06-12T20:58:25+08:00	agent=workflow-subagent	session=70510bcb-b3b	cost=0	turns=118	cache_hit=89.5%	in=116489	cr=23085607	cc=2591750	out=364642
2026-06-12T20:59:17+08:00	agent=workflow-subagent	session=70510bcb-b3b	cost=0	turns=118	cache_hit=89.5%	in=116489	cr=23085607	cc=2591750	out=364642
2026-06-12T21:02:03+08:00	agent=	session=70510bcb-b3b	cost=0	turns=126	cache_hit=90.4%	in=121431	cr=25907990	cc=2645086	out=395560
2026-06-12T21:04:34+08:00	agent=workflow-subagent	session=70510bcb-b3b	cost=0	turns=126	cache_hit=90.4%	in=121431	cr=25907990	cc=2645086	out=395560
2026-06-12T21:04:53+08:00	agent=workflow-subagent	session=70510bcb-b3b	cost=0	turns=126	cache_hit=90.4%	in=121431	cr=25907990	cc=2645086	out=395560
2026-06-12T21:04:56+08:00	agent=workflow-subagent	session=70510bcb-b3b	cost=0	turns=126	cache_hit=90.4%	in=121431	cr=25907990	cc=2645086	out=395560
2026-06-12T21:05:00+08:00	agent=workflow-subagent	session=70510bcb-b3b	cost=0	turns=126	cache_hit=90.4%	in=121431	cr=25907990	cc=2645086	out=395560
2026-06-12T21:05:11+08:00	agent=workflow-subagent	session=70510bcb-b3b	cost=0	turns=126	cache_hit=90.4%	in=121431	cr=25907990	cc=2645086	out=395560
2026-06-12T21:08:21+08:00	agent=workflow-subagent	session=70510bcb-b3b	cost=0	turns=131	cache_hit=90.9%	in=123916	cr=27748292	cc=2650866	out=398751
2026-06-12T21:08:25+08:00	agent=	session=70510bcb-b3b	cost=0	turns=132	cache_hit=91.0%	in=123918	cr=28119048	cc=2651930	out=398875
2026-06-12T21:08:43+08:00	agent=workflow-subagent	session=70510bcb-b3b	cost=0	turns=132	cache_hit=91.0%	in=123918	cr=28119048	cc=2651930	out=398875
2026-06-12T21:09:23+08:00	agent=workflow-subagent	session=70510bcb-b3b	cost=0	turns=132	cache_hit=91.0%	in=123918	cr=28119048	cc=2651930	out=398875
2026-06-12T21:09:23+08:00	agent=workflow-subagent	session=70510bcb-b3b	cost=0	turns=132	cache_hit=91.0%	in=123918	cr=28119048	cc=2651930	out=398875
2026-06-12T21:17:36+08:00	agent=	session=70510bcb-b3b	cost=0	turns=140	cache_hit=91.7%	in=125539	cr=31103620	cc=2674680	out=425633
2026-06-12T21:21:21+08:00	agent=workflow-subagent	session=70510bcb-b3b	cost=0	turns=140	cache_hit=91.7%	in=125539	cr=31103620	cc=2674680	out=425633
2026-06-12T21:23:52+08:00	agent=	session=f92774d7-cae	cost=0	turns=203	cache_hit=93.3%	in=242856	cr=66147876	cc=4520598	out=906970
2026-06-12T21:24:27+08:00	agent=workflow-subagent	session=70510bcb-b3b	cost=0	turns=140	cache_hit=91.7%	in=125539	cr=31103620	cc=2674680	out=425633
2026-06-12T21:24:30+08:00	agent=workflow-subagent	session=70510bcb-b3b	cost=0	turns=140	cache_hit=91.7%	in=125539	cr=31103620	cc=2674680	out=425633
2026-06-12T21:25:25+08:00	agent=workflow-subagent	session=70510bcb-b3b	cost=0	turns=143	cache_hit=92.0%	in=127150	cr=32251354	cc=2674740	out=431153
2026-06-12T21:25:48+08:00	agent=workflow-subagent	session=70510bcb-b3b	cost=0	turns=143	cache_hit=92.0%	in=127150	cr=32251354	cc=2674740	out=431153
2026-06-12T21:25:52+08:00	agent=	session=70510bcb-b3b	cost=0	turns=145	cache_hit=92.2%	in=127154	cr=33016550	cc=2679596	out=435179
2026-06-12T21:28:57+08:00	agent=workflow-subagent	session=70510bcb-b3b	cost=0	turns=145	cache_hit=92.2%	in=127154	cr=33016550	cc=2679596	out=435179
2026-06-12T21:29:08+08:00	agent=workflow-subagent	session=70510bcb-b3b	cost=0	turns=145	cache_hit=92.2%	in=127154	cr=33016550	cc=2679596	out=435179
2026-06-12T21:29:20+08:00	agent=workflow-subagent	session=70510bcb-b3b	cost=0	turns=145	cache_hit=92.2%	in=127154	cr=33016550	cc=2679596	out=435179
2026-06-12T21:29:21+08:00	agent=workflow-subagent	session=70510bcb-b3b	cost=0	turns=145	cache_hit=92.2%	in=127154	cr=33016550	cc=2679596	out=435179
2026-06-12T21:30:30+08:00	agent=workflow-subagent	session=70510bcb-b3b	cost=0	turns=145	cache_hit=92.2%	in=127154	cr=33016550	cc=2679596	out=435179
2026-06-12T21:33:50+08:00	agent=workflow-subagent	session=70510bcb-b3b	cost=0	turns=145	cache_hit=92.2%	in=127154	cr=33016550	cc=2679596	out=435179
2026-06-12T21:38:06+08:00	agent=general-purpose	session=70510bcb-b3b	cost=0	turns=149	cache_hit=92.4%	in=134466	cr=34564706	cc=2700224	out=448375
2026-06-12T21:45:38+08:00	agent=	session=70510bcb-b3b	cost=0	turns=180	cache_hit=94.0%	in=137126	cr=47880273	cc=2896878	out=541134
2026-06-12T21:58:05+08:00	agent=	session=70510bcb-b3b	cost=0	turns=207	cache_hit=94.9%	in=139934	cr=61014369	cc=3133778	out=670783
2026-06-12T21:59:44+08:00	agent=	session=70510bcb-b3b	cost=0	turns=212	cache_hit=95.1%	in=141549	cr=63654492	cc=3139863	out=682914
2026-06-12T22:01:44+08:00	agent=workflow-subagent	session=70510bcb-b3b	cost=0	turns=212	cache_hit=95.1%	in=141549	cr=63654492	cc=3139863	out=682914
2026-06-12T22:02:17+08:00	agent=workflow-subagent	session=70510bcb-b3b	cost=0	turns=212	cache_hit=95.1%	in=141549	cr=63654492	cc=3139863	out=682914
2026-06-12T22:03:28+08:00	agent=workflow-subagent	session=70510bcb-b3b	cost=0	turns=212	cache_hit=95.1%	in=141549	cr=63654492	cc=3139863	out=682914
2026-06-12T22:07:11+08:00	agent=workflow-subagent	session=70510bcb-b3b	cost=0	turns=212	cache_hit=95.1%	in=141549	cr=63654492	cc=3139863	out=682914
2026-06-12T22:08:08+08:00	agent=workflow-subagent	session=70510bcb-b3b	cost=0	turns=212	cache_hit=95.1%	in=141549	cr=63654492	cc=3139863	out=682914
2026-06-12T22:09:19+08:00	agent=workflow-subagent	session=70510bcb-b3b	cost=0	turns=212	cache_hit=95.1%	in=141549	cr=63654492	cc=3139863	out=682914
2026-06-12T22:13:53+08:00	agent=	session=70510bcb-b3b	cost=0	turns=241	cache_hit=95.9%	in=147331	cr=79612784	cc=3214411	out=737054
2026-06-12T22:39:14+08:00	agent=	session=cefc6c0e-773	cost=0	turns=122	cache_hit=88.0%	in=213801	cr=34404430	cc=4466585	out=765282
2026-06-12T23:23:31+08:00	agent=	session=cefc6c0e-773	cost=0	turns=166	cache_hit=92.1%	in=224124	cr=56904213	cc=4690032	out=964702
2026-06-12T23:54:32+08:00	agent=	session=70510bcb-b3b	cost=0	turns=249	cache_hit=94.8%	in=151336	cr=83023765	cc=4375947	out=771557
2026-06-12T23:56:59+08:00	agent=workflow-subagent	session=70510bcb-b3b	cost=0	turns=249	cache_hit=94.8%	in=151336	cr=83023765	cc=4375947	out=771557
2026-06-12T23:57:15+08:00	agent=workflow-subagent	session=70510bcb-b3b	cost=0	turns=249	cache_hit=94.8%	in=151336	cr=83023765	cc=4375947	out=771557
2026-06-12T23:57:43+08:00	agent=workflow-subagent	session=70510bcb-b3b	cost=0	turns=249	cache_hit=94.8%	in=151336	cr=83023765	cc=4375947	out=771557
2026-06-12T23:58:03+08:00	agent=workflow-subagent	session=70510bcb-b3b	cost=0	turns=249	cache_hit=94.8%	in=151336	cr=83023765	cc=4375947	out=771557
2026-06-13T00:03:22+08:00	agent=	session=70510bcb-b3b	cost=0	turns=260	cache_hit=95.1%	in=157704	cr=89469441	cc=4437278	out=806091
2026-06-13T00:05:56+08:00	agent=	session=cefc6c0e-773	cost=0	turns=174	cache_hit=92.5%	in=226132	cr=61487257	cc=4766555	out=1003344
2026-06-13T00:08:42+08:00	agent=	session=84f73136-835	cost=0	turns=150	cache_hit=89.9%	in=155492	cr=34390608	cc=3716530	out=650181
2026-06-13T00:10:08+08:00	agent=	session=70510bcb-b3b	cost=0	turns=268	cache_hit=95.3%	in=159958	cr=94255836	cc=4453073	out=821513
2026-06-13T00:10:32+08:00	agent=workflow-subagent	session=f92774d7-cae	cost=0	turns=211	cache_hit=91.4%	in=246370	cr=68879338	cc=6193713	out=953702
2026-06-13T00:10:38+08:00	agent=workflow-subagent	session=f92774d7-cae	cost=0	turns=211	cache_hit=91.4%	in=246370	cr=68879338	cc=6193713	out=953702
2026-06-13T00:10:41+08:00	agent=workflow-subagent	session=f92774d7-cae	cost=0	turns=211	cache_hit=91.4%	in=246370	cr=68879338	cc=6193713	out=953702
2026-06-13T00:10:53+08:00	agent=workflow-subagent	session=f92774d7-cae	cost=0	turns=211	cache_hit=91.4%	in=246370	cr=68879338	cc=6193713	out=953702
2026-06-13T00:10:59+08:00	agent=workflow-subagent	session=f92774d7-cae	cost=0	turns=211	cache_hit=91.4%	in=246370	cr=68879338	cc=6193713	out=953702
2026-06-13T00:11:45+08:00	agent=workflow-subagent	session=f92774d7-cae	cost=0	turns=211	cache_hit=91.4%	in=246370	cr=68879338	cc=6193713	out=953702
2026-06-13T00:12:00+08:00	agent=workflow-subagent	session=f92774d7-cae	cost=0	turns=211	cache_hit=91.4%	in=246370	cr=68879338	cc=6193713	out=953702
2026-06-13T00:13:26+08:00	agent=workflow-subagent	session=70510bcb-b3b	cost=0	turns=268	cache_hit=95.3%	in=159958	cr=94255836	cc=4453073	out=821513
2026-06-13T00:13:52+08:00	agent=workflow-subagent	session=f92774d7-cae	cost=0	turns=211	cache_hit=91.4%	in=246370	cr=68879338	cc=6193713	out=953702
2026-06-13T00:13:56+08:00	agent=workflow-subagent	session=f92774d7-cae	cost=0	turns=211	cache_hit=91.4%	in=246370	cr=68879338	cc=6193713	out=953702
2026-06-13T00:14:19+08:00	agent=workflow-subagent	session=f92774d7-cae	cost=0	turns=211	cache_hit=91.4%	in=246370	cr=68879338	cc=6193713	out=953702
2026-06-13T00:14:25+08:00	agent=workflow-subagent	session=70510bcb-b3b	cost=0	turns=268	cache_hit=95.3%	in=159958	cr=94255836	cc=4453073	out=821513
2026-06-13T00:14:31+08:00	agent=workflow-subagent	session=f92774d7-cae	cost=0	turns=211	cache_hit=91.4%	in=246370	cr=68879338	cc=6193713	out=953702
2026-06-13T00:14:33+08:00	agent=workflow-subagent	session=f92774d7-cae	cost=0	turns=211	cache_hit=91.4%	in=246370	cr=68879338	cc=6193713	out=953702
2026-06-13T00:14:36+08:00	agent=workflow-subagent	session=70510bcb-b3b	cost=0	turns=268	cache_hit=95.3%	in=159958	cr=94255836	cc=4453073	out=821513
2026-06-13T00:16:04+08:00	agent=workflow-subagent	session=70510bcb-b3b	cost=0	turns=268	cache_hit=95.3%	in=159958	cr=94255836	cc=4453073	out=821513
2026-06-13T00:18:45+08:00	agent=workflow-subagent	session=f92774d7-cae	cost=0	turns=211	cache_hit=91.4%	in=246370	cr=68879338	cc=6193713	out=953702
2026-06-13T00:19:16+08:00	agent=	session=70510bcb-b3b	cost=0	turns=279	cache_hit=95.6%	in=166704	cr=100966969	cc=4521915	out=872762
2026-06-13T00:21:36+08:00	agent=	session=cefc6c0e-773	cost=0	turns=188	cache_hit=93.2%	in=229433	cr=69862978	cc=4837836	out=1061196
2026-06-13T00:32:29+08:00	agent=	session=84f73136-835	cost=0	turns=218	cache_hit=90.1%	in=213887	cr=43016934	cc=4504773	out=879153
2026-06-13T00:32:52+08:00	agent=Explore	session=84f73136-835	cost=0	turns=218	cache_hit=90.1%	in=213887	cr=43016934	cc=4504773	out=879153
2026-06-13T00:33:08+08:00	agent=Explore	session=84f73136-835	cost=0	turns=218	cache_hit=90.1%	in=213887	cr=43016934	cc=4504773	out=879153
2026-06-13T00:33:48+08:00	agent=Explore	session=84f73136-835	cost=0	turns=218	cache_hit=90.1%	in=213887	cr=43016934	cc=4504773	out=879153
2026-06-13T00:36:49+08:00	agent=	session=cefc6c0e-773	cost=0	turns=199	cache_hit=93.7%	in=234423	cr=76659272	cc=4890755	out=1115188
2026-06-13T00:38:03+08:00	agent=	session=84f73136-835	cost=0	turns=239	cache_hit=90.8%	in=219794	cr=47433720	cc=4595815	out=987439
2026-06-13T00:41:25+08:00	agent=	session=f92774d7-cae	cost=0	turns=242	cache_hit=92.8%	in=304214	cr=87295919	cc=6500553	out=1059701
2026-06-13T00:43:48+08:00	agent=	session=70510bcb-b3b	cost=0	turns=304	cache_hit=96.1%	in=185288	cr=116964968	cc=4623016	out=948238
2026-06-13T01:08:23+08:00	agent=	session=cefc6c0e-773	cost=0	turns=210	cache_hit=94.2%	in=237604	cr=83668533	cc=4945160	out=1174856
2026-06-13T01:09:56+08:00	agent=	session=70510bcb-b3b	cost=0	turns=333	cache_hit=96.5%	in=191145	cr=136821513	cc=4792642	out=1084907
2026-06-13T01:10:17+08:00	agent=workflow-subagent	session=70510bcb-b3b	cost=0	turns=333	cache_hit=96.5%	in=191145	cr=136821513	cc=4792642	out=1084907
2026-06-13T01:10:49+08:00	agent=	session=f92774d7-cae	cost=0	turns=265	cache_hit=93.6%	in=320252	cr=102598688	cc=6643533	out=1207173
2026-06-13T01:10:52+08:00	agent=workflow-subagent	session=70510bcb-b3b	cost=0	turns=333	cache_hit=96.5%	in=191145	cr=136821513	cc=4792642	out=1084907
2026-06-13T01:11:04+08:00	agent=workflow-subagent	session=70510bcb-b3b	cost=0	turns=333	cache_hit=96.5%	in=191145	cr=136821513	cc=4792642	out=1084907
2026-06-13T01:11:33+08:00	agent=workflow-subagent	session=70510bcb-b3b	cost=0	turns=333	cache_hit=96.5%	in=191145	cr=136821513	cc=4792642	out=1084907
2026-06-13T01:19:47+08:00	agent=workflow-subagent	session=70510bcb-b3b	cost=0	turns=333	cache_hit=96.5%	in=191145	cr=136821513	cc=4792642	out=1084907
2026-06-13T01:20:33+08:00	agent=workflow-subagent	session=70510bcb-b3b	cost=0	turns=333	cache_hit=96.5%	in=191145	cr=136821513	cc=4792642	out=1084907
2026-06-13T01:20:35+08:00	agent=workflow-subagent	session=70510bcb-b3b	cost=0	turns=333	cache_hit=96.5%	in=191145	cr=136821513	cc=4792642	out=1084907
2026-06-13T01:20:47+08:00	agent=workflow-subagent	session=70510bcb-b3b	cost=0	turns=333	cache_hit=96.5%	in=191145	cr=136821513	cc=4792642	out=1084907
2026-06-13T01:21:16+08:00	agent=workflow-subagent	session=70510bcb-b3b	cost=0	turns=333	cache_hit=96.5%	in=191145	cr=136821513	cc=4792642	out=1084907
2026-06-13T01:22:18+08:00	agent=	session=cefc6c0e-773	cost=0	turns=231	cache_hit=94.8%	in=240178	cr=97623942	cc=5067874	out=1283043
2026-06-13T01:23:59+08:00	agent=	session=cefc6c0e-773	cost=0	turns=242	cache_hit=95.2%	in=241805	cr=105202200	cc=5091903	out=1298097
2026-06-13T01:24:19+08:00	agent=workflow-subagent	session=70510bcb-b3b	cost=0	turns=333	cache_hit=96.5%	in=191145	cr=136821513	cc=4792642	out=1084907
2026-06-13T01:24:40+08:00	agent=workflow-subagent	session=70510bcb-b3b	cost=0	turns=333	cache_hit=96.5%	in=191145	cr=136821513	cc=4792642	out=1084907
2026-06-13T01:25:23+08:00	agent=workflow-subagent	session=70510bcb-b3b	cost=0	turns=333	cache_hit=96.5%	in=191145	cr=136821513	cc=4792642	out=1084907
2026-06-13T01:25:56+08:00	agent=workflow-subagent	session=70510bcb-b3b	cost=0	turns=333	cache_hit=96.5%	in=191145	cr=136821513	cc=4792642	out=1084907
2026-06-13T01:37:56+08:00	agent=	session=cefc6c0e-773	cost=0	turns=275	cache_hit=95.9%	in=244634	cr=128546605	cc=5208873	out=1400374
2026-06-13T02:01:57+08:00	agent=	session=cefc6c0e-773	cost=0	turns=294	cache_hit=96.3%	in=248206	cr=142656361	cc=5260614	out=1448464
2026-06-13T03:18:21+08:00	agent=workflow-subagent	session=70510bcb-b3b	cost=0	turns=333	cache_hit=96.5%	in=191145	cr=136821513	cc=4792642	out=1084907
2026-06-13T03:22:01+08:00	agent=	session=f92774d7-cae	cost=0	turns=273	cache_hit=93.9%	in=323169	cr=108169108	cc=6672820	out=1241054
2026-06-13T03:22:02+08:00	agent=workflow-subagent	session=70510bcb-b3b	cost=0	turns=333	cache_hit=96.5%	in=191145	cr=136821513	cc=4792642	out=1084907
2026-06-13T03:22:09+08:00	agent=workflow-subagent	session=70510bcb-b3b	cost=0	turns=333	cache_hit=96.5%	in=191145	cr=136821513	cc=4792642	out=1084907
2026-06-13T03:22:21+08:00	agent=workflow-subagent	session=70510bcb-b3b	cost=0	turns=333	cache_hit=96.5%	in=191145	cr=136821513	cc=4792642	out=1084907
2026-06-13T03:22:21+08:00	agent=workflow-subagent	session=70510bcb-b3b	cost=0	turns=333	cache_hit=96.5%	in=191145	cr=136821513	cc=4792642	out=1084907
2026-06-13T03:22:26+08:00	agent=workflow-subagent	session=70510bcb-b3b	cost=0	turns=333	cache_hit=96.5%	in=191145	cr=136821513	cc=4792642	out=1084907
2026-06-13T03:26:20+08:00	agent=workflow-subagent	session=70510bcb-b3b	cost=0	turns=333	cache_hit=96.5%	in=191145	cr=136821513	cc=4792642	out=1084907
2026-06-13T03:32:00+08:00	agent=workflow-subagent	session=70510bcb-b3b	cost=0	turns=333	cache_hit=96.5%	in=191145	cr=136821513	cc=4792642	out=1084907
2026-06-13T03:35:44+08:00	agent=general-purpose	session=70510bcb-b3b	cost=0	turns=340	cache_hit=95.1%	in=196088	cr=139695413	cc=6960199	out=1097373
2026-06-13T03:41:43+08:00	agent=	session=70510bcb-b3b	cost=0	turns=355	cache_hit=95.4%	in=196247	cr=150721464	cc=7023229	out=1145845
2026-06-13T03:42:40+08:00	agent=	session=cefc6c0e-773	cost=0	turns=303	cache_hit=94.5%	in=253060	cr=146460557	cc=8327763	out=1495880
2026-06-13T03:43:05+08:00	agent=	session=70510bcb-b3b	cost=0	turns=360	cache_hit=95.5%	in=198120	cr=154463038	cc=7028029	out=1151167
2026-06-13T03:43:59+08:00	agent=workflow-subagent	session=70510bcb-b3b	cost=0	turns=360	cache_hit=95.5%	in=198120	cr=154463038	cc=7028029	out=1151167
2026-06-13T03:44:43+08:00	agent=workflow-subagent	session=70510bcb-b3b	cost=0	turns=360	cache_hit=95.5%	in=198120	cr=154463038	cc=7028029	out=1151167
2026-06-13T03:50:23+08:00	agent=	session=cefc6c0e-773	cost=0	turns=333	cache_hit=95.1%	in=255874	cr=170068112	cc=8425558	out=1577965
2026-06-13T13:08:28+08:00	agent=general-purpose	session=70510bcb-b3b	cost=0	turns=364	cache_hit=95.6%	in=201236	cr=157470582	cc=7037877	out=1160783
2026-06-13T13:13:36+08:00	agent=	session=70510bcb-b3b	cost=0	turns=383	cache_hit=94.7%	in=201661	cr=169758491	cc=9383073	out=1208168
2026-06-13T13:36:06+08:00	agent=	session=cefc6c0e-773	cost=0	turns=348	cache_hit=94.1%	in=259924	cr=179891315	cc=10924226	out=1646176
2026-06-13T13:37:31+08:00	agent=	session=cefc6c0e-773	cost=0	turns=356	cache_hit=94.3%	in=262301	cr=186556897	cc=10943458	out=1661562
2026-06-13T13:42:35+08:00	agent=	session=cefc6c0e-773	cost=0	turns=369	cache_hit=94.6%	in=264559	cr=197507579	cc=10972899	out=1690109
2026-06-13T19:05:27+08:00	agent=	session=70510bcb-b3b	cost=0	turns=394	cache_hit=93.6%	in=203546	cr=176043777	cc=11762779	out=1245996
2026-06-13T19:08:28+08:00	agent=workflow-subagent	session=70510bcb-b3b	cost=0	turns=394	cache_hit=93.6%	in=203546	cr=176043777	cc=11762779	out=1245996
2026-06-13T19:09:02+08:00	agent=workflow-subagent	session=70510bcb-b3b	cost=0	turns=394	cache_hit=93.6%	in=203546	cr=176043777	cc=11762779	out=1245996
2026-06-13T19:09:19+08:00	agent=workflow-subagent	session=70510bcb-b3b	cost=0	turns=394	cache_hit=93.6%	in=203546	cr=176043777	cc=11762779	out=1245996
2026-06-13T19:09:42+08:00	agent=workflow-subagent	session=70510bcb-b3b	cost=0	turns=394	cache_hit=93.6%	in=203546	cr=176043777	cc=11762779	out=1245996
2026-06-13T19:12:07+08:00	agent=workflow-subagent	session=f92774d7-cae	cost=0	turns=292	cache_hit=93.3%	in=466872	cr=109494072	cc=7364030	out=1309395
2026-06-13T19:12:26+08:00	agent=workflow-subagent	session=f92774d7-cae	cost=0	turns=292	cache_hit=93.3%	in=466872	cr=109494072	cc=7364030	out=1309395
2026-06-13T19:12:34+08:00	agent=workflow-subagent	session=f92774d7-cae	cost=0	turns=292	cache_hit=93.3%	in=466872	cr=109494072	cc=7364030	out=1309395
2026-06-13T19:13:12+08:00	agent=workflow-subagent	session=f92774d7-cae	cost=0	turns=292	cache_hit=93.3%	in=466872	cr=109494072	cc=7364030	out=1309395
2026-06-13T19:13:35+08:00	agent=workflow-subagent	session=f92774d7-cae	cost=0	turns=292	cache_hit=93.3%	in=466872	cr=109494072	cc=7364030	out=1309395
2026-06-13T19:13:36+08:00	agent=workflow-subagent	session=70510bcb-b3b	cost=0	turns=394	cache_hit=93.6%	in=203546	cr=176043777	cc=11762779	out=1245996
2026-06-13T19:14:31+08:00	agent=workflow-subagent	session=70510bcb-b3b	cost=0	turns=394	cache_hit=93.6%	in=203546	cr=176043777	cc=11762779	out=1245996
2026-06-13T19:15:18+08:00	agent=workflow-subagent	session=70510bcb-b3b	cost=0	turns=394	cache_hit=93.6%	in=203546	cr=176043777	cc=11762779	out=1245996
2026-06-13T19:15:20+08:00	agent=workflow-subagent	session=f92774d7-cae	cost=0	turns=292	cache_hit=93.3%	in=466872	cr=109494072	cc=7364030	out=1309395
2026-06-13T19:15:42+08:00	agent=workflow-subagent	session=70510bcb-b3b	cost=0	turns=394	cache_hit=93.6%	in=203546	cr=176043777	cc=11762779	out=1245996
2026-06-13T19:18:08+08:00	agent=	session=cefc6c0e-773	cost=0	turns=388	cache_hit=93.8%	in=267263	cr=211293747	cc=13602431	out=1758419
2026-06-13T19:19:03+08:00	agent=	session=cefc6c0e-773	cost=0	turns=394	cache_hit=94.0%	in=269415	cr=216551195	cc=13616851	out=1771325
2026-06-13T19:19:38+08:00	agent=workflow-subagent	session=70510bcb-b3b	cost=0	turns=394	cache_hit=93.6%	in=203546	cr=176043777	cc=11762779	out=1245996
2026-06-13T19:19:47+08:00	agent=workflow-subagent	session=70510bcb-b3b	cost=0	turns=394	cache_hit=93.6%	in=203546	cr=176043777	cc=11762779	out=1245996
2026-06-13T19:20:02+08:00	agent=workflow-subagent	session=70510bcb-b3b	cost=0	turns=394	cache_hit=93.6%	in=203546	cr=176043777	cc=11762779	out=1245996
2026-06-13T19:20:38+08:00	agent=workflow-subagent	session=f92774d7-cae	cost=0	turns=292	cache_hit=93.3%	in=466872	cr=109494072	cc=7364030	out=1309395
2026-06-13T19:21:58+08:00	agent=	session=cefc6c0e-773	cost=0	turns=407	cache_hit=94.3%	in=271925	cr=228048129	cc=13637192	out=1792066
2026-06-13T19:23:37+08:00	agent=workflow-subagent	session=f92774d7-cae	cost=0	turns=292	cache_hit=93.3%	in=466872	cr=109494072	cc=7364030	out=1309395
2026-06-13T19:23:39+08:00	agent=workflow-subagent	session=f92774d7-cae	cost=0	turns=292	cache_hit=93.3%	in=466872	cr=109494072	cc=7364030	out=1309395
2026-06-13T19:25:26+08:00	agent=workflow-subagent	session=f92774d7-cae	cost=0	turns=292	cache_hit=93.3%	in=466872	cr=109494072	cc=7364030	out=1309395
2026-06-13T19:26:09+08:00	agent=workflow-subagent	session=f92774d7-cae	cost=0	turns=292	cache_hit=93.3%	in=466872	cr=109494072	cc=7364030	out=1309395
2026-06-13T19:33:55+08:00	agent=	session=f92774d7-cae	cost=0	turns=318	cache_hit=93.4%	in=470722	cr=114217312	cc=7625251	out=1394298
2026-06-13T23:53:38+08:00	agent=	session=cefc6c0e-773	cost=0	turns=418	cache_hit=93.4%	in=274194	cr=235216381	cc=16353062	out=1837137
2026-06-13T23:56:10+08:00	agent=	session=cefc6c0e-773	cost=0	turns=424	cache_hit=93.5%	in=278110	cr=240664183	cc=16360958	out=1854793
2026-06-13T23:59:09+08:00	agent=	session=cefc6c0e-773	cost=0	turns=438	cache_hit=93.8%	in=281453	cr=253531663	cc=16411410	out=1885675
2026-06-14T00:01:14+08:00	agent=	session=cefc6c0e-773	cost=0	turns=446	cache_hit=94.0%	in=283206	cr=260977552	cc=16424854	out=1899732
2026-06-14T00:41:14+08:00	agent=	session=cefc6c0e-773	cost=0	turns=451	cache_hit=94.1%	in=286528	cr=265658406	cc=16428476	out=1901713
2026-06-14T00:42:40+08:00	agent=	session=cefc6c0e-773	cost=0	turns=455	cache_hit=94.2%	in=288488	cr=269411376	cc=16431742	out=1904651
2026-06-14T00:50:07+08:00	agent=	session=cefc6c0e-773	cost=0	turns=455	cache_hit=94.2%	in=288488	cr=269411376	cc=16431742	out=1904651
2026-06-14T01:56:04+08:00	agent=	session=cefc6c0e-773	cost=0	turns=634	cache_hit=94.4%	in=531822	cr=306680367	cc=17535370	out=2461173
2026-06-14T01:58:34+08:00	agent=pr-review-toolkit:code-reviewer	session=cefc6c0e-773	cost=0	turns=634	cache_hit=94.4%	in=531822	cr=306680367	cc=17535370	out=2461173
2026-06-14T02:07:54+08:00	agent=	session=cefc6c0e-773	cost=0	turns=642	cache_hit=94.5%	in=536437	cr=309369955	cc=17562748	out=2479191
2026-06-14T02:55:50+08:00	agent=	session=cefc6c0e-773	cost=0	turns=742	cache_hit=95.0%	in=547200	cr=349488575	cc=17888066	out=2729594
2026-06-14T03:08:23+08:00	agent=workflow-subagent	session=70510bcb-b3b	cost=0	turns=394	cache_hit=93.6%	in=203546	cr=176043777	cc=11762779	out=1245996
2026-06-14T03:11:54+08:00	agent=workflow-subagent	session=70510bcb-b3b	cost=0	turns=394	cache_hit=93.6%	in=203546	cr=176043777	cc=11762779	out=1245996
2026-06-14T03:12:00+08:00	agent=workflow-subagent	session=70510bcb-b3b	cost=0	turns=394	cache_hit=93.6%	in=203546	cr=176043777	cc=11762779	out=1245996
2026-06-14T03:13:20+08:00	agent=	session=cefc6c0e-773	cost=0	turns=804	cache_hit=95.3%	in=552496	cr=378999622	cc=18064736	out=2882972
2026-06-14T03:13:30+08:00	agent=workflow-subagent	session=70510bcb-b3b	cost=0	turns=394	cache_hit=93.6%	in=203546	cr=176043777	cc=11762779	out=1245996
2026-06-14T03:14:25+08:00	agent=workflow-subagent	session=70510bcb-b3b	cost=0	turns=394	cache_hit=93.6%	in=203546	cr=176043777	cc=11762779	out=1245996
2026-06-14T03:17:48+08:00	agent=workflow-subagent	session=70510bcb-b3b	cost=0	turns=394	cache_hit=93.6%	in=203546	cr=176043777	cc=11762779	out=1245996
2026-06-14T03:19:13+08:00	agent=workflow-subagent	session=70510bcb-b3b	cost=0	turns=394	cache_hit=93.6%	in=203546	cr=176043777	cc=11762779	out=1245996
2026-06-14T03:19:56+08:00	agent=workflow-subagent	session=70510bcb-b3b	cost=0	turns=394	cache_hit=93.6%	in=203546	cr=176043777	cc=11762779	out=1245996
2026-06-14T03:20:22+08:00	agent=workflow-subagent	session=70510bcb-b3b	cost=0	turns=394	cache_hit=93.6%	in=203546	cr=176043777	cc=11762779	out=1245996
2026-06-14T03:24:44+08:00	agent=workflow-subagent	session=70510bcb-b3b	cost=0	turns=394	cache_hit=93.6%	in=203546	cr=176043777	cc=11762779	out=1245996
2026-06-14T03:25:43+08:00	agent=workflow-subagent	session=70510bcb-b3b	cost=0	turns=394	cache_hit=93.6%	in=203546	cr=176043777	cc=11762779	out=1245996
2026-06-14T03:25:57+08:00	agent=	session=84f73136-835	cost=0	turns=302	cache_hit=91.0%	in=417509	cr=64444943	cc=5947664	out=1241299
2026-06-14T03:26:03+08:00	agent=workflow-subagent	session=70510bcb-b3b	cost=0	turns=394	cache_hit=93.6%	in=203546	cr=176043777	cc=11762779	out=1245996
2026-06-14T03:28:13+08:00	agent=workflow-subagent	session=70510bcb-b3b	cost=0	turns=394	cache_hit=93.6%	in=203546	cr=176043777	cc=11762779	out=1245996
2026-06-14T03:32:19+08:00	agent=	session=70510bcb-b3b	cost=0	turns=408	cache_hit=92.7%	in=221493	cr=184951582	cc=14255095	out=1301938
2026-06-14T03:48:18+08:00	agent=	session=84f73136-835	cost=0	turns=304	cache_hit=91.1%	in=418583	cr=65223115	cc=5948086	out=1242357
2026-06-14T03:49:33+08:00	agent=	session=84f73136-835	cost=0	turns=306	cache_hit=91.2%	in=419903	cr=66003837	cc=5948530	out=1243147
2026-06-14T14:22:20+08:00	agent=	session=cefc6c0e-773	cost=0	turns=833	cache_hit=95.1%	in=559001	cr=392576439	cc=19807016	out=3004009
2026-06-14T14:34:36+08:00	agent=	session=cefc6c0e-773	cost=0	turns=845	cache_hit=95.1%	in=560630	cr=399268441	cc=19841284	out=3033607
2026-06-14T15:43:05+08:00	agent=	session=cefc6c0e-773	cost=0	turns=861	cache_hit=95.2%	in=565579	cr=408586576	cc=19928550	out=3111754
2026-06-14T16:00:00+08:00	agent=	session=cefc6c0e-773	cost=0	turns=875	cache_hit=95.3%	in=569270	cr=417205026	cc=20003454	out=3187636
2026-06-14T16:18:25+08:00	agent=	session=84f73136-835	cost=0	turns=356	cache_hit=90.6%	in=455028	cr=85536210	cc=8370210	out=1393184
2026-06-14T16:45:27+08:00	agent=	session=cefc6c0e-773	cost=0	turns=900	cache_hit=95.5%	in=572026	cr=433243013	cc=20038882	out=3221220
2026-06-14T17:11:14+08:00	agent=	session=cefc6c0e-773	cost=0	turns=933	cache_hit=95.6%	in=577170	cr=455189868	cc=20129175	out=3319115
2026-06-14T17:31:03+08:00	agent=	session=cefc6c0e-773	cost=0	turns=964	cache_hit=95.8%	in=584062	cr=476845918	cc=20222632	out=3477921
2026-06-14T17:41:57+08:00	agent=	session=cefc6c0e-773	cost=0	turns=975	cache_hit=95.9%	in=586832	cr=484745721	cc=20244425	out=3502173
2026-06-14T17:49:44+08:00	agent=	session=f92774d7-cae	cost=0	turns=351	cache_hit=92.4%	in=526180	cr=121631959	cc=9548882	out=1488366
2026-06-14T17:56:45+08:00	agent=	session=cefc6c0e-773	cost=0	turns=988	cache_hit=95.9%	in=589759	cr=494294665	cc=20289422	out=3548020
2026-06-14T20:51:20+08:00	agent=	session=f92774d7-cae	cost=0	turns=371	cache_hit=91.7%	in=533389	cr=126983617	cc=10938258	out=1590274
2026-06-14T21:05:06+08:00	agent=	session=70510bcb-b3b	cost=0	turns=417	cache_hit=91.8%	in=256494	cr=189964688	cc=16797151	out=1335188
2026-06-14T21:07:48+08:00	agent=workflow-subagent	session=70510bcb-b3b	cost=0	turns=417	cache_hit=91.8%	in=256494	cr=189964688	cc=16797151	out=1335188
2026-06-14T21:07:59+08:00	agent=workflow-subagent	session=70510bcb-b3b	cost=0	turns=417	cache_hit=91.8%	in=256494	cr=189964688	cc=16797151	out=1335188
2026-06-14T21:08:25+08:00	agent=workflow-subagent	session=70510bcb-b3b	cost=0	turns=417	cache_hit=91.8%	in=256494	cr=189964688	cc=16797151	out=1335188
2026-06-14T21:11:04+08:00	agent=general-purpose	session=cefc6c0e-773	cost=0	turns=993	cache_hit=95.3%	in=647934	cr=494430915	cc=23895257	out=3594325
2026-06-14T21:11:46+08:00	agent=general-purpose	session=cefc6c0e-773	cost=0	turns=993	cache_hit=95.3%	in=647934	cr=494430915	cc=23895257	out=3594325
2026-06-14T21:12:21+08:00	agent=workflow-subagent	session=70510bcb-b3b	cost=0	turns=417	cache_hit=91.8%	in=256494	cr=189964688	cc=16797151	out=1335188
2026-06-14T21:12:32+08:00	agent=general-purpose	session=cefc6c0e-773	cost=0	turns=993	cache_hit=95.3%	in=647934	cr=494430915	cc=23895257	out=3594325
2026-06-14T21:13:16+08:00	agent=workflow-subagent	session=70510bcb-b3b	cost=0	turns=417	cache_hit=91.8%	in=256494	cr=189964688	cc=16797151	out=1335188
2026-06-14T21:15:07+08:00	agent=	session=84f73136-835	cost=0	turns=424	cache_hit=91.9%	in=460933	cr=118650794	cc=10032310	out=1595724
2026-06-14T21:16:25+08:00	agent=workflow-subagent	session=70510bcb-b3b	cost=0	turns=417	cache_hit=91.8%	in=256494	cr=189964688	cc=16797151	out=1335188
2026-06-14T21:16:42+08:00	agent=	session=cefc6c0e-773	cost=0	turns=1004	cache_hit=95.3%	in=648343	cr=502960551	cc=24034086	out=3640616
2026-06-14T21:21:17+08:00	agent=	session=70510bcb-b3b	cost=0	turns=440	cache_hit=92.5%	in=261637	cr=209904270	cc=16869869	out=1388592
2026-06-14T23:04:47+08:00	agent=workflow-subagent	session=70510bcb-b3b	cost=0	turns=455	cache_hit=91.7%	in=267136	cr=220567053	cc=19571006	out=1436553
2026-06-14T23:05:02+08:00	agent=	session=70510bcb-b3b	cost=0	turns=457	cache_hit=91.8%	in=267140	cr=222367811	cc=19572808	out=1438947
2026-06-14T23:05:04+08:00	agent=workflow-subagent	session=70510bcb-b3b	cost=0	turns=457	cache_hit=91.8%	in=267140	cr=222367811	cc=19572808	out=1438947
2026-06-14T23:05:15+08:00	agent=workflow-subagent	session=70510bcb-b3b	cost=0	turns=457	cache_hit=91.8%	in=267140	cr=222367811	cc=19572808	out=1438947
2026-06-14T23:05:54+08:00	agent=workflow-subagent	session=70510bcb-b3b	cost=0	turns=457	cache_hit=91.8%	in=267140	cr=222367811	cc=19572808	out=1438947
2026-06-14T23:06:46+08:00	agent=workflow-subagent	session=70510bcb-b3b	cost=0	turns=457	cache_hit=91.8%	in=267140	cr=222367811	cc=19572808	out=1438947
2026-06-14T23:08:52+08:00	agent=workflow-subagent	session=70510bcb-b3b	cost=0	turns=457	cache_hit=91.8%	in=267140	cr=222367811	cc=19572808	out=1438947
2026-06-14T23:09:25+08:00	agent=workflow-subagent	session=70510bcb-b3b	cost=0	turns=457	cache_hit=91.8%	in=267140	cr=222367811	cc=19572808	out=1438947
2026-06-14T23:09:33+08:00	agent=workflow-subagent	session=70510bcb-b3b	cost=0	turns=457	cache_hit=91.8%	in=267140	cr=222367811	cc=19572808	out=1438947
2026-06-14T23:10:02+08:00	agent=workflow-subagent	session=70510bcb-b3b	cost=0	turns=457	cache_hit=91.8%	in=267140	cr=222367811	cc=19572808	out=1438947
2026-06-14T23:10:34+08:00	agent=workflow-subagent	session=70510bcb-b3b	cost=0	turns=457	cache_hit=91.8%	in=267140	cr=222367811	cc=19572808	out=1438947
2026-06-14T23:12:45+08:00	agent=workflow-subagent	session=70510bcb-b3b	cost=0	turns=457	cache_hit=91.8%	in=267140	cr=222367811	cc=19572808	out=1438947
2026-06-14T23:12:59+08:00	agent=	session=f92774d7-cae	cost=0	turns=404	cache_hit=91.3%	in=539708	cr=138296967	cc=12581010	out=1698561
2026-06-14T23:13:00+08:00	agent=workflow-subagent	session=70510bcb-b3b	cost=0	turns=457	cache_hit=91.8%	in=267140	cr=222367811	cc=19572808	out=1438947
2026-06-14T23:13:34+08:00	agent=workflow-subagent	session=70510bcb-b3b	cost=0	turns=457	cache_hit=91.8%	in=267140	cr=222367811	cc=19572808	out=1438947
2026-06-14T23:13:50+08:00	agent=workflow-subagent	session=70510bcb-b3b	cost=0	turns=457	cache_hit=91.8%	in=267140	cr=222367811	cc=19572808	out=1438947
2026-06-14T23:14:06+08:00	agent=workflow-subagent	session=70510bcb-b3b	cost=0	turns=457	cache_hit=91.8%	in=267140	cr=222367811	cc=19572808	out=1438947
2026-06-14T23:16:18+08:00	agent=workflow-subagent	session=70510bcb-b3b	cost=0	turns=466	cache_hit=92.1%	in=285731	cr=230513687	cc=19602280	out=1462842
2026-06-14T23:16:22+08:00	agent=workflow-subagent	session=70510bcb-b3b	cost=0	turns=466	cache_hit=92.1%	in=285731	cr=230513687	cc=19602280	out=1462842
2026-06-14T23:16:29+08:00	agent=workflow-subagent	session=70510bcb-b3b	cost=0	turns=466	cache_hit=92.1%	in=285731	cr=230513687	cc=19602280	out=1462842
2026-06-14T23:17:40+08:00	agent=workflow-subagent	session=70510bcb-b3b	cost=0	turns=469	cache_hit=92.1%	in=285737	cr=233250590	cc=19620703	out=1479321
2026-06-14T23:17:55+08:00	agent=workflow-subagent	session=70510bcb-b3b	cost=0	turns=471	cache_hit=92.2%	in=296879	cr=235087474	cc=19633331	out=1484199
2026-06-14T23:20:36+08:00	agent=	session=70510bcb-b3b	cost=0	turns=476	cache_hit=92.3%	in=298494	cr=239727302	cc=19660843	out=1493934
2026-06-14T23:22:06+08:00	agent=workflow-subagent	session=70510bcb-b3b	cost=0	turns=476	cache_hit=92.3%	in=298494	cr=239727302	cc=19660843	out=1493934
2026-06-14T23:26:09+08:00	agent=	session=f92774d7-cae	cost=0	turns=427	cache_hit=91.8%	in=541746	cr=148176613	cc=12653956	out=1758458
2026-06-14T23:27:07+08:00	agent=general-purpose	session=70510bcb-b3b	cost=0	turns=483	cache_hit=92.5%	in=301901	cr=246321440	cc=19700651	out=1509378
2026-06-14T23:32:00+08:00	agent=	session=70510bcb-b3b	cost=0	turns=499	cache_hit=92.9%	in=302320	cr=261650757	cc=19739821	out=1540548
2026-06-14T23:41:48+08:00	agent=	session=70510bcb-b3b	cost=0	turns=592	cache_hit=93.0%	in=365422	cr=271532738	cc=20031720	out=1626297
2026-06-14T23:49:59+08:00	agent=	session=cefc6c0e-773	cost=0	turns=1029	cache_hit=95.0%	in=656580	cr=521126328	cc=26581878	out=3792143
2026-06-15T00:45:26+08:00	agent=workflow-subagent	session=70510bcb-b3b	cost=0	turns=603	cache_hit=92.9%	in=367871	cr=272778091	cc=20417314	out=1675547
2026-06-15T00:46:14+08:00	agent=workflow-subagent	session=70510bcb-b3b	cost=0	turns=603	cache_hit=92.9%	in=367871	cr=272778091	cc=20417314	out=1675547
2026-06-15T00:46:15+08:00	agent=workflow-subagent	session=70510bcb-b3b	cost=0	turns=603	cache_hit=92.9%	in=367871	cr=272778091	cc=20417314	out=1675547
2026-06-15T00:46:26+08:00	agent=workflow-subagent	session=70510bcb-b3b	cost=0	turns=603	cache_hit=92.9%	in=367871	cr=272778091	cc=20417314	out=1675547
2026-06-15T00:46:56+08:00	agent=workflow-subagent	session=70510bcb-b3b	cost=0	turns=603	cache_hit=92.9%	in=367871	cr=272778091	cc=20417314	out=1675547
2026-06-15T00:47:08+08:00	agent=workflow-subagent	session=70510bcb-b3b	cost=0	turns=603	cache_hit=92.9%	in=367871	cr=272778091	cc=20417314	out=1675547
2026-06-15T00:47:11+08:00	agent=workflow-subagent	session=70510bcb-b3b	cost=0	turns=603	cache_hit=92.9%	in=367871	cr=272778091	cc=20417314	out=1675547
2026-06-15T00:47:15+08:00	agent=workflow-subagent	session=70510bcb-b3b	cost=0	turns=603	cache_hit=92.9%	in=367871	cr=272778091	cc=20417314	out=1675547
2026-06-15T00:47:39+08:00	agent=workflow-subagent	session=70510bcb-b3b	cost=0	turns=603	cache_hit=92.9%	in=367871	cr=272778091	cc=20417314	out=1675547
2026-06-15T00:47:54+08:00	agent=workflow-subagent	session=70510bcb-b3b	cost=0	turns=603	cache_hit=92.9%	in=367871	cr=272778091	cc=20417314	out=1675547
2026-06-15T00:56:55+08:00	agent=	session=70510bcb-b3b	cost=0	turns=659	cache_hit=93.1%	in=374118	cr=285018657	cc=20700028	out=1797194
2026-06-15T00:58:45+08:00	agent=workflow-subagent	session=70510bcb-b3b	cost=0	turns=659	cache_hit=93.1%	in=374118	cr=285018657	cc=20700028	out=1797194
2026-06-15T00:59:22+08:00	agent=workflow-subagent	session=70510bcb-b3b	cost=0	turns=659	cache_hit=93.1%	in=374118	cr=285018657	cc=20700028	out=1797194
2026-06-15T01:00:54+08:00	agent=workflow-subagent	session=70510bcb-b3b	cost=0	turns=659	cache_hit=93.1%	in=374118	cr=285018657	cc=20700028	out=1797194
2026-06-15T01:01:53+08:00	agent=workflow-subagent	session=70510bcb-b3b	cost=0	turns=659	cache_hit=93.1%	in=374118	cr=285018657	cc=20700028	out=1797194
2026-06-15T01:02:58+08:00	agent=workflow-subagent	session=70510bcb-b3b	cost=0	turns=659	cache_hit=93.1%	in=374118	cr=285018657	cc=20700028	out=1797194
2026-06-15T01:17:21+08:00	agent=general-purpose	session=70510bcb-b3b	cost=0	turns=726	cache_hit=93.5%	in=380618	cr=304540920	cc=20955662	out=1992392
2026-06-15T01:18:36+08:00	agent=	session=70510bcb-b3b	cost=0	turns=731	cache_hit=93.5%	in=380628	cr=306147240	cc=20977957	out=2002430
2026-06-15T01:46:48+08:00	agent=	session=f92774d7-cae	cost=0	turns=444	cache_hit=91.4%	in=560908	cr=154587252	cc=14061299	out=1786330
2026-06-15T02:04:54+08:00	agent=	session=70510bcb-b3b	cost=0	turns=747	cache_hit=93.6%	in=382652	cr=311516428	cc=21033569	out=2044383
2026-06-15T02:11:10+08:00	agent=	session=cefc6c0e-773	cost=0	turns=1039	cache_hit=94.6%	in=659630	cr=527173663	cc=29196292	out=3839480
2026-06-15T02:18:33+08:00	agent=	session=84f73136-835	cost=0	turns=444	cache_hit=91.3%	in=465836	cr=128564121	cc=11774506	out=1676523
2026-06-15T02:26:02+08:00	agent=	session=72625650-685	cost=0	turns=212	cache_hit=93.3%	in=178703	cr=71457379	cc=4970580	out=956079
2026-06-15T04:47:12+08:00	agent=	session=84f73136-835	cost=0	turns=444	cache_hit=91.3%	in=465836	cr=128564121	cc=11774506	out=1676523
2026-06-15T05:07:07+08:00	agent=workflow-subagent	session=e36b3c2c-a78	cost=0	turns=94	cache_hit=95.5%	in=64716	cr=13976358	cc=598151	out=266526
2026-06-15T05:09:28+08:00	agent=	session=e36b3c2c-a78	cost=0	turns=107	cache_hit=96.1%	in=64742	cr=16748132	cc=622934	out=291632
2026-06-15T05:09:35+08:00	agent=workflow-subagent	session=e36b3c2c-a78	cost=0	turns=107	cache_hit=96.1%	in=64742	cr=16748132	cc=622934	out=291632
2026-06-15T05:10:04+08:00	agent=workflow-subagent	session=e36b3c2c-a78	cost=0	turns=107	cache_hit=96.1%	in=64742	cr=16748132	cc=622934	out=291632
2026-06-15T05:10:29+08:00	agent=	session=cefc6c0e-773	cost=0	turns=1082	cache_hit=94.4%	in=664625	cr=562350371	cc=32732791	out=4048431
2026-06-15T05:11:28+08:00	agent=workflow-subagent	session=e36b3c2c-a78	cost=0	turns=107	cache_hit=96.1%	in=64742	cr=16748132	cc=622934	out=291632
2026-06-15T05:17:12+08:00	agent=	session=e36b3c2c-a78	cost=0	turns=130	cache_hit=96.6%	in=70242	cr=22135735	cc=709110	out=349856
2026-06-15T14:52:57+08:00	agent=	session=84f73136-835	cost=0	turns=505	cache_hit=91.1%	in=624927	cr=137499191	cc=12878813	out=1881552
2026-06-15T15:09:27+08:00	agent=	session=cefc6c0e-773	cost=0	turns=1082	cache_hit=94.4%	in=664625	cr=562350371	cc=32732791	out=4048431
2026-06-15T15:14:22+08:00	agent=	session=72625650-685	cost=0	turns=247	cache_hit=92.9%	in=187149	cr=91407239	cc=6785154	out=1019919
2026-06-15T15:18:10+08:00	agent=	session=ee9178c5-801	cost=0	turns=2573	cache_hit=95.0%	in=2055754	cr=966228736	cc=48647060	out=7529385
2026-06-15T15:22:07+08:00	agent=	session=e36b3c2c-a78	cost=0	turns=169	cache_hit=94.9%	in=83655	cr=33348485	cc=1700111	out=463902
2026-06-15T15:25:09+08:00	agent=	session=72625650-685	cost=0	turns=263	cache_hit=93.6%	in=189044	cr=101619763	cc=6803457	out=1036758
2026-06-15T15:39:20+08:00	agent=	session=84f73136-835	cost=0	turns=586	cache_hit=92.1%	in=644165	cr=163327741	cc=13317124	out=2230528
2026-06-15T16:28:53+08:00	agent=	session=70510bcb-b3b	cost=0	turns=775	cache_hit=93.3%	in=386118	cr=320409758	cc=22599255	out=2114240
2026-06-15T16:31:56+08:00	agent=researcher	session=70510bcb-b3b	cost=0	turns=775	cache_hit=93.3%	in=386118	cr=320409758	cc=22599255	out=2114240
2026-06-15T16:31:59+08:00	agent=researcher	session=70510bcb-b3b	cost=0	turns=775	cache_hit=93.3%	in=386118	cr=320409758	cc=22599255	out=2114240
2026-06-15T16:32:46+08:00	agent=researcher	session=70510bcb-b3b	cost=0	turns=775	cache_hit=93.3%	in=386118	cr=320409758	cc=22599255	out=2114240
2026-06-15T16:32:53+08:00	agent=researcher	session=70510bcb-b3b	cost=0	turns=775	cache_hit=93.3%	in=386118	cr=320409758	cc=22599255	out=2114240
2026-06-15T16:34:47+08:00	agent=workflow-subagent	session=70510bcb-b3b	cost=0	turns=775	cache_hit=93.3%	in=386118	cr=320409758	cc=22599255	out=2114240
2026-06-15T17:02:01+08:00	agent=	session=f92774d7-cae	cost=0	turns=463	cache_hit=90.9%	in=591387	cr=162508852	cc=15624826	out=1854315
2026-06-15T18:50:25+08:00	agent=	session=70510bcb-b3b	cost=0	turns=789	cache_hit=92.9%	in=395742	cr=324614761	cc=24393677	out=2157117
2026-06-15T18:52:04+08:00	agent=researcher	session=70510bcb-b3b	cost=0	turns=789	cache_hit=92.9%	in=395742	cr=324614761	cc=24393677	out=2157117
2026-06-15T18:52:26+08:00	agent=researcher	session=70510bcb-b3b	cost=0	turns=789	cache_hit=92.9%	in=395742	cr=324614761	cc=24393677	out=2157117
2026-06-15T18:52:47+08:00	agent=researcher	session=70510bcb-b3b	cost=0	turns=789	cache_hit=92.9%	in=395742	cr=324614761	cc=24393677	out=2157117
2026-06-15T18:52:49+08:00	agent=researcher	session=70510bcb-b3b	cost=0	turns=789	cache_hit=92.9%	in=395742	cr=324614761	cc=24393677	out=2157117
2026-06-15T18:52:54+08:00	agent=researcher	session=70510bcb-b3b	cost=0	turns=789	cache_hit=92.9%	in=395742	cr=324614761	cc=24393677	out=2157117
2026-06-15T18:53:23+08:00	agent=researcher	session=70510bcb-b3b	cost=0	turns=789	cache_hit=92.9%	in=395742	cr=324614761	cc=24393677	out=2157117
2026-06-15T18:55:15+08:00	agent=workflow-subagent	session=70510bcb-b3b	cost=0	turns=789	cache_hit=92.9%	in=395742	cr=324614761	cc=24393677	out=2157117
2026-06-15T18:59:34+08:00	agent=workflow-subagent	session=ee9178c5-801	cost=0	turns=2578	cache_hit=95.0%	in=2222249	cr=966362494	cc=48987347	out=7571273
2026-06-15T18:59:56+08:00	agent=workflow-subagent	session=ee9178c5-801	cost=0	turns=2578	cache_hit=95.0%	in=2222249	cr=966362494	cc=48987347	out=7571273
2026-06-15T19:00:13+08:00	agent=workflow-subagent	session=ee9178c5-801	cost=0	turns=2578	cache_hit=95.0%	in=2222249	cr=966362494	cc=48987347	out=7571273
2026-06-15T19:00:24+08:00	agent=workflow-subagent	session=ee9178c5-801	cost=0	turns=2578	cache_hit=95.0%	in=2222249	cr=966362494	cc=48987347	out=7571273
2026-06-15T19:00:29+08:00	agent=workflow-subagent	session=ee9178c5-801	cost=0	turns=2578	cache_hit=95.0%	in=2222249	cr=966362494	cc=48987347	out=7571273
2026-06-15T19:00:31+08:00	agent=workflow-subagent	session=ee9178c5-801	cost=0	turns=2578	cache_hit=95.0%	in=2222249	cr=966362494	cc=48987347	out=7571273
2026-06-15T19:06:41+08:00	agent=	session=cefc6c0e-773	cost=0	turns=1194	cache_hit=94.4%	in=944154	cr=581271862	cc=33417357	out=4203068
2026-06-15T19:10:52+08:00	agent=pr-review-toolkit:code-reviewer	session=cefc6c0e-773	cost=0	turns=1214	cache_hit=94.4%	in=947380	cr=585600604	cc=33469663	out=4233754
2026-06-15T19:11:00+08:00	agent=	session=cefc6c0e-773	cost=0	turns=1216	cache_hit=94.5%	in=947642	cr=586061376	cc=33475079	out=4236406
2026-06-15T19:11:23+08:00	agent=	session=70510bcb-b3b	cost=0	turns=813	cache_hit=93.1%	in=403874	cr=335768259	cc=24524262	out=2220682
2026-06-15T19:24:06+08:00	agent=	session=cefc6c0e-773	cost=0	turns=1227	cache_hit=94.5%	in=950967	cr=588692410	cc=33517578	out=4254633
2026-06-15T19:28:12+08:00	agent=	session=70510bcb-b3b	cost=0	turns=821	cache_hit=93.2%	in=405753	cr=339737902	cc=24549831	out=2246294
2026-06-15T19:39:40+08:00	agent=	session=ee9178c5-801	cost=0	turns=2714	cache_hit=95.1%	in=2285173	cr=1000668336	cc=49665374	out=7921008
2026-06-15T19:40:04+08:00	agent=	session=70510bcb-b3b	cost=0	turns=849	cache_hit=93.4%	in=409115	cr=354382430	cc=24618683	out=2319987
2026-06-15T19:42:11+08:00	agent=	session=cefc6c0e-773	cost=0	turns=1244	cache_hit=94.5%	in=957803	cr=592752409	cc=33547525	out=4272611
2026-06-15T19:52:20+08:00	agent=	session=70510bcb-b3b	cost=0	turns=857	cache_hit=93.5%	in=413298	cr=358742988	cc=24671172	out=2371518
2026-06-15T19:53:58+08:00	agent=	session=155ead46-aea	cost=0	turns=24	cache_hit=73.8%	in=164450	cr=1699070	cc=437234	out=61421
2026-06-15T19:54:39+08:00	agent=	session=84f73136-835	cost=0	turns=614	cache_hit=92.0%	in=648808	cr=173828935	cc=14513435	out=2315751
2026-06-15T19:55:34+08:00	agent=workflow-subagent	session=70510bcb-b3b	cost=0	turns=857	cache_hit=93.5%	in=413298	cr=358742988	cc=24671172	out=2371518
2026-06-15T19:55:57+08:00	agent=workflow-subagent	session=70510bcb-b3b	cost=0	turns=857	cache_hit=93.5%	in=413298	cr=358742988	cc=24671172	out=2371518
2026-06-15T19:56:00+08:00	agent=workflow-subagent	session=155ead46-aea	cost=0	turns=24	cache_hit=73.8%	in=164450	cr=1699070	cc=437234	out=61421
2026-06-15T19:56:01+08:00	agent=workflow-subagent	session=155ead46-aea	cost=0	turns=24	cache_hit=73.8%	in=164450	cr=1699070	cc=437234	out=61421
2026-06-15T19:56:55+08:00	agent=workflow-subagent	session=70510bcb-b3b	cost=0	turns=857	cache_hit=93.5%	in=413298	cr=358742988	cc=24671172	out=2371518
2026-06-15T20:00:06+08:00	agent=workflow-subagent	session=155ead46-aea	cost=0	turns=24	cache_hit=73.8%	in=164450	cr=1699070	cc=437234	out=61421
2026-06-15T20:05:05+08:00	agent=	session=70510bcb-b3b	cost=0	turns=896	cache_hit=93.8%	in=418200	cr=381467485	cc=24884190	out=2491185
2026-06-15T20:06:00+08:00	agent=workflow-subagent	session=155ead46-aea	cost=0	turns=24	cache_hit=73.8%	in=164450	cr=1699070	cc=437234	out=61421
2026-06-15T20:08:52+08:00	agent=	session=ee9178c5-801	cost=0	turns=2753	cache_hit=95.1%	in=2302966	cr=1015259849	cc=49810678	out=8018420
2026-06-15T20:10:17+08:00	agent=	session=cefc6c0e-773	cost=0	turns=1293	cache_hit=94.6%	in=963980	cr=606499550	cc=33668567	out=4371875
2026-06-15T20:22:05+08:00	agent=workflow-subagent	session=cefc6c0e-773	cost=0	turns=1338	cache_hit=94.7%	in=966329	cr=621275161	cc=33782955	out=4477328
2026-06-15T20:24:34+08:00	agent=workflow-subagent	session=cefc6c0e-773	cost=0	turns=1358	cache_hit=94.8%	in=966756	cr=628486043	cc=33807166	out=4495049
2026-06-15T20:26:10+08:00	agent=workflow-subagent	session=cefc6c0e-773	cost=0	turns=1364	cache_hit=94.8%	in=966768	cr=630681173	cc=33816919	out=4513745
2026-06-15T20:28:50+08:00	agent=workflow-subagent	session=cefc6c0e-773	cost=0	turns=1376	cache_hit=94.8%	in=967179	cr=635171186	cc=33849907	out=4534763
2026-06-15T20:29:21+08:00	agent=	session=cefc6c0e-773	cost=0	turns=1381	cache_hit=94.8%	in=967189	cr=637071591	cc=33860051	out=4547504
2026-06-15T20:34:01+08:00	agent=workflow-subagent	session=cefc6c0e-773	cost=0	turns=1381	cache_hit=94.8%	in=967189	cr=637071591	cc=33860051	out=4547504
2026-06-15T20:35:14+08:00	agent=workflow-subagent	session=cefc6c0e-773	cost=0	turns=1381	cache_hit=94.8%	in=967189	cr=637071591	cc=33860051	out=4547504
2026-06-15T20:38:24+08:00	agent=	session=155ead46-aea	cost=0	turns=147	cache_hit=96.4%	in=187289	cr=30654890	cc=964834	out=364049
2026-06-15T20:48:55+08:00	agent=	session=cefc6c0e-773	cost=0	turns=1466	cache_hit=95.1%	in=970170	cr=675331125	cc=34090808	out=4648786
2026-06-15T20:50:12+08:00	agent=	session=cefc6c0e-773	cost=0	turns=1477	cache_hit=95.1%	in=971293	cr=680576936	cc=34098975	out=4654911
2026-06-15T20:52:23+08:00	agent=	session=cefc6c0e-773	cost=0	turns=1486	cache_hit=95.1%	in=971787	cr=684901713	cc=34114720	out=4668222
2026-06-15T20:58:42+08:00	agent=	session=cefc6c0e-773	cost=0	turns=1510	cache_hit=95.2%	in=974643	cr=696664116	cc=34150102	out=4701082
2026-06-15T21:08:21+08:00	agent=	session=cefc6c0e-773	cost=0	turns=1520	cache_hit=95.2%	in=975397	cr=701668897	cc=34161866	out=4711613
2026-06-15T21:52:44+08:00	agent=	session=155ead46-aea	cost=0	turns=156	cache_hit=93.2%	in=190483	cr=32245578	cc=2159231	out=413402
2026-06-15T21:54:55+08:00	agent=workflow-subagent	session=155ead46-aea	cost=0	turns=156	cache_hit=93.2%	in=190483	cr=32245578	cc=2159231	out=413402
2026-06-15T21:56:01+08:00	agent=workflow-subagent	session=155ead46-aea	cost=0	turns=156	cache_hit=93.2%	in=190483	cr=32245578	cc=2159231	out=413402
2026-06-15T21:57:12+08:00	agent=	session=e36b3c2c-a78	cost=0	turns=189	cache_hit=93.1%	in=133903	cr=39902087	cc=2823068	out=503259
2026-06-15T21:58:29+08:00	agent=workflow-subagent	session=155ead46-aea	cost=0	turns=156	cache_hit=93.2%	in=190483	cr=32245578	cc=2159231	out=413402
2026-06-15T22:00:11+08:00	agent=workflow-subagent	session=155ead46-aea	cost=0	turns=156	cache_hit=93.2%	in=190483	cr=32245578	cc=2159231	out=413402
2026-06-15T22:02:03+08:00	agent=	session=84f73136-835	cost=0	turns=650	cache_hit=91.9%	in=696616	cr=188978192	cc=15880449	out=2405526
2026-06-15T22:19:39+08:00	agent=	session=155ead46-aea	cost=0	turns=237	cache_hit=96.0%	in=202372	cr=65759015	cc=2560207	out=624709
2026-06-15T23:26:11+08:00	agent=	session=cefc6c0e-773	cost=0	turns=1549	cache_hit=95.0%	in=978642	cr=714586982	cc=36769062	out=4833678
2026-06-15T23:28:02+08:00	agent=	session=155ead46-aea	cost=0	turns=280	cache_hit=96.8%	in=217033	cr=86588033	cc=2684674	out=736880
2026-06-15T23:37:34+08:00	agent=	session=cefc6c0e-773	cost=0	turns=1620	cache_hit=95.2%	in=981907	cr=755602832	cc=36865875	out=4928310
2026-06-15T23:38:54+08:00	agent=	session=cefc6c0e-773	cost=0	turns=1629	cache_hit=95.3%	in=982401	cr=760995583	cc=36872268	out=4933018
2026-06-15T23:40:56+08:00	agent=	session=cefc6c0e-773	cost=0	turns=1639	cache_hit=95.3%	in=983284	cr=767019806	cc=36886048	out=4944035
2026-06-15T23:42:18+08:00	agent=pr-review-toolkit:code-reviewer	session=cefc6c0e-773	cost=0	turns=1639	cache_hit=95.3%	in=983284	cr=767019806	cc=36886048	out=4944035
2026-06-15T23:42:50+08:00	agent=	session=cefc6c0e-773	cost=0	turns=1644	cache_hit=95.3%	in=987596	cr=770058335	cc=36898165	out=4946737
2026-06-15T23:44:45+08:00	agent=	session=cefc6c0e-773	cost=0	turns=1657	cache_hit=95.4%	in=989367	cr=778031691	cc=36913082	out=4962448
2026-06-15T23:50:28+08:00	agent=	session=cefc6c0e-773	cost=0	turns=1662	cache_hit=95.4%	in=990091	cr=781126321	cc=36915974	out=4966117
2026-06-16T00:00:06+08:00	agent=	session=cefc6c0e-773	cost=0	turns=1672	cache_hit=95.4%	in=990843	cr=787348560	cc=36929339	out=4976837
2026-06-16T00:10:17+08:00	agent=	session=cefc6c0e-773	cost=0	turns=1691	cache_hit=95.5%	in=993407	cr=799429266	cc=36967302	out=5023690
2026-06-16T01:10:46+08:00	agent=	session=84f73136-835	cost=0	turns=690	cache_hit=92.0%	in=698442	cr=207625224	cc=17334434	out=2476120
2026-06-16T01:45:27+08:00	agent=	session=cefc6c0e-773	cost=0	turns=1805	cache_hit=95.8%	in=1002004	cr=879990723	cc=37282136	out=5320455
2026-06-16T02:03:00+08:00	agent=	session=cefc6c0e-773	cost=0	turns=1828	cache_hit=95.9%	in=1003533	cr=897803216	cc=37330049	out=5372535
2026-06-16T02:31:11+08:00	agent=	session=cefc6c0e-773	cost=0	turns=1842	cache_hit=95.9%	in=1005171	cr=908876156	cc=37360776	out=5408041
2026-06-16T02:41:07+08:00	agent=workflow-subagent	session=5bc2d150-444	cost=0	turns=19	cache_hit=67.0%	in=129944	cr=1314968	cc=517630	out=94747
2026-06-16T02:41:42+08:00	agent=workflow-subagent	session=5bc2d150-444	cost=0	turns=19	cache_hit=67.0%	in=129944	cr=1314968	cc=517630	out=94747
2026-06-16T02:41:45+08:00	agent=workflow-subagent	session=5bc2d150-444	cost=0	turns=19	cache_hit=67.0%	in=129944	cr=1314968	cc=517630	out=94747
2026-06-16T02:42:14+08:00	agent=workflow-subagent	session=5bc2d150-444	cost=0	turns=19	cache_hit=67.0%	in=129944	cr=1314968	cc=517630	out=94747
2026-06-16T02:42:30+08:00	agent=workflow-subagent	session=5bc2d150-444	cost=0	turns=19	cache_hit=67.0%	in=129944	cr=1314968	cc=517630	out=94747
2026-06-16T02:44:41+08:00	agent=workflow-subagent	session=5bc2d150-444	cost=0	turns=19	cache_hit=67.0%	in=129944	cr=1314968	cc=517630	out=94747
2026-06-16T02:46:23+08:00	agent=	session=cefc6c0e-773	cost=0	turns=1905	cache_hit=96.1%	in=1009026	cr=961004627	cc=37488880	out=5515005
2026-06-16T02:47:41+08:00	agent=workflow-subagent	session=5bc2d150-444	cost=0	turns=19	cache_hit=67.0%	in=129944	cr=1314968	cc=517630	out=94747
2026-06-16T02:49:12+08:00	agent=workflow-subagent	session=5bc2d150-444	cost=0	turns=19	cache_hit=67.0%	in=129944	cr=1314968	cc=517630	out=94747
2026-06-16T02:49:29+08:00	agent=workflow-subagent	session=5bc2d150-444	cost=0	turns=19	cache_hit=67.0%	in=129944	cr=1314968	cc=517630	out=94747
2026-06-16T02:49:31+08:00	agent=workflow-subagent	session=5bc2d150-444	cost=0	turns=19	cache_hit=67.0%	in=129944	cr=1314968	cc=517630	out=94747
2026-06-16T02:49:33+08:00	agent=workflow-subagent	session=5bc2d150-444	cost=0	turns=19	cache_hit=67.0%	in=129944	cr=1314968	cc=517630	out=94747
2026-06-16T02:49:48+08:00	agent=workflow-subagent	session=5bc2d150-444	cost=0	turns=19	cache_hit=67.0%	in=129944	cr=1314968	cc=517630	out=94747
2026-06-16T02:50:08+08:00	agent=workflow-subagent	session=5bc2d150-444	cost=0	turns=19	cache_hit=67.0%	in=129944	cr=1314968	cc=517630	out=94747
2026-06-16T02:50:12+08:00	agent=workflow-subagent	session=5bc2d150-444	cost=0	turns=19	cache_hit=67.0%	in=129944	cr=1314968	cc=517630	out=94747
2026-06-16T02:50:27+08:00	agent=workflow-subagent	session=5bc2d150-444	cost=0	turns=24	cache_hit=61.9%	in=133287	cr=1616293	cc=859644	out=109829
2026-06-16T02:50:40+08:00	agent=workflow-subagent	session=5bc2d150-444	cost=0	turns=24	cache_hit=61.9%	in=133287	cr=1616293	cc=859644	out=109829
2026-06-16T02:50:48+08:00	agent=workflow-subagent	session=5bc2d150-444	cost=0	turns=24	cache_hit=61.9%	in=133287	cr=1616293	cc=859644	out=109829
2026-06-16T02:51:04+08:00	agent=workflow-subagent	session=5bc2d150-444	cost=0	turns=27	cache_hit=66.9%	in=133590	cr=2012191	cc=863631	out=114347
2026-06-16T02:51:24+08:00	agent=workflow-subagent	session=5bc2d150-444	cost=0	turns=27	cache_hit=66.9%	in=133590	cr=2012191	cc=863631	out=114347
2026-06-16T02:51:27+08:00	agent=workflow-subagent	session=5bc2d150-444	cost=0	turns=27	cache_hit=66.9%	in=133590	cr=2012191	cc=863631	out=114347
2026-06-16T02:53:03+08:00	agent=workflow-subagent	session=5bc2d150-444	cost=0	turns=34	cache_hit=74.3%	in=134120	cr=2953960	cc=888391	out=130979
2026-06-16T02:53:23+08:00	agent=	session=cefc6c0e-773	cost=0	turns=1931	cache_hit=96.2%	in=1010199	cr=983244212	cc=37532681	out=5553114
2026-06-16T02:54:54+08:00	agent=workflow-subagent	session=5bc2d150-444	cost=0	turns=40	cache_hit=78.4%	in=134132	cr=3799766	cc=913813	out=158399
2026-06-16T03:00:22+08:00	agent=workflow-subagent	session=5bc2d150-444	cost=0	turns=40	cache_hit=78.4%	in=134132	cr=3799766	cc=913813	out=158399
2026-06-16T03:03:17+08:00	agent=	session=cefc6c0e-773	cost=0	turns=1979	cache_hit=96.4%	in=1012427	cr=1025161705	cc=37585811	out=5604442
2026-06-16T03:08:04+08:00	agent=	session=cefc6c0e-773	cost=0	turns=1985	cache_hit=96.4%	in=1012915	cr=1030480079	cc=37593945	out=5611904
2026-06-16T03:09:23+08:00	agent=	session=cefc6c0e-773	cost=0	turns=1992	cache_hit=96.4%	in=1014543	cr=1036712731	cc=37601617	out=5616928
2026-06-16T03:14:33+08:00	agent=	session=cefc6c0e-773	cost=0	turns=1996	cache_hit=96.4%	in=1016159	cr=1040286119	cc=37605539	out=5619196
2026-06-16T03:29:07+08:00	agent=	session=cefc6c0e-773	cost=0	turns=2016	cache_hit=96.5%	in=1018202	cr=1058293659	cc=37630885	out=5642612
2026-06-16T03:36:07+08:00	agent=	session=cefc6c0e-773	cost=0	turns=2053	cache_hit=96.6%	in=1019848	cr=1092254472	cc=37676785	out=5686859
2026-06-16T03:37:45+08:00	agent=	session=84f73136-835	cost=0	turns=713	cache_hit=91.8%	in=702331	cr=218329385	cc=18924672	out=2569419
2026-06-16T03:38:26+08:00	agent=	session=155ead46-aea	cost=0	turns=315	cache_hit=95.8%	in=218978	cr=103633474	cc=4292178	out=854420
2026-06-16T03:39:06+08:00	agent=	session=cefc6c0e-773	cost=0	turns=2059	cache_hit=96.6%	in=1020723	cr=1097821609	cc=37684890	out=5696242
2026-06-16T03:40:29+08:00	agent=workflow-subagent	session=155ead46-aea	cost=0	turns=315	cache_hit=95.8%	in=218978	cr=103633474	cc=4292178	out=854420
2026-06-16T03:40:44+08:00	agent=workflow-subagent	session=155ead46-aea	cost=0	turns=315	cache_hit=95.8%	in=218978	cr=103633474	cc=4292178	out=854420
2026-06-16T03:44:18+08:00	agent=workflow-subagent	session=155ead46-aea	cost=0	turns=315	cache_hit=95.8%	in=218978	cr=103633474	cc=4292178	out=854420
2026-06-16T03:46:40+08:00	agent=	session=155ead46-aea	cost=0	turns=326	cache_hit=96.0%	in=223380	cr=109834072	cc=4354820	out=876930
2026-06-16T03:50:29+08:00	agent=	session=cefc6c0e-773	cost=0	turns=2091	cache_hit=96.7%	in=1025826	cr=1128093987	cc=37752188	out=5759827
2026-06-16T03:58:24+08:00	agent=	session=cefc6c0e-773	cost=0	turns=2111	cache_hit=96.7%	in=1027116	cr=1147320301	cc=37771612	out=5778537
2026-06-16T04:00:17+08:00	agent=	session=155ead46-aea	cost=0	turns=355	cache_hit=96.5%	in=224668	cr=127141048	cc=4436220	out=963775
2026-06-16T04:32:54+08:00	agent=	session=cefc6c0e-773	cost=0	turns=2300	cache_hit=96.7%	in=1228198	cr=1182650567	cc=38502025	out=5962471
2026-06-16T05:20:11+08:00	agent=	session=cefc6c0e-773	cost=0	turns=2427	cache_hit=96.8%	in=1238958	cr=1220219316	cc=39429339	out=6172661
2026-06-16T05:21:55+08:00	agent=	session=cefc6c0e-773	cost=0	turns=2435	cache_hit=96.8%	in=1240072	cr=1223002653	cc=39436596	out=6181188
2026-06-16T09:45:43+08:00	agent=	session=cefc6c0e-773	cost=0	turns=2510	cache_hit=96.8%	in=1250395	cr=1250623141	cc=40681033	out=6315862
2026-06-16T09:49:33+08:00	agent=	session=84f73136-835	cost=0	turns=729	cache_hit=91.3%	in=703206	cr=225913279	cc=20729911	out=2684929
2026-06-16T10:08:43+08:00	agent=	session=84f73136-835	cost=0	turns=784	cache_hit=92.3%	in=705611	cr=261819448	cc=20994399	out=2917163
2026-06-16T16:08:28+08:00	agent=	session=ee9178c5-801	cost=0	turns=2753	cache_hit=95.1%	in=2302966	cr=1015259849	cc=49810678	out=8018420
2026-06-16T16:14:43+08:00	agent=	session=cefc6c0e-773	cost=0	turns=2552	cache_hit=96.7%	in=1255872	cr=1267103003	cc=42100103	out=6445736
2026-06-16T16:15:04+08:00	agent=Explore	session=cefc6c0e-773	cost=0	turns=2552	cache_hit=96.7%	in=1255872	cr=1267103003	cc=42100103	out=6445736
2026-06-16T16:15:07+08:00	agent=Explore	session=cefc6c0e-773	cost=0	turns=2552	cache_hit=96.7%	in=1255872	cr=1267103003	cc=42100103	out=6445736
2026-06-16T16:15:10+08:00	agent=Explore	session=cefc6c0e-773	cost=0	turns=2552	cache_hit=96.7%	in=1255872	cr=1267103003	cc=42100103	out=6445736
2026-06-16T16:15:12+08:00	agent=Explore	session=cefc6c0e-773	cost=0	turns=2552	cache_hit=96.7%	in=1255872	cr=1267103003	cc=42100103	out=6445736
2026-06-16T16:15:20+08:00	agent=Explore	session=cefc6c0e-773	cost=0	turns=2552	cache_hit=96.7%	in=1255872	cr=1267103003	cc=42100103	out=6445736
2026-06-16T16:15:22+08:00	agent=Explore	session=cefc6c0e-773	cost=0	turns=2552	cache_hit=96.7%	in=1255872	cr=1267103003	cc=42100103	out=6445736
2026-06-16T16:15:25+08:00	agent=Explore	session=cefc6c0e-773	cost=0	turns=2552	cache_hit=96.7%	in=1255872	cr=1267103003	cc=42100103	out=6445736
2026-06-16T16:15:29+08:00	agent=Explore	session=cefc6c0e-773	cost=0	turns=2552	cache_hit=96.7%	in=1255872	cr=1267103003	cc=42100103	out=6445736
2026-06-16T16:15:31+08:00	agent=Explore	session=cefc6c0e-773	cost=0	turns=2552	cache_hit=96.7%	in=1255872	cr=1267103003	cc=42100103	out=6445736
2026-06-16T16:15:36+08:00	agent=Explore	session=cefc6c0e-773	cost=0	turns=2552	cache_hit=96.7%	in=1255872	cr=1267103003	cc=42100103	out=6445736
2026-06-16T16:15:46+08:00	agent=Explore	session=cefc6c0e-773	cost=0	turns=2552	cache_hit=96.7%	in=1255872	cr=1267103003	cc=42100103	out=6445736
2026-06-16T16:16:37+08:00	agent=Explore	session=cefc6c0e-773	cost=0	turns=2552	cache_hit=96.7%	in=1255872	cr=1267103003	cc=42100103	out=6445736
2026-06-16T16:16:41+08:00	agent=	session=84f73136-835	cost=0	turns=807	cache_hit=92.0%	in=706887	cr=275880213	cc=23124463	out=2965164
2026-06-16T16:17:11+08:00	agent=Explore	session=cefc6c0e-773	cost=0	turns=2552	cache_hit=96.7%	in=1255872	cr=1267103003	cc=42100103	out=6445736
2026-06-16T16:22:41+08:00	agent=workflow-subagent	session=cefc6c0e-773	cost=0	turns=2552	cache_hit=96.7%	in=1255872	cr=1267103003	cc=42100103	out=6445736
2026-06-16T16:24:16+08:00	agent=	session=cefc6c0e-773	cost=0	turns=2561	cache_hit=96.7%	in=1276182	cr=1271303943	cc=42136777	out=6456637
2026-06-16T18:29:41+08:00	agent=	session=84f73136-835	cost=0	turns=847	cache_hit=92.1%	in=711774	cr=302584690	cc=25416176	out=3125473
2026-06-16T18:31:16+08:00	agent=	session=cefc6c0e-773	cost=0	turns=2561	cache_hit=96.7%	in=1276182	cr=1271303943	cc=42136777	out=6456637
2026-06-16T18:31:59+08:00	agent=Explore	session=ee9178c5-801	cost=0	turns=2761	cache_hit=95.0%	in=2596516	cr=1015400877	cc=50390822	out=8133700
2026-06-16T18:32:34+08:00	agent=Explore	session=ee9178c5-801	cost=0	turns=2761	cache_hit=95.0%	in=2596516	cr=1015400877	cc=50390822	out=8133700
2026-06-16T18:32:41+08:00	agent=Explore	session=ee9178c5-801	cost=0	turns=2761	cache_hit=95.0%	in=2596516	cr=1015400877	cc=50390822	out=8133700
2026-06-16T18:34:12+08:00	agent=researcher	session=ee9178c5-801	cost=0	turns=2761	cache_hit=95.0%	in=2596516	cr=1015400877	cc=50390822	out=8133700
2026-06-16T18:34:33+08:00	agent=researcher	session=ee9178c5-801	cost=0	turns=2761	cache_hit=95.0%	in=2596516	cr=1015400877	cc=50390822	out=8133700
2026-06-16T18:35:02+08:00	agent=researcher	session=ee9178c5-801	cost=0	turns=2761	cache_hit=95.0%	in=2596516	cr=1015400877	cc=50390822	out=8133700
2026-06-16T18:35:06+08:00	agent=researcher	session=ee9178c5-801	cost=0	turns=2761	cache_hit=95.0%	in=2596516	cr=1015400877	cc=50390822	out=8133700
2026-06-16T18:36:42+08:00	agent=	session=cefc6c0e-773	cost=0	turns=2587	cache_hit=96.7%	in=1365226	cr=1273894395	cc=42425865	out=6512333
2026-06-16T18:38:04+08:00	agent=workflow-subagent	session=ee9178c5-801	cost=0	turns=2761	cache_hit=95.0%	in=2596516	cr=1015400877	cc=50390822	out=8133700
2026-06-16T18:55:44+08:00	agent=	session=cefc6c0e-773	cost=0	turns=2598	cache_hit=96.7%	in=1366349	cr=1275350501	cc=42465335	out=6553481
2026-06-16T19:00:13+08:00	agent=	session=155ead46-aea	cost=0	turns=378	cache_hit=95.5%	in=226202	cr=139788735	cc=6316972	out=1027362
2026-06-16T19:12:36+08:00	agent=	session=ee9178c5-801	cost=0	turns=2892	cache_hit=95.1%	in=2608106	cr=1046614991	cc=50809692	out=8398592
2026-06-16T19:14:20+08:00	agent=	session=155ead46-aea	cost=0	turns=397	cache_hit=95.8%	in=227587	cr=152153409	cc=6364129	out=1073914
2026-06-16T19:30:23+08:00	agent=	session=155ead46-aea	cost=0	turns=410	cache_hit=96.0%	in=229512	cr=160861500	cc=6392457	out=1108420
2026-06-16T19:30:57+08:00	agent=workflow-subagent	session=155ead46-aea	cost=0	turns=410	cache_hit=96.0%	in=229512	cr=160861500	cc=6392457	out=1108420
2026-06-16T19:31:37+08:00	agent=workflow-subagent	session=155ead46-aea	cost=0	turns=413	cache_hit=96.1%	in=230232	cr=162891003	cc=6393891	out=1120687
2026-06-16T19:33:59+08:00	agent=	session=84f73136-835	cost=0	turns=875	cache_hit=92.5%	in=716498	cr=324778494	cc=25550199	out=3233831
2026-06-16T19:38:02+08:00	agent=	session=155ead46-aea	cost=0	turns=437	cache_hit=96.4%	in=243246	cr=179625666	cc=6484766	out=1193522
2026-06-16T19:38:43+08:00	agent=	session=cefc6c0e-773	cost=0	turns=2643	cache_hit=96.7%	in=1487729	cr=1283551924	cc=42759491	out=6690074
2026-06-16T20:13:50+08:00	agent=	session=cefc6c0e-773	cost=0	turns=2677	cache_hit=96.7%	in=1490623	cr=1292834281	cc=42901884	out=6813450
2026-06-16T20:20:33+08:00	agent=	session=155ead46-aea	cost=0	turns=474	cache_hit=96.8%	in=246233	cr=207285906	cc=6662971	out=1342561
2026-06-16T21:30:26+08:00	agent=	session=84f73136-835	cost=0	turns=935	cache_hit=92.8%	in=720413	cr=373321074	cc=28172476	out=3357842
2026-06-16T21:40:40+08:00	agent=	session=cefc6c0e-773	cost=0	turns=2800	cache_hit=96.8%	in=1497733	cr=1336916842	cc=43142254	out=7001372
2026-06-16T21:42:45+08:00	agent=	session=cefc6c0e-773	cost=0	turns=2805	cache_hit=96.8%	in=1499677	cr=1338890247	cc=43146116	out=7016890
2026-06-16T21:49:25+08:00	agent=	session=155ead46-aea	cost=0	turns=559	cache_hit=96.7%	in=264628	cr=274197503	cc=9178926	out=1552476
2026-06-16T22:01:44+08:00	agent=	session=cefc6c0e-773	cost=0	turns=2807	cache_hit=96.8%	in=1500157	cr=1339698487	cc=43146192	out=7031488
2026-06-16T22:02:22+08:00	agent=	session=84f73136-835	cost=0	turns=973	cache_hit=93.4%	in=723402	cr=407427553	cc=28288134	out=3464695
2026-06-16T22:04:17+08:00	agent=	session=155ead46-aea	cost=0	turns=579	cache_hit=96.8%	in=265769	cr=291574783	cc=9235093	out=1606125
2026-06-16T22:40:26+08:00	agent=	session=84f73136-835	cost=0	turns=996	cache_hit=93.6%	in=727525	cr=429153982	cc=28378776	out=3555929
2026-06-16T22:48:59+08:00	agent=	session=155ead46-aea	cost=0	turns=594	cache_hit=97.0%	in=266900	cr=304874713	cc=9251975	out=1630833
2026-06-16T23:27:24+08:00	agent=	session=70510bcb-b3b	cost=0	turns=904	cache_hit=93.4%	in=437224	cr=384539884	cc=26764930	out=2520604
2026-06-16T23:30:49+08:00	agent=researcher	session=70510bcb-b3b	cost=0	turns=904	cache_hit=93.4%	in=437224	cr=384539884	cc=26764930	out=2520604
2026-06-16T23:30:57+08:00	agent=researcher	session=70510bcb-b3b	cost=0	turns=904	cache_hit=93.4%	in=437224	cr=384539884	cc=26764930	out=2520604
2026-06-16T23:32:56+08:00	agent=researcher	session=70510bcb-b3b	cost=0	turns=904	cache_hit=93.4%	in=437224	cr=384539884	cc=26764930	out=2520604
2026-06-16T23:35:48+08:00	agent=	session=cefc6c0e-773	cost=0	turns=2827	cache_hit=96.7%	in=1501298	cr=1346943127	cc=44370917	out=7106485
2026-06-16T23:36:17+08:00	agent=workflow-subagent	session=70510bcb-b3b	cost=0	turns=904	cache_hit=93.4%	in=437224	cr=384539884	cc=26764930	out=2520604
2026-06-16T23:38:06+08:00	agent=	session=70510bcb-b3b	cost=0	turns=912	cache_hit=93.5%	in=441161	cr=389610134	cc=26804801	out=2533924
2026-06-16T23:39:54+08:00	agent=	session=cefc6c0e-773	cost=0	turns=2830	cache_hit=96.7%	in=1501667	cr=1348263215	cc=44372554	out=7116290
2026-06-17T00:13:33+08:00	agent=	session=84f73136-835	cost=0	turns=999	cache_hit=93.1%	in=729670	cr=429153982	cc=31272327	out=3563723
2026-06-17T00:26:54+08:00	agent=	session=84f73136-835	cost=0	turns=1065	cache_hit=93.1%	in=794410	cr=436386463	cc=31598102	out=3673268
2026-06-17T00:40:32+08:00	agent=	session=84f73136-835	cost=0	turns=1110	cache_hit=93.1%	in=805458	cr=444149104	cc=31938057	out=3791659
2026-06-17T00:49:56+08:00	agent=	session=cefc6c0e-773	cost=0	turns=2835	cache_hit=96.6%	in=1502520	cr=1349154547	cc=45720840	out=7136896
2026-06-17T01:21:30+08:00	agent=workflow-subagent	session=84f73136-835	cost=0	turns=1141	cache_hit=93.2%	in=810650	cr=451137191	cc=32051596	out=3886377
2026-06-17T01:21:45+08:00	agent=	session=84f73136-835	cost=0	turns=1143	cache_hit=93.2%	in=810654	cr=451626777	cc=32052734	out=3887901
2026-06-17T01:22:07+08:00	agent=workflow-subagent	session=84f73136-835	cost=0	turns=1143	cache_hit=93.2%	in=810654	cr=451626777	cc=32052734	out=3887901
2026-06-17T01:22:12+08:00	agent=workflow-subagent	session=84f73136-835	cost=0	turns=1143	cache_hit=93.2%	in=810654	cr=451626777	cc=32052734	out=3887901
2026-06-17T01:22:22+08:00	agent=workflow-subagent	session=84f73136-835	cost=0	turns=1143	cache_hit=93.2%	in=810654	cr=451626777	cc=32052734	out=3887901
2026-06-17T01:26:33+08:00	agent=workflow-subagent	session=84f73136-835	cost=0	turns=1143	cache_hit=93.2%	in=810654	cr=451626777	cc=32052734	out=3887901
2026-06-17T01:57:21+08:00	agent=	session=cefc6c0e-773	cost=0	turns=2866	cache_hit=96.6%	in=1509740	cr=1363509350	cc=45891320	out=7269256
2026-06-17T02:01:30+08:00	agent=	session=155ead46-aea	cost=0	turns=645	cache_hit=96.6%	in=283667	cr=349555861	cc=12057906	out=1782311
2026-06-17T02:21:41+08:00	agent=	session=84f73136-835	cost=0	turns=1226	cache_hit=93.5%	in=831747	cr=474872807	cc=32238814	out=4028501
2026-06-17T02:30:14+08:00	agent=	session=cefc6c0e-773	cost=0	turns=2877	cache_hit=96.7%	in=1512159	cr=1369267081	cc=45944725	out=7320439
2026-06-17T03:08:09+08:00	agent=	session=155ead46-aea	cost=0	turns=651	cache_hit=95.9%	in=284393	cr=352496422	cc=14905998	out=1786169
2026-06-17T03:12:22+08:00	agent=	session=155ead46-aea	cost=0	turns=694	cache_hit=95.9%	in=333554	cr=356057883	cc=15066018	out=1815987
2026-06-17T03:17:47+08:00	agent=	session=cefc6c0e-773	cost=0	turns=2896	cache_hit=96.7%	in=1514465	cr=1379634348	cc=45995985	out=7367434
2026-06-17T03:20:05+08:00	agent=	session=ee9178c5-801	cost=0	turns=2900	cache_hit=95.1%	in=2608965	cr=1048158368	cc=51765865	out=8444782
2026-06-17T03:21:29+08:00	agent=	session=84f73136-835	cost=0	turns=1286	cache_hit=93.7%	in=851550	cr=497226383	cc=32425480	out=4159556
2026-06-17T03:22:00+08:00	agent=general-purpose	session=ee9178c5-801	cost=0	turns=2900	cache_hit=95.1%	in=2608965	cr=1048158368	cc=51765865	out=8444782
2026-06-17T03:22:11+08:00	agent=general-purpose	session=ee9178c5-801	cost=0	turns=2900	cache_hit=95.1%	in=2608965	cr=1048158368	cc=51765865	out=8444782
2026-06-17T03:22:22+08:00	agent=general-purpose	session=ee9178c5-801	cost=0	turns=2900	cache_hit=95.1%	in=2608965	cr=1048158368	cc=51765865	out=8444782
2026-06-17T03:22:26+08:00	agent=general-purpose	session=ee9178c5-801	cost=0	turns=2900	cache_hit=95.1%	in=2608965	cr=1048158368	cc=51765865	out=8444782
2026-06-17T03:22:40+08:00	agent=general-purpose	session=ee9178c5-801	cost=0	turns=2900	cache_hit=95.1%	in=2608965	cr=1048158368	cc=51765865	out=8444782
2026-06-17T03:25:15+08:00	agent=general-purpose	session=ee9178c5-801	cost=0	turns=2900	cache_hit=95.1%	in=2608965	cr=1048158368	cc=51765865	out=8444782
2026-06-17T03:27:11+08:00	agent=workflow-subagent	session=ee9178c5-801	cost=0	turns=2900	cache_hit=95.1%	in=2608965	cr=1048158368	cc=51765865	out=8444782
2026-06-17T03:37:30+08:00	agent=	session=84f73136-835	cost=0	turns=1312	cache_hit=93.8%	in=852832	cr=508115783	cc=32483551	out=4224098
2026-06-17T03:40:02+08:00	agent=	session=ee9178c5-801	cost=0	turns=2938	cache_hit=95.1%	in=2614915	cr=1061619238	cc=51934975	out=8574679
2026-06-17T03:43:47+08:00	agent=	session=84f73136-835	cost=0	turns=1325	cache_hit=93.9%	in=853701	cr=513907137	cc=32519609	out=4276325
2026-06-17T04:05:39+08:00	agent=	session=84f73136-835	cost=0	turns=1394	cache_hit=94.2%	in=984651	cr=549352204	cc=32849931	out=4461422
2026-06-17T04:27:30+08:00	agent=	session=bf970ee2-59c	cost=0	turns=60	cache_hit=85.1%	in=111444	cr=10101106	cc=1663320	out=250225
2026-06-17T04:29:55+08:00	agent=workflow-subagent	session=bf970ee2-59c	cost=0	turns=60	cache_hit=85.1%	in=111444	cr=10101106	cc=1663320	out=250225
2026-06-17T04:30:17+08:00	agent=	session=84f73136-835	cost=0	turns=1425	cache_hit=94.4%	in=993149	cr=567800543	cc=32921425	out=4539651
2026-06-17T04:30:39+08:00	agent=workflow-subagent	session=bf970ee2-59c	cost=0	turns=60	cache_hit=85.1%	in=111444	cr=10101106	cc=1663320	out=250225
2026-06-17T04:30:49+08:00	agent=workflow-subagent	session=bf970ee2-59c	cost=0	turns=60	cache_hit=85.1%	in=111444	cr=10101106	cc=1663320	out=250225
2026-06-17T04:33:02+08:00	agent=	session=84f73136-835	cost=0	turns=1432	cache_hit=94.4%	in=994348	cr=572103344	cc=32928668	out=4546394
2026-06-17T04:34:00+08:00	agent=workflow-subagent	session=bf970ee2-59c	cost=0	turns=60	cache_hit=85.1%	in=111444	cr=10101106	cc=1663320	out=250225
2026-06-17T04:39:58+08:00	agent=workflow-subagent	session=bf970ee2-59c	cost=0	turns=60	cache_hit=85.1%	in=111444	cr=10101106	cc=1663320	out=250225
2026-06-17T04:47:44+08:00	agent=	session=cefc6c0e-773	cost=0	turns=2898	cache_hit=96.7%	in=1515809	cr=1380747710	cc=45996081	out=7376914
2026-06-17T04:50:03+08:00	agent=	session=84f73136-835	cost=0	turns=1466	cache_hit=94.6%	in=1011711	cr=593560772	cc=33009604	out=4603866
2026-06-17T04:53:44+08:00	agent=	session=bf970ee2-59c	cost=0	turns=137	cache_hit=92.5%	in=119863	cr=35831662	cc=2776769	out=472048
2026-06-17T11:35:40+08:00	agent=	session=bf970ee2-59c	cost=0	turns=174	cache_hit=92.4%	in=121677	cr=49197811	cc=3942733	out=564634
2026-06-17T11:36:33+08:00	agent=	session=cefc6c0e-773	cost=0	turns=2902	cache_hit=96.6%	in=1517633	cr=1381872030	cc=47128957	out=7389894
2026-06-17T12:16:46+08:00	agent=	session=84f73136-835	cost=0	turns=1501	cache_hit=94.3%	in=1018792	cr=612754027	cc=36300153	out=4651569
2026-06-17T12:24:08+08:00	agent=	session=cefc6c0e-773	cost=0	turns=2910	cache_hit=96.6%	in=1520046	cr=1386440081	cc=47149237	out=7412262
2026-06-17T12:30:46+08:00	agent=	session=cefc6c0e-773	cost=0	turns=2917	cache_hit=96.6%	in=1522070	cr=1390532422	cc=47161865	out=7430627
2026-06-17T13:04:05+08:00	agent=	session=cefc6c0e-773	cost=0	turns=2925	cache_hit=96.6%	in=1524438	cr=1395285366	cc=47180870	out=7453340
2026-06-17T13:07:49+08:00	agent=	session=cefc6c0e-773	cost=0	turns=2930	cache_hit=96.6%	in=1525162	cr=1398304341	cc=47192106	out=7471443
2026-06-17T13:13:12+08:00	agent=	session=cefc6c0e-773	cost=0	turns=2934	cache_hit=96.6%	in=1525884	cr=1400759366	cc=47197791	out=7488805
2026-06-17T13:17:56+08:00	agent=	session=cefc6c0e-773	cost=0	turns=2940	cache_hit=96.6%	in=1526154	cr=1404512999	cc=47226644	out=7498077
2026-06-17T13:19:34+08:00	agent=	session=cefc6c0e-773	cost=0	turns=2942	cache_hit=96.6%	in=1526158	cr=1405777765	cc=47228562	out=7502496
2026-06-17T15:59:10+08:00	agent=	session=155ead46-aea	cost=0	turns=694	cache_hit=95.9%	in=333554	cr=356057883	cc=15066018	out=1815987
2026-06-17T17:15:35+08:00	agent=	session=cefc6c0e-773	cost=0	turns=2942	cache_hit=96.6%	in=1526158	cr=1405777765	cc=47228562	out=7502496
2026-06-17T17:20:26+08:00	agent=workflow-subagent	session=cefc6c0e-773	cost=0	turns=2947	cache_hit=96.6%	in=1635581	cr=1406008816	cc=47470556	out=7542854
2026-06-17T17:21:09+08:00	agent=workflow-subagent	session=cefc6c0e-773	cost=0	turns=2947	cache_hit=96.6%	in=1635581	cr=1406008816	cc=47470556	out=7542854
2026-06-17T17:21:13+08:00	agent=workflow-subagent	session=cefc6c0e-773	cost=0	turns=2947	cache_hit=96.6%	in=1635581	cr=1406008816	cc=47470556	out=7542854
2026-06-17T17:21:28+08:00	agent=workflow-subagent	session=cefc6c0e-773	cost=0	turns=2947	cache_hit=96.6%	in=1635581	cr=1406008816	cc=47470556	out=7542854
2026-06-17T17:21:33+08:00	agent=workflow-subagent	session=cefc6c0e-773	cost=0	turns=2947	cache_hit=96.6%	in=1635581	cr=1406008816	cc=47470556	out=7542854
2026-06-17T17:36:37+08:00	agent=	session=cefc6c0e-773	cost=0	turns=2998	cache_hit=96.6%	in=1754507	cr=1416361010	cc=47939167	out=7724543
2026-06-17T17:42:39+08:00	agent=	session=cefc6c0e-773	cost=0	turns=3023	cache_hit=96.6%	in=1757212	cr=1423759480	cc=48007934	out=7787922
2026-06-17T17:58:22+08:00	agent=	session=cefc6c0e-773	cost=0	turns=3071	cache_hit=96.6%	in=1768165	cr=1440427488	cc=48160292	out=7934501
2026-06-17T18:01:37+08:00	agent=	session=cefc6c0e-773	cost=0	turns=3077	cache_hit=96.7%	in=1770187	cr=1442717055	cc=48168836	out=7959056
2026-06-17T18:47:59+08:00	agent=	session=cefc6c0e-773	cost=0	turns=3086	cache_hit=96.7%	in=1772602	cr=1446277162	cc=48204794	out=8014536
2026-06-17T20:05:52+08:00	agent=	session=cefc6c0e-773	cost=0	turns=3095	cache_hit=96.6%	in=1774630	cr=1448831842	cc=49464844	out=8057893
2026-06-17T20:11:16+08:00	agent=	session=cefc6c0e-773	cost=0	turns=3109	cache_hit=96.6%	in=1777052	cr=1454924376	cc=49506922	out=8099087
2026-06-17T21:30:48+08:00	agent=	session=cefc6c0e-773	cost=0	turns=3109	cache_hit=96.6%	in=1777052	cr=1454924376	cc=49506922	out=8099087
2026-06-17T21:54:07+08:00	agent=Explore	session=cefc6c0e-773	cost=0	turns=3114	cache_hit=96.6%	in=1989987	cr=1455061091	cc=49725737	out=8142212
2026-06-17T21:54:13+08:00	agent=Explore	session=cefc6c0e-773	cost=0	turns=3114	cache_hit=96.6%	in=1989987	cr=1455061091	cc=49725737	out=8142212
2026-06-17T21:54:17+08:00	agent=Explore	session=cefc6c0e-773	cost=0	turns=3114	cache_hit=96.6%	in=1989987	cr=1455061091	cc=49725737	out=8142212
2026-06-17T22:42:31+08:00	agent=	session=cefc6c0e-773	cost=0	turns=3239	cache_hit=96.6%	in=2106360	cr=1483518614	cc=50664548	out=8520506
2026-06-17T23:01:21+08:00	agent=	session=cefc6c0e-773	cost=0	turns=3295	cache_hit=96.6%	in=2111905	cr=1504070487	cc=50785429	out=8638520
2026-06-17T23:36:02+08:00	agent=Explore	session=401038d3-941	cost=0	turns=6	cache_hit=18.2%	in=178375	cr=81965	cc=189295	out=30070
2026-06-17T23:36:16+08:00	agent=Explore	session=401038d3-941	cost=0	turns=6	cache_hit=18.2%	in=178375	cr=81965	cc=189295	out=30070
2026-06-17T23:36:37+08:00	agent=	session=cefc6c0e-773	cost=0	turns=3320	cache_hit=96.6%	in=2157111	cr=1513988075	cc=50884362	out=8690570
2026-06-17T23:39:51+08:00	agent=Explore	session=401038d3-941	cost=0	turns=6	cache_hit=18.2%	in=178375	cr=81965	cc=189295	out=30070
2026-06-17T23:47:25+08:00	agent=	session=cefc6c0e-773	cost=0	turns=3343	cache_hit=96.6%	in=2158000	cr=1524103240	cc=50930404	out=8739453
2026-06-18T00:39:38+08:00	agent=	session=cefc6c0e-773	cost=0	turns=3365	cache_hit=96.7%	in=2160699	cr=1534241832	cc=50974788	out=8788207
2026-06-18T00:41:33+08:00	agent=	session=401038d3-941	cost=0	turns=78	cache_hit=91.9%	in=189422	cr=12272173	cc=892164	out=224521
2026-06-18T00:46:21+08:00	agent=	session=5bc2d150-444	cost=0	turns=115	cache_hit=89.3%	in=195106	cr=23680294	cc=2629127	out=680168
2026-06-18T00:49:16+08:00	agent=	session=cefc6c0e-773	cost=0	turns=3397	cache_hit=96.7%	in=2163031	cr=1549969442	cc=51057800	out=8873032
2026-06-18T00:59:02+08:00	agent=	session=cefc6c0e-773	cost=0	turns=3407	cache_hit=96.7%	in=2164152	cr=1555077310	cc=51073626	out=8885946
2026-06-18T01:03:21+08:00	agent=	session=5bc2d150-444	cost=0	turns=138	cache_hit=92.0%	in=196628	cr=33216841	cc=2705398	out=740111
2026-06-18T01:31:33+08:00	agent=	session=5bc2d150-444	cost=0	turns=140	cache_hit=92.1%	in=198236	cr=34087125	cc=2705836	out=742125
2026-06-18T01:49:56+08:00	agent=	session=5bc2d150-444	cost=0	turns=151	cache_hit=93.0%	in=199734	cr=38947697	cc=2746966	out=784513
2026-06-18T02:00:01+08:00	agent=	session=5bc2d150-444	cost=0	turns=198	cache_hit=95.1%	in=202420	cr=61423541	cc=2957180	out=947111
2026-06-18T02:12:56+08:00	agent=	session=cefc6c0e-773	cost=0	turns=3452	cache_hit=96.7%	in=2166117	cr=1580186328	cc=51277843	out=9075456
2026-06-18T02:15:13+08:00	agent=	session=70510bcb-b3b	cost=0	turns=981	cache_hit=93.7%	in=448037	cr=434829874	cc=28959847	out=2704842
2026-06-18T02:21:30+08:00	agent=	session=5bc2d150-444	cost=0	turns=249	cache_hit=96.4%	in=206077	cr=88331702	cc=3124539	out=1064350
2026-06-18T02:23:30+08:00	agent=researcher	session=70510bcb-b3b	cost=0	turns=986	cache_hit=93.7%	in=450057	cr=438371192	cc=28977476	out=2729492
2026-06-18T02:24:16+08:00	agent=researcher	session=70510bcb-b3b	cost=0	turns=986	cache_hit=93.7%	in=450057	cr=438371192	cc=28977476	out=2729492
2026-06-18T02:25:44+08:00	agent=researcher	session=70510bcb-b3b	cost=0	turns=986	cache_hit=93.7%	in=450057	cr=438371192	cc=28977476	out=2729492
2026-06-18T02:28:35+08:00	agent=workflow-subagent	session=70510bcb-b3b	cost=0	turns=986	cache_hit=93.7%	in=450057	cr=438371192	cc=28977476	out=2729492
2026-06-18T02:29:20+08:00	agent=	session=5bc2d150-444	cost=0	turns=275	cache_hit=96.8%	in=208112	cr=103230237	cc=3190907	out=1119893
2026-06-18T02:30:30+08:00	agent=	session=70510bcb-b3b	cost=0	turns=994	cache_hit=93.8%	in=454147	cr=444163801	cc=29035296	out=2745240
2026-06-18T02:36:01+08:00	agent=Explore	session=401038d3-941	cost=0	turns=88	cache_hit=84.7%	in=203790	cr=13261153	cc=2195104	out=279543
2026-06-18T02:38:54+08:00	agent=Explore	session=401038d3-941	cost=0	turns=88	cache_hit=84.7%	in=203790	cr=13261153	cc=2195104	out=279543
2026-06-18T02:43:43+08:00	agent=	session=5bc2d150-444	cost=0	turns=280	cache_hit=96.9%	in=209331	cr=106162795	cc=3198507	out=1134961
2026-06-18T02:45:20+08:00	agent=	session=70510bcb-b3b	cost=0	turns=1014	cache_hit=94.0%	in=455288	cr=459118172	cc=29069102	out=2776935
2026-06-18T02:50:08+08:00	agent=	session=cefc6c0e-773	cost=0	turns=3524	cache_hit=96.8%	in=2187111	cr=1626260086	cc=51453990	out=9225278
2026-06-18T02:52:21+08:00	agent=	session=cefc6c0e-773	cost=0	turns=3536	cache_hit=96.8%	in=2187867	cr=1634363274	cc=51469439	out=9243453
2026-06-18T02:59:43+08:00	agent=	session=5bc2d150-444	cost=0	turns=282	cache_hit=96.9%	in=210925	cr=107353559	cc=3199361	out=1149273
2026-06-18T03:12:47+08:00	agent=	session=5bc2d150-444	cost=0	turns=284	cache_hit=97.0%	in=212519	cr=108561079	cc=3200107	out=1161735
2026-06-18T03:20:03+08:00	agent=	session=5bc2d150-444	cost=0	turns=292	cache_hit=97.1%	in=214008	cr=113469206	cc=3231348	out=1194388
2026-06-18T03:20:42+08:00	agent=Explore	session=cefc6c0e-773	cost=0	turns=3543	cache_hit=96.8%	in=2201627	cr=1639138792	cc=51541113	out=9307349
2026-06-18T03:20:50+08:00	agent=Explore	session=cefc6c0e-773	cost=0	turns=3543	cache_hit=96.8%	in=2201627	cr=1639138792	cc=51541113	out=9307349
2026-06-18T03:21:03+08:00	agent=Explore	session=cefc6c0e-773	cost=0	turns=3543	cache_hit=96.8%	in=2201627	cr=1639138792	cc=51541113	out=9307349
2026-06-18T03:40:32+08:00	agent=	session=cefc6c0e-773	cost=0	turns=3568	cache_hit=96.8%	in=2214731	cr=1657458587	cc=51721357	out=9403821
2026-06-18T03:42:13+08:00	agent=	session=5bc2d150-444	cost=0	turns=297	cache_hit=97.1%	in=215107	cr=116584562	cc=3235035	out=1200416
2026-06-18T03:44:10+08:00	agent=	session=cefc6c0e-773	cost=0	turns=3573	cache_hit=96.9%	in=2215455	cr=1661272629	cc=51731013	out=9423501
2026-06-18T03:48:59+08:00	agent=	session=401038d3-941	cost=0	turns=163	cache_hit=92.8%	in=205653	cr=38137899	cc=2754323	out=553488
2026-06-18T03:52:37+08:00	agent=researcher	session=70510bcb-b3b	cost=0	turns=1020	cache_hit=94.0%	in=467277	cr=463670148	cc=29100306	out=2798575
2026-06-18T03:54:18+08:00	agent=researcher	session=70510bcb-b3b	cost=0	turns=1020	cache_hit=94.0%	in=467277	cr=463670148	cc=29100306	out=2798575
2026-06-18T03:54:28+08:00	agent=researcher	session=70510bcb-b3b	cost=0	turns=1020	cache_hit=94.0%	in=467277	cr=463670148	cc=29100306	out=2798575
2026-06-18T04:01:45+08:00	agent=	session=cefc6c0e-773	cost=0	turns=3648	cache_hit=97.0%	in=2221959	cr=1721493952	cc=51867470	out=9552478
2026-06-18T04:04:24+08:00	agent=	session=cefc6c0e-773	cost=0	turns=3662	cache_hit=97.0%	in=2223279	cr=1733187292	cc=51888962	out=9578883
2026-06-18T04:09:29+08:00	agent=	session=cefc6c0e-773	cost=0	turns=3683	cache_hit=97.0%	in=2224902	cr=1751091288	cc=51955442	out=9641158
2026-06-18T04:15:01+08:00	agent=	session=cefc6c0e-773	cost=0	turns=3699	cache_hit=97.0%	in=2227838	cr=1765138188	cc=52012176	out=9693737
2026-06-18T04:20:57+08:00	agent=	session=401038d3-941	cost=0	turns=254	cache_hit=96.1%	in=213314	cr=78535850	cc=2974988	out=741646
2026-06-18T04:22:36+08:00	agent=	session=cefc6c0e-773	cost=0	turns=3737	cache_hit=97.1%	in=2230626	cr=1799377486	cc=52060027	out=9733669
2026-06-18T04:24:03+08:00	agent=	session=cefc6c0e-773	cost=0	turns=3748	cache_hit=97.1%	in=2232361	cr=1809413041	cc=52071388	out=9744924
2026-06-18T04:25:38+08:00	agent=	session=cefc6c0e-773	cost=0	turns=3759	cache_hit=97.1%	in=2233763	cr=1819508740	cc=52089259	out=9761162
2026-06-18T04:30:39+08:00	agent=	session=ee9178c5-801	cost=0	turns=2953	cache_hit=95.1%	in=2621870	cr=1067206119	cc=52368471	out=8602903
2026-06-18T04:34:12+08:00	agent=	session=cefc6c0e-773	cost=0	turns=3804	cache_hit=97.2%	in=2237876	cr=1861613344	cc=52166697	out=9834589
2026-06-18T04:42:28+08:00	agent=	session=cefc6c0e-773	cost=0	turns=3821	cache_hit=97.2%	in=2239989	cr=1877917682	cc=52195276	out=9866049
2026-06-18T04:59:45+08:00	agent=	session=cefc6c0e-773	cost=0	turns=3940	cache_hit=97.2%	in=2523760	cr=1897417403	cc=52770790	out=10017437
2026-06-18T04:59:53+08:00	agent=workflow-subagent	session=cefc6c0e-773	cost=0	turns=3940	cache_hit=97.2%	in=2523760	cr=1897417403	cc=52770790	out=10017437
2026-06-18T05:00:16+08:00	agent=workflow-subagent	session=cefc6c0e-773	cost=0	turns=3940	cache_hit=97.2%	in=2523760	cr=1897417403	cc=52770790	out=10017437
2026-06-18T05:00:31+08:00	agent=workflow-subagent	session=cefc6c0e-773	cost=0	turns=3940	cache_hit=97.2%	in=2523760	cr=1897417403	cc=52770790	out=10017437
2026-06-18T05:00:47+08:00	agent=workflow-subagent	session=cefc6c0e-773	cost=0	turns=3940	cache_hit=97.2%	in=2523760	cr=1897417403	cc=52770790	out=10017437
2026-06-18T05:01:05+08:00	agent=workflow-subagent	session=cefc6c0e-773	cost=0	turns=3940	cache_hit=97.2%	in=2523760	cr=1897417403	cc=52770790	out=10017437
2026-06-18T05:01:42+08:00	agent=workflow-subagent	session=cefc6c0e-773	cost=0	turns=3940	cache_hit=97.2%	in=2523760	cr=1897417403	cc=52770790	out=10017437
2026-06-18T05:03:06+08:00	agent=workflow-subagent	session=cefc6c0e-773	cost=0	turns=3940	cache_hit=97.2%	in=2523760	cr=1897417403	cc=52770790	out=10017437
2026-06-18T05:13:08+08:00	agent=	session=cefc6c0e-773	cost=0	turns=3995	cache_hit=97.2%	in=2531325	cr=1910279129	cc=53500443	out=10089604
2026-06-18T11:28:24+08:00	agent=	session=cefc6c0e-773	cost=0	turns=4032	cache_hit=97.1%	in=2534486	cr=1920556855	cc=54384461	out=10192843
2026-06-18T11:28:47+08:00	agent=workflow-subagent	session=cefc6c0e-773	cost=0	turns=4032	cache_hit=97.1%	in=2534486	cr=1920556855	cc=54384461	out=10192843
2026-06-18T11:28:55+08:00	agent=workflow-subagent	session=cefc6c0e-773	cost=0	turns=4032	cache_hit=97.1%	in=2534486	cr=1920556855	cc=54384461	out=10192843
2026-06-18T11:29:20+08:00	agent=workflow-subagent	session=cefc6c0e-773	cost=0	turns=4032	cache_hit=97.1%	in=2534486	cr=1920556855	cc=54384461	out=10192843
2026-06-18T11:34:15+08:00	agent=workflow-subagent	session=cefc6c0e-773	cost=0	turns=4032	cache_hit=97.1%	in=2534486	cr=1920556855	cc=54384461	out=10192843
2026-06-18T11:39:27+08:00	agent=	session=cefc6c0e-773	cost=0	turns=4076	cache_hit=97.1%	in=2539299	cr=1935451496	cc=54521100	out=10306159
2026-06-18T11:46:37+08:00	agent=	session=cefc6c0e-773	cost=0	turns=4078	cache_hit=97.1%	in=2539779	cr=1936161356	cc=54521208	out=10319589
2026-06-18T12:25:57+08:00	agent=	session=cefc6c0e-773	cost=0	turns=4173	cache_hit=97.2%	in=2545763	cr=1976012857	cc=54781035	out=10533090
2026-06-18T12:30:36+08:00	agent=	session=cefc6c0e-773	cost=0	turns=4192	cache_hit=97.2%	in=2548585	cr=1984880594	cc=54814058	out=10571213
2026-06-18T12:35:55+08:00	agent=	session=cefc6c0e-773	cost=0	turns=4211	cache_hit=97.2%	in=2551666	cr=1994130407	cc=54886766	out=10637314
2026-06-18T12:39:55+08:00	agent=	session=cefc6c0e-773	cost=0	turns=4225	cache_hit=97.2%	in=2553440	cr=2001193838	cc=54927483	out=10675576
2026-06-18T12:43:40+08:00	agent=	session=cefc6c0e-773	cost=0	turns=4237	cache_hit=97.2%	in=2554307	cr=2007428340	cc=54957471	out=10705532
2026-06-18T13:07:58+08:00	agent=	session=cefc6c0e-773	cost=0	turns=4252	cache_hit=97.2%	in=2555309	cr=2015371917	cc=54970356	out=10719673
2026-06-18T13:10:22+08:00	agent=	session=cefc6c0e-773	cost=0	turns=4262	cache_hit=97.2%	in=2555861	cr=2020734930	cc=54984942	out=10730574
2026-06-18T13:12:58+08:00	agent=	session=cefc6c0e-773	cost=0	turns=4268	cache_hit=97.2%	in=2558141	cr=2023990292	cc=54995130	out=10757288
2026-06-18T13:17:55+08:00	agent=	session=401038d3-941	cost=0	turns=324	cache_hit=96.0%	in=233203	cr=113806352	cc=4556684	out=867844
2026-06-18T13:21:03+08:00	agent=	session=cefc6c0e-773	cost=0	turns=4303	cache_hit=97.3%	in=2563299	cr=2043952279	cc=55072788	out=10842110
2026-06-18T13:34:52+08:00	agent=	session=cefc6c0e-773	cost=0	turns=4328	cache_hit=97.3%	in=2564445	cr=2058842799	cc=55115816	out=10889291
2026-06-18T14:17:52+08:00	agent=	session=401038d3-941	cost=0	turns=430	cache_hit=97.1%	in=253224	cr=179715416	cc=5036267	out=1164868
2026-06-18T14:48:00+08:00	agent=	session=401038d3-941	cost=0	turns=592	cache_hit=98.1%	in=260113	cr=306346853	cc=5663928	out=1550211
2026-06-18T14:56:38+08:00	agent=	session=401038d3-941	cost=0	turns=594	cache_hit=98.1%	in=260593	cr=308044573	cc=5663958	out=1553343
2026-06-18T15:43:18+08:00	agent=	session=cefc6c0e-773	cost=0	turns=4337	cache_hit=97.2%	in=2581884	cr=2062555312	cc=56914103	out=10916714
2026-06-18T16:01:07+08:00	agent=	session=cefc6c0e-773	cost=0	turns=4355	cache_hit=97.2%	in=2584317	cr=2073888808	cc=56966841	out=10976219
2026-06-18T16:05:39+08:00	agent=	session=cefc6c0e-773	cost=0	turns=4376	cache_hit=97.2%	in=2586645	cr=2087679175	cc=56988748	out=11019125
2026-06-18T16:08:33+08:00	agent=	session=155ead46-aea	cost=0	turns=702	cache_hit=95.8%	in=336273	cr=356618830	cc=15345199	out=1837723
2026-06-18T16:09:59+08:00	agent=workflow-subagent	session=155ead46-aea	cost=0	turns=702	cache_hit=95.8%	in=336273	cr=356618830	cc=15345199	out=1837723
2026-06-18T16:10:09+08:00	agent=workflow-subagent	session=155ead46-aea	cost=0	turns=702	cache_hit=95.8%	in=336273	cr=356618830	cc=15345199	out=1837723
2026-06-18T16:10:21+08:00	agent=workflow-subagent	session=155ead46-aea	cost=0	turns=702	cache_hit=95.8%	in=336273	cr=356618830	cc=15345199	out=1837723
2026-06-18T16:10:44+08:00	agent=workflow-subagent	session=155ead46-aea	cost=0	turns=702	cache_hit=95.8%	in=336273	cr=356618830	cc=15345199	out=1837723
2026-06-18T16:16:27+08:00	agent=	session=cefc6c0e-773	cost=0	turns=4387	cache_hit=97.2%	in=2589394	cr=2095033775	cc=57034699	out=11069700
2026-06-18T16:17:43+08:00	agent=workflow-subagent	session=cefc6c0e-773	cost=0	turns=4387	cache_hit=97.2%	in=2589394	cr=2095033775	cc=57034699	out=11069700
2026-06-18T16:17:43+08:00	agent=workflow-subagent	session=cefc6c0e-773	cost=0	turns=4387	cache_hit=97.2%	in=2589394	cr=2095033775	cc=57034699	out=11069700
2026-06-18T16:19:20+08:00	agent=workflow-subagent	session=cefc6c0e-773	cost=0	turns=4387	cache_hit=97.2%	in=2589394	cr=2095033775	cc=57034699	out=11069700
2026-06-18T16:19:44+08:00	agent=workflow-subagent	session=cefc6c0e-773	cost=0	turns=4387	cache_hit=97.2%	in=2589394	cr=2095033775	cc=57034699	out=11069700
2026-06-18T16:25:23+08:00	agent=	session=155ead46-aea	cost=0	turns=724	cache_hit=95.8%	in=340610	cr=359645625	cc=15444498	out=1893475
2026-06-18T16:26:24+08:00	agent=workflow-subagent	session=cefc6c0e-773	cost=0	turns=4387	cache_hit=97.2%	in=2589394	cr=2095033775	cc=57034699	out=11069700
2026-06-18T16:31:30+08:00	agent=	session=cefc6c0e-773	cost=0	turns=4408	cache_hit=97.2%	in=2593627	cr=2109707627	cc=57117451	out=11125004
2026-06-18T16:35:37+08:00	agent=	session=cefc6c0e-773	cost=0	turns=4427	cache_hit=97.3%	in=2595021	cr=2123539456	cc=57171271	out=11165171
2026-06-18T16:37:36+08:00	agent=	session=cefc6c0e-773	cost=0	turns=4429	cache_hit=97.3%	in=2595501	cr=2125018904	cc=57171343	out=11178931
2026-06-18T16:54:34+08:00	agent=	session=cefc6c0e-773	cost=0	turns=4437	cache_hit=97.3%	in=2598925	cr=2131010518	cc=57199777	out=11216737
2026-06-18T17:23:41+08:00	agent=	session=cefc6c0e-773	cost=0	turns=4466	cache_hit=97.3%	in=2602803	cr=2153816383	cc=57324813	out=11346767
2026-06-18T17:25:38+08:00	agent=	session=cefc6c0e-773	cost=0	turns=4471	cache_hit=97.3%	in=2603527	cr=2157913768	cc=57344504	out=11367879
2026-06-18T17:31:47+08:00	agent=	session=cefc6c0e-773	cost=0	turns=4479	cache_hit=97.3%	in=2606228	cr=2164571276	cc=57386519	out=11417997
2026-06-18T17:38:02+08:00	agent=	session=cefc6c0e-773	cost=0	turns=4492	cache_hit=97.3%	in=2611540	cr=2175682971	cc=57416485	out=11445493
2026-06-18T17:52:23+08:00	agent=	session=cefc6c0e-773	cost=0	turns=4500	cache_hit=97.3%	in=2613566	cr=2182643648	cc=57444779	out=11484120
2026-06-18T18:08:39+08:00	agent=	session=cefc6c0e-773	cost=0	turns=4521	cache_hit=97.3%	in=2615423	cr=2201481675	cc=57495341	out=11547188
2026-06-18T18:29:17+08:00	agent=	session=cefc6c0e-773	cost=0	turns=4551	cache_hit=97.4%	in=2617259	cr=2229117247	cc=57553245	out=11610987
2026-06-18T18:47:50+08:00	agent=	session=cefc6c0e-773	cost=0	turns=4568	cache_hit=97.4%	in=2619690	cr=2245107798	cc=57600813	out=11653358
2026-06-18T18:50:41+08:00	agent=	session=155ead46-aea	cost=0	turns=829	cache_hit=95.8%	in=403358	cr=382487044	cc=16239660	out=2125347
2026-06-18T20:31:55+08:00	agent=	session=155ead46-aea	cost=0	turns=847	cache_hit=95.7%	in=404495	cr=387148320	cc=17117106	out=2138295
2026-06-18T20:38:10+08:00	agent=	session=155ead46-aea	cost=0	turns=865	cache_hit=95.7%	in=405503	cr=392886872	cc=17143291	out=2172264
2026-06-18T20:48:25+08:00	agent=	session=cefc6c0e-773	cost=0	turns=4576	cache_hit=97.3%	in=2620807	cr=2249919630	cc=60419397	out=11668324
2026-06-18T20:50:21+08:00	agent=	session=155ead46-aea	cost=0	turns=886	cache_hit=95.8%	in=407030	cr=399907131	cc=17183341	out=2211171
2026-06-18T20:51:18+08:00	agent=	session=155ead46-aea	cost=0	turns=888	cache_hit=95.8%	in=407510	cr=400590697	cc=17183765	out=2212087
2026-06-18T20:53:05+08:00	agent=	session=cefc6c0e-773	cost=0	turns=4578	cache_hit=97.3%	in=2622151	cr=2251839314	cc=60419461	out=11679566
2026-06-18T20:56:36+08:00	agent=	session=cefc6c0e-773	cost=0	turns=4578	cache_hit=97.3%	in=2622151	cr=2251839314	cc=60419461	out=11679566
2026-06-18T21:04:27+08:00	agent=	session=cefc6c0e-773	cost=0	turns=4578	cache_hit=97.3%	in=2622151	cr=2251839314	cc=60419461	out=11679566
2026-06-18T21:10:34+08:00	agent=	session=155ead46-aea	cost=0	turns=951	cache_hit=96.0%	in=411572	cr=425509225	cc=17415184	out=2408218
2026-06-18T21:13:28+08:00	agent=workflow-subagent	session=cefc6c0e-773	cost=0	turns=4602	cache_hit=97.2%	in=2885791	cr=2254785482	cc=60947278	out=11763014
2026-06-18T21:13:44+08:00	agent=	session=cefc6c0e-773	cost=0	turns=4604	cache_hit=97.2%	in=2885795	cr=2255169746	cc=60952390	out=11767520
2026-06-18T21:15:05+08:00	agent=workflow-subagent	session=cefc6c0e-773	cost=0	turns=4604	cache_hit=97.2%	in=2885795	cr=2255169746	cc=60952390	out=11767520
2026-06-18T21:15:13+08:00	agent=workflow-subagent	session=cefc6c0e-773	cost=0	turns=4604	cache_hit=97.2%	in=2885795	cr=2255169746	cc=60952390	out=11767520
2026-06-18T21:15:55+08:00	agent=workflow-subagent	session=cefc6c0e-773	cost=0	turns=4604	cache_hit=97.2%	in=2885795	cr=2255169746	cc=60952390	out=11767520
2026-06-18T21:19:37+08:00	agent=workflow-subagent	session=cefc6c0e-773	cost=0	turns=4604	cache_hit=97.2%	in=2885795	cr=2255169746	cc=60952390	out=11767520
2026-06-18T21:28:58+08:00	agent=workflow-subagent	session=cefc6c0e-773	cost=0	turns=4604	cache_hit=97.2%	in=2885795	cr=2255169746	cc=60952390	out=11767520
2026-06-18T21:31:49+08:00	agent=	session=cefc6c0e-773	cost=0	turns=4612	cache_hit=97.2%	in=2889879	cr=2256784906	cc=60980839	out=11793990
2026-06-18T22:00:24+08:00	agent=	session=155ead46-aea	cost=0	turns=976	cache_hit=96.1%	in=413566	cr=436475446	cc=17454138	out=2463209
2026-06-18T22:00:56+08:00	agent=	session=cefc6c0e-773	cost=0	turns=4644	cache_hit=97.3%	in=2893786	cr=2264291670	cc=61090816	out=11900037
2026-06-18T22:57:44+08:00	agent=	session=cefc6c0e-773	cost=0	turns=4670	cache_hit=97.3%	in=2896106	cr=2271445739	cc=61142088	out=11954306
2026-06-18T23:28:10+08:00	agent=	session=155ead46-aea	cost=0	turns=1012	cache_hit=95.9%	in=416800	cr=452350329	cc=18867371	out=2563873
2026-06-19T00:04:09+08:00	agent=	session=155ead46-aea	cost=0	turns=1040	cache_hit=96.0%	in=420441	cr=466886492	cc=18991585	out=2694363
2026-06-19T00:57:48+08:00	agent=	session=cefc6c0e-773	cost=0	turns=4727	cache_hit=97.3%	in=2898267	cr=2289596334	cc=61837324	out=12096679
2026-06-19T01:42:33+08:00	agent=	session=5bc2d150-444	cost=0	turns=305	cache_hit=95.8%	in=218264	cr=119777147	cc=5095232	out=1232696
2026-06-19T01:46:28+08:00	agent=	session=155ead46-aea	cost=0	turns=1077	cache_hit=96.2%	in=421874	cr=487507451	cc=19044971	out=2756751
2026-06-19T01:58:56+08:00	agent=	session=cefc6c0e-773	cost=0	turns=4745	cache_hit=97.3%	in=2900115	cr=2296143977	cc=61860561	out=12131918
2026-06-19T02:00:57+08:00	agent=	session=cefc6c0e-773	cost=0	turns=4747	cache_hit=97.3%	in=2900595	cr=2296891529	cc=61860577	out=12138550
2026-06-19T02:06:14+08:00	agent=	session=cefc6c0e-773	cost=0	turns=4763	cache_hit=97.3%	in=2901728	cr=2303049752	cc=61875578	out=12170653
2026-06-19T09:51:37+08:00	agent=	session=cefc6c0e-773	cost=0	turns=4831	cache_hit=97.2%	in=2908709	cr=2330072046	cc=64244087	out=12365615
2026-06-19T10:04:49+08:00	agent=	session=155ead46-aea	cost=0	turns=1226	cache_hit=96.4%	in=445084	cr=580146605	cc=21315810	out=3083860
2026-06-19T10:14:43+08:00	agent=	session=155ead46-aea	cost=0	turns=1231	cache_hit=96.4%	in=446066	cr=583654330	cc=21323196	out=3094641
2026-06-19T14:01:08+08:00	agent=Explore	session=a11fa643-6fa	cost=0	turns=5	cache_hit=0.0%	in=166230	cr=0	cc=266615	out=27950
2026-06-19T14:01:37+08:00	agent=Explore	session=a11fa643-6fa	cost=0	turns=5	cache_hit=0.0%	in=166230	cr=0	cc=266615	out=27950
2026-06-19T14:03:46+08:00	agent=Explore	session=a11fa643-6fa	cost=0	turns=5	cache_hit=0.0%	in=166230	cr=0	cc=266615	out=27950
2026-06-19T14:06:41+08:00	agent=Explore	session=a11fa643-6fa	cost=0	turns=8	cache_hit=21.3%	in=169929	cr=159969	cc=421124	out=43517
2026-06-19T14:13:15+08:00	agent=Plan	session=a11fa643-6fa	cost=0	turns=19	cache_hit=68.1%	in=170467	cr=1423435	cc=495587	out=84550
2026-06-19T14:27:42+08:00	agent=	session=a11fa643-6fa	cost=0	turns=73	cache_hit=91.9%	in=176537	cr=11014079	cc=792768	out=231504
2026-06-19T14:34:31+08:00	agent=	session=155ead46-aea	cost=0	turns=1294	cache_hit=96.3%	in=449261	cr=627654376	cc=23491447	out=3209855
2026-06-19T15:20:21+08:00	agent=	session=155ead46-aea	cost=0	turns=1306	cache_hit=96.4%	in=449652	cr=636687774	cc=23500673	out=3220503
2026-06-19T18:26:47+08:00	agent=	session=155ead46-aea	cost=0	turns=1323	cache_hit=96.1%	in=450613	cr=647416219	cc=25741361	out=3244550
2026-06-19T18:36:22+08:00	agent=	session=155ead46-aea	cost=0	turns=1355	cache_hit=96.2%	in=452411	cr=672320865	cc=25781729	out=3290984
2026-06-19T19:27:31+08:00	agent=	session=155ead46-aea	cost=0	turns=1363	cache_hit=96.3%	in=452793	cr=678627867	cc=25788447	out=3296693
2026-06-19T19:35:42+08:00	agent=	session=155ead46-aea	cost=0	turns=1378	cache_hit=96.3%	in=453190	cr=690514059	cc=25799423	out=3306171
2026-06-19T21:27:53+08:00	agent=	session=5bc2d150-444	cost=0	turns=310	cache_hit=94.4%	in=219363	cr=121103928	cc=6968640	out=1238072
2026-06-19T21:31:24+08:00	agent=Explore	session=cefc6c0e-773	cost=0	turns=4869	cache_hit=97.2%	in=2918979	cr=2347115862	cc=65691462	out=12438170
2026-06-19T21:36:09+08:00	agent=Explore	session=70510bcb-b3b	cost=0	turns=1030	cache_hit=93.3%	in=484484	cr=467539016	cc=33134072	out=2840433
2026-06-19T21:36:27+08:00	agent=Explore	session=70510bcb-b3b	cost=0	turns=1030	cache_hit=93.3%	in=484484	cr=467539016	cc=33134072	out=2840433
2026-06-19T21:38:18+08:00	agent=Explore	session=70510bcb-b3b	cost=0	turns=1030	cache_hit=93.3%	in=484484	cr=467539016	cc=33134072	out=2840433
2026-06-19T21:56:30+08:00	agent=Explore	session=d0806fea-6a6	cost=0	turns=10	cache_hit=61.1%	in=105824	cr=536479	cc=235729	out=61446
2026-06-19T21:56:34+08:00	agent=Explore	session=d0806fea-6a6	cost=0	turns=10	cache_hit=61.1%	in=105824	cr=536479	cc=235729	out=61446
2026-06-19T21:58:03+08:00	agent=Explore	session=d0806fea-6a6	cost=0	turns=10	cache_hit=61.1%	in=105824	cr=536479	cc=235729	out=61446
2026-06-19T22:00:10+08:00	agent=	session=70510bcb-b3b	cost=0	turns=1047	cache_hit=93.4%	in=518100	cr=481561337	cc=33289043	out=2897305
2026-06-19T22:04:26+08:00	agent=researcher	session=70510bcb-b3b	cost=0	turns=1047	cache_hit=93.4%	in=518100	cr=481561337	cc=33289043	out=2897305
2026-06-19T22:04:40+08:00	agent=	session=cefc6c0e-773	cost=0	turns=4926	cache_hit=97.2%	in=2920395	cr=2378538335	cc=65861887	out=12616652
2026-06-19T22:05:11+08:00	agent=researcher	session=70510bcb-b3b	cost=0	turns=1047	cache_hit=93.4%	in=518100	cr=481561337	cc=33289043	out=2897305
2026-06-19T22:05:35+08:00	agent=researcher	session=70510bcb-b3b	cost=0	turns=1047	cache_hit=93.4%	in=518100	cr=481561337	cc=33289043	out=2897305
2026-06-19T22:06:09+08:00	agent=researcher	session=70510bcb-b3b	cost=0	turns=1047	cache_hit=93.4%	in=518100	cr=481561337	cc=33289043	out=2897305
2026-06-19T22:08:23+08:00	agent=researcher	session=70510bcb-b3b	cost=0	turns=1047	cache_hit=93.4%	in=518100	cr=481561337	cc=33289043	out=2897305
2026-06-19T22:15:06+08:00	agent=workflow-subagent	session=70510bcb-b3b	cost=0	turns=1047	cache_hit=93.4%	in=518100	cr=481561337	cc=33289043	out=2897305
2026-06-19T22:17:45+08:00	agent=	session=d0806fea-6a6	cost=0	turns=65	cache_hit=91.0%	in=117102	cr=9552792	cc=823639	out=285929
2026-06-19T22:28:44+08:00	agent=general-purpose	session=70510bcb-b3b	cost=0	turns=1121	cache_hit=94.1%	in=526030	cr=547572179	cc=33667086	out=3165515
2026-06-19T22:30:18+08:00	agent=Explore	session=d0806fea-6a6	cost=0	turns=69	cache_hit=91.7%	in=118554	cr=10477128	cc=824351	out=325901
2026-06-19T22:30:28+08:00	agent=	session=70510bcb-b3b	cost=0	turns=1135	cache_hit=94.2%	in=526445	cr=560576435	cc=33693338	out=3178291
2026-06-19T22:37:39+08:00	agent=	session=cefc6c0e-773	cost=0	turns=4951	cache_hit=97.2%	in=2938814	cr=2393550266	cc=65931724	out=12670304
2026-06-19T22:44:14+08:00	agent=	session=d0806fea-6a6	cost=0	turns=103	cache_hit=94.3%	in=139331	cr=20200970	cc=1071892	out=497024
2026-06-19T23:00:46+08:00	agent=	session=70510bcb-b3b	cost=0	turns=1137	cache_hit=94.3%	in=527789	cr=562447343	cc=33693364	out=3184743
2026-06-19T23:13:34+08:00	agent=researcher	session=70510bcb-b3b	cost=0	turns=1142	cache_hit=94.3%	in=529012	cr=567144402	cc=33712258	out=3213559
2026-06-19T23:13:37+08:00	agent=researcher	session=70510bcb-b3b	cost=0	turns=1142	cache_hit=94.3%	in=529012	cr=567144402	cc=33712258	out=3213559
2026-06-19T23:20:33+08:00	agent=researcher	session=70510bcb-b3b	cost=0	turns=1142	cache_hit=94.3%	in=529012	cr=567144402	cc=33712258	out=3213559
2026-06-19T23:26:01+08:00	agent=	session=d0806fea-6a6	cost=0	turns=153	cache_hit=96.2%	in=149709	cr=39239114	cc=1391845	out=758855
2026-06-19T23:29:39+08:00	agent=workflow-subagent	session=70510bcb-b3b	cost=0	turns=1142	cache_hit=94.3%	in=529012	cr=567144402	cc=33712258	out=3213559
2026-06-19T23:33:55+08:00	agent=	session=70510bcb-b3b	cost=0	turns=1150	cache_hit=94.4%	in=534065	cr=574773376	cc=33748198	out=3230394
2026-06-19T23:36:01+08:00	agent=	session=70510bcb-b3b	cost=0	turns=1150	cache_hit=94.4%	in=534065	cr=574773376	cc=33748198	out=3230394
2026-06-19T23:43:03+08:00	agent=	session=70510bcb-b3b	cost=0	turns=1152	cache_hit=94.4%	in=534545	cr=576704632	cc=33748260	out=3231586
2026-06-19T23:53:43+08:00	agent=	session=d0806fea-6a6	cost=0	turns=219	cache_hit=97.6%	in=159993	cr=70632289	cc=1592809	out=927798
2026-06-20T00:13:54+08:00	agent=	session=d0806fea-6a6	cost=0	turns=283	cache_hit=98.2%	in=162254	cr=105527573	cc=1789095	out=1089105
2026-06-20T00:26:57+08:00	agent=	session=d0806fea-6a6	cost=0	turns=318	cache_hit=98.4%	in=164166	cr=126679674	cc=1892147	out=1189844
2026-06-20T00:27:14+08:00	agent=	session=cefc6c0e-773	cost=0	turns=4972	cache_hit=97.1%	in=2993516	cr=2405134296	cc=67775941	out=12707163
2026-06-20T00:51:31+08:00	agent=	session=d0806fea-6a6	cost=0	turns=366	cache_hit=98.6%	in=168638	cr=157726211	cc=2008989	out=1290955
2026-06-20T01:00:01+08:00	agent=	session=cefc6c0e-773	cost=0	turns=4997	cache_hit=97.2%	in=3039901	cr=2421914452	cc=67877355	out=12754047
2026-06-20T01:21:31+08:00	agent=Explore	session=d0806fea-6a6	cost=0	turns=373	cache_hit=98.7%	in=177036	cr=162419648	cc=2039842	out=1315965
2026-06-20T01:35:40+08:00	agent=	session=5bc2d150-444	cost=0	turns=315	cache_hit=93.1%	in=222229	cr=122436811	cc=8859991	out=1256478
2026-06-20T01:38:45+08:00	agent=researcher	session=70510bcb-b3b	cost=0	turns=1169	cache_hit=94.3%	in=596227	cr=578012085	cc=34343589	out=3319827
2026-06-20T01:39:10+08:00	agent=researcher	session=70510bcb-b3b	cost=0	turns=1169	cache_hit=94.3%	in=596227	cr=578012085	cc=34343589	out=3319827
2026-06-20T01:39:12+08:00	agent=researcher	session=70510bcb-b3b	cost=0	turns=1169	cache_hit=94.3%	in=596227	cr=578012085	cc=34343589	out=3319827
2026-06-20T01:39:21+08:00	agent=	session=3d4c2bc8-b3d	cost=0	turns=29	cache_hit=68.0%	in=248678	cr=2520989	cc=935328	out=108418
2026-06-20T01:39:36+08:00	agent=workflow-subagent	session=3d4c2bc8-b3d	cost=0	turns=29	cache_hit=68.0%	in=248678	cr=2520989	cc=935328	out=108418
2026-06-20T01:40:50+08:00	agent=researcher	session=70510bcb-b3b	cost=0	turns=1169	cache_hit=94.3%	in=596227	cr=578012085	cc=34343589	out=3319827
2026-06-20T01:41:00+08:00	agent=workflow-subagent	session=3d4c2bc8-b3d	cost=0	turns=29	cache_hit=68.0%	in=248678	cr=2520989	cc=935328	out=108418
2026-06-20T01:41:11+08:00	agent=workflow-subagent	session=3d4c2bc8-b3d	cost=0	turns=29	cache_hit=68.0%	in=248678	cr=2520989	cc=935328	out=108418
2026-06-20T01:43:24+08:00	agent=workflow-subagent	session=3d4c2bc8-b3d	cost=0	turns=29	cache_hit=68.0%	in=248678	cr=2520989	cc=935328	out=108418
2026-06-20T01:43:29+08:00	agent=workflow-subagent	session=3d4c2bc8-b3d	cost=0	turns=29	cache_hit=68.0%	in=248678	cr=2520989	cc=935328	out=108418
2026-06-20T01:45:14+08:00	agent=researcher	session=70510bcb-b3b	cost=0	turns=1169	cache_hit=94.3%	in=596227	cr=578012085	cc=34343589	out=3319827
2026-06-20T01:46:05+08:00	agent=	session=3f94ecc3-bf2	cost=0	turns=10	cache_hit=47.1%	in=157430	cr=427815	cc=323734	out=45592
2026-06-20T01:47:11+08:00	agent=workflow-subagent	session=3f94ecc3-bf2	cost=0	turns=10	cache_hit=47.1%	in=157430	cr=427815	cc=323734	out=45592
2026-06-20T01:47:28+08:00	agent=evaluator	session=70510bcb-b3b	cost=0	turns=1169	cache_hit=94.3%	in=596227	cr=578012085	cc=34343589	out=3319827
2026-06-20T01:47:58+08:00	agent=workflow-subagent	session=3f94ecc3-bf2	cost=0	turns=10	cache_hit=47.1%	in=157430	cr=427815	cc=323734	out=45592
2026-06-20T01:48:32+08:00	agent=workflow-subagent	session=3f94ecc3-bf2	cost=0	turns=10	cache_hit=47.1%	in=157430	cr=427815	cc=323734	out=45592
2026-06-20T01:48:51+08:00	agent=workflow-subagent	session=3f94ecc3-bf2	cost=0	turns=10	cache_hit=47.1%	in=157430	cr=427815	cc=323734	out=45592
2026-06-20T01:48:52+08:00	agent=workflow-subagent	session=3f94ecc3-bf2	cost=0	turns=10	cache_hit=47.1%	in=157430	cr=427815	cc=323734	out=45592
2026-06-20T01:48:55+08:00	agent=workflow-subagent	session=3f94ecc3-bf2	cost=0	turns=10	cache_hit=47.1%	in=157430	cr=427815	cc=323734	out=45592
2026-06-20T01:49:54+08:00	agent=	session=d0806fea-6a6	cost=0	turns=436	cache_hit=98.8%	in=192753	cr=208663294	cc=2246959	out=1467516
2026-06-20T01:52:26+08:00	agent=workflow-subagent	session=3f94ecc3-bf2	cost=0	turns=10	cache_hit=47.1%	in=157430	cr=427815	cc=323734	out=45592
2026-06-20T01:55:39+08:00	agent=	session=70510bcb-b3b	cost=0	turns=1197	cache_hit=94.3%	in=600366	cr=583135995	cc=34543939	out=3415855
2026-06-20T01:57:28+08:00	agent=	session=3d4c2bc8-b3d	cost=0	turns=40	cache_hit=77.9%	in=252876	cr=4612309	cc=1058777	out=168083
2026-06-20T01:58:36+08:00	agent=Explore	session=d0806fea-6a6	cost=0	turns=441	cache_hit=98.9%	in=201103	cr=212493278	cc=2258911	out=1479853
2026-06-20T01:59:48+08:00	agent=Explore	session=d0806fea-6a6	cost=0	turns=441	cache_hit=98.9%	in=201103	cr=212493278	cc=2258911	out=1479853
2026-06-20T02:10:23+08:00	agent=	session=3f94ecc3-bf2	cost=0	turns=58	cache_hit=91.6%	in=171032	cr=8648778	cc=627230	out=150292
2026-06-20T02:12:07+08:00	agent=	session=cefc6c0e-773	cost=0	turns=5029	cache_hit=97.1%	in=3041279	cr=2442552414	cc=69952721	out=12846861
2026-06-20T02:15:07+08:00	agent=	session=3f94ecc3-bf2	cost=0	turns=78	cache_hit=93.6%	in=182814	cr=12947841	cc=702282	out=194008
2026-06-20T02:40:41+08:00	agent=	session=155ead46-aea	cost=0	turns=1406	cache_hit=96.1%	in=472534	cr=710115038	cc=28207993	out=3356244
2026-06-20T02:41:02+08:00	agent=	session=cefc6c0e-773	cost=0	turns=5041	cache_hit=97.1%	in=3042401	cr=2451321582	cc=69994923	out=12907196
2026-06-20T02:55:17+08:00	agent=	session=d0806fea-6a6	cost=0	turns=495	cache_hit=98.9%	in=230623	cr=257414251	cc=2543105	out=1665623
2026-06-20T03:17:12+08:00	agent=	session=3d4c2bc8-b3d	cost=0	turns=48	cache_hit=73.9%	in=257344	cr=5736980	cc=1771367	out=222157
2026-06-20T03:19:39+08:00	agent=workflow-subagent	session=3d4c2bc8-b3d	cost=0	turns=48	cache_hit=73.9%	in=257344	cr=5736980	cc=1771367	out=222157
2026-06-20T03:20:34+08:00	agent=workflow-subagent	session=3d4c2bc8-b3d	cost=0	turns=48	cache_hit=73.9%	in=257344	cr=5736980	cc=1771367	out=222157
2026-06-20T03:23:55+08:00	agent=workflow-subagent	session=3d4c2bc8-b3d	cost=0	turns=48	cache_hit=73.9%	in=257344	cr=5736980	cc=1771367	out=222157
2026-06-20T03:24:09+08:00	agent=workflow-subagent	session=3d4c2bc8-b3d	cost=0	turns=48	cache_hit=73.9%	in=257344	cr=5736980	cc=1771367	out=222157
2026-06-20T03:33:23+08:00	agent=	session=3d4c2bc8-b3d	cost=0	turns=101	cache_hit=86.3%	in=263519	cr=20012891	cc=2907553	out=402901
2026-06-20T04:46:19+08:00	agent=	session=3d4c2bc8-b3d	cost=0	turns=185	cache_hit=93.4%	in=270173	cr=50474466	cc=3268928	out=682194
2026-06-20T04:58:26+08:00	agent=	session=4554cbf3-d09	cost=0	turns=31	cache_hit=87.7%	in=93974	cr=2939069	cc=317769	out=65906
2026-06-20T04:59:23+08:00	agent=workflow-subagent	session=4554cbf3-d09	cost=0	turns=31	cache_hit=87.7%	in=93974	cr=2939069	cc=317769	out=65906
2026-06-20T05:01:55+08:00	agent=	session=d0806fea-6a6	cost=0	turns=500	cache_hit=98.0%	in=231431	cr=259166851	cc=5188823	out=1688782
2026-06-20T05:02:08+08:00	agent=	session=cefc6c0e-773	cost=0	turns=5068	cache_hit=97.0%	in=3047749	cr=2469824702	cc=72340585	out=13033293
2026-06-20T05:02:39+08:00	agent=workflow-subagent	session=4554cbf3-d09	cost=0	turns=31	cache_hit=87.7%	in=93974	cr=2939069	cc=317769	out=65906
2026-06-20T05:03:40+08:00	agent=workflow-subagent	session=d0806fea-6a6	cost=0	turns=500	cache_hit=98.0%	in=231431	cr=259166851	cc=5188823	out=1688782
2026-06-20T05:03:48+08:00	agent=workflow-subagent	session=d0806fea-6a6	cost=0	turns=500	cache_hit=98.0%	in=231431	cr=259166851	cc=5188823	out=1688782
2026-06-20T05:04:48+08:00	agent=workflow-subagent	session=d0806fea-6a6	cost=0	turns=500	cache_hit=98.0%	in=231431	cr=259166851	cc=5188823	out=1688782
2026-06-20T05:05:05+08:00	agent=workflow-subagent	session=d0806fea-6a6	cost=0	turns=500	cache_hit=98.0%	in=231431	cr=259166851	cc=5188823	out=1688782
2026-06-20T05:05:07+08:00	agent=workflow-subagent	session=d0806fea-6a6	cost=0	turns=500	cache_hit=98.0%	in=231431	cr=259166851	cc=5188823	out=1688782
2026-06-20T05:05:14+08:00	agent=workflow-subagent	session=d0806fea-6a6	cost=0	turns=500	cache_hit=98.0%	in=231431	cr=259166851	cc=5188823	out=1688782
2026-06-20T05:05:22+08:00	agent=workflow-subagent	session=d0806fea-6a6	cost=0	turns=500	cache_hit=98.0%	in=231431	cr=259166851	cc=5188823	out=1688782
2026-06-20T05:05:28+08:00	agent=workflow-subagent	session=d0806fea-6a6	cost=0	turns=500	cache_hit=98.0%	in=231431	cr=259166851	cc=5188823	out=1688782
2026-06-20T05:05:32+08:00	agent=workflow-subagent	session=d0806fea-6a6	cost=0	turns=500	cache_hit=98.0%	in=231431	cr=259166851	cc=5188823	out=1688782
2026-06-20T05:05:34+08:00	agent=workflow-subagent	session=d0806fea-6a6	cost=0	turns=500	cache_hit=98.0%	in=231431	cr=259166851	cc=5188823	out=1688782
2026-06-20T05:05:43+08:00	agent=workflow-subagent	session=d0806fea-6a6	cost=0	turns=500	cache_hit=98.0%	in=231431	cr=259166851	cc=5188823	out=1688782
2026-06-20T05:05:47+08:00	agent=workflow-subagent	session=d0806fea-6a6	cost=0	turns=500	cache_hit=98.0%	in=231431	cr=259166851	cc=5188823	out=1688782
2026-06-20T05:08:09+08:00	agent=workflow-subagent	session=d0806fea-6a6	cost=0	turns=500	cache_hit=98.0%	in=231431	cr=259166851	cc=5188823	out=1688782
2026-06-20T05:10:10+08:00	agent=workflow-subagent	session=d0806fea-6a6	cost=0	turns=500	cache_hit=98.0%	in=231431	cr=259166851	cc=5188823	out=1688782
2026-06-20T05:12:26+08:00	agent=workflow-subagent	session=d0806fea-6a6	cost=0	turns=503	cache_hit=98.0%	in=232904	cr=261822043	cc=5189180	out=1708057
2026-06-20T05:15:10+08:00	agent=	session=cefc6c0e-773	cost=0	turns=5100	cache_hit=97.1%	in=3050081	cr=2496026785	cc=72385984	out=13098538
2026-06-20T05:20:43+08:00	agent=	session=cefc6c0e-773	cost=0	turns=5116	cache_hit=97.1%	in=3052252	cr=2509483593	cc=72406868	out=13142384
2026-06-20T05:29:12+08:00	agent=	session=d0806fea-6a6	cost=0	turns=527	cache_hit=98.1%	in=248093	cr=283515828	cc=5293738	out=1775500
2026-06-20T05:30:26+08:00	agent=	session=cefc6c0e-773	cost=0	turns=5133	cache_hit=97.1%	in=3054425	cr=2524003230	cc=72428373	out=13162871
2026-06-20T05:30:34+08:00	agent=workflow-subagent	session=d0806fea-6a6	cost=0	turns=527	cache_hit=98.1%	in=248093	cr=283515828	cc=5293738	out=1775500
2026-06-20T05:30:35+08:00	agent=workflow-subagent	session=d0806fea-6a6	cost=0	turns=527	cache_hit=98.1%	in=248093	cr=283515828	cc=5293738	out=1775500
2026-06-20T05:30:41+08:00	agent=workflow-subagent	session=d0806fea-6a6	cost=0	turns=527	cache_hit=98.1%	in=248093	cr=283515828	cc=5293738	out=1775500
2026-06-20T05:30:46+08:00	agent=workflow-subagent	session=d0806fea-6a6	cost=0	turns=527	cache_hit=98.1%	in=248093	cr=283515828	cc=5293738	out=1775500
2026-06-20T05:30:57+08:00	agent=workflow-subagent	session=d0806fea-6a6	cost=0	turns=527	cache_hit=98.1%	in=248093	cr=283515828	cc=5293738	out=1775500
2026-06-20T05:36:21+08:00	agent=workflow-subagent	session=3d4c2bc8-b3d	cost=0	turns=190	cache_hit=93.7%	in=272193	cr=52578384	cc=3291417	out=711665
2026-06-20T05:36:33+08:00	agent=workflow-subagent	session=3d4c2bc8-b3d	cost=0	turns=190	cache_hit=93.7%	in=272193	cr=52578384	cc=3291417	out=711665
2026-06-20T05:37:21+08:00	agent=workflow-subagent	session=3d4c2bc8-b3d	cost=0	turns=190	cache_hit=93.7%	in=272193	cr=52578384	cc=3291417	out=711665
2026-06-20T05:38:57+08:00	agent=	session=d0806fea-6a6	cost=0	turns=544	cache_hit=98.2%	in=251749	cr=298452272	cc=5344242	out=1823853
2026-06-20T05:40:22+08:00	agent=	session=3d4c2bc8-b3d	cost=0	turns=201	cache_hit=94.1%	in=276514	cr=57409814	cc=3352054	out=743366
2026-06-20T05:53:45+08:00	agent=general-purpose	session=4554cbf3-d09	cost=0	turns=117	cache_hit=96.3%	in=99859	cr=18859282	cc=616811	out=313849
2026-06-20T12:32:54+08:00	agent=	session=d0806fea-6a6	cost=0	turns=550	cache_hit=97.3%	in=252604	cr=301297414	cc=8187645	out=1834587
2026-06-20T14:20:59+08:00	agent=	session=d0806fea-6a6	cost=0	turns=559	cache_hit=96.4%	in=253336	cr=307022161	cc=11050137	out=1849487
2026-06-20T15:25:32+08:00	agent=	session=4554cbf3-d09	cost=0	turns=192	cache_hit=94.5%	in=106868	cr=34644473	cc=1924605	out=509162
2026-06-20T15:32:47+08:00	agent=	session=4554cbf3-d09	cost=0	turns=202	cache_hit=94.8%	in=107950	cr=37226967	cc=1937709	out=519546
2026-06-20T15:54:02+08:00	agent=	session=cefc6c0e-773	cost=0	turns=5150	cache_hit=97.0%	in=3055686	cr=2536224477	cc=74997394	out=13216127
2026-06-20T16:09:01+08:00	agent=	session=cefc6c0e-773	cost=0	turns=5156	cache_hit=97.0%	in=3057729	cr=2541545531	cc=75007544	out=13247619
2026-06-20T16:20:47+08:00	agent=	session=cefc6c0e-773	cost=0	turns=5172	cache_hit=97.0%	in=3059984	cr=2556048965	cc=75029450	out=13289803
2026-06-20T17:43:08+08:00	agent=	session=cefc6c0e-773	cost=0	turns=5194	cache_hit=97.1%	in=3065166	cr=2576556181	cc=75139655	out=13420536
2026-06-20T17:47:51+08:00	agent=	session=4554cbf3-d09	cost=0	turns=218	cache_hit=94.1%	in=109975	cr=41016681	cc=2468441	out=548708
2026-06-20T17:53:28+08:00	agent=	session=d0806fea-6a6	cost=0	turns=603	cache_hit=95.2%	in=256222	cr=342263397	cc=16924895	out=1921947
2026-06-20T17:55:46+08:00	agent=	session=4554cbf3-d09	cost=0	turns=250	cache_hit=95.0%	in=114819	cr=50022045	cc=2509768	out=605120
2026-06-20T18:16:54+08:00	agent=	session=3d4c2bc8-b3d	cost=0	turns=214	cache_hit=91.7%	in=293588	cr=61702548	cc=5261786	out=804996
2026-06-20T18:18:06+08:00	agent=workflow-subagent	session=3d4c2bc8-b3d	cost=0	turns=214	cache_hit=91.7%	in=293588	cr=61702548	cc=5261786	out=804996
2026-06-20T18:18:07+08:00	agent=workflow-subagent	session=3d4c2bc8-b3d	cost=0	turns=214	cache_hit=91.7%	in=293588	cr=61702548	cc=5261786	out=804996
2026-06-20T18:48:19+08:00	agent=	session=cefc6c0e-773	cost=0	turns=5296	cache_hit=97.0%	in=3367558	cr=2596176081	cc=76350392	out=13665161
2026-06-20T19:05:34+08:00	agent=	session=cefc6c0e-773	cost=0	turns=5305	cache_hit=97.0%	in=3369046	cr=2598537525	cc=76363057	out=13686135
2026-06-20T19:16:15+08:00	agent=	session=cefc6c0e-773	cost=0	turns=5313	cache_hit=97.0%	in=3369776	cr=2600716105	cc=76368131	out=13689792
2026-06-20T19:38:55+08:00	agent=	session=cefc6c0e-773	cost=0	turns=5365	cache_hit=97.0%	in=3371408	cr=2615650961	cc=76477021	out=13773335
2026-06-20T19:40:28+08:00	agent=general-purpose	session=cefc6c0e-773	cost=0	turns=5365	cache_hit=97.0%	in=3371408	cr=2615650961	cc=76477021	out=13773335
2026-06-20T19:41:40+08:00	agent=general-purpose	session=cefc6c0e-773	cost=0	turns=5365	cache_hit=97.0%	in=3371408	cr=2615650961	cc=76477021	out=13773335
2026-06-20T19:41:54+08:00	agent=researcher	session=696f0b74-e7b	cost=0	turns=19	cache_hit=46.4%	in=148316	cr=939821	cc=936652	out=107728
2026-06-20T19:42:00+08:00	agent=researcher	session=696f0b74-e7b	cost=0	turns=19	cache_hit=46.4%	in=148316	cr=939821	cc=936652	out=107728
2026-06-20T19:42:33+08:00	agent=general-purpose	session=696f0b74-e7b	cost=0	turns=19	cache_hit=46.4%	in=148316	cr=939821	cc=936652	out=107728
2026-06-20T19:42:40+08:00	agent=researcher	session=696f0b74-e7b	cost=0	turns=19	cache_hit=46.4%	in=148316	cr=939821	cc=936652	out=107728
2026-06-20T19:44:32+08:00	agent=general-purpose	session=696f0b74-e7b	cost=0	turns=19	cache_hit=46.4%	in=148316	cr=939821	cc=936652	out=107728
2026-06-20T19:46:26+08:00	agent=	session=cefc6c0e-773	cost=0	turns=5392	cache_hit=97.0%	in=3376280	cr=2624570099	cc=76551296	out=13817820
2026-06-20T19:46:44+08:00	agent=general-purpose	session=696f0b74-e7b	cost=0	turns=19	cache_hit=46.4%	in=148316	cr=939821	cc=936652	out=107728
2026-06-20T19:47:05+08:00	agent=general-purpose	session=696f0b74-e7b	cost=0	turns=19	cache_hit=46.4%	in=148316	cr=939821	cc=936652	out=107728
2026-06-20T19:47:12+08:00	agent=general-purpose	session=696f0b74-e7b	cost=0	turns=19	cache_hit=46.4%	in=148316	cr=939821	cc=936652	out=107728
2026-06-20T19:47:13+08:00	agent=researcher	session=696f0b74-e7b	cost=0	turns=19	cache_hit=46.4%	in=148316	cr=939821	cc=936652	out=107728
2026-06-20T19:49:36+08:00	agent=general-purpose	session=696f0b74-e7b	cost=0	turns=19	cache_hit=46.4%	in=148316	cr=939821	cc=936652	out=107728
2026-06-20T19:53:32+08:00	agent=	session=cefc6c0e-773	cost=0	turns=5396	cache_hit=97.0%	in=3378360	cr=2625965703	cc=76551946	out=13847160
2026-06-20T20:07:11+08:00	agent=	session=cefc6c0e-773	cost=0	turns=5415	cache_hit=97.0%	in=3399089	cr=2633095927	cc=76644578	out=13908354
2026-06-20T20:09:16+08:00	agent=	session=696f0b74-e7b	cost=0	turns=70	cache_hit=88.8%	in=168820	cr=11920556	cc=1331509	out=260732
2026-06-20T20:20:49+08:00	agent=	session=cefc6c0e-773	cost=0	turns=5445	cache_hit=97.1%	in=3401663	cr=2645416296	cc=76736895	out=13991720
2026-06-20T20:23:23+08:00	agent=	session=696f0b74-e7b	cost=0	turns=83	cache_hit=91.0%	in=170910	cr=15503899	cc=1358261	out=295374
2026-06-20T20:25:21+08:00	agent=	session=696f0b74-e7b	cost=0	turns=97	cache_hit=92.6%	in=172039	cr=19531814	cc=1380179	out=314705
2026-06-20T20:29:38+08:00	agent=	session=cefc6c0e-773	cost=0	turns=5466	cache_hit=97.1%	in=3404108	cr=2654773082	cc=76781497	out=14036311
2026-06-20T20:29:42+08:00	agent=	session=696f0b74-e7b	cost=0	turns=112	cache_hit=93.8%	in=173170	cr=23981545	cc=1417760	out=342963
2026-06-20T20:31:46+08:00	agent=	session=696f0b74-e7b	cost=0	turns=117	cache_hit=94.1%	in=173894	cr=25520499	cc=1424098	out=350484
2026-06-20T20:33:43+08:00	agent=	session=cefc6c0e-773	cost=0	turns=5481	cache_hit=97.1%	in=3405239	cr=2661684795	cc=76806314	out=14061403
2026-06-20T20:37:04+08:00	agent=	session=cefc6c0e-773	cost=0	turns=5489	cache_hit=97.1%	in=3407628	cr=2665440668	cc=76818074	out=14072754
2026-06-20T20:41:29+08:00	agent=	session=cefc6c0e-773	cost=0	turns=5508	cache_hit=97.1%	in=3408767	cr=2674518355	cc=76838165	out=14091349
2026-06-20T20:47:35+08:00	agent=	session=696f0b74-e7b	cost=0	turns=140	cache_hit=95.2%	in=175299	cr=32885635	cc=1476814	out=391267
2026-06-20T21:01:57+08:00	agent=	session=cefc6c0e-773	cost=0	turns=5527	cache_hit=97.1%	in=3412519	cr=2683830645	cc=76890723	out=14145846
2026-06-20T21:06:04+08:00	agent=	session=d0806fea-6a6	cost=0	turns=610	cache_hit=94.5%	in=258046	cr=345242559	cc=19922819	out=1943607
2026-06-20T21:09:09+08:00	agent=	session=696f0b74-e7b	cost=0	turns=148	cache_hit=95.5%	in=176029	cr=35552972	cc=1484646	out=400180
2026-06-20T21:09:29+08:00	agent=	session=d0806fea-6a6	cost=0	turns=632	cache_hit=94.4%	in=382543	cr=347734717	cc=20198734	out=1962788
2026-06-20T21:09:40+08:00	agent=	session=401038d3-941	cost=0	turns=594	cache_hit=98.1%	in=260593	cr=308044573	cc=5663958	out=1553343
2026-06-20T21:13:08+08:00	agent=	session=cefc6c0e-773	cost=0	turns=5549	cache_hit=97.1%	in=3414960	cr=2695172412	cc=76954977	out=14213554
2026-06-20T21:43:47+08:00	agent=	session=696f0b74-e7b	cost=0	turns=188	cache_hit=96.5%	in=180234	cr=50042170	cc=1621611	out=514740
2026-06-20T21:52:14+08:00	agent=	session=cefc6c0e-773	cost=0	turns=5557	cache_hit=97.1%	in=3416077	cr=2699427563	cc=76959942	out=14217688
2026-06-20T22:17:37+08:00	agent=	session=cefc6c0e-773	cost=0	turns=5564	cache_hit=97.1%	in=3416805	cr=2703165817	cc=76963800	out=14221198
2026-06-20T22:32:42+08:00	agent=	session=cefc6c0e-773	cost=0	turns=5589	cache_hit=97.1%	in=3417609	cr=2716729999	cc=77010186	out=14270420
2026-06-20T23:45:14+08:00	agent=	session=cefc6c0e-773	cost=0	turns=5619	cache_hit=97.1%	in=3430578	cr=2732054004	cc=78686663	out=14306598
2026-06-21T00:00:22+08:00	agent=	session=cefc6c0e-773	cost=0	turns=5641	cache_hit=97.1%	in=3432254	cr=2744935264	cc=78731417	out=14360753
2026-06-21T00:03:00+08:00	agent=	session=696f0b74-e7b	cost=0	turns=202	cache_hit=94.8%	in=181327	cr=54451861	cc=2792757	out=556448
2026-06-21T00:08:23+08:00	agent=	session=cefc6c0e-773	cost=0	turns=5649	cache_hit=97.1%	in=3433113	cr=2749752677	cc=78759349	out=14389890
2026-06-21T00:13:35+08:00	agent=	session=cefc6c0e-773	cost=0	turns=5669	cache_hit=97.1%	in=3434638	cr=2762122031	cc=78811142	out=14428596
2026-06-21T00:21:08+08:00	agent=	session=70510bcb-b3b	cost=0	turns=1211	cache_hit=94.1%	in=636085	cr=585408778	cc=35804226	out=3502652
2026-06-21T00:25:05+08:00	agent=researcher	session=70510bcb-b3b	cost=0	turns=1211	cache_hit=94.1%	in=636085	cr=585408778	cc=35804226	out=3502652
2026-06-21T00:26:11+08:00	agent=researcher	session=70510bcb-b3b	cost=0	turns=1211	cache_hit=94.1%	in=636085	cr=585408778	cc=35804226	out=3502652
2026-06-21T01:05:06+08:00	agent=researcher	session=70510bcb-b3b	cost=0	turns=1211	cache_hit=94.1%	in=636085	cr=585408778	cc=35804226	out=3502652
2026-06-21T01:09:26+08:00	agent=researcher	session=70510bcb-b3b	cost=0	turns=1211	cache_hit=94.1%	in=636085	cr=585408778	cc=35804226	out=3502652
2026-06-21T01:11:44+08:00	agent=evaluator	session=70510bcb-b3b	cost=0	turns=1211	cache_hit=94.1%	in=636085	cr=585408778	cc=35804226	out=3502652
2026-06-21T01:21:06+08:00	agent=	session=70510bcb-b3b	cost=0	turns=1234	cache_hit=94.2%	in=645563	cr=592350920	cc=35927551	out=3585966
2026-06-21T01:48:09+08:00	agent=	session=70510bcb-b3b	cost=0	turns=1253	cache_hit=94.2%	in=646702	cr=599119511	cc=36058452	out=3671673
2026-06-21T01:48:55+08:00	agent=	session=70510bcb-b3b	cost=0	turns=1258	cache_hit=94.2%	in=647801	cr=601015998	cc=36064183	out=3677204
2026-06-21T01:50:15+08:00	agent=researcher	session=70510bcb-b3b	cost=0	turns=1258	cache_hit=94.2%	in=647801	cr=601015998	cc=36064183	out=3677204
2026-06-21T01:50:26+08:00	agent=researcher	session=70510bcb-b3b	cost=0	turns=1258	cache_hit=94.2%	in=647801	cr=601015998	cc=36064183	out=3677204
2026-06-21T01:50:27+08:00	agent=researcher	session=70510bcb-b3b	cost=0	turns=1258	cache_hit=94.2%	in=647801	cr=601015998	cc=36064183	out=3677204
2026-06-21T01:50:55+08:00	agent=	session=70510bcb-b3b	cost=0	turns=1260	cache_hit=94.2%	in=650499	cr=601780186	cc=36074635	out=3680324
2026-06-21T01:53:06+08:00	agent=researcher	session=70510bcb-b3b	cost=0	turns=1262	cache_hit=94.3%	in=656061	cr=602560640	cc=36093989	out=3686590
2026-06-21T02:02:27+08:00	agent=	session=3d4c2bc8-b3d	cost=0	turns=236	cache_hit=90.9%	in=301483	cr=71396426	cc=6875260	out=883384
2026-06-21T02:04:21+08:00	agent=workflow-subagent	session=3d4c2bc8-b3d	cost=0	turns=236	cache_hit=90.9%	in=301483	cr=71396426	cc=6875260	out=883384
2026-06-21T02:05:05+08:00	agent=workflow-subagent	session=3d4c2bc8-b3d	cost=0	turns=236	cache_hit=90.9%	in=301483	cr=71396426	cc=6875260	out=883384
2026-06-21T02:07:50+08:00	agent=	session=70510bcb-b3b	cost=0	turns=1329	cache_hit=94.5%	in=675746	cr=633371957	cc=36347779	out=3823510
2026-06-21T02:33:22+08:00	agent=	session=3d4c2bc8-b3d	cost=0	turns=283	cache_hit=93.0%	in=310556	cr=98016915	cc=7018885	out=992046
2026-06-21T02:50:57+08:00	agent=researcher	session=70510bcb-b3b	cost=0	turns=1340	cache_hit=94.5%	in=678960	cr=638975153	cc=36394431	out=3883386
2026-06-21T02:51:06+08:00	agent=	session=70510bcb-b3b	cost=0	turns=1342	cache_hit=94.5%	in=678964	cr=640017579	cc=36400659	out=3886474
2026-06-21T02:51:12+08:00	agent=researcher	session=70510bcb-b3b	cost=0	turns=1342	cache_hit=94.5%	in=678964	cr=640017579	cc=36400659	out=3886474
2026-06-21T02:51:49+08:00	agent=researcher	session=70510bcb-b3b	cost=0	turns=1342	cache_hit=94.5%	in=678964	cr=640017579	cc=36400659	out=3886474
2026-06-21T02:54:48+08:00	agent=researcher	session=70510bcb-b3b	cost=0	turns=1342	cache_hit=94.5%	in=678964	cr=640017579	cc=36400659	out=3886474
2026-06-21T02:55:35+08:00	agent=researcher	session=70510bcb-b3b	cost=0	turns=1345	cache_hit=94.5%	in=682897	cr=641595192	cc=36428040	out=3892876
2026-06-21T02:58:12+08:00	agent=	session=70510bcb-b3b	cost=0	turns=1357	cache_hit=94.6%	in=693805	cr=648093322	cc=36458436	out=3913771
2026-06-21T02:59:58+08:00	agent=researcher	session=70510bcb-b3b	cost=0	turns=1357	cache_hit=94.6%	in=693805	cr=648093322	cc=36458436	out=3913771
2026-06-21T03:02:00+08:00	agent=evaluator	session=70510bcb-b3b	cost=0	turns=1357	cache_hit=94.6%	in=693805	cr=648093322	cc=36458436	out=3913771
2026-06-21T03:07:33+08:00	agent=researcher	session=70510bcb-b3b	cost=0	turns=1373	cache_hit=94.6%	in=697344	cr=657194052	cc=36541401	out=3970880
2026-06-21T03:18:36+08:00	agent=	session=70510bcb-b3b	cost=0	turns=1417	cache_hit=94.8%	in=718744	cr=684584968	cc=36658639	out=4054372
2026-06-21T03:20:22+08:00	agent=	session=70510bcb-b3b	cost=0	turns=1419	cache_hit=94.8%	in=719224	cr=685870578	cc=36659053	out=4055706
2026-06-21T03:26:22+08:00	agent=	session=70510bcb-b3b	cost=0	turns=1421	cache_hit=94.8%	in=721444	cr=687158412	cc=36659237	out=4069742
2026-06-21T05:13:23+08:00	agent=	session=696f0b74-e7b	cost=0	turns=219	cache_hit=93.4%	in=199295	cr=60413291	cc=4062027	out=625032
2026-06-21T06:52:15+08:00	agent=	session=696f0b74-e7b	cost=0	turns=237	cache_hit=92.3%	in=200174	cr=67237199	cc=5399201	out=666655
2026-06-21T12:15:19+08:00	agent=	session=696f0b74-e7b	cost=0	turns=258	cache_hit=91.6%	in=201059	cr=75861586	cc=6790081	out=692881
2026-06-21T15:00:21+08:00	agent=	session=cefc6c0e-773	cost=0	turns=5678	cache_hit=97.0%	in=3438330	cr=2765957957	cc=80664612	out=14435705
2026-06-21T15:04:28+08:00	agent=	session=70510bcb-b3b	cost=0	turns=1436	cache_hit=94.6%	in=726493	cr=695215576	cc=38672207	out=4163552
2026-06-21T15:04:32+08:00	agent=Explore	session=696f0b74-e7b	cost=0	turns=262	cache_hit=89.5%	in=210951	cr=75927530	cc=8668485	out=724509
2026-06-21T15:05:09+08:00	agent=Explore	session=696f0b74-e7b	cost=0	turns=262	cache_hit=89.5%	in=210951	cr=75927530	cc=8668485	out=724509
2026-06-21T15:08:10+08:00	agent=	session=70510bcb-b3b	cost=0	turns=1438	cache_hit=94.6%	in=727837	cr=696590858	cc=38672309	out=4179020
2026-06-21T15:12:14+08:00	agent=	session=70510bcb-b3b	cost=0	turns=1444	cache_hit=94.7%	in=728563	cr=700777789	cc=38679084	out=4201914
2026-06-21T15:14:37+08:00	agent=	session=cefc6c0e-773	cost=0	turns=5698	cache_hit=97.1%	in=3439729	cr=2778841001	cc=80734210	out=14493626
2026-06-21T15:15:31+08:00	agent=	session=d0806fea-6a6	cost=0	turns=651	cache_hit=94.3%	in=384117	cr=350131338	cc=20686083	out=2013869
2026-06-21T15:16:26+08:00	agent=Explore	session=d0806fea-6a6	cost=0	turns=651	cache_hit=94.3%	in=384117	cr=350131338	cc=20686083	out=2013869
2026-06-21T15:17:05+08:00	agent=Explore	session=d0806fea-6a6	cost=0	turns=651	cache_hit=94.3%	in=384117	cr=350131338	cc=20686083	out=2013869
2026-06-21T15:17:08+08:00	agent=Explore	session=d0806fea-6a6	cost=0	turns=651	cache_hit=94.3%	in=384117	cr=350131338	cc=20686083	out=2013869
2026-06-21T15:17:13+08:00	agent=Explore	session=d0806fea-6a6	cost=0	turns=651	cache_hit=94.3%	in=384117	cr=350131338	cc=20686083	out=2013869
2026-06-21T15:18:58+08:00	agent=Plan	session=696f0b74-e7b	cost=0	turns=278	cache_hit=90.4%	in=215711	cr=84002469	cc=8751877	out=763398
2026-06-21T15:19:23+08:00	agent=Explore	session=d0806fea-6a6	cost=0	turns=651	cache_hit=94.3%	in=384117	cr=350131338	cc=20686083	out=2013869
2026-06-21T15:22:32+08:00	agent=workflow-subagent	session=d0806fea-6a6	cost=0	turns=651	cache_hit=94.3%	in=384117	cr=350131338	cc=20686083	out=2013869
2026-06-21T15:26:12+08:00	agent=	session=70510bcb-b3b	cost=0	turns=1461	cache_hit=94.8%	in=730136	cr=712932397	cc=38733389	out=4259210
2026-06-21T15:26:16+08:00	agent=researcher	session=70510bcb-b3b	cost=0	turns=1461	cache_hit=94.8%	in=730136	cr=712932397	cc=38733389	out=4259210
2026-06-21T15:26:33+08:00	agent=researcher	session=70510bcb-b3b	cost=0	turns=1461	cache_hit=94.8%	in=730136	cr=712932397	cc=38733389	out=4259210
2026-06-21T15:27:09+08:00	agent=researcher	session=70510bcb-b3b	cost=0	turns=1463	cache_hit=94.8%	in=732834	cr=714389703	cc=38749045	out=4263216
2026-06-21T15:32:54+08:00	agent=	session=70510bcb-b3b	cost=0	turns=1481	cache_hit=94.8%	in=739297	cr=728117763	cc=38852090	out=4315196
2026-06-21T15:34:01+08:00	agent=	session=696f0b74-e7b	cost=0	turns=341	cache_hit=92.9%	in=217761	cr=120062296	cc=9024522	out=936668
2026-06-21T15:39:13+08:00	agent=	session=696f0b74-e7b	cost=0	turns=360	cache_hit=93.4%	in=219275	cr=131740507	cc=9069469	out=969744
2026-06-21T16:30:55+08:00	agent=	session=d0806fea-6a6	cost=0	turns=693	cache_hit=94.3%	in=391305	cr=358091670	cc=21400417	out=2088672
2026-06-21T16:32:40+08:00	agent=	session=3d4c2bc8-b3d	cost=0	turns=303	cache_hit=92.2%	in=312993	cr=108290707	cc=8856271	out=1041067
2026-06-21T16:42:34+08:00	agent=	session=696f0b74-e7b	cost=0	turns=388	cache_hit=94.1%	in=220558	cr=149570829	cc=9111321	out=1010579
2026-06-21T16:43:41+08:00	agent=	session=d0806fea-6a6	cost=0	turns=698	cache_hit=94.3%	in=392287	cr=359207237	cc=21409259	out=2100911
2026-06-21T16:53:52+08:00	agent=	session=3d4c2bc8-b3d	cost=0	turns=318	cache_hit=92.7%	in=314241	cr=117551372	cc=8882315	out=1064639
2026-06-21T17:44:57+08:00	agent=	session=3d4c2bc8-b3d	cost=0	turns=323	cache_hit=92.9%	in=314965	cr=120680829	cc=8891340	out=1079744
2026-06-21T17:57:27+08:00	agent=	session=3d4c2bc8-b3d	cost=0	turns=328	cache_hit=93.1%	in=315689	cr=123843493	cc=8902106	out=1101323
2026-06-21T19:37:55+08:00	agent=	session=4554cbf3-d09	cost=0	turns=267	cache_hit=93.8%	in=134203	cr=54580529	cc=3451093	out=657460
2026-06-21T19:38:27+08:00	agent=	session=3d4c2bc8-b3d	cost=0	turns=333	cache_hit=91.8%	in=316671	cr=125127169	cc=10839590	out=1123469
2026-06-21T19:39:08+08:00	agent=workflow-subagent	session=4554cbf3-d09	cost=0	turns=267	cache_hit=93.8%	in=134203	cr=54580529	cc=3451093	out=657460
2026-06-21T19:41:17+08:00	agent=workflow-subagent	session=4554cbf3-d09	cost=0	turns=267	cache_hit=93.8%	in=134203	cr=54580529	cc=3451093	out=657460
2026-06-21T19:41:29+08:00	agent=workflow-subagent	session=4554cbf3-d09	cost=0	turns=267	cache_hit=93.8%	in=134203	cr=54580529	cc=3451093	out=657460
2026-06-21T19:49:50+08:00	agent=	session=4554cbf3-d09	cost=0	turns=290	cache_hit=94.5%	in=136448	cr=62789587	cc=3530618	out=763488
2026-06-22T01:33:08+08:00	agent=Explore	session=d0806fea-6a6	cost=0	turns=706	cache_hit=94.1%	in=401384	cr=360372057	cc=22147841	out=2131893
2026-06-22T01:34:04+08:00	agent=Explore	session=d0806fea-6a6	cost=0	turns=706	cache_hit=94.1%	in=401384	cr=360372057	cc=22147841	out=2131893
2026-06-22T01:36:00+08:00	agent=Explore	session=d0806fea-6a6	cost=0	turns=706	cache_hit=94.1%	in=401384	cr=360372057	cc=22147841	out=2131893
2026-06-22T01:46:58+08:00	agent=	session=401038d3-941	cost=0	turns=689	cache_hit=97.9%	in=511297	cr=323781965	cc=6362964	out=1761845
2026-06-22T01:54:08+08:00	agent=	session=d0806fea-6a6	cost=0	turns=758	cache_hit=94.3%	in=404266	cr=375745826	cc=22407892	out=2279499
2026-06-22T02:21:49+08:00	agent=	session=d0806fea-6a6	cost=0	turns=763	cache_hit=94.3%	in=404990	cr=377408897	cc=22416586	out=2294885
2026-06-22T02:50:28+08:00	agent=	session=70510bcb-b3b	cost=0	turns=1488	cache_hit=94.6%	in=741534	cr=731261359	cc=41216068	out=4350874
2026-06-22T02:57:48+08:00	agent=	session=401038d3-941	cost=0	turns=706	cache_hit=97.7%	in=517934	cr=327011786	cc=7022451	out=1787206
2026-06-22T04:06:43+08:00	agent=	session=cefc6c0e-773	cost=0	turns=5698	cache_hit=97.1%	in=3439729	cr=2778841001	cc=80734210	out=14493626
2026-06-22T04:24:43+08:00	agent=	session=696f0b74-e7b	cost=0	turns=396	cache_hit=93.1%	in=222176	cr=152862022	cc=11022466	out=1030135
2026-06-22T04:28:05+08:00	agent=	session=696f0b74-e7b	cost=0	turns=407	cache_hit=93.4%	in=222912	cr=160134961	cc=11052258	out=1057859
2026-06-22T04:29:32+08:00	agent=	session=696f0b74-e7b	cost=0	turns=409	cache_hit=93.5%	in=223896	cr=161473747	cc=11052336	out=1060967
2026-06-22T04:34:11+08:00	agent=	session=401038d3-941	cost=0	turns=808	cache_hit=97.7%	in=522794	cr=357288942	cc=8047817	out=2069747
2026-06-22T04:46:09+08:00	agent=	session=d0806fea-6a6	cost=0	turns=777	cache_hit=94.1%	in=409464	cr=381348149	cc=23550802	out=2355848
2026-06-22T04:50:49+08:00	agent=	session=cefc6c0e-773	cost=0	turns=5714	cache_hit=97.0%	in=3653415	cr=2780323738	cc=81083682	out=14525193
2026-06-22T04:50:53+08:00	agent=	session=d0806fea-6a6	cost=0	turns=798	cache_hit=94.2%	in=410349	cr=389305416	cc=23581675	out=2383776
2026-06-22T05:04:36+08:00	agent=general-purpose	session=d0806fea-6a6	cost=0	turns=807	cache_hit=94.2%	in=411706	cr=392862111	cc=23659687	out=2482990
2026-06-22T05:05:56+08:00	agent=general-purpose	session=d0806fea-6a6	cost=0	turns=810	cache_hit=94.2%	in=415642	cr=394115454	cc=23680924	out=2490166
2026-06-22T05:10:39+08:00	agent=	session=d0806fea-6a6	cost=0	turns=839	cache_hit=94.4%	in=438395	cr=407161558	cc=23801455	out=2543529
2026-06-22T05:51:16+08:00	agent=	session=cefc6c0e-773	cost=0	turns=5880	cache_hit=97.1%	in=3831596	cr=2828045673	cc=81831306	out=15051856
2026-06-22T06:19:20+08:00	agent=	session=cefc6c0e-773	cost=0	turns=5938	cache_hit=97.1%	in=3835912	cr=2854668989	cc=81986256	out=15215925
2026-06-22T06:41:34+08:00	agent=	session=696f0b74-e7b	cost=0	turns=414	cache_hit=92.5%	in=224620	cr=162866179	cc=13020107	out=1064234
2026-06-22T06:54:37+08:00	agent=	session=cefc6c0e-773	cost=0	turns=6007	cache_hit=97.1%	in=3840390	cr=2891185212	cc=82140556	out=15366636
2026-06-22T07:18:00+08:00	agent=	session=cefc6c0e-773	cost=0	turns=6065	cache_hit=97.1%	in=3842984	cr=2924964918	cc=82255814	out=15476755
2026-06-22T08:34:56+08:00	agent=	session=696f0b74-e7b	cost=0	turns=444	cache_hit=92.2%	in=226540	cr=181432429	cc=15046029	out=1115035
2026-06-22T09:33:25+08:00	agent=	session=696f0b74-e7b	cost=0	turns=446	cache_hit=92.3%	in=227020	cr=182831053	cc=15046051	out=1122707
2026-06-22T09:47:08+08:00	agent=	session=696f0b74-e7b	cost=0	turns=465	cache_hit=92.8%	in=228651	cr=196351841	cc=15092366	out=1170803
2026-06-22T09:49:45+08:00	agent=	session=cefc6c0e-773	cost=0	turns=6185	cache_hit=97.1%	in=3850319	cr=3001673976	cc=84394245	out=15719609
2026-06-22T10:06:18+08:00	agent=	session=696f0b74-e7b	cost=0	turns=478	cache_hit=93.0%	in=230447	cr=205899658	cc=15178755	out=1218977
2026-06-22T10:42:26+08:00	agent=	session=cefc6c0e-773	cost=0	turns=6285	cache_hit=97.2%	in=3866764	cr=3076854835	cc=84581435	out=15878247
2026-06-22T11:36:07+08:00	agent=	session=cefc6c0e-773	cost=0	turns=6310	cache_hit=97.2%	in=3868044	cr=3096645697	cc=84621345	out=15920606
2026-06-22T15:31:12+08:00	agent=	session=cefc6c0e-773	cost=0	turns=6319	cache_hit=97.2%	in=3869145	cr=3101525528	cc=86994476	out=15948443
2026-06-22T17:22:51+08:00	agent=	session=cefc6c0e-773	cost=0	turns=6368	cache_hit=97.1%	in=3875828	cr=3140162243	cc=89506166	out=16064872
2026-06-22T17:46:17+08:00	agent=	session=cefc6c0e-773	cost=0	turns=6388	cache_hit=97.1%	in=3894498	cr=3157549047	cc=89578552	out=16122351
2026-06-22T18:07:04+08:00	agent=	session=cefc6c0e-773	cost=0	turns=6447	cache_hit=97.2%	in=3932661	cr=3212055920	cc=89774984	out=16279951
2026-06-22T18:10:43+08:00	agent=workflow-subagent	session=cefc6c0e-773	cost=0	turns=6450	cache_hit=97.2%	in=3933381	cr=3214945517	cc=89775248	out=16298134
2026-06-22T18:11:08+08:00	agent=	session=cefc6c0e-773	cost=0	turns=6450	cache_hit=97.2%	in=3933381	cr=3214945517	cc=89775248	out=16298134
2026-06-22T18:13:11+08:00	agent=workflow-subagent	session=cefc6c0e-773	cost=0	turns=6465	cache_hit=97.2%	in=4116541	cr=3216685096	cc=90161270	out=16315877
2026-06-22T18:15:54+08:00	agent=Explore	session=cefc6c0e-773	cost=0	turns=6483	cache_hit=97.2%	in=4117609	cr=3219908612	cc=90290008	out=16350417
2026-06-22T18:16:30+08:00	agent=workflow-subagent	session=cefc6c0e-773	cost=0	turns=6483	cache_hit=97.2%	in=4117609	cr=3219908612	cc=90290008	out=16350417
2026-06-22T18:17:14+08:00	agent=workflow-subagent	session=cefc6c0e-773	cost=0	turns=6486	cache_hit=97.2%	in=4117615	cr=3220503356	cc=90300400	out=16368978
2026-06-22T18:45:01+08:00	agent=	session=cefc6c0e-773	cost=0	turns=6550	cache_hit=97.2%	in=4126332	cr=3236831459	cc=90484182	out=16578694
2026-06-22T19:00:07+08:00	agent=	session=cefc6c0e-773	cost=0	turns=6588	cache_hit=97.2%	in=4127549	cr=3248460200	cc=90836788	out=16670931
2026-06-22T19:04:41+08:00	agent=	session=cefc6c0e-773	cost=0	turns=6596	cache_hit=97.2%	in=4128585	cr=3251128367	cc=90849664	out=16683127
2026-06-22T19:12:58+08:00	agent=	session=cefc6c0e-773	cost=0	turns=6601	cache_hit=97.2%	in=4129567	cr=3252818333	cc=90861267	out=16701169
2026-06-22T19:38:42+08:00	agent=	session=cefc6c0e-773	cost=0	turns=6651	cache_hit=97.2%	in=4131026	cr=3272683736	cc=90994018	out=16902247
2026-06-22T19:46:24+08:00	agent=	session=cefc6c0e-773	cost=0	turns=6660	cache_hit=97.2%	in=4133183	cr=3276553577	cc=91022796	out=16932410
2026-06-22T19:49:01+08:00	agent=	session=cefc6c0e-773	cost=0	turns=6668	cache_hit=97.2%	in=4133437	cr=3280090288	cc=91040360	out=16954789
2026-06-22T20:24:44+08:00	agent=	session=cefc6c0e-773	cost=0	turns=6734	cache_hit=97.2%	in=4137917	cr=3311849777	cc=91185445	out=17100468
2026-06-22T20:54:13+08:00	agent=	session=cefc6c0e-773	cost=0	turns=6745	cache_hit=97.2%	in=4140333	cr=3317554782	cc=91213846	out=17130722
2026-06-22T20:56:43+08:00	agent=	session=cefc6c0e-773	cost=0	turns=6753	cache_hit=97.2%	in=4141855	cr=3321783690	cc=91240100	out=17156095
2026-06-22T21:11:28+08:00	agent=	session=cefc6c0e-773	cost=0	turns=6801	cache_hit=97.2%	in=4143568	cr=3348961240	cc=91322240	out=17273356
2026-06-22T21:17:22+08:00	agent=workflow-subagent	session=e33ba939-69f	cost=0	turns=31	cache_hit=80.3%	in=83977	cr=2855238	cc=618653	out=194773
2026-06-22T21:17:55+08:00	agent=workflow-subagent	session=e33ba939-69f	cost=0	turns=31	cache_hit=80.3%	in=83977	cr=2855238	cc=618653	out=194773
2026-06-22T21:18:38+08:00	agent=workflow-subagent	session=e33ba939-69f	cost=0	turns=34	cache_hit=81.6%	in=84349	cr=3333339	cc=669428	out=213964
2026-06-22T21:18:46+08:00	agent=	session=e33ba939-69f	cost=0	turns=36	cache_hit=82.8%	in=84353	cr=3685923	cc=682644	out=218080
2026-06-22T21:22:38+08:00	agent=	session=cefc6c0e-773	cost=0	turns=6815	cache_hit=97.2%	in=4158626	cr=3357229389	cc=91371385	out=17303460
2026-06-22T21:22:56+08:00	agent=workflow-subagent	session=e33ba939-69f	cost=0	turns=36	cache_hit=82.8%	in=84353	cr=3685923	cc=682644	out=218080
2026-06-22T21:23:42+08:00	agent=workflow-subagent	session=e33ba939-69f	cost=0	turns=36	cache_hit=82.8%	in=84353	cr=3685923	cc=682644	out=218080
2026-06-22T21:27:57+08:00	agent=workflow-subagent	session=e33ba939-69f	cost=0	turns=36	cache_hit=82.8%	in=84353	cr=3685923	cc=682644	out=218080
2026-06-22T21:46:05+08:00	agent=	session=cefc6c0e-773	cost=0	turns=6841	cache_hit=97.2%	in=4161096	cr=3373479461	cc=91447308	out=17404629
2026-06-22T22:19:02+08:00	agent=	session=cefc6c0e-773	cost=0	turns=6853	cache_hit=97.2%	in=4161918	cr=3381266181	cc=91479291	out=17446365
2026-06-22T22:19:04+08:00	agent=Explore	session=cefc6c0e-773	cost=0	turns=6853	cache_hit=97.2%	in=4161918	cr=3381266181	cc=91479291	out=17446365
2026-06-22T22:19:06+08:00	agent=Explore	session=cefc6c0e-773	cost=0	turns=6853	cache_hit=97.2%	in=4161918	cr=3381266181	cc=91479291	out=17446365
2026-06-22T22:19:09+08:00	agent=Explore	session=cefc6c0e-773	cost=0	turns=6853	cache_hit=97.2%	in=4161918	cr=3381266181	cc=91479291	out=17446365
2026-06-22T22:19:32+08:00	agent=Explore	session=cefc6c0e-773	cost=0	turns=6853	cache_hit=97.2%	in=4161918	cr=3381266181	cc=91479291	out=17446365
2026-06-22T22:20:05+08:00	agent=Explore	session=cefc6c0e-773	cost=0	turns=6853	cache_hit=97.2%	in=4161918	cr=3381266181	cc=91479291	out=17446365
2026-06-22T22:20:41+08:00	agent=	session=e33ba939-69f	cost=0	turns=69	cache_hit=91.4%	in=91790	cr=11547536	cc=1001428	out=417685
2026-06-22T22:22:26+08:00	agent=evaluator	session=e33ba939-69f	cost=0	turns=69	cache_hit=91.4%	in=91790	cr=11547536	cc=1001428	out=417685
2026-06-22T22:22:49+08:00	agent=workflow-subagent	session=e33ba939-69f	cost=0	turns=69	cache_hit=91.4%	in=91790	cr=11547536	cc=1001428	out=417685
2026-06-22T22:23:05+08:00	agent=workflow-subagent	session=cefc6c0e-773	cost=0	turns=6853	cache_hit=97.2%	in=4161918	cr=3381266181	cc=91479291	out=17446365
2026-06-22T22:37:18+08:00	agent=	session=cefc6c0e-773	cost=0	turns=6900	cache_hit=97.3%	in=4167373	cr=3413492500	cc=91630871	out=17565925
2026-06-22T23:32:08+08:00	agent=	session=cefc6c0e-773	cost=0	turns=6905	cache_hit=97.3%	in=4168097	cr=3417065361	cc=91633922	out=17571347
2026-06-22T23:42:57+08:00	agent=	session=cefc6c0e-773	cost=0	turns=6913	cache_hit=97.3%	in=4169211	cr=3422810689	cc=91648730	out=17585943
2026-06-22T23:46:53+08:00	agent=	session=cefc6c0e-773	cost=0	turns=6928	cache_hit=97.3%	in=4170342	cr=3433749974	cc=91683540	out=17623994
2026-06-23T00:14:20+08:00	agent=	session=cefc6c0e-773	cost=0	turns=7022	cache_hit=97.3%	in=4174664	cr=3508219356	cc=91974508	out=17837042
2026-06-23T00:19:02+08:00	agent=	session=cefc6c0e-773	cost=0	turns=7043	cache_hit=97.3%	in=4175093	cr=3526102952	cc=92015511	out=17883591
2026-06-23T00:31:09+08:00	agent=	session=cefc6c0e-773	cost=0	turns=7069	cache_hit=97.4%	in=4176633	cr=3548712647	cc=92085331	out=17954205
2026-06-23T01:26:41+08:00	agent=	session=cefc6c0e-773	cost=0	turns=7086	cache_hit=97.4%	in=4177768	cr=3563887606	cc=92121195	out=17989652
2026-06-23T10:18:29+08:00	agent=	session=cefc6c0e-773	cost=0	turns=7108	cache_hit=97.3%	in=4184682	cr=3581324405	cc=94836038	out=18044860
2026-06-23T10:36:58+08:00	agent=	session=cefc6c0e-773	cost=0	turns=7120	cache_hit=97.3%	in=4185807	cr=3592578788	cc=94880738	out=18105724
2026-06-23T10:41:38+08:00	agent=	session=cefc6c0e-773	cost=0	turns=7129	cache_hit=97.3%	in=4186623	cr=3601213316	cc=94903529	out=18132451
2026-06-23T10:44:44+08:00	agent=	session=cefc6c0e-773	cost=0	turns=7138	cache_hit=97.3%	in=4401061	cr=3601973954	cc=95241988	out=18157528
2026-06-23T10:55:12+08:00	agent=	session=cefc6c0e-773	cost=0	turns=7160	cache_hit=97.3%	in=4402881	cr=3605434899	cc=95779506	out=18235434
2026-06-23T10:55:50+08:00	agent=workflow-subagent	session=cefc6c0e-773	cost=0	turns=7160	cache_hit=97.3%	in=4402881	cr=3605434899	cc=95779506	out=18235434
2026-06-23T10:56:02+08:00	agent=workflow-subagent	session=cefc6c0e-773	cost=0	turns=7160	cache_hit=97.3%	in=4402881	cr=3605434899	cc=95779506	out=18235434
2026-06-23T10:56:34+08:00	agent=workflow-subagent	session=cefc6c0e-773	cost=0	turns=7160	cache_hit=97.3%	in=4402881	cr=3605434899	cc=95779506	out=18235434
2026-06-23T10:56:53+08:00	agent=workflow-subagent	session=cefc6c0e-773	cost=0	turns=7160	cache_hit=97.3%	in=4402881	cr=3605434899	cc=95779506	out=18235434
2026-06-23T10:58:32+08:00	agent=workflow-subagent	session=cefc6c0e-773	cost=0	turns=7160	cache_hit=97.3%	in=4402881	cr=3605434899	cc=95779506	out=18235434
2026-06-23T11:22:59+08:00	agent=	session=cefc6c0e-773	cost=0	turns=7258	cache_hit=97.3%	in=4409476	cr=3632119221	cc=96098627	out=18479907
2026-06-23T11:33:27+08:00	agent=	session=cefc6c0e-773	cost=0	turns=7272	cache_hit=97.3%	in=4411772	cr=3636838822	cc=96160591	out=18538504
2026-06-23T11:48:28+08:00	agent=	session=cefc6c0e-773	cost=0	turns=7274	cache_hit=97.3%	in=4412498	cr=3637543220	cc=96160615	out=18545942
2026-06-23T11:59:20+08:00	agent=	session=cefc6c0e-773	cost=0	turns=7308	cache_hit=97.3%	in=4414360	cr=3650300160	cc=96252793	out=18643636
2026-06-23T12:10:08+08:00	agent=	session=d0806fea-6a6	cost=0	turns=844	cache_hit=94.3%	in=439853	cr=409082586	cc=24291536	out=2567060
2026-06-23T12:14:45+08:00	agent=Explore	session=d0806fea-6a6	cost=0	turns=844	cache_hit=94.3%	in=439853	cr=409082586	cc=24291536	out=2567060
2026-06-23T12:17:04+08:00	agent=Explore	session=d0806fea-6a6	cost=0	turns=844	cache_hit=94.3%	in=439853	cr=409082586	cc=24291536	out=2567060
2026-06-23T12:17:20+08:00	agent=	session=cefc6c0e-773	cost=0	turns=7330	cache_hit=97.3%	in=4416219	cr=3659442034	cc=96362493	out=18735280
2026-06-23T12:17:37+08:00	agent=Explore	session=d0806fea-6a6	cost=0	turns=844	cache_hit=94.3%	in=439853	cr=409082586	cc=24291536	out=2567060
2026-06-23T12:20:14+08:00	agent=workflow-subagent	session=d0806fea-6a6	cost=0	turns=844	cache_hit=94.3%	in=439853	cr=409082586	cc=24291536	out=2567060
2026-06-23T12:22:17+08:00	agent=	session=d0806fea-6a6	cost=0	turns=852	cache_hit=94.3%	in=442761	cr=413036918	cc=24333867	out=2583778
2026-06-23T12:34:16+08:00	agent=	session=cefc6c0e-773	cost=0	turns=7343	cache_hit=97.3%	in=4417088	cr=3665250020	cc=96399549	out=18776003
2026-06-23T12:54:17+08:00	agent=	session=cefc6c0e-773	cost=0	turns=7397	cache_hit=97.3%	in=4432874	cr=3691415254	cc=96541630	out=18907772
2026-06-23T12:56:17+08:00	agent=	session=d0806fea-6a6	cost=0	turns=988	cache_hit=95.2%	in=445940	cr=492496784	cc=24635534	out=2797025
2026-06-23T12:58:55+08:00	agent=	session=cefc6c0e-773	cost=0	turns=7405	cache_hit=97.3%	in=4433988	cr=3695561604	cc=96554591	out=18919770
2026-06-23T12:59:33+08:00	agent=	session=d0806fea-6a6	cost=0	turns=999	cache_hit=95.2%	in=447063	cr=499471136	cc=24661606	out=2822806
2026-06-23T13:02:28+08:00	agent=	session=cefc6c0e-773	cost=0	turns=7417	cache_hit=97.3%	in=4435113	cr=3701893924	cc=96576374	out=18946104
2026-06-23T13:19:02+08:00	agent=workflow-subagent	session=cefc6c0e-773	cost=0	turns=7425	cache_hit=97.3%	in=4435927	cr=3706181914	cc=96619492	out=18995965
2026-06-23T13:19:32+08:00	agent=	session=cefc6c0e-773	cost=0	turns=7427	cache_hit=97.3%	in=4436407	cr=3707284650	cc=96621200	out=19002627
2026-06-23T13:21:53+08:00	agent=workflow-subagent	session=cefc6c0e-773	cost=0	turns=7427	cache_hit=97.3%	in=4436407	cr=3707284650	cc=96621200	out=19002627
2026-06-23T13:24:32+08:00	agent=workflow-subagent	session=cefc6c0e-773	cost=0	turns=7427	cache_hit=97.3%	in=4436407	cr=3707284650	cc=96621200	out=19002627
2026-06-23T13:28:07+08:00	agent=workflow-subagent	session=cefc6c0e-773	cost=0	turns=7427	cache_hit=97.3%	in=4436407	cr=3707284650	cc=96621200	out=19002627
2026-06-23T13:35:57+08:00	agent=	session=cefc6c0e-773	cost=0	turns=7459	cache_hit=97.4%	in=4440689	cr=3725949277	cc=96737456	out=19084470
2026-06-23T13:43:33+08:00	agent=	session=cefc6c0e-773	cost=0	turns=7477	cache_hit=97.4%	in=4442864	cr=3737099270	cc=96768675	out=19148249
2026-06-23T13:55:10+08:00	agent=	session=cefc6c0e-773	cost=0	turns=7493	cache_hit=97.4%	in=4444252	cr=3747346430	cc=96793719	out=19197995
2026-06-23T13:59:46+08:00	agent=	session=cefc6c0e-773	cost=0	turns=7501	cache_hit=97.4%	in=4446647	cr=3752559437	cc=96818240	out=19228528
2026-06-23T14:03:28+08:00	agent=	session=e33ba939-69f	cost=0	turns=139	cache_hit=94.3%	in=116918	cr=37654115	cc=2178892	out=787946
2026-06-23T14:07:54+08:00	agent=	session=cefc6c0e-773	cost=0	turns=7506	cache_hit=97.4%	in=4447746	cr=3755871703	cc=96829356	out=19249761
2026-06-23T14:17:47+08:00	agent=	session=cefc6c0e-773	cost=0	turns=7545	cache_hit=97.4%	in=4449699	cr=3782701452	cc=96919892	out=19328871
2026-06-23T14:30:46+08:00	agent=	session=e33ba939-69f	cost=0	turns=186	cache_hit=95.8%	in=120807	cr=60648045	cc=2537781	out=1062854
2026-06-23T14:33:08+08:00	agent=workflow-subagent	session=e33ba939-69f	cost=0	turns=186	cache_hit=95.8%	in=120807	cr=60648045	cc=2537781	out=1062854
2026-06-23T14:33:30+08:00	agent=evaluator	session=e33ba939-69f	cost=0	turns=186	cache_hit=95.8%	in=120807	cr=60648045	cc=2537781	out=1062854
2026-06-23T14:42:16+08:00	agent=	session=d0806fea-6a6	cost=0	turns=1043	cache_hit=95.1%	in=448639	cr=526548113	cc=26680525	out=2900853
2026-06-23T14:45:17+08:00	agent=	session=e33ba939-69f	cost=0	turns=239	cache_hit=96.8%	in=187490	cr=91235674	cc=2836950	out=1304798
2026-06-23T14:47:13+08:00	agent=workflow-subagent	session=e33ba939-69f	cost=0	turns=239	cache_hit=96.8%	in=187490	cr=91235674	cc=2836950	out=1304798
2026-06-23T14:48:29+08:00	agent=evaluator	session=e33ba939-69f	cost=0	turns=239	cache_hit=96.8%	in=187490	cr=91235674	cc=2836950	out=1304798
2026-06-23T14:55:00+08:00	agent=	session=e33ba939-69f	cost=0	turns=271	cache_hit=97.3%	in=193212	cr=111404913	cc=2954953	out=1415717
2026-06-23T14:57:15+08:00	agent=workflow-subagent	session=e33ba939-69f	cost=0	turns=271	cache_hit=97.3%	in=193212	cr=111404913	cc=2954953	out=1415717
2026-06-23T14:57:17+08:00	agent=evaluator	session=e33ba939-69f	cost=0	turns=271	cache_hit=97.3%	in=193212	cr=111404913	cc=2954953	out=1415717
2026-06-23T15:07:32+08:00	agent=	session=e33ba939-69f	cost=0	turns=318	cache_hit=97.7%	in=205089	cr=142713330	cc=3123412	out=1543745
2026-06-23T15:27:36+08:00	agent=	session=cefc6c0e-773	cost=0	turns=7582	cache_hit=97.4%	in=4455767	cr=3807142185	cc=99048846	out=19374046
2026-06-23T15:51:32+08:00	agent=	session=cefc6c0e-773	cost=0	turns=7617	cache_hit=97.4%	in=4458621	cr=3833442405	cc=99161895	out=19472896
2026-06-23T15:54:40+08:00	agent=	session=cefc6c0e-773	cost=0	turns=7619	cache_hit=97.4%	in=4459347	cr=3834983469	cc=99161963	out=19484116
2026-06-23T16:02:21+08:00	agent=	session=cefc6c0e-773	cost=0	turns=7653	cache_hit=97.4%	in=4462430	cr=3861890123	cc=99241241	out=19554588
2026-06-23T17:44:28+08:00	agent=	session=cefc6c0e-773	cost=0	turns=7686	cache_hit=97.3%	in=4465415	cr=3886650865	cc=101715960	out=19656507
2026-06-23T18:08:22+08:00	agent=	session=cefc6c0e-773	cost=0	turns=7732	cache_hit=97.4%	in=4469323	cr=3926573315	cc=101785292	out=19740796
2026-06-23T18:26:30+08:00	agent=Explore	session=cefc6c0e-773	cost=0	turns=7739	cache_hit=97.4%	in=4477659	cr=3932783796	cc=101823224	out=19761615
2026-06-23T18:29:00+08:00	agent=Explore	session=cefc6c0e-773	cost=0	turns=7739	cache_hit=97.4%	in=4477659	cr=3932783796	cc=101823224	out=19761615
2026-06-23T18:32:33+08:00	agent=Explore	session=cefc6c0e-773	cost=0	turns=7745	cache_hit=97.4%	in=4478883	cr=3938198820	cc=101872649	out=19780659
2026-06-23T18:42:42+08:00	agent=	session=cefc6c0e-773	cost=0	turns=7763	cache_hit=97.4%	in=4479564	cr=3954981958	cc=101955589	out=19878198
2026-06-23T18:54:00+08:00	agent=	session=cefc6c0e-773	cost=0	turns=7854	cache_hit=97.4%	in=4750598	cr=3970197757	cc=102520086	out=19997385
2026-06-23T18:56:35+08:00	agent=	session=e33ba939-69f	cost=0	turns=358	cache_hit=97.2%	in=208900	cr=170030330	cc=4671549	out=1698062
2026-06-23T19:19:02+08:00	agent=	session=e33ba939-69f	cost=0	turns=363	cache_hit=97.3%	in=209624	cr=173771104	cc=4679446	out=1717080
2026-06-23T19:28:34+08:00	agent=Explore	session=cefc6c0e-773	cost=0	turns=7865	cache_hit=97.4%	in=4758339	cr=3971950371	cc=103178886	out=20038577
2026-06-23T19:28:58+08:00	agent=Explore	session=cefc6c0e-773	cost=0	turns=7865	cache_hit=97.4%	in=4758339	cr=3971950371	cc=103178886	out=20038577
2026-06-23T19:31:27+08:00	agent=Explore	session=cefc6c0e-773	cost=0	turns=7865	cache_hit=97.4%	in=4758339	cr=3971950371	cc=103178886	out=20038577
2026-06-23T19:36:04+08:00	agent=workflow-subagent	session=b73776ae-4d0	cost=0	turns=38	cache_hit=84.2%	in=170291	cr=4029123	cc=587397	out=87143
2026-06-23T19:36:05+08:00	agent=workflow-subagent	session=b73776ae-4d0	cost=0	turns=38	cache_hit=84.2%	in=170291	cr=4029123	cc=587397	out=87143
2026-06-23T19:36:17+08:00	agent=workflow-subagent	session=b73776ae-4d0	cost=0	turns=40	cache_hit=85.1%	in=170295	cr=4363299	cc=591393	out=87707
2026-06-23T19:36:23+08:00	agent=workflow-subagent	session=b73776ae-4d0	cost=0	turns=42	cache_hit=86.0%	in=170299	cr=4701471	cc=592007	out=88147
2026-06-23T19:37:16+08:00	agent=Explore	session=b73776ae-4d0	cost=0	turns=50	cache_hit=88.7%	in=170573	cr=6060238	cc=601805	out=94894
2026-06-23T19:37:18+08:00	agent=	session=b73776ae-4d0	cost=0	turns=50	cache_hit=88.7%	in=170573	cr=6060238	cc=601805	out=94894
2026-06-23T19:37:53+08:00	agent=workflow-subagent	session=b73776ae-4d0	cost=0	turns=50	cache_hit=88.7%	in=170573	cr=6060238	cc=601805	out=94894
2026-06-23T19:49:57+08:00	agent=	session=b73776ae-4d0	cost=0	turns=103	cache_hit=94.6%	in=174828	cr=18511139	cc=890284	out=235043
2026-06-23T20:23:29+08:00	agent=workflow-subagent	session=b73776ae-4d0	cost=0	turns=120	cache_hit=95.1%	in=178993	cr=23343774	cc=1026698	out=362425
2026-06-23T20:23:55+08:00	agent=Explore	session=b73776ae-4d0	cost=0	turns=123	cache_hit=95.2%	in=178999	cr=24291576	cc=1046729	out=374386
2026-06-23T20:24:17+08:00	agent=Explore	session=b73776ae-4d0	cost=0	turns=123	cache_hit=95.2%	in=178999	cr=24291576	cc=1046729	out=374386
2026-06-23T20:25:45+08:00	agent=	session=b73776ae-4d0	cost=0	turns=125	cache_hit=95.3%	in=179003	cr=24936798	cc=1054749	out=386130
2026-06-23T20:26:59+08:00	agent=Explore	session=b73776ae-4d0	cost=0	turns=125	cache_hit=95.3%	in=179003	cr=24936798	cc=1054749	out=386130
2026-06-23T21:28:29+08:00	agent=	session=cefc6c0e-773	cost=0	turns=7985	cache_hit=97.4%	in=4762587	cr=4009522538	cc=104380810	out=20371980
2026-06-23T21:37:01+08:00	agent=	session=cefc6c0e-773	cost=0	turns=7992	cache_hit=97.4%	in=4763077	cr=4012215133	cc=104386865	out=20380347
2026-06-24T00:34:17+08:00	agent=	session=cefc6c0e-773	cost=0	turns=8003	cache_hit=97.3%	in=4764329	cr=4015386900	cc=105518477	out=20389021
2026-06-24T00:58:11+08:00	agent=	session=cefc6c0e-773	cost=0	turns=8023	cache_hit=97.3%	in=4765470	cr=4023419064	cc=105577846	out=20420664
2026-06-24T01:10:29+08:00	agent=	session=cefc6c0e-773	cost=0	turns=8025	cache_hit=97.3%	in=4766814	cr=4024259902	cc=105578110	out=20438806
2026-06-24T03:23:58+08:00	agent=	session=cefc6c0e-773	cost=0	turns=8041	cache_hit=97.3%	in=4772067	cr=4030568980	cc=106521646	out=20523739
2026-06-24T04:14:46+08:00	agent=	session=cefc6c0e-773	cost=0	turns=8080	cache_hit=97.3%	in=4779272	cr=4050568906	cc=106741819	out=20748517
2026-06-24T04:16:07+08:00	agent=	session=cefc6c0e-773	cost=0	turns=8085	cache_hit=97.3%	in=4781292	cr=4053405116	cc=106754928	out=20759092
2026-06-24T04:31:44+08:00	agent=	session=cefc6c0e-773	cost=0	turns=8092	cache_hit=97.3%	in=4783316	cr=4057465433	cc=106790639	out=20812297
2026-06-24T04:37:04+08:00	agent=	session=cefc6c0e-773	cost=0	turns=8102	cache_hit=97.3%	in=4784910	cr=4063455398	cc=106826641	out=20856152
2026-06-24T04:38:38+08:00	agent=	session=cefc6c0e-773	cost=0	turns=8105	cache_hit=97.3%	in=4785154	cr=4065296360	cc=106829483	out=20867401
2026-06-24T04:50:40+08:00	agent=	session=cefc6c0e-773	cost=0	turns=8181	cache_hit=97.4%	in=4788201	cr=4115293876	cc=106987563	out=20991992
2026-06-24T04:52:58+08:00	agent=	session=f92774d7-cae	cost=0	turns=486	cache_hit=90.6%	in=638857	cr=173577253	cc=17336155	out=1943127
2026-06-24T05:03:27+08:00	agent=Explore	session=cefc6c0e-773	cost=0	turns=8214	cache_hit=97.4%	in=4799250	cr=4138718653	cc=107128962	out=21118448
2026-06-24T05:05:20+08:00	agent=Explore	session=cefc6c0e-773	cost=0	turns=8214	cache_hit=97.4%	in=4799250	cr=4138718653	cc=107128962	out=21118448
2026-06-24T11:30:47+08:00	agent=Explore	session=b73776ae-4d0	cost=0	turns=146	cache_hit=89.3%	in=184325	cr=30525573	cc=3484287	out=507403
2026-06-24T11:33:35+08:00	agent=	session=cefc6c0e-773	cost=0	turns=8255	cache_hit=97.3%	in=4811737	cr=4166109411	cc=111935665	out=21287283
2026-06-24T11:36:40+08:00	agent=	session=b73776ae-4d0	cost=0	turns=157	cache_hit=90.4%	in=185106	cr=35145273	cc=3545762	out=564844
2026-06-24T12:23:10+08:00	agent=	session=cefc6c0e-773	cost=0	turns=8299	cache_hit=97.3%	in=4813184	cr=4202788838	cc=112006971	out=21369315
2026-06-24T18:07:25+08:00	agent=	session=cefc6c0e-773	cost=0	turns=8304	cache_hit=97.2%	in=4814292	cr=4204543401	cc=114526498	out=21383691
2026-06-24T18:09:19+08:00	agent=	session=cefc6c0e-773	cost=0	turns=8309	cache_hit=97.2%	in=4815016	cr=4208841333	cc=114536754	out=21402216
2026-06-24T22:18:03+08:00	agent=	session=cefc6c0e-773	cost=0	turns=8339	cache_hit=97.2%	in=4823497	cr=4232875219	cc=117198981	out=21490744
2026-06-24T22:57:54+08:00	agent=	session=cefc6c0e-773	cost=0	turns=8377	cache_hit=97.2%	in=4825061	cr=4267787186	cc=117285386	out=21564566
2026-06-25T00:48:15+08:00	agent=	session=cefc6c0e-773	cost=0	turns=8391	cache_hit=97.2%	in=4829399	cr=4278260502	cc=120105745	out=21634382
2026-06-25T00:54:10+08:00	agent=Explore	session=cefc6c0e-773	cost=0	turns=8396	cache_hit=97.2%	in=5098889	cr=4278341467	cc=120335695	out=21698942
2026-06-25T00:54:48+08:00	agent=Explore	session=cefc6c0e-773	cost=0	turns=8396	cache_hit=97.2%	in=5098889	cr=4278341467	cc=120335695	out=21698942
2026-06-25T00:54:57+08:00	agent=Explore	session=cefc6c0e-773	cost=0	turns=8396	cache_hit=97.2%	in=5098889	cr=4278341467	cc=120335695	out=21698942
2026-06-25T01:01:39+08:00	agent=Explore	session=cefc6c0e-773	cost=0	turns=8400	cache_hit=97.1%	in=5276253	cr=4278590199	cc=120660611	out=21758326
2026-06-25T01:01:47+08:00	agent=Explore	session=cefc6c0e-773	cost=0	turns=8400	cache_hit=97.1%	in=5276253	cr=4278590199	cc=120660611	out=21758326
2026-06-25T01:30:28+08:00	agent=	session=cefc6c0e-773	cost=0	turns=8466	cache_hit=97.1%	in=5298249	cr=4295937629	cc=121406741	out=22100357
2026-06-25T02:01:05+08:00	agent=workflow-subagent	session=cefc6c0e-773	cost=0	turns=8507	cache_hit=97.1%	in=5300986	cr=4309964453	cc=122557690	out=22245631
2026-06-25T02:01:35+08:00	agent=workflow-subagent	session=cefc6c0e-773	cost=0	turns=8507	cache_hit=97.1%	in=5300986	cr=4309964453	cc=122557690	out=22245631
2026-06-25T02:02:02+08:00	agent=workflow-subagent	session=cefc6c0e-773	cost=0	turns=8511	cache_hit=97.1%	in=5300994	cr=4311545869	cc=122570194	out=22258803
2026-06-25T02:02:21+08:00	agent=	session=cefc6c0e-773	cost=0	turns=8513	cache_hit=97.1%	in=5300998	cr=4312342829	cc=122580708	out=22263281
2026-06-25T02:07:35+08:00	agent=workflow-subagent	session=cefc6c0e-773	cost=0	turns=8513	cache_hit=97.1%	in=5300998	cr=4312342829	cc=122580708	out=22263281
2026-06-25T02:20:23+08:00	agent=	session=cefc6c0e-773	cost=0	turns=8552	cache_hit=97.1%	in=5306449	cr=4330149401	cc=122830845	out=22411620
2026-06-25T02:22:01+08:00	agent=workflow-subagent	session=cefc6c0e-773	cost=0	turns=8552	cache_hit=97.1%	in=5306449	cr=4330149401	cc=122830845	out=22411620
2026-06-25T02:26:50+08:00	agent=workflow-subagent	session=cefc6c0e-773	cost=0	turns=8552	cache_hit=97.1%	in=5306449	cr=4330149401	cc=122830845	out=22411620
2026-06-25T02:28:43+08:00	agent=	session=d0806fea-6a6	cost=0	turns=1079	cache_hit=94.9%	in=464314	cr=549640822	cc=28810679	out=2978044
2026-06-25T02:34:27+08:00	agent=workflow-subagent	session=cefc6c0e-773	cost=0	turns=8552	cache_hit=97.1%	in=5306449	cr=4330149401	cc=122830845	out=22411620
2026-06-25T02:37:55+08:00	agent=workflow-subagent	session=cefc6c0e-773	cost=0	turns=8552	cache_hit=97.1%	in=5306449	cr=4330149401	cc=122830845	out=22411620
2026-06-25T02:45:41+08:00	agent=	session=cefc6c0e-773	cost=0	turns=8570	cache_hit=97.1%	in=5310178	cr=4339519382	cc=122922010	out=22500410
2026-06-25T02:49:15+08:00	agent=	session=d0806fea-6a6	cost=0	turns=1085	cache_hit=95.0%	in=465414	cr=553976449	cc=28826754	out=2997564
2026-06-25T02:51:11+08:00	agent=	session=d0806fea-6a6	cost=0	turns=1090	cache_hit=95.0%	in=466891	cr=557647722	cc=28842098	out=3017720
2026-06-25T02:52:38+08:00	agent=Explore	session=d0806fea-6a6	cost=0	turns=1090	cache_hit=95.0%	in=466891	cr=557647722	cc=28842098	out=3017720
2026-06-25T02:53:40+08:00	agent=Explore	session=d0806fea-6a6	cost=0	turns=1090	cache_hit=95.0%	in=466891	cr=557647722	cc=28842098	out=3017720
2026-06-25T02:54:12+08:00	agent=Explore	session=d0806fea-6a6	cost=0	turns=1090	cache_hit=95.0%	in=466891	cr=557647722	cc=28842098	out=3017720
2026-06-25T03:00:39+08:00	agent=Explore	session=d0806fea-6a6	cost=0	turns=1090	cache_hit=95.0%	in=466891	cr=557647722	cc=28842098	out=3017720
2026-06-25T03:03:00+08:00	agent=workflow-subagent	session=d0806fea-6a6	cost=0	turns=1090	cache_hit=95.0%	in=466891	cr=557647722	cc=28842098	out=3017720
2026-06-25T03:09:53+08:00	agent=	session=d0806fea-6a6	cost=0	turns=1127	cache_hit=95.2%	in=471165	cr=585794459	cc=28919665	out=3073672
2026-06-25T03:53:49+08:00	agent=	session=d0806fea-6a6	cost=0	turns=1162	cache_hit=95.4%	in=486781	cr=613533261	cc=29008707	out=3130999
2026-06-25T04:08:13+08:00	agent=	session=d0806fea-6a6	cost=0	turns=1172	cache_hit=95.5%	in=488313	cr=621689434	cc=29040188	out=3164086
2026-06-25T04:09:00+08:00	agent=Explore	session=cefc6c0e-773	cost=0	turns=8620	cache_hit=97.1%	in=5318078	cr=4367043379	cc=124682594	out=22690651
2026-06-25T04:11:59+08:00	agent=	session=cefc6c0e-773	cost=0	turns=8639	cache_hit=97.1%	in=5328997	cr=4379091149	cc=124756327	out=22750331
2026-06-25T13:26:11+08:00	agent=workflow-subagent	session=b73776ae-4d0	cost=0	turns=171	cache_hit=88.7%	in=188023	cr=40147851	cc=4918051	out=646436
2026-06-25T13:26:38+08:00	agent=workflow-subagent	session=b73776ae-4d0	cost=0	turns=171	cache_hit=88.7%	in=188023	cr=40147851	cc=4918051	out=646436
2026-06-25T13:26:52+08:00	agent=	session=b73776ae-4d0	cost=0	turns=173	cache_hit=88.9%	in=188027	cr=41085867	cc=4925511	out=656442
2026-06-25T13:29:09+08:00	agent=	session=b73776ae-4d0	cost=0	turns=180	cache_hit=89.6%	in=192835	cr=44450397	cc=4976781	out=677237
2026-06-25T14:03:44+08:00	agent=	session=cefc6c0e-773	cost=0	turns=8667	cache_hit=97.1%	in=5335305	cr=4396975432	cc=126198700	out=22927100
2026-06-25T14:12:52+08:00	agent=	session=cefc6c0e-773	cost=0	turns=8680	cache_hit=97.1%	in=5338313	cr=4406466634	cc=126224622	out=22989914
2026-06-25T14:24:47+08:00	agent=	session=cefc6c0e-773	cost=0	turns=8696	cache_hit=97.1%	in=5341633	cr=4418620504	cc=126284041	out=23084342
2026-06-25T14:49:10+08:00	agent=	session=cefc6c0e-773	cost=0	turns=8733	cache_hit=97.1%	in=5345667	cr=4448384856	cc=126386013	out=23205201
2026-06-25T15:02:21+08:00	agent=	session=cefc6c0e-773	cost=0	turns=8751	cache_hit=97.1%	in=5349277	cr=4463602269	cc=126477117	out=23313288
2026-06-25T15:14:28+08:00	agent=	session=cefc6c0e-773	cost=0	turns=8773	cache_hit=97.1%	in=5351205	cr=4482999129	cc=126525675	out=23391401
2026-06-25T15:22:33+08:00	agent=	session=cefc6c0e-773	cost=0	turns=8785	cache_hit=97.1%	in=5353156	cr=4493801072	cc=126563306	out=23429641
2026-06-25T15:24:55+08:00	agent=researcher	session=cefc6c0e-773	cost=0	turns=8785	cache_hit=97.1%	in=5353156	cr=4493801072	cc=126563306	out=23429641
2026-06-25T15:28:50+08:00	agent=	session=cefc6c0e-773	cost=0	turns=8793	cache_hit=97.2%	in=5357774	cr=4501143557	cc=126608853	out=23456808
2026-06-25T15:38:48+08:00	agent=	session=cefc6c0e-773	cost=0	turns=8808	cache_hit=97.2%	in=5364352	cr=4515270709	cc=126649946	out=23522081
2026-06-25T15:52:29+08:00	agent=	session=cefc6c0e-773	cost=0	turns=8811	cache_hit=97.2%	in=5366044	cr=4518148315	cc=126650144	out=23549012
2026-06-25T16:06:22+08:00	agent=	session=cefc6c0e-773	cost=0	turns=8908	cache_hit=97.2%	in=5591846	cr=4536889316	cc=127211580	out=23687180
2026-06-25T16:08:48+08:00	agent=	session=cefc6c0e-773	cost=0	turns=8911	cache_hit=97.1%	in=5592872	cr=4536937895	cc=127860495	out=23695418
2026-06-25T16:11:04+08:00	agent=	session=cefc6c0e-773	cost=0	turns=8922	cache_hit=97.1%	in=5593869	cr=4539556903	cc=127904754	out=23725504
2026-06-25T16:34:18+08:00	agent=	session=cefc6c0e-773	cost=0	turns=8943	cache_hit=97.1%	in=5596896	cr=4544983786	cc=127971551	out=23791285
2026-06-25T22:49:12+08:00	agent=	session=d0806fea-6a6	cost=0	turns=1179	cache_hit=95.1%	in=505328	cr=625008106	cc=31552072	out=3180715
2026-06-25T22:55:43+08:00	agent=Explore	session=cefc6c0e-773	cost=0	turns=8951	cache_hit=97.1%	in=5605563	cr=4546408690	cc=128806802	out=23823459
2026-06-25T22:57:05+08:00	agent=Explore	session=cefc6c0e-773	cost=0	turns=8951	cache_hit=97.1%	in=5605563	cr=4546408690	cc=128806802	out=23823459
2026-06-25T22:57:06+08:00	agent=Explore	session=cefc6c0e-773	cost=0	turns=8951	cache_hit=97.1%	in=5605563	cr=4546408690	cc=128806802	out=23823459
2026-06-25T23:27:19+08:00	agent=	session=cefc6c0e-773	cost=0	turns=9064	cache_hit=97.1%	in=5632413	cr=4588076258	cc=129159558	out=24095818
2026-06-25T23:54:25+08:00	agent=	session=cefc6c0e-773	cost=0	turns=9069	cache_hit=97.1%	in=5633137	cr=4590186001	cc=129161844	out=24098975
2026-06-25T23:56:39+08:00	agent=	session=cefc6c0e-773	cost=0	turns=9071	cache_hit=97.1%	in=5633617	cr=4591034131	cc=129162288	out=24099557
2026-06-25T23:56:53+08:00	agent=	session=cefc6c0e-773	cost=0	turns=9072	cache_hit=97.1%	in=5633857	cr=4591458947	cc=129162512	out=24099638
2026-06-26T00:03:52+08:00	agent=	session=cefc6c0e-773	cost=0	turns=9073	cache_hit=97.1%	in=5634140	cr=4591884306	cc=129162735	out=24099706
2026-06-26T00:17:47+08:00	agent=	session=cefc6c0e-773	cost=0	turns=9093	cache_hit=97.2%	in=5636370	cr=4600499163	cc=129219731	out=24150852
2026-06-26T00:20:46+08:00	agent=evaluator	session=cefc6c0e-773	cost=0	turns=9093	cache_hit=97.2%	in=5636370	cr=4600499163	cc=129219731	out=24150852
2026-06-26T02:12:55+08:00	agent=	session=cefc6c0e-773	cost=0	turns=9127	cache_hit=97.1%	in=5643185	cr=4615092685	cc=130723778	out=24280487
2026-06-26T05:27:54+08:00	agent=	session=cefc6c0e-773	cost=0	turns=9157	cache_hit=97.1%	in=5649791	cr=4629089304	cc=132307862	out=24397453
2026-06-26T05:35:35+08:00	agent=Explore	session=d0806fea-6a6	cost=0	turns=1184	cache_hit=94.8%	in=507477	cr=626688698	cc=34092818	out=3207797
2026-06-26T05:35:54+08:00	agent=Explore	session=d0806fea-6a6	cost=0	turns=1184	cache_hit=94.8%	in=507477	cr=626688698	cc=34092818	out=3207797
2026-06-26T05:36:40+08:00	agent=Explore	session=d0806fea-6a6	cost=0	turns=1184	cache_hit=94.8%	in=507477	cr=626688698	cc=34092818	out=3207797
2026-06-26T05:39:10+08:00	agent=workflow-subagent	session=d0806fea-6a6	cost=0	turns=1184	cache_hit=94.8%	in=507477	cr=626688698	cc=34092818	out=3207797
2026-06-26T05:42:55+08:00	agent=	session=cefc6c0e-773	cost=0	turns=9162	cache_hit=97.1%	in=5650515	cr=4631778272	cc=132309667	out=24399110
2026-06-26T05:43:33+08:00	agent=	session=cefc6c0e-773	cost=0	turns=9164	cache_hit=97.1%	in=5650995	cr=4632856326	cc=132310372	out=24399224
2026-06-26T05:43:39+08:00	agent=	session=cefc6c0e-773	cost=0	turns=9164	cache_hit=97.1%	in=5650995	cr=4632856326	cc=132310372	out=24399224
2026-06-26T05:43:43+08:00	agent=	session=d0806fea-6a6	cost=0	turns=1206	cache_hit=94.9%	in=511592	cr=645658098	cc=34147285	out=3248568
2026-06-26T05:46:22+08:00	agent=	session=cefc6c0e-773	cost=0	turns=9165	cache_hit=97.1%	in=5651813	cr=4633396258	cc=132310581	out=24399295
2026-06-26T05:55:31+08:00	agent=	session=cefc6c0e-773	cost=0	turns=9190	cache_hit=97.1%	in=5652577	cr=4647134864	cc=132351825	out=24455422
2026-06-26T13:29:30+08:00	agent=	session=d0806fea-6a6	cost=0	turns=1228	cache_hit=94.7%	in=512866	cr=662336828	cc=36788306	out=3272312
2026-06-26T13:54:56+08:00	agent=	session=d0806fea-6a6	cost=0	turns=1245	cache_hit=94.8%	in=513872	cr=677458208	cc=36822569	out=3303111
2026-06-26T17:20:22+08:00	agent=	session=d0806fea-6a6	cost=0	turns=1286	cache_hit=94.7%	in=520489	cr=711259387	cc=39604162	out=3375653
2026-06-26T17:49:23+08:00	agent=	session=d0806fea-6a6	cost=0	turns=1298	cache_hit=94.4%	in=569255	cr=718790405	cc=42405407	out=3411547
2026-06-26T17:50:31+08:00	agent=Explore	session=d0806fea-6a6	cost=0	turns=1298	cache_hit=94.4%	in=569255	cr=718790405	cc=42405407	out=3411547
2026-06-26T17:50:55+08:00	agent=Explore	session=d0806fea-6a6	cost=0	turns=1298	cache_hit=94.4%	in=569255	cr=718790405	cc=42405407	out=3411547
2026-06-26T17:54:36+08:00	agent=workflow-subagent	session=d0806fea-6a6	cost=0	turns=1298	cache_hit=94.4%	in=569255	cr=718790405	cc=42405407	out=3411547
2026-06-26T17:55:57+08:00	agent=	session=d0806fea-6a6	cost=0	turns=1300	cache_hit=94.4%	in=571473	cr=720696483	cc=42411773	out=3420723
2026-06-26T18:07:14+08:00	agent=	session=d0806fea-6a6	cost=0	turns=1345	cache_hit=94.7%	in=576234	cr=764537926	cc=42480384	out=3463256
2026-06-26T18:22:44+08:00	agent=	session=d0806fea-6a6	cost=0	turns=1345	cache_hit=94.7%	in=576234	cr=764537926	cc=42480384	out=3463256
2026-06-26T18:34:10+08:00	agent=	session=d0806fea-6a6	cost=0	turns=1404	cache_hit=94.6%	in=706216	cr=770732477	cc=42954316	out=3570006
2026-06-26T21:17:11+08:00	agent=	session=d0806fea-6a6	cost=0	turns=1431	cache_hit=94.6%	in=707755	cr=774381322	cc=43438432	out=3609373
2026-06-26T21:26:04+08:00	agent=	session=cefc6c0e-773	cost=0	turns=9205	cache_hit=97.1%	in=5709959	cr=4652920582	cc=135175251	out=24508646
2026-06-26T21:26:50+08:00	agent=	session=d0806fea-6a6	cost=0	turns=1438	cache_hit=94.6%	in=710406	cr=775535096	cc=43449169	out=3621023
2026-06-26T23:36:09+08:00	agent=	session=cefc6c0e-773	cost=0	turns=9217	cache_hit=97.0%	in=5711993	cr=4658331450	cc=136969325	out=24534857
2026-06-26T23:46:03+08:00	agent=	session=cefc6c0e-773	cost=0	turns=9231	cache_hit=97.0%	in=5716678	cr=4666892553	cc=137030062	out=24589028
2026-06-26T23:52:45+08:00	agent=	session=cefc6c0e-773	cost=0	turns=9247	cache_hit=97.0%	in=5762122	cr=4677213384	cc=137115540	out=24636114
2026-06-27T00:20:50+08:00	agent=Explore	session=cefc6c0e-773	cost=0	turns=9254	cache_hit=97.0%	in=5771646	cr=4681853811	cc=137154569	out=24662864
2026-06-27T00:21:52+08:00	agent=Explore	session=cefc6c0e-773	cost=0	turns=9254	cache_hit=97.0%	in=5771646	cr=4681853811	cc=137154569	out=24662864
2026-06-27T00:55:15+08:00	agent=	session=cefc6c0e-773	cost=0	turns=9358	cache_hit=97.1%	in=5791085	cr=4759103933	cc=137481179	out=24957089
2026-06-27T01:01:55+08:00	agent=Explore	session=cefc6c0e-773	cost=0	turns=9362	cache_hit=97.0%	in=5794417	cr=4759170445	cc=140592735	out=24978809
2026-06-27T01:01:57+08:00	agent=Explore	session=cefc6c0e-773	cost=0	turns=9362	cache_hit=97.0%	in=5794417	cr=4759170445	cc=140592735	out=24978809
2026-06-27T01:05:31+08:00	agent=	session=cefc6c0e-773	cost=0	turns=9372	cache_hit=97.0%	in=5816587	cr=4767266550	cc=140670790	out=25016989
2026-06-27T01:12:54+08:00	agent=	session=cefc6c0e-773	cost=0	turns=9386	cache_hit=97.0%	in=5821724	cr=4778915846	cc=140709498	out=25052342
2026-06-27T01:20:50+08:00	agent=	session=cefc6c0e-773	cost=0	turns=9419	cache_hit=97.0%	in=5827721	cr=4806943911	cc=140760549	out=25102441
2026-06-27T01:21:39+08:00	agent=workflow-subagent	session=cefc6c0e-773	cost=0	turns=9419	cache_hit=97.0%	in=5827721	cr=4806943911	cc=140760549	out=25102441
2026-06-27T01:22:01+08:00	agent=workflow-subagent	session=cefc6c0e-773	cost=0	turns=9419	cache_hit=97.0%	in=5827721	cr=4806943911	cc=140760549	out=25102441
2026-06-27T01:22:08+08:00	agent=workflow-subagent	session=cefc6c0e-773	cost=0	turns=9419	cache_hit=97.0%	in=5827721	cr=4806943911	cc=140760549	out=25102441
2026-06-27T01:22:31+08:00	agent=workflow-subagent	session=cefc6c0e-773	cost=0	turns=9419	cache_hit=97.0%	in=5827721	cr=4806943911	cc=140760549	out=25102441
2026-06-27T01:22:36+08:00	agent=workflow-subagent	session=cefc6c0e-773	cost=0	turns=9419	cache_hit=97.0%	in=5827721	cr=4806943911	cc=140760549	out=25102441
2026-06-27T01:25:29+08:00	agent=workflow-subagent	session=cefc6c0e-773	cost=0	turns=9419	cache_hit=97.0%	in=5827721	cr=4806943911	cc=140760549	out=25102441
2026-06-27T01:30:21+08:00	agent=workflow-subagent	session=cefc6c0e-773	cost=0	turns=9419	cache_hit=97.0%	in=5827721	cr=4806943911	cc=140760549	out=25102441
2026-06-27T01:39:17+08:00	agent=	session=cefc6c0e-773	cost=0	turns=9467	cache_hit=97.1%	in=5836954	cr=4849506262	cc=140868593	out=25186908
2026-06-27T01:47:41+08:00	agent=	session=cefc6c0e-773	cost=0	turns=9484	cache_hit=97.1%	in=5839880	cr=4864990671	cc=140911998	out=25226683
2026-06-27T02:14:26+08:00	agent=	session=cefc6c0e-773	cost=0	turns=9508	cache_hit=97.1%	in=5845724	cr=4887384748	cc=140996003	out=25289764
2026-06-27T02:14:43+08:00	agent=	session=b73776ae-4d0	cost=0	turns=180	cache_hit=89.6%	in=192835	cr=44450397	cc=4976781	out=677237
2026-06-27T02:16:40+08:00	agent=	session=cefc6c0e-773	cost=0	turns=9510	cache_hit=97.1%	in=5846204	cr=4889277598	cc=140996417	out=25290234
2026-06-27T02:18:33+08:00	agent=	session=cefc6c0e-773	cost=0	turns=9512	cache_hit=97.1%	in=5848134	cr=4891171808	cc=140996841	out=25290678
2026-06-27T02:19:26+08:00	agent=	session=cefc6c0e-773	cost=0	turns=9514	cache_hit=97.1%	in=5848614	cr=4893066442	cc=140999619	out=25290888
2026-06-27T02:19:57+08:00	agent=evaluator	session=cefc6c0e-773	cost=0	turns=9520	cache_hit=97.1%	in=5850762	cr=4898761609	cc=141008601	out=25298610
2026-06-27T02:40:45+08:00	agent=evaluator	session=cefc6c0e-773	cost=0	turns=9591	cache_hit=97.1%	in=5866663	cr=4968223409	cc=141107584	out=25385346
2026-06-27T02:44:30+08:00	agent=	session=cefc6c0e-773	cost=0	turns=9591	cache_hit=97.1%	in=5866663	cr=4968223409	cc=141107584	out=25385346
2026-06-27T02:50:19+08:00	agent=	session=cefc6c0e-773	cost=0	turns=9642	cache_hit=97.1%	in=6157153	cr=4977164014	cc=142385525	out=25449338
2026-06-27T02:59:03+08:00	agent=evaluator	session=cefc6c0e-773	cost=0	turns=9642	cache_hit=97.1%	in=6157153	cr=4977164014	cc=142385525	out=25449338
2026-06-27T03:00:56+08:00	agent=	session=d0806fea-6a6	cost=0	turns=1470	cache_hit=94.6%	in=760036	cr=781526114	cc=44114503	out=3685708
2026-06-27T03:02:59+08:00	agent=	session=cefc6c0e-773	cost=0	turns=9669	cache_hit=97.1%	in=6165373	cr=4982342681	cc=142999435	out=25490972
2026-06-27T03:10:32+08:00	agent=evaluator	session=cefc6c0e-773	cost=0	turns=9669	cache_hit=97.1%	in=6165373	cr=4982342681	cc=142999435	out=25490972
2026-06-27T03:18:14+08:00	agent=	session=d0806fea-6a6	cost=0	turns=1549	cache_hit=94.7%	in=764364	cr=803131116	cc=44270026	out=3827491
2026-06-27T03:19:48+08:00	agent=	session=cefc6c0e-773	cost=0	turns=9728	cache_hit=97.1%	in=6178568	cr=4997257650	cc=143135887	out=25577471
2026-06-27T03:36:41+08:00	agent=	session=cefc6c0e-773	cost=0	turns=9768	cache_hit=97.1%	in=6185497	cr=5008637212	cc=144024971	out=25646897
2026-06-27T04:01:36+08:00	agent=	session=cefc6c0e-773	cost=0	turns=9799	cache_hit=97.1%	in=6188817	cr=5018906547	cc=144079169	out=25694168
2026-06-27T04:01:39+08:00	agent=reviewer	session=cefc6c0e-773	cost=0	turns=9799	cache_hit=97.1%	in=6188817	cr=5018906547	cc=144079169	out=25694168
2026-06-27T04:02:20+08:00	agent=reviewer	session=cefc6c0e-773	cost=0	turns=9799	cache_hit=97.1%	in=6188817	cr=5018906547	cc=144079169	out=25694168
2026-06-27T04:02:47+08:00	agent=reviewer	session=cefc6c0e-773	cost=0	turns=9799	cache_hit=97.1%	in=6188817	cr=5018906547	cc=144079169	out=25694168
2026-06-27T04:04:04+08:00	agent=evaluator	session=cefc6c0e-773	cost=0	turns=9799	cache_hit=97.1%	in=6188817	cr=5018906547	cc=144079169	out=25694168
2026-06-27T04:14:25+08:00	agent=	session=cefc6c0e-773	cost=0	turns=9877	cache_hit=97.1%	in=6201292	cr=5048456154	cc=144213718	out=25779605
2026-06-27T12:36:35+08:00	agent=	session=cefc6c0e-773	cost=0	turns=9899	cache_hit=97.1%	in=6205890	cr=5056321341	cc=145477328	out=25828221
2026-06-27T12:46:43+08:00	agent=	session=b73776ae-4d0	cost=0	turns=214	cache_hit=88.2%	in=540558	cr=47838072	cc=5886573	out=783515
2026-06-27T12:54:35+08:00	agent=	session=b73776ae-4d0	cost=0	turns=223	cache_hit=88.5%	in=542586	cr=49563919	cc=5901699	out=804695
2026-06-27T12:54:48+08:00	agent=	session=b73776ae-4d0	cost=0	turns=225	cache_hit=88.6%	in=543066	cr=49967079	cc=5902135	out=805777
2026-06-27T12:57:57+08:00	agent=	session=cefc6c0e-773	cost=0	turns=9907	cache_hit=97.1%	in=6208988	cr=5059738423	cc=145525243	out=25886056
2026-06-27T13:10:13+08:00	agent=	session=cefc6c0e-773	cost=0	turns=9946	cache_hit=97.1%	in=6215438	cr=5078153204	cc=145670086	out=26015215
2026-06-27T13:18:13+08:00	agent=workflow-subagent	session=b73776ae-4d0	cost=0	turns=230	cache_hit=88.7%	in=544258	cr=50980338	cc=5937106	out=855741
2026-06-27T13:18:43+08:00	agent=workflow-subagent	session=b73776ae-4d0	cost=0	turns=230	cache_hit=88.7%	in=544258	cr=50980338	cc=5937106	out=855741
2026-06-27T13:19:03+08:00	agent=workflow-subagent	session=b73776ae-4d0	cost=0	turns=230	cache_hit=88.7%	in=544258	cr=50980338	cc=5937106	out=855741
2026-06-27T13:19:16+08:00	agent=workflow-subagent	session=b73776ae-4d0	cost=0	turns=230	cache_hit=88.7%	in=544258	cr=50980338	cc=5937106	out=855741
2026-06-27T13:19:56+08:00	agent=	session=d0806fea-6a6	cost=0	turns=1557	cache_hit=94.6%	in=766648	cr=804673293	cc=45205414	out=3845868
2026-06-27T13:20:16+08:00	agent=workflow-subagent	session=b73776ae-4d0	cost=0	turns=230	cache_hit=88.7%	in=544258	cr=50980338	cc=5937106	out=855741
2026-06-27T13:22:03+08:00	agent=	session=cefc6c0e-773	cost=0	turns=9985	cache_hit=97.1%	in=6219245	cr=5097878970	cc=145738630	out=26066431
2026-06-27T13:38:32+08:00	agent=	session=cefc6c0e-773	cost=0	turns=10006	cache_hit=97.1%	in=6225793	cr=5109023551	cc=145786863	out=26106229
2026-06-27T13:57:34+08:00	agent=	session=cefc6c0e-773	cost=0	turns=10022	cache_hit=97.1%	in=6229566	cr=5117798328	cc=145812827	out=26139341
2026-06-27T14:18:59+08:00	agent=	session=cefc6c0e-773	cost=0	turns=10056	cache_hit=97.1%	in=6234897	cr=5137172531	cc=145865479	out=26186402
2026-06-27T15:01:18+08:00	agent=	session=d0806fea-6a6	cost=0	turns=1582	cache_hit=94.5%	in=769092	cr=812305116	cc=46324996	out=3961781
2026-06-27T15:02:16+08:00	agent=workflow-subagent	session=d0806fea-6a6	cost=0	turns=1582	cache_hit=94.5%	in=769092	cr=812305116	cc=46324996	out=3961781
2026-06-27T15:02:35+08:00	agent=workflow-subagent	session=d0806fea-6a6	cost=0	turns=1582	cache_hit=94.5%	in=769092	cr=812305116	cc=46324996	out=3961781
2026-06-27T15:02:38+08:00	agent=workflow-subagent	session=d0806fea-6a6	cost=0	turns=1582	cache_hit=94.5%	in=769092	cr=812305116	cc=46324996	out=3961781
2026-06-27T15:02:38+08:00	agent=workflow-subagent	session=d0806fea-6a6	cost=0	turns=1582	cache_hit=94.5%	in=769092	cr=812305116	cc=46324996	out=3961781
2026-06-27T15:10:42+08:00	agent=workflow-subagent	session=d0806fea-6a6	cost=0	turns=1582	cache_hit=94.5%	in=769092	cr=812305116	cc=46324996	out=3961781
2026-06-27T15:11:18+08:00	agent=workflow-subagent	session=d0806fea-6a6	cost=0	turns=1582	cache_hit=94.5%	in=769092	cr=812305116	cc=46324996	out=3961781
2026-06-27T15:12:29+08:00	agent=workflow-subagent	session=d0806fea-6a6	cost=0	turns=1582	cache_hit=94.5%	in=769092	cr=812305116	cc=46324996	out=3961781
2026-06-27T15:17:42+08:00	agent=workflow-subagent	session=d0806fea-6a6	cost=0	turns=1582	cache_hit=94.5%	in=769092	cr=812305116	cc=46324996	out=3961781
2026-06-27T15:25:05+08:00	agent=	session=d0806fea-6a6	cost=0	turns=1616	cache_hit=94.6%	in=773735	cr=825949945	cc=46425364	out=4029481
2026-06-27T17:13:40+08:00	agent=	session=d0806fea-6a6	cost=0	turns=1636	cache_hit=94.5%	in=775002	cr=833236284	cc=47723447	out=4056667
2026-06-27T17:14:27+08:00	agent=	session=b73776ae-4d0	cost=0	turns=239	cache_hit=88.2%	in=553217	cr=52564205	cc=6483498	out=902988
2026-06-27T17:18:39+08:00	agent=	session=cefc6c0e-773	cost=0	turns=10056	cache_hit=97.1%	in=6234897	cr=5137172531	cc=145865479	out=26186402
2026-06-27T17:40:56+08:00	agent=	session=d0806fea-6a6	cost=0	turns=1680	cache_hit=94.6%	in=778261	cr=853596529	cc=47881252	out=4159918
2026-06-27T17:42:10+08:00	agent=	session=fe9d8003-341	cost=0	turns=68	cache_hit=91.0%	in=78882	cr=8877489	cc=800351	out=242187
2026-06-27T17:46:12+08:00	agent=	session=cefc6c0e-773	cost=0	turns=10120	cache_hit=97.1%	in=6424003	cr=5147406823	cc=146508948	out=26387027
2026-06-27T17:50:49+08:00	agent=	session=d0806fea-6a6	cost=0	turns=1706	cache_hit=94.7%	in=780710	cr=866595694	cc=47938652	out=4213048
2026-06-27T17:57:03+08:00	agent=	session=d0806fea-6a6	cost=0	turns=1714	cache_hit=94.7%	in=781827	cr=870710268	cc=47957811	out=4237624
2026-06-27T17:59:24+08:00	agent=	session=cefc6c0e-773	cost=0	turns=10142	cache_hit=97.1%	in=6429066	cr=5152430401	cc=146584835	out=26443493
2026-06-27T21:45:38+08:00	agent=	session=d0806fea-6a6	cost=0	turns=1731	cache_hit=94.6%	in=782959	cr=878165128	cc=49599788	out=4298001
2026-06-28T01:10:21+08:00	agent=workflow-subagent	session=fe9d8003-341	cost=0	turns=79	cache_hit=87.3%	in=83059	cr=10523904	cc=1454611	out=294796
2026-06-28T01:10:33+08:00	agent=workflow-subagent	session=fe9d8003-341	cost=0	turns=79	cache_hit=87.3%	in=83059	cr=10523904	cc=1454611	out=294796
2026-06-28T01:11:21+08:00	agent=workflow-subagent	session=fe9d8003-341	cost=0	turns=79	cache_hit=87.3%	in=83059	cr=10523904	cc=1454611	out=294796
2026-06-28T01:11:22+08:00	agent=workflow-subagent	session=fe9d8003-341	cost=0	turns=79	cache_hit=87.3%	in=83059	cr=10523904	cc=1454611	out=294796
2026-06-28T01:12:31+08:00	agent=	session=d0806fea-6a6	cost=0	turns=1776	cache_hit=94.5%	in=785299	cr=902002971	cc=51348863	out=4375484
2026-06-28T01:12:37+08:00	agent=workflow-subagent	session=fe9d8003-341	cost=0	turns=79	cache_hit=87.3%	in=83059	cr=10523904	cc=1454611	out=294796
2026-06-28T01:15:46+08:00	agent=workflow-subagent	session=fe9d8003-341	cost=0	turns=79	cache_hit=87.3%	in=83059	cr=10523904	cc=1454611	out=294796
2026-06-28T01:16:14+08:00	agent=workflow-subagent	session=fe9d8003-341	cost=0	turns=79	cache_hit=87.3%	in=83059	cr=10523904	cc=1454611	out=294796
2026-06-28T01:16:43+08:00	agent=workflow-subagent	session=fe9d8003-341	cost=0	turns=79	cache_hit=87.3%	in=83059	cr=10523904	cc=1454611	out=294796
2026-06-28T01:27:53+08:00	agent=workflow-subagent	session=fe9d8003-341	cost=0	turns=79	cache_hit=87.3%	in=83059	cr=10523904	cc=1454611	out=294796
2026-06-28T03:25:00+08:00	agent=	session=d0806fea-6a6	cost=0	turns=1784	cache_hit=94.4%	in=786029	cr=904935359	cc=53118258	out=4389763
2026-06-28T03:30:08+08:00	agent=workflow-subagent	session=fe9d8003-341	cost=0	turns=101	cache_hit=85.7%	in=89916	cr=15442007	cc=2489947	out=420112
2026-06-28T03:30:36+08:00	agent=workflow-subagent	session=fe9d8003-341	cost=0	turns=101	cache_hit=85.7%	in=89916	cr=15442007	cc=2489947	out=420112
2026-06-28T03:30:59+08:00	agent=workflow-subagent	session=fe9d8003-341	cost=0	turns=101	cache_hit=85.7%	in=89916	cr=15442007	cc=2489947	out=420112
2026-06-28T03:31:01+08:00	agent=workflow-subagent	session=fe9d8003-341	cost=0	turns=101	cache_hit=85.7%	in=89916	cr=15442007	cc=2489947	out=420112
2026-06-28T03:31:17+08:00	agent=workflow-subagent	session=fe9d8003-341	cost=0	turns=101	cache_hit=85.7%	in=89916	cr=15442007	cc=2489947	out=420112
2026-06-28T03:31:56+08:00	agent=workflow-subagent	session=fe9d8003-341	cost=0	turns=101	cache_hit=85.7%	in=89916	cr=15442007	cc=2489947	out=420112
2026-06-28T03:32:09+08:00	agent=workflow-subagent	session=fe9d8003-341	cost=0	turns=101	cache_hit=85.7%	in=89916	cr=15442007	cc=2489947	out=420112
2026-06-28T03:33:09+08:00	agent=workflow-subagent	session=fe9d8003-341	cost=0	turns=101	cache_hit=85.7%	in=89916	cr=15442007	cc=2489947	out=420112
2026-06-28T03:33:12+08:00	agent=workflow-subagent	session=fe9d8003-341	cost=0	turns=101	cache_hit=85.7%	in=89916	cr=15442007	cc=2489947	out=420112
2026-06-28T03:33:20+08:00	agent=workflow-subagent	session=fe9d8003-341	cost=0	turns=101	cache_hit=85.7%	in=89916	cr=15442007	cc=2489947	out=420112
2026-06-28T03:35:54+08:00	agent=workflow-subagent	session=fe9d8003-341	cost=0	turns=101	cache_hit=85.7%	in=89916	cr=15442007	cc=2489947	out=420112
2026-06-28T03:39:09+08:00	agent=workflow-subagent	session=fe9d8003-341	cost=0	turns=101	cache_hit=85.7%	in=89916	cr=15442007	cc=2489947	out=420112
2026-06-28T03:39:41+08:00	agent=workflow-subagent	session=fe9d8003-341	cost=0	turns=101	cache_hit=85.7%	in=89916	cr=15442007	cc=2489947	out=420112
2026-06-28T03:39:48+08:00	agent=workflow-subagent	session=fe9d8003-341	cost=0	turns=101	cache_hit=85.7%	in=89916	cr=15442007	cc=2489947	out=420112
2026-06-28T03:44:25+08:00	agent=	session=d0806fea-6a6	cost=0	turns=1789	cache_hit=94.4%	in=786753	cr=907896435	cc=53126455	out=4408339
2026-06-28T03:44:29+08:00	agent=workflow-subagent	session=fe9d8003-341	cost=0	turns=101	cache_hit=85.7%	in=89916	cr=15442007	cc=2489947	out=420112
2026-06-28T03:45:30+08:00	agent=	session=e33ba939-69f	cost=0	turns=363	cache_hit=97.3%	in=209624	cr=173771104	cc=4679446	out=1717080
2026-06-28T04:01:47+08:00	agent=	session=e33ba939-69f	cost=0	turns=379	cache_hit=97.0%	in=322999	cr=175145353	cc=5060377	out=1788797
2026-06-28T04:04:50+08:00	agent=	session=fe9d8003-341	cost=0	turns=141	cache_hit=91.3%	in=95072	cr=29507231	cc=2720378	out=603927
2026-06-28T05:28:54+08:00	agent=	session=e33ba939-69f	cost=0	turns=400	cache_hit=96.8%	in=324517	cr=177910445	cc=5614971	out=1889063
2026-06-28T05:29:31+08:00	agent=general-purpose	session=e33ba939-69f	cost=0	turns=400	cache_hit=96.8%	in=324517	cr=177910445	cc=5614971	out=1889063
2026-06-28T05:30:18+08:00	agent=general-purpose	session=e33ba939-69f	cost=0	turns=400	cache_hit=96.8%	in=324517	cr=177910445	cc=5614971	out=1889063
2026-06-28T05:30:31+08:00	agent=general-purpose	session=e33ba939-69f	cost=0	turns=400	cache_hit=96.8%	in=324517	cr=177910445	cc=5614971	out=1889063
2026-06-28T05:30:38+08:00	agent=general-purpose	session=e33ba939-69f	cost=0	turns=400	cache_hit=96.8%	in=324517	cr=177910445	cc=5614971	out=1889063
2026-06-28T05:30:55+08:00	agent=general-purpose	session=e33ba939-69f	cost=0	turns=400	cache_hit=96.8%	in=324517	cr=177910445	cc=5614971	out=1889063
2026-06-28T05:32:04+08:00	agent=general-purpose	session=e33ba939-69f	cost=0	turns=400	cache_hit=96.8%	in=324517	cr=177910445	cc=5614971	out=1889063
2026-06-28T05:32:41+08:00	agent=	session=fe9d8003-341	cost=0	turns=167	cache_hit=90.5%	in=99531	cr=39069556	cc=4008299	out=712089
2026-06-28T05:33:34+08:00	agent=general-purpose	session=e33ba939-69f	cost=0	turns=400	cache_hit=96.8%	in=324517	cr=177910445	cc=5614971	out=1889063
2026-06-28T05:34:27+08:00	agent=	session=fe9d8003-341	cost=0	turns=169	cache_hit=90.7%	in=100011	cr=39963964	cc=4008389	out=724359
2026-06-28T05:42:58+08:00	agent=	session=fe9d8003-341	cost=0	turns=178	cache_hit=91.4%	in=101127	cr=44073454	cc=4032480	out=759340
2026-06-28T05:43:36+08:00	agent=general-purpose	session=e33ba939-69f	cost=0	turns=400	cache_hit=96.8%	in=324517	cr=177910445	cc=5614971	out=1889063
2026-06-28T05:45:37+08:00	agent=general-purpose	session=e33ba939-69f	cost=0	turns=403	cache_hit=96.8%	in=326533	cr=178471115	cc=5615025	out=1915658
2026-06-28T05:55:52+08:00	agent=	session=fe9d8003-341	cost=0	turns=188	cache_hit=91.2%	in=102365	cr=48365152	cc=4540090	out=803703
2026-06-28T07:15:56+08:00	agent=	session=fe9d8003-341	cost=0	turns=194	cache_hit=89.0%	in=103466	cr=49861601	cc=6030455	out=837813
2026-06-28T07:19:21+08:00	agent=	session=fe9d8003-341	cost=0	turns=200	cache_hit=89.6%	in=105488	cr=52933674	cc=6041832	out=875143
2026-06-28T07:27:49+08:00	agent=workflow-subagent	session=fe9d8003-341	cost=0	turns=227	cache_hit=91.6%	in=106982	cr=67387232	cc=6092531	out=932468
2026-06-28T07:27:56+08:00	agent=	session=fe9d8003-341	cost=0	turns=228	cache_hit=91.6%	in=106984	cr=67934013	cc=6093496	out=933331
2026-06-28T07:28:18+08:00	agent=workflow-subagent	session=fe9d8003-341	cost=0	turns=228	cache_hit=91.6%	in=106984	cr=67934013	cc=6093496	out=933331
2026-06-28T07:31:53+08:00	agent=workflow-subagent	session=fe9d8003-341	cost=0	turns=228	cache_hit=91.6%	in=106984	cr=67934013	cc=6093496	out=933331
2026-06-28T07:34:03+08:00	agent=workflow-subagent	session=fe9d8003-341	cost=0	turns=228	cache_hit=91.6%	in=106984	cr=67934013	cc=6093496	out=933331
2026-06-28T07:35:37+08:00	agent=workflow-subagent	session=fe9d8003-341	cost=0	turns=228	cache_hit=91.6%	in=106984	cr=67934013	cc=6093496	out=933331
2026-06-28T07:52:02+08:00	agent=	session=e33ba939-69f	cost=0	turns=445	cache_hit=96.4%	in=339277	cr=188284871	cc=6642366	out=2124254
2026-06-28T08:09:03+08:00	agent=	session=fe9d8003-341	cost=0	turns=291	cache_hit=94.2%	in=116683	cr=104557620	cc=6291944	out=1111458
2026-06-28T08:38:18+08:00	agent=	session=e33ba939-69f	cost=0	turns=456	cache_hit=96.5%	in=341309	cr=191732427	cc=6679181	out=2159172
2026-06-28T08:51:18+08:00	agent=	session=fe9d8003-341	cost=0	turns=321	cache_hit=95.0%	in=121558	cr=124501056	cc=6437010	out=1248585
2026-06-28T14:53:56+08:00	agent=	session=fe9d8003-341	cost=0	turns=328	cache_hit=94.1%	in=123020	cr=127997225	cc=7859053	out=1282771
2026-06-28T15:19:52+08:00	agent=	session=fe9d8003-341	cost=0	turns=346	cache_hit=94.6%	in=128540	cr=141037927	cc=7947602	out=1369247
2026-06-28T15:42:35+08:00	agent=	session=fe9d8003-341	cost=0	turns=355	cache_hit=94.8%	in=130652	cr=147822472	cc=7970659	out=1404497
2026-06-28T16:07:59+08:00	agent=	session=fe9d8003-341	cost=0	turns=394	cache_hit=95.6%	in=147030	cr=178528858	cc=8058072	out=1503263
2026-06-28T17:35:09+08:00	agent=	session=fe9d8003-341	cost=0	turns=407	cache_hit=94.6%	in=147899	cr=186671087	cc=10506660	out=1524278
2026-06-28T17:46:59+08:00	agent=	session=cefc6c0e-773	cost=0	turns=10147	cache_hit=97.1%	in=6429919	cr=5152920973	cc=147324965	out=26447702
2026-06-28T18:04:34+08:00	agent=	session=fe9d8003-341	cost=0	turns=459	cache_hit=95.5%	in=152074	cr=230855714	cc=10646887	out=1667743
2026-06-28T18:18:43+08:00	agent=	session=fe9d8003-341	cost=0	turns=493	cache_hit=96.0%	in=154668	cr=261296342	cc=10726110	out=1759252
2026-06-28T18:37:38+08:00	agent=	session=fe9d8003-341	cost=0	turns=537	cache_hit=96.5%	in=157798	cr=302252505	cc=10809256	out=1846973
2026-06-28T19:01:46+08:00	agent=	session=fe9d8003-341	cost=0	turns=597	cache_hit=97.0%	in=161917	cr=360412113	cc=10942510	out=1965976
2026-06-28T19:14:44+08:00	agent=	session=fe9d8003-341	cost=0	turns=662	cache_hit=96.9%	in=305387	cr=368675047	cc=11404750	out=2096488
2026-06-28T19:44:58+08:00	agent=	session=fe9d8003-341	cost=0	turns=669	cache_hit=96.9%	in=306115	cr=369811898	cc=11407581	out=2099927
2026-06-28T20:03:14+08:00	agent=	session=fe9d8003-341	cost=0	turns=747	cache_hit=97.0%	in=308791	cr=385500266	cc=11558754	out=2213933
2026-06-28T22:11:05+08:00	agent=workflow-subagent	session=fe9d8003-341	cost=0	turns=754	cache_hit=96.7%	in=311189	cr=386011208	cc=12733497	out=2266327
2026-06-28T22:11:26+08:00	agent=workflow-subagent	session=fe9d8003-341	cost=0	turns=754	cache_hit=96.7%	in=311189	cr=386011208	cc=12733497	out=2266327
2026-06-28T22:13:45+08:00	agent=workflow-subagent	session=fe9d8003-341	cost=0	turns=754	cache_hit=96.7%	in=311189	cr=386011208	cc=12733497	out=2266327
2026-06-28T22:22:20+08:00	agent=workflow-subagent	session=fe9d8003-341	cost=0	turns=756	cache_hit=96.7%	in=312789	cr=386516302	cc=12736411	out=2286867
2026-06-28T22:25:00+08:00	agent=	session=fe9d8003-341	cost=0	turns=766	cache_hit=96.7%	in=316862	cr=389205180	cc=12839922	out=2310094
2026-06-28T22:36:35+08:00	agent=general-purpose	session=fe9d8003-341	cost=0	turns=779	cache_hit=96.8%	in=319285	cr=393097424	cc=12879115	out=2349000
2026-06-28T22:38:35+08:00	agent=	session=fe9d8003-341	cost=0	turns=790	cache_hit=96.8%	in=320516	cr=396525591	cc=12905409	out=2364416
2026-06-28T22:44:03+08:00	agent=	session=fe9d8003-341	cost=0	turns=794	cache_hit=96.8%	in=321878	cr=397801817	cc=12909039	out=2377164
2026-06-28T22:56:41+08:00	agent=	session=fe9d8003-341	cost=0	turns=818	cache_hit=96.8%	in=323156	cr=405787900	cc=12945166	out=2420462
2026-06-28T23:06:51+08:00	agent=	session=fe9d8003-341	cost=0	turns=839	cache_hit=96.9%	in=325337	cr=413276651	cc=12991633	out=2463253
2026-06-28T23:11:52+08:00	agent=	session=fe9d8003-341	cost=0	turns=855	cache_hit=96.9%	in=327529	cr=419174956	cc=13010304	out=2482620
2026-06-28T23:17:12+08:00	agent=	session=fe9d8003-341	cost=0	turns=879	cache_hit=97.0%	in=328549	cr=428304054	cc=13026830	out=2508667
2026-06-28T23:49:36+08:00	agent=workflow-subagent	session=4abba4f1-4a4	cost=0	turns=55	cache_hit=85.0%	in=78209	cr=4664926	cc=744690	out=109189
2026-06-28T23:50:49+08:00	agent=workflow-subagent	session=4abba4f1-4a4	cost=0	turns=60	cache_hit=86.4%	in=78348	cr=5278954	cc=754784	out=117141
2026-06-28T23:50:51+08:00	agent=workflow-subagent	session=4abba4f1-4a4	cost=0	turns=63	cache_hit=87.1%	in=78354	cr=5658877	cc=759287	out=124986
2026-06-28T23:51:03+08:00	agent=workflow-subagent	session=4abba4f1-4a4	cost=0	turns=64	cache_hit=87.3%	in=78356	cr=5787019	cc=762005	out=125161
2026-06-28T23:59:40+08:00	agent=	session=fe9d8003-341	cost=0	turns=881	cache_hit=97.0%	in=329029	cr=429075250	cc=13027260	out=2509455
2026-06-29T00:03:35+08:00	agent=	session=fe9d8003-341	cost=0	turns=882	cache_hit=97.0%	in=329609	cr=429461695	cc=13027472	out=2509502
2026-06-29T00:05:20+08:00	agent=	session=fe9d8003-341	cost=0	turns=883	cache_hit=97.0%	in=330146	cr=429848977	cc=13027685	out=2509541
2026-06-29T00:12:32+08:00	agent=	session=fe9d8003-341	cost=0	turns=908	cache_hit=97.0%	in=332040	cr=439768190	cc=13071578	out=2548583
2026-06-29T00:43:14+08:00	agent=	session=fe9d8003-341	cost=0	turns=916	cache_hit=97.1%	in=334003	cr=443041921	cc=13090221	out=2568146
2026-06-29T00:58:32+08:00	agent=	session=fe9d8003-341	cost=0	turns=918	cache_hit=97.1%	in=335077	cr=443873191	cc=13090245	out=2572094
2026-06-29T01:18:16+08:00	agent=	session=fe9d8003-341	cost=0	turns=929	cache_hit=97.1%	in=339602	cr=448509871	cc=13128084	out=2612445
2026-06-29T01:54:35+08:00	agent=	session=fe9d8003-341	cost=0	turns=1024	cache_hit=97.3%	in=345192	cr=492712275	cc=13266561	out=2725499
2026-06-29T02:01:29+08:00	agent=	session=fe9d8003-341	cost=0	turns=1032	cache_hit=97.3%	in=346813	cr=496666690	cc=13299244	out=2764572
2026-06-29T02:19:48+08:00	agent=	session=fe9d8003-341	cost=0	turns=1062	cache_hit=97.4%	in=348994	cr=512387631	cc=13392024	out=2853898
2026-06-29T02:22:22+08:00	agent=	session=fe9d8003-341	cost=0	turns=1068	cache_hit=97.4%	in=350205	cr=515647154	cc=13400730	out=2859119
2026-06-29T02:33:22+08:00	agent=general-purpose	session=4abba4f1-4a4	cost=0	turns=106	cache_hit=86.3%	in=135645	cr=13202632	cc=1967928	out=515356
2026-06-29T02:41:46+08:00	agent=	session=fe9d8003-341	cost=0	turns=1078	cache_hit=97.4%	in=352814	cr=521163072	cc=13440507	out=2896652
2026-06-29T02:48:29+08:00	agent=	session=fe9d8003-341	cost=0	turns=1089	cache_hit=97.4%	in=354293	cr=527349712	cc=13449750	out=2902240
2026-06-29T02:53:23+08:00	agent=	session=fe9d8003-341	cost=0	turns=1096	cache_hit=97.5%	in=354971	cr=531311713	cc=13455248	out=2905552
2026-06-29T02:57:20+08:00	agent=	session=fe9d8003-341	cost=0	turns=1101	cache_hit=97.5%	in=355516	cr=534155401	cc=13465789	out=2922626
2026-06-29T03:01:51+08:00	agent=workflow-subagent	session=fe9d8003-341	cost=0	turns=1101	cache_hit=97.5%	in=355516	cr=534155401	cc=13465789	out=2922626
2026-06-29T03:02:02+08:00	agent=workflow-subagent	session=fe9d8003-341	cost=0	turns=1101	cache_hit=97.5%	in=355516	cr=534155401	cc=13465789	out=2922626
2026-06-29T03:02:11+08:00	agent=workflow-subagent	session=fe9d8003-341	cost=0	turns=1101	cache_hit=97.5%	in=355516	cr=534155401	cc=13465789	out=2922626
2026-06-29T03:02:59+08:00	agent=	session=4abba4f1-4a4	cost=0	turns=145	cache_hit=91.7%	in=145461	cr=27686907	cc=2370026	out=838019
2026-06-29T03:03:15+08:00	agent=workflow-subagent	session=fe9d8003-341	cost=0	turns=1101	cache_hit=97.5%	in=355516	cr=534155401	cc=13465789	out=2922626
2026-06-29T03:08:25+08:00	agent=	session=fe9d8003-341	cost=0	turns=1119	cache_hit=97.5%	in=360988	cr=544796450	cc=13538678	out=2972035
2026-06-29T03:36:52+08:00	agent=	session=4abba4f1-4a4	cost=0	turns=172	cache_hit=89.0%	in=151626	cr=37721561	cc=4493856	out=963204
2026-06-29T03:43:26+08:00	agent=	session=fe9d8003-341	cost=0	turns=1178	cache_hit=97.7%	in=365345	cr=582010273	cc=13639975	out=3053271
2026-06-29T03:58:24+08:00	agent=	session=4abba4f1-4a4	cost=0	turns=176	cache_hit=89.5%	in=152954	cr=39599373	cc=4498828	out=970668
2026-06-29T04:05:23+08:00	agent=	session=fe9d8003-341	cost=0	turns=1215	cache_hit=97.7%	in=368299	cr=606492961	cc=13696053	out=3110233
2026-06-29T04:20:30+08:00	agent=	session=fe9d8003-341	cost=0	turns=1223	cache_hit=97.7%	in=371591	cr=611908979	cc=13713902	out=3128197
2026-06-29T04:39:03+08:00	agent=	session=fe9d8003-341	cost=0	turns=1261	cache_hit=97.8%	in=374601	cr=638415520	cc=13764765	out=3195591
2026-06-29T04:44:28+08:00	agent=	session=fe9d8003-341	cost=0	turns=1266	cache_hit=97.8%	in=377512	cr=641996173	cc=13769205	out=3203008
2026-06-29T04:46:13+08:00	agent=	session=fe9d8003-341	cost=0	turns=1273	cache_hit=97.9%	in=379718	cr=647037063	cc=13781429	out=3216058
2026-06-29T04:57:17+08:00	agent=	session=4abba4f1-4a4	cost=0	turns=270	cache_hit=94.8%	in=166871	cr=95556677	cc=5078126	out=1538628
2026-06-29T04:58:18+08:00	agent=Explore	session=fe9d8003-341	cost=0	turns=1278	cache_hit=97.9%	in=422318	cr=650671388	cc=13784054	out=3244333
2026-06-29T04:58:44+08:00	agent=Explore	session=fe9d8003-341	cost=0	turns=1278	cache_hit=97.9%	in=422318	cr=650671388	cc=13784054	out=3244333
2026-06-29T05:03:42+08:00	agent=Explore	session=fe9d8003-341	cost=0	turns=1278	cache_hit=97.9%	in=422318	cr=650671388	cc=13784054	out=3244333
2026-06-29T05:17:32+08:00	agent=Explore	session=fe9d8003-341	cost=0	turns=1293	cache_hit=97.9%	in=429785	cr=661889999	cc=13886666	out=3280540
2026-06-29T15:57:51+08:00	agent=	session=fe9d8003-341	cost=0	turns=1518	cache_hit=97.7%	in=439976	cr=850606495	cc=19950220	out=3635698
2026-06-29T16:43:56+08:00	agent=	session=fe9d8003-341	cost=0	turns=1598	cache_hit=97.8%	in=444576	cr=928730923	cc=20090137	out=3755503
2026-06-29T17:04:20+08:00	agent=	session=fe9d8003-341	cost=0	turns=1647	cache_hit=97.8%	in=577232	cr=934512922	cc=20471409	out=3849612
2026-06-29T17:27:08+08:00	agent=Explore	session=4abba4f1-4a4	cost=0	turns=275	cache_hit=91.7%	in=187616	cr=95556677	cc=8503771	out=1567818
2026-06-29T17:27:29+08:00	agent=Explore	session=4abba4f1-4a4	cost=0	turns=275	cache_hit=91.7%	in=187616	cr=95556677	cc=8503771	out=1567818
2026-06-29T17:28:27+08:00	agent=Explore	session=4abba4f1-4a4	cost=0	turns=278	cache_hit=91.8%	in=188009	cr=97612064	cc=8536675	out=1587870
2026-06-29T17:47:34+08:00	agent=	session=4abba4f1-4a4	cost=0	turns=315	cache_hit=93.2%	in=237841	cr=125359842	cc=8865284	out=1776863
2026-06-29T18:14:55+08:00	agent=	session=4abba4f1-4a4	cost=0	turns=317	cache_hit=93.3%	in=240085	cr=126975694	cc=8865336	out=1784689
2026-06-29T18:16:41+08:00	agent=	session=d0806fea-6a6	cost=0	turns=1819	cache_hit=94.3%	in=820287	cr=924762470	cc=55030851	out=4472549
2026-06-29T18:18:48+08:00	agent=	session=fe9d8003-341	cost=0	turns=1664	cache_hit=97.8%	in=580554	cr=936670530	cc=20969890	out=3898679
2026-06-29T18:47:14+08:00	agent=	session=fe9d8003-341	cost=0	turns=1688	cache_hit=97.8%	in=582852	cr=940925332	cc=21006311	out=3935907
2026-06-29T18:59:52+08:00	agent=	session=4abba4f1-4a4	cost=0	turns=335	cache_hit=93.9%	in=243673	cr=141689754	cc=8925776	out=1829675
2026-06-29T19:01:50+08:00	agent=	session=e33ba939-69f	cost=0	turns=456	cache_hit=96.5%	in=341309	cr=191732427	cc=6679181	out=2159172
2026-06-29T19:17:42+08:00	agent=	session=fe9d8003-341	cost=0	turns=1734	cache_hit=97.8%	in=585243	cr=950181476	cc=21083692	out=4001761
2026-06-29T19:23:26+08:00	agent=	session=fe9d8003-341	cost=0	turns=1739	cache_hit=97.8%	in=586858	cr=951282582	cc=21098275	out=4018936
2026-06-29T19:39:44+08:00	agent=	session=4abba4f1-4a4	cost=0	turns=481	cache_hit=94.4%	in=489261	cr=171289819	cc=9759399	out=2161076
2026-06-29T19:52:39+08:00	agent=	session=fe9d8003-341	cost=0	turns=1785	cache_hit=97.8%	in=589413	cr=962825609	cc=21219507	out=4142594
2026-06-29T19:53:16+08:00	agent=Explore	session=fe9d8003-341	cost=0	turns=1785	cache_hit=97.8%	in=589413	cr=962825609	cc=21219507	out=4142594
2026-06-29T19:54:18+08:00	agent=Explore	session=fe9d8003-341	cost=0	turns=1785	cache_hit=97.8%	in=589413	cr=962825609	cc=21219507	out=4142594
2026-06-29T19:55:39+08:00	agent=Explore	session=fe9d8003-341	cost=0	turns=1785	cache_hit=97.8%	in=589413	cr=962825609	cc=21219507	out=4142594
2026-06-29T19:56:48+08:00	agent=Explore	session=fe9d8003-341	cost=0	turns=1785	cache_hit=97.8%	in=589413	cr=962825609	cc=21219507	out=4142594
2026-06-29T19:57:56+08:00	agent=workflow-subagent	session=fe9d8003-341	cost=0	turns=1785	cache_hit=97.8%	in=589413	cr=962825609	cc=21219507	out=4142594
2026-06-29T20:05:56+08:00	agent=	session=fe9d8003-341	cost=0	turns=1813	cache_hit=97.8%	in=594953	cr=971276540	cc=21326211	out=4205994
2026-06-29T20:05:59+08:00	agent=	session=4abba4f1-4a4	cost=0	turns=486	cache_hit=94.4%	in=491251	cr=172771314	cc=9763775	out=2167164
2026-06-29T20:09:27+08:00	agent=	session=fe9d8003-341	cost=0	turns=1833	cache_hit=97.8%	in=596985	cr=977768766	cc=21366190	out=4236075
2026-06-29T20:24:32+08:00	agent=	session=fe9d8003-341	cost=0	turns=1850	cache_hit=97.8%	in=599206	cr=983558839	cc=21408156	out=4277070
2026-06-29T20:29:11+08:00	agent=	session=4abba4f1-4a4	cost=0	turns=517	cache_hit=94.6%	in=494607	cr=182509023	cc=9849167	out=2238049
2026-06-29T20:34:40+08:00	agent=	session=fe9d8003-341	cost=0	turns=1855	cache_hit=97.8%	in=602486	cr=985323081	cc=21416614	out=4295129
2026-06-29T20:58:46+08:00	agent=	session=fe9d8003-341	cost=0	turns=1866	cache_hit=97.8%	in=605793	cr=989329819	cc=21436007	out=4309910
2026-06-29T21:16:27+08:00	agent=	session=4abba4f1-4a4	cost=0	turns=590	cache_hit=95.2%	in=498782	cr=209950409	cc=10024152	out=2423756
2026-06-29T21:20:51+08:00	agent=general-purpose	session=e33ba939-69f	cost=0	turns=470	cache_hit=95.9%	in=400723	cr=192076105	cc=7789489	out=2345058
2026-06-29T21:21:37+08:00	agent=	session=e33ba939-69f	cost=0	turns=472	cache_hit=95.9%	in=403407	cr=192337119	cc=7797069	out=2348356
2026-06-29T21:21:59+08:00	agent=general-purpose	session=e33ba939-69f	cost=0	turns=472	cache_hit=95.9%	in=403407	cr=192337119	cc=7797069	out=2348356
2026-06-29T21:21:59+08:00	agent=general-purpose	session=e33ba939-69f	cost=0	turns=472	cache_hit=95.9%	in=403407	cr=192337119	cc=7797069	out=2348356
2026-06-29T21:22:04+08:00	agent=general-purpose	session=e33ba939-69f	cost=0	turns=472	cache_hit=95.9%	in=403407	cr=192337119	cc=7797069	out=2348356
2026-06-29T21:22:16+08:00	agent=general-purpose	session=e33ba939-69f	cost=0	turns=472	cache_hit=95.9%	in=403407	cr=192337119	cc=7797069	out=2348356
2026-06-29T21:22:51+08:00	agent=general-purpose	session=e33ba939-69f	cost=0	turns=475	cache_hit=95.9%	in=406803	cr=192748977	cc=7797636	out=2354986
2026-06-29T21:27:24+08:00	agent=	session=e33ba939-69f	cost=0	turns=496	cache_hit=95.9%	in=485355	cr=196204913	cc=7943384	out=2407495
2026-06-29T21:34:06+08:00	agent=	session=e33ba939-69f	cost=0	turns=510	cache_hit=95.9%	in=487741	cr=198943692	cc=8025067	out=2442451
2026-06-29T21:36:24+08:00	agent=	session=e33ba939-69f	cost=0	turns=515	cache_hit=95.9%	in=489356	cr=200032721	cc=8033449	out=2455843
2026-06-29T22:15:01+08:00	agent=workflow-subagent	session=4abba4f1-4a4	cost=0	turns=595	cache_hit=95.3%	in=506859	cr=212051419	cc=10055026	out=2458550
2026-06-29T22:15:13+08:00	agent=workflow-subagent	session=4abba4f1-4a4	cost=0	turns=595	cache_hit=95.3%	in=506859	cr=212051419	cc=10055026	out=2458550
2026-06-29T22:15:52+08:00	agent=	session=cefc6c0e-773	cost=0	turns=10226	cache_hit=97.1%	in=6572472	cr=5177424531	cc=148632361	out=26648742
2026-06-29T22:16:31+08:00	agent=workflow-subagent	session=4abba4f1-4a4	cost=0	turns=595	cache_hit=95.3%	in=506859	cr=212051419	cc=10055026	out=2458550
2026-06-29T22:16:59+08:00	agent=workflow-subagent	session=4abba4f1-4a4	cost=0	turns=595	cache_hit=95.3%	in=506859	cr=212051419	cc=10055026	out=2458550
2026-06-29T22:17:07+08:00	agent=workflow-subagent	session=4abba4f1-4a4	cost=0	turns=595	cache_hit=95.3%	in=506859	cr=212051419	cc=10055026	out=2458550
2026-06-29T22:17:55+08:00	agent=workflow-subagent	session=4abba4f1-4a4	cost=0	turns=595	cache_hit=95.3%	in=506859	cr=212051419	cc=10055026	out=2458550
2026-06-29T22:18:56+08:00	agent=workflow-subagent	session=4abba4f1-4a4	cost=0	turns=595	cache_hit=95.3%	in=506859	cr=212051419	cc=10055026	out=2458550
2026-06-29T22:20:58+08:00	agent=workflow-subagent	session=4abba4f1-4a4	cost=0	turns=595	cache_hit=95.3%	in=506859	cr=212051419	cc=10055026	out=2458550
2026-06-29T22:50:40+08:00	agent=	session=cefc6c0e-773	cost=0	turns=10304	cache_hit=97.1%	in=6591517	cr=5211098186	cc=148873759	out=26826161
2026-06-29T22:55:36+08:00	agent=	session=4abba4f1-4a4	cost=0	turns=744	cache_hit=96.4%	in=519615	cr=291149985	cc=10456962	out=2752016
2026-06-29T22:58:29+08:00	agent=	session=cefc6c0e-773	cost=0	turns=10345	cache_hit=97.1%	in=6599222	cr=5230668057	cc=148972316	out=26905091
2026-06-29T23:40:51+08:00	agent=Explore	session=4abba4f1-4a4	cost=0	turns=754	cache_hit=96.4%	in=528917	cr=297218840	cc=10496510	out=2781913
2026-06-29T23:42:35+08:00	agent=Explore	session=4abba4f1-4a4	cost=0	turns=756	cache_hit=96.4%	in=532059	cr=298453274	cc=10506560	out=2784921
2026-06-29T23:42:57+08:00	agent=Explore	session=4abba4f1-4a4	cost=0	turns=756	cache_hit=96.4%	in=532059	cr=298453274	cc=10506560	out=2784921
2026-06-29T23:43:11+08:00	agent=	session=cefc6c0e-773	cost=0	turns=10356	cache_hit=97.1%	in=6605154	cr=5236158638	cc=148995086	out=26929062
2026-06-30T00:08:30+08:00	agent=	session=e33ba939-69f	cost=0	turns=562	cache_hit=95.7%	in=508856	cr=212136552	cc=9060840	out=2645254
2026-06-30T00:08:41+08:00	agent=	session=cefc6c0e-773	cost=0	turns=10372	cache_hit=97.1%	in=6612830	cr=5244496509	cc=149087668	out=27008691
2026-06-30T00:09:26+08:00	agent=	session=cefc6c0e-773	cost=0	turns=10380	cache_hit=97.1%	in=6614451	cr=5248844929	cc=149097547	out=27013936
2026-06-30T00:17:28+08:00	agent=general-purpose	session=e33ba939-69f	cost=0	turns=574	cache_hit=95.7%	in=510743	cr=216055324	cc=9086305	out=2674016
2026-06-30T00:17:30+08:00	agent=	session=e33ba939-69f	cost=0	turns=574	cache_hit=95.7%	in=510743	cr=216055324	cc=9086305	out=2674016
2026-06-30T00:17:52+08:00	agent=general-purpose	session=e33ba939-69f	cost=0	turns=576	cache_hit=95.8%	in=512067	cr=216731296	cc=9091147	out=2675340
2026-06-30T00:17:54+08:00	agent=	session=e33ba939-69f	cost=0	turns=576	cache_hit=95.8%	in=512067	cr=216731296	cc=9091147	out=2675340
2026-06-30T00:18:17+08:00	agent=	session=e33ba939-69f	cost=0	turns=578	cache_hit=95.8%	in=514255	cr=217414754	cc=9097207	out=2676418
2026-06-30T00:19:59+08:00	agent=general-purpose	session=e33ba939-69f	cost=0	turns=578	cache_hit=95.8%	in=514255	cr=217414754	cc=9097207	out=2676418
2026-06-30T00:22:50+08:00	agent=	session=e33ba939-69f	cost=0	turns=589	cache_hit=95.8%	in=535991	cr=221321958	cc=9157609	out=2706651
2026-06-30T00:24:07+08:00	agent=	session=4abba4f1-4a4	cost=0	turns=886	cache_hit=97.2%	in=548097	cr=390692656	cc=10858774	out=3036825
2026-06-30T00:29:56+08:00	agent=	session=e33ba939-69f	cost=0	turns=607	cache_hit=95.9%	in=541110	cr=228168321	cc=9211199	out=2764061
2026-06-30T00:31:48+08:00	agent=general-purpose	session=e33ba939-69f	cost=0	turns=614	cache_hit=95.9%	in=600837	cr=230917512	cc=9264879	out=2787358
2026-06-30T00:35:59+08:00	agent=	session=cefc6c0e-773	cost=0	turns=10391	cache_hit=97.1%	in=6619087	cr=5254882595	cc=149127319	out=27042778
2026-06-30T02:42:59+08:00	agent=	session=e33ba939-69f	cost=0	turns=624	cache_hit=95.6%	in=608701	cr=234368254	cc=10254261	out=2826798
2026-06-30T04:44:33+08:00	agent=	session=fe9d8003-341	cost=0	turns=1909	cache_hit=97.7%	in=629621	cr=1005074035	cc=22678555	out=4391418
2026-06-30T04:50:28+08:00	agent=	session=fe9d8003-341	cost=0	turns=1914	cache_hit=97.7%	in=632532	cr=1007172414	cc=22684964	out=4409556
2026-06-30T05:26:06+08:00	agent=	session=70510bcb-b3b	cost=0	turns=1500	cache_hit=94.2%	in=857952	cr=737685138	cc=44472895	out=4406600
2026-06-30T05:27:34+08:00	agent=researcher	session=70510bcb-b3b	cost=0	turns=1500	cache_hit=94.2%	in=857952	cr=737685138	cc=44472895	out=4406600
2026-06-30T05:29:17+08:00	agent=	session=70510bcb-b3b	cost=0	turns=1507	cache_hit=94.2%	in=861716	cr=743527539	cc=44500752	out=4422215
2026-06-30T05:38:51+08:00	agent=	session=fe9d8003-341	cost=0	turns=1973	cache_hit=97.8%	in=638401	cr=1034640478	cc=22840501	out=4550825
2026-06-30T05:43:33+08:00	agent=	session=70510bcb-b3b	cost=0	turns=1512	cache_hit=94.3%	in=867525	cr=747742140	cc=44515455	out=4440901
2026-06-30T05:46:34+08:00	agent=researcher	session=70510bcb-b3b	cost=0	turns=1512	cache_hit=94.3%	in=867525	cr=747742140	cc=44515455	out=4440901
2026-06-30T05:51:20+08:00	agent=researcher	session=70510bcb-b3b	cost=0	turns=1517	cache_hit=94.3%	in=882945	cr=752002785	cc=44528455	out=4462918
2026-06-30T06:01:01+08:00	agent=	session=70510bcb-b3b	cost=0	turns=1539	cache_hit=94.4%	in=888308	cr=771583444	cc=44691034	out=4574091
2026-06-30T06:23:13+08:00	agent=	session=fe9d8003-341	cost=0	turns=1990	cache_hit=97.8%	in=643649	cr=1043090940	cc=22876316	out=4582227
2026-06-30T08:06:22+08:00	agent=	session=fe9d8003-341	cost=0	turns=2025	cache_hit=97.7%	in=658643	cr=1060689809	cc=24581555	out=4721598
2026-06-30T08:14:03+08:00	agent=	session=fe9d8003-341	cost=0	turns=2035	cache_hit=97.7%	in=660526	cr=1066563810	cc=24596767	out=4744054
2026-06-30T15:07:21+08:00	agent=	session=fe9d8003-341	cost=0	turns=2065	cache_hit=97.6%	in=662920	cr=1082898588	cc=26432911	out=4780498
2026-06-30T15:39:36+08:00	agent=	session=fe9d8003-341	cost=0	turns=2067	cache_hit=97.6%	in=664244	cr=1084131344	cc=26433111	out=4793098
2026-06-30T16:13:10+08:00	agent=	session=fe9d8003-341	cost=0	turns=2072	cache_hit=97.6%	in=667557	cr=1087249404	cc=26445586	out=4807848
2026-06-30T16:21:22+08:00	agent=	session=fe9d8003-341	cost=0	turns=2074	cache_hit=97.6%	in=669699	cr=1088515486	cc=26445710	out=4819900
2026-06-30T16:25:50+08:00	agent=	session=fe9d8003-341	cost=0	turns=2076	cache_hit=97.6%	in=670773	cr=1089795882	cc=26445740	out=4825556
2026-06-30T17:32:50+08:00	agent=	session=fe9d8003-341	cost=0	turns=2087	cache_hit=97.4%	in=672787	cr=1094963211	cc=28392430	out=4846394
2026-06-30T17:37:00+08:00	agent=	session=fe9d8003-341	cost=0	turns=2107	cache_hit=97.4%	in=677432	cr=1108177747	cc=28424166	out=4885134
2026-06-30T17:49:10+08:00	agent=	session=fe9d8003-341	cost=0	turns=2109	cache_hit=97.4%	in=678506	cr=1109517065	cc=28424500	out=4895986
2026-06-30T18:13:38+08:00	agent=	session=fe9d8003-341	cost=0	turns=2137	cache_hit=97.5%	in=685939	cr=1128956905	cc=28507146	out=4983379
2026-06-30T18:54:59+08:00	agent=	session=fe9d8003-341	cost=0	turns=2152	cache_hit=97.5%	in=687703	cr=1139710156	cc=28536136	out=5017535
2026-06-30T19:05:23+08:00	agent=	session=fe9d8003-341	cost=0	turns=2167	cache_hit=97.5%	in=689671	cr=1150724540	cc=28571091	out=5062772
2026-06-30T19:20:17+08:00	agent=	session=e33ba939-69f	cost=0	turns=652	cache_hit=95.2%	in=616654	cr=246236817	cc=11746289	out=2902017
2026-06-30T19:21:56+08:00	agent=	session=e33ba939-69f	cost=0	turns=654	cache_hit=95.2%	in=618848	cr=247254117	cc=11746471	out=2915277
2026-06-30T19:23:12+08:00	agent=	session=fe9d8003-341	cost=0	turns=2212	cache_hit=97.6%	in=698068	cr=1185093186	cc=28640810	out=5131690
2026-06-30T19:29:02+08:00	agent=	session=e33ba939-69f	cost=0	turns=668	cache_hit=95.4%	in=620853	cr=254556238	cc=11789585	out=2956554
2026-06-30T19:32:29+08:00	agent=	session=fe9d8003-341	cost=0	turns=2246	cache_hit=97.6%	in=701685	cr=1211804515	cc=28683800	out=5177823
2026-06-30T19:36:15+08:00	agent=	session=e33ba939-69f	cost=0	turns=673	cache_hit=95.4%	in=623227	cr=257215912	cc=11796778	out=2968471
2026-06-30T19:40:51+08:00	agent=	session=fe9d8003-341	cost=0	turns=2266	cache_hit=97.7%	in=705979	cr=1227956019	cc=28758835	out=5246420
2026-06-30T19:48:47+08:00	agent=	session=fe9d8003-341	cost=0	turns=2271	cache_hit=97.7%	in=708974	cr=1232078691	cc=28762898	out=5255098
2026-06-30T19:51:24+08:00	agent=	session=e33ba939-69f	cost=0	turns=675	cache_hit=95.4%	in=625165	cr=258296098	cc=11796874	out=2979291
2026-06-30T19:53:55+08:00	agent=	session=e33ba939-69f	cost=0	turns=677	cache_hit=95.4%	in=626487	cr=259389134	cc=11797020	out=2991495
2026-06-30T20:13:56+08:00	agent=	session=e33ba939-69f	cost=0	turns=687	cache_hit=95.1%	in=631070	cr=263874135	cc=12898828	out=3014039
2026-06-30T20:20:48+08:00	agent=	session=fe9d8003-341	cost=0	turns=2273	cache_hit=97.7%	in=711116	cr=1233737883	cc=28768076	out=5266076
2026-06-30T20:47:28+08:00	agent=	session=fe9d8003-341	cost=0	turns=2281	cache_hit=97.7%	in=713124	cr=1240454431	cc=28784802	out=5288041
2026-06-30T20:48:01+08:00	agent=	session=e33ba939-69f	cost=0	turns=704	cache_hit=95.3%	in=634284	cr=273523116	cc=12946116	out=3074428
2026-06-30T20:56:31+08:00	agent=	session=fe9d8003-341	cost=0	turns=2297	cache_hit=97.7%	in=716931	cr=1254182462	cc=28851935	out=5333215
2026-06-30T20:58:30+08:00	agent=	session=fe9d8003-341	cost=0	turns=2299	cache_hit=97.7%	in=719197	cr=1255939674	cc=28853003	out=5345099
2026-06-30T21:05:36+08:00	agent=	session=fe9d8003-341	cost=0	turns=2301	cache_hit=97.7%	in=721135	cr=1257712100	cc=28853265	out=5356057
2026-06-30T21:09:30+08:00	agent=	session=e33ba939-69f	cost=0	turns=718	cache_hit=95.4%	in=636550	cr=281651195	cc=12964218	out=3086848
2026-06-30T21:19:14+08:00	agent=	session=fe9d8003-341	cost=0	turns=2303	cache_hit=97.7%	in=722459	cr=1259497680	cc=28853359	out=5365403
2026-06-30T21:32:38+08:00	agent=	session=e33ba939-69f	cost=0	turns=735	cache_hit=95.5%	in=638822	cr=291726430	cc=13017314	out=3130232
2026-06-30T21:48:18+08:00	agent=	session=e33ba939-69f	cost=0	turns=770	cache_hit=95.8%	in=644991	cr=313272719	cc=13123640	out=3211788
2026-06-30T21:48:26+08:00	agent=	session=fe9d8003-341	cost=0	turns=2308	cache_hit=97.7%	in=725742	cr=1263989012	cc=28865586	out=5386152
2026-06-30T21:51:06+08:00	agent=	session=e33ba939-69f	cost=0	turns=778	cache_hit=95.8%	in=646612	cr=318410487	cc=13144672	out=3238210
2026-06-30T22:01:47+08:00	agent=	session=fe9d8003-341	cost=0	turns=2320	cache_hit=97.7%	in=730122	cr=1274956277	cc=28900148	out=5424240
2026-06-30T22:03:32+08:00	agent=	session=e33ba939-69f	cost=0	turns=786	cache_hit=95.9%	in=648620	cr=323641463	cc=13162779	out=3263008
2026-06-30T22:14:10+08:00	agent=	session=e33ba939-69f	cost=0	turns=816	cache_hit=96.1%	in=654524	cr=344019472	cc=13240507	out=3337025
2026-06-30T22:18:38+08:00	agent=	session=e33ba939-69f	cost=0	turns=824	cache_hit=96.2%	in=656145	cr=349583898	cc=13248050	out=3343939
2026-06-30T22:24:17+08:00	agent=	session=fe9d8003-341	cost=0	turns=2324	cache_hit=97.7%	in=731200	cr=1278652241	cc=28902524	out=5432154
2026-06-30T22:28:27+08:00	agent=	session=fe9d8003-341	cost=0	turns=2324	cache_hit=97.7%	in=731200	cr=1278652241	cc=28902524	out=5432154
2026-06-30T22:30:29+08:00	agent=	session=e33ba939-69f	cost=0	turns=850	cache_hit=96.3%	in=658846	cr=368221437	cc=13365133	out=3449867
2026-06-30T22:44:30+08:00	agent=	session=e33ba939-69f	cost=0	turns=861	cache_hit=96.4%	in=660473	cr=376395638	cc=13403955	out=3485731
2026-06-30T22:49:22+08:00	agent=	session=fe9d8003-341	cost=0	turns=2334	cache_hit=97.7%	in=956515	cr=1279175055	cc=29326240	out=5535394
2026-06-30T22:54:49+08:00	agent=	session=e33ba939-69f	cost=0	turns=901	cache_hit=96.6%	in=663400	cr=407815170	cc=13541171	out=3563762
2026-06-30T23:11:00+08:00	agent=	session=fe9d8003-341	cost=0	turns=2355	cache_hit=97.7%	in=967286	cr=1282417129	cc=29497116	out=5670026
2026-06-30T23:24:28+08:00	agent=	session=fe9d8003-341	cost=0	turns=2362	cache_hit=97.7%	in=968905	cr=1283798866	cc=29501092	out=5684300
2026-06-30T23:34:02+08:00	agent=	session=e33ba939-69f	cost=0	turns=914	cache_hit=96.7%	in=667174	cr=418379888	cc=13579970	out=3601769
2026-06-30T23:37:14+08:00	agent=	session=e33ba939-69f	cost=0	turns=934	cache_hit=96.8%	in=669206	cr=434990600	cc=13616829	out=3622574
2026-06-30T23:49:58+08:00	agent=	session=e33ba939-69f	cost=0	turns=939	cache_hit=96.8%	in=672375	cr=439177815	cc=13628653	out=3641246
2026-06-30T23:51:47+08:00	agent=	session=e33ba939-69f	cost=0	turns=944	cache_hit=96.9%	in=673990	cr=443401514	cc=13649446	out=3657054
