2026-05-18T16:07:50+08:00	agent=parallel-benchmark	session=test-session	cost=1.23	turns=0	cache_hit=—%	in=0	cr=0	cc=0	out=0
2026-05-18T16:14:20+08:00	agent=	session=0c5bb198-232	cost=0	turns=1146	cache_hit=96.3%	in=3433	cr=381514871	cc=14503944	out=2704223
2026-05-18T16:20:27+08:00	agent=architect	session=0c5bb198-232	cost=0	turns=1171	cache_hit=96.4%	in=10336	cr=393178489	cc=14578519	out=2735569
2026-05-18T16:23:49+08:00	agent=researcher	session=0c5bb198-232	cost=0	turns=1175	cache_hit=96.4%	in=10528	cr=395085405	cc=14588427	out=2787669
2026-05-18T16:29:00+08:00	agent=	session=0c5bb198-232	cost=0	turns=1192	cache_hit=96.5%	in=10545	cr=403675186	cc=14776052	out=2862495
2026-05-18T16:42:12+08:00	agent=	session=0c5bb198-232	cost=0	turns=1218	cache_hit=96.6%	in=10601	cr=417593330	cc=14851948	out=2925644
2026-05-18T16:54:38+08:00	agent=	session=0c5bb198-232	cost=0	turns=1274	cache_hit=96.8%	in=10707	cr=449069499	cc=15032081	out=3043234
2026-05-18T17:09:09+08:00	agent=general-purpose	session=a12cf15f-3a3	cost=0	turns=424	cache_hit=90.3%	in=1323	cr=164430054	cc=17705938	out=1096273
2026-05-18T17:09:17+08:00	agent=general-purpose	session=a12cf15f-3a3	cost=0	turns=424	cache_hit=90.3%	in=1323	cr=164430054	cc=17705938	out=1096273
2026-05-18T17:14:30+08:00	agent=general-purpose	session=a12cf15f-3a3	cost=0	turns=441	cache_hit=90.9%	in=1380	cr=177274898	cc=17796470	out=1152728
2026-05-18T17:20:27+08:00	agent=reviewer	session=0c5bb198-232	cost=0	turns=1289	cache_hit=96.8%	in=10742	cr=458126163	cc=15071063	out=3065076
2026-05-18T17:23:03+08:00	agent=	session=0c5bb198-232	cost=0	turns=1303	cache_hit=96.9%	in=10756	cr=466779094	cc=15117151	out=3116785
2026-05-18T17:31:09+08:00	agent=	session=0c5bb198-232	cost=0	turns=1303	cache_hit=96.9%	in=10756	cr=466779094	cc=15117151	out=3116785
2026-05-18T17:40:11+08:00	agent=	session=b2f6c108-891	cost=0	turns=12	cache_hit=60.6%	in=32	cr=745406	cc=484644	out=11770
2026-05-18T17:41:47+08:00	agent=	session=a12cf15f-3a3	cost=0	turns=471	cache_hit=91.8%	in=1415	cr=201388362	cc=17986024	out=1224008
2026-05-18T17:50:55+08:00	agent=	session=a12cf15f-3a3	cost=0	turns=477	cache_hit=92.0%	in=1873	cr=206458540	cc=17994664	out=1229930
2026-05-18T17:55:32+08:00	agent=	session=a12cf15f-3a3	cost=0	turns=499	cache_hit=91.2%	in=1980	cr=221828735	cc=21349620	out=1339588
2026-05-18T17:56:51+08:00	agent=	session=0c5bb198-232	cost=0	turns=1317	cache_hit=96.8%	in=10790	cr=467661444	cc=15363485	out=3138449
2026-05-18T17:58:44+08:00	agent=	session=0c5bb198-232	cost=0	turns=1324	cache_hit=96.8%	in=10822	cr=468283506	cc=15391057	out=3156887
2026-05-18T18:00:46+08:00	agent=general-purpose	session=a12cf15f-3a3	cost=0	turns=499	cache_hit=91.2%	in=1980	cr=221828735	cc=21349620	out=1339588
2026-05-18T18:02:47+08:00	agent=general-purpose	session=a12cf15f-3a3	cost=0	turns=502	cache_hit=91.3%	in=1998	cr=224413928	cc=21368766	out=1347592
2026-05-18T18:04:49+08:00	agent=	session=0c5bb198-232	cost=0	turns=1364	cache_hit=96.8%	in=10882	cr=472966823	cc=15579017	out=3223490
2026-05-18T18:22:35+08:00	agent=	session=0c5bb198-232	cost=0	turns=1433	cache_hit=96.7%	in=10981	cr=483980453	cc=16393843	out=3463193
2026-05-18T18:28:46+08:00	agent=general-purpose	session=a12cf15f-3a3	cost=0	turns=508	cache_hit=91.5%	in=2004	cr=229622606	cc=21400560	out=1388236
2026-05-18T18:34:33+08:00	agent=Explore	session=a12cf15f-3a3	cost=0	turns=508	cache_hit=91.5%	in=2004	cr=229622606	cc=21400560	out=1388236
2026-05-18T18:38:09+08:00	agent=	session=0c5bb198-232	cost=0	turns=1435	cache_hit=96.7%	in=10993	cr=484363813	cc=16399157	out=3469317
2026-05-18T18:38:43+08:00	agent=	session=a12cf15f-3a3	cost=0	turns=524	cache_hit=91.9%	in=2040	cr=243753624	cc=21475222	out=1420533
2026-05-18T18:38:57+08:00	agent=	session=b2f6c108-891	cost=0	turns=39	cache_hit=88.4%	in=11949	cr=4743362	cc=608249	out=65036
2026-05-18T20:54:26+08:00	agent=	session=a12cf15f-3a3	cost=0	turns=535	cache_hit=89.9%	in=2086	cr=247379960	cc=27845311	out=1545278
2026-05-18T21:47:33+08:00	agent=	session=a12cf15f-3a3	cost=0	turns=558	cache_hit=89.1%	in=2184	cr=264136415	cc=32408263	out=1619749
2026-05-18T21:52:36+08:00	agent=general-purpose	session=a12cf15f-3a3	cost=0	turns=558	cache_hit=89.1%	in=2184	cr=264136415	cc=32408263	out=1619749
2026-05-18T21:52:46+08:00	agent=general-purpose	session=a12cf15f-3a3	cost=0	turns=558	cache_hit=89.1%	in=2184	cr=264136415	cc=32408263	out=1619749
2026-05-18T21:53:02+08:00	agent=	session=0c5bb198-232	cost=0	turns=1478	cache_hit=96.6%	in=11061	cr=492358185	cc=17550806	out=3605281
2026-05-18T21:54:15+08:00	agent=	session=a12cf15f-3a3	cost=0	turns=570	cache_hit=89.5%	in=2206	cr=275555640	cc=32459003	out=1628326
2026-05-18T21:56:10+08:00	agent=	session=a12cf15f-3a3	cost=0	turns=571	cache_hit=89.5%	in=2212	cr=276515613	cc=32460135	out=1628359
2026-05-18T21:57:07+08:00	agent=general-purpose	session=b2f6c108-891	cost=0	turns=47	cache_hit=84.4%	in=11997	cr=5790182	cc=1058727	out=134712
2026-05-18T21:57:14+08:00	agent=general-purpose	session=b2f6c108-891	cost=0	turns=47	cache_hit=84.4%	in=11997	cr=5790182	cc=1058727	out=134712
2026-05-18T22:01:45+08:00	agent=general-purpose	session=b2f6c108-891	cost=0	turns=47	cache_hit=84.4%	in=11997	cr=5790182	cc=1058727	out=134712
2026-05-18T22:03:44+08:00	agent=general-purpose	session=b2f6c108-891	cost=0	turns=47	cache_hit=84.4%	in=11997	cr=5790182	cc=1058727	out=134712
2026-05-18T22:24:28+08:00	agent=general-purpose	session=a12cf15f-3a3	cost=0	turns=571	cache_hit=89.5%	in=2212	cr=276515613	cc=32460135	out=1628359
2026-05-18T22:24:55+08:00	agent=	session=a12cf15f-3a3	cost=0	turns=572	cache_hit=89.5%	in=2218	cr=277476718	cc=32460882	out=1628423
2026-05-18T22:30:25+08:00	agent=general-purpose	session=a12cf15f-3a3	cost=0	turns=572	cache_hit=89.5%	in=2218	cr=277476718	cc=32460882	out=1628423
2026-05-18T22:30:54+08:00	agent=	session=a12cf15f-3a3	cost=0	turns=573	cache_hit=89.6%	in=2224	cr=278438570	cc=32461892	out=1628487
2026-05-18T22:45:56+08:00	agent=	session=b2f6c108-891	cost=0	turns=60	cache_hit=88.3%	in=12035	cr=8555090	cc=1121611	out=164084
2026-05-18T22:54:53+08:00	agent=	session=a12cf15f-3a3	cost=0	turns=579	cache_hit=89.7%	in=2250	cr=284226996	cc=32489946	out=1634355
2026-05-18T23:09:53+08:00	agent=general-purpose	session=a12cf15f-3a3	cost=0	turns=579	cache_hit=89.7%	in=2250	cr=284226996	cc=32489946	out=1634355
2026-05-18T23:10:14+08:00	agent=general-purpose	session=a12cf15f-3a3	cost=0	turns=579	cache_hit=89.7%	in=2250	cr=284226996	cc=32489946	out=1634355
2026-05-18T23:10:24+08:00	agent=	session=a12cf15f-3a3	cost=0	turns=581	cache_hit=89.8%	in=2262	cr=286170822	cc=32491967	out=1634457
2026-05-18T23:10:26+08:00	agent=	session=a12cf15f-3a3	cost=0	turns=581	cache_hit=89.8%	in=2262	cr=286170822	cc=32491967	out=1634457
2026-05-18T23:12:49+08:00	agent=	session=a12cf15f-3a3	cost=0	turns=582	cache_hit=89.8%	in=2268	cr=287144105	cc=32492573	out=1634546
2026-05-18T23:24:11+08:00	agent=general-purpose	session=a12cf15f-3a3	cost=0	turns=582	cache_hit=89.8%	in=2268	cr=287144105	cc=32492573	out=1634546
2026-05-18T23:24:43+08:00	agent=	session=a12cf15f-3a3	cost=0	turns=583	cache_hit=89.9%	in=2274	cr=288117994	cc=32493383	out=1634593
2026-05-18T23:34:09+08:00	agent=	session=a12cf15f-3a3	cost=0	turns=584	cache_hit=89.9%	in=2280	cr=289092693	cc=32493970	out=1634654
2026-05-18T23:36:47+08:00	agent=	session=a12cf15f-3a3	cost=0	turns=585	cache_hit=89.9%	in=2286	cr=290067979	cc=32494971	out=1634740
2026-05-18T23:46:53+08:00	agent=	session=066562c0-e75	cost=0	turns=181	cache_hit=83.7%	in=112141	cr=46685649	cc=8960435	out=656341
2026-05-18T23:46:58+08:00	agent=	session=b2f6c108-891	cost=0	turns=67	cache_hit=89.8%	in=12052	cr=10135600	cc=1134178	out=167635
2026-05-18T23:49:04+08:00	agent=	session=a12cf15f-3a3	cost=0	turns=586	cache_hit=90.0%	in=2292	cr=291044266	cc=32495597	out=1634781
2026-05-18T23:50:16+08:00	agent=	session=a12cf15f-3a3	cost=0	turns=592	cache_hit=90.1%	in=2308	cr=296909543	cc=32503866	out=1645771
2026-05-18T23:51:50+08:00	agent=	session=a12cf15f-3a3	cost=0	turns=593	cache_hit=90.2%	in=2314	cr=297891712	cc=32505512	out=1645834
2026-05-18T23:58:12+08:00	agent=	session=b2f6c108-891	cost=0	turns=69	cache_hit=90.2%	in=12064	cr=10592864	cc=1137926	out=168811
2026-05-19T00:03:58+08:00	agent=	session=0c5bb198-232	cost=0	turns=1525	cache_hit=96.4%	in=11128	cr=503733109	cc=18696515	out=3736052
2026-05-19T00:06:55+08:00	agent=general-purpose	session=a12cf15f-3a3	cost=0	turns=593	cache_hit=90.2%	in=2314	cr=297891712	cc=32505512	out=1645834
2026-05-19T00:09:10+08:00	agent=	session=a12cf15f-3a3	cost=0	turns=593	cache_hit=90.2%	in=2314	cr=297891712	cc=32505512	out=1645834
2026-05-19T00:32:13+08:00	agent=Explore	session=066562c0-e75	cost=0	turns=181	cache_hit=83.7%	in=112141	cr=46685649	cc=8960435	out=656341
2026-05-19T00:32:23+08:00	agent=Explore	session=066562c0-e75	cost=0	turns=181	cache_hit=83.7%	in=112141	cr=46685649	cc=8960435	out=656341
2026-05-19T00:33:13+08:00	agent=Explore	session=066562c0-e75	cost=0	turns=187	cache_hit=84.3%	in=112177	cr=49489683	cc=9087803	out=704857
2026-05-19T00:33:29+08:00	agent=	session=a12cf15f-3a3	cost=0	turns=661	cache_hit=90.3%	in=2452	cr=306993087	cc=32912445	out=1711796
2026-05-19T00:35:44+08:00	agent=Explore	session=066562c0-e75	cost=0	turns=187	cache_hit=84.3%	in=112177	cr=49489683	cc=9087803	out=704857
2026-05-19T00:37:21+08:00	agent=	session=b2f6c108-891	cost=0	turns=120	cache_hit=86.7%	in=12180	cr=22434575	cc=3441943	out=270803
2026-05-19T00:41:00+08:00	agent=	session=b2f6c108-891	cost=0	turns=122	cache_hit=87.0%	in=12192	cr=23049675	cc=3443829	out=271079
2026-05-19T00:42:06+08:00	agent=	session=b2f6c108-891	cost=0	turns=123	cache_hit=87.1%	in=12198	cr=23358168	cc=3444560	out=271138
2026-05-19T00:47:55+08:00	agent=	session=b2f6c108-891	cost=0	turns=124	cache_hit=87.3%	in=12204	cr=23667392	cc=3445212	out=271192
2026-05-19T00:58:54+08:00	agent=	session=b2f6c108-891	cost=0	turns=134	cache_hit=88.5%	in=12368	cr=26770254	cc=3451240	out=276016
2026-05-19T01:19:30+08:00	agent=	session=b2f6c108-891	cost=0	turns=172	cache_hit=91.6%	in=12426	cr=39222073	cc=3565357	out=360154
2026-05-19T01:25:07+08:00	agent=	session=0c5bb198-232	cost=0	turns=1538	cache_hit=96.2%	in=11166	cr=506188253	cc=20231205	out=3769609
2026-05-19T01:27:12+08:00	agent=general-purpose	session=b2f6c108-891	cost=0	turns=177	cache_hit=91.9%	in=12456	cr=40999818	cc=3577702	out=404959
2026-05-19T01:27:22+08:00	agent=general-purpose	session=b2f6c108-891	cost=0	turns=177	cache_hit=91.9%	in=12456	cr=40999818	cc=3577702	out=404959
2026-05-19T01:32:32+08:00	agent=general-purpose	session=b2f6c108-891	cost=0	turns=177	cache_hit=91.9%	in=12456	cr=40999818	cc=3577702	out=404959
2026-05-19T01:43:28+08:00	agent=	session=066562c0-e75	cost=0	turns=208	cache_hit=86.6%	in=112213	cr=60484284	cc=9280782	out=821600
2026-05-19T01:45:01+08:00	agent=	session=b2f6c108-891	cost=0	turns=222	cache_hit=93.9%	in=12546	cr=58957040	cc=3836758	out=531337
2026-05-19T01:45:39+08:00	agent=	session=a12cf15f-3a3	cost=0	turns=685	cache_hit=90.1%	in=2511	cr=310161749	cc=34198396	out=1752978
2026-05-19T11:53:47+08:00	agent=Explore	session=0c5bb198-232	cost=0	turns=1543	cache_hit=95.9%	in=11196	cr=506188253	cc=21817080	out=3793454
2026-05-19T11:57:59+08:00	agent=Explore	session=0c5bb198-232	cost=0	turns=1543	cache_hit=95.9%	in=11196	cr=506188253	cc=21817080	out=3793454
2026-05-19T11:58:00+08:00	agent=Explore	session=0c5bb198-232	cost=0	turns=1543	cache_hit=95.9%	in=11196	cr=506188253	cc=21817080	out=3793454
2026-05-19T15:19:54+08:00	agent=	session=b2f6c108-891	cost=0	turns=241	cache_hit=92.6%	in=12580	cr=66632379	cc=5289547	out=593306
2026-05-19T16:36:15+08:00	agent=Explore	session=b2f6c108-891	cost=0	turns=247	cache_hit=90.9%	in=12601	cr=68120046	cc=6821665	out=639389
2026-05-19T16:52:35+08:00	agent=	session=066562c0-e75	cost=0	turns=225	cache_hit=84.6%	in=112255	cr=67350357	cc=12133157	out=899484
2026-05-19T16:53:15+08:00	agent=pr-review-toolkit:code-reviewer	session=0c5bb198-232	cost=0	turns=1621	cache_hit=95.6%	in=33890	cr=533005303	cc=24623467	out=3959526
2026-05-19T16:53:29+08:00	agent=	session=a12cf15f-3a3	cost=0	turns=704	cache_hit=90.0%	in=2575	cr=314052256	cc=34704573	out=1838449
2026-05-19T16:55:04+08:00	agent=	session=b2f6c108-891	cost=0	turns=310	cache_hit=93.6%	in=12674	cr=102364276	cc=6981128	out=758070
2026-05-19T16:55:55+08:00	agent=	session=0c5bb198-232	cost=0	turns=1634	cache_hit=95.6%	in=33928	cr=538605755	cc=24717656	out=3990430
2026-05-19T17:10:13+08:00	agent=	session=066562c0-e75	cost=0	turns=244	cache_hit=86.4%	in=112319	cr=78777983	cc=12335580	out=1010051
2026-05-19T17:11:15+08:00	agent=	session=0c5bb198-232	cost=0	turns=1639	cache_hit=95.6%	in=33948	cr=540853705	cc=24732307	out=3997106
2026-05-19T22:17:30+08:00	agent=	session=b2f6c108-891	cost=0	turns=347	cache_hit=93.3%	in=12726	cr=122600916	cc=8819723	out=820122
2026-05-19T22:20:14+08:00	agent=	session=0c5bb198-232	cost=0	turns=1639	cache_hit=95.6%	in=33948	cr=540853705	cc=24732307	out=3997106
2026-05-19T22:25:13+08:00	agent=	session=b2f6c108-891	cost=0	turns=349	cache_hit=93.3%	in=12738	cr=123844762	cc=8824793	out=827594
2026-05-19T22:29:51+08:00	agent=Explore	session=0c5bb198-232	cost=0	turns=1648	cache_hit=95.6%	in=33977	cr=541294915	cc=25090082	out=4021244
2026-05-19T22:30:37+08:00	agent=Explore	session=0c5bb198-232	cost=0	turns=1648	cache_hit=95.6%	in=33977	cr=541294915	cc=25090082	out=4021244
2026-05-19T22:34:35+08:00	agent=researcher	session=0c5bb198-232	cost=0	turns=1648	cache_hit=95.6%	in=33977	cr=541294915	cc=25090082	out=4021244
2026-05-19T23:02:49+08:00	agent=	session=0c5bb198-232	cost=0	turns=1733	cache_hit=95.6%	in=44777	cr=555181618	cc=25415733	out=4186781
2026-05-19T23:05:43+08:00	agent=pr-review-toolkit:code-reviewer	session=0c5bb198-232	cost=0	turns=1747	cache_hit=95.6%	in=44851	cr=557938017	cc=25457087	out=4223054
2026-05-19T23:08:33+08:00	agent=	session=0c5bb198-232	cost=0	turns=1766	cache_hit=95.6%	in=44870	cr=562173720	cc=25541649	out=4246616
2026-05-19T23:10:50+08:00	agent=	session=0c5bb198-232	cost=0	turns=1771	cache_hit=95.7%	in=44890	cr=563372236	cc=25550111	out=4256459
2026-05-19T23:19:32+08:00	agent=	session=0c5bb198-232	cost=0	turns=1794	cache_hit=95.7%	in=44927	cr=568850512	cc=25573580	out=4272148
2026-05-19T23:36:57+08:00	agent=	session=b2f6c108-891	cost=0	turns=355	cache_hit=92.2%	in=12758	cr=125117753	cc=10534129	out=844845
2026-05-19T23:37:31+08:00	agent=	session=0c5bb198-232	cost=0	turns=1824	cache_hit=95.7%	in=44972	cr=576824015	cc=25615407	out=4312983
2026-05-19T23:42:28+08:00	agent=	session=0c5bb198-232	cost=0	turns=1832	cache_hit=95.8%	in=44995	cr=579079059	cc=25635450	out=4333152
2026-05-19T23:48:41+08:00	agent=	session=0c5bb198-232	cost=0	turns=1834	cache_hit=95.8%	in=45007	cr=579655885	cc=25644638	out=4334774
2026-05-19T23:50:42+08:00	agent=Explore	session=a12cf15f-3a3	cost=0	turns=710	cache_hit=89.9%	in=2605	cr=314869027	cc=35273504	out=1857255
2026-05-19T23:51:36+08:00	agent=	session=0c5bb198-232	cost=0	turns=1836	cache_hit=95.8%	in=45019	cr=580241899	cc=25647182	out=4335158
2026-05-19T23:52:08+08:00	agent=	session=0c5bb198-232	cost=0	turns=1837	cache_hit=95.8%	in=45025	cr=580536178	cc=25647841	out=4335224
2026-05-19T23:52:37+08:00	agent=	session=0c5bb198-232	cost=0	turns=1838	cache_hit=95.8%	in=45031	cr=580831116	cc=25648371	out=4335290
2026-05-19T23:54:06+08:00	agent=	session=0c5bb198-232	cost=0	turns=1841	cache_hit=95.8%	in=45049	cr=581718892	cc=25652679	out=4335748
2026-05-19T23:54:09+08:00	agent=	session=0c5bb198-232	cost=0	turns=1841	cache_hit=95.8%	in=45049	cr=581718892	cc=25652679	out=4335748
2026-05-20T01:04:11+08:00	agent=	session=0c5bb198-232	cost=0	turns=1850	cache_hit=95.6%	in=45073	cr=583525128	cc=26553923	out=4344636
2026-05-20T01:13:32+08:00	agent=	session=a12cf15f-3a3	cost=0	turns=753	cache_hit=89.7%	in=2678	cr=326417599	cc=37427114	out=1958112
2026-05-20T01:17:42+08:00	agent=Explore	session=b2f6c108-891	cost=0	turns=359	cache_hit=90.6%	in=12782	cr=125117753	cc=12964249	out=854345
2026-05-20T01:41:51+08:00	agent=	session=0c5bb198-232	cost=0	turns=1858	cache_hit=95.7%	in=45096	cr=585970682	cc=26567491	out=4354735
2026-05-20T01:50:29+08:00	agent=	session=0c5bb198-232	cost=0	turns=1866	cache_hit=95.7%	in=45119	cr=588467226	cc=26587671	out=4369273
2026-05-20T01:56:26+08:00	agent=	session=a12cf15f-3a3	cost=0	turns=755	cache_hit=89.7%	in=2690	cr=327117167	cc=37430824	out=1965120
2026-05-20T01:57:33+08:00	agent=	session=0c5bb198-232	cost=0	turns=1882	cache_hit=95.7%	in=45160	cr=593670317	cc=26610082	out=4386103
2026-05-20T02:00:03+08:00	agent=	session=b2f6c108-891	cost=0	turns=418	cache_hit=92.5%	in=12866	cr=163516626	cc=13238076	out=1004962
2026-05-20T02:05:02+08:00	agent=	session=0c5bb198-232	cost=0	turns=1887	cache_hit=95.7%	in=45175	cr=595342220	cc=26627199	out=4390715
2026-05-20T02:51:03+08:00	agent=	session=a12cf15f-3a3	cost=0	turns=792	cache_hit=90.1%	in=2853	cr=340482642	cc=37506632	out=2006096
2026-05-20T02:53:27+08:00	agent=	session=066562c0-e75	cost=0	turns=249	cache_hit=85.4%	in=112343	cr=80136969	cc=13597004	out=1023683
2026-05-20T02:53:44+08:00	agent=	session=b2f6c108-891	cost=0	turns=457	cache_hit=93.5%	in=12920	cr=191127466	cc=13313198	out=1047652
2026-05-20T02:58:04+08:00	agent=	session=0c5bb198-232	cost=0	turns=1912	cache_hit=95.8%	in=45210	cr=604126042	cc=26680619	out=4426511
2026-05-20T03:07:50+08:00	agent=	session=a12cf15f-3a3	cost=0	turns=815	cache_hit=90.3%	in=2901	cr=349446653	cc=37550573	out=2063449
2026-05-20T03:13:43+08:00	agent=	session=b2f6c108-891	cost=0	turns=477	cache_hit=93.9%	in=12965	cr=205924816	cc=13384528	out=1085075
2026-05-20T03:18:00+08:00	agent=	session=b2f6c108-891	cost=0	turns=483	cache_hit=94.0%	in=12991	cr=210453800	cc=13404048	out=1098483
2026-05-20T03:24:42+08:00	agent=	session=b2f6c108-891	cost=0	turns=485	cache_hit=94.0%	in=13003	cr=211985254	cc=13404666	out=1114151
2026-05-20T03:24:57+08:00	agent=	session=0c5bb198-232	cost=0	turns=1912	cache_hit=95.8%	in=45210	cr=604126042	cc=26680619	out=4426511
2026-05-20T04:40:34+08:00	agent=	session=b2f6c108-891	cost=0	turns=490	cache_hit=93.1%	in=13023	cr=213534966	cc=15734918	out=1134117
2026-05-20T09:19:10+08:00	agent=	session=066562c0-e75	cost=0	turns=259	cache_hit=84.3%	in=112383	cr=84774788	cc=15636980	out=1053776
2026-05-20T09:23:38+08:00	agent=	session=066562c0-e75	cost=0	turns=267	cache_hit=85.1%	in=112406	cr=90203905	cc=15664885	out=1071675
2026-05-20T10:44:51+08:00	agent=Explore	session=a12cf15f-3a3	cost=0	turns=820	cache_hit=90.0%	in=2921	cr=350355776	cc=38714909	out=2073249
2026-05-20T10:45:14+08:00	agent=	session=066562c0-e75	cost=0	turns=375	cache_hit=91.4%	in=112529	cr=171565494	cc=16087634	out=1363560
2026-05-20T10:52:58+08:00	agent=	session=066562c0-e75	cost=0	turns=395	cache_hit=92.0%	in=112564	cr=187894015	cc=16141153	out=1398799
2026-05-20T10:55:03+08:00	agent=	session=066562c0-e75	cost=0	turns=400	cache_hit=92.2%	in=112584	cr=192034480	cc=16150574	out=1405580
2026-05-20T11:04:04+08:00	agent=	session=bb3371e7-322	cost=0	turns=45	cache_hit=90.5%	in=25857	cr=6134100	cc=616026	out=317547
2026-05-20T11:49:56+08:00	agent=	session=a12cf15f-3a3	cost=0	turns=897	cache_hit=90.8%	in=2998	cr=385596653	cc=38984900	out=2250711
2026-05-20T12:17:45+08:00	agent=	session=066562c0-e75	cost=0	turns=413	cache_hit=91.5%	in=112612	cr=200479167	cc=18593355	out=1424650
2026-05-20T12:21:50+08:00	agent=	session=a12cf15f-3a3	cost=0	turns=927	cache_hit=91.1%	in=3043	cr=401324844	cc=39144524	out=2336977
2026-05-20T12:23:45+08:00	agent=	session=b2f6c108-891	cost=0	turns=523	cache_hit=93.2%	in=13111	cr=238394690	cc=17353468	out=1211483
2026-05-20T12:24:59+08:00	agent=	session=bb3371e7-322	cost=0	turns=75	cache_hit=82.5%	in=25927	cr=11992023	cc=2516252	out=432181
2026-05-20T12:29:51+08:00	agent=	session=b2f6c108-891	cost=0	turns=525	cache_hit=93.3%	in=13123	cr=240023310	cc=17359482	out=1223023
2026-05-20T12:34:19+08:00	agent=evaluator	session=bb3371e7-322	cost=0	turns=80	cache_hit=84.0%	in=25952	cr=13412362	cc=2524489	out=443750
2026-05-20T12:41:58+08:00	agent=evaluator	session=bb3371e7-322	cost=0	turns=114	cache_hit=90.0%	in=25986	cr=23808291	cc=2625314	out=514971
2026-05-20T12:48:57+08:00	agent=	session=b2f6c108-891	cost=0	turns=527	cache_hit=93.3%	in=13135	cr=241657944	cc=17371958	out=1229525
2026-05-20T12:57:41+08:00	agent=	session=a12cf15f-3a3	cost=0	turns=929	cache_hit=91.1%	in=3055	cr=402443328	cc=39148710	out=2345423
2026-05-20T13:15:18+08:00	agent=evaluator	session=bb3371e7-322	cost=0	turns=168	cache_hit=93.8%	in=26080	cr=43795373	cc=2847295	out=767520
2026-05-20T13:20:00+08:00	agent=	session=bb3371e7-322	cost=0	turns=181	cache_hit=94.4%	in=26123	cr=49227535	cc=2905862	out=803816
2026-05-20T14:49:23+08:00	agent=	session=066562c0-e75	cost=0	turns=413	cache_hit=91.5%	in=112612	cr=200479167	cc=18593355	out=1424650
2026-05-20T15:00:18+08:00	agent=	session=0c5bb198-232	cost=0	turns=1922	cache_hit=95.7%	in=45250	cr=604520748	cc=27160047	out=4440599
2026-05-20T20:07:58+08:00	agent=	session=bb3371e7-322	cost=0	turns=203	cache_hit=93.0%	in=26159	cr=57389474	cc=4278271	out=907647
2026-05-20T20:23:28+08:00	agent=	session=066562c0-e75	cost=0	turns=415	cache_hit=91.4%	in=112624	cr=200479167	cc=18748207	out=1431390
2026-05-20T20:24:08+08:00	agent=	session=b2f6c108-891	cost=0	turns=538	cache_hit=92.6%	in=13161	cr=248467175	cc=19844837	out=1258027
2026-05-20T20:43:36+08:00	agent=researcher	session=17b0ac1e-5bf	cost=0	turns=10	cache_hit=75.3%	in=20	cr=633296	cc=207691	out=24572
2026-05-20T20:45:10+08:00	agent=	session=17b0ac1e-5bf	cost=0	turns=12	cache_hit=78.6%	in=396	cr=816886	cc=221537	out=29238
2026-05-20T20:49:02+08:00	agent=	session=b2f6c108-891	cost=0	turns=555	cache_hit=93.0%	in=13237	cr=263080118	cc=19880684	out=1270947
2026-05-20T20:49:59+08:00	agent=	session=17b0ac1e-5bf	cost=0	turns=16	cache_hit=84.1%	in=410	cr=1217746	cc=229699	out=35050
2026-05-20T20:55:59+08:00	agent=	session=bb3371e7-322	cost=0	turns=256	cache_hit=95.0%	in=33904	cr=83717596	cc=4387393	out=978783
2026-05-20T20:56:55+08:00	agent=	session=a12cf15f-3a3	cost=0	turns=978	cache_hit=90.9%	in=3139	cr=428079283	cc=43073144	out=2443281
2026-05-20T21:12:49+08:00	agent=	session=0c5bb198-232	cost=0	turns=1928	cache_hit=95.7%	in=45270	cr=604711980	cc=27453821	out=4453786
2026-05-20T21:22:31+08:00	agent=	session=0c5bb198-232	cost=0	turns=1936	cache_hit=95.7%	in=45298	cr=605516656	cc=27474260	out=4457570
2026-05-20T21:24:39+08:00	agent=	session=0c5bb198-232	cost=0	turns=1943	cache_hit=95.7%	in=45325	cr=606260840	cc=27484269	out=4466310
2026-05-20T21:25:44+08:00	agent=	session=a12cf15f-3a3	cost=0	turns=980	cache_hit=90.9%	in=3151	cr=429344101	cc=43088438	out=2444919
2026-05-20T21:49:20+08:00	agent=	session=17b0ac1e-5bf	cost=0	turns=20	cache_hit=86.2%	in=434	cr=1656022	cc=264249	out=48940
2026-05-20T22:12:55+08:00	agent=	session=a12cf15f-3a3	cost=0	turns=1011	cache_hit=91.2%	in=3217	cr=449562301	cc=43168133	out=2588883
2026-05-20T23:12:15+08:00	agent=	session=a12cf15f-3a3	cost=0	turns=1043	cache_hit=91.6%	in=3350	cr=471977766	cc=43271140	out=2696774
2026-05-20T23:21:18+08:00	agent=	session=b2f6c108-891	cost=0	turns=570	cache_hit=93.0%	in=13267	cr=275685251	cc=20840556	out=1318590
2026-05-20T23:23:48+08:00	agent=	session=a12cf15f-3a3	cost=0	turns=1044	cache_hit=91.6%	in=3356	cr=472699077	cc=43272901	out=2698571
2026-05-21T00:04:26+08:00	agent=	session=a12cf15f-3a3	cost=0	turns=1060	cache_hit=91.8%	in=3402	cr=484390914	cc=43345544	out=2778802
2026-05-21T01:20:47+08:00	agent=Explore	session=d58d0aa8-aba	cost=0	turns=5	cache_hit=44.9%	in=30	cr=135750	cc=166495	out=12960
2026-05-21T01:21:28+08:00	agent=Explore	session=d58d0aa8-aba	cost=0	turns=10	cache_hit=66.2%	in=35	cr=437995	cc=223230	out=39225
2026-05-21T01:25:16+08:00	agent=Explore	session=d58d0aa8-aba	cost=0	turns=10	cache_hit=66.2%	in=35	cr=437995	cc=223230	out=39225
2026-05-21T02:13:46+08:00	agent=	session=d58d0aa8-aba	cost=0	turns=87	cache_hit=94.2%	in=174	cr=11287251	cc=693954	out=280552
2026-05-21T02:13:46+08:00	agent=general-purpose	session=d58d0aa8-aba	cost=0	turns=87	cache_hit=94.2%	in=174	cr=11287251	cc=693954	out=280552
2026-05-21T02:13:50+08:00	agent=general-purpose	session=d58d0aa8-aba	cost=0	turns=87	cache_hit=94.2%	in=174	cr=11287251	cc=693954	out=280552
2026-05-21T02:14:25+08:00	agent=	session=d58d0aa8-aba	cost=0	turns=95	cache_hit=94.7%	in=197	cr=12757155	cc=712491	out=286750
2026-05-21T02:14:52+08:00	agent=general-purpose	session=d58d0aa8-aba	cost=0	turns=95	cache_hit=94.7%	in=197	cr=12757155	cc=712491	out=286750
2026-05-21T02:15:26+08:00	agent=	session=d58d0aa8-aba	cost=0	turns=99	cache_hit=94.9%	in=216	cr=13510120	cc=721252	out=290927
2026-05-21T02:16:53+08:00	agent=general-purpose	session=d58d0aa8-aba	cost=0	turns=99	cache_hit=94.9%	in=216	cr=13510120	cc=721252	out=290927
2026-05-21T02:17:21+08:00	agent=	session=d58d0aa8-aba	cost=0	turns=103	cache_hit=95.1%	in=235	cr=14278643	cc=730337	out=295272
2026-05-21T02:18:03+08:00	agent=general-purpose	session=d58d0aa8-aba	cost=0	turns=103	cache_hit=95.1%	in=235	cr=14278643	cc=730337	out=295272
2026-05-21T02:18:24+08:00	agent=	session=d58d0aa8-aba	cost=0	turns=107	cache_hit=95.3%	in=254	cr=15064396	cc=737395	out=298692
2026-05-21T02:20:35+08:00	agent=general-purpose	session=d58d0aa8-aba	cost=0	turns=107	cache_hit=95.3%	in=254	cr=15064396	cc=737395	out=298692
2026-05-21T02:24:26+08:00	agent=	session=d58d0aa8-aba	cost=0	turns=126	cache_hit=95.9%	in=318	cr=18915238	cc=801089	out=396901
2026-05-21T02:28:49+08:00	agent=general-purpose	session=d58d0aa8-aba	cost=0	turns=126	cache_hit=95.9%	in=318	cr=18915238	cc=801089	out=396901
2026-05-21T02:29:15+08:00	agent=	session=d58d0aa8-aba	cost=0	turns=131	cache_hit=96.1%	in=338	cr=20013820	cc=809620	out=400987
2026-05-21T02:29:47+08:00	agent=general-purpose	session=d58d0aa8-aba	cost=0	turns=131	cache_hit=96.1%	in=338	cr=20013820	cc=809620	out=400987
2026-05-21T02:30:52+08:00	agent=general-purpose	session=d58d0aa8-aba	cost=0	turns=138	cache_hit=96.3%	in=365	cr=21581697	cc=824595	out=411335
2026-05-21T02:31:01+08:00	agent=	session=d58d0aa8-aba	cost=0	turns=138	cache_hit=96.3%	in=365	cr=21581697	cc=824595	out=411335
2026-05-21T02:32:21+08:00	agent=	session=d58d0aa8-aba	cost=0	turns=151	cache_hit=96.6%	in=393	cr=24609112	cc=852675	out=422032
2026-05-21T02:32:22+08:00	agent=general-purpose	session=d58d0aa8-aba	cost=0	turns=151	cache_hit=96.6%	in=393	cr=24609112	cc=852675	out=422032
2026-05-21T02:33:35+08:00	agent=	session=d58d0aa8-aba	cost=0	turns=161	cache_hit=96.9%	in=428	cr=27056245	cc=871058	out=429451
2026-05-21T02:36:11+08:00	agent=general-purpose	session=d58d0aa8-aba	cost=0	turns=161	cache_hit=96.9%	in=428	cr=27056245	cc=871058	out=429451
2026-05-21T02:36:25+08:00	agent=	session=d58d0aa8-aba	cost=0	turns=163	cache_hit=96.9%	in=440	cr=27557645	cc=872652	out=430385
2026-05-21T02:42:33+08:00	agent=general-purpose	session=d58d0aa8-aba	cost=0	turns=163	cache_hit=96.9%	in=440	cr=27557645	cc=872652	out=430385
2026-05-21T02:42:55+08:00	agent=	session=d58d0aa8-aba	cost=0	turns=165	cache_hit=97.0%	in=452	cr=28060639	cc=874982	out=431329
2026-05-21T02:48:00+08:00	agent=	session=d58d0aa8-aba	cost=0	turns=167	cache_hit=97.0%	in=464	cr=28565963	cc=877806	out=431543
2026-05-21T02:56:05+08:00	agent=general-purpose	session=d58d0aa8-aba	cost=0	turns=167	cache_hit=97.0%	in=464	cr=28565963	cc=877806	out=431543
2026-05-21T02:56:22+08:00	agent=	session=d58d0aa8-aba	cost=0	turns=169	cache_hit=97.1%	in=476	cr=29074111	cc=879582	out=432209
2026-05-21T03:00:46+08:00	agent=general-purpose	session=d58d0aa8-aba	cost=0	turns=169	cache_hit=97.1%	in=476	cr=29074111	cc=879582	out=432209
2026-05-21T03:00:56+08:00	agent=	session=d58d0aa8-aba	cost=0	turns=171	cache_hit=97.1%	in=488	cr=29584035	cc=881734	out=432947
2026-05-21T03:18:00+08:00	agent=general-purpose	session=d58d0aa8-aba	cost=0	turns=171	cache_hit=97.1%	in=488	cr=29584035	cc=881734	out=432947
2026-05-21T03:18:15+08:00	agent=	session=d58d0aa8-aba	cost=0	turns=173	cache_hit=97.1%	in=500	cr=30096111	cc=883912	out=433735
2026-05-21T03:26:02+08:00	agent=general-purpose	session=d58d0aa8-aba	cost=0	turns=173	cache_hit=97.1%	in=500	cr=30096111	cc=883912	out=433735
2026-05-21T03:26:12+08:00	agent=	session=d58d0aa8-aba	cost=0	turns=174	cache_hit=97.2%	in=506	cr=30353238	cc=884994	out=433812
2026-05-21T03:33:20+08:00	agent=general-purpose	session=d58d0aa8-aba	cost=0	turns=177	cache_hit=97.2%	in=524	cr=31127865	cc=886272	out=436635
2026-05-21T03:33:22+08:00	agent=general-purpose	session=d58d0aa8-aba	cost=0	turns=177	cache_hit=97.2%	in=524	cr=31127865	cc=886272	out=436635
2026-05-21T03:35:37+08:00	agent=	session=d58d0aa8-aba	cost=0	turns=193	cache_hit=97.5%	in=555	cr=35336554	cc=923645	out=463965
2026-05-21T03:36:17+08:00	agent=general-purpose	session=d58d0aa8-aba	cost=0	turns=193	cache_hit=97.5%	in=555	cr=35336554	cc=923645	out=463965
2026-05-21T03:36:24+08:00	agent=	session=d58d0aa8-aba	cost=0	turns=194	cache_hit=97.5%	in=561	cr=35609527	cc=924425	out=464004
2026-05-21T03:38:17+08:00	agent=general-purpose	session=d58d0aa8-aba	cost=0	turns=194	cache_hit=97.5%	in=561	cr=35609527	cc=924425	out=464004
2026-05-21T03:38:30+08:00	agent=	session=d58d0aa8-aba	cost=0	turns=198	cache_hit=97.5%	in=580	cr=36706929	cc=932065	out=465394
2026-05-21T03:49:45+08:00	agent=general-purpose	session=d58d0aa8-aba	cost=0	turns=198	cache_hit=97.5%	in=580	cr=36706929	cc=932065	out=465394
2026-05-21T03:49:56+08:00	agent=	session=d58d0aa8-aba	cost=0	turns=200	cache_hit=97.6%	in=592	cr=37260155	cc=933541	out=465680
2026-05-21T03:55:04+08:00	agent=general-purpose	session=d58d0aa8-aba	cost=0	turns=200	cache_hit=97.6%	in=592	cr=37260155	cc=933541	out=465680
2026-05-21T03:55:39+08:00	agent=	session=d58d0aa8-aba	cost=0	turns=205	cache_hit=97.6%	in=617	cr=38648887	cc=943581	out=473545
2026-05-21T03:59:01+08:00	agent=general-purpose	session=d58d0aa8-aba	cost=0	turns=205	cache_hit=97.6%	in=617	cr=38648887	cc=943581	out=473545
2026-05-21T03:59:05+08:00	agent=	session=d58d0aa8-aba	cost=0	turns=206	cache_hit=97.6%	in=623	cr=38930347	cc=944134	out=473565
2026-05-21T04:03:54+08:00	agent=general-purpose	session=d58d0aa8-aba	cost=0	turns=206	cache_hit=97.6%	in=623	cr=38930347	cc=944134	out=473565
2026-05-21T04:03:59+08:00	agent=	session=d58d0aa8-aba	cost=0	turns=207	cache_hit=97.6%	in=629	cr=39212360	cc=944889	out=473630
2026-05-21T04:11:49+08:00	agent=general-purpose	session=d58d0aa8-aba	cost=0	turns=207	cache_hit=97.6%	in=629	cr=39212360	cc=944889	out=473630
2026-05-21T04:11:54+08:00	agent=general-purpose	session=d58d0aa8-aba	cost=0	turns=207	cache_hit=97.6%	in=629	cr=39212360	cc=944889	out=473630
2026-05-21T04:12:00+08:00	agent=	session=d58d0aa8-aba	cost=0	turns=208	cache_hit=97.7%	in=635	cr=39495128	cc=945716	out=473668
2026-05-21T04:12:04+08:00	agent=	session=d58d0aa8-aba	cost=0	turns=209	cache_hit=97.7%	in=641	cr=39778723	cc=946530	out=473769
2026-05-21T04:13:15+08:00	agent=	session=d58d0aa8-aba	cost=0	turns=211	cache_hit=97.7%	in=653	cr=40347541	cc=947504	out=473917
2026-05-21T04:25:24+08:00	agent=general-purpose	session=d58d0aa8-aba	cost=0	turns=211	cache_hit=97.7%	in=653	cr=40347541	cc=947504	out=473917
2026-05-21T04:25:34+08:00	agent=	session=d58d0aa8-aba	cost=0	turns=212	cache_hit=97.7%	in=659	cr=40632437	cc=948300	out=473979
2026-05-21T04:30:20+08:00	agent=general-purpose	session=d58d0aa8-aba	cost=0	turns=212	cache_hit=97.7%	in=659	cr=40632437	cc=948300	out=473979
2026-05-21T04:30:22+08:00	agent=general-purpose	session=d58d0aa8-aba	cost=0	turns=212	cache_hit=97.7%	in=659	cr=40632437	cc=948300	out=473979
2026-05-21T04:30:27+08:00	agent=	session=d58d0aa8-aba	cost=0	turns=214	cache_hit=97.7%	in=671	cr=41204522	cc=949689	out=474052
2026-05-21T04:30:28+08:00	agent=	session=d58d0aa8-aba	cost=0	turns=214	cache_hit=97.7%	in=671	cr=41204522	cc=949689	out=474052
2026-05-21T04:33:50+08:00	agent=	session=d58d0aa8-aba	cost=0	turns=223	cache_hit=97.9%	in=695	cr=43803755	cc=961716	out=480742
2026-05-21T04:33:53+08:00	agent=	session=d58d0aa8-aba	cost=0	turns=224	cache_hit=97.9%	in=701	cr=44096442	cc=962121	out=480775
2026-05-21T04:35:45+08:00	agent=general-purpose	session=d58d0aa8-aba	cost=0	turns=224	cache_hit=97.9%	in=701	cr=44096442	cc=962121	out=480775
2026-05-21T04:35:48+08:00	agent=general-purpose	session=d58d0aa8-aba	cost=0	turns=224	cache_hit=97.9%	in=701	cr=44096442	cc=962121	out=480775
2026-05-21T04:36:18+08:00	agent=	session=d58d0aa8-aba	cost=0	turns=228	cache_hit=97.9%	in=715	cr=45270308	cc=970011	out=484109
2026-05-21T05:01:31+08:00	agent=	session=d58d0aa8-aba	cost=0	turns=236	cache_hit=98.0%	in=738	cr=47656355	cc=985834	out=494045
2026-05-21T05:03:54+08:00	agent=general-purpose	session=d58d0aa8-aba	cost=0	turns=236	cache_hit=98.0%	in=738	cr=47656355	cc=985834	out=494045
2026-05-21T05:03:58+08:00	agent=general-purpose	session=d58d0aa8-aba	cost=0	turns=237	cache_hit=98.0%	in=744	cr=47959449	cc=986367	out=494070
2026-05-21T05:04:00+08:00	agent=	session=d58d0aa8-aba	cost=0	turns=237	cache_hit=98.0%	in=744	cr=47959449	cc=986367	out=494070
2026-05-21T05:04:05+08:00	agent=	session=d58d0aa8-aba	cost=0	turns=238	cache_hit=98.0%	in=750	cr=48263076	cc=987103	out=494158
2026-05-21T05:06:53+08:00	agent=	session=d58d0aa8-aba	cost=0	turns=239	cache_hit=98.0%	in=756	cr=48567439	cc=987572	out=494203
2026-05-21T05:34:35+08:00	agent=	session=d58d0aa8-aba	cost=0	turns=246	cache_hit=98.1%	in=773	cr=50707191	cc=996430	out=499237
2026-05-21T05:34:41+08:00	agent=	session=d58d0aa8-aba	cost=0	turns=247	cache_hit=98.1%	in=779	cr=51015465	cc=997536	out=499269
2026-05-21T05:36:01+08:00	agent=general-purpose	session=d58d0aa8-aba	cost=0	turns=247	cache_hit=98.1%	in=779	cr=51015465	cc=997536	out=499269
2026-05-21T05:36:04+08:00	agent=general-purpose	session=d58d0aa8-aba	cost=0	turns=247	cache_hit=98.1%	in=779	cr=51015465	cc=997536	out=499269
2026-05-21T05:36:07+08:00	agent=	session=d58d0aa8-aba	cost=0	turns=249	cache_hit=98.1%	in=791	cr=51635505	cc=999530	out=499363
2026-05-21T05:36:09+08:00	agent=	session=d58d0aa8-aba	cost=0	turns=249	cache_hit=98.1%	in=791	cr=51635505	cc=999530	out=499363
2026-05-21T06:35:02+08:00	agent=	session=d58d0aa8-aba	cost=0	turns=257	cache_hit=98.2%	in=809	cr=54140708	cc=1013588	out=504961
2026-05-21T06:35:04+08:00	agent=	session=d58d0aa8-aba	cost=0	turns=258	cache_hit=98.2%	in=815	cr=54458469	cc=1014127	out=504993
2026-05-21T06:36:57+08:00	agent=general-purpose	session=d58d0aa8-aba	cost=0	turns=258	cache_hit=98.2%	in=815	cr=54458469	cc=1014127	out=504993
2026-05-21T06:37:01+08:00	agent=general-purpose	session=d58d0aa8-aba	cost=0	turns=258	cache_hit=98.2%	in=815	cr=54458469	cc=1014127	out=504993
2026-05-21T06:37:07+08:00	agent=	session=d58d0aa8-aba	cost=0	turns=261	cache_hit=98.2%	in=833	cr=55414209	cc=1016616	out=505341
2026-05-21T06:37:07+08:00	agent=	session=d58d0aa8-aba	cost=0	turns=261	cache_hit=98.2%	in=833	cr=55414209	cc=1016616	out=505341
2026-05-21T06:55:51+08:00	agent=general-purpose	session=d58d0aa8-aba	cost=0	turns=261	cache_hit=98.2%	in=833	cr=55414209	cc=1016616	out=505341
2026-05-21T06:56:00+08:00	agent=	session=d58d0aa8-aba	cost=0	turns=262	cache_hit=98.2%	in=839	cr=55734158	cc=1017856	out=505405
2026-05-21T07:00:23+08:00	agent=general-purpose	session=d58d0aa8-aba	cost=0	turns=272	cache_hit=98.3%	in=859	cr=58958884	cc=1036124	out=522983
2026-05-21T07:00:34+08:00	agent=	session=d58d0aa8-aba	cost=0	turns=274	cache_hit=98.3%	in=861	cr=59610976	cc=1041216	out=524499
2026-05-21T07:00:42+08:00	agent=	session=d58d0aa8-aba	cost=0	turns=276	cache_hit=98.3%	in=873	cr=60268160	cc=1047642	out=525157
2026-05-21T07:10:41+08:00	agent=general-purpose	session=d58d0aa8-aba	cost=0	turns=276	cache_hit=98.3%	in=873	cr=60268160	cc=1047642	out=525157
2026-05-21T07:16:07+08:00	agent=general-purpose	session=d58d0aa8-aba	cost=0	turns=287	cache_hit=98.3%	in=929	cr=63932839	cc=1135492	out=604644
2026-05-21T07:16:13+08:00	agent=	session=d58d0aa8-aba	cost=0	turns=288	cache_hit=98.3%	in=935	cr=64282627	cc=1136839	out=604693
2026-05-21T07:17:31+08:00	agent=general-purpose	session=d58d0aa8-aba	cost=0	turns=288	cache_hit=98.3%	in=935	cr=64282627	cc=1136839	out=604693
2026-05-21T07:17:37+08:00	agent=	session=d58d0aa8-aba	cost=0	turns=289	cache_hit=98.3%	in=941	cr=64633762	cc=1138513	out=604755
2026-05-21T07:18:18+08:00	agent=general-purpose	session=d58d0aa8-aba	cost=0	turns=289	cache_hit=98.3%	in=941	cr=64633762	cc=1138513	out=604755
2026-05-21T07:18:24+08:00	agent=	session=d58d0aa8-aba	cost=0	turns=290	cache_hit=98.3%	in=947	cr=64986571	cc=1140583	out=604806
2026-05-21T07:19:29+08:00	agent=general-purpose	session=d58d0aa8-aba	cost=0	turns=290	cache_hit=98.3%	in=947	cr=64986571	cc=1140583	out=604806
2026-05-21T07:19:35+08:00	agent=	session=d58d0aa8-aba	cost=0	turns=291	cache_hit=98.3%	in=953	cr=65341450	cc=1142384	out=604874
2026-05-21T07:28:24+08:00	agent=general-purpose	session=d58d0aa8-aba	cost=0	turns=291	cache_hit=98.3%	in=953	cr=65341450	cc=1142384	out=604874
2026-05-21T07:29:16+08:00	agent=	session=d58d0aa8-aba	cost=0	turns=298	cache_hit=98.3%	in=985	cr=67844162	cc=1156330	out=609980
2026-05-21T07:31:45+08:00	agent=evaluator	session=d58d0aa8-aba	cost=0	turns=298	cache_hit=98.3%	in=985	cr=67844162	cc=1156330	out=609980
2026-05-21T07:33:30+08:00	agent=	session=d58d0aa8-aba	cost=0	turns=307	cache_hit=98.4%	in=1014	cr=71153850	cc=1185721	out=629075
2026-05-21T07:33:43+08:00	agent=general-purpose	session=d58d0aa8-aba	cost=0	turns=307	cache_hit=98.4%	in=1014	cr=71153850	cc=1185721	out=629075
2026-05-21T07:34:27+08:00	agent=	session=d58d0aa8-aba	cost=0	turns=311	cache_hit=98.4%	in=1033	cr=72653158	cc=1190333	out=631667
2026-05-21T07:35:05+08:00	agent=	session=d58d0aa8-aba	cost=0	turns=313	cache_hit=98.4%	in=1045	cr=73405448	cc=1195309	out=632021
2026-05-21T11:10:04+08:00	agent=	session=d58d0aa8-aba	cost=0	turns=322	cache_hit=97.5%	in=1074	cr=76087640	cc=1968829	out=651756
2026-05-21T11:10:57+08:00	agent=	session=bb3371e7-322	cost=0	turns=256	cache_hit=95.0%	in=33904	cr=83717596	cc=4387393	out=978783
2026-05-21T11:36:09+08:00	agent=	session=bb3371e7-322	cost=0	turns=296	cache_hit=94.9%	in=33954	cr=88061351	cc=4672497	out=1105216
2026-05-21T11:43:08+08:00	agent=	session=bb3371e7-322	cost=0	turns=299	cache_hit=94.9%	in=33967	cr=88516760	cc=4678114	out=1106736
2026-05-21T11:52:53+08:00	agent=	session=d58d0aa8-aba	cost=0	turns=364	cache_hit=97.8%	in=1131	cr=93097645	cc=2080974	out=749752
2026-05-21T11:54:02+08:00	agent=	session=d58d0aa8-aba	cost=0	turns=366	cache_hit=97.8%	in=1143	cr=93953587	cc=2084212	out=757690
2026-05-21T11:57:50+08:00	agent=general-purpose	session=d58d0aa8-aba	cost=0	turns=366	cache_hit=97.8%	in=1143	cr=93953587	cc=2084212	out=757690
2026-05-21T11:58:18+08:00	agent=	session=d58d0aa8-aba	cost=0	turns=368	cache_hit=97.8%	in=1155	cr=94812767	cc=2095728	out=760678
2026-05-21T13:06:42+08:00	agent=	session=bb3371e7-322	cost=0	turns=351	cache_hit=95.1%	in=34029	cr=97441762	cc=5029419	out=1173423
2026-05-21T13:22:59+08:00	agent=	session=bb3371e7-322	cost=0	turns=405	cache_hit=95.5%	in=34113	cr=109665447	cc=5148241	out=1270093
2026-05-21T13:25:34+08:00	agent=	session=bb3371e7-322	cost=0	turns=421	cache_hit=95.6%	in=34139	cr=113714660	cc=5176467	out=1283679
2026-05-21T13:34:30+08:00	agent=	session=bb3371e7-322	cost=0	turns=457	cache_hit=95.9%	in=34190	cr=123409904	cc=5226887	out=1342570
2026-05-21T13:44:42+08:00	agent=	session=bb3371e7-322	cost=0	turns=471	cache_hit=96.0%	in=34219	cr=127567254	cc=5266127	out=1362168
2026-05-21T13:50:24+08:00	agent=	session=d58d0aa8-aba	cost=0	turns=385	cache_hit=97.9%	in=1217	cr=102478803	cc=2155477	out=818127
2026-05-21T13:54:20+08:00	agent=	session=bb3371e7-322	cost=0	turns=494	cache_hit=96.2%	in=34257	cr=134836166	cc=5308640	out=1385831
2026-05-21T13:56:29+08:00	agent=	session=bb3371e7-322	cost=0	turns=495	cache_hit=96.2%	in=34263	cr=135162745	cc=5310664	out=1386676
2026-05-21T14:06:52+08:00	agent=	session=d58d0aa8-aba	cost=0	turns=395	cache_hit=98.0%	in=1237	cr=107174826	cc=2179361	out=833311
2026-05-21T14:10:50+08:00	agent=general-purpose	session=d58d0aa8-aba	cost=0	turns=395	cache_hit=98.0%	in=1237	cr=107174826	cc=2179361	out=833311
2026-05-21T14:11:59+08:00	agent=	session=30b5442c-c95	cost=0	turns=29	cache_hit=87.4%	in=104	cr=2601007	cc=374514	out=71684
2026-05-21T14:12:00+08:00	agent=	session=d58d0aa8-aba	cost=0	turns=396	cache_hit=98.0%	in=1243	cr=107653954	cc=2181674	out=834182
2026-05-21T14:13:14+08:00	agent=	session=d58d0aa8-aba	cost=0	turns=401	cache_hit=98.1%	in=1258	cr=110065443	cc=2187516	out=839628
2026-05-21T14:15:25+08:00	agent=	session=d58d0aa8-aba	cost=0	turns=403	cache_hit=98.1%	in=1270	cr=111034593	cc=2193186	out=843646
2026-05-21T14:16:47+08:00	agent=	session=d58d0aa8-aba	cost=0	turns=407	cache_hit=98.1%	in=1284	cr=112988865	cc=2203126	out=849536
2026-05-21T14:18:22+08:00	agent=	session=d58d0aa8-aba	cost=0	turns=411	cache_hit=98.1%	in=1303	cr=114961337	cc=2216774	out=863640
2026-05-21T14:23:48+08:00	agent=	session=30b5442c-c95	cost=0	turns=55	cache_hit=93.1%	in=180	cr=6438566	cc=480694	out=118075
2026-05-21T14:24:54+08:00	agent=general-purpose	session=d58d0aa8-aba	cost=0	turns=411	cache_hit=98.1%	in=1303	cr=114961337	cc=2216774	out=863640
2026-05-21T14:25:52+08:00	agent=	session=d58d0aa8-aba	cost=0	turns=415	cache_hit=98.1%	in=1317	cr=116966849	cc=2222608	out=868404
2026-05-22T01:55:14+08:00	agent=	session=0c5bb198-232	cost=0	turns=1943	cache_hit=95.7%	in=45325	cr=606260840	cc=27484269	out=4466310
2026-05-22T02:57:15+08:00	agent=general-purpose	session=b2f6c108-891	cost=0	turns=575	cache_hit=91.5%	in=13297	cr=275685251	cc=25455676	out=1351430
2026-05-22T02:57:35+08:00	agent=general-purpose	session=b2f6c108-891	cost=0	turns=575	cache_hit=91.5%	in=13297	cr=275685251	cc=25455676	out=1351430
2026-05-22T02:59:10+08:00	agent=general-purpose	session=b2f6c108-891	cost=0	turns=575	cache_hit=91.5%	in=13297	cr=275685251	cc=25455676	out=1351430
2026-05-22T03:06:23+08:00	agent=	session=d58d0aa8-aba	cost=0	turns=424	cache_hit=97.3%	in=1335	cr=120048708	cc=3268541	out=876589
2026-05-22T10:53:03+08:00	agent=	session=d58d0aa8-aba	cost=0	turns=461	cache_hit=96.5%	in=1432	cr=138200190	cc=5001740	out=944991
2026-05-22T10:54:00+08:00	agent=general-purpose	session=d58d0aa8-aba	cost=0	turns=461	cache_hit=96.5%	in=1432	cr=138200190	cc=5001740	out=944991
2026-05-22T10:54:35+08:00	agent=	session=d58d0aa8-aba	cost=0	turns=465	cache_hit=96.5%	in=1451	cr=140418769	cc=5053220	out=948037
2026-05-22T10:55:43+08:00	agent=general-purpose	session=d58d0aa8-aba	cost=0	turns=465	cache_hit=96.5%	in=1451	cr=140418769	cc=5053220	out=948037
2026-05-22T10:56:33+08:00	agent=	session=d58d0aa8-aba	cost=0	turns=470	cache_hit=96.6%	in=1471	cr=143267646	cc=5065726	out=954079
2026-05-22T10:56:33+08:00	agent=	session=0c5bb198-232	cost=0	turns=2138	cache_hit=95.6%	in=48400	cr=651863294	cc=29679532	out=4962760
2026-05-22T10:57:45+08:00	agent=general-purpose	session=d58d0aa8-aba	cost=0	turns=470	cache_hit=96.6%	in=1471	cr=143267646	cc=5065726	out=954079
2026-05-22T10:58:21+08:00	agent=	session=d58d0aa8-aba	cost=0	turns=475	cache_hit=96.6%	in=1496	cr=146138315	cc=5079166	out=958446
2026-05-22T10:58:45+08:00	agent=general-purpose	session=d58d0aa8-aba	cost=0	turns=475	cache_hit=96.6%	in=1496	cr=146138315	cc=5079166	out=958446
2026-05-22T10:59:29+08:00	agent=	session=d58d0aa8-aba	cost=0	turns=480	cache_hit=96.7%	in=1521	cr=149030066	cc=5091129	out=963059
2026-05-22T11:15:43+08:00	agent=	session=d58d0aa8-aba	cost=0	turns=482	cache_hit=96.7%	in=1533	cr=150193630	cc=5095981	out=963607
2026-05-22T11:20:00+08:00	agent=	session=d58d0aa8-aba	cost=0	turns=484	cache_hit=96.7%	in=1545	cr=151362046	cc=5097735	out=963927
2026-05-22T16:11:17+08:00	agent=	session=d58d0aa8-aba	cost=0	turns=490	cache_hit=95.3%	in=1571	cr=152537254	cc=7444080	out=979480
2026-05-22T16:17:37+08:00	agent=general-purpose	session=d58d0aa8-aba	cost=0	turns=490	cache_hit=95.3%	in=1571	cr=152537254	cc=7444080	out=979480
2026-05-22T16:24:31+08:00	agent=	session=0c5bb198-232	cost=0	turns=2214	cache_hit=95.6%	in=48496	cr=677331665	cc=31446141	out=5390551
2026-05-22T16:46:33+08:00	agent=pr-review-toolkit:code-reviewer	session=0c5bb198-232	cost=0	turns=2218	cache_hit=95.6%	in=48510	cr=678899147	cc=31450463	out=5397791
2026-05-22T16:51:11+08:00	agent=	session=0c5bb198-232	cost=0	turns=2244	cache_hit=95.6%	in=48536	cr=689520034	cc=31523744	out=5437186
2026-05-22T17:46:41+08:00	agent=pr-review-toolkit:code-reviewer	session=0c5bb198-232	cost=0	turns=2248	cache_hit=95.6%	in=48560	cr=691202434	cc=31533160	out=5452898
2026-05-22T21:29:57+08:00	agent=	session=bb3371e7-322	cost=0	turns=496	cache_hit=96.2%	in=34263	cr=135162745	cc=5310664	out=1386676
2026-05-22T21:32:00+08:00	agent=	session=b2f6c108-891	cost=0	turns=577	cache_hit=91.6%	in=13299	cr=277531299	cc=25485928	out=1361654
2026-05-22T21:32:10+08:00	agent=	session=d58d0aa8-aba	cost=0	turns=497	cache_hit=94.0%	in=1640	cr=153724030	cc=9817470	out=985416
2026-05-23T03:16:27+08:00	agent=	session=d6954e4a-d9d	cost=0	turns=41	cache_hit=54.4%	in=110	cr=2406996	cc=2015153	out=113479
2026-05-23T03:18:14+08:00	agent=	session=d6954e4a-d9d	cost=0	turns=41	cache_hit=54.4%	in=110	cr=2406996	cc=2015153	out=113479
2026-05-23T03:22:58+08:00	agent=Explore	session=066562c0-e75	cost=0	turns=426	cache_hit=91.0%	in=112679	cr=200677897	cc=19651606	out=1469974
2026-05-23T03:24:24+08:00	agent=Explore	session=066562c0-e75	cost=0	turns=426	cache_hit=91.0%	in=112679	cr=200677897	cc=19651606	out=1469974
2026-05-23T03:51:32+08:00	agent=Explore	session=066562c0-e75	cost=0	turns=440	cache_hit=91.1%	in=112723	cr=202680541	cc=19727943	out=1541538
2026-05-23T03:58:43+08:00	agent=Explore	session=066562c0-e75	cost=0	turns=440	cache_hit=91.1%	in=112723	cr=202680541	cc=19727943	out=1541538
2026-05-23T04:14:31+08:00	agent=Explore	session=066562c0-e75	cost=0	turns=440	cache_hit=91.1%	in=112723	cr=202680541	cc=19727943	out=1541538
2026-05-23T05:15:09+08:00	agent=general-purpose	session=066562c0-e75	cost=0	turns=463	cache_hit=91.2%	in=117382	cr=206702284	cc=19865370	out=1663235
2026-05-23T08:37:34+08:00	agent=researcher	session=066562c0-e75	cost=0	turns=463	cache_hit=91.2%	in=117382	cr=206702284	cc=19865370	out=1663235
2026-05-23T09:05:44+08:00	agent=parallel-analysis	session=066562c0-e75	cost=0	turns=480	cache_hit=90.8%	in=117429	cr=208932112	cc=21105464	out=1707338
2026-05-23T09:08:59+08:00	agent=developer	session=066562c0-e75	cost=0	turns=488	cache_hit=90.8%	in=117437	cr=210606192	cc=21185704	out=1782514
2026-05-23T09:10:10+08:00	agent=developer	session=066562c0-e75	cost=0	turns=488	cache_hit=90.8%	in=117437	cr=210606192	cc=21185704	out=1782514
2026-05-23T09:18:30+08:00	agent=developer	session=066562c0-e75	cost=0	turns=494	cache_hit=90.8%	in=119507	cr=211921932	cc=21245416	out=1805020
2026-05-23T09:19:21+08:00	agent=	session=066562c0-e75	cost=0	turns=499	cache_hit=90.9%	in=119512	cr=213074785	cc=21273613	out=1810946
2026-05-23T15:48:28+08:00	agent=	session=066562c0-e75	cost=0	turns=505	cache_hit=90.6%	in=119533	cr=213796908	cc=21995876	out=1820652
2026-05-23T17:38:19+08:00	agent=Explore	session=066562c0-e75	cost=0	turns=505	cache_hit=90.6%	in=119533	cr=213796908	cc=21995876	out=1820652
2026-05-23T17:40:36+08:00	agent=Explore	session=066562c0-e75	cost=0	turns=511	cache_hit=90.1%	in=119569	cr=213796908	cc=23486018	out=1857726
2026-05-23T17:53:26+08:00	agent=Explore	session=066562c0-e75	cost=0	turns=511	cache_hit=90.1%	in=119569	cr=213796908	cc=23486018	out=1857726
2026-05-23T18:56:19+08:00	agent=general-purpose	session=066562c0-e75	cost=0	turns=548	cache_hit=90.3%	in=119621	cr=224225297	cc=23999697	out=2131099
2026-05-23T18:59:14+08:00	agent=parallel-analysis	session=066562c0-e75	cost=0	turns=548	cache_hit=90.3%	in=119621	cr=224225297	cc=23999697	out=2131099
2026-05-23T19:03:25+08:00	agent=parallel-analysis	session=066562c0-e75	cost=0	turns=548	cache_hit=90.3%	in=119621	cr=224225297	cc=23999697	out=2131099
2026-05-23T19:07:10+08:00	agent=parallel-analysis	session=066562c0-e75	cost=0	turns=559	cache_hit=89.1%	in=152324	cr=224528457	cc=27296133	out=2200938
2026-05-23T19:19:23+08:00	agent=parallel-analysis	session=066562c0-e75	cost=0	turns=559	cache_hit=89.1%	in=152324	cr=224528457	cc=27296133	out=2200938
2026-05-23T19:23:01+08:00	agent=parallel-analysis	session=066562c0-e75	cost=0	turns=559	cache_hit=89.1%	in=152324	cr=224528457	cc=27296133	out=2200938
2026-05-23T19:24:39+08:00	agent=	session=066562c0-e75	cost=0	turns=577	cache_hit=88.7%	in=152392	cr=229210556	cc=28906189	out=2215590
2026-05-23T19:25:21+08:00	agent=	session=066562c0-e75	cost=0	turns=584	cache_hit=88.9%	in=152414	cr=231689207	cc=28921214	out=2221225
2026-05-23T19:59:41+08:00	agent=developer	session=066562c0-e75	cost=0	turns=592	cache_hit=89.0%	in=152687	cr=234561772	cc=28930579	out=2238516
2026-05-23T20:00:40+08:00	agent=	session=066562c0-e75	cost=0	turns=597	cache_hit=89.0%	in=152712	cr=236382702	cc=28982466	out=2243379
2026-05-23T21:47:55+08:00	agent=	session=378398b3-576	cost=0	turns=32	cache_hit=72.6%	in=77	cr=2106334	cc=793806	out=29874
2026-05-23T21:52:21+08:00	agent=	session=378398b3-576	cost=0	turns=46	cache_hit=81.3%	in=116	cr=3582863	cc=823208	out=47300
2026-05-23T21:53:17+08:00	agent=	session=378398b3-576	cost=0	turns=56	cache_hit=84.8%	in=151	cr=4718009	cc=848804	out=55047
2026-05-23T22:16:34+08:00	agent=	session=378398b3-576	cost=0	turns=85	cache_hit=90.3%	in=200	cr=8496396	cc=916700	out=79272
2026-05-23T22:31:44+08:00	agent=	session=378398b3-576	cost=0	turns=97	cache_hit=91.7%	in=232	cr=10286182	cc=936174	out=103626
2026-05-23T22:38:48+08:00	agent=	session=378398b3-576	cost=0	turns=99	cache_hit=91.8%	in=244	cr=10593896	cc=948430	out=106986
2026-05-23T23:08:15+08:00	agent=	session=378398b3-576	cost=0	turns=101	cache_hit=92.0%	in=256	cr=10917230	cc=949296	out=113844
2026-05-23T23:14:05+08:00	agent=	session=378398b3-576	cost=0	turns=103	cache_hit=92.2%	in=268	cr=11241430	cc=956962	out=122576
2026-05-23T23:20:46+08:00	agent=	session=378398b3-576	cost=0	turns=110	cache_hit=92.7%	in=290	cr=12426515	cc=977917	out=134100
2026-05-24T06:26:08+08:00	agent=	session=d6954e4a-d9d	cost=0	turns=93	cache_hit=77.4%	in=197	cr=9469319	cc=2759680	out=181337
2026-05-24T06:29:30+08:00	agent=researcher	session=d6954e4a-d9d	cost=0	turns=93	cache_hit=77.4%	in=197	cr=9469319	cc=2759680	out=181337
2026-05-24T06:33:53+08:00	agent=	session=d6954e4a-d9d	cost=0	turns=125	cache_hit=85.1%	in=244	cr=16348803	cc=2861405	out=213945
2026-05-24T06:35:09+08:00	agent=general-purpose	session=d6954e4a-d9d	cost=0	turns=125	cache_hit=85.1%	in=244	cr=16348803	cc=2861405	out=213945
2026-05-24T06:35:46+08:00	agent=general-purpose	session=d6954e4a-d9d	cost=0	turns=132	cache_hit=86.3%	in=266	cr=18005465	cc=2868219	out=218888
2026-05-24T06:36:05+08:00	agent=general-purpose	session=d6954e4a-d9d	cost=0	turns=137	cache_hit=87.0%	in=271	cr=19206449	cc=2873794	out=221734
2026-05-24T06:37:58+08:00	agent=general-purpose	session=d6954e4a-d9d	cost=0	turns=146	cache_hit=88.1%	in=290	cr=21409574	cc=2889956	out=230552
2026-05-24T06:39:04+08:00	agent=general-purpose	session=d6954e4a-d9d	cost=0	turns=151	cache_hit=88.6%	in=310	cr=22663348	cc=2913363	out=237841
2026-05-24T06:39:57+08:00	agent=	session=d6954e4a-d9d	cost=0	turns=159	cache_hit=89.4%	in=318	cr=24743488	cc=2931693	out=244277
2026-05-24T06:41:58+08:00	agent=general-purpose	session=d6954e4a-d9d	cost=0	turns=159	cache_hit=89.4%	in=318	cr=24743488	cc=2931693	out=244277
2026-05-24T06:42:03+08:00	agent=general-purpose	session=d6954e4a-d9d	cost=0	turns=159	cache_hit=89.4%	in=318	cr=24743488	cc=2931693	out=244277
2026-05-24T06:42:06+08:00	agent=	session=d6954e4a-d9d	cost=0	turns=161	cache_hit=89.6%	in=330	cr=25272794	cc=2935519	out=244855
2026-05-24T06:43:31+08:00	agent=	session=d6954e4a-d9d	cost=0	turns=172	cache_hit=90.5%	in=356	cr=28235162	cc=2949484	out=251853
2026-05-24T06:46:04+08:00	agent=general-purpose	session=d6954e4a-d9d	cost=0	turns=172	cache_hit=90.5%	in=356	cr=28235162	cc=2949484	out=251853
2026-05-24T06:46:12+08:00	agent=	session=d6954e4a-d9d	cost=0	turns=174	cache_hit=90.7%	in=368	cr=28782858	cc=2951352	out=252007
2026-05-24T06:48:10+08:00	agent=evaluator	session=d6954e4a-d9d	cost=0	turns=177	cache_hit=90.9%	in=386	cr=29607204	cc=2953089	out=252976
2026-05-24T06:48:52+08:00	agent=general-purpose	session=d6954e4a-d9d	cost=0	turns=183	cache_hit=91.3%	in=392	cr=31261422	cc=2983074	out=261580
2026-05-24T06:59:43+08:00	agent=	session=d6954e4a-d9d	cost=0	turns=247	cache_hit=94.3%	in=456	cr=51380707	cc=3090769	out=328479
2026-05-24T07:16:57+08:00	agent=	session=d6954e4a-d9d	cost=0	turns=248	cache_hit=94.4%	in=462	cr=51728678	cc=3092753	out=328584
2026-05-24T15:11:49+08:00	agent=general-purpose	session=d34e64a6-69a	cost=0	turns=25	cache_hit=60.1%	in=53	cr=1420488	cc=944396	out=44906
2026-05-24T15:12:18+08:00	agent=general-purpose	session=d34e64a6-69a	cost=0	turns=32	cache_hit=67.1%	in=60	cr=2226692	cc=1092677	out=157396
2026-05-24T15:13:07+08:00	agent=general-purpose	session=d34e64a6-69a	cost=0	turns=36	cache_hit=63.1%	in=84	cr=2499402	cc=1461135	out=160328
2026-05-24T15:13:24+08:00	agent=general-purpose	session=d34e64a6-69a	cost=0	turns=36	cache_hit=63.1%	in=84	cr=2499402	cc=1461135	out=160328
2026-05-24T15:13:37+08:00	agent=general-purpose	session=d34e64a6-69a	cost=0	turns=38	cache_hit=65.7%	in=96	cr=2824718	cc=1471983	out=161266
2026-05-24T15:13:46+08:00	agent=	session=d34e64a6-69a	cost=0	turns=38	cache_hit=65.7%	in=96	cr=2824718	cc=1471983	out=161266
2026-05-24T15:14:02+08:00	agent=	session=d34e64a6-69a	cost=0	turns=40	cache_hit=68.1%	in=108	cr=3160882	cc=1479933	out=162080
2026-05-24T16:38:37+08:00	agent=general-purpose	session=d6954e4a-d9d	cost=0	turns=270	cache_hit=92.8%	in=504	cr=58172894	cc=4523132	out=351137
2026-05-24T16:47:33+08:00	agent=	session=d6954e4a-d9d	cost=0	turns=309	cache_hit=94.1%	in=558	cr=72924400	cc=4585364	out=414546
2026-05-24T16:48:17+08:00	agent=	session=0c5bb198-232	cost=0	turns=2262	cache_hit=95.5%	in=54032	cr=696447278	cc=32470470	out=5488062
2026-05-24T16:50:54+08:00	agent=	session=d6954e4a-d9d	cost=0	turns=311	cache_hit=94.1%	in=570	cr=73713802	cc=4587946	out=414984
2026-05-24T16:52:40+08:00	agent=general-purpose	session=d6954e4a-d9d	cost=0	turns=311	cache_hit=94.1%	in=570	cr=73713802	cc=4587946	out=414984
2026-05-24T16:52:46+08:00	agent=	session=d6954e4a-d9d	cost=0	turns=312	cache_hit=94.2%	in=576	cr=74109794	cc=4588818	out=415040
2026-05-24T16:59:37+08:00	agent=general-purpose	session=d6954e4a-d9d	cost=0	turns=312	cache_hit=94.2%	in=576	cr=74109794	cc=4588818	out=415040
2026-05-24T16:59:46+08:00	agent=	session=d6954e4a-d9d	cost=0	turns=313	cache_hit=94.2%	in=582	cr=74506658	cc=4589544	out=415099
2026-05-24T17:06:18+08:00	agent=general-purpose	session=d6954e4a-d9d	cost=0	turns=313	cache_hit=94.2%	in=582	cr=74506658	cc=4589544	out=415099
2026-05-24T17:06:30+08:00	agent=	session=d6954e4a-d9d	cost=0	turns=315	cache_hit=94.3%	in=594	cr=75301838	cc=4591050	out=415781
2026-05-24T17:12:14+08:00	agent=general-purpose	session=d6954e4a-d9d	cost=0	turns=315	cache_hit=94.3%	in=594	cr=75301838	cc=4591050	out=415781
2026-05-24T17:12:23+08:00	agent=	session=d6954e4a-d9d	cost=0	turns=316	cache_hit=94.3%	in=600	cr=75700181	cc=4592050	out=415813
2026-05-24T17:22:12+08:00	agent=general-purpose	session=d6954e4a-d9d	cost=0	turns=316	cache_hit=94.3%	in=600	cr=75700181	cc=4592050	out=415813
2026-05-24T17:22:23+08:00	agent=	session=d6954e4a-d9d	cost=0	turns=317	cache_hit=94.3%	in=606	cr=76099524	cc=4592728	out=415831
2026-05-24T17:30:19+08:00	agent=general-purpose	session=d6954e4a-d9d	cost=0	turns=320	cache_hit=94.4%	in=624	cr=77299587	cc=4593826	out=418849
2026-05-24T17:30:37+08:00	agent=	session=d6954e4a-d9d	cost=0	turns=322	cache_hit=94.4%	in=626	cr=78100361	cc=4596132	out=420689
2026-05-24T17:30:54+08:00	agent=	session=d6954e4a-d9d	cost=0	turns=324	cache_hit=94.5%	in=638	cr=78903441	cc=4601188	out=422517
2026-05-24T17:34:55+08:00	agent=general-purpose	session=d6954e4a-d9d	cost=0	turns=324	cache_hit=94.5%	in=638	cr=78903441	cc=4601188	out=422517
2026-05-24T17:35:03+08:00	agent=	session=d6954e4a-d9d	cost=0	turns=325	cache_hit=94.5%	in=644	cr=79307509	cc=4602766	out=422582
2026-05-24T17:38:35+08:00	agent=	session=d6954e4a-d9d	cost=0	turns=327	cache_hit=94.6%	in=656	cr=80118801	cc=4604134	out=422950
2026-05-24T17:39:55+08:00	agent=general-purpose	session=d6954e4a-d9d	cost=0	turns=327	cache_hit=94.6%	in=656	cr=80118801	cc=4604134	out=422950
2026-05-24T17:40:02+08:00	agent=	session=d6954e4a-d9d	cost=0	turns=329	cache_hit=94.6%	in=668	cr=80931461	cc=4605854	out=423190
2026-05-24T17:42:54+08:00	agent=general-purpose	session=d6954e4a-d9d	cost=0	turns=329	cache_hit=94.6%	in=668	cr=80931461	cc=4605854	out=423190
2026-05-24T17:43:01+08:00	agent=	session=d6954e4a-d9d	cost=0	turns=330	cache_hit=94.6%	in=674	cr=81338651	cc=4606619	out=423212
2026-05-24T17:47:34+08:00	agent=general-purpose	session=d6954e4a-d9d	cost=0	turns=330	cache_hit=94.6%	in=674	cr=81338651	cc=4606619	out=423212
2026-05-24T17:47:42+08:00	agent=	session=d6954e4a-d9d	cost=0	turns=331	cache_hit=94.7%	in=680	cr=81746606	cc=4607279	out=423234
2026-05-24T17:51:08+08:00	agent=general-purpose	session=d6954e4a-d9d	cost=0	turns=331	cache_hit=94.7%	in=680	cr=81746606	cc=4607279	out=423234
2026-05-24T17:51:14+08:00	agent=	session=d6954e4a-d9d	cost=0	turns=332	cache_hit=94.7%	in=686	cr=82155221	cc=4607939	out=423256
2026-05-24T17:54:49+08:00	agent=general-purpose	session=d6954e4a-d9d	cost=0	turns=332	cache_hit=94.7%	in=686	cr=82155221	cc=4607939	out=423256
2026-05-24T17:54:55+08:00	agent=	session=d6954e4a-d9d	cost=0	turns=333	cache_hit=94.7%	in=692	cr=82564496	cc=4608599	out=423278
2026-05-24T17:57:19+08:00	agent=general-purpose	session=d6954e4a-d9d	cost=0	turns=333	cache_hit=94.7%	in=692	cr=82564496	cc=4608599	out=423278
2026-05-24T17:57:28+08:00	agent=	session=d6954e4a-d9d	cost=0	turns=334	cache_hit=94.7%	in=698	cr=82974431	cc=4609259	out=423300
2026-05-24T18:00:33+08:00	agent=general-purpose	session=d6954e4a-d9d	cost=0	turns=334	cache_hit=94.7%	in=698	cr=82974431	cc=4609259	out=423300
2026-05-24T18:00:41+08:00	agent=	session=d6954e4a-d9d	cost=0	turns=335	cache_hit=94.8%	in=704	cr=83385026	cc=4609919	out=423322
2026-05-24T18:03:19+08:00	agent=general-purpose	session=d6954e4a-d9d	cost=0	turns=335	cache_hit=94.8%	in=704	cr=83385026	cc=4609919	out=423322
2026-05-24T18:03:25+08:00	agent=	session=d6954e4a-d9d	cost=0	turns=336	cache_hit=94.8%	in=710	cr=83796281	cc=4610921	out=423375
2026-05-24T18:09:26+08:00	agent=general-purpose	session=d6954e4a-d9d	cost=0	turns=336	cache_hit=94.8%	in=710	cr=83796281	cc=4610921	out=423375
2026-05-24T18:09:51+08:00	agent=	session=d6954e4a-d9d	cost=0	turns=338	cache_hit=94.8%	in=722	cr=84620795	cc=4612565	out=425091
2026-05-24T18:12:02+08:00	agent=general-purpose	session=d6954e4a-d9d	cost=0	turns=338	cache_hit=94.8%	in=722	cr=84620795	cc=4612565	out=425091
2026-05-24T18:12:08+08:00	agent=	session=d6954e4a-d9d	cost=0	turns=339	cache_hit=94.9%	in=728	cr=85033874	cc=4614061	out=425113
2026-05-24T18:14:33+08:00	agent=general-purpose	session=d6954e4a-d9d	cost=0	turns=339	cache_hit=94.9%	in=728	cr=85033874	cc=4614061	out=425113
2026-05-24T18:14:39+08:00	agent=	session=d6954e4a-d9d	cost=0	turns=340	cache_hit=94.9%	in=734	cr=85448449	cc=4614721	out=425135
2026-05-24T18:16:09+08:00	agent=general-purpose	session=d6954e4a-d9d	cost=0	turns=340	cache_hit=94.9%	in=734	cr=85448449	cc=4614721	out=425135
2026-05-24T18:16:19+08:00	agent=	session=d6954e4a-d9d	cost=0	turns=342	cache_hit=94.9%	in=746	cr=86278919	cc=4616083	out=425783
2026-05-24T18:18:40+08:00	agent=general-purpose	session=d6954e4a-d9d	cost=0	turns=342	cache_hit=94.9%	in=746	cr=86278919	cc=4616083	out=425783
2026-05-24T18:18:47+08:00	agent=	session=d6954e4a-d9d	cost=0	turns=343	cache_hit=94.9%	in=752	cr=86694835	cc=4617045	out=425818
2026-05-24T18:19:48+08:00	agent=general-purpose	session=d6954e4a-d9d	cost=0	turns=343	cache_hit=94.9%	in=752	cr=86694835	cc=4617045	out=425818
2026-05-24T18:19:56+08:00	agent=	session=d6954e4a-d9d	cost=0	turns=344	cache_hit=95.0%	in=758	cr=87111713	cc=4617740	out=425874
2026-05-24T18:21:40+08:00	agent=general-purpose	session=d6954e4a-d9d	cost=0	turns=344	cache_hit=95.0%	in=758	cr=87111713	cc=4617740	out=425874
2026-05-24T18:21:47+08:00	agent=	session=d6954e4a-d9d	cost=0	turns=345	cache_hit=95.0%	in=764	cr=87529286	cc=4618442	out=425944
2026-05-24T18:27:37+08:00	agent=general-purpose	session=d6954e4a-d9d	cost=0	turns=345	cache_hit=95.0%	in=764	cr=87529286	cc=4618442	out=425944
2026-05-24T18:33:49+08:00	agent=	session=d6954e4a-d9d	cost=0	turns=380	cache_hit=95.6%	in=814	cr=102954922	cc=4709221	out=460616
2026-05-24T19:52:43+08:00	agent=	session=378398b3-576	cost=0	turns=122	cache_hit=90.1%	in=317	cr=14073653	cc=1542947	out=157749
2026-05-25T00:00:03+08:00	agent=	session=378398b3-576	cost=0	turns=145	cache_hit=89.2%	in=410	cr=18539410	cc=2253547	out=268065
2026-05-25T00:09:38+08:00	agent=	session=378398b3-576	cost=0	turns=154	cache_hit=90.1%	in=439	cr=20806200	cc=2291285	out=286229
2026-05-25T00:15:16+08:00	agent=	session=378398b3-576	cost=0	turns=162	cache_hit=90.7%	in=462	cr=22937818	cc=2352649	out=333494
2026-05-25T13:11:02+08:00	agent=	session=378398b3-576	cost=0	turns=179	cache_hit=89.2%	in=509	cr=27009414	cc=3254771	out=373559
2026-05-26T16:42:22+08:00	agent=	session=0c5bb198-232	cost=0	turns=2268	cache_hit=95.5%	in=54068	cr=696623370	cc=32824832	out=5506042
2026-05-26T17:00:00+08:00	agent=	session=0c5bb198-232	cost=0	turns=2334	cache_hit=95.5%	in=54159	cr=705773317	cc=33075466	out=5570561
2026-05-26T17:20:52+08:00	agent=	session=ee9178c5-801	cost=0	turns=43	cache_hit=78.9%	in=49954	cr=3620924	cc=920777	out=246314
2026-05-26T18:02:27+08:00	agent=	session=ee9178c5-801	cost=0	turns=45	cache_hit=80.2%	in=49966	cr=3936024	cc=921377	out=254258
2026-05-26T19:06:43+08:00	agent=	session=ee9178c5-801	cost=0	turns=68	cache_hit=88.2%	in=51954	cr=7833975	cc=998963	out=301144
2026-05-26T22:50:40+08:00	agent=	session=d34e64a6-69a	cost=0	turns=162	cache_hit=75.5%	in=116647	cr=30575715	cc=9821377	out=676730
2026-05-27T00:33:56+08:00	agent=	session=ee9178c5-801	cost=0	turns=68	cache_hit=88.2%	in=51954	cr=7833975	cc=998963	out=301144
2026-05-27T00:34:18+08:00	agent=	session=066562c0-e75	cost=0	turns=597	cache_hit=89.0%	in=152712	cr=236382702	cc=28982466	out=2243379
2026-05-27T00:35:48+08:00	agent=	session=378398b3-576	cost=0	turns=179	cache_hit=89.2%	in=509	cr=27009414	cc=3254771	out=373559
2026-05-27T00:51:44+08:00	agent=general-purpose	session=378398b3-576	cost=0	turns=221	cache_hit=89.6%	in=596	cr=30998003	cc=3593163	out=406055
2026-05-27T00:52:23+08:00	agent=	session=378398b3-576	cost=0	turns=230	cache_hit=89.9%	in=610	cr=32235947	cc=3629775	out=408216
2026-05-27T00:52:24+08:00	agent=	session=378398b3-576	cost=0	turns=230	cache_hit=89.9%	in=610	cr=32235947	cc=3629775	out=408216
2026-05-27T00:53:24+08:00	agent=general-purpose	session=378398b3-576	cost=0	turns=230	cache_hit=89.9%	in=610	cr=32235947	cc=3629775	out=408216
2026-05-27T00:53:36+08:00	agent=	session=378398b3-576	cost=0	turns=233	cache_hit=89.9%	in=628	cr=32670053	cc=3652278	out=409074
2026-05-27T00:54:08+08:00	agent=general-purpose	session=378398b3-576	cost=0	turns=233	cache_hit=89.9%	in=628	cr=32670053	cc=3652278	out=409074
2026-05-27T00:57:17+08:00	agent=	session=378398b3-576	cost=0	turns=239	cache_hit=90.1%	in=649	cr=33619639	cc=3686714	out=432314
2026-05-27T04:21:41+08:00	agent=	session=378398b3-576	cost=0	turns=252	cache_hit=88.9%	in=692	cr=35445553	cc=4429608	out=519524
2026-05-27T04:28:29+08:00	agent=	session=378398b3-576	cost=0	turns=263	cache_hit=89.3%	in=718	cr=37917239	cc=4565053	out=529058
2026-05-27T04:29:56+08:00	agent=	session=378398b3-576	cost=0	turns=264	cache_hit=89.3%	in=724	cr=38161602	cc=4568949	out=529130
2026-05-27T17:37:00+08:00	agent=	session=d34e64a6-69a	cost=0	turns=162	cache_hit=75.5%	in=116647	cr=30575715	cc=9821377	out=676730
2026-05-27T18:02:33+08:00	agent=researcher	session=d34e64a6-69a	cost=0	turns=172	cache_hit=74.3%	in=116672	cr=30765352	cc=10506768	out=716919
2026-05-27T18:25:13+08:00	agent=	session=d34e64a6-69a	cost=0	turns=292	cache_hit=81.7%	in=139985	cr=49141459	cc=10863382	out=947298
2026-05-27T18:41:18+08:00	agent=	session=d34e64a6-69a	cost=0	turns=307	cache_hit=82.7%	in=140020	cr=52795763	cc=10899298	out=975029
2026-05-27T18:42:58+08:00	agent=researcher	session=d34e64a6-69a	cost=0	turns=307	cache_hit=82.7%	in=140020	cr=52795763	cc=10899298	out=975029
2026-05-27T18:49:59+08:00	agent=	session=d34e64a6-69a	cost=0	turns=322	cache_hit=83.7%	in=140050	cr=56876296	cc=10969828	out=1028746
2026-05-27T19:20:04+08:00	agent=	session=d34e64a6-69a	cost=0	turns=389	cache_hit=87.4%	in=140162	cr=78305081	cc=11106507	out=1130602
2026-05-27T22:11:12+08:00	agent=	session=d34e64a6-69a	cost=0	turns=420	cache_hit=87.4%	in=167977	cr=88698367	cc=12660402	out=1178413
2026-05-27T22:29:08+08:00	agent=	session=d34e64a6-69a	cost=0	turns=447	cache_hit=88.6%	in=168039	cr=99874590	cc=12719438	out=1218478
2026-05-27T22:41:21+08:00	agent=	session=d34e64a6-69a	cost=0	turns=471	cache_hit=89.5%	in=168083	cr=110331658	cc=12780501	out=1265015
2026-05-27T22:47:35+08:00	agent=	session=d34e64a6-69a	cost=0	turns=476	cache_hit=89.7%	in=168103	cr=112576137	cc=12790616	out=1274121
2026-05-28T03:28:15+08:00	agent=researcher	session=d34e64a6-69a	cost=0	turns=499	cache_hit=89.1%	in=172830	cr=121348031	cc=14659321	out=1304508
2026-05-28T03:35:22+08:00	agent=	session=d34e64a6-69a	cost=0	turns=522	cache_hit=89.9%	in=172853	cr=132566962	cc=14728678	out=1359083
2026-05-28T11:30:32+08:00	agent=	session=bb3371e7-322	cost=0	turns=525	cache_hit=95.8%	in=34322	cr=138138056	cc=6059316	out=1488516
2026-05-28T13:44:08+08:00	agent=	session=bb3371e7-322	cost=0	turns=579	cache_hit=95.6%	in=34430	cr=149078921	cc=6765922	out=1636565
2026-05-28T14:32:00+08:00	agent=	session=bb3371e7-322	cost=0	turns=581	cache_hit=95.6%	in=34434	cr=149546359	cc=6769346	out=1637419
2026-05-28T15:04:46+08:00	agent=	session=d34e64a6-69a	cost=0	turns=560	cache_hit=90.2%	in=172929	cr=151263062	cc=16260819	out=1445044
2026-05-28T15:31:09+08:00	agent=	session=d34e64a6-69a	cost=0	turns=562	cache_hit=90.3%	in=172933	cr=152365658	cc=16264775	out=1448540
2026-05-28T16:06:10+08:00	agent=	session=d34e64a6-69a	cost=0	turns=564	cache_hit=90.3%	in=172937	cr=153472210	cc=16268815	out=1450642
2026-05-28T16:08:33+08:00	agent=	session=d34e64a6-69a	cost=0	turns=566	cache_hit=90.4%	in=172941	cr=154582802	cc=16271461	out=1454838
2026-05-28T16:11:29+08:00	agent=	session=d34e64a6-69a	cost=0	turns=568	cache_hit=90.4%	in=172945	cr=155696040	cc=16276275	out=1461494
2026-05-28T16:15:19+08:00	agent=	session=d34e64a6-69a	cost=0	turns=570	cache_hit=90.5%	in=172949	cr=156814092	cc=16284439	out=1467678
2026-05-28T16:19:32+08:00	agent=	session=d34e64a6-69a	cost=0	turns=586	cache_hit=91.0%	in=172981	cr=165960973	cc=16320036	out=1506738
2026-05-28T20:39:25+08:00	agent=general-purpose	session=d34e64a6-69a	cost=0	turns=641	cache_hit=90.9%	in=190943	cr=196760261	cc=19464923	out=1620565
2026-05-28T20:39:35+08:00	agent=	session=d34e64a6-69a	cost=0	turns=643	cache_hit=91.0%	in=190947	cr=198044753	cc=19468763	out=1624729
2026-05-28T20:40:14+08:00	agent=	session=d34e64a6-69a	cost=0	turns=645	cache_hit=91.0%	in=190951	cr=199333085	cc=19477473	out=1629277
2026-05-28T20:40:47+08:00	agent=general-purpose	session=d34e64a6-69a	cost=0	turns=645	cache_hit=91.0%	in=190951	cr=199333085	cc=19477473	out=1629277
2026-05-28T20:40:58+08:00	agent=general-purpose	session=d34e64a6-69a	cost=0	turns=645	cache_hit=91.0%	in=190951	cr=199333085	cc=19477473	out=1629277
2026-05-28T20:41:34+08:00	agent=	session=d34e64a6-69a	cost=0	turns=647	cache_hit=91.1%	in=190955	cr=200630127	cc=19487419	out=1633967
2026-05-28T20:42:22+08:00	agent=	session=d34e64a6-69a	cost=0	turns=649	cache_hit=91.1%	in=190959	cr=201937115	cc=19496491	out=1639623
2026-05-28T20:50:45+08:00	agent=general-purpose	session=d34e64a6-69a	cost=0	turns=649	cache_hit=91.1%	in=190959	cr=201937115	cc=19496491	out=1639623
2026-05-28T21:16:52+08:00	agent=	session=d34e64a6-69a	cost=0	turns=733	cache_hit=92.9%	in=191127	cr=260947887	cc=19710391	out=1818501
2026-05-28T22:11:42+08:00	agent=	session=d34e64a6-69a	cost=0	turns=740	cache_hit=93.0%	in=191141	cr=266162936	cc=19725855	out=1829985
2026-05-28T22:13:44+08:00	agent=	session=ee9178c5-801	cost=0	turns=81	cache_hit=82.1%	in=54676	cr=8167677	cc=1728145	out=315098
2026-05-29T01:59:48+08:00	agent=general-purpose	session=bb3371e7-322	cost=0	turns=590	cache_hit=95.3%	in=43301	cr=150688728	cc=7339866	out=1650217
2026-05-29T02:07:51+08:00	agent=	session=ee9178c5-801	cost=0	turns=110	cache_hit=81.9%	in=164612	cr=10922079	cc=2246563	out=373371
2026-05-29T02:26:08+08:00	agent=	session=fc5eebad-0d9	cost=0	turns=126	cache_hit=91.1%	in=198275	cr=16802549	cc=1433349	out=274216
2026-05-29T02:32:30+08:00	agent=	session=fc5eebad-0d9	cost=0	turns=128	cache_hit=91.4%	in=199005	cr=17250467	cc=1433769	out=274898
2026-05-29T02:33:15+08:00	agent=	session=fc5eebad-0d9	cost=0	turns=129	cache_hit=91.5%	in=199677	cr=17475340	cc=1433984	out=275042
2026-05-29T02:33:39+08:00	agent=	session=bb3371e7-322	cost=0	turns=614	cache_hit=95.4%	in=59838	cr=157097634	cc=7519163	out=1846238
2026-05-29T02:40:09+08:00	agent=	session=bb3371e7-322	cost=0	turns=628	cache_hit=95.5%	in=60715	cr=161340325	cc=7526374	out=1853999
2026-05-29T03:01:04+08:00	agent=	session=ee9178c5-801	cost=0	turns=158	cache_hit=87.6%	in=309635	cr=19634610	cc=2467754	out=458410
2026-05-29T03:14:03+08:00	agent=general-purpose	session=fc5eebad-0d9	cost=0	turns=172	cache_hit=94.0%	in=231418	cr=28518524	cc=1593607	out=381104
2026-05-30T03:43:16+08:00	agent=	session=fc5eebad-0d9	cost=0	turns=208	cache_hit=92.4%	in=238499	cr=38185946	cc=2923081	out=481268
2026-05-30T03:47:28+08:00	agent=	session=ee9178c5-801	cost=0	turns=166	cache_hit=86.1%	in=311205	cr=20793200	cc=3057110	out=490778
2026-05-30T03:48:43+08:00	agent=workflow-subagent	session=ee9178c5-801	cost=0	turns=166	cache_hit=86.1%	in=311205	cr=20793200	cc=3057110	out=490778
2026-05-30T03:48:48+08:00	agent=workflow-subagent	session=ee9178c5-801	cost=0	turns=166	cache_hit=86.1%	in=311205	cr=20793200	cc=3057110	out=490778
2026-05-30T03:49:37+08:00	agent=workflow-subagent	session=ee9178c5-801	cost=0	turns=166	cache_hit=86.1%	in=311205	cr=20793200	cc=3057110	out=490778
2026-05-30T03:49:40+08:00	agent=workflow-subagent	session=ee9178c5-801	cost=0	turns=166	cache_hit=86.1%	in=311205	cr=20793200	cc=3057110	out=490778
2026-05-30T03:49:51+08:00	agent=workflow-subagent	session=ee9178c5-801	cost=0	turns=166	cache_hit=86.1%	in=311205	cr=20793200	cc=3057110	out=490778
2026-05-30T03:50:14+08:00	agent=workflow-subagent	session=ee9178c5-801	cost=0	turns=166	cache_hit=86.1%	in=311205	cr=20793200	cc=3057110	out=490778
2026-05-30T03:52:21+08:00	agent=workflow-subagent	session=ee9178c5-801	cost=0	turns=166	cache_hit=86.1%	in=311205	cr=20793200	cc=3057110	out=490778
2026-05-30T03:56:49+08:00	agent=	session=ee9178c5-801	cost=0	turns=190	cache_hit=88.2%	in=337629	cr=26506889	cc=3194432	out=546819
2026-05-30T04:02:55+08:00	agent=workflow-subagent	session=fc5eebad-0d9	cost=0	turns=216	cache_hit=92.7%	in=241200	cr=40794373	cc=2968648	out=530252
2026-05-30T04:02:56+08:00	agent=workflow-subagent	session=fc5eebad-0d9	cost=0	turns=216	cache_hit=92.7%	in=241200	cr=40794373	cc=2968648	out=530252
2026-05-30T04:03:06+08:00	agent=workflow-subagent	session=fc5eebad-0d9	cost=0	turns=216	cache_hit=92.7%	in=241200	cr=40794373	cc=2968648	out=530252
2026-05-30T04:06:14+08:00	agent=workflow-subagent	session=fc5eebad-0d9	cost=0	turns=216	cache_hit=92.7%	in=241200	cr=40794373	cc=2968648	out=530252
2026-05-30T04:13:46+08:00	agent=workflow-subagent	session=d6954e4a-d9d	cost=0	turns=391	cache_hit=93.6%	in=100478	cr=105287794	cc=7042050	out=500580
2026-05-30T04:13:46+08:00	agent=workflow-subagent	session=d6954e4a-d9d	cost=0	turns=391	cache_hit=93.6%	in=100478	cr=105287794	cc=7042050	out=500580
2026-05-30T04:13:46+08:00	agent=workflow-subagent	session=d6954e4a-d9d	cost=0	turns=391	cache_hit=93.6%	in=100478	cr=105287794	cc=7042050	out=500580
2026-05-30T04:14:28+08:00	agent=workflow-subagent	session=d6954e4a-d9d	cost=0	turns=391	cache_hit=93.6%	in=100478	cr=105287794	cc=7042050	out=500580
2026-05-30T04:14:35+08:00	agent=workflow-subagent	session=066562c0-e75	cost=0	turns=605	cache_hit=88.8%	in=235619	cr=236603060	cc=29648645	out=2332549
2026-05-30T04:14:41+08:00	agent=workflow-subagent	session=d6954e4a-d9d	cost=0	turns=391	cache_hit=93.6%	in=100478	cr=105287794	cc=7042050	out=500580
2026-05-30T04:14:46+08:00	agent=workflow-subagent	session=d6954e4a-d9d	cost=0	turns=391	cache_hit=93.6%	in=100478	cr=105287794	cc=7042050	out=500580
2026-05-30T04:14:47+08:00	agent=workflow-subagent	session=066562c0-e75	cost=0	turns=605	cache_hit=88.8%	in=235619	cr=236603060	cc=29648645	out=2332549
2026-05-30T04:14:48+08:00	agent=workflow-subagent	session=d6954e4a-d9d	cost=0	turns=391	cache_hit=93.6%	in=100478	cr=105287794	cc=7042050	out=500580
2026-05-30T04:14:50+08:00	agent=workflow-subagent	session=d6954e4a-d9d	cost=0	turns=391	cache_hit=93.6%	in=100478	cr=105287794	cc=7042050	out=500580
2026-05-30T04:15:00+08:00	agent=workflow-subagent	session=066562c0-e75	cost=0	turns=605	cache_hit=88.8%	in=235619	cr=236603060	cc=29648645	out=2332549
2026-05-30T04:15:12+08:00	agent=workflow-subagent	session=066562c0-e75	cost=0	turns=605	cache_hit=88.8%	in=235619	cr=236603060	cc=29648645	out=2332549
2026-05-30T04:15:17+08:00	agent=workflow-subagent	session=d6954e4a-d9d	cost=0	turns=391	cache_hit=93.6%	in=100478	cr=105287794	cc=7042050	out=500580
2026-05-30T04:15:49+08:00	agent=workflow-subagent	session=d6954e4a-d9d	cost=0	turns=391	cache_hit=93.6%	in=100478	cr=105287794	cc=7042050	out=500580
2026-05-30T04:15:56+08:00	agent=workflow-subagent	session=d6954e4a-d9d	cost=0	turns=391	cache_hit=93.6%	in=100478	cr=105287794	cc=7042050	out=500580
2026-05-30T04:16:05+08:00	agent=workflow-subagent	session=d6954e4a-d9d	cost=0	turns=391	cache_hit=93.6%	in=100478	cr=105287794	cc=7042050	out=500580
2026-05-30T04:16:12+08:00	agent=workflow-subagent	session=d6954e4a-d9d	cost=0	turns=391	cache_hit=93.6%	in=100478	cr=105287794	cc=7042050	out=500580
2026-05-30T04:16:16+08:00	agent=workflow-subagent	session=ee9178c5-801	cost=0	turns=296	cache_hit=93.9%	in=406566	cr=60642654	cc=3546938	out=785243
2026-05-30T04:16:43+08:00	agent=workflow-subagent	session=066562c0-e75	cost=0	turns=605	cache_hit=88.8%	in=235619	cr=236603060	cc=29648645	out=2332549
2026-05-30T04:16:46+08:00	agent=workflow-subagent	session=ee9178c5-801	cost=0	turns=296	cache_hit=93.9%	in=406566	cr=60642654	cc=3546938	out=785243
2026-05-30T04:16:49+08:00	agent=workflow-subagent	session=d6954e4a-d9d	cost=0	turns=391	cache_hit=93.6%	in=100478	cr=105287794	cc=7042050	out=500580
2026-05-30T04:17:06+08:00	agent=workflow-subagent	session=d6954e4a-d9d	cost=0	turns=391	cache_hit=93.6%	in=100478	cr=105287794	cc=7042050	out=500580
2026-05-30T04:17:31+08:00	agent=workflow-subagent	session=ee9178c5-801	cost=0	turns=296	cache_hit=93.9%	in=406566	cr=60642654	cc=3546938	out=785243
2026-05-30T04:18:13+08:00	agent=workflow-subagent	session=ee9178c5-801	cost=0	turns=296	cache_hit=93.9%	in=406566	cr=60642654	cc=3546938	out=785243
2026-05-30T04:18:26+08:00	agent=workflow-subagent	session=ee9178c5-801	cost=0	turns=296	cache_hit=93.9%	in=406566	cr=60642654	cc=3546938	out=785243
2026-05-30T04:18:28+08:00	agent=workflow-subagent	session=ee9178c5-801	cost=0	turns=296	cache_hit=93.9%	in=406566	cr=60642654	cc=3546938	out=785243
2026-05-30T04:18:36+08:00	agent=workflow-subagent	session=ee9178c5-801	cost=0	turns=296	cache_hit=93.9%	in=406566	cr=60642654	cc=3546938	out=785243
2026-05-30T04:18:53+08:00	agent=workflow-subagent	session=ee9178c5-801	cost=0	turns=296	cache_hit=93.9%	in=406566	cr=60642654	cc=3546938	out=785243
2026-05-30T04:18:55+08:00	agent=workflow-subagent	session=066562c0-e75	cost=0	turns=605	cache_hit=88.8%	in=235619	cr=236603060	cc=29648645	out=2332549
2026-05-30T04:19:32+08:00	agent=workflow-subagent	session=066562c0-e75	cost=0	turns=605	cache_hit=88.8%	in=235619	cr=236603060	cc=29648645	out=2332549
2026-05-30T04:20:01+08:00	agent=workflow-subagent	session=fc5eebad-0d9	cost=0	turns=216	cache_hit=92.7%	in=241200	cr=40794373	cc=2968648	out=530252
2026-05-30T04:20:51+08:00	agent=workflow-subagent	session=ee9178c5-801	cost=0	turns=296	cache_hit=93.9%	in=406566	cr=60642654	cc=3546938	out=785243
2026-05-30T04:22:31+08:00	agent=workflow-subagent	session=fc5eebad-0d9	cost=0	turns=216	cache_hit=92.7%	in=241200	cr=40794373	cc=2968648	out=530252
2026-05-30T04:22:33+08:00	agent=workflow-subagent	session=ee9178c5-801	cost=0	turns=307	cache_hit=94.2%	in=411684	cr=64992800	cc=3598981	out=809790
2026-05-30T04:22:33+08:00	agent=workflow-subagent	session=fc5eebad-0d9	cost=0	turns=216	cache_hit=92.7%	in=241200	cr=40794373	cc=2968648	out=530252
2026-05-30T04:23:23+08:00	agent=workflow-subagent	session=fc5eebad-0d9	cost=0	turns=216	cache_hit=92.7%	in=241200	cr=40794373	cc=2968648	out=530252
2026-05-30T04:24:24+08:00	agent=	session=ee9178c5-801	cost=0	turns=319	cache_hit=94.6%	in=411837	cr=69860231	cc=3613415	out=825480
2026-05-30T04:24:33+08:00	agent=workflow-subagent	session=d6954e4a-d9d	cost=0	turns=391	cache_hit=93.6%	in=100478	cr=105287794	cc=7042050	out=500580
2026-05-30T04:26:51+08:00	agent=workflow-subagent	session=066562c0-e75	cost=0	turns=605	cache_hit=88.8%	in=235619	cr=236603060	cc=29648645	out=2332549
2026-05-30T04:27:00+08:00	agent=workflow-subagent	session=ee9178c5-801	cost=0	turns=319	cache_hit=94.6%	in=411837	cr=69860231	cc=3613415	out=825480
2026-05-30T04:27:35+08:00	agent=workflow-subagent	session=ee9178c5-801	cost=0	turns=319	cache_hit=94.6%	in=411837	cr=69860231	cc=3613415	out=825480
2026-05-30T04:30:21+08:00	agent=workflow-subagent	session=ee9178c5-801	cost=0	turns=319	cache_hit=94.6%	in=411837	cr=69860231	cc=3613415	out=825480
2026-05-30T04:30:40+08:00	agent=workflow-subagent	session=066562c0-e75	cost=0	turns=605	cache_hit=88.8%	in=235619	cr=236603060	cc=29648645	out=2332549
2026-05-30T04:31:34+08:00	agent=workflow-subagent	session=ee9178c5-801	cost=0	turns=319	cache_hit=94.6%	in=411837	cr=69860231	cc=3613415	out=825480
2026-05-30T04:31:41+08:00	agent=workflow-subagent	session=ee9178c5-801	cost=0	turns=319	cache_hit=94.6%	in=411837	cr=69860231	cc=3613415	out=825480
2026-05-30T04:31:42+08:00	agent=workflow-subagent	session=ee9178c5-801	cost=0	turns=319	cache_hit=94.6%	in=411837	cr=69860231	cc=3613415	out=825480
2026-05-30T04:31:46+08:00	agent=workflow-subagent	session=fc5eebad-0d9	cost=0	turns=216	cache_hit=92.7%	in=241200	cr=40794373	cc=2968648	out=530252
2026-05-30T04:31:52+08:00	agent=workflow-subagent	session=ee9178c5-801	cost=0	turns=319	cache_hit=94.6%	in=411837	cr=69860231	cc=3613415	out=825480
2026-05-30T04:33:30+08:00	agent=workflow-subagent	session=ee9178c5-801	cost=0	turns=319	cache_hit=94.6%	in=411837	cr=69860231	cc=3613415	out=825480
2026-05-30T04:34:05+08:00	agent=workflow-subagent	session=ee9178c5-801	cost=0	turns=319	cache_hit=94.6%	in=411837	cr=69860231	cc=3613415	out=825480
2026-05-30T04:34:07+08:00	agent=workflow-subagent	session=ee9178c5-801	cost=0	turns=319	cache_hit=94.6%	in=411837	cr=69860231	cc=3613415	out=825480
2026-05-30T04:35:57+08:00	agent=workflow-subagent	session=ee9178c5-801	cost=0	turns=319	cache_hit=94.6%	in=411837	cr=69860231	cc=3613415	out=825480
2026-05-30T04:36:05+08:00	agent=workflow-subagent	session=ee9178c5-801	cost=0	turns=319	cache_hit=94.6%	in=411837	cr=69860231	cc=3613415	out=825480
2026-05-30T04:36:17+08:00	agent=workflow-subagent	session=ee9178c5-801	cost=0	turns=319	cache_hit=94.6%	in=411837	cr=69860231	cc=3613415	out=825480
2026-05-30T04:40:14+08:00	agent=workflow-subagent	session=ee9178c5-801	cost=0	turns=319	cache_hit=94.6%	in=411837	cr=69860231	cc=3613415	out=825480
2026-05-30T04:49:34+08:00	agent=workflow-subagent	session=ee9178c5-801	cost=0	turns=319	cache_hit=94.6%	in=411837	cr=69860231	cc=3613415	out=825480
2026-05-30T04:52:17+08:00	agent=workflow-subagent	session=ee9178c5-801	cost=0	turns=319	cache_hit=94.6%	in=411837	cr=69860231	cc=3613415	out=825480
2026-05-30T04:59:38+08:00	agent=	session=ee9178c5-801	cost=0	turns=372	cache_hit=95.7%	in=437488	cr=92909650	cc=3745020	out=905740
2026-05-30T05:00:36+08:00	agent=	session=fc5eebad-0d9	cost=0	turns=238	cache_hit=93.5%	in=304766	cr=48910396	cc=3088772	out=570623
2026-05-30T05:12:00+08:00	agent=	session=d6954e4a-d9d	cost=0	turns=472	cache_hit=95.3%	in=157382	cr=150368028	cc=7318132	out=613112
2026-05-30T05:12:55+08:00	agent=workflow-subagent	session=d6954e4a-d9d	cost=0	turns=472	cache_hit=95.3%	in=157382	cr=150368028	cc=7318132	out=613112
2026-05-30T05:14:41+08:00	agent=workflow-subagent	session=d6954e4a-d9d	cost=0	turns=472	cache_hit=95.3%	in=157382	cr=150368028	cc=7318132	out=613112
2026-05-30T05:14:47+08:00	agent=workflow-subagent	session=d6954e4a-d9d	cost=0	turns=472	cache_hit=95.3%	in=157382	cr=150368028	cc=7318132	out=613112
2026-05-30T05:16:04+08:00	agent=workflow-subagent	session=d6954e4a-d9d	cost=0	turns=472	cache_hit=95.3%	in=157382	cr=150368028	cc=7318132	out=613112
2026-05-30T06:24:28+08:00	agent=workflow-subagent	session=fc5eebad-0d9	cost=0	turns=248	cache_hit=91.1%	in=313586	cr=51243016	cc=4662757	out=610586
2026-05-30T06:28:00+08:00	agent=workflow-subagent	session=fc5eebad-0d9	cost=0	turns=248	cache_hit=91.1%	in=313586	cr=51243016	cc=4662757	out=610586
2026-05-30T06:28:39+08:00	agent=workflow-subagent	session=fc5eebad-0d9	cost=0	turns=248	cache_hit=91.1%	in=313586	cr=51243016	cc=4662757	out=610586
2026-05-30T06:46:16+08:00	agent=workflow-subagent	session=fc5eebad-0d9	cost=0	turns=248	cache_hit=91.1%	in=313586	cr=51243016	cc=4662757	out=610586
2026-05-30T06:49:15+08:00	agent=workflow-subagent	session=fc5eebad-0d9	cost=0	turns=248	cache_hit=91.1%	in=313586	cr=51243016	cc=4662757	out=610586
2026-05-30T14:44:34+08:00	agent=	session=d6954e4a-d9d	cost=0	turns=532	cache_hit=95.1%	in=171752	cr=187608356	cc=9441260	out=736453
2026-05-30T15:20:43+08:00	agent=	session=d6954e4a-d9d	cost=0	turns=545	cache_hit=95.3%	in=175480	cr=196641521	cc=9471902	out=792482
2026-05-30T15:21:34+08:00	agent=general-purpose	session=066562c0-e75	cost=0	turns=654	cache_hit=88.8%	in=286948	cr=246200061	cc=30694188	out=2481580
2026-05-30T15:22:54+08:00	agent=	session=fc5eebad-0d9	cost=0	turns=296	cache_hit=91.6%	in=328154	cr=70227367	cc=6092199	out=714715
2026-05-30T15:25:21+08:00	agent=	session=fc5eebad-0d9	cost=0	turns=317	cache_hit=92.5%	in=330530	cr=79929566	cc=6124758	out=735530
2026-05-30T15:26:00+08:00	agent=workflow-subagent	session=d6954e4a-d9d	cost=0	turns=545	cache_hit=95.3%	in=175480	cr=196641521	cc=9471902	out=792482
2026-05-30T15:29:02+08:00	agent=	session=d6954e4a-d9d	cost=0	turns=555	cache_hit=95.5%	in=206800	cr=203818357	cc=9493776	out=797992
2026-05-30T15:29:57+08:00	agent=	session=fc5eebad-0d9	cost=0	turns=331	cache_hit=93.0%	in=331272	cr=86568947	cc=6168009	out=776545
2026-05-30T15:34:11+08:00	agent=workflow-subagent	session=d6954e4a-d9d	cost=0	turns=555	cache_hit=95.5%	in=206800	cr=203818357	cc=9493776	out=797992
2026-05-30T15:34:55+08:00	agent=workflow-subagent	session=d6954e4a-d9d	cost=0	turns=555	cache_hit=95.5%	in=206800	cr=203818357	cc=9493776	out=797992
2026-05-30T15:36:44+08:00	agent=general-purpose	session=066562c0-e75	cost=0	turns=654	cache_hit=88.8%	in=286948	cr=246200061	cc=30694188	out=2481580
2026-05-30T15:37:46+08:00	agent=workflow-subagent	session=d6954e4a-d9d	cost=0	turns=555	cache_hit=95.5%	in=206800	cr=203818357	cc=9493776	out=797992
2026-05-30T15:38:42+08:00	agent=	session=fc5eebad-0d9	cost=0	turns=346	cache_hit=93.4%	in=361426	cr=94051100	cc=6236729	out=805391
2026-05-30T15:38:50+08:00	agent=	session=ee9178c5-801	cost=0	turns=505	cache_hit=96.1%	in=550843	cr=160104517	cc=5881997	out=1158720
2026-05-30T15:41:43+08:00	agent=general-purpose	session=066562c0-e75	cost=0	turns=660	cache_hit=88.8%	in=331438	cr=247691031	cc=30790908	out=2555614
2026-05-30T15:54:44+08:00	agent=	session=d6954e4a-d9d	cost=0	turns=622	cache_hit=96.2%	in=278897	cr=256625269	cc=9739982	out=928703
2026-05-30T19:59:38+08:00	agent=	session=066562c0-e75	cost=0	turns=691	cache_hit=88.9%	in=336294	cr=256256359	cc=31797345	out=2609470
2026-05-30T20:51:58+08:00	agent=	session=d6954e4a-d9d	cost=0	turns=628	cache_hit=96.3%	in=280919	cr=261588267	cc=9750171	out=956245
2026-05-30T20:55:25+08:00	agent=workflow-subagent	session=066562c0-e75	cost=0	turns=701	cache_hit=88.7%	in=337028	cr=258639014	cc=32701691	out=2653425
2026-05-30T20:55:33+08:00	agent=workflow-subagent	session=066562c0-e75	cost=0	turns=706	cache_hit=88.7%	in=337296	cr=260316121	cc=32716233	out=2659982
2026-05-30T20:56:49+08:00	agent=	session=ee9178c5-801	cost=0	turns=511	cache_hit=94.9%	in=554285	cr=161233555	cc=8151181	out=1192300
2026-05-30T20:57:10+08:00	agent=workflow-subagent	session=066562c0-e75	cost=0	turns=716	cache_hit=88.9%	in=340676	cr=263726041	cc=32738266	out=2679043
2026-05-30T20:57:13+08:00	agent=workflow-subagent	session=066562c0-e75	cost=0	turns=717	cache_hit=88.9%	in=340678	cr=264073290	cc=32739694	out=2679307
2026-05-30T20:57:14+08:00	agent=workflow-subagent	session=066562c0-e75	cost=0	turns=717	cache_hit=88.9%	in=340678	cr=264073290	cc=32739694	out=2679307
2026-05-30T20:57:15+08:00	agent=workflow-subagent	session=066562c0-e75	cost=0	turns=717	cache_hit=88.9%	in=340678	cr=264073290	cc=32739694	out=2679307
2026-05-30T20:57:21+08:00	agent=workflow-subagent	session=066562c0-e75	cost=0	turns=718	cache_hit=88.9%	in=340680	cr=264421967	cc=32740012	out=2679691
2026-05-30T20:57:21+08:00	agent=workflow-subagent	session=066562c0-e75	cost=0	turns=718	cache_hit=88.9%	in=340680	cr=264421967	cc=32740012	out=2679691
2026-05-30T20:57:24+08:00	agent=workflow-subagent	session=066562c0-e75	cost=0	turns=719	cache_hit=88.9%	in=340811	cr=264770962	cc=32740450	out=2679974
2026-05-30T20:57:33+08:00	agent=workflow-subagent	session=066562c0-e75	cost=0	turns=720	cache_hit=88.9%	in=340813	cr=265120395	cc=32740916	out=2680295
2026-05-30T20:57:50+08:00	agent=workflow-subagent	session=066562c0-e75	cost=0	turns=720	cache_hit=88.9%	in=340813	cr=265120395	cc=32740916	out=2680295
2026-05-30T20:57:57+08:00	agent=workflow-subagent	session=066562c0-e75	cost=0	turns=720	cache_hit=88.9%	in=340813	cr=265120395	cc=32740916	out=2680295
2026-05-30T21:00:26+08:00	agent=general-purpose	session=066562c0-e75	cost=0	turns=733	cache_hit=89.1%	in=357543	cr=269742726	cc=32765870	out=2707181
2026-05-30T21:00:52+08:00	agent=general-purpose	session=066562c0-e75	cost=0	turns=743	cache_hit=89.2%	in=358853	cr=273374916	cc=32802120	out=2767641
2026-05-30T21:00:58+08:00	agent=	session=fc5eebad-0d9	cost=0	turns=354	cache_hit=92.3%	in=379514	cr=96717618	cc=7740917	out=835909
2026-05-30T21:01:22+08:00	agent=general-purpose	session=066562c0-e75	cost=0	turns=743	cache_hit=89.2%	in=358853	cr=273374916	cc=32802120	out=2767641
2026-05-30T21:01:30+08:00	agent=general-purpose	session=066562c0-e75	cost=0	turns=743	cache_hit=89.2%	in=358853	cr=273374916	cc=32802120	out=2767641
2026-05-30T21:01:40+08:00	agent=general-purpose	session=066562c0-e75	cost=0	turns=743	cache_hit=89.2%	in=358853	cr=273374916	cc=32802120	out=2767641
2026-05-30T21:01:47+08:00	agent=general-purpose	session=066562c0-e75	cost=0	turns=743	cache_hit=89.2%	in=358853	cr=273374916	cc=32802120	out=2767641
2026-05-30T21:01:49+08:00	agent=general-purpose	session=066562c0-e75	cost=0	turns=743	cache_hit=89.2%	in=358853	cr=273374916	cc=32802120	out=2767641
2026-05-30T21:01:54+08:00	agent=general-purpose	session=066562c0-e75	cost=0	turns=743	cache_hit=89.2%	in=358853	cr=273374916	cc=32802120	out=2767641
2026-05-30T21:03:48+08:00	agent=general-purpose	session=066562c0-e75	cost=0	turns=753	cache_hit=89.3%	in=359932	cr=277104433	cc=32834031	out=2780811
2026-05-30T21:03:49+08:00	agent=workflow-subagent	session=fc5eebad-0d9	cost=0	turns=354	cache_hit=92.3%	in=379514	cr=96717618	cc=7740917	out=835909
2026-05-30T21:05:28+08:00	agent=workflow-subagent	session=fc5eebad-0d9	cost=0	turns=354	cache_hit=92.3%	in=379514	cr=96717618	cc=7740917	out=835909
2026-05-30T21:05:37+08:00	agent=workflow-subagent	session=fc5eebad-0d9	cost=0	turns=354	cache_hit=92.3%	in=379514	cr=96717618	cc=7740917	out=835909
2026-05-30T21:05:55+08:00	agent=workflow-subagent	session=fc5eebad-0d9	cost=0	turns=354	cache_hit=92.3%	in=379514	cr=96717618	cc=7740917	out=835909
2026-05-30T21:10:26+08:00	agent=workflow-subagent	session=fc5eebad-0d9	cost=0	turns=354	cache_hit=92.3%	in=379514	cr=96717618	cc=7740917	out=835909
2026-05-30T21:15:05+08:00	agent=	session=d6954e4a-d9d	cost=0	turns=630	cache_hit=96.3%	in=282509	cr=263257359	cc=9750371	out=968265
2026-05-30T21:17:21+08:00	agent=	session=066562c0-e75	cost=0	turns=767	cache_hit=89.5%	in=360347	cr=282441765	cc=32855622	out=2795284
2026-05-30T21:48:30+08:00	agent=	session=fc5eebad-0d9	cost=0	turns=402	cache_hit=93.7%	in=388213	cr=124134577	cc=7964015	out=986169
2026-05-30T21:57:10+08:00	agent=	session=fc5eebad-0d9	cost=0	turns=416	cache_hit=94.1%	in=404174	cr=132670017	cc=7983734	out=994866
2026-05-30T22:05:59+08:00	agent=	session=fc5eebad-0d9	cost=0	turns=424	cache_hit=94.2%	in=406221	cr=137614588	cc=7998226	out=1009474
2026-05-30T22:16:58+08:00	agent=	session=fc5eebad-0d9	cost=0	turns=443	cache_hit=94.7%	in=407220	cr=149627079	cc=8044955	out=1045264
2026-05-30T22:50:24+08:00	agent=	session=fc5eebad-0d9	cost=0	turns=452	cache_hit=94.8%	in=408778	cr=155452347	cc=8058635	out=1066355
2026-05-30T22:50:30+08:00	agent=	session=ee9178c5-801	cost=0	turns=527	cache_hit=93.9%	in=556391	cr=168287597	cc=10365717	out=1223609
2026-05-30T22:51:12+08:00	agent=workflow-subagent	session=fc5eebad-0d9	cost=0	turns=452	cache_hit=94.8%	in=408778	cr=155452347	cc=8058635	out=1066355
2026-05-30T22:51:29+08:00	agent=workflow-subagent	session=fc5eebad-0d9	cost=0	turns=452	cache_hit=94.8%	in=408778	cr=155452347	cc=8058635	out=1066355
2026-05-30T22:52:24+08:00	agent=workflow-subagent	session=fc5eebad-0d9	cost=0	turns=452	cache_hit=94.8%	in=408778	cr=155452347	cc=8058635	out=1066355
2026-05-30T22:55:32+08:00	agent=workflow-subagent	session=fc5eebad-0d9	cost=0	turns=452	cache_hit=94.8%	in=408778	cr=155452347	cc=8058635	out=1066355
2026-05-30T22:57:49+08:00	agent=workflow-subagent	session=fc5eebad-0d9	cost=0	turns=452	cache_hit=94.8%	in=408778	cr=155452347	cc=8058635	out=1066355
2026-05-30T23:01:47+08:00	agent=workflow-subagent	session=fc5eebad-0d9	cost=0	turns=452	cache_hit=94.8%	in=408778	cr=155452347	cc=8058635	out=1066355
2026-05-30T23:10:26+08:00	agent=	session=fc5eebad-0d9	cost=0	turns=469	cache_hit=95.1%	in=413781	cr=166919548	cc=8148853	out=1123207
2026-05-30T23:12:00+08:00	agent=	session=fc5eebad-0d9	cost=0	turns=472	cache_hit=95.2%	in=414025	cr=168997947	cc=8151012	out=1131987
2026-05-30T23:34:03+08:00	agent=	session=fc5eebad-0d9	cost=0	turns=486	cache_hit=95.4%	in=417188	cr=178886320	cc=8177845	out=1173441
2026-05-30T23:34:55+08:00	agent=	session=d6954e4a-d9d	cost=0	turns=639	cache_hit=95.5%	in=283370	cr=268335113	cc=12302409	out=1000686
2026-05-30T23:36:28+08:00	agent=	session=fc5eebad-0d9	cost=0	turns=489	cache_hit=95.5%	in=417556	cr=181027358	cc=8181543	out=1177646
2026-05-30T23:52:50+08:00	agent=	session=fc5eebad-0d9	cost=0	turns=511	cache_hit=95.8%	in=418744	cr=197163825	cc=8271584	out=1242069
2026-05-31T00:40:23+08:00	agent=	session=d6954e4a-d9d	cost=0	turns=649	cache_hit=94.8%	in=284233	cr=274389354	cc=14894228	out=1047510
2026-05-31T02:56:03+08:00	agent=	session=d6954e4a-d9d	cost=0	turns=677	cache_hit=94.6%	in=288208	cr=297588069	cc=16731686	out=1148755
2026-05-31T02:56:13+08:00	agent=	session=fc5eebad-0d9	cost=0	turns=562	cache_hit=95.5%	in=428167	cr=234536750	cc=10662110	out=1363384
2026-05-31T03:14:34+08:00	agent=Explore	session=ce253b7a-efc	cost=0	turns=12	cache_hit=63.8%	in=28976	cr=557200	cc=287528	out=65388
2026-05-31T03:17:11+08:00	agent=Explore	session=ce253b7a-efc	cost=0	turns=12	cache_hit=63.8%	in=28976	cr=557200	cc=287528	out=65388
2026-05-31T03:17:35+08:00	agent=Explore	session=ce253b7a-efc	cost=0	turns=12	cache_hit=63.8%	in=28976	cr=557200	cc=287528	out=65388
2026-05-31T03:21:12+08:00	agent=	session=d6954e4a-d9d	cost=0	turns=689	cache_hit=94.8%	in=290746	cr=308668060	cc=16772351	out=1195262
2026-05-31T03:24:12+08:00	agent=workflow-subagent	session=d6954e4a-d9d	cost=0	turns=689	cache_hit=94.8%	in=290746	cr=308668060	cc=16772351	out=1195262
2026-05-31T03:30:40+08:00	agent=workflow-subagent	session=d6954e4a-d9d	cost=0	turns=689	cache_hit=94.8%	in=290746	cr=308668060	cc=16772351	out=1195262
2026-05-31T03:32:54+08:00	agent=	session=fc5eebad-0d9	cost=0	turns=601	cache_hit=96.0%	in=433222	cr=266381310	cc=10745319	out=1439897
2026-05-31T03:34:41+08:00	agent=workflow-subagent	session=d6954e4a-d9d	cost=0	turns=689	cache_hit=94.8%	in=290746	cr=308668060	cc=16772351	out=1195262
2026-05-31T03:44:32+08:00	agent=workflow-subagent	session=d6954e4a-d9d	cost=0	turns=689	cache_hit=94.8%	in=290746	cr=308668060	cc=16772351	out=1195262
2026-05-31T03:45:43+08:00	agent=workflow-subagent	session=d6954e4a-d9d	cost=0	turns=689	cache_hit=94.8%	in=290746	cr=308668060	cc=16772351	out=1195262
2026-05-31T03:49:40+08:00	agent=Explore	session=cda12053-818	cost=0	turns=10	cache_hit=61.6%	in=68117	cr=531777	cc=263214	out=92361
2026-05-31T03:49:42+08:00	agent=Explore	session=cda12053-818	cost=0	turns=10	cache_hit=61.6%	in=68117	cr=531777	cc=263214	out=92361
2026-05-31T03:49:56+08:00	agent=Explore	session=cda12053-818	cost=0	turns=10	cache_hit=61.6%	in=68117	cr=531777	cc=263214	out=92361
2026-05-31T03:49:58+08:00	agent=workflow-subagent	session=d6954e4a-d9d	cost=0	turns=689	cache_hit=94.8%	in=290746	cr=308668060	cc=16772351	out=1195262
2026-05-31T03:53:16+08:00	agent=Explore	session=cda12053-818	cost=0	turns=10	cache_hit=61.6%	in=68117	cr=531777	cc=263214	out=92361
2026-05-31T03:54:57+08:00	agent=	session=d6954e4a-d9d	cost=0	turns=707	cache_hit=95.0%	in=295697	cr=325779186	cc=16849735	out=1250476
2026-05-31T03:56:06+08:00	agent=	session=fc5eebad-0d9	cost=0	turns=615	cache_hit=96.1%	in=434351	cr=278087188	cc=10802666	out=1483984
2026-05-31T03:58:55+08:00	agent=Explore	session=cda12053-818	cost=0	turns=10	cache_hit=61.6%	in=68117	cr=531777	cc=263214	out=92361
2026-05-31T04:00:11+08:00	agent=workflow-subagent	session=fc5eebad-0d9	cost=0	turns=615	cache_hit=96.1%	in=434351	cr=278087188	cc=10802666	out=1483984
2026-05-31T04:01:01+08:00	agent=workflow-subagent	session=fc5eebad-0d9	cost=0	turns=615	cache_hit=96.1%	in=434351	cr=278087188	cc=10802666	out=1483984
2026-05-31T04:02:03+08:00	agent=Explore	session=cda12053-818	cost=0	turns=10	cache_hit=61.6%	in=68117	cr=531777	cc=263214	out=92361
2026-05-31T04:02:39+08:00	agent=workflow-subagent	session=fc5eebad-0d9	cost=0	turns=615	cache_hit=96.1%	in=434351	cr=278087188	cc=10802666	out=1483984
2026-05-31T04:06:21+08:00	agent=workflow-subagent	session=cda12053-818	cost=0	turns=10	cache_hit=61.6%	in=68117	cr=531777	cc=263214	out=92361
2026-05-31T04:07:55+08:00	agent=workflow-subagent	session=fc5eebad-0d9	cost=0	turns=615	cache_hit=96.1%	in=434351	cr=278087188	cc=10802666	out=1483984
2026-05-31T04:10:52+08:00	agent=	session=fc5eebad-0d9	cost=0	turns=629	cache_hit=96.3%	in=437820	cr=290086241	cc=10838223	out=1513439
2026-05-31T16:04:43+08:00	agent=	session=d6954e4a-d9d	cost=0	turns=707	cache_hit=95.0%	in=295697	cr=325779186	cc=16849735	out=1250476
2026-05-31T16:06:29+08:00	agent=	session=fc5eebad-0d9	cost=0	turns=630	cache_hit=96.3%	in=437820	cr=290086241	cc=10838223	out=1513439
2026-05-31T16:06:29+08:00	agent=	session=ee9178c5-801	cost=0	turns=527	cache_hit=93.9%	in=556391	cr=168287597	cc=10365717	out=1223609
2026-05-31T16:20:20+08:00	agent=workflow-subagent	session=cda12053-818	cost=0	turns=97	cache_hit=73.6%	in=141778	cr=10860141	cc=3746273	out=1145018
2026-05-31T16:22:42+08:00	agent=	session=cda12053-818	cost=0	turns=108	cache_hit=77.1%	in=144470	cr=13311740	cc=3819479	out=1210256
2026-05-31T16:23:56+08:00	agent=workflow-subagent	session=cda12053-818	cost=0	turns=108	cache_hit=77.1%	in=144470	cr=13311740	cc=3819479	out=1210256
2026-05-31T16:27:05+08:00	agent=	session=ee9178c5-801	cost=0	turns=542	cache_hit=93.8%	in=644535	cr=169375717	cc=10531972	out=1311524
2026-05-31T16:28:17+08:00	agent=workflow-subagent	session=ee9178c5-801	cost=0	turns=542	cache_hit=93.8%	in=644535	cr=169375717	cc=10531972	out=1311524
2026-05-31T16:28:28+08:00	agent=workflow-subagent	session=ee9178c5-801	cost=0	turns=542	cache_hit=93.8%	in=644535	cr=169375717	cc=10531972	out=1311524
2026-05-31T16:29:03+08:00	agent=workflow-subagent	session=ee9178c5-801	cost=0	turns=542	cache_hit=93.8%	in=644535	cr=169375717	cc=10531972	out=1311524
2026-05-31T16:29:34+08:00	agent=workflow-subagent	session=ee9178c5-801	cost=0	turns=542	cache_hit=93.8%	in=644535	cr=169375717	cc=10531972	out=1311524
2026-05-31T16:29:45+08:00	agent=workflow-subagent	session=ee9178c5-801	cost=0	turns=542	cache_hit=93.8%	in=644535	cr=169375717	cc=10531972	out=1311524
2026-05-31T16:29:53+08:00	agent=workflow-subagent	session=ee9178c5-801	cost=0	turns=542	cache_hit=93.8%	in=644535	cr=169375717	cc=10531972	out=1311524
2026-05-31T16:29:55+08:00	agent=workflow-subagent	session=ee9178c5-801	cost=0	turns=542	cache_hit=93.8%	in=644535	cr=169375717	cc=10531972	out=1311524
2026-05-31T16:30:06+08:00	agent=workflow-subagent	session=ee9178c5-801	cost=0	turns=542	cache_hit=93.8%	in=644535	cr=169375717	cc=10531972	out=1311524
2026-05-31T16:30:19+08:00	agent=workflow-subagent	session=ee9178c5-801	cost=0	turns=542	cache_hit=93.8%	in=644535	cr=169375717	cc=10531972	out=1311524
2026-05-31T16:31:49+08:00	agent=workflow-subagent	session=cda12053-818	cost=0	turns=108	cache_hit=77.1%	in=144470	cr=13311740	cc=3819479	out=1210256
2026-05-31T16:33:03+08:00	agent=workflow-subagent	session=ee9178c5-801	cost=0	turns=542	cache_hit=93.8%	in=644535	cr=169375717	cc=10531972	out=1311524
2026-05-31T16:33:09+08:00	agent=workflow-subagent	session=cda12053-818	cost=0	turns=108	cache_hit=77.1%	in=144470	cr=13311740	cc=3819479	out=1210256
2026-05-31T16:35:17+08:00	agent=workflow-subagent	session=ee9178c5-801	cost=0	turns=542	cache_hit=93.8%	in=644535	cr=169375717	cc=10531972	out=1311524
2026-05-31T16:41:34+08:00	agent=workflow-subagent	session=cda12053-818	cost=0	turns=108	cache_hit=77.1%	in=144470	cr=13311740	cc=3819479	out=1210256
2026-05-31T16:43:52+08:00	agent=workflow-subagent	session=cda12053-818	cost=0	turns=108	cache_hit=77.1%	in=144470	cr=13311740	cc=3819479	out=1210256
2026-05-31T16:45:22+08:00	agent=workflow-subagent	session=cda12053-818	cost=0	turns=108	cache_hit=77.1%	in=144470	cr=13311740	cc=3819479	out=1210256
2026-05-31T16:49:03+08:00	agent=workflow-subagent	session=cda12053-818	cost=0	turns=108	cache_hit=77.1%	in=144470	cr=13311740	cc=3819479	out=1210256
2026-05-31T16:50:35+08:00	agent=	session=fc5eebad-0d9	cost=0	turns=716	cache_hit=96.1%	in=593056	cr=304145248	cc=11668308	out=1781089
2026-05-31T19:41:23+08:00	agent=	session=fc5eebad-0d9	cost=0	turns=724	cache_hit=95.9%	in=639098	cr=305517156	cc=12427759	out=1817210
2026-05-31T19:41:35+08:00	agent=workflow-subagent	session=fc5eebad-0d9	cost=0	turns=724	cache_hit=95.9%	in=639098	cr=305517156	cc=12427759	out=1817210
2026-05-31T19:43:48+08:00	agent=workflow-subagent	session=fc5eebad-0d9	cost=0	turns=724	cache_hit=95.9%	in=639098	cr=305517156	cc=12427759	out=1817210
2026-05-31T19:43:55+08:00	agent=workflow-subagent	session=fc5eebad-0d9	cost=0	turns=724	cache_hit=95.9%	in=639098	cr=305517156	cc=12427759	out=1817210
2026-05-31T19:44:24+08:00	agent=workflow-subagent	session=fc5eebad-0d9	cost=0	turns=724	cache_hit=95.9%	in=639098	cr=305517156	cc=12427759	out=1817210
2026-05-31T19:44:56+08:00	agent=workflow-subagent	session=fc5eebad-0d9	cost=0	turns=724	cache_hit=95.9%	in=639098	cr=305517156	cc=12427759	out=1817210
2026-05-31T19:45:53+08:00	agent=workflow-subagent	session=fc5eebad-0d9	cost=0	turns=724	cache_hit=95.9%	in=639098	cr=305517156	cc=12427759	out=1817210
2026-05-31T19:48:07+08:00	agent=workflow-subagent	session=fc5eebad-0d9	cost=0	turns=724	cache_hit=95.9%	in=639098	cr=305517156	cc=12427759	out=1817210
2026-05-31T19:56:52+08:00	agent=	session=fc5eebad-0d9	cost=0	turns=749	cache_hit=95.9%	in=688054	cr=313490285	cc=12625068	out=1926993
2026-05-31T22:06:08+08:00	agent=	session=ee9178c5-801	cost=0	turns=743	cache_hit=93.4%	in=820954	cr=217827403	cc=14480080	out=1815381
2026-05-31T22:12:04+08:00	agent=	session=fc5eebad-0d9	cost=0	turns=786	cache_hit=95.8%	in=689289	cr=326698217	cc=13741797	out=2054032
