region	n_sSNV	span	cn	tree_shape	haplotypes	n_nodes	max_depth	situation_tier	vaf_order_ok	labels
chr14:106258051-106394166	94	136115	gain	inconsistent	H1,H3?	56	9	incompatible(cycle)	CN-altered(?)	106258051=H3?-1-1-1-1-8;106258296=H3?-1-1-1-1-8-4;106258358=H3?-1-1-1-1-9;106258566=H3?-1-1-1-1-7-3;106258924=H3?-1-1-1-1-7-2;106259057=H3?-1-1-1-1-7-1;106259259=H3?-1-1-1-1-6-2-2;106259291=H3?-1-1-1-1-7;106259298=H3?-1-1-1-1-6-2-2-2;106259445=H3?-1-1-1-1-6;106259531=H3?-1-1-1-1-6-2;106259990=H3?-1-1-1-1-6-2-1-3;106260007=H3?-1-1-1-1-6-2-1;106260019=H3?-1-1-1-1-6-2-1-2;106260053=H3?-1-1-1-1-3;106260409=H3?-1-1-1-1-6-1-1;106260844=H3?-1-1-1-1-6-2-1-1;106261960=H3?-1-1-1-1-6-1;106263711=H3?-1-1-1-1-2-2;106263877=H3?-1-1-1-1-2;106263928=H3?-1-3-1;106264043=H3?-1-3;106264354=H3?-1-1-1-1-1;106265666=H3?-1-1-1-1-2-1;106268545=H3?-1-1-2;106268552=H3?-1-1-1;106269575=H3?-1-4;106270090=H3?-1-2;106270441=H3?-1-1-1-1-4-1-3-1;106270463=H3?-1;106270718=H3?-1-5;106270868=H3?-1-1-1-1;106271247=H3?-1-1-1-1-4-1-2-1;106271265=H3?-1-1-1-2;106271270=H3?-1-1-1-1-4-1-1;106271295=H3?-1-1-1-1-4-1-3-2-1;106271296=H3?-1-1-1-1-4-1-3-2;106271503=H3?-1-1-1-1-4-1-2;106271595=H3?-1-6;106271615=H3?-1-1;106271995=H3?-1-1-1-1-4-1-3;106272014=H3?-1-7;106272088=H3?-1-1-1-1-4-1-5;106272475=H3?-1-1-1-1-4-1-6;106272500=H3?-1-1-1-1-4-1-3-3;106272627=H3?-1-1-1-1-4-1-4;106272832=H3?-1-1-1-1-4-1-8;106272835=H3?-1-1-1-1-4-1-7;106272875=H3?-1-1-1-1-4-1-3-4;106272879=H3?-1-1-1-1-5;106273054=H3?-1-1-1-1-4;106273615=H3?-1-1-1-1-4-1;106353519=H3?-2;106355378=H3?-3
chr8:87947762-88561542	60	613780	loh	full_tree	H1,H2,H3?	35	3	C_chained_statistical	yes	87947762=H3?-3;87981099=H3?-6;88058391=H3?-13;88062095=H3?-9;88091097=H3?-20;88093387=H3?-20-1;88098375=H3?-21;88119364=H3?-21-1;88147447=H3?-14;88169683=H3?-10;88175612=H3?-4-1;88183660=H3?-25;88206689=H3?-4;88217806=H3?-22;88219323=H3?-15;88246308=H3?-16;88267351=H3?-23;88269552=H3?-18-1-1;88271414=H3?-18-1;88276831=H3?-18;88332072=H3?-26;88336386=H3?-8;88337442=H3?-26-1;88362257=H3?-27;88382845=H3?-5;88389498=H3?-24;88399368=H3?-7;88424839=H3?-12;88436827=H3?-11;88483499=H3?-17;88497525=H3?-2;88512563=H3?-17-1;88546750=H3?-1-1;88551272=H3?-19;88561542=H3?-1
chr8:81967040-82178585	150	211545	gain	inconsistent	H1,H2	20	4	incompatible(cycle)	CN-altered(?)	81997114=H2-8;82016349=H2-8-1;82026565=H2-3;82043491=H2-2;82067495=H2-9;82069964=H2-9-1-1;82070433=H2-9-1-1-1;82072360=H2-4;82073055=H2-9-1;82075646=H2-5;82088857=H2-6;82090068=H2-6-1;82111412=H2-1-1;82117122=H2-10;82121251=H2-7;82138581=H2-1;82164242=H2-7-1;82165818=H2-7-1-1
chr16:35418931-36217385	74	798454	gain	inconsistent	H1,H2,H3?	37	3	incompatible(cycle)	CN-altered(?)	35455591=H3?-10;35456002=H3?-18;35456683=H3?-19;35469832=H3?-12;35470544=H3?-12-1-1;35472372=H3?-12-1;35496558=H3?-17;35503340=H3?-11;35533727=H3?-7;35534400=H3?-16;35598605=H3?-8-1;35599216=H3?-8;35620318=H3?-8-1-1;35703461=H3?-4-2;35707025=H3?-4-2-1;35758740=H3?-4;35774985=H3?-4-1;35800595=H3?-15;35804747=H3?-15-1;35853760=H3?-5;35888010=H3?-13;35892529=H3?-6;35903219=H3?-14;35916994=H3?-1-1-1;35939916=H3?-1-1;35948447=H3?-1;35955753=H3?-9-1;35969413=H3?-9;35987181=H3?-9-2;36013718=H3?-9-2-1;36015714=H3?-9-2-2;36153929=H3?-3-1;36185405=H3?-3;36199256=H3?-2;36217385=H3?-2-1
chr8:121730472-122121542	65	391070	gain	full_tree	H1,H2,H3?	23	3	C_chained_statistical	CN-altered(?)	121734081=H2-8;121734429=H2-8-1;121742207=H2-4;121776837=H2-10;121810305=H2-5;121873912=H2-1;121883438=H2-13;121894037=H2-14-1;121894531=H2-14;121957743=H2-12;121966065=H2-3-1;121972349=H2-6;121978175=H2-2;122011554=H2-7-1-1;122011895=H2-7;122012328=H2-7-1-2;122014739=H2-7-1;122015232=H2-9-1-1;122015806=H2-9-1;122016520=H2-9;122053163=H2-3;122111576=H2-11;122116872=H2-11-1
chr8:99815931-100069207	44	253276	loh	full_tree	H1,H2,H3?	20	4	C_chained_statistical	yes	100001145=H2-12;100010875=H2-1;100011494=H2-12-1;100014004=H2-12-2;100054363=H2-10;100069207=H2-4;99815931=H2-5;99820672=H2-5-1;99825495=H2-6;99827449=H2-7;99831810=H2-6-1;99832232=H2-9;99853185=H2-11;99858889=H2-11-1-1-1;99866860=H2-11-1-1;99868676=H2-11-1;99890167=H2-8;99901346=H2-8-1;99902400=H2-2;99921653=H2-3
chr8:144799296-144992406	22	193110	gain	full_tree	H2,H3?	16	3	C_chained_statistical	CN-altered(?)	144811108=H2-1-3;144819500=H2-1;144823940=H2-1-1-1;144847587=H2-1-1-2;144856144=H2-1-1;144857371=H2-1-2;144863376=H2-2-1-1;144864241=H2-2-1;144878996=H2-2;144895692=H2-5;144915897=H2-6;144917252=H2-4;144919296=H2-4-1;144929114=H2-3;144935080=H2-8;144950556=H2-7
chr8:123135522-123375768	16	240246	gain	sibling_only	H2	14	1	C_chained_statistical	CN-altered(?)	123135522=H2-8;123140750=H2-10;123167264=H2-2;123178818=H2-12;123182203=H2-6;123209636=H2-3;123233301=H2-9;123246842=H2-7;123291717=H2-1;123306756=H2-14;123309805=H2-5;123346849=H2-4;123356173=H2-13;123375768=H2-11
chr8:127150821-127401923	16	251102	gain	full_tree	H2,H?	13	2	C_chained_statistical	CN-altered(?)	127150821=H2-4;127151210=H2-6-1;127160432=H2-8;127164469=H2-5;127166788=H2-6;127215764=H2-3;127219094=H2-7-1;127221981=H2-7;127244231=H2-9;127309253=H2-10;127323259=H2-2;127399253=H2-1;127401923=H2-1-1
chr17:49368439-49890555	41	522116	loh	full_tree	H1,H2,H3?	20	3	C_chained_statistical	yes	49468225=H1-4;49469630=H1-6;49470569=H1-11;49471559=H1-9;49472574=H1-11-1;49476788=H1-13;49478857=H1-13-1;49482709=H1-8;49483303=H1-8-1-1;49483610=H1-8-1;49499679=H1-5;49626036=H1-3;49635897=H1-10;49679314=H1-7;49684320=H1-7-1;49711720=H1-12;49712514=H1-12-1;49854299=H1-2;49874538=H1-14;49890555=H1-1
chr7:154532236-154768422	17	236186	gain	full_tree	H1,H2	13	2	C_chained_statistical	CN-altered(?)	154532236=H1-1;154544048=H1-4;154551475=H1-4-1;154569763=H1-1-1;154587903=H1-8;154632534=H1-3;154637567=H1-7;154677446=H1-5;154677497=H1-6;154678979=H1-2-2;154688579=H1-2-1;154707563=H1-2;154718362=H1-2-3
chr8:104281399-104369823	11	88424	gain	full_tree	H2	10	3	C_chained_statistical	CN-altered(?)	104281399=H2-7;104300408=H2-3;104301031=H2-1-1;104317342=H2-1;104323810=H2-4-1;104325643=H2-4;104325764=H2-5;104338812=H2-4-1-1;104340954=H2-6;104369823=H2-2
chr8:133623804-133740088	9	116284	gain	full_tree	H1	9	2	C_chained_statistical	CN-altered(?)	133623804=H1-6;133634592=H1-1;133678798=H1-2;133684570=H1-5;133696130=H1-4;133699555=H1-7;133713379=H1-5-1;133718236=H1-3;133740088=H1-3-1
chr8:142857649-142925531	9	67882	gain	full_tree	H2	9	3	B_spannable_pairwise	CN-altered(?)	142857649=H2-6;142861897=H2-5;142875211=H2-1-2;142879934=H2-3;142896113=H2-1-2-1;142903796=H2-1;142920229=H2-1-1;142924984=H2-4;142925531=H2-2
chr8:111024324-111255853	14	231529	gain	full_tree	H1	12	2	C_chained_statistical	CN-altered(?)	111024324=H1-4;111074299=H1-3;111081187=H1-2-1;111088790=H1-2;111124428=H1-7;111145676=H1-8;111145913=H1-1-1;111176807=H1-1;111185662=H1-1-2;111206695=H1-6;111249654=H1-6-1;111255853=H1-5
chr8:103525772-103656106	9	130334	gain	full_tree	H2	9	2	C_chained_statistical	CN-altered(?)	103525772=H2-6;103546807=H2-7;103553120=H2-2;103566467=H2-4;103567035=H2-3;103594757=H2-8;103614796=H2-5;103615662=H2-1-1;103656106=H2-1
chr10:47682714-47689755	18	7041	gain	linear_nested	H1	12	4	A_single_molecule	CN-altered(?)	47682714=H1-1-1-1-1;47683446=H1-3;47684354=H1-1-1-1-2;47684638=H1-1-1;47685172=H1-6;47685497=H1-2-2;47686641=H1-4;47686824=H1-5;47687430=H1-2;47687512=H1-7;47687598=H1-1;47689755=H1-1-1-1
chr8:100436896-100493791	15	56895	loh	full_tree	H2	6	2	B_spannable_pairwise	yes	100454435=H2-2;100469446=H2-4;100479062=H2-1;100482390=H2-3-2;100491592=H2-3-1;100493791=H2-3
chr20:56191455-56256976	10	65521	gain	inconsistent	H2	7	3	incompatible(cycle)	CN-altered(?)	56191455=H2-2;56209628=H2-3;56234355=H2-1-1;56235046=H2-1;56256976=H2-1-1-1
chr1:143746889-143768269	9	21380	gain	full_tree	H2	8	3	A_single_molecule	CN-altered(?)	143746889=H2-5;143764090=H2-1-1-1;143764121=H2-4-2;143765021=H2-3;143765165=H2-2;143765234=H2-1;143765291=H2-1-1;143768269=H2-4
chr12:14555003-14700927	9	145924	gain	full_tree	H1	9	2	C_chained_statistical	CN-altered(?)	14555003=H1-5;14570031=H1-2-1;14598209=H1-2;14638104=H1-4;14638489=H1-4-1;14655833=H1-1-2;14661718=H1-1-1;14668600=H1-1;14700927=H1-3
chr7:158377608-158571398	12	193790	gain	full_tree	H2	10	2	C_chained_statistical	CN-altered(?)	158377608=H2-3;158378919=H2-2;158409250=H2-2-1;158473424=H2-6;158475255=H2-5;158500440=H2-1-1;158503412=H2-4;158516429=H2-7;158524989=H2-1;158571398=H2-8
chr8:117294212-117377547	11	83335	gain	full_tree	H1,H2	9	2	C_chained_statistical	CN-altered(?)	117294212=H1-1-1;117303024=H1-1;117311364=H1-4-1;117311646=H1-4;117316985=H1-6;117338385=H1-5;117338752=H1-5-1;117376975=H1-2;117377547=H1-3
chr8:136732293-136880635	9	148342	gain	full_tree	H1	8	2	C_chained_statistical	CN-altered(?)	136732293=H1-7;136735353=H1-4;136739021=H1-1;136755226=H1-2-1;136764115=H1-6;136774015=H1-2;136818920=H1-3;136843561=H1-5
chr7:85760337-85978300	15	217963	gain	full_tree	H2,H3?	13	2	C_chained_statistical	CN-altered(?)	85760337=H2-1;85770496=H2-11;85797725=H2-8;85837679=H2-6;85838142=H2-9;85848121=H2-10;85889720=H2-2-1;85892181=H2-7;85894169=H2-5;85902663=H2-2;85942194=H2-3;85946655=H2-3-1;85978300=H2-4
chr16:21137473-21343134	14	205661	gain	full_tree	H1,H2	11	2	C_chained_statistical	CN-altered(?)	21137473=H2-7;21171381=H2-5;21180868=H2-2-1;21192715=H2-6;21217539=H2-2;21260324=H2-1-1;21265365=H2-4-1;21278464=H2-1;21279158=H2-3;21284617=H2-4;21289638=H2-4-2
chr8:130972816-131316714	13	343898	gain	full_tree	H2,H?	11	2	C_chained_statistical	CN-altered(?)	130972816=H2-9;130999010=H2-3;131020123=H2-4;131028206=H2-2;131074695=H2-1;131106198=H2-6;131120575=H2-1-1;131134667=H2-7;131155464=H2-5;131241040=H2-8;131278821=H2-10
chr8:95497096-95576576	9	79480	loh	full_tree	H1	7	2	C_chained_statistical	yes	95497096=H1-1;95501168=H1-3;95511916=H1-5-1;95512362=H1-5;95519794=H1-3-1;95564666=H1-2;95576576=H1-4
chr17:82292341-82413499	9	121158	loh	full_tree	H2	8	2	C_chained_statistical	yes	82294206=H2-1;82304343=H2-2;82310860=H2-5;82316017=H2-1-1;82337395=H2-6;82371663=H2-4;82383191=H2-4-1;82413499=H2-3
chr8:132512513-132561782	8	49269	gain	full_tree	H2,H3?	8	2	B_spannable_pairwise	CN-altered(?)	132512513=H2-3-1;132517692=H2-1;132521661=H2-3;132543658=H2-4;132549922=H2-4-1;132555156=H2-2;132556685=H2-5;132561782=H2-5-1
chr8:93689652-94171262	45	481610	loh	full_tree	H1,H2,H3?	16	3	C_chained_statistical	yes	93741178=H3?-11;93741402=H3?-11-1;93835689=H3?-1;93878019=H3?-3;93897911=H3?-9;93898157=H3?-10;93935601=H3?-2;93972527=H3?-6-1;93972577=H3?-6;93973553=H3?-7;93983983=H3?-6-1-1;93986073=H3?-5;94096239=H3?-8;94106416=H3?-4;94170573=H3?-12;94171262=H3?-12-1
chr16:34597681-34767808	22	170127	gain	full_tree	H1,H2,H3?	14	2	C_chained_statistical	CN-altered(?)	34597681=H1-7;34600401=H1-8;34639641=H1-2-2;34640156=H1-2;34640158=H1-2-1;34647927=H1-1-1;34658822=H1-1-2;34682271=H1-1;34727447=H1-5;34740276=H1-3;34742997=H1-3-1;34742998=H1-6;34762829=H1-4-1;34767808=H1-4
chr17:69844805-70045542	13	200737	gain	full_tree	H2	11	2	C_chained_statistical	CN-altered(?)	69844805=H2-7;69847050=H2-5;69884800=H2-1;69890921=H2-6;69928947=H2-4;69931370=H2-1-1;69964653=H2-2;69987471=H2-2-1;70036531=H2-3;70045541=H2-3-1;70045542=H2-3-2
chr2:94539156-94541206	11	2050	gain	linear_nested	H1	9	5	A_single_molecule	CN-altered(?)	94539810=H1-1-1-1-1-1;94539933=H1-1-1-1;94540056=H1-3-2;94540120=H1-2;94540138=H1-1;94540166=H1-1-1-2;94540420=H1-1-1-1-1;94540563=H1-1-1;94541206=H1-3
chr1:40867755-40995625	9	127870	gain	full_tree	H1	9	3	C_chained_statistical	CN-altered(?)	40867755=H1-6;40883025=H1-1-1-1;40902842=H1-1-1;40930293=H1-1;40948184=H1-5;40950325=H1-2;40971948=H1-4-1;40972224=H1-4;40995625=H1-3
chr13:34185613-34258801	8	73188	gain	full_tree	H1	7	2	B_spannable_pairwise	CN-altered(?)	34188895=H1-1-1;34196148=H1-1;34234062=H1-2-1;34235619=H1-2;34248714=H1-3;34248734=H1-4;34258801=H1-5
chr7:156112564-156185611	6	73047	gain	full_tree	H2	6	2	B_spannable_pairwise	CN-altered(?)	156112564=H2-2-2;156112604=H2-2-1;156142450=H2-1;156149963=H2-2;156167153=H2-1-1;156185611=H2-3
chr12:1322350-1351664	5	29314	gain	full_tree	H1	5	2	B_spannable_pairwise	CN-altered(?)	1322350=H1-1;1340203=H1-2;1340204=H1-2-1;1341031=H1-1-2;1351664=H1-1-1
chr8:112982467-113254358	25	271891	gain	full_tree	H1,H2,H3?	11	3	C_chained_statistical	CN-altered(?)	112982467=H1-2;113006911=H1-8;113008830=H1-8-1;113050132=H1-1;113074731=H1-7;113135957=H1-4;113159482=H1-3;113166028=H1-5-1-1;113167370=H1-5-1;113176581=H1-5;113184237=H1-6
chr8:100563395-100751258	19	187863	loh	inconsistent	H2,H?	10	3	incompatible(cycle)	yes	100584385=H2-7;100598625=H2-2;100629747=H2-5;100636519=H2-5-1;100663052=H2-1;100702422=H2-3;100743447=H2-6;100745310=H2-4;100748990=H2-4-1-1;100751258=H2-4-1
chr8:64067013-64293915	13	226902	loh	full_tree	H1	10	2	C_chained_statistical	yes	64067013=H1-3;64070228=H1-5;64100384=H1-1-1;64101872=H1-1;64209446=H1-4;64212286=H1-7;64248454=H1-2;64262692=H1-8;64263445=H1-6;64293915=H1-9
chr8:95894742-96103921	13	209179	loh	full_tree	H1	10	2	C_chained_statistical	yes	95908980=H1-4;95925677=H1-7;95941269=H1-2;95969519=H1-9;95972248=H1-8;96044136=H1-1;96062757=H1-1-1;96080011=H1-5;96097651=H1-6;96103921=H1-3
chr8:91569989-91712285	9	142296	loh	full_tree	H1	6	2	C_chained_statistical	yes	91569989=H1-4-1;91572121=H1-4;91582858=H1-1;91594816=H1-5;91635756=H1-2;91650387=H1-3
chr5:32625443-32712689	8	87246	gain	full_tree	H1	7	2	C_chained_statistical	CN-altered(?)	32625443=H1-1-1;32641013=H1-1;32663009=H1-1-2;32684752=H1-2;32711618=H1-3;32712688=H1-4;32712689=H1-4-1
chr6:88862216-88871971	6	9755	loh	full_tree	H1	6	4	A_single_molecule	yes	88862216=H1-1-1-1-1;88862217=H1-1-1-1;88862415=H1-2;88862557=H1-1-1-2;88869890=H1-1;88871971=H1-1-1
chr8:126323317-126406825	6	83508	gain	full_tree	H2	5	2	C_chained_statistical	CN-altered(?)	126359538=H2-4;126376788=H2-4-1;126388335=H2-2;126393044=H2-1;126406825=H2-3
chr14:16093807-16096495	6	2688	neutral	sibling_only	H1	6	1	A_single_molecule	yes	16093807=H1-3;16095686=H1-5;16095766=H1-2;16095934=H1-1;16096448=H1-6;16096495=H1-4
chr10:126809747-126848699	5	38952	gain	full_tree	H1	5	2	B_spannable_pairwise	CN-altered(?)	126809747=H1-2;126818849=H1-3;126818948=H1-1-1;126825365=H1-1-2;126848699=H1-1
chr8:81312744-81522614	120	209870	gain	full_tree	H1,H2,H3?	9	2	C_chained_statistical	CN-altered(?)	81409240=H1-5;81435861=H1-4;81451442=H1-6;81452668=H1-7;81452940=H1-7-1;81457473=H1-6-1;81489621=H1-3;81522195=H1-2;81522614=H1-1
chr22:22816187-22893447	36	77260	gain	inconsistent	H1,H3?	10	4	incompatible(cycle)	CN-altered(?)	22816187=H3?-1-1;22816444=H3?-1-2;22821893=H3?-2;22829773=H3?-4;22848614=H3?-1;22857412=H3?-5;22881081=H3?-3;22881098=H3?-2-1;22883190=H3?-3-1;22885356=H3?-3-1-1
chr10:31940250-32165143	15	224893	gain	full_tree	H2	10	5	C_chained_statistical	CN-altered(?)	31940250=H2-2;31958783=H2-2-1;31960429=H2-2-2;31995325=H2-1;31995689=H2-1-1-1-1;31996265=H2-1-1-1;31996583=H2-1-1-1-1-1;31997228=H2-1-1;32110322=H2-3;32135739=H2-3-1
chr15:75253050-75254597	15	1547	gain	linear_nested	H1	9	4	A_single_molecule	CN-altered(?)	75253050=H1-3;75253165=H1-4;75253224=H1-1-1-1-2;75253282=H1-1-1-2;75253393=H1-1;75253659=H1-2;75254055=H1-1-1;75254593=H1-1-1-1;75254597=H1-1-1-1-1
chr15:98647946-98818510	14	170564	gain	full_tree	H2	9	2	C_chained_statistical	CN-altered(?)	98647946=H2-3-1;98695711=H2-3-2;98697854=H2-3-3;98700529=H2-3;98700635=H2-3-4;98788509=H2-4;98791822=H2-1;98798602=H2-2;98817624=H2-1-1
chr18:46495067-46721543	12	226476	gain	full_tree	H1,H2,H?	8	3	C_chained_statistical	CN-altered(?)	46522912=H1-1-1;46529582=H1-1;46535678=H1-1-2;46567038=H1-3;46605006=H1-4;46623970=H1-2;46625989=H1-2-1;46635572=H1-2-1-1
chr1:119446237-119638301	11	192064	gain	full_tree	H1,H2,H?	11	3	C_chained_statistical	CN-altered(?)	119446237=H1-4;119449889=H1-3;119484978=H1-7;119491334=H1-7-1;119495616=H1-5;119529662=H1-8;119572073=H1-6;119585386=H1-1;119622238=H1-2;119638300=H1-2-1-1;119638301=H1-2-1
chr5:5235796-5342588	11	106792	gain	full_tree	H1,H2	10	3	C_chained_statistical	CN-altered(?)	5241749=H1-4-2;5257883=H1-4;5292407=H1-4-1;5308944=H1-1-1;5310054=H1-1;5314108=H1-1-1-1;5315814=H1-2-1;5337743=H1-2-1-1;5342563=H1-2;5342588=H1-3
chr8:108728371-108922292	11	193921	gain	full_tree	H1	9	2	C_chained_statistical	CN-altered(?)	108728371=H1-1;108759841=H1-1-1;108798583=H1-4;108808413=H1-6;108825988=H1-2;108856932=H1-5;108862716=H1-3-2;108906676=H1-3;108922292=H1-3-1
chr12:21580938-21664221	10	83283	gain	full_tree	H1	5	2	C_chained_statistical	CN-altered(?)	21629915=H1-2;21632853=H1-2-1;21650841=H1-1-1;21654542=H1-1;21664221=H1-1-2
chr15:27306194-27306522	10	328	loh	linear_nested	H1,H2	9	3	A_single_molecule	yes	27306194=H2-1-1;27306196=H2-2-2;27306214=H2-1-2;27306234=H2-1-3;27306278=H2-2-1;27306311=H2-1-2-1;27306417=H2-2;27306470=H2-1;27306522=H2-1-4
chr15:91403472-91514233	9	110761	gain	full_tree	H1,H2	8	3	C_chained_statistical	CN-altered(?)	91403472=H2-4;91408853=H2-5;91416314=H2-4-1;91424773=H2-1;91445610=H2-3;91459531=H2-2;91469542=H2-2-1-1;91476187=H2-2-1
chr3:130760178-130866320	8	106142	gain	full_tree	H1	8	3	C_chained_statistical	CN-altered(?)	130760178=H1-3;130765902=H1-3-1-1;130769775=H1-3-1;130815054=H1-1-1;130822679=H1-1;130831393=H1-1-2;130843861=H1-2;130866320=H1-4
chr15:98219797-98295356	8	75559	gain	full_tree	H1	5	2	B_spannable_pairwise	CN-altered(?)	98219797=H1-3;98238726=H1-2;98268664=H1-1-1;98268665=H1-1;98295356=H1-4
chr7:77221056-77286237	7	65181	gain	full_tree	H2	6	2	B_spannable_pairwise	CN-altered(?)	77221056=H2-4;77232971=H2-1;77250087=H2-1-1;77261090=H2-5;77279333=H2-3;77286237=H2-2
chr8:127455628-127561682	7	106054	gain	full_tree	H2	7	2	C_chained_statistical	CN-altered(?)	127455628=H2-4;127467931=H2-2;127503108=H2-1-1;127535738=H2-1;127542511=H2-5;127559091=H2-3;127561682=H2-6
chr11:72772505-72852025	7	79520	loh	full_tree	H2	7	2	C_chained_statistical	yes	72772505=H2-5;72784797=H2-1;72811582=H2-1-1;72822508=H2-3;72839990=H2-4;72844141=H2-4-1;72852025=H2-2
chr10:126115803-126180777	6	64974	gain	full_tree	H1	6	2	B_spannable_pairwise	CN-altered(?)	126115803=H1-2;126139597=H1-2-1;126159934=H1-1-1;126162928=H1-3;126172499=H1-1;126180777=H1-1-2
chr13:85328074-85386596	6	58522	loh	full_tree	H2,H?	5	2	B_spannable_pairwise	yes	85328074=H2-2-1;85332389=H2-2;85347730=H2-1;85348298=H2-1-1;85363423=H2-3
chr5:15828715-15864275	5	35560	gain	full_tree	H1	5	2	B_spannable_pairwise	CN-altered(?)	15828715=H1-2;15844472=H1-3;15859684=H1-1-1;15862861=H1-1;15864275=H1-2-1
chr7:114574249-114619099	5	44850	gain	full_tree	H2	5	2	B_spannable_pairwise	CN-altered(?)	114574249=H2-2-1;114578247=H2-3;114601511=H2-2;114605732=H2-1;114619099=H2-1-1
chr8:82774103-82979226	103	205123	gain	full_tree	H1,H2	6	2	C_chained_statistical	CN-altered(?)	82843318=H1-1;82844652=H1-4-1;82846101=H1-4;82849640=H1-3;82863123=H1-2;82906029=H1-3-1
chr9:61549997-61611568	22	61571	gain	full_tree	H1	9	4	B_spannable_pairwise	CN-altered(?)	61584302=H1-2-1-1;61584960=H1-2;61584973=H1-2-1;61585051=H1-4;61608494=H1-1;61610464=H1-1-1;61611166=H1-3;61611316=H1-1-1-1-1;61611568=H1-1-1-1
chr8:83081109-83144326	17	63217	gain	full_tree	H1,H2	7	2	B_spannable_pairwise	CN-altered(?)	83089845=H1-1-1;83128414=H1-2;83132705=H1-1-2;83137861=H1-1;83138657=H1-3-1;83144029=H1-4;83144326=H1-3
chr20:51693765-51960304	14	266539	gain	full_tree	H1,H2,H?	10	3	C_chained_statistical	CN-altered(?)	51693765=H1-1-1;51700594=H1-1;51798293=H1-6;51830164=H1-2;51859217=H1-4-1;51869898=H1-4;51907072=H1-3-1-1;51913982=H1-5;51920446=H1-3-1;51960304=H1-3
chr1:203590645-203741500	10	150855	gain	full_tree	H2	7	2	C_chained_statistical	CN-altered(?)	203622240=H2-4;203650970=H2-2-1;203682171=H2-2;203696176=H2-3;203712146=H2-1-1;203738594=H2-1-2;203741500=H2-1
chr7:136782712-136890895	9	108183	gain	full_tree	H2	5	4	C_chained_statistical	CN-altered(?)	136854066=H2-1-1;136855674=H2-1;136856538=H2-1-1-1;136856539=H2-1-1-1-1;136881718=H2-2
chr8:123723614-123906194	9	182580	gain	sibling_only	H1	9	1	C_chained_statistical	CN-altered(?)	123723614=H1-2;123736465=H1-9;123768988=H1-1;123772432=H1-5;123816569=H1-4;123826280=H1-3;123856031=H1-8;123869266=H1-6;123906194=H1-7
chr6:93070553-93159837	8	89284	loss	full_tree	H2	5	2	C_chained_statistical	CN-altered(?)	93070787=H2-3;93071147=H2-4;93075267=H2-2;93082137=H2-2-1;93094264=H2-1
chr6:93823286-93853447	8	30161	loss	full_tree	H2	6	2	B_spannable_pairwise	CN-altered(?)	93826061=H2-2-1;93827426=H2-4;93828246=H2-2;93828504=H2-3;93840061=H2-1-1;93853447=H2-1
chr7:115160719-115319536	8	158817	gain	full_tree	H2	7	2	C_chained_statistical	CN-altered(?)	115160719=H2-2-1;115175509=H2-4;115178925=H2-2;115208892=H2-3;115219977=H2-1-2;115255698=H2-1;115285365=H2-1-1
chr8:68266581-68357610	8	91029	gain	full_tree	H1	5	2	C_chained_statistical	CN-altered(?)	68318169=H1-1;68329720=H1-2-1;68345577=H1-2;68350838=H1-4;68357610=H1-3
chr8:92429614-92548980	7	119366	loh	full_tree	H1	5	3	C_chained_statistical	yes	92429614=H1-1-3-1;92429615=H1-1-3;92454646=H1-1;92456466=H1-1-2;92473172=H1-1-1
chr8:95739146-95826445	7	87299	loh	sibling_only	H1,H?	7	1	C_chained_statistical	yes	95739146=H1-6;95742113=H1-4;95754413=H1-2;95761706=H1-5;95788249=H1-1;95810957=H1-3;95826445=H1-7
chr8:107497939-107592172	7	94233	gain	full_tree	H2	6	2	C_chained_statistical	CN-altered(?)	107497939=H2-3-1;107500106=H2-3;107528076=H2-2-1;107532155=H2-2;107572168=H2-1;107592172=H2-1-1
chr8:134821851-134970699	7	148848	gain	full_tree	H1	6	2	C_chained_statistical	CN-altered(?)	134821851=H1-2;134876717=H1-1-1;134907459=H1-1;134942250=H1-5;134943904=H1-4;134970699=H1-3
chr12:11433195-11495124	6	61929	gain	full_tree	H1	5	4	B_spannable_pairwise	CN-altered(?)	11457742=H1-2;11483521=H1-1-1-1-1;11484372=H1-1-1;11484879=H1-1-1-1;11495124=H1-1
chr14:94572487-94624220	5	51733	gain	full_tree	H2	5	2	B_spannable_pairwise	CN-altered(?)	94572487=H2-3;94593497=H2-2;94600182=H2-1;94622850=H2-1-1;94624220=H2-4
chr17:49106443-49281119	19	174676	loh	full_tree	H1,H2	10	2	C_chained_statistical	yes	49162011=H2-3-1;49162285=H2-3;49163522=H2-5;49216544=H2-2;49229244=H2-4-1;49229971=H2-4-2;49231645=H2-1;49249110=H2-4;49273206=H2-6-1;49281119=H2-6
chr14:19725785-19947761	16	221976	gain	full_tree	H1	6	2	C_chained_statistical	CN-altered(?)	19827022=H1-1-1;19832968=H1-1;19858061=H1-5;19893178=H1-4;19925953=H1-2;19930962=H1-3
chr15:69618314-69831359	14	213045	gain	full_tree	H1,H2	8	2	C_chained_statistical	CN-altered(?)	69635745=H2-3-2;69658185=H2-3;69683296=H2-3-1;69726834=H2-2-1;69727125=H2-4;69769459=H2-2;69831049=H2-1-1;69831359=H2-1
chr8:85865603-86010108	13	144505	loh	full_tree	H1,H2	10	3	C_chained_statistical	yes	85898915=H1-2;85911146=H1-4-1-1;85912839=H1-3;85916656=H1-4;85923535=H1-4-1;85943164=H1-5;85945775=H1-5-1;85963726=H1-1-2;85989900=H1-1;86010108=H1-1-1
chr7:153162818-153385238	12	222420	gain	full_tree	H2,H?	7	2	C_chained_statistical	CN-altered(?)	153201261=H2-6;153230764=H2-2-1;153255352=H2-2;153309990=H2-4;153338293=H2-3;153358234=H2-5;153373483=H2-1
chr8:72157099-72448104	11	291005	gain	sibling_only	H2	8	1	C_chained_statistical	CN-altered(?)	72157099=H2-5;72209256=H2-4;72245756=H2-3;72270753=H2-2;72305706=H2-1;72428799=H2-7;72432719=H2-8;72448104=H2-6
chr8:96203865-96369821	11	165956	loh	full_tree	H1,H3?	9	2	C_chained_statistical	yes	96203865=H1-4;96205735=H1-3;96207129=H1-6-1;96211033=H1-6;96293754=H1-1-2;96305927=H1-1-1;96310362=H1-1;96349692=H1-5;96369821=H1-2
chr8:123530673-123650301	11	119628	gain	full_tree	H1,H3?	6	2	C_chained_statistical	CN-altered(?)	123567069=H1-2-1;123569578=H1-2;123586070=H1-3;123598097=H1-1;123613415=H1-4;123650301=H1-3-1
chr7:57107302-57263595	10	156293	gain	full_tree	H2	5	2	C_chained_statistical	CN-altered(?)	57138524=H2-2;57153341=H2-1-1;57153344=H2-1;57177915=H2-4;57192540=H2-3
chr20:56455978-56486996	10	31018	gain	full_tree	H1,H2,H3?	9	4	B_spannable_pairwise	CN-altered(?)	56455978=H1-3-1;56458420=H1-3-1-1-1;56458657=H1-4;56458800=H1-4-1;56459886=H1-2;56460309=H1-3-1-1;56467010=H1-3;56470269=H1-1;56486996=H1-1-1
chr6:70541222-70728672	9	187450	gain	full_tree	H2	7	2	C_chained_statistical	CN-altered(?)	70590862=H2-4;70612324=H2-6;70624466=H2-2;70664429=H2-5;70694098=H2-1-1;70708210=H2-1;70728672=H2-3
chr7:148012080-148151764	9	139684	gain	full_tree	H2,H3?	8	2	C_chained_statistical	CN-altered(?)	148028949=H2-5-1;148041193=H2-5;148090567=H2-3;148096192=H2-4;148103944=H2-1-1;148129259=H2-1;148129695=H2-2;148151764=H2-1-2
chr2:41021690-41081896	8	60206	loh	full_tree	H2	5	3	B_spannable_pairwise	yes	41021690=H2-1-1-1;41042875=H2-1-1;41059662=H2-2;41061521=H2-1;41081896=H2-1-2
chr12:1819806-1970848	8	151042	gain	full_tree	H1	8	2	C_chained_statistical	CN-altered(?)	1819806=H1-4-1;1826286=H1-4;1853747=H1-4-2;1872956=H1-2;1922105=H1-5;1927908=H1-3;1948574=H1-1;1970848=H1-1-1
chr4:3380268-3485510	7	105242	loh	full_tree	H1	7	2	C_chained_statistical	yes	3380268=H1-3;3398283=H1-2-1;3417681=H1-2;3443654=H1-1;3465100=H1-1-1;3484419=H1-4-1;3485510=H1-4
chr6:117168266-117319674	7	151408	gain	full_tree	H2	6	3	C_chained_statistical	CN-altered(?)	117213093=H2-4;117245153=H2-1;117277153=H2-2-1-1;117281232=H2-3;117303454=H2-2-1;117319674=H2-2
chr7:130685570-130783783	7	98213	gain	full_tree	H2	6	2	C_chained_statistical	CN-altered(?)	130685570=H2-2-1;130686475=H2-1;130690775=H2-2;130709964=H2-2-2;130737379=H2-3-1;130758215=H2-3
chr1:88382665-88442235	6	59570	gain	full_tree	H1	6	2	B_spannable_pairwise	CN-altered(?)	88382665=H1-4;88389944=H1-5;88417321=H1-3;88417671=H1-1;88417705=H1-2;88442235=H1-1-1
chr2:29357843-29397480	6	39637	loh	full_tree	H1	5	4	B_spannable_pairwise	yes	29357843=H1-2;29364500=H1-1-1-1-1;29377030=H1-1-1-1;29391570=H1-1-1;29397480=H1-1
chr4:18469698-18477035	6	7337	loss	full_tree	H1	6	3	B_spannable_pairwise	CN-altered(?)	18469698=H1-2-1;18471482=H1-1;18472230=H1-3;18474283=H1-4;18474879=H1-2;18477035=H1-4-1
chr5:146038132-146125355	6	87223	gain	full_tree	H1	6	3	C_chained_statistical	CN-altered(?)	146038132=H1-3;146057445=H1-2;146102132=H1-1;146105338=H1-1-1;146110070=H1-1-1-1;146125355=H1-1-2
chr5:177454599-177499283	6	44684	loh	full_tree	H2	5	3	B_spannable_pairwise	yes	177454599=H2-1-1;177460556=H2-1-2;177463804=H2-1;177478968=H2-1-1-1;177499283=H2-2
chr6:72562456-72653956	6	91500	gain	sibling_only	H2	4	1	C_chained_statistical	CN-altered(?)	72587526=H2-3;72596393=H2-1;72603666=H2-2;72609759=H2-4
chr8:91811435-91857740	6	46305	loh	full_tree	H1,H?	5	2	B_spannable_pairwise	yes	91811435=H1-2;91848255=H1-4;91852519=H1-3-1;91857267=H1-1;91857740=H1-3
chr8:96851201-96961655	6	110454	loh	full_tree	H2	6	2	C_chained_statistical	yes	96851201=H2-1;96879305=H2-2;96885500=H2-1-1;96891281=H2-4;96933417=H2-3;96961655=H2-3-1
chr8:132099309-132141243	6	41934	gain	sibling_only	H2	4	1	B_spannable_pairwise	CN-altered(?)	132107980=H2-2;132114881=H2-3;132115985=H2-4;132141243=H2-1
chr8:138737577-138801072	6	63495	gain	sibling_only	H1	5	1	B_spannable_pairwise	CN-altered(?)	138737577=H1-5;138746692=H1-3;138790655=H1-1;138793157=H1-4;138801072=H1-2
chr8:140721748-140824899	6	103151	gain	sibling_only	H2	4	1	C_chained_statistical	CN-altered(?)	140805052=H2-2;140805454=H2-1;140818848=H2-3;140824899=H2-4
chr14:103296478-103365547	6	69069	gain	full_tree	H1	6	2	B_spannable_pairwise	CN-altered(?)	103296478=H1-2-2;103310533=H1-2;103329965=H1-1-1;103351193=H1-1;103365401=H1-1-3;103365547=H1-1-2
chr6:76021888-76088081	5	66193	gain	full_tree	H1	5	2	B_spannable_pairwise	CN-altered(?)	76021888=H1-1;76035202=H1-1-1;76055534=H1-3;76088080=H1-2;76088081=H1-2-1
chr7:81417112-81481147	5	64035	gain	full_tree	H3?	4	2	B_spannable_pairwise	CN-altered(?)	81452257=H3?-1-1;81461852=H3?-2;81473306=H3?-1;81481147=H3?-3
chr14:94727039-94782570	5	55531	gain	full_tree	H2	5	2	B_spannable_pairwise	CN-altered(?)	94727039=H2-2;94752284=H2-2-1;94765504=H2-1-1;94781156=H2-3;94782570=H2-1
chr17:18963762-19012906	5	49144	gain	full_tree	H1	5	3	B_spannable_pairwise	CN-altered(?)	18963762=H1-2;18986516=H1-1-2;18986603=H1-1-1;18988513=H1-1-2-1;19012906=H1-1
chr18:59490547-59532814	5	42267	loss	full_tree	H1	4	2	B_spannable_pairwise	CN-altered(?)	59516312=H1-2-1;59522007=H1-2;59529165=H1-1-1;59532814=H1-1
chr2:116785434-116804857	4	19423	loh	full_tree	H1	4	2	B_spannable_pairwise	yes	116785434=H1-2;116789646=H1-3;116804856=H1-1;116804857=H1-1-1
chr5:143365207-143380775	4	15568	gain	full_tree	H1	4	2	A_single_molecule	CN-altered(?)	143365207=H1-1;143374587=H1-3;143374690=H1-2-1;143380775=H1-2
chr8:116013052-116032261	4	19209	gain	full_tree	H2	4	2	A_single_molecule	CN-altered(?)	116013052=H2-1;116015281=H2-2;116017700=H2-3;116032261=H2-3-1
chr8:139955071-139985821	4	30750	gain	sibling_only	H1	4	1	A_single_molecule	CN-altered(?)	139955071=H1-2;139957772=H1-1;139969595=H1-4;139985821=H1-3
chr13:73095753-73117831	4	22078	loh	full_tree	H2	4	2	B_spannable_pairwise	yes	73095753=H2-3-1;73100078=H2-3;73101061=H2-2;73117831=H2-1
chr2:44942972-45044814	46	101842	gain	full_tree	H1,H3?	6	2	C_chained_statistical	CN-altered(?)	44943065=H1-1-1;44955344=H1-1-3;44991831=H1-2-1;44991945=H1-2;45037974=H1-1;45044814=H1-1-2
chr2:206859990-207001066	39	141076	neutral	full_tree	H1	5	3	C_chained_statistical	yes	206883698=H1-1-1-1;206887975=H1-1;206978608=H1-1-1;206999526=H1-2-1;207001066=H1-2
chr4:36928484-37181000	17	252516	gain	full_tree	H1,H2	10	2	C_chained_statistical	CN-altered(?)	36928484=H2-1;36936520=H2-1-1;36972018=H2-2;36975286=H2-4-1;36984881=H2-7;36993165=H2-4;37033058=H2-5;37057370=H2-6;37086514=H2-3-1;37087585=H2-3
chr11:10556815-10803184	16	246369	loh	full_tree	H1,H3?	9	2	C_chained_statistical	yes	10639095=H1-2-1;10647060=H1-2;10695599=H1-5;10704561=H1-5-1;10705526=H1-3;10738554=H1-1;10742695=H1-1-1;10783609=H1-4-1;10803184=H1-4
chr7:115759008-116048065	14	289057	gain	full_tree	H1,H2	7	2	C_chained_statistical	CN-altered(?)	115793235=H1-3-1;115793718=H1-3;115836490=H1-4;115853309=H1-5;115874877=H1-2;115998526=H1-1;116006861=H1-1-1
chr3:181593242-181824444	13	231202	gain	sibling_only	H1	7	1	C_chained_statistical	CN-altered(?)	181638195=H1-4;181650928=H1-7;181676604=H1-5;181696093=H1-3;181788286=H1-2;181803853=H1-6;181824444=H1-1
chr7:113360894-113557659	13	196765	gain	full_tree	H2	6	3	C_chained_statistical	CN-altered(?)	113397336=H2-3;113415109=H2-3-1;113504194=H2-2;113530916=H2-1-1-1;113530917=H2-1-1;113557659=H2-1
chr17:72196932-72391712	12	194780	gain	full_tree	H2	8	2	C_chained_statistical	CN-altered(?)	72196932=H2-4;72215305=H2-5;72224109=H2-6;72280686=H2-1-1;72285027=H2-1;72286452=H2-1-2;72391620=H2-2;72391712=H2-3
chr2:189984375-190158792	11	174417	gain	linear_nested	H2	7	4	C_chained_statistical	CN-altered(?)	189984375=H2-1-1;190000610=H2-1;190141961=H2-2-1-1-1;190156041=H2-2-1-1;190156366=H2-2;190158548=H2-2-1;190158792=H2-3
chr7:94940689-95148679	11	207990	gain	full_tree	H1,H2	7	3	C_chained_statistical	CN-altered(?)	94971288=H2-4;94990882=H2-3-1-1;95016116=H2-3-1;95029514=H2-3;95096467=H2-2;95124306=H2-1-1;95148679=H2-1
chr1:44052632-44244126	10	191494	gain	full_tree	H2	7	2	C_chained_statistical	CN-altered(?)	44052632=H2-1-1;44077844=H2-1;44130827=H2-3;44134367=H2-3-1;44219594=H2-4;44229674=H2-2;44244126=H2-2-1
chr8:103828771-104001325	10	172554	gain	full_tree	H2	8	2	C_chained_statistical	CN-altered(?)	103828771=H2-6;103854876=H2-5;103863465=H2-4;103911033=H2-2-1;103925224=H2-2;103927153=H2-3;103971076=H2-1;104001325=H2-7
chr8:120806397-120967567	10	161170	gain	full_tree	H2,H3?,H?	7	2	C_chained_statistical	CN-altered(?)	120806397=H2-1;120821672=H2-4;120857384=H2-6;120894688=H2-2-1;120910695=H2-2;120942444=H2-5;120967567=H2-3
chr8:125286225-125451034	10	164809	gain	inconsistent	H2	6	3	incompatible(cycle)	CN-altered(?)	125378941=H2-1;125399884=H2-2-1-1;125436371=H2-2;125436372=H2-2-1
chr12:10191484-10299688	10	108204	gain	full_tree	H1,H2	8	2	C_chained_statistical	CN-altered(?)	10191484=H1-1;10213914=H1-5-1;10229615=H1-5;10231265=H1-4-1;10234369=H1-4;10248527=H1-2;10291245=H1-3;10299688=H1-3-1
chr15:89194548-89373432	10	178884	gain	sibling_only	H1,H?	8	1	C_chained_statistical	CN-altered(?)	89194548=H1-6;89223089=H1-2;89266452=H1-4;89275618=H1-1;89305954=H1-5;89342624=H1-7;89369159=H1-3;89373432=H1-8
chr2:180271572-180381487	9	109915	gain	full_tree	H1	5	3	C_chained_statistical	CN-altered(?)	180289965=H1-2-1;180300800=H1-2;180303132=H1-1-1-1;180309788=H1-1-1;180361770=H1-1
chr3:71327944-71329696	9	1752	neutral	linear_nested	H2	6	5	A_single_molecule	yes	71328028=H2-1-1;71328321=H2-1-1-1-1-1;71328545=H2-1-1-1-1;71328546=H2-1-1-1;71329130=H2-2;71329696=H2-1
chr8:54889935-55048578	9	158643	loh	full_tree	H1	7	2	C_chained_statistical	yes	54889935=H1-6;54908498=H1-1;54923901=H1-1-1;54973260=H1-2;55018742=H1-4;55046245=H1-3;55048578=H1-5
chr8:93037093-93104808	9	67715	loh	full_tree	H2,H3?	8	2	B_spannable_pairwise	yes	93037093=H2-1;93037591=H2-3;93037829=H2-1-1;93069501=H2-2;93073506=H2-5;93095985=H2-6;93100542=H2-6-1;93104808=H2-4
chr14:87154505-87332700	9	178195	gain	linear_nested	H1,H2	8	3	C_chained_statistical	CN-altered(?)	87154505=H1-2-1;87190379=H1-2;87208557=H1-3;87224877=H1-3-1;87240885=H1-1-2;87270334=H1-1;87303816=H1-1-1;87332700=H1-1-1-1
chr18:56232965-56418071	9	185106	gain	full_tree	H1,H2,H?	7	2	C_chained_statistical	CN-altered(?)	56232965=H2-4;56270585=H2-2;56285433=H2-3-1;56285434=H2-3;56390403=H2-1;56407207=H2-1-1;56418071=H2-1-2
chr1:115939392-116066164	8	126772	loh	sibling_only	H1	5	1	C_chained_statistical	yes	116004724=H1-5;116019070=H1-4;116022575=H1-3;116047562=H1-1;116066164=H1-2
chr3:22156499-22295365	8	138866	gain	linear_nested	H1	5	3	C_chained_statistical	CN-altered(?)	22156499=H1-1-1-2;22192665=H1-1-1;22195562=H1-1-2;22203284=H1-1;22216136=H1-1-1-1
chr7:61826030-61921222	8	95192	gain	full_tree	H2	5	2	C_chained_statistical	CN-altered(?)	61826030=H2-1-1;61847512=H2-1;61867026=H2-1-2;61890571=H2-2;61896047=H2-2-2
chr7:99208330-99283250	8	74920	gain	full_tree	H3?	4	2	B_spannable_pairwise	CN-altered(?)	99208962=H3?-1;99233501=H3?-3-1;99233503=H3?-3;99248503=H3?-2
chr7:117350682-117462917	8	112235	gain	full_tree	H1	5	2	C_chained_statistical	CN-altered(?)	117397565=H1-3;117405830=H1-2;117434244=H1-2-1;117454132=H1-1;117462917=H1-1-1
chr7:150684373-150795289	8	110916	gain	full_tree	H2	6	3	C_chained_statistical	CN-altered(?)	150695444=H2-3;150696960=H2-4;150737126=H2-2;150750152=H2-1-1-1;150778621=H2-1-1;150795289=H2-1
chr12:18691060-18774516	8	83456	gain	sibling_only	H2	4	1	C_chained_statistical	CN-altered(?)	18752994=H2-1;18753424=H2-3;18763652=H2-4;18774516=H2-2
chr12:83347280-83443271	8	95991	loh	full_tree	H2	6	2	C_chained_statistical	yes	83347280=H2-2-1;83349640=H2-2;83364377=H2-4;83387746=H2-1;83398568=H2-5;83411173=H2-3
chr17:17288847-17365362	8	76515	gain	sibling_only	H2,H3?	7	1	C_chained_statistical	CN-altered(?)	17288847=H2-4;17298460=H2-5;17318960=H2-6;17330763=H2-2;17340778=H2-7;17357257=H2-1;17365362=H2-3
chr22:24242507-24351743	8	109236	gain	full_tree	H1,H2	6	3	C_chained_statistical	CN-altered(?)	24283632=H2-2-1-1;24306078=H2-1-1;24324120=H2-2-1;24326010=H2-1;24333341=H2-1-2;24351743=H2-2
chr1:49461119-49583594	7	122475	gain	full_tree	H1,H3?	7	2	C_chained_statistical	CN-altered(?)	49461119=H1-1-1;49478373=H1-1;49480675=H1-3;49525159=H1-4;49554066=H1-4-1;49580674=H1-2;49583594=H1-5
chr1:111671634-111778848	7	107214	loh	full_tree	H1	7	2	C_chained_statistical	yes	111671634=H1-5-1;111674356=H1-5;111691678=H1-4;111715169=H1-2;111715329=H1-2-1;111752298=H1-3;111778848=H1-1
chr6:121417235-121513489	7	96254	gain	full_tree	H1	5	3	C_chained_statistical	CN-altered(?)	121417235=H1-3;121445476=H1-2-1-1;121450030=H1-1;121502870=H1-2-1;121513489=H1-2
chr7:57765623-57826044	7	60421	gain	full_tree	H1	6	2	B_spannable_pairwise	CN-altered(?)	57765623=H1-1-1;57770350=H1-1;57770663=H1-2;57772902=H1-1-2;57818974=H1-3;57826044=H1-3-1
chr15:84562921-84623208	7	60287	gain	full_tree	H1	4	2	B_spannable_pairwise	CN-altered(?)	84601362=H1-1;84609758=H1-3;84615247=H1-2;84623208=H1-2-1
chr16:11614033-11716211	7	102178	gain	full_tree	H2	4	2	C_chained_statistical	CN-altered(?)	11649017=H2-1;11685610=H2-1-1;11686966=H2-1-2;11716211=H2-2
chr16:15933653-16062429	7	128776	gain	full_tree	H2	5	3	C_chained_statistical	CN-altered(?)	15933653=H2-1-1-1;15941611=H2-1-1;15967666=H2-1;15992947=H2-1-2;16035984=H2-2
chr18:8758132-8836715	7	78583	loh	linear_nested	H1	7	3	C_chained_statistical	yes	8758132=H1-2;8777675=H1-2-1;8800735=H1-1-2-1;8828752=H1-1-2;8830196=H1-1;8832586=H1-1-1;8836715=H1-1-3
chr19:51782649-51863021	7	80372	loh	full_tree	H2	6	3	C_chained_statistical	yes	51782649=H2-1-1;51791306=H2-3;51805528=H2-1;51841942=H2-2;51843761=H2-2-1;51863021=H2-2-1-1
chr3:121801708-121842653	6	40945	loh	full_tree	H1	4	3	B_spannable_pairwise	yes	121824737=H1-1;121840064=H1-2;121842051=H1-2-1;121842653=H1-2-1-1
chr5:20835300-20903726	6	68426	gain	full_tree	H1,H2	6	3	B_spannable_pairwise	CN-altered(?)	20835300=H1-2-1-2;20855689=H1-2-1;20860762=H1-2;20869275=H1-2-1-1;20896776=H1-1-1;20903726=H1-1
chr5:114336455-114432771	6	96316	loh	full_tree	H1,H?	6	2	C_chained_statistical	yes	114336455=H1-2;114355114=H1-2-1;114375978=H1-3-2;114378433=H1-3;114412965=H1-4;114432771=H1-1
chr5:145553605-145662752	6	109147	gain	full_tree	H1	6	2	C_chained_statistical	CN-altered(?)	145553605=H1-2-1;145566230=H1-3;145567180=H1-2;145613426=H1-4;145638371=H1-1;145662752=H1-1-1
chr7:98036577-98089743	6	53166	gain	full_tree	H1	4	2	B_spannable_pairwise	CN-altered(?)	98036577=H1-1;98046232=H1-2-1;98057338=H1-3;98078853=H1-2
chr8:90123770-90206160	6	82390	loh	full_tree	H2	6	2	C_chained_statistical	yes	90123770=H2-1-1;90129353=H2-1;90173425=H2-4;90185831=H2-5;90199488=H2-2;90206160=H2-3
chr8:111950805-112037891	6	87086	gain	full_tree	H1	4	2	C_chained_statistical	CN-altered(?)	111969804=H1-1-1;111987337=H1-1;111988686=H1-1-3;112037891=H1-1-2
chr8:120549667-120631325	6	81658	gain	full_tree	H1	5	2	C_chained_statistical	CN-altered(?)	120549667=H1-2;120553115=H1-1;120580274=H1-4;120589774=H1-3-1;120595253=H1-3
chr10:43877885-43970775	6	92890	gain	full_tree	H2	6	2	C_chained_statistical	CN-altered(?)	43877885=H2-3-1;43877886=H2-3;43922719=H2-1-1;43943820=H2-1;43951810=H2-2;43970775=H2-1-2
chr12:4923316-5025213	6	101897	gain	full_tree	H1	5	3	C_chained_statistical	CN-altered(?)	4923316=H1-1;4946604=H1-1-1;4947411=H1-1-1-1;4971186=H1-3;4981339=H1-2
chr15:87121897-87208493	6	86596	gain	full_tree	H1	4	2	C_chained_statistical	CN-altered(?)	87154773=H1-1;87174474=H1-3-1;87174475=H1-3;87208493=H1-2
chr1:87520100-87558140	5	38040	gain	full_tree	H1	4	2	B_spannable_pairwise	CN-altered(?)	87535957=H1-3;87546409=H1-2;87549778=H1-2-1;87558140=H1-1
chr2:112563386-112598172	5	34786	loss	full_tree	H1,H?	4	2	B_spannable_pairwise	CN-altered(?)	112583741=H1-1;112584781=H1-1-1;112589334=H1-2;112598172=H1-3
chr3:113864131-113890853	5	26722	loh	full_tree	H2	5	2	B_spannable_pairwise	yes	113864131=H2-3;113864132=H2-3-1;113879362=H2-1-1;113889926=H2-1;113890853=H2-2
chr3:127912458-127986757	5	74299	loh	full_tree	H1	5	2	B_spannable_pairwise	yes	127912458=H1-3;127948631=H1-2;127962164=H1-1-1;127981978=H1-1-2;127986757=H1-1
chr4:175360011-175402051	5	42040	loh	full_tree	H1	4	2	B_spannable_pairwise	yes	175360011=H1-1;175374700=H1-3;175377006=H1-2;175386665=H1-1-1
chr5:164484486-164559111	5	74625	loh	full_tree	H2	5	2	B_spannable_pairwise	yes	164484486=H2-1;164486037=H2-1-2;164505894=H2-1-1;164535210=H2-3;164559111=H2-2
chr7:114357453-114407755	5	50302	gain	full_tree	H2	5	2	B_spannable_pairwise	CN-altered(?)	114357453=H2-2;114357454=H2-3;114375649=H2-4;114399847=H2-1;114407755=H2-1-1
chr8:13609084-13652110	5	43026	loh	full_tree	H2	5	2	B_spannable_pairwise	yes	13609084=H2-3-1;13610951=H2-3;13625113=H2-1;13634963=H2-1-1;13652110=H2-2
chr8:112261350-112317882	5	56532	gain	full_tree	H1	4	2	B_spannable_pairwise	CN-altered(?)	112261350=H1-1;112261351=H1-2;112275329=H1-3;112280556=H1-1-1
chr14:84245108-84294623	5	49515	gain	sibling_only	H2	4	1	B_spannable_pairwise	CN-altered(?)	84245108=H2-4;84256626=H2-3;84259260=H2-2;84280874=H2-1
chr14:93570734-93647512	5	76778	gain	full_tree	H1	4	2	C_chained_statistical	CN-altered(?)	93570734=H1-1;93607753=H1-3;93621382=H1-2;93647512=H1-1-1
chr19:51245519-51294731	5	49212	loh	full_tree	H1	4	2	B_spannable_pairwise	yes	51245519=H1-3;51275291=H1-2;51276044=H1-2-1;51294731=H1-1
chr1:192658596-192692479	4	33883	gain	full_tree	H1	4	2	B_spannable_pairwise	CN-altered(?)	192658596=H1-2;192676209=H1-3-1;192678769=H1-3;192692479=H1-1
chr4:116422502-116451126	4	28624	gain	full_tree	H1	4	3	B_spannable_pairwise	CN-altered(?)	116422502=H1-1-2;116432059=H1-1-2-1;116436064=H1-1-1;116451126=H1-1
chr5:109588573-109589616	4	1043	loh	full_tree	H1	4	2	A_single_molecule	yes	109588573=H1-2-1;109589113=H1-2;109589392=H1-3;109589616=H1-1
chr7:103007078-103034754	4	27676	gain	full_tree	H2	4	2	A_single_molecule	CN-altered(?)	103007078=H2-2;103017505=H2-3;103019127=H2-1;103034754=H2-2-1
chr8:52128513-52141343	4	12830	gain	full_tree	H1	4	2	A_single_molecule	CN-altered(?)	52128513=H1-2;52130929=H1-1-2;52141295=H1-1-1;52141343=H1-1
chr8:68867094-68889708	4	22614	gain	full_tree	H1	4	3	A_single_molecule	CN-altered(?)	68867094=H1-1-2-1;68869680=H1-1-2;68878120=H1-1;68889708=H1-1-1
chr8:91291447-91300345	4	8898	loh	full_tree	H1	4	3	A_single_molecule	yes	91291447=H1-1;91298396=H1-1-2;91298397=H1-1-2-1;91300345=H1-1-1
chr8:112695319-112715314	4	19995	gain	full_tree	H1	4	2	A_single_molecule	CN-altered(?)	112695319=H1-1-2;112699145=H1-1-1;112702762=H1-1;112715314=H1-1-3
chr8:132411612-132453573	4	41961	gain	sibling_only	H2	4	1	B_spannable_pairwise	CN-altered(?)	132411612=H2-4;132437248=H2-1;132441306=H2-3;132453573=H2-2
chr11:70879255-70888432	4	9177	loh	full_tree	H2	4	2	A_single_molecule	yes	70879255=H2-1;70884604=H2-2-1;70885792=H2-2;70888432=H2-3
chr12:85399502-85442483	4	42981	loh	full_tree	H1	4	2	B_spannable_pairwise	yes	85399502=H1-1;85421267=H1-3;85421269=H1-3-1;85442483=H1-2
chr14:83058086-83100907	4	42821	gain	full_tree	H2	4	2	B_spannable_pairwise	CN-altered(?)	83058086=H2-1;83071446=H2-1-3;83085381=H2-1-1;83100907=H2-1-2
chr9:41777788-41804669	78	26881	gain	inconsistent	H1	5	3	incompatible(cycle)	CN-altered(?)	41786998=H1-2-1;41790213=H1-1;41800201=H1-2;41802512=H1-3;41802547=H1-1-1
chr17:79974466-80072284	65	97818	gain	inconsistent	H2	4	1	incompatible(cycle)	CN-altered(?)	80062263=H2-1;80072099=H2-2
chr20:29582840-29584694	20	1854	gain	linear_nested	H2	5	4	A_single_molecule	CN-altered(?)	29584233=H2-1-1-2;29584257=H2-1-1;29584355=H2-1;29584442=H2-1-1-1-1;29584694=H2-1-1-1
chr9:11867561-12135571	16	268010	gain	linear_nested	H1,H2	8	2	C_chained_statistical	CN-altered(?)	11929275=H2-4;11951964=H2-4-1;11987901=H2-3;11994232=H2-1-1;12004518=H2-3-1;12017179=H2-1;12051725=H2-2-1;12069823=H2-2
chr1:75234146-75273929	15	39783	loss	full_tree	H1	6	2	B_spannable_pairwise	CN-altered(?)	75234146=H1-1;75235996=H1-1-1;75240967=H1-2;75242844=H1-2-1;75273885=H1-3;75273929=H1-3-1
chr22:37164146-37436920	14	272774	gain	full_tree	H1	7	2	C_chained_statistical	CN-altered(?)	37213641=H1-4;37260989=H1-4-1;37276127=H1-2;37353377=H1-6;37374978=H1-5;37415471=H1-3;37436920=H1-1
chr4:121741574-121967401	11	225827	gain	full_tree	H2,H3?	5	2	C_chained_statistical	CN-altered(?)	121741574=H3?-1-1;121772175=H3?-1;121902255=H3?-2;121919310=H3?-3;121929368=H3?-2-1
chr20:58771335-58882287	11	110952	gain	full_tree	H1	4	2	C_chained_statistical	CN-altered(?)	58868189=H1-2-1;58868284=H1-1-1;58868285=H1-1;58869091=H1-2
chr3:78908824-78942562	10	33738	neutral	sibling_only	H1	5	1	A_single_molecule	yes	78908824=H1-5;78942025=H1-2;78942282=H1-3;78942348=H1-1;78942562=H1-4
chr7:89905348-90068612	10	163264	gain	full_tree	H1	6	2	C_chained_statistical	CN-altered(?)	89941053=H1-2;89956572=H1-5;89989799=H1-1;90006090=H1-1-1;90046841=H1-4;90068612=H1-3
chr7:109140682-109331590	10	190908	gain	full_tree	H1	5	2	C_chained_statistical	CN-altered(?)	109142118=H1-2;109160601=H1-4;109311852=H1-1-1;109329121=H1-3;109331590=H1-1
chr7:154185061-154433359	10	248298	gain	full_tree	H1,H2	8	2	C_chained_statistical	CN-altered(?)	154185803=H1-1;154194922=H1-1-1;154226769=H1-4;154244390=H1-4-1;154288247=H1-2;154320852=H1-5;154400040=H1-3-1;154433359=H1-3
chr10:44177502-44323860	10	146358	gain	full_tree	H1	5	2	C_chained_statistical	CN-altered(?)	44246287=H1-2;44260658=H1-1;44289699=H1-3;44318685=H1-3-1;44323860=H1-4
chr16:22198004-22305469	10	107465	gain	full_tree	H1	6	2	C_chained_statistical	CN-altered(?)	22216412=H1-1;22229631=H1-1-1;22252896=H1-4;22287859=H1-3;22290548=H1-2;22305469=H1-5
chr22:27499618-27761963	10	262345	gain	full_tree	H1	6	3	C_chained_statistical	CN-altered(?)	27528996=H1-1;27532462=H1-1-1;27568263=H1-1-1-1;27601060=H1-3;27664642=H1-2-1;27687637=H1-2
chr1:119227522-119389546	9	162024	gain	linear_nested	H1,H2	6	3	C_chained_statistical	CN-altered(?)	119227522=H1-1;119237316=H1-1-1;119244260=H1-1-1-1;119365028=H1-2-2;119365298=H1-2;119381606=H1-2-1
chr5:1737712-1862225	9	124513	gain	full_tree	H1,H2	7	2	C_chained_statistical	CN-altered(?)	1780329=H1-3;1807153=H1-4;1814505=H1-1;1828198=H1-1-1;1847949=H1-5;1851445=H1-2-1;1862225=H1-2
chr5:23811482-23945585	9	134103	gain	full_tree	H1	4	3	C_chained_statistical	CN-altered(?)	23919608=H1-2;23942790=H1-1;23944898=H1-1-1;23945585=H1-1-1-1
chr5:36618263-36731603	9	113340	gain	linear_nested	H1,H2	6	3	C_chained_statistical	CN-altered(?)	36651839=H2-1-1-2;36655022=H2-1;36663777=H2-1-1-1;36677592=H2-1-1;36700088=H2-2;36731603=H2-2-1
chr7:103239201-103407070	9	167869	gain	full_tree	H1,H2,H3?,H?	7	2	C_chained_statistical	CN-altered(?)	103239201=H3?-1;103242025=H3?-5;103273340=H3?-2;103340229=H3?-6;103343538=H3?-6-1;103370280=H3?-4;103407070=H3?-3
chr8:126001169-126193387	9	192218	gain	sibling_only	H2	6	1	C_chained_statistical	CN-altered(?)	126001169=H2-2;126015280=H2-6;126081995=H2-3;126124101=H2-5;126139098=H2-4;126168238=H2-1
chr10:37080804-37167628	9	86824	gain	full_tree	H2	6	3	C_chained_statistical	CN-altered(?)	37108069=H2-2;37125241=H2-1;37164712=H2-4;37164907=H2-3;37167330=H2-3-1-1;37167628=H2-3-1
chr11:63237318-63399705	9	162387	gain	inconsistent	H2	5	1	incompatible(cycle)	CN-altered(?)	63241221=H2-2;63256494=H2-3;63290370=H2-1
chr13:72776484-72844363	9	67879	loh	full_tree	H1,H2	6	2	B_spannable_pairwise	yes	72811551=H2-2-1;72812866=H2-2-2;72817219=H2-2;72829895=H2-3;72842579=H2-1;72844363=H2-1-1
chr16:17657887-17813459	9	155572	gain	full_tree	H1,H3?	5	2	C_chained_statistical	CN-altered(?)	17657887=H1-2;17660905=H1-3;17741483=H1-1;17753595=H1-4;17768713=H1-1-1
chr20:50997088-51163809	9	166721	gain	full_tree	H1	6	2	C_chained_statistical	CN-altered(?)	51019576=H1-4;51047250=H1-1;51078921=H1-1-1;51100039=H1-3;51148964=H1-2-1;51163809=H1-2
chr2:1428891-1560759	8	131868	gain	full_tree	H1,H2	6	2	C_chained_statistical	CN-altered(?)	1462159=H1-1-1;1492428=H1-1;1536797=H1-4;1536817=H1-5;1536940=H1-3;1560759=H1-2
chr2:176717438-176811462	8	94024	gain	linear_nested	H1,H2	7	2	C_chained_statistical	CN-altered(?)	176717438=H2-1-1;176760840=H2-1;176774025=H2-2;176781256=H2-2-1;176782719=H2-2-2;176793178=H2-3;176811462=H2-3-1
chr4:98851446-99015553	8	164107	gain	full_tree	H1,H2	5	2	C_chained_statistical	CN-altered(?)	98851446=H1-3;98864181=H1-2;98981391=H1-4-1;98986435=H1-4;99015553=H1-1
chr4:121338443-121478319	8	139876	gain	full_tree	H2	5	2	C_chained_statistical	CN-altered(?)	121338443=H2-2;121339548=H2-3;121351465=H2-2-1;121455478=H2-1-1;121478319=H2-1
chr4:189761845-189870604	8	108759	loh	linear_nested	H1	6	3	C_chained_statistical	yes	189761845=H1-3-1-1;189761879=H1-3-1;189761883=H1-3;189865484=H1-1;189870598=H1-2;189870604=H1-1-1
chr7:88690517-88789837	8	99320	gain	sibling_only	H1	5	1	C_chained_statistical	CN-altered(?)	88690517=H1-5;88693479=H1-4;88758720=H1-3;88774842=H1-2;88787564=H1-1
chr8:124775520-124928399	8	152879	gain	sibling_only	H1,H2	5	1	C_chained_statistical	CN-altered(?)	124775520=H1-1;124792274=H1-2;124805558=H1-5;124877290=H1-3;124917729=H1-4
chr8:132620729-132796121	8	175392	gain	full_tree	H1	5	2	C_chained_statistical	CN-altered(?)	132644600=H1-2;132653414=H1-1-1;132702186=H1-1;132768883=H1-3;132796121=H1-4
chr9:134310126-134393143	8	83017	gain	full_tree	H1	4	2	C_chained_statistical	CN-altered(?)	134336571=H1-2;134343292=H1-1-1;134353781=H1-1-2;134393143=H1-1
chr10:46665428-46668377	8	2949	gain	linear_nested	H1	5	3	A_single_molecule	CN-altered(?)	46665499=H1-1-1-1;46665985=H1-1-1-2;46666161=H1-1;46666604=H1-1-1;46668377=H1-1-1-3
chr20:31578940-31774405	8	195465	gain	full_tree	H2,H?	6	2	C_chained_statistical	CN-altered(?)	31656390=H2-3;31666142=H2-1-1;31691412=H2-1;31731686=H2-4;31750156=H2-5;31774405=H2-2
chr2:57099907-57195807	7	95900	gain	full_tree	H1,H2,H?	7	2	C_chained_statistical	CN-altered(?)	57099907=H2-1-1;57108615=H2-1;57132829=H2-1-2;57147169=H2-2;57147471=H2-2-1;57167590=H2-4;57195807=H2-3
chr3:130285026-130430574	7	145548	gain	full_tree	H1	6	2	C_chained_statistical	CN-altered(?)	130285026=H1-3;130294455=H1-5;130378236=H1-1;130409353=H1-1-1;130416983=H1-2;130430574=H1-4
chr3:132913773-133092112	7	178339	gain	full_tree	H1	6	2	C_chained_statistical	CN-altered(?)	132913773=H1-4;132936033=H1-1-1;132961306=H1-1;133007070=H1-5;133030482=H1-3;133054325=H1-2
chr5:37929417-38037379	7	107962	gain	full_tree	H1,H?	4	2	C_chained_statistical	CN-altered(?)	37929417=H1-2;37965867=H1-1-1;37969286=H1-1-2;38027954=H1-1
chr5:82806319-82909615	7	103296	loh	full_tree	H2	6	2	C_chained_statistical	yes	82806319=H2-2;82823645=H2-2-1;82846383=H2-3;82847765=H2-4;82892283=H2-1-1;82909615=H2-1
chr5:150079864-150207277	7	127413	gain	full_tree	H1	6	2	C_chained_statistical	CN-altered(?)	150080891=H1-1;150109953=H1-2-1;150137922=H1-2;150176075=H1-4;150204585=H1-3;150207277=H1-5
chr7:138771115-138850266	7	79151	gain	full_tree	H2	5	2	C_chained_statistical	CN-altered(?)	138771115=H2-2;138771116=H2-1;138783462=H2-4;138809843=H2-3-1;138850266=H2-3
chr8:124145488-124283118	7	137630	gain	sibling_only	H1	4	1	C_chained_statistical	CN-altered(?)	124173509=H1-3;124203811=H1-4;124238355=H1-1;124238979=H1-2
chr8:132914701-133044329	7	129628	gain	full_tree	H1	6	2	C_chained_statistical	CN-altered(?)	132948806=H1-1;132952570=H1-1-1;132999571=H1-5;133008798=H1-2;133036535=H1-4;133044329=H1-3
chr8:135064529-135219947	7	155418	gain	sibling_only	H1	7	1	C_chained_statistical	CN-altered(?)	135064529=H1-7;135092520=H1-2;135137632=H1-1;135149248=H1-3;135191681=H1-5;135211544=H1-4;135219947=H1-6
chr10:33798339-33890614	7	92275	gain	full_tree	H2	5	2	C_chained_statistical	CN-altered(?)	33798339=H2-2-2;33823254=H2-2;33829120=H2-2-1;33878961=H2-1-1;33890614=H2-1
chr12:3956732-4068986	7	112254	gain	full_tree	H1	7	2	C_chained_statistical	CN-altered(?)	3956732=H1-3;3977037=H1-5;4014744=H1-1-1;4023354=H1-1;4024857=H1-1-2;4067435=H1-2;4068986=H1-4
chr12:22248382-22345439	7	97057	gain	sibling_only	H1	5	1	C_chained_statistical	CN-altered(?)	22248382=H1-4;22264006=H1-2;22309070=H1-3;22311068=H1-1;22344283=H1-5
chr15:96565240-96697715	7	132475	gain	full_tree	H1,H2	5	2	C_chained_statistical	CN-altered(?)	96565240=H1-3;96588595=H1-1;96597180=H1-1-1;96695056=H1-2;96697715=H1-2-1
chr18:40686049-40805929	7	119880	gain	full_tree	H1,H2	5	2	C_chained_statistical	CN-altered(?)	40686049=H1-1;40695399=H1-2;40699268=H1-1-1;40720695=H1-2-1;40723447=H1-3
chr1:84737071-84807558	6	70487	gain	sibling_only	H2	5	1	B_spannable_pairwise	CN-altered(?)	84737071=H2-2;84755991=H2-5;84791846=H2-3;84804896=H2-4;84807558=H2-1
chr1:87858111-87986836	6	128725	gain	full_tree	H2	5	2	C_chained_statistical	CN-altered(?)	87894330=H2-1-2;87912746=H2-1;87941084=H2-1-1;87955511=H2-2;87986836=H2-3
chr3:90407867-90477097	6	69230	gain	full_tree	H2	5	2	B_spannable_pairwise	CN-altered(?)	90407867=H2-4;90431453=H2-1-1;90455111=H2-1;90455175=H2-2;90455281=H2-3
chr4:93910607-94021236	6	110629	gain	full_tree	H1,H2	6	2	C_chained_statistical	CN-altered(?)	93910607=H1-2;93910608=H1-2-1;93949998=H1-1;93968866=H1-4;94007664=H1-3-1;94021236=H1-3
chr4:108606546-108711083	6	104537	gain	full_tree	H3?	4	2	C_chained_statistical	CN-altered(?)	108606546=H3?-2;108615128=H3?-3;108623130=H3?-1-1;108650682=H3?-1
chr7:78051157-78139906	6	88749	gain	full_tree	H2	4	2	C_chained_statistical	CN-altered(?)	78051157=H2-1;78092402=H2-3;78109485=H2-2-1;78114716=H2-2
chr7:81678915-81768294	6	89379	gain	sibling_only	H3?	4	1	C_chained_statistical	CN-altered(?)	81678915=H3?-4;81708568=H3?-3;81735574=H3?-2;81768294=H3?-1
chr7:100478224-100531617	6	53393	gain	sibling_only	H1	5	1	B_spannable_pairwise	CN-altered(?)	100478224=H1-1;100481410=H1-3;100481411=H1-4;100492051=H1-2;100492980=H1-5
chr8:90265261-90376648	6	111387	loh	sibling_only	H1,H?	5	1	C_chained_statistical	yes	90306628=H1-3;90328527=H1-5;90351445=H1-2;90358688=H1-1;90376648=H1-4
chr8:104610355-104746266	6	135911	gain	full_tree	H2	5	2	C_chained_statistical	CN-altered(?)	104610355=H2-2-1;104632541=H2-3;104644641=H2-2;104726434=H2-1;104746266=H2-4
chr8:113551879-113654014	6	102135	gain	sibling_only	H1	5	1	C_chained_statistical	CN-altered(?)	113551879=H1-2;113561838=H1-3;113626409=H1-5;113637964=H1-4;113654014=H1-1
chr8:141276171-141363960	6	87789	gain	linear_nested	H2	5	4	C_chained_statistical	CN-altered(?)	141304087=H2-1-2-1-1;141314148=H2-1-2-1;141314833=H2-1-2;141332788=H2-1;141363960=H2-1-1
chr10:42708307-42773167	6	64860	gain	full_tree	H2	4	2	B_spannable_pairwise	CN-altered(?)	42708307=H2-3;42744339=H2-1;42766073=H2-1-1;42773167=H2-2
chr12:85915097-86011996	6	96899	loh	full_tree	H2	4	2	C_chained_statistical	yes	85915097=H2-2;85929670=H2-1-2;85940578=H2-1-1;85979205=H2-1
chr14:67933889-68032693	6	98804	gain	full_tree	H1,H3?	6	2	C_chained_statistical	CN-altered(?)	67933889=H1-2;67938826=H1-1;67981635=H1-4;67992267=H1-5;68024706=H1-3-1;68032693=H1-3
chr14:75206415-75292133	6	85718	gain	linear_nested	H2	5	5	C_chained_statistical	CN-altered(?)	75206415=H2-1-1-1-1-1;75215678=H2-1-1-1-1;75229808=H2-1;75242851=H2-1-1;75249946=H2-1-1-1
chr15:86339080-86423038	6	83958	gain	full_tree	H1,H?	4	2	C_chained_statistical	CN-altered(?)	86363173=H1-1-1;86373031=H1-1-2;86395484=H1-1;86423038=H1-2
chr19:2235521-2302172	6	66651	loh	full_tree	H1,H?	6	2	B_spannable_pairwise	yes	2235521=H1-2;2258704=H1-4;2277011=H1-3;2299676=H1-1-2;2300061=H1-1;2302172=H1-1-1
chr19:7477936-7576483	6	98547	loh	linear_nested	H1	5	3	C_chained_statistical	yes	7524303=H1-2-1-1;7529965=H1-2-1;7544124=H1-2;7558283=H1-1-1;7576483=H1-1
chr19:54776265-54869741	6	93476	loh	full_tree	H2	4	2	C_chained_statistical	yes	54776265=H2-2;54793551=H2-1;54808956=H2-1-1;54821683=H2-3
chr20:2210872-2312958	6	102086	gain	full_tree	H2	4	2	C_chained_statistical	CN-altered(?)	2260709=H2-2;2282992=H2-1-1;2306151=H2-1-2;2312958=H2-1
chr1:62018824-62074371	5	55547	loh	full_tree	H1	4	2	B_spannable_pairwise	yes	62018824=H1-1;62034937=H1-3;62046185=H1-3-1;62057441=H1-2
chr2:176939917-176967818	5	27901	gain	full_tree	H1,H2	5	2	B_spannable_pairwise	CN-altered(?)	176939917=H2-2;176946417=H2-2-2;176948510=H2-1;176957009=H2-2-1;176967818=H2-3
chr3:838224-890774	5	52550	gain	linear_nested	H2	5	3	B_spannable_pairwise	CN-altered(?)	838224=H2-1;841104=H2-1-1;868760=H2-1-1-1;890773=H2-3;890774=H2-2
chr3:131999746-132056771	5	57025	gain	full_tree	H1	4	2	B_spannable_pairwise	CN-altered(?)	131999746=H1-3;132003625=H1-1-1;132051586=H1-2;132056771=H1-1
chr3:161014897-161093495	5	78598	gain	full_tree	H2	5	2	C_chained_statistical	CN-altered(?)	161014897=H2-2;161027036=H2-2-1;161038930=H2-3;161087407=H2-1;161093495=H2-1-1
chr4:9912441-9938037	5	25596	loh	linear_nested	H2	5	2	B_spannable_pairwise	yes	9912441=H2-2;9918274=H2-3;9921209=H2-1-1;9922581=H2-1-2;9938037=H2-1
chr4:85314677-85370458	5	55781	gain	full_tree	H1	4	2	B_spannable_pairwise	CN-altered(?)	85314677=H1-2-1;85322674=H1-2;85340728=H1-1-1;85370458=H1-1
chr5:2244262-2306265	5	62003	gain	full_tree	H1,H2	5	2	B_spannable_pairwise	CN-altered(?)	2244262=H1-2-1;2248828=H1-2;2288692=H1-1-2;2304948=H1-1;2306265=H1-1-1
chr5:19030989-19085710	5	54721	gain	full_tree	H1,H2	5	2	B_spannable_pairwise	CN-altered(?)	19030989=H1-3;19042345=H1-2;19079583=H1-1-1;19081144=H1-1;19085710=H1-1-2
chr5:64105460-64158495	5	53035	loh	full_tree	H2	4	3	B_spannable_pairwise	yes	64105460=H2-1;64113505=H2-1-1;64123717=H2-1-1-1;64127790=H2-1-2
chr5:130196356-130222066	5	25710	loh	full_tree	H1	4	3	B_spannable_pairwise	yes	130196356=H1-1-1-1;130203092=H1-1;130209208=H1-1-2;130222066=H1-1-1
chr5:138103492-138133216	5	29724	loh	full_tree	H2,H3?,H?	5	2	B_spannable_pairwise	yes	138103492=H2-1-1;138103523=H2-1;138117158=H2-3;138117198=H2-3-1;138133216=H2-2
chr6:128859054-128905107	5	46053	gain	full_tree	H1	4	3	B_spannable_pairwise	CN-altered(?)	128859054=H1-1-2;128885999=H1-1;128888357=H1-1-1;128905107=H1-1-1-1
chr6:163368934-163432943	5	64009	loh	full_tree	H3?,H?	4	2	B_spannable_pairwise	yes	163368934=H?-1;163372864=H?-1-1;163393183=H?-3;163403039=H?-2
chr7:5379834-5421778	5	41944	gain	sibling_only	H2	4	1	B_spannable_pairwise	CN-altered(?)	5379834=H2-2;5408192=H2-3;5408760=H2-4;5421778=H2-1
chr7:84719470-84764233	5	44763	gain	full_tree	H1	4	2	B_spannable_pairwise	CN-altered(?)	84723499=H1-1;84729811=H1-2;84758006=H1-2-2;84764233=H1-2-1
chr7:89671598-89772651	5	101053	gain	sibling_only	H2	5	1	C_chained_statistical	CN-altered(?)	89671598=H2-1;89689683=H2-4;89736025=H2-2;89770302=H2-3;89772651=H2-5
chr7:107299459-107414649	5	115190	gain	sibling_only	H2	5	1	C_chained_statistical	CN-altered(?)	107299459=H2-5;107314280=H2-3;107330982=H2-4;107376952=H2-2;107414649=H2-1
chr7:126437974-126496232	5	58258	gain	full_tree	H1	4	2	B_spannable_pairwise	CN-altered(?)	126437974=H1-2;126454726=H1-2-2;126467371=H1-1-1;126496232=H1-1
chr8:62120358-62192063	5	71705	loh	full_tree	H2	5	2	B_spannable_pairwise	yes	62120358=H2-1;62124715=H2-1-1;62145059=H2-3;62192062=H2-2;62192063=H2-2-1
chr8:87390592-87458680	5	68088	loh	full_tree	H1,H3?	5	2	B_spannable_pairwise	yes	87390592=H1-4;87394800=H1-4-1;87434642=H1-3;87436749=H1-2;87458680=H1-1
chr8:108038332-108103160	5	64828	gain	full_tree	H2	5	2	B_spannable_pairwise	CN-altered(?)	108038332=H2-2;108046096=H2-2-1;108083619=H2-1;108088860=H2-4;108103160=H2-3
chr8:110547764-110638407	5	90643	gain	full_tree	H1	5	2	C_chained_statistical	CN-altered(?)	110547764=H1-2-1;110565681=H1-2;110583102=H1-3;110599741=H1-3-1;110638407=H1-1
chr8:116254899-116336539	5	81640	gain	sibling_only	H2	5	1	C_chained_statistical	CN-altered(?)	116254899=H2-1;116280347=H2-3;116325297=H2-4;116327362=H2-5;116336539=H2-2
chr8:122870384-122941155	5	70771	gain	full_tree	H2	5	3	B_spannable_pairwise	CN-altered(?)	122870384=H2-3;122895318=H2-2;122912862=H2-1-1-1;122936190=H2-1;122941155=H2-1-1
chr8:128303676-128382539	5	78863	gain	sibling_only	H2	5	1	C_chained_statistical	CN-altered(?)	128303676=H2-2;128303804=H2-4;128306187=H2-1;128352154=H2-5;128382539=H2-3
chr8:134499732-134576534	5	76802	gain	full_tree	H1	4	2	C_chained_statistical	CN-altered(?)	134499732=H1-3;134526211=H1-1;134551400=H1-2-1;134551401=H1-2
chr8:135786170-135849599	5	63429	gain	full_tree	H2	5	2	B_spannable_pairwise	CN-altered(?)	135786170=H2-3;135787431=H2-1-1;135806534=H2-1;135844999=H2-2-1;135849599=H2-2
chr8:137936838-138007668	5	70830	gain	full_tree	H2	4	2	B_spannable_pairwise	CN-altered(?)	137936838=H2-2;137974932=H2-3;137985997=H2-1;138007668=H2-1-1
chr10:13849707-13902630	5	52923	loh	full_tree	H2	5	2	B_spannable_pairwise	yes	13849707=H2-2-2;13850223=H2-2;13869426=H2-2-1;13894696=H2-1;13902630=H2-1-1
chr13:34320365-34380145	5	59780	gain	sibling_only	H1	5	1	B_spannable_pairwise	CN-altered(?)	34320365=H1-1;34334101=H1-3;34337885=H1-2;34366860=H1-4;34380145=H1-5
chr13:72102768-72138949	5	36181	loh	full_tree	H2	4	2	B_spannable_pairwise	yes	72103004=H2-1-3;72131094=H2-1;72134159=H2-1-1;72138949=H2-1-2
chr18:54715760-54760284	5	44524	gain	full_tree	H1	4	2	B_spannable_pairwise	CN-altered(?)	54715760=H1-1;54717982=H1-1-1;54733354=H1-2;54760284=H1-3
chr1:43943718-43977964	4	34246	gain	full_tree	H2	4	2	B_spannable_pairwise	CN-altered(?)	43943718=H2-2-1;43948338=H2-1;43960390=H2-2;43977964=H2-2-2
chr1:51675372-51744128	4	68756	gain	full_tree	H1,H?	4	2	B_spannable_pairwise	CN-altered(?)	51675372=H1-1;51704861=H1-3;51705348=H1-1-1;51744128=H1-2
chr1:93226449-93274926	4	48477	gain	full_tree	H1	4	2	B_spannable_pairwise	CN-altered(?)	93226449=H1-1;93240987=H1-1-1;93261566=H1-2;93274926=H1-3
chr2:51181085-51209478	4	28393	gain	full_tree	H3?	4	2	B_spannable_pairwise	CN-altered(?)	51181085=H3?-3;51196852=H3?-2;51208687=H3?-1;51209478=H3?-1-1
chr3:79440203-79465137	4	24934	loh	full_tree	H2	4	3	B_spannable_pairwise	yes	79440203=H2-1-1;79443256=H2-1;79457769=H2-1-2;79465137=H2-1-1-1
chr3:171238399-171284973	4	46574	gain	full_tree	H2	4	2	B_spannable_pairwise	CN-altered(?)	171238399=H2-1;171260504=H2-1-1;171263535=H2-1-2;171284973=H2-2
chr4:160567257-160593231	4	25974	loh	full_tree	H1	4	2	B_spannable_pairwise	yes	160567257=H1-1;160573186=H1-3;160592650=H1-2-1;160593231=H1-2
chr7:79245684-79255492	4	9808	gain	full_tree	H2	4	2	A_single_molecule	CN-altered(?)	79245684=H2-3;79246674=H2-1;79247948=H2-2;79255492=H2-1-1
chr7:93498031-93541374	4	43343	gain	sibling_only	H2	4	1	B_spannable_pairwise	CN-altered(?)	93498031=H2-4;93502701=H2-3;93541043=H2-1;93541374=H2-2
chr8:61402948-61415187	4	12239	loh	full_tree	H1	4	2	A_single_molecule	yes	61402948=H1-1;61405772=H1-3;61411324=H1-1-1;61415187=H1-2
chr8:117027962-117088440	4	60478	gain	sibling_only	H1	4	1	B_spannable_pairwise	CN-altered(?)	117027962=H1-3;117056527=H1-4;117075350=H1-1;117088440=H1-2
chr8:122399723-122432436	4	32713	gain	full_tree	H2	4	3	B_spannable_pairwise	CN-altered(?)	122399723=H2-2;122410952=H2-1-1;122419361=H2-1-1-1;122432436=H2-1
chr8:123985033-124043639	4	58606	gain	full_tree	H1	4	2	B_spannable_pairwise	CN-altered(?)	123985033=H1-1;124014685=H1-3;124043628=H1-2;124043639=H1-2-1
chr8:133896910-133955882	4	58972	gain	sibling_only	H1	4	1	B_spannable_pairwise	CN-altered(?)	133896910=H1-2;133928785=H1-4;133937909=H1-3;133955882=H1-1
chr8:141897178-141946716	4	49538	gain	sibling_only	H2	4	1	B_spannable_pairwise	CN-altered(?)	141897178=H2-2;141907487=H2-1;141926485=H2-4;141946716=H2-3
chr8:142539895-142586452	4	46557	gain	sibling_only	H2	4	1	B_spannable_pairwise	CN-altered(?)	142539895=H2-2;142562637=H2-1;142573846=H2-4;142586452=H2-3
chr10:97249287-97254561	4	5274	loh	full_tree	H1	4	2	B_spannable_pairwise	yes	97249287=H1-2-1;97249473=H1-2;97249507=H1-3;97254561=H1-1
chr10:131311892-131354611	4	42719	gain	sibling_only	H2	4	1	B_spannable_pairwise	CN-altered(?)	131311892=H2-2;131340987=H2-3;131340988=H2-4;131354611=H2-1
chr12:12013515-12029293	4	15778	gain	full_tree	H1	4	2	A_single_molecule	CN-altered(?)	12013515=H1-1-1;12016474=H1-1;12025349=H1-3;12029293=H1-2
chr12:110883604-110912454	4	28850	loh	full_tree	H1	4	2	B_spannable_pairwise	yes	110883604=H1-2;110899112=H1-3;110905901=H1-1-1;110912454=H1-1
chr12:132557304-132563011	4	5707	loh	full_tree	H1	4	2	A_single_molecule	yes	132557304=H1-1;132559482=H1-2-1;132559483=H1-2;132563011=H1-3
chr17:81858811-81906207	4	47396	loh	full_tree	H1	4	2	B_spannable_pairwise	yes	81858811=H1-2;81887034=H1-1;81902393=H1-1-1;81906207=H1-3
chr19:57391534-57440915	4	49381	loh	full_tree	H2	4	2	B_spannable_pairwise	yes	57391534=H2-1;57397066=H2-1-1;57418216=H2-2;57440915=H2-3
chr19:57996035-58042156	4	46121	loh	sibling_only	H2	4	1	B_spannable_pairwise	yes	57996035=H2-1;58021897=H2-2;58025263=H2-3;58042156=H2-4
chr20:1208589-1258138	4	49549	gain	full_tree	H1,H?	4	2	B_spannable_pairwise	CN-altered(?)	1208589=H1-2-1;1217817=H1-1;1236941=H1-2;1258138=H1-3
chr12:28270541-28418090	39	147549	gain	linear_nested	H1	5	3	C_chained_statistical	CN-altered(?)	28294319=H1-2-1;28303065=H1-2;28368584=H1-1;28416270=H1-1-1-1;28418090=H1-1-1
chr15:46205467-46319175	31	113708	loh	full_tree	H1,H?	3	2	C_chained_statistical	yes	46205467=H1-2;46223845=H1-1-1;46277512=H1-1
chr6:101808188-101883107	23	74919	loh	full_tree	H2	6	2	B_spannable_pairwise	yes	101815859=H2-3;101821902=H2-2;101838678=H2-4;101842650=H2-5;101870003=H2-1-1;101883107=H2-1
chr16:35118902-35363172	22	244270	gain	linear_nested	H1	5	3	C_chained_statistical	CN-altered(?)	35131421=H1-1-1;35166964=H1-1;35224649=H1-2-1-1;35246281=H1-2-1;35259019=H1-2
chr6:120711923-120878868	16	166945	gain	linear_nested	H1	4	3	C_chained_statistical	CN-altered(?)	120797113=H1-2;120847397=H1-1-1-1;120860995=H1-1-1;120878868=H1-1
chr12:69967106-70204638	13	237532	loh	full_tree	H1	5	2	C_chained_statistical	yes	69967106=H1-1-1;69978453=H1-1;70060869=H1-3;70078559=H1-4;70123690=H1-2
chr10:54298099-54443526	12	145427	gain	full_tree	H2	3	2	C_chained_statistical	CN-altered(?)	54300509=H2-2;54327370=H2-1-1;54379989=H2-1
chr13:18904111-19086419	12	182308	gain	full_tree	H1	5	2	C_chained_statistical	CN-altered(?)	18931580=H1-1-1;18952717=H1-1;19057725=H1-4;19057726=H1-3;19074970=H1-2
chr2:47501778-47710497	11	208719	gain	full_tree	H2	5	3	C_chained_statistical	CN-altered(?)	47507031=H2-3;47535888=H2-2;47668843=H2-1;47682042=H2-1-1;47710497=H2-1-1-1
chr6:71615380-71810548	11	195168	gain	full_tree	H1,H2	6	2	C_chained_statistical	CN-altered(?)	71615380=H2-3;71631093=H2-2;71775578=H2-1-1;71782114=H2-1;71790775=H2-5;71810548=H2-4
chr2:101226841-101401789	10	174948	gain	linear_nested	H1	5	3	C_chained_statistical	CN-altered(?)	101302258=H1-1-1-1;101339042=H1-1-1;101361094=H1-1;101395124=H1-2;101401789=H1-2-1
chr3:143052286-143193655	10	141369	gain	inconsistent	H2	4	1	incompatible(cycle)	CN-altered(?)	143178960=H2-2;143193655=H2-1
chr10:49152351-49310609	10	158258	gain	full_tree	H2	3	2	C_chained_statistical	CN-altered(?)	49288942=H2-1-1;49296541=H2-1;49310609=H2-1-2
chr2:98069016-98187204	9	118188	gain	full_tree	H1,H2	5	2	C_chained_statistical	CN-altered(?)	98076560=H1-1-2;98120171=H1-1-1;98129316=H1-1;98161378=H1-2;98176587=H1-3
chr4:126681681-126806650	9	124969	gain	sibling_only	H2,H3?	5	1	C_chained_statistical	CN-altered(?)	126687868=H3?-2;126700069=H3?-3;126732280=H3?-1;126798652=H3?-5;126803904=H3?-4
chr4:133542686-133690193	9	147507	gain	full_tree	H1,H2	5	2	C_chained_statistical	CN-altered(?)	133542686=H2-2;133568522=H2-3;133588788=H2-1;133606396=H2-1-1;133609121=H2-1-2
chr5:6848595-6996025	9	147430	gain	linear_nested	H1	5	2	C_chained_statistical	CN-altered(?)	6884533=H1-2;6904906=H1-2-1;6910857=H1-2-2;6945924=H1-1;6996025=H1-1-1
chr5:8171770-8331229	9	159459	gain	full_tree	H1,H2	5	2	C_chained_statistical	CN-altered(?)	8226560=H1-2;8262249=H1-2-1;8287089=H1-1;8311446=H1-3;8331229=H1-4
chr8:143786544-143914247	9	127703	gain	full_tree	H1,H2	6	2	C_chained_statistical	CN-altered(?)	143805314=H2-4;143824771=H2-1;143858050=H2-3;143858058=H2-3-1;143895756=H2-5;143914247=H2-2
chr12:20892968-21073030	9	180062	gain	full_tree	H2	6	2	C_chained_statistical	CN-altered(?)	20892968=H2-1-1;20933802=H2-1;20974950=H2-4;20999362=H2-3;21058277=H2-2;21070921=H2-5
chr14:89991644-90229697	9	238053	gain	linear_nested	H2	5	2	C_chained_statistical	CN-altered(?)	90041378=H2-1-1;90071793=H2-1;90202684=H2-2-1;90224836=H2-2;90229697=H2-3
chr1:99735688-99814412	8	78724	loh	full_tree	H3?	4	2	C_chained_statistical	yes	99744059=H3?-2;99745416=H3?-2-1;99753816=H3?-3;99763577=H3?-1
chr1:102139489-102271918	8	132429	loh	full_tree	H1	3	2	C_chained_statistical	yes	102221994=H1-1;102228366=H1-2;102245735=H1-2-1
chr3:187541739-187676096	8	134357	gain	full_tree	H1,H2,H?	5	2	C_chained_statistical	CN-altered(?)	187575742=H1-2;187590540=H1-4;187631158=H1-3;187652782=H1-1-1;187676096=H1-1
chr4:92233245-92386002	8	152757	gain	full_tree	H1,H2	6	2	C_chained_statistical	CN-altered(?)	92233245=H1-2;92254580=H1-3;92333975=H1-4-1;92333976=H1-4;92351769=H1-1-1;92362462=H1-1
chr4:104222722-104387128	8	164406	gain	full_tree	H1,H2	6	2	C_chained_statistical	CN-altered(?)	104249975=H1-3;104264450=H1-3-1;104272872=H1-1;104296323=H1-5;104343972=H1-4;104371821=H1-2
chr4:152131355-152234048	8	102693	loh	full_tree	H1,H?	3	2	C_chained_statistical	yes	152131355=H1-1;152140073=H1-2;152148136=H1-2-1
chr5:13943196-14042756	8	99560	gain	full_tree	H1	3	3	C_chained_statistical	CN-altered(?)	13951235=H1-1;13958559=H1-1-1-1;14010240=H1-1-1
chr7:81063149-81228951	8	165802	gain	full_tree	H1,H3?	5	2	C_chained_statistical	CN-altered(?)	81101732=H3?-3;81133163=H3?-4;81175111=H3?-2;81200544=H3?-1-1;81210494=H3?-1
chr7:119669247-119789303	8	120056	gain	linear_nested	H1,H2	5	2	C_chained_statistical	CN-altered(?)	119756263=H2-2-1;119777645=H2-2;119783727=H2-1;119785246=H2-1-1;119789303=H2-3
chr7:144433472-144600094	8	166622	gain	full_tree	H1	4	3	C_chained_statistical	CN-altered(?)	144503335=H1-1;144530286=H1-1-1;144552239=H1-1-1-1;144578552=H1-2
chr8:139335700-139494173	8	158473	gain	sibling_only	H1	4	1	C_chained_statistical	CN-altered(?)	139335700=H1-1;139367124=H1-4;139416832=H1-2;139442617=H1-3
chr8:144601296-144655319	8	54023	gain	full_tree	H3?	3	2	B_spannable_pairwise	CN-altered(?)	144642869=H3?-2;144650628=H3?-1;144655319=H3?-1-1
chr11:114733559-114863895	8	130336	loh	linear_nested	H2	5	3	C_chained_statistical	yes	114733559=H2-2-1;114748385=H2-2-1-1;114757442=H2-2;114846190=H2-1-1;114863895=H2-1
chr19:20816164-20964850	8	148686	gain	full_tree	H1,H2	6	2	C_chained_statistical	CN-altered(?)	20861099=H2-1;20888236=H2-1-1;20915163=H2-4;20918700=H2-3;20948221=H2-2-1;20964850=H2-2
chr3:129912163-129979335	7	67172	gain	linear_nested	H1	5	2	B_spannable_pairwise	CN-altered(?)	129923926=H1-1-1;129926698=H1-1;129933941=H1-1-2;129978149=H1-2-1;129979335=H1-2
chr4:162890808-162990146	7	99338	loh	full_tree	H1	3	2	C_chained_statistical	yes	162960046=H1-1;162967044=H1-1-1;162990146=H1-2
chr6:99625498-99743390	7	117892	loh	linear_nested	H2	5	2	C_chained_statistical	yes	99625498=H2-2-1;99631230=H2-2;99705323=H2-1-2;99718527=H2-1-1;99726969=H2-1
chr7:79757081-79856759	7	99678	gain	full_tree	H2	4	2	C_chained_statistical	CN-altered(?)	79792957=H2-1;79798366=H2-3-1;79818924=H2-3;79840261=H2-2
chr7:84358684-84464113	7	105429	gain	full_tree	H1	5	2	C_chained_statistical	CN-altered(?)	84358684=H1-1;84383537=H1-3;84398737=H1-3-1;84459212=H1-2;84464113=H1-4
chr7:86614369-86768670	7	154301	gain	full_tree	H2	5	2	C_chained_statistical	CN-altered(?)	86614369=H2-1-1;86623170=H2-3;86644321=H2-1;86726467=H2-2;86748990=H2-4
chr7:91314202-91466242	7	152040	gain	full_tree	H1,H?	4	3	C_chained_statistical	CN-altered(?)	91351546=H1-1;91360555=H1-1-1;91377188=H1-1-1-1;91416950=H1-2
chr8:101851606-101931934	7	80328	gain	full_tree	H1,H2	5	2	C_chained_statistical	CN-altered(?)	101891595=H1-2;101906502=H1-3-1;101908285=H1-3;101914183=H1-1;101931934=H1-1-1
chr8:102633413-102738772	7	105359	gain	sibling_only	H1	6	1	C_chained_statistical	CN-altered(?)	102633413=H1-3;102644103=H1-2;102690901=H1-6;102695628=H1-4;102728293=H1-1;102738772=H1-5
chr8:105485329-105564576	7	79247	gain	sibling_only	H1	5	1	C_chained_statistical	CN-altered(?)	105485329=H1-3;105490722=H1-2;105546424=H1-5;105547124=H1-4;105564576=H1-1
chr8:117142470-117221580	7	79110	gain	sibling_only	H1	3	1	C_chained_statistical	CN-altered(?)	117193107=H1-3;117213309=H1-2;117221580=H1-1
chr9:137181620-137280377	7	98757	gain	linear_nested	H1	5	2	C_chained_statistical	CN-altered(?)	137181620=H1-3;137181925=H1-3-1;137255474=H1-2;137271170=H1-1;137280377=H1-1-1
chr10:44478228-44637937	7	159709	gain	full_tree	H1,H?	5	2	C_chained_statistical	CN-altered(?)	44526320=H1-2;44531549=H1-2-1;44566943=H1-3;44606761=H1-1;44637937=H1-4
chr10:56168694-56321929	7	153235	gain	full_tree	H1	3	2	C_chained_statistical	CN-altered(?)	56168694=H1-1-1;56175867=H1-1-2;56178976=H1-1
chr10:133073600-133172119	7	98519	gain	full_tree	H2	5	2	C_chained_statistical	CN-altered(?)	133086186=H2-3;133118737=H2-4;133133093=H2-2;133168061=H2-1-1;133172119=H2-1
chr11:134409876-134587493	7	177617	loh	linear_nested	H2	6	2	C_chained_statistical	yes	134409876=H2-3;134420076=H2-3-1;134464832=H2-2-1;134488105=H2-2;134537288=H2-1;134556601=H2-1-1
chr13:37669261-37786939	7	117678	gain	full_tree	H2	4	3	C_chained_statistical	CN-altered(?)	37703147=H2-2;37735320=H2-1;37746422=H2-1-1;37768267=H2-1-1-1
chr14:46526206-46557510	7	31304	gain	linear_nested	H1	4	4	A_single_molecule	CN-altered(?)	46526206=H1-1-1-1;46528573=H1-1;46552739=H1-1-1;46557510=H1-1-1-1-1
chr14:103048212-103187785	7	139573	gain	full_tree	H1	3	2	C_chained_statistical	CN-altered(?)	103123189=H1-1-1;103142486=H1-1;103148668=H1-1-2
chr16:16887722-16988011	7	100289	gain	full_tree	H1	5	2	C_chained_statistical	CN-altered(?)	16887722=H1-1;16920345=H1-2-1;16941275=H1-2;16978559=H1-3;16983108=H1-3-1
chr17:2905426-3025586	7	120160	gain	full_tree	H2	5	2	C_chained_statistical	CN-altered(?)	2905426=H2-3;2921411=H2-2;2936362=H2-2-1;3017365=H2-1;3025586=H2-1-1
chr18:26988205-27052077	7	63872	gain	linear_nested	H1	5	3	B_spannable_pairwise	CN-altered(?)	26988205=H1-2;27010035=H1-2-1;27013669=H1-2-1-1;27051758=H1-1;27051759=H1-1-1
chr20:6630165-6726142	7	95977	gain	linear_nested	H1	5	2	C_chained_statistical	CN-altered(?)	6654520=H1-2-1;6661243=H1-2;6697505=H1-1-1;6722393=H1-1-2;6726142=H1-1
chr21:10330070-10358257	7	28187	neutral	full_tree	H1	3	2	A_single_molecule	yes	10341682=H1-1;10353822=H1-2;10358257=H1-1-1
chr1:197863234-197937414	6	74180	gain	full_tree	H2	3	2	B_spannable_pairwise	CN-altered(?)	197863234=H2-2;197865468=H2-1;197865487=H2-1-1
chr2:155858388-155986457	6	128069	gain	sibling_only	H2,H3?	6	1	C_chained_statistical	CN-altered(?)	155858388=H2-2;155873155=H2-5;155890662=H2-1;155911075=H2-3;155960788=H2-6;155986457=H2-4
chr2:212342435-212381567	6	39132	neutral	full_tree	H2	3	2	B_spannable_pairwise	yes	212342435=H2-2;212374819=H2-1-1;212381567=H2-1
chr2:239497722-239608830	6	111108	gain	full_tree	H2	3	2	C_chained_statistical	CN-altered(?)	239497722=H2-1-1;239501395=H2-1;239515887=H2-1-2
chr3:9116608-9203858	6	87250	gain	linear_nested	H2	5	3	C_chained_statistical	CN-altered(?)	9128354=H2-2;9147232=H2-2-1;9189334=H2-1-1;9195875=H2-1;9203858=H2-1-1-1
chr3:70978896-71011474	6	32578	neutral	linear_nested	H2	4	2	B_spannable_pairwise	yes	71010245=H2-1-2;71011404=H2-1-3;71011410=H2-1-1;71011474=H2-1
chr4:107234437-107312269	6	77832	gain	linear_nested	H1,H2	5	3	C_chained_statistical	CN-altered(?)	107234437=H1-2-1;107248924=H1-2-1-1;107286490=H1-1-1;107289263=H1-2;107312269=H1-1
chr5:161271498-161412323	6	140825	loh	full_tree	H2	5	2	C_chained_statistical	yes	161271498=H2-2;161294958=H2-3;161334128=H2-1;161345486=H2-1-1;161370785=H2-4
chr5:180276063-180385109	6	109046	loh	full_tree	H1	6	2	C_chained_statistical	yes	180276063=H1-5;180280915=H1-2;180304403=H1-4;180330640=H1-1;180376425=H1-3-1;180385109=H1-3
chr7:57644185-57713483	6	69298	gain	linear_nested	H1,H2	5	2	B_spannable_pairwise	CN-altered(?)	57644185=H2-1-1;57661726=H2-2;57664845=H2-1;57692528=H2-3;57692530=H2-3-1
chr7:72308556-72394077	6	85521	gain	full_tree	H3?	3	2	C_chained_statistical	CN-altered(?)	72368115=H3?-2;72368631=H3?-2-1;72394077=H3?-1
chr7:118869808-118940052	6	70244	gain	sibling_only	H1	3	1	B_spannable_pairwise	CN-altered(?)	118916867=H1-2;118927424=H1-1;118940052=H1-3
chr7:137164081-137264912	6	100831	gain	linear_nested	H2	4	3	C_chained_statistical	CN-altered(?)	137164081=H2-1-2;137199370=H2-1;137212312=H2-1-1;137214413=H2-1-1-1
chr7:159197211-159316686	6	119475	gain	sibling_only	H1	5	1	C_chained_statistical	CN-altered(?)	159197211=H1-3;159222349=H1-2;159297424=H1-5;159314847=H1-4;159316686=H1-1
chr8:92207657-92268518	6	60861	loh	full_tree	H1	5	2	B_spannable_pairwise	yes	92207657=H1-2;92208030=H1-2-1;92208226=H1-3;92259239=H1-4;92268518=H1-1
chr9:3819595-3897367	6	77772	gain	linear_nested	H1,H2	5	3	C_chained_statistical	CN-altered(?)	3819595=H2-1-1;3825257=H2-1;3825296=H2-1-1-1;3858899=H2-2;3863570=H2-2-1
chr9:127090246-127177599	6	87353	loh	full_tree	H1	3	2	C_chained_statistical	yes	127090246=H1-1;127111816=H1-2;127113054=H1-2-1
chr10:104460496-104554183	6	93687	loh	linear_nested	H1	4	3	C_chained_statistical	yes	104474282=H1-1;104498597=H1-1-2;104501504=H1-1-1;104510352=H1-1-2-1
chr10:127413901-127525799	6	111898	gain	full_tree	H2,H?	5	2	C_chained_statistical	CN-altered(?)	127413901=H2-2;127413929=H2-2-1;127443514=H2-3;127509714=H2-1;127525799=H2-4
chr10:132818719-132944853	6	126134	gain	linear_nested	H1,H2	5	2	C_chained_statistical	CN-altered(?)	132818719=H1-1-1;132843723=H1-1;132872212=H1-1-2;132939997=H1-2;132944853=H1-2-1
chr11:90463205-90584543	6	121338	loh	full_tree	H2	5	3	C_chained_statistical	yes	90463205=H2-1;90463881=H2-1-1-1;90488893=H2-1-1;90555426=H2-2;90584543=H2-3
chr12:81017302-81119417	6	102115	loh	linear_nested	H1	5	3	C_chained_statistical	yes	81050768=H1-1-1;81053166=H1-1;81098939=H1-2-1-1;81107149=H1-2;81119417=H1-2-1
chr14:76227015-76332057	6	105042	gain	full_tree	H1,H3?	5	2	C_chained_statistical	CN-altered(?)	76227015=H1-1-1;76243237=H1-1;76325566=H1-3;76327232=H1-4;76332057=H1-2
chr15:95338521-95380018	6	41497	gain	full_tree	H1	3	2	B_spannable_pairwise	CN-altered(?)	95375712=H1-2-1;95379569=H1-1;95380018=H1-2
chr16:25956356-26057248	6	100892	gain	full_tree	H1	3	2	C_chained_statistical	CN-altered(?)	25965091=H1-1-1;25971354=H1-1;25986500=H1-1-2
chr16:34898926-34953910	6	54984	gain	linear_nested	H3?	4	2	B_spannable_pairwise	CN-altered(?)	34898926=H3?-1-1;34921520=H3?-2;34922442=H3?-1;34922683=H3?-3
chr17:47866635-47933527	6	66892	loh	linear_nested	H2	4	3	B_spannable_pairwise	yes	47874410=H2-1-1;47875244=H2-1;47877358=H2-2;47889714=H2-1-1-1
chr17:79690914-79770987	6	80073	gain	full_tree	H2	4	2	C_chained_statistical	CN-altered(?)	79706835=H2-1;79755424=H2-2;79755552=H2-3;79770987=H2-2-1
chr1:22634437-22731136	5	96699	gain	full_tree	H1,H?	5	3	C_chained_statistical	CN-altered(?)	22634437=H1-1-1-1;22660991=H1-1;22667837=H1-1-1;22703635=H1-2;22731136=H1-3
chr1:52894697-52961570	5	66873	loh	sibling_only	H1	4	1	B_spannable_pairwise	yes	52894697=H1-3;52915256=H1-4;52960111=H1-2;52961570=H1-1
chr1:81173775-81245889	5	72114	loh	full_tree	H2	5	2	B_spannable_pairwise	yes	81173775=H2-1-1;81180842=H2-1;81214552=H2-2;81238063=H2-3-1;81245889=H2-3
chr1:91448541-91508884	5	60343	gain	full_tree	H1	4	2	B_spannable_pairwise	CN-altered(?)	91448541=H1-1;91465635=H1-3;91503570=H1-2-1;91508884=H1-2
chr1:92300283-92410667	5	110384	gain	full_tree	H1	3	2	C_chained_statistical	CN-altered(?)	92375894=H1-2;92376782=H1-1;92410667=H1-1-1
chr1:118426137-118510067	5	83930	gain	linear_nested	H2	4	2	C_chained_statistical	CN-altered(?)	118426137=H2-2-1;118454941=H2-2;118463839=H2-1-1;118487551=H2-1
chr2:48998654-49024772	5	26118	gain	full_tree	H2	3	2	A_single_molecule	CN-altered(?)	48998654=H2-2;49015989=H2-1;49020159=H2-2-1
chr2:228137422-228230988	5	93566	gain	full_tree	H1	3	2	C_chained_statistical	CN-altered(?)	228210409=H1-1;228221357=H1-2-1;228230988=H1-2
chr3:954493-1026519	5	72026	gain	linear_nested	H2	4	3	B_spannable_pairwise	CN-altered(?)	954493=H2-1-1-1;959472=H2-1;970697=H2-1-1;994945=H2-1-1-2
chr3:51287383-51378333	5	90950	gain	linear_nested	H1,H2	5	3	C_chained_statistical	CN-altered(?)	51287383=H1-1;51315545=H1-1-1;51359334=H1-2-1;51362892=H1-2-1-1;51378333=H1-2
chr3:137854958-137957729	5	102771	gain	full_tree	H2	4	2	C_chained_statistical	CN-altered(?)	137854958=H2-2;137875689=H2-2-1;137900797=H2-1;137918154=H2-1-1
chr3:155899720-156014570	5	114850	gain	full_tree	H1	4	2	C_chained_statistical	CN-altered(?)	155935224=H1-1;155954236=H1-1-1;155976484=H1-2-1;156014570=H1-2
chr3:178641308-178676440	5	35132	gain	full_tree	H2	3	2	B_spannable_pairwise	CN-altered(?)	178649756=H2-1-1;178662554=H2-1;178676440=H2-1-2
chr4:5375927-5467863	5	91936	loh	full_tree	H2	3	2	C_chained_statistical	yes	5407207=H2-1;5426350=H2-2-1;5428145=H2-2
chr4:109780734-109827971	5	47237	gain	full_tree	H2	5	3	B_spannable_pairwise	CN-altered(?)	109780734=H2-1-1;109780766=H2-1-1-1;109790620=H2-1;109814063=H2-2;109827971=H2-3
chr4:128596351-128654507	5	58156	gain	sibling_only	H3?	4	1	B_spannable_pairwise	CN-altered(?)	128609078=H3?-4;128615811=H3?-1;128633756=H3?-3;128654507=H3?-2
chr4:131744876-131778675	5	33799	gain	full_tree	H2	3	2	B_spannable_pairwise	CN-altered(?)	131745330=H2-2-1;131745722=H2-2;131778675=H2-1
chr5:18547104-18620268	5	73164	gain	linear_nested	H1,H2	5	3	B_spannable_pairwise	CN-altered(?)	18547104=H2-1-1;18564492=H2-1-1-1;18573314=H2-1;18620266=H2-2-1;18620268=H2-2
chr5:152095550-152168121	5	72571	gain	full_tree	H2	5	3	B_spannable_pairwise	CN-altered(?)	152095550=H2-1-1-1;152114341=H2-1-1;152114367=H2-1;152163149=H2-3;152168121=H2-2
chr5:157425071-157473516	5	48445	loh	sibling_only	H1	4	1	B_spannable_pairwise	yes	157465561=H1-2;157466038=H1-4;157466039=H1-3;157473516=H1-1
chr5:171936639-172049731	5	113092	loh	full_tree	H1,H?	5	2	C_chained_statistical	yes	171936639=H1-3;171967885=H1-4;172009777=H1-2;172035270=H1-1-1;172049731=H1-1
chr6:71298367-71334447	5	36080	gain	linear_nested	H3?	4	3	B_spannable_pairwise	CN-altered(?)	71298367=H3?-1-1;71300121=H3?-1-1-1;71300453=H3?-1;71305088=H3?-2
chr6:72277187-72345501	5	68314	gain	sibling_only	H2	4	1	B_spannable_pairwise	CN-altered(?)	72277187=H2-3;72311783=H2-1;72328299=H2-2;72345501=H2-4
chr6:76791506-76860856	5	69350	gain	sibling_only	H3?	3	1	B_spannable_pairwise	CN-altered(?)	76837056=H3?-3;76838485=H3?-2;76860856=H3?-1
chr6:119231262-119314069	5	82807	gain	sibling_only	H1	5	1	C_chained_statistical	CN-altered(?)	119231262=H1-5;119231263=H1-3;119262019=H1-1;119284088=H1-2;119314069=H1-4
chr7:101740608-101822860	5	82252	gain	sibling_only	H2	4	1	C_chained_statistical	CN-altered(?)	101776336=H2-4;101798507=H2-3;101817586=H2-2;101822860=H2-1
chr7:104375678-104450266	5	74588	gain	full_tree	H1	4	2	B_spannable_pairwise	CN-altered(?)	104375678=H1-2;104408680=H1-3;104423329=H1-1;104450266=H1-1-1
chr7:106664816-106785671	5	120855	gain	full_tree	H2	3	2	C_chained_statistical	CN-altered(?)	106664816=H2-2;106682114=H2-2-1;106694914=H2-1
chr7:152699483-152739258	5	39775	gain	sibling_only	H2	3	1	B_spannable_pairwise	CN-altered(?)	152718305=H2-3;152734078=H2-2;152739258=H2-1
chr8:25920745-26003683	5	82938	loh	full_tree	H1,H?	5	2	C_chained_statistical	yes	25920745=H?-1;25930275=H?-4;25968133=H?-3;25989325=H?-2;26003683=H?-2-1
chr8:57360022-57466553	5	106531	loh	sibling_only	H1,H?	4	1	C_chained_statistical	yes	57360022=H1-1;57415710=H1-4;57443602=H1-2;57466553=H1-3
chr8:65842210-65938304	5	96094	gain	full_tree	H1	4	2	C_chained_statistical	CN-altered(?)	65842210=H1-3;65856884=H1-2;65917435=H1-1;65938304=H1-1-1
chr8:66759108-66851370	5	92262	gain	full_tree	H1,H2	5	2	C_chained_statistical	CN-altered(?)	66759108=H2-3;66769589=H2-2;66813874=H2-1-1;66816933=H2-1;66851370=H2-1-2
chr8:85568753-85638679	5	69926	gain	full_tree	H2	3	2	B_spannable_pairwise	CN-altered(?)	85582600=H2-2-1;85587851=H2-2;85601584=H2-1
chr8:114056541-114135916	5	79375	gain	full_tree	H1	3	2	C_chained_statistical	CN-altered(?)	114119480=H1-1-1;114129337=H1-1;114135916=H1-2
chr8:116782941-116870211	5	87270	gain	sibling_only	H2,H?	4	1	C_chained_statistical	CN-altered(?)	116782941=H2-2;116787579=H2-1;116803716=H2-4;116833661=H2-3
chr8:133206331-133264935	5	58604	gain	full_tree	H1	5	2	B_spannable_pairwise	CN-altered(?)	133206331=H1-2;133213808=H1-3;133213832=H1-4;133256734=H1-1-1;133264935=H1-1
chr8:136138443-136212715	5	74272	gain	inconsistent	H2	3	1	incompatible(cycle)	CN-altered(?)	136163826=H2-1
chr8:138227123-138315457	5	88334	gain	full_tree	H2	5	2	C_chained_statistical	CN-altered(?)	138227123=H2-2;138232538=H2-3;138275486=H2-4;138296269=H2-4-1;138315457=H2-1
chr9:7289764-7328782	5	39018	gain	full_tree	H2	4	2	B_spannable_pairwise	CN-altered(?)	7289764=H2-1-2;7304218=H2-2;7315251=H2-1;7328782=H2-1-1
chr9:70758944-70814325	5	55381	gain	full_tree	H1	3	2	B_spannable_pairwise	CN-altered(?)	70785277=H1-2;70800880=H1-1-1;70814325=H1-1
chr9:104155978-104200673	5	44695	gain	linear_nested	H1,H2	5	3	B_spannable_pairwise	CN-altered(?)	104155978=H1-1-1-1;104187455=H1-1-1;104189123=H1-2;104194474=H1-2-1;104200673=H1-1
chr9:119090996-119145059	5	54063	loh	full_tree	H1	3	2	B_spannable_pairwise	yes	119130011=H1-1;119131645=H1-1-1;119145059=H1-1-2
chr10:1637176-1739768	5	102592	loh	linear_nested	H1	5	2	C_chained_statistical	yes	1637176=H1-1-1;1647913=H1-1;1696649=H1-2-1;1712309=H1-2;1739768=H1-2-2
chr10:21038781-21108343	5	69562	gain	full_tree	H1,H?	4	2	B_spannable_pairwise	CN-altered(?)	21052260=H1-1-1;21072368=H1-1;21082727=H1-3;21108343=H1-2
chr11:4367179-4439020	5	71841	loh	full_tree	H1	3	2	B_spannable_pairwise	yes	4425267=H1-2;4431140=H1-1;4439020=H1-1-1
chr11:70022905-70087777	5	64872	gain	full_tree	H1,H?	3	2	B_spannable_pairwise	CN-altered(?)	70022905=H1-2;70062122=H1-1-1;70062479=H1-1
chr12:20761090-20824392	5	63302	gain	full_tree	H2	3	2	B_spannable_pairwise	CN-altered(?)	20761090=H2-2;20778396=H2-1-1;20824392=H2-1
chr12:63554382-63576383	5	22001	loh	full_tree	H2	3	2	B_spannable_pairwise	yes	63554382=H2-1;63562069=H2-2;63562699=H2-2-1
chr12:111609368-111667556	5	58188	loh	linear_nested	H1	4	3	B_spannable_pairwise	yes	111609368=H1-1-1-1;111623479=H1-1-1;111639683=H1-1;111667556=H1-1-2
chr12:115121475-115183485	5	62010	loh	linear_nested	H2	5	2	B_spannable_pairwise	yes	115121475=H2-1;115136010=H2-1-1;115167716=H2-2;115181409=H2-2-2;115183485=H2-2-1
chr13:107773460-107826678	5	53218	loh	full_tree	H1,H?	3	2	B_spannable_pairwise	yes	107773460=H1-1;107796381=H1-2-1;107797267=H1-2
chr14:83765942-83835009	5	69067	gain	full_tree	H2	3	2	B_spannable_pairwise	CN-altered(?)	83805347=H2-2-1;83815710=H2-2;83835009=H2-1
chr15:35813924-35903678	5	89754	loh	full_tree	H2,H?	5	2	C_chained_statistical	yes	35813924=H2-3;35837975=H2-2;35874696=H2-4;35896604=H2-1-1;35903678=H2-1
chr15:47370426-47399938	5	29512	loh	linear_nested	H2	4	4	B_spannable_pairwise	yes	47370426=H2-1-1-1;47382544=H2-1-1-1-1;47396039=H2-1-1;47399938=H2-1
chr15:77253233-77318502	5	65269	gain	linear_nested	H2	4	3	B_spannable_pairwise	CN-altered(?)	77253233=H2-1;77266851=H2-1-1;77291131=H2-2-1;77300965=H2-2
chr15:100662844-100720419	5	57575	gain	sibling_only	H1	5	1	B_spannable_pairwise	CN-altered(?)	100662844=H1-4;100671084=H1-1;100705789=H1-5;100720418=H1-3;100720419=H1-2
chr16:10409464-10443534	5	34070	gain	full_tree	H2	3	2	B_spannable_pairwise	CN-altered(?)	10409464=H2-1;10425098=H2-1-1;10443534=H2-2
chr16:12105360-12203456	5	98096	gain	full_tree	H1	3	2	C_chained_statistical	CN-altered(?)	12166534=H1-1;12177408=H1-1-1;12203456=H1-2
chr17:74729907-74844321	5	114414	gain	full_tree	H2	4	3	C_chained_statistical	CN-altered(?)	74729907=H2-2;74748666=H2-1;74771706=H2-1-1;74795641=H2-1-1-1
chr17:79567788-79635336	5	67548	gain	sibling_only	H2	4	1	B_spannable_pairwise	CN-altered(?)	79603863=H2-1;79622550=H2-4;79635201=H2-2;79635336=H2-3
chr18:54947510-55017651	5	70141	gain	sibling_only	H2	5	1	B_spannable_pairwise	CN-altered(?)	54947510=H2-4;54967594=H2-2;55008586=H2-3;55013892=H2-1;55017651=H2-5
chr19:45618724-45633359	5	14635	loh	linear_nested	H2	5	2	B_spannable_pairwise	yes	45618724=H2-1-1;45621905=H2-2;45623014=H2-1;45631031=H2-3;45633359=H2-3-1
chr20:14263147-14311743	5	48596	gain	full_tree	H2	3	2	B_spannable_pairwise	CN-altered(?)	14263147=H2-1;14267994=H2-2;14268009=H2-2-1
chr20:44054176-44076806	5	22630	gain	linear_nested	H1	4	3	A_single_molecule	CN-altered(?)	44054176=H1-1;44064048=H1-1-1-1;44064088=H1-1-1-2;44076806=H1-1-1
chr20:48192960-48251340	5	58380	gain	full_tree	H2	3	2	B_spannable_pairwise	CN-altered(?)	48209208=H2-1-1;48228480=H2-2;48251340=H2-1
chr22:22705773-22736335	5	30562	gain	linear_nested	H2	4	3	A_single_molecule	CN-altered(?)	22705773=H2-1;22706118=H2-1-1;22712094=H2-1-1-2;22723993=H2-1-1-1
chr22:48045239-48150881	5	105642	gain	full_tree	H1	5	2	C_chained_statistical	CN-altered(?)	48045239=H1-2;48076084=H1-4;48096506=H1-3;48138320=H1-1;48150881=H1-1-1
chr1:64551991-64581152	4	29161	loh	full_tree	H1	3	2	B_spannable_pairwise	yes	64551991=H1-2;64570865=H1-1-1;64581152=H1-1
chr1:75093051-75124273	4	31222	loss	full_tree	H1,H?	4	2	B_spannable_pairwise	CN-altered(?)	75093051=H1-1-1;75106326=H1-1;75114157=H1-2;75124273=H1-3
chr1:87321575-87383712	4	62137	gain	full_tree	H1	3	2	B_spannable_pairwise	CN-altered(?)	87321575=H1-1;87329086=H1-1-1;87341547=H1-2
chr1:88633847-88666013	4	32166	gain	full_tree	H2	4	2	A_single_molecule	CN-altered(?)	88633847=H2-3;88651276=H2-2;88651278=H2-1;88666013=H2-2-1
chr1:88957787-89027080	4	69293	gain	sibling_only	H2	4	1	B_spannable_pairwise	CN-altered(?)	88957787=H2-1;88982180=H2-4;89002271=H2-2;89027080=H2-3
chr1:90403877-90425950	4	22073	gain	full_tree	H2	3	2	A_single_molecule	CN-altered(?)	90413566=H2-1;90420850=H2-1-1;90425950=H2-1-2
chr1:90679557-90714575	4	35018	gain	full_tree	H2	3	2	B_spannable_pairwise	CN-altered(?)	90694420=H2-1;90699650=H2-2-1;90714575=H2-2
chr1:111931189-111982877	4	51688	loh	full_tree	H1	3	2	B_spannable_pairwise	yes	111963950=H1-1;111980737=H1-2;111982877=H1-2-1
chr1:162404043-162409647	4	5604	gain	full_tree	H2	3	2	A_single_molecule	CN-altered(?)	162404043=H2-1;162409384=H2-1-1;162409647=H2-1-2
chr1:230026722-230072666	4	45944	gain	full_tree	H1	3	2	B_spannable_pairwise	CN-altered(?)	230026722=H1-2;230029473=H1-1;230033216=H1-2-1
chr2:211560497-211608369	4	47872	neutral	full_tree	H1	3	2	B_spannable_pairwise	yes	211590586=H1-1-1;211608018=H1-1;211608369=H1-1-2
chr2:223827191-223852036	4	24845	neutral	linear_nested	H2	4	3	A_single_molecule	yes	223827191=H2-1-2;223831318=H2-1-1;223846371=H2-1;223852036=H2-1-1-1
chr2:231385027-231432935	4	47908	gain	full_tree	H1	3	2	B_spannable_pairwise	CN-altered(?)	231418294=H1-2;231422386=H1-1-1;231432935=H1-1
chr3:68828587-68871120	4	42533	loh	full_tree	H1	3	2	B_spannable_pairwise	yes	68828587=H1-1-1;68833953=H1-1-2;68848845=H1-1
chr3:145527224-145572920	4	45696	gain	full_tree	H2	4	3	B_spannable_pairwise	CN-altered(?)	145527224=H2-2;145528603=H2-1-1-1;145562317=H2-1-1;145572920=H2-1
chr3:148453224-148505399	4	52175	gain	sibling_only	H2	3	1	B_spannable_pairwise	CN-altered(?)	148453224=H2-2;148458048=H2-1;148470331=H2-3
chr3:149889554-149944387	4	54833	gain	full_tree	H1	4	2	B_spannable_pairwise	CN-altered(?)	149889554=H1-2;149902634=H1-1-2;149932723=H1-1;149944387=H1-1-1
chr3:150127230-150162255	4	35025	gain	sibling_only	H2	3	1	B_spannable_pairwise	CN-altered(?)	150127231=H2-2;150135852=H2-3;150162255=H2-1
chr3:156132687-156162996	4	30309	gain	sibling_only	H2,H?	4	1	B_spannable_pairwise	CN-altered(?)	156132687=H2-2;156141140=H2-3;156141609=H2-1;156162996=H2-4
chr3:172914797-172928489	4	13692	gain	full_tree	H1	3	2	A_single_molecule	CN-altered(?)	172914797=H1-1-1;172914798=H1-1;172918259=H1-2
chr4:32138988-32174389	4	35401	gain	full_tree	H1	3	2	B_spannable_pairwise	CN-altered(?)	32154409=H1-1-2;32162612=H1-1-1;32174389=H1-1
chr4:188655034-188687826	4	32792	loh	full_tree	H1	3	2	B_spannable_pairwise	yes	188677418=H1-1;188681677=H1-1-2;188687826=H1-1-1
chr5:6369135-6422230	4	53095	gain	sibling_only	H2	3	1	B_spannable_pairwise	CN-altered(?)	6393141=H2-1;6401458=H2-2;6422230=H2-3
chr5:30695538-30707669	4	12131	gain	linear_nested	H1	4	3	A_single_molecule	CN-altered(?)	30695538=H1-1-1;30703412=H1-1-1-1;30707568=H1-1;30707669=H1-1-1-2
chr5:76130304-76175092	4	44788	loh	full_tree	H1	4	2	B_spannable_pairwise	yes	76130304=H1-1;76154248=H1-1-1;76175091=H1-2;76175092=H1-3
chr5:82387954-82413187	4	25233	loh	full_tree	H2	3	2	B_spannable_pairwise	yes	82399030=H2-1-1;82412257=H2-1;82413187=H2-1-2
chr5:140502840-140586012	4	83172	gain	sibling_only	H2,H?	4	1	C_chained_statistical	CN-altered(?)	140502840=H2-1;140526448=H2-2;140555204=H2-4;140586012=H2-3
chr5:158538978-158570975	4	31997	loh	sibling_only	H1	3	1	B_spannable_pairwise	yes	158547835=H1-3;158563748=H1-2;158570975=H1-1
chr5:161617633-161669256	4	51623	loh	full_tree	H2	4	2	B_spannable_pairwise	yes	161617633=H2-1;161637358=H2-1-1;161661376=H2-2;161669256=H2-3
chr5:166489441-166518398	4	28957	loh	full_tree	H1	3	2	B_spannable_pairwise	yes	166495839=H1-1;166499370=H1-1-1;166518398=H1-2
chr6:97875039-97893118	4	18079	loss	full_tree	H1	3	2	B_spannable_pairwise	CN-altered(?)	97875039=H1-1;97890027=H1-2;97893118=H1-2-1
chr6:121653103-121665018	4	11915	gain	full_tree	H1	3	2	A_single_molecule	CN-altered(?)	121653104=H1-1-2;121656881=H1-1;121665018=H1-1-1
chr6:121870274-121910864	4	40590	gain	full_tree	H1	4	2	B_spannable_pairwise	CN-altered(?)	121870274=H1-2;121890454=H1-3;121902124=H1-1;121910864=H1-3-1
chr6:164170908-164188447	4	17539	loh	full_tree	H2	3	2	A_single_molecule	yes	164179781=H2-1-2;164182578=H2-1-1;164188447=H2-1
chr7:4909705-4956693	4	46988	gain	full_tree	H1	4	2	B_spannable_pairwise	CN-altered(?)	4909705=H1-2;4929602=H1-2-1;4955557=H1-1;4956693=H1-1-1
chr7:7119017-7183222	4	64205	gain	full_tree	H1	4	2	B_spannable_pairwise	CN-altered(?)	7119017=H1-2;7141511=H1-1-1;7167518=H1-1;7183222=H1-1-2
chr7:21558013-21573450	4	15437	loh	full_tree	H1	3	2	A_single_molecule	yes	21571329=H1-1;21573087=H1-2;21573450=H1-2-1
chr7:111164273-111188872	4	24599	gain	linear_nested	H1	4	3	A_single_molecule	CN-altered(?)	111164273=H1-1-1-1;111178736=H1-1-1;111185091=H1-1;111188872=H1-2
chr7:119335872-119389249	4	53377	gain	full_tree	H2	3	2	B_spannable_pairwise	CN-altered(?)	119335872=H2-2;119339990=H2-1-1;119360204=H2-1
chr8:2874782-2917692	4	42910	loh	full_tree	H1	3	2	B_spannable_pairwise	yes	2874782=H1-1;2877370=H1-1-2;2887601=H1-1-1
chr8:34234441-34283100	4	48659	loh	linear_nested	H1	4	2	B_spannable_pairwise	yes	34234441=H1-1-2;34247626=H1-1;34261513=H1-1-1;34283100=H1-2
chr8:57911088-57938296	4	27208	loh	full_tree	H1	3	2	B_spannable_pairwise	yes	57911088=H1-2;57923820=H1-1-1;57938296=H1-1
chr8:61310728-61344202	4	33474	loh	linear_nested	H1	4	2	B_spannable_pairwise	yes	61310728=H1-1-3;61310999=H1-1-2;61328737=H1-1;61344202=H1-1-1
chr8:79701951-79712134	4	10183	gain	full_tree	H2	3	2	A_single_molecule	CN-altered(?)	79708355=H2-2;79710304=H2-1;79712134=H2-2-1
chr8:83195724-83232179	4	36455	gain	sibling_only	H1	4	1	B_spannable_pairwise	CN-altered(?)	83195724=H1-4;83221288=H1-3;83232141=H1-2;83232179=H1-1
chr8:97671979-97753356	4	81377	loh	full_tree	H2,H?	4	2	C_chained_statistical	yes	97671979=H2-1-1;97692066=H2-1;97719849=H2-1-2;97753356=H2-2
chr8:111682118-111716169	4	34051	gain	sibling_only	H1	3	1	B_spannable_pairwise	CN-altered(?)	111682118=H1-3;111688232=H1-1;111716169=H1-2
chr8:114243029-114295779	4	52750	gain	sibling_only	H1	3	1	B_spannable_pairwise	CN-altered(?)	114243029=H1-3;114243252=H1-1;114261818=H1-2
chr8:132202537-132215689	4	13152	gain	sibling_only	H2	3	1	A_single_molecule	CN-altered(?)	132202537=H2-2;132206175=H2-1;132215689=H2-3
chr9:92630881-92687791	4	56910	gain	full_tree	H1	4	2	B_spannable_pairwise	CN-altered(?)	92630881=H1-2;92652546=H1-3;92676673=H1-1-1;92687791=H1-1
chr10:86009126-86017895	4	8769	loh	full_tree	H1	3	2	A_single_molecule	yes	86009126=H1-1-1;86011155=H1-2;86017895=H1-1
chr11:70621165-70665752	4	44587	neutral	full_tree	H2	4	2	B_spannable_pairwise	yes	70621165=H2-1;70646006=H2-1-1;70661782=H2-2;70665752=H2-3
chr11:99146551-99211407	4	64856	loh	full_tree	H1	3	2	B_spannable_pairwise	yes	99146551=H1-1-2;99159419=H1-1-1;99162613=H1-1
chr11:101156286-101177943	4	21657	loh	linear_nested	H1	4	4	A_single_molecule	yes	101156286=H1-1;101167174=H1-1-1-1;101167176=H1-1-1;101177943=H1-1-1-1-1
chr12:8840433-8854672	4	14239	gain	sibling_only	H1	3	1	A_single_molecule	CN-altered(?)	8840434=H1-3;8853974=H1-1;8854672=H1-2
chr12:88910330-88945626	4	35296	loh	linear_nested	H2	4	3	B_spannable_pairwise	yes	88910330=H2-1-1-1;88924905=H2-1-1;88924948=H2-1;88945626=H2-1-1-2
chr14:23231132-23281431	4	50299	gain	full_tree	H2	4	2	B_spannable_pairwise	CN-altered(?)	23231132=H2-2;23248351=H2-1-1;23273393=H2-1;23281431=H2-1-2
chr14:75449873-75517176	4	67303	gain	full_tree	H3?	3	2	B_spannable_pairwise	CN-altered(?)	75484896=H3?-1;75489879=H3?-1-2;75517176=H3?-1-1
chr14:76059645-76135891	4	76246	gain	full_tree	H3?	3	2	C_chained_statistical	CN-altered(?)	76106759=H3?-1;76129878=H3?-1-2;76135891=H3?-1-1
chr14:87884309-87942847	4	58538	gain	full_tree	H1	3	2	B_spannable_pairwise	CN-altered(?)	87917384=H1-2;87925144=H1-2-1;87942847=H1-1
chr14:94887928-94912720	4	24792	gain	full_tree	H2	3	2	A_single_molecule	CN-altered(?)	94887928=H2-2;94899605=H2-1;94912720=H2-1-1
chr14:101060651-101095943	4	35292	gain	sibling_only	H2	3	1	B_spannable_pairwise	CN-altered(?)	101060651=H2-2;101061692=H2-3;101063146=H2-1
chr14:105311975-105345866	4	33891	gain	full_tree	H2	4	2	B_spannable_pairwise	CN-altered(?)	105311975=H2-1;105327526=H2-1-1;105345019=H2-2;105345866=H2-3
chr15:93765938-93802970	4	37032	gain	full_tree	H1	3	2	B_spannable_pairwise	CN-altered(?)	93765938=H1-1-1;93792622=H1-2;93802970=H1-1
chr17:27147004-27157994	4	10990	loh	full_tree	H2	3	2	A_single_molecule	yes	27147004=H2-2;27154799=H2-1;27157994=H2-2-1
chr17:48357368-48365161	4	7793	loh	full_tree	H1	3	2	A_single_molecule	yes	48357368=H1-2;48365089=H1-1;48365161=H1-1-1
chr17:81102098-81157452	4	55354	gain	linear_nested	H1	4	2	B_spannable_pairwise	CN-altered(?)	81102098=H1-2;81117849=H1-1-1;81147182=H1-1;81157452=H1-1-2
chr20:7691455-7713563	4	22108	gain	full_tree	H2	3	2	A_single_molecule	CN-altered(?)	7691455=H2-1-1;7697750=H2-1-2;7713563=H2-1
chr20:52094778-52166527	4	71749	gain	full_tree	H2	3	2	B_spannable_pairwise	CN-altered(?)	52094778=H2-2;52095807=H2-2-1;52121225=H2-1
chr20:53633775-53670920	4	37145	gain	full_tree	H2	3	2	B_spannable_pairwise	CN-altered(?)	53657469=H2-2-1;53658608=H2-2;53670920=H2-1
chr1:7500258-7500398	3	140	loh	full_tree	H2	3	2	A_single_molecule	yes	7500258=H2-1-1;7500279=H2-1;7500398=H2-2
chr1:43737068-43757112	3	20044	gain	full_tree	H2	3	2	A_single_molecule	CN-altered(?)	43737068=H2-1-1;43743239=H2-1-2;43757112=H2-1
chr1:57352048-57356097	3	4049	loh	full_tree	H1	3	2	A_single_molecule	yes	57352048=H1-1;57355923=H1-2;57356097=H1-1-1
chr1:66110519-66133732	3	23213	loh	full_tree	H2	3	2	B_spannable_pairwise	yes	66110519=H2-1;66126394=H2-2;66133732=H2-2-1
chr1:78728599-78753985	3	25386	loh	full_tree	H1,H?	3	2	B_spannable_pairwise	yes	78728599=H1-1-1;78728619=H1-1;78753985=H1-2
chr1:146481465-146494845	3	13380	gain	full_tree	H2	3	2	A_single_molecule	CN-altered(?)	146481465=H2-2;146493866=H2-1-1;146494845=H2-1
chr1:234303388-234308949	3	5561	gain	full_tree	H1	3	2	A_single_molecule	CN-altered(?)	234303388=H1-2;234308948=H1-1-1;234308949=H1-1
chr2:970921-997726	3	26805	gain	full_tree	H2	3	2	B_spannable_pairwise	CN-altered(?)	970921=H2-2;992071=H2-1-1;997726=H2-1
chr2:88223413-88226765	3	3352	gain	sibling_only	H3?	3	1	A_single_molecule	CN-altered(?)	88223413=H3?-2;88224809=H3?-1;88226765=H3?-3
chr2:118075074-118101980	3	26906	loh	full_tree	H2,H?	3	2	B_spannable_pairwise	yes	118075074=H2-1;118098580=H2-2;118101980=H2-2-1
chr2:124328703-124354937	3	26234	loh	full_tree	H2	3	3	A_single_molecule	yes	124328703=H2-1;124331191=H2-1-1;124354937=H2-1-1-1
chr3:11265138-11286217	3	21079	gain	full_tree	H1	3	2	B_spannable_pairwise	CN-altered(?)	11265138=H1-1-1;11265445=H1-2;11286217=H1-1
chr3:13656805-13681325	3	24520	gain	full_tree	H2	3	2	A_single_molecule	CN-altered(?)	13656805=H2-1-2;13670358=H2-1;13681325=H2-1-1
chr3:39856737-39885877	3	29140	gain	full_tree	H3?	3	2	A_single_molecule	CN-altered(?)	39856737=H3?-2;39865509=H3?-1-1;39885877=H3?-1
chr3:42248807-42280202	3	31395	gain	full_tree	H2	3	3	B_spannable_pairwise	CN-altered(?)	42248807=H2-1;42271094=H2-1-1;42280202=H2-1-1-1
chr3:118416245-118431583	3	15338	loh	full_tree	H2	3	2	A_single_molecule	yes	118416245=H2-1-2;118424343=H2-1-1;118431583=H2-1
chr3:134511679-134539851	3	28172	gain	full_tree	H1	3	2	B_spannable_pairwise	CN-altered(?)	134511679=H1-1-1;134538596=H1-2;134539851=H1-1
chr3:139310112-139313705	3	3593	gain	full_tree	H2	3	2	A_single_molecule	CN-altered(?)	139310112=H2-1;139311968=H2-1-1;139313705=H2-2
chr3:143875630-143898991	3	23361	gain	full_tree	H2	3	2	B_spannable_pairwise	CN-altered(?)	143875630=H2-2;143878954=H2-2-1;143898991=H2-1
chr3:148087172-148107598	3	20426	gain	full_tree	H1	3	2	A_single_molecule	CN-altered(?)	148087172=H1-2;148087173=H1-2-1;148107598=H1-1
chr3:154406681-154413507	3	6826	gain	full_tree	H1	3	2	A_single_molecule	CN-altered(?)	154406681=H1-2;154409191=H1-1;154413507=H1-1-1
chr3:156908371-156934965	3	26594	gain	full_tree	H1	3	2	A_single_molecule	CN-altered(?)	156908371=H1-1;156921503=H1-2;156934965=H1-2-1
chr3:158538672-158551632	3	12960	gain	sibling_only	H1	3	1	A_single_molecule	CN-altered(?)	158538672=H1-3;158543768=H1-1;158551632=H1-2
chr3:161631079-161651816	3	20737	gain	full_tree	H2	3	2	A_single_molecule	CN-altered(?)	161631079=H2-1-1;161637155=H2-1;161651816=H2-1-2
chr3:169547530-169579329	3	31799	gain	sibling_only	H1,H?	3	1	A_single_molecule	CN-altered(?)	169547530=H1-2;169547930=H1-3;169579329=H1-1
chr3:194943357-194949421	3	6064	loh	full_tree	H1	3	2	B_spannable_pairwise	yes	194943357=H1-2-1;194943375=H1-2;194949421=H1-1
chr4:3702921-3720376	3	17455	loh	full_tree	H2	3	2	B_spannable_pairwise	yes	3702921=H2-2;3704535=H2-2-1;3720376=H2-1
chr4:57969733-57996887	3	27154	gain	full_tree	H2	3	2	B_spannable_pairwise	CN-altered(?)	57969733=H2-1-2;57986216=H2-1;57996887=H2-1-1
chr4:88538466-88563016	3	24550	gain	full_tree	H1	3	2	A_single_molecule	CN-altered(?)	88538466=H1-1-1;88561840=H1-1;88563016=H1-1-2
chr5:28666159-28695398	3	29239	gain	full_tree	H1	3	2	A_single_molecule	CN-altered(?)	28666159=H1-2;28681668=H1-1-1;28695398=H1-1
chr5:64276850-64294315	3	17465	loh	sibling_only	H1	3	1	A_single_molecule	yes	64276850=H1-3;64280145=H1-2;64294315=H1-1
chr5:72534548-72541165	3	6617	loh	full_tree	H1	3	2	A_single_molecule	yes	72534548=H1-1-2;72538616=H1-1-1;72541165=H1-1
chr5:112399625-112415165	3	15540	loh	sibling_only	H1	3	1	A_single_molecule	yes	112399625=H1-1;112401564=H1-3;112415165=H1-2
chr5:119701911-119716464	3	14553	loh	full_tree	H1	3	2	A_single_molecule	yes	119701911=H1-1;119703787=H1-1-1;119716464=H1-1-2
chr5:143049898-143073771	3	23873	gain	full_tree	H1	3	2	B_spannable_pairwise	CN-altered(?)	143049898=H1-1-1;143067359=H1-1;143073771=H1-2
chr5:147756639-147772695	3	16056	gain	full_tree	H2	3	2	A_single_molecule	CN-altered(?)	147756639=H2-1;147764528=H2-2-1;147772695=H2-2
chr5:152254467-152274692	3	20225	gain	full_tree	H2	3	2	A_single_molecule	CN-altered(?)	152254467=H2-2;152263761=H2-1-1;152274692=H2-1
chr5:153888942-153907703	3	18761	gain	full_tree	H2	3	2	A_single_molecule	CN-altered(?)	153888942=H2-1-1;153892545=H2-1;153907703=H2-1-2
chr5:155510582-155532981	3	22399	gain	full_tree	H2	3	2	A_single_molecule	CN-altered(?)	155510582=H2-1;155519492=H2-1-1;155532981=H2-2
chr5:156196110-156226733	3	30623	loh	sibling_only	H2	3	1	B_spannable_pairwise	yes	156196110=H2-2;156206549=H2-1;156226733=H2-3
chr5:171677602-171694829	3	17227	loh	full_tree	H2	3	2	A_single_molecule	yes	171677602=H2-1;171680516=H2-1-1;171694829=H2-1-2
chr6:84649008-84662096	3	13088	loss	full_tree	H1	3	2	B_spannable_pairwise	CN-altered(?)	84649008=H1-1;84657234=H1-1-1;84662096=H1-2
chr6:90251380-90259230	3	7850	loss	full_tree	H1	3	2	B_spannable_pairwise	CN-altered(?)	90251380=H1-1;90258306=H1-2-1;90259230=H1-2
chr6:112651643-112663326	3	11683	loh	full_tree	H1	3	2	A_single_molecule	yes	112651643=H1-1;112656933=H1-1-2;112663326=H1-1-1
chr6:122572451-122598102	3	25651	gain	full_tree	H1	3	2	B_spannable_pairwise	CN-altered(?)	122572451=H1-2-1;122594978=H1-2;122598102=H1-1
chr7:29343926-29374156	3	30230	gain	full_tree	H2	3	2	B_spannable_pairwise	CN-altered(?)	29343926=H2-1-1;29372873=H2-1;29374156=H2-1-2
chr7:95753008-95760983	3	7975	gain	full_tree	H2	3	2	A_single_molecule	CN-altered(?)	95753008=H2-1;95760953=H2-2;95760983=H2-2-1
chr7:99868108-99885092	3	16984	gain	full_tree	H1	3	2	A_single_molecule	CN-altered(?)	99868108=H1-1-1;99872892=H1-2;99885092=H1-1
chr7:103496108-103524979	3	28871	gain	full_tree	H1	3	2	A_single_molecule	CN-altered(?)	103496108=H1-1;103509473=H1-2;103524979=H1-1-1
chr7:105677713-105711488	3	33775	gain	full_tree	H2	3	2	A_single_molecule	CN-altered(?)	105677713=H2-2;105706083=H2-1;105711488=H2-1-1
chr7:107807049-107828881	3	21832	gain	sibling_only	H2	3	1	A_single_molecule	CN-altered(?)	107807049=H2-1;107809613=H2-3;107828881=H2-2
chr7:113102496-113133922	3	31426	gain	full_tree	H2	3	2	A_single_molecule	CN-altered(?)	113102496=H2-1-1;113102584=H2-2;113133922=H2-1
chr8:22725703-22747662	3	21959	loh	full_tree	H2	3	2	A_single_molecule	yes	22725703=H2-1;22726802=H2-1-1;22747662=H2-2
chr8:46668377-46684421	3	16044	loh	full_tree	H2	3	2	A_single_molecule	yes	46668377=H2-1-1;46681965=H2-1-2;46684421=H2-1
chr8:58338760-58349709	3	10949	loh	sibling_only	H3?	3	1	A_single_molecule	yes	58338760=H3?-1;58346246=H3?-2;58349709=H3?-3
chr8:74725023-74751569	3	26546	gain	sibling_only	H1	3	1	B_spannable_pairwise	CN-altered(?)	74725023=H1-1;74732851=H1-3;74751569=H1-2
chr8:81672092-81681837	3	9745	gain	full_tree	H1	3	2	A_single_molecule	CN-altered(?)	81672092=H1-1-1;81681086=H1-1;81681837=H1-2
chr8:92045604-92049056	3	3452	loh	full_tree	H1	3	2	A_single_molecule	yes	92045604=H1-2;92046964=H1-1-1;92049056=H1-1
chr8:103176515-103187121	3	10606	gain	full_tree	H2	3	2	A_single_molecule	CN-altered(?)	103176515=H2-1-1;103185136=H2-1;103187121=H2-2
chr8:104461485-104485421	3	23936	gain	full_tree	H2	3	2	A_single_molecule	CN-altered(?)	104461485=H2-1;104472858=H2-1-1;104485421=H2-2
chr8:125094479-125102411	3	7932	gain	sibling_only	H2	3	1	A_single_molecule	CN-altered(?)	125094479=H2-1;125100107=H2-3;125102411=H2-2
chr8:125917922-125948710	3	30788	gain	sibling_only	H2	3	1	A_single_molecule	CN-altered(?)	125917922=H2-2;125927054=H2-1;125948710=H2-3
chr8:128919350-128954001	3	34651	gain	sibling_only	H2	3	1	B_spannable_pairwise	CN-altered(?)	128919350=H2-2;128931009=H2-3;128954001=H2-1
chr8:129346568-129377265	3	30697	gain	sibling_only	H2	3	1	A_single_molecule	CN-altered(?)	129346568=H2-2;129356693=H2-1;129377265=H2-3
chr8:129540022-129568754	3	28732	gain	full_tree	H2	3	2	A_single_molecule	CN-altered(?)	129540022=H2-1;129567272=H2-2;129568754=H2-2-1
chr8:135682650-135697715	3	15065	gain	sibling_only	H2	3	1	A_single_molecule	CN-altered(?)	135682650=H2-1;135692852=H2-3;135697715=H2-2
chr8:142146806-142166567	3	19761	gain	full_tree	H2	3	2	A_single_molecule	CN-altered(?)	142146806=H2-1-1;142152313=H2-2;142166567=H2-1
chr9:18375981-18394066	3	18085	loh	full_tree	H1	3	2	A_single_molecule	yes	18375981=H1-2-1;18382514=H1-1;18394066=H1-2
chr9:130824931-130839454	3	14523	gain	full_tree	H3?	3	2	A_single_molecule	CN-altered(?)	130824931=H3?-1-1;130830542=H3?-2;130839454=H3?-1
chr9:134501832-134526228	3	24396	gain	full_tree	H1	3	2	A_single_molecule	CN-altered(?)	134501832=H1-1-1;134506354=H1-1;134526228=H1-1-2
chr10:99035284-99060233	3	24949	loh	full_tree	H2	3	2	A_single_molecule	yes	99035284=H2-2-1;99035285=H2-2;99060233=H2-1
chr10:120139806-120162647	3	22841	gain	full_tree	H2	3	2	A_single_molecule	CN-altered(?)	120139806=H2-2;120144107=H2-1;120162647=H2-1-1
chr10:125007013-125014690	3	7677	loh	full_tree	H1	3	2	A_single_molecule	yes	125007013=H1-1-2;125012625=H1-1-1;125014690=H1-1
chr10:131800339-131819860	3	19521	loh	full_tree	H2	3	2	A_single_molecule	yes	131800339=H2-1;131819786=H2-2;131819860=H2-1-1
chr11:39795758-39815337	3	19579	loh	full_tree	H1	3	2	A_single_molecule	yes	39795758=H1-1;39813929=H1-2;39815337=H1-1-1
chr12:11276811-11286259	3	9448	gain	full_tree	H1	3	2	A_single_molecule	CN-altered(?)	11276811=H1-2;11279576=H1-1;11286259=H1-2-1
chr12:23102020-23122616	3	20596	gain	full_tree	H2	3	2	A_single_molecule	CN-altered(?)	23102020=H2-2;23102021=H2-2-1;23122616=H2-1
chr12:76113227-76127041	3	13814	loh	full_tree	H2	3	2	B_spannable_pairwise	yes	76113227=H2-2;76124739=H2-1;76127041=H2-1-1
chr12:97632597-97635740	3	3143	loh	full_tree	H2	3	2	A_single_molecule	yes	97632597=H2-2;97635723=H2-1;97635740=H2-1-1
chr13:95064297-95077922	3	13625	loh	sibling_only	H1	3	1	A_single_molecule	yes	95064297=H1-3;95076344=H1-1;95077922=H1-2
chr15:58072558-58103450	3	30892	gain	full_tree	H2	3	2	B_spannable_pairwise	CN-altered(?)	58072558=H2-1-1;58094650=H2-1;58103450=H2-1-2
chr15:90120605-90127514	3	6909	gain	full_tree	H1	3	2	A_single_molecule	CN-altered(?)	90120605=H1-2-1;90120607=H1-2;90127514=H1-1
chr16:5329801-5347889	3	18088	gain	full_tree	H1	3	2	A_single_molecule	CN-altered(?)	5329801=H1-2-1;5338969=H1-1;5347889=H1-2
chr17:11457852-11481364	3	23512	gain	sibling_only	H2	3	1	B_spannable_pairwise	CN-altered(?)	11457852=H2-1;11466808=H2-2;11481364=H2-3
chr17:17195589-17203870	3	8281	gain	full_tree	H2	3	2	A_single_molecule	CN-altered(?)	17195589=H2-1;17200989=H2-2;17203870=H2-2-1
chr17:67395052-67421390	3	26338	gain	full_tree	H1	3	2	A_single_molecule	CN-altered(?)	67395052=H1-2;67408474=H1-1-1;67421390=H1-1
chr17:67913067-67925245	3	12178	gain	full_tree	H2	3	2	A_single_molecule	CN-altered(?)	67913067=H2-2-1;67916164=H2-1;67925245=H2-2
chr17:69070646-69099332	3	28686	gain	sibling_only	H1	3	1	A_single_molecule	CN-altered(?)	69070646=H1-2;69097256=H1-3;69099332=H1-1
chr17:71153699-71182308	3	28609	gain	full_tree	H2	3	2	A_single_molecule	CN-altered(?)	71153699=H2-2;71175518=H2-1;71182308=H2-1-1
chr17:71271023-71292145	3	21122	gain	full_tree	H1	3	2	A_single_molecule	CN-altered(?)	71271023=H1-1-1;71273692=H1-2;71292145=H1-1
chr18:4442473-4465873	3	23400	loh	full_tree	H1,H?	3	2	A_single_molecule	yes	4442473=H1-1-1;4451558=H1-1;4465873=H1-2
chr18:53384847-53413208	3	28361	gain	full_tree	H1,H?	3	2	B_spannable_pairwise	CN-altered(?)	53384847=H1-2;53406918=H1-1;53413208=H1-1-1
chr19:794596-816285	3	21689	loh	full_tree	H2	3	2	B_spannable_pairwise	yes	794596=H2-1;816214=H2-2;816285=H2-2-1
chr19:44919295-44939236	3	19941	loh	full_tree	H1	3	2	B_spannable_pairwise	yes	44919295=H1-1;44937072=H1-1-1;44939236=H1-2
chr21:37127196-37143741	3	16545	loss	full_tree	H2	3	2	A_single_molecule	CN-altered(?)	37127196=H2-1;37133281=H2-2;37143741=H2-2-1
chr22:41287999-41301617	3	13618	gain	full_tree	H3?	3	2	A_single_molecule	CN-altered(?)	41287999=H3?-1;41301487=H3?-2;41301617=H3?-2-1
chr22:41524891-41554515	3	29624	gain	full_tree	H1	3	2	A_single_molecule	CN-altered(?)	41524891=H1-2;41525424=H1-2-1;41554515=H1-1
chr22:44379027-44396017	3	16990	gain	full_tree	H2	3	2	A_single_molecule	CN-altered(?)	44379027=H2-1-1;44381091=H2-2;44396017=H2-1
chr22:48562515-48592294	3	29779	gain	full_tree	H1	3	2	B_spannable_pairwise	CN-altered(?)	48562515=H1-1;48592293=H1-2-1;48592294=H1-2
chr9:105505283-105607846	21	102563	gain	inconsistent	H1	2	1	incompatible(cycle)	CN-altered(?)	
chr12:128702476-128886628	20	184152	loh	linear_nested	H1,H3?	4	2	C_chained_statistical	yes	128714582=H1-1-1;128720534=H1-1;128782151=H1-2-1;128789339=H1-2
chr2:45364315-45428887	17	64572	gain	inconsistent	H2	2	1	incompatible(cycle)	CN-altered(?)	
chr8:93381433-93489243	17	107810	loh	sibling_only	H2	3	1	C_chained_statistical	yes	93381433=H2-2;93404043=H2-3;93418891=H2-1
chr1:113849686-113943406	13	93720	loh	linear_nested	H1,H2	4	2	C_chained_statistical	yes	113852710=H1-1;113876627=H1-1-1;113906130=H1-2;113914804=H1-2-1
chr8:93549499-93635591	13	86092	loh	linear_nested	H1	3	2	C_chained_statistical	yes	93610444=H1-2;93611895=H1-1;93635591=H1-1-1
chr4:15092207-15145169	10	52962	loh	linear_nested	H1	3	2	B_spannable_pairwise	yes	15121531=H1-1-2;15127087=H1-1-1;15128883=H1-1
chr4:91726318-91934601	10	208283	gain	full_tree	H1,H2	4	2	C_chained_statistical	CN-altered(?)	91765511=H2-3;91768870=H2-3-1;91827109=H2-2;91845887=H2-1
chr3:68589653-68658829	9	69176	loh	linear_nested	H2	3	3	B_spannable_pairwise	yes	68607541=H2-1;68609567=H2-1-1;68611899=H2-1-1-1
chr3:75698685-75794401	9	95716	loh	linear_nested	H1	3	2	C_chained_statistical	yes	75755404=H1-1-2;75756906=H1-1;75785035=H1-1-1
chr3:183137182-183250297	9	113115	gain	sibling_only	H1	4	1	C_chained_statistical	CN-altered(?)	183147280=H1-1;183156659=H1-4;183228132=H1-2;183250297=H1-3
chr4:26039134-26178969	9	139835	gain	linear_nested	H2	4	2	C_chained_statistical	CN-altered(?)	26050413=H2-2-1;26060146=H2-2;26106546=H2-1;26142164=H2-1-1
chr6:77970345-77995857	9	25512	loh	linear_nested	H2,H3?	4	2	B_spannable_pairwise	yes	77978157=H2-1-1;77978287=H2-1;77995583=H2-2;77995857=H2-2-1
chr7:135902016-136062127	9	160111	gain	linear_nested	H2	3	2	C_chained_statistical	CN-altered(?)	135902016=H2-1-1;135931762=H2-1;135955294=H2-1-2
chr9:40737916-40781759	9	43843	gain	inconsistent	H1	2	1	incompatible(cycle)	CN-altered(?)	
chr12:30384024-30539349	9	155325	gain	linear_nested	H2	4	2	C_chained_statistical	CN-altered(?)	30384024=H2-1-1;30406079=H2-1;30447200=H2-2-1;30455346=H2-2
chr13:41363633-41499272	9	135639	gain	linear_nested	H1	4	2	C_chained_statistical	CN-altered(?)	41363633=H1-2;41384677=H1-2-1;41488580=H1-1-1;41499272=H1-1
chr15:85932245-86104023	9	171778	gain	sibling_only	H2	3	1	C_chained_statistical	CN-altered(?)	85932245=H2-3;85972338=H2-1;85975772=H2-2
chr18:55975768-56161115	9	185347	gain	full_tree	H2	4	2	C_chained_statistical	CN-altered(?)	55975768=H2-1-1;55997635=H2-1;56051090=H2-3;56069567=H2-2
chr22:30064792-30209820	9	145028	gain	sibling_only	H2	3	1	C_chained_statistical	CN-altered(?)	30190073=H2-3;30191136=H2-1;30209820=H2-2
chr1:204288565-204401164	8	112599	gain	linear_nested	H1	4	2	C_chained_statistical	CN-altered(?)	204333047=H1-2;204339247=H1-2-1;204394320=H1-1;204401164=H1-1-1
chr1:211828496-211915320	8	86824	gain	linear_nested	H2	3	2	C_chained_statistical	CN-altered(?)	211860136=H2-2;211889446=H2-1-1;211915320=H2-1
chr2:173290368-173430364	8	139996	gain	linear_nested	H2	4	2	C_chained_statistical	CN-altered(?)	173335255=H2-2-1;173343511=H2-2;173425670=H2-1;173430364=H2-1-1
chr4:115134206-115289718	8	155512	gain	full_tree	H1,H2	4	2	C_chained_statistical	CN-altered(?)	115257333=H2-3;115274363=H2-2;115286971=H2-1;115289718=H2-2-1
chr4:115345892-115480002	8	134110	gain	linear_nested	H1	3	2	C_chained_statistical	CN-altered(?)	115367362=H1-1-1;115423637=H1-1;115441465=H1-1-2
chr4:130222541-130385827	8	163286	gain	sibling_only	H1	4	1	C_chained_statistical	CN-altered(?)	130222541=H1-3;130249544=H1-2;130318484=H1-1;130323373=H1-4
chr4:134101871-134231598	8	129727	gain	linear_nested	H2	4	2	C_chained_statistical	CN-altered(?)	134101871=H2-1-1;134134340=H2-1;134217422=H2-2-1;134231598=H2-2
chr5:35629379-35758724	8	129345	gain	linear_nested	H1,H2	4	2	C_chained_statistical	CN-altered(?)	35686730=H1-1;35701078=H1-1-1;35708178=H1-2-1;35727000=H1-2
chr7:93150197-93279273	8	129076	gain	linear_nested	H2	3	2	C_chained_statistical	CN-altered(?)	93150197=H2-1-1;93157476=H2-1-2;93173484=H2-1
chr7:144653305-144796676	8	143371	gain	linear_nested	H1,H2	4	2	C_chained_statistical	CN-altered(?)	144715058=H2-1;144719839=H2-1-1;144756112=H2-2-1;144759868=H2-2
chr8:75190166-75390395	8	200229	gain	full_tree	H1	4	2	C_chained_statistical	CN-altered(?)	75190166=H1-2;75190176=H1-2-1;75277264=H1-3;75299438=H1-1
chr8:86063660-86119298	8	55638	loh	full_tree	H1	3	2	B_spannable_pairwise	yes	86063660=H1-1;86086586=H1-2-1;86094431=H1-2
chr8:86367267-86508754	8	141487	loh	full_tree	H2,H3?	4	2	C_chained_statistical	yes	86408311=H3?-2-1;86413780=H3?-2;86505728=H3?-1;86508754=H3?-3
chr9:8708281-8821102	8	112821	gain	linear_nested	H1,H2	4	2	C_chained_statistical	CN-altered(?)	8785084=H2-2-1;8785085=H2-2;8791854=H2-1-1;8800912=H2-1
chr10:50910146-51030806	8	120660	gain	full_tree	H1	4	2	C_chained_statistical	CN-altered(?)	50918214=H1-1-1;50923575=H1-1;51020634=H1-3;51030806=H1-2
chr11:66393876-66508537	8	114661	gain	full_tree	H2	3	2	C_chained_statistical	CN-altered(?)	66393876=H2-1-1;66394875=H2-1;66397980=H2-2
chr11:71439201-71551279	8	112078	loh	sibling_only	H2,H?	4	1	C_chained_statistical	yes	71471715=H?-4;71474976=H?-1;71534150=H?-3;71551279=H?-2
chr12:9024176-9166731	8	142555	gain	sibling_only	H1,H?	4	1	C_chained_statistical	CN-altered(?)	9049996=H1-1;9068692=H1-3;9131150=H1-4;9161992=H1-2
chr12:33552830-33684007	8	131177	gain	linear_nested	H1	4	2	C_chained_statistical	CN-altered(?)	33552830=H1-2-1;33556842=H1-2;33664173=H1-1-1;33684007=H1-1
chr14:48361865-48486702	8	124837	gain	full_tree	H1,H2	4	2	C_chained_statistical	CN-altered(?)	48361865=H2-3;48369868=H2-2;48428902=H2-1-1;48470038=H2-1
chr16:19224087-19343144	8	119057	gain	full_tree	H1,H2	4	2	C_chained_statistical	CN-altered(?)	19246217=H2-1;19266917=H2-1-1;19269856=H2-3;19295259=H2-2
chr20:22114421-22298543	8	184122	gain	linear_nested	H1,H2	4	2	C_chained_statistical	CN-altered(?)	22114421=H1-2-1;22132153=H1-2;22223062=H1-1;22238170=H1-1-1
chr20:47780185-47819846	8	39661	gain	linear_nested	H2,H3?	4	2	B_spannable_pairwise	CN-altered(?)	47780185=H2-1;47780346=H2-1-1;47816844=H2-2;47819846=H2-2-1
chr4:31409148-31486849	7	77701	gain	linear_nested	H1	4	2	C_chained_statistical	CN-altered(?)	31410226=H1-1-1;31420956=H1-1;31446322=H1-2-1;31462013=H1-2
chr4:34033685-34132105	7	98420	gain	linear_nested	H2,H3?	4	2	C_chained_statistical	CN-altered(?)	34033685=H2-2-1;34040340=H2-2;34060665=H2-1;34067881=H2-1-1
chr4:68662515-68755166	7	92651	gain	full_tree	H2	4	2	C_chained_statistical	CN-altered(?)	68664637=H2-2;68664778=H2-3;68749637=H2-1-1;68755166=H2-1
chr4:122287405-122417670	7	130265	gain	sibling_only	H1,H3?	4	1	C_chained_statistical	CN-altered(?)	122319913=H3?-2;122351112=H3?-4;122411481=H3?-1;122417670=H3?-3
chr5:10116044-10193680	7	77636	gain	full_tree	H1,H2	4	2	C_chained_statistical	CN-altered(?)	10178161=H1-1-1;10191003=H1-1;10192033=H1-3;10193680=H1-2
chr6:87645683-87704981	7	59298	loss	sibling_only	H1	4	1	B_spannable_pairwise	CN-altered(?)	87645683=H1-4;87661275=H1-1;87702253=H1-3;87704981=H1-2
chr6:91739116-91808998	7	69882	loss	full_tree	H1,H?	4	2	B_spannable_pairwise	CN-altered(?)	91739116=H1-2;91741600=H1-2-1;91793152=H1-3;91808998=H1-1
chr6:162055057-162157947	7	102890	loh	full_tree	H2,H3?,H?	4	2	C_chained_statistical	yes	162055673=H2-3;162077161=H2-2;162119517=H2-1-1;162131342=H2-1
chr6:169957680-170103831	7	146151	gain	linear_nested	H1,H2	4	2	C_chained_statistical	CN-altered(?)	169981111=H1-2;169989956=H1-2-1;170025139=H1-1;170047414=H1-1-1
chr7:3120277-3273974	7	153697	gain	sibling_only	H1	4	1	C_chained_statistical	CN-altered(?)	3120281=H1-3;3130418=H1-2;3254743=H1-4;3273974=H1-1
chr7:28792392-28878693	7	86301	gain	full_tree	H1,H3?	4	2	C_chained_statistical	CN-altered(?)	28792392=H1-1-1;28827853=H1-1;28869798=H1-2;28878693=H1-3
chr8:82258105-82333087	7	74982	gain	linear_nested	H2	3	2	B_spannable_pairwise	CN-altered(?)	82258105=H2-1-1;82258124=H2-1-2;82279324=H2-1
chr8:102963187-103062385	7	99198	gain	sibling_only	H2,H?	4	1	C_chained_statistical	CN-altered(?)	102963187=H?-1;102991688=H?-4;103040184=H?-2;103062385=H?-3
chr10:35513688-35665652	7	151964	gain	sibling_only	H1,H?	3	1	C_chained_statistical	CN-altered(?)	35600042=H1-1;35625230=H1-3;35625231=H1-2
chr11:44719562-44845219	7	125657	loh	linear_nested	H1	3	2	C_chained_statistical	yes	44792073=H1-1-2;44809178=H1-1;44817293=H1-1-1
chr12:12562148-12653036	7	90888	gain	linear_nested	H2	3	3	C_chained_statistical	CN-altered(?)	12562343=H2-1;12580094=H2-1-1;12612221=H2-1-1-1
chr12:22035603-22144898	7	109295	gain	full_tree	H1,H2	4	2	C_chained_statistical	CN-altered(?)	22073419=H1-2;22087795=H1-3-1;22095997=H1-3;22100431=H1-1
chr13:38372029-38549567	7	177538	gain	linear_nested	H1,H2	4	2	C_chained_statistical	CN-altered(?)	38372029=H2-1-1;38391703=H2-1;38465022=H2-2;38518416=H2-2-1
chr15:60636519-60767362	7	130843	gain	sibling_only	H1,H2,H?	4	1	C_chained_statistical	CN-altered(?)	60667859=H2-3;60701010=H2-2;60730775=H2-4;60757126=H2-1
chr16:1205520-1356486	7	150966	gain	full_tree	H1,H2	4	2	C_chained_statistical	CN-altered(?)	1230637=H2-3;1256101=H2-2;1292907=H2-1-1;1320437=H2-1
chr16:13535345-13646299	7	110954	gain	linear_nested	H1,H2	4	2	C_chained_statistical	CN-altered(?)	13535345=H1-1-1;13542313=H1-1;13593735=H1-2-1;13596207=H1-2
chr17:18119985-18200112	7	80127	gain	full_tree	H1,H3?	4	2	C_chained_statistical	CN-altered(?)	18119985=H3?-1;18138193=H3?-3;18143814=H3?-2;18169655=H3?-2-1
chr18:12901973-13015259	7	113286	gain	full_tree	H1,H3?	4	2	C_chained_statistical	CN-altered(?)	12901973=H1-1-1;12906132=H1-1;12990555=H1-3;12995363=H1-2
chr19:49381049-49503971	7	122922	loh	full_tree	H1	3	2	C_chained_statistical	yes	49421496=H1-1;49441902=H1-1-1;49449331=H1-2
chr20:42840415-42981498	7	141083	gain	linear_nested	H2	4	2	C_chained_statistical	CN-altered(?)	42840415=H2-2;42848360=H2-2-1;42955482=H2-1-1;42981498=H2-1
chr20:57232716-57358693	7	125977	gain	full_tree	H2	3	2	C_chained_statistical	CN-altered(?)	57311191=H2-1;57351014=H2-2-1;57358693=H2-2
chr21:25233798-25309803	7	76005	neutral	linear_nested	H2	3	3	C_chained_statistical	yes	25233798=H2-1-1;25245901=H2-1;25262456=H2-1-1-1
chr21:38979149-39071882	7	92733	neutral	linear_nested	H2	4	2	C_chained_statistical	yes	38979149=H2-1-1;38990794=H2-1;39040008=H2-2;39042916=H2-2-1
chr1:5054294-5160172	6	105878	loh	full_tree	H2,H?	4	2	C_chained_statistical	yes	5054294=H2-2;5076491=H2-1;5160169=H2-3;5160172=H2-3-1
chr1:37177717-37290070	6	112353	loh	linear_nested	H1	4	2	C_chained_statistical	yes	37235269=H1-1-1;37254240=H1-1;37266948=H1-2-1;37290070=H1-2
chr1:48063840-48181645	6	117805	gain	full_tree	H1	4	2	C_chained_statistical	CN-altered(?)	48063840=H1-2-1;48081616=H1-2;48158346=H1-3;48181645=H1-1
chr1:49963814-50079224	6	115410	gain	sibling_only	H2	3	1	C_chained_statistical	CN-altered(?)	50036328=H2-1;50063884=H2-3;50079224=H2-2
chr1:79205635-79302840	6	97205	loh	full_tree	H1,H?	4	2	C_chained_statistical	yes	79240364=H?-1;79240710=H?-1-1;79263325=H?-3;79271182=H?-2
chr1:101256404-101377970	6	121566	loh	sibling_only	H1	4	1	C_chained_statistical	yes	101256404=H1-2;101258880=H1-1;101377969=H1-3;101377970=H1-4
chr1:143599493-143667884	6	68391	gain	linear_nested	H2	3	2	B_spannable_pairwise	CN-altered(?)	143646822=H2-1;143667883=H2-1-1;143667884=H2-1-2
chr1:181550780-181689781	6	139001	gain	full_tree	H3?	3	2	C_chained_statistical	CN-altered(?)	181571577=H3?-2;181604284=H3?-1;181620871=H3?-1-1
chr1:241631412-241692725	6	61313	gain	inconsistent	H1	2	1	incompatible(cycle)	CN-altered(?)	
chr2:142653288-142763898	6	110610	loh	linear_nested	H1	3	2	C_chained_statistical	yes	142694206=H1-1-2;142729140=H1-1-1;142763898=H1-1
chr2:165706132-165818466	6	112334	gain	linear_nested	H2	4	2	C_chained_statistical	CN-altered(?)	165706132=H2-1-1;165747051=H2-1;165793469=H2-2-1;165818466=H2-2
chr2:182591104-182678750	6	87646	gain	linear_nested	H2	4	2	C_chained_statistical	CN-altered(?)	182591104=H2-2-1;182611854=H2-2;182666191=H2-1-1;182678750=H2-1
chr2:210782001-210880467	6	98466	neutral	linear_nested	H1	4	2	C_chained_statistical	yes	210782001=H1-1-1;210793812=H1-1;210832847=H1-2;210860223=H1-2-1
chr3:89915089-89970884	6	55795	gain	linear_nested	H2	3	2	B_spannable_pairwise	CN-altered(?)	89952790=H2-1;89970883=H2-1-1;89970884=H2-1-2
chr4:24095170-24205678	6	110508	loss	full_tree	H1,H?	4	2	C_chained_statistical	CN-altered(?)	24150027=H1-2;24168122=H1-3;24202465=H1-1;24205678=H1-1-1
chr4:25676653-25721520	6	44867	gain	linear_nested	H1	3	2	B_spannable_pairwise	CN-altered(?)	25678192=H1-1-2;25708004=H1-1-1;25721520=H1-1
chr4:74332280-74426909	6	94629	gain	linear_nested	H2	3	2	C_chained_statistical	CN-altered(?)	74393599=H2-1;74394074=H2-1-2;74400741=H2-1-1
chr4:107882634-107955287	6	72653	gain	full_tree	H1	3	2	B_spannable_pairwise	CN-altered(?)	107927180=H1-2;107950646=H1-1-1;107955287=H1-1
chr4:111819149-111956317	6	137168	gain	full_tree	H1,H2	4	2	C_chained_statistical	CN-altered(?)	111819149=H2-2-1;111828402=H2-2;111902619=H2-1;111924206=H2-3
chr4:136141633-136209840	6	68207	gain	sibling_only	H1	3	1	B_spannable_pairwise	CN-altered(?)	136173712=H1-1;136198074=H1-3;136209840=H1-2
chr5:1200504-1265007	6	64503	gain	full_tree	H1	3	2	B_spannable_pairwise	CN-altered(?)	1200504=H1-1-1;1231003=H1-1;1265007=H1-2
chr5:28188507-28264702	6	76195	gain	sibling_only	H3?	3	1	C_chained_statistical	CN-altered(?)	28247410=H3?-3;28247876=H3?-2;28264702=H3?-1
chr5:42018092-42067602	6	49510	gain	linear_nested	H1	3	3	B_spannable_pairwise	CN-altered(?)	42018092=H1-1;42020299=H1-1-1;42025376=H1-1-1-1
chr7:64179675-64262378	6	82703	gain	linear_nested	H1,H2	4	2	C_chained_statistical	CN-altered(?)	64179675=H1-2-1;64190367=H1-1-1;64195833=H1-2;64199056=H1-1
chr7:81318988-81354607	6	35619	gain	linear_nested	H2,H3?	4	2	B_spannable_pairwise	CN-altered(?)	81324975=H3?-1-1;81326697=H3?-1;81344483=H3?-2-1;81354607=H3?-2
chr7:83497059-83577389	6	80330	gain	full_tree	H1,H2	4	2	C_chained_statistical	CN-altered(?)	83501090=H1-3;83527893=H1-3-1;83567204=H1-1;83577389=H1-2
chr7:88267974-88420028	6	152054	gain	sibling_only	H1	4	1	C_chained_statistical	CN-altered(?)	88267974=H1-3;88291063=H1-2;88408845=H1-4;88420028=H1-1
chr7:106280304-106372859	6	92555	gain	sibling_only	H2	4	1	C_chained_statistical	CN-altered(?)	106280304=H2-4;106294668=H2-3;106315409=H2-1;106335141=H2-2
chr7:129321624-129471720	6	150096	gain	full_tree	H2	4	2	C_chained_statistical	CN-altered(?)	129321624=H2-1;129350790=H2-1-1;129446446=H2-3;129471720=H2-2
chr8:54627056-54765142	6	138086	loh	full_tree	H1	3	2	C_chained_statistical	yes	54717963=H1-2;54737824=H1-2-1;54765142=H1-1
chr8:62994927-63140106	6	145179	loh	full_tree	H1	3	2	C_chained_statistical	yes	63098553=H1-2;63119896=H1-1;63140106=H1-1-1
chr8:75571835-75687375	6	115540	gain	sibling_only	H1	3	1	C_chained_statistical	CN-altered(?)	75641987=H1-2;75665491=H1-3;75687375=H1-1
chr8:87536952-87610000	6	73048	loh	full_tree	H1,H2	4	2	B_spannable_pairwise	yes	87536952=H2-3;87539362=H2-3-1;87555831=H2-2;87577088=H2-1
chr8:129671443-129736881	6	65438	gain	sibling_only	H2	3	1	B_spannable_pairwise	CN-altered(?)	129695802=H2-1;129707903=H2-3;129736881=H2-2
chr8:140074682-140211490	6	136808	gain	sibling_only	H1,H3?	4	1	C_chained_statistical	CN-altered(?)	140074682=H1-3;140103015=H1-2;140133661=H1-4;140143954=H1-1
chr9:13911165-13978128	6	66963	gain	linear_nested	H1,H2	4	2	B_spannable_pairwise	CN-altered(?)	13949646=H1-1;13959395=H1-1-1;13970627=H1-2;13978128=H1-2-1
chr9:95780461-95848004	6	67543	gain	sibling_only	H2	3	1	B_spannable_pairwise	CN-altered(?)	95804332=H2-1;95825286=H2-3;95843366=H2-2
chr10:8902240-9035681	6	133441	loh	full_tree	H2,H?	4	2	C_chained_statistical	yes	8902240=H2-3;8924646=H2-2;8992652=H2-1-1;9002220=H2-1
chr10:11313752-11433653	6	119901	loh	full_tree	H2	4	2	C_chained_statistical	yes	11313752=H2-1;11330539=H2-1-1;11369710=H2-3;11386812=H2-2
chr10:39008387-39133394	6	125007	gain	linear_nested	H1	3	3	C_chained_statistical	CN-altered(?)	39117236=H1-1-1-1;39121646=H1-1;39133394=H1-1-1
chr11:20638484-20743115	6	104631	loh	full_tree	H1,H?	4	2	C_chained_statistical	yes	20638484=H1-1-1;20640988=H1-1;20663950=H1-3;20684357=H1-2
chr11:102444151-102519355	6	75204	loh	linear_nested	H2	3	2	B_spannable_pairwise	yes	102444151=H2-1-2;102460102=H2-1;102519355=H2-1-1
chr12:10756729-10861354	6	104625	gain	linear_nested	H2	3	3	C_chained_statistical	CN-altered(?)	10756729=H2-1-1;10784846=H2-1;10785735=H2-1-1-1
chr12:25923240-25994614	6	71374	gain	linear_nested	H2	3	3	B_spannable_pairwise	CN-altered(?)	25928434=H2-1-1-1;25935115=H2-1-1;25944890=H2-1
chr12:80474654-80597839	6	123185	loh	full_tree	H2	4	2	C_chained_statistical	yes	80474654=H2-1-1;80495234=H2-1;80543028=H2-2;80557908=H2-3
chr13:44916155-45065344	6	149189	gain	full_tree	H1,H2	4	2	C_chained_statistical	CN-altered(?)	44941888=H2-2;44976455=H2-3;45022467=H2-1;45032730=H2-1-1
chr14:65267468-65332957	6	65489	gain	linear_nested	H1,H2	4	2	B_spannable_pairwise	CN-altered(?)	65267468=H1-1-1;65273320=H1-1;65284039=H1-2;65288149=H1-2-1
chr14:97257407-97362891	6	105484	gain	linear_nested	H1	3	2	C_chained_statistical	CN-altered(?)	97257407=H1-1;97266757=H1-1-2;97275848=H1-1-1
chr16:12853431-12967329	6	113898	gain	sibling_only	H1	3	1	C_chained_statistical	CN-altered(?)	12885635=H1-1;12910638=H1-3;12920744=H1-2
chr17:4097419-4218888	6	121469	gain	sibling_only	H1,H3?	4	1	C_chained_statistical	CN-altered(?)	4097419=H1-2;4120118=H1-3;4212309=H1-1;4218888=H1-4
chr17:6675374-6793744	6	118370	gain	sibling_only	H2,H?	4	1	C_chained_statistical	CN-altered(?)	6675374=H2-2;6684778=H2-3;6734328=H2-1;6757648=H2-4
chr18:41544051-41651255	6	107204	gain	linear_nested	H1,H2	4	2	C_chained_statistical	CN-altered(?)	41581285=H1-1-1;41599197=H1-1;41627853=H1-2-1;41651255=H1-2
chr18:54425174-54532010	6	106836	gain	full_tree	H1,H2	4	2	C_chained_statistical	CN-altered(?)	54467395=H1-2;54481564=H1-3;54517750=H1-1;54530813=H1-1-1
chr19:3914275-3962152	6	47877	loh	linear_nested	H1	3	2	B_spannable_pairwise	yes	3945001=H1-1-1;3945454=H1-1-2;3962152=H1-1
chr19:53946574-54063131	6	116557	loh	linear_nested	H2	4	2	C_chained_statistical	yes	53997813=H2-1;54018319=H2-1-1;54063130=H2-2-1;54063131=H2-2
chr21:24616977-24739755	6	122778	neutral	full_tree	H1,H2	4	2	C_chained_statistical	yes	24634642=H1-1;24644677=H1-1-1;24721408=H1-2;24739755=H1-3
chr22:23353013-23426573	6	73560	gain	linear_nested	H1,H2	4	2	B_spannable_pairwise	CN-altered(?)	23353013=H1-2-1;23372522=H1-2;23405540=H1-1-1;23426573=H1-1
chr1:28982444-29076139	5	93695	gain	full_tree	H2	4	2	C_chained_statistical	CN-altered(?)	28990337=H2-3;29014067=H2-2;29059549=H2-1-1;29076139=H2-1
chr1:39885709-39984391	5	98682	loh	sibling_only	H1	4	1	C_chained_statistical	yes	39885709=H1-3;39910450=H1-1;39941940=H1-2;39951365=H1-4
chr1:58236406-58332613	5	96207	loss	full_tree	H1	3	2	C_chained_statistical	CN-altered(?)	58293427=H1-1-1;58306441=H1-1;58332613=H1-2
chr1:83067103-83162300	5	95197	loh	full_tree	H2	3	2	C_chained_statistical	yes	83099892=H2-1-1;83120513=H2-2;83123583=H2-1
chr1:119845496-119914435	5	68939	gain	sibling_only	H2	3	1	B_spannable_pairwise	CN-altered(?)	119861855=H2-3;119870481=H2-2;119895936=H2-1
chr1:160038404-160099373	5	60969	gain	linear_nested	H1	3	2	B_spannable_pairwise	CN-altered(?)	160038404=H1-1;160059164=H1-1-1;160099373=H1-2
chr2:607909-680929	5	73020	gain	full_tree	H2	4	2	B_spannable_pairwise	CN-altered(?)	607909=H2-3-1;608037=H2-3;645214=H2-1;680929=H2-2
chr2:12902177-12989169	5	86992	loh	linear_nested	H2	4	2	C_chained_statistical	yes	12902177=H2-2-1;12936411=H2-2;12965685=H2-1-1;12989169=H2-1
chr2:18068480-18123326	5	54846	loh	full_tree	H2	4	2	B_spannable_pairwise	yes	18068480=H2-2-1;18072546=H2-2;18108828=H2-3;18123326=H2-1
chr2:21797623-21831456	5	33833	loh	sibling_only	H1	3	1	B_spannable_pairwise	yes	21797623=H1-1;21809930=H1-2;21831456=H1-3
chr2:50045117-50104399	5	59282	gain	linear_nested	H1	4	2	B_spannable_pairwise	CN-altered(?)	50045117=H1-2-1;50047755=H1-2;50081499=H1-1-1;50104399=H1-1
chr2:51303183-51368790	5	65607	gain	full_tree	H1	3	2	B_spannable_pairwise	CN-altered(?)	51318870=H1-2;51341652=H1-2-1;51355834=H1-1
chr2:143047416-143160006	5	112590	loh	sibling_only	H1,H?	3	1	C_chained_statistical	yes	143047416=H?-3;143078389=H?-2;143134336=H?-1
chr2:175227773-175272447	5	44674	gain	full_tree	H2	3	2	B_spannable_pairwise	CN-altered(?)	175227773=H2-2;175252577=H2-1;175270879=H2-1-1
chr2:199766356-199790920	5	24564	neutral	full_tree	H2	2	2	A_single_molecule	yes	199766814=H2-1-1;199790920=H2-1
chr2:231145683-231158634	5	12951	gain	linear_nested	H1	3	3	B_spannable_pairwise	CN-altered(?)	231146099=H1-1;231148010=H1-1-1-1;231158634=H1-1-1
chr3:4157692-4217724	5	60032	gain	linear_nested	H2	3	3	B_spannable_pairwise	CN-altered(?)	4198764=H2-1-1-1;4204706=H2-1;4217724=H2-1-1
chr3:17615849-17683155	5	67306	gain	full_tree	H2	4	2	B_spannable_pairwise	CN-altered(?)	17615849=H2-1;17638074=H2-1-1;17671645=H2-3;17683155=H2-2
chr3:106911267-106968932	5	57665	loh	linear_nested	H2	3	2	B_spannable_pairwise	yes	106911267=H2-1-2;106946327=H2-1;106968932=H2-1-1
chr3:153631749-153717775	5	86026	gain	sibling_only	H1	3	1	C_chained_statistical	CN-altered(?)	153678669=H1-2;153685644=H1-1;153717775=H1-3
chr3:158894579-159027373	5	132794	gain	sibling_only	H2	4	1	C_chained_statistical	CN-altered(?)	158894579=H2-1;158922621=H2-3;158993678=H2-4;159027373=H2-2
chr3:167848558-167918839	5	70281	loh	linear_nested	H2	4	2	B_spannable_pairwise	yes	167848558=H2-1;167854534=H2-1-1;167899430=H2-2-1;167918839=H2-2
chr3:183462846-183520195	5	57349	gain	linear_nested	H1	3	2	B_spannable_pairwise	CN-altered(?)	183462846=H1-1-2;183486741=H1-1;183520195=H1-1-1
chr4:13885526-13916414	5	30888	loh	linear_nested	H1	3	3	B_spannable_pairwise	yes	13885526=H1-1;13891664=H1-1-1;13916414=H1-1-1-1
chr4:56714925-56777449	5	62524	gain	full_tree	H1,H2,H?	4	2	B_spannable_pairwise	CN-altered(?)	56744942=H1-1-1;56748580=H1-2;56751985=H1-1;56777449=H1-3
chr4:59066571-59139037	5	72466	gain	linear_nested	H2	4	2	B_spannable_pairwise	CN-altered(?)	59066571=H2-1-1;59067204=H2-1;59138372=H2-2-1;59139037=H2-2
chr4:70540291-70596115	5	55824	gain	linear_nested	H1	3	2	B_spannable_pairwise	CN-altered(?)	70540291=H1-2;70548355=H1-1-1;70567453=H1-1
chr4:86291546-86350234	5	58688	gain	linear_nested	H1,H2	4	2	B_spannable_pairwise	CN-altered(?)	86291546=H1-1-1;86298353=H1-1;86331523=H1-2;86350234=H1-2-1
chr4:95429349-95490643	5	61294	gain	full_tree	H2	3	2	B_spannable_pairwise	CN-altered(?)	95429349=H2-1;95451757=H2-1-1;95475008=H2-2
chr4:97912300-97991585	5	79285	gain	linear_nested	H1,H2	4	2	C_chained_statistical	CN-altered(?)	97912300=H2-2;97920542=H2-2-1;97965833=H2-1;97974546=H2-1-1
chr4:106708409-106803729	5	95320	gain	full_tree	H2	4	2	C_chained_statistical	CN-altered(?)	106708409=H2-3;106711000=H2-2;106790532=H2-1-1;106803729=H2-1
chr4:140389961-140487611	5	97650	gain	sibling_only	H3?	3	1	C_chained_statistical	CN-altered(?)	140458069=H3?-3;140483106=H3?-2;140487611=H3?-1
chr5:6201328-6284158	5	82830	gain	full_tree	H1	4	2	C_chained_statistical	CN-altered(?)	6201328=H1-3;6218856=H1-2;6278925=H1-1;6284158=H1-1-1
chr5:7152537-7239417	5	86880	gain	full_tree	H1	3	2	C_chained_statistical	CN-altered(?)	7166106=H1-2;7184105=H1-1;7199455=H1-1-1
chr5:12089682-12131259	5	41577	gain	linear_nested	H1,H2	4	2	B_spannable_pairwise	CN-altered(?)	12094094=H1-1;12115942=H1-1-1;12130723=H1-2-1;12131259=H1-2
chr5:25369658-25419126	5	49468	gain	linear_nested	H1,H2	4	2	B_spannable_pairwise	CN-altered(?)	25369658=H1-1-1;25370525=H1-2-1;25374857=H1-2;25377897=H1-1
chr5:115127578-115170437	5	42859	loh	linear_nested	H1	3	2	B_spannable_pairwise	yes	115151639=H1-1;115166696=H1-1-2;115170437=H1-1-1
chr6:71946774-72039559	5	92785	gain	sibling_only	H2	4	1	C_chained_statistical	CN-altered(?)	71946774=H2-2;71972335=H2-1;72014887=H2-4;72039559=H2-3
chr6:90045256-90085150	5	39894	loh	full_tree	H1,H3?	4	2	B_spannable_pairwise	yes	90045256=H1-2;90046734=H1-3;90046965=H1-3-1;90056155=H1-1
chr6:114147463-114175595	5	28132	loh	linear_nested	H2	3	2	B_spannable_pairwise	yes	114147463=H2-1-1;114167931=H2-1;114175595=H2-1-2
chr6:116472700-116581218	5	108518	gain	full_tree	H2	3	2	C_chained_statistical	CN-altered(?)	116516500=H2-1-1;116526945=H2-1;116550023=H2-2
chr6:116788704-116873592	5	84888	gain	linear_nested	H2,H3?	4	2	C_chained_statistical	CN-altered(?)	116826753=H2-1;116828614=H2-1-1;116871200=H2-2;116873592=H2-2-1
chr6:118863030-118939898	5	76868	gain	linear_nested	H1	3	2	C_chained_statistical	CN-altered(?)	118863030=H1-2;118880446=H1-1-1;118939898=H1-1
chr7:41397943-41443108	5	45165	gain	linear_nested	H2	3	2	B_spannable_pairwise	CN-altered(?)	41397943=H2-1;41408835=H2-1-1;41408836=H2-2
chr7:46418534-46473777	5	55243	gain	linear_nested	H2	3	3	B_spannable_pairwise	CN-altered(?)	46418535=H2-1;46427998=H2-1-1;46435218=H2-1-1-1
chr7:52388334-52507075	5	118741	gain	full_tree	H2,H?	4	2	C_chained_statistical	CN-altered(?)	52388334=H?-2;52398744=H?-2-1;52489200=H?-1;52507075=H?-3
chr7:78217773-78268415	5	50642	gain	sibling_only	H2	3	1	B_spannable_pairwise	CN-altered(?)	78231006=H2-1;78242736=H2-2;78268415=H2-3
chr7:97434515-97539889	5	105374	gain	full_tree	H2	3	2	C_chained_statistical	CN-altered(?)	97505269=H2-1;97516404=H2-2;97539889=H2-2-1
chr7:108975842-109031346	5	55504	gain	full_tree	H1	3	2	B_spannable_pairwise	CN-altered(?)	108975842=H1-1-1;109002775=H1-1;109024466=H1-2
chr7:109434233-109538244	5	104011	gain	sibling_only	H1	3	1	C_chained_statistical	CN-altered(?)	109434233=H1-1;109477350=H1-2;109510286=H1-3
chr7:117089722-117154511	5	64789	gain	sibling_only	H1	3	1	B_spannable_pairwise	CN-altered(?)	117089722=H1-3;117092267=H1-1;117127413=H1-2
chr7:135613204-135671682	5	58478	gain	linear_nested	H1	3	3	B_spannable_pairwise	CN-altered(?)	135654292=H1-1-1;135662143=H1-1-1-1;135671682=H1-1
chr8:77665203-77768663	5	103460	gain	full_tree	H1	4	2	C_chained_statistical	CN-altered(?)	77665203=H1-3;77675116=H1-3-1;77756577=H1-2;77768663=H1-1
chr8:87747285-87792241	5	44956	loh	linear_nested	H1	3	2	B_spannable_pairwise	yes	87769952=H1-1-1;87776914=H1-1;87792241=H1-1-2
chr8:95303937-95405053	5	101116	loh	full_tree	H1	4	2	C_chained_statistical	yes	95303937=H1-1-1;95336781=H1-1;95366627=H1-3;95405053=H1-2
chr8:106958044-107060943	5	102899	gain	sibling_only	H2	3	1	C_chained_statistical	CN-altered(?)	107019180=H2-2;107038608=H2-3;107060943=H2-1
chr8:139708328-139814522	5	106194	gain	sibling_only	H1	4	1	C_chained_statistical	CN-altered(?)	139708328=H1-4;139730169=H1-1;139806874=H1-3;139814522=H1-2
chr8:144182626-144224999	5	42373	gain	full_tree	H1,H2	4	2	B_spannable_pairwise	CN-altered(?)	144211900=H2-1-1;144211945=H2-1;144216897=H2-2;144224999=H2-3
chr9:75454850-75519365	5	64515	gain	linear_nested	H2	3	3	B_spannable_pairwise	CN-altered(?)	75454850=H2-1-1-1;75458009=H2-1;75458774=H2-1-1
chr9:136951234-137008691	5	57457	gain	linear_nested	H1	4	2	B_spannable_pairwise	CN-altered(?)	136951234=H1-2-1;136951235=H1-2;136990848=H1-1-1;136994920=H1-1
chr10:120753085-120835689	5	82604	gain	linear_nested	H1	3	2	C_chained_statistical	CN-altered(?)	120753085=H1-1-2;120833039=H1-1;120835689=H1-1-1
chr11:39940756-40007834	5	67078	loh	full_tree	H1	3	2	B_spannable_pairwise	yes	39981756=H1-1;39983936=H1-2;40007834=H1-1-1
chr12:17416568-17456619	5	40051	gain	sibling_only	H2	3	1	B_spannable_pairwise	CN-altered(?)	17416568=H2-1;17420866=H2-3;17424562=H2-2
chr12:22573326-22650263	5	76937	gain	linear_nested	H2	3	2	C_chained_statistical	CN-altered(?)	22617199=H2-1;22635994=H2-1-1;22650263=H2-2
chr12:100761692-100857028	5	95336	loh	linear_nested	H2	3	2	C_chained_statistical	yes	100846860=H2-1-1;100852747=H2-1;100857028=H2-1-2
chr13:72354335-72413821	5	59486	loh	full_tree	H1	4	2	B_spannable_pairwise	yes	72357557=H1-1-1;72370936=H1-1;72398436=H1-3;72413821=H1-2
chr13:76099608-76137240	5	37632	loh	full_tree	H1	3	2	B_spannable_pairwise	yes	76114854=H1-1-1;76127737=H1-1;76137240=H1-2
chr14:21936180-21987310	5	51130	gain	linear_nested	H1	3	3	B_spannable_pairwise	CN-altered(?)	21977830=H1-1;21983514=H1-1-1-1;21987310=H1-1-1
chr14:25553919-25623295	5	69376	gain	linear_nested	H1,H2	4	2	B_spannable_pairwise	CN-altered(?)	25573325=H2-2;25581709=H2-2-1;25598301=H2-1;25623295=H2-1-1
chr14:58041434-58081985	5	40551	gain	linear_nested	H1,H2	4	2	B_spannable_pairwise	CN-altered(?)	58061455=H2-1-1;58066190=H2-1;58068942=H2-2-1;58081985=H2-2
chr14:78723072-78813524	5	90452	gain	full_tree	H1	4	2	C_chained_statistical	CN-altered(?)	78723072=H1-3;78730822=H1-1;78788606=H1-2-1;78813524=H1-2
chr15:17079385-17079804	5	419	neutral	linear_nested	H1	3	2	A_single_molecule	yes	17079385=H1-1-2;17079687=H1-1;17079804=H1-1-1
chr15:20344582-20409121	5	64539	gain	full_tree	H1	4	2	B_spannable_pairwise	CN-altered(?)	20344582=H1-2;20363235=H1-3;20391978=H1-1-1;20409121=H1-1
chr15:58963309-59024055	5	60746	gain	linear_nested	H1,H2	4	2	B_spannable_pairwise	CN-altered(?)	58963309=H1-1;58971917=H1-1-1;58984113=H1-2-1;58984114=H1-2
chr15:83628465-83712511	5	84046	gain	linear_nested	H1	4	2	C_chained_statistical	CN-altered(?)	83663646=H1-1;83665110=H1-1-1;83711285=H1-2;83712511=H1-2-1
chr16:12683318-12786371	5	103053	gain	sibling_only	H1	3	1	C_chained_statistical	CN-altered(?)	12741813=H1-2;12752539=H1-3;12786371=H1-1
chr18:42301756-42381603	5	79847	gain	full_tree	H2	3	2	C_chained_statistical	CN-altered(?)	42301756=H2-1-1;42324779=H2-1;42325199=H2-2
chr19:17538317-17565944	5	27627	gain	linear_nested	H1	3	2	B_spannable_pairwise	CN-altered(?)	17538719=H1-1-1;17544085=H1-1-2;17555816=H1-1
chr19:21499062-21553151	5	54089	gain	full_tree	H1,H2	4	2	B_spannable_pairwise	CN-altered(?)	21521450=H1-2;21536080=H1-1-1;21549971=H1-1;21553151=H1-3
chr19:23492164-23519861	5	27697	gain	linear_nested	H2	3	3	A_single_molecule	CN-altered(?)	23509921=H2-1;23516175=H2-1-1;23519861=H2-1-1-1
chr19:32334529-32374190	5	39661	gain	full_tree	H2	3	2	B_spannable_pairwise	CN-altered(?)	32334529=H2-1-1;32336615=H2-1;32374190=H2-2
chr20:5621836-5671462	5	49626	gain	full_tree	H1,H?	3	2	B_spannable_pairwise	CN-altered(?)	5621836=H1-1;5642794=H1-2;5659479=H1-2-1
chr20:33425049-33511008	5	85959	gain	linear_nested	H1,H2	4	2	C_chained_statistical	CN-altered(?)	33444442=H2-1;33460243=H2-1-1;33499994=H2-2;33511008=H2-2-1
chr20:59397372-59440426	5	43054	gain	sibling_only	H1	3	1	B_spannable_pairwise	CN-altered(?)	59437602=H1-3;59439285=H1-1;59440426=H1-2
chr20:61750606-61776182	5	25576	gain	linear_nested	H1,H2	4	2	A_single_molecule	CN-altered(?)	61752757=H2-1-1;61754053=H2-2-1;61764509=H2-1;61776182=H2-2
chr22:28159947-28251764	5	91817	gain	sibling_only	H1	3	1	C_chained_statistical	CN-altered(?)	28159947=H1-2;28182564=H1-3;28209581=H1-1
chr1:5608822-5669246	4	60424	loh	full_tree	H2,H?	3	2	B_spannable_pairwise	yes	5608822=H2-1;5632971=H2-2-1;5647379=H2-2
chr1:24857115-24910069	4	52954	gain	linear_nested	H2	3	2	B_spannable_pairwise	CN-altered(?)	24857115=H2-2;24864071=H2-1-1;24910069=H2-1
chr1:25288192-25299604	4	11412	gain	linear_nested	H1	3	3	A_single_molecule	CN-altered(?)	25288192=H1-1-1;25288194=H1-1-1-1;25288662=H1-1
chr1:31727936-31788314	4	60378	gain	full_tree	H1	3	2	B_spannable_pairwise	CN-altered(?)	31754135=H1-2;31773605=H1-1;31788314=H1-1-1
chr1:56722507-56791672	4	69165	loh	sibling_only	H1	4	1	B_spannable_pairwise	yes	56722507=H1-4;56726645=H1-1;56773608=H1-3;56791672=H1-2
chr1:57483998-57521711	4	37713	loh	full_tree	H1	3	2	B_spannable_pairwise	yes	57484148=H1-2;57501374=H1-1-1;57521711=H1-1
chr1:84027479-84073114	4	45635	gain	linear_nested	H3?	4	2	B_spannable_pairwise	CN-altered(?)	84027479=H3?-1-1;84033263=H3?-1;84071465=H3?-2;84073114=H3?-2-1
chr1:148243113-148286139	4	43026	gain	linear_nested	H1	3	2	B_spannable_pairwise	CN-altered(?)	148251645=H1-1-2;148268919=H1-1;148286139=H1-1-1
chr1:187786477-187815902	4	29425	gain	linear_nested	H2	3	2	B_spannable_pairwise	CN-altered(?)	187786477=H2-1-1;187792474=H2-1-2;187792947=H2-1
chr1:215533419-215605108	4	71689	gain	linear_nested	H2	4	2	B_spannable_pairwise	CN-altered(?)	215533419=H2-2-1;215550250=H2-2;215588945=H2-1-1;215605108=H2-1
chr2:29585443-29646539	4	61096	loh	full_tree	H1	3	2	B_spannable_pairwise	yes	29625214=H1-1-1;29641150=H1-2;29646539=H1-1
chr2:55186924-55218380	4	31456	gain	linear_nested	H2	3	2	B_spannable_pairwise	CN-altered(?)	55207687=H2-1-1;55210123=H2-1-2;55218380=H2-1
chr2:61866411-61899706	4	33295	gain	linear_nested	H1	3	2	B_spannable_pairwise	CN-altered(?)	61866411=H1-1-1;61872914=H1-1;61899706=H1-1-2
chr2:138994928-139074509	4	79581	loh	linear_nested	H2	3	3	C_chained_statistical	yes	139041186=H2-1;139073508=H2-1-1;139074509=H2-1-1-1
chr2:145085348-145156245	4	70897	gain	linear_nested	H1	3	2	B_spannable_pairwise	CN-altered(?)	145085348=H1-1;145094942=H1-1-1;145112971=H1-2
chr2:183936216-183964555	4	28339	gain	linear_nested	H1,H2	4	2	B_spannable_pairwise	CN-altered(?)	183936216=H1-2-1;183944255=H1-2;183959752=H1-1-1;183964555=H1-1
chr2:206461230-206516231	4	55001	neutral	full_tree	H2	3	2	B_spannable_pairwise	yes	206478576=H2-1-1;206491851=H2-1;206516231=H2-2
chr2:227888870-227911706	4	22836	gain	linear_nested	H2	3	2	A_single_molecule	CN-altered(?)	227888870=H2-1-2;227893863=H2-1-1;227909876=H2-1
chr3:36389925-36466489	4	76564	gain	full_tree	H2	4	2	C_chained_statistical	CN-altered(?)	36389925=H2-3;36428601=H2-2;36458194=H2-1-1;36466489=H2-1
chr3:64650461-64680181	4	29720	loh	full_tree	H1	3	2	B_spannable_pairwise	yes	64650461=H1-1;64654041=H1-1-1;64680181=H1-2
chr3:96511812-96545806	4	33994	loh	full_tree	H1,H?	3	2	B_spannable_pairwise	yes	96511812=H1-2;96535262=H1-1;96545806=H1-1-1
chr3:122895049-122960764	4	65715	loh	linear_nested	H1	3	3	B_spannable_pairwise	yes	122895049=H1-1-1-1;122917034=H1-1-1;122927971=H1-1
chr3:127621319-127690188	4	68869	loh	full_tree	H2	4	2	B_spannable_pairwise	yes	127621319=H2-1-1;127630970=H2-1;127679910=H2-2;127690188=H2-3
chr3:132803669-132854282	4	50613	gain	sibling_only	H1	3	1	B_spannable_pairwise	CN-altered(?)	132831908=H1-1;132850729=H1-2;132854282=H1-3
chr3:140012415-140064428	4	52013	gain	linear_nested	H1	4	2	B_spannable_pairwise	CN-altered(?)	140012415=H1-1-1;140016575=H1-1;140056735=H1-2;140064428=H1-2-1
chr3:168084986-168120303	4	35317	loh	sibling_only	H1,H?	3	1	B_spannable_pairwise	yes	168084986=H1-2;168108085=H1-3;168120303=H1-1
chr3:177696568-177718255	4	21687	gain	linear_nested	H2	3	3	A_single_molecule	CN-altered(?)	177696568=H2-1;177713163=H2-1-1;177718255=H2-1-1-1
chr4:7938998-7983921	4	44923	loh	sibling_only	H2	3	1	B_spannable_pairwise	yes	7968612=H2-1;7969355=H2-2;7983921=H2-3
chr4:19588073-19591220	4	3147	loss	linear_nested	H1	3	2	B_spannable_pairwise	CN-altered(?)	19589054=H1-1-1;19589055=H1-2;19591220=H1-1
chr4:39436884-39460442	4	23558	neutral	sibling_only	H1	3	1	A_single_molecule	yes	39439541=H1-3;39454364=H1-1;39460442=H1-2
chr4:59590822-59631395	4	40573	gain	linear_nested	H1	3	3	B_spannable_pairwise	CN-altered(?)	59621671=H1-1-1-1;59631293=H1-1;59631395=H1-1-1
chr4:89723912-89755457	4	31545	gain	sibling_only	H1	3	1	A_single_molecule	CN-altered(?)	89723912=H1-1;89751702=H1-3;89755457=H1-2
chr4:98488330-98553959	4	65629	gain	full_tree	H2	3	2	B_spannable_pairwise	CN-altered(?)	98520505=H2-1-1;98536513=H2-1;98553959=H2-2
chr4:108009752-108050818	4	41066	gain	full_tree	H1	3	2	B_spannable_pairwise	CN-altered(?)	108009752=H1-2;108035508=H1-1;108043647=H1-1-1
chr4:123595345-123630233	4	34888	gain	linear_nested	H2	3	2	B_spannable_pairwise	CN-altered(?)	123595345=H2-1-1;123596643=H2-1;123630233=H2-1-2
chr4:125482573-125541297	4	58724	gain	sibling_only	H1	3	1	B_spannable_pairwise	CN-altered(?)	125482573=H1-2;125516006=H1-1;125541297=H1-3
chr4:125836309-125902096	4	65787	gain	full_tree	H1	4	2	B_spannable_pairwise	CN-altered(?)	125836309=H1-3;125836369=H1-2;125881345=H1-1-1;125902096=H1-1
chr4:134774820-134851042	4	76222	gain	full_tree	H1	4	2	C_chained_statistical	CN-altered(?)	134774820=H1-2;134798467=H1-3;134836621=H1-1-1;134851042=H1-1
chr4:174885044-174923560	4	38516	loh	sibling_only	H1	3	1	B_spannable_pairwise	yes	174891521=H1-2;174923434=H1-3;174923560=H1-1
chr4:179397715-179443845	4	46130	loh	full_tree	H2	3	2	B_spannable_pairwise	yes	179401712=H2-1;179431991=H2-1-1;179443845=H2-2
chr4:181196562-181250688	4	54126	loh	linear_nested	H1	3	2	B_spannable_pairwise	yes	181196562=H1-1-2;181231950=H1-1;181250688=H1-1-1
chr4:182981078-183029092	4	48014	loh	linear_nested	H1	3	3	B_spannable_pairwise	yes	182981078=H1-1;183010145=H1-1-1;183029092=H1-1-1-1
chr5:184627-193858	4	9231	gain	linear_nested	H2	3	2	A_single_molecule	CN-altered(?)	193791=H2-1;193857=H2-2;193858=H2-1-1
chr5:1527220-1580231	4	53011	gain	sibling_only	H1	3	1	B_spannable_pairwise	CN-altered(?)	1527220=H1-2;1560444=H1-3;1580231=H1-1
chr5:6668718-6746022	4	77304	gain	linear_nested	H2	3	2	C_chained_statistical	CN-altered(?)	6668718=H2-2;6702572=H2-1-1;6714272=H2-1
chr5:73134857-73179537	4	44680	loh	linear_nested	H2	3	3	B_spannable_pairwise	yes	73134857=H2-1-1-1;73150144=H2-1-1;73179537=H2-1
chr5:93181388-93223370	4	41982	loh	linear_nested	H1	3	3	B_spannable_pairwise	yes	93204995=H1-1;93223369=H1-1-1;93223370=H1-1-1-1
chr5:113855568-113871062	4	15494	loh	linear_nested	H1	3	3	A_single_molecule	yes	113860107=H1-1;113861771=H1-1-1-1;113871062=H1-1-1
chr5:114047200-114095633	4	48433	loh	linear_nested	H1	3	3	B_spannable_pairwise	yes	114047200=H1-1-1;114058046=H1-1-1-1;114059483=H1-1
chr5:144290753-144362915	4	72162	gain	full_tree	H1	4	2	B_spannable_pairwise	CN-altered(?)	144290753=H1-2;144298836=H1-3;144348346=H1-1;144362915=H1-1-1
chr5:148776324-148834910	4	58586	gain	full_tree	H2	3	2	B_spannable_pairwise	CN-altered(?)	148776324=H2-2;148834080=H2-1;148834910=H2-1-1
chr5:152672404-152715682	4	43278	gain	full_tree	H2,H3?	4	2	B_spannable_pairwise	CN-altered(?)	152672404=H3?-2;152673440=H3?-3;152700550=H3?-1;152715682=H3?-1-1
chr5:168789021-168862529	4	73508	loh	sibling_only	H1,H?	3	1	B_spannable_pairwise	yes	168822951=H1-3;168845355=H1-2;168862529=H1-1
chr6:62978073-63005693	4	27620	gain	linear_nested	H1	3	3	B_spannable_pairwise	CN-altered(?)	62978073=H1-1-1-1;62978141=H1-1-1;63005693=H1-1
chr6:72397356-72465981	4	68625	gain	full_tree	H2	4	2	B_spannable_pairwise	CN-altered(?)	72397356=H2-2;72414708=H2-1;72451151=H2-3;72465981=H2-3-1
chr6:89879783-89945166	4	65383	loh	sibling_only	H1	4	1	B_spannable_pairwise	yes	89879783=H1-3;89900785=H1-4;89942543=H1-1;89945166=H1-2
chr6:110376615-110391015	4	14400	loh	linear_nested	H2	3	3	A_single_molecule	yes	110389456=H2-1;110390226=H2-1-1-1;110391015=H2-1-1
chr6:120278179-120344537	4	66358	gain	full_tree	H1	4	2	B_spannable_pairwise	CN-altered(?)	120278179=H1-1-1;120282940=H1-1;120320916=H1-2;120344537=H1-3
chr6:122729437-122805973	4	76536	gain	sibling_only	H1	3	1	C_chained_statistical	CN-altered(?)	122770704=H1-3;122781240=H1-2;122805973=H1-1
chr6:157246432-157254804	4	8372	gain	full_tree	H2	3	2	A_single_molecule	CN-altered(?)	157246432=H2-2;157249008=H2-1-1;157254804=H2-1
chr7:44360185-44391476	4	31291	gain	linear_nested	H2	3	2	B_spannable_pairwise	CN-altered(?)	44366557=H2-1;44380827=H2-1-2;44391476=H2-1-1
chr7:68407790-68468959	4	61169	gain	sibling_only	H1	3	1	B_spannable_pairwise	CN-altered(?)	68441388=H1-3;68468918=H1-1;68468959=H1-2
chr7:73353551-73420105	4	66554	gain	linear_nested	H1	3	2	B_spannable_pairwise	CN-altered(?)	73396306=H1-2;73398758=H1-1;73420105=H1-1-1
chr7:85249983-85276298	4	26315	gain	full_tree	H1,H2	4	2	B_spannable_pairwise	CN-altered(?)	85249983=H2-2;85251167=H2-2-1;85269513=H2-3;85276298=H2-1
chr7:87469135-87525232	4	56097	gain	full_tree	H1,H3?	4	2	B_spannable_pairwise	CN-altered(?)	87469135=H1-1-1;87482303=H1-1;87518123=H1-3;87525232=H1-2
chr7:91131843-91222205	4	90362	gain	sibling_only	H2	3	1	C_chained_statistical	CN-altered(?)	91131843=H2-1;91147413=H2-2;91173613=H2-3
chr7:100784203-100798014	4	13811	gain	linear_nested	H1,H2	4	2	A_single_molecule	CN-altered(?)	100784203=H1-1-1;100786278=H1-2;100786279=H1-2-1;100798014=H1-1
chr7:101005835-101032937	4	27102	gain	linear_nested	H3?	3	2	B_spannable_pairwise	CN-altered(?)	101032370=H3?-1;101032862=H3?-1-1;101032937=H3?-1-2
chr7:104183027-104259590	4	76563	gain	sibling_only	H1	3	1	C_chained_statistical	CN-altered(?)	104183027=H1-3;104198958=H1-1;104225175=H1-2
chr7:113191504-113288612	4	97108	gain	full_tree	H2	3	2	C_chained_statistical	CN-altered(?)	113222096=H2-1-1;113259206=H2-1;113288612=H2-2
chr7:115455728-115506332	4	50604	gain	full_tree	H2	3	2	B_spannable_pairwise	CN-altered(?)	115474315=H2-1;115479338=H2-2;115506332=H2-1-1
chr7:121591180-121628692	4	37512	gain	full_tree	H1	3	2	B_spannable_pairwise	CN-altered(?)	121591180=H1-2;121602443=H1-1-1;121628692=H1-1
chr7:153657348-153742978	4	85630	gain	full_tree	H1	3	2	C_chained_statistical	CN-altered(?)	153696830=H1-2;153717340=H1-1-1;153742978=H1-1
chr7:156347222-156399401	4	52179	gain	full_tree	H2,H?	4	2	B_spannable_pairwise	CN-altered(?)	156347222=H2-1;156348639=H2-1-1;156356551=H2-2;156399401=H2-3
chr7:156904545-156947618	4	43073	gain	sibling_only	H3?	3	1	B_spannable_pairwise	CN-altered(?)	156945160=H3?-2;156946170=H3?-3;156947618=H3?-1
chr8:27581729-27601705	4	19976	loh	linear_nested	H1	3	2	B_spannable_pairwise	yes	27594953=H1-1;27595286=H1-1-1;27601705=H1-1-2
chr8:31833802-31878508	4	44706	loh	linear_nested	H1	4	2	B_spannable_pairwise	yes	31833802=H1-1;31848283=H1-1-1;31878226=H1-2-1;31878508=H1-2
chr8:39057595-39120429	4	62834	loh	full_tree	H1	4	2	B_spannable_pairwise	yes	39057595=H1-1-1;39066603=H1-1;39101366=H1-3;39120429=H1-2
chr8:48145199-48189064	4	43865	loh	linear_nested	H2	4	2	B_spannable_pairwise	yes	48145199=H2-1-1;48165899=H2-1;48185052=H2-2;48189064=H2-2-1
chr8:55793684-55850826	4	57142	loh	sibling_only	H1	4	1	B_spannable_pairwise	yes	55793684=H1-1;55805261=H1-3;55849517=H1-4;55850826=H1-2
chr8:58624234-58667331	4	43097	loh	sibling_only	H1	3	1	B_spannable_pairwise	yes	58624234=H1-1;58638628=H1-3;58667331=H1-2
chr8:63343952-63399144	4	55192	loh	sibling_only	H2	3	1	B_spannable_pairwise	yes	63343952=H2-3;63366161=H2-2;63371280=H2-1
chr8:66437526-66481566	4	44040	gain	full_tree	H1,H3?	4	2	B_spannable_pairwise	CN-altered(?)	66437526=H3?-2;66455506=H3?-3;66477407=H3?-1;66481566=H3?-1-1
chr8:69174580-69235071	4	60491	gain	linear_nested	H1	4	2	B_spannable_pairwise	CN-altered(?)	69174580=H1-2-1;69178786=H1-2;69224245=H1-1;69235071=H1-1-1
chr8:76519859-76549417	4	29558	gain	linear_nested	H1	3	2	B_spannable_pairwise	CN-altered(?)	76519859=H1-1-1;76542647=H1-1;76549417=H1-1-2
chr8:85063616-85079588	4	15972	gain	full_tree	H1	3	2	A_single_molecule	CN-altered(?)	85066018=H1-1-1;85066042=H1-1;85079588=H1-2
chr8:102850374-102904743	4	54369	gain	sibling_only	H2	3	1	B_spannable_pairwise	CN-altered(?)	102889011=H2-3;102898647=H2-2;102904743=H2-1
chr8:114941802-114994904	4	53102	gain	sibling_only	H1	3	1	B_spannable_pairwise	CN-altered(?)	114941802=H1-1;114964778=H1-3;114982566=H1-2
chr8:121212066-121323213	4	111147	gain	sibling_only	H2	3	1	C_chained_statistical	CN-altered(?)	121246637=H2-1;121283081=H2-3;121323213=H2-2
chr8:125161475-125220862	4	59387	gain	sibling_only	H2	4	1	B_spannable_pairwise	CN-altered(?)	125161475=H2-4;125174462=H2-3;125211961=H2-2;125220862=H2-1
chr8:126948628-127058214	4	109586	gain	sibling_only	H2,H?	3	1	C_chained_statistical	CN-altered(?)	126987841=H2-1;127024960=H2-2;127058214=H2-3
chr8:136272440-136349563	4	77123	gain	sibling_only	H1	3	1	C_chained_statistical	CN-altered(?)	136272440=H1-1;136280878=H1-3;136316160=H1-2
chr8:136424499-136480147	4	55648	gain	full_tree	H1	4	2	B_spannable_pairwise	CN-altered(?)	136424499=H1-1;136431920=H1-1-1;136464584=H1-2;136480147=H1-3
chr8:136596924-136676479	4	79555	gain	sibling_only	H1	3	1	C_chained_statistical	CN-altered(?)	136621258=H1-3;136649317=H1-1;136676479=H1-2
chr8:143987124-144028065	4	40941	gain	sibling_only	H1	3	1	B_spannable_pairwise	CN-altered(?)	144025792=H1-1;144027376=H1-2;144028065=H1-3
chr9:9467180-9517228	4	50048	gain	linear_nested	H1	3	2	B_spannable_pairwise	CN-altered(?)	9467180=H1-1-1;9509441=H1-1;9517228=H1-1-2
chr9:10415807-10460508	4	44701	gain	linear_nested	H1	3	2	B_spannable_pairwise	CN-altered(?)	10415807=H1-1-2;10440554=H1-1;10460508=H1-1-1
chr9:19549883-19602061	4	52178	loh	full_tree	H1	3	2	B_spannable_pairwise	yes	19562399=H1-2;19573787=H1-1-1;19602061=H1-1
chr9:72648114-72722204	4	74090	gain	linear_nested	H2	3	2	B_spannable_pairwise	CN-altered(?)	72648114=H2-1;72667079=H2-1-1;72689880=H2-2
chr9:75676872-75701916	4	25044	gain	linear_nested	H1,H2	4	2	A_single_molecule	CN-altered(?)	75676872=H2-2;75676873=H2-2-1;75676954=H2-1;75701916=H2-1-1
chr9:80158582-80223756	4	65174	gain	inconsistent	H2	2	1	incompatible(cycle)	CN-altered(?)	
chr9:87335249-87381956	4	46707	gain	linear_nested	H1	3	2	B_spannable_pairwise	CN-altered(?)	87337484=H1-1-2;87369251=H1-1;87381956=H1-1-1
chr9:96560371-96616246	4	55875	gain	linear_nested	H1,H2	4	2	B_spannable_pairwise	CN-altered(?)	96560371=H2-1-1;96566007=H2-1;96610575=H2-2;96616246=H2-2-1
chr9:103405822-103471101	4	65279	gain	full_tree	H2	4	2	B_spannable_pairwise	CN-altered(?)	103405822=H2-3;103425858=H2-2;103458256=H2-1-1;103471101=H2-1
chr10:1525954-1571179	4	45225	loh	full_tree	H1	4	2	B_spannable_pairwise	yes	1525954=H1-3;1534141=H1-2;1565567=H1-1-1;1571179=H1-1
chr10:10357294-10417169	4	59875	loh	linear_nested	H1	4	2	B_spannable_pairwise	yes	10357294=H1-1;10359378=H1-1-1;10399859=H1-2;10417169=H1-2-1
chr10:34937840-35029063	4	91223	gain	sibling_only	H1,H2,H?	4	1	C_chained_statistical	CN-altered(?)	34937840=H2-3;34972857=H2-1;35008396=H2-2;35029063=H2-4
chr10:43074376-43128682	4	54306	gain	sibling_only	H2	3	1	B_spannable_pairwise	CN-altered(?)	43074376=H2-3;43083037=H2-1;43083397=H2-2
chr10:50236986-50281405	4	44419	gain	full_tree	H2	3	2	B_spannable_pairwise	CN-altered(?)	50258770=H2-1-1;50279586=H2-1;50281405=H2-2
chr10:66109084-66138454	4	29370	loh	full_tree	H1	3	2	B_spannable_pairwise	yes	66126573=H1-1;66126902=H1-2;66138454=H1-1-1
chr10:67032492-67039856	4	7364	loh	linear_nested	H1	3	3	B_spannable_pairwise	yes	67033544=H1-1-1-1;67033983=H1-1-1;67039856=H1-1
chr10:105402153-105452654	4	50501	loh	linear_nested	H1	3	2	B_spannable_pairwise	yes	105425240=H1-2;105435553=H1-1-1;105452654=H1-1
chr10:131176480-131214693	4	38213	gain	full_tree	H2	3	2	B_spannable_pairwise	CN-altered(?)	131176480=H2-1-1;131176703=H2-2;131203939=H2-1
chr11:20962531-20971942	4	9411	loh	sibling_only	H1	3	1	A_single_molecule	yes	20965783=H1-1;20971312=H1-2;20971942=H1-3
chr11:23288185-23360273	4	72088	loh	linear_nested	H2	4	2	B_spannable_pairwise	yes	23288185=H2-2;23307005=H2-2-1;23347995=H2-1-1;23360273=H2-1
chr11:57341797-57439984	4	98187	gain	sibling_only	H2	3	1	C_chained_statistical	CN-altered(?)	57341797=H2-2;57364742=H2-1;57395808=H2-3
chr11:59240933-59298360	4	57427	gain	sibling_only	H1	3	1	B_spannable_pairwise	CN-altered(?)	59240933=H1-2;59266277=H1-1;59298360=H1-3
chr11:95734463-95768460	4	33997	loh	sibling_only	H2	3	1	B_spannable_pairwise	yes	95734463=H2-2;95755642=H2-3;95768460=H2-1
chr11:96512563-96560637	4	48074	loh	linear_nested	H2	4	2	B_spannable_pairwise	yes	96512563=H2-1;96517412=H2-1-1;96560636=H2-2;96560637=H2-2-1
chr11:128062709-128097951	4	35242	loh	linear_nested	H2	3	3	B_spannable_pairwise	yes	128071917=H2-1-1-1;128097940=H2-1;128097951=H2-1-1
chr12:958599-1021146	4	62547	gain	sibling_only	H1	3	1	B_spannable_pairwise	CN-altered(?)	1000405=H1-2;958599=H1-1;981725=H1-3
chr12:31697922-31759881	4	61959	gain	full_tree	H2	3	2	B_spannable_pairwise	CN-altered(?)	31697922=H2-2;31732116=H2-1-1;31759881=H2-1
chr12:60757816-60792424	4	34608	loh	linear_nested	H1	4	2	B_spannable_pairwise	yes	60757816=H1-1;60757947=H1-1-1;60790891=H1-2;60792424=H1-2-1
chr12:91029317-91097632	4	68315	loh	full_tree	H2	3	2	B_spannable_pairwise	yes	91070915=H2-2;91085864=H2-1-1;91097632=H2-1
chr13:107882111-107900451	4	18340	loh	sibling_only	H1	3	1	B_spannable_pairwise	yes	107882111=H1-1;107892494=H1-3;107900451=H1-2
chr14:35052174-35083726	4	31552	gain	full_tree	H1	2	2	B_spannable_pairwise	CN-altered(?)	35081419=H1-1;35083726=H1-1-1
chr14:38793818-38853466	4	59648	loh	linear_nested	H1	3	2	B_spannable_pairwise	yes	38793818=H1-1-1;38827025=H1-1;38853466=H1-1-2
chr14:64028050-64088569	4	60519	loh	full_tree	H1	3	2	B_spannable_pairwise	yes	64028050=H1-2;64038104=H1-1-1;64060082=H1-1
chr14:83576804-83625230	4	48426	gain	linear_nested	H2	3	2	B_spannable_pairwise	CN-altered(?)	83576804=H2-1-1;83587790=H2-2;83625230=H2-1
chr14:87589694-87634188	4	44494	gain	sibling_only	H1	3	1	B_spannable_pairwise	CN-altered(?)	87589694=H1-3;87600140=H1-1;87633993=H1-2
chr14:104498471-104541890	4	43419	gain	full_tree	H1	4	2	B_spannable_pairwise	CN-altered(?)	104498471=H1-2-1;104507578=H1-2;104523846=H1-3;104541890=H1-1
chr15:46375357-46438314	4	62957	loh	full_tree	H1	3	2	B_spannable_pairwise	yes	46375357=H1-2;46398247=H1-1;46408568=H1-1-1
chr15:85283821-85361549	4	77728	gain	sibling_only	H1	3	1	C_chained_statistical	CN-altered(?)	85283821=H1-3;85322428=H1-1;85322605=H1-2
chr15:94728460-94750224	4	21764	gain	linear_nested	H2	3	2	A_single_molecule	CN-altered(?)	94728460=H2-1-1;94728484=H2-1-2;94750224=H2-1
chr16:5164576-5206371	4	41795	gain	full_tree	H2	3	2	B_spannable_pairwise	CN-altered(?)	5164576=H2-2;5164807=H2-1;5182763=H2-1-1
chr16:7772552-7797982	4	25430	gain	linear_nested	H2	3	2	A_single_molecule	CN-altered(?)	7772552=H2-1-1;7772553=H2-2;7784705=H2-1
chr16:10055426-10122348	4	66922	gain	linear_nested	H2	3	2	B_spannable_pairwise	CN-altered(?)	10080744=H2-1;10086096=H2-2;10122348=H2-1-1
chr17:6529677-6591753	4	62076	gain	full_tree	H2	4	2	B_spannable_pairwise	CN-altered(?)	6529677=H2-2;6533545=H2-3;6572792=H2-1-1;6591753=H2-1
chr17:12710013-12778150	4	68137	gain	full_tree	H2	3	2	B_spannable_pairwise	CN-altered(?)	12749727=H2-2;12770465=H2-1;12778150=H2-1-1
chr17:39673348-39720521	4	47173	loh	sibling_only	H2	3	1	B_spannable_pairwise	yes	39673348=H2-1;39675811=H2-2;39693717=H2-3
chr17:40075080-40103883	4	28803	loh	full_tree	H2	3	2	B_spannable_pairwise	yes	40075080=H2-1;40080435=H2-1-1;40103883=H2-2
chr17:42609399-42658336	4	48937	loh	linear_nested	H2	3	2	B_spannable_pairwise	yes	42609399=H2-2;42634451=H2-1-1;42658336=H2-1
chr17:57121910-57149594	4	27684	loh	full_tree	H1	4	2	B_spannable_pairwise	yes	57121910=H1-3;57135725=H1-1;57149593=H1-2-1;57149594=H1-2
chr17:62930359-62994631	4	64272	loh	linear_nested	H1	4	2	B_spannable_pairwise	yes	62930359=H1-2-1;62939462=H1-2;62984354=H1-1;62994631=H1-1-1
chr17:65398642-65445393	4	46751	loh	linear_nested	H1	3	3	B_spannable_pairwise	yes	65435967=H1-1-1;65436875=H1-1-1-1;65445393=H1-1
chr17:69443083-69502907	4	59824	gain	full_tree	H2	3	2	B_spannable_pairwise	CN-altered(?)	69443083=H2-2;69480332=H2-1-1;69502907=H2-1
chr17:70314452-70408116	4	93664	gain	full_tree	H2	4	2	C_chained_statistical	CN-altered(?)	70314452=H2-2;70348843=H2-3;70390086=H2-1-1;70408116=H2-1
chr17:74561759-74658053	4	96294	gain	sibling_only	H2	4	1	C_chained_statistical	CN-altered(?)	74561759=H2-3;74581535=H2-4;74626061=H2-1;74658053=H2-2
chr18:21686363-21713070	4	26707	gain	linear_nested	H2	3	2	B_spannable_pairwise	CN-altered(?)	21710390=H2-1;21712072=H2-1-2;21713070=H2-1-1
chr18:41804758-41832969	4	28211	gain	linear_nested	H2	3	3	B_spannable_pairwise	CN-altered(?)	41817187=H2-1-1-1;41832968=H2-1;41832969=H2-1-1
chr18:57311795-57375781	4	63986	gain	full_tree	H1	4	2	B_spannable_pairwise	CN-altered(?)	57311795=H1-1-1;57311858=H1-1;57357852=H1-3;57375781=H1-2
chr19:9930725-9988821	4	58096	loh	full_tree	H1	4	2	B_spannable_pairwise	yes	9930725=H1-1;9937766=H1-1-1;9965688=H1-2;9988821=H1-3
chr19:27511487-27541658	4	30171	gain	full_tree	H1,H2	4	2	B_spannable_pairwise	CN-altered(?)	27511487=H1-3;27514480=H1-2;27526083=H1-2-1;27541658=H1-1
chr19:28291366-28325580	4	34214	gain	linear_nested	H2	3	2	B_spannable_pairwise	CN-altered(?)	28325578=H2-1-2;28325579=H2-1-1;28325580=H2-1
chr19:41619241-41674851	4	55610	loh	linear_nested	H1	4	2	B_spannable_pairwise	yes	41619241=H1-1-1;41626316=H1-1;41664383=H1-2-1;41674851=H1-2
chr19:56594177-56656869	4	62692	loh	full_tree	H1	3	2	B_spannable_pairwise	yes	56594177=H1-2;56626353=H1-1-1;56656869=H1-1
chr20:30607521-30636498	4	28977	gain	full_tree	H1,H2	4	2	A_single_molecule	CN-altered(?)	30607521=H2-2;30609727=H2-1;30610431=H2-1-1;30636498=H2-3
chr20:33261367-33312028	4	50661	gain	full_tree	H1	3	2	B_spannable_pairwise	CN-altered(?)	33261367=H1-2;33279560=H1-1-1;33286964=H1-1
chr20:46952849-47003941	4	51092	gain	full_tree	H2	3	2	B_spannable_pairwise	CN-altered(?)	46952849=H2-2;46966012=H2-1;47003941=H2-1-1
chr20:50504078-50573756	4	69678	gain	full_tree	H2,H?	4	2	B_spannable_pairwise	CN-altered(?)	50504078=H?-2;50510755=H?-2-1;50549332=H?-3;50573756=H?-1
chr20:63072506-63109413	4	36907	gain	linear_nested	H1	3	2	B_spannable_pairwise	CN-altered(?)	63072506=H1-2;63101044=H1-1-1;63109413=H1-1
chr21:29187018-29247324	4	60306	neutral	linear_nested	H1	3	2	B_spannable_pairwise	yes	29194493=H1-2;29217952=H1-1-1;29247324=H1-1
chr22:45322977-45402752	4	79775	gain	full_tree	H2	3	2	C_chained_statistical	CN-altered(?)	45322977=H2-2;45330831=H2-1-1;45355519=H2-1
chr22:46256398-46264088	4	7690	gain	sibling_only	H2	3	1	A_single_molecule	CN-altered(?)	46256398=H2-2;46256399=H2-1;46264088=H2-3
chr22:50243801-50295563	4	51762	loh	sibling_only	H1	3	1	B_spannable_pairwise	yes	50243801=H1-2;50281816=H1-3;50295563=H1-1
chr1:11476972-11511598	3	34626	gain	linear_nested	H1	3	2	B_spannable_pairwise	CN-altered(?)	11476972=H1-1-1;11495599=H1-1;11511598=H1-1-2
chr1:12061318-12072734	3	11416	gain	linear_nested	H1	3	3	A_single_molecule	CN-altered(?)	12061318=H1-1;12068814=H1-1-1;12072734=H1-1-1-1
chr1:12724814-12732374	3	7560	gain	linear_nested	H1	3	3	A_single_molecule	CN-altered(?)	12724814=H1-1-1;12724815=H1-1-1-1;12732374=H1-1
chr1:17421003-17441137	3	20134	gain	linear_nested	H3?	3	3	B_spannable_pairwise	CN-altered(?)	17421003=H3?-1-1-1;17440544=H3?-1-1;17441137=H3?-1
chr1:24463672-24515927	3	52255	gain	linear_nested	H2	3	2	B_spannable_pairwise	CN-altered(?)	24463672=H2-1;24492167=H2-1-1;24515927=H2-2
chr1:38736335-38763132	3	26797	loh	linear_nested	H1	3	2	B_spannable_pairwise	yes	38736335=H1-2;38748531=H1-1-1;38763132=H1-1
chr1:53135760-53164656	3	28896	loh	sibling_only	H1,H?	3	1	B_spannable_pairwise	yes	53135760=H1-2;53144700=H1-3;53164656=H1-1
chr1:53414848-53440268	3	25420	loh	full_tree	H1	3	2	B_spannable_pairwise	yes	53414848=H1-2-1;53435283=H1-2;53440268=H1-1
chr1:84988382-85011812	3	23430	gain	linear_nested	H2	3	3	A_single_molecule	CN-altered(?)	84988382=H2-1-1;85003424=H2-1;85011812=H2-1-1-1
chr1:86786785-86808959	3	22174	gain	sibling_only	H1	3	1	A_single_molecule	CN-altered(?)	86786785=H1-3;86808080=H1-1;86808959=H1-2
chr1:101886054-101919048	3	32994	loh	sibling_only	H1,H?	3	1	B_spannable_pairwise	yes	101886054=H1-3;101916322=H1-1;101919048=H1-2
chr1:147709001-147757950	3	48949	gain	linear_nested	H2	3	2	B_spannable_pairwise	CN-altered(?)	147709001=H2-1-2;147736663=H2-1;147757950=H2-1-1
chr1:164531961-164550744	3	18783	gain	linear_nested	H2	3	3	A_single_molecule	CN-altered(?)	164531961=H2-1;164537521=H2-1-1;164550744=H2-1-1-1
chr1:187618787-187649045	3	30258	gain	full_tree	H2	3	2	B_spannable_pairwise	CN-altered(?)	187618787=H2-2;187639695=H2-1;187649045=H2-1-1
chr1:196154619-196172653	3	18034	gain	inconsistent	H2	2	0	incompatible(cycle)	CN-altered(?)	
chr1:207579717-207615583	3	35866	gain	linear_nested	H1	3	2	B_spannable_pairwise	CN-altered(?)	207579717=H1-1-2;207588207=H1-1;207615583=H1-1-1
chr2:5556896-5567059	3	10163	gain	linear_nested	H2	3	3	A_single_molecule	CN-altered(?)	5556896=H2-1-1;5556897=H2-1-1-1;5567059=H2-1
chr2:18333859-18349559	3	15700	loh	linear_nested	H2	3	3	A_single_molecule	yes	18333859=H2-1;18349259=H2-1-1-1;18349559=H2-1-1
chr2:26022330-26056252	3	33922	loh	sibling_only	H2	3	1	B_spannable_pairwise	yes	26022330=H2-3;26031780=H2-2;26056252=H2-1
chr2:28328086-28357783	3	29697	loh	full_tree	H1	3	2	B_spannable_pairwise	yes	28328086=H1-2;28354571=H1-1;28357783=H1-1-1
chr2:111060193-111076870	3	16677	loss	full_tree	H1,H?	3	2	B_spannable_pairwise	CN-altered(?)	111060193=H1-2;111064663=H1-1-1;111076870=H1-1
chr2:128135634-128143485	3	7851	loh	linear_nested	H2	3	2	A_single_molecule	yes	128135634=H2-2;128142263=H2-1-1;128143485=H2-1
chr2:129755213-129777864	3	22651	loh	linear_nested	H1	3	3	B_spannable_pairwise	yes	129755213=H1-1;129764676=H1-1-1-1;129777864=H1-1-1
chr2:135551669-135556814	3	5145	neutral	linear_nested	H3?	3	2	B_spannable_pairwise	yes	135551669=H3?-1-1;135553233=H3?-1;135556814=H3?-2
chr2:180482304-180494525	3	12221	gain	linear_nested	H2	3	3	A_single_molecule	CN-altered(?)	180482304=H2-1;180486742=H2-1-1;180494525=H2-1-1-1
chr2:183481689-183502710	3	21021	gain	full_tree	H1	2	2	A_single_molecule	CN-altered(?)	183495853=H1-1;183502710=H1-1-1
chr2:207060780-207088424	3	27644	neutral	linear_nested	H1	3	2	B_spannable_pairwise	yes	207060780=H1-1-2;207080246=H1-1;207088424=H1-1-1
chr2:214477930-214500102	3	22172	neutral	full_tree	H3?	3	2	B_spannable_pairwise	yes	214477930=H3?-1-1;214495062=H3?-2;214500102=H3?-1
chr3:1842434-1878911	3	36477	gain	linear_nested	H2	3	2	B_spannable_pairwise	CN-altered(?)	1842434=H2-1-2;1855199=H2-1;1878911=H2-1-1
chr3:21739321-21754699	3	15378	gain	linear_nested	H1	3	3	A_single_molecule	CN-altered(?)	21739321=H1-1-1-1;21752143=H1-1-1;21754699=H1-1
chr3:45585799-45605844	3	20045	gain	linear_nested	H2	3	3	A_single_molecule	CN-altered(?)	45585799=H2-1-1;45603041=H2-1-1-1;45605844=H2-1
chr3:67835999-67878020	3	42021	loh	linear_nested	H1	3	2	B_spannable_pairwise	yes	67835999=H1-1-2;67854084=H1-1;67878020=H1-1-1
chr3:71910173-71920849	3	10676	loh	linear_nested	H1	3	3	A_single_molecule	yes	71910173=H1-1-1-1;71918964=H1-1-1;71920849=H1-1
chr3:77554784-77555786	3	1002	loh	linear_nested	H2	3	3	A_single_molecule	yes	77554784=H2-1-1;77554785=H2-1-1-1;77555786=H2-1
chr3:79912188-79946888	3	34700	neutral	linear_nested	H2	3	2	B_spannable_pairwise	yes	79912188=H2-2;79928500=H2-1-1;79946888=H2-1
chr3:81913348-81917506	3	4158	loh	full_tree	H2	3	2	A_single_molecule	yes	81913348=H2-1;81916643=H2-2;81917506=H2-1-1
chr3:98118002-98150823	3	32821	loh	sibling_only	H2	3	1	B_spannable_pairwise	yes	98118002=H2-1;98138181=H2-3;98150823=H2-2
chr3:105252353-105279082	3	26729	loh	full_tree	H2	3	2	B_spannable_pairwise	yes	105252353=H2-2;105269759=H2-1-1;105279082=H2-1
chr3:126650545-126668351	3	17806	loh	full_tree	H3?	3	2	A_single_molecule	yes	126650545=H3?-1;126656127=H3?-2;126668351=H3?-1-1
chr3:128677864-128694547	3	16683	loh	linear_nested	H3?	3	3	A_single_molecule	yes	128677864=H3?-1-1;128694281=H3?-1;128694547=H3?-1-1-1
chr3:135112071-135147392	3	35321	gain	full_tree	H1	3	2	B_spannable_pairwise	CN-altered(?)	135112071=H1-1;135119404=H1-1-1;135147392=H1-2
chr3:135261392-135312089	3	50697	gain	sibling_only	H1,H?	3	1	B_spannable_pairwise	CN-altered(?)	135261392=H1-2;135299683=H1-1;135312089=H1-3
chr3:141078471-141100971	3	22500	gain	linear_nested	H2	3	2	A_single_molecule	CN-altered(?)	141078471=H2-1;141087834=H2-1-2;141100971=H2-1-1
chr3:142563779-142589615	3	25836	gain	linear_nested	H2	3	3	A_single_molecule	CN-altered(?)	142563779=H2-1;142586508=H2-1-1-1;142589615=H2-1-1
chr3:149579848-149610662	3	30814	gain	full_tree	H1,H?	3	2	A_single_molecule	CN-altered(?)	149579848=H1-1-1;149584735=H1-1;149610662=H1-2
chr3:152538015-152548574	3	10559	gain	full_tree	H2	3	2	A_single_molecule	CN-altered(?)	152538015=H2-1-1;152540118=H2-2;152548574=H2-1
chr3:154787889-154830916	3	43027	gain	sibling_only	H2	3	1	B_spannable_pairwise	CN-altered(?)	154787889=H2-3;154807816=H2-2;154830916=H2-1
chr3:155430645-155431842	3	1197	gain	linear_nested	H2	3	2	A_single_molecule	CN-altered(?)	155430645=H2-1;155431841=H2-2;155431842=H2-1-1
chr3:156659211-156690496	3	31285	gain	sibling_only	H1	3	1	A_single_molecule	CN-altered(?)	156659211=H1-3;156683806=H1-2;156690496=H1-1
chr3:191491874-191548052	3	56178	gain	linear_nested	H1	3	2	B_spannable_pairwise	CN-altered(?)	191491874=H1-1-1;191514883=H1-1;191548052=H1-1-2
chr3:196748580-196773524	3	24944	loh	full_tree	H1	3	2	B_spannable_pairwise	yes	196748580=H1-2;196760208=H1-1-1;196773524=H1-1
chr4:10325662-10350788	3	25126	loh	sibling_only	H2	3	1	B_spannable_pairwise	yes	10325662=H2-1;10339723=H2-3;10350788=H2-2
chr4:16051822-16053303	3	1481	loh	sibling_only	H1	3	1	B_spannable_pairwise	yes	16051822=H1-1;16051911=H1-2;16053303=H1-3
chr4:18399248-18418616	3	19368	loss	linear_nested	H1	3	3	B_spannable_pairwise	CN-altered(?)	18399248=H1-1;18418615=H1-1-1-1;18418616=H1-1-1
chr4:21752616-21762659	3	10043	loss	full_tree	H1	2	2	B_spannable_pairwise	CN-altered(?)	21759835=H1-1-1;21762659=H1-1
chr4:110313666-110316104	3	2438	gain	sibling_only	H1	3	1	A_single_molecule	CN-altered(?)	110313666=H1-3;110314779=H1-1;110316104=H1-2
chr4:112278288-112336099	3	57811	gain	sibling_only	H1,H?	3	1	B_spannable_pairwise	CN-altered(?)	112278288=H1-2;112297657=H1-3;112336099=H1-1
chr4:114193199-114234633	3	41434	gain	sibling_only	H1	3	1	B_spannable_pairwise	CN-altered(?)	114193199=H1-3;114209221=H1-1;114234633=H1-2
chr4:130839251-130874852	3	35601	gain	sibling_only	H1	3	1	B_spannable_pairwise	CN-altered(?)	130839251=H1-3;130865032=H1-2;130874852=H1-1
chr4:135618646-135672823	3	54177	gain	sibling_only	H?	3	1	B_spannable_pairwise	CN-altered(?)	135618646=H?-2;135652294=H?-3;135672823=H?-1
chr4:145261686-145262848	3	1162	loh	full_tree	H1	3	2	A_single_molecule	yes	145261686=H1-2;145261792=H1-1;145262848=H1-2-1
chr4:154864074-154898125	3	34051	loh	sibling_only	H1,H?	3	1	B_spannable_pairwise	yes	154864074=H1-2;154877278=H1-3;154898125=H1-1
chr4:155318080-155335464	3	17384	loh	linear_nested	H2	3	3	B_spannable_pairwise	yes	155318080=H2-1-1-1;155330253=H2-1;155335464=H2-1-1
chr4:155935246-155941309	3	6063	loh	inconsistent	H2	2	0	incompatible(cycle)	yes	
chr4:156441706-156448641	3	6935	loh	full_tree	H1	3	2	A_single_molecule	yes	156441706=H1-1-1;156443643=H1-2;156448641=H1-1
chr4:162376577-162392265	3	15688	loh	linear_nested	H1	3	2	A_single_molecule	yes	162376577=H1-1-2;162376611=H1-1-1;162392265=H1-1
chr4:172007146-172040271	3	33125	loh	full_tree	H2	3	2	B_spannable_pairwise	yes	172007146=H2-2;172021810=H2-1-1;172040271=H2-1
chr4:190108740-190112507	3	3767	neutral	linear_nested	H1	3	2	A_single_molecule	yes	190108740=H1-1-1;190110905=H1-2;190112507=H1-1
chr5:2873634-2915740	3	42106	gain	full_tree	H1	3	2	B_spannable_pairwise	CN-altered(?)	2873634=H1-1;2900566=H1-1-1;2915740=H1-2
chr5:14567391-14573808	3	6417	gain	linear_nested	H1	3	3	A_single_molecule	CN-altered(?)	14567391=H1-1-1-1;14567392=H1-1-1;14573808=H1-1
chr5:28905557-28943214	3	37657	gain	sibling_only	H1	3	1	B_spannable_pairwise	CN-altered(?)	28905557=H1-1;28925668=H1-3;28943214=H1-2
chr5:37368238-37430125	3	61887	gain	linear_nested	H1	3	2	B_spannable_pairwise	CN-altered(?)	37368238=H1-2;37399394=H1-1-1;37430125=H1-1
chr5:50873519-50895438	3	21919	loh	linear_nested	H2	3	3	B_spannable_pairwise	yes	50873519=H2-1-1;50876004=H2-1-1-1;50895438=H2-1
chr5:60536738-60553511	3	16773	loh	linear_nested	H1	3	2	A_single_molecule	yes	60536738=H1-1-2;60538592=H1-1-1;60553511=H1-1
chr5:90812916-90835075	3	22159	loh	sibling_only	H1	3	1	B_spannable_pairwise	yes	90812916=H1-1;90832114=H1-2;90835075=H1-3
chr5:139095924-139109458	3	13534	loh	linear_nested	H1	3	3	A_single_molecule	yes	139095924=H1-1-1;139099235=H1-1;139109458=H1-1-1-1
chr5:139766114-139802269	3	36155	gain	full_tree	H2	3	2	B_spannable_pairwise	CN-altered(?)	139766114=H2-2;139771692=H2-1-1;139802269=H2-1
chr5:175946003-175946509	3	506	loh	linear_nested	H1	3	3	A_single_molecule	yes	175946003=H1-1-1;175946428=H1-1;175946509=H1-1-1-1
chr5:178839731-178862561	3	22830	loh	linear_nested	H2	3	3	A_single_molecule	yes	178839731=H2-1-1-1;178855854=H2-1-1;178862561=H2-1
chr6:63197590-63217473	3	19883	gain	full_tree	H1	2	2	A_single_molecule	CN-altered(?)	63207613=H1-1-1;63217473=H1-1
chr6:71468250-71500665	3	32415	gain	sibling_only	H2	3	1	B_spannable_pairwise	CN-altered(?)	71468250=H2-3;71484118=H2-1;71500665=H2-2
chr6:78842555-78881752	3	39197	gain	sibling_only	H?	3	1	B_spannable_pairwise	CN-altered(?)	78842555=H?-1;78868297=H?-3;78881752=H?-2
chr6:86815808-86829547	3	13739	loss	full_tree	H2	3	2	B_spannable_pairwise	CN-altered(?)	86815808=H2-2;86829132=H2-1-1;86829547=H2-1
chr6:112222431-112245184	3	22753	loh	linear_nested	H2	3	3	A_single_molecule	yes	112222431=H2-1;112241995=H2-1-1;112245184=H2-1-1-1
chr6:114663503-114717631	3	54128	loh	full_tree	H2	3	2	B_spannable_pairwise	yes	114663503=H2-2;114683396=H2-1-1;114717631=H2-1
chr6:116963932-117002563	3	38631	gain	sibling_only	H2,H?	3	1	B_spannable_pairwise	CN-altered(?)	116963932=H2-1;116968696=H2-2;117002563=H2-3
chr6:119014825-119059040	3	44215	gain	full_tree	H1	3	2	B_spannable_pairwise	CN-altered(?)	119014825=H1-2;119035231=H1-2-1;119059040=H1-1
chr6:119551983-119569624	3	17641	gain	sibling_only	H1	3	1	A_single_molecule	CN-altered(?)	119551983=H1-3;119551984=H1-2;119569624=H1-1
chr6:119899860-119925876	3	26016	gain	sibling_only	H1	3	1	A_single_molecule	CN-altered(?)	119899860=H1-3;119907932=H1-1;119925876=H1-2
chr6:121715978-121761165	3	45187	gain	sibling_only	H1,H?	3	1	B_spannable_pairwise	CN-altered(?)	121715978=H1-2;121736430=H1-1;121761165=H1-3
chr6:133307510-133319050	3	11540	gain	linear_nested	H2	3	2	A_single_molecule	CN-altered(?)	133307510=H2-2;133310584=H2-1;133319050=H2-1-1
chr6:136000853-136055943	3	55090	gain	full_tree	H2	3	2	B_spannable_pairwise	CN-altered(?)	136000853=H2-2;136029364=H2-1;136055943=H2-1-1
chr6:150337997-150344815	3	6818	gain	linear_nested	H1	3	3	B_spannable_pairwise	CN-altered(?)	150337997=H1-1-1-1;150337998=H1-1-1;150344815=H1-1
chr6:162499407-162508092	3	8685	loh	linear_nested	H2	3	2	A_single_molecule	yes	162499407=H2-1-1;162504266=H2-1;162508092=H2-2
chr7:4145951-4178969	3	33018	gain	linear_nested	H2	3	2	B_spannable_pairwise	CN-altered(?)	4145951=H2-1-1;4161124=H2-1;4178969=H2-1-2
chr7:7666424-7695513	3	29089	gain	sibling_only	H2	3	1	B_spannable_pairwise	CN-altered(?)	7666424=H2-3;7688242=H2-2;7695513=H2-1
chr7:8493168-8532399	3	39231	gain	linear_nested	H2	3	2	B_spannable_pairwise	CN-altered(?)	8493168=H2-1;8510313=H2-1-1;8532399=H2-2
chr7:15458371-15478582	3	20211	gain	linear_nested	H2	3	2	A_single_molecule	CN-altered(?)	15458371=H2-1;15467229=H2-1-2;15478582=H2-1-1
chr7:19005794-19027180	3	21386	gain	sibling_only	H2	3	1	A_single_molecule	CN-altered(?)	19005794=H2-3;19024859=H2-1;19027180=H2-2
chr7:36599703-36632996	3	33293	gain	full_tree	H2	3	2	B_spannable_pairwise	CN-altered(?)	36599703=H2-2;36617057=H2-1-1;36632996=H2-1
chr7:69967595-69996675	3	29080	gain	linear_nested	H1	3	2	B_spannable_pairwise	CN-altered(?)	69967595=H1-1-2;69987919=H1-1;69996675=H1-1-1
chr7:76675150-76698714	3	23564	gain	full_tree	H2	3	2	A_single_molecule	CN-altered(?)	76675150=H2-1;76679997=H2-2;76698714=H2-1-1
chr7:76914890-76948110	3	33220	gain	full_tree	H2	3	2	B_spannable_pairwise	CN-altered(?)	76914890=H2-2;76928621=H2-1;76948110=H2-1-1
chr7:77459427-77511074	3	51647	gain	sibling_only	H2	3	1	B_spannable_pairwise	CN-altered(?)	77459427=H2-2;77488379=H2-3;77511074=H2-1
chr7:135298697-135344147	3	45450	gain	full_tree	H1	3	2	B_spannable_pairwise	CN-altered(?)	135298697=H1-2;135317823=H1-1-1;135344147=H1-1
chr7:142622240-142654494	3	32254	gain	full_tree	H1	2	2	B_spannable_pairwise	CN-altered(?)	142646414=H1-1-1;142654494=H1-1
chr7:152435965-152510325	3	74360	gain	sibling_only	H2,H?	3	1	B_spannable_pairwise	CN-altered(?)	152435965=H2-2;152471017=H2-1;152510325=H2-3
chr7:153504238-153565358	3	61120	gain	sibling_only	H1	3	1	B_spannable_pairwise	CN-altered(?)	153504238=H1-3;153538423=H1-2;153565358=H1-1
chr7:155220429-155272684	3	52255	gain	linear_nested	H1	3	2	B_spannable_pairwise	CN-altered(?)	155220429=H1-1-2;155253885=H1-1;155272684=H1-1-1
chr8:6746018-6757635	3	11617	loh	linear_nested	H1	3	2	B_spannable_pairwise	yes	6746018=H1-1-1;6746019=H1-1-2;6757635=H1-1
chr8:19210340-19215143	3	4803	loh	sibling_only	H1	3	1	A_single_molecule	yes	19210340=H1-3;19215142=H1-2;19215143=H1-1
chr8:24966780-24992896	3	26116	loh	linear_nested	H1	3	3	B_spannable_pairwise	yes	24966780=H1-1-1;24971547=H1-1-1-1;24992896=H1-1
chr8:54168560-54218383	3	49823	loh	linear_nested	H2	3	2	B_spannable_pairwise	yes	54168560=H2-1-1;54187872=H2-1;54218383=H2-1-2
chr8:56258063-56306359	3	48296	loh	sibling_only	H1,H?	3	1	B_spannable_pairwise	yes	56258063=H1-2;56273727=H1-3;56306359=H1-1
chr8:67801200-67817792	3	16592	gain	linear_nested	H2	3	3	A_single_molecule	CN-altered(?)	67801200=H2-1;67801201=H2-1-1;67817792=H2-1-1-1
chr8:69466613-69481340	3	14727	gain	full_tree	H1	3	2	A_single_molecule	CN-altered(?)	69466613=H1-1-1;69471754=H1-2;69481340=H1-1
chr8:79564238-79596580	3	32342	gain	sibling_only	H2	3	1	B_spannable_pairwise	CN-altered(?)	79564238=H2-1;79586074=H2-3;79596580=H2-2
chr8:82418435-82457244	3	38809	gain	sibling_only	H2	3	1	B_spannable_pairwise	CN-altered(?)	82418435=H2-1;82428081=H2-3;82457244=H2-2
chr8:89425241-89454862	3	29621	loh	full_tree	H2	3	2	B_spannable_pairwise	yes	89425241=H2-2;89433370=H2-1-1;89454862=H2-1
chr8:97888470-97929315	3	40845	loh	full_tree	H2	3	2	B_spannable_pairwise	yes	97888470=H2-1;97910152=H2-1-1;97929315=H2-2
chr8:101421803-101459134	3	37331	gain	sibling_only	H2	3	1	B_spannable_pairwise	CN-altered(?)	101421803=H2-1;101432656=H2-3;101459134=H2-2
chr8:109729434-109768464	3	39030	gain	sibling_only	H2	3	1	B_spannable_pairwise	CN-altered(?)	109729434=H2-2;109754770=H2-3;109768464=H2-1
chr8:125706264-125760540	3	54276	gain	sibling_only	H2	3	1	B_spannable_pairwise	CN-altered(?)	125706264=H2-1;125726169=H2-2;125760540=H2-3
chr8:128150737-128210489	3	59752	gain	full_tree	H2	3	2	B_spannable_pairwise	CN-altered(?)	128150737=H2-1;128183038=H2-2;128210489=H2-2-1
chr8:132299819-132345925	3	46106	gain	sibling_only	H2,H?	3	1	B_spannable_pairwise	CN-altered(?)	132299819=H2-2;132330248=H2-3;132345925=H2-1
chr8:133416475-133459437	3	42962	gain	full_tree	H1	3	2	B_spannable_pairwise	CN-altered(?)	133416475=H1-2;133426846=H1-1-1;133459437=H1-1
chr8:137673820-137689627	3	15807	gain	sibling_only	H2	3	1	A_single_molecule	CN-altered(?)	137673820=H2-3;137688774=H2-1;137689627=H2-2
chr8:141536910-141605210	3	68300	gain	sibling_only	H2,H?	3	1	B_spannable_pairwise	CN-altered(?)	141536910=H2-2;141562382=H2-1;141605210=H2-3
chr9:1026593-1032521	3	5928	gain	linear_nested	H2	3	3	A_single_molecule	CN-altered(?)	1026593=H2-1;1032520=H2-1-1;1032521=H2-1-1-1
chr9:30374811-30375868	3	1057	loh	linear_nested	H2	3	3	A_single_molecule	yes	30374811=H2-1;30375867=H2-1-1-1;30375868=H2-1-1
chr9:71198219-71230037	3	31818	gain	linear_nested	H2	3	2	B_spannable_pairwise	CN-altered(?)	71198219=H2-1-2;71221946=H2-1-1;71230037=H2-1
chr9:84692444-84692452	3	8	gain	linear_nested	H2	3	2	A_single_molecule	CN-altered(?)	84692444=H2-1-1;84692446=H2-2;84692452=H2-1
chr9:101369849-101399290	3	29441	gain	full_tree	H2	2	2	B_spannable_pairwise	CN-altered(?)	101378404=H2-1-1;101399290=H2-1
chr9:116218945-116254388	3	35443	loh	linear_nested	H2	3	2	B_spannable_pairwise	yes	116218945=H2-1-1;116232221=H2-1;116254388=H2-1-2
chr10:11815399-11823264	3	7865	loh	full_tree	H2	3	2	A_single_molecule	yes	11815399=H2-1-1;11815883=H2-2;11823264=H2-1
chr10:17370596-17394221	3	23625	loh	linear_nested	H2	3	3	A_single_molecule	yes	17370596=H2-1;17370597=H2-1-1;17394221=H2-1-1-1
chr10:20139139-20172416	3	33277	loh	linear_nested	H2	3	2	B_spannable_pairwise	yes	20139139=H2-1;20153966=H2-1-1;20172416=H2-2
chr10:21724601-21751390	3	26789	loh	linear_nested	H1	3	3	B_spannable_pairwise	yes	21724601=H1-1;21728277=H1-1-1;21751390=H1-1-1-1
chr10:63670920-63704033	3	33113	loh	full_tree	H2,H?	3	2	B_spannable_pairwise	yes	63670920=H2-1;63702320=H2-2-1;63704033=H2-2
chr10:82896261-82931609	3	35348	loh	sibling_only	H?	3	1	B_spannable_pairwise	yes	82896261=H?-1;82916154=H?-3;82931609=H?-2
chr10:92050427-92089291	3	38864	loh	linear_nested	H1	3	2	B_spannable_pairwise	yes	92050427=H1-2;92078128=H1-1-1;92089291=H1-1
chr10:111030565-111056521	3	25956	loh	linear_nested	H1	3	2	A_single_molecule	yes	111030565=H1-1-1;111055861=H1-2;111056521=H1-1
chr10:121588428-121605733	3	17305	gain	full_tree	H2	3	2	A_single_molecule	CN-altered(?)	121588428=H2-2;121590127=H2-1;121605733=H2-1-1
chr10:127758467-127803318	3	44851	gain	full_tree	H2	3	2	B_spannable_pairwise	CN-altered(?)	127758467=H2-1;127791153=H2-1-1;127803318=H2-2
chr10:130687125-130698089	3	10964	gain	full_tree	H2	3	2	B_spannable_pairwise	CN-altered(?)	130687125=H2-2;130690763=H2-1;130698089=H2-1-1
chr10:132110627-132163377	3	52750	loh	full_tree	H1	3	2	B_spannable_pairwise	yes	132110627=H1-1;132134725=H1-1-1;132163377=H1-2
chr11:5157112-5164579	3	7467	loh	linear_nested	H1	3	2	B_spannable_pairwise	yes	5157112=H1-1-2;5160791=H1-1-1;5164579=H1-1
chr11:6687336-6712684	3	25348	loh	linear_nested	H2	3	2	B_spannable_pairwise	yes	6687336=H2-1-1;6699857=H2-1;6712684=H2-1-2
chr11:24731614-24740365	3	8751	loh	full_tree	H2	3	2	A_single_molecule	yes	24731614=H2-1;24736299=H2-1-1;24740365=H2-2
chr11:28772879-28819477	3	46598	loh	full_tree	H1	3	2	B_spannable_pairwise	yes	28772879=H1-1;28788776=H1-1-1;28819477=H1-2
chr11:48865480-48888347	3	22867	loh	inconsistent	H2	2	0	incompatible(cycle)	yes	
chr11:62042125-62043946	3	1821	gain	linear_nested	H2	3	2	A_single_molecule	CN-altered(?)	62042125=H2-1;62043945=H2-1-1;62043946=H2-1-2
chr11:93081362-93116686	3	35324	loh	sibling_only	H1,H?	3	1	B_spannable_pairwise	yes	93081362=H1-2;93106529=H1-3;93116686=H1-1
chr11:100919235-100945997	3	26762	loh	linear_nested	H1	3	2	B_spannable_pairwise	yes	100919235=H1-1;100939201=H1-1-1;100945997=H1-2
chr11:103894538-103906824	3	12286	loh	sibling_only	H1	3	1	A_single_molecule	yes	103894538=H1-1;103898723=H1-2;103906824=H1-3
chr11:108474713-108498993	3	24280	loh	full_tree	H2,H?	3	2	B_spannable_pairwise	yes	108474713=H2-1;108478783=H2-1-1;108498993=H2-2
chr11:115845053-115863337	3	18284	loh	linear_nested	H2	3	2	B_spannable_pairwise	yes	115845053=H2-1-2;115860196=H2-1;115863337=H2-1-1
chr12:1573245-1621817	3	48572	gain	sibling_only	H1	3	1	B_spannable_pairwise	CN-altered(?)	1573245=H1-2;1598671=H1-3;1621817=H1-1
chr12:12084415-12122152	3	37737	gain	full_tree	H1	3	2	B_spannable_pairwise	CN-altered(?)	12084415=H1-2;12119339=H1-1-1;12122152=H1-1
chr12:14233457-14249618	3	16161	gain	linear_nested	H1	3	2	A_single_molecule	CN-altered(?)	14233457=H1-1-2;14234534=H1-1-1;14249618=H1-1
chr12:20173838-20198877	3	25039	gain	sibling_only	H2	3	1	A_single_molecule	CN-altered(?)	20173838=H2-3;20183643=H2-2;20198877=H2-1
chr12:21783337-21810232	3	26895	gain	sibling_only	H1	3	1	B_spannable_pairwise	CN-altered(?)	21783337=H1-2;21802237=H1-1;21810232=H1-3
chr12:44198568-44199104	3	536	loh	inconsistent	H2	2	0	incompatible(cycle)	yes	
chr12:70906645-70940936	3	34291	loh	full_tree	H2	3	2	B_spannable_pairwise	yes	70906645=H2-2;70924333=H2-1-1;70940936=H2-1
chr12:94841506-94862541	3	21035	loh	full_tree	H2	3	2	B_spannable_pairwise	yes	94841506=H2-1-1;94857930=H2-2;94862541=H2-1
chr12:96816861-96852447	3	35586	loh	full_tree	H2	3	2	B_spannable_pairwise	yes	96816861=H2-2;96837909=H2-1-1;96852447=H2-1
chr12:99005552-99021011	3	15459	loh	linear_nested	H2	3	3	B_spannable_pairwise	yes	99005552=H2-1-1-1;99020355=H2-1;99021011=H2-1-1
chr12:111093584-111129988	3	36404	loh	linear_nested	H1	3	2	B_spannable_pairwise	yes	111093584=H1-1-2;111114610=H1-1;111129988=H1-1-1
chr12:111729485-111766198	3	36713	loh	linear_nested	H1	3	2	B_spannable_pairwise	yes	111729485=H1-2;111754727=H1-1-1;111766198=H1-1
chr12:121354052-121381685	3	27633	loh	full_tree	H2	3	2	B_spannable_pairwise	yes	121354052=H2-2;121364955=H2-1-1;121381685=H2-1
chr13:37319390-37357528	3	38138	gain	full_tree	H2	3	2	B_spannable_pairwise	CN-altered(?)	37319390=H2-1;37346078=H2-1-1;37357528=H2-2
chr13:63520492-63559139	3	38647	loh	full_tree	H1	3	2	B_spannable_pairwise	yes	63520492=H1-1-1;63545390=H1-1;63559139=H1-2
chr13:68162169-68173006	3	10837	loh	full_tree	H1	3	2	A_single_molecule	yes	68162169=H1-1-1;68170614=H1-2;68173006=H1-1
chr13:103054961-103079386	3	24425	loh	linear_nested	H2	3	2	A_single_molecule	yes	103054961=H2-1-2;103068627=H2-1-1;103079386=H2-1
chr14:20557431-20565591	3	8160	gain	linear_nested	H1	3	2	A_single_molecule	CN-altered(?)	20557431=H1-1-1;20561443=H1-2;20565591=H1-1
chr14:21806249-21830600	3	24351	gain	linear_nested	H2	3	3	A_single_molecule	CN-altered(?)	21806249=H2-1-1-1;21810838=H2-1-1;21830600=H2-1
chr14:61993007-62026893	3	33886	loh	linear_nested	H2	3	2	B_spannable_pairwise	yes	61993007=H2-2;62014675=H2-1-1;62026893=H2-1
chr14:70861465-70881360	3	19895	loh	full_tree	H1	3	2	A_single_molecule	yes	70861465=H1-1;70866829=H1-2;70881360=H1-1-1
chr14:73880672-73900269	3	19597	loh	linear_nested	H1	3	2	A_single_molecule	yes	73880672=H1-1;73900099=H1-1-1;73900269=H1-1-2
chr14:80304909-80327566	3	22657	gain	linear_nested	H1	3	2	B_spannable_pairwise	CN-altered(?)	80304909=H1-1-1;80308692=H1-1-2;80327566=H1-1
chr14:97691300-97692510	3	1210	gain	full_tree	H1	3	2	A_single_molecule	CN-altered(?)	97691300=H1-1;97691520=H1-1-1;97692510=H1-2
chr14:97837559-97866446	3	28887	gain	linear_nested	H1	3	3	B_spannable_pairwise	CN-altered(?)	97837559=H1-1-1;97849234=H1-1-1-1;97866446=H1-1
chr14:102523419-102546868	3	23449	gain	full_tree	H2	3	2	B_spannable_pairwise	CN-altered(?)	102523419=H2-2;102526271=H2-1;102546868=H2-1-1
chr15:25188767-25206816	3	18049	loh	sibling_only	H1	3	1	B_spannable_pairwise	yes	25188767=H1-1;25203648=H1-3;25206816=H1-2
chr15:44671249-44700498	3	29249	loh	linear_nested	H1	3	3	B_spannable_pairwise	yes	44671249=H1-1-1-1;44681388=H1-1-1;44700498=H1-1
chr15:61785234-61800206	3	14972	gain	linear_nested	H2	3	2	A_single_molecule	CN-altered(?)	61785234=H2-1-2;61788941=H2-1-1;61800206=H2-1
chr15:66946616-66977383	3	30767	gain	linear_nested	H1	3	2	B_spannable_pairwise	CN-altered(?)	66946616=H1-1-1;66973281=H1-1;66977383=H1-1-2
chr15:73660167-73669646	3	9479	gain	linear_nested	H1	3	2	A_single_molecule	CN-altered(?)	73660167=H1-1-2;73663490=H1-1;73669646=H1-1-1
chr15:77794563-77813890	3	19327	gain	sibling_only	H1	3	1	A_single_molecule	CN-altered(?)	77794563=H1-3;77811142=H1-1;77813890=H1-2
chr15:81521907-81541584	3	19677	gain	linear_nested	H2	3	2	A_single_molecule	CN-altered(?)	81521907=H2-1-1;81531522=H2-1-2;81541584=H2-1
chr15:98396959-98439965	3	43006	gain	full_tree	H1	3	2	B_spannable_pairwise	CN-altered(?)	98396959=H1-2;98410931=H1-1;98439965=H1-1-1
chr17:925986-935246	3	9260	gain	linear_nested	H2	3	2	A_single_molecule	CN-altered(?)	925986=H2-1-1;935117=H2-2;935246=H2-1
chr17:4424731-4464586	3	39855	gain	sibling_only	H1	3	1	B_spannable_pairwise	CN-altered(?)	4424731=H1-2;4436663=H1-3;4464586=H1-1
chr17:7807669-7813292	3	5623	gain	linear_nested	H2	3	2	A_single_molecule	CN-altered(?)	7807669=H2-1;7809566=H2-2;7813292=H2-1-1
chr17:31671779-31725356	3	53577	loh	sibling_only	H1	3	1	B_spannable_pairwise	yes	31671779=H1-1;31700452=H1-3;31725356=H1-2
chr17:34213222-34255867	3	42645	loh	full_tree	H1	3	2	B_spannable_pairwise	yes	34213222=H1-2;34233234=H1-1-1;34255867=H1-1
chr17:71507165-71547911	3	40746	gain	sibling_only	H2	3	1	B_spannable_pairwise	CN-altered(?)	71507165=H2-2;71528195=H2-3;71547911=H2-1
chr17:73637466-73674715	3	37249	gain	sibling_only	H1	3	1	B_spannable_pairwise	CN-altered(?)	73637466=H1-2;73660014=H1-1;73674715=H1-3
chr17:81634101-81677282	3	43181	gain	sibling_only	H1	3	1	B_spannable_pairwise	CN-altered(?)	81634101=H1-3;81657280=H1-1;81677282=H1-2
chr18:3281734-3299083	3	17349	loh	linear_nested	H1	3	2	A_single_molecule	yes	3281734=H1-1-1;3281964=H1-1;3299083=H1-1-2
chr18:7157036-7179015	3	21979	loh	inconsistent	H2	2	0	incompatible(cycle)	yes	
chr18:34784478-34808104	3	23626	gain	linear_nested	H1	3	3	A_single_molecule	CN-altered(?)	34784478=H1-1-1-1;34808098=H1-1;34808104=H1-1-1
chr18:74303771-74340076	3	36305	loss	sibling_only	H1,H?	3	1	B_spannable_pairwise	CN-altered(?)	74303771=H1-1;74317633=H1-3;74340076=H1-2
chr18:75308977-75317317	3	8340	loss	full_tree	H2	2	2	B_spannable_pairwise	CN-altered(?)	75315513=H2-1-1;75317317=H2-1
chr19:14915374-14931455	3	16081	gain	linear_nested	H1	3	2	A_single_molecule	CN-altered(?)	14915374=H1-1-1;14926945=H1-1;14931455=H1-2
chr19:18282420-18292426	3	10006	gain	full_tree	H2	3	2	A_single_molecule	CN-altered(?)	18282420=H2-1-1;18282954=H2-2;18292426=H2-1
chr19:22017345-22050745	3	33400	gain	linear_nested	H2	3	2	B_spannable_pairwise	CN-altered(?)	22017345=H2-2;22029139=H2-1-1;22050745=H2-1
chr19:50788427-50827455	3	39028	loh	full_tree	H1	3	2	B_spannable_pairwise	yes	50788427=H1-1;50798096=H1-2;50827455=H1-2-1
chr19:57565644-57582974	3	17330	loh	sibling_only	H2,H?	3	1	A_single_molecule	yes	57565644=H2-2;57578667=H2-3;57582974=H2-1
chr20:38000259-38003146	3	2887	gain	full_tree	H3?	3	2	A_single_molecule	CN-altered(?)	38000259=H3?-2;38002140=H3?-1;38003146=H3?-1-1
chr21:35830844-35837363	3	6519	neutral	linear_nested	H1	3	3	A_single_molecule	yes	35830844=H1-1;35837362=H1-1-1-1;35837363=H1-1-1
chr22:18976247-19009253	3	33006	loh	full_tree	H1	3	2	B_spannable_pairwise	yes	18976247=H1-2;18997796=H1-1-1;19009253=H1-1
chr22:19897998-19919235	3	21237	loh	sibling_only	H1	3	1	B_spannable_pairwise	yes	19897998=H1-2;19915670=H1-1;19919235=H1-3
chr22:29590823-29610430	3	19607	gain	linear_nested	H2	3	2	A_single_molecule	CN-altered(?)	29590823=H2-2;29596333=H2-1;29610430=H2-1-1
chr22:39025819-39059398	3	33579	gain	full_tree	H2	3	2	B_spannable_pairwise	CN-altered(?)	39025819=H2-1-1;39031339=H2-1;39059398=H2-2
chr22:43733391-43741533	3	8142	gain	full_tree	H2	3	2	A_single_molecule	CN-altered(?)	43733391=H2-2;43734826=H2-1;43741533=H2-2-1
chr7:104909085-105109479	11	200394	gain	sibling_only	H2	2	1	C_chained_statistical	CN-altered(?)	104925717=H2-2;104943399=H2-1
chr14:51389554-51553831	11	164277	gain	linear_nested	H1	2	2	C_chained_statistical	CN-altered(?)	51399045=H1-1-1;51419975=H1-1
chr18:76014870-76096385	11	81515	loss	linear_nested	H2	2	2	C_chained_statistical	CN-altered(?)	76048312=H2-1;76056588=H2-1-1
chr20:50644988-50748197	11	103209	gain	sibling_only	H3?	2	1	C_chained_statistical	CN-altered(?)	50649869=H3?-1;50661508=H3?-2
chr1:199830845-200029019	10	198174	gain	linear_nested	H1	2	2	C_chained_statistical	CN-altered(?)	200002929=H1-1-1;200029019=H1-1
chr4:178758554-178785960	10	27406	loh	linear_nested	H2	2	2	B_spannable_pairwise	yes	178785785=H2-1-1;178785960=H2-1
chr15:97249412-97454223	10	204811	gain	linear_nested	H2	2	2	C_chained_statistical	CN-altered(?)	97410975=H2-1-1;97413083=H2-1
chr2:240419606-240658367	9	238761	gain	linear_nested	H2	2	2	C_chained_statistical	CN-altered(?)	240491782=H2-1;240515223=H2-1-1
chr5:5776385-5941537	9	165152	gain	linear_nested	H1	2	2	C_chained_statistical	CN-altered(?)	5911936=H1-1-1;5941537=H1-1
chr5:7427798-7586600	9	158802	gain	sibling_only	H1	2	1	C_chained_statistical	CN-altered(?)	7428857=H1-2;7451953=H1-1
chr8:81733317-81787436	9	54119	gain	sibling_only	H1	2	1	B_spannable_pairwise	CN-altered(?)	81761188=H1-2;81787436=H1-1
chr1:215800222-215950488	8	150266	gain	sibling_only	H2	2	1	C_chained_statistical	CN-altered(?)	215924894=H2-2;215950488=H2-1
chr2:26430884-26623795	8	192911	loh	sibling_only	H2	2	1	C_chained_statistical	yes	26489403=H2-2;26511537=H2-1
chr2:198830435-198980526	8	150091	neutral	linear_nested	H1	2	2	C_chained_statistical	yes	198830435=H1-1;198836407=H1-1-1
chr3:83570537-83765761	8	195224	gain	linear_nested	H1	2	2	C_chained_statistical	CN-altered(?)	83745044=H1-1-1;83765761=H1-1
chr4:14941018-14984384	8	43366	loh	linear_nested	H3?	2	2	B_spannable_pairwise	yes	14981669=H3?-1;14984384=H3?-1-1
chr4:22855416-22990106	8	134690	loss	sibling_only	H1	2	1	C_chained_statistical	CN-altered(?)	22879831=H1-1;22896659=H1-2
chr4:106929284-107017248	8	87964	gain	linear_nested	H2	2	2	C_chained_statistical	CN-altered(?)	106929284=H2-1;106972874=H2-1-1
chr4:140043501-140181240	8	137739	gain	linear_nested	H2	2	2	C_chained_statistical	CN-altered(?)	140060230=H2-1;140070310=H2-1-1
chr7:51524953-51637339	8	112386	gain	linear_nested	H2	2	2	C_chained_statistical	CN-altered(?)	51590064=H2-1;51600361=H2-1-1
chr7:67411625-67574300	8	162675	gain	linear_nested	H1	2	2	C_chained_statistical	CN-altered(?)	67558476=H1-1;67574300=H1-1-1
chr9:90580724-90691449	8	110725	gain	linear_nested	H2	2	2	C_chained_statistical	CN-altered(?)	90664020=H2-1;90687353=H2-1-1
chr14:96090629-96286385	8	195756	gain	sibling_only	H2	2	1	C_chained_statistical	CN-altered(?)	96260943=H2-1;96286385=H2-2
chr17:20176988-20312592	8	135604	loh	sibling_only	H2	2	1	C_chained_statistical	yes	20177358=H2-2;20198776=H2-1
chr20:10888443-10990862	8	102419	gain	linear_nested	H1	2	2	C_chained_statistical	CN-altered(?)	10972680=H1-1;10977878=H1-1-1
chr20:43938738-43989370	8	50632	gain	sibling_only	H1	2	1	B_spannable_pairwise	CN-altered(?)	43958385=H1-2;43989370=H1-1
chr1:65681667-65764294	7	82627	loh	sibling_only	H2	2	1	C_chained_statistical	yes	65681667=H2-1;65725142=H2-2
chr1:164145294-164307155	7	161861	gain	sibling_only	H?	2	1	C_chained_statistical	CN-altered(?)	164145294=H?-1;164174209=H?-2
chr1:190064024-190175947	7	111923	gain	linear_nested	H1	2	2	C_chained_statistical	CN-altered(?)	190072921=H1-1-1;190083944=H1-1
chr1:225294836-225437224	7	142388	gain	linear_nested	H2	2	2	C_chained_statistical	CN-altered(?)	225425235=H2-1-1;225437224=H2-1
chr2:77967801-78047152	7	79351	loh	linear_nested	H3?	2	2	C_chained_statistical	yes	77978776=H3?-1;77987330=H3?-1-1
chr2:104385146-104536767	7	151621	loss	sibling_only	H2	2	1	C_chained_statistical	CN-altered(?)	104422164=H2-1;104424909=H2-2
chr2:112282868-112293069	7	10201	loss	linear_nested	H1	2	2	B_spannable_pairwise	CN-altered(?)	112292977=H1-1;112293069=H1-1-1
chr3:34091-199347	7	165256	gain	sibling_only	H2	2	1	C_chained_statistical	CN-altered(?)	58157=H2-1;67731=H2-2
chr3:172324553-172446968	7	122415	gain	linear_nested	H1	2	2	C_chained_statistical	CN-altered(?)	172427951=H1-1;172446968=H1-1-1
chr3:186381873-186514246	7	132373	gain	linear_nested	H1	2	2	C_chained_statistical	CN-altered(?)	186476601=H1-1;186514246=H1-1-1
chr4:39687494-39761846	7	74352	neutral	linear_nested	H3?	2	2	B_spannable_pairwise	yes	39760446=H3?-1;39761846=H3?-1-1
chr4:44351156-44424553	7	73397	gain	linear_nested	H1	2	2	B_spannable_pairwise	CN-altered(?)	44411826=H1-1-1;44424553=H1-1
chr5:1331836-1447799	7	115963	gain	linear_nested	H2	2	2	C_chained_statistical	CN-altered(?)	1348479=H2-1-1;1375902=H2-1
chr6:101319782-101433346	7	113564	loh	linear_nested	H2	2	2	C_chained_statistical	yes	101372928=H2-1;101378260=H2-1-1
chr6:139366056-139509508	7	143452	gain	linear_nested	H2	2	2	C_chained_statistical	CN-altered(?)	139366056=H2-1;139403029=H2-1-1
chr7:51943525-52087777	7	144252	gain	linear_nested	H1	2	2	C_chained_statistical	CN-altered(?)	51943526=H1-1-1;51969308=H1-1
chr7:84856589-84984892	7	128303	gain	sibling_only	H1	2	1	C_chained_statistical	CN-altered(?)	84967431=H1-2;84982990=H1-1
chr7:120661217-120818304	7	157087	gain	sibling_only	H3?	2	1	C_chained_statistical	CN-altered(?)	120709893=H3?-1;120713666=H3?-2
chr7:125750592-125912850	7	162258	gain	linear_nested	H2	2	2	C_chained_statistical	CN-altered(?)	125840897=H2-1;125866313=H2-1-1
chr7:145686392-145857183	7	170791	gain	sibling_only	H1	2	1	C_chained_statistical	CN-altered(?)	145832994=H1-2;145857183=H1-1
chr8:55412555-55566391	7	153836	loh	linear_nested	H1	2	2	C_chained_statistical	yes	55488882=H1-1-1;55501440=H1-1
chr9:5029369-5136405	7	107036	gain	sibling_only	H2	2	1	C_chained_statistical	CN-altered(?)	5036656=H2-2;5095768=H2-1
chr9:135515614-135655608	7	139994	gain	linear_nested	H1	2	2	C_chained_statistical	CN-altered(?)	135515614=H1-1-1;135524309=H1-1
chr11:61485250-61621878	7	136628	gain	linear_nested	H2	2	2	C_chained_statistical	CN-altered(?)	61508413=H2-1;61535137=H2-1-1
chr12:98269929-98358899	7	88970	loh	linear_nested	H2	2	2	C_chained_statistical	yes	98348356=H2-1;98358899=H2-1-1
chr14:82793113-82937999	7	144886	gain	linear_nested	H2	2	2	C_chained_statistical	CN-altered(?)	82872002=H2-1;82872478=H2-1-1
chr14:88569623-88721552	7	151929	gain	sibling_only	H2	2	1	C_chained_statistical	CN-altered(?)	88683003=H2-2;88687042=H2-1
chr14:88938234-89051270	7	113036	gain	sibling_only	H2	2	1	C_chained_statistical	CN-altered(?)	89009615=H2-1;89036208=H2-2
chr15:28815512-28979438	7	163926	loh	sibling_only	H?	2	1	C_chained_statistical	yes	28915697=H?-2;28931742=H?-1
chr19:30109963-30241589	7	131626	gain	linear_nested	H2	2	2	C_chained_statistical	CN-altered(?)	30194784=H2-1-1;30241589=H2-1
chr20:46404921-46532481	7	127560	gain	linear_nested	H1	2	2	C_chained_statistical	CN-altered(?)	46453383=H1-1-1;46478806=H1-1
chr21:20386204-20533476	7	147272	neutral	linear_nested	H1	2	2	C_chained_statistical	yes	20386204=H1-1-1;20407872=H1-1
chr21:36346446-36498677	7	152231	neutral	linear_nested	H2	2	2	C_chained_statistical	yes	36483854=H2-1-1;36498677=H2-1
chr22:32856166-32978645	7	122479	gain	linear_nested	H2	2	2	C_chained_statistical	CN-altered(?)	32893307=H2-1-1;32905661=H2-1
chr1:52017571-52105341	6	87770	gain	linear_nested	H1	2	2	C_chained_statistical	CN-altered(?)	52096881=H1-1-1;52105341=H1-1
chr1:210973309-211030172	6	56863	gain	linear_nested	H2	2	2	B_spannable_pairwise	CN-altered(?)	210990564=H2-1-1;211002781=H2-1
chr1:221970009-222003917	6	33908	gain	linear_nested	H1	2	2	B_spannable_pairwise	CN-altered(?)	221999175=H1-1;222003917=H1-1-1
chr1:222161959-222297522	6	135563	gain	sibling_only	H1,H?	2	1	C_chained_statistical	CN-altered(?)	222193199=H?-1;222219739=H?-2
chr2:169103240-169181679	6	78439	gain	linear_nested	H1	2	2	C_chained_statistical	CN-altered(?)	169132867=H1-1;169151381=H1-1-1
chr2:172172670-172272286	6	99616	gain	sibling_only	H1	2	1	C_chained_statistical	CN-altered(?)	172226241=H1-2;172226654=H1-1
chr2:208057653-208181449	6	123796	neutral	linear_nested	H2	2	2	C_chained_statistical	yes	208079919=H2-1-1;208090434=H2-1
chr2:239941457-240050670	6	109213	gain	linear_nested	H1	2	2	C_chained_statistical	CN-altered(?)	239941457=H1-1-1;239963200=H1-1
chr3:106497970-106563024	6	65054	loh	linear_nested	H2	2	2	B_spannable_pairwise	yes	106497970=H2-1-1;106514049=H2-1
chr3:162373883-162438875	6	64992	loh	sibling_only	H3?	2	1	B_spannable_pairwise	yes	162373883=H3?-2;162386222=H3?-1
chr4:594914-730855	6	135941	neutral	linear_nested	H2	2	2	C_chained_statistical	yes	717529=H2-1;730855=H2-1-1
chr4:9602411-9649610	6	47199	loh	linear_nested	H2	2	2	B_spannable_pairwise	yes	9630211=H2-1;9630430=H2-1-1
chr4:37993927-38110373	6	116446	neutral	sibling_only	H1	2	1	C_chained_statistical	yes	38053854=H1-2;38058253=H1-1
chr4:60961707-61063329	6	101622	gain	linear_nested	H2	2	2	C_chained_statistical	CN-altered(?)	60961707=H2-1-1;60992594=H2-1
chr4:103642223-103703280	6	61057	gain	linear_nested	H1	2	2	B_spannable_pairwise	CN-altered(?)	103693831=H1-1;103703280=H1-1-1
chr4:136753947-136843116	6	89169	gain	linear_nested	H1	2	2	C_chained_statistical	CN-altered(?)	136753947=H1-1-1;136781077=H1-1
chr5:11458911-11574172	6	115261	gain	linear_nested	H1	2	2	C_chained_statistical	CN-altered(?)	11566710=H1-1;11574172=H1-1-1
chr5:35385689-35463108	6	77419	gain	linear_nested	H2	2	2	C_chained_statistical	CN-altered(?)	35420215=H2-1-1;35430031=H2-1
chr5:37781274-37852630	6	71356	gain	linear_nested	H1	2	2	B_spannable_pairwise	CN-altered(?)	37781274=H1-1;37797203=H1-1-1
chr5:146710058-146804381	6	94323	gain	sibling_only	H2	2	1	C_chained_statistical	CN-altered(?)	146774712=H2-2;146804381=H2-1
chr6:62384148-62486959	6	102811	gain	linear_nested	H1	2	2	C_chained_statistical	CN-altered(?)	62409385=H1-1-1;62424940=H1-1
chr6:75332254-75365103	6	32849	gain	sibling_only	H1	2	1	B_spannable_pairwise	CN-altered(?)	75332254=H1-1;75365103=H1-2
chr6:76358050-76495211	6	137161	gain	sibling_only	H1	2	1	C_chained_statistical	CN-altered(?)	76358050=H1-2;76372547=H1-1
chr6:81298897-81345055	6	46158	gain	sibling_only	H2	2	1	B_spannable_pairwise	CN-altered(?)	81344722=H2-1;81345055=H2-2
chr7:26870754-27027755	6	157001	gain	linear_nested	H2	2	2	C_chained_statistical	CN-altered(?)	26939006=H2-1;26952642=H2-1-1
chr7:71807770-71943011	6	135241	gain	linear_nested	H1	2	2	C_chained_statistical	CN-altered(?)	71807770=H1-1-1;71825233=H1-1
chr7:114721214-114902069	6	180855	gain	linear_nested	H2	2	2	C_chained_statistical	CN-altered(?)	114805956=H2-1-1;114828886=H2-1
chr7:132486378-132634675	6	148297	gain	sibling_only	H1	2	1	C_chained_statistical	CN-altered(?)	132615965=H1-2;132634675=H1-1
chr7:133020654-133167317	6	146663	gain	sibling_only	H1	2	1	C_chained_statistical	CN-altered(?)	133152448=H1-2;133167317=H1-1
chr7:152824410-152928069	6	103659	gain	sibling_only	H2	2	1	C_chained_statistical	CN-altered(?)	152894037=H2-1;152928069=H2-2
chr8:3909075-4041704	6	132629	loh	linear_nested	H1	2	2	C_chained_statistical	yes	3911309=H1-1;3917480=H1-1-1
chr8:66108851-66134925	6	26074	gain	sibling_only	H1	2	1	B_spannable_pairwise	CN-altered(?)	66131293=H1-1;66134925=H1-2
chr8:81113147-81134980	6	21833	gain	sibling_only	H3?	2	1	A_single_molecule	CN-altered(?)	81114617=H3?-2;81130367=H3?-1
chr8:82535025-82605457	6	70432	gain	sibling_only	H1	2	1	B_spannable_pairwise	CN-altered(?)	82569090=H1-1;82576703=H1-2
chr8:98215531-98345372	6	129841	loh	sibling_only	H1	2	1	C_chained_statistical	yes	98270769=H1-2;98300835=H1-1
chr8:130364169-130560637	6	196468	gain	sibling_only	H2	2	1	C_chained_statistical	CN-altered(?)	130538079=H2-2;130560637=H2-1
chr9:93854298-93947684	6	93386	gain	linear_nested	H2	2	2	C_chained_statistical	CN-altered(?)	93891023=H2-1;93900167=H2-1-1
chr9:130628310-130738384	6	110074	gain	sibling_only	H2	2	1	C_chained_statistical	CN-altered(?)	130737955=H2-1;130738384=H2-2
chr9:136269095-136327376	6	58281	gain	sibling_only	H1	2	1	B_spannable_pairwise	CN-altered(?)	136310013=H1-2;136318419=H1-1
chr9:138064522-138171255	6	106733	gain	linear_nested	H2	2	2	C_chained_statistical	CN-altered(?)	138161738=H2-1;138171255=H2-1-1
chr10:42891383-43017408	6	126025	gain	sibling_only	H2	2	1	C_chained_statistical	CN-altered(?)	42908353=H2-2;42941274=H2-1
chr10:43587867-43713209	6	125342	gain	linear_nested	H3?	2	2	C_chained_statistical	CN-altered(?)	43706501=H3?-1-1;43713209=H3?-1
chr10:53928600-54052129	6	123529	gain	linear_nested	H2	2	2	C_chained_statistical	CN-altered(?)	54038646=H2-1;54052129=H2-1-1
chr11:10081747-10149853	6	68106	loh	sibling_only	H1	2	1	B_spannable_pairwise	yes	10105527=H1-1;10119250=H1-2
chr11:54866428-54996135	6	129707	gain	sibling_only	H2	2	1	C_chained_statistical	CN-altered(?)	54880200=H2-2;54898976=H2-1
chr12:63674150-63742074	6	67924	loh	linear_nested	H2	2	2	B_spannable_pairwise	yes	63679593=H2-1-1;63679936=H2-1
chr13:20999718-21096469	6	96751	gain	sibling_only	H3?,H?	2	1	C_chained_statistical	CN-altered(?)	20999718=H3?-2;21023633=H3?-1
chr13:91347491-91439611	6	92120	loh	sibling_only	H2	2	1	C_chained_statistical	yes	91347492=H2-1;91357209=H2-2
chr14:25917106-26013532	6	96426	gain	linear_nested	H1	2	2	C_chained_statistical	CN-altered(?)	25926807=H1-1;25944631=H1-1-1
chr14:34731464-34769012	6	37548	gain	linear_nested	H1	2	2	B_spannable_pairwise	CN-altered(?)	34744221=H1-1;34769012=H1-1-1
chr15:83794387-83910655	6	116268	gain	sibling_only	H2	2	1	C_chained_statistical	CN-altered(?)	83794387=H2-1;83804929=H2-2
chr15:86753680-86818362	6	64682	gain	linear_nested	H1	2	2	B_spannable_pairwise	CN-altered(?)	86753680=H1-1;86765585=H1-1-1
chr15:88773033-88825088	6	52055	gain	sibling_only	H1	2	1	B_spannable_pairwise	CN-altered(?)	88823600=H1-1;88825088=H1-2
chr15:100456259-100580747	6	124488	gain	sibling_only	H1	2	1	C_chained_statistical	CN-altered(?)	100456259=H1-2;100489691=H1-1
chr17:62299094-62361686	6	62592	loh	sibling_only	H2,H?	2	1	B_spannable_pairwise	yes	62299094=H2-1;62330112=H2-2
chr18:47192364-47254920	6	62556	gain	linear_nested	H1	2	2	B_spannable_pairwise	CN-altered(?)	47254436=H1-1;47254920=H1-1-1
chr19:22409594-22494785	6	85191	gain	sibling_only	H1	2	1	C_chained_statistical	CN-altered(?)	22415094=H1-1;22418132=H1-2
chr20:1420422-1510318	6	89896	gain	linear_nested	H2	2	2	C_chained_statistical	CN-altered(?)	1420422=H2-1;1457605=H2-1-1
chr20:30866884-30986672	6	119788	gain	linear_nested	H1	2	2	C_chained_statistical	CN-altered(?)	30964966=H1-1-1;30986672=H1-1
chr20:39376868-39492762	6	115894	gain	linear_nested	H1	2	2	C_chained_statistical	CN-altered(?)	39406656=H1-1;39409389=H1-1-1
chr20:54059737-54142204	6	82467	gain	linear_nested	H2	2	2	C_chained_statistical	CN-altered(?)	54139828=H2-1;54142204=H2-1-1
chr20:54726228-54815542	6	89314	gain	sibling_only	H1	2	1	C_chained_statistical	CN-altered(?)	54726228=H1-1;54737238=H1-2
chr22:30404239-30492467	6	88228	gain	linear_nested	H2	2	2	C_chained_statistical	CN-altered(?)	30404239=H2-1-1;30404925=H2-1
chr1:20304224-20332194	5	27970	gain	linear_nested	H1	2	2	A_single_molecule	CN-altered(?)	20322912=H1-1-1;20332194=H1-1
chr1:25982249-26099082	5	116833	gain	linear_nested	H2	2	2	C_chained_statistical	CN-altered(?)	26039716=H2-1-1;26099082=H2-1
chr1:45782059-45887857	5	105798	gain	sibling_only	H2	2	1	C_chained_statistical	CN-altered(?)	45885586=H2-1;45887857=H2-2
chr1:61158348-61238452	5	80104	loh	linear_nested	H2	2	2	C_chained_statistical	yes	61221893=H2-1-1;61238452=H2-1
chr1:89094435-89158084	5	63649	gain	sibling_only	H1	2	1	B_spannable_pairwise	CN-altered(?)	89155638=H1-2;89158084=H1-1
chr1:109265333-109325485	5	60152	loh	sibling_only	H2	2	1	B_spannable_pairwise	yes	109265333=H2-2;109299355=H2-1
chr1:110527011-110584633	5	57622	loh	sibling_only	H1	2	1	B_spannable_pairwise	yes	110574471=H1-1;110584633=H1-2
chr1:145931052-145973032	5	41980	gain	linear_nested	H1	2	2	B_spannable_pairwise	CN-altered(?)	145931052=H1-1;145940733=H1-1-1
chr1:147316571-147391462	5	74891	gain	linear_nested	H1	2	2	B_spannable_pairwise	CN-altered(?)	147353392=H1-1-1;147353393=H1-1
chr1:157095426-157170614	5	75188	gain	linear_nested	H2	2	2	B_spannable_pairwise	CN-altered(?)	157144531=H2-1;157158026=H2-1-1
chr1:166177492-166221021	5	43529	gain	linear_nested	H1	2	2	B_spannable_pairwise	CN-altered(?)	166205113=H1-1-1;166221021=H1-1
chr1:195304687-195368172	5	63485	gain	sibling_only	H1	2	1	B_spannable_pairwise	CN-altered(?)	195354310=H1-2;195368172=H1-1
chr1:196008118-196075334	5	67216	gain	sibling_only	H2	2	1	B_spannable_pairwise	CN-altered(?)	196008118=H2-2;196036571=H2-1
chr1:200119601-200243879	5	124278	gain	linear_nested	H1	2	2	C_chained_statistical	CN-altered(?)	200162898=H1-1;200186080=H1-1-1
chr1:216621072-216647739	5	26667	gain	linear_nested	H2	2	2	B_spannable_pairwise	CN-altered(?)	216621072=H2-1-1;216634243=H2-1
chr1:228134391-228198163	5	63772	gain	linear_nested	H2	2	2	B_spannable_pairwise	CN-altered(?)	228163510=H2-1;228183336=H2-1-1
chr1:238744789-238830857	5	86068	gain	linear_nested	H1	2	2	C_chained_statistical	CN-altered(?)	238787826=H1-1;238803776=H1-1-1
chr2:70773468-70857554	5	84086	loh	linear_nested	H2	2	2	C_chained_statistical	yes	70839514=H2-1-1;70857554=H2-1
chr2:90050493-90072616	5	22123	gain	linear_nested	H1	2	2	A_single_molecule	CN-altered(?)	90050493=H1-1;90072616=H1-1-1
chr2:119314913-119391175	5	76262	loh	sibling_only	H1	2	1	C_chained_statistical	yes	119359603=H1-2;119391175=H1-1
chr2:140513045-140600177	5	87132	loh	sibling_only	H1	2	1	C_chained_statistical	yes	140513045=H1-1;140525577=H1-2
chr2:174499058-174572982	5	73924	gain	linear_nested	H2	2	2	B_spannable_pairwise	CN-altered(?)	174552231=H2-1;174565128=H2-1-1
chr2:175819450-175889085	5	69635	gain	linear_nested	H2	2	2	B_spannable_pairwise	CN-altered(?)	175847401=H2-1;175859599=H2-1-1
chr2:176138110-176221923	5	83813	gain	linear_nested	H3?	2	2	C_chained_statistical	CN-altered(?)	176138110=H3?-1;176140495=H3?-1-1
chr2:178911547-178959427	5	47880	gain	linear_nested	H2	2	2	B_spannable_pairwise	CN-altered(?)	178911547=H2-1;178921086=H2-1-1
chr2:221346723-221393379	5	46656	neutral	sibling_only	H1	2	1	B_spannable_pairwise	yes	221360705=H1-1;221378536=H1-2
chr2:229543930-229652708	5	108778	gain	linear_nested	H1	2	2	C_chained_statistical	CN-altered(?)	229596901=H1-1-1;229652708=H1-1
chr2:232648534-232671461	5	22927	gain	linear_nested	H1	2	2	A_single_molecule	CN-altered(?)	232664260=H1-1;232667735=H1-1-1
chr2:234265633-234288392	5	22759	gain	linear_nested	H1	2	2	A_single_molecule	CN-altered(?)	234270543=H1-1-1;234279716=H1-1
chr3:98992611-99092077	5	99466	loh	linear_nested	H2	2	2	C_chained_statistical	yes	99045988=H2-1-1;99052060=H2-1
chr3:129143691-129232058	5	88367	loh	linear_nested	H1	2	2	C_chained_statistical	yes	129172683=H1-1-1;129183596=H1-1
chr3:179502007-179563151	5	61144	gain	linear_nested	H1	2	2	B_spannable_pairwise	CN-altered(?)	179516244=H1-1-1;179521274=H1-1
chr3:192525926-192592314	5	66388	gain	sibling_only	H2	2	1	B_spannable_pairwise	CN-altered(?)	192525926=H2-1;192542716=H2-2
chr3:194404912-194417985	5	13073	loh	sibling_only	H3?	2	1	A_single_molecule	yes	194404915=H3?-1;194417985=H3?-2
chr4:33872752-33964745	5	91993	gain	linear_nested	H1	2	2	C_chained_statistical	CN-altered(?)	33927269=H1-1-1;33937035=H1-1
chr4:35722123-35777662	5	55539	gain	linear_nested	H2	2	2	B_spannable_pairwise	CN-altered(?)	35773683=H2-1;35777662=H2-1-1
chr4:37237453-37345837	5	108384	gain	linear_nested	H1	2	2	C_chained_statistical	CN-altered(?)	37320717=H1-1;37345837=H1-1-1
chr4:46331321-46369600	5	38279	gain	linear_nested	H1	2	2	B_spannable_pairwise	CN-altered(?)	46360257=H1-1-1;46369600=H1-1
chr4:70349407-70430722	5	81315	gain	linear_nested	H1	2	2	C_chained_statistical	CN-altered(?)	70379510=H1-1;70393462=H1-1-1
chr4:87251011-87342763	5	91752	gain	linear_nested	H2	2	2	C_chained_statistical	CN-altered(?)	87281352=H2-1;87292935=H2-1-1
chr4:94972065-95093841	5	121776	gain	sibling_only	H1	2	1	C_chained_statistical	CN-altered(?)	95006785=H1-2;95017131=H1-1
chr4:99734088-99835333	5	101245	gain	sibling_only	H1	2	1	C_chained_statistical	CN-altered(?)	99798206=H1-1;99811762=H1-2
chr4:111452880-111539678	5	86798	gain	linear_nested	H1	2	2	C_chained_statistical	CN-altered(?)	111517312=H1-1-1;111539678=H1-1
chr4:117357332-117416794	5	59462	gain	linear_nested	H2	2	2	B_spannable_pairwise	CN-altered(?)	117361806=H2-1;117366743=H2-1-1
chr4:158161076-158206435	5	45359	loh	linear_nested	H1	2	2	B_spannable_pairwise	yes	158171608=H1-1-1;158206435=H1-1
chr5:2672854-2741850	5	68996	gain	sibling_only	H1	2	1	B_spannable_pairwise	CN-altered(?)	2704407=H1-2;2741850=H1-1
chr5:4281398-4337935	5	56537	gain	sibling_only	H2	2	1	B_spannable_pairwise	CN-altered(?)	4323472=H2-2;4326555=H2-1
chr5:12193888-12270160	5	76272	gain	sibling_only	H1	2	1	C_chained_statistical	CN-altered(?)	12232297=H1-1;12233774=H1-2
chr5:26934078-27035352	5	101274	gain	sibling_only	H1	2	1	C_chained_statistical	CN-altered(?)	26982233=H1-1;27010400=H1-2
chr5:27921697-27983294	5	61597	gain	linear_nested	H2	2	2	B_spannable_pairwise	CN-altered(?)	27971224=H2-1;27971226=H2-1-1
chr5:165211052-165290128	5	79076	loh	sibling_only	H2	2	1	C_chained_statistical	yes	165238762=H2-1;165244379=H2-2
chr5:166608389-166687636	5	79247	loh	sibling_only	H1	2	1	C_chained_statistical	yes	166608389=H1-2;166609574=H1-1
chr6:66833406-66915644	5	82238	neutral	linear_nested	H1	2	2	C_chained_statistical	yes	66833406=H1-1;66840442=H1-1-1
chr6:67736742-67832323	5	95581	neutral	linear_nested	H2	2	2	C_chained_statistical	yes	67755133=H2-1-1;67761415=H2-1
chr6:73788228-73794709	5	6481	gain	linear_nested	H1	2	2	B_spannable_pairwise	CN-altered(?)	73788228=H1-1;73794709=H1-1-1
chr6:96885182-96907184	5	22002	loss	sibling_only	H1,H?	2	1	B_spannable_pairwise	CN-altered(?)	96885182=H1-1;96907184=H1-2
chr6:117431665-117528813	5	97148	gain	sibling_only	H1	2	1	C_chained_statistical	CN-altered(?)	117502693=H1-1;117528813=H1-2
chr6:123024931-123074104	5	49173	gain	sibling_only	H3?	2	1	B_spannable_pairwise	CN-altered(?)	123039536=H3?-2;123045827=H3?-1
chr6:170372488-170408269	5	35781	gain	sibling_only	H1	2	1	B_spannable_pairwise	CN-altered(?)	170372488=H1-1;170397106=H1-2
chr7:31408181-31475424	5	67243	gain	sibling_only	H1	2	1	B_spannable_pairwise	CN-altered(?)	31428254=H1-2;31442367=H1-1
chr7:32014294-32083735	5	69441	gain	linear_nested	H1	2	2	B_spannable_pairwise	CN-altered(?)	32074266=H1-1;32083735=H1-1-1
chr7:37610220-37661200	5	50980	gain	linear_nested	H1	2	2	B_spannable_pairwise	CN-altered(?)	37631052=H1-1;37654512=H1-1-1
chr7:44954417-45043767	5	89350	gain	sibling_only	H3?	2	1	C_chained_statistical	CN-altered(?)	45039014=H3?-1;45043767=H3?-2
chr7:47620620-47688261	5	67641	gain	linear_nested	H1	2	2	B_spannable_pairwise	CN-altered(?)	47620620=H1-1;47642930=H1-1-1
chr7:53446560-53526670	5	80110	gain	linear_nested	H1	2	2	C_chained_statistical	CN-altered(?)	53517114=H1-1;53526670=H1-1-1
chr7:62518999-62597595	5	78596	gain	linear_nested	H2	2	2	C_chained_statistical	CN-altered(?)	62518999=H2-1-1;62544985=H2-1
chr7:96561790-96683741	5	121951	gain	sibling_only	H2	2	1	C_chained_statistical	CN-altered(?)	96635715=H2-1;96655106=H2-2
chr7:111779370-111848242	5	68872	gain	sibling_only	H1	2	1	B_spannable_pairwise	CN-altered(?)	111779370=H1-2;111802881=H1-1
chr7:128371416-128490127	5	118711	gain	sibling_only	H1	2	1	C_chained_statistical	CN-altered(?)	128371416=H1-1;128409974=H1-2
chr7:148965652-148991755	5	26103	gain	linear_nested	H3?	2	2	A_single_molecule	CN-altered(?)	148986664=H3?-1-1;148991755=H3?-1
chr7:151091089-151181250	5	90161	gain	linear_nested	H2	2	2	C_chained_statistical	CN-altered(?)	151166529=H2-1-1;151181250=H2-1
chr8:46061962-46105284	5	43322	loh	linear_nested	H2	2	2	B_spannable_pairwise	yes	46097491=H2-1-1;46105284=H2-1
chr8:53165077-53308452	5	143375	gain	sibling_only	H1	2	1	C_chained_statistical	CN-altered(?)	53239400=H1-2;53267456=H1-1
chr8:74062971-74121917	5	58946	gain	sibling_only	H1	2	1	B_spannable_pairwise	CN-altered(?)	74099982=H1-2;74121917=H1-1
chr8:89733073-89801644	5	68571	loh	sibling_only	H2	2	1	B_spannable_pairwise	yes	89733073=H2-2;89741631=H2-1
chr8:94915474-94944798	5	29324	loh	linear_nested	H1	2	2	B_spannable_pairwise	yes	94930450=H1-1;94944798=H1-1-1
chr8:107643022-107759200	5	116178	gain	sibling_only	H2	2	1	C_chained_statistical	CN-altered(?)	107675306=H2-1;107681511=H2-2
chr8:129109208-129190729	5	81521	gain	sibling_only	H2	2	1	C_chained_statistical	CN-altered(?)	129182510=H2-1;129190729=H2-2
chr9:42297507-42376881	5	79374	gain	sibling_only	H1	2	1	C_chained_statistical	CN-altered(?)	42342403=H1-1;42363779=H1-2
chr9:74683853-74787693	5	103840	gain	linear_nested	H2	2	2	C_chained_statistical	CN-altered(?)	74720206=H2-1-1;74739227=H2-1
chr9:97365646-97480757	5	115111	gain	linear_nested	H2	2	2	C_chained_statistical	CN-altered(?)	97450221=H2-1-1;97480757=H2-1
chr9:99781706-99837041	5	55335	gain	linear_nested	H2	2	2	B_spannable_pairwise	CN-altered(?)	99815392=H2-1;99826856=H2-1-1
chr9:101211793-101310641	5	98848	gain	linear_nested	H2	2	2	C_chained_statistical	CN-altered(?)	101211793=H2-1-1;101214548=H2-1
chr9:130928898-131030810	5	101912	gain	sibling_only	H2	2	1	C_chained_statistical	CN-altered(?)	131029529=H2-1;131030810=H2-2
chr9:135063753-135175948	5	112195	gain	linear_nested	H1	2	2	C_chained_statistical	CN-altered(?)	135126600=H1-1-1;135149651=H1-1
chr10:4402925-4417857	5	14932	loh	linear_nested	H3?	2	2	B_spannable_pairwise	yes	4408456=H3?-1;4417857=H3?-1-1
chr10:44732105-44829843	5	97738	gain	sibling_only	H1	2	1	C_chained_statistical	CN-altered(?)	44732105=H1-1;44759615=H1-2
chr10:48184338-48265267	5	80929	gain	linear_nested	H1	2	2	C_chained_statistical	CN-altered(?)	48216049=H1-1;48216946=H1-1-1
chr10:51378213-51463667	5	85454	gain	sibling_only	H3?	2	1	C_chained_statistical	CN-altered(?)	51463488=H3?-2;51463667=H3?-1
chr10:88260241-88307715	5	47474	loh	linear_nested	H2	2	2	B_spannable_pairwise	yes	88299137=H2-1;88307715=H2-1-1
chr11:64625649-64692949	5	67300	gain	linear_nested	H1	2	2	B_spannable_pairwise	CN-altered(?)	64632501=H1-1;64632502=H1-1-1
chr11:78234045-78296205	5	62160	loh	linear_nested	H3?	2	2	B_spannable_pairwise	yes	78284974=H3?-1;78285120=H3?-1-1
chr11:89175769-89192160	5	16391	loh	sibling_only	H2,H?	2	1	B_spannable_pairwise	yes	89175769=H?-2;89192160=H?-1
chr11:95327838-95373311	5	45473	loh	linear_nested	H2	2	2	B_spannable_pairwise	yes	95359791=H2-1-1;95373311=H2-1
chr12:2768473-2894563	5	126090	gain	sibling_only	H1	2	1	C_chained_statistical	CN-altered(?)	2832886=H1-1;2863696=H1-2
chr12:7676901-7761142	5	84241	gain	sibling_only	H1	2	1	C_chained_statistical	CN-altered(?)	7727667=H1-2;7732698=H1-1
chr12:61136099-61212187	5	76088	loh	sibling_only	H?	2	1	C_chained_statistical	yes	61197899=H?-2;61212187=H?-1
chr13:32315128-32345630	5	30502	gain	linear_nested	H2	2	2	B_spannable_pairwise	CN-altered(?)	32315128=H2-1-1;32339132=H2-1
chr13:33654676-33751138	5	96462	gain	linear_nested	H2	2	2	C_chained_statistical	CN-altered(?)	33746615=H2-1-1;33751138=H2-1
chr13:36171515-36236267	5	64752	gain	linear_nested	H1	2	2	B_spannable_pairwise	CN-altered(?)	36224391=H1-1-1;36236267=H1-1
chr13:88227322-88344845	5	117523	loh	sibling_only	H1,H?	2	1	C_chained_statistical	yes	88289773=H?-1;88315926=H?-2
chr13:113738796-113797273	5	58477	loh	linear_nested	H2	2	2	B_spannable_pairwise	yes	113738796=H2-1-1;113744349=H2-1
chr14:26447828-26516757	5	68929	gain	linear_nested	H1	2	2	B_spannable_pairwise	CN-altered(?)	26474806=H1-1;26478330=H1-1-1
chr14:32416108-32514468	5	98360	gain	linear_nested	H1	2	2	C_chained_statistical	CN-altered(?)	32457362=H1-1-1;32467490=H1-1
chr14:33894611-33947107	5	52496	gain	linear_nested	H1	2	2	B_spannable_pairwise	CN-altered(?)	33894611=H1-1;33899428=H1-1-1
chr14:40406676-40525680	5	119004	loh	sibling_only	H2	2	1	C_chained_statistical	yes	40501273=H2-2;40525680=H2-1
chr14:41171501-41274805	5	103304	loh	sibling_only	H2	2	1	C_chained_statistical	yes	41171501=H2-1;41193207=H2-2
chr14:54698996-54776354	5	77358	gain	linear_nested	H1	2	2	C_chained_statistical	CN-altered(?)	54745218=H1-1;54745448=H1-1-1
chr14:58698637-58753045	5	54408	gain	linear_nested	H2	2	2	B_spannable_pairwise	CN-altered(?)	58698637=H2-1-1;58713002=H2-1
chr14:87714902-87780845	5	65943	gain	linear_nested	H1	2	2	B_spannable_pairwise	CN-altered(?)	87772246=H1-1;87780845=H1-1-1
chr15:73888523-73993981	5	105458	gain	linear_nested	H2	2	2	C_chained_statistical	CN-altered(?)	73970400=H2-1-1;73993981=H2-1
chr15:78446749-78559382	5	112633	gain	linear_nested	H2	2	2	C_chained_statistical	CN-altered(?)	78446749=H2-1;78465580=H2-1-1
chr15:80120246-80187973	5	67727	gain	linear_nested	H1	2	2	B_spannable_pairwise	CN-altered(?)	80174165=H1-1;80187973=H1-1-1
chr15:90605401-90703159	5	97758	gain	linear_nested	H1	2	2	C_chained_statistical	CN-altered(?)	90605401=H1-1;90639676=H1-1-1
chr15:99670463-99729894	5	59431	gain	sibling_only	H1	2	1	B_spannable_pairwise	CN-altered(?)	99711670=H1-1;99729894=H1-2
chr16:20098188-20135365	5	37177	gain	linear_nested	H2	2	2	B_spannable_pairwise	CN-altered(?)	20098188=H2-1-1;20115150=H2-1
chr16:26141020-26228521	5	87501	gain	linear_nested	H1	2	2	C_chained_statistical	CN-altered(?)	26141020=H1-1-1;26184463=H1-1
chr16:26911253-26997355	5	86102	gain	linear_nested	H1	2	2	C_chained_statistical	CN-altered(?)	26980840=H1-1;26984748=H1-1-1
chr17:12987458-13105301	5	117843	gain	sibling_only	H1	2	1	C_chained_statistical	CN-altered(?)	13084281=H1-2;13105301=H1-1
chr17:13578542-13702470	5	123928	gain	sibling_only	H1	2	1	C_chained_statistical	CN-altered(?)	13608053=H1-1;13618054=H1-2
chr18:44022041-44111824	5	89783	gain	sibling_only	H2	2	1	C_chained_statistical	CN-altered(?)	44062216=H2-2;44090845=H2-1
chr18:50471168-50547316	5	76148	gain	sibling_only	H2	2	1	C_chained_statistical	CN-altered(?)	50506299=H2-2;50536442=H2-1
chr18:78131673-78213716	5	82043	loss	linear_nested	H2	2	2	C_chained_statistical	CN-altered(?)	78131673=H2-1;78131674=H2-1-1
chr18:79666556-79714627	5	48071	loss	sibling_only	H3?	2	1	B_spannable_pairwise	CN-altered(?)	79666556=H3?-2;79668114=H3?-1
chr19:669807-735309	5	65502	loh	sibling_only	H2	2	1	B_spannable_pairwise	yes	731622=H2-2;735309=H2-1
chr19:16554176-16648240	5	94064	gain	linear_nested	H1	2	2	C_chained_statistical	CN-altered(?)	16572289=H1-1;16592907=H1-1-1
chr19:28733355-28818193	5	84838	gain	linear_nested	H2	2	2	C_chained_statistical	CN-altered(?)	28733355=H2-1-1;28765351=H2-1
chr19:28920009-28984533	5	64524	gain	linear_nested	H2	2	2	B_spannable_pairwise	CN-altered(?)	28962053=H2-1;28974230=H2-1-1
chr19:31274215-31321486	5	47271	gain	sibling_only	H2	2	1	B_spannable_pairwise	CN-altered(?)	31305667=H2-1;31311375=H2-2
chr19:36825118-36910065	5	84947	gain	linear_nested	H1	2	2	C_chained_statistical	CN-altered(?)	36826338=H1-1-1;36839936=H1-1
chr20:5168677-5230492	5	61815	gain	linear_nested	H1	2	2	B_spannable_pairwise	CN-altered(?)	5177673=H1-1-1;5186614=H1-1
chr20:20867938-20950598	5	82660	gain	linear_nested	H2	2	2	C_chained_statistical	CN-altered(?)	20873553=H2-1;20876459=H2-1-1
chr21:21281441-21344516	5	63075	neutral	linear_nested	H1	2	2	B_spannable_pairwise	yes	21327447=H1-1-1;21327448=H1-1
chr21:34189941-34279450	5	89509	neutral	linear_nested	H3?	2	2	C_chained_statistical	yes	34189941=H3?-1;34210810=H3?-1-1
chr21:41576754-41651606	5	74852	neutral	linear_nested	H2	2	2	B_spannable_pairwise	yes	41638887=H2-1;41651606=H2-1-1
chr22:48250577-48371543	5	120966	gain	linear_nested	H1	2	2	C_chained_statistical	CN-altered(?)	48250577=H1-1;48276447=H1-1-1
chr1:1320793-1379094	4	58301	loh	linear_nested	H2	2	2	B_spannable_pairwise	yes	1320793=H2-1-1;1379094=H2-1
chr1:4842433-4911698	4	69265	loh	linear_nested	H1	2	2	B_spannable_pairwise	yes	4842433=H1-1;4862616=H1-1-1
chr1:36566505-36624094	4	57589	gain	linear_nested	H2	2	2	B_spannable_pairwise	CN-altered(?)	36566505=H2-1-1;36586753=H2-1
chr1:46654677-46679474	4	24797	gain	sibling_only	H2	2	1	B_spannable_pairwise	CN-altered(?)	46654679=H2-1;46679474=H2-2
chr1:70395239-70448441	4	53202	loss	linear_nested	H2	2	2	B_spannable_pairwise	CN-altered(?)	70430797=H2-1-1;70448441=H2-1
chr1:77341093-77371756	4	30663	loh	linear_nested	H1	2	2	B_spannable_pairwise	yes	77371743=H1-1-1;77371756=H1-1
chr1:83838871-83904034	4	65163	gain	sibling_only	H2	2	1	B_spannable_pairwise	CN-altered(?)	83838871=H2-2;83839959=H2-1
chr1:106546988-106601262	4	54274	loh	sibling_only	H?	2	1	B_spannable_pairwise	yes	106571010=H?-1;106576751=H?-2
chr1:107003658-107037997	4	34339	loh	sibling_only	H2	2	1	B_spannable_pairwise	yes	107015048=H2-2;107019022=H2-1
chr1:112069635-112106894	4	37259	loh	linear_nested	H1	2	2	B_spannable_pairwise	yes	112079659=H1-1-1;112106894=H1-1
chr1:118274928-118351321	4	76393	gain	sibling_only	H2	2	1	C_chained_statistical	CN-altered(?)	118339545=H2-2;118351321=H2-1
chr1:149879584-149930147	4	50563	gain	linear_nested	H1	2	2	B_spannable_pairwise	CN-altered(?)	149879584=H1-1;149899625=H1-1-1
chr1:166678033-166743174	4	65141	gain	linear_nested	H2	2	2	B_spannable_pairwise	CN-altered(?)	166702679=H2-1-1;166712674=H2-1
chr1:178956825-179020261	4	63436	gain	linear_nested	H2	2	2	B_spannable_pairwise	CN-altered(?)	178956825=H2-1;178977522=H2-1-1
chr1:183023291-183082294	4	59003	gain	linear_nested	H1	2	2	B_spannable_pairwise	CN-altered(?)	183054647=H1-1-1;183082294=H1-1
chr1:185848373-185905220	4	56847	gain	linear_nested	H1	2	2	B_spannable_pairwise	CN-altered(?)	185882341=H1-1;185905220=H1-1-1
chr1:188599752-188643059	4	43307	gain	linear_nested	H2	2	2	B_spannable_pairwise	CN-altered(?)	188602967=H2-1;188603468=H2-1-1
chr1:192744336-192772088	4	27752	gain	linear_nested	H1	2	2	B_spannable_pairwise	CN-altered(?)	192748186=H1-1;192771548=H1-1-1
chr1:198300419-198345875	4	45456	gain	linear_nested	H2	2	2	B_spannable_pairwise	CN-altered(?)	198331379=H2-1-1;198342286=H2-1
chr1:207428172-207514992	4	86820	gain	sibling_only	H?	2	1	C_chained_statistical	CN-altered(?)	207491367=H?-1;207514992=H?-2
chr1:208297021-208327588	4	30567	gain	linear_nested	H2	2	2	B_spannable_pairwise	CN-altered(?)	208297021=H2-1-1;208324857=H2-1
chr1:211668376-211732059	4	63683	gain	linear_nested	H2	2	2	B_spannable_pairwise	CN-altered(?)	211668376=H2-1;211687599=H2-1-1
chr1:231220790-231288646	4	67856	gain	linear_nested	H2	2	2	B_spannable_pairwise	CN-altered(?)	231220790=H2-1-1;231234794=H2-1
chr2:1240822-1313012	4	72190	gain	sibling_only	H2	2	1	B_spannable_pairwise	CN-altered(?)	1311931=H2-2;1313012=H2-1
chr2:23548472-23596163	4	47691	loh	sibling_only	H2	2	1	B_spannable_pairwise	yes	23555628=H2-1;23579879=H2-2
chr2:29471467-29525966	4	54499	loh	sibling_only	H1	2	1	B_spannable_pairwise	yes	29471467=H1-2;29492948=H1-1
chr2:50160243-50248542	4	88299	gain	sibling_only	H?	2	1	C_chained_statistical	CN-altered(?)	50160243=H?-1;50180293=H?-2
chr2:50796307-50844142	4	47835	gain	sibling_only	H2	2	1	B_spannable_pairwise	CN-altered(?)	50796307=H2-2;50822919=H2-1
chr2:82746015-82808103	4	62088	loh	sibling_only	H1	2	1	B_spannable_pairwise	yes	82762226=H1-1;82772368=H1-2
chr2:85047841-85123573	4	75732	gain	linear_nested	H2	2	2	B_spannable_pairwise	CN-altered(?)	85112032=H2-1-1;85123573=H2-1
chr2:86025443-86076355	4	50912	gain	linear_nested	H1	2	2	B_spannable_pairwise	CN-altered(?)	86072826=H1-1-1;86076355=H1-1
chr2:94874876-94954310	4	79434	gain	linear_nested	H2	2	2	C_chained_statistical	CN-altered(?)	94908643=H2-1-1;94926979=H2-1
chr2:103307704-103356735	4	49031	loss	linear_nested	H2	2	2	B_spannable_pairwise	CN-altered(?)	103307704=H2-1-1;103308157=H2-1
chr2:117409275-117467902	4	58627	loh	linear_nested	H2	2	2	B_spannable_pairwise	yes	117409275=H2-1-1;117413449=H2-1
chr2:117683036-117791294	4	108258	loh	linear_nested	H2	2	2	C_chained_statistical	yes	117765115=H2-1-1;117791294=H2-1
chr2:123415218-123472570	4	57352	loh	sibling_only	H1	2	1	B_spannable_pairwise	yes	123415218=H1-2;123416540=H1-1
chr2:132020170-132104542	4	84372	loh	linear_nested	H2	2	2	C_chained_statistical	yes	132020170=H2-1-1;132041824=H2-1
chr2:158628214-158698402	4	70188	gain	sibling_only	H?	2	1	B_spannable_pairwise	CN-altered(?)	158628214=H?-1;158652950=H?-2
chr2:164615985-164661046	4	45061	gain	linear_nested	H2	2	2	B_spannable_pairwise	CN-altered(?)	164630128=H2-1;164646143=H2-1-1
chr2:166197758-166254407	4	56649	gain	linear_nested	H2	2	2	B_spannable_pairwise	CN-altered(?)	166197758=H2-1-1;166209001=H2-1
chr2:166429419-166497935	4	68516	gain	linear_nested	H2	2	2	B_spannable_pairwise	CN-altered(?)	166487111=H2-1;166497935=H2-1-1
chr2:168481150-168544676	4	63526	gain	linear_nested	H1	2	2	B_spannable_pairwise	CN-altered(?)	168536218=H1-1;168544676=H1-1-1
chr2:173502991-173575247	4	72256	gain	linear_nested	H2	2	2	B_spannable_pairwise	CN-altered(?)	173558684=H2-1;173575247=H2-1-1
chr2:175093192-175115867	4	22675	gain	linear_nested	H2	2	2	A_single_molecule	CN-altered(?)	175093192=H2-1;175102257=H2-1-1
chr2:175323958-175425057	4	101099	gain	sibling_only	H1,H?	2	1	C_chained_statistical	CN-altered(?)	175369190=H?-2;175401334=H?-1
chr2:203967294-204047777	4	80483	neutral	linear_nested	H2	2	2	C_chained_statistical	yes	204027557=H2-1-1;204047777=H2-1
chr2:229334274-229391842	4	57568	gain	sibling_only	H1	2	1	B_spannable_pairwise	CN-altered(?)	229348342=H1-2;229378198=H1-1
chr2:230682386-230761313	4	78927	gain	sibling_only	H2,H?	2	1	C_chained_statistical	CN-altered(?)	230682386=H2-2;230706640=H2-1
chr2:235400225-235455875	4	55650	gain	sibling_only	H2	2	1	B_spannable_pairwise	CN-altered(?)	235400225=H2-2;235413160=H2-1
chr3:22453177-22534267	4	81090	gain	linear_nested	H1	2	2	C_chained_statistical	CN-altered(?)	22453177=H1-1;22456289=H1-1-1
chr3:59794636-59802951	4	8315	loh	linear_nested	H2	2	2	A_single_molecule	yes	59800117=H2-1;59802951=H2-1-1
chr3:61798734-61834910	4	36176	loh	linear_nested	H2	2	2	B_spannable_pairwise	yes	61830464=H2-1-1;61834910=H2-1
chr3:63274888-63318985	4	44097	loh	linear_nested	H1	2	2	B_spannable_pairwise	yes	63287099=H1-1-1;63318985=H1-1
chr3:87285122-87339660	4	54538	gain	linear_nested	H1	2	2	B_spannable_pairwise	CN-altered(?)	87285122=H1-1;87304441=H1-1-1
chr3:87941000-87984626	4	43626	gain	linear_nested	H1	2	2	B_spannable_pairwise	CN-altered(?)	87967880=H1-1-1;87984626=H1-1
chr3:89105737-89138201	4	32464	gain	linear_nested	H2	2	2	B_spannable_pairwise	CN-altered(?)	89134314=H2-1;89138201=H2-1-1
chr3:94578813-94623961	4	45148	loh	linear_nested	H1	2	2	B_spannable_pairwise	yes	94609037=H1-1-1;94623961=H1-1
chr3:103333342-103339516	4	6174	loh	linear_nested	H1	2	2	B_spannable_pairwise	yes	103338600=H1-1-1;103339516=H1-1
chr3:126806293-126820819	4	14526	loh	sibling_only	H2	2	1	A_single_molecule	yes	126810067=H2-1;126820819=H2-2
chr3:129645432-129707968	4	62536	gain	linear_nested	H1	2	2	B_spannable_pairwise	CN-altered(?)	129654769=H1-1-1;129662008=H1-1
chr3:151806932-151906275	4	99343	gain	linear_nested	H2	2	2	C_chained_statistical	CN-altered(?)	151849852=H2-1;151862923=H2-1-1
chr3:156289421-156349695	4	60274	gain	sibling_only	H1	2	1	B_spannable_pairwise	CN-altered(?)	156328148=H1-2;156349695=H1-1
chr3:169858225-169904752	4	46527	gain	sibling_only	H1	2	1	B_spannable_pairwise	CN-altered(?)	169894152=H1-1;169904752=H1-2
chr3:171845833-171909625	4	63792	gain	linear_nested	H2	2	2	B_spannable_pairwise	CN-altered(?)	171845833=H2-1-1;171856424=H2-1
chr3:173530566-173615835	4	85269	gain	linear_nested	H1	2	2	C_chained_statistical	CN-altered(?)	173530566=H1-1;173538800=H1-1-1
chr3:177246329-177277603	4	31274	gain	sibling_only	H3?	2	1	A_single_molecule	CN-altered(?)	177274612=H3?-1;177277603=H3?-2
chr3:182518356-182579850	4	61494	gain	linear_nested	H1	2	2	B_spannable_pairwise	CN-altered(?)	182518356=H1-1-1;182524524=H1-1
chr3:183346331-183375959	4	29628	gain	linear_nested	H2	2	2	B_spannable_pairwise	CN-altered(?)	183350166=H2-1;183362821=H2-1-1
chr3:185187637-185245893	4	58256	gain	sibling_only	H3?	2	1	B_spannable_pairwise	CN-altered(?)	185187637=H3?-1;185197988=H3?-2
chr4:8299709-8333906	4	34197	loh	linear_nested	H2	2	2	B_spannable_pairwise	yes	8329819=H2-1;8333906=H2-1-1
chr4:16847617-16887046	4	39429	loss	linear_nested	H2	2	2	B_spannable_pairwise	CN-altered(?)	16884692=H2-1;16887046=H2-1-1
chr4:42664777-42714629	4	49852	neutral	linear_nested	H2	2	2	B_spannable_pairwise	yes	42664777=H2-1;42667292=H2-1-1
chr4:43238595-43271137	4	32542	gain	linear_nested	H2	2	2	B_spannable_pairwise	CN-altered(?)	43269326=H2-1-1;43271137=H2-1
chr4:45534608-45589066	4	54458	gain	linear_nested	H1	2	2	B_spannable_pairwise	CN-altered(?)	45552561=H1-1-1;45552569=H1-1
chr4:52777730-52862472	4	84742	gain	linear_nested	H1	2	2	C_chained_statistical	CN-altered(?)	52777730=H1-1;52784792=H1-1-1
chr4:60199200-60249619	4	50419	gain	linear_nested	H2	2	2	B_spannable_pairwise	CN-altered(?)	60244340=H2-1;60249619=H2-1-1
chr4:62175770-62209330	4	33560	gain	sibling_only	H2	2	1	B_spannable_pairwise	CN-altered(?)	62205171=H2-1;62209330=H2-2
chr4:63474938-63527609	4	52671	gain	linear_nested	H2	2	2	B_spannable_pairwise	CN-altered(?)	63502230=H2-1-1;63502714=H2-1
chr4:67106922-67155446	4	48524	gain	linear_nested	H2	2	2	B_spannable_pairwise	CN-altered(?)	67138439=H2-1-1;67155446=H2-1
chr4:70009234-70073753	4	64519	gain	linear_nested	H1	2	2	B_spannable_pairwise	CN-altered(?)	70063694=H1-1-1;70073753=H1-1
chr4:72555458-72612579	4	57121	gain	linear_nested	H1	2	2	B_spannable_pairwise	CN-altered(?)	72555458=H1-1-1;72585697=H1-1
chr4:95243201-95305282	4	62081	gain	linear_nested	H1	2	2	B_spannable_pairwise	CN-altered(?)	95285059=H1-1-1;95305282=H1-1
chr4:96286807-96354899	4	68092	gain	sibling_only	H1	2	1	B_spannable_pairwise	CN-altered(?)	96302104=H1-1;96333200=H1-2
chr4:96593524-96648313	4	54789	gain	linear_nested	H1	2	2	B_spannable_pairwise	CN-altered(?)	96640255=H1-1;96648313=H1-1-1
chr4:97402622-97442002	4	39380	gain	sibling_only	H1	2	1	B_spannable_pairwise	CN-altered(?)	97402622=H1-1;97442002=H1-2
chr4:101964910-101989380	4	24470	gain	sibling_only	H1	2	1	B_spannable_pairwise	CN-altered(?)	101975766=H1-2;101989380=H1-1
chr4:102417979-102497266	4	79287	gain	sibling_only	H?	2	1	C_chained_statistical	CN-altered(?)	102417979=H?-1;102450243=H?-2
chr4:103090566-103177232	4	86666	gain	sibling_only	H1	2	1	C_chained_statistical	CN-altered(?)	103145956=H1-2;103177232=H1-1
chr4:111604644-111615469	4	10825	gain	linear_nested	H1	2	2	A_single_molecule	CN-altered(?)	111604645=H1-1-1;111615469=H1-1
chr4:116101941-116163108	4	61167	gain	sibling_only	H2	2	1	B_spannable_pairwise	CN-altered(?)	116101941=H2-2;116118690=H2-1
chr4:120374825-120418252	4	43427	gain	sibling_only	H1	2	1	B_spannable_pairwise	CN-altered(?)	120374825=H1-2;120387964=H1-1
chr4:124293632-124328155	4	34523	gain	sibling_only	H2	2	1	B_spannable_pairwise	CN-altered(?)	124293632=H2-2;124328155=H2-1
chr4:124616201-124639319	4	23118	gain	linear_nested	H2	2	2	A_single_molecule	CN-altered(?)	124639317=H2-1;124639319=H2-1-1
chr4:127070914-127093442	4	22528	gain	linear_nested	H1	2	2	A_single_molecule	CN-altered(?)	127087764=H1-1;127093442=H1-1-1
chr4:129533720-129590240	4	56520	gain	linear_nested	H2	2	2	B_spannable_pairwise	CN-altered(?)	129533720=H2-1-1;129552441=H2-1
chr4:134398206-134447859	4	49653	gain	linear_nested	H2	2	2	B_spannable_pairwise	CN-altered(?)	134441852=H2-1-1;134447859=H2-1
chr4:142443649-142496865	4	53216	loh	linear_nested	H1	2	2	B_spannable_pairwise	yes	142482279=H1-1-1;142496865=H1-1
chr4:152733270-152739908	4	6638	loh	linear_nested	H1	2	2	A_single_molecule	yes	152733270=H1-1;152739908=H1-1-1
chr4:174778828-174790589	4	11761	loh	sibling_only	H3?	2	1	A_single_molecule	yes	174782701=H3?-2;174790589=H3?-1
chr5:11774324-11848607	4	74283	gain	sibling_only	H3?	2	1	B_spannable_pairwise	CN-altered(?)	11803217=H3?-1;11803609=H3?-2
chr5:20151045-20208179	4	57134	gain	linear_nested	H2	2	2	B_spannable_pairwise	CN-altered(?)	20193210=H2-1-1;20208179=H2-1
chr5:29586581-29656076	4	69495	gain	sibling_only	H2	2	1	B_spannable_pairwise	CN-altered(?)	29589270=H2-2;29618757=H2-1
chr5:30266507-30293720	4	27213	gain	linear_nested	H1	2	2	B_spannable_pairwise	CN-altered(?)	30272639=H1-1;30281555=H1-1-1
chr5:33394029-33442185	4	48156	gain	linear_nested	H1	2	2	B_spannable_pairwise	CN-altered(?)	33434627=H1-1;33442185=H1-1-1
chr5:33559839-33602681	4	42842	gain	sibling_only	H1	2	1	B_spannable_pairwise	CN-altered(?)	33574845=H1-1;33602681=H1-2
chr5:41104704-41120009	4	15305	gain	linear_nested	H1	2	2	A_single_molecule	CN-altered(?)	41104705=H1-1;41111475=H1-1-1
chr5:42642027-42688843	4	46816	gain	linear_nested	H1	2	2	B_spannable_pairwise	CN-altered(?)	42667732=H1-1-1;42688843=H1-1
chr5:44465989-44517742	4	51753	gain	linear_nested	H1	2	2	B_spannable_pairwise	CN-altered(?)	44486383=H1-1;44514473=H1-1-1
chr5:45213872-45291660	4	77788	gain	linear_nested	H1	2	2	C_chained_statistical	CN-altered(?)	45213872=H1-1;45257708=H1-1-1
chr5:57098525-57133754	4	35229	loh	linear_nested	H2	2	2	B_spannable_pairwise	yes	57098525=H2-1;57110102=H2-1-1
chr5:77993444-78023707	4	30263	loh	sibling_only	H2	2	1	B_spannable_pairwise	yes	77993445=H2-1;78023707=H2-2
chr5:78717091-78783681	4	66590	loh	linear_nested	H1	2	2	B_spannable_pairwise	yes	78722270=H1-1;78744117=H1-1-1
chr5:99389837-99442753	4	52916	loh	sibling_only	H3?,H?	2	1	B_spannable_pairwise	yes	99389837=H3?-1;99408754=H3?-2
chr5:103101512-103161108	4	59596	loh	linear_nested	H2	2	2	B_spannable_pairwise	yes	103129447=H2-1;103129910=H2-1-1
chr5:146337425-146427892	4	90467	gain	sibling_only	H2	2	1	C_chained_statistical	CN-altered(?)	146412464=H2-2;146427892=H2-1
chr5:148309754-148398902	4	89148	gain	sibling_only	H2	2	1	C_chained_statistical	CN-altered(?)	148309754=H2-2;148331123=H2-1
chr5:151146246-151227251	4	81005	gain	linear_nested	H1	2	2	C_chained_statistical	CN-altered(?)	151146246=H1-1-1;151172754=H1-1
chr5:166796176-166873533	4	77357	loh	sibling_only	H1	2	1	C_chained_statistical	yes	166796176=H1-2;166800508=H1-1
chr5:170058414-170152748	4	94334	loh	linear_nested	H1	2	2	C_chained_statistical	yes	170100526=H1-1;170120166=H1-1-1
chr5:173111092-173143076	4	31984	loh	sibling_only	H1	2	1	A_single_molecule	yes	173115723=H1-2;173143076=H1-1
chr5:175067877-175093824	4	25947	loh	sibling_only	H1	2	1	B_spannable_pairwise	yes	175067877=H1-2;175093824=H1-1
chr6:67314566-67345584	4	31018	neutral	sibling_only	H2	2	1	B_spannable_pairwise	yes	67314566=H2-2;67328364=H2-1
chr6:69864933-69902556	4	37623	gain	linear_nested	H2	2	2	B_spannable_pairwise	CN-altered(?)	69880756=H2-1;69902556=H2-1-1
chr6:74494808-74536382	4	41574	gain	linear_nested	H2	2	2	B_spannable_pairwise	CN-altered(?)	74494808=H2-1-1;74506037=H2-1
chr6:80212317-80297728	4	85411	gain	sibling_only	H2	2	1	C_chained_statistical	CN-altered(?)	80242479=H2-1;80254337=H2-2
chr6:81841205-81904866	4	63661	gain	sibling_only	H2	2	1	B_spannable_pairwise	CN-altered(?)	81841205=H2-1;81841940=H2-2
chr6:89571015-89632844	4	61829	loh	linear_nested	H1	2	2	B_spannable_pairwise	yes	89594284=H1-1-1;89603510=H1-1
chr6:93473475-93502048	4	28573	loss	linear_nested	H2	2	2	B_spannable_pairwise	CN-altered(?)	93497255=H2-1-1;93502048=H2-1
chr6:101554910-101565862	4	10952	loh	linear_nested	H1	2	2	B_spannable_pairwise	yes	101564790=H1-1-1;101565862=H1-1
chr6:115855618-115923684	4	68066	gain	sibling_only	H2	2	1	B_spannable_pairwise	CN-altered(?)	115905060=H2-2;115923684=H2-1
chr6:120567697-120633873	4	66176	gain	sibling_only	H1,H?	2	1	B_spannable_pairwise	CN-altered(?)	120570806=H1-1;120601627=H1-2
chr6:150756043-150841324	4	85281	gain	linear_nested	H1	2	2	C_chained_statistical	CN-altered(?)	150826063=H1-1;150841324=H1-1-1
chr6:162254431-162270540	4	16109	loh	linear_nested	H1	2	2	A_single_molecule	yes	162270539=H1-1;162270540=H1-1-1
chr6:167660245-167714367	4	54122	gain	linear_nested	H1	2	2	B_spannable_pairwise	CN-altered(?)	167688785=H1-1-1;167714367=H1-1
chr6:168038430-168088858	4	50428	gain	sibling_only	H2	2	1	B_spannable_pairwise	CN-altered(?)	168071390=H2-1;168088858=H2-2
chr7:12640201-12710150	4	69949	gain	sibling_only	H1	2	1	B_spannable_pairwise	CN-altered(?)	12640201=H1-2;12647056=H1-1
chr7:15705227-15733930	4	28703	gain	linear_nested	H1	2	2	B_spannable_pairwise	CN-altered(?)	15710990=H1-1;15733930=H1-1-1
chr7:35416604-35482954	4	66350	gain	sibling_only	H?	2	1	B_spannable_pairwise	CN-altered(?)	35416604=H?-2;35452017=H?-1
chr7:42237065-42328803	4	91738	gain	linear_nested	H1	2	2	C_chained_statistical	CN-altered(?)	42237065=H1-1;42242484=H1-1-1
chr7:45873538-45955028	4	81490	gain	linear_nested	H2	2	2	C_chained_statistical	CN-altered(?)	45873538=H2-1-1;45885685=H2-1
chr7:49832879-49889626	4	56747	gain	linear_nested	H2	2	2	B_spannable_pairwise	CN-altered(?)	49848309=H2-1;49865246=H2-1-1
chr7:62329733-62388740	4	59007	gain	linear_nested	H1	2	2	B_spannable_pairwise	CN-altered(?)	62336585=H1-1;62348498=H1-1-1
chr7:80618241-80679121	4	60880	gain	linear_nested	H1	2	2	B_spannable_pairwise	CN-altered(?)	80618241=H1-1;80679121=H1-1-1
chr7:88961267-89039543	4	78276	gain	linear_nested	H2	2	2	C_chained_statistical	CN-altered(?)	88970591=H2-1;88999675=H2-1-1
chr7:90185960-90234716	4	48756	gain	linear_nested	H2	2	2	B_spannable_pairwise	CN-altered(?)	90185960=H2-1-1;90195979=H2-1
chr7:97006044-97077130	4	71086	gain	linear_nested	H2	2	2	B_spannable_pairwise	CN-altered(?)	97062504=H2-1-1;97077130=H2-1
chr7:99738977-99765616	4	26639	gain	linear_nested	H1	2	2	A_single_molecule	CN-altered(?)	99751437=H1-1-1;99765616=H1-1
chr7:101484637-101576764	4	92127	gain	linear_nested	H2	2	2	C_chained_statistical	CN-altered(?)	101484637=H2-1;101494569=H2-1-1
chr7:101951092-102039969	4	88877	gain	linear_nested	H3?	2	2	C_chained_statistical	CN-altered(?)	101951092=H3?-1-1;101973559=H3?-1
chr7:103883773-103943523	4	59750	gain	sibling_only	H1	2	1	B_spannable_pairwise	CN-altered(?)	103936602=H1-2;103943523=H1-1
chr7:104625714-104689576	4	63862	gain	sibling_only	H1	2	1	B_spannable_pairwise	CN-altered(?)	104673472=H1-1;104689576=H1-2
chr7:106080741-106159377	4	78636	gain	sibling_only	H2	2	1	C_chained_statistical	CN-altered(?)	106141212=H2-2;106159377=H2-1
chr7:121264090-121312113	4	48023	gain	linear_nested	H1	2	2	B_spannable_pairwise	CN-altered(?)	121299860=H1-1;121302597=H1-1-1
chr7:122157127-122207327	4	50200	gain	sibling_only	H1	2	1	B_spannable_pairwise	CN-altered(?)	122157127=H1-2;122203912=H1-1
chr7:127077298-127139243	4	61945	gain	linear_nested	H1	2	2	B_spannable_pairwise	CN-altered(?)	127077298=H1-1;127083484=H1-1-1
chr7:132685410-132775360	4	89950	gain	linear_nested	H1	2	2	C_chained_statistical	CN-altered(?)	132712230=H1-1;132726558=H1-1-1
chr7:138641548-138688430	4	46882	gain	linear_nested	H2	2	2	B_spannable_pairwise	CN-altered(?)	138641548=H2-1;138644352=H2-1-1
chr7:143390060-143495171	4	105111	gain	sibling_only	H2	2	1	C_chained_statistical	CN-altered(?)	143428050=H2-1;143452545=H2-2
chr7:155910997-156029282	4	118285	gain	sibling_only	H?	2	1	C_chained_statistical	CN-altered(?)	155993192=H?-2;156029282=H?-1
chr7:157702979-157754342	4	51363	gain	linear_nested	H2	2	2	B_spannable_pairwise	CN-altered(?)	157736036=H2-1-1;157745194=H2-1
chr8:35700153-35743423	4	43270	loh	linear_nested	H2	2	2	B_spannable_pairwise	yes	35700153=H2-1-1;35711159=H2-1
chr8:37183112-37233033	4	49921	loh	linear_nested	H1	2	2	B_spannable_pairwise	yes	37183112=H1-1;37185805=H1-1-1
chr8:41853514-41906265	4	52751	loh	sibling_only	H1	2	1	B_spannable_pairwise	yes	41853514=H1-2;41858627=H1-1
chr8:53372747-53438625	4	65878	gain	sibling_only	H1	2	1	B_spannable_pairwise	CN-altered(?)	53415228=H1-1;53438625=H1-2
chr8:68408659-68443994	4	35335	gain	sibling_only	H1	2	1	B_spannable_pairwise	CN-altered(?)	68408659=H1-1;68420636=H1-2
chr8:69969961-70060180	4	90219	gain	linear_nested	H1	2	2	C_chained_statistical	CN-altered(?)	69969961=H1-1;69992974=H1-1-1
chr8:72730395-72791825	4	61430	gain	linear_nested	H2	2	2	B_spannable_pairwise	CN-altered(?)	72783240=H2-1-1;72791825=H2-1
chr8:80803732-80897171	4	93439	gain	sibling_only	H1	2	1	C_chained_statistical	CN-altered(?)	80803732=H1-2;80829415=H1-1
chr8:86705954-86794883	4	88929	loh	sibling_only	H2	2	1	C_chained_statistical	yes	86767027=H2-1;86794883=H2-2
chr8:87281669-87315420	4	33751	loh	sibling_only	H1	2	1	A_single_molecule	yes	87309861=H1-1;87315420=H1-2
chr8:94303821-94379881	4	76060	loh	linear_nested	H1	2	2	C_chained_statistical	yes	94329329=H1-1;94345867=H1-1-1
chr8:98542638-98624375	4	81737	loh	sibling_only	H1	2	1	C_chained_statistical	yes	98542638=H1-1;98572005=H1-2
chr8:106798718-106895919	4	97201	gain	linear_nested	H1	2	2	C_chained_statistical	CN-altered(?)	106798718=H1-1-1;106819441=H1-1
chr8:112377763-112445911	4	68148	gain	sibling_only	H1	2	1	B_spannable_pairwise	CN-altered(?)	112399180=H1-1;112445911=H1-2
chr8:114598643-114680248	4	81605	gain	sibling_only	H1	2	1	C_chained_statistical	CN-altered(?)	114673698=H1-2;114680248=H1-1
chr8:128001267-128079385	4	78118	gain	sibling_only	H2	2	1	C_chained_statistical	CN-altered(?)	128001267=H2-2;128009160=H2-1
chr8:137289961-137398762	4	108801	gain	sibling_only	H2	2	1	C_chained_statistical	CN-altered(?)	137333074=H2-2;137356849=H2-1
chr8:141658404-141675438	4	17034	gain	sibling_only	H2,H?	2	1	B_spannable_pairwise	CN-altered(?)	141658445=H?-2;141675438=H?-1
chr8:141786571-141840755	4	54184	gain	sibling_only	H2	2	1	B_spannable_pairwise	CN-altered(?)	141799057=H2-1;141799617=H2-2
chr9:3006154-3082126	4	75972	gain	sibling_only	H?	2	1	B_spannable_pairwise	CN-altered(?)	3049884=H?-2;3082126=H?-1
chr9:11443647-11486146	4	42499	gain	linear_nested	H2	2	2	B_spannable_pairwise	CN-altered(?)	11443647=H2-1;11446654=H2-1-1
chr9:12207335-12278571	4	71236	gain	sibling_only	H2	2	1	B_spannable_pairwise	CN-altered(?)	12207335=H2-1;12266200=H2-2
chr9:12504143-12565525	4	61382	gain	linear_nested	H1	2	2	B_spannable_pairwise	CN-altered(?)	12534959=H1-1;12549004=H1-1-1
chr9:12913097-12985402	4	72305	gain	sibling_only	H1	2	1	B_spannable_pairwise	CN-altered(?)	12938711=H1-1;12963484=H1-2
chr9:13320229-13372219	4	51990	gain	sibling_only	H2	2	1	B_spannable_pairwise	CN-altered(?)	13344598=H2-2;13366475=H2-1
chr9:65391039-65466642	4	75603	gain	sibling_only	H2	2	1	B_spannable_pairwise	CN-altered(?)	65391039=H2-2;65417260=H2-1
chr9:70477035-70521982	4	44947	gain	linear_nested	H1	2	2	B_spannable_pairwise	CN-altered(?)	70516265=H1-1;70521982=H1-1-1
chr9:82765031-82861790	4	96759	gain	linear_nested	H2	2	2	C_chained_statistical	CN-altered(?)	82795074=H2-1;82818341=H2-1-1
chr9:89856471-89877206	4	20735	gain	linear_nested	H2	2	2	A_single_molecule	CN-altered(?)	89876425=H2-1;89877206=H2-1-1
chr9:92823548-92893089	4	69541	gain	linear_nested	H1	2	2	B_spannable_pairwise	CN-altered(?)	92885181=H1-1-1;92893089=H1-1
chr9:99435882-99460950	4	25068	gain	linear_nested	H2	2	2	A_single_molecule	CN-altered(?)	99454997=H2-1-1;99460950=H2-1
chr9:118664931-118745379	4	80448	loh	linear_nested	H1	2	2	C_chained_statistical	yes	118664931=H1-1;118671409=H1-1-1
chr9:129745985-129803514	4	57529	gain	linear_nested	H1	2	2	B_spannable_pairwise	CN-altered(?)	129789396=H1-1;129803514=H1-1-1
chr9:131796787-131855535	4	58748	gain	linear_nested	H1	2	2	B_spannable_pairwise	CN-altered(?)	131841581=H1-1-1;131855535=H1-1
chr9:132439208-132486267	4	47059	gain	linear_nested	H1	2	2	B_spannable_pairwise	CN-altered(?)	132439208=H1-1-1;132486267=H1-1
chr10:10815949-10823476	4	7527	loh	sibling_only	H3?	2	1	B_spannable_pairwise	yes	10822372=H3?-2;10823476=H3?-1
chr10:20827894-20940354	4	112460	gain	sibling_only	H1	2	1	C_chained_statistical	CN-altered(?)	20827894=H1-1;20856065=H1-2
chr10:37957501-37999026	4	41525	gain	linear_nested	H1	2	2	B_spannable_pairwise	CN-altered(?)	37960825=H1-1;37980688=H1-1-1
chr10:38157501-38186465	4	28964	gain	linear_nested	H2	2	2	A_single_molecule	CN-altered(?)	38162082=H2-1;38186465=H2-1-1
chr10:39306424-39329718	4	23294	gain	linear_nested	H2	2	2	A_single_molecule	CN-altered(?)	39327668=H2-1;39329718=H2-1-1
chr10:52570149-52659176	4	89027	gain	linear_nested	H1	2	2	C_chained_statistical	CN-altered(?)	52607756=H1-1;52622136=H1-1-1
chr10:55541416-55598208	4	56792	gain	linear_nested	H1	2	2	B_spannable_pairwise	CN-altered(?)	55592224=H1-1-1;55598208=H1-1
chr10:117487781-117536699	4	48918	loh	sibling_only	H1	2	1	B_spannable_pairwise	yes	117487781=H1-2;117495705=H1-1
chr11:4524654-4588847	4	64193	loh	linear_nested	H1	2	2	B_spannable_pairwise	yes	4524654=H1-1;4526333=H1-1-1
chr11:17770383-17834440	4	64057	loh	sibling_only	H2	2	1	B_spannable_pairwise	yes	17818619=H2-1;17834440=H2-2
chr11:63875670-63958035	4	82365	gain	sibling_only	H3?	2	1	C_chained_statistical	CN-altered(?)	63950465=H3?-1;63958035=H3?-2
chr11:64749911-64774081	4	24170	gain	linear_nested	H2	2	2	B_spannable_pairwise	CN-altered(?)	64749911=H2-1;64749912=H2-1-1
chr11:67024946-67097786	4	72840	gain	linear_nested	H1	2	2	B_spannable_pairwise	CN-altered(?)	67024946=H1-1-1;67053360=H1-1
chr11:70407051-70491434	4	84383	gain	linear_nested	H2	2	2	C_chained_statistical	CN-altered(?)	70442070=H2-1-1;70458372=H2-1
chr11:104414980-104499482	4	84502	loh	linear_nested	H1	2	2	C_chained_statistical	yes	104496771=H1-1-1;104499482=H1-1
chr11:120949655-121010373	4	60718	loh	linear_nested	H1	2	2	B_spannable_pairwise	yes	120976221=H1-1;121010373=H1-1-1
chr11:124459766-124519047	4	59281	loh	linear_nested	H2	2	2	B_spannable_pairwise	yes	124459766=H2-1;124466328=H2-1-1
chr12:2118204-2122837	4	4633	gain	linear_nested	H1	2	2	A_single_molecule	CN-altered(?)	2122836=H1-1;2122837=H1-1-1
chr12:15775765-15847311	4	71546	gain	sibling_only	H1	2	1	B_spannable_pairwise	CN-altered(?)	15843247=H1-1;15847311=H1-2
chr12:18831037-18870932	4	39895	gain	sibling_only	H2	2	1	B_spannable_pairwise	CN-altered(?)	18852131=H2-2;18870932=H2-1
chr12:21884181-21956091	4	71910	gain	linear_nested	H1	2	2	B_spannable_pairwise	CN-altered(?)	21884181=H1-1-1;21909745=H1-1
chr12:34506532-34543381	4	36849	gain	linear_nested	H1	2	2	B_spannable_pairwise	CN-altered(?)	34506532=H1-1-1;34530603=H1-1
chr12:39809237-39809394	4	157	loh	linear_nested	H1	2	2	B_spannable_pairwise	yes	39809326=H1-1;39809394=H1-1-1
chr12:57994867-58067140	4	72273	loh	linear_nested	H1	2	2	B_spannable_pairwise	yes	58064423=H1-1-1;58067140=H1-1
chr12:74092247-74125687	4	33440	loh	linear_nested	H3?	2	2	B_spannable_pairwise	yes	74092247=H3?-1;74108358=H3?-1-1
chr12:80836615-80910530	4	73915	loh	linear_nested	H2	2	2	B_spannable_pairwise	yes	80863815=H2-1-1;80867136=H2-1
chr12:85178623-85222472	4	43849	loh	linear_nested	H1	2	2	B_spannable_pairwise	yes	85199687=H1-1-1;85222472=H1-1
chr12:86999350-87057619	4	58269	loh	linear_nested	H1	2	2	B_spannable_pairwise	yes	86999350=H1-1;87012232=H1-1-1
chr12:106702676-106789098	4	86422	loh	sibling_only	H2	2	1	C_chained_statistical	yes	106702676=H2-2;106710710=H2-1
chr12:120848415-120934353	4	85938	loh	sibling_only	H2	2	1	C_chained_statistical	yes	120922197=H2-2;120934353=H2-1
chr13:31572491-31596420	4	23929	gain	linear_nested	H2	2	2	B_spannable_pairwise	CN-altered(?)	31572491=H2-1;31577066=H2-1-1
chr13:32830865-32916995	4	86130	gain	sibling_only	H2	2	1	C_chained_statistical	CN-altered(?)	32830865=H2-1;32888269=H2-2
chr13:35516589-35591463	4	74874	gain	linear_nested	H2	2	2	B_spannable_pairwise	CN-altered(?)	35516589=H2-1-1;35543040=H2-1
chr13:35866904-35916410	4	49506	gain	sibling_only	H2	2	1	B_spannable_pairwise	CN-altered(?)	35866904=H2-1;35872823=H2-2
chr13:44349176-44395365	4	46189	gain	linear_nested	H1	2	2	B_spannable_pairwise	CN-altered(?)	44349176=H1-1;44349177=H1-1-1
chr13:45732110-45797901	4	65791	gain	linear_nested	H2	2	2	B_spannable_pairwise	CN-altered(?)	45763159=H2-1-1;45797901=H2-1
chr13:61624962-61698788	4	73826	loh	linear_nested	H3?	2	2	B_spannable_pairwise	yes	61624962=H3?-1-1;61628714=H3?-1
chr13:80931491-81005647	4	74156	loh	sibling_only	H1	2	1	B_spannable_pairwise	yes	80981932=H1-1;81005647=H1-2
chr13:85471178-85481811	4	10633	loh	sibling_only	H1	2	1	A_single_molecule	yes	85479188=H1-1;85481811=H1-2
chr13:97746394-97798261	4	51867	loh	sibling_only	H1,H?	2	1	B_spannable_pairwise	yes	97796263=H1-2;97798261=H1-1
chr13:98382128-98447970	4	65842	loh	linear_nested	H1	2	2	B_spannable_pairwise	yes	98382128=H1-1;98402904=H1-1-1
chr14:23817330-23892407	4	75077	gain	linear_nested	H1	2	2	B_spannable_pairwise	CN-altered(?)	23879938=H1-1-1;23892407=H1-1
chr14:24294144-24358485	4	64341	gain	linear_nested	H1	2	2	B_spannable_pairwise	CN-altered(?)	24352025=H1-1-1;24358485=H1-1
chr14:28846243-28903440	4	57197	gain	linear_nested	H3?	2	2	B_spannable_pairwise	CN-altered(?)	28885668=H3?-1-1;28903440=H3?-1
chr14:38315192-38399516	4	84324	loh	linear_nested	H1	2	2	C_chained_statistical	yes	38390546=H1-1;38399516=H1-1-1
chr14:40583683-40613381	4	29698	loh	linear_nested	H2	2	2	B_spannable_pairwise	yes	40597045=H2-1-1;40613381=H2-1
chr14:52116776-52162774	4	45998	gain	linear_nested	H1	2	2	B_spannable_pairwise	CN-altered(?)	52146949=H1-1-1;52148135=H1-1
chr14:84031142-84081676	4	50534	gain	sibling_only	H2	2	1	B_spannable_pairwise	CN-altered(?)	84031142=H2-2;84037764=H2-1
chr14:89679914-89701754	4	21840	gain	linear_nested	H1	2	2	A_single_molecule	CN-altered(?)	89679914=H1-1-1;89699398=H1-1
chr14:95918494-95981819	4	63325	gain	linear_nested	H2	2	2	B_spannable_pairwise	CN-altered(?)	95968450=H2-1-1;95981819=H2-1
chr14:98412329-98505849	4	93520	gain	sibling_only	H1	2	1	C_chained_statistical	CN-altered(?)	98412329=H1-1;98437654=H1-2
chr15:40622779-40661443	4	38664	loh	linear_nested	H1	2	2	B_spannable_pairwise	yes	40622780=H1-1-1;40661443=H1-1
chr15:72831006-72861183	4	30177	gain	linear_nested	H1	2	2	B_spannable_pairwise	CN-altered(?)	72858082=H1-1-1;72861183=H1-1
chr15:84908910-85020440	4	111530	gain	sibling_only	H1	2	1	C_chained_statistical	CN-altered(?)	85000867=H1-1;85020440=H1-2
chr15:85778618-85841019	4	62401	gain	sibling_only	H2	2	1	B_spannable_pairwise	CN-altered(?)	85812499=H2-1;85841019=H2-2
chr15:90372258-90434072	4	61814	gain	sibling_only	H1	2	1	B_spannable_pairwise	CN-altered(?)	90372258=H1-1;90377055=H1-2
chr15:91599266-91669410	4	70144	gain	linear_nested	H2	2	2	B_spannable_pairwise	CN-altered(?)	91642285=H2-1;91643547=H2-1-1
chr15:92765278-92811410	4	46132	gain	sibling_only	H2	2	1	B_spannable_pairwise	CN-altered(?)	92777101=H2-2;92811410=H2-1
chr15:94446507-94511375	4	64868	gain	sibling_only	H1	2	1	B_spannable_pairwise	CN-altered(?)	94504923=H1-2;94511375=H1-1
chr16:9059272-9101206	4	41934	gain	linear_nested	H2	2	2	B_spannable_pairwise	CN-altered(?)	9075353=H2-1;9080485=H2-1-1
chr16:16768277-16837328	4	69051	gain	sibling_only	H1	2	1	B_spannable_pairwise	CN-altered(?)	16802114=H1-2;16827231=H1-1
chr16:20744236-20794692	4	50456	gain	linear_nested	H2	2	2	B_spannable_pairwise	CN-altered(?)	20768987=H2-1;20794692=H2-1-1
chr17:14365870-14449055	4	83185	gain	linear_nested	H1	2	2	C_chained_statistical	CN-altered(?)	14396838=H1-1;14420161=H1-1-1
chr17:52594414-52649867	4	55453	loh	sibling_only	H1	2	1	B_spannable_pairwise	yes	52619125=H1-2;52649867=H1-1
chr17:69303909-69391148	4	87239	gain	sibling_only	H1	2	1	C_chained_statistical	CN-altered(?)	69353641=H1-1;69378301=H1-2
chr17:78484883-78508028	4	23145	gain	sibling_only	H1	2	1	A_single_molecule	CN-altered(?)	78488909=H1-2;78508028=H1-1
chr18:23378503-23415614	4	37111	gain	linear_nested	H2	2	2	B_spannable_pairwise	CN-altered(?)	23384710=H2-1-1;23415614=H2-1
chr18:24980475-25096569	4	116094	gain	sibling_only	H1	2	1	C_chained_statistical	CN-altered(?)	24980475=H1-2;25010811=H1-1
chr18:34254370-34292995	4	38625	gain	linear_nested	H2	2	2	B_spannable_pairwise	CN-altered(?)	34254370=H2-1-1;34275422=H2-1
chr18:37382178-37444895	4	62717	gain	linear_nested	H2	2	2	B_spannable_pairwise	CN-altered(?)	37392442=H2-1;37410642=H2-1-1
chr18:38122207-38188818	4	66611	gain	linear_nested	H2	2	2	B_spannable_pairwise	CN-altered(?)	38164824=H2-1;38188818=H2-1-1
chr18:39067192-39131807	4	64615	gain	linear_nested	H1	2	2	B_spannable_pairwise	CN-altered(?)	39067192=H1-1;39073520=H1-1-1
chr18:51647695-51740924	4	93229	gain	sibling_only	H?	2	1	C_chained_statistical	CN-altered(?)	51647695=H?-2;51673300=H?-1
chr18:52832853-52887931	4	55078	gain	linear_nested	H1	2	2	B_spannable_pairwise	CN-altered(?)	52832853=H1-1;52841394=H1-1-1
chr18:55517962-55622739	4	104777	gain	linear_nested	H2	2	2	C_chained_statistical	CN-altered(?)	55607609=H2-1-1;55622739=H2-1
chr18:57100445-57155535	4	55090	gain	sibling_only	H3?	2	1	B_spannable_pairwise	CN-altered(?)	57100445=H3?-2;57101705=H3?-1
chr18:77775262-77824233	4	48971	loss	linear_nested	H2	2	2	B_spannable_pairwise	CN-altered(?)	77775262=H2-1;77786082=H2-1-1
chr19:6248682-6343151	4	94469	loh	linear_nested	H1	2	2	C_chained_statistical	yes	6248682=H1-1-1;6265502=H1-1
chr19:14280700-14350716	4	70016	gain	linear_nested	H2	2	2	B_spannable_pairwise	CN-altered(?)	14314508=H2-1-1;14316568=H2-1
chr19:19816640-19895154	4	78514	gain	linear_nested	H2	2	2	C_chained_statistical	CN-altered(?)	19857783=H2-1;19883359=H2-1-1
chr19:31710203-31769975	4	59772	gain	sibling_only	H2	2	1	B_spannable_pairwise	CN-altered(?)	31710203=H2-1;31713992=H2-2
chr19:42553750-42617896	4	64146	loh	linear_nested	H3?	2	2	B_spannable_pairwise	yes	42613188=H3?-1-1;42617896=H3?-1
chr19:43151157-43204756	4	53599	loh	linear_nested	H1	2	2	B_spannable_pairwise	yes	43198461=H1-1-1;43204756=H1-1
chr20:2597995-2669777	4	71782	gain	sibling_only	H2	2	1	B_spannable_pairwise	CN-altered(?)	2662333=H2-1;2669777=H2-2
chr20:7009488-7093324	4	83836	gain	linear_nested	H2	2	2	C_chained_statistical	CN-altered(?)	7009488=H2-1;7028888=H2-1-1
chr20:14381904-14465844	4	83940	gain	linear_nested	H1	2	2	C_chained_statistical	CN-altered(?)	14417838=H1-1-1;14429922=H1-1
chr20:24104214-24184195	4	79981	gain	linear_nested	H1	2	2	C_chained_statistical	CN-altered(?)	24148534=H1-1;24184195=H1-1-1
chr20:30369807-30418482	4	48675	gain	linear_nested	H1	2	2	B_spannable_pairwise	CN-altered(?)	30407154=H1-1;30418482=H1-1-1
chr20:31339628-31412779	4	73151	gain	sibling_only	H1	2	1	B_spannable_pairwise	CN-altered(?)	31400422=H1-1;31412779=H1-2
chr20:35384132-35459441	4	75309	gain	sibling_only	H3?	2	1	B_spannable_pairwise	CN-altered(?)	35426740=H3?-1;35459441=H3?-2
chr20:37859763-37868513	4	8750	gain	sibling_only	H1	2	1	A_single_molecule	CN-altered(?)	37859763=H1-1;37868513=H1-2
chr20:42031454-42047130	4	15676	gain	sibling_only	H1	2	1	A_single_molecule	CN-altered(?)	42039703=H1-2;42047130=H1-1
chr20:48668869-48718791	4	49922	gain	sibling_only	H2	2	1	B_spannable_pairwise	CN-altered(?)	48668869=H2-2;48695188=H2-1
chr20:55084626-55135374	4	50748	gain	linear_nested	H1	2	2	B_spannable_pairwise	CN-altered(?)	55129523=H1-1-1;55135374=H1-1
chr20:55641459-55681399	4	39940	gain	sibling_only	H1	2	1	B_spannable_pairwise	CN-altered(?)	55660911=H1-2;55676267=H1-1
chr20:57829693-57863016	4	33323	gain	sibling_only	H2	2	1	B_spannable_pairwise	CN-altered(?)	57845537=H2-2;57863016=H2-1
chr22:25948459-26005759	4	57300	gain	linear_nested	H2	2	2	B_spannable_pairwise	CN-altered(?)	26002622=H2-1;26005759=H2-1-1
chr22:26063858-26118322	4	54464	gain	linear_nested	H2	2	2	B_spannable_pairwise	CN-altered(?)	26114981=H2-1-1;26118322=H2-1
chr22:36613305-36678936	4	65631	gain	linear_nested	H1	2	2	B_spannable_pairwise	CN-altered(?)	36656115=H1-1;36678936=H1-1-1
chr22:44516628-44570682	4	54054	gain	linear_nested	H2	2	2	B_spannable_pairwise	CN-altered(?)	44547203=H2-1-1;44570682=H2-1
chr22:46082216-46140427	4	58211	gain	sibling_only	H2	2	1	B_spannable_pairwise	CN-altered(?)	46127065=H2-1;46140427=H2-2
chr1:1004726-1068824	3	64098	loh	sibling_only	H?	2	1	B_spannable_pairwise	yes	1049980=H?-1;1068824=H?-2
chr1:20743588-20758711	3	15123	gain	sibling_only	H2	2	1	A_single_molecule	CN-altered(?)	20743588=H2-1;20758711=H2-2
chr1:24200092-24238676	3	38584	gain	linear_nested	H2	2	2	B_spannable_pairwise	CN-altered(?)	24214668=H2-1;24238676=H2-1-1
chr1:30538580-30559640	3	21060	gain	linear_nested	H2	2	2	A_single_molecule	CN-altered(?)	30551369=H2-1;30559640=H2-1-1
chr1:38089079-38091426	3	2347	loh	linear_nested	H3?	2	2	A_single_molecule	yes	38091311=H3?-1;38091426=H3?-1-1
chr1:38219780-38267770	3	47990	loh	linear_nested	H1	2	2	B_spannable_pairwise	yes	38219780=H1-1;38238180=H1-1-1
chr1:39714746-39718326	3	3580	loh	linear_nested	H1	2	2	A_single_molecule	yes	39714746=H1-1;39714747=H1-1-1
chr1:55001729-55033555	3	31826	loh	sibling_only	H2	2	1	A_single_molecule	yes	55018129=H2-2;55033555=H2-1
chr1:55205627-55241799	3	36172	loh	linear_nested	H2	2	2	B_spannable_pairwise	yes	55205627=H2-1-1;55241799=H2-1
chr1:63209974-63236261	3	26287	loh	sibling_only	H1	2	1	B_spannable_pairwise	yes	63232081=H1-2;63236261=H1-1
chr1:65058664-65078427	3	19763	loh	sibling_only	H3?	2	1	B_spannable_pairwise	yes	65072934=H3?-2;65078427=H3?-1
chr1:68682105-68701931	3	19826	loh	sibling_only	H1	2	1	A_single_molecule	yes	68682105=H1-2;68701931=H1-1
chr1:78854076-78873994	3	19918	loh	linear_nested	H1	2	2	A_single_molecule	yes	78854076=H1-1;78873994=H1-1-1
chr1:80556486-80582338	3	25852	loh	sibling_only	H1	2	1	B_spannable_pairwise	yes	80579515=H1-1;80582338=H1-2
chr1:85264314-85275416	3	11102	gain	sibling_only	H2	2	1	A_single_molecule	CN-altered(?)	85270284=H2-1;85275416=H2-2
chr1:91971329-92021596	3	50267	gain	sibling_only	H1,H?	2	1	B_spannable_pairwise	CN-altered(?)	91971329=H?-2;92021596=H?-1
chr1:92160139-92237790	3	77651	gain	linear_nested	H1	2	2	C_chained_statistical	CN-altered(?)	92160139=H1-1;92187974=H1-1-1
chr1:92675910-92739449	3	63539	gain	sibling_only	H1	2	1	B_spannable_pairwise	CN-altered(?)	92714850=H1-2;92739449=H1-1
chr1:93535620-93543804	3	8184	gain	sibling_only	H1	2	1	A_single_molecule	CN-altered(?)	93535620=H1-2;93543804=H1-1
chr1:95660269-95707242	3	46973	gain	sibling_only	H2	2	1	B_spannable_pairwise	CN-altered(?)	95660269=H2-2;95670053=H2-1
chr1:98479569-98535152	3	55583	loh	sibling_only	H2	2	1	B_spannable_pairwise	yes	98479569=H2-1;98502970=H2-2
chr1:108814907-108865373	3	50466	loh	sibling_only	H?	2	1	B_spannable_pairwise	yes	108845279=H?-2;108865373=H?-1
chr1:147213554-147228725	3	15171	gain	sibling_only	H2	2	1	A_single_molecule	CN-altered(?)	147213554=H2-2;147228725=H2-1
chr1:151194860-151226012	3	31152	gain	linear_nested	H2	2	2	B_spannable_pairwise	CN-altered(?)	151194860=H2-1;151213127=H2-1-1
chr1:163401136-163433413	3	32277	gain	linear_nested	H2	2	2	B_spannable_pairwise	CN-altered(?)	163420420=H2-1-1;163433413=H2-1
chr1:168887017-168914635	3	27618	gain	linear_nested	H1	2	2	B_spannable_pairwise	CN-altered(?)	168909034=H1-1;168914635=H1-1-1
chr1:171878215-171898305	3	20090	gain	sibling_only	H3?	2	1	A_single_molecule	CN-altered(?)	171878215=H3?-2;171884353=H3?-1
chr1:172202053-172252532	3	50479	gain	linear_nested	H1	2	2	B_spannable_pairwise	CN-altered(?)	172239894=H1-1;172252532=H1-1-1
chr1:175784617-175809502	3	24885	gain	sibling_only	H1	2	1	A_single_molecule	CN-altered(?)	175784617=H1-1;175809502=H1-2
chr1:178283044-178303065	3	20021	gain	linear_nested	H1	2	2	A_single_molecule	CN-altered(?)	178283044=H1-1;178301129=H1-1-1
chr1:187979329-187995283	3	15954	gain	sibling_only	H2	2	1	A_single_molecule	CN-altered(?)	187979329=H2-2;187988040=H2-1
chr1:197760343-197811596	3	51253	gain	sibling_only	H2,H?	2	1	B_spannable_pairwise	CN-altered(?)	197760343=H2-1;197791158=H2-2
chr1:199162881-199201320	3	38439	gain	linear_nested	H2	2	2	B_spannable_pairwise	CN-altered(?)	199162881=H2-1;199188260=H2-1-1
chr1:200503470-200541664	3	38194	gain	linear_nested	H1	2	2	B_spannable_pairwise	CN-altered(?)	200515947=H1-1;200541664=H1-1-1
chr1:211110477-211174351	3	63874	gain	linear_nested	H2	2	2	B_spannable_pairwise	CN-altered(?)	211110477=H2-1-1;211128313=H2-1
chr1:212152095-212154801	3	2706	gain	linear_nested	H2	2	2	A_single_molecule	CN-altered(?)	212152096=H2-1-1;212154801=H2-1
chr1:214857741-214919494	3	61753	gain	linear_nested	H1	2	2	B_spannable_pairwise	CN-altered(?)	214857741=H1-1;214886177=H1-1-1
chr1:216359640-216386447	3	26807	gain	linear_nested	H1	2	2	B_spannable_pairwise	CN-altered(?)	216382176=H1-1;216386447=H1-1-1
chr1:216460702-216478072	3	17370	gain	linear_nested	H1	2	2	A_single_molecule	CN-altered(?)	216460702=H1-1;216463128=H1-1-1
chr1:216827574-216840975	3	13401	gain	linear_nested	H2	2	2	A_single_molecule	CN-altered(?)	216827574=H2-1-1;216840975=H2-1
chr1:220686904-220708268	3	21364	gain	linear_nested	H1	2	2	A_single_molecule	CN-altered(?)	220686904=H1-1;220708268=H1-1-1
chr1:220849585-220876111	3	26526	gain	linear_nested	H2	2	2	A_single_molecule	CN-altered(?)	220849585=H2-1;220876111=H2-1-1
chr1:226553917-226590096	3	36179	gain	linear_nested	H2	2	2	B_spannable_pairwise	CN-altered(?)	226553917=H2-1;226566387=H2-1-1
chr1:227643778-227663823	3	20045	gain	linear_nested	H1	2	2	A_single_molecule	CN-altered(?)	227643778=H1-1-1;227663823=H1-1
chr1:231073784-231075504	3	1720	gain	linear_nested	H1	2	2	A_single_molecule	CN-altered(?)	231074466=H1-1;231075504=H1-1-1
chr1:231147298-231155596	3	8298	gain	linear_nested	H1	2	2	A_single_molecule	CN-altered(?)	231155115=H1-1;231155596=H1-1-1
chr1:244558061-244572367	3	14306	gain	sibling_only	H2,H?	2	1	A_single_molecule	CN-altered(?)	244558062=H2-1;244572367=H2-2
chr1:245466992-245506183	3	39191	gain	sibling_only	H1	2	1	B_spannable_pairwise	CN-altered(?)	245466992=H1-1;245490690=H1-2
chr1:248674362-248692226	3	17864	gain	linear_nested	H2	2	2	A_single_molecule	CN-altered(?)	248674362=H2-1;248692226=H2-1-1
chr2:2193524-2250829	3	57305	gain	sibling_only	H1	2	1	B_spannable_pairwise	CN-altered(?)	2193524=H1-1;2208025=H1-2
chr2:5775453-5814843	3	39390	gain	linear_nested	H2	2	2	B_spannable_pairwise	CN-altered(?)	5810491=H2-1-1;5814843=H2-1
chr2:6087014-6129455	3	42441	gain	linear_nested	H2	2	2	B_spannable_pairwise	CN-altered(?)	6116068=H2-1;6129455=H2-1-1
chr2:13965501-14014689	3	49188	loh	linear_nested	H2	2	2	B_spannable_pairwise	yes	13965501=H2-1-1;13986076=H2-1
chr2:21652666-21689645	3	36979	loh	linear_nested	H1	2	2	B_spannable_pairwise	yes	21652666=H1-1;21663705=H1-1-1
chr2:24739677-24798725	3	59048	loh	linear_nested	H2	2	2	B_spannable_pairwise	yes	24739677=H2-1-1;24771416=H2-1
chr2:28990077-29045496	3	55419	loh	sibling_only	H1	2	1	B_spannable_pairwise	yes	29033589=H1-1;29045496=H1-2
chr2:31192629-31232361	3	39732	loh	linear_nested	H1	2	2	B_spannable_pairwise	yes	31192629=H1-1;31221198=H1-1-1
chr2:32928331-32961021	3	32690	gain	sibling_only	H1	2	1	B_spannable_pairwise	CN-altered(?)	32928331=H1-1;32961021=H1-2
chr2:34858596-34887522	3	28926	loh	linear_nested	H1	2	2	B_spannable_pairwise	yes	34886064=H1-1;34887522=H1-1-1
chr2:38462575-38493966	3	31391	loh	linear_nested	H1	2	2	B_spannable_pairwise	yes	38493507=H1-1;38493966=H1-1-1
chr2:40831138-40876338	3	45200	loh	linear_nested	H1	2	2	B_spannable_pairwise	yes	40831138=H1-1;40847679=H1-1-1
chr2:48335902-48356002	3	20100	gain	linear_nested	H2	2	2	A_single_molecule	CN-altered(?)	48335902=H2-1-1;48356002=H2-1
chr2:51957975-51972563	3	14588	gain	sibling_only	H3?	2	1	A_single_molecule	CN-altered(?)	51957975=H3?-1;51958352=H3?-2
chr2:53036283-53058003	3	21720	gain	linear_nested	H2	2	2	A_single_molecule	CN-altered(?)	53043810=H2-1-1;53058003=H2-1
chr2:57530870-57567286	3	36416	gain	linear_nested	H1	2	2	B_spannable_pairwise	CN-altered(?)	57530870=H1-1;57531661=H1-1-1
chr2:58284605-58312119	3	27514	gain	linear_nested	H2	2	2	B_spannable_pairwise	CN-altered(?)	58284605=H2-1;58289546=H2-1-1
chr2:82489875-82527883	3	38008	loh	linear_nested	H2	2	2	B_spannable_pairwise	yes	82506766=H2-1;82527883=H2-1-1
chr2:85413542-85455419	3	41877	gain	linear_nested	H2	2	2	B_spannable_pairwise	CN-altered(?)	85433484=H2-1-1;85455419=H2-1
chr2:85717731-85732749	3	15018	gain	linear_nested	H1	2	2	A_single_molecule	CN-altered(?)	85717731=H1-1;85732341=H1-1-1
chr2:88087668-88105194	3	17526	gain	linear_nested	H2	2	2	A_single_molecule	CN-altered(?)	88087668=H2-1;88105194=H2-1-1
chr2:89763903-89788491	3	24588	gain	linear_nested	H2	2	2	B_spannable_pairwise	CN-altered(?)	89763903=H2-1-1;89770904=H2-1
chr2:95025313-95044971	3	19658	gain	linear_nested	H2	2	2	A_single_molecule	CN-altered(?)	95025313=H2-1;95044506=H2-1-1
chr2:95994397-96001815	3	7418	gain	linear_nested	H2	2	2	A_single_molecule	CN-altered(?)	95996106=H2-1;96001815=H2-1-1
chr2:107619700-107621152	3	1452	loss	linear_nested	H3?	2	2	A_single_molecule	CN-altered(?)	107619700=H3?-1;107620851=H3?-1-1
chr2:125923786-125952326	3	28540	loh	linear_nested	H2	2	2	B_spannable_pairwise	yes	125929596=H2-1;125952326=H2-1-1
chr2:134498652-134540317	3	41665	loh	linear_nested	H2	2	2	B_spannable_pairwise	yes	134531665=H2-1-1;134540317=H2-1
chr2:140932336-140976046	3	43710	loh	linear_nested	H1	2	2	B_spannable_pairwise	yes	140932336=H1-1-1;140946714=H1-1
chr2:144349892-144394020	3	44128	gain	sibling_only	H2	2	1	B_spannable_pairwise	CN-altered(?)	144349892=H2-2;144355109=H2-1
chr2:146824557-146884443	3	59886	gain	sibling_only	H1	2	1	B_spannable_pairwise	CN-altered(?)	146853845=H1-2;146884443=H1-1
chr2:149676570-149724321	3	47751	gain	sibling_only	H1	2	1	B_spannable_pairwise	CN-altered(?)	149705978=H1-2;149724321=H1-1
chr2:154841476-154899661	3	58185	gain	sibling_only	H1	2	1	B_spannable_pairwise	CN-altered(?)	154870213=H1-2;154899661=H1-1
chr2:157673332-157718492	3	45160	gain	linear_nested	H2	2	2	B_spannable_pairwise	CN-altered(?)	157673332=H2-1-1;157691043=H2-1
chr2:163598403-163627759	3	29356	gain	linear_nested	H2	2	2	A_single_molecule	CN-altered(?)	163616359=H2-1-1;163627759=H2-1
chr2:168903412-168953660	3	50248	gain	linear_nested	H1	2	2	B_spannable_pairwise	CN-altered(?)	168931983=H1-1;168953660=H1-1-1
chr2:175620334-175643345	3	23011	gain	sibling_only	H1	2	1	A_single_molecule	CN-altered(?)	175620334=H1-2;175643345=H1-1
chr2:177972683-178015737	3	43054	gain	linear_nested	H2	2	2	B_spannable_pairwise	CN-altered(?)	177972683=H2-1-1;177997189=H2-1
chr2:179051347-179081855	3	30508	gain	sibling_only	H3?	2	1	B_spannable_pairwise	CN-altered(?)	179058910=H3?-2;179081855=H3?-1
chr2:187131173-187180350	3	49177	gain	linear_nested	H1	2	2	B_spannable_pairwise	CN-altered(?)	187131173=H1-1;187143877=H1-1-1
chr2:191059239-191093325	3	34086	gain	linear_nested	H2	2	2	B_spannable_pairwise	CN-altered(?)	191089366=H2-1-1;191093325=H2-1
chr2:193046436-193095276	3	48840	loss	linear_nested	H1	2	2	B_spannable_pairwise	CN-altered(?)	193080122=H1-1-1;193095276=H1-1
chr2:195739073-195776217	3	37144	loss	sibling_only	H3?	2	1	B_spannable_pairwise	CN-altered(?)	195739073=H3?-2;195741532=H3?-1
chr2:199690690-199705268	3	14578	neutral	linear_nested	H2	2	2	A_single_molecule	yes	199690690=H2-1-1;199690952=H2-1
chr2:204644837-204648404	3	3567	neutral	linear_nested	H1	2	2	A_single_molecule	yes	204648403=H1-1-1;204648404=H1-1
chr2:205670541-205707772	3	37231	neutral	linear_nested	H1	2	2	B_spannable_pairwise	yes	205689682=H1-1-1;205707772=H1-1
chr2:213115883-213135254	3	19371	neutral	sibling_only	H3?	2	1	A_single_molecule	yes	213115883=H3?-1;213135254=H3?-2
chr2:220163569-220199614	3	36045	neutral	linear_nested	H2	2	2	B_spannable_pairwise	yes	220194288=H2-1;220199614=H2-1-1
chr2:230006947-230043813	3	36866	gain	linear_nested	H1	2	2	B_spannable_pairwise	CN-altered(?)	230038506=H1-1;230043813=H1-1-1
chr2:234805366-234842367	3	37001	gain	linear_nested	H1	2	2	B_spannable_pairwise	CN-altered(?)	234818980=H1-1-1;234842367=H1-1
chr2:235605296-235644152	3	38856	gain	linear_nested	H2	2	2	B_spannable_pairwise	CN-altered(?)	235637548=H2-1-1;235644152=H2-1
chr3:718033-739719	3	21686	gain	linear_nested	H2	2	2	A_single_molecule	CN-altered(?)	718033=H2-1-1;739719=H2-1
chr3:5424831-5471993	3	47162	gain	linear_nested	H2	2	2	B_spannable_pairwise	CN-altered(?)	5461933=H2-1-1;5471993=H2-1
chr3:7073319-7090479	3	17160	gain	sibling_only	H2	2	1	A_single_molecule	CN-altered(?)	7073320=H2-2;7090479=H2-1
chr3:12723899-12777070	3	53171	gain	linear_nested	H2	2	2	B_spannable_pairwise	CN-altered(?)	12753698=H2-1-1;12777070=H2-1
chr3:17949969-18001487	3	51518	gain	linear_nested	H1	2	2	B_spannable_pairwise	CN-altered(?)	17989134=H1-1-1;18001487=H1-1
chr3:19563049-19603947	3	40898	gain	sibling_only	H1,H?	2	1	B_spannable_pairwise	CN-altered(?)	19563049=H?-2;19603947=H?-1
chr3:21875263-21892082	3	16819	gain	linear_nested	H2	2	2	A_single_molecule	CN-altered(?)	21875263=H2-1-1;21892082=H2-1
chr3:31494670-31536938	3	42268	gain	linear_nested	H2	2	2	B_spannable_pairwise	CN-altered(?)	31494670=H2-1-1;31536938=H2-1
chr3:38773165-38821180	3	48015	gain	sibling_only	H2	2	1	B_spannable_pairwise	CN-altered(?)	38773165=H2-1;38790947=H2-2
chr3:38935843-38977141	3	41298	gain	linear_nested	H2	2	2	B_spannable_pairwise	CN-altered(?)	38935843=H2-1-1;38942069=H2-1
chr3:39514207-39552240	3	38033	gain	linear_nested	H2	2	2	B_spannable_pairwise	CN-altered(?)	39529446=H2-1;39552240=H2-1-1
chr3:42396255-42424841	3	28586	gain	linear_nested	H2	2	2	B_spannable_pairwise	CN-altered(?)	42396255=H2-1-1;42424841=H2-1
chr3:52860594-52923722	3	63128	gain	linear_nested	H2	2	2	B_spannable_pairwise	CN-altered(?)	52860594=H2-1;52882788=H2-1-1
chr3:54936988-54939279	3	2291	gain	linear_nested	H1	2	2	A_single_molecule	CN-altered(?)	54936988=H1-1-1;54936989=H1-1
chr3:56722399-56740534	3	18135	gain	sibling_only	H3?	2	1	A_single_molecule	CN-altered(?)	56724732=H3?-2;56740534=H3?-1
chr3:59496505-59505094	3	8589	loh	linear_nested	H2	2	2	A_single_molecule	yes	59496506=H2-1-1;59505094=H2-1
chr3:62447589-62491556	3	43967	loh	linear_nested	H1	2	2	B_spannable_pairwise	yes	62447589=H1-1-1;62466114=H1-1
chr3:65158458-65206445	3	47987	loh	linear_nested	H1	2	2	B_spannable_pairwise	yes	65195899=H1-1-1;65206445=H1-1
chr3:68174024-68211089	3	37065	loh	linear_nested	H1	2	2	B_spannable_pairwise	yes	68174024=H1-1;68186167=H1-1-1
chr3:68271495-68308341	3	36846	loh	linear_nested	H1	2	2	B_spannable_pairwise	yes	68271495=H1-1-1;68308341=H1-1
chr3:75290611-75317676	3	27065	gain	linear_nested	H2	2	2	A_single_molecule	CN-altered(?)	75290611=H2-1;75303022=H2-1-1
chr3:75844785-75908771	3	63986	loh	linear_nested	H2	2	2	B_spannable_pairwise	yes	75844785=H2-1-1;75862081=H2-1
chr3:79569679-79598133	3	28454	loh	linear_nested	H2	2	2	B_spannable_pairwise	yes	79569679=H2-1-1;79580244=H2-1
chr3:86520842-86574896	3	54054	gain	linear_nested	H1	2	2	B_spannable_pairwise	CN-altered(?)	86520842=H1-1;86541501=H1-1-1
chr3:97100673-97101335	3	662	loh	linear_nested	H1	2	2	A_single_molecule	yes	97100673=H1-1;97101335=H1-1-1
chr3:104243124-104286972	3	43848	loh	sibling_only	H1	2	1	B_spannable_pairwise	yes	104243124=H1-1;104249443=H1-2
chr3:104899318-104948130	3	48812	loh	linear_nested	H2	2	2	B_spannable_pairwise	yes	104899318=H2-1-1;104916692=H2-1
chr3:110287817-110330391	3	42574	loh	linear_nested	H3?	2	2	B_spannable_pairwise	yes	110320650=H3?-1;110330391=H3?-1-1
chr3:116124626-116130457	3	5831	loh	linear_nested	H1	2	2	A_single_molecule	yes	116128879=H1-1;116130457=H1-1-1
chr3:131113525-131124695	3	11170	gain	linear_nested	H3?	2	2	A_single_molecule	CN-altered(?)	131115794=H3?-1;131124695=H3?-1-1
chr3:131591061-131622410	3	31349	gain	linear_nested	H1	2	2	A_single_molecule	CN-altered(?)	131614168=H1-1;131622410=H1-1-1
chr3:138854852-138881302	3	26450	gain	sibling_only	H2	2	1	A_single_molecule	CN-altered(?)	138854852=H2-2;138881302=H2-1
chr3:139667016-139705685	3	38669	gain	sibling_only	H2	2	1	B_spannable_pairwise	CN-altered(?)	139696409=H2-2;139705685=H2-1
chr3:140580904-140631011	3	50107	gain	linear_nested	H1	2	2	B_spannable_pairwise	CN-altered(?)	140580904=H1-1-1;140612835=H1-1
chr3:141155311-141183337	3	28026	gain	linear_nested	H2	2	2	A_single_molecule	CN-altered(?)	141155311=H2-1-1;141183337=H2-1
chr3:146496594-146574769	3	78175	gain	sibling_only	H1	2	1	C_chained_statistical	CN-altered(?)	146538800=H1-1;146574769=H1-2
chr3:150026943-150054645	3	27702	gain	sibling_only	H2	2	1	A_single_molecule	CN-altered(?)	150028648=H2-2;150054645=H2-1
chr3:150276804-150338856	3	62052	gain	linear_nested	H2	2	2	B_spannable_pairwise	CN-altered(?)	150316510=H2-1;150338856=H2-1-1
chr3:151101399-151157518	3	56119	gain	linear_nested	H2	2	2	B_spannable_pairwise	CN-altered(?)	151137280=H2-1-1;151157518=H2-1
chr3:154687546-154705746	3	18200	gain	linear_nested	H2	2	2	B_spannable_pairwise	CN-altered(?)	154687547=H2-1;154705746=H2-1-1
chr3:157355541-157385429	3	29888	gain	linear_nested	H2	2	2	B_spannable_pairwise	CN-altered(?)	157381702=H2-1-1;157385429=H2-1
chr3:157459408-157512494	3	53086	gain	linear_nested	H2	2	2	B_spannable_pairwise	CN-altered(?)	157459408=H2-1-1;157484388=H2-1
chr3:163921644-163965007	3	43363	loh	sibling_only	H2	2	1	B_spannable_pairwise	yes	163921644=H2-1;163926119=H2-2
chr3:170011766-170034801	3	23035	gain	sibling_only	H2	2	1	A_single_molecule	CN-altered(?)	170011766=H2-2;170034801=H2-1
chr3:174766351-174803994	3	37643	gain	sibling_only	H1	2	1	B_spannable_pairwise	CN-altered(?)	174766351=H1-1;174787982=H1-2
chr3:175419893-175455434	3	35541	gain	linear_nested	H1	2	2	B_spannable_pairwise	CN-altered(?)	175452045=H1-1;175455434=H1-1-1
chr3:175864307-175885587	3	21280	gain	sibling_only	H1	2	1	B_spannable_pairwise	CN-altered(?)	175871480=H1-1;175885587=H1-2
chr3:177838372-177863848	3	25476	gain	linear_nested	H2	2	2	A_single_molecule	CN-altered(?)	177838372=H2-1-1;177847494=H2-1
chr3:178453951-178505679	3	51728	gain	sibling_only	H1	2	1	B_spannable_pairwise	CN-altered(?)	178453951=H1-2;178505679=H1-1
chr3:187738921-187756453	3	17532	gain	sibling_only	H2	2	1	B_spannable_pairwise	CN-altered(?)	187738921=H2-2;187756453=H2-1
chr3:191137413-191188196	3	50783	gain	linear_nested	H2	2	2	B_spannable_pairwise	CN-altered(?)	191168875=H2-1;191188196=H2-1-1
chr3:195912985-195965645	3	52660	loh	sibling_only	H?	2	1	B_spannable_pairwise	yes	195912985=H?-1;195931580=H?-2
chr4:5745424-5757955	3	12531	loh	linear_nested	H2	2	2	B_spannable_pairwise	yes	5745424=H2-1-1;5757955=H2-1
chr4:10862243-10863078	3	835	loh	linear_nested	H2	2	2	A_single_molecule	yes	10862243=H2-1;10863078=H2-1-1
chr4:14375189-14401841	3	26652	loh	sibling_only	H1	2	1	B_spannable_pairwise	yes	14375189=H1-2;14388755=H1-1
chr4:17316655-17319198	3	2543	loss	linear_nested	H2	2	2	A_single_molecule	CN-altered(?)	17318532=H2-1-1;17319198=H2-1
chr4:22782876-22790182	3	7306	loss	linear_nested	H1	2	2	A_single_molecule	CN-altered(?)	22786333=H1-1;22790182=H1-1-1
chr4:24993927-25008753	3	14826	gain	linear_nested	H1	2	2	A_single_molecule	CN-altered(?)	25008752=H1-1;25008753=H1-1-1
chr4:26390372-26423892	3	33520	gain	sibling_only	H2	2	1	B_spannable_pairwise	CN-altered(?)	26402630=H2-2;26423892=H2-1
chr4:27046920-27063190	3	16270	gain	sibling_only	H1,H?	2	1	A_single_molecule	CN-altered(?)	27047096=H1-2;27063190=H1-1
chr4:31015661-31050428	3	34767	gain	linear_nested	H1	2	2	B_spannable_pairwise	CN-altered(?)	31033680=H1-1;31050428=H1-1-1
chr4:33182956-33196193	3	13237	gain	sibling_only	H1	2	1	A_single_molecule	CN-altered(?)	33182956=H1-1;33184077=H1-2
chr4:43332315-43361713	3	29398	gain	linear_nested	H1	2	2	B_spannable_pairwise	CN-altered(?)	43332315=H1-1;43340139=H1-1-1
chr4:43510739-43551614	3	40875	gain	linear_nested	H2	2	2	B_spannable_pairwise	CN-altered(?)	43546692=H2-1;43551614=H2-1-1
chr4:43641692-43679197	3	37505	gain	linear_nested	H2	2	2	B_spannable_pairwise	CN-altered(?)	43641692=H2-1;43667060=H2-1-1
chr4:45339219-45396633	3	57414	gain	sibling_only	H?	2	1	B_spannable_pairwise	CN-altered(?)	45339219=H?-2;45361852=H?-1
chr4:54823898-54833615	3	9717	gain	linear_nested	H1	2	2	A_single_molecule	CN-altered(?)	54825604=H1-1-1;54833615=H1-1
chr4:66234146-66278790	3	44644	gain	linear_nested	H2	2	2	B_spannable_pairwise	CN-altered(?)	66234146=H2-1-1;66243764=H2-1
chr4:66854892-66867412	3	12520	gain	linear_nested	H2	2	2	A_single_molecule	CN-altered(?)	66854892=H2-1;66867412=H2-1-1
chr4:67884875-67925317	3	40442	gain	sibling_only	H2	2	1	B_spannable_pairwise	CN-altered(?)	67891726=H2-1;67925317=H2-2
chr4:76336791-76354758	3	17967	gain	linear_nested	H1	2	2	B_spannable_pairwise	CN-altered(?)	76343674=H1-1;76354758=H1-1-1
chr4:76812851-76872381	3	59530	gain	sibling_only	H?	2	1	B_spannable_pairwise	CN-altered(?)	76839421=H?-1;76872381=H?-2
chr4:77438848-77450421	3	11573	gain	sibling_only	H2	2	1	A_single_molecule	CN-altered(?)	77441414=H2-1;77450421=H2-2
chr4:81777435-81796827	3	19392	gain	linear_nested	H1	2	2	A_single_molecule	CN-altered(?)	81793946=H1-1-1;81796827=H1-1
chr4:96829404-96856756	3	27352	gain	linear_nested	H2	2	2	A_single_molecule	CN-altered(?)	96849689=H2-1-1;96856756=H2-1
chr4:97071402-97075290	3	3888	gain	sibling_only	H1	2	1	A_single_molecule	CN-altered(?)	97074713=H1-2;97075290=H1-1
chr4:101747437-101788903	3	41466	gain	sibling_only	H2,H?	2	1	B_spannable_pairwise	CN-altered(?)	101755346=H2-1;101788903=H2-2
chr4:102049060-102105695	3	56635	gain	linear_nested	H2	2	2	B_spannable_pairwise	CN-altered(?)	102049060=H2-1-1;102068885=H2-1
chr4:106346654-106376216	3	29562	gain	linear_nested	H1	2	2	B_spannable_pairwise	CN-altered(?)	106346654=H1-1-1;106373670=H1-1
chr4:107780375-107812359	3	31984	gain	sibling_only	H2,H?	2	1	B_spannable_pairwise	CN-altered(?)	107780375=H?-2;107801257=H?-1
chr4:108176050-108190418	3	14368	gain	sibling_only	H1	2	1	A_single_molecule	CN-altered(?)	108176050=H1-2;108190418=H1-1
chr4:117480682-117517567	3	36885	gain	sibling_only	H3?,H?	2	1	B_spannable_pairwise	CN-altered(?)	117480682=H3?-1;117492718=H3?-2
chr4:127439559-127459536	3	19977	gain	linear_nested	H1	2	2	A_single_molecule	CN-altered(?)	127449982=H1-1-1;127459536=H1-1
chr4:128242751-128247531	3	4780	gain	sibling_only	H2	2	1	A_single_molecule	CN-altered(?)	128243459=H2-2;128247531=H2-1
chr4:130064929-130131518	3	66589	gain	sibling_only	H1	2	1	B_spannable_pairwise	CN-altered(?)	130064929=H1-2;130093272=H1-1
chr4:136037481-136056776	3	19295	gain	linear_nested	H2	2	2	A_single_molecule	CN-altered(?)	136037481=H2-1-1;136056776=H2-1
chr4:136528495-136547906	3	19411	gain	sibling_only	H1	2	1	A_single_molecule	CN-altered(?)	136528495=H1-1;136545996=H1-2
chr4:150547918-150579230	3	31312	loh	linear_nested	H2	2	2	B_spannable_pairwise	yes	150567965=H2-1;150579230=H2-1-1
chr4:152824289-152841811	3	17522	loh	sibling_only	H3?,H?	2	1	A_single_molecule	yes	152824289=H?-1;152841811=H?-2
chr4:159551159-159552644	3	1485	loh	linear_nested	H2	2	2	B_spannable_pairwise	yes	159551369=H2-1;159552644=H2-1-1
chr4:162453397-162480181	3	26784	loh	sibling_only	H1	2	1	B_spannable_pairwise	yes	162453397=H1-2;162480181=H1-1
chr4:164306025-164320657	3	14632	loh	linear_nested	H1	2	2	A_single_molecule	yes	164306025=H1-1-1;164320657=H1-1
chr4:169456776-169466601	3	9825	loh	linear_nested	H2	2	2	B_spannable_pairwise	yes	169456776=H2-1;169466601=H2-1-1
chr4:175633113-175654575	3	21462	loh	linear_nested	H2	2	2	B_spannable_pairwise	yes	175653794=H2-1;175654575=H2-1-1
chr4:180769975-180820218	3	50243	loh	linear_nested	H2	2	2	B_spannable_pairwise	yes	180769975=H2-1;180784784=H2-1-1
chr4:184550520-184596641	3	46121	loh	linear_nested	H1	2	2	B_spannable_pairwise	yes	184575264=H1-1;184596641=H1-1-1
chr5:4056235-4095712	3	39477	gain	sibling_only	H1	2	1	B_spannable_pairwise	CN-altered(?)	4056235=H1-2;4067816=H1-1
chr5:4400821-4438044	3	37223	gain	linear_nested	H1	2	2	B_spannable_pairwise	CN-altered(?)	4400821=H1-1-1;4408797=H1-1
chr5:4622572-4645289	3	22717	gain	sibling_only	H1	2	1	A_single_molecule	CN-altered(?)	4637968=H1-1;4645289=H1-2
chr5:5665136-5704245	3	39109	gain	sibling_only	H2	2	1	B_spannable_pairwise	CN-altered(?)	5685117=H2-1;5704245=H2-2
chr5:6020366-6033156	3	12790	gain	linear_nested	H2	2	2	A_single_molecule	CN-altered(?)	6027175=H2-1-1;6033156=H2-1
chr5:7058155-7087667	3	29512	gain	sibling_only	H2	2	1	A_single_molecule	CN-altered(?)	7058155=H2-2;7087667=H2-1
chr5:7314874-7347433	3	32559	gain	sibling_only	H1	2	1	A_single_molecule	CN-altered(?)	7318940=H1-1;7347433=H1-2
chr5:13499100-13565978	3	66878	gain	sibling_only	H3?	2	1	B_spannable_pairwise	CN-altered(?)	13499100=H3?-1;13532216=H3?-2
chr5:14920039-14974691	3	54652	gain	sibling_only	H2	2	1	B_spannable_pairwise	CN-altered(?)	14951523=H2-1;14974691=H2-2
chr5:15385107-15449398	3	64291	gain	linear_nested	H1	2	2	B_spannable_pairwise	CN-altered(?)	15385107=H1-1;15411581=H1-1-1
chr5:16104164-16113877	3	9713	gain	linear_nested	H2	2	2	A_single_molecule	CN-altered(?)	16104164=H2-1;16113877=H2-1-1
chr5:24639330-24658675	3	19345	gain	linear_nested	H2	2	2	A_single_molecule	CN-altered(?)	24639330=H2-1;24650422=H2-1-1
chr5:24931436-24956207	3	24771	gain	linear_nested	H2	2	2	B_spannable_pairwise	CN-altered(?)	24931436=H2-1;24950159=H2-1-1
chr5:27537168-27567363	3	30195	gain	linear_nested	H1	2	2	A_single_molecule	CN-altered(?)	27562940=H1-1;27567363=H1-1-1
chr5:28786948-28818902	3	31954	gain	sibling_only	H1	2	1	B_spannable_pairwise	CN-altered(?)	28786948=H1-1;28789912=H1-2
chr5:30057227-30090787	3	33560	gain	linear_nested	H2	2	2	B_spannable_pairwise	CN-altered(?)	30057227=H2-1-1;30071850=H2-1
chr5:38402076-38430370	3	28294	gain	linear_nested	H2	2	2	A_single_molecule	CN-altered(?)	38430361=H2-1-1;38430370=H2-1
chr5:39486811-39547243	3	60432	gain	linear_nested	H2	2	2	B_spannable_pairwise	CN-altered(?)	39520257=H2-1;39547243=H2-1-1
chr5:40171017-40174255	3	3238	gain	linear_nested	H1	2	2	A_single_molecule	CN-altered(?)	40171017=H1-1;40171741=H1-1-1
chr5:45096148-45143202	3	47054	gain	sibling_only	H1	2	1	B_spannable_pairwise	CN-altered(?)	45131954=H1-1;45143202=H1-2
chr5:45687261-45703330	3	16069	gain	linear_nested	H1	2	2	A_single_molecule	CN-altered(?)	45698211=H1-1-1;45703330=H1-1
chr5:51576991-51615481	3	38490	loh	linear_nested	H2	2	2	B_spannable_pairwise	yes	51576991=H2-1;51582098=H2-1-1
chr5:73285870-73305142	3	19272	loh	linear_nested	H2	2	2	A_single_molecule	yes	73285870=H2-1-1;73305142=H2-1
chr5:82960450-82979955	3	19505	loh	linear_nested	H2	2	2	A_single_molecule	yes	82960450=H2-1;82962264=H2-1-1
chr5:83674157-83710260	3	36103	loh	linear_nested	H2	2	2	B_spannable_pairwise	yes	83700582=H2-1-1;83710260=H2-1
chr5:98459268-98497144	3	37876	loh	linear_nested	H2	2	2	B_spannable_pairwise	yes	98487791=H2-1-1;98497144=H2-1
chr5:109399451-109435422	3	35971	loh	sibling_only	H1,H?	2	1	B_spannable_pairwise	yes	109399451=H?-2;109435422=H?-1
chr5:113552781-113589406	3	36625	loh	linear_nested	H2	2	2	B_spannable_pairwise	yes	113552781=H2-1;113572805=H2-1-1
chr5:115343155-115345037	3	1882	loh	linear_nested	H1	2	2	B_spannable_pairwise	yes	115343155=H1-1;115345037=H1-1-1
chr5:121046984-121080512	3	33528	loh	linear_nested	H1	2	2	B_spannable_pairwise	yes	121064864=H1-1-1;121080512=H1-1
chr5:123245002-123273106	3	28104	loh	linear_nested	H1	2	2	B_spannable_pairwise	yes	123253835=H1-1;123273106=H1-1-1
chr5:126532429-126547861	3	15432	loh	sibling_only	H1,H?	2	1	B_spannable_pairwise	yes	126534820=H1-2;126547861=H1-1
chr5:130104014-130135239	3	31225	loh	linear_nested	H1	2	2	B_spannable_pairwise	yes	130122405=H1-1;130135239=H1-1-1
chr5:139648359-139709998	3	61639	gain	sibling_only	H2	2	1	B_spannable_pairwise	CN-altered(?)	139648359=H2-1;139676371=H2-2
chr5:140742592-140795698	3	53106	gain	sibling_only	H1	2	1	B_spannable_pairwise	CN-altered(?)	140742592=H1-1;140753576=H1-2
chr5:141332648-141351877	3	19229	gain	sibling_only	H2	2	1	A_single_molecule	CN-altered(?)	141333587=H2-2;141351877=H2-1
chr5:158420232-158458991	3	38759	loh	sibling_only	H1	2	1	B_spannable_pairwise	yes	158420232=H1-1;158447482=H1-2
chr5:162107450-162146694	3	39244	loh	linear_nested	H2	2	2	B_spannable_pairwise	yes	162107450=H2-1-1;162110229=H2-1
chr5:164943277-164996731	3	53454	loh	linear_nested	H2	2	2	B_spannable_pairwise	yes	164966260=H2-1;164996731=H2-1-1
chr5:165785398-165840373	3	54975	loh	linear_nested	H2	2	2	B_spannable_pairwise	yes	165818407=H2-1;165840373=H2-1-1
chr5:167413686-167467551	3	53865	loh	sibling_only	H2	2	1	B_spannable_pairwise	yes	167413686=H2-2;167420182=H2-1
chr5:167714030-167769607	3	55577	loh	sibling_only	H2	2	1	B_spannable_pairwise	yes	167751014=H2-2;167769607=H2-1
chr5:168197379-168235026	3	37647	loh	sibling_only	H2	2	1	B_spannable_pairwise	yes	168197379=H2-2;168209128=H2-1
chr5:169280430-169334199	3	53769	loh	sibling_only	H1	2	1	B_spannable_pairwise	yes	169311437=H1-2;169334199=H1-1
chr5:170542421-170563845	3	21424	loh	linear_nested	H1	2	2	A_single_molecule	yes	170542421=H1-1;170545832=H1-1-1
chr5:171784761-171806128	3	21367	loh	sibling_only	H2	2	1	B_spannable_pairwise	yes	171802019=H2-2;171806128=H2-1
chr5:173769135-173786784	3	17649	loh	sibling_only	H1	2	1	A_single_molecule	yes	173769135=H1-2;173786784=H1-1
chr5:175313830-175335678	3	21848	loh	sibling_only	H1	2	1	A_single_molecule	yes	175313830=H1-1;175335678=H1-2
chr5:179360292-179428034	3	67742	loh	linear_nested	H2	2	2	B_spannable_pairwise	yes	179360292=H2-1;179393666=H2-1-1
chr6:60322098-60346038	3	23940	gain	linear_nested	H1	2	2	B_spannable_pairwise	CN-altered(?)	60322098=H1-1;60346038=H1-1-1
chr6:60409632-60437179	3	27547	gain	linear_nested	H1	2	2	B_spannable_pairwise	CN-altered(?)	60437142=H1-1;60437179=H1-1-1
chr6:70354028-70403373	3	49345	gain	linear_nested	H1	2	2	B_spannable_pairwise	CN-altered(?)	70392092=H1-1;70403373=H1-1-1
chr6:74978963-74997488	3	18525	gain	linear_nested	H1	2	2	A_single_molecule	CN-altered(?)	74982697=H1-1;74997488=H1-1-1
chr6:75962294-75970886	3	8592	gain	linear_nested	H1	2	2	A_single_molecule	CN-altered(?)	75962294=H1-1-1;75970886=H1-1
chr6:77060071-77072163	3	12092	gain	linear_nested	H2	2	2	A_single_molecule	CN-altered(?)	77060071=H2-1-1;77072163=H2-1
chr6:78165142-78221709	3	56567	loh	sibling_only	H1	2	1	B_spannable_pairwise	yes	78192578=H1-1;78221709=H1-2
chr6:80635699-80647222	3	11523	gain	linear_nested	H2	2	2	A_single_molecule	CN-altered(?)	80635699=H2-1-1;80647222=H2-1
chr6:81525880-81567847	3	41967	gain	linear_nested	H2	2	2	B_spannable_pairwise	CN-altered(?)	81525880=H2-1;81534424=H2-1-1
chr6:82075932-82121738	3	45806	gain	sibling_only	H2	2	1	B_spannable_pairwise	CN-altered(?)	82075932=H2-2;82088367=H2-1
chr6:87008325-87026788	3	18463	loss	sibling_only	H2	2	1	B_spannable_pairwise	CN-altered(?)	87018071=H2-1;87026788=H2-2
chr6:100239993-100298642	3	58649	loh	sibling_only	H2	2	1	B_spannable_pairwise	yes	100265948=H2-2;100298642=H2-1
chr6:114935750-114974699	3	38949	loh	sibling_only	H2	2	1	B_spannable_pairwise	yes	114935750=H2-2;114944094=H2-1
chr6:122423145-122504027	3	80882	gain	sibling_only	H1	2	1	C_chained_statistical	CN-altered(?)	122469534=H1-1;122504027=H1-2
chr6:127924392-127969860	3	45468	gain	linear_nested	H1	2	2	B_spannable_pairwise	CN-altered(?)	127924392=H1-1-1;127931920=H1-1
chr6:129221821-129241246	3	19425	gain	sibling_only	H2	2	1	A_single_molecule	CN-altered(?)	129221821=H2-2;129241246=H2-1
chr6:130141476-130177466	3	35990	gain	sibling_only	H1	2	1	B_spannable_pairwise	CN-altered(?)	130173873=H1-2;130177466=H1-1
chr6:130906606-130930099	3	23493	gain	sibling_only	H3?,H?	2	1	A_single_molecule	CN-altered(?)	130906606=H?-2;130930099=H?-1
chr6:131758135-131804845	3	46710	gain	linear_nested	H2	2	2	B_spannable_pairwise	CN-altered(?)	131758135=H2-1;131776075=H2-1-1
chr6:134879663-134938497	3	58834	gain	sibling_only	H1	2	1	B_spannable_pairwise	CN-altered(?)	134879663=H1-1;134900895=H1-2
chr6:136213047-136229351	3	16304	gain	linear_nested	H1	2	2	A_single_molecule	CN-altered(?)	136213047=H1-1;136229351=H1-1-1
chr6:137533015-137546762	3	13747	gain	linear_nested	H2	2	2	A_single_molecule	CN-altered(?)	137533015=H2-1-1;137546762=H2-1
chr6:142747939-142760564	3	12625	gain	linear_nested	H1	2	2	A_single_molecule	CN-altered(?)	142756813=H1-1;142760564=H1-1-1
chr6:146524138-146568404	3	44266	gain	sibling_only	H3?	2	1	B_spannable_pairwise	CN-altered(?)	146561808=H3?-2;146568404=H3?-1
chr6:153227665-153288188	3	60523	gain	sibling_only	H1	2	1	B_spannable_pairwise	CN-altered(?)	153227665=H1-2;153247742=H1-1
chr6:155599321-155648496	3	49175	gain	linear_nested	H2	2	2	B_spannable_pairwise	CN-altered(?)	155599321=H2-1;155608020=H2-1-1
chr6:162361269-162364468	3	3199	loh	sibling_only	H1	2	1	A_single_molecule	yes	162361269=H1-1;162364468=H1-2
chr6:163068474-163113568	3	45094	loh	linear_nested	H2	2	2	B_spannable_pairwise	yes	163068474=H2-1;163082680=H2-1-1
chr6:164671434-164695550	3	24116	loh	linear_nested	H2	2	2	A_single_molecule	yes	164674089=H2-1-1;164695550=H2-1
chr6:165959230-165980348	3	21118	loh	sibling_only	H2	2	1	A_single_molecule	yes	165959230=H2-1;165980348=H2-2
chr6:166188122-166201633	3	13511	loh	linear_nested	H2	2	2	A_single_molecule	yes	166188122=H2-1-1;166201633=H2-1
chr6:167041641-167099369	3	57728	gain	sibling_only	H1	2	1	B_spannable_pairwise	CN-altered(?)	167076324=H1-1;167099369=H1-2
chr6:167795324-167813403	3	18079	gain	linear_nested	H2	2	2	A_single_molecule	CN-altered(?)	167811856=H2-1;167813403=H2-1-1
chr6:170159412-170207214	3	47802	gain	linear_nested	H2	2	2	B_spannable_pairwise	CN-altered(?)	170159412=H2-1-1;170178492=H2-1
chr7:5281799-5307049	3	25250	gain	sibling_only	H1	2	1	B_spannable_pairwise	CN-altered(?)	5281799=H1-1;5291553=H1-2
chr7:9271350-9315340	3	43990	gain	sibling_only	H1	2	1	B_spannable_pairwise	CN-altered(?)	9271350=H1-2;9282329=H1-1
chr7:16571714-16605287	3	33573	gain	linear_nested	H2	2	2	B_spannable_pairwise	CN-altered(?)	16571714=H2-1-1;16586879=H2-1
chr7:16802113-16815688	3	13575	gain	linear_nested	H2	2	2	B_spannable_pairwise	CN-altered(?)	16811987=H2-1-1;16815688=H2-1
chr7:27720257-27768342	3	48085	gain	sibling_only	H1	2	1	B_spannable_pairwise	CN-altered(?)	27720257=H1-2;27732889=H1-1
chr7:28699910-28724504	3	24594	gain	linear_nested	H2	2	2	B_spannable_pairwise	CN-altered(?)	28699910=H2-1-1;28699912=H2-1
chr7:31729751-31745586	3	15835	gain	linear_nested	H1	2	2	B_spannable_pairwise	CN-altered(?)	31729751=H1-1-1;31745586=H1-1
chr7:34542191-34601982	3	59791	gain	sibling_only	H1	2	1	B_spannable_pairwise	CN-altered(?)	34542191=H1-2;34558633=H1-1
chr7:35227920-35235807	3	7887	gain	linear_nested	H1	2	2	A_single_molecule	CN-altered(?)	35227920=H1-1;35235807=H1-1-1
chr7:39456465-39475498	3	19033	gain	linear_nested	H2	2	2	A_single_molecule	CN-altered(?)	39456465=H2-1;39475498=H2-1-1
chr7:46546091-46573664	3	27573	gain	linear_nested	H3?	2	2	B_spannable_pairwise	CN-altered(?)	46568719=H3?-1;46573664=H3?-1-1
chr7:49140724-49159738	3	19014	gain	linear_nested	H2	2	2	A_single_molecule	CN-altered(?)	49140724=H2-1;49151315=H2-1-1
chr7:60932483-60993149	3	60666	gain	linear_nested	H1	2	2	B_spannable_pairwise	CN-altered(?)	60981519=H1-1-1;60993149=H1-1
chr7:62803540-62842980	3	39440	gain	linear_nested	H2	2	2	B_spannable_pairwise	CN-altered(?)	62803540=H2-1;62819506=H2-1-1
chr7:66011264-66040844	3	29580	gain	linear_nested	H2	2	2	A_single_molecule	CN-altered(?)	66011264=H2-1-1;66037120=H2-1
chr7:72584661-72586503	3	1842	gain	linear_nested	H1	2	2	A_single_molecule	CN-altered(?)	72584661=H1-1;72584662=H1-1-1
chr7:72955591-72957813	3	2222	gain	linear_nested	H2	2	2	A_single_molecule	CN-altered(?)	72955592=H2-1;72957813=H2-1-1
chr7:74424897-74463705	3	38808	gain	linear_nested	H2	2	2	B_spannable_pairwise	CN-altered(?)	74424897=H2-1-1;74439772=H2-1
chr7:78854659-78857515	3	2856	gain	sibling_only	H2	2	1	A_single_molecule	CN-altered(?)	78857296=H2-1;78857515=H2-2
chr7:82346566-82388380	3	41814	gain	linear_nested	H1	2	2	B_spannable_pairwise	CN-altered(?)	82346566=H1-1;82347631=H1-1-1
chr7:82503586-82547178	3	43592	gain	linear_nested	H1	2	2	B_spannable_pairwise	CN-altered(?)	82503586=H1-1-1;82503954=H1-1
chr7:85145347-85153452	3	8105	gain	linear_nested	H1	2	2	A_single_molecule	CN-altered(?)	85147814=H1-1-1;85153452=H1-1
chr7:86093901-86120400	3	26499	gain	linear_nested	H2	2	2	A_single_molecule	CN-altered(?)	86093901=H2-1;86120400=H2-1-1
chr7:86964004-87003226	3	39222	gain	sibling_only	H1	2	1	B_spannable_pairwise	CN-altered(?)	86964004=H1-2;86967446=H1-1
chr7:94389827-94435056	3	45229	gain	linear_nested	H2	2	2	B_spannable_pairwise	CN-altered(?)	94389827=H2-1;94415892=H2-1-1
chr7:97371867-97376943	3	5076	gain	linear_nested	H1	2	2	A_single_molecule	CN-altered(?)	97371867=H1-1-1;97376943=H1-1
chr7:98921336-98953141	3	31805	gain	sibling_only	H1	2	1	B_spannable_pairwise	CN-altered(?)	98921336=H1-1;98953141=H1-2
chr7:110378808-110428055	3	49247	gain	sibling_only	H2	2	1	B_spannable_pairwise	CN-altered(?)	110416555=H2-2;110428055=H2-1
chr7:114059419-114090728	3	31309	gain	linear_nested	H3?	2	2	A_single_molecule	CN-altered(?)	114059419=H3?-1-1;114063325=H3?-1
chr7:119871787-119918175	3	46388	gain	linear_nested	H1	2	2	B_spannable_pairwise	CN-altered(?)	119917172=H1-1;119918175=H1-1-1
chr7:124696404-124744167	3	47763	gain	linear_nested	H1	2	2	B_spannable_pairwise	CN-altered(?)	124739027=H1-1;124744167=H1-1-1
chr7:126929800-126965989	3	36189	gain	linear_nested	H1	2	2	B_spannable_pairwise	CN-altered(?)	126949625=H1-1;126965989=H1-1-1
chr7:128975878-129013958	3	38080	gain	linear_nested	H3?	2	2	B_spannable_pairwise	CN-altered(?)	128975878=H3?-1-1;128975879=H3?-1
chr7:130852921-130919054	3	66133	gain	sibling_only	H2	2	1	B_spannable_pairwise	CN-altered(?)	130898621=H2-1;130919054=H2-2
chr7:135022622-135046662	3	24040	gain	linear_nested	H1	2	2	A_single_molecule	CN-altered(?)	135022622=H1-1;135036340=H1-1-1
chr7:135753041-135816626	3	63585	gain	linear_nested	H1	2	2	B_spannable_pairwise	CN-altered(?)	135753041=H1-1;135775081=H1-1-1
chr7:136265474-136325003	3	59529	gain	linear_nested	H1	2	2	B_spannable_pairwise	CN-altered(?)	136311449=H1-1;136325003=H1-1-1
chr7:141738157-141806373	3	68216	gain	sibling_only	H1	2	1	B_spannable_pairwise	CN-altered(?)	141777631=H1-1;141806373=H1-2
chr7:146555170-146561506	3	6336	gain	linear_nested	H1	2	2	A_single_molecule	CN-altered(?)	146555179=H1-1;146561506=H1-1-1
chr7:147489556-147537218	3	47662	gain	linear_nested	H2	2	2	B_spannable_pairwise	CN-altered(?)	147489556=H2-1;147493500=H2-1-1
chr7:149735216-149769987	3	34771	gain	linear_nested	H2	2	2	B_spannable_pairwise	CN-altered(?)	149748636=H2-1;149769987=H2-1-1
chr7:155506672-155550477	3	43805	gain	linear_nested	H2	2	2	B_spannable_pairwise	CN-altered(?)	155506672=H2-1-1;155513178=H2-1
chr7:156494320-156511167	3	16847	gain	linear_nested	H2	2	2	A_single_molecule	CN-altered(?)	156494320=H2-1-1;156511167=H2-1
chr8:13987667-13993995	3	6328	loh	linear_nested	H2	2	2	A_single_molecule	yes	13988962=H2-1;13993995=H2-1-1
chr8:29629190-29672744	3	43554	loh	linear_nested	H1	2	2	B_spannable_pairwise	yes	29658770=H1-1;29672744=H1-1-1
chr8:33716140-33730545	3	14405	loh	linear_nested	H2	2	2	B_spannable_pairwise	yes	33721318=H2-1;33730545=H2-1-1
chr8:35140917-35197733	3	56816	loh	linear_nested	H1	2	2	B_spannable_pairwise	yes	35140917=H1-1-1;35165478=H1-1
chr8:36888885-36911505	3	22620	loh	linear_nested	H2	2	2	B_spannable_pairwise	yes	36888885=H2-1-1;36891267=H2-1
chr8:46977749-46988982	3	11233	loh	sibling_only	H2	2	1	B_spannable_pairwise	yes	46977749=H2-1;46988982=H2-2
chr8:57690285-57734826	3	44541	loh	sibling_only	H1	2	1	B_spannable_pairwise	yes	57715904=H1-1;57734826=H1-2
chr8:59907389-59960846	3	53457	loh	sibling_only	H1	2	1	B_spannable_pairwise	yes	59948310=H1-2;59960846=H1-1
chr8:61148458-61188388	3	39930	loh	sibling_only	H1	2	1	B_spannable_pairwise	yes	61150977=H1-1;61188388=H1-2
chr8:62346175-62386080	3	39905	loh	sibling_only	H2	2	1	B_spannable_pairwise	yes	62372580=H2-1;62386080=H2-2
chr8:65214686-65253136	3	38450	gain	sibling_only	H1	2	1	B_spannable_pairwise	CN-altered(?)	65214686=H1-2;65253136=H1-1
chr8:66008229-66056127	3	47898	gain	sibling_only	H1	2	1	B_spannable_pairwise	CN-altered(?)	66033140=H1-2;66056127=H1-1
chr8:70579473-70619949	3	40476	gain	linear_nested	H2	2	2	B_spannable_pairwise	CN-altered(?)	70611356=H2-1-1;70619949=H2-1
chr8:80705248-80747966	3	42718	gain	sibling_only	H1	2	1	B_spannable_pairwise	CN-altered(?)	80741906=H1-1;80747966=H1-2
chr8:81890039-81908185	3	18146	gain	linear_nested	H2	2	2	A_single_molecule	CN-altered(?)	81890039=H2-1;81896354=H2-1-1
chr8:84636907-84676714	3	39807	gain	sibling_only	H1	2	1	B_spannable_pairwise	CN-altered(?)	84636907=H1-2;84676714=H1-1
chr8:89619503-89637367	3	17864	loh	sibling_only	H2	2	1	A_single_molecule	yes	89619503=H2-1;89630085=H2-2
chr8:90456845-90481047	3	24202	loh	linear_nested	H2	2	2	A_single_molecule	yes	90469193=H2-1;90481047=H2-1-1
chr8:90689701-90719542	3	29841	loh	sibling_only	H1	2	1	B_spannable_pairwise	yes	90689701=H1-1;90710495=H1-2
chr8:100837707-100895067	3	57360	loh	sibling_only	H2	2	1	B_spannable_pairwise	yes	100837707=H2-1;100858262=H2-2
chr8:104993940-105044322	3	50382	gain	sibling_only	H1	2	1	B_spannable_pairwise	CN-altered(?)	105031019=H1-2;105044322=H1-1
chr8:105104675-105150552	3	45877	gain	sibling_only	H1	2	1	B_spannable_pairwise	CN-altered(?)	105104675=H1-1;105111646=H1-2
chr8:106609508-106635335	3	25827	gain	linear_nested	H1	2	2	B_spannable_pairwise	CN-altered(?)	106633816=H1-1;106635335=H1-1-1
chr8:108569762-108608449	3	38687	gain	sibling_only	H2	2	1	B_spannable_pairwise	CN-altered(?)	108569762=H2-1;108572188=H2-2
chr8:110241015-110304461	3	63446	gain	linear_nested	H1	2	2	B_spannable_pairwise	CN-altered(?)	110241015=H1-1;110304461=H1-1-1
chr8:112521283-112550908	3	29625	gain	sibling_only	H1	2	1	A_single_molecule	CN-altered(?)	112521283=H1-2;112550908=H1-1
chr8:115093788-115113110	3	19322	gain	sibling_only	H1	2	1	A_single_molecule	CN-altered(?)	115106718=H1-2;115113110=H1-1
chr8:116522187-116533892	3	11705	gain	linear_nested	H2	2	2	A_single_molecule	CN-altered(?)	116522188=H2-1-1;116533892=H2-1
chr8:118339592-118353737	3	14145	gain	sibling_only	H2	2	1	A_single_molecule	CN-altered(?)	118339592=H2-2;118353737=H2-1
chr8:120129273-120164612	3	35339	gain	linear_nested	H2	2	2	B_spannable_pairwise	CN-altered(?)	120138694=H2-1-1;120164612=H2-1
chr8:121030407-121084769	3	54362	gain	sibling_only	H2	2	1	B_spannable_pairwise	CN-altered(?)	121077185=H2-1;121084769=H2-2
chr8:121465550-121486442	3	20892	gain	sibling_only	H2	2	1	A_single_molecule	CN-altered(?)	121478356=H2-2;121486442=H2-1
chr8:121609551-121667678	3	58127	gain	linear_nested	H2	2	2	B_spannable_pairwise	CN-altered(?)	121654250=H2-1;121667678=H2-1-1
chr8:127674542-127711143	3	36601	gain	sibling_only	H2	2	1	B_spannable_pairwise	CN-altered(?)	127705291=H2-2;127711143=H2-1
chr8:133523137-133556283	3	33146	gain	sibling_only	H1	2	1	B_spannable_pairwise	CN-altered(?)	133523137=H1-2;133556283=H1-1
chr8:139000750-139050650	3	49900	gain	sibling_only	H1	2	1	B_spannable_pairwise	CN-altered(?)	139040744=H1-2;139050650=H1-1
chr8:139614884-139655112	3	40228	gain	sibling_only	H1	2	1	B_spannable_pairwise	CN-altered(?)	139614884=H1-2;139630551=H1-1
chr9:569884-622136	3	52252	gain	sibling_only	H2,H?	2	1	B_spannable_pairwise	CN-altered(?)	569884=H?-2;604450=H?-1
chr9:2147617-2178269	3	30652	gain	sibling_only	H1	2	1	B_spannable_pairwise	CN-altered(?)	2147617=H1-2;2171688=H1-1
chr9:6203456-6232017	3	28561	gain	linear_nested	H1	2	2	B_spannable_pairwise	CN-altered(?)	6221024=H1-1-1;6232017=H1-1
chr9:6339493-6377686	3	38193	gain	linear_nested	H2	2	2	B_spannable_pairwise	CN-altered(?)	6339493=H2-1-1;6350925=H2-1
chr9:8054890-8112578	3	57688	gain	linear_nested	H1	2	2	B_spannable_pairwise	CN-altered(?)	8084912=H1-1-1;8112578=H1-1
chr9:24887843-24906604	3	18761	loh	linear_nested	H1	2	2	B_spannable_pairwise	yes	24887843=H1-1-1;24906604=H1-1
chr9:28572235-28577820	3	5585	loh	sibling_only	H3?	2	1	A_single_molecule	yes	28573189=H3?-2;28577820=H3?-1
chr9:29816941-29830086	3	13145	loh	linear_nested	H1	2	2	B_spannable_pairwise	yes	29828827=H1-1-1;29830086=H1-1
chr9:37504921-37549011	3	44090	loh	linear_nested	H1	2	2	B_spannable_pairwise	yes	37536781=H1-1;37549011=H1-1-1
chr9:69604386-69652458	3	48072	gain	sibling_only	H2,H?	2	1	B_spannable_pairwise	CN-altered(?)	69604386=H2-2;69630204=H2-1
chr9:72842110-72869854	3	27744	gain	linear_nested	H1	2	2	B_spannable_pairwise	CN-altered(?)	72865423=H1-1-1;72869854=H1-1
chr9:76553675-76591928	3	38253	gain	sibling_only	H1	2	1	B_spannable_pairwise	CN-altered(?)	76585103=H1-1;76591928=H1-2
chr9:80954802-81005774	3	50972	gain	sibling_only	H2	2	1	B_spannable_pairwise	CN-altered(?)	80977989=H2-1;81005774=H2-2
chr9:81949121-81992223	3	43102	gain	sibling_only	H2	2	1	B_spannable_pairwise	CN-altered(?)	81949121=H2-2;81952317=H2-1
chr9:89166178-89177520	3	11342	gain	linear_nested	H1	2	2	A_single_molecule	CN-altered(?)	89166178=H1-1-1;89177520=H1-1
chr9:95660933-95685132	3	24199	gain	linear_nested	H1	2	2	A_single_molecule	CN-altered(?)	95685131=H1-1;95685132=H1-1-1
chr9:99663637-99701997	3	38360	gain	sibling_only	H2	2	1	B_spannable_pairwise	CN-altered(?)	99663637=H2-2;99701997=H2-1
chr9:100823915-100840222	3	16307	gain	linear_nested	H2	2	2	A_single_molecule	CN-altered(?)	100823915=H2-1-1;100840222=H2-1
chr9:103998448-104002931	3	4483	gain	linear_nested	H1	2	2	A_single_molecule	CN-altered(?)	104000428=H1-1;104002931=H1-1-1
chr9:105078872-105089732	3	10860	gain	linear_nested	H1	2	2	A_single_molecule	CN-altered(?)	105078872=H1-1-1;105084757=H1-1
chr9:105412931-105424752	3	11821	gain	linear_nested	H2	2	2	B_spannable_pairwise	CN-altered(?)	105412931=H2-1-1;105412965=H2-1
chr9:106141753-106198306	3	56553	gain	linear_nested	H1	2	2	B_spannable_pairwise	CN-altered(?)	106141753=H1-1;106154500=H1-1-1
chr9:112012048-112020957	3	8909	loh	linear_nested	H1	2	2	A_single_molecule	yes	112015766=H1-1;112020957=H1-1-1
chr9:113369792-113387776	3	17984	loh	linear_nested	H1	2	2	A_single_molecule	yes	113369792=H1-1-1;113387776=H1-1
chr9:115524979-115560815	3	35836	loh	linear_nested	H3?	2	2	B_spannable_pairwise	yes	115557582=H3?-1-1;115560815=H3?-1
chr9:120814728-120874260	3	59532	loh	sibling_only	H1	2	1	B_spannable_pairwise	yes	120858191=H1-2;120874260=H1-1
chr9:123267912-123273211	3	5299	loh	linear_nested	H2	2	2	B_spannable_pairwise	yes	123273210=H2-1;123273211=H2-1-1
chr9:124807065-124816793	3	9728	loh	linear_nested	H2	2	2	A_single_molecule	yes	124807067=H2-1;124816793=H2-1-1
chr9:130414597-130453700	3	39103	gain	linear_nested	H2	2	2	B_spannable_pairwise	CN-altered(?)	130445064=H2-1-1;130453700=H2-1
chr10:2588570-2608650	3	20080	loh	linear_nested	H2	2	2	B_spannable_pairwise	yes	2591173=H2-1-1;2608650=H2-1
chr10:7289953-7316916	3	26963	loh	sibling_only	H1	2	1	A_single_molecule	yes	7289953=H1-1;7316916=H1-2
chr10:13740500-13760920	3	20420	loh	linear_nested	H2	2	2	A_single_molecule	yes	13740500=H2-1-1;13760920=H2-1
chr10:14028621-14059489	3	30868	loh	linear_nested	H2	2	2	B_spannable_pairwise	yes	14028621=H2-1-1;14059489=H2-1
chr10:17247636-17271762	3	24126	loh	linear_nested	H2	2	2	B_spannable_pairwise	yes	17247636=H2-1-1;17247637=H2-1
chr10:18645061-18680490	3	35429	loh	linear_nested	H2	2	2	B_spannable_pairwise	yes	18678330=H2-1-1;18680490=H2-1
chr10:21818749-21851978	3	33229	loh	linear_nested	H1	2	2	B_spannable_pairwise	yes	21818749=H1-1-1;21824092=H1-1
chr10:35775236-35813210	3	37974	gain	sibling_only	H2	2	1	B_spannable_pairwise	CN-altered(?)	35775236=H2-2;35803735=H2-1
chr10:37856011-37874352	3	18341	gain	linear_nested	H1	2	2	A_single_molecule	CN-altered(?)	37858179=H1-1;37874352=H1-1-1
chr10:38620074-38635637	3	15563	gain	linear_nested	H2	2	2	A_single_molecule	CN-altered(?)	38620074=H2-1;38635637=H2-1-1
chr10:52876955-52890027	3	13072	gain	linear_nested	H1	2	2	A_single_molecule	CN-altered(?)	52876955=H1-1;52879961=H1-1-1
chr10:53091128-53122279	3	31151	gain	linear_nested	H1	2	2	B_spannable_pairwise	CN-altered(?)	53121680=H1-1-1;53122279=H1-1
chr10:53227965-53256490	3	28525	gain	sibling_only	H2,H?	2	1	B_spannable_pairwise	CN-altered(?)	53230965=H2-2;53256490=H2-1
chr10:54174929-54239853	3	64924	gain	linear_nested	H2	2	2	B_spannable_pairwise	CN-altered(?)	54212115=H2-1;54239853=H2-1-1
chr10:54676460-54694397	3	17937	gain	linear_nested	H1	2	2	A_single_molecule	CN-altered(?)	54676460=H1-1;54685887=H1-1-1
chr10:57129704-57142952	3	13248	gain	linear_nested	H2	2	2	A_single_molecule	CN-altered(?)	57131492=H2-1-1;57142952=H2-1
chr10:57353319-57385992	3	32673	gain	linear_nested	H1	2	2	B_spannable_pairwise	CN-altered(?)	57375475=H1-1-1;57385992=H1-1
chr10:61534154-61562656	3	28502	loh	sibling_only	H2	2	1	B_spannable_pairwise	yes	61561654=H2-2;61562656=H2-1
chr10:66569257-66609289	3	40032	loh	linear_nested	H1	2	2	B_spannable_pairwise	yes	66569257=H1-1-1;66584164=H1-1
chr10:70493807-70515910	3	22103	loh	linear_nested	H2	2	2	A_single_molecule	yes	70514342=H2-1-1;70515910=H2-1
chr10:71415397-71468933	3	53536	loh	linear_nested	H2	2	2	B_spannable_pairwise	yes	71449116=H2-1;71468933=H2-1-1
chr10:93988809-94024847	3	36038	loh	linear_nested	H2	2	2	B_spannable_pairwise	yes	93988809=H2-1;94000842=H2-1-1
chr10:98264309-98313774	3	49465	loh	linear_nested	H2	2	2	B_spannable_pairwise	yes	98310284=H2-1-1;98313774=H2-1
chr10:100136587-100164228	3	27641	loh	sibling_only	H2	2	1	B_spannable_pairwise	yes	100136587=H2-2;100140022=H2-1
chr10:117855375-117887124	3	31749	loh	linear_nested	H1	2	2	B_spannable_pairwise	yes	117855375=H1-1-1;117859312=H1-1
chr10:120578376-120652088	3	73712	gain	linear_nested	H1	2	2	B_spannable_pairwise	CN-altered(?)	120578376=H1-1;120610070=H1-1-1
chr10:121409675-121450985	3	41310	gain	linear_nested	H2	2	2	B_spannable_pairwise	CN-altered(?)	121443163=H2-1-1;121450985=H2-1
chr10:129823817-129866323	3	42506	gain	sibling_only	H1	2	1	B_spannable_pairwise	CN-altered(?)	129860902=H1-2;129866323=H1-1
chr11:5789437-5812625	3	23188	loh	linear_nested	H1	2	2	B_spannable_pairwise	yes	5811770=H1-1;5812625=H1-1-1
chr11:14995216-15019400	3	24184	loh	linear_nested	H3?	2	2	B_spannable_pairwise	yes	15010414=H3?-1-1;15019400=H3?-1
chr11:23500090-23529398	3	29308	loh	linear_nested	H2	2	2	B_spannable_pairwise	yes	23528181=H2-1;23529398=H2-1-1
chr11:38977688-39023506	3	45818	loh	sibling_only	H1	2	1	B_spannable_pairwise	yes	38977688=H1-2;38993783=H1-1
chr11:40607132-40642015	3	34883	loh	sibling_only	H2	2	1	B_spannable_pairwise	yes	40607132=H2-2;40607906=H2-1
chr11:45648079-45676207	3	28128	loh	linear_nested	H2	2	2	B_spannable_pairwise	yes	45648079=H2-1-1;45676207=H2-1
chr11:47148591-47206596	3	58005	loh	linear_nested	H2	2	2	B_spannable_pairwise	yes	47181644=H2-1;47206596=H2-1-1
chr11:48594951-48638483	3	43532	loh	linear_nested	H2	2	2	B_spannable_pairwise	yes	48623347=H2-1;48638483=H2-1-1
chr11:49693232-49718820	3	25588	loh	linear_nested	H3?	2	2	B_spannable_pairwise	yes	49716885=H3?-1;49718820=H3?-1-1
chr11:50647128-50668590	3	21462	loh	sibling_only	H1	2	1	B_spannable_pairwise	yes	50648123=H1-1;50668590=H1-2
chr11:55214579-55222592	3	8013	gain	linear_nested	H1	2	2	A_single_molecule	CN-altered(?)	55214579=H1-1;55217977=H1-1-1
chr11:55964633-56004976	3	40343	gain	sibling_only	H2	2	1	B_spannable_pairwise	CN-altered(?)	55980814=H2-2;56004976=H2-1
chr11:56231406-56265407	3	34001	gain	linear_nested	H1	2	2	B_spannable_pairwise	CN-altered(?)	56257493=H1-1;56265407=H1-1-1
chr11:62810009-62841945	3	31936	gain	linear_nested	H1	2	2	B_spannable_pairwise	CN-altered(?)	62810009=H1-1-1;62827470=H1-1
chr11:65228379-65257975	3	29596	gain	sibling_only	H1	2	1	A_single_molecule	CN-altered(?)	65247231=H1-1;65257975=H1-2
chr11:66572419-66608098	3	35679	gain	linear_nested	H2	2	2	B_spannable_pairwise	CN-altered(?)	66572419=H2-1;66574874=H2-1-1
chr11:77213285-77252289	3	39004	loh	linear_nested	H2	2	2	B_spannable_pairwise	yes	77241828=H2-1-1;77252289=H2-1
chr11:80624059-80661695	3	37636	loh	linear_nested	H1	2	2	B_spannable_pairwise	yes	80624059=H1-1-1;80635386=H1-1
chr11:81107755-81158134	3	50379	loh	linear_nested	H2	2	2	B_spannable_pairwise	yes	81107755=H2-1-1;81158134=H2-1
chr11:87189386-87204396	3	15010	loh	linear_nested	H1	2	2	A_single_molecule	yes	87189386=H1-1;87204396=H1-1-1
chr11:92644931-92684340	3	39409	loh	linear_nested	H2	2	2	B_spannable_pairwise	yes	92682659=H2-1;92684340=H2-1-1
chr11:104128400-104158264	3	29864	loh	linear_nested	H1	2	2	A_single_molecule	yes	104139575=H1-1;104158264=H1-1-1
chr11:109325771-109334479	3	8708	loh	linear_nested	H2	2	2	A_single_molecule	yes	109325771=H2-1-1;109334479=H2-1
chr11:109762436-109788733	3	26297	loh	linear_nested	H2	2	2	B_spannable_pairwise	yes	109788142=H2-1-1;109788733=H2-1
chr11:113896780-113919377	3	22597	loh	sibling_only	H2	2	1	B_spannable_pairwise	yes	113916298=H2-1;113919377=H2-2
chr11:116291457-116316400	3	24943	loh	linear_nested	H2	2	2	B_spannable_pairwise	yes	116291457=H2-1-1;116291458=H2-1
chr11:116591185-116638669	3	47484	loh	sibling_only	H2	2	1	B_spannable_pairwise	yes	116615113=H2-2;116638669=H2-1
chr11:118046483-118080950	3	34467	loh	sibling_only	H1	2	1	B_spannable_pairwise	yes	118074388=H1-2;118080950=H1-1
chr11:119663460-119713356	3	49896	loh	linear_nested	H1	2	2	B_spannable_pairwise	yes	119663460=H1-1-1;119685784=H1-1
chr11:128802981-128853809	3	50828	loh	linear_nested	H1	2	2	B_spannable_pairwise	yes	128802981=H1-1-1;128826044=H1-1
chr11:130805184-130823355	3	18171	loh	linear_nested	H2	2	2	A_single_molecule	yes	130817532=H2-1;130823355=H2-1-1
chr12:3390899-3432834	3	41935	gain	sibling_only	H1	2	1	B_spannable_pairwise	CN-altered(?)	3423666=H1-2;3432834=H1-1
chr12:4196411-4259972	3	63561	gain	sibling_only	H1	2	1	B_spannable_pairwise	CN-altered(?)	4196411=H1-1;4222326=H1-2
chr12:4485432-4522093	3	36661	gain	linear_nested	H1	2	2	B_spannable_pairwise	CN-altered(?)	4485432=H1-1-1;4489659=H1-1
chr12:4585300-4632170	3	46870	gain	linear_nested	H1	2	2	B_spannable_pairwise	CN-altered(?)	4600800=H1-1-1;4632170=H1-1
chr12:7591320-7615206	3	23886	gain	sibling_only	H1	2	1	A_single_molecule	CN-altered(?)	7591320=H1-2;7615206=H1-1
chr12:14121726-14151988	3	30262	gain	linear_nested	H1	2	2	B_spannable_pairwise	CN-altered(?)	14134006=H1-1;14151988=H1-1-1
chr12:16651395-16676901	3	25506	gain	linear_nested	H1	2	2	A_single_molecule	CN-altered(?)	16668744=H1-1;16676901=H1-1-1
chr12:17277536-17308478	3	30942	gain	linear_nested	H1	2	2	B_spannable_pairwise	CN-altered(?)	17277536=H1-1;17287805=H1-1-1
chr12:18939411-18993314	3	53903	gain	sibling_only	H1,H?	2	1	B_spannable_pairwise	CN-altered(?)	18939411=H1-2;18971729=H1-1
chr12:19213760-19225698	3	11938	gain	linear_nested	H2	2	2	A_single_molecule	CN-altered(?)	19213760=H2-1;19213761=H2-1-1
chr12:22406216-22475838	3	69622	gain	sibling_only	H1	2	1	B_spannable_pairwise	CN-altered(?)	22449571=H1-2;22475838=H1-1
chr12:25425957-25468660	3	42703	gain	linear_nested	H1	2	2	B_spannable_pairwise	CN-altered(?)	25425957=H1-1;25468660=H1-1-1
chr12:25720033-25758134	3	38101	gain	linear_nested	H2	2	2	B_spannable_pairwise	CN-altered(?)	25720033=H2-1;25752212=H2-1-1
chr12:26910653-26915258	3	4605	gain	linear_nested	H1	2	2	A_single_molecule	CN-altered(?)	26910653=H1-1-1;26914766=H1-1
chr12:28680766-28706754	3	25988	gain	linear_nested	H1	2	2	A_single_molecule	CN-altered(?)	28680766=H1-1-1;28706754=H1-1
chr12:28805597-28818283	3	12686	gain	sibling_only	H1	2	1	A_single_molecule	CN-altered(?)	28805597=H1-2;28811081=H1-1
chr12:29104669-29138334	3	33665	gain	linear_nested	H2	2	2	B_spannable_pairwise	CN-altered(?)	29129730=H2-1-1;29138334=H2-1
chr12:31483690-31496336	3	12646	gain	sibling_only	H1	2	1	A_single_molecule	CN-altered(?)	31483690=H1-2;31496336=H1-1
chr12:46027215-46051667	3	24452	loh	linear_nested	H1	2	2	B_spannable_pairwise	yes	46027215=H1-1;46028332=H1-1-1
chr12:48752868-48782541	3	29673	loh	linear_nested	H1	2	2	B_spannable_pairwise	yes	48752868=H1-1-1;48782541=H1-1
chr12:62486255-62543617	3	57362	loh	linear_nested	H1	2	2	B_spannable_pairwise	yes	62531564=H1-1;62543617=H1-1-1
chr12:63020062-63048072	3	28010	loh	sibling_only	H1,H?	2	1	B_spannable_pairwise	yes	63020062=H?-1;63048072=H?-2
chr12:63924916-63929721	3	4805	loh	linear_nested	H1	2	2	B_spannable_pairwise	yes	63928118=H1-1;63929721=H1-1-1
chr12:66178439-66180098	3	1659	loh	linear_nested	H2	2	2	A_single_molecule	yes	66178439=H2-1;66180098=H2-1-1
chr12:75441562-75485237	3	43675	loh	linear_nested	H2	2	2	B_spannable_pairwise	yes	75476293=H2-1;75485237=H2-1-1
chr12:77758151-77763339	3	5188	loh	linear_nested	H1	2	2	A_single_molecule	yes	77758151=H1-1-1;77763339=H1-1
chr12:81274393-81312084	3	37691	loh	linear_nested	H1	2	2	B_spannable_pairwise	yes	81274393=H1-1;81274400=H1-1-1
chr12:81606341-81650507	3	44166	loh	sibling_only	H?	2	1	B_spannable_pairwise	yes	81647659=H?-2;81650507=H?-1
chr12:86372617-86392182	3	19565	loh	linear_nested	H2	2	2	A_single_molecule	yes	86372617=H2-1;86392182=H2-1-1
chr12:93124734-93190000	3	65266	loh	sibling_only	H1	2	1	B_spannable_pairwise	yes	93124734=H1-1;93143855=H1-2
chr12:93412698-93420867	3	8169	loh	linear_nested	H1	2	2	B_spannable_pairwise	yes	93414931=H1-1;93420867=H1-1-1
chr12:97036546-97072466	3	35920	loh	linear_nested	H1	2	2	B_spannable_pairwise	yes	97067676=H1-1-1;97072466=H1-1
chr12:106057956-106101322	3	43366	loh	linear_nested	H2	2	2	B_spannable_pairwise	yes	106057956=H2-1-1;106066126=H2-1
chr12:117247873-117277874	3	30001	loh	linear_nested	H2	2	2	B_spannable_pairwise	yes	117247873=H2-1-1;117277874=H2-1
chr12:126467091-126488028	3	20937	loh	linear_nested	H2	2	2	A_single_molecule	yes	126488027=H2-1;126488028=H2-1-1
chr13:19628604-19698232	3	69628	gain	linear_nested	H2	2	2	B_spannable_pairwise	CN-altered(?)	19675046=H2-1-1;19698232=H2-1
chr13:20558967-20572592	3	13625	gain	linear_nested	H1	2	2	A_single_molecule	CN-altered(?)	20563009=H1-1;20572592=H1-1-1
chr13:21328785-21346145	3	17360	gain	linear_nested	H2	2	2	A_single_molecule	CN-altered(?)	21328785=H2-1-1;21346145=H2-1
chr13:22490866-22547132	3	56266	gain	sibling_only	H?	2	1	B_spannable_pairwise	CN-altered(?)	22526830=H?-1;22547132=H?-2
chr13:22961536-22973017	3	11481	gain	sibling_only	H2	2	1	A_single_molecule	CN-altered(?)	22968099=H2-1;22973017=H2-2
chr13:28920863-28990627	3	69764	gain	sibling_only	H?	2	1	B_spannable_pairwise	CN-altered(?)	28963617=H?-1;28990627=H?-2
chr13:38177067-38219478	3	42411	gain	linear_nested	H2	2	2	B_spannable_pairwise	CN-altered(?)	38205824=H2-1-1;38219478=H2-1
chr13:42844361-42903895	3	59534	gain	linear_nested	H1	2	2	B_spannable_pairwise	CN-altered(?)	42881025=H1-1;42903895=H1-1-1
chr13:46398542-46420091	3	21549	gain	linear_nested	H1	2	2	A_single_molecule	CN-altered(?)	46398542=H1-1-1;46417522=H1-1
chr13:46797128-46855575	3	58447	gain	linear_nested	H2	2	2	B_spannable_pairwise	CN-altered(?)	46834690=H2-1-1;46855575=H2-1
chr13:47342845-47368011	3	25166	gain	sibling_only	H1	2	1	A_single_molecule	CN-altered(?)	47347140=H1-2;47368011=H1-1
chr13:68475804-68502239	3	26435	loh	linear_nested	H1	2	2	B_spannable_pairwise	yes	68502227=H1-1-1;68502239=H1-1
chr13:68621901-68664168	3	42267	loh	linear_nested	H1	2	2	B_spannable_pairwise	yes	68621901=H1-1-1;68643162=H1-1
chr13:69719616-69757715	3	38099	loh	linear_nested	H2	2	2	B_spannable_pairwise	yes	69719616=H2-1;69724685=H2-1-1
chr13:70676817-70720289	3	43472	loh	sibling_only	H2	2	1	B_spannable_pairwise	yes	70676817=H2-1;70686041=H2-2
chr13:86145243-86155140	3	9897	loh	linear_nested	H2	2	2	A_single_molecule	yes	86145243=H2-1;86155140=H2-1-1
chr13:105769759-105804073	3	34314	loh	linear_nested	H1	2	2	B_spannable_pairwise	yes	105790472=H1-1;105804073=H1-1-1
chr14:26673038-26685310	3	12272	gain	linear_nested	H2	2	2	A_single_molecule	CN-altered(?)	26673039=H2-1;26685310=H2-1-1
chr14:27837959-27848070	3	10111	gain	linear_nested	H1	2	2	A_single_molecule	CN-altered(?)	27840503=H1-1;27848070=H1-1-1
chr14:28344936-28375511	3	30575	gain	linear_nested	H1	2	2	B_spannable_pairwise	CN-altered(?)	28375352=H1-1;28375511=H1-1-1
chr14:29261416-29263853	3	2437	gain	linear_nested	H2	2	2	A_single_molecule	CN-altered(?)	29261416=H2-1-1;29263853=H2-1
chr14:30255718-30257424	3	1706	gain	linear_nested	H2	2	2	A_single_molecule	CN-altered(?)	30256130=H2-1-1;30257424=H2-1
chr14:44466250-44511516	3	45266	loh	linear_nested	H2	2	2	B_spannable_pairwise	yes	44466250=H2-1-1;44511516=H2-1
chr14:48777351-48816088	3	38737	gain	sibling_only	H2	2	1	B_spannable_pairwise	CN-altered(?)	48777351=H2-1;48816088=H2-2
chr14:51968123-51983777	3	15654	gain	sibling_only	H1	2	1	A_single_molecule	CN-altered(?)	51968123=H1-1;51983777=H1-2
chr14:54281683-54362993	3	81310	gain	linear_nested	H2	2	2	C_chained_statistical	CN-altered(?)	54281683=H2-1-1;54317245=H2-1
chr14:56857818-56894542	3	36724	gain	sibling_only	H2	2	1	B_spannable_pairwise	CN-altered(?)	56857818=H2-1;56888037=H2-2
chr14:72069843-72118121	3	48278	loh	linear_nested	H2	2	2	B_spannable_pairwise	yes	72108010=H2-1-1;72118121=H2-1
chr14:72508217-72553220	3	45003	loh	linear_nested	H2	2	2	B_spannable_pairwise	yes	72508217=H2-1;72525304=H2-1-1
chr14:74941125-74983867	3	42742	loh	linear_nested	H1	2	2	B_spannable_pairwise	yes	74941125=H1-1-1;74941511=H1-1
chr14:77854696-77895067	3	40371	gain	linear_nested	H2	2	2	B_spannable_pairwise	CN-altered(?)	77880158=H2-1-1;77895067=H2-1
chr14:86049905-86111357	3	61452	gain	linear_nested	H1	2	2	B_spannable_pairwise	CN-altered(?)	86079927=H1-1-1;86111357=H1-1
chr14:90524913-90578398	3	53485	gain	sibling_only	H2	2	1	B_spannable_pairwise	CN-altered(?)	90524913=H2-2;90542056=H2-1
chr14:92735704-92755461	3	19757	gain	linear_nested	H1	2	2	A_single_molecule	CN-altered(?)	92735704=H1-1;92755461=H1-1-1
chr14:94463232-94509427	3	46195	gain	linear_nested	H2	2	2	B_spannable_pairwise	CN-altered(?)	94463232=H2-1;94468110=H2-1-1
chr14:97614732-97639787	3	25055	gain	linear_nested	H2	2	2	A_single_molecule	CN-altered(?)	97634819=H2-1-1;97639787=H2-1
chr15:37647191-37668656	3	21465	loh	sibling_only	H2	2	1	B_spannable_pairwise	yes	37647191=H2-2;37668656=H2-1
chr15:39562709-39599361	3	36652	loh	sibling_only	H?	2	1	B_spannable_pairwise	yes	39595303=H?-2;39599361=H?-1
chr15:53919103-53945877	3	26774	loh	sibling_only	H2	2	1	B_spannable_pairwise	yes	53919103=H2-2;53922214=H2-1
chr15:56757464-56795903	3	38439	gain	linear_nested	H2	2	2	B_spannable_pairwise	CN-altered(?)	56757464=H2-1;56795903=H2-1-1
chr15:57574736-57621786	3	47050	gain	linear_nested	H1	2	2	B_spannable_pairwise	CN-altered(?)	57596743=H1-1;57621786=H1-1-1
chr15:59308982-59349990	3	41008	gain	linear_nested	H1	2	2	B_spannable_pairwise	CN-altered(?)	59338131=H1-1;59349990=H1-1-1
chr15:61524069-61572370	3	48301	gain	linear_nested	H1	2	2	B_spannable_pairwise	CN-altered(?)	61524069=H1-1;61537519=H1-1-1
chr15:63482790-63525323	3	42533	gain	linear_nested	H2	2	2	B_spannable_pairwise	CN-altered(?)	63504371=H2-1;63525323=H2-1-1
chr15:67823497-67894091	3	70594	gain	linear_nested	H1	2	2	B_spannable_pairwise	CN-altered(?)	67823497=H1-1;67848837=H1-1-1
chr15:68728095-68745820	3	17725	gain	linear_nested	H1	2	2	A_single_molecule	CN-altered(?)	68728095=H1-1;68745820=H1-1-1
chr15:75795264-75830071	3	34807	gain	linear_nested	H1	2	2	B_spannable_pairwise	CN-altered(?)	75825142=H1-1;75830071=H1-1-1
chr15:76909025-76965642	3	56617	gain	linear_nested	H1	2	2	B_spannable_pairwise	CN-altered(?)	76909025=H1-1-1;76927651=H1-1
chr15:80635919-80689674	3	53755	gain	linear_nested	H2	2	2	B_spannable_pairwise	CN-altered(?)	80635919=H2-1-1;80654128=H2-1
chr15:86998827-87011172	3	12345	gain	sibling_only	H1	2	1	A_single_molecule	CN-altered(?)	87008007=H1-2;87011172=H1-1
chr15:88484100-88500135	3	16035	gain	linear_nested	H1	2	2	A_single_molecule	CN-altered(?)	88484100=H1-1-1;88492364=H1-1
chr15:94105522-94169531	3	64009	gain	sibling_only	H1	2	1	B_spannable_pairwise	CN-altered(?)	94148000=H1-2;94169531=H1-1
chr15:97519287-97547722	3	28435	gain	linear_nested	H2	2	2	B_spannable_pairwise	CN-altered(?)	97542230=H2-1-1;97547722=H2-1
chr15:100187404-100222368	3	34964	gain	sibling_only	H3?	2	1	B_spannable_pairwise	CN-altered(?)	100187404=H3?-2;100189160=H3?-1
chr16:4950778-4967470	3	16692	gain	linear_nested	H2	2	2	A_single_molecule	CN-altered(?)	4950778=H2-1-1;4967470=H2-1
chr16:6630123-6657428	3	27305	gain	linear_nested	H2	2	2	B_spannable_pairwise	CN-altered(?)	6630123=H2-1-1;6644910=H2-1
chr16:6807630-6823644	3	16014	gain	linear_nested	H2	2	2	A_single_molecule	CN-altered(?)	6817519=H2-1;6823644=H2-1-1
chr16:9673602-9692933	3	19331	gain	linear_nested	H2	2	2	A_single_molecule	CN-altered(?)	9673602=H2-1;9684324=H2-1-1
chr16:13840475-13882400	3	41925	gain	linear_nested	H1	2	2	B_spannable_pairwise	CN-altered(?)	13866459=H1-1-1;13882400=H1-1
chr16:14088489-14136410	3	47921	gain	sibling_only	H3?	2	1	B_spannable_pairwise	CN-altered(?)	14088489=H3?-2;14129532=H3?-1
chr16:17520408-17539260	3	18852	gain	linear_nested	H2	2	2	A_single_molecule	CN-altered(?)	17520408=H2-1;17528882=H2-1-1
chr16:18561599-18598936	3	37337	gain	linear_nested	H2	2	2	B_spannable_pairwise	CN-altered(?)	18598275=H2-1;18598936=H2-1-1
chr16:20336897-20363274	3	26377	gain	sibling_only	H2	2	1	A_single_molecule	CN-altered(?)	20336897=H2-2;20363274=H2-1
chr16:21503957-21529897	3	25940	gain	sibling_only	H1	2	1	A_single_molecule	CN-altered(?)	21512792=H1-1;21529897=H1-2
chr16:24613651-24666662	3	53011	gain	linear_nested	H1	2	2	B_spannable_pairwise	CN-altered(?)	24613651=H1-1-1;24639847=H1-1
chr16:25391504-25420826	3	29322	gain	linear_nested	H2	2	2	B_spannable_pairwise	CN-altered(?)	25391504=H2-1;25411957=H2-1-1
chr17:2573452-2630643	3	57191	gain	sibling_only	H2	2	1	B_spannable_pairwise	CN-altered(?)	2573452=H2-1;2591070=H2-2
chr17:10433923-10499041	3	65118	gain	linear_nested	H2	2	2	B_spannable_pairwise	CN-altered(?)	10433923=H2-1-1;10458737=H2-1
chr17:10756365-10803275	3	46910	gain	linear_nested	H2	2	2	B_spannable_pairwise	CN-altered(?)	10791354=H2-1-1;10803275=H2-1
chr17:13378006-13437493	3	59487	gain	sibling_only	H1	2	1	B_spannable_pairwise	CN-altered(?)	13405802=H1-2;13437493=H1-1
chr17:14839937-14868350	3	28413	gain	sibling_only	H2	2	1	A_single_molecule	CN-altered(?)	14866301=H2-1;14868350=H2-2
chr17:15217012-15268790	3	51778	gain	linear_nested	H2	2	2	B_spannable_pairwise	CN-altered(?)	15217012=H2-1;15236225=H2-1-1
chr17:19603780-19636877	3	33097	loh	sibling_only	H2,H?	2	1	B_spannable_pairwise	yes	19603780=H2-1;19636877=H2-2
chr17:19953933-20004751	3	50818	loh	linear_nested	H2	2	2	B_spannable_pairwise	yes	19987526=H2-1-1;20004751=H2-1
chr17:28871673-28911319	3	39646	loh	sibling_only	H1	2	1	B_spannable_pairwise	yes	28900021=H1-1;28911319=H1-2
chr17:47717982-47758333	3	40351	loh	sibling_only	H1	2	1	B_spannable_pairwise	yes	47717982=H1-1;47739172=H1-2
chr17:51866238-51881297	3	15059	loh	sibling_only	H1	2	1	A_single_molecule	yes	51876173=H1-1;51881297=H1-2
chr17:60400078-60432982	3	32904	loh	linear_nested	H1	2	2	B_spannable_pairwise	yes	60426960=H1-1-1;60432982=H1-1
chr17:64674756-64723539	3	48783	loh	linear_nested	H2	2	2	B_spannable_pairwise	yes	64674756=H2-1-1;64685557=H2-1
chr17:66811796-66850168	3	38372	loh	sibling_only	H2	2	1	B_spannable_pairwise	yes	66811796=H2-1;66823984=H2-2
chr17:72008716-72073615	3	64899	gain	sibling_only	H2	2	1	B_spannable_pairwise	CN-altered(?)	72044253=H2-2;72073615=H2-1
chr17:76960668-76995268	3	34600	gain	linear_nested	H1	2	2	B_spannable_pairwise	CN-altered(?)	76972469=H1-1-1;76995268=H1-1
chr17:80976327-81013920	3	37593	gain	sibling_only	H1	2	1	B_spannable_pairwise	CN-altered(?)	81012836=H1-2;81013920=H1-1
chr17:82593283-82600290	3	7007	loh	sibling_only	H2	2	1	A_single_molecule	yes	82593283=H2-2;82600290=H2-1
chr18:1375399-1397113	3	21714	loh	linear_nested	H2	2	2	B_spannable_pairwise	yes	1390394=H2-1;1397113=H2-1-1
chr18:3006646-3050921	3	44275	loh	linear_nested	H1	2	2	B_spannable_pairwise	yes	3028840=H1-1;3050921=H1-1-1
chr18:3952358-3988561	3	36203	loh	sibling_only	H2,H?	2	1	B_spannable_pairwise	yes	3974498=H?-1;3988561=H?-2
chr18:10628959-10670330	3	41371	loh	linear_nested	H1	2	2	B_spannable_pairwise	yes	10665932=H1-1;10670330=H1-1-1
chr18:11696569-11741161	3	44592	gain	linear_nested	H1	2	2	B_spannable_pairwise	CN-altered(?)	11696569=H1-1-1;11726454=H1-1
chr18:15051112-15064233	3	13121	gain	linear_nested	H2	2	2	A_single_molecule	CN-altered(?)	15052851=H2-1-1;15064233=H2-1
chr18:22122195-22157843	3	35648	gain	linear_nested	H1	2	2	B_spannable_pairwise	CN-altered(?)	22122195=H1-1-1;22150097=H1-1
chr18:23489512-23493873	3	4361	gain	sibling_only	H1	2	1	A_single_molecule	CN-altered(?)	23493781=H1-1;23493873=H1-2
chr18:30717892-30754766	3	36874	gain	linear_nested	H1	2	2	B_spannable_pairwise	CN-altered(?)	30717892=H1-1-1;30734258=H1-1
chr18:39831225-39851441	3	20216	gain	linear_nested	H2	2	2	B_spannable_pairwise	CN-altered(?)	39838366=H2-1-1;39851441=H2-1
chr18:40401110-40450421	3	49311	gain	sibling_only	H2	2	1	B_spannable_pairwise	CN-altered(?)	40448973=H2-1;40450421=H2-2
chr18:43846261-43898224	3	51963	gain	linear_nested	H1	2	2	B_spannable_pairwise	CN-altered(?)	43884518=H1-1;43898224=H1-1-1
chr18:48562244-48601222	3	38978	gain	linear_nested	H1	2	2	B_spannable_pairwise	CN-altered(?)	48562244=H1-1;48567841=H1-1-1
chr18:48924826-48975419	3	50593	gain	linear_nested	H1	2	2	B_spannable_pairwise	CN-altered(?)	48924826=H1-1;48975419=H1-1-1
chr18:53496760-53523904	3	27144	gain	sibling_only	H2	2	1	A_single_molecule	CN-altered(?)	53523665=H2-1;53523904=H2-2
chr18:56671115-56689430	3	18315	gain	linear_nested	H1	2	2	A_single_molecule	CN-altered(?)	56671115=H1-1;56671138=H1-1-1
chr18:57903889-57967995	3	64106	gain	sibling_only	H?	2	1	B_spannable_pairwise	CN-altered(?)	57903889=H?-2;57926714=H?-1
chr19:3086048-3123263	3	37215	loh	linear_nested	H1	2	2	B_spannable_pairwise	yes	3102316=H1-1-1;3123263=H1-1
chr19:11395823-11429451	3	33628	loh	linear_nested	H1	2	2	B_spannable_pairwise	yes	11403084=H1-1;11429451=H1-1-1
chr19:22122826-22152374	3	29548	gain	linear_nested	H1	2	2	B_spannable_pairwise	CN-altered(?)	22141605=H1-1-1;22152374=H1-1
chr19:27387898-27440418	3	52520	gain	sibling_only	H1	2	1	B_spannable_pairwise	CN-altered(?)	27387898=H1-2;27409107=H1-1
chr19:29821464-29857938	3	36474	gain	linear_nested	H1	2	2	B_spannable_pairwise	CN-altered(?)	29848753=H1-1;29857938=H1-1-1
chr19:31097596-31137755	3	40159	gain	sibling_only	H1	2	1	B_spannable_pairwise	CN-altered(?)	31097596=H1-2;31128450=H1-1
chr19:34728877-34757624	3	28747	gain	linear_nested	H1	2	2	B_spannable_pairwise	CN-altered(?)	34728877=H1-1;34756909=H1-1-1
chr19:35173371-35198026	3	24655	gain	linear_nested	H1	2	2	A_single_molecule	CN-altered(?)	35181159=H1-1-1;35198026=H1-1
chr19:36978020-37003263	3	25243	gain	sibling_only	H1	2	1	A_single_molecule	CN-altered(?)	36978020=H1-1;36998705=H1-2
chr19:44784709-44850535	3	65826	loh	linear_nested	H1	2	2	B_spannable_pairwise	yes	44828858=H1-1-1;44850535=H1-1
chr19:49182562-49214174	3	31612	loh	sibling_only	H1,H?	2	1	B_spannable_pairwise	yes	49194097=H?-1;49214174=H?-2
chr19:58289943-58334477	3	44534	loh	sibling_only	H2	2	1	B_spannable_pairwise	yes	58321963=H2-2;58334477=H2-1
chr20:1877968-1930614	3	52646	gain	sibling_only	H2	2	1	B_spannable_pairwise	CN-altered(?)	1877968=H2-1;1910122=H2-2
chr20:4873063-4890670	3	17607	gain	linear_nested	H1	2	2	A_single_molecule	CN-altered(?)	4873064=H1-1-1;4890670=H1-1
chr20:5344334-5360791	3	16457	gain	linear_nested	H1	2	2	A_single_molecule	CN-altered(?)	5344334=H1-1;5360791=H1-1-1
chr20:13192254-13255261	3	63007	gain	linear_nested	H2	2	2	B_spannable_pairwise	CN-altered(?)	13192254=H2-1-1;13212434=H2-1
chr20:15585359-15631889	3	46530	gain	linear_nested	H2	2	2	B_spannable_pairwise	CN-altered(?)	15585359=H2-1-1;15593668=H2-1
chr20:17234174-17247549	3	13375	gain	linear_nested	H1	2	2	A_single_molecule	CN-altered(?)	17239300=H1-1;17247549=H1-1-1
chr20:17892732-17940286	3	47554	gain	linear_nested	H1	2	2	B_spannable_pairwise	CN-altered(?)	17925266=H1-1;17940286=H1-1-1
chr20:18750759-18768516	3	17757	gain	sibling_only	H1,H?	2	1	A_single_molecule	CN-altered(?)	18750759=H?-1;18768516=H?-2
chr20:25734430-25760155	3	25725	gain	linear_nested	H2	2	2	B_spannable_pairwise	CN-altered(?)	25734430=H2-1-1;25755531=H2-1
chr20:32790785-32821681	3	30896	gain	linear_nested	H1	2	2	A_single_molecule	CN-altered(?)	32805541=H1-1-1;32821681=H1-1
chr20:38564955-38619383	3	54428	gain	linear_nested	H1	2	2	B_spannable_pairwise	CN-altered(?)	38564955=H1-1-1;38600638=H1-1
chr20:41161311-41165772	3	4461	gain	linear_nested	H2	2	2	A_single_molecule	CN-altered(?)	41161311=H2-1;41164014=H2-1-1
chr20:42204267-42242481	3	38214	gain	linear_nested	H1	2	2	B_spannable_pairwise	CN-altered(?)	42239709=H1-1;42242481=H1-1-1
chr20:45155037-45187242	3	32205	gain	linear_nested	H2	2	2	B_spannable_pairwise	CN-altered(?)	45155037=H2-1;45168306=H2-1-1
chr20:49394395-49402753	3	8358	gain	linear_nested	H2	2	2	A_single_molecule	CN-altered(?)	49394395=H2-1-1;49399218=H2-1
chr20:49780236-49807219	3	26983	gain	sibling_only	H1	2	1	A_single_molecule	CN-altered(?)	49800400=H1-1;49807219=H1-2
chr20:57427874-57445110	3	17236	gain	linear_nested	H2	2	2	A_single_molecule	CN-altered(?)	57427874=H2-1-1;57431464=H2-1
chr20:63694680-63711186	3	16506	gain	sibling_only	H2	2	1	A_single_molecule	CN-altered(?)	63694680=H2-1;63711186=H2-2
chr21:10004846-10022977	3	18131	neutral	sibling_only	H1	2	1	A_single_molecule	yes	10004846=H1-2;10022977=H1-1
chr21:13850924-13896535	3	45611	neutral	sibling_only	H2,H?	2	1	B_spannable_pairwise	yes	13850924=H?-1;13878784=H?-2
chr21:16041434-16075810	3	34376	neutral	linear_nested	H2	2	2	B_spannable_pairwise	yes	16075809=H2-1;16075810=H2-1-1
chr21:22306211-22315240	3	9029	neutral	linear_nested	H1	2	2	A_single_molecule	yes	22306211=H1-1-1;22306219=H1-1
chr21:25405284-25439535	3	34251	neutral	linear_nested	H2	2	2	B_spannable_pairwise	yes	25425213=H2-1;25439535=H2-1-1
chr21:33061885-33098824	3	36939	neutral	linear_nested	H2	2	2	B_spannable_pairwise	yes	33098488=H2-1;33098824=H2-1-1
chr21:42122643-42131981	3	9338	neutral	sibling_only	H2,H?	2	1	A_single_molecule	yes	42124920=H2-2;42131981=H2-1
chr22:22521059-22574215	3	53156	loh	sibling_only	H?	2	1	B_spannable_pairwise	yes	22554937=H?-2;22574215=H?-1
chr22:23751344-23802508	3	51164	gain	linear_nested	H2	2	2	B_spannable_pairwise	CN-altered(?)	23751344=H2-1-1;23765262=H2-1
chr22:24843639-24882439	3	38800	gain	sibling_only	H2	2	1	B_spannable_pairwise	CN-altered(?)	24843639=H2-1;24860052=H2-2
chr22:27151198-27193311	3	42113	gain	linear_nested	H1	2	2	B_spannable_pairwise	CN-altered(?)	27186978=H1-1-1;27193311=H1-1
chr22:32153942-32198763	3	44821	gain	linear_nested	H2	2	2	B_spannable_pairwise	CN-altered(?)	32178836=H2-1;32198763=H2-1-1
chr22:45676667-45754664	3	77997	gain	sibling_only	H2	2	1	C_chained_statistical	CN-altered(?)	45676667=H2-2;45707496=H2-1
chr22:46814335-46847144	3	32809	gain	linear_nested	H2	2	2	B_spannable_pairwise	CN-altered(?)	46814335=H2-1;46814336=H2-1-1
chr1:1574734-1594511	2	19777	loh	sibling_only	H2	2	1	B_spannable_pairwise	yes	1574734=H2-1;1594511=H2-2
chr1:4197610-4216895	2	19285	loh	linear_nested	H2	2	2	A_single_molecule	yes	4197610=H2-1;4216895=H2-1-1
chr1:5816053-5816054	2	1	loh	linear_nested	H1	2	2	A_single_molecule	yes	5816053=H1-1-1;5816054=H1-1
chr1:6180744-6202793	2	22049	loh	linear_nested	H1	2	2	B_spannable_pairwise	yes	6180744=H1-1;6202793=H1-1-1
chr1:6740860-6754743	2	13883	loh	sibling_only	H1	2	1	A_single_molecule	yes	6740860=H1-2;6754743=H1-1
chr1:6975198-6990807	2	15609	loh	linear_nested	H1	2	2	B_spannable_pairwise	yes	6975198=H1-1;6990807=H1-1-1
chr1:8678694-8699997	2	21303	loh	linear_nested	H2	2	2	B_spannable_pairwise	yes	8678694=H2-1-1;8699997=H2-1
chr1:9095521-9095522	2	1	loh	linear_nested	H1	2	2	A_single_molecule	yes	9095521=H1-1-1;9095522=H1-1
chr1:11078021-11082211	2	4190	gain	linear_nested	H2	2	2	A_single_molecule	CN-altered(?)	11078021=H2-1;11082211=H2-1-1
chr1:11387326-11395895	2	8569	gain	linear_nested	H1	2	2	A_single_molecule	CN-altered(?)	11387326=H1-1-1;11395895=H1-1
chr1:14190787-14226430	2	35643	gain	linear_nested	H1	2	2	B_spannable_pairwise	CN-altered(?)	14190787=H1-1;14226430=H1-1-1
chr1:15608667-15608668	2	1	gain	linear_nested	H1	2	2	A_single_molecule	CN-altered(?)	15608667=H1-1;15608668=H1-1-1
chr1:23522118-23549074	2	26956	gain	linear_nested	H2	2	2	A_single_molecule	CN-altered(?)	23522118=H2-1;23549074=H2-1-1
chr1:24630300-24635403	2	5103	gain	sibling_only	H2	2	1	A_single_molecule	CN-altered(?)	24630300=H2-1;24635403=H2-2
chr1:33540012-33567887	2	27875	gain	linear_nested	H2	2	2	A_single_molecule	CN-altered(?)	33540012=H2-1-1;33567887=H2-1
chr1:35448200-35452497	2	4297	gain	linear_nested	H2	2	2	A_single_molecule	CN-altered(?)	35448200=H2-1-1;35452497=H2-1
chr1:36176447-36179728	2	3281	gain	linear_nested	H1	2	2	A_single_molecule	CN-altered(?)	36176447=H1-1;36179728=H1-1-1
chr1:37044956-37068439	2	23483	neutral	linear_nested	H1	2	2	B_spannable_pairwise	yes	37044956=H1-1-1;37068439=H1-1
chr1:37368770-37369340	2	570	loh	linear_nested	H1	2	2	A_single_molecule	yes	37368770=H1-1-1;37369340=H1-1
chr1:38334649-38349190	2	14541	loh	sibling_only	H?	2	1	B_spannable_pairwise	yes	38334649=H?-1;38349190=H?-2
chr1:39189499-39195231	2	5732	loh	sibling_only	H1	2	1	A_single_molecule	yes	39189499=H1-1;39195231=H1-2
chr1:40284533-40308605	2	24072	loh	linear_nested	H1	2	2	B_spannable_pairwise	yes	40284533=H1-1-1;40308605=H1-1
chr1:40786498-40805757	2	19259	gain	sibling_only	H1	2	1	A_single_molecule	CN-altered(?)	40786498=H1-2;40805757=H1-1
chr1:42179175-42181829	2	2654	gain	sibling_only	H1	2	1	A_single_molecule	CN-altered(?)	42179175=H1-1;42181829=H1-2
chr1:44381952-44403147	2	21195	gain	sibling_only	H2	2	1	B_spannable_pairwise	CN-altered(?)	44381952=H2-2;44403147=H2-1
chr1:46152724-46159490	2	6766	gain	linear_nested	H2	2	2	A_single_molecule	CN-altered(?)	46152724=H2-1;46159490=H2-1-1
chr1:46286843-46322096	2	35253	gain	sibling_only	H2	2	1	B_spannable_pairwise	CN-altered(?)	46286843=H2-1;46322096=H2-2
chr1:49662573-49667604	2	5031	gain	sibling_only	H2	2	1	A_single_molecule	CN-altered(?)	49662573=H2-1;49667604=H2-2
chr1:50150366-50172549	2	22183	gain	sibling_only	H2	2	1	A_single_molecule	CN-altered(?)	50150366=H2-2;50172549=H2-1
chr1:50707950-50709523	2	1573	gain	sibling_only	H1	2	1	A_single_molecule	CN-altered(?)	50707950=H1-2;50709523=H1-1
chr1:51604543-51618265	2	13722	gain	linear_nested	H1	2	2	A_single_molecule	CN-altered(?)	51604543=H1-1-1;51618265=H1-1
chr1:51797497-51804463	2	6966	gain	linear_nested	H1	2	2	A_single_molecule	CN-altered(?)	51797497=H1-1;51804463=H1-1-1
chr1:55395827-55412239	2	16412	loh	sibling_only	H2	2	1	A_single_molecule	yes	55395827=H2-1;55412239=H2-2
chr1:57126357-57134064	2	7707	loh	linear_nested	H1	2	2	A_single_molecule	yes	57126357=H1-1;57134064=H1-1-1
chr1:58061351-58061920	2	569	loh	linear_nested	H1	2	2	A_single_molecule	yes	58061351=H1-1;58061920=H1-1-1
chr1:58876875-58900595	2	23720	loh	sibling_only	H1	2	1	A_single_molecule	yes	58876875=H1-2;58900595=H1-1
chr1:59186193-59188830	2	2637	loh	sibling_only	H1	2	1	A_single_molecule	yes	59186193=H1-1;59188830=H1-2
chr1:59858483-59888455	2	29972	loh	sibling_only	H2	2	1	B_spannable_pairwise	yes	59858483=H2-1;59888455=H2-2
chr1:63127902-63138828	2	10926	loh	linear_nested	H1	2	2	A_single_molecule	yes	63127902=H1-1;63138828=H1-1-1
chr1:64399552-64420373	2	20821	loh	sibling_only	H1	2	1	A_single_molecule	yes	64399552=H1-1;64420373=H1-2
chr1:65938816-65944395	2	5579	loh	linear_nested	H2	2	2	A_single_molecule	yes	65938816=H2-1;65944395=H2-1-1
chr1:66491091-66506467	2	15376	loh	linear_nested	H2	2	2	A_single_molecule	yes	66491091=H2-1;66506467=H2-1-1
chr1:66767052-66774696	2	7644	loh	sibling_only	H2	2	1	A_single_molecule	yes	66767052=H2-1;66774696=H2-2
chr1:68837418-68849100	2	11682	loh	linear_nested	H2	2	2	A_single_molecule	yes	68837418=H2-1-1;68849100=H2-1
chr1:69391306-69396161	2	4855	loh	sibling_only	H2	2	1	A_single_molecule	yes	69391306=H2-1;69396161=H2-2
chr1:76677265-76696659	2	19394	loh	sibling_only	H2	2	1	A_single_molecule	yes	76677265=H2-1;76696659=H2-2
chr1:83230081-83249739	2	19658	loh	sibling_only	H2	2	1	B_spannable_pairwise	yes	83230081=H2-1;83249739=H2-2
chr1:84475416-84510269	2	34853	gain	linear_nested	H3?	2	2	B_spannable_pairwise	CN-altered(?)	84475416=H3?-1;84510269=H3?-1-1
chr1:86063856-86063916	2	60	gain	sibling_only	H2	2	1	A_single_molecule	CN-altered(?)	86063856=H2-1;86063916=H2-2
chr1:90850334-90865225	2	14891	gain	linear_nested	H2	2	2	A_single_molecule	CN-altered(?)	90850334=H2-1-1;90865225=H2-1
chr1:92570882-92581934	2	11052	gain	sibling_only	H1	2	1	A_single_molecule	CN-altered(?)	92570882=H1-2;92581934=H1-1
chr1:94912595-94922306	2	9711	gain	linear_nested	H2	2	2	A_single_molecule	CN-altered(?)	94912595=H2-1-1;94922306=H2-1
chr1:95334270-95338158	2	3888	gain	sibling_only	H2	2	1	A_single_molecule	CN-altered(?)	95334270=H2-1;95338158=H2-2
chr1:97324729-97347074	2	22345	loh	sibling_only	H2	2	1	A_single_molecule	yes	97324729=H2-1;97347074=H2-2
chr1:99386148-99403848	2	17700	loh	sibling_only	H2	2	1	A_single_molecule	yes	99386148=H2-2;99403848=H2-1
chr1:100401752-100402243	2	491	loh	sibling_only	H2	2	1	A_single_molecule	yes	100401752=H2-2;100402243=H2-1
chr1:100622657-100643833	2	21176	loh	sibling_only	H1	2	1	A_single_molecule	yes	100622657=H1-2;100643833=H1-1
chr1:102554120-102564177	2	10057	loh	sibling_only	H1	2	1	A_single_molecule	yes	102554120=H1-1;102564177=H1-2
chr1:103149490-103163747	2	14257	loh	sibling_only	H1	2	1	A_single_molecule	yes	103149490=H1-2;103163747=H1-1
chr1:104007186-104027802	2	20616	loh	linear_nested	H3?	2	2	A_single_molecule	yes	104007186=H3?-1-1;104027802=H3?-1
chr1:105887475-105903120	2	15645	loh	sibling_only	H2	2	1	A_single_molecule	yes	105887475=H2-1;105903120=H2-2
chr1:106002287-106026213	2	23926	loh	sibling_only	H?	2	1	A_single_molecule	yes	106002287=H?-2;106026213=H?-1
chr1:107263744-107284188	2	20444	loh	linear_nested	H1	2	2	A_single_molecule	yes	107263744=H1-1-1;107284188=H1-1
chr1:109062066-109079886	2	17820	loh	sibling_only	H2	2	1	A_single_molecule	yes	109062066=H2-2;109079886=H2-1
chr1:111380161-111386414	2	6253	loh	linear_nested	H1	2	2	A_single_molecule	yes	111380161=H1-1;111386414=H1-1-1
chr1:115509841-115517405	2	7564	loh	sibling_only	H2	2	1	A_single_molecule	yes	115509841=H2-1;115517405=H2-2
chr1:115776450-115777636	2	1186	loh	sibling_only	H2	2	1	A_single_molecule	yes	115776450=H2-1;115777636=H2-2
chr1:117740955-117744326	2	3371	gain	linear_nested	H1	2	2	A_single_molecule	CN-altered(?)	117740955=H1-1;117744326=H1-1-1
chr1:118588727-118596786	2	8059	gain	sibling_only	H2	2	1	A_single_molecule	CN-altered(?)	118588727=H2-1;118596786=H2-2
chr1:118774263-118786936	2	12673	gain	linear_nested	H1	2	2	A_single_molecule	CN-altered(?)	118774263=H1-1;118786936=H1-1-1
chr1:121351372-121380537	2	29165	gain	linear_nested	H1	2	2	A_single_molecule	CN-altered(?)	121351372=H1-1-1;121380537=H1-1
chr1:156713973-156730185	2	16212	gain	sibling_only	H1	2	1	A_single_molecule	CN-altered(?)	156713973=H1-1;156730185=H1-2
chr1:159280155-159291171	2	11016	gain	linear_nested	H1	2	2	A_single_molecule	CN-altered(?)	159280155=H1-1-1;159291171=H1-1
chr1:163742555-163742696	2	141	gain	linear_nested	H3?	2	2	A_single_molecule	CN-altered(?)	163742555=H3?-1;163742696=H3?-1-1
chr1:164008688-164016744	2	8056	gain	sibling_only	H3?	2	1	A_single_molecule	CN-altered(?)	164008688=H3?-2;164016744=H3?-1
chr1:169998397-170014931	2	16534	gain	linear_nested	H2	2	2	A_single_molecule	CN-altered(?)	169998397=H2-1-1;170014931=H2-1
chr1:173199792-173201132	2	1340	gain	linear_nested	H2	2	2	A_single_molecule	CN-altered(?)	173199792=H2-1;173201132=H2-1-1
chr1:176222291-176227600	2	5309	gain	sibling_only	H1	2	1	A_single_molecule	CN-altered(?)	176222291=H1-1;176227600=H1-2
chr1:176990013-177006184	2	16171	gain	linear_nested	H1	2	2	A_single_molecule	CN-altered(?)	176990013=H1-1-1;177006184=H1-1
chr1:180313436-180316068	2	2632	gain	linear_nested	H1	2	2	A_single_molecule	CN-altered(?)	180313436=H1-1-1;180316068=H1-1
chr1:182041273-182046162	2	4889	gain	linear_nested	H1	2	2	A_single_molecule	CN-altered(?)	182041273=H1-1;182046162=H1-1-1
chr1:183169143-183183553	2	14410	gain	linear_nested	H1	2	2	A_single_molecule	CN-altered(?)	183169143=H1-1-1;183183553=H1-1
chr1:185312159-185312160	2	1	gain	linear_nested	H3?	2	2	A_single_molecule	CN-altered(?)	185312159=H3?-1-1;185312160=H3?-1
chr1:188394846-188426597	2	31751	gain	sibling_only	H2	2	1	B_spannable_pairwise	CN-altered(?)	188394846=H2-1;188426597=H2-2
chr1:194179513-194181870	2	2357	gain	linear_nested	H2	2	2	A_single_molecule	CN-altered(?)	194179513=H2-1;194181870=H2-1-1
chr1:201112778-201125447	2	12669	gain	linear_nested	H2	2	2	A_single_molecule	CN-altered(?)	201112778=H2-1;201125447=H2-1-1
chr1:201894886-201905112	2	10226	gain	linear_nested	H1	2	2	A_single_molecule	CN-altered(?)	201894886=H1-1-1;201905112=H1-1
chr1:206645760-206668618	2	22858	gain	linear_nested	H1	2	2	A_single_molecule	CN-altered(?)	206645760=H1-1-1;206668618=H1-1
chr1:209278234-209278235	2	1	gain	linear_nested	H2	2	2	A_single_molecule	CN-altered(?)	209278234=H2-1;209278235=H2-1-1
chr1:210112202-210115263	2	3061	gain	linear_nested	H1	2	2	A_single_molecule	CN-altered(?)	210112202=H1-1;210115263=H1-1-1
chr1:211414514-211415936	2	1422	gain	linear_nested	H3?	2	2	A_single_molecule	CN-altered(?)	211414514=H3?-1;211415936=H3?-1-1
chr1:211527103-211533994	2	6891	gain	sibling_only	H2	2	1	A_single_molecule	CN-altered(?)	211527103=H2-2;211533994=H2-1
chr1:214701337-214721280	2	19943	gain	sibling_only	H1	2	1	A_single_molecule	CN-altered(?)	214701337=H1-1;214721280=H1-2
chr1:219088245-219098701	2	10456	gain	sibling_only	H2	2	1	A_single_molecule	CN-altered(?)	219088245=H2-1;219098701=H2-2
chr1:219526219-219528902	2	2683	gain	linear_nested	H1	2	2	A_single_molecule	CN-altered(?)	219526219=H1-1-1;219528902=H1-1
chr1:221205000-221217840	2	12840	gain	linear_nested	H2	2	2	A_single_molecule	CN-altered(?)	221205000=H2-1-1;221217840=H2-1
chr1:221882749-221904116	2	21367	gain	linear_nested	H1	2	2	A_single_molecule	CN-altered(?)	221882749=H1-1-1;221904116=H1-1
chr1:222426862-222457851	2	30989	gain	sibling_only	H2	2	1	B_spannable_pairwise	CN-altered(?)	222426862=H2-2;222457851=H2-1
chr1:227422600-227431992	2	9392	gain	sibling_only	H3?	2	1	A_single_molecule	CN-altered(?)	227422600=H3?-2;227431992=H3?-1
chr1:229091150-229118219	2	27069	gain	sibling_only	H2	2	1	A_single_molecule	CN-altered(?)	229091150=H2-2;229118219=H2-1
chr1:229206304-229207760	2	1456	gain	linear_nested	H2	2	2	A_single_molecule	CN-altered(?)	229206304=H2-1-1;229207760=H2-1
chr1:232695677-232705322	2	9645	gain	linear_nested	H2	2	2	A_single_molecule	CN-altered(?)	232695677=H2-1-1;232705322=H2-1
chr1:239878877-239878878	2	1	gain	linear_nested	H2	2	2	A_single_molecule	CN-altered(?)	239878877=H2-1;239878878=H2-1-1
chr1:245057476-245083509	2	26033	gain	sibling_only	H2	2	1	B_spannable_pairwise	CN-altered(?)	245057476=H2-1;245083509=H2-2
chr1:245173101-245200919	2	27818	gain	sibling_only	H2	2	1	B_spannable_pairwise	CN-altered(?)	245173101=H2-2;245200919=H2-1
chr2:2520098-2527206	2	7108	gain	sibling_only	H1	2	1	A_single_molecule	CN-altered(?)	2520098=H1-2;2527206=H1-1
chr2:2689766-2716425	2	26659	gain	sibling_only	H1	2	1	A_single_molecule	CN-altered(?)	2689766=H1-2;2716425=H1-1
chr2:4630990-4631590	2	600	gain	sibling_only	H1	2	1	A_single_molecule	CN-altered(?)	4630990=H1-2;4631590=H1-1
chr2:5456652-5479971	2	23319	gain	sibling_only	H2	2	1	B_spannable_pairwise	CN-altered(?)	5456652=H2-2;5479971=H2-1
chr2:6757650-6763181	2	5531	gain	sibling_only	H2	2	1	A_single_molecule	CN-altered(?)	6757650=H2-1;6763181=H2-2
chr2:7397479-7423012	2	25533	gain	sibling_only	H?	2	1	A_single_molecule	CN-altered(?)	7397479=H?-2;7423012=H?-1
chr2:9406561-9433392	2	26831	gain	sibling_only	H?	2	1	B_spannable_pairwise	CN-altered(?)	9406561=H?-2;9433392=H?-1
chr2:10954375-10975834	2	21459	loh	sibling_only	H1	2	1	A_single_molecule	yes	10954375=H1-1;10975834=H1-2
chr2:11489170-11494139	2	4969	loh	sibling_only	H1	2	1	A_single_molecule	yes	11489170=H1-2;11494139=H1-1
chr2:11746423-11765156	2	18733	loh	sibling_only	H?	2	1	A_single_molecule	yes	11746423=H?-2;11765156=H?-1
chr2:18537199-18540517	2	3318	loh	linear_nested	H2	2	2	A_single_molecule	yes	18537199=H2-1;18540517=H2-1-1
chr2:19798683-19809889	2	11206	loh	linear_nested	H2	2	2	A_single_molecule	yes	19798683=H2-1;19809889=H2-1-1
chr2:19975005-19975745	2	740	loh	linear_nested	H2	2	2	A_single_molecule	yes	19975005=H2-1-1;19975745=H2-1
chr2:20390709-20396930	2	6221	loh	linear_nested	H2	2	2	A_single_molecule	yes	20390709=H2-1-1;20396930=H2-1
chr2:20723482-20732512	2	9030	loh	sibling_only	H2	2	1	A_single_molecule	yes	20723482=H2-2;20732512=H2-1
chr2:21898626-21921212	2	22586	loh	linear_nested	H2	2	2	A_single_molecule	yes	21898626=H2-1;21921212=H2-1-1
chr2:22075248-22088811	2	13563	loh	linear_nested	H2	2	2	A_single_molecule	yes	22075248=H2-1;22088811=H2-1-1
chr2:22211556-22219752	2	8196	loh	linear_nested	H2	2	2	A_single_molecule	yes	22211556=H2-1;22219752=H2-1-1
chr2:23060438-23070842	2	10404	loh	sibling_only	H2	2	1	A_single_molecule	yes	23060438=H2-1;23070842=H2-2
chr2:23320454-23346519	2	26065	loh	sibling_only	H2	2	1	B_spannable_pairwise	yes	23320454=H2-2;23346519=H2-1
chr2:25211215-25233971	2	22756	loh	sibling_only	H2	2	1	A_single_molecule	yes	25211215=H2-2;25233971=H2-1
chr2:25710699-25726034	2	15335	loh	sibling_only	H?	2	1	A_single_molecule	yes	25710699=H?-1;25726034=H?-2
chr2:25783210-25814115	2	30905	loh	linear_nested	H2	2	2	A_single_molecule	yes	25783210=H2-1-1;25814115=H2-1
chr2:27157868-27159603	2	1735	loh	sibling_only	H2	2	1	A_single_molecule	yes	27157868=H2-1;27159603=H2-2
chr2:28148493-28163191	2	14698	loh	sibling_only	H1	2	1	A_single_molecule	yes	28148493=H1-1;28163191=H1-2
chr2:31104828-31133374	2	28546	loh	linear_nested	H1	2	2	B_spannable_pairwise	yes	31104828=H1-1;31133374=H1-1-1
chr2:31366061-31370787	2	4726	loh	linear_nested	H1	2	2	B_spannable_pairwise	yes	31366061=H1-1-1;31370787=H1-1
chr2:34997368-34999568	2	2200	loh	linear_nested	H1	2	2	A_single_molecule	yes	34997368=H1-1-1;34999568=H1-1
chr2:37037708-37039476	2	1768	loh	linear_nested	H1	2	2	B_spannable_pairwise	yes	37037708=H1-1-1;37039476=H1-1
chr2:37480780-37484537	2	3757	loh	linear_nested	H1	2	2	B_spannable_pairwise	yes	37480780=H1-1;37484537=H1-1-1
chr2:40386533-40392699	2	6166	loh	linear_nested	H1	2	2	A_single_molecule	yes	40386533=H1-1-1;40392699=H1-1
chr2:41192940-41217493	2	24553	loh	linear_nested	H2	2	2	A_single_molecule	yes	41192940=H2-1;41217493=H2-1-1
chr2:41825915-41832128	2	6213	loh	sibling_only	H2	2	1	A_single_molecule	yes	41825915=H2-2;41832128=H2-1
chr2:44145415-44146489	2	1074	loh	linear_nested	H2	2	2	A_single_molecule	yes	44145415=H2-1;44146489=H2-1-1
chr2:44285717-44287242	2	1525	loh	linear_nested	H2	2	2	B_spannable_pairwise	yes	44285717=H2-1;44287242=H2-1-1
chr2:47768467-47769581	2	1114	gain	linear_nested	H1	2	2	A_single_molecule	CN-altered(?)	47768467=H1-1;47769581=H1-1-1
chr2:48012564-48029629	2	17065	gain	linear_nested	H2	2	2	A_single_molecule	CN-altered(?)	48012564=H2-1;48029629=H2-1-1
chr2:48236183-48256793	2	20610	gain	sibling_only	H2	2	1	A_single_molecule	CN-altered(?)	48236183=H2-2;48256793=H2-1
chr2:48431604-48431605	2	1	gain	linear_nested	H1	2	2	A_single_molecule	CN-altered(?)	48431604=H1-1;48431605=H1-1-1
chr2:53410377-53413725	2	3348	gain	linear_nested	H1	2	2	A_single_molecule	CN-altered(?)	53410377=H1-1;53413725=H1-1-1
chr2:64298534-64328095	2	29561	loh	linear_nested	H1	2	2	A_single_molecule	yes	64298534=H1-1-1;64328095=H1-1
chr2:66345722-66372449	2	26727	loh	linear_nested	H2	2	2	A_single_molecule	yes	66345722=H2-1;66372449=H2-1-1
chr2:66830171-66832980	2	2809	loh	linear_nested	H1	2	2	A_single_molecule	yes	66830171=H1-1-1;66832980=H1-1
chr2:67594793-67610243	2	15450	loh	linear_nested	H2	2	2	A_single_molecule	yes	67594793=H2-1-1;67610243=H2-1
chr2:67809539-67836304	2	26765	loh	linear_nested	H2	2	2	B_spannable_pairwise	yes	67809539=H2-1;67836304=H2-1-1
chr2:67918136-67949426	2	31290	loh	linear_nested	H2	2	2	B_spannable_pairwise	yes	67918136=H2-1-1;67949426=H2-1
chr2:71589897-71611504	2	21607	loh	linear_nested	H2	2	2	B_spannable_pairwise	yes	71589897=H2-1;71611504=H2-1-1
chr2:71968019-71977091	2	9072	loh	linear_nested	H2	2	2	A_single_molecule	yes	71968019=H2-1;71977091=H2-1-1
chr2:74092356-74092536	2	180	loh	linear_nested	H1	2	2	A_single_molecule	yes	74092356=H1-1;74092536=H1-1-1
chr2:74968342-74969235	2	893	loh	sibling_only	H3?	2	1	A_single_molecule	yes	74968342=H3?-2;74969235=H3?-1
chr2:76396568-76415741	2	19173	loh	linear_nested	H3?	2	2	B_spannable_pairwise	yes	76396568=H3?-1;76415741=H3?-1-1
chr2:76552632-76553004	2	372	loh	linear_nested	H1	2	2	B_spannable_pairwise	yes	76552632=H1-1;76553004=H1-1-1
chr2:77728172-77747605	2	19433	loh	linear_nested	H2	2	2	A_single_molecule	yes	77728172=H2-1;77747605=H2-1-1
chr2:79449096-79472404	2	23308	loh	sibling_only	H1	2	1	A_single_molecule	yes	79449096=H1-2;79472404=H1-1
chr2:81877510-81881312	2	3802	loh	sibling_only	H2	2	1	A_single_molecule	yes	81877510=H2-2;81881312=H2-1
chr2:83042762-83068238	2	25476	loh	linear_nested	H2	2	2	A_single_molecule	yes	83042762=H2-1;83068238=H2-1-1
chr2:84833395-84834827	2	1432	gain	sibling_only	H2	2	1	A_single_molecule	CN-altered(?)	84833395=H2-1;84834827=H2-2
chr2:84933770-84945939	2	12169	gain	linear_nested	H1	2	2	A_single_molecule	CN-altered(?)	84933770=H1-1-1;84945939=H1-1
chr2:85311280-85339519	2	28239	gain	linear_nested	H1	2	2	B_spannable_pairwise	CN-altered(?)	85311280=H1-1-1;85339519=H1-1
chr2:85813445-85844881	2	31436	gain	sibling_only	H1	2	1	B_spannable_pairwise	CN-altered(?)	85813445=H1-1;85844881=H1-2
chr2:94734060-94769674	2	35614	gain	sibling_only	H?	2	1	B_spannable_pairwise	CN-altered(?)	94734060=H?-1;94769674=H?-2
chr2:96310465-96342290	2	31825	gain	linear_nested	H2	2	2	B_spannable_pairwise	CN-altered(?)	96310465=H2-1-1;96342290=H2-1
chr2:98258742-98259955	2	1213	gain	linear_nested	H1	2	2	A_single_molecule	CN-altered(?)	98258742=H1-1-1;98259955=H1-1
chr2:104886809-104896080	2	9271	loss	sibling_only	H2	2	1	B_spannable_pairwise	CN-altered(?)	104886809=H2-2;104896080=H2-1
chr2:119076378-119088426	2	12048	loh	linear_nested	H1	2	2	A_single_molecule	yes	119076378=H1-1-1;119088426=H1-1
chr2:119747662-119766478	2	18816	loh	sibling_only	H1	2	1	B_spannable_pairwise	yes	119747662=H1-1;119766478=H1-2
chr2:120305664-120308260	2	2596	loh	linear_nested	H2	2	2	A_single_molecule	yes	120305664=H2-1-1;120308260=H2-1
chr2:122591059-122604187	2	13128	loh	linear_nested	H1	2	2	A_single_molecule	yes	122591059=H1-1;122604187=H1-1-1
chr2:125379636-125401274	2	21638	loh	sibling_only	H?	2	1	A_single_molecule	yes	125379636=H?-2;125401274=H?-1
chr2:126988728-127009191	2	20463	loh	linear_nested	H2	2	2	A_single_molecule	yes	126988728=H2-1-1;127009191=H2-1
chr2:130958339-130969940	2	11601	loh	linear_nested	H2	2	2	B_spannable_pairwise	yes	130958339=H2-1-1;130969940=H2-1
chr2:131629605-131637193	2	7588	loh	linear_nested	H1	2	2	A_single_molecule	yes	131629605=H1-1;131637193=H1-1-1
chr2:132606760-132609175	2	2415	loh	linear_nested	H1	2	2	A_single_molecule	yes	132606760=H1-1-1;132609175=H1-1
chr2:135344253-135359113	2	14860	neutral	sibling_only	H3?	2	1	B_spannable_pairwise	yes	135344253=H3?-2;135359113=H3?-1
chr2:136648247-136658749	2	10502	loh	linear_nested	H2	2	2	A_single_molecule	yes	136648247=H2-1-1;136658749=H2-1
chr2:136757965-136760752	2	2787	loh	linear_nested	H2	2	2	B_spannable_pairwise	yes	136757965=H2-1;136760752=H2-1-1
chr2:137328445-137343323	2	14878	loh	linear_nested	H2	2	2	A_single_molecule	yes	137328445=H2-1;137343323=H2-1-1
chr2:139587047-139594716	2	7669	loh	linear_nested	H2	2	2	B_spannable_pairwise	yes	139587047=H2-1-1;139594716=H2-1
chr2:141461253-141469161	2	7908	loh	linear_nested	H1	2	2	A_single_molecule	yes	141461253=H1-1;141469161=H1-1-1
chr2:144521684-144554514	2	32830	gain	sibling_only	H2	2	1	B_spannable_pairwise	CN-altered(?)	144521684=H2-1;144554514=H2-2
chr2:144985786-145008934	2	23148	gain	linear_nested	H1	2	2	B_spannable_pairwise	CN-altered(?)	144985786=H1-1;145008934=H1-1-1
chr2:145325832-145339517	2	13685	gain	sibling_only	H1	2	1	A_single_molecule	CN-altered(?)	145325832=H1-1;145339517=H1-2
chr2:145502442-145520702	2	18260	gain	sibling_only	H1	2	1	B_spannable_pairwise	CN-altered(?)	145502442=H1-2;145520702=H1-1
chr2:145944975-145967001	2	22026	gain	linear_nested	H1	2	2	A_single_molecule	CN-altered(?)	145944975=H1-1-1;145967001=H1-1
chr2:149158113-149175063	2	16950	gain	sibling_only	H?	2	1	B_spannable_pairwise	CN-altered(?)	149158113=H?-1;149175063=H?-2
chr2:150260931-150278146	2	17215	gain	sibling_only	H?	2	1	A_single_molecule	CN-altered(?)	150260931=H?-1;150278146=H?-2
chr2:152279154-152279370	2	216	gain	linear_nested	H2	2	2	A_single_molecule	CN-altered(?)	152279154=H2-1-1;152279370=H2-1
chr2:152572631-152598399	2	25768	gain	sibling_only	H?	2	1	B_spannable_pairwise	CN-altered(?)	152572631=H?-2;152598399=H?-1
chr2:155733556-155733557	2	1	gain	linear_nested	H1	2	2	B_spannable_pairwise	CN-altered(?)	155733556=H1-1-1;155733557=H1-1
chr2:156672976-156688778	2	15802	gain	linear_nested	H1	2	2	A_single_molecule	CN-altered(?)	156672976=H1-1;156688778=H1-1-1
chr2:159466945-159500399	2	33454	gain	sibling_only	H?	2	1	B_spannable_pairwise	CN-altered(?)	159466945=H?-2;159500399=H?-1
chr2:161075374-161084305	2	8931	gain	linear_nested	H1	2	2	A_single_molecule	CN-altered(?)	161075374=H1-1-1;161084305=H1-1
chr2:161750193-161763638	2	13445	gain	linear_nested	H3?	2	2	B_spannable_pairwise	CN-altered(?)	161750193=H3?-1;161763638=H3?-1-1
chr2:164012165-164019246	2	7081	gain	linear_nested	H2	2	2	A_single_molecule	CN-altered(?)	164012165=H2-1;164019246=H2-1-1
chr2:165510572-165534874	2	24302	gain	sibling_only	H2	2	1	B_spannable_pairwise	CN-altered(?)	165510572=H2-2;165534874=H2-1
chr2:171241296-171274580	2	33284	gain	sibling_only	H2	2	1	B_spannable_pairwise	CN-altered(?)	171241296=H2-2;171274580=H2-1
chr2:172522632-172523266	2	634	gain	linear_nested	H1	2	2	A_single_molecule	CN-altered(?)	172522632=H1-1;172523266=H1-1-1
chr2:176068144-176074786	2	6642	gain	sibling_only	H1	2	1	A_single_molecule	CN-altered(?)	176068144=H1-2;176074786=H1-1
chr2:181014452-181030365	2	15913	gain	linear_nested	H1	2	2	A_single_molecule	CN-altered(?)	181014452=H1-1-1;181030365=H1-1
chr2:186023395-186025776	2	2381	gain	linear_nested	H1	2	2	A_single_molecule	CN-altered(?)	186023395=H1-1;186025776=H1-1-1
chr2:189227905-189240163	2	12258	gain	sibling_only	H2	2	1	A_single_molecule	CN-altered(?)	189227905=H2-2;189240163=H2-1
chr2:191373817-191382808	2	8991	gain	linear_nested	H1	2	2	A_single_molecule	CN-altered(?)	191373817=H1-1;191382808=H1-1-1
chr2:194055510-194059885	2	4375	loss	sibling_only	H2	2	1	A_single_molecule	CN-altered(?)	194055510=H2-1;194059885=H2-2
chr2:196283443-196294842	2	11399	loss	linear_nested	H1	2	2	A_single_molecule	CN-altered(?)	196283443=H1-1-1;196294842=H1-1
chr2:199383884-199402599	2	18715	neutral	linear_nested	H1	2	2	A_single_molecule	yes	199383884=H1-1;199402599=H1-1-1
chr2:201435942-201456496	2	20554	neutral	linear_nested	H2	2	2	A_single_molecule	yes	201435942=H2-1;201456496=H2-1-1
chr2:207617973-207622782	2	4809	neutral	sibling_only	H1	2	1	A_single_molecule	yes	207617973=H1-1;207622782=H1-2
chr2:213311599-213332211	2	20612	neutral	linear_nested	H1	2	2	A_single_molecule	yes	213311599=H1-1-1;213332211=H1-1
chr2:214960978-214976226	2	15248	neutral	linear_nested	H1	2	2	A_single_molecule	yes	214960978=H1-1;214976226=H1-1-1
chr2:215939450-215974460	2	35010	neutral	linear_nested	H2	2	2	B_spannable_pairwise	yes	215939450=H2-1-1;215974460=H2-1
chr2:216198634-216203776	2	5142	neutral	sibling_only	H1	2	1	A_single_molecule	yes	216198634=H1-1;216203776=H1-2
chr2:216540437-216542208	2	1771	neutral	linear_nested	H1	2	2	A_single_molecule	yes	216540437=H1-1-1;216542208=H1-1
chr2:216708335-216725849	2	17514	neutral	linear_nested	H2	2	2	A_single_molecule	yes	216708335=H2-1-1;216725849=H2-1
chr2:221508188-221513630	2	5442	neutral	linear_nested	H1	2	2	A_single_molecule	yes	221508188=H1-1-1;221513630=H1-1
chr2:231677525-231677526	2	1	gain	linear_nested	H2	2	2	A_single_molecule	CN-altered(?)	231677525=H2-1;231677526=H2-1-1
chr2:235528233-235535996	2	7763	gain	linear_nested	H2	2	2	A_single_molecule	CN-altered(?)	235528233=H2-1;235535996=H2-1-1
chr2:238276582-238276589	2	7	gain	linear_nested	H2	2	2	A_single_molecule	CN-altered(?)	238276582=H2-1;238276589=H2-1-1
chr2:238546089-238576017	2	29928	gain	sibling_only	H?	2	1	A_single_molecule	CN-altered(?)	238546089=H?-1;238576017=H?-2
chr2:241381963-241388434	2	6471	gain	linear_nested	H2	2	2	A_single_molecule	CN-altered(?)	241381963=H2-1;241388434=H2-1-1
chr3:2148513-2180603	2	32090	gain	linear_nested	H1	2	2	B_spannable_pairwise	CN-altered(?)	2148513=H1-1;2180603=H1-1-1
chr3:3562577-3576280	2	13703	gain	sibling_only	H2	2	1	A_single_molecule	CN-altered(?)	3562577=H2-1;3576280=H2-2
chr3:4467286-4493794	2	26508	gain	linear_nested	H2	2	2	A_single_molecule	CN-altered(?)	4467286=H2-1;4493794=H2-1-1
chr3:4874026-4876506	2	2480	gain	linear_nested	H2	2	2	A_single_molecule	CN-altered(?)	4874026=H2-1-1;4876506=H2-1
chr3:5686664-5688145	2	1481	gain	linear_nested	H2	2	2	B_spannable_pairwise	CN-altered(?)	5686664=H2-1-1;5688145=H2-1
chr3:6521448-6540283	2	18835	gain	sibling_only	H2	2	1	A_single_molecule	CN-altered(?)	6521448=H2-1;6540283=H2-2
chr3:11770728-11795001	2	24273	gain	sibling_only	H2	2	1	A_single_molecule	CN-altered(?)	11770728=H2-1;11795001=H2-2
chr3:11949560-11952948	2	3388	gain	sibling_only	H2	2	1	A_single_molecule	CN-altered(?)	11949560=H2-2;11952948=H2-1
chr3:12605716-12628859	2	23143	gain	linear_nested	H2	2	2	A_single_molecule	CN-altered(?)	12605716=H2-1;12628859=H2-1-1
chr3:13583348-13591420	2	8072	gain	linear_nested	H2	2	2	B_spannable_pairwise	CN-altered(?)	13583348=H2-1;13591420=H2-1-1
chr3:15019233-15024886	2	5653	gain	sibling_only	H1	2	1	A_single_molecule	CN-altered(?)	15019233=H1-2;15024886=H1-1
chr3:16322727-16332459	2	9732	gain	linear_nested	H1	2	2	A_single_molecule	CN-altered(?)	16322727=H1-1;16332459=H1-1-1
chr3:20299363-20303936	2	4573	gain	linear_nested	H2	2	2	B_spannable_pairwise	CN-altered(?)	20299363=H2-1-1;20303936=H2-1
chr3:22059250-22083238	2	23988	gain	sibling_only	H1	2	1	A_single_molecule	CN-altered(?)	22059250=H1-2;22083238=H1-1
chr3:25690177-25720323	2	30146	gain	sibling_only	H?	2	1	B_spannable_pairwise	CN-altered(?)	25690177=H?-2;25720323=H?-1
chr3:26464059-26492874	2	28815	gain	linear_nested	H2	2	2	A_single_molecule	CN-altered(?)	26464059=H2-1;26492874=H2-1-1
chr3:28032981-28053004	2	20023	gain	linear_nested	H2	2	2	A_single_molecule	CN-altered(?)	28032981=H2-1-1;28053004=H2-1
chr3:29473041-29502442	2	29401	gain	linear_nested	H1	2	2	A_single_molecule	CN-altered(?)	29473041=H1-1-1;29502442=H1-1
chr3:29561702-29571863	2	10161	gain	linear_nested	H1	2	2	B_spannable_pairwise	CN-altered(?)	29561702=H1-1;29571863=H1-1-1
chr3:32422329-32441773	2	19444	gain	linear_nested	H1	2	2	A_single_molecule	CN-altered(?)	32422329=H1-1;32441773=H1-1-1
chr3:35462488-35484537	2	22049	gain	linear_nested	H2	2	2	A_single_molecule	CN-altered(?)	35462488=H2-1;35484537=H2-1-1
chr3:36266983-36284264	2	17281	gain	linear_nested	H2	2	2	A_single_molecule	CN-altered(?)	36266983=H2-1;36284264=H2-1-1
chr3:37818954-37837071	2	18117	gain	linear_nested	H1	2	2	B_spannable_pairwise	CN-altered(?)	37818954=H1-1-1;37837071=H1-1
chr3:38613566-38636987	2	23421	gain	linear_nested	H2	2	2	A_single_molecule	CN-altered(?)	38613566=H2-1;38636987=H2-1-1
chr3:39789541-39798016	2	8475	gain	sibling_only	H2	2	1	A_single_molecule	CN-altered(?)	39789541=H2-1;39798016=H2-2
chr3:40390926-40403125	2	12199	gain	linear_nested	H2	2	2	A_single_molecule	CN-altered(?)	40390926=H2-1;40403125=H2-1-1
chr3:41903015-41910186	2	7171	gain	linear_nested	H2	2	2	A_single_molecule	CN-altered(?)	41903015=H2-1-1;41910186=H2-1
chr3:44319485-44319486	2	1	gain	linear_nested	H1	2	2	A_single_molecule	CN-altered(?)	44319485=H1-1;44319486=H1-1-1
chr3:46624735-46658243	2	33508	gain	linear_nested	H1	2	2	B_spannable_pairwise	CN-altered(?)	46624735=H1-1-1;46658243=H1-1
chr3:47630518-47647153	2	16635	gain	sibling_only	H?	2	1	B_spannable_pairwise	CN-altered(?)	47630518=H?-2;47647153=H?-1
chr3:50673598-50680428	2	6830	gain	sibling_only	H2	2	1	A_single_molecule	CN-altered(?)	50673598=H2-2;50680428=H2-1
chr3:52516837-52517960	2	1123	gain	linear_nested	H2	2	2	A_single_molecule	CN-altered(?)	52516837=H2-1-1;52517960=H2-1
chr3:53221032-53235941	2	14909	gain	linear_nested	H2	2	2	A_single_molecule	CN-altered(?)	53221032=H2-1;53235941=H2-1-1
chr3:54098132-54108794	2	10662	gain	linear_nested	H1	2	2	A_single_molecule	CN-altered(?)	54098132=H1-1;54108794=H1-1-1
chr3:55494834-55499103	2	4269	gain	sibling_only	H1	2	1	A_single_molecule	CN-altered(?)	55494834=H1-2;55499103=H1-1
chr3:57772868-57787248	2	14380	gain	linear_nested	H1	2	2	A_single_molecule	CN-altered(?)	57772868=H1-1-1;57787248=H1-1
chr3:57899167-57899171	2	4	loh	linear_nested	H1	2	2	A_single_molecule	yes	57899167=H1-1;57899171=H1-1-1
chr3:58808009-58826967	2	18958	loh	sibling_only	H?	2	1	B_spannable_pairwise	yes	58808009=H?-1;58826967=H?-2
chr3:64040321-64044905	2	4584	loh	linear_nested	H1	2	2	A_single_molecule	yes	64040321=H1-1;64044905=H1-1-1
chr3:69912054-69912072	2	18	loh	linear_nested	H2	2	2	A_single_molecule	yes	69912054=H2-1;69912072=H2-1-1
chr3:70250337-70256290	2	5953	loh	linear_nested	H1	2	2	B_spannable_pairwise	yes	70250337=H1-1-1;70256290=H1-1
chr3:73294928-73301998	2	7070	loh	linear_nested	H2	2	2	A_single_molecule	yes	73294928=H2-1-1;73301998=H2-1
chr3:73998626-74018185	2	19559	gain	linear_nested	H2	2	2	A_single_molecule	CN-altered(?)	73998626=H2-1-1;74018185=H2-1
chr3:74826622-74826623	2	1	gain	linear_nested	H1	2	2	A_single_molecule	CN-altered(?)	74826622=H1-1-1;74826623=H1-1
chr3:85908610-85910868	2	2258	gain	linear_nested	H2	2	2	A_single_molecule	CN-altered(?)	85908610=H2-1-1;85910868=H2-1
chr3:94165782-94198655	2	32873	loh	sibling_only	H1	2	1	B_spannable_pairwise	yes	94165782=H1-2;94198655=H1-1
chr3:96125083-96150033	2	24950	loh	linear_nested	H1	2	2	A_single_molecule	yes	96125083=H1-1-1;96150033=H1-1
chr3:96929742-96951833	2	22091	loh	sibling_only	H?	2	1	B_spannable_pairwise	yes	96929742=H?-1;96951833=H?-2
chr3:98494005-98524711	2	30706	loh	sibling_only	H2	2	1	B_spannable_pairwise	yes	98494005=H2-2;98524711=H2-1
chr3:99755669-99756050	2	381	loh	linear_nested	H2	2	2	B_spannable_pairwise	yes	99755669=H2-1;99756050=H2-1-1
chr3:101074316-101097240	2	22924	loh	linear_nested	H2	2	2	A_single_molecule	yes	101074316=H2-1;101097240=H2-1-1
chr3:103492614-103510219	2	17605	loh	linear_nested	H1	2	2	A_single_molecule	yes	103492614=H1-1;103510219=H1-1-1
chr3:107472671-107481836	2	9165	loh	linear_nested	H2	2	2	A_single_molecule	yes	107472671=H2-1-1;107481836=H2-1
chr3:109165172-109184626	2	19454	loh	linear_nested	H1	2	2	A_single_molecule	yes	109165172=H1-1-1;109184626=H1-1
chr3:109471814-109475185	2	3371	loh	linear_nested	H2	2	2	A_single_molecule	yes	109471814=H2-1;109475185=H2-1-1
chr3:109696172-109714488	2	18316	loh	sibling_only	H2	2	1	B_spannable_pairwise	yes	109696172=H2-1;109714488=H2-2
chr3:110189771-110196073	2	6302	loh	linear_nested	H1	2	2	B_spannable_pairwise	yes	110189771=H1-1;110196073=H1-1-1
chr3:110696080-110710276	2	14196	loh	linear_nested	H2	2	2	A_single_molecule	yes	110696080=H2-1;110710276=H2-1-1
chr3:112150091-112156147	2	6056	loh	linear_nested	H2	2	2	A_single_molecule	yes	112150091=H2-1-1;112156147=H2-1
chr3:113780226-113807269	2	27043	loh	sibling_only	H3?	2	1	B_spannable_pairwise	yes	113780226=H3?-1;113807269=H3?-2
chr3:117675041-117689565	2	14524	loh	linear_nested	H1	2	2	B_spannable_pairwise	yes	117675041=H1-1;117689565=H1-1-1
chr3:117993717-118010892	2	17175	loh	linear_nested	H2	2	2	A_single_molecule	yes	117993717=H2-1-1;118010892=H2-1
chr3:125828766-125834818	2	6052	loh	sibling_only	H2	2	1	A_single_molecule	yes	125828766=H2-1;125834818=H2-2
chr3:128944040-128967818	2	23778	loh	sibling_only	H1	2	1	A_single_molecule	yes	128944040=H1-2;128967818=H1-1
chr3:129561740-129587014	2	25274	loh	sibling_only	H1	2	1	A_single_molecule	yes	129561740=H1-2;129587014=H1-1
chr3:130500268-130521439	2	21171	gain	linear_nested	H1	2	2	A_single_molecule	CN-altered(?)	130500268=H1-1-1;130521439=H1-1
chr3:131714942-131721025	2	6083	gain	sibling_only	H1	2	1	A_single_molecule	CN-altered(?)	131714942=H1-1;131721025=H1-2
chr3:133327460-133354096	2	26636	gain	sibling_only	H1	2	1	B_spannable_pairwise	CN-altered(?)	133327460=H1-2;133354096=H1-1
chr3:133528928-133534946	2	6018	gain	sibling_only	H1	2	1	A_single_molecule	CN-altered(?)	133528928=H1-2;133534946=H1-1
chr3:133800124-133812997	2	12873	gain	sibling_only	H1	2	1	A_single_molecule	CN-altered(?)	133800124=H1-1;133812997=H1-2
chr3:134451082-134451103	2	21	gain	sibling_only	H1	2	1	A_single_molecule	CN-altered(?)	134451082=H1-2;134451103=H1-1
chr3:134812684-134830626	2	17942	gain	sibling_only	H1	2	1	A_single_molecule	CN-altered(?)	134812684=H1-1;134830626=H1-2
chr3:136284379-136300295	2	15916	gain	linear_nested	H1	2	2	A_single_molecule	CN-altered(?)	136284379=H1-1-1;136300295=H1-1
chr3:136904354-136936225	2	31871	gain	linear_nested	H1	2	2	A_single_molecule	CN-altered(?)	136904354=H1-1;136936225=H1-1-1
chr3:137463852-137476107	2	12255	gain	sibling_only	H1	2	1	A_single_molecule	CN-altered(?)	137463852=H1-1;137476107=H1-2
chr3:138205315-138218735	2	13420	gain	linear_nested	H2	2	2	A_single_molecule	CN-altered(?)	138205315=H2-1-1;138218735=H2-1
chr3:139075546-139096204	2	20658	gain	sibling_only	H2	2	1	A_single_molecule	CN-altered(?)	139075546=H2-1;139096204=H2-2
chr3:140137791-140148801	2	11010	gain	linear_nested	H1	2	2	B_spannable_pairwise	CN-altered(?)	140137791=H1-1;140148801=H1-1-1
chr3:142173660-142189858	2	16198	gain	linear_nested	H2	2	2	A_single_molecule	CN-altered(?)	142173660=H2-1-1;142189858=H2-1
chr3:142267156-142274009	2	6853	gain	sibling_only	H2	2	1	A_single_molecule	CN-altered(?)	142267156=H2-2;142274009=H2-1
chr3:142349495-142353646	2	4151	gain	sibling_only	H2	2	1	A_single_molecule	CN-altered(?)	142349495=H2-1;142353646=H2-2
chr3:142502025-142504769	2	2744	gain	linear_nested	H2	2	2	A_single_molecule	CN-altered(?)	142502025=H2-1;142504769=H2-1-1
chr3:142807736-142826696	2	18960	gain	sibling_only	H2	2	1	A_single_molecule	CN-altered(?)	142807736=H2-2;142826696=H2-1
chr3:143326273-143326481	2	208	gain	linear_nested	H2	2	2	A_single_molecule	CN-altered(?)	143326273=H2-1-1;143326481=H2-1
chr3:143582658-143606930	2	24272	gain	sibling_only	H2	2	1	B_spannable_pairwise	CN-altered(?)	143582658=H2-2;143606930=H2-1
chr3:144021970-144039022	2	17052	gain	sibling_only	H2	2	1	A_single_molecule	CN-altered(?)	144021970=H2-1;144039022=H2-2
chr3:144447184-144475121	2	27937	gain	sibling_only	H2	2	1	A_single_molecule	CN-altered(?)	144447184=H2-1;144475121=H2-2
chr3:145740046-145744205	2	4159	gain	sibling_only	H2	2	1	A_single_molecule	CN-altered(?)	145740046=H2-1;145744205=H2-2
chr3:146332556-146341715	2	9159	gain	linear_nested	H1	2	2	A_single_molecule	CN-altered(?)	146332556=H1-1-1;146341715=H1-1
chr3:146999899-147005097	2	5198	gain	sibling_only	H1	2	1	A_single_molecule	CN-altered(?)	146999899=H1-2;147005097=H1-1
chr3:147133397-147173511	2	40114	gain	sibling_only	H1	2	1	B_spannable_pairwise	CN-altered(?)	147133397=H1-1;147173511=H1-2
chr3:147651029-147658031	2	7002	gain	sibling_only	H2	2	1	A_single_molecule	CN-altered(?)	147651029=H2-1;147658031=H2-2
chr3:148727230-148754996	2	27766	gain	sibling_only	H?	2	1	A_single_molecule	CN-altered(?)	148727230=H?-1;148754996=H?-2
chr3:148811272-148811274	2	2	gain	linear_nested	H3?	2	2	A_single_molecule	CN-altered(?)	148811272=H3?-1-1;148811274=H3?-1
chr3:148951816-148983177	2	31361	gain	linear_nested	H1	2	2	B_spannable_pairwise	CN-altered(?)	148951816=H1-1-1;148983177=H1-1
chr3:149199371-149212078	2	12707	gain	sibling_only	H1	2	1	A_single_molecule	CN-altered(?)	149199371=H1-1;149212078=H1-2
chr3:152685292-152709485	2	24193	gain	sibling_only	H2	2	1	A_single_molecule	CN-altered(?)	152685292=H2-2;152709485=H2-1
chr3:153834523-153843873	2	9350	gain	sibling_only	H1	2	1	A_single_molecule	CN-altered(?)	153834523=H1-1;153843873=H1-2
chr3:154951563-154971461	2	19898	gain	linear_nested	H2	2	2	A_single_molecule	CN-altered(?)	154951563=H2-1;154971461=H2-1-1
chr3:158218807-158227209	2	8402	gain	sibling_only	H1	2	1	A_single_molecule	CN-altered(?)	158218807=H1-2;158227209=H1-1
chr3:160902542-160915458	2	12916	gain	sibling_only	H2	2	1	A_single_molecule	CN-altered(?)	160902542=H2-1;160915458=H2-2
chr3:165638119-165672011	2	33892	loh	linear_nested	H2	2	2	B_spannable_pairwise	yes	165638119=H2-1;165672011=H2-1-1
chr3:170992867-171016718	2	23851	gain	sibling_only	H1	2	1	A_single_molecule	CN-altered(?)	170992867=H1-1;171016718=H1-2
chr3:175065231-175083604	2	18373	gain	sibling_only	H2	2	1	A_single_molecule	CN-altered(?)	175065231=H2-1;175083604=H2-2
chr3:175348641-175364308	2	15667	gain	linear_nested	H1	2	2	A_single_molecule	CN-altered(?)	175348641=H1-1-1;175364308=H1-1
chr3:175984628-176019930	2	35302	gain	sibling_only	H?	2	1	B_spannable_pairwise	CN-altered(?)	175984628=H?-1;176019930=H?-2
chr3:177066413-177097779	2	31366	gain	sibling_only	H?	2	1	A_single_molecule	CN-altered(?)	177066413=H?-1;177097779=H?-2
chr3:178198095-178204277	2	6182	gain	sibling_only	H1	2	1	A_single_molecule	CN-altered(?)	178198095=H1-1;178204277=H1-2
chr3:179249248-179264648	2	15400	gain	sibling_only	H1	2	1	A_single_molecule	CN-altered(?)	179249248=H1-1;179264648=H1-2
chr3:179383131-179387254	2	4123	gain	linear_nested	H1	2	2	A_single_molecule	CN-altered(?)	179383131=H1-1-1;179387254=H1-1
chr3:180804196-180836646	2	32450	gain	sibling_only	H2	2	1	B_spannable_pairwise	CN-altered(?)	180804196=H2-2;180836646=H2-1
chr3:182716474-182737748	2	21274	gain	sibling_only	H2	2	1	A_single_molecule	CN-altered(?)	182716474=H2-2;182737748=H2-1
chr3:184572560-184575053	2	2493	gain	linear_nested	H3?	2	2	B_spannable_pairwise	CN-altered(?)	184572560=H3?-1-1;184575053=H3?-1
chr3:184878307-184897615	2	19308	gain	sibling_only	H2	2	1	A_single_molecule	CN-altered(?)	184878307=H2-2;184897615=H2-1
chr3:185651645-185651646	2	1	gain	linear_nested	H1	2	2	A_single_molecule	CN-altered(?)	185651645=H1-1;185651646=H1-1-1
chr3:185849539-185854546	2	5007	gain	linear_nested	H2	2	2	A_single_molecule	CN-altered(?)	185849539=H2-1;185854546=H2-1-1
chr3:194538060-194552948	2	14888	loh	linear_nested	H1	2	2	A_single_molecule	yes	194538060=H1-1;194552948=H1-1-1
chr3:194821159-194852424	2	31265	loh	linear_nested	H1	2	2	A_single_molecule	yes	194821159=H1-1;194852424=H1-1-1
chr3:197035423-197049240	2	13817	loh	linear_nested	H1	2	2	A_single_molecule	yes	197035423=H1-1-1;197049240=H1-1
chr4:64735-69161	2	4426	neutral	linear_nested	H2	2	2	A_single_molecule	yes	64735=H2-1;69161=H2-1-1
chr4:137686-139136	2	1450	neutral	sibling_only	H2	2	1	A_single_molecule	yes	137686=H2-2;139136=H2-1
chr4:436127-442068	2	5941	neutral	sibling_only	H2	2	1	A_single_molecule	yes	436127=H2-2;442068=H2-1
chr4:869071-885756	2	16685	loh	sibling_only	H2	2	1	B_spannable_pairwise	yes	869071=H2-2;885756=H2-1
chr4:1573231-1591236	2	18005	loh	sibling_only	H2	2	1	A_single_molecule	yes	1573231=H2-2;1591236=H2-1
chr4:4375851-4376925	2	1074	loh	linear_nested	H2	2	2	A_single_molecule	yes	4375851=H2-1-1;4376925=H2-1
chr4:4492684-4497417	2	4733	loh	linear_nested	H2	2	2	A_single_molecule	yes	4492684=H2-1;4497417=H2-1-1
chr4:6586581-6592568	2	5987	loh	sibling_only	H?	2	1	A_single_molecule	yes	6586581=H?-1;6592568=H?-2
chr4:7512449-7528810	2	16361	loh	sibling_only	H2	2	1	A_single_molecule	yes	7512449=H2-2;7528810=H2-1
chr4:24512415-24526601	2	14186	loss	linear_nested	H1	2	2	B_spannable_pairwise	CN-altered(?)	24512415=H1-1;24526601=H1-1-1
chr4:25450314-25475789	2	25475	gain	linear_nested	H2	2	2	B_spannable_pairwise	CN-altered(?)	25450314=H2-1;25475789=H2-1-1
chr4:25963470-25974030	2	10560	gain	linear_nested	H2	2	2	A_single_molecule	CN-altered(?)	25963470=H2-1-1;25974030=H2-1
chr4:28571651-28571955	2	304	gain	sibling_only	H2	2	1	A_single_molecule	CN-altered(?)	28571651=H2-1;28571955=H2-2
chr4:35603835-35608608	2	4773	gain	linear_nested	H1	2	2	A_single_molecule	CN-altered(?)	35603835=H1-1;35608608=H1-1-1
chr4:47624021-47643402	2	19381	gain	sibling_only	H?	2	1	A_single_molecule	CN-altered(?)	47624021=H?-1;47643402=H?-2
chr4:53530400-53530430	2	30	gain	linear_nested	H2	2	2	A_single_molecule	CN-altered(?)	53530400=H2-1-1;53530430=H2-1
chr4:55318042-55340362	2	22320	gain	sibling_only	H1	2	1	A_single_molecule	CN-altered(?)	55318042=H1-2;55340362=H1-1
chr4:55627979-55647158	2	19179	gain	linear_nested	H1	2	2	A_single_molecule	CN-altered(?)	55627979=H1-1-1;55647158=H1-1
chr4:57357541-57361782	2	4241	gain	sibling_only	H2	2	1	A_single_molecule	CN-altered(?)	57357541=H2-1;57361782=H2-2
chr4:58782835-58796967	2	14132	gain	linear_nested	H1	2	2	A_single_molecule	CN-altered(?)	58782835=H1-1;58796967=H1-1-1
chr4:60732916-60759979	2	27063	gain	linear_nested	H2	2	2	B_spannable_pairwise	CN-altered(?)	60732916=H2-1;60759979=H2-1-1
chr4:61268815-61288014	2	19199	gain	linear_nested	H2	2	2	A_single_molecule	CN-altered(?)	61268815=H2-1-1;61288014=H2-1
chr4:65415526-65415617	2	91	gain	linear_nested	H2	2	2	A_single_molecule	CN-altered(?)	65415526=H2-1-1;65415617=H2-1
chr4:70160107-70160108	2	1	gain	linear_nested	H1	2	2	A_single_molecule	CN-altered(?)	70160107=H1-1;70160108=H1-1-1
chr4:70482112-70482617	2	505	gain	linear_nested	H2	2	2	A_single_molecule	CN-altered(?)	70482112=H2-1-1;70482617=H2-1
chr4:71409828-71418217	2	8389	gain	sibling_only	H1	2	1	A_single_molecule	CN-altered(?)	71409828=H1-1;71418217=H1-2
chr4:72115569-72144168	2	28599	gain	linear_nested	H1	2	2	A_single_molecule	CN-altered(?)	72115569=H1-1-1;72144168=H1-1
chr4:72876580-72877241	2	661	gain	linear_nested	H2	2	2	A_single_molecule	CN-altered(?)	72876580=H2-1-1;72877241=H2-1
chr4:73637179-73638388	2	1209	gain	sibling_only	H3?	2	1	A_single_molecule	CN-altered(?)	73637179=H3?-1;73638388=H3?-2
chr4:83928032-83930179	2	2147	gain	linear_nested	H2	2	2	A_single_molecule	CN-altered(?)	83928032=H2-1;83930179=H2-1-1
chr4:84022334-84023803	2	1469	gain	sibling_only	H1	2	1	A_single_molecule	CN-altered(?)	84022334=H1-2;84023803=H1-1
chr4:84921004-84921633	2	629	gain	linear_nested	H1	2	2	A_single_molecule	CN-altered(?)	84921004=H1-1-1;84921633=H1-1
chr4:85844210-85855494	2	11284	gain	linear_nested	H2	2	2	A_single_molecule	CN-altered(?)	85844210=H2-1;85855494=H2-1-1
chr4:88973803-88997337	2	23534	gain	sibling_only	H1	2	1	B_spannable_pairwise	CN-altered(?)	88973803=H1-1;88997337=H1-2
chr4:89550997-89553734	2	2737	gain	linear_nested	H1	2	2	A_single_molecule	CN-altered(?)	89550997=H1-1-1;89553734=H1-1
chr4:90077845-90103710	2	25865	gain	linear_nested	H1	2	2	A_single_molecule	CN-altered(?)	90077845=H1-1;90103710=H1-1-1
chr4:90965786-90976928	2	11142	gain	sibling_only	H1	2	1	A_single_molecule	CN-altered(?)	90965786=H1-2;90976928=H1-1
chr4:91276407-91299680	2	23273	gain	sibling_only	H1	2	1	A_single_molecule	CN-altered(?)	91276407=H1-2;91299680=H1-1
chr4:93764553-93792156	2	27603	gain	sibling_only	H1	2	1	A_single_molecule	CN-altered(?)	93764553=H1-2;93792156=H1-1
chr4:95898173-95931264	2	33091	gain	sibling_only	H?	2	1	B_spannable_pairwise	CN-altered(?)	95898173=H?-2;95931264=H?-1
chr4:98311841-98312253	2	412	gain	linear_nested	H2	2	2	A_single_molecule	CN-altered(?)	98311841=H2-1;98312253=H2-1-1
chr4:98648731-98673469	2	24738	gain	linear_nested	H2	2	2	A_single_molecule	CN-altered(?)	98648731=H2-1-1;98673469=H2-1
chr4:99385953-99394217	2	8264	gain	sibling_only	H1	2	1	A_single_molecule	CN-altered(?)	99385953=H1-1;99394217=H1-2
chr4:100961694-100970762	2	9068	gain	sibling_only	H2	2	1	A_single_molecule	CN-altered(?)	100961694=H2-2;100970762=H2-1
chr4:104103642-104111671	2	8029	gain	linear_nested	H2	2	2	A_single_molecule	CN-altered(?)	104103642=H2-1;104111671=H2-1-1
chr4:108496800-108502031	2	5231	gain	sibling_only	H1	2	1	A_single_molecule	CN-altered(?)	108496800=H1-2;108502031=H1-1
chr4:114629803-114648997	2	19194	gain	sibling_only	H2	2	1	A_single_molecule	CN-altered(?)	114629803=H2-2;114648997=H2-1
chr4:115565016-115595799	2	30783	gain	sibling_only	H2	2	1	A_single_molecule	CN-altered(?)	115565016=H2-1;115595799=H2-2
chr4:116582830-116586883	2	4053	gain	linear_nested	H1	2	2	A_single_molecule	CN-altered(?)	116582830=H1-1;116586883=H1-1-1
chr4:117842670-117863716	2	21046	gain	sibling_only	H2	2	1	A_single_molecule	CN-altered(?)	117842670=H2-1;117863716=H2-2
chr4:117971817-117983811	2	11994	gain	linear_nested	H2	2	2	A_single_molecule	CN-altered(?)	117971817=H2-1-1;117983811=H2-1
chr4:120255572-120261077	2	5505	gain	linear_nested	H2	2	2	A_single_molecule	CN-altered(?)	120255572=H2-1-1;120261077=H2-1
chr4:122980050-123007627	2	27577	gain	sibling_only	H2	2	1	A_single_molecule	CN-altered(?)	122980050=H2-1;123007627=H2-2
chr4:126590739-126619394	2	28655	gain	sibling_only	H3?	2	1	A_single_molecule	CN-altered(?)	126590739=H3?-1;126619394=H3?-2
chr4:128310638-128320133	2	9495	gain	sibling_only	H1	2	1	A_single_molecule	CN-altered(?)	128310638=H1-1;128320133=H1-2
chr4:128987759-128987786	2	27	gain	linear_nested	H3?	2	2	A_single_molecule	CN-altered(?)	128987759=H3?-1-1;128987786=H3?-1
chr4:136451120-136466208	2	15088	gain	linear_nested	H1	2	2	A_single_molecule	CN-altered(?)	136451120=H1-1;136466208=H1-1-1
chr4:138076468-138095290	2	18822	loh	linear_nested	H1	2	2	A_single_molecule	yes	138076468=H1-1-1;138095290=H1-1
chr4:140560981-140576635	2	15654	loh	linear_nested	H1	2	2	A_single_molecule	yes	140560981=H1-1;140576635=H1-1-1
chr4:141126654-141143584	2	16930	loh	sibling_only	H?	2	1	A_single_molecule	yes	141126654=H?-2;141143584=H?-1
chr4:146316714-146331512	2	14798	loh	linear_nested	H1	2	2	A_single_molecule	yes	146316714=H1-1-1;146331512=H1-1
chr4:148648480-148659248	2	10768	loh	linear_nested	H2	2	2	A_single_molecule	yes	148648480=H2-1-1;148659248=H2-1
chr4:149408927-149412344	2	3417	loh	linear_nested	H2	2	2	A_single_molecule	yes	149408927=H2-1;149412344=H2-1-1
chr4:158569527-158579364	2	9837	loh	sibling_only	H?	2	1	A_single_molecule	yes	158569527=H?-2;158579364=H?-1
chr4:158996394-158997249	2	855	loh	linear_nested	H3?	2	2	A_single_molecule	yes	158996394=H3?-1-1;158997249=H3?-1
chr4:160653591-160661796	2	8205	loh	sibling_only	H?	2	1	B_spannable_pairwise	yes	160653591=H?-2;160661796=H?-1
chr4:162016119-162016164	2	45	loh	linear_nested	H2	2	2	A_single_molecule	yes	162016119=H2-1;162016164=H2-1-1
chr4:162197743-162211216	2	13473	loh	linear_nested	H2	2	2	A_single_molecule	yes	162197743=H2-1;162211216=H2-1-1
chr4:163628077-163642286	2	14209	loh	sibling_only	H2	2	1	A_single_molecule	yes	163628077=H2-1;163642286=H2-2
chr4:165508050-165513456	2	5406	loh	linear_nested	H1	2	2	A_single_molecule	yes	165508050=H1-1;165513456=H1-1-1
chr4:166360172-166377966	2	17794	loh	sibling_only	H1	2	1	A_single_molecule	yes	166360172=H1-1;166377966=H1-2
chr4:167248247-167258940	2	10693	loh	linear_nested	H1	2	2	A_single_molecule	yes	167248247=H1-1-1;167258940=H1-1
chr4:167655942-167659486	2	3544	loh	sibling_only	H1	2	1	A_single_molecule	yes	167655942=H1-1;167659486=H1-2
chr4:168604773-168615763	2	10990	loh	sibling_only	H2	2	1	A_single_molecule	yes	168604773=H2-2;168615763=H2-1
chr4:170829685-170834344	2	4659	loh	linear_nested	H3?	2	2	A_single_molecule	yes	170829685=H3?-1;170834344=H3?-1-1
chr4:172489634-172515867	2	26233	loh	sibling_only	H2	2	1	B_spannable_pairwise	yes	172489634=H2-1;172515867=H2-2
chr4:174418570-174443584	2	25014	loh	linear_nested	H2	2	2	A_single_molecule	yes	174418570=H2-1-1;174443584=H2-1
chr4:174611590-174612498	2	908	loh	sibling_only	H2	2	1	A_single_molecule	yes	174611590=H2-1;174612498=H2-2
chr4:176565327-176576527	2	11200	loh	linear_nested	H1	2	2	A_single_molecule	yes	176565327=H1-1;176576527=H1-1-1
chr4:178059050-178068261	2	9211	loh	linear_nested	H2	2	2	B_spannable_pairwise	yes	178059050=H2-1-1;178068261=H2-1
chr4:178398954-178401245	2	2291	loh	linear_nested	H2	2	2	B_spannable_pairwise	yes	178398954=H2-1;178401245=H2-1-1
chr4:180964617-180979458	2	14841	loh	sibling_only	H1	2	1	B_spannable_pairwise	yes	180964617=H1-1;180979458=H1-2
chr4:181506808-181514706	2	7898	loh	linear_nested	H1	2	2	B_spannable_pairwise	yes	181506808=H1-1;181514706=H1-1-1
chr4:185471145-185471147	2	2	loh	linear_nested	H2	2	2	A_single_molecule	yes	185471145=H2-1;185471147=H2-1-1
chr4:187463663-187469351	2	5688	loh	sibling_only	H1	2	1	B_spannable_pairwise	yes	187463663=H1-2;187469351=H1-1
chr4:187851511-187877483	2	25972	loh	sibling_only	H1	2	1	B_spannable_pairwise	yes	187851511=H1-1;187877483=H1-2
chr4:188046697-188063600	2	16903	loh	sibling_only	H?	2	1	B_spannable_pairwise	yes	188046697=H?-2;188063600=H?-1
chr5:28503-55235	2	26732	gain	linear_nested	H1	2	2	A_single_molecule	CN-altered(?)	28503=H1-1;55235=H1-1-1
chr5:4167066-4181856	2	14790	gain	sibling_only	H3?	2	1	A_single_molecule	CN-altered(?)	4167066=H3?-1;4181856=H3?-2
chr5:4965987-4968188	2	2201	gain	linear_nested	H1	2	2	A_single_molecule	CN-altered(?)	4965987=H1-1;4968188=H1-1-1
chr5:8727191-8737309	2	10118	gain	linear_nested	H1	2	2	A_single_molecule	CN-altered(?)	8727191=H1-1;8737309=H1-1-1
chr5:13049106-13056323	2	7217	gain	linear_nested	H3?	2	2	A_single_molecule	CN-altered(?)	13049106=H3?-1;13056323=H3?-1-1
chr5:16361138-16382244	2	21106	gain	sibling_only	H1	2	1	A_single_molecule	CN-altered(?)	16361138=H1-1;16382244=H1-2
chr5:16840448-16843766	2	3318	gain	sibling_only	H1	2	1	A_single_molecule	CN-altered(?)	16840448=H1-2;16843766=H1-1
chr5:19352145-19363625	2	11480	gain	linear_nested	H2	2	2	A_single_molecule	CN-altered(?)	19352145=H2-1;19363625=H2-1-1
chr5:20072609-20080018	2	7409	gain	linear_nested	H2	2	2	A_single_molecule	CN-altered(?)	20072609=H2-1-1;20080018=H2-1
chr5:21904263-21904295	2	32	gain	linear_nested	H2	2	2	A_single_molecule	CN-altered(?)	21904263=H2-1-1;21904295=H2-1
chr5:24523522-24542253	2	18731	gain	linear_nested	H2	2	2	A_single_molecule	CN-altered(?)	24523522=H2-1-1;24542253=H2-1
chr5:36028274-36061292	2	33018	gain	sibling_only	H?	2	1	A_single_molecule	CN-altered(?)	36028274=H?-1;36061292=H?-2
chr5:38226054-38256164	2	30110	gain	linear_nested	H1	2	2	A_single_molecule	CN-altered(?)	38226054=H1-1;38256164=H1-1-1
chr5:44397106-44415917	2	18811	gain	linear_nested	H1	2	2	A_single_molecule	CN-altered(?)	44397106=H1-1;44415917=H1-1-1
chr5:54142642-54148960	2	6318	loh	sibling_only	H2	2	1	A_single_molecule	yes	54142642=H2-1;54148960=H2-2
chr5:54322492-54339070	2	16578	loh	sibling_only	H?	2	1	A_single_molecule	yes	54322492=H?-2;54339070=H?-1
chr5:54802660-54804504	2	1844	loh	linear_nested	H2	2	2	B_spannable_pairwise	yes	54802660=H2-1;54804504=H2-1-1
chr5:58141764-58149434	2	7670	loh	linear_nested	H2	2	2	A_single_molecule	yes	58141764=H2-1;58149434=H2-1-1
chr5:61275448-61297054	2	21606	loh	sibling_only	H1	2	1	A_single_molecule	yes	61275448=H1-2;61297054=H1-1
chr5:61730798-61740675	2	9877	loh	sibling_only	H2	2	1	A_single_molecule	yes	61730798=H2-2;61740675=H2-1
chr5:65304843-65317878	2	13035	loh	linear_nested	H2	2	2	A_single_molecule	yes	65304843=H2-1-1;65317878=H2-1
chr5:67839121-67839638	2	517	loh	linear_nested	H1	2	2	A_single_molecule	yes	67839121=H1-1;67839638=H1-1-1
chr5:68001406-68005260	2	3854	loh	linear_nested	H1	2	2	A_single_molecule	yes	68001406=H1-1;68005260=H1-1-1
chr5:68756926-68756955	2	29	loh	linear_nested	H1	2	2	A_single_molecule	yes	68756926=H1-1;68756955=H1-1-1
chr5:68981884-69004627	2	22743	loh	linear_nested	H1	2	2	B_spannable_pairwise	yes	68981884=H1-1-1;69004627=H1-1
chr5:71469724-71470074	2	350	loh	linear_nested	H2	2	2	A_single_molecule	yes	71469724=H2-1;71470074=H2-1-1
chr5:74978122-74978123	2	1	loh	linear_nested	H2	2	2	A_single_molecule	yes	74978122=H2-1-1;74978123=H2-1
chr5:75029008-75033677	2	4669	loh	sibling_only	H2	2	1	A_single_molecule	yes	75029008=H2-2;75033677=H2-1
chr5:78231990-78256950	2	24960	loh	linear_nested	H1	2	2	B_spannable_pairwise	yes	78231990=H1-1-1;78256950=H1-1
chr5:81022580-81045287	2	22707	loh	sibling_only	H1	2	1	A_single_molecule	yes	81022580=H1-1;81045287=H1-2
chr5:83511229-83511230	2	1	loh	linear_nested	H1	2	2	A_single_molecule	yes	83511229=H1-1-1;83511230=H1-1
chr5:83919584-83944390	2	24806	loh	linear_nested	H2	2	2	A_single_molecule	yes	83919584=H2-1;83944390=H2-1-1
chr5:85226563-85238523	2	11960	loh	sibling_only	H2	2	1	B_spannable_pairwise	yes	85226563=H2-1;85238523=H2-2
chr5:87830078-87831563	2	1485	loh	linear_nested	H1	2	2	A_single_molecule	yes	87830078=H1-1;87831563=H1-1-1
chr5:88350542-88351330	2	788	loh	linear_nested	H1	2	2	A_single_molecule	yes	88350542=H1-1;88351330=H1-1-1
chr5:89649339-89655991	2	6652	loh	linear_nested	H1	2	2	A_single_molecule	yes	89649339=H1-1-1;89655991=H1-1
chr5:90234134-90239693	2	5559	loh	linear_nested	H1	2	2	A_single_molecule	yes	90234134=H1-1-1;90239693=H1-1
chr5:92008394-92012540	2	4146	loh	linear_nested	H1	2	2	B_spannable_pairwise	yes	92008394=H1-1;92012540=H1-1-1
chr5:95434531-95438094	2	3563	loh	linear_nested	H2	2	2	A_single_molecule	yes	95434531=H2-1-1;95438094=H2-1
chr5:96538609-96540183	2	1574	loh	linear_nested	H2	2	2	A_single_molecule	yes	96538609=H2-1;96540183=H2-1-1
chr5:99288426-99292130	2	3704	loh	linear_nested	H2	2	2	A_single_molecule	yes	99288426=H2-1-1;99292130=H2-1
chr5:102020593-102036323	2	15730	loh	linear_nested	H2	2	2	A_single_molecule	yes	102020593=H2-1;102036323=H2-1-1
chr5:102090218-102090219	2	1	loh	linear_nested	H2	2	2	A_single_molecule	yes	102090218=H2-1-1;102090219=H2-1
chr5:104101438-104111871	2	10433	loh	linear_nested	H1	2	2	A_single_molecule	yes	104101438=H1-1;104111871=H1-1-1
chr5:104389322-104389375	2	53	loh	sibling_only	H1	2	1	A_single_molecule	yes	104389322=H1-2;104389375=H1-1
chr5:105074726-105080999	2	6273	loh	linear_nested	H1	2	2	A_single_molecule	yes	105074726=H1-1;105080999=H1-1-1
chr5:105153577-105155943	2	2366	loh	linear_nested	H2	2	2	A_single_molecule	yes	105153577=H2-1;105155943=H2-1-1
chr5:106536814-106557886	2	21072	loh	linear_nested	H1	2	2	A_single_molecule	yes	106536814=H1-1;106557886=H1-1-1
chr5:112134505-112142931	2	8426	loh	sibling_only	H1	2	1	A_single_molecule	yes	112134505=H1-2;112142931=H1-1
chr5:113137184-113156896	2	19712	loh	linear_nested	H1	2	2	A_single_molecule	yes	113137184=H1-1-1;113156896=H1-1
chr5:114632116-114646617	2	14501	loh	sibling_only	H1	2	1	A_single_molecule	yes	114632116=H1-2;114646617=H1-1
chr5:115049718-115069126	2	19408	loh	sibling_only	H?	2	1	B_spannable_pairwise	yes	115049718=H?-2;115069126=H?-1
chr5:115536069-115549090	2	13021	loh	linear_nested	H1	2	2	A_single_molecule	yes	115536069=H1-1-1;115549090=H1-1
chr5:115655213-115672429	2	17216	loh	sibling_only	H1	2	1	B_spannable_pairwise	yes	115655213=H1-2;115672429=H1-1
chr5:115787162-115797923	2	10761	loh	linear_nested	H1	2	2	A_single_molecule	yes	115787162=H1-1-1;115797923=H1-1
chr5:116101979-116102763	2	784	loh	linear_nested	H1	2	2	A_single_molecule	yes	116101979=H1-1-1;116102763=H1-1
chr5:119123804-119136536	2	12732	loh	sibling_only	H1	2	1	A_single_molecule	yes	119123804=H1-2;119136536=H1-1
chr5:119531597-119555082	2	23485	loh	sibling_only	H1	2	1	A_single_molecule	yes	119531597=H1-2;119555082=H1-1
chr5:120449163-120467187	2	18024	loh	sibling_only	H?	2	1	B_spannable_pairwise	yes	120449163=H?-2;120467187=H?-1
chr5:121858284-121870939	2	12655	loh	sibling_only	H2	2	1	A_single_molecule	yes	121858284=H2-2;121870939=H2-1
chr5:122192659-122204608	2	11949	loh	linear_nested	H2	2	2	A_single_molecule	yes	122192659=H2-1;122204608=H2-1-1
chr5:123721726-123755326	2	33600	loh	sibling_only	H?	2	1	B_spannable_pairwise	yes	123721726=H?-1;123755326=H?-2
chr5:124889702-124910960	2	21258	loh	linear_nested	H2	2	2	A_single_molecule	yes	124889702=H2-1;124910960=H2-1-1
chr5:125051879-125078092	2	26213	loh	linear_nested	H2	2	2	A_single_molecule	yes	125051879=H2-1-1;125078092=H2-1
chr5:129641570-129663960	2	22390	loh	linear_nested	H1	2	2	B_spannable_pairwise	yes	129641570=H1-1-1;129663960=H1-1
chr5:131805021-131823262	2	18241	loh	linear_nested	H2	2	2	A_single_molecule	yes	131805021=H2-1;131823262=H2-1-1
chr5:133242838-133259575	2	16737	loh	sibling_only	H1	2	1	A_single_molecule	yes	133242838=H1-2;133259575=H1-1
chr5:133900666-133920288	2	19622	loh	sibling_only	H?	2	1	A_single_molecule	yes	133900666=H?-1;133920288=H?-2
chr5:137262771-137282802	2	20031	loh	sibling_only	H?	2	1	B_spannable_pairwise	yes	137262771=H?-2;137282802=H?-1
chr5:138402289-138421367	2	19078	loh	linear_nested	H1	2	2	A_single_molecule	yes	138402289=H1-1;138421367=H1-1-1
chr5:139869130-139896302	2	27172	gain	sibling_only	H2	2	1	B_spannable_pairwise	CN-altered(?)	139869130=H2-1;139896302=H2-2
chr5:144030970-144051638	2	20668	gain	sibling_only	H1	2	1	A_single_molecule	CN-altered(?)	144030970=H1-1;144051638=H1-2
chr5:144436460-144459114	2	22654	gain	linear_nested	H1	2	2	A_single_molecule	CN-altered(?)	144436460=H1-1;144459114=H1-1-1
chr5:145229546-145257808	2	28262	gain	sibling_only	H?	2	1	B_spannable_pairwise	CN-altered(?)	145229546=H?-2;145257808=H?-1
chr5:145333590-145365703	2	32113	gain	sibling_only	H1	2	1	A_single_molecule	CN-altered(?)	145333590=H1-1;145365703=H1-2
chr5:147080520-147080726	2	206	gain	linear_nested	H2	2	2	A_single_molecule	CN-altered(?)	147080520=H2-1-1;147080726=H2-1
chr5:150637577-150642103	2	4526	gain	sibling_only	H1	2	1	A_single_molecule	CN-altered(?)	150637577=H1-2;150642103=H1-1
chr5:150865711-150880893	2	15182	gain	sibling_only	H1	2	1	A_single_molecule	CN-altered(?)	150865711=H1-1;150880893=H1-2
chr5:151798798-151827023	2	28225	gain	sibling_only	H2	2	1	A_single_molecule	CN-altered(?)	151798798=H2-1;151827023=H2-2
chr5:151937073-151951696	2	14623	gain	linear_nested	H1	2	2	A_single_molecule	CN-altered(?)	151937073=H1-1;151951696=H1-1-1
chr5:152400196-152408792	2	8596	gain	linear_nested	H2	2	2	A_single_molecule	CN-altered(?)	152400196=H2-1-1;152408792=H2-1
chr5:153001067-153030771	2	29704	gain	sibling_only	H2	2	1	B_spannable_pairwise	CN-altered(?)	153001067=H2-1;153030771=H2-2
chr5:154007862-154027747	2	19885	gain	sibling_only	H2	2	1	A_single_molecule	CN-altered(?)	154007862=H2-2;154027747=H2-1
chr5:156360505-156363216	2	2711	loh	sibling_only	H2	2	1	A_single_molecule	yes	156360505=H2-1;156363216=H2-2
chr5:159736550-159748702	2	12152	loh	linear_nested	H1	2	2	A_single_molecule	yes	159736550=H1-1;159748702=H1-1-1
chr5:160193805-160199483	2	5678	loh	linear_nested	H1	2	2	A_single_molecule	yes	160193805=H1-1;160199483=H1-1-1
chr5:160354994-160364417	2	9423	loh	sibling_only	H1	2	1	A_single_molecule	yes	160354994=H1-2;160364417=H1-1
chr5:160736116-160751951	2	15835	loh	sibling_only	H2	2	1	A_single_molecule	yes	160736116=H2-1;160751951=H2-2
chr5:160932863-160952474	2	19611	loh	sibling_only	H2	2	1	A_single_molecule	yes	160932863=H2-2;160952474=H2-1
chr5:161193846-161207753	2	13907	loh	linear_nested	H2	2	2	A_single_molecule	yes	161193846=H2-1;161207753=H2-1-1
chr5:162604952-162612474	2	7522	loh	linear_nested	H2	2	2	A_single_molecule	yes	162604952=H2-1-1;162612474=H2-1
chr5:163367491-163391658	2	24167	loh	sibling_only	H1	2	1	A_single_molecule	yes	163367491=H1-1;163391658=H1-2
chr5:164690651-164700128	2	9477	loh	sibling_only	H2	2	1	A_single_molecule	yes	164690651=H2-1;164700128=H2-2
chr5:168538994-168547578	2	8584	loh	sibling_only	H2	2	1	A_single_molecule	yes	168538994=H2-2;168547578=H2-1
chr5:172813089-172825155	2	12066	loh	linear_nested	H1	2	2	A_single_molecule	yes	172813089=H1-1;172825155=H1-1-1
chr5:173280082-173296936	2	16854	loh	linear_nested	H1	2	2	A_single_molecule	yes	173280082=H1-1-1;173296936=H1-1
chr5:173487654-173489918	2	2264	loh	sibling_only	H1	2	1	A_single_molecule	yes	173487654=H1-2;173489918=H1-1
chr5:174146452-174163124	2	16672	loh	linear_nested	H1	2	2	A_single_molecule	yes	174146452=H1-1-1;174163124=H1-1
chr5:174582648-174589674	2	7026	loh	sibling_only	H1	2	1	A_single_molecule	yes	174582648=H1-1;174589674=H1-2
chr5:175820243-175838837	2	18594	loh	sibling_only	H1	2	1	A_single_molecule	yes	175820243=H1-2;175838837=H1-1
chr5:176844944-176849796	2	4852	loh	linear_nested	H3?	2	2	A_single_molecule	yes	176844944=H3?-1;176849796=H3?-1-1
chr5:177566617-177583396	2	16779	loh	sibling_only	H2	2	1	A_single_molecule	yes	177566617=H2-2;177583396=H2-1
chr5:178156914-178180434	2	23520	loh	sibling_only	H2	2	1	A_single_molecule	yes	178156914=H2-1;178180434=H2-2
chr5:178650247-178673985	2	23738	loh	sibling_only	H2	2	1	A_single_molecule	yes	178650247=H2-2;178673985=H2-1
chr5:179820845-179821847	2	1002	loh	sibling_only	H1	2	1	A_single_molecule	yes	179820845=H1-1;179821847=H1-2
chr5:181141570-181148146	2	6576	loh	sibling_only	H1	2	1	A_single_molecule	yes	181141570=H1-2;181148146=H1-1
chr6:63445151-63463703	2	18552	gain	linear_nested	H2	2	2	A_single_molecule	CN-altered(?)	63445151=H2-1;63463703=H2-1-1
chr6:64213057-64225139	2	12082	neutral	linear_nested	H2	2	2	A_single_molecule	yes	64213057=H2-1-1;64225139=H2-1
chr6:66616171-66641233	2	25062	neutral	sibling_only	H2	2	1	A_single_molecule	yes	66616171=H2-2;66641233=H2-1
chr6:71101992-71119806	2	17814	gain	sibling_only	H1	2	1	A_single_molecule	CN-altered(?)	71101992=H1-2;71119806=H1-1
chr6:72820945-72823311	2	2366	gain	sibling_only	H2	2	1	B_spannable_pairwise	CN-altered(?)	72820945=H2-2;72823311=H2-1
chr6:72962192-72971136	2	8944	gain	sibling_only	H2	2	1	A_single_molecule	CN-altered(?)	72962192=H2-2;72971136=H2-1
chr6:74035142-74052399	2	17257	gain	sibling_only	H?	2	1	A_single_molecule	CN-altered(?)	74035142=H?-1;74052399=H?-2
chr6:76545314-76573648	2	28334	gain	sibling_only	H1	2	1	B_spannable_pairwise	CN-altered(?)	76545314=H1-1;76573648=H1-2
chr6:79527319-79532285	2	4966	gain	linear_nested	H2	2	2	A_single_molecule	CN-altered(?)	79527319=H2-1;79532285=H2-1-1
chr6:82886208-82911098	2	24890	gain	sibling_only	H2	2	1	B_spannable_pairwise	CN-altered(?)	82886208=H2-2;82911098=H2-1
chr6:88359997-88368054	2	8057	loss	linear_nested	H1	2	2	B_spannable_pairwise	CN-altered(?)	88359997=H1-1-1;88368054=H1-1
chr6:89035331-89066241	2	30910	loh	linear_nested	H1	2	2	B_spannable_pairwise	yes	89035331=H1-1-1;89066241=H1-1
chr6:90623132-90629396	2	6264	loss	linear_nested	H2	2	2	B_spannable_pairwise	CN-altered(?)	90623132=H2-1;90629396=H2-1-1
chr6:97610239-97634281	2	24042	loss	linear_nested	H1	2	2	B_spannable_pairwise	CN-altered(?)	97610239=H1-1;97634281=H1-1-1
chr6:98540124-98548127	2	8003	loh	sibling_only	H2	2	1	A_single_molecule	yes	98540124=H2-2;98548127=H2-1
chr6:98881224-98902717	2	21493	loh	linear_nested	H2	2	2	B_spannable_pairwise	yes	98881224=H2-1-1;98902717=H2-1
chr6:106112590-106127363	2	14773	loh	linear_nested	H2	2	2	A_single_molecule	yes	106112590=H2-1-1;106127363=H2-1
chr6:107675635-107708808	2	33173	loh	sibling_only	H?	2	1	B_spannable_pairwise	yes	107675635=H?-1;107708808=H?-2
chr6:110537967-110547635	2	9668	loh	sibling_only	H2	2	1	A_single_molecule	yes	110537967=H2-1;110547635=H2-2
chr6:110664010-110671803	2	7793	loh	linear_nested	H2	2	2	A_single_molecule	yes	110664010=H2-1-1;110671803=H2-1
chr6:112448922-112453616	2	4694	loh	linear_nested	H2	2	2	A_single_molecule	yes	112448922=H2-1-1;112453616=H2-1
chr6:112825894-112839871	2	13977	loh	sibling_only	H2	2	1	A_single_molecule	yes	112825894=H2-2;112839871=H2-1
chr6:113024475-113031430	2	6955	loh	linear_nested	H2	2	2	A_single_molecule	yes	113024475=H2-1-1;113031430=H2-1
chr6:113656066-113656484	2	418	loh	linear_nested	H2	2	2	A_single_molecule	yes	113656066=H2-1-1;113656484=H2-1
chr6:114251352-114279531	2	28179	loh	linear_nested	H2	2	2	A_single_molecule	yes	114251352=H2-1;114279531=H2-1-1
chr6:115277434-115307893	2	30459	loh	sibling_only	H2	2	1	B_spannable_pairwise	yes	115277434=H2-2;115307893=H2-1
chr6:116012421-116012514	2	93	gain	sibling_only	H2	2	1	A_single_molecule	CN-altered(?)	116012421=H2-1;116012514=H2-2
chr6:116661572-116661623	2	51	gain	sibling_only	H2	2	1	A_single_molecule	CN-altered(?)	116661572=H2-2;116661623=H2-1
chr6:117087116-117100933	2	13817	gain	linear_nested	H2	2	2	B_spannable_pairwise	CN-altered(?)	117087116=H2-1;117100933=H2-1-1
chr6:117910119-117918862	2	8743	gain	sibling_only	H1	2	1	A_single_molecule	CN-altered(?)	117910119=H1-2;117918862=H1-1
chr6:118390989-118404207	2	13218	gain	linear_nested	H1	2	2	A_single_molecule	CN-altered(?)	118390989=H1-1-1;118404207=H1-1
chr6:119473853-119474648	2	795	gain	sibling_only	H1	2	1	A_single_molecule	CN-altered(?)	119473853=H1-2;119474648=H1-1
chr6:120109018-120120128	2	11110	gain	linear_nested	H1	2	2	A_single_molecule	CN-altered(?)	120109018=H1-1-1;120120128=H1-1
chr6:120972931-120998763	2	25832	gain	sibling_only	H1	2	1	A_single_molecule	CN-altered(?)	120972931=H1-1;120998763=H1-2
chr6:121347122-121366978	2	19856	gain	linear_nested	H1	2	2	A_single_molecule	CN-altered(?)	121347122=H1-1-1;121366978=H1-1
chr6:122028000-122037338	2	9338	gain	sibling_only	H1	2	1	A_single_molecule	CN-altered(?)	122028000=H1-1;122037338=H1-2
chr6:126517102-126541599	2	24497	gain	sibling_only	H2	2	1	B_spannable_pairwise	CN-altered(?)	126517102=H2-1;126541599=H2-2
chr6:127662147-127692563	2	30416	gain	sibling_only	H1	2	1	B_spannable_pairwise	CN-altered(?)	127662147=H1-1;127692563=H1-2
chr6:128502030-128531509	2	29479	gain	sibling_only	H1	2	1	A_single_molecule	CN-altered(?)	128502030=H1-2;128531509=H1-1
chr6:129013112-129023024	2	9912	gain	linear_nested	H1	2	2	A_single_molecule	CN-altered(?)	129013112=H1-1;129023024=H1-1-1
chr6:129770684-129781330	2	10646	gain	linear_nested	H1	2	2	A_single_molecule	CN-altered(?)	129770684=H1-1-1;129781330=H1-1
chr6:130546799-130559903	2	13104	gain	linear_nested	H1	2	2	A_single_molecule	CN-altered(?)	130546799=H1-1;130559903=H1-1-1
chr6:132399997-132420628	2	20631	gain	sibling_only	H2	2	1	A_single_molecule	CN-altered(?)	132399997=H2-1;132420628=H2-2
chr6:135460522-135461047	2	525	gain	linear_nested	H2	2	2	A_single_molecule	CN-altered(?)	135460522=H2-1;135461047=H2-1-1
chr6:135614645-135615294	2	649	gain	linear_nested	H2	2	2	A_single_molecule	CN-altered(?)	135614645=H2-1-1;135615294=H2-1
chr6:137236306-137243811	2	7505	gain	sibling_only	H2	2	1	A_single_molecule	CN-altered(?)	137236306=H2-1;137243811=H2-2
chr6:137776746-137810198	2	33452	gain	sibling_only	H?	2	1	B_spannable_pairwise	CN-altered(?)	137776746=H?-1;137810198=H?-2
chr6:147278974-147302288	2	23314	gain	sibling_only	H1	2	1	A_single_molecule	CN-altered(?)	147278974=H1-2;147302288=H1-1
chr6:148224120-148226122	2	2002	gain	sibling_only	H1	2	1	A_single_molecule	CN-altered(?)	148224120=H1-2;148226122=H1-1
chr6:150092079-150108823	2	16744	gain	linear_nested	H1	2	2	A_single_molecule	CN-altered(?)	150092079=H1-1;150108823=H1-1-1
chr6:150423741-150443952	2	20211	gain	linear_nested	H1	2	2	B_spannable_pairwise	CN-altered(?)	150423741=H1-1-1;150443952=H1-1
chr6:152883943-152907387	2	23444	gain	linear_nested	H1	2	2	A_single_molecule	CN-altered(?)	152883943=H1-1-1;152907387=H1-1
chr6:153832252-153839913	2	7661	gain	sibling_only	H2	2	1	A_single_molecule	CN-altered(?)	153832252=H2-1;153839913=H2-2
chr6:156491074-156491821	2	747	gain	linear_nested	H2	2	2	A_single_molecule	CN-altered(?)	156491074=H2-1-1;156491821=H2-1
chr6:163732492-163746191	2	13699	loh	sibling_only	H?	2	1	B_spannable_pairwise	yes	163732492=H?-1;163746191=H?-2
chr6:165516686-165522573	2	5887	loh	sibling_only	H2	2	1	A_single_molecule	yes	165516686=H2-1;165522573=H2-2
chr6:165849018-165870539	2	21521	loh	linear_nested	H1	2	2	B_spannable_pairwise	yes	165849018=H1-1-1;165870539=H1-1
chr6:166751706-166768780	2	17074	gain	linear_nested	H1	2	2	A_single_molecule	CN-altered(?)	166751706=H1-1;166768780=H1-1-1
chr6:167455674-167493631	2	37957	gain	linear_nested	H1	2	2	B_spannable_pairwise	CN-altered(?)	167455674=H1-1-1;167493631=H1-1
chr7:2983587-2986364	2	2777	gain	linear_nested	H1	2	2	A_single_molecule	CN-altered(?)	2983587=H1-1;2986364=H1-1-1
chr7:3908911-3927655	2	18744	gain	sibling_only	H1	2	1	B_spannable_pairwise	CN-altered(?)	3908911=H1-2;3927655=H1-1
chr7:4073244-4077983	2	4739	gain	sibling_only	H2	2	1	A_single_molecule	CN-altered(?)	4073244=H2-1;4077983=H2-2
chr7:7351225-7369771	2	18546	gain	linear_nested	H1	2	2	B_spannable_pairwise	CN-altered(?)	7351225=H1-1;7369771=H1-1-1
chr7:9174826-9205507	2	30681	gain	linear_nested	H1	2	2	B_spannable_pairwise	CN-altered(?)	9174826=H1-1-1;9205507=H1-1
chr7:9404628-9411196	2	6568	gain	linear_nested	H1	2	2	A_single_molecule	CN-altered(?)	9404628=H1-1;9411196=H1-1-1
chr7:9476966-9500768	2	23802	gain	linear_nested	H1	2	2	A_single_molecule	CN-altered(?)	9476966=H1-1-1;9500768=H1-1
chr7:10113382-10130776	2	17394	gain	linear_nested	H1	2	2	A_single_molecule	CN-altered(?)	10113382=H1-1;10130776=H1-1-1
chr7:12473481-12489927	2	16446	gain	linear_nested	H1	2	2	B_spannable_pairwise	CN-altered(?)	12473481=H1-1;12489927=H1-1-1
chr7:13676646-13696453	2	19807	gain	linear_nested	H2	2	2	B_spannable_pairwise	CN-altered(?)	13676646=H2-1;13696453=H2-1-1
chr7:13836055-13838346	2	2291	gain	sibling_only	H2	2	1	A_single_molecule	CN-altered(?)	13836055=H2-1;13838346=H2-2
chr7:14306046-14324586	2	18540	gain	sibling_only	H2	2	1	A_single_molecule	CN-altered(?)	14306046=H2-2;14324586=H2-1
chr7:14935878-14957153	2	21275	gain	sibling_only	H2	2	1	B_spannable_pairwise	CN-altered(?)	14935878=H2-2;14957153=H2-1
chr7:19159918-19171718	2	11800	gain	sibling_only	H2	2	1	B_spannable_pairwise	CN-altered(?)	19159918=H2-2;19171718=H2-1
chr7:21248382-21272721	2	24339	loh	sibling_only	H1	2	1	A_single_molecule	yes	21248382=H1-1;21272721=H1-2
chr7:22583038-22586017	2	2979	loh	linear_nested	H1	2	2	A_single_molecule	yes	22583038=H1-1-1;22586017=H1-1
chr7:23104201-23122751	2	18550	loh	linear_nested	H1	2	2	B_spannable_pairwise	yes	23104201=H1-1;23122751=H1-1-1
chr7:28497429-28532143	2	34714	gain	linear_nested	H1	2	2	B_spannable_pairwise	CN-altered(?)	28497429=H1-1-1;28532143=H1-1
chr7:31593438-31614085	2	20647	gain	linear_nested	H1	2	2	A_single_molecule	CN-altered(?)	31593438=H1-1-1;31614085=H1-1
chr7:33432065-33440321	2	8256	gain	linear_nested	H2	2	2	A_single_molecule	CN-altered(?)	33432065=H2-1-1;33440321=H2-1
chr7:38704318-38734013	2	29695	gain	linear_nested	H1	2	2	B_spannable_pairwise	CN-altered(?)	38704318=H1-1-1;38734013=H1-1
chr7:38978710-38980430	2	1720	gain	linear_nested	H1	2	2	A_single_molecule	CN-altered(?)	38978710=H1-1-1;38980430=H1-1
chr7:43897225-43932002	2	34777	gain	sibling_only	H2	2	1	B_spannable_pairwise	CN-altered(?)	43897225=H2-1;43932002=H2-2
chr7:44878100-44895786	2	17686	gain	linear_nested	H2	2	2	A_single_molecule	CN-altered(?)	44878100=H2-1;44895786=H2-1-1
chr7:45271934-45284910	2	12976	gain	linear_nested	H1	2	2	A_single_molecule	CN-altered(?)	45271934=H1-1-1;45284910=H1-1
chr7:45455018-45462251	2	7233	gain	sibling_only	H2	2	1	A_single_molecule	CN-altered(?)	45455018=H2-2;45462251=H2-1
chr7:45562602-45569469	2	6867	gain	linear_nested	H2	2	2	A_single_molecule	CN-altered(?)	45562602=H2-1;45569469=H2-1-1
chr7:45621914-45643674	2	21760	gain	linear_nested	H2	2	2	A_single_molecule	CN-altered(?)	45621914=H2-1;45643674=H2-1-1
chr7:46796451-46800263	2	3812	gain	linear_nested	H2	2	2	A_single_molecule	CN-altered(?)	46796451=H2-1;46800263=H2-1-1
chr7:52200866-52200867	2	1	gain	linear_nested	H2	2	2	A_single_molecule	CN-altered(?)	52200866=H2-1;52200867=H2-1-1
chr7:52706685-52719804	2	13119	gain	sibling_only	H1	2	1	A_single_molecule	CN-altered(?)	52706685=H1-2;52719804=H1-1
chr7:53877974-53884519	2	6545	gain	linear_nested	H1	2	2	A_single_molecule	CN-altered(?)	53877974=H1-1-1;53884519=H1-1
chr7:63245840-63272254	2	26414	gain	linear_nested	H2	2	2	B_spannable_pairwise	CN-altered(?)	63245840=H2-1-1;63272254=H2-1
chr7:67956039-67969814	2	13775	gain	linear_nested	H2	2	2	A_single_molecule	CN-altered(?)	67956039=H2-1-1;67969814=H2-1
chr7:68530172-68544487	2	14315	gain	linear_nested	H1	2	2	A_single_molecule	CN-altered(?)	68530172=H1-1-1;68544487=H1-1
chr7:72900050-72900051	2	1	gain	linear_nested	H2	2	2	A_single_molecule	CN-altered(?)	72900050=H2-1;72900051=H2-1-1
chr7:76449711-76451261	2	1550	gain	sibling_only	H2	2	1	A_single_molecule	CN-altered(?)	76449711=H2-2;76451261=H2-1
chr7:79177112-79195256	2	18144	gain	linear_nested	H2	2	2	A_single_molecule	CN-altered(?)	79177112=H2-1;79195256=H2-1-1
chr7:81619830-81620426	2	596	gain	sibling_only	H3?	2	1	A_single_molecule	CN-altered(?)	81619830=H3?-2;81620426=H3?-1
chr7:82252564-82252965	2	401	gain	linear_nested	H2	2	2	A_single_molecule	CN-altered(?)	82252564=H2-1;82252965=H2-1-1
chr7:83760359-83789087	2	28728	gain	sibling_only	H?	2	1	A_single_molecule	CN-altered(?)	83760359=H?-2;83789087=H?-1
chr7:85591609-85606539	2	14930	gain	sibling_only	H1	2	1	A_single_molecule	CN-altered(?)	85591609=H1-2;85606539=H1-1
chr7:86885560-86908107	2	22547	gain	linear_nested	H1	2	2	A_single_molecule	CN-altered(?)	86885560=H1-1-1;86908107=H1-1
chr7:87110918-87135528	2	24610	gain	sibling_only	H1	2	1	A_single_molecule	CN-altered(?)	87110918=H1-1;87135528=H1-2
chr7:90502368-90526887	2	24519	gain	sibling_only	H1	2	1	A_single_molecule	CN-altered(?)	90502368=H1-1;90526887=H1-2
chr7:90877649-90884645	2	6996	gain	sibling_only	H2	2	1	A_single_molecule	CN-altered(?)	90877649=H2-2;90884645=H2-1
chr7:94213150-94221011	2	7861	gain	linear_nested	H1	2	2	A_single_molecule	CN-altered(?)	94213150=H1-1-1;94221011=H1-1
chr7:94661838-94697693	2	35855	gain	sibling_only	H1	2	1	B_spannable_pairwise	CN-altered(?)	94661838=H1-2;94697693=H1-1
chr7:95935028-95950205	2	15177	gain	sibling_only	H1	2	1	A_single_molecule	CN-altered(?)	95935028=H1-2;95950205=H1-1
chr7:96496972-96508798	2	11826	gain	linear_nested	H1	2	2	A_single_molecule	CN-altered(?)	96496972=H1-1;96508798=H1-1-1
chr7:98576830-98598900	2	22070	gain	sibling_only	H1	2	1	A_single_molecule	CN-altered(?)	98576830=H1-1;98598900=H1-2
chr7:99060961-99063022	2	2061	gain	sibling_only	H1	2	1	A_single_molecule	CN-altered(?)	99060961=H1-2;99063022=H1-1
chr7:100188780-100215773	2	26993	gain	sibling_only	H1	2	1	A_single_molecule	CN-altered(?)	100188780=H1-2;100215773=H1-1
chr7:101402649-101431140	2	28491	gain	linear_nested	H2	2	2	B_spannable_pairwise	CN-altered(?)	101402649=H2-1-1;101431140=H2-1
chr7:104810879-104822596	2	11717	gain	linear_nested	H1	2	2	B_spannable_pairwise	CN-altered(?)	104810879=H1-1;104822596=H1-1-1
chr7:106845913-106854241	2	8328	gain	linear_nested	H1	2	2	A_single_molecule	CN-altered(?)	106845913=H1-1;106854241=H1-1-1
chr7:106916936-106932517	2	15581	gain	sibling_only	H2	2	1	A_single_molecule	CN-altered(?)	106916936=H2-2;106932517=H2-1
chr7:107884377-107895555	2	11178	gain	sibling_only	H2	2	1	A_single_molecule	CN-altered(?)	107884377=H2-1;107895555=H2-2
chr7:108278873-108308075	2	29202	gain	sibling_only	H?	2	1	A_single_molecule	CN-altered(?)	108278873=H?-2;108308075=H?-1
chr7:108539214-108546794	2	7580	gain	sibling_only	H2	2	1	A_single_molecule	CN-altered(?)	108539214=H2-2;108546794=H2-1
chr7:110196051-110197588	2	1537	gain	sibling_only	H3?	2	1	A_single_molecule	CN-altered(?)	110196051=H3?-2;110197588=H3?-1
chr7:110260396-110265714	2	5318	gain	sibling_only	H2	2	1	A_single_molecule	CN-altered(?)	110260396=H2-2;110265714=H2-1
chr7:111583047-111615232	2	32185	gain	sibling_only	H1	2	1	B_spannable_pairwise	CN-altered(?)	111583047=H1-1;111615232=H1-2
chr7:113785679-113805232	2	19553	gain	linear_nested	H1	2	2	A_single_molecule	CN-altered(?)	113785679=H1-1-1;113805232=H1-1
chr7:114161708-114196504	2	34796	gain	sibling_only	H2	2	1	B_spannable_pairwise	CN-altered(?)	114161708=H2-2;114196504=H2-1
chr7:115371093-115395014	2	23921	gain	sibling_only	H2	2	1	A_single_molecule	CN-altered(?)	115371093=H2-2;115395014=H2-1
chr7:115681338-115707684	2	26346	gain	sibling_only	H2	2	1	A_single_molecule	CN-altered(?)	115681338=H2-1;115707684=H2-2
chr7:117618841-117650281	2	31440	gain	linear_nested	H1	2	2	A_single_molecule	CN-altered(?)	117618841=H1-1-1;117650281=H1-1
chr7:118294036-118297900	2	3864	gain	sibling_only	H2	2	1	A_single_molecule	CN-altered(?)	118294036=H2-1;118297900=H2-2
chr7:123111147-123116464	2	5317	gain	linear_nested	H1	2	2	A_single_molecule	CN-altered(?)	123111147=H1-1-1;123116464=H1-1
chr7:123317846-123330705	2	12859	gain	sibling_only	H2	2	1	A_single_molecule	CN-altered(?)	123317846=H2-2;123330705=H2-1
chr7:126678747-126692173	2	13426	gain	sibling_only	H1	2	1	A_single_molecule	CN-altered(?)	126678747=H1-1;126692173=H1-2
chr7:128721232-128756877	2	35645	gain	sibling_only	H1	2	1	B_spannable_pairwise	CN-altered(?)	128721232=H1-2;128756877=H1-1
chr7:129799031-129808123	2	9092	gain	sibling_only	H2	2	1	A_single_molecule	CN-altered(?)	129799031=H2-1;129808123=H2-2
chr7:129881694-129892674	2	10980	gain	sibling_only	H2	2	1	A_single_molecule	CN-altered(?)	129881694=H2-1;129892674=H2-2
chr7:130212160-130248319	2	36159	gain	linear_nested	H2	2	2	B_spannable_pairwise	CN-altered(?)	130212160=H2-1-1;130248319=H2-1
chr7:134192198-134202776	2	10578	gain	sibling_only	H1	2	1	A_single_molecule	CN-altered(?)	134192198=H1-2;134202776=H1-1
chr7:136155706-136158412	2	2706	gain	linear_nested	H3?	2	2	A_single_molecule	CN-altered(?)	136155706=H3?-1-1;136158412=H3?-1
chr7:136533906-136544814	2	10908	gain	sibling_only	H1	2	1	A_single_molecule	CN-altered(?)	136533906=H1-2;136544814=H1-1
chr7:138557269-138583927	2	26658	gain	sibling_only	H2	2	1	A_single_molecule	CN-altered(?)	138557269=H2-1;138583927=H2-2
chr7:142293145-142307476	2	14331	gain	linear_nested	H1	2	2	A_single_molecule	CN-altered(?)	142293145=H1-1-1;142307476=H1-1
chr7:144854578-144860418	2	5840	gain	linear_nested	H2	2	2	A_single_molecule	CN-altered(?)	144854578=H2-1;144860418=H2-1-1
chr7:144996457-145015859	2	19402	gain	sibling_only	H2	2	1	A_single_molecule	CN-altered(?)	144996457=H2-2;145015859=H2-1
chr7:146259577-146286505	2	26928	gain	linear_nested	H2	2	2	A_single_molecule	CN-altered(?)	146259577=H2-1;146286505=H2-1-1
chr7:146813530-146823748	2	10218	gain	linear_nested	H2	2	2	A_single_molecule	CN-altered(?)	146813530=H2-1;146823748=H2-1-1
chr7:151000647-151003052	2	2405	gain	sibling_only	H1	2	1	A_single_molecule	CN-altered(?)	151000647=H1-2;151003052=H1-1
chr7:153794917-153830359	2	35442	gain	sibling_only	H1	2	1	B_spannable_pairwise	CN-altered(?)	153794917=H1-2;153830359=H1-1
chr7:156842235-156847613	2	5378	gain	sibling_only	H2	2	1	A_single_molecule	CN-altered(?)	156842235=H2-2;156847613=H2-1
chr7:157057833-157092169	2	34336	gain	sibling_only	H1	2	1	B_spannable_pairwise	CN-altered(?)	157057833=H1-1;157092169=H1-2
chr7:159083954-159110146	2	26192	gain	sibling_only	H2	2	1	A_single_molecule	CN-altered(?)	159083954=H2-1;159110146=H2-2
chr8:1337508-1338808	2	1300	loh	sibling_only	H1	2	1	A_single_molecule	yes	1337508=H1-1;1338808=H1-2
chr8:1517909-1541908	2	23999	loh	linear_nested	H1	2	2	A_single_molecule	yes	1517909=H1-1-1;1541908=H1-1
chr8:2559701-2577681	2	17980	loh	sibling_only	H1	2	1	B_spannable_pairwise	yes	2559701=H1-1;2577681=H1-2
chr8:2707707-2720446	2	12739	loh	linear_nested	H1	2	2	B_spannable_pairwise	yes	2707707=H1-1;2720446=H1-1-1
chr8:3631242-3643201	2	11959	loh	sibling_only	H?	2	1	A_single_molecule	yes	3631242=H?-2;3643201=H?-1
chr8:4393752-4419719	2	25967	loh	sibling_only	H1	2	1	B_spannable_pairwise	yes	4393752=H1-1;4419719=H1-2
chr8:4847314-4852623	2	5309	loh	linear_nested	H3?	2	2	A_single_molecule	yes	4847314=H3?-1;4852623=H3?-1-1
chr8:5123470-5123472	2	2	loh	linear_nested	H2	2	2	A_single_molecule	yes	5123470=H2-1;5123472=H2-1-1
chr8:5274663-5296404	2	21741	loh	linear_nested	H2	2	2	A_single_molecule	yes	5274663=H2-1;5296404=H2-1-1
chr8:6226483-6226905	2	422	loh	linear_nested	H1	2	2	A_single_molecule	yes	6226483=H1-1;6226905=H1-1-1
chr8:10782114-10791974	2	9860	loh	linear_nested	H2	2	2	B_spannable_pairwise	yes	10782114=H2-1;10791974=H2-1-1
chr8:10913009-10932676	2	19667	loh	linear_nested	H2	2	2	B_spannable_pairwise	yes	10913009=H2-1-1;10932676=H2-1
chr8:11043222-11043526	2	304	loh	linear_nested	H2	2	2	A_single_molecule	yes	11043222=H2-1-1;11043526=H2-1
chr8:12325488-12327075	2	1587	loh	linear_nested	H1	2	2	B_spannable_pairwise	yes	12325488=H1-1;12327075=H1-1-1
chr8:12749006-12767111	2	18105	loh	linear_nested	H1	2	2	B_spannable_pairwise	yes	12749006=H1-1;12767111=H1-1-1
chr8:13374094-13383810	2	9716	loh	linear_nested	H2	2	2	A_single_molecule	yes	13374094=H2-1;13383810=H2-1-1
chr8:14788337-14790950	2	2613	loh	linear_nested	H2	2	2	A_single_molecule	yes	14788337=H2-1;14790950=H2-1-1
chr8:17624281-17641183	2	16902	loh	linear_nested	H1	2	2	A_single_molecule	yes	17624281=H1-1;17641183=H1-1-1
chr8:17729196-17741357	2	12161	loh	linear_nested	H1	2	2	A_single_molecule	yes	17729196=H1-1-1;17741357=H1-1
chr8:18475254-18476378	2	1124	loh	sibling_only	H2	2	1	A_single_molecule	yes	18475254=H2-2;18476378=H2-1
chr8:19451756-19471350	2	19594	loh	sibling_only	H1	2	1	B_spannable_pairwise	yes	19451756=H1-2;19471350=H1-1
chr8:21223781-21229698	2	5917	loh	linear_nested	H1	2	2	A_single_molecule	yes	21223781=H1-1;21229698=H1-1-1
chr8:26060737-26081229	2	20492	loh	sibling_only	H1	2	1	B_spannable_pairwise	yes	26060737=H1-1;26081229=H1-2
chr8:26682509-26683264	2	755	loh	linear_nested	H1	2	2	A_single_molecule	yes	26682509=H1-1;26683264=H1-1-1
chr8:29365524-29375932	2	10408	loh	linear_nested	H1	2	2	B_spannable_pairwise	yes	29365524=H1-1-1;29375932=H1-1
chr8:29829811-29851209	2	21398	loh	linear_nested	H1	2	2	A_single_molecule	yes	29829811=H1-1;29851209=H1-1-1
chr8:31175903-31197816	2	21913	loh	linear_nested	H1	2	2	B_spannable_pairwise	yes	31175903=H1-1-1;31197816=H1-1
chr8:31635092-31653861	2	18769	loh	sibling_only	H1	2	1	A_single_molecule	yes	31635092=H1-2;31653861=H1-1
chr8:32391104-32397575	2	6471	loh	linear_nested	H1	2	2	A_single_molecule	yes	32391104=H1-1-1;32397575=H1-1
chr8:40628597-40648496	2	19899	loh	linear_nested	H2	2	2	A_single_molecule	yes	40628597=H2-1-1;40648496=H2-1
chr8:41611677-41631790	2	20113	loh	sibling_only	H?	2	1	A_single_molecule	yes	41611677=H?-1;41631790=H?-2
chr8:42229577-42245356	2	15779	loh	linear_nested	H2	2	2	A_single_molecule	yes	42229577=H2-1;42245356=H2-1-1
chr8:52620402-52632310	2	11908	gain	linear_nested	H1	2	2	A_single_molecule	CN-altered(?)	52620402=H1-1;52632310=H1-1-1
chr8:52934659-52965805	2	31146	gain	linear_nested	H1	2	2	B_spannable_pairwise	CN-altered(?)	52934659=H1-1-1;52965805=H1-1
chr8:56112005-56125555	2	13550	loh	linear_nested	H1	2	2	A_single_molecule	yes	56112005=H1-1;56125555=H1-1-1
chr8:56192765-56200061	2	7296	loh	linear_nested	H1	2	2	A_single_molecule	yes	56192765=H1-1-1;56200061=H1-1
chr8:56629236-56644762	2	15526	loh	sibling_only	H1	2	1	A_single_molecule	yes	56629236=H1-1;56644762=H1-2
chr8:59310456-59326334	2	15878	loh	sibling_only	H2	2	1	A_single_molecule	yes	59310456=H2-2;59326334=H2-1
chr8:60457564-60489792	2	32228	loh	sibling_only	H?	2	1	B_spannable_pairwise	yes	60457564=H?-2;60489792=H?-1
chr8:63236833-63246740	2	9907	loh	linear_nested	H1	2	2	A_single_molecule	yes	63236833=H1-1-1;63246740=H1-1
chr8:64526685-64547907	2	21222	gain	linear_nested	H1	2	2	A_single_molecule	CN-altered(?)	64526685=H1-1-1;64547907=H1-1
chr8:65101118-65104388	2	3270	gain	sibling_only	H1	2	1	A_single_molecule	CN-altered(?)	65101118=H1-1;65104388=H1-2
chr8:65395987-65425090	2	29103	gain	sibling_only	H?	2	1	B_spannable_pairwise	CN-altered(?)	65395987=H?-2;65425090=H?-1
chr8:70335600-70335601	2	1	gain	linear_nested	H1	2	2	A_single_molecule	CN-altered(?)	70335600=H1-1-1;70335601=H1-1
chr8:71362098-71384040	2	21942	gain	sibling_only	H1	2	1	A_single_molecule	CN-altered(?)	71362098=H1-1;71384040=H1-2
chr8:72526570-72542220	2	15650	gain	sibling_only	H2	2	1	A_single_molecule	CN-altered(?)	72526570=H2-2;72542220=H2-1
chr8:73674999-73697618	2	22619	gain	sibling_only	H?	2	1	A_single_molecule	CN-altered(?)	73674999=H?-1;73697618=H?-2
chr8:76299201-76327973	2	28772	gain	sibling_only	H1	2	1	B_spannable_pairwise	CN-altered(?)	76299201=H1-1;76327973=H1-2
chr8:77269302-77270076	2	774	gain	linear_nested	H1	2	2	A_single_molecule	CN-altered(?)	77269302=H1-1-1;77270076=H1-1
chr8:79081135-79088095	2	6960	gain	linear_nested	H2	2	2	A_single_molecule	CN-altered(?)	79081135=H2-1-1;79088095=H2-1
chr8:83639220-83650324	2	11104	gain	sibling_only	H1	2	1	A_single_molecule	CN-altered(?)	83639220=H1-2;83650324=H1-1
chr8:84425440-84440857	2	15417	gain	sibling_only	H1	2	1	A_single_molecule	CN-altered(?)	84425440=H1-1;84440857=H1-2
chr8:89306858-89330223	2	23365	loh	linear_nested	H2	2	2	A_single_molecule	yes	89306858=H2-1;89330223=H2-1-1
chr8:92377994-92379554	2	1560	loh	sibling_only	H1	2	1	A_single_molecule	yes	92377994=H1-1;92379554=H1-2
chr8:94620688-94627688	2	7000	loh	sibling_only	H1	2	1	A_single_molecule	yes	94620688=H1-1;94627688=H1-2
chr8:97069641-97091026	2	21385	loh	linear_nested	H2	2	2	B_spannable_pairwise	yes	97069641=H2-1-1;97091026=H2-1
chr8:98951689-98974216	2	22527	loh	sibling_only	H?	2	1	A_single_molecule	yes	98951689=H?-1;98974216=H?-2
chr8:100198593-100215194	2	16601	loh	sibling_only	H2	2	1	A_single_molecule	yes	100198593=H2-1;100215194=H2-2
chr8:100956797-100974497	2	17700	loh	sibling_only	H2	2	1	B_spannable_pairwise	yes	100956797=H2-1;100974497=H2-2
chr8:101027250-101037148	2	9898	loh	sibling_only	H2	2	1	A_single_molecule	yes	101027250=H2-1;101037148=H2-2
chr8:103423900-103432494	2	8594	gain	linear_nested	H2	2	2	A_single_molecule	CN-altered(?)	103423900=H2-1-1;103432494=H2-1
chr8:104142829-104149212	2	6383	gain	sibling_only	H2	2	1	A_single_molecule	CN-altered(?)	104142829=H2-2;104149212=H2-1
chr8:105201830-105219107	2	17277	gain	sibling_only	H2	2	1	A_single_molecule	CN-altered(?)	105201830=H2-2;105219107=H2-1
chr8:105619733-105632050	2	12317	gain	sibling_only	H1	2	1	A_single_molecule	CN-altered(?)	105619733=H1-2;105632050=H1-1
chr8:107127763-107140966	2	13203	gain	sibling_only	H2	2	1	A_single_molecule	CN-altered(?)	107127763=H2-1;107140966=H2-2
chr8:108326473-108349893	2	23420	gain	sibling_only	H2	2	1	A_single_molecule	CN-altered(?)	108326473=H2-1;108349893=H2-2
chr8:110120667-110133912	2	13245	gain	linear_nested	H1	2	2	A_single_molecule	CN-altered(?)	110120667=H1-1;110133912=H1-1-1
chr8:110361765-110384442	2	22677	gain	sibling_only	H?	2	1	A_single_molecule	CN-altered(?)	110361765=H?-2;110384442=H?-1
chr8:110772296-110782025	2	9729	gain	linear_nested	H2	2	2	A_single_molecule	CN-altered(?)	110772296=H2-1-1;110782025=H2-1
chr8:111333733-111350115	2	16382	gain	sibling_only	H1	2	1	A_single_molecule	CN-altered(?)	111333733=H1-1;111350115=H1-2
chr8:111597796-111625133	2	27337	gain	sibling_only	H1	2	1	B_spannable_pairwise	CN-altered(?)	111597796=H1-1;111625133=H1-2
chr8:112930332-112931836	2	1504	gain	linear_nested	H1	2	2	A_single_molecule	CN-altered(?)	112930332=H1-1-1;112931836=H1-1
chr8:113730836-113735767	2	4931	gain	linear_nested	H1	2	2	A_single_molecule	CN-altered(?)	113730836=H1-1-1;113735767=H1-1
chr8:114368068-114390651	2	22583	gain	sibling_only	H1	2	1	A_single_molecule	CN-altered(?)	114368068=H1-2;114390651=H1-1
chr8:116587987-116599366	2	11379	gain	linear_nested	H2	2	2	A_single_molecule	CN-altered(?)	116587987=H2-1;116599366=H2-1-1
chr8:117624032-117635569	2	11537	gain	sibling_only	H2	2	1	A_single_molecule	CN-altered(?)	117624032=H2-1;117635569=H2-2
chr8:118469698-118479501	2	9803	gain	linear_nested	H1	2	2	A_single_molecule	CN-altered(?)	118469698=H1-1;118479501=H1-1-1
chr8:118671269-118695005	2	23736	gain	sibling_only	H1	2	1	A_single_molecule	CN-altered(?)	118671269=H1-1;118695005=H1-2
chr8:119014094-119017340	2	3246	gain	sibling_only	H1	2	1	A_single_molecule	CN-altered(?)	119014094=H1-2;119017340=H1-1
chr8:120711189-120729262	2	18073	gain	sibling_only	H1	2	1	A_single_molecule	CN-altered(?)	120711189=H1-2;120729262=H1-1
chr8:122193975-122210394	2	16419	gain	sibling_only	H2	2	1	A_single_molecule	CN-altered(?)	122193975=H2-2;122210394=H2-1
chr8:122745381-122769422	2	24041	gain	sibling_only	H2	2	1	A_single_molecule	CN-altered(?)	122745381=H2-1;122769422=H2-2
chr8:123441187-123446321	2	5134	gain	sibling_only	H2	2	1	A_single_molecule	CN-altered(?)	123441187=H2-2;123446321=H2-1
chr8:125575083-125578529	2	3446	gain	sibling_only	H2	2	1	A_single_molecule	CN-altered(?)	125575083=H2-2;125578529=H2-1
chr8:125822376-125838044	2	15668	gain	sibling_only	H2	2	1	A_single_molecule	CN-altered(?)	125822376=H2-2;125838044=H2-1
chr8:126469325-126490386	2	21061	gain	sibling_only	H2	2	1	A_single_molecule	CN-altered(?)	126469325=H2-2;126490386=H2-1
chr8:126584306-126603338	2	19032	gain	sibling_only	H2	2	1	A_single_molecule	CN-altered(?)	126584306=H2-2;126603338=H2-1
chr8:128770949-128783248	2	12299	gain	sibling_only	H2	2	1	A_single_molecule	CN-altered(?)	128770949=H2-1;128783248=H2-2
chr8:129027574-129043574	2	16000	gain	sibling_only	H2	2	1	A_single_molecule	CN-altered(?)	129027574=H2-1;129043574=H2-2
chr8:130036571-130040707	2	4136	gain	sibling_only	H2	2	1	A_single_molecule	CN-altered(?)	130036571=H2-1;130040707=H2-2
chr8:130617345-130646236	2	28891	gain	sibling_only	H2	2	1	B_spannable_pairwise	CN-altered(?)	130617345=H2-1;130646236=H2-2
chr8:131557876-131573866	2	15990	gain	linear_nested	H1	2	2	A_single_molecule	CN-altered(?)	131557876=H1-1;131573866=H1-1-1
chr8:134219908-134237069	2	17161	gain	sibling_only	H1	2	1	A_single_molecule	CN-altered(?)	134219908=H1-2;134237069=H1-1
chr8:134369369-134375861	2	6492	gain	sibling_only	H1	2	1	A_single_molecule	CN-altered(?)	134369369=H1-2;134375861=H1-1
chr8:135331213-135348496	2	17283	gain	sibling_only	H1	2	1	A_single_molecule	CN-altered(?)	135331213=H1-2;135348496=H1-1
chr8:135534739-135544604	2	9865	gain	sibling_only	H2	2	1	A_single_molecule	CN-altered(?)	135534739=H2-2;135544604=H2-1
chr8:135946678-135954280	2	7602	gain	linear_nested	H2	2	2	A_single_molecule	CN-altered(?)	135946678=H2-1;135954280=H2-1-1
chr8:136968142-136975123	2	6981	gain	sibling_only	H1	2	1	A_single_molecule	CN-altered(?)	136968142=H1-1;136975123=H1-2
chr8:137747836-137761480	2	13644	gain	sibling_only	H2	2	1	A_single_molecule	CN-altered(?)	137747836=H2-1;137761480=H2-2
chr8:139202628-139220756	2	18128	gain	linear_nested	H1	2	2	A_single_molecule	CN-altered(?)	139202628=H1-1;139220756=H1-1-1
chr8:141479057-141480564	2	1507	gain	sibling_only	H2	2	1	A_single_molecule	CN-altered(?)	141479057=H2-1;141480564=H2-2
chr8:143126148-143126149	2	1	gain	linear_nested	H2	2	2	A_single_molecule	CN-altered(?)	143126148=H2-1;143126149=H2-1-1
chr8:143360337-143368852	2	8515	gain	sibling_only	H2	2	1	A_single_molecule	CN-altered(?)	143360337=H2-2;143368852=H2-1
chr8:144474144-144500974	2	26830	gain	sibling_only	H2	2	1	A_single_molecule	CN-altered(?)	144474144=H2-2;144500974=H2-1
chr9:3177659-3210681	2	33022	gain	sibling_only	H1	2	1	B_spannable_pairwise	CN-altered(?)	3177659=H1-2;3210681=H1-1
chr9:7837186-7867241	2	30055	gain	sibling_only	H1	2	1	B_spannable_pairwise	CN-altered(?)	7837186=H1-1;7867241=H1-2
chr9:8513354-8538342	2	24988	gain	linear_nested	H2	2	2	B_spannable_pairwise	CN-altered(?)	8513354=H2-1;8538342=H2-1-1
chr9:9949590-9949591	2	1	gain	linear_nested	H2	2	2	A_single_molecule	CN-altered(?)	9949590=H2-1-1;9949591=H2-1
chr9:12332864-12340536	2	7672	gain	linear_nested	H1	2	2	A_single_molecule	CN-altered(?)	12332864=H1-1;12340536=H1-1-1
chr9:13423831-13423832	2	1	gain	linear_nested	H2	2	2	A_single_molecule	CN-altered(?)	13423831=H2-1;13423832=H2-1-1
chr9:13707869-13731369	2	23500	gain	linear_nested	H1	2	2	A_single_molecule	CN-altered(?)	13707869=H1-1;13731369=H1-1-1
chr9:14893427-14901547	2	8120	gain	linear_nested	H1	2	2	A_single_molecule	CN-altered(?)	14893427=H1-1;14901547=H1-1-1
chr9:15575399-15585629	2	10230	loh	sibling_only	H2	2	1	A_single_molecule	yes	15575399=H2-2;15585629=H2-1
chr9:19164722-19195717	2	30995	loh	linear_nested	H1	2	2	B_spannable_pairwise	yes	19164722=H1-1;19195717=H1-1-1
chr9:19820131-19832591	2	12460	loh	sibling_only	H1	2	1	A_single_molecule	yes	19820131=H1-1;19832591=H1-2
chr9:20150471-20154913	2	4442	loh	sibling_only	H2	2	1	A_single_molecule	yes	20150471=H2-2;20154913=H2-1
chr9:20396185-20405605	2	9420	loh	linear_nested	H2	2	2	A_single_molecule	yes	20396185=H2-1-1;20405605=H2-1
chr9:22330606-22348627	2	18021	loh	linear_nested	H1	2	2	B_spannable_pairwise	yes	22330606=H1-1;22348627=H1-1-1
chr9:23071370-23097878	2	26508	loh	linear_nested	H1	2	2	B_spannable_pairwise	yes	23071370=H1-1-1;23097878=H1-1
chr9:24356336-24377761	2	21425	loh	linear_nested	H1	2	2	A_single_molecule	yes	24356336=H1-1-1;24377761=H1-1
chr9:26744813-26760297	2	15484	loh	linear_nested	H1	2	2	A_single_molecule	yes	26744813=H1-1;26760297=H1-1-1
chr9:28467775-28481137	2	13362	loh	linear_nested	H1	2	2	A_single_molecule	yes	28467775=H1-1;28481137=H1-1-1
chr9:29386359-29398141	2	11782	loh	sibling_only	H1	2	1	A_single_molecule	yes	29386359=H1-1;29398141=H1-2
chr9:30126211-30146998	2	20787	loh	linear_nested	H1	2	2	B_spannable_pairwise	yes	30126211=H1-1;30146998=H1-1-1
chr9:35495284-35512912	2	17628	loh	sibling_only	H?	2	1	A_single_molecule	yes	35495284=H?-2;35512912=H?-1
chr9:36801939-36807140	2	5201	loh	sibling_only	H1	2	1	A_single_molecule	yes	36801939=H1-2;36807140=H1-1
chr9:36877531-36905852	2	28321	loh	sibling_only	H1	2	1	B_spannable_pairwise	yes	36877531=H1-1;36905852=H1-2
chr9:37199508-37221453	2	21945	loh	sibling_only	H?	2	1	B_spannable_pairwise	yes	37199508=H?-2;37221453=H?-1
chr9:38698718-38709142	2	10424	loh	linear_nested	H1	2	2	B_spannable_pairwise	yes	38698718=H1-1;38709142=H1-1-1
chr9:39034398-39046326	2	11928	gain	sibling_only	H2	2	1	A_single_molecule	CN-altered(?)	39034398=H2-2;39046326=H2-1
chr9:75362688-75383880	2	21192	gain	linear_nested	H1	2	2	A_single_molecule	CN-altered(?)	75362688=H1-1;75383880=H1-1-1
chr9:79716038-79740457	2	24419	gain	sibling_only	H2	2	1	A_single_molecule	CN-altered(?)	79716038=H2-1;79740457=H2-2
chr9:85406504-85410820	2	4316	gain	linear_nested	H1	2	2	A_single_molecule	CN-altered(?)	85406504=H1-1-1;85410820=H1-1
chr9:86522506-86549641	2	27135	gain	linear_nested	H1	2	2	A_single_molecule	CN-altered(?)	86522506=H1-1;86549641=H1-1-1
chr9:87116334-87128490	2	12156	gain	linear_nested	H1	2	2	A_single_molecule	CN-altered(?)	87116334=H1-1;87128490=H1-1-1
chr9:89758270-89783238	2	24968	gain	sibling_only	H1	2	1	B_spannable_pairwise	CN-altered(?)	89758270=H1-1;89783238=H1-2
chr9:90753670-90756641	2	2971	gain	linear_nested	H2	2	2	A_single_molecule	CN-altered(?)	90753670=H2-1-1;90756641=H2-1
chr9:92187611-92199676	2	12065	gain	linear_nested	H2	2	2	A_single_molecule	CN-altered(?)	92187611=H2-1-1;92199676=H2-1
chr9:92544955-92572346	2	27391	gain	linear_nested	H2	2	2	A_single_molecule	CN-altered(?)	92544955=H2-1-1;92572346=H2-1
chr9:93576159-93587619	2	11460	gain	linear_nested	H1	2	2	A_single_molecule	CN-altered(?)	93576159=H1-1-1;93587619=H1-1
chr9:94799591-94831762	2	32171	gain	linear_nested	H2	2	2	B_spannable_pairwise	CN-altered(?)	94799591=H2-1;94831762=H2-1-1
chr9:98638909-98639505	2	596	gain	linear_nested	H1	2	2	A_single_molecule	CN-altered(?)	98638909=H1-1-1;98639505=H1-1
chr9:101071893-101079449	2	7556	gain	linear_nested	H2	2	2	A_single_molecule	CN-altered(?)	101071893=H2-1-1;101079449=H2-1
chr9:102708804-102728842	2	20038	gain	sibling_only	H3?	2	1	B_spannable_pairwise	CN-altered(?)	102708804=H3?-1;102728842=H3?-2
chr9:104274053-104290107	2	16054	gain	linear_nested	H1	2	2	A_single_molecule	CN-altered(?)	104274053=H1-1;104290107=H1-1-1
chr9:106567704-106598614	2	30910	gain	sibling_only	H1	2	1	A_single_molecule	CN-altered(?)	106567704=H1-1;106598614=H1-2
chr9:109330762-109358670	2	27908	loh	sibling_only	H?	2	1	B_spannable_pairwise	yes	109330762=H?-1;109358670=H?-2
chr9:114492283-114510082	2	17799	loh	linear_nested	H1	2	2	A_single_molecule	yes	114492283=H1-1;114510082=H1-1-1
chr9:118471674-118480901	2	9227	loh	linear_nested	H1	2	2	A_single_molecule	yes	118471674=H1-1;118480901=H1-1-1
chr9:119860220-119887391	2	27171	loh	sibling_only	H1	2	1	B_spannable_pairwise	yes	119860220=H1-2;119887391=H1-1
chr9:120372986-120372993	2	7	loh	linear_nested	H2	2	2	A_single_molecule	yes	120372986=H2-1;120372993=H2-1-1
chr9:124153717-124163156	2	9439	loh	linear_nested	H2	2	2	A_single_molecule	yes	124153717=H2-1;124163156=H2-1-1
chr9:124483186-124486174	2	2988	loh	linear_nested	H2	2	2	B_spannable_pairwise	yes	124483186=H2-1-1;124486174=H2-1
chr9:126445755-126455857	2	10102	loh	linear_nested	H1	2	2	B_spannable_pairwise	yes	126445755=H1-1;126455857=H1-1-1
chr9:128009808-128026805	2	16997	loh	sibling_only	H?	2	1	A_single_molecule	yes	128009808=H?-1;128026805=H?-2
chr9:131094351-131120337	2	25986	gain	sibling_only	H2	2	1	A_single_molecule	CN-altered(?)	131094351=H2-1;131120337=H2-2
chr9:131331489-131333326	2	1837	gain	linear_nested	H1	2	2	A_single_molecule	CN-altered(?)	131331489=H1-1;131333326=H1-1-1
chr9:132341026-132354234	2	13208	gain	linear_nested	H1	2	2	A_single_molecule	CN-altered(?)	132341026=H1-1-1;132354234=H1-1
chr9:133735498-133735520	2	22	gain	linear_nested	H2	2	2	A_single_molecule	CN-altered(?)	133735498=H2-1-1;133735520=H2-1
chr9:133986127-133999682	2	13555	gain	linear_nested	H2	2	2	A_single_molecule	CN-altered(?)	133986127=H2-1-1;133999682=H2-1
chr9:137751669-137753559	2	1890	gain	linear_nested	H1	2	2	A_single_molecule	CN-altered(?)	137751669=H1-1;137753559=H1-1-1
chr10:120465-128231	2	7766	loh	linear_nested	H1	2	2	B_spannable_pairwise	yes	120465=H1-1;128231=H1-1-1
chr10:3528212-3533305	2	5093	loh	linear_nested	H1	2	2	A_single_molecule	yes	3528212=H1-1;3533305=H1-1-1
chr10:6216956-6227914	2	10958	loh	linear_nested	H2	2	2	A_single_molecule	yes	6216956=H2-1;6227914=H2-1-1
chr10:6895713-6898395	2	2682	loh	sibling_only	H?	2	1	B_spannable_pairwise	yes	6895713=H?-2;6898395=H?-1
chr10:10555424-10564761	2	9337	loh	linear_nested	H1	2	2	A_single_molecule	yes	10555424=H1-1;10564761=H1-1-1
chr10:10699726-10731132	2	31406	loh	sibling_only	H?	2	1	B_spannable_pairwise	yes	10699726=H?-2;10731132=H?-1
chr10:13005082-13027428	2	22346	loh	linear_nested	H2	2	2	A_single_molecule	yes	13005082=H2-1-1;13027428=H2-1
chr10:15607106-15613056	2	5950	loh	sibling_only	H1	2	1	A_single_molecule	yes	15607106=H1-2;15613056=H1-1
chr10:16084877-16099545	2	14668	loh	linear_nested	H1	2	2	B_spannable_pairwise	yes	16084877=H1-1-1;16099545=H1-1
chr10:19017296-19033680	2	16384	loh	linear_nested	H2	2	2	A_single_molecule	yes	19017296=H2-1-1;19033680=H2-1
chr10:21636003-21647579	2	11576	loh	sibling_only	H1	2	1	A_single_molecule	yes	21636003=H1-2;21647579=H1-1
chr10:23798405-23802190	2	3785	loh	linear_nested	H1	2	2	B_spannable_pairwise	yes	23798405=H1-1-1;23802190=H1-1
chr10:25919150-25932356	2	13206	loh	sibling_only	H2	2	1	B_spannable_pairwise	yes	25919150=H2-2;25932356=H2-1
chr10:26983769-26992507	2	8738	loh	linear_nested	H2	2	2	A_single_molecule	yes	26983769=H2-1;26992507=H2-1-1
chr10:28910188-28917865	2	7677	loh	linear_nested	H2	2	2	A_single_molecule	yes	28910188=H2-1;28917865=H2-1-1
chr10:31532875-31536696	2	3821	loh	linear_nested	H2	2	2	A_single_molecule	yes	31532875=H2-1;31536696=H2-1-1
chr10:35275217-35276654	2	1437	gain	linear_nested	H3?	2	2	A_single_molecule	CN-altered(?)	35275217=H3?-1;35276654=H3?-1-1
chr10:35976901-35989055	2	12154	gain	sibling_only	H3?	2	1	A_single_molecule	CN-altered(?)	35976901=H3?-1;35989055=H3?-2
chr10:41741309-41742438	2	1129	gain	linear_nested	H2	2	2	A_single_molecule	CN-altered(?)	41741309=H2-1;41742438=H2-1-1
chr10:42389750-42394690	2	4940	gain	linear_nested	H1	2	2	A_single_molecule	CN-altered(?)	42389750=H1-1;42394690=H1-1-1
chr10:46427145-46427573	2	428	gain	linear_nested	H1	2	2	A_single_molecule	CN-altered(?)	46427145=H1-1-1;46427573=H1-1
chr10:46531445-46544178	2	12733	gain	linear_nested	H1	2	2	A_single_molecule	CN-altered(?)	46531445=H1-1-1;46544178=H1-1
chr10:47137218-47147256	2	10038	gain	linear_nested	H2	2	2	A_single_molecule	CN-altered(?)	47137218=H2-1-1;47147256=H2-1
chr10:48963723-48979244	2	15521	gain	linear_nested	H2	2	2	A_single_molecule	CN-altered(?)	48963723=H2-1-1;48979244=H2-1
chr10:49491938-49521286	2	29348	gain	linear_nested	H2	2	2	B_spannable_pairwise	CN-altered(?)	49491938=H2-1-1;49521286=H2-1
chr10:51643207-51644314	2	1107	gain	linear_nested	H2	2	2	A_single_molecule	CN-altered(?)	51643207=H2-1;51644314=H2-1-1
chr10:53705643-53709347	2	3704	gain	linear_nested	H2	2	2	A_single_molecule	CN-altered(?)	53705643=H2-1;53709347=H2-1-1
chr10:61660946-61680493	2	19547	loh	sibling_only	H2	2	1	B_spannable_pairwise	yes	61660946=H2-1;61680493=H2-2
chr10:63115985-63134007	2	18022	loh	sibling_only	H?	2	1	B_spannable_pairwise	yes	63115985=H?-2;63134007=H?-1
chr10:65226050-65231844	2	5794	loh	linear_nested	H2	2	2	A_single_molecule	yes	65226050=H2-1-1;65231844=H2-1
chr10:69191920-69191921	2	1	loh	linear_nested	H2	2	2	A_single_molecule	yes	69191920=H2-1-1;69191921=H2-1
chr10:69308253-69327127	2	18874	loh	linear_nested	H2	2	2	A_single_molecule	yes	69308253=H2-1-1;69327127=H2-1
chr10:70767338-70784663	2	17325	loh	sibling_only	H2	2	1	B_spannable_pairwise	yes	70767338=H2-2;70784663=H2-1
chr10:74454002-74473217	2	19215	loh	sibling_only	H1	2	1	A_single_molecule	yes	74454002=H1-1;74473217=H1-2
chr10:75335062-75344238	2	9176	loh	linear_nested	H3?	2	2	A_single_molecule	yes	75335062=H3?-1;75344238=H3?-1-1
chr10:75992384-76001460	2	9076	loh	linear_nested	H2	2	2	A_single_molecule	yes	75992384=H2-1;76001460=H2-1-1
chr10:78535805-78536184	2	379	loh	sibling_only	H2	2	1	A_single_molecule	yes	78535805=H2-1;78536184=H2-2
chr10:78930065-78932874	2	2809	loh	linear_nested	H2	2	2	A_single_molecule	yes	78930065=H2-1-1;78932874=H2-1
chr10:80651138-80658308	2	7170	loh	linear_nested	H1	2	2	A_single_molecule	yes	80651138=H1-1;80658308=H1-1-1
chr10:83008801-83025838	2	17037	loh	sibling_only	H1	2	1	B_spannable_pairwise	yes	83008801=H1-1;83025838=H1-2
chr10:87548265-87556600	2	8335	loh	sibling_only	H1	2	1	B_spannable_pairwise	yes	87548265=H1-2;87556600=H1-1
chr10:87818272-87840023	2	21751	gain	linear_nested	H1	2	2	A_single_molecule	CN-altered(?)	87818272=H1-1;87840023=H1-1-1
chr10:88989478-88994803	2	5325	loh	linear_nested	H2	2	2	A_single_molecule	yes	88989478=H2-1-1;88994803=H2-1
chr10:89623610-89635145	2	11535	loh	linear_nested	H1	2	2	A_single_molecule	yes	89623610=H1-1;89635145=H1-1-1
chr10:89710744-89728847	2	18103	loh	sibling_only	H?	2	1	B_spannable_pairwise	yes	89710744=H?-2;89728847=H?-1
chr10:92538780-92549895	2	11115	loh	sibling_only	H1	2	1	A_single_molecule	yes	92538780=H1-2;92549895=H1-1
chr10:94078889-94084464	2	5575	loh	linear_nested	H2	2	2	A_single_molecule	yes	94078889=H2-1-1;94084464=H2-1
chr10:94482092-94504260	2	22168	loh	linear_nested	H2	2	2	A_single_molecule	yes	94482092=H2-1;94504260=H2-1-1
chr10:96337120-96353123	2	16003	loh	linear_nested	H2	2	2	A_single_molecule	yes	96337120=H2-1;96353123=H2-1-1
chr10:99484522-99484523	2	1	loh	linear_nested	H2	2	2	A_single_molecule	yes	99484522=H2-1;99484523=H2-1-1
chr10:99967582-99967609	2	27	loh	linear_nested	H3?	2	2	A_single_molecule	yes	99967582=H3?-1-1;99967609=H3?-1
chr10:102021876-102022152	2	276	loh	linear_nested	H2	2	2	A_single_molecule	yes	102021876=H2-1-1;102022152=H2-1
chr10:103688837-103690565	2	1728	loh	linear_nested	H2	2	2	B_spannable_pairwise	yes	103688837=H2-1-1;103690565=H2-1
chr10:104197252-104212454	2	15202	loh	linear_nested	H1	2	2	A_single_molecule	yes	104197252=H1-1;104212454=H1-1-1
chr10:104929678-104929679	2	1	loh	linear_nested	H1	2	2	B_spannable_pairwise	yes	104929678=H1-1;104929679=H1-1-1
chr10:107659640-107674121	2	14481	loh	linear_nested	H2	2	2	A_single_molecule	yes	107659640=H2-1-1;107674121=H2-1
chr10:108439944-108471050	2	31106	loh	linear_nested	H2	2	2	A_single_molecule	yes	108439944=H2-1-1;108471050=H2-1
chr10:109474486-109489719	2	15233	loh	linear_nested	H2	2	2	A_single_molecule	yes	109474486=H2-1;109489719=H2-1-1
chr10:114718070-114739053	2	20983	loh	sibling_only	H1	2	1	B_spannable_pairwise	yes	114718070=H1-2;114739053=H1-1
chr10:115193916-115196669	2	2753	loh	linear_nested	H2	2	2	B_spannable_pairwise	yes	115193916=H2-1-1;115196669=H2-1
chr10:115856570-115862347	2	5777	loh	sibling_only	H1	2	1	A_single_molecule	yes	115856570=H1-2;115862347=H1-1
chr10:122094578-122104649	2	10071	gain	linear_nested	H2	2	2	A_single_molecule	CN-altered(?)	122094578=H2-1-1;122104649=H2-1
chr10:123286855-123312429	2	25574	gain	sibling_only	H3?	2	1	A_single_molecule	CN-altered(?)	123286855=H3?-2;123312429=H3?-1
chr10:125912858-125940643	2	27785	gain	linear_nested	H1	2	2	B_spannable_pairwise	CN-altered(?)	125912858=H1-1-1;125940643=H1-1
chr10:126599651-126606809	2	7158	gain	sibling_only	H1	2	1	A_single_molecule	CN-altered(?)	126599651=H1-1;126606809=H1-2
chr10:126724129-126744803	2	20674	gain	sibling_only	H1	2	1	A_single_molecule	CN-altered(?)	126724129=H1-2;126744803=H1-1
chr10:128488160-128498207	2	10047	gain	sibling_only	H1	2	1	A_single_molecule	CN-altered(?)	128488160=H1-2;128498207=H1-1
chr10:130183458-130199781	2	16323	gain	sibling_only	H1	2	1	A_single_molecule	CN-altered(?)	130183458=H1-1;130199781=H1-2
chr10:130594895-130623184	2	28289	gain	sibling_only	H?	2	1	B_spannable_pairwise	CN-altered(?)	130594895=H?-1;130623184=H?-2
chr10:130764310-130788941	2	24631	gain	linear_nested	H1	2	2	B_spannable_pairwise	CN-altered(?)	130764310=H1-1;130788941=H1-1-1
chr10:131499889-131512337	2	12448	gain	sibling_only	H?	2	1	A_single_molecule	CN-altered(?)	131499889=H?-1;131512337=H?-2
chr10:131608446-131610674	2	2228	loh	sibling_only	H2	2	1	A_single_molecule	yes	131608446=H2-2;131610674=H2-1
chr10:132387377-132412658	2	25281	gain	sibling_only	H1	2	1	A_single_molecule	CN-altered(?)	132387377=H1-2;132412658=H1-1
chr11:423666-448218	2	24552	loh	sibling_only	H2	2	1	B_spannable_pairwise	yes	423666=H2-1;448218=H2-2
chr11:664358-695346	2	30988	loh	linear_nested	H2	2	2	B_spannable_pairwise	yes	664358=H2-1-1;695346=H2-1
chr11:3148978-3169060	2	20082	loh	linear_nested	H1	2	2	A_single_molecule	yes	3148978=H1-1-1;3169060=H1-1
chr11:7534907-7539006	2	4099	loh	linear_nested	H2	2	2	A_single_molecule	yes	7534907=H2-1-1;7539006=H2-1
chr11:9130416-9135540	2	5124	loh	sibling_only	H2	2	1	A_single_molecule	yes	9130416=H2-1;9135540=H2-2
chr11:9705609-9716560	2	10951	loh	linear_nested	H3?	2	2	A_single_molecule	yes	9705609=H3?-1;9716560=H3?-1-1
chr11:9887701-9913054	2	25353	loh	linear_nested	H1	2	2	B_spannable_pairwise	yes	9887701=H1-1;9913054=H1-1-1
chr11:11630648-11633826	2	3178	loh	linear_nested	H2	2	2	A_single_molecule	yes	11630648=H2-1-1;11633826=H2-1
chr11:12448023-12448024	2	1	loh	linear_nested	H1	2	2	A_single_molecule	yes	12448023=H1-1;12448024=H1-1-1
chr11:14186089-14211599	2	25510	loh	sibling_only	H1	2	1	B_spannable_pairwise	yes	14186089=H1-1;14211599=H1-2
chr11:14722395-14733286	2	10891	loh	linear_nested	H1	2	2	B_spannable_pairwise	yes	14722395=H1-1-1;14733286=H1-1
chr11:15427037-15436349	2	9312	loh	sibling_only	H2	2	1	B_spannable_pairwise	yes	15427037=H2-2;15436349=H2-1
chr11:16985024-17008428	2	23404	loh	sibling_only	H2	2	1	B_spannable_pairwise	yes	16985024=H2-2;17008428=H2-1
chr11:18089735-18109030	2	19295	loh	sibling_only	H2	2	1	B_spannable_pairwise	yes	18089735=H2-1;18109030=H2-2
chr11:22025965-22031966	2	6001	loh	linear_nested	H1	2	2	A_single_molecule	yes	22025965=H1-1;22031966=H1-1-1
chr11:23678501-23686191	2	7690	loh	linear_nested	H2	2	2	A_single_molecule	yes	23678501=H2-1-1;23686191=H2-1
chr11:26773903-26774887	2	984	loh	linear_nested	H3?	2	2	B_spannable_pairwise	yes	26773903=H3?-1-1;26774887=H3?-1
chr11:29698560-29700709	2	2149	loh	sibling_only	H2	2	1	A_single_molecule	yes	29698560=H2-2;29700709=H2-1
chr11:31127523-31136105	2	8582	loh	linear_nested	H2	2	2	A_single_molecule	yes	31127523=H2-1;31136105=H2-1-1
chr11:32196113-32197253	2	1140	loh	sibling_only	H2	2	1	A_single_molecule	yes	32196113=H2-2;32197253=H2-1
chr11:32624700-32632656	2	7956	loh	linear_nested	H2	2	2	A_single_molecule	yes	32624700=H2-1-1;32632656=H2-1
chr11:34276889-34293300	2	16411	loh	linear_nested	H2	2	2	A_single_molecule	yes	34276889=H2-1;34293300=H2-1-1
chr11:36879769-36879771	2	2	loh	linear_nested	H2	2	2	A_single_molecule	yes	36879769=H2-1;36879771=H2-1-1
chr11:38313239-38315451	2	2212	loh	linear_nested	H2	2	2	A_single_molecule	yes	38313239=H2-1;38315451=H2-1-1
chr11:38370633-38390926	2	20293	loh	linear_nested	H2	2	2	B_spannable_pairwise	yes	38370633=H2-1-1;38390926=H2-1
chr11:39663810-39677940	2	14130	loh	linear_nested	H1	2	2	A_single_molecule	yes	39663810=H1-1;39677940=H1-1-1
chr11:42767750-42772773	2	5023	loh	linear_nested	H2	2	2	A_single_molecule	yes	42767750=H2-1;42772773=H2-1-1
chr11:44970906-44973110	2	2204	loh	linear_nested	H1	2	2	A_single_molecule	yes	44970906=H1-1;44973110=H1-1-1
chr11:46388259-46388260	2	1	loh	linear_nested	H2	2	2	A_single_molecule	yes	46388259=H2-1-1;46388260=H2-1
chr11:48959901-48961752	2	1851	loh	linear_nested	H2	2	2	B_spannable_pairwise	yes	48959901=H2-1-1;48961752=H2-1
chr11:54567606-54593402	2	25796	gain	sibling_only	H1	2	1	B_spannable_pairwise	CN-altered(?)	54567606=H1-1;54593402=H1-2
chr11:58923271-58942666	2	19395	gain	linear_nested	H2	2	2	A_single_molecule	CN-altered(?)	58923271=H2-1;58942666=H2-1-1
chr11:60047594-60069898	2	22304	gain	linear_nested	H2	2	2	A_single_molecule	CN-altered(?)	60047594=H2-1;60069898=H2-1-1
chr11:62183437-62215007	2	31570	gain	sibling_only	H2	2	1	B_spannable_pairwise	CN-altered(?)	62183437=H2-2;62215007=H2-1
chr11:65367232-65373094	2	5862	gain	linear_nested	H1	2	2	A_single_molecule	CN-altered(?)	65367232=H1-1;65373094=H1-1-1
chr11:69782790-69791730	2	8940	gain	linear_nested	H1	2	2	A_single_molecule	CN-altered(?)	69782790=H1-1-1;69791730=H1-1
chr11:69842636-69844077	2	1441	gain	linear_nested	H2	2	2	A_single_molecule	CN-altered(?)	69842636=H2-1-1;69844077=H2-1
chr11:72956918-72979333	2	22415	loh	linear_nested	H2	2	2	A_single_molecule	yes	72956918=H2-1-1;72979333=H2-1
chr11:75652063-75661443	2	9380	loh	linear_nested	H1	2	2	B_spannable_pairwise	yes	75652063=H1-1;75661443=H1-1-1
chr11:80864081-80874286	2	10205	loh	linear_nested	H1	2	2	A_single_molecule	yes	80864081=H1-1-1;80874286=H1-1
chr11:81634387-81639585	2	5198	loh	linear_nested	H2	2	2	A_single_molecule	yes	81634387=H2-1-1;81639585=H2-1
chr11:85526099-85549969	2	23870	loh	sibling_only	H1	2	1	A_single_molecule	yes	85526099=H1-1;85549969=H1-2
chr11:87967336-87967655	2	319	loh	linear_nested	H2	2	2	A_single_molecule	yes	87967336=H2-1;87967655=H2-1-1
chr11:90188107-90198888	2	10781	loh	linear_nested	H2	2	2	A_single_molecule	yes	90188107=H2-1;90198888=H2-1-1
chr11:90319120-90341342	2	22222	loh	linear_nested	H2	2	2	A_single_molecule	yes	90319120=H2-1-1;90341342=H2-1
chr11:91139191-91142579	2	3388	loh	sibling_only	H1	2	1	A_single_molecule	yes	91139191=H1-2;91142579=H1-1
chr11:93814409-93840181	2	25772	loh	linear_nested	H1	2	2	B_spannable_pairwise	yes	93814409=H1-1-1;93840181=H1-1
chr11:94192615-94196924	2	4309	loh	linear_nested	H1	2	2	A_single_molecule	yes	94192615=H1-1;94196924=H1-1-1
chr11:94345258-94374773	2	29515	loh	linear_nested	H1	2	2	B_spannable_pairwise	yes	94345258=H1-1;94374773=H1-1-1
chr11:95958905-95966822	2	7917	loh	linear_nested	H2	2	2	A_single_molecule	yes	95958905=H2-1-1;95966822=H2-1
chr11:97395764-97411912	2	16148	loh	linear_nested	H2	2	2	B_spannable_pairwise	yes	97395764=H2-1-1;97411912=H2-1
chr11:98204470-98221374	2	16904	loh	linear_nested	H1	2	2	A_single_molecule	yes	98204470=H1-1;98221374=H1-1-1
chr11:98453563-98464984	2	11421	loh	linear_nested	H1	2	2	B_spannable_pairwise	yes	98453563=H1-1-1;98464984=H1-1
chr11:98526471-98540278	2	13807	loh	sibling_only	H?	2	1	A_single_molecule	yes	98526471=H?-2;98540278=H?-1
chr11:99478494-99501779	2	23285	loh	linear_nested	H1	2	2	B_spannable_pairwise	yes	99478494=H1-1-1;99501779=H1-1
chr11:101052740-101063757	2	11017	loh	sibling_only	H1	2	1	A_single_molecule	yes	101052740=H1-2;101063757=H1-1
chr11:103759428-103785166	2	25738	loh	sibling_only	H?	2	1	B_spannable_pairwise	yes	103759428=H?-2;103785166=H?-1
chr11:107851451-107854384	2	2933	loh	linear_nested	H3?	2	2	A_single_molecule	yes	107851451=H3?-1;107854384=H3?-1-1
chr11:109092608-109106890	2	14282	loh	sibling_only	H2	2	1	A_single_molecule	yes	109092608=H2-2;109106890=H2-1
chr11:109222486-109236832	2	14346	loh	linear_nested	H2	2	2	B_spannable_pairwise	yes	109222486=H2-1-1;109236832=H2-1
chr11:109496275-109511178	2	14903	loh	linear_nested	H2	2	2	A_single_molecule	yes	109496275=H2-1;109511178=H2-1-1
chr11:110936755-110958930	2	22175	loh	linear_nested	H1	2	2	B_spannable_pairwise	yes	110936755=H1-1-1;110958930=H1-1
chr11:112122727-112133525	2	10798	loh	linear_nested	H2	2	2	A_single_molecule	yes	112122727=H2-1-1;112133525=H2-1
chr11:112449472-112451499	2	2027	loh	linear_nested	H1	2	2	B_spannable_pairwise	yes	112449472=H1-1-1;112451499=H1-1
chr11:118317056-118320662	2	3606	loh	linear_nested	H2	2	2	A_single_molecule	yes	118317056=H2-1;118320662=H2-1-1
chr11:119476474-119479445	2	2971	loh	linear_nested	H1	2	2	A_single_molecule	yes	119476474=H1-1;119479445=H1-1-1
chr11:120286006-120299526	2	13520	loh	linear_nested	H2	2	2	A_single_molecule	yes	120286006=H2-1-1;120299526=H2-1
chr11:121543363-121559171	2	15808	loh	sibling_only	H?	2	1	A_single_molecule	yes	121543363=H?-2;121559171=H?-1
chr11:121999353-122001391	2	2038	loh	linear_nested	H3?	2	2	A_single_molecule	yes	121999353=H3?-1;122001391=H3?-1-1
chr11:122407217-122435975	2	28758	loh	sibling_only	H?	2	1	B_spannable_pairwise	yes	122407217=H?-2;122435975=H?-1
chr11:122957249-122967540	2	10291	loh	linear_nested	H1	2	2	A_single_molecule	yes	122957249=H1-1;122967540=H1-1-1
chr11:123939424-123943667	2	4243	loh	linear_nested	H2	2	2	A_single_molecule	yes	123939424=H2-1;123943667=H2-1-1
chr11:125321221-125346509	2	25288	loh	linear_nested	H2	2	2	B_spannable_pairwise	yes	125321221=H2-1-1;125346509=H2-1
chr11:130486562-130494260	2	7698	loh	sibling_only	H1	2	1	A_single_molecule	yes	130486562=H1-2;130494260=H1-1
chr11:135047809-135059608	2	11799	loh	linear_nested	H2	2	2	B_spannable_pairwise	yes	135047809=H2-1-1;135059608=H2-1
chr12:111487-127942	2	16455	gain	linear_nested	H2	2	2	B_spannable_pairwise	CN-altered(?)	111487=H2-1;127942=H2-1-1
chr12:343626-345938	2	2312	gain	linear_nested	H1	2	2	A_single_molecule	CN-altered(?)	343626=H1-1;345938=H1-1-1
chr12:5815425-5825037	2	9612	gain	linear_nested	H1	2	2	A_single_molecule	CN-altered(?)	5815425=H1-1;5825037=H1-1-1
chr12:7958902-7984147	2	25245	gain	sibling_only	H1	2	1	A_single_molecule	CN-altered(?)	7958902=H1-1;7984147=H1-2
chr12:9778570-9815740	2	37170	gain	sibling_only	H1	2	1	B_spannable_pairwise	CN-altered(?)	9778570=H1-2;9815740=H1-1
chr12:11800974-11827072	2	26098	gain	sibling_only	H1	2	1	A_single_molecule	CN-altered(?)	11800974=H1-1;11827072=H1-2
chr12:12321348-12324703	2	3355	gain	linear_nested	H1	2	2	A_single_molecule	CN-altered(?)	12321348=H1-1-1;12324703=H1-1
chr12:13370726-13382589	2	11863	gain	linear_nested	H1	2	2	A_single_molecule	CN-altered(?)	13370726=H1-1;13382589=H1-1-1
chr12:15284538-15293794	2	9256	gain	linear_nested	H1	2	2	A_single_molecule	CN-altered(?)	15284538=H1-1;15293794=H1-1-1
chr12:15633916-15644474	2	10558	gain	linear_nested	H1	2	2	A_single_molecule	CN-altered(?)	15633916=H1-1;15644474=H1-1-1
chr12:16170518-16205867	2	35349	gain	sibling_only	H?	2	1	B_spannable_pairwise	CN-altered(?)	16170518=H?-2;16205867=H?-1
chr12:19101445-19108997	2	7552	gain	sibling_only	H2	2	1	A_single_molecule	CN-altered(?)	19101445=H2-2;19108997=H2-1
chr12:20612134-20620575	2	8441	gain	linear_nested	H3?	2	2	A_single_molecule	CN-altered(?)	20612134=H3?-1-1;20620575=H3?-1
chr12:23926521-23931611	2	5090	gain	sibling_only	H2	2	1	A_single_molecule	CN-altered(?)	23926521=H2-2;23931611=H2-1
chr12:25542931-25558675	2	15744	gain	sibling_only	H1	2	1	A_single_molecule	CN-altered(?)	25542931=H1-1;25558675=H1-2
chr12:25624508-25628273	2	3765	gain	sibling_only	H1	2	1	A_single_molecule	CN-altered(?)	25624508=H1-1;25628273=H1-2
chr12:26827553-26827554	2	1	gain	linear_nested	H3?	2	2	A_single_molecule	CN-altered(?)	26827553=H3?-1-1;26827554=H3?-1
chr12:27379041-27383583	2	4542	gain	linear_nested	H2	2	2	A_single_molecule	CN-altered(?)	27379041=H2-1-1;27383583=H2-1
chr12:32158662-32160024	2	1362	gain	linear_nested	H1	2	2	A_single_molecule	CN-altered(?)	32158662=H1-1-1;32160024=H1-1
chr12:39712074-39734772	2	22698	loh	sibling_only	H?	2	1	A_single_molecule	yes	39712074=H?-2;39734772=H?-1
chr12:40581976-40585649	2	3673	loh	linear_nested	H2	2	2	A_single_molecule	yes	40581976=H2-1-1;40585649=H2-1
chr12:42372121-42393409	2	21288	loh	linear_nested	H1	2	2	A_single_molecule	yes	42372121=H1-1;42393409=H1-1-1
chr12:43057263-43074964	2	17701	loh	linear_nested	H1	2	2	A_single_molecule	yes	43057263=H1-1;43074964=H1-1-1
chr12:43267115-43281730	2	14615	loh	sibling_only	H2	2	1	B_spannable_pairwise	yes	43267115=H2-1;43281730=H2-2
chr12:44695116-44700004	2	4888	loh	linear_nested	H2	2	2	A_single_molecule	yes	44695116=H2-1-1;44700004=H2-1
chr12:45231629-45248806	2	17177	loh	sibling_only	H1	2	1	B_spannable_pairwise	yes	45231629=H1-2;45248806=H1-1
chr12:49442044-49463428	2	21384	loh	linear_nested	H2	2	2	B_spannable_pairwise	yes	49442044=H2-1;49463428=H2-1-1
chr12:49526215-49530304	2	4089	loh	linear_nested	H2	2	2	A_single_molecule	yes	49526215=H2-1;49530304=H2-1-1
chr12:49731537-49746414	2	14877	loh	linear_nested	H1	2	2	B_spannable_pairwise	yes	49731537=H1-1;49746414=H1-1-1
chr12:50828895-50842418	2	13523	loh	linear_nested	H1	2	2	A_single_molecule	yes	50828895=H1-1-1;50842418=H1-1
chr12:51495109-51509737	2	14628	loh	sibling_only	H1	2	1	A_single_molecule	yes	51495109=H1-1;51509737=H1-2
chr12:54050235-54050269	2	34	loh	linear_nested	H1	2	2	B_spannable_pairwise	yes	54050235=H1-1;54050269=H1-1-1
chr12:60388331-60397007	2	8676	loh	linear_nested	H1	2	2	A_single_molecule	yes	60388331=H1-1;60397007=H1-1-1
chr12:61596460-61604175	2	7715	loh	linear_nested	H1	2	2	A_single_molecule	yes	61596460=H1-1;61604175=H1-1-1
chr12:61924584-61928685	2	4101	loh	sibling_only	H1	2	1	A_single_molecule	yes	61924584=H1-2;61928685=H1-1
chr12:63222098-63224952	2	2854	loh	linear_nested	H1	2	2	A_single_molecule	yes	63222098=H1-1-1;63224952=H1-1
chr12:65137187-65154934	2	17747	loh	sibling_only	H2	2	1	B_spannable_pairwise	yes	65137187=H2-1;65154934=H2-2
chr12:65746245-65751919	2	5674	loh	linear_nested	H1	2	2	A_single_molecule	yes	65746245=H1-1-1;65751919=H1-1
chr12:67053802-67075457	2	21655	loh	sibling_only	H2	2	1	B_spannable_pairwise	yes	67053802=H2-2;67075457=H2-1
chr12:67218141-67231309	2	13168	loh	linear_nested	H2	2	2	A_single_molecule	yes	67218141=H2-1;67231309=H2-1-1
chr12:67311543-67311546	2	3	loh	linear_nested	H2	2	2	A_single_molecule	yes	67311543=H2-1-1;67311546=H2-1
chr12:69702037-69702134	2	97	loh	linear_nested	H1	2	2	A_single_molecule	yes	69702037=H1-1;69702134=H1-1-1
chr12:76267835-76293941	2	26106	loh	linear_nested	H2	2	2	B_spannable_pairwise	yes	76267835=H2-1-1;76293941=H2-1
chr12:77099089-77121980	2	22891	loh	linear_nested	H2	2	2	B_spannable_pairwise	yes	77099089=H2-1;77121980=H2-1-1
chr12:78223495-78227813	2	4318	loh	linear_nested	H1	2	2	A_single_molecule	yes	78223495=H1-1;78227813=H1-1-1
chr12:78321695-78337010	2	15315	loh	linear_nested	H1	2	2	A_single_molecule	yes	78321695=H1-1-1;78337010=H1-1
chr12:78794966-78816707	2	21741	loh	linear_nested	H1	2	2	B_spannable_pairwise	yes	78794966=H1-1-1;78816707=H1-1
chr12:78941013-78960608	2	19595	loh	linear_nested	H1	2	2	B_spannable_pairwise	yes	78941013=H1-1;78960608=H1-1-1
chr12:79638373-79653488	2	15115	loh	linear_nested	H2	2	2	A_single_molecule	yes	79638373=H2-1;79653488=H2-1-1
chr12:82024711-82042004	2	17293	loh	linear_nested	H2	2	2	B_spannable_pairwise	yes	82024711=H2-1;82042004=H2-1-1
chr12:87203096-87225939	2	22843	loh	linear_nested	H1	2	2	A_single_molecule	yes	87203096=H1-1;87225939=H1-1-1
chr12:90529212-90547203	2	17991	loh	sibling_only	H2	2	1	A_single_molecule	yes	90529212=H2-1;90547203=H2-2
chr12:93263946-93265599	2	1653	loh	linear_nested	H1	2	2	A_single_molecule	yes	93263946=H1-1;93265599=H1-1-1
chr12:94683538-94693536	2	9998	loh	linear_nested	H2	2	2	A_single_molecule	yes	94683538=H2-1;94693536=H2-1-1
chr12:95220219-95220471	2	252	loh	linear_nested	H3?	2	2	A_single_molecule	yes	95220219=H3?-1;95220471=H3?-1-1
chr12:96531827-96532387	2	560	loh	linear_nested	H1	2	2	A_single_molecule	yes	96531827=H1-1-1;96532387=H1-1
chr12:101534021-101547649	2	13628	loh	sibling_only	H?	2	1	A_single_molecule	yes	101534021=H?-2;101547649=H?-1
chr12:102418170-102427643	2	9473	loh	linear_nested	H2	2	2	B_spannable_pairwise	yes	102418170=H2-1-1;102427643=H2-1
chr12:102972207-102979863	2	7656	loh	sibling_only	H2	2	1	B_spannable_pairwise	yes	102972207=H2-2;102979863=H2-1
chr12:103314635-103319582	2	4947	loh	linear_nested	H1	2	2	A_single_molecule	yes	103314635=H1-1-1;103319582=H1-1
chr12:105679292-105679312	2	20	loh	linear_nested	H1	2	2	A_single_molecule	yes	105679292=H1-1;105679312=H1-1-1
chr12:108908246-108912017	2	3771	loh	linear_nested	H2	2	2	A_single_molecule	yes	108908246=H2-1;108912017=H2-1-1
chr12:111342840-111343251	2	411	loh	linear_nested	H2	2	2	A_single_molecule	yes	111342840=H2-1;111343251=H2-1-1
chr12:112770414-112798556	2	28142	loh	sibling_only	H?	2	1	B_spannable_pairwise	yes	112770414=H?-2;112798556=H?-1
chr12:112966053-112979060	2	13007	loh	linear_nested	H1	2	2	A_single_molecule	yes	112966053=H1-1;112979060=H1-1-1
chr12:114070226-114070227	2	1	loh	linear_nested	H2	2	2	A_single_molecule	yes	114070226=H2-1;114070227=H2-1-1
chr12:114947445-114952653	2	5208	loh	linear_nested	H2	2	2	A_single_molecule	yes	114947445=H2-1;114952653=H2-1-1
chr12:115655572-115668409	2	12837	loh	linear_nested	H1	2	2	B_spannable_pairwise	yes	115655572=H1-1-1;115668409=H1-1
chr12:121602115-121631173	2	29058	loh	linear_nested	H1	2	2	A_single_molecule	yes	121602115=H1-1-1;121631173=H1-1
chr12:122169572-122176206	2	6634	loh	sibling_only	H2	2	1	A_single_molecule	yes	122169572=H2-2;122176206=H2-1
chr12:122804290-122825120	2	20830	loh	linear_nested	H2	2	2	B_spannable_pairwise	yes	122804290=H2-1;122825120=H2-1-1
chr12:124139624-124149043	2	9419	loh	linear_nested	H2	2	2	A_single_molecule	yes	124139624=H2-1-1;124149043=H2-1
chr12:125130698-125131788	2	1090	loh	linear_nested	H1	2	2	A_single_molecule	yes	125130698=H1-1;125131788=H1-1-1
chr12:125322552-125338494	2	15942	loh	sibling_only	H2	2	1	B_spannable_pairwise	yes	125322552=H2-1;125338494=H2-2
chr12:128297714-128306237	2	8523	loh	sibling_only	H1	2	1	A_single_molecule	yes	128297714=H1-2;128306237=H1-1
chr12:131937496-131952674	2	15178	loh	sibling_only	H?	2	1	A_single_molecule	yes	131937496=H?-1;131952674=H?-2
chr12:132053416-132066878	2	13462	loh	sibling_only	H1	2	1	A_single_molecule	yes	132053416=H1-1;132066878=H1-2
chr13:21443367-21466924	2	23557	gain	linear_nested	H1	2	2	B_spannable_pairwise	CN-altered(?)	21443367=H1-1-1;21466924=H1-1
chr13:22222543-22223047	2	504	gain	linear_nested	H2	2	2	B_spannable_pairwise	CN-altered(?)	22222543=H2-1;22223047=H2-1-1
chr13:25994927-26017269	2	22342	gain	linear_nested	H1	2	2	B_spannable_pairwise	CN-altered(?)	25994927=H1-1-1;26017269=H1-1
chr13:28426564-28452073	2	25509	gain	linear_nested	H1	2	2	A_single_molecule	CN-altered(?)	28426564=H1-1;28452073=H1-1-1
chr13:30020092-30020093	2	1	gain	linear_nested	H2	2	2	A_single_molecule	CN-altered(?)	30020092=H2-1-1;30020093=H2-1
chr13:32728425-32740726	2	12301	gain	sibling_only	H2	2	1	A_single_molecule	CN-altered(?)	32728425=H2-2;32740726=H2-1
chr13:33908881-33933684	2	24803	gain	linear_nested	H1	2	2	A_single_molecule	CN-altered(?)	33908881=H1-1;33933684=H1-1-1
chr13:34026828-34038859	2	12031	gain	sibling_only	H1	2	1	A_single_molecule	CN-altered(?)	34026828=H1-1;34038859=H1-2
chr13:35987888-35993012	2	5124	gain	sibling_only	H2	2	1	A_single_molecule	CN-altered(?)	35987888=H2-1;35993012=H2-2
chr13:44027498-44050945	2	23447	gain	sibling_only	H2	2	1	A_single_molecule	CN-altered(?)	44027498=H2-2;44050945=H2-1
chr13:48278243-48294525	2	16282	gain	sibling_only	H2	2	1	A_single_molecule	CN-altered(?)	48278243=H2-2;48294525=H2-1
chr13:49892479-49898065	2	5586	loh	sibling_only	H3?	2	1	B_spannable_pairwise	yes	49892479=H3?-2;49898065=H3?-1
chr13:51433540-51436140	2	2600	loh	sibling_only	H1	2	1	A_single_molecule	yes	51433540=H1-1;51436140=H1-2
chr13:63782054-63798249	2	16195	loh	linear_nested	H1	2	2	B_spannable_pairwise	yes	63782054=H1-1-1;63798249=H1-1
chr13:63848806-63849082	2	276	loh	linear_nested	H1	2	2	A_single_molecule	yes	63848806=H1-1-1;63849082=H1-1
chr13:65568643-65589425	2	20782	loh	sibling_only	H1	2	1	B_spannable_pairwise	yes	65568643=H1-2;65589425=H1-1
chr13:67311425-67316699	2	5274	loh	linear_nested	H2	2	2	A_single_molecule	yes	67311425=H2-1;67316699=H2-1-1
chr13:67745158-67745981	2	823	loh	sibling_only	H1	2	1	A_single_molecule	yes	67745158=H1-1;67745981=H1-2
chr13:68108141-68108142	2	1	loh	linear_nested	H1	2	2	A_single_molecule	yes	68108141=H1-1-1;68108142=H1-1
chr13:73340584-73361436	2	20852	loh	linear_nested	H2	2	2	A_single_molecule	yes	73340584=H2-1;73361436=H2-1-1
chr13:74300789-74307964	2	7175	loh	linear_nested	H1	2	2	A_single_molecule	yes	74300789=H1-1-1;74307964=H1-1
chr13:76903623-76920184	2	16561	loh	linear_nested	H1	2	2	B_spannable_pairwise	yes	76903623=H1-1;76920184=H1-1-1
chr13:78987093-79002603	2	15510	loh	linear_nested	H1	2	2	A_single_molecule	yes	78987093=H1-1;79002603=H1-1-1
chr13:80603251-80628307	2	25056	loh	sibling_only	H?	2	1	B_spannable_pairwise	yes	80603251=H?-1;80628307=H?-2
chr13:81327683-81340436	2	12753	loh	sibling_only	H?	2	1	A_single_molecule	yes	81327683=H?-1;81340436=H?-2
chr13:82568949-82579269	2	10320	loh	linear_nested	H2	2	2	B_spannable_pairwise	yes	82568949=H2-1;82579269=H2-1-1
chr13:87760530-87781168	2	20638	loh	linear_nested	H2	2	2	A_single_molecule	yes	87760530=H2-1-1;87781168=H2-1
chr13:94384050-94395849	2	11799	loh	sibling_only	H1	2	1	A_single_molecule	yes	94384050=H1-2;94395849=H1-1
chr13:95758530-95780279	2	21749	loh	linear_nested	H1	2	2	B_spannable_pairwise	yes	95758530=H1-1;95780279=H1-1-1
chr13:98077724-98078907	2	1183	loh	sibling_only	H1	2	1	A_single_molecule	yes	98077724=H1-2;98078907=H1-1
chr13:100245084-100247443	2	2359	loh	linear_nested	H2	2	2	A_single_molecule	yes	100245084=H2-1;100247443=H2-1-1
chr13:100850834-100850835	2	1	loh	linear_nested	H2	2	2	A_single_molecule	yes	100850834=H2-1-1;100850835=H2-1
chr13:101018191-101026221	2	8030	loh	sibling_only	H2	2	1	A_single_molecule	yes	101018191=H2-2;101026221=H2-1
chr13:102816615-102827670	2	11055	loh	linear_nested	H2	2	2	B_spannable_pairwise	yes	102816615=H2-1-1;102827670=H2-1
chr13:107366932-107367064	2	132	loh	linear_nested	H2	2	2	A_single_molecule	yes	107366932=H2-1;107367064=H2-1-1
chr13:108648018-108654674	2	6656	loh	linear_nested	H2	2	2	A_single_molecule	yes	108648018=H2-1;108654674=H2-1-1
chr13:109497531-109509569	2	12038	loh	sibling_only	H2	2	1	B_spannable_pairwise	yes	109497531=H2-1;109509569=H2-2
chr13:109653969-109666836	2	12867	loh	linear_nested	H2	2	2	A_single_molecule	yes	109653969=H2-1;109666836=H2-1-1
chr13:111114709-111143464	2	28755	loh	sibling_only	H?	2	1	A_single_molecule	yes	111114709=H?-2;111143464=H?-1
chr13:111595286-111603945	2	8659	loh	sibling_only	H2	2	1	A_single_molecule	yes	111595286=H2-2;111603945=H2-1
chr14:20419835-20428130	2	8295	gain	linear_nested	H1	2	2	A_single_molecule	CN-altered(?)	20419835=H1-1;20428130=H1-1-1
chr14:20766215-20767695	2	1480	gain	linear_nested	H2	2	2	A_single_molecule	CN-altered(?)	20766215=H2-1-1;20767695=H2-1
chr14:22253328-22253329	2	1	gain	linear_nested	H2	2	2	A_single_molecule	CN-altered(?)	22253328=H2-1;22253329=H2-1-1
chr14:23454430-23489612	2	35182	gain	sibling_only	H2	2	1	B_spannable_pairwise	CN-altered(?)	23454430=H2-2;23489612=H2-1
chr14:27511090-27539732	2	28642	gain	linear_nested	H1	2	2	B_spannable_pairwise	CN-altered(?)	27511090=H1-1;27539732=H1-1-1
chr14:28502542-28509832	2	7290	gain	linear_nested	H2	2	2	A_single_molecule	CN-altered(?)	28502542=H2-1-1;28509832=H2-1
chr14:35137534-35153148	2	15614	gain	linear_nested	H1	2	2	A_single_molecule	CN-altered(?)	35137534=H1-1-1;35153148=H1-1
chr14:35299722-35299723	2	1	gain	linear_nested	H1	2	2	A_single_molecule	CN-altered(?)	35299722=H1-1-1;35299723=H1-1
chr14:35848159-35854542	2	6383	gain	sibling_only	H1	2	1	B_spannable_pairwise	CN-altered(?)	35848159=H1-1;35854542=H1-2
chr14:36123380-36145981	2	22601	neutral	sibling_only	H1	2	1	A_single_molecule	yes	36123380=H1-2;36145981=H1-1
chr14:37894592-37898407	2	3815	loh	linear_nested	H1	2	2	A_single_molecule	yes	37894592=H1-1;37898407=H1-1-1
chr14:39508403-39521430	2	13027	loh	linear_nested	H1	2	2	A_single_molecule	yes	39508403=H1-1;39521430=H1-1-1
chr14:41906271-41927108	2	20837	loh	linear_nested	H1	2	2	B_spannable_pairwise	yes	41906271=H1-1-1;41927108=H1-1
chr14:43431875-43461570	2	29695	loh	linear_nested	H1	2	2	A_single_molecule	yes	43431875=H1-1;43461570=H1-1-1
chr14:44103196-44133127	2	29931	loh	linear_nested	H2	2	2	A_single_molecule	yes	44103196=H2-1;44133127=H2-1-1
chr14:44671937-44681535	2	9598	loh	linear_nested	H2	2	2	B_spannable_pairwise	yes	44671937=H2-1-1;44681535=H2-1
chr14:46325897-46341563	2	15666	gain	linear_nested	H1	2	2	A_single_molecule	CN-altered(?)	46325897=H1-1;46341563=H1-1-1
chr14:47950137-47970928	2	20791	gain	linear_nested	H2	2	2	A_single_molecule	CN-altered(?)	47950137=H2-1-1;47970928=H2-1
chr14:48544562-48544563	2	1	gain	linear_nested	H1	2	2	A_single_molecule	CN-altered(?)	48544562=H1-1-1;48544563=H1-1
chr14:49906078-49924052	2	17974	gain	linear_nested	H2	2	2	A_single_molecule	CN-altered(?)	49906078=H2-1-1;49924052=H2-1
chr14:52443468-52449615	2	6147	gain	linear_nested	H1	2	2	A_single_molecule	CN-altered(?)	52443468=H1-1;52449615=H1-1-1
chr14:54192990-54226283	2	33293	gain	linear_nested	H2	2	2	A_single_molecule	CN-altered(?)	54192990=H2-1-1;54226283=H2-1
chr14:55554280-55561511	2	7231	gain	linear_nested	H1	2	2	A_single_molecule	CN-altered(?)	55554280=H1-1-1;55561511=H1-1
chr14:56404446-56411493	2	7047	gain	linear_nested	H2	2	2	A_single_molecule	CN-altered(?)	56404446=H2-1-1;56411493=H2-1
chr14:57072101-57100359	2	28258	gain	linear_nested	H1	2	2	A_single_molecule	CN-altered(?)	57072101=H1-1;57100359=H1-1-1
chr14:57354748-57371240	2	16492	gain	linear_nested	H2	2	2	A_single_molecule	CN-altered(?)	57354748=H2-1-1;57371240=H2-1
chr14:57963910-57990193	2	26283	gain	linear_nested	H2	2	2	A_single_molecule	CN-altered(?)	57963910=H2-1-1;57990193=H2-1
chr14:62341286-62355529	2	14243	loh	sibling_only	H2	2	1	A_single_molecule	yes	62341286=H2-2;62355529=H2-1
chr14:62964692-62984155	2	19463	loh	linear_nested	H2	2	2	B_spannable_pairwise	yes	62964692=H2-1-1;62984155=H2-1
chr14:70060890-70070433	2	9543	loh	linear_nested	H1	2	2	A_single_molecule	yes	70060890=H1-1;70070433=H1-1-1
chr14:74091028-74091590	2	562	loh	linear_nested	H1	2	2	A_single_molecule	yes	74091028=H1-1-1;74091590=H1-1
chr14:76738795-76763118	2	24323	gain	linear_nested	H1	2	2	A_single_molecule	CN-altered(?)	76738795=H1-1-1;76763118=H1-1
chr14:79632555-79647965	2	15410	gain	sibling_only	H?	2	1	A_single_molecule	CN-altered(?)	79632555=H?-1;79647965=H?-2
chr14:79810359-79819334	2	8975	gain	linear_nested	H1	2	2	A_single_molecule	CN-altered(?)	79810359=H1-1-1;79819334=H1-1
chr14:80941958-80973127	2	31169	gain	sibling_only	H1	2	1	B_spannable_pairwise	CN-altered(?)	80941958=H1-1;80973127=H1-2
chr14:83405955-83433406	2	27451	gain	sibling_only	H2	2	1	A_single_molecule	CN-altered(?)	83405955=H2-1;83433406=H2-2
chr14:84439219-84449211	2	9992	gain	linear_nested	H1	2	2	A_single_molecule	CN-altered(?)	84439219=H1-1-1;84449211=H1-1
chr14:84568878-84569438	2	560	gain	linear_nested	H2	2	2	A_single_molecule	CN-altered(?)	84568878=H2-1;84569438=H2-1-1
chr14:84771036-84785012	2	13976	gain	sibling_only	H2	2	1	A_single_molecule	CN-altered(?)	84771036=H2-1;84785012=H2-2
chr14:84862459-84890305	2	27846	gain	linear_nested	H2	2	2	A_single_molecule	CN-altered(?)	84862459=H2-1;84890305=H2-1-1
chr14:85334229-85364247	2	30018	gain	sibling_only	H2	2	1	A_single_molecule	CN-altered(?)	85334229=H2-1;85364247=H2-2
chr14:90948762-90976821	2	28059	gain	linear_nested	H1	2	2	A_single_molecule	CN-altered(?)	90948762=H1-1-1;90976821=H1-1
chr14:93996383-94020186	2	23803	gain	sibling_only	H1	2	1	A_single_molecule	CN-altered(?)	93996383=H1-2;94020186=H1-1
chr14:95774386-95784792	2	10406	gain	linear_nested	H2	2	2	A_single_molecule	CN-altered(?)	95774386=H2-1-1;95784792=H2-1
chr14:97130242-97144409	2	14167	gain	linear_nested	H1	2	2	A_single_molecule	CN-altered(?)	97130242=H1-1-1;97144409=H1-1
chr14:97470481-97470482	2	1	gain	linear_nested	H3?	2	2	A_single_molecule	CN-altered(?)	97470481=H3?-1-1;97470482=H3?-1
chr14:99790520-99794785	2	4265	gain	linear_nested	H2	2	2	A_single_molecule	CN-altered(?)	99790520=H2-1;99794785=H2-1-1
chr14:99895233-99926135	2	30902	gain	sibling_only	H?	2	1	A_single_molecule	CN-altered(?)	99895233=H?-1;99926135=H?-2
chr14:100580560-100593394	2	12834	gain	linear_nested	H2	2	2	A_single_molecule	CN-altered(?)	100580560=H2-1;100593394=H2-1-1
chr14:101385569-101403898	2	18329	gain	sibling_only	H1	2	1	A_single_molecule	CN-altered(?)	101385569=H1-2;101403898=H1-1
chr14:101486953-101522492	2	35539	gain	sibling_only	H1	2	1	B_spannable_pairwise	CN-altered(?)	101486953=H1-1;101522492=H1-2
chr14:102711475-102712036	2	561	gain	sibling_only	H2	2	1	A_single_molecule	CN-altered(?)	102711475=H2-2;102712036=H2-1
chr14:104054773-104054930	2	157	gain	linear_nested	H1	2	2	A_single_molecule	CN-altered(?)	104054773=H1-1;104054930=H1-1-1
chr15:23012616-23039616	2	27000	loh	linear_nested	H2	2	2	B_spannable_pairwise	yes	23012616=H2-1;23039616=H2-1-1
chr15:24320577-24322848	2	2271	loh	linear_nested	H2	2	2	A_single_molecule	yes	24320577=H2-1;24322848=H2-1-1
chr15:24709958-24714504	2	4546	loh	sibling_only	H?	2	1	B_spannable_pairwise	yes	24709958=H?-1;24714504=H?-2
chr15:25571447-25575695	2	4248	loh	linear_nested	H1	2	2	A_single_molecule	yes	25571447=H1-1;25575695=H1-1-1
chr15:25771456-25781595	2	10139	loh	linear_nested	H1	2	2	B_spannable_pairwise	yes	25771456=H1-1-1;25781595=H1-1
chr15:29833501-29835375	2	1874	loh	linear_nested	H2	2	2	A_single_molecule	yes	29833501=H2-1-1;29835375=H2-1
chr15:31096121-31115297	2	19176	loh	linear_nested	H2	2	2	A_single_molecule	yes	31096121=H2-1;31115297=H2-1-1
chr15:33535882-33548789	2	12907	loh	linear_nested	H1	2	2	A_single_molecule	yes	33535882=H1-1;33548789=H1-1-1
chr15:38251066-38269368	2	18302	loh	linear_nested	H1	2	2	A_single_molecule	yes	38251066=H1-1-1;38269368=H1-1
chr15:38625183-38625185	2	2	loh	linear_nested	H1	2	2	A_single_molecule	yes	38625183=H1-1-1;38625185=H1-1
chr15:39075213-39097424	2	22211	loh	linear_nested	H2	2	2	B_spannable_pairwise	yes	39075213=H2-1-1;39097424=H2-1
chr15:39148262-39173554	2	25292	loh	linear_nested	H2	2	2	B_spannable_pairwise	yes	39148262=H2-1;39173554=H2-1-1
chr15:41417029-41441661	2	24632	loh	sibling_only	H?	2	1	A_single_molecule	yes	41417029=H?-2;41441661=H?-1
chr15:49746332-49759106	2	12774	loh	linear_nested	H1	2	2	B_spannable_pairwise	yes	49746332=H1-1;49759106=H1-1-1
chr15:54271591-54287271	2	15680	loh	linear_nested	H2	2	2	A_single_molecule	yes	54271591=H2-1;54287271=H2-1-1
chr15:54848081-54860912	2	12831	loh	sibling_only	H?	2	1	A_single_molecule	yes	54848081=H?-2;54860912=H?-1
chr15:55080872-55106978	2	26106	loh	linear_nested	H2	2	2	A_single_molecule	yes	55080872=H2-1-1;55106978=H2-1
chr15:56204441-56204524	2	83	gain	linear_nested	H1	2	2	A_single_molecule	CN-altered(?)	56204441=H1-1-1;56204524=H1-1
chr15:56454805-56464272	2	9467	gain	linear_nested	H1	2	2	A_single_molecule	CN-altered(?)	56454805=H1-1-1;56464272=H1-1
chr15:60152912-60169379	2	16467	gain	linear_nested	H1	2	2	A_single_molecule	CN-altered(?)	60152912=H1-1;60169379=H1-1-1
chr15:64978435-64999668	2	21233	gain	linear_nested	H1	2	2	A_single_molecule	CN-altered(?)	64978435=H1-1;64999668=H1-1-1
chr15:69406986-69413057	2	6071	gain	sibling_only	H1	2	1	A_single_molecule	CN-altered(?)	69406986=H1-1;69413057=H1-2
chr15:70485848-70507476	2	21628	gain	sibling_only	H2	2	1	A_single_molecule	CN-altered(?)	70485848=H2-1;70507476=H2-2
chr15:74529995-74547917	2	17922	gain	linear_nested	H2	2	2	A_single_molecule	CN-altered(?)	74529995=H2-1;74547917=H2-1-1
chr15:76133882-76134742	2	860	gain	linear_nested	H2	2	2	A_single_molecule	CN-altered(?)	76133882=H2-1-1;76134742=H2-1
chr15:78803526-78810043	2	6517	gain	linear_nested	H2	2	2	A_single_molecule	CN-altered(?)	78803526=H2-1;78810043=H2-1-1
chr15:79532190-79554407	2	22217	gain	linear_nested	H2	2	2	A_single_molecule	CN-altered(?)	79532190=H2-1-1;79554407=H2-1
chr15:80791669-80793329	2	1660	gain	linear_nested	H2	2	2	A_single_molecule	CN-altered(?)	80791669=H2-1;80793329=H2-1-1
chr15:82667636-82668714	2	1078	gain	sibling_only	H1	2	1	A_single_molecule	CN-altered(?)	82667636=H1-1;82668714=H1-2
chr15:85411681-85431657	2	19976	gain	sibling_only	H1	2	1	A_single_molecule	CN-altered(?)	85411681=H1-1;85431657=H1-2
chr15:87296268-87297695	2	1427	gain	linear_nested	H1	2	2	A_single_molecule	CN-altered(?)	87296268=H1-1;87297695=H1-1-1
chr15:87934369-87934370	2	1	gain	linear_nested	H1	2	2	A_single_molecule	CN-altered(?)	87934369=H1-1-1;87934370=H1-1
chr15:89970272-89994276	2	24004	gain	sibling_only	H1	2	1	A_single_molecule	CN-altered(?)	89970272=H1-2;89994276=H1-1
chr15:93885885-93911600	2	25715	gain	sibling_only	H1	2	1	A_single_molecule	CN-altered(?)	93885885=H1-1;93911600=H1-2
chr15:95467899-95512981	2	45082	gain	sibling_only	H1	2	1	B_spannable_pairwise	CN-altered(?)	95467899=H1-1;95512981=H1-2
chr15:96349028-96359808	2	10780	gain	linear_nested	H1	2	2	A_single_molecule	CN-altered(?)	96349028=H1-1;96359808=H1-1-1
chr15:97009376-97020314	2	10938	gain	linear_nested	H1	2	2	A_single_molecule	CN-altered(?)	97009376=H1-1-1;97020314=H1-1
chr15:97604111-97634839	2	30728	gain	sibling_only	H1	2	1	B_spannable_pairwise	CN-altered(?)	97604111=H1-1;97634839=H1-2
chr15:101126916-101143157	2	16241	gain	linear_nested	H2	2	2	A_single_molecule	CN-altered(?)	101126916=H2-1-1;101143157=H2-1
chr15:101402697-101427487	2	24790	gain	linear_nested	H1	2	2	B_spannable_pairwise	CN-altered(?)	101402697=H1-1-1;101427487=H1-1
chr15:101858382-101882300	2	23918	gain	sibling_only	H2	2	1	A_single_molecule	CN-altered(?)	101858382=H2-2;101882300=H2-1
chr16:128660-140839	2	12179	gain	linear_nested	H1	2	2	A_single_molecule	CN-altered(?)	128660=H1-1-1;140839=H1-1
chr16:414786-414787	2	1	gain	linear_nested	H1	2	2	A_single_molecule	CN-altered(?)	414786=H1-1-1;414787=H1-1
chr16:2291313-2295601	2	4288	gain	linear_nested	H2	2	2	B_spannable_pairwise	CN-altered(?)	2291313=H2-1;2295601=H2-1-1
chr16:4767171-4777356	2	10185	gain	sibling_only	H2	2	1	A_single_molecule	CN-altered(?)	4767171=H2-2;4777356=H2-1
chr16:5475585-5478214	2	2629	gain	sibling_only	H1	2	1	A_single_molecule	CN-altered(?)	5475585=H1-2;5478214=H1-1
chr16:7022767-7040133	2	17366	gain	linear_nested	H2	2	2	A_single_molecule	CN-altered(?)	7022767=H2-1-1;7040133=H2-1
chr16:9223257-9245467	2	22210	gain	linear_nested	H2	2	2	A_single_molecule	CN-altered(?)	9223257=H2-1;9245467=H2-1-1
chr16:10608009-10615801	2	7792	gain	linear_nested	H2	2	2	A_single_molecule	CN-altered(?)	10608009=H2-1;10615801=H2-1-1
chr16:11309099-11313914	2	4815	gain	linear_nested	H2	2	2	A_single_molecule	CN-altered(?)	11309099=H2-1-1;11313914=H2-1
chr16:17047793-17068411	2	20618	gain	linear_nested	H1	2	2	A_single_molecule	CN-altered(?)	17047793=H1-1-1;17068411=H1-1
chr16:17597370-17607810	2	10440	gain	linear_nested	H1	2	2	A_single_molecule	CN-altered(?)	17597370=H1-1-1;17607810=H1-1
chr16:17875435-17883006	2	7571	gain	linear_nested	H1	2	2	A_single_molecule	CN-altered(?)	17875435=H1-1;17883006=H1-1-1
chr16:21675393-21705190	2	29797	gain	linear_nested	H2	2	2	A_single_molecule	CN-altered(?)	21675393=H2-1;21705190=H2-1-1
chr16:23370190-23391586	2	21396	gain	linear_nested	H1	2	2	A_single_molecule	CN-altered(?)	23370190=H1-1-1;23391586=H1-1
chr16:25487851-25501384	2	13533	gain	linear_nested	H1	2	2	A_single_molecule	CN-altered(?)	25487851=H1-1-1;25501384=H1-1
chr16:27047592-27052995	2	5403	gain	linear_nested	H1	2	2	A_single_molecule	CN-altered(?)	27047592=H1-1;27052995=H1-1-1
chr16:27126648-27158342	2	31694	gain	sibling_only	H2	2	1	B_spannable_pairwise	CN-altered(?)	27126648=H2-1;27158342=H2-2
chr16:30723494-30723495	2	1	gain	linear_nested	H2	2	2	A_single_molecule	CN-altered(?)	30723494=H2-1-1;30723495=H2-1
chr16:30791392-30799073	2	7681	gain	linear_nested	H2	2	2	A_single_molecule	CN-altered(?)	30791392=H2-1-1;30799073=H2-1
chr16:30894580-30924354	2	29774	gain	linear_nested	H1	2	2	A_single_molecule	CN-altered(?)	30894580=H1-1;30924354=H1-1-1
chr17:1359163-1360679	2	1516	gain	sibling_only	H2	2	1	A_single_molecule	CN-altered(?)	1359163=H2-2;1360679=H2-1
chr17:4777879-4806403	2	28524	gain	sibling_only	H?	2	1	A_single_molecule	CN-altered(?)	4777879=H?-2;4806403=H?-1
chr17:5286801-5299214	2	12413	gain	sibling_only	H2	2	1	A_single_molecule	CN-altered(?)	5286801=H2-2;5299214=H2-1
chr17:5940464-5965462	2	24998	gain	sibling_only	H2	2	1	A_single_molecule	CN-altered(?)	5940464=H2-1;5965462=H2-2
chr17:8937304-8937610	2	306	gain	sibling_only	H1	2	1	A_single_molecule	CN-altered(?)	8937304=H1-2;8937610=H1-1
chr17:9577080-9611231	2	34151	gain	sibling_only	H2	2	1	B_spannable_pairwise	CN-altered(?)	9577080=H2-1;9611231=H2-2
chr17:10072650-10087711	2	15061	gain	linear_nested	H2	2	2	A_single_molecule	CN-altered(?)	10072650=H2-1;10087711=H2-1-1
chr17:10908190-10943097	2	34907	gain	sibling_only	H?	2	1	B_spannable_pairwise	CN-altered(?)	10908190=H?-1;10943097=H?-2
chr17:11569327-11576951	2	7624	gain	linear_nested	H2	2	2	A_single_molecule	CN-altered(?)	11569327=H2-1-1;11576951=H2-1
chr17:12397592-12398340	2	748	gain	linear_nested	H2	2	2	A_single_molecule	CN-altered(?)	12397592=H2-1-1;12398340=H2-1
chr17:12462405-12485178	2	22773	gain	sibling_only	H2	2	1	A_single_molecule	CN-altered(?)	12462405=H2-2;12485178=H2-1
chr17:13155861-13178252	2	22391	gain	linear_nested	H1	2	2	A_single_molecule	CN-altered(?)	13155861=H1-1;13178252=H1-1-1
chr17:13297150-13322432	2	25282	gain	sibling_only	H?	2	1	A_single_molecule	CN-altered(?)	13297150=H?-2;13322432=H?-1
chr17:14957939-14972319	2	14380	gain	linear_nested	H2	2	2	A_single_molecule	CN-altered(?)	14957939=H2-1-1;14972319=H2-1
chr17:15413596-15420273	2	6677	gain	sibling_only	H2	2	1	A_single_molecule	CN-altered(?)	15413596=H2-1;15420273=H2-2
chr17:17446107-17448060	2	1953	gain	sibling_only	H3?	2	1	A_single_molecule	CN-altered(?)	17446107=H3?-1;17448060=H3?-2
chr17:21303695-21320366	2	16671	loh	linear_nested	H1	2	2	A_single_molecule	yes	21303695=H1-1;21320366=H1-1-1
chr17:22196890-22223381	2	26491	loh	sibling_only	H2	2	1	A_single_molecule	yes	22196890=H2-1;22223381=H2-2
chr17:26991340-26992372	2	1032	loh	linear_nested	H2	2	2	A_single_molecule	yes	26991340=H2-1;26992372=H2-1-1
chr17:27976185-28004992	2	28807	loh	sibling_only	H2	2	1	B_spannable_pairwise	yes	27976185=H2-2;28004992=H2-1
chr17:28463255-28477180	2	13925	loh	sibling_only	H2	2	1	A_single_molecule	yes	28463255=H2-1;28477180=H2-2
chr17:30884631-30898479	2	13848	loh	linear_nested	H3?	2	2	A_single_molecule	yes	30884631=H3?-1;30898479=H3?-1-1
chr17:31420409-31446244	2	25835	loh	sibling_only	H?	2	1	B_spannable_pairwise	yes	31420409=H?-2;31446244=H?-1
chr17:36122427-36148476	2	26049	loh	linear_nested	H1	2	2	A_single_molecule	yes	36122427=H1-1;36148476=H1-1-1
chr17:36815783-36829256	2	13473	loh	linear_nested	H3?	2	2	A_single_molecule	yes	36815783=H3?-1;36829256=H3?-1-1
chr17:38783293-38783294	2	1	loh	linear_nested	H1	2	2	A_single_molecule	yes	38783293=H1-1;38783294=H1-1-1
chr17:39591212-39601897	2	10685	loh	linear_nested	H1	2	2	A_single_molecule	yes	39591212=H1-1-1;39601897=H1-1
chr17:39952731-39963510	2	10779	loh	linear_nested	H2	2	2	A_single_molecule	yes	39952731=H2-1;39963510=H2-1-1
chr17:41222486-41248635	2	26149	loh	linear_nested	H1	2	2	B_spannable_pairwise	yes	41222486=H1-1-1;41248635=H1-1
chr17:41581093-41590725	2	9632	loh	linear_nested	H1	2	2	A_single_molecule	yes	41581093=H1-1;41590725=H1-1-1
chr17:44929040-44953355	2	24315	loh	sibling_only	H2	2	1	B_spannable_pairwise	yes	44929040=H2-2;44953355=H2-1
chr17:45040942-45064388	2	23446	loh	sibling_only	H2	2	1	B_spannable_pairwise	yes	45040942=H2-1;45064388=H2-2
chr17:48131305-48137562	2	6257	loh	linear_nested	H1	2	2	A_single_molecule	yes	48131305=H1-1;48137562=H1-1-1
chr17:48745782-48765189	2	19407	loh	linear_nested	H2	2	2	A_single_molecule	yes	48745782=H2-1;48765189=H2-1-1
chr17:51386124-51396466	2	10342	loh	linear_nested	H1	2	2	A_single_molecule	yes	51386124=H1-1;51396466=H1-1-1
chr17:51945781-51956052	2	10271	loh	linear_nested	H1	2	2	A_single_molecule	yes	51945781=H1-1;51956052=H1-1-1
chr17:52099816-52119656	2	19840	loh	linear_nested	H1	2	2	B_spannable_pairwise	yes	52099816=H1-1-1;52119656=H1-1
chr17:52360735-52394621	2	33886	loh	sibling_only	H?	2	1	B_spannable_pairwise	yes	52360735=H?-2;52394621=H?-1
chr17:52845133-52860228	2	15095	loh	linear_nested	H1	2	2	A_single_molecule	yes	52845133=H1-1;52860228=H1-1-1
chr17:54223565-54228744	2	5179	loh	linear_nested	H1	2	2	B_spannable_pairwise	yes	54223565=H1-1-1;54228744=H1-1
chr17:54784785-54796117	2	11332	loh	linear_nested	H1	2	2	A_single_molecule	yes	54784785=H1-1-1;54796117=H1-1
chr17:59307245-59316490	2	9245	loh	linear_nested	H2	2	2	A_single_molecule	yes	59307245=H2-1;59316490=H2-1-1
chr17:61183557-61199342	2	15785	loh	linear_nested	H1	2	2	A_single_molecule	yes	61183557=H1-1-1;61199342=H1-1
chr17:64901033-64905426	2	4393	loh	sibling_only	H3?	2	1	A_single_molecule	yes	64901033=H3?-1;64905426=H3?-2
chr17:65304775-65323482	2	18707	loh	linear_nested	H1	2	2	B_spannable_pairwise	yes	65304775=H1-1-1;65323482=H1-1
chr17:66251026-66259135	2	8109	loh	linear_nested	H3?	2	2	A_single_molecule	yes	66251026=H3?-1;66259135=H3?-1-1
chr17:68031974-68049955	2	17981	gain	sibling_only	H2	2	1	A_single_molecule	CN-altered(?)	68031974=H2-2;68049955=H2-1
chr17:69567654-69575289	2	7635	gain	sibling_only	H2	2	1	A_single_molecule	CN-altered(?)	69567654=H2-2;69575289=H2-1
chr17:70519435-70533537	2	14102	gain	sibling_only	H2	2	1	A_single_molecule	CN-altered(?)	70519435=H2-2;70533537=H2-1
chr17:73270388-73271678	2	1290	gain	sibling_only	H1	2	1	A_single_molecule	CN-altered(?)	73270388=H1-1;73271678=H1-2
chr17:73336206-73351860	2	15654	gain	sibling_only	H1	2	1	A_single_molecule	CN-altered(?)	73336206=H1-1;73351860=H1-2
chr17:73765690-73788893	2	23203	gain	linear_nested	H1	2	2	A_single_molecule	CN-altered(?)	73765690=H1-1;73788893=H1-1-1
chr17:74299542-74321043	2	21501	gain	sibling_only	H1	2	1	A_single_molecule	CN-altered(?)	74299542=H1-2;74321043=H1-1
chr17:74951140-74976832	2	25692	gain	sibling_only	H2	2	1	A_single_molecule	CN-altered(?)	74951140=H2-2;74976832=H2-1
chr17:75431890-75442565	2	10675	gain	linear_nested	H2	2	2	A_single_molecule	CN-altered(?)	75431890=H2-1;75442565=H2-1-1
chr17:75985775-75985869	2	94	gain	sibling_only	H1	2	1	A_single_molecule	CN-altered(?)	75985775=H1-2;75985869=H1-1
chr17:76562707-76565610	2	2903	gain	linear_nested	H1	2	2	A_single_molecule	CN-altered(?)	76562707=H1-1-1;76565610=H1-1
chr17:76680930-76701209	2	20279	gain	sibling_only	H2	2	1	A_single_molecule	CN-altered(?)	76680930=H2-2;76701209=H2-1
chr17:77218879-77255062	2	36183	gain	sibling_only	H?	2	1	B_spannable_pairwise	CN-altered(?)	77218879=H?-1;77255062=H?-2
chr17:78143074-78152781	2	9707	gain	sibling_only	H1	2	1	A_single_molecule	CN-altered(?)	78143074=H1-2;78152781=H1-1
chr17:79073389-79074189	2	800	gain	sibling_only	H1	2	1	A_single_molecule	CN-altered(?)	79073389=H1-1;79074189=H1-2
chr18:1276206-1280562	2	4356	loh	linear_nested	H2	2	2	A_single_molecule	yes	1276206=H2-1-1;1280562=H2-1
chr18:2883977-2889756	2	5779	loh	sibling_only	H1	2	1	A_single_molecule	yes	2883977=H1-2;2889756=H1-1
chr18:4171414-4181350	2	9936	loh	linear_nested	H1	2	2	A_single_molecule	yes	4171414=H1-1-1;4181350=H1-1
chr18:4848875-4867702	2	18827	loh	linear_nested	H1	2	2	A_single_molecule	yes	4848875=H1-1;4867702=H1-1-1
chr18:6740407-6760358	2	19951	loh	sibling_only	H2	2	1	A_single_molecule	yes	6740407=H2-2;6760358=H2-1
chr18:9085056-9104285	2	19229	loh	sibling_only	H?	2	1	A_single_molecule	yes	9085056=H?-1;9104285=H?-2
chr18:9777310-9777311	2	1	loh	linear_nested	H1	2	2	A_single_molecule	yes	9777310=H1-1;9777311=H1-1-1
chr18:10532091-10532942	2	851	loh	linear_nested	H1	2	2	B_spannable_pairwise	yes	10532091=H1-1-1;10532942=H1-1
chr18:10960964-10985457	2	24493	loh	linear_nested	H1	2	2	A_single_molecule	yes	10960964=H1-1;10985457=H1-1-1
chr18:11457947-11458068	2	121	loh	linear_nested	H3?	2	2	A_single_molecule	yes	11457947=H3?-1-1;11458068=H3?-1
chr18:15389388-15392894	2	3506	gain	linear_nested	H2	2	2	A_single_molecule	CN-altered(?)	15389388=H2-1;15392894=H2-1-1
chr18:21424860-21439361	2	14501	gain	linear_nested	H1	2	2	A_single_molecule	CN-altered(?)	21424860=H1-1-1;21439361=H1-1
chr18:25851022-25859270	2	8248	gain	linear_nested	H1	2	2	A_single_molecule	CN-altered(?)	25851022=H1-1;25859270=H1-1-1
chr18:26661981-26667205	2	5224	gain	linear_nested	H1	2	2	A_single_molecule	CN-altered(?)	26661981=H1-1;26667205=H1-1-1
chr18:26838996-26852265	2	13269	gain	sibling_only	H1	2	1	A_single_molecule	CN-altered(?)	26838996=H1-1;26852265=H1-2
chr18:27344767-27364327	2	19560	gain	linear_nested	H2	2	2	A_single_molecule	CN-altered(?)	27344767=H2-1-1;27364327=H2-1
chr18:28400834-28412214	2	11380	gain	linear_nested	H2	2	2	A_single_molecule	CN-altered(?)	28400834=H2-1-1;28412214=H2-1
chr18:31874325-31910331	2	36006	gain	linear_nested	H2	2	2	B_spannable_pairwise	CN-altered(?)	31874325=H2-1;31910331=H2-1-1
chr18:32312233-32335258	2	23025	gain	linear_nested	H1	2	2	A_single_molecule	CN-altered(?)	32312233=H1-1-1;32335258=H1-1
chr18:33336548-33346614	2	10066	gain	linear_nested	H1	2	2	A_single_molecule	CN-altered(?)	33336548=H1-1;33346614=H1-1-1
chr18:34959376-34962713	2	3337	gain	linear_nested	H2	2	2	A_single_molecule	CN-altered(?)	34959376=H2-1-1;34962713=H2-1
chr18:41253160-41278487	2	25327	gain	linear_nested	H2	2	2	A_single_molecule	CN-altered(?)	41253160=H2-1-1;41278487=H2-1
chr18:45604866-45608406	2	3540	gain	linear_nested	H1	2	2	A_single_molecule	CN-altered(?)	45604866=H1-1-1;45608406=H1-1
chr18:49419878-49438458	2	18580	gain	linear_nested	H1	2	2	A_single_molecule	CN-altered(?)	49419878=H1-1;49438458=H1-1-1
chr18:50671853-50683867	2	12014	gain	linear_nested	H1	2	2	A_single_molecule	CN-altered(?)	50671853=H1-1;50683867=H1-1-1
chr18:52195707-52211789	2	16082	gain	linear_nested	H2	2	2	A_single_molecule	CN-altered(?)	52195707=H2-1;52211789=H2-1-1
chr18:52619087-52619540	2	453	gain	linear_nested	H2	2	2	A_single_molecule	CN-altered(?)	52619087=H2-1-1;52619540=H2-1
chr18:53706237-53717568	2	11331	gain	linear_nested	H2	2	2	A_single_molecule	CN-altered(?)	53706237=H2-1-1;53717568=H2-1
chr18:53921538-53935482	2	13944	gain	sibling_only	H2	2	1	A_single_molecule	CN-altered(?)	53921538=H2-2;53935482=H2-1
chr18:58450769-58480989	2	30220	gain	linear_nested	H2	2	2	B_spannable_pairwise	CN-altered(?)	58450769=H2-1;58480989=H2-1-1
chr18:59064613-59064741	2	128	loss	linear_nested	H1	2	2	B_spannable_pairwise	CN-altered(?)	59064613=H1-1;59064741=H1-1-1
chr18:59259830-59262920	2	3090	loss	linear_nested	H1	2	2	B_spannable_pairwise	CN-altered(?)	59259830=H1-1;59262920=H1-1-1
chr18:63158321-63168363	2	10042	loss	linear_nested	H1	2	2	B_spannable_pairwise	CN-altered(?)	63158321=H1-1;63168363=H1-1-1
chr18:65031635-65045408	2	13773	loss	linear_nested	H1	2	2	B_spannable_pairwise	CN-altered(?)	65031635=H1-1-1;65045408=H1-1
chr18:67044958-67045680	2	722	loss	sibling_only	H1	2	1	A_single_molecule	CN-altered(?)	67044958=H1-2;67045680=H1-1
chr18:73918866-73924523	2	5657	loss	linear_nested	H2	2	2	A_single_molecule	CN-altered(?)	73918866=H2-1;73924523=H2-1-1
chr18:80136552-80138229	2	1677	loss	linear_nested	H2	2	2	A_single_molecule	CN-altered(?)	80136552=H2-1-1;80138229=H2-1
chr19:2103787-2118254	2	14467	loh	linear_nested	H1	2	2	A_single_molecule	yes	2103787=H1-1-1;2118254=H1-1
chr19:4347897-4377051	2	29154	loh	sibling_only	H?	2	1	B_spannable_pairwise	yes	4347897=H?-2;4377051=H?-1
chr19:4549792-4570875	2	21083	loh	sibling_only	H1	2	1	B_spannable_pairwise	yes	4549792=H1-2;4570875=H1-1
chr19:4953087-4967388	2	14301	loh	linear_nested	H1	2	2	B_spannable_pairwise	yes	4953087=H1-1-1;4967388=H1-1
chr19:6609894-6610503	2	609	loh	linear_nested	H3?	2	2	A_single_molecule	yes	6609894=H3?-1-1;6610503=H3?-1
chr19:6878285-6879651	2	1366	loh	sibling_only	H1	2	1	A_single_molecule	yes	6878285=H1-1;6879651=H1-2
chr19:7016651-7017724	2	1073	loh	linear_nested	H1	2	2	A_single_molecule	yes	7016651=H1-1;7017724=H1-1-1
chr19:7704549-7723017	2	18468	loh	sibling_only	H2	2	1	A_single_molecule	yes	7704549=H2-1;7723017=H2-2
chr19:8503382-8537313	2	33931	loh	linear_nested	H2	2	2	A_single_molecule	yes	8503382=H2-1-1;8537313=H2-1
chr19:10278960-10306201	2	27241	loh	sibling_only	H?	2	1	B_spannable_pairwise	yes	10278960=H?-1;10306201=H?-2
chr19:15445287-15450380	2	5093	gain	linear_nested	H2	2	2	A_single_molecule	CN-altered(?)	15445287=H2-1;15450380=H2-1-1
chr19:16896605-16909531	2	12926	gain	linear_nested	H2	2	2	A_single_molecule	CN-altered(?)	16896605=H2-1;16909531=H2-1-1
chr19:18912229-18934107	2	21878	gain	linear_nested	H1	2	2	B_spannable_pairwise	CN-altered(?)	18912229=H1-1;18934107=H1-1-1
chr19:20339832-20357204	2	17372	gain	sibling_only	H2	2	1	A_single_molecule	CN-altered(?)	20339832=H2-2;20357204=H2-1
chr19:20601867-20603490	2	1623	gain	sibling_only	H1	2	1	A_single_molecule	CN-altered(?)	20601867=H1-1;20603490=H1-2
chr19:23023818-23032145	2	8327	gain	sibling_only	H1	2	1	B_spannable_pairwise	CN-altered(?)	23023818=H1-2;23032145=H1-1
chr19:27861723-27880093	2	18370	gain	linear_nested	H2	2	2	A_single_molecule	CN-altered(?)	27861723=H2-1-1;27880093=H2-1
chr19:28519023-28537914	2	18891	gain	linear_nested	H2	2	2	A_single_molecule	CN-altered(?)	28519023=H2-1-1;28537914=H2-1
chr19:29979343-29979592	2	249	gain	linear_nested	H2	2	2	A_single_molecule	CN-altered(?)	29979343=H2-1-1;29979592=H2-1
chr19:30525368-30526226	2	858	gain	linear_nested	H1	2	2	A_single_molecule	CN-altered(?)	30525368=H1-1-1;30526226=H1-1
chr19:31198985-31213693	2	14708	gain	sibling_only	H2	2	1	B_spannable_pairwise	CN-altered(?)	31198985=H2-2;31213693=H2-1
chr19:32720489-32751990	2	31501	gain	linear_nested	H1	2	2	A_single_molecule	CN-altered(?)	32720489=H1-1-1;32751990=H1-1
chr19:34243139-34255640	2	12501	gain	linear_nested	H2	2	2	A_single_molecule	CN-altered(?)	34243139=H2-1-1;34255640=H2-1
chr19:35726507-35741519	2	15012	gain	sibling_only	H?	2	1	A_single_molecule	CN-altered(?)	35726507=H?-1;35741519=H?-2
chr19:35843401-35863571	2	20170	gain	sibling_only	H2	2	1	A_single_molecule	CN-altered(?)	35843401=H2-2;35863571=H2-1
chr19:36687231-36687232	2	1	gain	linear_nested	H2	2	2	A_single_molecule	CN-altered(?)	36687231=H2-1;36687232=H2-1-1
chr19:38294379-38318101	2	23722	gain	linear_nested	H1	2	2	A_single_molecule	CN-altered(?)	38294379=H1-1;38318101=H1-1-1
chr19:40651384-40659734	2	8350	loh	linear_nested	H1	2	2	A_single_molecule	yes	40651384=H1-1-1;40659734=H1-1
chr19:42317248-42342617	2	25369	loh	linear_nested	H1	2	2	A_single_molecule	yes	42317248=H1-1;42342617=H1-1-1
chr19:42804492-42815161	2	10669	loh	linear_nested	H1	2	2	B_spannable_pairwise	yes	42804492=H1-1;42815161=H1-1-1
chr19:45939646-45960597	2	20951	loh	linear_nested	H2	2	2	A_single_molecule	yes	45939646=H2-1-1;45960597=H2-1
chr19:53312823-53313228	2	405	loh	sibling_only	H2	2	1	A_single_molecule	yes	53312823=H2-1;53313228=H2-2
chr19:53645974-53661058	2	15084	loh	linear_nested	H2	2	2	A_single_molecule	yes	53645974=H2-1;53661058=H2-1-1
chr19:54677727-54698073	2	20346	loh	sibling_only	H2	2	1	A_single_molecule	yes	54677727=H2-1;54698073=H2-2
chr19:54936893-54942516	2	5623	loh	linear_nested	H2	2	2	A_single_molecule	yes	54936893=H2-1;54942516=H2-1-1
chr19:55211650-55226999	2	15349	loh	sibling_only	H1	2	1	A_single_molecule	yes	55211650=H1-1;55226999=H1-2
chr19:57195772-57213066	2	17294	loh	linear_nested	H2	2	2	A_single_molecule	yes	57195772=H2-1-1;57213066=H2-1
chr19:58387450-58408619	2	21169	loh	linear_nested	H2	2	2	B_spannable_pairwise	yes	58387450=H2-1;58408619=H2-1-1
chr20:1035693-1048518	2	12825	gain	linear_nested	H1	2	2	A_single_molecule	CN-altered(?)	1035693=H1-1-1;1048518=H1-1
chr20:15390452-15424413	2	33961	gain	linear_nested	H2	2	2	B_spannable_pairwise	CN-altered(?)	15390452=H2-1-1;15424413=H2-1
chr20:21425498-21433325	2	7827	gain	linear_nested	H1	2	2	A_single_molecule	CN-altered(?)	21425498=H1-1-1;21433325=H1-1
chr20:21682859-21689564	2	6705	gain	linear_nested	H1	2	2	A_single_molecule	CN-altered(?)	21682859=H1-1;21689564=H1-1-1
chr20:23018458-23042852	2	24394	gain	sibling_only	H3?	2	1	B_spannable_pairwise	CN-altered(?)	23018458=H3?-2;23042852=H3?-1
chr20:23613377-23626813	2	13436	gain	linear_nested	H2	2	2	A_single_molecule	CN-altered(?)	23613377=H2-1-1;23626813=H2-1
chr20:26142319-26160879	2	18560	gain	sibling_only	H1	2	1	A_single_molecule	CN-altered(?)	26142319=H1-2;26160879=H1-1
chr20:29248473-29268498	2	20025	neutral	linear_nested	H1	2	2	A_single_molecule	yes	29248473=H1-1-1;29268498=H1-1
chr20:39988836-40003630	2	14794	gain	linear_nested	H1	2	2	A_single_molecule	CN-altered(?)	39988836=H1-1;40003630=H1-1-1
chr20:40067661-40100062	2	32401	gain	sibling_only	H?	2	1	A_single_molecule	CN-altered(?)	40067661=H?-1;40100062=H?-2
chr20:43284804-43296392	2	11588	gain	linear_nested	H2	2	2	A_single_molecule	CN-altered(?)	43284804=H2-1-1;43296392=H2-1
chr20:50867711-50873244	2	5533	gain	linear_nested	H2	2	2	A_single_molecule	CN-altered(?)	50867711=H2-1;50873244=H2-1-1
chr20:59317245-59318545	2	1300	gain	sibling_only	H1	2	1	A_single_molecule	CN-altered(?)	59317245=H1-2;59318545=H1-1
chr20:61025026-61042925	2	17899	gain	linear_nested	H2	2	2	A_single_molecule	CN-altered(?)	61025026=H2-1-1;61042925=H2-1
chr20:64151306-64167017	2	15711	gain	sibling_only	H1	2	1	A_single_molecule	CN-altered(?)	64151306=H1-2;64167017=H1-1
chr21:13518744-13518745	2	1	neutral	linear_nested	H2	2	2	A_single_molecule	yes	13518744=H2-1-1;13518745=H2-1
chr21:14233912-14253871	2	19959	neutral	sibling_only	H2	2	1	B_spannable_pairwise	yes	14233912=H2-2;14253871=H2-1
chr21:16812712-16812713	2	1	neutral	linear_nested	H1	2	2	A_single_molecule	yes	16812712=H1-1-1;16812713=H1-1
chr21:17117416-17142659	2	25243	neutral	sibling_only	H2	2	1	A_single_molecule	yes	17117416=H2-1;17142659=H2-2
chr21:18136259-18137539	2	1280	neutral	linear_nested	H2	2	2	A_single_molecule	yes	18136259=H2-1-1;18137539=H2-1
chr21:24250583-24264771	2	14188	neutral	linear_nested	H2	2	2	A_single_molecule	yes	24250583=H2-1;24264771=H2-1-1
chr21:29101496-29101497	2	1	neutral	linear_nested	H2	2	2	A_single_molecule	yes	29101496=H2-1;29101497=H2-1-1
chr21:38110121-38118837	2	8716	loss	sibling_only	H1	2	1	B_spannable_pairwise	CN-altered(?)	38110121=H1-2;38118837=H1-1
chr21:39787805-39790353	2	2548	neutral	linear_nested	H1	2	2	A_single_molecule	yes	39787805=H1-1;39790353=H1-1-1
chr21:40336852-40340539	2	3687	neutral	linear_nested	H2	2	2	B_spannable_pairwise	yes	40336852=H2-1-1;40340539=H2-1
chr21:45086352-45107962	2	21610	neutral	linear_nested	H1	2	2	A_single_molecule	yes	45086352=H1-1;45107962=H1-1-1
chr22:11348424-11349897	2	1473	neutral	linear_nested	H1	2	2	A_single_molecule	yes	11348424=H1-1-1;11349897=H1-1
chr22:16919371-16944002	2	24631	loh	linear_nested	H1	2	2	A_single_molecule	yes	16919371=H1-1-1;16944002=H1-1
chr22:20065629-20080503	2	14874	loh	linear_nested	H1	2	2	B_spannable_pairwise	yes	20065629=H1-1-1;20080503=H1-1
chr22:23934091-23954295	2	20204	gain	linear_nested	H1	2	2	A_single_molecule	CN-altered(?)	23934091=H1-1-1;23954295=H1-1
chr22:24726034-24746402	2	20368	gain	linear_nested	H2	2	2	A_single_molecule	CN-altered(?)	24726034=H2-1;24746402=H2-1-1
chr22:27812875-27823838	2	10963	gain	linear_nested	H2	2	2	A_single_molecule	CN-altered(?)	27812875=H2-1;27823838=H2-1-1
chr22:30995731-31017300	2	21569	gain	linear_nested	H2	2	2	A_single_molecule	CN-altered(?)	30995731=H2-1-1;31017300=H2-1
chr22:31908766-31914738	2	5972	gain	linear_nested	H2	2	2	A_single_molecule	CN-altered(?)	31908766=H2-1;31914738=H2-1-1
chr22:34073730-34110179	2	36449	gain	linear_nested	H1	2	2	B_spannable_pairwise	CN-altered(?)	34073730=H1-1;34110179=H1-1-1
chr22:34384524-34388417	2	3893	gain	linear_nested	H1	2	2	A_single_molecule	CN-altered(?)	34384524=H1-1;34388417=H1-1-1
chr22:35199182-35217462	2	18280	gain	linear_nested	H2	2	2	A_single_molecule	CN-altered(?)	35199182=H2-1-1;35217462=H2-1
chr22:38487663-38505558	2	17895	gain	linear_nested	H2	2	2	A_single_molecule	CN-altered(?)	38487663=H2-1-1;38505558=H2-1
chr22:38704990-38713838	2	8848	gain	sibling_only	H2	2	1	A_single_molecule	CN-altered(?)	38704990=H2-1;38713838=H2-2
chr22:39309876-39339153	2	29277	gain	sibling_only	H1	2	1	B_spannable_pairwise	CN-altered(?)	39309876=H1-2;39339153=H1-1
chr22:40015144-40050562	2	35418	gain	sibling_only	H2	2	1	B_spannable_pairwise	CN-altered(?)	40015144=H2-1;40050562=H2-2
chr22:41985071-41990493	2	5422	gain	linear_nested	H1	2	2	A_single_molecule	CN-altered(?)	41985071=H1-1;41990493=H1-1-1
chr22:42614995-42614996	2	1	gain	linear_nested	H2	2	2	A_single_molecule	CN-altered(?)	42614995=H2-1;42614996=H2-1-1
chr22:43595465-43613064	2	17599	gain	sibling_only	H2	2	1	A_single_molecule	CN-altered(?)	43595465=H2-2;43613064=H2-1
chr22:48465202-48473962	2	8760	gain	linear_nested	H1	2	2	A_single_molecule	CN-altered(?)	48465202=H1-1;48473962=H1-1-1
chr22:49040971-49067997	2	27026	gain	linear_nested	H2	2	2	A_single_molecule	CN-altered(?)	49040971=H2-1-1;49067997=H2-1
chr22:49665236-49690639	2	25403	gain	sibling_only	H2	2	1	A_single_molecule	CN-altered(?)	49665236=H2-2;49690639=H2-1
chr22:49784479-49800850	2	16371	gain	sibling_only	H2	2	1	A_single_molecule	CN-altered(?)	49784479=H2-1;49800850=H2-2
chr22:50383323-50404573	2	21250	loh	sibling_only	H1	2	1	A_single_molecule	yes	50383323=H1-1;50404573=H1-2
