RegionID	NumReads	NumCpGs	GlobalP	CramersV	PassedGating	ClusterPermanovaValid	Significant	VerificationClass
0	113	126	0	0	True	True	False	Strong
1	100	511	0	0	True	True	False	Strong
2	85	513	0.2175	0	False	False	False	Weak
3	82	437	0	0	True	True	False	Strong
4	136	311	1	0	False	False	False	Noise
5	105	371	0.663	0	False	False	False	Weak
6	102	525	1	0	False	False	False	Weak
7	113	444	0	0	True	True	False	Strong
8	101	412	0.488	0	False	False	False	Weak
9	111	300	0	0.9667	True	True	True	Strong
10	86	337	0	1	True	True	True	Strong
11	94	398	0	0	True	True	False	Strong
12	108	311	0	0	True	True	False	Strong
13	89	338	0	1	True	True	True	Strong
14	95	323	0	1	True	True	True	Strong
15	92	246	0	0.8962	True	True	True	Strong
16	100	432	0	0	True	True	False	Strong
17	93	243	0	0	True	True	False	Strong
18	129	290	0	0.9256	True	True	True	Strong
19	102	234	0	0	True	True	False	Strong
20	98	98	0	0	True	True	False	Strong
21	91	312	0	0.9309	True	True	True	Strong
22	116	302	0	0.901	True	True	True	Strong
23	94	317	0	0.965	True	True	True	Strong
24	83	235	0	0.512	True	True	True	Strong
25	104	314	0.2305	0	False	False	False	Weak
26	106	40	0	0.9693	True	True	True	Strong
27	112	169	0	0	True	True	False	Strong
28	117	246	0	1	True	True	True	Strong
29	106	51	0	0.8126	True	True	True	Strong
30	96	86	0	0.9199	True	True	True	Strong
31	84	142	0	0	True	True	False	Strong
32	75	150	0	0	True	True	False	Strong
33	101	71	0	0	True	True	False	Strong
34	97	93	0	0.8264	True	True	True	Strong
35	104	69	0.0005	0	True	True	False	Strong
36	76	160	0	0	True	True	False	Strong
37	106	38	0	0	True	True	False	Strong
38	99	71	0	0	True	True	False	Strong
39	109	84	0	0	True	True	False	Strong
40	106	175	0	0.9648	True	True	True	Strong
41	115	149	0	0.9555	True	True	True	Strong
42	130	181	0	0	True	True	False	Strong
43	131	182	0	0	True	True	False	Strong
44	93	150	0.375	0	False	False	False	Weak
45	99	158	0.238	0	False	False	False	Weak
46	108	376	0	0.9668	True	True	True	Strong
47	133	351	0.117	0	False	False	False	Weak
48	97	280	1	0	False	False	False	Weak
49	103	216	0	0.9633	True	True	True	Strong
50	123	184	0	0	True	True	False	Strong
51	100	182	0	1	True	True	True	Strong
52	112	137	0	0.9727	True	True	True	Strong
53	111	137	0	1	True	True	True	Strong
54	114	154	0	1	True	True	True	Strong
55	113	171	0	1	True	True	True	Strong
56	99	214	1	0	False	False	False	Weak
57	109	118	1	0	False	False	False	Weak
58	111	74	1	0	False	False	False	Weak
59	121	120	0	0	True	True	False	Strong
60	116	90	1	0	False	False	False	Noise
61	106	188	0	0	True	True	False	Strong
62	100	141	0	0	True	True	False	Strong
63	95	127	0	0	True	True	False	Strong
64	99	131	0	0	True	True	False	Strong
65	104	131	0.2265	0	False	False	False	Weak
66	100	216	1	0	False	False	False	Weak
67	97	187	0	0	True	True	False	Strong
68	111	156	1	0	False	False	False	Weak
69	147	305	0	0.6272	True	True	True	Strong
70	148	158	0.31	0	False	False	False	Weak
71	119	196	0.2805	0	False	False	False	Weak
72	124	154	0.38	0	False	False	False	Weak
73	117	164	0.29	0	False	False	False	Weak
74	127	165	1	0	False	False	False	Noise
75	111	246	0	0	True	True	False	Strong
76	122	247	0	0.9454	True	True	True	Strong
77	131	197	1	0	False	False	False	Weak
78	114	159	1	0	False	False	False	Noise
79	123	125	1	0	False	False	False	Weak
80	132	172	0	0	True	True	False	Subclone
81	123	177	0	0	True	True	False	Strong
82	133	263	0	1	True	True	True	Strong
83	124	166	0	0	True	True	False	Strong
84	100	74	0	0	True	True	False	Strong
85	139	191	0	0.5657	True	True	True	Strong
86	125	232	0	0.2818	True	True	True	Strong
87	120	289	0	0	True	True	False	Strong
88	141	165	0	0	True	True	False	Strong
89	130	183	0	0.6056	True	True	True	Strong
90	119	193	1	0	False	False	False	Weak
91	146	151	0	0.3063	True	True	True	Strong
92	150	146	0.187	0	False	False	False	Weak
93	142	112	1	0	False	False	False	Weak
94	137	79	0.0534	0	True	True	False	Weak
95	156	81	0	0	True	True	False	Strong
96	114	155	0	0	True	True	False	Strong
97	135	109	0	0	True	True	False	Strong
98	118	88	0	0	True	True	False	Strong
99	116	88	0	0	True	True	False	Strong
100	113	40	0	0	True	True	False	Strong
101	103	88	0	0.6559	True	True	True	Strong
102	114	98	0	0	True	True	False	Strong
103	100	217	0	0	True	True	False	Strong
104	138	145	0	0	True	True	False	Strong
105	126	131	1	0	False	False	False	Weak
106	127	89	0	0.6708	True	True	True	Strong
107	106	93	0	0	True	True	False	Strong
108	114	82	0	0	True	True	False	Strong
109	127	65	0	0.8877	True	True	True	Strong
110	165	60	0	0	True	True	False	Strong
111	121	84	0	0.3908	True	True	True	Strong
112	141	69	0	0	True	True	False	Strong
113	99	110	0	0.6053	True	True	True	Strong
114	80	106	0	1	True	True	True	Strong
115	131	144	0	0	True	True	False	Strong
116	128	147	0	0	True	True	False	Strong
117	113	145	0	0.9167	True	True	True	Strong
118	128	188	1	0	False	False	False	Weak
119	127	187	1	0	False	False	False	Weak
120	141	204	0	0	True	True	False	Strong
121	122	178	0	0	True	True	False	Strong
122	131	210	0	1	True	True	True	Strong
123	115	188	0	0	True	True	False	Strong
124	129	138	1	0	False	False	False	Weak
125	120	195	0.3945	0	False	False	False	Weak
126	408	150	0.2705	0	False	False	False	Noise
127	278	225	0	0	True	True	False	Strong
128	121	145	0.0805	0	True	True	False	Weak
129	136	157	0	0	True	True	False	Strong
130	109	274	0	0	True	True	False	Strong
131	101	253	0	0	True	True	False	Strong
132	113	98	0	0	True	True	False	Strong
133	123	161	0	0	True	True	False	Strong
134	91	271	1	0	False	False	False	Noise
135	133	421	0	0	True	True	False	Strong
136	136	425	0	0	True	True	False	Strong
137	141	167	0	0	True	True	False	Strong
138	134	126	0	0	True	True	False	Strong
139	125	131	0	0.5772	True	True	True	Strong
140	117	151	0	0	True	True	False	Strong
141	132	134	0	0	True	True	False	Strong
142	135	94	0	0.6745	True	True	True	Strong
143	103	135	0	1	True	True	True	Strong
144	112	157	0	1	True	True	True	Strong
145	125	141	0	0	True	True	False	Strong
146	145	116	0	0.4638	True	True	True	Strong
147	125	148	0.142	0	False	False	False	Weak
148	113	96	0.4595	0	False	False	False	Weak
149	123	196	1	0	False	False	False	Weak
150	110	147	0	0	True	True	False	Strong
151	82	144	0	0	True	True	False	Strong
152	100	157	0.0055	0	True	True	False	Strong
153	130	116	0.2615	0	False	False	False	Weak
154	120	103	0	0.9231	True	True	True	Strong
155	107	114	0	0.6693	True	True	True	Strong
156	112	126	0	0	True	True	False	Strong
157	132	120	0	0	True	True	False	Strong
158	116	186	0	0	True	True	False	Strong
159	125	147	1	0	False	False	False	Weak
160	132	113	0	0	True	True	False	Strong
161	114	122	0	0	True	True	False	Strong
162	127	99	0	0	True	True	False	Strong
163	147	223	0	0	True	True	False	Strong
164	158	90	1	0	False	False	False	Noise
165	142	99	1	0	False	False	False	Noise
166	137	292	1	0	False	False	False	Weak
167	139	305	1	0	False	False	False	Weak
168	114	223	0	0	True	True	False	Strong
169	105	164	0	0	True	True	False	Strong
170	104	156	0.4655	0	False	False	False	Weak
171	127	180	0	0	True	True	False	Strong
172	119	143	0	0.6176	True	True	True	Strong
173	132	121	0	1	True	True	True	Strong
174	107	136	0	1	True	True	True	Strong
175	123	102	0	1	True	True	True	Strong
176	99	117	0	0.9021	True	True	True	Strong
177	106	125	0	0	True	True	False	Strong
178	116	100	1	0	False	False	False	Noise
179	128	131	0	0	True	True	False	Strong
180	114	135	0.2055	0	False	False	False	Weak
181	143	149	0.4	0	False	False	False	Weak
182	125	175	0.2625	0	False	False	False	Weak
183	160	282	0.4135	0	False	False	False	Weak
184	94	214	0	0.6752	True	True	True	Strong
185	141	175	0	0.9527	True	True	True	Strong
186	145	110	0	0.9756	True	True	True	Strong
187	149	137	0	0.5676	True	True	True	Strong
188	118	149	0	0	True	True	False	Strong
189	131	108	0.0531	0	True	True	False	Weak
190	117	156	0	0	True	True	False	Strong
191	124	149	0	0	True	True	False	Strong
192	119	170	0	0.5501	True	True	True	Strong
193	113	131	0	0	True	True	False	Strong
194	133	317	0	0.3444	True	True	True	Strong
195	112	149	0.2895	0	False	False	False	Weak
196	136	208	0	0	True	True	False	Strong
197	124	89	0	0	True	True	False	Strong
198	118	265	1	0	False	False	False	Weak
199	151	134	0	0	True	True	False	Strong
200	120	161	0	0	True	True	False	Strong
201	125	156	0.1635	0	False	False	False	Weak
202	107	349	0	0.6177	True	True	True	Strong
203	113	201	0	0	True	True	False	Strong
204	97	123	1	0	False	False	False	Noise
205	105	175	0.131	0	False	False	False	Weak
206	106	218	0	0	True	True	False	Strong
207	115	130	0	0	True	True	False	Strong
208	115	139	0	0	True	True	False	Strong
209	136	177	0.295	0	False	False	False	Weak
210	100	241	0.0095	0	True	True	False	Strong
211	98	111	0	1	True	True	True	Strong
212	132	190	1	0	False	False	False	Noise
213	147	147	0	0.9522	True	True	True	Strong
214	113	184	0.259	0	False	False	False	Weak
215	126	208	0	0	True	True	False	Strong
216	120	131	1	0	False	False	False	Noise
217	120	114	1	0	False	False	False	Noise
218	124	120	0.183	0	False	False	False	Weak
219	150	94	1	0	False	False	False	Weak
220	131	125	1	0	False	False	False	Noise
221	118	180	0.4145	0	False	False	False	Weak
222	147	129	1	0	False	False	False	Noise
223	124	102	1	0	False	False	False	Weak
224	153	109	1	0	False	False	False	Weak
225	121	110	1	0	False	False	False	Noise
226	118	92	1	0	False	False	False	Noise
227	104	322	0	0.9684	True	True	True	Strong
228	120	73	0	0	True	True	False	Strong
229	128	90	0	1	True	True	True	Strong
230	119	109	0	0.5984	True	True	True	Strong
231	110	144	0	0.9703	True	True	True	Strong
232	112	147	0	1	True	True	True	Strong
233	83	110	0	0	True	True	False	Strong
234	127	92	0	0.9447	True	True	True	Strong
235	102	111	0	0.9251	True	True	True	Strong
236	133	65	0	0.3822	True	True	True	Strong
237	158	72	0	0.9219	True	True	True	Strong
238	91	96	0.0005	0	True	True	False	Strong
239	124	42	0	0.9764	True	True	True	Strong
240	141	46	0	0.2684	True	True	True	Strong
241	124	192	0	0	True	True	False	Strong
242	139	87	1	0	False	False	False	Weak
243	135	238	1	0	False	False	False	Weak
244	125	198	0	0	True	True	False	Strong
245	144	159	0.0554	0	True	True	False	Weak
246	176	106	0.2725	0	False	False	False	Weak
247	137	189	0	0	True	True	False	Strong
248	120	178	0.0105	0	True	True	False	Strong
249	137	219	0	0	True	True	False	Strong
250	147	198	0	0.4955	True	True	True	Strong
251	135	119	0.179	0	False	False	False	Weak
252	136	272	0	0.9732	True	True	True	Strong
253	140	209	1	0	False	False	False	Weak
254	156	194	0	0.3536	True	True	True	Strong
255	119	211	0	1	True	True	True	Strong
256	109	91	0	0.6231	True	True	True	Strong
257	132	148	0	0	True	True	False	Strong
258	116	65	0	0.9402	True	True	True	Strong
259	139	127	0	0	True	True	False	Strong
260	135	127	0.0005	0	True	True	False	Strong
261	124	81	0	0	True	True	False	Strong
262	109	69	0	0	True	True	False	Strong
263	103	82	0	0	True	True	False	Strong
264	102	70	0.2705	0	False	False	False	Weak
265	102	92	0	0.9362	True	True	True	Strong
266	109	86	0	0	True	True	False	Strong
267	103	101	0	0.75	True	True	True	Strong
268	126	85	0	0	True	True	False	Strong
269	107	99	0	0	True	True	False	Strong
270	130	84	0	0	True	True	False	Strong
271	125	101	0.1065	0	False	False	False	Weak
272	145	93	0	0	True	True	False	Strong
273	119	110	0	0	True	True	False	Strong
274	123	133	1	0	False	False	False	Noise
275	135	94	0.207	0	False	False	False	Weak
276	128	79	1	0	False	False	False	Weak
277	141	106	1	0	False	False	False	Noise
278	121	63	0.0005	0	True	True	False	Strong
279	119	81	0	0	True	True	False	Strong
280	131	104	0	0	True	True	False	Strong
281	102	103	1	0	False	False	False	Weak
282	127	306	1	0	False	False	False	Noise
283	126	317	0.4385	0	False	False	False	Noise
284	126	317	0.4385	0	False	False	False	Noise
285	116	119	1	0	False	False	False	Noise
286	142	231	1	0	False	False	False	Weak
287	127	92	0	0	True	True	False	Strong
288	142	112	0	0.6439	True	True	True	Strong
289	122	148	0	0.9696	True	True	True	Strong
290	114	124	0	0.9451	True	True	True	Strong
291	115	131	0.001	0	True	True	False	Strong
292	111	106	0	0.9707	True	True	True	Strong
293	102	123	0	0	True	True	False	Strong
294	94	103	0.0105	0	True	True	False	Subclone
295	101	124	0	0.9689	True	True	True	Strong
296	110	108	0	0.9661	True	True	True	Strong
297	96	100	0	0.8762	True	True	True	Strong
298	124	101	0	0.9282	True	True	True	Strong
299	95	101	0	0.9068	True	True	True	Strong
300	107	75	0.1695	0	False	False	False	Weak
301	105	77	0.1965	0	False	False	False	Weak
302	117	91	0	0	True	True	False	Strong
303	102	113	1	0	False	False	False	Weak
304	114	138	0.142	0	False	False	False	Weak
305	133	250	1	0	False	False	False	Weak
306	113	101	0	0	True	True	False	Strong
307	112	98	0	0	True	True	False	Strong
308	99	94	0	0	True	True	False	Strong
309	81	119	0	1	True	True	True	Strong
310	91	80	0	0.8841	True	True	True	Strong
311	102	61	0	0	True	True	False	Strong
312	84	33	0	0	True	True	False	Strong
313	107	138	0	0	True	True	False	Strong
314	88	93	0	0.9606	True	True	True	Strong
315	95	103	0	0.9587	True	True	True	Strong
316	96	104	0	1	True	True	True	Strong
317	129	142	0	0.9491	True	True	True	Strong
318	139	311	0	0	True	True	False	Strong
319	96	103	0.1815	0	False	False	False	Weak
320	107	112	0	0	True	True	False	Strong
321	133	62	0.3345	0	False	False	False	Weak
322	116	121	0.3535	0	False	False	False	Weak
323	118	110	0	0.83	True	True	True	Strong
324	118	110	0	0.8598	True	True	True	Strong
325	137	88	0	0	True	True	False	Strong
326	123	183	0.2385	0	False	False	False	Weak
327	123	174	0	0	True	True	False	Strong
328	110	125	1	0	False	False	False	Weak
329	135	217	0.0005	0	True	True	False	Strong
330	148	123	1	0	False	False	False	Weak
331	134	103	0.326	0	False	False	False	Weak
332	132	125	1	0	False	False	False	Noise
333	107	186	0.229	0	False	False	False	Weak
334	121	161	0	0	True	True	False	Strong
335	185	315	1	0	False	False	False	Weak
336	197	187	0	0	True	True	False	Strong
337	190	113	0.22	0	False	False	False	Weak
338	144	100	0.1115	0	False	False	False	Weak
339	185	94	0	0.3773	True	True	True	Strong
340	150	128	0	0	True	True	False	Strong
341	148	146	0	0	True	True	False	Strong
342	150	161	0.081	0	True	True	False	Weak
343	123	155	0.1125	0	False	False	False	Weak
344	137	118	0.125	0	False	False	False	Weak
345	124	54	1	0	False	False	False	Weak
346	108	199	1	0	False	False	False	Weak
347	124	121	1	0	False	False	False	Noise
348	108	116	0	0	True	True	False	Strong
349	109	99	0	0	True	True	False	Strong
350	133	108	1	0	False	False	False	Weak
351	144	98	0	0	True	True	False	Strong
352	132	62	0	0.5653	True	True	True	Strong
353	127	94	1	0	False	False	False	Noise
354	160	59	0.0005	0.3194	True	True	True	Strong
355	141	95	0	0	True	True	False	Strong
356	124	112	1	0	False	False	False	Noise
357	121	95	0	0	True	True	False	Strong
358	101	47	0	0.5411	True	True	True	Strong
359	113	207	1	0	False	False	False	Noise
360	135	149	0	0	True	True	False	Strong
361	107	104	0	0	True	True	False	Strong
362	139	101	0	0	True	True	False	Strong
363	120	121	0	0	True	True	False	Strong
364	140	93	1	0	False	False	False	Noise
365	145	99	1	0	False	False	False	Noise
366	98	50	1	0	False	False	False	Noise
367	121	110	0.1555	0	False	False	False	Weak
368	117	200	1	0	False	False	False	Noise
369	132	193	0.112	0	False	False	False	Weak
370	125	93	1	0	False	False	False	Weak
371	126	393	0.2085	0	False	False	False	Noise
372	135	85	1	0	False	False	False	Weak
373	124	104	0	0	True	True	False	Strong
374	104	143	0	0	True	True	False	Strong
375	107	143	0	0	True	True	False	Strong
376	134	140	0.0335	0	True	True	False	Strong
377	129	138	0	1	True	True	True	Strong
378	124	104	0	0	True	True	False	Strong
379	156	179	0.201	0	False	False	False	Weak
380	143	103	0.1575	0	False	False	False	Weak
381	116	105	0.1705	0	False	False	False	Weak
382	131	89	0	0.7673	True	True	True	Strong
383	131	311	0	0	True	True	False	Strong
384	132	131	0	1	True	True	True	Strong
385	127	151	0	0.3439	True	True	True	Strong
386	134	184	0.257	0	False	False	False	Noise
387	124	232	0.247	0	False	False	False	Weak
388	160	129	0.2065	0	False	False	False	Noise
389	141	47	0	0.3077	True	True	True	Strong
390	122	68	0.001	0	True	True	False	Strong
391	113	211	0.175	0	False	False	False	Weak
392	117	96	1	0	False	False	False	Weak
393	131	138	0.144	0	False	False	False	Weak
394	134	93	0.128	0	False	False	False	Weak
395	128	72	1	0	False	False	False	Weak
396	130	101	0.477	0	False	False	False	Weak
397	103	88	1	0	False	False	False	Noise
398	132	89	0	0	True	True	False	Strong
399	107	85	0	0	True	True	False	Strong
400	141	136	1	0	False	False	False	Noise
401	141	191	0.1605	0	False	False	False	Weak
402	136	314	0	0.5976	True	True	True	Strong
403	134	50	1	0	False	False	False	Noise
404	132	50	1	0	False	False	False	Noise
405	141	75	1	0	False	False	False	Noise
406	129	57	1	0	False	False	False	Noise
407	114	65	0	0	True	True	False	Strong
408	165	133	0	0.6686	True	True	True	Strong
409	127	62	0	0	True	True	False	Strong
410	116	70	0	0	True	True	False	Strong
411	131	201	0	0.5479	True	True	True	Strong
412	121	92	0	0.6457	True	True	True	Strong
413	112	109	0	0.5379	True	True	True	Strong
414	121	99	0.027	0	True	True	False	Strong
415	115	143	0.003	0	True	True	False	Strong
416	80	57	0	0.5457	True	True	True	Strong
417	106	119	0	0.549	True	True	True	Strong
418	126	55	0	1	True	True	True	Strong
419	126	61	0	0	True	True	False	Strong
420	134	40	0	0.9303	True	True	True	Strong
421	110	92	0	0.9735	True	True	True	Strong
422	92	61	0	0	True	True	False	Strong
423	132	39	0	0	True	True	False	Strong
424	103	135	0	0	True	True	False	Strong
425	117	67	0.0015	0	True	True	False	Strong
426	105	82	0	0	True	True	False	Strong
427	114	73	0	0.6566	True	True	True	Strong
428	128	62	0	0.956	True	True	True	Strong
429	134	42	0	0.6993	True	True	True	Strong
430	113	36	1	0	False	False	False	Weak
431	119	60	0.0005	0	True	True	False	Strong
432	132	39	0.001	0	True	True	False	Subclone
433	136	38	0	0	True	True	False	Strong
434	132	48	0	0	True	True	False	Strong
435	125	40	0.6505	0	False	False	False	Noise
436	123	57	0.5565	0	False	False	False	Weak
437	130	62	0.19	0	False	False	False	Weak
438	133	57	0	0	True	True	False	Strong
439	116	101	0.0125	0	True	True	False	Strong
440	123	52	0	0	True	True	False	Strong
441	122	51	0.2265	0	False	False	False	Weak
442	110	30	1	0	False	False	False	Weak
443	103	24	0	0	True	True	False	Strong
444	115	46	0	0	True	True	False	Strong
445	122	67	0.025	0	True	True	False	Strong
446	122	54	0	0	True	True	False	Strong
447	136	48	0	0	True	True	False	Strong
448	133	67	0	0.3346	True	True	True	Strong
449	103	63	0	0	True	True	False	Strong
450	118	70	0	0	True	True	False	Strong
451	130	70	0	0.3663	True	True	True	Strong
452	119	46	0	0.9665	True	True	True	Strong
453	129	49	0	0	True	True	False	Strong
454	124	67	0	0	True	True	False	Strong
455	128	43	0	0	True	True	False	Strong
456	136	58	1	0	False	False	False	Weak
457	131	50	0.1345	0	False	False	False	Noise
458	109	119	0.1535	0	False	False	False	Weak
459	98	39	1	0	False	False	False	Noise
460	128	53	0	0	True	True	False	Strong
461	105	158	0	0	True	True	False	Strong
462	132	94	1	0	False	False	False	Weak
463	96	91	0.187	0	False	False	False	Weak
464	182	109	1	0	False	False	False	Weak
465	181	139	1	0	False	False	False	Weak
466	163	72	0.187	0	False	False	False	Weak
467	149	80	1	0	False	False	False	Noise
468	156	79	1	0	False	False	False	Noise
469	142	67	0	0.5394	True	True	True	Strong
470	131	99	0.2165	0	False	False	False	Weak
471	115	66	0.485	0	False	False	False	Weak
472	133	126	1	0	False	False	False	Noise
473	132	102	1	0	False	False	False	Noise
474	119	182	0.1625	0	False	False	False	Weak
475	147	145	1	0	False	False	False	Weak
476	132	159	1	0	False	False	False	Weak
477	109	111	1	0	False	False	False	Weak
478	88	114	0	0	True	True	False	Strong
479	107	93	0.298	0	False	False	False	Weak
480	114	101	0.0515	0	True	True	False	Weak
481	118	261	0.326	0	False	False	False	Noise
482	110	138	0.129	0	False	False	False	Weak
483	117	139	0.282	0	False	False	False	Noise
484	118	105	1	0	False	False	False	Weak
485	103	147	0.007	0	True	True	False	Noise
486	99	87	0.3615	0	False	False	False	Weak
487	116	116	0.3	0	False	False	False	Weak
488	101	107	1	0	False	False	False	Weak
489	104	113	0	0.5356	True	True	True	Strong
490	102	108	0	0	True	True	False	Strong
491	81	127	0.001	0	True	True	False	Strong
492	113	125	0	0.9386	True	True	True	Strong
493	105	222	0	0	True	True	False	Strong
494	92	229	0	0	True	True	False	Strong
495	104	148	0	0.5252	True	True	True	Strong
496	104	118	0	0	True	True	False	Strong
497	119	98	0	0.4998	True	True	True	Strong
498	100	378	0	0	True	True	False	Strong
499	123	133	0	0	True	True	False	Strong
500	128	239	0	0	True	True	False	Strong
501	99	160	0	0.9687	True	True	True	Strong
502	109	87	0	0.5155	True	True	True	Strong
503	99	107	0.381	0	False	False	False	Weak
504	87	149	0.001	0.4629	True	True	True	Strong
505	89	134	0	0.4615	True	True	True	Strong
506	96	118	0	0.4856	True	True	True	Strong
507	127	78	0.341	0	False	False	False	Weak
508	102	87	0	1	True	True	True	Strong
509	121	89	0	0	True	True	False	Strong
510	116	96	0	0	True	True	False	Strong
511	106	48	0	0.5955	True	True	True	Strong
512	107	56	0	0.5258	True	True	True	Strong
513	102	32	0	0.5591	True	True	True	Strong
514	116	82	0	0	True	True	False	Strong
515	116	44	0	0	True	True	False	Strong
516	105	48	0	0.6294	True	True	True	Strong
517	105	84	0	0.4496	True	True	True	Strong
518	97	56	0	0	True	True	False	Strong
519	121	98	0	0.635	True	True	True	Strong
520	99	73	0.0005	0	True	True	False	Strong
521	98	87	0.0461	0	True	True	False	Strong
522	121	39	0	0.5223	True	True	True	Strong
523	121	38	0	0.4997	True	True	True	Strong
524	121	53	0	0.5466	True	True	True	Strong
525	98	57	0	1	True	True	True	Strong
526	122	76	0.215	0	False	False	False	Weak
527	113	48	0	0	True	True	False	Strong
528	110	53	0	0.4776	True	True	True	Strong
529	86	48	0	0	True	True	False	Strong
530	93	74	0	0	True	True	False	Strong
531	86	64	0	0	True	True	False	Strong
532	82	59	0	0	True	True	False	Strong
533	98	65	0	0	True	True	False	Strong
534	98	70	0	0	True	True	False	Strong
535	102	55	0	0	True	True	False	Strong
536	108	51	0	0.4347	True	True	True	Strong
537	95	52	0	0.6216	True	True	True	Strong
538	90	89	0	0.9555	True	True	True	Strong
539	103	90	0	0.5735	True	True	True	Strong
540	80	77	0	0	True	True	False	Strong
541	84	73	0	0	True	True	False	Strong
542	88	62	0	0	True	True	False	Strong
543	113	77	0	0	True	True	False	Strong
544	95	64	0	0	True	True	False	Strong
545	85	103	0	0	True	True	False	Strong
546	81	94	0	0	True	True	False	Strong
547	79	67	0	0	True	True	False	Strong
548	83	42	0	1	True	True	True	Strong
549	73	124	0	0	True	True	False	Strong
550	72	66	1	0	False	False	False	Noise
551	108	62	0	0.6476	True	True	True	Strong
552	98	46	0	0.5551	True	True	True	Strong
553	117	69	0	0	True	True	False	Strong
554	112	157	0	0	True	True	False	Strong
555	96	68	0	0	True	True	False	Strong
556	94	49	0.021	0	True	True	False	Strong
557	108	56	0.0462	0	True	True	False	Strong
558	98	83	0	0.9199	True	True	True	Strong
559	94	70	0.2175	0	False	False	False	Weak
560	104	70	0.0235	0	True	True	False	Strong
561	94	49	0	0.5046	True	True	True	Strong
562	90	67	0	0.5155	True	True	True	Strong
563	98	46	0.0005	0	True	True	False	Strong
564	96	54	0	0.6109	True	True	True	Strong
565	75	44	0	0.7947	True	True	True	Strong
566	90	48	0	0.5872	True	True	True	Strong
567	87	59	0	0.5983	True	True	True	Strong
568	115	55	0	0.7415	True	True	True	Strong
569	112	55	0	0.7387	True	True	True	Strong
570	113	83	0	0.6953	True	True	True	Strong
571	102	60	0.0005	0.3784	True	True	True	Strong
572	109	49	0.0005	0.4001	True	True	True	Strong
573	111	61	0	0.6462	True	True	True	Strong
574	101	116	0	0.6586	True	True	True	Strong
575	89	112	0	0.5064	True	True	True	Strong
576	102	97	0	0.559	True	True	True	Strong
577	88	99	0	0.5092	True	True	True	Strong
578	113	91	0	0.5529	True	True	True	Strong
579	99	67	0	0.3944	True	True	True	Strong
580	108	66	0	0.5655	True	True	True	Strong
581	96	115	0	0.482	True	True	True	Strong
582	119	107	0.0463	0	True	True	False	Strong
583	102	100	0.1575	0	False	False	False	Weak
584	112	66	1	0	False	False	False	Weak
585	99	66	0.257	0	False	False	False	Noise
586	95	103	0.0551	0	True	True	False	Weak
587	93	84	0.3475	0	False	False	False	Weak
588	115	110	1	0	False	False	False	Weak
589	84	116	0	0.4817	True	True	True	Strong
590	125	244	0	0.3998	True	True	True	Subclone
591	103	71	0.2195	0	False	False	False	Weak
592	104	56	0	0	True	True	False	Strong
593	101	94	0	0.501	True	True	True	Strong
594	88	105	0	0	True	True	False	Strong
595	92	80	0	0.6803	True	True	True	Strong
596	91	55	0	0	True	True	False	Subclone
597	89	61	0	0.4353	True	True	True	Strong
598	90	70	0	1	True	True	True	Strong
599	86	83	0	0	True	True	False	Strong
600	94	66	0	0	True	True	False	Strong
601	115	206	1	0	False	False	False	Weak
602	121	61	1	0	False	False	False	Weak
603	96	52	1	0	False	False	False	Weak
604	122	62	0	0.3954	True	True	True	Strong
605	115	89	0	0.5327	True	True	True	Strong
606	82	65	0	0.5876	True	True	True	Strong
607	113	118	0	0.5345	True	True	True	Subclone
608	94	76	0.017	0	True	True	False	Strong
609	103	75	0	0.5058	True	True	True	Strong
610	99	61	0	0.5367	True	True	True	Strong
611	81	50	0	0.4953	True	True	True	Strong
612	96	78	0	0.5636	True	True	True	Strong
613	92	79	0.0015	0	True	True	False	Strong
614	111	249	0.529	0	False	False	False	Weak
615	95	72	0	0.577	True	True	True	Strong
616	100	140	0.0005	0	True	True	False	Strong
617	110	94	0	0	True	True	False	Strong
618	87	82	0	0	True	True	False	Strong
619	113	179	0	0.5365	True	True	True	Strong
620	96	31	0	0.6916	True	True	True	Strong
621	108	59	0	0.5185	True	True	True	Strong
622	106	65	0	0.6667	True	True	True	Strong
623	110	88	0.168	0	False	False	False	Weak
624	105	38	0.0005	0.35	True	True	True	Strong
625	100	56	0	0	True	True	False	Strong
626	103	49	0.0005	0.5061	True	True	True	Strong
627	122	50	0	0	True	True	False	Strong
628	108	51	0.3115	0	False	False	False	Noise
629	123	35	0	0.5641	True	True	True	Strong
630	124	43	0	0.5505	True	True	True	Strong
631	108	89	0	0.6796	True	True	True	Strong
632	130	70	0	0.6397	True	True	True	Strong
633	133	73	0.005	0.2012	True	True	True	Strong
634	120	52	1	0	False	False	False	Weak
635	107	60	0.001	0	True	True	False	Strong
636	103	44	0	0.6055	True	True	True	Strong
637	125	69	0	0.5159	True	True	True	Strong
638	79	78	0	0.7232	True	True	True	Strong
639	114	48	0	0.381	True	True	True	Subclone
640	103	61	0.0005	0	True	True	False	Strong
641	92	46	0	0.6916	True	True	True	Strong
642	97	61	0.363	0	False	False	False	Weak
643	101	179	1	0	False	False	False	Weak
644	107	48	0	0.4996	True	True	True	Strong
645	120	63	0	0.4853	True	True	True	Strong
646	106	95	0	0.6172	True	True	True	Strong
647	90	103	0	0	True	True	False	Strong
648	118	126	0	0.3606	True	True	True	Subclone
649	94	89	0	1	True	True	True	Strong
650	90	63	0	0.5071	True	True	True	Strong
651	90	77	0	0.5941	True	True	True	Strong
652	111	54	0	0.8377	True	True	True	Strong
653	93	144	0	0	True	True	False	Strong
654	108	56	0	0	True	True	False	Strong
655	102	157	0	0.5048	True	True	True	Strong
656	113	130	0	0.5975	True	True	True	Strong
657	92	109	0	0.5508	True	True	True	Strong
658	97	66	0	0.7217	True	True	True	Strong
659	94	37	0	0	True	True	False	Strong
660	90	68	0	0	True	True	False	Strong
661	107	57	0	0.3213	True	True	True	Strong
662	91	61	0	0	True	True	False	Strong
663	101	42	0.342	0	False	False	False	Weak
664	121	39	0	0	True	True	False	Strong
665	126	63	0.167	0	False	False	False	Weak
666	112	24	0.001	0	True	True	False	Strong
667	86	47	0	0.7284	True	True	True	Strong
668	79	40	0	0	True	True	False	Strong
669	121	62	0.1265	0	False	False	False	Weak
670	121	77	0	0	True	True	False	Strong
671	98	58	0	0	True	True	False	Strong
672	71	47	0	0	True	True	False	Strong
673	83	51	0	0.9551	True	True	True	Strong
674	95	49	0	0	True	True	False	Strong
675	79	31	0	0.9085	True	True	True	Strong
676	65	49	0.4925	0	False	False	False	Weak
677	96	133	0.4245	0	False	False	False	Weak
678	93	99	0	0	True	True	False	Strong
679	87	70	0.2485	0	False	False	False	Weak
680	77	84	0	0	True	True	False	Strong
681	79	62	0	1	True	True	True	Strong
682	77	65	0	0	True	True	False	Strong
683	97	64	0	1	True	True	True	Strong
684	81	62	0	0	True	True	False	Strong
685	78	31	0	0.7	True	True	True	Strong
686	100	62	0	0.9354	True	True	True	Strong
687	89	35	0	0.7819	True	True	True	Strong
688	93	71	0	1	True	True	True	Strong
689	87	65	0	0	True	True	False	Strong
690	64	50	0	0.7164	True	True	True	Strong
691	84	59	0	1	True	True	True	Strong
692	80	56	0	0.7706	True	True	True	Strong
693	60	56	0	0	True	True	False	Strong
694	87	60	0	0.6556	True	True	True	Strong
695	68	29	0	0	True	True	False	Strong
696	67	50	0	0.8641	True	True	True	Strong
697	92	59	0	1	True	True	True	Strong
698	77	71	0	0.9354	True	True	True	Strong
699	74	36	0	0.6684	True	True	True	Strong
700	89	60	0	0.9635	True	True	True	Strong
701	83	45	0	0.5976	True	True	True	Strong
702	74	54	0	0	True	True	False	Strong
703	84	43	0	0.892	True	True	True	Strong
704	91	50	0	0.8874	True	True	True	Strong
705	90	129	0.3055	0	False	False	False	Weak
706	77	46	0	0	True	True	False	Strong
707	84	60	0	0.825	True	True	True	Strong
708	90	41	0.0005	0.5195	True	True	True	Strong
709	90	33	0	0	True	True	False	Strong
710	60	54	0	0	True	True	False	Strong
711	62	164	0.0005	0.6168	True	True	True	Strong
712	98	66	0	0.909	True	True	True	Strong
713	68	80	0	0.9403	True	True	True	Strong
714	61	62	0	0	True	True	False	Strong
715	91	52	0	0	True	True	False	Strong
716	95	50	0	0.965	True	True	True	Strong
717	88	48	0	0	True	True	False	Strong
718	70	46	0	0	True	True	False	Strong
719	100	72	0	0	True	True	False	Strong
720	87	68	0	0	True	True	False	Strong
721	95	100	0.0015	0	True	True	False	Strong
722	108	65	0	0	True	True	False	Strong
723	110	59	0	0	True	True	False	Strong
724	112	65	0	0.5466	True	True	True	Strong
725	118	68	0	0.746	True	True	True	Strong
726	83	56	0	0	True	True	False	Strong
727	107	57	0	0.5618	True	True	True	Strong
728	103	57	0	0.9537	True	True	True	Strong
729	92	78	0	0.6602	True	True	True	Strong
730	108	78	1	0	False	False	False	Noise
731	109	83	0.2105	0	False	False	False	Weak
732	117	48	0	0	True	True	False	Strong
733	110	45	0	0.5919	True	True	True	Strong
734	111	43	0	0.6093	True	True	True	Strong
735	108	50	0	0.5566	True	True	True	Strong
736	107	43	0	0.5292	True	True	True	Strong
737	104	70	0	0.4056	True	True	True	Strong
738	105	86	0	0.9659	True	True	True	Strong
739	108	86	0	0.9675	True	True	True	Strong
740	97	61	0	0.441	True	True	True	Strong
741	118	67	0	0	True	True	False	Strong
742	108	93	0	0.6469	True	True	True	Strong
743	93	53	0	0.9121	True	True	True	Strong
744	95	86	0	0	True	True	False	Strong
745	109	53	0	0	True	True	False	Strong
746	123	71	0	0	True	True	False	Strong
747	116	56	0	0.4805	True	True	True	Strong
748	106	46	0	0	True	True	False	Strong
749	87	43	0.0035	0	True	True	False	Strong
750	90	42	0	0.4977	True	True	True	Strong
751	111	90	0	0	True	True	False	Strong
752	110	37	0	0.6374	True	True	True	Strong
753	102	54	0	0	True	True	False	Strong
754	90	110	0	0	True	True	False	Strong
755	95	110	0	0	True	True	False	Strong
756	122	43	0	0.5025	True	True	True	Strong
757	108	37	0	0	True	True	False	Strong
758	100	57	0	0	True	True	False	Strong
759	103	38	0	0.6463	True	True	True	Strong
760	125	54	0	0.631	True	True	True	Strong
761	103	122	0	0	True	True	False	Strong
762	92	75	0	0.4922	True	True	True	Strong
763	97	40	0	0.5736	True	True	True	Strong
764	105	58	0	0.4944	True	True	True	Strong
765	101	47	0	0.4767	True	True	True	Strong
766	120	47	0	0.607	True	True	True	Strong
767	103	57	0	0	True	True	False	Strong
768	95	62	0	0	True	True	False	Strong
769	123	40	0	0.3447	True	True	True	Strong
770	98	53	0	0.6659	True	True	True	Strong
771	96	47	0.0125	0	True	True	False	Strong
772	108	102	0	0	True	True	False	Strong
773	120	135	0	0.5593	True	True	True	Strong
774	102	47	0	0.429	True	True	True	Strong
775	104	67	0	0.5215	True	True	True	Strong
776	108	119	0	0.6525	True	True	True	Strong
777	140	43	0	0.6413	True	True	True	Strong
778	107	52	0	0.9494	True	True	True	Strong
779	99	58	0.0055	0	True	True	False	Strong
780	101	100	0	0	True	True	False	Strong
781	99	336	0	0.5246	True	True	True	Strong
782	116	81	0	0.5279	True	True	True	Strong
783	90	79	0	0	True	True	False	Strong
784	98	71	0	1	True	True	True	Strong
785	95	63	0	0	True	True	False	Strong
786	94	58	0	0	True	True	False	Strong
787	119	105	0	0.5525	True	True	True	Strong
788	106	93	0	0	True	True	False	Strong
789	103	114	0	0	True	True	False	Strong
790	94	45	0	0.6547	True	True	True	Strong
791	124	47	0	0.617	True	True	True	Strong
792	113	46	0	0.5742	True	True	True	Strong
793	103	54	0	0.6627	True	True	True	Strong
794	132	44	0.0005	0.4111	True	True	True	Strong
795	79	43	0	0.6077	True	True	True	Strong
796	122	45	0	0.5829	True	True	True	Strong
797	119	64	0	0.9571	True	True	True	Strong
798	108	49	0	0	True	True	False	Strong
799	101	44	0	0.5676	True	True	True	Strong
800	99	53	0.004	0	True	True	False	Strong
801	104	51	0	0	True	True	False	Strong
802	98	39	0	0.4239	True	True	True	Strong
803	91	61	0	0.6467	True	True	True	Strong
804	115	52	0	0.4644	True	True	True	Strong
805	82	74	0	0.6736	True	True	True	Strong
806	94	45	0	0	True	True	False	Strong
807	109	55	0	0	True	True	False	Strong
808	114	47	0	0.4496	True	True	True	Strong
809	91	52	0.002	0	True	True	False	Strong
810	83	53	0.002	0	True	True	False	Subclone
811	92	36	0	0	True	True	False	Strong
812	95	40	0.001	0	True	True	False	Strong
813	95	45	1	0	False	False	False	Noise
814	86	119	0.5535	0	False	False	False	Noise
815	161	111	0	0	True	True	False	Strong
816	164	231	1	0	False	False	False	Weak
817	148	47	1	0	False	False	False	Noise
818	179	51	0.066	0	True	True	False	Noise
819	210	75	0	0	True	True	False	Strong
820	180	145	0	0	True	True	False	Strong
821	182	67	0	0	True	True	False	Strong
822	181	64	0	0.6111	True	True	True	Strong
823	168	82	0	0	True	True	False	Strong
824	155	78	0	0.6758	True	True	True	Strong
825	176	72	1	0	False	False	False	Weak
826	131	72	0	0.4754	True	True	True	Strong
827	157	77	0.475	0	False	False	False	Weak
828	178	63	0	0	True	True	False	Strong
829	160	276	1	0	False	False	False	Weak
830	162	134	1	0	False	False	False	Weak
831	171	68	1	0	False	False	False	Weak
832	158	168	1	0	False	False	False	Weak
833	186	72	0	0	True	True	False	Strong
834	170	71	0	0	True	True	False	Strong
835	174	136	0	0.6993	True	True	True	Strong
836	152	57	0	0	True	True	False	Strong
837	148	120	1	0	False	False	False	Weak
838	202	109	0.015	0	True	True	False	Subclone
839	167	42	0.4615	0	False	False	False	Noise
840	177	62	0	0.3485	True	True	True	Strong
841	157	62	0.0005	0	True	True	False	Strong
842	140	44	0	0.693	True	True	True	Strong
843	137	40	0	0	True	True	False	Strong
844	133	60	0.2285	0	False	False	False	Weak
845	176	37	0.1015	0	False	False	False	Weak
846	161	41	1	0	False	False	False	Weak
847	179	61	0	0.4489	True	True	True	Strong
848	147	51	0	0	True	True	False	Strong
849	166	44	0	0.3325	True	True	True	Strong
850	152	40	0	0	True	True	False	Strong
851	185	81	1	0	False	False	False	Weak
852	176	103	0	0	True	True	False	Strong
853	159	106	1	0	False	False	False	Weak
854	188	94	1	0	False	False	False	Weak
855	161	55	0	0	True	True	False	Strong
856	197	43	0.588	0	False	False	False	Weak
857	164	67	0.464	0	False	False	False	Weak
858	172	139	0	0	True	True	False	Strong
859	105	69	0	0	True	True	False	Strong
860	134	83	0	0.429	True	True	True	Strong
861	151	65	0	0	True	True	False	Strong
862	162	69	0	0.4143	True	True	True	Strong
863	147	310	0.0905	0	True	True	False	Weak
864	150	83	1	0	False	False	False	Noise
865	134	50	0.002	0	True	True	False	Strong
866	179	61	1	0	False	False	False	Weak
867	180	72	0	0	True	True	False	Strong
868	158	64	0	0	True	True	False	Strong
869	162	45	0	0	True	True	False	Strong
870	171	66	0	0	True	True	False	Strong
871	126	70	0	0	True	True	False	Strong
872	182	56	0	0	True	True	False	Strong
873	184	75	0	0	True	True	False	Strong
874	157	43	0	0.6266	True	True	True	Strong
875	186	42	0	0	True	True	False	Strong
876	167	88	0	0.3326	True	True	True	Strong
877	175	63	0	0	True	True	False	Strong
878	182	47	0	0	True	True	False	Strong
879	183	48	0.0005	0.1631	True	True	True	Strong
880	192	45	0.0576712	0	True	True	False	Noise
881	185	42	0.021	0	True	True	False	Subclone
882	182	73	0	0	True	True	False	Strong
883	179	34	0	0.2092	True	True	True	Strong
884	137	26	0	0.3749	True	True	True	Strong
885	177	27	0	0.3766	True	True	True	Strong
886	191	37	0	0.4735	True	True	True	Strong
887	165	56	0	0	True	True	False	Strong
888	153	54	0	0	True	True	False	Strong
889	180	58	0.005	0	True	True	False	Strong
890	173	58	0.0125	0	True	True	False	Strong
891	156	88	0.139	0	False	False	False	Noise
892	178	95	0.102	0	False	False	False	Weak
893	147	51	0.079	0	True	True	False	Weak
894	143	101	1	0	False	False	False	Weak
895	168	67	0.225	0	False	False	False	Noise
896	156	51	0	0	True	True	False	Strong
897	171	68	0	0	True	True	False	Strong
898	153	44	0.0925	0	True	True	False	Weak
899	169	49	1	0	False	False	False	Noise
900	183	57	1	0	False	False	False	Weak
901	180	54	0.3025	0	False	False	False	Weak
902	145	73	0	0	True	True	False	Strong
903	169	51	0	0	True	True	False	Strong
904	136	76	1	0	False	False	False	Weak
905	143	99	0.0815	0	True	True	False	Weak
906	140	73	0	0	True	True	False	Strong
907	141	73	0	0	True	True	False	Strong
908	123	38	0	0.4856	True	True	True	Strong
909	149	65	0	0.659	True	True	True	Strong
910	125	66	0	0.6101	True	True	True	Strong
911	130	74	0.0005	0	True	True	False	Strong
912	153	48	0	0.5236	True	True	True	Strong
913	129	38	0	0.971	True	True	True	Strong
914	147	32	0	0.2787	True	True	True	Strong
915	150	37	0	0	True	True	False	Strong
916	129	65	0	0.5853	True	True	True	Strong
917	133	64	0	0.5854	True	True	True	Strong
918	142	30	0	0	True	True	False	Strong
919	144	64	1	0	False	False	False	Weak
920	122	64	0	0	True	True	False	Strong
921	112	407	0	0	True	True	False	Strong
922	136	51	0	0.6556	True	True	True	Strong
923	145	176	0	0	True	True	False	Strong
924	139	85	0	0	True	True	False	Strong
925	156	69	0.131	0	False	False	False	Weak
926	151	64	0	0	True	True	False	Strong
927	153	75	0	0	True	True	False	Strong
928	146	71	0	0.474	True	True	True	Strong
929	183	81	0	0.603	True	True	True	Strong
930	151	65	0	0	True	True	False	Strong
931	147	131	0.467	0	False	False	False	Noise
932	120	47	0.121	0	False	False	False	Weak
933	137	75	0	0	True	True	False	Strong
934	108	130	0	0	True	True	False	Strong
935	115	61	0	0	True	True	False	Strong
936	161	117	0.1515	0	False	False	False	Weak
937	144	90	0	0	True	True	False	Strong
938	136	109	0	0	True	True	False	Strong
939	143	108	0	0	True	True	False	Strong
940	152	162	0	0	True	True	False	Strong
941	120	56	0	0	True	True	False	Strong
942	154	65	1	0	False	False	False	Weak
943	157	161	0.2785	0	False	False	False	Weak
944	163	46	0.0955	0	True	True	False	Weak
945	154	98	0.1245	0	False	False	False	Weak
946	139	91	0.15	0	False	False	False	Weak
947	153	71	0	0	True	True	False	Strong
948	150	67	0.1285	0	False	False	False	Weak
949	150	64	0	0.5655	True	True	True	Strong
950	164	77	1	0	False	False	False	Noise
951	136	102	1	0	False	False	False	Noise
952	127	78	0.345	0	False	False	False	Weak
953	167	96	1	0	False	False	False	Weak
954	126	82	0	0	True	True	False	Strong
955	130	100	0.112	0	False	False	False	Weak
956	167	67	0.4275	0	False	False	False	Weak
957	139	37	1	0	False	False	False	Noise
958	140	55	0.133	0	False	False	False	Noise
959	133	95	1	0	False	False	False	Weak
960	170	106	1	0	False	False	False	Weak
961	149	45	0	0	True	True	False	Strong
962	154	32	0	0.6651	True	True	True	Strong
963	176	59	0	0.547	True	True	True	Strong
964	174	139	1	0	False	False	False	Weak
965	170	103	0	0	True	True	False	Strong
966	166	54	0	0.6906	True	True	True	Strong
967	165	84	0	0	True	True	False	Strong
968	131	87	0	0	True	True	False	Strong
969	114	69	0	0	True	True	False	Strong
970	141	71	1	0	False	False	False	Weak
971	101	78	0.2465	0	False	False	False	Noise
972	136	89	0	0	True	True	False	Strong
973	147	48	0	0.6835	True	True	True	Strong
974	156	87	0	0	True	True	False	Strong
975	141	120	0	0	True	True	False	Strong
976	140	102	0.117	0	False	False	False	Weak
977	141	225	0.0005	0	True	True	False	Strong
978	130	130	0.1815	0	False	False	False	Weak
979	150	215	0	0	True	True	False	Strong
980	154	53	0	0.2661	True	True	True	Strong
981	162	62	0.0005	0.2854	True	True	True	Strong
982	163	36	0	0.6009	True	True	True	Strong
983	162	42	0	0.6882	True	True	True	Strong
984	127	35	0	1	True	True	True	Strong
985	147	80	0	0	True	True	False	Strong
986	150	99	0.2185	0	False	False	False	Weak
987	149	39	0	0.5698	True	True	True	Strong
988	151	43	0	0.7387	True	True	True	Strong
989	153	42	0	0	True	True	False	Strong
990	100	54	0	0.6306	True	True	True	Strong
991	90	74	0	0.8028	True	True	True	Strong
992	100	110	0	0.5344	True	True	True	Strong
993	100	76	0	0.6117	True	True	True	Strong
994	92	56	0	0.5838	True	True	True	Strong
995	121	64	0.2835	0	False	False	False	Noise
996	81	69	1	0	False	False	False	Noise
997	116	67	0	0.5556	True	True	True	Strong
998	106	44	0	0.7102	True	True	True	Strong
999	124	39	0	0	True	True	False	Strong
1000	128	93	0	0.6804	True	True	True	Strong
1001	115	63	0	0.4872	True	True	True	Strong
1002	105	63	1	0	False	False	False	Weak
1003	115	57	0	0.9201	True	True	True	Strong
1004	115	48	0	0.7035	True	True	True	Strong
1005	90	46	0.0075	0	True	True	False	Weak
1006	91	55	0	0	True	True	False	Strong
1007	102	44	0	0.4447	True	True	True	Subclone
1008	96	211	0	0.7237	True	True	True	Strong
1009	103	43	0.001	0.425	True	True	True	Strong
1010	95	65	0	0.6727	True	True	True	Strong
1011	99	59	0	0.4736	True	True	True	Strong
1012	119	32	0	0.6579	True	True	True	Strong
1013	114	59	0	0	True	True	False	Strong
1014	101	183	0	0.4246	True	True	True	Strong
1015	93	48	0	0.5362	True	True	True	Strong
1016	113	25	0	0.5963	True	True	True	Strong
1017	114	43	0	0	True	True	False	Strong
1018	101	41	0	0.5652	True	True	True	Strong
1019	105	27	0	0.6431	True	True	True	Strong
1020	91	123	0	0.5372	True	True	True	Strong
1021	99	68	0	0.5578	True	True	True	Strong
1022	132	92	0	0.4663	True	True	True	Strong
1023	91	156	0	0	True	True	False	Strong
1024	97	118	1	0	False	False	False	Noise
1025	130	69	1	0	False	False	False	Noise
1026	128	69	1	0	False	False	False	Noise
1027	99	86	0.0519	0	True	True	False	Weak
1028	113	74	0	0	True	True	False	Subclone
1029	102	100	1	0	False	False	False	Noise
1030	124	56	0.2285	0	False	False	False	Noise
1031	88	69	0.002	0	True	True	False	Subclone
1032	111	56	1	0	False	False	False	Noise
1033	97	73	1	0	False	False	False	Weak
1034	86	76	0.002	0	True	True	False	Strong
1035	100	70	1	0	False	False	False	Weak
1036	97	71	0.4345	0	False	False	False	Noise
1037	99	60	0	0	True	True	False	Strong
1038	89	66	0	0.4252	True	True	True	Strong
1039	111	54	0	0.4038	True	True	True	Strong
1040	92	69	0	0.5138	True	True	True	Strong
1041	101	57	1	0	False	False	False	Noise
1042	110	50	1	0	False	False	False	Weak
1043	131	52	0.4205	0	False	False	False	Weak
1044	102	66	0.3025	0	False	False	False	Weak
1045	130	99	1	0	False	False	False	Noise
1046	116	102	0	0.3733	True	True	True	Strong
1047	110	106	0	0	True	True	False	Strong
1048	129	84	0	0	True	True	False	Strong
1049	105	61	0.3745	0	False	False	False	Noise
1050	102	38	0.2015	0	False	False	False	Weak
1051	129	46	0.0005	0.4126	True	True	True	Strong
1052	102	25	0	0.5047	True	True	True	Strong
1053	111	50	0	0.5194	True	True	True	Strong
1054	104	50	0	0.4714	True	True	True	Strong
1055	101	45	0	0.726	True	True	True	Strong
1056	102	46	0	0.6143	True	True	True	Strong
1057	92	46	0.014	0.3203	True	True	True	Strong
1058	114	42	0	0.5116	True	True	True	Strong
1059	94	64	0	0	True	True	False	Strong
1060	107	65	0	0	True	True	False	Strong
1061	105	109	0	0	True	True	False	Strong
1062	92	44	0.0265	0	True	True	False	Strong
1063	111	45	0	0.6055	True	True	True	Strong
1064	110	28	0	0.5731	True	True	True	Strong
1065	89	47	0	0.6206	True	True	True	Strong
1066	101	38	0	0	True	True	False	Strong
1067	118	57	0	0.3917	True	True	True	Strong
1068	98	50	0.0015	0	True	True	False	Strong
1069	119	72	0	0.4299	True	True	True	Strong
1070	105	71	0.001	0.0812	True	True	False	Strong
1071	96	53	0	0.603	True	True	True	Strong
1072	110	34	0.001	0.4075	True	True	True	Strong
1073	116	56	0	0	True	True	False	Strong
1074	122	56	0	0	True	True	False	Strong
1075	111	44	0	0.4004	True	True	True	Strong
1076	104	43	0	0.4957	True	True	True	Strong
1077	101	53	0	0	True	True	False	Strong
1078	116	49	0	0.5483	True	True	True	Strong
1079	116	45	0	0.5758	True	True	True	Strong
1080	98	47	0	0	True	True	False	Strong
1081	88	48	0	0	True	True	False	Strong
1082	141	53	0	0.7962	True	True	True	Strong
1083	99	38	0	0.7286	True	True	True	Strong
1084	109	46	0.0005	0	True	True	False	Strong
1085	104	43	0.0035	0	True	True	False	Strong
1086	106	93	0	0	True	True	False	Strong
1087	92	46	0	0.4475	True	True	True	Strong
1088	97	43	0	0.6556	True	True	True	Strong
1089	101	34	0	0	True	True	False	Strong
1090	92	72	0	0.5163	True	True	True	Strong
1091	124	44	0	0.7638	True	True	True	Strong
1092	116	53	0	0.6695	True	True	True	Strong
1093	85	64	0	0.5709	True	True	True	Strong
1094	84	41	0.0165	0	True	True	False	Strong
1095	105	54	0	0.5608	True	True	True	Strong
1096	71	39	0	0	True	True	False	Strong
1097	100	39	0	0.5735	True	True	True	Strong
1098	94	36	0.016	0	True	True	False	Strong
1099	104	95	0.001	0	True	True	False	Strong
1100	84	30	0	0.4398	True	True	True	Strong
1101	92	57	0	0	True	True	False	Strong
1102	83	38	0	0.6065	True	True	True	Strong
1103	106	93	0	0	True	True	False	Strong
1104	86	29	0	0.5809	True	True	True	Strong
1105	118	62	0	0.4286	True	True	True	Strong
1106	102	50	0	0.8886	True	True	True	Strong
1107	112	43	0	0.474	True	True	True	Strong
1108	108	49	0.0135	0	True	True	False	Strong
1109	93	60	0	0.5	True	True	True	Strong
1110	101	59	0.0005	0.4399	True	True	True	Strong
1111	104	45	0	0.4912	True	True	True	Strong
1112	100	96	0	0	True	True	False	Strong
1113	100	78	0.0005	0	True	True	False	Strong
1114	87	43	0.0005	0.4535	True	True	True	Strong
1115	92	58	0	0	True	True	False	Strong
1116	117	36	0	0.5174	True	True	True	Strong
1117	89	59	0	0.4825	True	True	True	Strong
1118	104	65	0	0.6293	True	True	True	Strong
1119	118	82	0	0.6564	True	True	True	Strong
1120	117	58	0	0	True	True	False	Strong
1121	88	59	0.0005	0.4804	True	True	True	Strong
1122	130	55	0	0.5363	True	True	True	Strong
1123	107	65	0	0.5828	True	True	True	Strong
1124	113	101	0.0005	0.3668	True	True	True	Strong
1125	79	48	0.001	0	True	True	False	Strong
1126	102	71	0	0	True	True	False	Strong
1127	99	103	1	0	False	False	False	Weak
1128	106	94	0	0	True	True	False	Strong
1129	110	144	0.159	0	False	False	False	Weak
1130	120	142	1	0	False	False	False	Weak
1131	131	142	1	0	False	False	False	Noise
1132	102	173	1	0	False	False	False	Weak
1133	101	137	0	0	True	True	False	Strong
1134	95	269	0	0.4712	True	True	True	Strong
1135	67	264	0	1	True	True	True	Strong
1136	100	224	0	0	True	True	False	Strong
1137	92	154	0	0	True	True	False	Strong
1138	102	99	0	0	True	True	False	Strong
1139	107	83	0	0	True	True	False	Strong
1140	124	114	0	0	True	True	False	Strong
1141	92	203	1	0	False	False	False	Weak
1142	106	104	1	0	False	False	False	Weak
1143	100	192	0.003	0	True	True	False	Strong
1144	118	144	0	0.7006	True	True	True	Strong
1145	121	93	0	0.5618	True	True	True	Strong
1146	100	121	0	0	True	True	False	Strong
1147	94	167	0	0	True	True	False	Strong
1148	111	105	1	0	False	False	False	Weak
1149	107	100	0	1	True	True	True	Strong
1150	111	98	0	0.968	True	True	True	Strong
1151	82	52	0.5595	0	False	False	False	Weak
1152	111	92	0	0	True	True	False	Strong
1153	112	68	0.001	0	True	True	False	Strong
1154	104	164	0.1995	0	False	False	False	Weak
1155	123	105	0	0	True	True	False	Strong
1156	106	31	0	0	True	True	False	Strong
1157	89	65	0	0	True	True	False	Strong
1158	111	84	0	0.3875	True	True	True	Strong
1159	100	101	0	0	True	True	False	Strong
1160	92	84	0	1	True	True	True	Strong
1161	100	178	0	0	True	True	False	Strong
1162	111	70	0	0.485	True	True	True	Strong
1163	109	72	1	0	False	False	False	Noise
1164	107	75	1	0	False	False	False	Noise
1165	99	180	1	0	False	False	False	Weak
1166	94	80	0	0	True	True	False	Strong
1167	98	68	0	0	True	True	False	Strong
1168	96	91	0	0	True	True	False	Strong
1169	117	91	0	0	True	True	False	Strong
1170	80	183	0	0	True	True	False	Strong
1171	83	169	0	0	True	True	False	Strong
1172	90	53	0	0.6956	True	True	True	Strong
1173	79	59	0.0105	0	True	True	False	Strong
1174	92	51	0	0	True	True	False	Strong
1175	103	29	0.0005	0.5888	True	True	True	Strong
1176	101	61	0	0	True	True	False	Strong
1177	109	75	0	0.6009	True	True	True	Strong
1178	109	74	0	0	True	True	False	Strong
1179	86	79	1	0	False	False	False	Noise
1180	123	66	1	0	False	False	False	Noise
1181	110	112	0.166	0	False	False	False	Weak
1182	98	229	0.144	0	False	False	False	Weak
1183	117	133	0.3875	0	False	False	False	Noise
1184	101	284	1	0	False	False	False	Noise
1185	95	95	0	0.7094	True	True	True	Strong
1186	109	73	0	0.6086	True	True	True	Strong
1187	118	228	0	0.9261	True	True	True	Strong
1188	113	72	0	0	True	True	False	Strong
1189	119	61	0	0.5839	True	True	True	Strong
1190	103	101	0.155	0	False	False	False	Weak
1191	122	85	1	0	False	False	False	Noise
1192	110	89	1	0	False	False	False	Weak
1193	111	59	1	0	False	False	False	Weak
1194	131	91	1	0	False	False	False	Weak
1195	94	140	0	0	True	True	False	Strong
1196	73	300	0	0	True	True	False	Strong
1197	110	70	0	0	True	True	False	Strong
1198	79	68	0	0	True	True	False	Strong
1199	88	67	0.0875	0	True	True	False	Weak
1200	98	87	0	0.9535	True	True	True	Strong
1201	105	108	1	0	False	False	False	Noise
1202	103	99	0	0	True	True	False	Strong
1203	101	48	0	0.7206	True	True	True	Strong
1204	92	88	0.0055	0.3994	True	True	True	Strong
1205	116	72	0	0	True	True	False	Strong
1206	113	73	0	0	True	True	False	Strong
1207	84	84	0.0005	0.5142	True	True	True	Strong
1208	104	63	0	0.4821	True	True	True	Strong
1209	104	45	0	0.4735	True	True	True	Strong
1210	110	49	0	0.5627	True	True	True	Strong
1211	105	72	0	0	True	True	False	Strong
1212	116	55	0	0	True	True	False	Strong
1213	105	77	0	0	True	True	False	Strong
1214	98	70	0	0	True	True	False	Strong
1215	105	76	1	0	False	False	False	Weak
1216	110	45	0.019	0	True	True	False	Strong
1217	94	71	0	0	True	True	False	Strong
1218	95	78	0.1875	0	False	False	False	Weak
1219	96	88	0	0	True	True	False	Strong
1220	102	54	0.101	0	False	False	False	Weak
1221	94	100	0.002	0	True	True	False	Strong
1222	116	72	0	0	True	True	False	Strong
1223	102	59	0	0.4779	True	True	True	Strong
1224	112	71	0	0.8266	True	True	True	Strong
1225	77	74	0	0	True	True	False	Strong
1226	125	106	0	0	True	True	False	Strong
1227	112	75	1	0	False	False	False	Weak
1228	116	78	0	0	True	True	False	Strong
1229	100	72	0	0	True	True	False	Strong
1230	104	63	0.3085	0	False	False	False	Weak
1231	149	47	0	0.8073	True	True	True	Strong
1232	161	60	0	0	True	True	False	Strong
1233	161	71	1	0	False	False	False	Weak
1234	146	45	0.484	0	False	False	False	Weak
1235	132	47	1	0	False	False	False	Weak
1236	133	47	1	0	False	False	False	Weak
1237	149	79	0.035	0.1572	True	True	True	Strong
1238	149	56	0.3875	0	False	False	False	Weak
1239	143	34	0.219	0	False	False	False	Weak
1240	137	45	0.239	0.1144	False	False	False	Weak
1241	151	50	0.004	0.2992	True	True	True	Strong
1242	158	48	0.0125	0.2162	True	True	True	Strong
1243	155	53	0.036	0.2049	True	True	True	Strong
1244	173	60	0.003	0.2719	True	True	True	Strong
1245	156	73	0.1955	0.1014	False	False	False	Weak
1246	136	47	0.002	0.3071	True	True	True	Strong
1247	161	43	0.4515	0	False	False	False	Weak
1248	170	53	0	0.9269	True	True	True	Strong
1249	166	46	0	0	True	True	False	Strong
1250	173	31	1	0	False	False	False	Weak
1251	126	50	0	0.7024	True	True	True	Strong
1252	188	57	0	0	True	True	False	Strong
1253	169	45	0.4485	0	False	False	False	Weak
1254	218	40	0	0.6826	True	True	True	Strong
1255	147	43	0.0005	0	True	True	False	Strong
1256	137	119	0.1935	0	False	False	False	Weak
1257	165	119	1	0	False	False	False	Weak
1258	151	31	0	0.7893	True	True	True	Strong
1259	204	158	0.5045	0	False	False	False	Weak
1260	169	83	0.4925	0	False	False	False	Weak
1261	198	52	0.335	0	False	False	False	Weak
1262	180	82	1	0	False	False	False	Weak
1263	145	50	0.105	0.0516	False	False	False	Weak
1264	158	114	0.082	0	False	False	False	Weak
1265	172	74	0	0	True	True	False	Strong
1266	160	74	0	0	True	True	False	Strong
1267	169	62	0.0145	0	True	True	False	Strong
1268	215	57	0	0	True	True	False	Strong
1269	142	73	0.0621646	0.196	True	True	False	Weak
1270	144	82	0.0195	0.1899	True	True	True	Strong
1271	177	52	0.1055	0	False	False	False	Weak
1272	166	41	0.018	0.3581	True	True	True	Strong
1273	185	60	0	0	True	True	False	Strong
1274	187	79	0.0085	0.0975	True	True	False	Strong
1275	176	83	0	0.2853	True	True	True	Strong
1276	133	229	0.4545	0	False	False	False	Noise
1277	140	52	0.451	0	False	False	False	Noise
1278	136	52	0.46	0	False	False	False	Noise
1279	192	88	1	0	False	False	False	Weak
1280	143	65	0	0	True	True	False	Strong
1281	160	63	0.035	0.2011	True	True	True	Strong
1282	148	75	0	0	True	True	False	Strong
1283	119	136	0	0	True	True	False	Strong
1284	178	82	0	0.2866	True	True	True	Strong
1285	179	57	0.0426902	0	True	True	False	Strong
1286	108	47	0.0065	0.0043	True	True	False	Strong
1287	139	81	0.1635	0	False	False	False	Weak
1288	116	57	0	0.5331	True	True	True	Strong
1289	165	89	0	0.8125	True	True	True	Strong
1290	174	89	0.0015	0.2498	True	True	True	Strong
1291	156	80	0	0.9789	True	True	True	Strong
1292	174	77	0	0.9542	True	True	True	Strong
1293	204	99	0	0.6213	True	True	True	Subclone
1294	104	70	0	0.82	True	True	True	Strong
1295	115	73	0	0	True	True	False	Strong
1296	79	66	0	0.8006	True	True	True	Strong
1297	106	204	0	0.8453	True	True	True	Strong
1298	146	120	0	0	True	True	False	Strong
1299	139	120	0	0	True	True	False	Strong
1300	124	288	0	0	True	True	False	Strong
1301	173	68	0.0625298	0.0602	True	True	False	Weak
1302	115	84	0	0.7873	True	True	True	Strong
1303	116	134	0.2785	0	False	False	False	Weak
1304	145	233	0.4095	0	False	False	False	Weak
1305	144	131	1	0	False	False	False	Noise
1306	121	182	0.157	0	False	False	False	Noise
1307	131	166	0.189	0	False	False	False	Weak
1308	105	78	0	0	True	True	False	Strong
1309	136	59	0	0.4645	True	True	True	Strong
1310	112	77	0	0	True	True	False	Strong
1311	142	51	0	0	True	True	False	Strong
1312	120	56	0.434	0	False	False	False	Noise
1313	124	178	0	0	True	True	False	Strong
1314	143	69	0	0	True	True	False	Strong
1315	145	63	0.5155	0	False	False	False	Weak
1316	143	63	1	0	False	False	False	Weak
1317	135	69	0	0	True	True	False	Strong
1318	102	73	0	0	True	True	False	Strong
1319	119	98	0	0	True	True	False	Strong
1320	115	101	0	0	True	True	False	Strong
1321	134	74	0	0.3288	True	True	True	Strong
1322	110	58	0	0.054	True	True	False	Strong
1323	93	100	0	0.4647	True	True	True	Strong
1324	96	68	0.0185	0.1114	False	False	False	Weak
1325	132	93	0.0005	0.3381	True	True	True	Strong
1326	137	201	0.0045	0	True	True	False	Strong
1327	141	105	0.0055	0.0778	True	True	False	Strong
1328	107	101	0	0	True	True	False	Strong
1329	111	157	0	0.5385	True	True	True	Strong
1330	100	143	0.1915	0	False	False	False	Weak
1331	128	64	0	0.6406	True	True	True	Strong
1332	114	139	0	0.6364	True	True	True	Strong
1333	98	105	0.5075	0	False	False	False	Noise
1334	114	164	0.3205	0	False	False	False	Weak
1335	142	181	0.2485	0	False	False	False	Weak
1336	103	165	0.2735	0	False	False	False	Weak
1337	131	150	0	0.4887	True	True	True	Strong
1338	149	109	0.3105	0	False	False	False	Weak
1339	129	151	1	0	False	False	False	Weak
1340	131	192	0	0	True	True	False	Strong
1341	144	193	0	0	True	True	False	Strong
1342	159	232	0.25	0	False	False	False	Weak
1343	145	135	0.235	0	False	False	False	Noise
1344	153	150	0	0	True	True	False	Strong
1345	140	168	0	0.7495	True	True	True	Strong
1346	117	98	1	0	False	False	False	Weak
1347	126	154	1	0	False	False	False	Weak
1348	133	322	0.335	0	False	False	False	Weak
1349	128	194	0.404	0	False	False	False	Weak
1350	142	129	1	0	False	False	False	Noise
1351	133	107	1	0	False	False	False	Weak
1352	118	271	0	0.5188	True	True	True	Strong
1353	134	117	0	0	True	True	False	Strong
1354	103	84	1	0	False	False	False	Weak
1355	122	107	0.002	0.3401	True	True	True	Subclone
1356	116	116	0	0.5077	True	True	True	Strong
1357	127	152	0	0.6376	True	True	True	Strong
1358	110	133	0.0005	0.3779	True	True	True	Strong
1359	115	125	0.0015	0.1475	True	True	True	Strong
1360	128	112	0.002	0.3218	True	True	True	Strong
1361	124	195	0	0	True	True	False	Noise
1362	153	112	0	0	True	True	False	Strong
1363	140	160	0	0.5098	True	True	True	Strong
1364	128	68	0	0.686	True	True	True	Strong
1365	102	56	0	0	True	True	False	Strong
1366	135	48	0.0685	0	False	False	False	Weak
1367	116	119	0	0	True	True	False	Strong
1368	131	41	0	0.3553	True	True	True	Strong
1369	108	56	0	1	True	True	True	Strong
1370	107	69	0	0	True	True	False	Strong
1371	102	67	0	0.8464	True	True	True	Strong
1372	111	118	0	0	True	True	False	Strong
1373	134	74	0	0	True	True	False	Strong
1374	104	47	0	0	True	True	False	Strong
1375	117	62	0	0	True	True	False	Strong
1376	128	110	0	0	True	True	False	Strong
1377	125	113	0	0	True	True	False	Strong
1378	123	119	0	1	True	True	True	Strong
1379	107	121	0.02	0.2848	True	True	True	Strong
1380	128	151	0.192	0	False	False	False	Weak
1381	148	81	0	0.1548	True	True	True	Strong
1382	135	123	1	0	False	False	False	Weak
1383	146	178	0.426	0	False	False	False	Noise
1384	131	145	1	0	False	False	False	Weak
1385	139	133	0.2625	0	False	False	False	Weak
1386	114	161	0.455	0	False	False	False	Weak
1387	136	119	0.3505	0	False	False	False	Weak
1388	128	158	0	0.7172	True	True	True	Strong
1389	124	145	0.0005	0.3491	True	True	True	Strong
1390	121	131	0.476	0	False	False	False	Weak
1391	119	224	1	0	False	False	False	Weak
1392	127	285	0.256	0	False	False	False	Weak
1393	135	137	0	0.5288	True	True	True	Strong
1394	125	173	0	0	True	True	False	Strong
1395	119	220	0	0	True	True	False	Strong
1396	154	294	0.3785	0	False	False	False	Weak
1397	131	151	0.417	0	False	False	False	Weak
1398	130	129	0.2915	0	False	False	False	Noise
1399	130	181	1	0	False	False	False	Noise
1400	124	177	1	0	False	False	False	Weak
1401	106	198	1	0	False	False	False	Weak
1402	124	147	1	0	False	False	False	Weak
1403	117	120	0.156	0	False	False	False	Weak
1404	109	182	1	0	False	False	False	Weak
1405	132	134	0.319	0	False	False	False	Weak
1406	120	174	1	0	False	False	False	Noise
1407	120	147	0	0.669	True	True	True	Strong
1408	134	186	1	0	False	False	False	Noise
1409	161	206	1	0	False	False	False	Noise
1410	145	105	0	0.6933	True	True	True	Strong
1411	119	237	0	0.3227	True	True	True	Strong
1412	142	131	0	0.5377	True	True	True	Strong
1413	130	161	0.162	0	False	False	False	Weak
1414	138	245	0	0.5898	True	True	True	Strong
1415	123	151	0	0	True	True	False	Strong
1416	119	56	0.475	0	False	False	False	Weak
1417	111	119	0.005	0.1887	True	True	True	Strong
1418	111	119	0.004	0.1931	True	True	True	Strong
1419	144	115	0	0	True	True	False	Strong
1420	109	80	0.005	0	True	True	False	Strong
1421	142	49	1	0	False	False	False	Weak
1422	108	97	0	0	True	True	False	Strong
1423	107	105	1	0	False	False	False	Weak
1424	143	63	0.0005	0.3068	True	True	True	Strong
1425	133	48	0	0	True	True	False	Strong
1426	122	56	0.4125	0	False	False	False	Weak
1427	126	59	0	0	True	True	False	Strong
1428	113	48	0.002	0	True	True	False	Strong
1429	116	74	0	0	True	True	False	Strong
1430	146	38	0	0.4901	True	True	True	Strong
1431	120	41	0.0965	0.0816	True	True	False	Weak
1432	133	40	0	1	True	True	True	Strong
1433	114	83	0	0.514	True	True	True	Strong
1434	131	67	0	0	True	True	False	Strong
1435	132	48	0	0.6323	True	True	True	Strong
1436	108	70	0	0	True	True	False	Strong
1437	144	59	0	0	True	True	False	Strong
1438	126	43	0	0	True	True	False	Strong
1439	154	69	0	0	True	True	False	Strong
1440	125	58	0	0	True	True	False	Strong
1441	125	57	0	0	True	True	False	Strong
1442	103	54	0.0095	0.126	True	True	True	Strong
1443	127	75	0.195	0	False	False	False	Weak
1444	120	67	0	0.9249	True	True	True	Strong
1445	109	62	0	0.8792	True	True	True	Strong
1446	124	57	0.0005	0.3679	True	True	True	Strong
1447	132	43	0	0.6794	True	True	True	Strong
1448	137	42	0	0	True	True	False	Strong
1449	139	23	0	0.6552	True	True	True	Strong
1450	138	51	0	0.5325	True	True	True	Strong
1451	99	47	0	0.7182	True	True	True	Strong
1452	123	48	0	0	True	True	False	Strong
1453	126	86	0	1	True	True	True	Strong
1454	100	87	0	0	True	True	False	Strong
1455	123	85	0.3015	0	False	False	False	Weak
1456	104	102	0	1	True	True	True	Strong
1457	132	145	0	0	True	True	False	Strong
1458	145	145	0	0	True	True	False	Strong
1459	129	186	0	0.5798	True	True	True	Strong
1460	130	124	0	0	True	True	False	Strong
1461	129	85	0.398	0	False	False	False	Noise
1462	140	183	0.4315	0	False	False	False	Weak
1463	118	67	0	0.9788	True	True	True	Strong
1464	126	57	0	0.5835	True	True	True	Strong
1465	119	75	0.485	0	False	False	False	Weak
1466	130	74	0.451	0	False	False	False	Weak
1467	153	123	0	0	True	True	False	Strong
1468	117	97	1	0	False	False	False	Weak
1469	127	112	1	0	False	False	False	Weak
1470	137	107	0.0005	0	True	True	False	Strong
1471	136	181	1	0	False	False	False	Noise
1472	127	153	0.548	0	False	False	False	Weak
1473	129	114	1	0	False	False	False	Noise
1474	157	172	1	0	False	False	False	Weak
1475	137	206	0	0.5129	True	True	True	Strong
1476	117	61	1	0	False	False	False	Weak
1477	136	245	0	0.6548	True	True	True	Strong
1478	114	138	0	0.3386	True	True	True	Strong
1479	100	79	0	0.7914	True	True	True	Strong
1480	123	150	0.267	0	False	False	False	Weak
1481	121	66	1	0	False	False	False	Noise
1482	118	70	0.0015	0.0033	True	True	False	Subclone
1483	118	70	0.0015	0.0033	True	True	False	Subclone
1484	142	44	0.0275	0	True	True	False	Subclone
1485	114	82	0	0.5575	True	True	True	Strong
1486	142	85	0	0.5129	True	True	True	Strong
1487	139	69	0.0115	0.2515	True	True	True	Strong
1488	122	111	0	0	True	True	False	Strong
1489	117	108	0.0015	0	True	True	False	Strong
1490	120	77	0.0025	0	True	True	False	Strong
1491	135	87	0.001	0.2892	True	True	True	Strong
1492	109	161	0.1875	0	False	False	False	Weak
1493	130	66	0	0	True	True	False	Strong
1494	142	64	0.0035	0	True	True	False	Strong
1495	132	126	0.4505	0	False	False	False	Weak
1496	114	33	0	0	True	True	False	Subclone
1497	111	56	0	0.3439	True	True	True	Strong
1498	128	63	0	0.6001	True	True	True	Strong
1499	122	104	0	0	True	True	False	Strong
1500	125	51	0	0.5598	True	True	True	Strong
1501	120	41	0.064	0	False	False	False	Noise
1502	112	78	0	1	True	True	True	Strong
1503	147	107	0.0395421	0	True	True	False	Strong
1504	136	42	0	0	True	True	False	Strong
1505	117	65	0	0	True	True	False	Strong
1506	127	37	0	0	True	True	False	Strong
1507	118	34	0.009	0	True	True	False	Subclone
1508	117	33	0.0145	0	True	True	False	Subclone
1509	122	43	0	0	True	True	False	Strong
1510	144	50	0	0	True	True	False	Strong
1511	144	27	0	0	True	True	False	Strong
1512	135	53	0	0	True	True	False	Strong
1513	120	47	0	1	True	True	True	Strong
1514	130	48	0	0.7237	True	True	True	Strong
1515	132	38	0	0.5994	True	True	True	Strong
1516	96	51	0	0.5965	True	True	True	Strong
1517	119	65	0.0125	0.1852	True	True	True	Strong
1518	135	50	0	0.5565	True	True	True	Strong
1519	101	67	0.0025	0.053	True	True	False	Strong
1520	112	94	0.0245	0.2103	True	True	True	Strong
1521	108	108	0.001	0.3636	True	True	True	Strong
1522	110	90	0	0.6379	True	True	True	Strong
1523	121	73	0	0.2211	True	True	True	Strong
1524	137	61	0	0.3329	True	True	True	Strong
1525	112	75	0	0.5633	True	True	True	Strong
1526	139	56	0	0.9603	True	True	True	Strong
1527	120	71	0	0.7368	True	True	True	Strong
1528	99	63	0	0.6744	True	True	True	Strong
1529	119	73	0	0.654	True	True	True	Strong
1530	114	82	0	0.5401	True	True	True	Strong
1531	122	100	0	0	True	True	False	Strong
1532	140	60	0	0	True	True	False	Strong
1533	146	89	0.2985	0	False	False	False	Weak
1534	125	96	0	0	True	True	False	Strong
1535	104	62	0.033	0.2828	True	True	True	Strong
1536	114	69	0	0.5043	True	True	True	Strong
1537	112	49	0	0	True	True	False	Strong
1538	127	50	0	0	True	True	False	Strong
1539	127	39	0	0.6166	True	True	True	Strong
1540	124	53	0	0	True	True	False	Strong
1541	142	62	0.4035	0	False	False	False	Weak
1542	132	60	0.2895	0	False	False	False	Weak
1543	117	49	0	0	True	True	False	Strong
1544	116	35	0	0	True	True	False	Strong
1545	130	48	0.5505	0	False	False	False	Weak
1546	100	32	0	0	True	True	False	Strong
1547	118	74	0	0	True	True	False	Strong
1548	102	51	0	0	True	True	False	Strong
1549	126	45	1	0	False	False	False	Weak
1550	121	37	0	0	True	True	False	Strong
1551	138	48	0	0.9714	True	True	True	Strong
1552	88	57	0.0005	0	True	True	False	Strong
1553	125	187	0	0	True	True	False	Strong
1554	121	51	0	0.6001	True	True	True	Strong
1555	92	92	0	0	True	True	False	Strong
1556	144	86	0	0.5666	True	True	True	Strong
1557	126	97	0	0.7234	True	True	True	Strong
1558	134	79	1	0	False	False	False	Weak
1559	94	55	0.2835	0	False	False	False	Noise
1560	120	57	1	0	False	False	False	Noise
1561	126	67	1	0	False	False	False	Weak
1562	111	68	0.3905	0	False	False	False	Weak
1563	115	144	0	0.1774	True	True	True	Strong
1564	160	118	0	0	True	True	False	Strong
1565	118	82	0	0	True	True	False	Strong
1566	131	112	0.4145	0	False	False	False	Weak
1567	129	61	1	0	False	False	False	Noise
1568	110	253	0	0.5099	True	True	True	Strong
1569	119	232	0	0	True	True	False	Strong
1570	115	81	0	0	True	True	False	Strong
1571	126	56	1	0	False	False	False	Noise
1572	126	76	0.1645	0	False	False	False	Weak
1573	125	100	1	0	False	False	False	Noise
1574	131	52	0	0.4948	True	True	True	Strong
1575	116	60	0	0	True	True	False	Strong
1576	112	76	0	0	True	True	False	Strong
1577	142	61	0	0.5849	True	True	True	Strong
1578	129	61	0.147	0	False	False	False	Weak
1579	111	39	0	0	True	True	False	Strong
1580	136	75	0.2315	0	False	False	False	Weak
1581	115	62	0	0.6027	True	True	True	Strong
1582	118	66	0.4645	0	False	False	False	Weak
1583	127	63	1	0	False	False	False	Weak
1584	110	91	0.226	0	False	False	False	Weak
1585	120	74	1	0	False	False	False	Weak
1586	116	39	0.4375	0	False	False	False	Weak
1587	131	89	1	0	False	False	False	Weak
1588	122	36	0.0015	0	True	True	False	Subclone
1589	97	93	0.4825	0	False	False	False	Weak
1590	116	54	0.3065	0	False	False	False	Noise
1591	128	40	0	0	True	True	False	Strong
1592	117	80	0	0	True	True	False	Strong
1593	164	66	0.297	0	False	False	False	Noise
1594	158	54	0	0	True	True	False	Strong
1595	148	50	1	0	False	False	False	Noise
1596	123	98	0	0	True	True	False	Strong
1597	149	36	0	0	True	True	False	Strong
1598	126	41	0	0.3194	True	True	True	Strong
1599	139	60	0.29	0	False	False	False	Noise
1600	131	42	0	0.5695	True	True	True	Strong
1601	144	56	0	0.5721	True	True	True	Strong
1602	127	61	0.0005	0.3513	True	True	True	Strong
1603	132	39	0	0	True	True	False	Strong
1604	131	55	0	0.5071	True	True	True	Strong
1605	141	54	0	0.5919	True	True	True	Strong
1606	134	59	0.0155	0	True	True	False	Strong
1607	127	89	0	0.4507	True	True	True	Strong
1608	130	77	0	0	True	True	False	Strong
1609	107	44	0.0055	0.1522	True	True	True	Strong
1610	133	171	1	0	False	False	False	Weak
1611	135	98	1	0	False	False	False	Noise
1612	134	54	0.487	0	False	False	False	Noise
1613	130	87	0	0	True	True	False	Strong
1614	158	39	1	0	False	False	False	Noise
1615	117	97	0	0.5716	True	True	True	Strong
1616	127	60	0.033	0	True	True	False	Strong
1617	115	64	0	0	True	True	False	Strong
1618	131	96	0	0	True	True	False	Strong
1619	121	30	0	0.4771	True	True	True	Strong
1620	131	42	0.105	0	False	False	False	Weak
1621	138	61	0	0	True	True	False	Strong
1622	134	44	0.0005	0	True	True	False	Subclone
1623	122	69	0.2925	0	False	False	False	Weak
1624	128	63	0	0	True	True	False	Strong
1625	145	91	0	0.5787	True	True	True	Strong
1626	111	43	0	0	True	True	False	Strong
1627	118	42	0	0.5809	True	True	True	Strong
1628	129	47	0	0.6562	True	True	True	Strong
1629	142	46	0	0.5503	True	True	True	Strong
1630	148	61	0	0.7636	True	True	True	Strong
1631	132	60	0	0.5545	True	True	True	Strong
1632	121	72	0	0.5965	True	True	True	Subclone
1633	115	64	0.001	0.0585	True	True	False	Subclone
1634	120	76	0	0	True	True	False	Strong
1635	117	56	1	0	False	False	False	Weak
1636	112	56	0	0	True	True	False	Weak
1637	121	48	1	0	False	False	False	Weak
1638	145	186	0.4865	0	False	False	False	Weak
1639	141	72	0.001	0.2904	True	True	True	Strong
1640	111	62	0.0005	0.4102	True	True	True	Strong
1641	139	54	0	0	True	True	False	Strong
1642	115	57	0	0	True	True	False	Strong
1643	133	96	0	0.9168	True	True	True	Strong
1644	134	62	0.2545	0	False	False	False	Noise
1645	146	94	0.1985	0	False	False	False	Weak
1646	138	142	0	0	True	True	False	Strong
1647	122	96	1	0	False	False	False	Weak
1648	131	57	0.496	0	False	False	False	Noise
1649	143	44	0.2685	0	False	False	False	Weak
1650	122	61	0.4735	0	False	False	False	Weak
1651	116	51	0.035	0	True	True	False	Strong
1652	109	45	0.4865	0	False	False	False	Weak
1653	143	66	0.33	0	False	False	False	Weak
1654	139	55	0.162	0	False	False	False	Weak
1655	127	65	0.0315	0	False	False	False	Weak
1656	123	109	0.389	0	False	False	False	Weak
1657	123	53	0.253	0	False	False	False	Weak
1658	111	47	1	0	False	False	False	Weak
1659	135	62	1	0	False	False	False	Noise
1660	146	235	1	0	False	False	False	Weak
1661	148	85	0.511	0	False	False	False	Noise
1662	114	121	0	0	True	True	False	Strong
1663	98	159	0.0015	0.109	True	True	True	Weak
1664	95	72	0	0.6728	True	True	True	Strong
1665	120	91	0.0245	0.1982	True	True	True	Strong
1666	147	102	0	0	True	True	False	Strong
1667	111	127	0	0.9755	True	True	True	Strong
1668	132	66	0	0	True	True	False	Strong
1669	111	76	0	0.7579	True	True	True	Strong
1670	127	57	0	0	True	True	False	Strong
1671	122	74	0	1	True	True	True	Strong
1672	124	84	0	0	True	True	False	Strong
1673	119	93	0	0	True	True	False	Strong
1674	111	61	0.0508	0	True	True	False	Weak
1675	122	60	1	0	False	False	False	Noise
1676	127	62	0.319	0	False	False	False	Weak
1677	121	48	0	0	True	True	False	Strong
1678	114	161	0	0	True	True	False	Strong
1679	137	37	0	0.5356	True	True	True	Strong
1680	132	60	0.0295	0	True	True	False	Strong
1681	136	57	0.278	0	False	False	False	Weak
1682	110	49	0	0.9672	True	True	True	Strong
1683	106	43	0	0	True	True	False	Strong
1684	128	54	0	0.8973	True	True	True	Strong
1685	120	126	0	0.6296	True	True	True	Strong
1686	115	118	0	0.5078	True	True	True	Strong
1687	109	68	0.0055	0.1684	True	True	True	Strong
1688	125	67	0	0.6708	True	True	True	Strong
1689	96	43	0	0.6001	True	True	True	Strong
1690	125	58	0	0.1134	True	True	True	Strong
1691	141	47	0.002	0.066	True	True	False	Strong
1692	109	30	0	0.2601	True	True	True	Strong
1693	148	43	0	0.1647	True	True	True	Strong
1694	129	44	0	0.3395	True	True	True	Strong
1695	109	69	0	0.5618	True	True	True	Strong
1696	98	66	0	0.7632	True	True	True	Strong
1697	119	93	0	0.7552	True	True	True	Strong
1698	118	63	0	0	True	True	False	Strong
1699	116	86	0	0.4733	True	True	True	Strong
1700	112	84	0	0.5182	True	True	True	Strong
1701	119	71	0	0.4871	True	True	True	Strong
1702	130	69	0	0.5257	True	True	True	Strong
1703	127	67	0	0.6333	True	True	True	Strong
1704	109	140	0	0.5624	True	True	True	Subclone
1705	161	100	0	0	True	True	False	Strong
1706	132	94	0	0	True	True	False	Strong
1707	128	84	1	0	False	False	False	Weak
1708	134	63	0.0428937	0	False	False	False	Weak
1709	114	75	1	0	False	False	False	Noise
1710	112	174	0.0035	0	True	True	False	Strong
1711	119	64	1	0	False	False	False	Weak
1712	102	116	0	0	True	True	False	Subclone
1713	112	110	0	0	True	True	False	Strong
1714	117	114	0.4675	0	False	False	False	Weak
1715	114	135	1	0	False	False	False	Noise
1716	149	91	1	0	False	False	False	Weak
1717	126	32	0.0075	0.2938	True	True	True	Strong
1718	126	70	0	0.633	True	True	True	Strong
1719	119	100	0	0.5757	True	True	True	Strong
1720	138	109	0	0.6313	True	True	True	Strong
1721	116	228	0.024	0	True	True	False	Strong
1722	118	228	0.021	0	True	True	False	Strong
1723	155	73	1	0	False	False	False	Noise
1724	113	180	0	0	True	True	False	Strong
1725	148	54	0.3645	0	False	False	False	Noise
1726	151	56	0.3345	0	False	False	False	Weak
1727	108	58	0.224	0	False	False	False	Weak
1728	133	57	1	0	False	False	False	Weak
1729	154	90	1	0	False	False	False	Weak
1730	122	74	1	0	False	False	False	Noise
1731	125	87	0	0	True	True	False	Strong
1732	121	83	0	0	True	True	False	Strong
1733	135	69	0.336	0	False	False	False	Weak
1734	151	74	0.383	0	False	False	False	Weak
1735	139	50	0.278	0	False	False	False	Weak
1736	106	80	0.3035	0	False	False	False	Weak
1737	148	58	0	0	True	True	False	Strong
1738	126	79	0	0.4565	True	True	True	Strong
1739	96	33	0.001	0.4848	True	True	True	Strong
1740	134	81	0	0.9561	True	True	True	Strong
1741	142	51	0.2705	0	False	False	False	Weak
1742	132	99	0	0.9776	True	True	True	Strong
1743	135	62	0	0	True	True	False	Strong
1744	133	85	0.544	0	False	False	False	Weak
1745	110	55	0	0	True	True	False	Strong
1746	146	76	0.0035	0	True	True	False	Strong
1747	144	35	1	0	False	False	False	Weak
1748	121	50	0	0	True	True	False	Strong
1749	108	126	0	0.9232	True	True	True	Strong
1750	117	29	0.0115	0.2025	True	True	True	Strong
1751	129	74	0	0	True	True	False	Strong
1752	119	49	0	0	True	True	False	Strong
1753	116	73	0	0	True	True	False	Strong
1754	110	65	0	0	True	True	False	Strong
1755	133	43	0	0.1491	True	True	True	Noise
1756	113	67	0	0.1314	True	True	True	Weak
1757	93	73	0	0.5264	True	True	True	Weak
1758	142	127	0.077	0	True	True	False	Weak
1759	130	62	0.0345	0.2603	True	True	True	Strong
1760	119	90	0	0	True	True	False	Strong
1761	136	82	0.0005	0.3861	True	True	True	Subclone
1762	124	268	0.3885	0	False	False	False	Weak
1763	127	55	1	0	False	False	False	Weak
1764	114	98	1	0	False	False	False	Weak
1765	130	101	1	0	False	False	False	Weak
1766	97	80	0	0	True	True	False	Strong
1767	126	115	0.2475	0	False	False	False	Noise
1768	119	97	0	0.5128	True	True	True	Strong
1769	118	101	0	0.9037	True	True	True	Strong
1770	105	127	0	0	True	True	False	Subclone
1771	120	78	0	0	True	True	False	Strong
1772	128	66	0.1835	0	False	False	False	Weak
1773	125	66	0.247	0	False	False	False	Weak
1774	134	70	0.455	0	False	False	False	Weak
1775	120	96	1	0	False	False	False	Weak
1776	135	97	0.383	0	False	False	False	Weak
1777	109	77	0.005	0	True	True	False	Strong
1778	146	77	0	0	True	True	False	Strong
1779	140	42	0.278	0	False	False	False	Weak
1780	145	111	0.001	0	True	True	False	Strong
1781	128	85	0	0.6081	True	True	True	Strong
1782	126	86	0	0.4548	True	True	True	Subclone
1783	114	78	0	0.637	True	True	True	Strong
1784	119	74	0	0.6653	True	True	True	Strong
1785	113	89	0	0.189	True	True	True	Strong
1786	138	79	0.5105	0	False	False	False	Noise
1787	101	69	0.099	0	True	True	False	Weak
1788	150	81	0.001	0	True	True	False	Strong
1789	103	46	1	0	False	False	False	Noise
1790	125	169	1	0	False	False	False	Noise
1791	140	61	1	0	False	False	False	Noise
1792	127	153	1	0	False	False	False	Noise
1793	129	153	1	0	False	False	False	Noise
1794	150	62	1	0	False	False	False	Noise
1795	114	83	0.292	0	False	False	False	Weak
1796	131	57	1	0	False	False	False	Weak
1797	112	39	0.015	0	True	True	False	Subclone
1798	133	35	0	0.6334	True	True	True	Strong
1799	105	50	0.0015	0	True	True	False	Subclone
1800	136	34	0	0	True	True	False	Strong
1801	142	78	0.1945	0	False	False	False	Noise
1802	143	63	0.2755	0	False	False	False	Weak
1803	125	128	0.223	0	False	False	False	Noise
1804	119	94	1	0	False	False	False	Weak
1805	141	59	0.395	0	False	False	False	Weak
1806	130	61	0.295	0	False	False	False	Weak
1807	123	79	0.165	0	False	False	False	Noise
1808	119	139	0	0	True	True	False	Strong
1809	141	69	0	0.6915	True	True	True	Strong
1810	123	49	0	0.4529	True	True	True	Strong
1811	117	56	0.0165	0.2066	True	True	True	Strong
1812	131	49	0.002	0.1232	True	True	True	Strong
1813	96	133	0.081	0.086	True	True	False	Weak
1814	125	69	0	0	True	True	False	Strong
1815	149	67	0	0	True	True	False	Strong
1816	125	68	0	0	True	True	False	Strong
1817	120	51	0.006	0.1	False	False	False	Weak
1818	131	49	0	0	True	True	False	Strong
1819	130	37	0.001	0	True	True	False	Strong
1820	116	46	0.1715	0.0698	False	False	False	Noise
1821	132	50	0.2235	0	False	False	False	Weak
1822	121	20	0.0429906	0.2365	True	True	True	Strong
1823	128	31	0.21	0	False	False	False	Weak
1824	127	46	1	0	False	False	False	Weak
1825	151	38	0.0005	0	True	True	False	Strong
1826	126	41	0	0.3608	True	True	True	Strong
1827	122	64	0	0	True	True	False	Strong
1828	111	54	0	0	True	True	False	Strong
1829	102	45	0.3165	0.063	False	False	False	Weak
1830	150	41	0	0.3416	True	True	True	Strong
1831	146	43	0	0.9059	True	True	True	Strong
1832	134	42	0	0.9511	True	True	True	Strong
1833	127	35	0	0.5771	True	True	True	Strong
1834	125	38	0	0.3592	True	True	True	Strong
1835	117	65	0.001	0.2842	True	True	True	Strong
1836	110	42	0	0.4179	True	True	True	Strong
1837	115	34	0	0.5987	True	True	True	Strong
1838	109	49	0	0.4723	True	True	True	Strong
1839	87	49	0.0005	0.3894	True	True	True	Subclone
1840	112	50	0.015	0	True	True	False	Subclone
1841	156	56	0	0.5361	True	True	True	Strong
1842	124	59	0.001	0.3278	True	True	True	Strong
1843	119	45	0	0.1656	True	True	True	Strong
1844	102	56	0.013	0.0487	True	True	False	Subclone
1845	112	54	0.0095	0.1063	True	True	True	Subclone
1846	123	69	0.0005	0	True	True	False	Subclone
1847	129	45	0	0.5363	True	True	True	Strong
1848	132	35	0.009	0.2631	True	True	True	Subclone
1849	102	62	0.0005	0.3758	True	True	True	Strong
1850	107	47	0	0.4588	True	True	True	Strong
1851	136	62	0.0015	0	True	True	False	Subclone
1852	114	58	0.0145	0	True	True	False	Subclone
1853	132	58	0.031	0	True	True	False	Subclone
1854	131	57	0	0.4844	True	True	True	Strong
1855	95	42	0	0.5443	True	True	True	Strong
1856	131	81	0	0.5627	True	True	True	Strong
1857	173	42	0	0.7174	True	True	True	Strong
1858	126	37	0	0.6595	True	True	True	Strong
1859	112	69	0.0533	0.1388	True	True	False	Noise
1860	127	69	0	0.3575	True	True	True	Subclone
1861	113	95	0	0.3997	True	True	True	Strong
1862	127	56	0	0	True	True	False	Strong
1863	130	83	0	0	True	True	False	Strong
1864	94	74	0.0005	0.1513	True	True	True	Strong
1865	112	79	0	0.6375	True	True	True	Strong
1866	100	36	0	0.4257	True	True	True	Subclone
1867	119	66	0	0	True	True	False	Strong
1868	122	36	0	0.792	True	True	True	Strong
1869	137	62	0	0.6917	True	True	True	Strong
1870	134	65	0	0.6823	True	True	True	Strong
1871	136	61	0	0.5316	True	True	True	Strong
1872	138	30	0	0.6102	True	True	True	Strong
1873	120	51	0	0.6523	True	True	True	Strong
1874	125	77	0	0.1872	True	True	True	Strong
1875	135	64	0	0	True	True	False	Strong
1876	118	61	0	0.3919	True	True	True	Subclone
1877	133	61	0.001	0.3173	True	True	True	Strong
1878	128	72	0	0.5519	True	True	True	Strong
1879	92	44	0	0	True	True	False	Strong
1880	106	43	0	0	True	True	False	Subclone
1881	146	70	0.2215	0	False	False	False	Weak
1882	111	128	0.2945	0	False	False	False	Weak
1883	120	178	1	0	False	False	False	Weak
1884	140	66	0.0599379	0	True	True	False	Weak
1885	119	67	0.4565	0	False	False	False	Noise
1886	118	49	1	0	False	False	False	Noise
1887	115	66	0.2805	0	False	False	False	Noise
1888	114	44	0	0	True	True	False	Strong
1889	124	43	0.016	0.14	True	True	True	Subclone
1890	127	55	0.0015	0.3107	True	True	True	Strong
1891	121	50	0	0.5255	True	True	True	Strong
1892	105	45	0	0.7213	True	True	True	Strong
1893	128	93	0	0.5888	True	True	True	Strong
1894	133	45	0.001	0.3335	True	True	True	Subclone
1895	121	29	0	0.4865	True	True	True	Subclone
1896	102	59	0.0085	0.1845	True	True	True	Strong
1897	139	41	0	0.5272	True	True	True	Strong
1898	131	37	0.001	0.4085	True	True	True	Strong
1899	119	38	0.012	0.3541	True	True	True	Strong
1900	127	108	0	0.6347	True	True	True	Strong
1901	99	42	0	0.4266	True	True	True	Strong
1902	126	62	0	0.3903	True	True	True	Strong
1903	128	50	0	0.6234	True	True	True	Strong
1904	129	58	0	0.5099	True	True	True	Strong
1905	135	64	0.0005	0	True	True	False	Strong
1906	138	60	1	0	False	False	False	Weak
1907	138	64	0.0135	0.3528	True	True	True	Weak
1908	129	52	0	0	True	True	False	Strong
1909	136	50	0	0	True	True	False	Strong
1910	131	67	0.001	0	True	True	False	Strong
1911	127	39	0	0	True	True	False	Strong
1912	126	62	0	0	True	True	False	Strong
1913	120	41	0.0095	0	True	True	False	Subclone
1914	140	48	0	0.4231	True	True	True	Subclone
1915	124	42	0.013	0.2652	True	True	True	Subclone
1916	131	44	0.0025	0.3203	True	True	True	Subclone
1917	137	44	0	0.4687	True	True	True	Strong
1918	141	48	0.0105	0.1293	True	True	True	Strong
1919	108	47	0	0.5507	True	True	True	Strong
1920	130	73	0	0.677	True	True	True	Strong
1921	169	35	0	0.3448	True	True	True	Subclone
1922	106	55	0	0.6682	True	True	True	Strong
1923	121	38	0	0.6361	True	True	True	Strong
1924	121	39	0	0.5739	True	True	True	Strong
1925	120	55	0	0.5665	True	True	True	Strong
1926	111	54	0	0.631	True	True	True	Strong
1927	121	60	0	0.6751	True	True	True	Strong
1928	119	39	0	0.2598	True	True	True	Subclone
1929	107	42	0	0.2317	True	True	True	Weak
1930	150	52	0	0.3051	True	True	True	Subclone
1931	132	60	0	0.5991	True	True	True	Strong
1932	117	55	0	0.488	True	True	True	Strong
1933	132	63	0	0.3237	True	True	True	Strong
1934	109	69	0	0.0095	True	True	False	Subclone
1935	119	63	0	0.9142	True	True	True	Strong
1936	119	42	0	0.5443	True	True	True	Strong
1937	134	66	0	0.56	True	True	True	Strong
1938	126	62	0	0.3696	True	True	True	Strong
1939	132	47	0.001	0.3256	True	True	True	Strong
1940	127	42	0	0	True	True	False	Strong
1941	117	63	0	0	True	True	False	Strong
1942	103	71	0	0	True	True	False	Strong
1943	120	60	0	0	True	True	False	Strong
1944	128	54	0	0.3649	True	True	True	Strong
1945	123	54	0.015	0.3471	True	True	True	Strong
1946	101	359	0	0.5605	True	True	True	Strong
1947	115	86	0	0.5832	True	True	True	Strong
1948	122	63	0	0	True	True	False	Strong
1949	118	69	0.491	0	False	False	False	Weak
1950	125	78	0.281	0	False	False	False	Weak
1951	126	66	1	0	False	False	False	Weak
1952	139	61	1	0	False	False	False	Noise
1953	137	64	1	0	False	False	False	Noise
1954	164	45	0	0.5613	True	True	True	Strong
1955	137	35	0.1375	0	False	False	False	Weak
1956	145	45	0.575	0	False	False	False	Weak
1957	131	56	0.5615	0	False	False	False	Noise
1958	123	42	0.341	0	False	False	False	Weak
1959	138	36	0.5185	0	False	False	False	Weak
1960	140	37	0.211	0	False	False	False	Weak
1961	145	48	1	0	False	False	False	Weak
1962	80	48	1	0	False	False	False	Noise
1963	118	57	1	0	False	False	False	Noise
1964	108	40	1	0	False	False	False	Noise
1965	135	39	1	0	False	False	False	Weak
1966	120	57	1	0	False	False	False	Weak
1967	132	53	0.8015	0	False	False	False	Weak
1968	152	48	1	0	False	False	False	Weak
1969	141	81	1	0	False	False	False	Noise
1970	138	45	0	0.3413	True	True	True	Strong
1971	93	49	0	0.7211	True	True	True	Strong
1972	113	52	0	0	True	True	False	Strong
1973	104	78	0	0	True	True	False	Strong
1974	151	56	0	0.5224	True	True	True	Strong
1975	138	65	0	0.3863	True	True	True	Subclone
1976	114	46	0	0	True	True	False	Subclone
1977	108	37	0	0.7506	True	True	True	Strong
1978	106	63	0	0.5684	True	True	True	Strong
1979	130	67	0.288	0	False	False	False	Weak
1980	143	65	0	0.3402	True	True	True	Strong
1981	128	73	0	0	True	True	False	Subclone
1982	111	89	0	0	True	True	False	Strong
1983	117	157	0	0.5893	True	True	True	Strong
1984	128	123	0	0	True	True	False	Strong
1985	127	118	0	0.5303	True	True	True	Strong
1986	104	103	0	0.5774	True	True	True	Strong
1987	102	152	0	0	True	True	False	Strong
1988	115	82	0.028	0	True	True	False	Subclone
1989	120	89	0	0.4826	True	True	True	Strong
1990	131	84	0	0.6261	True	True	True	Strong
1991	129	70	0	0.607	True	True	True	Strong
1992	141	105	0	0.3329	True	True	True	Subclone
1993	156	121	0	0	True	True	False	Strong
1994	96	107	0	0	True	True	False	Subclone
1995	118	78	0.0115	0.3829	True	True	True	Strong
1996	122	109	0	0.9537	True	True	True	Strong
1997	159	105	0	0.6145	True	True	True	Strong
1998	122	124	1	0	False	False	False	Noise
1999	135	79	0.463	0	False	False	False	Weak
2000	132	98	0.1355	0	False	False	False	Weak
2001	124	87	0.008	0	True	True	False	Subclone
2002	141	212	1	0	False	False	False	Weak
2003	125	153	0.0005	0	True	True	False	Strong
2004	103	241	0	0	True	True	False	Strong
2005	116	160	0.0005	0.3604	True	True	True	Strong
2006	117	140	0.0005	0.3449	True	True	True	Strong
2007	126	85	0.001	0.5412	True	True	True	Subclone
2008	126	137	0.001	0.3003	True	True	True	Strong
2009	114	128	0	0	True	True	False	Strong
2010	125	134	0.1225	0	False	False	False	Weak
2011	127	121	0	0.1554	True	True	True	Strong
2012	88	91	0	0.527	True	True	True	Strong
2013	115	109	0.0005	0	True	True	False	Strong
2014	141	162	0	0	True	True	False	Strong
2015	126	177	0	0	True	True	False	Strong
2016	113	166	0.203	0	False	False	False	Weak
2017	129	184	0.374	0	False	False	False	Weak
2018	124	158	0	0.5757	True	True	True	Strong
2019	124	43	0.128	0	False	False	False	Weak
2020	142	61	0.294	0	False	False	False	Weak
2021	86	55	0.0606717	0	True	True	False	Weak
2022	119	234	0	0	True	True	False	Strong
2023	135	85	0	0.8369	True	True	True	Strong
2024	112	124	0.0185	0	True	True	False	Strong
2025	113	84	0	0	True	True	False	Strong
2026	121	61	1	0	False	False	False	Noise
2027	120	61	1	0	False	False	False	Noise
2028	124	147	0	0	True	True	False	Strong
2029	109	126	0.204	0	False	False	False	Weak
2030	137	90	0.184	0	False	False	False	Weak
2031	108	182	1	0	False	False	False	Weak
2032	111	160	0.021	0	False	False	False	Weak
2033	128	97	0	0	True	True	False	Strong
2034	106	126	0	0	True	True	False	Strong
2035	113	92	0	0.5872	True	True	True	Strong
2036	112	81	0.0005	0.0674	True	True	False	Strong
2037	121	121	0.0015	0.1025	True	True	True	Strong
2038	104	120	0	0.5837	True	True	True	Strong
2039	152	116	0.006	0	True	True	False	Subclone
2040	165	141	0.003	0	True	True	False	Strong
2041	178	136	0	0.3077	True	True	True	Strong
2042	167	113	0	0	True	True	False	Strong
2043	198	89	0	0.3082	True	True	True	Strong
2044	156	140	0.0499	0	True	True	False	Noise
2045	160	119	0.0005	0	True	True	False	Strong
2046	172	95	0.0025	0.274	True	True	True	Strong
2047	183	101	0	0	True	True	False	Strong
2048	121	95	1	0	False	False	False	Noise
2049	136	109	0.0005	0	True	True	False	Subclone
2050	97	146	0.013	0.2499	True	True	True	Subclone
2051	130	51	0	0.5842	True	True	True	Strong
2052	116	106	0	0.809	True	True	True	Strong
2053	110	102	0	0.829	True	True	True	Strong
2054	109	107	0	0.4504	True	True	True	Strong
2055	97	92	0.014	0.1242	True	True	True	Strong
2056	125	158	0	0	True	True	False	Strong
2057	112	66	0.286	0	False	False	False	Weak
2058	103	98	0.468	0	False	False	False	Weak
2059	124	163	0.219	0	False	False	False	Weak
2060	115	118	0	0.4918	True	True	True	Strong
2061	96	92	0.0488	0	True	True	False	Strong
2062	127	89	0	0	True	True	False	Strong
2063	117	143	0	0.953	True	True	True	Strong
2064	103	92	0	0.9652	True	True	True	Strong
2065	122	162	0	0.5822	True	True	True	Strong
2066	125	168	0	0.6338	True	True	True	Strong
2067	106	110	0.024	0	True	True	False	Strong
2068	123	110	0.035	0	True	True	False	Strong
2069	120	222	0	0.5632	True	True	True	Strong
2070	89	104	0.15	0.1095	False	False	False	Noise
2071	105	151	0	0	True	True	False	Strong
2072	133	143	0.53	0	False	False	False	Weak
2073	135	62	0.156	0	False	False	False	Noise
2074	99	120	0.4365	0	False	False	False	Weak
2075	101	200	0	0	True	True	False	Strong
2076	115	146	0	1	True	True	True	Strong
2077	127	140	0	0.7119	True	True	True	Strong
2078	145	112	0.115	0	False	False	False	Noise
2079	132	96	0.4645	0	False	False	False	Weak
2080	111	130	0	0	True	True	False	Strong
2081	123	166	0	0	True	True	False	Subclone
2082	120	231	0	0.4653	True	True	True	Strong
2083	92	104	0.0185	0	True	True	False	Subclone
2084	126	117	1	0	False	False	False	Noise
2085	145	80	0.2365	0	False	False	False	Noise
2086	104	112	1	0	False	False	False	Weak
2087	102	88	0	0	True	True	False	Strong
2088	144	106	0	0	True	True	False	Strong
2089	123	109	0	0.5359	True	True	True	Strong
2090	114	89	0	0	True	True	False	Strong
2091	120	84	0.1285	0	False	False	False	Noise
2092	147	42	0	0	True	True	False	Strong
2093	150	37	0	0.8678	True	True	True	Strong
2094	96	40	1	0	False	False	False	Weak
2095	96	40	1	0	False	False	False	Weak
2096	101	55	0.005	0	True	True	False	Weak
2097	104	160	0	0	True	True	False	Strong
2098	99	114	0	0	True	True	False	Strong
2099	92	138	1	0	False	False	False	Weak
2100	115	90	0.0155	0.2237	True	True	True	Strong
2101	123	81	1	0	False	False	False	Weak
2102	134	62	0.0005	0	True	True	False	Strong
2103	107	98	0.0115	0	True	True	False	Weak
2104	103	75	0	0.5752	True	True	True	Strong
2105	113	174	1	0	False	False	False	Noise
2106	80	89	0.314	0	False	False	False	Weak
2107	105	209	1	0	False	False	False	Weak
2108	90	52	0	0	True	True	False	Strong
2109	146	90	0	0.6708	True	True	True	Strong
2110	110	73	0	0	True	True	False	Strong
2111	122	118	0	0	True	True	False	Strong
2112	124	61	0	0.3875	True	True	True	Strong
2113	114	67	0.2485	0	False	False	False	Weak
2114	116	58	0	0.9759	True	True	True	Strong
2115	111	76	0	0	True	True	False	Strong
2116	109	82	0	0.9153	True	True	True	Strong
2117	105	73	0	0	True	True	False	Strong
2118	136	62	0	0.3569	True	True	True	Strong
2119	126	69	0	0.5786	True	True	True	Strong
2120	123	68	1	0	False	False	False	Weak
2121	119	57	0	0	True	True	False	Strong
2122	125	108	0	0	True	True	False	Strong
2123	128	78	0	0.655	True	True	True	Strong
2124	111	72	0	0.5634	True	True	True	Strong
2125	102	88	0.001	0	True	True	False	Strong
2126	118	68	0	0.6742	True	True	True	Strong
2127	113	68	0	0	True	True	False	Strong
2128	131	79	0	0.5323	True	True	True	Strong
2129	73	79	0.0452	0.1899	True	True	True	Subclone
2130	120	47	0.0005	0.3297	True	True	True	Strong
2131	132	58	0	0	True	True	False	Strong
2132	121	70	0.2525	0	False	False	False	Weak
2133	116	83	0	0	True	True	False	Strong
2134	124	50	0	0.1078	True	True	True	Subclone
2135	89	42	0	0.6447	True	True	True	Strong
2136	109	72	0.0005	0.0491	True	True	False	Subclone
2137	129	91	0	0.5716	True	True	True	Strong
2138	124	84	0	0.6985	True	True	True	Strong
2139	122	115	0	0	True	True	False	Strong
2140	122	250	0.003	0	True	True	False	Strong
2141	123	77	0	0.0853	True	True	False	Subclone
2142	115	92	0.3355	0	False	False	False	Weak
2143	104	90	0.3195	0	False	False	False	Weak
2144	116	67	0	0.5774	True	True	True	Strong
2145	106	94	0	0.7434	True	True	True	Strong
2146	110	58	0	1	True	True	True	Strong
2147	133	76	0	0.71	True	True	True	Strong
2148	114	66	0	0.4088	True	True	True	Strong
2149	116	65	0	0	True	True	False	Strong
2150	102	61	0	0.6733	True	True	True	Strong
2151	110	41	0	0.5913	True	True	True	Strong
2152	100	68	0	0.399	True	True	True	Strong
2153	106	91	0.002	0.2231	True	True	True	Strong
2154	123	96	0	0	True	True	False	Strong
2155	112	46	0	0.9634	True	True	True	Strong
2156	132	111	0	0.5836	True	True	True	Strong
2157	90	138	0.01	0	True	True	False	Strong
2158	106	134	0	0.6491	True	True	True	Strong
2159	105	134	0.078	0	True	True	False	Noise
2160	125	144	1	0	False	False	False	Weak
2161	127	97	1	0	False	False	False	Weak
2162	113	96	1	0	False	False	False	Weak
2163	124	76	0.374	0	False	False	False	Noise
2164	102	133	0.388	0	False	False	False	Weak
2165	134	122	0	0	True	True	False	Strong
2166	117	114	0.3505	0	False	False	False	Weak
2167	114	63	0.2955	0	False	False	False	Weak
2168	122	60	0.312	0	False	False	False	Weak
2169	103	107	0.0035	0.1579	True	True	True	Weak
2170	125	83	0.2755	0	False	False	False	Weak
2171	123	138	0.277	0	False	False	False	Weak
2172	113	52	1	0	False	False	False	Weak
2173	150	99	1	0	False	False	False	Weak
2174	110	133	0	0	True	True	False	Strong
2175	110	133	0	0	True	True	False	Strong
2176	95	117	0.639	0	False	False	False	Weak
2177	130	93	0.0095	0	True	True	False	Strong
2178	137	98	1	0	False	False	False	Weak
2179	104	98	1	0	False	False	False	Weak
2180	134	113	0.2885	0	False	False	False	Weak
2181	127	103	0.0075	0.2344	True	True	True	Subclone
2182	93	52	0	0	True	True	False	Strong
2183	102	64	0	0.5343	True	True	True	Strong
2184	151	58	0	0.3693	True	True	True	Strong
2185	111	57	0	0.5095	True	True	True	Strong
2186	108	60	0	0	True	True	False	Strong
2187	119	96	0.003	0.1309	True	True	True	Strong
2188	132	97	0	0	True	True	False	Strong
2189	106	80	0.012	0.0606	True	True	False	Strong
2190	106	94	0.002	0	True	True	False	Strong
2191	102	127	0.2595	0	False	False	False	Weak
2192	86	89	0	0.5774	True	True	True	Subclone
2193	104	106	0	0	True	True	False	Strong
2194	128	58	0	0.6808	True	True	True	Strong
2195	139	179	0.2635	0	False	False	False	Weak
2196	100	72	0	0.3896	True	True	True	Strong
2197	97	61	0.008	0.2056	True	True	True	Strong
2198	108	60	0.0005	0.4811	True	True	True	Strong
2199	120	67	0	0.6457	True	True	True	Strong
2200	132	51	0.001	0.3509	True	True	True	Strong
2201	115	79	0	0	True	True	False	Strong
2202	133	73	0	0.6978	True	True	True	Strong
2203	133	45	0.0205	0.1536	True	True	True	Strong
2204	120	56	0.318	0	False	False	False	Noise
2205	107	63	0	0.6765	True	True	True	Strong
2206	119	46	0.0005	0.2719	True	True	True	Strong
2207	148	45	0	0.5399	True	True	True	Strong
2208	145	45	0.048	0	True	True	False	Weak
2209	97	111	0.0025	0.0229	True	True	False	Subclone
2210	117	54	0	0.2326	True	True	True	Strong
2211	123	67	0	0.5699	True	True	True	Strong
2212	92	34	0	0	True	True	False	Strong
2213	120	62	0.2375	0	False	False	False	Weak
2214	83	58	0.2525	0	False	False	False	Weak
2215	102	67	0	0.9316	True	True	True	Strong
2216	104	57	0	0	True	True	False	Strong
2217	127	69	0	0.2901	True	True	True	Strong
2218	112	64	0	0	True	True	False	Strong
2219	114	65	0.0488	0.1654	True	True	True	Strong
2220	110	42	0	0	True	True	False	Strong
2221	125	44	0	0	True	True	False	Strong
2222	107	66	0.136	0	False	False	False	Weak
2223	110	43	0	0.7435	True	True	True	Strong
2224	102	51	0	0	True	True	False	Strong
2225	101	68	0	0	True	True	False	Strong
2226	127	74	0	0	True	True	False	Strong
2227	102	62	0.0005	0.4038	True	True	True	Strong
2228	107	62	0	0.4023	True	True	True	Subclone
2229	116	65	0	0.6082	True	True	True	Strong
2230	88	68	0	0	True	True	False	Strong
2231	98	47	0	0.8541	True	True	True	Strong
2232	101	38	0.122	0	False	False	False	Weak
2233	91	78	0	0.5841	True	True	True	Strong
2234	109	63	0	0.4682	True	True	True	Strong
2235	116	70	0	0.1803	True	True	True	Strong
2236	120	81	0	0.383	True	True	True	Strong
2237	116	66	0	0.4441	True	True	True	Strong
2238	121	56	0	0.634	True	True	True	Strong
2239	114	65	0	0.4336	True	True	True	Strong
2240	97	81	0	0	True	True	False	Strong
2241	107	55	0	0.7185	True	True	True	Strong
2242	120	48	0.0015	0.1567	True	True	True	Strong
2243	137	61	0	0.6274	True	True	True	Strong
2244	106	68	0	0.5886	True	True	True	Strong
2245	122	69	0	0.5063	True	True	True	Strong
2246	117	61	0.2355	0.1474	False	False	False	Weak
2247	116	63	0	0.9502	True	True	True	Strong
2248	144	67	0	1	True	True	True	Strong
2249	150	79	0.0015	0.278	True	True	True	Strong
2250	119	65	0	0.9246	True	True	True	Strong
2251	138	61	0	0	True	True	False	Strong
2252	117	73	0.0525	0.2263	True	True	False	Weak
2253	99	74	0	0.5669	True	True	True	Strong
2254	117	68	0	0.5295	True	True	True	Strong
2255	111	140	1	0	False	False	False	Noise
2256	111	83	0.4845	0	False	False	False	Weak
2257	108	102	0.496	0	False	False	False	Weak
2258	104	122	0.392	0	False	False	False	Weak
2259	116	78	0	0.5107	True	True	True	Strong
2260	124	55	0	0.3701	True	True	True	Strong
2261	109	55	0	0.4842	True	True	True	Strong
2262	104	55	0.311	0	False	False	False	Noise
2263	114	56	0	0.4957	True	True	True	Strong
2264	126	30	0.417	0	False	False	False	Weak
2265	97	56	0.0025	0	True	True	False	Subclone
2266	112	62	0.079	0	True	True	False	Weak
2267	95	57	0	0.5142	True	True	True	Strong
2268	99	48	0	0.4318	True	True	True	Subclone
2269	122	61	0	0.5197	True	True	True	Subclone
2270	116	49	0	0.6625	True	True	True	Strong
2271	123	65	0	0.7369	True	True	True	Strong
2272	112	65	1	0	False	False	False	Noise
2273	116	158	0.271	0	False	False	False	Weak
2274	129	142	1	0	False	False	False	Noise
2275	114	83	1	0	False	False	False	Weak
2276	135	64	0	0.8841	True	True	True	Strong
2277	106	88	0	0.6901	True	True	True	Strong
2278	104	41	0	0.3325	True	True	True	Strong
2279	123	56	0	0.5862	True	True	True	Strong
2280	80	231	0	0.6755	True	True	True	Strong
2281	84	219	0.0005	0.4895	True	True	True	Strong
2282	111	126	0	0.7196	True	True	True	Strong
2283	106	103	0	0.0598	True	True	False	Strong
2284	140	150	0	0	True	True	False	Strong
2285	124	45	0	0	True	True	False	Strong
2286	137	56	0	0	True	True	False	Strong
2287	109	302	0	0	True	True	False	Strong
2288	83	44	0.452	0	False	False	False	Weak
2289	121	49	0	0	True	True	False	Strong
2290	105	50	0.5245	0	False	False	False	Weak
2291	100	87	0.484	0	False	False	False	Weak
2292	106	70	0	0	True	True	False	Strong
2293	112	47	0	0.6882	True	True	True	Strong
2294	92	61	0.0325	0	True	True	False	Strong
2295	107	61	0	0	True	True	False	Strong
2296	123	49	0	0.4614	True	True	True	Strong
2297	132	92	0.3885	0	False	False	False	Weak
2298	120	130	0.35	0	False	False	False	Weak
2299	118	47	0	0.8228	True	True	True	Strong
2300	112	64	1	0	False	False	False	Weak
2301	112	63	0.4435	0	False	False	False	Weak
2302	109	63	0.483	0	False	False	False	Weak
2303	120	73	1	0	False	False	False	Weak
2304	135	55	0	0	True	True	False	Strong
2305	111	58	0	0.9333	True	True	True	Strong
2306	107	57	0.075	0	True	True	False	Weak
2307	75	77	0.6485	0.0603	False	False	False	Weak
2308	93	48	0	0	True	True	False	Strong
2309	123	56	0	1	True	True	True	Strong
2310	112	88	0	0	True	True	False	Strong
2311	116	97	0	0	True	True	False	Strong
2312	113	76	0	0.5582	True	True	True	Strong
2313	142	66	1	0	False	False	False	Weak
2314	128	63	0.4935	0	False	False	False	Weak
2315	105	86	0	0.5886	True	True	True	Strong
2316	115	55	0.438	0	False	False	False	Weak
2317	131	77	0	0	True	True	False	Subclone
2318	115	154	0	0.6468	True	True	True	Strong
2319	117	165	0.0515	0.2514	False	False	False	Noise
2320	95	77	0	0.5553	True	True	True	Strong
2321	120	111	0.071	0.2518	True	True	False	Weak
2322	102	97	0	0.6488	True	True	True	Strong
2323	128	82	0	0.3629	True	True	True	Strong
2324	117	75	0	0.459	True	True	True	Strong
2325	104	79	0.003	0.0225	True	True	False	Subclone
2326	111	69	0	0.5473	True	True	True	Strong
2327	93	135	0	0.5685	True	True	True	Strong
2328	124	102	0	0.383	True	True	True	Strong
2329	102	112	0	0.4668	True	True	True	Strong
2330	110	132	0	0	True	True	False	Subclone
2331	98	114	0.443	0	False	False	False	Weak
2332	143	101	0.229	0	False	False	False	Weak
2333	117	124	0	0.6807	True	True	True	Strong
2334	129	90	0	1	True	True	True	Strong
2335	114	103	1	0	False	False	False	Weak
2336	98	108	0.461	0	False	False	False	Weak
2337	110	82	0	0.4647	True	True	True	Subclone
2338	117	137	0	0.5411	True	True	True	Strong
2339	100	77	0.005	0	True	True	False	Strong
2340	108	99	0	0.519	True	True	True	Strong
2341	116	112	0	0.652	True	True	True	Strong
2342	118	92	0	0.6657	True	True	True	Strong
2343	97	33	0.014	0.2543	True	True	True	Strong
2344	135	48	0	0.6564	True	True	True	Strong
2345	117	29	0	0.5133	True	True	True	Strong
2346	136	43	0	0.558	True	True	True	Strong
2347	121	40	0	0.6433	True	True	True	Strong
2348	118	73	0	0.5073	True	True	True	Strong
2349	115	25	0	0.9151	True	True	True	Strong
2350	110	63	0	0.584	True	True	True	Strong
2351	131	67	0	0	True	True	False	Strong
2352	98	110	0.384	0	False	False	False	Noise
2353	100	306	0	0	True	True	False	Subclone
2354	120	92	0	0	True	True	False	Strong
2355	105	87	0	0.6895	True	True	True	Strong
2356	113	112	0	0.5984	True	True	True	Strong
2357	105	147	0.2635	0	False	False	False	Weak
2358	119	122	1	0	False	False	False	Noise
2359	102	219	0.0005	0.402	True	True	True	Strong
2360	102	149	1	0	False	False	False	Weak
2361	126	117	0	0.6004	True	True	True	Strong
2362	114	107	0	0.5935	True	True	True	Strong
2363	103	189	0	0.6325	True	True	True	Strong
2364	129	109	0	0	True	True	False	Strong
2365	113	113	0	0	True	True	False	Strong
2366	133	143	0	0	True	True	False	Strong
2367	127	320	0.003	0.297	True	True	True	Subclone
2368	116	136	0.4365	0	False	False	False	Weak
2369	140	91	0	0.5455	True	True	True	Strong
2370	135	49	0	0.6162	True	True	True	Strong
2371	113	77	0	0.5566	True	True	True	Strong
2372	115	79	0	0.434	True	True	True	Subclone
2373	119	97	0	0.5232	True	True	True	Strong
2374	125	61	1	0	False	False	False	Weak
2375	119	96	1	0	False	False	False	Weak
2376	130	61	0.401	0	False	False	False	Weak
2377	116	65	0.0005	0	True	True	False	Strong
2378	111	79	0	0	True	True	False	Strong
2379	108	177	0	0.6064	True	True	True	Strong
2380	124	104	0	0.9197	True	True	True	Strong
2381	95	145	0	0	True	True	False	Strong
2382	110	315	0.1975	0	False	False	False	Weak
2383	131	121	0.313	0.1267	False	False	False	Weak
2384	128	333	1	0	False	False	False	Weak
2385	118	172	0	0	True	True	False	Strong
2386	116	173	0	0.818	True	True	True	Strong
2387	130	104	0	0.5876	True	True	True	Strong
2388	93	211	0	0	True	True	False	Strong
2389	96	107	0	0.5296	True	True	True	Strong
2390	115	96	0	0.6017	True	True	True	Strong
2391	114	108	0.0955	0.2107	False	False	False	Weak
2392	116	114	0	0	True	True	False	Strong
2393	116	114	0	0	True	True	False	Strong
2394	103	129	0	0	True	True	False	Strong
2395	132	69	0.0005	0.4929	True	True	True	Strong
2396	129	95	0	0.6549	True	True	True	Strong
2397	118	163	0	0.6236	True	True	True	Strong
2398	99	101	0	0	True	True	False	Strong
2399	105	99	0	0	True	True	False	Strong
2400	134	132	1	0	False	False	False	Weak
2401	110	150	0	0.6383	True	True	True	Strong
2402	119	289	0	0	True	True	False	Strong
2403	98	83	1	0	False	False	False	Weak
2404	107	174	0.4355	0	False	False	False	Weak
2405	122	87	0	0	True	True	False	Strong
2406	124	81	0	0.5049	True	True	True	Strong
2407	144	60	0.23	0	False	False	False	Weak
2408	89	92	0	0.6894	True	True	True	Strong
2409	110	90	0	0	True	True	False	Strong
2410	126	188	0.484	0	False	False	False	Weak
2411	105	176	0.4595	0	False	False	False	Weak
2412	123	112	0	0.5617	True	True	True	Strong
2413	125	62	0	1	True	True	True	Strong
2414	93	97	0	0.238	True	True	True	Strong
2415	126	173	0	0	True	True	False	Strong
2416	103	160	0.1915	0	False	False	False	Weak
2417	103	129	0.003	0.1062	True	True	True	Strong
2418	110	127	0	0	True	True	False	Strong
2419	102	116	0.0965	0.0339	False	False	False	Weak
2420	110	56	0	0.4893	True	True	True	Strong
2421	115	66	0.004	0.1417	True	True	True	Strong
2422	116	69	0.003	0.2564	True	True	True	Strong
2423	89	159	0.4765	0	False	False	False	Weak
2424	90	112	0.3775	0	False	False	False	Weak
2425	118	119	1	0	False	False	False	Noise
2426	113	168	0	0	True	True	False	Strong
2427	134	300	0.037	0.2525	False	False	False	Weak
2428	135	117	0.2575	0	False	False	False	Weak
2429	118	178	0.396	0	False	False	False	Noise
2430	127	180	0.3435	0	False	False	False	Weak
2431	105	70	0	0.4836	True	True	True	Strong
2432	102	84	0	1	True	True	True	Strong
2433	101	68	0	0.5339	True	True	True	Strong
2434	113	91	0	0.4984	True	True	True	Strong
2435	118	97	0.0195	0.0327	True	True	False	Subclone
2436	119	69	0.0005	0.1039	True	True	True	Subclone
2437	130	48	0	0.6106	True	True	True	Strong
2438	127	100	0	0.6959	True	True	True	Strong
2439	146	93	0	0.7924	True	True	True	Strong
2440	118	120	0	0.5944	True	True	True	Strong
2441	111	117	0	0.5189	True	True	True	Strong
2442	115	84	0	0.5673	True	True	True	Strong
2443	98	128	0	0	True	True	False	Strong
2444	116	84	0	0.5408	True	True	True	Strong
2445	108	76	0	0.8088	True	True	True	Strong
2446	121	74	0	0.5716	True	True	True	Strong
2447	117	125	1	0	False	False	False	Weak
2448	122	120	0	0	True	True	False	Strong
2449	132	68	0	0.5498	True	True	True	Strong
2450	134	70	0.0561575	0.2016	True	True	False	Weak
2451	105	128	0.0005	0.4691	True	True	True	Strong
2452	131	73	0	0.6847	True	True	True	Strong
2453	110	75	0	0.2045	True	True	True	Strong
2454	113	96	0	0	True	True	False	Strong
2455	136	89	0	0.9659	True	True	True	Strong
2456	137	88	0	0.5653	True	True	True	Strong
2457	124	110	0.1135	0	False	False	False	Weak
2458	125	110	0.117	0	False	False	False	Weak
2459	132	116	0.2705	0	False	False	False	Weak
2460	110	176	0	0.6061	True	True	True	Subclone
2461	94	183	0	0	True	True	False	Strong
2462	97	183	0	0	True	True	False	Strong
2463	130	79	0	0	True	True	False	Strong
2464	124	69	1	0	False	False	False	Weak
2465	146	106	0.46	0	False	False	False	Noise
2466	117	150	0	0.5641	True	True	True	Strong
2467	105	95	1	0	False	False	False	Noise
2468	112	128	0.1765	0	False	False	False	Weak
2469	141	151	0	0.3814	True	True	True	Strong
2470	130	96	1	0	False	False	False	Weak
2471	120	131	1	0	False	False	False	Noise
2472	152	143	1	0	False	False	False	Noise
2473	129	199	0.464	0	False	False	False	Weak
2474	127	184	1	0	False	False	False	Weak
2475	131	122	1	0	False	False	False	Noise
2476	114	117	1	0	False	False	False	Noise
2477	104	158	0	0	True	True	False	Strong
2478	131	195	0.2365	0	False	False	False	Weak
2479	124	183	0	0	True	True	False	Strong
2480	134	155	0	0	True	True	False	Strong
2481	92	175	0.2865	0	False	False	False	Weak
2482	139	117	0	0	True	True	False	Strong
2483	97	170	0.421	0	False	False	False	Weak
2484	113	142	1	0	False	False	False	Weak
2485	118	109	0	0	True	True	False	Strong
2486	111	90	0	0.5917	True	True	True	Strong
2487	109	99	0	0	True	True	False	Strong
2488	105	106	0	0.9775	True	True	True	Strong
2489	126	101	0	0	True	True	False	Strong
2490	124	129	0	0.6841	True	True	True	Strong
2491	102	162	0	0.9751	True	True	True	Strong
2492	113	99	0	1	True	True	True	Strong
2493	120	69	0	1	True	True	True	Strong
2494	71	72	0	0.6106	True	True	True	Strong
2495	102	83	0	0.6521	True	True	True	Strong
2496	125	94	0	0.8881	True	True	True	Strong
2497	97	126	0	0.6848	True	True	True	Strong
2498	111	78	0.2675	0	False	False	False	Noise
2499	105	73	0.0005	0.414	True	True	True	Strong
2500	145	73	0	0.6102	True	True	True	Strong
2501	104	36	0.0005	0	True	True	False	Subclone
2502	110	49	0.0005	0.4299	True	True	True	Subclone
2503	111	71	0	0.4248	True	True	True	Strong
2504	120	71	0	0.375	True	True	True	Subclone
2505	112	72	0	0.5397	True	True	True	Subclone
2506	109	91	0.104	0.2042	False	False	False	Weak
2507	98	88	0	0.6617	True	True	True	Strong
2508	122	82	0	0	True	True	False	Strong
2509	99	71	0.005	0.3449	True	True	True	Strong
2510	109	82	0.001	0	True	True	False	Subclone
2511	112	78	0.0005	0.4617	True	True	True	Strong
2512	109	80	0	0.4454	True	True	True	Strong
2513	121	68	0	0.5938	True	True	True	Strong
2514	147	85	0.001	0.3261	True	True	True	Subclone
2515	114	57	0	0.4869	True	True	True	Strong
2516	126	87	0	0.4414	True	True	True	Strong
2517	117	63	0	0.489	True	True	True	Strong
2518	105	48	0	0.5562	True	True	True	Strong
2519	98	61	0	0.4918	True	True	True	Strong
2520	121	60	0.0925	0.3016	False	False	False	Noise
2521	120	68	0	0.5042	True	True	True	Strong
2522	96	89	0.5455	0	False	False	False	Noise
2523	90	104	0	0.602	True	True	True	Strong
2524	109	126	0	0.4943	True	True	True	Strong
2525	105	126	0	0.5246	True	True	True	Strong
2526	107	109	0.003	0.1273	True	True	True	Subclone
2527	92	84	0	0.7656	True	True	True	Strong
2528	125	104	0	0	True	True	False	Strong
2529	111	101	0	0	True	True	False	Strong
2530	124	60	0	1	True	True	True	Strong
2531	98	86	0	0.6724	True	True	True	Strong
2532	121	118	0	0.9804	True	True	True	Strong
2533	120	202	0	1	True	True	True	Strong
2534	98	124	0	0	True	True	False	Strong
2535	102	91	0	0.9729	True	True	True	Strong
2536	104	142	0	0	True	True	False	Strong
2537	134	82	0	0.8177	True	True	True	Strong
2538	120	86	0	0	True	True	False	Strong
2539	115	74	0	0.9742	True	True	True	Strong
2540	101	110	0	1	True	True	True	Strong
2541	108	106	0	0	True	True	False	Strong
2542	115	64	0	0	True	True	False	Strong
2543	107	132	0.0005	0	True	True	False	Strong
2544	128	68	0.126	0	False	False	False	Weak
2545	133	75	0	0.3923	True	True	True	Strong
2546	101	60	0	0.5764	True	True	True	Strong
2547	108	153	0	1	True	True	True	Strong
2548	99	109	0	0	True	True	False	Strong
2549	127	89	0	0	True	True	False	Strong
2550	96	101	0	0.677	True	True	True	Strong
2551	82	101	0.005	0	True	True	False	Strong
2552	79	74	0.0005	0.2457	True	True	True	Weak
2553	121	103	0	0	True	True	False	Strong
2554	103	79	0	0	True	True	False	Strong
2555	102	116	0	0	True	True	False	Strong
2556	109	75	0	1	True	True	True	Strong
2557	102	83	0	0	True	True	False	Strong
2558	101	75	0	0	True	True	False	Strong
2559	94	77	0	0	True	True	False	Strong
2560	102	73	0	0.9638	True	True	True	Strong
2561	111	77	0	0	True	True	False	Strong
2562	118	62	0	0	True	True	False	Strong
2563	92	80	0	0	True	True	False	Strong
2564	127	112	0	0	True	True	False	Strong
2565	119	102	0	0	True	True	False	Strong
2566	122	86	0.3535	0	False	False	False	Noise
2567	123	70	0.0135	0	True	True	False	Subclone
2568	111	73	0.0025	0	True	True	False	Strong
2569	110	85	0.4145	0	False	False	False	Weak
2570	98	69	0	0.7857	True	True	True	Strong
2571	123	62	0	0.5919	True	True	True	Strong
2572	132	93	0	0.5382	True	True	True	Strong
2573	135	113	1	0	False	False	False	Weak
2574	94	100	0	0	True	True	False	Strong
2575	102	98	0	0	True	True	False	Strong
2576	109	109	0	0	True	True	False	Strong
2577	117	76	0	0.9727	True	True	True	Strong
2578	116	76	0	0.9735	True	True	True	Strong
2579	109	121	0	0	True	True	False	Strong
2580	122	179	0	0.4891	True	True	True	Strong
2581	130	200	0	0.0073	True	True	False	Strong
2582	98	98	0.005	0	True	True	False	Subclone
2583	90	112	0	0	True	True	False	Strong
2584	117	128	0.4395	0	False	False	False	Weak
2585	128	168	0.051	0.1514	True	True	False	Noise
2586	131	152	0	0.3785	True	True	True	Subclone
2587	109	128	0	0.5581	True	True	True	Strong
2588	92	187	0.004	0.3916	True	True	True	Strong
2589	114	136	0	0.5731	True	True	True	Strong
2590	115	182	0	0.0981	True	True	False	Strong
2591	98	158	0	0.4535	True	True	True	Strong
2592	111	110	0.4765	0	False	False	False	Weak
2593	81	82	1	0	False	False	False	Weak
2594	95	75	0.403	0	False	False	False	Weak
2595	114	112	0	0.1653	True	True	True	Strong
2596	99	102	0.33	0	False	False	False	Weak
2597	104	104	1	0	False	False	False	Weak
2598	123	99	1	0	False	False	False	Weak
2599	95	147	0	0	True	True	False	Strong
2600	106	138	0.29	0	False	False	False	Weak
2601	112	209	0.288	0	False	False	False	Weak
2602	93	142	0.3685	0	False	False	False	Weak
2603	121	192	0.345	0	False	False	False	Weak
2604	138	137	0.2085	0	False	False	False	Weak
2605	106	143	0.0005	0	True	True	False	Strong
2606	112	177	0.5545	0	False	False	False	Weak
2607	117	59	0	0.9241	True	True	True	Strong
2608	100	58	0	0	True	True	False	Strong
2609	100	93	0.452	0	False	False	False	Weak
2610	113	52	0	0	True	True	False	Strong
2611	120	60	0	0.986	True	True	True	Strong
2612	102	88	0	0	True	True	False	Strong
2613	117	115	0	0.9783	True	True	True	Strong
2614	108	41	0.0423603	0	True	True	False	Weak
2615	134	101	0	0	True	True	False	Strong
2616	124	60	0.001	0.3803	True	True	True	Strong
2617	121	78	0	0.5752	True	True	True	Strong
2618	135	99	0	0.8137	True	True	True	Strong
2619	136	139	1	0	False	False	False	Weak
2620	107	103	0.294	0	False	False	False	Weak
2621	101	146	0	1	True	True	True	Strong
2622	87	208	0.4925	0	False	False	False	Weak
2623	105	66	0.001	0	True	True	False	Strong
