RegionID	NumReads	NumCpGs	GlobalP	CramersV	PassedGating	ClusterPermanovaValid	Significant	VerificationClass
0	113	126	1	0	False	False	False	Weak
1	100	511	1	0	False	False	False	Weak
2	85	513	0.4455	0	False	False	False	Weak
3	82	437	0	0	True	True	False	Strong
4	136	311	1	0	False	False	False	Weak
5	105	371	0.503	0	False	False	False	Weak
6	102	525	0.1695	0	False	False	False	Weak
7	113	444	0.405	0	False	False	False	Weak
8	101	412	0.246	0	False	False	False	Weak
9	111	300	0.001	0.3785	True	True	True	Strong
10	86	337	1	0	False	False	False	Weak
11	94	398	0	0.4827	True	True	True	Strong
12	108	311	1	0	False	False	False	Weak
13	89	338	0	0.6691	True	True	True	Strong
14	95	323	0	0	True	True	False	Strong
15	92	246	0	0.9373	True	True	True	Strong
16	100	432	0.0045	0	True	True	False	Strong
17	93	243	0.001	0	True	True	False	Strong
18	129	290	0	0.7634	True	True	True	Strong
19	102	234	0	0.6148	True	True	True	Strong
20	98	98	1	0	False	False	False	Weak
21	91	312	0	0.9333	True	True	True	Strong
22	116	302	0.0045	0	True	True	False	Weak
23	94	317	0.0055	0	True	True	False	Strong
24	83	235	0.2645	0	False	False	False	Weak
25	104	314	0.0185	0	True	True	False	Strong
26	106	40	0.3005	0	False	False	False	Weak
27	112	169	1	0	False	False	False	Noise
28	117	246	0.0095	0	True	True	False	Strong
29	106	51	0.504	0	False	False	False	Weak
30	96	86	1	0	False	False	False	Weak
31	84	142	0.375	0	False	False	False	Weak
32	75	150	1	0	False	False	False	Weak
33	101	71	0.6045	0	False	False	False	Weak
34	97	93	0.1695	0	False	False	False	Weak
35	104	69	1	0	False	False	False	Weak
36	76	160	0.5695	0	False	False	False	Weak
37	106	38	0.2325	0	False	False	False	Weak
38	99	71	1	0	False	False	False	Weak
39	109	84	0.8005	0	False	False	False	Weak
40	106	175	0.281	0	False	False	False	Weak
41	115	149	1	0	False	False	False	Weak
42	130	181	0.0005	0	True	True	False	Strong
43	131	182	0.0025	0	True	True	False	Strong
44	93	150	0.018	0	True	True	False	Strong
45	99	158	0.562	0.1057	False	False	False	Weak
46	108	376	1	0	False	False	False	Weak
47	133	351	0.007	0.3242	True	True	True	Strong
48	97	280	0.19	0	False	False	False	Weak
49	103	216	0	0	True	True	False	Strong
50	123	184	0	0.9035	True	True	True	Strong
51	100	182	0	1	True	True	True	Strong
52	112	137	0	0	True	True	False	Strong
53	111	137	0	0	True	True	False	Strong
54	114	154	0	0	True	True	False	Strong
55	113	171	0.3925	0	False	False	False	Weak
56	99	214	0.305	0	False	False	False	Weak
57	109	118	1	0	False	False	False	Weak
58	111	74	0.2085	0	False	False	False	Weak
59	121	120	0.001	0	True	True	False	Strong
60	116	90	0.0765	0	True	True	False	Weak
61	106	188	1	0	False	False	False	Weak
62	100	141	0.0225	0	True	True	False	Strong
63	95	127	0	0	True	True	False	Strong
64	99	131	1	0	False	False	False	Weak
65	104	131	1	0	False	False	False	Weak
66	100	216	0.434	0	False	False	False	Weak
67	97	187	0.3895	0	False	False	False	Weak
68	111	156	0.4595	0	False	False	False	Weak
69	147	305	0.2785	0	False	False	False	Weak
70	148	158	1	0	False	False	False	Weak
71	119	196	1	0	False	False	False	Weak
72	124	154	0.004	0	True	True	False	Strong
73	117	164	0.245	0	False	False	False	Weak
74	127	165	0.333	0	False	False	False	Weak
75	111	246	0.0015	0	True	True	False	Strong
76	122	247	0	0	True	True	False	Strong
77	131	197	0	0	True	True	False	Strong
78	114	159	1	0	False	False	False	Noise
79	123	125	0.1725	0	False	False	False	Weak
80	132	172	0.081	0	True	True	False	Weak
81	123	177	1	0	False	False	False	Weak
82	133	263	0.102	0	False	False	False	Weak
83	124	166	0.6035	0	False	False	False	Weak
84	100	74	0.3675	0	False	False	False	Weak
85	139	191	0.002	0	True	True	False	Strong
86	125	232	0.3415	0	False	False	False	Weak
87	120	289	1	0	False	False	False	Weak
88	141	165	0	0.5768	True	True	True	Strong
89	130	183	1	0	False	False	False	Weak
90	119	193	0.2115	0	False	False	False	Weak
91	146	151	0.096	0	True	True	False	Weak
92	150	146	0.187	0	False	False	False	Weak
93	142	112	1	0	False	False	False	Weak
94	137	79	0.292	0	False	False	False	Weak
95	156	81	0	0.5133	True	True	True	Strong
96	114	155	1	0	False	False	False	Weak
97	135	109	0.0785	0	True	True	False	Weak
98	118	88	0.139	0	False	False	False	Weak
99	116	88	0.1445	0	False	False	False	Weak
100	113	40	0.558	0	False	False	False	Weak
101	103	88	0.2585	0	False	False	False	Weak
102	114	98	0.157	0	False	False	False	Weak
103	100	217	1	0	False	False	False	Weak
104	138	145	0	0	True	True	False	Strong
105	126	131	1	0	False	False	False	Weak
106	127	89	0.001	0	True	True	False	Strong
107	106	93	1	0	False	False	False	Weak
108	114	82	0.387	0	False	False	False	Weak
109	127	65	0.0625889	0	True	True	False	Weak
110	165	60	0.004	0	True	True	False	Strong
111	121	84	1	0	False	False	False	Weak
112	141	69	0.0985	0	True	True	False	Weak
113	99	110	1	0	False	False	False	Weak
114	80	106	1	0	False	False	False	Weak
115	131	144	0.0805	0	True	True	False	Weak
116	128	147	0	0.6361	True	True	True	Strong
117	113	145	0.4455	0	False	False	False	Weak
118	128	188	1	0	False	False	False	Weak
119	127	187	1	0	False	False	False	Weak
120	141	204	0	0	True	True	False	Strong
121	122	178	0	0	True	True	False	Strong
122	131	210	0	0	True	True	False	Strong
123	115	188	0	0.3588	True	True	True	Strong
124	129	138	0	0	True	True	False	Strong
125	120	195	0.1015	0	False	False	False	Weak
126	408	150	0.4755	0	False	False	False	Noise
127	278	225	0.674	0	False	False	False	Weak
128	121	145	0.2375	0	False	False	False	Weak
129	136	157	0.2965	0	False	False	False	Weak
130	109	274	0.0875	0	True	True	False	Weak
131	101	253	0.01	0.0874	True	True	False	Strong
132	113	98	0.222	0	False	False	False	Weak
133	123	161	0.0035	0	True	True	False	Strong
134	91	271	1	0	False	False	False	Weak
135	133	421	0.0055	0	True	True	False	Strong
136	136	425	1	0	False	False	False	Weak
137	141	167	1	0	False	False	False	Weak
138	134	126	0.318	0	False	False	False	Weak
139	125	131	0	0.3913	True	True	True	Strong
140	117	151	0	0	True	True	False	Strong
141	132	134	0.031	0	True	True	False	Strong
142	135	94	0.0075	0	True	True	False	Strong
143	103	135	1	0	False	False	False	Weak
144	112	157	0.039287	0	True	True	False	Strong
145	125	141	0	0	True	True	False	Strong
146	145	116	0.0055	0	True	True	False	Strong
147	125	148	0.227	0	False	False	False	Weak
148	113	96	0.3945	0	False	False	False	Weak
149	123	196	0.299	0	False	False	False	Weak
150	110	147	1	0	False	False	False	Weak
151	82	144	0.458	0	False	False	False	Weak
152	100	157	1	0	False	False	False	Weak
153	130	116	0.2195	0	False	False	False	Weak
154	120	103	0.3615	0	False	False	False	Weak
155	107	114	0	0	True	True	False	Strong
156	112	126	0.604	0	False	False	False	Weak
157	132	120	1	0	False	False	False	Weak
158	116	186	0	0	True	True	False	Strong
159	125	147	0.0025	0	True	True	False	Strong
160	132	113	0.096	0	False	False	False	Weak
161	114	122	0.2705	0	False	False	False	Weak
162	127	99	0.028	0	True	True	False	Strong
163	147	223	0	0	True	True	False	Strong
164	158	90	1	0	False	False	False	Weak
165	142	99	0.1185	0	False	False	False	Weak
166	137	292	0.2385	0	False	False	False	Weak
167	139	305	1	0	False	False	False	Weak
168	114	223	1	0	False	False	False	Weak
169	105	164	0.2855	0	False	False	False	Weak
170	104	156	0.129	0	False	False	False	Weak
171	127	180	0.4735	0	False	False	False	Weak
172	119	143	0.016	0	True	True	False	Strong
173	132	121	0.0015	0.1677	True	True	True	Strong
174	107	136	0.0025	0	True	True	False	Strong
175	123	102	1	0	False	False	False	Weak
176	99	117	1	0	False	False	False	Weak
177	106	125	1	0	False	False	False	Weak
178	116	100	0.2175	0	False	False	False	Weak
179	128	131	0.166	0	False	False	False	Weak
180	114	135	0.249	0	False	False	False	Weak
181	143	149	0.307	0	False	False	False	Weak
182	125	175	1	0	False	False	False	Weak
183	160	282	0.4135	0	False	False	False	Weak
184	94	214	0	0.5506	True	True	True	Strong
185	141	175	0.0155	0	True	True	False	Strong
186	145	110	0.2625	0	False	False	False	Weak
187	149	137	0.0561678	0	True	True	False	Weak
188	118	149	0	0	True	True	False	Strong
189	131	108	0.5565	0	False	False	False	Weak
190	117	156	0.1855	0.0931	False	False	False	Weak
191	124	149	0	0	True	True	False	Strong
192	119	170	0	0	True	True	False	Strong
193	113	131	0.3045	0	False	False	False	Weak
194	133	317	0.7795	0	False	False	False	Weak
195	112	149	1	0	False	False	False	Weak
196	136	208	0.1565	0	False	False	False	Weak
197	124	89	1	0	False	False	False	Weak
198	118	265	0.3275	0	False	False	False	Weak
199	151	134	1	0	False	False	False	Weak
200	120	161	0.0015	0	True	True	False	Strong
201	125	156	0.0155	0.1455	True	True	True	Strong
202	107	349	0.2755	0	False	False	False	Weak
203	113	201	0.0065	0	True	True	False	Strong
204	97	123	1	0	False	False	False	Noise
205	105	175	0.0468	0	True	True	False	Strong
206	106	218	0	0	True	True	False	Strong
207	115	130	0.3445	0	False	False	False	Weak
208	115	139	0	0	True	True	False	Strong
209	136	177	1	0	False	False	False	Weak
210	100	241	0.3	0	False	False	False	Weak
211	98	111	0.12	0	False	False	False	Weak
212	132	190	1	0	False	False	False	Noise
213	147	147	1	0	False	False	False	Weak
214	113	184	0.6185	0	False	False	False	Weak
215	126	208	0.6445	0	False	False	False	Weak
216	120	131	0.188	0	False	False	False	Noise
217	120	114	1	0	False	False	False	Noise
218	124	120	0.1575	0	False	False	False	Weak
219	150	94	0.1325	0	False	False	False	Weak
220	131	125	0.3295	0	False	False	False	Weak
221	118	180	0.0005	0	True	True	False	Strong
222	147	129	1	0	False	False	False	Weak
223	124	102	1	0	False	False	False	Weak
224	153	109	0.002	0	True	True	False	Strong
225	121	110	0.14	0	False	False	False	Noise
226	118	92	0.3875	0	False	False	False	Weak
227	104	322	0.018	0	True	True	False	Strong
228	120	73	0	0	True	True	False	Strong
229	128	90	1	0	False	False	False	Weak
230	119	109	0.4505	0	False	False	False	Weak
231	110	144	1	0	False	False	False	Weak
232	112	147	0	0.9716	True	True	True	Strong
233	83	110	0.088	0	True	True	False	Weak
234	127	92	0	0	True	True	False	Strong
235	102	111	0	0	True	True	False	Strong
236	133	65	0.1755	0	False	False	False	Weak
237	158	72	1	0	False	False	False	Weak
238	91	96	0.3955	0	False	False	False	Weak
239	124	42	1	0	False	False	False	Weak
240	141	46	0.0015	0	True	True	False	Strong
241	124	192	1	0	False	False	False	Weak
242	139	87	0.48	0	False	False	False	Weak
243	135	238	1	0	False	False	False	Weak
244	125	198	0.011	0	True	True	False	Strong
245	144	159	0.5685	0	False	False	False	Noise
246	176	106	0.332	0	False	False	False	Weak
247	137	189	1	0	False	False	False	Weak
248	120	178	1	0	False	False	False	Weak
249	137	219	1	0	False	False	False	Weak
250	147	198	1	0	False	False	False	Weak
251	135	119	1	0	False	False	False	Noise
252	136	272	0	0.8423	True	True	True	Strong
253	140	209	0.111	0	False	False	False	Weak
254	156	194	0	0	True	True	False	Strong
255	119	211	0.434	0	False	False	False	Weak
256	109	91	1	0	False	False	False	Weak
257	132	148	0.037663	0	True	True	False	Strong
258	116	65	1	0	False	False	False	Weak
259	139	127	0.2195	0	False	False	False	Weak
260	135	127	0.2305	0	False	False	False	Weak
261	124	81	1	0	False	False	False	Weak
262	109	69	0.123	0	False	False	False	Weak
263	103	82	0.1695	0	False	False	False	Weak
264	102	70	0.117	0	False	False	False	Weak
265	102	92	0.104	0	False	False	False	Weak
266	109	86	0.065	0	True	True	False	Weak
267	103	101	0.093	0	False	False	False	Weak
268	126	85	0.0472	0	True	True	False	Strong
269	107	99	0.188	0	False	False	False	Weak
270	130	84	1	0	False	False	False	Weak
271	125	101	0.12	0	False	False	False	Weak
272	145	93	0.292	0	False	False	False	Weak
273	119	110	1	0	False	False	False	Weak
274	123	133	1	0	False	False	False	Weak
275	135	94	1	0	False	False	False	Weak
276	128	79	1	0	False	False	False	Weak
277	141	106	0.4345	0	False	False	False	Noise
278	121	63	1	0	False	False	False	Weak
279	119	81	1	0	False	False	False	Weak
280	131	104	0.0015	0	True	True	False	Strong
281	102	103	1	0	False	False	False	Weak
282	127	306	0.369	0	False	False	False	Noise
283	126	317	0.3535	0	False	False	False	Weak
284	126	317	0.181	0	False	False	False	Weak
285	116	119	0.102	0	False	False	False	Weak
286	142	231	0.2025	0	False	False	False	Weak
287	127	92	1	0	False	False	False	Weak
288	142	112	0.0785	0	True	True	False	Weak
289	122	148	0.3105	0	False	False	False	Weak
290	114	124	1	0	False	False	False	Weak
291	115	131	1	0	False	False	False	Weak
292	111	106	0.464	0	False	False	False	Weak
293	102	123	0.0065	0	True	True	False	Strong
294	94	103	1	0	False	False	False	Weak
295	101	124	0.614	0	False	False	False	Weak
296	110	108	0.224	0	False	False	False	Weak
297	96	100	0.2965	0	False	False	False	Weak
298	124	101	0.1335	0	False	False	False	Weak
299	95	101	0.266	0	False	False	False	Weak
300	107	75	0.494	0	False	False	False	Weak
301	105	77	0.029	0	True	True	False	Strong
302	117	91	0.731	0	False	False	False	Weak
303	102	113	0.1845	0	False	False	False	Weak
304	114	138	0.52	0	False	False	False	Weak
305	133	250	0.0375793	0	True	True	False	Strong
306	113	101	0.273	0	False	False	False	Weak
307	112	98	0.1575	0	False	False	False	Weak
308	99	94	1	0	False	False	False	Weak
309	81	119	0.258	0	False	False	False	Weak
310	91	80	0.8345	0	False	False	False	Weak
311	102	61	0.4955	0	False	False	False	Weak
312	84	33	0.0275	0	True	True	False	Strong
313	107	138	1	0	False	False	False	Weak
314	88	93	1	0	False	False	False	Weak
315	95	103	0.311	0	False	False	False	Weak
316	96	104	0.001	0.4364	True	True	True	Strong
317	129	142	0.265	0	False	False	False	Weak
318	139	311	0.3085	0	False	False	False	Weak
319	96	103	0.4895	0	False	False	False	Weak
320	107	112	0.186	0	False	False	False	Weak
321	133	62	1	0	False	False	False	Weak
322	116	121	0.0165	0	True	True	False	Strong
323	118	110	0.0325	0	True	True	False	Strong
324	118	110	0.01	0	True	True	False	Strong
325	137	88	0.268	0	False	False	False	Weak
326	123	183	0.5625	0	False	False	False	Weak
327	123	174	0.191	0	False	False	False	Weak
328	110	125	1	0	False	False	False	Weak
329	135	217	0.0465	0	True	True	False	Strong
330	148	123	0.1835	0	False	False	False	Weak
331	134	103	0.197	0	False	False	False	Weak
332	132	125	1	0	False	False	False	Weak
333	107	186	0.02	0	True	True	False	Strong
334	121	161	0	0.4354	True	True	True	Strong
335	185	315	0.0155	0	True	True	False	Strong
336	197	187	0.0135	0	True	True	False	Strong
337	190	113	0.216	0	False	False	False	Weak
338	144	100	0.584	0	False	False	False	Weak
339	185	94	0.0665	0	True	True	False	Weak
340	150	128	0.376	0	False	False	False	Weak
341	148	146	0.34	0	False	False	False	Weak
342	150	161	1	0	False	False	False	Weak
343	123	155	0.3895	0	False	False	False	Weak
344	137	118	0.451	0	False	False	False	Weak
345	124	54	0.565	0	False	False	False	Weak
346	108	199	0.3735	0	False	False	False	Weak
347	124	121	0.003	0	True	True	False	Strong
348	108	116	1	0	False	False	False	Weak
349	109	99	0.237	0	False	False	False	Weak
350	133	108	0.0585616	0	True	True	False	Weak
351	144	98	0.2715	0	False	False	False	Weak
352	132	62	1	0	False	False	False	Weak
353	127	94	1	0	False	False	False	Weak
354	160	59	0.286	0	False	False	False	Weak
355	141	95	0.422	0	False	False	False	Weak
356	124	112	1	0	False	False	False	Weak
357	121	95	0.184	0	False	False	False	Weak
358	101	47	0.033	0	True	True	False	Strong
359	113	207	0.1805	0	False	False	False	Noise
360	135	149	0.1465	0	False	False	False	Weak
361	107	104	1	0	False	False	False	Weak
362	139	101	1	0	False	False	False	Weak
363	120	121	1	0	False	False	False	Weak
364	140	93	0.419	0	False	False	False	Weak
365	145	99	0.191	0	False	False	False	Weak
366	98	50	0.429	0	False	False	False	Weak
367	121	110	0.2455	0	False	False	False	Weak
368	117	200	0.0537	0	True	True	False	Weak
369	132	193	0.214	0	False	False	False	Weak
370	125	93	0.6315	0	False	False	False	Weak
371	126	393	0.52	0	False	False	False	Noise
372	135	85	0.0380995	0	True	True	False	Strong
373	124	104	0.457	0	False	False	False	Weak
374	104	143	1	0	False	False	False	Weak
375	107	143	1	0	False	False	False	Weak
376	134	140	0.763	0	False	False	False	Weak
377	129	138	0.0355	0	True	True	False	Strong
378	124	104	0.146	0	False	False	False	Weak
379	156	179	1	0	False	False	False	Noise
380	143	103	0.145	0	False	False	False	Weak
381	116	105	1	0	False	False	False	Weak
382	131	89	0.64	0	False	False	False	Weak
383	131	311	0.0055	0	True	True	False	Strong
384	132	131	0.026	0.146	True	True	True	Strong
385	127	151	0.092	0	True	True	False	Weak
386	134	184	0.216	0	False	False	False	Weak
387	124	232	1	0	False	False	False	Weak
388	160	129	1	0	False	False	False	Weak
389	141	47	1	0	False	False	False	Weak
390	122	68	1	0	False	False	False	Weak
391	113	211	1	0	False	False	False	Weak
392	117	96	1	0	False	False	False	Weak
393	131	138	0.1575	0	False	False	False	Weak
394	134	93	0.587	0	False	False	False	Weak
395	128	72	0.1915	0	False	False	False	Weak
396	130	101	1	0	False	False	False	Weak
397	103	88	0.0725	0	True	True	False	Weak
398	132	89	0.192	0	False	False	False	Weak
399	107	85	0.1925	0	False	False	False	Weak
400	141	136	0.01	0	True	True	False	Strong
401	141	191	0.2185	0	False	False	False	Weak
402	136	314	1	0	False	False	False	Weak
403	134	50	1	0	False	False	False	Weak
404	132	50	1	0	False	False	False	Weak
405	141	75	1	0	False	False	False	Noise
406	129	57	1	0	False	False	False	Noise
407	114	65	0.6835	0	False	False	False	Weak
408	165	133	1	0	False	False	False	Weak
409	127	62	0.1285	0	False	False	False	Weak
410	116	70	1	0	False	False	False	Weak
411	131	201	0	0	True	True	False	Strong
412	121	92	0.4335	0	False	False	False	Weak
413	112	109	0.26	0	False	False	False	Weak
414	121	99	1	0	False	False	False	Weak
415	115	143	1	0	False	False	False	Weak
416	80	57	0.277	0	False	False	False	Weak
417	106	119	0.065	0	True	True	False	Weak
418	126	55	0.0835	0	True	True	False	Weak
419	126	61	0.414	0	False	False	False	Weak
420	134	40	0.0402644	0	True	True	False	Strong
421	110	92	1	0	False	False	False	Weak
422	92	61	1	0	False	False	False	Weak
423	132	39	0.332	0	False	False	False	Weak
424	103	135	0.2115	0	False	False	False	Weak
425	117	67	1	0	False	False	False	Weak
426	105	82	1	0	False	False	False	Weak
427	114	73	0.173	0	False	False	False	Weak
428	128	62	0.135	0	False	False	False	Weak
429	134	42	0.495	0	False	False	False	Weak
430	113	36	0.01	0	True	True	False	Strong
431	119	60	0.4175	0	False	False	False	Weak
432	132	39	1	0	False	False	False	Noise
433	136	38	0.197	0	False	False	False	Weak
434	132	48	0.001	0	True	True	False	Strong
435	125	40	1	0	False	False	False	Noise
436	123	57	1	0	False	False	False	Weak
437	130	62	1	0	False	False	False	Weak
438	133	57	1	0	False	False	False	Weak
439	116	101	0.2375	0	False	False	False	Weak
440	123	52	0.262	0	False	False	False	Weak
441	122	51	0.2615	0	False	False	False	Weak
442	110	30	1	0	False	False	False	Weak
443	103	24	1	0	False	False	False	Weak
444	115	46	1	0	False	False	False	Weak
445	122	67	1	0	False	False	False	Weak
446	122	54	0.0065	0.3063	True	True	True	Strong
447	136	48	0.4075	0	False	False	False	Weak
448	133	67	1	0	False	False	False	Noise
449	103	63	0.0398833	0	True	True	False	Strong
450	118	70	1	0	False	False	False	Weak
451	130	70	1	0	False	False	False	Weak
452	119	46	1	0	False	False	False	Weak
453	129	49	0.103	0	False	False	False	Weak
454	124	67	0.0541	0	True	True	False	Weak
455	128	43	0.1805	0	False	False	False	Weak
456	136	58	0.0715	0	True	True	False	Weak
457	131	50	0.0518	0	True	True	False	Weak
458	109	119	1	0	False	False	False	Weak
459	98	39	0.473	0	False	False	False	Weak
460	128	53	0.2675	0	False	False	False	Weak
461	105	158	0.308	0	False	False	False	Weak
462	132	94	0.1075	0	False	False	False	Weak
463	96	91	0.365	0	False	False	False	Weak
464	182	109	1	0	False	False	False	Weak
465	181	139	1	0	False	False	False	Noise
466	163	72	0.283	0	False	False	False	Weak
467	149	80	1	0	False	False	False	Weak
468	156	79	0.371	0	False	False	False	Weak
469	142	67	0.077	0	True	True	False	Weak
470	131	99	0.68	0	False	False	False	Weak
471	115	66	0.001	0	True	True	False	Strong
472	133	126	1	0	False	False	False	Noise
473	132	102	1	0	False	False	False	Noise
474	119	182	1	0	False	False	False	Noise
475	147	145	1	0	False	False	False	Weak
476	132	159	0.0105	0	True	True	False	Strong
477	109	111	1	0	False	False	False	Weak
478	88	114	1	0	False	False	False	Weak
479	107	93	0.3565	0	False	False	False	Weak
480	114	101	0.169	0	False	False	False	Weak
481	118	261	1	0	False	False	False	Noise
482	110	138	0.187	0	False	False	False	Weak
483	117	139	0.284	0	False	False	False	Weak
484	118	105	0.0615446	0	True	True	False	Weak
485	103	147	0.2135	0	False	False	False	Weak
486	99	87	0.091	0	True	True	False	Weak
487	116	116	0.2605	0	False	False	False	Weak
488	101	107	0.317	0	False	False	False	Weak
489	104	113	0.383	0	False	False	False	Weak
490	102	108	0.305	0	False	False	False	Weak
491	81	127	0.194	0	False	False	False	Weak
492	113	125	0.3495	0	False	False	False	Weak
493	105	222	0	0	True	True	False	Strong
494	92	229	0.259	0	False	False	False	Weak
495	104	148	0	0.6925	True	True	True	Strong
496	104	118	1	0	False	False	False	Weak
497	119	98	0	0.6491	True	True	True	Strong
498	100	378	0.3155	0	False	False	False	Weak
499	123	133	1	0	False	False	False	Weak
500	128	239	0.558	0	False	False	False	Weak
501	99	160	0.25	0	False	False	False	Weak
502	109	87	0.223	0	False	False	False	Weak
503	99	107	1	0	False	False	False	Weak
504	87	149	0.0005	0	True	True	False	Strong
505	89	134	0	0	True	True	False	Strong
506	96	118	1	0	False	False	False	Weak
507	127	78	1	0	False	False	False	Weak
508	102	87	1	0	False	False	False	Weak
509	121	89	0.633	0	False	False	False	Weak
510	116	96	1	0	False	False	False	Weak
511	106	48	0.1005	0	False	False	False	Weak
512	107	56	0	0.5234	True	True	True	Strong
513	102	32	0.0115	0	True	True	False	Strong
514	116	82	0	0.5911	True	True	True	Strong
515	116	44	0.19	0	False	False	False	Weak
516	105	48	0.0015	0	True	True	False	Strong
517	105	84	0.0440036	0	True	True	False	Strong
518	97	56	1	0	False	False	False	Weak
519	121	98	0.322	0	False	False	False	Weak
520	99	73	0.073	0	True	True	False	Weak
521	98	87	0.0065	0	True	True	False	Strong
522	121	39	0.008	0	True	True	False	Strong
523	121	38	0.006	0	True	True	False	Strong
524	121	53	0.645	0	False	False	False	Weak
525	98	57	1	0	False	False	False	Weak
526	122	76	0.1235	0	False	False	False	Weak
527	113	48	0.197	0	False	False	False	Weak
528	110	53	0.5995	0	False	False	False	Weak
529	86	48	0.066	0	True	True	False	Weak
530	93	74	0.8595	0	False	False	False	Weak
531	86	64	1	0	False	False	False	Weak
532	82	59	0.0621856	0	True	True	False	Weak
533	98	65	1	0	False	False	False	Weak
534	98	70	0.453	0	False	False	False	Weak
535	102	55	0.226	0	False	False	False	Weak
536	108	51	0.075	0	True	True	False	Weak
537	95	52	0.0725	0	True	True	False	Weak
538	90	89	1	0	False	False	False	Weak
539	103	90	1	0	False	False	False	Weak
540	80	77	0.0620292	0	True	True	False	Weak
541	84	73	0.0432044	0	True	True	False	Strong
542	88	62	0.192	0	False	False	False	Weak
543	113	77	0.2685	0	False	False	False	Weak
544	95	64	0.039287	0	True	True	False	Strong
545	85	103	0.0575926	0	True	True	False	Weak
546	81	94	0.0655	0	True	True	False	Weak
547	79	67	0.0975	0	True	True	False	Weak
548	83	42	0.1385	0	False	False	False	Weak
549	73	124	0	0	True	True	False	Strong
550	72	66	1	0	False	False	False	Noise
551	108	62	0.6565	0	False	False	False	Weak
552	98	46	0.111	0	False	False	False	Weak
553	117	69	0.441	0	False	False	False	Weak
554	112	157	0.0235	0	True	True	False	Strong
555	96	68	1	0	False	False	False	Weak
556	94	49	1	0	False	False	False	Weak
557	108	56	0.414	0	False	False	False	Weak
558	98	83	0.377	0	False	False	False	Weak
559	94	70	1	0	False	False	False	Weak
560	104	70	0.167	0	False	False	False	Weak
561	94	49	0	0.615	True	True	True	Strong
562	90	67	0.1865	0	False	False	False	Weak
563	98	46	0	0	True	True	False	Strong
564	96	54	0	0.4995	True	True	True	Strong
565	75	44	0.641	0	False	False	False	Weak
566	90	48	0.3065	0	False	False	False	Weak
567	87	59	0.119	0	False	False	False	Weak
568	115	55	0.3175	0	False	False	False	Weak
569	112	55	0.332	0	False	False	False	Weak
570	113	83	0	0	True	True	False	Strong
571	102	60	0.161	0	False	False	False	Weak
572	109	49	0.395	0	False	False	False	Weak
573	111	61	1	0	False	False	False	Weak
574	101	116	1	0	False	False	False	Weak
575	89	112	1	0	False	False	False	Weak
576	102	97	1	0	False	False	False	Weak
577	88	99	0.0389661	0	True	True	False	Strong
578	113	91	0.1425	0	False	False	False	Weak
579	99	67	0.1745	0	False	False	False	Weak
580	108	66	0.4525	0	False	False	False	Weak
581	96	115	0.4015	0	False	False	False	Weak
582	119	107	0.662	0	False	False	False	Weak
583	102	100	0.003	0	True	True	False	Strong
584	112	66	0.3535	0	False	False	False	Weak
585	99	66	1	0	False	False	False	Weak
586	95	103	1	0	False	False	False	Weak
587	93	84	0.008	0	True	True	False	Strong
588	115	110	0.151	0	False	False	False	Weak
589	84	116	0.013	0	True	True	False	Strong
590	125	244	1	0	False	False	False	Noise
591	103	71	0.033	0	True	True	False	Strong
592	104	56	0.1735	0	False	False	False	Weak
593	101	94	1	0	False	False	False	Weak
594	88	105	0.0625616	0	True	True	False	Weak
595	92	80	0	0.3804	True	True	True	Strong
596	91	55	0.0905	0	True	True	False	Weak
597	89	61	0.0065	0	True	True	False	Strong
598	90	70	1	0	False	False	False	Weak
599	86	83	1	0	False	False	False	Weak
600	94	66	0	0.5383	True	True	True	Strong
601	115	206	0.261	0	False	False	False	Weak
602	121	61	0.3945	0	False	False	False	Noise
603	96	52	0.225	0	False	False	False	Weak
604	122	62	0.03	0	True	True	False	Strong
605	115	89	0.6615	0	False	False	False	Weak
606	82	65	0.7085	0	False	False	False	Weak
607	113	118	0.239	0	False	False	False	Weak
608	94	76	0.0543	0	True	True	False	Weak
609	103	75	0.558	0	False	False	False	Weak
610	99	61	0.3515	0	False	False	False	Weak
611	81	50	0	0.4859	True	True	True	Strong
612	96	78	0.1225	0	False	False	False	Weak
613	92	79	1	0	False	False	False	Weak
614	111	249	0.069	0	True	True	False	Weak
615	95	72	0	0.3184	True	True	True	Strong
616	100	140	1	0	False	False	False	Noise
617	110	94	0.09	0	False	False	False	Weak
618	87	82	1	0	False	False	False	Weak
619	113	179	1	0	False	False	False	Weak
620	96	31	0.154	0	False	False	False	Weak
621	108	59	0.0175	0	True	True	False	Strong
622	106	65	0.429	0	False	False	False	Weak
623	110	88	0.002	0	True	True	False	Strong
624	105	38	1	0	False	False	False	Weak
625	100	56	0.0604468	0	True	True	False	Weak
626	103	49	0.771	0	False	False	False	Weak
627	122	50	0.4375	0	False	False	False	Weak
628	108	51	0.188	0	False	False	False	Weak
629	123	35	0.1295	0	False	False	False	Weak
630	124	43	1	0	False	False	False	Weak
631	108	89	0.256	0	False	False	False	Weak
632	130	70	0.4085	0	False	False	False	Weak
633	133	73	0.271	0	False	False	False	Weak
634	120	52	1	0	False	False	False	Weak
635	107	60	1	0	False	False	False	Weak
636	103	44	1	0	False	False	False	Weak
637	125	69	0.006	0	True	True	False	Strong
638	79	78	0	0	True	True	False	Strong
639	114	48	1	0	False	False	False	Weak
640	103	61	1	0	False	False	False	Weak
641	92	46	0.1115	0	False	False	False	Weak
642	97	61	1	0	False	False	False	Noise
643	101	179	0.109	0	False	False	False	Weak
644	107	48	0.0055	0	True	True	False	Strong
645	120	63	0.1945	0	False	False	False	Weak
646	106	95	0	0.394	True	True	True	Strong
647	90	103	1	0	False	False	False	Weak
648	118	126	0.151	0	False	False	False	Weak
649	94	89	0.7045	0	False	False	False	Weak
650	90	63	0.2275	0	False	False	False	Weak
651	90	77	0	0	True	True	False	Strong
652	111	54	1	0	False	False	False	Weak
653	93	144	1	0	False	False	False	Weak
654	108	56	0.504	0	False	False	False	Weak
655	102	157	1	0	False	False	False	Noise
656	113	130	0.2865	0	False	False	False	Weak
657	92	109	0.4475	0	False	False	False	Weak
658	97	66	0	0.5743	True	True	True	Strong
659	94	37	1	0	False	False	False	Weak
660	90	68	0.0245	0	True	True	False	Strong
661	107	57	0.5745	0	False	False	False	Weak
662	91	61	0.2025	0	False	False	False	Weak
663	101	42	1	0	False	False	False	Weak
664	121	39	0.9075	0	False	False	False	Weak
665	126	63	0.309	0	False	False	False	Weak
666	112	24	1	0	False	False	False	Weak
667	86	47	0.0383959	0	True	True	False	Strong
668	79	40	0.103	0	False	False	False	Weak
669	121	62	1	0	False	False	False	Weak
670	121	77	0.0512	0	True	True	False	Weak
671	98	58	0.215	0	False	False	False	Weak
672	71	47	0.1325	0	False	False	False	Weak
673	83	51	0.1285	0	False	False	False	Weak
674	95	49	0.0225	0	True	True	False	Strong
675	79	31	0.566	0	False	False	False	Weak
676	65	49	1	0	False	False	False	Weak
677	96	133	0.0845	0	True	True	False	Weak
678	93	99	1	0	False	False	False	Weak
679	87	70	0.403	0	False	False	False	Weak
680	77	84	1	0	False	False	False	Weak
681	79	62	0.0441369	0	True	True	False	Strong
682	77	65	0.1065	0	False	False	False	Weak
683	97	64	0.702	0	False	False	False	Weak
684	81	62	0.814	0	False	False	False	Weak
685	78	31	0.6675	0	False	False	False	Weak
686	100	62	1	0	False	False	False	Weak
687	89	35	0.0365	0	True	True	False	Strong
688	93	71	0.3465	0	False	False	False	Weak
689	87	65	1	0	False	False	False	Weak
690	64	50	0.202	0	False	False	False	Weak
691	84	59	1	0	False	False	False	Weak
692	80	56	0.4405	0	False	False	False	Weak
693	60	56	0.462	0	False	False	False	Weak
694	87	60	0.0775	0	True	True	False	Weak
695	68	29	1	0	False	False	False	Weak
696	67	50	1	0	False	False	False	Weak
697	92	59	0.395	0	False	False	False	Weak
698	77	71	0.005	0	True	True	False	Strong
699	74	36	0.299	0	False	False	False	Weak
700	89	60	0.249	0	False	False	False	Weak
701	83	45	0.0015	0	True	True	False	Strong
702	74	54	0.11	0	False	False	False	Weak
703	84	43	0.5755	0	False	False	False	Weak
704	91	50	0.4355	0	False	False	False	Weak
705	90	129	1	0	False	False	False	Weak
706	77	46	0.317	0	False	False	False	Weak
707	84	60	0.1695	0	False	False	False	Weak
708	90	41	0.4035	0	False	False	False	Weak
709	90	33	0.0467	0	True	True	False	Strong
710	60	54	0.329	0	False	False	False	Weak
711	62	164	0.3265	0	False	False	False	Weak
712	98	66	0.1785	0	False	False	False	Weak
713	68	80	0.188	0	False	False	False	Weak
714	61	62	0.455	0	False	False	False	Weak
715	91	52	0.387	0	False	False	False	Weak
716	95	50	0	0.5477	True	True	True	Strong
717	88	48	0.4755	0	False	False	False	Weak
718	70	46	0.315	0	False	False	False	Weak
719	100	72	1	0	False	False	False	Weak
720	87	68	0.353	0	False	False	False	Weak
721	95	100	1	0	False	False	False	Noise
722	108	65	0.0245	0	True	True	False	Strong
723	110	59	1	0	False	False	False	Weak
724	112	65	0.0305	0	True	True	False	Strong
725	118	68	0.5085	0	False	False	False	Weak
726	83	56	0.1875	0	False	False	False	Weak
727	107	57	1	0	False	False	False	Weak
728	103	57	1	0	False	False	False	Weak
729	92	78	0.515	0	False	False	False	Weak
730	108	78	0.083	0	True	True	False	Weak
731	109	83	0.7575	0	False	False	False	Noise
732	117	48	0.001	0	True	True	False	Strong
733	110	45	0.4045	0	False	False	False	Weak
734	111	43	0.025	0	True	True	False	Strong
735	108	50	0.665	0	False	False	False	Weak
736	107	43	0.3225	0	False	False	False	Weak
737	104	70	0.32	0	False	False	False	Weak
738	105	86	0.842	0	False	False	False	Weak
739	108	86	0.8425	0	False	False	False	Weak
740	97	61	0.2385	0	False	False	False	Weak
741	118	67	0	0	True	True	False	Strong
742	108	93	0	0	True	True	False	Strong
743	93	53	0.6835	0	False	False	False	Weak
744	95	86	0.3715	0	False	False	False	Weak
745	109	53	0.25	0	False	False	False	Weak
746	123	71	0.0045	0	True	True	False	Strong
747	116	56	1	0	False	False	False	Weak
748	106	46	0.201	0	False	False	False	Weak
749	87	43	0.493	0	False	False	False	Weak
750	90	42	0.2565	0	False	False	False	Weak
751	111	90	0.495	0	False	False	False	Weak
752	110	37	0.2835	0	False	False	False	Weak
753	102	54	1	0	False	False	False	Weak
754	90	110	1	0	False	False	False	Weak
755	95	110	1	0	False	False	False	Weak
756	122	43	0.0255	0	True	True	False	Strong
757	108	37	0.327	0	False	False	False	Weak
758	100	57	0.0085	0	True	True	False	Strong
759	103	38	0.6275	0	False	False	False	Weak
760	125	54	1	0	False	False	False	Weak
761	103	122	0.2655	0	False	False	False	Weak
762	92	75	0.1415	0	False	False	False	Weak
763	97	40	1	0	False	False	False	Weak
764	105	58	0.4535	0	False	False	False	Weak
765	101	47	1	0	False	False	False	Weak
766	120	47	1	0	False	False	False	Weak
767	103	57	0.0005	0.1438	True	True	True	Strong
768	95	62	1	0	False	False	False	Weak
769	123	40	0.1585	0	False	False	False	Weak
770	98	53	0.6345	0	False	False	False	Weak
771	96	47	0	0	True	True	False	Strong
772	108	102	0.072	0	True	True	False	Weak
773	120	135	0.7915	0	False	False	False	Weak
774	102	47	0.1315	0	False	False	False	Weak
775	104	67	1	0	False	False	False	Weak
776	108	119	0	0.4759	True	True	True	Strong
777	140	43	0.8005	0	False	False	False	Weak
778	107	52	0.636	0	False	False	False	Weak
779	99	58	1	0	False	False	False	Weak
780	101	100	0.0025	0	True	True	False	Strong
781	99	336	1	0	False	False	False	Weak
782	116	81	1	0	False	False	False	Weak
783	90	79	0.4775	0	False	False	False	Noise
784	98	71	1	0	False	False	False	Weak
785	95	63	0.2895	0	False	False	False	Weak
786	94	58	0.213	0	False	False	False	Weak
787	119	105	0.295	0	False	False	False	Weak
788	106	93	0.172	0	False	False	False	Weak
789	103	114	0.0015	0	True	True	False	Strong
790	94	45	0.0525	0	True	True	False	Weak
791	124	47	0.264	0	False	False	False	Weak
792	113	46	0.5005	0	False	False	False	Weak
793	103	54	0.5055	0	False	False	False	Weak
794	132	44	0.002	0	True	True	False	Strong
795	79	43	0.472	0	False	False	False	Weak
796	122	45	0.0675	0	True	True	False	Weak
797	119	64	0.1875	0	False	False	False	Weak
798	108	49	0.579	0	False	False	False	Weak
799	101	44	0.5575	0	False	False	False	Weak
800	99	53	1	0	False	False	False	Weak
801	104	51	1	0	False	False	False	Weak
802	98	39	1	0	False	False	False	Weak
803	91	61	0.4585	0	False	False	False	Weak
804	115	52	0	0	True	True	False	Strong
805	82	74	0.301	0	False	False	False	Weak
806	94	45	0.408	0	False	False	False	Weak
807	109	55	0.1125	0	False	False	False	Weak
808	114	47	1	0	False	False	False	Weak
809	91	52	1	0	False	False	False	Weak
810	83	53	1	0	False	False	False	Weak
811	92	36	1	0	False	False	False	Weak
812	95	40	0.0625301	0	True	True	False	Weak
813	95	45	1	0	False	False	False	Noise
814	86	119	1	0	False	False	False	Noise
815	161	111	1	0	False	False	False	Weak
816	164	231	1	0	False	False	False	Weak
817	148	47	1	0	False	False	False	Noise
818	179	51	1	0	False	False	False	Noise
819	210	75	1	0	False	False	False	Weak
820	180	145	1	0	False	False	False	Weak
821	182	67	0.1985	0	False	False	False	Weak
822	181	64	0.515	0	False	False	False	Weak
823	168	82	0.2235	0	False	False	False	Weak
824	155	78	1	0	False	False	False	Weak
825	176	72	1	0	False	False	False	Weak
826	131	72	1	0	False	False	False	Weak
827	157	77	0.0305	0	True	True	False	Strong
828	178	63	1	0	False	False	False	Weak
829	160	276	0.279	0	False	False	False	Weak
830	162	134	0.1175	0	False	False	False	Weak
831	171	68	1	0	False	False	False	Weak
832	158	168	1	0	False	False	False	Noise
833	186	72	0.157	0	False	False	False	Weak
834	170	71	0.2185	0	False	False	False	Weak
835	174	136	0.5895	0	False	False	False	Weak
836	152	57	0.0165	0	True	True	False	Strong
837	148	120	0.4395	0	False	False	False	Weak
838	202	109	0.3425	0	False	False	False	Noise
839	167	42	1	0	False	False	False	Noise
840	177	62	0.0015	0	True	True	False	Strong
841	157	62	0.0461	0	True	True	False	Strong
842	140	44	0.033	0	True	True	False	Strong
843	137	40	0.478	0	False	False	False	Weak
844	133	60	1	0	False	False	False	Weak
845	176	37	1	0	False	False	False	Weak
846	161	41	1	0	False	False	False	Weak
847	179	61	1	0	False	False	False	Weak
848	147	51	1	0	False	False	False	Weak
849	166	44	0.0529	0	True	True	False	Weak
850	152	40	0.5445	0	False	False	False	Weak
851	185	81	0.6745	0	False	False	False	Weak
852	176	103	0.0015	0	True	True	False	Strong
853	159	106	0.374	0	False	False	False	Weak
854	188	94	1	0	False	False	False	Weak
855	161	55	0	0	True	True	False	Strong
856	197	43	0.0725	0	True	True	False	Weak
857	164	67	1	0	False	False	False	Weak
858	172	139	1	0	False	False	False	Weak
859	105	69	0.0374438	0	True	True	False	Strong
860	134	83	0.3215	0	False	False	False	Weak
861	151	65	0.0055	0	True	True	False	Strong
862	162	69	1	0	False	False	False	Weak
863	147	310	1	0	False	False	False	Weak
864	150	83	1	0	False	False	False	Weak
865	134	50	0.34	0	False	False	False	Weak
866	179	61	0.1705	0	False	False	False	Noise
867	180	72	0.5415	0	False	False	False	Weak
868	158	64	0.011	0	True	True	False	Strong
869	162	45	0.0045	0	True	True	False	Strong
870	171	66	0.0855	0	True	True	False	Weak
871	126	70	1	0	False	False	False	Weak
872	182	56	0.601	0	False	False	False	Weak
873	184	75	0.106	0	False	False	False	Weak
874	157	43	0.283	0	False	False	False	Weak
875	186	42	0.283	0	False	False	False	Weak
876	167	88	0.286	0	False	False	False	Weak
877	175	63	0.533	0	False	False	False	Weak
878	182	47	1	0	False	False	False	Weak
879	183	48	0.101	0	False	False	False	Weak
880	192	45	1	0	False	False	False	Weak
881	185	42	0.073	0	True	True	False	Weak
882	182	73	1	0	False	False	False	Noise
883	179	34	1	0	False	False	False	Weak
884	137	26	1	0	False	False	False	Weak
885	177	27	1	0	False	False	False	Weak
886	191	37	0.309	0	False	False	False	Weak
887	165	56	0.067	0	True	True	False	Weak
888	153	54	0.0905	0	True	True	False	Weak
889	180	58	0.003	0	True	True	False	Strong
890	173	58	0.003	0	True	True	False	Strong
891	156	88	0.0355	0	True	True	False	Strong
892	178	95	0.08	0	True	True	False	Weak
893	147	51	0.003	0	True	True	False	Strong
894	143	101	0.2525	0	False	False	False	Weak
895	168	67	0.0185	0	True	True	False	Strong
896	156	51	0.024	0	True	True	False	Strong
897	171	68	0.191	0	False	False	False	Weak
898	153	44	0.1205	0	False	False	False	Weak
899	169	49	0.032	0	True	True	False	Strong
900	183	57	1	0	False	False	False	Weak
901	180	54	1	0	False	False	False	Weak
902	145	73	0.1105	0	False	False	False	Weak
903	169	51	0.32	0	False	False	False	Weak
904	136	76	0.24	0	False	False	False	Weak
905	143	99	1	0	False	False	False	Weak
906	140	73	0.6255	0	False	False	False	Weak
907	141	73	0.017	0	True	True	False	Strong
908	123	38	0.142	0	False	False	False	Weak
909	149	65	0.0655	0	True	True	False	Weak
910	125	66	0.379	0	False	False	False	Weak
911	130	74	0.529	0	False	False	False	Weak
912	153	48	0.037663	0	True	True	False	Strong
913	129	38	0.282	0	False	False	False	Weak
914	147	32	0	0	True	True	False	Strong
915	150	37	0.023	0	True	True	False	Strong
916	129	65	0.3475	0	False	False	False	Weak
917	133	64	0	0	True	True	False	Strong
918	142	30	0.259	0	False	False	False	Weak
919	144	64	0.258	0	False	False	False	Weak
920	122	64	0.572	0	False	False	False	Weak
921	112	407	0.003	0	True	True	False	Strong
922	136	51	0	0.3569	True	True	True	Strong
923	145	176	1	0	False	False	False	Weak
924	139	85	1	0	False	False	False	Weak
925	156	69	0.2935	0	False	False	False	Weak
926	151	64	1	0	False	False	False	Weak
927	153	75	1	0	False	False	False	Weak
928	146	71	0.357	0	False	False	False	Weak
929	183	81	0	0	True	True	False	Strong
930	151	65	0.0255	0	True	True	False	Strong
931	147	131	0.0479	0	True	True	False	Strong
932	120	47	0.432	0	False	False	False	Weak
933	137	75	0	0.7558	True	True	True	Strong
934	108	130	1	0	False	False	False	Weak
935	115	61	0.0045	0	True	True	False	Strong
936	161	117	1	0	False	False	False	Weak
937	144	90	0.2635	0	False	False	False	Weak
938	136	109	0.3195	0	False	False	False	Weak
939	143	108	0	0.3763	True	True	True	Strong
940	152	162	1	0	False	False	False	Weak
941	120	56	0.0665	0	True	True	False	Weak
942	154	65	1	0	False	False	False	Weak
943	157	161	0.3785	0	False	False	False	Weak
944	163	46	0.003	0	True	True	False	Strong
945	154	98	0.019	0	True	True	False	Strong
946	139	91	0.5735	0	False	False	False	Weak
947	153	71	1	0	False	False	False	Weak
948	150	67	1	0	False	False	False	Weak
949	150	64	0.015	0	True	True	False	Strong
950	164	77	0.134	0	False	False	False	Weak
951	136	102	1	0	False	False	False	Weak
952	127	78	0.415	0	False	False	False	Weak
953	167	96	0.3495	0	False	False	False	Weak
954	126	82	0.5585	0	False	False	False	Weak
955	130	100	1	0	False	False	False	Weak
956	167	67	0.239	0	False	False	False	Weak
957	139	37	0.021	0	True	True	False	Strong
958	140	55	0.182	0	False	False	False	Weak
959	133	95	0.457	0	False	False	False	Weak
960	170	106	1	0	False	False	False	Weak
961	149	45	0.0410296	0	True	True	False	Strong
962	154	32	0.0705	0	True	True	False	Weak
963	176	59	0.454	0	False	False	False	Weak
964	174	139	0	0	True	True	False	Strong
965	170	103	1	0	False	False	False	Weak
966	166	54	0.199	0	False	False	False	Weak
967	165	84	0.1945	0	False	False	False	Weak
968	131	87	0	0	True	True	False	Strong
969	114	69	0.3535	0	False	False	False	Weak
970	141	71	0.1815	0	False	False	False	Weak
971	101	78	1	0	False	False	False	Noise
972	136	89	1	0	False	False	False	Weak
973	147	48	1	0	False	False	False	Weak
974	156	87	1	0	False	False	False	Weak
975	141	120	0	0	True	True	False	Strong
976	140	102	1	0	False	False	False	Weak
977	141	225	0.092	0	True	True	False	Weak
978	130	130	0.6635	0	False	False	False	Weak
979	150	215	1	0	False	False	False	Weak
980	154	53	0.081	0	True	True	False	Weak
981	162	62	1	0	False	False	False	Weak
982	163	36	0.154	0	False	False	False	Weak
983	162	42	0.0075	0	True	True	False	Strong
984	127	35	1	0	False	False	False	Weak
985	147	80	0.192	0	False	False	False	Weak
986	150	99	0.329	0	False	False	False	Weak
987	149	39	0.167	0	False	False	False	Weak
988	151	43	0.0005	0	True	True	False	Strong
989	153	42	0.37	0	False	False	False	Weak
990	100	54	0.223	0	False	False	False	Weak
991	90	74	0.669	0	False	False	False	Weak
992	100	110	0.4785	0	False	False	False	Weak
993	100	76	0.526	0	False	False	False	Weak
994	92	56	0.3815	0	False	False	False	Weak
995	121	64	0.6435	0	False	False	False	Noise
996	81	69	0.0845	0	True	True	False	Weak
997	116	67	0.027	0	True	True	False	Strong
998	106	44	1	0	False	False	False	Weak
999	124	39	0.0431343	0	True	True	False	Strong
1000	128	93	1	0	False	False	False	Weak
1001	115	63	0.3325	0	False	False	False	Weak
1002	105	63	0.509	0	False	False	False	Weak
1003	115	57	0.0457	0	True	True	False	Strong
1004	115	48	1	0	False	False	False	Weak
1005	90	46	0.309	0	False	False	False	Weak
1006	91	55	0.2555	0	False	False	False	Weak
1007	102	44	0.244	0	False	False	False	Noise
1008	96	211	0.065	0	True	True	False	Weak
1009	103	43	1	0	False	False	False	Weak
1010	95	65	0.228	0	False	False	False	Weak
1011	99	59	1	0	False	False	False	Weak
1012	119	32	0.5155	0	False	False	False	Weak
1013	114	59	1	0	False	False	False	Weak
1014	101	183	1	0	False	False	False	Weak
1015	93	48	0.1245	0	False	False	False	Weak
1016	113	25	0.103	0	False	False	False	Weak
1017	114	43	0.864	0	False	False	False	Weak
1018	101	41	0.0619946	0	True	True	False	Weak
1019	105	27	0.5195	0	False	False	False	Weak
1020	91	123	0	0	True	True	False	Strong
1021	99	68	0.3445	0	False	False	False	Weak
1022	132	92	0.4735	0	False	False	False	Weak
1023	91	156	0.14	0	False	False	False	Weak
1024	97	118	1	0	False	False	False	Noise
1025	130	69	1	0	False	False	False	Noise
1026	128	69	1	0	False	False	False	Noise
1027	99	86	1	0	False	False	False	Noise
1028	113	74	1	0	False	False	False	Noise
1029	102	100	1	0	False	False	False	Weak
1030	124	56	0.1615	0	False	False	False	Weak
1031	88	69	1	0	False	False	False	Noise
1032	111	56	0.174	0	False	False	False	Weak
1033	97	73	0.266	0	False	False	False	Weak
1034	86	76	1	0	False	False	False	Weak
1035	100	70	0.0025	0	True	True	False	Strong
1036	97	71	0.027	0	True	True	False	Strong
1037	99	60	0	0	True	True	False	Strong
1038	89	66	1	0	False	False	False	Weak
1039	111	54	1	0	False	False	False	Weak
1040	92	69	0	0	True	True	False	Strong
1041	101	57	0.4465	0	False	False	False	Weak
1042	110	50	0.3635	0	False	False	False	Noise
1043	131	52	0.5335	0	False	False	False	Weak
1044	102	66	0.008	0	True	True	False	Strong
1045	130	99	0.206	0	False	False	False	Weak
1046	116	102	0.276	0	False	False	False	Weak
1047	110	106	0.01	0	True	True	False	Strong
1048	129	84	0.3755	0	False	False	False	Weak
1049	105	61	0.223	0	False	False	False	Weak
1050	102	38	0.356	0	False	False	False	Weak
1051	129	46	1	0	False	False	False	Weak
1052	102	25	0.217	0	False	False	False	Weak
1053	111	50	0.2085	0	False	False	False	Weak
1054	104	50	0.0544	0	True	True	False	Weak
1055	101	45	1	0	False	False	False	Weak
1056	102	46	0.27	0	False	False	False	Weak
1057	92	46	0.027	0	True	True	False	Strong
1058	114	42	0.5455	0	False	False	False	Weak
1059	94	64	0.0305	0	True	True	False	Strong
1060	107	65	0.0394176	0	True	True	False	Strong
1061	105	109	0.4095	0	False	False	False	Weak
1062	92	44	0.2275	0	False	False	False	Weak
1063	111	45	1	0	False	False	False	Weak
1064	110	28	0.252	0	False	False	False	Weak
1065	89	47	0.091	0	True	True	False	Weak
1066	101	38	0.2275	0	False	False	False	Weak
1067	118	57	0.5455	0	False	False	False	Noise
1068	98	50	1	0	False	False	False	Weak
1069	119	72	0.6165	0	False	False	False	Weak
1070	105	71	0.151	0	False	False	False	Weak
1071	96	53	1	0	False	False	False	Weak
1072	110	34	0.1105	0	False	False	False	Weak
1073	116	56	0.1055	0	False	False	False	Weak
1074	122	56	0.092	0	True	True	False	Weak
1075	111	44	0.0165	0	True	True	False	Strong
1076	104	43	0.6	0	False	False	False	Weak
1077	101	53	0.0015	0	True	True	False	Strong
1078	116	49	0.169	0	False	False	False	Weak
1079	116	45	0.018	0	True	True	False	Strong
1080	98	47	1	0	False	False	False	Weak
1081	88	48	0.6005	0	False	False	False	Weak
1082	141	53	1	0	False	False	False	Weak
1083	99	38	0.094	0	True	True	False	Weak
1084	109	46	0.1285	0	False	False	False	Weak
1085	104	43	1	0	False	False	False	Weak
1086	106	93	1	0	False	False	False	Weak
1087	92	46	0.3725	0	False	False	False	Weak
1088	97	43	0.014	0	True	True	False	Strong
1089	101	34	0.004	0	True	True	False	Strong
1090	92	72	0.0502	0	True	True	False	Weak
1091	124	44	1	0	False	False	False	Weak
1092	116	53	0.0255	0	True	True	False	Strong
1093	85	64	1	0	False	False	False	Weak
1094	84	41	0.482	0	False	False	False	Weak
1095	105	54	0.3025	0	False	False	False	Weak
1096	71	39	0.0975	0	True	True	False	Weak
1097	100	39	0.5605	0	False	False	False	Weak
1098	94	36	0.6205	0	False	False	False	Weak
1099	104	95	0.026	0	True	True	False	Strong
1100	84	30	0.366	0	False	False	False	Weak
1101	92	57	0.257	0	False	False	False	Weak
1102	83	38	0.025	0	True	True	False	Strong
1103	106	93	1	0	False	False	False	Weak
1104	86	29	1	0	False	False	False	Weak
1105	118	62	1	0	False	False	False	Weak
1106	102	50	1	0	False	False	False	Weak
1107	112	43	0	0.418	True	True	True	Strong
1108	108	49	1	0	False	False	False	Weak
1109	93	60	1	0	False	False	False	Weak
1110	101	59	0.376	0	False	False	False	Weak
1111	104	45	0.1835	0	False	False	False	Weak
1112	100	96	0.011	0	False	False	False	Weak
1113	100	78	0.0585034	0	True	True	False	Weak
1114	87	43	1	0	False	False	False	Weak
1115	92	58	0.862	0	False	False	False	Weak
1116	117	36	0.1495	0	False	False	False	Weak
1117	89	59	0.5355	0	False	False	False	Weak
1118	104	65	0.2805	0	False	False	False	Weak
1119	118	82	1	0	False	False	False	Weak
1120	117	58	0.0075	0	True	True	False	Strong
1121	88	59	0.1325	0	False	False	False	Weak
1122	130	55	0.0462	0	True	True	False	Strong
1123	107	65	0.2245	0	False	False	False	Weak
1124	113	101	0	0	True	True	False	Strong
1125	79	48	0.0015	0	True	True	False	Strong
1126	102	71	1	0	False	False	False	Weak
1127	99	103	0.642	0	False	False	False	Weak
1128	106	94	1	0	False	False	False	Weak
1129	110	144	0.193	0	False	False	False	Weak
1130	120	142	0.07	0	True	True	False	Weak
1131	131	142	0.2135	0	False	False	False	Weak
1132	102	173	0.3795	0	False	False	False	Weak
1133	101	137	1	0	False	False	False	Weak
1134	95	269	1	0	False	False	False	Weak
1135	67	264	0	0.4502	True	True	True	Strong
1136	100	224	0.0215	0	True	True	False	Strong
1137	92	154	0.069	0	True	True	False	Weak
1138	102	99	0.005	0	True	True	False	Strong
1139	107	83	0.2645	0	False	False	False	Weak
1140	124	114	1	0	False	False	False	Weak
1141	92	203	0.609	0	False	False	False	Weak
1142	106	104	1	0	False	False	False	Weak
1143	100	192	1	0	False	False	False	Weak
1144	118	144	0.117	0	False	False	False	Weak
1145	121	93	0.176	0	False	False	False	Weak
1146	100	121	0	0	True	True	False	Strong
1147	94	167	0.0215	0	True	True	False	Strong
1148	111	105	1	0	False	False	False	Weak
1149	107	100	0.0915	0	True	True	False	Weak
1150	111	98	0.1055	0	False	False	False	Weak
1151	82	52	0.364	0	False	False	False	Weak
1152	111	92	0	0	True	True	False	Strong
1153	112	68	1	0	False	False	False	Weak
1154	104	164	1	0	False	False	False	Weak
1155	123	105	0.6265	0	False	False	False	Weak
1156	106	31	0.189	0	False	False	False	Weak
1157	89	65	0.0785	0	True	True	False	Weak
1158	111	84	0.0525	0	True	True	False	Weak
1159	100	101	1	0	False	False	False	Weak
1160	92	84	0.447	0	False	False	False	Weak
1161	100	178	0.512	0	False	False	False	Weak
1162	111	70	0.0522	0	True	True	False	Weak
1163	109	72	0.1115	0	False	False	False	Noise
1164	107	75	0.118	0	False	False	False	Noise
1165	99	180	0.8025	0	False	False	False	Weak
1166	94	80	0.0675	0	True	True	False	Weak
1167	98	68	0.074	0	True	True	False	Weak
1168	96	91	0.022	0	True	True	False	Strong
1169	117	91	0	0	True	True	False	Strong
1170	80	183	0.0925	0	True	True	False	Weak
1171	83	169	1	0	False	False	False	Weak
1172	90	53	0.729	0	False	False	False	Weak
1173	79	59	0.0377893	0	True	True	False	Strong
1174	92	51	0.235	0	False	False	False	Weak
1175	103	29	0.15	0	False	False	False	Weak
1176	101	61	1	0	False	False	False	Weak
1177	109	75	1	0	False	False	False	Weak
1178	109	74	0.4315	0	False	False	False	Weak
1179	86	79	1	0	False	False	False	Noise
1180	123	66	0.0225	0	True	True	False	Strong
1181	110	112	0.1595	0	False	False	False	Weak
1182	98	229	0.0521	0	True	True	False	Weak
1183	117	133	1	0	False	False	False	Noise
1184	101	284	1	0	False	False	False	Weak
1185	95	95	0.0895	0	True	True	False	Weak
1186	109	73	1	0	False	False	False	Weak
1187	118	228	0.4055	0	False	False	False	Weak
1188	113	72	0.1885	0	False	False	False	Weak
1189	119	61	0.0105	0	True	True	False	Strong
1190	103	101	1	0	False	False	False	Weak
1191	122	85	1	0	False	False	False	Weak
1192	110	89	1	0	False	False	False	Weak
1193	111	59	0.4615	0	False	False	False	Weak
1194	131	91	1	0	False	False	False	Weak
1195	94	140	1	0	False	False	False	Weak
1196	73	300	1	0	False	False	False	Weak
1197	110	70	0.062412	0	True	True	False	Weak
1198	79	68	0.0045	0	True	True	False	Strong
1199	88	67	0.416	0	False	False	False	Weak
1200	98	87	0.5775	0	False	False	False	Weak
1201	105	108	0.0542	0	True	True	False	Weak
1202	103	99	1	0	False	False	False	Weak
1203	101	48	0.0215	0	True	True	False	Strong
1204	92	88	0.0015	0	True	True	False	Strong
1205	116	72	0.2025	0	False	False	False	Weak
1206	113	73	0.8395	0	False	False	False	Weak
1207	84	84	0	0.5471	True	True	True	Strong
1208	104	63	1	0	False	False	False	Weak
1209	104	45	0.0265	0	True	True	False	Strong
1210	110	49	0.4005	0	False	False	False	Weak
1211	105	72	0.3225	0	False	False	False	Weak
1212	116	55	0.268	0	False	False	False	Weak
1213	105	77	1	0	False	False	False	Weak
1214	98	70	1	0	False	False	False	Weak
1215	105	76	1	0	False	False	False	Weak
1216	110	45	1	0	False	False	False	Weak
1217	94	71	0.057931	0	True	True	False	Weak
1218	95	78	1	0	False	False	False	Weak
1219	96	88	0.2925	0	False	False	False	Weak
1220	102	54	0.442	0	False	False	False	Weak
1221	94	100	1	0	False	False	False	Weak
1222	116	72	0.3175	0	False	False	False	Weak
1223	102	59	0.527	0	False	False	False	Weak
1224	112	71	0.082	0	True	True	False	Weak
1225	77	74	0.335	0	False	False	False	Weak
1226	125	106	0.164	0	False	False	False	Weak
1227	112	75	0.0594595	0	True	True	False	Weak
1228	116	78	0.0560824	0	True	True	False	Weak
1229	100	72	0.281	0	False	False	False	Weak
1230	104	63	0.0501	0	True	True	False	Weak
1231	149	47	0.796	0	False	False	False	Weak
1232	161	60	0.0175	0	False	False	False	Weak
1233	161	71	0.5725	0	False	False	False	Noise
1234	146	45	0.657	0	False	False	False	Noise
1235	132	47	0.7845	0	False	False	False	Weak
1236	133	47	0.643	0	False	False	False	Weak
1237	149	79	0	0	True	True	False	Strong
1238	149	56	0.211	0	False	False	False	Weak
1239	143	34	0.3045	0	False	False	False	Weak
1240	137	45	0.686	0	False	False	False	Weak
1241	151	50	0.201	0	False	False	False	Weak
1242	158	48	1	0	False	False	False	Weak
1243	155	53	0.477	0	False	False	False	Weak
1244	173	60	0.396	0	False	False	False	Weak
1245	156	73	1	0	False	False	False	Weak
1246	136	47	0.1075	0	False	False	False	Weak
1247	161	43	0.1915	0	False	False	False	Weak
1248	170	53	0.3545	0	False	False	False	Weak
1249	166	46	1	0	False	False	False	Weak
1250	173	31	1	0	False	False	False	Noise
1251	126	50	0.6595	0	False	False	False	Weak
1252	188	57	1	0	False	False	False	Weak
1253	169	45	0.6755	0	False	False	False	Weak
1254	218	40	0.174	0	False	False	False	Weak
1255	147	43	0.3365	0	False	False	False	Weak
1256	137	119	0.4185	0	False	False	False	Weak
1257	165	119	0.3905	0	False	False	False	Weak
1258	151	31	0.239	0	False	False	False	Weak
1259	204	158	0.591	0	False	False	False	Noise
1260	169	83	0.0563256	0	False	False	False	Weak
1261	198	52	1	0	False	False	False	Weak
1262	180	82	0.201	0	False	False	False	Weak
1263	145	50	1	0	False	False	False	Weak
1264	158	114	0.3115	0	False	False	False	Weak
1265	172	74	1	0	False	False	False	Weak
1266	160	74	0.19	0	False	False	False	Weak
1267	169	62	0.1375	0	False	False	False	Weak
1268	215	57	1	0	False	False	False	Weak
1269	142	73	1	0	False	False	False	Weak
1270	144	82	0.5665	0.0564	False	False	False	Weak
1271	177	52	0.2305	0	False	False	False	Weak
1272	166	41	0.2705	0	False	False	False	Weak
1273	185	60	1	0	False	False	False	Weak
1274	187	79	0.1915	0	False	False	False	Weak
1275	176	83	0	0	True	True	False	Strong
1276	133	229	0.229	0	False	False	False	Noise
1277	140	52	0.6585	0	False	False	False	Noise
1278	136	52	0.665	0	False	False	False	Noise
1279	192	88	0.417	0	False	False	False	Weak
1280	143	65	1	0	False	False	False	Weak
1281	160	63	0.4155	0	False	False	False	Weak
1282	148	75	0.3935	0	False	False	False	Weak
1283	119	136	0.0195	0.3612	True	True	True	Strong
1284	178	82	1	0	False	False	False	Noise
1285	179	57	0.1575	0	False	False	False	Weak
1286	108	47	1	0	False	False	False	Weak
1287	139	81	1	0	False	False	False	Weak
1288	116	57	0.4895	0	False	False	False	Weak
1289	165	89	0.1655	0	False	False	False	Weak
1290	174	89	0.225	0	False	False	False	Weak
1291	156	80	1	0	False	False	False	Weak
1292	174	77	1	0	False	False	False	Weak
1293	204	99	1	0	False	False	False	Noise
1294	104	70	0.4625	0	False	False	False	Weak
1295	115	73	0.2975	0	False	False	False	Weak
1296	79	66	0.266	0	False	False	False	Weak
1297	106	204	0.4805	0	False	False	False	Weak
1298	146	120	0.1805	0	False	False	False	Weak
1299	139	120	0.1935	0	False	False	False	Weak
1300	124	288	0.094	0	False	False	False	Weak
1301	173	68	0.3815	0	False	False	False	Weak
1302	115	84	1	0	False	False	False	Weak
1303	116	134	1	0	False	False	False	Weak
1304	145	233	0.1025	0	False	False	False	Weak
1305	144	131	1	0	False	False	False	Noise
1306	121	182	1	0	False	False	False	Noise
1307	131	166	0.2775	0	False	False	False	Weak
1308	105	78	0	0.91	True	True	True	Strong
1309	136	59	0.4345	0	False	False	False	Weak
1310	112	77	0.216	0	False	False	False	Weak
1311	142	51	0.227	0	False	False	False	Weak
1312	120	56	1	0	False	False	False	Weak
1313	124	178	1	0	False	False	False	Weak
1314	143	69	1	0	False	False	False	Weak
1315	145	63	1	0	False	False	False	Weak
1316	143	63	1	0	False	False	False	Weak
1317	135	69	0.465	0	False	False	False	Weak
1318	102	73	1	0	False	False	False	Weak
1319	119	98	1	0	False	False	False	Weak
1320	115	101	1	0	False	False	False	Weak
1321	134	74	0.374	0	False	False	False	Weak
1322	110	58	0.491	0	False	False	False	Weak
1323	93	100	0.4655	0	False	False	False	Weak
1324	96	68	0.4675	0	False	False	False	Weak
1325	132	93	0.001	0.2673	True	True	True	Strong
1326	137	201	0.0945	0	False	False	False	Weak
1327	141	105	0.62	0	False	False	False	Weak
1328	107	101	0.206	0	False	False	False	Weak
1329	111	157	0.662	0	False	False	False	Weak
1330	100	143	0.6545	0	False	False	False	Weak
1331	128	64	0.1195	0	False	False	False	Weak
1332	114	139	0.176	0	False	False	False	Weak
1333	98	105	0.172	0	False	False	False	Noise
1334	114	164	0.767	0.0653	False	False	False	Weak
1335	142	181	0.389	0	False	False	False	Weak
1336	103	165	0.536	0	False	False	False	Noise
1337	131	150	1	0	False	False	False	Weak
1338	149	109	0.0795	0.1381	True	True	False	Weak
1339	129	151	0.0825	0	False	False	False	Weak
1340	131	192	0.4265	0	False	False	False	Weak
1341	144	193	0.375	0	False	False	False	Weak
1342	159	232	0.1535	0	False	False	False	Weak
1343	145	135	0.235	0	False	False	False	Weak
1344	153	150	0.069	0	True	True	False	Weak
1345	140	168	0.0516	0	False	False	False	Weak
1346	117	98	0.447	0	False	False	False	Weak
1347	126	154	0.448	0	False	False	False	Noise
1348	133	322	0.4485	0	False	False	False	Weak
1349	128	194	0.321	0	False	False	False	Weak
1350	142	129	0.437	0	False	False	False	Noise
1351	133	107	0.4765	0	False	False	False	Weak
1352	118	271	0.119	0	False	False	False	Weak
1353	134	117	0.257	0	False	False	False	Weak
1354	103	84	0.218	0	False	False	False	Weak
1355	122	107	0.4325	0	False	False	False	Weak
1356	116	116	0.0025	0	True	True	False	Strong
1357	127	152	0.091	0	True	True	False	Noise
1358	110	133	0	0.4378	True	True	True	Strong
1359	115	125	0.0365	0.2672	True	True	True	Weak
1360	128	112	0.1325	0	False	False	False	Weak
1361	124	195	1	0	False	False	False	Noise
1362	153	112	0.2495	0	False	False	False	Weak
1363	140	160	0.1155	0	False	False	False	Weak
1364	128	68	0.03	0	True	True	False	Strong
1365	102	56	0.4245	0	False	False	False	Weak
1366	135	48	0.3815	0	False	False	False	Weak
1367	116	119	1	0	False	False	False	Weak
1368	131	41	0.5095	0	False	False	False	Weak
1369	108	56	0.5265	0	False	False	False	Weak
1370	107	69	0.507	0	False	False	False	Weak
1371	102	67	0.525	0	False	False	False	Weak
1372	111	118	0.4035	0	False	False	False	Weak
1373	134	74	0.3115	0	False	False	False	Weak
1374	104	47	1	0	False	False	False	Weak
1375	117	62	0.16	0	False	False	False	Weak
1376	128	110	0.034	0	False	False	False	Weak
1377	125	113	1	0	False	False	False	Weak
1378	123	119	0	0	True	True	False	Strong
1379	107	121	0.443	0	False	False	False	Weak
1380	128	151	1	0	False	False	False	Noise
1381	148	81	0	0	True	True	False	Strong
1382	135	123	1	0	False	False	False	Weak
1383	146	178	1	0	False	False	False	Noise
1384	131	145	0.331	0	False	False	False	Noise
1385	139	133	1	0	False	False	False	Noise
1386	114	161	0.5285	0	False	False	False	Weak
1387	136	119	0.026	0	True	True	False	Strong
1388	128	158	0.1695	0.0997	False	False	False	Weak
1389	124	145	0.4345	0	False	False	False	Weak
1390	121	131	0.638	0	False	False	False	Weak
1391	119	224	0.009	0	False	False	False	Weak
1392	127	285	0.1135	0	False	False	False	Weak
1393	135	137	0.279	0	False	False	False	Weak
1394	125	173	0.2595	0	False	False	False	Weak
1395	119	220	0	0.4581	True	True	True	Strong
1396	154	294	1	0	False	False	False	Weak
1397	131	151	0.1135	0	False	False	False	Weak
1398	130	129	0.222	0	False	False	False	Noise
1399	130	181	0.5865	0	False	False	False	Noise
1400	124	177	0.3745	0	False	False	False	Weak
1401	106	198	0.3555	0	False	False	False	Weak
1402	124	147	0.664	0	False	False	False	Noise
1403	117	120	1	0	False	False	False	Noise
1404	109	182	1	0	False	False	False	Noise
1405	132	134	0.191	0	False	False	False	Weak
1406	120	174	1	0	False	False	False	Noise
1407	120	147	0.103	0	False	False	False	Weak
1408	134	186	1	0	False	False	False	Noise
1409	161	206	1	0	False	False	False	Noise
1410	145	105	0	0	True	True	False	Strong
1411	119	237	0.44	0	False	False	False	Weak
1412	142	131	0.3765	0	False	False	False	Weak
1413	130	161	0.204	0	False	False	False	Weak
1414	138	245	0.0005	0.3802	True	True	True	Strong
1415	123	151	0.179	0	False	False	False	Weak
1416	119	56	0.2835	0	False	False	False	Weak
1417	111	119	1	0	False	False	False	Weak
1418	111	119	1	0	False	False	False	Weak
1419	144	115	1	0	False	False	False	Weak
1420	109	80	0.0547	0	True	True	False	Weak
1421	142	49	0.4225	0	False	False	False	Weak
1422	108	97	0.0035	0	True	True	False	Strong
1423	107	105	0.467	0	False	False	False	Weak
1424	143	63	0.513	0	False	False	False	Weak
1425	133	48	1	0	False	False	False	Weak
1426	122	56	0.4215	0	False	False	False	Weak
1427	126	59	0.3905	0	False	False	False	Weak
1428	113	48	0.3065	0	False	False	False	Weak
1429	116	74	0.0015	0	True	True	False	Strong
1430	146	38	0.3285	0	False	False	False	Weak
1431	120	41	0.4385	0	False	False	False	Weak
1432	133	40	0.1675	0	False	False	False	Weak
1433	114	83	0.277	0	False	False	False	Weak
1434	131	67	0.259	0	False	False	False	Weak
1435	132	48	0.0015	0	True	True	False	Strong
1436	108	70	0.3265	0	False	False	False	Weak
1437	144	59	0	0	True	True	False	Strong
1438	126	43	0.042232	0	False	False	False	Weak
1439	154	69	0.549	0	False	False	False	Weak
1440	125	58	0.1095	0	False	False	False	Weak
1441	125	57	0.0539	0	True	True	False	Weak
1442	103	54	0.0455	0	False	False	False	Weak
1443	127	75	0.1435	0	False	False	False	Weak
1444	120	67	0.086	0	True	True	False	Weak
1445	109	62	0.362	0	False	False	False	Weak
1446	124	57	0.264	0	False	False	False	Weak
1447	132	43	0.4225	0	False	False	False	Weak
1448	137	42	0.368	0	False	False	False	Weak
1449	139	23	0.833	0	False	False	False	Weak
1450	138	51	0.0135	0	True	True	False	Strong
1451	99	47	1	0	False	False	False	Weak
1452	123	48	0.2215	0	False	False	False	Weak
1453	126	86	0.4715	0	False	False	False	Weak
1454	100	87	0.021	0	True	True	False	Weak
1455	123	85	0.1105	0	False	False	False	Weak
1456	104	102	0.119	0	False	False	False	Weak
1457	132	145	0.1165	0	False	False	False	Weak
1458	145	145	0.0845	0	False	False	False	Weak
1459	129	186	0.03	0.2345	True	True	True	Strong
1460	130	124	0.13	0	False	False	False	Weak
1461	129	85	0.3505	0	False	False	False	Noise
1462	140	183	0.0225	0	True	True	False	Strong
1463	118	67	0.381	0	False	False	False	Weak
1464	126	57	1	0	False	False	False	Weak
1465	119	75	0.3375	0	False	False	False	Weak
1466	130	74	0.0461	0	True	True	False	Strong
1467	153	123	1	0	False	False	False	Weak
1468	117	97	0.0965	0	True	True	False	Weak
1469	127	112	0.358	0	False	False	False	Weak
1470	137	107	0.2385	0	False	False	False	Weak
1471	136	181	0.357	0	False	False	False	Noise
1472	127	153	1	0	False	False	False	Weak
1473	129	114	1	0	False	False	False	Noise
1474	157	172	0.365	0	False	False	False	Weak
1475	137	206	0.3755	0.0918	False	False	False	Weak
1476	117	61	0.501	0	False	False	False	Weak
1477	136	245	0.9165	0	False	False	False	Weak
1478	114	138	0.0065	0	True	True	False	Strong
1479	100	79	0.4825	0	False	False	False	Weak
1480	123	150	0.1025	0	False	False	False	Noise
1481	121	66	0.43	0	False	False	False	Weak
1482	118	70	0.4875	0	False	False	False	Noise
1483	118	70	0.4875	0	False	False	False	Noise
1484	142	44	1	0	False	False	False	Noise
1485	114	82	0	0.5688	True	True	True	Strong
1486	142	85	0.0458	0	False	False	False	Weak
1487	139	69	1	0	False	False	False	Weak
1488	122	111	1	0	False	False	False	Weak
1489	117	108	0.433	0	False	False	False	Weak
1490	120	77	1	0	False	False	False	Weak
1491	135	87	0.0035	0	True	True	False	Strong
1492	109	161	0.4255	0	False	False	False	Weak
1493	130	66	0.0905	0	False	False	False	Weak
1494	142	64	0.189	0	False	False	False	Noise
1495	132	126	0.2225	0	False	False	False	Weak
1496	114	33	0.0245	0	True	True	False	Weak
1497	111	56	1	0	False	False	False	Weak
1498	128	63	1	0	False	False	False	Weak
1499	122	104	0.2605	0	False	False	False	Weak
1500	125	51	1	0	False	False	False	Weak
1501	120	41	0.5545	0	False	False	False	Noise
1502	112	78	0	0.2823	True	True	True	Strong
1503	147	107	0.0795	0	True	True	False	Weak
1504	136	42	0.3125	0	False	False	False	Weak
1505	117	65	1	0	False	False	False	Weak
1506	127	37	0.336	0	False	False	False	Weak
1507	118	34	1	0	False	False	False	Noise
1508	117	33	1	0	False	False	False	Noise
1509	122	43	0.2415	0	False	False	False	Weak
1510	144	50	1	0	False	False	False	Noise
1511	144	27	0.4365	0	False	False	False	Weak
1512	135	53	0.4495	0	False	False	False	Weak
1513	120	47	1	0	False	False	False	Weak
1514	130	48	0.208	0	False	False	False	Weak
1515	132	38	0.6945	0	False	False	False	Weak
1516	96	51	0.1555	0	False	False	False	Weak
1517	119	65	0.3615	0	False	False	False	Weak
1518	135	50	0.0765	0	False	False	False	Weak
1519	101	67	0.647	0	False	False	False	Weak
1520	112	94	0.002	0.3092	True	True	True	Strong
1521	108	108	1	0	False	False	False	Weak
1522	110	90	0	0	True	True	False	Strong
1523	121	73	0	0	True	True	False	Strong
1524	137	61	0.1245	0	False	False	False	Weak
1525	112	75	0.0055	0	True	True	False	Strong
1526	139	56	1	0	False	False	False	Weak
1527	120	71	0.001	0.3404	True	True	True	Strong
1528	99	63	0.227	0	False	False	False	Weak
1529	119	73	0.268	0	False	False	False	Weak
1530	114	82	0	0.4898	True	True	True	Strong
1531	122	100	1	0	False	False	False	Weak
1532	140	60	1	0	False	False	False	Weak
1533	146	89	0.218	0	False	False	False	Weak
1534	125	96	0.3435	0	False	False	False	Weak
1535	104	62	1	0	False	False	False	Weak
1536	114	69	0.7205	0	False	False	False	Weak
1537	112	49	0.648	0	False	False	False	Weak
1538	127	50	0.501	0	False	False	False	Weak
1539	127	39	0.643	0	False	False	False	Weak
1540	124	53	0.5045	0	False	False	False	Weak
1541	142	62	0.282	0	False	False	False	Weak
1542	132	60	0.494	0	False	False	False	Weak
1543	117	49	0.032	0	True	True	False	Strong
1544	116	35	0.693	0	False	False	False	Weak
1545	130	48	1	0	False	False	False	Noise
1546	100	32	0.1345	0	False	False	False	Weak
1547	118	74	0.268	0	False	False	False	Weak
1548	102	51	0.3355	0	False	False	False	Weak
1549	126	45	0.7875	0	False	False	False	Weak
1550	121	37	1	0	False	False	False	Weak
1551	138	48	0.128	0	False	False	False	Weak
1552	88	57	0.6975	0	False	False	False	Weak
1553	125	187	0.391	0	False	False	False	Weak
1554	121	51	0.0486	0	False	False	False	Weak
1555	92	92	1	0	False	False	False	Weak
1556	144	86	0.499	0	False	False	False	Weak
1557	126	97	0.0935	0	False	False	False	Weak
1558	134	79	0.0404187	0	False	False	False	Weak
1559	94	55	1	0	False	False	False	Noise
1560	120	57	1	0	False	False	False	Noise
1561	126	67	1	0	False	False	False	Weak
1562	111	68	1	0	False	False	False	Weak
1563	115	144	0.729	0	False	False	False	Weak
1564	160	118	0.024	0	False	False	False	Weak
1565	118	82	0.113	0	False	False	False	Weak
1566	131	112	0.4005	0	False	False	False	Noise
1567	129	61	0.0115	0	False	False	False	Weak
1568	110	253	0.0501	0	True	True	False	Weak
1569	119	232	0.394	0	False	False	False	Weak
1570	115	81	1	0	False	False	False	Noise
1571	126	56	0.4005	0	False	False	False	Noise
1572	126	76	1	0	False	False	False	Weak
1573	125	100	0.193	0	False	False	False	Weak
1574	131	52	0.1095	0	False	False	False	Weak
1575	116	60	0.269	0	False	False	False	Weak
1576	112	76	0.018	0	True	True	False	Strong
1577	142	61	0.466	0	False	False	False	Weak
1578	129	61	0.105	0	False	False	False	Weak
1579	111	39	0.527	0	False	False	False	Noise
1580	136	75	0.3415	0	False	False	False	Weak
1581	115	62	0.0205	0.1907	True	True	True	Strong
1582	118	66	0.678	0	False	False	False	Weak
1583	127	63	0.292	0	False	False	False	Weak
1584	110	91	1	0	False	False	False	Noise
1585	120	74	0.513	0	False	False	False	Weak
1586	116	39	0.6145	0	False	False	False	Noise
1587	131	89	1	0	False	False	False	Weak
1588	122	36	0.1005	0	False	False	False	Noise
1589	97	93	1	0	False	False	False	Noise
1590	116	54	1	0	False	False	False	Noise
1591	128	40	0.173	0	False	False	False	Weak
1592	117	80	0.3525	0	False	False	False	Weak
1593	164	66	0.0425344	0	False	False	False	Weak
1594	158	54	1	0	False	False	False	Weak
1595	148	50	0.1075	0	False	False	False	Noise
1596	123	98	0.773	0	False	False	False	Noise
1597	149	36	0.1535	0	False	False	False	Weak
1598	126	41	0.207	0	False	False	False	Weak
1599	139	60	1	0	False	False	False	Noise
1600	131	42	0.1775	0	False	False	False	Weak
1601	144	56	0.176	0	False	False	False	Weak
1602	127	61	0.643	0	False	False	False	Weak
1603	132	39	0.003	0	True	True	False	Strong
1604	131	55	0.295	0	False	False	False	Weak
1605	141	54	0.159	0	False	False	False	Weak
1606	134	59	0.151	0	False	False	False	Weak
1607	127	89	0.4385	0	False	False	False	Weak
1608	130	77	0.1055	0	False	False	False	Weak
1609	107	44	0.089	0	True	True	False	Weak
1610	133	171	0.3365	0	False	False	False	Weak
1611	135	98	0.463	0	False	False	False	Noise
1612	134	54	0.412	0	False	False	False	Weak
1613	130	87	0.3775	0	False	False	False	Weak
1614	158	39	0.3725	0	False	False	False	Weak
1615	117	97	1	0	False	False	False	Weak
1616	127	60	0.7025	0	False	False	False	Noise
1617	115	64	1	0	False	False	False	Weak
1618	131	96	0.3335	0	False	False	False	Noise
1619	121	30	0.0075	0	True	True	False	Strong
1620	131	42	0.379	0	False	False	False	Weak
1621	138	61	0.8945	0	False	False	False	Weak
1622	134	44	0.508	0	False	False	False	Noise
1623	122	69	0.141	0	False	False	False	Weak
1624	128	63	0.197	0	False	False	False	Weak
1625	145	91	0.0521	0	False	False	False	Weak
1626	111	43	0.3795	0	False	False	False	Weak
1627	118	42	0.513	0	False	False	False	Weak
1628	129	47	0.072	0	True	True	False	Weak
1629	142	46	0	0	True	True	False	Strong
1630	148	61	0.1225	0	False	False	False	Weak
1631	132	60	0.0035	0	True	True	False	Strong
1632	121	72	0.782	0	False	False	False	Noise
1633	115	64	1	0	False	False	False	Weak
1634	120	76	1	0	False	False	False	Weak
1635	117	56	0.1995	0	False	False	False	Weak
1636	112	56	0.3495	0	False	False	False	Weak
1637	121	48	1	0	False	False	False	Weak
1638	145	186	0.34	0	False	False	False	Noise
1639	141	72	1	0	False	False	False	Weak
1640	111	62	0.2525	0	False	False	False	Weak
1641	139	54	0.4665	0	False	False	False	Weak
1642	115	57	0.5575	0	False	False	False	Weak
1643	133	96	1	0	False	False	False	Weak
1644	134	62	0.5175	0	False	False	False	Noise
1645	146	94	0.0484	0	False	False	False	Weak
1646	138	142	0.1915	0	False	False	False	Weak
1647	122	96	0.45	0	False	False	False	Noise
1648	131	57	0.0785	0	False	False	False	Weak
1649	143	44	0.0570798	0	False	False	False	Weak
1650	122	61	0.235	0	False	False	False	Weak
1651	116	51	0.937	0	False	False	False	Weak
1652	109	45	0.2715	0	False	False	False	Weak
1653	143	66	0.2185	0	False	False	False	Weak
1654	139	55	1	0	False	False	False	Weak
1655	127	65	0.021	0	False	False	False	Weak
1656	123	109	0.027	0	False	False	False	Weak
1657	123	53	0.2835	0	False	False	False	Weak
1658	111	47	1	0	False	False	False	Weak
1659	135	62	1	0	False	False	False	Noise
1660	146	235	0.3265	0	False	False	False	Weak
1661	148	85	1	0	False	False	False	Noise
1662	114	121	0.308	0	False	False	False	Weak
1663	98	159	0.238	0	False	False	False	Weak
1664	95	72	1	0	False	False	False	Weak
1665	120	91	0.4435	0	False	False	False	Weak
1666	147	102	0.3605	0	False	False	False	Weak
1667	111	127	0.188	0	False	False	False	Weak
1668	132	66	0.1265	0	False	False	False	Weak
1669	111	76	1	0	False	False	False	Weak
1670	127	57	0.4005	0	False	False	False	Weak
1671	122	74	0.362	0	False	False	False	Weak
1672	124	84	0.0522	0	True	True	False	Weak
1673	119	93	0.1125	0	False	False	False	Weak
1674	111	61	1	0	False	False	False	Weak
1675	122	60	1	0	False	False	False	Noise
1676	127	62	0.341	0	False	False	False	Noise
1677	121	48	0.269	0	False	False	False	Weak
1678	114	161	1	0	False	False	False	Weak
1679	137	37	0.363	0	False	False	False	Weak
1680	132	60	1	0	False	False	False	Weak
1681	136	57	1	0	False	False	False	Weak
1682	110	49	0.9515	0	False	False	False	Weak
1683	106	43	0	0	True	True	False	Strong
1684	128	54	0.0125	0	True	True	False	Strong
1685	120	126	0.299	0	False	False	False	Weak
1686	115	118	0.5745	0	False	False	False	Weak
1687	109	68	0.002	0	True	True	False	Strong
1688	125	67	0.124	0	False	False	False	Weak
1689	96	43	0	0	True	True	False	Strong
1690	125	58	0.3645	0	False	False	False	Weak
1691	141	47	0.379	0	False	False	False	Weak
1692	109	30	1	0	False	False	False	Weak
1693	148	43	0.0865	0	False	False	False	Weak
1694	129	44	0.3725	0	False	False	False	Weak
1695	109	69	0.531	0	False	False	False	Weak
1696	98	66	1	0	False	False	False	Weak
1697	119	93	0.395	0	False	False	False	Weak
1698	118	63	1	0	False	False	False	Weak
1699	116	86	1	0	False	False	False	Weak
1700	112	84	1	0	False	False	False	Weak
1701	119	71	0.4025	0	False	False	False	Weak
1702	130	69	0.4125	0	False	False	False	Weak
1703	127	67	1	0	False	False	False	Weak
1704	109	140	0.0095	0	True	True	False	Subclone
1705	161	100	0.2805	0	False	False	False	Weak
1706	132	94	0.2745	0	False	False	False	Weak
1707	128	84	0.2475	0	False	False	False	Noise
1708	134	63	0.01	0	False	False	False	Noise
1709	114	75	0.1145	0	False	False	False	Weak
1710	112	174	0.528	0	False	False	False	Weak
1711	119	64	0.6495	0	False	False	False	Noise
1712	102	116	0.1725	0	False	False	False	Weak
1713	112	110	0.35	0	False	False	False	Noise
1714	117	114	0.18	0	False	False	False	Weak
1715	114	135	1	0	False	False	False	Noise
1716	149	91	0.035	0	True	True	False	Weak
1717	126	32	0.6735	0	False	False	False	Weak
1718	126	70	0.092	0	True	True	False	Weak
1719	119	100	0.4855	0	False	False	False	Weak
1720	138	109	0.0785	0	False	False	False	Weak
1721	116	228	1	0	False	False	False	Weak
1722	118	228	1	0	False	False	False	Weak
1723	155	73	1	0	False	False	False	Noise
1724	113	180	1	0	False	False	False	Weak
1725	148	54	1	0	False	False	False	Noise
1726	151	56	0.4	0	False	False	False	Weak
1727	108	58	0.427	0	False	False	False	Noise
1728	133	57	0.2075	0	False	False	False	Weak
1729	154	90	0.4505	0	False	False	False	Weak
1730	122	74	0.4945	0	False	False	False	Noise
1731	125	87	0.3005	0	False	False	False	Weak
1732	121	83	1	0	False	False	False	Weak
1733	135	69	0.1035	0	False	False	False	Weak
1734	151	74	0.2255	0	False	False	False	Weak
1735	139	50	0.3185	0	False	False	False	Weak
1736	106	80	0.383	0	False	False	False	Noise
1737	148	58	0.083	0	False	False	False	Weak
1738	126	79	1	0	False	False	False	Weak
1739	96	33	0.103	0	False	False	False	Weak
1740	134	81	0.359	0	False	False	False	Weak
1741	142	51	0.293	0	False	False	False	Weak
1742	132	99	1	0	False	False	False	Weak
1743	135	62	1	0	False	False	False	Weak
1744	133	85	0.235	0.1242	False	False	False	Weak
1745	110	55	1	0	False	False	False	Weak
1746	146	76	0.321	0	False	False	False	Weak
1747	144	35	0.0005	0	True	True	False	Strong
1748	121	50	0.333	0	False	False	False	Weak
1749	108	126	1	0	False	False	False	Weak
1750	117	29	0.0965	0	False	False	False	Weak
1751	129	74	0.1665	0	False	False	False	Weak
1752	119	49	0.1515	0	False	False	False	Weak
1753	116	73	1	0	False	False	False	Weak
1754	110	65	1	0	False	False	False	Weak
1755	133	43	1	0	False	False	False	Weak
1756	113	67	0.0035	0	True	True	False	Strong
1757	93	73	0.4665	0	False	False	False	Weak
1758	142	127	1	0	False	False	False	Noise
1759	130	62	0.667	0	False	False	False	Weak
1760	119	90	0.319	0	False	False	False	Weak
1761	136	82	0.586	0	False	False	False	Weak
1762	124	268	1	0	False	False	False	Weak
1763	127	55	1	0	False	False	False	Noise
1764	114	98	0.4575	0	False	False	False	Weak
1765	130	101	0.0384453	0	False	False	False	Weak
1766	97	80	0.4895	0	False	False	False	Weak
1767	126	115	0.1115	0	False	False	False	Weak
1768	119	97	1	0	False	False	False	Weak
1769	118	101	1	0	False	False	False	Weak
1770	105	127	1	0	False	False	False	Noise
1771	120	78	0.0175	0	False	False	False	Weak
1772	128	66	0.263	0	False	False	False	Weak
1773	125	66	1	0	False	False	False	Noise
1774	134	70	0.866	0	False	False	False	Noise
1775	120	96	1	0	False	False	False	Noise
1776	135	97	1	0	False	False	False	Noise
1777	109	77	0.1755	0	False	False	False	Weak
1778	146	77	0.58	0	False	False	False	Weak
1779	140	42	0.3815	0	False	False	False	Weak
1780	145	111	0.16	0	False	False	False	Weak
1781	128	85	1	0	False	False	False	Weak
1782	126	86	1	0	False	False	False	Noise
1783	114	78	1	0	False	False	False	Weak
1784	119	74	1	0	False	False	False	Weak
1785	113	89	0.0409794	0	False	False	False	Weak
1786	138	79	0.0885	0	False	False	False	Weak
1787	101	69	0.5705	0	False	False	False	Weak
1788	150	81	1	0	False	False	False	Weak
1789	103	46	1	0	False	False	False	Noise
1790	125	169	0.1425	0	False	False	False	Noise
1791	140	61	1	0	False	False	False	Noise
1792	127	153	0.2085	0	False	False	False	Weak
1793	129	153	0.2215	0	False	False	False	Weak
1794	150	62	0.565	0	False	False	False	Weak
1795	114	83	0.1385	0	False	False	False	Weak
1796	131	57	0.077	0	True	True	False	Weak
1797	112	39	0.327	0	False	False	False	Noise
1798	133	35	0.0375123	0	True	True	False	Strong
1799	105	50	0.002	0.3332	True	True	True	Subclone
1800	136	34	1	0	False	False	False	Weak
1801	142	78	1	0	False	False	False	Noise
1802	143	63	0.281	0	False	False	False	Weak
1803	125	128	0.4505	0	False	False	False	Noise
1804	119	94	0.1575	0	False	False	False	Noise
1805	141	59	0.184	0	False	False	False	Weak
1806	130	61	1	0	False	False	False	Weak
1807	123	79	0.2695	0	False	False	False	Weak
1808	119	139	0	0	True	True	False	Strong
1809	141	69	0.5135	0	False	False	False	Weak
1810	123	49	0.459	0	False	False	False	Weak
1811	117	56	1	0	False	False	False	Weak
1812	131	49	0.272	0	False	False	False	Weak
1813	96	133	0.258	0	False	False	False	Noise
1814	125	69	0.0095	0	False	False	False	Weak
1815	149	67	0.2495	0	False	False	False	Weak
1816	125	68	0.075	0	True	True	False	Weak
1817	120	51	0.3985	0	False	False	False	Weak
1818	131	49	0.0422184	0	True	True	False	Strong
1819	130	37	1	0	False	False	False	Weak
1820	116	46	0.175	0	False	False	False	Noise
1821	132	50	0.11	0	False	False	False	Weak
1822	121	20	0.0454	0	False	False	False	Weak
1823	128	31	0.152	0	False	False	False	Weak
1824	127	46	1	0	False	False	False	Weak
1825	151	38	0.0775	0	True	True	False	Weak
1826	126	41	0.0569395	0	True	True	False	Weak
1827	122	64	0.177	0	False	False	False	Weak
1828	111	54	0.2085	0	False	False	False	Weak
1829	102	45	0.553	0	False	False	False	Weak
1830	150	41	0.9745	0	False	False	False	Weak
1831	146	43	0.241	0	False	False	False	Weak
1832	134	42	0.4045	0	False	False	False	Weak
1833	127	35	0.7235	0	False	False	False	Weak
1834	125	38	1	0	False	False	False	Noise
1835	117	65	0.4335	0	False	False	False	Weak
1836	110	42	1	0	False	False	False	Weak
1837	115	34	0.4315	0	False	False	False	Weak
1838	109	49	1	0	False	False	False	Weak
1839	87	49	0.0005	0.4095	True	True	True	Subclone
1840	112	50	0.516	0	False	False	False	Noise
1841	156	56	0.1725	0	False	False	False	Weak
1842	124	59	0.215	0	False	False	False	Weak
1843	119	45	0.028	0	False	False	False	Weak
1844	102	56	0.028	0	True	True	False	Weak
1845	112	54	0.002	0	True	True	False	Strong
1846	123	69	1	0	False	False	False	Noise
1847	129	45	1	0	False	False	False	Weak
1848	132	35	0.0566327	0	True	True	False	Noise
1849	102	62	1	0	False	False	False	Weak
1850	107	47	0.2795	0	False	False	False	Weak
1851	136	62	1	0	False	False	False	Noise
1852	114	58	1	0	False	False	False	Noise
1853	132	58	1	0	False	False	False	Noise
1854	131	57	0.1635	0	False	False	False	Weak
1855	95	42	0.307	0	False	False	False	Weak
1856	131	81	0.0537	0	True	True	False	Weak
1857	173	42	0	0	True	True	False	Strong
1858	126	37	1	0	False	False	False	Weak
1859	112	69	0.1995	0	False	False	False	Weak
1860	127	69	0.561	0	False	False	False	Weak
1861	113	95	0.0025	0	True	True	False	Strong
1862	127	56	1	0	False	False	False	Weak
1863	130	83	0.5105	0	False	False	False	Weak
1864	94	74	0.018	0	True	True	False	Strong
1865	112	79	0.4835	0	False	False	False	Weak
1866	100	36	0	0.4424	True	True	True	Strong
1867	119	66	0.228	0	False	False	False	Weak
1868	122	36	0.2085	0	False	False	False	Weak
1869	137	62	0.001	0	False	False	False	Noise
1870	134	65	0.0404507	0	False	False	False	Weak
1871	136	61	0.388	0	False	False	False	Weak
1872	138	30	0.189	0	False	False	False	Weak
1873	120	51	0.7035	0	False	False	False	Weak
1874	125	77	0.4075	0	False	False	False	Weak
1875	135	64	0.0855	0	False	False	False	Weak
1876	118	61	0.001	0	True	True	False	Subclone
1877	133	61	1	0	False	False	False	Weak
1878	128	72	1	0	False	False	False	Weak
1879	92	44	1	0	False	False	False	Noise
1880	106	43	1	0	False	False	False	Noise
1881	146	70	0	0	False	False	False	Weak
1882	111	128	1	0	False	False	False	Weak
1883	120	178	0.0517	0	False	False	False	Weak
1884	140	66	0.826	0	False	False	False	Noise
1885	119	67	1	0	False	False	False	Noise
1886	118	49	0.102	0	False	False	False	Weak
1887	115	66	0.353	0	False	False	False	Weak
1888	114	44	0.616	0	False	False	False	Weak
1889	124	43	0.6585	0	False	False	False	Weak
1890	127	55	0.004	0.2735	True	True	True	Strong
1891	121	50	1	0	False	False	False	Weak
1892	105	45	1	0	False	False	False	Weak
1893	128	93	0	0.5623	True	True	True	Strong
1894	133	45	1	0	False	False	False	Noise
1895	121	29	0.4075	0	False	False	False	Weak
1896	102	59	1	0	False	False	False	Weak
1897	139	41	0.269	0	False	False	False	Weak
1898	131	37	0.28	0	False	False	False	Weak
1899	119	38	0.5085	0	False	False	False	Weak
1900	127	108	0.4135	0	False	False	False	Weak
1901	99	42	0.747	0	False	False	False	Weak
1902	126	62	0	0	True	True	False	Strong
1903	128	50	0.0945	0	False	False	False	Weak
1904	129	58	1	0	False	False	False	Weak
1905	135	64	0.472	0	False	False	False	Weak
1906	138	60	1	0	False	False	False	Weak
1907	138	64	0.543	0	False	False	False	Weak
1908	129	52	0.2425	0	False	False	False	Weak
1909	136	50	0.0414544	0	False	False	False	Weak
1910	131	67	1	0	False	False	False	Weak
1911	127	39	0.1165	0	False	False	False	Weak
1912	126	62	1	0	False	False	False	Weak
1913	120	41	1	0	False	False	False	Noise
1914	140	48	0.3975	0	False	False	False	Noise
1915	124	42	1	0	False	False	False	Noise
1916	131	44	1	0	False	False	False	Weak
1917	137	44	1	0	False	False	False	Weak
1918	141	48	0.183	0	False	False	False	Weak
1919	108	47	0.7035	0	False	False	False	Noise
1920	130	73	0.3825	0	False	False	False	Weak
1921	169	35	0.1125	0	False	False	False	Weak
1922	106	55	0.5805	0	False	False	False	Weak
1923	121	38	0.8	0	False	False	False	Weak
1924	121	39	0.4895	0	False	False	False	Weak
1925	120	55	0.0025	0	True	True	False	Strong
1926	111	54	0.3895	0	False	False	False	Weak
1927	121	60	1	0	False	False	False	Weak
1928	119	39	1	0	False	False	False	Noise
1929	107	42	1	0	False	False	False	Weak
1930	150	52	1	0	False	False	False	Weak
1931	132	60	0.267	0	False	False	False	Weak
1932	117	55	0	0	True	True	False	Strong
1933	132	63	0.354	0	False	False	False	Weak
1934	109	69	0.371	0	False	False	False	Noise
1935	119	63	0.234	0	False	False	False	Weak
1936	119	42	1	0	False	False	False	Weak
1937	134	66	0.2295	0	False	False	False	Weak
1938	126	62	1	0	False	False	False	Weak
1939	132	47	1	0	False	False	False	Weak
1940	127	42	0.084	0	False	False	False	Weak
1941	117	63	0.3105	0	False	False	False	Weak
1942	103	71	0.066	0	False	False	False	Weak
1943	120	60	0.1175	0	False	False	False	Weak
1944	128	54	0.0394176	0	False	False	False	Noise
1945	123	54	0.041639	0	False	False	False	Noise
1946	101	359	0	0.568	True	True	True	Strong
1947	115	86	0.123	0	False	False	False	Weak
1948	122	63	0.316	0	False	False	False	Weak
1949	118	69	0.1395	0	False	False	False	Noise
1950	125	78	1	0	False	False	False	Noise
1951	126	66	1	0	False	False	False	Weak
1952	139	61	1	0	False	False	False	Noise
1953	137	64	1	0	False	False	False	Noise
1954	164	45	1	0	False	False	False	Weak
1955	137	35	1	0	False	False	False	Weak
1956	145	45	1	0	False	False	False	Weak
1957	131	56	0.207	0	False	False	False	Weak
1958	123	42	1	0	False	False	False	Weak
1959	138	36	0.0025	0	True	True	False	Strong
1960	140	37	0.0374438	0	False	False	False	Weak
1961	145	48	0.4645	0	False	False	False	Weak
1962	80	48	0.4275	0	False	False	False	Weak
1963	118	57	1	0	False	False	False	Noise
1964	108	40	1	0	False	False	False	Noise
1965	135	39	1	0	False	False	False	Weak
1966	120	57	0.4555	0	False	False	False	Weak
1967	132	53	0.51	0	False	False	False	Weak
1968	152	48	1	0	False	False	False	Weak
1969	141	81	0.082	0	False	False	False	Weak
1970	138	45	0	0	True	True	False	Strong
1971	93	49	0.5265	0	False	False	False	Weak
1972	113	52	0.501	0	False	False	False	Weak
1973	104	78	0.194	0	False	False	False	Weak
1974	151	56	0.042523	0	False	False	False	Weak
1975	138	65	1	0	False	False	False	Noise
1976	114	46	0.3115	0	False	False	False	Noise
1977	108	37	0.315	0	False	False	False	Weak
1978	106	63	0.1775	0	False	False	False	Weak
1979	130	67	0.7555	0	False	False	False	Weak
1980	143	65	0.76	0	False	False	False	Weak
1981	128	73	0.002	0	True	True	False	Strong
1982	111	89	0	0	True	True	False	Strong
1983	117	157	0.028	0	False	False	False	Weak
1984	128	123	0.1515	0	False	False	False	Weak
1985	127	118	0.577	0	False	False	False	Weak
1986	104	103	0.1435	0	False	False	False	Weak
1987	102	152	0.0305	0	False	False	False	Weak
1988	115	82	1	0	False	False	False	Noise
1989	120	89	0.389	0	False	False	False	Weak
1990	131	84	0.3925	0	False	False	False	Weak
1991	129	70	1	0	False	False	False	Weak
1992	141	105	1	0	False	False	False	Noise
1993	156	121	1	0	False	False	False	Weak
1994	96	107	0.3625	0	False	False	False	Weak
1995	118	78	0.1345	0	False	False	False	Weak
1996	122	109	0.6885	0	False	False	False	Weak
1997	159	105	0.1945	0	False	False	False	Weak
1998	122	124	0.2315	0	False	False	False	Weak
1999	135	79	0.3245	0	False	False	False	Weak
2000	132	98	0.075	0	False	False	False	Weak
2001	124	87	1	0	False	False	False	Weak
2002	141	212	0.099	0	False	False	False	Noise
2003	125	153	1	0	False	False	False	Weak
2004	103	241	0.0115	0	True	True	False	Strong
2005	116	160	0.0005	0.3105	True	True	True	Strong
2006	117	140	0.002	0.2799	True	True	True	Strong
2007	126	85	0.239	0	False	False	False	Weak
2008	126	137	1	0	False	False	False	Weak
2009	114	128	0.005	0.2936	True	True	True	Strong
2010	125	134	0	0	True	True	False	Strong
2011	127	121	1	0	False	False	False	Weak
2012	88	91	0.4065	0	False	False	False	Weak
2013	115	109	0.015	0	True	True	False	Strong
2014	141	162	1	0	False	False	False	Weak
2015	126	177	0.472	0	False	False	False	Weak
2016	113	166	0.222	0	False	False	False	Weak
2017	129	184	0.002	0	True	True	False	Strong
2018	124	158	0.253	0	False	False	False	Weak
2019	124	43	0.3785	0	False	False	False	Noise
2020	142	61	0.104	0	False	False	False	Weak
2021	86	55	1	0	False	False	False	Weak
2022	119	234	0.3835	0	False	False	False	Weak
2023	135	85	0.0035	0	True	True	False	Strong
2024	112	124	0.267	0	False	False	False	Weak
2025	113	84	1	0	False	False	False	Weak
2026	121	61	0.4555	0	False	False	False	Noise
2027	120	61	0.4235	0	False	False	False	Noise
2028	124	147	0.1975	0	False	False	False	Weak
2029	109	126	0.0375123	0.2399	False	False	False	Weak
2030	137	90	0.3505	0	False	False	False	Noise
2031	108	182	0.0477	0	False	False	False	Weak
2032	111	160	0.4855	0	False	False	False	Weak
2033	128	97	1	0	False	False	False	Weak
2034	106	126	1	0	False	False	False	Weak
2035	113	92	0.591	0	False	False	False	Weak
2036	112	81	0.075	0	False	False	False	Weak
2037	121	121	1	0	False	False	False	Weak
2038	104	120	0.4055	0	False	False	False	Weak
2039	152	116	0.243	0	False	False	False	Weak
2040	165	141	1	0	False	False	False	Weak
2041	178	136	1	0	False	False	False	Weak
2042	167	113	0.254	0	False	False	False	Weak
2043	198	89	0.01	0	True	True	False	Strong
2044	156	140	0.335	0	False	False	False	Weak
2045	160	119	1	0	False	False	False	Noise
2046	172	95	1	0	False	False	False	Noise
2047	183	101	0.208	0	False	False	False	Weak
2048	121	95	1	0	False	False	False	Noise
2049	136	109	1	0	False	False	False	Noise
2050	97	146	0.3335	0	False	False	False	Weak
2051	130	51	0.212	0	False	False	False	Weak
2052	116	106	0.2095	0	False	False	False	Weak
2053	110	102	0	0.5399	True	True	True	Strong
2054	109	107	0.2905	0	False	False	False	Weak
2055	97	92	0.512	0.0334	False	False	False	Weak
2056	125	158	0.307	0	False	False	False	Weak
2057	112	66	0.35	0	False	False	False	Weak
2058	103	98	0.288	0	False	False	False	Noise
2059	124	163	0.777	0	False	False	False	Weak
2060	115	118	1	0	False	False	False	Weak
2061	96	92	0.482	0	False	False	False	Weak
2062	127	89	0.3775	0	False	False	False	Weak
2063	117	143	0.0025	0	True	True	False	Strong
2064	103	92	1	0	False	False	False	Weak
2065	122	162	0.259	0	False	False	False	Weak
2066	125	168	0.0685	0	True	True	False	Weak
2067	106	110	1	0	False	False	False	Weak
2068	123	110	1	0	False	False	False	Weak
2069	120	222	1	0	False	False	False	Weak
2070	89	104	0.001	0	True	True	False	Strong
2071	105	151	0.149	0	False	False	False	Weak
2072	133	143	1	0	False	False	False	Noise
2073	135	62	1	0	False	False	False	Weak
2074	99	120	0.0085	0	True	True	False	Strong
2075	101	200	0.0045	0	True	True	False	Strong
2076	115	146	0.521	0	False	False	False	Weak
2077	127	140	1	0	False	False	False	Weak
2078	145	112	0.3545	0	False	False	False	Weak
2079	132	96	1	0	False	False	False	Weak
2080	111	130	1	0	False	False	False	Weak
2081	123	166	0.46	0	False	False	False	Noise
2082	120	231	0.0035	0.3339	True	True	True	Strong
2083	92	104	0.1585	0	False	False	False	Noise
2084	126	117	1	0	False	False	False	Noise
2085	145	80	0.638	0	False	False	False	Noise
2086	104	112	0.286	0	False	False	False	Weak
2087	102	88	0.414	0	False	False	False	Weak
2088	144	106	1	0	False	False	False	Weak
2089	123	109	0.0195	0	True	True	False	Strong
2090	114	89	0.091	0	False	False	False	Weak
2091	120	84	0.5725	0	False	False	False	Noise
2092	147	42	0.1125	0	False	False	False	Weak
2093	150	37	1	0	False	False	False	Weak
2094	96	40	1	0	False	False	False	Weak
2095	96	40	1	0	False	False	False	Noise
2096	101	55	0.703	0	False	False	False	Weak
2097	104	160	0.0105	0	True	True	False	Weak
2098	99	114	0.128	0	False	False	False	Weak
2099	92	138	0.641	0	False	False	False	Weak
2100	115	90	0.1555	0	False	False	False	Weak
2101	123	81	0.6775	0	False	False	False	Weak
2102	134	62	1	0	False	False	False	Weak
2103	107	98	0.2895	0	False	False	False	Weak
2104	103	75	0.457	0	False	False	False	Weak
2105	113	174	0.3175	0	False	False	False	Weak
2106	80	89	0.338	0	False	False	False	Weak
2107	105	209	0.1955	0.1649	False	False	False	Weak
2108	90	52	0.0005	0.1093	False	False	False	Weak
2109	146	90	0.067	0	True	True	False	Weak
2110	110	73	1	0	False	False	False	Weak
2111	122	118	0.39	0	False	False	False	Weak
2112	124	61	1	0	False	False	False	Weak
2113	114	67	0.2745	0	False	False	False	Weak
2114	116	58	0.658	0	False	False	False	Weak
2115	111	76	0.4345	0	False	False	False	Weak
2116	109	82	0.356	0	False	False	False	Weak
2117	105	73	0.6465	0	False	False	False	Weak
2118	136	62	0.172	0	False	False	False	Weak
2119	126	69	1	0	False	False	False	Weak
2120	123	68	0.0125	0	False	False	False	Weak
2121	119	57	0.2955	0	False	False	False	Weak
2122	125	108	0.4565	0	False	False	False	Weak
2123	128	78	0.738	0	False	False	False	Weak
2124	111	72	0.452	0	False	False	False	Weak
2125	102	88	0.029	0	False	False	False	Weak
2126	118	68	0.3925	0	False	False	False	Weak
2127	113	68	0.407	0	False	False	False	Weak
2128	131	79	0.1855	0	False	False	False	Weak
2129	73	79	0.4865	0	False	False	False	Noise
2130	120	47	0.3865	0	False	False	False	Weak
2131	132	58	1	0	False	False	False	Noise
2132	121	70	0	0	True	True	False	Strong
2133	116	83	0.608	0	False	False	False	Weak
2134	124	50	0.797	0	False	False	False	Weak
2135	89	42	1	0	False	False	False	Weak
2136	109	72	0	0.3592	True	True	True	Subclone
2137	129	91	0.0396905	0	False	False	False	Weak
2138	124	84	0	0	True	True	False	Strong
2139	122	115	1	0	False	False	False	Weak
2140	122	250	0.2215	0	False	False	False	Noise
2141	123	77	0	0	True	True	False	Subclone
2142	115	92	1	0	False	False	False	Noise
2143	104	90	0.379	0	False	False	False	Noise
2144	116	67	0.389	0	False	False	False	Weak
2145	106	94	0.002	0	True	True	False	Weak
2146	110	58	1	0	False	False	False	Weak
2147	133	76	0.7205	0	False	False	False	Weak
2148	114	66	0.0005	0.379	True	True	True	Strong
2149	116	65	0.329	0	False	False	False	Weak
2150	102	61	0.911	0	False	False	False	Weak
2151	110	41	0.1035	0	False	False	False	Weak
2152	100	68	0.083	0	False	False	False	Weak
2153	106	91	0.508	0	False	False	False	Weak
2154	123	96	1	0	False	False	False	Weak
2155	112	46	0.3695	0	False	False	False	Weak
2156	132	111	1	0	False	False	False	Weak
2157	90	138	0.0035	0	True	True	False	Strong
2158	106	134	1	0	False	False	False	Weak
2159	105	134	0.5445	0	False	False	False	Weak
2160	125	144	0.3335	0	False	False	False	Noise
2161	127	97	0.0441715	0	False	False	False	Weak
2162	113	96	1	0	False	False	False	Noise
2163	124	76	0.401	0	False	False	False	Noise
2164	102	133	0.3725	0	False	False	False	Weak
2165	134	122	0.7485	0	False	False	False	Weak
2166	117	114	0.5795	0	False	False	False	Weak
2167	114	63	1	0	False	False	False	Weak
2168	122	60	0.2535	0	False	False	False	Noise
2169	103	107	0.628	0	False	False	False	Weak
2170	125	83	0.385	0	False	False	False	Noise
2171	123	138	0.492	0	False	False	False	Weak
2172	113	52	0.633	0	False	False	False	Weak
2173	150	99	0.103	0	False	False	False	Weak
2174	110	133	0.2015	0	False	False	False	Weak
2175	110	133	0.2015	0	False	False	False	Weak
2176	95	117	0.609	0	False	False	False	Weak
2177	130	93	0.252	0	False	False	False	Weak
2178	137	98	1	0	False	False	False	Weak
2179	104	98	0.256	0	False	False	False	Weak
2180	134	113	0.3745	0	False	False	False	Weak
2181	127	103	1	0	False	False	False	Noise
2182	93	52	0.503	0	False	False	False	Weak
2183	102	64	0.641	0	False	False	False	Weak
2184	151	58	0.414	0	False	False	False	Weak
2185	111	57	1	0	False	False	False	Weak
2186	108	60	1	0	False	False	False	Weak
2187	119	96	1	0	False	False	False	Weak
2188	132	97	0	0	True	True	False	Strong
2189	106	80	0.5285	0.043	False	False	False	Weak
2190	106	94	1	0	False	False	False	Weak
2191	102	127	1	0	False	False	False	Noise
2192	86	89	0.4815	0	False	False	False	Noise
2193	104	106	0.059464	0	False	False	False	Weak
2194	128	58	0	0.4134	True	True	True	Strong
2195	139	179	1	0	False	False	False	Weak
2196	100	72	0.1865	0	False	False	False	Weak
2197	97	61	0.1395	0	False	False	False	Weak
2198	108	60	0.8165	0	False	False	False	Weak
2199	120	67	0	0.649	True	True	True	Strong
2200	132	51	1	0	False	False	False	Weak
2201	115	79	1	0	False	False	False	Weak
2202	133	73	0.1645	0	False	False	False	Weak
2203	133	45	0.031	0	True	True	False	Strong
2204	120	56	1	0	False	False	False	Noise
2205	107	63	0.408	0	False	False	False	Weak
2206	119	46	0.108	0	False	False	False	Weak
2207	148	45	0.0945	0	True	True	False	Weak
2208	145	45	0.206	0	False	False	False	Weak
2209	97	111	0.6715	0	False	False	False	Weak
2210	117	54	0	0.3495	True	True	True	Subclone
2211	123	67	0.008	0	True	True	False	Strong
2212	92	34	0.0431343	0	False	False	False	Weak
2213	120	62	0.8315	0	False	False	False	Weak
2214	83	58	0.1285	0	False	False	False	Weak
2215	102	67	0.1575	0	False	False	False	Weak
2216	104	57	0.0455	0	False	False	False	Weak
2217	127	69	0.203	0	False	False	False	Weak
2218	112	64	0.196	0	False	False	False	Weak
2219	114	65	0.1325	0	False	False	False	Weak
2220	110	42	0.0515	0	True	True	False	Weak
2221	125	44	0.213	0	False	False	False	Weak
2222	107	66	0.018	0	False	False	False	Weak
2223	110	43	0.4175	0	False	False	False	Weak
2224	102	51	0.2345	0	False	False	False	Weak
2225	101	68	0.088	0	False	False	False	Weak
2226	127	74	1	0	False	False	False	Weak
2227	102	62	0.064	0	False	False	False	Weak
2228	107	62	0.4955	0	False	False	False	Weak
2229	116	65	0.388	0	False	False	False	Weak
2230	88	68	0.052	0	True	True	False	Weak
2231	98	47	0.27	0	False	False	False	Weak
2232	101	38	1	0	False	False	False	Weak
2233	91	78	0.0225	0	False	False	False	Weak
2234	109	63	0.093	0	False	False	False	Weak
2235	116	70	0.272	0	False	False	False	Weak
2236	120	81	0.152	0	False	False	False	Weak
2237	116	66	1	0	False	False	False	Weak
2238	121	56	0.422	0	False	False	False	Weak
2239	114	65	0.7645	0	False	False	False	Noise
2240	97	81	0.6395	0	False	False	False	Weak
2241	107	55	0.8925	0	False	False	False	Weak
2242	120	48	0.533	0	False	False	False	Weak
2243	137	61	0.6555	0	False	False	False	Weak
2244	106	68	0.595	0	False	False	False	Weak
2245	122	69	0.4135	0	False	False	False	Weak
2246	117	61	0.07	0	False	False	False	Weak
2247	116	63	0.3055	0	False	False	False	Weak
2248	144	67	0.0439343	0	False	False	False	Weak
2249	150	79	0.4875	0	False	False	False	Weak
2250	119	65	0.3455	0	False	False	False	Weak
2251	138	61	0.476	0	False	False	False	Weak
2252	117	73	0.083	0	True	True	False	Weak
2253	99	74	0	0.5669	True	True	True	Strong
2254	117	68	0.3405	0	False	False	False	Weak
2255	111	140	1	0	False	False	False	Noise
2256	111	83	1	0	False	False	False	Weak
2257	108	102	0.3495	0	False	False	False	Weak
2258	104	122	0.0905	0	False	False	False	Weak
2259	116	78	0.6095	0	False	False	False	Weak
2260	124	55	0.427	0	False	False	False	Noise
2261	109	55	0.5615	0	False	False	False	Weak
2262	104	55	0.0815	0	False	False	False	Noise
2263	114	56	0	0.3861	True	True	True	Strong
2264	126	30	0.391	0	False	False	False	Weak
2265	97	56	0.4305	0	False	False	False	Noise
2266	112	62	0.42	0	False	False	False	Weak
2267	95	57	0.9775	0	False	False	False	Weak
2268	99	48	0.184	0	False	False	False	Weak
2269	122	61	0	0	True	True	False	Weak
2270	116	49	0.6465	0	False	False	False	Weak
2271	123	65	0	0	True	True	False	Strong
2272	112	65	1	0	False	False	False	Noise
2273	116	158	0.3155	0	False	False	False	Weak
2274	129	142	1	0	False	False	False	Noise
2275	114	83	1	0	False	False	False	Noise
2276	135	64	1	0	False	False	False	Weak
2277	106	88	0.151	0	False	False	False	Weak
2278	104	41	0.1035	0	False	False	False	Weak
2279	123	56	0.2205	0	False	False	False	Weak
2280	80	231	0.312	0	False	False	False	Weak
2281	84	219	0.288	0	False	False	False	Weak
2282	111	126	1	0	False	False	False	Weak
2283	106	103	0.2425	0	False	False	False	Weak
2284	140	150	0.6575	0	False	False	False	Weak
2285	124	45	0.155	0	False	False	False	Weak
2286	137	56	0.615	0	False	False	False	Weak
2287	109	302	0.026	0	True	True	False	Strong
2288	83	44	0.0655	0	False	False	False	Weak
2289	121	49	0.801	0	False	False	False	Weak
2290	105	50	0.082	0	False	False	False	Weak
2291	100	87	0.3245	0	False	False	False	Weak
2292	106	70	0.356	0	False	False	False	Weak
2293	112	47	0.359	0	False	False	False	Weak
2294	92	61	1	0	False	False	False	Weak
2295	107	61	0.014	0	True	True	False	Strong
2296	123	49	1	0	False	False	False	Weak
2297	132	92	0.4455	0	False	False	False	Weak
2298	120	130	0.3755	0	False	False	False	Weak
2299	118	47	1	0	False	False	False	Weak
2300	112	64	0.4825	0	False	False	False	Weak
2301	112	63	1	0	False	False	False	Weak
2302	109	63	1	0	False	False	False	Weak
2303	120	73	0.322	0	False	False	False	Weak
2304	135	55	1	0	False	False	False	Weak
2305	111	58	1	0	False	False	False	Weak
2306	107	57	0.4245	0	False	False	False	Weak
2307	75	77	1	0	False	False	False	Weak
2308	93	48	0.468	0	False	False	False	Weak
2309	123	56	1	0	False	False	False	Weak
2310	112	88	0.1045	0	False	False	False	Weak
2311	116	97	0.4125	0	False	False	False	Weak
2312	113	76	1	0	False	False	False	Weak
2313	142	66	0.0735	0	False	False	False	Weak
2314	128	63	0.463	0	False	False	False	Weak
2315	105	86	0.268	0	False	False	False	Weak
2316	115	55	0.5115	0	False	False	False	Noise
2317	131	77	1	0	False	False	False	Weak
2318	115	154	0	0.4749	True	True	True	Strong
2319	117	165	1	0	False	False	False	Weak
2320	95	77	1	0	False	False	False	Weak
2321	120	111	0.0065	0	True	True	False	Strong
2322	102	97	0	0.6709	True	True	True	Strong
2323	128	82	0.0015	0	True	True	False	Strong
2324	117	75	0.466	0	False	False	False	Weak
2325	104	79	0.427	0	False	False	False	Weak
2326	111	69	1	0	False	False	False	Weak
2327	93	135	0.3285	0	False	False	False	Weak
2328	124	102	0.4115	0	False	False	False	Weak
2329	102	112	0.7815	0	False	False	False	Weak
2330	110	132	0.018	0	False	False	False	Weak
2331	98	114	0.1995	0	False	False	False	Weak
2332	143	101	1	0	False	False	False	Noise
2333	117	124	0.272	0	False	False	False	Weak
2334	129	90	0.114	0	False	False	False	Weak
2335	114	103	0.483	0	False	False	False	Weak
2336	98	108	0.165	0	False	False	False	Noise
2337	110	82	0.2535	0	False	False	False	Noise
2338	117	137	0.1985	0	False	False	False	Weak
2339	100	77	0.727	0	False	False	False	Weak
2340	108	99	0.727	0	False	False	False	Weak
2341	116	112	0.887	0	False	False	False	Weak
2342	118	92	1	0	False	False	False	Weak
2343	97	33	0.0045	0	True	True	False	Strong
2344	135	48	1	0	False	False	False	Weak
2345	117	29	1	0	False	False	False	Weak
2346	136	43	0.316	0	False	False	False	Weak
2347	121	40	0.2025	0	False	False	False	Weak
2348	118	73	0.37	0	False	False	False	Weak
2349	115	25	0.3235	0	False	False	False	Weak
2350	110	63	0.4375	0	False	False	False	Weak
2351	131	67	0.0583666	0	False	False	False	Weak
2352	98	110	0.168	0	False	False	False	Noise
2353	100	306	0.111	0	False	False	False	Weak
2354	120	92	0.5025	0	False	False	False	Weak
2355	105	87	0.3805	0	False	False	False	Weak
2356	113	112	0.4835	0	False	False	False	Weak
2357	105	147	0.876	0	False	False	False	Noise
2358	119	122	1	0	False	False	False	Weak
2359	102	219	0.153	0	False	False	False	Weak
2360	102	149	0.009	0	False	False	False	Noise
2361	126	117	0.0995	0	False	False	False	Weak
2362	114	107	0.305	0	False	False	False	Weak
2363	103	189	0.342	0	False	False	False	Weak
2364	129	109	0.0005	0	True	True	False	Strong
2365	113	113	0.065	0	True	True	False	Weak
2366	133	143	0.6185	0	False	False	False	Weak
2367	127	320	1	0	False	False	False	Noise
2368	116	136	0.415	0	False	False	False	Weak
2369	140	91	0.1365	0	False	False	False	Weak
2370	135	49	0	0	True	True	False	Strong
2371	113	77	1	0	False	False	False	Weak
2372	115	79	0	0.4629	True	True	True	Subclone
2373	119	97	1	0	False	False	False	Weak
2374	125	61	0.034	0	False	False	False	Weak
2375	119	96	0.4055	0	False	False	False	Noise
2376	130	61	0.688	0	False	False	False	Weak
2377	116	65	0.681	0	False	False	False	Weak
2378	111	79	1	0	False	False	False	Weak
2379	108	177	0	0.5435	True	True	True	Strong
2380	124	104	1	0	False	False	False	Weak
2381	95	145	1	0	False	False	False	Weak
2382	110	315	1	0	False	False	False	Noise
2383	131	121	1	0	False	False	False	Noise
2384	128	333	1	0	False	False	False	Weak
2385	118	172	0.0075	0	True	True	False	Strong
2386	116	173	0.0005	0	True	True	False	Strong
2387	130	104	0.394	0	False	False	False	Weak
2388	93	211	0.003	0	True	True	False	Strong
2389	96	107	0.289	0	False	False	False	Weak
2390	115	96	1	0	False	False	False	Weak
2391	114	108	0.7905	0	False	False	False	Weak
2392	116	114	1	0	False	False	False	Weak
2393	116	114	1	0	False	False	False	Weak
2394	103	129	0.5305	0	False	False	False	Weak
2395	132	69	0.222	0	False	False	False	Weak
2396	129	95	0.069	0	False	False	False	Weak
2397	118	163	0.435	0	False	False	False	Weak
2398	99	101	0.631	0	False	False	False	Weak
2399	105	99	0.2525	0	False	False	False	Weak
2400	134	132	0.0965	0.0734	True	True	False	Weak
2401	110	150	0.0005	0.151	True	True	True	Strong
2402	119	289	0.5275	0	False	False	False	Weak
2403	98	83	0.326	0	False	False	False	Noise
2404	107	174	0.5765	0	False	False	False	Noise
2405	122	87	1	0	False	False	False	Weak
2406	124	81	0.1435	0	False	False	False	Weak
2407	144	60	0.3755	0	False	False	False	Weak
2408	89	92	0.6705	0	False	False	False	Weak
2409	110	90	0.581	0	False	False	False	Weak
2410	126	188	0.608	0	False	False	False	Weak
2411	105	176	0.385	0	False	False	False	Weak
2412	123	112	1	0	False	False	False	Weak
2413	125	62	0.0305	0	False	False	False	Weak
2414	93	97	0.202	0	False	False	False	Weak
2415	126	173	0.387	0	False	False	False	Weak
2416	103	160	0.4645	0	False	False	False	Weak
2417	103	129	0.727	0	False	False	False	Weak
2418	110	127	1	0	False	False	False	Weak
2419	102	116	0.4715	0	False	False	False	Weak
2420	110	56	0.2965	0	False	False	False	Weak
2421	115	66	0.4025	0	False	False	False	Weak
2422	116	69	0.5465	0	False	False	False	Weak
2423	89	159	0.0345	0	False	False	False	Weak
2424	90	112	0.154	0	False	False	False	Weak
2425	118	119	1	0	False	False	False	Noise
2426	113	168	1	0	False	False	False	Weak
2427	134	300	0.712	0	False	False	False	Weak
2428	135	117	0.0487	0	False	False	False	Weak
2429	118	178	0.3885	0	False	False	False	Noise
2430	127	180	0.147	0	False	False	False	Noise
2431	105	70	0.4345	0	False	False	False	Weak
2432	102	84	0.418	0	False	False	False	Weak
2433	101	68	0.2695	0	False	False	False	Weak
2434	113	91	0.206	0	False	False	False	Weak
2435	118	97	0.0215	0.1044	True	True	True	Subclone
2436	119	69	0.0005	0.5808	True	True	True	Subclone
2437	130	48	0.4575	0	False	False	False	Weak
2438	127	100	0.4685	0	False	False	False	Weak
2439	146	93	1	0	False	False	False	Weak
2440	118	120	0.3705	0	False	False	False	Weak
2441	111	117	0.1895	0	False	False	False	Weak
2442	115	84	0.75	0	False	False	False	Weak
2443	98	128	0.335	0	False	False	False	Weak
2444	116	84	0.108	0	False	False	False	Weak
2445	108	76	0.406	0	False	False	False	Weak
2446	121	74	0.0414947	0	False	False	False	Weak
2447	117	125	0.0945	0	True	True	False	Weak
2448	122	120	0.037	0	False	False	False	Weak
2449	132	68	0.181	0	False	False	False	Weak
2450	134	70	1	0	False	False	False	Weak
2451	105	128	0.218	0	False	False	False	Weak
2452	131	73	0.5905	0	False	False	False	Weak
2453	110	75	0.142	0	False	False	False	Weak
2454	113	96	1	0	False	False	False	Weak
2455	136	89	0.1025	0	False	False	False	Weak
2456	137	88	0.0575159	0	True	True	False	Weak
2457	124	110	0.3255	0	False	False	False	Noise
2458	125	110	0.33	0	False	False	False	Noise
2459	132	116	1	0	False	False	False	Weak
2460	110	176	0.441	0	False	False	False	Weak
2461	94	183	0.458	0	False	False	False	Weak
2462	97	183	0.4285	0	False	False	False	Weak
2463	130	79	0.266	0	False	False	False	Weak
2464	124	69	0.3435	0	False	False	False	Weak
2465	146	106	0.2345	0	False	False	False	Weak
2466	117	150	0	0.1222	True	True	True	Strong
2467	105	95	1	0	False	False	False	Noise
2468	112	128	0.6975	0	False	False	False	Weak
2469	141	151	1	0	False	False	False	Weak
2470	130	96	0.2805	0	False	False	False	Noise
2471	120	131	0.165	0	False	False	False	Weak
2472	152	143	0.2115	0	False	False	False	Weak
2473	129	199	0.384	0	False	False	False	Noise
2474	127	184	0.642	0	False	False	False	Noise
2475	131	122	1	0	False	False	False	Noise
2476	114	117	1	0	False	False	False	Noise
2477	104	158	0.0585774	0	True	True	False	Weak
2478	131	195	0.371	0	False	False	False	Weak
2479	124	183	0.448	0	False	False	False	Weak
2480	134	155	0.1695	0	False	False	False	Weak
2481	92	175	0.5045	0	False	False	False	Weak
2482	139	117	1	0	False	False	False	Weak
2483	97	170	0.0045	0	True	True	False	Strong
2484	113	142	0.3315	0	False	False	False	Noise
2485	118	109	0.102	0	False	False	False	Weak
2486	111	90	0	0.7946	True	True	True	Strong
2487	109	99	1	0	False	False	False	Weak
2488	105	106	0	0.6202	True	True	True	Strong
2489	126	101	0.0473	0	False	False	False	Weak
2490	124	129	0.322	0	False	False	False	Weak
2491	102	162	0.064	0	False	False	False	Weak
2492	113	99	0.1845	0	False	False	False	Weak
2493	120	69	0.5815	0	False	False	False	Weak
2494	71	72	0.2545	0	False	False	False	Weak
2495	102	83	0.668	0	False	False	False	Weak
2496	125	94	0.1535	0	False	False	False	Weak
2497	97	126	0.257	0	False	False	False	Weak
2498	111	78	0.3325	0	False	False	False	Noise
2499	105	73	0.0015	0	True	True	False	Strong
2500	145	73	0.517	0	False	False	False	Weak
2501	104	36	0.497	0	False	False	False	Weak
2502	110	49	0.8685	0	False	False	False	Noise
2503	111	71	1	0	False	False	False	Weak
2504	120	71	0	0	True	True	False	Subclone
2505	112	72	1	0	False	False	False	Noise
2506	109	91	0.178	0.1457	False	False	False	Weak
2507	98	88	1	0	False	False	False	Weak
2508	122	82	0	0	True	True	False	Strong
2509	99	71	0.5965	0	False	False	False	Weak
2510	109	82	1	0	False	False	False	Weak
2511	112	78	0.1	0	False	False	False	Weak
2512	109	80	0.772	0	False	False	False	Weak
2513	121	68	0.4525	0	False	False	False	Weak
2514	147	85	1	0	False	False	False	Noise
2515	114	57	0.076	0	False	False	False	Weak
2516	126	87	1	0	False	False	False	Weak
2517	117	63	0.011	0	False	False	False	Weak
2518	105	48	0.223	0	False	False	False	Weak
2519	98	61	0.5915	0	False	False	False	Weak
2520	121	60	0.605	0	False	False	False	Noise
2521	120	68	0.3795	0	False	False	False	Weak
2522	96	89	0.8825	0	False	False	False	Noise
2523	90	104	0	0	True	True	False	Strong
2524	109	126	0	0.4629	True	True	True	Strong
2525	105	126	0	0.4933	True	True	True	Strong
2526	107	109	0.0915	0	False	False	False	Weak
2527	92	84	0	0.7369	True	True	True	Strong
2528	125	104	0.216	0	False	False	False	Weak
2529	111	101	0.154	0	False	False	False	Weak
2530	124	60	0.001	0	True	True	False	Strong
2531	98	86	0.4915	0	False	False	False	Weak
2532	121	118	0.4995	0	False	False	False	Weak
2533	120	202	0.1505	0	False	False	False	Weak
2534	98	124	1	0	False	False	False	Weak
2535	102	91	0.2585	0	False	False	False	Weak
2536	104	142	0	0	True	True	False	Strong
2537	134	82	0.4335	0	False	False	False	Weak
2538	120	86	0.0410046	0	True	True	False	Strong
2539	115	74	0.4805	0	False	False	False	Weak
2540	101	110	0	0	True	True	False	Strong
2541	108	106	0.461	0	False	False	False	Weak
2542	115	64	0.287	0	False	False	False	Weak
2543	107	132	0.508	0	False	False	False	Weak
2544	128	68	0.0448	0	True	True	False	Strong
2545	133	75	0.016	0	False	False	False	Weak
2546	101	60	0.23	0	False	False	False	Weak
2547	108	153	0.027	0	True	True	False	Strong
2548	99	109	0.0005	0.3322	True	True	True	Strong
2549	127	89	0	0	True	True	False	Strong
2550	96	101	0.5975	0	False	False	False	Weak
2551	82	101	1	0	False	False	False	Noise
2552	79	74	1	0	False	False	False	Weak
2553	121	103	1	0	False	False	False	Weak
2554	103	79	0.0235	0	True	True	False	Weak
2555	102	116	0.3035	0	False	False	False	Weak
2556	109	75	0.393	0	False	False	False	Weak
2557	102	83	1	0	False	False	False	Weak
2558	101	75	0.2745	0	False	False	False	Weak
2559	94	77	0.287	0	False	False	False	Weak
2560	102	73	0.1895	0	False	False	False	Weak
2561	111	77	0.441	0	False	False	False	Weak
2562	118	62	0.1555	0	False	False	False	Weak
2563	92	80	0.207	0.176	False	False	False	Weak
2564	127	112	0.141	0	False	False	False	Weak
2565	119	102	0.2175	0	False	False	False	Weak
2566	122	86	0.151	0	False	False	False	Noise
2567	123	70	0.3175	0	False	False	False	Noise
2568	111	73	0.0495	0	True	True	False	Strong
2569	110	85	0.669	0	False	False	False	Weak
2570	98	69	0.5345	0	False	False	False	Weak
2571	123	62	0.2145	0	False	False	False	Weak
2572	132	93	0.1535	0	False	False	False	Weak
2573	135	113	0.4805	0	False	False	False	Weak
2574	94	100	0.4365	0	False	False	False	Weak
2575	102	98	0.364	0	False	False	False	Weak
2576	109	109	0	0	True	True	False	Strong
2577	117	76	0.311	0	False	False	False	Weak
2578	116	76	0.3145	0	False	False	False	Weak
2579	109	121	0.3825	0	False	False	False	Weak
2580	122	179	0.471	0	False	False	False	Weak
2581	130	200	1	0	False	False	False	Weak
2582	98	98	1	0	False	False	False	Noise
2583	90	112	0.0275	0	False	False	False	Weak
2584	117	128	1	0	False	False	False	Weak
2585	128	168	0.1205	0.2248	False	False	False	Weak
2586	131	152	0.0448	0	False	False	False	Weak
2587	109	128	0.3625	0	False	False	False	Weak
2588	92	187	0	0	True	True	False	Strong
2589	114	136	0.379	0	False	False	False	Weak
2590	115	182	1	0	False	False	False	Weak
2591	98	158	0.3505	0	False	False	False	Weak
2592	111	110	0.011	0	True	True	False	Subclone
2593	81	82	1	0	False	False	False	Weak
2594	95	75	0.353	0	False	False	False	Weak
2595	114	112	0.105	0	False	False	False	Weak
2596	99	102	1	0	False	False	False	Weak
2597	104	104	0.5995	0	False	False	False	Weak
2598	123	99	0.6855	0	False	False	False	Noise
2599	95	147	0.002	0	True	True	False	Weak
2600	106	138	1	0	False	False	False	Noise
2601	112	209	0.5955	0	False	False	False	Weak
2602	93	142	0.4075	0	False	False	False	Weak
2603	121	192	0.4085	0	False	False	False	Noise
2604	138	137	0.546	0	False	False	False	Weak
2605	106	143	0.406	0	False	False	False	Weak
2606	112	177	0.294	0	False	False	False	Weak
2607	117	59	0.243	0	False	False	False	Weak
2608	100	58	1	0	False	False	False	Weak
2609	100	93	0.181	0	False	False	False	Weak
2610	113	52	1	0	False	False	False	Weak
2611	120	60	0.5235	0	False	False	False	Weak
2612	102	88	0.0185	0	True	True	False	Strong
2613	117	115	0.14	0	False	False	False	Weak
2614	108	41	0.4355	0	False	False	False	Weak
2615	134	101	0.4135	0	False	False	False	Weak
2616	124	60	0.2615	0	False	False	False	Weak
2617	121	78	0.4815	0	False	False	False	Weak
2618	135	99	1	0	False	False	False	Weak
2619	136	139	0.7515	0	False	False	False	Noise
2620	107	103	0.216	0	False	False	False	Weak
2621	101	146	1	0	False	False	False	Weak
2622	87	208	1	0	False	False	False	Weak
2623	105	66	0.4155	0	False	False	False	Weak
