chrom	pos_a	pos_b	dist	RR	RA	AR	AA	rel	config	hp_a	hp_b	same_hp	coread	vaf_a	vaf_b	cn_a	src_a	src_b
chr1	1336326	1359218	22892	1	0	0	12	co_linked	co_linked	2-1	2-1	True	13	0.967	0.984	loh	TP	TP
chr1	1359218	1379094	19876	0	0	0	6	co_linked	co_linked	2-1	2-1	True	6	0.984	0.947	loh	TP	FP
chr1	2369335	2370170	835	51	0	0	5	co_linked	co_linked	1-1	1-1	True	56	0.088	0.081	loh	FP	FP
chr1	2477227	2478320	1093	0	0	0	41	co_linked	co_linked	2-1	2-1	True	41	1.0	1.0	loh	TP	TP
chr1	2477227	2489143	11916	0	0	0	14	co_linked	co_linked	2-1	2-1	True	14	1.0	0.946	loh	TP	TP
chr1	2478320	2489143	10823	0	0	0	14	co_linked	co_linked	2-1	2-1	True	14	1.0	0.946	loh	TP	TP
chr1	2591128	2601487	10359	1	0	0	23	co_linked	co_linked	2-1	2-1	True	24	0.983	0.95	loh	TP	TP
chr1	7290559	7290560	1	2	0	0	49	co_linked	co_linked	2-1	2-1	True	51	0.925	0.961	loh	TP	TP
chr1	12417977	12447458	29481	1	0	0	6	co_linked	co_linked	2-1	2-1	True	7	0.938	0.959	gain	TP	TP
chr1	20304224	20327117	22893	1	0	0	11	co_linked	co_linked	1-1	1-1	True	12	0.942	0.944	gain	TP	TP
chr1	20304224	20332194	27970	1	0	0	8	co_linked	co_linked	1-1	1-1	True	9	0.942	0.986	gain	TP	TP
chr1	20313753	20327117	13364	1	0	0	19	co_linked	co_linked	1-1	1-1	True	20	0.986	0.944	gain	TP	TP
chr1	20313753	20332194	18441	1	0	0	13	co_linked	co_linked	1-1	1-1	True	14	0.986	0.986	gain	TP	TP
chr1	20758078	20758711	633	75	0	0	3	co_linked	co_linked	2-1	2-1	True	78	0.047	0.034	gain	FP	FP
chr1	24892118	24910069	17951	0	0	0	18	co_linked	co_linked	2-1	2-1	True	18	0.989	0.965	gain	TP	TP
chr1	26072337	26099082	26745	0	0	0	6	co_linked	co_linked	2-1	2-1	True	6	0.976	0.955	gain	TP	TP
chr1	30538580	30559640	21060	8	0	0	3	co_linked	co_linked	2-1	2-1	True	11	0.296	0.362	gain	TP	TP
chr1	33998092	34009378	11286	0	0	0	27	co_linked	co_linked	1-1	1-1	True	27	0.986	1.0	gain	TP	TP
chr1	38089079	38091311	2232	43	0	0	5	co_linked	co_linked	3	3	True	48	0.093	0.093	loh	FP	FP
chr1	41614658	41626257	11599	16	0	0	10	co_linked	co_linked	1-1	1-1	True	26	0.3	0.38	gain	TP	TP
chr1	41614658	41642940	28282	6	0	0	2	co_linked	co_linked	1-1	1-1	True	8	0.3	0.276	gain	TP	TP
chr1	41626257	41642940	16683	11	0	0	5	co_linked	co_linked	1-1	1-1	True	16	0.38	0.276	gain	TP	TP
chr1	45864389	45885586	21197	10	0	0	7	co_linked	co_linked	2-1	2-1	True	17	0.644	0.634	gain	TP	TP
chr1	46654677	46654679	2	47	0	0	26	co_linked	co_linked	2-1	2-1	True	73	0.356	0.356	gain	TP	TP
chr1	46658589	46679474	20885	7	0	0	4	co_linked	co_linked	2-1	2-1	True	11	0.267	0.337	gain	TP	TP
chr1	48149137	48181645	32508	4	0	0	2	co_linked	co_linked	1-1	1-1	True	6	0.658	0.69	gain	TP	TP
chr1	50038815	50063884	25069	7	0	0	5	co_linked	co_linked	2-1	2-1	True	12	0.307	0.314	gain	TP	TP
chr1	52094496	52105341	10845	19	0	0	6	co_linked	co_linked	1-1	1-1	True	25	0.337	0.379	gain	TP	TP
chr1	52630054	52630942	888	45	0	0	4	co_linked	co_linked	1-1	1-1	True	49	0.077	0.074	loh	FP	FP
chr1	52941964	52961570	19606	4	0	0	6	co_linked	co_linked	1-1	1-1	True	10	0.54	0.429	loh	TP	TP
chr1	54073027	54073666	639	57	0	0	4	co_linked	co_linked	2-1	2-1	True	61	0.057	0.062	loh	FP	FP
chr1	54553263	54566222	12959	19	0	0	9	co_linked	co_linked	2-1	2-1	True	28	0.414	0.414	loh	TP	TP
chr1	55001729	55018129	16400	8	0	0	7	co_linked	co_linked	2-1	2-1	True	15	0.442	0.471	loh	TP	TP
chr1	55233234	55241799	8565	0	0	0	33	co_linked	co_linked	2-1	2-1	True	33	1.0	0.985	loh	TP	TP
chr1	55820681	55840350	19669	3	0	0	7	co_linked	co_linked	2-1	2-1	True	10	0.545	0.467	loh	TP	TP
chr1	56843461	56869731	26270	6	0	0	3	co_linked	co_linked	1-1	1-1	True	9	0.508	0.53	loh	TP	TP
chr1	57483998	57501374	17376	12	0	0	3	co_linked	co_linked	1-1	1-1	True	15	0.393	0.4	loh	TP	TP
chr1	60540280	60557027	16747	4	0	0	7	co_linked	co_linked	2-1	2-1	True	11	0.488	0.468	loh	TP	TP
chr1	60557026	60557027	1	32	0	0	29	co_linked	co_linked	2-1	2-1	True	61	0.46	0.468	loh	TP	TP
chr1	61158348	61185056	26708	0	0	0	7	co_linked	co_linked	2-1	2-1	True	7	0.5	0.491	loh	TP	TP
chr1	61185056	61191227	6171	20	0	0	20	co_linked	co_linked	2-1	2-1	True	40	0.491	0.559	loh	TP	TP
chr1	61878435	61879595	1160	52	0	0	2	co_linked	co_linked	3	3	True	54	0.034	0.034	loh	FP	FP
chr1	62562416	62568551	6135	46	0	0	4	co_linked	co_linked	1-1	1-1	True	50	0.053	0.051	loh	FP	FP
chr1	63038533	63065681	27148	9	0	0	1	sparse	co_linked	1-1	1-1	True	10	0.338	0.348	loh	FP	TP
chr1	64245486	64274259	28773	2	0	0	4	co_linked	co_linked	1-1	1-1	True	6	0.44	0.533	loh	TP	TP
chr1	64576591	64581152	4561	16	0	0	19	co_linked	co_linked	1-1	1-1	True	35	0.508	0.521	loh	TP	TP
chr1	65708190	65718621	10431	15	0	0	10	co_linked	co_linked	2-1	2-1	True	25	0.4	0.357	loh	TP	TP
chr1	65708190	65725142	16952	8	0	0	5	co_linked	co_linked	2-1	2-1	True	13	0.4	0.298	loh	TP	TP
chr1	65718621	65725142	6521	23	0	0	7	co_linked	co_linked	2-1	2-1	True	30	0.357	0.298	loh	TP	TP
chr1	65731743	65732890	1147	39	0	0	5	co_linked	co_linked	1-1	1-1	True	44	0.104	0.098	loh	FP	FP
chr1	67052899	67060152	7253	23	0	0	13	co_linked	co_linked	2-1	2-1	True	36	0.397	0.433	loh	TP	TP
chr1	68690488	68701931	11443	13	0	0	7	co_linked	co_linked	1-1	1-1	True	20	0.426	0.475	loh	TP	TP
chr1	70676139	70683247	7108	1	0	0	11	co_linked	co_linked	2-1	2-1	True	12	0.931	0.938	loss	TP	TP
chr1	75234247	75234995	748	12	0	0	3	co_linked	co_linked	1-1	1-1	True	15	0.176	0.176	loss	FP	FP
chr1	75234247	75235266	1019	10	0	0	3	co_linked	co_linked	1-1	1-1	True	13	0.176	0.188	loss	FP	FP
chr1	75234247	75235306	1059	11	0	0	3	co_linked	co_linked	1-1	1-1	True	14	0.176	0.176	loss	FP	FP
chr1	75234247	75235554	1307	10	0	0	2	co_linked	co_linked	1-1	1-1	True	12	0.176	0.125	loss	FP	FP
chr1	75234247	75235996	1749	11	0	0	2	co_linked	co_linked	1-1	1-1	True	13	0.176	0.111	loss	FP	FP
chr1	75234247	75240967	6720	6	0	0	1	sparse	co_linked	1-1	1-1	True	7	0.176	0.182	loss	FP	FP
chr1	75234399	75235554	1155	10	0	0	2	co_linked	co_linked	1-1	1-1	True	12	0.118	0.125	loss	FP	FP
chr1	75234399	75235996	1597	11	0	0	2	co_linked	co_linked	1-1	1-1	True	13	0.118	0.111	loss	FP	FP
chr1	75234399	75240967	6568	6	0	0	1	sparse	co_linked	1-1	1-1	True	7	0.118	0.182	loss	FP	FP
chr1	75234995	75235266	271	12	0	0	3	co_linked	co_linked	1-1	1-1	True	15	0.176	0.188	loss	FP	FP
chr1	75234995	75235306	311	13	0	0	3	co_linked	co_linked	1-1	1-1	True	16	0.176	0.176	loss	FP	FP
chr1	75234995	75235554	559	12	0	0	2	co_linked	co_linked	1-1	1-1	True	14	0.176	0.125	loss	FP	FP
chr1	75234995	75235996	1001	13	0	0	2	co_linked	co_linked	1-1	1-1	True	15	0.176	0.111	loss	FP	FP
chr1	75234995	75240967	5972	7	0	0	1	sparse	co_linked	1-1	1-1	True	8	0.176	0.182	loss	FP	FP
chr1	75234995	75242844	7849	5	0	0	1	sparse	co_linked	1-1	1-1	True	6	0.176	0.136	loss	FP	FP
chr1	75235266	75235306	40	13	0	0	3	co_linked	co_linked	1-1	1-1	True	16	0.188	0.176	loss	FP	FP
chr1	75235266	75235554	288	11	0	0	2	co_linked	co_linked	1-1	1-1	True	13	0.188	0.125	loss	FP	FP
chr1	75235266	75235996	730	12	0	0	2	co_linked	co_linked	1-1	1-1	True	14	0.188	0.111	loss	FP	FP
chr1	75235266	75240967	5701	6	0	0	1	sparse	co_linked	1-1	1-1	True	7	0.188	0.182	loss	FP	FP
chr1	75235306	75235554	248	12	0	0	2	co_linked	co_linked	1-1	1-1	True	14	0.176	0.125	loss	FP	FP
chr1	75235306	75235996	690	13	0	0	2	co_linked	co_linked	1-1	1-1	True	15	0.176	0.111	loss	FP	FP
chr1	75235306	75240967	5661	7	0	0	1	sparse	co_linked	1-1	1-1	True	8	0.176	0.182	loss	FP	FP
chr1	75235306	75242844	7538	5	0	0	1	sparse	co_linked	1-1	1-1	True	6	0.176	0.136	loss	FP	FP
chr1	75235554	75235996	442	14	0	0	2	co_linked	co_linked	1-1	1-1	True	16	0.125	0.111	loss	FP	FP
chr1	75235554	75240967	5413	7	0	0	1	sparse	co_linked	1-1	1-1	True	8	0.125	0.182	loss	FP	FP
chr1	75235554	75242844	7290	5	0	0	1	sparse	co_linked	1-1	1-1	True	6	0.125	0.136	loss	FP	FP
chr1	75235996	75240967	4971	7	0	0	1	sparse	co_linked	1-1	1-1	True	8	0.111	0.182	loss	FP	FP
chr1	75235996	75242844	6848	5	0	0	1	sparse	co_linked	1-1	1-1	True	6	0.111	0.136	loss	FP	FP
chr1	75271278	75273929	2651	21	0	0	3	co_linked	co_linked	1-1	1-1	True	24	0.088	0.111	loss	FP	FP
chr1	76031502	76033472	1970	3	0	0	27	co_linked	co_linked	2-1	2-1	True	30	0.917	0.865	loss	TP	TP
chr1	76379221	76379284	63	34	0	0	3	co_linked	co_linked	2-1	2-1	True	37	0.079	0.081	loss	FP	FP
chr1	77341093	77349942	8849	25	0	0	2	co_linked	co_linked	2-1	2-1	True	27	0.051	0.048	loh	FP	FP
chr1	78861819	78873994	12175	14	0	0	5	co_linked	co_linked	1-1	1-1	True	19	0.328	0.422	loh	TP	TP
chr1	79525117	79527074	1957	48	0	0	2	co_linked	co_linked	2-1	2-1	True	50	0.048	0.059	loh	FP	FP
chr1	79525117	79531970	6853	32	0	0	2	co_linked	co_linked	2-1	2-1	True	34	0.048	0.027	loh	FP	FP
chr1	79527074	79531970	4896	41	0	0	2	co_linked	co_linked	2-1	2-1	True	43	0.059	0.027	loh	FP	FP
chr1	80556486	80579515	23029	2	0	0	5	co_linked	co_linked	1-1	1-1	True	7	0.466	0.569	loh	TP	TP
chr1	80650955	80654044	3089	38	0	0	1	sparse	co_linked	1-1	1-1	True	39	0.037	0.06	loh	FP	FP
chr1	81887840	81907462	19622	6	0	0	4	co_linked	co_linked	1-1	1-1	True	10	0.528	0.424	loh	TP	TP
chr1	81907462	81933059	25597	6	0	0	3	co_linked	co_linked	1-1	1-1	True	9	0.424	0.5	loh	TP	TP
chr1	82468191	82475893	7702	14	0	0	24	co_linked	co_linked	2-1	2-1	True	38	0.627	0.559	loh	TP	TP
chr1	82506979	82527517	20538	9	0	0	5	co_linked	co_linked	2-1	2-1	True	14	0.417	0.474	loh	TP	TP
chr1	83700750	83704437	3687	30	0	0	3	co_linked	co_linked	2-1	2-1	True	33	0.064	0.07	loh	FP	FP
chr1	83700750	83707491	6741	24	0	0	3	co_linked	co_linked	2-1	2-1	True	27	0.064	0.061	loh	FP	FP
chr1	83704437	83707491	3054	30	0	0	3	co_linked	co_linked	2-1	2-1	True	33	0.07	0.061	loh	FP	FP
chr1	84793714	84807558	13844	23	0	0	9	co_linked	co_linked	2-1	2-1	True	32	0.23	0.278	gain	TP	TP
chr1	85264314	85275416	11102	38	0	0	4	co_linked	co_linked	2-1	2-1	True	42	0.118	0.156	gain	TP	TP
chr1	87107554	87112272	4718	29	0	0	55	co_linked	co_linked	1-1	1-1	True	84	0.656	0.656	gain	TP	TP
chr1	87520100	87549778	29678	11	0	0	3	co_linked	co_linked	1-1	1-1	True	14	0.217	0.171	gain	TP	TP
chr1	88297233	88327650	30417	8	0	0	4	co_linked	co_linked	1-1	1-1	True	12	0.199	0.175	gain	TP	TP
chr1	90403877	90425950	22073	10	0	0	5	co_linked	co_linked	2-1	2-1	True	15	0.257	0.246	gain	TP	TP
chr1	90596254	90596956	702	27	0	0	57	co_linked	co_linked	2-1	2-1	True	84	0.684	0.674	gain	TP	TP
chr1	90679557	90699650	20093	16	0	0	3	co_linked	co_linked	2-1	2-1	True	19	0.242	0.21	gain	TP	TP
chr1	91384854	91391350	6496	34	0	0	10	co_linked	co_linked	1-1	1-1	True	44	0.23	0.248	gain	TP	TP
chr1	91476416	91503570	27154	10	0	0	2	co_linked	co_linked	1-1	1-1	True	12	0.237	0.269	gain	TP	TP
chr1	91991686	92021596	29910	2	0	0	6	co_linked	co_linked	1-1	1-1	True	8	0.696	0.704	gain	TP	TP
chr1	93537600	93543804	6204	19	0	0	54	co_linked	co_linked	1-1	1-1	True	73	0.763	0.689	gain	TP	TP
chr1	94723278	94744620	21342	11	0	0	6	co_linked	co_linked	2-1	2-1	True	17	0.232	0.337	gain	TP	TP
chr1	94723278	94757135	33857	4	0	0	2	co_linked	co_linked	2-1	2-1	True	6	0.232	0.21	gain	TP	TP
chr1	94744620	94757135	12515	25	0	0	8	co_linked	co_linked	2-1	2-1	True	33	0.337	0.21	gain	TP	TP
chr1	96449497	96457940	8443	15	0	0	10	co_linked	co_linked	2-1	2-1	True	25	0.466	0.442	loh	TP	TP
chr1	96889798	96906975	17177	8	0	0	8	co_linked	co_linked	2-1	2-1	True	16	0.517	0.5	loh	TP	TP
chr1	99735688	99745416	9728	17	0	0	3	co_linked	co_linked	3	3	True	20	0.083	0.067	loh	FP	FP
chr1	99744059	99753816	9757	18	0	0	1	sparse	co_linked	3	3	True	19	0.08	0.068	loh	FP	FP
chr1	99783707	99814412	30705	5	0	0	3	co_linked	co_linked	2-1	2-1	True	8	0.388	0.357	loh	TP	TP
chr1	99783708	99814412	30704	5	0	0	3	co_linked	co_linked	2-1	2-1	True	8	0.375	0.357	loh	TP	TP
chr1	100326501	100337631	11130	6	0	0	12	co_linked	co_linked	2-1	2-1	True	18	0.423	0.483	loh	TP	TP
chr1	102018057	102038765	20708	3	0	0	7	co_linked	co_linked	1-1	1-1	True	10	0.551	0.5	loh	TP	TP
chr1	102222192	102228366	6174	18	0	0	18	co_linked	co_linked	1-1	1-1	True	36	0.473	0.4	loh	TP	TP
chr1	102898164	102920658	22494	3	0	0	3	co_linked	co_linked	1-1	1-1	True	6	0.551	0.452	loh	TP	TP
chr1	102898164	102920743	22579	3	0	0	3	co_linked	co_linked	1-1	1-1	True	6	0.551	0.476	loh	TP	TP
chr1	102912953	102920658	7705	13	0	0	16	co_linked	co_linked	1-1	1-1	True	29	0.458	0.452	loh	TP	TP
chr1	102912953	102920743	7790	13	0	0	16	co_linked	co_linked	1-1	1-1	True	29	0.458	0.476	loh	TP	TP
chr1	107003658	107015048	11390	13	0	0	11	co_linked	co_linked	2-1	2-1	True	24	0.548	0.448	loh	TP	TP
chr1	107930227	107936875	6648	13	0	0	15	co_linked	co_linked	2-1	2-1	True	28	0.481	0.462	loh	TP	TP
chr1	109267889	109286319	18430	4	0	0	3	co_linked	co_linked	2-1	2-1	True	7	0.51	0.333	loh	TP	TP
chr1	109286319	109299355	13036	11	0	0	5	co_linked	co_linked	2-1	2-1	True	16	0.333	0.431	loh	TP	TP
chr1	109448808	109460633	11825	10	0	0	12	co_linked	co_linked	1-1	1-1	True	22	0.457	0.565	loh	TP	TP
chr1	110527011	110528062	1051	28	0	0	26	co_linked	co_linked	1-1	1-1	True	54	0.475	0.5	loh	TP	TP
chr1	111037258	111057097	19839	4	0	0	8	co_linked	co_linked	1-1	1-1	True	12	0.426	0.377	loh	TP	TP
chr1	112069635	112090258	20623	3	0	0	8	co_linked	co_linked	1-1	1-1	True	11	0.574	0.482	loh	TP	TP
chr1	112090258	112106894	16636	6	0	0	3	co_linked	co_linked	1-1	1-1	True	9	0.482	0.452	loh	TP	TP
chr1	112956212	112976689	20477	8	0	0	8	co_linked	co_linked	2-1	2-1	True	16	0.5	0.609	loh	TP	TP
chr1	113571915	113572221	306	35	0	0	3	co_linked	co_linked	2-1	2-1	True	38	0.068	0.075	loh	FP	FP
chr1	113886839	113886893	54	48	0	0	4	co_linked	co_linked	2-1	2-1	True	52	0.077	0.077	loh	FP	FP
chr1	113886839	113888841	2002	42	0	0	4	co_linked	co_linked	2-1	2-1	True	46	0.077	0.075	loh	FP	FP
chr1	113886839	113893860	7021	27	0	0	3	co_linked	co_linked	2-1	2-1	True	30	0.077	0.048	loh	FP	FP
chr1	113886839	113894348	7509	26	0	0	3	co_linked	co_linked	2-1	2-1	True	29	0.077	0.049	loh	FP	FP
chr1	113886839	113903258	16419	9	0	0	3	co_linked	co_linked	2-1	2-1	True	12	0.077	0.078	loh	FP	FP
chr1	113886839	113904412	17573	8	0	0	3	co_linked	co_linked	2-1	2-1	True	11	0.077	0.085	loh	FP	FP
chr1	113886839	113906130	19291	6	0	0	2	co_linked	co_linked	2-1	2-1	True	8	0.077	0.06	loh	FP	FP
chr1	113886893	113888841	1948	42	0	0	4	co_linked	co_linked	2-1	2-1	True	46	0.077	0.075	loh	FP	FP
chr1	113886893	113893860	6967	27	0	0	3	co_linked	co_linked	2-1	2-1	True	30	0.077	0.048	loh	FP	FP
chr1	113886893	113894348	7455	26	0	0	3	co_linked	co_linked	2-1	2-1	True	29	0.077	0.049	loh	FP	FP
chr1	113886893	113903258	16365	9	0	0	3	co_linked	co_linked	2-1	2-1	True	12	0.077	0.078	loh	FP	FP
chr1	113886893	113904412	17519	8	0	0	3	co_linked	co_linked	2-1	2-1	True	11	0.077	0.085	loh	FP	FP
chr1	113886893	113906130	19237	6	0	0	2	co_linked	co_linked	2-1	2-1	True	8	0.077	0.06	loh	FP	FP
chr1	113888841	113893860	5019	29	0	0	3	co_linked	co_linked	2-1	2-1	True	32	0.075	0.048	loh	FP	FP
chr1	113888841	113894348	5507	27	0	0	3	co_linked	co_linked	2-1	2-1	True	30	0.075	0.049	loh	FP	FP
chr1	113888841	113903258	14417	10	0	0	3	co_linked	co_linked	2-1	2-1	True	13	0.075	0.078	loh	FP	FP
chr1	113888841	113904412	15571	9	0	0	3	co_linked	co_linked	2-1	2-1	True	12	0.075	0.085	loh	FP	FP
chr1	113888841	113906130	17289	6	0	0	2	co_linked	co_linked	2-1	2-1	True	8	0.075	0.06	loh	FP	FP
chr1	113893860	113894348	488	57	0	0	3	co_linked	co_linked	2-1	2-1	True	60	0.048	0.049	loh	FP	FP
chr1	113893860	113903258	9398	25	0	0	3	co_linked	co_linked	2-1	2-1	True	28	0.048	0.078	loh	FP	FP
chr1	113893860	113904412	10552	21	0	0	3	co_linked	co_linked	2-1	2-1	True	24	0.048	0.085	loh	FP	FP
chr1	113893860	113906130	12270	18	0	0	2	co_linked	co_linked	2-1	2-1	True	20	0.048	0.06	loh	FP	FP
chr1	113894348	113903258	8910	24	0	0	3	co_linked	co_linked	2-1	2-1	True	27	0.049	0.078	loh	FP	FP
chr1	113894348	113904412	10064	20	0	0	3	co_linked	co_linked	2-1	2-1	True	23	0.049	0.085	loh	FP	FP
chr1	113894348	113906130	11782	18	0	0	2	co_linked	co_linked	2-1	2-1	True	20	0.049	0.06	loh	FP	FP
chr1	113903258	113904412	1154	48	0	0	5	co_linked	co_linked	2-1	2-1	True	53	0.078	0.085	loh	FP	FP
chr1	113903258	113906130	2872	44	0	0	4	co_linked	co_linked	2-1	2-1	True	48	0.078	0.06	loh	FP	FP
chr1	113904412	113906130	1718	47	0	0	4	co_linked	co_linked	2-1	2-1	True	51	0.085	0.06	loh	FP	FP
chr1	115154959	115167593	12634	23	0	0	3	co_linked	co_linked	2-1	2-1	True	26	0.051	0.045	loh	FP	FP
chr1	117324606	117338806	14200	7	0	0	8	co_linked	co_linked	2-1	2-1	True	15	0.474	0.518	loh	TP	TP
chr1	117997037	117997038	1	89	0	0	30	co_linked	co_linked	2-1	2-1	True	119	0.258	0.268	gain	TP	TP
chr1	118151952	118168808	16856	25	0	0	4	co_linked	co_linked	2-1	2-1	True	29	0.224	0.241	gain	TP	TP
chr1	143765080	143765291	211	80	0	0	26	co_linked	co_linked	2-1	2-1	True	106	0.255	0.261	gain	FP	FP
chr1	149881969	149899625	17656	7	0	0	8	co_linked	co_linked	1-1	1-1	True	15	0.667	0.634	gain	TP	TP
chr1	150261629	150286176	24547	10	0	0	4	co_linked	co_linked	1-1	1-1	True	14	0.419	0.368	gain	TP	TP
chr1	150261629	150286293	24664	10	0	0	4	co_linked	co_linked	1-1	1-1	True	14	0.419	0.363	gain	TP	TP
chr1	151809377	151813943	4566	30	0	0	15	co_linked	co_linked	1-1	1-1	True	45	0.351	0.299	gain	TP	TP
chr1	151813943	151831100	17157	7	0	0	1	sparse	co_linked	1-1	1-1	True	8	0.299	0.392	gain	TP	TP
chr1	152515147	152541643	26496	10	0	0	1	sparse	co_linked	1-1	1-1	True	11	0.297	0.392	gain	TP	TP
chr1	152666495	152683037	16542	14	0	0	3	co_linked	co_linked	1-1	1-1	True	17	0.346	0.213	gain	TP	TP
chr1	154579186	154590263	11077	30	0	0	10	co_linked	co_linked	2-1	2-1	True	40	0.287	0.318	gain	TP	TP
chr1	157158025	157158026	1	63	0	0	22	co_linked	co_linked	2-1	2-1	True	85	0.256	0.259	gain	TP	TP
chr1	158663052	158691760	28708	7	0	0	3	co_linked	co_linked	1-1	1-1	True	10	0.195	0.4	gain	TP	TP
chr1	159348497	159384242	35745	4	0	0	2	co_linked	co_linked	1-1	1-1	True	6	0.286	0.235	gain	TP	TP
chr1	160072252	160099373	27121	2	0	0	8	co_linked	co_linked	1-1	1-1	True	10	0.632	0.614	gain	TP	TP
chr1	160072433	160099373	26940	2	0	0	8	co_linked	co_linked	1-1	1-1	True	10	0.62	0.614	gain	TP	TP
chr1	160237917	160266775	28858	1	0	0	5	co_linked	co_linked	1-1	1-1	True	6	0.581	0.659	gain	TP	TP
chr1	161623483	161631436	7953	28	0	0	18	co_linked	co_linked	2-1	2-1	True	46	0.338	0.452	gain	TP	TP
chr1	162030289	162030290	1	62	0	0	26	co_linked	co_linked	1-1	1-1	True	88	0.295	0.308	gain	TP	TP
chr1	163036547	163061137	24590	7	0	0	4	co_linked	co_linked	1-1	1-1	True	11	0.357	0.338	gain	TP	TP
chr1	163061137	163078863	17726	11	0	0	6	co_linked	co_linked	1-1	1-1	True	17	0.338	0.364	gain	TP	TP
chr1	166181504	166201554	20050	4	0	0	5	co_linked	co_linked	2-1	2-1	True	9	0.412	0.315	gain	TP	TP
chr1	167085539	167115837	30298	6	0	0	2	co_linked	co_linked	2-1	2-1	True	8	0.311	0.286	gain	TP	TP
chr1	167115837	167132610	16773	18	0	0	4	co_linked	co_linked	2-1	2-1	True	22	0.286	0.217	gain	TP	TP
chr1	167115837	167138179	22342	11	0	0	3	co_linked	co_linked	2-1	2-1	True	14	0.286	0.262	gain	TP	TP
chr1	167230912	167254084	23172	5	0	0	4	co_linked	co_linked	3	3	True	9	0.358	0.439	gain	TP	TP
chr1	168140580	168168724	28144	4	0	0	3	co_linked	co_linked	2-1	2-1	True	7	0.351	0.367	gain	TP	TP
chr1	168887017	168909034	22017	13	0	0	1	sparse	co_linked	1-1	1-1	True	14	0.39	0.295	gain	TP	TP
chr1	168887017	168914635	27618	11	0	0	1	sparse	co_linked	1-1	1-1	True	12	0.39	0.298	gain	TP	TP
chr1	175667938	175697973	30035	0	0	0	10	co_linked	co_linked	1-1	1-1	True	10	0.667	0.659	gain	TP	TP
chr1	176895632	176896634	1002	32	0	0	48	co_linked	co_linked	1-1	1-1	True	80	0.598	0.598	gain	TP	TP
chr1	178020832	178044672	23840	4	0	0	10	co_linked	co_linked	1-1	1-1	True	14	0.659	0.544	gain	TP	TP
chr1	178020832	178050236	29404	3	0	0	3	co_linked	co_linked	1-1	1-1	True	6	0.659	0.57	gain	TP	TP
chr1	178609733	178628322	18589	13	0	0	10	co_linked	co_linked	2-1	2-1	True	23	0.374	0.36	gain	TP	TP
chr1	179767445	179786582	19137	16	0	0	4	co_linked	co_linked	2-1	2-1	True	20	0.308	0.316	gain	TP	TP
chr1	179786582	179813632	27050	5	0	0	3	co_linked	co_linked	2-1	2-1	True	8	0.316	0.324	gain	TP	TP
chr1	179786582	179813633	27051	5	0	0	3	co_linked	co_linked	2-1	2-1	True	8	0.316	0.313	gain	TP	TP
chr1	180425612	180431516	5904	15	0	0	26	co_linked	co_linked	1-1	1-1	True	41	0.565	0.662	gain	TP	TP
chr1	184443946	184444097	151	23	0	0	46	co_linked	co_linked	2-1	2-1	True	69	0.662	0.667	gain	TP	TP
chr1	186339185	186362174	22989	5	0	0	3	co_linked	co_linked	2-1	2-1	True	8	0.378	0.4	gain	TP	TP
chr1	189583657	189589876	6219	27	0	0	13	co_linked	co_linked	2-1	2-1	True	40	0.371	0.257	gain	TP	TP
chr1	191903060	191909818	6758	15	0	0	27	co_linked	co_linked	2-1	2-1	True	42	0.556	0.709	gain	TP	TP
chr1	195304687	195305176	489	59	0	0	2	co_linked	co_linked	3	3	True	61	0.032	0.032	gain	FP	FP
chr1	195304687	195306491	1804	51	0	0	2	co_linked	co_linked	3	3	True	53	0.032	0.032	gain	FP	FP
chr1	195305176	195306491	1315	52	0	0	2	co_linked	co_linked	3	3	True	54	0.032	0.032	gain	FP	FP
chr1	196154619	196172653	18034	5	0	0	10	co_linked	co_linked	2-1	2-1	True	15	0.667	0.704	gain	TP	TP
chr1	199025919	199043123	17204	14	0	0	7	co_linked	co_linked	3	3	True	21	0.338	0.386	gain	TP	TP
chr1	199348324	199357112	8788	25	0	0	11	co_linked	co_linked	1-1	1-1	True	36	0.349	0.297	gain	TP	TP
chr1	199894545	199928211	33666	2	0	0	6	co_linked	co_linked	2-1	2-1	True	8	0.377	0.354	gain	TP	TP
chr1	199980628	200002929	22301	4	0	0	8	co_linked	co_linked	1-1	1-1	True	12	0.627	0.663	gain	TP	TP
chr1	200012523	200029019	16496	4	0	0	6	co_linked	co_linked	1-1	1-1	True	10	0.662	0.649	gain	TP	TP
chr1	202516812	202529595	12783	8	0	0	24	co_linked	co_linked	2-1	2-1	True	32	0.697	0.68	gain	TP	TP
chr1	202755800	202755801	1	55	0	0	21	co_linked	co_linked	1-1	1-1	True	76	0.266	0.276	gain	TP	TP
chr1	204380429	204394320	13891	10	0	0	14	co_linked	co_linked	1-1	1-1	True	24	0.529	0.647	gain	TP	TP
chr1	206895375	206917307	21932	2	0	0	4	co_linked	co_linked	2-1	2-1	True	6	0.584	0.591	gain	TP	TP
chr1	207428172	207451437	23265	9	0	0	5	co_linked	co_linked	1-1	1-1	True	14	0.426	0.446	gain	TP	TP
chr1	208305682	208324857	19175	7	0	0	5	co_linked	co_linked	2-1	2-1	True	12	0.565	0.486	gain	TP	TP
chr1	208889643	208910865	21222	8	0	0	2	co_linked	co_linked	2-1	2-1	True	10	0.474	0.349	gain	TP	TP
chr1	210973309	211002781	29472	3	0	0	3	co_linked	co_linked	2-1	2-1	True	6	0.676	0.535	gain	TP	TP
chr1	210988832	211014976	26144	8	0	0	6	co_linked	co_linked	1-1	1-1	True	14	0.329	0.329	gain	TP	TP
chr1	211014976	211030172	15196	12	0	0	8	co_linked	co_linked	1-1	1-1	True	20	0.329	0.339	gain	TP	TP
chr1	211839791	211842972	3181	37	0	0	18	co_linked	co_linked	1-1	1-1	True	55	0.291	0.351	gain	TP	TP
chr1	211881021	211889446	8425	20	0	0	14	co_linked	co_linked	2-1	2-1	True	34	0.304	0.329	gain	TP	TP
chr1	212152095	212152096	1	29	0	0	44	co_linked	co_linked	2-1	2-1	True	73	0.603	0.603	gain	TP	TP
chr1	215417236	215445985	28749	9	0	0	3	co_linked	co_linked	2-1	2-1	True	12	0.296	0.347	gain	TP	TP
chr1	215800222	215815146	14924	9	0	0	6	co_linked	co_linked	1-1	1-1	True	15	0.355	0.358	gain	TP	TP
chr1	215918062	215924894	6832	28	0	0	12	co_linked	co_linked	2-1	2-1	True	40	0.236	0.268	gain	TP	TP
chr1	216623207	216624940	1733	49	0	0	2	co_linked	co_linked	3	3	True	51	0.033	0.036	gain	FP	FP
chr1	216836709	216840975	4266	27	0	0	21	co_linked	co_linked	2-1	2-1	True	48	0.377	0.439	gain	TP	TP
chr1	217234045	217268287	34242	5	0	0	5	co_linked	co_linked	1-1	1-1	True	10	0.388	0.453	gain	TP	TP
chr1	218359435	218377868	18433	2	0	0	9	co_linked	co_linked	1-1	1-1	True	11	0.588	0.54	gain	TP	TP
chr1	220690313	220708268	17955	8	0	0	4	co_linked	co_linked	1-1	1-1	True	12	0.354	0.298	gain	TP	TP
chr1	220761226	220772384	11158	12	0	0	13	co_linked	co_linked	1-1	1-1	True	25	0.419	0.517	gain	TP	TP
chr1	221970009	221986106	16097	12	0	0	14	co_linked	co_linked	2-1	2-1	True	26	0.544	0.548	gain	TP	TP
chr1	221970009	222003446	33437	2	0	0	5	co_linked	co_linked	2-1	2-1	True	7	0.544	0.627	gain	TP	TP
chr1	221970009	222003448	33439	2	0	0	5	co_linked	co_linked	2-1	2-1	True	7	0.544	0.642	gain	TP	TP
chr1	222186240	222193199	6959	27	0	0	14	co_linked	co_linked	1-1	1-1	True	41	0.359	0.261	gain	TP	TP
chr1	223387731	223421037	33306	4	0	0	3	co_linked	co_linked	1-1	1-1	True	7	0.375	0.395	gain	TP	TP
chr1	223501183	223518993	17810	9	0	0	9	co_linked	co_linked	1-1	1-1	True	18	0.397	0.375	gain	TP	TP
chr1	224604714	224637378	32664	4	0	0	2	co_linked	co_linked	2-1	2-1	True	6	0.38	0.312	gain	TP	TP
chr1	226798961	226816422	17461	8	0	0	11	co_linked	co_linked	2-1	2-1	True	19	0.486	0.568	gain	TP	TP
chr1	228182162	228198163	16001	2	0	0	16	co_linked	co_linked	1-1	1-1	True	18	0.625	0.65	gain	TP	TP
chr1	228952507	228952508	1	46	0	0	28	co_linked	co_linked	2-1	2-1	True	74	0.378	0.373	gain	TP	TP
chr1	231147298	231155115	7817	18	0	0	14	co_linked	co_linked	1-1	1-1	True	32	0.485	0.391	gain	TP	TP
chr1	231702953	231714659	11706	10	0	0	9	co_linked	co_linked	2-1	2-1	True	19	0.565	0.571	gain	TP	TP
chr1	233974910	233987045	12135	14	0	0	1	sparse	co_linked	2-1	2-1	True	15	0.42	0.459	gain	TP	TP
chr1	234110119	234137384	27265	6	0	0	2	co_linked	co_linked	2-1	2-1	True	8	0.581	0.54	gain	TP	TP
chr1	235443704	235449633	5929	33	0	0	18	co_linked	co_linked	1-1	1-1	True	51	0.4	0.345	gain	TP	TP
chr1	235443704	235464815	21111	9	0	0	4	co_linked	co_linked	1-1	1-1	True	13	0.4	0.318	gain	TP	TP
chr1	235449633	235464815	15182	17	0	0	7	co_linked	co_linked	1-1	1-1	True	24	0.345	0.318	gain	TP	TP
chr1	236994416	237010755	16339	13	0	0	12	co_linked	co_linked	2-1	2-1	True	25	0.562	0.631	gain	TP	TP
chr1	238744789	238763027	18238	10	0	0	3	co_linked	co_linked	1-1	1-1	True	13	0.319	0.373	gain	TP	TP
chr1	238763027	238787826	24799	6	0	0	3	co_linked	co_linked	1-1	1-1	True	9	0.373	0.405	gain	TP	TP
chr1	239703843	239704830	987	73	0	0	4	co_linked	co_linked	1-1	1-1	True	77	0.059	0.047	gain	FP	FP
chr1	239704492	239704830	338	76	0	0	4	co_linked	co_linked	1-1	1-1	True	80	0.047	0.047	gain	FP	FP
chr1	240959489	240971025	11536	9	0	0	11	co_linked	co_linked	1-1	1-1	True	20	0.535	0.522	gain	TP	TP
chr1	241675395	241675717	322	63	0	0	5	co_linked	co_linked	1-1	1-1	True	68	0.086	0.093	gain	FP	FP
chr1	242642113	242670737	28624	5	0	0	1	sparse	co_linked	1-1	1-1	True	6	0.574	0.437	gain	TP	TP
chr1	242642113	242673209	31096	5	0	0	1	sparse	co_linked	1-1	1-1	True	6	0.574	0.447	gain	TP	TP
chr1	244558061	244558062	1	48	0	0	31	co_linked	co_linked	2-1	2-1	True	79	0.383	0.383	gain	TP	TP
chr1	245911657	245912921	1264	29	0	0	4	co_linked	co_linked	2-1	2-1	True	33	0.111	0.103	gain	FP	FP
chr6	61746360	61768416	22056	13	0	0	6	co_linked	co_linked	1-1	1-1	True	19	0.462	0.452	gain	TP	TP
chr6	62985477	63005693	20216	2	0	0	11	co_linked	co_linked	1-1	1-1	True	13	0.563	0.644	gain	TP	TP
chr6	63197590	63217473	19883	10	0	0	5	co_linked	co_linked	1-1	1-1	True	15	0.577	0.627	gain	TP	TP
chr6	64405300	64427201	21901	3	0	0	6	co_linked	co_linked	1-1	1-1	True	9	0.492	0.574	neutral	TP	TP
chr6	65081651	65098071	16420	12	0	0	2	co_linked	co_linked	3	3	True	14	0.068	0.057	neutral	FP	FP
chr6	65244019	65244020	1	23	0	0	22	co_linked	co_linked	2-1	2-1	True	45	0.468	0.478	neutral	TP	TP
chr6	66097950	66110513	12563	7	0	0	4	co_linked	co_linked	1-1	1-1	True	11	0.545	0.312	neutral	TP	TP
chr6	66158145	66183174	25029	2	0	0	9	co_linked	co_linked	2-1	2-1	True	11	0.622	0.571	neutral	TP	TP
chr6	66881200	66896556	15356	7	0	0	3	co_linked	co_linked	1-1	1-1	True	10	0.462	0.49	neutral	TP	TP
chr6	67736742	67755133	18391	6	0	0	2	co_linked	co_linked	2-1	2-1	True	8	0.526	0.473	neutral	TP	TP
chr6	68187147	68214370	27223	2	0	0	4	co_linked	co_linked	1-1	1-1	True	6	0.477	0.521	neutral	TP	TP
chr6	69880755	69902556	21801	12	0	0	6	co_linked	co_linked	2-1	2-1	True	18	0.223	0.298	gain	TP	TP
chr6	71782785	71790775	7990	65	0	0	8	co_linked	co_linked	2-1	2-1	True	73	0.16	0.146	gain	TP	TP
chr6	71810547	71810548	1	80	0	0	20	co_linked	co_linked	2-1	2-1	True	100	0.2	0.2	gain	TP	TP
chr6	72562456	72596393	33937	6	0	0	6	co_linked	co_linked	2-1	2-1	True	12	0.109	0.129	gain	TP	TP
chr6	73460524	73478232	17708	8	0	0	5	co_linked	co_linked	2-1	2-1	True	13	0.282	0.3	gain	TP	TP
chr6	73794308	73794351	43	57	0	0	4	co_linked	co_linked	1-1	1-1	True	61	0.066	0.06	gain	FP	FP
chr6	73794308	73794501	193	55	0	0	4	co_linked	co_linked	1-1	1-1	True	59	0.066	0.062	gain	FP	FP
chr6	73794308	73794709	401	53	0	0	4	co_linked	co_linked	1-1	1-1	True	57	0.066	0.062	gain	FP	FP
chr6	73794351	73794501	150	61	0	0	4	co_linked	co_linked	1-1	1-1	True	65	0.06	0.062	gain	FP	FP
chr6	73794351	73794709	358	59	0	0	4	co_linked	co_linked	1-1	1-1	True	63	0.06	0.062	gain	FP	FP
chr6	73794501	73794709	208	59	0	0	4	co_linked	co_linked	1-1	1-1	True	63	0.062	0.062	gain	FP	FP
chr6	74978963	74997488	18525	12	0	0	5	co_linked	co_linked	1-1	1-1	True	17	0.254	0.36	gain	TP	TP
chr6	75338184	75358723	20539	11	0	0	5	co_linked	co_linked	1-1	1-1	True	16	0.324	0.286	gain	TP	TP
chr6	75338184	75365103	26919	4	0	0	3	co_linked	co_linked	1-1	1-1	True	7	0.324	0.317	gain	TP	TP
chr6	75343194	75346812	3618	37	0	0	14	co_linked	co_linked	1-1	1-1	True	51	0.266	0.289	gain	TP	TP
chr6	75343194	75358723	15529	14	0	0	5	co_linked	co_linked	1-1	1-1	True	19	0.266	0.286	gain	TP	TP
chr6	75343194	75365103	21909	5	0	0	3	co_linked	co_linked	1-1	1-1	True	8	0.266	0.317	gain	TP	TP
chr6	75346812	75358723	11911	20	0	0	6	co_linked	co_linked	1-1	1-1	True	26	0.289	0.286	gain	TP	TP
chr6	75346812	75365103	18291	8	0	0	3	co_linked	co_linked	1-1	1-1	True	11	0.289	0.317	gain	TP	TP
chr6	76959837	76992613	32776	4	0	0	3	co_linked	co_linked	2-1	2-1	True	7	0.352	0.276	gain	TP	TP
chr6	76992613	77008989	16376	12	0	0	4	co_linked	co_linked	2-1	2-1	True	16	0.276	0.34	gain	TP	TP
chr6	77066406	77072163	5757	20	0	0	13	co_linked	co_linked	2-1	2-1	True	33	0.429	0.404	gain	TP	TP
chr6	77449110	77449722	612	43	0	0	12	co_linked	co_linked	1-1	1-1	True	55	0.25	0.22	neutral	TP	TP
chr6	77695123	77705069	9946	25	0	0	2	co_linked	co_linked	2-1	2-1	True	27	0.069	0.069	loh	FP	FP
chr6	77695123	77707474	12351	19	0	0	2	co_linked	co_linked	2-1	2-1	True	21	0.069	0.109	loh	FP	FP
chr6	77970345	77970370	25	34	0	0	5	co_linked	co_linked	2-1	2-1	True	39	0.128	0.125	loh	FP	FP
chr6	77970345	77973036	2691	26	0	0	5	co_linked	co_linked	2-1	2-1	True	31	0.128	0.122	loh	FP	FP
chr6	77970345	77978287	7942	19	0	0	4	co_linked	co_linked	2-1	2-1	True	23	0.128	0.102	loh	FP	FP
chr6	77970370	77973036	2666	26	0	0	5	co_linked	co_linked	2-1	2-1	True	31	0.125	0.122	loh	FP	FP
chr6	77970370	77978287	7917	19	0	0	4	co_linked	co_linked	2-1	2-1	True	23	0.125	0.102	loh	FP	FP
chr6	77973036	77978287	5251	26	0	0	4	co_linked	co_linked	2-1	2-1	True	30	0.122	0.102	loh	FP	FP
chr6	77995532	77995857	325	48	0	0	3	co_linked	co_linked	3	3	True	51	0.058	0.056	loh	FP	FP
chr6	79794582	79810970	16388	2	0	0	6	co_linked	co_linked	1-1	1-1	True	8	0.311	0.333	gain	TP	TP
chr6	79939039	79951458	12419	10	0	0	5	co_linked	co_linked	1-1	1-1	True	15	0.319	0.255	gain	TP	TP
chr6	79951458	79963387	11929	11	0	0	3	co_linked	co_linked	1-1	1-1	True	14	0.255	0.262	gain	TP	TP
chr6	79963387	79976574	13187	16	0	0	7	co_linked	co_linked	1-1	1-1	True	23	0.262	0.246	gain	TP	TP
chr6	81313493	81337616	24123	10	0	0	2	co_linked	co_linked	1-1	1-1	True	12	0.357	0.356	gain	TP	TP
chr6	81316198	81344722	28524	4	0	0	3	co_linked	co_linked	2-1	2-1	True	7	0.384	0.324	gain	TP	TP
chr6	82004611	82022108	17497	12	0	0	3	co_linked	co_linked	2-1	2-1	True	15	0.257	0.23	gain	TP	TP
chr6	82994263	83012857	18594	9	0	0	3	co_linked	co_linked	1-1	1-1	True	12	0.262	0.269	gain	TP	TP
chr6	83097631	83117909	20278	13	0	0	4	co_linked	co_linked	2-1	2-1	True	17	0.329	0.338	gain	TP	TP
chr6	83823143	83851494	28351	7	0	0	1	sparse	co_linked	1-1	1-1	True	8	0.224	0.216	gain	TP	TP
chr6	87008325	87018071	9746	1	0	0	9	co_linked	co_linked	2-1	2-1	True	10	0.857	0.913	loss	TP	TP
chr6	87702050	87702172	122	18	0	0	5	co_linked	co_linked	1-1	1-1	True	23	0.208	0.217	loss	FP	FP
chr6	87702050	87704863	2813	12	0	0	5	co_linked	co_linked	1-1	1-1	True	17	0.208	0.227	loss	FP	FP
chr6	87702050	87704981	2931	12	0	0	5	co_linked	co_linked	1-1	1-1	True	17	0.208	0.217	loss	FP	FP
chr6	87702172	87704863	2691	11	0	0	5	co_linked	co_linked	1-1	1-1	True	16	0.217	0.227	loss	FP	FP
chr6	87702172	87704981	2809	11	0	0	5	co_linked	co_linked	1-1	1-1	True	16	0.217	0.217	loss	FP	FP
chr6	87704863	87704981	118	17	0	0	5	co_linked	co_linked	1-1	1-1	True	22	0.227	0.217	loss	FP	FP
chr6	89571015	89603510	32495	9	0	0	2	co_linked	co_linked	1-1	1-1	True	11	0.143	0.24	loh	TP	TP
chr6	89603510	89632844	29334	5	0	0	1	sparse	co_linked	1-1	1-1	True	6	0.24	0.223	loh	TP	TP
chr6	91258334	91259080	746	14	0	0	3	co_linked	co_linked	2-1	2-1	True	17	0.19	0.19	loss	FP	FP
chr6	91258334	91261103	2769	13	0	0	3	co_linked	co_linked	2-1	2-1	True	16	0.19	0.182	loss	FP	FP
chr6	91258334	91269894	11560	7	0	0	1	sparse	co_linked	2-1	2-1	True	8	0.19	0.174	loss	FP	FP
chr6	91258334	91270956	12622	7	0	0	1	sparse	co_linked	2-1	2-1	True	8	0.19	0.167	loss	FP	FP
chr6	91258334	91270997	12663	7	0	0	1	sparse	co_linked	2-1	2-1	True	8	0.19	0.167	loss	FP	FP
chr6	91258334	91271487	13153	7	0	0	1	sparse	co_linked	2-1	2-1	True	8	0.19	0.16	loss	FP	FP
chr6	91258334	91272242	13908	7	0	0	1	sparse	co_linked	2-1	2-1	True	8	0.19	0.16	loss	FP	FP
chr6	91258334	91272254	13920	7	0	0	1	sparse	co_linked	2-1	2-1	True	8	0.19	0.16	loss	FP	FP
chr6	91259080	91261103	2023	16	0	0	3	co_linked	co_linked	2-1	2-1	True	19	0.19	0.182	loss	FP	FP
chr6	91259080	91269894	10814	9	0	0	1	sparse	co_linked	2-1	2-1	True	10	0.19	0.174	loss	FP	FP
chr6	91259080	91270956	11876	9	0	0	1	sparse	co_linked	2-1	2-1	True	10	0.19	0.167	loss	FP	FP
chr6	91259080	91270997	11917	9	0	0	1	sparse	co_linked	2-1	2-1	True	10	0.19	0.167	loss	FP	FP
chr6	91259080	91271487	12407	9	0	0	1	sparse	co_linked	2-1	2-1	True	10	0.19	0.16	loss	FP	FP
chr6	91259080	91272242	13162	9	0	0	1	sparse	co_linked	2-1	2-1	True	10	0.19	0.16	loss	FP	FP
chr6	91259080	91272254	13174	9	0	0	1	sparse	co_linked	2-1	2-1	True	10	0.19	0.16	loss	FP	FP
chr6	91261103	91269894	8791	10	0	0	1	sparse	co_linked	2-1	2-1	True	11	0.182	0.174	loss	FP	FP
chr6	91261103	91270956	9853	10	0	0	1	sparse	co_linked	2-1	2-1	True	11	0.182	0.167	loss	FP	FP
chr6	91261103	91270997	9894	10	0	0	1	sparse	co_linked	2-1	2-1	True	11	0.182	0.167	loss	FP	FP
chr6	91261103	91271487	10384	10	0	0	1	sparse	co_linked	2-1	2-1	True	11	0.182	0.16	loss	FP	FP
chr6	91261103	91272242	11139	10	0	0	1	sparse	co_linked	2-1	2-1	True	11	0.182	0.16	loss	FP	FP
chr6	91261103	91272254	11151	10	0	0	1	sparse	co_linked	2-1	2-1	True	11	0.182	0.16	loss	FP	FP
chr6	91269894	91270956	1062	18	0	0	3	co_linked	co_linked	2-1	2-1	True	21	0.174	0.167	loss	FP	FP
chr6	91269894	91270997	1103	18	0	0	3	co_linked	co_linked	2-1	2-1	True	21	0.174	0.167	loss	FP	FP
chr6	91269894	91271487	1593	18	0	0	3	co_linked	co_linked	2-1	2-1	True	21	0.174	0.16	loss	FP	FP
chr6	91269894	91272242	2348	18	0	0	3	co_linked	co_linked	2-1	2-1	True	21	0.174	0.16	loss	FP	FP
chr6	91269894	91272254	2360	18	0	0	3	co_linked	co_linked	2-1	2-1	True	21	0.174	0.16	loss	FP	FP
chr6	91270956	91270997	41	20	0	0	4	co_linked	co_linked	2-1	2-1	True	24	0.167	0.167	loss	FP	FP
chr6	91270956	91271487	531	19	0	0	3	co_linked	co_linked	2-1	2-1	True	22	0.167	0.16	loss	FP	FP
chr6	91270956	91272242	1286	18	0	0	3	co_linked	co_linked	2-1	2-1	True	21	0.167	0.16	loss	FP	FP
chr6	91270956	91272254	1298	18	0	0	3	co_linked	co_linked	2-1	2-1	True	21	0.167	0.16	loss	FP	FP
chr6	91270997	91271487	490	19	0	0	3	co_linked	co_linked	2-1	2-1	True	22	0.167	0.16	loss	FP	FP
chr6	91270997	91272242	1245	18	0	0	3	co_linked	co_linked	2-1	2-1	True	21	0.167	0.16	loss	FP	FP
chr6	91270997	91272254	1257	18	0	0	3	co_linked	co_linked	2-1	2-1	True	21	0.167	0.16	loss	FP	FP
chr6	91271487	91272242	755	20	0	0	3	co_linked	co_linked	2-1	2-1	True	23	0.16	0.16	loss	FP	FP
chr6	91271487	91272254	767	19	0	0	3	co_linked	co_linked	2-1	2-1	True	22	0.16	0.16	loss	FP	FP
chr6	91272242	91272254	12	20	0	0	4	co_linked	co_linked	2-1	2-1	True	24	0.16	0.16	loss	FP	FP
chr6	91787856	91789402	1546	15	0	0	2	co_linked	co_linked	1-1	1-1	True	17	0.136	0.143	loss	FP	FP
chr6	91787856	91791095	3239	14	0	0	2	co_linked	co_linked	1-1	1-1	True	16	0.136	0.136	loss	FP	FP
chr6	91787856	91793152	5296	14	0	0	2	co_linked	co_linked	1-1	1-1	True	16	0.136	0.143	loss	FP	FP
chr6	91789402	91791095	1693	16	0	0	3	co_linked	co_linked	1-1	1-1	True	19	0.143	0.136	loss	FP	FP
chr6	91789402	91793152	3750	15	0	0	3	co_linked	co_linked	1-1	1-1	True	18	0.143	0.143	loss	FP	FP
chr6	91791095	91793152	2057	16	0	0	3	co_linked	co_linked	1-1	1-1	True	19	0.136	0.143	loss	FP	FP
chr6	93070553	93082137	11584	14	0	0	3	co_linked	co_linked	2-1	2-1	True	17	0.172	0.138	loss	FP	FP
chr6	93143627	93159837	16210	1	0	0	6	co_linked	co_linked	2-1	2-1	True	7	0.913	0.966	loss	TP	TP
chr6	93823286	93826061	2775	23	0	0	4	co_linked	co_linked	2-1	2-1	True	27	0.161	0.133	loss	FP	FP
chr6	93824838	93828246	3408	20	0	0	5	co_linked	co_linked	2-1	2-1	True	25	0.179	0.147	loss	FP	FP
chr6	96741989	96751546	9557	0	0	0	6	co_linked	co_linked	2-1	2-1	True	6	0.962	0.917	loss	TP	TP
chr6	96889661	96894621	4960	15	0	0	4	co_linked	co_linked	1-1	1-1	True	19	0.208	0.192	loss	FP	FP
chr6	96889661	96894662	5001	15	0	0	4	co_linked	co_linked	1-1	1-1	True	19	0.208	0.2	loss	FP	FP
chr6	96889661	96907184	17523	6	0	0	2	co_linked	co_linked	1-1	1-1	True	8	0.208	0.16	loss	FP	FP
chr6	96894621	96894662	41	19	0	0	5	co_linked	co_linked	1-1	1-1	True	24	0.192	0.2	loss	FP	FP
chr6	96894621	96907184	12563	8	0	0	2	co_linked	co_linked	1-1	1-1	True	10	0.192	0.16	loss	FP	FP
chr6	96894662	96907184	12522	8	0	0	2	co_linked	co_linked	1-1	1-1	True	10	0.2	0.16	loss	FP	FP
chr6	97890583	97893118	2535	23	0	0	4	co_linked	co_linked	1-1	1-1	True	27	0.147	0.129	loss	FP	FP
chr6	97968580	97968582	2	16	0	0	3	co_linked	co_linked	1-1	1-1	True	19	0.158	0.158	loss	FP	FP
chr6	101349259	101372928	23669	1	0	0	6	co_linked	co_linked	2-1	2-1	True	7	0.818	0.96	loh	TP	TP
chr6	101356807	101378260	21453	1	0	0	5	co_linked	co_linked	2-1	2-1	True	6	0.829	0.923	loh	TP	TP
chr6	101409580	101433346	23766	0	0	0	8	co_linked	co_linked	2-1	2-1	True	8	1.0	0.938	loh	TP	TP
chr6	101563137	101565862	2725	27	0	0	4	co_linked	co_linked	1-1	1-1	True	31	0.103	0.125	loh	FP	FP
chr6	101808188	101809683	1495	12	0	0	3	co_linked	co_linked	2-1	2-1	True	15	0.188	0.176	loh	FP	FP
chr6	101808188	101810090	1902	13	0	0	3	co_linked	co_linked	2-1	2-1	True	16	0.188	0.167	loh	FP	FP
chr6	101808188	101810747	2559	12	0	0	3	co_linked	co_linked	2-1	2-1	True	15	0.188	0.19	loh	FP	FP
chr6	101808188	101810886	2698	12	0	0	3	co_linked	co_linked	2-1	2-1	True	15	0.188	0.19	loh	FP	FP
chr6	101808188	101810977	2789	12	0	0	3	co_linked	co_linked	2-1	2-1	True	15	0.188	0.19	loh	FP	FP
chr6	101808188	101812436	4248	10	0	0	3	co_linked	co_linked	2-1	2-1	True	13	0.188	0.2	loh	FP	FP
chr6	101808188	101812638	4450	9	0	0	3	co_linked	co_linked	2-1	2-1	True	12	0.188	0.222	loh	FP	FP
chr6	101808188	101812677	4489	10	0	0	3	co_linked	co_linked	2-1	2-1	True	13	0.188	0.2	loh	FP	FP
chr6	101808188	101812965	4777	10	0	0	3	co_linked	co_linked	2-1	2-1	True	13	0.188	0.19	loh	FP	FP
chr6	101808188	101813123	4935	10	0	0	3	co_linked	co_linked	2-1	2-1	True	13	0.188	0.19	loh	FP	FP
chr6	101808188	101814042	5854	9	0	0	3	co_linked	co_linked	2-1	2-1	True	12	0.188	0.19	loh	FP	FP
chr6	101808188	101814296	6108	8	0	0	3	co_linked	co_linked	2-1	2-1	True	11	0.188	0.222	loh	FP	FP
chr6	101808188	101814932	6744	7	0	0	3	co_linked	co_linked	2-1	2-1	True	10	0.188	0.2	loh	FP	FP
chr6	101808188	101814961	6773	7	0	0	3	co_linked	co_linked	2-1	2-1	True	10	0.188	0.2	loh	FP	FP
chr6	101808188	101815478	7290	7	0	0	3	co_linked	co_linked	2-1	2-1	True	10	0.188	0.2	loh	FP	FP
chr6	101808188	101815718	7530	7	0	0	3	co_linked	co_linked	2-1	2-1	True	10	0.188	0.2	loh	FP	FP
chr6	101808188	101815859	7671	7	0	0	3	co_linked	co_linked	2-1	2-1	True	10	0.188	0.19	loh	FP	FP
chr6	101809683	101810090	407	14	0	0	3	co_linked	co_linked	2-1	2-1	True	17	0.176	0.167	loh	FP	FP
chr6	101809683	101810747	1064	13	0	0	3	co_linked	co_linked	2-1	2-1	True	16	0.176	0.19	loh	FP	FP
chr6	101809683	101810886	1203	13	0	0	3	co_linked	co_linked	2-1	2-1	True	16	0.176	0.19	loh	FP	FP
chr6	101809683	101810977	1294	13	0	0	3	co_linked	co_linked	2-1	2-1	True	16	0.176	0.19	loh	FP	FP
chr6	101809683	101812436	2753	11	0	0	3	co_linked	co_linked	2-1	2-1	True	14	0.176	0.2	loh	FP	FP
chr6	101809683	101812638	2955	10	0	0	3	co_linked	co_linked	2-1	2-1	True	13	0.176	0.222	loh	FP	FP
chr6	101809683	101812677	2994	11	0	0	3	co_linked	co_linked	2-1	2-1	True	14	0.176	0.2	loh	FP	FP
chr6	101809683	101812965	3282	11	0	0	3	co_linked	co_linked	2-1	2-1	True	14	0.176	0.19	loh	FP	FP
chr6	101809683	101813123	3440	11	0	0	3	co_linked	co_linked	2-1	2-1	True	14	0.176	0.19	loh	FP	FP
chr6	101809683	101814042	4359	10	0	0	3	co_linked	co_linked	2-1	2-1	True	13	0.176	0.19	loh	FP	FP
chr6	101809683	101814296	4613	9	0	0	3	co_linked	co_linked	2-1	2-1	True	12	0.176	0.222	loh	FP	FP
chr6	101809683	101814932	5249	8	0	0	3	co_linked	co_linked	2-1	2-1	True	11	0.176	0.2	loh	FP	FP
chr6	101809683	101814961	5278	8	0	0	3	co_linked	co_linked	2-1	2-1	True	11	0.176	0.2	loh	FP	FP
chr6	101809683	101815478	5795	8	0	0	3	co_linked	co_linked	2-1	2-1	True	11	0.176	0.2	loh	FP	FP
chr6	101809683	101815718	6035	8	0	0	3	co_linked	co_linked	2-1	2-1	True	11	0.176	0.2	loh	FP	FP
chr6	101809683	101815859	6176	8	0	0	3	co_linked	co_linked	2-1	2-1	True	11	0.176	0.19	loh	FP	FP
chr6	101810090	101810747	657	14	0	0	3	co_linked	co_linked	2-1	2-1	True	17	0.167	0.19	loh	FP	FP
chr6	101810090	101810886	796	14	0	0	3	co_linked	co_linked	2-1	2-1	True	17	0.167	0.19	loh	FP	FP
chr6	101810090	101810977	887	14	0	0	3	co_linked	co_linked	2-1	2-1	True	17	0.167	0.19	loh	FP	FP
chr6	101810090	101812436	2346	12	0	0	3	co_linked	co_linked	2-1	2-1	True	15	0.167	0.2	loh	FP	FP
chr6	101810090	101812638	2548	11	0	0	3	co_linked	co_linked	2-1	2-1	True	14	0.167	0.222	loh	FP	FP
chr6	101810090	101812677	2587	12	0	0	3	co_linked	co_linked	2-1	2-1	True	15	0.167	0.2	loh	FP	FP
chr6	101810090	101812965	2875	12	0	0	3	co_linked	co_linked	2-1	2-1	True	15	0.167	0.19	loh	FP	FP
chr6	101810090	101813123	3033	12	0	0	3	co_linked	co_linked	2-1	2-1	True	15	0.167	0.19	loh	FP	FP
chr6	101810090	101814042	3952	11	0	0	3	co_linked	co_linked	2-1	2-1	True	14	0.167	0.19	loh	FP	FP
chr6	101810090	101814296	4206	10	0	0	3	co_linked	co_linked	2-1	2-1	True	13	0.167	0.222	loh	FP	FP
chr6	101810090	101814932	4842	9	0	0	3	co_linked	co_linked	2-1	2-1	True	12	0.167	0.2	loh	FP	FP
chr6	101810090	101814961	4871	9	0	0	3	co_linked	co_linked	2-1	2-1	True	12	0.167	0.2	loh	FP	FP
chr6	101810090	101815478	5388	9	0	0	3	co_linked	co_linked	2-1	2-1	True	12	0.167	0.2	loh	FP	FP
chr6	101810090	101815718	5628	9	0	0	3	co_linked	co_linked	2-1	2-1	True	12	0.167	0.2	loh	FP	FP
chr6	101810090	101815859	5769	9	0	0	3	co_linked	co_linked	2-1	2-1	True	12	0.167	0.19	loh	FP	FP
chr6	101810747	101810886	139	17	0	0	4	co_linked	co_linked	2-1	2-1	True	21	0.19	0.19	loh	FP	FP
chr6	101810747	101810977	230	17	0	0	4	co_linked	co_linked	2-1	2-1	True	21	0.19	0.19	loh	FP	FP
chr6	101810747	101812436	1689	15	0	0	4	co_linked	co_linked	2-1	2-1	True	19	0.19	0.2	loh	FP	FP
chr6	101810747	101812638	1891	13	0	0	4	co_linked	co_linked	2-1	2-1	True	17	0.19	0.222	loh	FP	FP
chr6	101810747	101812677	1930	15	0	0	4	co_linked	co_linked	2-1	2-1	True	19	0.19	0.2	loh	FP	FP
chr6	101810747	101812965	2218	15	0	0	4	co_linked	co_linked	2-1	2-1	True	19	0.19	0.19	loh	FP	FP
chr6	101810747	101813123	2376	15	0	0	4	co_linked	co_linked	2-1	2-1	True	19	0.19	0.19	loh	FP	FP
chr6	101810747	101814042	3295	14	0	0	4	co_linked	co_linked	2-1	2-1	True	18	0.19	0.19	loh	FP	FP
chr6	101810747	101814296	3549	11	0	0	4	co_linked	co_linked	2-1	2-1	True	15	0.19	0.222	loh	FP	FP
chr6	101810747	101814932	4185	11	0	0	4	co_linked	co_linked	2-1	2-1	True	15	0.19	0.2	loh	FP	FP
chr6	101810747	101814961	4214	11	0	0	4	co_linked	co_linked	2-1	2-1	True	15	0.19	0.2	loh	FP	FP
chr6	101810747	101815478	4731	11	0	0	4	co_linked	co_linked	2-1	2-1	True	15	0.19	0.2	loh	FP	FP
chr6	101810747	101815718	4971	11	0	0	4	co_linked	co_linked	2-1	2-1	True	15	0.19	0.2	loh	FP	FP
chr6	101810747	101815859	5112	11	0	0	4	co_linked	co_linked	2-1	2-1	True	15	0.19	0.19	loh	FP	FP
chr6	101810886	101810977	91	17	0	0	4	co_linked	co_linked	2-1	2-1	True	21	0.19	0.19	loh	FP	FP
chr6	101810886	101812436	1550	15	0	0	4	co_linked	co_linked	2-1	2-1	True	19	0.19	0.2	loh	FP	FP
chr6	101810886	101812638	1752	13	0	0	4	co_linked	co_linked	2-1	2-1	True	17	0.19	0.222	loh	FP	FP
chr6	101810886	101812677	1791	15	0	0	4	co_linked	co_linked	2-1	2-1	True	19	0.19	0.2	loh	FP	FP
chr6	101810886	101812965	2079	15	0	0	4	co_linked	co_linked	2-1	2-1	True	19	0.19	0.19	loh	FP	FP
chr6	101810886	101813123	2237	15	0	0	4	co_linked	co_linked	2-1	2-1	True	19	0.19	0.19	loh	FP	FP
chr6	101810886	101814042	3156	14	0	0	4	co_linked	co_linked	2-1	2-1	True	18	0.19	0.19	loh	FP	FP
chr6	101810886	101814296	3410	11	0	0	4	co_linked	co_linked	2-1	2-1	True	15	0.19	0.222	loh	FP	FP
chr6	101810886	101814932	4046	11	0	0	4	co_linked	co_linked	2-1	2-1	True	15	0.19	0.2	loh	FP	FP
chr6	101810886	101814961	4075	11	0	0	4	co_linked	co_linked	2-1	2-1	True	15	0.19	0.2	loh	FP	FP
chr6	101810886	101815478	4592	11	0	0	4	co_linked	co_linked	2-1	2-1	True	15	0.19	0.2	loh	FP	FP
chr6	101810886	101815718	4832	11	0	0	4	co_linked	co_linked	2-1	2-1	True	15	0.19	0.2	loh	FP	FP
chr6	101810886	101815859	4973	11	0	0	4	co_linked	co_linked	2-1	2-1	True	15	0.19	0.19	loh	FP	FP
chr6	101810977	101812436	1459	15	0	0	4	co_linked	co_linked	2-1	2-1	True	19	0.19	0.2	loh	FP	FP
chr6	101810977	101812638	1661	13	0	0	4	co_linked	co_linked	2-1	2-1	True	17	0.19	0.222	loh	FP	FP
chr6	101810977	101812677	1700	15	0	0	4	co_linked	co_linked	2-1	2-1	True	19	0.19	0.2	loh	FP	FP
chr6	101810977	101812965	1988	15	0	0	4	co_linked	co_linked	2-1	2-1	True	19	0.19	0.19	loh	FP	FP
chr6	101810977	101813123	2146	15	0	0	4	co_linked	co_linked	2-1	2-1	True	19	0.19	0.19	loh	FP	FP
chr6	101810977	101814042	3065	14	0	0	4	co_linked	co_linked	2-1	2-1	True	18	0.19	0.19	loh	FP	FP
chr6	101810977	101814296	3319	11	0	0	4	co_linked	co_linked	2-1	2-1	True	15	0.19	0.222	loh	FP	FP
chr6	101810977	101814932	3955	11	0	0	4	co_linked	co_linked	2-1	2-1	True	15	0.19	0.2	loh	FP	FP
chr6	101810977	101814961	3984	11	0	0	4	co_linked	co_linked	2-1	2-1	True	15	0.19	0.2	loh	FP	FP
chr6	101810977	101815478	4501	11	0	0	4	co_linked	co_linked	2-1	2-1	True	15	0.19	0.2	loh	FP	FP
chr6	101810977	101815718	4741	11	0	0	4	co_linked	co_linked	2-1	2-1	True	15	0.19	0.2	loh	FP	FP
chr6	101810977	101815859	4882	11	0	0	4	co_linked	co_linked	2-1	2-1	True	15	0.19	0.19	loh	FP	FP
chr6	101812436	101812638	202	14	0	0	4	co_linked	co_linked	2-1	2-1	True	18	0.2	0.222	loh	FP	FP
chr6	101812436	101812677	241	16	0	0	4	co_linked	co_linked	2-1	2-1	True	20	0.2	0.2	loh	FP	FP
chr6	101812436	101812965	529	16	0	0	4	co_linked	co_linked	2-1	2-1	True	20	0.2	0.19	loh	FP	FP
chr6	101812436	101813123	687	16	0	0	4	co_linked	co_linked	2-1	2-1	True	20	0.2	0.19	loh	FP	FP
chr6	101812436	101814042	1606	15	0	0	4	co_linked	co_linked	2-1	2-1	True	19	0.2	0.19	loh	FP	FP
chr6	101812436	101814296	1860	12	0	0	4	co_linked	co_linked	2-1	2-1	True	16	0.2	0.222	loh	FP	FP
chr6	101812436	101814932	2496	12	0	0	4	co_linked	co_linked	2-1	2-1	True	16	0.2	0.2	loh	FP	FP
chr6	101812436	101814961	2525	12	0	0	4	co_linked	co_linked	2-1	2-1	True	16	0.2	0.2	loh	FP	FP
chr6	101812436	101815478	3042	12	0	0	4	co_linked	co_linked	2-1	2-1	True	16	0.2	0.2	loh	FP	FP
chr6	101812436	101815718	3282	12	0	0	4	co_linked	co_linked	2-1	2-1	True	16	0.2	0.2	loh	FP	FP
chr6	101812436	101815859	3423	12	0	0	4	co_linked	co_linked	2-1	2-1	True	16	0.2	0.19	loh	FP	FP
chr6	101812638	101812677	39	14	0	0	4	co_linked	co_linked	2-1	2-1	True	18	0.222	0.2	loh	FP	FP
chr6	101812638	101812965	327	14	0	0	4	co_linked	co_linked	2-1	2-1	True	18	0.222	0.19	loh	FP	FP
chr6	101812638	101813123	485	14	0	0	4	co_linked	co_linked	2-1	2-1	True	18	0.222	0.19	loh	FP	FP
chr6	101812638	101814042	1404	13	0	0	4	co_linked	co_linked	2-1	2-1	True	17	0.222	0.19	loh	FP	FP
chr6	101812638	101814296	1658	11	0	0	4	co_linked	co_linked	2-1	2-1	True	15	0.222	0.222	loh	FP	FP
chr6	101812638	101814932	2294	10	0	0	4	co_linked	co_linked	2-1	2-1	True	14	0.222	0.2	loh	FP	FP
chr6	101812638	101814961	2323	10	0	0	4	co_linked	co_linked	2-1	2-1	True	14	0.222	0.2	loh	FP	FP
chr6	101812638	101815478	2840	10	0	0	4	co_linked	co_linked	2-1	2-1	True	14	0.222	0.2	loh	FP	FP
chr6	101812638	101815718	3080	10	0	0	4	co_linked	co_linked	2-1	2-1	True	14	0.222	0.2	loh	FP	FP
chr6	101812638	101815859	3221	10	0	0	4	co_linked	co_linked	2-1	2-1	True	14	0.222	0.19	loh	FP	FP
chr6	101812677	101812965	288	16	0	0	4	co_linked	co_linked	2-1	2-1	True	20	0.2	0.19	loh	FP	FP
chr6	101812677	101813123	446	16	0	0	4	co_linked	co_linked	2-1	2-1	True	20	0.2	0.19	loh	FP	FP
chr6	101812677	101814042	1365	15	0	0	4	co_linked	co_linked	2-1	2-1	True	19	0.2	0.19	loh	FP	FP
chr6	101812677	101814296	1619	12	0	0	4	co_linked	co_linked	2-1	2-1	True	16	0.2	0.222	loh	FP	FP
chr6	101812677	101814932	2255	12	0	0	4	co_linked	co_linked	2-1	2-1	True	16	0.2	0.2	loh	FP	FP
chr6	101812677	101814961	2284	12	0	0	4	co_linked	co_linked	2-1	2-1	True	16	0.2	0.2	loh	FP	FP
chr6	101812677	101815478	2801	12	0	0	4	co_linked	co_linked	2-1	2-1	True	16	0.2	0.2	loh	FP	FP
chr6	101812677	101815718	3041	12	0	0	4	co_linked	co_linked	2-1	2-1	True	16	0.2	0.2	loh	FP	FP
chr6	101812677	101815859	3182	12	0	0	4	co_linked	co_linked	2-1	2-1	True	16	0.2	0.19	loh	FP	FP
chr6	101812965	101813123	158	17	0	0	4	co_linked	co_linked	2-1	2-1	True	21	0.19	0.19	loh	FP	FP
chr6	101812965	101814042	1077	16	0	0	4	co_linked	co_linked	2-1	2-1	True	20	0.19	0.19	loh	FP	FP
chr6	101812965	101814296	1331	13	0	0	4	co_linked	co_linked	2-1	2-1	True	17	0.19	0.222	loh	FP	FP
chr6	101812965	101814932	1967	13	0	0	4	co_linked	co_linked	2-1	2-1	True	17	0.19	0.2	loh	FP	FP
chr6	101812965	101814961	1996	13	0	0	4	co_linked	co_linked	2-1	2-1	True	17	0.19	0.2	loh	FP	FP
chr6	101812965	101815478	2513	13	0	0	4	co_linked	co_linked	2-1	2-1	True	17	0.19	0.2	loh	FP	FP
chr6	101812965	101815718	2753	13	0	0	4	co_linked	co_linked	2-1	2-1	True	17	0.19	0.2	loh	FP	FP
chr6	101812965	101815859	2894	13	0	0	4	co_linked	co_linked	2-1	2-1	True	17	0.19	0.19	loh	FP	FP
chr6	101813123	101814042	919	16	0	0	4	co_linked	co_linked	2-1	2-1	True	20	0.19	0.19	loh	FP	FP
chr6	101813123	101814296	1173	13	0	0	4	co_linked	co_linked	2-1	2-1	True	17	0.19	0.222	loh	FP	FP
chr6	101813123	101814932	1809	13	0	0	4	co_linked	co_linked	2-1	2-1	True	17	0.19	0.2	loh	FP	FP
chr6	101813123	101814961	1838	13	0	0	4	co_linked	co_linked	2-1	2-1	True	17	0.19	0.2	loh	FP	FP
chr6	101813123	101815478	2355	13	0	0	4	co_linked	co_linked	2-1	2-1	True	17	0.19	0.2	loh	FP	FP
chr6	101813123	101815718	2595	13	0	0	4	co_linked	co_linked	2-1	2-1	True	17	0.19	0.2	loh	FP	FP
chr6	101813123	101815859	2736	13	0	0	4	co_linked	co_linked	2-1	2-1	True	17	0.19	0.19	loh	FP	FP
chr6	101814042	101814296	254	14	0	0	4	co_linked	co_linked	2-1	2-1	True	18	0.19	0.222	loh	FP	FP
chr6	101814042	101814932	890	14	0	0	4	co_linked	co_linked	2-1	2-1	True	18	0.19	0.2	loh	FP	FP
chr6	101814042	101814961	919	14	0	0	4	co_linked	co_linked	2-1	2-1	True	18	0.19	0.2	loh	FP	FP
chr6	101814042	101815478	1436	14	0	0	4	co_linked	co_linked	2-1	2-1	True	18	0.19	0.2	loh	FP	FP
chr6	101814042	101815718	1676	14	0	0	4	co_linked	co_linked	2-1	2-1	True	18	0.19	0.2	loh	FP	FP
chr6	101814042	101815859	1817	14	0	0	4	co_linked	co_linked	2-1	2-1	True	18	0.19	0.19	loh	FP	FP
chr6	101814296	101814932	636	12	0	0	4	co_linked	co_linked	2-1	2-1	True	16	0.222	0.2	loh	FP	FP
chr6	101814296	101814961	665	12	0	0	4	co_linked	co_linked	2-1	2-1	True	16	0.222	0.2	loh	FP	FP
chr6	101814296	101815478	1182	12	0	0	4	co_linked	co_linked	2-1	2-1	True	16	0.222	0.2	loh	FP	FP
chr6	101814296	101815718	1422	12	0	0	4	co_linked	co_linked	2-1	2-1	True	16	0.222	0.2	loh	FP	FP
chr6	101814296	101815859	1563	12	0	0	4	co_linked	co_linked	2-1	2-1	True	16	0.222	0.19	loh	FP	FP
chr6	101814932	101814961	29	16	0	0	4	co_linked	co_linked	2-1	2-1	True	20	0.2	0.2	loh	FP	FP
chr6	101814932	101815478	546	16	0	0	4	co_linked	co_linked	2-1	2-1	True	20	0.2	0.2	loh	FP	FP
chr6	101814932	101815718	786	15	0	0	4	co_linked	co_linked	2-1	2-1	True	19	0.2	0.2	loh	FP	FP
chr6	101814932	101815859	927	16	0	0	4	co_linked	co_linked	2-1	2-1	True	20	0.2	0.19	loh	FP	FP
chr6	101814961	101815478	517	16	0	0	4	co_linked	co_linked	2-1	2-1	True	20	0.2	0.2	loh	FP	FP
chr6	101814961	101815718	757	15	0	0	4	co_linked	co_linked	2-1	2-1	True	19	0.2	0.2	loh	FP	FP
chr6	101814961	101815859	898	16	0	0	4	co_linked	co_linked	2-1	2-1	True	20	0.2	0.19	loh	FP	FP
chr6	101815478	101815718	240	15	0	0	4	co_linked	co_linked	2-1	2-1	True	19	0.2	0.2	loh	FP	FP
chr6	101815478	101815859	381	16	0	0	4	co_linked	co_linked	2-1	2-1	True	20	0.2	0.19	loh	FP	FP
chr6	101815718	101815859	141	16	0	0	4	co_linked	co_linked	2-1	2-1	True	20	0.2	0.19	loh	FP	FP
chr6	106829794	106832025	2231	4	0	0	57	co_linked	co_linked	2-1	2-1	True	61	0.934	0.957	loh	TP	TP
chr6	106829794	106860604	30810	0	0	0	8	co_linked	co_linked	2-1	2-1	True	8	0.934	0.986	loh	TP	TP
chr6	106832025	106860604	28579	0	0	0	12	co_linked	co_linked	2-1	2-1	True	12	0.957	0.986	loh	TP	TP
chr6	106860604	106873769	13165	0	0	0	25	co_linked	co_linked	2-1	2-1	True	25	0.986	0.9	loh	TP	TP
chr6	110206651	110216107	9456	0	0	0	39	co_linked	co_linked	3	3	True	39	0.978	0.941	loh	TP	TP
chr6	110376615	110389456	12841	0	0	0	28	co_linked	co_linked	2-1	2-1	True	28	0.973	0.977	loh	TP	TP
chr6	114151519	114167921	16402	2	0	0	22	co_linked	co_linked	2-1	2-1	True	24	0.941	0.976	loh	TP	TP
chr6	114151519	114167931	16412	2	0	0	23	co_linked	co_linked	2-1	2-1	True	25	0.941	0.966	loh	TP	TP
chr6	114594184	114612415	18231	0	0	0	13	co_linked	co_linked	2-1	2-1	True	13	0.94	0.97	loh	TP	TP
chr6	116084471	116114194	29723	7	0	0	2	co_linked	co_linked	2-1	2-1	True	9	0.246	0.317	gain	TP	TP
chr6	118305420	118305421	1	91	0	0	27	co_linked	co_linked	1-1	1-1	True	118	0.229	0.229	gain	TP	TP
chr6	118687137	118701624	14487	22	0	0	14	co_linked	co_linked	1-1	1-1	True	36	0.357	0.358	gain	TP	TP
chr6	118880445	118880446	1	92	0	0	33	co_linked	co_linked	1-1	1-1	True	125	0.264	0.27	gain	TP	TP
chr6	118909754	118939898	30144	2	0	0	7	co_linked	co_linked	1-1	1-1	True	9	0.638	0.738	gain	TP	TP
chr6	119907932	119925876	17944	23	0	0	1	sparse	co_linked	1-1	1-1	True	24	0.21	0.214	gain	TP	TP
chr6	120711923	120725773	13850	37	0	0	6	co_linked	co_linked	1-1	1-1	True	43	0.172	0.183	gain	TP	TP
chr6	120725773	120754768	28995	8	0	0	2	co_linked	co_linked	1-1	1-1	True	10	0.183	0.202	gain	TP	TP
chr6	120725773	120757407	31634	5	0	0	2	co_linked	co_linked	1-1	1-1	True	7	0.183	0.23	gain	TP	TP
chr6	120725773	120759321	33548	4	0	0	2	co_linked	co_linked	1-1	1-1	True	6	0.183	0.182	gain	TP	TP
chr6	120732638	120754768	22130	13	0	0	3	co_linked	co_linked	1-1	1-1	True	16	0.189	0.202	gain	TP	TP
chr6	120732638	120757407	24769	9	0	0	3	co_linked	co_linked	1-1	1-1	True	12	0.189	0.23	gain	TP	TP
chr6	120732638	120759321	26683	9	0	0	3	co_linked	co_linked	1-1	1-1	True	12	0.189	0.182	gain	TP	TP
chr6	120757407	120775929	18522	14	0	0	5	co_linked	co_linked	1-1	1-1	True	19	0.23	0.198	gain	TP	TP
chr6	120759321	120775929	16608	17	0	0	5	co_linked	co_linked	1-1	1-1	True	22	0.182	0.198	gain	TP	TP
chr6	120775929	120797113	21184	11	0	0	4	co_linked	co_linked	1-1	1-1	True	15	0.198	0.244	gain	TP	TP
chr6	120799771	120801581	1810	53	0	0	17	co_linked	co_linked	1-1	1-1	True	70	0.25	0.277	gain	TP	TP
chr6	120799771	120814117	14346	20	0	0	10	co_linked	co_linked	1-1	1-1	True	30	0.25	0.256	gain	TP	TP
chr6	120799771	120814216	14445	20	0	0	10	co_linked	co_linked	1-1	1-1	True	30	0.25	0.261	gain	TP	TP
chr6	120799771	120817972	18201	15	0	0	10	co_linked	co_linked	1-1	1-1	True	25	0.25	0.281	gain	TP	TP
chr6	120801581	120814117	12536	21	0	0	14	co_linked	co_linked	1-1	1-1	True	35	0.277	0.256	gain	TP	TP
chr6	120801581	120814216	12635	21	0	0	14	co_linked	co_linked	1-1	1-1	True	35	0.277	0.261	gain	TP	TP
chr6	120801581	120817972	16391	15	0	0	14	co_linked	co_linked	1-1	1-1	True	29	0.277	0.281	gain	TP	TP
chr6	120814117	120814216	99	64	0	0	22	co_linked	co_linked	1-1	1-1	True	86	0.256	0.261	gain	TP	TP
chr6	120814117	120817972	3855	47	0	0	23	co_linked	co_linked	1-1	1-1	True	70	0.256	0.281	gain	TP	TP
chr6	120814117	120847397	33280	5	0	0	2	co_linked	co_linked	1-1	1-1	True	7	0.256	0.221	gain	TP	TP
chr6	120814216	120817972	3756	45	0	0	22	co_linked	co_linked	1-1	1-1	True	67	0.261	0.281	gain	TP	TP
chr6	120814216	120847397	33181	5	0	0	2	co_linked	co_linked	1-1	1-1	True	7	0.261	0.221	gain	TP	TP
chr6	120817972	120847397	29425	6	0	0	2	co_linked	co_linked	1-1	1-1	True	8	0.281	0.221	gain	TP	TP
chr6	121417235	121445476	28241	8	0	0	1	sparse	co_linked	1-1	1-1	True	9	0.122	0.178	gain	TP	FP
chr6	121464887	121484993	20106	14	0	0	5	co_linked	co_linked	1-1	1-1	True	19	0.186	0.112	gain	TP	TP
chr6	121484993	121502870	17877	20	0	0	3	co_linked	co_linked	1-1	1-1	True	23	0.112	0.255	gain	TP	TP
chr6	121653103	121653104	1	82	0	0	23	co_linked	co_linked	1-1	1-1	True	105	0.229	0.219	gain	TP	TP
chr6	122304807	122320477	15670	27	0	0	5	co_linked	co_linked	1-1	1-1	True	32	0.171	0.215	gain	TP	TP
chr6	122320477	122345188	24711	10	0	0	2	co_linked	co_linked	1-1	1-1	True	12	0.215	0.243	gain	TP	TP
chr6	128905106	128905107	1	60	0	0	20	co_linked	co_linked	1-1	1-1	True	80	0.25	0.259	gain	TP	TP
chr6	129228700	129241246	12546	20	0	0	6	co_linked	co_linked	2-1	2-1	True	26	0.311	0.354	gain	TP	TP
chr6	130910519	130930099	19580	5	0	0	6	co_linked	co_linked	3	3	True	11	0.397	0.321	gain	TP	TP
chr6	133668446	133685657	17211	19	0	0	3	co_linked	co_linked	2-1	2-1	True	22	0.345	0.262	gain	TP	TP
chr6	136229350	136229351	1	63	0	0	10	co_linked	co_linked	1-1	1-1	True	73	0.137	0.137	gain	FP	FP
chr6	136288168	136299407	11239	18	0	0	6	co_linked	co_linked	1-1	1-1	True	24	0.259	0.268	gain	TP	TP
chr6	136288168	136315696	27528	4	0	0	3	co_linked	co_linked	1-1	1-1	True	7	0.259	0.377	gain	TP	TP
chr6	136299407	136315696	16289	12	0	0	7	co_linked	co_linked	1-1	1-1	True	19	0.268	0.377	gain	TP	TP
chr6	136798862	136798863	1	51	0	0	28	co_linked	co_linked	2-1	2-1	True	79	0.362	0.341	gain	TP	TP
chr6	139376745	139403029	26284	5	0	0	3	co_linked	co_linked	2-1	2-1	True	8	0.375	0.38	gain	TP	TP
chr6	139478736	139509508	30772	0	0	0	8	co_linked	co_linked	2-1	2-1	True	8	0.929	1.0	gain	TP	TP
chr6	139870607	139873840	3233	3	0	0	61	co_linked	co_linked	2-1	2-1	True	64	0.962	0.965	gain	TP	TP
chr6	140622980	140644411	21431	9	0	0	7	co_linked	co_linked	1-1	1-1	True	16	0.385	0.38	gain	TP	TP
chr6	142747939	142760564	12625	14	0	0	6	co_linked	co_linked	1-1	1-1	True	20	0.339	0.284	gain	TP	TP
chr6	144872854	144895945	23091	0	0	0	7	co_linked	co_linked	2-1	2-1	True	7	0.961	0.982	gain	TP	TP
chr6	147388112	147403636	15524	0	0	0	15	co_linked	co_linked	1-1	1-1	True	15	0.985	0.924	gain	TP	TP
chr6	150955801	150965818	10017	0	0	0	32	co_linked	co_linked	1-1	1-1	True	32	1.0	1.0	gain	TP	TP
chr6	151141511	151142442	931	71	0	0	4	co_linked	co_linked	3	3	True	75	0.049	0.049	gain	FP	FP
chr6	153643103	153667554	24451	2	0	0	5	co_linked	co_linked	1-1	1-1	True	7	0.346	0.338	gain	TP	TP
chr6	155858701	155859045	344	78	0	0	6	co_linked	co_linked	1-1	1-1	True	84	0.07	0.071	gain	FP	FP
chr6	156376321	156376391	70	71	0	0	3	co_linked	co_linked	2-1	2-1	True	74	0.04	0.04	gain	FP	FP
chr6	157249007	157249008	1	62	0	0	20	co_linked	co_linked	2-1	2-1	True	82	0.276	0.253	gain	TP	TP
chr6	162055057	162055625	568	48	0	0	2	co_linked	co_linked	3	3	True	50	0.036	0.039	loh	FP	FP
chr6	162055057	162055673	616	48	0	0	2	co_linked	co_linked	3	3	True	50	0.036	0.038	loh	FP	FP
chr6	162055625	162055673	48	48	0	0	2	co_linked	co_linked	3	3	True	50	0.039	0.038	loh	FP	FP
chr6	162269785	162270540	755	31	0	0	3	co_linked	co_linked	1-1	1-1	True	34	0.079	0.083	loh	FP	FP
chr6	162362833	162364468	1635	33	0	0	3	co_linked	co_linked	1-1	1-1	True	36	0.067	0.071	loh	FP	FP
chr6	164170908	164182578	11670	10	0	0	7	co_linked	co_linked	2-1	2-1	True	17	0.471	0.556	loh	TP	TP
chr6	164671434	164695550	24116	0	0	0	10	co_linked	co_linked	2-1	2-1	True	10	0.98	0.984	loh	TP	TP
chr6	165740398	165753474	13076	0	0	0	14	co_linked	co_linked	3	3	True	14	0.978	0.98	loh	TP	TP
chr6	165980029	165980348	319	46	0	0	4	co_linked	co_linked	2-1	2-1	True	50	0.077	0.077	loh	FP	FP
chr6	166201632	166201633	1	0	0	0	39	co_linked	co_linked	2-1	2-1	True	39	1.0	1.0	loh	TP	TP
chr6	168726922	168757159	30237	5	0	0	1	sparse	co_linked	2-1	2-1	True	6	0.424	0.32	gain	TP	TP
chr6	169154623	169164628	10005	27	0	0	10	co_linked	co_linked	1-1	1-1	True	37	0.349	0.398	gain	TP	TP
chr6	170381728	170408269	26541	5	0	0	2	co_linked	co_linked	2-1	2-1	True	7	0.299	0.367	gain	TP	TP
chr6	170395858	170397106	1248	71	0	0	5	co_linked	co_linked	1-1	1-1	True	76	0.07	0.058	gain	FP	FP
chr11	4367179	4389929	22750	5	0	0	10	co_linked	co_linked	1-1	1-1	True	15	0.5	0.597	loh	TP	TP
chr11	5789437	5811770	22333	0	0	0	6	co_linked	co_linked	1-1	1-1	True	6	0.98	1.0	loh	TP	TP
chr11	5996029	5999436	3407	1	0	0	26	co_linked	co_linked	1-1	1-1	True	27	0.972	0.979	loh	TP	TP
chr11	6365219	6392962	27743	1	0	0	6	co_linked	co_linked	2-1	2-1	True	7	0.941	0.964	loh	TP	TP
chr11	6372929	6389322	16393	0	0	0	12	co_linked	co_linked	2-1	2-1	True	12	0.922	0.967	loh	TP	TP
chr11	6372929	6392962	20033	1	0	0	12	co_linked	co_linked	2-1	2-1	True	13	0.922	0.964	loh	TP	TP
chr11	6372929	6401001	28072	1	0	0	8	co_linked	co_linked	2-1	2-1	True	9	0.922	0.969	loh	TP	TP
chr11	6372929	6401237	28308	1	0	0	8	co_linked	co_linked	2-1	2-1	True	9	0.922	0.954	loh	TP	TP
chr11	6389322	6401001	11679	0	0	0	22	co_linked	co_linked	2-1	2-1	True	22	0.967	0.969	loh	TP	TP
chr11	6389322	6410864	21542	0	0	0	7	co_linked	co_linked	2-1	2-1	True	7	0.967	0.957	loh	TP	TP
chr11	6389322	6411766	22444	0	0	0	7	co_linked	co_linked	2-1	2-1	True	7	0.967	1.0	loh	TP	TP
chr11	6392962	6401001	8039	2	0	0	24	co_linked	co_linked	2-1	2-1	True	26	0.964	0.969	loh	TP	TP
chr11	6392962	6410864	17902	0	0	0	7	co_linked	co_linked	2-1	2-1	True	7	0.964	0.957	loh	TP	TP
chr11	6392962	6411766	18804	0	0	0	7	co_linked	co_linked	2-1	2-1	True	7	0.964	1.0	loh	TP	TP
chr11	6401001	6411766	10765	0	0	0	21	co_linked	co_linked	2-1	2-1	True	21	0.969	1.0	loh	TP	TP
chr11	6401001	6416864	15863	0	0	0	10	co_linked	co_linked	2-1	2-1	True	10	0.969	1.0	loh	TP	TP
chr11	6401237	6410518	9281	1	0	0	22	co_linked	co_linked	2-1	2-1	True	23	0.954	0.979	loh	TP	TP
chr11	6411766	6416864	5098	0	0	0	22	co_linked	co_linked	2-1	2-1	True	22	1.0	1.0	loh	TP	TP
chr11	6411766	6426693	14927	0	0	0	12	co_linked	co_linked	2-1	2-1	True	12	1.0	0.94	loh	TP	TP
chr11	6411766	6426799	15033	0	0	0	12	co_linked	co_linked	2-1	2-1	True	12	1.0	0.886	loh	TP	TP
chr11	6411766	6426906	15140	0	0	0	12	co_linked	co_linked	2-1	2-1	True	12	1.0	0.935	loh	TP	TP
chr11	6411766	6428458	16692	0	0	0	10	co_linked	co_linked	2-1	2-1	True	10	1.0	0.945	loh	TP	TP
chr11	6416864	6426693	9829	0	0	0	22	co_linked	co_linked	2-1	2-1	True	22	1.0	0.94	loh	TP	TP
chr11	6416864	6426906	10042	0	0	0	21	co_linked	co_linked	2-1	2-1	True	21	1.0	0.935	loh	TP	TP
chr11	6416864	6428458	11594	0	0	0	20	co_linked	co_linked	2-1	2-1	True	20	1.0	0.945	loh	TP	TP
chr11	6428458	6453269	24811	1	0	0	5	co_linked	co_linked	2-1	2-1	True	6	0.945	0.934	loh	TP	TP
chr11	6428458	6454137	25679	1	0	0	5	co_linked	co_linked	2-1	2-1	True	6	0.945	0.952	loh	TP	TP
chr11	10132548	10132687	139	38	0	0	3	co_linked	co_linked	2-1	2-1	True	41	0.068	0.07	loh	FP	FP
chr11	10132548	10149853	17305	11	0	0	1	sparse	co_linked	2-1	2-1	True	12	0.068	0.03	loh	FP	FP
chr11	10132687	10149853	17166	10	0	0	1	sparse	co_linked	2-1	2-1	True	11	0.07	0.03	loh	FP	FP
chr11	10782772	10783609	837	41	0	0	2	co_linked	co_linked	3	3	True	43	0.041	0.042	loh	FP	FP
chr11	10783912	10799508	15596	9	0	0	2	co_linked	co_linked	3	3	True	11	0.104	0.077	loh	FP	FP
chr11	10783912	10801532	17620	8	0	0	2	co_linked	co_linked	3	3	True	10	0.104	0.06	loh	FP	FP
chr11	10783912	10803184	19272	6	0	0	2	co_linked	co_linked	3	3	True	8	0.104	0.059	loh	FP	FP
chr11	10784325	10799508	15183	9	0	0	2	co_linked	co_linked	3	3	True	11	0.083	0.077	loh	FP	FP
chr11	10784325	10801532	17207	8	0	0	2	co_linked	co_linked	3	3	True	10	0.083	0.06	loh	FP	FP
chr11	10784325	10803184	18859	6	0	0	2	co_linked	co_linked	3	3	True	8	0.083	0.059	loh	FP	FP
chr11	10799508	10801532	2024	36	0	0	3	co_linked	co_linked	3	3	True	39	0.077	0.06	loh	FP	FP
chr11	10799508	10803184	3676	30	0	0	3	co_linked	co_linked	3	3	True	33	0.077	0.059	loh	FP	FP
chr11	10801532	10803184	1652	36	0	0	3	co_linked	co_linked	3	3	True	39	0.06	0.059	loh	FP	FP
chr11	11299397	11299403	6	0	0	0	61	co_linked	co_linked	2-1	2-1	True	61	1.0	0.984	loh	TP	TP
chr11	11932897	11933561	664	43	0	0	4	co_linked	co_linked	1-1	1-1	True	47	0.077	0.077	loh	FP	FP
chr11	15525167	15545245	20078	4	0	0	5	co_linked	co_linked	2-1	2-1	True	9	0.62	0.526	loh	TP	TP
chr11	17770383	17771170	787	0	0	0	52	co_linked	co_linked	2-1	2-1	True	52	1.0	1.0	loh	TP	TP
chr11	20962531	20971942	9411	27	0	0	2	co_linked	co_linked	1-1	1-1	True	29	0.034	0.048	loh	FP	FP
chr11	23500090	23529398	29308	0	0	0	6	co_linked	co_linked	2-1	2-1	True	6	0.965	0.962	loh	TP	TP
chr11	25005752	25022694	16942	8	0	0	6	co_linked	co_linked	2-1	2-1	True	14	0.521	0.377	loh	TP	TP
chr11	26162822	26191408	28586	0	0	0	6	co_linked	co_linked	1-1	1-1	True	6	0.942	0.938	loh	TP	TP
chr11	28562267	28562421	154	45	0	0	5	co_linked	co_linked	3	3	True	50	0.1	0.096	loh	FP	FP
chr11	28562267	28566879	4612	25	0	0	5	co_linked	co_linked	3	3	True	30	0.1	0.125	loh	FP	FP
chr11	28562421	28566879	4458	27	0	0	5	co_linked	co_linked	3	3	True	32	0.096	0.125	loh	FP	FP
chr11	30203740	30206197	2457	0	0	0	39	co_linked	co_linked	2-1	2-1	True	39	1.0	0.983	loh	TP	TP
chr11	34343340	34366227	22887	0	0	0	9	co_linked	co_linked	2-1	2-1	True	9	0.963	1.0	loh	TP	TP
chr11	36562925	36565467	2542	39	0	0	2	co_linked	co_linked	3	3	True	41	0.054	0.039	loh	FP	FP
chr11	38069050	38076287	7237	26	0	0	3	co_linked	co_linked	1-1	1-1	True	29	0.07	0.068	loh	FP	FP
chr11	38069050	38077619	8569	23	0	0	2	co_linked	co_linked	1-1	1-1	True	25	0.07	0.054	loh	FP	FP
chr11	38069050	38080327	11277	17	0	0	2	co_linked	co_linked	1-1	1-1	True	19	0.07	0.066	loh	FP	FP
chr11	38076287	38077619	1332	47	0	0	2	co_linked	co_linked	1-1	1-1	True	49	0.068	0.054	loh	FP	FP
chr11	38076287	38080327	4040	36	0	0	3	co_linked	co_linked	1-1	1-1	True	39	0.068	0.066	loh	FP	FP
chr11	38077619	38080327	2708	39	0	0	3	co_linked	co_linked	1-1	1-1	True	42	0.054	0.066	loh	FP	FP
chr11	39151770	39160641	8871	27	0	0	3	co_linked	co_linked	1-1	1-1	True	30	0.065	0.057	loh	FP	FP
chr11	39151770	39163119	11349	21	0	0	3	co_linked	co_linked	1-1	1-1	True	24	0.065	0.052	loh	FP	FP
chr11	39160641	39163119	2478	35	0	0	3	co_linked	co_linked	1-1	1-1	True	38	0.057	0.052	loh	FP	FP
chr11	39238524	39263501	24977	0	0	0	7	co_linked	co_linked	1-1	1-1	True	7	1.0	0.877	loh	TP	TP
chr11	39238524	39263502	24978	0	0	0	7	co_linked	co_linked	1-1	1-1	True	7	1.0	0.945	loh	TP	TP
chr11	44842938	44845219	2281	3	0	0	33	co_linked	co_linked	1-1	1-1	True	36	0.945	0.943	loh	TP	TP
chr11	45662542	45676207	13665	0	0	0	17	co_linked	co_linked	2-1	2-1	True	17	0.983	0.981	loh	TP	TP
chr11	47286025	47306563	20538	3	0	0	3	co_linked	co_linked	2-1	2-1	True	6	0.528	0.442	loh	TP	TP
chr11	48278433	48292993	14560	5	0	0	3	co_linked	co_linked	2-1	2-1	True	8	0.414	0.577	loh	TP	TP
chr11	48278433	48292994	14561	5	0	0	3	co_linked	co_linked	2-1	2-1	True	8	0.414	0.566	loh	TP	TP
chr11	48865480	48888347	22867	0	0	0	8	co_linked	co_linked	2-1	2-1	True	8	0.945	0.98	loh	TP	TP
chr11	56231406	56257493	26087	3	0	0	4	co_linked	co_linked	1-1	1-1	True	7	0.449	0.585	gain	TP	TP
chr11	56436012	56436032	20	64	0	0	36	co_linked	co_linked	2-1	2-1	True	100	0.36	0.36	gain	TP	TP
chr11	60120811	60147250	26439	9	0	0	1	sparse	co_linked	2-1	2-1	True	10	0.189	0.218	gain	TP	TP
chr11	61485250	61508413	23163	8	0	0	8	co_linked	co_linked	2-1	2-1	True	16	0.6	0.512	gain	TP	TP
chr11	61581011	61608222	27211	10	0	0	5	co_linked	co_linked	2-1	2-1	True	15	0.551	0.506	gain	TP	TP
chr11	63355151	63388797	33646	4	0	0	4	co_linked	co_linked	2-1	2-1	True	8	0.493	0.601	gain	TP	TP
chr11	64388906	64421773	32867	4	0	0	4	co_linked	co_linked	2-1	2-1	True	8	0.582	0.6	gain	TP	TP
chr11	64421773	64439265	17492	13	0	0	21	co_linked	co_linked	2-1	2-1	True	34	0.6	0.56	gain	TP	TP
chr11	64625649	64662387	36738	3	0	0	5	co_linked	co_linked	2-1	2-1	True	8	0.545	0.556	gain	TP	TP
chr11	66417115	66444897	27782	4	0	0	6	co_linked	co_linked	1-1	1-1	True	10	0.493	0.436	gain	TP	TP
chr11	67069450	67097786	28336	14	0	0	2	co_linked	co_linked	2-1	2-1	True	16	0.138	0.177	gain	TP	TP
chr11	71439201	71440494	1293	31	0	0	4	co_linked	co_linked	1-1	1-1	True	35	0.085	0.14	loh	FP	FP
chr11	71452563	71474976	22413	0	0	0	8	co_linked	co_linked	2-1	2-1	True	8	0.887	0.905	loh	TP	TP
chr11	75009548	75010628	1080	40	0	0	4	co_linked	co_linked	2-1	2-1	True	44	0.083	0.085	loh	FP	FP
chr11	75009548	75017508	7960	26	0	0	3	co_linked	co_linked	2-1	2-1	True	29	0.083	0.078	loh	FP	FP
chr11	75010628	75017508	6880	26	0	0	3	co_linked	co_linked	2-1	2-1	True	29	0.085	0.078	loh	FP	FP
chr11	77801217	77825220	24003	0	0	0	7	co_linked	co_linked	2-1	2-1	True	7	0.933	1.0	loh	TP	TP
chr11	78234045	78252935	18890	1	0	0	7	co_linked	co_linked	2-1	2-1	True	8	0.98	0.964	loh	TP	TP
chr11	81138923	81158134	19211	1	0	0	10	co_linked	co_linked	2-1	2-1	True	11	0.98	0.933	loh	TP	TP
chr11	89056991	89082280	25289	0	0	0	8	co_linked	co_linked	1-1	1-1	True	8	0.97	0.905	loh	TP	TP
chr11	89181163	89181247	84	42	0	0	2	co_linked	co_linked	2-1	2-1	True	44	0.045	0.045	loh	FP	FP
chr11	89181163	89188389	7226	24	0	0	2	co_linked	co_linked	2-1	2-1	True	26	0.045	0.098	loh	FP	FP
chr11	89181163	89192160	10997	18	0	0	2	co_linked	co_linked	2-1	2-1	True	20	0.045	0.077	loh	FP	FP
chr11	89181247	89188389	7142	24	0	0	2	co_linked	co_linked	2-1	2-1	True	26	0.045	0.098	loh	FP	FP
chr11	89181247	89192160	10913	18	0	0	2	co_linked	co_linked	2-1	2-1	True	20	0.045	0.077	loh	FP	FP
chr11	95327838	95327839	1	37	0	0	23	co_linked	co_linked	2-1	2-1	True	60	0.383	0.383	loh	TP	TP
chr11	95327838	95327840	2	37	0	0	23	co_linked	co_linked	2-1	2-1	True	60	0.383	0.383	loh	TP	TP
chr11	95327839	95327840	1	37	0	0	23	co_linked	co_linked	2-1	2-1	True	60	0.383	0.383	loh	TP	TP
chr11	95742420	95768460	26040	0	0	0	10	co_linked	co_linked	2-1	2-1	True	10	0.943	0.938	loh	TP	TP
chr11	95842920	95866947	24027	7	0	0	6	co_linked	co_linked	2-1	2-1	True	13	0.46	0.558	loh	TP	TP
chr11	102475819	102491130	15311	1	0	0	9	co_linked	co_linked	2-1	2-1	True	10	0.946	0.918	loh	TP	TP
chr11	102491130	102519355	28225	2	0	0	6	co_linked	co_linked	2-1	2-1	True	8	0.918	0.909	loh	TP	TP
chr11	102500214	102519355	19141	2	0	0	9	co_linked	co_linked	2-1	2-1	True	11	0.951	0.909	loh	TP	TP
chr11	104128400	104139575	11175	0	0	0	20	co_linked	co_linked	1-1	1-1	True	20	0.966	1.0	loh	TP	TP
chr11	106147224	106152522	5298	0	0	0	36	co_linked	co_linked	1-1	1-1	True	36	0.983	1.0	loh	TP	TP
chr11	113896780	113916298	19518	0	0	0	15	co_linked	co_linked	2-1	2-1	True	15	0.973	0.967	loh	TP	TP
chr11	116902666	116913495	10829	1	0	0	26	co_linked	co_linked	2-1	2-1	True	27	0.952	0.947	loh	TP	TP
chr11	120985577	121010373	24796	0	0	0	9	co_linked	co_linked	1-1	1-1	True	9	0.958	0.985	loh	TP	TP
chr11	123390066	123390701	635	50	0	0	3	co_linked	co_linked	1-1	1-1	True	53	0.055	0.055	loh	FP	FP
chr11	129694474	129694502	28	50	0	0	2	co_linked	co_linked	1-1	1-1	True	52	0.038	0.038	loh	FP	FP
chr11	130805184	130817532	12348	1	0	0	14	co_linked	co_linked	2-1	2-1	True	15	0.952	0.978	loh	TP	TP
chr16	998575	1012468	13893	24	0	0	8	co_linked	co_linked	2-1	2-1	True	32	0.273	0.39	gain	TP	TP
chr16	2820901	2836106	15205	16	0	0	3	co_linked	co_linked	1-1	1-1	True	19	0.316	0.284	gain	TP	TP
chr16	2887982	2909578	21596	11	0	0	7	co_linked	co_linked	1-1	1-1	True	18	0.342	0.295	gain	TP	TP
chr16	3992762	3998134	5372	34	0	0	21	co_linked	co_linked	1-1	1-1	True	55	0.396	0.342	gain	TP	TP
chr16	7153236	7156932	3696	30	0	0	19	co_linked	co_linked	2-1	2-1	True	49	0.423	0.352	gain	TP	TP
chr16	9059272	9075353	16081	9	0	0	13	co_linked	co_linked	2-1	2-1	True	22	0.619	0.699	gain	TP	TP
chr16	9454330	9470521	16191	12	0	0	8	co_linked	co_linked	1-1	1-1	True	20	0.326	0.327	gain	TP	TP
chr16	9454330	9478530	24200	9	0	0	4	co_linked	co_linked	1-1	1-1	True	13	0.326	0.22	gain	TP	TP
chr16	10317751	10335833	18082	28	0	0	3	co_linked	co_linked	1-1	1-1	True	31	0.223	0.172	gain	TP	TP
chr16	10416443	10443533	27090	9	0	0	3	co_linked	co_linked	2-1	2-1	True	12	0.152	0.189	gain	TP	TP
chr16	10416443	10443534	27091	9	0	0	3	co_linked	co_linked	2-1	2-1	True	12	0.152	0.188	gain	TP	TP
chr16	11041423	11058124	16701	19	0	0	13	co_linked	co_linked	2-1	2-1	True	32	0.41	0.414	gain	TP	TP
chr16	11041423	11058125	16702	19	0	0	13	co_linked	co_linked	2-1	2-1	True	32	0.41	0.402	gain	TP	TP
chr16	11041423	11059959	18536	16	0	0	13	co_linked	co_linked	2-1	2-1	True	29	0.41	0.45	gain	TP	TP
chr16	14031338	14032111	773	119	0	0	26	co_linked	co_linked	2-1	2-1	True	145	0.193	0.189	gain	TP	TP
chr16	14655442	14670352	14910	26	0	0	12	co_linked	co_linked	2-1	2-1	True	38	0.388	0.378	gain	TP	TP
chr16	16002508	16035984	33476	6	0	0	4	co_linked	co_linked	2-1	2-1	True	10	0.325	0.32	gain	TP	TP
chr16	17689098	17701410	12312	30	0	0	9	co_linked	co_linked	2-1	2-1	True	39	0.218	0.206	gain	TP	TP
chr16	18856126	18886582	30456	10	0	0	3	co_linked	co_linked	2-1	2-1	True	13	0.171	0.224	gain	TP	TP
chr16	19224087	19246217	22130	17	0	0	10	co_linked	co_linked	2-1	2-1	True	27	0.291	0.374	gain	TP	TP
chr16	20744236	20770863	26627	11	0	0	6	co_linked	co_linked	1-1	1-1	True	17	0.329	0.293	gain	TP	TP
chr16	21176106	21192715	16609	41	0	0	6	co_linked	co_linked	2-1	2-1	True	47	0.187	0.126	gain	TP	TP
chr16	23847981	23883889	35908	4	0	0	6	co_linked	co_linked	2-1	2-1	True	10	0.47	0.481	gain	TP	TP
chr16	24020524	24050309	29785	6	0	0	1	sparse	co_linked	1-1	1-1	True	7	0.266	0.225	gain	TP	TP
chr16	24215029	24241532	26503	3	0	0	9	co_linked	co_linked	2-1	2-1	True	12	0.505	0.571	gain	TP	TP
chr16	26164246	26184463	20217	10	0	0	15	co_linked	co_linked	1-1	1-1	True	25	0.474	0.495	gain	TP	TP
chr16	27604219	27630495	26276	7	0	0	4	co_linked	co_linked	1-1	1-1	True	11	0.441	0.385	gain	TP	TP
chr16	27850590	27868749	18159	12	0	0	15	co_linked	co_linked	1-1	1-1	True	27	0.566	0.542	gain	TP	TP
chr16	27972233	27995299	23066	7	0	0	5	co_linked	co_linked	1-1	1-1	True	12	0.486	0.441	gain	TP	TP
chr16	29686785	29717859	31074	3	0	0	3	co_linked	co_linked	2-1	2-1	True	6	0.495	0.514	gain	TP	TP
chr16	29851982	29851983	1	89	0	0	28	co_linked	co_linked	1-1	1-1	True	117	0.239	0.239	gain	FP	FP
chr16	34637913	34640156	2243	24	0	0	33	co_linked	co_linked	3	3	True	57	0.614	0.595	gain	TP	TP
chr16	34655429	34657457	2028	29	0	0	53	co_linked	co_linked	1-1	1-1	True	82	0.66	0.624	gain	TP	TP
chr16	34655429	34676407	20978	6	0	0	8	co_linked	co_linked	1-1	1-1	True	14	0.66	0.615	gain	TP	TP
chr16	34655429	34682271	26842	3	0	0	4	co_linked	co_linked	1-1	1-1	True	7	0.66	0.663	gain	TP	TP
chr16	34657457	34676407	18950	10	0	0	8	co_linked	co_linked	1-1	1-1	True	18	0.624	0.615	gain	TP	TP
chr16	34657457	34682271	24814	6	0	0	4	co_linked	co_linked	1-1	1-1	True	10	0.624	0.663	gain	TP	TP
chr16	34660286	34676407	16121	12	0	0	11	co_linked	co_linked	1-1	1-1	True	23	0.547	0.615	gain	TP	TP
chr16	34660286	34682271	21985	6	0	0	7	co_linked	co_linked	1-1	1-1	True	13	0.547	0.663	gain	TP	TP
chr16	34663296	34676407	13111	15	0	0	14	co_linked	co_linked	1-1	1-1	True	29	0.576	0.615	gain	TP	TP
chr16	34663296	34682271	18975	6	0	0	9	co_linked	co_linked	1-1	1-1	True	15	0.576	0.663	gain	TP	TP
chr16	34676407	34682271	5864	19	0	0	35	co_linked	co_linked	1-1	1-1	True	54	0.615	0.663	gain	TP	TP
chr16	35124102	35143434	19332	5	0	0	9	co_linked	co_linked	1-1	1-1	True	14	0.656	0.616	gain	TP	TP
chr16	35124102	35155116	31014	2	0	0	4	co_linked	co_linked	1-1	1-1	True	6	0.656	0.635	gain	TP	TP
chr16	35127773	35155116	27343	3	0	0	5	co_linked	co_linked	1-1	1-1	True	8	0.614	0.635	gain	TP	TP
chr16	35127847	35143434	15587	6	0	0	11	co_linked	co_linked	1-1	1-1	True	17	0.63	0.616	gain	TP	TP
chr16	35127847	35155116	27269	3	0	0	4	co_linked	co_linked	1-1	1-1	True	7	0.63	0.635	gain	TP	TP
chr16	35143434	35155116	11682	8	0	0	14	co_linked	co_linked	1-1	1-1	True	22	0.616	0.635	gain	TP	TP
chr16	35143434	35166964	23530	1	0	0	5	co_linked	co_linked	1-1	1-1	True	6	0.616	0.582	gain	TP	TP
chr16	35155116	35166964	11848	1	0	0	17	co_linked	co_linked	1-1	1-1	True	18	0.635	0.582	gain	TP	TP
chr16	35231881	35248210	16329	8	0	0	19	co_linked	co_linked	1-1	1-1	True	27	0.504	0.504	gain	TP	TP
chr16	35231881	35259019	27138	2	0	0	7	co_linked	co_linked	1-1	1-1	True	9	0.504	0.511	gain	TP	TP
chr16	35337716	35342223	4507	42	0	0	32	co_linked	co_linked	3	3	True	74	0.43	0.472	gain	TP	TP
chr16	35512674	35533727	21053	5	0	0	10	co_linked	co_linked	1-1	1-1	True	15	0.452	0.662	gain	TP	TP
chr16	35512868	35533727	20859	5	0	0	10	co_linked	co_linked	1-1	1-1	True	15	0.469	0.662	gain	TP	TP
chr16	35569018	35573746	4728	19	0	0	23	co_linked	co_linked	3	3	True	42	0.614	0.594	gain	TP	TP
chr16	35573746	35599216	25470	4	0	0	2	co_linked	co_linked	3	3	True	6	0.594	0.635	gain	TP	TP
chr16	35653324	35680026	26702	4	0	0	3	co_linked	co_linked	3	3	True	7	0.622	0.636	gain	TP	TP
chr16	35680026	35703461	23435	0	0	0	8	co_linked	co_linked	3	3	True	8	0.636	0.682	gain	TP	TP
chr16	35718758	35735864	17106	8	0	0	7	co_linked	co_linked	3	3	True	15	0.654	0.603	gain	TP	TP
chr16	35735864	35756720	20856	3	0	0	7	co_linked	co_linked	3	3	True	10	0.603	0.634	gain	TP	TP
chr16	35735864	35758740	22876	2	0	0	6	co_linked	co_linked	3	3	True	8	0.603	0.678	gain	TP	TP
chr16	35795216	35800595	5379	33	0	0	16	co_linked	co_linked	3	3	True	49	0.338	0.355	gain	TP	TP
chr16	35831874	35853760	21886	4	0	0	8	co_linked	co_linked	3	3	True	12	0.67	0.56	gain	TP	TP
chr16	35891718	35903219	11501	18	0	0	9	co_linked	co_linked	3	3	True	27	0.306	0.356	gain	TP	TP
chr16	35923356	35937750	14394	5	0	0	17	co_linked	co_linked	3	3	True	22	0.724	0.556	gain	TP	TP
chr16	35923356	35948447	25091	4	0	0	4	co_linked	co_linked	3	3	True	8	0.724	0.591	gain	TP	TP
chr16	35936060	35948447	12387	14	0	0	14	co_linked	co_linked	3	3	True	28	0.622	0.591	gain	TP	TP
chr16	35937750	35948447	10697	17	0	0	14	co_linked	co_linked	3	3	True	31	0.556	0.591	gain	TP	TP
chr16	36027415	36043227	15812	8	0	0	10	co_linked	co_linked	3	3	True	18	0.618	0.61	gain	TP	TP
chr16	36095889	36097900	2011	61	0	0	41	co_linked	co_linked	2-1	2-1	True	102	0.431	0.402	gain	TP	TP
chr16	36128444	36143171	14727	9	0	0	18	co_linked	co_linked	2-1	2-1	True	27	0.661	0.634	gain	TP	TP
chr16	36128444	36150482	22038	7	0	0	8	co_linked	co_linked	2-1	2-1	True	15	0.661	0.589	gain	TP	TP
chr16	36128444	36155665	27221	1	0	0	7	co_linked	co_linked	2-1	2-1	True	8	0.661	0.637	gain	TP	TP
chr16	36128444	36155666	27222	1	0	0	7	co_linked	co_linked	2-1	2-1	True	8	0.661	0.642	gain	TP	TP
chr16	36128444	36159401	30957	0	0	0	6	co_linked	co_linked	2-1	2-1	True	6	0.661	0.602	gain	TP	TP
chr16	36130030	36143171	13141	9	0	0	18	co_linked	co_linked	2-1	2-1	True	27	0.64	0.634	gain	TP	TP
chr16	36130030	36150482	20452	7	0	0	8	co_linked	co_linked	2-1	2-1	True	15	0.64	0.589	gain	TP	TP
chr16	36130030	36155665	25635	1	0	0	7	co_linked	co_linked	2-1	2-1	True	8	0.64	0.637	gain	TP	TP
chr16	36130030	36155666	25636	1	0	0	7	co_linked	co_linked	2-1	2-1	True	8	0.64	0.642	gain	TP	TP
chr16	36130030	36159401	29371	0	0	0	6	co_linked	co_linked	2-1	2-1	True	6	0.64	0.602	gain	TP	TP
chr16	36141930	36155665	13735	11	0	0	18	co_linked	co_linked	2-1	2-1	True	29	0.577	0.637	gain	TP	TP
chr16	36141930	36159401	17471	10	0	0	14	co_linked	co_linked	2-1	2-1	True	24	0.577	0.602	gain	TP	TP
chr16	36143171	36155665	12494	12	0	0	22	co_linked	co_linked	2-1	2-1	True	34	0.634	0.637	gain	TP	TP
chr16	36150482	36155665	5183	21	0	0	35	co_linked	co_linked	2-1	2-1	True	56	0.589	0.637	gain	TP	TP
chr16	36155666	36159401	3735	25	0	0	38	co_linked	co_linked	2-1	2-1	True	63	0.642	0.602	gain	TP	TP
chr16	36159401	36179932	20531	3	0	0	7	co_linked	co_linked	2-1	2-1	True	10	0.602	0.663	gain	TP	TP
chr16	36159401	36181334	21933	3	0	0	6	co_linked	co_linked	2-1	2-1	True	9	0.602	0.646	gain	TP	TP
chr16	36159401	36185405	26004	3	0	0	6	co_linked	co_linked	2-1	2-1	True	9	0.602	0.675	gain	TP	TP
chr16	36162951	36181334	18383	6	0	0	6	co_linked	co_linked	2-1	2-1	True	12	0.584	0.646	gain	TP	TP
chr16	36162951	36185405	22454	6	0	0	5	co_linked	co_linked	2-1	2-1	True	11	0.584	0.675	gain	TP	TP
chr16	36200094	36211887	11793	4	0	0	24	co_linked	co_linked	3	3	True	28	0.68	0.678	gain	TP	TP
chr16	36202893	36211887	8994	10	0	0	28	co_linked	co_linked	3	3	True	38	0.741	0.678	gain	TP	TP
chr16	36203963	36209129	5166	15	0	0	32	co_linked	co_linked	3	3	True	47	0.667	0.691	gain	TP	TP
chr16	36203963	36211887	7924	11	0	0	27	co_linked	co_linked	3	3	True	38	0.667	0.678	gain	TP	TP
chr21	10005320	10022977	17657	23	0	0	5	co_linked	co_linked	1-1	1-1	True	28	0.236	0.266	neutral	TP	TP
chr21	10330070	10352179	22109	44	0	0	14	co_linked	co_linked	1-1	1-1	True	58	0.19	0.202	neutral	TP	FP
chr21	10330070	10357137	27067	15	0	0	11	co_linked	co_linked	1-1	1-1	True	26	0.19	0.249	neutral	TP	FP
chr21	10330070	10358257	28187	13	0	0	9	co_linked	co_linked	1-1	1-1	True	22	0.19	0.233	neutral	TP	FP
chr21	10342450	10352179	9729	116	0	0	29	co_linked	co_linked	1-1	1-1	True	145	0.211	0.202	neutral	FP	FP
chr21	10342450	10358257	15807	54	0	0	22	co_linked	co_linked	1-1	1-1	True	76	0.211	0.233	neutral	FP	FP
chr21	10576679	10604013	27334	10	0	0	1	sparse	co_linked	2-1	2-1	True	11	0.316	0.23	neutral	TP	TP
chr21	13601438	13601802	364	24	0	0	5	co_linked	co_linked	1-1	1-1	True	29	0.167	0.161	neutral	FP	FP
chr21	13601438	13601850	412	24	0	0	5	co_linked	co_linked	1-1	1-1	True	29	0.167	0.156	neutral	FP	FP
chr21	13601438	13601919	481	24	0	0	5	co_linked	co_linked	1-1	1-1	True	29	0.167	0.156	neutral	FP	FP
chr21	13601438	13604703	3265	20	0	0	3	co_linked	co_linked	1-1	1-1	True	23	0.167	0.1	neutral	FP	FP
chr21	13601802	13601850	48	26	0	0	5	co_linked	co_linked	1-1	1-1	True	31	0.161	0.156	neutral	FP	FP
chr21	13601802	13601919	117	26	0	0	5	co_linked	co_linked	1-1	1-1	True	31	0.161	0.156	neutral	FP	FP
chr21	13601802	13604703	2901	21	0	0	3	co_linked	co_linked	1-1	1-1	True	24	0.161	0.1	neutral	FP	FP
chr21	13601850	13601919	69	27	0	0	5	co_linked	co_linked	1-1	1-1	True	32	0.156	0.156	neutral	FP	FP
chr21	13601850	13604703	2853	21	0	0	3	co_linked	co_linked	1-1	1-1	True	24	0.156	0.1	neutral	FP	FP
chr21	13601919	13604703	2784	21	0	0	3	co_linked	co_linked	1-1	1-1	True	24	0.156	0.1	neutral	FP	FP
chr21	14464520	14476809	12289	10	0	0	9	co_linked	co_linked	1-1	1-1	True	19	0.483	0.351	neutral	TP	TP
chr21	14464520	14486544	22024	7	0	0	3	co_linked	co_linked	1-1	1-1	True	10	0.483	0.442	neutral	TP	TP
chr21	14729539	14744646	15107	5	0	0	11	co_linked	co_linked	1-1	1-1	True	16	0.593	0.5	neutral	TP	TP
chr21	15662986	15684314	21328	3	0	0	5	co_linked	co_linked	1-1	1-1	True	8	0.517	0.525	neutral	TP	TP
chr21	16463744	16476291	12547	4	0	0	6	co_linked	co_linked	1-1	1-1	True	10	0.468	0.558	neutral	TP	TP
chr21	16463744	16483595	19851	2	0	0	4	co_linked	co_linked	1-1	1-1	True	6	0.468	0.491	neutral	TP	TP
chr21	16476291	16483595	7304	11	0	0	13	co_linked	co_linked	1-1	1-1	True	24	0.558	0.491	neutral	TP	TP
chr21	17778136	17785656	7520	17	0	0	20	co_linked	co_linked	2-1	2-1	True	37	0.5	0.536	neutral	TP	TP
chr21	20048479	20070899	22420	7	0	0	3	co_linked	co_linked	1-1	1-1	True	10	0.453	0.484	neutral	TP	TP
chr21	20136782	20163949	27167	6	0	0	3	co_linked	co_linked	2-1	2-1	True	9	0.5	0.383	neutral	TP	TP
chr21	20435403	20454238	18835	5	0	0	4	co_linked	co_linked	1-1	1-1	True	9	0.509	0.688	neutral	TP	TP
chr21	25306184	25306647	463	49	0	0	2	co_linked	co_linked	2-1	2-1	True	51	0.038	0.037	neutral	FP	FP
chr21	25306184	25309711	3527	34	0	0	2	co_linked	co_linked	2-1	2-1	True	36	0.038	0.043	neutral	FP	FP
chr21	25306184	25309803	3619	34	0	0	2	co_linked	co_linked	2-1	2-1	True	36	0.038	0.043	neutral	FP	FP
chr21	25306647	25309711	3064	36	0	0	2	co_linked	co_linked	2-1	2-1	True	38	0.037	0.043	neutral	FP	FP
chr21	25306647	25309803	3156	36	0	0	2	co_linked	co_linked	2-1	2-1	True	38	0.037	0.043	neutral	FP	FP
chr21	25309711	25309803	92	44	0	0	2	co_linked	co_linked	2-1	2-1	True	46	0.043	0.043	neutral	FP	FP
chr21	25405284	25425213	19929	7	0	0	4	co_linked	co_linked	2-1	2-1	True	11	0.532	0.455	neutral	TP	TP
chr21	28582933	28582934	1	40	0	0	43	co_linked	co_linked	2-1	2-1	True	83	0.518	0.518	neutral	TP	TP
chr21	28582933	28585488	2555	33	0	0	31	co_linked	co_linked	2-1	2-1	True	64	0.518	0.494	neutral	TP	TP
chr21	28582934	28585488	2554	33	0	0	31	co_linked	co_linked	2-1	2-1	True	64	0.518	0.494	neutral	TP	TP
chr21	30520863	30520864	1	35	0	0	32	co_linked	co_linked	3	3	True	67	0.478	0.478	neutral	TP	TP
chr21	30755336	30773771	18435	5	0	0	3	co_linked	co_linked	2-1	2-1	True	8	0.403	0.347	neutral	TP	TP
chr21	30768096	30773771	5675	15	0	0	12	co_linked	co_linked	2-1	2-1	True	27	0.519	0.347	neutral	TP	TP
chr21	33371768	33384074	12306	10	0	0	7	co_linked	co_linked	2-1	2-1	True	17	0.51	0.476	neutral	TP	TP
chr21	34249624	34262077	12453	9	0	0	13	co_linked	co_linked	1-1	1-1	True	22	0.5	0.492	neutral	TP	TP
chr21	34262077	34279450	17373	5	0	0	7	co_linked	co_linked	1-1	1-1	True	12	0.492	0.518	neutral	TP	TP
chr21	35063313	35086958	23645	6	0	0	2	co_linked	co_linked	2-1	2-1	True	8	0.358	0.411	neutral	TP	TP
chr21	35625775	35625776	1	22	0	0	15	co_linked	co_linked	1-1	1-1	True	37	0.4	0.385	neutral	TP	TP
chr21	37201128	37201717	589	25	0	0	3	co_linked	co_linked	2-1	2-1	True	28	0.107	0.1	loss	FP	FP
chr21	37201128	37202373	1245	25	0	0	3	co_linked	co_linked	2-1	2-1	True	28	0.107	0.097	loss	FP	FP
chr21	37201717	37202373	656	27	0	0	3	co_linked	co_linked	2-1	2-1	True	30	0.1	0.097	loss	FP	FP
chr21	37246856	37250487	3631	15	0	0	4	co_linked	co_linked	2-1	2-1	True	19	0.154	0.182	loss	FP	FP
chr21	38245220	38245221	1	2	0	0	27	co_linked	co_linked	1-1	1-1	True	29	0.931	0.931	loss	TP	TP
chr21	38713063	38713296	233	32	0	0	6	co_linked	co_linked	1-1	1-1	True	38	0.154	0.158	loss	FP	FP
chr21	40426852	40426853	1	23	0	0	24	co_linked	co_linked	2-1	2-1	True	47	0.5	0.521	neutral	TP	TP
chr21	40745200	40745201	1	23	0	0	13	co_linked	co_linked	1-1	1-1	True	36	0.361	0.361	neutral	TP	TP
chr21	41578582	41596428	17846	5	0	0	4	co_linked	co_linked	2-1	2-1	True	9	0.458	0.491	neutral	TP	TP
chr21	41925098	41931081	5983	36	0	0	3	co_linked	co_linked	1-1	1-1	True	39	0.068	0.048	neutral	FP	FP
chr21	42122643	42124920	2277	45	0	0	3	co_linked	co_linked	2-1	2-1	True	48	0.047	0.053	neutral	FP	FP
chr21	42325490	42330152	4662	19	0	0	11	co_linked	co_linked	1-1	1-1	True	30	0.438	0.404	neutral	TP	TP
chr21	44553707	44575226	21519	7	0	0	3	co_linked	co_linked	1-1	1-1	True	10	0.463	0.413	neutral	TP	TP
chr21	46070265	46095458	25193	4	0	0	2	co_linked	co_linked	2-1	2-1	True	6	0.365	0.423	gain	TP	TP
chr2	669670	680929	11259	19	0	0	12	co_linked	co_linked	2-1	2-1	True	31	0.393	0.306	gain	TP	TP
chr2	1463668	1492428	28760	1	0	0	9	co_linked	co_linked	2-1	2-1	True	10	0.988	0.933	gain	TP	TP
chr2	12917379	12936411	19032	7	0	0	9	co_linked	co_linked	2-1	2-1	True	16	0.6	0.452	loh	TP	TP
chr2	13338722	13339162	440	42	0	0	2	co_linked	co_linked	3	3	True	44	0.041	0.043	loh	FP	FP
chr2	18096269	18108828	12559	10	0	0	5	co_linked	co_linked	2-1	2-1	True	15	0.378	0.391	loh	FP	TP
chr2	18761006	18771636	10630	13	0	0	14	co_linked	co_linked	2-1	2-1	True	27	0.544	0.528	loh	TP	TP
chr2	20200539	20217727	17188	20	0	0	2	co_linked	co_linked	1-1	1-1	True	22	0.061	0.075	loh	FP	FP
chr2	21827841	21828106	265	55	0	0	4	co_linked	co_linked	2-1	2-1	True	59	0.062	0.063	loh	FP	FP
chr2	23548472	23555628	7156	13	0	0	9	co_linked	co_linked	2-1	2-1	True	22	0.571	0.396	loh	TP	TP
chr2	24607583	24608465	882	32	0	0	3	co_linked	co_linked	2-1	2-1	True	35	0.077	0.075	loh	FP	FP
chr2	26430884	26458128	27244	0	0	0	10	co_linked	co_linked	2-1	2-1	True	10	0.963	0.977	loh	TP	TP
chr2	28328086	28357783	29697	7	0	0	1	sparse	co_linked	1-1	1-1	True	8	0.233	0.279	loh	TP	TP
chr2	29373608	29377030	3422	21	0	0	37	co_linked	co_linked	1-1	1-1	True	58	0.655	0.63	loh	TP	TP
chr2	29525965	29525966	1	39	0	0	33	co_linked	co_linked	1-1	1-1	True	72	0.458	0.459	loh	TP	TP
chr2	30070016	30074054	4038	47	0	0	11	co_linked	co_linked	1-1	1-1	True	58	0.198	0.2	loh	TP	TP
chr2	34076109	34077867	1758	2	0	0	39	co_linked	co_linked	1-1	1-1	True	41	0.923	0.961	loh	TP	TP
chr2	35255892	35281503	25611	4	0	0	7	co_linked	co_linked	1-1	1-1	True	11	0.5	0.574	loh	TP	TP
chr2	36653912	36654612	700	1	0	0	56	co_linked	co_linked	1-1	1-1	True	57	0.984	0.985	loh	TP	TP
chr2	36653912	36665285	11373	0	0	0	28	co_linked	co_linked	1-1	1-1	True	28	0.984	1.0	loh	TP	TP
chr2	36654612	36665285	10673	0	0	0	29	co_linked	co_linked	1-1	1-1	True	29	0.985	1.0	loh	TP	TP
chr2	38462575	38493507	30932	1	0	0	5	co_linked	co_linked	1-1	1-1	True	6	0.927	0.891	loh	TP	TP
chr2	41038806	41040918	2112	2	0	0	49	co_linked	co_linked	2-1	2-1	True	51	0.968	0.949	loh	TP	TP
chr2	41038806	41061521	22715	2	0	0	11	co_linked	co_linked	2-1	2-1	True	13	0.968	0.931	loh	TP	TP
chr2	41040579	41061521	20942	2	0	0	13	co_linked	co_linked	2-1	2-1	True	15	0.898	0.931	loh	TP	TP
chr2	41040918	41061521	20603	2	0	0	13	co_linked	co_linked	2-1	2-1	True	15	0.949	0.931	loh	TP	TP
chr2	43618645	43618646	1	47	0	0	35	co_linked	co_linked	2-1	2-1	True	82	0.427	0.417	loh	TP	TP
chr2	44689702	44715797	26095	1	0	0	5	co_linked	co_linked	2-1	2-1	True	6	0.885	0.934	loh	TP	TP
chr2	44811836	44829172	17336	17	0	0	3	co_linked	co_linked	1-1	1-1	True	20	0.07	0.056	loh	FP	FP
chr2	44811836	44835685	23849	12	0	0	2	co_linked	co_linked	1-1	1-1	True	14	0.07	0.066	loh	FP	FP
chr2	44811836	44837957	26121	11	0	0	2	co_linked	co_linked	1-1	1-1	True	13	0.07	0.073	loh	FP	FP
chr2	44835685	44837957	2272	45	0	0	4	co_linked	co_linked	1-1	1-1	True	49	0.066	0.073	loh	FP	FP
chr2	44942972	44957894	14922	12	0	0	10	co_linked	co_linked	1-1	1-1	True	22	0.378	0.344	loh	TP	TP
chr2	44942972	44959574	16602	10	0	0	9	co_linked	co_linked	1-1	1-1	True	19	0.378	0.312	loh	TP	TP
chr2	44942972	44960067	17095	9	0	0	9	co_linked	co_linked	1-1	1-1	True	18	0.378	0.314	loh	TP	TP
chr2	44942972	44963374	20402	8	0	0	9	co_linked	co_linked	1-1	1-1	True	17	0.378	0.352	loh	TP	TP
chr2	44942972	44967312	24340	6	0	0	8	co_linked	co_linked	1-1	1-1	True	14	0.378	0.337	loh	TP	TP
chr2	44942972	44968196	25224	6	0	0	8	co_linked	co_linked	1-1	1-1	True	14	0.378	0.319	loh	TP	TP
chr2	44942972	44968446	25474	6	0	0	7	co_linked	co_linked	1-1	1-1	True	13	0.378	0.303	loh	TP	TP
chr2	44942972	44971217	28245	4	0	0	6	co_linked	co_linked	1-1	1-1	True	10	0.378	0.322	loh	TP	TP
chr2	44942972	44973098	30126	4	0	0	3	co_linked	co_linked	1-1	1-1	True	7	0.378	0.37	loh	TP	TP
chr2	44942972	44973350	30378	4	0	0	2	co_linked	co_linked	1-1	1-1	True	6	0.378	0.325	loh	TP	TP
chr2	44943687	44950964	7277	21	0	0	19	co_linked	co_linked	1-1	1-1	True	40	0.449	0.4	loh	TP	TP
chr2	44943687	44957894	14207	13	0	0	11	co_linked	co_linked	1-1	1-1	True	24	0.449	0.344	loh	TP	TP
chr2	44943687	44959574	15887	11	0	0	10	co_linked	co_linked	1-1	1-1	True	21	0.449	0.312	loh	TP	TP
chr2	44943687	44960067	16380	9	0	0	10	co_linked	co_linked	1-1	1-1	True	19	0.449	0.314	loh	TP	TP
chr2	44943687	44963374	19687	8	0	0	9	co_linked	co_linked	1-1	1-1	True	17	0.449	0.352	loh	TP	TP
chr2	44943687	44967312	23625	6	0	0	8	co_linked	co_linked	1-1	1-1	True	14	0.449	0.337	loh	TP	TP
chr2	44943687	44968196	24509	6	0	0	8	co_linked	co_linked	1-1	1-1	True	14	0.449	0.319	loh	TP	TP
chr2	44943687	44968446	24759	6	0	0	7	co_linked	co_linked	1-1	1-1	True	13	0.449	0.303	loh	TP	TP
chr2	44943687	44971217	27530	4	0	0	6	co_linked	co_linked	1-1	1-1	True	10	0.449	0.322	loh	TP	TP
chr2	44943687	44973098	29411	4	0	0	3	co_linked	co_linked	1-1	1-1	True	7	0.449	0.37	loh	TP	TP
chr2	44943687	44973350	29663	4	0	0	2	co_linked	co_linked	1-1	1-1	True	6	0.449	0.325	loh	TP	TP
chr2	44945277	44957894	12617	17	0	0	10	co_linked	co_linked	1-1	1-1	True	27	0.368	0.344	gain	TP	TP
chr2	44945277	44959574	14297	15	0	0	9	co_linked	co_linked	1-1	1-1	True	24	0.368	0.312	gain	TP	TP
chr2	44945277	44960067	14790	12	0	0	9	co_linked	co_linked	1-1	1-1	True	21	0.368	0.314	gain	TP	TP
chr2	44945277	44963374	18097	10	0	0	9	co_linked	co_linked	1-1	1-1	True	19	0.368	0.352	gain	TP	TP
chr2	44945277	44967312	22035	8	0	0	7	co_linked	co_linked	1-1	1-1	True	15	0.368	0.337	gain	TP	TP
chr2	44945277	44968196	22919	8	0	0	7	co_linked	co_linked	1-1	1-1	True	15	0.368	0.319	gain	TP	TP
chr2	44945277	44968446	23169	8	0	0	6	co_linked	co_linked	1-1	1-1	True	14	0.368	0.303	gain	TP	TP
chr2	44945277	44971217	25940	5	0	0	5	co_linked	co_linked	1-1	1-1	True	10	0.368	0.322	gain	TP	TP
chr2	44945277	44973098	27821	5	0	0	3	co_linked	co_linked	1-1	1-1	True	8	0.368	0.37	gain	TP	TP
chr2	44945277	44973350	28073	5	0	0	2	co_linked	co_linked	1-1	1-1	True	7	0.368	0.325	gain	TP	TP
chr2	44946546	44950677	4131	30	0	0	25	co_linked	co_linked	1-1	1-1	True	55	0.405	0.42	gain	TP	TP
chr2	44946546	44957894	11348	17	0	0	13	co_linked	co_linked	1-1	1-1	True	30	0.405	0.344	gain	TP	TP
chr2	44946546	44959574	13028	15	0	0	12	co_linked	co_linked	1-1	1-1	True	27	0.405	0.312	gain	TP	TP
chr2	44946546	44960067	13521	13	0	0	11	co_linked	co_linked	1-1	1-1	True	24	0.405	0.314	gain	TP	TP
chr2	44946546	44963374	16828	11	0	0	10	co_linked	co_linked	1-1	1-1	True	21	0.405	0.352	gain	TP	TP
chr2	44946546	44967312	20766	9	0	0	8	co_linked	co_linked	1-1	1-1	True	17	0.405	0.337	gain	TP	TP
chr2	44946546	44968196	21650	9	0	0	8	co_linked	co_linked	1-1	1-1	True	17	0.405	0.319	gain	TP	TP
chr2	44946546	44968446	21900	9	0	0	7	co_linked	co_linked	1-1	1-1	True	16	0.405	0.303	gain	TP	TP
chr2	44946546	44971217	24671	6	0	0	6	co_linked	co_linked	1-1	1-1	True	12	0.405	0.322	gain	TP	TP
chr2	44946546	44973098	26552	6	0	0	3	co_linked	co_linked	1-1	1-1	True	9	0.405	0.37	gain	TP	TP
chr2	44946546	44973350	26804	6	0	0	2	co_linked	co_linked	1-1	1-1	True	8	0.405	0.325	gain	TP	TP
chr2	44947106	44950663	3557	34	0	0	23	co_linked	co_linked	1-1	1-1	True	57	0.427	0.398	gain	TP	TP
chr2	44947106	44957894	10788	19	0	0	13	co_linked	co_linked	1-1	1-1	True	32	0.427	0.344	gain	TP	TP
chr2	44947106	44959574	12468	17	0	0	12	co_linked	co_linked	1-1	1-1	True	29	0.427	0.312	gain	TP	TP
chr2	44947106	44960067	12961	14	0	0	11	co_linked	co_linked	1-1	1-1	True	25	0.427	0.314	gain	TP	TP
chr2	44947106	44963374	16268	12	0	0	10	co_linked	co_linked	1-1	1-1	True	22	0.427	0.352	gain	TP	TP
chr2	44947106	44967312	20206	10	0	0	8	co_linked	co_linked	1-1	1-1	True	18	0.427	0.337	gain	TP	TP
chr2	44947106	44968196	21090	10	0	0	8	co_linked	co_linked	1-1	1-1	True	18	0.427	0.319	gain	TP	TP
chr2	44947106	44968446	21340	10	0	0	7	co_linked	co_linked	1-1	1-1	True	17	0.427	0.303	gain	TP	TP
chr2	44947106	44971217	24111	6	0	0	6	co_linked	co_linked	1-1	1-1	True	12	0.427	0.322	gain	TP	TP
chr2	44947106	44973098	25992	6	0	0	3	co_linked	co_linked	1-1	1-1	True	9	0.427	0.37	gain	TP	TP
chr2	44947106	44973350	26244	6	0	0	2	co_linked	co_linked	1-1	1-1	True	8	0.427	0.325	gain	TP	TP
chr2	44947702	44967312	19610	11	0	0	8	co_linked	co_linked	1-1	1-1	True	19	0.436	0.337	gain	TP	TP
chr2	44947702	44968196	20494	10	0	0	8	co_linked	co_linked	1-1	1-1	True	18	0.436	0.319	gain	TP	TP
chr2	44947702	44971217	23515	7	0	0	6	co_linked	co_linked	1-1	1-1	True	13	0.436	0.322	gain	TP	TP
chr2	44947702	44973350	25648	7	0	0	2	co_linked	co_linked	1-1	1-1	True	9	0.436	0.325	gain	TP	TP
chr2	44947702	44976120	28418	5	0	0	1	sparse	co_linked	1-1	1-1	True	6	0.436	0.337	gain	TP	TP
chr2	44947702	44976465	28763	5	0	0	1	sparse	co_linked	1-1	1-1	True	6	0.436	0.352	gain	TP	TP
chr2	44947702	44977648	29946	5	0	0	1	sparse	co_linked	1-1	1-1	True	6	0.436	0.351	gain	TP	TP
chr2	44949824	44960067	10243	20	0	0	14	co_linked	co_linked	1-1	1-1	True	34	0.407	0.314	gain	TP	TP
chr2	44949824	44963374	13550	16	0	0	12	co_linked	co_linked	1-1	1-1	True	28	0.407	0.352	gain	TP	TP
chr2	44949824	44967312	17488	13	0	0	9	co_linked	co_linked	1-1	1-1	True	22	0.407	0.337	gain	TP	TP
chr2	44949824	44968196	18372	12	0	0	8	co_linked	co_linked	1-1	1-1	True	20	0.407	0.319	gain	TP	TP
chr2	44949824	44971217	21393	9	0	0	6	co_linked	co_linked	1-1	1-1	True	15	0.407	0.322	gain	TP	TP
chr2	44949824	44973350	23526	9	0	0	2	co_linked	co_linked	1-1	1-1	True	11	0.407	0.325	gain	TP	TP
chr2	44949824	44976120	26296	7	0	0	1	sparse	co_linked	1-1	1-1	True	8	0.407	0.337	gain	TP	TP
chr2	44949824	44976465	26641	7	0	0	1	sparse	co_linked	1-1	1-1	True	8	0.407	0.352	gain	TP	TP
chr2	44949824	44977648	27824	7	0	0	1	sparse	co_linked	1-1	1-1	True	8	0.407	0.351	gain	TP	TP
chr2	44950663	44957894	7231	29	0	0	16	co_linked	co_linked	1-1	1-1	True	45	0.398	0.344	gain	TP	TP
chr2	44950663	44960067	9404	23	0	0	14	co_linked	co_linked	1-1	1-1	True	37	0.398	0.314	gain	TP	TP
chr2	44950663	44963374	12711	19	0	0	12	co_linked	co_linked	1-1	1-1	True	31	0.398	0.352	gain	TP	TP
chr2	44950663	44967312	16649	15	0	0	9	co_linked	co_linked	1-1	1-1	True	24	0.398	0.337	gain	TP	TP
chr2	44950663	44968196	17533	14	0	0	8	co_linked	co_linked	1-1	1-1	True	22	0.398	0.319	gain	TP	TP
chr2	44950663	44971217	20554	10	0	0	6	co_linked	co_linked	1-1	1-1	True	16	0.398	0.322	gain	TP	TP
chr2	44950663	44973350	22687	10	0	0	2	co_linked	co_linked	1-1	1-1	True	12	0.398	0.325	gain	TP	TP
chr2	44950663	44976120	25457	8	0	0	1	sparse	co_linked	1-1	1-1	True	9	0.398	0.337	gain	TP	TP
chr2	44950663	44976465	25802	8	0	0	1	sparse	co_linked	1-1	1-1	True	9	0.398	0.352	gain	TP	TP
chr2	44950663	44977648	26985	7	0	0	1	sparse	co_linked	1-1	1-1	True	8	0.398	0.351	gain	TP	TP
chr2	44950677	44957894	7217	30	0	0	18	co_linked	co_linked	1-1	1-1	True	48	0.42	0.344	gain	TP	TP
chr2	44950677	44960067	9390	22	0	0	15	co_linked	co_linked	1-1	1-1	True	37	0.42	0.314	gain	TP	TP
chr2	44950677	44963374	12697	18	0	0	13	co_linked	co_linked	1-1	1-1	True	31	0.42	0.352	gain	TP	TP
chr2	44950677	44967312	16635	14	0	0	8	co_linked	co_linked	1-1	1-1	True	22	0.42	0.337	gain	TP	TP
chr2	44950677	44968196	17519	13	0	0	8	co_linked	co_linked	1-1	1-1	True	21	0.42	0.319	gain	TP	TP
chr2	44950677	44971217	20540	10	0	0	6	co_linked	co_linked	1-1	1-1	True	16	0.42	0.322	gain	TP	TP
chr2	44950677	44973350	22673	10	0	0	2	co_linked	co_linked	1-1	1-1	True	12	0.42	0.325	gain	TP	TP
chr2	44950677	44976120	25443	8	0	0	1	sparse	co_linked	1-1	1-1	True	9	0.42	0.337	gain	TP	TP
chr2	44950677	44976465	25788	8	0	0	1	sparse	co_linked	1-1	1-1	True	9	0.42	0.352	gain	TP	TP
chr2	44950677	44977648	26971	7	0	0	1	sparse	co_linked	1-1	1-1	True	8	0.42	0.351	gain	TP	TP
chr2	44950964	44957894	6930	31	0	0	19	co_linked	co_linked	1-1	1-1	True	50	0.4	0.344	gain	TP	TP
chr2	44950964	44959574	8610	27	0	0	18	co_linked	co_linked	1-1	1-1	True	45	0.4	0.312	gain	TP	TP
chr2	44950964	44960067	9103	23	0	0	15	co_linked	co_linked	1-1	1-1	True	38	0.4	0.314	gain	TP	TP
chr2	44950964	44963374	12410	19	0	0	13	co_linked	co_linked	1-1	1-1	True	32	0.4	0.352	gain	TP	TP
chr2	44950964	44967312	16348	15	0	0	10	co_linked	co_linked	1-1	1-1	True	25	0.4	0.337	gain	TP	TP
chr2	44950964	44968196	17232	15	0	0	9	co_linked	co_linked	1-1	1-1	True	24	0.4	0.319	gain	TP	TP
chr2	44950964	44968446	17482	15	0	0	8	co_linked	co_linked	1-1	1-1	True	23	0.4	0.303	gain	TP	TP
chr2	44950964	44971217	20253	10	0	0	7	co_linked	co_linked	1-1	1-1	True	17	0.4	0.322	gain	TP	TP
chr2	44950964	44973350	22386	9	0	0	3	co_linked	co_linked	1-1	1-1	True	12	0.4	0.325	gain	TP	TP
chr2	44950964	44976120	25156	7	0	0	2	co_linked	co_linked	1-1	1-1	True	9	0.4	0.337	gain	TP	TP
chr2	44950964	44976465	25501	7	0	0	2	co_linked	co_linked	1-1	1-1	True	9	0.4	0.352	gain	TP	TP
chr2	44950964	44977648	26684	6	0	0	1	sparse	co_linked	1-1	1-1	True	7	0.4	0.351	gain	TP	TP
chr2	44957894	44960067	2173	45	0	0	22	co_linked	co_linked	1-1	1-1	True	67	0.344	0.314	gain	TP	TP
chr2	44957894	44963374	5480	37	0	0	20	co_linked	co_linked	1-1	1-1	True	57	0.344	0.352	gain	TP	TP
chr2	44957894	44967312	9418	23	0	0	15	co_linked	co_linked	1-1	1-1	True	38	0.344	0.337	gain	TP	TP
chr2	44957894	44968196	10302	21	0	0	14	co_linked	co_linked	1-1	1-1	True	35	0.344	0.319	gain	TP	TP
chr2	44957894	44971217	13323	16	0	0	11	co_linked	co_linked	1-1	1-1	True	27	0.344	0.322	gain	TP	TP
chr2	44957894	44973350	15456	15	0	0	6	co_linked	co_linked	1-1	1-1	True	21	0.344	0.325	gain	TP	TP
chr2	44957894	44976120	18226	12	0	0	4	co_linked	co_linked	1-1	1-1	True	16	0.344	0.337	gain	TP	TP
chr2	44957894	44976465	18571	12	0	0	4	co_linked	co_linked	1-1	1-1	True	16	0.344	0.352	gain	TP	TP
chr2	44957894	44977648	19754	11	0	0	2	co_linked	co_linked	1-1	1-1	True	13	0.344	0.351	gain	TP	TP
chr2	44959574	44967312	7738	27	0	0	18	co_linked	co_linked	1-1	1-1	True	45	0.312	0.337	gain	TP	TP
chr2	44959574	44968196	8622	24	0	0	16	co_linked	co_linked	1-1	1-1	True	40	0.312	0.319	gain	TP	TP
chr2	44959574	44971217	11643	18	0	0	12	co_linked	co_linked	1-1	1-1	True	30	0.312	0.322	gain	TP	TP
chr2	44959574	44973350	13776	17	0	0	6	co_linked	co_linked	1-1	1-1	True	23	0.312	0.325	gain	TP	TP
chr2	44959574	44976120	16546	13	0	0	4	co_linked	co_linked	1-1	1-1	True	17	0.312	0.337	gain	TP	TP
chr2	44959574	44976465	16891	13	0	0	4	co_linked	co_linked	1-1	1-1	True	17	0.312	0.352	gain	TP	TP
chr2	44959574	44977648	18074	12	0	0	2	co_linked	co_linked	1-1	1-1	True	14	0.312	0.351	gain	TP	TP
chr2	44960067	44963374	3307	44	0	0	24	co_linked	co_linked	1-1	1-1	True	68	0.314	0.352	gain	TP	TP
chr2	44960067	44967312	7245	27	0	0	17	co_linked	co_linked	1-1	1-1	True	44	0.314	0.337	gain	TP	TP
chr2	44960067	44968196	8129	24	0	0	15	co_linked	co_linked	1-1	1-1	True	39	0.314	0.319	gain	TP	TP
chr2	44960067	44971217	11150	19	0	0	11	co_linked	co_linked	1-1	1-1	True	30	0.314	0.322	gain	TP	TP
chr2	44960067	44973350	13283	17	0	0	5	co_linked	co_linked	1-1	1-1	True	22	0.314	0.325	gain	TP	TP
chr2	44960067	44976120	16053	13	0	0	3	co_linked	co_linked	1-1	1-1	True	16	0.314	0.337	gain	TP	TP
chr2	44960067	44976465	16398	13	0	0	3	co_linked	co_linked	1-1	1-1	True	16	0.314	0.352	gain	TP	TP
chr2	44960067	44977648	17581	12	0	0	2	co_linked	co_linked	1-1	1-1	True	14	0.314	0.351	gain	TP	TP
chr2	44963374	44967312	3938	36	0	0	21	co_linked	co_linked	1-1	1-1	True	57	0.352	0.337	gain	TP	TP
chr2	44963374	44968196	4822	33	0	0	19	co_linked	co_linked	1-1	1-1	True	52	0.352	0.319	gain	TP	TP
chr2	44963374	44971217	7843	26	0	0	14	co_linked	co_linked	1-1	1-1	True	40	0.352	0.322	gain	TP	TP
chr2	44963374	44973350	9976	23	0	0	7	co_linked	co_linked	1-1	1-1	True	30	0.352	0.325	gain	TP	TP
chr2	44963374	44976465	13091	18	0	0	5	co_linked	co_linked	1-1	1-1	True	23	0.352	0.352	gain	TP	TP
chr2	44963374	44977648	14274	16	0	0	4	co_linked	co_linked	1-1	1-1	True	20	0.352	0.351	gain	TP	TP
chr2	44967312	44968196	884	55	0	0	27	co_linked	co_linked	1-1	1-1	True	82	0.337	0.319	gain	TP	TP
chr2	44967312	44973350	6038	37	0	0	15	co_linked	co_linked	1-1	1-1	True	52	0.337	0.325	gain	TP	TP
chr2	44967312	44976465	9153	31	0	0	12	co_linked	co_linked	1-1	1-1	True	43	0.337	0.352	gain	TP	TP
chr2	44967312	44977648	10336	26	0	0	11	co_linked	co_linked	1-1	1-1	True	37	0.337	0.351	gain	TP	TP
chr2	44968196	44968446	250	60	0	0	25	co_linked	co_linked	1-1	1-1	True	85	0.319	0.303	gain	TP	TP
chr2	44968196	44971217	3021	45	0	0	22	co_linked	co_linked	1-1	1-1	True	67	0.319	0.322	gain	TP	TP
chr2	44968196	44973350	5154	39	0	0	15	co_linked	co_linked	1-1	1-1	True	54	0.319	0.325	gain	TP	TP
chr2	44968196	44976465	8269	33	0	0	12	co_linked	co_linked	1-1	1-1	True	45	0.319	0.352	gain	TP	TP
chr2	44968196	44977648	9452	28	0	0	11	co_linked	co_linked	1-1	1-1	True	39	0.319	0.351	gain	TP	TP
chr2	44968196	44999696	31500	4	0	0	2	co_linked	co_linked	1-1	1-1	True	6	0.319	0.322	gain	TP	TP
chr2	44971217	44999696	28479	4	0	0	2	co_linked	co_linked	1-1	1-1	True	6	0.322	0.322	gain	TP	TP
chr2	44973098	44999696	26598	4	0	0	2	co_linked	co_linked	1-1	1-1	True	6	0.37	0.322	gain	TP	TP
chr2	44973350	44976465	3115	47	0	0	22	co_linked	co_linked	1-1	1-1	True	69	0.325	0.352	gain	TP	TP
chr2	44973350	44999696	26346	5	0	0	2	co_linked	co_linked	1-1	1-1	True	7	0.325	0.322	gain	TP	TP
chr2	44976120	44999696	23576	10	0	0	2	co_linked	co_linked	1-1	1-1	True	12	0.337	0.322	gain	TP	TP
chr2	44976120	45005499	29379	6	0	0	1	sparse	co_linked	1-1	1-1	True	7	0.337	0.348	gain	TP	TP
chr2	44976120	45006212	30092	6	0	0	1	sparse	co_linked	1-1	1-1	True	7	0.337	0.305	gain	TP	TP
chr2	44976120	45007103	30983	5	0	0	1	sparse	co_linked	1-1	1-1	True	6	0.337	0.28	gain	TP	TP
chr2	44976120	45007598	31478	6	0	0	1	sparse	co_linked	1-1	1-1	True	7	0.337	0.31	gain	TP	TP
chr2	44976120	45007709	31589	5	0	0	1	sparse	co_linked	1-1	1-1	True	6	0.337	0.301	gain	TP	TP
chr2	44976465	44999696	23231	9	0	0	2	co_linked	co_linked	1-1	1-1	True	11	0.352	0.322	gain	TP	TP
chr2	44976465	45005499	29034	5	0	0	1	sparse	co_linked	1-1	1-1	True	6	0.352	0.348	gain	TP	TP
chr2	44976465	45006212	29747	5	0	0	1	sparse	co_linked	1-1	1-1	True	6	0.352	0.305	gain	TP	TP
chr2	44976465	45007103	30638	5	0	0	1	sparse	co_linked	1-1	1-1	True	6	0.352	0.28	gain	TP	TP
chr2	44976465	45007598	31133	5	0	0	1	sparse	co_linked	1-1	1-1	True	6	0.352	0.31	gain	TP	TP
chr2	44976465	45007709	31244	5	0	0	1	sparse	co_linked	1-1	1-1	True	6	0.352	0.301	gain	TP	TP
chr2	44977648	44999696	22048	11	0	0	4	co_linked	co_linked	1-1	1-1	True	15	0.351	0.322	gain	TP	TP
chr2	44977648	45005499	27851	6	0	0	3	co_linked	co_linked	1-1	1-1	True	9	0.351	0.348	gain	TP	TP
chr2	44977648	45006212	28564	6	0	0	3	co_linked	co_linked	1-1	1-1	True	9	0.351	0.305	gain	TP	TP
chr2	44977648	45007103	29455	5	0	0	3	co_linked	co_linked	1-1	1-1	True	8	0.351	0.28	gain	TP	TP
chr2	44977648	45007598	29950	6	0	0	3	co_linked	co_linked	1-1	1-1	True	9	0.351	0.31	gain	TP	TP
chr2	44977648	45007709	30061	5	0	0	3	co_linked	co_linked	1-1	1-1	True	8	0.351	0.301	gain	TP	TP
chr2	44977648	45010387	32739	3	0	0	3	co_linked	co_linked	1-1	1-1	True	6	0.351	0.368	gain	TP	TP
chr2	44977648	45010658	33010	3	0	0	3	co_linked	co_linked	1-1	1-1	True	6	0.351	0.375	gain	TP	TP
chr2	44977648	45010675	33027	3	0	0	3	co_linked	co_linked	1-1	1-1	True	6	0.351	0.382	gain	TP	TP
chr2	44991341	44991831	490	84	0	0	27	co_linked	co_linked	3	3	True	111	0.256	0.261	gain	TP	TP
chr2	45005499	45007598	2099	51	0	0	25	co_linked	co_linked	1-1	1-1	True	76	0.348	0.31	gain	TP	TP
chr2	45005499	45010387	4888	28	0	0	17	co_linked	co_linked	1-1	1-1	True	45	0.348	0.368	gain	TP	TP
chr2	45005499	45010658	5159	27	0	0	16	co_linked	co_linked	1-1	1-1	True	43	0.348	0.375	gain	TP	TP
chr2	45006212	45035814	29602	4	0	0	2	co_linked	co_linked	1-1	1-1	True	6	0.305	0.333	gain	TP	TP
chr2	45007598	45010387	2789	33	0	0	19	co_linked	co_linked	1-1	1-1	True	52	0.31	0.368	gain	TP	TP
chr2	45007598	45010658	3060	32	0	0	18	co_linked	co_linked	1-1	1-1	True	50	0.31	0.375	gain	TP	TP
chr2	45007598	45035814	28216	4	0	0	2	co_linked	co_linked	1-1	1-1	True	6	0.31	0.333	gain	TP	TP
chr2	45007709	45010387	2678	33	0	0	20	co_linked	co_linked	1-1	1-1	True	53	0.301	0.368	gain	TP	TP
chr2	45007709	45035814	28105	4	0	0	3	co_linked	co_linked	1-1	1-1	True	7	0.301	0.333	gain	TP	TP
chr2	45007709	45037110	29401	3	0	0	3	co_linked	co_linked	1-1	1-1	True	6	0.301	0.344	gain	TP	TP
chr2	45009892	45035814	25922	5	0	0	3	co_linked	co_linked	1-1	1-1	True	8	0.232	0.333	gain	TP	TP
chr2	45009892	45037110	27218	4	0	0	3	co_linked	co_linked	1-1	1-1	True	7	0.232	0.344	gain	TP	TP
chr2	45009892	45037837	27945	4	0	0	2	co_linked	co_linked	1-1	1-1	True	6	0.232	0.326	gain	TP	TP
chr2	45009892	45037974	28082	4	0	0	2	co_linked	co_linked	1-1	1-1	True	6	0.232	0.341	gain	TP	TP
chr2	45010387	45010658	271	43	0	0	26	co_linked	co_linked	1-1	1-1	True	69	0.368	0.375	gain	TP	TP
chr2	45010387	45035814	25427	5	0	0	4	co_linked	co_linked	1-1	1-1	True	9	0.368	0.333	gain	TP	TP
chr2	45010387	45037110	26723	4	0	0	4	co_linked	co_linked	1-1	1-1	True	8	0.368	0.344	gain	TP	TP
chr2	45010387	45037837	27450	4	0	0	3	co_linked	co_linked	1-1	1-1	True	7	0.368	0.326	gain	TP	TP
chr2	45010387	45037974	27587	4	0	0	3	co_linked	co_linked	1-1	1-1	True	7	0.368	0.341	gain	TP	TP
chr2	45010658	45035814	25156	5	0	0	4	co_linked	co_linked	1-1	1-1	True	9	0.375	0.333	gain	TP	TP
chr2	45010658	45037110	26452	4	0	0	4	co_linked	co_linked	1-1	1-1	True	8	0.375	0.344	gain	TP	TP
chr2	45010658	45037837	27179	4	0	0	3	co_linked	co_linked	1-1	1-1	True	7	0.375	0.326	gain	TP	TP
chr2	45010658	45037974	27316	4	0	0	3	co_linked	co_linked	1-1	1-1	True	7	0.375	0.341	gain	TP	TP
chr2	45010675	45035814	25139	5	0	0	4	co_linked	co_linked	1-1	1-1	True	9	0.382	0.333	gain	TP	TP
chr2	45010675	45037110	26435	4	0	0	4	co_linked	co_linked	1-1	1-1	True	8	0.382	0.344	gain	TP	TP
chr2	45010675	45037837	27162	4	0	0	3	co_linked	co_linked	1-1	1-1	True	7	0.382	0.326	gain	TP	TP
chr2	45010675	45037974	27299	4	0	0	3	co_linked	co_linked	1-1	1-1	True	7	0.382	0.341	gain	TP	TP
chr2	45014143	45035814	21671	7	0	0	5	co_linked	co_linked	1-1	1-1	True	12	0.337	0.333	gain	TP	TP
chr2	45014143	45037110	22967	6	0	0	5	co_linked	co_linked	1-1	1-1	True	11	0.337	0.344	gain	TP	TP
chr2	45014143	45037837	23694	6	0	0	4	co_linked	co_linked	1-1	1-1	True	10	0.337	0.326	gain	TP	TP
chr2	45014143	45037974	23831	6	0	0	4	co_linked	co_linked	1-1	1-1	True	10	0.337	0.341	gain	TP	TP
chr2	45021578	45035814	14236	17	0	0	6	co_linked	co_linked	1-1	1-1	True	23	0.286	0.333	gain	TP	TP
chr2	45021578	45037110	15532	18	0	0	6	co_linked	co_linked	1-1	1-1	True	24	0.286	0.344	gain	TP	TP
chr2	45021578	45037837	16259	17	0	0	5	co_linked	co_linked	1-1	1-1	True	22	0.286	0.326	gain	TP	TP
chr2	45021578	45037974	16396	18	0	0	5	co_linked	co_linked	1-1	1-1	True	23	0.286	0.341	gain	TP	TP
chr2	45032572	45037974	5402	38	0	0	18	co_linked	co_linked	1-1	1-1	True	56	0.393	0.341	gain	TP	TP
chr2	45037110	45037974	864	55	0	0	28	co_linked	co_linked	1-1	1-1	True	83	0.344	0.341	gain	TP	TP
chr2	45262823	45289125	26302	5	0	0	2	co_linked	co_linked	1-1	1-1	True	7	0.35	0.315	gain	TP	TP
chr2	45396507	45397610	1103	11	0	0	50	co_linked	co_linked	2-1	2-1	True	61	0.781	0.789	gain	TP	TP
chr2	45396507	45400467	3960	8	0	0	35	co_linked	co_linked	2-1	2-1	True	43	0.781	0.806	gain	TP	TP
chr2	45396507	45407500	10993	3	0	0	23	co_linked	co_linked	2-1	2-1	True	26	0.781	0.838	gain	TP	TP
chr2	45396507	45408564	12057	3	0	0	21	co_linked	co_linked	2-1	2-1	True	24	0.781	0.819	gain	TP	TP
chr2	45396507	45414060	17553	2	0	0	11	co_linked	co_linked	2-1	2-1	True	13	0.781	0.74	gain	TP	TP
chr2	45397610	45398510	900	11	0	0	48	co_linked	co_linked	2-1	2-1	True	59	0.789	0.785	gain	TP	TP
chr2	45397610	45400467	2857	9	0	0	40	co_linked	co_linked	2-1	2-1	True	49	0.789	0.806	gain	TP	TP
chr2	45397610	45407500	9890	3	0	0	25	co_linked	co_linked	2-1	2-1	True	28	0.789	0.838	gain	TP	TP
chr2	45397610	45408564	10954	3	0	0	23	co_linked	co_linked	2-1	2-1	True	26	0.789	0.819	gain	TP	TP
chr2	45397610	45414060	16450	3	0	0	12	co_linked	co_linked	2-1	2-1	True	15	0.789	0.74	gain	TP	TP
chr2	45398510	45400467	1957	10	0	0	37	co_linked	co_linked	2-1	2-1	True	47	0.785	0.806	gain	TP	TP
chr2	45398510	45407500	8990	4	0	0	21	co_linked	co_linked	2-1	2-1	True	25	0.785	0.838	gain	TP	TP
chr2	45398510	45408564	10054	4	0	0	20	co_linked	co_linked	2-1	2-1	True	24	0.785	0.819	gain	TP	TP
chr2	45398510	45414060	15550	2	0	0	10	co_linked	co_linked	2-1	2-1	True	12	0.785	0.74	gain	TP	TP
chr2	45400467	45407500	7033	6	0	0	27	co_linked	co_linked	2-1	2-1	True	33	0.806	0.838	gain	TP	TP
chr2	45400467	45408564	8097	6	0	0	27	co_linked	co_linked	2-1	2-1	True	33	0.806	0.819	gain	TP	TP
chr2	45400467	45414060	13593	4	0	0	14	co_linked	co_linked	2-1	2-1	True	18	0.806	0.74	gain	TP	TP
chr2	45400467	45425693	25226	1	0	0	5	co_linked	co_linked	2-1	2-1	True	6	0.806	0.648	gain	TP	TP
chr2	45400467	45425724	25257	1	0	0	5	co_linked	co_linked	2-1	2-1	True	6	0.806	0.656	gain	TP	TP
chr2	45400467	45428887	28420	1	0	0	5	co_linked	co_linked	2-1	2-1	True	6	0.806	0.72	gain	TP	TP
chr2	45402316	45428887	26571	1	0	0	9	co_linked	co_linked	2-1	2-1	True	10	0.768	0.72	gain	TP	TP
chr2	45402849	45425693	22844	2	0	0	10	co_linked	co_linked	2-1	2-1	True	12	0.788	0.648	gain	TP	TP
chr2	45402849	45425724	22875	2	0	0	10	co_linked	co_linked	2-1	2-1	True	12	0.788	0.656	gain	TP	TP
chr2	45402849	45428887	26038	2	0	0	9	co_linked	co_linked	2-1	2-1	True	11	0.788	0.72	gain	TP	TP
chr2	45407500	45414060	6560	7	0	0	28	co_linked	co_linked	2-1	2-1	True	35	0.838	0.74	gain	TP	TP
chr2	45407500	45425693	18193	3	0	0	11	co_linked	co_linked	2-1	2-1	True	14	0.838	0.648	gain	TP	TP
chr2	45407500	45425724	18224	3	0	0	11	co_linked	co_linked	2-1	2-1	True	14	0.838	0.656	gain	TP	TP
chr2	45407500	45428887	21387	3	0	0	11	co_linked	co_linked	2-1	2-1	True	14	0.838	0.72	gain	TP	TP
chr2	45408564	45414060	5496	8	0	0	36	co_linked	co_linked	2-1	2-1	True	44	0.819	0.74	gain	TP	TP
chr2	45408564	45425693	17129	3	0	0	16	co_linked	co_linked	2-1	2-1	True	19	0.819	0.648	gain	TP	TP
chr2	45408564	45425724	17160	3	0	0	16	co_linked	co_linked	2-1	2-1	True	19	0.819	0.656	gain	TP	TP
chr2	45408564	45428887	20323	3	0	0	15	co_linked	co_linked	2-1	2-1	True	18	0.819	0.72	gain	TP	TP
chr2	45413629	45425724	12095	8	0	0	20	co_linked	co_linked	2-1	2-1	True	28	0.662	0.656	gain	TP	TP
chr2	45413629	45428887	15258	8	0	0	20	co_linked	co_linked	2-1	2-1	True	28	0.662	0.72	gain	TP	TP
chr2	45414060	45425724	11664	8	0	0	24	co_linked	co_linked	2-1	2-1	True	32	0.74	0.656	gain	TP	TP
chr2	45414060	45428887	14827	8	0	0	23	co_linked	co_linked	2-1	2-1	True	31	0.74	0.72	gain	TP	TP
chr2	45425693	45425724	31	30	0	0	57	co_linked	co_linked	2-1	2-1	True	87	0.648	0.656	gain	TP	TP
chr2	45425724	45428887	3163	20	0	0	51	co_linked	co_linked	2-1	2-1	True	71	0.656	0.72	gain	TP	TP
chr2	46905211	46921894	16683	2	0	0	18	co_linked	co_linked	1-1	1-1	True	20	0.656	0.63	gain	TP	TP
chr2	47677311	47704238	26927	10	0	0	4	co_linked	co_linked	1-1	1-1	True	14	0.333	0.234	gain	TP	TP
chr2	48351468	48356002	4534	18	0	0	35	co_linked	co_linked	2-1	2-1	True	53	0.575	0.633	gain	TP	TP
chr2	49003834	49020159	16325	15	0	0	5	co_linked	co_linked	2-1	2-1	True	20	0.325	0.36	gain	TP	TP
chr2	49738010	49745963	7953	32	0	0	9	co_linked	co_linked	2-1	2-1	True	41	0.265	0.271	gain	TP	TP
chr2	55784294	55787453	3159	33	0	0	31	co_linked	co_linked	2-1	2-1	True	64	0.57	0.577	gain	TP	TP
chr2	58074230	58095884	21654	6	0	0	6	co_linked	co_linked	1-1	1-1	True	12	0.603	0.59	gain	TP	TP
chr2	62172036	62191322	19286	7	0	0	4	co_linked	co_linked	2-1	2-1	True	11	0.314	0.291	gain	TP	TP
chr2	63470881	63490674	19793	6	0	0	4	co_linked	co_linked	2-1	2-1	True	10	0.337	0.324	gain	TP	TP
chr2	64789089	64804151	15062	16	0	0	2	co_linked	co_linked	1-1	1-1	True	18	0.052	0.075	loh	FP	FP
chr2	70777176	70804497	27321	7	0	0	1	sparse	co_linked	2-1	2-1	True	8	0.471	0.394	loh	TP	TP
chr2	73122273	73129354	7081	1	0	0	26	co_linked	co_linked	2-1	2-1	True	27	0.959	0.95	loh	TP	TP
chr2	73122273	73137651	15378	0	0	0	11	co_linked	co_linked	2-1	2-1	True	11	0.959	0.978	loh	TP	TP
chr2	76057101	76058946	1845	40	0	0	5	co_linked	co_linked	2-1	2-1	True	45	0.117	0.094	loh	FP	FP
chr2	77807184	77829483	22299	0	0	0	13	co_linked	co_linked	2-1	2-1	True	13	0.909	0.954	loh	TP	TP
chr2	77967801	77987330	19529	6	0	0	3	co_linked	co_linked	3	3	True	9	0.094	0.111	loh	FP	FP
chr2	77973325	77973723	398	42	0	0	4	co_linked	co_linked	3	3	True	46	0.082	0.082	loh	FP	FP
chr2	77973325	77987330	14005	9	0	0	3	co_linked	co_linked	3	3	True	12	0.082	0.111	loh	FP	FP
chr2	77973723	77987330	13607	9	0	0	3	co_linked	co_linked	3	3	True	12	0.082	0.111	loh	FP	FP
chr2	78831080	78831081	1	1	0	0	48	co_linked	co_linked	1-1	1-1	True	49	0.96	0.98	loh	TP	TP
chr2	78871234	78889508	18274	14	0	0	2	co_linked	co_linked	2-1	2-1	True	16	0.083	0.093	loh	FP	FP
chr2	79583466	79590124	6658	0	0	0	33	co_linked	co_linked	1-1	1-1	True	33	0.962	1.0	loh	TP	TP
chr2	80452072	80476422	24350	2	0	0	9	co_linked	co_linked	2-1	2-1	True	11	0.932	0.944	loh	TP	TP
chr2	80913174	80914309	1135	30	0	0	16	co_linked	co_linked	2-1	2-1	True	46	0.327	0.414	loh	TP	TP
chr2	82368700	82388164	19464	12	0	0	3	co_linked	co_linked	2-1	2-1	True	15	0.383	0.392	loh	TP	TP
chr2	82489875	82506766	16891	0	0	0	12	co_linked	co_linked	2-1	2-1	True	12	0.983	0.98	loh	TP	TP
chr2	85523490	85548558	25068	6	0	0	9	co_linked	co_linked	1-1	1-1	True	15	0.397	0.448	gain	TP	TP
chr2	90072615	90072616	1	85	0	0	31	co_linked	co_linked	1-1	1-1	True	116	0.265	0.267	gain	TP	TP
chr2	94539156	94539923	767	110	0	0	8	co_linked	co_linked	1-1	1-1	True	118	0.063	0.101	gain	FP	FP
chr2	94539156	94540420	1264	103	0	0	8	co_linked	co_linked	1-1	1-1	True	111	0.063	0.113	gain	FP	FP
chr2	95295638	95303558	7920	30	0	0	18	co_linked	co_linked	2-1	2-1	True	48	0.481	0.46	gain	TP	TP
chr2	95994397	95996106	1709	53	0	0	55	co_linked	co_linked	2-1	2-1	True	108	0.539	0.535	gain	TP	TP
chr2	96187724	96210441	22717	7	0	0	6	co_linked	co_linked	2-1	2-1	True	13	0.51	0.461	gain	TP	TP
chr2	97989521	98017701	28180	3	0	0	8	co_linked	co_linked	1-1	1-1	True	11	0.495	0.56	gain	TP	TP
chr2	98101082	98111402	10320	20	0	0	23	co_linked	co_linked	1-1	1-1	True	43	0.51	0.473	gain	TP	TP
chr2	98101082	98129316	28234	3	0	0	4	co_linked	co_linked	1-1	1-1	True	7	0.51	0.509	gain	TP	TP
chr2	98111402	98129316	17914	13	0	0	10	co_linked	co_linked	1-1	1-1	True	23	0.473	0.509	gain	TP	TP
chr2	101039072	101050946	11874	23	0	0	14	co_linked	co_linked	1-1	1-1	True	37	0.46	0.431	gain	TP	TP
chr2	101317064	101339042	21978	6	0	0	8	co_linked	co_linked	1-1	1-1	True	14	0.425	0.384	gain	TP	TP
chr2	103341884	103356735	14851	0	0	0	8	co_linked	co_linked	2-1	2-1	True	8	0.906	1.0	loss	TP	TP
chr2	106906214	106927324	21110	0	0	0	7	co_linked	co_linked	1-1	1-1	True	7	0.846	1.0	loss	TP	TP
chr2	106923414	106927324	3910	0	0	0	18	co_linked	co_linked	1-1	1-1	True	18	0.966	1.0	loss	TP	TP
chr2	107674740	107683881	9141	8	0	0	2	co_linked	co_linked	2-1	2-1	True	10	0.115	0.16	loss	FP	FP
chr2	112282868	112285939	3071	15	0	0	2	co_linked	co_linked	1-1	1-1	True	17	0.107	0.25	loss	FP	FP
chr2	112282868	112285955	3087	15	0	0	2	co_linked	co_linked	1-1	1-1	True	17	0.107	0.25	loss	FP	FP
chr2	112282868	112289150	6282	13	0	0	2	co_linked	co_linked	1-1	1-1	True	15	0.107	0.4	loss	FP	FP
chr2	112282868	112292976	10108	10	0	0	1	sparse	co_linked	1-1	1-1	True	11	0.107	0.302	loss	FP	FP
chr2	112282868	112293069	10201	10	0	0	1	sparse	co_linked	1-1	1-1	True	11	0.107	0.267	loss	FP	FP
chr2	112285939	112285955	16	21	0	0	7	co_linked	co_linked	1-1	1-1	True	28	0.25	0.25	loss	FP	FP
chr2	112285939	112289150	3211	17	0	0	6	co_linked	co_linked	1-1	1-1	True	23	0.25	0.4	loss	FP	FP
chr2	112285939	112292976	7037	14	0	0	3	co_linked	co_linked	1-1	1-1	True	17	0.25	0.302	loss	FP	FP
chr2	112285955	112289150	3195	17	0	0	6	co_linked	co_linked	1-1	1-1	True	23	0.25	0.4	loss	FP	FP
chr2	112285955	112292976	7021	14	0	0	3	co_linked	co_linked	1-1	1-1	True	17	0.25	0.302	loss	FP	FP
chr2	112289150	112292976	3826	19	0	0	9	co_linked	co_linked	1-1	1-1	True	28	0.4	0.302	loss	FP	FP
chr2	112289150	112293069	3919	19	0	0	9	co_linked	co_linked	1-1	1-1	True	28	0.4	0.267	loss	FP	FP
chr2	112563386	112583741	20355	1	0	0	5	co_linked	co_linked	1-1	1-1	True	6	0.944	0.938	loss	TP	TP
chr2	112715260	112715261	1	25	0	0	5	co_linked	co_linked	1-1	1-1	True	30	0.167	0.167	loss	FP	FP
chr2	113953684	113953686	2	5	0	0	2	co_linked	co_linked	1-1	1-1	True	7	0.286	0.286	loss	FP	FP
chr2	115109393	115110396	1003	61	0	0	2	co_linked	co_linked	2-1	2-1	True	63	0.03	0.029	loh	FP	FP
chr2	115805794	115830077	24283	0	0	0	8	co_linked	co_linked	1-1	1-1	True	8	0.967	0.981	loh	TP	TP
chr2	119314913	119315426	513	1	0	0	41	co_linked	co_linked	1-1	1-1	True	42	0.978	0.941	loh	TP	TP
chr2	119371544	119391175	19631	0	0	0	7	co_linked	co_linked	1-1	1-1	True	7	0.909	0.98	loh	TP	TP
chr2	122856971	122881068	24097	0	0	0	13	co_linked	co_linked	2-1	2-1	True	13	0.982	0.928	loh	TP	TP
chr2	123543334	123544293	959	50	0	0	3	co_linked	co_linked	1-1	1-1	True	53	0.052	0.049	loh	FP	FP
chr2	123543334	123544961	1627	45	0	0	3	co_linked	co_linked	1-1	1-1	True	48	0.052	0.053	loh	FP	FP
chr2	123544293	123544961	668	52	0	0	3	co_linked	co_linked	1-1	1-1	True	55	0.049	0.053	loh	FP	FP
chr2	124856896	124875851	18955	0	0	0	12	co_linked	co_linked	1-1	1-1	True	12	0.984	0.947	loh	TP	TP
chr2	125923786	125952326	28540	4	0	0	2	co_linked	co_linked	2-1	2-1	True	6	0.518	0.37	loh	TP	TP
chr2	126912434	126912435	1	31	0	0	20	co_linked	co_linked	2-1	2-1	True	51	0.385	0.389	loh	TP	TP
chr2	127439567	127472498	32931	0	0	0	7	co_linked	co_linked	2-1	2-1	True	7	1.0	0.985	loh	TP	TP
chr2	133138328	133150683	12355	0	0	0	27	co_linked	co_linked	1-1	1-1	True	27	0.985	1.0	loh	TP	TP
chr2	142725999	142743529	17530	0	0	0	21	co_linked	co_linked	1-1	1-1	True	21	0.972	0.96	loh	TP	TP
chr2	142743529	142763898	20369	0	0	0	13	co_linked	co_linked	1-1	1-1	True	13	0.96	0.97	loh	TP	TP
chr2	143102361	143134336	31975	0	0	0	6	co_linked	co_linked	1-1	1-1	True	6	0.912	0.981	loh	TP	TP
chr2	145584965	145608285	23320	0	0	0	8	co_linked	co_linked	1-1	1-1	True	8	0.968	1.0	gain	TP	TP
chr2	155533085	155562399	29314	0	0	0	9	co_linked	co_linked	1-1	1-1	True	9	0.967	0.982	gain	TP	TP
chr2	158686036	158698402	12366	0	0	0	32	co_linked	co_linked	2-1	2-1	True	32	0.961	0.986	gain	TP	TP
chr2	158817705	158824305	6600	33	0	0	2	co_linked	co_linked	2-1	2-1	True	35	0.054	0.036	gain	FP	FP
chr2	165714429	165747051	32622	4	0	0	3	co_linked	co_linked	2-1	2-1	True	7	0.539	0.589	gain	TP	TP
chr2	166470847	166487111	16264	22	0	0	9	co_linked	co_linked	2-1	2-1	True	31	0.434	0.5	gain	TP	TP
chr2	166751343	166782876	31533	5	0	0	4	co_linked	co_linked	1-1	1-1	True	9	0.252	0.459	gain	TP	TP
chr2	166916752	166944633	27881	5	0	0	4	co_linked	co_linked	2-1	2-1	True	9	0.469	0.586	gain	TP	TP
chr2	168903412	168931983	28571	2	0	0	4	co_linked	co_linked	1-1	1-1	True	6	0.417	0.505	gain	TP	TP
chr2	169103240	169117245	14005	17	0	0	13	co_linked	co_linked	1-1	1-1	True	30	0.471	0.451	gain	TP	TP
chr2	169103240	169132220	28980	1	0	0	6	co_linked	co_linked	1-1	1-1	True	7	0.471	0.561	gain	TP	TP
chr2	169103240	169132867	29627	1	0	0	6	co_linked	co_linked	1-1	1-1	True	7	0.471	0.516	gain	TP	TP
chr2	169117245	169132220	14975	11	0	0	14	co_linked	co_linked	1-1	1-1	True	25	0.451	0.561	gain	TP	TP
chr2	169258489	169270904	12415	27	0	0	11	co_linked	co_linked	1-1	1-1	True	38	0.236	0.246	gain	TP	TP
chr2	169262947	169285022	22075	11	0	0	4	co_linked	co_linked	2-1	2-1	True	15	0.37	0.417	gain	TP	TP
chr2	169615079	169645788	30709	3	0	0	3	co_linked	co_linked	1-1	1-1	True	6	0.584	0.545	gain	TP	TP
chr2	169615079	169645793	30714	4	0	0	3	co_linked	co_linked	1-1	1-1	True	7	0.584	0.548	gain	TP	TP
chr2	169617207	169645788	28581	3	0	0	3	co_linked	co_linked	1-1	1-1	True	6	0.538	0.545	gain	TP	TP
chr2	169617207	169645793	28586	4	0	0	3	co_linked	co_linked	1-1	1-1	True	7	0.538	0.548	gain	TP	TP
chr2	169645788	169645793	5	45	0	0	54	co_linked	co_linked	1-1	1-1	True	99	0.545	0.548	gain	TP	TP
chr2	169645788	169652403	6615	22	0	0	20	co_linked	co_linked	1-1	1-1	True	42	0.545	0.505	gain	TP	TP
chr2	169645793	169652403	6610	22	0	0	22	co_linked	co_linked	1-1	1-1	True	44	0.548	0.505	gain	TP	TP
chr2	172616420	172637727	21307	10	0	0	9	co_linked	co_linked	2-1	2-1	True	19	0.423	0.493	gain	TP	TP
chr2	173290368	173308883	18515	13	0	0	14	co_linked	co_linked	1-1	1-1	True	27	0.486	0.459	gain	TP	TP
chr2	175115866	175115867	1	59	0	0	65	co_linked	co_linked	1-1	1-1	True	124	0.52	0.545	gain	TP	TP
chr2	175260220	175272447	12227	11	0	0	13	co_linked	co_linked	1-1	1-1	True	24	0.521	0.44	gain	TP	TP
chr2	175819450	175847401	27951	9	0	0	4	co_linked	co_linked	2-1	2-1	True	13	0.491	0.472	gain	TP	TP
chr2	176751839	176760840	9001	16	0	0	25	co_linked	co_linked	2-1	2-1	True	41	0.505	0.526	gain	TP	TP
chr2	179051347	179058910	7563	18	0	0	13	co_linked	co_linked	3	3	True	31	0.394	0.408	gain	TP	TP
chr2	179551854	179578406	26552	5	0	0	10	co_linked	co_linked	2-1	2-1	True	15	0.575	0.62	gain	TP	TP
chr2	179551854	179585061	33207	3	0	0	5	co_linked	co_linked	2-1	2-1	True	8	0.575	0.527	gain	TP	TP
chr2	180291013	180309788	18775	16	0	0	2	co_linked	co_linked	1-1	1-1	True	18	0.378	0.356	gain	TP	TP
chr2	180341672	180361770	20098	8	0	0	6	co_linked	co_linked	1-1	1-1	True	14	0.369	0.476	gain	TP	TP
chr2	180625620	180643931	18311	7	0	0	7	co_linked	co_linked	2-1	2-1	True	14	0.677	0.545	gain	TP	TP
chr2	182650339	182678750	28411	3	0	0	3	co_linked	co_linked	2-1	2-1	True	6	0.584	0.495	gain	TP	TP
chr2	183481689	183495853	14164	16	0	0	8	co_linked	co_linked	1-1	1-1	True	24	0.277	0.395	gain	TP	TP
chr2	184637534	184637535	1	56	0	0	20	co_linked	co_linked	2-1	2-1	True	76	0.26	0.256	gain	TP	TP
chr2	184675845	184692762	16917	14	0	0	6	co_linked	co_linked	2-1	2-1	True	20	0.337	0.432	gain	TP	TP
chr2	184692762	184719846	27084	4	0	0	3	co_linked	co_linked	2-1	2-1	True	7	0.432	0.408	gain	TP	TP
chr2	185683312	185687324	4012	39	0	0	27	co_linked	co_linked	2-1	2-1	True	66	0.402	0.429	gain	TP	TP
chr2	187422541	187422542	1	64	0	0	19	co_linked	co_linked	1-1	1-1	True	83	0.224	0.229	gain	TP	TP
chr2	191446097	191478521	32424	5	0	0	1	sparse	co_linked	2-1	2-1	True	6	0.376	0.494	gain	TP	TP
chr2	191775509	191784183	8674	15	0	0	14	co_linked	co_linked	2-1	2-1	True	29	0.405	0.44	gain	TP	TP
chr2	192428220	192444108	15888	1	0	0	7	co_linked	co_linked	2-1	2-1	True	8	0.911	0.911	loss	TP	TP
chr2	193970149	193991967	21818	0	0	0	8	co_linked	co_linked	2-1	2-1	True	8	0.982	0.891	loss	TP	TP
chr2	195622513	195623360	847	40	0	0	2	co_linked	co_linked	1-1	1-1	True	42	0.041	0.044	loss	FP	FP
chr2	197152546	197152547	1	54	0	0	24	co_linked	co_linked	1-1	1-1	True	78	0.308	0.3	neutral	TP	TP
chr2	198313817	198334714	20897	11	0	0	2	co_linked	co_linked	1-1	1-1	True	13	0.297	0.324	neutral	TP	TP
chr2	198955231	198980526	25295	3	0	0	4	co_linked	co_linked	1-1	1-1	True	7	0.586	0.565	neutral	TP	TP
chr2	199766356	199790920	24564	13	0	0	3	co_linked	co_linked	2-1	2-1	True	16	0.272	0.278	neutral	TP	TP
chr2	199785698	199790920	5222	26	0	0	9	co_linked	co_linked	2-1	2-1	True	35	0.183	0.278	neutral	TP	TP
chr2	200350557	200370489	19932	10	0	0	7	co_linked	co_linked	2-1	2-1	True	17	0.361	0.293	neutral	TP	TP
chr2	201562178	201568247	6069	17	0	0	21	co_linked	co_linked	2-1	2-1	True	38	0.565	0.588	neutral	TP	TP
chr2	205544923	205564899	19976	12	0	0	11	co_linked	co_linked	2-1	2-1	True	23	0.424	0.443	neutral	TP	TP
chr2	205544923	205565174	20251	12	0	0	12	co_linked	co_linked	2-1	2-1	True	24	0.424	0.432	neutral	TP	TP
chr2	206461230	206478576	17346	17	0	0	5	co_linked	co_linked	2-1	2-1	True	22	0.263	0.275	neutral	TP	TP
chr2	206859990	206868088	8098	18	0	0	30	co_linked	co_linked	1-1	1-1	True	48	0.66	0.663	neutral	TP	TP
chr2	206859990	206870378	10388	14	0	0	21	co_linked	co_linked	1-1	1-1	True	35	0.66	0.645	neutral	TP	TP
chr2	206859990	206875840	15850	9	0	0	17	co_linked	co_linked	1-1	1-1	True	26	0.66	0.607	neutral	TP	TP
chr2	206859990	206882619	22629	3	0	0	12	co_linked	co_linked	1-1	1-1	True	15	0.66	0.624	neutral	TP	TP
chr2	206859990	206884265	24275	3	0	0	4	co_linked	co_linked	1-1	1-1	True	7	0.66	0.577	neutral	TP	TP
chr2	206861878	206882619	20741	4	0	0	13	co_linked	co_linked	1-1	1-1	True	17	0.656	0.624	neutral	TP	TP
chr2	206861878	206884265	22387	4	0	0	5	co_linked	co_linked	1-1	1-1	True	9	0.656	0.577	neutral	TP	TP
chr2	206861878	206888050	26172	3	0	0	3	co_linked	co_linked	1-1	1-1	True	6	0.656	0.515	neutral	TP	TP
chr2	206868088	206884265	16177	5	0	0	9	co_linked	co_linked	1-1	1-1	True	14	0.663	0.577	neutral	TP	TP
chr2	206868088	206888050	19962	4	0	0	5	co_linked	co_linked	1-1	1-1	True	9	0.663	0.515	neutral	TP	TP
chr2	206868088	206891633	23545	2	0	0	5	co_linked	co_linked	1-1	1-1	True	7	0.663	0.63	neutral	TP	TP
chr2	206868088	206892498	24410	3	0	0	4	co_linked	co_linked	1-1	1-1	True	7	0.663	0.645	neutral	TP	TP
chr2	206868088	206893627	25539	3	0	0	4	co_linked	co_linked	1-1	1-1	True	7	0.663	0.627	neutral	TP	TP
chr2	206870378	206881694	11316	10	0	0	17	co_linked	co_linked	1-1	1-1	True	27	0.645	0.678	neutral	TP	TP
chr2	206870378	206884265	13887	6	0	0	9	co_linked	co_linked	1-1	1-1	True	15	0.645	0.577	neutral	TP	TP
chr2	206870378	206888050	17672	5	0	0	7	co_linked	co_linked	1-1	1-1	True	12	0.645	0.515	neutral	TP	TP
chr2	206870378	206891633	21255	3	0	0	6	co_linked	co_linked	1-1	1-1	True	9	0.645	0.63	neutral	TP	TP
chr2	206870378	206892498	22120	4	0	0	5	co_linked	co_linked	1-1	1-1	True	9	0.645	0.645	neutral	TP	TP
chr2	206870378	206893627	23249	4	0	0	6	co_linked	co_linked	1-1	1-1	True	10	0.645	0.627	neutral	TP	TP
chr2	206870378	206897843	27465	3	0	0	4	co_linked	co_linked	1-1	1-1	True	7	0.645	0.578	neutral	TP	TP
chr2	206870380	206881694	11314	10	0	0	18	co_linked	co_linked	1-1	1-1	True	28	0.627	0.678	neutral	TP	TP
chr2	206870380	206884265	13885	6	0	0	10	co_linked	co_linked	1-1	1-1	True	16	0.627	0.577	neutral	TP	TP
chr2	206870380	206888050	17670	5	0	0	7	co_linked	co_linked	1-1	1-1	True	12	0.627	0.515	neutral	TP	TP
chr2	206870380	206891633	21253	3	0	0	6	co_linked	co_linked	1-1	1-1	True	9	0.627	0.63	neutral	TP	TP
chr2	206870380	206892498	22118	4	0	0	5	co_linked	co_linked	1-1	1-1	True	9	0.627	0.645	neutral	TP	TP
chr2	206870380	206893627	23247	4	0	0	6	co_linked	co_linked	1-1	1-1	True	10	0.627	0.627	neutral	TP	TP
chr2	206870380	206897843	27463	3	0	0	4	co_linked	co_linked	1-1	1-1	True	7	0.627	0.578	neutral	TP	TP
chr2	206875840	206881694	5854	19	0	0	31	co_linked	co_linked	1-1	1-1	True	50	0.607	0.678	neutral	TP	TP
chr2	206875840	206888050	12210	11	0	0	14	co_linked	co_linked	1-1	1-1	True	25	0.607	0.515	neutral	TP	TP
chr2	206875840	206891633	15793	9	0	0	11	co_linked	co_linked	1-1	1-1	True	20	0.607	0.63	neutral	TP	TP
chr2	206875840	206892498	16658	9	0	0	10	co_linked	co_linked	1-1	1-1	True	19	0.607	0.645	neutral	TP	TP
chr2	206875840	206893627	17787	8	0	0	11	co_linked	co_linked	1-1	1-1	True	19	0.607	0.627	neutral	TP	TP
chr2	206875840	206897843	22003	7	0	0	6	co_linked	co_linked	1-1	1-1	True	13	0.607	0.578	neutral	TP	TP
chr2	206876865	206888050	11185	13	0	0	15	co_linked	co_linked	1-1	1-1	True	28	0.597	0.515	neutral	TP	TP
chr2	206876865	206891633	14768	9	0	0	12	co_linked	co_linked	1-1	1-1	True	21	0.597	0.63	neutral	TP	TP
chr2	206876865	206892498	15633	10	0	0	11	co_linked	co_linked	1-1	1-1	True	21	0.597	0.645	neutral	TP	TP
chr2	206876865	206893627	16762	9	0	0	11	co_linked	co_linked	1-1	1-1	True	20	0.597	0.627	neutral	TP	TP
chr2	206876865	206897843	20978	8	0	0	6	co_linked	co_linked	1-1	1-1	True	14	0.597	0.578	neutral	TP	TP
chr2	206877938	206888050	10112	14	0	0	16	co_linked	co_linked	1-1	1-1	True	30	0.575	0.515	neutral	TP	TP
chr2	206877938	206891633	13695	10	0	0	13	co_linked	co_linked	1-1	1-1	True	23	0.575	0.63	neutral	TP	TP
chr2	206877938	206892498	14560	10	0	0	12	co_linked	co_linked	1-1	1-1	True	22	0.575	0.645	neutral	TP	TP
chr2	206877938	206893627	15689	9	0	0	12	co_linked	co_linked	1-1	1-1	True	21	0.575	0.627	neutral	TP	TP
chr2	206877938	206897843	19905	8	0	0	7	co_linked	co_linked	1-1	1-1	True	15	0.575	0.578	neutral	TP	TP
chr2	206881694	206893627	11933	11	0	0	17	co_linked	co_linked	1-1	1-1	True	28	0.678	0.627	neutral	TP	TP
chr2	206888050	206897843	9793	16	0	0	16	co_linked	co_linked	1-1	1-1	True	32	0.515	0.578	neutral	TP	TP
chr2	206892498	206893627	1129	24	0	0	42	co_linked	co_linked	1-1	1-1	True	66	0.645	0.627	neutral	TP	TP
chr2	206892498	206939125	46627	1	0	0	32	co_linked	co_linked	1-1	1-1	True	33	0.645	0.648	neutral	TP	TP
chr2	206892498	206939899	47401	1	0	0	32	co_linked	co_linked	1-1	1-1	True	33	0.645	0.652	neutral	TP	TP
chr2	206892498	206941297	48799	1	0	0	27	co_linked	co_linked	1-1	1-1	True	28	0.645	0.628	neutral	TP	TP
chr2	206892498	206941624	49126	1	0	0	27	co_linked	co_linked	1-1	1-1	True	28	0.645	0.62	neutral	TP	TP
chr2	206892498	206942463	49965	1	0	0	26	co_linked	co_linked	1-1	1-1	True	27	0.645	0.625	neutral	TP	TP
chr2	206893627	206939125	45498	1	0	0	34	co_linked	co_linked	1-1	1-1	True	35	0.627	0.648	neutral	TP	TP
chr2	206893627	206939899	46272	1	0	0	34	co_linked	co_linked	1-1	1-1	True	35	0.627	0.652	neutral	TP	TP
chr2	206893627	206941297	47670	1	0	0	28	co_linked	co_linked	1-1	1-1	True	29	0.627	0.628	neutral	TP	TP
chr2	206893627	206941624	47997	1	0	0	28	co_linked	co_linked	1-1	1-1	True	29	0.627	0.62	neutral	TP	TP
chr2	206893627	206942463	48836	1	0	0	27	co_linked	co_linked	1-1	1-1	True	28	0.627	0.625	neutral	TP	TP
chr2	206939125	206945412	6287	16	0	0	34	co_linked	co_linked	1-1	1-1	True	50	0.648	0.671	neutral	TP	TP
chr2	206939125	206951180	12055	12	0	0	18	co_linked	co_linked	1-1	1-1	True	30	0.648	0.613	neutral	TP	TP
chr2	206939125	206960746	21621	4	0	0	6	co_linked	co_linked	1-1	1-1	True	10	0.648	0.671	neutral	TP	TP
chr2	206939125	206960999	21874	5	0	0	6	co_linked	co_linked	1-1	1-1	True	11	0.648	0.675	neutral	TP	TP
chr2	206939125	206961676	22551	3	0	0	6	co_linked	co_linked	1-1	1-1	True	9	0.648	0.636	neutral	TP	TP
chr2	206939125	206967390	28265	2	0	0	4	co_linked	co_linked	1-1	1-1	True	6	0.648	0.66	neutral	TP	TP
chr2	206939125	206967680	28555	2	0	0	4	co_linked	co_linked	1-1	1-1	True	6	0.648	0.616	neutral	TP	TP
chr2	206939899	206941297	1398	28	0	0	44	co_linked	co_linked	1-1	1-1	True	72	0.652	0.628	neutral	TP	TP
chr2	206939899	206941624	1725	29	0	0	44	co_linked	co_linked	1-1	1-1	True	73	0.652	0.62	neutral	TP	TP
chr2	206939899	206942463	2564	28	0	0	42	co_linked	co_linked	1-1	1-1	True	70	0.652	0.625	neutral	TP	TP
chr2	206939899	206945536	5637	16	0	0	35	co_linked	co_linked	1-1	1-1	True	51	0.652	0.689	neutral	TP	TP
chr2	206939899	206948669	8770	14	0	0	29	co_linked	co_linked	1-1	1-1	True	43	0.652	0.659	neutral	TP	TP
chr2	206939899	206951180	11281	12	0	0	19	co_linked	co_linked	1-1	1-1	True	31	0.652	0.613	neutral	TP	TP
chr2	206939899	206960746	20847	4	0	0	7	co_linked	co_linked	1-1	1-1	True	11	0.652	0.671	neutral	TP	TP
chr2	206939899	206960999	21100	5	0	0	7	co_linked	co_linked	1-1	1-1	True	12	0.652	0.675	neutral	TP	TP
chr2	206939899	206961676	21777	3	0	0	7	co_linked	co_linked	1-1	1-1	True	10	0.652	0.636	neutral	TP	TP
chr2	206939899	206967390	27491	2	0	0	5	co_linked	co_linked	1-1	1-1	True	7	0.652	0.66	neutral	TP	TP
chr2	206939899	206967428	27529	1	0	0	5	co_linked	co_linked	1-1	1-1	True	6	0.652	0.64	neutral	TP	TP
chr2	206939899	206967680	27781	2	0	0	5	co_linked	co_linked	1-1	1-1	True	7	0.652	0.616	neutral	TP	TP
chr2	206941297	206941624	327	29	0	0	48	co_linked	co_linked	1-1	1-1	True	77	0.628	0.62	neutral	TP	TP
chr2	206941297	206942463	1166	27	0	0	46	co_linked	co_linked	1-1	1-1	True	73	0.628	0.625	neutral	TP	TP
chr2	206941297	206945536	4239	15	0	0	37	co_linked	co_linked	1-1	1-1	True	52	0.628	0.689	neutral	TP	TP
chr2	206941297	206948669	7372	13	0	0	30	co_linked	co_linked	1-1	1-1	True	43	0.628	0.659	neutral	TP	TP
chr2	206941297	206951180	9883	11	0	0	19	co_linked	co_linked	1-1	1-1	True	30	0.628	0.613	neutral	TP	TP
chr2	206941297	206960746	19449	4	0	0	8	co_linked	co_linked	1-1	1-1	True	12	0.628	0.671	neutral	TP	TP
chr2	206941297	206960999	19702	4	0	0	8	co_linked	co_linked	1-1	1-1	True	12	0.628	0.675	neutral	TP	TP
chr2	206941297	206961676	20379	3	0	0	8	co_linked	co_linked	1-1	1-1	True	11	0.628	0.636	neutral	TP	TP
chr2	206941297	206967390	26093	2	0	0	6	co_linked	co_linked	1-1	1-1	True	8	0.628	0.66	neutral	TP	TP
chr2	206941297	206967428	26131	1	0	0	6	co_linked	co_linked	1-1	1-1	True	7	0.628	0.64	neutral	TP	TP
chr2	206941297	206967680	26383	2	0	0	6	co_linked	co_linked	1-1	1-1	True	8	0.628	0.616	neutral	TP	TP
chr2	206941297	206971546	30249	0	0	0	6	co_linked	co_linked	1-1	1-1	True	6	0.628	0.667	neutral	TP	TP
chr2	206941624	206942463	839	28	0	0	47	co_linked	co_linked	1-1	1-1	True	75	0.62	0.625	neutral	TP	TP
chr2	206941624	206945536	3912	16	0	0	38	co_linked	co_linked	1-1	1-1	True	54	0.62	0.689	neutral	TP	TP
chr2	206941624	206948669	7045	14	0	0	31	co_linked	co_linked	1-1	1-1	True	45	0.62	0.659	neutral	TP	TP
chr2	206941624	206951180	9556	12	0	0	20	co_linked	co_linked	1-1	1-1	True	32	0.62	0.613	neutral	TP	TP
chr2	206941624	206960746	19122	4	0	0	8	co_linked	co_linked	1-1	1-1	True	12	0.62	0.671	neutral	TP	TP
chr2	206941624	206960999	19375	5	0	0	8	co_linked	co_linked	1-1	1-1	True	13	0.62	0.675	neutral	TP	TP
chr2	206941624	206961676	20052	3	0	0	8	co_linked	co_linked	1-1	1-1	True	11	0.62	0.636	neutral	TP	TP
chr2	206941624	206967390	25766	2	0	0	6	co_linked	co_linked	1-1	1-1	True	8	0.62	0.66	neutral	TP	TP
chr2	206941624	206967428	25804	1	0	0	6	co_linked	co_linked	1-1	1-1	True	7	0.62	0.64	neutral	TP	TP
chr2	206941624	206967680	26056	2	0	0	6	co_linked	co_linked	1-1	1-1	True	8	0.62	0.616	neutral	TP	TP
chr2	206941624	206971546	29922	0	0	0	6	co_linked	co_linked	1-1	1-1	True	6	0.62	0.667	neutral	TP	TP
chr2	206941982	206951180	9198	11	0	0	18	co_linked	co_linked	1-1	1-1	True	29	0.568	0.613	neutral	TP	TP
chr2	206941982	206960746	18764	4	0	0	8	co_linked	co_linked	1-1	1-1	True	12	0.568	0.671	neutral	TP	TP
chr2	206941982	206960999	19017	5	0	0	8	co_linked	co_linked	1-1	1-1	True	13	0.568	0.675	neutral	TP	TP
chr2	206941982	206961676	19694	3	0	0	8	co_linked	co_linked	1-1	1-1	True	11	0.568	0.636	neutral	TP	TP
chr2	206941982	206967390	25408	2	0	0	6	co_linked	co_linked	1-1	1-1	True	8	0.568	0.66	neutral	TP	TP
chr2	206941982	206967428	25446	1	0	0	6	co_linked	co_linked	1-1	1-1	True	7	0.568	0.64	neutral	TP	TP
chr2	206941982	206967680	25698	2	0	0	6	co_linked	co_linked	1-1	1-1	True	8	0.568	0.616	neutral	TP	TP
chr2	206941982	206971546	29564	0	0	0	6	co_linked	co_linked	1-1	1-1	True	6	0.568	0.667	neutral	TP	TP
chr2	206942463	206945536	3073	17	0	0	40	co_linked	co_linked	1-1	1-1	True	57	0.625	0.689	neutral	TP	TP
chr2	206942463	206948669	6206	14	0	0	32	co_linked	co_linked	1-1	1-1	True	46	0.625	0.659	neutral	TP	TP
chr2	206942463	206951180	8717	12	0	0	21	co_linked	co_linked	1-1	1-1	True	33	0.625	0.613	neutral	TP	TP
chr2	206942463	206960746	18283	4	0	0	8	co_linked	co_linked	1-1	1-1	True	12	0.625	0.671	neutral	TP	TP
chr2	206942463	206960999	18536	5	0	0	8	co_linked	co_linked	1-1	1-1	True	13	0.625	0.675	neutral	TP	TP
chr2	206942463	206961676	19213	3	0	0	8	co_linked	co_linked	1-1	1-1	True	11	0.625	0.636	neutral	TP	TP
chr2	206942463	206967390	24927	2	0	0	6	co_linked	co_linked	1-1	1-1	True	8	0.625	0.66	neutral	TP	TP
chr2	206942463	206967428	24965	1	0	0	6	co_linked	co_linked	1-1	1-1	True	7	0.625	0.64	neutral	TP	TP
chr2	206942463	206967680	25217	2	0	0	6	co_linked	co_linked	1-1	1-1	True	8	0.625	0.616	neutral	TP	TP
chr2	206942463	206971546	29083	0	0	0	6	co_linked	co_linked	1-1	1-1	True	6	0.625	0.667	neutral	TP	TP
chr2	206945412	206977548	32136	1	0	0	6	co_linked	co_linked	1-1	1-1	True	7	0.671	0.699	neutral	TP	TP
chr2	206945412	206978608	33196	1	0	0	6	co_linked	co_linked	1-1	1-1	True	7	0.671	0.676	neutral	TP	TP
chr2	206945536	206948669	3133	16	0	0	41	co_linked	co_linked	1-1	1-1	True	57	0.689	0.659	neutral	TP	TP
chr2	206945536	206951180	5644	14	0	0	29	co_linked	co_linked	1-1	1-1	True	43	0.689	0.613	neutral	TP	TP
chr2	206945536	206960746	15210	5	0	0	14	co_linked	co_linked	1-1	1-1	True	19	0.689	0.671	neutral	TP	TP
chr2	206945536	206960999	15463	6	0	0	13	co_linked	co_linked	1-1	1-1	True	19	0.689	0.675	neutral	TP	TP
chr2	206945536	206961676	16140	4	0	0	13	co_linked	co_linked	1-1	1-1	True	17	0.689	0.636	neutral	TP	TP
chr2	206945536	206967390	21854	3	0	0	9	co_linked	co_linked	1-1	1-1	True	12	0.689	0.66	neutral	TP	TP
chr2	206945536	206967428	21892	2	0	0	9	co_linked	co_linked	1-1	1-1	True	11	0.689	0.64	neutral	TP	TP
chr2	206945536	206971546	26010	1	0	0	9	co_linked	co_linked	1-1	1-1	True	10	0.689	0.667	neutral	TP	TP
chr2	206945536	206977548	32012	1	0	0	6	co_linked	co_linked	1-1	1-1	True	7	0.689	0.699	neutral	TP	TP
chr2	206945536	206978608	33072	1	0	0	6	co_linked	co_linked	1-1	1-1	True	7	0.689	0.676	neutral	TP	TP
chr2	206948669	206967428	18759	2	0	0	11	co_linked	co_linked	1-1	1-1	True	13	0.659	0.64	neutral	TP	TP
chr2	206948669	206971546	22877	2	0	0	12	co_linked	co_linked	1-1	1-1	True	14	0.659	0.667	neutral	TP	TP
chr2	206948669	206977548	28879	2	0	0	6	co_linked	co_linked	1-1	1-1	True	8	0.659	0.699	neutral	TP	TP
chr2	206948669	206978608	29939	2	0	0	6	co_linked	co_linked	1-1	1-1	True	8	0.659	0.676	neutral	TP	TP
chr2	206951180	206977548	26368	2	0	0	6	co_linked	co_linked	1-1	1-1	True	8	0.613	0.699	neutral	TP	TP
chr2	206951180	206978608	27428	2	0	0	6	co_linked	co_linked	1-1	1-1	True	8	0.613	0.676	neutral	TP	TP
chr2	206960746	206978608	17862	5	0	0	15	co_linked	co_linked	1-1	1-1	True	20	0.671	0.676	neutral	TP	TP
chr2	206960999	206978608	17609	5	0	0	16	co_linked	co_linked	1-1	1-1	True	21	0.675	0.676	neutral	TP	TP
chr2	206961676	206978608	16932	6	0	0	16	co_linked	co_linked	1-1	1-1	True	22	0.636	0.676	neutral	TP	TP
chr2	208506207	208525623	19416	8	0	0	5	co_linked	co_linked	2-1	2-1	True	13	0.378	0.383	neutral	TP	TP
chr2	210545076	210547054	1978	55	0	0	2	co_linked	co_linked	2-1	2-1	True	57	0.029	0.027	neutral	FP	FP
chr2	211167242	211184147	16905	15	0	0	4	co_linked	co_linked	2-1	2-1	True	19	0.412	0.271	neutral	TP	TP
chr2	212355313	212380854	25541	5	0	0	4	co_linked	co_linked	1-1	1-1	True	9	0.227	0.324	neutral	TP	TP
chr2	212363905	212381567	17662	12	0	0	10	co_linked	co_linked	2-1	2-1	True	22	0.407	0.38	neutral	TP	TP
chr2	212939963	212968544	28581	8	0	0	4	co_linked	co_linked	2-1	2-1	True	12	0.323	0.303	neutral	TP	TP
chr2	212968544	212992542	23998	9	0	0	1	sparse	co_linked	2-1	2-1	True	10	0.303	0.333	neutral	TP	TP
chr2	213852890	213854874	1984	63	0	0	3	co_linked	co_linked	1-1	1-1	True	66	0.038	0.038	neutral	FP	FP
chr2	213852890	213856903	4013	45	0	0	3	co_linked	co_linked	1-1	1-1	True	48	0.038	0.046	neutral	FP	FP
chr2	213852890	213857408	4518	45	0	0	3	co_linked	co_linked	1-1	1-1	True	48	0.038	0.045	neutral	FP	FP
chr2	213854874	213856903	2029	55	0	0	3	co_linked	co_linked	1-1	1-1	True	58	0.038	0.046	neutral	FP	FP
chr2	213854874	213857408	2534	54	0	0	3	co_linked	co_linked	1-1	1-1	True	57	0.038	0.045	neutral	FP	FP
chr2	213856903	213857408	505	59	0	0	3	co_linked	co_linked	1-1	1-1	True	62	0.046	0.045	neutral	FP	FP
chr2	215621296	215646358	25062	10	0	0	1	sparse	co_linked	2-1	2-1	True	11	0.433	0.313	neutral	TP	TP
chr2	216849217	216857046	7829	21	0	0	9	co_linked	co_linked	2-1	2-1	True	30	0.338	0.304	neutral	TP	TP
chr2	216849217	216862455	13238	11	0	0	5	co_linked	co_linked	2-1	2-1	True	16	0.338	0.377	neutral	TP	TP
chr2	216849217	216872279	23062	4	0	0	5	co_linked	co_linked	2-1	2-1	True	9	0.338	0.407	neutral	TP	TP
chr2	216849217	216876426	27209	3	0	0	4	co_linked	co_linked	2-1	2-1	True	7	0.338	0.425	neutral	TP	TP
chr2	216857046	216862455	5409	31	0	0	17	co_linked	co_linked	2-1	2-1	True	48	0.304	0.377	neutral	TP	TP
chr2	216857046	216876426	19380	11	0	0	12	co_linked	co_linked	2-1	2-1	True	23	0.304	0.425	neutral	TP	TP
chr2	216857046	216881381	24335	11	0	0	8	co_linked	co_linked	2-1	2-1	True	19	0.304	0.388	neutral	TP	TP
chr2	216862455	216876426	13971	18	0	0	19	co_linked	co_linked	2-1	2-1	True	37	0.377	0.425	neutral	TP	TP
chr2	216862455	216881381	18926	16	0	0	10	co_linked	co_linked	2-1	2-1	True	26	0.377	0.388	neutral	TP	TP
chr2	216876426	216881381	4955	44	0	0	26	co_linked	co_linked	2-1	2-1	True	70	0.425	0.388	neutral	TP	TP
chr2	219860984	219872069	11085	29	0	0	14	co_linked	co_linked	1-1	1-1	True	43	0.311	0.315	neutral	TP	TP
chr2	220778831	220810228	31397	2	0	0	4	co_linked	co_linked	2-1	2-1	True	6	0.612	0.534	neutral	TP	TP
chr2	221346723	221360705	13982	13	0	0	2	co_linked	co_linked	1-1	1-1	True	15	0.224	0.303	neutral	TP	TP
chr2	222105489	222126730	21241	10	0	0	2	co_linked	co_linked	1-1	1-1	True	12	0.282	0.276	neutral	TP	TP
chr2	222875752	222898710	22958	7	0	0	7	co_linked	co_linked	1-1	1-1	True	14	0.329	0.443	gain	TP	TP
chr2	224749654	224770651	20997	7	0	0	9	co_linked	co_linked	2-1	2-1	True	16	0.558	0.632	neutral	TP	TP
chr2	226243098	226259746	16648	31	0	0	10	co_linked	co_linked	2-1	2-1	True	41	0.305	0.384	gain	TP	TP
chr2	229627832	229652708	24876	8	0	0	7	co_linked	co_linked	1-1	1-1	True	15	0.518	0.566	gain	TP	TP
chr2	231145683	231154498	8815	41	0	0	19	co_linked	co_linked	1-1	1-1	True	60	0.292	0.301	gain	TP	TP
chr2	231145683	231158634	12951	34	0	0	13	co_linked	co_linked	1-1	1-1	True	47	0.292	0.21	gain	TP	TP
chr2	234265633	234279716	14083	10	0	0	9	co_linked	co_linked	1-1	1-1	True	19	0.605	0.541	gain	TP	TP
chr2	237812089	237841287	29198	4	0	0	5	co_linked	co_linked	1-1	1-1	True	9	0.534	0.527	gain	TP	TP
chr2	237841287	237863012	21725	7	0	0	12	co_linked	co_linked	1-1	1-1	True	19	0.527	0.624	gain	TP	TP
chr2	238985069	239008387	23318	13	0	0	4	co_linked	co_linked	2-1	2-1	True	17	0.345	0.395	gain	TP	TP
chr2	240007887	240028817	20930	4	0	0	13	co_linked	co_linked	2-1	2-1	True	17	0.641	0.612	gain	TP	TP
chr2	240028817	240050670	21853	1	0	0	9	co_linked	co_linked	2-1	2-1	True	10	0.612	0.573	gain	TP	TP
chr2	240148480	240175095	26615	7	0	0	2	co_linked	co_linked	1-1	1-1	True	9	0.289	0.333	gain	TP	TP
chr2	240456297	240491782	35485	5	0	0	4	co_linked	co_linked	2-1	2-1	True	9	0.556	0.654	gain	TP	TP
chr2	241513265	241543505	30240	0	0	0	6	co_linked	co_linked	1-1	1-1	True	6	0.603	0.495	gain	TP	TP
chr2	241513265	241544161	30896	0	0	0	6	co_linked	co_linked	1-1	1-1	True	6	0.603	0.5	gain	TP	TP
chr2	242059222	242064472	5250	51	0	0	3	co_linked	co_linked	2-1	2-1	True	54	0.044	0.036	gain	FP	FP
chr2	242059222	242064673	5451	49	0	0	3	co_linked	co_linked	2-1	2-1	True	52	0.044	0.035	gain	FP	FP
chr2	242064472	242064673	201	78	0	0	3	co_linked	co_linked	2-1	2-1	True	81	0.036	0.035	gain	FP	FP
chr7	2694736	2704055	9319	32	0	0	16	co_linked	co_linked	1-1	1-1	True	48	0.375	0.382	gain	TP	TP
chr7	2704055	2712473	8418	39	0	0	12	co_linked	co_linked	1-1	1-1	True	51	0.382	0.256	gain	TP	TP
chr7	3120277	3120281	4	84	0	0	10	co_linked	co_linked	1-1	1-1	True	94	0.106	0.106	gain	FP	FP
chr7	3174469	3215286	40817	0	0	0	6	co_linked	co_linked	1-1	1-1	True	6	1.0	0.938	gain	TP	TP
chr7	5408191	5408192	1	50	0	0	28	co_linked	co_linked	2-1	2-1	True	78	0.359	0.354	gain	TP	TP
chr7	10722309	10735797	13488	1	0	0	12	co_linked	co_linked	1-1	1-1	True	13	0.94	0.936	gain	TP	TP
chr7	11028155	11043970	15815	13	0	0	2	co_linked	co_linked	2-1	2-1	True	15	0.073	0.066	gain	FP	FP
chr7	11028155	11045797	17642	10	0	0	2	co_linked	co_linked	2-1	2-1	True	12	0.073	0.074	gain	FP	FP
chr7	11043970	11045797	1827	43	0	0	4	co_linked	co_linked	2-1	2-1	True	47	0.066	0.074	gain	FP	FP
chr7	15326679	15338948	12269	29	0	0	3	co_linked	co_linked	2-1	2-1	True	32	0.065	0.101	gain	FP	FP
chr7	15355250	15363800	8550	14	0	0	2	co_linked	co_linked	3	3	True	16	0.127	0.061	gain	FP	FP
chr7	15624221	15633143	8922	0	0	0	22	co_linked	co_linked	2-1	2-1	True	22	0.98	1.0	gain	TP	TP
chr7	15730850	15733930	3080	12	0	0	21	co_linked	co_linked	1-1	1-1	True	33	0.56	0.583	gain	TP	TP
chr7	18292623	18292624	1	30	0	0	21	co_linked	co_linked	1-1	1-1	True	51	0.396	0.382	gain	TP	TP
chr7	21558013	21573450	15437	14	0	0	4	co_linked	co_linked	1-1	1-1	True	18	0.095	0.083	loh	FP	FP
chr7	23298895	23299155	260	40	0	0	2	co_linked	co_linked	2-1	2-1	True	42	0.043	0.044	loh	FP	FP
chr7	24976612	24976619	7	27	0	0	3	co_linked	co_linked	1-1	1-1	True	30	0.097	0.1	loh	FP	FP
chr7	28699910	28724504	24594	8	0	0	1	sparse	co_linked	2-1	2-1	True	9	0.325	0.284	gain	TP	TP
chr7	28699912	28724504	24592	8	0	0	1	sparse	co_linked	2-1	2-1	True	9	0.337	0.284	gain	TP	TP
chr7	28802231	28827853	25622	3	0	0	3	co_linked	co_linked	1-1	1-1	True	6	0.286	0.723	gain	TP	TP
chr7	28823878	28827853	3975	14	0	0	37	co_linked	co_linked	1-1	1-1	True	51	0.707	0.723	gain	TP	TP
chr7	29441191	29442039	848	50	0	0	28	co_linked	co_linked	1-1	1-1	True	78	0.345	0.349	gain	TP	TP
chr7	29732963	29750129	17166	6	0	0	12	co_linked	co_linked	2-1	2-1	True	18	0.716	0.756	gain	TP	TP
chr7	29732963	29761188	28225	3	0	0	3	co_linked	co_linked	2-1	2-1	True	6	0.716	0.282	gain	TP	TP
chr7	29757924	29761188	3264	47	0	0	17	co_linked	co_linked	2-1	2-1	True	64	0.286	0.282	gain	TP	TP
chr7	31197766	31199290	1524	20	0	0	57	co_linked	co_linked	1-1	1-1	True	77	0.742	0.74	gain	TP	TP
chr7	31308080	31313220	5140	48	0	0	12	co_linked	co_linked	2-1	2-1	True	60	0.276	0.216	gain	TP	TP
chr7	32014294	32014955	661	59	0	0	25	co_linked	co_linked	2-1	2-1	True	84	0.303	0.292	gain	TP	TP
chr7	32407477	32411185	3708	45	0	0	24	co_linked	co_linked	2-1	2-1	True	69	0.319	0.343	gain	TP	TP
chr7	32477189	32500961	23772	7	0	0	10	co_linked	co_linked	1-1	1-1	True	17	0.663	0.707	gain	TP	TP
chr7	32481982	32500961	18979	9	0	0	12	co_linked	co_linked	1-1	1-1	True	21	0.69	0.707	gain	TP	TP
chr7	34163277	34189070	25793	10	0	0	1	sparse	co_linked	1-1	1-1	True	11	0.253	0.291	gain	TP	TP
chr7	34337886	34353307	15421	18	0	0	7	co_linked	co_linked	2-1	2-1	True	25	0.268	0.289	gain	TP	TP
chr7	37647172	37661200	14028	8	0	0	14	co_linked	co_linked	2-1	2-1	True	22	0.734	0.671	gain	TP	TP
chr7	38811721	38823708	11987	22	0	0	12	co_linked	co_linked	2-1	2-1	True	34	0.316	0.345	gain	TP	TP
chr7	40963207	40967110	3903	40	0	0	20	co_linked	co_linked	1-1	1-1	True	60	0.295	0.372	gain	TP	TP
chr7	40985932	41015911	29979	1	0	0	5	co_linked	co_linked	2-1	2-1	True	6	0.701	0.562	gain	TP	TP
chr7	43426255	43441990	15735	7	0	0	18	co_linked	co_linked	2-1	2-1	True	25	0.67	0.635	gain	TP	TP
chr7	43662303	43685676	23373	9	0	0	3	co_linked	co_linked	1-1	1-1	True	12	0.276	0.253	gain	TP	TP
chr7	43746272	43746273	1	70	0	0	35	co_linked	co_linked	2-1	2-1	True	105	0.333	0.33	gain	TP	TP
chr7	44360185	44366557	6372	17	0	0	23	co_linked	co_linked	2-1	2-1	True	40	0.529	0.637	gain	TP	TP
chr7	45026039	45043767	17728	13	0	0	10	co_linked	co_linked	3	3	True	23	0.329	0.39	gain	TP	TP
chr7	46418534	46418535	1	57	0	0	29	co_linked	co_linked	2-1	2-1	True	86	0.337	0.352	gain	TP	TP
chr7	47668187	47688261	20074	14	0	0	7	co_linked	co_linked	2-1	2-1	True	21	0.295	0.29	gain	TP	TP
chr7	47922139	47937641	15502	11	0	0	11	co_linked	co_linked	2-1	2-1	True	22	0.356	0.367	gain	TP	TP
chr7	47922139	47937642	15503	11	0	0	12	co_linked	co_linked	2-1	2-1	True	23	0.356	0.37	gain	TP	TP
chr7	47937641	47937642	1	50	0	0	29	co_linked	co_linked	2-1	2-1	True	79	0.367	0.37	gain	TP	TP
chr7	48624970	48652606	27636	6	0	0	2	co_linked	co_linked	2-1	2-1	True	8	0.277	0.244	gain	TP	TP
chr7	50715343	50748028	32685	2	0	0	5	co_linked	co_linked	2-1	2-1	True	7	0.558	0.667	gain	TP	TP
chr7	51631690	51631902	212	59	0	0	15	co_linked	co_linked	1-1	1-1	True	74	0.213	0.195	gain	TP	TP
chr7	52067031	52087777	20746	6	0	0	3	co_linked	co_linked	2-1	2-1	True	9	0.304	0.156	gain	TP	FP
chr7	52620420	52633855	13435	19	0	0	8	co_linked	co_linked	1-1	1-1	True	27	0.207	0.254	gain	TP	TP
chr7	55792431	55810953	18522	5	0	0	10	co_linked	co_linked	1-1	1-1	True	15	0.533	0.609	gain	TP	TP
chr7	64070676	64101713	31037	6	0	0	3	co_linked	co_linked	2-1	2-1	True	9	0.2	0.178	gain	TP	TP
chr7	64234478	64262378	27900	6	0	0	3	co_linked	co_linked	1-1	1-1	True	9	0.174	0.237	gain	TP	TP
chr7	64869603	64875758	6155	55	0	0	18	co_linked	co_linked	2-1	2-1	True	73	0.239	0.25	gain	TP	TP
chr7	66522569	66522570	1	71	0	0	28	co_linked	co_linked	1-1	1-1	True	99	0.283	0.298	gain	TP	TP
chr7	66832106	66863000	30894	4	0	0	4	co_linked	co_linked	1-1	1-1	True	8	0.341	0.411	gain	TP	TP
chr7	67744304	67774809	30505	2	0	0	4	co_linked	co_linked	2-1	2-1	True	6	0.667	0.617	gain	TP	TP
chr7	68441388	68468918	27530	6	0	0	1	sparse	co_linked	1-1	1-1	True	7	0.23	0.295	gain	TP	TP
chr7	71878807	71899754	20947	6	0	0	14	co_linked	co_linked	1-1	1-1	True	20	0.584	0.604	gain	TP	TP
chr7	72308556	72339620	31064	3	0	0	3	co_linked	co_linked	2-1	2-1	True	6	0.453	0.347	gain	TP	TP
chr7	72955591	72957813	2222	23	0	0	4	co_linked	co_linked	2-1	2-1	True	27	0.161	0.121	gain	FP	FP
chr7	74303861	74314515	10654	18	0	0	18	co_linked	co_linked	3	3	True	36	0.619	0.527	gain	TP	TP
chr7	77231092	77232971	1879	55	0	0	47	co_linked	co_linked	2-1	2-1	True	102	0.441	0.43	gain	TP	TP
chr7	78079398	78114716	35318	5	0	0	2	co_linked	co_linked	2-1	2-1	True	7	0.362	0.385	gain	TP	TP
chr7	78217773	78231006	13233	23	0	0	16	co_linked	co_linked	2-1	2-1	True	39	0.402	0.45	gain	TP	TP
chr7	78219263	78231006	11743	26	0	0	18	co_linked	co_linked	2-1	2-1	True	44	0.39	0.45	gain	TP	TP
chr7	80643586	80679121	35535	1	0	0	5	co_linked	co_linked	1-1	1-1	True	6	0.331	0.422	gain	TP	TP
chr7	80978475	81010694	32219	4	0	0	2	co_linked	co_linked	1-1	1-1	True	6	0.205	0.285	gain	TP	TP
chr7	81318988	81325862	6874	49	0	0	32	co_linked	co_linked	3	3	True	81	0.452	0.417	gain	TP	TP
chr7	81318988	81326697	7709	44	0	0	30	co_linked	co_linked	3	3	True	74	0.452	0.434	gain	TP	TP
chr7	81732195	81755097	22902	8	0	0	11	co_linked	co_linked	3	3	True	19	0.469	0.44	gain	TP	TP
chr7	81755097	81768294	13197	28	0	0	19	co_linked	co_linked	3	3	True	47	0.44	0.386	gain	TP	TP
chr7	81961205	81984077	22872	15	0	0	1	sparse	co_linked	1-1	1-1	True	16	0.226	0.185	gain	TP	TP
chr7	83497059	83527893	30834	11	0	0	4	co_linked	co_linked	1-1	1-1	True	15	0.158	0.174	gain	TP	TP
chr7	85814062	85830506	16444	77	0	0	10	co_linked	co_linked	2-1	2-1	True	87	0.15	0.128	gain	TP	TP
chr7	85814062	85848121	34059	20	0	0	2	co_linked	co_linked	2-1	2-1	True	22	0.15	0.142	gain	TP	TP
chr7	86100684	86120400	19716	20	0	0	8	co_linked	co_linked	2-1	2-1	True	28	0.37	0.314	gain	TP	TP
chr7	87701066	87734147	33081	10	0	0	1	sparse	co_linked	1-1	1-1	True	11	0.154	0.211	gain	TP	TP
chr7	88141834	88157281	15447	27	0	0	9	co_linked	co_linked	1-1	1-1	True	36	0.333	0.366	gain	TP	TP
chr7	88635653	88637802	2149	90	0	0	18	co_linked	co_linked	2-1	2-1	True	108	0.164	0.196	gain	TP	TP
chr7	88726637	88748009	21372	9	0	0	3	co_linked	co_linked	2-1	2-1	True	12	0.267	0.187	gain	TP	TP
chr7	90014165	90041077	26912	9	0	0	2	co_linked	co_linked	2-1	2-1	True	11	0.134	0.164	gain	TP	TP
chr7	91314202	91318458	4256	70	0	0	18	co_linked	co_linked	2-1	2-1	True	88	0.223	0.167	gain	TP	TP
chr7	92808839	92837400	28561	12	0	0	1	sparse	co_linked	1-1	1-1	True	13	0.205	0.174	gain	TP	TP
chr7	93159368	93173484	14116	30	0	0	16	co_linked	co_linked	2-1	2-1	True	46	0.389	0.345	gain	TP	TP
chr7	94789307	94789308	1	94	0	0	18	co_linked	co_linked	2-1	2-1	True	112	0.161	0.159	gain	TP	TP
chr7	95218046	95237636	19590	18	0	0	8	co_linked	co_linked	1-1	1-1	True	26	0.322	0.392	gain	TP	TP
chr7	95480999	95512502	31503	10	0	0	3	co_linked	co_linked	2-1	2-1	True	13	0.221	0.14	gain	TP	TP
chr7	96341060	96354581	13521	25	0	0	21	co_linked	co_linked	2-1	2-1	True	46	0.454	0.444	gain	TP	TP
chr7	96561790	96587461	25671	7	0	0	4	co_linked	co_linked	2-1	2-1	True	11	0.382	0.405	gain	TP	TP
chr7	97249900	97281447	31547	5	0	0	2	co_linked	co_linked	2-1	2-1	True	7	0.39	0.469	gain	TP	TP
chr7	97477891	97505269	27378	9	0	0	3	co_linked	co_linked	2-1	2-1	True	12	0.433	0.452	gain	TP	TP
chr7	98927632	98953141	25509	8	0	0	5	co_linked	co_linked	1-1	1-1	True	13	0.356	0.444	gain	TP	TP
chr7	99208330	99208962	632	71	0	0	63	co_linked	co_linked	3	3	True	134	0.473	0.459	gain	TP	TP
chr7	103603624	103620433	16809	25	0	0	3	co_linked	co_linked	2-1	2-1	True	28	0.138	0.182	gain	TP	TP
chr7	103658444	103683498	25054	8	0	0	9	co_linked	co_linked	1-1	1-1	True	17	0.413	0.392	gain	TP	TP
chr7	103658444	103693826	35382	6	0	0	3	co_linked	co_linked	1-1	1-1	True	9	0.413	0.317	gain	TP	TP
chr7	103683498	103715894	32396	9	0	0	4	co_linked	co_linked	1-1	1-1	True	13	0.392	0.315	gain	TP	TP
chr7	103693826	103715894	22068	15	0	0	7	co_linked	co_linked	1-1	1-1	True	22	0.317	0.315	gain	TP	TP
chr7	104043674	104046036	2362	80	0	0	44	co_linked	co_linked	1-1	1-1	True	124	0.373	0.369	gain	TP	TP
chr7	108121401	108151825	30424	8	0	0	2	co_linked	co_linked	2-1	2-1	True	10	0.427	0.358	gain	TP	TP
chr7	109461943	109477350	15407	19	0	0	6	co_linked	co_linked	1-1	1-1	True	25	0.192	0.242	gain	TP	TP
chr7	110093060	110121888	28828	6	0	0	1	sparse	co_linked	1-1	1-1	True	7	0.327	0.319	gain	TP	TP
chr7	111687534	111710188	22654	16	0	0	15	co_linked	co_linked	1-1	1-1	True	31	0.451	0.414	gain	TP	TP
chr7	112821985	112830991	9006	57	0	0	18	co_linked	co_linked	1-1	1-1	True	75	0.217	0.166	gain	TP	TP
chr7	113360894	113389137	28243	10	0	0	3	co_linked	co_linked	1-1	1-1	True	13	0.155	0.132	gain	TP	TP
chr7	113360894	113391434	30540	8	0	0	2	co_linked	co_linked	1-1	1-1	True	10	0.155	0.11	gain	TP	TP
chr7	113363249	113389137	25888	14	0	0	3	co_linked	co_linked	1-1	1-1	True	17	0.161	0.132	gain	TP	TP
chr7	113363249	113391434	28185	10	0	0	2	co_linked	co_linked	1-1	1-1	True	12	0.161	0.11	gain	TP	TP
chr7	113397334	113415109	17775	42	0	0	8	co_linked	co_linked	2-1	2-1	True	50	0.161	0.176	gain	TP	TP
chr7	114721214	114756498	35284	9	0	0	1	sparse	co_linked	2-1	2-1	True	10	0.12	0.131	gain	TP	TP
chr7	115175509	115208892	33383	7	0	0	1	sparse	co_linked	2-1	2-1	True	8	0.133	0.263	gain	TP	TP
chr7	115972803	115998526	25723	11	0	0	12	co_linked	co_linked	1-1	1-1	True	23	0.522	0.5	gain	TP	TP
chr7	118869808	118887444	17636	25	0	0	4	co_linked	co_linked	1-1	1-1	True	29	0.121	0.145	gain	TP	TP
chr7	118887444	118905882	18438	22	0	0	6	co_linked	co_linked	1-1	1-1	True	28	0.145	0.141	gain	TP	TP
chr7	118905882	118927424	21542	24	0	0	4	co_linked	co_linked	1-1	1-1	True	28	0.141	0.153	gain	TP	TP
chr7	119465631	119493411	27780	13	0	0	13	co_linked	co_linked	1-1	1-1	True	26	0.566	0.514	gain	TP	TP
chr7	122169948	122203912	33964	4	0	0	5	co_linked	co_linked	1-1	1-1	True	9	0.154	0.244	gain	TP	TP
chr7	123607127	123619800	12673	33	0	0	7	co_linked	co_linked	2-1	2-1	True	40	0.167	0.154	gain	TP	TP
chr7	125750592	125763688	13096	39	0	0	5	co_linked	co_linked	2-1	2-1	True	44	0.171	0.223	gain	TP	TP
chr7	126350383	126380358	29975	6	0	0	5	co_linked	co_linked	2-1	2-1	True	11	0.211	0.236	gain	TP	TP
chr7	126929800	126949625	19825	6	0	0	20	co_linked	co_linked	1-1	1-1	True	26	0.75	0.716	gain	TP	TP
chr7	127715673	127725261	9588	16	0	0	38	co_linked	co_linked	1-1	1-1	True	54	0.728	0.804	gain	TP	TP
chr7	128410361	128440547	30186	9	0	0	1	sparse	co_linked	2-1	2-1	True	10	0.189	0.16	gain	TP	TP
chr7	131293720	131312447	18727	11	0	0	6	co_linked	co_linked	2-1	2-1	True	17	0.19	0.212	gain	TP	TP
chr7	133467623	133492136	24513	3	0	0	8	co_linked	co_linked	1-1	1-1	True	11	0.778	0.835	gain	TP	TP
chr7	135988243	136022065	33822	5	0	0	1	sparse	co_linked	1-1	1-1	True	6	0.161	0.174	gain	TP	TP
chr7	138141077	138165685	24608	11	0	0	2	co_linked	co_linked	2-1	2-1	True	13	0.198	0.211	gain	TP	TP
chr7	138141077	138172663	31586	5	0	0	2	co_linked	co_linked	2-1	2-1	True	7	0.198	0.264	gain	TP	TP
chr7	138831311	138850266	18955	9	0	0	6	co_linked	co_linked	2-1	2-1	True	15	0.186	0.217	gain	TP	TP
chr7	139104616	139135397	30781	8	0	0	2	co_linked	co_linked	1-1	1-1	True	10	0.25	0.259	gain	TP	TP
chr7	141193274	141193275	1	117	0	0	28	co_linked	co_linked	1-1	1-1	True	145	0.188	0.193	gain	TP	TP
chr7	141396041	141430562	34521	6	0	0	1	sparse	co_linked	1-1	1-1	True	7	0.18	0.156	gain	TP	TP
chr7	142167614	142200934	33320	9	0	0	1	sparse	co_linked	2-1	2-1	True	10	0.161	0.209	gain	TP	TP
chr7	142622240	142646414	24174	15	0	0	2	co_linked	co_linked	1-1	1-1	True	17	0.162	0.167	gain	TP	TP
chr7	143323153	143338587	15434	28	0	0	5	co_linked	co_linked	1-1	1-1	True	33	0.17	0.182	gain	TP	TP
chr7	144496947	144503335	6388	11	0	0	55	co_linked	co_linked	1-1	1-1	True	66	0.78	0.818	gain	TP	TP
chr7	145758430	145790612	32182	9	0	0	1	sparse	co_linked	2-1	2-1	True	10	0.193	0.156	gain	TP	TP
chr7	145825942	145857183	31241	9	0	0	3	co_linked	co_linked	1-1	1-1	True	12	0.144	0.173	gain	TP	TP
chr7	146555170	146561506	6336	66	0	0	9	co_linked	co_linked	1-1	1-1	True	75	0.18	0.146	gain	FP	TP
chr7	146919688	146952973	33285	10	0	0	1	sparse	co_linked	1-1	1-1	True	11	0.22	0.161	gain	TP	TP
chr7	147742449	147757752	15303	22	0	0	2	co_linked	co_linked	2-1	2-1	True	24	0.116	0.145	gain	TP	TP
chr7	148968109	148975855	7746	95	0	0	15	co_linked	co_linked	1-1	1-1	True	110	0.114	0.121	gain	TP	TP
chr7	150428373	150432884	4511	107	0	0	21	co_linked	co_linked	1-1	1-1	True	128	0.183	0.132	gain	TP	TP
chr7	151091089	151115391	24302	9	0	0	4	co_linked	co_linked	2-1	2-1	True	13	0.162	0.168	gain	TP	TP
chr7	154544227	154569763	25536	17	0	0	5	co_linked	co_linked	1-1	1-1	True	22	0.202	0.168	gain	TP	TP
chr7	157483647	157524155	40508	5	0	0	1	sparse	co_linked	1-1	1-1	True	6	0.211	0.183	gain	TP	TP
chr7	158473424	158503412	29988	18	0	0	1	sparse	co_linked	2-1	2-1	True	19	0.173	0.195	gain	TP	TP
chr12	2118204	2122837	4633	39	0	0	20	co_linked	co_linked	1-1	1-1	True	59	0.263	0.322	gain	TP	TP
chr12	4372127	4392747	20620	9	0	0	8	co_linked	co_linked	1-1	1-1	True	17	0.22	0.21	gain	TP	TP
chr12	6977354	6991228	13874	35	0	0	9	co_linked	co_linked	2-1	2-1	True	44	0.212	0.252	gain	TP	TP
chr12	8261905	8268603	6698	59	0	0	10	co_linked	co_linked	2-1	2-1	True	69	0.182	0.147	gain	TP	TP
chr12	8840433	8840434	1	94	0	0	20	co_linked	co_linked	1-1	1-1	True	114	0.171	0.174	gain	TP	TP
chr12	9024176	9025501	1325	81	0	0	23	co_linked	co_linked	2-1	2-1	True	104	0.238	0.224	gain	TP	TP
chr12	10288000	10291245	3245	75	0	0	26	co_linked	co_linked	1-1	1-1	True	101	0.252	0.23	gain	TP	TP
chr12	12562148	12580094	17946	25	0	0	7	co_linked	co_linked	2-1	2-1	True	32	0.183	0.208	gain	TP	TP
chr12	12618744	12653036	34292	5	0	0	4	co_linked	co_linked	1-1	1-1	True	9	0.554	0.468	gain	TP	TP
chr12	13946257	13964886	18629	13	0	0	4	co_linked	co_linked	1-1	1-1	True	17	0.209	0.186	gain	TP	TP
chr12	14121726	14151988	30262	2	0	0	9	co_linked	co_linked	1-1	1-1	True	11	0.551	0.638	gain	TP	TP
chr12	14984394	15021956	37562	5	0	0	1	sparse	co_linked	1-1	1-1	True	6	0.476	0.557	gain	TP	TP
chr12	20785809	20824392	38583	4	0	0	4	co_linked	co_linked	2-1	2-1	True	8	0.545	0.531	gain	TP	TP
chr12	20997382	21013401	16019	22	0	0	12	co_linked	co_linked	1-1	1-1	True	34	0.212	0.255	gain	TP	TP
chr12	21605073	21629915	24842	10	0	0	1	sparse	co_linked	1-1	1-1	True	11	0.195	0.2	gain	TP	TP
chr12	21605073	21632853	27780	7	0	0	1	sparse	co_linked	1-1	1-1	True	8	0.195	0.138	gain	TP	TP
chr12	21629915	21652464	22549	14	0	0	1	sparse	co_linked	1-1	1-1	True	15	0.2	0.225	gain	TP	TP
chr12	21632853	21652464	19611	15	0	0	1	sparse	co_linked	1-1	1-1	True	16	0.138	0.225	gain	TP	TP
chr12	21652464	21663671	11207	22	0	0	4	co_linked	co_linked	1-1	1-1	True	26	0.225	0.262	gain	TP	TP
chr12	21652464	21664221	11757	22	0	0	4	co_linked	co_linked	1-1	1-1	True	26	0.225	0.242	gain	TP	TP
chr12	21663671	21664221	550	61	0	0	21	co_linked	co_linked	1-1	1-1	True	82	0.262	0.242	gain	TP	TP
chr12	21783337	21810232	26895	8	0	0	1	sparse	co_linked	1-1	1-1	True	9	0.212	0.177	gain	TP	TP
chr12	22617199	22650263	33064	6	0	0	1	sparse	co_linked	2-1	2-1	True	7	0.269	0.239	gain	TP	TP
chr12	23254047	23262122	8075	35	0	0	7	co_linked	co_linked	2-1	2-1	True	42	0.141	0.229	gain	TP	TP
chr12	24236114	24236115	1	114	0	0	13	co_linked	co_linked	2-1	2-1	True	127	0.102	0.102	gain	TP	TP
chr12	28270541	28289633	19092	11	0	0	12	co_linked	co_linked	1-1	1-1	True	23	0.568	0.697	gain	TP	TP
chr12	28270541	28291989	21448	9	0	0	11	co_linked	co_linked	1-1	1-1	True	20	0.568	0.647	gain	TP	TP
chr12	28270541	28295880	25339	5	0	0	11	co_linked	co_linked	1-1	1-1	True	16	0.568	0.67	gain	TP	TP
chr12	28270541	28298776	28235	3	0	0	7	co_linked	co_linked	1-1	1-1	True	10	0.568	0.631	gain	TP	TP
chr12	28270541	28303065	32524	3	0	0	6	co_linked	co_linked	1-1	1-1	True	9	0.568	0.562	gain	TP	TP
chr12	28289633	28295880	6247	18	0	0	44	co_linked	co_linked	1-1	1-1	True	62	0.697	0.67	gain	TP	TP
chr12	28289633	28298776	9143	14	0	0	34	co_linked	co_linked	1-1	1-1	True	48	0.697	0.631	gain	TP	TP
chr12	28295880	28298776	2896	25	0	0	53	co_linked	co_linked	1-1	1-1	True	78	0.67	0.631	gain	TP	TP
chr12	28310910	28323818	12908	10	0	0	16	co_linked	co_linked	3	3	True	26	0.634	0.593	gain	TP	TP
chr12	28310910	28334832	23922	2	0	0	9	co_linked	co_linked	3	3	True	11	0.634	0.652	gain	TP	TP
chr12	28310910	28340798	29888	1	0	0	8	co_linked	co_linked	3	3	True	9	0.634	0.617	gain	TP	TP
chr12	28310910	28342961	32051	1	0	0	7	co_linked	co_linked	3	3	True	8	0.634	0.707	gain	TP	TP
chr12	28313638	28346942	33304	1	0	0	6	co_linked	co_linked	3	3	True	7	0.652	0.66	gain	TP	TP
chr12	28313638	28348396	34758	1	0	0	6	co_linked	co_linked	3	3	True	7	0.652	0.702	gain	TP	TP
chr12	28317627	28334832	17205	3	0	0	16	co_linked	co_linked	3	3	True	19	0.63	0.652	gain	TP	TP
chr12	28317627	28340798	23171	2	0	0	12	co_linked	co_linked	3	3	True	14	0.63	0.617	gain	TP	TP
chr12	28317627	28342961	25334	2	0	0	11	co_linked	co_linked	3	3	True	13	0.63	0.707	gain	TP	TP
chr12	28317627	28346942	29315	1	0	0	9	co_linked	co_linked	3	3	True	10	0.63	0.66	gain	TP	TP
chr12	28317627	28348396	30769	1	0	0	9	co_linked	co_linked	3	3	True	10	0.63	0.702	gain	TP	TP
chr12	28317627	28356588	38961	1	0	0	5	co_linked	co_linked	3	3	True	6	0.63	0.721	gain	TP	TP
chr12	28323818	28340798	16980	7	0	0	17	co_linked	co_linked	3	3	True	24	0.593	0.617	gain	TP	TP
chr12	28323818	28342961	19143	7	0	0	16	co_linked	co_linked	3	3	True	23	0.593	0.707	gain	TP	TP
chr12	28323818	28348396	24578	4	0	0	14	co_linked	co_linked	3	3	True	18	0.593	0.702	gain	TP	TP
chr12	28323818	28356588	32770	3	0	0	8	co_linked	co_linked	3	3	True	11	0.593	0.721	gain	TP	TP
chr12	28323818	28357543	33725	3	0	0	5	co_linked	co_linked	3	3	True	8	0.593	0.711	gain	TP	TP
chr12	28323914	28346942	23028	4	0	0	11	co_linked	co_linked	3	3	True	15	0.573	0.66	gain	TP	TP
chr12	28323914	28348396	24482	4	0	0	11	co_linked	co_linked	3	3	True	15	0.573	0.702	gain	TP	TP
chr12	28323914	28356588	32674	3	0	0	6	co_linked	co_linked	3	3	True	9	0.573	0.721	gain	TP	TP
chr12	28323914	28357543	33629	3	0	0	4	co_linked	co_linked	3	3	True	7	0.573	0.711	gain	TP	TP
chr12	28325838	28334832	8994	11	0	0	29	co_linked	co_linked	3	3	True	40	0.616	0.652	gain	TP	TP
chr12	28325838	28340798	14960	8	0	0	20	co_linked	co_linked	3	3	True	28	0.616	0.617	gain	TP	TP
chr12	28325838	28342961	17123	8	0	0	18	co_linked	co_linked	3	3	True	26	0.616	0.707	gain	TP	TP
chr12	28325838	28348396	22558	5	0	0	16	co_linked	co_linked	3	3	True	21	0.616	0.702	gain	TP	TP
chr12	28325838	28356588	30750	3	0	0	8	co_linked	co_linked	3	3	True	11	0.616	0.721	gain	TP	TP
chr12	28325838	28357543	31705	3	0	0	5	co_linked	co_linked	3	3	True	8	0.616	0.711	gain	TP	TP
chr12	28334832	28342961	8129	17	0	0	28	co_linked	co_linked	3	3	True	45	0.652	0.707	gain	TP	TP
chr12	28334832	28346942	12110	11	0	0	24	co_linked	co_linked	3	3	True	35	0.652	0.66	gain	TP	TP
chr12	28334832	28348396	13564	8	0	0	23	co_linked	co_linked	3	3	True	31	0.652	0.702	gain	TP	TP
chr12	28334832	28356588	21756	4	0	0	13	co_linked	co_linked	3	3	True	17	0.652	0.721	gain	TP	TP
chr12	28334832	28357543	22711	4	0	0	8	co_linked	co_linked	3	3	True	12	0.652	0.711	gain	TP	TP
chr12	28340798	28342961	2163	22	0	0	49	co_linked	co_linked	3	3	True	71	0.617	0.707	gain	TP	TP
chr12	28340798	28356588	15790	7	0	0	19	co_linked	co_linked	3	3	True	26	0.617	0.721	gain	TP	TP
chr12	28367688	28372264	4576	13	0	0	29	co_linked	co_linked	1-1	1-1	True	42	0.744	0.696	gain	TP	TP
chr12	28367688	28379061	11373	8	0	0	19	co_linked	co_linked	1-1	1-1	True	27	0.744	0.663	gain	TP	TP
chr12	28367688	28381482	13794	8	0	0	17	co_linked	co_linked	1-1	1-1	True	25	0.744	0.642	gain	TP	TP
chr12	28367688	28383406	15718	7	0	0	12	co_linked	co_linked	1-1	1-1	True	19	0.744	0.671	gain	TP	TP
chr12	28367688	28383884	16196	7	0	0	12	co_linked	co_linked	1-1	1-1	True	19	0.744	0.626	gain	TP	TP
chr12	28367688	28385178	17490	7	0	0	10	co_linked	co_linked	1-1	1-1	True	17	0.744	0.602	gain	TP	TP
chr12	28367688	28387838	20150	6	0	0	11	co_linked	co_linked	1-1	1-1	True	17	0.744	0.628	gain	TP	TP
chr12	28372264	28383406	11142	9	0	0	19	co_linked	co_linked	1-1	1-1	True	28	0.696	0.671	gain	TP	TP
chr12	28372264	28383884	11620	9	0	0	19	co_linked	co_linked	1-1	1-1	True	28	0.696	0.626	gain	TP	TP
chr12	28372264	28385178	12914	9	0	0	17	co_linked	co_linked	1-1	1-1	True	26	0.696	0.602	gain	TP	TP
chr12	28372264	28387838	15574	8	0	0	17	co_linked	co_linked	1-1	1-1	True	25	0.696	0.628	gain	TP	TP
chr12	28372264	28396205	23941	3	0	0	6	co_linked	co_linked	1-1	1-1	True	9	0.696	0.659	gain	TP	TP
chr12	28372264	28400129	27865	3	0	0	5	co_linked	co_linked	1-1	1-1	True	8	0.696	0.648	gain	TP	TP
chr12	28372503	28383884	11381	9	0	0	20	co_linked	co_linked	1-1	1-1	True	29	0.657	0.626	gain	TP	TP
chr12	28372503	28385178	12675	9	0	0	18	co_linked	co_linked	1-1	1-1	True	27	0.657	0.602	gain	TP	TP
chr12	28372503	28387838	15335	8	0	0	18	co_linked	co_linked	1-1	1-1	True	26	0.657	0.628	gain	TP	TP
chr12	28372503	28396205	23702	3	0	0	7	co_linked	co_linked	1-1	1-1	True	10	0.657	0.659	gain	TP	TP
chr12	28372503	28400129	27626	3	0	0	6	co_linked	co_linked	1-1	1-1	True	9	0.657	0.648	gain	TP	TP
chr12	28372504	28383406	10902	8	0	0	20	co_linked	co_linked	1-1	1-1	True	28	0.71	0.671	gain	TP	TP
chr12	28372504	28383884	11380	8	0	0	20	co_linked	co_linked	1-1	1-1	True	28	0.71	0.626	gain	TP	TP
chr12	28372504	28385178	12674	8	0	0	18	co_linked	co_linked	1-1	1-1	True	26	0.71	0.602	gain	TP	TP
chr12	28372504	28387838	15334	7	0	0	18	co_linked	co_linked	1-1	1-1	True	25	0.71	0.628	gain	TP	TP
chr12	28372504	28396205	23701	3	0	0	7	co_linked	co_linked	1-1	1-1	True	10	0.71	0.659	gain	TP	TP
chr12	28372504	28400129	27625	3	0	0	6	co_linked	co_linked	1-1	1-1	True	9	0.71	0.648	gain	TP	TP
chr12	28379061	28387838	8777	18	0	0	31	co_linked	co_linked	1-1	1-1	True	49	0.663	0.628	gain	TP	TP
chr12	28379061	28396205	17144	7	0	0	12	co_linked	co_linked	1-1	1-1	True	19	0.663	0.659	gain	TP	TP
chr12	28379061	28400129	21068	7	0	0	9	co_linked	co_linked	1-1	1-1	True	16	0.663	0.648	gain	TP	TP
chr12	28381482	28387838	6356	19	0	0	32	co_linked	co_linked	1-1	1-1	True	51	0.642	0.628	gain	TP	TP
chr12	28381482	28396205	14723	7	0	0	13	co_linked	co_linked	1-1	1-1	True	20	0.642	0.659	gain	TP	TP
chr12	28381482	28400129	18647	7	0	0	9	co_linked	co_linked	1-1	1-1	True	16	0.642	0.648	gain	TP	TP
chr12	28383406	28387838	4432	20	0	0	41	co_linked	co_linked	1-1	1-1	True	61	0.671	0.628	gain	TP	TP
chr12	28383406	28396205	12799	8	0	0	18	co_linked	co_linked	1-1	1-1	True	26	0.671	0.659	gain	TP	TP
chr12	28383406	28400129	16723	7	0	0	13	co_linked	co_linked	1-1	1-1	True	20	0.671	0.648	gain	TP	TP
chr12	28383406	28410948	27542	1	0	0	5	co_linked	co_linked	1-1	1-1	True	6	0.671	0.702	gain	TP	TP
chr12	28383775	28410948	27173	1	0	0	5	co_linked	co_linked	1-1	1-1	True	6	0.598	0.702	gain	TP	TP
chr12	28383884	28410948	27064	1	0	0	5	co_linked	co_linked	1-1	1-1	True	6	0.626	0.702	gain	TP	TP
chr12	28385178	28387838	2660	26	0	0	46	co_linked	co_linked	1-1	1-1	True	72	0.602	0.628	gain	TP	TP
chr12	28385178	28396205	11027	13	0	0	21	co_linked	co_linked	1-1	1-1	True	34	0.602	0.659	gain	TP	TP
chr12	28385178	28400129	14951	10	0	0	17	co_linked	co_linked	1-1	1-1	True	27	0.602	0.648	gain	TP	TP
chr12	28385178	28410948	25770	1	0	0	6	co_linked	co_linked	1-1	1-1	True	7	0.602	0.702	gain	TP	TP
chr12	28387838	28396205	8367	15	0	0	24	co_linked	co_linked	1-1	1-1	True	39	0.628	0.659	gain	TP	TP
chr12	28387838	28400129	12291	12	0	0	18	co_linked	co_linked	1-1	1-1	True	30	0.628	0.648	gain	TP	TP
chr12	28387838	28410948	23110	3	0	0	7	co_linked	co_linked	1-1	1-1	True	10	0.628	0.702	gain	TP	TP
chr12	28387838	28414520	26682	3	0	0	3	co_linked	co_linked	1-1	1-1	True	6	0.628	0.679	gain	TP	TP
chr12	28387838	28414696	26858	3	0	0	3	co_linked	co_linked	1-1	1-1	True	6	0.628	0.701	gain	TP	TP
chr12	28396205	28410948	14743	8	0	0	14	co_linked	co_linked	1-1	1-1	True	22	0.659	0.702	gain	TP	TP
chr12	28396205	28414520	18315	8	0	0	8	co_linked	co_linked	1-1	1-1	True	16	0.659	0.679	gain	TP	TP
chr12	28396205	28414696	18491	7	0	0	8	co_linked	co_linked	1-1	1-1	True	15	0.659	0.701	gain	TP	TP
chr12	28396205	28418090	21885	6	0	0	3	co_linked	co_linked	1-1	1-1	True	9	0.659	0.69	gain	TP	TP
chr12	28400129	28410948	10819	8	0	0	23	co_linked	co_linked	1-1	1-1	True	31	0.648	0.702	gain	TP	TP
chr12	28400129	28414520	14391	8	0	0	16	co_linked	co_linked	1-1	1-1	True	24	0.648	0.679	gain	TP	TP
chr12	28400129	28414696	14567	7	0	0	15	co_linked	co_linked	1-1	1-1	True	22	0.648	0.701	gain	TP	TP
chr12	28400129	28418090	17961	6	0	0	8	co_linked	co_linked	1-1	1-1	True	14	0.648	0.69	gain	TP	TP
chr12	28414520	28414696	176	22	0	0	54	co_linked	co_linked	1-1	1-1	True	76	0.679	0.701	gain	TP	TP
chr12	28414520	28418090	3570	16	0	0	44	co_linked	co_linked	1-1	1-1	True	60	0.679	0.69	gain	TP	TP
chr12	28414696	28418090	3394	16	0	0	43	co_linked	co_linked	1-1	1-1	True	59	0.701	0.69	gain	TP	TP
chr12	28684989	28706754	21765	3	0	0	14	co_linked	co_linked	1-1	1-1	True	17	0.68	0.59	gain	TP	TP
chr12	29957024	29981307	24283	10	0	0	6	co_linked	co_linked	2-1	2-1	True	16	0.67	0.28	gain	TP	TP
chr12	30202229	30226888	24659	2	0	0	4	co_linked	co_linked	2-1	2-1	True	6	0.69	0.576	gain	TP	TP
chr12	30865657	30895523	29866	4	0	0	2	co_linked	co_linked	1-1	1-1	True	6	0.313	0.368	gain	TP	TP
chr12	30899980	30920759	20779	6	0	0	9	co_linked	co_linked	2-1	2-1	True	15	0.575	0.595	gain	TP	TP
chr12	31484540	31496336	11796	21	0	0	7	co_linked	co_linked	1-1	1-1	True	28	0.347	0.267	gain	TP	TP
chr12	32081903	32108541	26638	1	0	0	12	co_linked	co_linked	2-1	2-1	True	13	0.618	0.697	gain	TP	TP
chr12	33107142	33113045	5903	23	0	0	33	co_linked	co_linked	1-1	1-1	True	56	0.598	0.628	gain	TP	TP
chr12	33571820	33591220	19400	16	0	0	6	co_linked	co_linked	2-1	2-1	True	22	0.292	0.375	gain	TP	TP
chr12	34335630	34347396	11766	18	0	0	10	co_linked	co_linked	2-1	2-1	True	28	0.315	0.254	gain	TP	TP
chr12	34335630	34363818	28188	7	0	0	2	co_linked	co_linked	2-1	2-1	True	9	0.315	0.241	gain	TP	TP
chr12	34524935	34543381	18446	9	0	0	5	co_linked	co_linked	2-1	2-1	True	14	0.375	0.26	gain	TP	TP
chr12	39809237	39809299	62	40	0	0	2	co_linked	co_linked	1-1	1-1	True	42	0.048	0.045	loh	FP	FP
chr12	39809237	39809394	157	40	0	0	2	co_linked	co_linked	1-1	1-1	True	42	0.048	0.045	loh	FP	FP
chr12	39809299	39809394	95	42	0	0	2	co_linked	co_linked	1-1	1-1	True	44	0.045	0.045	loh	FP	FP
chr12	44198568	44198815	247	2	0	0	42	co_linked	co_linked	2-1	2-1	True	44	0.962	0.935	loh	TP	TP
chr12	44783823	44784030	207	55	0	0	3	co_linked	co_linked	1-1	1-1	True	58	0.052	0.05	loh	FP	FP
chr12	45468170	45478570	10400	18	0	0	3	co_linked	co_linked	3	3	True	21	0.077	0.062	loh	FP	FP
chr12	48057998	48060186	2188	38	0	0	5	co_linked	co_linked	1-1	1-1	True	43	0.088	0.102	loh	FP	FP
chr12	48782540	48782541	1	7	0	0	55	co_linked	co_linked	1-1	1-1	True	62	0.873	0.873	loh	TP	TP
chr12	50941804	50941806	2	57	0	0	4	co_linked	co_linked	3	3	True	61	0.066	0.066	loh	FP	FP
chr12	57994867	58018546	23679	0	0	0	10	co_linked	co_linked	1-1	1-1	True	10	1.0	0.963	loh	TP	TP
chr12	59972802	59978290	5488	2	0	0	38	co_linked	co_linked	1-1	1-1	True	40	0.91	0.962	loh	TP	TP
chr12	62946766	62947690	924	61	0	0	5	co_linked	co_linked	2-1	2-1	True	66	0.066	0.07	loh	FP	FP
chr12	63034408	63048072	13664	19	0	0	3	co_linked	co_linked	1-1	1-1	True	22	0.083	0.068	loh	FP	FP
chr12	63562558	63562699	141	51	0	0	4	co_linked	co_linked	2-1	2-1	True	55	0.071	0.071	loh	FP	FP
chr12	63735328	63742074	6746	41	0	0	3	co_linked	co_linked	1-1	1-1	True	44	0.058	0.056	loh	FP	FP
chr12	63924916	63928118	3202	1	0	0	26	co_linked	co_linked	1-1	1-1	True	27	0.981	0.912	loh	TP	TP
chr12	66179444	66180098	654	48	0	0	3	co_linked	co_linked	2-1	2-1	True	51	0.054	0.086	loh	FP	FP
chr12	68128624	68128830	206	51	0	0	3	co_linked	co_linked	1-1	1-1	True	54	0.052	0.055	loh	FP	FP
chr12	68128624	68129202	578	48	0	0	3	co_linked	co_linked	1-1	1-1	True	51	0.052	0.055	loh	FP	FP
chr12	68128830	68129202	372	48	0	0	3	co_linked	co_linked	1-1	1-1	True	51	0.055	0.055	loh	FP	FP
chr12	68641770	68641771	1	30	0	0	28	co_linked	co_linked	1-1	1-1	True	58	0.483	0.475	loh	TP	TP
chr12	70038619	70044867	6248	32	0	0	2	co_linked	co_linked	3	3	True	34	0.033	0.036	loh	FP	FP
chr12	70038619	70054580	15961	13	0	0	2	co_linked	co_linked	3	3	True	15	0.033	0.102	loh	FP	FP
chr12	70038619	70056831	18212	10	0	0	2	co_linked	co_linked	3	3	True	12	0.033	0.113	loh	FP	FP
chr12	70044867	70054580	9713	19	0	0	2	co_linked	co_linked	3	3	True	21	0.036	0.102	loh	FP	FP
chr12	70044867	70056831	11964	15	0	0	2	co_linked	co_linked	3	3	True	17	0.036	0.113	loh	FP	FP
chr12	70089307	70123690	34383	0	0	0	6	co_linked	co_linked	1-1	1-1	True	6	0.897	0.955	loh	TP	TP
chr12	72375154	72391288	16134	1	0	0	10	co_linked	co_linked	1-1	1-1	True	11	0.978	0.953	loh	TP	TP
chr12	72852374	72854294	1920	40	0	0	4	co_linked	co_linked	1-1	1-1	True	44	0.071	0.08	loh	FP	FP
chr12	72852374	72854791	2417	38	0	0	4	co_linked	co_linked	1-1	1-1	True	42	0.071	0.08	loh	FP	FP
chr12	72854294	72854791	497	40	0	0	4	co_linked	co_linked	1-1	1-1	True	44	0.08	0.08	loh	FP	FP
chr12	74116266	74125687	9421	12	0	0	11	co_linked	co_linked	2-1	2-1	True	23	0.508	0.483	loh	TP	TP
chr12	74651466	74660553	9087	1	0	0	29	co_linked	co_linked	1-1	1-1	True	30	0.967	0.982	loh	TP	TP
chr12	78505965	78538437	32472	5	0	0	2	co_linked	co_linked	1-1	1-1	True	7	0.417	0.449	loh	TP	TP
chr12	78505966	78538437	32471	5	0	0	2	co_linked	co_linked	1-1	1-1	True	7	0.417	0.449	loh	TP	TP
chr12	80543532	80557908	14376	17	0	0	2	co_linked	co_linked	2-1	2-1	True	19	0.056	0.037	loh	FP	FP
chr12	83398568	83411173	12605	14	0	0	1	sparse	co_linked	2-1	2-1	True	15	0.038	0.056	loh	FP	FP
chr12	85178623	85203567	24944	0	0	0	11	co_linked	co_linked	1-1	1-1	True	11	0.862	1.0	loh	TP	TP
chr12	85203567	85222472	18905	0	0	0	12	co_linked	co_linked	1-1	1-1	True	12	1.0	0.966	loh	TP	TP
chr12	85952315	85979205	26890	0	0	0	6	co_linked	co_linked	2-1	2-1	True	6	0.939	0.976	loh	TP	TP
chr12	86771587	86771589	2	37	0	0	27	co_linked	co_linked	1-1	1-1	True	64	0.422	0.493	loh	FP	FP
chr12	89515285	89516907	1622	55	0	0	5	co_linked	co_linked	2-1	2-1	True	60	0.074	0.071	loh	FP	FP
chr12	89515285	89519546	4261	40	0	0	5	co_linked	co_linked	2-1	2-1	True	45	0.074	0.099	loh	FP	FP
chr12	89515285	89521772	6487	38	0	0	5	co_linked	co_linked	2-1	2-1	True	43	0.074	0.086	loh	FP	FP
chr12	89516907	89519546	2639	48	0	0	5	co_linked	co_linked	2-1	2-1	True	53	0.071	0.099	loh	FP	FP
chr12	89516907	89521772	4865	45	0	0	5	co_linked	co_linked	2-1	2-1	True	50	0.071	0.086	loh	FP	FP
chr12	93412698	93420867	8169	24	0	0	2	co_linked	co_linked	1-1	1-1	True	26	0.087	0.064	loh	FP	FP
chr12	93906972	93909597	2625	42	0	0	4	co_linked	co_linked	2-1	2-1	True	46	0.078	0.081	loh	FP	FP
chr12	93906972	93912934	5962	38	0	0	3	co_linked	co_linked	2-1	2-1	True	41	0.078	0.053	loh	FP	FP
chr12	93909597	93912934	3337	50	0	0	3	co_linked	co_linked	2-1	2-1	True	53	0.081	0.053	loh	FP	FP
chr12	94481631	94482486	855	49	0	0	3	co_linked	co_linked	1-1	1-1	True	52	0.055	0.056	loh	FP	FP
chr12	96668220	96685767	17547	0	0	0	16	co_linked	co_linked	2-1	2-1	True	16	0.941	0.903	loh	TP	TP
chr12	98313467	98313608	141	55	0	0	2	co_linked	co_linked	2-1	2-1	True	57	0.034	0.034	loh	FP	FP
chr12	98313467	98313989	522	49	0	0	2	co_linked	co_linked	2-1	2-1	True	51	0.034	0.038	loh	FP	FP
chr12	98313608	98313989	381	50	0	0	2	co_linked	co_linked	2-1	2-1	True	52	0.034	0.038	loh	FP	FP
chr12	99289961	99295991	6030	30	0	0	2	co_linked	co_linked	1-1	1-1	True	32	0.038	0.059	loh	FP	FP
chr12	101701400	101701823	423	57	0	0	4	co_linked	co_linked	1-1	1-1	True	61	0.077	0.065	loh	FP	FP
chr12	101701400	101702234	834	58	0	0	5	co_linked	co_linked	1-1	1-1	True	63	0.077	0.077	loh	FP	FP
chr12	101701823	101702234	411	58	0	0	4	co_linked	co_linked	1-1	1-1	True	62	0.065	0.077	loh	FP	FP
chr12	102292956	102306071	13115	2	0	0	15	co_linked	co_linked	2-1	2-1	True	17	0.962	0.941	loh	TP	TP
chr12	103444842	103446763	1921	50	0	0	5	co_linked	co_linked	3	3	True	55	0.085	0.1	loh	FP	FP
chr12	107915353	107916956	1603	45	0	0	3	co_linked	co_linked	2-1	2-1	True	48	0.055	0.073	loh	FP	FP
chr12	111622786	111639683	16897	1	0	0	9	co_linked	co_linked	1-1	1-1	True	10	0.925	0.938	loh	TP	TP
chr12	114745123	114748234	3111	41	0	0	2	co_linked	co_linked	1-1	1-1	True	43	0.035	0.033	loh	FP	FP
chr12	114812131	114827373	15242	2	0	0	16	co_linked	co_linked	2-1	2-1	True	18	0.969	0.871	loh	TP	TP
chr12	117266834	117277874	11040	5	0	0	5	co_linked	co_linked	2-1	2-1	True	10	0.419	0.5	loh	TP	TP
chr12	118285896	118286098	202	46	0	0	3	co_linked	co_linked	2-1	2-1	True	49	0.057	0.06	loh	FP	FP
chr12	118285896	118287928	2032	37	0	0	3	co_linked	co_linked	2-1	2-1	True	40	0.057	0.061	loh	FP	FP
chr12	118286098	118287928	1830	33	0	0	3	co_linked	co_linked	2-1	2-1	True	36	0.06	0.061	loh	FP	FP
chr12	119617340	119648932	31592	6	0	0	1	sparse	co_linked	3	3	True	7	0.028	0.047	loh	FP	FP
chr12	120760155	120784750	24595	0	0	0	6	co_linked	co_linked	2-1	2-1	True	6	0.984	0.963	loh	TP	TP
chr12	122566560	122579365	12805	14	0	0	2	co_linked	co_linked	3	3	True	16	0.069	0.069	loh	FP	FP
chr12	122617126	122620140	3014	39	0	0	4	co_linked	co_linked	1-1	1-1	True	43	0.07	0.073	loh	FP	FP
chr12	127250971	127273953	22982	1	0	0	5	co_linked	co_linked	2-1	2-1	True	6	0.939	0.922	loh	TP	TP
chr12	128702476	128720534	18058	0	0	0	11	co_linked	co_linked	1-1	1-1	True	11	1.0	0.902	loh	TP	TP
chr12	128768062	128788934	20872	6	0	0	3	co_linked	co_linked	3	3	True	9	0.113	0.111	loh	FP	FP
chr12	128787174	128788934	1760	34	0	0	5	co_linked	co_linked	3	3	True	39	0.122	0.111	loh	FP	FP
chr12	128787391	128788426	1035	39	0	0	5	co_linked	co_linked	3	3	True	44	0.1	0.1	loh	FP	FP
chr12	128787391	128788476	1085	39	0	0	5	co_linked	co_linked	3	3	True	44	0.1	0.1	loh	FP	FP
chr12	128787391	128788549	1158	38	0	0	5	co_linked	co_linked	3	3	True	43	0.1	0.102	loh	FP	FP
chr12	128787391	128788857	1466	38	0	0	5	co_linked	co_linked	3	3	True	43	0.1	0.102	loh	FP	FP
chr12	128787391	128788891	1500	38	0	0	5	co_linked	co_linked	3	3	True	43	0.1	0.102	loh	FP	FP
chr12	128787391	128788934	1543	35	0	0	5	co_linked	co_linked	3	3	True	40	0.1	0.111	loh	FP	FP
chr12	128787391	128788960	1569	38	0	0	5	co_linked	co_linked	3	3	True	43	0.1	0.1	loh	FP	FP
chr12	128787391	128789058	1667	38	0	0	5	co_linked	co_linked	3	3	True	43	0.1	0.1	loh	FP	FP
chr12	128787391	128789339	1948	37	0	0	5	co_linked	co_linked	3	3	True	42	0.1	0.098	loh	FP	FP
chr12	128788426	128788476	50	45	0	0	5	co_linked	co_linked	3	3	True	50	0.1	0.1	loh	FP	FP
chr12	128788426	128788549	123	44	0	0	5	co_linked	co_linked	3	3	True	49	0.1	0.102	loh	FP	FP
chr12	128788426	128788857	431	43	0	0	5	co_linked	co_linked	3	3	True	48	0.1	0.102	loh	FP	FP
chr12	128788426	128788891	465	43	0	0	5	co_linked	co_linked	3	3	True	48	0.1	0.102	loh	FP	FP
chr12	128788426	128788934	508	39	0	0	5	co_linked	co_linked	3	3	True	44	0.1	0.111	loh	FP	FP
chr12	128788426	128788960	534	43	0	0	5	co_linked	co_linked	3	3	True	48	0.1	0.1	loh	FP	FP
chr12	128788426	128789058	632	43	0	0	5	co_linked	co_linked	3	3	True	48	0.1	0.1	loh	FP	FP
chr12	128788426	128789339	913	42	0	0	5	co_linked	co_linked	3	3	True	47	0.1	0.098	loh	FP	FP
chr12	128788476	128788549	73	44	0	0	5	co_linked	co_linked	3	3	True	49	0.1	0.102	loh	FP	FP
chr12	128788476	128788857	381	43	0	0	5	co_linked	co_linked	3	3	True	48	0.1	0.102	loh	FP	FP
chr12	128788476	128788891	415	43	0	0	5	co_linked	co_linked	3	3	True	48	0.1	0.102	loh	FP	FP
chr12	128788476	128788934	458	39	0	0	5	co_linked	co_linked	3	3	True	44	0.1	0.111	loh	FP	FP
chr12	128788476	128788960	484	43	0	0	5	co_linked	co_linked	3	3	True	48	0.1	0.1	loh	FP	FP
chr12	128788476	128789058	582	43	0	0	5	co_linked	co_linked	3	3	True	48	0.1	0.1	loh	FP	FP
chr12	128788476	128789339	863	42	0	0	5	co_linked	co_linked	3	3	True	47	0.1	0.098	loh	FP	FP
chr12	128788549	128788857	308	42	0	0	5	co_linked	co_linked	3	3	True	47	0.102	0.102	loh	FP	FP
chr12	128788549	128788891	342	42	0	0	5	co_linked	co_linked	3	3	True	47	0.102	0.102	loh	FP	FP
chr12	128788549	128788934	385	38	0	0	5	co_linked	co_linked	3	3	True	43	0.102	0.111	loh	FP	FP
chr12	128788549	128788960	411	42	0	0	5	co_linked	co_linked	3	3	True	47	0.102	0.1	loh	FP	FP
chr12	128788549	128789058	509	42	0	0	5	co_linked	co_linked	3	3	True	47	0.102	0.1	loh	FP	FP
chr12	128788549	128789339	790	41	0	0	5	co_linked	co_linked	3	3	True	46	0.102	0.098	loh	FP	FP
chr12	128788857	128788891	34	44	0	0	5	co_linked	co_linked	3	3	True	49	0.102	0.102	loh	FP	FP
chr12	128788857	128788934	77	40	0	0	5	co_linked	co_linked	3	3	True	45	0.102	0.111	loh	FP	FP
chr12	128788857	128788960	103	44	0	0	5	co_linked	co_linked	3	3	True	49	0.102	0.1	loh	FP	FP
chr12	128788857	128789058	201	44	0	0	5	co_linked	co_linked	3	3	True	49	0.102	0.1	loh	FP	FP
chr12	128788857	128789339	482	43	0	0	5	co_linked	co_linked	3	3	True	48	0.102	0.098	loh	FP	FP
chr12	128788891	128788934	43	40	0	0	5	co_linked	co_linked	3	3	True	45	0.102	0.111	loh	FP	FP
chr12	128788891	128788960	69	44	0	0	5	co_linked	co_linked	3	3	True	49	0.102	0.1	loh	FP	FP
chr12	128788891	128789058	167	44	0	0	5	co_linked	co_linked	3	3	True	49	0.102	0.1	loh	FP	FP
chr12	128788891	128789339	448	43	0	0	5	co_linked	co_linked	3	3	True	48	0.102	0.098	loh	FP	FP
chr12	128788934	128788960	26	40	0	0	5	co_linked	co_linked	3	3	True	45	0.111	0.1	loh	FP	FP
chr12	128788934	128789058	124	40	0	0	5	co_linked	co_linked	3	3	True	45	0.111	0.1	loh	FP	FP
chr12	128788934	128789339	405	39	0	0	5	co_linked	co_linked	3	3	True	44	0.111	0.098	loh	FP	FP
chr12	128788960	128789058	98	45	0	0	5	co_linked	co_linked	3	3	True	50	0.1	0.1	loh	FP	FP
chr12	128788960	128789339	379	44	0	0	5	co_linked	co_linked	3	3	True	49	0.1	0.098	loh	FP	FP
chr12	128789058	128789339	281	44	0	0	5	co_linked	co_linked	3	3	True	49	0.1	0.098	loh	FP	FP
chr12	128824776	128824993	217	56	0	0	8	co_linked	co_linked	2-1	2-1	True	64	0.125	0.136	loh	FP	FP
chr17	2976239	2976737	498	51	0	0	28	co_linked	co_linked	2-1	2-1	True	79	0.322	0.337	gain	TP	TP
chr17	9666248	9666272	24	44	0	0	24	co_linked	co_linked	2-1	2-1	True	68	0.362	0.357	gain	TP	TP
chr17	11066045	11083732	17687	13	0	0	7	co_linked	co_linked	2-1	2-1	True	20	0.326	0.3	gain	TP	TP
chr17	14839937	14866301	26364	4	0	0	7	co_linked	co_linked	2-1	2-1	True	11	0.653	0.476	gain	TP	TP
chr17	17316051	17318960	2909	61	0	0	11	co_linked	co_linked	2-1	2-1	True	72	0.133	0.131	gain	FP	FP
chr17	17749693	17775853	26160	4	0	0	2	co_linked	co_linked	1-1	1-1	True	6	0.341	0.29	gain	TP	TP
chr17	18138193	18166314	28121	7	0	0	1	sparse	co_linked	1-1	1-1	True	8	0.048	0.054	gain	FP	FP
chr17	18166314	18185916	19602	12	0	0	1	sparse	co_linked	1-1	1-1	True	13	0.054	0.047	gain	FP	FP
chr17	19280836	19282115	1279	56	0	0	3	co_linked	co_linked	1-1	1-1	True	59	0.047	0.056	loh	FP	FP
chr17	19632607	19636877	4270	35	0	0	2	co_linked	co_linked	2-1	2-1	True	37	0.065	0.046	loh	FP	FP
chr17	20176988	20177358	370	51	0	0	4	co_linked	co_linked	2-1	2-1	True	55	0.069	0.069	loh	FP	FP
chr17	20293320	20312592	19272	7	0	0	2	co_linked	co_linked	2-1	2-1	True	9	0.078	0.088	loh	FP	FP
chr17	21473456	21479963	6507	0	0	0	39	co_linked	co_linked	2-1	2-1	True	39	0.986	1.0	loh	TP	TP
chr17	27148703	27157994	9291	24	0	0	3	co_linked	co_linked	2-1	2-1	True	27	0.106	0.167	loh	FP	FP
chr17	31827559	31834950	7391	0	0	0	34	co_linked	co_linked	1-1	1-1	True	34	1.0	1.0	loh	TP	TP
chr17	33947252	33961607	14355	0	0	0	21	co_linked	co_linked	1-1	1-1	True	21	0.967	0.956	loh	TP	TP
chr17	33951674	33961607	9933	2	0	0	23	co_linked	co_linked	1-1	1-1	True	25	0.964	0.956	loh	TP	TP
chr17	39693717	39720521	26804	6	0	0	1	sparse	co_linked	2-1	2-1	True	7	0.273	0.301	loh	FP	FP
chr17	40473972	40502972	29000	0	0	0	12	co_linked	co_linked	1-1	1-1	True	12	1.0	0.94	loh	TP	TP
chr17	40473972	40505846	31874	0	0	0	11	co_linked	co_linked	1-1	1-1	True	11	1.0	0.955	loh	TP	TP
chr17	44591249	44621135	29886	0	0	0	8	co_linked	co_linked	2-1	2-1	True	8	0.985	0.974	loh	TP	TP
chr17	44591249	44627169	35920	0	0	0	6	co_linked	co_linked	2-1	2-1	True	6	0.985	0.97	loh	TP	TP
chr17	46014622	46014691	69	40	0	0	19	co_linked	co_linked	2-1	2-1	True	59	0.322	0.322	loh	FP	FP
chr17	48362515	48365161	2646	24	0	0	22	co_linked	co_linked	1-1	1-1	True	46	0.474	0.484	loh	TP	TP
chr17	48434251	48448197	13946	12	0	0	3	co_linked	co_linked	1-1	1-1	True	15	0.145	0.131	loh	FP	FP
chr17	48640982	48641591	609	40	0	0	8	co_linked	co_linked	2-1	2-1	True	48	0.157	0.148	loh	FP	FP
chr17	48865888	48869284	3396	42	0	0	7	co_linked	co_linked	2-1	2-1	True	49	0.103	0.121	loh	FP	FP
chr17	49162149	49162285	136	63	0	0	12	co_linked	co_linked	2-1	2-1	True	75	0.156	0.169	loh	FP	FP
chr17	49162285	49190186	27901	5	0	0	1	sparse	co_linked	2-1	2-1	True	6	0.169	0.194	loh	FP	FP
chr17	49163522	49190186	26664	6	0	0	1	sparse	co_linked	2-1	2-1	True	7	0.145	0.194	loh	FP	FP
chr17	49229971	49249110	19139	14	0	0	1	sparse	co_linked	2-1	2-1	True	15	0.095	0.105	loh	FP	FP
chr17	49230283	49237353	7070	30	0	0	6	co_linked	co_linked	2-1	2-1	True	36	0.119	0.132	loh	FP	FP
chr17	49230283	49239295	9012	27	0	0	5	co_linked	co_linked	2-1	2-1	True	32	0.119	0.134	loh	FP	FP
chr17	49230283	49240795	10512	26	0	0	5	co_linked	co_linked	2-1	2-1	True	31	0.119	0.147	loh	FP	FP
chr17	49230283	49249110	18827	14	0	0	1	sparse	co_linked	2-1	2-1	True	15	0.119	0.105	loh	FP	FP
chr17	49237353	49240795	3442	48	0	0	7	co_linked	co_linked	2-1	2-1	True	55	0.132	0.147	loh	FP	FP
chr17	49237353	49249110	11757	26	0	0	2	co_linked	co_linked	2-1	2-1	True	28	0.132	0.105	loh	FP	FP
chr17	49240795	49249110	8315	31	0	0	3	co_linked	co_linked	2-1	2-1	True	34	0.147	0.105	loh	FP	FP
chr17	49479216	49483341	4125	42	0	0	11	co_linked	co_linked	2-1	2-1	True	53	0.163	0.186	loh	FP	FP
chr17	49479372	49481845	2473	56	0	0	11	co_linked	co_linked	2-1	2-1	True	67	0.154	0.139	loh	FP	FP
chr17	49479372	49483341	3969	42	0	0	11	co_linked	co_linked	2-1	2-1	True	53	0.154	0.186	loh	FP	FP
chr17	49481845	49483341	1496	51	0	0	10	co_linked	co_linked	2-1	2-1	True	61	0.139	0.186	loh	FP	FP
chr17	49481845	49483610	1765	58	0	0	10	co_linked	co_linked	2-1	2-1	True	68	0.139	0.156	loh	FP	FP
chr17	49499678	49499679	1	40	0	0	22	co_linked	co_linked	1-1	1-1	True	62	0.355	0.355	loh	TP	TP
chr17	49604258	49609761	5503	32	0	0	3	co_linked	co_linked	2-1	2-1	True	35	0.08	0.109	loh	FP	FP
chr17	49635698	49635897	199	59	0	0	11	co_linked	co_linked	1-1	1-1	True	70	0.153	0.155	loh	FP	FP
chr17	49665277	49679314	14037	16	0	0	4	co_linked	co_linked	2-1	2-1	True	20	0.185	0.161	loh	FP	FP
chr17	49704646	49711720	7074	42	0	0	4	co_linked	co_linked	1-1	1-1	True	46	0.133	0.137	loh	FP	FP
chr17	49780060	49786567	6507	35	0	0	3	co_linked	co_linked	2-1	2-1	True	38	0.081	0.08	loh	FP	FP
chr17	50208902	50218087	9185	35	0	0	3	co_linked	co_linked	1-1	1-1	True	38	0.068	0.08	loh	FP	FP
chr17	50208902	50221087	12185	28	0	0	2	co_linked	co_linked	1-1	1-1	True	30	0.068	0.049	loh	FP	FP
chr17	50218087	50221087	3000	50	0	0	3	co_linked	co_linked	1-1	1-1	True	53	0.08	0.049	loh	FP	FP
chr17	50241336	50241585	249	60	0	0	7	co_linked	co_linked	3	3	True	67	0.101	0.096	loh	FP	FP
chr17	50241336	50245451	4115	44	0	0	2	co_linked	co_linked	3	3	True	46	0.101	0.045	loh	FP	FP
chr17	50241585	50245451	3866	45	0	0	2	co_linked	co_linked	3	3	True	47	0.096	0.045	loh	FP	FP
chr17	50591359	50595585	4226	31	0	0	2	co_linked	co_linked	3	3	True	33	0.043	0.042	loh	FP	FP
chr17	52649486	52649867	381	36	0	0	5	co_linked	co_linked	1-1	1-1	True	41	0.136	0.128	loh	FP	FP
chr17	59480006	59483655	3649	44	0	0	4	co_linked	co_linked	3	3	True	48	0.065	0.085	loh	FP	FP
chr17	62312788	62314082	1294	40	0	0	4	co_linked	co_linked	2-1	2-1	True	44	0.094	0.078	loh	FP	FP
chr17	62312788	62317550	4762	27	0	0	4	co_linked	co_linked	2-1	2-1	True	31	0.094	0.085	loh	FP	FP
chr17	62312788	62330112	17324	11	0	0	2	co_linked	co_linked	2-1	2-1	True	13	0.094	0.05	loh	FP	FP
chr17	62314082	62317550	3468	30	0	0	4	co_linked	co_linked	2-1	2-1	True	34	0.078	0.085	loh	FP	FP
chr17	62314082	62330112	16030	12	0	0	2	co_linked	co_linked	2-1	2-1	True	14	0.078	0.05	loh	FP	FP
chr17	62317550	62330112	12562	16	0	0	2	co_linked	co_linked	2-1	2-1	True	18	0.085	0.05	loh	FP	FP
chr17	64791407	64819545	28138	0	0	0	7	co_linked	co_linked	2-1	2-1	True	7	0.965	0.948	loh	TP	TP
chr17	69712968	69736115	23147	10	0	0	9	co_linked	co_linked	2-1	2-1	True	19	0.208	0.197	gain	TP	TP
chr17	69916983	69931370	14387	27	0	0	7	co_linked	co_linked	2-1	2-1	True	34	0.188	0.243	gain	TP	TP
chr17	72273245	72285027	11782	22	0	0	29	co_linked	co_linked	2-1	2-1	True	51	0.404	0.484	gain	TP	TP
chr17	72338421	72372611	34190	6	0	0	2	co_linked	co_linked	2-1	2-1	True	8	0.307	0.35	gain	TP	TP
chr17	72372611	72391620	19009	16	0	0	4	co_linked	co_linked	2-1	2-1	True	20	0.35	0.316	gain	TP	TP
chr17	76436253	76450099	13846	12	0	0	13	co_linked	co_linked	1-1	1-1	True	25	0.489	0.477	gain	TP	TP
chr17	76450099	76482863	32764	4	0	0	2	co_linked	co_linked	1-1	1-1	True	6	0.477	0.533	gain	TP	TP
chr17	76960668	76972469	11801	27	0	0	10	co_linked	co_linked	1-1	1-1	True	37	0.417	0.376	gain	TP	TP
chr17	78484883	78488908	4025	53	0	0	10	co_linked	co_linked	1-1	1-1	True	63	0.196	0.228	gain	TP	TP
chr17	78484883	78488909	4026	51	0	0	9	co_linked	co_linked	1-1	1-1	True	60	0.196	0.225	gain	TP	TP
chr17	78488908	78488909	1	69	0	0	20	co_linked	co_linked	1-1	1-1	True	89	0.228	0.225	gain	TP	TP
chr17	79725866	79755424	29558	3	0	0	4	co_linked	co_linked	2-1	2-1	True	7	0.204	0.458	gain	TP	TP
chr17	79974466	79976984	2518	107	0	0	25	co_linked	co_linked	2-1	2-1	True	132	0.204	0.191	gain	TP	TP
chr17	79974466	79980813	6347	74	0	0	22	co_linked	co_linked	2-1	2-1	True	96	0.204	0.165	gain	TP	TP
chr17	79974466	79993553	19087	27	0	0	8	co_linked	co_linked	2-1	2-1	True	35	0.204	0.146	gain	TP	TP
chr17	79974466	79994936	20470	26	0	0	7	co_linked	co_linked	2-1	2-1	True	33	0.204	0.155	gain	TP	TP
chr17	79974466	79999239	24773	20	0	0	5	co_linked	co_linked	2-1	2-1	True	25	0.204	0.167	gain	TP	TP
chr17	79974466	80009397	34931	7	0	0	1	sparse	co_linked	2-1	2-1	True	8	0.204	0.16	gain	TP	TP
chr17	79975019	79999850	24831	16	0	0	4	co_linked	co_linked	2-1	2-1	True	20	0.229	0.198	gain	TP	TP
chr17	79975019	80005657	30638	11	0	0	3	co_linked	co_linked	2-1	2-1	True	14	0.229	0.213	gain	TP	TP
chr17	79975835	80009397	33562	7	0	0	1	sparse	co_linked	2-1	2-1	True	8	0.201	0.16	gain	TP	TP
chr17	79976235	79981189	4954	76	0	0	22	co_linked	co_linked	2-1	2-1	True	98	0.208	0.17	gain	TP	TP
chr17	79976235	79986135	9900	49	0	0	11	co_linked	co_linked	2-1	2-1	True	60	0.208	0.153	gain	TP	TP
chr17	79976235	79988039	11804	43	0	0	11	co_linked	co_linked	2-1	2-1	True	54	0.208	0.176	gain	TP	TP
chr17	79976235	79992972	16737	30	0	0	9	co_linked	co_linked	2-1	2-1	True	39	0.208	0.161	gain	TP	TP
chr17	79976235	79994267	18032	26	0	0	7	co_linked	co_linked	2-1	2-1	True	33	0.208	0.144	gain	TP	TP
chr17	79976235	79994936	18701	25	0	0	7	co_linked	co_linked	2-1	2-1	True	32	0.208	0.155	gain	TP	TP
chr17	79976235	79995084	18849	26	0	0	6	co_linked	co_linked	2-1	2-1	True	32	0.208	0.136	gain	TP	TP
chr17	79976235	79996494	20259	23	0	0	7	co_linked	co_linked	2-1	2-1	True	30	0.208	0.168	gain	TP	TP
chr17	79976235	79997005	20770	19	0	0	7	co_linked	co_linked	2-1	2-1	True	26	0.208	0.155	gain	TP	TP
chr17	79976235	79997828	21593	19	0	0	7	co_linked	co_linked	2-1	2-1	True	26	0.208	0.164	gain	TP	TP
chr17	79976235	79999243	23008	18	0	0	6	co_linked	co_linked	2-1	2-1	True	24	0.208	0.175	gain	TP	TP
chr17	79976235	79999850	23615	16	0	0	4	co_linked	co_linked	2-1	2-1	True	20	0.208	0.198	gain	TP	TP
chr17	79976235	80000548	24313	18	0	0	4	co_linked	co_linked	2-1	2-1	True	22	0.208	0.197	gain	TP	TP
chr17	79976235	80009397	33162	7	0	0	1	sparse	co_linked	2-1	2-1	True	8	0.208	0.16	gain	TP	TP
chr17	79976558	79985519	8961	53	0	0	17	co_linked	co_linked	2-1	2-1	True	70	0.202	0.201	gain	TP	TP
chr17	79976558	79986135	9577	52	0	0	11	co_linked	co_linked	2-1	2-1	True	63	0.202	0.153	gain	TP	TP
chr17	79976558	79988039	11481	44	0	0	11	co_linked	co_linked	2-1	2-1	True	55	0.202	0.176	gain	TP	TP
chr17	79976558	79992972	16414	32	0	0	9	co_linked	co_linked	2-1	2-1	True	41	0.202	0.161	gain	TP	TP
chr17	79976558	79994267	17709	26	0	0	7	co_linked	co_linked	2-1	2-1	True	33	0.202	0.144	gain	TP	TP
chr17	79976558	79994936	18378	27	0	0	7	co_linked	co_linked	2-1	2-1	True	34	0.202	0.155	gain	TP	TP
chr17	79976558	79995084	18526	28	0	0	6	co_linked	co_linked	2-1	2-1	True	34	0.202	0.136	gain	TP	TP
chr17	79976558	79996494	19936	25	0	0	7	co_linked	co_linked	2-1	2-1	True	32	0.202	0.168	gain	TP	TP
chr17	79976558	79997005	20447	21	0	0	7	co_linked	co_linked	2-1	2-1	True	28	0.202	0.155	gain	TP	TP
chr17	79976558	79997828	21270	22	0	0	7	co_linked	co_linked	2-1	2-1	True	29	0.202	0.164	gain	TP	TP
chr17	79976558	79999243	22685	20	0	0	6	co_linked	co_linked	2-1	2-1	True	26	0.202	0.175	gain	TP	TP
chr17	79976558	79999850	23292	19	0	0	4	co_linked	co_linked	2-1	2-1	True	23	0.202	0.198	gain	TP	TP
chr17	79976558	80000548	23990	20	0	0	4	co_linked	co_linked	2-1	2-1	True	24	0.202	0.197	gain	TP	TP
chr17	79976558	80009397	32839	7	0	0	1	sparse	co_linked	2-1	2-1	True	8	0.202	0.16	gain	TP	TP
chr17	79976938	79986135	9197	53	0	0	11	co_linked	co_linked	2-1	2-1	True	64	0.191	0.153	gain	TP	TP
chr17	79976938	79986454	9516	50	0	0	11	co_linked	co_linked	2-1	2-1	True	61	0.191	0.156	gain	TP	TP
chr17	79976938	79991120	14182	37	0	0	9	co_linked	co_linked	2-1	2-1	True	46	0.191	0.135	gain	TP	TP
chr17	79976938	80009397	32459	7	0	0	1	sparse	co_linked	2-1	2-1	True	8	0.191	0.16	gain	TP	TP
chr17	79976984	79993553	16569	31	0	0	7	co_linked	co_linked	2-1	2-1	True	38	0.191	0.146	gain	TP	TP
chr17	79976984	79994936	17952	29	0	0	6	co_linked	co_linked	2-1	2-1	True	35	0.191	0.155	gain	TP	TP
chr17	79976984	79999239	22255	23	0	0	4	co_linked	co_linked	2-1	2-1	True	27	0.191	0.167	gain	TP	TP
chr17	79977762	79988039	10277	47	0	0	10	co_linked	co_linked	2-1	2-1	True	57	0.194	0.176	gain	TP	TP
chr17	79977762	79992972	15210	33	0	0	8	co_linked	co_linked	2-1	2-1	True	41	0.194	0.161	gain	TP	TP
chr17	79977762	79993553	15791	29	0	0	8	co_linked	co_linked	2-1	2-1	True	37	0.194	0.146	gain	TP	TP
chr17	79977762	79994267	16505	28	0	0	6	co_linked	co_linked	2-1	2-1	True	34	0.194	0.144	gain	TP	TP
chr17	79977762	79994936	17174	28	0	0	7	co_linked	co_linked	2-1	2-1	True	35	0.194	0.155	gain	TP	TP
chr17	79977762	79995084	17322	29	0	0	5	co_linked	co_linked	2-1	2-1	True	34	0.194	0.136	gain	TP	TP
chr17	79977762	79996494	18732	26	0	0	6	co_linked	co_linked	2-1	2-1	True	32	0.194	0.168	gain	TP	TP
chr17	79977762	79997005	19243	22	0	0	6	co_linked	co_linked	2-1	2-1	True	28	0.194	0.155	gain	TP	TP
chr17	79977762	79997828	20066	22	0	0	6	co_linked	co_linked	2-1	2-1	True	28	0.194	0.164	gain	TP	TP
chr17	79977762	79999239	21477	21	0	0	5	co_linked	co_linked	2-1	2-1	True	26	0.194	0.167	gain	TP	TP
chr17	79977762	79999243	21481	21	0	0	5	co_linked	co_linked	2-1	2-1	True	26	0.194	0.175	gain	TP	TP
chr17	79977762	79999850	22088	19	0	0	3	co_linked	co_linked	2-1	2-1	True	22	0.194	0.198	gain	TP	TP
chr17	79977762	80000548	22786	21	0	0	3	co_linked	co_linked	2-1	2-1	True	24	0.194	0.197	gain	TP	TP
chr17	79977762	80009397	31635	8	0	0	1	sparse	co_linked	2-1	2-1	True	9	0.194	0.16	gain	TP	TP
chr17	79979195	79986135	6940	72	0	0	13	co_linked	co_linked	2-1	2-1	True	85	0.176	0.153	gain	TP	TP
chr17	79979195	79988039	8844	58	0	0	13	co_linked	co_linked	2-1	2-1	True	71	0.176	0.176	gain	TP	TP
chr17	79979195	79992972	13777	41	0	0	10	co_linked	co_linked	2-1	2-1	True	51	0.176	0.161	gain	TP	TP
chr17	79979195	79994267	15072	34	0	0	8	co_linked	co_linked	2-1	2-1	True	42	0.176	0.144	gain	TP	TP
chr17	79979195	79994936	15741	35	0	0	8	co_linked	co_linked	2-1	2-1	True	43	0.176	0.155	gain	TP	TP
chr17	79979195	79995084	15889	36	0	0	7	co_linked	co_linked	2-1	2-1	True	43	0.176	0.136	gain	TP	TP
chr17	79979195	79996494	17299	31	0	0	8	co_linked	co_linked	2-1	2-1	True	39	0.176	0.168	gain	TP	TP
chr17	79979195	79997005	17810	27	0	0	8	co_linked	co_linked	2-1	2-1	True	35	0.176	0.155	gain	TP	TP
chr17	79979195	79997828	18633	27	0	0	8	co_linked	co_linked	2-1	2-1	True	35	0.176	0.164	gain	TP	TP
chr17	79979195	79999243	20048	24	0	0	7	co_linked	co_linked	2-1	2-1	True	31	0.176	0.175	gain	TP	TP
chr17	79979195	79999850	20655	23	0	0	5	co_linked	co_linked	2-1	2-1	True	28	0.176	0.198	gain	TP	TP
chr17	79979195	80000548	21353	24	0	0	5	co_linked	co_linked	2-1	2-1	True	29	0.176	0.197	gain	TP	TP
chr17	79979195	80007757	28562	17	0	0	1	sparse	co_linked	2-1	2-1	True	18	0.176	0.16	gain	TP	TP
chr17	79979195	80009397	30202	11	0	0	2	co_linked	co_linked	2-1	2-1	True	13	0.176	0.16	gain	TP	TP
chr17	79979415	79996494	17079	32	0	0	8	co_linked	co_linked	2-1	2-1	True	40	0.183	0.168	gain	TP	TP
chr17	79979415	79997005	17590	28	0	0	8	co_linked	co_linked	2-1	2-1	True	36	0.183	0.155	gain	TP	TP
chr17	79979415	79997828	18413	27	0	0	8	co_linked	co_linked	2-1	2-1	True	35	0.183	0.164	gain	TP	TP
chr17	79979415	79999243	19828	25	0	0	7	co_linked	co_linked	2-1	2-1	True	32	0.183	0.175	gain	TP	TP
chr17	79979415	79999850	20435	23	0	0	5	co_linked	co_linked	2-1	2-1	True	28	0.183	0.198	gain	TP	TP
chr17	79979415	80000548	21133	25	0	0	5	co_linked	co_linked	2-1	2-1	True	30	0.183	0.197	gain	TP	TP
chr17	79979415	80007757	28342	18	0	0	1	sparse	co_linked	2-1	2-1	True	19	0.183	0.16	gain	TP	TP
chr17	79979415	80009397	29982	11	0	0	2	co_linked	co_linked	2-1	2-1	True	13	0.183	0.16	gain	TP	TP
chr17	79980046	79986135	6089	74	0	0	13	co_linked	co_linked	2-1	2-1	True	87	0.17	0.153	gain	TP	TP
chr17	79980046	79988039	7993	59	0	0	13	co_linked	co_linked	2-1	2-1	True	72	0.17	0.176	gain	TP	TP
chr17	79980046	79992972	12926	42	0	0	10	co_linked	co_linked	2-1	2-1	True	52	0.17	0.161	gain	TP	TP
chr17	79980046	79994267	14221	35	0	0	8	co_linked	co_linked	2-1	2-1	True	43	0.17	0.144	gain	TP	TP
chr17	79980046	79994936	14890	35	0	0	8	co_linked	co_linked	2-1	2-1	True	43	0.17	0.155	gain	TP	TP
chr17	79980046	79995084	15038	37	0	0	7	co_linked	co_linked	2-1	2-1	True	44	0.17	0.136	gain	TP	TP
chr17	79980046	79996494	16448	31	0	0	8	co_linked	co_linked	2-1	2-1	True	39	0.17	0.168	gain	TP	TP
chr17	79980046	79997005	16959	27	0	0	8	co_linked	co_linked	2-1	2-1	True	35	0.17	0.155	gain	TP	TP
chr17	79980046	79997828	17782	27	0	0	8	co_linked	co_linked	2-1	2-1	True	35	0.17	0.164	gain	TP	TP
chr17	79980046	79999243	19197	24	0	0	7	co_linked	co_linked	2-1	2-1	True	31	0.17	0.175	gain	TP	TP
chr17	79980046	79999850	19804	23	0	0	5	co_linked	co_linked	2-1	2-1	True	28	0.17	0.198	gain	TP	TP
chr17	79980046	80000548	20502	24	0	0	5	co_linked	co_linked	2-1	2-1	True	29	0.17	0.197	gain	TP	TP
chr17	79980046	80007757	27711	17	0	0	1	sparse	co_linked	2-1	2-1	True	18	0.17	0.16	gain	TP	TP
chr17	79980046	80009397	29351	11	0	0	2	co_linked	co_linked	2-1	2-1	True	13	0.17	0.16	gain	TP	TP
chr17	79980209	79988039	7830	58	0	0	13	co_linked	co_linked	2-1	2-1	True	71	0.179	0.176	gain	TP	TP
chr17	79980209	79994936	14727	36	0	0	7	co_linked	co_linked	2-1	2-1	True	43	0.179	0.155	gain	TP	TP
chr17	79980209	80014751	34542	5	0	0	1	sparse	co_linked	2-1	2-1	True	6	0.179	0.171	gain	TP	TP
chr17	79980813	79986135	5322	77	0	0	13	co_linked	co_linked	2-1	2-1	True	90	0.165	0.153	gain	TP	TP
chr17	79980813	79992972	12159	47	0	0	9	co_linked	co_linked	2-1	2-1	True	56	0.165	0.161	gain	TP	TP
chr17	79980813	79993553	12740	43	0	0	9	co_linked	co_linked	2-1	2-1	True	52	0.165	0.146	gain	TP	TP
chr17	79980813	79994267	13454	39	0	0	7	co_linked	co_linked	2-1	2-1	True	46	0.165	0.144	gain	TP	TP
chr17	79980813	79994936	14123	39	0	0	8	co_linked	co_linked	2-1	2-1	True	47	0.165	0.155	gain	TP	TP
chr17	79980813	79995084	14271	42	0	0	6	co_linked	co_linked	2-1	2-1	True	48	0.165	0.136	gain	TP	TP
chr17	79980813	79996494	15681	35	0	0	7	co_linked	co_linked	2-1	2-1	True	42	0.165	0.168	gain	TP	TP
chr17	79980813	79997005	16192	31	0	0	7	co_linked	co_linked	2-1	2-1	True	38	0.165	0.155	gain	TP	TP
chr17	79980813	79997828	17015	30	0	0	7	co_linked	co_linked	2-1	2-1	True	37	0.165	0.164	gain	TP	TP
chr17	79980813	79999239	18426	28	0	0	6	co_linked	co_linked	2-1	2-1	True	34	0.165	0.167	gain	TP	TP
chr17	79980813	79999243	18430	28	0	0	6	co_linked	co_linked	2-1	2-1	True	34	0.165	0.175	gain	TP	TP
chr17	79980813	79999850	19037	26	0	0	4	co_linked	co_linked	2-1	2-1	True	30	0.165	0.198	gain	TP	TP
chr17	79980813	80000548	19735	28	0	0	4	co_linked	co_linked	2-1	2-1	True	32	0.165	0.197	gain	TP	TP
chr17	79980813	80007757	26944	21	0	0	1	sparse	co_linked	2-1	2-1	True	22	0.165	0.16	gain	TP	TP
chr17	79980813	80009397	28584	14	0	0	2	co_linked	co_linked	2-1	2-1	True	16	0.165	0.16	gain	TP	TP
chr17	79981189	79986135	4946	78	0	0	13	co_linked	co_linked	2-1	2-1	True	91	0.17	0.153	gain	TP	TP
chr17	79981189	79992972	11783	47	0	0	9	co_linked	co_linked	2-1	2-1	True	56	0.17	0.161	gain	TP	TP
chr17	79981189	79994267	13078	39	0	0	7	co_linked	co_linked	2-1	2-1	True	46	0.17	0.144	gain	TP	TP
chr17	79981189	79994936	13747	39	0	0	7	co_linked	co_linked	2-1	2-1	True	46	0.17	0.155	gain	TP	TP
chr17	79981189	79995084	13895	42	0	0	7	co_linked	co_linked	2-1	2-1	True	49	0.17	0.136	gain	TP	TP
chr17	79981189	79996494	15305	35	0	0	8	co_linked	co_linked	2-1	2-1	True	43	0.17	0.168	gain	TP	TP
chr17	79981189	79997005	15816	31	0	0	8	co_linked	co_linked	2-1	2-1	True	39	0.17	0.155	gain	TP	TP
chr17	79981189	79997828	16639	30	0	0	8	co_linked	co_linked	2-1	2-1	True	38	0.17	0.164	gain	TP	TP
chr17	79981189	79999243	18054	28	0	0	7	co_linked	co_linked	2-1	2-1	True	35	0.17	0.175	gain	TP	TP
chr17	79981189	79999850	18661	26	0	0	5	co_linked	co_linked	2-1	2-1	True	31	0.17	0.198	gain	TP	TP
chr17	79981189	80000548	19359	28	0	0	5	co_linked	co_linked	2-1	2-1	True	33	0.17	0.197	gain	TP	TP
chr17	79981189	80007757	26568	21	0	0	1	sparse	co_linked	2-1	2-1	True	22	0.17	0.16	gain	TP	TP
chr17	79981189	80009397	28208	14	0	0	2	co_linked	co_linked	2-1	2-1	True	16	0.17	0.16	gain	TP	TP
chr17	79982762	79996494	13732	37	0	0	8	co_linked	co_linked	2-1	2-1	True	45	0.205	0.168	gain	TP	TP
chr17	79982762	79997005	14243	33	0	0	8	co_linked	co_linked	2-1	2-1	True	41	0.205	0.155	gain	TP	TP
chr17	79982762	79997828	15066	32	0	0	8	co_linked	co_linked	2-1	2-1	True	40	0.205	0.164	gain	TP	TP
chr17	79982762	79999243	16481	30	0	0	7	co_linked	co_linked	2-1	2-1	True	37	0.205	0.175	gain	TP	TP
chr17	79982762	79999850	17088	27	0	0	5	co_linked	co_linked	2-1	2-1	True	32	0.205	0.198	gain	TP	TP
chr17	79982762	80000548	17786	30	0	0	5	co_linked	co_linked	2-1	2-1	True	35	0.205	0.197	gain	TP	TP
chr17	79982762	80007757	24995	22	0	0	1	sparse	co_linked	2-1	2-1	True	23	0.205	0.16	gain	TP	TP
chr17	79982762	80009397	26635	15	0	0	2	co_linked	co_linked	2-1	2-1	True	17	0.205	0.16	gain	TP	TP
chr17	79985519	79986135	616	102	0	0	19	co_linked	co_linked	2-1	2-1	True	121	0.201	0.153	gain	TP	TP
chr17	79985519	79992972	7453	65	0	0	11	co_linked	co_linked	2-1	2-1	True	76	0.201	0.161	gain	TP	TP
chr17	79985519	79994267	8748	53	0	0	9	co_linked	co_linked	2-1	2-1	True	62	0.201	0.144	gain	TP	TP
chr17	79985519	79994936	9417	57	0	0	9	co_linked	co_linked	2-1	2-1	True	66	0.201	0.155	gain	TP	TP
chr17	79985519	79995084	9565	59	0	0	8	co_linked	co_linked	2-1	2-1	True	67	0.201	0.136	gain	TP	TP
chr17	79985519	79997005	11486	46	0	0	9	co_linked	co_linked	2-1	2-1	True	55	0.201	0.155	gain	TP	TP
chr17	79985519	79997828	12309	43	0	0	9	co_linked	co_linked	2-1	2-1	True	52	0.201	0.164	gain	TP	TP
chr17	79985519	79999243	13724	40	0	0	7	co_linked	co_linked	2-1	2-1	True	47	0.201	0.175	gain	TP	TP
chr17	79985519	80009397	23878	22	0	0	2	co_linked	co_linked	2-1	2-1	True	24	0.201	0.16	gain	TP	TP
chr17	79985596	79992447	6851	69	0	0	7	co_linked	co_linked	2-1	2-1	True	76	0.162	0.133	gain	TP	TP
chr17	79986135	79986454	319	104	0	0	18	co_linked	co_linked	2-1	2-1	True	122	0.153	0.156	gain	TP	TP
chr17	79986135	79991120	4985	73	0	0	12	co_linked	co_linked	2-1	2-1	True	85	0.153	0.135	gain	TP	TP
chr17	79986135	79992972	6837	66	0	0	11	co_linked	co_linked	2-1	2-1	True	77	0.153	0.161	gain	TP	TP
chr17	79986135	79994267	8132	54	0	0	9	co_linked	co_linked	2-1	2-1	True	63	0.153	0.144	gain	TP	TP
chr17	79986135	79994936	8801	56	0	0	9	co_linked	co_linked	2-1	2-1	True	65	0.153	0.155	gain	TP	TP
chr17	79986135	79995084	8949	59	0	0	8	co_linked	co_linked	2-1	2-1	True	67	0.153	0.136	gain	TP	TP
chr17	79986135	79997005	10870	45	0	0	9	co_linked	co_linked	2-1	2-1	True	54	0.153	0.155	gain	TP	TP
chr17	79986135	79999243	13108	40	0	0	7	co_linked	co_linked	2-1	2-1	True	47	0.153	0.175	gain	TP	TP
chr17	79986135	80009397	23262	22	0	0	3	co_linked	co_linked	2-1	2-1	True	25	0.153	0.16	gain	TP	TP
chr17	79986135	80014711	28576	9	0	0	1	sparse	co_linked	2-1	2-1	True	10	0.153	0.165	gain	TP	TP
chr17	79986135	80015777	29642	9	0	0	1	sparse	co_linked	2-1	2-1	True	10	0.153	0.156	gain	TP	TP
chr17	79986135	80020081	33946	5	0	0	1	sparse	co_linked	2-1	2-1	True	6	0.153	0.156	gain	TP	TP
chr17	79986135	80021160	35025	5	0	0	1	sparse	co_linked	2-1	2-1	True	6	0.153	0.167	gain	TP	TP
chr17	79986135	80023538	37403	5	0	0	1	sparse	co_linked	2-1	2-1	True	6	0.153	0.139	gain	TP	TP
chr17	79986454	79986834	380	101	0	0	19	co_linked	co_linked	2-1	2-1	True	120	0.156	0.15	gain	TP	TP
chr17	79986454	79991120	4666	72	0	0	13	co_linked	co_linked	2-1	2-1	True	85	0.156	0.135	gain	TP	TP
chr17	79986454	80009397	22943	21	0	0	4	co_linked	co_linked	2-1	2-1	True	25	0.156	0.16	gain	TP	TP
chr17	79986454	80014711	28257	8	0	0	1	sparse	co_linked	2-1	2-1	True	9	0.156	0.165	gain	TP	TP
chr17	79986454	80015777	29323	8	0	0	1	sparse	co_linked	2-1	2-1	True	9	0.156	0.156	gain	TP	TP
chr17	79986834	80009397	22563	21	0	0	4	co_linked	co_linked	2-1	2-1	True	25	0.15	0.16	gain	TP	TP
chr17	79986834	80014711	27877	9	0	0	1	sparse	co_linked	2-1	2-1	True	10	0.15	0.165	gain	TP	TP
chr17	79986834	80015777	28943	9	0	0	1	sparse	co_linked	2-1	2-1	True	10	0.15	0.156	gain	TP	TP
chr17	79986834	80020081	33247	5	0	0	1	sparse	co_linked	2-1	2-1	True	6	0.15	0.156	gain	TP	TP
chr17	79986834	80021160	34326	5	0	0	1	sparse	co_linked	2-1	2-1	True	6	0.15	0.167	gain	TP	TP
chr17	79986834	80023538	36704	5	0	0	1	sparse	co_linked	2-1	2-1	True	6	0.15	0.139	gain	TP	TP
chr17	79988039	80020081	32042	5	0	0	1	sparse	co_linked	2-1	2-1	True	6	0.176	0.156	gain	TP	TP
chr17	79988039	80021160	33121	5	0	0	1	sparse	co_linked	2-1	2-1	True	6	0.176	0.167	gain	TP	TP
chr17	79988039	80023538	35499	5	0	0	1	sparse	co_linked	2-1	2-1	True	6	0.176	0.139	gain	TP	TP
chr17	79991120	80009397	18277	26	0	0	4	co_linked	co_linked	2-1	2-1	True	30	0.135	0.16	gain	TP	TP
chr17	79991120	80014711	23591	13	0	0	1	sparse	co_linked	2-1	2-1	True	14	0.135	0.165	gain	TP	TP
chr17	79991120	80015777	24657	13	0	0	1	sparse	co_linked	2-1	2-1	True	14	0.135	0.156	gain	TP	TP
chr17	79991120	80020081	28961	7	0	0	1	sparse	co_linked	2-1	2-1	True	8	0.135	0.156	gain	TP	TP
chr17	79991120	80021160	30040	7	0	0	1	sparse	co_linked	2-1	2-1	True	8	0.135	0.167	gain	TP	TP
chr17	79991120	80023538	32418	7	0	0	1	sparse	co_linked	2-1	2-1	True	8	0.135	0.139	gain	TP	TP
chr17	79991120	80027284	36164	5	0	0	1	sparse	co_linked	2-1	2-1	True	6	0.135	0.132	gain	TP	TP
chr17	79991120	80027296	36176	5	0	0	1	sparse	co_linked	2-1	2-1	True	6	0.135	0.125	gain	TP	TP
chr17	79991120	80027500	36380	5	0	0	1	sparse	co_linked	2-1	2-1	True	6	0.135	0.136	gain	TP	TP
chr17	79992185	80009397	17212	26	0	0	4	co_linked	co_linked	2-1	2-1	True	30	0.13	0.16	gain	TP	TP
chr17	79992185	80014711	22526	14	0	0	1	sparse	co_linked	2-1	2-1	True	15	0.13	0.165	gain	TP	TP
chr17	79992185	80015777	23592	14	0	0	1	sparse	co_linked	2-1	2-1	True	15	0.13	0.156	gain	TP	TP
chr17	79992185	80020081	27896	8	0	0	1	sparse	co_linked	2-1	2-1	True	9	0.13	0.156	gain	TP	TP
chr17	79992185	80021160	28975	8	0	0	1	sparse	co_linked	2-1	2-1	True	9	0.13	0.167	gain	TP	TP
chr17	79992185	80023538	31353	8	0	0	1	sparse	co_linked	2-1	2-1	True	9	0.13	0.139	gain	TP	TP
chr17	79992185	80027284	35099	5	0	0	1	sparse	co_linked	2-1	2-1	True	6	0.13	0.132	gain	TP	TP
chr17	79992185	80027296	35111	5	0	0	1	sparse	co_linked	2-1	2-1	True	6	0.13	0.125	gain	TP	TP
chr17	79992185	80027500	35315	5	0	0	1	sparse	co_linked	2-1	2-1	True	6	0.13	0.136	gain	TP	TP
chr17	79992447	80014711	22264	14	0	0	2	co_linked	co_linked	2-1	2-1	True	16	0.133	0.165	gain	TP	TP
chr17	79992447	80015777	23330	14	0	0	2	co_linked	co_linked	2-1	2-1	True	16	0.133	0.156	gain	TP	TP
chr17	79992447	80020081	27634	8	0	0	1	sparse	co_linked	2-1	2-1	True	9	0.133	0.156	gain	TP	TP
chr17	79992447	80021160	28713	8	0	0	1	sparse	co_linked	2-1	2-1	True	9	0.133	0.167	gain	TP	TP
chr17	79992447	80023538	31091	8	0	0	1	sparse	co_linked	2-1	2-1	True	9	0.133	0.139	gain	TP	TP
chr17	79992447	80027284	34837	5	0	0	1	sparse	co_linked	2-1	2-1	True	6	0.133	0.132	gain	TP	TP
chr17	79992447	80027296	34849	5	0	0	1	sparse	co_linked	2-1	2-1	True	6	0.133	0.125	gain	TP	TP
chr17	79992447	80027500	35053	5	0	0	1	sparse	co_linked	2-1	2-1	True	6	0.133	0.136	gain	TP	TP
chr17	79992972	79994936	1964	94	0	0	17	co_linked	co_linked	2-1	2-1	True	111	0.161	0.155	gain	TP	TP
chr17	79992972	79995084	2112	96	0	0	16	co_linked	co_linked	2-1	2-1	True	112	0.161	0.136	gain	TP	TP
chr17	79992972	79997005	4033	76	0	0	15	co_linked	co_linked	2-1	2-1	True	91	0.161	0.155	gain	TP	TP
chr17	79992972	79999243	6271	61	0	0	13	co_linked	co_linked	2-1	2-1	True	74	0.161	0.175	gain	TP	TP
chr17	79992972	80009397	16425	30	0	0	5	co_linked	co_linked	2-1	2-1	True	35	0.161	0.16	gain	TP	TP
chr17	79992972	80014711	21739	16	0	0	2	co_linked	co_linked	2-1	2-1	True	18	0.161	0.165	gain	TP	TP
chr17	79992972	80015777	22805	16	0	0	2	co_linked	co_linked	2-1	2-1	True	18	0.161	0.156	gain	TP	TP
chr17	79992972	80020081	27109	9	0	0	1	sparse	co_linked	2-1	2-1	True	10	0.161	0.156	gain	TP	TP
chr17	79992972	80021160	28188	9	0	0	1	sparse	co_linked	2-1	2-1	True	10	0.161	0.167	gain	TP	TP
chr17	79992972	80023538	30566	9	0	0	1	sparse	co_linked	2-1	2-1	True	10	0.161	0.139	gain	TP	TP
chr17	79992972	80027284	34312	6	0	0	1	sparse	co_linked	2-1	2-1	True	7	0.161	0.132	gain	TP	TP
chr17	79992972	80027296	34324	6	0	0	1	sparse	co_linked	2-1	2-1	True	7	0.161	0.125	gain	TP	TP
chr17	79992972	80027500	34528	6	0	0	1	sparse	co_linked	2-1	2-1	True	7	0.161	0.136	gain	TP	TP
chr17	79993553	79994936	1383	96	0	0	17	co_linked	co_linked	2-1	2-1	True	113	0.146	0.155	gain	TP	TP
chr17	79993553	79999239	5686	62	0	0	12	co_linked	co_linked	2-1	2-1	True	74	0.146	0.167	gain	TP	TP
chr17	79993553	80009397	15844	28	0	0	5	co_linked	co_linked	2-1	2-1	True	33	0.146	0.16	gain	TP	TP
chr17	79993553	80014711	21158	15	0	0	2	co_linked	co_linked	2-1	2-1	True	17	0.146	0.165	gain	TP	TP
chr17	79993553	80015777	22224	15	0	0	2	co_linked	co_linked	2-1	2-1	True	17	0.146	0.156	gain	TP	TP
chr17	79993553	80020081	26528	8	0	0	1	sparse	co_linked	2-1	2-1	True	9	0.146	0.156	gain	TP	TP
chr17	79993553	80021160	27607	8	0	0	1	sparse	co_linked	2-1	2-1	True	9	0.146	0.167	gain	TP	TP
chr17	79993553	80023538	29985	8	0	0	1	sparse	co_linked	2-1	2-1	True	9	0.146	0.139	gain	TP	TP
chr17	79993553	80027284	33731	5	0	0	1	sparse	co_linked	2-1	2-1	True	6	0.146	0.132	gain	TP	TP
chr17	79993553	80027296	33743	5	0	0	1	sparse	co_linked	2-1	2-1	True	6	0.146	0.125	gain	TP	TP
chr17	79993553	80027500	33947	5	0	0	1	sparse	co_linked	2-1	2-1	True	6	0.146	0.136	gain	TP	TP
chr17	79994081	80014711	20630	14	0	0	2	co_linked	co_linked	2-1	2-1	True	16	0.154	0.165	gain	TP	TP
chr17	79994081	80014751	20670	15	0	0	2	co_linked	co_linked	2-1	2-1	True	17	0.154	0.171	gain	TP	TP
chr17	79994081	80015777	21696	15	0	0	2	co_linked	co_linked	2-1	2-1	True	17	0.154	0.156	gain	TP	TP
chr17	79994081	80020081	26000	8	0	0	1	sparse	co_linked	2-1	2-1	True	9	0.154	0.156	gain	TP	TP
chr17	79994081	80021160	27079	8	0	0	1	sparse	co_linked	2-1	2-1	True	9	0.154	0.167	gain	TP	TP
chr17	79994081	80023538	29457	8	0	0	1	sparse	co_linked	2-1	2-1	True	9	0.154	0.139	gain	TP	TP
chr17	79994081	80027284	33203	5	0	0	1	sparse	co_linked	2-1	2-1	True	6	0.154	0.132	gain	TP	TP
chr17	79994081	80027296	33215	5	0	0	1	sparse	co_linked	2-1	2-1	True	6	0.154	0.125	gain	TP	TP
chr17	79994081	80027500	33419	5	0	0	1	sparse	co_linked	2-1	2-1	True	6	0.154	0.136	gain	TP	TP
chr17	79994267	80007757	13490	34	0	0	5	co_linked	co_linked	2-1	2-1	True	39	0.144	0.16	gain	TP	TP
chr17	79994936	79997005	2069	85	0	0	14	co_linked	co_linked	2-1	2-1	True	99	0.155	0.155	gain	TP	TP
chr17	79994936	79999239	4303	68	0	0	12	co_linked	co_linked	2-1	2-1	True	80	0.155	0.167	gain	TP	TP
chr17	79994936	79999243	4307	68	0	0	12	co_linked	co_linked	2-1	2-1	True	80	0.155	0.175	gain	TP	TP
chr17	79994936	80009397	14461	33	0	0	5	co_linked	co_linked	2-1	2-1	True	38	0.155	0.16	gain	TP	TP
chr17	79994936	80014711	19775	18	0	0	2	co_linked	co_linked	2-1	2-1	True	20	0.155	0.165	gain	TP	TP
chr17	79994936	80014751	19815	19	0	0	2	co_linked	co_linked	2-1	2-1	True	21	0.155	0.171	gain	TP	TP
chr17	79994936	80015777	20841	19	0	0	2	co_linked	co_linked	2-1	2-1	True	21	0.155	0.156	gain	TP	TP
chr17	79994936	80020081	25145	10	0	0	1	sparse	co_linked	2-1	2-1	True	11	0.155	0.156	gain	TP	TP
chr17	79994936	80021160	26224	10	0	0	1	sparse	co_linked	2-1	2-1	True	11	0.155	0.167	gain	TP	TP
chr17	79994936	80023538	28602	10	0	0	1	sparse	co_linked	2-1	2-1	True	11	0.155	0.139	gain	TP	TP
chr17	79994936	80027284	32348	7	0	0	1	sparse	co_linked	2-1	2-1	True	8	0.155	0.132	gain	TP	TP
chr17	79994936	80027296	32360	7	0	0	1	sparse	co_linked	2-1	2-1	True	8	0.155	0.125	gain	TP	TP
chr17	79994936	80027500	32564	7	0	0	1	sparse	co_linked	2-1	2-1	True	8	0.155	0.136	gain	TP	TP
chr17	79995084	79997005	1921	88	0	0	14	co_linked	co_linked	2-1	2-1	True	102	0.136	0.155	gain	TP	TP
chr17	79995084	79999243	4159	72	0	0	12	co_linked	co_linked	2-1	2-1	True	84	0.136	0.175	gain	TP	TP
chr17	79995084	80009397	14313	34	0	0	5	co_linked	co_linked	2-1	2-1	True	39	0.136	0.16	gain	TP	TP
chr17	79995084	80014711	19627	19	0	0	2	co_linked	co_linked	2-1	2-1	True	21	0.136	0.165	gain	TP	TP
chr17	79995084	80015777	20693	19	0	0	2	co_linked	co_linked	2-1	2-1	True	21	0.136	0.156	gain	TP	TP
chr17	79995084	80020081	24997	10	0	0	1	sparse	co_linked	2-1	2-1	True	11	0.136	0.156	gain	TP	TP
chr17	79995084	80021160	26076	10	0	0	1	sparse	co_linked	2-1	2-1	True	11	0.136	0.167	gain	TP	TP
chr17	79995084	80023538	28454	10	0	0	1	sparse	co_linked	2-1	2-1	True	11	0.136	0.139	gain	TP	TP
chr17	79995084	80027284	32200	7	0	0	1	sparse	co_linked	2-1	2-1	True	8	0.136	0.132	gain	TP	TP
chr17	79995084	80027296	32212	7	0	0	1	sparse	co_linked	2-1	2-1	True	8	0.136	0.125	gain	TP	TP
chr17	79995084	80027500	32416	7	0	0	1	sparse	co_linked	2-1	2-1	True	8	0.136	0.136	gain	TP	TP
chr17	79995249	80014711	19462	19	0	0	2	co_linked	co_linked	2-1	2-1	True	21	0.142	0.165	gain	TP	TP
chr17	79995249	80015777	20528	19	0	0	2	co_linked	co_linked	2-1	2-1	True	21	0.142	0.156	gain	TP	TP
chr17	79995249	80020081	24832	10	0	0	1	sparse	co_linked	2-1	2-1	True	11	0.142	0.156	gain	TP	TP
chr17	79995249	80021160	25911	10	0	0	1	sparse	co_linked	2-1	2-1	True	11	0.142	0.167	gain	TP	TP
chr17	79995249	80023538	28289	10	0	0	1	sparse	co_linked	2-1	2-1	True	11	0.142	0.139	gain	TP	TP
chr17	79995249	80027284	32035	7	0	0	1	sparse	co_linked	2-1	2-1	True	8	0.142	0.132	gain	TP	TP
chr17	79995249	80027296	32047	7	0	0	1	sparse	co_linked	2-1	2-1	True	8	0.142	0.125	gain	TP	TP
chr17	79995249	80027500	32251	7	0	0	1	sparse	co_linked	2-1	2-1	True	8	0.142	0.136	gain	TP	TP
chr17	79996494	79999850	3356	73	0	0	16	co_linked	co_linked	2-1	2-1	True	89	0.168	0.198	gain	TP	TP
chr17	79996494	80014711	18217	22	0	0	3	co_linked	co_linked	2-1	2-1	True	25	0.168	0.165	gain	TP	TP
chr17	79996494	80015777	19283	21	0	0	3	co_linked	co_linked	2-1	2-1	True	24	0.168	0.156	gain	TP	TP
chr17	79996494	80023538	27044	12	0	0	2	co_linked	co_linked	2-1	2-1	True	14	0.168	0.139	gain	TP	TP
chr17	79996494	80027284	30790	8	0	0	2	co_linked	co_linked	2-1	2-1	True	10	0.168	0.132	gain	TP	TP
chr17	79996494	80027296	30802	8	0	0	2	co_linked	co_linked	2-1	2-1	True	10	0.168	0.125	gain	TP	TP
chr17	79996494	80027500	31006	8	0	0	2	co_linked	co_linked	2-1	2-1	True	10	0.168	0.136	gain	TP	TP
chr17	79997005	79999243	2238	83	0	0	18	co_linked	co_linked	2-1	2-1	True	101	0.155	0.175	gain	TP	TP
chr17	79997005	80009397	12392	38	0	0	7	co_linked	co_linked	2-1	2-1	True	45	0.155	0.16	gain	TP	TP
chr17	79997005	80014711	17706	23	0	0	3	co_linked	co_linked	2-1	2-1	True	26	0.155	0.165	gain	TP	TP
chr17	79997005	80015777	18772	21	0	0	3	co_linked	co_linked	2-1	2-1	True	24	0.155	0.156	gain	TP	TP
chr17	79997005	80023538	26533	12	0	0	2	co_linked	co_linked	2-1	2-1	True	14	0.155	0.139	gain	TP	TP
chr17	79997005	80027284	30279	8	0	0	2	co_linked	co_linked	2-1	2-1	True	10	0.155	0.132	gain	TP	TP
chr17	79997005	80027296	30291	8	0	0	2	co_linked	co_linked	2-1	2-1	True	10	0.155	0.125	gain	TP	TP
chr17	79997005	80027500	30495	8	0	0	2	co_linked	co_linked	2-1	2-1	True	10	0.155	0.136	gain	TP	TP
chr17	79999239	80014711	15472	25	0	0	4	co_linked	co_linked	2-1	2-1	True	29	0.167	0.165	gain	TP	TP
chr17	79999239	80015777	16538	23	0	0	4	co_linked	co_linked	2-1	2-1	True	27	0.167	0.156	gain	TP	TP
chr17	79999239	80023538	24299	13	0	0	2	co_linked	co_linked	2-1	2-1	True	15	0.167	0.139	gain	TP	TP
chr17	79999239	80027284	28045	8	0	0	2	co_linked	co_linked	2-1	2-1	True	10	0.167	0.132	gain	TP	TP
chr17	79999239	80027296	28057	8	0	0	2	co_linked	co_linked	2-1	2-1	True	10	0.167	0.125	gain	TP	TP
chr17	79999239	80027500	28261	8	0	0	2	co_linked	co_linked	2-1	2-1	True	10	0.167	0.136	gain	TP	TP
chr17	79999243	80014711	15468	25	0	0	4	co_linked	co_linked	2-1	2-1	True	29	0.175	0.165	gain	TP	TP
chr17	79999243	80015777	16534	23	0	0	4	co_linked	co_linked	2-1	2-1	True	27	0.175	0.156	gain	TP	TP
chr17	79999243	80023538	24295	13	0	0	2	co_linked	co_linked	2-1	2-1	True	15	0.175	0.139	gain	TP	TP
chr17	79999243	80027284	28041	8	0	0	2	co_linked	co_linked	2-1	2-1	True	10	0.175	0.132	gain	TP	TP
chr17	79999243	80027296	28053	8	0	0	2	co_linked	co_linked	2-1	2-1	True	10	0.175	0.125	gain	TP	TP
chr17	79999243	80027500	28257	8	0	0	2	co_linked	co_linked	2-1	2-1	True	10	0.175	0.136	gain	TP	TP
chr17	79999850	80014594	14744	24	0	0	4	co_linked	co_linked	2-1	2-1	True	28	0.198	0.16	gain	TP	TP
chr17	79999850	80014711	14861	25	0	0	4	co_linked	co_linked	2-1	2-1	True	29	0.198	0.165	gain	TP	TP
chr17	79999850	80015777	15927	23	0	0	4	co_linked	co_linked	2-1	2-1	True	27	0.198	0.156	gain	TP	TP
chr17	79999850	80023538	23688	14	0	0	2	co_linked	co_linked	2-1	2-1	True	16	0.198	0.139	gain	TP	TP
chr17	79999850	80027284	27434	9	0	0	2	co_linked	co_linked	2-1	2-1	True	11	0.198	0.132	gain	TP	TP
chr17	79999850	80027296	27446	9	0	0	2	co_linked	co_linked	2-1	2-1	True	11	0.198	0.125	gain	TP	TP
chr17	79999850	80027500	27650	9	0	0	2	co_linked	co_linked	2-1	2-1	True	11	0.198	0.136	gain	TP	TP
chr17	80000548	80027284	26736	10	0	0	2	co_linked	co_linked	2-1	2-1	True	12	0.197	0.132	gain	TP	TP
chr17	80000548	80027296	26748	10	0	0	2	co_linked	co_linked	2-1	2-1	True	12	0.197	0.125	gain	TP	TP
chr17	80003901	80023538	19637	23	0	0	2	co_linked	co_linked	2-1	2-1	True	25	0.174	0.139	gain	TP	TP
chr17	80003901	80027284	23383	16	0	0	2	co_linked	co_linked	2-1	2-1	True	18	0.174	0.132	gain	TP	TP
chr17	80003901	80027296	23395	16	0	0	2	co_linked	co_linked	2-1	2-1	True	18	0.174	0.125	gain	TP	TP
chr17	80003901	80031699	27798	8	0	0	1	sparse	co_linked	2-1	2-1	True	9	0.174	0.12	gain	TP	TP
chr17	80003901	80033852	29951	6	0	0	1	sparse	co_linked	2-1	2-1	True	7	0.174	0.148	gain	TP	TP
chr17	80007757	80027284	19527	23	0	0	2	co_linked	co_linked	2-1	2-1	True	25	0.16	0.132	gain	TP	TP
chr17	80007757	80027296	19539	23	0	0	2	co_linked	co_linked	2-1	2-1	True	25	0.16	0.125	gain	TP	TP
chr17	80007757	80028315	20558	22	0	0	1	sparse	co_linked	2-1	2-1	True	23	0.16	0.109	gain	TP	TP
chr17	80009397	80031699	22302	16	0	0	2	co_linked	co_linked	2-1	2-1	True	18	0.16	0.12	gain	TP	TP
chr17	80009397	80033852	24455	12	0	0	2	co_linked	co_linked	2-1	2-1	True	14	0.16	0.148	gain	TP	TP
chr17	80009397	80042586	33189	5	0	0	1	sparse	co_linked	2-1	2-1	True	6	0.16	0.158	gain	TP	TP
chr17	80009397	80045142	35745	5	0	0	2	co_linked	co_linked	2-1	2-1	True	7	0.16	0.15	gain	TP	TP
chr17	80012945	80031699	18754	22	0	0	2	co_linked	co_linked	2-1	2-1	True	24	0.157	0.12	gain	TP	TP
chr17	80012945	80033852	20907	15	0	0	2	co_linked	co_linked	2-1	2-1	True	17	0.157	0.148	gain	TP	TP
chr17	80012945	80042586	29641	6	0	0	1	sparse	co_linked	2-1	2-1	True	7	0.157	0.158	gain	TP	TP
chr17	80012945	80045142	32197	6	0	0	2	co_linked	co_linked	2-1	2-1	True	8	0.157	0.15	gain	TP	TP
chr17	80012945	80046459	33514	5	0	0	1	sparse	co_linked	2-1	2-1	True	6	0.157	0.176	gain	TP	TP
chr17	80014594	80027284	12690	34	0	0	5	co_linked	co_linked	2-1	2-1	True	39	0.16	0.132	gain	TP	TP
chr17	80014594	80027296	12702	34	0	0	5	co_linked	co_linked	2-1	2-1	True	39	0.16	0.125	gain	TP	TP
chr17	80014594	80031699	17105	24	0	0	3	co_linked	co_linked	2-1	2-1	True	27	0.16	0.12	gain	TP	TP
chr17	80014594	80033852	19258	16	0	0	2	co_linked	co_linked	2-1	2-1	True	18	0.16	0.148	gain	TP	TP
chr17	80014594	80042586	27992	8	0	0	1	sparse	co_linked	2-1	2-1	True	9	0.16	0.158	gain	TP	TP
chr17	80014594	80045142	30548	7	0	0	2	co_linked	co_linked	2-1	2-1	True	9	0.16	0.15	gain	TP	TP
chr17	80014594	80046459	31865	7	0	0	1	sparse	co_linked	2-1	2-1	True	8	0.16	0.176	gain	TP	TP
chr17	80014594	80049598	35004	5	0	0	1	sparse	co_linked	2-1	2-1	True	6	0.16	0.155	gain	TP	TP
chr17	80014594	80050160	35566	5	0	0	1	sparse	co_linked	2-1	2-1	True	6	0.16	0.144	gain	TP	TP
chr17	80014711	80033852	19141	17	0	0	2	co_linked	co_linked	2-1	2-1	True	19	0.165	0.148	gain	TP	TP
chr17	80014711	80042586	27875	8	0	0	1	sparse	co_linked	2-1	2-1	True	9	0.165	0.158	gain	TP	TP
chr17	80014711	80045142	30431	7	0	0	2	co_linked	co_linked	2-1	2-1	True	9	0.165	0.15	gain	TP	TP
chr17	80014711	80046459	31748	7	0	0	1	sparse	co_linked	2-1	2-1	True	8	0.165	0.176	gain	TP	TP
chr17	80014711	80049598	34887	5	0	0	1	sparse	co_linked	2-1	2-1	True	6	0.165	0.155	gain	TP	TP
chr17	80014711	80050160	35449	5	0	0	1	sparse	co_linked	2-1	2-1	True	6	0.165	0.144	gain	TP	TP
chr17	80014751	80027284	12533	33	0	0	5	co_linked	co_linked	2-1	2-1	True	38	0.171	0.132	gain	TP	TP
chr17	80014751	80027296	12545	33	0	0	5	co_linked	co_linked	2-1	2-1	True	38	0.171	0.125	gain	TP	TP
chr17	80014751	80031699	16948	26	0	0	3	co_linked	co_linked	2-1	2-1	True	29	0.171	0.12	gain	TP	TP
chr17	80014751	80033852	19101	18	0	0	2	co_linked	co_linked	2-1	2-1	True	20	0.171	0.148	gain	TP	TP
chr17	80014751	80042586	27835	8	0	0	1	sparse	co_linked	2-1	2-1	True	9	0.171	0.158	gain	TP	TP
chr17	80014751	80045142	30391	7	0	0	2	co_linked	co_linked	2-1	2-1	True	9	0.171	0.15	gain	TP	TP
chr17	80014751	80046459	31708	7	0	0	1	sparse	co_linked	2-1	2-1	True	8	0.171	0.176	gain	TP	TP
chr17	80014751	80049598	34847	5	0	0	1	sparse	co_linked	2-1	2-1	True	6	0.171	0.155	gain	TP	TP
chr17	80014751	80050160	35409	5	0	0	1	sparse	co_linked	2-1	2-1	True	6	0.171	0.144	gain	TP	TP
chr17	80015777	80027284	11507	38	0	0	6	co_linked	co_linked	2-1	2-1	True	44	0.156	0.132	gain	TP	TP
chr17	80015777	80027296	11519	38	0	0	6	co_linked	co_linked	2-1	2-1	True	44	0.156	0.125	gain	TP	TP
chr17	80015777	80031699	15922	26	0	0	3	co_linked	co_linked	2-1	2-1	True	29	0.156	0.12	gain	TP	TP
chr17	80015777	80033852	18075	18	0	0	2	co_linked	co_linked	2-1	2-1	True	20	0.156	0.148	gain	TP	TP
chr17	80015777	80042586	26809	8	0	0	1	sparse	co_linked	2-1	2-1	True	9	0.156	0.158	gain	TP	TP
chr17	80015777	80045142	29365	6	0	0	2	co_linked	co_linked	2-1	2-1	True	8	0.156	0.15	gain	TP	TP
chr17	80015777	80046459	30682	7	0	0	1	sparse	co_linked	2-1	2-1	True	8	0.156	0.176	gain	TP	TP
chr17	80015777	80049598	33821	5	0	0	1	sparse	co_linked	2-1	2-1	True	6	0.156	0.155	gain	TP	TP
chr17	80015777	80050160	34383	5	0	0	1	sparse	co_linked	2-1	2-1	True	6	0.156	0.144	gain	TP	TP
chr17	80020081	80021160	1079	104	0	0	21	co_linked	co_linked	2-1	2-1	True	125	0.156	0.167	gain	TP	TP
chr17	80020081	80042586	22505	15	0	0	1	sparse	co_linked	2-1	2-1	True	16	0.156	0.158	gain	TP	TP
chr17	80020081	80046459	26378	11	0	0	1	sparse	co_linked	2-1	2-1	True	12	0.156	0.176	gain	TP	TP
chr17	80020081	80049598	29517	8	0	0	1	sparse	co_linked	2-1	2-1	True	9	0.156	0.155	gain	TP	TP
chr17	80020081	80050160	30079	8	0	0	1	sparse	co_linked	2-1	2-1	True	9	0.156	0.144	gain	TP	TP
chr17	80020081	80052870	32789	6	0	0	1	sparse	co_linked	2-1	2-1	True	7	0.156	0.166	gain	TP	TP
chr17	80021160	80042586	21426	19	0	0	3	co_linked	co_linked	2-1	2-1	True	22	0.167	0.158	gain	TP	TP
chr17	80021160	80046459	25299	14	0	0	2	co_linked	co_linked	2-1	2-1	True	16	0.167	0.176	gain	TP	TP
chr17	80021160	80049598	28438	10	0	0	2	co_linked	co_linked	2-1	2-1	True	12	0.167	0.155	gain	TP	TP
chr17	80021160	80050160	29000	11	0	0	2	co_linked	co_linked	2-1	2-1	True	13	0.167	0.144	gain	TP	TP
chr17	80021160	80052870	31710	7	0	0	2	co_linked	co_linked	2-1	2-1	True	9	0.167	0.166	gain	TP	TP
chr17	80023538	80027284	3746	80	0	0	13	co_linked	co_linked	2-1	2-1	True	93	0.139	0.132	gain	TP	TP
chr17	80023538	80031699	8161	56	0	0	7	co_linked	co_linked	2-1	2-1	True	63	0.139	0.12	gain	TP	TP
chr17	80023538	80033852	10314	45	0	0	6	co_linked	co_linked	2-1	2-1	True	51	0.139	0.148	gain	TP	TP
chr17	80023538	80042586	19048	26	0	0	3	co_linked	co_linked	2-1	2-1	True	29	0.139	0.158	gain	TP	TP
chr17	80023538	80045142	21604	21	0	0	3	co_linked	co_linked	2-1	2-1	True	24	0.139	0.15	gain	TP	TP
chr17	80023538	80046459	22921	21	0	0	2	co_linked	co_linked	2-1	2-1	True	23	0.139	0.176	gain	TP	TP
chr17	80023538	80049598	26060	17	0	0	2	co_linked	co_linked	2-1	2-1	True	19	0.139	0.155	gain	TP	TP
chr17	80023538	80050160	26622	18	0	0	2	co_linked	co_linked	2-1	2-1	True	20	0.139	0.144	gain	TP	TP
chr17	80023538	80052870	29332	14	0	0	2	co_linked	co_linked	2-1	2-1	True	16	0.139	0.166	gain	TP	TP
chr17	80027284	80031699	4415	72	0	0	10	co_linked	co_linked	2-1	2-1	True	82	0.132	0.12	gain	TP	TP
chr17	80027284	80033852	6568	59	0	0	8	co_linked	co_linked	2-1	2-1	True	67	0.132	0.148	gain	TP	TP
chr17	80027284	80042586	15302	30	0	0	5	co_linked	co_linked	2-1	2-1	True	35	0.132	0.158	gain	TP	TP
chr17	80027284	80045142	17858	24	0	0	5	co_linked	co_linked	2-1	2-1	True	29	0.132	0.15	gain	TP	TP
chr17	80027284	80046459	19175	24	0	0	4	co_linked	co_linked	2-1	2-1	True	28	0.132	0.176	gain	TP	TP
chr17	80027284	80050160	22876	20	0	0	3	co_linked	co_linked	2-1	2-1	True	23	0.132	0.144	gain	TP	TP
chr17	80027284	80052870	25586	16	0	0	3	co_linked	co_linked	2-1	2-1	True	19	0.132	0.166	gain	TP	TP
chr17	80027296	80042586	15290	30	0	0	5	co_linked	co_linked	2-1	2-1	True	35	0.125	0.158	gain	TP	TP
chr17	80027296	80045142	17846	24	0	0	5	co_linked	co_linked	2-1	2-1	True	29	0.125	0.15	gain	TP	TP
chr17	80027296	80046459	19163	24	0	0	4	co_linked	co_linked	2-1	2-1	True	28	0.125	0.176	gain	TP	TP
chr17	80027296	80050160	22864	20	0	0	3	co_linked	co_linked	2-1	2-1	True	23	0.125	0.144	gain	TP	TP
chr17	80027296	80052870	25574	16	0	0	3	co_linked	co_linked	2-1	2-1	True	19	0.125	0.166	gain	TP	TP
chr17	80027500	80031699	4199	72	0	0	10	co_linked	co_linked	2-1	2-1	True	82	0.136	0.12	gain	TP	TP
chr17	80027500	80033852	6352	59	0	0	8	co_linked	co_linked	2-1	2-1	True	67	0.136	0.148	gain	TP	TP
chr17	80027500	80042586	15086	30	0	0	5	co_linked	co_linked	2-1	2-1	True	35	0.136	0.158	gain	TP	TP
chr17	80027500	80045142	17642	24	0	0	5	co_linked	co_linked	2-1	2-1	True	29	0.136	0.15	gain	TP	TP
chr17	80027500	80046459	18959	24	0	0	4	co_linked	co_linked	2-1	2-1	True	28	0.136	0.176	gain	TP	TP
chr17	80027500	80050160	22660	20	0	0	3	co_linked	co_linked	2-1	2-1	True	23	0.136	0.144	gain	TP	TP
chr17	80027500	80052870	25370	16	0	0	3	co_linked	co_linked	2-1	2-1	True	19	0.136	0.166	gain	TP	TP
chr17	80028315	80049598	21283	22	0	0	3	co_linked	co_linked	2-1	2-1	True	25	0.109	0.155	gain	TP	TP
chr17	80028315	80050160	21845	22	0	0	3	co_linked	co_linked	2-1	2-1	True	25	0.109	0.144	gain	TP	TP
chr17	80028315	80052870	24555	17	0	0	3	co_linked	co_linked	2-1	2-1	True	20	0.109	0.166	gain	TP	TP
chr17	80031699	80033852	2153	81	0	0	10	co_linked	co_linked	2-1	2-1	True	91	0.12	0.148	gain	TP	TP
chr17	80031699	80042586	10887	41	0	0	7	co_linked	co_linked	2-1	2-1	True	48	0.12	0.158	gain	TP	TP
chr17	80031699	80045142	13443	33	0	0	6	co_linked	co_linked	2-1	2-1	True	39	0.12	0.15	gain	TP	TP
chr17	80031699	80046459	14760	33	0	0	5	co_linked	co_linked	2-1	2-1	True	38	0.12	0.176	gain	TP	TP
chr17	80031699	80050160	18461	26	0	0	4	co_linked	co_linked	2-1	2-1	True	30	0.12	0.144	gain	TP	TP
chr17	80031699	80052870	21171	21	0	0	4	co_linked	co_linked	2-1	2-1	True	25	0.12	0.166	gain	TP	TP
chr17	80033852	80050160	16308	31	0	0	8	co_linked	co_linked	2-1	2-1	True	39	0.148	0.144	gain	TP	TP
chr17	80033852	80052870	19018	25	0	0	6	co_linked	co_linked	2-1	2-1	True	31	0.148	0.166	gain	TP	TP
chr17	80042586	80072099	29513	9	0	0	1	sparse	co_linked	2-1	2-1	True	10	0.158	0.209	gain	TP	TP
chr17	80042586	80072284	29698	11	0	0	1	sparse	co_linked	2-1	2-1	True	12	0.158	0.219	gain	TP	TP
chr17	80045142	80072284	27142	15	0	0	2	co_linked	co_linked	2-1	2-1	True	17	0.15	0.219	gain	TP	TP
chr17	80046459	80072284	25825	21	0	0	3	co_linked	co_linked	2-1	2-1	True	24	0.176	0.219	gain	TP	TP
chr17	80049598	80072284	22686	25	0	0	4	co_linked	co_linked	2-1	2-1	True	29	0.155	0.219	gain	TP	TP
chr17	82292341	82304343	12002	47	0	0	10	co_linked	co_linked	2-1	2-1	True	57	0.18	0.216	loh	TP	TP
chr22	22816392	22818799	2407	44	0	0	68	co_linked	co_linked	1-1	1-1	True	112	0.583	0.593	gain	TP	TP
chr22	22816742	22848614	31872	3	0	0	3	co_linked	co_linked	1-1	1-1	True	6	0.581	0.415	gain	TP	TP
chr22	22817936	22848614	30678	3	0	0	3	co_linked	co_linked	1-1	1-1	True	6	0.617	0.415	gain	TP	TP
chr22	22818223	22848614	30391	4	0	0	3	co_linked	co_linked	1-1	1-1	True	7	0.574	0.415	gain	TP	TP
chr22	22818799	22848614	29815	4	0	0	3	co_linked	co_linked	1-1	1-1	True	7	0.593	0.415	gain	TP	TP
chr22	22818805	22821823	3018	47	0	0	57	co_linked	co_linked	3	3	True	104	0.569	0.59	gain	TP	TP
chr22	22818805	22824726	5921	38	0	0	51	co_linked	co_linked	3	3	True	89	0.569	0.58	gain	TP	TP
chr22	22818805	22825895	7090	32	0	0	44	co_linked	co_linked	3	3	True	76	0.569	0.588	gain	TP	TP
chr22	22818805	22826381	7576	30	0	0	42	co_linked	co_linked	3	3	True	72	0.569	0.585	gain	TP	TP
chr22	22818805	22829095	10290	22	0	0	34	co_linked	co_linked	3	3	True	56	0.569	0.531	gain	TP	TP
chr22	22818805	22829558	10753	22	0	0	34	co_linked	co_linked	3	3	True	56	0.569	0.538	gain	TP	TP
chr22	22818805	22835697	16892	13	0	0	22	co_linked	co_linked	3	3	True	35	0.569	0.524	gain	TP	TP
chr22	22818805	22836377	17572	12	0	0	17	co_linked	co_linked	3	3	True	29	0.569	0.444	gain	TP	TP
chr22	22818805	22836523	17718	11	0	0	19	co_linked	co_linked	3	3	True	30	0.569	0.525	gain	TP	TP
chr22	22818805	22837001	18196	12	0	0	18	co_linked	co_linked	3	3	True	30	0.569	0.469	gain	TP	TP
chr22	22818805	22837081	18276	11	0	0	18	co_linked	co_linked	3	3	True	29	0.569	0.477	gain	TP	TP
chr22	22821823	22824726	2903	44	0	0	60	co_linked	co_linked	3	3	True	104	0.59	0.58	gain	TP	TP
chr22	22821823	22826381	4558	35	0	0	48	co_linked	co_linked	3	3	True	83	0.59	0.585	gain	TP	TP
chr22	22821823	22827408	5585	31	0	0	44	co_linked	co_linked	3	3	True	75	0.59	0.55	gain	TP	TP
chr22	22821823	22829095	7272	26	0	0	34	co_linked	co_linked	3	3	True	60	0.59	0.531	gain	TP	TP
chr22	22821823	22829558	7735	26	0	0	34	co_linked	co_linked	3	3	True	60	0.59	0.538	gain	TP	TP
chr22	22821823	22835697	13874	16	0	0	24	co_linked	co_linked	3	3	True	40	0.59	0.524	gain	TP	TP
chr22	22821823	22836377	14554	15	0	0	20	co_linked	co_linked	3	3	True	35	0.59	0.444	gain	TP	TP
chr22	22821823	22836523	14700	14	0	0	20	co_linked	co_linked	3	3	True	34	0.59	0.525	gain	TP	TP
chr22	22821823	22837001	15178	15	0	0	19	co_linked	co_linked	3	3	True	34	0.59	0.469	gain	TP	TP
chr22	22821823	22837081	15258	14	0	0	19	co_linked	co_linked	3	3	True	33	0.59	0.477	gain	TP	TP
chr22	22824726	22829558	4832	38	0	0	43	co_linked	co_linked	3	3	True	81	0.58	0.538	gain	TP	TP
chr22	22824726	22836377	11651	24	0	0	22	co_linked	co_linked	3	3	True	46	0.58	0.444	gain	TP	TP
chr22	22824726	22837001	12275	24	0	0	23	co_linked	co_linked	3	3	True	47	0.58	0.469	gain	TP	TP
chr22	22824726	22837081	12355	22	0	0	23	co_linked	co_linked	3	3	True	45	0.58	0.477	gain	TP	TP
chr22	22825895	22829558	3663	40	0	0	52	co_linked	co_linked	3	3	True	92	0.588	0.538	gain	TP	TP
chr22	22825895	22837001	11106	26	0	0	29	co_linked	co_linked	3	3	True	55	0.588	0.469	gain	TP	TP
chr22	22825895	22837081	11186	23	0	0	29	co_linked	co_linked	3	3	True	52	0.588	0.477	gain	TP	TP
chr22	22826360	22837001	10641	27	0	0	28	co_linked	co_linked	3	3	True	55	0.56	0.469	gain	TP	TP
chr22	22826360	22837081	10721	24	0	0	28	co_linked	co_linked	3	3	True	52	0.56	0.477	gain	TP	TP
chr22	22826381	22837001	10620	26	0	0	29	co_linked	co_linked	3	3	True	55	0.585	0.469	gain	TP	TP
chr22	22826381	22837081	10700	23	0	0	29	co_linked	co_linked	3	3	True	52	0.585	0.477	gain	TP	TP
chr22	22827549	22836523	8974	28	0	0	31	co_linked	co_linked	3	3	True	59	0.574	0.525	gain	TP	TP
chr22	22827549	22837001	9452	29	0	0	30	co_linked	co_linked	3	3	True	59	0.574	0.469	gain	TP	TP
chr22	22827549	22837081	9532	27	0	0	30	co_linked	co_linked	3	3	True	57	0.574	0.477	gain	TP	TP
chr22	22829558	22837001	7443	39	0	0	34	co_linked	co_linked	3	3	True	73	0.538	0.469	gain	TP	TP
chr22	22829558	22837081	7523	36	0	0	34	co_linked	co_linked	3	3	True	70	0.538	0.477	gain	TP	TP
chr22	22830309	22837001	6692	42	0	0	37	co_linked	co_linked	3	3	True	79	0.526	0.469	gain	TP	TP
chr22	22830309	22837081	6772	39	0	0	37	co_linked	co_linked	3	3	True	76	0.526	0.477	gain	TP	TP
chr22	22836523	22880028	43505	3	0	0	3	co_linked	co_linked	3	3	True	6	0.525	0.544	gain	TP	TP
chr22	22836523	22880306	43783	3	0	0	3	co_linked	co_linked	3	3	True	6	0.525	0.566	gain	TP	TP
chr22	22837081	22880028	42947	5	0	0	3	co_linked	co_linked	3	3	True	8	0.477	0.544	gain	TP	TP
chr22	22837081	22880306	43225	5	0	0	3	co_linked	co_linked	3	3	True	8	0.477	0.566	gain	TP	TP
chr22	22837081	22881081	44000	5	0	0	1	sparse	co_linked	3	3	True	6	0.477	0.545	gain	TP	TP
chr22	22837081	22881098	44017	5	0	0	2	co_linked	co_linked	3	3	True	7	0.477	0.592	gain	TP	TP
chr22	22837081	22883190	46109	5	0	0	1	sparse	co_linked	3	3	True	6	0.477	0.592	gain	TP	TP
chr22	22837081	22885356	48275	5	0	0	1	sparse	co_linked	3	3	True	6	0.477	0.574	gain	TP	TP
chr22	23062175	23091709	29534	3	0	0	3	co_linked	co_linked	1-1	1-1	True	6	0.42	0.392	gain	TP	TP
chr22	23397367	23405540	8173	55	0	0	13	co_linked	co_linked	2-1	2-1	True	68	0.197	0.184	gain	TP	TP
chr22	23421352	23426573	5221	41	0	0	49	co_linked	co_linked	2-1	2-1	True	90	0.538	0.606	gain	TP	TP
chr22	24308730	24324120	15390	17	0	0	21	co_linked	co_linked	1-1	1-1	True	38	0.355	0.458	gain	TP	TP
chr22	24433061	24461758	28697	6	0	0	2	co_linked	co_linked	2-1	2-1	True	8	0.45	0.565	gain	TP	TP
chr22	27718442	27761963	43521	4	0	0	2	co_linked	co_linked	2-1	2-1	True	6	0.424	0.389	gain	TP	TP
chr22	29128268	29141977	13709	23	0	0	18	co_linked	co_linked	2-1	2-1	True	41	0.548	0.559	gain	TP	TP
chr22	29759529	29783465	23936	12	0	0	5	co_linked	co_linked	1-1	1-1	True	17	0.392	0.379	gain	TP	TP
chr22	30151637	30191136	39499	6	0	0	3	co_linked	co_linked	2-1	2-1	True	9	0.217	0.289	gain	TP	TP
chr22	30404924	30404925	1	58	0	0	72	co_linked	co_linked	2-1	2-1	True	130	0.545	0.554	gain	TP	TP
chr22	30730066	30758141	28075	7	0	0	5	co_linked	co_linked	1-1	1-1	True	12	0.415	0.344	gain	TP	TP
chr22	31780328	31799735	19407	23	0	0	9	co_linked	co_linked	1-1	1-1	True	32	0.284	0.336	gain	TP	TP
chr22	32895746	32914758	19012	8	0	0	9	co_linked	co_linked	1-1	1-1	True	17	0.329	0.368	gain	TP	TP
chr22	36623439	36656115	32676	4	0	0	4	co_linked	co_linked	1-1	1-1	True	8	0.63	0.591	gain	TP	TP
chr22	36763471	36798113	34642	2	0	0	4	co_linked	co_linked	1-1	1-1	True	6	0.582	0.588	gain	TP	TP
chr22	36942931	36973975	31044	4	0	0	5	co_linked	co_linked	1-1	1-1	True	9	0.582	0.432	gain	TP	TP
chr22	37234856	37260989	26133	9	0	0	2	co_linked	co_linked	1-1	1-1	True	11	0.187	0.125	gain	TP	TP
chr22	39885417	39903153	17736	22	0	0	3	co_linked	co_linked	2-1	2-1	True	25	0.221	0.276	gain	TP	TP
chr22	40718685	40719331	646	77	0	0	27	co_linked	co_linked	1-1	1-1	True	104	0.265	0.276	gain	TP	TP
chr22	44570681	44570682	1	56	0	0	63	co_linked	co_linked	2-1	2-1	True	119	0.508	0.529	gain	TP	TP
chr22	46257699	46264088	6389	42	0	0	10	co_linked	co_linked	2-1	2-1	True	52	0.208	0.231	gain	TP	TP
chr22	46521933	46531116	9183	43	0	0	13	co_linked	co_linked	2-1	2-1	True	56	0.255	0.192	gain	TP	TP
chr22	49297562	49330869	33307	5	0	0	1	sparse	co_linked	2-1	2-1	True	6	0.158	0.168	gain	TP	TP
chr22	50252414	50281816	29402	4	0	0	3	co_linked	co_linked	1-1	1-1	True	7	0.238	0.207	loh	TP	TP
chr3	174641	199347	24706	0	0	0	17	co_linked	co_linked	2-1	2-1	True	17	0.986	0.989	gain	TP	TP
chr3	7073319	7073320	1	65	0	0	23	co_linked	co_linked	2-1	2-1	True	88	0.261	0.261	gain	TP	TP
chr3	9575070	9601134	26064	0	0	0	10	co_linked	co_linked	2-1	2-1	True	10	0.967	0.961	gain	TP	TP
chr3	10974377	10987098	12721	0	0	0	27	co_linked	co_linked	2-1	2-1	True	27	0.978	0.95	gain	TP	TP
chr3	11508986	11528192	19206	0	0	0	14	co_linked	co_linked	1-1	1-1	True	14	0.976	0.943	gain	TP	TP
chr3	17683154	17683155	1	58	0	0	26	co_linked	co_linked	2-1	2-1	True	84	0.31	0.314	gain	TP	TP
chr3	21074778	21090737	15959	0	0	0	19	co_linked	co_linked	1-1	1-1	True	19	0.988	0.953	gain	TP	TP
chr3	21074778	21104651	29873	0	0	0	7	co_linked	co_linked	1-1	1-1	True	7	0.988	0.989	gain	TP	TP
chr3	22168112	22192665	24553	0	0	0	6	co_linked	co_linked	1-1	1-1	True	6	0.976	0.97	gain	TP	TP
chr3	25207815	25235072	27257	0	0	0	6	co_linked	co_linked	1-1	1-1	True	6	0.971	0.952	gain	TP	TP
chr3	28147471	28163076	15605	2	0	0	18	co_linked	co_linked	2-1	2-1	True	20	0.943	0.952	gain	TP	TP
chr3	28860937	28875475	14538	0	0	0	8	co_linked	co_linked	1-1	1-1	True	8	0.981	0.984	gain	TP	TP
chr3	28869952	28875475	5523	0	0	0	37	co_linked	co_linked	1-1	1-1	True	37	0.987	0.984	gain	TP	TP
chr3	30668461	30689060	20599	0	0	0	11	co_linked	co_linked	2-1	2-1	True	11	0.938	0.987	gain	TP	TP
chr3	31517016	31536938	19922	2	0	0	10	co_linked	co_linked	2-1	2-1	True	12	0.916	0.947	gain	TP	TP
chr3	39514207	39529446	15239	0	0	0	21	co_linked	co_linked	2-1	2-1	True	21	0.975	0.95	gain	TP	TP
chr3	41397025	41417057	20032	0	0	0	14	co_linked	co_linked	1-1	1-1	True	14	0.987	0.932	gain	TP	TP
chr3	42409801	42424841	15040	0	0	0	30	co_linked	co_linked	2-1	2-1	True	30	0.989	0.982	gain	TP	TP
chr3	45347402	45369406	22004	0	0	0	18	co_linked	co_linked	2-1	2-1	True	18	0.987	0.968	gain	TP	TP
chr3	56009704	56041117	31413	0	0	0	7	co_linked	co_linked	2-1	2-1	True	7	0.93	0.967	gain	TP	TP
chr3	58204923	58210852	5929	0	0	0	25	co_linked	co_linked	1-1	1-1	True	25	0.977	0.979	loh	TP	TP
chr3	59794636	59798636	4000	45	0	0	4	co_linked	co_linked	2-1	2-1	True	49	0.083	0.066	loh	FP	FP
chr3	59794636	59802951	8315	26	0	0	4	co_linked	co_linked	2-1	2-1	True	30	0.083	0.066	loh	FP	FP
chr3	59798636	59802951	4315	36	0	0	4	co_linked	co_linked	2-1	2-1	True	40	0.066	0.066	loh	FP	FP
chr3	63209908	63224796	14888	0	0	0	26	co_linked	co_linked	1-1	1-1	True	26	0.974	0.918	loh	TP	TP
chr3	63210753	63224796	14043	0	0	0	26	co_linked	co_linked	1-1	1-1	True	26	0.963	0.918	loh	TP	TP
chr3	63274888	63287093	12205	8	0	0	14	co_linked	co_linked	1-1	1-1	True	22	0.571	0.525	loh	TP	TP
chr3	63274888	63287099	12211	9	0	0	14	co_linked	co_linked	1-1	1-1	True	23	0.571	0.525	loh	TP	TP
chr3	67102185	67123370	21185	0	0	0	12	co_linked	co_linked	1-1	1-1	True	12	1.0	0.969	loh	TP	TP
chr3	68286320	68308341	22021	0	0	0	13	co_linked	co_linked	1-1	1-1	True	13	0.95	0.964	loh	TP	TP
chr3	68637840	68638665	825	44	0	0	4	co_linked	co_linked	2-1	2-1	True	48	0.096	0.07	loh	FP	FP
chr3	68637840	68639759	1919	38	0	0	5	co_linked	co_linked	2-1	2-1	True	43	0.096	0.094	loh	FP	FP
chr3	68638665	68639759	1094	44	0	0	4	co_linked	co_linked	2-1	2-1	True	48	0.07	0.094	loh	FP	FP
chr3	68658490	68658829	339	45	0	0	6	co_linked	co_linked	1-1	1-1	True	51	0.115	0.111	loh	FP	FP
chr3	70654205	70655819	1614	51	0	0	3	co_linked	co_linked	2-1	2-1	True	54	0.051	0.065	loh	FP	FP
chr3	70754924	70784211	29287	9	0	0	2	co_linked	co_linked	2-1	2-1	True	11	0.054	0.057	loh	FP	FP
chr3	71010553	71011474	921	43	0	0	49	co_linked	co_linked	2-1	2-1	True	92	0.553	0.545	neutral	TP	TP
chr3	71327987	71327997	10	47	0	0	49	co_linked	co_linked	2-1	2-1	True	96	0.51	0.505	neutral	TP	TP
chr3	71327987	71328545	558	44	0	0	41	co_linked	co_linked	2-1	2-1	True	85	0.51	0.478	neutral	TP	TP
chr3	71327997	71328545	548	44	0	0	41	co_linked	co_linked	2-1	2-1	True	85	0.505	0.478	neutral	TP	TP
chr3	74151680	74152226	546	47	0	0	56	co_linked	co_linked	2-1	2-1	True	103	0.541	0.54	gain	TP	TP
chr3	74635780	74676328	40548	5	0	0	1	sparse	co_linked	2-1	2-1	True	6	0.445	0.404	gain	TP	TP
chr3	75758715	75785035	26320	6	0	0	1	sparse	co_linked	1-1	1-1	True	7	0.19	0.14	loh	FP	FP
chr3	75760136	75785035	24899	6	0	0	2	co_linked	co_linked	1-1	1-1	True	8	0.229	0.14	loh	FP	FP
chr3	75760453	75785035	24582	6	0	0	2	co_linked	co_linked	1-1	1-1	True	8	0.232	0.14	loh	FP	FP
chr3	77729662	77730448	786	40	0	0	4	co_linked	co_linked	2-1	2-1	True	44	0.082	0.091	loh	FP	FP
chr3	78935489	78940888	5399	43	0	0	31	co_linked	co_linked	1-1	1-1	True	74	0.429	0.465	gain	TP	TP
chr3	78935489	78941779	6290	43	0	0	31	co_linked	co_linked	1-1	1-1	True	74	0.429	0.443	gain	TP	TP
chr3	78935489	78942061	6572	40	0	0	31	co_linked	co_linked	1-1	1-1	True	71	0.429	0.425	gain	TP	TP
chr3	78935489	78942101	6612	40	0	0	30	co_linked	co_linked	1-1	1-1	True	70	0.429	0.424	gain	TP	TP
chr3	78935489	78942348	6859	39	0	0	30	co_linked	co_linked	1-1	1-1	True	69	0.429	0.444	gain	TP	TP
chr3	78940888	78941779	891	61	0	0	51	co_linked	co_linked	1-1	1-1	True	112	0.465	0.443	gain	TP	TP
chr3	78940888	78942348	1460	55	0	0	45	co_linked	co_linked	1-1	1-1	True	100	0.465	0.444	gain	TP	TP
chr3	78941779	78942348	569	67	0	0	51	co_linked	co_linked	1-1	1-1	True	118	0.443	0.444	gain	TP	TP
chr3	85308348	85346016	37668	3	0	0	4	co_linked	co_linked	1-1	1-1	True	7	0.32	0.25	gain	TP	TP
chr3	89116986	89134314	17328	15	0	0	18	co_linked	co_linked	2-1	2-1	True	33	0.555	0.449	gain	TP	TP
chr3	96520681	96535262	14581	0	0	0	16	co_linked	co_linked	1-1	1-1	True	16	0.983	0.957	loh	TP	TP
chr3	97100721	97101335	614	51	0	0	4	co_linked	co_linked	1-1	1-1	True	55	0.078	0.071	loh	FP	FP
chr3	98005803	98013994	8191	19	0	0	2	co_linked	co_linked	1-1	1-1	True	21	0.06	0.057	loh	FP	FP
chr3	98005803	98015639	9836	16	0	0	2	co_linked	co_linked	1-1	1-1	True	18	0.06	0.039	loh	FP	FP
chr3	98281075	98281320	245	55	0	0	4	co_linked	co_linked	1-1	1-1	True	59	0.068	0.066	loh	FP	FP
chr3	99026538	99052060	25522	1	0	0	5	co_linked	co_linked	2-1	2-1	True	6	0.907	0.963	loh	TP	TP
chr3	100394767	100405268	10501	22	0	0	2	co_linked	co_linked	1-1	1-1	True	24	0.07	0.075	loh	FP	FP
chr3	102491175	102493406	2231	42	0	0	6	co_linked	co_linked	2-1	2-1	True	48	0.104	0.117	loh	FP	FP
chr3	103333342	103339516	6174	0	0	0	22	co_linked	co_linked	1-1	1-1	True	22	1.0	0.923	loh	TP	TP
chr3	103335747	103339516	3769	0	0	0	25	co_linked	co_linked	1-1	1-1	True	25	0.973	0.923	loh	TP	TP
chr3	106562961	106563024	63	65	0	0	5	co_linked	co_linked	1-1	1-1	True	70	0.069	0.071	loh	FP	FP
chr3	106930590	106946327	15737	0	0	0	19	co_linked	co_linked	2-1	2-1	True	19	0.978	0.981	loh	TP	TP
chr3	106931850	106946327	14477	0	0	0	20	co_linked	co_linked	2-1	2-1	True	20	1.0	0.981	loh	TP	TP
chr3	107131906	107163292	31386	0	0	0	7	co_linked	co_linked	2-1	2-1	True	7	1.0	0.878	loh	TP	TP
chr3	107594133	107594403	270	39	0	0	4	co_linked	co_linked	2-1	2-1	True	43	0.085	0.087	loh	FP	FP
chr3	111042426	111043159	733	54	0	0	3	co_linked	co_linked	3	3	True	57	0.05	0.048	loh	FP	FP
chr3	114322688	114337047	14359	0	0	0	12	co_linked	co_linked	1-1	1-1	True	12	1.0	0.962	loh	TP	TP
chr3	115262170	115279580	17410	0	0	0	9	co_linked	co_linked	2-1	2-1	True	9	0.95	0.968	loh	TP	TP
chr3	121530539	121540769	10230	0	0	0	23	co_linked	co_linked	1-1	1-1	True	23	0.944	0.945	loh	TP	TP
chr3	121841376	121842653	1277	48	0	0	4	co_linked	co_linked	1-1	1-1	True	52	0.059	0.086	loh	FP	FP
chr3	124404621	124410533	5912	24	0	0	3	co_linked	co_linked	2-1	2-1	True	27	0.077	0.073	loh	FP	FP
chr3	126806293	126820819	14526	9	0	0	3	co_linked	co_linked	2-1	2-1	True	12	0.163	0.058	loh	FP	FP
chr3	126808994	126820819	11825	13	0	0	3	co_linked	co_linked	2-1	2-1	True	16	0.061	0.058	loh	FP	FP
chr3	129418888	129426418	7530	35	0	0	25	co_linked	co_linked	1-1	1-1	True	60	0.422	0.4	loh	TP	TP
chr3	129645432	129662008	16576	18	0	0	7	co_linked	co_linked	1-1	1-1	True	25	0.223	0.234	gain	TP	TP
chr3	131113525	131124695	11170	39	0	0	6	co_linked	co_linked	3	3	True	45	0.193	0.192	gain	TP	TP
chr3	131591061	131622410	31349	5	0	0	4	co_linked	co_linked	1-1	1-1	True	9	0.515	0.217	gain	TP	TP
chr3	132030904	132056771	25867	6	0	0	10	co_linked	co_linked	1-1	1-1	True	16	0.584	0.509	gain	TP	TP
chr3	132803669	132831908	28239	7	0	0	14	co_linked	co_linked	1-1	1-1	True	21	0.484	0.586	gain	TP	TP
chr3	138878093	138881302	3209	32	0	0	50	co_linked	co_linked	2-1	2-1	True	82	0.584	0.624	gain	TP	TP
chr3	140234024	140256229	22205	12	0	0	9	co_linked	co_linked	1-1	1-1	True	21	0.622	0.533	gain	TP	TP
chr3	141157281	141183337	26056	6	0	0	10	co_linked	co_linked	2-1	2-1	True	16	0.539	0.578	gain	TP	TP
chr3	143052286	143078345	26059	2	0	0	6	co_linked	co_linked	2-1	2-1	True	8	0.571	0.505	gain	TP	TP
chr3	143065247	143096987	31740	2	0	0	8	co_linked	co_linked	2-1	2-1	True	10	0.602	0.593	gain	TP	TP
chr3	143073810	143104381	30571	3	0	0	5	co_linked	co_linked	2-1	2-1	True	8	0.475	0.468	gain	TP	TP
chr3	143078345	143104381	26036	5	0	0	6	co_linked	co_linked	2-1	2-1	True	11	0.505	0.468	gain	TP	TP
chr3	143096987	143118631	21644	3	0	0	5	co_linked	co_linked	2-1	2-1	True	8	0.593	0.395	gain	TP	TP
chr3	143104381	143131827	27446	3	0	0	4	co_linked	co_linked	2-1	2-1	True	7	0.468	0.44	gain	TP	TP
chr3	145215472	145224563	9091	39	0	0	6	co_linked	co_linked	2-1	2-1	True	45	0.222	0.194	gain	TP	TP
chr3	147529390	147554543	25153	10	0	0	3	co_linked	co_linked	2-1	2-1	True	13	0.224	0.296	gain	TP	TP
chr3	150127230	150127231	1	93	0	0	23	co_linked	co_linked	2-1	2-1	True	116	0.197	0.203	gain	FP	FP
chr3	150977098	150977099	1	3	0	0	105	co_linked	co_linked	2-1	2-1	True	108	0.973	0.921	gain	TP	TP
chr3	153673408	153685644	12236	24	0	0	16	co_linked	co_linked	1-1	1-1	True	40	0.456	0.5	gain	TP	TP
chr3	154687546	154687547	1	2	0	0	73	co_linked	co_linked	2-1	2-1	True	75	0.974	0.973	gain	TP	TP
chr3	156325423	156328148	2725	59	0	0	15	co_linked	co_linked	1-1	1-1	True	74	0.192	0.225	gain	TP	TP
chr3	157355541	157381702	26161	9	0	0	2	co_linked	co_linked	2-1	2-1	True	11	0.242	0.195	gain	TP	TP
chr3	159574602	159598380	23778	2	0	0	7	co_linked	co_linked	2-1	2-1	True	9	0.482	0.472	gain	TP	TP
chr3	159656750	159658507	1757	30	0	0	38	co_linked	co_linked	1-1	1-1	True	68	0.534	0.584	gain	TP	TP
chr3	160215425	160244146	28721	5	0	0	5	co_linked	co_linked	2-1	2-1	True	10	0.241	0.224	gain	TP	TP
chr3	162428876	162438192	9316	22	0	0	2	co_linked	co_linked	2-1	2-1	True	24	0.07	0.054	loh	FP	FP
chr3	162428876	162438875	9999	19	0	0	2	co_linked	co_linked	2-1	2-1	True	21	0.07	0.051	loh	FP	FP
chr3	162438192	162438875	683	47	0	0	3	co_linked	co_linked	2-1	2-1	True	50	0.054	0.051	loh	FP	FP
chr3	164265945	164277754	11809	0	0	0	23	co_linked	co_linked	2-1	2-1	True	23	1.0	1.0	loh	TP	TP
chr3	168092778	168108085	15307	11	0	0	2	co_linked	co_linked	1-1	1-1	True	13	0.114	0.163	neutral	FP	FP
chr3	170349396	170349398	2	72	0	0	21	co_linked	co_linked	1-1	1-1	True	93	0.226	0.226	gain	TP	TP
chr3	170349396	170356678	7282	38	0	0	13	co_linked	co_linked	1-1	1-1	True	51	0.226	0.261	gain	TP	TP
chr3	170349398	170356678	7280	38	0	0	13	co_linked	co_linked	1-1	1-1	True	51	0.226	0.261	gain	TP	TP
chr3	172446967	172446968	1	70	0	0	17	co_linked	co_linked	1-1	1-1	True	87	0.193	0.193	gain	TP	TP
chr3	172548546	172577278	28732	6	0	0	4	co_linked	co_linked	2-1	2-1	True	10	0.378	0.459	gain	TP	TP
chr3	172550585	172584328	33743	7	0	0	1	sparse	co_linked	1-1	1-1	True	8	0.279	0.295	gain	TP	TP
chr3	172811915	172842618	30703	5	0	0	1	sparse	co_linked	1-1	1-1	True	6	0.2	0.194	gain	TP	TP
chr3	174029005	174032284	3279	53	0	0	19	co_linked	co_linked	2-1	2-1	True	72	0.237	0.194	gain	TP	TP
chr3	174029005	174049082	20077	8	0	0	2	co_linked	co_linked	2-1	2-1	True	10	0.237	0.306	gain	TP	TP
chr3	174032284	174049082	16798	16	0	0	3	co_linked	co_linked	2-1	2-1	True	19	0.194	0.306	gain	TP	TP
chr3	175864307	175871480	7173	32	0	0	14	co_linked	co_linked	1-1	1-1	True	46	0.229	0.261	gain	TP	TP
chr3	177246329	177264799	18470	22	0	0	11	co_linked	co_linked	2-1	2-1	True	33	0.425	0.416	gain	TP	TP
chr3	178480520	178505679	25159	10	0	0	5	co_linked	co_linked	1-1	1-1	True	15	0.316	0.327	gain	TP	TP
chr3	179502007	179516244	14237	18	0	0	3	co_linked	co_linked	1-1	1-1	True	21	0.212	0.275	gain	TP	TP
chr3	179739810	179766048	26238	10	0	0	2	co_linked	co_linked	1-1	1-1	True	12	0.244	0.32	gain	TP	TP
chr3	181131242	181154286	23044	3	0	0	8	co_linked	co_linked	2-1	2-1	True	11	0.523	0.513	gain	TP	TP
chr3	181138955	181154286	15331	12	0	0	22	co_linked	co_linked	2-1	2-1	True	34	0.591	0.513	gain	TP	TP
chr3	181745667	181782139	36472	4	0	0	2	co_linked	co_linked	2-1	2-1	True	6	0.49	0.423	gain	TP	TP
chr3	181748252	181782139	33887	5	0	0	2	co_linked	co_linked	2-1	2-1	True	7	0.275	0.423	gain	TP	TP
chr3	182564465	182579850	15385	13	0	0	9	co_linked	co_linked	1-1	1-1	True	22	0.54	0.445	gain	TP	TP
chr3	183208368	183228132	19764	19	0	0	6	co_linked	co_linked	1-1	1-1	True	25	0.213	0.248	gain	TP	TP
chr3	184136964	184141962	4998	26	0	0	10	co_linked	co_linked	2-1	2-1	True	36	0.297	0.233	gain	TP	TP
chr3	185308249	185334642	26393	4	0	0	9	co_linked	co_linked	1-1	1-1	True	13	0.609	0.655	gain	TP	TP
chr3	186491668	186514246	22578	2	0	0	5	co_linked	co_linked	1-1	1-1	True	7	0.408	0.387	gain	TP	TP
chr3	186679966	186693211	13245	21	0	0	7	co_linked	co_linked	3	3	True	28	0.322	0.267	gain	TP	TP
chr3	186679966	186695832	15866	21	0	0	7	co_linked	co_linked	3	3	True	28	0.322	0.282	gain	TP	TP
chr3	186877845	186896416	18571	7	0	0	3	co_linked	co_linked	1-1	1-1	True	10	0.284	0.385	gain	TP	TP
chr3	187569663	187569673	10	26	0	0	40	co_linked	co_linked	2-1	2-1	True	66	0.603	0.612	gain	TP	TP
chr3	189642783	189675109	32326	5	0	0	2	co_linked	co_linked	1-1	1-1	True	7	0.242	0.37	gain	TP	TP
chr3	191371167	191376430	5263	40	0	0	20	co_linked	co_linked	1-1	1-1	True	60	0.351	0.379	gain	TP	TP
chr3	193940441	193966465	26024	0	0	0	6	co_linked	co_linked	2-1	2-1	True	6	0.946	0.968	loh	TP	TP
chr3	194404912	194404914	2	27	0	0	13	co_linked	co_linked	3	3	True	40	0.325	0.325	loh	FP	FP
chr3	194404912	194404915	3	26	0	0	13	co_linked	co_linked	3	3	True	39	0.325	0.333	loh	FP	FP
chr3	194404914	194404915	1	26	0	0	13	co_linked	co_linked	3	3	True	39	0.325	0.333	loh	FP	FP
chr3	197907151	197910798	3647	32	0	0	2	co_linked	co_linked	1-1	1-1	True	34	0.057	0.064	loh	FP	FP
chr3	197907151	197910839	3688	33	0	0	2	co_linked	co_linked	1-1	1-1	True	35	0.057	0.042	loh	FP	FP
chr3	198058124	198068040	9916	16	0	0	3	co_linked	co_linked	2-1	2-1	True	19	0.082	0.071	loh	FP	FP
chr8	1812786	1812787	1	42	0	0	8	co_linked	co_linked	1-1	1-1	True	50	0.16	0.16	loh	FP	FP
chr8	3389186	3392732	3546	31	0	0	23	co_linked	co_linked	1-1	1-1	True	54	0.446	0.449	loh	TP	TP
chr8	3909075	3917480	8405	12	0	0	2	co_linked	co_linked	1-1	1-1	True	14	0.292	0.265	loh	TP	TP
chr8	4508669	4535012	26343	0	0	0	7	co_linked	co_linked	1-1	1-1	True	7	1.0	0.979	loh	TP	TP
chr8	5656902	5677570	20668	1	0	0	11	co_linked	co_linked	2-1	2-1	True	12	0.951	0.967	loh	TP	TP
chr8	13987667	13988962	1295	0	0	0	42	co_linked	co_linked	2-1	2-1	True	42	1.0	0.981	loh	TP	TP
chr8	16659569	16661293	1724	36	0	0	3	co_linked	co_linked	2-1	2-1	True	39	0.06	0.057	loh	FP	FP
chr8	16659569	16661346	1777	35	0	0	3	co_linked	co_linked	2-1	2-1	True	38	0.06	0.058	loh	FP	FP
chr8	16661293	16661346	53	49	0	0	3	co_linked	co_linked	2-1	2-1	True	52	0.057	0.058	loh	FP	FP
chr8	20815705	20833452	17747	0	0	0	6	co_linked	co_linked	1-1	1-1	True	6	0.986	0.977	loh	TP	TP
chr8	23372250	23372279	29	49	0	0	3	co_linked	co_linked	3	3	True	52	0.058	0.057	loh	FP	FP
chr8	26511269	26511270	1	34	0	0	31	co_linked	co_linked	1-1	1-1	True	65	0.477	0.478	loh	TP	TP
chr8	27581729	27594953	13224	0	0	0	8	co_linked	co_linked	1-1	1-1	True	8	0.98	0.925	loh	TP	TP
chr8	31418174	31440802	22628	0	0	0	6	co_linked	co_linked	1-1	1-1	True	6	0.981	1.0	loh	TP	TP
chr8	33716140	33730545	14405	2	0	0	24	co_linked	co_linked	2-1	2-1	True	26	0.955	0.971	loh	TP	TP
chr8	35256168	35273718	17550	0	0	0	18	co_linked	co_linked	3	3	True	18	0.943	0.981	loh	TP	TP
chr8	35709416	35711159	1743	1	0	0	49	co_linked	co_linked	2-1	2-1	True	50	0.968	0.983	loh	TP	TP
chr8	36040794	36063736	22942	5	0	0	2	co_linked	co_linked	1-1	1-1	True	7	0.328	0.517	loh	TP	TP
chr8	42030689	42046518	15829	1	0	0	9	co_linked	co_linked	2-1	2-1	True	10	0.976	0.952	loh	TP	TP
chr8	43451438	43470676	19238	9	0	0	3	co_linked	co_linked	1-1	1-1	True	12	0.333	0.417	loh	TP	TP
chr8	46097490	46097491	1	26	0	0	25	co_linked	co_linked	2-1	2-1	True	51	0.49	0.49	loh	TP	TP
chr8	46988973	46988982	9	32	0	0	4	co_linked	co_linked	2-1	2-1	True	36	0.111	0.135	loh	FP	FP
chr8	48447751	48467994	20243	7	0	0	2	co_linked	co_linked	2-1	2-1	True	9	0.18	0.214	loh	TP	TP
chr8	53372747	53382278	9531	20	0	0	15	co_linked	co_linked	1-1	1-1	True	35	0.409	0.443	gain	TP	TP
chr8	54989445	55018742	29297	5	0	0	2	co_linked	co_linked	1-1	1-1	True	7	0.333	0.317	loh	TP	TP
chr8	54989446	55018742	29296	5	0	0	2	co_linked	co_linked	1-1	1-1	True	7	0.333	0.317	loh	TP	TP
chr8	55541898	55566391	24493	4	0	0	2	co_linked	co_linked	1-1	1-1	True	6	0.339	0.329	loh	TP	TP
chr8	57390330	57415710	25380	7	0	0	2	co_linked	co_linked	1-1	1-1	True	9	0.189	0.211	loh	TP	TP
chr8	57529848	57554802	24954	5	0	0	2	co_linked	co_linked	1-1	1-1	True	7	0.35	0.269	loh	TP	TP
chr8	57923178	57938296	15118	13	0	0	8	co_linked	co_linked	1-1	1-1	True	21	0.326	0.289	loh	TP	TP
chr8	58661520	58667331	5811	32	0	0	18	co_linked	co_linked	1-1	1-1	True	50	0.337	0.314	loh	TP	TP
chr8	59030478	59050445	19967	5	0	0	3	co_linked	co_linked	1-1	1-1	True	8	0.338	0.194	loh	TP	TP
chr8	60908670	60944354	35684	6	0	0	2	co_linked	co_linked	1-1	1-1	True	8	0.292	0.288	loh	TP	TP
chr8	61148458	61188388	39930	5	0	0	3	co_linked	co_linked	1-1	1-1	True	8	0.301	0.284	loh	TP	TP
chr8	62491039	62503409	12370	15	0	0	5	co_linked	co_linked	2-1	2-1	True	20	0.296	0.333	loh	TP	TP
chr8	62491039	62503410	12371	15	0	0	5	co_linked	co_linked	2-1	2-1	True	20	0.296	0.329	loh	TP	TP
chr8	62503409	62503410	1	50	0	0	25	co_linked	co_linked	2-1	2-1	True	75	0.333	0.329	loh	TP	TP
chr8	64093393	64100384	6991	34	0	0	12	co_linked	co_linked	1-1	1-1	True	46	0.273	0.237	loh	TP	TP
chr8	64137658	64159835	22177	7	0	0	7	co_linked	co_linked	1-1	1-1	True	14	0.349	0.282	loh	TP	TP
chr8	64675461	64699057	23596	13	0	0	3	co_linked	co_linked	1-1	1-1	True	16	0.192	0.322	gain	TP	TP
chr8	65233978	65253136	19158	14	0	0	4	co_linked	co_linked	1-1	1-1	True	18	0.346	0.349	gain	TP	TP
chr8	65889221	65917435	28214	0	0	0	8	co_linked	co_linked	1-1	1-1	True	8	1.0	0.989	gain	TP	TP
chr8	66008229	66033140	24911	5	0	0	5	co_linked	co_linked	1-1	1-1	True	10	0.405	0.274	gain	TP	TP
chr8	66108851	66134925	26074	7	0	0	2	co_linked	co_linked	1-1	1-1	True	9	0.205	0.22	gain	TP	TP
chr8	66109435	66111474	2039	52	0	0	2	co_linked	co_linked	2-1	2-1	True	54	0.043	0.032	gain	FP	FP
chr8	66112980	66134925	21945	9	0	0	2	co_linked	co_linked	1-1	1-1	True	11	0.275	0.22	gain	TP	TP
chr8	67325030	67350429	25399	6	0	0	5	co_linked	co_linked	1-1	1-1	True	11	0.311	0.351	gain	TP	TP
chr8	68337433	68345577	8144	27	0	0	16	co_linked	co_linked	1-1	1-1	True	43	0.405	0.368	gain	TP	TP
chr8	68420636	68443994	23358	5	0	0	1	sparse	co_linked	1-1	1-1	True	6	0.274	0.333	gain	TP	TP
chr8	70033834	70060180	26346	7	0	0	3	co_linked	co_linked	1-1	1-1	True	10	0.318	0.34	gain	TP	TP
chr8	72183032	72209256	26224	6	0	0	2	co_linked	co_linked	2-1	2-1	True	8	0.306	0.301	gain	TP	TP
chr8	72772593	72783240	10647	20	0	0	7	co_linked	co_linked	2-1	2-1	True	27	0.355	0.35	gain	TP	TP
chr8	73129222	73146210	16988	10	0	0	7	co_linked	co_linked	2-1	2-1	True	17	0.305	0.328	gain	TP	TP
chr8	74076814	74099977	23163	9	0	0	2	co_linked	co_linked	1-1	1-1	True	11	0.319	0.293	gain	TP	TP
chr8	74076814	74099982	23168	9	0	0	2	co_linked	co_linked	1-1	1-1	True	11	0.319	0.329	gain	TP	TP
chr8	75061674	75075528	13854	12	0	0	16	co_linked	co_linked	1-1	1-1	True	28	0.391	0.41	gain	TP	TP
chr8	76549416	76549417	1	57	0	0	19	co_linked	co_linked	1-1	1-1	True	76	0.25	0.26	gain	TP	TP
chr8	79158253	79176512	18259	11	0	0	5	co_linked	co_linked	2-1	2-1	True	16	0.329	0.371	gain	TP	TP
chr8	79158254	79176512	18258	11	0	0	5	co_linked	co_linked	2-1	2-1	True	16	0.338	0.371	gain	TP	TP
chr8	79701951	79710304	8353	21	0	0	16	co_linked	co_linked	2-1	2-1	True	37	0.369	0.313	gain	TP	TP
chr8	80305856	80326617	20761	10	0	0	1	sparse	co_linked	1-1	1-1	True	11	0.362	0.26	gain	TP	TP
chr8	81113147	81113164	17	67	0	0	5	co_linked	co_linked	3	3	True	72	0.069	0.069	gain	FP	FP
chr8	81113147	81114617	1470	58	0	0	3	co_linked	co_linked	3	3	True	61	0.069	0.087	gain	FP	FP
chr8	81113164	81114617	1453	58	0	0	3	co_linked	co_linked	3	3	True	61	0.069	0.087	gain	FP	FP
chr8	81320270	81343951	23681	10	0	0	2	co_linked	co_linked	1-1	1-1	True	12	0.095	0.116	gain	FP	FP
chr8	81320270	81349311	29041	7	0	0	2	co_linked	co_linked	1-1	1-1	True	9	0.095	0.139	gain	FP	FP
chr8	81320270	81350794	30524	7	0	0	2	co_linked	co_linked	1-1	1-1	True	9	0.095	0.13	gain	FP	FP
chr8	81320270	81351760	31490	6	0	0	2	co_linked	co_linked	1-1	1-1	True	8	0.095	0.147	gain	FP	FP
chr8	81320270	81352188	31918	5	0	0	2	co_linked	co_linked	1-1	1-1	True	7	0.095	0.191	gain	FP	FP
chr8	81320270	81352880	32610	5	0	0	2	co_linked	co_linked	1-1	1-1	True	7	0.095	0.174	gain	FP	FP
chr8	81320270	81354646	34376	5	0	0	2	co_linked	co_linked	1-1	1-1	True	7	0.095	0.167	gain	FP	FP
chr8	81320270	81354748	34478	5	0	0	2	co_linked	co_linked	1-1	1-1	True	7	0.095	0.178	gain	FP	FP
chr8	81320270	81358571	38301	4	0	0	2	co_linked	co_linked	1-1	1-1	True	6	0.095	0.133	gain	FP	FP
chr8	81343951	81349311	5360	54	0	0	8	co_linked	co_linked	1-1	1-1	True	62	0.116	0.139	gain	FP	FP
chr8	81343951	81351760	7809	45	0	0	6	co_linked	co_linked	1-1	1-1	True	51	0.116	0.147	gain	FP	FP
chr8	81343951	81352880	8929	37	0	0	6	co_linked	co_linked	1-1	1-1	True	43	0.116	0.174	gain	FP	FP
chr8	81343951	81354748	10797	35	0	0	6	co_linked	co_linked	1-1	1-1	True	41	0.116	0.178	gain	FP	FP
chr8	81343951	81358571	14620	25	0	0	6	co_linked	co_linked	1-1	1-1	True	31	0.116	0.133	gain	FP	FP
chr8	81343951	81361500	17549	21	0	0	5	co_linked	co_linked	1-1	1-1	True	26	0.116	0.135	gain	FP	FP
chr8	81343951	81364793	20842	14	0	0	2	co_linked	co_linked	1-1	1-1	True	16	0.116	0.12	gain	FP	FP
chr8	81343951	81365126	21175	13	0	0	2	co_linked	co_linked	1-1	1-1	True	15	0.116	0.118	gain	FP	FP
chr8	81349311	81351760	2449	68	0	0	12	co_linked	co_linked	1-1	1-1	True	80	0.139	0.147	gain	FP	FP
chr8	81349311	81352880	3569	57	0	0	12	co_linked	co_linked	1-1	1-1	True	69	0.139	0.174	gain	FP	FP
chr8	81349311	81354748	5437	53	0	0	12	co_linked	co_linked	1-1	1-1	True	65	0.139	0.178	gain	FP	FP
chr8	81349311	81358571	9260	38	0	0	10	co_linked	co_linked	1-1	1-1	True	48	0.139	0.133	gain	FP	FP
chr8	81349311	81361500	12189	32	0	0	6	co_linked	co_linked	1-1	1-1	True	38	0.139	0.135	gain	FP	FP
chr8	81349311	81365126	15815	22	0	0	3	co_linked	co_linked	1-1	1-1	True	25	0.139	0.118	gain	FP	FP
chr8	81350794	81361500	10706	35	0	0	6	co_linked	co_linked	1-1	1-1	True	41	0.13	0.135	gain	FP	FP
chr8	81350794	81365126	14332	24	0	0	3	co_linked	co_linked	1-1	1-1	True	27	0.13	0.118	gain	FP	FP
chr8	81351760	81352880	1120	68	0	0	13	co_linked	co_linked	1-1	1-1	True	81	0.147	0.174	gain	FP	FP
chr8	81351760	81354748	2988	63	0	0	12	co_linked	co_linked	1-1	1-1	True	75	0.147	0.178	gain	FP	FP
chr8	81351760	81358571	6811	45	0	0	10	co_linked	co_linked	1-1	1-1	True	55	0.147	0.133	gain	FP	FP
chr8	81351760	81361500	9740	38	0	0	6	co_linked	co_linked	1-1	1-1	True	44	0.147	0.135	gain	FP	FP
chr8	81351760	81365126	13366	26	0	0	3	co_linked	co_linked	1-1	1-1	True	29	0.147	0.118	gain	FP	FP
chr8	81352880	81354748	1868	63	0	0	13	co_linked	co_linked	1-1	1-1	True	76	0.174	0.178	gain	FP	FP
chr8	81352880	81358571	5691	44	0	0	10	co_linked	co_linked	1-1	1-1	True	54	0.174	0.133	gain	FP	FP
chr8	81352880	81361500	8620	38	0	0	6	co_linked	co_linked	1-1	1-1	True	44	0.174	0.135	gain	FP	FP
chr8	81352880	81365126	12246	27	0	0	3	co_linked	co_linked	1-1	1-1	True	30	0.174	0.118	gain	FP	FP
chr8	81354646	81365126	10480	30	0	0	3	co_linked	co_linked	1-1	1-1	True	33	0.167	0.118	gain	FP	FP
chr8	81354748	81358571	3823	50	0	0	11	co_linked	co_linked	1-1	1-1	True	61	0.178	0.133	gain	FP	FP
chr8	81354748	81361500	6752	41	0	0	6	co_linked	co_linked	1-1	1-1	True	47	0.178	0.135	gain	FP	FP
chr8	81354748	81365126	10378	29	0	0	3	co_linked	co_linked	1-1	1-1	True	32	0.178	0.118	gain	FP	FP
chr8	81358571	81361500	2929	59	0	0	7	co_linked	co_linked	1-1	1-1	True	66	0.133	0.135	gain	FP	FP
chr8	81366100	81380119	14019	23	0	0	3	co_linked	co_linked	2-1	2-1	True	26	0.125	0.091	gain	FP	FP
chr8	81366100	81381326	15226	22	0	0	3	co_linked	co_linked	2-1	2-1	True	25	0.125	0.075	gain	FP	FP
chr8	81366100	81394019	27919	11	0	0	2	co_linked	co_linked	2-1	2-1	True	13	0.125	0.11	gain	FP	FP
chr8	81366100	81394276	28176	11	0	0	2	co_linked	co_linked	2-1	2-1	True	13	0.125	0.122	gain	FP	FP
chr8	81366100	81395569	29469	10	0	0	2	co_linked	co_linked	2-1	2-1	True	12	0.125	0.126	gain	FP	FP
chr8	81366100	81395800	29700	10	0	0	1	sparse	co_linked	2-1	2-1	True	11	0.125	0.128	gain	FP	FP
chr8	81366100	81395973	29873	10	0	0	1	sparse	co_linked	2-1	2-1	True	11	0.125	0.13	gain	FP	FP
chr8	81366100	81396102	30002	10	0	0	2	co_linked	co_linked	2-1	2-1	True	12	0.125	0.126	gain	FP	FP
chr8	81366100	81397144	31044	8	0	0	1	sparse	co_linked	2-1	2-1	True	9	0.125	0.128	gain	FP	FP
chr8	81366100	81399160	33060	6	0	0	2	co_linked	co_linked	2-1	2-1	True	8	0.125	0.144	gain	FP	FP
chr8	81366100	81401890	35790	6	0	0	2	co_linked	co_linked	2-1	2-1	True	8	0.125	0.143	gain	FP	FP
chr8	81366100	81402471	36371	6	0	0	2	co_linked	co_linked	2-1	2-1	True	8	0.125	0.129	gain	FP	FP
chr8	81380119	81381326	1207	72	0	0	7	co_linked	co_linked	2-1	2-1	True	79	0.091	0.075	gain	FP	FP
chr8	81380119	81394019	13900	34	0	0	2	co_linked	co_linked	2-1	2-1	True	36	0.091	0.11	gain	FP	FP
chr8	81380119	81394276	14157	32	0	0	2	co_linked	co_linked	2-1	2-1	True	34	0.091	0.122	gain	FP	FP
chr8	81380119	81395569	15450	31	0	0	2	co_linked	co_linked	2-1	2-1	True	33	0.091	0.126	gain	FP	FP
chr8	81380119	81395800	15681	31	0	0	1	sparse	co_linked	2-1	2-1	True	32	0.091	0.128	gain	FP	FP
chr8	81380119	81395973	15854	29	0	0	1	sparse	co_linked	2-1	2-1	True	30	0.091	0.13	gain	FP	FP
chr8	81380119	81396102	15983	30	0	0	2	co_linked	co_linked	2-1	2-1	True	32	0.091	0.126	gain	FP	FP
chr8	81380119	81397144	17025	24	0	0	1	sparse	co_linked	2-1	2-1	True	25	0.091	0.128	gain	FP	FP
chr8	81380119	81399160	19041	17	0	0	2	co_linked	co_linked	2-1	2-1	True	19	0.091	0.144	gain	FP	FP
chr8	81380119	81401890	21771	17	0	0	2	co_linked	co_linked	2-1	2-1	True	19	0.091	0.143	gain	FP	FP
chr8	81380119	81402471	22352	16	0	0	2	co_linked	co_linked	2-1	2-1	True	18	0.091	0.129	gain	FP	FP
chr8	81380119	81407688	27569	4	0	0	2	co_linked	co_linked	2-1	2-1	True	6	0.091	0.161	gain	FP	FP
chr8	81380119	81407767	27648	4	0	0	2	co_linked	co_linked	2-1	2-1	True	6	0.091	0.151	gain	FP	FP
chr8	81381326	81394019	12693	39	0	0	2	co_linked	co_linked	2-1	2-1	True	41	0.075	0.11	gain	FP	FP
chr8	81381326	81394276	12950	36	0	0	2	co_linked	co_linked	2-1	2-1	True	38	0.075	0.122	gain	FP	FP
chr8	81381326	81395569	14243	36	0	0	2	co_linked	co_linked	2-1	2-1	True	38	0.075	0.126	gain	FP	FP
chr8	81381326	81395800	14474	36	0	0	1	sparse	co_linked	2-1	2-1	True	37	0.075	0.128	gain	FP	FP
chr8	81381326	81395973	14647	34	0	0	1	sparse	co_linked	2-1	2-1	True	35	0.075	0.13	gain	FP	FP
chr8	81381326	81396102	14776	35	0	0	2	co_linked	co_linked	2-1	2-1	True	37	0.075	0.126	gain	FP	FP
chr8	81381326	81397144	15818	29	0	0	1	sparse	co_linked	2-1	2-1	True	30	0.075	0.128	gain	FP	FP
chr8	81381326	81399160	17834	22	0	0	2	co_linked	co_linked	2-1	2-1	True	24	0.075	0.144	gain	FP	FP
chr8	81381326	81401890	20564	20	0	0	2	co_linked	co_linked	2-1	2-1	True	22	0.075	0.143	gain	FP	FP
chr8	81381326	81402471	21145	19	0	0	2	co_linked	co_linked	2-1	2-1	True	21	0.075	0.129	gain	FP	FP
chr8	81381326	81407688	26362	5	0	0	2	co_linked	co_linked	2-1	2-1	True	7	0.075	0.161	gain	FP	FP
chr8	81381326	81407767	26441	5	0	0	2	co_linked	co_linked	2-1	2-1	True	7	0.075	0.151	gain	FP	FP
chr8	81394019	81394276	257	76	0	0	10	co_linked	co_linked	2-1	2-1	True	86	0.11	0.122	gain	FP	FP
chr8	81394019	81395569	1550	68	0	0	9	co_linked	co_linked	2-1	2-1	True	77	0.11	0.126	gain	FP	FP
chr8	81394019	81395800	1781	68	0	0	9	co_linked	co_linked	2-1	2-1	True	77	0.11	0.128	gain	FP	FP
chr8	81394019	81395973	1954	65	0	0	9	co_linked	co_linked	2-1	2-1	True	74	0.11	0.13	gain	FP	FP
chr8	81394019	81401890	7871	35	0	0	8	co_linked	co_linked	2-1	2-1	True	43	0.11	0.143	gain	FP	FP
chr8	81394019	81407688	13669	19	0	0	5	co_linked	co_linked	2-1	2-1	True	24	0.11	0.161	gain	FP	FP
chr8	81394019	81407767	13748	19	0	0	5	co_linked	co_linked	2-1	2-1	True	24	0.11	0.151	gain	FP	FP
chr8	81394019	81409663	15644	12	0	0	4	co_linked	co_linked	2-1	2-1	True	16	0.11	0.171	gain	FP	FP
chr8	81394276	81395569	1293	68	0	0	10	co_linked	co_linked	2-1	2-1	True	78	0.122	0.126	gain	FP	FP
chr8	81394276	81395800	1524	68	0	0	10	co_linked	co_linked	2-1	2-1	True	78	0.122	0.128	gain	FP	FP
chr8	81394276	81395973	1697	64	0	0	10	co_linked	co_linked	2-1	2-1	True	74	0.122	0.13	gain	FP	FP
chr8	81394276	81401890	7614	35	0	0	9	co_linked	co_linked	2-1	2-1	True	44	0.122	0.143	gain	FP	FP
chr8	81394276	81407688	13412	19	0	0	6	co_linked	co_linked	2-1	2-1	True	25	0.122	0.161	gain	FP	FP
chr8	81394276	81407767	13491	19	0	0	6	co_linked	co_linked	2-1	2-1	True	25	0.122	0.151	gain	FP	FP
chr8	81394276	81409663	15387	12	0	0	5	co_linked	co_linked	2-1	2-1	True	17	0.122	0.171	gain	FP	FP
chr8	81395569	81395800	231	82	0	0	11	co_linked	co_linked	2-1	2-1	True	93	0.126	0.128	gain	FP	FP
chr8	81395569	81395973	404	78	0	0	11	co_linked	co_linked	2-1	2-1	True	89	0.126	0.13	gain	FP	FP
chr8	81395569	81401890	6321	41	0	0	10	co_linked	co_linked	2-1	2-1	True	51	0.126	0.143	gain	FP	FP
chr8	81395569	81407688	12119	24	0	0	7	co_linked	co_linked	2-1	2-1	True	31	0.126	0.161	gain	FP	FP
chr8	81395569	81407767	12198	24	0	0	7	co_linked	co_linked	2-1	2-1	True	31	0.126	0.151	gain	FP	FP
chr8	81395569	81409663	14094	14	0	0	6	co_linked	co_linked	2-1	2-1	True	20	0.126	0.171	gain	FP	FP
chr8	81395800	81395973	173	78	0	0	11	co_linked	co_linked	2-1	2-1	True	89	0.128	0.13	gain	FP	FP
chr8	81395800	81401890	6090	41	0	0	10	co_linked	co_linked	2-1	2-1	True	51	0.128	0.143	gain	FP	FP
chr8	81395800	81407688	11888	24	0	0	7	co_linked	co_linked	2-1	2-1	True	31	0.128	0.161	gain	FP	FP
chr8	81395800	81407767	11967	24	0	0	7	co_linked	co_linked	2-1	2-1	True	31	0.128	0.151	gain	FP	FP
chr8	81395800	81409663	13863	14	0	0	6	co_linked	co_linked	2-1	2-1	True	20	0.128	0.171	gain	FP	FP
chr8	81395973	81401890	5917	41	0	0	10	co_linked	co_linked	2-1	2-1	True	51	0.13	0.143	gain	FP	FP
chr8	81395973	81407688	11715	24	0	0	7	co_linked	co_linked	2-1	2-1	True	31	0.13	0.161	gain	FP	FP
chr8	81395973	81407767	11794	24	0	0	7	co_linked	co_linked	2-1	2-1	True	31	0.13	0.151	gain	FP	FP
chr8	81395973	81409663	13690	14	0	0	6	co_linked	co_linked	2-1	2-1	True	20	0.13	0.171	gain	FP	FP
chr8	81396102	81407688	11586	24	0	0	8	co_linked	co_linked	2-1	2-1	True	32	0.126	0.161	gain	FP	FP
chr8	81396102	81407767	11665	24	0	0	8	co_linked	co_linked	2-1	2-1	True	32	0.126	0.151	gain	FP	FP
chr8	81396102	81409663	13561	14	0	0	7	co_linked	co_linked	2-1	2-1	True	21	0.126	0.171	gain	FP	FP
chr8	81397144	81402471	5327	41	0	0	7	co_linked	co_linked	2-1	2-1	True	48	0.128	0.129	gain	FP	FP
chr8	81397144	81407688	10544	25	0	0	6	co_linked	co_linked	2-1	2-1	True	31	0.128	0.161	gain	FP	FP
chr8	81397144	81407767	10623	25	0	0	6	co_linked	co_linked	2-1	2-1	True	31	0.128	0.151	gain	FP	FP
chr8	81397144	81409663	12519	15	0	0	5	co_linked	co_linked	2-1	2-1	True	20	0.128	0.171	gain	FP	FP
chr8	81399160	81401890	2730	58	0	0	10	co_linked	co_linked	2-1	2-1	True	68	0.144	0.143	gain	FP	FP
chr8	81399160	81407688	8528	32	0	0	7	co_linked	co_linked	2-1	2-1	True	39	0.144	0.161	gain	FP	FP
chr8	81399160	81407767	8607	32	0	0	7	co_linked	co_linked	2-1	2-1	True	39	0.144	0.151	gain	FP	FP
chr8	81399160	81409663	10503	20	0	0	6	co_linked	co_linked	2-1	2-1	True	26	0.144	0.171	gain	FP	FP
chr8	81401890	81407688	5798	41	0	0	10	co_linked	co_linked	2-1	2-1	True	51	0.143	0.161	gain	FP	FP
chr8	81401890	81407767	5877	41	0	0	10	co_linked	co_linked	2-1	2-1	True	51	0.143	0.151	gain	FP	FP
chr8	81401890	81409663	7773	26	0	0	9	co_linked	co_linked	2-1	2-1	True	35	0.143	0.171	gain	FP	FP
chr8	81402471	81407688	5217	38	0	0	9	co_linked	co_linked	2-1	2-1	True	47	0.129	0.161	gain	FP	FP
chr8	81402471	81407767	5296	38	0	0	9	co_linked	co_linked	2-1	2-1	True	47	0.129	0.151	gain	FP	FP
chr8	81402471	81409663	7192	25	0	0	8	co_linked	co_linked	2-1	2-1	True	33	0.129	0.171	gain	FP	FP
chr8	81404546	81409663	5117	40	0	0	9	co_linked	co_linked	2-1	2-1	True	49	0.133	0.171	gain	FP	FP
chr8	81407688	81407767	79	78	0	0	14	co_linked	co_linked	2-1	2-1	True	92	0.161	0.151	gain	FP	FP
chr8	81407688	81409663	1975	55	0	0	12	co_linked	co_linked	2-1	2-1	True	67	0.161	0.171	gain	FP	FP
chr8	81407688	81440016	32328	3	0	0	3	co_linked	co_linked	2-1	2-1	True	6	0.161	0.11	gain	FP	FP
chr8	81407767	81409663	1896	56	0	0	12	co_linked	co_linked	2-1	2-1	True	68	0.151	0.171	gain	FP	FP
chr8	81407767	81440016	32249	3	0	0	3	co_linked	co_linked	2-1	2-1	True	6	0.151	0.11	gain	FP	FP
chr8	81409663	81440016	30353	3	0	0	3	co_linked	co_linked	2-1	2-1	True	6	0.171	0.11	gain	FP	FP
chr8	81410152	81440016	29864	3	0	0	3	co_linked	co_linked	2-1	2-1	True	6	0.185	0.11	gain	FP	FP
chr8	81414548	81415786	1238	67	0	0	15	co_linked	co_linked	1-1	1-1	True	82	0.158	0.174	gain	FP	FP
chr8	81414548	81417232	2684	58	0	0	12	co_linked	co_linked	1-1	1-1	True	70	0.158	0.149	gain	FP	FP
chr8	81414548	81417803	3255	52	0	0	12	co_linked	co_linked	1-1	1-1	True	64	0.158	0.16	gain	FP	FP
chr8	81414548	81418670	4122	46	0	0	11	co_linked	co_linked	1-1	1-1	True	57	0.158	0.159	gain	FP	FP
chr8	81414548	81419428	4880	45	0	0	12	co_linked	co_linked	1-1	1-1	True	57	0.158	0.174	gain	FP	FP
chr8	81414548	81419537	4989	42	0	0	12	co_linked	co_linked	1-1	1-1	True	54	0.158	0.174	gain	FP	FP
chr8	81414548	81420653	6105	41	0	0	11	co_linked	co_linked	1-1	1-1	True	52	0.158	0.19	gain	FP	FP
chr8	81414548	81423119	8571	33	0	0	11	co_linked	co_linked	1-1	1-1	True	44	0.158	0.19	gain	FP	FP
chr8	81414548	81423327	8779	34	0	0	10	co_linked	co_linked	1-1	1-1	True	44	0.158	0.174	gain	FP	FP
chr8	81414548	81423841	9293	30	0	0	8	co_linked	co_linked	1-1	1-1	True	38	0.158	0.173	gain	FP	FP
chr8	81414548	81424607	10059	27	0	0	7	co_linked	co_linked	1-1	1-1	True	34	0.158	0.141	gain	FP	FP
chr8	81414548	81424849	10301	27	0	0	5	co_linked	co_linked	1-1	1-1	True	32	0.158	0.134	gain	FP	FP
chr8	81414548	81424908	10360	27	0	0	6	co_linked	co_linked	1-1	1-1	True	33	0.158	0.133	gain	FP	FP
chr8	81414548	81426379	11831	24	0	0	6	co_linked	co_linked	1-1	1-1	True	30	0.158	0.133	gain	FP	FP
chr8	81414548	81427447	12899	20	0	0	6	co_linked	co_linked	1-1	1-1	True	26	0.158	0.145	gain	FP	FP
chr8	81414548	81428186	13638	20	0	0	6	co_linked	co_linked	1-1	1-1	True	26	0.158	0.145	gain	FP	FP
chr8	81414548	81428256	13708	18	0	0	6	co_linked	co_linked	1-1	1-1	True	24	0.158	0.16	gain	FP	FP
chr8	81414548	81428693	14145	18	0	0	6	co_linked	co_linked	1-1	1-1	True	24	0.158	0.179	gain	FP	FP
chr8	81414548	81428694	14146	18	0	0	6	co_linked	co_linked	1-1	1-1	True	24	0.158	0.169	gain	FP	FP
chr8	81414548	81430413	15865	15	0	0	6	co_linked	co_linked	1-1	1-1	True	21	0.158	0.259	gain	FP	FP
chr8	81414548	81430800	16252	16	0	0	6	co_linked	co_linked	1-1	1-1	True	22	0.158	0.23	gain	FP	FP
chr8	81414548	81431203	16655	16	0	0	6	co_linked	co_linked	1-1	1-1	True	22	0.158	0.209	gain	FP	FP
chr8	81414548	81431249	16701	16	0	0	6	co_linked	co_linked	1-1	1-1	True	22	0.158	0.202	gain	FP	FP
chr8	81414548	81433532	18984	13	0	0	4	co_linked	co_linked	1-1	1-1	True	17	0.158	0.193	gain	FP	FP
chr8	81414548	81434164	19616	13	0	0	4	co_linked	co_linked	1-1	1-1	True	17	0.158	0.205	gain	FP	FP
chr8	81414548	81434245	19697	13	0	0	4	co_linked	co_linked	1-1	1-1	True	17	0.158	0.17	gain	FP	FP
chr8	81414548	81434701	20153	11	0	0	4	co_linked	co_linked	1-1	1-1	True	15	0.158	0.14	gain	FP	FP
chr8	81414548	81434745	20197	11	0	0	4	co_linked	co_linked	1-1	1-1	True	15	0.158	0.149	gain	FP	FP
chr8	81414548	81435384	20836	11	0	0	4	co_linked	co_linked	1-1	1-1	True	15	0.158	0.207	gain	FP	FP
chr8	81414548	81435550	21002	11	0	0	4	co_linked	co_linked	1-1	1-1	True	15	0.158	0.143	gain	FP	FP
chr8	81414548	81436544	21996	9	0	0	3	co_linked	co_linked	1-1	1-1	True	12	0.158	0.126	gain	FP	FP
chr8	81414548	81437858	23310	8	0	0	3	co_linked	co_linked	1-1	1-1	True	11	0.158	0.151	gain	FP	FP
chr8	81414548	81437965	23417	8	0	0	3	co_linked	co_linked	1-1	1-1	True	11	0.158	0.136	gain	FP	FP
chr8	81414548	81440106	25558	8	0	0	1	sparse	co_linked	1-1	1-1	True	9	0.158	0.102	gain	FP	FP
chr8	81414548	81440843	26295	8	0	0	1	sparse	co_linked	1-1	1-1	True	9	0.158	0.14	gain	FP	FP
chr8	81414548	81441359	26811	7	0	0	1	sparse	co_linked	1-1	1-1	True	8	0.158	0.17	gain	FP	FP
chr8	81414548	81441418	26870	5	0	0	1	sparse	co_linked	1-1	1-1	True	6	0.158	0.138	gain	FP	FP
chr8	81414548	81441664	27116	5	0	0	1	sparse	co_linked	1-1	1-1	True	6	0.158	0.136	gain	FP	FP
chr8	81414548	81443283	28735	5	0	0	1	sparse	co_linked	1-1	1-1	True	6	0.158	0.129	gain	FP	FP
chr8	81414548	81443478	28930	5	0	0	1	sparse	co_linked	1-1	1-1	True	6	0.158	0.122	gain	FP	FP
chr8	81415786	81417232	1446	65	0	0	13	co_linked	co_linked	1-1	1-1	True	78	0.174	0.149	gain	FP	FP
chr8	81415786	81417803	2017	58	0	0	13	co_linked	co_linked	1-1	1-1	True	71	0.174	0.16	gain	FP	FP
chr8	81415786	81418670	2884	52	0	0	12	co_linked	co_linked	1-1	1-1	True	64	0.174	0.159	gain	FP	FP
chr8	81415786	81419428	3642	51	0	0	13	co_linked	co_linked	1-1	1-1	True	64	0.174	0.174	gain	FP	FP
chr8	81415786	81419537	3751	48	0	0	13	co_linked	co_linked	1-1	1-1	True	61	0.174	0.174	gain	FP	FP
chr8	81415786	81420653	4867	47	0	0	12	co_linked	co_linked	1-1	1-1	True	59	0.174	0.19	gain	FP	FP
chr8	81415786	81423119	7333	37	0	0	12	co_linked	co_linked	1-1	1-1	True	49	0.174	0.19	gain	FP	FP
chr8	81415786	81423327	7541	37	0	0	11	co_linked	co_linked	1-1	1-1	True	48	0.174	0.174	gain	FP	FP
chr8	81415786	81423841	8055	33	0	0	9	co_linked	co_linked	1-1	1-1	True	42	0.174	0.173	gain	FP	FP
chr8	81415786	81424607	8821	30	0	0	8	co_linked	co_linked	1-1	1-1	True	38	0.174	0.141	gain	FP	FP
chr8	81415786	81424849	9063	30	0	0	6	co_linked	co_linked	1-1	1-1	True	36	0.174	0.134	gain	FP	FP
chr8	81415786	81424908	9122	30	0	0	7	co_linked	co_linked	1-1	1-1	True	37	0.174	0.133	gain	FP	FP
chr8	81415786	81426379	10593	26	0	0	7	co_linked	co_linked	1-1	1-1	True	33	0.174	0.133	gain	FP	FP
chr8	81415786	81427447	11661	22	0	0	7	co_linked	co_linked	1-1	1-1	True	29	0.174	0.145	gain	FP	FP
chr8	81415786	81428186	12400	22	0	0	7	co_linked	co_linked	1-1	1-1	True	29	0.174	0.145	gain	FP	FP
chr8	81415786	81428256	12470	20	0	0	7	co_linked	co_linked	1-1	1-1	True	27	0.174	0.16	gain	FP	FP
chr8	81415786	81428693	12907	20	0	0	7	co_linked	co_linked	1-1	1-1	True	27	0.174	0.179	gain	FP	FP
chr8	81415786	81428694	12908	20	0	0	7	co_linked	co_linked	1-1	1-1	True	27	0.174	0.169	gain	FP	FP
chr8	81415786	81430800	15014	18	0	0	7	co_linked	co_linked	1-1	1-1	True	25	0.174	0.23	gain	FP	FP
chr8	81415786	81431203	15417	18	0	0	7	co_linked	co_linked	1-1	1-1	True	25	0.174	0.209	gain	FP	FP
chr8	81415786	81431249	15463	18	0	0	7	co_linked	co_linked	1-1	1-1	True	25	0.174	0.202	gain	FP	FP
chr8	81415786	81433532	17746	15	0	0	5	co_linked	co_linked	1-1	1-1	True	20	0.174	0.193	gain	FP	FP
chr8	81415786	81434164	18378	15	0	0	5	co_linked	co_linked	1-1	1-1	True	20	0.174	0.205	gain	FP	FP
chr8	81415786	81434245	18459	15	0	0	5	co_linked	co_linked	1-1	1-1	True	20	0.174	0.17	gain	FP	FP
chr8	81415786	81434701	18915	13	0	0	5	co_linked	co_linked	1-1	1-1	True	18	0.174	0.14	gain	FP	FP
chr8	81415786	81434745	18959	13	0	0	5	co_linked	co_linked	1-1	1-1	True	18	0.174	0.149	gain	FP	FP
chr8	81415786	81435384	19598	13	0	0	5	co_linked	co_linked	1-1	1-1	True	18	0.174	0.207	gain	FP	FP
chr8	81415786	81435550	19764	13	0	0	5	co_linked	co_linked	1-1	1-1	True	18	0.174	0.143	gain	FP	FP
chr8	81415786	81436544	20758	11	0	0	4	co_linked	co_linked	1-1	1-1	True	15	0.174	0.126	gain	FP	FP
chr8	81415786	81437858	22072	10	0	0	4	co_linked	co_linked	1-1	1-1	True	14	0.174	0.151	gain	FP	FP
chr8	81415786	81437965	22179	10	0	0	4	co_linked	co_linked	1-1	1-1	True	14	0.174	0.136	gain	FP	FP
chr8	81415786	81440106	24320	10	0	0	2	co_linked	co_linked	1-1	1-1	True	12	0.174	0.102	gain	FP	FP
chr8	81415786	81440843	25057	10	0	0	2	co_linked	co_linked	1-1	1-1	True	12	0.174	0.14	gain	FP	FP
chr8	81415786	81441359	25573	8	0	0	2	co_linked	co_linked	1-1	1-1	True	10	0.174	0.17	gain	FP	FP
chr8	81415786	81441418	25632	7	0	0	2	co_linked	co_linked	1-1	1-1	True	9	0.174	0.138	gain	FP	FP
chr8	81415786	81441664	25878	6	0	0	2	co_linked	co_linked	1-1	1-1	True	8	0.174	0.136	gain	FP	FP
chr8	81415786	81443283	27497	7	0	0	2	co_linked	co_linked	1-1	1-1	True	9	0.174	0.129	gain	FP	FP
chr8	81415786	81443386	27600	6	0	0	2	co_linked	co_linked	1-1	1-1	True	8	0.174	0.129	gain	FP	FP
chr8	81415786	81443478	27692	7	0	0	1	sparse	co_linked	1-1	1-1	True	8	0.174	0.122	gain	FP	FP
chr8	81417232	81417803	571	65	0	0	13	co_linked	co_linked	1-1	1-1	True	78	0.149	0.16	gain	FP	FP
chr8	81417232	81418670	1438	59	0	0	12	co_linked	co_linked	1-1	1-1	True	71	0.149	0.159	gain	FP	FP
chr8	81417232	81419428	2196	57	0	0	13	co_linked	co_linked	1-1	1-1	True	70	0.149	0.174	gain	FP	FP
chr8	81417232	81419537	2305	56	0	0	13	co_linked	co_linked	1-1	1-1	True	69	0.149	0.174	gain	FP	FP
chr8	81417232	81420653	3421	53	0	0	12	co_linked	co_linked	1-1	1-1	True	65	0.149	0.19	gain	FP	FP
chr8	81417232	81423119	5887	42	0	0	12	co_linked	co_linked	1-1	1-1	True	54	0.149	0.19	gain	FP	FP
chr8	81417232	81423327	6095	42	0	0	11	co_linked	co_linked	1-1	1-1	True	53	0.149	0.174	gain	FP	FP
chr8	81417232	81423841	6609	38	0	0	9	co_linked	co_linked	1-1	1-1	True	47	0.149	0.173	gain	FP	FP
chr8	81417232	81424607	7375	35	0	0	8	co_linked	co_linked	1-1	1-1	True	43	0.149	0.141	gain	FP	FP
chr8	81417232	81424849	7617	35	0	0	6	co_linked	co_linked	1-1	1-1	True	41	0.149	0.134	gain	FP	FP
chr8	81417232	81424908	7676	35	0	0	7	co_linked	co_linked	1-1	1-1	True	42	0.149	0.133	gain	FP	FP
chr8	81417232	81426379	9147	31	0	0	7	co_linked	co_linked	1-1	1-1	True	38	0.149	0.133	gain	FP	FP
chr8	81417232	81427447	10215	27	0	0	7	co_linked	co_linked	1-1	1-1	True	34	0.149	0.145	gain	FP	FP
chr8	81417232	81428186	10954	27	0	0	7	co_linked	co_linked	1-1	1-1	True	34	0.149	0.145	gain	FP	FP
chr8	81417232	81428256	11024	25	0	0	7	co_linked	co_linked	1-1	1-1	True	32	0.149	0.16	gain	FP	FP
chr8	81417232	81428693	11461	25	0	0	7	co_linked	co_linked	1-1	1-1	True	32	0.149	0.179	gain	FP	FP
chr8	81417232	81428694	11462	25	0	0	7	co_linked	co_linked	1-1	1-1	True	32	0.149	0.169	gain	FP	FP
chr8	81417232	81430800	13568	22	0	0	7	co_linked	co_linked	1-1	1-1	True	29	0.149	0.23	gain	FP	FP
chr8	81417232	81431203	13971	22	0	0	7	co_linked	co_linked	1-1	1-1	True	29	0.149	0.209	gain	FP	FP
chr8	81417232	81431249	14017	22	0	0	7	co_linked	co_linked	1-1	1-1	True	29	0.149	0.202	gain	FP	FP
chr8	81417232	81433532	16300	19	0	0	5	co_linked	co_linked	1-1	1-1	True	24	0.149	0.193	gain	FP	FP
chr8	81417232	81434164	16932	19	0	0	5	co_linked	co_linked	1-1	1-1	True	24	0.149	0.205	gain	FP	FP
chr8	81417232	81434245	17013	19	0	0	5	co_linked	co_linked	1-1	1-1	True	24	0.149	0.17	gain	FP	FP
chr8	81417232	81434701	17469	17	0	0	5	co_linked	co_linked	1-1	1-1	True	22	0.149	0.14	gain	FP	FP
chr8	81417232	81434745	17513	17	0	0	5	co_linked	co_linked	1-1	1-1	True	22	0.149	0.149	gain	FP	FP
chr8	81417232	81435384	18152	17	0	0	5	co_linked	co_linked	1-1	1-1	True	22	0.149	0.207	gain	FP	FP
chr8	81417232	81435550	18318	16	0	0	5	co_linked	co_linked	1-1	1-1	True	21	0.149	0.143	gain	FP	FP
chr8	81417232	81436544	19312	14	0	0	4	co_linked	co_linked	1-1	1-1	True	18	0.149	0.126	gain	FP	FP
chr8	81417232	81437858	20626	13	0	0	4	co_linked	co_linked	1-1	1-1	True	17	0.149	0.151	gain	FP	FP
chr8	81417232	81437965	20733	13	0	0	4	co_linked	co_linked	1-1	1-1	True	17	0.149	0.136	gain	FP	FP
chr8	81417232	81440106	22874	13	0	0	2	co_linked	co_linked	1-1	1-1	True	15	0.149	0.102	gain	FP	FP
chr8	81417232	81440843	23611	13	0	0	2	co_linked	co_linked	1-1	1-1	True	15	0.149	0.14	gain	FP	FP
chr8	81417232	81441359	24127	9	0	0	2	co_linked	co_linked	1-1	1-1	True	11	0.149	0.17	gain	FP	FP
chr8	81417232	81441418	24186	8	0	0	2	co_linked	co_linked	1-1	1-1	True	10	0.149	0.138	gain	FP	FP
chr8	81417232	81441664	24432	7	0	0	2	co_linked	co_linked	1-1	1-1	True	9	0.149	0.136	gain	FP	FP
chr8	81417232	81443283	26051	8	0	0	2	co_linked	co_linked	1-1	1-1	True	10	0.149	0.129	gain	FP	FP
chr8	81417232	81443386	26154	7	0	0	2	co_linked	co_linked	1-1	1-1	True	9	0.149	0.129	gain	FP	FP
chr8	81417232	81443478	26246	8	0	0	1	sparse	co_linked	1-1	1-1	True	9	0.149	0.122	gain	FP	FP
chr8	81417803	81418670	867	60	0	0	12	co_linked	co_linked	1-1	1-1	True	72	0.16	0.159	gain	FP	FP
chr8	81417803	81419428	1625	57	0	0	13	co_linked	co_linked	1-1	1-1	True	70	0.16	0.174	gain	FP	FP
chr8	81417803	81419537	1734	55	0	0	13	co_linked	co_linked	1-1	1-1	True	68	0.16	0.174	gain	FP	FP
chr8	81417803	81420653	2850	52	0	0	12	co_linked	co_linked	1-1	1-1	True	64	0.16	0.19	gain	FP	FP
chr8	81417803	81423119	5316	41	0	0	12	co_linked	co_linked	1-1	1-1	True	53	0.16	0.19	gain	FP	FP
chr8	81417803	81423327	5524	41	0	0	11	co_linked	co_linked	1-1	1-1	True	52	0.16	0.174	gain	FP	FP
chr8	81417803	81423841	6038	37	0	0	9	co_linked	co_linked	1-1	1-1	True	46	0.16	0.173	gain	FP	FP
chr8	81417803	81424607	6804	34	0	0	8	co_linked	co_linked	1-1	1-1	True	42	0.16	0.141	gain	FP	FP
chr8	81417803	81424849	7046	34	0	0	6	co_linked	co_linked	1-1	1-1	True	40	0.16	0.134	gain	FP	FP
chr8	81417803	81424908	7105	34	0	0	7	co_linked	co_linked	1-1	1-1	True	41	0.16	0.133	gain	FP	FP
chr8	81417803	81426379	8576	30	0	0	7	co_linked	co_linked	1-1	1-1	True	37	0.16	0.133	gain	FP	FP
chr8	81417803	81427447	9644	26	0	0	7	co_linked	co_linked	1-1	1-1	True	33	0.16	0.145	gain	FP	FP
chr8	81417803	81428186	10383	26	0	0	7	co_linked	co_linked	1-1	1-1	True	33	0.16	0.145	gain	FP	FP
chr8	81417803	81428256	10453	24	0	0	7	co_linked	co_linked	1-1	1-1	True	31	0.16	0.16	gain	FP	FP
chr8	81417803	81428693	10890	24	0	0	7	co_linked	co_linked	1-1	1-1	True	31	0.16	0.179	gain	FP	FP
chr8	81417803	81428694	10891	24	0	0	7	co_linked	co_linked	1-1	1-1	True	31	0.16	0.169	gain	FP	FP
chr8	81417803	81430800	12997	21	0	0	7	co_linked	co_linked	1-1	1-1	True	28	0.16	0.23	gain	FP	FP
chr8	81417803	81431203	13400	21	0	0	7	co_linked	co_linked	1-1	1-1	True	28	0.16	0.209	gain	FP	FP
chr8	81417803	81431249	13446	21	0	0	7	co_linked	co_linked	1-1	1-1	True	28	0.16	0.202	gain	FP	FP
chr8	81417803	81433532	15729	18	0	0	5	co_linked	co_linked	1-1	1-1	True	23	0.16	0.193	gain	FP	FP
chr8	81417803	81434164	16361	18	0	0	5	co_linked	co_linked	1-1	1-1	True	23	0.16	0.205	gain	FP	FP
chr8	81417803	81434245	16442	18	0	0	5	co_linked	co_linked	1-1	1-1	True	23	0.16	0.17	gain	FP	FP
chr8	81417803	81434701	16898	16	0	0	5	co_linked	co_linked	1-1	1-1	True	21	0.16	0.14	gain	FP	FP
chr8	81417803	81434745	16942	16	0	0	5	co_linked	co_linked	1-1	1-1	True	21	0.16	0.149	gain	FP	FP
chr8	81417803	81435384	17581	16	0	0	5	co_linked	co_linked	1-1	1-1	True	21	0.16	0.207	gain	FP	FP
chr8	81417803	81435550	17747	15	0	0	5	co_linked	co_linked	1-1	1-1	True	20	0.16	0.143	gain	FP	FP
chr8	81417803	81436544	18741	14	0	0	4	co_linked	co_linked	1-1	1-1	True	18	0.16	0.126	gain	FP	FP
chr8	81417803	81437858	20055	13	0	0	4	co_linked	co_linked	1-1	1-1	True	17	0.16	0.151	gain	FP	FP
chr8	81417803	81437965	20162	13	0	0	4	co_linked	co_linked	1-1	1-1	True	17	0.16	0.136	gain	FP	FP
chr8	81417803	81440106	22303	13	0	0	2	co_linked	co_linked	1-1	1-1	True	15	0.16	0.102	gain	FP	FP
chr8	81417803	81440843	23040	13	0	0	2	co_linked	co_linked	1-1	1-1	True	15	0.16	0.14	gain	FP	FP
chr8	81417803	81441359	23556	9	0	0	2	co_linked	co_linked	1-1	1-1	True	11	0.16	0.17	gain	FP	FP
chr8	81417803	81441418	23615	8	0	0	2	co_linked	co_linked	1-1	1-1	True	10	0.16	0.138	gain	FP	FP
chr8	81417803	81441664	23861	7	0	0	2	co_linked	co_linked	1-1	1-1	True	9	0.16	0.136	gain	FP	FP
chr8	81417803	81443283	25480	8	0	0	2	co_linked	co_linked	1-1	1-1	True	10	0.16	0.129	gain	FP	FP
chr8	81417803	81443386	25583	7	0	0	2	co_linked	co_linked	1-1	1-1	True	9	0.16	0.129	gain	FP	FP
chr8	81417803	81443478	25675	8	0	0	1	sparse	co_linked	1-1	1-1	True	9	0.16	0.122	gain	FP	FP
chr8	81418670	81420653	1983	57	0	0	11	co_linked	co_linked	1-1	1-1	True	68	0.159	0.19	gain	FP	FP
chr8	81418670	81423119	4449	45	0	0	11	co_linked	co_linked	1-1	1-1	True	56	0.159	0.19	gain	FP	FP
chr8	81418670	81423327	4657	45	0	0	10	co_linked	co_linked	1-1	1-1	True	55	0.159	0.174	gain	FP	FP
chr8	81418670	81423841	5171	41	0	0	8	co_linked	co_linked	1-1	1-1	True	49	0.159	0.173	gain	FP	FP
chr8	81418670	81424607	5937	38	0	0	7	co_linked	co_linked	1-1	1-1	True	45	0.159	0.141	gain	FP	FP
chr8	81418670	81424849	6179	38	0	0	5	co_linked	co_linked	1-1	1-1	True	43	0.159	0.134	gain	FP	FP
chr8	81418670	81424908	6238	38	0	0	6	co_linked	co_linked	1-1	1-1	True	44	0.159	0.133	gain	FP	FP
chr8	81418670	81426379	7709	33	0	0	6	co_linked	co_linked	1-1	1-1	True	39	0.159	0.133	gain	FP	FP
chr8	81418670	81427447	8777	29	0	0	6	co_linked	co_linked	1-1	1-1	True	35	0.159	0.145	gain	FP	FP
chr8	81418670	81428186	9516	29	0	0	6	co_linked	co_linked	1-1	1-1	True	35	0.159	0.145	gain	FP	FP
chr8	81418670	81428256	9586	27	0	0	6	co_linked	co_linked	1-1	1-1	True	33	0.159	0.16	gain	FP	FP
chr8	81418670	81428693	10023	27	0	0	6	co_linked	co_linked	1-1	1-1	True	33	0.159	0.179	gain	FP	FP
chr8	81418670	81428694	10024	27	0	0	6	co_linked	co_linked	1-1	1-1	True	33	0.159	0.169	gain	FP	FP
chr8	81418670	81430800	12130	23	0	0	6	co_linked	co_linked	1-1	1-1	True	29	0.159	0.23	gain	FP	FP
chr8	81418670	81431203	12533	23	0	0	6	co_linked	co_linked	1-1	1-1	True	29	0.159	0.209	gain	FP	FP
chr8	81418670	81431249	12579	23	0	0	6	co_linked	co_linked	1-1	1-1	True	29	0.159	0.202	gain	FP	FP
chr8	81418670	81433532	14862	20	0	0	4	co_linked	co_linked	1-1	1-1	True	24	0.159	0.193	gain	FP	FP
chr8	81418670	81434164	15494	20	0	0	4	co_linked	co_linked	1-1	1-1	True	24	0.159	0.205	gain	FP	FP
chr8	81418670	81434245	15575	20	0	0	4	co_linked	co_linked	1-1	1-1	True	24	0.159	0.17	gain	FP	FP
chr8	81418670	81434701	16031	19	0	0	4	co_linked	co_linked	1-1	1-1	True	23	0.159	0.14	gain	FP	FP
chr8	81418670	81434745	16075	19	0	0	4	co_linked	co_linked	1-1	1-1	True	23	0.159	0.149	gain	FP	FP
chr8	81418670	81435384	16714	19	0	0	4	co_linked	co_linked	1-1	1-1	True	23	0.159	0.207	gain	FP	FP
chr8	81418670	81435550	16880	18	0	0	4	co_linked	co_linked	1-1	1-1	True	22	0.159	0.143	gain	FP	FP
chr8	81418670	81436544	17874	15	0	0	3	co_linked	co_linked	1-1	1-1	True	18	0.159	0.126	gain	FP	FP
chr8	81418670	81436895	18225	14	0	0	3	co_linked	co_linked	1-1	1-1	True	17	0.159	0.149	gain	FP	FP
chr8	81418670	81437858	19188	14	0	0	3	co_linked	co_linked	1-1	1-1	True	17	0.159	0.151	gain	FP	FP
chr8	81418670	81437965	19295	14	0	0	3	co_linked	co_linked	1-1	1-1	True	17	0.159	0.136	gain	FP	FP
chr8	81418670	81440106	21436	14	0	0	2	co_linked	co_linked	1-1	1-1	True	16	0.159	0.102	gain	FP	FP
chr8	81418670	81440843	22173	14	0	0	2	co_linked	co_linked	1-1	1-1	True	16	0.159	0.14	gain	FP	FP
chr8	81418670	81441359	22689	10	0	0	2	co_linked	co_linked	1-1	1-1	True	12	0.159	0.17	gain	FP	FP
chr8	81418670	81441418	22748	9	0	0	2	co_linked	co_linked	1-1	1-1	True	11	0.159	0.138	gain	FP	FP
chr8	81418670	81441664	22994	8	0	0	2	co_linked	co_linked	1-1	1-1	True	10	0.159	0.136	gain	FP	FP
chr8	81418670	81443283	24613	9	0	0	2	co_linked	co_linked	1-1	1-1	True	11	0.159	0.129	gain	FP	FP
chr8	81418670	81443386	24716	8	0	0	2	co_linked	co_linked	1-1	1-1	True	10	0.159	0.129	gain	FP	FP
chr8	81418670	81443478	24808	9	0	0	1	sparse	co_linked	1-1	1-1	True	10	0.159	0.122	gain	FP	FP
chr8	81419428	81419537	109	68	0	0	15	co_linked	co_linked	1-1	1-1	True	83	0.174	0.174	gain	FP	FP
chr8	81419428	81423119	3691	49	0	0	13	co_linked	co_linked	1-1	1-1	True	62	0.174	0.19	gain	FP	FP
chr8	81419428	81423327	3899	49	0	0	12	co_linked	co_linked	1-1	1-1	True	61	0.174	0.174	gain	FP	FP
chr8	81419428	81423841	4413	43	0	0	10	co_linked	co_linked	1-1	1-1	True	53	0.174	0.173	gain	FP	FP
chr8	81419428	81424607	5179	40	0	0	9	co_linked	co_linked	1-1	1-1	True	49	0.174	0.141	gain	FP	FP
chr8	81419428	81424849	5421	40	0	0	7	co_linked	co_linked	1-1	1-1	True	47	0.174	0.134	gain	FP	FP
chr8	81419428	81424908	5480	40	0	0	8	co_linked	co_linked	1-1	1-1	True	48	0.174	0.133	gain	FP	FP
chr8	81419428	81426379	6951	34	0	0	8	co_linked	co_linked	1-1	1-1	True	42	0.174	0.133	gain	FP	FP
chr8	81419428	81427447	8019	29	0	0	8	co_linked	co_linked	1-1	1-1	True	37	0.174	0.145	gain	FP	FP
chr8	81419428	81428186	8758	30	0	0	7	co_linked	co_linked	1-1	1-1	True	37	0.174	0.145	gain	FP	FP
chr8	81419428	81428256	8828	28	0	0	7	co_linked	co_linked	1-1	1-1	True	35	0.174	0.16	gain	FP	FP
chr8	81419428	81428694	9266	28	0	0	7	co_linked	co_linked	1-1	1-1	True	35	0.174	0.169	gain	FP	FP
chr8	81419428	81430800	11372	25	0	0	7	co_linked	co_linked	1-1	1-1	True	32	0.174	0.23	gain	FP	FP
chr8	81419428	81431203	11775	25	0	0	7	co_linked	co_linked	1-1	1-1	True	32	0.174	0.209	gain	FP	FP
chr8	81419428	81431249	11821	25	0	0	7	co_linked	co_linked	1-1	1-1	True	32	0.174	0.202	gain	FP	FP
chr8	81419428	81433532	14104	21	0	0	5	co_linked	co_linked	1-1	1-1	True	26	0.174	0.193	gain	FP	FP
chr8	81419428	81434164	14736	21	0	0	5	co_linked	co_linked	1-1	1-1	True	26	0.174	0.205	gain	FP	FP
chr8	81419428	81434245	14817	21	0	0	5	co_linked	co_linked	1-1	1-1	True	26	0.174	0.17	gain	FP	FP
chr8	81419428	81434701	15273	19	0	0	5	co_linked	co_linked	1-1	1-1	True	24	0.174	0.14	gain	FP	FP
chr8	81419428	81434745	15317	19	0	0	5	co_linked	co_linked	1-1	1-1	True	24	0.174	0.149	gain	FP	FP
chr8	81419428	81435384	15956	19	0	0	5	co_linked	co_linked	1-1	1-1	True	24	0.174	0.207	gain	FP	FP
chr8	81419428	81435550	16122	18	0	0	5	co_linked	co_linked	1-1	1-1	True	23	0.174	0.143	gain	FP	FP
chr8	81419428	81436544	17116	16	0	0	4	co_linked	co_linked	1-1	1-1	True	20	0.174	0.126	gain	FP	FP
chr8	81419428	81437858	18430	15	0	0	4	co_linked	co_linked	1-1	1-1	True	19	0.174	0.151	gain	FP	FP
chr8	81419428	81437965	18537	15	0	0	4	co_linked	co_linked	1-1	1-1	True	19	0.174	0.136	gain	FP	FP
chr8	81419428	81440106	20678	15	0	0	2	co_linked	co_linked	1-1	1-1	True	17	0.174	0.102	gain	FP	FP
chr8	81419428	81440843	21415	15	0	0	2	co_linked	co_linked	1-1	1-1	True	17	0.174	0.14	gain	FP	FP
chr8	81419428	81441359	21931	11	0	0	2	co_linked	co_linked	1-1	1-1	True	13	0.174	0.17	gain	FP	FP
chr8	81419428	81441418	21990	10	0	0	2	co_linked	co_linked	1-1	1-1	True	12	0.174	0.138	gain	FP	FP
chr8	81419428	81441664	22236	9	0	0	2	co_linked	co_linked	1-1	1-1	True	11	0.174	0.136	gain	FP	FP
chr8	81419428	81443283	23855	10	0	0	2	co_linked	co_linked	1-1	1-1	True	12	0.174	0.129	gain	FP	FP
chr8	81419428	81443386	23958	9	0	0	2	co_linked	co_linked	1-1	1-1	True	11	0.174	0.129	gain	FP	FP
chr8	81419428	81443478	24050	10	0	0	1	sparse	co_linked	1-1	1-1	True	11	0.174	0.122	gain	FP	FP
chr8	81419537	81423119	3582	51	0	0	13	co_linked	co_linked	1-1	1-1	True	64	0.174	0.19	gain	FP	FP
chr8	81419537	81423327	3790	51	0	0	12	co_linked	co_linked	1-1	1-1	True	63	0.174	0.174	gain	FP	FP
chr8	81419537	81423841	4304	46	0	0	10	co_linked	co_linked	1-1	1-1	True	56	0.174	0.173	gain	FP	FP
chr8	81419537	81424607	5070	43	0	0	9	co_linked	co_linked	1-1	1-1	True	52	0.174	0.141	gain	FP	FP
chr8	81419537	81424849	5312	43	0	0	7	co_linked	co_linked	1-1	1-1	True	50	0.174	0.134	gain	FP	FP
chr8	81419537	81424908	5371	43	0	0	8	co_linked	co_linked	1-1	1-1	True	51	0.174	0.133	gain	FP	FP
chr8	81419537	81426379	6842	37	0	0	8	co_linked	co_linked	1-1	1-1	True	45	0.174	0.133	gain	FP	FP
chr8	81419537	81427447	7910	32	0	0	8	co_linked	co_linked	1-1	1-1	True	40	0.174	0.145	gain	FP	FP
chr8	81419537	81428186	8649	33	0	0	7	co_linked	co_linked	1-1	1-1	True	40	0.174	0.145	gain	FP	FP
chr8	81419537	81428256	8719	31	0	0	7	co_linked	co_linked	1-1	1-1	True	38	0.174	0.16	gain	FP	FP
chr8	81419537	81428694	9157	31	0	0	7	co_linked	co_linked	1-1	1-1	True	38	0.174	0.169	gain	FP	FP
chr8	81419537	81430800	11263	27	0	0	7	co_linked	co_linked	1-1	1-1	True	34	0.174	0.23	gain	FP	FP
chr8	81419537	81431203	11666	27	0	0	7	co_linked	co_linked	1-1	1-1	True	34	0.174	0.209	gain	FP	FP
chr8	81419537	81431249	11712	27	0	0	7	co_linked	co_linked	1-1	1-1	True	34	0.174	0.202	gain	FP	FP
chr8	81419537	81433532	13995	22	0	0	5	co_linked	co_linked	1-1	1-1	True	27	0.174	0.193	gain	FP	FP
chr8	81419537	81434164	14627	22	0	0	5	co_linked	co_linked	1-1	1-1	True	27	0.174	0.205	gain	FP	FP
chr8	81419537	81434245	14708	22	0	0	5	co_linked	co_linked	1-1	1-1	True	27	0.174	0.17	gain	FP	FP
chr8	81419537	81434701	15164	20	0	0	5	co_linked	co_linked	1-1	1-1	True	25	0.174	0.14	gain	FP	FP
chr8	81419537	81434745	15208	20	0	0	5	co_linked	co_linked	1-1	1-1	True	25	0.174	0.149	gain	FP	FP
chr8	81419537	81435384	15847	20	0	0	5	co_linked	co_linked	1-1	1-1	True	25	0.174	0.207	gain	FP	FP
chr8	81419537	81435550	16013	19	0	0	5	co_linked	co_linked	1-1	1-1	True	24	0.174	0.143	gain	FP	FP
chr8	81419537	81436544	17007	16	0	0	4	co_linked	co_linked	1-1	1-1	True	20	0.174	0.126	gain	FP	FP
chr8	81419537	81437858	18321	15	0	0	4	co_linked	co_linked	1-1	1-1	True	19	0.174	0.151	gain	FP	FP
chr8	81419537	81437965	18428	15	0	0	4	co_linked	co_linked	1-1	1-1	True	19	0.174	0.136	gain	FP	FP
chr8	81419537	81440106	20569	15	0	0	2	co_linked	co_linked	1-1	1-1	True	17	0.174	0.102	gain	FP	FP
chr8	81419537	81440843	21306	15	0	0	2	co_linked	co_linked	1-1	1-1	True	17	0.174	0.14	gain	FP	FP
chr8	81419537	81441359	21822	11	0	0	2	co_linked	co_linked	1-1	1-1	True	13	0.174	0.17	gain	FP	FP
chr8	81419537	81441418	21881	10	0	0	2	co_linked	co_linked	1-1	1-1	True	12	0.174	0.138	gain	FP	FP
chr8	81419537	81441664	22127	9	0	0	2	co_linked	co_linked	1-1	1-1	True	11	0.174	0.136	gain	FP	FP
chr8	81419537	81443283	23746	10	0	0	2	co_linked	co_linked	1-1	1-1	True	12	0.174	0.129	gain	FP	FP
chr8	81419537	81443386	23849	9	0	0	2	co_linked	co_linked	1-1	1-1	True	11	0.174	0.129	gain	FP	FP
chr8	81419537	81443478	23941	10	0	0	1	sparse	co_linked	1-1	1-1	True	11	0.174	0.122	gain	FP	FP
chr8	81420653	81428693	8040	30	0	0	9	co_linked	co_linked	1-1	1-1	True	39	0.19	0.179	gain	FP	FP
chr8	81422195	81424607	2412	58	0	0	10	co_linked	co_linked	1-1	1-1	True	68	0.133	0.141	gain	FP	FP
chr8	81422195	81424908	2713	58	0	0	9	co_linked	co_linked	1-1	1-1	True	67	0.133	0.133	gain	FP	FP
chr8	81422195	81426379	4184	48	0	0	9	co_linked	co_linked	1-1	1-1	True	57	0.133	0.133	gain	FP	FP
chr8	81422195	81427447	5252	40	0	0	9	co_linked	co_linked	1-1	1-1	True	49	0.133	0.145	gain	FP	FP
chr8	81422195	81428186	5991	40	0	0	8	co_linked	co_linked	1-1	1-1	True	48	0.133	0.145	gain	FP	FP
chr8	81422195	81428256	6061	38	0	0	8	co_linked	co_linked	1-1	1-1	True	46	0.133	0.16	gain	FP	FP
chr8	81422195	81428694	6499	38	0	0	8	co_linked	co_linked	1-1	1-1	True	46	0.133	0.169	gain	FP	FP
chr8	81422195	81430800	8605	33	0	0	8	co_linked	co_linked	1-1	1-1	True	41	0.133	0.23	gain	FP	FP
chr8	81422195	81431203	9008	32	0	0	8	co_linked	co_linked	1-1	1-1	True	40	0.133	0.209	gain	FP	FP
chr8	81422195	81431249	9054	32	0	0	8	co_linked	co_linked	1-1	1-1	True	40	0.133	0.202	gain	FP	FP
chr8	81422195	81433532	11337	27	0	0	6	co_linked	co_linked	1-1	1-1	True	33	0.133	0.193	gain	FP	FP
chr8	81422195	81434164	11969	27	0	0	5	co_linked	co_linked	1-1	1-1	True	32	0.133	0.205	gain	FP	FP
chr8	81422195	81434245	12050	27	0	0	5	co_linked	co_linked	1-1	1-1	True	32	0.133	0.17	gain	FP	FP
chr8	81422195	81434701	12506	25	0	0	5	co_linked	co_linked	1-1	1-1	True	30	0.133	0.14	gain	FP	FP
chr8	81422195	81434745	12550	25	0	0	5	co_linked	co_linked	1-1	1-1	True	30	0.133	0.149	gain	FP	FP
chr8	81422195	81435550	13355	22	0	0	5	co_linked	co_linked	1-1	1-1	True	27	0.133	0.143	gain	FP	FP
chr8	81422195	81436544	14349	19	0	0	4	co_linked	co_linked	1-1	1-1	True	23	0.133	0.126	gain	FP	FP
chr8	81422195	81437858	15663	17	0	0	4	co_linked	co_linked	1-1	1-1	True	21	0.133	0.151	gain	FP	FP
chr8	81422195	81437965	15770	17	0	0	4	co_linked	co_linked	1-1	1-1	True	21	0.133	0.136	gain	FP	FP
chr8	81422195	81440106	17911	16	0	0	2	co_linked	co_linked	1-1	1-1	True	18	0.133	0.102	gain	FP	FP
chr8	81422195	81440843	18648	16	0	0	2	co_linked	co_linked	1-1	1-1	True	18	0.133	0.14	gain	FP	FP
chr8	81422195	81441359	19164	12	0	0	2	co_linked	co_linked	1-1	1-1	True	14	0.133	0.17	gain	FP	FP
chr8	81422195	81441418	19223	11	0	0	2	co_linked	co_linked	1-1	1-1	True	13	0.133	0.138	gain	FP	FP
chr8	81422195	81441664	19469	10	0	0	2	co_linked	co_linked	1-1	1-1	True	12	0.133	0.136	gain	FP	FP
chr8	81422195	81443283	21088	11	0	0	2	co_linked	co_linked	1-1	1-1	True	13	0.133	0.129	gain	FP	FP
chr8	81422195	81443386	21191	10	0	0	2	co_linked	co_linked	1-1	1-1	True	12	0.133	0.129	gain	FP	FP
chr8	81422195	81443478	21283	11	0	0	1	sparse	co_linked	1-1	1-1	True	12	0.133	0.122	gain	FP	FP
chr8	81423119	81423327	208	67	0	0	15	co_linked	co_linked	1-1	1-1	True	82	0.19	0.174	gain	FP	FP
chr8	81423119	81423841	722	62	0	0	13	co_linked	co_linked	1-1	1-1	True	75	0.19	0.173	gain	FP	FP
chr8	81423119	81424607	1488	57	0	0	12	co_linked	co_linked	1-1	1-1	True	69	0.19	0.141	gain	FP	FP
chr8	81423119	81424849	1730	56	0	0	10	co_linked	co_linked	1-1	1-1	True	66	0.19	0.134	gain	FP	FP
chr8	81423119	81424908	1789	57	0	0	11	co_linked	co_linked	1-1	1-1	True	68	0.19	0.133	gain	FP	FP
chr8	81423119	81426379	3260	47	0	0	11	co_linked	co_linked	1-1	1-1	True	58	0.19	0.133	gain	FP	FP
chr8	81423119	81427447	4328	40	0	0	11	co_linked	co_linked	1-1	1-1	True	51	0.19	0.145	gain	FP	FP
chr8	81423119	81428186	5067	40	0	0	10	co_linked	co_linked	1-1	1-1	True	50	0.19	0.145	gain	FP	FP
chr8	81423119	81428256	5137	38	0	0	10	co_linked	co_linked	1-1	1-1	True	48	0.19	0.16	gain	FP	FP
chr8	81423119	81428694	5575	38	0	0	10	co_linked	co_linked	1-1	1-1	True	48	0.19	0.169	gain	FP	FP
chr8	81423119	81430800	7681	33	0	0	10	co_linked	co_linked	1-1	1-1	True	43	0.19	0.23	gain	FP	FP
chr8	81423119	81431203	8084	32	0	0	10	co_linked	co_linked	1-1	1-1	True	42	0.19	0.209	gain	FP	FP
chr8	81423119	81431249	8130	32	0	0	10	co_linked	co_linked	1-1	1-1	True	42	0.19	0.202	gain	FP	FP
chr8	81423119	81433532	10413	27	0	0	8	co_linked	co_linked	1-1	1-1	True	35	0.19	0.193	gain	FP	FP
chr8	81423119	81434164	11045	27	0	0	7	co_linked	co_linked	1-1	1-1	True	34	0.19	0.205	gain	FP	FP
chr8	81423119	81434245	11126	27	0	0	7	co_linked	co_linked	1-1	1-1	True	34	0.19	0.17	gain	FP	FP
chr8	81423119	81434701	11582	25	0	0	7	co_linked	co_linked	1-1	1-1	True	32	0.19	0.14	gain	FP	FP
chr8	81423119	81434745	11626	25	0	0	7	co_linked	co_linked	1-1	1-1	True	32	0.19	0.149	gain	FP	FP
chr8	81423119	81435550	12431	22	0	0	7	co_linked	co_linked	1-1	1-1	True	29	0.19	0.143	gain	FP	FP
chr8	81423119	81436544	13425	19	0	0	6	co_linked	co_linked	1-1	1-1	True	25	0.19	0.126	gain	FP	FP
chr8	81423119	81437858	14739	17	0	0	6	co_linked	co_linked	1-1	1-1	True	23	0.19	0.151	gain	FP	FP
chr8	81423119	81437965	14846	17	0	0	6	co_linked	co_linked	1-1	1-1	True	23	0.19	0.136	gain	FP	FP
chr8	81423119	81440106	16987	16	0	0	3	co_linked	co_linked	1-1	1-1	True	19	0.19	0.102	gain	FP	FP
chr8	81423119	81440843	17724	16	0	0	4	co_linked	co_linked	1-1	1-1	True	20	0.19	0.14	gain	FP	FP
chr8	81423119	81441359	18240	12	0	0	4	co_linked	co_linked	1-1	1-1	True	16	0.19	0.17	gain	FP	FP
chr8	81423119	81441418	18299	11	0	0	4	co_linked	co_linked	1-1	1-1	True	15	0.19	0.138	gain	FP	FP
chr8	81423119	81441664	18545	10	0	0	4	co_linked	co_linked	1-1	1-1	True	14	0.19	0.136	gain	FP	FP
chr8	81423119	81443283	20164	11	0	0	3	co_linked	co_linked	1-1	1-1	True	14	0.19	0.129	gain	FP	FP
chr8	81423119	81443386	20267	10	0	0	3	co_linked	co_linked	1-1	1-1	True	13	0.19	0.129	gain	FP	FP
chr8	81423119	81443478	20359	11	0	0	2	co_linked	co_linked	1-1	1-1	True	13	0.19	0.122	gain	FP	FP
chr8	81423119	81448631	25512	9	0	0	1	sparse	co_linked	1-1	1-1	True	10	0.19	0.165	gain	FP	FP
chr8	81423119	81448660	25541	9	0	0	1	sparse	co_linked	1-1	1-1	True	10	0.19	0.167	gain	FP	FP
chr8	81423119	81449286	26167	7	0	0	1	sparse	co_linked	1-1	1-1	True	8	0.19	0.154	gain	FP	FP
chr8	81423119	81451107	27988	6	0	0	1	sparse	co_linked	1-1	1-1	True	7	0.19	0.167	gain	FP	FP
chr8	81423119	81451118	27999	6	0	0	1	sparse	co_linked	1-1	1-1	True	7	0.19	0.185	gain	FP	FP
chr8	81423327	81423583	256	63	0	0	15	co_linked	co_linked	1-1	1-1	True	78	0.174	0.183	gain	FP	FP
chr8	81423327	81424607	1280	60	0	0	11	co_linked	co_linked	1-1	1-1	True	71	0.174	0.141	gain	FP	FP
chr8	81423327	81424908	1581	59	0	0	10	co_linked	co_linked	1-1	1-1	True	69	0.174	0.133	gain	FP	FP
chr8	81423327	81426379	3052	49	0	0	10	co_linked	co_linked	1-1	1-1	True	59	0.174	0.133	gain	FP	FP
chr8	81423327	81427447	4120	41	0	0	10	co_linked	co_linked	1-1	1-1	True	51	0.174	0.145	gain	FP	FP
chr8	81423327	81428186	4859	41	0	0	9	co_linked	co_linked	1-1	1-1	True	50	0.174	0.145	gain	FP	FP
chr8	81423327	81428256	4929	39	0	0	9	co_linked	co_linked	1-1	1-1	True	48	0.174	0.16	gain	FP	FP
chr8	81423327	81428694	5367	39	0	0	9	co_linked	co_linked	1-1	1-1	True	48	0.174	0.169	gain	FP	FP
chr8	81423327	81430800	7473	33	0	0	9	co_linked	co_linked	1-1	1-1	True	42	0.174	0.23	gain	FP	FP
chr8	81423327	81431203	7876	32	0	0	9	co_linked	co_linked	1-1	1-1	True	41	0.174	0.209	gain	FP	FP
chr8	81423327	81431249	7922	32	0	0	9	co_linked	co_linked	1-1	1-1	True	41	0.174	0.202	gain	FP	FP
chr8	81423327	81433532	10205	27	0	0	8	co_linked	co_linked	1-1	1-1	True	35	0.174	0.193	gain	FP	FP
chr8	81423327	81434164	10837	27	0	0	7	co_linked	co_linked	1-1	1-1	True	34	0.174	0.205	gain	FP	FP
chr8	81423327	81434245	10918	27	0	0	7	co_linked	co_linked	1-1	1-1	True	34	0.174	0.17	gain	FP	FP
chr8	81423327	81434701	11374	25	0	0	7	co_linked	co_linked	1-1	1-1	True	32	0.174	0.14	gain	FP	FP
chr8	81423327	81434745	11418	25	0	0	7	co_linked	co_linked	1-1	1-1	True	32	0.174	0.149	gain	FP	FP
chr8	81423327	81435550	12223	22	0	0	7	co_linked	co_linked	1-1	1-1	True	29	0.174	0.143	gain	FP	FP
chr8	81423327	81436544	13217	19	0	0	6	co_linked	co_linked	1-1	1-1	True	25	0.174	0.126	gain	FP	FP
chr8	81423327	81437858	14531	17	0	0	6	co_linked	co_linked	1-1	1-1	True	23	0.174	0.151	gain	FP	FP
chr8	81423327	81437965	14638	17	0	0	6	co_linked	co_linked	1-1	1-1	True	23	0.174	0.136	gain	FP	FP
chr8	81423327	81440106	16779	16	0	0	3	co_linked	co_linked	1-1	1-1	True	19	0.174	0.102	gain	FP	FP
chr8	81423327	81440843	17516	16	0	0	4	co_linked	co_linked	1-1	1-1	True	20	0.174	0.14	gain	FP	FP
chr8	81423327	81441359	18032	12	0	0	4	co_linked	co_linked	1-1	1-1	True	16	0.174	0.17	gain	FP	FP
chr8	81423327	81441418	18091	11	0	0	4	co_linked	co_linked	1-1	1-1	True	15	0.174	0.138	gain	FP	FP
chr8	81423327	81441664	18337	10	0	0	4	co_linked	co_linked	1-1	1-1	True	14	0.174	0.136	gain	FP	FP
chr8	81423327	81443283	19956	11	0	0	3	co_linked	co_linked	1-1	1-1	True	14	0.174	0.129	gain	FP	FP
chr8	81423327	81443386	20059	10	0	0	3	co_linked	co_linked	1-1	1-1	True	13	0.174	0.129	gain	FP	FP
chr8	81423327	81443478	20151	11	0	0	2	co_linked	co_linked	1-1	1-1	True	13	0.174	0.122	gain	FP	FP
chr8	81423327	81448631	25304	9	0	0	1	sparse	co_linked	1-1	1-1	True	10	0.174	0.165	gain	FP	FP
chr8	81423327	81448660	25333	9	0	0	1	sparse	co_linked	1-1	1-1	True	10	0.174	0.167	gain	FP	FP
chr8	81423327	81449286	25959	7	0	0	1	sparse	co_linked	1-1	1-1	True	8	0.174	0.154	gain	FP	FP
chr8	81423327	81451107	27780	6	0	0	1	sparse	co_linked	1-1	1-1	True	7	0.174	0.167	gain	FP	FP
chr8	81423327	81451118	27791	6	0	0	1	sparse	co_linked	1-1	1-1	True	7	0.174	0.185	gain	FP	FP
chr8	81423467	81424607	1140	59	0	0	12	co_linked	co_linked	1-1	1-1	True	71	0.176	0.141	gain	FP	FP
chr8	81423467	81424908	1441	58	0	0	11	co_linked	co_linked	1-1	1-1	True	69	0.176	0.133	gain	FP	FP
chr8	81423467	81426379	2912	49	0	0	11	co_linked	co_linked	1-1	1-1	True	60	0.176	0.133	gain	FP	FP
chr8	81423467	81427447	3980	42	0	0	11	co_linked	co_linked	1-1	1-1	True	53	0.176	0.145	gain	FP	FP
chr8	81423467	81428186	4719	42	0	0	10	co_linked	co_linked	1-1	1-1	True	52	0.176	0.145	gain	FP	FP
chr8	81423467	81428256	4789	40	0	0	10	co_linked	co_linked	1-1	1-1	True	50	0.176	0.16	gain	FP	FP
chr8	81423467	81428694	5227	40	0	0	10	co_linked	co_linked	1-1	1-1	True	50	0.176	0.169	gain	FP	FP
chr8	81423467	81430800	7333	34	0	0	10	co_linked	co_linked	1-1	1-1	True	44	0.176	0.23	gain	FP	FP
chr8	81423467	81431203	7736	33	0	0	10	co_linked	co_linked	1-1	1-1	True	43	0.176	0.209	gain	FP	FP
chr8	81423467	81431249	7782	33	0	0	10	co_linked	co_linked	1-1	1-1	True	43	0.176	0.202	gain	FP	FP
chr8	81423467	81433532	10065	28	0	0	8	co_linked	co_linked	1-1	1-1	True	36	0.176	0.193	gain	FP	FP
chr8	81423467	81434164	10697	28	0	0	7	co_linked	co_linked	1-1	1-1	True	35	0.176	0.205	gain	FP	FP
chr8	81423467	81434245	10778	28	0	0	7	co_linked	co_linked	1-1	1-1	True	35	0.176	0.17	gain	FP	FP
chr8	81423467	81434701	11234	26	0	0	7	co_linked	co_linked	1-1	1-1	True	33	0.176	0.14	gain	FP	FP
chr8	81423467	81434745	11278	26	0	0	7	co_linked	co_linked	1-1	1-1	True	33	0.176	0.149	gain	FP	FP
chr8	81423467	81435550	12083	23	0	0	7	co_linked	co_linked	1-1	1-1	True	30	0.176	0.143	gain	FP	FP
chr8	81423467	81436544	13077	20	0	0	6	co_linked	co_linked	1-1	1-1	True	26	0.176	0.126	gain	FP	FP
chr8	81423467	81437858	14391	17	0	0	6	co_linked	co_linked	1-1	1-1	True	23	0.176	0.151	gain	FP	FP
chr8	81423467	81437965	14498	17	0	0	6	co_linked	co_linked	1-1	1-1	True	23	0.176	0.136	gain	FP	FP
chr8	81423467	81440106	16639	16	0	0	3	co_linked	co_linked	1-1	1-1	True	19	0.176	0.102	gain	FP	FP
chr8	81423467	81440843	17376	16	0	0	4	co_linked	co_linked	1-1	1-1	True	20	0.176	0.14	gain	FP	FP
chr8	81423467	81441359	17892	12	0	0	4	co_linked	co_linked	1-1	1-1	True	16	0.176	0.17	gain	FP	FP
chr8	81423467	81441418	17951	11	0	0	4	co_linked	co_linked	1-1	1-1	True	15	0.176	0.138	gain	FP	FP
chr8	81423467	81441664	18197	10	0	0	4	co_linked	co_linked	1-1	1-1	True	14	0.176	0.136	gain	FP	FP
chr8	81423467	81443283	19816	11	0	0	3	co_linked	co_linked	1-1	1-1	True	14	0.176	0.129	gain	FP	FP
chr8	81423467	81443386	19919	10	0	0	3	co_linked	co_linked	1-1	1-1	True	13	0.176	0.129	gain	FP	FP
chr8	81423467	81443478	20011	11	0	0	2	co_linked	co_linked	1-1	1-1	True	13	0.176	0.122	gain	FP	FP
chr8	81423467	81448631	25164	9	0	0	1	sparse	co_linked	1-1	1-1	True	10	0.176	0.165	gain	FP	FP
chr8	81423467	81448660	25193	9	0	0	1	sparse	co_linked	1-1	1-1	True	10	0.176	0.167	gain	FP	FP
chr8	81423467	81449286	25819	7	0	0	1	sparse	co_linked	1-1	1-1	True	8	0.176	0.154	gain	FP	FP
chr8	81423467	81451107	27640	6	0	0	1	sparse	co_linked	1-1	1-1	True	7	0.176	0.167	gain	FP	FP
chr8	81423467	81451118	27651	6	0	0	1	sparse	co_linked	1-1	1-1	True	7	0.176	0.185	gain	FP	FP
chr8	81423583	81432622	9039	29	0	0	8	co_linked	co_linked	1-1	1-1	True	37	0.183	0.235	gain	FP	FP
chr8	81423583	81433532	9949	26	0	0	8	co_linked	co_linked	1-1	1-1	True	34	0.183	0.193	gain	FP	FP
chr8	81423583	81434164	10581	26	0	0	7	co_linked	co_linked	1-1	1-1	True	33	0.183	0.205	gain	FP	FP
chr8	81423583	81434245	10662	26	0	0	7	co_linked	co_linked	1-1	1-1	True	33	0.183	0.17	gain	FP	FP
chr8	81423583	81434701	11118	24	0	0	7	co_linked	co_linked	1-1	1-1	True	31	0.183	0.14	gain	FP	FP
chr8	81423583	81434745	11162	24	0	0	7	co_linked	co_linked	1-1	1-1	True	31	0.183	0.149	gain	FP	FP
chr8	81423583	81435550	11967	21	0	0	7	co_linked	co_linked	1-1	1-1	True	28	0.183	0.143	gain	FP	FP
chr8	81423583	81436544	12961	19	0	0	6	co_linked	co_linked	1-1	1-1	True	25	0.183	0.126	gain	FP	FP
chr8	81423583	81437858	14275	16	0	0	6	co_linked	co_linked	1-1	1-1	True	22	0.183	0.151	gain	FP	FP
chr8	81423583	81437965	14382	16	0	0	6	co_linked	co_linked	1-1	1-1	True	22	0.183	0.136	gain	FP	FP
chr8	81423583	81440106	16523	15	0	0	3	co_linked	co_linked	1-1	1-1	True	18	0.183	0.102	gain	FP	FP
chr8	81423583	81440843	17260	15	0	0	4	co_linked	co_linked	1-1	1-1	True	19	0.183	0.14	gain	FP	FP
chr8	81423583	81441359	17776	11	0	0	4	co_linked	co_linked	1-1	1-1	True	15	0.183	0.17	gain	FP	FP
chr8	81423583	81441418	17835	10	0	0	4	co_linked	co_linked	1-1	1-1	True	14	0.183	0.138	gain	FP	FP
chr8	81423583	81441605	18022	7	0	0	4	co_linked	co_linked	1-1	1-1	True	11	0.183	0.208	gain	FP	FP
chr8	81423583	81441664	18081	9	0	0	4	co_linked	co_linked	1-1	1-1	True	13	0.183	0.136	gain	FP	FP
chr8	81423583	81443283	19700	10	0	0	3	co_linked	co_linked	1-1	1-1	True	13	0.183	0.129	gain	FP	FP
chr8	81423583	81443386	19803	9	0	0	3	co_linked	co_linked	1-1	1-1	True	12	0.183	0.129	gain	FP	FP
chr8	81423583	81443478	19895	10	0	0	2	co_linked	co_linked	1-1	1-1	True	12	0.183	0.122	gain	FP	FP
chr8	81423583	81448631	25048	9	0	0	1	sparse	co_linked	1-1	1-1	True	10	0.183	0.165	gain	FP	FP
chr8	81423583	81448660	25077	9	0	0	1	sparse	co_linked	1-1	1-1	True	10	0.183	0.167	gain	FP	FP
chr8	81423583	81449286	25703	7	0	0	1	sparse	co_linked	1-1	1-1	True	8	0.183	0.154	gain	FP	FP
chr8	81423583	81451107	27524	6	0	0	1	sparse	co_linked	1-1	1-1	True	7	0.183	0.167	gain	FP	FP
chr8	81423583	81451118	27535	6	0	0	1	sparse	co_linked	1-1	1-1	True	7	0.183	0.185	gain	FP	FP
chr8	81423841	81424908	1067	60	0	0	10	co_linked	co_linked	1-1	1-1	True	70	0.173	0.133	gain	FP	FP
chr8	81423841	81425637	1796	54	0	0	10	co_linked	co_linked	1-1	1-1	True	64	0.173	0.119	gain	FP	FP
chr8	81423841	81426379	2538	50	0	0	10	co_linked	co_linked	1-1	1-1	True	60	0.173	0.133	gain	FP	FP
chr8	81423841	81427447	3606	43	0	0	10	co_linked	co_linked	1-1	1-1	True	53	0.173	0.145	gain	FP	FP
chr8	81423841	81428186	4345	43	0	0	9	co_linked	co_linked	1-1	1-1	True	52	0.173	0.145	gain	FP	FP
chr8	81423841	81428256	4415	41	0	0	9	co_linked	co_linked	1-1	1-1	True	50	0.173	0.16	gain	FP	FP
chr8	81423841	81428694	4853	41	0	0	9	co_linked	co_linked	1-1	1-1	True	50	0.173	0.169	gain	FP	FP
chr8	81423841	81430800	6959	35	0	0	9	co_linked	co_linked	1-1	1-1	True	44	0.173	0.23	gain	FP	FP
chr8	81423841	81431203	7362	34	0	0	9	co_linked	co_linked	1-1	1-1	True	43	0.173	0.209	gain	FP	FP
chr8	81423841	81431249	7408	34	0	0	9	co_linked	co_linked	1-1	1-1	True	43	0.173	0.202	gain	FP	FP
chr8	81423841	81433532	9691	28	0	0	7	co_linked	co_linked	1-1	1-1	True	35	0.173	0.193	gain	FP	FP
chr8	81423841	81434164	10323	28	0	0	6	co_linked	co_linked	1-1	1-1	True	34	0.173	0.205	gain	FP	FP
chr8	81423841	81434245	10404	28	0	0	6	co_linked	co_linked	1-1	1-1	True	34	0.173	0.17	gain	FP	FP
chr8	81423841	81434701	10860	26	0	0	6	co_linked	co_linked	1-1	1-1	True	32	0.173	0.14	gain	FP	FP
chr8	81423841	81434745	10904	26	0	0	6	co_linked	co_linked	1-1	1-1	True	32	0.173	0.149	gain	FP	FP
chr8	81423841	81435550	11709	23	0	0	6	co_linked	co_linked	1-1	1-1	True	29	0.173	0.143	gain	FP	FP
chr8	81423841	81436544	12703	20	0	0	6	co_linked	co_linked	1-1	1-1	True	26	0.173	0.126	gain	FP	FP
chr8	81423841	81437858	14017	17	0	0	6	co_linked	co_linked	1-1	1-1	True	23	0.173	0.151	gain	FP	FP
chr8	81423841	81437965	14124	17	0	0	6	co_linked	co_linked	1-1	1-1	True	23	0.173	0.136	gain	FP	FP
chr8	81423841	81440106	16265	16	0	0	3	co_linked	co_linked	1-1	1-1	True	19	0.173	0.102	gain	FP	FP
chr8	81423841	81440843	17002	16	0	0	4	co_linked	co_linked	1-1	1-1	True	20	0.173	0.14	gain	FP	FP
chr8	81423841	81441359	17518	12	0	0	4	co_linked	co_linked	1-1	1-1	True	16	0.173	0.17	gain	FP	FP
chr8	81423841	81441418	17577	11	0	0	4	co_linked	co_linked	1-1	1-1	True	15	0.173	0.138	gain	FP	FP
chr8	81423841	81441664	17823	10	0	0	4	co_linked	co_linked	1-1	1-1	True	14	0.173	0.136	gain	FP	FP
chr8	81423841	81443283	19442	11	0	0	3	co_linked	co_linked	1-1	1-1	True	14	0.173	0.129	gain	FP	FP
chr8	81423841	81443386	19545	10	0	0	3	co_linked	co_linked	1-1	1-1	True	13	0.173	0.129	gain	FP	FP
chr8	81423841	81443478	19637	11	0	0	2	co_linked	co_linked	1-1	1-1	True	13	0.173	0.122	gain	FP	FP
chr8	81423841	81448631	24790	9	0	0	1	sparse	co_linked	1-1	1-1	True	10	0.173	0.165	gain	FP	FP
chr8	81423841	81448660	24819	9	0	0	1	sparse	co_linked	1-1	1-1	True	10	0.173	0.167	gain	FP	FP
chr8	81423841	81449286	25445	7	0	0	1	sparse	co_linked	1-1	1-1	True	8	0.173	0.154	gain	FP	FP
chr8	81423841	81451107	27266	6	0	0	1	sparse	co_linked	1-1	1-1	True	7	0.173	0.167	gain	FP	FP
chr8	81423841	81451118	27277	6	0	0	1	sparse	co_linked	1-1	1-1	True	7	0.173	0.185	gain	FP	FP
chr8	81424607	81424908	301	72	0	0	11	co_linked	co_linked	1-1	1-1	True	83	0.141	0.133	gain	FP	FP
chr8	81424607	81426379	1772	60	0	0	11	co_linked	co_linked	1-1	1-1	True	71	0.141	0.133	gain	FP	FP
chr8	81424607	81427447	2840	51	0	0	11	co_linked	co_linked	1-1	1-1	True	62	0.141	0.145	gain	FP	FP
chr8	81424607	81428186	3579	50	0	0	10	co_linked	co_linked	1-1	1-1	True	60	0.141	0.145	gain	FP	FP
chr8	81424607	81428256	3649	47	0	0	10	co_linked	co_linked	1-1	1-1	True	57	0.141	0.16	gain	FP	FP
chr8	81424607	81428694	4087	47	0	0	10	co_linked	co_linked	1-1	1-1	True	57	0.141	0.169	gain	FP	FP
chr8	81424607	81430800	6193	39	0	0	10	co_linked	co_linked	1-1	1-1	True	49	0.141	0.23	gain	FP	FP
chr8	81424607	81431203	6596	36	0	0	10	co_linked	co_linked	1-1	1-1	True	46	0.141	0.209	gain	FP	FP
chr8	81424607	81431249	6642	36	0	0	10	co_linked	co_linked	1-1	1-1	True	46	0.141	0.202	gain	FP	FP
chr8	81424607	81433532	8925	28	0	0	8	co_linked	co_linked	1-1	1-1	True	36	0.141	0.193	gain	FP	FP
chr8	81424607	81434164	9557	28	0	0	7	co_linked	co_linked	1-1	1-1	True	35	0.141	0.205	gain	FP	FP
chr8	81424607	81434245	9638	28	0	0	7	co_linked	co_linked	1-1	1-1	True	35	0.141	0.17	gain	FP	FP
chr8	81424607	81434701	10094	26	0	0	7	co_linked	co_linked	1-1	1-1	True	33	0.141	0.14	gain	FP	FP
chr8	81424607	81434745	10138	26	0	0	7	co_linked	co_linked	1-1	1-1	True	33	0.141	0.149	gain	FP	FP
chr8	81424607	81435550	10943	23	0	0	7	co_linked	co_linked	1-1	1-1	True	30	0.141	0.143	gain	FP	FP
chr8	81424607	81436544	11937	20	0	0	6	co_linked	co_linked	1-1	1-1	True	26	0.141	0.126	gain	FP	FP
chr8	81424607	81437858	13251	17	0	0	6	co_linked	co_linked	1-1	1-1	True	23	0.141	0.151	gain	FP	FP
chr8	81424607	81437965	13358	17	0	0	6	co_linked	co_linked	1-1	1-1	True	23	0.141	0.136	gain	FP	FP
chr8	81424607	81440106	15499	16	0	0	3	co_linked	co_linked	1-1	1-1	True	19	0.141	0.102	gain	FP	FP
chr8	81424607	81440843	16236	16	0	0	4	co_linked	co_linked	1-1	1-1	True	20	0.141	0.14	gain	FP	FP
chr8	81424607	81441359	16752	12	0	0	4	co_linked	co_linked	1-1	1-1	True	16	0.141	0.17	gain	FP	FP
chr8	81424607	81441418	16811	11	0	0	4	co_linked	co_linked	1-1	1-1	True	15	0.141	0.138	gain	FP	FP
chr8	81424607	81441664	17057	10	0	0	4	co_linked	co_linked	1-1	1-1	True	14	0.141	0.136	gain	FP	FP
chr8	81424607	81443283	18676	11	0	0	3	co_linked	co_linked	1-1	1-1	True	14	0.141	0.129	gain	FP	FP
chr8	81424607	81443386	18779	10	0	0	3	co_linked	co_linked	1-1	1-1	True	13	0.141	0.129	gain	FP	FP
chr8	81424607	81443478	18871	11	0	0	2	co_linked	co_linked	1-1	1-1	True	13	0.141	0.122	gain	FP	FP
chr8	81424607	81448631	24024	9	0	0	1	sparse	co_linked	1-1	1-1	True	10	0.141	0.165	gain	FP	FP
chr8	81424607	81448660	24053	9	0	0	1	sparse	co_linked	1-1	1-1	True	10	0.141	0.167	gain	FP	FP
chr8	81424607	81449286	24679	7	0	0	1	sparse	co_linked	1-1	1-1	True	8	0.141	0.154	gain	FP	FP
chr8	81424607	81451107	26500	6	0	0	1	sparse	co_linked	1-1	1-1	True	7	0.141	0.167	gain	FP	FP
chr8	81424607	81451118	26511	6	0	0	1	sparse	co_linked	1-1	1-1	True	7	0.141	0.185	gain	FP	FP
chr8	81424849	81427447	2598	51	0	0	10	co_linked	co_linked	1-1	1-1	True	61	0.134	0.145	gain	FP	FP
chr8	81424849	81428186	3337	50	0	0	9	co_linked	co_linked	1-1	1-1	True	59	0.134	0.145	gain	FP	FP
chr8	81424849	81428256	3407	47	0	0	9	co_linked	co_linked	1-1	1-1	True	56	0.134	0.16	gain	FP	FP
chr8	81424849	81428694	3845	47	0	0	9	co_linked	co_linked	1-1	1-1	True	56	0.134	0.169	gain	FP	FP
chr8	81424849	81430800	5951	39	0	0	9	co_linked	co_linked	1-1	1-1	True	48	0.134	0.23	gain	FP	FP
chr8	81424849	81431203	6354	36	0	0	9	co_linked	co_linked	1-1	1-1	True	45	0.134	0.209	gain	FP	FP
chr8	81424849	81431249	6400	36	0	0	9	co_linked	co_linked	1-1	1-1	True	45	0.134	0.202	gain	FP	FP
chr8	81424849	81433532	8683	28	0	0	8	co_linked	co_linked	1-1	1-1	True	36	0.134	0.193	gain	FP	FP
chr8	81424849	81434164	9315	28	0	0	7	co_linked	co_linked	1-1	1-1	True	35	0.134	0.205	gain	FP	FP
chr8	81424849	81434245	9396	28	0	0	7	co_linked	co_linked	1-1	1-1	True	35	0.134	0.17	gain	FP	FP
chr8	81424849	81434701	9852	26	0	0	7	co_linked	co_linked	1-1	1-1	True	33	0.134	0.14	gain	FP	FP
chr8	81424849	81434745	9896	26	0	0	7	co_linked	co_linked	1-1	1-1	True	33	0.134	0.149	gain	FP	FP
chr8	81424849	81435550	10701	23	0	0	7	co_linked	co_linked	1-1	1-1	True	30	0.134	0.143	gain	FP	FP
chr8	81424849	81436544	11695	20	0	0	6	co_linked	co_linked	1-1	1-1	True	26	0.134	0.126	gain	FP	FP
chr8	81424849	81437858	13009	17	0	0	6	co_linked	co_linked	1-1	1-1	True	23	0.134	0.151	gain	FP	FP
chr8	81424849	81437965	13116	17	0	0	6	co_linked	co_linked	1-1	1-1	True	23	0.134	0.136	gain	FP	FP
chr8	81424849	81440106	15257	16	0	0	3	co_linked	co_linked	1-1	1-1	True	19	0.134	0.102	gain	FP	FP
chr8	81424849	81440843	15994	16	0	0	4	co_linked	co_linked	1-1	1-1	True	20	0.134	0.14	gain	FP	FP
chr8	81424849	81441359	16510	12	0	0	4	co_linked	co_linked	1-1	1-1	True	16	0.134	0.17	gain	FP	FP
chr8	81424849	81441418	16569	11	0	0	4	co_linked	co_linked	1-1	1-1	True	15	0.134	0.138	gain	FP	FP
chr8	81424849	81441664	16815	10	0	0	4	co_linked	co_linked	1-1	1-1	True	14	0.134	0.136	gain	FP	FP
chr8	81424849	81443283	18434	11	0	0	3	co_linked	co_linked	1-1	1-1	True	14	0.134	0.129	gain	FP	FP
chr8	81424849	81443386	18537	10	0	0	3	co_linked	co_linked	1-1	1-1	True	13	0.134	0.129	gain	FP	FP
chr8	81424849	81443478	18629	11	0	0	2	co_linked	co_linked	1-1	1-1	True	13	0.134	0.122	gain	FP	FP
chr8	81424849	81448631	23782	9	0	0	1	sparse	co_linked	1-1	1-1	True	10	0.134	0.165	gain	FP	FP
chr8	81424849	81448660	23811	9	0	0	1	sparse	co_linked	1-1	1-1	True	10	0.134	0.167	gain	FP	FP
chr8	81424849	81449286	24437	7	0	0	1	sparse	co_linked	1-1	1-1	True	8	0.134	0.154	gain	FP	FP
chr8	81424849	81451107	26258	6	0	0	1	sparse	co_linked	1-1	1-1	True	7	0.134	0.167	gain	FP	FP
chr8	81424849	81451118	26269	6	0	0	1	sparse	co_linked	1-1	1-1	True	7	0.134	0.185	gain	FP	FP
chr8	81424908	81426379	1471	60	0	0	11	co_linked	co_linked	1-1	1-1	True	71	0.133	0.133	gain	FP	FP
chr8	81424908	81427447	2539	51	0	0	11	co_linked	co_linked	1-1	1-1	True	62	0.133	0.145	gain	FP	FP
chr8	81424908	81428186	3278	50	0	0	10	co_linked	co_linked	1-1	1-1	True	60	0.133	0.145	gain	FP	FP
chr8	81424908	81428256	3348	47	0	0	10	co_linked	co_linked	1-1	1-1	True	57	0.133	0.16	gain	FP	FP
chr8	81424908	81428694	3786	47	0	0	10	co_linked	co_linked	1-1	1-1	True	57	0.133	0.169	gain	FP	FP
chr8	81424908	81430800	5892	39	0	0	10	co_linked	co_linked	1-1	1-1	True	49	0.133	0.23	gain	FP	FP
chr8	81424908	81431203	6295	36	0	0	10	co_linked	co_linked	1-1	1-1	True	46	0.133	0.209	gain	FP	FP
chr8	81424908	81431249	6341	36	0	0	10	co_linked	co_linked	1-1	1-1	True	46	0.133	0.202	gain	FP	FP
chr8	81424908	81433532	8624	28	0	0	8	co_linked	co_linked	1-1	1-1	True	36	0.133	0.193	gain	FP	FP
chr8	81424908	81434164	9256	28	0	0	7	co_linked	co_linked	1-1	1-1	True	35	0.133	0.205	gain	FP	FP
chr8	81424908	81434245	9337	28	0	0	7	co_linked	co_linked	1-1	1-1	True	35	0.133	0.17	gain	FP	FP
chr8	81424908	81434701	9793	26	0	0	7	co_linked	co_linked	1-1	1-1	True	33	0.133	0.14	gain	FP	FP
chr8	81424908	81434745	9837	26	0	0	7	co_linked	co_linked	1-1	1-1	True	33	0.133	0.149	gain	FP	FP
chr8	81424908	81435550	10642	23	0	0	7	co_linked	co_linked	1-1	1-1	True	30	0.133	0.143	gain	FP	FP
chr8	81424908	81436544	11636	20	0	0	6	co_linked	co_linked	1-1	1-1	True	26	0.133	0.126	gain	FP	FP
chr8	81424908	81437858	12950	17	0	0	6	co_linked	co_linked	1-1	1-1	True	23	0.133	0.151	gain	FP	FP
chr8	81424908	81437965	13057	17	0	0	6	co_linked	co_linked	1-1	1-1	True	23	0.133	0.136	gain	FP	FP
chr8	81424908	81440106	15198	16	0	0	3	co_linked	co_linked	1-1	1-1	True	19	0.133	0.102	gain	FP	FP
chr8	81424908	81440843	15935	16	0	0	4	co_linked	co_linked	1-1	1-1	True	20	0.133	0.14	gain	FP	FP
chr8	81424908	81441359	16451	12	0	0	4	co_linked	co_linked	1-1	1-1	True	16	0.133	0.17	gain	FP	FP
chr8	81424908	81441418	16510	11	0	0	4	co_linked	co_linked	1-1	1-1	True	15	0.133	0.138	gain	FP	FP
chr8	81424908	81441664	16756	10	0	0	4	co_linked	co_linked	1-1	1-1	True	14	0.133	0.136	gain	FP	FP
chr8	81424908	81443283	18375	11	0	0	3	co_linked	co_linked	1-1	1-1	True	14	0.133	0.129	gain	FP	FP
chr8	81424908	81443386	18478	10	0	0	3	co_linked	co_linked	1-1	1-1	True	13	0.133	0.129	gain	FP	FP
chr8	81424908	81443478	18570	11	0	0	2	co_linked	co_linked	1-1	1-1	True	13	0.133	0.122	gain	FP	FP
chr8	81424908	81448631	23723	9	0	0	1	sparse	co_linked	1-1	1-1	True	10	0.133	0.165	gain	FP	FP
chr8	81424908	81448660	23752	9	0	0	1	sparse	co_linked	1-1	1-1	True	10	0.133	0.167	gain	FP	FP
chr8	81424908	81449286	24378	7	0	0	1	sparse	co_linked	1-1	1-1	True	8	0.133	0.154	gain	FP	FP
chr8	81424908	81451107	26199	6	0	0	1	sparse	co_linked	1-1	1-1	True	7	0.133	0.167	gain	FP	FP
chr8	81424908	81451118	26210	6	0	0	1	sparse	co_linked	1-1	1-1	True	7	0.133	0.185	gain	FP	FP
chr8	81425637	81436544	10907	20	0	0	6	co_linked	co_linked	1-1	1-1	True	26	0.119	0.126	gain	FP	FP
chr8	81425637	81437858	12221	17	0	0	6	co_linked	co_linked	1-1	1-1	True	23	0.119	0.151	gain	FP	FP
chr8	81425637	81437965	12328	17	0	0	6	co_linked	co_linked	1-1	1-1	True	23	0.119	0.136	gain	FP	FP
chr8	81425637	81440106	14469	16	0	0	3	co_linked	co_linked	1-1	1-1	True	19	0.119	0.102	gain	FP	FP
chr8	81425637	81440843	15206	16	0	0	4	co_linked	co_linked	1-1	1-1	True	20	0.119	0.14	gain	FP	FP
chr8	81425637	81441359	15722	12	0	0	4	co_linked	co_linked	1-1	1-1	True	16	0.119	0.17	gain	FP	FP
chr8	81425637	81441418	15781	11	0	0	4	co_linked	co_linked	1-1	1-1	True	15	0.119	0.138	gain	FP	FP
chr8	81425637	81441664	16027	10	0	0	4	co_linked	co_linked	1-1	1-1	True	14	0.119	0.136	gain	FP	FP
chr8	81425637	81443283	17646	11	0	0	3	co_linked	co_linked	1-1	1-1	True	14	0.119	0.129	gain	FP	FP
chr8	81425637	81443386	17749	10	0	0	3	co_linked	co_linked	1-1	1-1	True	13	0.119	0.129	gain	FP	FP
chr8	81425637	81443478	17841	11	0	0	2	co_linked	co_linked	1-1	1-1	True	13	0.119	0.122	gain	FP	FP
chr8	81425637	81448631	22994	9	0	0	1	sparse	co_linked	1-1	1-1	True	10	0.119	0.165	gain	FP	FP
chr8	81425637	81448660	23023	9	0	0	1	sparse	co_linked	1-1	1-1	True	10	0.119	0.167	gain	FP	FP
chr8	81425637	81449286	23649	7	0	0	1	sparse	co_linked	1-1	1-1	True	8	0.119	0.154	gain	FP	FP
chr8	81425637	81451107	25470	6	0	0	1	sparse	co_linked	1-1	1-1	True	7	0.119	0.167	gain	FP	FP
chr8	81425637	81451118	25481	6	0	0	1	sparse	co_linked	1-1	1-1	True	7	0.119	0.185	gain	FP	FP
chr8	81426379	81427447	1068	61	0	0	11	co_linked	co_linked	1-1	1-1	True	72	0.133	0.145	gain	FP	FP
chr8	81426379	81428186	1807	60	0	0	10	co_linked	co_linked	1-1	1-1	True	70	0.133	0.145	gain	FP	FP
chr8	81426379	81428256	1877	57	0	0	10	co_linked	co_linked	1-1	1-1	True	67	0.133	0.16	gain	FP	FP
chr8	81426379	81428694	2315	56	0	0	10	co_linked	co_linked	1-1	1-1	True	66	0.133	0.169	gain	FP	FP
chr8	81426379	81431203	4824	43	0	0	10	co_linked	co_linked	1-1	1-1	True	53	0.133	0.209	gain	FP	FP
chr8	81426379	81431249	4870	42	0	0	10	co_linked	co_linked	1-1	1-1	True	52	0.133	0.202	gain	FP	FP
chr8	81426379	81433532	7153	34	0	0	8	co_linked	co_linked	1-1	1-1	True	42	0.133	0.193	gain	FP	FP
chr8	81426379	81434164	7785	34	0	0	7	co_linked	co_linked	1-1	1-1	True	41	0.133	0.205	gain	FP	FP
chr8	81426379	81434245	7866	33	0	0	7	co_linked	co_linked	1-1	1-1	True	40	0.133	0.17	gain	FP	FP
chr8	81426379	81434701	8322	32	0	0	7	co_linked	co_linked	1-1	1-1	True	39	0.133	0.14	gain	FP	FP
chr8	81426379	81434745	8366	32	0	0	7	co_linked	co_linked	1-1	1-1	True	39	0.133	0.149	gain	FP	FP
chr8	81426379	81435550	9171	29	0	0	7	co_linked	co_linked	1-1	1-1	True	36	0.133	0.143	gain	FP	FP
chr8	81426379	81436544	10165	25	0	0	6	co_linked	co_linked	1-1	1-1	True	31	0.133	0.126	gain	FP	FP
chr8	81426379	81437858	11479	19	0	0	6	co_linked	co_linked	1-1	1-1	True	25	0.133	0.151	gain	FP	FP
chr8	81426379	81437965	11586	19	0	0	6	co_linked	co_linked	1-1	1-1	True	25	0.133	0.136	gain	FP	FP
chr8	81426379	81440106	13727	18	0	0	3	co_linked	co_linked	1-1	1-1	True	21	0.133	0.102	gain	FP	FP
chr8	81426379	81440843	14464	18	0	0	4	co_linked	co_linked	1-1	1-1	True	22	0.133	0.14	gain	FP	FP
chr8	81426379	81441359	14980	14	0	0	4	co_linked	co_linked	1-1	1-1	True	18	0.133	0.17	gain	FP	FP
chr8	81426379	81441418	15039	13	0	0	4	co_linked	co_linked	1-1	1-1	True	17	0.133	0.138	gain	FP	FP
chr8	81426379	81441664	15285	12	0	0	4	co_linked	co_linked	1-1	1-1	True	16	0.133	0.136	gain	FP	FP
chr8	81426379	81443283	16904	13	0	0	3	co_linked	co_linked	1-1	1-1	True	16	0.133	0.129	gain	FP	FP
chr8	81426379	81443386	17007	12	0	0	3	co_linked	co_linked	1-1	1-1	True	15	0.133	0.129	gain	FP	FP
chr8	81426379	81443478	17099	13	0	0	2	co_linked	co_linked	1-1	1-1	True	15	0.133	0.122	gain	FP	FP
chr8	81426379	81448631	22252	9	0	0	1	sparse	co_linked	1-1	1-1	True	10	0.133	0.165	gain	FP	FP
chr8	81426379	81448660	22281	9	0	0	1	sparse	co_linked	1-1	1-1	True	10	0.133	0.167	gain	FP	FP
chr8	81426379	81449286	22907	7	0	0	1	sparse	co_linked	1-1	1-1	True	8	0.133	0.154	gain	FP	FP
chr8	81426379	81451107	24728	6	0	0	1	sparse	co_linked	1-1	1-1	True	7	0.133	0.167	gain	FP	FP
chr8	81426379	81451118	24739	6	0	0	1	sparse	co_linked	1-1	1-1	True	7	0.133	0.185	gain	FP	FP
chr8	81427447	81428186	739	63	0	0	10	co_linked	co_linked	1-1	1-1	True	73	0.145	0.145	gain	FP	FP
chr8	81427447	81428256	809	60	0	0	10	co_linked	co_linked	1-1	1-1	True	70	0.145	0.16	gain	FP	FP
chr8	81427447	81428694	1247	59	0	0	10	co_linked	co_linked	1-1	1-1	True	69	0.145	0.169	gain	FP	FP
chr8	81427447	81431203	3756	45	0	0	10	co_linked	co_linked	1-1	1-1	True	55	0.145	0.209	gain	FP	FP
chr8	81427447	81431249	3802	44	0	0	10	co_linked	co_linked	1-1	1-1	True	54	0.145	0.202	gain	FP	FP
chr8	81427447	81433532	6085	34	0	0	8	co_linked	co_linked	1-1	1-1	True	42	0.145	0.193	gain	FP	FP
chr8	81427447	81434164	6717	34	0	0	7	co_linked	co_linked	1-1	1-1	True	41	0.145	0.205	gain	FP	FP
chr8	81427447	81434245	6798	33	0	0	7	co_linked	co_linked	1-1	1-1	True	40	0.145	0.17	gain	FP	FP
chr8	81427447	81434701	7254	32	0	0	7	co_linked	co_linked	1-1	1-1	True	39	0.145	0.14	gain	FP	FP
chr8	81427447	81434745	7298	32	0	0	7	co_linked	co_linked	1-1	1-1	True	39	0.145	0.149	gain	FP	FP
chr8	81427447	81435550	8103	29	0	0	7	co_linked	co_linked	1-1	1-1	True	36	0.145	0.143	gain	FP	FP
chr8	81427447	81436544	9097	25	0	0	6	co_linked	co_linked	1-1	1-1	True	31	0.145	0.126	gain	FP	FP
chr8	81427447	81437858	10411	19	0	0	6	co_linked	co_linked	1-1	1-1	True	25	0.145	0.151	gain	FP	FP
chr8	81427447	81437965	10518	19	0	0	6	co_linked	co_linked	1-1	1-1	True	25	0.145	0.136	gain	FP	FP
chr8	81427447	81440106	12659	18	0	0	3	co_linked	co_linked	1-1	1-1	True	21	0.145	0.102	gain	FP	FP
chr8	81427447	81440843	13396	18	0	0	4	co_linked	co_linked	1-1	1-1	True	22	0.145	0.14	gain	FP	FP
chr8	81427447	81441359	13912	14	0	0	4	co_linked	co_linked	1-1	1-1	True	18	0.145	0.17	gain	FP	FP
chr8	81427447	81441418	13971	13	0	0	4	co_linked	co_linked	1-1	1-1	True	17	0.145	0.138	gain	FP	FP
chr8	81427447	81441664	14217	12	0	0	4	co_linked	co_linked	1-1	1-1	True	16	0.145	0.136	gain	FP	FP
chr8	81427447	81443283	15836	13	0	0	3	co_linked	co_linked	1-1	1-1	True	16	0.145	0.129	gain	FP	FP
chr8	81427447	81443386	15939	12	0	0	3	co_linked	co_linked	1-1	1-1	True	15	0.145	0.129	gain	FP	FP
chr8	81427447	81443478	16031	13	0	0	2	co_linked	co_linked	1-1	1-1	True	15	0.145	0.122	gain	FP	FP
chr8	81427447	81448631	21184	9	0	0	1	sparse	co_linked	1-1	1-1	True	10	0.145	0.165	gain	FP	FP
chr8	81427447	81448660	21213	9	0	0	1	sparse	co_linked	1-1	1-1	True	10	0.145	0.167	gain	FP	FP
chr8	81427447	81449286	21839	7	0	0	1	sparse	co_linked	1-1	1-1	True	8	0.145	0.154	gain	FP	FP
chr8	81427447	81451107	23660	6	0	0	1	sparse	co_linked	1-1	1-1	True	7	0.145	0.167	gain	FP	FP
chr8	81427447	81451118	23671	6	0	0	1	sparse	co_linked	1-1	1-1	True	7	0.145	0.185	gain	FP	FP
chr8	81428186	81428256	70	68	0	0	12	co_linked	co_linked	1-1	1-1	True	80	0.145	0.16	gain	FP	FP
chr8	81428186	81428694	508	67	0	0	12	co_linked	co_linked	1-1	1-1	True	79	0.145	0.169	gain	FP	FP
chr8	81428186	81431203	3017	50	0	0	12	co_linked	co_linked	1-1	1-1	True	62	0.145	0.209	gain	FP	FP
chr8	81428186	81431249	3063	49	0	0	12	co_linked	co_linked	1-1	1-1	True	61	0.145	0.202	gain	FP	FP
chr8	81428186	81433532	5346	35	0	0	10	co_linked	co_linked	1-1	1-1	True	45	0.145	0.193	gain	FP	FP
chr8	81428186	81434164	5978	35	0	0	9	co_linked	co_linked	1-1	1-1	True	44	0.145	0.205	gain	FP	FP
chr8	81428186	81434245	6059	34	0	0	9	co_linked	co_linked	1-1	1-1	True	43	0.145	0.17	gain	FP	FP
chr8	81428186	81434701	6515	33	0	0	8	co_linked	co_linked	1-1	1-1	True	41	0.145	0.14	gain	FP	FP
chr8	81428186	81434745	6559	33	0	0	8	co_linked	co_linked	1-1	1-1	True	41	0.145	0.149	gain	FP	FP
chr8	81428186	81435550	7364	30	0	0	8	co_linked	co_linked	1-1	1-1	True	38	0.145	0.143	gain	FP	FP
chr8	81428186	81436544	8358	26	0	0	7	co_linked	co_linked	1-1	1-1	True	33	0.145	0.126	gain	FP	FP
chr8	81428186	81437858	9672	20	0	0	7	co_linked	co_linked	1-1	1-1	True	27	0.145	0.151	gain	FP	FP
chr8	81428186	81437965	9779	20	0	0	7	co_linked	co_linked	1-1	1-1	True	27	0.145	0.136	gain	FP	FP
chr8	81428186	81440106	11920	19	0	0	4	co_linked	co_linked	1-1	1-1	True	23	0.145	0.102	gain	FP	FP
chr8	81428186	81440843	12657	19	0	0	5	co_linked	co_linked	1-1	1-1	True	24	0.145	0.14	gain	FP	FP
chr8	81428186	81441359	13173	15	0	0	5	co_linked	co_linked	1-1	1-1	True	20	0.145	0.17	gain	FP	FP
chr8	81428186	81441418	13232	14	0	0	5	co_linked	co_linked	1-1	1-1	True	19	0.145	0.138	gain	FP	FP
chr8	81428186	81441664	13478	13	0	0	5	co_linked	co_linked	1-1	1-1	True	18	0.145	0.136	gain	FP	FP
chr8	81428186	81443283	15097	13	0	0	4	co_linked	co_linked	1-1	1-1	True	17	0.145	0.129	gain	FP	FP
chr8	81428186	81443386	15200	12	0	0	4	co_linked	co_linked	1-1	1-1	True	16	0.145	0.129	gain	FP	FP
chr8	81428186	81443478	15292	13	0	0	3	co_linked	co_linked	1-1	1-1	True	16	0.145	0.122	gain	FP	FP
chr8	81428186	81448631	20445	9	0	0	1	sparse	co_linked	1-1	1-1	True	10	0.145	0.165	gain	FP	FP
chr8	81428186	81448660	20474	9	0	0	1	sparse	co_linked	1-1	1-1	True	10	0.145	0.167	gain	FP	FP
chr8	81428186	81449286	21100	7	0	0	1	sparse	co_linked	1-1	1-1	True	8	0.145	0.154	gain	FP	FP
chr8	81428186	81451107	22921	6	0	0	1	sparse	co_linked	1-1	1-1	True	7	0.145	0.167	gain	FP	FP
chr8	81428186	81451118	22932	6	0	0	1	sparse	co_linked	1-1	1-1	True	7	0.145	0.185	gain	FP	FP
chr8	81428256	81428694	438	67	0	0	13	co_linked	co_linked	1-1	1-1	True	80	0.16	0.169	gain	FP	FP
chr8	81428256	81431203	2947	50	0	0	13	co_linked	co_linked	1-1	1-1	True	63	0.16	0.209	gain	FP	FP
chr8	81428256	81431249	2993	49	0	0	13	co_linked	co_linked	1-1	1-1	True	62	0.16	0.202	gain	FP	FP
chr8	81428256	81433532	5276	35	0	0	11	co_linked	co_linked	1-1	1-1	True	46	0.16	0.193	gain	FP	FP
chr8	81428256	81434164	5908	35	0	0	10	co_linked	co_linked	1-1	1-1	True	45	0.16	0.205	gain	FP	FP
chr8	81428256	81434245	5989	34	0	0	9	co_linked	co_linked	1-1	1-1	True	43	0.16	0.17	gain	FP	FP
chr8	81428256	81434701	6445	33	0	0	9	co_linked	co_linked	1-1	1-1	True	42	0.16	0.14	gain	FP	FP
chr8	81428256	81434745	6489	33	0	0	9	co_linked	co_linked	1-1	1-1	True	42	0.16	0.149	gain	FP	FP
chr8	81428256	81435550	7294	30	0	0	8	co_linked	co_linked	1-1	1-1	True	38	0.16	0.143	gain	FP	FP
chr8	81428256	81436544	8288	26	0	0	7	co_linked	co_linked	1-1	1-1	True	33	0.16	0.126	gain	FP	FP
chr8	81428256	81437858	9602	20	0	0	7	co_linked	co_linked	1-1	1-1	True	27	0.16	0.151	gain	FP	FP
chr8	81428256	81437965	9709	20	0	0	7	co_linked	co_linked	1-1	1-1	True	27	0.16	0.136	gain	FP	FP
chr8	81428256	81440106	11850	19	0	0	4	co_linked	co_linked	1-1	1-1	True	23	0.16	0.102	gain	FP	FP
chr8	81428256	81440843	12587	19	0	0	5	co_linked	co_linked	1-1	1-1	True	24	0.16	0.14	gain	FP	FP
chr8	81428256	81441359	13103	15	0	0	5	co_linked	co_linked	1-1	1-1	True	20	0.16	0.17	gain	FP	FP
chr8	81428256	81441418	13162	14	0	0	5	co_linked	co_linked	1-1	1-1	True	19	0.16	0.138	gain	FP	FP
chr8	81428256	81441664	13408	13	0	0	5	co_linked	co_linked	1-1	1-1	True	18	0.16	0.136	gain	FP	FP
chr8	81428256	81443283	15027	13	0	0	4	co_linked	co_linked	1-1	1-1	True	17	0.16	0.129	gain	FP	FP
chr8	81428256	81443386	15130	12	0	0	4	co_linked	co_linked	1-1	1-1	True	16	0.16	0.129	gain	FP	FP
chr8	81428256	81443478	15222	13	0	0	3	co_linked	co_linked	1-1	1-1	True	16	0.16	0.122	gain	FP	FP
chr8	81428256	81448631	20375	9	0	0	1	sparse	co_linked	1-1	1-1	True	10	0.16	0.165	gain	FP	FP
chr8	81428256	81448660	20404	9	0	0	1	sparse	co_linked	1-1	1-1	True	10	0.16	0.167	gain	FP	FP
chr8	81428256	81449286	21030	7	0	0	1	sparse	co_linked	1-1	1-1	True	8	0.16	0.154	gain	FP	FP
chr8	81428256	81451107	22851	6	0	0	1	sparse	co_linked	1-1	1-1	True	7	0.16	0.167	gain	FP	FP
chr8	81428256	81451118	22862	6	0	0	1	sparse	co_linked	1-1	1-1	True	7	0.16	0.185	gain	FP	FP
chr8	81428693	81449286	20593	7	0	0	2	co_linked	co_linked	1-1	1-1	True	9	0.179	0.154	gain	FP	FP
chr8	81428693	81451107	22414	6	0	0	2	co_linked	co_linked	1-1	1-1	True	8	0.179	0.167	gain	FP	FP
chr8	81428693	81451118	22425	6	0	0	2	co_linked	co_linked	1-1	1-1	True	8	0.179	0.185	gain	FP	FP
chr8	81428694	81431203	2509	50	0	0	14	co_linked	co_linked	1-1	1-1	True	64	0.169	0.209	gain	FP	FP
chr8	81428694	81431249	2555	49	0	0	14	co_linked	co_linked	1-1	1-1	True	63	0.169	0.202	gain	FP	FP
chr8	81428694	81433532	4838	35	0	0	12	co_linked	co_linked	1-1	1-1	True	47	0.169	0.193	gain	FP	FP
chr8	81428694	81434164	5470	35	0	0	11	co_linked	co_linked	1-1	1-1	True	46	0.169	0.205	gain	FP	FP
chr8	81428694	81434745	6051	33	0	0	10	co_linked	co_linked	1-1	1-1	True	43	0.169	0.149	gain	FP	FP
chr8	81428694	81435550	6856	30	0	0	8	co_linked	co_linked	1-1	1-1	True	38	0.169	0.143	gain	FP	FP
chr8	81428694	81436544	7850	26	0	0	8	co_linked	co_linked	1-1	1-1	True	34	0.169	0.126	gain	FP	FP
chr8	81428694	81437858	9164	21	0	0	8	co_linked	co_linked	1-1	1-1	True	29	0.169	0.151	gain	FP	FP
chr8	81428694	81437965	9271	21	0	0	8	co_linked	co_linked	1-1	1-1	True	29	0.169	0.136	gain	FP	FP
chr8	81428694	81440106	11412	20	0	0	4	co_linked	co_linked	1-1	1-1	True	24	0.169	0.102	gain	FP	FP
chr8	81428694	81440843	12149	20	0	0	6	co_linked	co_linked	1-1	1-1	True	26	0.169	0.14	gain	FP	FP
chr8	81428694	81441359	12665	16	0	0	6	co_linked	co_linked	1-1	1-1	True	22	0.169	0.17	gain	FP	FP
chr8	81428694	81441418	12724	15	0	0	6	co_linked	co_linked	1-1	1-1	True	21	0.169	0.138	gain	FP	FP
chr8	81428694	81441664	12970	14	0	0	6	co_linked	co_linked	1-1	1-1	True	20	0.169	0.136	gain	FP	FP
chr8	81428694	81443283	14589	14	0	0	5	co_linked	co_linked	1-1	1-1	True	19	0.169	0.129	gain	FP	FP
chr8	81428694	81443386	14692	13	0	0	5	co_linked	co_linked	1-1	1-1	True	18	0.169	0.129	gain	FP	FP
chr8	81428694	81443478	14784	14	0	0	4	co_linked	co_linked	1-1	1-1	True	18	0.169	0.122	gain	FP	FP
chr8	81428694	81448631	19937	9	0	0	2	co_linked	co_linked	1-1	1-1	True	11	0.169	0.165	gain	FP	FP
chr8	81428694	81448660	19966	9	0	0	2	co_linked	co_linked	1-1	1-1	True	11	0.169	0.167	gain	FP	FP
chr8	81428694	81449286	20592	7	0	0	2	co_linked	co_linked	1-1	1-1	True	9	0.169	0.154	gain	FP	FP
chr8	81428694	81451107	22413	6	0	0	2	co_linked	co_linked	1-1	1-1	True	8	0.169	0.167	gain	FP	FP
chr8	81428694	81451118	22424	6	0	0	2	co_linked	co_linked	1-1	1-1	True	8	0.169	0.185	gain	FP	FP
chr8	81430413	81451107	20694	11	0	0	2	co_linked	co_linked	1-1	1-1	True	13	0.259	0.167	gain	FP	FP
chr8	81430413	81455481	25068	8	0	0	1	sparse	co_linked	1-1	1-1	True	9	0.259	0.139	gain	FP	FP
chr8	81430413	81455541	25128	8	0	0	1	sparse	co_linked	1-1	1-1	True	9	0.259	0.13	gain	FP	FP
chr8	81430413	81456034	25621	7	0	0	1	sparse	co_linked	1-1	1-1	True	8	0.259	0.168	gain	FP	FP
chr8	81430413	81460303	29890	6	0	0	1	sparse	co_linked	1-1	1-1	True	7	0.259	0.115	gain	FP	FP
chr8	81430450	81435550	5100	44	0	0	9	co_linked	co_linked	1-1	1-1	True	53	0.148	0.143	gain	FP	FP
chr8	81430450	81436544	6094	40	0	0	9	co_linked	co_linked	1-1	1-1	True	49	0.148	0.126	gain	FP	FP
chr8	81430450	81437858	7408	34	0	0	8	co_linked	co_linked	1-1	1-1	True	42	0.148	0.151	gain	FP	FP
chr8	81430450	81437965	7515	34	0	0	8	co_linked	co_linked	1-1	1-1	True	42	0.148	0.136	gain	FP	FP
chr8	81430450	81440106	9656	32	0	0	4	co_linked	co_linked	1-1	1-1	True	36	0.148	0.102	gain	FP	FP
chr8	81430450	81440843	10393	31	0	0	6	co_linked	co_linked	1-1	1-1	True	37	0.148	0.14	gain	FP	FP
chr8	81430450	81441359	10909	27	0	0	6	co_linked	co_linked	1-1	1-1	True	33	0.148	0.17	gain	FP	FP
chr8	81430450	81441418	10968	27	0	0	6	co_linked	co_linked	1-1	1-1	True	33	0.148	0.138	gain	FP	FP
chr8	81430450	81441664	11214	24	0	0	6	co_linked	co_linked	1-1	1-1	True	30	0.148	0.136	gain	FP	FP
chr8	81430450	81443283	12833	23	0	0	5	co_linked	co_linked	1-1	1-1	True	28	0.148	0.129	gain	FP	FP
chr8	81430450	81443386	12936	20	0	0	5	co_linked	co_linked	1-1	1-1	True	25	0.148	0.129	gain	FP	FP
chr8	81430450	81443478	13028	20	0	0	4	co_linked	co_linked	1-1	1-1	True	24	0.148	0.122	gain	FP	FP
chr8	81430450	81448631	18181	14	0	0	2	co_linked	co_linked	1-1	1-1	True	16	0.148	0.165	gain	FP	FP
chr8	81430450	81448660	18210	13	0	0	2	co_linked	co_linked	1-1	1-1	True	15	0.148	0.167	gain	FP	FP
chr8	81430450	81449286	18836	12	0	0	2	co_linked	co_linked	1-1	1-1	True	14	0.148	0.154	gain	FP	FP
chr8	81430450	81451107	20657	11	0	0	2	co_linked	co_linked	1-1	1-1	True	13	0.148	0.167	gain	FP	FP
chr8	81430450	81455481	25031	8	0	0	1	sparse	co_linked	1-1	1-1	True	9	0.148	0.139	gain	FP	FP
chr8	81430450	81455541	25091	8	0	0	1	sparse	co_linked	1-1	1-1	True	9	0.148	0.13	gain	FP	FP
chr8	81430450	81456034	25584	7	0	0	1	sparse	co_linked	1-1	1-1	True	8	0.148	0.168	gain	FP	FP
chr8	81430450	81460303	29853	6	0	0	1	sparse	co_linked	1-1	1-1	True	7	0.148	0.115	gain	FP	FP
chr8	81430800	81437858	7058	35	0	0	8	co_linked	co_linked	1-1	1-1	True	43	0.23	0.151	gain	FP	FP
chr8	81430800	81437965	7165	35	0	0	8	co_linked	co_linked	1-1	1-1	True	43	0.23	0.136	gain	FP	FP
chr8	81430800	81440106	9306	33	0	0	4	co_linked	co_linked	1-1	1-1	True	37	0.23	0.102	gain	FP	FP
chr8	81430800	81440843	10043	32	0	0	6	co_linked	co_linked	1-1	1-1	True	38	0.23	0.14	gain	FP	FP
chr8	81430800	81441418	10618	28	0	0	6	co_linked	co_linked	1-1	1-1	True	34	0.23	0.138	gain	FP	FP
chr8	81430800	81441664	10864	25	0	0	6	co_linked	co_linked	1-1	1-1	True	31	0.23	0.136	gain	FP	FP
chr8	81430800	81443283	12483	24	0	0	5	co_linked	co_linked	1-1	1-1	True	29	0.23	0.129	gain	FP	FP
chr8	81430800	81443386	12586	21	0	0	5	co_linked	co_linked	1-1	1-1	True	26	0.23	0.129	gain	FP	FP
chr8	81430800	81443478	12678	21	0	0	4	co_linked	co_linked	1-1	1-1	True	25	0.23	0.122	gain	FP	FP
chr8	81430800	81448631	17831	15	0	0	2	co_linked	co_linked	1-1	1-1	True	17	0.23	0.165	gain	FP	FP
chr8	81430800	81448660	17860	14	0	0	2	co_linked	co_linked	1-1	1-1	True	16	0.23	0.167	gain	FP	FP
chr8	81430800	81449286	18486	13	0	0	2	co_linked	co_linked	1-1	1-1	True	15	0.23	0.154	gain	FP	FP
chr8	81430800	81451107	20307	12	0	0	2	co_linked	co_linked	1-1	1-1	True	14	0.23	0.167	gain	FP	FP
chr8	81430800	81455481	24681	9	0	0	1	sparse	co_linked	1-1	1-1	True	10	0.23	0.139	gain	FP	FP
chr8	81430800	81455541	24741	9	0	0	1	sparse	co_linked	1-1	1-1	True	10	0.23	0.13	gain	FP	FP
chr8	81430800	81456034	25234	8	0	0	1	sparse	co_linked	1-1	1-1	True	9	0.23	0.168	gain	FP	FP
chr8	81430800	81460303	29503	7	0	0	1	sparse	co_linked	1-1	1-1	True	8	0.23	0.115	gain	FP	FP
chr8	81430800	81465297	34497	5	0	0	1	sparse	co_linked	1-1	1-1	True	6	0.23	0.136	gain	FP	FP
chr8	81430934	81437858	6924	35	0	0	8	co_linked	co_linked	1-1	1-1	True	43	0.195	0.151	gain	FP	FP
chr8	81430934	81437965	7031	35	0	0	8	co_linked	co_linked	1-1	1-1	True	43	0.195	0.136	gain	FP	FP
chr8	81430934	81440106	9172	33	0	0	4	co_linked	co_linked	1-1	1-1	True	37	0.195	0.102	gain	FP	FP
chr8	81430934	81440843	9909	32	0	0	6	co_linked	co_linked	1-1	1-1	True	38	0.195	0.14	gain	FP	FP
chr8	81430934	81441418	10484	28	0	0	6	co_linked	co_linked	1-1	1-1	True	34	0.195	0.138	gain	FP	FP
chr8	81430934	81441664	10730	25	0	0	6	co_linked	co_linked	1-1	1-1	True	31	0.195	0.136	gain	FP	FP
chr8	81430934	81443283	12349	24	0	0	5	co_linked	co_linked	1-1	1-1	True	29	0.195	0.129	gain	FP	FP
chr8	81430934	81443386	12452	21	0	0	5	co_linked	co_linked	1-1	1-1	True	26	0.195	0.129	gain	FP	FP
chr8	81430934	81443478	12544	21	0	0	4	co_linked	co_linked	1-1	1-1	True	25	0.195	0.122	gain	FP	FP
chr8	81430934	81448631	17697	15	0	0	2	co_linked	co_linked	1-1	1-1	True	17	0.195	0.165	gain	FP	FP
chr8	81430934	81448660	17726	14	0	0	2	co_linked	co_linked	1-1	1-1	True	16	0.195	0.167	gain	FP	FP
chr8	81430934	81449286	18352	13	0	0	2	co_linked	co_linked	1-1	1-1	True	15	0.195	0.154	gain	FP	FP
chr8	81430934	81451107	20173	12	0	0	2	co_linked	co_linked	1-1	1-1	True	14	0.195	0.167	gain	FP	FP
chr8	81430934	81455481	24547	9	0	0	1	sparse	co_linked	1-1	1-1	True	10	0.195	0.139	gain	FP	FP
chr8	81430934	81455541	24607	9	0	0	1	sparse	co_linked	1-1	1-1	True	10	0.195	0.13	gain	FP	FP
chr8	81430934	81456034	25100	8	0	0	1	sparse	co_linked	1-1	1-1	True	9	0.195	0.168	gain	FP	FP
chr8	81430934	81460303	29369	7	0	0	1	sparse	co_linked	1-1	1-1	True	8	0.195	0.115	gain	FP	FP
chr8	81430934	81465297	34363	5	0	0	1	sparse	co_linked	1-1	1-1	True	6	0.195	0.136	gain	FP	FP
chr8	81431203	81433532	2329	53	0	0	15	co_linked	co_linked	1-1	1-1	True	68	0.209	0.193	gain	FP	FP
chr8	81431203	81434164	2961	52	0	0	14	co_linked	co_linked	1-1	1-1	True	66	0.209	0.205	gain	FP	FP
chr8	81431203	81434745	3542	51	0	0	13	co_linked	co_linked	1-1	1-1	True	64	0.209	0.149	gain	FP	FP
chr8	81431203	81435550	4347	47	0	0	11	co_linked	co_linked	1-1	1-1	True	58	0.209	0.143	gain	FP	FP
chr8	81431203	81437858	6655	36	0	0	10	co_linked	co_linked	1-1	1-1	True	46	0.209	0.151	gain	FP	FP
chr8	81431203	81437965	6762	36	0	0	10	co_linked	co_linked	1-1	1-1	True	46	0.209	0.136	gain	FP	FP
chr8	81431203	81440106	8903	34	0	0	6	co_linked	co_linked	1-1	1-1	True	40	0.209	0.102	gain	FP	FP
chr8	81431203	81440843	9640	33	0	0	8	co_linked	co_linked	1-1	1-1	True	41	0.209	0.14	gain	FP	FP
chr8	81431203	81441418	10215	29	0	0	8	co_linked	co_linked	1-1	1-1	True	37	0.209	0.138	gain	FP	FP
chr8	81431203	81441664	10461	26	0	0	7	co_linked	co_linked	1-1	1-1	True	33	0.209	0.136	gain	FP	FP
chr8	81431203	81443283	12080	25	0	0	7	co_linked	co_linked	1-1	1-1	True	32	0.209	0.129	gain	FP	FP
chr8	81431203	81443386	12183	22	0	0	7	co_linked	co_linked	1-1	1-1	True	29	0.209	0.129	gain	FP	FP
chr8	81431203	81443478	12275	22	0	0	6	co_linked	co_linked	1-1	1-1	True	28	0.209	0.122	gain	FP	FP
chr8	81431203	81448631	17428	16	0	0	4	co_linked	co_linked	1-1	1-1	True	20	0.209	0.165	gain	FP	FP
chr8	81431203	81448660	17457	15	0	0	4	co_linked	co_linked	1-1	1-1	True	19	0.209	0.167	gain	FP	FP
chr8	81431203	81449286	18083	14	0	0	4	co_linked	co_linked	1-1	1-1	True	18	0.209	0.154	gain	FP	FP
chr8	81431203	81451107	19904	13	0	0	4	co_linked	co_linked	1-1	1-1	True	17	0.209	0.167	gain	FP	FP
chr8	81431203	81455481	24278	10	0	0	3	co_linked	co_linked	1-1	1-1	True	13	0.209	0.139	gain	FP	FP
chr8	81431203	81455541	24338	10	0	0	3	co_linked	co_linked	1-1	1-1	True	13	0.209	0.13	gain	FP	FP
chr8	81431203	81456034	24831	9	0	0	3	co_linked	co_linked	1-1	1-1	True	12	0.209	0.168	gain	FP	FP
chr8	81431203	81460303	29100	8	0	0	3	co_linked	co_linked	1-1	1-1	True	11	0.209	0.115	gain	FP	FP
chr8	81431203	81465297	34094	5	0	0	3	co_linked	co_linked	1-1	1-1	True	8	0.209	0.136	gain	FP	FP
chr8	81431203	81467265	36062	3	0	0	3	co_linked	co_linked	1-1	1-1	True	6	0.209	0.172	gain	FP	FP
chr8	81431203	81468003	36800	3	0	0	3	co_linked	co_linked	1-1	1-1	True	6	0.209	0.17	gain	FP	FP
chr8	81431203	81469430	38227	3	0	0	3	co_linked	co_linked	1-1	1-1	True	6	0.209	0.196	gain	FP	FP
chr8	81431203	81469478	38275	3	0	0	3	co_linked	co_linked	1-1	1-1	True	6	0.209	0.205	gain	FP	FP
chr8	81431203	81470325	39122	3	0	0	3	co_linked	co_linked	1-1	1-1	True	6	0.209	0.167	gain	FP	FP
chr8	81431249	81436544	5295	42	0	0	10	co_linked	co_linked	1-1	1-1	True	52	0.202	0.126	gain	FP	FP
chr8	81431249	81441664	10415	25	0	0	7	co_linked	co_linked	1-1	1-1	True	32	0.202	0.136	gain	FP	FP
chr8	81432622	81448660	16038	17	0	0	4	co_linked	co_linked	1-1	1-1	True	21	0.235	0.167	gain	FP	FP
chr8	81433532	81434745	1213	65	0	0	13	co_linked	co_linked	1-1	1-1	True	78	0.193	0.149	gain	FP	FP
chr8	81433532	81437965	4433	46	0	0	10	co_linked	co_linked	1-1	1-1	True	56	0.193	0.136	gain	FP	FP
chr8	81433532	81440106	6574	42	0	0	6	co_linked	co_linked	1-1	1-1	True	48	0.193	0.102	gain	FP	FP
chr8	81433532	81440843	7311	41	0	0	8	co_linked	co_linked	1-1	1-1	True	49	0.193	0.14	gain	FP	FP
chr8	81433532	81441418	7886	37	0	0	8	co_linked	co_linked	1-1	1-1	True	45	0.193	0.138	gain	FP	FP
chr8	81433532	81441664	8132	32	0	0	7	co_linked	co_linked	1-1	1-1	True	39	0.193	0.136	gain	FP	FP
chr8	81433532	81443283	9751	32	0	0	7	co_linked	co_linked	1-1	1-1	True	39	0.193	0.129	gain	FP	FP
chr8	81433532	81443386	9854	30	0	0	7	co_linked	co_linked	1-1	1-1	True	37	0.193	0.129	gain	FP	FP
chr8	81433532	81443478	9946	29	0	0	6	co_linked	co_linked	1-1	1-1	True	35	0.193	0.122	gain	FP	FP
chr8	81433532	81448631	15099	20	0	0	4	co_linked	co_linked	1-1	1-1	True	24	0.193	0.165	gain	FP	FP
chr8	81433532	81448660	15128	19	0	0	4	co_linked	co_linked	1-1	1-1	True	23	0.193	0.167	gain	FP	FP
chr8	81433532	81449286	15754	18	0	0	4	co_linked	co_linked	1-1	1-1	True	22	0.193	0.154	gain	FP	FP
chr8	81433532	81451107	17575	17	0	0	4	co_linked	co_linked	1-1	1-1	True	21	0.193	0.167	gain	FP	FP
chr8	81433532	81455481	21949	12	0	0	3	co_linked	co_linked	1-1	1-1	True	15	0.193	0.139	gain	FP	FP
chr8	81433532	81455541	22009	12	0	0	3	co_linked	co_linked	1-1	1-1	True	15	0.193	0.13	gain	FP	FP
chr8	81433532	81456034	22502	11	0	0	3	co_linked	co_linked	1-1	1-1	True	14	0.193	0.168	gain	FP	FP
chr8	81433532	81460303	26771	10	0	0	3	co_linked	co_linked	1-1	1-1	True	13	0.193	0.115	gain	FP	FP
chr8	81433532	81465297	31765	6	0	0	3	co_linked	co_linked	1-1	1-1	True	9	0.193	0.136	gain	FP	FP
chr8	81433532	81467265	33733	4	0	0	3	co_linked	co_linked	1-1	1-1	True	7	0.193	0.172	gain	FP	FP
chr8	81433532	81468003	34471	3	0	0	3	co_linked	co_linked	1-1	1-1	True	6	0.193	0.17	gain	FP	FP
chr8	81433532	81469430	35898	3	0	0	3	co_linked	co_linked	1-1	1-1	True	6	0.193	0.196	gain	FP	FP
chr8	81433532	81469478	35946	3	0	0	3	co_linked	co_linked	1-1	1-1	True	6	0.193	0.205	gain	FP	FP
chr8	81433532	81470325	36793	3	0	0	3	co_linked	co_linked	1-1	1-1	True	6	0.193	0.167	gain	FP	FP
chr8	81434164	81448631	14467	20	0	0	4	co_linked	co_linked	1-1	1-1	True	24	0.205	0.165	gain	FP	FP
chr8	81434164	81448660	14496	19	0	0	4	co_linked	co_linked	1-1	1-1	True	23	0.205	0.167	gain	FP	FP
chr8	81434164	81449286	15122	18	0	0	4	co_linked	co_linked	1-1	1-1	True	22	0.205	0.154	gain	FP	FP
chr8	81434164	81451107	16943	17	0	0	4	co_linked	co_linked	1-1	1-1	True	21	0.205	0.167	gain	FP	FP
chr8	81434164	81455481	21317	11	0	0	3	co_linked	co_linked	1-1	1-1	True	14	0.205	0.139	gain	FP	FP
chr8	81434164	81455541	21377	11	0	0	3	co_linked	co_linked	1-1	1-1	True	14	0.205	0.13	gain	FP	FP
chr8	81434164	81456034	21870	10	0	0	3	co_linked	co_linked	1-1	1-1	True	13	0.205	0.168	gain	FP	FP
chr8	81434164	81460303	26139	9	0	0	3	co_linked	co_linked	1-1	1-1	True	12	0.205	0.115	gain	FP	FP
chr8	81434164	81465297	31133	5	0	0	3	co_linked	co_linked	1-1	1-1	True	8	0.205	0.136	gain	FP	FP
chr8	81434164	81467265	33101	4	0	0	3	co_linked	co_linked	1-1	1-1	True	7	0.205	0.172	gain	FP	FP
chr8	81434164	81468003	33839	3	0	0	3	co_linked	co_linked	1-1	1-1	True	6	0.205	0.17	gain	FP	FP
chr8	81434164	81469430	35266	3	0	0	3	co_linked	co_linked	1-1	1-1	True	6	0.205	0.196	gain	FP	FP
chr8	81434164	81469478	35314	3	0	0	3	co_linked	co_linked	1-1	1-1	True	6	0.205	0.205	gain	FP	FP
chr8	81434164	81470325	36161	3	0	0	3	co_linked	co_linked	1-1	1-1	True	6	0.205	0.167	gain	FP	FP
chr8	81434245	81455481	21236	12	0	0	3	co_linked	co_linked	1-1	1-1	True	15	0.17	0.139	gain	FP	FP
chr8	81434245	81455541	21296	12	0	0	3	co_linked	co_linked	1-1	1-1	True	15	0.17	0.13	gain	FP	FP
chr8	81434245	81456034	21789	11	0	0	3	co_linked	co_linked	1-1	1-1	True	14	0.17	0.168	gain	FP	FP
chr8	81434245	81460303	26058	10	0	0	3	co_linked	co_linked	1-1	1-1	True	13	0.17	0.115	gain	FP	FP
chr8	81434245	81465297	31052	6	0	0	3	co_linked	co_linked	1-1	1-1	True	9	0.17	0.136	gain	FP	FP
chr8	81434245	81467265	33020	4	0	0	3	co_linked	co_linked	1-1	1-1	True	7	0.17	0.172	gain	FP	FP
chr8	81434245	81468003	33758	3	0	0	3	co_linked	co_linked	1-1	1-1	True	6	0.17	0.17	gain	FP	FP
chr8	81434245	81469430	35185	3	0	0	3	co_linked	co_linked	1-1	1-1	True	6	0.17	0.196	gain	FP	FP
chr8	81434245	81469478	35233	3	0	0	3	co_linked	co_linked	1-1	1-1	True	6	0.17	0.205	gain	FP	FP
chr8	81434245	81470325	36080	3	0	0	3	co_linked	co_linked	1-1	1-1	True	6	0.17	0.167	gain	FP	FP
chr8	81434701	81440106	5405	46	0	0	7	co_linked	co_linked	1-1	1-1	True	53	0.14	0.102	gain	FP	FP
chr8	81434701	81455481	20780	13	0	0	4	co_linked	co_linked	1-1	1-1	True	17	0.14	0.139	gain	FP	FP
chr8	81434701	81455541	20840	13	0	0	4	co_linked	co_linked	1-1	1-1	True	17	0.14	0.13	gain	FP	FP
chr8	81434701	81456034	21333	12	0	0	4	co_linked	co_linked	1-1	1-1	True	16	0.14	0.168	gain	FP	FP
chr8	81434701	81460303	25602	11	0	0	3	co_linked	co_linked	1-1	1-1	True	14	0.14	0.115	gain	FP	FP
chr8	81434701	81465297	30596	7	0	0	3	co_linked	co_linked	1-1	1-1	True	10	0.14	0.136	gain	FP	FP
chr8	81434701	81465977	31276	4	0	0	2	co_linked	co_linked	1-1	1-1	True	6	0.14	0.138	gain	FP	FP
chr8	81434701	81467265	32564	5	0	0	3	co_linked	co_linked	1-1	1-1	True	8	0.14	0.172	gain	FP	FP
chr8	81434701	81468003	33302	4	0	0	3	co_linked	co_linked	1-1	1-1	True	7	0.14	0.17	gain	FP	FP
chr8	81434701	81469430	34729	4	0	0	3	co_linked	co_linked	1-1	1-1	True	7	0.14	0.196	gain	FP	FP
chr8	81434701	81469478	34777	4	0	0	3	co_linked	co_linked	1-1	1-1	True	7	0.14	0.205	gain	FP	FP
chr8	81434701	81470041	35340	4	0	0	2	co_linked	co_linked	1-1	1-1	True	6	0.14	0.163	gain	FP	FP
chr8	81434701	81470325	35624	4	0	0	3	co_linked	co_linked	1-1	1-1	True	7	0.14	0.167	gain	FP	FP
chr8	81434745	81437965	3220	52	0	0	11	co_linked	co_linked	1-1	1-1	True	63	0.149	0.136	gain	FP	FP
chr8	81434745	81440106	5361	47	0	0	7	co_linked	co_linked	1-1	1-1	True	54	0.149	0.102	gain	FP	FP
chr8	81434745	81440843	6098	46	0	0	9	co_linked	co_linked	1-1	1-1	True	55	0.149	0.14	gain	FP	FP
chr8	81434745	81441418	6673	42	0	0	9	co_linked	co_linked	1-1	1-1	True	51	0.149	0.138	gain	FP	FP
chr8	81434745	81441664	6919	36	0	0	7	co_linked	co_linked	1-1	1-1	True	43	0.149	0.136	gain	FP	FP
chr8	81434745	81443283	8538	37	0	0	8	co_linked	co_linked	1-1	1-1	True	45	0.149	0.129	gain	FP	FP
chr8	81434745	81443386	8641	35	0	0	8	co_linked	co_linked	1-1	1-1	True	43	0.149	0.129	gain	FP	FP
chr8	81434745	81443478	8733	34	0	0	7	co_linked	co_linked	1-1	1-1	True	41	0.149	0.122	gain	FP	FP
chr8	81434745	81448631	13886	22	0	0	5	co_linked	co_linked	1-1	1-1	True	27	0.149	0.165	gain	FP	FP
chr8	81434745	81448660	13915	21	0	0	5	co_linked	co_linked	1-1	1-1	True	26	0.149	0.167	gain	FP	FP
chr8	81434745	81449286	14541	20	0	0	5	co_linked	co_linked	1-1	1-1	True	25	0.149	0.154	gain	FP	FP
chr8	81434745	81451107	16362	19	0	0	5	co_linked	co_linked	1-1	1-1	True	24	0.149	0.167	gain	FP	FP
chr8	81434745	81455481	20736	13	0	0	4	co_linked	co_linked	1-1	1-1	True	17	0.149	0.139	gain	FP	FP
chr8	81434745	81455541	20796	13	0	0	4	co_linked	co_linked	1-1	1-1	True	17	0.149	0.13	gain	FP	FP
chr8	81434745	81456034	21289	12	0	0	4	co_linked	co_linked	1-1	1-1	True	16	0.149	0.168	gain	FP	FP
chr8	81434745	81460303	25558	11	0	0	3	co_linked	co_linked	1-1	1-1	True	14	0.149	0.115	gain	FP	FP
chr8	81434745	81465297	30552	7	0	0	3	co_linked	co_linked	1-1	1-1	True	10	0.149	0.136	gain	FP	FP
chr8	81434745	81465977	31232	4	0	0	2	co_linked	co_linked	1-1	1-1	True	6	0.149	0.138	gain	FP	FP
chr8	81434745	81467265	32520	5	0	0	3	co_linked	co_linked	1-1	1-1	True	8	0.149	0.172	gain	FP	FP
chr8	81434745	81468003	33258	4	0	0	3	co_linked	co_linked	1-1	1-1	True	7	0.149	0.17	gain	FP	FP
chr8	81434745	81469430	34685	4	0	0	3	co_linked	co_linked	1-1	1-1	True	7	0.149	0.196	gain	FP	FP
chr8	81434745	81469478	34733	4	0	0	3	co_linked	co_linked	1-1	1-1	True	7	0.149	0.205	gain	FP	FP
chr8	81434745	81470041	35296	4	0	0	2	co_linked	co_linked	1-1	1-1	True	6	0.149	0.163	gain	FP	FP
chr8	81434745	81470325	35580	4	0	0	3	co_linked	co_linked	1-1	1-1	True	7	0.149	0.167	gain	FP	FP
chr8	81435384	81465977	30593	4	0	0	2	co_linked	co_linked	1-1	1-1	True	6	0.207	0.138	gain	FP	FP
chr8	81435384	81467265	31881	5	0	0	3	co_linked	co_linked	1-1	1-1	True	8	0.207	0.172	gain	FP	FP
chr8	81435384	81468003	32619	4	0	0	3	co_linked	co_linked	1-1	1-1	True	7	0.207	0.17	gain	FP	FP
chr8	81435384	81469430	34046	4	0	0	3	co_linked	co_linked	1-1	1-1	True	7	0.207	0.196	gain	FP	FP
chr8	81435384	81469478	34094	4	0	0	3	co_linked	co_linked	1-1	1-1	True	7	0.207	0.205	gain	FP	FP
chr8	81435384	81470041	34657	4	0	0	2	co_linked	co_linked	1-1	1-1	True	6	0.207	0.163	gain	FP	FP
chr8	81435384	81470325	34941	4	0	0	3	co_linked	co_linked	1-1	1-1	True	7	0.207	0.167	gain	FP	FP
chr8	81435550	81441664	6114	38	0	0	6	co_linked	co_linked	1-1	1-1	True	44	0.143	0.136	gain	FP	FP
chr8	81435550	81443478	7928	36	0	0	6	co_linked	co_linked	1-1	1-1	True	42	0.143	0.122	gain	FP	FP
chr8	81435550	81455481	19931	15	0	0	4	co_linked	co_linked	1-1	1-1	True	19	0.143	0.139	gain	FP	FP
chr8	81435550	81455541	19991	15	0	0	4	co_linked	co_linked	1-1	1-1	True	19	0.143	0.13	gain	FP	FP
chr8	81435550	81456034	20484	14	0	0	4	co_linked	co_linked	1-1	1-1	True	18	0.143	0.168	gain	FP	FP
chr8	81435550	81460303	24753	12	0	0	3	co_linked	co_linked	1-1	1-1	True	15	0.143	0.115	gain	FP	FP
chr8	81435550	81465297	29747	7	0	0	3	co_linked	co_linked	1-1	1-1	True	10	0.143	0.136	gain	FP	FP
chr8	81435550	81465977	30427	4	0	0	2	co_linked	co_linked	1-1	1-1	True	6	0.143	0.138	gain	FP	FP
chr8	81435550	81467265	31715	5	0	0	3	co_linked	co_linked	1-1	1-1	True	8	0.143	0.172	gain	FP	FP
chr8	81435550	81468003	32453	4	0	0	3	co_linked	co_linked	1-1	1-1	True	7	0.143	0.17	gain	FP	FP
chr8	81435550	81469430	33880	4	0	0	3	co_linked	co_linked	1-1	1-1	True	7	0.143	0.196	gain	FP	FP
chr8	81435550	81469478	33928	4	0	0	3	co_linked	co_linked	1-1	1-1	True	7	0.143	0.205	gain	FP	FP
chr8	81435550	81470041	34491	4	0	0	2	co_linked	co_linked	1-1	1-1	True	6	0.143	0.163	gain	FP	FP
chr8	81435550	81470325	34775	4	0	0	3	co_linked	co_linked	1-1	1-1	True	7	0.143	0.167	gain	FP	FP
chr8	81436544	81441664	5120	43	0	0	7	co_linked	co_linked	1-1	1-1	True	50	0.126	0.136	gain	FP	FP
chr8	81436544	81470041	33497	4	0	0	2	co_linked	co_linked	1-1	1-1	True	6	0.126	0.163	gain	FP	FP
chr8	81436895	81460303	23408	12	0	0	3	co_linked	co_linked	1-1	1-1	True	15	0.149	0.115	gain	FP	FP
chr8	81436895	81465297	28402	7	0	0	3	co_linked	co_linked	1-1	1-1	True	10	0.149	0.136	gain	FP	FP
chr8	81436895	81465977	29082	4	0	0	2	co_linked	co_linked	1-1	1-1	True	6	0.149	0.138	gain	FP	FP
chr8	81436895	81467265	30370	5	0	0	3	co_linked	co_linked	1-1	1-1	True	8	0.149	0.172	gain	FP	FP
chr8	81436895	81468003	31108	4	0	0	3	co_linked	co_linked	1-1	1-1	True	7	0.149	0.17	gain	FP	FP
chr8	81436895	81469430	32535	4	0	0	3	co_linked	co_linked	1-1	1-1	True	7	0.149	0.196	gain	FP	FP
chr8	81436895	81469478	32583	4	0	0	3	co_linked	co_linked	1-1	1-1	True	7	0.149	0.205	gain	FP	FP
chr8	81436895	81470041	33146	4	0	0	2	co_linked	co_linked	1-1	1-1	True	6	0.149	0.163	gain	FP	FP
chr8	81436895	81470325	33430	4	0	0	3	co_linked	co_linked	1-1	1-1	True	7	0.149	0.167	gain	FP	FP
chr8	81437858	81448631	10773	28	0	0	6	co_linked	co_linked	1-1	1-1	True	34	0.151	0.165	gain	FP	FP
chr8	81437858	81448660	10802	27	0	0	6	co_linked	co_linked	1-1	1-1	True	33	0.151	0.167	gain	FP	FP
chr8	81437858	81449286	11428	26	0	0	6	co_linked	co_linked	1-1	1-1	True	32	0.151	0.154	gain	FP	FP
chr8	81437858	81451107	13249	23	0	0	6	co_linked	co_linked	1-1	1-1	True	29	0.151	0.167	gain	FP	FP
chr8	81437858	81455481	17623	17	0	0	4	co_linked	co_linked	1-1	1-1	True	21	0.151	0.139	gain	FP	FP
chr8	81437858	81455541	17683	17	0	0	4	co_linked	co_linked	1-1	1-1	True	21	0.151	0.13	gain	FP	FP
chr8	81437858	81456034	18176	16	0	0	4	co_linked	co_linked	1-1	1-1	True	20	0.151	0.168	gain	FP	FP
chr8	81437858	81460303	22445	12	0	0	3	co_linked	co_linked	1-1	1-1	True	15	0.151	0.115	gain	FP	FP
chr8	81437858	81465297	27439	7	0	0	3	co_linked	co_linked	1-1	1-1	True	10	0.151	0.136	gain	FP	FP
chr8	81437858	81465977	28119	4	0	0	2	co_linked	co_linked	1-1	1-1	True	6	0.151	0.138	gain	FP	FP
chr8	81437858	81467265	29407	5	0	0	3	co_linked	co_linked	1-1	1-1	True	8	0.151	0.172	gain	FP	FP
chr8	81437858	81468003	30145	4	0	0	3	co_linked	co_linked	1-1	1-1	True	7	0.151	0.17	gain	FP	FP
chr8	81437858	81469430	31572	4	0	0	3	co_linked	co_linked	1-1	1-1	True	7	0.151	0.196	gain	FP	FP
chr8	81437858	81469478	31620	4	0	0	3	co_linked	co_linked	1-1	1-1	True	7	0.151	0.205	gain	FP	FP
chr8	81437858	81470041	32183	4	0	0	2	co_linked	co_linked	1-1	1-1	True	6	0.151	0.163	gain	FP	FP
chr8	81437858	81470325	32467	4	0	0	3	co_linked	co_linked	1-1	1-1	True	7	0.151	0.167	gain	FP	FP
chr8	81437965	81440106	2141	61	0	0	8	co_linked	co_linked	1-1	1-1	True	69	0.136	0.102	gain	FP	FP
chr8	81437965	81440843	2878	60	0	0	10	co_linked	co_linked	1-1	1-1	True	70	0.136	0.14	gain	FP	FP
chr8	81437965	81441418	3453	54	0	0	10	co_linked	co_linked	1-1	1-1	True	64	0.136	0.138	gain	FP	FP
chr8	81437965	81441664	3699	48	0	0	8	co_linked	co_linked	1-1	1-1	True	56	0.136	0.136	gain	FP	FP
chr8	81437965	81443283	5318	49	0	0	9	co_linked	co_linked	1-1	1-1	True	58	0.136	0.129	gain	FP	FP
chr8	81437965	81443386	5421	47	0	0	9	co_linked	co_linked	1-1	1-1	True	56	0.136	0.129	gain	FP	FP
chr8	81437965	81443478	5513	46	0	0	8	co_linked	co_linked	1-1	1-1	True	54	0.136	0.122	gain	FP	FP
chr8	81437965	81448631	10666	29	0	0	6	co_linked	co_linked	1-1	1-1	True	35	0.136	0.165	gain	FP	FP
chr8	81437965	81448660	10695	28	0	0	6	co_linked	co_linked	1-1	1-1	True	34	0.136	0.167	gain	FP	FP
chr8	81437965	81449286	11321	27	0	0	6	co_linked	co_linked	1-1	1-1	True	33	0.136	0.154	gain	FP	FP
chr8	81437965	81451107	13142	24	0	0	6	co_linked	co_linked	1-1	1-1	True	30	0.136	0.167	gain	FP	FP
chr8	81437965	81455481	17516	17	0	0	4	co_linked	co_linked	1-1	1-1	True	21	0.136	0.139	gain	FP	FP
chr8	81437965	81455541	17576	17	0	0	4	co_linked	co_linked	1-1	1-1	True	21	0.136	0.13	gain	FP	FP
chr8	81437965	81456034	18069	16	0	0	4	co_linked	co_linked	1-1	1-1	True	20	0.136	0.168	gain	FP	FP
chr8	81437965	81460303	22338	12	0	0	3	co_linked	co_linked	1-1	1-1	True	15	0.136	0.115	gain	FP	FP
chr8	81437965	81465297	27332	7	0	0	3	co_linked	co_linked	1-1	1-1	True	10	0.136	0.136	gain	FP	FP
chr8	81437965	81465977	28012	4	0	0	2	co_linked	co_linked	1-1	1-1	True	6	0.136	0.138	gain	FP	FP
chr8	81437965	81467265	29300	5	0	0	3	co_linked	co_linked	1-1	1-1	True	8	0.136	0.172	gain	FP	FP
chr8	81437965	81468003	30038	4	0	0	3	co_linked	co_linked	1-1	1-1	True	7	0.136	0.17	gain	FP	FP
chr8	81437965	81469430	31465	4	0	0	3	co_linked	co_linked	1-1	1-1	True	7	0.136	0.196	gain	FP	FP
chr8	81437965	81469478	31513	4	0	0	3	co_linked	co_linked	1-1	1-1	True	7	0.136	0.205	gain	FP	FP
chr8	81437965	81470041	32076	4	0	0	2	co_linked	co_linked	1-1	1-1	True	6	0.136	0.163	gain	FP	FP
chr8	81437965	81470325	32360	4	0	0	3	co_linked	co_linked	1-1	1-1	True	7	0.136	0.167	gain	FP	FP
chr8	81440016	81452940	12924	20	0	0	4	co_linked	co_linked	2-1	2-1	True	24	0.11	0.137	gain	FP	FP
chr8	81440106	81440843	737	72	0	0	9	co_linked	co_linked	1-1	1-1	True	81	0.102	0.14	gain	FP	FP
chr8	81440106	81441418	1312	66	0	0	9	co_linked	co_linked	1-1	1-1	True	75	0.102	0.138	gain	FP	FP
chr8	81440106	81441664	1558	59	0	0	7	co_linked	co_linked	1-1	1-1	True	66	0.102	0.136	gain	FP	FP
chr8	81440106	81443283	3177	58	0	0	8	co_linked	co_linked	1-1	1-1	True	66	0.102	0.129	gain	FP	FP
chr8	81440106	81443386	3280	55	0	0	8	co_linked	co_linked	1-1	1-1	True	63	0.102	0.129	gain	FP	FP
chr8	81440106	81443478	3372	54	0	0	7	co_linked	co_linked	1-1	1-1	True	61	0.102	0.122	gain	FP	FP
chr8	81440106	81448631	8525	34	0	0	4	co_linked	co_linked	1-1	1-1	True	38	0.102	0.165	gain	FP	FP
chr8	81440106	81448660	8554	33	0	0	4	co_linked	co_linked	1-1	1-1	True	37	0.102	0.167	gain	FP	FP
chr8	81440106	81449286	9180	31	0	0	4	co_linked	co_linked	1-1	1-1	True	35	0.102	0.154	gain	FP	FP
chr8	81440106	81451107	11001	26	0	0	4	co_linked	co_linked	1-1	1-1	True	30	0.102	0.167	gain	FP	FP
chr8	81440106	81455481	15375	17	0	0	3	co_linked	co_linked	1-1	1-1	True	20	0.102	0.139	gain	FP	FP
chr8	81440106	81455541	15435	17	0	0	3	co_linked	co_linked	1-1	1-1	True	20	0.102	0.13	gain	FP	FP
chr8	81440106	81456034	15928	16	0	0	3	co_linked	co_linked	1-1	1-1	True	19	0.102	0.168	gain	FP	FP
chr8	81440106	81460303	20197	12	0	0	2	co_linked	co_linked	1-1	1-1	True	14	0.102	0.115	gain	FP	FP
chr8	81440106	81465297	25191	7	0	0	2	co_linked	co_linked	1-1	1-1	True	9	0.102	0.136	gain	FP	FP
chr8	81440106	81467265	27159	5	0	0	2	co_linked	co_linked	1-1	1-1	True	7	0.102	0.172	gain	FP	FP
chr8	81440106	81468003	27897	4	0	0	2	co_linked	co_linked	1-1	1-1	True	6	0.102	0.17	gain	FP	FP
chr8	81440106	81469430	29324	4	0	0	2	co_linked	co_linked	1-1	1-1	True	6	0.102	0.196	gain	FP	FP
chr8	81440106	81469478	29372	4	0	0	2	co_linked	co_linked	1-1	1-1	True	6	0.102	0.205	gain	FP	FP
chr8	81440106	81470325	30219	4	0	0	2	co_linked	co_linked	1-1	1-1	True	6	0.102	0.167	gain	FP	FP
chr8	81440843	81441418	575	67	0	0	11	co_linked	co_linked	1-1	1-1	True	78	0.14	0.138	gain	FP	FP
chr8	81440843	81441664	821	60	0	0	10	co_linked	co_linked	1-1	1-1	True	70	0.14	0.136	gain	FP	FP
chr8	81440843	81443283	2440	57	0	0	10	co_linked	co_linked	1-1	1-1	True	67	0.14	0.129	gain	FP	FP
chr8	81440843	81443386	2543	54	0	0	10	co_linked	co_linked	1-1	1-1	True	64	0.14	0.129	gain	FP	FP
chr8	81440843	81443478	2635	53	0	0	9	co_linked	co_linked	1-1	1-1	True	62	0.14	0.122	gain	FP	FP
chr8	81440843	81448631	7788	33	0	0	6	co_linked	co_linked	1-1	1-1	True	39	0.14	0.165	gain	FP	FP
chr8	81440843	81448660	7817	33	0	0	6	co_linked	co_linked	1-1	1-1	True	39	0.14	0.167	gain	FP	FP
chr8	81440843	81449286	8443	30	0	0	6	co_linked	co_linked	1-1	1-1	True	36	0.14	0.154	gain	FP	FP
chr8	81440843	81451107	10264	25	0	0	6	co_linked	co_linked	1-1	1-1	True	31	0.14	0.167	gain	FP	FP
chr8	81440843	81455481	14638	16	0	0	4	co_linked	co_linked	1-1	1-1	True	20	0.14	0.139	gain	FP	FP
chr8	81440843	81455541	14698	16	0	0	4	co_linked	co_linked	1-1	1-1	True	20	0.14	0.13	gain	FP	FP
chr8	81440843	81456034	15191	15	0	0	4	co_linked	co_linked	1-1	1-1	True	19	0.14	0.168	gain	FP	FP
chr8	81440843	81460303	19460	11	0	0	3	co_linked	co_linked	1-1	1-1	True	14	0.14	0.115	gain	FP	FP
chr8	81440843	81465297	24454	6	0	0	3	co_linked	co_linked	1-1	1-1	True	9	0.14	0.136	gain	FP	FP
chr8	81440843	81467265	26422	4	0	0	3	co_linked	co_linked	1-1	1-1	True	7	0.14	0.172	gain	FP	FP
chr8	81440843	81468003	27160	3	0	0	3	co_linked	co_linked	1-1	1-1	True	6	0.14	0.17	gain	FP	FP
chr8	81440843	81469430	28587	3	0	0	3	co_linked	co_linked	1-1	1-1	True	6	0.14	0.196	gain	FP	FP
chr8	81440843	81469478	28635	3	0	0	3	co_linked	co_linked	1-1	1-1	True	6	0.14	0.205	gain	FP	FP
chr8	81440843	81470325	29482	3	0	0	3	co_linked	co_linked	1-1	1-1	True	6	0.14	0.167	gain	FP	FP
chr8	81441268	81448631	7363	37	0	0	4	co_linked	co_linked	1-1	1-1	True	41	0.103	0.165	gain	FP	FP
chr8	81441268	81448660	7392	36	0	0	4	co_linked	co_linked	1-1	1-1	True	40	0.103	0.167	gain	FP	FP
chr8	81441268	81449286	8018	34	0	0	4	co_linked	co_linked	1-1	1-1	True	38	0.103	0.154	gain	FP	FP
chr8	81441268	81451107	9839	29	0	0	4	co_linked	co_linked	1-1	1-1	True	33	0.103	0.167	gain	FP	FP
chr8	81441268	81455481	14213	20	0	0	3	co_linked	co_linked	1-1	1-1	True	23	0.103	0.139	gain	FP	FP
chr8	81441268	81455541	14273	20	0	0	3	co_linked	co_linked	1-1	1-1	True	23	0.103	0.13	gain	FP	FP
chr8	81441268	81456034	14766	18	0	0	3	co_linked	co_linked	1-1	1-1	True	21	0.103	0.168	gain	FP	FP
chr8	81441268	81460303	19035	13	0	0	3	co_linked	co_linked	1-1	1-1	True	16	0.103	0.115	gain	FP	FP
chr8	81441268	81465297	24029	7	0	0	3	co_linked	co_linked	1-1	1-1	True	10	0.103	0.136	gain	FP	FP
chr8	81441268	81465977	24709	4	0	0	2	co_linked	co_linked	1-1	1-1	True	6	0.103	0.138	gain	FP	FP
chr8	81441268	81467265	25997	5	0	0	3	co_linked	co_linked	1-1	1-1	True	8	0.103	0.172	gain	FP	FP
chr8	81441268	81468003	26735	4	0	0	3	co_linked	co_linked	1-1	1-1	True	7	0.103	0.17	gain	FP	FP
chr8	81441268	81469430	28162	4	0	0	3	co_linked	co_linked	1-1	1-1	True	7	0.103	0.196	gain	FP	FP
chr8	81441268	81469478	28210	4	0	0	3	co_linked	co_linked	1-1	1-1	True	7	0.103	0.205	gain	FP	FP
chr8	81441268	81470041	28773	4	0	0	2	co_linked	co_linked	1-1	1-1	True	6	0.103	0.163	gain	FP	FP
chr8	81441268	81470325	29057	4	0	0	3	co_linked	co_linked	1-1	1-1	True	7	0.103	0.167	gain	FP	FP
chr8	81441359	81465977	24618	4	0	0	2	co_linked	co_linked	1-1	1-1	True	6	0.17	0.138	gain	FP	FP
chr8	81441418	81441664	246	67	0	0	10	co_linked	co_linked	1-1	1-1	True	77	0.138	0.136	gain	FP	FP
chr8	81441418	81443283	1865	63	0	0	10	co_linked	co_linked	1-1	1-1	True	73	0.138	0.129	gain	FP	FP
chr8	81441418	81443386	1968	60	0	0	10	co_linked	co_linked	1-1	1-1	True	70	0.138	0.129	gain	FP	FP
chr8	81441418	81443478	2060	59	0	0	9	co_linked	co_linked	1-1	1-1	True	68	0.138	0.122	gain	FP	FP
chr8	81441418	81448631	7213	38	0	0	6	co_linked	co_linked	1-1	1-1	True	44	0.138	0.165	gain	FP	FP
chr8	81441418	81448660	7242	37	0	0	6	co_linked	co_linked	1-1	1-1	True	43	0.138	0.167	gain	FP	FP
chr8	81441418	81449286	7868	35	0	0	6	co_linked	co_linked	1-1	1-1	True	41	0.138	0.154	gain	FP	FP
chr8	81441418	81451107	9689	30	0	0	6	co_linked	co_linked	1-1	1-1	True	36	0.138	0.167	gain	FP	FP
chr8	81441418	81455481	14063	21	0	0	4	co_linked	co_linked	1-1	1-1	True	25	0.138	0.139	gain	FP	FP
chr8	81441418	81455541	14123	21	0	0	4	co_linked	co_linked	1-1	1-1	True	25	0.138	0.13	gain	FP	FP
chr8	81441418	81456034	14616	19	0	0	4	co_linked	co_linked	1-1	1-1	True	23	0.138	0.168	gain	FP	FP
chr8	81441418	81460303	18885	13	0	0	3	co_linked	co_linked	1-1	1-1	True	16	0.138	0.115	gain	FP	FP
chr8	81441418	81465297	23879	7	0	0	3	co_linked	co_linked	1-1	1-1	True	10	0.138	0.136	gain	FP	FP
chr8	81441418	81465977	24559	4	0	0	2	co_linked	co_linked	1-1	1-1	True	6	0.138	0.138	gain	FP	FP
chr8	81441418	81467265	25847	5	0	0	3	co_linked	co_linked	1-1	1-1	True	8	0.138	0.172	gain	FP	FP
chr8	81441418	81468003	26585	4	0	0	3	co_linked	co_linked	1-1	1-1	True	7	0.138	0.17	gain	FP	FP
chr8	81441418	81469430	28012	4	0	0	3	co_linked	co_linked	1-1	1-1	True	7	0.138	0.196	gain	FP	FP
chr8	81441418	81469478	28060	4	0	0	3	co_linked	co_linked	1-1	1-1	True	7	0.138	0.205	gain	FP	FP
chr8	81441418	81470041	28623	4	0	0	2	co_linked	co_linked	1-1	1-1	True	6	0.138	0.163	gain	FP	FP
chr8	81441418	81470325	28907	4	0	0	3	co_linked	co_linked	1-1	1-1	True	7	0.138	0.167	gain	FP	FP
chr8	81441605	81460303	18698	10	0	0	3	co_linked	co_linked	1-1	1-1	True	13	0.208	0.115	gain	FP	FP
chr8	81441605	81465297	23692	5	0	0	3	co_linked	co_linked	1-1	1-1	True	8	0.208	0.136	gain	FP	FP
chr8	81441605	81467265	25660	3	0	0	3	co_linked	co_linked	1-1	1-1	True	6	0.208	0.172	gain	FP	FP
chr8	81441605	81468003	26398	3	0	0	3	co_linked	co_linked	1-1	1-1	True	6	0.208	0.17	gain	FP	FP
chr8	81441605	81469430	27825	3	0	0	3	co_linked	co_linked	1-1	1-1	True	6	0.208	0.196	gain	FP	FP
chr8	81441605	81469478	27873	3	0	0	3	co_linked	co_linked	1-1	1-1	True	6	0.208	0.205	gain	FP	FP
chr8	81441605	81470325	28720	3	0	0	3	co_linked	co_linked	1-1	1-1	True	6	0.208	0.167	gain	FP	FP
chr8	81441664	81443283	1619	60	0	0	8	co_linked	co_linked	1-1	1-1	True	68	0.136	0.129	gain	FP	FP
chr8	81441664	81443386	1722	57	0	0	8	co_linked	co_linked	1-1	1-1	True	65	0.136	0.129	gain	FP	FP
chr8	81441664	81443478	1814	57	0	0	7	co_linked	co_linked	1-1	1-1	True	64	0.136	0.122	gain	FP	FP
chr8	81441664	81448631	6967	35	0	0	4	co_linked	co_linked	1-1	1-1	True	39	0.136	0.165	gain	FP	FP
chr8	81441664	81448660	6996	34	0	0	4	co_linked	co_linked	1-1	1-1	True	38	0.136	0.167	gain	FP	FP
chr8	81441664	81449286	7622	32	0	0	4	co_linked	co_linked	1-1	1-1	True	36	0.136	0.154	gain	FP	FP
chr8	81441664	81451107	9443	28	0	0	4	co_linked	co_linked	1-1	1-1	True	32	0.136	0.167	gain	FP	FP
chr8	81441664	81455481	13817	20	0	0	2	co_linked	co_linked	1-1	1-1	True	22	0.136	0.139	gain	FP	FP
chr8	81441664	81455541	13877	20	0	0	2	co_linked	co_linked	1-1	1-1	True	22	0.136	0.13	gain	FP	FP
chr8	81441664	81456034	14370	18	0	0	2	co_linked	co_linked	1-1	1-1	True	20	0.136	0.168	gain	FP	FP
chr8	81441664	81460303	18639	12	0	0	2	co_linked	co_linked	1-1	1-1	True	14	0.136	0.115	gain	FP	FP
chr8	81441664	81465297	23633	7	0	0	2	co_linked	co_linked	1-1	1-1	True	9	0.136	0.136	gain	FP	FP
chr8	81441664	81467265	25601	5	0	0	2	co_linked	co_linked	1-1	1-1	True	7	0.136	0.172	gain	FP	FP
chr8	81441664	81468003	26339	4	0	0	2	co_linked	co_linked	1-1	1-1	True	6	0.136	0.17	gain	FP	FP
chr8	81441664	81469430	27766	4	0	0	2	co_linked	co_linked	1-1	1-1	True	6	0.136	0.196	gain	FP	FP
chr8	81441664	81469478	27814	4	0	0	2	co_linked	co_linked	1-1	1-1	True	6	0.136	0.205	gain	FP	FP
chr8	81441664	81470041	28377	4	0	0	2	co_linked	co_linked	1-1	1-1	True	6	0.136	0.163	gain	FP	FP
chr8	81441664	81470325	28661	4	0	0	2	co_linked	co_linked	1-1	1-1	True	6	0.136	0.167	gain	FP	FP
chr8	81443283	81443386	103	69	0	0	11	co_linked	co_linked	1-1	1-1	True	80	0.129	0.129	gain	FP	FP
chr8	81443283	81443478	195	67	0	0	10	co_linked	co_linked	1-1	1-1	True	77	0.129	0.122	gain	FP	FP
chr8	81443283	81448631	5348	42	0	0	7	co_linked	co_linked	1-1	1-1	True	49	0.129	0.165	gain	FP	FP
chr8	81443283	81448660	5377	41	0	0	7	co_linked	co_linked	1-1	1-1	True	48	0.129	0.167	gain	FP	FP
chr8	81443283	81449286	6003	39	0	0	7	co_linked	co_linked	1-1	1-1	True	46	0.129	0.154	gain	FP	FP
chr8	81443283	81451107	7824	34	0	0	7	co_linked	co_linked	1-1	1-1	True	41	0.129	0.167	gain	FP	FP
chr8	81443283	81455481	12198	24	0	0	5	co_linked	co_linked	1-1	1-1	True	29	0.129	0.139	gain	FP	FP
chr8	81443283	81455541	12258	24	0	0	5	co_linked	co_linked	1-1	1-1	True	29	0.129	0.13	gain	FP	FP
chr8	81443283	81456034	12751	21	0	0	5	co_linked	co_linked	1-1	1-1	True	26	0.129	0.168	gain	FP	FP
chr8	81443283	81460303	17020	16	0	0	4	co_linked	co_linked	1-1	1-1	True	20	0.129	0.115	gain	FP	FP
chr8	81443283	81465297	22014	10	0	0	4	co_linked	co_linked	1-1	1-1	True	14	0.129	0.136	gain	FP	FP
chr8	81443283	81465977	22694	5	0	0	3	co_linked	co_linked	1-1	1-1	True	8	0.129	0.138	gain	FP	FP
chr8	81443283	81467265	23982	7	0	0	4	co_linked	co_linked	1-1	1-1	True	11	0.129	0.172	gain	FP	FP
chr8	81443283	81468003	24720	6	0	0	4	co_linked	co_linked	1-1	1-1	True	10	0.129	0.17	gain	FP	FP
chr8	81443283	81469430	26147	5	0	0	4	co_linked	co_linked	1-1	1-1	True	9	0.129	0.196	gain	FP	FP
chr8	81443283	81469478	26195	5	0	0	4	co_linked	co_linked	1-1	1-1	True	9	0.129	0.205	gain	FP	FP
chr8	81443283	81470041	26758	6	0	0	3	co_linked	co_linked	1-1	1-1	True	9	0.129	0.163	gain	FP	FP
chr8	81443283	81470325	27042	6	0	0	4	co_linked	co_linked	1-1	1-1	True	10	0.129	0.167	gain	FP	FP
chr8	81443386	81443478	92	71	0	0	10	co_linked	co_linked	1-1	1-1	True	81	0.129	0.122	gain	FP	FP
chr8	81443386	81448631	5245	45	0	0	7	co_linked	co_linked	1-1	1-1	True	52	0.129	0.165	gain	FP	FP
chr8	81443386	81448660	5274	44	0	0	7	co_linked	co_linked	1-1	1-1	True	51	0.129	0.167	gain	FP	FP
chr8	81443386	81449286	5900	42	0	0	7	co_linked	co_linked	1-1	1-1	True	49	0.129	0.154	gain	FP	FP
chr8	81443386	81451107	7721	36	0	0	7	co_linked	co_linked	1-1	1-1	True	43	0.129	0.167	gain	FP	FP
chr8	81443386	81455481	12095	24	0	0	5	co_linked	co_linked	1-1	1-1	True	29	0.129	0.139	gain	FP	FP
chr8	81443386	81455541	12155	24	0	0	5	co_linked	co_linked	1-1	1-1	True	29	0.129	0.13	gain	FP	FP
chr8	81443386	81456034	12648	22	0	0	5	co_linked	co_linked	1-1	1-1	True	27	0.129	0.168	gain	FP	FP
chr8	81443386	81460303	16917	17	0	0	4	co_linked	co_linked	1-1	1-1	True	21	0.129	0.115	gain	FP	FP
chr8	81443386	81465297	21911	10	0	0	4	co_linked	co_linked	1-1	1-1	True	14	0.129	0.136	gain	FP	FP
chr8	81443386	81465977	22591	5	0	0	3	co_linked	co_linked	1-1	1-1	True	8	0.129	0.138	gain	FP	FP
chr8	81443386	81467265	23879	7	0	0	4	co_linked	co_linked	1-1	1-1	True	11	0.129	0.172	gain	FP	FP
chr8	81443386	81468003	24617	6	0	0	4	co_linked	co_linked	1-1	1-1	True	10	0.129	0.17	gain	FP	FP
chr8	81443386	81469430	26044	5	0	0	4	co_linked	co_linked	1-1	1-1	True	9	0.129	0.196	gain	FP	FP
chr8	81443386	81469478	26092	5	0	0	4	co_linked	co_linked	1-1	1-1	True	9	0.129	0.205	gain	FP	FP
chr8	81443386	81470041	26655	6	0	0	3	co_linked	co_linked	1-1	1-1	True	9	0.129	0.163	gain	FP	FP
chr8	81443386	81470325	26939	6	0	0	4	co_linked	co_linked	1-1	1-1	True	10	0.129	0.167	gain	FP	FP
chr8	81443478	81448631	5153	43	0	0	7	co_linked	co_linked	1-1	1-1	True	50	0.122	0.165	gain	FP	FP
chr8	81443478	81448660	5182	42	0	0	7	co_linked	co_linked	1-1	1-1	True	49	0.122	0.167	gain	FP	FP
chr8	81443478	81449286	5808	40	0	0	7	co_linked	co_linked	1-1	1-1	True	47	0.122	0.154	gain	FP	FP
chr8	81443478	81451107	7629	34	0	0	7	co_linked	co_linked	1-1	1-1	True	41	0.122	0.167	gain	FP	FP
chr8	81443478	81455481	12003	23	0	0	5	co_linked	co_linked	1-1	1-1	True	28	0.122	0.139	gain	FP	FP
chr8	81443478	81455541	12063	23	0	0	5	co_linked	co_linked	1-1	1-1	True	28	0.122	0.13	gain	FP	FP
chr8	81443478	81456034	12556	21	0	0	5	co_linked	co_linked	1-1	1-1	True	26	0.122	0.168	gain	FP	FP
chr8	81443478	81460303	16825	15	0	0	4	co_linked	co_linked	1-1	1-1	True	19	0.122	0.115	gain	FP	FP
chr8	81443478	81465297	21819	8	0	0	4	co_linked	co_linked	1-1	1-1	True	12	0.122	0.136	gain	FP	FP
chr8	81443478	81465977	22499	5	0	0	3	co_linked	co_linked	1-1	1-1	True	8	0.122	0.138	gain	FP	FP
chr8	81443478	81467265	23787	7	0	0	4	co_linked	co_linked	1-1	1-1	True	11	0.122	0.172	gain	FP	FP
chr8	81443478	81468003	24525	6	0	0	4	co_linked	co_linked	1-1	1-1	True	10	0.122	0.17	gain	FP	FP
chr8	81443478	81469430	25952	5	0	0	4	co_linked	co_linked	1-1	1-1	True	9	0.122	0.196	gain	FP	FP
chr8	81443478	81469478	26000	5	0	0	4	co_linked	co_linked	1-1	1-1	True	9	0.122	0.205	gain	FP	FP
chr8	81443478	81470041	26563	6	0	0	3	co_linked	co_linked	1-1	1-1	True	9	0.122	0.163	gain	FP	FP
chr8	81443478	81470325	26847	6	0	0	4	co_linked	co_linked	1-1	1-1	True	10	0.122	0.167	gain	FP	FP
chr8	81444877	81457473	12596	24	0	0	8	co_linked	co_linked	3	3	True	32	0.134	0.17	gain	FP	FP
chr8	81447883	81457473	9590	34	0	0	9	co_linked	co_linked	3	3	True	43	0.174	0.17	gain	FP	FP
chr8	81448630	81452495	3865	51	0	0	13	co_linked	co_linked	2-1	2-1	True	64	0.156	0.153	gain	FP	FP
chr8	81448630	81452668	4038	51	0	0	13	co_linked	co_linked	2-1	2-1	True	64	0.156	0.153	gain	FP	FP
chr8	81448631	81448660	29	75	0	0	15	co_linked	co_linked	1-1	1-1	True	90	0.165	0.167	gain	FP	FP
chr8	81448631	81449286	655	67	0	0	14	co_linked	co_linked	1-1	1-1	True	81	0.165	0.154	gain	FP	FP
chr8	81448631	81451107	2476	59	0	0	14	co_linked	co_linked	1-1	1-1	True	73	0.165	0.167	gain	FP	FP
chr8	81448631	81455481	6850	44	0	0	11	co_linked	co_linked	1-1	1-1	True	55	0.165	0.139	gain	FP	FP
chr8	81448631	81455541	6910	44	0	0	10	co_linked	co_linked	1-1	1-1	True	54	0.165	0.13	gain	FP	FP
chr8	81448631	81460303	11672	32	0	0	8	co_linked	co_linked	1-1	1-1	True	40	0.165	0.115	gain	FP	FP
chr8	81448631	81465297	16666	21	0	0	7	co_linked	co_linked	1-1	1-1	True	28	0.165	0.136	gain	FP	FP
chr8	81448631	81465977	17346	13	0	0	6	co_linked	co_linked	1-1	1-1	True	19	0.165	0.138	gain	FP	FP
chr8	81448631	81467265	18634	15	0	0	7	co_linked	co_linked	1-1	1-1	True	22	0.165	0.172	gain	FP	FP
chr8	81448631	81468003	19372	14	0	0	7	co_linked	co_linked	1-1	1-1	True	21	0.165	0.17	gain	FP	FP
chr8	81448631	81469478	20847	12	0	0	7	co_linked	co_linked	1-1	1-1	True	19	0.165	0.205	gain	FP	FP
chr8	81448631	81470041	21410	14	0	0	6	co_linked	co_linked	1-1	1-1	True	20	0.165	0.163	gain	FP	FP
chr8	81448631	81470325	21694	14	0	0	7	co_linked	co_linked	1-1	1-1	True	21	0.165	0.167	gain	FP	FP
chr8	81448631	81478858	30227	8	0	0	2	co_linked	co_linked	1-1	1-1	True	10	0.165	0.135	gain	FP	FP
chr8	81448660	81449286	626	66	0	0	14	co_linked	co_linked	1-1	1-1	True	80	0.167	0.154	gain	FP	FP
chr8	81448660	81451107	2447	58	0	0	14	co_linked	co_linked	1-1	1-1	True	72	0.167	0.167	gain	FP	FP
chr8	81448660	81455481	6821	43	0	0	11	co_linked	co_linked	1-1	1-1	True	54	0.167	0.139	gain	FP	FP
chr8	81448660	81455541	6881	43	0	0	10	co_linked	co_linked	1-1	1-1	True	53	0.167	0.13	gain	FP	FP
chr8	81448660	81460303	11643	31	0	0	8	co_linked	co_linked	1-1	1-1	True	39	0.167	0.115	gain	FP	FP
chr8	81448660	81465297	16637	20	0	0	7	co_linked	co_linked	1-1	1-1	True	27	0.167	0.136	gain	FP	FP
chr8	81448660	81465977	17317	12	0	0	6	co_linked	co_linked	1-1	1-1	True	18	0.167	0.138	gain	FP	FP
chr8	81448660	81467265	18605	14	0	0	7	co_linked	co_linked	1-1	1-1	True	21	0.167	0.172	gain	FP	FP
chr8	81448660	81468003	19343	13	0	0	7	co_linked	co_linked	1-1	1-1	True	20	0.167	0.17	gain	FP	FP
chr8	81448660	81469478	20818	11	0	0	7	co_linked	co_linked	1-1	1-1	True	18	0.167	0.205	gain	FP	FP
chr8	81448660	81470041	21381	13	0	0	6	co_linked	co_linked	1-1	1-1	True	19	0.167	0.163	gain	FP	FP
chr8	81448660	81470325	21665	13	0	0	7	co_linked	co_linked	1-1	1-1	True	20	0.167	0.167	gain	FP	FP
chr8	81448660	81478858	30198	8	0	0	2	co_linked	co_linked	1-1	1-1	True	10	0.167	0.135	gain	FP	FP
chr8	81449286	81451107	1821	67	0	0	14	co_linked	co_linked	1-1	1-1	True	81	0.154	0.167	gain	FP	FP
chr8	81449286	81455481	6195	50	0	0	11	co_linked	co_linked	1-1	1-1	True	61	0.154	0.139	gain	FP	FP
chr8	81449286	81455541	6255	50	0	0	10	co_linked	co_linked	1-1	1-1	True	60	0.154	0.13	gain	FP	FP
chr8	81449286	81460303	11017	33	0	0	8	co_linked	co_linked	1-1	1-1	True	41	0.154	0.115	gain	FP	FP
chr8	81449286	81465297	16011	21	0	0	7	co_linked	co_linked	1-1	1-1	True	28	0.154	0.136	gain	FP	FP
chr8	81449286	81465977	16691	13	0	0	6	co_linked	co_linked	1-1	1-1	True	19	0.154	0.138	gain	FP	FP
chr8	81449286	81467265	17979	15	0	0	7	co_linked	co_linked	1-1	1-1	True	22	0.154	0.172	gain	FP	FP
chr8	81449286	81468003	18717	14	0	0	7	co_linked	co_linked	1-1	1-1	True	21	0.154	0.17	gain	FP	FP
chr8	81449286	81469478	20192	13	0	0	7	co_linked	co_linked	1-1	1-1	True	20	0.154	0.205	gain	FP	FP
chr8	81449286	81470041	20755	14	0	0	6	co_linked	co_linked	1-1	1-1	True	20	0.154	0.163	gain	FP	FP
chr8	81449286	81470325	21039	13	0	0	7	co_linked	co_linked	1-1	1-1	True	20	0.154	0.167	gain	FP	FP
chr8	81449286	81478858	29572	8	0	0	2	co_linked	co_linked	1-1	1-1	True	10	0.154	0.135	gain	FP	FP
chr8	81450809	81457473	6664	46	0	0	11	co_linked	co_linked	3	3	True	57	0.184	0.17	gain	FP	FP
chr8	81451107	81455481	4374	56	0	0	11	co_linked	co_linked	1-1	1-1	True	67	0.167	0.139	gain	FP	FP
chr8	81451107	81455541	4434	56	0	0	10	co_linked	co_linked	1-1	1-1	True	66	0.167	0.13	gain	FP	FP
chr8	81451107	81460303	9196	39	0	0	8	co_linked	co_linked	1-1	1-1	True	47	0.167	0.115	gain	FP	FP
chr8	81451107	81465297	14190	26	0	0	7	co_linked	co_linked	1-1	1-1	True	33	0.167	0.136	gain	FP	FP
chr8	81451107	81465977	14870	18	0	0	6	co_linked	co_linked	1-1	1-1	True	24	0.167	0.138	gain	FP	FP
chr8	81451107	81467265	16158	20	0	0	7	co_linked	co_linked	1-1	1-1	True	27	0.167	0.172	gain	FP	FP
chr8	81451107	81468003	16896	19	0	0	7	co_linked	co_linked	1-1	1-1	True	26	0.167	0.17	gain	FP	FP
chr8	81451107	81469478	18371	17	0	0	7	co_linked	co_linked	1-1	1-1	True	24	0.167	0.205	gain	FP	FP
chr8	81451107	81470041	18934	19	0	0	6	co_linked	co_linked	1-1	1-1	True	25	0.167	0.163	gain	FP	FP
chr8	81451107	81470325	19218	18	0	0	7	co_linked	co_linked	1-1	1-1	True	25	0.167	0.167	gain	FP	FP
chr8	81451107	81478858	27751	9	0	0	2	co_linked	co_linked	1-1	1-1	True	11	0.167	0.135	gain	FP	FP
chr8	81452495	81452668	173	67	0	0	13	co_linked	co_linked	2-1	2-1	True	80	0.153	0.153	gain	FP	FP
chr8	81453981	81470041	16060	25	0	0	6	co_linked	co_linked	1-1	1-1	True	31	0.121	0.163	gain	FP	FP
chr8	81453981	81478858	24877	14	0	0	2	co_linked	co_linked	1-1	1-1	True	16	0.121	0.135	gain	FP	FP
chr8	81453981	81487785	33804	5	0	0	1	sparse	co_linked	1-1	1-1	True	6	0.121	0.082	gain	FP	FP
chr8	81453981	81489621	35640	5	0	0	1	sparse	co_linked	1-1	1-1	True	6	0.121	0.099	gain	FP	FP
chr8	81455481	81455541	60	87	0	0	13	co_linked	co_linked	1-1	1-1	True	100	0.139	0.13	gain	FP	FP
chr8	81455481	81460303	4822	59	0	0	9	co_linked	co_linked	1-1	1-1	True	68	0.139	0.115	gain	FP	FP
chr8	81455481	81465977	10496	34	0	0	7	co_linked	co_linked	1-1	1-1	True	41	0.139	0.138	gain	FP	FP
chr8	81455481	81468003	12522	35	0	0	8	co_linked	co_linked	1-1	1-1	True	43	0.139	0.17	gain	FP	FP
chr8	81455481	81469478	13997	26	0	0	8	co_linked	co_linked	1-1	1-1	True	34	0.139	0.205	gain	FP	FP
chr8	81455481	81470041	14560	32	0	0	7	co_linked	co_linked	1-1	1-1	True	39	0.139	0.163	gain	FP	FP
chr8	81455481	81470325	14844	31	0	0	8	co_linked	co_linked	1-1	1-1	True	39	0.139	0.167	gain	FP	FP
chr8	81455481	81478858	23377	17	0	0	3	co_linked	co_linked	1-1	1-1	True	20	0.139	0.135	gain	FP	FP
chr8	81455481	81487785	32304	7	0	0	2	co_linked	co_linked	1-1	1-1	True	9	0.139	0.082	gain	FP	FP
chr8	81455481	81489621	34140	7	0	0	2	co_linked	co_linked	1-1	1-1	True	9	0.139	0.099	gain	FP	FP
chr8	81455541	81460303	4762	59	0	0	9	co_linked	co_linked	1-1	1-1	True	68	0.13	0.115	gain	FP	FP
chr8	81455541	81465977	10436	34	0	0	7	co_linked	co_linked	1-1	1-1	True	41	0.13	0.138	gain	FP	FP
chr8	81455541	81468003	12462	35	0	0	8	co_linked	co_linked	1-1	1-1	True	43	0.13	0.17	gain	FP	FP
chr8	81455541	81469478	13937	26	0	0	8	co_linked	co_linked	1-1	1-1	True	34	0.13	0.205	gain	FP	FP
chr8	81455541	81470041	14500	32	0	0	7	co_linked	co_linked	1-1	1-1	True	39	0.13	0.163	gain	FP	FP
chr8	81455541	81470325	14784	31	0	0	8	co_linked	co_linked	1-1	1-1	True	39	0.13	0.167	gain	FP	FP
chr8	81455541	81478858	23317	17	0	0	3	co_linked	co_linked	1-1	1-1	True	20	0.13	0.135	gain	FP	FP
chr8	81455541	81487785	32244	7	0	0	2	co_linked	co_linked	1-1	1-1	True	9	0.13	0.082	gain	FP	FP
chr8	81455541	81489621	34080	7	0	0	2	co_linked	co_linked	1-1	1-1	True	9	0.13	0.099	gain	FP	FP
chr8	81456034	81465977	9943	34	0	0	7	co_linked	co_linked	1-1	1-1	True	41	0.168	0.138	gain	FP	FP
chr8	81456034	81468003	11969	35	0	0	8	co_linked	co_linked	1-1	1-1	True	43	0.168	0.17	gain	FP	FP
chr8	81456034	81469478	13444	26	0	0	8	co_linked	co_linked	1-1	1-1	True	34	0.168	0.205	gain	FP	FP
chr8	81456034	81470041	14007	32	0	0	7	co_linked	co_linked	1-1	1-1	True	39	0.168	0.163	gain	FP	FP
chr8	81456034	81470325	14291	31	0	0	8	co_linked	co_linked	1-1	1-1	True	39	0.168	0.167	gain	FP	FP
chr8	81456034	81478858	22824	17	0	0	3	co_linked	co_linked	1-1	1-1	True	20	0.168	0.135	gain	FP	FP
chr8	81456034	81487785	31751	7	0	0	2	co_linked	co_linked	1-1	1-1	True	9	0.168	0.082	gain	FP	FP
chr8	81456034	81489621	33587	7	0	0	2	co_linked	co_linked	1-1	1-1	True	9	0.168	0.099	gain	FP	FP
chr8	81460303	81465977	5674	44	0	0	8	co_linked	co_linked	1-1	1-1	True	52	0.115	0.138	gain	FP	FP
chr8	81460303	81468003	7700	42	0	0	9	co_linked	co_linked	1-1	1-1	True	51	0.115	0.17	gain	FP	FP
chr8	81460303	81469478	9175	30	0	0	9	co_linked	co_linked	1-1	1-1	True	39	0.115	0.205	gain	FP	FP
chr8	81460303	81470041	9738	38	0	0	8	co_linked	co_linked	1-1	1-1	True	46	0.115	0.163	gain	FP	FP
chr8	81460303	81478858	18555	20	0	0	3	co_linked	co_linked	1-1	1-1	True	23	0.115	0.135	gain	FP	FP
chr8	81460303	81487785	27482	7	0	0	2	co_linked	co_linked	1-1	1-1	True	9	0.115	0.082	gain	FP	FP
chr8	81460303	81489621	29318	7	0	0	2	co_linked	co_linked	1-1	1-1	True	9	0.115	0.099	gain	FP	FP
chr8	81465297	81487785	22488	11	0	0	2	co_linked	co_linked	1-1	1-1	True	13	0.136	0.082	gain	FP	FP
chr8	81465297	81489621	24324	11	0	0	2	co_linked	co_linked	1-1	1-1	True	13	0.136	0.099	gain	FP	FP
chr8	81465977	81468003	2026	62	0	0	11	co_linked	co_linked	1-1	1-1	True	73	0.138	0.17	gain	FP	FP
chr8	81465977	81469478	3501	49	0	0	10	co_linked	co_linked	1-1	1-1	True	59	0.138	0.205	gain	FP	FP
chr8	81465977	81470041	4064	57	0	0	9	co_linked	co_linked	1-1	1-1	True	66	0.138	0.163	gain	FP	FP
chr8	81465977	81478858	12881	31	0	0	4	co_linked	co_linked	1-1	1-1	True	35	0.138	0.135	gain	FP	FP
chr8	81465977	81487785	21808	11	0	0	2	co_linked	co_linked	1-1	1-1	True	13	0.138	0.082	gain	FP	FP
chr8	81465977	81489621	23644	11	0	0	2	co_linked	co_linked	1-1	1-1	True	13	0.138	0.099	gain	FP	FP
chr8	81467265	81469478	2213	55	0	0	13	co_linked	co_linked	1-1	1-1	True	68	0.172	0.205	gain	FP	FP
chr8	81467265	81489621	22356	14	0	0	3	co_linked	co_linked	1-1	1-1	True	17	0.172	0.099	gain	FP	FP
chr8	81468003	81469478	1475	55	0	0	13	co_linked	co_linked	1-1	1-1	True	68	0.17	0.205	gain	FP	FP
chr8	81468003	81470041	2038	64	0	0	12	co_linked	co_linked	1-1	1-1	True	76	0.17	0.163	gain	FP	FP
chr8	81468003	81478858	10855	37	0	0	6	co_linked	co_linked	1-1	1-1	True	43	0.17	0.135	gain	FP	FP
chr8	81468003	81489621	21618	15	0	0	3	co_linked	co_linked	1-1	1-1	True	18	0.17	0.099	gain	FP	FP
chr8	81469478	81470041	563	61	0	0	15	co_linked	co_linked	1-1	1-1	True	76	0.205	0.163	gain	FP	FP
chr8	81469478	81478858	9380	35	0	0	7	co_linked	co_linked	1-1	1-1	True	42	0.205	0.135	gain	FP	FP
chr8	81469478	81489621	20143	16	0	0	3	co_linked	co_linked	1-1	1-1	True	19	0.205	0.099	gain	FP	FP
chr8	81470041	81478858	8817	42	0	0	7	co_linked	co_linked	1-1	1-1	True	49	0.163	0.135	gain	FP	FP
chr8	81470041	81489621	19580	17	0	0	3	co_linked	co_linked	1-1	1-1	True	20	0.163	0.099	gain	FP	FP
chr8	81470325	81489621	19296	17	0	0	3	co_linked	co_linked	1-1	1-1	True	20	0.167	0.099	gain	FP	FP
chr8	81478858	81489621	10763	34	0	0	3	co_linked	co_linked	1-1	1-1	True	37	0.135	0.099	gain	FP	FP
chr8	81733317	81751212	17895	24	0	0	4	co_linked	co_linked	1-1	1-1	True	28	0.175	0.147	gain	FP	FP
chr8	81733317	81756526	23209	16	0	0	2	co_linked	co_linked	1-1	1-1	True	18	0.175	0.142	gain	FP	FP
chr8	81733317	81759038	25721	11	0	0	2	co_linked	co_linked	1-1	1-1	True	13	0.175	0.115	gain	FP	FP
chr8	81733317	81760289	26972	9	0	0	2	co_linked	co_linked	1-1	1-1	True	11	0.175	0.132	gain	FP	FP
chr8	81733317	81761188	27871	7	0	0	2	co_linked	co_linked	1-1	1-1	True	9	0.175	0.126	gain	FP	FP
chr8	81759038	81760289	1251	66	0	0	9	co_linked	co_linked	1-1	1-1	True	75	0.115	0.132	gain	FP	FP
chr8	81759038	81761188	2150	64	0	0	9	co_linked	co_linked	1-1	1-1	True	73	0.115	0.126	gain	FP	FP
chr8	81760289	81761188	899	74	0	0	10	co_linked	co_linked	1-1	1-1	True	84	0.132	0.126	gain	FP	FP
chr8	81775325	81775573	248	76	0	0	15	co_linked	co_linked	2-1	2-1	True	91	0.17	0.155	gain	FP	FP
chr8	81967040	81979269	12229	28	0	0	5	co_linked	co_linked	1-1	1-1	True	33	0.102	0.191	gain	FP	FP
chr8	81967040	81983602	16562	22	0	0	4	co_linked	co_linked	1-1	1-1	True	26	0.102	0.152	gain	FP	FP
chr8	81967040	81983701	16661	21	0	0	4	co_linked	co_linked	1-1	1-1	True	25	0.102	0.192	gain	FP	FP
chr8	81967040	81987699	20659	14	0	0	3	co_linked	co_linked	1-1	1-1	True	17	0.102	0.208	gain	FP	FP
chr8	81967040	81992058	25018	9	0	0	2	co_linked	co_linked	1-1	1-1	True	11	0.102	0.167	gain	FP	FP
chr8	81967040	81992513	25473	8	0	0	2	co_linked	co_linked	1-1	1-1	True	10	0.102	0.205	gain	FP	FP
chr8	81967040	81993971	26931	8	0	0	2	co_linked	co_linked	1-1	1-1	True	10	0.102	0.202	gain	FP	FP
chr8	81967040	81994866	27826	7	0	0	2	co_linked	co_linked	1-1	1-1	True	9	0.102	0.167	gain	FP	FP
chr8	81979269	81993971	14702	26	0	0	7	co_linked	co_linked	1-1	1-1	True	33	0.191	0.202	gain	FP	FP
chr8	81979269	81994866	15597	24	0	0	7	co_linked	co_linked	1-1	1-1	True	31	0.191	0.167	gain	FP	FP
chr8	81983602	81987699	4097	55	0	0	13	co_linked	co_linked	1-1	1-1	True	68	0.152	0.208	gain	FP	FP
chr8	81983602	81992058	8456	39	0	0	6	co_linked	co_linked	1-1	1-1	True	45	0.152	0.167	gain	FP	FP
chr8	81983602	81992513	8911	36	0	0	8	co_linked	co_linked	1-1	1-1	True	44	0.152	0.205	gain	FP	FP
chr8	81983602	81993971	10369	34	0	0	7	co_linked	co_linked	1-1	1-1	True	41	0.152	0.202	gain	FP	FP
chr8	81983602	81994866	11264	31	0	0	7	co_linked	co_linked	1-1	1-1	True	38	0.152	0.167	gain	FP	FP
chr8	81987699	81992058	4359	54	0	0	10	co_linked	co_linked	1-1	1-1	True	64	0.208	0.167	gain	FP	FP
chr8	81987699	81992513	4814	51	0	0	12	co_linked	co_linked	1-1	1-1	True	63	0.208	0.205	gain	FP	FP
chr8	81987699	81993971	6272	49	0	0	11	co_linked	co_linked	1-1	1-1	True	60	0.208	0.202	gain	FP	FP
chr8	81991835	81992164	329	66	0	0	15	co_linked	co_linked	2-1	2-1	True	81	0.186	0.183	gain	FP	FP
chr8	81991835	82013056	21221	9	0	0	2	co_linked	co_linked	2-1	2-1	True	11	0.186	0.143	gain	FP	FP
chr8	81991835	82017026	25191	6	0	0	5	co_linked	co_linked	2-1	2-1	True	11	0.186	0.23	gain	FP	FP
chr8	81992058	81993971	1913	60	0	0	12	co_linked	co_linked	1-1	1-1	True	72	0.167	0.202	gain	FP	FP
chr8	81992164	82013056	20892	10	0	0	2	co_linked	co_linked	2-1	2-1	True	12	0.183	0.143	gain	FP	FP
chr8	81992164	82017026	24862	7	0	0	5	co_linked	co_linked	2-1	2-1	True	12	0.183	0.23	gain	FP	FP
chr8	82013056	82017026	3970	50	0	0	10	co_linked	co_linked	2-1	2-1	True	60	0.143	0.23	gain	FP	FP
chr8	82013056	82024830	11774	21	0	0	2	co_linked	co_linked	2-1	2-1	True	23	0.143	0.171	gain	FP	FP
chr8	82013056	82031013	17957	14	0	0	1	sparse	co_linked	2-1	2-1	True	15	0.143	0.13	gain	FP	FP
chr8	82013056	82035556	22500	13	0	0	1	sparse	co_linked	2-1	2-1	True	14	0.143	0.179	gain	FP	FP
chr8	82013056	82035715	22659	13	0	0	1	sparse	co_linked	2-1	2-1	True	14	0.143	0.179	gain	FP	FP
chr8	82013056	82036734	23678	13	0	0	1	sparse	co_linked	2-1	2-1	True	14	0.143	0.19	gain	FP	FP
chr8	82013056	82037334	24278	12	0	0	1	sparse	co_linked	2-1	2-1	True	13	0.143	0.208	gain	FP	FP
chr8	82013056	82037629	24573	12	0	0	1	sparse	co_linked	2-1	2-1	True	13	0.143	0.194	gain	FP	FP
chr8	82013056	82037650	24594	12	0	0	1	sparse	co_linked	2-1	2-1	True	13	0.143	0.182	gain	FP	FP
chr8	82013056	82038509	25453	11	0	0	1	sparse	co_linked	2-1	2-1	True	12	0.143	0.186	gain	FP	FP
chr8	82013738	82024830	11092	20	0	0	6	co_linked	co_linked	2-1	2-1	True	26	0.211	0.171	gain	FP	FP
chr8	82013738	82035556	21818	12	0	0	5	co_linked	co_linked	2-1	2-1	True	17	0.211	0.179	gain	FP	FP
chr8	82013738	82035715	21977	12	0	0	5	co_linked	co_linked	2-1	2-1	True	17	0.211	0.179	gain	FP	FP
chr8	82013738	82036734	22996	12	0	0	5	co_linked	co_linked	2-1	2-1	True	17	0.211	0.19	gain	FP	FP
chr8	82013738	82037334	23596	11	0	0	5	co_linked	co_linked	2-1	2-1	True	16	0.211	0.208	gain	FP	FP
chr8	82013738	82037629	23891	11	0	0	4	co_linked	co_linked	2-1	2-1	True	15	0.211	0.194	gain	FP	FP
chr8	82013738	82037650	23912	11	0	0	5	co_linked	co_linked	2-1	2-1	True	16	0.211	0.182	gain	FP	FP
chr8	82013738	82038509	24771	10	0	0	4	co_linked	co_linked	2-1	2-1	True	14	0.211	0.186	gain	FP	FP
chr8	82013738	82039621	25883	9	0	0	4	co_linked	co_linked	2-1	2-1	True	13	0.211	0.184	gain	FP	FP
chr8	82013738	82040240	26502	9	0	0	3	co_linked	co_linked	2-1	2-1	True	12	0.211	0.175	gain	FP	FP
chr8	82013738	82040636	26898	8	0	0	3	co_linked	co_linked	2-1	2-1	True	11	0.211	0.194	gain	FP	FP
chr8	82013738	82040859	27121	9	0	0	3	co_linked	co_linked	2-1	2-1	True	12	0.211	0.156	gain	FP	FP
chr8	82013738	82041315	27577	8	0	0	3	co_linked	co_linked	2-1	2-1	True	11	0.211	0.16	gain	FP	FP
chr8	82013738	82041402	27664	8	0	0	3	co_linked	co_linked	2-1	2-1	True	11	0.211	0.163	gain	FP	FP
chr8	82013738	82041449	27711	7	0	0	1	sparse	co_linked	2-1	2-1	True	8	0.211	0.124	gain	FP	FP
chr8	82013738	82041516	27778	8	0	0	3	co_linked	co_linked	2-1	2-1	True	11	0.211	0.187	gain	FP	FP
chr8	82013738	82041559	27821	8	0	0	3	co_linked	co_linked	2-1	2-1	True	11	0.211	0.152	gain	FP	FP
chr8	82013738	82041578	27840	7	0	0	3	co_linked	co_linked	2-1	2-1	True	10	0.211	0.17	gain	FP	FP
chr8	82013738	82042097	28359	8	0	0	3	co_linked	co_linked	2-1	2-1	True	11	0.211	0.16	gain	FP	FP
chr8	82013738	82042152	28414	8	0	0	3	co_linked	co_linked	2-1	2-1	True	11	0.211	0.144	gain	FP	FP
chr8	82013738	82042449	28711	8	0	0	2	co_linked	co_linked	2-1	2-1	True	10	0.211	0.156	gain	FP	FP
chr8	82013738	82042669	28931	8	0	0	3	co_linked	co_linked	2-1	2-1	True	11	0.211	0.167	gain	FP	FP
chr8	82013738	82043140	29402	7	0	0	2	co_linked	co_linked	2-1	2-1	True	9	0.211	0.174	gain	FP	FP
chr8	82013738	82043212	29474	7	0	0	3	co_linked	co_linked	2-1	2-1	True	10	0.211	0.187	gain	FP	FP
chr8	82013738	82043816	30078	7	0	0	3	co_linked	co_linked	2-1	2-1	True	10	0.211	0.175	gain	FP	FP
chr8	82013738	82044264	30526	6	0	0	2	co_linked	co_linked	2-1	2-1	True	8	0.211	0.147	gain	FP	FP
chr8	82013738	82044380	30642	6	0	0	3	co_linked	co_linked	2-1	2-1	True	9	0.211	0.163	gain	FP	FP
chr8	82013738	82046162	32424	4	0	0	3	co_linked	co_linked	2-1	2-1	True	7	0.211	0.175	gain	FP	FP
chr8	82016349	82041449	25100	7	0	0	1	sparse	co_linked	2-1	2-1	True	8	0.163	0.124	gain	FP	FP
chr8	82017026	82038509	21483	11	0	0	5	co_linked	co_linked	2-1	2-1	True	16	0.23	0.186	gain	FP	FP
chr8	82017026	82043140	26114	7	0	0	3	co_linked	co_linked	2-1	2-1	True	10	0.23	0.174	gain	FP	FP
chr8	82017026	82044380	27354	6	0	0	3	co_linked	co_linked	2-1	2-1	True	9	0.23	0.163	gain	FP	FP
chr8	82017026	82046162	29136	4	0	0	3	co_linked	co_linked	2-1	2-1	True	7	0.23	0.175	gain	FP	FP
chr8	82024830	82035556	10726	34	0	0	7	co_linked	co_linked	2-1	2-1	True	41	0.171	0.179	gain	FP	FP
chr8	82024830	82036734	11904	33	0	0	7	co_linked	co_linked	2-1	2-1	True	40	0.171	0.19	gain	FP	FP
chr8	82024830	82037334	12504	32	0	0	7	co_linked	co_linked	2-1	2-1	True	39	0.171	0.208	gain	FP	FP
chr8	82024830	82037629	12799	29	0	0	6	co_linked	co_linked	2-1	2-1	True	35	0.171	0.194	gain	FP	FP
chr8	82024830	82037650	12820	28	0	0	7	co_linked	co_linked	2-1	2-1	True	35	0.171	0.182	gain	FP	FP
chr8	82024830	82039621	14791	25	0	0	5	co_linked	co_linked	2-1	2-1	True	30	0.171	0.184	gain	FP	FP
chr8	82024830	82040636	15806	22	0	0	4	co_linked	co_linked	2-1	2-1	True	26	0.171	0.194	gain	FP	FP
chr8	82024830	82040859	16029	24	0	0	4	co_linked	co_linked	2-1	2-1	True	28	0.171	0.156	gain	FP	FP
chr8	82024830	82041315	16485	21	0	0	4	co_linked	co_linked	2-1	2-1	True	25	0.171	0.16	gain	FP	FP
chr8	82024830	82041402	16572	21	0	0	4	co_linked	co_linked	2-1	2-1	True	25	0.171	0.163	gain	FP	FP
chr8	82024830	82041449	16619	19	0	0	2	co_linked	co_linked	2-1	2-1	True	21	0.171	0.124	gain	FP	FP
chr8	82024830	82041559	16729	21	0	0	4	co_linked	co_linked	2-1	2-1	True	25	0.171	0.152	gain	FP	FP
chr8	82024830	82041578	16748	17	0	0	4	co_linked	co_linked	2-1	2-1	True	21	0.171	0.17	gain	FP	FP
chr8	82024830	82042097	17267	21	0	0	4	co_linked	co_linked	2-1	2-1	True	25	0.171	0.16	gain	FP	FP
chr8	82024830	82042152	17322	21	0	0	4	co_linked	co_linked	2-1	2-1	True	25	0.171	0.144	gain	FP	FP
chr8	82024830	82042449	17619	21	0	0	3	co_linked	co_linked	2-1	2-1	True	24	0.171	0.156	gain	FP	FP
chr8	82024830	82042669	17839	21	0	0	4	co_linked	co_linked	2-1	2-1	True	25	0.171	0.167	gain	FP	FP
chr8	82024830	82043212	18382	20	0	0	4	co_linked	co_linked	2-1	2-1	True	24	0.171	0.187	gain	FP	FP
chr8	82024830	82043816	18986	19	0	0	4	co_linked	co_linked	2-1	2-1	True	23	0.171	0.175	gain	FP	FP
chr8	82024830	82044264	19434	18	0	0	3	co_linked	co_linked	2-1	2-1	True	21	0.171	0.147	gain	FP	FP
chr8	82024830	82044380	19550	17	0	0	4	co_linked	co_linked	2-1	2-1	True	21	0.171	0.163	gain	FP	FP
chr8	82024830	82046162	21332	14	0	0	4	co_linked	co_linked	2-1	2-1	True	18	0.171	0.175	gain	FP	FP
chr8	82031013	82040636	9623	35	0	0	5	co_linked	co_linked	2-1	2-1	True	40	0.13	0.194	gain	FP	FP
chr8	82031013	82041315	10302	34	0	0	5	co_linked	co_linked	2-1	2-1	True	39	0.13	0.16	gain	FP	FP
chr8	82031013	82041402	10389	33	0	0	5	co_linked	co_linked	2-1	2-1	True	38	0.13	0.163	gain	FP	FP
chr8	82031013	82041449	10436	32	0	0	2	co_linked	co_linked	2-1	2-1	True	34	0.13	0.124	gain	FP	FP
chr8	82031013	82041559	10546	33	0	0	5	co_linked	co_linked	2-1	2-1	True	38	0.13	0.152	gain	FP	FP
chr8	82031013	82041578	10565	30	0	0	5	co_linked	co_linked	2-1	2-1	True	35	0.13	0.17	gain	FP	FP
chr8	82031013	82042097	11084	33	0	0	5	co_linked	co_linked	2-1	2-1	True	38	0.13	0.16	gain	FP	FP
chr8	82031013	82042152	11139	33	0	0	5	co_linked	co_linked	2-1	2-1	True	38	0.13	0.144	gain	FP	FP
chr8	82031013	82042449	11436	33	0	0	4	co_linked	co_linked	2-1	2-1	True	37	0.13	0.156	gain	FP	FP
chr8	82031013	82042669	11656	32	0	0	5	co_linked	co_linked	2-1	2-1	True	37	0.13	0.167	gain	FP	FP
chr8	82031013	82043212	12199	30	0	0	4	co_linked	co_linked	2-1	2-1	True	34	0.13	0.187	gain	FP	FP
chr8	82031013	82043816	12803	28	0	0	4	co_linked	co_linked	2-1	2-1	True	32	0.13	0.175	gain	FP	FP
chr8	82031013	82044264	13251	28	0	0	3	co_linked	co_linked	2-1	2-1	True	31	0.13	0.147	gain	FP	FP
chr8	82031013	82044380	13367	25	0	0	4	co_linked	co_linked	2-1	2-1	True	29	0.13	0.163	gain	FP	FP
chr8	82031013	82046162	15149	23	0	0	4	co_linked	co_linked	2-1	2-1	True	27	0.13	0.175	gain	FP	FP
chr8	82035556	82044380	8824	36	0	0	7	co_linked	co_linked	2-1	2-1	True	43	0.179	0.163	gain	FP	FP
chr8	82035715	82041315	5600	49	0	0	8	co_linked	co_linked	2-1	2-1	True	57	0.179	0.16	gain	FP	FP
chr8	82035715	82041402	5687	48	0	0	8	co_linked	co_linked	2-1	2-1	True	56	0.179	0.163	gain	FP	FP
chr8	82035715	82041449	5734	47	0	0	5	co_linked	co_linked	2-1	2-1	True	52	0.179	0.124	gain	FP	FP
chr8	82035715	82041559	5844	47	0	0	8	co_linked	co_linked	2-1	2-1	True	55	0.179	0.152	gain	FP	FP
chr8	82035715	82041578	5863	43	0	0	8	co_linked	co_linked	2-1	2-1	True	51	0.179	0.17	gain	FP	FP
chr8	82035715	82042097	6382	47	0	0	8	co_linked	co_linked	2-1	2-1	True	55	0.179	0.16	gain	FP	FP
chr8	82035715	82042152	6437	47	0	0	7	co_linked	co_linked	2-1	2-1	True	54	0.179	0.144	gain	FP	FP
chr8	82035715	82042449	6734	47	0	0	7	co_linked	co_linked	2-1	2-1	True	54	0.179	0.156	gain	FP	FP
chr8	82035715	82043212	7497	43	0	0	7	co_linked	co_linked	2-1	2-1	True	50	0.179	0.187	gain	FP	FP
chr8	82035715	82043816	8101	40	0	0	7	co_linked	co_linked	2-1	2-1	True	47	0.179	0.175	gain	FP	FP
chr8	82035715	82044264	8549	41	0	0	6	co_linked	co_linked	2-1	2-1	True	47	0.179	0.147	gain	FP	FP
chr8	82035715	82044380	8665	37	0	0	7	co_linked	co_linked	2-1	2-1	True	44	0.179	0.163	gain	FP	FP
chr8	82035715	82046162	10447	35	0	0	7	co_linked	co_linked	2-1	2-1	True	42	0.179	0.175	gain	FP	FP
chr8	82036734	82041449	4715	47	0	0	6	co_linked	co_linked	2-1	2-1	True	53	0.19	0.124	gain	FP	FP
chr8	82036734	82042152	5418	47	0	0	8	co_linked	co_linked	2-1	2-1	True	55	0.19	0.144	gain	FP	FP
chr8	82036734	82042449	5715	47	0	0	8	co_linked	co_linked	2-1	2-1	True	55	0.19	0.156	gain	FP	FP
chr8	82036734	82043212	6478	43	0	0	8	co_linked	co_linked	2-1	2-1	True	51	0.19	0.187	gain	FP	FP
chr8	82036734	82043816	7082	40	0	0	8	co_linked	co_linked	2-1	2-1	True	48	0.19	0.175	gain	FP	FP
chr8	82036734	82044264	7530	41	0	0	7	co_linked	co_linked	2-1	2-1	True	48	0.19	0.147	gain	FP	FP
chr8	82036734	82044380	7646	38	0	0	8	co_linked	co_linked	2-1	2-1	True	46	0.19	0.163	gain	FP	FP
chr8	82036734	82046162	9428	35	0	0	8	co_linked	co_linked	2-1	2-1	True	43	0.19	0.175	gain	FP	FP
chr8	82037334	82041315	3981	50	0	0	11	co_linked	co_linked	2-1	2-1	True	61	0.208	0.16	gain	FP	FP
chr8	82037334	82041402	4068	49	0	0	11	co_linked	co_linked	2-1	2-1	True	60	0.208	0.163	gain	FP	FP
chr8	82037334	82041449	4115	48	0	0	7	co_linked	co_linked	2-1	2-1	True	55	0.208	0.124	gain	FP	FP
chr8	82037334	82041559	4225	48	0	0	11	co_linked	co_linked	2-1	2-1	True	59	0.208	0.152	gain	FP	FP
chr8	82037334	82041578	4244	44	0	0	11	co_linked	co_linked	2-1	2-1	True	55	0.208	0.17	gain	FP	FP
chr8	82037334	82042097	4763	48	0	0	11	co_linked	co_linked	2-1	2-1	True	59	0.208	0.16	gain	FP	FP
chr8	82037334	82042152	4818	48	0	0	9	co_linked	co_linked	2-1	2-1	True	57	0.208	0.144	gain	FP	FP
chr8	82037334	82042449	5115	48	0	0	9	co_linked	co_linked	2-1	2-1	True	57	0.208	0.156	gain	FP	FP
chr8	82037334	82043212	5878	44	0	0	9	co_linked	co_linked	2-1	2-1	True	53	0.208	0.187	gain	FP	FP
chr8	82037334	82043816	6482	41	0	0	9	co_linked	co_linked	2-1	2-1	True	50	0.208	0.175	gain	FP	FP
chr8	82037334	82044264	6930	42	0	0	8	co_linked	co_linked	2-1	2-1	True	50	0.208	0.147	gain	FP	FP
chr8	82037334	82044380	7046	38	0	0	9	co_linked	co_linked	2-1	2-1	True	47	0.208	0.163	gain	FP	FP
chr8	82037334	82046162	8828	36	0	0	9	co_linked	co_linked	2-1	2-1	True	45	0.208	0.175	gain	FP	FP
chr8	82037629	82041315	3686	51	0	0	10	co_linked	co_linked	2-1	2-1	True	61	0.194	0.16	gain	FP	FP
chr8	82037629	82041402	3773	50	0	0	10	co_linked	co_linked	2-1	2-1	True	60	0.194	0.163	gain	FP	FP
chr8	82037629	82041449	3820	49	0	0	6	co_linked	co_linked	2-1	2-1	True	55	0.194	0.124	gain	FP	FP
chr8	82037629	82041559	3930	49	0	0	10	co_linked	co_linked	2-1	2-1	True	59	0.194	0.152	gain	FP	FP
chr8	82037629	82041578	3949	45	0	0	10	co_linked	co_linked	2-1	2-1	True	55	0.194	0.17	gain	FP	FP
chr8	82037629	82042097	4468	49	0	0	10	co_linked	co_linked	2-1	2-1	True	59	0.194	0.16	gain	FP	FP
chr8	82037629	82042152	4523	49	0	0	8	co_linked	co_linked	2-1	2-1	True	57	0.194	0.144	gain	FP	FP
chr8	82037629	82042449	4820	49	0	0	9	co_linked	co_linked	2-1	2-1	True	58	0.194	0.156	gain	FP	FP
chr8	82037629	82043212	5583	45	0	0	8	co_linked	co_linked	2-1	2-1	True	53	0.194	0.187	gain	FP	FP
chr8	82037629	82043816	6187	42	0	0	8	co_linked	co_linked	2-1	2-1	True	50	0.194	0.175	gain	FP	FP
chr8	82037629	82044264	6635	43	0	0	8	co_linked	co_linked	2-1	2-1	True	51	0.194	0.147	gain	FP	FP
chr8	82037629	82044380	6751	39	0	0	8	co_linked	co_linked	2-1	2-1	True	47	0.194	0.163	gain	FP	FP
chr8	82037629	82046162	8533	37	0	0	8	co_linked	co_linked	2-1	2-1	True	45	0.194	0.175	gain	FP	FP
chr8	82037650	82041449	3799	49	0	0	7	co_linked	co_linked	2-1	2-1	True	56	0.182	0.124	gain	FP	FP
chr8	82037650	82042152	4502	49	0	0	9	co_linked	co_linked	2-1	2-1	True	58	0.182	0.144	gain	FP	FP
chr8	82037650	82042449	4799	49	0	0	9	co_linked	co_linked	2-1	2-1	True	58	0.182	0.156	gain	FP	FP
chr8	82037650	82043212	5562	45	0	0	9	co_linked	co_linked	2-1	2-1	True	54	0.182	0.187	gain	FP	FP
chr8	82037650	82043816	6166	41	0	0	9	co_linked	co_linked	2-1	2-1	True	50	0.182	0.175	gain	FP	FP
chr8	82037650	82044264	6614	42	0	0	8	co_linked	co_linked	2-1	2-1	True	50	0.182	0.147	gain	FP	FP
chr8	82037650	82044380	6730	38	0	0	9	co_linked	co_linked	2-1	2-1	True	47	0.182	0.163	gain	FP	FP
chr8	82037650	82046162	8512	36	0	0	9	co_linked	co_linked	2-1	2-1	True	45	0.182	0.175	gain	FP	FP
chr8	82037776	82042449	4673	50	0	0	8	co_linked	co_linked	2-1	2-1	True	58	0.14	0.156	gain	FP	FP
chr8	82037776	82044264	6488	43	0	0	7	co_linked	co_linked	2-1	2-1	True	50	0.14	0.147	gain	FP	FP
chr8	82038509	82044380	5871	41	0	0	10	co_linked	co_linked	2-1	2-1	True	51	0.186	0.163	gain	FP	FP
chr8	82041315	82041402	87	77	0	0	15	co_linked	co_linked	2-1	2-1	True	92	0.16	0.163	gain	FP	FP
chr8	82041315	82041449	134	76	0	0	11	co_linked	co_linked	2-1	2-1	True	87	0.16	0.124	gain	FP	FP
chr8	82041315	82041578	263	71	0	0	15	co_linked	co_linked	2-1	2-1	True	86	0.16	0.17	gain	FP	FP
chr8	82041315	82042097	782	74	0	0	15	co_linked	co_linked	2-1	2-1	True	89	0.16	0.16	gain	FP	FP
chr8	82041315	82042152	837	72	0	0	13	co_linked	co_linked	2-1	2-1	True	85	0.16	0.144	gain	FP	FP
chr8	82041315	82044380	3065	57	0	0	11	co_linked	co_linked	2-1	2-1	True	68	0.16	0.163	gain	FP	FP
chr8	82041402	82041449	47	75	0	0	11	co_linked	co_linked	2-1	2-1	True	86	0.163	0.124	gain	FP	FP
chr8	82041402	82041578	176	71	0	0	15	co_linked	co_linked	2-1	2-1	True	86	0.163	0.17	gain	FP	FP
chr8	82041402	82042097	695	74	0	0	15	co_linked	co_linked	2-1	2-1	True	89	0.163	0.16	gain	FP	FP
chr8	82041402	82042152	750	72	0	0	13	co_linked	co_linked	2-1	2-1	True	85	0.163	0.144	gain	FP	FP
chr8	82041402	82044380	2978	57	0	0	11	co_linked	co_linked	2-1	2-1	True	68	0.163	0.163	gain	FP	FP
chr8	82041449	82041578	129	71	0	0	11	co_linked	co_linked	2-1	2-1	True	82	0.124	0.17	gain	FP	FP
chr8	82041449	82042097	648	74	0	0	11	co_linked	co_linked	2-1	2-1	True	85	0.124	0.16	gain	FP	FP
chr8	82041449	82042152	703	72	0	0	10	co_linked	co_linked	2-1	2-1	True	82	0.124	0.144	gain	FP	FP
chr8	82041449	82044380	2931	57	0	0	9	co_linked	co_linked	2-1	2-1	True	66	0.124	0.163	gain	FP	FP
chr8	82041559	82044264	2705	63	0	0	9	co_linked	co_linked	2-1	2-1	True	72	0.152	0.147	gain	FP	FP
chr8	82041578	82042097	519	72	0	0	15	co_linked	co_linked	2-1	2-1	True	87	0.17	0.16	gain	FP	FP
chr8	82041578	82042152	574	70	0	0	13	co_linked	co_linked	2-1	2-1	True	83	0.17	0.144	gain	FP	FP
chr8	82041578	82044380	2802	56	0	0	11	co_linked	co_linked	2-1	2-1	True	67	0.17	0.163	gain	FP	FP
chr8	82042097	82042152	55	77	0	0	13	co_linked	co_linked	2-1	2-1	True	90	0.16	0.144	gain	FP	FP
chr8	82042097	82044380	2283	61	0	0	11	co_linked	co_linked	2-1	2-1	True	72	0.16	0.163	gain	FP	FP
chr8	82042152	82044380	2228	61	0	0	10	co_linked	co_linked	2-1	2-1	True	71	0.144	0.163	gain	FP	FP
chr8	82042669	82064055	21386	16	0	0	1	sparse	co_linked	2-1	2-1	True	17	0.167	0.135	gain	FP	FP
chr8	82042669	82064155	21486	16	0	0	1	sparse	co_linked	2-1	2-1	True	17	0.167	0.143	gain	FP	FP
chr8	82043212	82061861	18649	19	0	0	1	sparse	co_linked	2-1	2-1	True	20	0.187	0.141	gain	FP	FP
chr8	82043212	82064055	20843	17	0	0	1	sparse	co_linked	2-1	2-1	True	18	0.187	0.135	gain	FP	FP
chr8	82043212	82064155	20943	17	0	0	1	sparse	co_linked	2-1	2-1	True	18	0.187	0.143	gain	FP	FP
chr8	82044264	82061861	17597	22	0	0	1	sparse	co_linked	2-1	2-1	True	23	0.147	0.141	gain	FP	FP
chr8	82044264	82064055	19791	19	0	0	1	sparse	co_linked	2-1	2-1	True	20	0.147	0.135	gain	FP	FP
chr8	82044264	82064155	19891	19	0	0	1	sparse	co_linked	2-1	2-1	True	20	0.147	0.143	gain	FP	FP
chr8	82044380	82061861	17481	22	0	0	1	sparse	co_linked	2-1	2-1	True	23	0.163	0.141	gain	FP	FP
chr8	82044380	82064055	19675	19	0	0	1	sparse	co_linked	2-1	2-1	True	20	0.163	0.135	gain	FP	FP
chr8	82044380	82064155	19775	19	0	0	1	sparse	co_linked	2-1	2-1	True	20	0.163	0.143	gain	FP	FP
chr8	82058175	82061861	3686	55	0	0	8	co_linked	co_linked	2-1	2-1	True	63	0.167	0.141	gain	FP	FP
chr8	82058175	82064055	5880	45	0	0	8	co_linked	co_linked	2-1	2-1	True	53	0.167	0.135	gain	FP	FP
chr8	82058175	82064155	5980	45	0	0	8	co_linked	co_linked	2-1	2-1	True	53	0.167	0.143	gain	FP	FP
chr8	82058175	82080950	22775	11	0	0	3	co_linked	co_linked	2-1	2-1	True	14	0.167	0.137	gain	FP	FP
chr8	82058175	82081132	22957	11	0	0	2	co_linked	co_linked	2-1	2-1	True	13	0.167	0.146	gain	FP	FP
chr8	82058175	82081539	23364	11	0	0	4	co_linked	co_linked	2-1	2-1	True	15	0.167	0.167	gain	FP	FP
chr8	82058175	82082069	23894	10	0	0	4	co_linked	co_linked	2-1	2-1	True	14	0.167	0.168	gain	FP	FP
chr8	82058175	82082127	23952	8	0	0	4	co_linked	co_linked	2-1	2-1	True	12	0.167	0.196	gain	FP	FP
chr8	82058175	82086174	27999	8	0	0	3	co_linked	co_linked	2-1	2-1	True	11	0.167	0.184	gain	FP	FP
chr8	82058175	82087275	29100	7	0	0	2	co_linked	co_linked	2-1	2-1	True	9	0.167	0.163	gain	FP	FP
chr8	82058175	82088123	29948	6	0	0	1	sparse	co_linked	2-1	2-1	True	7	0.167	0.135	gain	FP	FP
chr8	82058175	82088857	30682	5	0	0	1	sparse	co_linked	2-1	2-1	True	6	0.167	0.194	gain	FP	FP
chr8	82061861	82064055	2194	66	0	0	10	co_linked	co_linked	2-1	2-1	True	76	0.141	0.135	gain	FP	FP
chr8	82061861	82064155	2294	66	0	0	10	co_linked	co_linked	2-1	2-1	True	76	0.141	0.143	gain	FP	FP
chr8	82061861	82080950	19089	14	0	0	4	co_linked	co_linked	2-1	2-1	True	18	0.141	0.137	gain	FP	FP
chr8	82061861	82081132	19271	14	0	0	3	co_linked	co_linked	2-1	2-1	True	17	0.141	0.146	gain	FP	FP
chr8	82061861	82081539	19678	14	0	0	4	co_linked	co_linked	2-1	2-1	True	18	0.141	0.167	gain	FP	FP
chr8	82061861	82082069	20208	13	0	0	4	co_linked	co_linked	2-1	2-1	True	17	0.141	0.168	gain	FP	FP
chr8	82061861	82082127	20266	11	0	0	4	co_linked	co_linked	2-1	2-1	True	15	0.141	0.196	gain	FP	FP
chr8	82061861	82086174	24313	11	0	0	4	co_linked	co_linked	2-1	2-1	True	15	0.141	0.184	gain	FP	FP
chr8	82061861	82087275	25414	10	0	0	3	co_linked	co_linked	2-1	2-1	True	13	0.141	0.163	gain	FP	FP
chr8	82061861	82088123	26262	9	0	0	2	co_linked	co_linked	2-1	2-1	True	11	0.141	0.135	gain	FP	FP
chr8	82061861	82089802	27941	7	0	0	2	co_linked	co_linked	2-1	2-1	True	9	0.141	0.141	gain	FP	FP
chr8	82061861	82090068	28207	7	0	0	2	co_linked	co_linked	2-1	2-1	True	9	0.141	0.143	gain	FP	FP
chr8	82064055	82064155	100	77	0	0	12	co_linked	co_linked	2-1	2-1	True	89	0.135	0.143	gain	FP	FP
chr8	82064055	82080950	16895	17	0	0	4	co_linked	co_linked	2-1	2-1	True	21	0.135	0.137	gain	FP	FP
chr8	82064055	82081132	17077	17	0	0	3	co_linked	co_linked	2-1	2-1	True	20	0.135	0.146	gain	FP	FP
chr8	82064055	82081539	17484	17	0	0	4	co_linked	co_linked	2-1	2-1	True	21	0.135	0.167	gain	FP	FP
chr8	82064055	82082069	18014	16	0	0	4	co_linked	co_linked	2-1	2-1	True	20	0.135	0.168	gain	FP	FP
chr8	82064055	82086174	22119	12	0	0	4	co_linked	co_linked	2-1	2-1	True	16	0.135	0.184	gain	FP	FP
chr8	82064055	82087275	23220	11	0	0	3	co_linked	co_linked	2-1	2-1	True	14	0.135	0.163	gain	FP	FP
chr8	82064055	82088123	24068	10	0	0	2	co_linked	co_linked	2-1	2-1	True	12	0.135	0.135	gain	FP	FP
chr8	82064055	82089802	25747	8	0	0	2	co_linked	co_linked	2-1	2-1	True	10	0.135	0.141	gain	FP	FP
chr8	82064055	82090068	26013	8	0	0	2	co_linked	co_linked	2-1	2-1	True	10	0.135	0.143	gain	FP	FP
chr8	82064155	82080950	16795	17	0	0	4	co_linked	co_linked	2-1	2-1	True	21	0.143	0.137	gain	FP	FP
chr8	82064155	82081132	16977	17	0	0	3	co_linked	co_linked	2-1	2-1	True	20	0.143	0.146	gain	FP	FP
chr8	82064155	82081539	17384	17	0	0	4	co_linked	co_linked	2-1	2-1	True	21	0.143	0.167	gain	FP	FP
chr8	82064155	82082069	17914	16	0	0	4	co_linked	co_linked	2-1	2-1	True	20	0.143	0.168	gain	FP	FP
chr8	82064155	82086174	22019	12	0	0	4	co_linked	co_linked	2-1	2-1	True	16	0.143	0.184	gain	FP	FP
chr8	82064155	82087275	23120	11	0	0	3	co_linked	co_linked	2-1	2-1	True	14	0.143	0.163	gain	FP	FP
chr8	82064155	82088123	23968	10	0	0	2	co_linked	co_linked	2-1	2-1	True	12	0.143	0.135	gain	FP	FP
chr8	82064155	82089802	25647	8	0	0	2	co_linked	co_linked	2-1	2-1	True	10	0.143	0.141	gain	FP	FP
chr8	82064155	82090068	25913	8	0	0	2	co_linked	co_linked	2-1	2-1	True	10	0.143	0.143	gain	FP	FP
chr8	82067495	82099169	31674	5	0	0	1	sparse	co_linked	1-1	1-1	True	6	0.154	0.106	gain	FP	FP
chr8	82068838	82069122	284	60	0	0	13	co_linked	co_linked	1-1	1-1	True	73	0.171	0.187	gain	FP	FP
chr8	82068838	82071072	2234	56	0	0	11	co_linked	co_linked	1-1	1-1	True	67	0.171	0.157	gain	FP	FP
chr8	82068838	82073055	4217	47	0	0	13	co_linked	co_linked	1-1	1-1	True	60	0.171	0.182	gain	FP	FP
chr8	82068838	82099169	30331	6	0	0	1	sparse	co_linked	1-1	1-1	True	7	0.171	0.106	gain	FP	FP
chr8	82068838	82101752	32914	5	0	0	1	sparse	co_linked	1-1	1-1	True	6	0.171	0.12	gain	FP	FP
chr8	82069122	82071072	1950	51	0	0	11	co_linked	co_linked	1-1	1-1	True	62	0.187	0.157	gain	FP	FP
chr8	82069122	82073055	3933	43	0	0	13	co_linked	co_linked	1-1	1-1	True	56	0.187	0.182	gain	FP	FP
chr8	82069122	82099169	30047	6	0	0	1	sparse	co_linked	1-1	1-1	True	7	0.187	0.106	gain	FP	FP
chr8	82069122	82101752	32630	5	0	0	1	sparse	co_linked	1-1	1-1	True	6	0.187	0.12	gain	FP	FP
chr8	82069964	82099169	29205	6	0	0	1	sparse	co_linked	1-1	1-1	True	7	0.147	0.106	gain	FP	FP
chr8	82069964	82101752	31788	5	0	0	1	sparse	co_linked	1-1	1-1	True	6	0.147	0.12	gain	FP	FP
chr8	82070433	82099169	28736	6	0	0	1	sparse	co_linked	1-1	1-1	True	7	0.163	0.106	gain	FP	FP
chr8	82070433	82101752	31319	5	0	0	1	sparse	co_linked	1-1	1-1	True	6	0.163	0.12	gain	FP	FP
chr8	82071072	82073055	1983	54	0	0	12	co_linked	co_linked	1-1	1-1	True	66	0.157	0.182	gain	FP	FP
chr8	82071072	82099169	28097	7	0	0	1	sparse	co_linked	1-1	1-1	True	8	0.157	0.106	gain	FP	FP
chr8	82071072	82101752	30680	5	0	0	1	sparse	co_linked	1-1	1-1	True	6	0.157	0.12	gain	FP	FP
chr8	82073055	82099169	26114	9	0	0	1	sparse	co_linked	1-1	1-1	True	10	0.182	0.106	gain	FP	FP
chr8	82073055	82101752	28697	7	0	0	1	sparse	co_linked	1-1	1-1	True	8	0.182	0.12	gain	FP	FP
chr8	82074434	82100856	26422	9	0	0	1	sparse	co_linked	3	3	True	10	0.18	0.135	gain	FP	FP
chr8	82080950	82088123	7173	38	0	0	7	co_linked	co_linked	2-1	2-1	True	45	0.137	0.135	gain	FP	FP
chr8	82080950	82089802	8852	33	0	0	6	co_linked	co_linked	2-1	2-1	True	39	0.137	0.141	gain	FP	FP
chr8	82080950	82090068	9118	33	0	0	6	co_linked	co_linked	2-1	2-1	True	39	0.137	0.143	gain	FP	FP
chr8	82081132	82081539	407	72	0	0	13	co_linked	co_linked	2-1	2-1	True	85	0.146	0.167	gain	FP	FP
chr8	82081132	82082069	937	67	0	0	13	co_linked	co_linked	2-1	2-1	True	80	0.146	0.168	gain	FP	FP
chr8	82081132	82086174	5042	43	0	0	11	co_linked	co_linked	2-1	2-1	True	54	0.146	0.184	gain	FP	FP
chr8	82081132	82088123	6991	37	0	0	7	co_linked	co_linked	2-1	2-1	True	44	0.146	0.135	gain	FP	FP
chr8	82081132	82089802	8670	32	0	0	5	co_linked	co_linked	2-1	2-1	True	37	0.146	0.141	gain	FP	FP
chr8	82081132	82090068	8936	32	0	0	5	co_linked	co_linked	2-1	2-1	True	37	0.146	0.143	gain	FP	FP
chr8	82081539	82082069	530	73	0	0	16	co_linked	co_linked	2-1	2-1	True	89	0.167	0.168	gain	FP	FP
chr8	82081539	82086174	4635	46	0	0	12	co_linked	co_linked	2-1	2-1	True	58	0.167	0.184	gain	FP	FP
chr8	82081539	82088123	6584	41	0	0	8	co_linked	co_linked	2-1	2-1	True	49	0.167	0.135	gain	FP	FP
chr8	82081539	82089802	8263	37	0	0	7	co_linked	co_linked	2-1	2-1	True	44	0.167	0.141	gain	FP	FP
chr8	82081539	82090068	8529	37	0	0	7	co_linked	co_linked	2-1	2-1	True	44	0.167	0.143	gain	FP	FP
chr8	82082069	82086174	4105	50	0	0	12	co_linked	co_linked	2-1	2-1	True	62	0.168	0.184	gain	FP	FP
chr8	82082069	82088123	6054	45	0	0	8	co_linked	co_linked	2-1	2-1	True	53	0.168	0.135	gain	FP	FP
chr8	82082069	82089802	7733	39	0	0	7	co_linked	co_linked	2-1	2-1	True	46	0.168	0.141	gain	FP	FP
chr8	82082069	82090068	7999	39	0	0	7	co_linked	co_linked	2-1	2-1	True	46	0.168	0.143	gain	FP	FP
chr8	82086174	82088123	1949	59	0	0	11	co_linked	co_linked	2-1	2-1	True	70	0.184	0.135	gain	FP	FP
chr8	82086174	82089802	3628	50	0	0	9	co_linked	co_linked	2-1	2-1	True	59	0.184	0.141	gain	FP	FP
chr8	82086174	82090068	3894	50	0	0	9	co_linked	co_linked	2-1	2-1	True	59	0.184	0.143	gain	FP	FP
chr8	82088123	82089802	1679	69	0	0	10	co_linked	co_linked	2-1	2-1	True	79	0.135	0.141	gain	FP	FP
chr8	82088123	82090068	1945	69	0	0	10	co_linked	co_linked	2-1	2-1	True	79	0.135	0.143	gain	FP	FP
chr8	82089802	82090068	266	77	0	0	13	co_linked	co_linked	2-1	2-1	True	90	0.141	0.143	gain	FP	FP
chr8	82099169	82105755	6586	58	0	0	6	co_linked	co_linked	1-1	1-1	True	64	0.106	0.094	gain	FP	FP
chr8	82099169	82111760	12591	40	0	0	4	co_linked	co_linked	1-1	1-1	True	44	0.106	0.093	gain	FP	FP
chr8	82099169	82120558	21389	19	0	0	1	sparse	co_linked	1-1	1-1	True	20	0.106	0.118	gain	FP	FP
chr8	82099169	82121251	22082	19	0	0	1	sparse	co_linked	1-1	1-1	True	20	0.106	0.169	gain	FP	FP
chr8	82099169	82121723	22554	18	0	0	1	sparse	co_linked	1-1	1-1	True	19	0.106	0.135	gain	FP	FP
chr8	82099169	82121871	22702	18	0	0	1	sparse	co_linked	1-1	1-1	True	19	0.106	0.124	gain	FP	FP
chr8	82099169	82122699	23530	16	0	0	1	sparse	co_linked	1-1	1-1	True	17	0.106	0.128	gain	FP	FP
chr8	82099169	82123176	24007	15	0	0	1	sparse	co_linked	1-1	1-1	True	16	0.106	0.138	gain	FP	FP
chr8	82099169	82123427	24258	15	0	0	1	sparse	co_linked	1-1	1-1	True	16	0.106	0.143	gain	FP	FP
chr8	82101752	82105755	4003	69	0	0	7	co_linked	co_linked	1-1	1-1	True	76	0.12	0.094	gain	FP	FP
chr8	82101752	82111760	10008	49	0	0	5	co_linked	co_linked	1-1	1-1	True	54	0.12	0.093	gain	FP	FP
chr8	82101752	82120558	18806	24	0	0	2	co_linked	co_linked	1-1	1-1	True	26	0.12	0.118	gain	FP	FP
chr8	82101752	82121723	19971	23	0	0	2	co_linked	co_linked	1-1	1-1	True	25	0.12	0.135	gain	FP	FP
chr8	82101752	82121871	20119	23	0	0	2	co_linked	co_linked	1-1	1-1	True	25	0.12	0.124	gain	FP	FP
chr8	82101752	82122699	20947	20	0	0	2	co_linked	co_linked	1-1	1-1	True	22	0.12	0.128	gain	FP	FP
chr8	82101752	82123176	21424	19	0	0	2	co_linked	co_linked	1-1	1-1	True	21	0.12	0.138	gain	FP	FP
chr8	82101752	82123427	21675	19	0	0	2	co_linked	co_linked	1-1	1-1	True	21	0.12	0.143	gain	FP	FP
chr8	82101752	82126014	24262	13	0	0	1	sparse	co_linked	1-1	1-1	True	14	0.12	0.202	gain	FP	FP
chr8	82101752	82126205	24453	13	0	0	1	sparse	co_linked	1-1	1-1	True	14	0.12	0.18	gain	FP	FP
chr8	82101752	82126250	24498	13	0	0	1	sparse	co_linked	1-1	1-1	True	14	0.12	0.187	gain	FP	FP
chr8	82101752	82126270	24518	12	0	0	1	sparse	co_linked	1-1	1-1	True	13	0.12	0.187	gain	FP	FP
chr8	82101752	82128403	26651	11	0	0	1	sparse	co_linked	1-1	1-1	True	12	0.12	0.144	gain	FP	FP
chr8	82101752	82131990	30238	9	0	0	1	sparse	co_linked	1-1	1-1	True	10	0.12	0.143	gain	FP	FP
chr8	82101752	82132379	30627	9	0	0	1	sparse	co_linked	1-1	1-1	True	10	0.12	0.133	gain	FP	FP
chr8	82101752	82133876	32124	9	0	0	1	sparse	co_linked	1-1	1-1	True	10	0.12	0.125	gain	FP	FP
chr8	82105755	82111760	6005	58	0	0	6	co_linked	co_linked	1-1	1-1	True	64	0.094	0.093	gain	FP	FP
chr8	82105755	82120558	14803	26	0	0	3	co_linked	co_linked	1-1	1-1	True	29	0.094	0.118	gain	FP	FP
chr8	82105755	82121723	15968	25	0	0	3	co_linked	co_linked	1-1	1-1	True	28	0.094	0.135	gain	FP	FP
chr8	82105755	82121871	16116	25	0	0	3	co_linked	co_linked	1-1	1-1	True	28	0.094	0.124	gain	FP	FP
chr8	82105755	82122699	16944	22	0	0	3	co_linked	co_linked	1-1	1-1	True	25	0.094	0.128	gain	FP	FP
chr8	82105755	82123176	17421	21	0	0	3	co_linked	co_linked	1-1	1-1	True	24	0.094	0.138	gain	FP	FP
chr8	82105755	82123427	17672	21	0	0	3	co_linked	co_linked	1-1	1-1	True	24	0.094	0.143	gain	FP	FP
chr8	82105755	82126014	20259	15	0	0	1	sparse	co_linked	1-1	1-1	True	16	0.094	0.202	gain	FP	FP
chr8	82105755	82126205	20450	15	0	0	1	sparse	co_linked	1-1	1-1	True	16	0.094	0.18	gain	FP	FP
chr8	82105755	82126250	20495	15	0	0	1	sparse	co_linked	1-1	1-1	True	16	0.094	0.187	gain	FP	FP
chr8	82105755	82126270	20515	14	0	0	1	sparse	co_linked	1-1	1-1	True	15	0.094	0.187	gain	FP	FP
chr8	82105755	82128403	22648	13	0	0	1	sparse	co_linked	1-1	1-1	True	14	0.094	0.144	gain	FP	FP
chr8	82105755	82131990	26235	11	0	0	1	sparse	co_linked	1-1	1-1	True	12	0.094	0.143	gain	FP	FP
chr8	82105755	82132379	26624	11	0	0	1	sparse	co_linked	1-1	1-1	True	12	0.094	0.133	gain	FP	FP
chr8	82105755	82133876	28121	10	0	0	1	sparse	co_linked	1-1	1-1	True	11	0.094	0.125	gain	FP	FP
chr8	82107449	82126014	18565	18	0	0	2	co_linked	co_linked	1-1	1-1	True	20	0.093	0.202	gain	FP	FP
chr8	82107449	82126205	18756	18	0	0	2	co_linked	co_linked	1-1	1-1	True	20	0.093	0.18	gain	FP	FP
chr8	82107449	82126250	18801	18	0	0	2	co_linked	co_linked	1-1	1-1	True	20	0.093	0.187	gain	FP	FP
chr8	82107449	82126270	18821	17	0	0	2	co_linked	co_linked	1-1	1-1	True	19	0.093	0.187	gain	FP	FP
chr8	82107449	82128403	20954	16	0	0	2	co_linked	co_linked	1-1	1-1	True	18	0.093	0.144	gain	FP	FP
chr8	82107449	82131990	24541	13	0	0	2	co_linked	co_linked	1-1	1-1	True	15	0.093	0.143	gain	FP	FP
chr8	82107449	82132379	24930	12	0	0	2	co_linked	co_linked	1-1	1-1	True	14	0.093	0.133	gain	FP	FP
chr8	82107449	82133876	26427	11	0	0	1	sparse	co_linked	1-1	1-1	True	12	0.093	0.125	gain	FP	FP
chr8	82111760	82120558	8798	38	0	0	4	co_linked	co_linked	1-1	1-1	True	42	0.093	0.118	gain	FP	FP
chr8	82111760	82121723	9963	37	0	0	4	co_linked	co_linked	1-1	1-1	True	41	0.093	0.135	gain	FP	FP
chr8	82111760	82121871	10111	37	0	0	4	co_linked	co_linked	1-1	1-1	True	41	0.093	0.124	gain	FP	FP
chr8	82111760	82122699	10939	33	0	0	4	co_linked	co_linked	1-1	1-1	True	37	0.093	0.128	gain	FP	FP
chr8	82111760	82123176	11416	32	0	0	4	co_linked	co_linked	1-1	1-1	True	36	0.093	0.138	gain	FP	FP
chr8	82111760	82123427	11667	31	0	0	4	co_linked	co_linked	1-1	1-1	True	35	0.093	0.143	gain	FP	FP
chr8	82111760	82126205	14445	24	0	0	2	co_linked	co_linked	1-1	1-1	True	26	0.093	0.18	gain	FP	FP
chr8	82111760	82126250	14490	24	0	0	2	co_linked	co_linked	1-1	1-1	True	26	0.093	0.187	gain	FP	FP
chr8	82111760	82126270	14510	24	0	0	2	co_linked	co_linked	1-1	1-1	True	26	0.093	0.187	gain	FP	FP
chr8	82111760	82128403	16643	22	0	0	2	co_linked	co_linked	1-1	1-1	True	24	0.093	0.144	gain	FP	FP
chr8	82111760	82131990	20230	15	0	0	2	co_linked	co_linked	1-1	1-1	True	17	0.093	0.143	gain	FP	FP
chr8	82111760	82132379	20619	14	0	0	2	co_linked	co_linked	1-1	1-1	True	16	0.093	0.133	gain	FP	FP
chr8	82111760	82133876	22116	13	0	0	1	sparse	co_linked	1-1	1-1	True	14	0.093	0.125	gain	FP	FP
chr8	82117122	82138507	21385	12	0	0	1	sparse	co_linked	1-1	1-1	True	13	0.093	0.112	gain	FP	FP
chr8	82117122	82141139	24017	7	0	0	1	sparse	co_linked	1-1	1-1	True	8	0.093	0.163	gain	FP	FP
chr8	82117122	82141280	24158	8	0	0	1	sparse	co_linked	1-1	1-1	True	9	0.093	0.16	gain	FP	FP
chr8	82117122	82143433	26311	5	0	0	1	sparse	co_linked	1-1	1-1	True	6	0.093	0.191	gain	FP	FP
chr8	82117122	82143609	26487	5	0	0	1	sparse	co_linked	1-1	1-1	True	6	0.093	0.174	gain	FP	FP
chr8	82117122	82143645	26523	5	0	0	1	sparse	co_linked	1-1	1-1	True	6	0.093	0.143	gain	FP	FP
chr8	82120558	82128403	7845	40	0	0	6	co_linked	co_linked	1-1	1-1	True	46	0.118	0.144	gain	FP	FP
chr8	82120558	82144915	24357	4	0	0	2	co_linked	co_linked	1-1	1-1	True	6	0.118	0.209	gain	FP	FP
chr8	82121723	82121871	148	77	0	0	11	co_linked	co_linked	1-1	1-1	True	88	0.135	0.124	gain	FP	FP
chr8	82121723	82122699	976	70	0	0	10	co_linked	co_linked	1-1	1-1	True	80	0.135	0.128	gain	FP	FP
chr8	82121723	82123176	1453	67	0	0	10	co_linked	co_linked	1-1	1-1	True	77	0.135	0.138	gain	FP	FP
chr8	82121723	82123427	1704	65	0	0	10	co_linked	co_linked	1-1	1-1	True	75	0.135	0.143	gain	FP	FP
chr8	82121723	82126205	4482	51	0	0	7	co_linked	co_linked	1-1	1-1	True	58	0.135	0.18	gain	FP	FP
chr8	82121723	82126250	4527	52	0	0	8	co_linked	co_linked	1-1	1-1	True	60	0.135	0.187	gain	FP	FP
chr8	82121723	82126270	4547	52	0	0	8	co_linked	co_linked	1-1	1-1	True	60	0.135	0.187	gain	FP	FP
chr8	82121723	82128403	6680	45	0	0	8	co_linked	co_linked	1-1	1-1	True	53	0.135	0.144	gain	FP	FP
chr8	82121723	82131990	10267	31	0	0	8	co_linked	co_linked	1-1	1-1	True	39	0.135	0.143	gain	FP	FP
chr8	82121723	82132379	10656	30	0	0	8	co_linked	co_linked	1-1	1-1	True	38	0.135	0.133	gain	FP	FP
chr8	82121723	82133876	12153	27	0	0	7	co_linked	co_linked	1-1	1-1	True	34	0.135	0.125	gain	FP	FP
chr8	82121723	82138507	16784	19	0	0	5	co_linked	co_linked	1-1	1-1	True	24	0.135	0.112	gain	FP	FP
chr8	82121723	82141139	19416	14	0	0	5	co_linked	co_linked	1-1	1-1	True	19	0.135	0.163	gain	FP	FP
chr8	82121723	82141280	19557	14	0	0	5	co_linked	co_linked	1-1	1-1	True	19	0.135	0.16	gain	FP	FP
chr8	82121723	82143433	21710	9	0	0	5	co_linked	co_linked	1-1	1-1	True	14	0.135	0.191	gain	FP	FP
chr8	82121723	82143609	21886	9	0	0	3	co_linked	co_linked	1-1	1-1	True	12	0.135	0.174	gain	FP	FP
chr8	82121723	82143645	21922	9	0	0	3	co_linked	co_linked	1-1	1-1	True	12	0.135	0.143	gain	FP	FP
chr8	82121723	82144915	23192	4	0	0	3	co_linked	co_linked	1-1	1-1	True	7	0.135	0.209	gain	FP	FP
chr8	82121723	82146758	25035	4	0	0	2	co_linked	co_linked	1-1	1-1	True	6	0.135	0.2	gain	FP	FP
chr8	82121723	82148347	26624	4	0	0	2	co_linked	co_linked	1-1	1-1	True	6	0.135	0.22	gain	FP	FP
chr8	82121723	82149019	27296	4	0	0	2	co_linked	co_linked	1-1	1-1	True	6	0.135	0.211	gain	FP	FP
chr8	82121723	82149808	28085	4	0	0	2	co_linked	co_linked	1-1	1-1	True	6	0.135	0.172	gain	FP	FP
chr8	82121871	82122699	828	71	0	0	9	co_linked	co_linked	1-1	1-1	True	80	0.124	0.128	gain	FP	FP
chr8	82121871	82123176	1305	68	0	0	9	co_linked	co_linked	1-1	1-1	True	77	0.124	0.138	gain	FP	FP
chr8	82121871	82123427	1556	66	0	0	9	co_linked	co_linked	1-1	1-1	True	75	0.124	0.143	gain	FP	FP
chr8	82121871	82126205	4334	52	0	0	6	co_linked	co_linked	1-1	1-1	True	58	0.124	0.18	gain	FP	FP
chr8	82121871	82126250	4379	53	0	0	7	co_linked	co_linked	1-1	1-1	True	60	0.124	0.187	gain	FP	FP
chr8	82121871	82126270	4399	53	0	0	7	co_linked	co_linked	1-1	1-1	True	60	0.124	0.187	gain	FP	FP
chr8	82121871	82128403	6532	46	0	0	7	co_linked	co_linked	1-1	1-1	True	53	0.124	0.144	gain	FP	FP
chr8	82121871	82131990	10119	32	0	0	7	co_linked	co_linked	1-1	1-1	True	39	0.124	0.143	gain	FP	FP
chr8	82121871	82132379	10508	30	0	0	7	co_linked	co_linked	1-1	1-1	True	37	0.124	0.133	gain	FP	FP
chr8	82121871	82133876	12005	27	0	0	6	co_linked	co_linked	1-1	1-1	True	33	0.124	0.125	gain	FP	FP
chr8	82121871	82138507	16636	19	0	0	4	co_linked	co_linked	1-1	1-1	True	23	0.124	0.112	gain	FP	FP
chr8	82121871	82141139	19268	14	0	0	4	co_linked	co_linked	1-1	1-1	True	18	0.124	0.163	gain	FP	FP
chr8	82121871	82141280	19409	14	0	0	4	co_linked	co_linked	1-1	1-1	True	18	0.124	0.16	gain	FP	FP
chr8	82121871	82143433	21562	9	0	0	4	co_linked	co_linked	1-1	1-1	True	13	0.124	0.191	gain	FP	FP
chr8	82121871	82143609	21738	9	0	0	2	co_linked	co_linked	1-1	1-1	True	11	0.124	0.174	gain	FP	FP
chr8	82121871	82143645	21774	9	0	0	2	co_linked	co_linked	1-1	1-1	True	11	0.124	0.143	gain	FP	FP
chr8	82121871	82144915	23044	4	0	0	2	co_linked	co_linked	1-1	1-1	True	6	0.124	0.209	gain	FP	FP
chr8	82121871	82146758	24887	4	0	0	2	co_linked	co_linked	1-1	1-1	True	6	0.124	0.2	gain	FP	FP
chr8	82121871	82148347	26476	4	0	0	2	co_linked	co_linked	1-1	1-1	True	6	0.124	0.22	gain	FP	FP
chr8	82121871	82149019	27148	4	0	0	2	co_linked	co_linked	1-1	1-1	True	6	0.124	0.211	gain	FP	FP
chr8	82121871	82149808	27937	4	0	0	2	co_linked	co_linked	1-1	1-1	True	6	0.124	0.172	gain	FP	FP
chr8	82122699	82123176	477	71	0	0	11	co_linked	co_linked	1-1	1-1	True	82	0.128	0.138	gain	FP	FP
chr8	82122699	82123427	728	69	0	0	11	co_linked	co_linked	1-1	1-1	True	80	0.128	0.143	gain	FP	FP
chr8	82122699	82126205	3506	55	0	0	7	co_linked	co_linked	1-1	1-1	True	62	0.128	0.18	gain	FP	FP
chr8	82122699	82126250	3551	56	0	0	8	co_linked	co_linked	1-1	1-1	True	64	0.128	0.187	gain	FP	FP
chr8	82122699	82126270	3571	56	0	0	8	co_linked	co_linked	1-1	1-1	True	64	0.128	0.187	gain	FP	FP
chr8	82122699	82128403	5704	49	0	0	8	co_linked	co_linked	1-1	1-1	True	57	0.128	0.144	gain	FP	FP
chr8	82122699	82131990	9291	35	0	0	8	co_linked	co_linked	1-1	1-1	True	43	0.128	0.143	gain	FP	FP
chr8	82122699	82132379	9680	31	0	0	8	co_linked	co_linked	1-1	1-1	True	39	0.128	0.133	gain	FP	FP
chr8	82122699	82133876	11177	28	0	0	7	co_linked	co_linked	1-1	1-1	True	35	0.128	0.125	gain	FP	FP
chr8	82122699	82138507	15808	20	0	0	5	co_linked	co_linked	1-1	1-1	True	25	0.128	0.112	gain	FP	FP
chr8	82122699	82141139	18440	15	0	0	5	co_linked	co_linked	1-1	1-1	True	20	0.128	0.163	gain	FP	FP
chr8	82122699	82141280	18581	15	0	0	5	co_linked	co_linked	1-1	1-1	True	20	0.128	0.16	gain	FP	FP
chr8	82122699	82143433	20734	10	0	0	5	co_linked	co_linked	1-1	1-1	True	15	0.128	0.191	gain	FP	FP
chr8	82122699	82143609	20910	10	0	0	3	co_linked	co_linked	1-1	1-1	True	13	0.128	0.174	gain	FP	FP
chr8	82122699	82143645	20946	10	0	0	3	co_linked	co_linked	1-1	1-1	True	13	0.128	0.143	gain	FP	FP
chr8	82122699	82144915	22216	5	0	0	3	co_linked	co_linked	1-1	1-1	True	8	0.128	0.209	gain	FP	FP
chr8	82122699	82146758	24059	5	0	0	2	co_linked	co_linked	1-1	1-1	True	7	0.128	0.2	gain	FP	FP
chr8	82122699	82148347	25648	5	0	0	2	co_linked	co_linked	1-1	1-1	True	7	0.128	0.22	gain	FP	FP
chr8	82122699	82149019	26320	5	0	0	2	co_linked	co_linked	1-1	1-1	True	7	0.128	0.211	gain	FP	FP
chr8	82122699	82149131	26432	4	0	0	2	co_linked	co_linked	1-1	1-1	True	6	0.128	0.216	gain	FP	FP
chr8	82122699	82149808	27109	5	0	0	2	co_linked	co_linked	1-1	1-1	True	7	0.128	0.172	gain	FP	FP
chr8	82122699	82150422	27723	4	0	0	2	co_linked	co_linked	1-1	1-1	True	6	0.128	0.202	gain	FP	FP
chr8	82122699	82150598	27899	4	0	0	2	co_linked	co_linked	1-1	1-1	True	6	0.128	0.185	gain	FP	FP
chr8	82122699	82150642	27943	4	0	0	2	co_linked	co_linked	1-1	1-1	True	6	0.128	0.198	gain	FP	FP
chr8	82122699	82152055	29356	4	0	0	2	co_linked	co_linked	1-1	1-1	True	6	0.128	0.196	gain	FP	FP
chr8	82123176	82123427	251	71	0	0	12	co_linked	co_linked	1-1	1-1	True	83	0.138	0.143	gain	FP	FP
chr8	82123176	82126205	3029	57	0	0	8	co_linked	co_linked	1-1	1-1	True	65	0.138	0.18	gain	FP	FP
chr8	82123176	82126250	3074	58	0	0	9	co_linked	co_linked	1-1	1-1	True	67	0.138	0.187	gain	FP	FP
chr8	82123176	82126270	3094	58	0	0	9	co_linked	co_linked	1-1	1-1	True	67	0.138	0.187	gain	FP	FP
chr8	82123176	82128403	5227	51	0	0	8	co_linked	co_linked	1-1	1-1	True	59	0.138	0.144	gain	FP	FP
chr8	82123176	82131990	8814	35	0	0	8	co_linked	co_linked	1-1	1-1	True	43	0.138	0.143	gain	FP	FP
chr8	82123176	82132379	9203	31	0	0	8	co_linked	co_linked	1-1	1-1	True	39	0.138	0.133	gain	FP	FP
chr8	82123176	82133876	10700	28	0	0	7	co_linked	co_linked	1-1	1-1	True	35	0.138	0.125	gain	FP	FP
chr8	82123176	82138507	15331	20	0	0	5	co_linked	co_linked	1-1	1-1	True	25	0.138	0.112	gain	FP	FP
chr8	82123176	82141139	17963	15	0	0	5	co_linked	co_linked	1-1	1-1	True	20	0.138	0.163	gain	FP	FP
chr8	82123176	82141280	18104	15	0	0	5	co_linked	co_linked	1-1	1-1	True	20	0.138	0.16	gain	FP	FP
chr8	82123176	82143433	20257	10	0	0	5	co_linked	co_linked	1-1	1-1	True	15	0.138	0.191	gain	FP	FP
chr8	82123176	82143609	20433	10	0	0	3	co_linked	co_linked	1-1	1-1	True	13	0.138	0.174	gain	FP	FP
chr8	82123176	82143645	20469	10	0	0	3	co_linked	co_linked	1-1	1-1	True	13	0.138	0.143	gain	FP	FP
chr8	82123176	82144915	21739	5	0	0	3	co_linked	co_linked	1-1	1-1	True	8	0.138	0.209	gain	FP	FP
chr8	82123176	82146758	23582	5	0	0	2	co_linked	co_linked	1-1	1-1	True	7	0.138	0.2	gain	FP	FP
chr8	82123176	82148347	25171	5	0	0	2	co_linked	co_linked	1-1	1-1	True	7	0.138	0.22	gain	FP	FP
chr8	82123176	82149019	25843	5	0	0	2	co_linked	co_linked	1-1	1-1	True	7	0.138	0.211	gain	FP	FP
chr8	82123176	82149131	25955	5	0	0	2	co_linked	co_linked	1-1	1-1	True	7	0.138	0.216	gain	FP	FP
chr8	82123176	82149808	26632	5	0	0	2	co_linked	co_linked	1-1	1-1	True	7	0.138	0.172	gain	FP	FP
chr8	82123176	82150422	27246	5	0	0	2	co_linked	co_linked	1-1	1-1	True	7	0.138	0.202	gain	FP	FP
chr8	82123176	82150598	27422	5	0	0	2	co_linked	co_linked	1-1	1-1	True	7	0.138	0.185	gain	FP	FP
chr8	82123176	82150642	27466	5	0	0	2	co_linked	co_linked	1-1	1-1	True	7	0.138	0.198	gain	FP	FP
chr8	82123176	82152055	28879	5	0	0	2	co_linked	co_linked	1-1	1-1	True	7	0.138	0.196	gain	FP	FP
chr8	82123176	82152670	29494	5	0	0	1	sparse	co_linked	1-1	1-1	True	6	0.138	0.194	gain	FP	FP
chr8	82123427	82126014	2587	60	0	0	9	co_linked	co_linked	1-1	1-1	True	69	0.143	0.202	gain	FP	FP
chr8	82123427	82126205	2778	57	0	0	8	co_linked	co_linked	1-1	1-1	True	65	0.143	0.18	gain	FP	FP
chr8	82123427	82126250	2823	58	0	0	9	co_linked	co_linked	1-1	1-1	True	67	0.143	0.187	gain	FP	FP
chr8	82123427	82126270	2843	58	0	0	9	co_linked	co_linked	1-1	1-1	True	67	0.143	0.187	gain	FP	FP
chr8	82123427	82128403	4976	51	0	0	8	co_linked	co_linked	1-1	1-1	True	59	0.143	0.144	gain	FP	FP
chr8	82123427	82131990	8563	36	0	0	8	co_linked	co_linked	1-1	1-1	True	44	0.143	0.143	gain	FP	FP
chr8	82123427	82132379	8952	32	0	0	8	co_linked	co_linked	1-1	1-1	True	40	0.143	0.133	gain	FP	FP
chr8	82123427	82133876	10449	29	0	0	7	co_linked	co_linked	1-1	1-1	True	36	0.143	0.125	gain	FP	FP
chr8	82123427	82138507	15080	21	0	0	5	co_linked	co_linked	1-1	1-1	True	26	0.143	0.112	gain	FP	FP
chr8	82123427	82141139	17712	16	0	0	5	co_linked	co_linked	1-1	1-1	True	21	0.143	0.163	gain	FP	FP
chr8	82123427	82141280	17853	16	0	0	5	co_linked	co_linked	1-1	1-1	True	21	0.143	0.16	gain	FP	FP
chr8	82123427	82143433	20006	11	0	0	5	co_linked	co_linked	1-1	1-1	True	16	0.143	0.191	gain	FP	FP
chr8	82123427	82143609	20182	11	0	0	3	co_linked	co_linked	1-1	1-1	True	14	0.143	0.174	gain	FP	FP
chr8	82123427	82143645	20218	11	0	0	3	co_linked	co_linked	1-1	1-1	True	14	0.143	0.143	gain	FP	FP
chr8	82123427	82144915	21488	6	0	0	3	co_linked	co_linked	1-1	1-1	True	9	0.143	0.209	gain	FP	FP
chr8	82123427	82146758	23331	6	0	0	2	co_linked	co_linked	1-1	1-1	True	8	0.143	0.2	gain	FP	FP
chr8	82123427	82148347	24920	6	0	0	2	co_linked	co_linked	1-1	1-1	True	8	0.143	0.22	gain	FP	FP
chr8	82123427	82149019	25592	6	0	0	2	co_linked	co_linked	1-1	1-1	True	8	0.143	0.211	gain	FP	FP
chr8	82123427	82149131	25704	5	0	0	2	co_linked	co_linked	1-1	1-1	True	7	0.143	0.216	gain	FP	FP
chr8	82123427	82149808	26381	6	0	0	2	co_linked	co_linked	1-1	1-1	True	8	0.143	0.172	gain	FP	FP
chr8	82123427	82150422	26995	5	0	0	2	co_linked	co_linked	1-1	1-1	True	7	0.143	0.202	gain	FP	FP
chr8	82123427	82150598	27171	5	0	0	2	co_linked	co_linked	1-1	1-1	True	7	0.143	0.185	gain	FP	FP
chr8	82123427	82150642	27215	5	0	0	2	co_linked	co_linked	1-1	1-1	True	7	0.143	0.198	gain	FP	FP
chr8	82123427	82152055	28628	5	0	0	2	co_linked	co_linked	1-1	1-1	True	7	0.143	0.196	gain	FP	FP
chr8	82123427	82152670	29243	5	0	0	1	sparse	co_linked	1-1	1-1	True	6	0.143	0.194	gain	FP	FP
chr8	82126014	82148347	22333	10	0	0	2	co_linked	co_linked	1-1	1-1	True	12	0.202	0.22	gain	FP	FP
chr8	82126014	82149019	23005	9	0	0	2	co_linked	co_linked	1-1	1-1	True	11	0.202	0.211	gain	FP	FP
chr8	82126014	82149131	23117	7	0	0	2	co_linked	co_linked	1-1	1-1	True	9	0.202	0.216	gain	FP	FP
chr8	82126014	82149808	23794	9	0	0	2	co_linked	co_linked	1-1	1-1	True	11	0.202	0.172	gain	FP	FP
chr8	82126014	82150422	24408	8	0	0	2	co_linked	co_linked	1-1	1-1	True	10	0.202	0.202	gain	FP	FP
chr8	82126014	82150598	24584	8	0	0	2	co_linked	co_linked	1-1	1-1	True	10	0.202	0.185	gain	FP	FP
chr8	82126014	82150642	24628	8	0	0	2	co_linked	co_linked	1-1	1-1	True	10	0.202	0.198	gain	FP	FP
chr8	82126014	82152055	26041	7	0	0	2	co_linked	co_linked	1-1	1-1	True	9	0.202	0.196	gain	FP	FP
chr8	82126014	82152670	26656	7	0	0	1	sparse	co_linked	1-1	1-1	True	8	0.202	0.194	gain	FP	FP
chr8	82126014	82153297	27283	6	0	0	1	sparse	co_linked	1-1	1-1	True	7	0.202	0.149	gain	FP	FP
chr8	82126205	82126250	45	73	0	0	16	co_linked	co_linked	1-1	1-1	True	89	0.18	0.187	gain	FP	FP
chr8	82126205	82126270	65	72	0	0	16	co_linked	co_linked	1-1	1-1	True	88	0.18	0.187	gain	FP	FP
chr8	82126205	82128403	2198	61	0	0	9	co_linked	co_linked	1-1	1-1	True	70	0.18	0.144	gain	FP	FP
chr8	82126205	82131990	5785	44	0	0	7	co_linked	co_linked	1-1	1-1	True	51	0.18	0.143	gain	FP	FP
chr8	82126205	82132379	6174	39	0	0	7	co_linked	co_linked	1-1	1-1	True	46	0.18	0.133	gain	FP	FP
chr8	82126205	82133876	7671	35	0	0	6	co_linked	co_linked	1-1	1-1	True	41	0.18	0.125	gain	FP	FP
chr8	82126205	82138507	12302	28	0	0	4	co_linked	co_linked	1-1	1-1	True	32	0.18	0.112	gain	FP	FP
chr8	82126205	82141139	14934	23	0	0	4	co_linked	co_linked	1-1	1-1	True	27	0.18	0.163	gain	FP	FP
chr8	82126205	82141280	15075	22	0	0	4	co_linked	co_linked	1-1	1-1	True	26	0.18	0.16	gain	FP	FP
chr8	82126205	82143433	17228	17	0	0	4	co_linked	co_linked	1-1	1-1	True	21	0.18	0.191	gain	FP	FP
chr8	82126205	82143609	17404	17	0	0	3	co_linked	co_linked	1-1	1-1	True	20	0.18	0.174	gain	FP	FP
chr8	82126205	82143645	17440	17	0	0	3	co_linked	co_linked	1-1	1-1	True	20	0.18	0.143	gain	FP	FP
chr8	82126205	82144915	18710	12	0	0	3	co_linked	co_linked	1-1	1-1	True	15	0.18	0.209	gain	FP	FP
chr8	82126205	82146758	20553	10	0	0	2	co_linked	co_linked	1-1	1-1	True	12	0.18	0.2	gain	FP	FP
chr8	82126205	82148347	22142	9	0	0	2	co_linked	co_linked	1-1	1-1	True	11	0.18	0.22	gain	FP	FP
chr8	82126205	82149019	22814	8	0	0	2	co_linked	co_linked	1-1	1-1	True	10	0.18	0.211	gain	FP	FP
chr8	82126205	82149131	22926	6	0	0	2	co_linked	co_linked	1-1	1-1	True	8	0.18	0.216	gain	FP	FP
chr8	82126205	82149808	23603	8	0	0	2	co_linked	co_linked	1-1	1-1	True	10	0.18	0.172	gain	FP	FP
chr8	82126205	82150422	24217	7	0	0	2	co_linked	co_linked	1-1	1-1	True	9	0.18	0.202	gain	FP	FP
chr8	82126205	82150598	24393	7	0	0	2	co_linked	co_linked	1-1	1-1	True	9	0.18	0.185	gain	FP	FP
chr8	82126205	82150642	24437	7	0	0	2	co_linked	co_linked	1-1	1-1	True	9	0.18	0.198	gain	FP	FP
chr8	82126205	82152055	25850	6	0	0	2	co_linked	co_linked	1-1	1-1	True	8	0.18	0.196	gain	FP	FP
chr8	82126205	82152670	26465	6	0	0	1	sparse	co_linked	1-1	1-1	True	7	0.18	0.194	gain	FP	FP
chr8	82126205	82153297	27092	5	0	0	1	sparse	co_linked	1-1	1-1	True	6	0.18	0.149	gain	FP	FP
chr8	82126250	82126270	20	73	0	0	17	co_linked	co_linked	1-1	1-1	True	90	0.187	0.187	gain	FP	FP
chr8	82126250	82128403	2153	62	0	0	10	co_linked	co_linked	1-1	1-1	True	72	0.187	0.144	gain	FP	FP
chr8	82126250	82131990	5740	45	0	0	8	co_linked	co_linked	1-1	1-1	True	53	0.187	0.143	gain	FP	FP
chr8	82126250	82132379	6129	40	0	0	8	co_linked	co_linked	1-1	1-1	True	48	0.187	0.133	gain	FP	FP
chr8	82126250	82133876	7626	36	0	0	7	co_linked	co_linked	1-1	1-1	True	43	0.187	0.125	gain	FP	FP
chr8	82126250	82138507	12257	28	0	0	5	co_linked	co_linked	1-1	1-1	True	33	0.187	0.112	gain	FP	FP
chr8	82126250	82141139	14889	23	0	0	5	co_linked	co_linked	1-1	1-1	True	28	0.187	0.163	gain	FP	FP
chr8	82126250	82141280	15030	22	0	0	5	co_linked	co_linked	1-1	1-1	True	27	0.187	0.16	gain	FP	FP
chr8	82126250	82143433	17183	17	0	0	5	co_linked	co_linked	1-1	1-1	True	22	0.187	0.191	gain	FP	FP
chr8	82126250	82143609	17359	17	0	0	3	co_linked	co_linked	1-1	1-1	True	20	0.187	0.174	gain	FP	FP
chr8	82126250	82143645	17395	17	0	0	3	co_linked	co_linked	1-1	1-1	True	20	0.187	0.143	gain	FP	FP
chr8	82126250	82144915	18665	12	0	0	3	co_linked	co_linked	1-1	1-1	True	15	0.187	0.209	gain	FP	FP
chr8	82126250	82146758	20508	10	0	0	2	co_linked	co_linked	1-1	1-1	True	12	0.187	0.2	gain	FP	FP
chr8	82126250	82148347	22097	9	0	0	2	co_linked	co_linked	1-1	1-1	True	11	0.187	0.22	gain	FP	FP
chr8	82126250	82149019	22769	8	0	0	2	co_linked	co_linked	1-1	1-1	True	10	0.187	0.211	gain	FP	FP
chr8	82126250	82149131	22881	6	0	0	2	co_linked	co_linked	1-1	1-1	True	8	0.187	0.216	gain	FP	FP
chr8	82126250	82149808	23558	8	0	0	2	co_linked	co_linked	1-1	1-1	True	10	0.187	0.172	gain	FP	FP
chr8	82126250	82150422	24172	7	0	0	2	co_linked	co_linked	1-1	1-1	True	9	0.187	0.202	gain	FP	FP
chr8	82126250	82150598	24348	7	0	0	2	co_linked	co_linked	1-1	1-1	True	9	0.187	0.185	gain	FP	FP
chr8	82126250	82150642	24392	7	0	0	2	co_linked	co_linked	1-1	1-1	True	9	0.187	0.198	gain	FP	FP
chr8	82126250	82152055	25805	6	0	0	2	co_linked	co_linked	1-1	1-1	True	8	0.187	0.196	gain	FP	FP
chr8	82126250	82152670	26420	6	0	0	1	sparse	co_linked	1-1	1-1	True	7	0.187	0.194	gain	FP	FP
chr8	82126250	82153297	27047	5	0	0	1	sparse	co_linked	1-1	1-1	True	6	0.187	0.149	gain	FP	FP
chr8	82126270	82128403	2133	62	0	0	10	co_linked	co_linked	1-1	1-1	True	72	0.187	0.144	gain	FP	FP
chr8	82126270	82131990	5720	46	0	0	8	co_linked	co_linked	1-1	1-1	True	54	0.187	0.143	gain	FP	FP
chr8	82126270	82132379	6109	41	0	0	8	co_linked	co_linked	1-1	1-1	True	49	0.187	0.133	gain	FP	FP
chr8	82126270	82133876	7606	37	0	0	7	co_linked	co_linked	1-1	1-1	True	44	0.187	0.125	gain	FP	FP
chr8	82126270	82138507	12237	29	0	0	5	co_linked	co_linked	1-1	1-1	True	34	0.187	0.112	gain	FP	FP
chr8	82126270	82141139	14869	23	0	0	5	co_linked	co_linked	1-1	1-1	True	28	0.187	0.163	gain	FP	FP
chr8	82126270	82141280	15010	23	0	0	5	co_linked	co_linked	1-1	1-1	True	28	0.187	0.16	gain	FP	FP
chr8	82126270	82143433	17163	18	0	0	5	co_linked	co_linked	1-1	1-1	True	23	0.187	0.191	gain	FP	FP
chr8	82126270	82143609	17339	18	0	0	3	co_linked	co_linked	1-1	1-1	True	21	0.187	0.174	gain	FP	FP
chr8	82126270	82143645	17375	18	0	0	3	co_linked	co_linked	1-1	1-1	True	21	0.187	0.143	gain	FP	FP
chr8	82126270	82144915	18645	13	0	0	3	co_linked	co_linked	1-1	1-1	True	16	0.187	0.209	gain	FP	FP
chr8	82126270	82146758	20488	11	0	0	2	co_linked	co_linked	1-1	1-1	True	13	0.187	0.2	gain	FP	FP
chr8	82126270	82148347	22077	10	0	0	2	co_linked	co_linked	1-1	1-1	True	12	0.187	0.22	gain	FP	FP
chr8	82126270	82149019	22749	9	0	0	2	co_linked	co_linked	1-1	1-1	True	11	0.187	0.211	gain	FP	FP
chr8	82126270	82149131	22861	7	0	0	2	co_linked	co_linked	1-1	1-1	True	9	0.187	0.216	gain	FP	FP
chr8	82126270	82149808	23538	9	0	0	2	co_linked	co_linked	1-1	1-1	True	11	0.187	0.172	gain	FP	FP
chr8	82126270	82150422	24152	8	0	0	2	co_linked	co_linked	1-1	1-1	True	10	0.187	0.202	gain	FP	FP
chr8	82126270	82150598	24328	8	0	0	2	co_linked	co_linked	1-1	1-1	True	10	0.187	0.185	gain	FP	FP
chr8	82126270	82150642	24372	8	0	0	2	co_linked	co_linked	1-1	1-1	True	10	0.187	0.198	gain	FP	FP
chr8	82126270	82152055	25785	7	0	0	2	co_linked	co_linked	1-1	1-1	True	9	0.187	0.196	gain	FP	FP
chr8	82126270	82152670	26400	7	0	0	1	sparse	co_linked	1-1	1-1	True	8	0.187	0.194	gain	FP	FP
chr8	82126270	82153297	27027	6	0	0	1	sparse	co_linked	1-1	1-1	True	7	0.187	0.149	gain	FP	FP
chr8	82128403	82132379	3976	45	0	0	9	co_linked	co_linked	1-1	1-1	True	54	0.144	0.133	gain	FP	FP
chr8	82128403	82133876	5473	41	0	0	8	co_linked	co_linked	1-1	1-1	True	49	0.144	0.125	gain	FP	FP
chr8	82128403	82138507	10104	31	0	0	6	co_linked	co_linked	1-1	1-1	True	37	0.144	0.112	gain	FP	FP
chr8	82128403	82141139	12736	24	0	0	6	co_linked	co_linked	1-1	1-1	True	30	0.144	0.163	gain	FP	FP
chr8	82128403	82141280	12877	24	0	0	6	co_linked	co_linked	1-1	1-1	True	30	0.144	0.16	gain	FP	FP
chr8	82128403	82143433	15030	19	0	0	6	co_linked	co_linked	1-1	1-1	True	25	0.144	0.191	gain	FP	FP
chr8	82128403	82143609	15206	19	0	0	4	co_linked	co_linked	1-1	1-1	True	23	0.144	0.174	gain	FP	FP
chr8	82128403	82144915	16512	15	0	0	4	co_linked	co_linked	1-1	1-1	True	19	0.144	0.209	gain	FP	FP
chr8	82128403	82146758	18355	13	0	0	3	co_linked	co_linked	1-1	1-1	True	16	0.144	0.2	gain	FP	FP
chr8	82128403	82148347	19944	12	0	0	3	co_linked	co_linked	1-1	1-1	True	15	0.144	0.22	gain	FP	FP
chr8	82128403	82149019	20616	11	0	0	3	co_linked	co_linked	1-1	1-1	True	14	0.144	0.211	gain	FP	FP
chr8	82128403	82149131	20728	9	0	0	3	co_linked	co_linked	1-1	1-1	True	12	0.144	0.216	gain	FP	FP
chr8	82128403	82149808	21405	11	0	0	2	co_linked	co_linked	1-1	1-1	True	13	0.144	0.172	gain	FP	FP
chr8	82128403	82150422	22019	10	0	0	2	co_linked	co_linked	1-1	1-1	True	12	0.144	0.202	gain	FP	FP
chr8	82128403	82150598	22195	10	0	0	2	co_linked	co_linked	1-1	1-1	True	12	0.144	0.185	gain	FP	FP
chr8	82128403	82150642	22239	10	0	0	2	co_linked	co_linked	1-1	1-1	True	12	0.144	0.198	gain	FP	FP
chr8	82128403	82152055	23652	9	0	0	2	co_linked	co_linked	1-1	1-1	True	11	0.144	0.196	gain	FP	FP
chr8	82128403	82152670	24267	9	0	0	1	sparse	co_linked	1-1	1-1	True	10	0.144	0.194	gain	FP	FP
chr8	82128403	82153297	24894	8	0	0	1	sparse	co_linked	1-1	1-1	True	9	0.144	0.149	gain	FP	FP
chr8	82131990	82143645	11655	30	0	0	4	co_linked	co_linked	1-1	1-1	True	34	0.143	0.143	gain	FP	FP
chr8	82131990	82149808	17818	16	0	0	3	co_linked	co_linked	1-1	1-1	True	19	0.143	0.172	gain	FP	FP
chr8	82131990	82150422	18432	15	0	0	3	co_linked	co_linked	1-1	1-1	True	18	0.143	0.202	gain	FP	FP
chr8	82131990	82150598	18608	15	0	0	3	co_linked	co_linked	1-1	1-1	True	18	0.143	0.185	gain	FP	FP
chr8	82131990	82150642	18652	15	0	0	3	co_linked	co_linked	1-1	1-1	True	18	0.143	0.198	gain	FP	FP
chr8	82131990	82152055	20065	13	0	0	3	co_linked	co_linked	1-1	1-1	True	16	0.143	0.196	gain	FP	FP
chr8	82131990	82153297	21307	12	0	0	1	sparse	co_linked	1-1	1-1	True	13	0.143	0.149	gain	FP	FP
chr8	82131990	82154756	22766	11	0	0	1	sparse	co_linked	1-1	1-1	True	12	0.143	0.184	gain	FP	FP
chr8	82131990	82155529	23539	11	0	0	1	sparse	co_linked	1-1	1-1	True	12	0.143	0.173	gain	FP	FP
chr8	82131990	82158226	26236	10	0	0	1	sparse	co_linked	1-1	1-1	True	11	0.143	0.181	gain	FP	FP
chr8	82131990	82160183	28193	8	0	0	1	sparse	co_linked	1-1	1-1	True	9	0.143	0.202	gain	FP	FP
chr8	82131990	82160225	28235	8	0	0	1	sparse	co_linked	1-1	1-1	True	9	0.143	0.19	gain	FP	FP
chr8	82131990	82160837	28847	8	0	0	1	sparse	co_linked	1-1	1-1	True	9	0.143	0.204	gain	FP	FP
chr8	82131990	82161024	29034	8	0	0	1	sparse	co_linked	1-1	1-1	True	9	0.143	0.192	gain	FP	FP
chr8	82131990	82162674	30684	6	0	0	1	sparse	co_linked	1-1	1-1	True	7	0.143	0.245	gain	FP	FP
chr8	82131990	82162872	30882	6	0	0	1	sparse	co_linked	1-1	1-1	True	7	0.143	0.235	gain	FP	FP
chr8	82132379	82138507	6128	50	0	0	7	co_linked	co_linked	1-1	1-1	True	57	0.133	0.112	gain	FP	FP
chr8	82132379	82141139	8760	38	0	0	7	co_linked	co_linked	1-1	1-1	True	45	0.133	0.163	gain	FP	FP
chr8	82132379	82141280	8901	38	0	0	7	co_linked	co_linked	1-1	1-1	True	45	0.133	0.16	gain	FP	FP
chr8	82132379	82143433	11054	30	0	0	7	co_linked	co_linked	1-1	1-1	True	37	0.133	0.191	gain	FP	FP
chr8	82132379	82143609	11230	30	0	0	5	co_linked	co_linked	1-1	1-1	True	35	0.133	0.174	gain	FP	FP
chr8	82132379	82144915	12536	25	0	0	5	co_linked	co_linked	1-1	1-1	True	30	0.133	0.209	gain	FP	FP
chr8	82132379	82146758	14379	22	0	0	4	co_linked	co_linked	1-1	1-1	True	26	0.133	0.2	gain	FP	FP
chr8	82132379	82148347	15968	20	0	0	4	co_linked	co_linked	1-1	1-1	True	24	0.133	0.22	gain	FP	FP
chr8	82132379	82149019	16640	19	0	0	4	co_linked	co_linked	1-1	1-1	True	23	0.133	0.211	gain	FP	FP
chr8	82132379	82149131	16752	15	0	0	4	co_linked	co_linked	1-1	1-1	True	19	0.133	0.216	gain	FP	FP
chr8	82132379	82149808	17429	17	0	0	3	co_linked	co_linked	1-1	1-1	True	20	0.133	0.172	gain	FP	FP
chr8	82132379	82150422	18043	16	0	0	3	co_linked	co_linked	1-1	1-1	True	19	0.133	0.202	gain	FP	FP
chr8	82132379	82150598	18219	16	0	0	3	co_linked	co_linked	1-1	1-1	True	19	0.133	0.185	gain	FP	FP
chr8	82132379	82150642	18263	16	0	0	3	co_linked	co_linked	1-1	1-1	True	19	0.133	0.198	gain	FP	FP
chr8	82132379	82152055	19676	14	0	0	3	co_linked	co_linked	1-1	1-1	True	17	0.133	0.196	gain	FP	FP
chr8	82132379	82153297	20918	12	0	0	1	sparse	co_linked	1-1	1-1	True	13	0.133	0.149	gain	FP	FP
chr8	82132379	82154756	22377	11	0	0	1	sparse	co_linked	1-1	1-1	True	12	0.133	0.184	gain	FP	FP
chr8	82132379	82155529	23150	11	0	0	1	sparse	co_linked	1-1	1-1	True	12	0.133	0.173	gain	FP	FP
chr8	82132379	82158226	25847	10	0	0	1	sparse	co_linked	1-1	1-1	True	11	0.133	0.181	gain	FP	FP
chr8	82132379	82160183	27804	8	0	0	1	sparse	co_linked	1-1	1-1	True	9	0.133	0.202	gain	FP	FP
chr8	82132379	82160225	27846	8	0	0	1	sparse	co_linked	1-1	1-1	True	9	0.133	0.19	gain	FP	FP
chr8	82132379	82160837	28458	8	0	0	1	sparse	co_linked	1-1	1-1	True	9	0.133	0.204	gain	FP	FP
chr8	82132379	82161024	28645	8	0	0	1	sparse	co_linked	1-1	1-1	True	9	0.133	0.192	gain	FP	FP
chr8	82132379	82162674	30295	6	0	0	1	sparse	co_linked	1-1	1-1	True	7	0.133	0.245	gain	FP	FP
chr8	82132379	82162872	30493	6	0	0	1	sparse	co_linked	1-1	1-1	True	7	0.133	0.235	gain	FP	FP
chr8	82133876	82138507	4631	54	0	0	7	co_linked	co_linked	1-1	1-1	True	61	0.125	0.112	gain	FP	FP
chr8	82133876	82141139	7263	42	0	0	7	co_linked	co_linked	1-1	1-1	True	49	0.125	0.163	gain	FP	FP
chr8	82133876	82143433	9557	34	0	0	7	co_linked	co_linked	1-1	1-1	True	41	0.125	0.191	gain	FP	FP
chr8	82133876	82143609	9733	34	0	0	5	co_linked	co_linked	1-1	1-1	True	39	0.125	0.174	gain	FP	FP
chr8	82133876	82144915	11039	29	0	0	5	co_linked	co_linked	1-1	1-1	True	34	0.125	0.209	gain	FP	FP
chr8	82133876	82146758	12882	26	0	0	4	co_linked	co_linked	1-1	1-1	True	30	0.125	0.2	gain	FP	FP
chr8	82133876	82148347	14471	24	0	0	4	co_linked	co_linked	1-1	1-1	True	28	0.125	0.22	gain	FP	FP
chr8	82133876	82149019	15143	22	0	0	4	co_linked	co_linked	1-1	1-1	True	26	0.125	0.211	gain	FP	FP
chr8	82133876	82149131	15255	19	0	0	4	co_linked	co_linked	1-1	1-1	True	23	0.125	0.216	gain	FP	FP
chr8	82133876	82149808	15932	19	0	0	3	co_linked	co_linked	1-1	1-1	True	22	0.125	0.172	gain	FP	FP
chr8	82133876	82150422	16546	19	0	0	3	co_linked	co_linked	1-1	1-1	True	22	0.125	0.202	gain	FP	FP
chr8	82133876	82150598	16722	19	0	0	3	co_linked	co_linked	1-1	1-1	True	22	0.125	0.185	gain	FP	FP
chr8	82133876	82150642	16766	19	0	0	3	co_linked	co_linked	1-1	1-1	True	22	0.125	0.198	gain	FP	FP
chr8	82133876	82152055	18179	17	0	0	3	co_linked	co_linked	1-1	1-1	True	20	0.125	0.196	gain	FP	FP
chr8	82133876	82153297	19421	15	0	0	1	sparse	co_linked	1-1	1-1	True	16	0.125	0.149	gain	FP	FP
chr8	82133876	82154756	20880	14	0	0	1	sparse	co_linked	1-1	1-1	True	15	0.125	0.184	gain	FP	FP
chr8	82133876	82155529	21653	14	0	0	1	sparse	co_linked	1-1	1-1	True	15	0.125	0.173	gain	FP	FP
chr8	82133876	82158226	24350	13	0	0	1	sparse	co_linked	1-1	1-1	True	14	0.125	0.181	gain	FP	FP
chr8	82133876	82160183	26307	11	0	0	1	sparse	co_linked	1-1	1-1	True	12	0.125	0.202	gain	FP	FP
chr8	82133876	82160225	26349	11	0	0	1	sparse	co_linked	1-1	1-1	True	12	0.125	0.19	gain	FP	FP
chr8	82133876	82160837	26961	11	0	0	1	sparse	co_linked	1-1	1-1	True	12	0.125	0.204	gain	FP	FP
chr8	82133876	82161024	27148	11	0	0	1	sparse	co_linked	1-1	1-1	True	12	0.125	0.192	gain	FP	FP
chr8	82133876	82162674	28798	9	0	0	1	sparse	co_linked	1-1	1-1	True	10	0.125	0.245	gain	FP	FP
chr8	82133876	82162872	28996	9	0	0	1	sparse	co_linked	1-1	1-1	True	10	0.125	0.235	gain	FP	FP
chr8	82133876	82163730	29854	7	0	0	1	sparse	co_linked	1-1	1-1	True	8	0.125	0.237	gain	FP	FP
chr8	82133876	82164623	30747	6	0	0	1	sparse	co_linked	1-1	1-1	True	7	0.125	0.24	gain	FP	FP
chr8	82133876	82164970	31094	7	0	0	1	sparse	co_linked	1-1	1-1	True	8	0.125	0.222	gain	FP	FP
chr8	82133876	82165818	31942	7	0	0	1	sparse	co_linked	1-1	1-1	True	8	0.125	0.191	gain	FP	FP
chr8	82133876	82166031	32155	7	0	0	1	sparse	co_linked	1-1	1-1	True	8	0.125	0.202	gain	FP	FP
chr8	82133876	82166473	32597	6	0	0	1	sparse	co_linked	1-1	1-1	True	7	0.125	0.225	gain	FP	FP
chr8	82133876	82166482	32606	6	0	0	1	sparse	co_linked	1-1	1-1	True	7	0.125	0.205	gain	FP	FP
chr8	82133876	82166522	32646	6	0	0	1	sparse	co_linked	1-1	1-1	True	7	0.125	0.263	gain	FP	FP
chr8	82133876	82166814	32938	6	0	0	1	sparse	co_linked	1-1	1-1	True	7	0.125	0.184	gain	FP	FP
chr8	82133876	82168704	34828	5	0	0	1	sparse	co_linked	1-1	1-1	True	6	0.125	0.271	gain	FP	FP
chr8	82138507	82143433	4926	43	0	0	9	co_linked	co_linked	1-1	1-1	True	52	0.112	0.191	gain	FP	FP
chr8	82138507	82143609	5102	43	0	0	7	co_linked	co_linked	1-1	1-1	True	50	0.112	0.174	gain	FP	FP
chr8	82138507	82144915	6408	38	0	0	7	co_linked	co_linked	1-1	1-1	True	45	0.112	0.209	gain	FP	FP
chr8	82138507	82146758	8251	33	0	0	6	co_linked	co_linked	1-1	1-1	True	39	0.112	0.2	gain	FP	FP
chr8	82138507	82148347	9840	31	0	0	6	co_linked	co_linked	1-1	1-1	True	37	0.112	0.22	gain	FP	FP
chr8	82138507	82149019	10512	28	0	0	6	co_linked	co_linked	1-1	1-1	True	34	0.112	0.211	gain	FP	FP
chr8	82138507	82149131	10624	25	0	0	6	co_linked	co_linked	1-1	1-1	True	31	0.112	0.216	gain	FP	FP
chr8	82138507	82149808	11301	24	0	0	5	co_linked	co_linked	1-1	1-1	True	29	0.112	0.172	gain	FP	FP
chr8	82138507	82150422	11915	24	0	0	5	co_linked	co_linked	1-1	1-1	True	29	0.112	0.202	gain	FP	FP
chr8	82138507	82150598	12091	24	0	0	5	co_linked	co_linked	1-1	1-1	True	29	0.112	0.185	gain	FP	FP
chr8	82138507	82150642	12135	24	0	0	5	co_linked	co_linked	1-1	1-1	True	29	0.112	0.198	gain	FP	FP
chr8	82138507	82152055	13548	22	0	0	5	co_linked	co_linked	1-1	1-1	True	27	0.112	0.196	gain	FP	FP
chr8	82138507	82153297	14790	20	0	0	2	co_linked	co_linked	1-1	1-1	True	22	0.112	0.149	gain	FP	FP
chr8	82138507	82154756	16249	19	0	0	3	co_linked	co_linked	1-1	1-1	True	22	0.112	0.184	gain	FP	FP
chr8	82138507	82155529	17022	19	0	0	2	co_linked	co_linked	1-1	1-1	True	21	0.112	0.173	gain	FP	FP
chr8	82138507	82158226	19719	17	0	0	2	co_linked	co_linked	1-1	1-1	True	19	0.112	0.181	gain	FP	FP
chr8	82138507	82160183	21676	12	0	0	2	co_linked	co_linked	1-1	1-1	True	14	0.112	0.202	gain	FP	FP
chr8	82138507	82160225	21718	13	0	0	2	co_linked	co_linked	1-1	1-1	True	15	0.112	0.19	gain	FP	FP
chr8	82138507	82160837	22330	13	0	0	2	co_linked	co_linked	1-1	1-1	True	15	0.112	0.204	gain	FP	FP
chr8	82138507	82161024	22517	13	0	0	2	co_linked	co_linked	1-1	1-1	True	15	0.112	0.192	gain	FP	FP
chr8	82138507	82162674	24167	11	0	0	2	co_linked	co_linked	1-1	1-1	True	13	0.112	0.245	gain	FP	FP
chr8	82138507	82162872	24365	11	0	0	2	co_linked	co_linked	1-1	1-1	True	13	0.112	0.235	gain	FP	FP
chr8	82138507	82163730	25223	9	0	0	1	sparse	co_linked	1-1	1-1	True	10	0.112	0.237	gain	FP	FP
chr8	82138507	82164623	26116	8	0	0	1	sparse	co_linked	1-1	1-1	True	9	0.112	0.24	gain	FP	FP
chr8	82138507	82164970	26463	9	0	0	1	sparse	co_linked	1-1	1-1	True	10	0.112	0.222	gain	FP	FP
chr8	82138507	82165818	27311	8	0	0	1	sparse	co_linked	1-1	1-1	True	9	0.112	0.191	gain	FP	FP
chr8	82138507	82166031	27524	8	0	0	1	sparse	co_linked	1-1	1-1	True	9	0.112	0.202	gain	FP	FP
chr8	82138507	82166473	27966	7	0	0	1	sparse	co_linked	1-1	1-1	True	8	0.112	0.225	gain	FP	FP
chr8	82138507	82166482	27975	7	0	0	1	sparse	co_linked	1-1	1-1	True	8	0.112	0.205	gain	FP	FP
chr8	82138507	82166522	28015	7	0	0	1	sparse	co_linked	1-1	1-1	True	8	0.112	0.263	gain	FP	FP
chr8	82138507	82166814	28307	7	0	0	1	sparse	co_linked	1-1	1-1	True	8	0.112	0.184	gain	FP	FP
chr8	82138507	82168704	30197	6	0	0	1	sparse	co_linked	1-1	1-1	True	7	0.112	0.271	gain	FP	FP
chr8	82141139	82149019	7880	31	0	0	9	co_linked	co_linked	1-1	1-1	True	40	0.163	0.211	gain	FP	FP
chr8	82141139	82149131	7992	29	0	0	9	co_linked	co_linked	1-1	1-1	True	38	0.163	0.216	gain	FP	FP
chr8	82141139	82149808	8669	28	0	0	7	co_linked	co_linked	1-1	1-1	True	35	0.163	0.172	gain	FP	FP
chr8	82141139	82150422	9283	28	0	0	7	co_linked	co_linked	1-1	1-1	True	35	0.163	0.202	gain	FP	FP
chr8	82141139	82150598	9459	28	0	0	6	co_linked	co_linked	1-1	1-1	True	34	0.163	0.185	gain	FP	FP
chr8	82141139	82150642	9503	27	0	0	7	co_linked	co_linked	1-1	1-1	True	34	0.163	0.198	gain	FP	FP
chr8	82141139	82152055	10916	25	0	0	7	co_linked	co_linked	1-1	1-1	True	32	0.163	0.196	gain	FP	FP
chr8	82141139	82153297	12158	23	0	0	4	co_linked	co_linked	1-1	1-1	True	27	0.163	0.149	gain	FP	FP
chr8	82141139	82154756	13617	22	0	0	5	co_linked	co_linked	1-1	1-1	True	27	0.163	0.184	gain	FP	FP
chr8	82141139	82155529	14390	22	0	0	4	co_linked	co_linked	1-1	1-1	True	26	0.163	0.173	gain	FP	FP
chr8	82141139	82158226	17087	20	0	0	4	co_linked	co_linked	1-1	1-1	True	24	0.163	0.181	gain	FP	FP
chr8	82141139	82160183	19044	15	0	0	2	co_linked	co_linked	1-1	1-1	True	17	0.163	0.202	gain	FP	FP
chr8	82141139	82160225	19086	16	0	0	2	co_linked	co_linked	1-1	1-1	True	18	0.163	0.19	gain	FP	FP
chr8	82141139	82160837	19698	16	0	0	2	co_linked	co_linked	1-1	1-1	True	18	0.163	0.204	gain	FP	FP
chr8	82141139	82161024	19885	16	0	0	2	co_linked	co_linked	1-1	1-1	True	18	0.163	0.192	gain	FP	FP
chr8	82141139	82162674	21535	13	0	0	2	co_linked	co_linked	1-1	1-1	True	15	0.163	0.245	gain	FP	FP
chr8	82141139	82162872	21733	13	0	0	2	co_linked	co_linked	1-1	1-1	True	15	0.163	0.235	gain	FP	FP
chr8	82141139	82163730	22591	10	0	0	1	sparse	co_linked	1-1	1-1	True	11	0.163	0.237	gain	FP	FP
chr8	82141139	82164623	23484	9	0	0	1	sparse	co_linked	1-1	1-1	True	10	0.163	0.24	gain	FP	FP
chr8	82141139	82164970	23831	10	0	0	1	sparse	co_linked	1-1	1-1	True	11	0.163	0.222	gain	FP	FP
chr8	82141139	82165818	24679	9	0	0	1	sparse	co_linked	1-1	1-1	True	10	0.163	0.191	gain	FP	FP
chr8	82141139	82166031	24892	9	0	0	1	sparse	co_linked	1-1	1-1	True	10	0.163	0.202	gain	FP	FP
chr8	82141139	82166473	25334	8	0	0	1	sparse	co_linked	1-1	1-1	True	9	0.163	0.225	gain	FP	FP
chr8	82141139	82166482	25343	8	0	0	1	sparse	co_linked	1-1	1-1	True	9	0.163	0.205	gain	FP	FP
chr8	82141139	82166522	25383	8	0	0	1	sparse	co_linked	1-1	1-1	True	9	0.163	0.263	gain	FP	FP
chr8	82141139	82166814	25675	8	0	0	1	sparse	co_linked	1-1	1-1	True	9	0.163	0.184	gain	FP	FP
chr8	82141139	82168704	27565	7	0	0	1	sparse	co_linked	1-1	1-1	True	8	0.163	0.271	gain	FP	FP
chr8	82141139	82170298	29159	5	0	0	1	sparse	co_linked	1-1	1-1	True	6	0.163	0.236	gain	FP	FP
chr8	82141139	82170588	29449	5	0	0	1	sparse	co_linked	1-1	1-1	True	6	0.163	0.233	gain	FP	FP
chr8	82143433	82143609	176	75	0	0	16	co_linked	co_linked	1-1	1-1	True	91	0.191	0.174	gain	FP	FP
chr8	82143433	82144915	1482	63	0	0	16	co_linked	co_linked	1-1	1-1	True	79	0.191	0.209	gain	FP	FP
chr8	82143433	82146758	3325	53	0	0	14	co_linked	co_linked	1-1	1-1	True	67	0.191	0.2	gain	FP	FP
chr8	82143433	82149019	5586	45	0	0	14	co_linked	co_linked	1-1	1-1	True	59	0.191	0.211	gain	FP	FP
chr8	82143433	82149131	5698	43	0	0	14	co_linked	co_linked	1-1	1-1	True	57	0.191	0.216	gain	FP	FP
chr8	82143433	82149808	6375	40	0	0	12	co_linked	co_linked	1-1	1-1	True	52	0.191	0.172	gain	FP	FP
chr8	82143433	82150422	6989	39	0	0	12	co_linked	co_linked	1-1	1-1	True	51	0.191	0.202	gain	FP	FP
chr8	82143433	82150598	7165	39	0	0	11	co_linked	co_linked	1-1	1-1	True	50	0.191	0.185	gain	FP	FP
chr8	82143433	82150642	7209	38	0	0	12	co_linked	co_linked	1-1	1-1	True	50	0.191	0.198	gain	FP	FP
chr8	82143433	82152055	8622	35	0	0	10	co_linked	co_linked	1-1	1-1	True	45	0.191	0.196	gain	FP	FP
chr8	82143433	82153297	9864	31	0	0	6	co_linked	co_linked	1-1	1-1	True	37	0.191	0.149	gain	FP	FP
chr8	82143433	82154756	11323	28	0	0	7	co_linked	co_linked	1-1	1-1	True	35	0.191	0.184	gain	FP	FP
chr8	82143433	82158226	14793	25	0	0	6	co_linked	co_linked	1-1	1-1	True	31	0.191	0.181	gain	FP	FP
chr8	82143433	82160183	16750	19	0	0	4	co_linked	co_linked	1-1	1-1	True	23	0.191	0.202	gain	FP	FP
chr8	82143433	82160225	16792	20	0	0	4	co_linked	co_linked	1-1	1-1	True	24	0.191	0.19	gain	FP	FP
chr8	82143433	82160837	17404	20	0	0	4	co_linked	co_linked	1-1	1-1	True	24	0.191	0.204	gain	FP	FP
chr8	82143433	82161024	17591	20	0	0	4	co_linked	co_linked	1-1	1-1	True	24	0.191	0.192	gain	FP	FP
chr8	82143433	82162674	19241	15	0	0	4	co_linked	co_linked	1-1	1-1	True	19	0.191	0.245	gain	FP	FP
chr8	82143433	82162872	19439	15	0	0	3	co_linked	co_linked	1-1	1-1	True	18	0.191	0.235	gain	FP	FP
chr8	82143433	82163730	20297	10	0	0	3	co_linked	co_linked	1-1	1-1	True	13	0.191	0.237	gain	FP	FP
chr8	82143433	82164623	21190	9	0	0	3	co_linked	co_linked	1-1	1-1	True	12	0.191	0.24	gain	FP	FP
chr8	82143433	82164970	21537	10	0	0	3	co_linked	co_linked	1-1	1-1	True	13	0.191	0.222	gain	FP	FP
chr8	82143433	82166031	22598	9	0	0	3	co_linked	co_linked	1-1	1-1	True	12	0.191	0.202	gain	FP	FP
chr8	82143433	82166473	23040	8	0	0	3	co_linked	co_linked	1-1	1-1	True	11	0.191	0.225	gain	FP	FP
chr8	82143433	82166482	23049	8	0	0	3	co_linked	co_linked	1-1	1-1	True	11	0.191	0.205	gain	FP	FP
chr8	82143433	82166522	23089	8	0	0	3	co_linked	co_linked	1-1	1-1	True	11	0.191	0.263	gain	FP	FP
chr8	82143433	82166814	23381	8	0	0	1	sparse	co_linked	1-1	1-1	True	9	0.191	0.184	gain	FP	FP
chr8	82143433	82168704	25271	7	0	0	3	co_linked	co_linked	1-1	1-1	True	10	0.191	0.271	gain	FP	FP
chr8	82143433	82170298	26865	5	0	0	3	co_linked	co_linked	1-1	1-1	True	8	0.191	0.236	gain	FP	FP
chr8	82143433	82170588	27155	5	0	0	3	co_linked	co_linked	1-1	1-1	True	8	0.191	0.233	gain	FP	FP
chr8	82143433	82173029	29596	4	0	0	3	co_linked	co_linked	1-1	1-1	True	7	0.191	0.223	gain	FP	FP
chr8	82143433	82173075	29642	4	0	0	3	co_linked	co_linked	1-1	1-1	True	7	0.191	0.242	gain	FP	FP
chr8	82143609	82144915	1306	64	0	0	16	co_linked	co_linked	1-1	1-1	True	80	0.174	0.209	gain	FP	FP
chr8	82143609	82146758	3149	54	0	0	14	co_linked	co_linked	1-1	1-1	True	68	0.174	0.2	gain	FP	FP
chr8	82143609	82149019	5410	46	0	0	14	co_linked	co_linked	1-1	1-1	True	60	0.174	0.211	gain	FP	FP
chr8	82143609	82149131	5522	44	0	0	14	co_linked	co_linked	1-1	1-1	True	58	0.174	0.216	gain	FP	FP
chr8	82143609	82149808	6199	41	0	0	12	co_linked	co_linked	1-1	1-1	True	53	0.174	0.172	gain	FP	FP
chr8	82143609	82150422	6813	40	0	0	12	co_linked	co_linked	1-1	1-1	True	52	0.174	0.202	gain	FP	FP
chr8	82143609	82150598	6989	40	0	0	11	co_linked	co_linked	1-1	1-1	True	51	0.174	0.185	gain	FP	FP
chr8	82143609	82150642	7033	39	0	0	12	co_linked	co_linked	1-1	1-1	True	51	0.174	0.198	gain	FP	FP
chr8	82143609	82152055	8446	36	0	0	10	co_linked	co_linked	1-1	1-1	True	46	0.174	0.196	gain	FP	FP
chr8	82143609	82153297	9688	32	0	0	6	co_linked	co_linked	1-1	1-1	True	38	0.174	0.149	gain	FP	FP
chr8	82143609	82154756	11147	29	0	0	7	co_linked	co_linked	1-1	1-1	True	36	0.174	0.184	gain	FP	FP
chr8	82143609	82158226	14617	25	0	0	6	co_linked	co_linked	1-1	1-1	True	31	0.174	0.181	gain	FP	FP
chr8	82143609	82160183	16574	19	0	0	4	co_linked	co_linked	1-1	1-1	True	23	0.174	0.202	gain	FP	FP
chr8	82143609	82160225	16616	20	0	0	4	co_linked	co_linked	1-1	1-1	True	24	0.174	0.19	gain	FP	FP
chr8	82143609	82160837	17228	20	0	0	4	co_linked	co_linked	1-1	1-1	True	24	0.174	0.204	gain	FP	FP
chr8	82143609	82161024	17415	20	0	0	4	co_linked	co_linked	1-1	1-1	True	24	0.174	0.192	gain	FP	FP
chr8	82143609	82162674	19065	15	0	0	4	co_linked	co_linked	1-1	1-1	True	19	0.174	0.245	gain	FP	FP
chr8	82143609	82162872	19263	15	0	0	3	co_linked	co_linked	1-1	1-1	True	18	0.174	0.235	gain	FP	FP
chr8	82143609	82163730	20121	10	0	0	3	co_linked	co_linked	1-1	1-1	True	13	0.174	0.237	gain	FP	FP
chr8	82143609	82164623	21014	9	0	0	3	co_linked	co_linked	1-1	1-1	True	12	0.174	0.24	gain	FP	FP
chr8	82143609	82164970	21361	10	0	0	3	co_linked	co_linked	1-1	1-1	True	13	0.174	0.222	gain	FP	FP
chr8	82143609	82166031	22422	9	0	0	3	co_linked	co_linked	1-1	1-1	True	12	0.174	0.202	gain	FP	FP
chr8	82143609	82166473	22864	8	0	0	3	co_linked	co_linked	1-1	1-1	True	11	0.174	0.225	gain	FP	FP
chr8	82143609	82166482	22873	8	0	0	3	co_linked	co_linked	1-1	1-1	True	11	0.174	0.205	gain	FP	FP
chr8	82143609	82166522	22913	8	0	0	3	co_linked	co_linked	1-1	1-1	True	11	0.174	0.263	gain	FP	FP
chr8	82143609	82166814	23205	8	0	0	1	sparse	co_linked	1-1	1-1	True	9	0.174	0.184	gain	FP	FP
chr8	82143609	82168704	25095	7	0	0	3	co_linked	co_linked	1-1	1-1	True	10	0.174	0.271	gain	FP	FP
chr8	82143609	82170298	26689	5	0	0	3	co_linked	co_linked	1-1	1-1	True	8	0.174	0.236	gain	FP	FP
chr8	82143609	82170588	26979	5	0	0	3	co_linked	co_linked	1-1	1-1	True	8	0.174	0.233	gain	FP	FP
chr8	82143609	82173029	29420	4	0	0	3	co_linked	co_linked	1-1	1-1	True	7	0.174	0.223	gain	FP	FP
chr8	82143609	82173075	29466	4	0	0	3	co_linked	co_linked	1-1	1-1	True	7	0.174	0.242	gain	FP	FP
chr8	82143645	82149808	6163	41	0	0	11	co_linked	co_linked	1-1	1-1	True	52	0.143	0.172	gain	FP	FP
chr8	82143645	82150422	6777	40	0	0	11	co_linked	co_linked	1-1	1-1	True	51	0.143	0.202	gain	FP	FP
chr8	82143645	82150598	6953	40	0	0	11	co_linked	co_linked	1-1	1-1	True	51	0.143	0.185	gain	FP	FP
chr8	82143645	82150642	6997	39	0	0	11	co_linked	co_linked	1-1	1-1	True	50	0.143	0.198	gain	FP	FP
chr8	82143645	82152055	8410	36	0	0	9	co_linked	co_linked	1-1	1-1	True	45	0.143	0.196	gain	FP	FP
chr8	82143645	82153297	9652	32	0	0	5	co_linked	co_linked	1-1	1-1	True	37	0.143	0.149	gain	FP	FP
chr8	82143645	82154756	11111	29	0	0	6	co_linked	co_linked	1-1	1-1	True	35	0.143	0.184	gain	FP	FP
chr8	82143645	82158226	14581	25	0	0	5	co_linked	co_linked	1-1	1-1	True	30	0.143	0.181	gain	FP	FP
chr8	82143645	82160183	16538	19	0	0	4	co_linked	co_linked	1-1	1-1	True	23	0.143	0.202	gain	FP	FP
chr8	82143645	82160225	16580	20	0	0	4	co_linked	co_linked	1-1	1-1	True	24	0.143	0.19	gain	FP	FP
chr8	82143645	82160837	17192	20	0	0	4	co_linked	co_linked	1-1	1-1	True	24	0.143	0.204	gain	FP	FP
chr8	82143645	82161024	17379	20	0	0	4	co_linked	co_linked	1-1	1-1	True	24	0.143	0.192	gain	FP	FP
chr8	82143645	82162674	19029	15	0	0	4	co_linked	co_linked	1-1	1-1	True	19	0.143	0.245	gain	FP	FP
chr8	82143645	82162872	19227	15	0	0	3	co_linked	co_linked	1-1	1-1	True	18	0.143	0.235	gain	FP	FP
chr8	82143645	82163730	20085	10	0	0	3	co_linked	co_linked	1-1	1-1	True	13	0.143	0.237	gain	FP	FP
chr8	82143645	82164623	20978	9	0	0	3	co_linked	co_linked	1-1	1-1	True	12	0.143	0.24	gain	FP	FP
chr8	82143645	82164970	21325	10	0	0	3	co_linked	co_linked	1-1	1-1	True	13	0.143	0.222	gain	FP	FP
chr8	82143645	82166031	22386	9	0	0	3	co_linked	co_linked	1-1	1-1	True	12	0.143	0.202	gain	FP	FP
chr8	82143645	82166473	22828	8	0	0	3	co_linked	co_linked	1-1	1-1	True	11	0.143	0.225	gain	FP	FP
chr8	82143645	82166482	22837	8	0	0	3	co_linked	co_linked	1-1	1-1	True	11	0.143	0.205	gain	FP	FP
chr8	82143645	82166522	22877	8	0	0	3	co_linked	co_linked	1-1	1-1	True	11	0.143	0.263	gain	FP	FP
chr8	82143645	82166814	23169	8	0	0	1	sparse	co_linked	1-1	1-1	True	9	0.143	0.184	gain	FP	FP
chr8	82143645	82168704	25059	7	0	0	3	co_linked	co_linked	1-1	1-1	True	10	0.143	0.271	gain	FP	FP
chr8	82143645	82170298	26653	5	0	0	3	co_linked	co_linked	1-1	1-1	True	8	0.143	0.236	gain	FP	FP
chr8	82143645	82170588	26943	5	0	0	3	co_linked	co_linked	1-1	1-1	True	8	0.143	0.233	gain	FP	FP
chr8	82143645	82173029	29384	4	0	0	3	co_linked	co_linked	1-1	1-1	True	7	0.143	0.223	gain	FP	FP
chr8	82143645	82173075	29430	4	0	0	3	co_linked	co_linked	1-1	1-1	True	7	0.143	0.242	gain	FP	FP
chr8	82144915	82146758	1843	58	0	0	15	co_linked	co_linked	1-1	1-1	True	73	0.209	0.2	gain	FP	FP
chr8	82144915	82149019	4104	49	0	0	15	co_linked	co_linked	1-1	1-1	True	64	0.209	0.211	gain	FP	FP
chr8	82144915	82149131	4216	48	0	0	15	co_linked	co_linked	1-1	1-1	True	63	0.209	0.216	gain	FP	FP
chr8	82144915	82149808	4893	45	0	0	13	co_linked	co_linked	1-1	1-1	True	58	0.209	0.172	gain	FP	FP
chr8	82144915	82150422	5507	44	0	0	13	co_linked	co_linked	1-1	1-1	True	57	0.209	0.202	gain	FP	FP
chr8	82144915	82150598	5683	44	0	0	12	co_linked	co_linked	1-1	1-1	True	56	0.209	0.185	gain	FP	FP
chr8	82144915	82150642	5727	43	0	0	13	co_linked	co_linked	1-1	1-1	True	56	0.209	0.198	gain	FP	FP
chr8	82144915	82152055	7140	40	0	0	11	co_linked	co_linked	1-1	1-1	True	51	0.209	0.196	gain	FP	FP
chr8	82144915	82153297	8382	36	0	0	7	co_linked	co_linked	1-1	1-1	True	43	0.209	0.149	gain	FP	FP
chr8	82144915	82154756	9841	33	0	0	8	co_linked	co_linked	1-1	1-1	True	41	0.209	0.184	gain	FP	FP
chr8	82144915	82158226	13311	29	0	0	7	co_linked	co_linked	1-1	1-1	True	36	0.209	0.181	gain	FP	FP
chr8	82144915	82160183	15268	22	0	0	5	co_linked	co_linked	1-1	1-1	True	27	0.209	0.202	gain	FP	FP
chr8	82144915	82160225	15310	23	0	0	5	co_linked	co_linked	1-1	1-1	True	28	0.209	0.19	gain	FP	FP
chr8	82144915	82160837	15922	23	0	0	5	co_linked	co_linked	1-1	1-1	True	28	0.209	0.204	gain	FP	FP
chr8	82144915	82161024	16109	23	0	0	5	co_linked	co_linked	1-1	1-1	True	28	0.209	0.192	gain	FP	FP
chr8	82144915	82162674	17759	18	0	0	5	co_linked	co_linked	1-1	1-1	True	23	0.209	0.245	gain	FP	FP
chr8	82144915	82162872	17957	18	0	0	4	co_linked	co_linked	1-1	1-1	True	22	0.209	0.235	gain	FP	FP
chr8	82144915	82163730	18815	11	0	0	4	co_linked	co_linked	1-1	1-1	True	15	0.209	0.237	gain	FP	FP
chr8	82144915	82164623	19708	9	0	0	4	co_linked	co_linked	1-1	1-1	True	13	0.209	0.24	gain	FP	FP
chr8	82144915	82164970	20055	10	0	0	4	co_linked	co_linked	1-1	1-1	True	14	0.209	0.222	gain	FP	FP
chr8	82144915	82166031	21116	9	0	0	4	co_linked	co_linked	1-1	1-1	True	13	0.209	0.202	gain	FP	FP
chr8	82144915	82166473	21558	8	0	0	4	co_linked	co_linked	1-1	1-1	True	12	0.209	0.225	gain	FP	FP
chr8	82144915	82166482	21567	8	0	0	4	co_linked	co_linked	1-1	1-1	True	12	0.209	0.205	gain	FP	FP
chr8	82144915	82166522	21607	8	0	0	4	co_linked	co_linked	1-1	1-1	True	12	0.209	0.263	gain	FP	FP
chr8	82144915	82166814	21899	8	0	0	2	co_linked	co_linked	1-1	1-1	True	10	0.209	0.184	gain	FP	FP
chr8	82144915	82168704	23789	7	0	0	4	co_linked	co_linked	1-1	1-1	True	11	0.209	0.271	gain	FP	FP
chr8	82144915	82170298	25383	5	0	0	4	co_linked	co_linked	1-1	1-1	True	9	0.209	0.236	gain	FP	FP
chr8	82144915	82170588	25673	5	0	0	4	co_linked	co_linked	1-1	1-1	True	9	0.209	0.233	gain	FP	FP
chr8	82144915	82173029	28114	4	0	0	4	co_linked	co_linked	1-1	1-1	True	8	0.209	0.223	gain	FP	FP
chr8	82144915	82173075	28160	4	0	0	4	co_linked	co_linked	1-1	1-1	True	8	0.209	0.242	gain	FP	FP
chr8	82144915	82175567	30652	2	0	0	4	co_linked	co_linked	1-1	1-1	True	6	0.209	0.206	gain	FP	FP
chr8	82144915	82175733	30818	2	0	0	4	co_linked	co_linked	1-1	1-1	True	6	0.209	0.188	gain	FP	FP
chr8	82144915	82176318	31403	2	0	0	4	co_linked	co_linked	1-1	1-1	True	6	0.209	0.221	gain	FP	FP
chr8	82144915	82176619	31704	2	0	0	4	co_linked	co_linked	1-1	1-1	True	6	0.209	0.223	gain	FP	FP
chr8	82146758	82149019	2261	56	0	0	17	co_linked	co_linked	1-1	1-1	True	73	0.2	0.211	gain	FP	FP
chr8	82146758	82149131	2373	55	0	0	17	co_linked	co_linked	1-1	1-1	True	72	0.2	0.216	gain	FP	FP
chr8	82146758	82149808	3050	50	0	0	14	co_linked	co_linked	1-1	1-1	True	64	0.2	0.172	gain	FP	FP
chr8	82146758	82150422	3664	48	0	0	15	co_linked	co_linked	1-1	1-1	True	63	0.2	0.202	gain	FP	FP
chr8	82146758	82150642	3884	47	0	0	14	co_linked	co_linked	1-1	1-1	True	61	0.2	0.198	gain	FP	FP
chr8	82146758	82152055	5297	44	0	0	13	co_linked	co_linked	1-1	1-1	True	57	0.2	0.196	gain	FP	FP
chr8	82146758	82153297	6539	40	0	0	7	co_linked	co_linked	1-1	1-1	True	47	0.2	0.149	gain	FP	FP
chr8	82146758	82154756	7998	37	0	0	9	co_linked	co_linked	1-1	1-1	True	46	0.2	0.184	gain	FP	FP
chr8	82146758	82158226	11468	31	0	0	9	co_linked	co_linked	1-1	1-1	True	40	0.2	0.181	gain	FP	FP
chr8	82146758	82160183	13425	24	0	0	7	co_linked	co_linked	1-1	1-1	True	31	0.2	0.202	gain	FP	FP
chr8	82146758	82160225	13467	25	0	0	7	co_linked	co_linked	1-1	1-1	True	32	0.2	0.19	gain	FP	FP
chr8	82146758	82160837	14079	25	0	0	7	co_linked	co_linked	1-1	1-1	True	32	0.2	0.204	gain	FP	FP
chr8	82146758	82161024	14266	25	0	0	7	co_linked	co_linked	1-1	1-1	True	32	0.2	0.192	gain	FP	FP
chr8	82146758	82162674	15916	19	0	0	7	co_linked	co_linked	1-1	1-1	True	26	0.2	0.245	gain	FP	FP
chr8	82146758	82162872	16114	19	0	0	6	co_linked	co_linked	1-1	1-1	True	25	0.2	0.235	gain	FP	FP
chr8	82146758	82163730	16972	11	0	0	6	co_linked	co_linked	1-1	1-1	True	17	0.2	0.237	gain	FP	FP
chr8	82146758	82164623	17865	9	0	0	6	co_linked	co_linked	1-1	1-1	True	15	0.2	0.24	gain	FP	FP
chr8	82146758	82164970	18212	10	0	0	6	co_linked	co_linked	1-1	1-1	True	16	0.2	0.222	gain	FP	FP
chr8	82146758	82166031	19273	9	0	0	5	co_linked	co_linked	1-1	1-1	True	14	0.2	0.202	gain	FP	FP
chr8	82146758	82166473	19715	8	0	0	6	co_linked	co_linked	1-1	1-1	True	14	0.2	0.225	gain	FP	FP
chr8	82146758	82166482	19724	8	0	0	6	co_linked	co_linked	1-1	1-1	True	14	0.2	0.205	gain	FP	FP
chr8	82146758	82166522	19764	8	0	0	6	co_linked	co_linked	1-1	1-1	True	14	0.2	0.263	gain	FP	FP
chr8	82146758	82166814	20056	8	0	0	4	co_linked	co_linked	1-1	1-1	True	12	0.2	0.184	gain	FP	FP
chr8	82146758	82168704	21946	7	0	0	6	co_linked	co_linked	1-1	1-1	True	13	0.2	0.271	gain	FP	FP
chr8	82146758	82170298	23540	5	0	0	6	co_linked	co_linked	1-1	1-1	True	11	0.2	0.236	gain	FP	FP
chr8	82146758	82170588	23830	5	0	0	6	co_linked	co_linked	1-1	1-1	True	11	0.2	0.233	gain	FP	FP
chr8	82146758	82173029	26271	4	0	0	6	co_linked	co_linked	1-1	1-1	True	10	0.2	0.223	gain	FP	FP
chr8	82146758	82173075	26317	4	0	0	6	co_linked	co_linked	1-1	1-1	True	10	0.2	0.242	gain	FP	FP
chr8	82146758	82175567	28809	2	0	0	6	co_linked	co_linked	1-1	1-1	True	8	0.2	0.206	gain	FP	FP
chr8	82146758	82175733	28975	2	0	0	6	co_linked	co_linked	1-1	1-1	True	8	0.2	0.188	gain	FP	FP
chr8	82146758	82176318	29560	2	0	0	6	co_linked	co_linked	1-1	1-1	True	8	0.2	0.221	gain	FP	FP
chr8	82146758	82176619	29861	2	0	0	6	co_linked	co_linked	1-1	1-1	True	8	0.2	0.223	gain	FP	FP
chr8	82147079	82170298	23219	4	0	0	5	co_linked	co_linked	1-1	1-1	True	9	0.179	0.236	gain	FP	FP
chr8	82147079	82170588	23509	4	0	0	5	co_linked	co_linked	1-1	1-1	True	9	0.179	0.233	gain	FP	FP
chr8	82147079	82173029	25950	4	0	0	5	co_linked	co_linked	1-1	1-1	True	9	0.179	0.223	gain	FP	FP
chr8	82147079	82173075	25996	4	0	0	5	co_linked	co_linked	1-1	1-1	True	9	0.179	0.242	gain	FP	FP
chr8	82147079	82175567	28488	2	0	0	5	co_linked	co_linked	1-1	1-1	True	7	0.179	0.206	gain	FP	FP
chr8	82147079	82175733	28654	2	0	0	5	co_linked	co_linked	1-1	1-1	True	7	0.179	0.188	gain	FP	FP
chr8	82147079	82176318	29239	2	0	0	5	co_linked	co_linked	1-1	1-1	True	7	0.179	0.221	gain	FP	FP
chr8	82147079	82176619	29540	2	0	0	5	co_linked	co_linked	1-1	1-1	True	7	0.179	0.223	gain	FP	FP
chr8	82148347	82150422	2075	56	0	0	15	co_linked	co_linked	1-1	1-1	True	71	0.22	0.202	gain	FP	FP
chr8	82148347	82150642	2295	55	0	0	14	co_linked	co_linked	1-1	1-1	True	69	0.22	0.198	gain	FP	FP
chr8	82148347	82152055	3708	50	0	0	13	co_linked	co_linked	1-1	1-1	True	63	0.22	0.196	gain	FP	FP
chr8	82148347	82153297	4950	44	0	0	7	co_linked	co_linked	1-1	1-1	True	51	0.22	0.149	gain	FP	FP
chr8	82148347	82154756	6409	40	0	0	9	co_linked	co_linked	1-1	1-1	True	49	0.22	0.184	gain	FP	FP
chr8	82148347	82158226	9879	34	0	0	9	co_linked	co_linked	1-1	1-1	True	43	0.22	0.181	gain	FP	FP
chr8	82148347	82160183	11836	27	0	0	7	co_linked	co_linked	1-1	1-1	True	34	0.22	0.202	gain	FP	FP
chr8	82148347	82160225	11878	28	0	0	7	co_linked	co_linked	1-1	1-1	True	35	0.22	0.19	gain	FP	FP
chr8	82148347	82160837	12490	28	0	0	7	co_linked	co_linked	1-1	1-1	True	35	0.22	0.204	gain	FP	FP
chr8	82148347	82161024	12677	28	0	0	7	co_linked	co_linked	1-1	1-1	True	35	0.22	0.192	gain	FP	FP
chr8	82148347	82162674	14327	22	0	0	7	co_linked	co_linked	1-1	1-1	True	29	0.22	0.245	gain	FP	FP
chr8	82148347	82162872	14525	22	0	0	6	co_linked	co_linked	1-1	1-1	True	28	0.22	0.235	gain	FP	FP
chr8	82148347	82163730	15383	14	0	0	6	co_linked	co_linked	1-1	1-1	True	20	0.22	0.237	gain	FP	FP
chr8	82148347	82164623	16276	11	0	0	6	co_linked	co_linked	1-1	1-1	True	17	0.22	0.24	gain	FP	FP
chr8	82148347	82164970	16623	12	0	0	6	co_linked	co_linked	1-1	1-1	True	18	0.22	0.222	gain	FP	FP
chr8	82148347	82166031	17684	11	0	0	5	co_linked	co_linked	1-1	1-1	True	16	0.22	0.202	gain	FP	FP
chr8	82148347	82166473	18126	8	0	0	6	co_linked	co_linked	1-1	1-1	True	14	0.22	0.225	gain	FP	FP
chr8	82148347	82166482	18135	8	0	0	6	co_linked	co_linked	1-1	1-1	True	14	0.22	0.205	gain	FP	FP
chr8	82148347	82166522	18175	8	0	0	6	co_linked	co_linked	1-1	1-1	True	14	0.22	0.263	gain	FP	FP
chr8	82148347	82166814	18467	8	0	0	4	co_linked	co_linked	1-1	1-1	True	12	0.22	0.184	gain	FP	FP
chr8	82148347	82168704	20357	7	0	0	6	co_linked	co_linked	1-1	1-1	True	13	0.22	0.271	gain	FP	FP
chr8	82148347	82170298	21951	5	0	0	6	co_linked	co_linked	1-1	1-1	True	11	0.22	0.236	gain	FP	FP
chr8	82148347	82170588	22241	5	0	0	6	co_linked	co_linked	1-1	1-1	True	11	0.22	0.233	gain	FP	FP
chr8	82148347	82173029	24682	4	0	0	6	co_linked	co_linked	1-1	1-1	True	10	0.22	0.223	gain	FP	FP
chr8	82148347	82173075	24728	4	0	0	6	co_linked	co_linked	1-1	1-1	True	10	0.22	0.242	gain	FP	FP
chr8	82148347	82175567	27220	2	0	0	6	co_linked	co_linked	1-1	1-1	True	8	0.22	0.206	gain	FP	FP
chr8	82148347	82175733	27386	2	0	0	6	co_linked	co_linked	1-1	1-1	True	8	0.22	0.188	gain	FP	FP
chr8	82148347	82176318	27971	2	0	0	6	co_linked	co_linked	1-1	1-1	True	8	0.22	0.221	gain	FP	FP
chr8	82148347	82176619	28272	2	0	0	6	co_linked	co_linked	1-1	1-1	True	8	0.22	0.223	gain	FP	FP
chr8	82149019	82149131	112	66	0	0	19	co_linked	co_linked	1-1	1-1	True	85	0.211	0.216	gain	FP	FP
chr8	82149019	82149808	789	61	0	0	14	co_linked	co_linked	1-1	1-1	True	75	0.211	0.172	gain	FP	FP
chr8	82149019	82150422	1403	56	0	0	15	co_linked	co_linked	1-1	1-1	True	71	0.211	0.202	gain	FP	FP
chr8	82149019	82150642	1623	55	0	0	14	co_linked	co_linked	1-1	1-1	True	69	0.211	0.198	gain	FP	FP
chr8	82149019	82152055	3036	51	0	0	13	co_linked	co_linked	1-1	1-1	True	64	0.211	0.196	gain	FP	FP
chr8	82149019	82153297	4278	44	0	0	7	co_linked	co_linked	1-1	1-1	True	51	0.211	0.149	gain	FP	FP
chr8	82149019	82154756	5737	41	0	0	9	co_linked	co_linked	1-1	1-1	True	50	0.211	0.184	gain	FP	FP
chr8	82149019	82158226	9207	35	0	0	9	co_linked	co_linked	1-1	1-1	True	44	0.211	0.181	gain	FP	FP
chr8	82149019	82160183	11164	28	0	0	7	co_linked	co_linked	1-1	1-1	True	35	0.211	0.202	gain	FP	FP
chr8	82149019	82160225	11206	29	0	0	7	co_linked	co_linked	1-1	1-1	True	36	0.211	0.19	gain	FP	FP
chr8	82149019	82160837	11818	29	0	0	7	co_linked	co_linked	1-1	1-1	True	36	0.211	0.204	gain	FP	FP
chr8	82149019	82161024	12005	29	0	0	7	co_linked	co_linked	1-1	1-1	True	36	0.211	0.192	gain	FP	FP
chr8	82149019	82162674	13655	21	0	0	7	co_linked	co_linked	1-1	1-1	True	28	0.211	0.245	gain	FP	FP
chr8	82149019	82162872	13853	21	0	0	6	co_linked	co_linked	1-1	1-1	True	27	0.211	0.235	gain	FP	FP
chr8	82149019	82163730	14711	14	0	0	6	co_linked	co_linked	1-1	1-1	True	20	0.211	0.237	gain	FP	FP
chr8	82149019	82164623	15604	12	0	0	6	co_linked	co_linked	1-1	1-1	True	18	0.211	0.24	gain	FP	FP
chr8	82149019	82164970	15951	12	0	0	6	co_linked	co_linked	1-1	1-1	True	18	0.211	0.222	gain	FP	FP
chr8	82149019	82166031	17012	11	0	0	5	co_linked	co_linked	1-1	1-1	True	16	0.211	0.202	gain	FP	FP
chr8	82149019	82166473	17454	8	0	0	6	co_linked	co_linked	1-1	1-1	True	14	0.211	0.225	gain	FP	FP
chr8	82149019	82166482	17463	7	0	0	6	co_linked	co_linked	1-1	1-1	True	13	0.211	0.205	gain	FP	FP
chr8	82149019	82166522	17503	8	0	0	6	co_linked	co_linked	1-1	1-1	True	14	0.211	0.263	gain	FP	FP
chr8	82149019	82166814	17795	8	0	0	4	co_linked	co_linked	1-1	1-1	True	12	0.211	0.184	gain	FP	FP
chr8	82149019	82168704	19685	7	0	0	6	co_linked	co_linked	1-1	1-1	True	13	0.211	0.271	gain	FP	FP
chr8	82149019	82170298	21279	5	0	0	6	co_linked	co_linked	1-1	1-1	True	11	0.211	0.236	gain	FP	FP
chr8	82149019	82170588	21569	4	0	0	6	co_linked	co_linked	1-1	1-1	True	10	0.211	0.233	gain	FP	FP
chr8	82149019	82173029	24010	3	0	0	6	co_linked	co_linked	1-1	1-1	True	9	0.211	0.223	gain	FP	FP
chr8	82149019	82173075	24056	3	0	0	6	co_linked	co_linked	1-1	1-1	True	9	0.211	0.242	gain	FP	FP
chr8	82149019	82175567	26548	2	0	0	6	co_linked	co_linked	1-1	1-1	True	8	0.211	0.206	gain	FP	FP
chr8	82149019	82175733	26714	2	0	0	6	co_linked	co_linked	1-1	1-1	True	8	0.211	0.188	gain	FP	FP
chr8	82149019	82176318	27299	2	0	0	6	co_linked	co_linked	1-1	1-1	True	8	0.211	0.221	gain	FP	FP
chr8	82149019	82176619	27600	2	0	0	6	co_linked	co_linked	1-1	1-1	True	8	0.211	0.223	gain	FP	FP
chr8	82149131	82149808	677	60	0	0	14	co_linked	co_linked	1-1	1-1	True	74	0.216	0.172	gain	FP	FP
chr8	82149131	82150422	1291	57	0	0	15	co_linked	co_linked	1-1	1-1	True	72	0.216	0.202	gain	FP	FP
chr8	82149131	82150642	1511	56	0	0	14	co_linked	co_linked	1-1	1-1	True	70	0.216	0.198	gain	FP	FP
chr8	82149131	82152055	2924	51	0	0	13	co_linked	co_linked	1-1	1-1	True	64	0.216	0.196	gain	FP	FP
chr8	82149131	82153297	4166	44	0	0	7	co_linked	co_linked	1-1	1-1	True	51	0.216	0.149	gain	FP	FP
chr8	82149131	82154756	5625	41	0	0	9	co_linked	co_linked	1-1	1-1	True	50	0.216	0.184	gain	FP	FP
chr8	82149131	82156557	7426	37	0	0	9	co_linked	co_linked	1-1	1-1	True	46	0.216	0.191	gain	FP	FP
chr8	82149131	82158226	9095	35	0	0	9	co_linked	co_linked	1-1	1-1	True	44	0.216	0.181	gain	FP	FP
chr8	82149131	82160183	11052	29	0	0	7	co_linked	co_linked	1-1	1-1	True	36	0.216	0.202	gain	FP	FP
chr8	82149131	82160225	11094	30	0	0	7	co_linked	co_linked	1-1	1-1	True	37	0.216	0.19	gain	FP	FP
chr8	82149131	82160837	11706	30	0	0	7	co_linked	co_linked	1-1	1-1	True	37	0.216	0.204	gain	FP	FP
chr8	82149131	82161024	11893	30	0	0	7	co_linked	co_linked	1-1	1-1	True	37	0.216	0.192	gain	FP	FP
chr8	82149131	82162674	13543	22	0	0	7	co_linked	co_linked	1-1	1-1	True	29	0.216	0.245	gain	FP	FP
chr8	82149131	82162872	13741	22	0	0	6	co_linked	co_linked	1-1	1-1	True	28	0.216	0.235	gain	FP	FP
chr8	82149131	82163730	14599	14	0	0	6	co_linked	co_linked	1-1	1-1	True	20	0.216	0.237	gain	FP	FP
chr8	82149131	82164623	15492	12	0	0	6	co_linked	co_linked	1-1	1-1	True	18	0.216	0.24	gain	FP	FP
chr8	82149131	82164970	15839	13	0	0	6	co_linked	co_linked	1-1	1-1	True	19	0.216	0.222	gain	FP	FP
chr8	82149131	82166031	16900	12	0	0	5	co_linked	co_linked	1-1	1-1	True	17	0.216	0.202	gain	FP	FP
chr8	82149131	82166473	17342	9	0	0	6	co_linked	co_linked	1-1	1-1	True	15	0.216	0.225	gain	FP	FP
chr8	82149131	82166482	17351	8	0	0	6	co_linked	co_linked	1-1	1-1	True	14	0.216	0.205	gain	FP	FP
chr8	82149131	82166522	17391	9	0	0	6	co_linked	co_linked	1-1	1-1	True	15	0.216	0.263	gain	FP	FP
chr8	82149131	82166814	17683	9	0	0	4	co_linked	co_linked	1-1	1-1	True	13	0.216	0.184	gain	FP	FP
chr8	82149131	82168704	19573	8	0	0	6	co_linked	co_linked	1-1	1-1	True	14	0.216	0.271	gain	FP	FP
chr8	82149131	82170298	21167	6	0	0	6	co_linked	co_linked	1-1	1-1	True	12	0.216	0.236	gain	FP	FP
chr8	82149131	82170588	21457	5	0	0	6	co_linked	co_linked	1-1	1-1	True	11	0.216	0.233	gain	FP	FP
chr8	82149131	82173029	23898	4	0	0	6	co_linked	co_linked	1-1	1-1	True	10	0.216	0.223	gain	FP	FP
chr8	82149131	82173075	23944	4	0	0	6	co_linked	co_linked	1-1	1-1	True	10	0.216	0.242	gain	FP	FP
chr8	82149131	82175567	26436	2	0	0	6	co_linked	co_linked	1-1	1-1	True	8	0.216	0.206	gain	FP	FP
chr8	82149131	82175733	26602	2	0	0	6	co_linked	co_linked	1-1	1-1	True	8	0.216	0.188	gain	FP	FP
chr8	82149131	82176318	27187	2	0	0	6	co_linked	co_linked	1-1	1-1	True	8	0.216	0.221	gain	FP	FP
chr8	82149131	82176619	27488	2	0	0	6	co_linked	co_linked	1-1	1-1	True	8	0.216	0.223	gain	FP	FP
chr8	82149808	82162872	13064	24	0	0	6	co_linked	co_linked	1-1	1-1	True	30	0.172	0.235	gain	FP	FP
chr8	82149808	82163730	13922	16	0	0	6	co_linked	co_linked	1-1	1-1	True	22	0.172	0.237	gain	FP	FP
chr8	82149808	82164623	14815	14	0	0	6	co_linked	co_linked	1-1	1-1	True	20	0.172	0.24	gain	FP	FP
chr8	82149808	82164970	15162	14	0	0	6	co_linked	co_linked	1-1	1-1	True	20	0.172	0.222	gain	FP	FP
chr8	82149808	82166031	16223	13	0	0	5	co_linked	co_linked	1-1	1-1	True	18	0.172	0.202	gain	FP	FP
chr8	82149808	82166473	16665	10	0	0	6	co_linked	co_linked	1-1	1-1	True	16	0.172	0.225	gain	FP	FP
chr8	82149808	82166482	16674	9	0	0	6	co_linked	co_linked	1-1	1-1	True	15	0.172	0.205	gain	FP	FP
chr8	82149808	82166522	16714	10	0	0	6	co_linked	co_linked	1-1	1-1	True	16	0.172	0.263	gain	FP	FP
chr8	82149808	82166814	17006	9	0	0	4	co_linked	co_linked	1-1	1-1	True	13	0.172	0.184	gain	FP	FP
chr8	82149808	82168704	18896	8	0	0	5	co_linked	co_linked	1-1	1-1	True	13	0.172	0.271	gain	FP	FP
chr8	82149808	82170298	20490	6	0	0	5	co_linked	co_linked	1-1	1-1	True	11	0.172	0.236	gain	FP	FP
chr8	82149808	82170588	20780	5	0	0	5	co_linked	co_linked	1-1	1-1	True	10	0.172	0.233	gain	FP	FP
chr8	82149808	82173029	23221	4	0	0	5	co_linked	co_linked	1-1	1-1	True	9	0.172	0.223	gain	FP	FP
chr8	82149808	82173075	23267	4	0	0	5	co_linked	co_linked	1-1	1-1	True	9	0.172	0.242	gain	FP	FP
chr8	82149808	82175567	25759	3	0	0	5	co_linked	co_linked	1-1	1-1	True	8	0.172	0.206	gain	FP	FP
chr8	82149808	82175733	25925	3	0	0	5	co_linked	co_linked	1-1	1-1	True	8	0.172	0.188	gain	FP	FP
chr8	82149808	82176318	26510	2	0	0	5	co_linked	co_linked	1-1	1-1	True	7	0.172	0.221	gain	FP	FP
chr8	82149808	82176619	26811	2	0	0	5	co_linked	co_linked	1-1	1-1	True	7	0.172	0.223	gain	FP	FP
chr8	82150364	82153297	2933	54	0	0	11	co_linked	co_linked	1-1	1-1	True	65	0.198	0.149	gain	FP	FP
chr8	82150364	82154756	4392	50	0	0	13	co_linked	co_linked	1-1	1-1	True	63	0.198	0.184	gain	FP	FP
chr8	82150364	82160183	9819	33	0	0	10	co_linked	co_linked	1-1	1-1	True	43	0.198	0.202	gain	FP	FP
chr8	82150364	82160225	9861	34	0	0	10	co_linked	co_linked	1-1	1-1	True	44	0.198	0.19	gain	FP	FP
chr8	82150364	82160837	10473	34	0	0	10	co_linked	co_linked	1-1	1-1	True	44	0.198	0.204	gain	FP	FP
chr8	82150364	82161024	10660	34	0	0	10	co_linked	co_linked	1-1	1-1	True	44	0.198	0.192	gain	FP	FP
chr8	82150364	82162674	12310	26	0	0	10	co_linked	co_linked	1-1	1-1	True	36	0.198	0.245	gain	FP	FP
chr8	82150364	82162872	12508	26	0	0	8	co_linked	co_linked	1-1	1-1	True	34	0.198	0.235	gain	FP	FP
chr8	82150364	82163730	13366	18	0	0	8	co_linked	co_linked	1-1	1-1	True	26	0.198	0.237	gain	FP	FP
chr8	82150364	82164623	14259	15	0	0	8	co_linked	co_linked	1-1	1-1	True	23	0.198	0.24	gain	FP	FP
chr8	82150364	82164970	14606	16	0	0	8	co_linked	co_linked	1-1	1-1	True	24	0.198	0.222	gain	FP	FP
chr8	82150364	82166031	15667	15	0	0	7	co_linked	co_linked	1-1	1-1	True	22	0.198	0.202	gain	FP	FP
chr8	82150364	82166473	16109	12	0	0	8	co_linked	co_linked	1-1	1-1	True	20	0.198	0.225	gain	FP	FP
chr8	82150364	82166522	16158	12	0	0	8	co_linked	co_linked	1-1	1-1	True	20	0.198	0.263	gain	FP	FP
chr8	82150364	82166814	16450	11	0	0	6	co_linked	co_linked	1-1	1-1	True	17	0.198	0.184	gain	FP	FP
chr8	82150364	82168704	18340	9	0	0	7	co_linked	co_linked	1-1	1-1	True	16	0.198	0.271	gain	FP	FP
chr8	82150364	82170298	19934	7	0	0	7	co_linked	co_linked	1-1	1-1	True	14	0.198	0.236	gain	FP	FP
chr8	82150364	82170588	20224	6	0	0	7	co_linked	co_linked	1-1	1-1	True	13	0.198	0.233	gain	FP	FP
chr8	82150364	82173029	22665	5	0	0	7	co_linked	co_linked	1-1	1-1	True	12	0.198	0.223	gain	FP	FP
chr8	82150364	82173075	22711	5	0	0	7	co_linked	co_linked	1-1	1-1	True	12	0.198	0.242	gain	FP	FP
chr8	82150364	82175567	25203	3	0	0	7	co_linked	co_linked	1-1	1-1	True	10	0.198	0.206	gain	FP	FP
chr8	82150364	82175733	25369	3	0	0	7	co_linked	co_linked	1-1	1-1	True	10	0.198	0.188	gain	FP	FP
chr8	82150364	82176318	25954	2	0	0	7	co_linked	co_linked	1-1	1-1	True	9	0.198	0.221	gain	FP	FP
chr8	82150364	82176619	26255	2	0	0	7	co_linked	co_linked	1-1	1-1	True	9	0.198	0.223	gain	FP	FP
chr8	82150422	82150642	220	71	0	0	18	co_linked	co_linked	1-1	1-1	True	89	0.202	0.198	gain	FP	FP
chr8	82150422	82152055	1633	66	0	0	16	co_linked	co_linked	1-1	1-1	True	82	0.202	0.196	gain	FP	FP
chr8	82150422	82153297	2875	57	0	0	11	co_linked	co_linked	1-1	1-1	True	68	0.202	0.149	gain	FP	FP
chr8	82150422	82154756	4334	53	0	0	13	co_linked	co_linked	1-1	1-1	True	66	0.202	0.184	gain	FP	FP
chr8	82150422	82160183	9761	36	0	0	10	co_linked	co_linked	1-1	1-1	True	46	0.202	0.202	gain	FP	FP
chr8	82150422	82160225	9803	37	0	0	10	co_linked	co_linked	1-1	1-1	True	47	0.202	0.19	gain	FP	FP
chr8	82150422	82160837	10415	37	0	0	10	co_linked	co_linked	1-1	1-1	True	47	0.202	0.204	gain	FP	FP
chr8	82150422	82161024	10602	37	0	0	10	co_linked	co_linked	1-1	1-1	True	47	0.202	0.192	gain	FP	FP
chr8	82150422	82162674	12252	29	0	0	10	co_linked	co_linked	1-1	1-1	True	39	0.202	0.245	gain	FP	FP
chr8	82150422	82162872	12450	29	0	0	8	co_linked	co_linked	1-1	1-1	True	37	0.202	0.235	gain	FP	FP
chr8	82150422	82163730	13308	21	0	0	8	co_linked	co_linked	1-1	1-1	True	29	0.202	0.237	gain	FP	FP
chr8	82150422	82164623	14201	18	0	0	8	co_linked	co_linked	1-1	1-1	True	26	0.202	0.24	gain	FP	FP
chr8	82150422	82164970	14548	19	0	0	8	co_linked	co_linked	1-1	1-1	True	27	0.202	0.222	gain	FP	FP
chr8	82150422	82166031	15609	18	0	0	7	co_linked	co_linked	1-1	1-1	True	25	0.202	0.202	gain	FP	FP
chr8	82150422	82166473	16051	15	0	0	8	co_linked	co_linked	1-1	1-1	True	23	0.202	0.225	gain	FP	FP
chr8	82150422	82166522	16100	15	0	0	8	co_linked	co_linked	1-1	1-1	True	23	0.202	0.263	gain	FP	FP
chr8	82150422	82166814	16392	14	0	0	6	co_linked	co_linked	1-1	1-1	True	20	0.202	0.184	gain	FP	FP
chr8	82150422	82168704	18282	11	0	0	7	co_linked	co_linked	1-1	1-1	True	18	0.202	0.271	gain	FP	FP
chr8	82150422	82170298	19876	9	0	0	7	co_linked	co_linked	1-1	1-1	True	16	0.202	0.236	gain	FP	FP
chr8	82150422	82170588	20166	8	0	0	7	co_linked	co_linked	1-1	1-1	True	15	0.202	0.233	gain	FP	FP
chr8	82150422	82173029	22607	7	0	0	7	co_linked	co_linked	1-1	1-1	True	14	0.202	0.223	gain	FP	FP
chr8	82150422	82173075	22653	7	0	0	7	co_linked	co_linked	1-1	1-1	True	14	0.202	0.242	gain	FP	FP
chr8	82150422	82175567	25145	3	0	0	7	co_linked	co_linked	1-1	1-1	True	10	0.202	0.206	gain	FP	FP
chr8	82150422	82175733	25311	3	0	0	7	co_linked	co_linked	1-1	1-1	True	10	0.202	0.188	gain	FP	FP
chr8	82150422	82176318	25896	2	0	0	7	co_linked	co_linked	1-1	1-1	True	9	0.202	0.221	gain	FP	FP
chr8	82150422	82176619	26197	2	0	0	7	co_linked	co_linked	1-1	1-1	True	9	0.202	0.223	gain	FP	FP
chr8	82150598	82150642	44	73	0	0	17	co_linked	co_linked	1-1	1-1	True	90	0.185	0.198	gain	FP	FP
chr8	82150598	82153297	2699	59	0	0	10	co_linked	co_linked	1-1	1-1	True	69	0.185	0.149	gain	FP	FP
chr8	82150598	82154756	4158	55	0	0	12	co_linked	co_linked	1-1	1-1	True	67	0.185	0.184	gain	FP	FP
chr8	82150598	82166031	15433	19	0	0	7	co_linked	co_linked	1-1	1-1	True	26	0.185	0.202	gain	FP	FP
chr8	82150642	82152055	1413	67	0	0	15	co_linked	co_linked	1-1	1-1	True	82	0.198	0.196	gain	FP	FP
chr8	82150642	82153297	2655	58	0	0	11	co_linked	co_linked	1-1	1-1	True	69	0.198	0.149	gain	FP	FP
chr8	82150642	82154756	4114	54	0	0	13	co_linked	co_linked	1-1	1-1	True	67	0.198	0.184	gain	FP	FP
chr8	82150642	82160183	9541	36	0	0	9	co_linked	co_linked	1-1	1-1	True	45	0.198	0.202	gain	FP	FP
chr8	82150642	82160225	9583	37	0	0	9	co_linked	co_linked	1-1	1-1	True	46	0.198	0.19	gain	FP	FP
chr8	82150642	82160837	10195	37	0	0	9	co_linked	co_linked	1-1	1-1	True	46	0.198	0.204	gain	FP	FP
chr8	82150642	82161024	10382	37	0	0	9	co_linked	co_linked	1-1	1-1	True	46	0.198	0.192	gain	FP	FP
chr8	82150642	82162674	12032	30	0	0	9	co_linked	co_linked	1-1	1-1	True	39	0.198	0.245	gain	FP	FP
chr8	82150642	82162872	12230	30	0	0	7	co_linked	co_linked	1-1	1-1	True	37	0.198	0.235	gain	FP	FP
chr8	82150642	82163730	13088	22	0	0	7	co_linked	co_linked	1-1	1-1	True	29	0.198	0.237	gain	FP	FP
chr8	82150642	82164623	13981	19	0	0	7	co_linked	co_linked	1-1	1-1	True	26	0.198	0.24	gain	FP	FP
chr8	82150642	82164970	14328	20	0	0	7	co_linked	co_linked	1-1	1-1	True	27	0.198	0.222	gain	FP	FP
chr8	82150642	82166031	15389	19	0	0	7	co_linked	co_linked	1-1	1-1	True	26	0.198	0.202	gain	FP	FP
chr8	82150642	82166473	15831	16	0	0	7	co_linked	co_linked	1-1	1-1	True	23	0.198	0.225	gain	FP	FP
chr8	82150642	82166522	15880	15	0	0	7	co_linked	co_linked	1-1	1-1	True	22	0.198	0.263	gain	FP	FP
chr8	82150642	82166814	16172	15	0	0	5	co_linked	co_linked	1-1	1-1	True	20	0.198	0.184	gain	FP	FP
chr8	82150642	82168704	18062	12	0	0	6	co_linked	co_linked	1-1	1-1	True	18	0.198	0.271	gain	FP	FP
chr8	82150642	82170298	19656	10	0	0	6	co_linked	co_linked	1-1	1-1	True	16	0.198	0.236	gain	FP	FP
chr8	82150642	82170588	19946	9	0	0	6	co_linked	co_linked	1-1	1-1	True	15	0.198	0.233	gain	FP	FP
chr8	82150642	82173029	22387	8	0	0	6	co_linked	co_linked	1-1	1-1	True	14	0.198	0.223	gain	FP	FP
chr8	82150642	82173075	22433	8	0	0	6	co_linked	co_linked	1-1	1-1	True	14	0.198	0.242	gain	FP	FP
chr8	82150642	82175567	24925	3	0	0	6	co_linked	co_linked	1-1	1-1	True	9	0.198	0.206	gain	FP	FP
chr8	82150642	82175733	25091	3	0	0	6	co_linked	co_linked	1-1	1-1	True	9	0.198	0.188	gain	FP	FP
chr8	82150642	82176318	25676	2	0	0	6	co_linked	co_linked	1-1	1-1	True	8	0.198	0.221	gain	FP	FP
chr8	82150642	82176619	25977	2	0	0	6	co_linked	co_linked	1-1	1-1	True	8	0.198	0.223	gain	FP	FP
chr8	82152055	82153297	1242	68	0	0	13	co_linked	co_linked	1-1	1-1	True	81	0.196	0.149	gain	FP	FP
chr8	82152055	82154756	2701	63	0	0	13	co_linked	co_linked	1-1	1-1	True	76	0.196	0.184	gain	FP	FP
chr8	82152055	82160183	8128	44	0	0	10	co_linked	co_linked	1-1	1-1	True	54	0.196	0.202	gain	FP	FP
chr8	82152055	82160225	8170	45	0	0	9	co_linked	co_linked	1-1	1-1	True	54	0.196	0.19	gain	FP	FP
chr8	82152055	82160837	8782	44	0	0	10	co_linked	co_linked	1-1	1-1	True	54	0.196	0.204	gain	FP	FP
chr8	82152055	82161024	8969	43	0	0	10	co_linked	co_linked	1-1	1-1	True	53	0.196	0.192	gain	FP	FP
chr8	82152055	82162674	10619	35	0	0	10	co_linked	co_linked	1-1	1-1	True	45	0.196	0.245	gain	FP	FP
chr8	82152055	82162872	10817	35	0	0	8	co_linked	co_linked	1-1	1-1	True	43	0.196	0.235	gain	FP	FP
chr8	82152055	82163730	11675	27	0	0	8	co_linked	co_linked	1-1	1-1	True	35	0.196	0.237	gain	FP	FP
chr8	82152055	82164623	12568	24	0	0	8	co_linked	co_linked	1-1	1-1	True	32	0.196	0.24	gain	FP	FP
chr8	82152055	82164970	12915	25	0	0	8	co_linked	co_linked	1-1	1-1	True	33	0.196	0.222	gain	FP	FP
chr8	82152055	82166031	13976	24	0	0	7	co_linked	co_linked	1-1	1-1	True	31	0.196	0.202	gain	FP	FP
chr8	82152055	82166473	14418	21	0	0	8	co_linked	co_linked	1-1	1-1	True	29	0.196	0.225	gain	FP	FP
chr8	82152055	82166482	14427	19	0	0	8	co_linked	co_linked	1-1	1-1	True	27	0.196	0.205	gain	FP	FP
chr8	82152055	82166522	14467	20	0	0	8	co_linked	co_linked	1-1	1-1	True	28	0.196	0.263	gain	FP	FP
chr8	82152055	82166814	14759	20	0	0	6	co_linked	co_linked	1-1	1-1	True	26	0.196	0.184	gain	FP	FP
chr8	82152055	82168704	16649	17	0	0	6	co_linked	co_linked	1-1	1-1	True	23	0.196	0.271	gain	FP	FP
chr8	82152055	82170298	18243	13	0	0	6	co_linked	co_linked	1-1	1-1	True	19	0.196	0.236	gain	FP	FP
chr8	82152055	82170588	18533	12	0	0	6	co_linked	co_linked	1-1	1-1	True	18	0.196	0.233	gain	FP	FP
chr8	82152055	82173029	20974	10	0	0	6	co_linked	co_linked	1-1	1-1	True	16	0.196	0.223	gain	FP	FP
chr8	82152055	82173075	21020	10	0	0	6	co_linked	co_linked	1-1	1-1	True	16	0.196	0.242	gain	FP	FP
chr8	82152055	82175567	23512	4	0	0	6	co_linked	co_linked	1-1	1-1	True	10	0.196	0.206	gain	FP	FP
chr8	82152055	82175733	23678	4	0	0	6	co_linked	co_linked	1-1	1-1	True	10	0.196	0.188	gain	FP	FP
chr8	82152055	82176318	24263	3	0	0	6	co_linked	co_linked	1-1	1-1	True	9	0.196	0.221	gain	FP	FP
chr8	82152055	82176619	24564	3	0	0	6	co_linked	co_linked	1-1	1-1	True	9	0.196	0.223	gain	FP	FP
chr8	82152670	82153297	627	71	0	0	13	co_linked	co_linked	1-1	1-1	True	84	0.194	0.149	gain	FP	FP
chr8	82152670	82164242	11572	27	0	0	9	co_linked	co_linked	1-1	1-1	True	36	0.194	0.21	gain	FP	FP
chr8	82153297	82154756	1459	71	0	0	10	co_linked	co_linked	1-1	1-1	True	81	0.149	0.184	gain	FP	FP
chr8	82153297	82160183	6886	48	0	0	7	co_linked	co_linked	1-1	1-1	True	55	0.149	0.202	gain	FP	FP
chr8	82153297	82160225	6928	50	0	0	6	co_linked	co_linked	1-1	1-1	True	56	0.149	0.19	gain	FP	FP
chr8	82153297	82160837	7540	48	0	0	7	co_linked	co_linked	1-1	1-1	True	55	0.149	0.204	gain	FP	FP
chr8	82153297	82161024	7727	48	0	0	7	co_linked	co_linked	1-1	1-1	True	55	0.149	0.192	gain	FP	FP
chr8	82153297	82162674	9377	39	0	0	7	co_linked	co_linked	1-1	1-1	True	46	0.149	0.245	gain	FP	FP
chr8	82153297	82162872	9575	39	0	0	5	co_linked	co_linked	1-1	1-1	True	44	0.149	0.235	gain	FP	FP
chr8	82153297	82163730	10433	31	0	0	5	co_linked	co_linked	1-1	1-1	True	36	0.149	0.237	gain	FP	FP
chr8	82153297	82164242	10945	30	0	0	5	co_linked	co_linked	1-1	1-1	True	35	0.149	0.21	gain	FP	FP
chr8	82153297	82164623	11326	28	0	0	5	co_linked	co_linked	1-1	1-1	True	33	0.149	0.24	gain	FP	FP
chr8	82153297	82164970	11673	29	0	0	5	co_linked	co_linked	1-1	1-1	True	34	0.149	0.222	gain	FP	FP
chr8	82153297	82166031	12734	28	0	0	5	co_linked	co_linked	1-1	1-1	True	33	0.149	0.202	gain	FP	FP
chr8	82153297	82166473	13176	24	0	0	5	co_linked	co_linked	1-1	1-1	True	29	0.149	0.225	gain	FP	FP
chr8	82153297	82166522	13225	23	0	0	5	co_linked	co_linked	1-1	1-1	True	28	0.149	0.263	gain	FP	FP
chr8	82153297	82166814	13517	23	0	0	4	co_linked	co_linked	1-1	1-1	True	27	0.149	0.184	gain	FP	FP
chr8	82153297	82170298	17001	16	0	0	3	co_linked	co_linked	1-1	1-1	True	19	0.149	0.236	gain	FP	FP
chr8	82153297	82170588	17291	14	0	0	3	co_linked	co_linked	1-1	1-1	True	17	0.149	0.233	gain	FP	FP
chr8	82153297	82173029	19732	12	0	0	3	co_linked	co_linked	1-1	1-1	True	15	0.149	0.223	gain	FP	FP
chr8	82153297	82173075	19778	12	0	0	3	co_linked	co_linked	1-1	1-1	True	15	0.149	0.242	gain	FP	FP
chr8	82153297	82175567	22270	5	0	0	3	co_linked	co_linked	1-1	1-1	True	8	0.149	0.206	gain	FP	FP
chr8	82153297	82175733	22436	5	0	0	3	co_linked	co_linked	1-1	1-1	True	8	0.149	0.188	gain	FP	FP
chr8	82153297	82176318	23021	4	0	0	3	co_linked	co_linked	1-1	1-1	True	7	0.149	0.221	gain	FP	FP
chr8	82153297	82176619	23322	4	0	0	3	co_linked	co_linked	1-1	1-1	True	7	0.149	0.223	gain	FP	FP
chr8	82154756	82160183	5427	52	0	0	12	co_linked	co_linked	1-1	1-1	True	64	0.184	0.202	gain	FP	FP
chr8	82154756	82160225	5469	54	0	0	11	co_linked	co_linked	1-1	1-1	True	65	0.184	0.19	gain	FP	FP
chr8	82154756	82160837	6081	52	0	0	12	co_linked	co_linked	1-1	1-1	True	64	0.184	0.204	gain	FP	FP
chr8	82154756	82161024	6268	52	0	0	12	co_linked	co_linked	1-1	1-1	True	64	0.184	0.192	gain	FP	FP
chr8	82154756	82162674	7918	43	0	0	12	co_linked	co_linked	1-1	1-1	True	55	0.184	0.245	gain	FP	FP
chr8	82154756	82162872	8116	43	0	0	10	co_linked	co_linked	1-1	1-1	True	53	0.184	0.235	gain	FP	FP
chr8	82154756	82163730	8974	35	0	0	10	co_linked	co_linked	1-1	1-1	True	45	0.184	0.237	gain	FP	FP
chr8	82154756	82164623	9867	32	0	0	10	co_linked	co_linked	1-1	1-1	True	42	0.184	0.24	gain	FP	FP
chr8	82154756	82164970	10214	33	0	0	10	co_linked	co_linked	1-1	1-1	True	43	0.184	0.222	gain	FP	FP
chr8	82154756	82166031	11275	32	0	0	10	co_linked	co_linked	1-1	1-1	True	42	0.184	0.202	gain	FP	FP
chr8	82154756	82166473	11717	28	0	0	10	co_linked	co_linked	1-1	1-1	True	38	0.184	0.225	gain	FP	FP
chr8	82154756	82166522	11766	25	0	0	9	co_linked	co_linked	1-1	1-1	True	34	0.184	0.263	gain	FP	FP
chr8	82154756	82166814	12058	25	0	0	7	co_linked	co_linked	1-1	1-1	True	32	0.184	0.184	gain	FP	FP
chr8	82154756	82170298	15542	18	0	0	8	co_linked	co_linked	1-1	1-1	True	26	0.184	0.236	gain	FP	FP
chr8	82154756	82170588	15832	16	0	0	8	co_linked	co_linked	1-1	1-1	True	24	0.184	0.233	gain	FP	FP
chr8	82154756	82173029	18273	14	0	0	8	co_linked	co_linked	1-1	1-1	True	22	0.184	0.223	gain	FP	FP
chr8	82154756	82173075	18319	14	0	0	8	co_linked	co_linked	1-1	1-1	True	22	0.184	0.242	gain	FP	FP
chr8	82154756	82175567	20811	7	0	0	8	co_linked	co_linked	1-1	1-1	True	15	0.184	0.206	gain	FP	FP
chr8	82154756	82175733	20977	7	0	0	7	co_linked	co_linked	1-1	1-1	True	14	0.184	0.188	gain	FP	FP
chr8	82154756	82176318	21562	6	0	0	8	co_linked	co_linked	1-1	1-1	True	14	0.184	0.221	gain	FP	FP
chr8	82154756	82176619	21863	6	0	0	8	co_linked	co_linked	1-1	1-1	True	14	0.184	0.223	gain	FP	FP
chr8	82156557	82160183	3626	54	0	0	13	co_linked	co_linked	1-1	1-1	True	67	0.191	0.202	gain	FP	FP
chr8	82156557	82160225	3668	56	0	0	12	co_linked	co_linked	1-1	1-1	True	68	0.191	0.19	gain	FP	FP
chr8	82156557	82160837	4280	54	0	0	13	co_linked	co_linked	1-1	1-1	True	67	0.191	0.204	gain	FP	FP
chr8	82156557	82161024	4467	54	0	0	13	co_linked	co_linked	1-1	1-1	True	67	0.191	0.192	gain	FP	FP
chr8	82156557	82162674	6117	45	0	0	13	co_linked	co_linked	1-1	1-1	True	58	0.191	0.245	gain	FP	FP
chr8	82156557	82162872	6315	45	0	0	11	co_linked	co_linked	1-1	1-1	True	56	0.191	0.235	gain	FP	FP
chr8	82156557	82163730	7173	36	0	0	11	co_linked	co_linked	1-1	1-1	True	47	0.191	0.237	gain	FP	FP
chr8	82156557	82164623	8066	33	0	0	11	co_linked	co_linked	1-1	1-1	True	44	0.191	0.24	gain	FP	FP
chr8	82156557	82164970	8413	33	0	0	11	co_linked	co_linked	1-1	1-1	True	44	0.191	0.222	gain	FP	FP
chr8	82156557	82166031	9474	32	0	0	10	co_linked	co_linked	1-1	1-1	True	42	0.191	0.202	gain	FP	FP
chr8	82156557	82166473	9916	28	0	0	11	co_linked	co_linked	1-1	1-1	True	39	0.191	0.225	gain	FP	FP
chr8	82156557	82166522	9965	25	0	0	10	co_linked	co_linked	1-1	1-1	True	35	0.191	0.263	gain	FP	FP
chr8	82156557	82166814	10257	25	0	0	8	co_linked	co_linked	1-1	1-1	True	33	0.191	0.184	gain	FP	FP
chr8	82156557	82170298	13741	18	0	0	9	co_linked	co_linked	1-1	1-1	True	27	0.191	0.236	gain	FP	FP
chr8	82156557	82170588	14031	16	0	0	9	co_linked	co_linked	1-1	1-1	True	25	0.191	0.233	gain	FP	FP
chr8	82156557	82173029	16472	14	0	0	9	co_linked	co_linked	1-1	1-1	True	23	0.191	0.223	gain	FP	FP
chr8	82156557	82173075	16518	14	0	0	9	co_linked	co_linked	1-1	1-1	True	23	0.191	0.242	gain	FP	FP
chr8	82156557	82175567	19010	7	0	0	9	co_linked	co_linked	1-1	1-1	True	16	0.191	0.206	gain	FP	FP
chr8	82156557	82175733	19176	7	0	0	8	co_linked	co_linked	1-1	1-1	True	15	0.191	0.188	gain	FP	FP
chr8	82156557	82176318	19761	6	0	0	9	co_linked	co_linked	1-1	1-1	True	15	0.191	0.221	gain	FP	FP
chr8	82156557	82176619	20062	6	0	0	9	co_linked	co_linked	1-1	1-1	True	15	0.191	0.223	gain	FP	FP
chr8	82158226	82170298	12072	23	0	0	9	co_linked	co_linked	1-1	1-1	True	32	0.181	0.236	gain	FP	FP
chr8	82158226	82170588	12362	21	0	0	9	co_linked	co_linked	1-1	1-1	True	30	0.181	0.233	gain	FP	FP
chr8	82158226	82173029	14803	19	0	0	9	co_linked	co_linked	1-1	1-1	True	28	0.181	0.223	gain	FP	FP
chr8	82158226	82173075	14849	19	0	0	9	co_linked	co_linked	1-1	1-1	True	28	0.181	0.242	gain	FP	FP
chr8	82158226	82175567	17341	12	0	0	9	co_linked	co_linked	1-1	1-1	True	21	0.181	0.206	gain	FP	FP
chr8	82158226	82175733	17507	12	0	0	8	co_linked	co_linked	1-1	1-1	True	20	0.181	0.188	gain	FP	FP
chr8	82158226	82176318	18092	11	0	0	9	co_linked	co_linked	1-1	1-1	True	20	0.181	0.221	gain	FP	FP
chr8	82158226	82176619	18393	11	0	0	9	co_linked	co_linked	1-1	1-1	True	20	0.181	0.223	gain	FP	FP
chr8	82160183	82160225	42	79	0	0	19	co_linked	co_linked	1-1	1-1	True	98	0.202	0.19	gain	FP	FP
chr8	82160183	82160837	654	71	0	0	20	co_linked	co_linked	1-1	1-1	True	91	0.202	0.204	gain	FP	FP
chr8	82160183	82161024	841	73	0	0	19	co_linked	co_linked	1-1	1-1	True	92	0.202	0.192	gain	FP	FP
chr8	82160183	82162872	2689	62	0	0	17	co_linked	co_linked	1-1	1-1	True	79	0.202	0.235	gain	FP	FP
chr8	82160183	82163730	3547	53	0	0	17	co_linked	co_linked	1-1	1-1	True	70	0.202	0.237	gain	FP	FP
chr8	82160183	82164623	4440	48	0	0	17	co_linked	co_linked	1-1	1-1	True	65	0.202	0.24	gain	FP	FP
chr8	82160183	82164970	4787	48	0	0	17	co_linked	co_linked	1-1	1-1	True	65	0.202	0.222	gain	FP	FP
chr8	82160183	82166031	5848	47	0	0	13	co_linked	co_linked	1-1	1-1	True	60	0.202	0.202	gain	FP	FP
chr8	82160183	82166473	6290	43	0	0	14	co_linked	co_linked	1-1	1-1	True	57	0.202	0.225	gain	FP	FP
chr8	82160183	82166522	6339	37	0	0	13	co_linked	co_linked	1-1	1-1	True	50	0.202	0.263	gain	FP	FP
chr8	82160183	82166814	6631	40	0	0	10	co_linked	co_linked	1-1	1-1	True	50	0.202	0.184	gain	FP	FP
chr8	82160183	82170298	10115	30	0	0	10	co_linked	co_linked	1-1	1-1	True	40	0.202	0.236	gain	FP	FP
chr8	82160183	82170588	10405	27	0	0	10	co_linked	co_linked	1-1	1-1	True	37	0.202	0.233	gain	FP	FP
chr8	82160183	82173029	12846	21	0	0	10	co_linked	co_linked	1-1	1-1	True	31	0.202	0.223	gain	FP	FP
chr8	82160183	82173075	12892	21	0	0	10	co_linked	co_linked	1-1	1-1	True	31	0.202	0.242	gain	FP	FP
chr8	82160183	82175567	15384	14	0	0	10	co_linked	co_linked	1-1	1-1	True	24	0.202	0.206	gain	FP	FP
chr8	82160183	82175733	15550	14	0	0	9	co_linked	co_linked	1-1	1-1	True	23	0.202	0.188	gain	FP	FP
chr8	82160183	82176318	16135	13	0	0	10	co_linked	co_linked	1-1	1-1	True	23	0.202	0.221	gain	FP	FP
chr8	82160183	82176619	16436	13	0	0	10	co_linked	co_linked	1-1	1-1	True	23	0.202	0.223	gain	FP	FP
chr8	82160225	82160837	612	73	0	0	19	co_linked	co_linked	1-1	1-1	True	92	0.19	0.204	gain	FP	FP
chr8	82160225	82161024	799	75	0	0	18	co_linked	co_linked	1-1	1-1	True	93	0.19	0.192	gain	FP	FP
chr8	82160225	82162872	2647	64	0	0	16	co_linked	co_linked	1-1	1-1	True	80	0.19	0.235	gain	FP	FP
chr8	82160225	82163730	3505	55	0	0	16	co_linked	co_linked	1-1	1-1	True	71	0.19	0.237	gain	FP	FP
chr8	82160225	82164623	4398	50	0	0	16	co_linked	co_linked	1-1	1-1	True	66	0.19	0.24	gain	FP	FP
chr8	82160225	82164970	4745	50	0	0	16	co_linked	co_linked	1-1	1-1	True	66	0.19	0.222	gain	FP	FP
chr8	82160225	82166031	5806	48	0	0	12	co_linked	co_linked	1-1	1-1	True	60	0.19	0.202	gain	FP	FP
chr8	82160225	82166473	6248	44	0	0	13	co_linked	co_linked	1-1	1-1	True	57	0.19	0.225	gain	FP	FP
chr8	82160225	82166522	6297	38	0	0	12	co_linked	co_linked	1-1	1-1	True	50	0.19	0.263	gain	FP	FP
chr8	82160225	82166814	6589	41	0	0	9	co_linked	co_linked	1-1	1-1	True	50	0.19	0.184	gain	FP	FP
chr8	82160225	82170298	10073	31	0	0	10	co_linked	co_linked	1-1	1-1	True	41	0.19	0.236	gain	FP	FP
chr8	82160225	82170588	10363	28	0	0	10	co_linked	co_linked	1-1	1-1	True	38	0.19	0.233	gain	FP	FP
chr8	82160225	82173029	12804	22	0	0	10	co_linked	co_linked	1-1	1-1	True	32	0.19	0.223	gain	FP	FP
chr8	82160225	82173075	12850	22	0	0	10	co_linked	co_linked	1-1	1-1	True	32	0.19	0.242	gain	FP	FP
chr8	82160225	82175567	15342	15	0	0	10	co_linked	co_linked	1-1	1-1	True	25	0.19	0.206	gain	FP	FP
chr8	82160225	82175733	15508	15	0	0	9	co_linked	co_linked	1-1	1-1	True	24	0.19	0.188	gain	FP	FP
chr8	82160225	82176318	16093	14	0	0	10	co_linked	co_linked	1-1	1-1	True	24	0.19	0.221	gain	FP	FP
chr8	82160225	82176619	16394	14	0	0	10	co_linked	co_linked	1-1	1-1	True	24	0.19	0.223	gain	FP	FP
chr8	82160837	82161024	187	77	0	0	19	co_linked	co_linked	1-1	1-1	True	96	0.204	0.192	gain	FP	FP
chr8	82160837	82162674	1837	65	0	0	19	co_linked	co_linked	1-1	1-1	True	84	0.204	0.245	gain	FP	FP
chr8	82160837	82162872	2035	65	0	0	17	co_linked	co_linked	1-1	1-1	True	82	0.204	0.235	gain	FP	FP
chr8	82160837	82163730	2893	55	0	0	17	co_linked	co_linked	1-1	1-1	True	72	0.204	0.237	gain	FP	FP
chr8	82160837	82164623	3786	50	0	0	17	co_linked	co_linked	1-1	1-1	True	67	0.204	0.24	gain	FP	FP
chr8	82160837	82164970	4133	49	0	0	17	co_linked	co_linked	1-1	1-1	True	66	0.204	0.222	gain	FP	FP
chr8	82160837	82166031	5194	46	0	0	13	co_linked	co_linked	1-1	1-1	True	59	0.204	0.202	gain	FP	FP
chr8	82160837	82166473	5636	43	0	0	14	co_linked	co_linked	1-1	1-1	True	57	0.204	0.225	gain	FP	FP
chr8	82160837	82166522	5685	37	0	0	13	co_linked	co_linked	1-1	1-1	True	50	0.204	0.263	gain	FP	FP
chr8	82160837	82166814	5977	40	0	0	10	co_linked	co_linked	1-1	1-1	True	50	0.204	0.184	gain	FP	FP
chr8	82160837	82170298	9461	31	0	0	10	co_linked	co_linked	1-1	1-1	True	41	0.204	0.236	gain	FP	FP
chr8	82160837	82170588	9751	28	0	0	10	co_linked	co_linked	1-1	1-1	True	38	0.204	0.233	gain	FP	FP
chr8	82160837	82173029	12192	22	0	0	10	co_linked	co_linked	1-1	1-1	True	32	0.204	0.223	gain	FP	FP
chr8	82160837	82173075	12238	22	0	0	10	co_linked	co_linked	1-1	1-1	True	32	0.204	0.242	gain	FP	FP
chr8	82160837	82175567	14730	13	0	0	10	co_linked	co_linked	1-1	1-1	True	23	0.204	0.206	gain	FP	FP
chr8	82160837	82175733	14896	13	0	0	9	co_linked	co_linked	1-1	1-1	True	22	0.204	0.188	gain	FP	FP
chr8	82160837	82176318	15481	12	0	0	10	co_linked	co_linked	1-1	1-1	True	22	0.204	0.221	gain	FP	FP
chr8	82160837	82176619	15782	12	0	0	10	co_linked	co_linked	1-1	1-1	True	22	0.204	0.223	gain	FP	FP
chr8	82161024	82162872	1848	68	0	0	17	co_linked	co_linked	1-1	1-1	True	85	0.192	0.235	gain	FP	FP
chr8	82161024	82163730	2706	58	0	0	17	co_linked	co_linked	1-1	1-1	True	75	0.192	0.237	gain	FP	FP
chr8	82161024	82164623	3599	53	0	0	17	co_linked	co_linked	1-1	1-1	True	70	0.192	0.24	gain	FP	FP
chr8	82161024	82164970	3946	52	0	0	17	co_linked	co_linked	1-1	1-1	True	69	0.192	0.222	gain	FP	FP
chr8	82161024	82166031	5007	49	0	0	13	co_linked	co_linked	1-1	1-1	True	62	0.192	0.202	gain	FP	FP
chr8	82161024	82166473	5449	45	0	0	14	co_linked	co_linked	1-1	1-1	True	59	0.192	0.225	gain	FP	FP
chr8	82161024	82166522	5498	39	0	0	13	co_linked	co_linked	1-1	1-1	True	52	0.192	0.263	gain	FP	FP
chr8	82161024	82166814	5790	42	0	0	10	co_linked	co_linked	1-1	1-1	True	52	0.192	0.184	gain	FP	FP
chr8	82161024	82170298	9274	33	0	0	10	co_linked	co_linked	1-1	1-1	True	43	0.192	0.236	gain	FP	FP
chr8	82161024	82170588	9564	30	0	0	10	co_linked	co_linked	1-1	1-1	True	40	0.192	0.233	gain	FP	FP
chr8	82161024	82173029	12005	24	0	0	10	co_linked	co_linked	1-1	1-1	True	34	0.192	0.223	gain	FP	FP
chr8	82161024	82173075	12051	24	0	0	10	co_linked	co_linked	1-1	1-1	True	34	0.192	0.242	gain	FP	FP
chr8	82161024	82175567	14543	15	0	0	10	co_linked	co_linked	1-1	1-1	True	25	0.192	0.206	gain	FP	FP
chr8	82161024	82175733	14709	15	0	0	9	co_linked	co_linked	1-1	1-1	True	24	0.192	0.188	gain	FP	FP
chr8	82161024	82176318	15294	14	0	0	10	co_linked	co_linked	1-1	1-1	True	24	0.192	0.221	gain	FP	FP
chr8	82161024	82176619	15595	14	0	0	10	co_linked	co_linked	1-1	1-1	True	24	0.192	0.223	gain	FP	FP
chr8	82162872	82163730	858	63	0	0	21	co_linked	co_linked	1-1	1-1	True	84	0.235	0.237	gain	FP	FP
chr8	82162872	82164623	1751	58	0	0	20	co_linked	co_linked	1-1	1-1	True	78	0.235	0.24	gain	FP	FP
chr8	82162872	82164970	2098	57	0	0	19	co_linked	co_linked	1-1	1-1	True	76	0.235	0.222	gain	FP	FP
chr8	82162872	82166031	3159	53	0	0	15	co_linked	co_linked	1-1	1-1	True	68	0.235	0.202	gain	FP	FP
chr8	82162872	82166473	3601	49	0	0	16	co_linked	co_linked	1-1	1-1	True	65	0.235	0.225	gain	FP	FP
chr8	82162872	82166522	3650	42	0	0	15	co_linked	co_linked	1-1	1-1	True	57	0.235	0.263	gain	FP	FP
chr8	82162872	82166814	3942	46	0	0	11	co_linked	co_linked	1-1	1-1	True	57	0.235	0.184	gain	FP	FP
chr8	82162872	82170298	7426	34	0	0	12	co_linked	co_linked	1-1	1-1	True	46	0.235	0.236	gain	FP	FP
chr8	82162872	82170588	7716	31	0	0	12	co_linked	co_linked	1-1	1-1	True	43	0.235	0.233	gain	FP	FP
chr8	82162872	82173029	10157	25	0	0	12	co_linked	co_linked	1-1	1-1	True	37	0.235	0.223	gain	FP	FP
chr8	82162872	82173075	10203	25	0	0	12	co_linked	co_linked	1-1	1-1	True	37	0.235	0.242	gain	FP	FP
chr8	82162872	82175567	12695	16	0	0	11	co_linked	co_linked	1-1	1-1	True	27	0.235	0.206	gain	FP	FP
chr8	82162872	82175733	12861	16	0	0	10	co_linked	co_linked	1-1	1-1	True	26	0.235	0.188	gain	FP	FP
chr8	82162872	82176318	13446	15	0	0	11	co_linked	co_linked	1-1	1-1	True	26	0.235	0.221	gain	FP	FP
chr8	82162872	82176619	13747	15	0	0	11	co_linked	co_linked	1-1	1-1	True	26	0.235	0.223	gain	FP	FP
chr8	82163730	82164970	1240	62	0	0	19	co_linked	co_linked	1-1	1-1	True	81	0.237	0.222	gain	FP	FP
chr8	82163730	82166031	2301	58	0	0	15	co_linked	co_linked	1-1	1-1	True	73	0.237	0.202	gain	FP	FP
chr8	82163730	82166473	2743	54	0	0	16	co_linked	co_linked	1-1	1-1	True	70	0.237	0.225	gain	FP	FP
chr8	82163730	82166522	2792	47	0	0	15	co_linked	co_linked	1-1	1-1	True	62	0.237	0.263	gain	FP	FP
chr8	82163730	82166814	3084	51	0	0	11	co_linked	co_linked	1-1	1-1	True	62	0.237	0.184	gain	FP	FP
chr8	82163730	82170298	6568	37	0	0	12	co_linked	co_linked	1-1	1-1	True	49	0.237	0.236	gain	FP	FP
chr8	82163730	82170588	6858	34	0	0	12	co_linked	co_linked	1-1	1-1	True	46	0.237	0.233	gain	FP	FP
chr8	82163730	82173029	9299	28	0	0	12	co_linked	co_linked	1-1	1-1	True	40	0.237	0.223	gain	FP	FP
chr8	82163730	82173075	9345	28	0	0	12	co_linked	co_linked	1-1	1-1	True	40	0.237	0.242	gain	FP	FP
chr8	82163730	82175567	11837	19	0	0	11	co_linked	co_linked	1-1	1-1	True	30	0.237	0.206	gain	FP	FP
chr8	82163730	82175733	12003	18	0	0	10	co_linked	co_linked	1-1	1-1	True	28	0.237	0.188	gain	FP	FP
chr8	82163730	82176318	12588	17	0	0	11	co_linked	co_linked	1-1	1-1	True	28	0.237	0.221	gain	FP	FP
chr8	82163730	82176619	12889	17	0	0	11	co_linked	co_linked	1-1	1-1	True	28	0.237	0.223	gain	FP	FP
chr8	82164623	82164970	347	69	0	0	20	co_linked	co_linked	1-1	1-1	True	89	0.24	0.222	gain	FP	FP
chr8	82164623	82166031	1408	64	0	0	16	co_linked	co_linked	1-1	1-1	True	80	0.24	0.202	gain	FP	FP
chr8	82164623	82166473	1850	60	0	0	17	co_linked	co_linked	1-1	1-1	True	77	0.24	0.225	gain	FP	FP
chr8	82164623	82166522	1899	51	0	0	16	co_linked	co_linked	1-1	1-1	True	67	0.24	0.263	gain	FP	FP
chr8	82164623	82166814	2191	57	0	0	11	co_linked	co_linked	1-1	1-1	True	68	0.24	0.184	gain	FP	FP
chr8	82164623	82170298	5675	41	0	0	13	co_linked	co_linked	1-1	1-1	True	54	0.24	0.236	gain	FP	FP
chr8	82164623	82170588	5965	38	0	0	13	co_linked	co_linked	1-1	1-1	True	51	0.24	0.233	gain	FP	FP
chr8	82164623	82173029	8406	32	0	0	13	co_linked	co_linked	1-1	1-1	True	45	0.24	0.223	gain	FP	FP
chr8	82164623	82175567	10944	23	0	0	12	co_linked	co_linked	1-1	1-1	True	35	0.24	0.206	gain	FP	FP
chr8	82164623	82175733	11110	22	0	0	11	co_linked	co_linked	1-1	1-1	True	33	0.24	0.188	gain	FP	FP
chr8	82164623	82176318	11695	20	0	0	12	co_linked	co_linked	1-1	1-1	True	32	0.24	0.221	gain	FP	FP
chr8	82164623	82176619	11996	20	0	0	12	co_linked	co_linked	1-1	1-1	True	32	0.24	0.223	gain	FP	FP
chr8	82164970	82166031	1061	64	0	0	16	co_linked	co_linked	1-1	1-1	True	80	0.222	0.202	gain	FP	FP
chr8	82164970	82166473	1503	60	0	0	17	co_linked	co_linked	1-1	1-1	True	77	0.222	0.225	gain	FP	FP
chr8	82164970	82166522	1552	51	0	0	16	co_linked	co_linked	1-1	1-1	True	67	0.222	0.263	gain	FP	FP
chr8	82164970	82166814	1844	57	0	0	11	co_linked	co_linked	1-1	1-1	True	68	0.222	0.184	gain	FP	FP
chr8	82164970	82170298	5328	41	0	0	13	co_linked	co_linked	1-1	1-1	True	54	0.222	0.236	gain	FP	FP
chr8	82164970	82170588	5618	38	0	0	13	co_linked	co_linked	1-1	1-1	True	51	0.222	0.233	gain	FP	FP
chr8	82164970	82173029	8059	32	0	0	13	co_linked	co_linked	1-1	1-1	True	45	0.222	0.223	gain	FP	FP
chr8	82164970	82175567	10597	22	0	0	12	co_linked	co_linked	1-1	1-1	True	34	0.222	0.206	gain	FP	FP
chr8	82164970	82175733	10763	22	0	0	11	co_linked	co_linked	1-1	1-1	True	33	0.222	0.188	gain	FP	FP
chr8	82164970	82176318	11348	19	0	0	12	co_linked	co_linked	1-1	1-1	True	31	0.222	0.221	gain	FP	FP
chr8	82164970	82176619	11649	19	0	0	12	co_linked	co_linked	1-1	1-1	True	31	0.222	0.223	gain	FP	FP
chr8	82166031	82166473	442	67	0	0	19	co_linked	co_linked	1-1	1-1	True	86	0.202	0.225	gain	FP	FP
chr8	82166031	82166522	491	57	0	0	18	co_linked	co_linked	1-1	1-1	True	75	0.202	0.263	gain	FP	FP
chr8	82166031	82170298	4267	44	0	0	15	co_linked	co_linked	1-1	1-1	True	59	0.202	0.236	gain	FP	FP
chr8	82166031	82170588	4557	41	0	0	15	co_linked	co_linked	1-1	1-1	True	56	0.202	0.233	gain	FP	FP
chr8	82166031	82173029	6998	35	0	0	15	co_linked	co_linked	1-1	1-1	True	50	0.202	0.223	gain	FP	FP
chr8	82166031	82175567	9536	24	0	0	13	co_linked	co_linked	1-1	1-1	True	37	0.202	0.206	gain	FP	FP
chr8	82166031	82176318	10287	21	0	0	13	co_linked	co_linked	1-1	1-1	True	34	0.202	0.221	gain	FP	FP
chr8	82166031	82176619	10588	21	0	0	13	co_linked	co_linked	1-1	1-1	True	34	0.202	0.223	gain	FP	FP
chr8	82166522	82170298	3776	41	0	0	17	co_linked	co_linked	1-1	1-1	True	58	0.263	0.236	gain	FP	FP
chr8	82166522	82170588	4066	38	0	0	17	co_linked	co_linked	1-1	1-1	True	55	0.263	0.233	gain	FP	FP
chr8	82166522	82173029	6507	34	0	0	17	co_linked	co_linked	1-1	1-1	True	51	0.263	0.223	gain	FP	FP
chr8	82166522	82173075	6553	33	0	0	17	co_linked	co_linked	1-1	1-1	True	50	0.263	0.242	gain	FP	FP
chr8	82166522	82175567	9045	24	0	0	15	co_linked	co_linked	1-1	1-1	True	39	0.263	0.206	gain	FP	FP
chr8	82166522	82176318	9796	21	0	0	15	co_linked	co_linked	1-1	1-1	True	36	0.263	0.221	gain	FP	FP
chr8	82166522	82176619	10097	21	0	0	15	co_linked	co_linked	1-1	1-1	True	36	0.263	0.223	gain	FP	FP
chr8	82168704	82175567	6863	30	0	0	18	co_linked	co_linked	1-1	1-1	True	48	0.271	0.206	gain	FP	FP
chr8	82168704	82176318	7614	28	0	0	18	co_linked	co_linked	1-1	1-1	True	46	0.271	0.221	gain	FP	FP
chr8	82168704	82176619	7915	28	0	0	18	co_linked	co_linked	1-1	1-1	True	46	0.271	0.223	gain	FP	FP
chr8	82170298	82170588	290	64	0	0	21	co_linked	co_linked	1-1	1-1	True	85	0.236	0.233	gain	FP	FP
chr8	82170298	82173029	2731	54	0	0	21	co_linked	co_linked	1-1	1-1	True	75	0.236	0.223	gain	FP	FP
chr8	82170298	82175567	5269	40	0	0	19	co_linked	co_linked	1-1	1-1	True	59	0.236	0.206	gain	FP	FP
chr8	82170298	82176318	6020	37	0	0	19	co_linked	co_linked	1-1	1-1	True	56	0.236	0.221	gain	FP	FP
chr8	82170298	82176619	6321	37	0	0	19	co_linked	co_linked	1-1	1-1	True	56	0.236	0.223	gain	FP	FP
chr8	82170588	82173029	2441	56	0	0	21	co_linked	co_linked	1-1	1-1	True	77	0.233	0.223	gain	FP	FP
chr8	82170588	82175567	4979	41	0	0	19	co_linked	co_linked	1-1	1-1	True	60	0.233	0.206	gain	FP	FP
chr8	82170588	82176318	5730	37	0	0	19	co_linked	co_linked	1-1	1-1	True	56	0.233	0.221	gain	FP	FP
chr8	82170588	82176619	6031	37	0	0	19	co_linked	co_linked	1-1	1-1	True	56	0.233	0.223	gain	FP	FP
chr8	82173029	82175567	2538	49	0	0	19	co_linked	co_linked	1-1	1-1	True	68	0.223	0.206	gain	FP	FP
chr8	82173029	82176318	3289	44	0	0	19	co_linked	co_linked	1-1	1-1	True	63	0.223	0.221	gain	FP	FP
chr8	82173029	82176619	3590	44	0	0	19	co_linked	co_linked	1-1	1-1	True	63	0.223	0.223	gain	FP	FP
chr8	82175567	82176318	751	67	0	0	20	co_linked	co_linked	1-1	1-1	True	87	0.206	0.221	gain	FP	FP
chr8	82175567	82176619	1052	64	0	0	20	co_linked	co_linked	1-1	1-1	True	84	0.206	0.223	gain	FP	FP
chr8	82176318	82176619	301	69	0	0	21	co_linked	co_linked	1-1	1-1	True	90	0.221	0.223	gain	FP	FP
chr8	82535025	82549196	14171	17	0	0	1	sparse	co_linked	2-1	2-1	True	18	0.143	0.078	gain	FP	FP
chr8	82537064	82549196	12132	20	0	0	1	sparse	co_linked	2-1	2-1	True	21	0.159	0.078	gain	FP	FP
chr8	82818175	82829168	10993	32	0	0	8	co_linked	co_linked	2-1	2-1	True	40	0.149	0.146	gain	FP	FP
chr8	82818175	82831292	13117	27	0	0	7	co_linked	co_linked	2-1	2-1	True	34	0.149	0.155	gain	FP	FP
chr8	82829168	82844652	15484	17	0	0	4	co_linked	co_linked	2-1	2-1	True	21	0.146	0.2	gain	FP	FP
chr8	82855568	82863112	7544	48	0	0	13	co_linked	co_linked	1-1	1-1	True	61	0.202	0.175	gain	FP	FP
chr8	82855568	82863512	7944	45	0	0	12	co_linked	co_linked	1-1	1-1	True	57	0.202	0.192	gain	FP	FP
chr8	82855568	82870194	14626	21	0	0	9	co_linked	co_linked	1-1	1-1	True	30	0.202	0.216	gain	FP	FP
chr8	82855568	82871812	16244	16	0	0	9	co_linked	co_linked	1-1	1-1	True	25	0.202	0.262	gain	FP	FP
chr8	82855568	82883835	28267	4	0	0	5	co_linked	co_linked	1-1	1-1	True	9	0.202	0.295	gain	FP	FP
chr8	82862197	82870194	7997	36	0	0	12	co_linked	co_linked	1-1	1-1	True	48	0.187	0.216	gain	FP	FP
chr8	82862197	82871812	9615	28	0	0	12	co_linked	co_linked	1-1	1-1	True	40	0.187	0.262	gain	FP	FP
chr8	82862197	82883835	21638	8	0	0	8	co_linked	co_linked	1-1	1-1	True	16	0.187	0.295	gain	FP	FP
chr8	82871812	82883835	12023	18	0	0	11	co_linked	co_linked	1-1	1-1	True	29	0.262	0.295	gain	FP	FP
chr8	82872211	82883835	11624	20	0	0	12	co_linked	co_linked	1-1	1-1	True	32	0.213	0.295	gain	FP	FP
chr8	82880926	82906029	25103	5	0	0	3	co_linked	co_linked	1-1	1-1	True	8	0.268	0.216	gain	FP	FP
chr8	82883835	82906029	22194	6	0	0	3	co_linked	co_linked	1-1	1-1	True	9	0.295	0.216	gain	FP	FP
chr8	82929276	82930641	1365	74	0	0	17	co_linked	co_linked	2-1	2-1	True	91	0.196	0.214	gain	FP	FP
chr8	82929276	82931320	2044	65	0	0	15	co_linked	co_linked	2-1	2-1	True	80	0.196	0.21	gain	FP	FP
chr8	82929276	82932203	2927	61	0	0	15	co_linked	co_linked	2-1	2-1	True	76	0.196	0.216	gain	FP	FP
chr8	82929276	82932591	3315	57	0	0	13	co_linked	co_linked	2-1	2-1	True	70	0.196	0.198	gain	FP	FP
chr8	82929276	82936026	6750	45	0	0	11	co_linked	co_linked	2-1	2-1	True	56	0.196	0.2	gain	FP	FP
chr8	82929276	82938265	8989	42	0	0	10	co_linked	co_linked	2-1	2-1	True	52	0.196	0.175	gain	FP	FP
chr8	82929276	82938294	9018	42	0	0	10	co_linked	co_linked	2-1	2-1	True	52	0.196	0.179	gain	FP	FP
chr8	82929276	82938947	9671	41	0	0	9	co_linked	co_linked	2-1	2-1	True	50	0.196	0.162	gain	FP	FP
chr8	82929276	82939109	9833	39	0	0	8	co_linked	co_linked	2-1	2-1	True	47	0.196	0.155	gain	FP	FP
chr8	82929276	82939324	10048	40	0	0	9	co_linked	co_linked	2-1	2-1	True	49	0.196	0.149	gain	FP	FP
chr8	82929276	82939617	10341	40	0	0	8	co_linked	co_linked	2-1	2-1	True	48	0.196	0.147	gain	FP	FP
chr8	82929276	82939798	10522	40	0	0	9	co_linked	co_linked	2-1	2-1	True	49	0.196	0.16	gain	FP	FP
chr8	82929276	82941007	11731	33	0	0	9	co_linked	co_linked	2-1	2-1	True	42	0.196	0.158	gain	FP	FP
chr8	82929276	82941593	12317	31	0	0	8	co_linked	co_linked	2-1	2-1	True	39	0.196	0.141	gain	FP	FP
chr8	82929276	82942638	13362	28	0	0	9	co_linked	co_linked	2-1	2-1	True	37	0.196	0.167	gain	FP	FP
chr8	82929276	82942850	13574	28	0	0	9	co_linked	co_linked	2-1	2-1	True	37	0.196	0.17	gain	FP	FP
chr8	82929276	82943200	13924	27	0	0	9	co_linked	co_linked	2-1	2-1	True	36	0.196	0.172	gain	FP	FP
chr8	82929276	82943496	14220	23	0	0	9	co_linked	co_linked	2-1	2-1	True	32	0.196	0.17	gain	FP	FP
chr8	82929276	82943846	14570	26	0	0	9	co_linked	co_linked	2-1	2-1	True	35	0.196	0.168	gain	FP	FP
chr8	82929276	82944940	15664	26	0	0	9	co_linked	co_linked	2-1	2-1	True	35	0.196	0.174	gain	FP	FP
chr8	82929276	82945494	16218	24	0	0	9	co_linked	co_linked	2-1	2-1	True	33	0.196	0.172	gain	FP	FP
chr8	82929276	82946187	16911	22	0	0	9	co_linked	co_linked	2-1	2-1	True	31	0.196	0.176	gain	FP	FP
chr8	82929276	82947281	18005	18	0	0	8	co_linked	co_linked	2-1	2-1	True	26	0.196	0.14	gain	FP	FP
chr8	82929276	82947474	18198	18	0	0	9	co_linked	co_linked	2-1	2-1	True	27	0.196	0.157	gain	FP	FP
chr8	82929276	82948119	18843	17	0	0	8	co_linked	co_linked	2-1	2-1	True	25	0.196	0.154	gain	FP	FP
chr8	82929276	82949340	20064	16	0	0	6	co_linked	co_linked	2-1	2-1	True	22	0.196	0.157	gain	FP	FP
chr8	82929276	82949763	20487	17	0	0	5	co_linked	co_linked	2-1	2-1	True	22	0.196	0.141	gain	FP	FP
chr8	82929276	82949897	20621	17	0	0	5	co_linked	co_linked	2-1	2-1	True	22	0.196	0.151	gain	FP	FP
chr8	82929276	82949994	20718	17	0	0	5	co_linked	co_linked	2-1	2-1	True	22	0.196	0.149	gain	FP	FP
chr8	82929276	82950212	20936	17	0	0	5	co_linked	co_linked	2-1	2-1	True	22	0.196	0.154	gain	FP	FP
chr8	82929276	82950337	21061	17	0	0	5	co_linked	co_linked	2-1	2-1	True	22	0.196	0.151	gain	FP	FP
chr8	82929276	82950729	21453	16	0	0	5	co_linked	co_linked	2-1	2-1	True	21	0.196	0.144	gain	FP	FP
chr8	82929276	82951103	21827	15	0	0	5	co_linked	co_linked	2-1	2-1	True	20	0.196	0.156	gain	FP	FP
chr8	82929276	82951368	22092	15	0	0	5	co_linked	co_linked	2-1	2-1	True	20	0.196	0.17	gain	FP	FP
chr8	82929276	82951558	22282	15	0	0	5	co_linked	co_linked	2-1	2-1	True	20	0.196	0.185	gain	FP	FP
chr8	82929276	82952526	23250	15	0	0	3	co_linked	co_linked	2-1	2-1	True	18	0.196	0.149	gain	FP	FP
chr8	82929276	82953203	23927	15	0	0	3	co_linked	co_linked	2-1	2-1	True	18	0.196	0.11	gain	FP	FP
chr8	82929276	82954454	25178	12	0	0	3	co_linked	co_linked	2-1	2-1	True	15	0.196	0.129	gain	FP	FP
chr8	82929276	82955515	26239	8	0	0	3	co_linked	co_linked	2-1	2-1	True	11	0.196	0.127	gain	FP	FP
chr8	82929276	82955572	26296	8	0	0	3	co_linked	co_linked	2-1	2-1	True	11	0.196	0.175	gain	FP	FP
chr8	82929276	82955750	26474	8	0	0	3	co_linked	co_linked	2-1	2-1	True	11	0.196	0.138	gain	FP	FP
chr8	82929276	82956096	26820	8	0	0	3	co_linked	co_linked	2-1	2-1	True	11	0.196	0.16	gain	FP	FP
chr8	82929276	82956334	27058	8	0	0	3	co_linked	co_linked	2-1	2-1	True	11	0.196	0.15	gain	FP	FP
chr8	82929276	82956596	27320	7	0	0	3	co_linked	co_linked	2-1	2-1	True	10	0.196	0.143	gain	FP	FP
chr8	82929276	82956893	27617	7	0	0	3	co_linked	co_linked	2-1	2-1	True	10	0.196	0.195	gain	FP	FP
chr8	82929276	82957533	28257	6	0	0	3	co_linked	co_linked	2-1	2-1	True	9	0.196	0.141	gain	FP	FP
chr8	82929276	82958389	29113	3	0	0	3	co_linked	co_linked	2-1	2-1	True	6	0.196	0.167	gain	FP	FP
chr8	82929276	82959308	30032	3	0	0	3	co_linked	co_linked	2-1	2-1	True	6	0.196	0.182	gain	FP	FP
chr8	82929574	82931320	1746	64	0	0	17	co_linked	co_linked	2-1	2-1	True	81	0.198	0.21	gain	FP	FP
chr8	82929574	82932591	3017	56	0	0	15	co_linked	co_linked	2-1	2-1	True	71	0.198	0.198	gain	FP	FP
chr8	82929574	82936026	6452	44	0	0	13	co_linked	co_linked	2-1	2-1	True	57	0.198	0.2	gain	FP	FP
chr8	82929574	82938265	8691	41	0	0	10	co_linked	co_linked	2-1	2-1	True	51	0.198	0.175	gain	FP	FP
chr8	82929574	82938294	8720	41	0	0	10	co_linked	co_linked	2-1	2-1	True	51	0.198	0.179	gain	FP	FP
chr8	82929574	82938947	9373	40	0	0	9	co_linked	co_linked	2-1	2-1	True	49	0.198	0.162	gain	FP	FP
chr8	82929574	82939109	9535	38	0	0	8	co_linked	co_linked	2-1	2-1	True	46	0.198	0.155	gain	FP	FP
chr8	82929574	82939324	9750	39	0	0	9	co_linked	co_linked	2-1	2-1	True	48	0.198	0.149	gain	FP	FP
chr8	82929574	82939617	10043	39	0	0	8	co_linked	co_linked	2-1	2-1	True	47	0.198	0.147	gain	FP	FP
chr8	82929574	82939798	10224	39	0	0	9	co_linked	co_linked	2-1	2-1	True	48	0.198	0.16	gain	FP	FP
chr8	82929574	82941007	11433	32	0	0	9	co_linked	co_linked	2-1	2-1	True	41	0.198	0.158	gain	FP	FP
chr8	82929574	82941593	12019	30	0	0	8	co_linked	co_linked	2-1	2-1	True	38	0.198	0.141	gain	FP	FP
chr8	82929574	82942638	13064	27	0	0	9	co_linked	co_linked	2-1	2-1	True	36	0.198	0.167	gain	FP	FP
chr8	82929574	82942850	13276	27	0	0	9	co_linked	co_linked	2-1	2-1	True	36	0.198	0.17	gain	FP	FP
chr8	82929574	82943200	13626	26	0	0	9	co_linked	co_linked	2-1	2-1	True	35	0.198	0.172	gain	FP	FP
chr8	82929574	82943496	13922	22	0	0	9	co_linked	co_linked	2-1	2-1	True	31	0.198	0.17	gain	FP	FP
chr8	82929574	82943846	14272	25	0	0	9	co_linked	co_linked	2-1	2-1	True	34	0.198	0.168	gain	FP	FP
chr8	82929574	82944940	15366	25	0	0	9	co_linked	co_linked	2-1	2-1	True	34	0.198	0.174	gain	FP	FP
chr8	82929574	82945494	15920	23	0	0	9	co_linked	co_linked	2-1	2-1	True	32	0.198	0.172	gain	FP	FP
chr8	82929574	82946187	16613	21	0	0	9	co_linked	co_linked	2-1	2-1	True	30	0.198	0.176	gain	FP	FP
chr8	82929574	82947281	17707	17	0	0	8	co_linked	co_linked	2-1	2-1	True	25	0.198	0.14	gain	FP	FP
chr8	82929574	82947474	17900	17	0	0	9	co_linked	co_linked	2-1	2-1	True	26	0.198	0.157	gain	FP	FP
chr8	82929574	82948119	18545	16	0	0	8	co_linked	co_linked	2-1	2-1	True	24	0.198	0.154	gain	FP	FP
chr8	82929574	82949340	19766	15	0	0	6	co_linked	co_linked	2-1	2-1	True	21	0.198	0.157	gain	FP	FP
chr8	82929574	82949763	20189	16	0	0	5	co_linked	co_linked	2-1	2-1	True	21	0.198	0.141	gain	FP	FP
chr8	82929574	82949897	20323	16	0	0	5	co_linked	co_linked	2-1	2-1	True	21	0.198	0.151	gain	FP	FP
chr8	82929574	82949994	20420	16	0	0	5	co_linked	co_linked	2-1	2-1	True	21	0.198	0.149	gain	FP	FP
chr8	82929574	82950212	20638	16	0	0	5	co_linked	co_linked	2-1	2-1	True	21	0.198	0.154	gain	FP	FP
chr8	82929574	82950337	20763	16	0	0	5	co_linked	co_linked	2-1	2-1	True	21	0.198	0.151	gain	FP	FP
chr8	82929574	82950729	21155	15	0	0	5	co_linked	co_linked	2-1	2-1	True	20	0.198	0.144	gain	FP	FP
chr8	82929574	82951103	21529	14	0	0	5	co_linked	co_linked	2-1	2-1	True	19	0.198	0.156	gain	FP	FP
chr8	82929574	82951368	21794	14	0	0	5	co_linked	co_linked	2-1	2-1	True	19	0.198	0.17	gain	FP	FP
chr8	82929574	82951558	21984	14	0	0	5	co_linked	co_linked	2-1	2-1	True	19	0.198	0.185	gain	FP	FP
chr8	82929574	82952526	22952	14	0	0	3	co_linked	co_linked	2-1	2-1	True	17	0.198	0.149	gain	FP	FP
chr8	82929574	82953203	23629	14	0	0	3	co_linked	co_linked	2-1	2-1	True	17	0.198	0.11	gain	FP	FP
chr8	82929574	82954454	24880	11	0	0	3	co_linked	co_linked	2-1	2-1	True	14	0.198	0.129	gain	FP	FP
chr8	82929574	82955515	25941	7	0	0	3	co_linked	co_linked	2-1	2-1	True	10	0.198	0.127	gain	FP	FP
chr8	82929574	82955572	25998	7	0	0	3	co_linked	co_linked	2-1	2-1	True	10	0.198	0.175	gain	FP	FP
chr8	82929574	82955750	26176	7	0	0	3	co_linked	co_linked	2-1	2-1	True	10	0.198	0.138	gain	FP	FP
chr8	82929574	82956096	26522	7	0	0	3	co_linked	co_linked	2-1	2-1	True	10	0.198	0.16	gain	FP	FP
chr8	82929574	82956334	26760	7	0	0	3	co_linked	co_linked	2-1	2-1	True	10	0.198	0.15	gain	FP	FP
chr8	82929574	82956596	27022	6	0	0	3	co_linked	co_linked	2-1	2-1	True	9	0.198	0.143	gain	FP	FP
chr8	82929574	82956893	27319	6	0	0	3	co_linked	co_linked	2-1	2-1	True	9	0.198	0.195	gain	FP	FP
chr8	82929574	82956987	27413	6	0	0	3	co_linked	co_linked	2-1	2-1	True	9	0.198	0.165	gain	FP	FP
chr8	82929574	82957533	27959	5	0	0	3	co_linked	co_linked	2-1	2-1	True	8	0.198	0.141	gain	FP	FP
chr8	82929574	82958389	28815	3	0	0	3	co_linked	co_linked	2-1	2-1	True	6	0.198	0.167	gain	FP	FP
chr8	82929574	82959308	29734	3	0	0	3	co_linked	co_linked	2-1	2-1	True	6	0.198	0.182	gain	FP	FP
chr8	82930508	82936026	5518	46	0	0	14	co_linked	co_linked	2-1	2-1	True	60	0.231	0.2	gain	FP	FP
chr8	82930508	82938265	7757	43	0	0	11	co_linked	co_linked	2-1	2-1	True	54	0.231	0.175	gain	FP	FP
chr8	82930508	82938294	7786	43	0	0	11	co_linked	co_linked	2-1	2-1	True	54	0.231	0.179	gain	FP	FP
chr8	82930508	82938947	8439	42	0	0	10	co_linked	co_linked	2-1	2-1	True	52	0.231	0.162	gain	FP	FP
chr8	82930508	82939109	8601	41	0	0	9	co_linked	co_linked	2-1	2-1	True	50	0.231	0.155	gain	FP	FP
chr8	82930508	82939324	8816	41	0	0	10	co_linked	co_linked	2-1	2-1	True	51	0.231	0.149	gain	FP	FP
chr8	82930508	82939617	9109	41	0	0	9	co_linked	co_linked	2-1	2-1	True	50	0.231	0.147	gain	FP	FP
chr8	82930508	82939798	9290	41	0	0	10	co_linked	co_linked	2-1	2-1	True	51	0.231	0.16	gain	FP	FP
chr8	82930508	82941007	10499	34	0	0	9	co_linked	co_linked	2-1	2-1	True	43	0.231	0.158	gain	FP	FP
chr8	82930508	82941593	11085	32	0	0	8	co_linked	co_linked	2-1	2-1	True	40	0.231	0.141	gain	FP	FP
chr8	82930508	82942638	12130	28	0	0	9	co_linked	co_linked	2-1	2-1	True	37	0.231	0.167	gain	FP	FP
chr8	82930508	82942850	12342	28	0	0	9	co_linked	co_linked	2-1	2-1	True	37	0.231	0.17	gain	FP	FP
chr8	82930508	82943200	12692	27	0	0	9	co_linked	co_linked	2-1	2-1	True	36	0.231	0.172	gain	FP	FP
chr8	82930508	82943496	12988	23	0	0	9	co_linked	co_linked	2-1	2-1	True	32	0.231	0.17	gain	FP	FP
chr8	82930508	82943846	13338	25	0	0	9	co_linked	co_linked	2-1	2-1	True	34	0.231	0.168	gain	FP	FP
chr8	82930508	82944940	14432	25	0	0	9	co_linked	co_linked	2-1	2-1	True	34	0.231	0.174	gain	FP	FP
chr8	82930508	82945494	14986	23	0	0	9	co_linked	co_linked	2-1	2-1	True	32	0.231	0.172	gain	FP	FP
chr8	82930508	82946187	15679	21	0	0	9	co_linked	co_linked	2-1	2-1	True	30	0.231	0.176	gain	FP	FP
chr8	82930508	82947281	16773	17	0	0	8	co_linked	co_linked	2-1	2-1	True	25	0.231	0.14	gain	FP	FP
chr8	82930508	82947474	16966	17	0	0	9	co_linked	co_linked	2-1	2-1	True	26	0.231	0.157	gain	FP	FP
chr8	82930508	82948119	17611	16	0	0	8	co_linked	co_linked	2-1	2-1	True	24	0.231	0.154	gain	FP	FP
chr8	82930508	82949340	18832	15	0	0	6	co_linked	co_linked	2-1	2-1	True	21	0.231	0.157	gain	FP	FP
chr8	82930508	82949763	19255	16	0	0	5	co_linked	co_linked	2-1	2-1	True	21	0.231	0.141	gain	FP	FP
chr8	82930508	82949897	19389	16	0	0	5	co_linked	co_linked	2-1	2-1	True	21	0.231	0.151	gain	FP	FP
chr8	82930508	82949994	19486	16	0	0	5	co_linked	co_linked	2-1	2-1	True	21	0.231	0.149	gain	FP	FP
chr8	82930508	82950212	19704	16	0	0	5	co_linked	co_linked	2-1	2-1	True	21	0.231	0.154	gain	FP	FP
chr8	82930508	82950337	19829	16	0	0	5	co_linked	co_linked	2-1	2-1	True	21	0.231	0.151	gain	FP	FP
chr8	82930508	82950729	20221	15	0	0	5	co_linked	co_linked	2-1	2-1	True	20	0.231	0.144	gain	FP	FP
chr8	82930508	82951103	20595	14	0	0	5	co_linked	co_linked	2-1	2-1	True	19	0.231	0.156	gain	FP	FP
chr8	82930508	82951368	20860	14	0	0	5	co_linked	co_linked	2-1	2-1	True	19	0.231	0.17	gain	FP	FP
chr8	82930508	82951558	21050	14	0	0	5	co_linked	co_linked	2-1	2-1	True	19	0.231	0.185	gain	FP	FP
chr8	82930508	82952526	22018	14	0	0	3	co_linked	co_linked	2-1	2-1	True	17	0.231	0.149	gain	FP	FP
chr8	82930508	82953203	22695	14	0	0	3	co_linked	co_linked	2-1	2-1	True	17	0.231	0.11	gain	FP	FP
chr8	82930508	82954454	23946	12	0	0	3	co_linked	co_linked	2-1	2-1	True	15	0.231	0.129	gain	FP	FP
chr8	82930508	82955515	25007	8	0	0	3	co_linked	co_linked	2-1	2-1	True	11	0.231	0.127	gain	FP	FP
chr8	82930508	82955572	25064	8	0	0	3	co_linked	co_linked	2-1	2-1	True	11	0.231	0.175	gain	FP	FP
chr8	82930508	82955750	25242	8	0	0	3	co_linked	co_linked	2-1	2-1	True	11	0.231	0.138	gain	FP	FP
chr8	82930508	82956096	25588	8	0	0	3	co_linked	co_linked	2-1	2-1	True	11	0.231	0.16	gain	FP	FP
chr8	82930508	82956334	25826	8	0	0	3	co_linked	co_linked	2-1	2-1	True	11	0.231	0.15	gain	FP	FP
chr8	82930508	82956596	26088	7	0	0	3	co_linked	co_linked	2-1	2-1	True	10	0.231	0.143	gain	FP	FP
chr8	82930508	82956893	26385	7	0	0	3	co_linked	co_linked	2-1	2-1	True	10	0.231	0.195	gain	FP	FP
chr8	82930508	82957533	27025	6	0	0	3	co_linked	co_linked	2-1	2-1	True	9	0.231	0.141	gain	FP	FP
chr8	82930508	82958389	27881	3	0	0	3	co_linked	co_linked	2-1	2-1	True	6	0.231	0.167	gain	FP	FP
chr8	82930508	82959308	28800	3	0	0	3	co_linked	co_linked	2-1	2-1	True	6	0.231	0.182	gain	FP	FP
chr8	82930641	82931320	679	75	0	0	20	co_linked	co_linked	2-1	2-1	True	95	0.214	0.21	gain	FP	FP
chr8	82930641	82932591	1950	64	0	0	16	co_linked	co_linked	2-1	2-1	True	80	0.214	0.198	gain	FP	FP
chr8	82930641	82936026	5385	48	0	0	15	co_linked	co_linked	2-1	2-1	True	63	0.214	0.2	gain	FP	FP
chr8	82930641	82938265	7624	45	0	0	11	co_linked	co_linked	2-1	2-1	True	56	0.214	0.175	gain	FP	FP
chr8	82930641	82938294	7653	45	0	0	11	co_linked	co_linked	2-1	2-1	True	56	0.214	0.179	gain	FP	FP
chr8	82930641	82938947	8306	44	0	0	10	co_linked	co_linked	2-1	2-1	True	54	0.214	0.162	gain	FP	FP
chr8	82930641	82939109	8468	42	0	0	9	co_linked	co_linked	2-1	2-1	True	51	0.214	0.155	gain	FP	FP
chr8	82930641	82939324	8683	43	0	0	10	co_linked	co_linked	2-1	2-1	True	53	0.214	0.149	gain	FP	FP
chr8	82930641	82939617	8976	43	0	0	9	co_linked	co_linked	2-1	2-1	True	52	0.214	0.147	gain	FP	FP
chr8	82930641	82939798	9157	43	0	0	10	co_linked	co_linked	2-1	2-1	True	53	0.214	0.16	gain	FP	FP
chr8	82930641	82941007	10366	36	0	0	9	co_linked	co_linked	2-1	2-1	True	45	0.214	0.158	gain	FP	FP
chr8	82930641	82941593	10952	34	0	0	8	co_linked	co_linked	2-1	2-1	True	42	0.214	0.141	gain	FP	FP
chr8	82930641	82942638	11997	30	0	0	9	co_linked	co_linked	2-1	2-1	True	39	0.214	0.167	gain	FP	FP
chr8	82930641	82942850	12209	30	0	0	9	co_linked	co_linked	2-1	2-1	True	39	0.214	0.17	gain	FP	FP
chr8	82930641	82943200	12559	29	0	0	9	co_linked	co_linked	2-1	2-1	True	38	0.214	0.172	gain	FP	FP
chr8	82930641	82943496	12855	25	0	0	9	co_linked	co_linked	2-1	2-1	True	34	0.214	0.17	gain	FP	FP
chr8	82930641	82943846	13205	27	0	0	9	co_linked	co_linked	2-1	2-1	True	36	0.214	0.168	gain	FP	FP
chr8	82930641	82944940	14299	26	0	0	9	co_linked	co_linked	2-1	2-1	True	35	0.214	0.174	gain	FP	FP
chr8	82930641	82945494	14853	24	0	0	9	co_linked	co_linked	2-1	2-1	True	33	0.214	0.172	gain	FP	FP
chr8	82930641	82946187	15546	22	0	0	9	co_linked	co_linked	2-1	2-1	True	31	0.214	0.176	gain	FP	FP
chr8	82930641	82947281	16640	18	0	0	8	co_linked	co_linked	2-1	2-1	True	26	0.214	0.14	gain	FP	FP
chr8	82930641	82947474	16833	18	0	0	9	co_linked	co_linked	2-1	2-1	True	27	0.214	0.157	gain	FP	FP
chr8	82930641	82948119	17478	17	0	0	8	co_linked	co_linked	2-1	2-1	True	25	0.214	0.154	gain	FP	FP
chr8	82930641	82949340	18699	16	0	0	6	co_linked	co_linked	2-1	2-1	True	22	0.214	0.157	gain	FP	FP
chr8	82930641	82949763	19122	17	0	0	5	co_linked	co_linked	2-1	2-1	True	22	0.214	0.141	gain	FP	FP
chr8	82930641	82949897	19256	17	0	0	5	co_linked	co_linked	2-1	2-1	True	22	0.214	0.151	gain	FP	FP
chr8	82930641	82949994	19353	17	0	0	5	co_linked	co_linked	2-1	2-1	True	22	0.214	0.149	gain	FP	FP
chr8	82930641	82950212	19571	17	0	0	5	co_linked	co_linked	2-1	2-1	True	22	0.214	0.154	gain	FP	FP
chr8	82930641	82950337	19696	17	0	0	5	co_linked	co_linked	2-1	2-1	True	22	0.214	0.151	gain	FP	FP
chr8	82930641	82950729	20088	16	0	0	5	co_linked	co_linked	2-1	2-1	True	21	0.214	0.144	gain	FP	FP
chr8	82930641	82951103	20462	15	0	0	5	co_linked	co_linked	2-1	2-1	True	20	0.214	0.156	gain	FP	FP
chr8	82930641	82951368	20727	15	0	0	5	co_linked	co_linked	2-1	2-1	True	20	0.214	0.17	gain	FP	FP
chr8	82930641	82951558	20917	15	0	0	5	co_linked	co_linked	2-1	2-1	True	20	0.214	0.185	gain	FP	FP
chr8	82930641	82952526	21885	15	0	0	3	co_linked	co_linked	2-1	2-1	True	18	0.214	0.149	gain	FP	FP
chr8	82930641	82953203	22562	15	0	0	3	co_linked	co_linked	2-1	2-1	True	18	0.214	0.11	gain	FP	FP
chr8	82930641	82954454	23813	12	0	0	3	co_linked	co_linked	2-1	2-1	True	15	0.214	0.129	gain	FP	FP
chr8	82930641	82955515	24874	8	0	0	3	co_linked	co_linked	2-1	2-1	True	11	0.214	0.127	gain	FP	FP
chr8	82930641	82955572	24931	8	0	0	3	co_linked	co_linked	2-1	2-1	True	11	0.214	0.175	gain	FP	FP
chr8	82930641	82955750	25109	8	0	0	3	co_linked	co_linked	2-1	2-1	True	11	0.214	0.138	gain	FP	FP
chr8	82930641	82956096	25455	8	0	0	3	co_linked	co_linked	2-1	2-1	True	11	0.214	0.16	gain	FP	FP
chr8	82930641	82956334	25693	8	0	0	3	co_linked	co_linked	2-1	2-1	True	11	0.214	0.15	gain	FP	FP
chr8	82930641	82956596	25955	7	0	0	3	co_linked	co_linked	2-1	2-1	True	10	0.214	0.143	gain	FP	FP
chr8	82930641	82956893	26252	7	0	0	3	co_linked	co_linked	2-1	2-1	True	10	0.214	0.195	gain	FP	FP
chr8	82930641	82957533	26892	6	0	0	3	co_linked	co_linked	2-1	2-1	True	9	0.214	0.141	gain	FP	FP
chr8	82930641	82958389	27748	3	0	0	3	co_linked	co_linked	2-1	2-1	True	6	0.214	0.167	gain	FP	FP
chr8	82930641	82959308	28667	3	0	0	3	co_linked	co_linked	2-1	2-1	True	6	0.214	0.182	gain	FP	FP
chr8	82931320	82932591	1271	66	0	0	16	co_linked	co_linked	2-1	2-1	True	82	0.21	0.198	gain	FP	FP
chr8	82931320	82936026	4706	49	0	0	14	co_linked	co_linked	2-1	2-1	True	63	0.21	0.2	gain	FP	FP
chr8	82931320	82938265	6945	47	0	0	10	co_linked	co_linked	2-1	2-1	True	57	0.21	0.175	gain	FP	FP
chr8	82931320	82938294	6974	46	0	0	10	co_linked	co_linked	2-1	2-1	True	56	0.21	0.179	gain	FP	FP
chr8	82931320	82938947	7627	46	0	0	9	co_linked	co_linked	2-1	2-1	True	55	0.21	0.162	gain	FP	FP
chr8	82931320	82939109	7789	44	0	0	8	co_linked	co_linked	2-1	2-1	True	52	0.21	0.155	gain	FP	FP
chr8	82931320	82939324	8004	45	0	0	9	co_linked	co_linked	2-1	2-1	True	54	0.21	0.149	gain	FP	FP
chr8	82931320	82939617	8297	45	0	0	9	co_linked	co_linked	2-1	2-1	True	54	0.21	0.147	gain	FP	FP
chr8	82931320	82939798	8478	45	0	0	9	co_linked	co_linked	2-1	2-1	True	54	0.21	0.16	gain	FP	FP
chr8	82931320	82941007	9687	37	0	0	8	co_linked	co_linked	2-1	2-1	True	45	0.21	0.158	gain	FP	FP
chr8	82931320	82941546	10226	35	0	0	7	co_linked	co_linked	2-1	2-1	True	42	0.21	0.13	gain	FP	FP
chr8	82931320	82941593	10273	35	0	0	8	co_linked	co_linked	2-1	2-1	True	43	0.21	0.141	gain	FP	FP
chr8	82931320	82942638	11318	31	0	0	8	co_linked	co_linked	2-1	2-1	True	39	0.21	0.167	gain	FP	FP
chr8	82931320	82942850	11530	31	0	0	8	co_linked	co_linked	2-1	2-1	True	39	0.21	0.17	gain	FP	FP
chr8	82931320	82943200	11880	30	0	0	8	co_linked	co_linked	2-1	2-1	True	38	0.21	0.172	gain	FP	FP
chr8	82931320	82943496	12176	26	0	0	8	co_linked	co_linked	2-1	2-1	True	34	0.21	0.17	gain	FP	FP
chr8	82931320	82943846	12526	28	0	0	8	co_linked	co_linked	2-1	2-1	True	36	0.21	0.168	gain	FP	FP
chr8	82931320	82944940	13620	27	0	0	8	co_linked	co_linked	2-1	2-1	True	35	0.21	0.174	gain	FP	FP
chr8	82931320	82945494	14174	25	0	0	8	co_linked	co_linked	2-1	2-1	True	33	0.21	0.172	gain	FP	FP
chr8	82931320	82945697	14377	24	0	0	8	co_linked	co_linked	2-1	2-1	True	32	0.21	0.23	gain	FP	FP
chr8	82931320	82946187	14867	23	0	0	8	co_linked	co_linked	2-1	2-1	True	31	0.21	0.176	gain	FP	FP
chr8	82931320	82946696	15376	22	0	0	8	co_linked	co_linked	2-1	2-1	True	30	0.21	0.165	gain	FP	FP
chr8	82931320	82947281	15961	19	0	0	7	co_linked	co_linked	2-1	2-1	True	26	0.21	0.14	gain	FP	FP
chr8	82931320	82947474	16154	19	0	0	8	co_linked	co_linked	2-1	2-1	True	27	0.21	0.157	gain	FP	FP
chr8	82931320	82948119	16799	17	0	0	7	co_linked	co_linked	2-1	2-1	True	24	0.21	0.154	gain	FP	FP
chr8	82931320	82949340	18020	16	0	0	6	co_linked	co_linked	2-1	2-1	True	22	0.21	0.157	gain	FP	FP
chr8	82931320	82949763	18443	17	0	0	5	co_linked	co_linked	2-1	2-1	True	22	0.21	0.141	gain	FP	FP
chr8	82931320	82949897	18577	17	0	0	5	co_linked	co_linked	2-1	2-1	True	22	0.21	0.151	gain	FP	FP
chr8	82931320	82949994	18674	17	0	0	5	co_linked	co_linked	2-1	2-1	True	22	0.21	0.149	gain	FP	FP
chr8	82931320	82950212	18892	17	0	0	5	co_linked	co_linked	2-1	2-1	True	22	0.21	0.154	gain	FP	FP
chr8	82931320	82950337	19017	17	0	0	5	co_linked	co_linked	2-1	2-1	True	22	0.21	0.151	gain	FP	FP
chr8	82931320	82950729	19409	16	0	0	5	co_linked	co_linked	2-1	2-1	True	21	0.21	0.144	gain	FP	FP
chr8	82931320	82951103	19783	15	0	0	5	co_linked	co_linked	2-1	2-1	True	20	0.21	0.156	gain	FP	FP
chr8	82931320	82951368	20048	15	0	0	5	co_linked	co_linked	2-1	2-1	True	20	0.21	0.17	gain	FP	FP
chr8	82931320	82951558	20238	15	0	0	5	co_linked	co_linked	2-1	2-1	True	20	0.21	0.185	gain	FP	FP
chr8	82931320	82952526	21206	15	0	0	3	co_linked	co_linked	2-1	2-1	True	18	0.21	0.149	gain	FP	FP
chr8	82931320	82953203	21883	15	0	0	3	co_linked	co_linked	2-1	2-1	True	18	0.21	0.11	gain	FP	FP
chr8	82931320	82954454	23134	12	0	0	3	co_linked	co_linked	2-1	2-1	True	15	0.21	0.129	gain	FP	FP
chr8	82931320	82955515	24195	8	0	0	3	co_linked	co_linked	2-1	2-1	True	11	0.21	0.127	gain	FP	FP
chr8	82931320	82955572	24252	8	0	0	3	co_linked	co_linked	2-1	2-1	True	11	0.21	0.175	gain	FP	FP
chr8	82931320	82955750	24430	8	0	0	3	co_linked	co_linked	2-1	2-1	True	11	0.21	0.138	gain	FP	FP
chr8	82931320	82956096	24776	8	0	0	3	co_linked	co_linked	2-1	2-1	True	11	0.21	0.16	gain	FP	FP
chr8	82931320	82956334	25014	8	0	0	3	co_linked	co_linked	2-1	2-1	True	11	0.21	0.15	gain	FP	FP
chr8	82931320	82956596	25276	7	0	0	3	co_linked	co_linked	2-1	2-1	True	10	0.21	0.143	gain	FP	FP
chr8	82931320	82956893	25573	7	0	0	3	co_linked	co_linked	2-1	2-1	True	10	0.21	0.195	gain	FP	FP
chr8	82931320	82957533	26213	6	0	0	3	co_linked	co_linked	2-1	2-1	True	9	0.21	0.141	gain	FP	FP
chr8	82931320	82958389	27069	3	0	0	3	co_linked	co_linked	2-1	2-1	True	6	0.21	0.167	gain	FP	FP
chr8	82931320	82959308	27988	3	0	0	3	co_linked	co_linked	2-1	2-1	True	6	0.21	0.182	gain	FP	FP
chr8	82932203	82938265	6062	49	0	0	13	co_linked	co_linked	2-1	2-1	True	62	0.216	0.175	gain	FP	FP
chr8	82932203	82938294	6091	48	0	0	13	co_linked	co_linked	2-1	2-1	True	61	0.216	0.179	gain	FP	FP
chr8	82932203	82938947	6744	48	0	0	12	co_linked	co_linked	2-1	2-1	True	60	0.216	0.162	gain	FP	FP
chr8	82932203	82939109	6906	46	0	0	11	co_linked	co_linked	2-1	2-1	True	57	0.216	0.155	gain	FP	FP
chr8	82932203	82939324	7121	47	0	0	11	co_linked	co_linked	2-1	2-1	True	58	0.216	0.149	gain	FP	FP
chr8	82932203	82939617	7414	47	0	0	10	co_linked	co_linked	2-1	2-1	True	57	0.216	0.147	gain	FP	FP
chr8	82932203	82939798	7595	47	0	0	11	co_linked	co_linked	2-1	2-1	True	58	0.216	0.16	gain	FP	FP
chr8	82932203	82941007	8804	39	0	0	10	co_linked	co_linked	2-1	2-1	True	49	0.216	0.158	gain	FP	FP
chr8	82932203	82941593	9390	37	0	0	9	co_linked	co_linked	2-1	2-1	True	46	0.216	0.141	gain	FP	FP
chr8	82932203	82942638	10435	33	0	0	10	co_linked	co_linked	2-1	2-1	True	43	0.216	0.167	gain	FP	FP
chr8	82932203	82942850	10647	33	0	0	10	co_linked	co_linked	2-1	2-1	True	43	0.216	0.17	gain	FP	FP
chr8	82932203	82943200	10997	32	0	0	10	co_linked	co_linked	2-1	2-1	True	42	0.216	0.172	gain	FP	FP
chr8	82932203	82943496	11293	28	0	0	10	co_linked	co_linked	2-1	2-1	True	38	0.216	0.17	gain	FP	FP
chr8	82932203	82943846	11643	30	0	0	10	co_linked	co_linked	2-1	2-1	True	40	0.216	0.168	gain	FP	FP
chr8	82932203	82944940	12737	28	0	0	10	co_linked	co_linked	2-1	2-1	True	38	0.216	0.174	gain	FP	FP
chr8	82932203	82945494	13291	26	0	0	10	co_linked	co_linked	2-1	2-1	True	36	0.216	0.172	gain	FP	FP
chr8	82932203	82946187	13984	24	0	0	9	co_linked	co_linked	2-1	2-1	True	33	0.216	0.176	gain	FP	FP
chr8	82932203	82947281	15078	20	0	0	8	co_linked	co_linked	2-1	2-1	True	28	0.216	0.14	gain	FP	FP
chr8	82932203	82947474	15271	20	0	0	9	co_linked	co_linked	2-1	2-1	True	29	0.216	0.157	gain	FP	FP
chr8	82932203	82948119	15916	18	0	0	8	co_linked	co_linked	2-1	2-1	True	26	0.216	0.154	gain	FP	FP
chr8	82932203	82949340	17137	17	0	0	6	co_linked	co_linked	2-1	2-1	True	23	0.216	0.157	gain	FP	FP
chr8	82932203	82949763	17560	18	0	0	5	co_linked	co_linked	2-1	2-1	True	23	0.216	0.141	gain	FP	FP
chr8	82932203	82949897	17694	18	0	0	5	co_linked	co_linked	2-1	2-1	True	23	0.216	0.151	gain	FP	FP
chr8	82932203	82949994	17791	18	0	0	5	co_linked	co_linked	2-1	2-1	True	23	0.216	0.149	gain	FP	FP
chr8	82932203	82950212	18009	18	0	0	5	co_linked	co_linked	2-1	2-1	True	23	0.216	0.154	gain	FP	FP
chr8	82932203	82950337	18134	18	0	0	5	co_linked	co_linked	2-1	2-1	True	23	0.216	0.151	gain	FP	FP
chr8	82932203	82950729	18526	17	0	0	5	co_linked	co_linked	2-1	2-1	True	22	0.216	0.144	gain	FP	FP
chr8	82932203	82951103	18900	16	0	0	5	co_linked	co_linked	2-1	2-1	True	21	0.216	0.156	gain	FP	FP
chr8	82932203	82951368	19165	16	0	0	5	co_linked	co_linked	2-1	2-1	True	21	0.216	0.17	gain	FP	FP
chr8	82932203	82951558	19355	16	0	0	5	co_linked	co_linked	2-1	2-1	True	21	0.216	0.185	gain	FP	FP
chr8	82932203	82952526	20323	15	0	0	3	co_linked	co_linked	2-1	2-1	True	18	0.216	0.149	gain	FP	FP
chr8	82932203	82953203	21000	15	0	0	3	co_linked	co_linked	2-1	2-1	True	18	0.216	0.11	gain	FP	FP
chr8	82932203	82954454	22251	12	0	0	3	co_linked	co_linked	2-1	2-1	True	15	0.216	0.129	gain	FP	FP
chr8	82932203	82955515	23312	8	0	0	3	co_linked	co_linked	2-1	2-1	True	11	0.216	0.127	gain	FP	FP
chr8	82932203	82955572	23369	8	0	0	3	co_linked	co_linked	2-1	2-1	True	11	0.216	0.175	gain	FP	FP
chr8	82932203	82955750	23547	8	0	0	3	co_linked	co_linked	2-1	2-1	True	11	0.216	0.138	gain	FP	FP
chr8	82932203	82956096	23893	8	0	0	3	co_linked	co_linked	2-1	2-1	True	11	0.216	0.16	gain	FP	FP
chr8	82932203	82956334	24131	8	0	0	3	co_linked	co_linked	2-1	2-1	True	11	0.216	0.15	gain	FP	FP
chr8	82932203	82956596	24393	7	0	0	3	co_linked	co_linked	2-1	2-1	True	10	0.216	0.143	gain	FP	FP
chr8	82932203	82956893	24690	7	0	0	3	co_linked	co_linked	2-1	2-1	True	10	0.216	0.195	gain	FP	FP
chr8	82932203	82957533	25330	6	0	0	3	co_linked	co_linked	2-1	2-1	True	9	0.216	0.141	gain	FP	FP
chr8	82932203	82958389	26186	3	0	0	3	co_linked	co_linked	2-1	2-1	True	6	0.216	0.167	gain	FP	FP
chr8	82932203	82959308	27105	3	0	0	3	co_linked	co_linked	2-1	2-1	True	6	0.216	0.182	gain	FP	FP
chr8	82932246	82938947	6701	46	0	0	10	co_linked	co_linked	2-1	2-1	True	56	0.22	0.162	gain	FP	FP
chr8	82932246	82939109	6863	44	0	0	9	co_linked	co_linked	2-1	2-1	True	53	0.22	0.155	gain	FP	FP
chr8	82932246	82939324	7078	45	0	0	9	co_linked	co_linked	2-1	2-1	True	54	0.22	0.149	gain	FP	FP
chr8	82932246	82939617	7371	45	0	0	8	co_linked	co_linked	2-1	2-1	True	53	0.22	0.147	gain	FP	FP
chr8	82932246	82939798	7552	45	0	0	9	co_linked	co_linked	2-1	2-1	True	54	0.22	0.16	gain	FP	FP
chr8	82932246	82941007	8761	38	0	0	9	co_linked	co_linked	2-1	2-1	True	47	0.22	0.158	gain	FP	FP
chr8	82932246	82941593	9347	36	0	0	8	co_linked	co_linked	2-1	2-1	True	44	0.22	0.141	gain	FP	FP
chr8	82932246	82942638	10392	32	0	0	9	co_linked	co_linked	2-1	2-1	True	41	0.22	0.167	gain	FP	FP
chr8	82932246	82942850	10604	32	0	0	9	co_linked	co_linked	2-1	2-1	True	41	0.22	0.17	gain	FP	FP
chr8	82932246	82943200	10954	31	0	0	9	co_linked	co_linked	2-1	2-1	True	40	0.22	0.172	gain	FP	FP
chr8	82932246	82943496	11250	27	0	0	9	co_linked	co_linked	2-1	2-1	True	36	0.22	0.17	gain	FP	FP
chr8	82932246	82943846	11600	29	0	0	9	co_linked	co_linked	2-1	2-1	True	38	0.22	0.168	gain	FP	FP
chr8	82932246	82944940	12694	27	0	0	9	co_linked	co_linked	2-1	2-1	True	36	0.22	0.174	gain	FP	FP
chr8	82932246	82945494	13248	25	0	0	9	co_linked	co_linked	2-1	2-1	True	34	0.22	0.172	gain	FP	FP
chr8	82932246	82946187	13941	23	0	0	8	co_linked	co_linked	2-1	2-1	True	31	0.22	0.176	gain	FP	FP
chr8	82932246	82946242	13996	20	0	0	8	co_linked	co_linked	2-1	2-1	True	28	0.22	0.174	gain	FP	FP
chr8	82932246	82947281	15035	19	0	0	8	co_linked	co_linked	2-1	2-1	True	27	0.22	0.14	gain	FP	FP
chr8	82932246	82947474	15228	19	0	0	8	co_linked	co_linked	2-1	2-1	True	27	0.22	0.157	gain	FP	FP
chr8	82932246	82948119	15873	17	0	0	8	co_linked	co_linked	2-1	2-1	True	25	0.22	0.154	gain	FP	FP
chr8	82932246	82949340	17094	16	0	0	6	co_linked	co_linked	2-1	2-1	True	22	0.22	0.157	gain	FP	FP
chr8	82932246	82949763	17517	17	0	0	5	co_linked	co_linked	2-1	2-1	True	22	0.22	0.141	gain	FP	FP
chr8	82932246	82949897	17651	17	0	0	5	co_linked	co_linked	2-1	2-1	True	22	0.22	0.151	gain	FP	FP
chr8	82932246	82949994	17748	17	0	0	5	co_linked	co_linked	2-1	2-1	True	22	0.22	0.149	gain	FP	FP
chr8	82932246	82950212	17966	17	0	0	5	co_linked	co_linked	2-1	2-1	True	22	0.22	0.154	gain	FP	FP
chr8	82932246	82950337	18091	17	0	0	5	co_linked	co_linked	2-1	2-1	True	22	0.22	0.151	gain	FP	FP
chr8	82932246	82950729	18483	17	0	0	5	co_linked	co_linked	2-1	2-1	True	22	0.22	0.144	gain	FP	FP
chr8	82932246	82951103	18857	16	0	0	5	co_linked	co_linked	2-1	2-1	True	21	0.22	0.156	gain	FP	FP
chr8	82932246	82951368	19122	16	0	0	5	co_linked	co_linked	2-1	2-1	True	21	0.22	0.17	gain	FP	FP
chr8	82932246	82951558	19312	16	0	0	5	co_linked	co_linked	2-1	2-1	True	21	0.22	0.185	gain	FP	FP
chr8	82932246	82952526	20280	15	0	0	3	co_linked	co_linked	2-1	2-1	True	18	0.22	0.149	gain	FP	FP
chr8	82932246	82953203	20957	15	0	0	3	co_linked	co_linked	2-1	2-1	True	18	0.22	0.11	gain	FP	FP
chr8	82932246	82954454	22208	12	0	0	3	co_linked	co_linked	2-1	2-1	True	15	0.22	0.129	gain	FP	FP
chr8	82932246	82955515	23269	8	0	0	3	co_linked	co_linked	2-1	2-1	True	11	0.22	0.127	gain	FP	FP
chr8	82932246	82955572	23326	8	0	0	3	co_linked	co_linked	2-1	2-1	True	11	0.22	0.175	gain	FP	FP
chr8	82932246	82955750	23504	8	0	0	3	co_linked	co_linked	2-1	2-1	True	11	0.22	0.138	gain	FP	FP
chr8	82932246	82956096	23850	8	0	0	3	co_linked	co_linked	2-1	2-1	True	11	0.22	0.16	gain	FP	FP
chr8	82932246	82956334	24088	8	0	0	3	co_linked	co_linked	2-1	2-1	True	11	0.22	0.15	gain	FP	FP
chr8	82932246	82956596	24350	7	0	0	3	co_linked	co_linked	2-1	2-1	True	10	0.22	0.143	gain	FP	FP
chr8	82932246	82956893	24647	7	0	0	3	co_linked	co_linked	2-1	2-1	True	10	0.22	0.195	gain	FP	FP
chr8	82932246	82957533	25287	6	0	0	3	co_linked	co_linked	2-1	2-1	True	9	0.22	0.141	gain	FP	FP
chr8	82932246	82958389	26143	3	0	0	3	co_linked	co_linked	2-1	2-1	True	6	0.22	0.167	gain	FP	FP
chr8	82932246	82959308	27062	3	0	0	3	co_linked	co_linked	2-1	2-1	True	6	0.22	0.182	gain	FP	FP
chr8	82932591	82936026	3435	52	0	0	16	co_linked	co_linked	2-1	2-1	True	68	0.198	0.2	gain	FP	FP
chr8	82932591	82938265	5674	49	0	0	12	co_linked	co_linked	2-1	2-1	True	61	0.198	0.175	gain	FP	FP
chr8	82932591	82938294	5703	48	0	0	12	co_linked	co_linked	2-1	2-1	True	60	0.198	0.179	gain	FP	FP
chr8	82932591	82938947	6356	47	0	0	11	co_linked	co_linked	2-1	2-1	True	58	0.198	0.162	gain	FP	FP
chr8	82932591	82939109	6518	45	0	0	10	co_linked	co_linked	2-1	2-1	True	55	0.198	0.155	gain	FP	FP
chr8	82932591	82939324	6733	46	0	0	10	co_linked	co_linked	2-1	2-1	True	56	0.198	0.149	gain	FP	FP
chr8	82932591	82939617	7026	46	0	0	9	co_linked	co_linked	2-1	2-1	True	55	0.198	0.147	gain	FP	FP
chr8	82932591	82939798	7207	46	0	0	10	co_linked	co_linked	2-1	2-1	True	56	0.198	0.16	gain	FP	FP
chr8	82932591	82941007	8416	39	0	0	10	co_linked	co_linked	2-1	2-1	True	49	0.198	0.158	gain	FP	FP
chr8	82932591	82941593	9002	37	0	0	9	co_linked	co_linked	2-1	2-1	True	46	0.198	0.141	gain	FP	FP
chr8	82932591	82942638	10047	32	0	0	10	co_linked	co_linked	2-1	2-1	True	42	0.198	0.167	gain	FP	FP
chr8	82932591	82942850	10259	32	0	0	10	co_linked	co_linked	2-1	2-1	True	42	0.198	0.17	gain	FP	FP
chr8	82932591	82943200	10609	31	0	0	10	co_linked	co_linked	2-1	2-1	True	41	0.198	0.172	gain	FP	FP
chr8	82932591	82943496	10905	27	0	0	10	co_linked	co_linked	2-1	2-1	True	37	0.198	0.17	gain	FP	FP
chr8	82932591	82943846	11255	29	0	0	10	co_linked	co_linked	2-1	2-1	True	39	0.198	0.168	gain	FP	FP
chr8	82932591	82944940	12349	27	0	0	10	co_linked	co_linked	2-1	2-1	True	37	0.198	0.174	gain	FP	FP
chr8	82932591	82945494	12903	25	0	0	10	co_linked	co_linked	2-1	2-1	True	35	0.198	0.172	gain	FP	FP
chr8	82932591	82946187	13596	23	0	0	9	co_linked	co_linked	2-1	2-1	True	32	0.198	0.176	gain	FP	FP
chr8	82932591	82947281	14690	19	0	0	8	co_linked	co_linked	2-1	2-1	True	27	0.198	0.14	gain	FP	FP
chr8	82932591	82947474	14883	19	0	0	9	co_linked	co_linked	2-1	2-1	True	28	0.198	0.157	gain	FP	FP
chr8	82932591	82948119	15528	17	0	0	8	co_linked	co_linked	2-1	2-1	True	25	0.198	0.154	gain	FP	FP
chr8	82932591	82949340	16749	17	0	0	6	co_linked	co_linked	2-1	2-1	True	23	0.198	0.157	gain	FP	FP
chr8	82932591	82949763	17172	17	0	0	5	co_linked	co_linked	2-1	2-1	True	22	0.198	0.141	gain	FP	FP
chr8	82932591	82949897	17306	17	0	0	5	co_linked	co_linked	2-1	2-1	True	22	0.198	0.151	gain	FP	FP
chr8	82932591	82949994	17403	17	0	0	5	co_linked	co_linked	2-1	2-1	True	22	0.198	0.149	gain	FP	FP
chr8	82932591	82950212	17621	17	0	0	5	co_linked	co_linked	2-1	2-1	True	22	0.198	0.154	gain	FP	FP
chr8	82932591	82950337	17746	17	0	0	5	co_linked	co_linked	2-1	2-1	True	22	0.198	0.151	gain	FP	FP
chr8	82932591	82950729	18138	16	0	0	5	co_linked	co_linked	2-1	2-1	True	21	0.198	0.144	gain	FP	FP
chr8	82932591	82951103	18512	15	0	0	5	co_linked	co_linked	2-1	2-1	True	20	0.198	0.156	gain	FP	FP
chr8	82932591	82951368	18777	15	0	0	5	co_linked	co_linked	2-1	2-1	True	20	0.198	0.17	gain	FP	FP
chr8	82932591	82951558	18967	15	0	0	5	co_linked	co_linked	2-1	2-1	True	20	0.198	0.185	gain	FP	FP
chr8	82932591	82952526	19935	14	0	0	3	co_linked	co_linked	2-1	2-1	True	17	0.198	0.149	gain	FP	FP
chr8	82932591	82953203	20612	14	0	0	3	co_linked	co_linked	2-1	2-1	True	17	0.198	0.11	gain	FP	FP
chr8	82932591	82954454	21863	11	0	0	3	co_linked	co_linked	2-1	2-1	True	14	0.198	0.129	gain	FP	FP
chr8	82932591	82955515	22924	8	0	0	3	co_linked	co_linked	2-1	2-1	True	11	0.198	0.127	gain	FP	FP
chr8	82932591	82955572	22981	8	0	0	3	co_linked	co_linked	2-1	2-1	True	11	0.198	0.175	gain	FP	FP
chr8	82932591	82955750	23159	8	0	0	3	co_linked	co_linked	2-1	2-1	True	11	0.198	0.138	gain	FP	FP
chr8	82932591	82956096	23505	8	0	0	3	co_linked	co_linked	2-1	2-1	True	11	0.198	0.16	gain	FP	FP
chr8	82932591	82956334	23743	8	0	0	3	co_linked	co_linked	2-1	2-1	True	11	0.198	0.15	gain	FP	FP
chr8	82932591	82956596	24005	7	0	0	3	co_linked	co_linked	2-1	2-1	True	10	0.198	0.143	gain	FP	FP
chr8	82932591	82956893	24302	7	0	0	3	co_linked	co_linked	2-1	2-1	True	10	0.198	0.195	gain	FP	FP
chr8	82932591	82957533	24942	6	0	0	3	co_linked	co_linked	2-1	2-1	True	9	0.198	0.141	gain	FP	FP
chr8	82932591	82958389	25798	3	0	0	3	co_linked	co_linked	2-1	2-1	True	6	0.198	0.167	gain	FP	FP
chr8	82932591	82959308	26717	3	0	0	3	co_linked	co_linked	2-1	2-1	True	6	0.198	0.182	gain	FP	FP
chr8	82935283	82947281	11998	28	0	0	8	co_linked	co_linked	2-1	2-1	True	36	0.21	0.14	gain	FP	FP
chr8	82935283	82947474	12191	28	0	0	9	co_linked	co_linked	2-1	2-1	True	37	0.21	0.157	gain	FP	FP
chr8	82935283	82948119	12836	26	0	0	8	co_linked	co_linked	2-1	2-1	True	34	0.21	0.154	gain	FP	FP
chr8	82935283	82949763	14480	25	0	0	5	co_linked	co_linked	2-1	2-1	True	30	0.21	0.141	gain	FP	FP
chr8	82935283	82949897	14614	25	0	0	5	co_linked	co_linked	2-1	2-1	True	30	0.21	0.151	gain	FP	FP
chr8	82935283	82949994	14711	25	0	0	5	co_linked	co_linked	2-1	2-1	True	30	0.21	0.149	gain	FP	FP
chr8	82935283	82950212	14929	25	0	0	5	co_linked	co_linked	2-1	2-1	True	30	0.21	0.154	gain	FP	FP
chr8	82935283	82950337	15054	25	0	0	5	co_linked	co_linked	2-1	2-1	True	30	0.21	0.151	gain	FP	FP
chr8	82935283	82950729	15446	24	0	0	5	co_linked	co_linked	2-1	2-1	True	29	0.21	0.144	gain	FP	FP
chr8	82935283	82951103	15820	23	0	0	5	co_linked	co_linked	2-1	2-1	True	28	0.21	0.156	gain	FP	FP
chr8	82935283	82951368	16085	22	0	0	5	co_linked	co_linked	2-1	2-1	True	27	0.21	0.17	gain	FP	FP
chr8	82935283	82951558	16275	22	0	0	5	co_linked	co_linked	2-1	2-1	True	27	0.21	0.185	gain	FP	FP
chr8	82935283	82952526	17243	21	0	0	3	co_linked	co_linked	2-1	2-1	True	24	0.21	0.149	gain	FP	FP
chr8	82935283	82953203	17920	21	0	0	3	co_linked	co_linked	2-1	2-1	True	24	0.21	0.11	gain	FP	FP
chr8	82935283	82954454	19171	18	0	0	3	co_linked	co_linked	2-1	2-1	True	21	0.21	0.129	gain	FP	FP
chr8	82935283	82955515	20232	13	0	0	3	co_linked	co_linked	2-1	2-1	True	16	0.21	0.127	gain	FP	FP
chr8	82935283	82955572	20289	13	0	0	3	co_linked	co_linked	2-1	2-1	True	16	0.21	0.175	gain	FP	FP
chr8	82935283	82955750	20467	13	0	0	3	co_linked	co_linked	2-1	2-1	True	16	0.21	0.138	gain	FP	FP
chr8	82935283	82956096	20813	13	0	0	3	co_linked	co_linked	2-1	2-1	True	16	0.21	0.16	gain	FP	FP
chr8	82935283	82956334	21051	13	0	0	3	co_linked	co_linked	2-1	2-1	True	16	0.21	0.15	gain	FP	FP
chr8	82935283	82956596	21313	11	0	0	3	co_linked	co_linked	2-1	2-1	True	14	0.21	0.143	gain	FP	FP
chr8	82935283	82956893	21610	10	0	0	3	co_linked	co_linked	2-1	2-1	True	13	0.21	0.195	gain	FP	FP
chr8	82935283	82957533	22250	9	0	0	3	co_linked	co_linked	2-1	2-1	True	12	0.21	0.141	gain	FP	FP
chr8	82935283	82958389	23106	6	0	0	3	co_linked	co_linked	2-1	2-1	True	9	0.21	0.167	gain	FP	FP
chr8	82935283	82958944	23661	5	0	0	3	co_linked	co_linked	2-1	2-1	True	8	0.21	0.173	gain	FP	FP
chr8	82935283	82959308	24025	5	0	0	3	co_linked	co_linked	2-1	2-1	True	8	0.21	0.182	gain	FP	FP
chr8	82935283	82960913	25630	6	0	0	1	sparse	co_linked	2-1	2-1	True	7	0.21	0.128	gain	FP	FP
chr8	82935283	82960917	25634	5	0	0	1	sparse	co_linked	2-1	2-1	True	6	0.21	0.163	gain	FP	FP
chr8	82935283	82961082	25799	6	0	0	1	sparse	co_linked	2-1	2-1	True	7	0.21	0.13	gain	FP	FP
chr8	82935283	82961182	25899	6	0	0	1	sparse	co_linked	2-1	2-1	True	7	0.21	0.15	gain	FP	FP
chr8	82936026	82938294	2268	69	0	0	15	co_linked	co_linked	2-1	2-1	True	84	0.2	0.179	gain	FP	FP
chr8	82936026	82938947	2921	68	0	0	14	co_linked	co_linked	2-1	2-1	True	82	0.2	0.162	gain	FP	FP
chr8	82936026	82939109	3083	66	0	0	13	co_linked	co_linked	2-1	2-1	True	79	0.2	0.155	gain	FP	FP
chr8	82936026	82939324	3298	67	0	0	12	co_linked	co_linked	2-1	2-1	True	79	0.2	0.149	gain	FP	FP
chr8	82936026	82939617	3591	67	0	0	12	co_linked	co_linked	2-1	2-1	True	79	0.2	0.147	gain	FP	FP
chr8	82936026	82939798	3772	67	0	0	13	co_linked	co_linked	2-1	2-1	True	80	0.2	0.16	gain	FP	FP
chr8	82936026	82941007	4981	55	0	0	11	co_linked	co_linked	2-1	2-1	True	66	0.2	0.158	gain	FP	FP
chr8	82936026	82941593	5567	53	0	0	10	co_linked	co_linked	2-1	2-1	True	63	0.2	0.141	gain	FP	FP
chr8	82936026	82942638	6612	48	0	0	11	co_linked	co_linked	2-1	2-1	True	59	0.2	0.167	gain	FP	FP
chr8	82936026	82942850	6824	47	0	0	11	co_linked	co_linked	2-1	2-1	True	58	0.2	0.17	gain	FP	FP
chr8	82936026	82943200	7174	46	0	0	11	co_linked	co_linked	2-1	2-1	True	57	0.2	0.172	gain	FP	FP
chr8	82936026	82943496	7470	41	0	0	11	co_linked	co_linked	2-1	2-1	True	52	0.2	0.17	gain	FP	FP
chr8	82936026	82943846	7820	44	0	0	11	co_linked	co_linked	2-1	2-1	True	55	0.2	0.168	gain	FP	FP
chr8	82936026	82944940	8914	41	0	0	11	co_linked	co_linked	2-1	2-1	True	52	0.2	0.174	gain	FP	FP
chr8	82936026	82945494	9468	39	0	0	11	co_linked	co_linked	2-1	2-1	True	50	0.2	0.172	gain	FP	FP
chr8	82936026	82946187	10161	36	0	0	10	co_linked	co_linked	2-1	2-1	True	46	0.2	0.176	gain	FP	FP
chr8	82936026	82947281	11255	32	0	0	9	co_linked	co_linked	2-1	2-1	True	41	0.2	0.14	gain	FP	FP
chr8	82936026	82947474	11448	32	0	0	10	co_linked	co_linked	2-1	2-1	True	42	0.2	0.157	gain	FP	FP
chr8	82936026	82948119	12093	30	0	0	9	co_linked	co_linked	2-1	2-1	True	39	0.2	0.154	gain	FP	FP
chr8	82936026	82949763	13737	27	0	0	6	co_linked	co_linked	2-1	2-1	True	33	0.2	0.141	gain	FP	FP
chr8	82936026	82949897	13871	27	0	0	6	co_linked	co_linked	2-1	2-1	True	33	0.2	0.151	gain	FP	FP
chr8	82936026	82949994	13968	27	0	0	6	co_linked	co_linked	2-1	2-1	True	33	0.2	0.149	gain	FP	FP
chr8	82936026	82950212	14186	27	0	0	6	co_linked	co_linked	2-1	2-1	True	33	0.2	0.154	gain	FP	FP
chr8	82936026	82950337	14311	27	0	0	6	co_linked	co_linked	2-1	2-1	True	33	0.2	0.151	gain	FP	FP
chr8	82936026	82950729	14703	26	0	0	6	co_linked	co_linked	2-1	2-1	True	32	0.2	0.144	gain	FP	FP
chr8	82936026	82951103	15077	25	0	0	6	co_linked	co_linked	2-1	2-1	True	31	0.2	0.156	gain	FP	FP
chr8	82936026	82951368	15342	24	0	0	6	co_linked	co_linked	2-1	2-1	True	30	0.2	0.17	gain	FP	FP
chr8	82936026	82951558	15532	24	0	0	6	co_linked	co_linked	2-1	2-1	True	30	0.2	0.185	gain	FP	FP
chr8	82936026	82952526	16500	23	0	0	4	co_linked	co_linked	2-1	2-1	True	27	0.2	0.149	gain	FP	FP
chr8	82936026	82953203	17177	22	0	0	4	co_linked	co_linked	2-1	2-1	True	26	0.2	0.11	gain	FP	FP
chr8	82936026	82954454	18428	19	0	0	4	co_linked	co_linked	2-1	2-1	True	23	0.2	0.129	gain	FP	FP
chr8	82936026	82955515	19489	14	0	0	4	co_linked	co_linked	2-1	2-1	True	18	0.2	0.127	gain	FP	FP
chr8	82936026	82955572	19546	14	0	0	4	co_linked	co_linked	2-1	2-1	True	18	0.2	0.175	gain	FP	FP
chr8	82936026	82955750	19724	14	0	0	4	co_linked	co_linked	2-1	2-1	True	18	0.2	0.138	gain	FP	FP
chr8	82936026	82956096	20070	14	0	0	4	co_linked	co_linked	2-1	2-1	True	18	0.2	0.16	gain	FP	FP
chr8	82936026	82956334	20308	14	0	0	4	co_linked	co_linked	2-1	2-1	True	18	0.2	0.15	gain	FP	FP
chr8	82936026	82956596	20570	12	0	0	4	co_linked	co_linked	2-1	2-1	True	16	0.2	0.143	gain	FP	FP
chr8	82936026	82956893	20867	11	0	0	4	co_linked	co_linked	2-1	2-1	True	15	0.2	0.195	gain	FP	FP
chr8	82936026	82957533	21507	10	0	0	4	co_linked	co_linked	2-1	2-1	True	14	0.2	0.141	gain	FP	FP
chr8	82936026	82958389	22363	7	0	0	4	co_linked	co_linked	2-1	2-1	True	11	0.2	0.167	gain	FP	FP
chr8	82936026	82958944	22918	5	0	0	4	co_linked	co_linked	2-1	2-1	True	9	0.2	0.173	gain	FP	FP
chr8	82936026	82959308	23282	5	0	0	3	co_linked	co_linked	2-1	2-1	True	8	0.2	0.182	gain	FP	FP
chr8	82936026	82960913	24887	6	0	0	2	co_linked	co_linked	2-1	2-1	True	8	0.2	0.128	gain	FP	FP
chr8	82936026	82960917	24891	5	0	0	2	co_linked	co_linked	2-1	2-1	True	7	0.2	0.163	gain	FP	FP
chr8	82936026	82961082	25056	6	0	0	2	co_linked	co_linked	2-1	2-1	True	8	0.2	0.13	gain	FP	FP
chr8	82936026	82961182	25156	6	0	0	2	co_linked	co_linked	2-1	2-1	True	8	0.2	0.15	gain	FP	FP
chr8	82936026	82961909	25883	5	0	0	1	sparse	co_linked	2-1	2-1	True	6	0.2	0.211	gain	FP	FP
chr8	82936026	82962200	26174	5	0	0	1	sparse	co_linked	2-1	2-1	True	6	0.2	0.154	gain	FP	FP
chr8	82937221	82958944	21723	5	0	0	3	co_linked	co_linked	2-1	2-1	True	8	0.202	0.173	gain	FP	FP
chr8	82938265	82949763	11498	30	0	0	5	co_linked	co_linked	2-1	2-1	True	35	0.175	0.141	gain	FP	FP
chr8	82938265	82949897	11632	30	0	0	5	co_linked	co_linked	2-1	2-1	True	35	0.175	0.151	gain	FP	FP
chr8	82938265	82949994	11729	30	0	0	5	co_linked	co_linked	2-1	2-1	True	35	0.175	0.149	gain	FP	FP
chr8	82938265	82950212	11947	29	0	0	5	co_linked	co_linked	2-1	2-1	True	34	0.175	0.154	gain	FP	FP
chr8	82938265	82950337	12072	29	0	0	5	co_linked	co_linked	2-1	2-1	True	34	0.175	0.151	gain	FP	FP
chr8	82938265	82950729	12464	28	0	0	5	co_linked	co_linked	2-1	2-1	True	33	0.175	0.144	gain	FP	FP
chr8	82938265	82951103	12838	27	0	0	5	co_linked	co_linked	2-1	2-1	True	32	0.175	0.156	gain	FP	FP
chr8	82938265	82951368	13103	26	0	0	5	co_linked	co_linked	2-1	2-1	True	31	0.175	0.17	gain	FP	FP
chr8	82938265	82951558	13293	26	0	0	5	co_linked	co_linked	2-1	2-1	True	31	0.175	0.185	gain	FP	FP
chr8	82938265	82953203	14938	24	0	0	3	co_linked	co_linked	2-1	2-1	True	27	0.175	0.11	gain	FP	FP
chr8	82938265	82954454	16189	21	0	0	3	co_linked	co_linked	2-1	2-1	True	24	0.175	0.129	gain	FP	FP
chr8	82938265	82955515	17250	16	0	0	3	co_linked	co_linked	2-1	2-1	True	19	0.175	0.127	gain	FP	FP
chr8	82938265	82955572	17307	16	0	0	3	co_linked	co_linked	2-1	2-1	True	19	0.175	0.175	gain	FP	FP
chr8	82938265	82955750	17485	16	0	0	3	co_linked	co_linked	2-1	2-1	True	19	0.175	0.138	gain	FP	FP
chr8	82938265	82956096	17831	16	0	0	3	co_linked	co_linked	2-1	2-1	True	19	0.175	0.16	gain	FP	FP
chr8	82938265	82956334	18069	16	0	0	3	co_linked	co_linked	2-1	2-1	True	19	0.175	0.15	gain	FP	FP
chr8	82938265	82956596	18331	14	0	0	3	co_linked	co_linked	2-1	2-1	True	17	0.175	0.143	gain	FP	FP
chr8	82938265	82956893	18628	13	0	0	3	co_linked	co_linked	2-1	2-1	True	16	0.175	0.195	gain	FP	FP
chr8	82938265	82957533	19268	12	0	0	3	co_linked	co_linked	2-1	2-1	True	15	0.175	0.141	gain	FP	FP
chr8	82938265	82958389	20124	9	0	0	3	co_linked	co_linked	2-1	2-1	True	12	0.175	0.167	gain	FP	FP
chr8	82938265	82958944	20679	7	0	0	3	co_linked	co_linked	2-1	2-1	True	10	0.175	0.173	gain	FP	FP
chr8	82938265	82959308	21043	6	0	0	3	co_linked	co_linked	2-1	2-1	True	9	0.175	0.182	gain	FP	FP
chr8	82938265	82960913	22648	7	0	0	1	sparse	co_linked	2-1	2-1	True	8	0.175	0.128	gain	FP	FP
chr8	82938265	82960917	22652	6	0	0	1	sparse	co_linked	2-1	2-1	True	7	0.175	0.163	gain	FP	FP
chr8	82938265	82961082	22817	7	0	0	1	sparse	co_linked	2-1	2-1	True	8	0.175	0.13	gain	FP	FP
chr8	82938265	82961182	22917	7	0	0	1	sparse	co_linked	2-1	2-1	True	8	0.175	0.15	gain	FP	FP
chr8	82938294	82938947	653	73	0	0	16	co_linked	co_linked	2-1	2-1	True	89	0.179	0.162	gain	FP	FP
chr8	82938294	82939109	815	71	0	0	15	co_linked	co_linked	2-1	2-1	True	86	0.179	0.155	gain	FP	FP
chr8	82938294	82939324	1030	72	0	0	14	co_linked	co_linked	2-1	2-1	True	86	0.179	0.149	gain	FP	FP
chr8	82938294	82939617	1323	72	0	0	14	co_linked	co_linked	2-1	2-1	True	86	0.179	0.147	gain	FP	FP
chr8	82938294	82939798	1504	72	0	0	15	co_linked	co_linked	2-1	2-1	True	87	0.179	0.16	gain	FP	FP
chr8	82938294	82941007	2713	61	0	0	13	co_linked	co_linked	2-1	2-1	True	74	0.179	0.158	gain	FP	FP
chr8	82938294	82941593	3299	59	0	0	12	co_linked	co_linked	2-1	2-1	True	71	0.179	0.141	gain	FP	FP
chr8	82938294	82942638	4344	53	0	0	13	co_linked	co_linked	2-1	2-1	True	66	0.179	0.167	gain	FP	FP
chr8	82938294	82942850	4556	52	0	0	13	co_linked	co_linked	2-1	2-1	True	65	0.179	0.17	gain	FP	FP
chr8	82938294	82943200	4906	50	0	0	12	co_linked	co_linked	2-1	2-1	True	62	0.179	0.172	gain	FP	FP
chr8	82938294	82943496	5202	45	0	0	12	co_linked	co_linked	2-1	2-1	True	57	0.179	0.17	gain	FP	FP
chr8	82938294	82943846	5552	48	0	0	12	co_linked	co_linked	2-1	2-1	True	60	0.179	0.168	gain	FP	FP
chr8	82938294	82944940	6646	44	0	0	12	co_linked	co_linked	2-1	2-1	True	56	0.179	0.174	gain	FP	FP
chr8	82938294	82945494	7200	41	0	0	12	co_linked	co_linked	2-1	2-1	True	53	0.179	0.172	gain	FP	FP
chr8	82938294	82946187	7893	38	0	0	11	co_linked	co_linked	2-1	2-1	True	49	0.179	0.176	gain	FP	FP
chr8	82938294	82947281	8987	33	0	0	9	co_linked	co_linked	2-1	2-1	True	42	0.179	0.14	gain	FP	FP
chr8	82938294	82947474	9180	33	0	0	10	co_linked	co_linked	2-1	2-1	True	43	0.179	0.157	gain	FP	FP
chr8	82938294	82948119	9825	32	0	0	9	co_linked	co_linked	2-1	2-1	True	41	0.179	0.154	gain	FP	FP
chr8	82938294	82949763	11469	29	0	0	6	co_linked	co_linked	2-1	2-1	True	35	0.179	0.141	gain	FP	FP
chr8	82938294	82949897	11603	29	0	0	6	co_linked	co_linked	2-1	2-1	True	35	0.179	0.151	gain	FP	FP
chr8	82938294	82949994	11700	29	0	0	6	co_linked	co_linked	2-1	2-1	True	35	0.179	0.149	gain	FP	FP
chr8	82938294	82950212	11918	28	0	0	6	co_linked	co_linked	2-1	2-1	True	34	0.179	0.154	gain	FP	FP
chr8	82938294	82950337	12043	28	0	0	6	co_linked	co_linked	2-1	2-1	True	34	0.179	0.151	gain	FP	FP
chr8	82938294	82950729	12435	27	0	0	6	co_linked	co_linked	2-1	2-1	True	33	0.179	0.144	gain	FP	FP
chr8	82938294	82951103	12809	26	0	0	6	co_linked	co_linked	2-1	2-1	True	32	0.179	0.156	gain	FP	FP
chr8	82938294	82951368	13074	25	0	0	6	co_linked	co_linked	2-1	2-1	True	31	0.179	0.17	gain	FP	FP
chr8	82938294	82951558	13264	25	0	0	6	co_linked	co_linked	2-1	2-1	True	31	0.179	0.185	gain	FP	FP
chr8	82938294	82953203	14909	23	0	0	4	co_linked	co_linked	2-1	2-1	True	27	0.179	0.11	gain	FP	FP
chr8	82938294	82954454	16160	20	0	0	4	co_linked	co_linked	2-1	2-1	True	24	0.179	0.129	gain	FP	FP
chr8	82938294	82955515	17221	16	0	0	4	co_linked	co_linked	2-1	2-1	True	20	0.179	0.127	gain	FP	FP
chr8	82938294	82955572	17278	16	0	0	4	co_linked	co_linked	2-1	2-1	True	20	0.179	0.175	gain	FP	FP
chr8	82938294	82955750	17456	16	0	0	4	co_linked	co_linked	2-1	2-1	True	20	0.179	0.138	gain	FP	FP
chr8	82938294	82956096	17802	16	0	0	4	co_linked	co_linked	2-1	2-1	True	20	0.179	0.16	gain	FP	FP
chr8	82938294	82956334	18040	16	0	0	4	co_linked	co_linked	2-1	2-1	True	20	0.179	0.15	gain	FP	FP
chr8	82938294	82956596	18302	14	0	0	4	co_linked	co_linked	2-1	2-1	True	18	0.179	0.143	gain	FP	FP
chr8	82938294	82956893	18599	13	0	0	4	co_linked	co_linked	2-1	2-1	True	17	0.179	0.195	gain	FP	FP
chr8	82938294	82957533	19239	12	0	0	4	co_linked	co_linked	2-1	2-1	True	16	0.179	0.141	gain	FP	FP
chr8	82938294	82958389	20095	9	0	0	4	co_linked	co_linked	2-1	2-1	True	13	0.179	0.167	gain	FP	FP
chr8	82938294	82958944	20650	7	0	0	4	co_linked	co_linked	2-1	2-1	True	11	0.179	0.173	gain	FP	FP
chr8	82938294	82959308	21014	6	0	0	3	co_linked	co_linked	2-1	2-1	True	9	0.179	0.182	gain	FP	FP
chr8	82938294	82960913	22619	7	0	0	2	co_linked	co_linked	2-1	2-1	True	9	0.179	0.128	gain	FP	FP
chr8	82938294	82960917	22623	6	0	0	2	co_linked	co_linked	2-1	2-1	True	8	0.179	0.163	gain	FP	FP
chr8	82938294	82961082	22788	7	0	0	2	co_linked	co_linked	2-1	2-1	True	9	0.179	0.13	gain	FP	FP
chr8	82938294	82961182	22888	7	0	0	2	co_linked	co_linked	2-1	2-1	True	9	0.179	0.15	gain	FP	FP
chr8	82938294	82961909	23615	5	0	0	1	sparse	co_linked	2-1	2-1	True	6	0.179	0.211	gain	FP	FP
chr8	82938294	82962200	23906	6	0	0	1	sparse	co_linked	2-1	2-1	True	7	0.179	0.154	gain	FP	FP
chr8	82938294	82963397	25103	5	0	0	1	sparse	co_linked	2-1	2-1	True	6	0.179	0.184	gain	FP	FP
chr8	82938294	82963589	25295	5	0	0	1	sparse	co_linked	2-1	2-1	True	6	0.179	0.185	gain	FP	FP
chr8	82938294	82963666	25372	5	0	0	1	sparse	co_linked	2-1	2-1	True	6	0.179	0.175	gain	FP	FP
chr8	82938294	82963744	25450	5	0	0	1	sparse	co_linked	2-1	2-1	True	6	0.179	0.175	gain	FP	FP
chr8	82938294	82964441	26147	5	0	0	1	sparse	co_linked	2-1	2-1	True	6	0.179	0.181	gain	FP	FP
chr8	82938294	82964513	26219	5	0	0	1	sparse	co_linked	2-1	2-1	True	6	0.179	0.169	gain	FP	FP
chr8	82938294	82964582	26288	5	0	0	1	sparse	co_linked	2-1	2-1	True	6	0.179	0.169	gain	FP	FP
chr8	82938947	82939109	162	84	0	0	16	co_linked	co_linked	2-1	2-1	True	100	0.162	0.155	gain	FP	FP
chr8	82938947	82939324	377	83	0	0	15	co_linked	co_linked	2-1	2-1	True	98	0.162	0.149	gain	FP	FP
chr8	82938947	82939617	670	82	0	0	15	co_linked	co_linked	2-1	2-1	True	97	0.162	0.147	gain	FP	FP
chr8	82938947	82939798	851	82	0	0	16	co_linked	co_linked	2-1	2-1	True	98	0.162	0.16	gain	FP	FP
chr8	82938947	82941007	2060	65	0	0	13	co_linked	co_linked	2-1	2-1	True	78	0.162	0.158	gain	FP	FP
chr8	82938947	82941593	2646	63	0	0	12	co_linked	co_linked	2-1	2-1	True	75	0.162	0.141	gain	FP	FP
chr8	82938947	82942638	3691	57	0	0	13	co_linked	co_linked	2-1	2-1	True	70	0.162	0.167	gain	FP	FP
chr8	82938947	82942850	3903	56	0	0	13	co_linked	co_linked	2-1	2-1	True	69	0.162	0.17	gain	FP	FP
chr8	82938947	82943200	4253	54	0	0	12	co_linked	co_linked	2-1	2-1	True	66	0.162	0.172	gain	FP	FP
chr8	82938947	82943496	4549	49	0	0	12	co_linked	co_linked	2-1	2-1	True	61	0.162	0.17	gain	FP	FP
chr8	82938947	82943846	4899	52	0	0	12	co_linked	co_linked	2-1	2-1	True	64	0.162	0.168	gain	FP	FP
chr8	82938947	82944940	5993	47	0	0	12	co_linked	co_linked	2-1	2-1	True	59	0.162	0.174	gain	FP	FP
chr8	82938947	82945494	6547	44	0	0	12	co_linked	co_linked	2-1	2-1	True	56	0.162	0.172	gain	FP	FP
chr8	82938947	82946187	7240	42	0	0	11	co_linked	co_linked	2-1	2-1	True	53	0.162	0.176	gain	FP	FP
chr8	82938947	82947281	8334	37	0	0	9	co_linked	co_linked	2-1	2-1	True	46	0.162	0.14	gain	FP	FP
chr8	82938947	82947474	8527	37	0	0	10	co_linked	co_linked	2-1	2-1	True	47	0.162	0.157	gain	FP	FP
chr8	82938947	82948119	9172	35	0	0	9	co_linked	co_linked	2-1	2-1	True	44	0.162	0.154	gain	FP	FP
chr8	82938947	82949763	10816	32	0	0	6	co_linked	co_linked	2-1	2-1	True	38	0.162	0.141	gain	FP	FP
chr8	82938947	82949897	10950	32	0	0	6	co_linked	co_linked	2-1	2-1	True	38	0.162	0.151	gain	FP	FP
chr8	82938947	82949994	11047	32	0	0	6	co_linked	co_linked	2-1	2-1	True	38	0.162	0.149	gain	FP	FP
chr8	82938947	82950212	11265	31	0	0	6	co_linked	co_linked	2-1	2-1	True	37	0.162	0.154	gain	FP	FP
chr8	82938947	82950337	11390	31	0	0	6	co_linked	co_linked	2-1	2-1	True	37	0.162	0.151	gain	FP	FP
chr8	82938947	82950729	11782	30	0	0	6	co_linked	co_linked	2-1	2-1	True	36	0.162	0.144	gain	FP	FP
chr8	82938947	82951103	12156	29	0	0	6	co_linked	co_linked	2-1	2-1	True	35	0.162	0.156	gain	FP	FP
chr8	82938947	82951368	12421	28	0	0	6	co_linked	co_linked	2-1	2-1	True	34	0.162	0.17	gain	FP	FP
chr8	82938947	82951558	12611	28	0	0	6	co_linked	co_linked	2-1	2-1	True	34	0.162	0.185	gain	FP	FP
chr8	82938947	82953203	14256	26	0	0	4	co_linked	co_linked	2-1	2-1	True	30	0.162	0.11	gain	FP	FP
chr8	82938947	82954454	15507	23	0	0	4	co_linked	co_linked	2-1	2-1	True	27	0.162	0.129	gain	FP	FP
chr8	82938947	82955515	16568	18	0	0	4	co_linked	co_linked	2-1	2-1	True	22	0.162	0.127	gain	FP	FP
chr8	82938947	82955572	16625	18	0	0	4	co_linked	co_linked	2-1	2-1	True	22	0.162	0.175	gain	FP	FP
chr8	82938947	82955750	16803	18	0	0	4	co_linked	co_linked	2-1	2-1	True	22	0.162	0.138	gain	FP	FP
chr8	82938947	82956096	17149	18	0	0	4	co_linked	co_linked	2-1	2-1	True	22	0.162	0.16	gain	FP	FP
chr8	82938947	82956334	17387	17	0	0	4	co_linked	co_linked	2-1	2-1	True	21	0.162	0.15	gain	FP	FP
chr8	82938947	82956596	17649	15	0	0	4	co_linked	co_linked	2-1	2-1	True	19	0.162	0.143	gain	FP	FP
chr8	82938947	82956893	17946	14	0	0	4	co_linked	co_linked	2-1	2-1	True	18	0.162	0.195	gain	FP	FP
chr8	82938947	82957533	18586	13	0	0	4	co_linked	co_linked	2-1	2-1	True	17	0.162	0.141	gain	FP	FP
chr8	82938947	82958389	19442	10	0	0	4	co_linked	co_linked	2-1	2-1	True	14	0.162	0.167	gain	FP	FP
chr8	82938947	82958944	19997	8	0	0	4	co_linked	co_linked	2-1	2-1	True	12	0.162	0.173	gain	FP	FP
chr8	82938947	82959308	20361	7	0	0	3	co_linked	co_linked	2-1	2-1	True	10	0.162	0.182	gain	FP	FP
chr8	82938947	82960913	21966	8	0	0	2	co_linked	co_linked	2-1	2-1	True	10	0.162	0.128	gain	FP	FP
chr8	82938947	82960917	21970	7	0	0	2	co_linked	co_linked	2-1	2-1	True	9	0.162	0.163	gain	FP	FP
chr8	82938947	82961082	22135	8	0	0	2	co_linked	co_linked	2-1	2-1	True	10	0.162	0.13	gain	FP	FP
chr8	82938947	82961182	22235	8	0	0	2	co_linked	co_linked	2-1	2-1	True	10	0.162	0.15	gain	FP	FP
chr8	82938947	82961909	22962	6	0	0	1	sparse	co_linked	2-1	2-1	True	7	0.162	0.211	gain	FP	FP
chr8	82938947	82962200	23253	7	0	0	1	sparse	co_linked	2-1	2-1	True	8	0.162	0.154	gain	FP	FP
chr8	82938947	82963397	24450	6	0	0	1	sparse	co_linked	2-1	2-1	True	7	0.162	0.184	gain	FP	FP
chr8	82938947	82963589	24642	6	0	0	1	sparse	co_linked	2-1	2-1	True	7	0.162	0.185	gain	FP	FP
chr8	82938947	82963666	24719	6	0	0	1	sparse	co_linked	2-1	2-1	True	7	0.162	0.175	gain	FP	FP
chr8	82938947	82963744	24797	6	0	0	1	sparse	co_linked	2-1	2-1	True	7	0.162	0.175	gain	FP	FP
chr8	82938947	82964441	25494	6	0	0	1	sparse	co_linked	2-1	2-1	True	7	0.162	0.181	gain	FP	FP
chr8	82938947	82964513	25566	6	0	0	1	sparse	co_linked	2-1	2-1	True	7	0.162	0.169	gain	FP	FP
chr8	82938947	82964582	25635	6	0	0	1	sparse	co_linked	2-1	2-1	True	7	0.162	0.169	gain	FP	FP
chr8	82939109	82939324	215	84	0	0	14	co_linked	co_linked	2-1	2-1	True	98	0.155	0.149	gain	FP	FP
chr8	82939109	82939617	508	83	0	0	14	co_linked	co_linked	2-1	2-1	True	97	0.155	0.147	gain	FP	FP
chr8	82939109	82939798	689	82	0	0	15	co_linked	co_linked	2-1	2-1	True	97	0.155	0.16	gain	FP	FP
chr8	82939109	82941007	1898	65	0	0	12	co_linked	co_linked	2-1	2-1	True	77	0.155	0.158	gain	FP	FP
chr8	82939109	82941593	2484	63	0	0	11	co_linked	co_linked	2-1	2-1	True	74	0.155	0.141	gain	FP	FP
chr8	82939109	82942638	3529	57	0	0	12	co_linked	co_linked	2-1	2-1	True	69	0.155	0.167	gain	FP	FP
chr8	82939109	82942850	3741	56	0	0	12	co_linked	co_linked	2-1	2-1	True	68	0.155	0.17	gain	FP	FP
chr8	82939109	82943200	4091	54	0	0	11	co_linked	co_linked	2-1	2-1	True	65	0.155	0.172	gain	FP	FP
chr8	82939109	82943496	4387	49	0	0	11	co_linked	co_linked	2-1	2-1	True	60	0.155	0.17	gain	FP	FP
chr8	82939109	82943846	4737	52	0	0	11	co_linked	co_linked	2-1	2-1	True	63	0.155	0.168	gain	FP	FP
chr8	82939109	82944940	5831	47	0	0	11	co_linked	co_linked	2-1	2-1	True	58	0.155	0.174	gain	FP	FP
chr8	82939109	82945494	6385	44	0	0	11	co_linked	co_linked	2-1	2-1	True	55	0.155	0.172	gain	FP	FP
chr8	82939109	82946187	7078	41	0	0	10	co_linked	co_linked	2-1	2-1	True	51	0.155	0.176	gain	FP	FP
chr8	82939109	82947281	8172	36	0	0	8	co_linked	co_linked	2-1	2-1	True	44	0.155	0.14	gain	FP	FP
chr8	82939109	82947474	8365	36	0	0	9	co_linked	co_linked	2-1	2-1	True	45	0.155	0.157	gain	FP	FP
chr8	82939109	82948119	9010	34	0	0	8	co_linked	co_linked	2-1	2-1	True	42	0.155	0.154	gain	FP	FP
chr8	82939109	82949763	10654	31	0	0	5	co_linked	co_linked	2-1	2-1	True	36	0.155	0.141	gain	FP	FP
chr8	82939109	82949897	10788	31	0	0	5	co_linked	co_linked	2-1	2-1	True	36	0.155	0.151	gain	FP	FP
chr8	82939109	82949994	10885	31	0	0	5	co_linked	co_linked	2-1	2-1	True	36	0.155	0.149	gain	FP	FP
chr8	82939109	82950212	11103	30	0	0	5	co_linked	co_linked	2-1	2-1	True	35	0.155	0.154	gain	FP	FP
chr8	82939109	82950337	11228	30	0	0	5	co_linked	co_linked	2-1	2-1	True	35	0.155	0.151	gain	FP	FP
chr8	82939109	82950729	11620	29	0	0	5	co_linked	co_linked	2-1	2-1	True	34	0.155	0.144	gain	FP	FP
chr8	82939109	82951103	11994	28	0	0	5	co_linked	co_linked	2-1	2-1	True	33	0.155	0.156	gain	FP	FP
chr8	82939109	82951368	12259	27	0	0	5	co_linked	co_linked	2-1	2-1	True	32	0.155	0.17	gain	FP	FP
chr8	82939109	82951558	12449	27	0	0	5	co_linked	co_linked	2-1	2-1	True	32	0.155	0.185	gain	FP	FP
chr8	82939109	82953203	14094	24	0	0	3	co_linked	co_linked	2-1	2-1	True	27	0.155	0.11	gain	FP	FP
chr8	82939109	82954454	15345	23	0	0	3	co_linked	co_linked	2-1	2-1	True	26	0.155	0.129	gain	FP	FP
chr8	82939109	82955515	16406	18	0	0	3	co_linked	co_linked	2-1	2-1	True	21	0.155	0.127	gain	FP	FP
chr8	82939109	82955572	16463	18	0	0	3	co_linked	co_linked	2-1	2-1	True	21	0.155	0.175	gain	FP	FP
chr8	82939109	82955750	16641	18	0	0	3	co_linked	co_linked	2-1	2-1	True	21	0.155	0.138	gain	FP	FP
chr8	82939109	82956096	16987	18	0	0	3	co_linked	co_linked	2-1	2-1	True	21	0.155	0.16	gain	FP	FP
chr8	82939109	82956334	17225	17	0	0	3	co_linked	co_linked	2-1	2-1	True	20	0.155	0.15	gain	FP	FP
chr8	82939109	82956596	17487	15	0	0	3	co_linked	co_linked	2-1	2-1	True	18	0.155	0.143	gain	FP	FP
chr8	82939109	82956893	17784	14	0	0	3	co_linked	co_linked	2-1	2-1	True	17	0.155	0.195	gain	FP	FP
chr8	82939109	82957533	18424	13	0	0	3	co_linked	co_linked	2-1	2-1	True	16	0.155	0.141	gain	FP	FP
chr8	82939109	82958389	19280	10	0	0	3	co_linked	co_linked	2-1	2-1	True	13	0.155	0.167	gain	FP	FP
chr8	82939109	82958944	19835	9	0	0	3	co_linked	co_linked	2-1	2-1	True	12	0.155	0.173	gain	FP	FP
chr8	82939109	82959308	20199	7	0	0	2	co_linked	co_linked	2-1	2-1	True	9	0.155	0.182	gain	FP	FP
chr8	82939109	82960913	21804	8	0	0	2	co_linked	co_linked	2-1	2-1	True	10	0.155	0.128	gain	FP	FP
chr8	82939109	82960917	21808	7	0	0	2	co_linked	co_linked	2-1	2-1	True	9	0.155	0.163	gain	FP	FP
chr8	82939109	82961082	21973	8	0	0	2	co_linked	co_linked	2-1	2-1	True	10	0.155	0.13	gain	FP	FP
chr8	82939109	82961182	22073	8	0	0	2	co_linked	co_linked	2-1	2-1	True	10	0.155	0.15	gain	FP	FP
chr8	82939109	82961909	22800	5	0	0	1	sparse	co_linked	2-1	2-1	True	6	0.155	0.211	gain	FP	FP
chr8	82939109	82962200	23091	6	0	0	1	sparse	co_linked	2-1	2-1	True	7	0.155	0.154	gain	FP	FP
chr8	82939109	82963397	24288	6	0	0	1	sparse	co_linked	2-1	2-1	True	7	0.155	0.184	gain	FP	FP
chr8	82939109	82963589	24480	6	0	0	1	sparse	co_linked	2-1	2-1	True	7	0.155	0.185	gain	FP	FP
chr8	82939109	82963666	24557	6	0	0	1	sparse	co_linked	2-1	2-1	True	7	0.155	0.175	gain	FP	FP
chr8	82939109	82963744	24635	6	0	0	1	sparse	co_linked	2-1	2-1	True	7	0.155	0.175	gain	FP	FP
chr8	82939109	82964441	25332	6	0	0	1	sparse	co_linked	2-1	2-1	True	7	0.155	0.181	gain	FP	FP
chr8	82939109	82964513	25404	6	0	0	1	sparse	co_linked	2-1	2-1	True	7	0.155	0.169	gain	FP	FP
chr8	82939109	82964582	25473	6	0	0	1	sparse	co_linked	2-1	2-1	True	7	0.155	0.169	gain	FP	FP
chr8	82939324	82939617	293	84	0	0	14	co_linked	co_linked	2-1	2-1	True	98	0.149	0.147	gain	FP	FP
chr8	82939324	82939798	474	83	0	0	15	co_linked	co_linked	2-1	2-1	True	98	0.149	0.16	gain	FP	FP
chr8	82939324	82941007	1683	67	0	0	13	co_linked	co_linked	2-1	2-1	True	80	0.149	0.158	gain	FP	FP
chr8	82939324	82941593	2269	65	0	0	12	co_linked	co_linked	2-1	2-1	True	77	0.149	0.141	gain	FP	FP
chr8	82939324	82942638	3314	59	0	0	13	co_linked	co_linked	2-1	2-1	True	72	0.149	0.167	gain	FP	FP
chr8	82939324	82942850	3526	58	0	0	13	co_linked	co_linked	2-1	2-1	True	71	0.149	0.17	gain	FP	FP
chr8	82939324	82943200	3876	56	0	0	12	co_linked	co_linked	2-1	2-1	True	68	0.149	0.172	gain	FP	FP
chr8	82939324	82943496	4172	51	0	0	12	co_linked	co_linked	2-1	2-1	True	63	0.149	0.17	gain	FP	FP
chr8	82939324	82943846	4522	54	0	0	12	co_linked	co_linked	2-1	2-1	True	66	0.149	0.168	gain	FP	FP
chr8	82939324	82944940	5616	49	0	0	12	co_linked	co_linked	2-1	2-1	True	61	0.149	0.174	gain	FP	FP
chr8	82939324	82945494	6170	46	0	0	12	co_linked	co_linked	2-1	2-1	True	58	0.149	0.172	gain	FP	FP
chr8	82939324	82946187	6863	43	0	0	11	co_linked	co_linked	2-1	2-1	True	54	0.149	0.176	gain	FP	FP
chr8	82939324	82947281	7957	38	0	0	9	co_linked	co_linked	2-1	2-1	True	47	0.149	0.14	gain	FP	FP
chr8	82939324	82947474	8150	38	0	0	10	co_linked	co_linked	2-1	2-1	True	48	0.149	0.157	gain	FP	FP
chr8	82939324	82948119	8795	36	0	0	9	co_linked	co_linked	2-1	2-1	True	45	0.149	0.154	gain	FP	FP
chr8	82939324	82949763	10439	33	0	0	6	co_linked	co_linked	2-1	2-1	True	39	0.149	0.141	gain	FP	FP
chr8	82939324	82949897	10573	33	0	0	6	co_linked	co_linked	2-1	2-1	True	39	0.149	0.151	gain	FP	FP
chr8	82939324	82949994	10670	33	0	0	6	co_linked	co_linked	2-1	2-1	True	39	0.149	0.149	gain	FP	FP
chr8	82939324	82950212	10888	32	0	0	6	co_linked	co_linked	2-1	2-1	True	38	0.149	0.154	gain	FP	FP
chr8	82939324	82950337	11013	32	0	0	6	co_linked	co_linked	2-1	2-1	True	38	0.149	0.151	gain	FP	FP
chr8	82939324	82950729	11405	31	0	0	6	co_linked	co_linked	2-1	2-1	True	37	0.149	0.144	gain	FP	FP
chr8	82939324	82951103	11779	30	0	0	6	co_linked	co_linked	2-1	2-1	True	36	0.149	0.156	gain	FP	FP
chr8	82939324	82951368	12044	29	0	0	6	co_linked	co_linked	2-1	2-1	True	35	0.149	0.17	gain	FP	FP
chr8	82939324	82951558	12234	29	0	0	6	co_linked	co_linked	2-1	2-1	True	35	0.149	0.185	gain	FP	FP
chr8	82939324	82953203	13879	26	0	0	4	co_linked	co_linked	2-1	2-1	True	30	0.149	0.11	gain	FP	FP
chr8	82939324	82954454	15130	24	0	0	4	co_linked	co_linked	2-1	2-1	True	28	0.149	0.129	gain	FP	FP
chr8	82939324	82955515	16191	19	0	0	4	co_linked	co_linked	2-1	2-1	True	23	0.149	0.127	gain	FP	FP
chr8	82939324	82955572	16248	19	0	0	4	co_linked	co_linked	2-1	2-1	True	23	0.149	0.175	gain	FP	FP
chr8	82939324	82955750	16426	19	0	0	4	co_linked	co_linked	2-1	2-1	True	23	0.149	0.138	gain	FP	FP
chr8	82939324	82956096	16772	19	0	0	4	co_linked	co_linked	2-1	2-1	True	23	0.149	0.16	gain	FP	FP
chr8	82939324	82956334	17010	18	0	0	4	co_linked	co_linked	2-1	2-1	True	22	0.149	0.15	gain	FP	FP
chr8	82939324	82956596	17272	16	0	0	4	co_linked	co_linked	2-1	2-1	True	20	0.149	0.143	gain	FP	FP
chr8	82939324	82956893	17569	15	0	0	4	co_linked	co_linked	2-1	2-1	True	19	0.149	0.195	gain	FP	FP
chr8	82939324	82957533	18209	14	0	0	4	co_linked	co_linked	2-1	2-1	True	18	0.149	0.141	gain	FP	FP
chr8	82939324	82958389	19065	11	0	0	4	co_linked	co_linked	2-1	2-1	True	15	0.149	0.167	gain	FP	FP
chr8	82939324	82958944	19620	9	0	0	4	co_linked	co_linked	2-1	2-1	True	13	0.149	0.173	gain	FP	FP
chr8	82939324	82959308	19984	8	0	0	3	co_linked	co_linked	2-1	2-1	True	11	0.149	0.182	gain	FP	FP
chr8	82939324	82960913	21589	9	0	0	2	co_linked	co_linked	2-1	2-1	True	11	0.149	0.128	gain	FP	FP
chr8	82939324	82960917	21593	8	0	0	2	co_linked	co_linked	2-1	2-1	True	10	0.149	0.163	gain	FP	FP
chr8	82939324	82961082	21758	9	0	0	2	co_linked	co_linked	2-1	2-1	True	11	0.149	0.13	gain	FP	FP
chr8	82939324	82961182	21858	9	0	0	2	co_linked	co_linked	2-1	2-1	True	11	0.149	0.15	gain	FP	FP
chr8	82939324	82961909	22585	6	0	0	1	sparse	co_linked	2-1	2-1	True	7	0.149	0.211	gain	FP	FP
chr8	82939324	82962200	22876	7	0	0	1	sparse	co_linked	2-1	2-1	True	8	0.149	0.154	gain	FP	FP
chr8	82939324	82963397	24073	6	0	0	1	sparse	co_linked	2-1	2-1	True	7	0.149	0.184	gain	FP	FP
chr8	82939324	82963589	24265	6	0	0	1	sparse	co_linked	2-1	2-1	True	7	0.149	0.185	gain	FP	FP
chr8	82939324	82963666	24342	6	0	0	1	sparse	co_linked	2-1	2-1	True	7	0.149	0.175	gain	FP	FP
chr8	82939324	82963744	24420	6	0	0	1	sparse	co_linked	2-1	2-1	True	7	0.149	0.175	gain	FP	FP
chr8	82939324	82964441	25117	6	0	0	1	sparse	co_linked	2-1	2-1	True	7	0.149	0.181	gain	FP	FP
chr8	82939324	82964513	25189	6	0	0	1	sparse	co_linked	2-1	2-1	True	7	0.149	0.169	gain	FP	FP
chr8	82939324	82964582	25258	6	0	0	1	sparse	co_linked	2-1	2-1	True	7	0.149	0.169	gain	FP	FP
chr8	82939617	82939798	181	86	0	0	15	co_linked	co_linked	2-1	2-1	True	101	0.147	0.16	gain	FP	FP
chr8	82939617	82941007	1390	68	0	0	12	co_linked	co_linked	2-1	2-1	True	80	0.147	0.158	gain	FP	FP
chr8	82939617	82941546	1929	66	0	0	11	co_linked	co_linked	2-1	2-1	True	77	0.147	0.13	gain	FP	FP
chr8	82939617	82941593	1976	66	0	0	12	co_linked	co_linked	2-1	2-1	True	78	0.147	0.141	gain	FP	FP
chr8	82939617	82942638	3021	60	0	0	12	co_linked	co_linked	2-1	2-1	True	72	0.147	0.167	gain	FP	FP
chr8	82939617	82942850	3233	58	0	0	12	co_linked	co_linked	2-1	2-1	True	70	0.147	0.17	gain	FP	FP
chr8	82939617	82943200	3583	56	0	0	11	co_linked	co_linked	2-1	2-1	True	67	0.147	0.172	gain	FP	FP
chr8	82939617	82943496	3879	51	0	0	11	co_linked	co_linked	2-1	2-1	True	62	0.147	0.17	gain	FP	FP
chr8	82939617	82943846	4229	54	0	0	11	co_linked	co_linked	2-1	2-1	True	65	0.147	0.168	gain	FP	FP
chr8	82939617	82944940	5323	49	0	0	11	co_linked	co_linked	2-1	2-1	True	60	0.147	0.174	gain	FP	FP
chr8	82939617	82945494	5877	46	0	0	11	co_linked	co_linked	2-1	2-1	True	57	0.147	0.172	gain	FP	FP
chr8	82939617	82946187	6570	43	0	0	10	co_linked	co_linked	2-1	2-1	True	53	0.147	0.176	gain	FP	FP
chr8	82939617	82946696	7079	41	0	0	10	co_linked	co_linked	2-1	2-1	True	51	0.147	0.165	gain	FP	FP
chr8	82939617	82947281	7664	38	0	0	8	co_linked	co_linked	2-1	2-1	True	46	0.147	0.14	gain	FP	FP
chr8	82939617	82947474	7857	38	0	0	9	co_linked	co_linked	2-1	2-1	True	47	0.147	0.157	gain	FP	FP
chr8	82939617	82948119	8502	36	0	0	8	co_linked	co_linked	2-1	2-1	True	44	0.147	0.154	gain	FP	FP
chr8	82939617	82949763	10146	33	0	0	6	co_linked	co_linked	2-1	2-1	True	39	0.147	0.141	gain	FP	FP
chr8	82939617	82949897	10280	33	0	0	6	co_linked	co_linked	2-1	2-1	True	39	0.147	0.151	gain	FP	FP
chr8	82939617	82949994	10377	33	0	0	6	co_linked	co_linked	2-1	2-1	True	39	0.147	0.149	gain	FP	FP
chr8	82939617	82950212	10595	32	0	0	6	co_linked	co_linked	2-1	2-1	True	38	0.147	0.154	gain	FP	FP
chr8	82939617	82950337	10720	32	0	0	6	co_linked	co_linked	2-1	2-1	True	38	0.147	0.151	gain	FP	FP
chr8	82939617	82950729	11112	31	0	0	6	co_linked	co_linked	2-1	2-1	True	37	0.147	0.144	gain	FP	FP
chr8	82939617	82951103	11486	30	0	0	6	co_linked	co_linked	2-1	2-1	True	36	0.147	0.156	gain	FP	FP
chr8	82939617	82951368	11751	29	0	0	6	co_linked	co_linked	2-1	2-1	True	35	0.147	0.17	gain	FP	FP
chr8	82939617	82951558	11941	29	0	0	6	co_linked	co_linked	2-1	2-1	True	35	0.147	0.185	gain	FP	FP
chr8	82939617	82953203	13586	26	0	0	4	co_linked	co_linked	2-1	2-1	True	30	0.147	0.11	gain	FP	FP
chr8	82939617	82954454	14837	24	0	0	4	co_linked	co_linked	2-1	2-1	True	28	0.147	0.129	gain	FP	FP
chr8	82939617	82955515	15898	19	0	0	4	co_linked	co_linked	2-1	2-1	True	23	0.147	0.127	gain	FP	FP
chr8	82939617	82955572	15955	19	0	0	4	co_linked	co_linked	2-1	2-1	True	23	0.147	0.175	gain	FP	FP
chr8	82939617	82955750	16133	19	0	0	4	co_linked	co_linked	2-1	2-1	True	23	0.147	0.138	gain	FP	FP
chr8	82939617	82956096	16479	19	0	0	4	co_linked	co_linked	2-1	2-1	True	23	0.147	0.16	gain	FP	FP
chr8	82939617	82956334	16717	18	0	0	4	co_linked	co_linked	2-1	2-1	True	22	0.147	0.15	gain	FP	FP
chr8	82939617	82956596	16979	16	0	0	4	co_linked	co_linked	2-1	2-1	True	20	0.147	0.143	gain	FP	FP
chr8	82939617	82956893	17276	15	0	0	4	co_linked	co_linked	2-1	2-1	True	19	0.147	0.195	gain	FP	FP
chr8	82939617	82957533	17916	14	0	0	4	co_linked	co_linked	2-1	2-1	True	18	0.147	0.141	gain	FP	FP
chr8	82939617	82958389	18772	11	0	0	4	co_linked	co_linked	2-1	2-1	True	15	0.147	0.167	gain	FP	FP
chr8	82939617	82958944	19327	9	0	0	4	co_linked	co_linked	2-1	2-1	True	13	0.147	0.173	gain	FP	FP
chr8	82939617	82959308	19691	8	0	0	3	co_linked	co_linked	2-1	2-1	True	11	0.147	0.182	gain	FP	FP
chr8	82939617	82960913	21296	9	0	0	2	co_linked	co_linked	2-1	2-1	True	11	0.147	0.128	gain	FP	FP
chr8	82939617	82960917	21300	8	0	0	2	co_linked	co_linked	2-1	2-1	True	10	0.147	0.163	gain	FP	FP
chr8	82939617	82961082	21465	9	0	0	2	co_linked	co_linked	2-1	2-1	True	11	0.147	0.13	gain	FP	FP
chr8	82939617	82961182	21565	9	0	0	2	co_linked	co_linked	2-1	2-1	True	11	0.147	0.15	gain	FP	FP
chr8	82939617	82961909	22292	6	0	0	1	sparse	co_linked	2-1	2-1	True	7	0.147	0.211	gain	FP	FP
chr8	82939617	82962200	22583	7	0	0	1	sparse	co_linked	2-1	2-1	True	8	0.147	0.154	gain	FP	FP
chr8	82939617	82963397	23780	6	0	0	1	sparse	co_linked	2-1	2-1	True	7	0.147	0.184	gain	FP	FP
chr8	82939617	82963589	23972	6	0	0	1	sparse	co_linked	2-1	2-1	True	7	0.147	0.185	gain	FP	FP
chr8	82939617	82963666	24049	6	0	0	1	sparse	co_linked	2-1	2-1	True	7	0.147	0.175	gain	FP	FP
chr8	82939617	82963744	24127	6	0	0	1	sparse	co_linked	2-1	2-1	True	7	0.147	0.175	gain	FP	FP
chr8	82939617	82964441	24824	6	0	0	1	sparse	co_linked	2-1	2-1	True	7	0.147	0.181	gain	FP	FP
chr8	82939617	82964513	24896	6	0	0	1	sparse	co_linked	2-1	2-1	True	7	0.147	0.169	gain	FP	FP
chr8	82939617	82964582	24965	6	0	0	1	sparse	co_linked	2-1	2-1	True	7	0.147	0.169	gain	FP	FP
chr8	82939798	82941007	1209	71	0	0	14	co_linked	co_linked	2-1	2-1	True	85	0.16	0.158	gain	FP	FP
chr8	82939798	82941593	1795	69	0	0	12	co_linked	co_linked	2-1	2-1	True	81	0.16	0.141	gain	FP	FP
chr8	82939798	82942638	2840	61	0	0	13	co_linked	co_linked	2-1	2-1	True	74	0.16	0.167	gain	FP	FP
chr8	82939798	82942850	3052	59	0	0	13	co_linked	co_linked	2-1	2-1	True	72	0.16	0.17	gain	FP	FP
chr8	82939798	82943200	3402	57	0	0	12	co_linked	co_linked	2-1	2-1	True	69	0.16	0.172	gain	FP	FP
chr8	82939798	82943496	3698	52	0	0	12	co_linked	co_linked	2-1	2-1	True	64	0.16	0.17	gain	FP	FP
chr8	82939798	82943846	4048	55	0	0	12	co_linked	co_linked	2-1	2-1	True	67	0.16	0.168	gain	FP	FP
chr8	82939798	82944940	5142	50	0	0	12	co_linked	co_linked	2-1	2-1	True	62	0.16	0.174	gain	FP	FP
chr8	82939798	82945494	5696	47	0	0	12	co_linked	co_linked	2-1	2-1	True	59	0.16	0.172	gain	FP	FP
chr8	82939798	82946187	6389	44	0	0	11	co_linked	co_linked	2-1	2-1	True	55	0.16	0.176	gain	FP	FP
chr8	82939798	82947281	7483	39	0	0	9	co_linked	co_linked	2-1	2-1	True	48	0.16	0.14	gain	FP	FP
chr8	82939798	82947474	7676	39	0	0	10	co_linked	co_linked	2-1	2-1	True	49	0.16	0.157	gain	FP	FP
chr8	82939798	82948119	8321	37	0	0	9	co_linked	co_linked	2-1	2-1	True	46	0.16	0.154	gain	FP	FP
chr8	82939798	82949763	9965	34	0	0	6	co_linked	co_linked	2-1	2-1	True	40	0.16	0.141	gain	FP	FP
chr8	82939798	82949897	10099	34	0	0	6	co_linked	co_linked	2-1	2-1	True	40	0.16	0.151	gain	FP	FP
chr8	82939798	82949994	10196	34	0	0	6	co_linked	co_linked	2-1	2-1	True	40	0.16	0.149	gain	FP	FP
chr8	82939798	82950212	10414	33	0	0	6	co_linked	co_linked	2-1	2-1	True	39	0.16	0.154	gain	FP	FP
chr8	82939798	82950337	10539	33	0	0	6	co_linked	co_linked	2-1	2-1	True	39	0.16	0.151	gain	FP	FP
chr8	82939798	82950729	10931	32	0	0	6	co_linked	co_linked	2-1	2-1	True	38	0.16	0.144	gain	FP	FP
chr8	82939798	82951103	11305	31	0	0	6	co_linked	co_linked	2-1	2-1	True	37	0.16	0.156	gain	FP	FP
chr8	82939798	82951368	11570	30	0	0	6	co_linked	co_linked	2-1	2-1	True	36	0.16	0.17	gain	FP	FP
chr8	82939798	82951558	11760	30	0	0	6	co_linked	co_linked	2-1	2-1	True	36	0.16	0.185	gain	FP	FP
chr8	82939798	82953203	13405	27	0	0	4	co_linked	co_linked	2-1	2-1	True	31	0.16	0.11	gain	FP	FP
chr8	82939798	82954454	14656	25	0	0	4	co_linked	co_linked	2-1	2-1	True	29	0.16	0.129	gain	FP	FP
chr8	82939798	82955515	15717	20	0	0	4	co_linked	co_linked	2-1	2-1	True	24	0.16	0.127	gain	FP	FP
chr8	82939798	82955572	15774	20	0	0	4	co_linked	co_linked	2-1	2-1	True	24	0.16	0.175	gain	FP	FP
chr8	82939798	82955750	15952	20	0	0	4	co_linked	co_linked	2-1	2-1	True	24	0.16	0.138	gain	FP	FP
chr8	82939798	82956096	16298	20	0	0	4	co_linked	co_linked	2-1	2-1	True	24	0.16	0.16	gain	FP	FP
chr8	82939798	82956334	16536	19	0	0	4	co_linked	co_linked	2-1	2-1	True	23	0.16	0.15	gain	FP	FP
chr8	82939798	82956596	16798	17	0	0	4	co_linked	co_linked	2-1	2-1	True	21	0.16	0.143	gain	FP	FP
chr8	82939798	82956893	17095	16	0	0	4	co_linked	co_linked	2-1	2-1	True	20	0.16	0.195	gain	FP	FP
chr8	82939798	82957533	17735	14	0	0	4	co_linked	co_linked	2-1	2-1	True	18	0.16	0.141	gain	FP	FP
chr8	82939798	82958389	18591	11	0	0	4	co_linked	co_linked	2-1	2-1	True	15	0.16	0.167	gain	FP	FP
chr8	82939798	82958944	19146	9	0	0	4	co_linked	co_linked	2-1	2-1	True	13	0.16	0.173	gain	FP	FP
chr8	82939798	82959308	19510	8	0	0	3	co_linked	co_linked	2-1	2-1	True	11	0.16	0.182	gain	FP	FP
chr8	82939798	82960913	21115	9	0	0	2	co_linked	co_linked	2-1	2-1	True	11	0.16	0.128	gain	FP	FP
chr8	82939798	82960917	21119	8	0	0	2	co_linked	co_linked	2-1	2-1	True	10	0.16	0.163	gain	FP	FP
chr8	82939798	82961082	21284	9	0	0	2	co_linked	co_linked	2-1	2-1	True	11	0.16	0.13	gain	FP	FP
chr8	82939798	82961182	21384	9	0	0	2	co_linked	co_linked	2-1	2-1	True	11	0.16	0.15	gain	FP	FP
chr8	82939798	82961909	22111	6	0	0	1	sparse	co_linked	2-1	2-1	True	7	0.16	0.211	gain	FP	FP
chr8	82939798	82962200	22402	7	0	0	1	sparse	co_linked	2-1	2-1	True	8	0.16	0.154	gain	FP	FP
chr8	82939798	82963397	23599	6	0	0	1	sparse	co_linked	2-1	2-1	True	7	0.16	0.184	gain	FP	FP
chr8	82939798	82963589	23791	6	0	0	1	sparse	co_linked	2-1	2-1	True	7	0.16	0.185	gain	FP	FP
chr8	82939798	82963666	23868	6	0	0	1	sparse	co_linked	2-1	2-1	True	7	0.16	0.175	gain	FP	FP
chr8	82939798	82963744	23946	6	0	0	1	sparse	co_linked	2-1	2-1	True	7	0.16	0.175	gain	FP	FP
chr8	82939798	82964441	24643	6	0	0	1	sparse	co_linked	2-1	2-1	True	7	0.16	0.181	gain	FP	FP
chr8	82939798	82964513	24715	6	0	0	1	sparse	co_linked	2-1	2-1	True	7	0.16	0.169	gain	FP	FP
chr8	82939798	82964582	24784	6	0	0	1	sparse	co_linked	2-1	2-1	True	7	0.16	0.169	gain	FP	FP
chr8	82941007	82941593	586	74	0	0	12	co_linked	co_linked	2-1	2-1	True	86	0.158	0.141	gain	FP	FP
chr8	82941007	82942638	1631	66	0	0	13	co_linked	co_linked	2-1	2-1	True	79	0.158	0.167	gain	FP	FP
chr8	82941007	82942850	1843	64	0	0	13	co_linked	co_linked	2-1	2-1	True	77	0.158	0.17	gain	FP	FP
chr8	82941007	82943200	2193	62	0	0	12	co_linked	co_linked	2-1	2-1	True	74	0.158	0.172	gain	FP	FP
chr8	82941007	82943496	2489	57	0	0	12	co_linked	co_linked	2-1	2-1	True	69	0.158	0.17	gain	FP	FP
chr8	82941007	82943846	2839	59	0	0	12	co_linked	co_linked	2-1	2-1	True	71	0.158	0.168	gain	FP	FP
chr8	82941007	82944940	3933	54	0	0	12	co_linked	co_linked	2-1	2-1	True	66	0.158	0.174	gain	FP	FP
chr8	82941007	82945494	4487	51	0	0	12	co_linked	co_linked	2-1	2-1	True	63	0.158	0.172	gain	FP	FP
chr8	82941007	82946187	5180	48	0	0	11	co_linked	co_linked	2-1	2-1	True	59	0.158	0.176	gain	FP	FP
chr8	82941007	82947281	6274	42	0	0	9	co_linked	co_linked	2-1	2-1	True	51	0.158	0.14	gain	FP	FP
chr8	82941007	82947474	6467	42	0	0	10	co_linked	co_linked	2-1	2-1	True	52	0.158	0.157	gain	FP	FP
chr8	82941007	82948119	7112	40	0	0	9	co_linked	co_linked	2-1	2-1	True	49	0.158	0.154	gain	FP	FP
chr8	82941007	82949763	8756	35	0	0	6	co_linked	co_linked	2-1	2-1	True	41	0.158	0.141	gain	FP	FP
chr8	82941007	82949897	8890	35	0	0	6	co_linked	co_linked	2-1	2-1	True	41	0.158	0.151	gain	FP	FP
chr8	82941007	82949994	8987	35	0	0	6	co_linked	co_linked	2-1	2-1	True	41	0.158	0.149	gain	FP	FP
chr8	82941007	82950212	9205	34	0	0	6	co_linked	co_linked	2-1	2-1	True	40	0.158	0.154	gain	FP	FP
chr8	82941007	82950337	9330	34	0	0	6	co_linked	co_linked	2-1	2-1	True	40	0.158	0.151	gain	FP	FP
chr8	82941007	82950729	9722	33	0	0	6	co_linked	co_linked	2-1	2-1	True	39	0.158	0.144	gain	FP	FP
chr8	82941007	82951103	10096	32	0	0	6	co_linked	co_linked	2-1	2-1	True	38	0.158	0.156	gain	FP	FP
chr8	82941007	82951368	10361	31	0	0	6	co_linked	co_linked	2-1	2-1	True	37	0.158	0.17	gain	FP	FP
chr8	82941007	82951558	10551	30	0	0	6	co_linked	co_linked	2-1	2-1	True	36	0.158	0.185	gain	FP	FP
chr8	82941007	82953203	12196	27	0	0	4	co_linked	co_linked	2-1	2-1	True	31	0.158	0.11	gain	FP	FP
chr8	82941007	82954454	13447	25	0	0	4	co_linked	co_linked	2-1	2-1	True	29	0.158	0.129	gain	FP	FP
chr8	82941007	82955515	14508	20	0	0	4	co_linked	co_linked	2-1	2-1	True	24	0.158	0.127	gain	FP	FP
chr8	82941007	82955572	14565	20	0	0	4	co_linked	co_linked	2-1	2-1	True	24	0.158	0.175	gain	FP	FP
chr8	82941007	82955750	14743	20	0	0	4	co_linked	co_linked	2-1	2-1	True	24	0.158	0.138	gain	FP	FP
chr8	82941007	82956096	15089	20	0	0	4	co_linked	co_linked	2-1	2-1	True	24	0.158	0.16	gain	FP	FP
chr8	82941007	82956334	15327	19	0	0	4	co_linked	co_linked	2-1	2-1	True	23	0.158	0.15	gain	FP	FP
chr8	82941007	82956596	15589	17	0	0	4	co_linked	co_linked	2-1	2-1	True	21	0.158	0.143	gain	FP	FP
chr8	82941007	82956893	15886	16	0	0	4	co_linked	co_linked	2-1	2-1	True	20	0.158	0.195	gain	FP	FP
chr8	82941007	82957533	16526	14	0	0	4	co_linked	co_linked	2-1	2-1	True	18	0.158	0.141	gain	FP	FP
chr8	82941007	82958389	17382	11	0	0	4	co_linked	co_linked	2-1	2-1	True	15	0.158	0.167	gain	FP	FP
chr8	82941007	82958944	17937	9	0	0	4	co_linked	co_linked	2-1	2-1	True	13	0.158	0.173	gain	FP	FP
chr8	82941007	82959308	18301	8	0	0	3	co_linked	co_linked	2-1	2-1	True	11	0.158	0.182	gain	FP	FP
chr8	82941007	82960913	19906	9	0	0	2	co_linked	co_linked	2-1	2-1	True	11	0.158	0.128	gain	FP	FP
chr8	82941007	82960917	19910	8	0	0	2	co_linked	co_linked	2-1	2-1	True	10	0.158	0.163	gain	FP	FP
chr8	82941007	82961082	20075	9	0	0	2	co_linked	co_linked	2-1	2-1	True	11	0.158	0.13	gain	FP	FP
chr8	82941007	82961182	20175	9	0	0	2	co_linked	co_linked	2-1	2-1	True	11	0.158	0.15	gain	FP	FP
chr8	82941007	82961909	20902	6	0	0	1	sparse	co_linked	2-1	2-1	True	7	0.158	0.211	gain	FP	FP
chr8	82941007	82962200	21193	7	0	0	1	sparse	co_linked	2-1	2-1	True	8	0.158	0.154	gain	FP	FP
chr8	82941007	82963397	22390	6	0	0	1	sparse	co_linked	2-1	2-1	True	7	0.158	0.184	gain	FP	FP
chr8	82941007	82963589	22582	6	0	0	1	sparse	co_linked	2-1	2-1	True	7	0.158	0.185	gain	FP	FP
chr8	82941007	82963666	22659	6	0	0	1	sparse	co_linked	2-1	2-1	True	7	0.158	0.175	gain	FP	FP
chr8	82941007	82963744	22737	6	0	0	1	sparse	co_linked	2-1	2-1	True	7	0.158	0.175	gain	FP	FP
chr8	82941007	82964441	23434	6	0	0	1	sparse	co_linked	2-1	2-1	True	7	0.158	0.181	gain	FP	FP
chr8	82941007	82964513	23506	6	0	0	1	sparse	co_linked	2-1	2-1	True	7	0.158	0.169	gain	FP	FP
chr8	82941007	82964582	23575	6	0	0	1	sparse	co_linked	2-1	2-1	True	7	0.158	0.169	gain	FP	FP
chr8	82941546	82941593	47	79	0	0	12	co_linked	co_linked	2-1	2-1	True	91	0.13	0.141	gain	FP	FP
chr8	82941546	82946696	5150	47	0	0	10	co_linked	co_linked	2-1	2-1	True	57	0.13	0.165	gain	FP	FP
chr8	82941546	82949763	8217	36	0	0	6	co_linked	co_linked	2-1	2-1	True	42	0.13	0.141	gain	FP	FP
chr8	82941546	82949897	8351	36	0	0	6	co_linked	co_linked	2-1	2-1	True	42	0.13	0.151	gain	FP	FP
chr8	82941546	82949994	8448	36	0	0	6	co_linked	co_linked	2-1	2-1	True	42	0.13	0.149	gain	FP	FP
chr8	82941546	82950212	8666	35	0	0	6	co_linked	co_linked	2-1	2-1	True	41	0.13	0.154	gain	FP	FP
chr8	82941546	82950337	8791	35	0	0	6	co_linked	co_linked	2-1	2-1	True	41	0.13	0.151	gain	FP	FP
chr8	82941546	82950729	9183	34	0	0	6	co_linked	co_linked	2-1	2-1	True	40	0.13	0.144	gain	FP	FP
chr8	82941546	82951103	9557	33	0	0	6	co_linked	co_linked	2-1	2-1	True	39	0.13	0.156	gain	FP	FP
chr8	82941546	82951368	9822	32	0	0	6	co_linked	co_linked	2-1	2-1	True	38	0.13	0.17	gain	FP	FP
chr8	82941546	82951558	10012	31	0	0	6	co_linked	co_linked	2-1	2-1	True	37	0.13	0.185	gain	FP	FP
chr8	82941546	82953203	11657	27	0	0	4	co_linked	co_linked	2-1	2-1	True	31	0.13	0.11	gain	FP	FP
chr8	82941546	82954454	12908	25	0	0	4	co_linked	co_linked	2-1	2-1	True	29	0.13	0.129	gain	FP	FP
chr8	82941546	82955515	13969	20	0	0	4	co_linked	co_linked	2-1	2-1	True	24	0.13	0.127	gain	FP	FP
chr8	82941546	82955572	14026	20	0	0	4	co_linked	co_linked	2-1	2-1	True	24	0.13	0.175	gain	FP	FP
chr8	82941546	82955750	14204	20	0	0	4	co_linked	co_linked	2-1	2-1	True	24	0.13	0.138	gain	FP	FP
chr8	82941546	82956096	14550	20	0	0	4	co_linked	co_linked	2-1	2-1	True	24	0.13	0.16	gain	FP	FP
chr8	82941546	82956334	14788	19	0	0	4	co_linked	co_linked	2-1	2-1	True	23	0.13	0.15	gain	FP	FP
chr8	82941546	82956596	15050	17	0	0	4	co_linked	co_linked	2-1	2-1	True	21	0.13	0.143	gain	FP	FP
chr8	82941546	82956893	15347	16	0	0	4	co_linked	co_linked	2-1	2-1	True	20	0.13	0.195	gain	FP	FP
chr8	82941546	82957533	15987	14	0	0	4	co_linked	co_linked	2-1	2-1	True	18	0.13	0.141	gain	FP	FP
chr8	82941546	82958389	16843	11	0	0	4	co_linked	co_linked	2-1	2-1	True	15	0.13	0.167	gain	FP	FP
chr8	82941546	82958944	17398	9	0	0	4	co_linked	co_linked	2-1	2-1	True	13	0.13	0.173	gain	FP	FP
chr8	82941546	82959308	17762	8	0	0	3	co_linked	co_linked	2-1	2-1	True	11	0.13	0.182	gain	FP	FP
chr8	82941546	82960913	19367	9	0	0	2	co_linked	co_linked	2-1	2-1	True	11	0.13	0.128	gain	FP	FP
chr8	82941546	82960917	19371	8	0	0	2	co_linked	co_linked	2-1	2-1	True	10	0.13	0.163	gain	FP	FP
chr8	82941546	82961082	19536	9	0	0	2	co_linked	co_linked	2-1	2-1	True	11	0.13	0.13	gain	FP	FP
chr8	82941546	82961182	19636	9	0	0	2	co_linked	co_linked	2-1	2-1	True	11	0.13	0.15	gain	FP	FP
chr8	82941546	82961909	20363	6	0	0	1	sparse	co_linked	2-1	2-1	True	7	0.13	0.211	gain	FP	FP
chr8	82941546	82962200	20654	7	0	0	1	sparse	co_linked	2-1	2-1	True	8	0.13	0.154	gain	FP	FP
chr8	82941546	82963397	21851	6	0	0	1	sparse	co_linked	2-1	2-1	True	7	0.13	0.184	gain	FP	FP
chr8	82941546	82963589	22043	6	0	0	1	sparse	co_linked	2-1	2-1	True	7	0.13	0.185	gain	FP	FP
chr8	82941546	82963666	22120	6	0	0	1	sparse	co_linked	2-1	2-1	True	7	0.13	0.175	gain	FP	FP
chr8	82941546	82963744	22198	6	0	0	1	sparse	co_linked	2-1	2-1	True	7	0.13	0.175	gain	FP	FP
chr8	82941546	82964441	22895	6	0	0	1	sparse	co_linked	2-1	2-1	True	7	0.13	0.181	gain	FP	FP
chr8	82941546	82964513	22967	6	0	0	1	sparse	co_linked	2-1	2-1	True	7	0.13	0.169	gain	FP	FP
chr8	82941546	82964582	23036	6	0	0	1	sparse	co_linked	2-1	2-1	True	7	0.13	0.169	gain	FP	FP
chr8	82941593	82942638	1045	70	0	0	13	co_linked	co_linked	2-1	2-1	True	83	0.141	0.167	gain	FP	FP
chr8	82941593	82942850	1257	67	0	0	13	co_linked	co_linked	2-1	2-1	True	80	0.141	0.17	gain	FP	FP
chr8	82941593	82943200	1607	65	0	0	12	co_linked	co_linked	2-1	2-1	True	77	0.141	0.172	gain	FP	FP
chr8	82941593	82943496	1903	60	0	0	12	co_linked	co_linked	2-1	2-1	True	72	0.141	0.17	gain	FP	FP
chr8	82941593	82943846	2253	62	0	0	12	co_linked	co_linked	2-1	2-1	True	74	0.141	0.168	gain	FP	FP
chr8	82941593	82944940	3347	55	0	0	12	co_linked	co_linked	2-1	2-1	True	67	0.141	0.174	gain	FP	FP
chr8	82941593	82945494	3901	52	0	0	12	co_linked	co_linked	2-1	2-1	True	64	0.141	0.172	gain	FP	FP
chr8	82941593	82946187	4594	49	0	0	11	co_linked	co_linked	2-1	2-1	True	60	0.141	0.176	gain	FP	FP
chr8	82941593	82946696	5103	46	0	0	11	co_linked	co_linked	2-1	2-1	True	57	0.141	0.165	gain	FP	FP
chr8	82941593	82947281	5688	43	0	0	8	co_linked	co_linked	2-1	2-1	True	51	0.141	0.14	gain	FP	FP
chr8	82941593	82947474	5881	43	0	0	9	co_linked	co_linked	2-1	2-1	True	52	0.141	0.157	gain	FP	FP
chr8	82941593	82948119	6526	41	0	0	8	co_linked	co_linked	2-1	2-1	True	49	0.141	0.154	gain	FP	FP
chr8	82941593	82949763	8170	36	0	0	6	co_linked	co_linked	2-1	2-1	True	42	0.141	0.141	gain	FP	FP
chr8	82941593	82949897	8304	36	0	0	6	co_linked	co_linked	2-1	2-1	True	42	0.141	0.151	gain	FP	FP
chr8	82941593	82949994	8401	36	0	0	6	co_linked	co_linked	2-1	2-1	True	42	0.141	0.149	gain	FP	FP
chr8	82941593	82950212	8619	35	0	0	6	co_linked	co_linked	2-1	2-1	True	41	0.141	0.154	gain	FP	FP
chr8	82941593	82950337	8744	35	0	0	6	co_linked	co_linked	2-1	2-1	True	41	0.141	0.151	gain	FP	FP
chr8	82941593	82950729	9136	34	0	0	6	co_linked	co_linked	2-1	2-1	True	40	0.141	0.144	gain	FP	FP
chr8	82941593	82951103	9510	33	0	0	6	co_linked	co_linked	2-1	2-1	True	39	0.141	0.156	gain	FP	FP
chr8	82941593	82951368	9775	32	0	0	6	co_linked	co_linked	2-1	2-1	True	38	0.141	0.17	gain	FP	FP
chr8	82941593	82951558	9965	31	0	0	6	co_linked	co_linked	2-1	2-1	True	37	0.141	0.185	gain	FP	FP
chr8	82941593	82953203	11610	27	0	0	4	co_linked	co_linked	2-1	2-1	True	31	0.141	0.11	gain	FP	FP
chr8	82941593	82954454	12861	25	0	0	4	co_linked	co_linked	2-1	2-1	True	29	0.141	0.129	gain	FP	FP
chr8	82941593	82955515	13922	20	0	0	4	co_linked	co_linked	2-1	2-1	True	24	0.141	0.127	gain	FP	FP
chr8	82941593	82955572	13979	20	0	0	4	co_linked	co_linked	2-1	2-1	True	24	0.141	0.175	gain	FP	FP
chr8	82941593	82955750	14157	20	0	0	4	co_linked	co_linked	2-1	2-1	True	24	0.141	0.138	gain	FP	FP
chr8	82941593	82956096	14503	20	0	0	4	co_linked	co_linked	2-1	2-1	True	24	0.141	0.16	gain	FP	FP
chr8	82941593	82956334	14741	19	0	0	4	co_linked	co_linked	2-1	2-1	True	23	0.141	0.15	gain	FP	FP
chr8	82941593	82956596	15003	17	0	0	4	co_linked	co_linked	2-1	2-1	True	21	0.141	0.143	gain	FP	FP
chr8	82941593	82956893	15300	16	0	0	4	co_linked	co_linked	2-1	2-1	True	20	0.141	0.195	gain	FP	FP
chr8	82941593	82957533	15940	14	0	0	4	co_linked	co_linked	2-1	2-1	True	18	0.141	0.141	gain	FP	FP
chr8	82941593	82958389	16796	11	0	0	4	co_linked	co_linked	2-1	2-1	True	15	0.141	0.167	gain	FP	FP
chr8	82941593	82958944	17351	9	0	0	4	co_linked	co_linked	2-1	2-1	True	13	0.141	0.173	gain	FP	FP
chr8	82941593	82959308	17715	8	0	0	3	co_linked	co_linked	2-1	2-1	True	11	0.141	0.182	gain	FP	FP
chr8	82941593	82960913	19320	9	0	0	2	co_linked	co_linked	2-1	2-1	True	11	0.141	0.128	gain	FP	FP
chr8	82941593	82960917	19324	8	0	0	2	co_linked	co_linked	2-1	2-1	True	10	0.141	0.163	gain	FP	FP
chr8	82941593	82961082	19489	9	0	0	2	co_linked	co_linked	2-1	2-1	True	11	0.141	0.13	gain	FP	FP
chr8	82941593	82961182	19589	9	0	0	2	co_linked	co_linked	2-1	2-1	True	11	0.141	0.15	gain	FP	FP
chr8	82941593	82961909	20316	6	0	0	1	sparse	co_linked	2-1	2-1	True	7	0.141	0.211	gain	FP	FP
chr8	82941593	82962200	20607	7	0	0	1	sparse	co_linked	2-1	2-1	True	8	0.141	0.154	gain	FP	FP
chr8	82941593	82963397	21804	6	0	0	1	sparse	co_linked	2-1	2-1	True	7	0.141	0.184	gain	FP	FP
chr8	82941593	82963589	21996	6	0	0	1	sparse	co_linked	2-1	2-1	True	7	0.141	0.185	gain	FP	FP
chr8	82941593	82963666	22073	6	0	0	1	sparse	co_linked	2-1	2-1	True	7	0.141	0.175	gain	FP	FP
chr8	82941593	82963744	22151	6	0	0	1	sparse	co_linked	2-1	2-1	True	7	0.141	0.175	gain	FP	FP
chr8	82941593	82964441	22848	6	0	0	1	sparse	co_linked	2-1	2-1	True	7	0.141	0.181	gain	FP	FP
chr8	82941593	82964513	22920	6	0	0	1	sparse	co_linked	2-1	2-1	True	7	0.141	0.169	gain	FP	FP
chr8	82941593	82964582	22989	6	0	0	1	sparse	co_linked	2-1	2-1	True	7	0.141	0.169	gain	FP	FP
chr8	82942638	82942850	212	70	0	0	15	co_linked	co_linked	2-1	2-1	True	85	0.167	0.17	gain	FP	FP
chr8	82942638	82943200	562	68	0	0	14	co_linked	co_linked	2-1	2-1	True	82	0.167	0.172	gain	FP	FP
chr8	82942638	82943496	858	64	0	0	14	co_linked	co_linked	2-1	2-1	True	78	0.167	0.17	gain	FP	FP
chr8	82942638	82943846	1208	65	0	0	14	co_linked	co_linked	2-1	2-1	True	79	0.167	0.168	gain	FP	FP
chr8	82942638	82944940	2302	57	0	0	14	co_linked	co_linked	2-1	2-1	True	71	0.167	0.174	gain	FP	FP
chr8	82942638	82945494	2856	54	0	0	14	co_linked	co_linked	2-1	2-1	True	68	0.167	0.172	gain	FP	FP
chr8	82942638	82946187	3549	50	0	0	13	co_linked	co_linked	2-1	2-1	True	63	0.167	0.176	gain	FP	FP
chr8	82942638	82947281	4643	45	0	0	10	co_linked	co_linked	2-1	2-1	True	55	0.167	0.14	gain	FP	FP
chr8	82942638	82947474	4836	45	0	0	11	co_linked	co_linked	2-1	2-1	True	56	0.167	0.157	gain	FP	FP
chr8	82942638	82948119	5481	44	0	0	10	co_linked	co_linked	2-1	2-1	True	54	0.167	0.154	gain	FP	FP
chr8	82942638	82949763	7125	39	0	0	7	co_linked	co_linked	2-1	2-1	True	46	0.167	0.141	gain	FP	FP
chr8	82942638	82949897	7259	39	0	0	7	co_linked	co_linked	2-1	2-1	True	46	0.167	0.151	gain	FP	FP
chr8	82942638	82949994	7356	39	0	0	7	co_linked	co_linked	2-1	2-1	True	46	0.167	0.149	gain	FP	FP
chr8	82942638	82950212	7574	38	0	0	7	co_linked	co_linked	2-1	2-1	True	45	0.167	0.154	gain	FP	FP
chr8	82942638	82950337	7699	38	0	0	7	co_linked	co_linked	2-1	2-1	True	45	0.167	0.151	gain	FP	FP
chr8	82942638	82950729	8091	37	0	0	7	co_linked	co_linked	2-1	2-1	True	44	0.167	0.144	gain	FP	FP
chr8	82942638	82951103	8465	36	0	0	7	co_linked	co_linked	2-1	2-1	True	43	0.167	0.156	gain	FP	FP
chr8	82942638	82951368	8730	35	0	0	7	co_linked	co_linked	2-1	2-1	True	42	0.167	0.17	gain	FP	FP
chr8	82942638	82951558	8920	34	0	0	7	co_linked	co_linked	2-1	2-1	True	41	0.167	0.185	gain	FP	FP
chr8	82942638	82953203	10565	30	0	0	5	co_linked	co_linked	2-1	2-1	True	35	0.167	0.11	gain	FP	FP
chr8	82942638	82954454	11816	27	0	0	5	co_linked	co_linked	2-1	2-1	True	32	0.167	0.129	gain	FP	FP
chr8	82942638	82955515	12877	22	0	0	5	co_linked	co_linked	2-1	2-1	True	27	0.167	0.127	gain	FP	FP
chr8	82942638	82955572	12934	22	0	0	5	co_linked	co_linked	2-1	2-1	True	27	0.167	0.175	gain	FP	FP
chr8	82942638	82956096	13458	22	0	0	5	co_linked	co_linked	2-1	2-1	True	27	0.167	0.16	gain	FP	FP
chr8	82942638	82956334	13696	21	0	0	5	co_linked	co_linked	2-1	2-1	True	26	0.167	0.15	gain	FP	FP
chr8	82942638	82956596	13958	19	0	0	4	co_linked	co_linked	2-1	2-1	True	23	0.167	0.143	gain	FP	FP
chr8	82942638	82956893	14255	18	0	0	5	co_linked	co_linked	2-1	2-1	True	23	0.167	0.195	gain	FP	FP
chr8	82942638	82957533	14895	16	0	0	5	co_linked	co_linked	2-1	2-1	True	21	0.167	0.141	gain	FP	FP
chr8	82942638	82958389	15751	13	0	0	5	co_linked	co_linked	2-1	2-1	True	18	0.167	0.167	gain	FP	FP
chr8	82942638	82958944	16306	11	0	0	5	co_linked	co_linked	2-1	2-1	True	16	0.167	0.173	gain	FP	FP
chr8	82942638	82959308	16670	10	0	0	4	co_linked	co_linked	2-1	2-1	True	14	0.167	0.182	gain	FP	FP
chr8	82942638	82960913	18275	11	0	0	2	co_linked	co_linked	2-1	2-1	True	13	0.167	0.128	gain	FP	FP
chr8	82942638	82960917	18279	10	0	0	3	co_linked	co_linked	2-1	2-1	True	13	0.167	0.163	gain	FP	FP
chr8	82942638	82961182	18544	11	0	0	3	co_linked	co_linked	2-1	2-1	True	14	0.167	0.15	gain	FP	FP
chr8	82942638	82961909	19271	8	0	0	2	co_linked	co_linked	2-1	2-1	True	10	0.167	0.211	gain	FP	FP
chr8	82942638	82962200	19562	9	0	0	2	co_linked	co_linked	2-1	2-1	True	11	0.167	0.154	gain	FP	FP
chr8	82942638	82963397	20759	8	0	0	2	co_linked	co_linked	2-1	2-1	True	10	0.167	0.184	gain	FP	FP
chr8	82942638	82963589	20951	8	0	0	2	co_linked	co_linked	2-1	2-1	True	10	0.167	0.185	gain	FP	FP
chr8	82942638	82963666	21028	8	0	0	2	co_linked	co_linked	2-1	2-1	True	10	0.167	0.175	gain	FP	FP
chr8	82942638	82963744	21106	8	0	0	2	co_linked	co_linked	2-1	2-1	True	10	0.167	0.175	gain	FP	FP
chr8	82942638	82964441	21803	8	0	0	2	co_linked	co_linked	2-1	2-1	True	10	0.167	0.181	gain	FP	FP
chr8	82942638	82964513	21875	8	0	0	2	co_linked	co_linked	2-1	2-1	True	10	0.167	0.169	gain	FP	FP
chr8	82942638	82964582	21944	8	0	0	2	co_linked	co_linked	2-1	2-1	True	10	0.167	0.169	gain	FP	FP
chr8	82942638	82966023	23385	6	0	0	2	co_linked	co_linked	2-1	2-1	True	8	0.167	0.276	gain	FP	FP
chr8	82942638	82967522	24884	6	0	0	1	sparse	co_linked	2-1	2-1	True	7	0.167	0.198	gain	FP	FP
chr8	82942638	82967873	25235	6	0	0	1	sparse	co_linked	2-1	2-1	True	7	0.167	0.202	gain	FP	FP
chr8	82942850	82943200	350	71	0	0	14	co_linked	co_linked	2-1	2-1	True	85	0.17	0.172	gain	FP	FP
chr8	82942850	82943496	646	66	0	0	14	co_linked	co_linked	2-1	2-1	True	80	0.17	0.17	gain	FP	FP
chr8	82942850	82943846	996	68	0	0	14	co_linked	co_linked	2-1	2-1	True	82	0.17	0.168	gain	FP	FP
chr8	82942850	82944940	2090	60	0	0	14	co_linked	co_linked	2-1	2-1	True	74	0.17	0.174	gain	FP	FP
chr8	82942850	82945494	2644	57	0	0	14	co_linked	co_linked	2-1	2-1	True	71	0.17	0.172	gain	FP	FP
chr8	82942850	82946187	3337	53	0	0	13	co_linked	co_linked	2-1	2-1	True	66	0.17	0.176	gain	FP	FP
chr8	82942850	82947281	4431	47	0	0	10	co_linked	co_linked	2-1	2-1	True	57	0.17	0.14	gain	FP	FP
chr8	82942850	82947474	4624	47	0	0	11	co_linked	co_linked	2-1	2-1	True	58	0.17	0.157	gain	FP	FP
chr8	82942850	82948119	5269	45	0	0	10	co_linked	co_linked	2-1	2-1	True	55	0.17	0.154	gain	FP	FP
chr8	82942850	82949763	6913	40	0	0	7	co_linked	co_linked	2-1	2-1	True	47	0.17	0.141	gain	FP	FP
chr8	82942850	82949897	7047	40	0	0	7	co_linked	co_linked	2-1	2-1	True	47	0.17	0.151	gain	FP	FP
chr8	82942850	82949994	7144	40	0	0	7	co_linked	co_linked	2-1	2-1	True	47	0.17	0.149	gain	FP	FP
chr8	82942850	82950212	7362	39	0	0	7	co_linked	co_linked	2-1	2-1	True	46	0.17	0.154	gain	FP	FP
chr8	82942850	82950337	7487	39	0	0	7	co_linked	co_linked	2-1	2-1	True	46	0.17	0.151	gain	FP	FP
chr8	82942850	82950729	7879	38	0	0	7	co_linked	co_linked	2-1	2-1	True	45	0.17	0.144	gain	FP	FP
chr8	82942850	82951103	8253	37	0	0	7	co_linked	co_linked	2-1	2-1	True	44	0.17	0.156	gain	FP	FP
chr8	82942850	82951368	8518	36	0	0	7	co_linked	co_linked	2-1	2-1	True	43	0.17	0.17	gain	FP	FP
chr8	82942850	82951558	8708	35	0	0	7	co_linked	co_linked	2-1	2-1	True	42	0.17	0.185	gain	FP	FP
chr8	82942850	82953203	10353	31	0	0	5	co_linked	co_linked	2-1	2-1	True	36	0.17	0.11	gain	FP	FP
chr8	82942850	82954454	11604	28	0	0	5	co_linked	co_linked	2-1	2-1	True	33	0.17	0.129	gain	FP	FP
chr8	82942850	82955515	12665	23	0	0	5	co_linked	co_linked	2-1	2-1	True	28	0.17	0.127	gain	FP	FP
chr8	82942850	82955572	12722	23	0	0	5	co_linked	co_linked	2-1	2-1	True	28	0.17	0.175	gain	FP	FP
chr8	82942850	82956096	13246	23	0	0	5	co_linked	co_linked	2-1	2-1	True	28	0.17	0.16	gain	FP	FP
chr8	82942850	82956334	13484	22	0	0	5	co_linked	co_linked	2-1	2-1	True	27	0.17	0.15	gain	FP	FP
chr8	82942850	82956596	13746	20	0	0	4	co_linked	co_linked	2-1	2-1	True	24	0.17	0.143	gain	FP	FP
chr8	82942850	82956893	14043	19	0	0	5	co_linked	co_linked	2-1	2-1	True	24	0.17	0.195	gain	FP	FP
chr8	82942850	82957533	14683	17	0	0	5	co_linked	co_linked	2-1	2-1	True	22	0.17	0.141	gain	FP	FP
chr8	82942850	82958389	15539	14	0	0	5	co_linked	co_linked	2-1	2-1	True	19	0.17	0.167	gain	FP	FP
chr8	82942850	82958944	16094	12	0	0	5	co_linked	co_linked	2-1	2-1	True	17	0.17	0.173	gain	FP	FP
chr8	82942850	82959308	16458	11	0	0	4	co_linked	co_linked	2-1	2-1	True	15	0.17	0.182	gain	FP	FP
chr8	82942850	82960913	18063	12	0	0	2	co_linked	co_linked	2-1	2-1	True	14	0.17	0.128	gain	FP	FP
chr8	82942850	82960917	18067	11	0	0	3	co_linked	co_linked	2-1	2-1	True	14	0.17	0.163	gain	FP	FP
chr8	82942850	82961182	18332	12	0	0	3	co_linked	co_linked	2-1	2-1	True	15	0.17	0.15	gain	FP	FP
chr8	82942850	82961909	19059	9	0	0	2	co_linked	co_linked	2-1	2-1	True	11	0.17	0.211	gain	FP	FP
chr8	82942850	82962200	19350	10	0	0	2	co_linked	co_linked	2-1	2-1	True	12	0.17	0.154	gain	FP	FP
chr8	82942850	82963397	20547	8	0	0	2	co_linked	co_linked	2-1	2-1	True	10	0.17	0.184	gain	FP	FP
chr8	82942850	82963589	20739	8	0	0	2	co_linked	co_linked	2-1	2-1	True	10	0.17	0.185	gain	FP	FP
chr8	82942850	82963666	20816	8	0	0	2	co_linked	co_linked	2-1	2-1	True	10	0.17	0.175	gain	FP	FP
chr8	82942850	82963744	20894	8	0	0	2	co_linked	co_linked	2-1	2-1	True	10	0.17	0.175	gain	FP	FP
chr8	82942850	82964441	21591	8	0	0	2	co_linked	co_linked	2-1	2-1	True	10	0.17	0.181	gain	FP	FP
chr8	82942850	82964513	21663	8	0	0	2	co_linked	co_linked	2-1	2-1	True	10	0.17	0.169	gain	FP	FP
chr8	82942850	82964582	21732	8	0	0	2	co_linked	co_linked	2-1	2-1	True	10	0.17	0.169	gain	FP	FP
chr8	82942850	82966023	23173	6	0	0	2	co_linked	co_linked	2-1	2-1	True	8	0.17	0.276	gain	FP	FP
chr8	82942850	82967522	24672	6	0	0	1	sparse	co_linked	2-1	2-1	True	7	0.17	0.198	gain	FP	FP
chr8	82942850	82967873	25023	6	0	0	1	sparse	co_linked	2-1	2-1	True	7	0.17	0.202	gain	FP	FP
chr8	82943200	82943496	296	71	0	0	15	co_linked	co_linked	2-1	2-1	True	86	0.172	0.17	gain	FP	FP
chr8	82943200	82943846	646	73	0	0	15	co_linked	co_linked	2-1	2-1	True	88	0.172	0.168	gain	FP	FP
chr8	82943200	82944940	1740	63	0	0	14	co_linked	co_linked	2-1	2-1	True	77	0.172	0.174	gain	FP	FP
chr8	82943200	82945494	2294	60	0	0	14	co_linked	co_linked	2-1	2-1	True	74	0.172	0.172	gain	FP	FP
chr8	82943200	82946187	2987	55	0	0	13	co_linked	co_linked	2-1	2-1	True	68	0.172	0.176	gain	FP	FP
chr8	82943200	82947281	4081	49	0	0	10	co_linked	co_linked	2-1	2-1	True	59	0.172	0.14	gain	FP	FP
chr8	82943200	82947474	4274	49	0	0	11	co_linked	co_linked	2-1	2-1	True	60	0.172	0.157	gain	FP	FP
chr8	82943200	82948119	4919	47	0	0	10	co_linked	co_linked	2-1	2-1	True	57	0.172	0.154	gain	FP	FP
chr8	82943200	82949763	6563	42	0	0	7	co_linked	co_linked	2-1	2-1	True	49	0.172	0.141	gain	FP	FP
chr8	82943200	82949897	6697	42	0	0	7	co_linked	co_linked	2-1	2-1	True	49	0.172	0.151	gain	FP	FP
chr8	82943200	82949994	6794	42	0	0	7	co_linked	co_linked	2-1	2-1	True	49	0.172	0.149	gain	FP	FP
chr8	82943200	82950212	7012	41	0	0	7	co_linked	co_linked	2-1	2-1	True	48	0.172	0.154	gain	FP	FP
chr8	82943200	82950337	7137	41	0	0	7	co_linked	co_linked	2-1	2-1	True	48	0.172	0.151	gain	FP	FP
chr8	82943200	82950729	7529	40	0	0	7	co_linked	co_linked	2-1	2-1	True	47	0.172	0.144	gain	FP	FP
chr8	82943200	82951103	7903	39	0	0	7	co_linked	co_linked	2-1	2-1	True	46	0.172	0.156	gain	FP	FP
chr8	82943200	82951368	8168	38	0	0	7	co_linked	co_linked	2-1	2-1	True	45	0.172	0.17	gain	FP	FP
chr8	82943200	82951558	8358	37	0	0	7	co_linked	co_linked	2-1	2-1	True	44	0.172	0.185	gain	FP	FP
chr8	82943200	82953203	10003	33	0	0	5	co_linked	co_linked	2-1	2-1	True	38	0.172	0.11	gain	FP	FP
chr8	82943200	82954454	11254	30	0	0	5	co_linked	co_linked	2-1	2-1	True	35	0.172	0.129	gain	FP	FP
chr8	82943200	82955515	12315	25	0	0	5	co_linked	co_linked	2-1	2-1	True	30	0.172	0.127	gain	FP	FP
chr8	82943200	82955572	12372	25	0	0	5	co_linked	co_linked	2-1	2-1	True	30	0.172	0.175	gain	FP	FP
chr8	82943200	82956096	12896	25	0	0	5	co_linked	co_linked	2-1	2-1	True	30	0.172	0.16	gain	FP	FP
chr8	82943200	82956334	13134	24	0	0	5	co_linked	co_linked	2-1	2-1	True	29	0.172	0.15	gain	FP	FP
chr8	82943200	82956596	13396	22	0	0	4	co_linked	co_linked	2-1	2-1	True	26	0.172	0.143	gain	FP	FP
chr8	82943200	82956893	13693	21	0	0	5	co_linked	co_linked	2-1	2-1	True	26	0.172	0.195	gain	FP	FP
chr8	82943200	82957533	14333	19	0	0	5	co_linked	co_linked	2-1	2-1	True	24	0.172	0.141	gain	FP	FP
chr8	82943200	82958389	15189	16	0	0	5	co_linked	co_linked	2-1	2-1	True	21	0.172	0.167	gain	FP	FP
chr8	82943200	82958944	15744	14	0	0	5	co_linked	co_linked	2-1	2-1	True	19	0.172	0.173	gain	FP	FP
chr8	82943200	82959308	16108	13	0	0	4	co_linked	co_linked	2-1	2-1	True	17	0.172	0.182	gain	FP	FP
chr8	82943200	82960913	17713	14	0	0	2	co_linked	co_linked	2-1	2-1	True	16	0.172	0.128	gain	FP	FP
chr8	82943200	82960917	17717	13	0	0	3	co_linked	co_linked	2-1	2-1	True	16	0.172	0.163	gain	FP	FP
chr8	82943200	82961182	17982	14	0	0	3	co_linked	co_linked	2-1	2-1	True	17	0.172	0.15	gain	FP	FP
chr8	82943200	82961909	18709	11	0	0	2	co_linked	co_linked	2-1	2-1	True	13	0.172	0.211	gain	FP	FP
chr8	82943200	82962200	19000	12	0	0	2	co_linked	co_linked	2-1	2-1	True	14	0.172	0.154	gain	FP	FP
chr8	82943200	82963397	20197	10	0	0	2	co_linked	co_linked	2-1	2-1	True	12	0.172	0.184	gain	FP	FP
chr8	82943200	82963589	20389	10	0	0	2	co_linked	co_linked	2-1	2-1	True	12	0.172	0.185	gain	FP	FP
chr8	82943200	82963666	20466	10	0	0	2	co_linked	co_linked	2-1	2-1	True	12	0.172	0.175	gain	FP	FP
chr8	82943200	82963744	20544	10	0	0	2	co_linked	co_linked	2-1	2-1	True	12	0.172	0.175	gain	FP	FP
chr8	82943200	82964441	21241	10	0	0	2	co_linked	co_linked	2-1	2-1	True	12	0.172	0.181	gain	FP	FP
chr8	82943200	82964513	21313	10	0	0	2	co_linked	co_linked	2-1	2-1	True	12	0.172	0.169	gain	FP	FP
chr8	82943200	82964582	21382	10	0	0	2	co_linked	co_linked	2-1	2-1	True	12	0.172	0.169	gain	FP	FP
chr8	82943200	82966023	22823	8	0	0	2	co_linked	co_linked	2-1	2-1	True	10	0.172	0.276	gain	FP	FP
chr8	82943200	82967522	24322	7	0	0	1	sparse	co_linked	2-1	2-1	True	8	0.172	0.198	gain	FP	FP
chr8	82943200	82967873	24673	7	0	0	1	sparse	co_linked	2-1	2-1	True	8	0.172	0.202	gain	FP	FP
chr8	82943496	82943846	350	70	0	0	14	co_linked	co_linked	2-1	2-1	True	84	0.17	0.168	gain	FP	FP
chr8	82943496	82944940	1444	61	0	0	14	co_linked	co_linked	2-1	2-1	True	75	0.17	0.174	gain	FP	FP
chr8	82943496	82945494	1998	58	0	0	14	co_linked	co_linked	2-1	2-1	True	72	0.17	0.172	gain	FP	FP
chr8	82943496	82946187	2691	52	0	0	13	co_linked	co_linked	2-1	2-1	True	65	0.17	0.176	gain	FP	FP
chr8	82943496	82947281	3785	46	0	0	10	co_linked	co_linked	2-1	2-1	True	56	0.17	0.14	gain	FP	FP
chr8	82943496	82947474	3978	46	0	0	11	co_linked	co_linked	2-1	2-1	True	57	0.17	0.157	gain	FP	FP
chr8	82943496	82948119	4623	45	0	0	10	co_linked	co_linked	2-1	2-1	True	55	0.17	0.154	gain	FP	FP
chr8	82943496	82949763	6267	40	0	0	7	co_linked	co_linked	2-1	2-1	True	47	0.17	0.141	gain	FP	FP
chr8	82943496	82949897	6401	40	0	0	7	co_linked	co_linked	2-1	2-1	True	47	0.17	0.151	gain	FP	FP
chr8	82943496	82949994	6498	40	0	0	7	co_linked	co_linked	2-1	2-1	True	47	0.17	0.149	gain	FP	FP
chr8	82943496	82950212	6716	39	0	0	7	co_linked	co_linked	2-1	2-1	True	46	0.17	0.154	gain	FP	FP
chr8	82943496	82950337	6841	39	0	0	7	co_linked	co_linked	2-1	2-1	True	46	0.17	0.151	gain	FP	FP
chr8	82943496	82950729	7233	38	0	0	7	co_linked	co_linked	2-1	2-1	True	45	0.17	0.144	gain	FP	FP
chr8	82943496	82951103	7607	36	0	0	7	co_linked	co_linked	2-1	2-1	True	43	0.17	0.156	gain	FP	FP
chr8	82943496	82951368	7872	35	0	0	7	co_linked	co_linked	2-1	2-1	True	42	0.17	0.17	gain	FP	FP
chr8	82943496	82951558	8062	34	0	0	7	co_linked	co_linked	2-1	2-1	True	41	0.17	0.185	gain	FP	FP
chr8	82943496	82953203	9707	30	0	0	5	co_linked	co_linked	2-1	2-1	True	35	0.17	0.11	gain	FP	FP
chr8	82943496	82954454	10958	27	0	0	5	co_linked	co_linked	2-1	2-1	True	32	0.17	0.129	gain	FP	FP
chr8	82943496	82955515	12019	23	0	0	5	co_linked	co_linked	2-1	2-1	True	28	0.17	0.127	gain	FP	FP
chr8	82943496	82955572	12076	23	0	0	5	co_linked	co_linked	2-1	2-1	True	28	0.17	0.175	gain	FP	FP
chr8	82943496	82956096	12600	23	0	0	5	co_linked	co_linked	2-1	2-1	True	28	0.17	0.16	gain	FP	FP
chr8	82943496	82956334	12838	22	0	0	5	co_linked	co_linked	2-1	2-1	True	27	0.17	0.15	gain	FP	FP
chr8	82943496	82956596	13100	20	0	0	4	co_linked	co_linked	2-1	2-1	True	24	0.17	0.143	gain	FP	FP
chr8	82943496	82956893	13397	19	0	0	5	co_linked	co_linked	2-1	2-1	True	24	0.17	0.195	gain	FP	FP
chr8	82943496	82957533	14037	17	0	0	5	co_linked	co_linked	2-1	2-1	True	22	0.17	0.141	gain	FP	FP
chr8	82943496	82958389	14893	14	0	0	5	co_linked	co_linked	2-1	2-1	True	19	0.17	0.167	gain	FP	FP
chr8	82943496	82958944	15448	12	0	0	5	co_linked	co_linked	2-1	2-1	True	17	0.17	0.173	gain	FP	FP
chr8	82943496	82959308	15812	11	0	0	4	co_linked	co_linked	2-1	2-1	True	15	0.17	0.182	gain	FP	FP
chr8	82943496	82960913	17417	12	0	0	2	co_linked	co_linked	2-1	2-1	True	14	0.17	0.128	gain	FP	FP
chr8	82943496	82960917	17421	11	0	0	3	co_linked	co_linked	2-1	2-1	True	14	0.17	0.163	gain	FP	FP
chr8	82943496	82961182	17686	12	0	0	3	co_linked	co_linked	2-1	2-1	True	15	0.17	0.15	gain	FP	FP
chr8	82943496	82961909	18413	10	0	0	2	co_linked	co_linked	2-1	2-1	True	12	0.17	0.211	gain	FP	FP
chr8	82943496	82962200	18704	11	0	0	2	co_linked	co_linked	2-1	2-1	True	13	0.17	0.154	gain	FP	FP
chr8	82943496	82963397	19901	9	0	0	2	co_linked	co_linked	2-1	2-1	True	11	0.17	0.184	gain	FP	FP
chr8	82943496	82963589	20093	9	0	0	2	co_linked	co_linked	2-1	2-1	True	11	0.17	0.185	gain	FP	FP
chr8	82943496	82963666	20170	9	0	0	2	co_linked	co_linked	2-1	2-1	True	11	0.17	0.175	gain	FP	FP
chr8	82943496	82963744	20248	9	0	0	2	co_linked	co_linked	2-1	2-1	True	11	0.17	0.175	gain	FP	FP
chr8	82943496	82964441	20945	9	0	0	2	co_linked	co_linked	2-1	2-1	True	11	0.17	0.181	gain	FP	FP
chr8	82943496	82964513	21017	9	0	0	2	co_linked	co_linked	2-1	2-1	True	11	0.17	0.169	gain	FP	FP
chr8	82943496	82964582	21086	9	0	0	2	co_linked	co_linked	2-1	2-1	True	11	0.17	0.169	gain	FP	FP
chr8	82943496	82966023	22527	7	0	0	2	co_linked	co_linked	2-1	2-1	True	9	0.17	0.276	gain	FP	FP
chr8	82943496	82967522	24026	6	0	0	1	sparse	co_linked	2-1	2-1	True	7	0.17	0.198	gain	FP	FP
chr8	82943496	82967873	24377	6	0	0	1	sparse	co_linked	2-1	2-1	True	7	0.17	0.202	gain	FP	FP
chr8	82943846	82944940	1094	69	0	0	15	co_linked	co_linked	2-1	2-1	True	84	0.168	0.174	gain	FP	FP
chr8	82943846	82945494	1648	64	0	0	15	co_linked	co_linked	2-1	2-1	True	79	0.168	0.172	gain	FP	FP
chr8	82943846	82946187	2341	58	0	0	14	co_linked	co_linked	2-1	2-1	True	72	0.168	0.176	gain	FP	FP
chr8	82943846	82947281	3435	52	0	0	11	co_linked	co_linked	2-1	2-1	True	63	0.168	0.14	gain	FP	FP
chr8	82943846	82947474	3628	52	0	0	12	co_linked	co_linked	2-1	2-1	True	64	0.168	0.157	gain	FP	FP
chr8	82943846	82948119	4273	48	0	0	11	co_linked	co_linked	2-1	2-1	True	59	0.168	0.154	gain	FP	FP
chr8	82943846	82949763	5917	43	0	0	8	co_linked	co_linked	2-1	2-1	True	51	0.168	0.141	gain	FP	FP
chr8	82943846	82949897	6051	43	0	0	8	co_linked	co_linked	2-1	2-1	True	51	0.168	0.151	gain	FP	FP
chr8	82943846	82949994	6148	43	0	0	8	co_linked	co_linked	2-1	2-1	True	51	0.168	0.149	gain	FP	FP
chr8	82943846	82950212	6366	42	0	0	8	co_linked	co_linked	2-1	2-1	True	50	0.168	0.154	gain	FP	FP
chr8	82943846	82950337	6491	42	0	0	8	co_linked	co_linked	2-1	2-1	True	50	0.168	0.151	gain	FP	FP
chr8	82943846	82950729	6883	41	0	0	8	co_linked	co_linked	2-1	2-1	True	49	0.168	0.144	gain	FP	FP
chr8	82943846	82951103	7257	39	0	0	8	co_linked	co_linked	2-1	2-1	True	47	0.168	0.156	gain	FP	FP
chr8	82943846	82951368	7522	38	0	0	8	co_linked	co_linked	2-1	2-1	True	46	0.168	0.17	gain	FP	FP
chr8	82943846	82951558	7712	37	0	0	8	co_linked	co_linked	2-1	2-1	True	45	0.168	0.185	gain	FP	FP
chr8	82943846	82953203	9357	33	0	0	6	co_linked	co_linked	2-1	2-1	True	39	0.168	0.11	gain	FP	FP
chr8	82943846	82954454	10608	30	0	0	6	co_linked	co_linked	2-1	2-1	True	36	0.168	0.129	gain	FP	FP
chr8	82943846	82955515	11669	25	0	0	6	co_linked	co_linked	2-1	2-1	True	31	0.168	0.127	gain	FP	FP
chr8	82943846	82955572	11726	25	0	0	6	co_linked	co_linked	2-1	2-1	True	31	0.168	0.175	gain	FP	FP
chr8	82943846	82956096	12250	25	0	0	6	co_linked	co_linked	2-1	2-1	True	31	0.168	0.16	gain	FP	FP
chr8	82943846	82956334	12488	24	0	0	6	co_linked	co_linked	2-1	2-1	True	30	0.168	0.15	gain	FP	FP
chr8	82943846	82956596	12750	22	0	0	5	co_linked	co_linked	2-1	2-1	True	27	0.168	0.143	gain	FP	FP
chr8	82943846	82956893	13047	21	0	0	6	co_linked	co_linked	2-1	2-1	True	27	0.168	0.195	gain	FP	FP
chr8	82943846	82957533	13687	19	0	0	6	co_linked	co_linked	2-1	2-1	True	25	0.168	0.141	gain	FP	FP
chr8	82943846	82958389	14543	16	0	0	6	co_linked	co_linked	2-1	2-1	True	22	0.168	0.167	gain	FP	FP
chr8	82943846	82958944	15098	14	0	0	6	co_linked	co_linked	2-1	2-1	True	20	0.168	0.173	gain	FP	FP
chr8	82943846	82959308	15462	13	0	0	5	co_linked	co_linked	2-1	2-1	True	18	0.168	0.182	gain	FP	FP
chr8	82943846	82960913	17067	14	0	0	3	co_linked	co_linked	2-1	2-1	True	17	0.168	0.128	gain	FP	FP
chr8	82943846	82960917	17071	13	0	0	4	co_linked	co_linked	2-1	2-1	True	17	0.168	0.163	gain	FP	FP
chr8	82943846	82961182	17336	14	0	0	4	co_linked	co_linked	2-1	2-1	True	18	0.168	0.15	gain	FP	FP
chr8	82943846	82961909	18063	11	0	0	3	co_linked	co_linked	2-1	2-1	True	14	0.168	0.211	gain	FP	FP
chr8	82943846	82962200	18354	12	0	0	3	co_linked	co_linked	2-1	2-1	True	15	0.168	0.154	gain	FP	FP
chr8	82943846	82963397	19551	10	0	0	3	co_linked	co_linked	2-1	2-1	True	13	0.168	0.184	gain	FP	FP
chr8	82943846	82963589	19743	10	0	0	2	co_linked	co_linked	2-1	2-1	True	12	0.168	0.185	gain	FP	FP
chr8	82943846	82963666	19820	10	0	0	2	co_linked	co_linked	2-1	2-1	True	12	0.168	0.175	gain	FP	FP
chr8	82943846	82963744	19898	10	0	0	2	co_linked	co_linked	2-1	2-1	True	12	0.168	0.175	gain	FP	FP
chr8	82943846	82964441	20595	10	0	0	2	co_linked	co_linked	2-1	2-1	True	12	0.168	0.181	gain	FP	FP
chr8	82943846	82964513	20667	10	0	0	2	co_linked	co_linked	2-1	2-1	True	12	0.168	0.169	gain	FP	FP
chr8	82943846	82964582	20736	10	0	0	2	co_linked	co_linked	2-1	2-1	True	12	0.168	0.169	gain	FP	FP
chr8	82943846	82966023	22177	8	0	0	2	co_linked	co_linked	2-1	2-1	True	10	0.168	0.276	gain	FP	FP
chr8	82943846	82967522	23676	7	0	0	1	sparse	co_linked	2-1	2-1	True	8	0.168	0.198	gain	FP	FP
chr8	82943846	82967873	24027	7	0	0	1	sparse	co_linked	2-1	2-1	True	8	0.168	0.202	gain	FP	FP
chr8	82944940	82945494	554	71	0	0	15	co_linked	co_linked	2-1	2-1	True	86	0.174	0.172	gain	FP	FP
chr8	82944940	82946187	1247	65	0	0	14	co_linked	co_linked	2-1	2-1	True	79	0.174	0.176	gain	FP	FP
chr8	82944940	82947281	2341	58	0	0	11	co_linked	co_linked	2-1	2-1	True	69	0.174	0.14	gain	FP	FP
chr8	82944940	82947474	2534	58	0	0	12	co_linked	co_linked	2-1	2-1	True	70	0.174	0.157	gain	FP	FP
chr8	82944940	82948119	3179	54	0	0	11	co_linked	co_linked	2-1	2-1	True	65	0.174	0.154	gain	FP	FP
chr8	82944940	82949763	4823	48	0	0	8	co_linked	co_linked	2-1	2-1	True	56	0.174	0.141	gain	FP	FP
chr8	82944940	82949897	4957	48	0	0	8	co_linked	co_linked	2-1	2-1	True	56	0.174	0.151	gain	FP	FP
chr8	82944940	82949994	5054	48	0	0	8	co_linked	co_linked	2-1	2-1	True	56	0.174	0.149	gain	FP	FP
chr8	82944940	82950212	5272	47	0	0	8	co_linked	co_linked	2-1	2-1	True	55	0.174	0.154	gain	FP	FP
chr8	82944940	82950337	5397	47	0	0	8	co_linked	co_linked	2-1	2-1	True	55	0.174	0.151	gain	FP	FP
chr8	82944940	82950729	5789	46	0	0	8	co_linked	co_linked	2-1	2-1	True	54	0.174	0.144	gain	FP	FP
chr8	82944940	82951103	6163	44	0	0	8	co_linked	co_linked	2-1	2-1	True	52	0.174	0.156	gain	FP	FP
chr8	82944940	82951368	6428	43	0	0	8	co_linked	co_linked	2-1	2-1	True	51	0.174	0.17	gain	FP	FP
chr8	82944940	82953203	8263	37	0	0	6	co_linked	co_linked	2-1	2-1	True	43	0.174	0.11	gain	FP	FP
chr8	82944940	82954454	9514	33	0	0	6	co_linked	co_linked	2-1	2-1	True	39	0.174	0.129	gain	FP	FP
chr8	82944940	82955515	10575	28	0	0	6	co_linked	co_linked	2-1	2-1	True	34	0.174	0.127	gain	FP	FP
chr8	82944940	82955572	10632	27	0	0	6	co_linked	co_linked	2-1	2-1	True	33	0.174	0.175	gain	FP	FP
chr8	82944940	82956096	11156	27	0	0	6	co_linked	co_linked	2-1	2-1	True	33	0.174	0.16	gain	FP	FP
chr8	82944940	82956334	11394	26	0	0	6	co_linked	co_linked	2-1	2-1	True	32	0.174	0.15	gain	FP	FP
chr8	82944940	82956596	11656	24	0	0	5	co_linked	co_linked	2-1	2-1	True	29	0.174	0.143	gain	FP	FP
chr8	82944940	82956893	11953	23	0	0	6	co_linked	co_linked	2-1	2-1	True	29	0.174	0.195	gain	FP	FP
chr8	82944940	82957533	12593	19	0	0	6	co_linked	co_linked	2-1	2-1	True	25	0.174	0.141	gain	FP	FP
chr8	82944940	82958389	13449	16	0	0	6	co_linked	co_linked	2-1	2-1	True	22	0.174	0.167	gain	FP	FP
chr8	82944940	82958944	14004	14	0	0	6	co_linked	co_linked	2-1	2-1	True	20	0.174	0.173	gain	FP	FP
chr8	82944940	82959308	14368	13	0	0	5	co_linked	co_linked	2-1	2-1	True	18	0.174	0.182	gain	FP	FP
chr8	82944940	82960913	15973	14	0	0	3	co_linked	co_linked	2-1	2-1	True	17	0.174	0.128	gain	FP	FP
chr8	82944940	82960917	15977	13	0	0	4	co_linked	co_linked	2-1	2-1	True	17	0.174	0.163	gain	FP	FP
chr8	82944940	82961182	16242	14	0	0	4	co_linked	co_linked	2-1	2-1	True	18	0.174	0.15	gain	FP	FP
chr8	82944940	82961909	16969	11	0	0	3	co_linked	co_linked	2-1	2-1	True	14	0.174	0.211	gain	FP	FP
chr8	82944940	82962200	17260	12	0	0	3	co_linked	co_linked	2-1	2-1	True	15	0.174	0.154	gain	FP	FP
chr8	82944940	82963397	18457	10	0	0	3	co_linked	co_linked	2-1	2-1	True	13	0.174	0.184	gain	FP	FP
chr8	82944940	82963589	18649	10	0	0	2	co_linked	co_linked	2-1	2-1	True	12	0.174	0.185	gain	FP	FP
chr8	82944940	82963666	18726	10	0	0	2	co_linked	co_linked	2-1	2-1	True	12	0.174	0.175	gain	FP	FP
chr8	82944940	82963744	18804	10	0	0	2	co_linked	co_linked	2-1	2-1	True	12	0.174	0.175	gain	FP	FP
chr8	82944940	82964441	19501	10	0	0	2	co_linked	co_linked	2-1	2-1	True	12	0.174	0.181	gain	FP	FP
chr8	82944940	82964513	19573	10	0	0	2	co_linked	co_linked	2-1	2-1	True	12	0.174	0.169	gain	FP	FP
chr8	82944940	82964582	19642	10	0	0	2	co_linked	co_linked	2-1	2-1	True	12	0.174	0.169	gain	FP	FP
chr8	82944940	82966023	21083	8	0	0	2	co_linked	co_linked	2-1	2-1	True	10	0.174	0.276	gain	FP	FP
chr8	82944940	82967522	22582	7	0	0	1	sparse	co_linked	2-1	2-1	True	8	0.174	0.198	gain	FP	FP
chr8	82944940	82967873	22933	7	0	0	1	sparse	co_linked	2-1	2-1	True	8	0.174	0.202	gain	FP	FP
chr8	82944957	82959308	14351	12	0	0	5	co_linked	co_linked	2-1	2-1	True	17	0.202	0.182	gain	FP	FP
chr8	82944957	82960913	15956	13	0	0	3	co_linked	co_linked	2-1	2-1	True	16	0.202	0.128	gain	FP	FP
chr8	82944957	82960917	15960	12	0	0	4	co_linked	co_linked	2-1	2-1	True	16	0.202	0.163	gain	FP	FP
chr8	82944957	82961182	16225	13	0	0	4	co_linked	co_linked	2-1	2-1	True	17	0.202	0.15	gain	FP	FP
chr8	82944957	82961909	16952	10	0	0	3	co_linked	co_linked	2-1	2-1	True	13	0.202	0.211	gain	FP	FP
chr8	82944957	82962200	17243	11	0	0	3	co_linked	co_linked	2-1	2-1	True	14	0.202	0.154	gain	FP	FP
chr8	82944957	82963397	18440	9	0	0	3	co_linked	co_linked	2-1	2-1	True	12	0.202	0.184	gain	FP	FP
chr8	82944957	82963589	18632	9	0	0	2	co_linked	co_linked	2-1	2-1	True	11	0.202	0.185	gain	FP	FP
chr8	82944957	82963666	18709	9	0	0	2	co_linked	co_linked	2-1	2-1	True	11	0.202	0.175	gain	FP	FP
chr8	82944957	82963744	18787	9	0	0	2	co_linked	co_linked	2-1	2-1	True	11	0.202	0.175	gain	FP	FP
chr8	82944957	82964441	19484	9	0	0	2	co_linked	co_linked	2-1	2-1	True	11	0.202	0.181	gain	FP	FP
chr8	82944957	82964513	19556	9	0	0	2	co_linked	co_linked	2-1	2-1	True	11	0.202	0.169	gain	FP	FP
chr8	82944957	82964582	19625	9	0	0	2	co_linked	co_linked	2-1	2-1	True	11	0.202	0.169	gain	FP	FP
chr8	82944957	82966023	21066	7	0	0	2	co_linked	co_linked	2-1	2-1	True	9	0.202	0.276	gain	FP	FP
chr8	82944957	82967522	22565	6	0	0	1	sparse	co_linked	2-1	2-1	True	7	0.202	0.198	gain	FP	FP
chr8	82944957	82967873	22916	6	0	0	1	sparse	co_linked	2-1	2-1	True	7	0.202	0.202	gain	FP	FP
chr8	82945494	82946187	693	69	0	0	15	co_linked	co_linked	2-1	2-1	True	84	0.172	0.176	gain	FP	FP
chr8	82945494	82947281	1787	61	0	0	11	co_linked	co_linked	2-1	2-1	True	72	0.172	0.14	gain	FP	FP
chr8	82945494	82947474	1980	61	0	0	12	co_linked	co_linked	2-1	2-1	True	73	0.172	0.157	gain	FP	FP
chr8	82945494	82948119	2625	57	0	0	11	co_linked	co_linked	2-1	2-1	True	68	0.172	0.154	gain	FP	FP
chr8	82945494	82949763	4269	50	0	0	8	co_linked	co_linked	2-1	2-1	True	58	0.172	0.141	gain	FP	FP
chr8	82945494	82949897	4403	50	0	0	8	co_linked	co_linked	2-1	2-1	True	58	0.172	0.151	gain	FP	FP
chr8	82945494	82949994	4500	50	0	0	8	co_linked	co_linked	2-1	2-1	True	58	0.172	0.149	gain	FP	FP
chr8	82945494	82950212	4718	49	0	0	8	co_linked	co_linked	2-1	2-1	True	57	0.172	0.154	gain	FP	FP
chr8	82945494	82950337	4843	49	0	0	8	co_linked	co_linked	2-1	2-1	True	57	0.172	0.151	gain	FP	FP
chr8	82945494	82950729	5235	48	0	0	8	co_linked	co_linked	2-1	2-1	True	56	0.172	0.144	gain	FP	FP
chr8	82945494	82951103	5609	46	0	0	8	co_linked	co_linked	2-1	2-1	True	54	0.172	0.156	gain	FP	FP
chr8	82945494	82951368	5874	45	0	0	8	co_linked	co_linked	2-1	2-1	True	53	0.172	0.17	gain	FP	FP
chr8	82945494	82953203	7709	38	0	0	6	co_linked	co_linked	2-1	2-1	True	44	0.172	0.11	gain	FP	FP
chr8	82945494	82954454	8960	34	0	0	6	co_linked	co_linked	2-1	2-1	True	40	0.172	0.129	gain	FP	FP
chr8	82945494	82955515	10021	29	0	0	6	co_linked	co_linked	2-1	2-1	True	35	0.172	0.127	gain	FP	FP
chr8	82945494	82955572	10078	28	0	0	6	co_linked	co_linked	2-1	2-1	True	34	0.172	0.175	gain	FP	FP
chr8	82945494	82956096	10602	28	0	0	6	co_linked	co_linked	2-1	2-1	True	34	0.172	0.16	gain	FP	FP
chr8	82945494	82956334	10840	27	0	0	6	co_linked	co_linked	2-1	2-1	True	33	0.172	0.15	gain	FP	FP
chr8	82945494	82956596	11102	25	0	0	5	co_linked	co_linked	2-1	2-1	True	30	0.172	0.143	gain	FP	FP
chr8	82945494	82956893	11399	24	0	0	6	co_linked	co_linked	2-1	2-1	True	30	0.172	0.195	gain	FP	FP
chr8	82945494	82957533	12039	20	0	0	6	co_linked	co_linked	2-1	2-1	True	26	0.172	0.141	gain	FP	FP
chr8	82945494	82958389	12895	17	0	0	6	co_linked	co_linked	2-1	2-1	True	23	0.172	0.167	gain	FP	FP
chr8	82945494	82958944	13450	15	0	0	6	co_linked	co_linked	2-1	2-1	True	21	0.172	0.173	gain	FP	FP
chr8	82945494	82959308	13814	14	0	0	5	co_linked	co_linked	2-1	2-1	True	19	0.172	0.182	gain	FP	FP
chr8	82945494	82960913	15419	15	0	0	3	co_linked	co_linked	2-1	2-1	True	18	0.172	0.128	gain	FP	FP
chr8	82945494	82960917	15423	14	0	0	4	co_linked	co_linked	2-1	2-1	True	18	0.172	0.163	gain	FP	FP
chr8	82945494	82961182	15688	15	0	0	4	co_linked	co_linked	2-1	2-1	True	19	0.172	0.15	gain	FP	FP
chr8	82945494	82961909	16415	12	0	0	3	co_linked	co_linked	2-1	2-1	True	15	0.172	0.211	gain	FP	FP
chr8	82945494	82962200	16706	13	0	0	3	co_linked	co_linked	2-1	2-1	True	16	0.172	0.154	gain	FP	FP
chr8	82945494	82963397	17903	11	0	0	3	co_linked	co_linked	2-1	2-1	True	14	0.172	0.184	gain	FP	FP
chr8	82945494	82963589	18095	11	0	0	2	co_linked	co_linked	2-1	2-1	True	13	0.172	0.185	gain	FP	FP
chr8	82945494	82963666	18172	11	0	0	2	co_linked	co_linked	2-1	2-1	True	13	0.172	0.175	gain	FP	FP
chr8	82945494	82963744	18250	11	0	0	2	co_linked	co_linked	2-1	2-1	True	13	0.172	0.175	gain	FP	FP
chr8	82945494	82964441	18947	11	0	0	2	co_linked	co_linked	2-1	2-1	True	13	0.172	0.181	gain	FP	FP
chr8	82945494	82964513	19019	11	0	0	2	co_linked	co_linked	2-1	2-1	True	13	0.172	0.169	gain	FP	FP
chr8	82945494	82964582	19088	11	0	0	2	co_linked	co_linked	2-1	2-1	True	13	0.172	0.169	gain	FP	FP
chr8	82945494	82966023	20529	9	0	0	2	co_linked	co_linked	2-1	2-1	True	11	0.172	0.276	gain	FP	FP
chr8	82945494	82967522	22028	8	0	0	1	sparse	co_linked	2-1	2-1	True	9	0.172	0.198	gain	FP	FP
chr8	82945494	82967873	22379	8	0	0	1	sparse	co_linked	2-1	2-1	True	9	0.172	0.202	gain	FP	FP
chr8	82945697	82961909	16212	10	0	0	3	co_linked	co_linked	2-1	2-1	True	13	0.23	0.211	gain	FP	FP
chr8	82945697	82962200	16503	11	0	0	3	co_linked	co_linked	2-1	2-1	True	14	0.23	0.154	gain	FP	FP
chr8	82945697	82963397	17700	9	0	0	3	co_linked	co_linked	2-1	2-1	True	12	0.23	0.184	gain	FP	FP
chr8	82945697	82963589	17892	9	0	0	2	co_linked	co_linked	2-1	2-1	True	11	0.23	0.185	gain	FP	FP
chr8	82945697	82963666	17969	9	0	0	2	co_linked	co_linked	2-1	2-1	True	11	0.23	0.175	gain	FP	FP
chr8	82945697	82963744	18047	9	0	0	2	co_linked	co_linked	2-1	2-1	True	11	0.23	0.175	gain	FP	FP
chr8	82945697	82964441	18744	9	0	0	2	co_linked	co_linked	2-1	2-1	True	11	0.23	0.181	gain	FP	FP
chr8	82945697	82964513	18816	9	0	0	2	co_linked	co_linked	2-1	2-1	True	11	0.23	0.169	gain	FP	FP
chr8	82945697	82964582	18885	9	0	0	2	co_linked	co_linked	2-1	2-1	True	11	0.23	0.169	gain	FP	FP
chr8	82945697	82966023	20326	7	0	0	2	co_linked	co_linked	2-1	2-1	True	9	0.23	0.276	gain	FP	FP
chr8	82945697	82967522	21825	6	0	0	1	sparse	co_linked	2-1	2-1	True	7	0.23	0.198	gain	FP	FP
chr8	82945697	82967873	22176	6	0	0	1	sparse	co_linked	2-1	2-1	True	7	0.23	0.202	gain	FP	FP
chr8	82946187	82947281	1094	64	0	0	12	co_linked	co_linked	2-1	2-1	True	76	0.176	0.14	gain	FP	FP
chr8	82946187	82947474	1287	64	0	0	13	co_linked	co_linked	2-1	2-1	True	77	0.176	0.157	gain	FP	FP
chr8	82946187	82948119	1932	60	0	0	12	co_linked	co_linked	2-1	2-1	True	72	0.176	0.154	gain	FP	FP
chr8	82946187	82949763	3576	51	0	0	8	co_linked	co_linked	2-1	2-1	True	59	0.176	0.141	gain	FP	FP
chr8	82946187	82949897	3710	51	0	0	8	co_linked	co_linked	2-1	2-1	True	59	0.176	0.151	gain	FP	FP
chr8	82946187	82949994	3807	51	0	0	8	co_linked	co_linked	2-1	2-1	True	59	0.176	0.149	gain	FP	FP
chr8	82946187	82950212	4025	50	0	0	8	co_linked	co_linked	2-1	2-1	True	58	0.176	0.154	gain	FP	FP
chr8	82946187	82950337	4150	50	0	0	8	co_linked	co_linked	2-1	2-1	True	58	0.176	0.151	gain	FP	FP
chr8	82946187	82950729	4542	49	0	0	8	co_linked	co_linked	2-1	2-1	True	57	0.176	0.144	gain	FP	FP
chr8	82946187	82951103	4916	47	0	0	8	co_linked	co_linked	2-1	2-1	True	55	0.176	0.156	gain	FP	FP
chr8	82946187	82951368	5181	46	0	0	8	co_linked	co_linked	2-1	2-1	True	54	0.176	0.17	gain	FP	FP
chr8	82946187	82953203	7016	38	0	0	6	co_linked	co_linked	2-1	2-1	True	44	0.176	0.11	gain	FP	FP
chr8	82946187	82954454	8267	35	0	0	6	co_linked	co_linked	2-1	2-1	True	41	0.176	0.129	gain	FP	FP
chr8	82946187	82955515	9328	30	0	0	6	co_linked	co_linked	2-1	2-1	True	36	0.176	0.127	gain	FP	FP
chr8	82946187	82955572	9385	29	0	0	6	co_linked	co_linked	2-1	2-1	True	35	0.176	0.175	gain	FP	FP
chr8	82946187	82956096	9909	29	0	0	6	co_linked	co_linked	2-1	2-1	True	35	0.176	0.16	gain	FP	FP
chr8	82946187	82956334	10147	28	0	0	6	co_linked	co_linked	2-1	2-1	True	34	0.176	0.15	gain	FP	FP
chr8	82946187	82956596	10409	26	0	0	5	co_linked	co_linked	2-1	2-1	True	31	0.176	0.143	gain	FP	FP
chr8	82946187	82956893	10706	25	0	0	6	co_linked	co_linked	2-1	2-1	True	31	0.176	0.195	gain	FP	FP
chr8	82946187	82957533	11346	21	0	0	6	co_linked	co_linked	2-1	2-1	True	27	0.176	0.141	gain	FP	FP
chr8	82946187	82958389	12202	18	0	0	6	co_linked	co_linked	2-1	2-1	True	24	0.176	0.167	gain	FP	FP
chr8	82946187	82958944	12757	16	0	0	6	co_linked	co_linked	2-1	2-1	True	22	0.176	0.173	gain	FP	FP
chr8	82946187	82959308	13121	14	0	0	5	co_linked	co_linked	2-1	2-1	True	19	0.176	0.182	gain	FP	FP
chr8	82946187	82960913	14726	15	0	0	3	co_linked	co_linked	2-1	2-1	True	18	0.176	0.128	gain	FP	FP
chr8	82946187	82960917	14730	14	0	0	4	co_linked	co_linked	2-1	2-1	True	18	0.176	0.163	gain	FP	FP
chr8	82946187	82961182	14995	15	0	0	4	co_linked	co_linked	2-1	2-1	True	19	0.176	0.15	gain	FP	FP
chr8	82946187	82961909	15722	12	0	0	3	co_linked	co_linked	2-1	2-1	True	15	0.176	0.211	gain	FP	FP
chr8	82946187	82962200	16013	13	0	0	3	co_linked	co_linked	2-1	2-1	True	16	0.176	0.154	gain	FP	FP
chr8	82946187	82963397	17210	11	0	0	3	co_linked	co_linked	2-1	2-1	True	14	0.176	0.184	gain	FP	FP
chr8	82946187	82963589	17402	11	0	0	2	co_linked	co_linked	2-1	2-1	True	13	0.176	0.185	gain	FP	FP
chr8	82946187	82963666	17479	11	0	0	2	co_linked	co_linked	2-1	2-1	True	13	0.176	0.175	gain	FP	FP
chr8	82946187	82963744	17557	11	0	0	2	co_linked	co_linked	2-1	2-1	True	13	0.176	0.175	gain	FP	FP
chr8	82946187	82964441	18254	11	0	0	2	co_linked	co_linked	2-1	2-1	True	13	0.176	0.181	gain	FP	FP
chr8	82946187	82964513	18326	11	0	0	2	co_linked	co_linked	2-1	2-1	True	13	0.176	0.169	gain	FP	FP
chr8	82946187	82964582	18395	11	0	0	2	co_linked	co_linked	2-1	2-1	True	13	0.176	0.169	gain	FP	FP
chr8	82946187	82966023	19836	9	0	0	2	co_linked	co_linked	2-1	2-1	True	11	0.176	0.276	gain	FP	FP
chr8	82946187	82967522	21335	8	0	0	1	sparse	co_linked	2-1	2-1	True	9	0.176	0.198	gain	FP	FP
chr8	82946187	82967873	21686	8	0	0	1	sparse	co_linked	2-1	2-1	True	9	0.176	0.202	gain	FP	FP
chr8	82946242	82947281	1039	60	0	0	12	co_linked	co_linked	2-1	2-1	True	72	0.174	0.14	gain	FP	FP
chr8	82946242	82948119	1877	56	0	0	12	co_linked	co_linked	2-1	2-1	True	68	0.174	0.154	gain	FP	FP
chr8	82946242	82949763	3521	48	0	0	8	co_linked	co_linked	2-1	2-1	True	56	0.174	0.141	gain	FP	FP
chr8	82946242	82949897	3655	48	0	0	8	co_linked	co_linked	2-1	2-1	True	56	0.174	0.151	gain	FP	FP
chr8	82946242	82949994	3752	48	0	0	8	co_linked	co_linked	2-1	2-1	True	56	0.174	0.149	gain	FP	FP
chr8	82946242	82950212	3970	47	0	0	8	co_linked	co_linked	2-1	2-1	True	55	0.174	0.154	gain	FP	FP
chr8	82946242	82950337	4095	47	0	0	8	co_linked	co_linked	2-1	2-1	True	55	0.174	0.151	gain	FP	FP
chr8	82946242	82950729	4487	46	0	0	8	co_linked	co_linked	2-1	2-1	True	54	0.174	0.144	gain	FP	FP
chr8	82946242	82951103	4861	44	0	0	8	co_linked	co_linked	2-1	2-1	True	52	0.174	0.156	gain	FP	FP
chr8	82946242	82951368	5126	43	0	0	8	co_linked	co_linked	2-1	2-1	True	51	0.174	0.17	gain	FP	FP
chr8	82946242	82953203	6961	35	0	0	6	co_linked	co_linked	2-1	2-1	True	41	0.174	0.11	gain	FP	FP
chr8	82946242	82954454	8212	32	0	0	6	co_linked	co_linked	2-1	2-1	True	38	0.174	0.129	gain	FP	FP
chr8	82946242	82955515	9273	29	0	0	6	co_linked	co_linked	2-1	2-1	True	35	0.174	0.127	gain	FP	FP
chr8	82946242	82955572	9330	28	0	0	6	co_linked	co_linked	2-1	2-1	True	34	0.174	0.175	gain	FP	FP
chr8	82946242	82956096	9854	28	0	0	6	co_linked	co_linked	2-1	2-1	True	34	0.174	0.16	gain	FP	FP
chr8	82946242	82956334	10092	27	0	0	6	co_linked	co_linked	2-1	2-1	True	33	0.174	0.15	gain	FP	FP
chr8	82946242	82956596	10354	25	0	0	5	co_linked	co_linked	2-1	2-1	True	30	0.174	0.143	gain	FP	FP
chr8	82946242	82956893	10651	24	0	0	6	co_linked	co_linked	2-1	2-1	True	30	0.174	0.195	gain	FP	FP
chr8	82946242	82957533	11291	20	0	0	6	co_linked	co_linked	2-1	2-1	True	26	0.174	0.141	gain	FP	FP
chr8	82946242	82958389	12147	17	0	0	6	co_linked	co_linked	2-1	2-1	True	23	0.174	0.167	gain	FP	FP
chr8	82946242	82958944	12702	16	0	0	6	co_linked	co_linked	2-1	2-1	True	22	0.174	0.173	gain	FP	FP
chr8	82946242	82959308	13066	14	0	0	5	co_linked	co_linked	2-1	2-1	True	19	0.174	0.182	gain	FP	FP
chr8	82946242	82960913	14671	15	0	0	3	co_linked	co_linked	2-1	2-1	True	18	0.174	0.128	gain	FP	FP
chr8	82946242	82960917	14675	14	0	0	4	co_linked	co_linked	2-1	2-1	True	18	0.174	0.163	gain	FP	FP
chr8	82946242	82961182	14940	15	0	0	4	co_linked	co_linked	2-1	2-1	True	19	0.174	0.15	gain	FP	FP
chr8	82946242	82961909	15667	12	0	0	3	co_linked	co_linked	2-1	2-1	True	15	0.174	0.211	gain	FP	FP
chr8	82946242	82962200	15958	13	0	0	3	co_linked	co_linked	2-1	2-1	True	16	0.174	0.154	gain	FP	FP
chr8	82946242	82963397	17155	11	0	0	3	co_linked	co_linked	2-1	2-1	True	14	0.174	0.184	gain	FP	FP
chr8	82946242	82963589	17347	11	0	0	2	co_linked	co_linked	2-1	2-1	True	13	0.174	0.185	gain	FP	FP
chr8	82946242	82963666	17424	11	0	0	2	co_linked	co_linked	2-1	2-1	True	13	0.174	0.175	gain	FP	FP
chr8	82946242	82963744	17502	11	0	0	2	co_linked	co_linked	2-1	2-1	True	13	0.174	0.175	gain	FP	FP
chr8	82946242	82964441	18199	11	0	0	2	co_linked	co_linked	2-1	2-1	True	13	0.174	0.181	gain	FP	FP
chr8	82946242	82964513	18271	11	0	0	2	co_linked	co_linked	2-1	2-1	True	13	0.174	0.169	gain	FP	FP
chr8	82946242	82964582	18340	11	0	0	2	co_linked	co_linked	2-1	2-1	True	13	0.174	0.169	gain	FP	FP
chr8	82946242	82966023	19781	9	0	0	2	co_linked	co_linked	2-1	2-1	True	11	0.174	0.276	gain	FP	FP
chr8	82946242	82967522	21280	8	0	0	1	sparse	co_linked	2-1	2-1	True	9	0.174	0.198	gain	FP	FP
chr8	82946242	82967873	21631	8	0	0	1	sparse	co_linked	2-1	2-1	True	9	0.174	0.202	gain	FP	FP
chr8	82946696	82949763	3067	52	0	0	8	co_linked	co_linked	2-1	2-1	True	60	0.165	0.141	gain	FP	FP
chr8	82946696	82949897	3201	52	0	0	8	co_linked	co_linked	2-1	2-1	True	60	0.165	0.151	gain	FP	FP
chr8	82946696	82949994	3298	52	0	0	8	co_linked	co_linked	2-1	2-1	True	60	0.165	0.149	gain	FP	FP
chr8	82946696	82950212	3516	51	0	0	8	co_linked	co_linked	2-1	2-1	True	59	0.165	0.154	gain	FP	FP
chr8	82946696	82950337	3641	51	0	0	8	co_linked	co_linked	2-1	2-1	True	59	0.165	0.151	gain	FP	FP
chr8	82946696	82950729	4033	50	0	0	8	co_linked	co_linked	2-1	2-1	True	58	0.165	0.144	gain	FP	FP
chr8	82946696	82951103	4407	48	0	0	8	co_linked	co_linked	2-1	2-1	True	56	0.165	0.156	gain	FP	FP
chr8	82946696	82951368	4672	47	0	0	8	co_linked	co_linked	2-1	2-1	True	55	0.165	0.17	gain	FP	FP
chr8	82946696	82952526	5830	43	0	0	6	co_linked	co_linked	2-1	2-1	True	49	0.165	0.149	gain	FP	FP
chr8	82946696	82953203	6507	39	0	0	6	co_linked	co_linked	2-1	2-1	True	45	0.165	0.11	gain	FP	FP
chr8	82946696	82954454	7758	36	0	0	6	co_linked	co_linked	2-1	2-1	True	42	0.165	0.129	gain	FP	FP
chr8	82946696	82955515	8819	31	0	0	6	co_linked	co_linked	2-1	2-1	True	37	0.165	0.127	gain	FP	FP
chr8	82946696	82955572	8876	30	0	0	6	co_linked	co_linked	2-1	2-1	True	36	0.165	0.175	gain	FP	FP
chr8	82946696	82956096	9400	30	0	0	6	co_linked	co_linked	2-1	2-1	True	36	0.165	0.16	gain	FP	FP
chr8	82946696	82956334	9638	29	0	0	6	co_linked	co_linked	2-1	2-1	True	35	0.165	0.15	gain	FP	FP
chr8	82946696	82956596	9900	27	0	0	5	co_linked	co_linked	2-1	2-1	True	32	0.165	0.143	gain	FP	FP
chr8	82946696	82956893	10197	26	0	0	6	co_linked	co_linked	2-1	2-1	True	32	0.165	0.195	gain	FP	FP
chr8	82946696	82957533	10837	22	0	0	6	co_linked	co_linked	2-1	2-1	True	28	0.165	0.141	gain	FP	FP
chr8	82946696	82958389	11693	19	0	0	6	co_linked	co_linked	2-1	2-1	True	25	0.165	0.167	gain	FP	FP
chr8	82946696	82958944	12248	17	0	0	6	co_linked	co_linked	2-1	2-1	True	23	0.165	0.173	gain	FP	FP
chr8	82946696	82959308	12612	15	0	0	5	co_linked	co_linked	2-1	2-1	True	20	0.165	0.182	gain	FP	FP
chr8	82946696	82960913	14217	16	0	0	3	co_linked	co_linked	2-1	2-1	True	19	0.165	0.128	gain	FP	FP
chr8	82946696	82960917	14221	15	0	0	4	co_linked	co_linked	2-1	2-1	True	19	0.165	0.163	gain	FP	FP
chr8	82946696	82961182	14486	16	0	0	4	co_linked	co_linked	2-1	2-1	True	20	0.165	0.15	gain	FP	FP
chr8	82946696	82961909	15213	14	0	0	3	co_linked	co_linked	2-1	2-1	True	17	0.165	0.211	gain	FP	FP
chr8	82946696	82962200	15504	14	0	0	3	co_linked	co_linked	2-1	2-1	True	17	0.165	0.154	gain	FP	FP
chr8	82946696	82963397	16701	12	0	0	3	co_linked	co_linked	2-1	2-1	True	15	0.165	0.184	gain	FP	FP
chr8	82946696	82963589	16893	12	0	0	2	co_linked	co_linked	2-1	2-1	True	14	0.165	0.185	gain	FP	FP
chr8	82946696	82963666	16970	12	0	0	2	co_linked	co_linked	2-1	2-1	True	14	0.165	0.175	gain	FP	FP
chr8	82946696	82963744	17048	12	0	0	2	co_linked	co_linked	2-1	2-1	True	14	0.165	0.175	gain	FP	FP
chr8	82946696	82964441	17745	12	0	0	2	co_linked	co_linked	2-1	2-1	True	14	0.165	0.181	gain	FP	FP
chr8	82946696	82964513	17817	12	0	0	2	co_linked	co_linked	2-1	2-1	True	14	0.165	0.169	gain	FP	FP
chr8	82946696	82964582	17886	12	0	0	2	co_linked	co_linked	2-1	2-1	True	14	0.165	0.169	gain	FP	FP
chr8	82946696	82966023	19327	10	0	0	2	co_linked	co_linked	2-1	2-1	True	12	0.165	0.276	gain	FP	FP
chr8	82946696	82967522	20826	9	0	0	1	sparse	co_linked	2-1	2-1	True	10	0.165	0.198	gain	FP	FP
chr8	82946696	82967873	21177	9	0	0	1	sparse	co_linked	2-1	2-1	True	10	0.165	0.202	gain	FP	FP
chr8	82947281	82947474	193	73	0	0	12	co_linked	co_linked	2-1	2-1	True	85	0.14	0.157	gain	FP	FP
chr8	82947281	82948119	838	69	0	0	12	co_linked	co_linked	2-1	2-1	True	81	0.14	0.154	gain	FP	FP
chr8	82947281	82949763	2482	56	0	0	8	co_linked	co_linked	2-1	2-1	True	64	0.14	0.141	gain	FP	FP
chr8	82947281	82949994	2713	56	0	0	8	co_linked	co_linked	2-1	2-1	True	64	0.14	0.149	gain	FP	FP
chr8	82947281	82950212	2931	55	0	0	8	co_linked	co_linked	2-1	2-1	True	63	0.14	0.154	gain	FP	FP
chr8	82947281	82950337	3056	55	0	0	8	co_linked	co_linked	2-1	2-1	True	63	0.14	0.151	gain	FP	FP
chr8	82947281	82950729	3448	53	0	0	8	co_linked	co_linked	2-1	2-1	True	61	0.14	0.144	gain	FP	FP
chr8	82947281	82951103	3822	51	0	0	8	co_linked	co_linked	2-1	2-1	True	59	0.14	0.156	gain	FP	FP
chr8	82947281	82951368	4087	50	0	0	8	co_linked	co_linked	2-1	2-1	True	58	0.14	0.17	gain	FP	FP
chr8	82947281	82953203	5922	42	0	0	6	co_linked	co_linked	2-1	2-1	True	48	0.14	0.11	gain	FP	FP
chr8	82947281	82954454	7173	39	0	0	6	co_linked	co_linked	2-1	2-1	True	45	0.14	0.129	gain	FP	FP
chr8	82947281	82955515	8234	33	0	0	6	co_linked	co_linked	2-1	2-1	True	39	0.14	0.127	gain	FP	FP
chr8	82947281	82955572	8291	33	0	0	6	co_linked	co_linked	2-1	2-1	True	39	0.14	0.175	gain	FP	FP
chr8	82947281	82956096	8815	33	0	0	6	co_linked	co_linked	2-1	2-1	True	39	0.14	0.16	gain	FP	FP
chr8	82947281	82956334	9053	32	0	0	6	co_linked	co_linked	2-1	2-1	True	38	0.14	0.15	gain	FP	FP
chr8	82947281	82956596	9315	29	0	0	5	co_linked	co_linked	2-1	2-1	True	34	0.14	0.143	gain	FP	FP
chr8	82947281	82956893	9612	28	0	0	6	co_linked	co_linked	2-1	2-1	True	34	0.14	0.195	gain	FP	FP
chr8	82947281	82957533	10252	24	0	0	6	co_linked	co_linked	2-1	2-1	True	30	0.14	0.141	gain	FP	FP
chr8	82947281	82958389	11108	21	0	0	6	co_linked	co_linked	2-1	2-1	True	27	0.14	0.167	gain	FP	FP
chr8	82947281	82958944	11663	18	0	0	6	co_linked	co_linked	2-1	2-1	True	24	0.14	0.173	gain	FP	FP
chr8	82947281	82959308	12027	16	0	0	5	co_linked	co_linked	2-1	2-1	True	21	0.14	0.182	gain	FP	FP
chr8	82947281	82960913	13632	17	0	0	3	co_linked	co_linked	2-1	2-1	True	20	0.14	0.128	gain	FP	FP
chr8	82947281	82960917	13636	16	0	0	4	co_linked	co_linked	2-1	2-1	True	20	0.14	0.163	gain	FP	FP
chr8	82947281	82961182	13901	17	0	0	4	co_linked	co_linked	2-1	2-1	True	21	0.14	0.15	gain	FP	FP
chr8	82947281	82961909	14628	14	0	0	3	co_linked	co_linked	2-1	2-1	True	17	0.14	0.211	gain	FP	FP
chr8	82947281	82962200	14919	15	0	0	3	co_linked	co_linked	2-1	2-1	True	18	0.14	0.154	gain	FP	FP
chr8	82947281	82963397	16116	13	0	0	3	co_linked	co_linked	2-1	2-1	True	16	0.14	0.184	gain	FP	FP
chr8	82947281	82963589	16308	13	0	0	2	co_linked	co_linked	2-1	2-1	True	15	0.14	0.185	gain	FP	FP
chr8	82947281	82963666	16385	13	0	0	2	co_linked	co_linked	2-1	2-1	True	15	0.14	0.175	gain	FP	FP
chr8	82947281	82963744	16463	13	0	0	2	co_linked	co_linked	2-1	2-1	True	15	0.14	0.175	gain	FP	FP
chr8	82947281	82964441	17160	13	0	0	2	co_linked	co_linked	2-1	2-1	True	15	0.14	0.181	gain	FP	FP
chr8	82947281	82964513	17232	13	0	0	2	co_linked	co_linked	2-1	2-1	True	15	0.14	0.169	gain	FP	FP
chr8	82947281	82964582	17301	13	0	0	2	co_linked	co_linked	2-1	2-1	True	15	0.14	0.169	gain	FP	FP
chr8	82947281	82966023	18742	11	0	0	2	co_linked	co_linked	2-1	2-1	True	13	0.14	0.276	gain	FP	FP
chr8	82947281	82967522	20241	10	0	0	1	sparse	co_linked	2-1	2-1	True	11	0.14	0.198	gain	FP	FP
chr8	82947281	82967873	20592	10	0	0	1	sparse	co_linked	2-1	2-1	True	11	0.14	0.202	gain	FP	FP
chr8	82947474	82948119	645	70	0	0	12	co_linked	co_linked	2-1	2-1	True	82	0.157	0.154	gain	FP	FP
chr8	82947474	82949763	2289	58	0	0	8	co_linked	co_linked	2-1	2-1	True	66	0.157	0.141	gain	FP	FP
chr8	82947474	82949994	2520	58	0	0	8	co_linked	co_linked	2-1	2-1	True	66	0.157	0.149	gain	FP	FP
chr8	82947474	82950212	2738	57	0	0	8	co_linked	co_linked	2-1	2-1	True	65	0.157	0.154	gain	FP	FP
chr8	82947474	82950337	2863	57	0	0	8	co_linked	co_linked	2-1	2-1	True	65	0.157	0.151	gain	FP	FP
chr8	82947474	82950729	3255	55	0	0	8	co_linked	co_linked	2-1	2-1	True	63	0.157	0.144	gain	FP	FP
chr8	82947474	82951103	3629	53	0	0	8	co_linked	co_linked	2-1	2-1	True	61	0.157	0.156	gain	FP	FP
chr8	82947474	82951368	3894	52	0	0	8	co_linked	co_linked	2-1	2-1	True	60	0.157	0.17	gain	FP	FP
chr8	82947474	82953203	5729	44	0	0	6	co_linked	co_linked	2-1	2-1	True	50	0.157	0.11	gain	FP	FP
chr8	82947474	82954454	6980	39	0	0	6	co_linked	co_linked	2-1	2-1	True	45	0.157	0.129	gain	FP	FP
chr8	82947474	82955515	8041	33	0	0	6	co_linked	co_linked	2-1	2-1	True	39	0.157	0.127	gain	FP	FP
chr8	82947474	82955572	8098	33	0	0	6	co_linked	co_linked	2-1	2-1	True	39	0.157	0.175	gain	FP	FP
chr8	82947474	82956096	8622	33	0	0	6	co_linked	co_linked	2-1	2-1	True	39	0.157	0.16	gain	FP	FP
chr8	82947474	82956334	8860	32	0	0	6	co_linked	co_linked	2-1	2-1	True	38	0.157	0.15	gain	FP	FP
chr8	82947474	82956596	9122	29	0	0	5	co_linked	co_linked	2-1	2-1	True	34	0.157	0.143	gain	FP	FP
chr8	82947474	82956893	9419	28	0	0	6	co_linked	co_linked	2-1	2-1	True	34	0.157	0.195	gain	FP	FP
chr8	82947474	82957533	10059	24	0	0	6	co_linked	co_linked	2-1	2-1	True	30	0.157	0.141	gain	FP	FP
chr8	82947474	82958389	10915	21	0	0	6	co_linked	co_linked	2-1	2-1	True	27	0.157	0.167	gain	FP	FP
chr8	82947474	82958944	11470	18	0	0	6	co_linked	co_linked	2-1	2-1	True	24	0.157	0.173	gain	FP	FP
chr8	82947474	82959308	11834	16	0	0	5	co_linked	co_linked	2-1	2-1	True	21	0.157	0.182	gain	FP	FP
chr8	82947474	82960913	13439	17	0	0	3	co_linked	co_linked	2-1	2-1	True	20	0.157	0.128	gain	FP	FP
chr8	82947474	82960917	13443	16	0	0	4	co_linked	co_linked	2-1	2-1	True	20	0.157	0.163	gain	FP	FP
chr8	82947474	82961182	13708	17	0	0	4	co_linked	co_linked	2-1	2-1	True	21	0.157	0.15	gain	FP	FP
chr8	82947474	82961909	14435	14	0	0	3	co_linked	co_linked	2-1	2-1	True	17	0.157	0.211	gain	FP	FP
chr8	82947474	82962200	14726	15	0	0	3	co_linked	co_linked	2-1	2-1	True	18	0.157	0.154	gain	FP	FP
chr8	82947474	82963397	15923	13	0	0	3	co_linked	co_linked	2-1	2-1	True	16	0.157	0.184	gain	FP	FP
chr8	82947474	82963589	16115	13	0	0	2	co_linked	co_linked	2-1	2-1	True	15	0.157	0.185	gain	FP	FP
chr8	82947474	82963666	16192	13	0	0	2	co_linked	co_linked	2-1	2-1	True	15	0.157	0.175	gain	FP	FP
chr8	82947474	82963744	16270	13	0	0	2	co_linked	co_linked	2-1	2-1	True	15	0.157	0.175	gain	FP	FP
chr8	82947474	82964441	16967	13	0	0	2	co_linked	co_linked	2-1	2-1	True	15	0.157	0.181	gain	FP	FP
chr8	82947474	82964513	17039	13	0	0	2	co_linked	co_linked	2-1	2-1	True	15	0.157	0.169	gain	FP	FP
chr8	82947474	82964582	17108	13	0	0	2	co_linked	co_linked	2-1	2-1	True	15	0.157	0.169	gain	FP	FP
chr8	82947474	82966023	18549	11	0	0	2	co_linked	co_linked	2-1	2-1	True	13	0.157	0.276	gain	FP	FP
chr8	82947474	82967522	20048	10	0	0	1	sparse	co_linked	2-1	2-1	True	11	0.157	0.198	gain	FP	FP
chr8	82947474	82967873	20399	10	0	0	1	sparse	co_linked	2-1	2-1	True	11	0.157	0.202	gain	FP	FP
chr8	82948119	82949763	1644	64	0	0	9	co_linked	co_linked	2-1	2-1	True	73	0.154	0.141	gain	FP	FP
chr8	82948119	82949994	1875	64	0	0	9	co_linked	co_linked	2-1	2-1	True	73	0.154	0.149	gain	FP	FP
chr8	82948119	82950212	2093	63	0	0	9	co_linked	co_linked	2-1	2-1	True	72	0.154	0.154	gain	FP	FP
chr8	82948119	82950337	2218	63	0	0	9	co_linked	co_linked	2-1	2-1	True	72	0.154	0.151	gain	FP	FP
chr8	82948119	82950729	2610	61	0	0	9	co_linked	co_linked	2-1	2-1	True	70	0.154	0.144	gain	FP	FP
chr8	82948119	82951103	2984	58	0	0	9	co_linked	co_linked	2-1	2-1	True	67	0.154	0.156	gain	FP	FP
chr8	82948119	82951368	3249	57	0	0	9	co_linked	co_linked	2-1	2-1	True	66	0.154	0.17	gain	FP	FP
chr8	82948119	82953203	5084	47	0	0	6	co_linked	co_linked	2-1	2-1	True	53	0.154	0.11	gain	FP	FP
chr8	82948119	82954454	6335	42	0	0	6	co_linked	co_linked	2-1	2-1	True	48	0.154	0.129	gain	FP	FP
chr8	82948119	82955515	7396	36	0	0	6	co_linked	co_linked	2-1	2-1	True	42	0.154	0.127	gain	FP	FP
chr8	82948119	82955572	7453	36	0	0	6	co_linked	co_linked	2-1	2-1	True	42	0.154	0.175	gain	FP	FP
chr8	82948119	82956096	7977	36	0	0	6	co_linked	co_linked	2-1	2-1	True	42	0.154	0.16	gain	FP	FP
chr8	82948119	82956334	8215	35	0	0	6	co_linked	co_linked	2-1	2-1	True	41	0.154	0.15	gain	FP	FP
chr8	82948119	82956596	8477	32	0	0	5	co_linked	co_linked	2-1	2-1	True	37	0.154	0.143	gain	FP	FP
chr8	82948119	82956893	8774	31	0	0	6	co_linked	co_linked	2-1	2-1	True	37	0.154	0.195	gain	FP	FP
chr8	82948119	82957533	9414	26	0	0	6	co_linked	co_linked	2-1	2-1	True	32	0.154	0.141	gain	FP	FP
chr8	82948119	82958389	10270	23	0	0	6	co_linked	co_linked	2-1	2-1	True	29	0.154	0.167	gain	FP	FP
chr8	82948119	82958944	10825	20	0	0	6	co_linked	co_linked	2-1	2-1	True	26	0.154	0.173	gain	FP	FP
chr8	82948119	82959308	11189	18	0	0	5	co_linked	co_linked	2-1	2-1	True	23	0.154	0.182	gain	FP	FP
chr8	82948119	82960913	12794	18	0	0	3	co_linked	co_linked	2-1	2-1	True	21	0.154	0.128	gain	FP	FP
chr8	82948119	82960917	12798	17	0	0	4	co_linked	co_linked	2-1	2-1	True	21	0.154	0.163	gain	FP	FP
chr8	82948119	82961182	13063	18	0	0	4	co_linked	co_linked	2-1	2-1	True	22	0.154	0.15	gain	FP	FP
chr8	82948119	82961909	13790	15	0	0	3	co_linked	co_linked	2-1	2-1	True	18	0.154	0.211	gain	FP	FP
chr8	82948119	82962200	14081	16	0	0	3	co_linked	co_linked	2-1	2-1	True	19	0.154	0.154	gain	FP	FP
chr8	82948119	82963397	15278	14	0	0	3	co_linked	co_linked	2-1	2-1	True	17	0.154	0.184	gain	FP	FP
chr8	82948119	82963589	15470	14	0	0	2	co_linked	co_linked	2-1	2-1	True	16	0.154	0.185	gain	FP	FP
chr8	82948119	82963666	15547	14	0	0	2	co_linked	co_linked	2-1	2-1	True	16	0.154	0.175	gain	FP	FP
chr8	82948119	82963744	15625	14	0	0	2	co_linked	co_linked	2-1	2-1	True	16	0.154	0.175	gain	FP	FP
chr8	82948119	82964441	16322	14	0	0	2	co_linked	co_linked	2-1	2-1	True	16	0.154	0.181	gain	FP	FP
chr8	82948119	82964513	16394	14	0	0	2	co_linked	co_linked	2-1	2-1	True	16	0.154	0.169	gain	FP	FP
chr8	82948119	82964582	16463	14	0	0	2	co_linked	co_linked	2-1	2-1	True	16	0.154	0.169	gain	FP	FP
chr8	82948119	82966023	17904	12	0	0	2	co_linked	co_linked	2-1	2-1	True	14	0.154	0.276	gain	FP	FP
chr8	82948119	82967522	19403	10	0	0	1	sparse	co_linked	2-1	2-1	True	11	0.154	0.198	gain	FP	FP
chr8	82948119	82967873	19754	10	0	0	1	sparse	co_linked	2-1	2-1	True	11	0.154	0.202	gain	FP	FP
chr8	82949340	82951368	2028	59	0	0	11	co_linked	co_linked	2-1	2-1	True	70	0.157	0.17	gain	FP	FP
chr8	82949340	82953203	3863	49	0	0	8	co_linked	co_linked	2-1	2-1	True	57	0.157	0.11	gain	FP	FP
chr8	82949340	82954454	5114	43	0	0	8	co_linked	co_linked	2-1	2-1	True	51	0.157	0.129	gain	FP	FP
chr8	82949340	82955515	6175	38	0	0	7	co_linked	co_linked	2-1	2-1	True	45	0.157	0.127	gain	FP	FP
chr8	82949340	82955572	6232	38	0	0	7	co_linked	co_linked	2-1	2-1	True	45	0.157	0.175	gain	FP	FP
chr8	82949340	82956096	6756	38	0	0	7	co_linked	co_linked	2-1	2-1	True	45	0.157	0.16	gain	FP	FP
chr8	82949340	82956334	6994	37	0	0	7	co_linked	co_linked	2-1	2-1	True	44	0.157	0.15	gain	FP	FP
chr8	82949340	82956596	7256	33	0	0	6	co_linked	co_linked	2-1	2-1	True	39	0.157	0.143	gain	FP	FP
chr8	82949340	82956893	7553	32	0	0	7	co_linked	co_linked	2-1	2-1	True	39	0.157	0.195	gain	FP	FP
chr8	82949340	82957533	8193	27	0	0	7	co_linked	co_linked	2-1	2-1	True	34	0.157	0.141	gain	FP	FP
chr8	82949340	82958389	9049	24	0	0	7	co_linked	co_linked	2-1	2-1	True	31	0.157	0.167	gain	FP	FP
chr8	82949340	82958944	9604	21	0	0	7	co_linked	co_linked	2-1	2-1	True	28	0.157	0.173	gain	FP	FP
chr8	82949340	82959308	9968	19	0	0	6	co_linked	co_linked	2-1	2-1	True	25	0.157	0.182	gain	FP	FP
chr8	82949340	82960913	11573	19	0	0	4	co_linked	co_linked	2-1	2-1	True	23	0.157	0.128	gain	FP	FP
chr8	82949340	82960917	11577	18	0	0	5	co_linked	co_linked	2-1	2-1	True	23	0.157	0.163	gain	FP	FP
chr8	82949340	82961182	11842	19	0	0	5	co_linked	co_linked	2-1	2-1	True	24	0.157	0.15	gain	FP	FP
chr8	82949340	82961909	12569	16	0	0	4	co_linked	co_linked	2-1	2-1	True	20	0.157	0.211	gain	FP	FP
chr8	82949340	82962200	12860	17	0	0	4	co_linked	co_linked	2-1	2-1	True	21	0.157	0.154	gain	FP	FP
chr8	82949340	82963397	14057	14	0	0	4	co_linked	co_linked	2-1	2-1	True	18	0.157	0.184	gain	FP	FP
chr8	82949340	82963589	14249	14	0	0	3	co_linked	co_linked	2-1	2-1	True	17	0.157	0.185	gain	FP	FP
chr8	82949340	82963666	14326	14	0	0	3	co_linked	co_linked	2-1	2-1	True	17	0.157	0.175	gain	FP	FP
chr8	82949340	82963744	14404	14	0	0	3	co_linked	co_linked	2-1	2-1	True	17	0.157	0.175	gain	FP	FP
chr8	82949340	82964441	15101	14	0	0	3	co_linked	co_linked	2-1	2-1	True	17	0.157	0.181	gain	FP	FP
chr8	82949340	82964513	15173	14	0	0	3	co_linked	co_linked	2-1	2-1	True	17	0.157	0.169	gain	FP	FP
chr8	82949340	82964582	15242	14	0	0	3	co_linked	co_linked	2-1	2-1	True	17	0.157	0.169	gain	FP	FP
chr8	82949340	82966023	16683	12	0	0	3	co_linked	co_linked	2-1	2-1	True	15	0.157	0.276	gain	FP	FP
chr8	82949340	82967522	18182	10	0	0	2	co_linked	co_linked	2-1	2-1	True	12	0.157	0.198	gain	FP	FP
chr8	82949340	82967873	18533	10	0	0	2	co_linked	co_linked	2-1	2-1	True	12	0.157	0.202	gain	FP	FP
chr8	82949340	82970193	20853	10	0	0	1	sparse	co_linked	2-1	2-1	True	11	0.157	0.237	gain	FP	FP
chr8	82949340	82971493	22153	8	0	0	1	sparse	co_linked	2-1	2-1	True	9	0.157	0.211	gain	FP	FP
chr8	82949763	82949994	231	73	0	0	12	co_linked	co_linked	2-1	2-1	True	85	0.141	0.149	gain	FP	FP
chr8	82949763	82950212	449	72	0	0	12	co_linked	co_linked	2-1	2-1	True	84	0.141	0.154	gain	FP	FP
chr8	82949763	82950337	574	72	0	0	12	co_linked	co_linked	2-1	2-1	True	84	0.141	0.151	gain	FP	FP
chr8	82949763	82950729	966	70	0	0	12	co_linked	co_linked	2-1	2-1	True	82	0.141	0.144	gain	FP	FP
chr8	82949763	82951103	1340	66	0	0	12	co_linked	co_linked	2-1	2-1	True	78	0.141	0.156	gain	FP	FP
chr8	82949763	82951368	1605	65	0	0	12	co_linked	co_linked	2-1	2-1	True	77	0.141	0.17	gain	FP	FP
chr8	82949763	82953203	3440	53	0	0	9	co_linked	co_linked	2-1	2-1	True	62	0.141	0.11	gain	FP	FP
chr8	82949763	82954454	4691	46	0	0	9	co_linked	co_linked	2-1	2-1	True	55	0.141	0.129	gain	FP	FP
chr8	82949763	82955515	5752	40	0	0	7	co_linked	co_linked	2-1	2-1	True	47	0.141	0.127	gain	FP	FP
chr8	82949763	82955572	5809	40	0	0	7	co_linked	co_linked	2-1	2-1	True	47	0.141	0.175	gain	FP	FP
chr8	82949763	82956096	6333	40	0	0	7	co_linked	co_linked	2-1	2-1	True	47	0.141	0.16	gain	FP	FP
chr8	82949763	82956334	6571	39	0	0	7	co_linked	co_linked	2-1	2-1	True	46	0.141	0.15	gain	FP	FP
chr8	82949763	82956596	6833	35	0	0	6	co_linked	co_linked	2-1	2-1	True	41	0.141	0.143	gain	FP	FP
chr8	82949763	82956893	7130	34	0	0	7	co_linked	co_linked	2-1	2-1	True	41	0.141	0.195	gain	FP	FP
chr8	82949763	82957533	7770	29	0	0	7	co_linked	co_linked	2-1	2-1	True	36	0.141	0.141	gain	FP	FP
chr8	82949763	82958389	8626	26	0	0	7	co_linked	co_linked	2-1	2-1	True	33	0.141	0.167	gain	FP	FP
chr8	82949763	82958944	9181	23	0	0	7	co_linked	co_linked	2-1	2-1	True	30	0.141	0.173	gain	FP	FP
chr8	82949763	82959308	9545	20	0	0	6	co_linked	co_linked	2-1	2-1	True	26	0.141	0.182	gain	FP	FP
chr8	82949763	82960913	11150	20	0	0	4	co_linked	co_linked	2-1	2-1	True	24	0.141	0.128	gain	FP	FP
chr8	82949763	82960917	11154	19	0	0	5	co_linked	co_linked	2-1	2-1	True	24	0.141	0.163	gain	FP	FP
chr8	82949763	82961182	11419	20	0	0	5	co_linked	co_linked	2-1	2-1	True	25	0.141	0.15	gain	FP	FP
chr8	82949763	82961909	12146	17	0	0	4	co_linked	co_linked	2-1	2-1	True	21	0.141	0.211	gain	FP	FP
chr8	82949763	82962200	12437	18	0	0	4	co_linked	co_linked	2-1	2-1	True	22	0.141	0.154	gain	FP	FP
chr8	82949763	82963397	13634	14	0	0	4	co_linked	co_linked	2-1	2-1	True	18	0.141	0.184	gain	FP	FP
chr8	82949763	82963589	13826	15	0	0	3	co_linked	co_linked	2-1	2-1	True	18	0.141	0.185	gain	FP	FP
chr8	82949763	82963666	13903	15	0	0	3	co_linked	co_linked	2-1	2-1	True	18	0.141	0.175	gain	FP	FP
chr8	82949763	82963744	13981	15	0	0	3	co_linked	co_linked	2-1	2-1	True	18	0.141	0.175	gain	FP	FP
chr8	82949763	82964441	14678	15	0	0	3	co_linked	co_linked	2-1	2-1	True	18	0.141	0.181	gain	FP	FP
chr8	82949763	82964513	14750	15	0	0	3	co_linked	co_linked	2-1	2-1	True	18	0.141	0.169	gain	FP	FP
chr8	82949763	82964582	14819	15	0	0	3	co_linked	co_linked	2-1	2-1	True	18	0.141	0.169	gain	FP	FP
chr8	82949763	82966023	16260	13	0	0	3	co_linked	co_linked	2-1	2-1	True	16	0.141	0.276	gain	FP	FP
chr8	82949763	82967522	17759	11	0	0	2	co_linked	co_linked	2-1	2-1	True	13	0.141	0.198	gain	FP	FP
chr8	82949763	82967873	18110	11	0	0	2	co_linked	co_linked	2-1	2-1	True	13	0.141	0.202	gain	FP	FP
chr8	82949763	82970193	20430	10	0	0	1	sparse	co_linked	2-1	2-1	True	11	0.141	0.237	gain	FP	FP
chr8	82949763	82971493	21730	8	0	0	1	sparse	co_linked	2-1	2-1	True	9	0.141	0.211	gain	FP	FP
chr8	82949897	82958944	9047	24	0	0	7	co_linked	co_linked	2-1	2-1	True	31	0.151	0.173	gain	FP	FP
chr8	82949897	82959308	9411	21	0	0	6	co_linked	co_linked	2-1	2-1	True	27	0.151	0.182	gain	FP	FP
chr8	82949897	82960913	11016	20	0	0	4	co_linked	co_linked	2-1	2-1	True	24	0.151	0.128	gain	FP	FP
chr8	82949897	82960917	11020	19	0	0	5	co_linked	co_linked	2-1	2-1	True	24	0.151	0.163	gain	FP	FP
chr8	82949897	82961182	11285	20	0	0	5	co_linked	co_linked	2-1	2-1	True	25	0.151	0.15	gain	FP	FP
chr8	82949897	82961909	12012	17	0	0	4	co_linked	co_linked	2-1	2-1	True	21	0.151	0.211	gain	FP	FP
chr8	82949897	82962200	12303	18	0	0	4	co_linked	co_linked	2-1	2-1	True	22	0.151	0.154	gain	FP	FP
chr8	82949897	82963397	13500	14	0	0	4	co_linked	co_linked	2-1	2-1	True	18	0.151	0.184	gain	FP	FP
chr8	82949897	82963589	13692	15	0	0	3	co_linked	co_linked	2-1	2-1	True	18	0.151	0.185	gain	FP	FP
chr8	82949897	82963666	13769	15	0	0	3	co_linked	co_linked	2-1	2-1	True	18	0.151	0.175	gain	FP	FP
chr8	82949897	82963744	13847	15	0	0	3	co_linked	co_linked	2-1	2-1	True	18	0.151	0.175	gain	FP	FP
chr8	82949897	82964441	14544	15	0	0	3	co_linked	co_linked	2-1	2-1	True	18	0.151	0.181	gain	FP	FP
chr8	82949897	82964513	14616	15	0	0	3	co_linked	co_linked	2-1	2-1	True	18	0.151	0.169	gain	FP	FP
chr8	82949897	82964582	14685	15	0	0	3	co_linked	co_linked	2-1	2-1	True	18	0.151	0.169	gain	FP	FP
chr8	82949897	82966023	16126	13	0	0	3	co_linked	co_linked	2-1	2-1	True	16	0.151	0.276	gain	FP	FP
chr8	82949897	82967522	17625	11	0	0	2	co_linked	co_linked	2-1	2-1	True	13	0.151	0.198	gain	FP	FP
chr8	82949897	82967873	17976	11	0	0	2	co_linked	co_linked	2-1	2-1	True	13	0.151	0.202	gain	FP	FP
chr8	82949897	82970193	20296	10	0	0	1	sparse	co_linked	2-1	2-1	True	11	0.151	0.237	gain	FP	FP
chr8	82949897	82971493	21596	8	0	0	1	sparse	co_linked	2-1	2-1	True	9	0.151	0.211	gain	FP	FP
chr8	82949994	82950212	218	73	0	0	13	co_linked	co_linked	2-1	2-1	True	86	0.149	0.154	gain	FP	FP
chr8	82949994	82950337	343	73	0	0	13	co_linked	co_linked	2-1	2-1	True	86	0.149	0.151	gain	FP	FP
chr8	82949994	82950729	735	71	0	0	12	co_linked	co_linked	2-1	2-1	True	83	0.149	0.144	gain	FP	FP
chr8	82949994	82951103	1109	67	0	0	12	co_linked	co_linked	2-1	2-1	True	79	0.149	0.156	gain	FP	FP
chr8	82949994	82951368	1374	66	0	0	12	co_linked	co_linked	2-1	2-1	True	78	0.149	0.17	gain	FP	FP
chr8	82949994	82953203	3209	54	0	0	9	co_linked	co_linked	2-1	2-1	True	63	0.149	0.11	gain	FP	FP
chr8	82949994	82954454	4460	47	0	0	9	co_linked	co_linked	2-1	2-1	True	56	0.149	0.129	gain	FP	FP
chr8	82949994	82955515	5521	41	0	0	7	co_linked	co_linked	2-1	2-1	True	48	0.149	0.127	gain	FP	FP
chr8	82949994	82955572	5578	41	0	0	7	co_linked	co_linked	2-1	2-1	True	48	0.149	0.175	gain	FP	FP
chr8	82949994	82956096	6102	41	0	0	7	co_linked	co_linked	2-1	2-1	True	48	0.149	0.16	gain	FP	FP
chr8	82949994	82956334	6340	40	0	0	7	co_linked	co_linked	2-1	2-1	True	47	0.149	0.15	gain	FP	FP
chr8	82949994	82956596	6602	36	0	0	6	co_linked	co_linked	2-1	2-1	True	42	0.149	0.143	gain	FP	FP
chr8	82949994	82956893	6899	35	0	0	7	co_linked	co_linked	2-1	2-1	True	42	0.149	0.195	gain	FP	FP
chr8	82949994	82957533	7539	30	0	0	7	co_linked	co_linked	2-1	2-1	True	37	0.149	0.141	gain	FP	FP
chr8	82949994	82958389	8395	27	0	0	7	co_linked	co_linked	2-1	2-1	True	34	0.149	0.167	gain	FP	FP
chr8	82949994	82958944	8950	24	0	0	7	co_linked	co_linked	2-1	2-1	True	31	0.149	0.173	gain	FP	FP
chr8	82949994	82959308	9314	21	0	0	6	co_linked	co_linked	2-1	2-1	True	27	0.149	0.182	gain	FP	FP
chr8	82949994	82960913	10919	20	0	0	4	co_linked	co_linked	2-1	2-1	True	24	0.149	0.128	gain	FP	FP
chr8	82949994	82960917	10923	19	0	0	5	co_linked	co_linked	2-1	2-1	True	24	0.149	0.163	gain	FP	FP
chr8	82949994	82961182	11188	20	0	0	5	co_linked	co_linked	2-1	2-1	True	25	0.149	0.15	gain	FP	FP
chr8	82949994	82961909	11915	17	0	0	4	co_linked	co_linked	2-1	2-1	True	21	0.149	0.211	gain	FP	FP
chr8	82949994	82962200	12206	18	0	0	4	co_linked	co_linked	2-1	2-1	True	22	0.149	0.154	gain	FP	FP
chr8	82949994	82963397	13403	14	0	0	4	co_linked	co_linked	2-1	2-1	True	18	0.149	0.184	gain	FP	FP
chr8	82949994	82963589	13595	15	0	0	3	co_linked	co_linked	2-1	2-1	True	18	0.149	0.185	gain	FP	FP
chr8	82949994	82963666	13672	15	0	0	3	co_linked	co_linked	2-1	2-1	True	18	0.149	0.175	gain	FP	FP
chr8	82949994	82963744	13750	15	0	0	3	co_linked	co_linked	2-1	2-1	True	18	0.149	0.175	gain	FP	FP
chr8	82949994	82964441	14447	15	0	0	3	co_linked	co_linked	2-1	2-1	True	18	0.149	0.181	gain	FP	FP
chr8	82949994	82964513	14519	15	0	0	3	co_linked	co_linked	2-1	2-1	True	18	0.149	0.169	gain	FP	FP
chr8	82949994	82964582	14588	15	0	0	3	co_linked	co_linked	2-1	2-1	True	18	0.149	0.169	gain	FP	FP
chr8	82949994	82966023	16029	13	0	0	3	co_linked	co_linked	2-1	2-1	True	16	0.149	0.276	gain	FP	FP
chr8	82949994	82967522	17528	11	0	0	2	co_linked	co_linked	2-1	2-1	True	13	0.149	0.198	gain	FP	FP
chr8	82949994	82967873	17879	11	0	0	2	co_linked	co_linked	2-1	2-1	True	13	0.149	0.202	gain	FP	FP
chr8	82949994	82970193	20199	10	0	0	1	sparse	co_linked	2-1	2-1	True	11	0.149	0.237	gain	FP	FP
chr8	82949994	82971493	21499	8	0	0	1	sparse	co_linked	2-1	2-1	True	9	0.149	0.211	gain	FP	FP
chr8	82950212	82950337	125	77	0	0	14	co_linked	co_linked	2-1	2-1	True	91	0.154	0.151	gain	FP	FP
chr8	82950212	82950729	517	75	0	0	13	co_linked	co_linked	2-1	2-1	True	88	0.154	0.144	gain	FP	FP
chr8	82950212	82951103	891	70	0	0	13	co_linked	co_linked	2-1	2-1	True	83	0.154	0.156	gain	FP	FP
chr8	82950212	82951368	1156	69	0	0	13	co_linked	co_linked	2-1	2-1	True	82	0.154	0.17	gain	FP	FP
chr8	82950212	82953203	2991	57	0	0	9	co_linked	co_linked	2-1	2-1	True	66	0.154	0.11	gain	FP	FP
chr8	82950212	82954454	4242	50	0	0	9	co_linked	co_linked	2-1	2-1	True	59	0.154	0.129	gain	FP	FP
chr8	82950212	82955515	5303	44	0	0	7	co_linked	co_linked	2-1	2-1	True	51	0.154	0.127	gain	FP	FP
chr8	82950212	82955572	5360	44	0	0	7	co_linked	co_linked	2-1	2-1	True	51	0.154	0.175	gain	FP	FP
chr8	82950212	82956096	5884	44	0	0	7	co_linked	co_linked	2-1	2-1	True	51	0.154	0.16	gain	FP	FP
chr8	82950212	82956334	6122	43	0	0	7	co_linked	co_linked	2-1	2-1	True	50	0.154	0.15	gain	FP	FP
chr8	82950212	82956596	6384	39	0	0	6	co_linked	co_linked	2-1	2-1	True	45	0.154	0.143	gain	FP	FP
chr8	82950212	82956893	6681	38	0	0	7	co_linked	co_linked	2-1	2-1	True	45	0.154	0.195	gain	FP	FP
chr8	82950212	82957533	7321	33	0	0	7	co_linked	co_linked	2-1	2-1	True	40	0.154	0.141	gain	FP	FP
chr8	82950212	82958389	8177	30	0	0	7	co_linked	co_linked	2-1	2-1	True	37	0.154	0.167	gain	FP	FP
chr8	82950212	82958944	8732	27	0	0	7	co_linked	co_linked	2-1	2-1	True	34	0.154	0.173	gain	FP	FP
chr8	82950212	82959308	9096	23	0	0	6	co_linked	co_linked	2-1	2-1	True	29	0.154	0.182	gain	FP	FP
chr8	82950212	82960913	10701	23	0	0	4	co_linked	co_linked	2-1	2-1	True	27	0.154	0.128	gain	FP	FP
chr8	82950212	82960917	10705	22	0	0	5	co_linked	co_linked	2-1	2-1	True	27	0.154	0.163	gain	FP	FP
chr8	82950212	82961182	10970	23	0	0	5	co_linked	co_linked	2-1	2-1	True	28	0.154	0.15	gain	FP	FP
chr8	82950212	82961909	11697	20	0	0	4	co_linked	co_linked	2-1	2-1	True	24	0.154	0.211	gain	FP	FP
chr8	82950212	82962200	11988	21	0	0	4	co_linked	co_linked	2-1	2-1	True	25	0.154	0.154	gain	FP	FP
chr8	82950212	82963397	13185	15	0	0	4	co_linked	co_linked	2-1	2-1	True	19	0.154	0.184	gain	FP	FP
chr8	82950212	82963589	13377	16	0	0	3	co_linked	co_linked	2-1	2-1	True	19	0.154	0.185	gain	FP	FP
chr8	82950212	82963666	13454	16	0	0	3	co_linked	co_linked	2-1	2-1	True	19	0.154	0.175	gain	FP	FP
chr8	82950212	82963744	13532	16	0	0	3	co_linked	co_linked	2-1	2-1	True	19	0.154	0.175	gain	FP	FP
chr8	82950212	82964441	14229	16	0	0	3	co_linked	co_linked	2-1	2-1	True	19	0.154	0.181	gain	FP	FP
chr8	82950212	82964513	14301	16	0	0	3	co_linked	co_linked	2-1	2-1	True	19	0.154	0.169	gain	FP	FP
chr8	82950212	82964582	14370	16	0	0	3	co_linked	co_linked	2-1	2-1	True	19	0.154	0.169	gain	FP	FP
chr8	82950212	82966023	15811	13	0	0	3	co_linked	co_linked	2-1	2-1	True	16	0.154	0.276	gain	FP	FP
chr8	82950212	82967522	17310	12	0	0	2	co_linked	co_linked	2-1	2-1	True	14	0.154	0.198	gain	FP	FP
chr8	82950212	82967873	17661	12	0	0	2	co_linked	co_linked	2-1	2-1	True	14	0.154	0.202	gain	FP	FP
chr8	82950212	82970193	19981	11	0	0	1	sparse	co_linked	2-1	2-1	True	12	0.154	0.237	gain	FP	FP
chr8	82950212	82971493	21281	9	0	0	1	sparse	co_linked	2-1	2-1	True	10	0.154	0.211	gain	FP	FP
chr8	82950337	82950729	392	76	0	0	13	co_linked	co_linked	2-1	2-1	True	89	0.151	0.144	gain	FP	FP
chr8	82950337	82951103	766	71	0	0	13	co_linked	co_linked	2-1	2-1	True	84	0.151	0.156	gain	FP	FP
chr8	82950337	82951368	1031	70	0	0	13	co_linked	co_linked	2-1	2-1	True	83	0.151	0.17	gain	FP	FP
chr8	82950337	82953203	2866	58	0	0	9	co_linked	co_linked	2-1	2-1	True	67	0.151	0.11	gain	FP	FP
chr8	82950337	82954454	4117	51	0	0	9	co_linked	co_linked	2-1	2-1	True	60	0.151	0.129	gain	FP	FP
chr8	82950337	82955515	5178	45	0	0	7	co_linked	co_linked	2-1	2-1	True	52	0.151	0.127	gain	FP	FP
chr8	82950337	82955572	5235	45	0	0	7	co_linked	co_linked	2-1	2-1	True	52	0.151	0.175	gain	FP	FP
chr8	82950337	82956096	5759	45	0	0	7	co_linked	co_linked	2-1	2-1	True	52	0.151	0.16	gain	FP	FP
chr8	82950337	82956334	5997	44	0	0	7	co_linked	co_linked	2-1	2-1	True	51	0.151	0.15	gain	FP	FP
chr8	82950337	82956596	6259	40	0	0	6	co_linked	co_linked	2-1	2-1	True	46	0.151	0.143	gain	FP	FP
chr8	82950337	82956893	6556	39	0	0	7	co_linked	co_linked	2-1	2-1	True	46	0.151	0.195	gain	FP	FP
chr8	82950337	82957533	7196	33	0	0	7	co_linked	co_linked	2-1	2-1	True	40	0.151	0.141	gain	FP	FP
chr8	82950337	82958389	8052	30	0	0	7	co_linked	co_linked	2-1	2-1	True	37	0.151	0.167	gain	FP	FP
chr8	82950337	82958944	8607	27	0	0	7	co_linked	co_linked	2-1	2-1	True	34	0.151	0.173	gain	FP	FP
chr8	82950337	82959308	8971	23	0	0	6	co_linked	co_linked	2-1	2-1	True	29	0.151	0.182	gain	FP	FP
chr8	82950337	82960913	10576	23	0	0	4	co_linked	co_linked	2-1	2-1	True	27	0.151	0.128	gain	FP	FP
chr8	82950337	82960917	10580	22	0	0	5	co_linked	co_linked	2-1	2-1	True	27	0.151	0.163	gain	FP	FP
chr8	82950337	82961182	10845	23	0	0	5	co_linked	co_linked	2-1	2-1	True	28	0.151	0.15	gain	FP	FP
chr8	82950337	82961909	11572	20	0	0	4	co_linked	co_linked	2-1	2-1	True	24	0.151	0.211	gain	FP	FP
chr8	82950337	82962200	11863	21	0	0	4	co_linked	co_linked	2-1	2-1	True	25	0.151	0.154	gain	FP	FP
chr8	82950337	82963397	13060	15	0	0	4	co_linked	co_linked	2-1	2-1	True	19	0.151	0.184	gain	FP	FP
chr8	82950337	82963589	13252	16	0	0	3	co_linked	co_linked	2-1	2-1	True	19	0.151	0.185	gain	FP	FP
chr8	82950337	82963666	13329	16	0	0	3	co_linked	co_linked	2-1	2-1	True	19	0.151	0.175	gain	FP	FP
chr8	82950337	82963744	13407	16	0	0	3	co_linked	co_linked	2-1	2-1	True	19	0.151	0.175	gain	FP	FP
chr8	82950337	82964441	14104	16	0	0	3	co_linked	co_linked	2-1	2-1	True	19	0.151	0.181	gain	FP	FP
chr8	82950337	82964513	14176	16	0	0	3	co_linked	co_linked	2-1	2-1	True	19	0.151	0.169	gain	FP	FP
chr8	82950337	82964582	14245	16	0	0	3	co_linked	co_linked	2-1	2-1	True	19	0.151	0.169	gain	FP	FP
chr8	82950337	82966023	15686	13	0	0	3	co_linked	co_linked	2-1	2-1	True	16	0.151	0.276	gain	FP	FP
chr8	82950337	82967522	17185	12	0	0	2	co_linked	co_linked	2-1	2-1	True	14	0.151	0.198	gain	FP	FP
chr8	82950337	82967873	17536	12	0	0	2	co_linked	co_linked	2-1	2-1	True	14	0.151	0.202	gain	FP	FP
chr8	82950337	82970193	19856	11	0	0	1	sparse	co_linked	2-1	2-1	True	12	0.151	0.237	gain	FP	FP
chr8	82950337	82971493	21156	9	0	0	1	sparse	co_linked	2-1	2-1	True	10	0.151	0.211	gain	FP	FP
chr8	82950729	82951103	374	72	0	0	13	co_linked	co_linked	2-1	2-1	True	85	0.144	0.156	gain	FP	FP
chr8	82950729	82951368	639	71	0	0	13	co_linked	co_linked	2-1	2-1	True	84	0.144	0.17	gain	FP	FP
chr8	82950729	82953203	2474	59	0	0	9	co_linked	co_linked	2-1	2-1	True	68	0.144	0.11	gain	FP	FP
chr8	82950729	82954454	3725	52	0	0	9	co_linked	co_linked	2-1	2-1	True	61	0.144	0.129	gain	FP	FP
chr8	82950729	82955515	4786	46	0	0	7	co_linked	co_linked	2-1	2-1	True	53	0.144	0.127	gain	FP	FP
chr8	82950729	82955572	4843	46	0	0	7	co_linked	co_linked	2-1	2-1	True	53	0.144	0.175	gain	FP	FP
chr8	82950729	82956096	5367	46	0	0	7	co_linked	co_linked	2-1	2-1	True	53	0.144	0.16	gain	FP	FP
chr8	82950729	82956334	5605	45	0	0	7	co_linked	co_linked	2-1	2-1	True	52	0.144	0.15	gain	FP	FP
chr8	82950729	82956596	5867	41	0	0	6	co_linked	co_linked	2-1	2-1	True	47	0.144	0.143	gain	FP	FP
chr8	82950729	82957533	6804	34	0	0	7	co_linked	co_linked	2-1	2-1	True	41	0.144	0.141	gain	FP	FP
chr8	82950729	82958389	7660	31	0	0	7	co_linked	co_linked	2-1	2-1	True	38	0.144	0.167	gain	FP	FP
chr8	82950729	82958944	8215	28	0	0	7	co_linked	co_linked	2-1	2-1	True	35	0.144	0.173	gain	FP	FP
chr8	82950729	82959308	8579	24	0	0	6	co_linked	co_linked	2-1	2-1	True	30	0.144	0.182	gain	FP	FP
chr8	82950729	82960913	10184	24	0	0	4	co_linked	co_linked	2-1	2-1	True	28	0.144	0.128	gain	FP	FP
chr8	82950729	82960917	10188	23	0	0	5	co_linked	co_linked	2-1	2-1	True	28	0.144	0.163	gain	FP	FP
chr8	82950729	82961182	10453	24	0	0	5	co_linked	co_linked	2-1	2-1	True	29	0.144	0.15	gain	FP	FP
chr8	82950729	82961909	11180	21	0	0	4	co_linked	co_linked	2-1	2-1	True	25	0.144	0.211	gain	FP	FP
chr8	82950729	82962200	11471	22	0	0	4	co_linked	co_linked	2-1	2-1	True	26	0.144	0.154	gain	FP	FP
chr8	82950729	82963397	12668	16	0	0	4	co_linked	co_linked	2-1	2-1	True	20	0.144	0.184	gain	FP	FP
chr8	82950729	82963589	12860	17	0	0	3	co_linked	co_linked	2-1	2-1	True	20	0.144	0.185	gain	FP	FP
chr8	82950729	82963666	12937	17	0	0	3	co_linked	co_linked	2-1	2-1	True	20	0.144	0.175	gain	FP	FP
chr8	82950729	82963744	13015	17	0	0	3	co_linked	co_linked	2-1	2-1	True	20	0.144	0.175	gain	FP	FP
chr8	82950729	82964441	13712	17	0	0	3	co_linked	co_linked	2-1	2-1	True	20	0.144	0.181	gain	FP	FP
chr8	82950729	82964513	13784	17	0	0	3	co_linked	co_linked	2-1	2-1	True	20	0.144	0.169	gain	FP	FP
chr8	82950729	82964582	13853	17	0	0	3	co_linked	co_linked	2-1	2-1	True	20	0.144	0.169	gain	FP	FP
chr8	82950729	82966023	15294	14	0	0	3	co_linked	co_linked	2-1	2-1	True	17	0.144	0.276	gain	FP	FP
chr8	82950729	82967522	16793	13	0	0	2	co_linked	co_linked	2-1	2-1	True	15	0.144	0.198	gain	FP	FP
chr8	82950729	82967873	17144	13	0	0	2	co_linked	co_linked	2-1	2-1	True	15	0.144	0.202	gain	FP	FP
chr8	82950729	82970193	19464	12	0	0	1	sparse	co_linked	2-1	2-1	True	13	0.144	0.237	gain	FP	FP
chr8	82950729	82971493	20764	10	0	0	1	sparse	co_linked	2-1	2-1	True	11	0.144	0.211	gain	FP	FP
chr8	82951103	82951368	265	75	0	0	14	co_linked	co_linked	2-1	2-1	True	89	0.156	0.17	gain	FP	FP
chr8	82951103	82953203	2100	60	0	0	9	co_linked	co_linked	2-1	2-1	True	69	0.156	0.11	gain	FP	FP
chr8	82951103	82954454	3351	53	0	0	9	co_linked	co_linked	2-1	2-1	True	62	0.156	0.129	gain	FP	FP
chr8	82951103	82955515	4412	46	0	0	7	co_linked	co_linked	2-1	2-1	True	53	0.156	0.127	gain	FP	FP
chr8	82951103	82955572	4469	46	0	0	7	co_linked	co_linked	2-1	2-1	True	53	0.156	0.175	gain	FP	FP
chr8	82951103	82956096	4993	46	0	0	7	co_linked	co_linked	2-1	2-1	True	53	0.156	0.16	gain	FP	FP
chr8	82951103	82956334	5231	45	0	0	7	co_linked	co_linked	2-1	2-1	True	52	0.156	0.15	gain	FP	FP
chr8	82951103	82956596	5493	41	0	0	6	co_linked	co_linked	2-1	2-1	True	47	0.156	0.143	gain	FP	FP
chr8	82951103	82957533	6430	34	0	0	7	co_linked	co_linked	2-1	2-1	True	41	0.156	0.141	gain	FP	FP
chr8	82951103	82958389	7286	31	0	0	7	co_linked	co_linked	2-1	2-1	True	38	0.156	0.167	gain	FP	FP
chr8	82951103	82958944	7841	28	0	0	7	co_linked	co_linked	2-1	2-1	True	35	0.156	0.173	gain	FP	FP
chr8	82951103	82959308	8205	24	0	0	6	co_linked	co_linked	2-1	2-1	True	30	0.156	0.182	gain	FP	FP
chr8	82951103	82960913	9810	24	0	0	4	co_linked	co_linked	2-1	2-1	True	28	0.156	0.128	gain	FP	FP
chr8	82951103	82960917	9814	23	0	0	5	co_linked	co_linked	2-1	2-1	True	28	0.156	0.163	gain	FP	FP
chr8	82951103	82961182	10079	24	0	0	5	co_linked	co_linked	2-1	2-1	True	29	0.156	0.15	gain	FP	FP
chr8	82951103	82961909	10806	21	0	0	4	co_linked	co_linked	2-1	2-1	True	25	0.156	0.211	gain	FP	FP
chr8	82951103	82962200	11097	22	0	0	4	co_linked	co_linked	2-1	2-1	True	26	0.156	0.154	gain	FP	FP
chr8	82951103	82963397	12294	16	0	0	4	co_linked	co_linked	2-1	2-1	True	20	0.156	0.184	gain	FP	FP
chr8	82951103	82963589	12486	17	0	0	3	co_linked	co_linked	2-1	2-1	True	20	0.156	0.185	gain	FP	FP
chr8	82951103	82963666	12563	17	0	0	3	co_linked	co_linked	2-1	2-1	True	20	0.156	0.175	gain	FP	FP
chr8	82951103	82963744	12641	17	0	0	3	co_linked	co_linked	2-1	2-1	True	20	0.156	0.175	gain	FP	FP
chr8	82951103	82964441	13338	17	0	0	3	co_linked	co_linked	2-1	2-1	True	20	0.156	0.181	gain	FP	FP
chr8	82951103	82964513	13410	17	0	0	3	co_linked	co_linked	2-1	2-1	True	20	0.156	0.169	gain	FP	FP
chr8	82951103	82964582	13479	17	0	0	3	co_linked	co_linked	2-1	2-1	True	20	0.156	0.169	gain	FP	FP
chr8	82951103	82966023	14920	14	0	0	3	co_linked	co_linked	2-1	2-1	True	17	0.156	0.276	gain	FP	FP
chr8	82951103	82967522	16419	13	0	0	2	co_linked	co_linked	2-1	2-1	True	15	0.156	0.198	gain	FP	FP
chr8	82951103	82967873	16770	13	0	0	2	co_linked	co_linked	2-1	2-1	True	15	0.156	0.202	gain	FP	FP
chr8	82951103	82970193	19090	12	0	0	1	sparse	co_linked	2-1	2-1	True	13	0.156	0.237	gain	FP	FP
chr8	82951103	82971493	20390	10	0	0	1	sparse	co_linked	2-1	2-1	True	11	0.156	0.211	gain	FP	FP
chr8	82951368	82953203	1835	62	0	0	9	co_linked	co_linked	2-1	2-1	True	71	0.17	0.11	gain	FP	FP
chr8	82951368	82954454	3086	53	0	0	9	co_linked	co_linked	2-1	2-1	True	62	0.17	0.129	gain	FP	FP
chr8	82951368	82955515	4147	46	0	0	7	co_linked	co_linked	2-1	2-1	True	53	0.17	0.127	gain	FP	FP
chr8	82951368	82955572	4204	46	0	0	7	co_linked	co_linked	2-1	2-1	True	53	0.17	0.175	gain	FP	FP
chr8	82951368	82956096	4728	46	0	0	7	co_linked	co_linked	2-1	2-1	True	53	0.17	0.16	gain	FP	FP
chr8	82951368	82956334	4966	45	0	0	7	co_linked	co_linked	2-1	2-1	True	52	0.17	0.15	gain	FP	FP
chr8	82951368	82956596	5228	41	0	0	6	co_linked	co_linked	2-1	2-1	True	47	0.17	0.143	gain	FP	FP
chr8	82951368	82957533	6165	34	0	0	7	co_linked	co_linked	2-1	2-1	True	41	0.17	0.141	gain	FP	FP
chr8	82951368	82958389	7021	31	0	0	7	co_linked	co_linked	2-1	2-1	True	38	0.17	0.167	gain	FP	FP
chr8	82951368	82958944	7576	28	0	0	7	co_linked	co_linked	2-1	2-1	True	35	0.17	0.173	gain	FP	FP
chr8	82951368	82959308	7940	24	0	0	6	co_linked	co_linked	2-1	2-1	True	30	0.17	0.182	gain	FP	FP
chr8	82951368	82960913	9545	24	0	0	4	co_linked	co_linked	2-1	2-1	True	28	0.17	0.128	gain	FP	FP
chr8	82951368	82960917	9549	23	0	0	5	co_linked	co_linked	2-1	2-1	True	28	0.17	0.163	gain	FP	FP
chr8	82951368	82961182	9814	24	0	0	5	co_linked	co_linked	2-1	2-1	True	29	0.17	0.15	gain	FP	FP
chr8	82951368	82961909	10541	21	0	0	4	co_linked	co_linked	2-1	2-1	True	25	0.17	0.211	gain	FP	FP
chr8	82951368	82962200	10832	22	0	0	4	co_linked	co_linked	2-1	2-1	True	26	0.17	0.154	gain	FP	FP
chr8	82951368	82963397	12029	16	0	0	4	co_linked	co_linked	2-1	2-1	True	20	0.17	0.184	gain	FP	FP
chr8	82951368	82963589	12221	17	0	0	3	co_linked	co_linked	2-1	2-1	True	20	0.17	0.185	gain	FP	FP
chr8	82951368	82963666	12298	17	0	0	3	co_linked	co_linked	2-1	2-1	True	20	0.17	0.175	gain	FP	FP
chr8	82951368	82963744	12376	17	0	0	3	co_linked	co_linked	2-1	2-1	True	20	0.17	0.175	gain	FP	FP
chr8	82951368	82964441	13073	17	0	0	3	co_linked	co_linked	2-1	2-1	True	20	0.17	0.181	gain	FP	FP
chr8	82951368	82964513	13145	17	0	0	3	co_linked	co_linked	2-1	2-1	True	20	0.17	0.169	gain	FP	FP
chr8	82951368	82964582	13214	17	0	0	3	co_linked	co_linked	2-1	2-1	True	20	0.17	0.169	gain	FP	FP
chr8	82951368	82966023	14655	14	0	0	3	co_linked	co_linked	2-1	2-1	True	17	0.17	0.276	gain	FP	FP
chr8	82951368	82967522	16154	13	0	0	2	co_linked	co_linked	2-1	2-1	True	15	0.17	0.198	gain	FP	FP
chr8	82951368	82967873	16505	13	0	0	2	co_linked	co_linked	2-1	2-1	True	15	0.17	0.202	gain	FP	FP
chr8	82951368	82970193	18825	12	0	0	1	sparse	co_linked	2-1	2-1	True	13	0.17	0.237	gain	FP	FP
chr8	82951368	82971493	20125	10	0	0	1	sparse	co_linked	2-1	2-1	True	11	0.17	0.211	gain	FP	FP
chr8	82951558	82957533	5975	34	0	0	7	co_linked	co_linked	2-1	2-1	True	41	0.185	0.141	gain	FP	FP
chr8	82951558	82958389	6831	31	0	0	7	co_linked	co_linked	2-1	2-1	True	38	0.185	0.167	gain	FP	FP
chr8	82951558	82958944	7386	28	0	0	7	co_linked	co_linked	2-1	2-1	True	35	0.185	0.173	gain	FP	FP
chr8	82951558	82959308	7750	24	0	0	6	co_linked	co_linked	2-1	2-1	True	30	0.185	0.182	gain	FP	FP
chr8	82951558	82960913	9355	24	0	0	4	co_linked	co_linked	2-1	2-1	True	28	0.185	0.128	gain	FP	FP
chr8	82951558	82960917	9359	23	0	0	5	co_linked	co_linked	2-1	2-1	True	28	0.185	0.163	gain	FP	FP
chr8	82951558	82961182	9624	24	0	0	5	co_linked	co_linked	2-1	2-1	True	29	0.185	0.15	gain	FP	FP
chr8	82951558	82961909	10351	21	0	0	4	co_linked	co_linked	2-1	2-1	True	25	0.185	0.211	gain	FP	FP
chr8	82951558	82962200	10642	22	0	0	4	co_linked	co_linked	2-1	2-1	True	26	0.185	0.154	gain	FP	FP
chr8	82951558	82963397	11839	16	0	0	4	co_linked	co_linked	2-1	2-1	True	20	0.185	0.184	gain	FP	FP
chr8	82951558	82963589	12031	17	0	0	3	co_linked	co_linked	2-1	2-1	True	20	0.185	0.185	gain	FP	FP
chr8	82951558	82963666	12108	17	0	0	3	co_linked	co_linked	2-1	2-1	True	20	0.185	0.175	gain	FP	FP
chr8	82951558	82963744	12186	17	0	0	3	co_linked	co_linked	2-1	2-1	True	20	0.185	0.175	gain	FP	FP
chr8	82951558	82964441	12883	17	0	0	3	co_linked	co_linked	2-1	2-1	True	20	0.185	0.181	gain	FP	FP
chr8	82951558	82964513	12955	17	0	0	3	co_linked	co_linked	2-1	2-1	True	20	0.185	0.169	gain	FP	FP
chr8	82951558	82964582	13024	17	0	0	3	co_linked	co_linked	2-1	2-1	True	20	0.185	0.169	gain	FP	FP
chr8	82951558	82966023	14465	14	0	0	3	co_linked	co_linked	2-1	2-1	True	17	0.185	0.276	gain	FP	FP
chr8	82951558	82967522	15964	13	0	0	2	co_linked	co_linked	2-1	2-1	True	15	0.185	0.198	gain	FP	FP
chr8	82951558	82967873	16315	13	0	0	2	co_linked	co_linked	2-1	2-1	True	15	0.185	0.202	gain	FP	FP
chr8	82951558	82970193	18635	12	0	0	1	sparse	co_linked	2-1	2-1	True	13	0.185	0.237	gain	FP	FP
chr8	82951558	82971493	19935	10	0	0	1	sparse	co_linked	2-1	2-1	True	11	0.185	0.211	gain	FP	FP
chr8	82952526	82961909	9383	24	0	0	4	co_linked	co_linked	2-1	2-1	True	28	0.149	0.211	gain	FP	FP
chr8	82953203	82954454	1251	68	0	0	10	co_linked	co_linked	2-1	2-1	True	78	0.11	0.129	gain	FP	FP
chr8	82953203	82955515	2312	60	0	0	7	co_linked	co_linked	2-1	2-1	True	67	0.11	0.127	gain	FP	FP
chr8	82953203	82956096	2893	58	0	0	7	co_linked	co_linked	2-1	2-1	True	65	0.11	0.16	gain	FP	FP
chr8	82953203	82956334	3131	57	0	0	7	co_linked	co_linked	2-1	2-1	True	64	0.11	0.15	gain	FP	FP
chr8	82953203	82956596	3393	53	0	0	6	co_linked	co_linked	2-1	2-1	True	59	0.11	0.143	gain	FP	FP
chr8	82953203	82957533	4330	45	0	0	7	co_linked	co_linked	2-1	2-1	True	52	0.11	0.141	gain	FP	FP
chr8	82953203	82958389	5186	40	0	0	7	co_linked	co_linked	2-1	2-1	True	47	0.11	0.167	gain	FP	FP
chr8	82953203	82958944	5741	36	0	0	7	co_linked	co_linked	2-1	2-1	True	43	0.11	0.173	gain	FP	FP
chr8	82953203	82959308	6105	32	0	0	6	co_linked	co_linked	2-1	2-1	True	38	0.11	0.182	gain	FP	FP
chr8	82953203	82960913	7710	29	0	0	4	co_linked	co_linked	2-1	2-1	True	33	0.11	0.128	gain	FP	FP
chr8	82953203	82960917	7714	28	0	0	5	co_linked	co_linked	2-1	2-1	True	33	0.11	0.163	gain	FP	FP
chr8	82953203	82961182	7979	29	0	0	5	co_linked	co_linked	2-1	2-1	True	34	0.11	0.15	gain	FP	FP
chr8	82953203	82961909	8706	27	0	0	4	co_linked	co_linked	2-1	2-1	True	31	0.11	0.211	gain	FP	FP
chr8	82953203	82962200	8997	28	0	0	4	co_linked	co_linked	2-1	2-1	True	32	0.11	0.154	gain	FP	FP
chr8	82953203	82963397	10194	21	0	0	4	co_linked	co_linked	2-1	2-1	True	25	0.11	0.184	gain	FP	FP
chr8	82953203	82963589	10386	22	0	0	3	co_linked	co_linked	2-1	2-1	True	25	0.11	0.185	gain	FP	FP
chr8	82953203	82963666	10463	22	0	0	3	co_linked	co_linked	2-1	2-1	True	25	0.11	0.175	gain	FP	FP
chr8	82953203	82963744	10541	22	0	0	3	co_linked	co_linked	2-1	2-1	True	25	0.11	0.175	gain	FP	FP
chr8	82953203	82964441	11238	22	0	0	3	co_linked	co_linked	2-1	2-1	True	25	0.11	0.181	gain	FP	FP
chr8	82953203	82964513	11310	22	0	0	3	co_linked	co_linked	2-1	2-1	True	25	0.11	0.169	gain	FP	FP
chr8	82953203	82964582	11379	22	0	0	3	co_linked	co_linked	2-1	2-1	True	25	0.11	0.169	gain	FP	FP
chr8	82953203	82966023	12820	18	0	0	3	co_linked	co_linked	2-1	2-1	True	21	0.11	0.276	gain	FP	FP
chr8	82953203	82967522	14319	15	0	0	2	co_linked	co_linked	2-1	2-1	True	17	0.11	0.198	gain	FP	FP
chr8	82953203	82967873	14670	15	0	0	2	co_linked	co_linked	2-1	2-1	True	17	0.11	0.202	gain	FP	FP
chr8	82953203	82970193	16990	13	0	0	1	sparse	co_linked	2-1	2-1	True	14	0.11	0.237	gain	FP	FP
chr8	82953203	82971493	18290	11	0	0	1	sparse	co_linked	2-1	2-1	True	12	0.11	0.211	gain	FP	FP
chr8	82954454	82955515	1061	64	0	0	8	co_linked	co_linked	2-1	2-1	True	72	0.129	0.127	gain	FP	FP
chr8	82954454	82956096	1642	62	0	0	8	co_linked	co_linked	2-1	2-1	True	70	0.129	0.16	gain	FP	FP
chr8	82954454	82956334	1880	61	0	0	8	co_linked	co_linked	2-1	2-1	True	69	0.129	0.15	gain	FP	FP
chr8	82954454	82956596	2142	57	0	0	7	co_linked	co_linked	2-1	2-1	True	64	0.129	0.143	gain	FP	FP
chr8	82954454	82957533	3079	49	0	0	8	co_linked	co_linked	2-1	2-1	True	57	0.129	0.141	gain	FP	FP
chr8	82954454	82958389	3935	43	0	0	8	co_linked	co_linked	2-1	2-1	True	51	0.129	0.167	gain	FP	FP
chr8	82954454	82958944	4490	40	0	0	8	co_linked	co_linked	2-1	2-1	True	48	0.129	0.173	gain	FP	FP
chr8	82954454	82959308	4854	35	0	0	7	co_linked	co_linked	2-1	2-1	True	42	0.129	0.182	gain	FP	FP
chr8	82954454	82960913	6459	32	0	0	5	co_linked	co_linked	2-1	2-1	True	37	0.129	0.128	gain	FP	FP
chr8	82954454	82960917	6463	31	0	0	6	co_linked	co_linked	2-1	2-1	True	37	0.129	0.163	gain	FP	FP
chr8	82954454	82961182	6728	32	0	0	6	co_linked	co_linked	2-1	2-1	True	38	0.129	0.15	gain	FP	FP
chr8	82954454	82962200	7746	30	0	0	5	co_linked	co_linked	2-1	2-1	True	35	0.129	0.154	gain	FP	FP
chr8	82954454	82963397	8943	23	0	0	5	co_linked	co_linked	2-1	2-1	True	28	0.129	0.184	gain	FP	FP
chr8	82954454	82963589	9135	24	0	0	4	co_linked	co_linked	2-1	2-1	True	28	0.129	0.185	gain	FP	FP
chr8	82954454	82963666	9212	24	0	0	4	co_linked	co_linked	2-1	2-1	True	28	0.129	0.175	gain	FP	FP
chr8	82954454	82963744	9290	24	0	0	4	co_linked	co_linked	2-1	2-1	True	28	0.129	0.175	gain	FP	FP
chr8	82954454	82964441	9987	24	0	0	4	co_linked	co_linked	2-1	2-1	True	28	0.129	0.181	gain	FP	FP
chr8	82954454	82964513	10059	24	0	0	4	co_linked	co_linked	2-1	2-1	True	28	0.129	0.169	gain	FP	FP
chr8	82954454	82964582	10128	24	0	0	4	co_linked	co_linked	2-1	2-1	True	28	0.129	0.169	gain	FP	FP
chr8	82954454	82966023	11569	20	0	0	4	co_linked	co_linked	2-1	2-1	True	24	0.129	0.276	gain	FP	FP
chr8	82954454	82967873	13419	17	0	0	3	co_linked	co_linked	2-1	2-1	True	20	0.129	0.202	gain	FP	FP
chr8	82954454	82970193	15739	14	0	0	2	co_linked	co_linked	2-1	2-1	True	16	0.129	0.237	gain	FP	FP
chr8	82954454	82971493	17039	12	0	0	2	co_linked	co_linked	2-1	2-1	True	14	0.129	0.211	gain	FP	FP
chr8	82954454	82973671	19217	11	0	0	1	sparse	co_linked	2-1	2-1	True	12	0.129	0.222	gain	FP	FP
chr8	82955515	82956096	581	66	0	0	10	co_linked	co_linked	2-1	2-1	True	76	0.127	0.16	gain	FP	FP
chr8	82955515	82956334	819	64	0	0	9	co_linked	co_linked	2-1	2-1	True	73	0.127	0.15	gain	FP	FP
chr8	82955515	82956596	1081	62	0	0	8	co_linked	co_linked	2-1	2-1	True	70	0.127	0.143	gain	FP	FP
chr8	82955515	82957533	2018	54	0	0	9	co_linked	co_linked	2-1	2-1	True	63	0.127	0.141	gain	FP	FP
chr8	82955515	82958389	2874	48	0	0	9	co_linked	co_linked	2-1	2-1	True	57	0.127	0.167	gain	FP	FP
chr8	82955515	82958944	3429	45	0	0	9	co_linked	co_linked	2-1	2-1	True	54	0.127	0.173	gain	FP	FP
chr8	82955515	82959308	3793	39	0	0	8	co_linked	co_linked	2-1	2-1	True	47	0.127	0.182	gain	FP	FP
chr8	82955515	82960913	5398	37	0	0	6	co_linked	co_linked	2-1	2-1	True	43	0.127	0.128	gain	FP	FP
chr8	82955515	82960917	5402	36	0	0	7	co_linked	co_linked	2-1	2-1	True	43	0.127	0.163	gain	FP	FP
chr8	82955515	82961182	5667	37	0	0	7	co_linked	co_linked	2-1	2-1	True	44	0.127	0.15	gain	FP	FP
chr8	82955515	82962200	6685	35	0	0	6	co_linked	co_linked	2-1	2-1	True	41	0.127	0.154	gain	FP	FP
chr8	82955515	82963397	7882	27	0	0	6	co_linked	co_linked	2-1	2-1	True	33	0.127	0.184	gain	FP	FP
chr8	82955515	82963589	8074	28	0	0	5	co_linked	co_linked	2-1	2-1	True	33	0.127	0.185	gain	FP	FP
chr8	82955515	82963666	8151	28	0	0	5	co_linked	co_linked	2-1	2-1	True	33	0.127	0.175	gain	FP	FP
chr8	82955515	82963744	8229	28	0	0	5	co_linked	co_linked	2-1	2-1	True	33	0.127	0.175	gain	FP	FP
chr8	82955515	82964441	8926	28	0	0	5	co_linked	co_linked	2-1	2-1	True	33	0.127	0.181	gain	FP	FP
chr8	82955515	82964513	8998	28	0	0	5	co_linked	co_linked	2-1	2-1	True	33	0.127	0.169	gain	FP	FP
chr8	82955515	82964582	9067	28	0	0	5	co_linked	co_linked	2-1	2-1	True	33	0.127	0.169	gain	FP	FP
chr8	82955515	82966023	10508	23	0	0	5	co_linked	co_linked	2-1	2-1	True	28	0.127	0.276	gain	FP	FP
chr8	82955515	82967873	12358	19	0	0	4	co_linked	co_linked	2-1	2-1	True	23	0.127	0.202	gain	FP	FP
chr8	82955515	82970193	14678	16	0	0	3	co_linked	co_linked	2-1	2-1	True	19	0.127	0.237	gain	FP	FP
chr8	82955515	82971493	15978	13	0	0	2	co_linked	co_linked	2-1	2-1	True	15	0.127	0.211	gain	FP	FP
chr8	82955515	82973671	18156	13	0	0	1	sparse	co_linked	2-1	2-1	True	14	0.127	0.222	gain	FP	FP
chr8	82955572	82958944	3372	45	0	0	11	co_linked	co_linked	2-1	2-1	True	56	0.175	0.173	gain	FP	FP
chr8	82955572	82959308	3736	39	0	0	9	co_linked	co_linked	2-1	2-1	True	48	0.175	0.182	gain	FP	FP
chr8	82955572	82960913	5341	37	0	0	7	co_linked	co_linked	2-1	2-1	True	44	0.175	0.128	gain	FP	FP
chr8	82955572	82960917	5345	36	0	0	9	co_linked	co_linked	2-1	2-1	True	45	0.175	0.163	gain	FP	FP
chr8	82955572	82962200	6628	35	0	0	8	co_linked	co_linked	2-1	2-1	True	43	0.175	0.154	gain	FP	FP
chr8	82955572	82963397	7825	27	0	0	8	co_linked	co_linked	2-1	2-1	True	35	0.175	0.184	gain	FP	FP
chr8	82955572	82963589	8017	28	0	0	7	co_linked	co_linked	2-1	2-1	True	35	0.175	0.185	gain	FP	FP
chr8	82955572	82963666	8094	28	0	0	7	co_linked	co_linked	2-1	2-1	True	35	0.175	0.175	gain	FP	FP
chr8	82955572	82963744	8172	28	0	0	7	co_linked	co_linked	2-1	2-1	True	35	0.175	0.175	gain	FP	FP
chr8	82955572	82964441	8869	28	0	0	7	co_linked	co_linked	2-1	2-1	True	35	0.175	0.181	gain	FP	FP
chr8	82955572	82964582	9010	28	0	0	7	co_linked	co_linked	2-1	2-1	True	35	0.175	0.169	gain	FP	FP
chr8	82955572	82967873	12301	19	0	0	6	co_linked	co_linked	2-1	2-1	True	25	0.175	0.202	gain	FP	FP
chr8	82955572	82970193	14621	16	0	0	5	co_linked	co_linked	2-1	2-1	True	21	0.175	0.237	gain	FP	FP
chr8	82955572	82971493	15921	13	0	0	2	co_linked	co_linked	2-1	2-1	True	15	0.175	0.211	gain	FP	FP
chr8	82955572	82973671	18099	13	0	0	1	sparse	co_linked	2-1	2-1	True	14	0.175	0.222	gain	FP	FP
chr8	82955750	82956596	846	62	0	0	10	co_linked	co_linked	2-1	2-1	True	72	0.138	0.143	gain	FP	FP
chr8	82955750	82960913	5163	37	0	0	7	co_linked	co_linked	2-1	2-1	True	44	0.138	0.128	gain	FP	FP
chr8	82955750	82967873	12123	19	0	0	6	co_linked	co_linked	2-1	2-1	True	25	0.138	0.202	gain	FP	FP
chr8	82955750	82970193	14443	16	0	0	5	co_linked	co_linked	2-1	2-1	True	21	0.138	0.237	gain	FP	FP
chr8	82955750	82971493	15743	13	0	0	2	co_linked	co_linked	2-1	2-1	True	15	0.138	0.211	gain	FP	FP
chr8	82955750	82973671	17921	13	0	0	1	sparse	co_linked	2-1	2-1	True	14	0.138	0.222	gain	FP	FP
chr8	82956096	82956334	238	66	0	0	12	co_linked	co_linked	2-1	2-1	True	78	0.16	0.15	gain	FP	FP
chr8	82956096	82956596	500	63	0	0	11	co_linked	co_linked	2-1	2-1	True	74	0.16	0.143	gain	FP	FP
chr8	82956096	82957533	1437	55	0	0	11	co_linked	co_linked	2-1	2-1	True	66	0.16	0.141	gain	FP	FP
chr8	82956096	82958944	2848	46	0	0	12	co_linked	co_linked	2-1	2-1	True	58	0.16	0.173	gain	FP	FP
chr8	82956096	82959308	3212	39	0	0	10	co_linked	co_linked	2-1	2-1	True	49	0.16	0.182	gain	FP	FP
chr8	82956096	82960913	4817	38	0	0	8	co_linked	co_linked	2-1	2-1	True	46	0.16	0.128	gain	FP	FP
chr8	82956096	82960917	4821	37	0	0	10	co_linked	co_linked	2-1	2-1	True	47	0.16	0.163	gain	FP	FP
chr8	82956096	82962200	6104	36	0	0	8	co_linked	co_linked	2-1	2-1	True	44	0.16	0.154	gain	FP	FP
chr8	82956096	82963397	7301	28	0	0	8	co_linked	co_linked	2-1	2-1	True	36	0.16	0.184	gain	FP	FP
chr8	82956096	82963589	7493	29	0	0	7	co_linked	co_linked	2-1	2-1	True	36	0.16	0.185	gain	FP	FP
chr8	82956096	82963666	7570	29	0	0	7	co_linked	co_linked	2-1	2-1	True	36	0.16	0.175	gain	FP	FP
chr8	82956096	82963744	7648	29	0	0	7	co_linked	co_linked	2-1	2-1	True	36	0.16	0.175	gain	FP	FP
chr8	82956096	82964441	8345	29	0	0	7	co_linked	co_linked	2-1	2-1	True	36	0.16	0.181	gain	FP	FP
chr8	82956096	82964582	8486	29	0	0	7	co_linked	co_linked	2-1	2-1	True	36	0.16	0.169	gain	FP	FP
chr8	82956096	82967873	11777	20	0	0	6	co_linked	co_linked	2-1	2-1	True	26	0.16	0.202	gain	FP	FP
chr8	82956096	82970193	14097	17	0	0	5	co_linked	co_linked	2-1	2-1	True	22	0.16	0.237	gain	FP	FP
chr8	82956096	82971493	15397	14	0	0	2	co_linked	co_linked	2-1	2-1	True	16	0.16	0.211	gain	FP	FP
chr8	82956096	82973671	17575	14	0	0	1	sparse	co_linked	2-1	2-1	True	15	0.16	0.222	gain	FP	FP
chr8	82956334	82956596	262	64	0	0	11	co_linked	co_linked	2-1	2-1	True	75	0.15	0.143	gain	FP	FP
chr8	82956334	82957533	1199	56	0	0	11	co_linked	co_linked	2-1	2-1	True	67	0.15	0.141	gain	FP	FP
chr8	82956334	82958944	2610	47	0	0	12	co_linked	co_linked	2-1	2-1	True	59	0.15	0.173	gain	FP	FP
chr8	82956334	82959308	2974	40	0	0	10	co_linked	co_linked	2-1	2-1	True	50	0.15	0.182	gain	FP	FP
chr8	82956334	82960913	4579	39	0	0	8	co_linked	co_linked	2-1	2-1	True	47	0.15	0.128	gain	FP	FP
chr8	82956334	82960917	4583	38	0	0	10	co_linked	co_linked	2-1	2-1	True	48	0.15	0.163	gain	FP	FP
chr8	82956334	82963397	7063	28	0	0	8	co_linked	co_linked	2-1	2-1	True	36	0.15	0.184	gain	FP	FP
chr8	82956334	82963589	7255	29	0	0	7	co_linked	co_linked	2-1	2-1	True	36	0.15	0.185	gain	FP	FP
chr8	82956334	82963666	7332	29	0	0	7	co_linked	co_linked	2-1	2-1	True	36	0.15	0.175	gain	FP	FP
chr8	82956334	82963744	7410	29	0	0	7	co_linked	co_linked	2-1	2-1	True	36	0.15	0.175	gain	FP	FP
chr8	82956334	82964441	8107	29	0	0	7	co_linked	co_linked	2-1	2-1	True	36	0.15	0.181	gain	FP	FP
chr8	82956334	82964582	8248	29	0	0	7	co_linked	co_linked	2-1	2-1	True	36	0.15	0.169	gain	FP	FP
chr8	82956334	82967873	11539	20	0	0	6	co_linked	co_linked	2-1	2-1	True	26	0.15	0.202	gain	FP	FP
chr8	82956334	82970193	13859	17	0	0	5	co_linked	co_linked	2-1	2-1	True	22	0.15	0.237	gain	FP	FP
chr8	82956334	82971493	15159	14	0	0	2	co_linked	co_linked	2-1	2-1	True	16	0.15	0.211	gain	FP	FP
chr8	82956334	82973671	17337	14	0	0	1	sparse	co_linked	2-1	2-1	True	15	0.15	0.222	gain	FP	FP
chr8	82956596	82957533	937	58	0	0	10	co_linked	co_linked	2-1	2-1	True	68	0.143	0.141	gain	FP	FP
chr8	82956596	82958944	2348	49	0	0	11	co_linked	co_linked	2-1	2-1	True	60	0.143	0.173	gain	FP	FP
chr8	82956596	82959308	2712	41	0	0	9	co_linked	co_linked	2-1	2-1	True	50	0.143	0.182	gain	FP	FP
chr8	82956596	82960913	4317	41	0	0	8	co_linked	co_linked	2-1	2-1	True	49	0.143	0.128	gain	FP	FP
chr8	82956596	82960917	4321	40	0	0	9	co_linked	co_linked	2-1	2-1	True	49	0.143	0.163	gain	FP	FP
chr8	82956596	82963397	6801	30	0	0	7	co_linked	co_linked	2-1	2-1	True	37	0.143	0.184	gain	FP	FP
chr8	82956596	82963589	6993	31	0	0	6	co_linked	co_linked	2-1	2-1	True	37	0.143	0.185	gain	FP	FP
chr8	82956596	82963666	7070	31	0	0	6	co_linked	co_linked	2-1	2-1	True	37	0.143	0.175	gain	FP	FP
chr8	82956596	82963744	7148	31	0	0	6	co_linked	co_linked	2-1	2-1	True	37	0.143	0.175	gain	FP	FP
chr8	82956596	82964441	7845	31	0	0	6	co_linked	co_linked	2-1	2-1	True	37	0.143	0.181	gain	FP	FP
chr8	82956596	82964582	7986	31	0	0	6	co_linked	co_linked	2-1	2-1	True	37	0.143	0.169	gain	FP	FP
chr8	82956596	82967873	11277	21	0	0	6	co_linked	co_linked	2-1	2-1	True	27	0.143	0.202	gain	FP	FP
chr8	82956596	82970193	13597	18	0	0	5	co_linked	co_linked	2-1	2-1	True	23	0.143	0.237	gain	FP	FP
chr8	82956596	82971493	14897	15	0	0	2	co_linked	co_linked	2-1	2-1	True	17	0.143	0.211	gain	FP	FP
chr8	82956596	82973671	17075	15	0	0	1	sparse	co_linked	2-1	2-1	True	16	0.143	0.222	gain	FP	FP
chr8	82956987	82958944	1957	51	0	0	12	co_linked	co_linked	2-1	2-1	True	63	0.165	0.173	gain	FP	FP
chr8	82956987	82959308	2321	43	0	0	10	co_linked	co_linked	2-1	2-1	True	53	0.165	0.182	gain	FP	FP
chr8	82956987	82960913	3926	41	0	0	8	co_linked	co_linked	2-1	2-1	True	49	0.165	0.128	gain	FP	FP
chr8	82956987	82960917	3930	40	0	0	10	co_linked	co_linked	2-1	2-1	True	50	0.165	0.163	gain	FP	FP
chr8	82956987	82963397	6410	30	0	0	8	co_linked	co_linked	2-1	2-1	True	38	0.165	0.184	gain	FP	FP
chr8	82956987	82963589	6602	31	0	0	7	co_linked	co_linked	2-1	2-1	True	38	0.165	0.185	gain	FP	FP
chr8	82956987	82963666	6679	31	0	0	7	co_linked	co_linked	2-1	2-1	True	38	0.165	0.175	gain	FP	FP
chr8	82956987	82963744	6757	31	0	0	7	co_linked	co_linked	2-1	2-1	True	38	0.165	0.175	gain	FP	FP
chr8	82956987	82964441	7454	31	0	0	7	co_linked	co_linked	2-1	2-1	True	38	0.165	0.181	gain	FP	FP
chr8	82956987	82964582	7595	31	0	0	7	co_linked	co_linked	2-1	2-1	True	38	0.165	0.169	gain	FP	FP
chr8	82956987	82967873	10886	21	0	0	6	co_linked	co_linked	2-1	2-1	True	27	0.165	0.202	gain	FP	FP
chr8	82956987	82970193	13206	18	0	0	5	co_linked	co_linked	2-1	2-1	True	23	0.165	0.237	gain	FP	FP
chr8	82956987	82971493	14506	15	0	0	2	co_linked	co_linked	2-1	2-1	True	17	0.165	0.211	gain	FP	FP
chr8	82956987	82973671	16684	15	0	0	1	sparse	co_linked	2-1	2-1	True	16	0.165	0.222	gain	FP	FP
chr8	82957533	82960913	3380	45	0	0	7	co_linked	co_linked	2-1	2-1	True	52	0.141	0.128	gain	FP	FP
chr8	82957533	82960917	3384	44	0	0	9	co_linked	co_linked	2-1	2-1	True	53	0.141	0.163	gain	FP	FP
chr8	82957533	82963397	5864	33	0	0	8	co_linked	co_linked	2-1	2-1	True	41	0.141	0.184	gain	FP	FP
chr8	82957533	82963589	6056	35	0	0	7	co_linked	co_linked	2-1	2-1	True	42	0.141	0.185	gain	FP	FP
chr8	82957533	82963666	6133	35	0	0	7	co_linked	co_linked	2-1	2-1	True	42	0.141	0.175	gain	FP	FP
chr8	82957533	82963744	6211	35	0	0	7	co_linked	co_linked	2-1	2-1	True	42	0.141	0.175	gain	FP	FP
chr8	82957533	82964441	6908	35	0	0	7	co_linked	co_linked	2-1	2-1	True	42	0.141	0.181	gain	FP	FP
chr8	82957533	82964582	7049	34	0	0	7	co_linked	co_linked	2-1	2-1	True	41	0.141	0.169	gain	FP	FP
chr8	82957533	82967873	10340	22	0	0	6	co_linked	co_linked	2-1	2-1	True	28	0.141	0.202	gain	FP	FP
chr8	82957533	82970193	12660	19	0	0	5	co_linked	co_linked	2-1	2-1	True	24	0.141	0.237	gain	FP	FP
chr8	82957533	82971493	13960	16	0	0	2	co_linked	co_linked	2-1	2-1	True	18	0.141	0.211	gain	FP	FP
chr8	82957533	82973671	16138	16	0	0	1	sparse	co_linked	2-1	2-1	True	17	0.141	0.222	gain	FP	FP
chr8	82958389	82959308	919	48	0	0	11	co_linked	co_linked	2-1	2-1	True	59	0.167	0.182	gain	FP	FP
chr8	82958389	82964513	6124	38	0	0	6	co_linked	co_linked	2-1	2-1	True	44	0.167	0.169	gain	FP	FP
chr8	82958389	82971493	13104	19	0	0	2	co_linked	co_linked	2-1	2-1	True	21	0.167	0.211	gain	FP	FP
chr8	82958389	82973671	15282	18	0	0	1	sparse	co_linked	2-1	2-1	True	19	0.167	0.222	gain	FP	FP
chr8	82958944	82959308	364	55	0	0	11	co_linked	co_linked	2-1	2-1	True	66	0.173	0.182	gain	FP	FP
chr8	82958944	82960913	1969	52	0	0	8	co_linked	co_linked	2-1	2-1	True	60	0.173	0.128	gain	FP	FP
chr8	82958944	82960917	1973	51	0	0	10	co_linked	co_linked	2-1	2-1	True	61	0.173	0.163	gain	FP	FP
chr8	82958944	82963397	4453	41	0	0	8	co_linked	co_linked	2-1	2-1	True	49	0.173	0.184	gain	FP	FP
chr8	82958944	82963589	4645	43	0	0	7	co_linked	co_linked	2-1	2-1	True	50	0.173	0.185	gain	FP	FP
chr8	82958944	82963666	4722	43	0	0	7	co_linked	co_linked	2-1	2-1	True	50	0.173	0.175	gain	FP	FP
chr8	82958944	82963744	4800	43	0	0	7	co_linked	co_linked	2-1	2-1	True	50	0.173	0.175	gain	FP	FP
chr8	82958944	82964441	5497	43	0	0	7	co_linked	co_linked	2-1	2-1	True	50	0.173	0.181	gain	FP	FP
chr8	82958944	82964582	5638	41	0	0	7	co_linked	co_linked	2-1	2-1	True	48	0.173	0.169	gain	FP	FP
chr8	82958944	82967873	8929	27	0	0	6	co_linked	co_linked	2-1	2-1	True	33	0.173	0.202	gain	FP	FP
chr8	82958944	82970193	11249	24	0	0	5	co_linked	co_linked	2-1	2-1	True	29	0.173	0.237	gain	FP	FP
chr8	82958944	82973671	14727	20	0	0	1	sparse	co_linked	2-1	2-1	True	21	0.173	0.222	gain	FP	FP
chr8	82959308	82960913	1605	48	0	0	7	co_linked	co_linked	2-1	2-1	True	55	0.182	0.128	gain	FP	FP
chr8	82959308	82960917	1609	47	0	0	10	co_linked	co_linked	2-1	2-1	True	57	0.182	0.163	gain	FP	FP
chr8	82959308	82963397	4089	37	0	0	8	co_linked	co_linked	2-1	2-1	True	45	0.182	0.184	gain	FP	FP
chr8	82959308	82963589	4281	39	0	0	7	co_linked	co_linked	2-1	2-1	True	46	0.182	0.185	gain	FP	FP
chr8	82959308	82963666	4358	39	0	0	6	co_linked	co_linked	2-1	2-1	True	45	0.182	0.175	gain	FP	FP
chr8	82959308	82963744	4436	39	0	0	7	co_linked	co_linked	2-1	2-1	True	46	0.182	0.175	gain	FP	FP
chr8	82959308	82964441	5133	38	0	0	7	co_linked	co_linked	2-1	2-1	True	45	0.182	0.181	gain	FP	FP
chr8	82959308	82964513	5205	37	0	0	7	co_linked	co_linked	2-1	2-1	True	44	0.182	0.169	gain	FP	FP
chr8	82959308	82967873	8565	23	0	0	6	co_linked	co_linked	2-1	2-1	True	29	0.182	0.202	gain	FP	FP
chr8	82959308	82970193	10885	20	0	0	6	co_linked	co_linked	2-1	2-1	True	26	0.182	0.237	gain	FP	FP
chr8	82959308	82971493	12185	17	0	0	4	co_linked	co_linked	2-1	2-1	True	21	0.182	0.211	gain	FP	FP
chr8	82959308	82973671	14363	17	0	0	3	co_linked	co_linked	2-1	2-1	True	20	0.182	0.222	gain	FP	FP
chr8	82959308	82976410	17102	16	0	0	2	co_linked	co_linked	2-1	2-1	True	18	0.182	0.272	gain	FP	FP
chr8	82959308	82979226	19918	10	0	0	2	co_linked	co_linked	2-1	2-1	True	12	0.182	0.232	gain	FP	FP
chr8	82960913	82960917	4	67	0	0	10	co_linked	co_linked	2-1	2-1	True	77	0.128	0.163	gain	FP	FP
chr8	82960913	82961182	269	65	0	0	10	co_linked	co_linked	2-1	2-1	True	75	0.128	0.15	gain	FP	FP
chr8	82960913	82963397	2484	51	0	0	7	co_linked	co_linked	2-1	2-1	True	58	0.128	0.184	gain	FP	FP
chr8	82960913	82963589	2676	52	0	0	6	co_linked	co_linked	2-1	2-1	True	58	0.128	0.185	gain	FP	FP
chr8	82960913	82963666	2753	53	0	0	5	co_linked	co_linked	2-1	2-1	True	58	0.128	0.175	gain	FP	FP
chr8	82960913	82963744	2831	53	0	0	6	co_linked	co_linked	2-1	2-1	True	59	0.128	0.175	gain	FP	FP
chr8	82960913	82964441	3528	51	0	0	6	co_linked	co_linked	2-1	2-1	True	57	0.128	0.181	gain	FP	FP
chr8	82960913	82964582	3669	49	0	0	6	co_linked	co_linked	2-1	2-1	True	55	0.128	0.169	gain	FP	FP
chr8	82960913	82967873	6960	31	0	0	6	co_linked	co_linked	2-1	2-1	True	37	0.128	0.202	gain	FP	FP
chr8	82960913	82970193	9280	26	0	0	5	co_linked	co_linked	2-1	2-1	True	31	0.128	0.237	gain	FP	FP
chr8	82960913	82973671	12758	22	0	0	2	co_linked	co_linked	2-1	2-1	True	24	0.128	0.222	gain	FP	FP
chr8	82960913	82976410	15497	20	0	0	1	sparse	co_linked	2-1	2-1	True	21	0.128	0.272	gain	FP	FP
chr8	82960913	82979226	18313	14	0	0	1	sparse	co_linked	2-1	2-1	True	15	0.128	0.232	gain	FP	FP
chr8	82960917	82963397	2480	50	0	0	10	co_linked	co_linked	2-1	2-1	True	60	0.163	0.184	gain	FP	FP
chr8	82960917	82963589	2672	51	0	0	9	co_linked	co_linked	2-1	2-1	True	60	0.163	0.185	gain	FP	FP
chr8	82960917	82963666	2749	52	0	0	8	co_linked	co_linked	2-1	2-1	True	60	0.163	0.175	gain	FP	FP
chr8	82960917	82963744	2827	52	0	0	9	co_linked	co_linked	2-1	2-1	True	61	0.163	0.175	gain	FP	FP
chr8	82960917	82964441	3524	50	0	0	9	co_linked	co_linked	2-1	2-1	True	59	0.163	0.181	gain	FP	FP
chr8	82960917	82967873	6956	31	0	0	8	co_linked	co_linked	2-1	2-1	True	39	0.163	0.202	gain	FP	FP
chr8	82960917	82970193	9276	26	0	0	7	co_linked	co_linked	2-1	2-1	True	33	0.163	0.237	gain	FP	FP
chr8	82960917	82973671	12754	22	0	0	3	co_linked	co_linked	2-1	2-1	True	25	0.163	0.222	gain	FP	FP
chr8	82960917	82976410	15493	20	0	0	2	co_linked	co_linked	2-1	2-1	True	22	0.163	0.272	gain	FP	FP
chr8	82960917	82979226	18309	14	0	0	2	co_linked	co_linked	2-1	2-1	True	16	0.163	0.232	gain	FP	FP
chr8	82961082	82967873	6791	30	0	0	8	co_linked	co_linked	2-1	2-1	True	38	0.13	0.202	gain	FP	FP
chr8	82961082	82970193	9111	25	0	0	7	co_linked	co_linked	2-1	2-1	True	32	0.13	0.237	gain	FP	FP
chr8	82961082	82973671	12589	21	0	0	3	co_linked	co_linked	2-1	2-1	True	24	0.13	0.222	gain	FP	FP
chr8	82961082	82976410	15328	20	0	0	2	co_linked	co_linked	2-1	2-1	True	22	0.13	0.272	gain	FP	FP
chr8	82961082	82979226	18144	14	0	0	2	co_linked	co_linked	2-1	2-1	True	16	0.13	0.232	gain	FP	FP
chr8	82961182	82973671	12489	23	0	0	3	co_linked	co_linked	2-1	2-1	True	26	0.15	0.222	gain	FP	FP
chr8	82961182	82976410	15228	21	0	0	2	co_linked	co_linked	2-1	2-1	True	23	0.15	0.272	gain	FP	FP
chr8	82961182	82979226	18044	14	0	0	2	co_linked	co_linked	2-1	2-1	True	16	0.15	0.232	gain	FP	FP
chr8	82962200	82967873	5673	34	0	0	9	co_linked	co_linked	2-1	2-1	True	43	0.154	0.202	gain	FP	FP
chr8	82962200	82970193	7993	28	0	0	8	co_linked	co_linked	2-1	2-1	True	36	0.154	0.237	gain	FP	FP
chr8	82962200	82973671	11471	24	0	0	4	co_linked	co_linked	2-1	2-1	True	28	0.154	0.222	gain	FP	FP
chr8	82962200	82976410	14210	22	0	0	3	co_linked	co_linked	2-1	2-1	True	25	0.154	0.272	gain	FP	FP
chr8	82962200	82979226	17026	14	0	0	3	co_linked	co_linked	2-1	2-1	True	17	0.154	0.232	gain	FP	FP
chr8	82963397	82963589	192	60	0	0	13	co_linked	co_linked	2-1	2-1	True	73	0.184	0.185	gain	FP	FP
chr8	82963397	82963666	269	60	0	0	12	co_linked	co_linked	2-1	2-1	True	72	0.184	0.175	gain	FP	FP
chr8	82963397	82963744	347	60	0	0	12	co_linked	co_linked	2-1	2-1	True	72	0.184	0.175	gain	FP	FP
chr8	82963397	82964441	1044	57	0	0	13	co_linked	co_linked	2-1	2-1	True	70	0.184	0.181	gain	FP	FP
chr8	82963397	82970193	6796	31	0	0	11	co_linked	co_linked	2-1	2-1	True	42	0.184	0.237	gain	FP	FP
chr8	82963397	82973671	10274	26	0	0	7	co_linked	co_linked	2-1	2-1	True	33	0.184	0.222	gain	FP	FP
chr8	82963397	82976410	13013	24	0	0	6	co_linked	co_linked	2-1	2-1	True	30	0.184	0.272	gain	FP	FP
chr8	82963397	82979226	15829	16	0	0	4	co_linked	co_linked	2-1	2-1	True	20	0.184	0.232	gain	FP	FP
chr8	82963589	82963666	77	65	0	0	14	co_linked	co_linked	2-1	2-1	True	79	0.185	0.175	gain	FP	FP
chr8	82963589	82963744	155	65	0	0	14	co_linked	co_linked	2-1	2-1	True	79	0.185	0.175	gain	FP	FP
chr8	82963589	82964441	852	62	0	0	15	co_linked	co_linked	2-1	2-1	True	77	0.185	0.181	gain	FP	FP
chr8	82963589	82970193	6604	33	0	0	12	co_linked	co_linked	2-1	2-1	True	45	0.185	0.237	gain	FP	FP
chr8	82963589	82973671	10082	28	0	0	8	co_linked	co_linked	2-1	2-1	True	36	0.185	0.222	gain	FP	FP
chr8	82963589	82976410	12821	26	0	0	6	co_linked	co_linked	2-1	2-1	True	32	0.185	0.272	gain	FP	FP
chr8	82963589	82979226	15637	18	0	0	4	co_linked	co_linked	2-1	2-1	True	22	0.185	0.232	gain	FP	FP
chr8	82963666	82963744	78	66	0	0	13	co_linked	co_linked	2-1	2-1	True	79	0.175	0.175	gain	FP	FP
chr8	82963666	82964441	775	63	0	0	14	co_linked	co_linked	2-1	2-1	True	77	0.175	0.181	gain	FP	FP
chr8	82963666	82970193	6527	33	0	0	11	co_linked	co_linked	2-1	2-1	True	44	0.175	0.237	gain	FP	FP
chr8	82963666	82973671	10005	28	0	0	7	co_linked	co_linked	2-1	2-1	True	35	0.175	0.222	gain	FP	FP
chr8	82963666	82976410	12744	26	0	0	5	co_linked	co_linked	2-1	2-1	True	31	0.175	0.272	gain	FP	FP
chr8	82963666	82979226	15560	18	0	0	3	co_linked	co_linked	2-1	2-1	True	21	0.175	0.232	gain	FP	FP
chr8	82963744	82964441	697	63	0	0	14	co_linked	co_linked	2-1	2-1	True	77	0.175	0.181	gain	FP	FP
chr8	82963744	82970193	6449	33	0	0	11	co_linked	co_linked	2-1	2-1	True	44	0.175	0.237	gain	FP	FP
chr8	82963744	82973671	9927	28	0	0	7	co_linked	co_linked	2-1	2-1	True	35	0.175	0.222	gain	FP	FP
chr8	82963744	82976410	12666	26	0	0	5	co_linked	co_linked	2-1	2-1	True	31	0.175	0.272	gain	FP	FP
chr8	82963744	82979226	15482	18	0	0	4	co_linked	co_linked	2-1	2-1	True	22	0.175	0.232	gain	FP	FP
chr8	82964441	82970193	5752	34	0	0	12	co_linked	co_linked	2-1	2-1	True	46	0.181	0.237	gain	FP	FP
chr8	82964441	82973671	9230	28	0	0	8	co_linked	co_linked	2-1	2-1	True	36	0.181	0.222	gain	FP	FP
chr8	82964441	82976410	11969	26	0	0	6	co_linked	co_linked	2-1	2-1	True	32	0.181	0.272	gain	FP	FP
chr8	82964441	82979226	14785	18	0	0	4	co_linked	co_linked	2-1	2-1	True	22	0.181	0.232	gain	FP	FP
chr8	82964513	82973671	9158	28	0	0	8	co_linked	co_linked	2-1	2-1	True	36	0.169	0.222	gain	FP	FP
chr8	82964513	82976410	11897	26	0	0	6	co_linked	co_linked	2-1	2-1	True	32	0.169	0.272	gain	FP	FP
chr8	82964513	82979226	14713	18	0	0	4	co_linked	co_linked	2-1	2-1	True	22	0.169	0.232	gain	FP	FP
chr8	82970193	82973671	3478	43	0	0	13	co_linked	co_linked	2-1	2-1	True	56	0.237	0.222	gain	FP	FP
chr8	82970193	82976410	6217	39	0	0	10	co_linked	co_linked	2-1	2-1	True	49	0.237	0.272	gain	FP	FP
chr8	82970193	82979226	9033	31	0	0	7	co_linked	co_linked	2-1	2-1	True	38	0.237	0.232	gain	FP	FP
chr8	82976410	82979226	2816	48	0	0	16	co_linked	co_linked	2-1	2-1	True	64	0.272	0.232	gain	FP	FP
chr8	83082154	83091761	9607	32	0	0	12	co_linked	co_linked	2-1	2-1	True	44	0.159	0.216	gain	FP	FP
chr8	83082154	83095298	13144	25	0	0	10	co_linked	co_linked	2-1	2-1	True	35	0.159	0.252	gain	FP	FP
chr8	83082154	83100156	18002	19	0	0	7	co_linked	co_linked	2-1	2-1	True	26	0.159	0.248	gain	FP	FP
chr8	83082154	83101928	19774	18	0	0	6	co_linked	co_linked	2-1	2-1	True	24	0.159	0.27	gain	FP	FP
chr8	83082154	83116482	34328	7	0	0	2	co_linked	co_linked	2-1	2-1	True	9	0.159	0.139	gain	FP	FP
chr8	83082154	83122812	40658	6	0	0	1	sparse	co_linked	2-1	2-1	True	7	0.159	0.198	gain	FP	FP
chr8	83089845	83122812	32967	8	0	0	1	sparse	co_linked	2-1	2-1	True	9	0.165	0.198	gain	FP	FP
chr8	83095298	83101928	6630	40	0	0	16	co_linked	co_linked	2-1	2-1	True	56	0.252	0.27	gain	FP	FP
chr8	83095298	83116482	21184	17	0	0	5	co_linked	co_linked	2-1	2-1	True	22	0.252	0.139	gain	FP	FP
chr8	83095298	83122812	27514	9	0	0	3	co_linked	co_linked	2-1	2-1	True	12	0.252	0.198	gain	FP	FP
chr8	83100156	83101928	1772	69	0	0	25	co_linked	co_linked	2-1	2-1	True	94	0.248	0.27	gain	FP	FP
chr8	83100156	83122812	22656	12	0	0	4	co_linked	co_linked	2-1	2-1	True	16	0.248	0.198	gain	FP	FP
chr8	83101928	83122812	20884	13	0	0	5	co_linked	co_linked	2-1	2-1	True	18	0.27	0.198	gain	FP	FP
chr8	83116482	83122812	6330	44	0	0	10	co_linked	co_linked	2-1	2-1	True	54	0.139	0.198	gain	FP	FP
chr8	83116482	83137366	20884	14	0	0	4	co_linked	co_linked	2-1	2-1	True	18	0.139	0.179	gain	FP	FP
chr8	83116482	83137861	21379	14	0	0	3	co_linked	co_linked	2-1	2-1	True	17	0.139	0.178	gain	FP	FP
chr8	83122812	83137366	14554	21	0	0	7	co_linked	co_linked	2-1	2-1	True	28	0.198	0.179	gain	FP	FP
chr8	83122812	83137861	15049	21	0	0	6	co_linked	co_linked	2-1	2-1	True	27	0.198	0.178	gain	FP	FP
chr8	83137366	83137861	495	73	0	0	15	co_linked	co_linked	2-1	2-1	True	88	0.179	0.178	gain	FP	FP
chr8	83541668	83563101	21433	10	0	0	6	co_linked	co_linked	1-1	1-1	True	16	0.25	0.417	gain	TP	TP
chr8	84671516	84676714	5198	39	0	0	11	co_linked	co_linked	1-1	1-1	True	50	0.295	0.348	gain	TP	TP
chr8	85063616	85066018	2402	62	0	0	4	co_linked	co_linked	1-1	1-1	True	66	0.061	0.052	gain	FP	FP
chr8	85063616	85079588	15972	30	0	0	1	sparse	co_linked	1-1	1-1	True	31	0.061	0.066	gain	FP	FP
chr8	85066018	85079588	13570	34	0	0	1	sparse	co_linked	1-1	1-1	True	35	0.052	0.066	gain	FP	FP
chr8	85371858	85380641	8783	45	0	0	5	co_linked	co_linked	1-1	1-1	True	50	0.105	0.14	gain	FP	FP
chr8	85372309	85380641	8332	43	0	0	5	co_linked	co_linked	1-1	1-1	True	48	0.121	0.14	gain	FP	FP
chr8	85503730	85509165	5435	42	0	0	6	co_linked	co_linked	1-1	1-1	True	48	0.102	0.143	gain	FP	FP
chr8	85568753	85582600	13847	26	0	0	3	co_linked	co_linked	2-1	2-1	True	29	0.105	0.096	gain	FP	FP
chr8	85568753	85587851	19098	16	0	0	1	sparse	co_linked	2-1	2-1	True	17	0.105	0.073	gain	FP	FP
chr8	85910068	85923535	13467	21	0	0	3	co_linked	co_linked	2-1	2-1	True	24	0.087	0.112	loh	FP	FP
chr8	86080664	86092305	11641	23	0	0	3	co_linked	co_linked	1-1	1-1	True	26	0.13	0.089	loh	FP	FP
chr8	86081973	86084283	2310	61	0	0	6	co_linked	co_linked	1-1	1-1	True	67	0.09	0.094	loh	FP	FP
chr8	86081973	86092305	10332	28	0	0	3	co_linked	co_linked	1-1	1-1	True	31	0.09	0.089	loh	FP	FP
chr8	86084283	86086586	2303	58	0	0	5	co_linked	co_linked	1-1	1-1	True	63	0.094	0.115	loh	FP	FP
chr8	86084283	86092305	8022	36	0	0	4	co_linked	co_linked	1-1	1-1	True	40	0.094	0.089	loh	FP	FP
chr8	86086586	86092305	5719	42	0	0	5	co_linked	co_linked	1-1	1-1	True	47	0.115	0.089	loh	FP	FP
chr8	86736300	86767027	30727	5	0	0	2	co_linked	co_linked	2-1	2-1	True	7	0.368	0.309	loh	TP	TP
chr8	87747285	87763157	15872	23	0	0	4	co_linked	co_linked	2-1	2-1	True	27	0.186	0.209	loh	FP	FP
chr8	88058384	88058391	7	67	0	0	22	co_linked	co_linked	1-1	1-1	True	89	0.247	0.247	loh	TP	TP
chr8	88074311	88076807	2496	60	0	0	7	co_linked	co_linked	2-1	2-1	True	67	0.122	0.119	loh	FP	FP
chr8	88074311	88078472	4161	52	0	0	5	co_linked	co_linked	2-1	2-1	True	57	0.122	0.091	loh	FP	FP
chr8	88076807	88078472	1665	60	0	0	7	co_linked	co_linked	2-1	2-1	True	67	0.119	0.091	loh	FP	FP
chr8	88096786	88108267	11481	37	0	0	3	co_linked	co_linked	3	3	True	40	0.115	0.063	loh	FP	FP
chr8	88096786	88119364	22578	13	0	0	3	co_linked	co_linked	3	3	True	16	0.115	0.115	loh	FP	FP
chr8	88101185	88119364	18179	24	0	0	3	co_linked	co_linked	3	3	True	27	0.099	0.115	loh	FP	FP
chr8	88108267	88119364	11097	43	0	0	5	co_linked	co_linked	3	3	True	48	0.063	0.115	loh	FP	FP
chr8	88176897	88183660	6763	41	0	0	3	co_linked	co_linked	3	3	True	44	0.067	0.092	loh	FP	FP
chr8	88214558	88217806	3248	63	0	0	5	co_linked	co_linked	3	3	True	68	0.103	0.083	loh	FP	FP
chr8	88266507	88269552	3045	62	0	0	7	co_linked	co_linked	2-1	2-1	True	69	0.095	0.106	loh	FP	FP
chr8	88298339	88310676	12337	14	0	0	4	co_linked	co_linked	2-1	2-1	True	18	0.136	0.182	loh	FP	FP
chr8	88298339	88310775	12436	15	0	0	4	co_linked	co_linked	2-1	2-1	True	19	0.136	0.132	loh	FP	FP
chr8	88298339	88312619	14280	15	0	0	4	co_linked	co_linked	2-1	2-1	True	19	0.136	0.116	loh	FP	FP
chr8	88310676	88330715	20039	16	0	0	1	sparse	co_linked	2-1	2-1	True	17	0.182	0.042	loh	FP	FP
chr8	88310775	88330715	19940	17	0	0	1	sparse	co_linked	2-1	2-1	True	18	0.132	0.042	loh	FP	FP
chr8	88312619	88330715	18096	18	0	0	1	sparse	co_linked	2-1	2-1	True	19	0.116	0.042	loh	FP	FP
chr8	88330715	88337442	6727	50	0	0	3	co_linked	co_linked	2-1	2-1	True	53	0.042	0.044	loh	FP	FP
chr8	88386920	88389036	2116	71	0	0	8	co_linked	co_linked	3	3	True	79	0.085	0.082	loh	FP	FP
chr8	88386920	88389498	2578	61	0	0	8	co_linked	co_linked	3	3	True	69	0.085	0.09	loh	FP	FP
chr8	88389036	88389498	462	77	0	0	8	co_linked	co_linked	3	3	True	85	0.082	0.09	loh	FP	FP
chr8	88481992	88484810	2818	58	0	0	10	co_linked	co_linked	3	3	True	68	0.132	0.125	loh	FP	FP
chr8	88481992	88485639	3647	52	0	0	9	co_linked	co_linked	3	3	True	61	0.132	0.127	loh	FP	FP
chr8	88481992	88512563	30571	6	0	0	2	co_linked	co_linked	3	3	True	8	0.132	0.06	loh	FP	FP
chr8	88483102	88512563	29461	7	0	0	2	co_linked	co_linked	3	3	True	9	0.154	0.06	loh	FP	FP
chr8	88484810	88485639	829	63	0	0	9	co_linked	co_linked	3	3	True	72	0.125	0.127	loh	FP	FP
chr8	88484810	88512563	27753	7	0	0	2	co_linked	co_linked	3	3	True	9	0.125	0.06	loh	FP	FP
chr8	88485039	88512563	27524	7	0	0	2	co_linked	co_linked	3	3	True	9	0.136	0.06	loh	FP	FP
chr8	88485639	88512563	26924	8	0	0	2	co_linked	co_linked	3	3	True	10	0.127	0.06	loh	FP	FP
chr8	88630321	88635383	5062	28	0	0	6	co_linked	co_linked	1-1	1-1	True	34	0.121	0.13	loh	FP	FP
chr8	88630321	88637616	7295	26	0	0	7	co_linked	co_linked	1-1	1-1	True	33	0.121	0.121	loh	FP	FP
chr8	88630321	88645009	14688	13	0	0	6	co_linked	co_linked	1-1	1-1	True	19	0.121	0.127	loh	FP	FP
chr8	88630321	88649057	18736	9	0	0	5	co_linked	co_linked	1-1	1-1	True	14	0.121	0.111	loh	FP	FP
chr8	88630321	88658014	27693	4	0	0	4	co_linked	co_linked	1-1	1-1	True	8	0.121	0.139	loh	FP	FP
chr8	88630321	88670984	40663	2	0	0	4	co_linked	co_linked	1-1	1-1	True	6	0.121	0.131	loh	FP	FP
chr8	88635383	88637616	2233	46	0	0	6	co_linked	co_linked	1-1	1-1	True	52	0.13	0.121	loh	FP	FP
chr8	88635383	88645009	9626	26	0	0	5	co_linked	co_linked	1-1	1-1	True	31	0.13	0.127	loh	FP	FP
chr8	88635383	88649057	13674	19	0	0	4	co_linked	co_linked	1-1	1-1	True	23	0.13	0.111	loh	FP	FP
chr8	88635383	88658014	22631	8	0	0	3	co_linked	co_linked	1-1	1-1	True	11	0.13	0.139	loh	FP	FP
chr8	88637616	88645009	7393	29	0	0	7	co_linked	co_linked	1-1	1-1	True	36	0.121	0.127	loh	FP	FP
chr8	88637616	88658014	20398	10	0	0	5	co_linked	co_linked	1-1	1-1	True	15	0.121	0.139	loh	FP	FP
chr8	88637616	88670984	33368	2	0	0	4	co_linked	co_linked	1-1	1-1	True	6	0.121	0.131	loh	FP	FP
chr8	88645009	88658014	13005	22	0	0	5	co_linked	co_linked	1-1	1-1	True	27	0.127	0.139	loh	FP	FP
chr8	88645009	88670984	25975	7	0	0	4	co_linked	co_linked	1-1	1-1	True	11	0.127	0.131	loh	FP	FP
chr8	88649057	88670984	21927	11	0	0	4	co_linked	co_linked	1-1	1-1	True	15	0.111	0.131	loh	FP	FP
chr8	88827437	88851350	23913	2	0	0	4	co_linked	co_linked	1-1	1-1	True	6	0.387	0.386	loh	TP	TP
chr8	89791496	89801644	10148	23	0	0	3	co_linked	co_linked	2-1	2-1	True	26	0.09	0.088	loh	FP	FP
chr8	89797894	89801644	3750	41	0	0	4	co_linked	co_linked	2-1	2-1	True	45	0.068	0.088	loh	FP	FP
chr8	91447465	91452378	4913	60	0	0	4	co_linked	co_linked	3	3	True	64	0.075	0.062	loh	FP	FP
chr8	91613223	91635756	22533	12	0	0	4	co_linked	co_linked	1-1	1-1	True	16	0.325	0.272	loh	TP	TP
chr8	91833282	91848255	14973	19	0	0	3	co_linked	co_linked	1-1	1-1	True	22	0.116	0.132	loh	FP	FP
chr8	92820524	92833206	12682	23	0	0	6	co_linked	co_linked	1-1	1-1	True	29	0.267	0.286	loh	TP	TP
chr8	92971552	92981293	9741	23	0	0	12	co_linked	co_linked	2-1	2-1	True	35	0.316	0.386	loh	TP	TP
chr8	93448226	93479686	31460	5	0	0	2	co_linked	co_linked	1-1	1-1	True	7	0.172	0.169	loh	FP	FP
chr8	93448226	93481519	33293	4	0	0	2	co_linked	co_linked	1-1	1-1	True	6	0.172	0.152	loh	FP	FP
chr8	93452524	93465251	12727	22	0	0	4	co_linked	co_linked	1-1	1-1	True	26	0.17	0.111	loh	FP	FP
chr8	93452524	93469697	17173	19	0	0	2	co_linked	co_linked	1-1	1-1	True	21	0.17	0.107	loh	FP	FP
chr8	93452524	93479686	27162	5	0	0	2	co_linked	co_linked	1-1	1-1	True	7	0.17	0.169	loh	FP	FP
chr8	93452524	93481519	28995	4	0	0	2	co_linked	co_linked	1-1	1-1	True	6	0.17	0.152	loh	FP	FP
chr8	93465251	93469697	4446	39	0	0	5	co_linked	co_linked	1-1	1-1	True	44	0.111	0.107	loh	FP	FP
chr8	93465251	93479686	14435	11	0	0	5	co_linked	co_linked	1-1	1-1	True	16	0.111	0.169	loh	FP	FP
chr8	93465251	93483559	18308	7	0	0	3	co_linked	co_linked	1-1	1-1	True	10	0.111	0.176	loh	FP	FP
chr8	93465251	93484750	19499	6	0	0	4	co_linked	co_linked	1-1	1-1	True	10	0.111	0.24	loh	FP	FP
chr8	93465251	93484769	19518	6	0	0	4	co_linked	co_linked	1-1	1-1	True	10	0.111	0.211	loh	FP	FP
chr8	93465251	93484798	19547	6	0	0	4	co_linked	co_linked	1-1	1-1	True	10	0.111	0.211	loh	FP	FP
chr8	93465251	93484839	19588	6	0	0	3	co_linked	co_linked	1-1	1-1	True	9	0.111	0.189	loh	FP	FP
chr8	93465251	93484843	19592	6	0	0	2	co_linked	co_linked	1-1	1-1	True	8	0.111	0.174	loh	FP	FP
chr8	93465251	93489243	23992	3	0	0	3	co_linked	co_linked	1-1	1-1	True	6	0.111	0.193	loh	FP	FP
chr8	93479686	93483559	3873	39	0	0	10	co_linked	co_linked	1-1	1-1	True	49	0.169	0.176	loh	FP	FP
chr8	93479686	93484798	5112	37	0	0	10	co_linked	co_linked	1-1	1-1	True	47	0.169	0.211	loh	FP	FP
chr8	93479686	93484839	5153	37	0	0	10	co_linked	co_linked	1-1	1-1	True	47	0.169	0.189	loh	FP	FP
chr8	93479686	93484843	5157	36	0	0	9	co_linked	co_linked	1-1	1-1	True	45	0.169	0.174	loh	FP	FP
chr8	93479686	93489243	9557	29	0	0	10	co_linked	co_linked	1-1	1-1	True	39	0.169	0.193	loh	FP	FP
chr8	93483559	93484791	1232	66	0	0	15	co_linked	co_linked	1-1	1-1	True	81	0.176	0.188	loh	FP	FP
chr8	93483559	93484839	1280	66	0	0	14	co_linked	co_linked	1-1	1-1	True	80	0.176	0.189	loh	FP	FP
chr8	93483559	93484843	1284	65	0	0	14	co_linked	co_linked	1-1	1-1	True	79	0.176	0.174	loh	FP	FP
chr8	93484791	93484843	52	76	0	0	16	co_linked	co_linked	1-1	1-1	True	92	0.188	0.174	loh	FP	FP
chr8	93484839	93484843	4	76	0	0	15	co_linked	co_linked	1-1	1-1	True	91	0.189	0.174	loh	FP	FP
chr8	93588352	93589409	1057	74	0	0	9	co_linked	co_linked	3	3	True	83	0.124	0.12	loh	FP	FP
chr8	93588352	93595774	7422	43	0	0	5	co_linked	co_linked	3	3	True	48	0.124	0.066	loh	FP	FP
chr8	93589409	93595774	6365	44	0	0	5	co_linked	co_linked	3	3	True	49	0.12	0.066	loh	FP	FP
chr8	93606782	93617953	11171	39	0	0	3	co_linked	co_linked	1-1	1-1	True	42	0.088	0.066	loh	FP	FP
chr8	93606782	93617991	11209	39	0	0	3	co_linked	co_linked	1-1	1-1	True	42	0.088	0.066	loh	FP	FP
chr8	93606782	93620822	14040	27	0	0	2	co_linked	co_linked	1-1	1-1	True	29	0.088	0.082	loh	FP	FP
chr8	93606782	93631656	24874	6	0	0	1	sparse	co_linked	1-1	1-1	True	7	0.088	0.1	loh	FP	FP
chr8	93617953	93617991	38	85	0	0	6	co_linked	co_linked	1-1	1-1	True	91	0.066	0.066	loh	FP	FP
chr8	93617953	93620822	2869	63	0	0	5	co_linked	co_linked	1-1	1-1	True	68	0.066	0.082	loh	FP	FP
chr8	93617953	93631656	13703	23	0	0	3	co_linked	co_linked	1-1	1-1	True	26	0.066	0.1	loh	FP	FP
chr8	93617953	93635591	17638	19	0	0	3	co_linked	co_linked	1-1	1-1	True	22	0.066	0.081	loh	FP	FP
chr8	93617991	93620822	2831	63	0	0	5	co_linked	co_linked	1-1	1-1	True	68	0.066	0.082	loh	FP	FP
chr8	93617991	93631656	13665	23	0	0	3	co_linked	co_linked	1-1	1-1	True	26	0.066	0.1	loh	FP	FP
chr8	93617991	93635591	17600	19	0	0	3	co_linked	co_linked	1-1	1-1	True	22	0.066	0.081	loh	FP	FP
chr8	93620822	93631656	10834	23	0	0	4	co_linked	co_linked	1-1	1-1	True	27	0.082	0.1	loh	FP	FP
chr8	93620822	93635591	14769	20	0	0	4	co_linked	co_linked	1-1	1-1	True	24	0.082	0.081	loh	FP	FP
chr8	93631656	93635591	3935	43	0	0	5	co_linked	co_linked	1-1	1-1	True	48	0.1	0.081	loh	FP	FP
chr8	93779087	93810528	31441	3	0	0	3	co_linked	co_linked	3	3	True	6	0.17	0.125	loh	FP	FP
chr8	93835475	93861607	26132	6	0	0	2	co_linked	co_linked	2-1	2-1	True	8	0.124	0.143	loh	FP	FP
chr8	93860900	93882145	21245	22	0	0	3	co_linked	co_linked	2-1	2-1	True	25	0.12	0.097	loh	FP	FP
chr8	93860900	93896869	35969	5	0	0	1	sparse	co_linked	2-1	2-1	True	6	0.12	0.11	loh	FP	FP
chr8	93861607	93868484	6877	54	0	0	9	co_linked	co_linked	2-1	2-1	True	63	0.143	0.168	loh	FP	FP
chr8	93861607	93882145	20538	24	0	0	3	co_linked	co_linked	2-1	2-1	True	27	0.143	0.097	loh	FP	FP
chr8	93861607	93896869	35262	6	0	0	1	sparse	co_linked	2-1	2-1	True	7	0.143	0.11	loh	FP	FP
chr8	93861607	93897911	36304	5	0	0	1	sparse	co_linked	2-1	2-1	True	6	0.143	0.14	loh	FP	FP
chr8	93868484	93882145	13661	29	0	0	4	co_linked	co_linked	2-1	2-1	True	33	0.168	0.097	loh	FP	FP
chr8	93868484	93896869	28385	7	0	0	1	sparse	co_linked	2-1	2-1	True	8	0.168	0.11	loh	FP	FP
chr8	93868484	93897911	29427	6	0	0	1	sparse	co_linked	2-1	2-1	True	7	0.168	0.14	loh	FP	FP
chr8	93882145	93896869	14724	21	0	0	4	co_linked	co_linked	2-1	2-1	True	25	0.097	0.11	loh	FP	FP
chr8	93882145	93897911	15766	19	0	0	2	co_linked	co_linked	2-1	2-1	True	21	0.097	0.14	loh	FP	FP
chr8	93882145	93898157	16012	19	0	0	1	sparse	co_linked	2-1	2-1	True	20	0.097	0.14	loh	FP	FP
chr8	93952405	93954024	1619	77	0	0	9	co_linked	co_linked	1-1	1-1	True	86	0.121	0.117	loh	FP	FP
chr8	93952405	93962228	9823	30	0	0	7	co_linked	co_linked	1-1	1-1	True	37	0.121	0.215	loh	FP	FP
chr8	93952405	93981592	29187	4	0	0	4	co_linked	co_linked	1-1	1-1	True	8	0.121	0.229	loh	FP	FP
chr8	93952405	93982845	30440	3	0	0	4	co_linked	co_linked	1-1	1-1	True	7	0.121	0.21	loh	FP	FP
chr8	93952405	93983027	30622	3	0	0	3	co_linked	co_linked	1-1	1-1	True	6	0.121	0.182	loh	FP	FP
chr8	93952405	93983058	30653	3	0	0	4	co_linked	co_linked	1-1	1-1	True	7	0.121	0.191	loh	FP	FP
chr8	93952405	93984105	31700	3	0	0	4	co_linked	co_linked	1-1	1-1	True	7	0.121	0.186	loh	FP	FP
chr8	93952405	93985656	33251	2	0	0	4	co_linked	co_linked	1-1	1-1	True	6	0.121	0.196	loh	FP	FP
chr8	93952405	93985881	33476	2	0	0	4	co_linked	co_linked	1-1	1-1	True	6	0.121	0.189	loh	FP	FP
chr8	93952405	93986073	33668	2	0	0	4	co_linked	co_linked	1-1	1-1	True	6	0.121	0.211	loh	FP	FP
chr8	93954024	93962228	8204	34	0	0	7	co_linked	co_linked	1-1	1-1	True	41	0.117	0.215	loh	FP	FP
chr8	93954024	93981592	27568	5	0	0	4	co_linked	co_linked	1-1	1-1	True	9	0.117	0.229	loh	FP	FP
chr8	93954024	93982845	28821	4	0	0	4	co_linked	co_linked	1-1	1-1	True	8	0.117	0.21	loh	FP	FP
chr8	93954024	93983027	29003	4	0	0	3	co_linked	co_linked	1-1	1-1	True	7	0.117	0.182	loh	FP	FP
chr8	93954024	93983058	29034	4	0	0	4	co_linked	co_linked	1-1	1-1	True	8	0.117	0.191	loh	FP	FP
chr8	93954024	93984105	30081	4	0	0	4	co_linked	co_linked	1-1	1-1	True	8	0.117	0.186	loh	FP	FP
chr8	93954024	93985656	31632	3	0	0	4	co_linked	co_linked	1-1	1-1	True	7	0.117	0.196	loh	FP	FP
chr8	93954024	93985881	31857	3	0	0	4	co_linked	co_linked	1-1	1-1	True	7	0.117	0.189	loh	FP	FP
chr8	93954024	93986073	32049	3	0	0	4	co_linked	co_linked	1-1	1-1	True	7	0.117	0.211	loh	FP	FP
chr8	93962228	93981592	19364	10	0	0	9	co_linked	co_linked	1-1	1-1	True	19	0.215	0.229	loh	FP	FP
chr8	93962228	93983027	20799	10	0	0	8	co_linked	co_linked	1-1	1-1	True	18	0.215	0.182	loh	FP	FP
chr8	93962228	93983058	20830	10	0	0	9	co_linked	co_linked	1-1	1-1	True	19	0.215	0.191	loh	FP	FP
chr8	93962228	93984105	21877	10	0	0	9	co_linked	co_linked	1-1	1-1	True	19	0.215	0.186	loh	FP	FP
chr8	93962228	93985656	23428	9	0	0	9	co_linked	co_linked	1-1	1-1	True	18	0.215	0.196	loh	FP	FP
chr8	93962228	93985881	23653	9	0	0	8	co_linked	co_linked	1-1	1-1	True	17	0.215	0.189	loh	FP	FP
chr8	93963743	93981592	17849	10	0	0	9	co_linked	co_linked	1-1	1-1	True	19	0.214	0.229	loh	FP	FP
chr8	93963743	93983027	19284	10	0	0	8	co_linked	co_linked	1-1	1-1	True	18	0.214	0.182	loh	FP	FP
chr8	93963743	93983058	19315	10	0	0	9	co_linked	co_linked	1-1	1-1	True	19	0.214	0.191	loh	FP	FP
chr8	93963743	93984105	20362	10	0	0	9	co_linked	co_linked	1-1	1-1	True	19	0.214	0.186	loh	FP	FP
chr8	93963743	93985656	21913	9	0	0	9	co_linked	co_linked	1-1	1-1	True	18	0.214	0.196	loh	FP	FP
chr8	93963743	93985881	22138	9	0	0	8	co_linked	co_linked	1-1	1-1	True	17	0.214	0.189	loh	FP	FP
chr8	93983027	93983058	31	89	0	0	19	co_linked	co_linked	1-1	1-1	True	108	0.182	0.191	loh	FP	FP
chr8	93983027	93985656	2629	69	0	0	15	co_linked	co_linked	1-1	1-1	True	84	0.182	0.196	loh	FP	FP
chr8	93983058	93985656	2598	68	0	0	16	co_linked	co_linked	1-1	1-1	True	84	0.191	0.196	loh	FP	FP
chr8	93986028	93993661	7633	39	0	0	12	co_linked	co_linked	2-1	2-1	True	51	0.2	0.214	loh	FP	FP
chr8	94146537	94149032	2495	56	0	0	4	co_linked	co_linked	2-1	2-1	True	60	0.092	0.094	loh	FP	FP
chr8	94146537	94149122	2585	55	0	0	4	co_linked	co_linked	2-1	2-1	True	59	0.092	0.093	loh	FP	FP
chr8	94149032	94149122	90	76	0	0	8	co_linked	co_linked	2-1	2-1	True	84	0.094	0.093	loh	FP	FP
chr8	94915474	94917609	2135	57	0	0	5	co_linked	co_linked	2-1	2-1	True	62	0.108	0.099	loh	FP	FP
chr8	94917609	94919260	1651	62	0	0	7	co_linked	co_linked	2-1	2-1	True	69	0.099	0.141	loh	FP	FP
chr8	95064800	95066219	1419	87	0	0	12	co_linked	co_linked	3	3	True	99	0.124	0.13	loh	FP	FP
chr8	95377627	95405053	27426	7	0	0	4	co_linked	co_linked	1-1	1-1	True	11	0.278	0.411	loh	TP	TP
chr8	95510015	95511916	1901	69	0	0	8	co_linked	co_linked	1-1	1-1	True	77	0.095	0.109	loh	FP	FP
chr8	95894742	95908980	14238	18	0	0	9	co_linked	co_linked	1-1	1-1	True	27	0.316	0.352	loh	TP	TP
chr8	96068395	96080011	11616	18	0	0	8	co_linked	co_linked	1-1	1-1	True	26	0.333	0.288	loh	TP	TP
chr8	96351716	96369821	18105	9	0	0	7	co_linked	co_linked	1-1	1-1	True	16	0.362	0.356	loh	TP	TP
chr8	97550351	97576798	26447	3	0	0	3	co_linked	co_linked	2-1	2-1	True	6	0.338	0.295	loh	TP	TP
chr8	99494204	99516362	22158	11	0	0	1	sparse	co_linked	1-1	1-1	True	12	0.108	0.085	loh	FP	FP
chr8	99816179	99820672	4493	43	0	0	7	co_linked	co_linked	3	3	True	50	0.127	0.139	loh	FP	FP
chr8	99824884	99824921	37	63	0	0	9	co_linked	co_linked	1-1	1-1	True	72	0.12	0.123	loh	FP	FP
chr8	99824884	99831810	6926	41	0	0	6	co_linked	co_linked	1-1	1-1	True	47	0.12	0.105	loh	FP	FP
chr8	99824921	99831810	6889	40	0	0	6	co_linked	co_linked	1-1	1-1	True	46	0.123	0.105	loh	FP	FP
chr8	99855093	99866638	11545	30	0	0	4	co_linked	co_linked	2-1	2-1	True	34	0.122	0.117	loh	FP	FP
chr8	99855093	99866860	11767	29	0	0	4	co_linked	co_linked	2-1	2-1	True	33	0.122	0.121	loh	FP	FP
chr8	99858889	99887565	28676	9	0	0	1	sparse	co_linked	2-1	2-1	True	10	0.083	0.13	loh	FP	FP
chr8	99858889	99890167	31278	8	0	0	1	sparse	co_linked	2-1	2-1	True	9	0.083	0.129	loh	FP	FP
chr8	99858889	99892049	33160	8	0	0	1	sparse	co_linked	2-1	2-1	True	9	0.083	0.097	loh	FP	FP
chr8	99858889	99893933	35044	6	0	0	1	sparse	co_linked	2-1	2-1	True	7	0.083	0.103	loh	FP	FP
chr8	99858889	99894334	35445	7	0	0	1	sparse	co_linked	2-1	2-1	True	8	0.083	0.109	loh	FP	FP
chr8	99858889	99895567	36678	7	0	0	1	sparse	co_linked	2-1	2-1	True	8	0.083	0.14	loh	FP	FP
chr8	99858889	99896199	37310	5	0	0	1	sparse	co_linked	2-1	2-1	True	6	0.083	0.12	loh	FP	FP
chr8	99866638	99866860	222	80	0	0	11	co_linked	co_linked	2-1	2-1	True	91	0.117	0.121	loh	FP	FP
chr8	99866638	99887565	20927	12	0	0	1	sparse	co_linked	2-1	2-1	True	13	0.117	0.13	loh	FP	FP
chr8	99866638	99890167	23529	11	0	0	1	sparse	co_linked	2-1	2-1	True	12	0.117	0.129	loh	FP	FP
chr8	99866638	99892049	25411	11	0	0	1	sparse	co_linked	2-1	2-1	True	12	0.117	0.097	loh	FP	FP
chr8	99866638	99893933	27295	8	0	0	1	sparse	co_linked	2-1	2-1	True	9	0.117	0.103	loh	FP	FP
chr8	99866638	99894334	27696	9	0	0	1	sparse	co_linked	2-1	2-1	True	10	0.117	0.109	loh	FP	FP
chr8	99866638	99895567	28929	9	0	0	1	sparse	co_linked	2-1	2-1	True	10	0.117	0.14	loh	FP	FP
chr8	99866638	99896199	29561	7	0	0	1	sparse	co_linked	2-1	2-1	True	8	0.117	0.12	loh	FP	FP
chr8	99866860	99887565	20705	12	0	0	1	sparse	co_linked	2-1	2-1	True	13	0.121	0.13	loh	FP	FP
chr8	99866860	99890167	23307	11	0	0	1	sparse	co_linked	2-1	2-1	True	12	0.121	0.129	loh	FP	FP
chr8	99866860	99892049	25189	11	0	0	1	sparse	co_linked	2-1	2-1	True	12	0.121	0.097	loh	FP	FP
chr8	99866860	99893933	27073	8	0	0	1	sparse	co_linked	2-1	2-1	True	9	0.121	0.103	loh	FP	FP
chr8	99866860	99894334	27474	9	0	0	1	sparse	co_linked	2-1	2-1	True	10	0.121	0.109	loh	FP	FP
chr8	99866860	99895567	28707	9	0	0	1	sparse	co_linked	2-1	2-1	True	10	0.121	0.14	loh	FP	FP
chr8	99866860	99896199	29339	7	0	0	1	sparse	co_linked	2-1	2-1	True	8	0.121	0.12	loh	FP	FP
chr8	99887565	99892049	4484	59	0	0	7	co_linked	co_linked	2-1	2-1	True	66	0.13	0.097	loh	FP	FP
chr8	99887565	99893933	6368	43	0	0	8	co_linked	co_linked	2-1	2-1	True	51	0.13	0.103	loh	FP	FP
chr8	99887565	99894334	6769	46	0	0	8	co_linked	co_linked	2-1	2-1	True	54	0.13	0.109	loh	FP	FP
chr8	99887565	99895567	8002	45	0	0	8	co_linked	co_linked	2-1	2-1	True	53	0.13	0.14	loh	FP	FP
chr8	99887565	99896199	8634	38	0	0	8	co_linked	co_linked	2-1	2-1	True	46	0.13	0.12	loh	FP	FP
chr8	99887565	99901346	13781	34	0	0	3	co_linked	co_linked	2-1	2-1	True	37	0.13	0.089	loh	FP	FP
chr8	99892049	99893933	1884	65	0	0	8	co_linked	co_linked	2-1	2-1	True	73	0.097	0.103	loh	FP	FP
chr8	99892049	99894334	2285	67	0	0	8	co_linked	co_linked	2-1	2-1	True	75	0.097	0.109	loh	FP	FP
chr8	99892049	99895567	3518	59	0	0	8	co_linked	co_linked	2-1	2-1	True	67	0.097	0.14	loh	FP	FP
chr8	99892049	99896199	4150	51	0	0	8	co_linked	co_linked	2-1	2-1	True	59	0.097	0.12	loh	FP	FP
chr8	99892049	99901346	9297	44	0	0	3	co_linked	co_linked	2-1	2-1	True	47	0.097	0.089	loh	FP	FP
chr8	99893933	99894334	401	75	0	0	9	co_linked	co_linked	2-1	2-1	True	84	0.103	0.109	loh	FP	FP
chr8	99893933	99896199	2266	53	0	0	9	co_linked	co_linked	2-1	2-1	True	62	0.103	0.12	loh	FP	FP
chr8	99893933	99901346	7413	46	0	0	3	co_linked	co_linked	2-1	2-1	True	49	0.103	0.089	loh	FP	FP
chr8	99894334	99896199	1865	59	0	0	10	co_linked	co_linked	2-1	2-1	True	69	0.109	0.12	loh	FP	FP
chr8	99894334	99901346	7012	49	0	0	4	co_linked	co_linked	2-1	2-1	True	53	0.109	0.089	loh	FP	FP
chr8	99914467	99919477	5010	42	0	0	1	sparse	co_linked	3	3	True	43	0.029	0.079	loh	FP	FP
chr8	99914467	99919597	5130	44	0	0	1	sparse	co_linked	3	3	True	45	0.029	0.063	loh	FP	FP
chr8	99919477	99926672	7195	36	0	0	4	co_linked	co_linked	3	3	True	40	0.079	0.1	loh	FP	FP
chr8	99919477	99926792	7315	36	0	0	4	co_linked	co_linked	3	3	True	40	0.079	0.076	loh	FP	FP
chr8	99919477	99927871	8394	33	0	0	4	co_linked	co_linked	3	3	True	37	0.079	0.079	loh	FP	FP
chr8	99919597	99926672	7075	38	0	0	4	co_linked	co_linked	3	3	True	42	0.063	0.1	loh	FP	FP
chr8	99919597	99926792	7195	38	0	0	4	co_linked	co_linked	3	3	True	42	0.063	0.076	loh	FP	FP
chr8	99919597	99927871	8274	35	0	0	4	co_linked	co_linked	3	3	True	39	0.063	0.079	loh	FP	FP
chr8	99926792	99927871	1079	72	0	0	6	co_linked	co_linked	3	3	True	78	0.076	0.079	loh	FP	FP
chr8	99927138	99927871	733	75	0	0	7	co_linked	co_linked	3	3	True	82	0.103	0.079	loh	FP	FP
chr8	100028056	100028276	220	85	0	0	9	co_linked	co_linked	2-1	2-1	True	94	0.094	0.112	loh	FP	FP
chr8	100028056	100043604	15548	21	0	0	5	co_linked	co_linked	2-1	2-1	True	26	0.094	0.094	loh	FP	FP
chr8	100028056	100053909	25853	7	0	0	3	co_linked	co_linked	2-1	2-1	True	10	0.094	0.116	loh	FP	FP
chr8	100028056	100054363	26307	7	0	0	3	co_linked	co_linked	2-1	2-1	True	10	0.094	0.122	loh	FP	FP
chr8	100028276	100043604	15328	20	0	0	6	co_linked	co_linked	2-1	2-1	True	26	0.112	0.094	loh	FP	FP
chr8	100028276	100053909	25633	6	0	0	3	co_linked	co_linked	2-1	2-1	True	9	0.112	0.116	loh	FP	FP
chr8	100028276	100054363	26087	6	0	0	3	co_linked	co_linked	2-1	2-1	True	9	0.112	0.122	loh	FP	FP
chr8	100043604	100053909	10305	35	0	0	4	co_linked	co_linked	2-1	2-1	True	39	0.094	0.116	loh	FP	FP
chr8	100043604	100054363	10759	33	0	0	4	co_linked	co_linked	2-1	2-1	True	37	0.094	0.122	loh	FP	FP
chr8	100049010	100069207	20197	12	0	0	3	co_linked	co_linked	2-1	2-1	True	15	0.286	0.263	loh	TP	TP
chr8	100053909	100054363	454	68	0	0	10	co_linked	co_linked	2-1	2-1	True	78	0.116	0.122	loh	FP	FP
chr8	100457076	100479062	21986	11	0	0	3	co_linked	co_linked	2-1	2-1	True	14	0.282	0.287	loh	TP	TP
chr8	100479811	100491479	11668	29	0	0	5	co_linked	co_linked	2-1	2-1	True	34	0.093	0.16	loh	FP	FP
chr8	100479811	100493791	13980	23	0	0	4	co_linked	co_linked	2-1	2-1	True	27	0.093	0.135	loh	FP	FP
chr8	100480807	100491479	10672	29	0	0	5	co_linked	co_linked	2-1	2-1	True	34	0.081	0.16	loh	FP	FP
chr8	100480807	100493791	12984	24	0	0	4	co_linked	co_linked	2-1	2-1	True	28	0.081	0.135	loh	FP	FP
chr8	100482434	100491119	8685	36	0	0	7	co_linked	co_linked	2-1	2-1	True	43	0.088	0.157	loh	FP	FP
chr8	100482434	100491479	9045	31	0	0	7	co_linked	co_linked	2-1	2-1	True	38	0.088	0.16	loh	FP	FP
chr8	100482434	100493791	11357	27	0	0	6	co_linked	co_linked	2-1	2-1	True	33	0.088	0.135	loh	FP	FP
chr8	100482685	100487356	4671	51	0	0	8	co_linked	co_linked	2-1	2-1	True	59	0.09	0.163	loh	FP	FP
chr8	100482685	100491119	8434	35	0	0	7	co_linked	co_linked	2-1	2-1	True	42	0.09	0.157	loh	FP	FP
chr8	100482685	100491479	8794	30	0	0	7	co_linked	co_linked	2-1	2-1	True	37	0.09	0.16	loh	FP	FP
chr8	100482685	100493791	11106	25	0	0	6	co_linked	co_linked	2-1	2-1	True	31	0.09	0.135	loh	FP	FP
chr8	100487356	100491119	3763	45	0	0	9	co_linked	co_linked	2-1	2-1	True	54	0.163	0.157	loh	FP	FP
chr8	100487356	100491479	4123	40	0	0	9	co_linked	co_linked	2-1	2-1	True	49	0.163	0.16	loh	FP	FP
chr8	100487356	100493791	6435	32	0	0	7	co_linked	co_linked	2-1	2-1	True	39	0.163	0.135	loh	FP	FP
chr8	100491119	100491479	360	63	0	0	12	co_linked	co_linked	2-1	2-1	True	75	0.157	0.16	loh	FP	FP
chr8	100491119	100493791	2672	51	0	0	9	co_linked	co_linked	2-1	2-1	True	60	0.157	0.135	loh	FP	FP
chr8	100491479	100493791	2312	50	0	0	9	co_linked	co_linked	2-1	2-1	True	59	0.16	0.135	loh	FP	FP
chr8	100563395	100580168	16773	15	0	0	3	co_linked	co_linked	2-1	2-1	True	18	0.071	0.093	loh	FP	FP
chr8	100563395	100580467	17072	13	0	0	3	co_linked	co_linked	2-1	2-1	True	16	0.071	0.094	loh	FP	FP
chr8	100563395	100584385	20990	10	0	0	1	sparse	co_linked	2-1	2-1	True	11	0.071	0.076	loh	FP	FP
chr8	100580168	100580467	299	74	0	0	8	co_linked	co_linked	2-1	2-1	True	82	0.093	0.094	loh	FP	FP
chr8	100580168	100584385	4217	52	0	0	5	co_linked	co_linked	2-1	2-1	True	57	0.093	0.076	loh	FP	FP
chr8	100580467	100584385	3918	52	0	0	5	co_linked	co_linked	2-1	2-1	True	57	0.094	0.076	loh	FP	FP
chr8	100627921	100628398	477	62	0	0	10	co_linked	co_linked	2-1	2-1	True	72	0.149	0.139	loh	FP	FP
chr8	100627921	100633981	6060	40	0	0	9	co_linked	co_linked	2-1	2-1	True	49	0.149	0.143	loh	FP	FP
chr8	100627921	100636519	8598	33	0	0	7	co_linked	co_linked	2-1	2-1	True	40	0.149	0.129	loh	FP	FP
chr8	100628398	100633981	5583	45	0	0	9	co_linked	co_linked	2-1	2-1	True	54	0.139	0.143	loh	FP	FP
chr8	100628398	100636519	8121	37	0	0	7	co_linked	co_linked	2-1	2-1	True	44	0.139	0.129	loh	FP	FP
chr8	100684370	100702422	18052	14	0	0	2	co_linked	co_linked	2-1	2-1	True	16	0.286	0.25	loh	TP	TP
chr8	100744753	100746587	1834	73	0	0	9	co_linked	co_linked	2-1	2-1	True	82	0.133	0.111	loh	FP	FP
chr8	100744753	100751258	6505	47	0	0	9	co_linked	co_linked	2-1	2-1	True	56	0.133	0.137	loh	FP	FP
chr8	101904093	101906502	2409	67	0	0	6	co_linked	co_linked	2-1	2-1	True	73	0.06	0.084	gain	FP	FP
chr8	102689845	102690901	1056	87	0	0	7	co_linked	co_linked	1-1	1-1	True	94	0.067	0.065	gain	FP	FP
chr8	103013111	103018613	5502	75	0	0	4	co_linked	co_linked	1-1	1-1	True	79	0.053	0.065	gain	FP	FP
chr8	103013111	103019513	6402	68	0	0	5	co_linked	co_linked	1-1	1-1	True	73	0.053	0.074	gain	FP	FP
chr8	103018613	103019513	900	103	0	0	8	co_linked	co_linked	1-1	1-1	True	111	0.065	0.074	gain	FP	FP
chr8	103830946	103854876	23930	10	0	0	3	co_linked	co_linked	2-1	2-1	True	13	0.286	0.252	gain	TP	TP
chr8	104283157	104301031	17874	16	0	0	3	co_linked	co_linked	2-1	2-1	True	19	0.307	0.204	gain	TP	TP
chr8	104644641	104677744	33103	7	0	0	1	sparse	co_linked	2-1	2-1	True	8	0.278	0.222	gain	TP	TP
chr8	105536293	105564575	28282	8	0	0	2	co_linked	co_linked	1-1	1-1	True	10	0.278	0.209	gain	TP	TP
chr8	105536293	105564576	28283	8	0	0	2	co_linked	co_linked	1-1	1-1	True	10	0.278	0.209	gain	TP	TP
chr8	105564575	105564576	1	87	0	0	23	co_linked	co_linked	1-1	1-1	True	110	0.209	0.209	gain	TP	TP
chr8	108825743	108856932	31189	9	0	0	4	co_linked	co_linked	1-1	1-1	True	13	0.2	0.207	gain	TP	TP
chr8	108885813	108906676	20863	6	0	0	12	co_linked	co_linked	1-1	1-1	True	18	0.52	0.522	gain	TP	TP
chr8	110262867	110304461	41594	5	0	0	2	co_linked	co_linked	1-1	1-1	True	7	0.402	0.25	gain	TP	TP
chr8	111050037	111074299	24262	4	0	0	3	co_linked	co_linked	1-1	1-1	True	7	0.255	0.301	gain	TP	TP
chr8	111219407	111249654	30247	6	0	0	3	co_linked	co_linked	1-1	1-1	True	9	0.202	0.262	gain	TP	TP
chr8	111701935	111716169	14234	31	0	0	8	co_linked	co_linked	1-1	1-1	True	39	0.2	0.193	gain	TP	TP
chr8	111950805	111969804	18999	24	0	0	11	co_linked	co_linked	1-1	1-1	True	35	0.353	0.307	gain	TP	TP
chr8	112003241	112037891	34650	4	0	0	2	co_linked	co_linked	1-1	1-1	True	6	0.15	0.262	gain	TP	TP
chr8	112377763	112399180	21417	12	0	0	2	co_linked	co_linked	1-1	1-1	True	14	0.39	0.192	gain	TP	TP
chr8	112425344	112445911	20567	22	0	0	2	co_linked	co_linked	1-1	1-1	True	24	0.141	0.175	gain	TP	TP
chr8	113064493	113074731	10238	37	0	0	4	co_linked	co_linked	3	3	True	41	0.06	0.056	gain	FP	FP
chr8	113065811	113074731	8920	42	0	0	4	co_linked	co_linked	3	3	True	46	0.06	0.056	gain	FP	FP
chr8	113066896	113074731	7835	51	0	0	4	co_linked	co_linked	3	3	True	55	0.049	0.056	gain	FP	FP
chr8	113074731	113106178	31447	11	0	0	1	sparse	co_linked	3	3	True	12	0.056	0.051	gain	FP	FP
chr8	113121300	113159482	38182	6	0	0	2	co_linked	co_linked	2-1	2-1	True	8	0.185	0.207	gain	TP	TP
chr8	113144373	113165758	21385	18	0	0	3	co_linked	co_linked	1-1	1-1	True	21	0.067	0.079	gain	FP	FP
chr8	113144373	113166028	21655	18	0	0	3	co_linked	co_linked	1-1	1-1	True	21	0.067	0.094	gain	FP	FP
chr8	113151512	113166332	14820	39	0	0	6	co_linked	co_linked	1-1	1-1	True	45	0.068	0.102	gain	FP	FP
chr8	113151512	113166793	15281	37	0	0	6	co_linked	co_linked	1-1	1-1	True	43	0.068	0.11	gain	FP	FP
chr8	113151512	113172190	20678	27	0	0	4	co_linked	co_linked	1-1	1-1	True	31	0.068	0.098	gain	FP	FP
chr8	113151512	113176581	25069	21	0	0	3	co_linked	co_linked	1-1	1-1	True	24	0.068	0.074	gain	FP	FP
chr8	113166332	113166793	461	108	0	0	13	co_linked	co_linked	1-1	1-1	True	121	0.102	0.11	gain	FP	FP
chr8	113166332	113172190	5858	73	0	0	10	co_linked	co_linked	1-1	1-1	True	83	0.102	0.098	gain	FP	FP
chr8	113166332	113176581	10249	56	0	0	8	co_linked	co_linked	1-1	1-1	True	64	0.102	0.074	gain	FP	FP
chr8	113166793	113172190	5397	72	0	0	11	co_linked	co_linked	1-1	1-1	True	83	0.11	0.098	gain	FP	FP
chr8	113166793	113176581	9788	55	0	0	9	co_linked	co_linked	1-1	1-1	True	64	0.11	0.074	gain	FP	FP
chr8	113172190	113176581	4391	81	0	0	11	co_linked	co_linked	1-1	1-1	True	92	0.098	0.074	gain	FP	FP
chr8	113181101	113184237	3136	106	0	0	11	co_linked	co_linked	2-1	2-1	True	117	0.084	0.065	gain	FP	FP
chr8	114598643	114648442	49799	9	0	0	1	sparse	co_linked	1-1	1-1	True	10	0.174	0.199	gain	TP	TP
chr8	114648442	114673698	25256	14	0	0	3	co_linked	co_linked	1-1	1-1	True	17	0.199	0.179	gain	TP	TP
chr8	115093788	115113110	19322	18	0	0	7	co_linked	co_linked	1-1	1-1	True	25	0.36	0.366	gain	TP	TP
chr8	117142470	117154737	12267	47	0	0	4	co_linked	co_linked	1-1	1-1	True	51	0.085	0.072	gain	FP	FP
chr8	117190486	117192750	2264	102	0	0	12	co_linked	co_linked	1-1	1-1	True	114	0.096	0.089	gain	FP	FP
chr8	117190486	117193107	2621	101	0	0	12	co_linked	co_linked	1-1	1-1	True	113	0.096	0.092	gain	FP	FP
chr8	117192750	117193107	357	138	0	0	13	co_linked	co_linked	1-1	1-1	True	151	0.089	0.092	gain	FP	FP
chr8	117306844	117311364	4520	85	0	0	9	co_linked	co_linked	1-1	1-1	True	94	0.078	0.074	gain	FP	FP
chr8	117306844	117338385	31541	6	0	0	1	sparse	co_linked	1-1	1-1	True	7	0.078	0.08	gain	FP	FP
chr8	117306844	117338752	31908	5	0	0	1	sparse	co_linked	1-1	1-1	True	6	0.078	0.074	gain	FP	FP
chr8	117311364	117338385	27021	6	0	0	1	sparse	co_linked	1-1	1-1	True	7	0.074	0.08	gain	FP	FP
chr8	117311364	117338752	27388	5	0	0	1	sparse	co_linked	1-1	1-1	True	6	0.074	0.074	gain	FP	FP
chr8	117316985	117338385	21400	18	0	0	1	sparse	co_linked	1-1	1-1	True	19	0.067	0.08	gain	FP	FP
chr8	117316985	117338752	21767	17	0	0	1	sparse	co_linked	1-1	1-1	True	18	0.067	0.074	gain	FP	FP
chr8	120817039	120821672	4633	77	0	0	15	co_linked	co_linked	3	3	True	92	0.16	0.125	gain	TP	TP
chr8	120817084	120821672	4588	73	0	0	14	co_linked	co_linked	3	3	True	87	0.167	0.125	gain	TP	TP
chr8	120869364	120894688	25324	16	0	0	3	co_linked	co_linked	2-1	2-1	True	19	0.141	0.13	gain	TP	TP
chr8	121212066	121246637	34571	4	0	0	6	co_linked	co_linked	2-1	2-1	True	10	0.474	0.478	gain	TP	TP
chr8	121465550	121486442	20892	21	0	0	5	co_linked	co_linked	2-1	2-1	True	26	0.213	0.163	gain	TP	TP
chr8	121730472	121734081	3609	91	0	0	13	co_linked	co_linked	2-1	2-1	True	104	0.125	0.091	gain	FP	FP
chr8	121782942	121795322	12380	42	0	0	5	co_linked	co_linked	1-1	1-1	True	47	0.099	0.107	gain	FP	FP
chr8	121782942	121801153	18211	27	0	0	4	co_linked	co_linked	1-1	1-1	True	31	0.099	0.12	gain	FP	FP
chr8	121782942	121804044	21102	23	0	0	4	co_linked	co_linked	1-1	1-1	True	27	0.099	0.11	gain	FP	FP
chr8	121782942	121804327	21385	24	0	0	5	co_linked	co_linked	1-1	1-1	True	29	0.099	0.122	gain	FP	FP
chr8	121782942	121806799	23857	20	0	0	2	co_linked	co_linked	1-1	1-1	True	22	0.099	0.093	gain	FP	FP
chr8	121782942	121807369	24427	19	0	0	2	co_linked	co_linked	1-1	1-1	True	21	0.099	0.061	gain	FP	FP
chr8	121782942	121809942	27000	13	0	0	2	co_linked	co_linked	1-1	1-1	True	15	0.099	0.078	gain	FP	FP
chr8	121782942	121810808	27866	12	0	0	2	co_linked	co_linked	1-1	1-1	True	14	0.099	0.079	gain	FP	FP
chr8	121782942	121810895	27953	12	0	0	1	sparse	co_linked	1-1	1-1	True	13	0.099	0.073	gain	FP	FP
chr8	121786589	121792328	5739	70	0	0	10	co_linked	co_linked	1-1	1-1	True	80	0.12	0.12	gain	FP	FP
chr8	121786589	121792984	6395	69	0	0	9	co_linked	co_linked	1-1	1-1	True	78	0.12	0.121	gain	FP	FP
chr8	121786589	121793073	6484	69	0	0	9	co_linked	co_linked	1-1	1-1	True	78	0.12	0.128	gain	FP	FP
chr8	121786589	121793306	6717	64	0	0	8	co_linked	co_linked	1-1	1-1	True	72	0.12	0.112	gain	FP	FP
chr8	121786589	121793399	6810	65	0	0	8	co_linked	co_linked	1-1	1-1	True	73	0.12	0.101	gain	FP	FP
chr8	121786589	121795322	8733	57	0	0	6	co_linked	co_linked	1-1	1-1	True	63	0.12	0.107	gain	FP	FP
chr8	121786589	121801153	14564	37	0	0	4	co_linked	co_linked	1-1	1-1	True	41	0.12	0.12	gain	FP	FP
chr8	121786589	121804044	17455	31	0	0	3	co_linked	co_linked	1-1	1-1	True	34	0.12	0.11	gain	FP	FP
chr8	121786589	121804327	17738	31	0	0	4	co_linked	co_linked	1-1	1-1	True	35	0.12	0.122	gain	FP	FP
chr8	121786589	121806799	20210	27	0	0	1	sparse	co_linked	1-1	1-1	True	28	0.12	0.093	gain	FP	FP
chr8	121786589	121807369	20780	26	0	0	1	sparse	co_linked	1-1	1-1	True	27	0.12	0.061	gain	FP	FP
chr8	121786589	121809942	23353	20	0	0	1	sparse	co_linked	1-1	1-1	True	21	0.12	0.078	gain	FP	FP
chr8	121786589	121810808	24219	19	0	0	1	sparse	co_linked	1-1	1-1	True	20	0.12	0.079	gain	FP	FP
chr8	121786589	121810895	24306	19	0	0	1	sparse	co_linked	1-1	1-1	True	20	0.12	0.073	gain	FP	FP
chr8	121786636	121787471	835	103	0	0	14	co_linked	co_linked	1-1	1-1	True	117	0.118	0.132	gain	FP	FP
chr8	121786636	121791543	4907	75	0	0	12	co_linked	co_linked	1-1	1-1	True	87	0.118	0.113	gain	FP	FP
chr8	121786636	121792328	5692	70	0	0	11	co_linked	co_linked	1-1	1-1	True	81	0.118	0.12	gain	FP	FP
chr8	121786636	121792984	6348	69	0	0	10	co_linked	co_linked	1-1	1-1	True	79	0.118	0.121	gain	FP	FP
chr8	121786636	121793073	6437	69	0	0	10	co_linked	co_linked	1-1	1-1	True	79	0.118	0.128	gain	FP	FP
chr8	121786636	121793306	6670	64	0	0	9	co_linked	co_linked	1-1	1-1	True	73	0.118	0.112	gain	FP	FP
chr8	121786636	121793399	6763	65	0	0	9	co_linked	co_linked	1-1	1-1	True	74	0.118	0.101	gain	FP	FP
chr8	121786636	121795322	8686	58	0	0	7	co_linked	co_linked	1-1	1-1	True	65	0.118	0.107	gain	FP	FP
chr8	121786636	121801153	14517	37	0	0	4	co_linked	co_linked	1-1	1-1	True	41	0.118	0.12	gain	FP	FP
chr8	121786636	121804044	17408	31	0	0	4	co_linked	co_linked	1-1	1-1	True	35	0.118	0.11	gain	FP	FP
chr8	121786636	121804327	17691	31	0	0	5	co_linked	co_linked	1-1	1-1	True	36	0.118	0.122	gain	FP	FP
chr8	121786636	121806799	20163	27	0	0	2	co_linked	co_linked	1-1	1-1	True	29	0.118	0.093	gain	FP	FP
chr8	121786636	121807369	20733	26	0	0	2	co_linked	co_linked	1-1	1-1	True	28	0.118	0.061	gain	FP	FP
chr8	121786636	121809942	23306	20	0	0	2	co_linked	co_linked	1-1	1-1	True	22	0.118	0.078	gain	FP	FP
chr8	121786636	121810808	24172	19	0	0	2	co_linked	co_linked	1-1	1-1	True	21	0.118	0.079	gain	FP	FP
chr8	121786636	121810895	24259	19	0	0	1	sparse	co_linked	1-1	1-1	True	20	0.118	0.073	gain	FP	FP
chr8	121787471	121791543	4072	81	0	0	12	co_linked	co_linked	1-1	1-1	True	93	0.132	0.113	gain	FP	FP
chr8	121787471	121792328	4857	76	0	0	11	co_linked	co_linked	1-1	1-1	True	87	0.132	0.12	gain	FP	FP
chr8	121787471	121792984	5513	75	0	0	10	co_linked	co_linked	1-1	1-1	True	85	0.132	0.121	gain	FP	FP
chr8	121787471	121793073	5602	75	0	0	10	co_linked	co_linked	1-1	1-1	True	85	0.132	0.128	gain	FP	FP
chr8	121787471	121793306	5835	70	0	0	9	co_linked	co_linked	1-1	1-1	True	79	0.132	0.112	gain	FP	FP
chr8	121787471	121793399	5928	71	0	0	9	co_linked	co_linked	1-1	1-1	True	80	0.132	0.101	gain	FP	FP
chr8	121787471	121795322	7851	64	0	0	7	co_linked	co_linked	1-1	1-1	True	71	0.132	0.107	gain	FP	FP
chr8	121787471	121801153	13682	38	0	0	4	co_linked	co_linked	1-1	1-1	True	42	0.132	0.12	gain	FP	FP
chr8	121787471	121804044	16573	32	0	0	4	co_linked	co_linked	1-1	1-1	True	36	0.132	0.11	gain	FP	FP
chr8	121787471	121804327	16856	32	0	0	5	co_linked	co_linked	1-1	1-1	True	37	0.132	0.122	gain	FP	FP
chr8	121787471	121806799	19328	28	0	0	2	co_linked	co_linked	1-1	1-1	True	30	0.132	0.093	gain	FP	FP
chr8	121787471	121807369	19898	27	0	0	2	co_linked	co_linked	1-1	1-1	True	29	0.132	0.061	gain	FP	FP
chr8	121787471	121809942	22471	21	0	0	2	co_linked	co_linked	1-1	1-1	True	23	0.132	0.078	gain	FP	FP
chr8	121787471	121810808	23337	20	0	0	2	co_linked	co_linked	1-1	1-1	True	22	0.132	0.079	gain	FP	FP
chr8	121787471	121810895	23424	20	0	0	1	sparse	co_linked	1-1	1-1	True	21	0.132	0.073	gain	FP	FP
chr8	121790698	121802226	11528	47	0	0	5	co_linked	co_linked	1-1	1-1	True	52	0.109	0.103	gain	FP	FP
chr8	121790698	121803891	13193	41	0	0	5	co_linked	co_linked	1-1	1-1	True	46	0.109	0.111	gain	FP	FP
chr8	121790698	121804044	13346	38	0	0	5	co_linked	co_linked	1-1	1-1	True	43	0.109	0.11	gain	FP	FP
chr8	121790698	121806799	16101	31	0	0	2	co_linked	co_linked	1-1	1-1	True	33	0.109	0.093	gain	FP	FP
chr8	121790698	121807369	16671	30	0	0	2	co_linked	co_linked	1-1	1-1	True	32	0.109	0.061	gain	FP	FP
chr8	121790698	121809942	19244	22	0	0	2	co_linked	co_linked	1-1	1-1	True	24	0.109	0.078	gain	FP	FP
chr8	121790698	121810808	20110	21	0	0	2	co_linked	co_linked	1-1	1-1	True	23	0.109	0.079	gain	FP	FP
chr8	121790698	121810895	20197	21	0	0	1	sparse	co_linked	1-1	1-1	True	22	0.109	0.073	gain	FP	FP
chr8	121791543	121792328	785	99	0	0	13	co_linked	co_linked	1-1	1-1	True	112	0.113	0.12	gain	FP	FP
chr8	121791543	121792984	1441	93	0	0	11	co_linked	co_linked	1-1	1-1	True	104	0.113	0.121	gain	FP	FP
chr8	121791543	121793073	1530	93	0	0	11	co_linked	co_linked	1-1	1-1	True	104	0.113	0.128	gain	FP	FP
chr8	121791543	121793306	1763	87	0	0	10	co_linked	co_linked	1-1	1-1	True	97	0.113	0.112	gain	FP	FP
chr8	121791543	121793399	1856	89	0	0	10	co_linked	co_linked	1-1	1-1	True	99	0.113	0.101	gain	FP	FP
chr8	121791543	121795322	3779	78	0	0	8	co_linked	co_linked	1-1	1-1	True	86	0.113	0.107	gain	FP	FP
chr8	121791543	121801153	9610	47	0	0	5	co_linked	co_linked	1-1	1-1	True	52	0.113	0.12	gain	FP	FP
chr8	121791543	121804044	12501	41	0	0	5	co_linked	co_linked	1-1	1-1	True	46	0.113	0.11	gain	FP	FP
chr8	121791543	121804327	12784	41	0	0	6	co_linked	co_linked	1-1	1-1	True	47	0.113	0.122	gain	FP	FP
chr8	121791543	121806799	15256	33	0	0	2	co_linked	co_linked	1-1	1-1	True	35	0.113	0.093	gain	FP	FP
chr8	121791543	121807369	15826	32	0	0	2	co_linked	co_linked	1-1	1-1	True	34	0.113	0.061	gain	FP	FP
chr8	121791543	121809942	18399	23	0	0	2	co_linked	co_linked	1-1	1-1	True	25	0.113	0.078	gain	FP	FP
chr8	121791543	121810808	19265	22	0	0	2	co_linked	co_linked	1-1	1-1	True	24	0.113	0.079	gain	FP	FP
chr8	121791543	121810895	19352	22	0	0	1	sparse	co_linked	1-1	1-1	True	23	0.113	0.073	gain	FP	FP
chr8	121792328	121792984	656	101	0	0	13	co_linked	co_linked	1-1	1-1	True	114	0.12	0.121	gain	FP	FP
chr8	121792328	121793073	745	101	0	0	13	co_linked	co_linked	1-1	1-1	True	114	0.12	0.128	gain	FP	FP
chr8	121792328	121793306	978	94	0	0	12	co_linked	co_linked	1-1	1-1	True	106	0.12	0.112	gain	FP	FP
chr8	121792328	121795322	2994	86	0	0	10	co_linked	co_linked	1-1	1-1	True	96	0.12	0.107	gain	FP	FP
chr8	121792328	121801153	8825	55	0	0	7	co_linked	co_linked	1-1	1-1	True	62	0.12	0.12	gain	FP	FP
chr8	121792328	121804044	11716	47	0	0	7	co_linked	co_linked	1-1	1-1	True	54	0.12	0.11	gain	FP	FP
chr8	121792328	121804327	11999	47	0	0	8	co_linked	co_linked	1-1	1-1	True	55	0.12	0.122	gain	FP	FP
chr8	121792328	121806799	14471	38	0	0	4	co_linked	co_linked	1-1	1-1	True	42	0.12	0.093	gain	FP	FP
chr8	121792328	121807369	15041	37	0	0	3	co_linked	co_linked	1-1	1-1	True	40	0.12	0.061	gain	FP	FP
chr8	121792328	121809942	17614	27	0	0	3	co_linked	co_linked	1-1	1-1	True	30	0.12	0.078	gain	FP	FP
chr8	121792328	121810808	18480	25	0	0	3	co_linked	co_linked	1-1	1-1	True	28	0.12	0.079	gain	FP	FP
chr8	121792328	121810895	18567	25	0	0	2	co_linked	co_linked	1-1	1-1	True	27	0.12	0.073	gain	FP	FP
chr8	121792984	121793073	89	109	0	0	15	co_linked	co_linked	1-1	1-1	True	124	0.121	0.128	gain	FP	FP
chr8	121792984	121793306	322	102	0	0	12	co_linked	co_linked	1-1	1-1	True	114	0.121	0.112	gain	FP	FP
chr8	121792984	121795322	2338	90	0	0	10	co_linked	co_linked	1-1	1-1	True	100	0.121	0.107	gain	FP	FP
chr8	121792984	121801153	8169	56	0	0	7	co_linked	co_linked	1-1	1-1	True	63	0.121	0.12	gain	FP	FP
chr8	121792984	121804044	11060	47	0	0	7	co_linked	co_linked	1-1	1-1	True	54	0.121	0.11	gain	FP	FP
chr8	121792984	121804327	11343	47	0	0	8	co_linked	co_linked	1-1	1-1	True	55	0.121	0.122	gain	FP	FP
chr8	121792984	121806799	13815	38	0	0	4	co_linked	co_linked	1-1	1-1	True	42	0.121	0.093	gain	FP	FP
chr8	121792984	121807369	14385	37	0	0	3	co_linked	co_linked	1-1	1-1	True	40	0.121	0.061	gain	FP	FP
chr8	121792984	121809942	16958	27	0	0	3	co_linked	co_linked	1-1	1-1	True	30	0.121	0.078	gain	FP	FP
chr8	121792984	121810808	17824	25	0	0	3	co_linked	co_linked	1-1	1-1	True	28	0.121	0.079	gain	FP	FP
chr8	121792984	121810895	17911	25	0	0	2	co_linked	co_linked	1-1	1-1	True	27	0.121	0.073	gain	FP	FP
chr8	121793073	121793306	233	102	0	0	13	co_linked	co_linked	1-1	1-1	True	115	0.128	0.112	gain	FP	FP
chr8	121793073	121795322	2249	90	0	0	11	co_linked	co_linked	1-1	1-1	True	101	0.128	0.107	gain	FP	FP
chr8	121793073	121801153	8080	56	0	0	8	co_linked	co_linked	1-1	1-1	True	64	0.128	0.12	gain	FP	FP
chr8	121793073	121804044	10971	47	0	0	7	co_linked	co_linked	1-1	1-1	True	54	0.128	0.11	gain	FP	FP
chr8	121793073	121804327	11254	47	0	0	8	co_linked	co_linked	1-1	1-1	True	55	0.128	0.122	gain	FP	FP
chr8	121793073	121806799	13726	38	0	0	4	co_linked	co_linked	1-1	1-1	True	42	0.128	0.093	gain	FP	FP
chr8	121793073	121807369	14296	37	0	0	3	co_linked	co_linked	1-1	1-1	True	40	0.128	0.061	gain	FP	FP
chr8	121793073	121809942	16869	27	0	0	3	co_linked	co_linked	1-1	1-1	True	30	0.128	0.078	gain	FP	FP
chr8	121793073	121810808	17735	25	0	0	3	co_linked	co_linked	1-1	1-1	True	28	0.128	0.079	gain	FP	FP
chr8	121793073	121810895	17822	25	0	0	2	co_linked	co_linked	1-1	1-1	True	27	0.128	0.073	gain	FP	FP
chr8	121793306	121795322	2016	87	0	0	11	co_linked	co_linked	1-1	1-1	True	98	0.112	0.107	gain	FP	FP
chr8	121793306	121801153	7847	54	0	0	8	co_linked	co_linked	1-1	1-1	True	62	0.112	0.12	gain	FP	FP
chr8	121793306	121804044	10738	44	0	0	7	co_linked	co_linked	1-1	1-1	True	51	0.112	0.11	gain	FP	FP
chr8	121793306	121804327	11021	44	0	0	8	co_linked	co_linked	1-1	1-1	True	52	0.112	0.122	gain	FP	FP
chr8	121793306	121806799	13493	36	0	0	4	co_linked	co_linked	1-1	1-1	True	40	0.112	0.093	gain	FP	FP
chr8	121793306	121807369	14063	35	0	0	3	co_linked	co_linked	1-1	1-1	True	38	0.112	0.061	gain	FP	FP
chr8	121793306	121809942	16636	25	0	0	3	co_linked	co_linked	1-1	1-1	True	28	0.112	0.078	gain	FP	FP
chr8	121793306	121810808	17502	24	0	0	3	co_linked	co_linked	1-1	1-1	True	27	0.112	0.079	gain	FP	FP
chr8	121793306	121810895	17589	24	0	0	2	co_linked	co_linked	1-1	1-1	True	26	0.112	0.073	gain	FP	FP
chr8	121795322	121801153	5831	62	0	0	9	co_linked	co_linked	1-1	1-1	True	71	0.107	0.12	gain	FP	FP
chr8	121795322	121804044	8722	54	0	0	7	co_linked	co_linked	1-1	1-1	True	61	0.107	0.11	gain	FP	FP
chr8	121795322	121804327	9005	54	0	0	8	co_linked	co_linked	1-1	1-1	True	62	0.107	0.122	gain	FP	FP
chr8	121795322	121806799	11477	44	0	0	4	co_linked	co_linked	1-1	1-1	True	48	0.107	0.093	gain	FP	FP
chr8	121795322	121807369	12047	43	0	0	3	co_linked	co_linked	1-1	1-1	True	46	0.107	0.061	gain	FP	FP
chr8	121795322	121809942	14620	30	0	0	3	co_linked	co_linked	1-1	1-1	True	33	0.107	0.078	gain	FP	FP
chr8	121795322	121810808	15486	28	0	0	3	co_linked	co_linked	1-1	1-1	True	31	0.107	0.079	gain	FP	FP
chr8	121795322	121810895	15573	28	0	0	2	co_linked	co_linked	1-1	1-1	True	30	0.107	0.073	gain	FP	FP
chr8	121802226	121803891	1665	94	0	0	12	co_linked	co_linked	1-1	1-1	True	106	0.103	0.111	gain	FP	FP
chr8	121802226	121804044	1818	89	0	0	11	co_linked	co_linked	1-1	1-1	True	100	0.103	0.11	gain	FP	FP
chr8	121802226	121806799	4573	73	0	0	8	co_linked	co_linked	1-1	1-1	True	81	0.103	0.093	gain	FP	FP
chr8	121802226	121807369	5143	72	0	0	4	co_linked	co_linked	1-1	1-1	True	76	0.103	0.061	gain	FP	FP
chr8	121802226	121809942	7716	54	0	0	5	co_linked	co_linked	1-1	1-1	True	59	0.103	0.078	gain	FP	FP
chr8	121802226	121810808	8582	50	0	0	5	co_linked	co_linked	1-1	1-1	True	55	0.103	0.079	gain	FP	FP
chr8	121802226	121810895	8669	50	0	0	4	co_linked	co_linked	1-1	1-1	True	54	0.103	0.073	gain	FP	FP
chr8	121802226	121819674	17448	28	0	0	1	sparse	co_linked	1-1	1-1	True	29	0.103	0.068	gain	FP	FP
chr8	121803891	121804044	153	112	0	0	14	co_linked	co_linked	1-1	1-1	True	126	0.111	0.11	gain	FP	FP
chr8	121803891	121806799	2908	85	0	0	11	co_linked	co_linked	1-1	1-1	True	96	0.111	0.093	gain	FP	FP
chr8	121803891	121807369	3478	84	0	0	7	co_linked	co_linked	1-1	1-1	True	91	0.111	0.061	gain	FP	FP
chr8	121803891	121809942	6051	66	0	0	8	co_linked	co_linked	1-1	1-1	True	74	0.111	0.078	gain	FP	FP
chr8	121803891	121810808	6917	61	0	0	8	co_linked	co_linked	1-1	1-1	True	69	0.111	0.079	gain	FP	FP
chr8	121803891	121810895	7004	61	0	0	7	co_linked	co_linked	1-1	1-1	True	68	0.111	0.073	gain	FP	FP
chr8	121803891	121819674	15783	33	0	0	3	co_linked	co_linked	1-1	1-1	True	36	0.111	0.068	gain	FP	FP
chr8	121804044	121804327	283	107	0	0	14	co_linked	co_linked	1-1	1-1	True	121	0.11	0.122	gain	FP	FP
chr8	121804044	121806799	2755	84	0	0	11	co_linked	co_linked	1-1	1-1	True	95	0.11	0.093	gain	FP	FP
chr8	121804044	121807369	3325	83	0	0	7	co_linked	co_linked	1-1	1-1	True	90	0.11	0.061	gain	FP	FP
chr8	121804044	121809942	5898	65	0	0	8	co_linked	co_linked	1-1	1-1	True	73	0.11	0.078	gain	FP	FP
chr8	121804044	121810808	6764	60	0	0	8	co_linked	co_linked	1-1	1-1	True	68	0.11	0.079	gain	FP	FP
chr8	121804044	121810895	6851	60	0	0	7	co_linked	co_linked	1-1	1-1	True	67	0.11	0.073	gain	FP	FP
chr8	121804044	121819674	15630	31	0	0	3	co_linked	co_linked	1-1	1-1	True	34	0.11	0.068	gain	FP	FP
chr8	121804327	121806799	2472	90	0	0	12	co_linked	co_linked	1-1	1-1	True	102	0.122	0.093	gain	FP	FP
chr8	121804327	121807369	3042	88	0	0	8	co_linked	co_linked	1-1	1-1	True	96	0.122	0.061	gain	FP	FP
chr8	121804327	121809942	5615	69	0	0	9	co_linked	co_linked	1-1	1-1	True	78	0.122	0.078	gain	FP	FP
chr8	121804327	121810808	6481	64	0	0	9	co_linked	co_linked	1-1	1-1	True	73	0.122	0.079	gain	FP	FP
chr8	121804327	121810895	6568	64	0	0	8	co_linked	co_linked	1-1	1-1	True	72	0.122	0.073	gain	FP	FP
chr8	121804327	121819674	15347	33	0	0	4	co_linked	co_linked	1-1	1-1	True	37	0.122	0.068	gain	FP	FP
chr8	121804327	121832324	27997	8	0	0	1	sparse	co_linked	1-1	1-1	True	9	0.122	0.084	gain	FP	FP
chr8	121806799	121807369	570	112	0	0	8	co_linked	co_linked	1-1	1-1	True	120	0.093	0.061	gain	FP	FP
chr8	121806799	121809942	3143	84	0	0	9	co_linked	co_linked	1-1	1-1	True	93	0.093	0.078	gain	FP	FP
chr8	121806799	121810808	4009	79	0	0	9	co_linked	co_linked	1-1	1-1	True	88	0.093	0.079	gain	FP	FP
chr8	121806799	121810895	4096	79	0	0	8	co_linked	co_linked	1-1	1-1	True	87	0.093	0.073	gain	FP	FP
chr8	121806799	121819674	12875	44	0	0	4	co_linked	co_linked	1-1	1-1	True	48	0.093	0.068	gain	FP	FP
chr8	121806799	121832324	25525	13	0	0	1	sparse	co_linked	1-1	1-1	True	14	0.093	0.084	gain	FP	FP
chr8	121806799	121837351	30552	9	0	0	1	sparse	co_linked	1-1	1-1	True	10	0.093	0.073	gain	FP	FP
chr8	121807369	121809942	2573	89	0	0	8	co_linked	co_linked	1-1	1-1	True	97	0.061	0.078	gain	FP	FP
chr8	121807369	121810808	3439	83	0	0	8	co_linked	co_linked	1-1	1-1	True	91	0.061	0.079	gain	FP	FP
chr8	121807369	121810895	3526	83	0	0	7	co_linked	co_linked	1-1	1-1	True	90	0.061	0.073	gain	FP	FP
chr8	121807369	121819674	12305	46	0	0	3	co_linked	co_linked	1-1	1-1	True	49	0.061	0.068	gain	FP	FP
chr8	121807369	121832324	24955	14	0	0	1	sparse	co_linked	1-1	1-1	True	15	0.061	0.084	gain	FP	FP
chr8	121807369	121837351	29982	10	0	0	1	sparse	co_linked	1-1	1-1	True	11	0.061	0.073	gain	FP	FP
chr8	121809942	121810808	866	108	0	0	10	co_linked	co_linked	1-1	1-1	True	118	0.078	0.079	gain	FP	FP
chr8	121809942	121810895	953	108	0	0	9	co_linked	co_linked	1-1	1-1	True	117	0.078	0.073	gain	FP	FP
chr8	121809942	121819674	9732	58	0	0	4	co_linked	co_linked	1-1	1-1	True	62	0.078	0.068	gain	FP	FP
chr8	121809942	121832324	22382	19	0	0	1	sparse	co_linked	1-1	1-1	True	20	0.078	0.084	gain	FP	FP
chr8	121809942	121837351	27409	13	0	0	1	sparse	co_linked	1-1	1-1	True	14	0.078	0.073	gain	FP	FP
chr8	121810808	121810895	87	115	0	0	9	co_linked	co_linked	1-1	1-1	True	124	0.079	0.073	gain	FP	FP
chr8	121810808	121819674	8866	62	0	0	4	co_linked	co_linked	1-1	1-1	True	66	0.079	0.068	gain	FP	FP
chr8	121810808	121832324	21516	19	0	0	1	sparse	co_linked	1-1	1-1	True	20	0.079	0.084	gain	FP	FP
chr8	121810808	121837351	26543	13	0	0	1	sparse	co_linked	1-1	1-1	True	14	0.079	0.073	gain	FP	FP
chr8	121810895	121819674	8779	62	0	0	4	co_linked	co_linked	1-1	1-1	True	66	0.073	0.068	gain	FP	FP
chr8	121810895	121832324	21429	19	0	0	1	sparse	co_linked	1-1	1-1	True	20	0.073	0.084	gain	FP	FP
chr8	121810895	121837351	26456	13	0	0	1	sparse	co_linked	1-1	1-1	True	14	0.073	0.073	gain	FP	FP
chr8	121819674	121832324	12650	32	0	0	2	co_linked	co_linked	1-1	1-1	True	34	0.068	0.084	gain	FP	FP
chr8	121819674	121837351	17677	20	0	0	2	co_linked	co_linked	1-1	1-1	True	22	0.068	0.073	gain	FP	FP
chr8	121832324	121837351	5027	57	0	0	8	co_linked	co_linked	1-1	1-1	True	65	0.084	0.073	gain	FP	FP
chr8	121981541	122016045	34504	4	0	0	3	co_linked	co_linked	2-1	2-1	True	7	0.305	0.199	gain	TP	TP
chr8	122004930	122010299	5369	81	0	0	11	co_linked	co_linked	1-1	1-1	True	92	0.085	0.12	gain	FP	FP
chr8	122004930	122011784	6854	74	0	0	11	co_linked	co_linked	1-1	1-1	True	85	0.085	0.121	gain	FP	FP
chr8	122004930	122011933	7003	74	0	0	11	co_linked	co_linked	1-1	1-1	True	85	0.085	0.119	gain	FP	FP
chr8	122004930	122012240	7310	72	0	0	11	co_linked	co_linked	1-1	1-1	True	83	0.085	0.123	gain	FP	FP
chr8	122004930	122012736	7806	72	0	0	9	co_linked	co_linked	1-1	1-1	True	81	0.085	0.104	gain	FP	FP
chr8	122004930	122014688	9758	62	0	0	6	co_linked	co_linked	1-1	1-1	True	68	0.085	0.104	gain	FP	FP
chr8	122004930	122014739	9809	64	0	0	6	co_linked	co_linked	1-1	1-1	True	70	0.085	0.099	gain	FP	FP
chr8	122006776	122011784	5008	83	0	0	11	co_linked	co_linked	1-1	1-1	True	94	0.099	0.121	gain	FP	FP
chr8	122006776	122011933	5157	82	0	0	11	co_linked	co_linked	1-1	1-1	True	93	0.099	0.119	gain	FP	FP
chr8	122006776	122012240	5464	80	0	0	11	co_linked	co_linked	1-1	1-1	True	91	0.099	0.123	gain	FP	FP
chr8	122006776	122012736	5960	80	0	0	9	co_linked	co_linked	1-1	1-1	True	89	0.099	0.104	gain	FP	FP
chr8	122006776	122014688	7912	70	0	0	6	co_linked	co_linked	1-1	1-1	True	76	0.099	0.104	gain	FP	FP
chr8	122006776	122014739	7963	72	0	0	6	co_linked	co_linked	1-1	1-1	True	78	0.099	0.099	gain	FP	FP
chr8	122011784	122011933	149	121	0	0	17	co_linked	co_linked	1-1	1-1	True	138	0.121	0.119	gain	FP	FP
chr8	122011784	122012240	456	115	0	0	17	co_linked	co_linked	1-1	1-1	True	132	0.121	0.123	gain	FP	FP
chr8	122011784	122012736	952	112	0	0	12	co_linked	co_linked	1-1	1-1	True	124	0.121	0.104	gain	FP	FP
chr8	122011784	122014688	2904	93	0	0	8	co_linked	co_linked	1-1	1-1	True	101	0.121	0.104	gain	FP	FP
chr8	122011784	122014739	2955	96	0	0	8	co_linked	co_linked	1-1	1-1	True	104	0.121	0.099	gain	FP	FP
chr8	122011933	122012240	307	120	0	0	17	co_linked	co_linked	1-1	1-1	True	137	0.119	0.123	gain	FP	FP
chr8	122011933	122012736	803	116	0	0	12	co_linked	co_linked	1-1	1-1	True	128	0.119	0.104	gain	FP	FP
chr8	122011933	122014688	2755	95	0	0	8	co_linked	co_linked	1-1	1-1	True	103	0.119	0.104	gain	FP	FP
chr8	122011933	122014739	2806	100	0	0	8	co_linked	co_linked	1-1	1-1	True	108	0.119	0.099	gain	FP	FP
chr8	122012240	122012736	496	116	0	0	12	co_linked	co_linked	1-1	1-1	True	128	0.123	0.104	gain	FP	FP
chr8	122012240	122014688	2448	94	0	0	8	co_linked	co_linked	1-1	1-1	True	102	0.123	0.104	gain	FP	FP
chr8	122012240	122014739	2499	99	0	0	8	co_linked	co_linked	1-1	1-1	True	107	0.123	0.099	gain	FP	FP
chr8	122012736	122014688	1952	94	0	0	10	co_linked	co_linked	1-1	1-1	True	104	0.104	0.104	gain	FP	FP
chr8	122012736	122014739	2003	99	0	0	10	co_linked	co_linked	1-1	1-1	True	109	0.104	0.099	gain	FP	FP
chr8	122014688	122014739	51	120	0	0	14	co_linked	co_linked	1-1	1-1	True	134	0.104	0.099	gain	FP	FP
chr8	122016045	122042156	26111	9	0	0	4	co_linked	co_linked	2-1	2-1	True	13	0.199	0.209	gain	TP	TP
chr8	122042156	122053163	11007	39	0	0	7	co_linked	co_linked	2-1	2-1	True	46	0.209	0.167	gain	TP	TP
chr8	123220247	123246842	26595	12	0	0	5	co_linked	co_linked	2-1	2-1	True	17	0.204	0.099	gain	TP	TP
chr8	123275753	123309805	34052	6	0	0	2	co_linked	co_linked	2-1	2-1	True	8	0.13	0.203	gain	TP	TP
chr8	123601761	123613785	12024	38	0	0	4	co_linked	co_linked	1-1	1-1	True	42	0.178	0.14	gain	TP	TP
chr8	123601761	123618502	16741	28	0	0	4	co_linked	co_linked	1-1	1-1	True	32	0.178	0.184	gain	TP	TP
chr8	123609327	123613785	4458	88	0	0	9	co_linked	co_linked	1-1	1-1	True	97	0.156	0.14	gain	TP	TP
chr8	123609327	123618502	9175	66	0	0	11	co_linked	co_linked	1-1	1-1	True	77	0.156	0.184	gain	TP	TP
chr8	123613415	123650301	36886	7	0	0	1	sparse	co_linked	1-1	1-1	True	8	0.14	0.201	gain	TP	TP
chr8	123613785	123650301	36516	6	0	0	1	sparse	co_linked	1-1	1-1	True	7	0.14	0.201	gain	TP	TP
chr8	123618502	123650301	31799	11	0	0	4	co_linked	co_linked	1-1	1-1	True	15	0.184	0.201	gain	TP	TP
chr8	124145488	124173509	28021	6	0	0	3	co_linked	co_linked	1-1	1-1	True	9	0.222	0.173	gain	TP	TP
chr8	124238354	124238355	1	125	0	0	65	co_linked	co_linked	1-1	1-1	True	190	0.349	0.34	gain	TP	TP
chr8	124805557	124805558	1	157	0	0	25	co_linked	co_linked	1-1	1-1	True	182	0.137	0.138	gain	TP	TP
chr8	124805557	124837245	31688	18	0	0	1	sparse	co_linked	1-1	1-1	True	19	0.137	0.1	gain	TP	TP
chr8	124805558	124837245	31687	18	0	0	1	sparse	co_linked	1-1	1-1	True	19	0.138	0.1	gain	TP	TP
chr8	125286225	125309636	23411	13	0	0	9	co_linked	co_linked	2-1	2-1	True	22	0.311	0.244	gain	TP	TP
chr8	125350789	125378941	28152	11	0	0	1	sparse	co_linked	2-1	2-1	True	12	0.201	0.148	gain	TP	TP
chr8	125411152	125436372	25220	20	0	0	2	co_linked	co_linked	2-1	2-1	True	22	0.172	0.123	gain	TP	TP
chr8	126061650	126081995	20345	28	0	0	5	co_linked	co_linked	2-1	2-1	True	33	0.189	0.173	gain	TP	TP
chr8	126122515	126139098	16583	34	0	0	8	co_linked	co_linked	2-1	2-1	True	42	0.161	0.172	gain	TP	TP
chr8	126710535	126710536	1	125	0	0	24	co_linked	co_linked	2-1	2-1	True	149	0.161	0.178	gain	TP	TP
chr8	127269909	127275370	5461	102	0	0	5	co_linked	co_linked	1-1	1-1	True	107	0.038	0.062	gain	FP	FP
chr8	127674542	127711143	36601	3	0	0	4	co_linked	co_linked	2-1	2-1	True	7	0.341	0.302	gain	TP	TP
chr8	128647488	128650366	2878	125	0	0	8	co_linked	co_linked	1-1	1-1	True	133	0.064	0.066	gain	FP	FP
chr8	129158386	129166198	7812	64	0	0	17	co_linked	co_linked	2-1	2-1	True	81	0.211	0.185	gain	TP	TP
chr8	129158386	129190729	32343	4	0	0	3	co_linked	co_linked	2-1	2-1	True	7	0.211	0.161	gain	TP	TP
chr8	129166198	129190729	24531	12	0	0	4	co_linked	co_linked	2-1	2-1	True	16	0.185	0.161	gain	TP	TP
chr8	129671443	129695801	24358	20	0	0	3	co_linked	co_linked	2-1	2-1	True	23	0.18	0.155	gain	TP	TP
chr8	129671443	129695802	24359	20	0	0	3	co_linked	co_linked	2-1	2-1	True	23	0.18	0.156	gain	TP	TP
chr8	129679005	129695801	16796	36	0	0	4	co_linked	co_linked	2-1	2-1	True	40	0.125	0.155	gain	TP	TP
chr8	129679005	129695802	16797	36	0	0	4	co_linked	co_linked	2-1	2-1	True	40	0.125	0.156	gain	TP	TP
chr8	129695801	129695802	1	129	0	0	24	co_linked	co_linked	2-1	2-1	True	153	0.155	0.156	gain	TP	TP
chr8	131746372	131762479	16107	28	0	0	4	co_linked	co_linked	1-1	1-1	True	32	0.159	0.151	gain	TP	TP
chr8	132099309	132115985	16676	36	0	0	4	co_linked	co_linked	2-1	2-1	True	40	0.149	0.124	gain	TP	TP
chr8	132100024	132114881	14857	49	0	0	5	co_linked	co_linked	2-1	2-1	True	54	0.164	0.112	gain	TP	TP
chr8	132215688	132215689	1	134	0	0	26	co_linked	co_linked	2-1	2-1	True	160	0.163	0.167	gain	TP	TP
chr8	132620729	132644600	23871	22	0	0	2	co_linked	co_linked	1-1	1-1	True	24	0.213	0.124	gain	TP	TP
chr8	132660434	132702186	41752	4	0	0	3	co_linked	co_linked	1-1	1-1	True	7	0.196	0.207	gain	TP	TP
chr8	132738020	132768883	30863	9	0	0	2	co_linked	co_linked	1-1	1-1	True	11	0.137	0.166	gain	TP	TP
chr8	133529848	133556283	26435	16	0	0	3	co_linked	co_linked	1-1	1-1	True	19	0.133	0.214	gain	TP	TP
chr8	134843136	134876717	33581	10	0	0	2	co_linked	co_linked	1-1	1-1	True	12	0.286	0.339	gain	TP	TP
chr8	136138443	136169141	30698	5	0	0	1	sparse	co_linked	2-1	2-1	True	6	0.448	0.176	gain	TP	TP
chr8	136169141	136212715	43574	4	0	0	2	co_linked	co_linked	2-1	2-1	True	6	0.176	0.344	gain	TP	TP
chr8	137959228	137974932	15704	34	0	0	7	co_linked	co_linked	2-1	2-1	True	41	0.139	0.18	gain	TP	TP
chr8	138757146	138790655	33509	3	0	0	3	co_linked	co_linked	1-1	1-1	True	6	0.349	0.307	gain	TP	TP
chr8	139383276	139402576	19300	21	0	0	3	co_linked	co_linked	1-1	1-1	True	24	0.172	0.205	gain	TP	TP
chr8	139402576	139416832	14256	31	0	0	5	co_linked	co_linked	1-1	1-1	True	36	0.205	0.138	gain	TP	TP
chr8	140182424	140211490	29066	6	0	0	4	co_linked	co_linked	2-1	2-1	True	10	0.12	0.37	gain	TP	TP
chr8	140394636	140420589	25953	17	0	0	2	co_linked	co_linked	2-1	2-1	True	19	0.207	0.165	gain	TP	TP
chr8	140584159	140584160	1	135	0	0	28	co_linked	co_linked	2-1	2-1	True	163	0.171	0.176	gain	TP	TP
chr8	141276171	141304087	27916	9	0	0	3	co_linked	co_linked	2-1	2-1	True	12	0.186	0.175	gain	TP	TP
chr8	141658404	141658433	29	153	0	0	15	co_linked	co_linked	2-1	2-1	True	168	0.095	0.089	gain	FP	FP
chr8	141658404	141658445	41	153	0	0	13	co_linked	co_linked	2-1	2-1	True	166	0.095	0.078	gain	FP	FP
chr8	141658433	141658445	12	154	0	0	13	co_linked	co_linked	2-1	2-1	True	167	0.089	0.078	gain	FP	FP
chr8	141786571	141799057	12486	36	0	0	9	co_linked	co_linked	2-1	2-1	True	45	0.127	0.224	gain	TP	TP
chr8	143799017	143805314	6297	89	0	0	24	co_linked	co_linked	2-1	2-1	True	113	0.195	0.176	gain	TP	TP
chr8	144601296	144602485	1189	146	0	0	16	co_linked	co_linked	1-1	1-1	True	162	0.091	0.092	gain	FP	FP
chr8	144601296	144610842	9546	75	0	0	11	co_linked	co_linked	1-1	1-1	True	86	0.091	0.084	gain	FP	FP
chr8	144601296	144618654	17358	37	0	0	7	co_linked	co_linked	1-1	1-1	True	44	0.091	0.072	gain	FP	FP
chr8	144601296	144619727	18431	32	0	0	6	co_linked	co_linked	1-1	1-1	True	38	0.091	0.065	gain	FP	FP
chr8	144602485	144610842	8357	84	0	0	11	co_linked	co_linked	1-1	1-1	True	95	0.092	0.084	gain	FP	FP
chr8	144602485	144618654	16169	40	0	0	7	co_linked	co_linked	1-1	1-1	True	47	0.092	0.072	gain	FP	FP
chr8	144602485	144619727	17242	35	0	0	6	co_linked	co_linked	1-1	1-1	True	41	0.092	0.065	gain	FP	FP
chr8	144610842	144618654	7812	75	0	0	9	co_linked	co_linked	1-1	1-1	True	84	0.084	0.072	gain	FP	FP
chr8	144610842	144619727	8885	69	0	0	7	co_linked	co_linked	1-1	1-1	True	76	0.084	0.065	gain	FP	FP
chr8	144799296	144801926	2630	125	0	0	11	co_linked	co_linked	1-1	1-1	True	136	0.066	0.087	gain	FP	FP
chr8	144916258	144935080	18822	21	0	0	6	co_linked	co_linked	2-1	2-1	True	27	0.132	0.176	gain	TP	TP
chr13	18249462	18251629	2167	48	0	0	11	co_linked	co_linked	2-1	2-1	True	59	0.179	0.16	neutral	TP	TP
chr13	18945485	18952717	7232	13	0	0	20	co_linked	co_linked	1-1	1-1	True	33	0.522	0.576	gain	TP	TP
chr13	18984431	18984432	1	50	0	0	11	co_linked	co_linked	2-1	2-1	True	61	0.18	0.177	gain	TP	TP
chr13	20264080	20264612	532	60	0	0	3	co_linked	co_linked	2-1	2-1	True	63	0.042	0.046	gain	FP	FP
chr13	20414259	20441059	26800	7	0	0	1	sparse	co_linked	1-1	1-1	True	8	0.351	0.279	gain	TP	TP
chr13	20558967	20563009	4042	32	0	0	23	co_linked	co_linked	1-1	1-1	True	55	0.417	0.457	gain	TP	TP
chr13	21328786	21346145	17359	13	0	0	4	co_linked	co_linked	2-1	2-1	True	17	0.361	0.296	gain	FP	TP
chr13	23936395	23953108	16713	9	0	0	5	co_linked	co_linked	1-1	1-1	True	14	0.307	0.314	gain	TP	TP
chr13	24656421	24690373	33952	1	0	0	5	co_linked	co_linked	2-1	2-1	True	6	0.314	0.342	gain	TP	TP
chr13	25110291	25133377	23086	6	0	0	5	co_linked	co_linked	2-1	2-1	True	11	0.382	0.441	gain	TP	TP
chr13	25465638	25489988	24350	8	0	0	6	co_linked	co_linked	2-1	2-1	True	14	0.443	0.351	gain	TP	TP
chr13	25541937	25541938	1	52	0	0	23	co_linked	co_linked	2-1	2-1	True	75	0.303	0.295	gain	TP	TP
chr13	26833416	26852403	18987	8	0	0	4	co_linked	co_linked	2-1	2-1	True	12	0.333	0.324	gain	TP	TP
chr13	26925728	26944570	18842	6	0	0	3	co_linked	co_linked	1-1	1-1	True	9	0.662	0.649	gain	TP	TP
chr13	26954661	26975664	21003	5	0	0	4	co_linked	co_linked	2-1	2-1	True	9	0.333	0.293	gain	TP	TP
chr13	26957058	26975664	18606	6	0	0	7	co_linked	co_linked	2-1	2-1	True	13	0.385	0.293	gain	TP	TP
chr13	30639427	30663166	23739	5	0	0	8	co_linked	co_linked	1-1	1-1	True	13	0.6	0.542	gain	TP	TP
chr13	30995649	31002707	7058	27	0	0	15	co_linked	co_linked	2-1	2-1	True	42	0.43	0.425	gain	TP	TP
chr13	31379761	31394938	15177	8	0	0	10	co_linked	co_linked	2-1	2-1	True	18	0.492	0.419	gain	TP	TP
chr13	32317522	32339132	21610	8	0	0	8	co_linked	co_linked	2-1	2-1	True	16	0.51	0.409	gain	TP	TP
chr13	32324831	32339132	14301	16	0	0	13	co_linked	co_linked	2-1	2-1	True	29	0.355	0.409	gain	TP	TP
chr13	32854575	32888269	33694	8	0	0	3	co_linked	co_linked	2-1	2-1	True	11	0.148	0.122	gain	TP	TP
chr13	33076517	33083757	7240	39	0	0	23	co_linked	co_linked	2-1	2-1	True	62	0.378	0.378	gain	TP	TP
chr13	34185613	34196148	10535	31	0	0	20	co_linked	co_linked	1-1	1-1	True	51	0.455	0.406	gain	TP	TP
chr13	34334101	34366860	32759	8	0	0	1	sparse	co_linked	1-1	1-1	True	9	0.224	0.183	gain	TP	TP
chr13	35146120	35168530	22410	16	0	0	4	co_linked	co_linked	1-1	1-1	True	20	0.169	0.261	gain	TP	TP
chr13	35894965	35916410	21445	17	0	0	2	co_linked	co_linked	1-1	1-1	True	19	0.205	0.158	gain	TP	TP
chr13	37839556	37844485	4929	37	0	0	32	co_linked	co_linked	1-1	1-1	True	69	0.419	0.431	gain	TP	TP
chr13	38177067	38205824	28757	4	0	0	4	co_linked	co_linked	2-1	2-1	True	8	0.458	0.51	gain	TP	TP
chr13	38495338	38518416	23078	9	0	0	4	co_linked	co_linked	2-1	2-1	True	13	0.241	0.26	gain	TP	TP
chr13	39973757	40002735	28978	10	0	0	2	co_linked	co_linked	2-1	2-1	True	12	0.168	0.198	gain	TP	TP
chr13	41144358	41168683	24325	9	0	0	3	co_linked	co_linked	2-1	2-1	True	12	0.333	0.226	gain	TP	TP
chr13	41425064	41450774	25710	11	0	0	3	co_linked	co_linked	2-1	2-1	True	14	0.178	0.176	gain	TP	TP
chr13	41486308	41499102	12794	13	0	0	19	co_linked	co_linked	1-1	1-1	True	32	0.535	0.542	gain	TP	FP
chr13	41486308	41499272	12964	13	0	0	15	co_linked	co_linked	1-1	1-1	True	28	0.535	0.533	gain	TP	FP
chr13	43445387	43471522	26135	5	0	0	2	co_linked	co_linked	1-1	1-1	True	7	0.466	0.402	gain	TP	TP
chr13	45347833	45366026	18193	18	0	0	8	co_linked	co_linked	1-1	1-1	True	26	0.348	0.476	gain	TP	TP
chr13	45366026	45399009	32983	7	0	0	5	co_linked	co_linked	1-1	1-1	True	12	0.476	0.457	gain	TP	TP
chr13	46603472	46605693	2221	45	0	0	39	co_linked	co_linked	1-1	1-1	True	84	0.436	0.472	gain	TP	TP
chr13	47850239	47864670	14431	24	0	0	9	co_linked	co_linked	1-1	1-1	True	33	0.248	0.202	gain	TP	TP
chr13	63901477	63912122	10645	20	0	0	2	co_linked	co_linked	3	3	True	22	0.064	0.089	loh	FP	FP
chr13	63901477	63913776	12299	18	0	0	1	sparse	co_linked	3	3	True	19	0.064	0.085	loh	FP	FP
chr13	63912122	63913776	1654	36	0	0	3	co_linked	co_linked	3	3	True	39	0.089	0.085	loh	FP	FP
chr13	65131377	65144623	13246	3	0	0	9	co_linked	co_linked	1-1	1-1	True	12	0.909	0.9	loh	TP	TP
chr13	65508588	65511994	3406	34	0	0	2	co_linked	co_linked	2-1	2-1	True	36	0.057	0.06	loh	FP	FP
chr13	67241894	67242603	709	33	0	0	4	co_linked	co_linked	1-1	1-1	True	37	0.098	0.105	loh	FP	FP
chr13	67241894	67243496	1602	31	0	0	3	co_linked	co_linked	1-1	1-1	True	34	0.098	0.079	loh	FP	FP
chr13	67242603	67243496	893	31	0	0	3	co_linked	co_linked	1-1	1-1	True	34	0.105	0.079	loh	FP	FP
chr13	71183376	71198195	14819	0	0	0	18	co_linked	co_linked	1-1	1-1	True	18	0.964	1.0	loh	TP	TP
chr13	71976659	71993728	17069	0	0	0	6	co_linked	co_linked	2-1	2-1	True	6	0.925	0.974	loh	TP	TP
chr13	72102768	72131094	28326	0	0	0	6	co_linked	co_linked	2-1	2-1	True	6	0.98	0.981	loh	TP	TP
chr13	72354335	72370936	16601	1	0	0	14	co_linked	co_linked	1-1	1-1	True	15	0.943	0.917	loh	TP	TP
chr13	72811567	72817219	5652	22	0	0	22	co_linked	co_linked	1-1	1-1	True	44	0.467	0.426	loh	TP	TP
chr13	72835965	72844363	8398	15	0	0	11	co_linked	co_linked	2-1	2-1	True	26	0.535	0.429	loh	TP	TP
chr13	76121099	76137240	16141	6	0	0	4	co_linked	co_linked	1-1	1-1	True	10	0.333	0.425	loh	TP	TP
chr13	77378516	77384751	6235	32	0	0	2	co_linked	co_linked	1-1	1-1	True	34	0.111	0.059	loh	FP	FP
chr13	77378516	77390326	11810	19	0	0	1	sparse	co_linked	1-1	1-1	True	20	0.111	0.051	loh	FP	FP
chr13	77384751	77390326	5575	29	0	0	2	co_linked	co_linked	1-1	1-1	True	31	0.059	0.051	loh	FP	FP
chr13	79797237	79816252	19015	0	0	0	11	co_linked	co_linked	1-1	1-1	True	11	0.981	0.982	loh	TP	TP
chr13	80967028	80981932	14904	18	0	0	5	co_linked	co_linked	1-1	1-1	True	23	0.352	0.311	loh	TP	TP
chr13	81888658	81897681	9023	2	0	0	18	co_linked	co_linked	2-1	2-1	True	20	0.891	0.967	loh	TP	TP
chr13	83198937	83201611	2674	40	0	0	4	co_linked	co_linked	2-1	2-1	True	44	0.062	0.077	loh	FP	FP
chr13	83198937	83222633	23696	8	0	0	2	co_linked	co_linked	2-1	2-1	True	10	0.062	0.075	loh	FP	FP
chr13	83201611	83222633	21022	9	0	0	2	co_linked	co_linked	2-1	2-1	True	11	0.077	0.075	loh	FP	FP
chr13	84779116	84783924	4808	1	0	0	32	co_linked	co_linked	2-1	2-1	True	33	0.98	0.98	loh	TP	TP
chr13	89001627	89001783	156	39	0	0	3	co_linked	co_linked	3	3	True	42	0.07	0.067	loh	FP	FP
chr13	89846691	89849475	2784	29	0	0	4	co_linked	co_linked	1-1	1-1	True	33	0.087	0.098	loh	FP	FP
chr13	90450014	90456153	6139	29	0	0	3	co_linked	co_linked	1-1	1-1	True	32	0.059	0.082	loh	FP	FP
chr13	90450014	90456599	6585	26	0	0	3	co_linked	co_linked	1-1	1-1	True	29	0.059	0.069	loh	FP	FP
chr13	90450014	90457768	7754	24	0	0	3	co_linked	co_linked	1-1	1-1	True	27	0.059	0.065	loh	FP	FP
chr13	90456153	90456599	446	52	0	0	4	co_linked	co_linked	1-1	1-1	True	56	0.082	0.069	loh	FP	FP
chr13	90456153	90457768	1615	49	0	0	4	co_linked	co_linked	1-1	1-1	True	53	0.082	0.065	loh	FP	FP
chr13	90456599	90457768	1169	50	0	0	4	co_linked	co_linked	1-1	1-1	True	54	0.069	0.065	loh	FP	FP
chr13	91347491	91347492	1	33	0	0	22	co_linked	co_linked	2-1	2-1	True	55	0.4	0.4	loh	TP	TP
chr13	91714003	91717550	3547	30	0	0	2	co_linked	co_linked	2-1	2-1	True	32	0.075	0.058	loh	FP	FP
chr13	93684722	93688130	3408	41	0	0	2	co_linked	co_linked	3	3	True	43	0.038	0.054	loh	FP	FP
chr13	96034572	96056926	22354	4	0	0	2	co_linked	co_linked	2-1	2-1	True	6	0.074	0.109	loh	FP	FP
chr13	97746394	97763157	16763	0	0	0	13	co_linked	co_linked	1-1	1-1	True	13	1.0	0.98	loh	TP	TP
chr13	97763157	97798261	35104	0	0	0	6	co_linked	co_linked	1-1	1-1	True	6	0.98	0.976	loh	TP	TP
chr13	98431278	98447970	16692	0	0	0	14	co_linked	co_linked	1-1	1-1	True	14	1.0	0.98	loh	TP	TP
chr13	99034705	99034901	196	39	0	0	2	co_linked	co_linked	1-1	1-1	True	41	0.048	0.048	loh	FP	FP
chr13	99034705	99038252	3547	29	0	0	2	co_linked	co_linked	1-1	1-1	True	31	0.048	0.043	loh	FP	FP
chr13	99034901	99038252	3351	30	0	0	2	co_linked	co_linked	1-1	1-1	True	32	0.048	0.043	loh	FP	FP
chr13	99083803	99083958	155	35	0	0	4	co_linked	co_linked	1-1	1-1	True	39	0.098	0.095	loh	FP	FP
chr13	100343792	100349375	5583	21	0	0	2	co_linked	co_linked	1-1	1-1	True	23	0.048	0.054	loh	FP	FP
chr13	103527341	103527342	1	21	0	0	18	co_linked	co_linked	2-1	2-1	True	39	0.462	0.45	loh	TP	TP
chr13	105186194	105202314	16120	0	0	0	11	co_linked	co_linked	2-1	2-1	True	11	1.0	1.0	loh	TP	TP
chr13	105441839	105441840	1	4	0	0	41	co_linked	co_linked	1-1	1-1	True	45	0.911	0.894	loh	TP	TP
chr13	105769759	105790472	20713	0	0	0	7	co_linked	co_linked	1-1	1-1	True	7	0.957	0.977	loh	TP	TP
chr13	106308822	106311069	2247	33	0	0	3	co_linked	co_linked	2-1	2-1	True	36	0.089	0.07	loh	FP	FP
chr13	107794435	107796381	1946	30	0	0	4	co_linked	co_linked	1-1	1-1	True	34	0.083	0.083	loh	FP	FP
chr13	107887200	107892494	5294	19	0	0	2	co_linked	co_linked	1-1	1-1	True	21	0.054	0.048	loh	FP	FP
chr13	113782455	113784706	2251	43	0	0	3	co_linked	co_linked	1-1	1-1	True	46	0.057	0.06	loh	FP	FP
chr13	113782455	113797273	14818	19	0	0	1	sparse	co_linked	1-1	1-1	True	20	0.057	0.085	loh	FP	FP
chr13	113784706	113797273	12567	22	0	0	1	sparse	co_linked	1-1	1-1	True	23	0.06	0.085	loh	FP	FP
chr13	114213545	114228182	14637	0	0	0	12	co_linked	co_linked	2-1	2-1	True	12	0.977	1.0	loh	TP	TP
chr18	1375399	1390394	14995	8	0	0	6	co_linked	co_linked	2-1	2-1	True	14	0.554	0.383	loh	TP	TP
chr18	3006646	3028840	22194	0	0	0	10	co_linked	co_linked	1-1	1-1	True	10	0.956	0.982	loh	TP	TP
chr18	3952358	3974498	22140	5	0	0	1	sparse	co_linked	2-1	2-1	True	6	0.593	0.333	loh	TP	TP
chr18	7157036	7179015	21979	0	0	0	9	co_linked	co_linked	2-1	2-1	True	9	0.982	0.94	loh	TP	TP
chr18	14027249	14056900	29651	5	0	0	1	sparse	co_linked	1-1	1-1	True	6	0.209	0.51	gain	TP	TP
chr18	22312020	22340172	28152	3	0	0	5	co_linked	co_linked	2-1	2-1	True	8	0.229	0.51	gain	TP	TP
chr18	22340172	22352022	11850	17	0	0	16	co_linked	co_linked	2-1	2-1	True	33	0.51	0.452	gain	TP	TP
chr18	22482868	22500500	17632	19	0	0	5	co_linked	co_linked	1-1	1-1	True	24	0.228	0.233	gain	TP	TP
chr18	23378503	23401067	22564	10	0	0	3	co_linked	co_linked	1-1	1-1	True	13	0.354	0.466	gain	TP	TP
chr18	28002128	28021530	19402	12	0	0	6	co_linked	co_linked	1-1	1-1	True	18	0.457	0.542	gain	TP	TP
chr18	28237030	28272157	35127	2	0	0	4	co_linked	co_linked	2-1	2-1	True	6	0.446	0.531	gain	TP	TP
chr18	29723584	29733093	9509	15	0	0	32	co_linked	co_linked	2-1	2-1	True	47	0.55	0.538	gain	TP	TP
chr18	34278724	34292995	14271	15	0	0	18	co_linked	co_linked	1-1	1-1	True	33	0.491	0.466	gain	TP	TP
chr18	35074654	35101256	26602	7	0	0	4	co_linked	co_linked	1-1	1-1	True	11	0.462	0.549	gain	TP	TP
chr18	35589956	35598664	8708	25	0	0	17	co_linked	co_linked	2-1	2-1	True	42	0.471	0.526	gain	TP	TP
chr18	37284220	37284221	1	76	0	0	63	co_linked	co_linked	1-1	1-1	True	139	0.453	0.453	gain	TP	TP
chr18	37722009	37748805	26796	6	0	0	1	sparse	co_linked	1-1	1-1	True	7	0.286	0.209	gain	TP	TP
chr18	38122207	38132731	10524	34	0	0	7	co_linked	co_linked	1-1	1-1	True	41	0.252	0.25	gain	TP	TP
chr18	38489284	38506081	16797	15	0	0	8	co_linked	co_linked	1-1	1-1	True	23	0.5	0.416	gain	TP	TP
chr18	38679591	38712727	33136	2	0	0	4	co_linked	co_linked	2-1	2-1	True	6	0.404	0.482	gain	TP	TP
chr18	39339147	39339148	1	42	0	0	52	co_linked	co_linked	1-1	1-1	True	94	0.553	0.546	gain	TP	TP
chr18	41187560	41192631	5071	41	0	0	33	co_linked	co_linked	2-1	2-1	True	74	0.471	0.411	gain	TP	TP
chr18	42346200	42381603	35403	6	0	0	6	co_linked	co_linked	1-1	1-1	True	12	0.474	0.483	gain	TP	TP
chr18	47233933	47254436	20503	13	0	0	4	co_linked	co_linked	1-1	1-1	True	17	0.5	0.431	gain	TP	TP
chr18	48767845	48785061	17216	9	0	0	13	co_linked	co_linked	1-1	1-1	True	22	0.408	0.515	gain	TP	TP
chr18	48953371	48975419	22048	15	0	0	2	co_linked	co_linked	1-1	1-1	True	17	0.239	0.25	gain	TP	TP
chr18	49631256	49651649	20393	10	0	0	9	co_linked	co_linked	2-1	2-1	True	19	0.418	0.454	gain	TP	TP
chr18	53062669	53089337	26668	7	0	0	14	co_linked	co_linked	2-1	2-1	True	21	0.545	0.569	gain	TP	TP
chr18	53062669	53097451	34782	5	0	0	5	co_linked	co_linked	2-1	2-1	True	10	0.545	0.525	gain	TP	TP
chr18	53062669	53101343	38674	4	0	0	3	co_linked	co_linked	2-1	2-1	True	7	0.545	0.418	gain	TP	TP
chr18	53062669	53101921	39252	4	0	0	2	co_linked	co_linked	2-1	2-1	True	6	0.545	0.46	gain	TP	TP
chr18	53062669	53102182	39513	4	0	0	2	co_linked	co_linked	2-1	2-1	True	6	0.545	0.462	gain	TP	TP
chr18	53062669	53104294	41625	4	0	0	2	co_linked	co_linked	2-1	2-1	True	6	0.545	0.48	gain	TP	TP
chr18	53089337	53101921	12584	17	0	0	18	co_linked	co_linked	2-1	2-1	True	35	0.569	0.46	gain	TP	TP
chr18	53089337	53102182	12845	17	0	0	18	co_linked	co_linked	2-1	2-1	True	35	0.569	0.462	gain	TP	TP
chr18	53089337	53104294	14957	14	0	0	14	co_linked	co_linked	2-1	2-1	True	28	0.569	0.48	gain	TP	TP
chr18	53089337	53105902	16565	12	0	0	14	co_linked	co_linked	2-1	2-1	True	26	0.569	0.528	gain	TP	TP
chr18	53089337	53107045	17708	12	0	0	13	co_linked	co_linked	2-1	2-1	True	25	0.569	0.519	gain	TP	TP
chr18	53098456	53107045	8589	23	0	0	22	co_linked	co_linked	2-1	2-1	True	45	0.525	0.519	gain	TP	TP
chr18	53101343	53105902	4559	31	0	0	25	co_linked	co_linked	2-1	2-1	True	56	0.418	0.528	gain	TP	TP
chr18	53101343	53107045	5702	29	0	0	24	co_linked	co_linked	2-1	2-1	True	53	0.418	0.519	gain	TP	TP
chr18	53101921	53104294	2373	39	0	0	34	co_linked	co_linked	2-1	2-1	True	73	0.46	0.48	gain	TP	TP
chr18	53101921	53105902	3981	34	0	0	31	co_linked	co_linked	2-1	2-1	True	65	0.46	0.528	gain	TP	TP
chr18	53101921	53107045	5124	32	0	0	27	co_linked	co_linked	2-1	2-1	True	59	0.46	0.519	gain	TP	TP
chr18	53102182	53107045	4863	33	0	0	32	co_linked	co_linked	2-1	2-1	True	65	0.462	0.519	gain	TP	TP
chr18	60958417	60964812	6395	8	0	0	3	co_linked	co_linked	2-1	2-1	True	11	0.13	0.125	loss	FP	FP
chr18	68920623	68938110	17487	1	0	0	8	co_linked	co_linked	1-1	1-1	True	9	0.964	0.875	loss	TP	TP
chr18	75308977	75317317	8340	0	0	0	17	co_linked	co_linked	2-1	2-1	True	17	1.0	1.0	loss	TP	TP
chr18	76092108	76093590	1482	17	0	0	4	co_linked	co_linked	3	3	True	21	0.192	0.167	loss	FP	FP
chr18	76092108	76093669	1561	16	0	0	4	co_linked	co_linked	3	3	True	20	0.192	0.182	loss	FP	FP
chr18	76092108	76093755	1647	16	0	0	4	co_linked	co_linked	3	3	True	20	0.192	0.174	loss	FP	FP
chr18	76092108	76095885	3777	12	0	0	4	co_linked	co_linked	3	3	True	16	0.192	0.174	loss	FP	FP
chr18	76092108	76096001	3893	12	0	0	4	co_linked	co_linked	3	3	True	16	0.192	0.174	loss	FP	FP
chr18	76092108	76096109	4001	12	0	0	4	co_linked	co_linked	3	3	True	16	0.192	0.174	loss	FP	FP
chr18	76092108	76096385	4277	11	0	0	4	co_linked	co_linked	3	3	True	15	0.192	0.182	loss	FP	FP
chr18	76093590	76093669	79	18	0	0	4	co_linked	co_linked	3	3	True	22	0.167	0.182	loss	FP	FP
chr18	76093590	76093755	165	19	0	0	4	co_linked	co_linked	3	3	True	23	0.167	0.174	loss	FP	FP
chr18	76093590	76095885	2295	14	0	0	4	co_linked	co_linked	3	3	True	18	0.167	0.174	loss	FP	FP
chr18	76093590	76096001	2411	14	0	0	4	co_linked	co_linked	3	3	True	18	0.167	0.174	loss	FP	FP
chr18	76093590	76096109	2519	14	0	0	4	co_linked	co_linked	3	3	True	18	0.167	0.174	loss	FP	FP
chr18	76093590	76096385	2795	13	0	0	4	co_linked	co_linked	3	3	True	17	0.167	0.182	loss	FP	FP
chr18	76093669	76093755	86	17	0	0	4	co_linked	co_linked	3	3	True	21	0.182	0.174	loss	FP	FP
chr18	76093669	76095885	2216	12	0	0	4	co_linked	co_linked	3	3	True	16	0.182	0.174	loss	FP	FP
chr18	76093669	76096001	2332	12	0	0	4	co_linked	co_linked	3	3	True	16	0.182	0.174	loss	FP	FP
chr18	76093669	76096109	2440	12	0	0	4	co_linked	co_linked	3	3	True	16	0.182	0.174	loss	FP	FP
chr18	76093669	76096385	2716	11	0	0	4	co_linked	co_linked	3	3	True	15	0.182	0.182	loss	FP	FP
chr18	76093755	76095885	2130	13	0	0	4	co_linked	co_linked	3	3	True	17	0.174	0.174	loss	FP	FP
chr18	76093755	76096001	2246	13	0	0	4	co_linked	co_linked	3	3	True	17	0.174	0.174	loss	FP	FP
chr18	76093755	76096109	2354	13	0	0	4	co_linked	co_linked	3	3	True	17	0.174	0.174	loss	FP	FP
chr18	76093755	76096385	2630	12	0	0	4	co_linked	co_linked	3	3	True	16	0.174	0.182	loss	FP	FP
chr18	76095885	76096001	116	19	0	0	4	co_linked	co_linked	3	3	True	23	0.174	0.174	loss	FP	FP
chr18	76095885	76096109	224	19	0	0	4	co_linked	co_linked	3	3	True	23	0.174	0.174	loss	FP	FP
chr18	76095885	76096385	500	17	0	0	4	co_linked	co_linked	3	3	True	21	0.174	0.182	loss	FP	FP
chr18	76096001	76096109	108	19	0	0	4	co_linked	co_linked	3	3	True	23	0.174	0.174	loss	FP	FP
chr18	76096001	76096385	384	17	0	0	4	co_linked	co_linked	3	3	True	21	0.174	0.182	loss	FP	FP
chr18	76096109	76096385	276	17	0	0	4	co_linked	co_linked	3	3	True	21	0.174	0.182	loss	FP	FP
chr18	76567321	76568004	683	18	0	0	4	co_linked	co_linked	2-1	2-1	True	22	0.143	0.16	loss	FP	FP
chr18	77278492	77297914	19422	4	0	0	4	co_linked	co_linked	1-1	1-1	True	8	0.646	0.615	loss	TP	TP
chr18	77278492	77300663	22171	3	0	0	4	co_linked	co_linked	1-1	1-1	True	7	0.646	0.5	loss	TP	TP
chr18	77278492	77300765	22273	2	0	0	4	co_linked	co_linked	1-1	1-1	True	6	0.646	0.519	loss	TP	TP
chr18	77278492	77305217	26725	3	0	0	4	co_linked	co_linked	1-1	1-1	True	7	0.646	0.462	loss	TP	TP
chr18	77297914	77300663	2749	14	0	0	19	co_linked	co_linked	1-1	1-1	True	33	0.615	0.5	loss	TP	TP
chr18	77297914	77300765	2851	13	0	0	19	co_linked	co_linked	1-1	1-1	True	32	0.615	0.519	loss	TP	TP
chr18	77297914	77305217	7303	11	0	0	12	co_linked	co_linked	1-1	1-1	True	23	0.615	0.462	loss	TP	TP
chr18	77297914	77306893	8979	9	0	0	8	co_linked	co_linked	1-1	1-1	True	17	0.615	0.48	loss	TP	TP
chr18	77300663	77300765	102	26	0	0	26	co_linked	co_linked	1-1	1-1	True	52	0.5	0.519	loss	TP	TP
chr18	77300663	77305217	4554	18	0	0	15	co_linked	co_linked	1-1	1-1	True	33	0.5	0.462	loss	TP	TP
chr18	77300663	77306893	6230	14	0	0	11	co_linked	co_linked	1-1	1-1	True	25	0.5	0.48	loss	TP	TP
chr18	77300765	77305217	4452	17	0	0	15	co_linked	co_linked	1-1	1-1	True	32	0.519	0.462	loss	TP	TP
chr18	77300765	77306893	6128	14	0	0	11	co_linked	co_linked	1-1	1-1	True	25	0.519	0.48	loss	TP	TP
chr18	78004110	78016840	12730	10	0	0	10	co_linked	co_linked	2-1	2-1	True	20	0.412	0.441	loss	TP	TP
chr18	78202963	78213716	10753	6	0	0	6	co_linked	co_linked	2-1	2-1	True	12	0.455	0.55	loss	TP	TP
chr4	5010617	5039966	29349	0	0	0	6	co_linked	co_linked	2-1	2-1	True	6	0.982	0.962	loh	TP	TP
chr4	5757954	5757955	1	0	0	0	47	co_linked	co_linked	2-1	2-1	True	47	0.979	0.979	loh	TP	TP
chr4	9602411	9602444	33	47	0	0	3	co_linked	co_linked	2-1	2-1	True	50	0.056	0.059	loh	FP	FP
chr4	9630250	9630430	180	47	0	0	2	co_linked	co_linked	2-1	2-1	True	49	0.041	0.041	loh	FP	FP
chr4	10862832	10863078	246	42	0	0	3	co_linked	co_linked	2-1	2-1	True	45	0.065	0.061	loh	FP	FP
chr4	13905291	13916414	11123	14	0	0	7	co_linked	co_linked	1-1	1-1	True	21	0.485	0.306	loh	TP	TP
chr4	13905292	13916414	11122	14	0	0	7	co_linked	co_linked	1-1	1-1	True	21	0.477	0.306	loh	TP	TP
chr4	14709828	14723091	13263	1	0	0	5	co_linked	co_linked	2-1	2-1	True	6	0.867	0.88	loh	TP	TP
chr4	14941018	14941049	31	25	0	0	2	co_linked	co_linked	3	3	True	27	0.071	0.074	loh	FP	FP
chr4	14941018	14941553	535	25	0	0	2	co_linked	co_linked	3	3	True	27	0.071	0.069	loh	FP	FP
chr4	14941049	14941553	504	25	0	0	2	co_linked	co_linked	3	3	True	27	0.074	0.069	loh	FP	FP
chr4	14975786	14983136	7350	17	0	0	1	sparse	co_linked	3	3	True	18	0.105	0.1	loh	FP	FP
chr4	14975786	14984033	8247	15	0	0	1	sparse	co_linked	3	3	True	16	0.105	0.086	loh	FP	FP
chr4	14975786	14984384	8598	15	0	0	1	sparse	co_linked	3	3	True	16	0.105	0.091	loh	FP	FP
chr4	14983136	14984033	897	31	0	0	3	co_linked	co_linked	3	3	True	34	0.1	0.086	loh	FP	FP
chr4	14983136	14984384	1248	29	0	0	3	co_linked	co_linked	3	3	True	32	0.1	0.091	loh	FP	FP
chr4	14984033	14984384	351	30	0	0	3	co_linked	co_linked	3	3	True	33	0.086	0.091	loh	FP	FP
chr4	15118725	15118963	238	13	0	0	6	co_linked	co_linked	1-1	1-1	True	19	0.273	0.316	loh	FP	FP
chr4	15118725	15120205	1480	12	0	0	5	co_linked	co_linked	1-1	1-1	True	17	0.273	0.238	loh	FP	FP
chr4	15118725	15126551	7826	6	0	0	4	co_linked	co_linked	1-1	1-1	True	10	0.273	0.19	loh	FP	FP
chr4	15118725	15127009	8284	6	0	0	4	co_linked	co_linked	1-1	1-1	True	10	0.273	0.238	loh	FP	FP
chr4	15118725	15128883	10158	6	0	0	4	co_linked	co_linked	1-1	1-1	True	10	0.273	0.217	loh	FP	FP
chr4	15118963	15120205	1242	11	0	0	5	co_linked	co_linked	1-1	1-1	True	16	0.316	0.238	loh	FP	FP
chr4	15118963	15126551	7588	5	0	0	4	co_linked	co_linked	1-1	1-1	True	9	0.316	0.19	loh	FP	FP
chr4	15118963	15127009	8046	5	0	0	4	co_linked	co_linked	1-1	1-1	True	9	0.316	0.238	loh	FP	FP
chr4	15118963	15128883	9920	5	0	0	4	co_linked	co_linked	1-1	1-1	True	9	0.316	0.217	loh	FP	FP
chr4	15120205	15126551	6346	9	0	0	4	co_linked	co_linked	1-1	1-1	True	13	0.238	0.19	loh	FP	FP
chr4	15120205	15127009	6804	9	0	0	4	co_linked	co_linked	1-1	1-1	True	13	0.238	0.238	loh	FP	FP
chr4	15120205	15128883	8678	9	0	0	4	co_linked	co_linked	1-1	1-1	True	13	0.238	0.217	loh	FP	FP
chr4	15126551	15127009	458	16	0	0	4	co_linked	co_linked	1-1	1-1	True	20	0.19	0.238	loh	FP	FP
chr4	15126551	15128883	2332	15	0	0	4	co_linked	co_linked	1-1	1-1	True	19	0.19	0.217	loh	FP	FP
chr4	15127009	15128883	1874	15	0	0	5	co_linked	co_linked	1-1	1-1	True	20	0.238	0.217	loh	FP	FP
chr4	17316655	17319198	2543	16	0	0	4	co_linked	co_linked	2-1	2-1	True	20	0.174	0.154	loss	FP	FP
chr4	18158963	18174146	15183	9	0	0	2	co_linked	co_linked	1-1	1-1	True	11	0.098	0.121	loss	FP	FP
chr4	19588073	19589054	981	26	0	0	3	co_linked	co_linked	1-1	1-1	True	29	0.094	0.097	loss	FP	FP
chr4	21114312	21123395	9083	0	0	0	9	co_linked	co_linked	1-1	1-1	True	9	0.968	0.97	loss	TP	TP
chr4	21752616	21762659	10043	0	0	0	6	co_linked	co_linked	1-1	1-1	True	6	0.92	1.0	loss	TP	TP
chr4	22147800	22148230	430	22	0	0	4	co_linked	co_linked	3	3	True	26	0.148	0.148	loss	FP	FP
chr4	22153708	22154275	567	21	0	0	5	co_linked	co_linked	2-1	2-1	True	26	0.185	0.161	loss	FP	FP
chr4	22153708	22155997	2289	19	0	0	5	co_linked	co_linked	2-1	2-1	True	24	0.185	0.161	loss	FP	FP
chr4	22154275	22155997	1722	22	0	0	5	co_linked	co_linked	2-1	2-1	True	27	0.161	0.161	loss	FP	FP
chr4	22782876	22786333	3457	2	0	0	28	co_linked	co_linked	1-1	1-1	True	30	0.879	0.95	loss	TP	TP
chr4	22972857	22986223	13366	16	0	0	2	co_linked	co_linked	2-1	2-1	True	18	0.087	0.128	loss	FP	FP
chr4	22972857	22990106	17249	8	0	0	2	co_linked	co_linked	2-1	2-1	True	10	0.087	0.129	loss	FP	FP
chr4	22984676	22986223	1547	28	0	0	3	co_linked	co_linked	2-1	2-1	True	31	0.111	0.128	loss	FP	FP
chr4	22984676	22990106	5430	15	0	0	3	co_linked	co_linked	2-1	2-1	True	18	0.111	0.129	loss	FP	FP
chr4	23083392	23088316	4924	13	0	0	2	co_linked	co_linked	1-1	1-1	True	15	0.1	0.083	loss	FP	FP
chr4	23083392	23100385	16993	6	0	0	2	co_linked	co_linked	1-1	1-1	True	8	0.1	0.167	loss	FP	FP
chr4	23083392	23102575	19183	5	0	0	1	sparse	co_linked	1-1	1-1	True	6	0.1	0.107	loss	FP	FP
chr4	23088316	23100385	12069	10	0	0	2	co_linked	co_linked	1-1	1-1	True	12	0.083	0.167	loss	FP	FP
chr4	23088316	23102575	14259	9	0	0	1	sparse	co_linked	1-1	1-1	True	10	0.083	0.107	loss	FP	FP
chr4	23100385	23102575	2190	17	0	0	3	co_linked	co_linked	1-1	1-1	True	20	0.167	0.107	loss	FP	FP
chr4	23496472	23499276	2804	21	0	0	4	co_linked	co_linked	2-1	2-1	True	25	0.125	0.118	loss	FP	FP
chr4	23496472	23504246	7774	14	0	0	2	co_linked	co_linked	2-1	2-1	True	16	0.125	0.114	loss	FP	FP
chr4	23499276	23504246	4970	19	0	0	2	co_linked	co_linked	2-1	2-1	True	21	0.118	0.114	loss	FP	FP
chr4	24993927	25008752	14825	11	0	0	9	co_linked	co_linked	1-1	1-1	True	20	0.358	0.412	gain	TP	TP
chr4	25678192	25708004	29812	8	0	0	1	sparse	co_linked	1-1	1-1	True	9	0.279	0.351	gain	TP	TP
chr4	25687819	25721520	33701	4	0	0	3	co_linked	co_linked	1-1	1-1	True	7	0.311	0.355	gain	TP	TP
chr4	26541812	26573159	31347	1	0	0	5	co_linked	co_linked	1-1	1-1	True	6	0.333	0.346	gain	TP	TP
chr4	26585268	26588815	3547	25	0	0	36	co_linked	co_linked	2-1	2-1	True	61	0.549	0.635	gain	TP	TP
chr4	27046920	27047096	176	69	0	0	3	co_linked	co_linked	1-1	1-1	True	72	0.041	0.041	gain	FP	FP
chr4	28963145	28967760	4615	33	0	0	29	co_linked	co_linked	2-1	2-1	True	62	0.517	0.487	gain	TP	TP
chr4	31409148	31420956	11808	8	0	0	7	co_linked	co_linked	1-1	1-1	True	15	0.521	0.607	gain	TP	TP
chr4	31458843	31486849	28006	7	0	0	3	co_linked	co_linked	2-1	2-1	True	10	0.343	0.44	gain	TP	TP
chr4	31638862	31654297	15435	9	0	0	7	co_linked	co_linked	1-1	1-1	True	16	0.316	0.25	gain	TP	TP
chr4	33400181	33407931	7750	12	0	0	25	co_linked	co_linked	1-1	1-1	True	37	0.662	0.603	gain	TP	TP
chr4	33400181	33415696	15515	8	0	0	11	co_linked	co_linked	1-1	1-1	True	19	0.662	0.557	gain	TP	TP
chr4	33751346	33751784	438	59	0	0	3	co_linked	co_linked	1-1	1-1	True	62	0.046	0.044	gain	FP	FP
chr4	34124900	34132105	7205	21	0	0	14	co_linked	co_linked	3	3	True	35	0.384	0.364	gain	TP	TP
chr4	34306980	34310666	3686	42	0	0	11	co_linked	co_linked	2-1	2-1	True	53	0.214	0.284	gain	TP	TP
chr4	34343353	34343896	543	55	0	0	2	co_linked	co_linked	1-1	1-1	True	57	0.034	0.034	gain	FP	FP
chr4	34343353	34356183	12830	19	0	0	2	co_linked	co_linked	1-1	1-1	True	21	0.034	0.078	gain	FP	FP
chr4	34343353	34358476	15123	14	0	0	2	co_linked	co_linked	1-1	1-1	True	16	0.034	0.062	gain	FP	FP
chr4	34343896	34356183	12287	19	0	0	2	co_linked	co_linked	1-1	1-1	True	21	0.034	0.078	gain	FP	FP
chr4	34343896	34358476	14580	14	0	0	2	co_linked	co_linked	1-1	1-1	True	16	0.034	0.062	gain	FP	FP
chr4	35722123	35722124	1	32	0	0	42	co_linked	co_linked	2-1	2-1	True	74	0.568	0.551	gain	TP	TP
chr4	36748747	36772894	24147	7	0	0	5	co_linked	co_linked	1-1	1-1	True	12	0.363	0.486	gain	TP	TP
chr4	36852371	36872711	20340	11	0	0	1	sparse	co_linked	2-1	2-1	True	12	0.29	0.286	gain	TP	TP
chr4	36969129	36993165	24036	6	0	0	3	co_linked	co_linked	1-1	1-1	True	9	0.352	0.362	gain	TP	TP
chr4	37087585	37118577	30992	7	0	0	1	sparse	co_linked	2-1	2-1	True	8	0.367	0.38	gain	TP	TP
chr4	37157540	37181000	23460	11	0	0	3	co_linked	co_linked	2-1	2-1	True	14	0.303	0.333	gain	TP	TP
chr4	37993927	38011337	17410	7	0	0	13	co_linked	co_linked	1-1	1-1	True	20	0.603	0.5	neutral	TP	TP
chr4	38235313	38260657	25344	4	0	0	3	co_linked	co_linked	1-1	1-1	True	7	0.29	0.302	neutral	TP	TP
chr4	39436884	39439541	2657	61	0	0	4	co_linked	co_linked	1-1	1-1	True	65	0.047	0.048	neutral	FP	FP
chr4	39699748	39718188	18440	8	0	0	8	co_linked	co_linked	1-1	1-1	True	16	0.479	0.558	neutral	TP	TP
chr4	39700657	39718188	17531	9	0	0	9	co_linked	co_linked	1-1	1-1	True	18	0.507	0.558	neutral	TP	TP
chr4	40025205	40046790	21585	9	0	0	6	co_linked	co_linked	2-1	2-1	True	15	0.281	0.392	neutral	TP	TP
chr4	42704473	42714629	10156	10	0	0	19	co_linked	co_linked	2-1	2-1	True	29	0.565	0.558	neutral	TP	TP
chr4	42853224	42861775	8551	18	0	0	16	co_linked	co_linked	1-1	1-1	True	34	0.375	0.409	neutral	TP	TP
chr4	45726352	45741118	14766	21	0	0	5	co_linked	co_linked	2-1	2-1	True	26	0.293	0.247	gain	TP	TP
chr4	46064729	46086103	21374	4	0	0	7	co_linked	co_linked	1-1	1-1	True	11	0.662	0.667	gain	TP	TP
chr4	46368552	46369600	1048	17	0	0	35	co_linked	co_linked	1-1	1-1	True	52	0.641	0.619	gain	TP	TP
chr4	46369599	46369600	1	24	0	0	39	co_linked	co_linked	1-1	1-1	True	63	0.542	0.619	gain	TP	TP
chr4	47126838	47150899	24061	4	0	0	2	co_linked	co_linked	1-1	1-1	True	6	0.519	0.514	gain	TP	TP
chr4	48587402	48592642	5240	38	0	0	4	co_linked	co_linked	3	3	True	42	0.053	0.113	gain	FP	FP
chr4	52588082	52590209	2127	45	0	0	4	co_linked	co_linked	2-1	2-1	True	49	0.065	0.07	gain	FP	FP
chr4	52588082	52590250	2168	45	0	0	4	co_linked	co_linked	2-1	2-1	True	49	0.065	0.067	gain	FP	FP
chr4	52590209	52590250	41	53	0	0	4	co_linked	co_linked	2-1	2-1	True	57	0.07	0.067	gain	FP	FP
chr4	53177506	53178787	1281	59	0	0	3	co_linked	co_linked	2-1	2-1	True	62	0.056	0.042	gain	FP	FP
chr4	53177506	53180645	3139	51	0	0	3	co_linked	co_linked	2-1	2-1	True	54	0.056	0.048	gain	FP	FP
chr4	54183141	54196026	12885	15	0	0	9	co_linked	co_linked	2-1	2-1	True	24	0.384	0.424	gain	TP	TP
chr4	54823898	54825604	1706	60	0	0	6	co_linked	co_linked	1-1	1-1	True	66	0.086	0.072	gain	FP	FP
chr4	55088715	55091148	2433	36	0	0	3	co_linked	co_linked	3	3	True	39	0.054	0.061	gain	FP	FP
chr4	61552243	61577273	25030	3	0	0	3	co_linked	co_linked	2-1	2-1	True	6	0.417	0.414	gain	TP	TP
chr4	62175770	62191822	16052	13	0	0	3	co_linked	co_linked	1-1	1-1	True	16	0.351	0.281	gain	TP	TP
chr4	62456541	62457135	594	32	0	0	23	co_linked	co_linked	1-1	1-1	True	55	0.379	0.414	gain	TP	TP
chr4	62456541	62470451	13910	13	0	0	5	co_linked	co_linked	1-1	1-1	True	18	0.379	0.308	gain	TP	TP
chr4	62457135	62470451	13316	12	0	0	5	co_linked	co_linked	1-1	1-1	True	17	0.414	0.308	gain	TP	TP
chr4	64437191	64463531	26340	4	0	0	2	co_linked	co_linked	2-1	2-1	True	6	0.641	0.541	gain	TP	TP
chr4	64437191	64463772	26581	4	0	0	3	co_linked	co_linked	2-1	2-1	True	7	0.641	0.548	gain	TP	TP
chr4	64463531	64467721	4190	24	0	0	28	co_linked	co_linked	2-1	2-1	True	52	0.541	0.56	gain	TP	TP
chr4	65220340	65246209	25869	8	0	0	2	co_linked	co_linked	1-1	1-1	True	10	0.409	0.338	gain	TP	TP
chr4	67106922	67121247	14325	14	0	0	5	co_linked	co_linked	1-1	1-1	True	19	0.464	0.287	gain	TP	TP
chr4	68052727	68061208	8481	26	0	0	19	co_linked	co_linked	1-1	1-1	True	45	0.36	0.45	gain	TP	TP
chr4	68662515	68664778	2263	55	0	0	4	co_linked	co_linked	2-1	2-1	True	59	0.056	0.056	gain	FP	FP
chr4	68743374	68755166	11792	16	0	0	11	co_linked	co_linked	2-1	2-1	True	27	0.377	0.338	gain	TP	TP
chr4	69085645	69092797	7152	17	0	0	9	co_linked	co_linked	2-1	2-1	True	26	0.371	0.344	gain	TP	TP
chr4	72056312	72062549	6237	22	0	0	19	co_linked	co_linked	2-1	2-1	True	41	0.417	0.388	gain	TP	TP
chr4	72562367	72585697	23330	6	0	0	8	co_linked	co_linked	1-1	1-1	True	14	0.456	0.718	gain	TP	TP
chr4	75537879	75541121	3242	41	0	0	3	co_linked	co_linked	2-1	2-1	True	44	0.06	0.045	gain	FP	FP
chr4	75537879	75542367	4488	36	0	0	3	co_linked	co_linked	2-1	2-1	True	39	0.06	0.049	gain	FP	FP
chr4	75537879	75547144	9265	28	0	0	3	co_linked	co_linked	2-1	2-1	True	31	0.06	0.042	gain	FP	FP
chr4	75541121	75542367	1246	53	0	0	3	co_linked	co_linked	2-1	2-1	True	56	0.045	0.049	gain	FP	FP
chr4	75541121	75547144	6023	37	0	0	3	co_linked	co_linked	2-1	2-1	True	40	0.045	0.042	gain	FP	FP
chr4	75542367	75547144	4777	38	0	0	3	co_linked	co_linked	2-1	2-1	True	41	0.049	0.042	gain	FP	FP
chr4	76336791	76343674	6883	12	0	0	19	co_linked	co_linked	1-1	1-1	True	31	0.63	0.549	gain	TP	TP
chr4	77616252	77633932	17680	10	0	0	10	co_linked	co_linked	1-1	1-1	True	20	0.375	0.514	gain	TP	TP
chr4	78226843	78241856	15013	16	0	0	6	co_linked	co_linked	2-1	2-1	True	22	0.268	0.364	gain	TP	TP
chr4	78241856	78241857	1	35	0	0	20	co_linked	co_linked	2-1	2-1	True	55	0.364	0.368	gain	TP	TP
chr4	80645596	80667577	21981	9	0	0	5	co_linked	co_linked	1-1	1-1	True	14	0.356	0.319	gain	TP	TP
chr4	85660745	85679069	18324	8	0	0	5	co_linked	co_linked	1-1	1-1	True	13	0.394	0.29	gain	TP	TP
chr4	86179937	86209949	30012	6	0	0	3	co_linked	co_linked	1-1	1-1	True	9	0.342	0.436	gain	TP	TP
chr4	86350233	86350234	1	36	0	0	23	co_linked	co_linked	2-1	2-1	True	59	0.383	0.4	gain	TP	TP
chr4	87314711	87342763	28052	4	0	0	2	co_linked	co_linked	1-1	1-1	True	6	0.409	0.37	gain	TP	TP
chr4	88652635	88674243	21608	6	0	0	9	co_linked	co_linked	2-1	2-1	True	15	0.505	0.471	gain	TP	TP
chr4	91812254	91845887	33633	7	0	0	4	co_linked	co_linked	1-1	1-1	True	11	0.233	0.303	gain	TP	TP
chr4	92998947	93012779	13832	16	0	0	4	co_linked	co_linked	1-1	1-1	True	20	0.283	0.19	gain	TP	TP
chr4	95803087	95836504	33417	9	0	0	1	sparse	co_linked	2-1	2-1	True	10	0.227	0.219	gain	TP	TP
chr4	96829404	96856756	27352	8	0	0	4	co_linked	co_linked	2-1	2-1	True	12	0.309	0.407	gain	TP	TP
chr4	97406351	97431406	25055	16	0	0	2	co_linked	co_linked	2-1	2-1	True	18	0.239	0.177	gain	TP	TP
chr4	98100715	98126414	25699	6	0	0	3	co_linked	co_linked	1-1	1-1	True	9	0.598	0.443	gain	TP	TP
chr4	100143821	100169259	25438	10	0	0	1	sparse	co_linked	1-1	1-1	True	11	0.169	0.25	gain	TP	TP
chr4	102664473	102680049	15576	19	0	0	11	co_linked	co_linked	1-1	1-1	True	30	0.324	0.267	gain	TP	TP
chr4	103299631	103326952	27321	5	0	0	2	co_linked	co_linked	1-1	1-1	True	7	0.264	0.269	gain	TP	TP
chr4	103326952	103356557	29605	6	0	0	4	co_linked	co_linked	1-1	1-1	True	10	0.269	0.301	gain	TP	TP
chr4	103538700	103557326	18626	10	0	0	11	co_linked	co_linked	2-1	2-1	True	21	0.4	0.48	gain	TP	TP
chr4	103690952	103698745	7793	34	0	0	14	co_linked	co_linked	1-1	1-1	True	48	0.26	0.292	gain	TP	TP
chr4	103690952	103703280	12328	23	0	0	13	co_linked	co_linked	1-1	1-1	True	36	0.26	0.267	gain	TP	TP
chr4	103698745	103703280	4535	58	0	0	27	co_linked	co_linked	1-1	1-1	True	85	0.292	0.267	gain	TP	TP
chr4	106954845	106972874	18029	15	0	0	6	co_linked	co_linked	2-1	2-1	True	21	0.237	0.281	gain	TP	TP
chr4	107258003	107289263	31260	7	0	0	2	co_linked	co_linked	1-1	1-1	True	9	0.392	0.445	gain	TP	TP
chr4	107882634	107889673	7039	54	0	0	7	co_linked	co_linked	2-1	2-1	True	61	0.167	0.15	gain	TP	TP
chr4	110974861	111001760	26899	6	0	0	1	sparse	co_linked	1-1	1-1	True	7	0.231	0.198	gain	TP	TP
chr4	111256337	111268255	11918	17	0	0	13	co_linked	co_linked	1-1	1-1	True	30	0.375	0.512	gain	TP	TP
chr4	111517887	111539678	21791	5	0	0	10	co_linked	co_linked	1-1	1-1	True	15	0.421	0.469	gain	TP	TP
chr4	111604644	111604645	1	82	0	0	18	co_linked	co_linked	1-1	1-1	True	100	0.178	0.18	gain	TP	TP
chr4	111764907	111768827	3920	39	0	0	23	co_linked	co_linked	1-1	1-1	True	62	0.366	0.344	gain	TP	TP
chr4	112592855	112607905	15050	18	0	0	6	co_linked	co_linked	2-1	2-1	True	24	0.292	0.28	gain	TP	TP
chr4	113822633	113842550	19917	13	0	0	5	co_linked	co_linked	1-1	1-1	True	18	0.292	0.248	gain	TP	TP
chr4	113822633	113847839	25206	8	0	0	4	co_linked	co_linked	1-1	1-1	True	12	0.292	0.261	gain	TP	TP
chr4	115396363	115423637	27274	5	0	0	3	co_linked	co_linked	1-1	1-1	True	8	0.393	0.383	gain	TP	TP
chr4	115453939	115480002	26063	4	0	0	2	co_linked	co_linked	2-1	2-1	True	6	0.211	0.295	gain	TP	TP
chr4	115815912	115844742	28830	5	0	0	2	co_linked	co_linked	1-1	1-1	True	7	0.437	0.471	gain	TP	TP
chr4	116272255	116295194	22939	9	0	0	1	sparse	co_linked	1-1	1-1	True	10	0.189	0.319	gain	TP	TP
chr4	117055607	117070404	14797	22	0	0	8	co_linked	co_linked	2-1	2-1	True	30	0.398	0.357	gain	TP	TP
chr4	117083292	117094593	11301	25	0	0	14	co_linked	co_linked	1-1	1-1	True	39	0.315	0.296	gain	TP	TP
chr4	117083292	117095103	11811	25	0	0	12	co_linked	co_linked	1-1	1-1	True	37	0.315	0.234	gain	TP	TP
chr4	117094593	117095103	510	53	0	0	17	co_linked	co_linked	1-1	1-1	True	70	0.296	0.234	gain	TP	TP
chr4	117357332	117361806	4474	21	0	0	23	co_linked	co_linked	2-1	2-1	True	44	0.506	0.459	gain	TP	TP
chr4	118259526	118259775	249	66	0	0	25	co_linked	co_linked	2-1	2-1	True	91	0.278	0.263	gain	TP	TP
chr4	119548603	119577864	29261	7	0	0	1	sparse	co_linked	1-1	1-1	True	8	0.258	0.299	gain	TP	TP
chr4	120392527	120418252	25725	9	0	0	6	co_linked	co_linked	2-1	2-1	True	15	0.449	0.319	gain	TP	TP
chr4	121250516	121254694	4178	48	0	0	15	co_linked	co_linked	2-1	2-1	True	63	0.221	0.207	gain	TP	TP
chr4	123434617	123449800	15183	25	0	0	4	co_linked	co_linked	2-1	2-1	True	29	0.303	0.24	gain	TP	TP
chr4	123610946	123630233	19287	14	0	0	2	co_linked	co_linked	2-1	2-1	True	16	0.25	0.212	gain	TP	TP
chr4	124297313	124306718	9405	31	0	0	10	co_linked	co_linked	2-1	2-1	True	41	0.238	0.393	gain	TP	TP
chr4	124297313	124328155	30842	7	0	0	1	sparse	co_linked	2-1	2-1	True	8	0.238	0.234	gain	TP	TP
chr4	124306718	124328155	21437	9	0	0	5	co_linked	co_linked	2-1	2-1	True	14	0.393	0.234	gain	TP	TP
chr4	124616201	124639319	23118	6	0	0	4	co_linked	co_linked	2-1	2-1	True	10	0.421	0.421	gain	TP	TP
chr4	126681681	126700069	18388	11	0	0	3	co_linked	co_linked	3	3	True	14	0.19	0.262	gain	FP	TP
chr4	126684053	126700069	16016	23	0	0	7	co_linked	co_linked	3	3	True	30	0.212	0.262	gain	TP	TP
chr4	126774057	126806650	32593	5	0	0	4	co_linked	co_linked	1-1	1-1	True	9	0.226	0.283	gain	TP	TP
chr4	126975454	126995683	20229	15	0	0	3	co_linked	co_linked	2-1	2-1	True	18	0.24	0.229	gain	TP	TP
chr4	127070914	127087764	16850	12	0	0	9	co_linked	co_linked	1-1	1-1	True	21	0.458	0.385	gain	TP	TP
chr4	127439559	127459536	19977	13	0	0	9	co_linked	co_linked	1-1	1-1	True	22	0.371	0.404	gain	TP	TP
chr4	130297951	130318484	20533	9	0	0	4	co_linked	co_linked	1-1	1-1	True	13	0.278	0.26	gain	TP	TP
chr4	131744876	131745274	398	77	0	0	8	co_linked	co_linked	2-1	2-1	True	85	0.087	0.1	gain	FP	FP
chr4	131744876	131745722	846	77	0	0	8	co_linked	co_linked	2-1	2-1	True	85	0.087	0.097	gain	FP	FP
chr4	131745274	131745722	448	80	0	0	9	co_linked	co_linked	2-1	2-1	True	89	0.1	0.097	gain	FP	FP
chr4	131905652	131936148	30496	7	0	0	1	sparse	co_linked	1-1	1-1	True	8	0.294	0.309	gain	TP	TP
chr4	134156610	134179082	22472	10	0	0	4	co_linked	co_linked	1-1	1-1	True	14	0.423	0.381	gain	TP	TP
chr4	134212570	134231598	19028	9	0	0	6	co_linked	co_linked	2-1	2-1	True	15	0.295	0.393	gain	TP	TP
chr4	136204826	136209840	5014	49	0	0	13	co_linked	co_linked	1-1	1-1	True	62	0.25	0.167	gain	TP	TP
chr4	136816236	136843116	26880	6	0	0	2	co_linked	co_linked	2-1	2-1	True	8	0.458	0.505	gain	TP	TP
chr4	136946698	136949392	2694	27	0	0	4	co_linked	co_linked	2-1	2-1	True	31	0.095	0.146	loh	FP	FP
chr4	136946698	136953629	6931	17	0	0	4	co_linked	co_linked	2-1	2-1	True	21	0.095	0.089	loh	FP	FP
chr4	136949392	136953629	4237	22	0	0	4	co_linked	co_linked	2-1	2-1	True	26	0.146	0.089	loh	FP	FP
chr4	139626716	139626717	1	68	0	0	34	co_linked	co_linked	1-1	1-1	True	102	0.333	0.33	gain	TP	TP
chr4	140100697	140112295	11598	22	0	0	8	co_linked	co_linked	1-1	1-1	True	30	0.242	0.242	gain	TP	TP
chr4	141475850	141475851	1	22	0	0	29	co_linked	co_linked	1-1	1-1	True	51	0.569	0.558	loh	TP	TP
chr4	141970400	141972081	1681	37	0	0	2	co_linked	co_linked	1-1	1-1	True	39	0.057	0.045	loh	FP	FP
chr4	142443649	142446896	3247	25	0	0	3	co_linked	co_linked	2-1	2-1	True	28	0.111	0.105	loh	FP	FP
chr4	143350201	143352205	2004	37	0	0	3	co_linked	co_linked	2-1	2-1	True	40	0.061	0.067	loh	FP	FP
chr4	143350201	143355633	5432	29	0	0	3	co_linked	co_linked	2-1	2-1	True	32	0.061	0.057	loh	FP	FP
chr4	143350201	143358942	8741	26	0	0	3	co_linked	co_linked	2-1	2-1	True	29	0.061	0.07	loh	FP	FP
chr4	143352205	143355633	3428	31	0	0	3	co_linked	co_linked	2-1	2-1	True	34	0.067	0.057	loh	FP	FP
chr4	143352205	143358942	6737	27	0	0	3	co_linked	co_linked	2-1	2-1	True	30	0.067	0.07	loh	FP	FP
chr4	143355633	143358942	3309	31	0	0	3	co_linked	co_linked	2-1	2-1	True	34	0.057	0.07	loh	FP	FP
chr4	152141552	152147364	5812	33	0	0	3	co_linked	co_linked	1-1	1-1	True	36	0.104	0.064	loh	FP	FP
chr4	152141552	152147857	6305	34	0	0	3	co_linked	co_linked	1-1	1-1	True	37	0.104	0.06	loh	FP	FP
chr4	152141552	152148136	6584	31	0	0	3	co_linked	co_linked	1-1	1-1	True	34	0.104	0.064	loh	FP	FP
chr4	152147364	152147857	493	42	0	0	3	co_linked	co_linked	1-1	1-1	True	45	0.064	0.06	loh	FP	FP
chr4	152147364	152148136	772	39	0	0	3	co_linked	co_linked	1-1	1-1	True	42	0.064	0.064	loh	FP	FP
chr4	152147857	152148136	279	43	0	0	3	co_linked	co_linked	1-1	1-1	True	46	0.06	0.064	loh	FP	FP
chr4	152736283	152737172	889	45	0	0	3	co_linked	co_linked	1-1	1-1	True	48	0.062	0.062	loh	FP	FP
chr4	152736283	152739908	3625	38	0	0	3	co_linked	co_linked	1-1	1-1	True	41	0.062	0.059	loh	FP	FP
chr4	152737172	152739908	2736	38	0	0	3	co_linked	co_linked	1-1	1-1	True	41	0.062	0.059	loh	FP	FP
chr4	152838658	152841811	3153	35	0	0	3	co_linked	co_linked	3	3	True	38	0.077	0.075	loh	FP	FP
chr4	153965341	153966452	1111	27	0	0	5	co_linked	co_linked	2-1	2-1	True	32	0.132	0.135	loh	FP	FP
chr4	153965341	153967235	1894	24	0	0	5	co_linked	co_linked	2-1	2-1	True	29	0.132	0.139	loh	FP	FP
chr4	153966452	153967235	783	28	0	0	5	co_linked	co_linked	2-1	2-1	True	33	0.135	0.139	loh	FP	FP
chr4	155935246	155941309	6063	23	0	0	3	co_linked	co_linked	2-1	2-1	True	26	0.091	0.077	loh	FP	FP
chr4	157045853	157064690	18837	2	0	0	10	co_linked	co_linked	3	3	True	12	0.889	0.952	loh	TP	TP
chr4	157064690	157081501	16811	1	0	0	17	co_linked	co_linked	3	3	True	18	0.952	0.906	loh	TP	TP
chr4	158181373	158203676	22303	0	0	0	7	co_linked	co_linked	1-1	1-1	True	7	0.911	1.0	loh	TP	TP
chr4	158203676	158206435	2759	0	0	0	31	co_linked	co_linked	1-1	1-1	True	31	1.0	0.977	loh	TP	TP
chr4	159268963	159269010	47	49	0	0	6	co_linked	co_linked	2-1	2-1	True	55	0.107	0.105	loh	FP	FP
chr4	159551159	159552644	1485	27	0	0	2	co_linked	co_linked	2-1	2-1	True	29	0.061	0.05	loh	FP	FP
chr4	162466308	162480181	13873	1	0	0	14	co_linked	co_linked	1-1	1-1	True	15	0.878	0.92	loh	TP	TP
chr4	162978963	162983400	4437	30	0	0	2	co_linked	co_linked	1-1	1-1	True	32	0.075	0.065	loh	FP	FP
chr4	162978963	162990146	11183	17	0	0	2	co_linked	co_linked	1-1	1-1	True	19	0.075	0.06	loh	FP	FP
chr4	162983400	162990146	6746	24	0	0	2	co_linked	co_linked	1-1	1-1	True	26	0.065	0.06	loh	FP	FP
chr4	164113723	164142741	29018	2	0	0	6	co_linked	co_linked	2-1	2-1	True	8	0.929	0.949	loh	TP	TP
chr4	164311121	164320657	9536	19	0	0	4	co_linked	co_linked	1-1	1-1	True	23	0.081	0.116	loh	FP	FP
chr4	168172902	168188138	15236	0	0	0	6	co_linked	co_linked	1-1	1-1	True	6	0.921	0.974	loh	TP	TP
chr4	169279647	169281257	1610	52	0	0	3	co_linked	co_linked	1-1	1-1	True	55	0.05	0.045	loh	FP	FP
chr4	169279647	169282620	2973	45	0	0	3	co_linked	co_linked	1-1	1-1	True	48	0.05	0.045	loh	FP	FP
chr4	169279647	169293961	14314	14	0	0	1	sparse	co_linked	1-1	1-1	True	15	0.05	0.039	loh	FP	FP
chr4	169279647	169294725	15078	13	0	0	1	sparse	co_linked	1-1	1-1	True	14	0.05	0.038	loh	FP	FP
chr4	169279647	169301784	22137	7	0	0	1	sparse	co_linked	1-1	1-1	True	8	0.05	0.054	loh	FP	FP
chr4	169281257	169282620	1363	54	0	0	3	co_linked	co_linked	1-1	1-1	True	57	0.045	0.045	loh	FP	FP
chr4	169281257	169293961	12704	18	0	0	1	sparse	co_linked	1-1	1-1	True	19	0.045	0.039	loh	FP	FP
chr4	169281257	169294725	13468	17	0	0	1	sparse	co_linked	1-1	1-1	True	18	0.045	0.038	loh	FP	FP
chr4	169281257	169301784	20527	9	0	0	1	sparse	co_linked	1-1	1-1	True	10	0.045	0.054	loh	FP	FP
chr4	169282620	169293961	11341	20	0	0	1	sparse	co_linked	1-1	1-1	True	21	0.045	0.039	loh	FP	FP
chr4	169282620	169294725	12105	20	0	0	1	sparse	co_linked	1-1	1-1	True	21	0.045	0.038	loh	FP	FP
chr4	169282620	169301784	19164	12	0	0	1	sparse	co_linked	1-1	1-1	True	13	0.045	0.054	loh	FP	FP
chr4	169293961	169294725	764	43	0	0	2	co_linked	co_linked	1-1	1-1	True	45	0.039	0.038	loh	FP	FP
chr4	169293961	169301784	7823	30	0	0	2	co_linked	co_linked	1-1	1-1	True	32	0.039	0.054	loh	FP	FP
chr4	169294725	169301784	7059	32	0	0	2	co_linked	co_linked	1-1	1-1	True	34	0.038	0.054	loh	FP	FP
chr4	169466164	169466601	437	40	0	0	3	co_linked	co_linked	2-1	2-1	True	43	0.065	0.067	loh	FP	FP
chr4	169715748	169732503	16755	11	0	0	1	sparse	co_linked	1-1	1-1	True	12	0.045	0.082	loh	FP	FP
chr4	169715748	169732743	16995	11	0	0	1	sparse	co_linked	1-1	1-1	True	12	0.045	0.083	loh	FP	FP
chr4	169715748	169735526	19778	9	0	0	1	sparse	co_linked	1-1	1-1	True	10	0.045	0.059	loh	FP	FP
chr4	169732503	169732743	240	43	0	0	4	co_linked	co_linked	1-1	1-1	True	47	0.082	0.083	loh	FP	FP
chr4	169732503	169735526	3023	35	0	0	3	co_linked	co_linked	1-1	1-1	True	38	0.082	0.059	loh	FP	FP
chr4	169732743	169735526	2783	35	0	0	3	co_linked	co_linked	1-1	1-1	True	38	0.083	0.059	loh	FP	FP
chr4	169933067	169947000	13933	30	0	0	1	sparse	co_linked	1-1	1-1	True	31	0.139	0.14	loh	TP	TP
chr4	171612907	171613036	129	43	0	0	4	co_linked	co_linked	2-1	2-1	True	47	0.085	0.083	loh	FP	FP
chr4	171612907	171632288	19381	16	0	0	1	sparse	co_linked	2-1	2-1	True	17	0.085	0.055	loh	FP	FP
chr4	171613036	171632288	19252	16	0	0	1	sparse	co_linked	2-1	2-1	True	17	0.083	0.055	loh	FP	FP
chr4	172313148	172316888	3740	41	0	0	4	co_linked	co_linked	1-1	1-1	True	45	0.066	0.063	loh	FP	FP
chr4	172981791	172988608	6817	35	0	0	3	co_linked	co_linked	3	3	True	38	0.042	0.071	loh	FP	FP
chr4	172981791	172989963	8172	35	0	0	3	co_linked	co_linked	3	3	True	38	0.042	0.062	loh	FP	FP
chr4	172988608	172989963	1355	49	0	0	4	co_linked	co_linked	3	3	True	53	0.071	0.062	loh	FP	FP
chr4	174778828	174782701	3873	36	0	0	2	co_linked	co_linked	3	3	True	38	0.043	0.048	loh	FP	FP
chr4	174790580	174790589	9	34	0	0	14	co_linked	co_linked	3	3	True	48	0.286	0.3	loh	TP	TP
chr4	174885044	174891521	6477	25	0	0	2	co_linked	co_linked	1-1	1-1	True	27	0.067	0.036	loh	FP	FP
chr4	174891521	174923434	31913	6	0	0	1	sparse	co_linked	1-1	1-1	True	7	0.036	0.045	loh	FP	FP
chr4	175019638	175020761	1123	65	0	0	3	co_linked	co_linked	1-1	1-1	True	68	0.038	0.037	loh	FP	FP
chr4	175019638	175033708	14070	23	0	0	3	co_linked	co_linked	1-1	1-1	True	26	0.038	0.048	loh	FP	FP
chr4	175020761	175033708	12947	26	0	0	3	co_linked	co_linked	1-1	1-1	True	29	0.037	0.048	loh	FP	FP
chr4	175633113	175654575	21462	5	0	0	2	co_linked	co_linked	2-1	2-1	True	7	0.392	0.469	loh	TP	TP
chr4	176120051	176120052	1	27	0	0	20	co_linked	co_linked	1-1	1-1	True	47	0.429	0.438	loh	TP	TP
chr4	178150714	178151987	1273	35	0	0	2	co_linked	co_linked	1-1	1-1	True	37	0.048	0.045	loh	FP	FP
chr4	178701647	178701972	325	57	0	0	4	co_linked	co_linked	2-1	2-1	True	61	0.063	0.062	loh	FP	FP
chr4	178758554	178760057	1503	41	0	0	4	co_linked	co_linked	2-1	2-1	True	45	0.07	0.078	loh	FP	FP
chr4	178758554	178760728	2174	40	0	0	4	co_linked	co_linked	2-1	2-1	True	44	0.07	0.073	loh	FP	FP
chr4	178758554	178767126	8572	23	0	0	3	co_linked	co_linked	2-1	2-1	True	26	0.07	0.075	loh	FP	FP
chr4	178758554	178773609	15055	14	0	0	2	co_linked	co_linked	2-1	2-1	True	16	0.07	0.066	loh	FP	FP
chr4	178758554	178777205	18651	11	0	0	1	sparse	co_linked	2-1	2-1	True	12	0.07	0.071	loh	FP	FP
chr4	178760057	178760728	671	45	0	0	4	co_linked	co_linked	2-1	2-1	True	49	0.078	0.073	loh	FP	FP
chr4	178760057	178767126	7069	24	0	0	3	co_linked	co_linked	2-1	2-1	True	27	0.078	0.075	loh	FP	FP
chr4	178760057	178773609	13552	15	0	0	2	co_linked	co_linked	2-1	2-1	True	17	0.078	0.066	loh	FP	FP
chr4	178760057	178777205	17148	12	0	0	1	sparse	co_linked	2-1	2-1	True	13	0.078	0.071	loh	FP	FP
chr4	178760728	178773609	12881	17	0	0	2	co_linked	co_linked	2-1	2-1	True	19	0.073	0.066	loh	FP	FP
chr4	178767126	178777205	10079	25	0	0	2	co_linked	co_linked	2-1	2-1	True	27	0.075	0.071	loh	FP	FP
chr4	178767126	178783491	16365	13	0	0	1	sparse	co_linked	2-1	2-1	True	14	0.075	0.089	loh	FP	FP
chr4	178767126	178784154	17028	9	0	0	1	sparse	co_linked	2-1	2-1	True	10	0.075	0.098	loh	FP	FP
chr4	178767126	178785785	18659	9	0	0	1	sparse	co_linked	2-1	2-1	True	10	0.075	0.088	loh	FP	FP
chr4	178767126	178785960	18834	8	0	0	1	sparse	co_linked	2-1	2-1	True	9	0.075	0.107	loh	FP	FP
chr4	178777205	178783491	6286	26	0	0	3	co_linked	co_linked	2-1	2-1	True	29	0.071	0.089	loh	FP	FP
chr4	178777205	178784154	6949	22	0	0	3	co_linked	co_linked	2-1	2-1	True	25	0.071	0.098	loh	FP	FP
chr4	178777205	178785785	8580	22	0	0	3	co_linked	co_linked	2-1	2-1	True	25	0.071	0.088	loh	FP	FP
chr4	178783491	178784154	663	46	0	0	5	co_linked	co_linked	2-1	2-1	True	51	0.089	0.098	loh	FP	FP
chr4	178783491	178785785	2294	40	0	0	5	co_linked	co_linked	2-1	2-1	True	45	0.089	0.088	loh	FP	FP
chr4	178784154	178785785	1631	45	0	0	5	co_linked	co_linked	2-1	2-1	True	50	0.098	0.088	loh	FP	FP
chr4	179397715	179401712	3997	0	0	0	30	co_linked	co_linked	2-1	2-1	True	30	0.96	0.98	loh	TP	TP
chr4	179928680	179934864	6184	49	0	0	4	co_linked	co_linked	2-1	2-1	True	53	0.075	0.097	loh	FP	FP
chr4	181208647	181231950	23303	0	0	0	7	co_linked	co_linked	1-1	1-1	True	7	1.0	0.984	loh	TP	TP
chr4	185605753	185612401	6648	1	0	0	35	co_linked	co_linked	2-1	2-1	True	36	0.97	0.946	loh	TP	TP
chr4	188763933	188766205	2272	16	0	0	13	co_linked	co_linked	1-1	1-1	True	29	0.415	0.513	loh	TP	TP
chr4	189789510	189818052	28542	0	0	0	6	co_linked	co_linked	1-1	1-1	True	6	0.957	0.979	loh	TP	TP
chr9	5063933	5095768	31835	4	0	0	4	co_linked	co_linked	2-1	2-1	True	8	0.188	0.44	gain	TP	TP
chr9	5074198	5095768	21570	13	0	0	7	co_linked	co_linked	2-1	2-1	True	20	0.485	0.44	gain	TP	TP
chr9	5109266	5136405	27139	2	0	0	4	co_linked	co_linked	1-1	1-1	True	6	0.555	0.447	gain	TP	TP
chr9	5352059	5377293	25234	4	0	0	8	co_linked	co_linked	2-1	2-1	True	12	0.434	0.411	gain	TP	TP
chr9	5913261	5923837	10576	19	0	0	19	co_linked	co_linked	2-1	2-1	True	38	0.456	0.46	gain	TP	TP
chr9	6203456	6232017	28561	8	0	0	2	co_linked	co_linked	1-1	1-1	True	10	0.496	0.434	gain	TP	TP
chr9	8394026	8418627	24601	10	0	0	2	co_linked	co_linked	1-1	1-1	True	12	0.248	0.304	gain	TP	TP
chr9	8773873	8800912	27039	4	0	0	5	co_linked	co_linked	2-1	2-1	True	9	0.425	0.549	gain	TP	TP
chr9	9151863	9175664	23801	10	0	0	3	co_linked	co_linked	2-1	2-1	True	13	0.288	0.21	gain	TP	TP
chr9	9482924	9509441	26517	7	0	0	2	co_linked	co_linked	1-1	1-1	True	9	0.379	0.51	gain	TP	TP
chr9	11638956	11653314	14358	15	0	0	17	co_linked	co_linked	2-1	2-1	True	32	0.495	0.448	gain	TP	TP
chr9	11867561	11898199	30638	3	0	0	7	co_linked	co_linked	1-1	1-1	True	10	0.5	0.462	gain	TP	TP
chr9	12037291	12069823	32532	4	0	0	3	co_linked	co_linked	2-1	2-1	True	7	0.495	0.48	gain	TP	TP
chr9	12235259	12266200	30941	5	0	0	2	co_linked	co_linked	2-1	2-1	True	7	0.273	0.273	gain	TP	TP
chr9	13936585	13959395	22810	8	0	0	9	co_linked	co_linked	2-1	2-1	True	17	0.492	0.512	gain	TP	TP
chr9	14602381	14608623	6242	21	0	0	25	co_linked	co_linked	2-1	2-1	True	46	0.495	0.565	gain	TP	TP
chr9	18228702	18239636	10934	0	0	0	15	co_linked	co_linked	1-1	1-1	True	15	0.981	0.967	loh	TP	TP
chr9	21161059	21170451	9392	0	0	0	26	co_linked	co_linked	1-1	1-1	True	26	1.0	0.962	loh	TP	TP
chr9	24902492	24906604	4112	0	0	0	38	co_linked	co_linked	1-1	1-1	True	38	0.969	1.0	loh	TP	TP
chr9	25476701	25493889	17188	0	0	0	14	co_linked	co_linked	2-1	2-1	True	14	1.0	1.0	loh	TP	TP
chr9	26581172	26602811	21639	0	0	0	6	co_linked	co_linked	1-1	1-1	True	6	0.918	0.964	loh	TP	TP
chr9	28572235	28573189	954	63	0	0	3	co_linked	co_linked	3	3	True	66	0.041	0.04	loh	FP	FP
chr9	29816941	29830086	13145	0	0	0	11	co_linked	co_linked	1-1	1-1	True	11	1.0	1.0	loh	TP	TP
chr9	34753471	34768696	15225	12	0	0	3	co_linked	co_linked	1-1	1-1	True	15	0.077	0.098	loh	FP	FP
chr9	40737916	40742642	4726	58	0	0	10	co_linked	co_linked	1-1	1-1	True	68	0.096	0.131	gain	FP	FP
chr9	40740250	40748283	8033	45	0	0	11	co_linked	co_linked	1-1	1-1	True	56	0.11	0.24	gain	FP	FP
chr9	40747096	40781116	34020	4	0	0	4	co_linked	co_linked	1-1	1-1	True	8	0.188	0.059	gain	FP	FP
chr9	40747096	40781759	34663	3	0	0	4	co_linked	co_linked	1-1	1-1	True	7	0.188	0.068	gain	FP	FP
chr9	40747215	40781116	33901	4	0	0	4	co_linked	co_linked	1-1	1-1	True	8	0.233	0.059	gain	FP	FP
chr9	40747215	40781759	34544	3	0	0	4	co_linked	co_linked	1-1	1-1	True	7	0.233	0.068	gain	FP	FP
chr9	40748283	40781116	32833	5	0	0	4	co_linked	co_linked	1-1	1-1	True	9	0.24	0.059	gain	FP	FP
chr9	40748283	40781759	33476	4	0	0	4	co_linked	co_linked	1-1	1-1	True	8	0.24	0.068	gain	FP	FP
chr9	41250229	41251563	1334	43	0	0	19	co_linked	co_linked	1-1	1-1	True	62	0.268	0.278	gain	FP	FP
chr9	41250229	41252154	1925	41	0	0	19	co_linked	co_linked	1-1	1-1	True	60	0.268	0.33	gain	FP	FP
chr9	41777788	41780961	3173	95	0	0	15	co_linked	co_linked	1-1	1-1	True	110	0.097	0.134	gain	FP	FP
chr9	41777788	41782022	4234	95	0	0	15	co_linked	co_linked	1-1	1-1	True	110	0.097	0.131	gain	FP	FP
chr9	41777788	41782030	4242	94	0	0	15	co_linked	co_linked	1-1	1-1	True	109	0.097	0.131	gain	FP	FP
chr9	41777788	41782895	5107	95	0	0	14	co_linked	co_linked	1-1	1-1	True	109	0.097	0.12	gain	FP	FP
chr9	41777788	41786702	8914	72	0	0	15	co_linked	co_linked	1-1	1-1	True	87	0.097	0.134	gain	FP	FP
chr9	41777788	41786740	8952	70	0	0	14	co_linked	co_linked	1-1	1-1	True	84	0.097	0.14	gain	FP	FP
chr9	41777788	41786999	9211	70	0	0	12	co_linked	co_linked	1-1	1-1	True	82	0.097	0.11	gain	FP	FP
chr9	41777788	41788031	10243	61	0	0	14	co_linked	co_linked	1-1	1-1	True	75	0.097	0.142	gain	FP	FP
chr9	41777788	41788301	10513	58	0	0	13	co_linked	co_linked	1-1	1-1	True	71	0.097	0.143	gain	FP	FP
chr9	41777788	41788308	10520	60	0	0	13	co_linked	co_linked	1-1	1-1	True	73	0.097	0.126	gain	FP	FP
chr9	41777788	41788547	10759	57	0	0	13	co_linked	co_linked	1-1	1-1	True	70	0.097	0.124	gain	FP	FP
chr9	41777788	41788562	10774	59	0	0	14	co_linked	co_linked	1-1	1-1	True	73	0.097	0.133	gain	FP	FP
chr9	41777788	41789153	11365	53	0	0	14	co_linked	co_linked	1-1	1-1	True	67	0.097	0.138	gain	FP	FP
chr9	41777788	41789410	11622	53	0	0	14	co_linked	co_linked	1-1	1-1	True	67	0.097	0.131	gain	FP	FP
chr9	41777788	41789512	11724	53	0	0	13	co_linked	co_linked	1-1	1-1	True	66	0.097	0.121	gain	FP	FP
chr9	41777788	41789576	11788	51	0	0	13	co_linked	co_linked	1-1	1-1	True	64	0.097	0.13	gain	FP	FP
chr9	41777788	41789594	11806	49	0	0	13	co_linked	co_linked	1-1	1-1	True	62	0.097	0.125	gain	FP	FP
chr9	41777788	41789728	11940	51	0	0	14	co_linked	co_linked	1-1	1-1	True	65	0.097	0.142	gain	FP	FP
chr9	41777788	41800163	22375	19	0	0	14	co_linked	co_linked	1-1	1-1	True	33	0.097	0.134	gain	FP	FP
chr9	41777788	41800600	22812	19	0	0	14	co_linked	co_linked	1-1	1-1	True	33	0.097	0.158	gain	FP	FP
chr9	41777788	41800945	23157	18	0	0	13	co_linked	co_linked	1-1	1-1	True	31	0.097	0.138	gain	FP	FP
chr9	41777788	41800968	23180	17	0	0	14	co_linked	co_linked	1-1	1-1	True	31	0.097	0.156	gain	FP	FP
chr9	41777788	41800991	23203	18	0	0	14	co_linked	co_linked	1-1	1-1	True	32	0.097	0.137	gain	FP	FP
chr9	41777788	41801692	23904	18	0	0	14	co_linked	co_linked	1-1	1-1	True	32	0.097	0.132	gain	FP	FP
chr9	41777788	41801701	23913	18	0	0	14	co_linked	co_linked	1-1	1-1	True	32	0.097	0.13	gain	FP	FP
chr9	41777788	41802059	24271	18	0	0	14	co_linked	co_linked	1-1	1-1	True	32	0.097	0.12	gain	FP	FP
chr9	41777788	41802249	24461	18	0	0	14	co_linked	co_linked	1-1	1-1	True	32	0.097	0.131	gain	FP	FP
chr9	41777788	41802377	24589	18	0	0	14	co_linked	co_linked	1-1	1-1	True	32	0.097	0.137	gain	FP	FP
chr9	41777788	41802627	24839	17	0	0	14	co_linked	co_linked	1-1	1-1	True	31	0.097	0.156	gain	FP	FP
chr9	41777788	41802757	24969	17	0	0	11	co_linked	co_linked	1-1	1-1	True	28	0.097	0.136	gain	FP	FP
chr9	41777788	41802977	25189	18	0	0	13	co_linked	co_linked	1-1	1-1	True	31	0.097	0.139	gain	FP	FP
chr9	41777788	41803018	25230	17	0	0	13	co_linked	co_linked	1-1	1-1	True	30	0.097	0.135	gain	FP	FP
chr9	41777788	41803150	25362	18	0	0	13	co_linked	co_linked	1-1	1-1	True	31	0.097	0.127	gain	FP	FP
chr9	41777788	41803151	25363	18	0	0	13	co_linked	co_linked	1-1	1-1	True	31	0.097	0.13	gain	FP	FP
chr9	41777788	41803328	25540	17	0	0	13	co_linked	co_linked	1-1	1-1	True	30	0.097	0.131	gain	FP	FP
chr9	41777788	41803710	25922	17	0	0	12	co_linked	co_linked	1-1	1-1	True	29	0.097	0.127	gain	FP	FP
chr9	41777788	41803728	25940	17	0	0	12	co_linked	co_linked	1-1	1-1	True	29	0.097	0.132	gain	FP	FP
chr9	41777788	41804318	26530	16	0	0	12	co_linked	co_linked	1-1	1-1	True	28	0.097	0.124	gain	FP	FP
chr9	41777788	41804336	26548	16	0	0	12	co_linked	co_linked	1-1	1-1	True	28	0.097	0.124	gain	FP	FP
chr9	41777788	41804355	26567	16	0	0	12	co_linked	co_linked	1-1	1-1	True	28	0.097	0.139	gain	FP	FP
chr9	41777788	41804488	26700	16	0	0	12	co_linked	co_linked	1-1	1-1	True	28	0.097	0.128	gain	FP	FP
chr9	41777788	41804521	26733	16	0	0	12	co_linked	co_linked	1-1	1-1	True	28	0.097	0.127	gain	FP	FP
chr9	41777788	41804532	26744	16	0	0	12	co_linked	co_linked	1-1	1-1	True	28	0.097	0.129	gain	FP	FP
chr9	41777788	41804669	26881	16	0	0	12	co_linked	co_linked	1-1	1-1	True	28	0.097	0.117	gain	FP	FP
chr9	41779453	41780671	1218	122	0	0	15	co_linked	co_linked	1-1	1-1	True	137	0.108	0.101	gain	FP	FP
chr9	41779453	41801129	21676	25	0	0	16	co_linked	co_linked	1-1	1-1	True	41	0.108	0.139	gain	FP	FP
chr9	41779572	41802757	23185	23	0	0	12	co_linked	co_linked	1-1	1-1	True	35	0.124	0.136	gain	FP	FP
chr9	41779652	41800163	20511	23	0	0	16	co_linked	co_linked	1-1	1-1	True	39	0.118	0.134	gain	FP	FP
chr9	41779652	41800600	20948	23	0	0	16	co_linked	co_linked	1-1	1-1	True	39	0.118	0.158	gain	FP	FP
chr9	41779652	41800945	21293	22	0	0	15	co_linked	co_linked	1-1	1-1	True	37	0.118	0.138	gain	FP	FP
chr9	41779652	41800968	21316	21	0	0	16	co_linked	co_linked	1-1	1-1	True	37	0.118	0.156	gain	FP	FP
chr9	41779652	41800991	21339	22	0	0	16	co_linked	co_linked	1-1	1-1	True	38	0.118	0.137	gain	FP	FP
chr9	41779652	41801692	22040	22	0	0	15	co_linked	co_linked	1-1	1-1	True	37	0.118	0.132	gain	FP	FP
chr9	41779652	41801701	22049	22	0	0	14	co_linked	co_linked	1-1	1-1	True	36	0.118	0.13	gain	FP	FP
chr9	41779652	41802059	22407	22	0	0	15	co_linked	co_linked	1-1	1-1	True	37	0.118	0.12	gain	FP	FP
chr9	41779652	41802249	22597	22	0	0	15	co_linked	co_linked	1-1	1-1	True	37	0.118	0.131	gain	FP	FP
chr9	41779652	41802280	22628	21	0	0	14	co_linked	co_linked	1-1	1-1	True	35	0.118	0.156	gain	FP	FP
chr9	41779652	41802377	22725	22	0	0	15	co_linked	co_linked	1-1	1-1	True	37	0.118	0.137	gain	FP	FP
chr9	41779652	41802627	22975	20	0	0	15	co_linked	co_linked	1-1	1-1	True	35	0.118	0.156	gain	FP	FP
chr9	41779652	41802757	23105	21	0	0	13	co_linked	co_linked	1-1	1-1	True	34	0.118	0.136	gain	FP	FP
chr9	41779652	41802977	23325	22	0	0	14	co_linked	co_linked	1-1	1-1	True	36	0.118	0.139	gain	FP	FP
chr9	41779652	41803018	23366	21	0	0	14	co_linked	co_linked	1-1	1-1	True	35	0.118	0.135	gain	FP	FP
chr9	41779652	41803150	23498	22	0	0	13	co_linked	co_linked	1-1	1-1	True	35	0.118	0.127	gain	FP	FP
chr9	41779652	41803328	23676	21	0	0	14	co_linked	co_linked	1-1	1-1	True	35	0.118	0.131	gain	FP	FP
chr9	41779652	41803710	24058	21	0	0	13	co_linked	co_linked	1-1	1-1	True	34	0.118	0.127	gain	FP	FP
chr9	41779652	41803728	24076	21	0	0	13	co_linked	co_linked	1-1	1-1	True	34	0.118	0.132	gain	FP	FP
chr9	41779652	41804318	24666	20	0	0	13	co_linked	co_linked	1-1	1-1	True	33	0.118	0.124	gain	FP	FP
chr9	41779652	41804336	24684	20	0	0	13	co_linked	co_linked	1-1	1-1	True	33	0.118	0.124	gain	FP	FP
chr9	41779652	41804355	24703	20	0	0	13	co_linked	co_linked	1-1	1-1	True	33	0.118	0.139	gain	FP	FP
chr9	41779652	41804488	24836	20	0	0	13	co_linked	co_linked	1-1	1-1	True	33	0.118	0.128	gain	FP	FP
chr9	41779652	41804521	24869	20	0	0	13	co_linked	co_linked	1-1	1-1	True	33	0.118	0.127	gain	FP	FP
chr9	41779652	41804532	24880	20	0	0	13	co_linked	co_linked	1-1	1-1	True	33	0.118	0.129	gain	FP	FP
chr9	41779652	41804669	25017	20	0	0	13	co_linked	co_linked	1-1	1-1	True	33	0.118	0.117	gain	FP	FP
chr9	41779753	41786999	7246	83	0	0	14	co_linked	co_linked	1-1	1-1	True	97	0.104	0.11	gain	FP	FP
chr9	41779753	41788301	8548	70	0	0	15	co_linked	co_linked	1-1	1-1	True	85	0.104	0.143	gain	FP	FP
chr9	41779753	41788547	8794	70	0	0	15	co_linked	co_linked	1-1	1-1	True	85	0.104	0.124	gain	FP	FP
chr9	41779753	41789576	9823	62	0	0	15	co_linked	co_linked	1-1	1-1	True	77	0.104	0.13	gain	FP	FP
chr9	41779753	41802757	23004	23	0	0	12	co_linked	co_linked	1-1	1-1	True	35	0.104	0.136	gain	FP	FP
chr9	41779987	41800900	20913	23	0	0	15	co_linked	co_linked	1-1	1-1	True	38	0.115	0.153	gain	FP	FP
chr9	41779987	41800968	20981	23	0	0	17	co_linked	co_linked	1-1	1-1	True	40	0.115	0.156	gain	FP	FP
chr9	41779987	41803018	23031	23	0	0	15	co_linked	co_linked	1-1	1-1	True	38	0.115	0.135	gain	FP	FP
chr9	41780251	41780671	420	132	0	0	15	co_linked	co_linked	1-1	1-1	True	147	0.104	0.101	gain	FP	FP
chr9	41780251	41786999	6748	87	0	0	15	co_linked	co_linked	1-1	1-1	True	102	0.104	0.11	gain	FP	FP
chr9	41780251	41788301	8050	72	0	0	16	co_linked	co_linked	1-1	1-1	True	88	0.104	0.143	gain	FP	FP
chr9	41780251	41788547	8296	73	0	0	16	co_linked	co_linked	1-1	1-1	True	89	0.104	0.124	gain	FP	FP
chr9	41780251	41789576	9325	65	0	0	16	co_linked	co_linked	1-1	1-1	True	81	0.104	0.13	gain	FP	FP
chr9	41780251	41802757	22506	25	0	0	13	co_linked	co_linked	1-1	1-1	True	38	0.104	0.136	gain	FP	FP
chr9	41780671	41780990	319	135	0	0	16	co_linked	co_linked	1-1	1-1	True	151	0.101	0.119	gain	FP	FP
chr9	41780671	41786740	6069	90	0	0	16	co_linked	co_linked	1-1	1-1	True	106	0.101	0.14	gain	FP	FP
chr9	41780671	41786999	6328	91	0	0	15	co_linked	co_linked	1-1	1-1	True	106	0.101	0.11	gain	FP	FP
chr9	41780671	41788301	7630	75	0	0	16	co_linked	co_linked	1-1	1-1	True	91	0.101	0.143	gain	FP	FP
chr9	41780671	41788308	7637	79	0	0	15	co_linked	co_linked	1-1	1-1	True	94	0.101	0.126	gain	FP	FP
chr9	41780671	41788547	7876	76	0	0	16	co_linked	co_linked	1-1	1-1	True	92	0.101	0.124	gain	FP	FP
chr9	41780671	41788562	7891	78	0	0	16	co_linked	co_linked	1-1	1-1	True	94	0.101	0.133	gain	FP	FP
chr9	41780671	41789410	8739	72	0	0	16	co_linked	co_linked	1-1	1-1	True	88	0.101	0.131	gain	FP	FP
chr9	41780671	41789512	8841	70	0	0	15	co_linked	co_linked	1-1	1-1	True	85	0.101	0.121	gain	FP	FP
chr9	41780671	41789576	8905	67	0	0	15	co_linked	co_linked	1-1	1-1	True	82	0.101	0.13	gain	FP	FP
chr9	41780671	41789594	8923	66	0	0	14	co_linked	co_linked	1-1	1-1	True	80	0.101	0.125	gain	FP	FP
chr9	41780671	41789728	9057	68	0	0	16	co_linked	co_linked	1-1	1-1	True	84	0.101	0.142	gain	FP	FP
chr9	41780671	41800600	19929	29	0	0	16	co_linked	co_linked	1-1	1-1	True	45	0.101	0.158	gain	FP	FP
chr9	41780671	41800945	20274	28	0	0	15	co_linked	co_linked	1-1	1-1	True	43	0.101	0.138	gain	FP	FP
chr9	41780671	41800968	20297	27	0	0	16	co_linked	co_linked	1-1	1-1	True	43	0.101	0.156	gain	FP	FP
chr9	41780671	41800991	20320	28	0	0	16	co_linked	co_linked	1-1	1-1	True	44	0.101	0.137	gain	FP	FP
chr9	41780671	41801129	20458	27	0	0	16	co_linked	co_linked	1-1	1-1	True	43	0.101	0.139	gain	FP	FP
chr9	41780671	41801692	21021	27	0	0	15	co_linked	co_linked	1-1	1-1	True	42	0.101	0.132	gain	FP	FP
chr9	41780671	41801701	21030	27	0	0	14	co_linked	co_linked	1-1	1-1	True	41	0.101	0.13	gain	FP	FP
chr9	41780671	41802059	21388	27	0	0	14	co_linked	co_linked	1-1	1-1	True	41	0.101	0.12	gain	FP	FP
chr9	41780671	41802249	21578	27	0	0	15	co_linked	co_linked	1-1	1-1	True	42	0.101	0.131	gain	FP	FP
chr9	41780671	41802377	21706	27	0	0	15	co_linked	co_linked	1-1	1-1	True	42	0.101	0.137	gain	FP	FP
chr9	41780671	41802627	21956	25	0	0	15	co_linked	co_linked	1-1	1-1	True	40	0.101	0.156	gain	FP	FP
chr9	41780671	41802757	22086	26	0	0	12	co_linked	co_linked	1-1	1-1	True	38	0.101	0.136	gain	FP	FP
chr9	41780671	41802977	22306	27	0	0	13	co_linked	co_linked	1-1	1-1	True	40	0.101	0.139	gain	FP	FP
chr9	41780671	41803018	22347	26	0	0	13	co_linked	co_linked	1-1	1-1	True	39	0.101	0.135	gain	FP	FP
chr9	41780671	41803150	22479	27	0	0	12	co_linked	co_linked	1-1	1-1	True	39	0.101	0.127	gain	FP	FP
chr9	41780671	41803328	22657	26	0	0	13	co_linked	co_linked	1-1	1-1	True	39	0.101	0.131	gain	FP	FP
chr9	41780671	41803710	23039	26	0	0	12	co_linked	co_linked	1-1	1-1	True	38	0.101	0.127	gain	FP	FP
chr9	41780671	41803728	23057	26	0	0	12	co_linked	co_linked	1-1	1-1	True	38	0.101	0.132	gain	FP	FP
chr9	41780671	41804318	23647	25	0	0	12	co_linked	co_linked	1-1	1-1	True	37	0.101	0.124	gain	FP	FP
chr9	41780671	41804336	23665	25	0	0	12	co_linked	co_linked	1-1	1-1	True	37	0.101	0.124	gain	FP	FP
chr9	41780671	41804355	23684	25	0	0	12	co_linked	co_linked	1-1	1-1	True	37	0.101	0.139	gain	FP	FP
chr9	41780671	41804488	23817	25	0	0	12	co_linked	co_linked	1-1	1-1	True	37	0.101	0.128	gain	FP	FP
chr9	41780671	41804521	23850	25	0	0	12	co_linked	co_linked	1-1	1-1	True	37	0.101	0.127	gain	FP	FP
chr9	41780671	41804532	23861	25	0	0	12	co_linked	co_linked	1-1	1-1	True	37	0.101	0.129	gain	FP	FP
chr9	41780671	41804669	23998	25	0	0	12	co_linked	co_linked	1-1	1-1	True	37	0.101	0.117	gain	FP	FP
chr9	41780961	41786702	5741	93	0	0	20	co_linked	co_linked	1-1	1-1	True	113	0.134	0.134	gain	FP	FP
chr9	41780961	41786740	5779	89	0	0	19	co_linked	co_linked	1-1	1-1	True	108	0.134	0.14	gain	FP	FP
chr9	41780961	41786999	6038	90	0	0	16	co_linked	co_linked	1-1	1-1	True	106	0.134	0.11	gain	FP	FP
chr9	41780961	41788301	7340	74	0	0	18	co_linked	co_linked	1-1	1-1	True	92	0.134	0.143	gain	FP	FP
chr9	41780961	41788308	7347	78	0	0	18	co_linked	co_linked	1-1	1-1	True	96	0.134	0.126	gain	FP	FP
chr9	41780961	41788547	7586	76	0	0	18	co_linked	co_linked	1-1	1-1	True	94	0.134	0.124	gain	FP	FP
chr9	41780961	41788562	7601	77	0	0	19	co_linked	co_linked	1-1	1-1	True	96	0.134	0.133	gain	FP	FP
chr9	41780961	41789410	8449	71	0	0	19	co_linked	co_linked	1-1	1-1	True	90	0.134	0.131	gain	FP	FP
chr9	41780961	41789512	8551	69	0	0	18	co_linked	co_linked	1-1	1-1	True	87	0.134	0.121	gain	FP	FP
chr9	41780961	41789576	8615	66	0	0	17	co_linked	co_linked	1-1	1-1	True	83	0.134	0.13	gain	FP	FP
chr9	41780961	41789594	8633	65	0	0	17	co_linked	co_linked	1-1	1-1	True	82	0.134	0.125	gain	FP	FP
chr9	41780961	41789728	8767	67	0	0	19	co_linked	co_linked	1-1	1-1	True	86	0.134	0.142	gain	FP	FP
chr9	41780961	41800600	19639	29	0	0	19	co_linked	co_linked	1-1	1-1	True	48	0.134	0.158	gain	FP	FP
chr9	41780961	41800945	19984	28	0	0	18	co_linked	co_linked	1-1	1-1	True	46	0.134	0.138	gain	FP	FP
chr9	41780961	41800968	20007	27	0	0	19	co_linked	co_linked	1-1	1-1	True	46	0.134	0.156	gain	FP	FP
chr9	41780961	41800991	20030	28	0	0	19	co_linked	co_linked	1-1	1-1	True	47	0.134	0.137	gain	FP	FP
chr9	41780961	41801692	20731	27	0	0	18	co_linked	co_linked	1-1	1-1	True	45	0.134	0.132	gain	FP	FP
chr9	41780961	41801701	20740	27	0	0	17	co_linked	co_linked	1-1	1-1	True	44	0.134	0.13	gain	FP	FP
chr9	41780961	41802249	21288	27	0	0	18	co_linked	co_linked	1-1	1-1	True	45	0.134	0.131	gain	FP	FP
chr9	41780961	41802377	21416	27	0	0	18	co_linked	co_linked	1-1	1-1	True	45	0.134	0.137	gain	FP	FP
chr9	41780961	41802627	21666	25	0	0	18	co_linked	co_linked	1-1	1-1	True	43	0.134	0.156	gain	FP	FP
chr9	41780961	41802757	21796	27	0	0	14	co_linked	co_linked	1-1	1-1	True	41	0.134	0.136	gain	FP	FP
chr9	41780961	41802977	22016	27	0	0	16	co_linked	co_linked	1-1	1-1	True	43	0.134	0.139	gain	FP	FP
chr9	41780961	41803018	22057	26	0	0	16	co_linked	co_linked	1-1	1-1	True	42	0.134	0.135	gain	FP	FP
chr9	41780961	41803150	22189	27	0	0	15	co_linked	co_linked	1-1	1-1	True	42	0.134	0.127	gain	FP	FP
chr9	41780961	41803328	22367	26	0	0	16	co_linked	co_linked	1-1	1-1	True	42	0.134	0.131	gain	FP	FP
chr9	41780961	41803710	22749	26	0	0	15	co_linked	co_linked	1-1	1-1	True	41	0.134	0.127	gain	FP	FP
chr9	41780961	41803728	22767	26	0	0	15	co_linked	co_linked	1-1	1-1	True	41	0.134	0.132	gain	FP	FP
chr9	41780961	41804318	23357	25	0	0	15	co_linked	co_linked	1-1	1-1	True	40	0.134	0.124	gain	FP	FP
chr9	41780961	41804336	23375	25	0	0	15	co_linked	co_linked	1-1	1-1	True	40	0.134	0.124	gain	FP	FP
chr9	41780961	41804355	23394	25	0	0	15	co_linked	co_linked	1-1	1-1	True	40	0.134	0.139	gain	FP	FP
chr9	41780961	41804488	23527	25	0	0	15	co_linked	co_linked	1-1	1-1	True	40	0.134	0.128	gain	FP	FP
chr9	41780961	41804521	23560	25	0	0	15	co_linked	co_linked	1-1	1-1	True	40	0.134	0.127	gain	FP	FP
chr9	41780961	41804532	23571	25	0	0	15	co_linked	co_linked	1-1	1-1	True	40	0.134	0.129	gain	FP	FP
chr9	41780961	41804669	23708	25	0	0	15	co_linked	co_linked	1-1	1-1	True	40	0.134	0.117	gain	FP	FP
chr9	41780990	41786740	5750	91	0	0	19	co_linked	co_linked	1-1	1-1	True	110	0.119	0.14	gain	FP	FP
chr9	41780990	41786999	6009	92	0	0	16	co_linked	co_linked	1-1	1-1	True	108	0.119	0.11	gain	FP	FP
chr9	41780990	41788301	7311	76	0	0	18	co_linked	co_linked	1-1	1-1	True	94	0.119	0.143	gain	FP	FP
chr9	41780990	41788308	7318	80	0	0	18	co_linked	co_linked	1-1	1-1	True	98	0.119	0.126	gain	FP	FP
chr9	41780990	41788547	7557	77	0	0	18	co_linked	co_linked	1-1	1-1	True	95	0.119	0.124	gain	FP	FP
chr9	41780990	41788562	7572	79	0	0	19	co_linked	co_linked	1-1	1-1	True	98	0.119	0.133	gain	FP	FP
chr9	41780990	41789410	8420	73	0	0	19	co_linked	co_linked	1-1	1-1	True	92	0.119	0.131	gain	FP	FP
chr9	41780990	41789512	8522	71	0	0	18	co_linked	co_linked	1-1	1-1	True	89	0.119	0.121	gain	FP	FP
chr9	41780990	41789576	8586	68	0	0	17	co_linked	co_linked	1-1	1-1	True	85	0.119	0.13	gain	FP	FP
chr9	41780990	41789594	8604	67	0	0	17	co_linked	co_linked	1-1	1-1	True	84	0.119	0.125	gain	FP	FP
chr9	41780990	41789728	8738	69	0	0	19	co_linked	co_linked	1-1	1-1	True	88	0.119	0.142	gain	FP	FP
chr9	41780990	41800600	19610	30	0	0	19	co_linked	co_linked	1-1	1-1	True	49	0.119	0.158	gain	FP	FP
chr9	41780990	41800945	19955	29	0	0	18	co_linked	co_linked	1-1	1-1	True	47	0.119	0.138	gain	FP	FP
chr9	41780990	41800968	19978	28	0	0	19	co_linked	co_linked	1-1	1-1	True	47	0.119	0.156	gain	FP	FP
chr9	41780990	41800991	20001	29	0	0	19	co_linked	co_linked	1-1	1-1	True	48	0.119	0.137	gain	FP	FP
chr9	41780990	41801692	20702	28	0	0	18	co_linked	co_linked	1-1	1-1	True	46	0.119	0.132	gain	FP	FP
chr9	41780990	41801701	20711	28	0	0	17	co_linked	co_linked	1-1	1-1	True	45	0.119	0.13	gain	FP	FP
chr9	41780990	41802249	21259	28	0	0	18	co_linked	co_linked	1-1	1-1	True	46	0.119	0.131	gain	FP	FP
chr9	41780990	41802377	21387	28	0	0	18	co_linked	co_linked	1-1	1-1	True	46	0.119	0.137	gain	FP	FP
chr9	41780990	41802627	21637	26	0	0	18	co_linked	co_linked	1-1	1-1	True	44	0.119	0.156	gain	FP	FP
chr9	41780990	41802757	21767	27	0	0	14	co_linked	co_linked	1-1	1-1	True	41	0.119	0.136	gain	FP	FP
chr9	41780990	41802977	21987	28	0	0	16	co_linked	co_linked	1-1	1-1	True	44	0.119	0.139	gain	FP	FP
chr9	41780990	41803018	22028	27	0	0	16	co_linked	co_linked	1-1	1-1	True	43	0.119	0.135	gain	FP	FP
chr9	41780990	41803150	22160	28	0	0	15	co_linked	co_linked	1-1	1-1	True	43	0.119	0.127	gain	FP	FP
chr9	41780990	41803328	22338	27	0	0	16	co_linked	co_linked	1-1	1-1	True	43	0.119	0.131	gain	FP	FP
chr9	41780990	41803710	22720	27	0	0	15	co_linked	co_linked	1-1	1-1	True	42	0.119	0.127	gain	FP	FP
chr9	41780990	41803728	22738	27	0	0	15	co_linked	co_linked	1-1	1-1	True	42	0.119	0.132	gain	FP	FP
chr9	41780990	41804318	23328	26	0	0	15	co_linked	co_linked	1-1	1-1	True	41	0.119	0.124	gain	FP	FP
chr9	41780990	41804336	23346	26	0	0	15	co_linked	co_linked	1-1	1-1	True	41	0.119	0.124	gain	FP	FP
chr9	41780990	41804355	23365	26	0	0	15	co_linked	co_linked	1-1	1-1	True	41	0.119	0.139	gain	FP	FP
chr9	41780990	41804488	23498	26	0	0	15	co_linked	co_linked	1-1	1-1	True	41	0.119	0.128	gain	FP	FP
chr9	41780990	41804521	23531	26	0	0	15	co_linked	co_linked	1-1	1-1	True	41	0.119	0.127	gain	FP	FP
chr9	41780990	41804532	23542	26	0	0	15	co_linked	co_linked	1-1	1-1	True	41	0.119	0.129	gain	FP	FP
chr9	41780990	41804669	23679	26	0	0	15	co_linked	co_linked	1-1	1-1	True	41	0.119	0.117	gain	FP	FP
chr9	41782030	41782895	865	143	0	0	22	co_linked	co_linked	1-1	1-1	True	165	0.131	0.12	gain	FP	FP
chr9	41782030	41786702	4672	106	0	0	23	co_linked	co_linked	1-1	1-1	True	129	0.131	0.134	gain	FP	FP
chr9	41782030	41786999	4969	102	0	0	18	co_linked	co_linked	1-1	1-1	True	120	0.131	0.11	gain	FP	FP
chr9	41782030	41788301	6271	85	0	0	21	co_linked	co_linked	1-1	1-1	True	106	0.131	0.143	gain	FP	FP
chr9	41782030	41788562	6532	88	0	0	22	co_linked	co_linked	1-1	1-1	True	110	0.131	0.133	gain	FP	FP
chr9	41782030	41789410	7380	82	0	0	22	co_linked	co_linked	1-1	1-1	True	104	0.131	0.131	gain	FP	FP
chr9	41782030	41789468	7438	83	0	0	21	co_linked	co_linked	1-1	1-1	True	104	0.131	0.133	gain	FP	FP
chr9	41782030	41789512	7482	80	0	0	19	co_linked	co_linked	1-1	1-1	True	99	0.131	0.121	gain	FP	FP
chr9	41782030	41789576	7546	78	0	0	20	co_linked	co_linked	1-1	1-1	True	98	0.131	0.13	gain	FP	FP
chr9	41782030	41789594	7564	77	0	0	20	co_linked	co_linked	1-1	1-1	True	97	0.131	0.125	gain	FP	FP
chr9	41782030	41789728	7698	78	0	0	22	co_linked	co_linked	1-1	1-1	True	100	0.131	0.142	gain	FP	FP
chr9	41782030	41800600	18570	33	0	0	22	co_linked	co_linked	1-1	1-1	True	55	0.131	0.158	gain	FP	FP
chr9	41782030	41800945	18915	32	0	0	21	co_linked	co_linked	1-1	1-1	True	53	0.131	0.138	gain	FP	FP
chr9	41782030	41800968	18938	31	0	0	22	co_linked	co_linked	1-1	1-1	True	53	0.131	0.156	gain	FP	FP
chr9	41782030	41800991	18961	32	0	0	22	co_linked	co_linked	1-1	1-1	True	54	0.131	0.137	gain	FP	FP
chr9	41782030	41801692	19662	31	0	0	21	co_linked	co_linked	1-1	1-1	True	52	0.131	0.132	gain	FP	FP
chr9	41782030	41801701	19671	31	0	0	20	co_linked	co_linked	1-1	1-1	True	51	0.131	0.13	gain	FP	FP
chr9	41782030	41802249	20219	31	0	0	21	co_linked	co_linked	1-1	1-1	True	52	0.131	0.131	gain	FP	FP
chr9	41782030	41802377	20347	31	0	0	21	co_linked	co_linked	1-1	1-1	True	52	0.131	0.137	gain	FP	FP
chr9	41782030	41802627	20597	29	0	0	21	co_linked	co_linked	1-1	1-1	True	50	0.131	0.156	gain	FP	FP
chr9	41782030	41802757	20727	30	0	0	17	co_linked	co_linked	1-1	1-1	True	47	0.131	0.136	gain	FP	FP
chr9	41782030	41803018	20988	30	0	0	19	co_linked	co_linked	1-1	1-1	True	49	0.131	0.135	gain	FP	FP
chr9	41782030	41803150	21120	31	0	0	18	co_linked	co_linked	1-1	1-1	True	49	0.131	0.127	gain	FP	FP
chr9	41782030	41803328	21298	30	0	0	19	co_linked	co_linked	1-1	1-1	True	49	0.131	0.131	gain	FP	FP
chr9	41782030	41803710	21680	30	0	0	18	co_linked	co_linked	1-1	1-1	True	48	0.131	0.127	gain	FP	FP
chr9	41782030	41803728	21698	30	0	0	18	co_linked	co_linked	1-1	1-1	True	48	0.131	0.132	gain	FP	FP
chr9	41782030	41804318	22288	29	0	0	17	co_linked	co_linked	1-1	1-1	True	46	0.131	0.124	gain	FP	FP
chr9	41782030	41804336	22306	29	0	0	17	co_linked	co_linked	1-1	1-1	True	46	0.131	0.124	gain	FP	FP
chr9	41782030	41804355	22325	29	0	0	17	co_linked	co_linked	1-1	1-1	True	46	0.131	0.139	gain	FP	FP
chr9	41782030	41804488	22458	29	0	0	17	co_linked	co_linked	1-1	1-1	True	46	0.131	0.128	gain	FP	FP
chr9	41782030	41804521	22491	29	0	0	17	co_linked	co_linked	1-1	1-1	True	46	0.131	0.127	gain	FP	FP
chr9	41782030	41804532	22502	29	0	0	17	co_linked	co_linked	1-1	1-1	True	46	0.131	0.129	gain	FP	FP
chr9	41782030	41804669	22639	29	0	0	17	co_linked	co_linked	1-1	1-1	True	46	0.131	0.117	gain	FP	FP
chr9	41782266	41788301	6035	85	0	0	21	co_linked	co_linked	1-1	1-1	True	106	0.136	0.143	gain	FP	FP
chr9	41782266	41788562	6296	87	0	0	22	co_linked	co_linked	1-1	1-1	True	109	0.136	0.133	gain	FP	FP
chr9	41782266	41789410	7144	80	0	0	22	co_linked	co_linked	1-1	1-1	True	102	0.136	0.131	gain	FP	FP
chr9	41782266	41789512	7246	78	0	0	19	co_linked	co_linked	1-1	1-1	True	97	0.136	0.121	gain	FP	FP
chr9	41782266	41789576	7310	75	0	0	20	co_linked	co_linked	1-1	1-1	True	95	0.136	0.13	gain	FP	FP
chr9	41782266	41789594	7328	74	0	0	20	co_linked	co_linked	1-1	1-1	True	94	0.136	0.125	gain	FP	FP
chr9	41782266	41789728	7462	76	0	0	22	co_linked	co_linked	1-1	1-1	True	98	0.136	0.142	gain	FP	FP
chr9	41782266	41800600	18334	32	0	0	22	co_linked	co_linked	1-1	1-1	True	54	0.136	0.158	gain	FP	FP
chr9	41782266	41800945	18679	31	0	0	21	co_linked	co_linked	1-1	1-1	True	52	0.136	0.138	gain	FP	FP
chr9	41782266	41800968	18702	30	0	0	22	co_linked	co_linked	1-1	1-1	True	52	0.136	0.156	gain	FP	FP
chr9	41782266	41800991	18725	31	0	0	22	co_linked	co_linked	1-1	1-1	True	53	0.136	0.137	gain	FP	FP
chr9	41782266	41801692	19426	30	0	0	21	co_linked	co_linked	1-1	1-1	True	51	0.136	0.132	gain	FP	FP
chr9	41782266	41801701	19435	30	0	0	20	co_linked	co_linked	1-1	1-1	True	50	0.136	0.13	gain	FP	FP
chr9	41782266	41802249	19983	30	0	0	21	co_linked	co_linked	1-1	1-1	True	51	0.136	0.131	gain	FP	FP
chr9	41782266	41802377	20111	30	0	0	21	co_linked	co_linked	1-1	1-1	True	51	0.136	0.137	gain	FP	FP
chr9	41782266	41802627	20361	28	0	0	21	co_linked	co_linked	1-1	1-1	True	49	0.136	0.156	gain	FP	FP
chr9	41782266	41802757	20491	29	0	0	17	co_linked	co_linked	1-1	1-1	True	46	0.136	0.136	gain	FP	FP
chr9	41782266	41803018	20752	29	0	0	19	co_linked	co_linked	1-1	1-1	True	48	0.136	0.135	gain	FP	FP
chr9	41782266	41803150	20884	30	0	0	18	co_linked	co_linked	1-1	1-1	True	48	0.136	0.127	gain	FP	FP
chr9	41782266	41803328	21062	29	0	0	19	co_linked	co_linked	1-1	1-1	True	48	0.136	0.131	gain	FP	FP
chr9	41782266	41803710	21444	29	0	0	18	co_linked	co_linked	1-1	1-1	True	47	0.136	0.127	gain	FP	FP
chr9	41782266	41803728	21462	29	0	0	18	co_linked	co_linked	1-1	1-1	True	47	0.136	0.132	gain	FP	FP
chr9	41782266	41804318	22052	28	0	0	17	co_linked	co_linked	1-1	1-1	True	45	0.136	0.124	gain	FP	FP
chr9	41782266	41804336	22070	28	0	0	17	co_linked	co_linked	1-1	1-1	True	45	0.136	0.124	gain	FP	FP
chr9	41782266	41804355	22089	28	0	0	17	co_linked	co_linked	1-1	1-1	True	45	0.136	0.139	gain	FP	FP
chr9	41782266	41804488	22222	28	0	0	17	co_linked	co_linked	1-1	1-1	True	45	0.136	0.128	gain	FP	FP
chr9	41782266	41804521	22255	28	0	0	17	co_linked	co_linked	1-1	1-1	True	45	0.136	0.127	gain	FP	FP
chr9	41782266	41804532	22266	28	0	0	17	co_linked	co_linked	1-1	1-1	True	45	0.136	0.129	gain	FP	FP
chr9	41782266	41804669	22403	28	0	0	17	co_linked	co_linked	1-1	1-1	True	45	0.136	0.117	gain	FP	FP
chr9	41782895	41786702	3807	118	0	0	22	co_linked	co_linked	1-1	1-1	True	140	0.12	0.134	gain	FP	FP
chr9	41782895	41786999	4104	112	0	0	17	co_linked	co_linked	1-1	1-1	True	129	0.12	0.11	gain	FP	FP
chr9	41782895	41788301	5406	94	0	0	20	co_linked	co_linked	1-1	1-1	True	114	0.12	0.143	gain	FP	FP
chr9	41782895	41788562	5667	97	0	0	21	co_linked	co_linked	1-1	1-1	True	118	0.12	0.133	gain	FP	FP
chr9	41782895	41789410	6515	90	0	0	21	co_linked	co_linked	1-1	1-1	True	111	0.12	0.131	gain	FP	FP
chr9	41782895	41789512	6617	88	0	0	18	co_linked	co_linked	1-1	1-1	True	106	0.12	0.121	gain	FP	FP
chr9	41782895	41789576	6681	85	0	0	19	co_linked	co_linked	1-1	1-1	True	104	0.12	0.13	gain	FP	FP
chr9	41782895	41789594	6699	84	0	0	19	co_linked	co_linked	1-1	1-1	True	103	0.12	0.125	gain	FP	FP
chr9	41782895	41789728	6833	86	0	0	21	co_linked	co_linked	1-1	1-1	True	107	0.12	0.142	gain	FP	FP
chr9	41782895	41800600	17705	36	0	0	21	co_linked	co_linked	1-1	1-1	True	57	0.12	0.158	gain	FP	FP
chr9	41782895	41800945	18050	35	0	0	20	co_linked	co_linked	1-1	1-1	True	55	0.12	0.138	gain	FP	FP
chr9	41782895	41800968	18073	33	0	0	21	co_linked	co_linked	1-1	1-1	True	54	0.12	0.156	gain	FP	FP
chr9	41782895	41800991	18096	34	0	0	21	co_linked	co_linked	1-1	1-1	True	55	0.12	0.137	gain	FP	FP
chr9	41782895	41801692	18797	32	0	0	20	co_linked	co_linked	1-1	1-1	True	52	0.12	0.132	gain	FP	FP
chr9	41782895	41801701	18806	32	0	0	19	co_linked	co_linked	1-1	1-1	True	51	0.12	0.13	gain	FP	FP
chr9	41782895	41802249	19354	32	0	0	20	co_linked	co_linked	1-1	1-1	True	52	0.12	0.131	gain	FP	FP
chr9	41782895	41802377	19482	32	0	0	20	co_linked	co_linked	1-1	1-1	True	52	0.12	0.137	gain	FP	FP
chr9	41782895	41802627	19732	30	0	0	20	co_linked	co_linked	1-1	1-1	True	50	0.12	0.156	gain	FP	FP
chr9	41782895	41802757	19862	31	0	0	16	co_linked	co_linked	1-1	1-1	True	47	0.12	0.136	gain	FP	FP
chr9	41782895	41803018	20123	31	0	0	18	co_linked	co_linked	1-1	1-1	True	49	0.12	0.135	gain	FP	FP
chr9	41782895	41803150	20255	32	0	0	17	co_linked	co_linked	1-1	1-1	True	49	0.12	0.127	gain	FP	FP
chr9	41782895	41803328	20433	31	0	0	18	co_linked	co_linked	1-1	1-1	True	49	0.12	0.131	gain	FP	FP
chr9	41782895	41803710	20815	30	0	0	17	co_linked	co_linked	1-1	1-1	True	47	0.12	0.127	gain	FP	FP
chr9	41782895	41803728	20833	30	0	0	17	co_linked	co_linked	1-1	1-1	True	47	0.12	0.132	gain	FP	FP
chr9	41782895	41804318	21423	29	0	0	16	co_linked	co_linked	1-1	1-1	True	45	0.12	0.124	gain	FP	FP
chr9	41782895	41804336	21441	29	0	0	16	co_linked	co_linked	1-1	1-1	True	45	0.12	0.124	gain	FP	FP
chr9	41782895	41804355	21460	29	0	0	16	co_linked	co_linked	1-1	1-1	True	45	0.12	0.139	gain	FP	FP
chr9	41782895	41804488	21593	29	0	0	16	co_linked	co_linked	1-1	1-1	True	45	0.12	0.128	gain	FP	FP
chr9	41782895	41804521	21626	29	0	0	16	co_linked	co_linked	1-1	1-1	True	45	0.12	0.127	gain	FP	FP
chr9	41782895	41804532	21637	29	0	0	16	co_linked	co_linked	1-1	1-1	True	45	0.12	0.129	gain	FP	FP
chr9	41782895	41804669	21774	29	0	0	16	co_linked	co_linked	1-1	1-1	True	45	0.12	0.117	gain	FP	FP
chr9	41783615	41800945	17330	37	0	0	21	co_linked	co_linked	1-1	1-1	True	58	0.127	0.138	gain	FP	FP
chr9	41783615	41802757	19142	33	0	0	18	co_linked	co_linked	1-1	1-1	True	51	0.127	0.136	gain	FP	FP
chr9	41783615	41804016	20401	32	0	0	16	co_linked	co_linked	1-1	1-1	True	48	0.127	0.121	gain	FP	FP
chr9	41783615	41804580	20965	31	0	0	16	co_linked	co_linked	1-1	1-1	True	47	0.127	0.11	gain	FP	FP
chr9	41783669	41788301	4632	98	0	0	21	co_linked	co_linked	1-1	1-1	True	119	0.133	0.143	gain	FP	FP
chr9	41783669	41788562	4893	101	0	0	22	co_linked	co_linked	1-1	1-1	True	123	0.133	0.133	gain	FP	FP
chr9	41783669	41789410	5741	94	0	0	22	co_linked	co_linked	1-1	1-1	True	116	0.133	0.131	gain	FP	FP
chr9	41783669	41789512	5843	92	0	0	19	co_linked	co_linked	1-1	1-1	True	111	0.133	0.121	gain	FP	FP
chr9	41783669	41789576	5907	89	0	0	20	co_linked	co_linked	1-1	1-1	True	109	0.133	0.13	gain	FP	FP
chr9	41783669	41789594	5925	88	0	0	20	co_linked	co_linked	1-1	1-1	True	108	0.133	0.125	gain	FP	FP
chr9	41783669	41789728	6059	90	0	0	22	co_linked	co_linked	1-1	1-1	True	112	0.133	0.142	gain	FP	FP
chr9	41783669	41800600	16931	39	0	0	21	co_linked	co_linked	1-1	1-1	True	60	0.133	0.158	gain	FP	FP
chr9	41783669	41800945	17276	38	0	0	20	co_linked	co_linked	1-1	1-1	True	58	0.133	0.138	gain	FP	FP
chr9	41783669	41800968	17299	36	0	0	22	co_linked	co_linked	1-1	1-1	True	58	0.133	0.156	gain	FP	FP
chr9	41783669	41800991	17322	37	0	0	22	co_linked	co_linked	1-1	1-1	True	59	0.133	0.137	gain	FP	FP
chr9	41783669	41801692	18023	35	0	0	21	co_linked	co_linked	1-1	1-1	True	56	0.133	0.132	gain	FP	FP
chr9	41783669	41801701	18032	35	0	0	20	co_linked	co_linked	1-1	1-1	True	55	0.133	0.13	gain	FP	FP
chr9	41783669	41802059	18390	35	0	0	19	co_linked	co_linked	1-1	1-1	True	54	0.133	0.12	gain	FP	FP
chr9	41783669	41802249	18580	35	0	0	21	co_linked	co_linked	1-1	1-1	True	56	0.133	0.131	gain	FP	FP
chr9	41783669	41802377	18708	35	0	0	21	co_linked	co_linked	1-1	1-1	True	56	0.133	0.137	gain	FP	FP
chr9	41783669	41802627	18958	33	0	0	21	co_linked	co_linked	1-1	1-1	True	54	0.133	0.156	gain	FP	FP
chr9	41783669	41802757	19088	34	0	0	17	co_linked	co_linked	1-1	1-1	True	51	0.133	0.136	gain	FP	FP
chr9	41783669	41803018	19349	34	0	0	19	co_linked	co_linked	1-1	1-1	True	53	0.133	0.135	gain	FP	FP
chr9	41783669	41803150	19481	35	0	0	18	co_linked	co_linked	1-1	1-1	True	53	0.133	0.127	gain	FP	FP
chr9	41783669	41803328	19659	33	0	0	19	co_linked	co_linked	1-1	1-1	True	52	0.133	0.131	gain	FP	FP
chr9	41783669	41803710	20041	32	0	0	18	co_linked	co_linked	1-1	1-1	True	50	0.133	0.127	gain	FP	FP
chr9	41783669	41803728	20059	32	0	0	18	co_linked	co_linked	1-1	1-1	True	50	0.133	0.132	gain	FP	FP
chr9	41783669	41804318	20649	31	0	0	16	co_linked	co_linked	1-1	1-1	True	47	0.133	0.124	gain	FP	FP
chr9	41783669	41804336	20667	31	0	0	17	co_linked	co_linked	1-1	1-1	True	48	0.133	0.124	gain	FP	FP
chr9	41783669	41804355	20686	31	0	0	17	co_linked	co_linked	1-1	1-1	True	48	0.133	0.139	gain	FP	FP
chr9	41783669	41804488	20819	31	0	0	17	co_linked	co_linked	1-1	1-1	True	48	0.133	0.128	gain	FP	FP
chr9	41783669	41804521	20852	31	0	0	17	co_linked	co_linked	1-1	1-1	True	48	0.133	0.127	gain	FP	FP
chr9	41783669	41804532	20863	31	0	0	17	co_linked	co_linked	1-1	1-1	True	48	0.133	0.129	gain	FP	FP
chr9	41783669	41804669	21000	31	0	0	17	co_linked	co_linked	1-1	1-1	True	48	0.133	0.117	gain	FP	FP
chr9	41786702	41786999	297	154	0	0	20	co_linked	co_linked	1-1	1-1	True	174	0.134	0.11	gain	FP	FP
chr9	41786702	41788301	1599	127	0	0	23	co_linked	co_linked	1-1	1-1	True	150	0.134	0.143	gain	FP	FP
chr9	41786702	41788562	1860	130	0	0	24	co_linked	co_linked	1-1	1-1	True	154	0.134	0.133	gain	FP	FP
chr9	41786702	41789410	2708	120	0	0	24	co_linked	co_linked	1-1	1-1	True	144	0.134	0.131	gain	FP	FP
chr9	41786702	41789512	2810	119	0	0	21	co_linked	co_linked	1-1	1-1	True	140	0.134	0.121	gain	FP	FP
chr9	41786702	41789576	2874	114	0	0	22	co_linked	co_linked	1-1	1-1	True	136	0.134	0.13	gain	FP	FP
chr9	41786702	41789594	2892	114	0	0	21	co_linked	co_linked	1-1	1-1	True	135	0.134	0.125	gain	FP	FP
chr9	41786702	41789728	3026	115	0	0	24	co_linked	co_linked	1-1	1-1	True	139	0.134	0.142	gain	FP	FP
chr9	41786702	41800600	13898	47	0	0	23	co_linked	co_linked	1-1	1-1	True	70	0.134	0.158	gain	FP	FP
chr9	41786702	41800945	14243	46	0	0	22	co_linked	co_linked	1-1	1-1	True	68	0.134	0.138	gain	FP	FP
chr9	41786702	41800968	14266	44	0	0	24	co_linked	co_linked	1-1	1-1	True	68	0.134	0.156	gain	FP	FP
chr9	41786702	41800991	14289	44	0	0	24	co_linked	co_linked	1-1	1-1	True	68	0.134	0.137	gain	FP	FP
chr9	41786702	41801692	14990	40	0	0	23	co_linked	co_linked	1-1	1-1	True	63	0.134	0.132	gain	FP	FP
chr9	41786702	41801701	14999	40	0	0	22	co_linked	co_linked	1-1	1-1	True	62	0.134	0.13	gain	FP	FP
chr9	41786702	41802249	15547	40	0	0	23	co_linked	co_linked	1-1	1-1	True	63	0.134	0.131	gain	FP	FP
chr9	41786702	41802377	15675	40	0	0	23	co_linked	co_linked	1-1	1-1	True	63	0.134	0.137	gain	FP	FP
chr9	41786702	41802627	15925	38	0	0	23	co_linked	co_linked	1-1	1-1	True	61	0.134	0.156	gain	FP	FP
chr9	41786702	41802757	16055	39	0	0	19	co_linked	co_linked	1-1	1-1	True	58	0.134	0.136	gain	FP	FP
chr9	41786702	41803018	16316	39	0	0	21	co_linked	co_linked	1-1	1-1	True	60	0.134	0.135	gain	FP	FP
chr9	41786702	41803150	16448	39	0	0	20	co_linked	co_linked	1-1	1-1	True	59	0.134	0.127	gain	FP	FP
chr9	41786702	41803328	16626	37	0	0	21	co_linked	co_linked	1-1	1-1	True	58	0.134	0.131	gain	FP	FP
chr9	41786702	41803710	17008	36	0	0	20	co_linked	co_linked	1-1	1-1	True	56	0.134	0.127	gain	FP	FP
chr9	41786702	41803728	17026	36	0	0	20	co_linked	co_linked	1-1	1-1	True	56	0.134	0.132	gain	FP	FP
chr9	41786702	41804318	17616	35	0	0	18	co_linked	co_linked	1-1	1-1	True	53	0.134	0.124	gain	FP	FP
chr9	41786702	41804336	17634	35	0	0	19	co_linked	co_linked	1-1	1-1	True	54	0.134	0.124	gain	FP	FP
chr9	41786702	41804355	17653	35	0	0	19	co_linked	co_linked	1-1	1-1	True	54	0.134	0.139	gain	FP	FP
chr9	41786702	41804488	17786	35	0	0	19	co_linked	co_linked	1-1	1-1	True	54	0.134	0.128	gain	FP	FP
chr9	41786702	41804521	17819	35	0	0	19	co_linked	co_linked	1-1	1-1	True	54	0.134	0.127	gain	FP	FP
chr9	41786702	41804532	17830	35	0	0	19	co_linked	co_linked	1-1	1-1	True	54	0.134	0.129	gain	FP	FP
chr9	41786702	41804669	17967	35	0	0	19	co_linked	co_linked	1-1	1-1	True	54	0.134	0.117	gain	FP	FP
chr9	41786739	41802512	15773	39	0	0	21	co_linked	co_linked	1-1	1-1	True	60	0.124	0.13	gain	FP	FP
chr9	41786740	41788301	1561	123	0	0	23	co_linked	co_linked	1-1	1-1	True	146	0.14	0.143	gain	FP	FP
chr9	41786740	41788562	1822	126	0	0	24	co_linked	co_linked	1-1	1-1	True	150	0.14	0.133	gain	FP	FP
chr9	41786740	41789410	2670	116	0	0	24	co_linked	co_linked	1-1	1-1	True	140	0.14	0.131	gain	FP	FP
chr9	41786740	41789512	2772	116	0	0	21	co_linked	co_linked	1-1	1-1	True	137	0.14	0.121	gain	FP	FP
chr9	41786740	41789576	2836	112	0	0	22	co_linked	co_linked	1-1	1-1	True	134	0.14	0.13	gain	FP	FP
chr9	41786740	41789594	2854	112	0	0	21	co_linked	co_linked	1-1	1-1	True	133	0.14	0.125	gain	FP	FP
chr9	41786740	41789728	2988	113	0	0	24	co_linked	co_linked	1-1	1-1	True	137	0.14	0.142	gain	FP	FP
chr9	41786740	41800600	13860	46	0	0	23	co_linked	co_linked	1-1	1-1	True	69	0.14	0.158	gain	FP	FP
chr9	41786740	41800945	14205	45	0	0	22	co_linked	co_linked	1-1	1-1	True	67	0.14	0.138	gain	FP	FP
chr9	41786740	41800968	14228	43	0	0	24	co_linked	co_linked	1-1	1-1	True	67	0.14	0.156	gain	FP	FP
chr9	41786740	41800991	14251	44	0	0	24	co_linked	co_linked	1-1	1-1	True	68	0.14	0.137	gain	FP	FP
chr9	41786740	41801692	14952	40	0	0	23	co_linked	co_linked	1-1	1-1	True	63	0.14	0.132	gain	FP	FP
chr9	41786740	41801701	14961	40	0	0	22	co_linked	co_linked	1-1	1-1	True	62	0.14	0.13	gain	FP	FP
chr9	41786740	41802249	15509	40	0	0	23	co_linked	co_linked	1-1	1-1	True	63	0.14	0.131	gain	FP	FP
chr9	41786740	41802377	15637	40	0	0	23	co_linked	co_linked	1-1	1-1	True	63	0.14	0.137	gain	FP	FP
chr9	41786740	41802627	15887	38	0	0	23	co_linked	co_linked	1-1	1-1	True	61	0.14	0.156	gain	FP	FP
chr9	41786740	41802757	16017	39	0	0	19	co_linked	co_linked	1-1	1-1	True	58	0.14	0.136	gain	FP	FP
chr9	41786740	41803018	16278	39	0	0	21	co_linked	co_linked	1-1	1-1	True	60	0.14	0.135	gain	FP	FP
chr9	41786740	41803150	16410	39	0	0	20	co_linked	co_linked	1-1	1-1	True	59	0.14	0.127	gain	FP	FP
chr9	41786740	41803328	16588	37	0	0	21	co_linked	co_linked	1-1	1-1	True	58	0.14	0.131	gain	FP	FP
chr9	41786740	41803710	16970	36	0	0	20	co_linked	co_linked	1-1	1-1	True	56	0.14	0.127	gain	FP	FP
chr9	41786740	41803728	16988	36	0	0	20	co_linked	co_linked	1-1	1-1	True	56	0.14	0.132	gain	FP	FP
chr9	41786740	41804318	17578	35	0	0	18	co_linked	co_linked	1-1	1-1	True	53	0.14	0.124	gain	FP	FP
chr9	41786740	41804336	17596	35	0	0	19	co_linked	co_linked	1-1	1-1	True	54	0.14	0.124	gain	FP	FP
chr9	41786740	41804355	17615	35	0	0	19	co_linked	co_linked	1-1	1-1	True	54	0.14	0.139	gain	FP	FP
chr9	41786740	41804488	17748	35	0	0	19	co_linked	co_linked	1-1	1-1	True	54	0.14	0.128	gain	FP	FP
chr9	41786740	41804521	17781	35	0	0	19	co_linked	co_linked	1-1	1-1	True	54	0.14	0.127	gain	FP	FP
chr9	41786740	41804532	17792	35	0	0	19	co_linked	co_linked	1-1	1-1	True	54	0.14	0.129	gain	FP	FP
chr9	41786740	41804669	17929	35	0	0	19	co_linked	co_linked	1-1	1-1	True	54	0.14	0.117	gain	FP	FP
chr9	41786999	41788562	1563	137	0	0	20	co_linked	co_linked	1-1	1-1	True	157	0.11	0.133	gain	FP	FP
chr9	41786999	41789410	2411	127	0	0	20	co_linked	co_linked	1-1	1-1	True	147	0.11	0.131	gain	FP	FP
chr9	41786999	41789512	2513	126	0	0	18	co_linked	co_linked	1-1	1-1	True	144	0.11	0.121	gain	FP	FP
chr9	41786999	41789576	2577	121	0	0	19	co_linked	co_linked	1-1	1-1	True	140	0.11	0.13	gain	FP	FP
chr9	41786999	41789594	2595	120	0	0	17	co_linked	co_linked	1-1	1-1	True	137	0.11	0.125	gain	FP	FP
chr9	41786999	41789728	2729	122	0	0	20	co_linked	co_linked	1-1	1-1	True	142	0.11	0.142	gain	FP	FP
chr9	41786999	41800600	13601	51	0	0	19	co_linked	co_linked	1-1	1-1	True	70	0.11	0.158	gain	FP	FP
chr9	41786999	41800945	13946	50	0	0	18	co_linked	co_linked	1-1	1-1	True	68	0.11	0.138	gain	FP	FP
chr9	41786999	41800968	13969	48	0	0	20	co_linked	co_linked	1-1	1-1	True	68	0.11	0.156	gain	FP	FP
chr9	41786999	41800991	13992	48	0	0	20	co_linked	co_linked	1-1	1-1	True	68	0.11	0.137	gain	FP	FP
chr9	41786999	41801692	14693	44	0	0	19	co_linked	co_linked	1-1	1-1	True	63	0.11	0.132	gain	FP	FP
chr9	41786999	41801701	14702	44	0	0	18	co_linked	co_linked	1-1	1-1	True	62	0.11	0.13	gain	FP	FP
chr9	41786999	41802059	15060	44	0	0	17	co_linked	co_linked	1-1	1-1	True	61	0.11	0.12	gain	FP	FP
chr9	41786999	41802249	15250	44	0	0	19	co_linked	co_linked	1-1	1-1	True	63	0.11	0.131	gain	FP	FP
chr9	41786999	41802377	15378	43	0	0	19	co_linked	co_linked	1-1	1-1	True	62	0.11	0.137	gain	FP	FP
chr9	41786999	41803018	16019	42	0	0	18	co_linked	co_linked	1-1	1-1	True	60	0.11	0.135	gain	FP	FP
chr9	41786999	41803150	16151	42	0	0	17	co_linked	co_linked	1-1	1-1	True	59	0.11	0.127	gain	FP	FP
chr9	41786999	41803328	16329	40	0	0	18	co_linked	co_linked	1-1	1-1	True	58	0.11	0.131	gain	FP	FP
chr9	41786999	41803710	16711	39	0	0	17	co_linked	co_linked	1-1	1-1	True	56	0.11	0.127	gain	FP	FP
chr9	41786999	41803728	16729	39	0	0	17	co_linked	co_linked	1-1	1-1	True	56	0.11	0.132	gain	FP	FP
chr9	41786999	41804318	17319	37	0	0	16	co_linked	co_linked	1-1	1-1	True	53	0.11	0.124	gain	FP	FP
chr9	41786999	41804336	17337	38	0	0	17	co_linked	co_linked	1-1	1-1	True	55	0.11	0.124	gain	FP	FP
chr9	41786999	41804355	17356	38	0	0	17	co_linked	co_linked	1-1	1-1	True	55	0.11	0.139	gain	FP	FP
chr9	41786999	41804488	17489	38	0	0	17	co_linked	co_linked	1-1	1-1	True	55	0.11	0.128	gain	FP	FP
chr9	41786999	41804521	17522	38	0	0	17	co_linked	co_linked	1-1	1-1	True	55	0.11	0.127	gain	FP	FP
chr9	41786999	41804532	17533	38	0	0	17	co_linked	co_linked	1-1	1-1	True	55	0.11	0.129	gain	FP	FP
chr9	41786999	41804669	17670	38	0	0	17	co_linked	co_linked	1-1	1-1	True	55	0.11	0.117	gain	FP	FP
chr9	41787455	41789410	1955	128	0	0	24	co_linked	co_linked	1-1	1-1	True	152	0.145	0.131	gain	FP	FP
chr9	41787455	41800991	13536	48	0	0	24	co_linked	co_linked	1-1	1-1	True	72	0.145	0.137	gain	FP	FP
chr9	41787455	41801692	14237	43	0	0	23	co_linked	co_linked	1-1	1-1	True	66	0.145	0.132	gain	FP	FP
chr9	41787455	41801701	14246	43	0	0	22	co_linked	co_linked	1-1	1-1	True	65	0.145	0.13	gain	FP	FP
chr9	41787455	41802249	14794	43	0	0	23	co_linked	co_linked	1-1	1-1	True	66	0.145	0.131	gain	FP	FP
chr9	41787455	41802377	14922	42	0	0	23	co_linked	co_linked	1-1	1-1	True	65	0.145	0.137	gain	FP	FP
chr9	41787455	41802627	15172	40	0	0	23	co_linked	co_linked	1-1	1-1	True	63	0.145	0.156	gain	FP	FP
chr9	41787455	41802757	15302	41	0	0	19	co_linked	co_linked	1-1	1-1	True	60	0.145	0.136	gain	FP	FP
chr9	41787455	41803018	15563	41	0	0	21	co_linked	co_linked	1-1	1-1	True	62	0.145	0.135	gain	FP	FP
chr9	41787455	41803150	15695	41	0	0	20	co_linked	co_linked	1-1	1-1	True	61	0.145	0.127	gain	FP	FP
chr9	41787455	41803328	15873	39	0	0	21	co_linked	co_linked	1-1	1-1	True	60	0.145	0.131	gain	FP	FP
chr9	41787455	41803710	16255	38	0	0	20	co_linked	co_linked	1-1	1-1	True	58	0.145	0.127	gain	FP	FP
chr9	41787455	41803728	16273	38	0	0	20	co_linked	co_linked	1-1	1-1	True	58	0.145	0.132	gain	FP	FP
chr9	41787455	41804318	16863	36	0	0	18	co_linked	co_linked	1-1	1-1	True	54	0.145	0.124	gain	FP	FP
chr9	41787455	41804336	16881	36	0	0	19	co_linked	co_linked	1-1	1-1	True	55	0.145	0.124	gain	FP	FP
chr9	41787455	41804355	16900	36	0	0	19	co_linked	co_linked	1-1	1-1	True	55	0.145	0.139	gain	FP	FP
chr9	41787455	41804488	17033	36	0	0	19	co_linked	co_linked	1-1	1-1	True	55	0.145	0.128	gain	FP	FP
chr9	41787455	41804521	17066	36	0	0	19	co_linked	co_linked	1-1	1-1	True	55	0.145	0.127	gain	FP	FP
chr9	41787455	41804532	17077	36	0	0	19	co_linked	co_linked	1-1	1-1	True	55	0.145	0.129	gain	FP	FP
chr9	41787455	41804669	17214	36	0	0	19	co_linked	co_linked	1-1	1-1	True	55	0.145	0.117	gain	FP	FP
chr9	41787852	41802059	14207	47	0	0	18	co_linked	co_linked	1-1	1-1	True	65	0.124	0.12	gain	FP	FP
chr9	41788154	41801692	13538	47	0	0	23	co_linked	co_linked	1-1	1-1	True	70	0.168	0.132	gain	FP	FP
chr9	41788154	41801701	13547	47	0	0	22	co_linked	co_linked	1-1	1-1	True	69	0.168	0.13	gain	FP	FP
chr9	41788154	41802249	14095	47	0	0	23	co_linked	co_linked	1-1	1-1	True	70	0.168	0.131	gain	FP	FP
chr9	41788154	41802377	14223	46	0	0	23	co_linked	co_linked	1-1	1-1	True	69	0.168	0.137	gain	FP	FP
chr9	41788154	41803018	14864	45	0	0	21	co_linked	co_linked	1-1	1-1	True	66	0.168	0.135	gain	FP	FP
chr9	41788154	41803150	14996	45	0	0	20	co_linked	co_linked	1-1	1-1	True	65	0.168	0.127	gain	FP	FP
chr9	41788154	41803328	15174	43	0	0	21	co_linked	co_linked	1-1	1-1	True	64	0.168	0.131	gain	FP	FP
chr9	41788154	41803710	15556	42	0	0	20	co_linked	co_linked	1-1	1-1	True	62	0.168	0.127	gain	FP	FP
chr9	41788154	41803728	15574	42	0	0	20	co_linked	co_linked	1-1	1-1	True	62	0.168	0.132	gain	FP	FP
chr9	41788154	41804318	16164	39	0	0	18	co_linked	co_linked	1-1	1-1	True	57	0.168	0.124	gain	FP	FP
chr9	41788154	41804336	16182	40	0	0	19	co_linked	co_linked	1-1	1-1	True	59	0.168	0.124	gain	FP	FP
chr9	41788154	41804355	16201	40	0	0	19	co_linked	co_linked	1-1	1-1	True	59	0.168	0.139	gain	FP	FP
chr9	41788154	41804488	16334	40	0	0	19	co_linked	co_linked	1-1	1-1	True	59	0.168	0.128	gain	FP	FP
chr9	41788154	41804521	16367	40	0	0	19	co_linked	co_linked	1-1	1-1	True	59	0.168	0.127	gain	FP	FP
chr9	41788154	41804532	16378	40	0	0	19	co_linked	co_linked	1-1	1-1	True	59	0.168	0.129	gain	FP	FP
chr9	41788154	41804669	16515	40	0	0	19	co_linked	co_linked	1-1	1-1	True	59	0.168	0.117	gain	FP	FP
chr9	41788301	41788562	261	147	0	0	23	co_linked	co_linked	1-1	1-1	True	170	0.143	0.133	gain	FP	FP
chr9	41788301	41789512	1211	135	0	0	21	co_linked	co_linked	1-1	1-1	True	156	0.143	0.121	gain	FP	FP
chr9	41788301	41789576	1275	128	0	0	23	co_linked	co_linked	1-1	1-1	True	151	0.143	0.13	gain	FP	FP
chr9	41788301	41789594	1293	127	0	0	21	co_linked	co_linked	1-1	1-1	True	148	0.143	0.125	gain	FP	FP
chr9	41788301	41789728	1427	129	0	0	24	co_linked	co_linked	1-1	1-1	True	153	0.143	0.142	gain	FP	FP
chr9	41788301	41800600	12299	53	0	0	23	co_linked	co_linked	1-1	1-1	True	76	0.143	0.158	gain	FP	FP
chr9	41788301	41800945	12644	52	0	0	22	co_linked	co_linked	1-1	1-1	True	74	0.143	0.138	gain	FP	FP
chr9	41788301	41800968	12667	50	0	0	24	co_linked	co_linked	1-1	1-1	True	74	0.143	0.156	gain	FP	FP
chr9	41788301	41801692	13391	46	0	0	22	co_linked	co_linked	1-1	1-1	True	68	0.143	0.132	gain	FP	FP
chr9	41788301	41801701	13400	46	0	0	21	co_linked	co_linked	1-1	1-1	True	67	0.143	0.13	gain	FP	FP
chr9	41788301	41802249	13948	46	0	0	22	co_linked	co_linked	1-1	1-1	True	68	0.143	0.131	gain	FP	FP
chr9	41788301	41802280	13979	45	0	0	21	co_linked	co_linked	1-1	1-1	True	66	0.143	0.156	gain	FP	FP
chr9	41788301	41802377	14076	45	0	0	22	co_linked	co_linked	1-1	1-1	True	67	0.143	0.137	gain	FP	FP
chr9	41788301	41803018	14717	44	0	0	20	co_linked	co_linked	1-1	1-1	True	64	0.143	0.135	gain	FP	FP
chr9	41788301	41803150	14849	44	0	0	19	co_linked	co_linked	1-1	1-1	True	63	0.143	0.127	gain	FP	FP
chr9	41788301	41803328	15027	42	0	0	20	co_linked	co_linked	1-1	1-1	True	62	0.143	0.131	gain	FP	FP
chr9	41788301	41803710	15409	41	0	0	19	co_linked	co_linked	1-1	1-1	True	60	0.143	0.127	gain	FP	FP
chr9	41788301	41803728	15427	41	0	0	19	co_linked	co_linked	1-1	1-1	True	60	0.143	0.132	gain	FP	FP
chr9	41788301	41804318	16017	38	0	0	17	co_linked	co_linked	1-1	1-1	True	55	0.143	0.124	gain	FP	FP
chr9	41788301	41804336	16035	39	0	0	18	co_linked	co_linked	1-1	1-1	True	57	0.143	0.124	gain	FP	FP
chr9	41788301	41804355	16054	39	0	0	18	co_linked	co_linked	1-1	1-1	True	57	0.143	0.139	gain	FP	FP
chr9	41788301	41804488	16187	39	0	0	18	co_linked	co_linked	1-1	1-1	True	57	0.143	0.128	gain	FP	FP
chr9	41788301	41804521	16220	39	0	0	18	co_linked	co_linked	1-1	1-1	True	57	0.143	0.127	gain	FP	FP
chr9	41788301	41804532	16231	39	0	0	18	co_linked	co_linked	1-1	1-1	True	57	0.143	0.129	gain	FP	FP
chr9	41788301	41804669	16368	39	0	0	18	co_linked	co_linked	1-1	1-1	True	57	0.143	0.117	gain	FP	FP
chr9	41788308	41788547	239	154	0	0	21	co_linked	co_linked	1-1	1-1	True	175	0.126	0.124	gain	FP	FP
chr9	41788308	41802977	14669	48	0	0	19	co_linked	co_linked	1-1	1-1	True	67	0.126	0.139	gain	FP	FP
chr9	41788547	41802977	14430	48	0	0	18	co_linked	co_linked	1-1	1-1	True	66	0.124	0.139	gain	FP	FP
chr9	41788562	41789410	848	145	0	0	24	co_linked	co_linked	1-1	1-1	True	169	0.133	0.131	gain	FP	FP
chr9	41788562	41789512	950	143	0	0	21	co_linked	co_linked	1-1	1-1	True	164	0.133	0.121	gain	FP	FP
chr9	41788562	41789576	1014	136	0	0	22	co_linked	co_linked	1-1	1-1	True	158	0.133	0.13	gain	FP	FP
chr9	41788562	41789594	1032	135	0	0	21	co_linked	co_linked	1-1	1-1	True	156	0.133	0.125	gain	FP	FP
chr9	41788562	41789728	1166	137	0	0	24	co_linked	co_linked	1-1	1-1	True	161	0.133	0.142	gain	FP	FP
chr9	41788562	41800600	12038	57	0	0	23	co_linked	co_linked	1-1	1-1	True	80	0.133	0.158	gain	FP	FP
chr9	41788562	41800945	12383	56	0	0	22	co_linked	co_linked	1-1	1-1	True	78	0.133	0.138	gain	FP	FP
chr9	41788562	41800968	12406	54	0	0	24	co_linked	co_linked	1-1	1-1	True	78	0.133	0.156	gain	FP	FP
chr9	41788562	41800991	12429	54	0	0	24	co_linked	co_linked	1-1	1-1	True	78	0.133	0.137	gain	FP	FP
chr9	41788562	41801692	13130	50	0	0	23	co_linked	co_linked	1-1	1-1	True	73	0.133	0.132	gain	FP	FP
chr9	41788562	41801701	13139	50	0	0	22	co_linked	co_linked	1-1	1-1	True	72	0.133	0.13	gain	FP	FP
chr9	41788562	41802249	13687	49	0	0	23	co_linked	co_linked	1-1	1-1	True	72	0.133	0.131	gain	FP	FP
chr9	41788562	41802377	13815	48	0	0	23	co_linked	co_linked	1-1	1-1	True	71	0.133	0.137	gain	FP	FP
chr9	41788562	41803018	14456	47	0	0	21	co_linked	co_linked	1-1	1-1	True	68	0.133	0.135	gain	FP	FP
chr9	41788562	41803150	14588	47	0	0	20	co_linked	co_linked	1-1	1-1	True	67	0.133	0.127	gain	FP	FP
chr9	41788562	41803328	14766	45	0	0	21	co_linked	co_linked	1-1	1-1	True	66	0.133	0.131	gain	FP	FP
chr9	41788562	41803710	15148	44	0	0	20	co_linked	co_linked	1-1	1-1	True	64	0.133	0.127	gain	FP	FP
chr9	41788562	41803728	15166	44	0	0	20	co_linked	co_linked	1-1	1-1	True	64	0.133	0.132	gain	FP	FP
chr9	41788562	41804318	15756	41	0	0	18	co_linked	co_linked	1-1	1-1	True	59	0.133	0.124	gain	FP	FP
chr9	41788562	41804336	15774	42	0	0	19	co_linked	co_linked	1-1	1-1	True	61	0.133	0.124	gain	FP	FP
chr9	41788562	41804355	15793	42	0	0	19	co_linked	co_linked	1-1	1-1	True	61	0.133	0.139	gain	FP	FP
chr9	41788562	41804488	15926	42	0	0	19	co_linked	co_linked	1-1	1-1	True	61	0.133	0.128	gain	FP	FP
chr9	41788562	41804521	15959	42	0	0	19	co_linked	co_linked	1-1	1-1	True	61	0.133	0.127	gain	FP	FP
chr9	41788562	41804532	15970	42	0	0	19	co_linked	co_linked	1-1	1-1	True	61	0.133	0.129	gain	FP	FP
chr9	41788562	41804669	16107	42	0	0	19	co_linked	co_linked	1-1	1-1	True	61	0.133	0.117	gain	FP	FP
chr9	41789410	41800991	11581	56	0	0	24	co_linked	co_linked	1-1	1-1	True	80	0.131	0.137	gain	FP	FP
chr9	41789410	41801692	12282	51	0	0	23	co_linked	co_linked	1-1	1-1	True	74	0.131	0.132	gain	FP	FP
chr9	41789410	41801701	12291	51	0	0	22	co_linked	co_linked	1-1	1-1	True	73	0.131	0.13	gain	FP	FP
chr9	41789410	41802249	12839	50	0	0	23	co_linked	co_linked	1-1	1-1	True	73	0.131	0.131	gain	FP	FP
chr9	41789410	41802377	12967	49	0	0	23	co_linked	co_linked	1-1	1-1	True	72	0.131	0.137	gain	FP	FP
chr9	41789410	41803018	13608	48	0	0	21	co_linked	co_linked	1-1	1-1	True	69	0.131	0.135	gain	FP	FP
chr9	41789410	41803150	13740	48	0	0	20	co_linked	co_linked	1-1	1-1	True	68	0.131	0.127	gain	FP	FP
chr9	41789410	41803328	13918	46	0	0	21	co_linked	co_linked	1-1	1-1	True	67	0.131	0.131	gain	FP	FP
chr9	41789410	41803710	14300	45	0	0	20	co_linked	co_linked	1-1	1-1	True	65	0.131	0.127	gain	FP	FP
chr9	41789410	41803728	14318	45	0	0	20	co_linked	co_linked	1-1	1-1	True	65	0.131	0.132	gain	FP	FP
chr9	41789410	41804318	14908	42	0	0	18	co_linked	co_linked	1-1	1-1	True	60	0.131	0.124	gain	FP	FP
chr9	41789410	41804336	14926	43	0	0	19	co_linked	co_linked	1-1	1-1	True	62	0.131	0.124	gain	FP	FP
chr9	41789410	41804355	14945	43	0	0	19	co_linked	co_linked	1-1	1-1	True	62	0.131	0.139	gain	FP	FP
chr9	41789410	41804488	15078	43	0	0	19	co_linked	co_linked	1-1	1-1	True	62	0.131	0.128	gain	FP	FP
chr9	41789410	41804521	15111	43	0	0	19	co_linked	co_linked	1-1	1-1	True	62	0.131	0.127	gain	FP	FP
chr9	41789410	41804532	15122	43	0	0	19	co_linked	co_linked	1-1	1-1	True	62	0.131	0.129	gain	FP	FP
chr9	41789410	41804669	15259	43	0	0	19	co_linked	co_linked	1-1	1-1	True	62	0.131	0.117	gain	FP	FP
chr9	41789468	41789576	108	153	0	0	22	co_linked	co_linked	1-1	1-1	True	175	0.133	0.13	gain	FP	FP
chr9	41789468	41789594	126	152	0	0	21	co_linked	co_linked	1-1	1-1	True	173	0.133	0.125	gain	FP	FP
chr9	41789468	41800600	11132	59	0	0	23	co_linked	co_linked	1-1	1-1	True	82	0.133	0.158	gain	FP	FP
chr9	41789468	41800945	11477	58	0	0	22	co_linked	co_linked	1-1	1-1	True	80	0.133	0.138	gain	FP	FP
chr9	41789468	41800968	11500	56	0	0	24	co_linked	co_linked	1-1	1-1	True	80	0.133	0.156	gain	FP	FP
chr9	41789468	41801692	12224	52	0	0	22	co_linked	co_linked	1-1	1-1	True	74	0.133	0.132	gain	FP	FP
chr9	41789468	41801701	12233	52	0	0	22	co_linked	co_linked	1-1	1-1	True	74	0.133	0.13	gain	FP	FP
chr9	41789468	41802249	12781	51	0	0	22	co_linked	co_linked	1-1	1-1	True	73	0.133	0.131	gain	FP	FP
chr9	41789468	41802377	12909	50	0	0	22	co_linked	co_linked	1-1	1-1	True	72	0.133	0.137	gain	FP	FP
chr9	41789468	41803018	13550	49	0	0	20	co_linked	co_linked	1-1	1-1	True	69	0.133	0.135	gain	FP	FP
chr9	41789468	41803150	13682	49	0	0	20	co_linked	co_linked	1-1	1-1	True	69	0.133	0.127	gain	FP	FP
chr9	41789468	41803151	13683	47	0	0	20	co_linked	co_linked	1-1	1-1	True	67	0.133	0.13	gain	FP	FP
chr9	41789468	41803328	13860	47	0	0	20	co_linked	co_linked	1-1	1-1	True	67	0.133	0.131	gain	FP	FP
chr9	41789468	41803710	14242	46	0	0	19	co_linked	co_linked	1-1	1-1	True	65	0.133	0.127	gain	FP	FP
chr9	41789468	41803728	14260	46	0	0	19	co_linked	co_linked	1-1	1-1	True	65	0.133	0.132	gain	FP	FP
chr9	41789468	41804318	14850	43	0	0	17	co_linked	co_linked	1-1	1-1	True	60	0.133	0.124	gain	FP	FP
chr9	41789468	41804336	14868	44	0	0	18	co_linked	co_linked	1-1	1-1	True	62	0.133	0.124	gain	FP	FP
chr9	41789468	41804355	14887	44	0	0	18	co_linked	co_linked	1-1	1-1	True	62	0.133	0.139	gain	FP	FP
chr9	41789468	41804488	15020	44	0	0	18	co_linked	co_linked	1-1	1-1	True	62	0.133	0.128	gain	FP	FP
chr9	41789468	41804521	15053	44	0	0	18	co_linked	co_linked	1-1	1-1	True	62	0.133	0.127	gain	FP	FP
chr9	41789468	41804532	15064	44	0	0	18	co_linked	co_linked	1-1	1-1	True	62	0.133	0.129	gain	FP	FP
chr9	41789468	41804669	15201	44	0	0	18	co_linked	co_linked	1-1	1-1	True	62	0.133	0.117	gain	FP	FP
chr9	41789512	41789576	64	153	0	0	20	co_linked	co_linked	1-1	1-1	True	173	0.121	0.13	gain	FP	FP
chr9	41789512	41789594	82	152	0	0	19	co_linked	co_linked	1-1	1-1	True	171	0.121	0.125	gain	FP	FP
chr9	41789512	41800600	11088	59	0	0	21	co_linked	co_linked	1-1	1-1	True	80	0.121	0.158	gain	FP	FP
chr9	41789512	41800945	11433	58	0	0	20	co_linked	co_linked	1-1	1-1	True	78	0.121	0.138	gain	FP	FP
chr9	41789512	41800968	11456	56	0	0	22	co_linked	co_linked	1-1	1-1	True	78	0.121	0.156	gain	FP	FP
chr9	41789512	41801692	12180	52	0	0	20	co_linked	co_linked	1-1	1-1	True	72	0.121	0.132	gain	FP	FP
chr9	41789512	41801701	12189	52	0	0	19	co_linked	co_linked	1-1	1-1	True	71	0.121	0.13	gain	FP	FP
chr9	41789512	41802249	12737	51	0	0	20	co_linked	co_linked	1-1	1-1	True	71	0.121	0.131	gain	FP	FP
chr9	41789512	41802377	12865	50	0	0	20	co_linked	co_linked	1-1	1-1	True	70	0.121	0.137	gain	FP	FP
chr9	41789512	41802547	13035	49	0	0	18	co_linked	co_linked	1-1	1-1	True	67	0.121	0.123	gain	FP	FP
chr9	41789512	41803018	13506	49	0	0	18	co_linked	co_linked	1-1	1-1	True	67	0.121	0.135	gain	FP	FP
chr9	41789512	41803150	13638	49	0	0	17	co_linked	co_linked	1-1	1-1	True	66	0.121	0.127	gain	FP	FP
chr9	41789512	41803328	13816	47	0	0	18	co_linked	co_linked	1-1	1-1	True	65	0.121	0.131	gain	FP	FP
chr9	41789512	41803710	14198	46	0	0	18	co_linked	co_linked	1-1	1-1	True	64	0.121	0.127	gain	FP	FP
chr9	41789512	41803728	14216	46	0	0	18	co_linked	co_linked	1-1	1-1	True	64	0.121	0.132	gain	FP	FP
chr9	41789512	41804318	14806	43	0	0	17	co_linked	co_linked	1-1	1-1	True	60	0.121	0.124	gain	FP	FP
chr9	41789512	41804336	14824	44	0	0	18	co_linked	co_linked	1-1	1-1	True	62	0.121	0.124	gain	FP	FP
chr9	41789512	41804355	14843	44	0	0	18	co_linked	co_linked	1-1	1-1	True	62	0.121	0.139	gain	FP	FP
chr9	41789512	41804488	14976	44	0	0	18	co_linked	co_linked	1-1	1-1	True	62	0.121	0.128	gain	FP	FP
chr9	41789512	41804521	15009	44	0	0	18	co_linked	co_linked	1-1	1-1	True	62	0.121	0.127	gain	FP	FP
chr9	41789512	41804532	15020	44	0	0	18	co_linked	co_linked	1-1	1-1	True	62	0.121	0.129	gain	FP	FP
chr9	41789512	41804669	15157	44	0	0	18	co_linked	co_linked	1-1	1-1	True	62	0.121	0.117	gain	FP	FP
chr9	41789576	41789594	18	151	0	0	21	co_linked	co_linked	1-1	1-1	True	172	0.13	0.125	gain	FP	FP
chr9	41789576	41800600	11024	60	0	0	22	co_linked	co_linked	1-1	1-1	True	82	0.13	0.158	gain	FP	FP
chr9	41789576	41800945	11369	59	0	0	21	co_linked	co_linked	1-1	1-1	True	80	0.13	0.138	gain	FP	FP
chr9	41789576	41801692	12116	53	0	0	21	co_linked	co_linked	1-1	1-1	True	74	0.13	0.132	gain	FP	FP
chr9	41789576	41801701	12125	53	0	0	20	co_linked	co_linked	1-1	1-1	True	73	0.13	0.13	gain	FP	FP
chr9	41789576	41802249	12673	52	0	0	21	co_linked	co_linked	1-1	1-1	True	73	0.13	0.131	gain	FP	FP
chr9	41789576	41802377	12801	51	0	0	21	co_linked	co_linked	1-1	1-1	True	72	0.13	0.137	gain	FP	FP
chr9	41789576	41803018	13442	50	0	0	20	co_linked	co_linked	1-1	1-1	True	70	0.13	0.135	gain	FP	FP
chr9	41789576	41803150	13574	50	0	0	19	co_linked	co_linked	1-1	1-1	True	69	0.13	0.127	gain	FP	FP
chr9	41789576	41803328	13752	48	0	0	20	co_linked	co_linked	1-1	1-1	True	68	0.13	0.131	gain	FP	FP
chr9	41789576	41803710	14134	47	0	0	19	co_linked	co_linked	1-1	1-1	True	66	0.13	0.127	gain	FP	FP
chr9	41789576	41803728	14152	47	0	0	19	co_linked	co_linked	1-1	1-1	True	66	0.13	0.132	gain	FP	FP
chr9	41789576	41804318	14742	44	0	0	17	co_linked	co_linked	1-1	1-1	True	61	0.13	0.124	gain	FP	FP
chr9	41789576	41804336	14760	45	0	0	18	co_linked	co_linked	1-1	1-1	True	63	0.13	0.124	gain	FP	FP
chr9	41789576	41804355	14779	45	0	0	18	co_linked	co_linked	1-1	1-1	True	63	0.13	0.139	gain	FP	FP
chr9	41789576	41804488	14912	45	0	0	18	co_linked	co_linked	1-1	1-1	True	63	0.13	0.128	gain	FP	FP
chr9	41789576	41804521	14945	45	0	0	18	co_linked	co_linked	1-1	1-1	True	63	0.13	0.127	gain	FP	FP
chr9	41789576	41804532	14956	45	0	0	18	co_linked	co_linked	1-1	1-1	True	63	0.13	0.129	gain	FP	FP
chr9	41789576	41804669	15093	45	0	0	18	co_linked	co_linked	1-1	1-1	True	63	0.13	0.117	gain	FP	FP
chr9	41789594	41800600	11006	61	0	0	21	co_linked	co_linked	1-1	1-1	True	82	0.125	0.158	gain	FP	FP
chr9	41789594	41800945	11351	60	0	0	20	co_linked	co_linked	1-1	1-1	True	80	0.125	0.138	gain	FP	FP
chr9	41789594	41801692	12098	54	0	0	20	co_linked	co_linked	1-1	1-1	True	74	0.125	0.132	gain	FP	FP
chr9	41789594	41801701	12107	54	0	0	19	co_linked	co_linked	1-1	1-1	True	73	0.125	0.13	gain	FP	FP
chr9	41789594	41802249	12655	53	0	0	20	co_linked	co_linked	1-1	1-1	True	73	0.125	0.131	gain	FP	FP
chr9	41789594	41802377	12783	52	0	0	20	co_linked	co_linked	1-1	1-1	True	72	0.125	0.137	gain	FP	FP
chr9	41789594	41803018	13424	51	0	0	19	co_linked	co_linked	1-1	1-1	True	70	0.125	0.135	gain	FP	FP
chr9	41789594	41803150	13556	51	0	0	18	co_linked	co_linked	1-1	1-1	True	69	0.125	0.127	gain	FP	FP
chr9	41789594	41803328	13734	49	0	0	19	co_linked	co_linked	1-1	1-1	True	68	0.125	0.131	gain	FP	FP
chr9	41789594	41803710	14116	48	0	0	18	co_linked	co_linked	1-1	1-1	True	66	0.125	0.127	gain	FP	FP
chr9	41789594	41803728	14134	48	0	0	18	co_linked	co_linked	1-1	1-1	True	66	0.125	0.132	gain	FP	FP
chr9	41789594	41804318	14724	45	0	0	16	co_linked	co_linked	1-1	1-1	True	61	0.125	0.124	gain	FP	FP
chr9	41789594	41804336	14742	46	0	0	17	co_linked	co_linked	1-1	1-1	True	63	0.125	0.124	gain	FP	FP
chr9	41789594	41804355	14761	46	0	0	17	co_linked	co_linked	1-1	1-1	True	63	0.125	0.139	gain	FP	FP
chr9	41789594	41804488	14894	46	0	0	17	co_linked	co_linked	1-1	1-1	True	63	0.125	0.128	gain	FP	FP
chr9	41789594	41804521	14927	46	0	0	17	co_linked	co_linked	1-1	1-1	True	63	0.125	0.127	gain	FP	FP
chr9	41789594	41804532	14938	46	0	0	17	co_linked	co_linked	1-1	1-1	True	63	0.125	0.129	gain	FP	FP
chr9	41789594	41804669	15075	46	0	0	17	co_linked	co_linked	1-1	1-1	True	63	0.125	0.117	gain	FP	FP
chr9	41801692	41802249	557	176	0	0	28	co_linked	co_linked	1-1	1-1	True	204	0.132	0.131	gain	FP	FP
chr9	41801692	41802377	685	173	0	0	28	co_linked	co_linked	1-1	1-1	True	201	0.132	0.137	gain	FP	FP
chr9	41801692	41803018	1326	160	0	0	26	co_linked	co_linked	1-1	1-1	True	186	0.132	0.135	gain	FP	FP
chr9	41801692	41803150	1458	157	0	0	25	co_linked	co_linked	1-1	1-1	True	182	0.132	0.127	gain	FP	FP
chr9	41801692	41803728	2036	152	0	0	25	co_linked	co_linked	1-1	1-1	True	177	0.132	0.132	gain	FP	FP
chr9	41801692	41804318	2626	146	0	0	23	co_linked	co_linked	1-1	1-1	True	169	0.132	0.124	gain	FP	FP
chr9	41801692	41804336	2644	146	0	0	23	co_linked	co_linked	1-1	1-1	True	169	0.132	0.124	gain	FP	FP
chr9	41801692	41804488	2796	143	0	0	24	co_linked	co_linked	1-1	1-1	True	167	0.132	0.128	gain	FP	FP
chr9	41801692	41804521	2829	143	0	0	24	co_linked	co_linked	1-1	1-1	True	167	0.132	0.127	gain	FP	FP
chr9	41801692	41804532	2840	142	0	0	24	co_linked	co_linked	1-1	1-1	True	166	0.132	0.129	gain	FP	FP
chr9	41801701	41804336	2635	143	0	0	23	co_linked	co_linked	1-1	1-1	True	166	0.13	0.124	gain	FP	FP
chr9	41801701	41804669	2968	140	0	0	23	co_linked	co_linked	1-1	1-1	True	163	0.13	0.117	gain	FP	FP
chr9	41802249	41802377	128	179	0	0	28	co_linked	co_linked	1-1	1-1	True	207	0.131	0.137	gain	FP	FP
chr9	41802249	41803018	769	164	0	0	26	co_linked	co_linked	1-1	1-1	True	190	0.131	0.135	gain	FP	FP
chr9	41802249	41803150	901	161	0	0	25	co_linked	co_linked	1-1	1-1	True	186	0.131	0.127	gain	FP	FP
chr9	41802249	41803728	1479	156	0	0	25	co_linked	co_linked	1-1	1-1	True	181	0.131	0.132	gain	FP	FP
chr9	41802249	41804318	2069	148	0	0	23	co_linked	co_linked	1-1	1-1	True	171	0.131	0.124	gain	FP	FP
chr9	41802249	41804336	2087	148	0	0	23	co_linked	co_linked	1-1	1-1	True	171	0.131	0.124	gain	FP	FP
chr9	41802249	41804488	2239	145	0	0	24	co_linked	co_linked	1-1	1-1	True	169	0.131	0.128	gain	FP	FP
chr9	41802249	41804521	2272	145	0	0	24	co_linked	co_linked	1-1	1-1	True	169	0.131	0.127	gain	FP	FP
chr9	41802249	41804532	2283	143	0	0	24	co_linked	co_linked	1-1	1-1	True	167	0.131	0.129	gain	FP	FP
chr9	41802377	41803150	773	165	0	0	25	co_linked	co_linked	1-1	1-1	True	190	0.137	0.127	gain	FP	FP
chr9	41802377	41803728	1351	160	0	0	26	co_linked	co_linked	1-1	1-1	True	186	0.137	0.132	gain	FP	FP
chr9	41802377	41804318	1941	152	0	0	24	co_linked	co_linked	1-1	1-1	True	176	0.137	0.124	gain	FP	FP
chr9	41802377	41804336	1959	152	0	0	24	co_linked	co_linked	1-1	1-1	True	176	0.137	0.124	gain	FP	FP
chr9	41802377	41804488	2111	149	0	0	25	co_linked	co_linked	1-1	1-1	True	174	0.137	0.128	gain	FP	FP
chr9	41802377	41804521	2144	149	0	0	25	co_linked	co_linked	1-1	1-1	True	174	0.137	0.127	gain	FP	FP
chr9	41802377	41804532	2155	147	0	0	25	co_linked	co_linked	1-1	1-1	True	172	0.137	0.129	gain	FP	FP
chr9	41803150	41803151	1	172	0	0	26	co_linked	co_linked	1-1	1-1	True	198	0.127	0.13	gain	FP	FP
chr9	41803150	41803728	578	171	0	0	25	co_linked	co_linked	1-1	1-1	True	196	0.127	0.132	gain	FP	FP
chr9	41803150	41804318	1168	160	0	0	23	co_linked	co_linked	1-1	1-1	True	183	0.127	0.124	gain	FP	FP
chr9	41803150	41804336	1186	160	0	0	23	co_linked	co_linked	1-1	1-1	True	183	0.127	0.124	gain	FP	FP
chr9	41803150	41804488	1338	157	0	0	24	co_linked	co_linked	1-1	1-1	True	181	0.127	0.128	gain	FP	FP
chr9	41803150	41804521	1371	156	0	0	24	co_linked	co_linked	1-1	1-1	True	180	0.127	0.127	gain	FP	FP
chr9	41803150	41804532	1382	154	0	0	24	co_linked	co_linked	1-1	1-1	True	178	0.127	0.129	gain	FP	FP
chr9	41803728	41804318	590	165	0	0	25	co_linked	co_linked	1-1	1-1	True	190	0.132	0.124	gain	FP	FP
chr9	41803728	41804336	608	165	0	0	25	co_linked	co_linked	1-1	1-1	True	190	0.132	0.124	gain	FP	FP
chr9	41803728	41804488	760	162	0	0	26	co_linked	co_linked	1-1	1-1	True	188	0.132	0.128	gain	FP	FP
chr9	41803728	41804521	793	161	0	0	26	co_linked	co_linked	1-1	1-1	True	187	0.132	0.127	gain	FP	FP
chr9	41803728	41804532	804	159	0	0	26	co_linked	co_linked	1-1	1-1	True	185	0.132	0.129	gain	FP	FP
chr9	41804318	41804336	18	175	0	0	24	co_linked	co_linked	1-1	1-1	True	199	0.124	0.124	gain	FP	FP
chr9	41804318	41804488	170	172	0	0	25	co_linked	co_linked	1-1	1-1	True	197	0.124	0.128	gain	FP	FP
chr9	41804318	41804521	203	171	0	0	25	co_linked	co_linked	1-1	1-1	True	196	0.124	0.127	gain	FP	FP
chr9	41804318	41804532	214	169	0	0	25	co_linked	co_linked	1-1	1-1	True	194	0.124	0.129	gain	FP	FP
chr9	41804336	41804488	152	173	0	0	25	co_linked	co_linked	1-1	1-1	True	198	0.124	0.128	gain	FP	FP
chr9	41804336	41804521	185	172	0	0	25	co_linked	co_linked	1-1	1-1	True	197	0.124	0.127	gain	FP	FP
chr9	41804336	41804532	196	170	0	0	25	co_linked	co_linked	1-1	1-1	True	195	0.124	0.129	gain	FP	FP
chr9	41804336	41804669	333	171	0	0	24	co_linked	co_linked	1-1	1-1	True	195	0.124	0.117	gain	FP	FP
chr9	41804488	41804521	33	176	0	0	26	co_linked	co_linked	1-1	1-1	True	202	0.128	0.127	gain	FP	FP
chr9	41804488	41804532	44	174	0	0	26	co_linked	co_linked	1-1	1-1	True	200	0.128	0.129	gain	FP	FP
chr9	41804521	41804532	11	176	0	0	26	co_linked	co_linked	1-1	1-1	True	202	0.127	0.129	gain	FP	FP
chr9	42146708	42166476	19768	12	0	0	5	co_linked	co_linked	1-1	1-1	True	17	0.266	0.184	gain	TP	TP
chr9	61584302	61608494	24192	11	0	0	1	sparse	co_linked	1-1	1-1	True	12	0.148	0.224	gain	FP	FP
chr9	61584302	61608603	24301	11	0	0	1	sparse	co_linked	1-1	1-1	True	12	0.148	0.2	gain	FP	FP
chr9	61584302	61609185	24883	10	0	0	1	sparse	co_linked	1-1	1-1	True	11	0.148	0.197	gain	FP	FP
chr9	61584302	61609345	25043	11	0	0	1	sparse	co_linked	1-1	1-1	True	12	0.148	0.194	gain	FP	FP
chr9	61584302	61609395	25093	11	0	0	1	sparse	co_linked	1-1	1-1	True	12	0.148	0.156	gain	FP	FP
chr9	61584302	61609569	25267	10	0	0	1	sparse	co_linked	1-1	1-1	True	11	0.148	0.175	gain	FP	FP
chr9	61584302	61609794	25492	10	0	0	1	sparse	co_linked	1-1	1-1	True	11	0.148	0.203	gain	FP	FP
chr9	61584302	61610295	25993	10	0	0	1	sparse	co_linked	1-1	1-1	True	11	0.148	0.185	gain	FP	FP
chr9	61584302	61610464	26162	9	0	0	1	sparse	co_linked	1-1	1-1	True	10	0.148	0.197	gain	FP	FP
chr9	61584302	61611156	26854	10	0	0	1	sparse	co_linked	1-1	1-1	True	11	0.148	0.169	gain	FP	FP
chr9	61584302	61611316	27014	9	0	0	1	sparse	co_linked	1-1	1-1	True	10	0.148	0.141	gain	FP	FP
chr9	61584302	61611452	27150	9	0	0	1	sparse	co_linked	1-1	1-1	True	10	0.148	0.156	gain	FP	FP
chr9	61584302	61611568	27266	9	0	0	1	sparse	co_linked	1-1	1-1	True	10	0.148	0.133	gain	FP	FP
chr9	61584349	61584528	179	49	0	0	10	co_linked	co_linked	1-1	1-1	True	59	0.164	0.177	gain	FP	FP
chr9	61584349	61584684	335	46	0	0	10	co_linked	co_linked	1-1	1-1	True	56	0.164	0.2	gain	FP	FP
chr9	61584349	61584973	624	45	0	0	10	co_linked	co_linked	1-1	1-1	True	55	0.164	0.2	gain	FP	FP
chr9	61584349	61608494	24145	11	0	0	1	sparse	co_linked	1-1	1-1	True	12	0.164	0.224	gain	FP	FP
chr9	61584349	61608603	24254	11	0	0	1	sparse	co_linked	1-1	1-1	True	12	0.164	0.2	gain	FP	FP
chr9	61584349	61609185	24836	10	0	0	1	sparse	co_linked	1-1	1-1	True	11	0.164	0.197	gain	FP	FP
chr9	61584349	61609345	24996	11	0	0	1	sparse	co_linked	1-1	1-1	True	12	0.164	0.194	gain	FP	FP
chr9	61584349	61609395	25046	11	0	0	1	sparse	co_linked	1-1	1-1	True	12	0.164	0.156	gain	FP	FP
chr9	61584349	61609569	25220	10	0	0	1	sparse	co_linked	1-1	1-1	True	11	0.164	0.175	gain	FP	FP
chr9	61584349	61609794	25445	10	0	0	1	sparse	co_linked	1-1	1-1	True	11	0.164	0.203	gain	FP	FP
chr9	61584349	61610295	25946	10	0	0	1	sparse	co_linked	1-1	1-1	True	11	0.164	0.185	gain	FP	FP
chr9	61584349	61610464	26115	9	0	0	1	sparse	co_linked	1-1	1-1	True	10	0.164	0.197	gain	FP	FP
chr9	61584349	61611156	26807	10	0	0	1	sparse	co_linked	1-1	1-1	True	11	0.164	0.169	gain	FP	FP
chr9	61584349	61611316	26967	9	0	0	1	sparse	co_linked	1-1	1-1	True	10	0.164	0.141	gain	FP	FP
chr9	61584349	61611452	27103	9	0	0	1	sparse	co_linked	1-1	1-1	True	10	0.164	0.156	gain	FP	FP
chr9	61584349	61611568	27219	9	0	0	1	sparse	co_linked	1-1	1-1	True	10	0.164	0.133	gain	FP	FP
chr9	61584528	61584684	156	48	0	0	11	co_linked	co_linked	1-1	1-1	True	59	0.177	0.2	gain	FP	FP
chr9	61584528	61584973	445	47	0	0	11	co_linked	co_linked	1-1	1-1	True	58	0.177	0.2	gain	FP	FP
chr9	61584528	61608494	23966	11	0	0	1	sparse	co_linked	1-1	1-1	True	12	0.177	0.224	gain	FP	FP
chr9	61584528	61608603	24075	11	0	0	1	sparse	co_linked	1-1	1-1	True	12	0.177	0.2	gain	FP	FP
chr9	61584528	61609185	24657	10	0	0	1	sparse	co_linked	1-1	1-1	True	11	0.177	0.197	gain	FP	FP
chr9	61584528	61609345	24817	11	0	0	1	sparse	co_linked	1-1	1-1	True	12	0.177	0.194	gain	FP	FP
chr9	61584528	61609395	24867	11	0	0	1	sparse	co_linked	1-1	1-1	True	12	0.177	0.156	gain	FP	FP
chr9	61584528	61609569	25041	10	0	0	1	sparse	co_linked	1-1	1-1	True	11	0.177	0.175	gain	FP	FP
chr9	61584528	61609794	25266	10	0	0	1	sparse	co_linked	1-1	1-1	True	11	0.177	0.203	gain	FP	FP
chr9	61584528	61610295	25767	10	0	0	1	sparse	co_linked	1-1	1-1	True	11	0.177	0.185	gain	FP	FP
chr9	61584528	61610464	25936	9	0	0	1	sparse	co_linked	1-1	1-1	True	10	0.177	0.197	gain	FP	FP
chr9	61584528	61611156	26628	10	0	0	1	sparse	co_linked	1-1	1-1	True	11	0.177	0.169	gain	FP	FP
chr9	61584528	61611316	26788	9	0	0	1	sparse	co_linked	1-1	1-1	True	10	0.177	0.141	gain	FP	FP
chr9	61584528	61611452	26924	9	0	0	1	sparse	co_linked	1-1	1-1	True	10	0.177	0.156	gain	FP	FP
chr9	61584528	61611568	27040	9	0	0	1	sparse	co_linked	1-1	1-1	True	10	0.177	0.133	gain	FP	FP
chr9	61584684	61584973	289	46	0	0	12	co_linked	co_linked	1-1	1-1	True	58	0.2	0.2	gain	FP	FP
chr9	61584684	61608494	23810	11	0	0	1	sparse	co_linked	1-1	1-1	True	12	0.2	0.224	gain	FP	FP
chr9	61584684	61608603	23919	11	0	0	1	sparse	co_linked	1-1	1-1	True	12	0.2	0.2	gain	FP	FP
chr9	61584684	61609185	24501	10	0	0	1	sparse	co_linked	1-1	1-1	True	11	0.2	0.197	gain	FP	FP
chr9	61584684	61609345	24661	11	0	0	1	sparse	co_linked	1-1	1-1	True	12	0.2	0.194	gain	FP	FP
chr9	61584684	61609395	24711	11	0	0	1	sparse	co_linked	1-1	1-1	True	12	0.2	0.156	gain	FP	FP
chr9	61584684	61609569	24885	10	0	0	1	sparse	co_linked	1-1	1-1	True	11	0.2	0.175	gain	FP	FP
chr9	61584684	61609794	25110	10	0	0	1	sparse	co_linked	1-1	1-1	True	11	0.2	0.203	gain	FP	FP
chr9	61584684	61610295	25611	10	0	0	1	sparse	co_linked	1-1	1-1	True	11	0.2	0.185	gain	FP	FP
chr9	61584684	61610464	25780	9	0	0	1	sparse	co_linked	1-1	1-1	True	10	0.2	0.197	gain	FP	FP
chr9	61584684	61611156	26472	10	0	0	1	sparse	co_linked	1-1	1-1	True	11	0.2	0.169	gain	FP	FP
chr9	61584684	61611316	26632	9	0	0	1	sparse	co_linked	1-1	1-1	True	10	0.2	0.141	gain	FP	FP
chr9	61584684	61611452	26768	9	0	0	1	sparse	co_linked	1-1	1-1	True	10	0.2	0.156	gain	FP	FP
chr9	61584684	61611568	26884	9	0	0	1	sparse	co_linked	1-1	1-1	True	10	0.2	0.133	gain	FP	FP
chr9	61584960	61608494	23534	11	0	0	1	sparse	co_linked	1-1	1-1	True	12	0.2	0.224	gain	FP	FP
chr9	61584960	61608603	23643	11	0	0	1	sparse	co_linked	1-1	1-1	True	12	0.2	0.2	gain	FP	FP
chr9	61584960	61609185	24225	10	0	0	1	sparse	co_linked	1-1	1-1	True	11	0.2	0.197	gain	FP	FP
chr9	61584960	61609345	24385	11	0	0	1	sparse	co_linked	1-1	1-1	True	12	0.2	0.194	gain	FP	FP
chr9	61584960	61609395	24435	11	0	0	1	sparse	co_linked	1-1	1-1	True	12	0.2	0.156	gain	FP	FP
chr9	61584960	61609569	24609	10	0	0	1	sparse	co_linked	1-1	1-1	True	11	0.2	0.175	gain	FP	FP
chr9	61584960	61609794	24834	10	0	0	1	sparse	co_linked	1-1	1-1	True	11	0.2	0.203	gain	FP	FP
chr9	61584960	61610295	25335	10	0	0	1	sparse	co_linked	1-1	1-1	True	11	0.2	0.185	gain	FP	FP
chr9	61584960	61610464	25504	9	0	0	1	sparse	co_linked	1-1	1-1	True	10	0.2	0.197	gain	FP	FP
chr9	61584960	61611156	26196	10	0	0	1	sparse	co_linked	1-1	1-1	True	11	0.2	0.169	gain	FP	FP
chr9	61584960	61611316	26356	9	0	0	1	sparse	co_linked	1-1	1-1	True	10	0.2	0.141	gain	FP	FP
chr9	61584960	61611452	26492	9	0	0	1	sparse	co_linked	1-1	1-1	True	10	0.2	0.156	gain	FP	FP
chr9	61584960	61611568	26608	9	0	0	1	sparse	co_linked	1-1	1-1	True	10	0.2	0.133	gain	FP	FP
chr9	61584973	61608494	23521	11	0	0	1	sparse	co_linked	1-1	1-1	True	12	0.2	0.224	gain	FP	FP
chr9	61584973	61608603	23630	11	0	0	1	sparse	co_linked	1-1	1-1	True	12	0.2	0.2	gain	FP	FP
chr9	61584973	61609185	24212	10	0	0	1	sparse	co_linked	1-1	1-1	True	11	0.2	0.197	gain	FP	FP
chr9	61584973	61609345	24372	11	0	0	1	sparse	co_linked	1-1	1-1	True	12	0.2	0.194	gain	FP	FP
chr9	61584973	61609395	24422	11	0	0	1	sparse	co_linked	1-1	1-1	True	12	0.2	0.156	gain	FP	FP
chr9	61584973	61609569	24596	10	0	0	1	sparse	co_linked	1-1	1-1	True	11	0.2	0.175	gain	FP	FP
chr9	61584973	61609794	24821	10	0	0	1	sparse	co_linked	1-1	1-1	True	11	0.2	0.203	gain	FP	FP
chr9	61584973	61610295	25322	10	0	0	1	sparse	co_linked	1-1	1-1	True	11	0.2	0.185	gain	FP	FP
chr9	61584973	61610464	25491	9	0	0	1	sparse	co_linked	1-1	1-1	True	10	0.2	0.197	gain	FP	FP
chr9	61584973	61611156	26183	10	0	0	1	sparse	co_linked	1-1	1-1	True	11	0.2	0.169	gain	FP	FP
chr9	61584973	61611316	26343	9	0	0	1	sparse	co_linked	1-1	1-1	True	10	0.2	0.141	gain	FP	FP
chr9	61584973	61611452	26479	9	0	0	1	sparse	co_linked	1-1	1-1	True	10	0.2	0.156	gain	FP	FP
chr9	61584973	61611568	26595	9	0	0	1	sparse	co_linked	1-1	1-1	True	10	0.2	0.133	gain	FP	FP
chr9	61608603	61609185	582	52	0	0	13	co_linked	co_linked	1-1	1-1	True	65	0.2	0.197	gain	FP	FP
chr9	61608603	61609345	742	52	0	0	13	co_linked	co_linked	1-1	1-1	True	65	0.2	0.194	gain	FP	FP
chr9	61608603	61609794	1191	47	0	0	13	co_linked	co_linked	1-1	1-1	True	60	0.2	0.203	gain	FP	FP
chr9	61608603	61610295	1692	45	0	0	12	co_linked	co_linked	1-1	1-1	True	57	0.2	0.185	gain	FP	FP
chr9	61608603	61611156	2553	42	0	0	11	co_linked	co_linked	1-1	1-1	True	53	0.2	0.169	gain	FP	FP
chr9	61608603	61611452	2849	41	0	0	10	co_linked	co_linked	1-1	1-1	True	51	0.2	0.156	gain	FP	FP
chr9	61608603	61611568	2965	40	0	0	8	co_linked	co_linked	1-1	1-1	True	48	0.2	0.133	gain	FP	FP
chr9	61609185	61609345	160	52	0	0	13	co_linked	co_linked	1-1	1-1	True	65	0.197	0.194	gain	FP	FP
chr9	61609185	61609794	609	47	0	0	13	co_linked	co_linked	1-1	1-1	True	60	0.197	0.203	gain	FP	FP
chr9	61609185	61610295	1110	45	0	0	12	co_linked	co_linked	1-1	1-1	True	57	0.197	0.185	gain	FP	FP
chr9	61609185	61611156	1971	42	0	0	11	co_linked	co_linked	1-1	1-1	True	53	0.197	0.169	gain	FP	FP
chr9	61609185	61611452	2267	41	0	0	10	co_linked	co_linked	1-1	1-1	True	51	0.197	0.156	gain	FP	FP
chr9	61609185	61611568	2383	40	0	0	8	co_linked	co_linked	1-1	1-1	True	48	0.197	0.133	gain	FP	FP
chr9	61609345	61609794	449	49	0	0	13	co_linked	co_linked	1-1	1-1	True	62	0.194	0.203	gain	FP	FP
chr9	61609345	61610295	950	46	0	0	12	co_linked	co_linked	1-1	1-1	True	58	0.194	0.185	gain	FP	FP
chr9	61609345	61611156	1811	43	0	0	11	co_linked	co_linked	1-1	1-1	True	54	0.194	0.169	gain	FP	FP
chr9	61609345	61611452	2107	42	0	0	10	co_linked	co_linked	1-1	1-1	True	52	0.194	0.156	gain	FP	FP
chr9	61609345	61611568	2223	41	0	0	8	co_linked	co_linked	1-1	1-1	True	49	0.194	0.133	gain	FP	FP
chr9	61609395	61610295	900	47	0	0	10	co_linked	co_linked	1-1	1-1	True	57	0.156	0.185	gain	FP	FP
chr9	61609395	61611156	1761	44	0	0	9	co_linked	co_linked	1-1	1-1	True	53	0.156	0.169	gain	FP	FP
chr9	61609395	61611452	2057	43	0	0	9	co_linked	co_linked	1-1	1-1	True	52	0.156	0.156	gain	FP	FP
chr9	61609395	61611568	2173	41	0	0	7	co_linked	co_linked	1-1	1-1	True	48	0.156	0.133	gain	FP	FP
chr9	61609569	61611568	1999	41	0	0	7	co_linked	co_linked	1-1	1-1	True	48	0.175	0.133	gain	FP	FP
chr9	61609794	61610295	501	48	0	0	12	co_linked	co_linked	1-1	1-1	True	60	0.203	0.185	gain	FP	FP
chr9	61609794	61611156	1362	45	0	0	11	co_linked	co_linked	1-1	1-1	True	56	0.203	0.169	gain	FP	FP
chr9	61609794	61611452	1658	44	0	0	10	co_linked	co_linked	1-1	1-1	True	54	0.203	0.156	gain	FP	FP
chr9	61609794	61611568	1774	42	0	0	8	co_linked	co_linked	1-1	1-1	True	50	0.203	0.133	gain	FP	FP
chr9	61610295	61611156	861	50	0	0	11	co_linked	co_linked	1-1	1-1	True	61	0.185	0.169	gain	FP	FP
chr9	61610295	61611452	1157	49	0	0	10	co_linked	co_linked	1-1	1-1	True	59	0.185	0.156	gain	FP	FP
chr9	61610295	61611568	1273	47	0	0	8	co_linked	co_linked	1-1	1-1	True	55	0.185	0.133	gain	FP	FP
chr9	61611156	61611452	296	53	0	0	10	co_linked	co_linked	1-1	1-1	True	63	0.169	0.156	gain	FP	FP
chr9	61611156	61611568	412	51	0	0	8	co_linked	co_linked	1-1	1-1	True	59	0.169	0.133	gain	FP	FP
chr9	61611452	61611568	116	52	0	0	8	co_linked	co_linked	1-1	1-1	True	60	0.156	0.133	gain	FP	FP
chr9	69791531	69800658	9127	24	0	0	12	co_linked	co_linked	1-1	1-1	True	36	0.419	0.353	gain	TP	TP
chr9	70499968	70516265	16297	7	0	0	9	co_linked	co_linked	1-1	1-1	True	16	0.714	0.659	gain	TP	TP
chr9	70784836	70785277	441	72	0	0	21	co_linked	co_linked	1-1	1-1	True	93	0.245	0.282	gain	TP	TP
chr9	72377315	72413103	35788	1	0	0	7	co_linked	co_linked	2-1	2-1	True	8	0.747	0.667	gain	TP	TP
chr9	72842110	72865423	23313	4	0	0	3	co_linked	co_linked	1-1	1-1	True	7	0.263	0.402	gain	TP	TP
chr9	76429786	76458340	28554	7	0	0	3	co_linked	co_linked	1-1	1-1	True	10	0.33	0.292	gain	TP	TP
chr9	76553675	76585103	31428	2	0	0	5	co_linked	co_linked	1-1	1-1	True	7	0.713	0.66	gain	TP	TP
chr9	77084055	77105261	21206	10	0	0	2	co_linked	co_linked	2-1	2-1	True	12	0.427	0.273	gain	TP	TP
chr9	77583380	77614348	30968	4	0	0	3	co_linked	co_linked	2-1	2-1	True	7	0.591	0.629	gain	TP	TP
chr9	78112916	78142961	30045	3	0	0	4	co_linked	co_linked	2-1	2-1	True	7	0.645	0.56	gain	TP	TP
chr9	78673665	78693365	19700	8	0	0	6	co_linked	co_linked	1-1	1-1	True	14	0.398	0.33	gain	TP	TP
chr9	80200834	80223756	22922	2	0	0	5	co_linked	co_linked	2-1	2-1	True	7	0.663	0.667	gain	TP	TP
chr9	81763895	81784084	20189	12	0	0	3	co_linked	co_linked	1-1	1-1	True	15	0.281	0.298	gain	TP	TP
chr9	84127234	84145382	18148	12	0	0	9	co_linked	co_linked	2-1	2-1	True	21	0.402	0.286	gain	TP	TP
chr9	85614345	85626698	12353	5	0	0	24	co_linked	co_linked	2-1	2-1	True	29	0.73	0.753	gain	TP	TP
chr9	86362733	86383537	20804	7	0	0	4	co_linked	co_linked	2-1	2-1	True	11	0.297	0.269	gain	TP	TP
chr9	86929026	86937385	8359	32	0	0	16	co_linked	co_linked	1-1	1-1	True	48	0.348	0.369	gain	TP	TP
chr9	87335249	87369251	34002	1	0	0	6	co_linked	co_linked	1-1	1-1	True	7	0.643	0.683	gain	TP	TP
chr9	89404709	89408166	3457	58	0	0	4	co_linked	co_linked	2-1	2-1	True	62	0.081	0.05	gain	FP	FP
chr9	89873298	89877206	3908	54	0	0	3	co_linked	co_linked	2-1	2-1	True	57	0.067	0.056	gain	FP	FP
chr9	90608634	90615715	7081	34	0	0	14	co_linked	co_linked	3	3	True	48	0.273	0.262	gain	TP	TP
chr9	92872344	92885181	12837	14	0	0	9	co_linked	co_linked	1-1	1-1	True	23	0.341	0.397	gain	TP	TP
chr9	93261245	93265254	4009	17	0	0	29	co_linked	co_linked	1-1	1-1	True	46	0.643	0.566	gain	TP	TP
chr9	93854298	93874604	20306	7	0	0	4	co_linked	co_linked	1-1	1-1	True	11	0.373	0.303	gain	TP	TP
chr9	95660933	95685131	24198	8	0	0	7	co_linked	co_linked	1-1	1-1	True	15	0.337	0.427	gain	TP	TP
chr9	96251156	96262654	11498	18	0	0	7	co_linked	co_linked	1-1	1-1	True	25	0.328	0.316	gain	TP	TP
chr9	99435882	99455144	19262	11	0	0	3	co_linked	co_linked	2-1	2-1	True	14	0.307	0.209	gain	TP	TP
chr9	99435882	99460950	25068	3	0	0	4	co_linked	co_linked	2-1	2-1	True	7	0.307	0.296	gain	TP	TP
chr9	99455144	99460950	5806	27	0	0	9	co_linked	co_linked	2-1	2-1	True	36	0.209	0.296	gain	TP	TP
chr9	99813878	99826856	12978	26	0	0	15	co_linked	co_linked	2-1	2-1	True	41	0.418	0.385	gain	TP	TP
chr9	101369849	101399290	29441	4	0	0	2	co_linked	co_linked	2-1	2-1	True	6	0.69	0.273	gain	TP	TP
chr9	103167232	103198718	31486	6	0	0	1	sparse	co_linked	2-1	2-1	True	7	0.358	0.338	gain	TP	TP
chr9	103253958	103275345	21387	8	0	0	2	co_linked	co_linked	2-1	2-1	True	10	0.296	0.242	gain	TP	TP
chr9	103275345	103291695	16350	16	0	0	5	co_linked	co_linked	2-1	2-1	True	21	0.242	0.269	gain	TP	TP
chr9	103581957	103605067	23110	9	0	0	3	co_linked	co_linked	2-1	2-1	True	12	0.333	0.3	gain	TP	TP
chr9	104777020	104803699	26679	7	0	0	4	co_linked	co_linked	2-1	2-1	True	11	0.213	0.297	gain	TP	TP
chr9	105533956	105560049	26093	4	0	0	3	co_linked	co_linked	1-1	1-1	True	7	0.674	0.542	gain	TP	TP
chr9	105548555	105565432	16877	7	0	0	8	co_linked	co_linked	1-1	1-1	True	15	0.649	0.533	gain	TP	TP
chr9	105548555	105569505	20950	5	0	0	5	co_linked	co_linked	1-1	1-1	True	10	0.649	0.655	gain	TP	TP
chr9	105548555	105569630	21075	6	0	0	5	co_linked	co_linked	1-1	1-1	True	11	0.649	0.557	gain	TP	TP
chr9	105560049	105569505	9456	15	0	0	22	co_linked	co_linked	1-1	1-1	True	37	0.542	0.655	gain	TP	TP
chr9	105560049	105590000	29951	2	0	0	14	co_linked	co_linked	1-1	1-1	True	16	0.542	0.537	gain	TP	TP
chr9	105560049	105591988	31939	2	0	0	14	co_linked	co_linked	1-1	1-1	True	16	0.542	0.571	gain	TP	TP
chr9	105560049	105594812	34763	2	0	0	10	co_linked	co_linked	1-1	1-1	True	12	0.542	0.588	gain	TP	TP
chr9	105560049	105595124	35075	2	0	0	8	co_linked	co_linked	1-1	1-1	True	10	0.542	0.556	gain	TP	TP
chr9	105560049	105595130	35081	2	0	0	8	co_linked	co_linked	1-1	1-1	True	10	0.542	0.573	gain	TP	TP
chr9	105560049	105597070	37021	1	0	0	6	co_linked	co_linked	1-1	1-1	True	7	0.542	0.602	gain	TP	TP
chr9	105560049	105598001	37952	1	0	0	6	co_linked	co_linked	1-1	1-1	True	7	0.542	0.553	gain	TP	TP
chr9	105565432	105607844	42412	1	0	0	5	co_linked	co_linked	1-1	1-1	True	6	0.533	0.585	gain	TP	TP
chr9	105565432	105607846	42414	1	0	0	5	co_linked	co_linked	1-1	1-1	True	6	0.533	0.594	gain	TP	TP
chr9	105569505	105588203	18698	8	0	0	35	co_linked	co_linked	1-1	1-1	True	43	0.655	0.6	gain	TP	TP
chr9	105569505	105589681	20176	7	0	0	29	co_linked	co_linked	1-1	1-1	True	36	0.655	0.583	gain	TP	TP
chr9	105569505	105594812	25307	4	0	0	25	co_linked	co_linked	1-1	1-1	True	29	0.655	0.588	gain	TP	TP
chr9	105569505	105595130	25625	4	0	0	23	co_linked	co_linked	1-1	1-1	True	27	0.655	0.573	gain	TP	TP
chr9	105569505	105597070	27565	3	0	0	19	co_linked	co_linked	1-1	1-1	True	22	0.655	0.602	gain	TP	TP
chr9	105569505	105606540	37035	1	0	0	8	co_linked	co_linked	1-1	1-1	True	9	0.655	0.556	gain	TP	TP
chr9	105569505	105607844	38339	1	0	0	7	co_linked	co_linked	1-1	1-1	True	8	0.655	0.585	gain	TP	TP
chr9	105569505	105607846	38341	1	0	0	7	co_linked	co_linked	1-1	1-1	True	8	0.655	0.594	gain	TP	TP
chr9	105569630	105606540	36910	2	0	0	7	co_linked	co_linked	1-1	1-1	True	9	0.557	0.556	gain	TP	TP
chr9	105569630	105607844	38214	2	0	0	6	co_linked	co_linked	1-1	1-1	True	8	0.557	0.585	gain	TP	TP
chr9	105569630	105607846	38216	2	0	0	6	co_linked	co_linked	1-1	1-1	True	8	0.557	0.594	gain	TP	TP
chr9	105588203	105597070	8867	19	0	0	25	co_linked	co_linked	1-1	1-1	True	44	0.6	0.602	gain	TP	TP
chr9	105588203	105606540	18337	8	0	0	9	co_linked	co_linked	1-1	1-1	True	17	0.6	0.556	gain	TP	TP
chr9	105588203	105607844	19641	7	0	0	8	co_linked	co_linked	1-1	1-1	True	15	0.6	0.585	gain	TP	TP
chr9	105588203	105607846	19643	7	0	0	8	co_linked	co_linked	1-1	1-1	True	15	0.6	0.594	gain	TP	TP
chr9	105589681	105595130	5449	26	0	0	32	co_linked	co_linked	1-1	1-1	True	58	0.583	0.573	gain	TP	TP
chr9	105589681	105597070	7389	20	0	0	28	co_linked	co_linked	1-1	1-1	True	48	0.583	0.602	gain	TP	TP
chr9	105589681	105606540	16859	9	0	0	11	co_linked	co_linked	1-1	1-1	True	20	0.583	0.556	gain	TP	TP
chr9	105589681	105607844	18163	7	0	0	10	co_linked	co_linked	1-1	1-1	True	17	0.583	0.585	gain	TP	TP
chr9	105589681	105607846	18165	7	0	0	10	co_linked	co_linked	1-1	1-1	True	17	0.583	0.594	gain	TP	TP
chr9	105591988	105606540	14552	9	0	0	11	co_linked	co_linked	1-1	1-1	True	20	0.571	0.556	gain	TP	TP
chr9	105591988	105607844	15856	7	0	0	10	co_linked	co_linked	1-1	1-1	True	17	0.571	0.585	gain	TP	TP
chr9	105591988	105607846	15858	7	0	0	10	co_linked	co_linked	1-1	1-1	True	17	0.571	0.594	gain	TP	TP
chr9	105595124	105599931	4807	28	0	0	32	co_linked	co_linked	1-1	1-1	True	60	0.556	0.596	gain	TP	TP
chr9	105595130	105597070	1940	29	0	0	40	co_linked	co_linked	1-1	1-1	True	69	0.573	0.602	gain	TP	TP
chr9	105595130	105606540	11410	17	0	0	17	co_linked	co_linked	1-1	1-1	True	34	0.573	0.556	gain	TP	TP
chr9	105595130	105607844	12714	15	0	0	15	co_linked	co_linked	1-1	1-1	True	30	0.573	0.585	gain	TP	TP
chr9	105595130	105607846	12716	15	0	0	16	co_linked	co_linked	1-1	1-1	True	31	0.573	0.594	gain	TP	TP
chr9	105597070	105606540	9470	19	0	0	24	co_linked	co_linked	1-1	1-1	True	43	0.602	0.556	gain	TP	TP
chr9	105597070	105607844	10774	16	0	0	22	co_linked	co_linked	1-1	1-1	True	38	0.602	0.585	gain	TP	TP
chr9	105597070	105607846	10776	16	0	0	23	co_linked	co_linked	1-1	1-1	True	39	0.602	0.594	gain	TP	TP
chr9	105598001	105606540	8539	19	0	0	25	co_linked	co_linked	1-1	1-1	True	44	0.553	0.556	gain	TP	TP
chr9	105598001	105607844	9843	16	0	0	23	co_linked	co_linked	1-1	1-1	True	39	0.553	0.585	gain	TP	TP
chr9	105598001	105607846	9845	16	0	0	24	co_linked	co_linked	1-1	1-1	True	40	0.553	0.594	gain	TP	TP
chr9	105607844	105607846	2	39	0	0	55	co_linked	co_linked	1-1	1-1	True	94	0.585	0.594	gain	TP	TP
chr9	107759894	107773457	13563	0	0	0	11	co_linked	co_linked	2-1	2-1	True	11	0.962	0.907	loh	TP	TP
chr9	107759894	107773682	13788	0	0	0	9	co_linked	co_linked	2-1	2-1	True	9	0.962	0.96	loh	TP	TP
chr9	110347769	110378385	30616	1	0	0	7	co_linked	co_linked	1-1	1-1	True	8	0.965	0.969	loh	TP	TP
chr9	112012048	112020957	8909	33	0	0	3	co_linked	co_linked	1-1	1-1	True	36	0.043	0.059	loh	FP	FP
chr9	113387662	113387776	114	1	0	0	39	co_linked	co_linked	1-1	1-1	True	40	0.976	0.976	loh	TP	TP
chr9	114576609	114587167	10558	0	0	0	19	co_linked	co_linked	1-1	1-1	True	19	0.944	1.0	loh	TP	TP
chr9	114960316	114983264	22948	0	0	0	11	co_linked	co_linked	1-1	1-1	True	11	0.969	0.983	loh	TP	TP
chr9	115910328	115915473	5145	16	0	0	24	co_linked	co_linked	2-1	2-1	True	40	0.484	0.557	loh	TP	TP
chr9	118155247	118177878	22631	0	0	0	9	co_linked	co_linked	2-1	2-1	True	9	0.982	0.945	loh	TP	TP
chr9	118177878	118188991	11113	2	0	0	14	co_linked	co_linked	2-1	2-1	True	16	0.945	0.914	loh	TP	TP
chr9	121209334	121211746	2412	47	0	0	4	co_linked	co_linked	2-1	2-1	True	51	0.059	0.061	loh	FP	FP
chr9	124807065	124807067	2	0	0	0	50	co_linked	co_linked	2-1	2-1	True	50	0.98	1.0	loh	TP	TP
chr9	127111302	127113054	1752	48	0	0	5	co_linked	co_linked	1-1	1-1	True	53	0.1	0.079	loh	FP	FP
chr9	130552104	130570545	18441	14	0	0	4	co_linked	co_linked	2-1	2-1	True	18	0.306	0.354	gain	TP	TP
chr9	131710636	131728967	18331	16	0	0	4	co_linked	co_linked	2-1	2-1	True	20	0.182	0.259	gain	TP	TP
chr9	132468785	132486267	17482	4	0	0	10	co_linked	co_linked	1-1	1-1	True	14	0.72	0.691	gain	TP	TP
chr9	134334447	134336571	2124	56	0	0	2	co_linked	co_linked	1-1	1-1	True	58	0.054	0.051	gain	FP	FP
chr9	134372863	134393143	20280	2	0	0	10	co_linked	co_linked	1-1	1-1	True	12	0.684	0.714	gain	TP	TP
chr9	135568368	135579693	11325	11	0	0	12	co_linked	co_linked	1-1	1-1	True	23	0.688	0.552	gain	TP	TP
chr9	136089285	136115760	26475	3	0	0	3	co_linked	co_linked	2-1	2-1	True	6	0.591	0.694	gain	TP	TP
chr9	136308443	136310013	1570	68	0	0	3	co_linked	co_linked	1-1	1-1	True	71	0.035	0.034	gain	FP	FP
chr9	136749929	136764600	14671	21	0	0	4	co_linked	co_linked	1-1	1-1	True	25	0.198	0.165	gain	TP	TP
chr9	137227882	137227883	1	54	0	0	21	co_linked	co_linked	2-1	2-1	True	75	0.28	0.299	gain	TP	TP
chr14	18667073	18668522	1449	107	0	0	18	co_linked	co_linked	1-1	1-1	True	125	0.138	0.134	gain	FP	FP
chr14	19725785	19753921	28136	27	0	0	6	co_linked	co_linked	1-1	1-1	True	33	0.179	0.193	gain	TP	TP
chr14	19725862	19753921	28059	30	0	0	6	co_linked	co_linked	1-1	1-1	True	36	0.165	0.193	gain	TP	TP
chr14	19753921	19786114	32193	14	0	0	2	co_linked	co_linked	1-1	1-1	True	16	0.193	0.172	gain	TP	TP
chr14	19789123	19825618	36495	6	0	0	1	sparse	co_linked	2-1	2-1	True	7	0.224	0.147	gain	TP	TP
chr14	19795298	19825618	30320	15	0	0	3	co_linked	co_linked	2-1	2-1	True	18	0.224	0.147	gain	TP	TP
chr14	19893178	19925953	32775	15	0	0	1	sparse	co_linked	1-1	1-1	True	16	0.179	0.189	gain	TP	TP
chr14	20634504	20644426	9922	28	0	0	23	co_linked	co_linked	1-1	1-1	True	51	0.479	0.426	gain	TP	TP
chr14	21968886	21983514	14628	16	0	0	7	co_linked	co_linked	1-1	1-1	True	23	0.202	0.267	gain	TP	TP
chr14	22898032	22930916	32884	7	0	0	3	co_linked	co_linked	2-1	2-1	True	10	0.388	0.5	gain	TP	TP
chr14	25553919	25581709	27790	4	0	0	5	co_linked	co_linked	2-1	2-1	True	9	0.344	0.397	gain	TP	TP
chr14	26447828	26448938	1110	48	0	0	32	co_linked	co_linked	1-1	1-1	True	80	0.417	0.419	gain	TP	TP
chr14	26673038	26673039	1	33	0	0	63	co_linked	co_linked	2-1	2-1	True	96	0.656	0.66	gain	TP	TP
chr14	29084809	29113620	28811	5	0	0	4	co_linked	co_linked	1-1	1-1	True	9	0.441	0.456	gain	TP	TP
chr14	30470366	30470387	21	23	0	0	48	co_linked	co_linked	2-1	2-1	True	71	0.667	0.653	gain	TP	TP
chr14	31750149	31779401	29252	5	0	0	3	co_linked	co_linked	3	3	True	8	0.355	0.326	gain	TP	TP
chr14	32765739	32791292	25553	6	0	0	7	co_linked	co_linked	1-1	1-1	True	13	0.359	0.293	gain	TP	TP
chr14	32773881	32784196	10315	12	0	0	20	co_linked	co_linked	2-1	2-1	True	32	0.53	0.653	gain	TP	TP
chr14	33728889	33748302	19413	5	0	0	8	co_linked	co_linked	2-1	2-1	True	13	0.543	0.742	gain	TP	TP
chr14	33896493	33922892	26399	9	0	0	5	co_linked	co_linked	2-1	2-1	True	14	0.357	0.259	gain	TP	TP
chr14	34269633	34307601	37968	2	0	0	4	co_linked	co_linked	1-1	1-1	True	6	0.349	0.35	gain	TP	TP
chr14	34731464	34731469	5	70	0	0	27	co_linked	co_linked	1-1	1-1	True	97	0.276	0.278	gain	TP	TP
chr14	34731464	34753890	22426	13	0	0	6	co_linked	co_linked	1-1	1-1	True	19	0.276	0.292	gain	TP	TP
chr14	34731469	34753890	22421	13	0	0	6	co_linked	co_linked	1-1	1-1	True	19	0.278	0.292	gain	TP	TP
chr14	34731500	34753890	22390	13	0	0	6	co_linked	co_linked	1-1	1-1	True	19	0.263	0.292	gain	TP	TP
chr14	34744221	34769012	24791	6	0	0	1	sparse	co_linked	1-1	1-1	True	7	0.325	0.375	gain	TP	TP
chr14	34753890	34769012	15122	18	0	0	7	co_linked	co_linked	1-1	1-1	True	25	0.292	0.375	gain	TP	TP
chr14	35059555	35081419	21864	7	0	0	5	co_linked	co_linked	1-1	1-1	True	12	0.341	0.463	gain	TP	TP
chr14	35427807	35438216	10409	22	0	0	12	co_linked	co_linked	1-1	1-1	True	34	0.282	0.386	gain	TP	TP
chr14	35475926	35489540	13614	9	0	0	15	co_linked	co_linked	2-1	2-1	True	24	0.554	0.59	gain	TP	TP
chr14	38451023	38467317	16294	6	0	0	4	co_linked	co_linked	1-1	1-1	True	10	0.5	0.421	loh	TP	TP
chr14	38811339	38827025	15686	0	0	0	21	co_linked	co_linked	1-1	1-1	True	21	0.933	0.986	loh	TP	TP
chr14	40583683	40597045	13362	10	0	0	7	co_linked	co_linked	2-1	2-1	True	17	0.385	0.451	loh	TP	TP
chr14	40598415	40613381	14966	0	0	0	12	co_linked	co_linked	2-1	2-1	True	12	0.981	0.959	loh	TP	TP
chr14	44485797	44511516	25719	0	0	0	9	co_linked	co_linked	2-1	2-1	True	9	0.983	0.904	loh	TP	TP
chr14	45225115	45233722	8607	2	0	0	24	co_linked	co_linked	1-1	1-1	True	26	0.964	0.948	loh	TP	TP
chr14	46534156	46546093	11937	17	0	0	19	co_linked	co_linked	1-1	1-1	True	36	0.579	0.472	gain	TP	TP
chr14	46534156	46550451	16295	9	0	0	16	co_linked	co_linked	1-1	1-1	True	25	0.579	0.444	gain	TP	TP
chr14	46534156	46552739	18583	9	0	0	15	co_linked	co_linked	1-1	1-1	True	24	0.579	0.492	gain	TP	TP
chr14	48438669	48470038	31369	4	0	0	6	co_linked	co_linked	2-1	2-1	True	10	0.538	0.426	gain	TP	TP
chr14	50287100	50304919	17819	17	0	0	8	co_linked	co_linked	2-1	2-1	True	25	0.431	0.462	gain	TP	TP
chr14	50944813	50964845	20032	11	0	0	11	co_linked	co_linked	2-1	2-1	True	22	0.533	0.49	gain	TP	TP
chr14	50944813	50972467	27654	8	0	0	6	co_linked	co_linked	2-1	2-1	True	14	0.533	0.527	gain	TP	TP
chr14	50944813	50972487	27674	8	0	0	6	co_linked	co_linked	2-1	2-1	True	14	0.533	0.504	gain	TP	TP
chr14	51389554	51419975	30421	5	0	0	5	co_linked	co_linked	1-1	1-1	True	10	0.426	0.508	gain	TP	TP
chr14	51393493	51419975	26482	7	0	0	6	co_linked	co_linked	1-1	1-1	True	13	0.504	0.508	gain	TP	TP
chr14	51444471	51465340	20869	9	0	0	12	co_linked	co_linked	2-1	2-1	True	21	0.532	0.509	gain	TP	TP
chr14	51444471	51467842	23371	8	0	0	11	co_linked	co_linked	2-1	2-1	True	19	0.532	0.491	gain	TP	TP
chr14	51444471	51467845	23374	8	0	0	11	co_linked	co_linked	2-1	2-1	True	19	0.532	0.491	gain	TP	TP
chr14	51465340	51467842	2502	46	0	0	49	co_linked	co_linked	2-1	2-1	True	95	0.509	0.491	gain	TP	TP
chr14	51465340	51467845	2505	46	0	0	49	co_linked	co_linked	2-1	2-1	True	95	0.509	0.491	gain	TP	TP
chr14	51467842	51467845	3	58	0	0	56	co_linked	co_linked	2-1	2-1	True	114	0.491	0.491	gain	TP	TP
chr14	52116776	52148135	31359	6	0	0	2	co_linked	co_linked	1-1	1-1	True	8	0.475	0.456	gain	TP	TP
chr14	53609249	53635547	26298	5	0	0	1	sparse	co_linked	1-1	1-1	True	6	0.386	0.511	gain	TP	TP
chr14	55787604	55815534	27930	10	0	0	2	co_linked	co_linked	2-1	2-1	True	12	0.165	0.165	gain	TP	TP
chr14	57618044	57646848	28804	9	0	0	6	co_linked	co_linked	2-1	2-1	True	15	0.243	0.281	gain	TP	TP
chr14	58041434	58061455	20021	16	0	0	12	co_linked	co_linked	1-1	1-1	True	28	0.328	0.257	gain	TP	TP
chr14	58737738	58753045	15307	20	0	0	6	co_linked	co_linked	1-1	1-1	True	26	0.246	0.28	gain	TP	TP
chr14	65137635	65149294	11659	25	0	0	11	co_linked	co_linked	1-1	1-1	True	36	0.378	0.304	gain	TP	TP
chr14	76840251	76857485	17234	0	0	0	25	co_linked	co_linked	1-1	1-1	True	25	0.98	0.982	gain	TP	TP
chr14	77854696	77880158	25462	3	0	0	4	co_linked	co_linked	2-1	2-1	True	7	0.45	0.533	gain	TP	TP
chr14	78767281	78788606	21325	14	0	0	9	co_linked	co_linked	1-1	1-1	True	23	0.422	0.402	gain	TP	TP
chr14	79176700	79204624	27924	8	0	0	3	co_linked	co_linked	2-1	2-1	True	11	0.281	0.252	gain	TP	TP
chr14	82430873	82430875	2	93	0	0	30	co_linked	co_linked	1-1	1-1	True	123	0.242	0.238	gain	TP	TP
chr14	83594923	83625230	30307	1	0	0	5	co_linked	co_linked	2-1	2-1	True	6	0.742	0.808	gain	TP	TP
chr14	85468131	85501214	33083	10	0	0	3	co_linked	co_linked	1-1	1-1	True	13	0.182	0.205	gain	TP	TP
chr14	87258594	87270334	11740	14	0	0	51	co_linked	co_linked	1-1	1-1	True	65	0.776	0.807	gain	TP	TP
chr14	87741546	87774030	32484	8	0	0	2	co_linked	co_linked	2-1	2-1	True	10	0.219	0.164	gain	TP	TP
chr14	88938234	88966721	28487	6	0	0	10	co_linked	co_linked	2-1	2-1	True	16	0.545	0.487	gain	TP	TP
chr14	91843054	91843391	337	122	0	0	19	co_linked	co_linked	1-1	1-1	True	141	0.136	0.134	gain	TP	TP
chr14	92104653	92132164	27511	10	0	0	3	co_linked	co_linked	2-1	2-1	True	13	0.143	0.171	gain	TP	TP
chr14	92307129	92328006	20877	15	0	0	5	co_linked	co_linked	2-1	2-1	True	20	0.226	0.209	gain	TP	TP
chr14	92317981	92328006	10025	52	0	0	11	co_linked	co_linked	2-1	2-1	True	63	0.154	0.209	gain	TP	TP
chr14	93098649	93098650	1	108	0	0	34	co_linked	co_linked	2-1	2-1	True	142	0.238	0.239	gain	TP	TP
chr14	93608726	93647512	38786	4	0	0	4	co_linked	co_linked	1-1	1-1	True	8	0.492	0.386	gain	TP	TP
chr14	93900601	93918727	18126	33	0	0	8	co_linked	co_linked	2-1	2-1	True	41	0.206	0.131	gain	TP	TP
chr14	94912719	94912720	1	101	0	0	60	co_linked	co_linked	2-1	2-1	True	161	0.368	0.373	gain	TP	TP
chr14	98476482	98505849	29367	7	0	0	1	sparse	co_linked	1-1	1-1	True	8	0.229	0.295	gain	TP	TP
chr14	103137848	103142486	4638	0	0	0	43	co_linked	co_linked	1-1	1-1	True	43	1.0	1.0	gain	TP	TP
chr14	106258941	106259259	318	68	0	0	22	co_linked	co_linked	3	3	True	90	0.237	0.273	gain	FP	FP
chr14	106259420	106259450	30	73	0	0	25	co_linked	co_linked	3	3	True	98	0.257	0.27	gain	FP	FP
chr14	106259420	106259478	58	71	0	0	24	co_linked	co_linked	3	3	True	95	0.257	0.26	gain	FP	FP
chr14	106259420	106259531	111	73	0	0	25	co_linked	co_linked	3	3	True	98	0.257	0.27	gain	FP	FP
chr14	106259450	106259478	28	70	0	0	24	co_linked	co_linked	3	3	True	94	0.27	0.26	gain	FP	FP
chr14	106259450	106259531	81	72	0	0	26	co_linked	co_linked	3	3	True	98	0.27	0.27	gain	FP	FP
chr14	106259478	106259531	53	70	0	0	24	co_linked	co_linked	3	3	True	94	0.26	0.27	gain	FP	FP
chr14	106259978	106260007	29	67	0	0	29	co_linked	co_linked	3	3	True	96	0.316	0.303	gain	FP	FP
chr14	106270702	106272649	1947	52	0	0	33	co_linked	co_linked	3	3	True	85	0.45	0.33	gain	TP	FP
chr14	106270702	106272853	2151	52	0	0	30	co_linked	co_linked	3	3	True	82	0.45	0.301	gain	TP	FP
chr14	106270702	106272981	2279	48	0	0	31	co_linked	co_linked	3	3	True	79	0.45	0.327	gain	TP	FP
chr14	106270702	106273055	2353	51	0	0	30	co_linked	co_linked	3	3	True	81	0.45	0.31	gain	TP	FP
chr14	106270702	106273615	2913	50	0	0	26	co_linked	co_linked	3	3	True	76	0.45	0.281	gain	TP	FP
chr14	106271777	106272627	850	61	0	0	31	co_linked	co_linked	3	3	True	92	0.356	0.32	gain	FP	FP
chr14	106272649	106272853	204	68	0	0	30	co_linked	co_linked	3	3	True	98	0.33	0.301	gain	FP	FP
chr14	106272649	106272981	332	62	0	0	31	co_linked	co_linked	3	3	True	93	0.33	0.327	gain	FP	FP
chr14	106272649	106273055	406	66	0	0	30	co_linked	co_linked	3	3	True	96	0.33	0.31	gain	FP	FP
chr14	106272649	106273615	966	62	0	0	26	co_linked	co_linked	3	3	True	88	0.33	0.281	gain	FP	FP
chr14	106272853	106272981	128	66	0	0	31	co_linked	co_linked	3	3	True	97	0.301	0.327	gain	FP	FP
chr14	106272853	106273055	202	69	0	0	31	co_linked	co_linked	3	3	True	100	0.301	0.31	gain	FP	FP
chr14	106272853	106273615	762	64	0	0	27	co_linked	co_linked	3	3	True	91	0.301	0.281	gain	FP	FP
chr14	106272981	106273055	74	64	0	0	31	co_linked	co_linked	3	3	True	95	0.327	0.31	gain	FP	FP
chr14	106272981	106273615	634	59	0	0	27	co_linked	co_linked	3	3	True	86	0.327	0.281	gain	FP	FP
chr14	106273055	106273615	560	63	0	0	27	co_linked	co_linked	3	3	True	90	0.31	0.281	gain	FP	FP
chr14	106275683	106279145	3462	0	0	0	47	co_linked	co_linked	1-1	1-1	True	47	0.959	1.0	gain	TP	TP
chr14	106275683	106284815	9132	0	0	0	30	co_linked	co_linked	1-1	1-1	True	30	0.959	1.0	gain	TP	TP
chr14	106275683	106289571	13888	0	0	0	25	co_linked	co_linked	1-1	1-1	True	25	0.959	0.988	gain	TP	TP
chr14	106275683	106290171	14488	0	0	0	23	co_linked	co_linked	1-1	1-1	True	23	0.959	0.976	gain	TP	TP
chr14	106275683	106290221	14538	0	0	0	22	co_linked	co_linked	1-1	1-1	True	22	0.959	1.0	gain	TP	TP
chr14	106275683	106290913	15230	0	0	0	22	co_linked	co_linked	1-1	1-1	True	22	0.959	0.977	gain	TP	TP
chr14	106275683	106291638	15955	0	0	0	23	co_linked	co_linked	1-1	1-1	True	23	0.959	1.0	gain	TP	TP
chr14	106275683	106292249	16566	0	0	0	20	co_linked	co_linked	1-1	1-1	True	20	0.959	1.0	gain	TP	TP
chr14	106275683	106298874	23191	0	0	0	17	co_linked	co_linked	1-1	1-1	True	17	0.959	0.954	gain	TP	TP
chr14	106275683	106300830	25147	0	0	0	14	co_linked	co_linked	1-1	1-1	True	14	0.959	0.979	gain	TP	TP
chr14	106275683	106305342	29659	0	0	0	7	co_linked	co_linked	1-1	1-1	True	7	0.959	0.965	gain	TP	TP
chr14	106279145	106284815	5670	0	0	0	37	co_linked	co_linked	1-1	1-1	True	37	1.0	1.0	gain	TP	TP
chr14	106279145	106289571	10426	0	0	0	31	co_linked	co_linked	1-1	1-1	True	31	1.0	0.988	gain	TP	TP
chr14	106279145	106290171	11026	0	0	0	28	co_linked	co_linked	1-1	1-1	True	28	1.0	0.976	gain	TP	TP
chr14	106279145	106290221	11076	0	0	0	27	co_linked	co_linked	1-1	1-1	True	27	1.0	1.0	gain	TP	TP
chr14	106279145	106290913	11768	0	0	0	25	co_linked	co_linked	1-1	1-1	True	25	1.0	0.977	gain	TP	TP
chr14	106279145	106291638	12493	0	0	0	26	co_linked	co_linked	1-1	1-1	True	26	1.0	1.0	gain	TP	TP
chr14	106279145	106292249	13104	0	0	0	22	co_linked	co_linked	1-1	1-1	True	22	1.0	1.0	gain	TP	TP
chr14	106279145	106298874	19729	0	0	0	17	co_linked	co_linked	1-1	1-1	True	17	1.0	0.954	gain	TP	TP
chr14	106279145	106300830	21685	0	0	0	15	co_linked	co_linked	1-1	1-1	True	15	1.0	0.979	gain	TP	TP
chr14	106279145	106305342	26197	0	0	0	8	co_linked	co_linked	1-1	1-1	True	8	1.0	0.965	gain	TP	TP
chr14	106279145	106309134	29989	0	0	0	6	co_linked	co_linked	1-1	1-1	True	6	1.0	0.944	gain	TP	TP
chr14	106280839	106305342	24503	0	0	0	10	co_linked	co_linked	1-1	1-1	True	10	0.943	0.965	gain	TP	TP
chr14	106280839	106309134	28295	0	0	0	7	co_linked	co_linked	1-1	1-1	True	7	0.943	0.944	gain	TP	TP
chr14	106280839	106310346	29507	0	0	0	6	co_linked	co_linked	1-1	1-1	True	6	0.943	0.926	gain	TP	TP
chr14	106284815	106290221	5406	0	0	0	49	co_linked	co_linked	1-1	1-1	True	49	1.0	1.0	gain	TP	TP
chr14	106284815	106290913	6098	0	0	0	45	co_linked	co_linked	1-1	1-1	True	45	1.0	0.977	gain	TP	TP
chr14	106284815	106291638	6823	0	0	0	45	co_linked	co_linked	1-1	1-1	True	45	1.0	1.0	gain	TP	TP
chr14	106284815	106292249	7434	0	0	0	40	co_linked	co_linked	1-1	1-1	True	40	1.0	1.0	gain	TP	TP
chr14	106284815	106298874	14059	0	0	0	27	co_linked	co_linked	1-1	1-1	True	27	1.0	0.954	gain	TP	TP
chr14	106284815	106300830	16015	0	0	0	24	co_linked	co_linked	1-1	1-1	True	24	1.0	0.979	gain	TP	TP
chr14	106284815	106305342	20527	0	0	0	16	co_linked	co_linked	1-1	1-1	True	16	1.0	0.965	gain	TP	TP
chr14	106284815	106309134	24319	0	0	0	13	co_linked	co_linked	1-1	1-1	True	13	1.0	0.944	gain	TP	TP
chr14	106284815	106313290	28475	0	0	0	8	co_linked	co_linked	1-1	1-1	True	8	1.0	1.0	gain	TP	TP
chr14	106284815	106313793	28978	0	0	0	9	co_linked	co_linked	1-1	1-1	True	9	1.0	0.966	gain	TP	TP
chr14	106284815	106315485	30670	0	0	0	9	co_linked	co_linked	1-1	1-1	True	9	1.0	0.986	gain	TP	TP
chr14	106288214	106309134	20920	0	0	0	14	co_linked	co_linked	1-1	1-1	True	14	0.912	0.944	gain	TP	TP
chr14	106288214	106313290	25076	0	0	0	8	co_linked	co_linked	1-1	1-1	True	8	0.912	1.0	gain	TP	TP
chr14	106289177	106292249	3072	0	0	0	58	co_linked	co_linked	1-1	1-1	True	58	0.977	1.0	gain	TP	TP
chr14	106289177	106292390	3213	1	0	0	56	co_linked	co_linked	1-1	1-1	True	57	0.977	0.989	gain	TP	TP
chr14	106289177	106298874	9697	0	0	0	37	co_linked	co_linked	1-1	1-1	True	37	0.977	0.954	gain	TP	TP
chr14	106289177	106300830	11653	0	0	0	33	co_linked	co_linked	1-1	1-1	True	33	0.977	0.979	gain	TP	TP
chr14	106289177	106309134	19957	0	0	0	17	co_linked	co_linked	1-1	1-1	True	17	0.977	0.944	gain	TP	TP
chr14	106289177	106313290	24113	0	0	0	10	co_linked	co_linked	1-1	1-1	True	10	0.977	1.0	gain	TP	TP
chr14	106289177	106313793	24616	0	0	0	11	co_linked	co_linked	1-1	1-1	True	11	0.977	0.966	gain	TP	TP
chr14	106289177	106315485	26308	0	0	0	11	co_linked	co_linked	1-1	1-1	True	11	0.977	0.986	gain	TP	TP
chr14	106289571	106300830	11259	0	0	0	35	co_linked	co_linked	1-1	1-1	True	35	0.988	0.979	gain	TP	TP
chr14	106289571	106309134	19563	0	0	0	18	co_linked	co_linked	1-1	1-1	True	18	0.988	0.944	gain	TP	TP
chr14	106289571	106313290	23719	0	0	0	10	co_linked	co_linked	1-1	1-1	True	10	0.988	1.0	gain	TP	TP
chr14	106289571	106313793	24222	0	0	0	11	co_linked	co_linked	1-1	1-1	True	11	0.988	0.966	gain	TP	TP
chr14	106289571	106315485	25914	0	0	0	11	co_linked	co_linked	1-1	1-1	True	11	0.988	0.986	gain	TP	TP
chr14	106290221	106291638	1417	0	0	0	74	co_linked	co_linked	1-1	1-1	True	74	1.0	1.0	gain	TP	TP
chr14	106290221	106292249	2028	0	0	0	67	co_linked	co_linked	1-1	1-1	True	67	1.0	1.0	gain	TP	TP
chr14	106290221	106298874	8653	0	0	0	41	co_linked	co_linked	1-1	1-1	True	41	1.0	0.954	gain	TP	TP
chr14	106290221	106300830	10609	0	0	0	38	co_linked	co_linked	1-1	1-1	True	38	1.0	0.979	gain	TP	TP
chr14	106290221	106309134	18913	0	0	0	20	co_linked	co_linked	1-1	1-1	True	20	1.0	0.944	gain	TP	TP
chr14	106290221	106313290	23069	0	0	0	12	co_linked	co_linked	1-1	1-1	True	12	1.0	1.0	gain	TP	TP
chr14	106290221	106313793	23572	0	0	0	13	co_linked	co_linked	1-1	1-1	True	13	1.0	0.966	gain	TP	TP
chr14	106290221	106315485	25264	0	0	0	12	co_linked	co_linked	1-1	1-1	True	12	1.0	0.986	gain	TP	TP
chr14	106290221	106319169	28948	0	0	0	6	co_linked	co_linked	1-1	1-1	True	6	1.0	1.0	gain	TP	TP
chr14	106290221	106320447	30226	0	0	0	6	co_linked	co_linked	1-1	1-1	True	6	1.0	1.0	gain	TP	TP
chr14	106291638	106292249	611	0	0	0	80	co_linked	co_linked	1-1	1-1	True	80	1.0	1.0	gain	TP	TP
chr14	106291638	106300830	9192	0	0	0	45	co_linked	co_linked	1-1	1-1	True	45	1.0	0.979	gain	TP	TP
chr14	106291638	106309134	17496	0	0	0	25	co_linked	co_linked	1-1	1-1	True	25	1.0	0.944	gain	TP	TP
chr14	106291638	106313290	21652	0	0	0	12	co_linked	co_linked	1-1	1-1	True	12	1.0	1.0	gain	TP	TP
chr14	106291638	106313793	22155	0	0	0	13	co_linked	co_linked	1-1	1-1	True	13	1.0	0.966	gain	TP	TP
chr14	106291638	106315485	23847	0	0	0	12	co_linked	co_linked	1-1	1-1	True	12	1.0	0.986	gain	TP	TP
chr14	106291638	106319169	27531	0	0	0	6	co_linked	co_linked	1-1	1-1	True	6	1.0	1.0	gain	TP	TP
chr14	106291638	106320447	28809	0	0	0	6	co_linked	co_linked	1-1	1-1	True	6	1.0	1.0	gain	TP	TP
chr14	106292249	106292390	141	0	0	0	83	co_linked	co_linked	1-1	1-1	True	83	1.0	0.989	gain	TP	TP
chr14	106292249	106300830	8581	0	0	0	46	co_linked	co_linked	1-1	1-1	True	46	1.0	0.979	gain	TP	TP
chr14	106292249	106313290	21041	0	0	0	12	co_linked	co_linked	1-1	1-1	True	12	1.0	1.0	gain	TP	TP
chr14	106292249	106313793	21544	0	0	0	13	co_linked	co_linked	1-1	1-1	True	13	1.0	0.966	gain	TP	TP
chr14	106292249	106315485	23236	0	0	0	12	co_linked	co_linked	1-1	1-1	True	12	1.0	0.986	gain	TP	TP
chr14	106292249	106319169	26920	0	0	0	6	co_linked	co_linked	1-1	1-1	True	6	1.0	1.0	gain	TP	TP
chr14	106292249	106320447	28198	0	0	0	6	co_linked	co_linked	1-1	1-1	True	6	1.0	1.0	gain	TP	TP
chr14	106292390	106300830	8440	0	0	0	46	co_linked	co_linked	1-1	1-1	True	46	0.989	0.979	gain	TP	TP
chr14	106292390	106313290	20900	0	0	0	11	co_linked	co_linked	1-1	1-1	True	11	0.989	1.0	gain	TP	TP
chr14	106292390	106313793	21403	0	0	0	12	co_linked	co_linked	1-1	1-1	True	12	0.989	0.966	gain	TP	TP
chr14	106292390	106315485	23095	0	0	0	11	co_linked	co_linked	1-1	1-1	True	11	0.989	0.986	gain	TP	TP
chr14	106293540	106313290	19750	0	0	0	12	co_linked	co_linked	1-1	1-1	True	12	0.932	1.0	gain	TP	TP
chr14	106293969	106319169	25200	0	0	0	6	co_linked	co_linked	1-1	1-1	True	6	0.951	1.0	gain	TP	TP
chr14	106293969	106320447	26478	0	0	0	6	co_linked	co_linked	1-1	1-1	True	6	0.951	1.0	gain	TP	TP
chr14	106298874	106313290	14416	0	0	0	16	co_linked	co_linked	1-1	1-1	True	16	0.954	1.0	gain	TP	TP
chr14	106298874	106313793	14919	0	0	0	16	co_linked	co_linked	1-1	1-1	True	16	0.954	0.966	gain	TP	TP
chr14	106298874	106315485	16611	0	0	0	15	co_linked	co_linked	1-1	1-1	True	15	0.954	0.986	gain	TP	TP
chr14	106298874	106319169	20295	0	0	0	9	co_linked	co_linked	1-1	1-1	True	9	0.954	1.0	gain	TP	TP
chr14	106298874	106320447	21573	0	0	0	9	co_linked	co_linked	1-1	1-1	True	9	0.954	1.0	gain	TP	TP
chr14	106298874	106324560	25686	0	0	0	8	co_linked	co_linked	1-1	1-1	True	8	0.954	0.755	gain	TP	TP
chr14	106298874	106325360	26486	0	0	0	7	co_linked	co_linked	1-1	1-1	True	7	0.954	0.72	gain	TP	TP
chr14	106300830	106313793	12963	0	0	0	22	co_linked	co_linked	1-1	1-1	True	22	0.979	0.966	gain	TP	TP
chr14	106300830	106324560	23730	1	0	0	12	co_linked	co_linked	1-1	1-1	True	13	0.979	0.755	gain	TP	TP
chr14	106300830	106325360	24530	0	0	0	10	co_linked	co_linked	1-1	1-1	True	10	0.979	0.72	gain	TP	TP
chr14	106313290	106319169	5879	0	0	0	32	co_linked	co_linked	1-1	1-1	True	32	1.0	1.0	gain	TP	TP
chr14	106313290	106320447	7157	0	0	0	32	co_linked	co_linked	1-1	1-1	True	32	1.0	1.0	gain	TP	TP
chr14	106313290	106325360	12070	0	0	0	24	co_linked	co_linked	1-1	1-1	True	24	1.0	0.72	gain	TP	TP
chr14	106315485	106319169	3684	0	0	0	40	co_linked	co_linked	1-1	1-1	True	40	0.986	1.0	gain	TP	TP
chr14	106315485	106320447	4962	0	0	0	38	co_linked	co_linked	1-1	1-1	True	38	0.986	1.0	gain	TP	TP
chr14	106315485	106325360	9875	0	0	0	29	co_linked	co_linked	1-1	1-1	True	29	0.986	0.72	gain	TP	TP
chr14	106319169	106320447	1278	0	0	0	54	co_linked	co_linked	1-1	1-1	True	54	1.0	1.0	gain	TP	TP
chr14	106319169	106325360	6191	0	0	0	40	co_linked	co_linked	1-1	1-1	True	40	1.0	0.72	gain	TP	TP
chr14	106320447	106325360	4913	0	0	0	46	co_linked	co_linked	1-1	1-1	True	46	1.0	0.72	gain	TP	TP
chr19	1133756	1133757	1	2	0	0	41	co_linked	co_linked	2-1	2-1	True	43	0.932	0.932	loh	TP	TP
chr19	1891497	1905080	13583	1	0	0	18	co_linked	co_linked	1-1	1-1	True	19	0.959	0.939	loh	TP	TP
chr19	2480950	2480971	21	71	0	0	7	co_linked	co_linked	1-1	1-1	True	78	0.09	0.09	loh	FP	FP
chr19	2480950	2480974	24	71	0	0	7	co_linked	co_linked	1-1	1-1	True	78	0.09	0.09	loh	FP	FP
chr19	2480971	2480974	3	71	0	0	7	co_linked	co_linked	1-1	1-1	True	78	0.09	0.09	loh	FP	FP
chr19	2561615	2576233	14618	0	0	0	18	co_linked	co_linked	1-1	1-1	True	18	0.937	1.0	loh	TP	TP
chr19	3086048	3102316	16268	0	0	0	15	co_linked	co_linked	1-1	1-1	True	15	1.0	0.968	loh	TP	TP
chr19	3718334	3745747	27413	0	0	0	8	co_linked	co_linked	1-1	1-1	True	8	0.966	0.98	loh	TP	TP
chr19	3718984	3745747	26763	0	0	0	8	co_linked	co_linked	1-1	1-1	True	8	0.95	0.98	loh	TP	TP
chr19	3745747	3763899	18152	0	0	0	9	co_linked	co_linked	1-1	1-1	True	9	0.98	0.953	loh	TP	TP
chr19	3914275	3915638	1363	64	0	0	4	co_linked	co_linked	2-1	2-1	True	68	0.053	0.055	loh	FP	FP
chr19	3914275	3916076	1801	54	0	0	4	co_linked	co_linked	2-1	2-1	True	58	0.053	0.062	loh	FP	FP
chr19	3915638	3916076	438	58	0	0	4	co_linked	co_linked	2-1	2-1	True	62	0.055	0.062	loh	FP	FP
chr19	5313283	5317502	4219	29	0	0	3	co_linked	co_linked	3	3	True	32	0.053	0.061	loh	FP	FP
chr19	5313283	5317561	4278	27	0	0	3	co_linked	co_linked	3	3	True	30	0.053	0.065	loh	FP	FP
chr19	5317502	5317561	59	43	0	0	3	co_linked	co_linked	3	3	True	46	0.061	0.065	loh	FP	FP
chr19	12452332	12467180	14848	12	0	0	8	co_linked	co_linked	2-1	2-1	True	20	0.469	0.5	gain	TP	TP
chr19	15848557	15866253	17696	9	0	0	13	co_linked	co_linked	2-1	2-1	True	22	0.634	0.606	gain	TP	TP
chr19	16554176	16572289	18113	8	0	0	6	co_linked	co_linked	1-1	1-1	True	14	0.432	0.415	gain	TP	TP
chr19	16624871	16648240	23369	6	0	0	3	co_linked	co_linked	1-1	1-1	True	9	0.364	0.415	gain	TP	TP
chr19	17538317	17555816	17499	12	0	0	7	co_linked	co_linked	1-1	1-1	True	19	0.384	0.343	gain	TP	TP
chr19	20816164	20819320	3156	21	0	0	30	co_linked	co_linked	1-1	1-1	True	51	0.57	0.606	gain	TP	TP
chr19	21024734	21035134	10400	25	0	0	12	co_linked	co_linked	2-1	2-1	True	37	0.322	0.386	gain	TP	TP
chr19	21394276	21422042	27766	8	0	0	6	co_linked	co_linked	1-1	1-1	True	14	0.573	0.51	gain	TP	TP
chr19	23492164	23519861	27697	7	0	0	3	co_linked	co_linked	2-1	2-1	True	10	0.325	0.289	gain	TP	TP
chr19	23513926	23516175	2249	40	0	0	27	co_linked	co_linked	2-1	2-1	True	67	0.375	0.39	gain	TP	TP
chr19	24370245	24401637	31392	4	0	0	2	co_linked	co_linked	1-1	1-1	True	6	0.307	0.293	gain	TP	TP
chr19	29659764	29698657	38893	5	0	0	2	co_linked	co_linked	2-1	2-1	True	7	0.208	0.162	gain	TP	TP
chr19	30210182	30241589	31407	2	0	0	5	co_linked	co_linked	2-1	2-1	True	7	0.532	0.569	gain	TP	TP
chr19	32339133	32363292	24159	9	0	0	14	co_linked	co_linked	1-1	1-1	True	23	0.481	0.406	gain	TP	TP
chr19	35173371	35198026	24655	4	0	0	5	co_linked	co_linked	1-1	1-1	True	9	0.559	0.582	gain	TP	TP
chr19	41163176	41163234	58	46	0	0	3	co_linked	co_linked	1-1	1-1	True	49	0.061	0.061	loh	FP	FP
chr19	43187187	43204756	17569	0	0	0	11	co_linked	co_linked	1-1	1-1	True	11	0.932	0.926	loh	TP	TP
chr19	45471551	45483632	12081	18	0	0	1	sparse	co_linked	3	3	True	19	0.059	0.059	loh	FP	FP
chr19	45621905	45633359	11454	16	0	0	1	sparse	co_linked	2-1	2-1	True	17	0.1	0.061	loh	FP	FP
chr19	45623014	45633359	10345	17	0	0	1	sparse	co_linked	2-1	2-1	True	18	0.132	0.061	loh	FP	FP
chr19	49182562	49194097	11535	8	0	0	7	co_linked	co_linked	1-1	1-1	True	15	0.4	0.4	loh	TP	TP
chr19	49381049	49411259	30210	0	0	0	8	co_linked	co_linked	1-1	1-1	True	8	0.981	0.633	loh	TP	TP
chr19	49484683	49503971	19288	0	0	0	21	co_linked	co_linked	1-1	1-1	True	21	0.959	0.978	loh	TP	TP
chr19	51263281	51275291	12010	18	0	0	9	co_linked	co_linked	1-1	1-1	True	27	0.369	0.337	loh	TP	TP
chr19	51787854	51805528	17674	9	0	0	15	co_linked	co_linked	2-1	2-1	True	24	0.606	0.632	loh	TP	TP
chr19	56598639	56626353	27714	4	0	0	3	co_linked	co_linked	1-1	1-1	True	7	0.345	0.319	loh	TP	TP
chr19	57130037	57141706	11669	13	0	0	26	co_linked	co_linked	2-1	2-1	True	39	0.605	0.59	loh	TP	TP
chr5	980578	1010478	29900	9	0	0	2	co_linked	co_linked	2-1	2-1	True	11	0.156	0.18	gain	TP	TP
chr5	1203480	1231003	27523	8	0	0	3	co_linked	co_linked	1-1	1-1	True	11	0.309	0.354	gain	TP	TP
chr5	1375902	1410224	34322	8	0	0	1	sparse	co_linked	2-1	2-1	True	9	0.305	0.321	gain	TP	TP
chr5	1553389	1560444	7055	71	0	0	17	co_linked	co_linked	1-1	1-1	True	88	0.147	0.147	gain	TP	TP
chr5	1737712	1761195	23483	23	0	0	9	co_linked	co_linked	2-1	2-1	True	32	0.323	0.314	gain	TP	TP
chr5	2490285	2518709	28424	4	0	0	3	co_linked	co_linked	2-1	2-1	True	7	0.333	0.342	gain	TP	TP
chr5	2713607	2741850	28243	10	0	0	2	co_linked	co_linked	1-1	1-1	True	12	0.196	0.291	gain	TP	TP
chr5	3699758	3699759	1	136	0	0	28	co_linked	co_linked	1-1	1-1	True	164	0.171	0.171	gain	TP	TP
chr5	5235796	5241749	5953	68	0	0	30	co_linked	co_linked	1-1	1-1	True	98	0.288	0.291	gain	TP	TP
chr5	6952860	6996025	43165	3	0	0	4	co_linked	co_linked	1-1	1-1	True	7	0.299	0.295	gain	TP	TP
chr5	7152537	7184105	31568	5	0	0	4	co_linked	co_linked	1-1	1-1	True	9	0.201	0.209	gain	TP	TP
chr5	7314874	7347433	32559	6	0	0	3	co_linked	co_linked	1-1	1-1	True	9	0.142	0.169	gain	TP	TP
chr5	7538835	7555814	16979	30	0	0	12	co_linked	co_linked	2-1	2-1	True	42	0.289	0.318	gain	TP	TP
chr5	8171770	8202478	30708	4	0	0	4	co_linked	co_linked	1-1	1-1	True	8	0.518	0.5	gain	TP	TP
chr5	8289316	8311446	22130	10	0	0	1	sparse	co_linked	1-1	1-1	True	11	0.25	0.235	gain	TP	TP
chr5	8962233	8989014	26781	10	0	0	7	co_linked	co_linked	2-1	2-1	True	17	0.476	0.451	gain	TP	TP
chr5	10165346	10193680	28334	7	0	0	3	co_linked	co_linked	1-1	1-1	True	10	0.276	0.152	gain	TP	TP
chr5	11525713	11559069	33356	7	0	0	2	co_linked	co_linked	1-1	1-1	True	9	0.486	0.446	gain	TP	TP
chr5	11980013	11994258	14245	14	0	0	14	co_linked	co_linked	1-1	1-1	True	28	0.464	0.456	gain	TP	TP
chr5	12193888	12209269	15381	19	0	0	17	co_linked	co_linked	3	3	True	36	0.425	0.508	gain	TP	TP
chr5	12874425	12896109	21684	7	0	0	7	co_linked	co_linked	1-1	1-1	True	14	0.471	0.49	gain	TP	TP
chr5	13960376	13988099	27723	3	0	0	5	co_linked	co_linked	1-1	1-1	True	8	0.505	0.551	gain	TP	TP
chr5	13988099	14010240	22141	6	0	0	6	co_linked	co_linked	1-1	1-1	True	12	0.551	0.445	gain	TP	TP
chr5	15306291	15322351	16060	20	0	0	17	co_linked	co_linked	1-1	1-1	True	37	0.529	0.421	gain	TP	TP
chr5	16517984	16532251	14267	12	0	0	17	co_linked	co_linked	2-1	2-1	True	29	0.484	0.484	gain	TP	TP
chr5	16577752	16584587	6835	34	0	0	21	co_linked	co_linked	1-1	1-1	True	55	0.406	0.352	gain	TP	TP
chr5	18253752	18262095	8343	37	0	0	10	co_linked	co_linked	1-1	1-1	True	47	0.227	0.243	gain	TP	TP
chr5	19993444	20012750	19306	12	0	0	12	co_linked	co_linked	2-1	2-1	True	24	0.472	0.548	gain	TP	TP
chr5	22305418	22325658	20240	6	0	0	9	co_linked	co_linked	2-1	2-1	True	15	0.56	0.408	gain	TP	TP
chr5	23135470	23158942	23472	7	0	0	5	co_linked	co_linked	2-1	2-1	True	12	0.294	0.464	gain	TP	TP
chr5	23238636	23253112	14476	14	0	0	17	co_linked	co_linked	2-1	2-1	True	31	0.547	0.509	gain	TP	TP
chr5	23238636	23269181	30545	5	0	0	4	co_linked	co_linked	2-1	2-1	True	9	0.547	0.481	gain	TP	TP
chr5	23304248	23325799	21551	7	0	0	4	co_linked	co_linked	1-1	1-1	True	11	0.492	0.5	gain	TP	TP
chr5	23307449	23325799	18350	11	0	0	8	co_linked	co_linked	1-1	1-1	True	19	0.455	0.5	gain	TP	TP
chr5	23884414	23906204	21790	7	0	0	5	co_linked	co_linked	2-1	2-1	True	12	0.477	0.41	gain	TP	TP
chr5	24401058	24412471	11413	22	0	0	20	co_linked	co_linked	2-1	2-1	True	42	0.407	0.5	gain	TP	TP
chr5	24401058	24414434	13376	19	0	0	18	co_linked	co_linked	2-1	2-1	True	37	0.407	0.478	gain	TP	TP
chr5	25904593	25933348	28755	7	0	0	1	sparse	co_linked	1-1	1-1	True	8	0.243	0.267	gain	TP	TP
chr5	26029995	26029996	1	87	0	0	26	co_linked	co_linked	1-1	1-1	True	113	0.23	0.23	gain	TP	TP
chr5	26314184	26337990	23806	5	0	0	6	co_linked	co_linked	2-1	2-1	True	11	0.562	0.491	gain	TP	TP
chr5	27254988	27278747	23759	8	0	0	7	co_linked	co_linked	2-1	2-1	True	15	0.42	0.422	gain	TP	TP
chr5	30266507	30281555	15048	16	0	0	7	co_linked	co_linked	1-1	1-1	True	23	0.274	0.248	gain	TP	TP
chr5	31817395	31848093	30698	9	0	0	6	co_linked	co_linked	2-1	2-1	True	15	0.473	0.611	gain	TP	TP
chr5	33223431	33223432	1	81	0	0	25	co_linked	co_linked	1-1	1-1	True	106	0.236	0.241	gain	TP	TP
chr5	33559839	33574845	15006	23	0	0	7	co_linked	co_linked	1-1	1-1	True	30	0.236	0.287	gain	TP	TP
chr5	33848506	33863005	14499	31	0	0	6	co_linked	co_linked	2-1	2-1	True	37	0.208	0.227	gain	TP	TP
chr5	34487066	34510819	23753	9	0	0	6	co_linked	co_linked	2-1	2-1	True	15	0.382	0.447	gain	TP	TP
chr5	36710710	36731603	20893	16	0	0	9	co_linked	co_linked	1-1	1-1	True	25	0.285	0.248	gain	TP	TP
chr5	38001945	38027954	26009	5	0	0	6	co_linked	co_linked	1-1	1-1	True	11	0.5	0.52	gain	TP	TP
chr5	39074491	39100466	25975	7	0	0	2	co_linked	co_linked	2-1	2-1	True	9	0.235	0.267	gain	TP	TP
chr5	39361814	39387549	25735	2	0	0	11	co_linked	co_linked	1-1	1-1	True	13	0.6	0.573	gain	TP	TP
chr5	40038159	40058175	20016	14	0	0	4	co_linked	co_linked	2-1	2-1	True	18	0.343	0.284	gain	TP	TP
chr5	41104704	41104705	1	50	0	0	25	co_linked	co_linked	1-1	1-1	True	75	0.333	0.333	gain	TP	TP
chr5	42051713	42067602	15889	19	0	0	4	co_linked	co_linked	1-1	1-1	True	23	0.318	0.188	gain	TP	TP
chr5	43129839	43148441	18602	17	0	0	3	co_linked	co_linked	2-1	2-1	True	20	0.361	0.319	gain	TP	TP
chr5	44094405	44101089	6684	27	0	0	9	co_linked	co_linked	2-1	2-1	True	36	0.296	0.283	gain	TP	TP
chr5	44465989	44486383	20394	6	0	0	6	co_linked	co_linked	1-1	1-1	True	12	0.627	0.595	gain	TP	TP
chr5	44856523	44858763	2240	28	0	0	43	co_linked	co_linked	1-1	1-1	True	71	0.607	0.554	gain	TP	TP
chr5	45096148	45131954	35806	2	0	0	4	co_linked	co_linked	1-1	1-1	True	6	0.547	0.652	gain	TP	TP
chr5	45232614	45257708	25094	4	0	0	2	co_linked	co_linked	1-1	1-1	True	6	0.507	0.685	gain	TP	TP
chr5	51337675	51357073	19398	0	0	0	9	co_linked	co_linked	2-1	2-1	True	9	0.922	0.962	loh	TP	TP
chr5	54219882	54240411	20529	0	0	0	8	co_linked	co_linked	2-1	2-1	True	8	0.98	0.982	loh	TP	TP
chr5	59721029	59737636	16607	0	0	0	9	co_linked	co_linked	1-1	1-1	True	9	1.0	1.0	loh	TP	TP
chr5	61089793	61092751	2958	43	0	0	4	co_linked	co_linked	2-1	2-1	True	47	0.062	0.066	loh	FP	FP
chr5	62122079	62122080	1	32	0	0	26	co_linked	co_linked	1-1	1-1	True	58	0.448	0.441	loh	TP	TP
chr5	63422487	63427973	5486	0	0	0	33	co_linked	co_linked	2-1	2-1	True	33	0.983	0.98	loh	TP	TP
chr5	64012035	64017101	5066	32	0	0	2	co_linked	co_linked	2-1	2-1	True	34	0.057	0.059	loh	FP	FP
chr5	64012035	64020454	8419	21	0	0	1	sparse	co_linked	2-1	2-1	True	22	0.057	0.043	loh	FP	FP
chr5	64017101	64020454	3353	33	0	0	2	co_linked	co_linked	2-1	2-1	True	35	0.059	0.043	loh	FP	FP
chr5	64628817	64642620	13803	0	0	0	17	co_linked	co_linked	2-1	2-1	True	17	1.0	0.953	loh	TP	TP
chr5	65183376	65183701	325	38	0	0	2	co_linked	co_linked	1-1	1-1	True	40	0.044	0.061	loh	FP	FP
chr5	73150145	73179537	29392	0	0	0	9	co_linked	co_linked	2-1	2-1	True	9	1.0	0.949	loh	TP	TP
chr5	73305141	73305142	1	3	0	0	50	co_linked	co_linked	2-1	2-1	True	53	0.943	0.945	loh	TP	TP
chr5	76583728	76585135	1407	41	0	0	2	co_linked	co_linked	1-1	1-1	True	43	0.044	0.036	loh	FP	FP
chr5	77993444	77993445	1	0	0	0	53	co_linked	co_linked	2-1	2-1	True	53	1.0	1.0	loh	TP	TP
chr5	78020999	78023707	2708	48	0	0	5	co_linked	co_linked	2-1	2-1	True	53	0.071	0.091	loh	FP	FP
chr5	78717091	78744117	27026	4	0	0	7	co_linked	co_linked	1-1	1-1	True	11	0.459	0.5	loh	TP	TP
chr5	82387954	82412257	24303	0	0	0	8	co_linked	co_linked	2-1	2-1	True	8	0.955	0.957	loh	TP	TP
chr5	83602543	83606785	4242	33	0	0	4	co_linked	co_linked	2-1	2-1	True	37	0.089	0.068	loh	FP	FP
chr5	87144260	87163036	18776	5	0	0	3	co_linked	co_linked	1-1	1-1	True	8	0.542	0.314	loh	TP	TP
chr5	89029490	89031390	1900	28	0	0	4	co_linked	co_linked	1-1	1-1	True	32	0.109	0.093	loh	FP	FP
chr5	89029490	89032749	3259	21	0	0	4	co_linked	co_linked	1-1	1-1	True	25	0.109	0.1	loh	FP	FP
chr5	89029490	89034429	4939	19	0	0	4	co_linked	co_linked	1-1	1-1	True	23	0.109	0.103	loh	FP	FP
chr5	89031390	89032749	1359	30	0	0	4	co_linked	co_linked	1-1	1-1	True	34	0.093	0.1	loh	FP	FP
chr5	89031390	89034429	3039	25	0	0	4	co_linked	co_linked	1-1	1-1	True	29	0.093	0.103	loh	FP	FP
chr5	89032749	89034429	1680	27	0	0	4	co_linked	co_linked	1-1	1-1	True	31	0.1	0.103	loh	FP	FP
chr5	99408754	99422637	13883	12	0	0	1	sparse	co_linked	3	3	True	13	0.075	0.094	loh	FP	FP
chr5	99422637	99442753	20116	10	0	0	2	co_linked	co_linked	3	3	True	12	0.094	0.053	loh	FP	FP
chr5	101584750	101599364	14614	1	0	0	15	co_linked	co_linked	2-1	2-1	True	16	0.933	0.959	loh	TP	TP
chr5	102677848	102690872	13024	0	0	0	12	co_linked	co_linked	1-1	1-1	True	12	0.963	1.0	loh	TP	TP
chr5	103101512	103129447	27935	0	0	0	7	co_linked	co_linked	2-1	2-1	True	7	0.967	1.0	loh	TP	TP
chr5	106400758	106431701	30943	0	0	0	6	co_linked	co_linked	1-1	1-1	True	6	1.0	0.98	loh	TP	TP
chr5	106451139	106451554	415	39	0	0	2	co_linked	co_linked	2-1	2-1	True	41	0.045	0.047	loh	FP	FP
chr5	106660357	106661024	667	43	0	0	4	co_linked	co_linked	1-1	1-1	True	47	0.073	0.098	loh	FP	FP
chr5	106660357	106663616	3259	33	0	0	4	co_linked	co_linked	1-1	1-1	True	37	0.073	0.082	loh	FP	FP
chr5	106661024	106663616	2592	36	0	0	4	co_linked	co_linked	1-1	1-1	True	40	0.098	0.082	loh	FP	FP
chr5	109415263	109435422	20159	0	0	0	14	co_linked	co_linked	1-1	1-1	True	14	0.889	0.933	loh	TP	TP
chr5	112722110	112722111	1	0	0	0	45	co_linked	co_linked	1-1	1-1	True	45	1.0	0.979	loh	TP	TP
chr5	113855568	113861771	6203	9	0	0	16	co_linked	co_linked	1-1	1-1	True	25	0.565	0.617	loh	TP	TP
chr5	115127578	115151620	24042	0	0	0	8	co_linked	co_linked	1-1	1-1	True	8	0.967	0.91	loh	TP	TP
chr5	115127578	115151639	24061	0	0	0	9	co_linked	co_linked	1-1	1-1	True	9	0.967	0.97	loh	TP	TP
chr5	115343599	115345037	1438	48	0	0	2	co_linked	co_linked	1-1	1-1	True	50	0.052	0.055	loh	FP	FP
chr5	120351133	120361144	10011	2	0	0	32	co_linked	co_linked	1-1	1-1	True	34	0.969	0.948	loh	TP	TP
chr5	121046984	121064864	17880	1	0	0	8	co_linked	co_linked	1-1	1-1	True	9	0.976	0.902	loh	TP	TP
chr5	121582533	121584688	2155	0	0	0	25	co_linked	co_linked	1-1	1-1	True	25	1.0	1.0	loh	TP	TP
chr5	125829789	125830251	462	55	0	0	2	co_linked	co_linked	1-1	1-1	True	57	0.033	0.034	loh	FP	FP
chr5	126532429	126534820	2391	48	0	0	4	co_linked	co_linked	1-1	1-1	True	52	0.071	0.062	loh	FP	FP
chr5	127959845	127972353	12508	0	0	0	16	co_linked	co_linked	2-1	2-1	True	16	0.982	0.981	loh	TP	TP
chr5	130104014	130122405	18391	0	0	0	9	co_linked	co_linked	1-1	1-1	True	9	0.965	0.952	loh	TP	TP
chr5	130203765	130222066	18301	1	0	0	9	co_linked	co_linked	1-1	1-1	True	10	0.914	0.967	loh	TP	TP
chr5	138046551	138052501	5950	13	0	0	19	co_linked	co_linked	2-1	2-1	True	32	0.592	0.574	loh	TP	TP
chr5	141332648	141351877	19229	4	0	0	10	co_linked	co_linked	2-1	2-1	True	14	0.608	0.598	gain	TP	TP
chr5	142667912	142675383	7471	39	0	0	17	co_linked	co_linked	1-1	1-1	True	56	0.381	0.293	gain	TP	TP
chr5	146710058	146715165	5107	46	0	0	2	co_linked	co_linked	1-1	1-1	True	48	0.028	0.029	gain	FP	FP
chr5	146750583	146774712	24129	8	0	0	4	co_linked	co_linked	2-1	2-1	True	12	0.293	0.32	gain	TP	TP
chr5	146783054	146804381	21327	4	0	0	7	co_linked	co_linked	2-1	2-1	True	11	0.582	0.685	gain	TP	TP
chr5	147540536	147547572	7036	32	0	0	18	co_linked	co_linked	2-1	2-1	True	50	0.368	0.356	gain	TP	TP
chr5	148116307	148120845	4538	29	0	0	19	co_linked	co_linked	2-1	2-1	True	48	0.41	0.38	gain	TP	TP
chr5	148374153	148398902	24749	7	0	0	3	co_linked	co_linked	2-1	2-1	True	10	0.239	0.318	gain	TP	TP
chr5	148802569	148834910	32341	4	0	0	6	co_linked	co_linked	2-1	2-1	True	10	0.714	0.535	gain	TP	TP
chr5	150079864	150109953	30089	6	0	0	1	sparse	co_linked	1-1	1-1	True	7	0.293	0.264	gain	TP	TP
chr5	150343804	150355229	11425	19	0	0	4	co_linked	co_linked	1-1	1-1	True	23	0.346	0.32	gain	TP	TP
chr5	154218447	154223241	4794	38	0	0	4	co_linked	co_linked	2-1	2-1	True	42	0.068	0.056	gain	FP	FP
chr5	156973493	156974736	1243	32	0	0	17	co_linked	co_linked	1-1	1-1	True	49	0.339	0.317	loh	TP	TP
chr5	158538978	158563748	24770	3	0	0	3	co_linked	co_linked	1-1	1-1	True	6	0.361	0.338	loh	TP	TP
chr5	163676678	163688378	11700	15	0	0	14	co_linked	co_linked	2-1	2-1	True	29	0.389	0.322	loh	TP	TP
chr5	163676678	163688379	11701	15	0	0	14	co_linked	co_linked	2-1	2-1	True	29	0.389	0.365	loh	TP	TP
chr5	164943277	164966260	22983	5	0	0	3	co_linked	co_linked	2-1	2-1	True	8	0.284	0.68	loh	TP	TP
chr5	165233159	165238762	5603	25	0	0	14	co_linked	co_linked	2-1	2-1	True	39	0.349	0.433	loh	TP	TP
chr5	165416027	165420657	4630	36	0	0	17	co_linked	co_linked	2-1	2-1	True	53	0.287	0.294	loh	TP	TP
chr5	165550416	165557844	7428	17	0	0	30	co_linked	co_linked	2-1	2-1	True	47	0.651	0.65	loh	TP	TP
chr5	166489441	166499370	9929	22	0	0	7	co_linked	co_linked	1-1	1-1	True	29	0.253	0.325	loh	TP	TP
chr5	166650695	166650970	275	45	0	0	19	co_linked	co_linked	1-1	1-1	True	64	0.314	0.279	loh	TP	TP
chr5	171784761	171802019	17258	13	0	0	4	co_linked	co_linked	2-1	2-1	True	17	0.231	0.282	loh	TP	TP
chr5	172321276	172331679	10403	27	0	0	6	co_linked	co_linked	1-1	1-1	True	33	0.262	0.256	loh	TP	TP
chr5	173111092	173131929	20837	8	0	0	7	co_linked	co_linked	1-1	1-1	True	15	0.414	0.308	loh	TP	TP
chr5	173111092	173143076	31984	3	0	0	5	co_linked	co_linked	1-1	1-1	True	8	0.414	0.333	loh	TP	TP
chr5	173131929	173143076	11147	29	0	0	14	co_linked	co_linked	1-1	1-1	True	43	0.308	0.333	loh	TP	TP
chr5	173777479	173786784	9305	23	0	0	11	co_linked	co_linked	1-1	1-1	True	34	0.343	0.338	loh	TP	TP
chr5	173868976	173868977	1	47	0	0	28	co_linked	co_linked	1-1	1-1	True	75	0.368	0.368	loh	TP	TP
chr5	174775207	174794062	18855	11	0	0	6	co_linked	co_linked	1-1	1-1	True	17	0.275	0.349	loh	TP	TP
chr5	175069855	175081627	11772	22	0	0	4	co_linked	co_linked	1-1	1-1	True	26	0.263	0.271	loh	TP	TP
chr5	175069855	175093824	23969	9	0	0	2	co_linked	co_linked	1-1	1-1	True	11	0.263	0.36	loh	TP	TP
chr5	177460555	177460556	1	61	0	0	18	co_linked	co_linked	2-1	2-1	True	79	0.228	0.222	loh	TP	TP
chr5	179733119	179743610	10491	28	0	0	12	co_linked	co_linked	1-1	1-1	True	40	0.301	0.315	loh	TP	TP
chr10	1959253	1976472	17219	6	0	0	4	co_linked	co_linked	1-1	1-1	True	10	0.508	0.436	loh	TP	TP
chr10	2588570	2608650	20080	0	0	0	11	co_linked	co_linked	2-1	2-1	True	11	1.0	0.953	loh	TP	TP
chr10	3802667	3805801	3134	0	0	0	47	co_linked	co_linked	1-1	1-1	True	47	1.0	1.0	loh	TP	TP
chr10	4402925	4403357	432	51	0	0	2	co_linked	co_linked	3	3	True	53	0.036	0.054	loh	FP	FP
chr10	4402925	4403551	626	52	0	0	2	co_linked	co_linked	3	3	True	54	0.036	0.053	loh	FP	FP
chr10	4402925	4417857	14932	21	0	0	2	co_linked	co_linked	3	3	True	23	0.036	0.033	loh	FP	FP
chr10	4403357	4403551	194	53	0	0	3	co_linked	co_linked	3	3	True	56	0.054	0.053	loh	FP	FP
chr10	4403357	4417857	14500	20	0	0	2	co_linked	co_linked	3	3	True	22	0.054	0.033	loh	FP	FP
chr10	4403551	4417857	14306	21	0	0	2	co_linked	co_linked	3	3	True	23	0.053	0.033	loh	FP	FP
chr10	6704287	6713379	9092	0	0	0	20	co_linked	co_linked	2-1	2-1	True	20	0.98	1.0	loh	TP	TP
chr10	7311481	7316916	5435	32	0	0	3	co_linked	co_linked	1-1	1-1	True	35	0.105	0.063	loh	FP	FP
chr10	10815949	10820686	4737	31	0	0	2	co_linked	co_linked	3	3	True	33	0.062	0.095	loh	FP	FP
chr10	10815949	10823476	7527	27	0	0	2	co_linked	co_linked	3	3	True	29	0.062	0.067	loh	FP	FP
chr10	11433652	11433653	1	32	0	0	20	co_linked	co_linked	2-1	2-1	True	52	0.377	0.396	loh	TP	TP
chr10	11905867	11919694	13827	0	0	0	16	co_linked	co_linked	2-1	2-1	True	16	0.978	0.979	loh	TP	TP
chr10	13742054	13760920	18866	0	0	0	12	co_linked	co_linked	2-1	2-1	True	12	0.935	0.981	loh	TP	TP
chr10	14033533	14059489	25956	0	0	0	7	co_linked	co_linked	2-1	2-1	True	7	1.0	0.965	loh	TP	TP
chr10	15002683	15024405	21722	6	0	0	4	co_linked	co_linked	1-1	1-1	True	10	0.483	0.327	loh	TP	TP
chr10	16745371	16745561	190	49	0	0	2	co_linked	co_linked	2-1	2-1	True	51	0.038	0.035	loh	FP	FP
chr10	16745371	16754920	9549	21	0	0	2	co_linked	co_linked	2-1	2-1	True	23	0.038	0.056	loh	FP	FP
chr10	16745561	16754920	9359	22	0	0	2	co_linked	co_linked	2-1	2-1	True	24	0.035	0.056	loh	FP	FP
chr10	18544912	18551990	7078	32	0	0	3	co_linked	co_linked	3	3	True	35	0.046	0.037	loh	FP	FP
chr10	22007789	22008961	1172	37	0	0	3	co_linked	co_linked	2-1	2-1	True	40	0.064	0.068	loh	FP	FP
chr10	22007789	22009175	1386	37	0	0	3	co_linked	co_linked	2-1	2-1	True	40	0.064	0.067	loh	FP	FP
chr10	22008961	22009175	214	41	0	0	3	co_linked	co_linked	2-1	2-1	True	44	0.068	0.067	loh	FP	FP
chr10	23463517	23469029	5512	4	0	0	42	co_linked	co_linked	1-1	1-1	True	46	0.939	0.947	loh	TP	TP
chr10	24479931	24519641	39710	2	0	0	4	co_linked	co_linked	1-1	1-1	True	6	0.952	0.963	loh	TP	TP
chr10	25235939	25236658	719	62	0	0	3	co_linked	co_linked	3	3	True	65	0.043	0.044	loh	FP	FP
chr10	25235939	25236728	789	62	0	0	3	co_linked	co_linked	3	3	True	65	0.043	0.043	loh	FP	FP
chr10	25235939	25237024	1085	58	0	0	3	co_linked	co_linked	3	3	True	61	0.043	0.046	loh	FP	FP
chr10	25236658	25236728	70	65	0	0	3	co_linked	co_linked	3	3	True	68	0.044	0.043	loh	FP	FP
chr10	25236658	25237024	366	61	0	0	3	co_linked	co_linked	3	3	True	64	0.044	0.046	loh	FP	FP
chr10	25236728	25237024	296	62	0	0	3	co_linked	co_linked	3	3	True	65	0.043	0.046	loh	FP	FP
chr10	28113874	28120127	6253	0	0	0	21	co_linked	co_linked	2-1	2-1	True	21	1.0	1.0	loh	TP	TP
chr10	29877297	29900612	23315	0	0	0	10	co_linked	co_linked	2-1	2-1	True	10	1.0	1.0	loh	TP	TP
chr10	37166315	37167628	1313	89	0	0	10	co_linked	co_linked	2-1	2-1	True	99	0.094	0.133	gain	FP	FP
chr10	37722467	37747140	24673	2	0	0	10	co_linked	co_linked	2-1	2-1	True	12	0.5	0.527	gain	TP	TP
chr10	37747140	37760978	13838	16	0	0	17	co_linked	co_linked	2-1	2-1	True	33	0.527	0.54	gain	TP	TP
chr10	38157501	38186465	28964	6	0	0	3	co_linked	co_linked	2-1	2-1	True	9	0.248	0.191	gain	TP	TP
chr10	39306424	39327668	21244	20	0	0	11	co_linked	co_linked	2-1	2-1	True	31	0.52	0.469	gain	TP	TP
chr10	39389403	39405361	15958	20	0	0	10	co_linked	co_linked	1-1	1-1	True	30	0.25	0.295	gain	TP	TP
chr10	42756004	42766073	10069	55	0	0	16	co_linked	co_linked	2-1	2-1	True	71	0.301	0.301	gain	TP	TP
chr10	42891383	42908353	16970	37	0	0	3	co_linked	co_linked	2-1	2-1	True	40	0.096	0.091	gain	FP	FP
chr10	43587867	43593940	6073	60	0	0	30	co_linked	co_linked	2-1	2-1	True	90	0.268	0.358	gain	TP	TP
chr10	46665428	46666604	1176	26	0	0	9	co_linked	co_linked	1-1	1-1	True	35	0.295	0.22	gain	FP	FP
chr10	46665586	46665985	399	30	0	0	10	co_linked	co_linked	1-1	1-1	True	40	0.256	0.238	gain	FP	FP
chr10	46665759	46665985	226	31	0	0	10	co_linked	co_linked	1-1	1-1	True	41	0.256	0.238	gain	FP	FP
chr10	47682736	47682745	9	82	0	0	17	co_linked	co_linked	1-1	1-1	True	99	0.172	0.172	gain	FP	FP
chr10	47682736	47683161	425	81	0	0	15	co_linked	co_linked	1-1	1-1	True	96	0.172	0.152	gain	FP	FP
chr10	47682736	47683259	523	82	0	0	15	co_linked	co_linked	1-1	1-1	True	97	0.172	0.15	gain	FP	FP
chr10	47682736	47683280	544	81	0	0	15	co_linked	co_linked	1-1	1-1	True	96	0.172	0.152	gain	FP	FP
chr10	47682736	47689755	7019	35	0	0	10	co_linked	co_linked	1-1	1-1	True	45	0.172	0.131	gain	FP	FP
chr10	47682745	47683161	416	81	0	0	15	co_linked	co_linked	1-1	1-1	True	96	0.172	0.152	gain	FP	FP
chr10	47682745	47683259	514	82	0	0	15	co_linked	co_linked	1-1	1-1	True	97	0.172	0.15	gain	FP	FP
chr10	47682745	47683280	535	81	0	0	15	co_linked	co_linked	1-1	1-1	True	96	0.172	0.152	gain	FP	FP
chr10	47682745	47689755	7010	35	0	0	10	co_linked	co_linked	1-1	1-1	True	45	0.172	0.131	gain	FP	FP
chr10	47683161	47683259	98	84	0	0	15	co_linked	co_linked	1-1	1-1	True	99	0.152	0.15	gain	FP	FP
chr10	47683161	47683280	119	83	0	0	15	co_linked	co_linked	1-1	1-1	True	98	0.152	0.152	gain	FP	FP
chr10	47683161	47689755	6594	35	0	0	10	co_linked	co_linked	1-1	1-1	True	45	0.152	0.131	gain	FP	FP
chr10	47683259	47683280	21	84	0	0	15	co_linked	co_linked	1-1	1-1	True	99	0.15	0.152	gain	FP	FP
chr10	47683259	47689755	6496	36	0	0	10	co_linked	co_linked	1-1	1-1	True	46	0.15	0.131	gain	FP	FP
chr10	47683280	47689755	6475	36	0	0	10	co_linked	co_linked	1-1	1-1	True	46	0.152	0.131	gain	FP	FP
chr10	48265259	48265267	8	41	0	0	49	co_linked	co_linked	2-1	2-1	True	90	0.543	0.544	gain	TP	TP
chr10	48504475	48530033	25558	6	0	0	1	sparse	co_linked	1-1	1-1	True	7	0.357	0.284	gain	TP	TP
chr10	49273867	49287559	13692	16	0	0	7	co_linked	co_linked	1-1	1-1	True	23	0.329	0.275	gain	TP	TP
chr10	51010774	51020634	9860	28	0	0	7	co_linked	co_linked	1-1	1-1	True	35	0.267	0.293	gain	TP	TP
chr10	52963158	52990156	26998	2	0	0	6	co_linked	co_linked	1-1	1-1	True	8	0.609	0.654	gain	TP	TP
chr10	53227965	53230965	3000	63	0	0	4	co_linked	co_linked	2-1	2-1	True	67	0.045	0.047	gain	FP	FP
chr10	54314748	54327370	12622	19	0	0	15	co_linked	co_linked	2-1	2-1	True	34	0.368	0.362	gain	TP	TP
chr10	54356928	54379989	23061	1	0	0	11	co_linked	co_linked	2-1	2-1	True	12	0.761	0.544	gain	TP	TP
chr10	54382747	54395915	13168	15	0	0	7	co_linked	co_linked	1-1	1-1	True	22	0.408	0.269	gain	TP	TP
chr10	54382747	54404336	21589	7	0	0	5	co_linked	co_linked	1-1	1-1	True	12	0.408	0.3	gain	TP	TP
chr10	54404336	54431318	26982	5	0	0	3	co_linked	co_linked	1-1	1-1	True	8	0.3	0.272	gain	TP	TP
chr10	54431318	54443526	12208	30	0	0	8	co_linked	co_linked	1-1	1-1	True	38	0.272	0.276	gain	TP	TP
chr10	57637758	57663174	25416	5	0	0	2	co_linked	co_linked	1-1	1-1	True	7	0.288	0.341	gain	TP	TP
chr10	58115206	58115207	1	64	0	0	35	co_linked	co_linked	2-1	2-1	True	99	0.354	0.369	gain	TP	TP
chr10	61805797	61807738	1941	44	0	0	3	co_linked	co_linked	1-1	1-1	True	47	0.055	0.05	loh	FP	FP
chr10	66109084	66138454	29370	4	0	0	2	co_linked	co_linked	1-1	1-1	True	6	0.439	0.309	loh	TP	TP
chr10	67032492	67033983	1491	34	0	0	3	co_linked	co_linked	1-1	1-1	True	37	0.075	0.091	loh	FP	FP
chr10	67819658	67819660	2	46	0	0	6	co_linked	co_linked	2-1	2-1	True	52	0.113	0.115	loh	FP	FP
chr10	70493807	70515910	22103	0	0	0	8	co_linked	co_linked	2-1	2-1	True	8	0.985	0.979	loh	TP	TP
chr10	74886307	74902004	15697	1	0	0	18	co_linked	co_linked	2-1	2-1	True	19	0.943	0.969	loh	TP	TP
chr10	74886307	74915251	28944	0	0	0	7	co_linked	co_linked	2-1	2-1	True	7	0.943	0.984	loh	TP	TP
chr10	74902004	74915251	13247	0	0	0	23	co_linked	co_linked	2-1	2-1	True	23	0.969	0.984	loh	TP	TP
chr10	77611525	77628375	16850	0	0	0	10	co_linked	co_linked	2-1	2-1	True	10	0.974	0.904	loh	TP	TP
chr10	78688349	78706894	18545	0	0	0	18	co_linked	co_linked	2-1	2-1	True	18	1.0	0.949	loh	TP	TP
chr10	80063729	80073960	10231	1	0	0	29	co_linked	co_linked	2-1	2-1	True	30	0.961	0.969	loh	TP	TP
chr10	82649960	82650195	235	28	0	0	15	co_linked	co_linked	1-1	1-1	True	43	0.349	0.37	loh	TP	TP
chr10	86016797	86017895	1098	1	0	0	46	co_linked	co_linked	1-1	1-1	True	47	0.982	0.983	loh	TP	TP
chr10	87629307	87635258	5951	0	0	0	36	co_linked	co_linked	1-1	1-1	True	36	0.983	1.0	loh	TP	TP
chr10	88260241	88264605	4364	0	0	0	34	co_linked	co_linked	2-1	2-1	True	34	1.0	1.0	loh	TP	TP
chr10	88260241	88278240	17999	0	0	0	11	co_linked	co_linked	2-1	2-1	True	11	1.0	0.958	loh	TP	TP
chr10	88264605	88278240	13635	0	0	0	15	co_linked	co_linked	2-1	2-1	True	15	1.0	0.958	loh	TP	TP
chr10	88278240	88299137	20897	1	0	0	12	co_linked	co_linked	2-1	2-1	True	13	0.958	0.985	loh	TP	TP
chr10	93844165	93844203	38	40	0	0	3	co_linked	co_linked	2-1	2-1	True	43	0.07	0.068	loh	FP	FP
chr10	97249507	97254561	5054	28	0	0	1	sparse	co_linked	1-1	1-1	True	29	0.055	0.065	loh	FP	FP
chr10	101845569	101849957	4388	1	0	0	42	co_linked	co_linked	2-1	2-1	True	43	0.981	0.931	loh	TP	TP
chr10	105402153	105425240	23087	1	0	0	8	co_linked	co_linked	1-1	1-1	True	9	0.783	0.983	loh	TP	TP
chr10	107319110	107319212	102	56	0	0	3	co_linked	co_linked	3	3	True	59	0.05	0.051	loh	FP	FP
chr10	107319110	107319574	464	56	0	0	3	co_linked	co_linked	3	3	True	59	0.05	0.051	loh	FP	FP
chr10	107319212	107319574	362	55	0	0	3	co_linked	co_linked	3	3	True	58	0.051	0.051	loh	FP	FP
chr10	109677531	109678315	784	41	0	0	2	co_linked	co_linked	2-1	2-1	True	43	0.044	0.04	loh	FP	FP
chr10	109677531	109678415	884	41	0	0	2	co_linked	co_linked	2-1	2-1	True	43	0.044	0.039	loh	FP	FP
chr10	109677531	109692356	14825	12	0	0	1	sparse	co_linked	2-1	2-1	True	13	0.044	0.047	loh	FP	FP
chr10	109678315	109678415	100	48	0	0	2	co_linked	co_linked	2-1	2-1	True	50	0.04	0.039	loh	FP	FP
chr10	109678315	109692356	14041	12	0	0	1	sparse	co_linked	2-1	2-1	True	13	0.04	0.047	loh	FP	FP
chr10	109678415	109692356	13941	13	0	0	1	sparse	co_linked	2-1	2-1	True	14	0.039	0.047	loh	FP	FP
chr10	111136532	111139984	3452	1	0	0	48	co_linked	co_linked	1-1	1-1	True	49	0.984	0.984	loh	TP	TP
chr10	111136532	111164813	28281	0	0	0	7	co_linked	co_linked	1-1	1-1	True	7	0.984	0.941	loh	TP	TP
chr10	111136532	111169025	32493	0	0	0	7	co_linked	co_linked	1-1	1-1	True	7	0.984	0.889	loh	TP	TP
chr10	111139984	111164813	24829	0	0	0	9	co_linked	co_linked	1-1	1-1	True	9	0.984	0.941	loh	TP	TP
chr10	111139984	111169025	29041	0	0	0	9	co_linked	co_linked	1-1	1-1	True	9	0.984	0.889	loh	TP	TP
chr10	111144510	111164813	20303	0	0	0	10	co_linked	co_linked	1-1	1-1	True	10	0.962	0.941	loh	TP	TP
chr10	111144510	111169025	24515	0	0	0	10	co_linked	co_linked	1-1	1-1	True	10	0.962	0.889	loh	TP	TP
chr10	111164813	111175002	10189	1	0	0	21	co_linked	co_linked	1-1	1-1	True	22	0.941	0.948	loh	TP	TP
chr10	112890178	112890179	1	40	0	0	24	co_linked	co_linked	2-1	2-1	True	64	0.369	0.385	loh	TP	TP
chr10	116997369	117019443	22074	0	0	0	11	co_linked	co_linked	1-1	1-1	True	11	0.969	0.913	loh	TP	TP
chr10	120778179	120816364	38185	2	0	0	4	co_linked	co_linked	1-1	1-1	True	6	0.566	0.461	gain	TP	TP
chr10	120816364	120833039	16675	19	0	0	12	co_linked	co_linked	1-1	1-1	True	31	0.461	0.5	gain	TP	TP
chr10	127490036	127509714	19678	8	0	0	8	co_linked	co_linked	2-1	2-1	True	16	0.427	0.511	gain	TP	TP
chr10	133073600	133086186	12586	21	0	0	4	co_linked	co_linked	2-1	2-1	True	25	0.255	0.369	gain	TP	TP
chr15	17079546	17079687	141	60	0	0	18	co_linked	co_linked	1-1	1-1	True	78	0.231	0.214	neutral	FP	FP
chr15	20363235	20391978	28743	14	0	0	1	sparse	co_linked	1-1	1-1	True	15	0.124	0.159	gain	TP	TP
chr15	28960577	28979438	18861	0	0	0	9	co_linked	co_linked	1-1	1-1	True	9	0.962	1.0	loh	TP	TP
chr15	36812008	36812012	4	32	0	0	19	co_linked	co_linked	2-1	2-1	True	51	0.385	0.365	loh	FP	FP
chr15	38324072	38326056	1984	36	0	0	2	co_linked	co_linked	1-1	1-1	True	38	0.055	0.061	loh	FP	FP
chr15	38324072	38326808	2736	36	0	0	2	co_linked	co_linked	1-1	1-1	True	38	0.055	0.056	loh	FP	FP
chr15	38324072	38334741	10669	17	0	0	1	sparse	co_linked	1-1	1-1	True	18	0.055	0.053	loh	FP	FP
chr15	38326056	38326808	752	43	0	0	3	co_linked	co_linked	1-1	1-1	True	46	0.061	0.056	loh	FP	FP
chr15	38326056	38334741	8685	20	0	0	2	co_linked	co_linked	1-1	1-1	True	22	0.061	0.053	loh	FP	FP
chr15	38326808	38334741	7933	23	0	0	2	co_linked	co_linked	1-1	1-1	True	25	0.056	0.053	loh	FP	FP
chr15	40622779	40622780	1	30	0	0	26	co_linked	co_linked	1-1	1-1	True	56	0.483	0.492	loh	TP	TP
chr15	40638845	40661443	22598	0	0	0	6	co_linked	co_linked	1-1	1-1	True	6	0.985	0.962	loh	TP	TP
chr15	40845384	40864553	19169	0	0	0	12	co_linked	co_linked	1-1	1-1	True	12	0.968	0.955	loh	TP	TP
chr15	43374081	43396202	22121	0	0	0	9	co_linked	co_linked	2-1	2-1	True	9	0.944	0.97	loh	TP	TP
chr15	44292483	44297781	5298	1	0	0	32	co_linked	co_linked	1-1	1-1	True	33	0.979	0.943	loh	TP	TP
chr15	44292483	44298173	5690	1	0	0	32	co_linked	co_linked	1-1	1-1	True	33	0.979	0.927	loh	TP	TP
chr15	46220692	46229076	8384	1	0	0	18	co_linked	co_linked	1-1	1-1	True	19	0.981	0.962	loh	TP	TP
chr15	46220692	46241844	21152	0	0	0	7	co_linked	co_linked	1-1	1-1	True	7	0.981	0.981	loh	TP	TP
chr15	46220692	46242876	22184	0	0	0	6	co_linked	co_linked	1-1	1-1	True	6	0.981	0.959	loh	TP	TP
chr15	46228504	46242669	14165	1	0	0	12	co_linked	co_linked	1-1	1-1	True	13	0.898	0.911	loh	TP	TP
chr15	46228504	46245739	17235	1	0	0	11	co_linked	co_linked	1-1	1-1	True	12	0.898	0.935	loh	TP	TP
chr15	46229076	46241844	12768	0	0	0	17	co_linked	co_linked	1-1	1-1	True	17	0.962	0.981	loh	TP	TP
chr15	46229076	46242876	13800	0	0	0	15	co_linked	co_linked	1-1	1-1	True	15	0.962	0.959	loh	TP	TP
chr15	46229076	46244613	15537	0	0	0	14	co_linked	co_linked	1-1	1-1	True	14	0.962	0.943	loh	TP	TP
chr15	46229076	46244718	15642	0	0	0	14	co_linked	co_linked	1-1	1-1	True	14	0.962	0.939	loh	TP	TP
chr15	46229076	46250127	21051	0	0	0	12	co_linked	co_linked	1-1	1-1	True	12	0.962	0.971	loh	TP	TP
chr15	46229076	46250384	21308	0	0	0	12	co_linked	co_linked	1-1	1-1	True	12	0.962	0.972	loh	TP	TP
chr15	46229076	46250598	21522	0	0	0	11	co_linked	co_linked	1-1	1-1	True	11	0.962	0.972	loh	TP	TP
chr15	46229076	46250652	21576	0	0	0	11	co_linked	co_linked	1-1	1-1	True	11	0.962	0.971	loh	TP	TP
chr15	46229076	46251887	22811	0	0	0	7	co_linked	co_linked	1-1	1-1	True	7	0.962	0.956	loh	TP	TP
chr15	46229076	46252731	23655	0	0	0	8	co_linked	co_linked	1-1	1-1	True	8	0.962	0.959	loh	TP	TP
chr15	46229076	46253842	24766	0	0	0	7	co_linked	co_linked	1-1	1-1	True	7	0.962	0.958	loh	TP	TP
chr15	46241844	46242876	1032	1	0	0	41	co_linked	co_linked	1-1	1-1	True	42	0.981	0.959	loh	TP	TP
chr15	46241844	46244718	2874	1	0	0	34	co_linked	co_linked	1-1	1-1	True	35	0.981	0.939	loh	TP	TP
chr15	46241844	46250384	8540	1	0	0	29	co_linked	co_linked	1-1	1-1	True	30	0.981	0.972	loh	TP	TP
chr15	46241844	46250598	8754	1	0	0	27	co_linked	co_linked	1-1	1-1	True	28	0.981	0.972	loh	TP	TP
chr15	46241844	46250652	8808	1	0	0	27	co_linked	co_linked	1-1	1-1	True	28	0.981	0.971	loh	TP	TP
chr15	46241844	46251887	10043	1	0	0	22	co_linked	co_linked	1-1	1-1	True	23	0.981	0.956	loh	TP	TP
chr15	46241844	46252731	10887	1	0	0	23	co_linked	co_linked	1-1	1-1	True	24	0.981	0.959	loh	TP	TP
chr15	46241844	46253842	11998	1	0	0	20	co_linked	co_linked	1-1	1-1	True	21	0.981	0.958	loh	TP	TP
chr15	46241844	46254685	12841	1	0	0	15	co_linked	co_linked	1-1	1-1	True	16	0.981	0.932	loh	TP	TP
chr15	46241844	46261643	19799	0	0	0	9	co_linked	co_linked	1-1	1-1	True	9	0.981	0.934	loh	TP	TP
chr15	46241844	46266017	24173	0	0	0	6	co_linked	co_linked	1-1	1-1	True	6	0.981	0.96	loh	TP	TP
chr15	46241844	46267239	25395	0	0	0	6	co_linked	co_linked	1-1	1-1	True	6	0.981	0.923	loh	TP	TP
chr15	46241844	46267541	25697	0	0	0	6	co_linked	co_linked	1-1	1-1	True	6	0.981	0.974	loh	TP	TP
chr15	46242669	46266017	23348	0	0	0	7	co_linked	co_linked	1-1	1-1	True	7	0.911	0.96	loh	TP	TP
chr15	46242669	46267239	24570	0	0	0	7	co_linked	co_linked	1-1	1-1	True	7	0.911	0.923	loh	TP	TP
chr15	46242669	46267541	24872	0	0	0	7	co_linked	co_linked	1-1	1-1	True	7	0.911	0.974	loh	TP	TP
chr15	46242669	46268919	26250	0	0	0	6	co_linked	co_linked	1-1	1-1	True	6	0.911	0.939	loh	TP	TP
chr15	46242876	46250384	7508	2	0	0	31	co_linked	co_linked	1-1	1-1	True	33	0.959	0.972	loh	TP	TP
chr15	46242876	46250598	7722	2	0	0	29	co_linked	co_linked	1-1	1-1	True	31	0.959	0.972	loh	TP	TP
chr15	46242876	46250652	7776	2	0	0	29	co_linked	co_linked	1-1	1-1	True	31	0.959	0.971	loh	TP	TP
chr15	46242876	46251887	9011	2	0	0	24	co_linked	co_linked	1-1	1-1	True	26	0.959	0.956	loh	TP	TP
chr15	46242876	46252731	9855	2	0	0	24	co_linked	co_linked	1-1	1-1	True	26	0.959	0.959	loh	TP	TP
chr15	46242876	46253842	10966	2	0	0	22	co_linked	co_linked	1-1	1-1	True	24	0.959	0.958	loh	TP	TP
chr15	46242876	46254685	11809	2	0	0	17	co_linked	co_linked	1-1	1-1	True	19	0.959	0.932	loh	TP	TP
chr15	46242876	46261643	18767	0	0	0	11	co_linked	co_linked	1-1	1-1	True	11	0.959	0.934	loh	TP	TP
chr15	46242876	46266017	23141	0	0	0	7	co_linked	co_linked	1-1	1-1	True	7	0.959	0.96	loh	TP	TP
chr15	46242876	46267239	24363	0	0	0	7	co_linked	co_linked	1-1	1-1	True	7	0.959	0.923	loh	TP	TP
chr15	46242876	46267541	24665	0	0	0	7	co_linked	co_linked	1-1	1-1	True	7	0.959	0.974	loh	TP	TP
chr15	46242876	46268919	26043	0	0	0	6	co_linked	co_linked	1-1	1-1	True	6	0.959	0.939	loh	TP	TP
chr15	46244613	46252731	8118	2	0	0	27	co_linked	co_linked	1-1	1-1	True	29	0.943	0.959	loh	TP	TP
chr15	46244613	46253842	9229	2	0	0	24	co_linked	co_linked	1-1	1-1	True	26	0.943	0.958	loh	TP	TP
chr15	46244613	46254685	10072	2	0	0	18	co_linked	co_linked	1-1	1-1	True	20	0.943	0.932	loh	TP	TP
chr15	46244613	46261643	17030	0	0	0	11	co_linked	co_linked	1-1	1-1	True	11	0.943	0.934	loh	TP	TP
chr15	46244613	46266017	21404	0	0	0	7	co_linked	co_linked	1-1	1-1	True	7	0.943	0.96	loh	TP	TP
chr15	46244613	46267239	22626	0	0	0	7	co_linked	co_linked	1-1	1-1	True	7	0.943	0.923	loh	TP	TP
chr15	46244613	46267541	22928	0	0	0	7	co_linked	co_linked	1-1	1-1	True	7	0.943	0.974	loh	TP	TP
chr15	46244613	46268919	24306	0	0	0	6	co_linked	co_linked	1-1	1-1	True	6	0.943	0.939	loh	TP	TP
chr15	46244718	46250384	5666	2	0	0	35	co_linked	co_linked	1-1	1-1	True	37	0.939	0.972	loh	TP	TP
chr15	46244718	46250598	5880	2	0	0	33	co_linked	co_linked	1-1	1-1	True	35	0.939	0.972	loh	TP	TP
chr15	46244718	46250652	5934	2	0	0	33	co_linked	co_linked	1-1	1-1	True	35	0.939	0.971	loh	TP	TP
chr15	46244718	46252731	8013	2	0	0	27	co_linked	co_linked	1-1	1-1	True	29	0.939	0.959	loh	TP	TP
chr15	46244718	46253842	9124	2	0	0	25	co_linked	co_linked	1-1	1-1	True	27	0.939	0.958	loh	TP	TP
chr15	46244718	46254685	9967	2	0	0	19	co_linked	co_linked	1-1	1-1	True	21	0.939	0.932	loh	TP	TP
chr15	46244718	46261643	16925	0	0	0	11	co_linked	co_linked	1-1	1-1	True	11	0.939	0.934	loh	TP	TP
chr15	46244718	46266017	21299	0	0	0	7	co_linked	co_linked	1-1	1-1	True	7	0.939	0.96	loh	TP	TP
chr15	46244718	46267239	22521	0	0	0	7	co_linked	co_linked	1-1	1-1	True	7	0.939	0.923	loh	TP	TP
chr15	46244718	46267541	22823	0	0	0	7	co_linked	co_linked	1-1	1-1	True	7	0.939	0.974	loh	TP	TP
chr15	46244718	46268919	24201	0	0	0	6	co_linked	co_linked	1-1	1-1	True	6	0.939	0.939	loh	TP	TP
chr15	46244718	46268995	24277	0	0	0	6	co_linked	co_linked	1-1	1-1	True	6	0.939	0.951	loh	TP	TP
chr15	46245092	46252731	7639	2	0	0	28	co_linked	co_linked	1-1	1-1	True	30	0.942	0.959	loh	TP	TP
chr15	46245092	46253842	8750	2	0	0	25	co_linked	co_linked	1-1	1-1	True	27	0.942	0.958	loh	TP	TP
chr15	46245092	46254685	9593	2	0	0	19	co_linked	co_linked	1-1	1-1	True	21	0.942	0.932	loh	TP	TP
chr15	46245092	46261643	16551	0	0	0	12	co_linked	co_linked	1-1	1-1	True	12	0.942	0.934	loh	TP	TP
chr15	46245092	46266017	20925	0	0	0	8	co_linked	co_linked	1-1	1-1	True	8	0.942	0.96	loh	TP	TP
chr15	46245092	46267239	22147	0	0	0	8	co_linked	co_linked	1-1	1-1	True	8	0.942	0.923	loh	TP	TP
chr15	46245092	46267541	22449	0	0	0	8	co_linked	co_linked	1-1	1-1	True	8	0.942	0.974	loh	TP	TP
chr15	46245092	46268919	23827	0	0	0	7	co_linked	co_linked	1-1	1-1	True	7	0.942	0.939	loh	TP	TP
chr15	46245739	46266017	20278	0	0	0	12	co_linked	co_linked	1-1	1-1	True	12	0.935	0.96	loh	TP	TP
chr15	46245739	46267541	21802	0	0	0	12	co_linked	co_linked	1-1	1-1	True	12	0.935	0.974	loh	TP	TP
chr15	46245739	46268919	23180	0	0	0	11	co_linked	co_linked	1-1	1-1	True	11	0.935	0.939	loh	TP	TP
chr15	46250127	46266017	15890	0	0	0	18	co_linked	co_linked	1-1	1-1	True	18	0.971	0.96	loh	TP	TP
chr15	46250127	46267541	17414	0	0	0	18	co_linked	co_linked	1-1	1-1	True	18	0.971	0.974	loh	TP	TP
chr15	46250127	46268919	18792	0	0	0	17	co_linked	co_linked	1-1	1-1	True	17	0.971	0.939	loh	TP	TP
chr15	46250127	46277512	27385	0	0	0	6	co_linked	co_linked	1-1	1-1	True	6	0.971	0.986	loh	TP	TP
chr15	46250384	46250598	214	2	0	0	68	co_linked	co_linked	1-1	1-1	True	70	0.972	0.972	loh	TP	TP
chr15	46250384	46250652	268	2	0	0	67	co_linked	co_linked	1-1	1-1	True	69	0.972	0.971	loh	TP	TP
chr15	46250384	46266017	15633	0	0	0	18	co_linked	co_linked	1-1	1-1	True	18	0.972	0.96	loh	TP	TP
chr15	46250384	46267541	17157	0	0	0	18	co_linked	co_linked	1-1	1-1	True	18	0.972	0.974	loh	TP	TP
chr15	46250384	46268919	18535	0	0	0	17	co_linked	co_linked	1-1	1-1	True	17	0.972	0.939	loh	TP	TP
chr15	46250384	46277512	27128	0	0	0	6	co_linked	co_linked	1-1	1-1	True	6	0.972	0.986	loh	TP	TP
chr15	46250598	46250652	54	2	0	0	68	co_linked	co_linked	1-1	1-1	True	70	0.972	0.971	loh	TP	TP
chr15	46250598	46266017	15419	0	0	0	18	co_linked	co_linked	1-1	1-1	True	18	0.972	0.96	loh	TP	TP
chr15	46250598	46267541	16943	0	0	0	18	co_linked	co_linked	1-1	1-1	True	18	0.972	0.974	loh	TP	TP
chr15	46250598	46268919	18321	0	0	0	17	co_linked	co_linked	1-1	1-1	True	17	0.972	0.939	loh	TP	TP
chr15	46250598	46277512	26914	0	0	0	6	co_linked	co_linked	1-1	1-1	True	6	0.972	0.986	loh	TP	TP
chr15	46250652	46252731	2079	2	0	0	52	co_linked	co_linked	1-1	1-1	True	54	0.971	0.959	loh	TP	TP
chr15	46250652	46266017	15365	0	0	0	17	co_linked	co_linked	1-1	1-1	True	17	0.971	0.96	loh	TP	TP
chr15	46250652	46267541	16889	0	0	0	17	co_linked	co_linked	1-1	1-1	True	17	0.971	0.974	loh	TP	TP
chr15	46250652	46268919	18267	0	0	0	16	co_linked	co_linked	1-1	1-1	True	16	0.971	0.939	loh	TP	TP
chr15	46251887	46266017	14130	0	0	0	23	co_linked	co_linked	1-1	1-1	True	23	0.956	0.96	loh	TP	TP
chr15	46251887	46267541	15654	0	0	0	21	co_linked	co_linked	1-1	1-1	True	21	0.956	0.974	loh	TP	TP
chr15	46251887	46268919	17032	0	0	0	22	co_linked	co_linked	1-1	1-1	True	22	0.956	0.939	loh	TP	TP
chr15	46251887	46277512	25625	0	0	0	9	co_linked	co_linked	1-1	1-1	True	9	0.956	0.986	loh	TP	TP
chr15	46253842	46277512	23670	0	0	0	11	co_linked	co_linked	1-1	1-1	True	11	0.958	0.986	loh	TP	TP
chr15	46254685	46268919	14234	1	0	0	27	co_linked	co_linked	1-1	1-1	True	28	0.932	0.939	loh	TP	TP
chr15	46267541	46277512	9971	1	0	0	35	co_linked	co_linked	1-1	1-1	True	36	0.974	0.986	loh	TP	TP
chr15	46268995	46277512	8517	1	0	0	40	co_linked	co_linked	1-1	1-1	True	41	0.951	0.986	loh	TP	TP
chr15	46309801	46314530	4729	26	0	0	3	co_linked	co_linked	1-1	1-1	True	29	0.082	0.083	loh	FP	FP
chr15	46309801	46316372	6571	25	0	0	3	co_linked	co_linked	1-1	1-1	True	28	0.082	0.078	loh	FP	FP
chr15	46309801	46319175	9374	17	0	0	3	co_linked	co_linked	1-1	1-1	True	20	0.082	0.087	loh	FP	FP
chr15	46314530	46316372	1842	37	0	0	4	co_linked	co_linked	1-1	1-1	True	41	0.083	0.078	loh	FP	FP
chr15	46314530	46319175	4645	27	0	0	4	co_linked	co_linked	1-1	1-1	True	31	0.083	0.087	loh	FP	FP
chr15	46316372	46319175	2803	32	0	0	4	co_linked	co_linked	1-1	1-1	True	36	0.078	0.087	loh	FP	FP
chr15	47390626	47399938	9312	0	0	0	26	co_linked	co_linked	2-1	2-1	True	26	1.0	1.0	loh	TP	TP
chr15	50683945	50710672	26727	0	0	0	8	co_linked	co_linked	1-1	1-1	True	8	0.973	0.898	loh	TP	TP
chr15	50787052	50789672	2620	0	0	0	38	co_linked	co_linked	1-1	1-1	True	38	0.98	1.0	loh	TP	TP
chr15	52929211	52929212	1	0	0	0	41	co_linked	co_linked	2-1	2-1	True	41	1.0	1.0	loh	TP	TP
chr15	53710894	53712319	1425	46	0	0	4	co_linked	co_linked	2-1	2-1	True	50	0.083	0.074	loh	FP	FP
chr15	53710894	53713047	2153	40	0	0	4	co_linked	co_linked	2-1	2-1	True	44	0.083	0.077	loh	FP	FP
chr15	53710894	53717034	6140	28	0	0	3	co_linked	co_linked	2-1	2-1	True	31	0.083	0.075	loh	FP	FP
chr15	53712319	53713047	728	43	0	0	4	co_linked	co_linked	2-1	2-1	True	47	0.074	0.077	loh	FP	FP
chr15	53712319	53717034	4715	31	0	0	3	co_linked	co_linked	2-1	2-1	True	34	0.074	0.075	loh	FP	FP
chr15	53713047	53717034	3987	34	0	0	3	co_linked	co_linked	2-1	2-1	True	37	0.077	0.075	loh	FP	FP
chr15	55970746	55989484	18738	13	0	0	11	co_linked	co_linked	1-1	1-1	True	24	0.482	0.458	gain	TP	TP
chr15	56764799	56795903	31104	7	0	0	2	co_linked	co_linked	2-1	2-1	True	9	0.205	0.437	gain	TP	TP
chr15	58371312	58398584	27272	3	0	0	8	co_linked	co_linked	2-1	2-1	True	11	0.486	0.475	gain	TP	TP
chr15	59308982	59338131	29149	3	0	0	3	co_linked	co_linked	1-1	1-1	True	6	0.514	0.528	gain	TP	TP
chr15	60294670	60304019	9349	27	0	0	23	co_linked	co_linked	1-1	1-1	True	50	0.471	0.429	gain	TP	TP
chr15	61348174	61358662	10488	25	0	0	23	co_linked	co_linked	1-1	1-1	True	48	0.514	0.451	gain	TP	TP
chr15	62247006	62281898	34892	6	0	0	1	sparse	co_linked	1-1	1-1	True	7	0.441	0.495	gain	TP	TP
chr15	62363109	62379321	16212	22	0	0	13	co_linked	co_linked	1-1	1-1	True	35	0.476	0.5	gain	TP	TP
chr15	62803871	62835264	31393	3	0	0	3	co_linked	co_linked	1-1	1-1	True	6	0.442	0.476	gain	TP	TP
chr15	62819537	62835264	15727	21	0	0	19	co_linked	co_linked	1-1	1-1	True	40	0.529	0.476	gain	TP	TP
chr15	69618314	69635745	17431	19	0	0	5	co_linked	co_linked	2-1	2-1	True	24	0.269	0.291	gain	TP	TP
chr15	69618316	69635745	17429	19	0	0	5	co_linked	co_linked	2-1	2-1	True	24	0.292	0.291	gain	TP	TP
chr15	69753288	69769459	16171	21	0	0	15	co_linked	co_linked	1-1	1-1	True	36	0.466	0.446	gain	TP	TP
chr15	69807479	69831047	23568	10	0	0	3	co_linked	co_linked	2-1	2-1	True	13	0.195	0.304	gain	TP	TP
chr15	69807479	69831049	23570	10	0	0	3	co_linked	co_linked	2-1	2-1	True	13	0.195	0.322	gain	TP	TP
chr15	69831047	69831049	2	59	0	0	28	co_linked	co_linked	2-1	2-1	True	87	0.304	0.322	gain	TP	TP
chr15	71813230	71829063	15833	19	0	0	8	co_linked	co_linked	1-1	1-1	True	27	0.423	0.366	gain	TP	TP
chr15	72858635	72861183	2548	33	0	0	43	co_linked	co_linked	1-1	1-1	True	76	0.6	0.541	gain	TP	TP
chr15	75253301	75253329	28	127	0	0	17	co_linked	co_linked	1-1	1-1	True	144	0.117	0.13	gain	FP	FP
chr15	75253301	75253375	74	127	0	0	17	co_linked	co_linked	1-1	1-1	True	144	0.117	0.13	gain	FP	FP
chr15	75253301	75253506	205	126	0	0	17	co_linked	co_linked	1-1	1-1	True	143	0.117	0.128	gain	FP	FP
chr15	75253301	75254055	754	117	0	0	17	co_linked	co_linked	1-1	1-1	True	134	0.117	0.133	gain	FP	FP
chr15	75253329	75253375	46	127	0	0	19	co_linked	co_linked	1-1	1-1	True	146	0.13	0.13	gain	FP	FP
chr15	75253329	75253506	177	126	0	0	19	co_linked	co_linked	1-1	1-1	True	145	0.13	0.128	gain	FP	FP
chr15	75253329	75254055	726	117	0	0	19	co_linked	co_linked	1-1	1-1	True	136	0.13	0.133	gain	FP	FP
chr15	75253375	75253506	131	126	0	0	19	co_linked	co_linked	1-1	1-1	True	145	0.13	0.128	gain	FP	FP
chr15	75253375	75254055	680	117	0	0	19	co_linked	co_linked	1-1	1-1	True	136	0.13	0.133	gain	FP	FP
chr15	75253506	75254055	549	120	0	0	19	co_linked	co_linked	1-1	1-1	True	139	0.128	0.133	gain	FP	FP
chr15	76413335	76433868	20533	13	0	0	9	co_linked	co_linked	1-1	1-1	True	22	0.398	0.53	gain	TP	TP
chr15	79669601	79685313	15712	4	0	0	16	co_linked	co_linked	1-1	1-1	True	20	0.671	0.775	gain	TP	TP
chr15	83838555	83866597	28042	6	0	0	3	co_linked	co_linked	2-1	2-1	True	9	0.282	0.248	gain	TP	TP
chr15	84592974	84615247	22273	9	0	0	3	co_linked	co_linked	1-1	1-1	True	12	0.239	0.27	gain	TP	TP
chr15	85283821	85322605	38784	5	0	0	1	sparse	co_linked	1-1	1-1	True	6	0.235	0.276	gain	TP	TP
chr15	85949389	85972337	22948	9	0	0	2	co_linked	co_linked	2-1	2-1	True	11	0.302	0.245	gain	TP	TP
chr15	85949389	85972338	22949	9	0	0	2	co_linked	co_linked	2-1	2-1	True	11	0.302	0.235	gain	TP	TP
chr15	86026951	86066525	39574	4	0	0	3	co_linked	co_linked	1-1	1-1	True	7	0.3	0.246	gain	TP	TP
chr15	86213704	86243710	30006	3	0	0	3	co_linked	co_linked	1-1	1-1	True	6	0.231	0.144	gain	TP	TP
chr15	86339080	86369176	30096	5	0	0	3	co_linked	co_linked	1-1	1-1	True	8	0.479	0.5	gain	TP	TP
chr15	86369176	86395484	26308	1	0	0	7	co_linked	co_linked	1-1	1-1	True	8	0.5	0.573	gain	TP	TP
chr15	86787572	86811135	23563	8	0	0	3	co_linked	co_linked	2-1	2-1	True	11	0.225	0.272	gain	TP	TP
chr15	87126308	87154773	28465	3	0	0	5	co_linked	co_linked	1-1	1-1	True	8	0.42	0.474	gain	TP	TP
chr15	88773033	88792139	19106	15	0	0	5	co_linked	co_linked	2-1	2-1	True	20	0.262	0.282	gain	TP	TP
chr15	88917232	88937373	20141	25	0	0	4	co_linked	co_linked	2-1	2-1	True	29	0.209	0.207	gain	TP	TP
chr15	88917232	88943075	25843	11	0	0	2	co_linked	co_linked	2-1	2-1	True	13	0.209	0.206	gain	TP	TP
chr15	88917232	88946285	29053	9	0	0	2	co_linked	co_linked	2-1	2-1	True	11	0.209	0.222	gain	TP	TP
chr15	88937373	88946285	8912	44	0	0	12	co_linked	co_linked	2-1	2-1	True	56	0.207	0.222	gain	TP	TP
chr15	88943075	88946285	3210	67	0	0	17	co_linked	co_linked	2-1	2-1	True	84	0.206	0.222	gain	TP	TP
chr15	90421886	90434072	12186	28	0	0	9	co_linked	co_linked	2-1	2-1	True	37	0.262	0.163	gain	TP	TP
chr15	91766855	91770017	3162	98	0	0	19	co_linked	co_linked	2-1	2-1	True	117	0.159	0.148	gain	TP	TP
chr15	92262764	92272626	9862	42	0	0	12	co_linked	co_linked	2-1	2-1	True	54	0.189	0.213	gain	TP	TP
chr15	92466729	92474318	7589	61	0	0	9	co_linked	co_linked	1-1	1-1	True	70	0.174	0.141	gain	TP	TP
chr15	92793852	92811410	17558	32	0	0	10	co_linked	co_linked	2-1	2-1	True	42	0.188	0.229	gain	TP	TP
chr15	93785932	93802970	17038	8	0	0	18	co_linked	co_linked	1-1	1-1	True	26	0.609	0.647	gain	TP	TP
chr15	95338521	95359943	21422	7	0	0	21	co_linked	co_linked	1-1	1-1	True	28	0.633	0.614	gain	TP	TP
chr15	95359943	95379569	19626	9	0	0	13	co_linked	co_linked	1-1	1-1	True	22	0.614	0.549	gain	TP	TP
chr15	95375711	95375712	1	99	0	0	36	co_linked	co_linked	1-1	1-1	True	135	0.267	0.275	gain	TP	TP
chr15	96160112	96201667	41555	1	0	0	5	co_linked	co_linked	1-1	1-1	True	6	0.566	0.66	gain	TP	TP
chr15	96199169	96220503	21334	21	0	0	5	co_linked	co_linked	2-1	2-1	True	26	0.156	0.18	gain	TP	TP
chr15	97249412	97257044	7632	68	0	0	7	co_linked	co_linked	2-1	2-1	True	75	0.142	0.178	gain	TP	TP
chr15	97282549	97298024	15475	15	0	0	14	co_linked	co_linked	1-1	1-1	True	29	0.451	0.346	gain	TP	TP
chr15	97519287	97542230	22943	16	0	0	2	co_linked	co_linked	2-1	2-1	True	18	0.186	0.172	gain	TP	TP
chr15	98237023	98268664	31641	8	0	0	2	co_linked	co_linked	1-1	1-1	True	10	0.338	0.373	gain	TP	TP
chr15	98237024	98268665	31641	7	0	0	3	co_linked	co_linked	1-1	1-1	True	10	0.399	0.387	gain	TP	TP
chr15	98658915	98688171	29256	9	0	0	5	co_linked	co_linked	2-1	2-1	True	14	0.275	0.168	gain	TP	TP
chr15	98688171	98700529	12358	39	0	0	7	co_linked	co_linked	2-1	2-1	True	46	0.168	0.125	gain	TP	TP
chr15	99152291	99152357	66	94	0	0	20	co_linked	co_linked	2-1	2-1	True	114	0.176	0.175	gain	TP	TP
chr15	99719449	99729894	10445	27	0	0	17	co_linked	co_linked	1-1	1-1	True	44	0.279	0.328	gain	TP	TP
chr15	99726138	99729894	3756	51	0	0	25	co_linked	co_linked	1-1	1-1	True	76	0.308	0.328	gain	TP	TP
chr15	101692884	101692885	1	128	0	0	17	co_linked	co_linked	1-1	1-1	True	145	0.116	0.117	gain	TP	TP
chr20	1438664	1457605	18941	11	0	0	4	co_linked	co_linked	2-1	2-1	True	15	0.32	0.198	gain	TP	TP
chr20	1492900	1510318	17418	19	0	0	10	co_linked	co_linked	2-1	2-1	True	29	0.314	0.27	gain	TP	TP
chr20	4873063	4873064	1	58	0	0	32	co_linked	co_linked	1-1	1-1	True	90	0.34	0.352	gain	TP	TP
chr20	5642793	5642794	1	80	0	0	24	co_linked	co_linked	1-1	1-1	True	104	0.224	0.231	gain	TP	TP
chr20	6630165	6654520	24355	8	0	0	5	co_linked	co_linked	1-1	1-1	True	13	0.404	0.364	gain	TP	TP
chr20	6707628	6726142	18514	4	0	0	10	co_linked	co_linked	1-1	1-1	True	14	0.693	0.649	gain	TP	TP
chr20	7482356	7482362	6	62	0	0	28	co_linked	co_linked	2-1	2-1	True	90	0.326	0.301	gain	TP	TP
chr20	10557314	10574505	17191	12	0	0	9	co_linked	co_linked	2-1	2-1	True	21	0.407	0.267	gain	TP	TP
chr20	10888443	10910972	22529	9	0	0	2	co_linked	co_linked	2-1	2-1	True	11	0.279	0.28	gain	TP	TP
chr20	10910972	10920956	9984	28	0	0	14	co_linked	co_linked	2-1	2-1	True	42	0.28	0.321	gain	TP	TP
chr20	11075961	11101383	25422	6	0	0	1	sparse	co_linked	2-1	2-1	True	7	0.259	0.338	gain	TP	TP
chr20	16183676	16183677	1	55	0	0	28	co_linked	co_linked	1-1	1-1	True	83	0.341	0.337	gain	TP	TP
chr20	18767421	18768516	1095	71	0	0	3	co_linked	co_linked	1-1	1-1	True	74	0.036	0.039	gain	FP	FP
chr20	19783933	19783934	1	54	0	0	27	co_linked	co_linked	2-1	2-1	True	81	0.329	0.333	gain	TP	TP
chr20	20070124	20096493	26369	2	0	0	5	co_linked	co_linked	1-1	1-1	True	7	0.353	0.413	gain	TP	TP
chr20	22544238	22561507	17269	10	0	0	5	co_linked	co_linked	2-1	2-1	True	15	0.469	0.578	gain	TP	TP
chr20	22793066	22807571	14505	14	0	0	8	co_linked	co_linked	1-1	1-1	True	22	0.389	0.265	gain	TP	TP
chr20	29582840	29583001	161	41	0	0	7	co_linked	co_linked	2-1	2-1	True	48	0.146	0.146	gain	FP	FP
chr20	29582840	29583115	275	41	0	0	7	co_linked	co_linked	2-1	2-1	True	48	0.146	0.137	gain	FP	FP
chr20	29582840	29583151	311	41	0	0	7	co_linked	co_linked	2-1	2-1	True	48	0.146	0.135	gain	FP	FP
chr20	29582840	29583227	387	40	0	0	7	co_linked	co_linked	2-1	2-1	True	47	0.146	0.154	gain	FP	FP
chr20	29582840	29583300	460	40	0	0	7	co_linked	co_linked	2-1	2-1	True	47	0.146	0.151	gain	FP	FP
chr20	29582840	29583425	585	40	0	0	7	co_linked	co_linked	2-1	2-1	True	47	0.146	0.148	gain	FP	FP
chr20	29582840	29583592	752	39	0	0	6	co_linked	co_linked	2-1	2-1	True	45	0.146	0.115	gain	FP	FP
chr20	29582840	29583781	941	37	0	0	7	co_linked	co_linked	2-1	2-1	True	44	0.146	0.16	gain	FP	FP
chr20	29582840	29583826	986	37	0	0	6	co_linked	co_linked	2-1	2-1	True	43	0.146	0.143	gain	FP	FP
chr20	29582840	29583843	1003	37	0	0	7	co_linked	co_linked	2-1	2-1	True	44	0.146	0.157	gain	FP	FP
chr20	29582840	29584148	1308	36	0	0	7	co_linked	co_linked	2-1	2-1	True	43	0.146	0.154	gain	FP	FP
chr20	29582840	29584195	1355	36	0	0	7	co_linked	co_linked	2-1	2-1	True	43	0.146	0.167	gain	FP	FP
chr20	29582840	29584413	1573	35	0	0	7	co_linked	co_linked	2-1	2-1	True	42	0.146	0.164	gain	FP	FP
chr20	29582857	29583592	735	39	0	0	6	co_linked	co_linked	2-1	2-1	True	45	0.125	0.115	gain	FP	FP
chr20	29582857	29584257	1400	37	0	0	6	co_linked	co_linked	2-1	2-1	True	43	0.125	0.148	gain	FP	FP
chr20	29583001	29583115	114	41	0	0	7	co_linked	co_linked	2-1	2-1	True	48	0.146	0.137	gain	FP	FP
chr20	29583001	29583151	150	41	0	0	7	co_linked	co_linked	2-1	2-1	True	48	0.146	0.135	gain	FP	FP
chr20	29583001	29583227	226	40	0	0	7	co_linked	co_linked	2-1	2-1	True	47	0.146	0.154	gain	FP	FP
chr20	29583001	29583300	299	40	0	0	7	co_linked	co_linked	2-1	2-1	True	47	0.146	0.151	gain	FP	FP
chr20	29583001	29583425	424	40	0	0	7	co_linked	co_linked	2-1	2-1	True	47	0.146	0.148	gain	FP	FP
chr20	29583001	29583592	591	39	0	0	6	co_linked	co_linked	2-1	2-1	True	45	0.146	0.115	gain	FP	FP
chr20	29583001	29583781	780	37	0	0	7	co_linked	co_linked	2-1	2-1	True	44	0.146	0.16	gain	FP	FP
chr20	29583001	29583826	825	37	0	0	6	co_linked	co_linked	2-1	2-1	True	43	0.146	0.143	gain	FP	FP
chr20	29583001	29583843	842	37	0	0	7	co_linked	co_linked	2-1	2-1	True	44	0.146	0.157	gain	FP	FP
chr20	29583001	29584148	1147	36	0	0	7	co_linked	co_linked	2-1	2-1	True	43	0.146	0.154	gain	FP	FP
chr20	29583001	29584195	1194	36	0	0	7	co_linked	co_linked	2-1	2-1	True	43	0.146	0.167	gain	FP	FP
chr20	29583001	29584413	1412	35	0	0	7	co_linked	co_linked	2-1	2-1	True	42	0.146	0.164	gain	FP	FP
chr20	29583115	29583151	36	44	0	0	7	co_linked	co_linked	2-1	2-1	True	51	0.137	0.135	gain	FP	FP
chr20	29583115	29583227	112	43	0	0	7	co_linked	co_linked	2-1	2-1	True	50	0.137	0.154	gain	FP	FP
chr20	29583115	29583300	185	43	0	0	7	co_linked	co_linked	2-1	2-1	True	50	0.137	0.151	gain	FP	FP
chr20	29583115	29583425	310	43	0	0	7	co_linked	co_linked	2-1	2-1	True	50	0.137	0.148	gain	FP	FP
chr20	29583115	29583592	477	42	0	0	6	co_linked	co_linked	2-1	2-1	True	48	0.137	0.115	gain	FP	FP
chr20	29583115	29583781	666	40	0	0	7	co_linked	co_linked	2-1	2-1	True	47	0.137	0.16	gain	FP	FP
chr20	29583115	29583826	711	39	0	0	6	co_linked	co_linked	2-1	2-1	True	45	0.137	0.143	gain	FP	FP
chr20	29583115	29583843	728	40	0	0	7	co_linked	co_linked	2-1	2-1	True	47	0.137	0.157	gain	FP	FP
chr20	29583115	29584148	1033	38	0	0	7	co_linked	co_linked	2-1	2-1	True	45	0.137	0.154	gain	FP	FP
chr20	29583115	29584195	1080	38	0	0	7	co_linked	co_linked	2-1	2-1	True	45	0.137	0.167	gain	FP	FP
chr20	29583115	29584413	1298	37	0	0	7	co_linked	co_linked	2-1	2-1	True	44	0.137	0.164	gain	FP	FP
chr20	29583151	29583227	76	44	0	0	7	co_linked	co_linked	2-1	2-1	True	51	0.135	0.154	gain	FP	FP
chr20	29583151	29583300	149	44	0	0	7	co_linked	co_linked	2-1	2-1	True	51	0.135	0.151	gain	FP	FP
chr20	29583151	29583425	274	44	0	0	7	co_linked	co_linked	2-1	2-1	True	51	0.135	0.148	gain	FP	FP
chr20	29583151	29583592	441	43	0	0	6	co_linked	co_linked	2-1	2-1	True	49	0.135	0.115	gain	FP	FP
chr20	29583151	29583781	630	41	0	0	7	co_linked	co_linked	2-1	2-1	True	48	0.135	0.16	gain	FP	FP
chr20	29583151	29583826	675	40	0	0	6	co_linked	co_linked	2-1	2-1	True	46	0.135	0.143	gain	FP	FP
chr20	29583151	29583843	692	41	0	0	7	co_linked	co_linked	2-1	2-1	True	48	0.135	0.157	gain	FP	FP
chr20	29583151	29584148	997	39	0	0	7	co_linked	co_linked	2-1	2-1	True	46	0.135	0.154	gain	FP	FP
chr20	29583151	29584195	1044	39	0	0	7	co_linked	co_linked	2-1	2-1	True	46	0.135	0.167	gain	FP	FP
chr20	29583151	29584413	1262	38	0	0	7	co_linked	co_linked	2-1	2-1	True	45	0.135	0.164	gain	FP	FP
chr20	29583227	29583300	73	43	0	0	8	co_linked	co_linked	2-1	2-1	True	51	0.154	0.151	gain	FP	FP
chr20	29583227	29583425	198	43	0	0	8	co_linked	co_linked	2-1	2-1	True	51	0.154	0.148	gain	FP	FP
chr20	29583227	29583781	554	40	0	0	8	co_linked	co_linked	2-1	2-1	True	48	0.154	0.16	gain	FP	FP
chr20	29583227	29583826	599	39	0	0	7	co_linked	co_linked	2-1	2-1	True	46	0.154	0.143	gain	FP	FP
chr20	29583227	29583843	616	40	0	0	8	co_linked	co_linked	2-1	2-1	True	48	0.154	0.157	gain	FP	FP
chr20	29583227	29584148	921	38	0	0	8	co_linked	co_linked	2-1	2-1	True	46	0.154	0.154	gain	FP	FP
chr20	29583227	29584195	968	38	0	0	8	co_linked	co_linked	2-1	2-1	True	46	0.154	0.167	gain	FP	FP
chr20	29583227	29584413	1186	37	0	0	8	co_linked	co_linked	2-1	2-1	True	45	0.154	0.164	gain	FP	FP
chr20	29583300	29583425	125	44	0	0	8	co_linked	co_linked	2-1	2-1	True	52	0.151	0.148	gain	FP	FP
chr20	29583300	29583781	481	41	0	0	8	co_linked	co_linked	2-1	2-1	True	49	0.151	0.16	gain	FP	FP
chr20	29583300	29583826	526	40	0	0	7	co_linked	co_linked	2-1	2-1	True	47	0.151	0.143	gain	FP	FP
chr20	29583300	29583843	543	41	0	0	8	co_linked	co_linked	2-1	2-1	True	49	0.151	0.157	gain	FP	FP
chr20	29583300	29584148	848	39	0	0	8	co_linked	co_linked	2-1	2-1	True	47	0.151	0.154	gain	FP	FP
chr20	29583300	29584195	895	39	0	0	8	co_linked	co_linked	2-1	2-1	True	47	0.151	0.167	gain	FP	FP
chr20	29583300	29584413	1113	38	0	0	8	co_linked	co_linked	2-1	2-1	True	46	0.151	0.164	gain	FP	FP
chr20	29583425	29583781	356	42	0	0	8	co_linked	co_linked	2-1	2-1	True	50	0.148	0.16	gain	FP	FP
chr20	29583425	29583826	401	41	0	0	7	co_linked	co_linked	2-1	2-1	True	48	0.148	0.143	gain	FP	FP
chr20	29583425	29583843	418	42	0	0	8	co_linked	co_linked	2-1	2-1	True	50	0.148	0.157	gain	FP	FP
chr20	29583425	29584148	723	40	0	0	8	co_linked	co_linked	2-1	2-1	True	48	0.148	0.154	gain	FP	FP
chr20	29583425	29584195	770	40	0	0	8	co_linked	co_linked	2-1	2-1	True	48	0.148	0.167	gain	FP	FP
chr20	29583425	29584413	988	39	0	0	8	co_linked	co_linked	2-1	2-1	True	47	0.148	0.164	gain	FP	FP
chr20	29583781	29583826	45	41	0	0	7	co_linked	co_linked	2-1	2-1	True	48	0.16	0.143	gain	FP	FP
chr20	29583781	29583843	62	42	0	0	8	co_linked	co_linked	2-1	2-1	True	50	0.16	0.157	gain	FP	FP
chr20	29583781	29584148	367	40	0	0	8	co_linked	co_linked	2-1	2-1	True	48	0.16	0.154	gain	FP	FP
chr20	29583781	29584195	414	40	0	0	8	co_linked	co_linked	2-1	2-1	True	48	0.16	0.167	gain	FP	FP
chr20	29583781	29584413	632	39	0	0	8	co_linked	co_linked	2-1	2-1	True	47	0.16	0.164	gain	FP	FP
chr20	29583826	29583843	17	42	0	0	7	co_linked	co_linked	2-1	2-1	True	49	0.143	0.157	gain	FP	FP
chr20	29583826	29584148	322	39	0	0	7	co_linked	co_linked	2-1	2-1	True	46	0.143	0.154	gain	FP	FP
chr20	29583826	29584195	369	39	0	0	7	co_linked	co_linked	2-1	2-1	True	46	0.143	0.167	gain	FP	FP
chr20	29583826	29584413	587	38	0	0	7	co_linked	co_linked	2-1	2-1	True	45	0.143	0.164	gain	FP	FP
chr20	29583843	29584148	305	40	0	0	8	co_linked	co_linked	2-1	2-1	True	48	0.157	0.154	gain	FP	FP
chr20	29583843	29584195	352	40	0	0	8	co_linked	co_linked	2-1	2-1	True	48	0.157	0.167	gain	FP	FP
chr20	29583843	29584413	570	39	0	0	8	co_linked	co_linked	2-1	2-1	True	47	0.157	0.164	gain	FP	FP
chr20	29584148	29584195	47	43	0	0	8	co_linked	co_linked	2-1	2-1	True	51	0.154	0.167	gain	FP	FP
chr20	29584148	29584413	265	43	0	0	8	co_linked	co_linked	2-1	2-1	True	51	0.154	0.164	gain	FP	FP
chr20	29584195	29584413	218	42	0	0	9	co_linked	co_linked	2-1	2-1	True	51	0.167	0.164	gain	FP	FP
chr20	30263380	30274614	11234	7	0	0	12	co_linked	co_linked	1-1	1-1	True	19	0.864	0.714	gain	TP	TP
chr20	30263380	30285563	22183	5	0	0	2	co_linked	co_linked	1-1	1-1	True	7	0.864	0.663	gain	TP	TP
chr20	30274614	30285563	10949	12	0	0	17	co_linked	co_linked	1-1	1-1	True	29	0.714	0.663	gain	TP	TP
chr20	30403256	30407154	3898	19	0	0	32	co_linked	co_linked	1-1	1-1	True	51	0.582	0.667	gain	TP	TP
chr20	31578940	31606888	27948	4	0	0	2	co_linked	co_linked	1-1	1-1	True	6	0.244	0.277	gain	TP	TP
chr20	32223508	32238443	14935	10	0	0	10	co_linked	co_linked	1-1	1-1	True	20	0.379	0.378	gain	TP	TP
chr20	32790785	32821681	30896	4	0	0	5	co_linked	co_linked	1-1	1-1	True	9	0.588	0.742	gain	TP	TP
chr20	33425049	33444442	19393	6	0	0	12	co_linked	co_linked	1-1	1-1	True	18	0.747	0.631	gain	TP	TP
chr20	34331560	34362838	31278	5	0	0	1	sparse	co_linked	2-1	2-1	True	6	0.441	0.435	gain	TP	TP
chr20	35198275	35229191	30916	3	0	0	5	co_linked	co_linked	2-1	2-1	True	8	0.419	0.496	gain	TP	TP
chr20	35207422	35229191	21769	7	0	0	8	co_linked	co_linked	2-1	2-1	True	15	0.5	0.496	gain	TP	TP
chr20	35384132	35411782	27650	3	0	0	5	co_linked	co_linked	2-1	2-1	True	8	0.411	0.548	gain	TP	TP
chr20	35848198	35875381	27183	9	0	0	6	co_linked	co_linked	2-1	2-1	True	15	0.415	0.459	gain	TP	TP
chr20	36773923	36773924	1	73	0	0	56	co_linked	co_linked	2-1	2-1	True	129	0.431	0.424	gain	TP	TP
chr20	37867355	37867890	535	84	0	0	6	co_linked	co_linked	1-1	1-1	True	90	0.071	0.061	gain	FP	FP
chr20	37867355	37868513	1158	84	0	0	6	co_linked	co_linked	1-1	1-1	True	90	0.071	0.059	gain	FP	FP
chr20	37867890	37868513	623	90	0	0	6	co_linked	co_linked	1-1	1-1	True	96	0.061	0.059	gain	FP	FP
chr20	38440582	38442705	2123	58	0	0	39	co_linked	co_linked	2-1	2-1	True	97	0.422	0.434	gain	TP	TP
chr20	39619361	39646371	27010	2	0	0	4	co_linked	co_linked	1-1	1-1	True	6	0.462	0.592	gain	TP	TP
chr20	41836685	41844425	7740	31	0	0	32	co_linked	co_linked	1-1	1-1	True	63	0.495	0.509	gain	TP	TP
chr20	41844425	41875144	30719	5	0	0	6	co_linked	co_linked	1-1	1-1	True	11	0.509	0.455	gain	TP	TP
chr20	42031454	42047130	15676	16	0	0	22	co_linked	co_linked	1-1	1-1	True	38	0.538	0.532	gain	TP	TP
chr20	42602238	42624622	22384	9	0	0	5	co_linked	co_linked	1-1	1-1	True	14	0.457	0.534	gain	TP	TP
chr20	43503532	43533531	29999	2	0	0	4	co_linked	co_linked	1-1	1-1	True	6	0.434	0.36	gain	TP	TP
chr20	43938738	43939301	563	80	0	0	3	co_linked	co_linked	1-1	1-1	True	83	0.034	0.043	gain	FP	FP
chr20	43938738	43941271	2533	63	0	0	3	co_linked	co_linked	1-1	1-1	True	66	0.034	0.034	gain	FP	FP
chr20	43938738	43946990	8252	34	0	0	3	co_linked	co_linked	1-1	1-1	True	37	0.034	0.044	gain	FP	FP
chr20	43938738	43958136	19398	14	0	0	3	co_linked	co_linked	1-1	1-1	True	17	0.034	0.049	gain	FP	FP
chr20	43938738	43958385	19647	12	0	0	3	co_linked	co_linked	1-1	1-1	True	15	0.034	0.049	gain	FP	FP
chr20	43939301	43941271	1970	65	0	0	3	co_linked	co_linked	1-1	1-1	True	68	0.043	0.034	gain	FP	FP
chr20	43939301	43946990	7689	35	0	0	3	co_linked	co_linked	1-1	1-1	True	38	0.043	0.044	gain	FP	FP
chr20	43939301	43958136	18835	13	0	0	3	co_linked	co_linked	1-1	1-1	True	16	0.043	0.049	gain	FP	FP
chr20	43939301	43958385	19084	11	0	0	3	co_linked	co_linked	1-1	1-1	True	14	0.043	0.049	gain	FP	FP
chr20	43941271	43946990	5719	41	0	0	3	co_linked	co_linked	1-1	1-1	True	44	0.034	0.044	gain	FP	FP
chr20	43941271	43958136	16865	15	0	0	3	co_linked	co_linked	1-1	1-1	True	18	0.034	0.049	gain	FP	FP
chr20	43941271	43958385	17114	13	0	0	3	co_linked	co_linked	1-1	1-1	True	16	0.034	0.049	gain	FP	FP
chr20	43954556	43958385	3829	65	0	0	4	co_linked	co_linked	1-1	1-1	True	69	0.047	0.049	gain	FP	FP
chr20	43958136	43958385	249	94	0	0	5	co_linked	co_linked	1-1	1-1	True	99	0.049	0.049	gain	FP	FP
chr20	44776795	44804280	27485	8	0	0	4	co_linked	co_linked	2-1	2-1	True	12	0.462	0.515	gain	TP	TP
chr20	46267636	46277682	10046	23	0	0	26	co_linked	co_linked	2-1	2-1	True	49	0.495	0.5	gain	TP	TP
chr20	46404921	46423237	18316	16	0	0	9	co_linked	co_linked	2-1	2-1	True	25	0.373	0.348	gain	TP	TP
chr20	46404921	46432042	27121	6	0	0	3	co_linked	co_linked	2-1	2-1	True	9	0.373	0.441	gain	TP	TP
chr20	46973159	47003941	30782	5	0	0	2	co_linked	co_linked	2-1	2-1	True	7	0.217	0.495	gain	TP	TP
chr20	47189618	47212179	22561	5	0	0	6	co_linked	co_linked	2-1	2-1	True	11	0.535	0.473	gain	TP	TP
chr20	47189619	47212179	22560	5	0	0	6	co_linked	co_linked	2-1	2-1	True	11	0.5	0.473	gain	TP	TP
chr20	47795118	47795948	830	105	0	0	5	co_linked	co_linked	3	3	True	110	0.048	0.041	gain	FP	FP
chr20	47795118	47795994	876	105	0	0	5	co_linked	co_linked	3	3	True	110	0.048	0.041	gain	FP	FP
chr20	47795948	47795994	46	115	0	0	5	co_linked	co_linked	3	3	True	120	0.041	0.041	gain	FP	FP
chr20	47816864	47819846	2982	86	0	0	4	co_linked	co_linked	3	3	True	90	0.043	0.041	gain	FP	FP
chr20	48224486	48251340	26854	7	0	0	2	co_linked	co_linked	2-1	2-1	True	9	0.363	0.448	gain	TP	TP
chr20	48700738	48718791	18053	29	0	0	3	co_linked	co_linked	1-1	1-1	True	32	0.062	0.066	gain	FP	FP
chr20	50644988	50650233	5245	79	0	0	6	co_linked	co_linked	2-1	2-1	True	85	0.055	0.052	gain	FP	FP
chr20	50644988	50650771	5783	77	0	0	6	co_linked	co_linked	2-1	2-1	True	83	0.055	0.068	gain	FP	FP
chr20	50701111	50725476	24365	14	0	0	1	sparse	co_linked	1-1	1-1	True	15	0.069	0.029	gain	FP	FP
chr20	50725476	50741617	16141	35	0	0	1	sparse	co_linked	1-1	1-1	True	36	0.029	0.066	gain	FP	FP
chr20	50741617	50746645	5028	61	0	0	4	co_linked	co_linked	1-1	1-1	True	65	0.066	0.067	gain	FP	FP
chr20	50741617	50747873	6256	57	0	0	3	co_linked	co_linked	1-1	1-1	True	60	0.066	0.065	gain	FP	FP
chr20	50741617	50748197	6580	55	0	0	3	co_linked	co_linked	1-1	1-1	True	58	0.066	0.067	gain	FP	FP
chr20	50746645	50747873	1228	97	0	0	7	co_linked	co_linked	1-1	1-1	True	104	0.067	0.065	gain	FP	FP
chr20	50746645	50748197	1552	92	0	0	7	co_linked	co_linked	1-1	1-1	True	99	0.067	0.067	gain	FP	FP
chr20	50747873	50748197	324	108	0	0	8	co_linked	co_linked	1-1	1-1	True	116	0.065	0.067	gain	FP	FP
chr20	50997088	51017077	19989	11	0	0	4	co_linked	co_linked	2-1	2-1	True	15	0.462	0.364	gain	TP	TP
chr20	51912854	51920446	7592	45	0	0	28	co_linked	co_linked	2-1	2-1	True	73	0.394	0.42	gain	TP	TP
chr20	52495821	52514020	18199	8	0	0	11	co_linked	co_linked	1-1	1-1	True	19	0.457	0.42	gain	TP	TP
chr20	54114950	54139828	24878	7	0	0	5	co_linked	co_linked	2-1	2-1	True	12	0.484	0.505	gain	TP	TP
chr20	54758544	54776843	18299	11	0	0	9	co_linked	co_linked	2-1	2-1	True	20	0.447	0.438	gain	TP	TP
chr20	54758544	54776844	18300	11	0	0	9	co_linked	co_linked	2-1	2-1	True	20	0.447	0.432	gain	TP	TP
chr20	56065999	56097503	31504	6	0	0	2	co_linked	co_linked	2-1	2-1	True	8	0.481	0.463	gain	TP	TP
chr20	56199904	56215654	15750	25	0	0	6	co_linked	co_linked	2-1	2-1	True	31	0.093	0.107	gain	FP	FP
chr20	56199904	56217408	17504	21	0	0	3	co_linked	co_linked	2-1	2-1	True	24	0.093	0.066	gain	FP	FP
chr20	56457447	56458420	973	96	0	0	8	co_linked	co_linked	1-1	1-1	True	104	0.087	0.067	gain	FP	FP
chr20	57342958	57351014	8056	65	0	0	3	co_linked	co_linked	2-1	2-1	True	68	0.068	0.065	gain	FP	FP
chr20	57712299	57735788	23489	10	0	0	5	co_linked	co_linked	2-1	2-1	True	15	0.496	0.431	gain	TP	TP
chr20	57829693	57843044	13351	25	0	0	14	co_linked	co_linked	1-1	1-1	True	39	0.449	0.485	gain	TP	TP
chr20	58779413	58779415	2	104	0	0	6	co_linked	co_linked	2-1	2-1	True	110	0.061	0.061	gain	FP	FP
chr20	58779413	58779765	352	101	0	0	7	co_linked	co_linked	2-1	2-1	True	108	0.061	0.067	gain	FP	FP
chr20	58779413	58782827	3414	74	0	0	5	co_linked	co_linked	2-1	2-1	True	79	0.061	0.064	gain	FP	FP
chr20	58779415	58779765	350	101	0	0	7	co_linked	co_linked	2-1	2-1	True	108	0.061	0.067	gain	FP	FP
chr20	58779415	58782827	3412	72	0	0	6	co_linked	co_linked	2-1	2-1	True	78	0.061	0.064	gain	FP	FP
chr20	58779765	58782827	3062	78	0	0	6	co_linked	co_linked	2-1	2-1	True	84	0.067	0.064	gain	FP	FP
chr20	59418687	59439285	20598	13	0	0	13	co_linked	co_linked	1-1	1-1	True	26	0.477	0.408	gain	TP	TP
chr20	59648096	59677792	29696	1	0	0	8	co_linked	co_linked	2-1	2-1	True	9	0.575	0.5	gain	TP	TP
chr20	60713800	60733035	19235	5	0	0	10	co_linked	co_linked	1-1	1-1	True	15	0.595	0.538	gain	TP	TP
chr20	60713800	60740128	26328	3	0	0	7	co_linked	co_linked	1-1	1-1	True	10	0.595	0.482	gain	TP	TP
chr20	61750606	61764509	13903	17	0	0	17	co_linked	co_linked	2-1	2-1	True	34	0.5	0.444	gain	TP	TP
chr20	63709826	63711186	1360	94	0	0	14	co_linked	co_linked	2-1	2-1	True	108	0.138	0.111	gain	FP	FP
