chrom	pos_a	pos_b	dist	RR	RA	AR	AA	rel	config	hp_a	hp_b	same_hp	coread	vaf_a	vaf_b	cn_a	src_a	src_b
chr1	16896823	16907760	10937	0	0	0	31	co_linked	co_linked	1-1	3	False	31	0.952	0.977	gain	TP	TP
chr1	17724745	17744873	20128	8	0	0	3	co_linked	co_linked	1-1	2-1	False	11	0.228	0.353	gain	TP	TP
chr1	65058664	65072934	14270	13	0	0	6	co_linked	co_linked	2-1	3	False	19	0.375	0.388	loh	TP	TP
chr1	95096390	95119126	22736	10	0	0	3	co_linked	co_linked	3	2-1	False	13	0.255	0.254	gain	TP	TP
chr1	98016953	98045696	28743	5	0	0	3	co_linked	co_linked	3	2-1	False	8	0.421	0.411	loh	TP	TP
chr1	115983377	116003275	19898	14	0	0	6	co_linked	co_linked	2-1	3	False	20	0.522	0.38	loh	TP	TP
chr1	119845496	119870481	24985	7	0	0	4	co_linked	co_linked	3	2-1	False	11	0.252	0.232	gain	TP	TP
chr1	171046184	171064586	18402	11	0	0	2	co_linked	co_linked	1-1	3	False	13	0.191	0.338	gain	TP	TP
chr1	177990399	178020832	30433	3	0	0	5	co_linked	co_linked	2-1	1-1	False	8	0.689	0.659	gain	TP	TP
chr1	190164336	190175947	11611	27	0	0	8	co_linked	co_linked	2-1	3	False	35	0.259	0.258	gain	TP	TP
chr1	193674368	193689206	14838	3	0	0	7	co_linked	co_linked	3	1-1	False	10	0.605	0.635	gain	TP	TP
chr1	203622240	203649994	27754	4	0	0	2	co_linked	co_linked	2-1	1-1	False	6	0.221	0.26	gain	TP	TP
chr1	204806655	204832842	26187	2	0	0	7	co_linked	co_linked	1-1	2-1	False	9	0.578	0.676	gain	TP	TP
chr1	240548536	240557078	8542	10	0	0	12	co_linked	co_linked	2-1	3	False	22	0.508	0.508	gain	TP	TP
chr6	76822634	76837056	14422	19	0	0	7	co_linked	co_linked	2-1	3	False	26	0.25	0.256	gain	TP	TP
chr6	77978157	77995532	17375	9	0	0	1	sparse	co_linked	2-1	3	False	10	0.08	0.058	loh	FP	FP
chr6	77978157	77995857	17700	8	0	0	1	sparse	co_linked	2-1	3	False	9	0.08	0.056	loh	FP	FP
chr6	77978287	77995532	17245	9	0	0	1	sparse	co_linked	2-1	3	False	10	0.102	0.058	loh	FP	FP
chr6	77978287	77995857	17570	8	0	0	1	sparse	co_linked	2-1	3	False	9	0.102	0.056	loh	FP	FP
chr6	81298897	81316198	17301	7	0	0	9	co_linked	co_linked	3	2-1	False	16	0.385	0.384	gain	TP	TP
chr6	91269894	91281646	11752	8	0	0	2	co_linked	co_linked	2-1	1-1	False	10	0.174	0.25	loss	FP	FP
chr6	91270956	91281646	10690	8	0	0	2	co_linked	co_linked	2-1	1-1	False	10	0.167	0.25	loss	FP	FP
chr6	91270997	91281646	10649	8	0	0	2	co_linked	co_linked	2-1	1-1	False	10	0.167	0.25	loss	FP	FP
chr6	91271487	91281646	10159	8	0	0	2	co_linked	co_linked	2-1	1-1	False	10	0.16	0.25	loss	FP	FP
chr6	91272242	91281646	9404	8	0	0	2	co_linked	co_linked	2-1	1-1	False	10	0.16	0.25	loss	FP	FP
chr6	91272254	91281646	9392	8	0	0	2	co_linked	co_linked	2-1	1-1	False	10	0.16	0.25	loss	FP	FP
chr6	99726969	99743390	16421	0	0	0	8	co_linked	co_linked	2-1	3	False	8	1.0	0.983	loh	TP	TP
chr6	117472596	117502693	30097	5	0	0	2	co_linked	co_linked	2-1	1-1	False	7	0.62	0.533	gain	TP	TP
chr11	65449155	65474001	24846	6	0	0	7	co_linked	co_linked	2-1	3	False	13	0.472	0.425	gain	TP	TP
chr11	71474976	71490986	16010	0	0	0	7	co_linked	co_linked	2-1	3	False	7	0.905	0.982	loh	TP	TP
chr16	34637913	34657457	19544	5	0	0	9	co_linked	co_linked	3	1-1	False	14	0.614	0.624	gain	TP	TP
chr16	34637913	34660286	22373	3	0	0	6	co_linked	co_linked	3	1-1	False	9	0.614	0.547	gain	TP	TP
chr16	34639641	34657457	17816	7	0	0	13	co_linked	co_linked	3	1-1	False	20	0.562	0.624	gain	TP	TP
chr16	34639641	34660286	20645	5	0	0	8	co_linked	co_linked	3	1-1	False	13	0.562	0.547	gain	TP	TP
chr16	34640156	34655429	15273	8	0	0	17	co_linked	co_linked	3	1-1	False	25	0.595	0.66	gain	TP	TP
chr16	34640156	34657457	17301	8	0	0	15	co_linked	co_linked	3	1-1	False	23	0.595	0.624	gain	TP	TP
chr16	34740276	34762829	22553	9	0	0	12	co_linked	co_linked	2-1	1-1	False	21	0.58	0.532	gain	TP	TP
chr16	34740276	34767808	27532	6	0	0	8	co_linked	co_linked	2-1	1-1	False	14	0.58	0.567	gain	TP	TP
chr16	34921520	34953910	32390	2	0	0	4	co_linked	co_linked	3	2-1	False	6	0.588	0.602	gain	TP	TP
chr16	34922442	34953910	31468	3	0	0	6	co_linked	co_linked	3	2-1	False	9	0.594	0.602	gain	TP	TP
chr16	34922683	34953910	31227	3	0	0	6	co_linked	co_linked	3	2-1	False	9	0.58	0.602	gain	TP	TP
chr16	35166964	35180416	13452	11	0	0	14	co_linked	co_linked	1-1	2-1	False	25	0.582	0.647	gain	TP	TP
chr16	35180416	35207368	26952	3	0	0	3	co_linked	co_linked	2-1	3	False	6	0.647	0.63	gain	TP	TP
chr16	35206643	35224649	18006	4	0	0	11	co_linked	co_linked	3	1-1	False	15	0.615	0.667	gain	TP	TP
chr16	35206643	35231881	25238	2	0	0	6	co_linked	co_linked	3	1-1	False	8	0.615	0.504	gain	TP	TP
chr16	35207368	35224649	17281	4	0	0	11	co_linked	co_linked	3	1-1	False	15	0.63	0.667	gain	TP	TP
chr16	35207368	35231881	24513	2	0	0	5	co_linked	co_linked	3	1-1	False	7	0.63	0.504	gain	TP	TP
chr16	35337716	35363172	25456	5	0	0	5	co_linked	co_linked	3	1-1	False	10	0.43	0.479	gain	TP	TP
chr16	35342223	35363172	20949	9	0	0	7	co_linked	co_linked	3	1-1	False	16	0.472	0.479	gain	TP	TP
chr16	35455591	35472372	16781	18	0	0	14	co_linked	co_linked	3	2-1	False	32	0.549	0.455	gain	TP	TP
chr16	35503340	35512674	9334	24	0	0	16	co_linked	co_linked	3	1-1	False	40	0.491	0.452	gain	TP	TP
chr16	35503340	35512868	9528	24	0	0	16	co_linked	co_linked	3	1-1	False	40	0.491	0.469	gain	TP	TP
chr16	35948447	35969413	20966	2	0	0	10	co_linked	co_linked	3	1-1	False	12	0.591	0.578	gain	TP	TP
chr16	36179932	36199256	19324	2	0	0	7	co_linked	co_linked	2-1	3	False	9	0.663	0.711	gain	TP	TP
chr16	36179932	36202893	22961	2	0	0	5	co_linked	co_linked	2-1	3	False	7	0.663	0.741	gain	TP	TP
chr16	36179932	36203963	24031	2	0	0	5	co_linked	co_linked	2-1	3	False	7	0.663	0.667	gain	TP	TP
chr16	36181334	36199256	17922	2	0	0	8	co_linked	co_linked	2-1	3	False	10	0.646	0.711	gain	TP	TP
chr16	36181334	36202893	21559	2	0	0	6	co_linked	co_linked	2-1	3	False	8	0.646	0.741	gain	TP	TP
chr16	36181334	36203963	22629	2	0	0	5	co_linked	co_linked	2-1	3	False	7	0.646	0.667	gain	TP	TP
chr16	36185405	36202893	17488	2	0	0	8	co_linked	co_linked	2-1	3	False	10	0.675	0.741	gain	TP	TP
chr2	2850324	2862898	12574	7	0	0	15	co_linked	co_linked	1-1	3	False	22	0.614	0.608	gain	TP	TP
chr2	44963374	44991341	27967	5	0	0	2	co_linked	co_linked	1-1	3	False	7	0.352	0.256	gain	TP	TP
chr2	44963374	44991831	28457	4	0	0	2	co_linked	co_linked	1-1	3	False	6	0.352	0.261	gain	TP	TP
chr2	44963374	44991945	28571	5	0	0	2	co_linked	co_linked	1-1	3	False	7	0.352	0.277	gain	TP	TP
chr2	44967312	44991341	24029	11	0	0	5	co_linked	co_linked	1-1	3	False	16	0.337	0.256	gain	TP	TP
chr2	44967312	44991831	24519	10	0	0	5	co_linked	co_linked	1-1	3	False	15	0.337	0.261	gain	TP	TP
chr2	44967312	44991945	24633	11	0	0	5	co_linked	co_linked	1-1	3	False	16	0.337	0.277	gain	TP	TP
chr2	44968196	44991341	23145	13	0	0	5	co_linked	co_linked	1-1	3	False	18	0.319	0.256	gain	TP	TP
chr2	44968196	44991831	23635	12	0	0	5	co_linked	co_linked	1-1	3	False	17	0.319	0.261	gain	TP	TP
chr2	44968196	44991945	23749	13	0	0	5	co_linked	co_linked	1-1	3	False	18	0.319	0.277	gain	TP	TP
chr2	44971217	44991341	20124	17	0	0	5	co_linked	co_linked	1-1	3	False	22	0.322	0.256	gain	TP	TP
chr2	44971217	44991831	20614	16	0	0	5	co_linked	co_linked	1-1	3	False	21	0.322	0.261	gain	TP	TP
chr2	44971217	44991945	20728	16	0	0	5	co_linked	co_linked	1-1	3	False	21	0.322	0.277	gain	TP	TP
chr2	44973350	44991341	17991	18	0	0	5	co_linked	co_linked	1-1	3	False	23	0.325	0.256	gain	TP	TP
chr2	44973350	44991831	18481	17	0	0	5	co_linked	co_linked	1-1	3	False	22	0.325	0.261	gain	TP	TP
chr2	44973350	44991945	18595	17	0	0	5	co_linked	co_linked	1-1	3	False	22	0.325	0.277	gain	TP	TP
chr2	44976120	44991341	15221	24	0	0	5	co_linked	co_linked	1-1	3	False	29	0.337	0.256	gain	TP	TP
chr2	44976120	44991831	15711	23	0	0	5	co_linked	co_linked	1-1	3	False	28	0.337	0.261	gain	TP	TP
chr2	44976120	44991945	15825	23	0	0	5	co_linked	co_linked	1-1	3	False	28	0.337	0.277	gain	TP	TP
chr2	44976465	44991341	14876	23	0	0	5	co_linked	co_linked	1-1	3	False	28	0.352	0.256	gain	TP	TP
chr2	44976465	44991831	15366	22	0	0	5	co_linked	co_linked	1-1	3	False	27	0.352	0.261	gain	TP	TP
chr2	44976465	44991945	15480	22	0	0	5	co_linked	co_linked	1-1	3	False	27	0.352	0.277	gain	TP	TP
chr2	44977648	44991341	13693	25	0	0	7	co_linked	co_linked	1-1	3	False	32	0.351	0.256	gain	TP	TP
chr2	44977648	44991831	14183	24	0	0	7	co_linked	co_linked	1-1	3	False	31	0.351	0.261	gain	TP	TP
chr2	44977648	44991945	14297	24	0	0	7	co_linked	co_linked	1-1	3	False	31	0.351	0.277	gain	TP	TP
chr2	44991341	44999696	8355	35	0	0	10	co_linked	co_linked	3	1-1	False	45	0.256	0.322	gain	TP	TP
chr2	44991341	45005499	14158	21	0	0	6	co_linked	co_linked	3	1-1	False	27	0.256	0.348	gain	TP	TP
chr2	44991341	45006212	14871	20	0	0	6	co_linked	co_linked	3	1-1	False	26	0.256	0.305	gain	TP	TP
chr2	44991341	45007598	16257	19	0	0	4	co_linked	co_linked	3	1-1	False	23	0.256	0.31	gain	TP	TP
chr2	44991341	45007709	16368	18	0	0	4	co_linked	co_linked	3	1-1	False	22	0.256	0.301	gain	TP	TP
chr2	44991341	45010387	19046	11	0	0	4	co_linked	co_linked	3	1-1	False	15	0.256	0.368	gain	TP	TP
chr2	44991341	45010658	19317	10	0	0	4	co_linked	co_linked	3	1-1	False	14	0.256	0.375	gain	TP	TP
chr2	44991831	44999696	7865	35	0	0	11	co_linked	co_linked	3	1-1	False	46	0.261	0.322	gain	TP	TP
chr2	44991831	45005499	13668	21	0	0	7	co_linked	co_linked	3	1-1	False	28	0.261	0.348	gain	TP	TP
chr2	44991831	45006212	14381	20	0	0	7	co_linked	co_linked	3	1-1	False	27	0.261	0.305	gain	TP	TP
chr2	44991831	45007598	15767	19	0	0	5	co_linked	co_linked	3	1-1	False	24	0.261	0.31	gain	TP	TP
chr2	44991831	45007709	15878	18	0	0	5	co_linked	co_linked	3	1-1	False	23	0.261	0.301	gain	TP	TP
chr2	44991831	45010387	18556	11	0	0	5	co_linked	co_linked	3	1-1	False	16	0.261	0.368	gain	TP	TP
chr2	44991831	45010658	18827	10	0	0	4	co_linked	co_linked	3	1-1	False	14	0.261	0.375	gain	TP	TP
chr2	44991945	44999696	7751	35	0	0	12	co_linked	co_linked	3	1-1	False	47	0.277	0.322	gain	TP	TP
chr2	44991945	45005499	13554	22	0	0	7	co_linked	co_linked	3	1-1	False	29	0.277	0.348	gain	TP	TP
chr2	44991945	45007598	15653	21	0	0	6	co_linked	co_linked	3	1-1	False	27	0.277	0.31	gain	TP	TP
chr2	44991945	45007709	15764	20	0	0	6	co_linked	co_linked	3	1-1	False	26	0.277	0.301	gain	TP	TP
chr2	44991945	45010387	18442	13	0	0	6	co_linked	co_linked	3	1-1	False	19	0.277	0.368	gain	TP	TP
chr2	44991945	45010658	18713	12	0	0	5	co_linked	co_linked	3	1-1	False	17	0.277	0.375	gain	TP	TP
chr2	53036283	53058003	21720	8	0	0	3	co_linked	co_linked	1-1	2-1	False	11	0.218	0.341	gain	TP	TP
chr2	85942454	85963341	20887	15	0	0	3	co_linked	co_linked	1-1	2-1	False	18	0.239	0.219	gain	TP	TP
chr2	89763903	89788491	24588	25	0	0	1	sparse	co_linked	2-1	3	False	26	0.201	0.156	gain	TP	TP
chr2	101115267	101141633	26366	6	0	0	7	co_linked	co_linked	2-1	1-1	False	13	0.521	0.468	gain	TP	TP
chr2	123442950	123472570	29620	0	0	0	7	co_linked	co_linked	3	2-1	False	7	0.952	0.979	loh	TP	TP
chr2	155873155	155890662	17507	5	0	0	7	co_linked	co_linked	3	2-1	False	12	0.429	0.556	gain	TP	TP
chr2	208563946	208588014	24068	7	0	0	4	co_linked	co_linked	3	1-1	False	11	0.384	0.37	neutral	TP	TP
chr2	210403818	210419480	15662	14	0	0	5	co_linked	co_linked	3	2-1	False	19	0.333	0.348	neutral	TP	TP
chr2	217642997	217667625	24628	5	0	0	6	co_linked	co_linked	3	2-1	False	11	0.333	0.541	neutral	TP	TP
chr7	46546091	46568719	22628	1	0	0	7	co_linked	co_linked	1-1	3	False	8	0.64	0.537	gain	TP	TP
chr7	72339620	72368115	28495	2	0	0	5	co_linked	co_linked	2-1	3	False	7	0.347	0.356	gain	TP	TP
chr7	72339620	72368631	29011	1	0	0	5	co_linked	co_linked	2-1	3	False	6	0.347	0.354	gain	TP	TP
chr7	81117232	81133163	15931	27	0	0	15	co_linked	co_linked	1-1	3	False	42	0.355	0.34	gain	TP	TP
chr7	104914455	104943399	28944	17	0	0	1	sparse	co_linked	3	2-1	False	18	0.134	0.15	gain	TP	TP
chr7	105062617	105092751	30134	8	0	0	4	co_linked	co_linked	2-1	3	False	12	0.233	0.155	gain	TP	TP
chr7	115759008	115793235	34227	12	0	0	1	sparse	co_linked	1-1	2-1	False	13	0.145	0.136	gain	TP	TP
chr7	134002595	134026456	23861	18	0	0	2	co_linked	co_linked	3	1-1	False	20	0.221	0.218	gain	TP	TP
chr7	145483831	145516483	32652	6	0	0	2	co_linked	co_linked	3	2-1	False	8	0.185	0.212	gain	TP	TP
chr7	152894037	152914417	20380	43	0	0	6	co_linked	co_linked	2-1	3	False	49	0.121	0.118	gain	TP	TP
chr12	18691060	18715553	24493	19	0	0	1	sparse	co_linked	2-1	3	False	20	0.162	0.157	gain	TP	FP
chr12	24416250	24438288	22038	20	0	0	2	co_linked	co_linked	3	1-1	False	22	0.174	0.109	gain	TP	TP
chr12	28289633	28310910	21277	7	0	0	17	co_linked	co_linked	1-1	3	False	24	0.697	0.634	gain	TP	TP
chr12	28289633	28313638	24005	5	0	0	13	co_linked	co_linked	1-1	3	False	18	0.697	0.652	gain	TP	TP
chr12	28289633	28317627	27994	4	0	0	10	co_linked	co_linked	1-1	3	False	14	0.697	0.63	gain	TP	TP
chr12	28291989	28310910	18921	8	0	0	18	co_linked	co_linked	1-1	3	False	26	0.647	0.634	gain	TP	TP
chr12	28291989	28313638	21649	6	0	0	14	co_linked	co_linked	1-1	3	False	20	0.647	0.652	gain	TP	TP
chr12	28291989	28317627	25638	4	0	0	11	co_linked	co_linked	1-1	3	False	15	0.647	0.63	gain	TP	TP
chr12	28295880	28310910	15030	12	0	0	20	co_linked	co_linked	1-1	3	False	32	0.67	0.634	gain	TP	TP
chr12	28295880	28317627	21747	5	0	0	13	co_linked	co_linked	1-1	3	False	18	0.67	0.63	gain	TP	TP
chr12	28298776	28310910	12134	18	0	0	25	co_linked	co_linked	1-1	3	False	43	0.631	0.634	gain	TP	TP
chr12	28298776	28317627	18851	9	0	0	18	co_linked	co_linked	1-1	3	False	27	0.631	0.63	gain	TP	TP
chr12	28298776	28323818	25042	5	0	0	5	co_linked	co_linked	1-1	3	False	10	0.631	0.593	gain	TP	TP
chr12	28298776	28323914	25138	5	0	0	3	co_linked	co_linked	1-1	3	False	8	0.631	0.573	gain	TP	TP
chr12	28340798	28367688	26890	2	0	0	5	co_linked	co_linked	3	1-1	False	7	0.617	0.744	gain	TP	TP
chr12	28340798	28368584	27786	1	0	0	5	co_linked	co_linked	3	1-1	False	6	0.617	0.818	gain	TP	TP
chr12	28342961	28367688	24727	2	0	0	8	co_linked	co_linked	3	1-1	False	10	0.707	0.744	gain	TP	TP
chr12	28342961	28368584	25623	1	0	0	8	co_linked	co_linked	3	1-1	False	9	0.707	0.818	gain	TP	TP
chr12	28342961	28372264	29303	2	0	0	5	co_linked	co_linked	3	1-1	False	7	0.707	0.696	gain	TP	TP
chr12	28342961	28372504	29543	2	0	0	5	co_linked	co_linked	3	1-1	False	7	0.707	0.71	gain	TP	TP
chr12	28346942	28372264	25322	3	0	0	7	co_linked	co_linked	3	1-1	False	10	0.66	0.696	gain	TP	TP
chr12	28346942	28372504	25562	3	0	0	7	co_linked	co_linked	3	1-1	False	10	0.66	0.71	gain	TP	TP
chr12	28346942	28379061	32119	2	0	0	5	co_linked	co_linked	3	1-1	False	7	0.66	0.663	gain	TP	TP
chr12	28346942	28381482	34540	2	0	0	5	co_linked	co_linked	3	1-1	False	7	0.66	0.642	gain	TP	TP
chr12	28348396	28372264	23868	4	0	0	7	co_linked	co_linked	3	1-1	False	11	0.702	0.696	gain	TP	TP
chr12	28348396	28372504	24108	4	0	0	7	co_linked	co_linked	3	1-1	False	11	0.702	0.71	gain	TP	TP
chr12	28348396	28379061	30665	2	0	0	5	co_linked	co_linked	3	1-1	False	7	0.702	0.663	gain	TP	TP
chr12	28348396	28381482	33086	2	0	0	5	co_linked	co_linked	3	1-1	False	7	0.702	0.642	gain	TP	TP
chr12	28356588	28372264	15676	5	0	0	15	co_linked	co_linked	3	1-1	False	20	0.721	0.696	gain	TP	TP
chr12	28356588	28372504	15916	5	0	0	15	co_linked	co_linked	3	1-1	False	20	0.721	0.71	gain	TP	TP
chr12	28356588	28379061	22473	3	0	0	9	co_linked	co_linked	3	1-1	False	12	0.721	0.663	gain	TP	TP
chr12	28356588	28381482	24894	3	0	0	8	co_linked	co_linked	3	1-1	False	11	0.721	0.642	gain	TP	TP
chr12	28356588	28383406	26818	3	0	0	6	co_linked	co_linked	3	1-1	False	9	0.721	0.671	gain	TP	TP
chr12	28356588	28383884	27296	3	0	0	6	co_linked	co_linked	3	1-1	False	9	0.721	0.626	gain	TP	TP
chr12	28356588	28385178	28590	3	0	0	5	co_linked	co_linked	3	1-1	False	8	0.721	0.602	gain	TP	TP
chr12	28356588	28387838	31250	2	0	0	6	co_linked	co_linked	3	1-1	False	8	0.721	0.628	gain	TP	TP
chr12	28357543	28383406	25863	3	0	0	5	co_linked	co_linked	3	1-1	False	8	0.711	0.671	gain	TP	TP
chr12	28357543	28383884	26341	3	0	0	5	co_linked	co_linked	3	1-1	False	8	0.711	0.626	gain	TP	TP
chr12	28357543	28385178	27635	3	0	0	5	co_linked	co_linked	3	1-1	False	8	0.711	0.602	gain	TP	TP
chr12	28357543	28387838	30295	2	0	0	5	co_linked	co_linked	3	1-1	False	7	0.711	0.628	gain	TP	TP
chr12	61136099	61140271	4172	26	0	0	1	sparse	co_linked	1-1	3	False	27	0.06	0.043	loh	FP	FP
chr12	63562069	63576383	14314	10	0	0	1	sparse	co_linked	2-1	1-1	False	11	0.1	0.089	loh	FP	FP
chr12	63562558	63576383	13825	10	0	0	1	sparse	co_linked	2-1	1-1	False	11	0.071	0.089	loh	FP	FP
chr12	63562699	63576383	13684	10	0	0	1	sparse	co_linked	2-1	1-1	False	11	0.071	0.089	loh	FP	FP
chr17	4189200	4218888	29688	3	0	0	3	co_linked	co_linked	2-1	3	False	6	0.325	0.325	gain	TP	TP
chr17	17316051	17340778	24727	8	0	0	2	co_linked	co_linked	2-1	3	False	10	0.133	0.068	gain	FP	FP
chr17	17318960	17340778	21818	13	0	0	2	co_linked	co_linked	2-1	3	False	15	0.131	0.068	gain	FP	FP
chr17	47866635	47874410	7775	31	0	0	6	co_linked	co_linked	3	2-1	False	37	0.099	0.159	loh	FP	FP
chr17	49190186	49216544	26358	8	0	0	1	sparse	co_linked	2-1	1-1	False	9	0.194	0.192	loh	FP	FP
chr17	49216544	49230283	13739	14	0	0	2	co_linked	co_linked	1-1	2-1	False	16	0.192	0.119	loh	FP	FP
chr17	49216544	49237353	20809	8	0	0	1	sparse	co_linked	1-1	2-1	False	9	0.192	0.132	loh	FP	FP
chr17	49216544	49239295	22751	7	0	0	1	sparse	co_linked	1-1	2-1	False	8	0.192	0.134	loh	FP	FP
chr17	49216544	49240795	24251	7	0	0	1	sparse	co_linked	1-1	2-1	False	8	0.192	0.147	loh	FP	FP
chr17	49240795	49273206	32411	6	0	0	1	sparse	co_linked	2-1	1-1	False	7	0.147	0.068	loh	FP	FP
chr17	49249110	49273206	24096	9	0	0	1	sparse	co_linked	2-1	1-1	False	10	0.105	0.068	loh	FP	FP
chr17	49470569	49481845	11276	24	0	0	4	co_linked	co_linked	1-1	2-1	False	28	0.155	0.139	loh	FP	FP
chr17	49470569	49483341	12772	19	0	0	4	co_linked	co_linked	1-1	2-1	False	23	0.155	0.186	loh	FP	FP
chr17	49470569	49483610	13041	21	0	0	4	co_linked	co_linked	1-1	2-1	False	25	0.155	0.156	loh	FP	FP
chr17	49471559	49478857	7298	36	0	0	7	co_linked	co_linked	1-1	3	False	43	0.167	0.129	loh	FP	FP
chr17	49471559	49479216	7657	34	0	0	7	co_linked	co_linked	1-1	2-1	False	41	0.167	0.163	loh	FP	FP
chr17	49471559	49479372	7813	34	0	0	7	co_linked	co_linked	1-1	2-1	False	41	0.167	0.154	loh	FP	FP
chr17	49471559	49481845	10286	27	0	0	5	co_linked	co_linked	1-1	2-1	False	32	0.167	0.139	loh	FP	FP
chr17	49471559	49483341	11782	20	0	0	5	co_linked	co_linked	1-1	2-1	False	25	0.167	0.186	loh	FP	FP
chr17	49471559	49483610	12051	22	0	0	5	co_linked	co_linked	1-1	2-1	False	27	0.167	0.156	loh	FP	FP
chr17	49472574	49476788	4214	47	0	0	8	co_linked	co_linked	1-1	3	False	55	0.143	0.141	loh	FP	FP
chr17	49472574	49478857	6283	40	0	0	7	co_linked	co_linked	1-1	3	False	47	0.143	0.129	loh	FP	FP
chr17	49472574	49479216	6642	39	0	0	7	co_linked	co_linked	1-1	2-1	False	46	0.143	0.163	loh	FP	FP
chr17	49472574	49479372	6798	39	0	0	7	co_linked	co_linked	1-1	2-1	False	46	0.143	0.154	loh	FP	FP
chr17	49472574	49481845	9271	30	0	0	5	co_linked	co_linked	1-1	2-1	False	35	0.143	0.139	loh	FP	FP
chr17	49472574	49483341	10767	22	0	0	5	co_linked	co_linked	1-1	2-1	False	27	0.143	0.186	loh	FP	FP
chr17	49472574	49483610	11036	24	0	0	5	co_linked	co_linked	1-1	2-1	False	29	0.143	0.156	loh	FP	FP
chr17	49635698	49665277	29579	5	0	0	1	sparse	co_linked	1-1	2-1	False	6	0.153	0.185	loh	FP	FP
chr17	49635897	49665277	29380	5	0	0	1	sparse	co_linked	1-1	2-1	False	6	0.155	0.185	loh	FP	FP
chr17	49679314	49704646	25332	4	0	0	2	co_linked	co_linked	2-1	1-1	False	6	0.161	0.133	loh	FP	FP
chr17	69378301	69391148	12847	44	0	0	6	co_linked	co_linked	1-1	3	False	50	0.162	0.13	gain	TP	TP
chr22	22816392	22818805	2413	47	0	0	66	co_linked	co_linked	1-1	3	False	113	0.583	0.569	gain	TP	TP
chr22	22816392	22821823	5431	39	0	0	52	co_linked	co_linked	1-1	3	False	91	0.583	0.59	gain	TP	TP
chr22	22816392	22824726	8334	34	0	0	47	co_linked	co_linked	1-1	3	False	81	0.583	0.58	gain	TP	TP
chr22	22816392	22826381	9989	26	0	0	38	co_linked	co_linked	1-1	3	False	64	0.583	0.585	gain	TP	TP
chr22	22816392	22829095	12703	18	0	0	31	co_linked	co_linked	1-1	3	False	49	0.583	0.531	gain	TP	TP
chr22	22816392	22829558	13166	18	0	0	31	co_linked	co_linked	1-1	3	False	49	0.583	0.538	gain	TP	TP
chr22	22816392	22835697	19305	9	0	0	19	co_linked	co_linked	1-1	3	False	28	0.583	0.524	gain	TP	TP
chr22	22816392	22836377	19985	8	0	0	17	co_linked	co_linked	1-1	3	False	25	0.583	0.444	gain	TP	TP
chr22	22816392	22836523	20131	8	0	0	19	co_linked	co_linked	1-1	3	False	27	0.583	0.525	gain	TP	TP
chr22	22816392	22837001	20609	8	0	0	18	co_linked	co_linked	1-1	3	False	26	0.583	0.469	gain	TP	TP
chr22	22816392	22837081	20689	7	0	0	18	co_linked	co_linked	1-1	3	False	25	0.583	0.477	gain	TP	TP
chr22	22816444	22835697	19253	8	0	0	16	co_linked	co_linked	1-1	3	False	24	0.543	0.524	gain	TP	TP
chr22	22816444	22836377	19933	8	0	0	14	co_linked	co_linked	1-1	3	False	22	0.543	0.444	gain	TP	TP
chr22	22816742	22836377	19635	11	0	0	17	co_linked	co_linked	1-1	3	False	28	0.581	0.444	gain	TP	TP
chr22	22816742	22836523	19781	11	0	0	19	co_linked	co_linked	1-1	3	False	30	0.581	0.525	gain	TP	TP
chr22	22816742	22837001	20259	11	0	0	18	co_linked	co_linked	1-1	3	False	29	0.581	0.469	gain	TP	TP
chr22	22816742	22837081	20339	10	0	0	18	co_linked	co_linked	1-1	3	False	28	0.581	0.477	gain	TP	TP
chr22	22817936	22835697	17761	12	0	0	22	co_linked	co_linked	1-1	3	False	34	0.617	0.524	gain	TP	TP
chr22	22818223	22835697	17474	13	0	0	22	co_linked	co_linked	1-1	3	False	35	0.574	0.524	gain	TP	TP
chr22	22818223	22836377	18154	12	0	0	17	co_linked	co_linked	1-1	3	False	29	0.574	0.444	gain	TP	TP
chr22	22818223	22836523	18300	11	0	0	19	co_linked	co_linked	1-1	3	False	30	0.574	0.525	gain	TP	TP
chr22	22818223	22837001	18778	12	0	0	18	co_linked	co_linked	1-1	3	False	30	0.574	0.469	gain	TP	TP
chr22	22818223	22837081	18858	11	0	0	18	co_linked	co_linked	1-1	3	False	29	0.574	0.477	gain	TP	TP
chr22	22818799	22818805	6	59	0	0	82	co_linked	co_linked	1-1	3	False	141	0.593	0.569	gain	TP	TP
chr22	22818799	22821823	3024	44	0	0	59	co_linked	co_linked	1-1	3	False	103	0.593	0.59	gain	TP	TP
chr22	22818799	22824726	5927	36	0	0	53	co_linked	co_linked	1-1	3	False	89	0.593	0.58	gain	TP	TP
chr22	22818799	22826381	7582	29	0	0	43	co_linked	co_linked	1-1	3	False	72	0.593	0.585	gain	TP	TP
chr22	22818799	22829095	10296	21	0	0	34	co_linked	co_linked	1-1	3	False	55	0.593	0.531	gain	TP	TP
chr22	22818799	22829558	10759	21	0	0	34	co_linked	co_linked	1-1	3	False	55	0.593	0.538	gain	TP	TP
chr22	22818799	22835697	16898	13	0	0	22	co_linked	co_linked	1-1	3	False	35	0.593	0.524	gain	TP	TP
chr22	22818799	22836377	17578	11	0	0	17	co_linked	co_linked	1-1	3	False	28	0.593	0.444	gain	TP	TP
chr22	22818799	22836523	17724	10	0	0	19	co_linked	co_linked	1-1	3	False	29	0.593	0.525	gain	TP	TP
chr22	22818799	22837001	18202	11	0	0	18	co_linked	co_linked	1-1	3	False	29	0.593	0.469	gain	TP	TP
chr22	22818799	22837081	18282	10	0	0	18	co_linked	co_linked	1-1	3	False	28	0.593	0.477	gain	TP	TP
chr22	22818805	22848614	29809	4	0	0	3	co_linked	co_linked	3	1-1	False	7	0.569	0.415	gain	TP	TP
chr22	22820272	22848614	28342	5	0	0	3	co_linked	co_linked	3	1-1	False	8	0.599	0.415	gain	TP	TP
chr22	22821823	22848614	26791	6	0	0	2	co_linked	co_linked	3	1-1	False	8	0.59	0.415	gain	TP	TP
chr22	22824726	22848614	23888	10	0	0	3	co_linked	co_linked	3	1-1	False	13	0.58	0.415	gain	TP	TP
chr22	22825895	22848614	22719	10	0	0	4	co_linked	co_linked	3	1-1	False	14	0.588	0.415	gain	TP	TP
chr22	22826360	22848614	22254	10	0	0	4	co_linked	co_linked	3	1-1	False	14	0.56	0.415	gain	TP	TP
chr22	22826381	22848614	22233	10	0	0	4	co_linked	co_linked	3	1-1	False	14	0.585	0.415	gain	TP	TP
chr22	22827408	22848614	21206	12	0	0	5	co_linked	co_linked	3	1-1	False	17	0.55	0.415	gain	TP	TP
chr22	22827549	22848614	21065	12	0	0	5	co_linked	co_linked	3	1-1	False	17	0.574	0.415	gain	TP	TP
chr22	22848614	22880306	31692	8	0	0	7	co_linked	co_linked	1-1	3	False	15	0.415	0.566	gain	TP	TP
chr22	22848614	22881081	32467	8	0	0	4	co_linked	co_linked	1-1	3	False	12	0.415	0.545	gain	TP	TP
chr22	22848614	22881098	32484	8	0	0	6	co_linked	co_linked	1-1	3	False	14	0.415	0.592	gain	TP	TP
chr22	22848614	22883190	34576	6	0	0	4	co_linked	co_linked	1-1	3	False	10	0.415	0.592	gain	TP	TP
chr22	22848614	22885356	36742	5	0	0	4	co_linked	co_linked	1-1	3	False	9	0.415	0.574	gain	TP	TP
chr22	22880306	22889348	9042	18	0	0	36	co_linked	co_linked	3	2-1	False	54	0.566	0.597	gain	TP	TP
chr22	22881081	22889348	8267	17	0	0	31	co_linked	co_linked	3	2-1	False	48	0.545	0.597	gain	TP	TP
chr22	28209581	28224609	15028	10	0	0	23	co_linked	co_linked	1-1	2-1	False	33	0.583	0.585	gain	TP	TP
chr3	68637840	68658490	20650	7	0	0	1	sparse	co_linked	2-1	1-1	False	8	0.096	0.115	loh	FP	FP
chr3	68637840	68658829	20989	7	0	0	1	sparse	co_linked	2-1	1-1	False	8	0.096	0.111	loh	FP	FP
chr3	68639759	68658490	18731	10	0	0	1	sparse	co_linked	2-1	1-1	False	11	0.094	0.115	loh	FP	FP
chr3	68639759	68658829	19070	10	0	0	1	sparse	co_linked	2-1	1-1	False	11	0.094	0.111	loh	FP	FP
chr3	73215167	73237076	21909	0	0	0	9	co_linked	co_linked	3	2-1	False	9	0.481	0.873	gain	TP	TP
chr3	110287817	110320650	32833	0	0	0	6	co_linked	co_linked	2-1	3	False	6	0.938	0.978	loh	TP	TP
chr3	115982348	115997319	14971	16	0	0	1	sparse	co_linked	3	2-1	False	17	0.053	0.093	loh	FP	FP
chr3	138546650	138579344	32694	3	0	0	3	co_linked	co_linked	2-1	1-1	False	6	0.566	0.354	gain	TP	TP
chr3	177246329	177274612	28283	7	0	0	3	co_linked	co_linked	2-1	3	False	10	0.425	0.438	gain	TP	TP
chr3	177264799	177274612	9813	30	0	0	18	co_linked	co_linked	2-1	3	False	48	0.416	0.438	gain	TP	TP
chr8	70990467	71014774	24307	9	0	0	3	co_linked	co_linked	2-1	3	False	12	0.337	0.32	gain	TP	TP
chr8	78307379	78330173	22794	5	0	0	2	co_linked	co_linked	1-1	3	False	7	0.284	0.387	gain	TP	TP
chr8	81114617	81134980	20363	19	0	0	1	sparse	co_linked	3	1-1	False	20	0.087	0.126	gain	FP	FP
chr8	81343951	81366100	22149	13	0	0	1	sparse	co_linked	1-1	2-1	False	14	0.116	0.125	gain	FP	FP
chr8	81361500	81380119	18619	17	0	0	1	sparse	co_linked	1-1	2-1	False	18	0.135	0.091	gain	FP	FP
chr8	81361500	81381326	19826	15	0	0	1	sparse	co_linked	1-1	2-1	False	16	0.135	0.075	gain	FP	FP
chr8	81365126	81380119	14993	24	0	0	1	sparse	co_linked	1-1	2-1	False	25	0.118	0.091	gain	FP	FP
chr8	81365126	81381326	16200	22	0	0	1	sparse	co_linked	1-1	2-1	False	23	0.118	0.075	gain	FP	FP
chr8	81366100	81398361	32261	6	0	0	1	sparse	co_linked	2-1	3	False	7	0.125	0.144	gain	FP	FP
chr8	81380119	81398361	18242	17	0	0	1	sparse	co_linked	2-1	3	False	18	0.091	0.144	gain	FP	FP
chr8	81381326	81398361	17035	21	0	0	1	sparse	co_linked	2-1	3	False	22	0.075	0.144	gain	FP	FP
chr8	81394019	81398361	4342	49	0	0	7	co_linked	co_linked	2-1	3	False	56	0.11	0.144	gain	FP	FP
chr8	81394019	81414548	20529	9	0	0	4	co_linked	co_linked	2-1	1-1	False	13	0.11	0.158	gain	FP	FP
chr8	81394019	81415786	21767	6	0	0	4	co_linked	co_linked	2-1	1-1	False	10	0.11	0.174	gain	FP	FP
chr8	81394019	81417232	23213	5	0	0	4	co_linked	co_linked	2-1	1-1	False	9	0.11	0.149	gain	FP	FP
chr8	81394019	81417803	23784	5	0	0	4	co_linked	co_linked	2-1	1-1	False	9	0.11	0.16	gain	FP	FP
chr8	81394019	81418670	24651	5	0	0	3	co_linked	co_linked	2-1	1-1	False	8	0.11	0.159	gain	FP	FP
chr8	81394019	81419428	25409	5	0	0	4	co_linked	co_linked	2-1	1-1	False	9	0.11	0.174	gain	FP	FP
chr8	81394019	81419537	25518	5	0	0	4	co_linked	co_linked	2-1	1-1	False	9	0.11	0.174	gain	FP	FP
chr8	81394019	81420653	26634	4	0	0	4	co_linked	co_linked	2-1	1-1	False	8	0.11	0.19	gain	FP	FP
chr8	81394019	81422195	28176	4	0	0	4	co_linked	co_linked	2-1	1-1	False	8	0.11	0.133	gain	FP	FP
chr8	81394019	81423119	29100	3	0	0	4	co_linked	co_linked	2-1	1-1	False	7	0.11	0.19	gain	FP	FP
chr8	81394019	81423327	29308	4	0	0	3	co_linked	co_linked	2-1	1-1	False	7	0.11	0.174	gain	FP	FP
chr8	81394019	81423467	29448	4	0	0	4	co_linked	co_linked	2-1	1-1	False	8	0.11	0.176	gain	FP	FP
chr8	81394019	81423841	29822	3	0	0	4	co_linked	co_linked	2-1	1-1	False	7	0.11	0.173	gain	FP	FP
chr8	81394019	81424607	30588	2	0	0	4	co_linked	co_linked	2-1	1-1	False	6	0.11	0.141	gain	FP	FP
chr8	81394276	81398361	4085	50	0	0	8	co_linked	co_linked	2-1	3	False	58	0.122	0.144	gain	FP	FP
chr8	81394276	81414548	20272	9	0	0	5	co_linked	co_linked	2-1	1-1	False	14	0.122	0.158	gain	FP	FP
chr8	81394276	81415786	21510	6	0	0	5	co_linked	co_linked	2-1	1-1	False	11	0.122	0.174	gain	FP	FP
chr8	81394276	81417232	22956	5	0	0	5	co_linked	co_linked	2-1	1-1	False	10	0.122	0.149	gain	FP	FP
chr8	81394276	81417803	23527	5	0	0	5	co_linked	co_linked	2-1	1-1	False	10	0.122	0.16	gain	FP	FP
chr8	81394276	81418670	24394	5	0	0	4	co_linked	co_linked	2-1	1-1	False	9	0.122	0.159	gain	FP	FP
chr8	81394276	81419428	25152	5	0	0	5	co_linked	co_linked	2-1	1-1	False	10	0.122	0.174	gain	FP	FP
chr8	81394276	81419537	25261	5	0	0	5	co_linked	co_linked	2-1	1-1	False	10	0.122	0.174	gain	FP	FP
chr8	81394276	81420653	26377	4	0	0	5	co_linked	co_linked	2-1	1-1	False	9	0.122	0.19	gain	FP	FP
chr8	81394276	81423119	28843	3	0	0	5	co_linked	co_linked	2-1	1-1	False	8	0.122	0.19	gain	FP	FP
chr8	81394276	81423327	29051	4	0	0	4	co_linked	co_linked	2-1	1-1	False	8	0.122	0.174	gain	FP	FP
chr8	81394276	81423467	29191	4	0	0	5	co_linked	co_linked	2-1	1-1	False	9	0.122	0.176	gain	FP	FP
chr8	81394276	81423841	29565	3	0	0	5	co_linked	co_linked	2-1	1-1	False	8	0.122	0.173	gain	FP	FP
chr8	81394276	81424607	30331	2	0	0	4	co_linked	co_linked	2-1	1-1	False	6	0.122	0.141	gain	FP	FP
chr8	81395569	81398361	2792	57	0	0	9	co_linked	co_linked	2-1	3	False	66	0.126	0.144	gain	FP	FP
chr8	81395569	81414548	18979	10	0	0	5	co_linked	co_linked	2-1	1-1	False	15	0.126	0.158	gain	FP	FP
chr8	81395569	81415786	20217	7	0	0	5	co_linked	co_linked	2-1	1-1	False	12	0.126	0.174	gain	FP	FP
chr8	81395569	81417232	21663	6	0	0	5	co_linked	co_linked	2-1	1-1	False	11	0.126	0.149	gain	FP	FP
chr8	81395569	81417803	22234	6	0	0	5	co_linked	co_linked	2-1	1-1	False	11	0.126	0.16	gain	FP	FP
chr8	81395569	81418670	23101	6	0	0	4	co_linked	co_linked	2-1	1-1	False	10	0.126	0.159	gain	FP	FP
chr8	81395569	81419428	23859	6	0	0	5	co_linked	co_linked	2-1	1-1	False	11	0.126	0.174	gain	FP	FP
chr8	81395569	81419537	23968	5	0	0	5	co_linked	co_linked	2-1	1-1	False	10	0.126	0.174	gain	FP	FP
chr8	81395569	81420653	25084	4	0	0	5	co_linked	co_linked	2-1	1-1	False	9	0.126	0.19	gain	FP	FP
chr8	81395569	81423119	27550	3	0	0	5	co_linked	co_linked	2-1	1-1	False	8	0.126	0.19	gain	FP	FP
chr8	81395569	81423327	27758	4	0	0	5	co_linked	co_linked	2-1	1-1	False	9	0.126	0.174	gain	FP	FP
chr8	81395569	81423467	27898	4	0	0	5	co_linked	co_linked	2-1	1-1	False	9	0.126	0.176	gain	FP	FP
chr8	81395569	81423583	28014	3	0	0	5	co_linked	co_linked	2-1	1-1	False	8	0.126	0.183	gain	FP	FP
chr8	81395569	81423841	28272	3	0	0	4	co_linked	co_linked	2-1	1-1	False	7	0.126	0.173	gain	FP	FP
chr8	81395569	81424607	29038	2	0	0	4	co_linked	co_linked	2-1	1-1	False	6	0.126	0.141	gain	FP	FP
chr8	81395800	81398361	2561	57	0	0	10	co_linked	co_linked	2-1	3	False	67	0.128	0.144	gain	FP	FP
chr8	81395800	81409240	13440	16	0	0	7	co_linked	co_linked	2-1	1-1	False	23	0.128	0.19	gain	FP	FP
chr8	81395800	81414548	18748	10	0	0	5	co_linked	co_linked	2-1	1-1	False	15	0.128	0.158	gain	FP	FP
chr8	81395800	81415786	19986	7	0	0	5	co_linked	co_linked	2-1	1-1	False	12	0.128	0.174	gain	FP	FP
chr8	81395800	81417232	21432	6	0	0	5	co_linked	co_linked	2-1	1-1	False	11	0.128	0.149	gain	FP	FP
chr8	81395800	81417803	22003	6	0	0	5	co_linked	co_linked	2-1	1-1	False	11	0.128	0.16	gain	FP	FP
chr8	81395800	81418670	22870	6	0	0	4	co_linked	co_linked	2-1	1-1	False	10	0.128	0.159	gain	FP	FP
chr8	81395800	81419428	23628	6	0	0	5	co_linked	co_linked	2-1	1-1	False	11	0.128	0.174	gain	FP	FP
chr8	81395800	81419537	23737	5	0	0	5	co_linked	co_linked	2-1	1-1	False	10	0.128	0.174	gain	FP	FP
chr8	81395800	81420653	24853	4	0	0	5	co_linked	co_linked	2-1	1-1	False	9	0.128	0.19	gain	FP	FP
chr8	81395800	81423119	27319	3	0	0	5	co_linked	co_linked	2-1	1-1	False	8	0.128	0.19	gain	FP	FP
chr8	81395800	81423327	27527	4	0	0	4	co_linked	co_linked	2-1	1-1	False	8	0.128	0.174	gain	FP	FP
chr8	81395800	81423467	27667	4	0	0	5	co_linked	co_linked	2-1	1-1	False	9	0.128	0.176	gain	FP	FP
chr8	81395800	81423841	28041	3	0	0	4	co_linked	co_linked	2-1	1-1	False	7	0.128	0.173	gain	FP	FP
chr8	81395800	81424607	28807	2	0	0	4	co_linked	co_linked	2-1	1-1	False	6	0.128	0.141	gain	FP	FP
chr8	81395973	81398361	2388	56	0	0	9	co_linked	co_linked	2-1	3	False	65	0.13	0.144	gain	FP	FP
chr8	81395973	81414548	18575	10	0	0	5	co_linked	co_linked	2-1	1-1	False	15	0.13	0.158	gain	FP	FP
chr8	81395973	81415786	19813	7	0	0	5	co_linked	co_linked	2-1	1-1	False	12	0.13	0.174	gain	FP	FP
chr8	81395973	81417232	21259	6	0	0	5	co_linked	co_linked	2-1	1-1	False	11	0.13	0.149	gain	FP	FP
chr8	81395973	81417803	21830	6	0	0	5	co_linked	co_linked	2-1	1-1	False	11	0.13	0.16	gain	FP	FP
chr8	81395973	81418670	22697	6	0	0	5	co_linked	co_linked	2-1	1-1	False	11	0.13	0.159	gain	FP	FP
chr8	81395973	81419428	23455	6	0	0	5	co_linked	co_linked	2-1	1-1	False	11	0.13	0.174	gain	FP	FP
chr8	81395973	81419537	23564	5	0	0	5	co_linked	co_linked	2-1	1-1	False	10	0.13	0.174	gain	FP	FP
chr8	81395973	81420653	24680	4	0	0	5	co_linked	co_linked	2-1	1-1	False	9	0.13	0.19	gain	FP	FP
chr8	81395973	81423119	27146	3	0	0	5	co_linked	co_linked	2-1	1-1	False	8	0.13	0.19	gain	FP	FP
chr8	81395973	81423327	27354	4	0	0	4	co_linked	co_linked	2-1	1-1	False	8	0.13	0.174	gain	FP	FP
chr8	81395973	81423467	27494	4	0	0	5	co_linked	co_linked	2-1	1-1	False	9	0.13	0.176	gain	FP	FP
chr8	81395973	81423841	27868	3	0	0	4	co_linked	co_linked	2-1	1-1	False	7	0.13	0.173	gain	FP	FP
chr8	81395973	81424607	28634	2	0	0	4	co_linked	co_linked	2-1	1-1	False	6	0.13	0.141	gain	FP	FP
chr8	81396102	81414548	18446	10	0	0	6	co_linked	co_linked	2-1	1-1	False	16	0.126	0.158	gain	FP	FP
chr8	81396102	81415786	19684	7	0	0	6	co_linked	co_linked	2-1	1-1	False	13	0.126	0.174	gain	FP	FP
chr8	81396102	81417232	21130	6	0	0	6	co_linked	co_linked	2-1	1-1	False	12	0.126	0.149	gain	FP	FP
chr8	81396102	81417803	21701	6	0	0	6	co_linked	co_linked	2-1	1-1	False	12	0.126	0.16	gain	FP	FP
chr8	81396102	81418670	22568	6	0	0	5	co_linked	co_linked	2-1	1-1	False	11	0.126	0.159	gain	FP	FP
chr8	81396102	81419428	23326	6	0	0	6	co_linked	co_linked	2-1	1-1	False	12	0.126	0.174	gain	FP	FP
chr8	81396102	81419537	23435	5	0	0	6	co_linked	co_linked	2-1	1-1	False	11	0.126	0.174	gain	FP	FP
chr8	81396102	81420653	24551	4	0	0	6	co_linked	co_linked	2-1	1-1	False	10	0.126	0.19	gain	FP	FP
chr8	81396102	81423119	27017	3	0	0	6	co_linked	co_linked	2-1	1-1	False	9	0.126	0.19	gain	FP	FP
chr8	81396102	81423327	27225	4	0	0	5	co_linked	co_linked	2-1	1-1	False	9	0.126	0.174	gain	FP	FP
chr8	81396102	81423467	27365	4	0	0	6	co_linked	co_linked	2-1	1-1	False	10	0.126	0.176	gain	FP	FP
chr8	81396102	81423841	27739	3	0	0	5	co_linked	co_linked	2-1	1-1	False	8	0.126	0.173	gain	FP	FP
chr8	81396102	81424607	28505	2	0	0	5	co_linked	co_linked	2-1	1-1	False	7	0.126	0.141	gain	FP	FP
chr8	81396102	81424908	28806	2	0	0	4	co_linked	co_linked	2-1	1-1	False	6	0.126	0.133	gain	FP	FP
chr8	81397144	81414548	17404	11	0	0	4	co_linked	co_linked	2-1	1-1	False	15	0.128	0.158	gain	FP	FP
chr8	81397144	81415786	18642	8	0	0	4	co_linked	co_linked	2-1	1-1	False	12	0.128	0.174	gain	FP	FP
chr8	81397144	81417232	20088	7	0	0	4	co_linked	co_linked	2-1	1-1	False	11	0.128	0.149	gain	FP	FP
chr8	81397144	81417803	20659	7	0	0	4	co_linked	co_linked	2-1	1-1	False	11	0.128	0.16	gain	FP	FP
chr8	81397144	81418670	21526	6	0	0	4	co_linked	co_linked	2-1	1-1	False	10	0.128	0.159	gain	FP	FP
chr8	81397144	81419428	22284	6	0	0	4	co_linked	co_linked	2-1	1-1	False	10	0.128	0.174	gain	FP	FP
chr8	81397144	81419537	22393	5	0	0	4	co_linked	co_linked	2-1	1-1	False	9	0.128	0.174	gain	FP	FP
chr8	81397144	81420653	23509	4	0	0	4	co_linked	co_linked	2-1	1-1	False	8	0.128	0.19	gain	FP	FP
chr8	81397144	81422195	25051	4	0	0	4	co_linked	co_linked	2-1	1-1	False	8	0.128	0.133	gain	FP	FP
chr8	81397144	81423119	25975	3	0	0	4	co_linked	co_linked	2-1	1-1	False	7	0.128	0.19	gain	FP	FP
chr8	81397144	81423327	26183	4	0	0	3	co_linked	co_linked	2-1	1-1	False	7	0.128	0.174	gain	FP	FP
chr8	81397144	81423467	26323	4	0	0	4	co_linked	co_linked	2-1	1-1	False	8	0.128	0.176	gain	FP	FP
chr8	81397144	81423841	26697	3	0	0	3	co_linked	co_linked	2-1	1-1	False	6	0.128	0.173	gain	FP	FP
chr8	81397144	81424607	27463	2	0	0	4	co_linked	co_linked	2-1	1-1	False	6	0.128	0.141	gain	FP	FP
chr8	81398361	81401890	3529	49	0	0	10	co_linked	co_linked	3	2-1	False	59	0.144	0.143	gain	FP	FP
chr8	81398361	81407688	9327	28	0	0	7	co_linked	co_linked	3	2-1	False	35	0.144	0.161	gain	FP	FP
chr8	81398361	81407767	9406	28	0	0	7	co_linked	co_linked	3	2-1	False	35	0.144	0.151	gain	FP	FP
chr8	81398361	81409240	10879	19	0	0	7	co_linked	co_linked	3	1-1	False	26	0.144	0.19	gain	FP	FP
chr8	81398361	81409663	11302	18	0	0	6	co_linked	co_linked	3	2-1	False	24	0.144	0.171	gain	FP	FP
chr8	81398361	81414548	16187	14	0	0	5	co_linked	co_linked	3	1-1	False	19	0.144	0.158	gain	FP	FP
chr8	81398361	81415786	17425	11	0	0	5	co_linked	co_linked	3	1-1	False	16	0.144	0.174	gain	FP	FP
chr8	81398361	81417232	18871	10	0	0	5	co_linked	co_linked	3	1-1	False	15	0.144	0.149	gain	FP	FP
chr8	81398361	81417803	19442	10	0	0	5	co_linked	co_linked	3	1-1	False	15	0.144	0.16	gain	FP	FP
chr8	81398361	81418670	20309	9	0	0	4	co_linked	co_linked	3	1-1	False	13	0.144	0.159	gain	FP	FP
chr8	81398361	81419428	21067	9	0	0	5	co_linked	co_linked	3	1-1	False	14	0.144	0.174	gain	FP	FP
chr8	81398361	81419537	21176	8	0	0	5	co_linked	co_linked	3	1-1	False	13	0.144	0.174	gain	FP	FP
chr8	81398361	81420653	22292	7	0	0	5	co_linked	co_linked	3	1-1	False	12	0.144	0.19	gain	FP	FP
chr8	81398361	81423119	24758	6	0	0	5	co_linked	co_linked	3	1-1	False	11	0.144	0.19	gain	FP	FP
chr8	81398361	81423327	24966	7	0	0	4	co_linked	co_linked	3	1-1	False	11	0.144	0.174	gain	FP	FP
chr8	81398361	81423467	25106	7	0	0	5	co_linked	co_linked	3	1-1	False	12	0.144	0.176	gain	FP	FP
chr8	81398361	81423841	25480	6	0	0	4	co_linked	co_linked	3	1-1	False	10	0.144	0.173	gain	FP	FP
chr8	81398361	81424607	26246	5	0	0	4	co_linked	co_linked	3	1-1	False	9	0.144	0.141	gain	FP	FP
chr8	81398361	81424849	26488	5	0	0	2	co_linked	co_linked	3	1-1	False	7	0.144	0.134	gain	FP	FP
chr8	81398361	81424908	26547	5	0	0	3	co_linked	co_linked	3	1-1	False	8	0.144	0.133	gain	FP	FP
chr8	81398361	81426379	28018	3	0	0	3	co_linked	co_linked	3	1-1	False	6	0.144	0.133	gain	FP	FP
chr8	81398361	81427447	29086	3	0	0	3	co_linked	co_linked	3	1-1	False	6	0.144	0.145	gain	FP	FP
chr8	81398361	81428186	29825	3	0	0	3	co_linked	co_linked	3	1-1	False	6	0.144	0.145	gain	FP	FP
chr8	81399160	81414548	15388	14	0	0	5	co_linked	co_linked	2-1	1-1	False	19	0.144	0.158	gain	FP	FP
chr8	81399160	81415786	16626	11	0	0	5	co_linked	co_linked	2-1	1-1	False	16	0.144	0.174	gain	FP	FP
chr8	81399160	81417232	18072	10	0	0	5	co_linked	co_linked	2-1	1-1	False	15	0.144	0.149	gain	FP	FP
chr8	81399160	81417803	18643	10	0	0	5	co_linked	co_linked	2-1	1-1	False	15	0.144	0.16	gain	FP	FP
chr8	81399160	81418670	19510	9	0	0	4	co_linked	co_linked	2-1	1-1	False	13	0.144	0.159	gain	FP	FP
chr8	81399160	81419428	20268	9	0	0	5	co_linked	co_linked	2-1	1-1	False	14	0.144	0.174	gain	FP	FP
chr8	81399160	81419537	20377	8	0	0	5	co_linked	co_linked	2-1	1-1	False	13	0.144	0.174	gain	FP	FP
chr8	81399160	81420653	21493	7	0	0	5	co_linked	co_linked	2-1	1-1	False	12	0.144	0.19	gain	FP	FP
chr8	81399160	81423119	23959	5	0	0	5	co_linked	co_linked	2-1	1-1	False	10	0.144	0.19	gain	FP	FP
chr8	81399160	81423327	24167	6	0	0	5	co_linked	co_linked	2-1	1-1	False	11	0.144	0.174	gain	FP	FP
chr8	81399160	81423467	24307	6	0	0	5	co_linked	co_linked	2-1	1-1	False	11	0.144	0.176	gain	FP	FP
chr8	81399160	81423583	24423	5	0	0	5	co_linked	co_linked	2-1	1-1	False	10	0.144	0.183	gain	FP	FP
chr8	81399160	81423841	24681	5	0	0	4	co_linked	co_linked	2-1	1-1	False	9	0.144	0.173	gain	FP	FP
chr8	81399160	81424607	25447	5	0	0	4	co_linked	co_linked	2-1	1-1	False	9	0.144	0.141	gain	FP	FP
chr8	81399160	81424849	25689	5	0	0	3	co_linked	co_linked	2-1	1-1	False	8	0.144	0.134	gain	FP	FP
chr8	81399160	81424908	25748	5	0	0	3	co_linked	co_linked	2-1	1-1	False	8	0.144	0.133	gain	FP	FP
chr8	81399160	81426379	27219	3	0	0	3	co_linked	co_linked	2-1	1-1	False	6	0.144	0.133	gain	FP	FP
chr8	81399160	81427447	28287	3	0	0	3	co_linked	co_linked	2-1	1-1	False	6	0.144	0.145	gain	FP	FP
chr8	81399160	81428186	29026	3	0	0	3	co_linked	co_linked	2-1	1-1	False	6	0.144	0.145	gain	FP	FP
chr8	81401890	81414548	12658	18	0	0	7	co_linked	co_linked	2-1	1-1	False	25	0.143	0.158	gain	FP	FP
chr8	81401890	81415786	13896	14	0	0	7	co_linked	co_linked	2-1	1-1	False	21	0.143	0.174	gain	FP	FP
chr8	81401890	81417232	15342	13	0	0	6	co_linked	co_linked	2-1	1-1	False	19	0.143	0.149	gain	FP	FP
chr8	81401890	81417803	15913	13	0	0	6	co_linked	co_linked	2-1	1-1	False	19	0.143	0.16	gain	FP	FP
chr8	81401890	81418670	16780	12	0	0	5	co_linked	co_linked	2-1	1-1	False	17	0.143	0.159	gain	FP	FP
chr8	81401890	81419428	17538	12	0	0	6	co_linked	co_linked	2-1	1-1	False	18	0.143	0.174	gain	FP	FP
chr8	81401890	81419537	17647	11	0	0	6	co_linked	co_linked	2-1	1-1	False	17	0.143	0.174	gain	FP	FP
chr8	81401890	81420653	18763	10	0	0	6	co_linked	co_linked	2-1	1-1	False	16	0.143	0.19	gain	FP	FP
chr8	81401890	81423119	21229	7	0	0	6	co_linked	co_linked	2-1	1-1	False	13	0.143	0.19	gain	FP	FP
chr8	81401890	81423327	21437	8	0	0	5	co_linked	co_linked	2-1	1-1	False	13	0.143	0.174	gain	FP	FP
chr8	81401890	81423467	21577	8	0	0	6	co_linked	co_linked	2-1	1-1	False	14	0.143	0.176	gain	FP	FP
chr8	81401890	81423841	21951	7	0	0	5	co_linked	co_linked	2-1	1-1	False	12	0.143	0.173	gain	FP	FP
chr8	81401890	81424607	22717	6	0	0	5	co_linked	co_linked	2-1	1-1	False	11	0.143	0.141	gain	FP	FP
chr8	81401890	81424849	22959	6	0	0	3	co_linked	co_linked	2-1	1-1	False	9	0.143	0.134	gain	FP	FP
chr8	81401890	81424908	23018	6	0	0	4	co_linked	co_linked	2-1	1-1	False	10	0.143	0.133	gain	FP	FP
chr8	81401890	81426379	24489	4	0	0	4	co_linked	co_linked	2-1	1-1	False	8	0.143	0.133	gain	FP	FP
chr8	81401890	81427447	25557	4	0	0	4	co_linked	co_linked	2-1	1-1	False	8	0.143	0.145	gain	FP	FP
chr8	81401890	81428186	26296	4	0	0	4	co_linked	co_linked	2-1	1-1	False	8	0.143	0.145	gain	FP	FP
chr8	81401890	81428256	26366	2	0	0	4	co_linked	co_linked	2-1	1-1	False	6	0.143	0.16	gain	FP	FP
chr8	81401890	81428693	26803	2	0	0	4	co_linked	co_linked	2-1	1-1	False	6	0.143	0.179	gain	FP	FP
chr8	81401890	81428694	26804	2	0	0	4	co_linked	co_linked	2-1	1-1	False	6	0.143	0.169	gain	FP	FP
chr8	81402471	81414548	12077	17	0	0	6	co_linked	co_linked	2-1	1-1	False	23	0.129	0.158	gain	FP	FP
chr8	81402471	81415786	13315	13	0	0	6	co_linked	co_linked	2-1	1-1	False	19	0.129	0.174	gain	FP	FP
chr8	81402471	81417232	14761	12	0	0	5	co_linked	co_linked	2-1	1-1	False	17	0.129	0.149	gain	FP	FP
chr8	81402471	81417803	15332	12	0	0	5	co_linked	co_linked	2-1	1-1	False	17	0.129	0.16	gain	FP	FP
chr8	81402471	81418670	16199	11	0	0	4	co_linked	co_linked	2-1	1-1	False	15	0.129	0.159	gain	FP	FP
chr8	81402471	81419428	16957	11	0	0	5	co_linked	co_linked	2-1	1-1	False	16	0.129	0.174	gain	FP	FP
chr8	81402471	81419537	17066	11	0	0	5	co_linked	co_linked	2-1	1-1	False	16	0.129	0.174	gain	FP	FP
chr8	81402471	81420653	18182	10	0	0	5	co_linked	co_linked	2-1	1-1	False	15	0.129	0.19	gain	FP	FP
chr8	81402471	81423119	20648	7	0	0	5	co_linked	co_linked	2-1	1-1	False	12	0.129	0.19	gain	FP	FP
chr8	81402471	81423327	20856	8	0	0	4	co_linked	co_linked	2-1	1-1	False	12	0.129	0.174	gain	FP	FP
chr8	81402471	81423467	20996	8	0	0	5	co_linked	co_linked	2-1	1-1	False	13	0.129	0.176	gain	FP	FP
chr8	81402471	81423841	21370	7	0	0	5	co_linked	co_linked	2-1	1-1	False	12	0.129	0.173	gain	FP	FP
chr8	81402471	81424607	22136	6	0	0	4	co_linked	co_linked	2-1	1-1	False	10	0.129	0.141	gain	FP	FP
chr8	81402471	81424849	22378	6	0	0	2	co_linked	co_linked	2-1	1-1	False	8	0.129	0.134	gain	FP	FP
chr8	81402471	81424908	22437	6	0	0	3	co_linked	co_linked	2-1	1-1	False	9	0.129	0.133	gain	FP	FP
chr8	81402471	81425637	23166	5	0	0	3	co_linked	co_linked	2-1	1-1	False	8	0.129	0.119	gain	FP	FP
chr8	81402471	81426379	23908	4	0	0	3	co_linked	co_linked	2-1	1-1	False	7	0.129	0.133	gain	FP	FP
chr8	81402471	81427447	24976	4	0	0	3	co_linked	co_linked	2-1	1-1	False	7	0.129	0.145	gain	FP	FP
chr8	81402471	81428186	25715	4	0	0	3	co_linked	co_linked	2-1	1-1	False	7	0.129	0.145	gain	FP	FP
chr8	81404546	81414548	10002	30	0	0	7	co_linked	co_linked	2-1	1-1	False	37	0.133	0.158	gain	FP	FP
chr8	81404546	81415786	11240	25	0	0	7	co_linked	co_linked	2-1	1-1	False	32	0.133	0.174	gain	FP	FP
chr8	81404546	81417232	12686	19	0	0	6	co_linked	co_linked	2-1	1-1	False	25	0.133	0.149	gain	FP	FP
chr8	81404546	81417803	13257	18	0	0	6	co_linked	co_linked	2-1	1-1	False	24	0.133	0.16	gain	FP	FP
chr8	81404546	81418670	14124	17	0	0	5	co_linked	co_linked	2-1	1-1	False	22	0.133	0.159	gain	FP	FP
chr8	81404546	81419428	14882	17	0	0	6	co_linked	co_linked	2-1	1-1	False	23	0.133	0.174	gain	FP	FP
chr8	81404546	81419537	14991	16	0	0	6	co_linked	co_linked	2-1	1-1	False	22	0.133	0.174	gain	FP	FP
chr8	81404546	81420653	16107	15	0	0	6	co_linked	co_linked	2-1	1-1	False	21	0.133	0.19	gain	FP	FP
chr8	81404546	81423119	18573	10	0	0	6	co_linked	co_linked	2-1	1-1	False	16	0.133	0.19	gain	FP	FP
chr8	81404546	81423327	18781	11	0	0	5	co_linked	co_linked	2-1	1-1	False	16	0.133	0.174	gain	FP	FP
chr8	81404546	81423467	18921	11	0	0	6	co_linked	co_linked	2-1	1-1	False	17	0.133	0.176	gain	FP	FP
chr8	81404546	81423841	19295	10	0	0	5	co_linked	co_linked	2-1	1-1	False	15	0.133	0.173	gain	FP	FP
chr8	81404546	81424607	20061	9	0	0	5	co_linked	co_linked	2-1	1-1	False	14	0.133	0.141	gain	FP	FP
chr8	81404546	81424849	20303	9	0	0	3	co_linked	co_linked	2-1	1-1	False	12	0.133	0.134	gain	FP	FP
chr8	81404546	81424908	20362	9	0	0	4	co_linked	co_linked	2-1	1-1	False	13	0.133	0.133	gain	FP	FP
chr8	81404546	81426379	21833	6	0	0	4	co_linked	co_linked	2-1	1-1	False	10	0.133	0.133	gain	FP	FP
chr8	81404546	81427447	22901	6	0	0	4	co_linked	co_linked	2-1	1-1	False	10	0.133	0.145	gain	FP	FP
chr8	81404546	81428186	23640	6	0	0	4	co_linked	co_linked	2-1	1-1	False	10	0.133	0.145	gain	FP	FP
chr8	81404546	81428256	23710	4	0	0	4	co_linked	co_linked	2-1	1-1	False	8	0.133	0.16	gain	FP	FP
chr8	81404546	81428693	24147	4	0	0	4	co_linked	co_linked	2-1	1-1	False	8	0.133	0.179	gain	FP	FP
chr8	81404546	81428694	24148	4	0	0	4	co_linked	co_linked	2-1	1-1	False	8	0.133	0.169	gain	FP	FP
chr8	81404546	81430413	25867	2	0	0	4	co_linked	co_linked	2-1	1-1	False	6	0.133	0.259	gain	FP	FP
chr8	81404546	81430800	26254	2	0	0	4	co_linked	co_linked	2-1	1-1	False	6	0.133	0.23	gain	FP	FP
chr8	81404546	81430934	26388	2	0	0	4	co_linked	co_linked	2-1	1-1	False	6	0.133	0.195	gain	FP	FP
chr8	81404546	81431203	26657	2	0	0	4	co_linked	co_linked	2-1	1-1	False	6	0.133	0.209	gain	FP	FP
chr8	81404546	81431249	26703	2	0	0	4	co_linked	co_linked	2-1	1-1	False	6	0.133	0.202	gain	FP	FP
chr8	81407688	81414548	6860	40	0	0	10	co_linked	co_linked	2-1	1-1	False	50	0.161	0.158	gain	FP	FP
chr8	81407688	81415786	8098	34	0	0	10	co_linked	co_linked	2-1	1-1	False	44	0.161	0.174	gain	FP	FP
chr8	81407688	81417232	9544	28	0	0	9	co_linked	co_linked	2-1	1-1	False	37	0.161	0.149	gain	FP	FP
chr8	81407688	81417803	10115	25	0	0	9	co_linked	co_linked	2-1	1-1	False	34	0.161	0.16	gain	FP	FP
chr8	81407688	81418670	10982	23	0	0	8	co_linked	co_linked	2-1	1-1	False	31	0.161	0.159	gain	FP	FP
chr8	81407688	81419428	11740	24	0	0	9	co_linked	co_linked	2-1	1-1	False	33	0.161	0.174	gain	FP	FP
chr8	81407688	81419537	11849	22	0	0	9	co_linked	co_linked	2-1	1-1	False	31	0.161	0.174	gain	FP	FP
chr8	81407688	81420653	12965	21	0	0	8	co_linked	co_linked	2-1	1-1	False	29	0.161	0.19	gain	FP	FP
chr8	81407688	81423119	15431	16	0	0	8	co_linked	co_linked	2-1	1-1	False	24	0.161	0.19	gain	FP	FP
chr8	81407688	81423327	15639	17	0	0	7	co_linked	co_linked	2-1	1-1	False	24	0.161	0.174	gain	FP	FP
chr8	81407688	81423467	15779	17	0	0	8	co_linked	co_linked	2-1	1-1	False	25	0.161	0.176	gain	FP	FP
chr8	81407688	81423841	16153	15	0	0	6	co_linked	co_linked	2-1	1-1	False	21	0.161	0.173	gain	FP	FP
chr8	81407688	81424607	16919	12	0	0	6	co_linked	co_linked	2-1	1-1	False	18	0.161	0.141	gain	FP	FP
chr8	81407688	81424849	17161	12	0	0	4	co_linked	co_linked	2-1	1-1	False	16	0.161	0.134	gain	FP	FP
chr8	81407688	81424908	17220	12	0	0	5	co_linked	co_linked	2-1	1-1	False	17	0.161	0.133	gain	FP	FP
chr8	81407688	81426379	18691	9	0	0	5	co_linked	co_linked	2-1	1-1	False	14	0.161	0.133	gain	FP	FP
chr8	81407688	81427447	19759	9	0	0	5	co_linked	co_linked	2-1	1-1	False	14	0.161	0.145	gain	FP	FP
chr8	81407688	81428186	20498	9	0	0	5	co_linked	co_linked	2-1	1-1	False	14	0.161	0.145	gain	FP	FP
chr8	81407688	81428256	20568	7	0	0	5	co_linked	co_linked	2-1	1-1	False	12	0.161	0.16	gain	FP	FP
chr8	81407688	81428693	21005	7	0	0	5	co_linked	co_linked	2-1	1-1	False	12	0.161	0.179	gain	FP	FP
chr8	81407688	81428694	21006	7	0	0	5	co_linked	co_linked	2-1	1-1	False	12	0.161	0.169	gain	FP	FP
chr8	81407688	81430413	22725	5	0	0	5	co_linked	co_linked	2-1	1-1	False	10	0.161	0.259	gain	FP	FP
chr8	81407688	81430800	23112	5	0	0	5	co_linked	co_linked	2-1	1-1	False	10	0.161	0.23	gain	FP	FP
chr8	81407688	81430934	23246	5	0	0	5	co_linked	co_linked	2-1	1-1	False	10	0.161	0.195	gain	FP	FP
chr8	81407688	81431203	23515	5	0	0	5	co_linked	co_linked	2-1	1-1	False	10	0.161	0.209	gain	FP	FP
chr8	81407688	81431249	23561	5	0	0	5	co_linked	co_linked	2-1	1-1	False	10	0.161	0.202	gain	FP	FP
chr8	81407688	81432622	24934	5	0	0	4	co_linked	co_linked	2-1	1-1	False	9	0.161	0.235	gain	FP	FP
chr8	81407688	81433532	25844	5	0	0	4	co_linked	co_linked	2-1	1-1	False	9	0.161	0.193	gain	FP	FP
chr8	81407688	81434164	26476	5	0	0	4	co_linked	co_linked	2-1	1-1	False	9	0.161	0.205	gain	FP	FP
chr8	81407688	81434245	26557	5	0	0	4	co_linked	co_linked	2-1	1-1	False	9	0.161	0.17	gain	FP	FP
chr8	81407688	81434701	27013	4	0	0	4	co_linked	co_linked	2-1	1-1	False	8	0.161	0.14	gain	FP	FP
chr8	81407688	81434745	27057	4	0	0	4	co_linked	co_linked	2-1	1-1	False	8	0.161	0.149	gain	FP	FP
chr8	81407688	81435384	27696	4	0	0	4	co_linked	co_linked	2-1	1-1	False	8	0.161	0.207	gain	FP	FP
chr8	81407688	81435550	27862	4	0	0	4	co_linked	co_linked	2-1	1-1	False	8	0.161	0.143	gain	FP	FP
chr8	81407688	81436544	28856	3	0	0	3	co_linked	co_linked	2-1	1-1	False	6	0.161	0.126	gain	FP	FP
chr8	81407688	81437858	30170	3	0	0	3	co_linked	co_linked	2-1	1-1	False	6	0.161	0.151	gain	FP	FP
chr8	81407688	81437965	30277	3	0	0	3	co_linked	co_linked	2-1	1-1	False	6	0.161	0.136	gain	FP	FP
chr8	81407767	81414548	6781	40	0	0	10	co_linked	co_linked	2-1	1-1	False	50	0.151	0.158	gain	FP	FP
chr8	81407767	81415786	8019	34	0	0	10	co_linked	co_linked	2-1	1-1	False	44	0.151	0.174	gain	FP	FP
chr8	81407767	81417232	9465	28	0	0	9	co_linked	co_linked	2-1	1-1	False	37	0.151	0.149	gain	FP	FP
chr8	81407767	81417803	10036	25	0	0	9	co_linked	co_linked	2-1	1-1	False	34	0.151	0.16	gain	FP	FP
chr8	81407767	81418670	10903	23	0	0	8	co_linked	co_linked	2-1	1-1	False	31	0.151	0.159	gain	FP	FP
chr8	81407767	81419428	11661	24	0	0	9	co_linked	co_linked	2-1	1-1	False	33	0.151	0.174	gain	FP	FP
chr8	81407767	81419537	11770	22	0	0	9	co_linked	co_linked	2-1	1-1	False	31	0.151	0.174	gain	FP	FP
chr8	81407767	81420653	12886	21	0	0	8	co_linked	co_linked	2-1	1-1	False	29	0.151	0.19	gain	FP	FP
chr8	81407767	81423119	15352	16	0	0	8	co_linked	co_linked	2-1	1-1	False	24	0.151	0.19	gain	FP	FP
chr8	81407767	81423327	15560	17	0	0	7	co_linked	co_linked	2-1	1-1	False	24	0.151	0.174	gain	FP	FP
chr8	81407767	81423467	15700	17	0	0	8	co_linked	co_linked	2-1	1-1	False	25	0.151	0.176	gain	FP	FP
chr8	81407767	81423841	16074	15	0	0	6	co_linked	co_linked	2-1	1-1	False	21	0.151	0.173	gain	FP	FP
chr8	81407767	81424607	16840	12	0	0	6	co_linked	co_linked	2-1	1-1	False	18	0.151	0.141	gain	FP	FP
chr8	81407767	81424849	17082	12	0	0	4	co_linked	co_linked	2-1	1-1	False	16	0.151	0.134	gain	FP	FP
chr8	81407767	81424908	17141	12	0	0	5	co_linked	co_linked	2-1	1-1	False	17	0.151	0.133	gain	FP	FP
chr8	81407767	81426379	18612	9	0	0	5	co_linked	co_linked	2-1	1-1	False	14	0.151	0.133	gain	FP	FP
chr8	81407767	81427447	19680	9	0	0	5	co_linked	co_linked	2-1	1-1	False	14	0.151	0.145	gain	FP	FP
chr8	81407767	81428186	20419	9	0	0	5	co_linked	co_linked	2-1	1-1	False	14	0.151	0.145	gain	FP	FP
chr8	81407767	81428256	20489	7	0	0	5	co_linked	co_linked	2-1	1-1	False	12	0.151	0.16	gain	FP	FP
chr8	81407767	81428693	20926	7	0	0	5	co_linked	co_linked	2-1	1-1	False	12	0.151	0.179	gain	FP	FP
chr8	81407767	81428694	20927	7	0	0	5	co_linked	co_linked	2-1	1-1	False	12	0.151	0.169	gain	FP	FP
chr8	81407767	81430413	22646	5	0	0	5	co_linked	co_linked	2-1	1-1	False	10	0.151	0.259	gain	FP	FP
chr8	81407767	81430800	23033	5	0	0	5	co_linked	co_linked	2-1	1-1	False	10	0.151	0.23	gain	FP	FP
chr8	81407767	81430934	23167	5	0	0	5	co_linked	co_linked	2-1	1-1	False	10	0.151	0.195	gain	FP	FP
chr8	81407767	81431203	23436	5	0	0	5	co_linked	co_linked	2-1	1-1	False	10	0.151	0.209	gain	FP	FP
chr8	81407767	81431249	23482	5	0	0	5	co_linked	co_linked	2-1	1-1	False	10	0.151	0.202	gain	FP	FP
chr8	81407767	81432622	24855	5	0	0	4	co_linked	co_linked	2-1	1-1	False	9	0.151	0.235	gain	FP	FP
chr8	81407767	81433532	25765	5	0	0	4	co_linked	co_linked	2-1	1-1	False	9	0.151	0.193	gain	FP	FP
chr8	81407767	81434164	26397	5	0	0	4	co_linked	co_linked	2-1	1-1	False	9	0.151	0.205	gain	FP	FP
chr8	81407767	81434245	26478	5	0	0	4	co_linked	co_linked	2-1	1-1	False	9	0.151	0.17	gain	FP	FP
chr8	81407767	81434701	26934	4	0	0	4	co_linked	co_linked	2-1	1-1	False	8	0.151	0.14	gain	FP	FP
chr8	81407767	81434745	26978	4	0	0	4	co_linked	co_linked	2-1	1-1	False	8	0.151	0.149	gain	FP	FP
chr8	81407767	81435384	27617	4	0	0	4	co_linked	co_linked	2-1	1-1	False	8	0.151	0.207	gain	FP	FP
chr8	81407767	81435550	27783	4	0	0	4	co_linked	co_linked	2-1	1-1	False	8	0.151	0.143	gain	FP	FP
chr8	81407767	81436544	28777	3	0	0	3	co_linked	co_linked	2-1	1-1	False	6	0.151	0.126	gain	FP	FP
chr8	81407767	81437858	30091	3	0	0	3	co_linked	co_linked	2-1	1-1	False	6	0.151	0.151	gain	FP	FP
chr8	81407767	81437965	30198	3	0	0	3	co_linked	co_linked	2-1	1-1	False	6	0.151	0.136	gain	FP	FP
chr8	81409663	81414548	4885	47	0	0	11	co_linked	co_linked	2-1	1-1	False	58	0.171	0.158	gain	FP	FP
chr8	81409663	81415786	6123	41	0	0	11	co_linked	co_linked	2-1	1-1	False	52	0.171	0.174	gain	FP	FP
chr8	81409663	81417232	7569	35	0	0	10	co_linked	co_linked	2-1	1-1	False	45	0.171	0.149	gain	FP	FP
chr8	81409663	81417803	8140	31	0	0	10	co_linked	co_linked	2-1	1-1	False	41	0.171	0.16	gain	FP	FP
chr8	81409663	81418670	9007	27	0	0	9	co_linked	co_linked	2-1	1-1	False	36	0.171	0.159	gain	FP	FP
chr8	81409663	81419428	9765	28	0	0	10	co_linked	co_linked	2-1	1-1	False	38	0.171	0.174	gain	FP	FP
chr8	81409663	81419537	9874	26	0	0	10	co_linked	co_linked	2-1	1-1	False	36	0.171	0.174	gain	FP	FP
chr8	81409663	81420653	10990	25	0	0	10	co_linked	co_linked	2-1	1-1	False	35	0.171	0.19	gain	FP	FP
chr8	81409663	81423119	13456	19	0	0	10	co_linked	co_linked	2-1	1-1	False	29	0.171	0.19	gain	FP	FP
chr8	81409663	81423327	13664	20	0	0	9	co_linked	co_linked	2-1	1-1	False	29	0.171	0.174	gain	FP	FP
chr8	81409663	81423841	14178	18	0	0	7	co_linked	co_linked	2-1	1-1	False	25	0.171	0.173	gain	FP	FP
chr8	81409663	81424607	14944	15	0	0	6	co_linked	co_linked	2-1	1-1	False	21	0.171	0.141	gain	FP	FP
chr8	81409663	81424849	15186	15	0	0	4	co_linked	co_linked	2-1	1-1	False	19	0.171	0.134	gain	FP	FP
chr8	81409663	81424908	15245	15	0	0	5	co_linked	co_linked	2-1	1-1	False	20	0.171	0.133	gain	FP	FP
chr8	81409663	81426379	16716	12	0	0	5	co_linked	co_linked	2-1	1-1	False	17	0.171	0.133	gain	FP	FP
chr8	81409663	81427447	17784	10	0	0	5	co_linked	co_linked	2-1	1-1	False	15	0.171	0.145	gain	FP	FP
chr8	81409663	81428186	18523	10	0	0	5	co_linked	co_linked	2-1	1-1	False	15	0.171	0.145	gain	FP	FP
chr8	81409663	81428256	18593	8	0	0	5	co_linked	co_linked	2-1	1-1	False	13	0.171	0.16	gain	FP	FP
chr8	81409663	81428693	19030	8	0	0	5	co_linked	co_linked	2-1	1-1	False	13	0.171	0.179	gain	FP	FP
chr8	81409663	81428694	19031	8	0	0	5	co_linked	co_linked	2-1	1-1	False	13	0.171	0.169	gain	FP	FP
chr8	81409663	81430413	20750	6	0	0	5	co_linked	co_linked	2-1	1-1	False	11	0.171	0.259	gain	FP	FP
chr8	81409663	81430800	21137	6	0	0	5	co_linked	co_linked	2-1	1-1	False	11	0.171	0.23	gain	FP	FP
chr8	81409663	81430934	21271	6	0	0	5	co_linked	co_linked	2-1	1-1	False	11	0.171	0.195	gain	FP	FP
chr8	81409663	81431203	21540	6	0	0	5	co_linked	co_linked	2-1	1-1	False	11	0.171	0.209	gain	FP	FP
chr8	81409663	81431249	21586	6	0	0	5	co_linked	co_linked	2-1	1-1	False	11	0.171	0.202	gain	FP	FP
chr8	81409663	81432622	22959	6	0	0	4	co_linked	co_linked	2-1	1-1	False	10	0.171	0.235	gain	FP	FP
chr8	81409663	81433532	23869	5	0	0	4	co_linked	co_linked	2-1	1-1	False	9	0.171	0.193	gain	FP	FP
chr8	81409663	81434164	24501	5	0	0	4	co_linked	co_linked	2-1	1-1	False	9	0.171	0.205	gain	FP	FP
chr8	81409663	81434245	24582	5	0	0	4	co_linked	co_linked	2-1	1-1	False	9	0.171	0.17	gain	FP	FP
chr8	81409663	81434701	25038	4	0	0	4	co_linked	co_linked	2-1	1-1	False	8	0.171	0.14	gain	FP	FP
chr8	81409663	81434745	25082	4	0	0	4	co_linked	co_linked	2-1	1-1	False	8	0.171	0.149	gain	FP	FP
chr8	81409663	81435384	25721	4	0	0	4	co_linked	co_linked	2-1	1-1	False	8	0.171	0.207	gain	FP	FP
chr8	81409663	81435550	25887	4	0	0	4	co_linked	co_linked	2-1	1-1	False	8	0.171	0.143	gain	FP	FP
chr8	81409663	81436544	26881	3	0	0	3	co_linked	co_linked	2-1	1-1	False	6	0.171	0.126	gain	FP	FP
chr8	81409663	81437858	28195	3	0	0	3	co_linked	co_linked	2-1	1-1	False	6	0.171	0.151	gain	FP	FP
chr8	81409663	81437965	28302	3	0	0	3	co_linked	co_linked	2-1	1-1	False	6	0.171	0.136	gain	FP	FP
chr8	81410152	81415786	5634	46	0	0	11	co_linked	co_linked	2-1	1-1	False	57	0.185	0.174	gain	FP	FP
chr8	81410152	81417232	7080	39	0	0	10	co_linked	co_linked	2-1	1-1	False	49	0.185	0.149	gain	FP	FP
chr8	81410152	81417803	7651	34	0	0	10	co_linked	co_linked	2-1	1-1	False	44	0.185	0.16	gain	FP	FP
chr8	81410152	81418670	8518	30	0	0	9	co_linked	co_linked	2-1	1-1	False	39	0.185	0.159	gain	FP	FP
chr8	81410152	81419428	9276	30	0	0	10	co_linked	co_linked	2-1	1-1	False	40	0.185	0.174	gain	FP	FP
chr8	81410152	81419537	9385	27	0	0	10	co_linked	co_linked	2-1	1-1	False	37	0.185	0.174	gain	FP	FP
chr8	81410152	81420653	10501	26	0	0	10	co_linked	co_linked	2-1	1-1	False	36	0.185	0.19	gain	FP	FP
chr8	81410152	81423119	12967	20	0	0	10	co_linked	co_linked	2-1	1-1	False	30	0.185	0.19	gain	FP	FP
chr8	81410152	81423327	13175	21	0	0	9	co_linked	co_linked	2-1	1-1	False	30	0.185	0.174	gain	FP	FP
chr8	81410152	81423841	13689	19	0	0	7	co_linked	co_linked	2-1	1-1	False	26	0.185	0.173	gain	FP	FP
chr8	81410152	81424607	14455	15	0	0	6	co_linked	co_linked	2-1	1-1	False	21	0.185	0.141	gain	FP	FP
chr8	81410152	81424849	14697	15	0	0	4	co_linked	co_linked	2-1	1-1	False	19	0.185	0.134	gain	FP	FP
chr8	81410152	81424908	14756	15	0	0	5	co_linked	co_linked	2-1	1-1	False	20	0.185	0.133	gain	FP	FP
chr8	81410152	81426379	16227	12	0	0	5	co_linked	co_linked	2-1	1-1	False	17	0.185	0.133	gain	FP	FP
chr8	81410152	81427447	17295	10	0	0	5	co_linked	co_linked	2-1	1-1	False	15	0.185	0.145	gain	FP	FP
chr8	81410152	81428186	18034	10	0	0	5	co_linked	co_linked	2-1	1-1	False	15	0.185	0.145	gain	FP	FP
chr8	81410152	81428256	18104	8	0	0	5	co_linked	co_linked	2-1	1-1	False	13	0.185	0.16	gain	FP	FP
chr8	81410152	81428693	18541	8	0	0	5	co_linked	co_linked	2-1	1-1	False	13	0.185	0.179	gain	FP	FP
chr8	81410152	81428694	18542	8	0	0	5	co_linked	co_linked	2-1	1-1	False	13	0.185	0.169	gain	FP	FP
chr8	81410152	81430413	20261	6	0	0	5	co_linked	co_linked	2-1	1-1	False	11	0.185	0.259	gain	FP	FP
chr8	81410152	81430800	20648	6	0	0	5	co_linked	co_linked	2-1	1-1	False	11	0.185	0.23	gain	FP	FP
chr8	81410152	81430934	20782	6	0	0	5	co_linked	co_linked	2-1	1-1	False	11	0.185	0.195	gain	FP	FP
chr8	81410152	81431203	21051	6	0	0	5	co_linked	co_linked	2-1	1-1	False	11	0.185	0.209	gain	FP	FP
chr8	81410152	81431249	21097	6	0	0	5	co_linked	co_linked	2-1	1-1	False	11	0.185	0.202	gain	FP	FP
chr8	81410152	81432622	22470	6	0	0	4	co_linked	co_linked	2-1	1-1	False	10	0.185	0.235	gain	FP	FP
chr8	81410152	81433532	23380	5	0	0	4	co_linked	co_linked	2-1	1-1	False	9	0.185	0.193	gain	FP	FP
chr8	81410152	81434164	24012	5	0	0	4	co_linked	co_linked	2-1	1-1	False	9	0.185	0.205	gain	FP	FP
chr8	81410152	81434245	24093	5	0	0	4	co_linked	co_linked	2-1	1-1	False	9	0.185	0.17	gain	FP	FP
chr8	81410152	81434701	24549	4	0	0	4	co_linked	co_linked	2-1	1-1	False	8	0.185	0.14	gain	FP	FP
chr8	81410152	81434745	24593	4	0	0	4	co_linked	co_linked	2-1	1-1	False	8	0.185	0.149	gain	FP	FP
chr8	81410152	81435384	25232	4	0	0	4	co_linked	co_linked	2-1	1-1	False	8	0.185	0.207	gain	FP	FP
chr8	81410152	81435550	25398	4	0	0	4	co_linked	co_linked	2-1	1-1	False	8	0.185	0.143	gain	FP	FP
chr8	81410152	81436544	26392	3	0	0	3	co_linked	co_linked	2-1	1-1	False	6	0.185	0.126	gain	FP	FP
chr8	81410152	81437858	27706	3	0	0	3	co_linked	co_linked	2-1	1-1	False	6	0.185	0.151	gain	FP	FP
chr8	81410152	81437965	27813	3	0	0	3	co_linked	co_linked	2-1	1-1	False	6	0.185	0.136	gain	FP	FP
chr8	81414548	81440016	25468	8	0	0	3	co_linked	co_linked	1-1	2-1	False	11	0.158	0.11	gain	FP	FP
chr8	81415786	81440016	24230	10	0	0	3	co_linked	co_linked	1-1	2-1	False	13	0.174	0.11	gain	FP	FP
chr8	81417232	81440016	22784	13	0	0	3	co_linked	co_linked	1-1	2-1	False	16	0.149	0.11	gain	FP	FP
chr8	81417803	81440016	22213	13	0	0	3	co_linked	co_linked	1-1	2-1	False	16	0.16	0.11	gain	FP	FP
chr8	81418670	81440016	21346	14	0	0	2	co_linked	co_linked	1-1	2-1	False	16	0.159	0.11	gain	FP	FP
chr8	81419428	81440016	20588	15	0	0	3	co_linked	co_linked	1-1	2-1	False	18	0.174	0.11	gain	FP	FP
chr8	81419537	81440016	20479	15	0	0	3	co_linked	co_linked	1-1	2-1	False	18	0.174	0.11	gain	FP	FP
chr8	81422195	81440016	17821	16	0	0	3	co_linked	co_linked	1-1	2-1	False	19	0.133	0.11	gain	FP	FP
chr8	81423119	81440016	16897	16	0	0	4	co_linked	co_linked	1-1	2-1	False	20	0.19	0.11	gain	FP	FP
chr8	81423119	81444877	21758	10	0	0	1	sparse	co_linked	1-1	3	False	11	0.19	0.134	gain	FP	FP
chr8	81423119	81447883	24764	8	0	0	1	sparse	co_linked	1-1	3	False	9	0.19	0.174	gain	FP	FP
chr8	81423119	81448630	25511	9	0	0	1	sparse	co_linked	1-1	2-1	False	10	0.19	0.156	gain	FP	FP
chr8	81423119	81450809	27690	6	0	0	1	sparse	co_linked	1-1	3	False	7	0.19	0.184	gain	FP	FP
chr8	81423119	81451442	28323	6	0	0	1	sparse	co_linked	1-1	3	False	7	0.19	0.194	gain	FP	FP
chr8	81423327	81440016	16689	16	0	0	4	co_linked	co_linked	1-1	2-1	False	20	0.174	0.11	gain	FP	FP
chr8	81423327	81444877	21550	10	0	0	1	sparse	co_linked	1-1	3	False	11	0.174	0.134	gain	FP	FP
chr8	81423327	81447883	24556	8	0	0	1	sparse	co_linked	1-1	3	False	9	0.174	0.174	gain	FP	FP
chr8	81423327	81448630	25303	9	0	0	1	sparse	co_linked	1-1	2-1	False	10	0.174	0.156	gain	FP	FP
chr8	81423327	81450809	27482	6	0	0	1	sparse	co_linked	1-1	3	False	7	0.174	0.184	gain	FP	FP
chr8	81423327	81451442	28115	6	0	0	1	sparse	co_linked	1-1	3	False	7	0.174	0.194	gain	FP	FP
chr8	81423467	81440016	16549	16	0	0	4	co_linked	co_linked	1-1	2-1	False	20	0.176	0.11	gain	FP	FP
chr8	81423467	81444877	21410	10	0	0	1	sparse	co_linked	1-1	3	False	11	0.176	0.134	gain	FP	FP
chr8	81423467	81447883	24416	8	0	0	1	sparse	co_linked	1-1	3	False	9	0.176	0.174	gain	FP	FP
chr8	81423467	81448630	25163	9	0	0	1	sparse	co_linked	1-1	2-1	False	10	0.176	0.156	gain	FP	FP
chr8	81423467	81450809	27342	6	0	0	1	sparse	co_linked	1-1	3	False	7	0.176	0.184	gain	FP	FP
chr8	81423467	81451442	27975	6	0	0	1	sparse	co_linked	1-1	3	False	7	0.176	0.194	gain	FP	FP
chr8	81423583	81440016	16433	15	0	0	4	co_linked	co_linked	1-1	2-1	False	19	0.183	0.11	gain	FP	FP
chr8	81423583	81444877	21294	9	0	0	1	sparse	co_linked	1-1	3	False	10	0.183	0.134	gain	FP	FP
chr8	81423583	81447883	24300	8	0	0	1	sparse	co_linked	1-1	3	False	9	0.183	0.174	gain	FP	FP
chr8	81423583	81448630	25047	9	0	0	1	sparse	co_linked	1-1	2-1	False	10	0.183	0.156	gain	FP	FP
chr8	81423583	81450809	27226	6	0	0	1	sparse	co_linked	1-1	3	False	7	0.183	0.184	gain	FP	FP
chr8	81423583	81451442	27859	6	0	0	1	sparse	co_linked	1-1	3	False	7	0.183	0.194	gain	FP	FP
chr8	81423841	81440016	16175	16	0	0	4	co_linked	co_linked	1-1	2-1	False	20	0.173	0.11	gain	FP	FP
chr8	81423841	81444877	21036	10	0	0	1	sparse	co_linked	1-1	3	False	11	0.173	0.134	gain	FP	FP
chr8	81423841	81447883	24042	8	0	0	1	sparse	co_linked	1-1	3	False	9	0.173	0.174	gain	FP	FP
chr8	81423841	81448630	24789	9	0	0	1	sparse	co_linked	1-1	2-1	False	10	0.173	0.156	gain	FP	FP
chr8	81423841	81450809	26968	6	0	0	1	sparse	co_linked	1-1	3	False	7	0.173	0.184	gain	FP	FP
chr8	81423841	81451442	27601	6	0	0	1	sparse	co_linked	1-1	3	False	7	0.173	0.194	gain	FP	FP
chr8	81424607	81440016	15409	16	0	0	4	co_linked	co_linked	1-1	2-1	False	20	0.141	0.11	gain	FP	FP
chr8	81424607	81444877	20270	10	0	0	1	sparse	co_linked	1-1	3	False	11	0.141	0.134	gain	FP	FP
chr8	81424607	81447883	23276	8	0	0	1	sparse	co_linked	1-1	3	False	9	0.141	0.174	gain	FP	FP
chr8	81424607	81448630	24023	9	0	0	1	sparse	co_linked	1-1	2-1	False	10	0.141	0.156	gain	FP	FP
chr8	81424607	81450809	26202	6	0	0	1	sparse	co_linked	1-1	3	False	7	0.141	0.184	gain	FP	FP
chr8	81424607	81451442	26835	6	0	0	1	sparse	co_linked	1-1	3	False	7	0.141	0.194	gain	FP	FP
chr8	81424849	81440016	15167	16	0	0	4	co_linked	co_linked	1-1	2-1	False	20	0.134	0.11	gain	FP	FP
chr8	81424849	81444877	20028	10	0	0	1	sparse	co_linked	1-1	3	False	11	0.134	0.134	gain	FP	FP
chr8	81424849	81447883	23034	8	0	0	1	sparse	co_linked	1-1	3	False	9	0.134	0.174	gain	FP	FP
chr8	81424849	81448630	23781	9	0	0	1	sparse	co_linked	1-1	2-1	False	10	0.134	0.156	gain	FP	FP
chr8	81424849	81450809	25960	6	0	0	1	sparse	co_linked	1-1	3	False	7	0.134	0.184	gain	FP	FP
chr8	81424849	81451442	26593	6	0	0	1	sparse	co_linked	1-1	3	False	7	0.134	0.194	gain	FP	FP
chr8	81424908	81440016	15108	16	0	0	4	co_linked	co_linked	1-1	2-1	False	20	0.133	0.11	gain	FP	FP
chr8	81424908	81444877	19969	10	0	0	1	sparse	co_linked	1-1	3	False	11	0.133	0.134	gain	FP	FP
chr8	81424908	81447883	22975	8	0	0	1	sparse	co_linked	1-1	3	False	9	0.133	0.174	gain	FP	FP
chr8	81424908	81448630	23722	9	0	0	1	sparse	co_linked	1-1	2-1	False	10	0.133	0.156	gain	FP	FP
chr8	81424908	81450809	25901	6	0	0	1	sparse	co_linked	1-1	3	False	7	0.133	0.184	gain	FP	FP
chr8	81424908	81451442	26534	6	0	0	1	sparse	co_linked	1-1	3	False	7	0.133	0.194	gain	FP	FP
chr8	81425637	81440016	14379	16	0	0	4	co_linked	co_linked	1-1	2-1	False	20	0.119	0.11	gain	FP	FP
chr8	81425637	81444877	19240	10	0	0	1	sparse	co_linked	1-1	3	False	11	0.119	0.134	gain	FP	FP
chr8	81425637	81447883	22246	8	0	0	1	sparse	co_linked	1-1	3	False	9	0.119	0.174	gain	FP	FP
chr8	81425637	81448630	22993	9	0	0	1	sparse	co_linked	1-1	2-1	False	10	0.119	0.156	gain	FP	FP
chr8	81425637	81450809	25172	6	0	0	1	sparse	co_linked	1-1	3	False	7	0.119	0.184	gain	FP	FP
chr8	81425637	81451442	25805	6	0	0	1	sparse	co_linked	1-1	3	False	7	0.119	0.194	gain	FP	FP
chr8	81426379	81440016	13637	18	0	0	4	co_linked	co_linked	1-1	2-1	False	22	0.133	0.11	gain	FP	FP
chr8	81426379	81444877	18498	11	0	0	1	sparse	co_linked	1-1	3	False	12	0.133	0.134	gain	FP	FP
chr8	81426379	81447883	21504	8	0	0	1	sparse	co_linked	1-1	3	False	9	0.133	0.174	gain	FP	FP
chr8	81426379	81448630	22251	9	0	0	1	sparse	co_linked	1-1	2-1	False	10	0.133	0.156	gain	FP	FP
chr8	81426379	81450809	24430	6	0	0	1	sparse	co_linked	1-1	3	False	7	0.133	0.184	gain	FP	FP
chr8	81426379	81451442	25063	6	0	0	1	sparse	co_linked	1-1	3	False	7	0.133	0.194	gain	FP	FP
chr8	81427447	81440016	12569	18	0	0	4	co_linked	co_linked	1-1	2-1	False	22	0.145	0.11	gain	FP	FP
chr8	81427447	81444877	17430	11	0	0	1	sparse	co_linked	1-1	3	False	12	0.145	0.134	gain	FP	FP
chr8	81427447	81447883	20436	8	0	0	1	sparse	co_linked	1-1	3	False	9	0.145	0.174	gain	FP	FP
chr8	81427447	81448630	21183	9	0	0	1	sparse	co_linked	1-1	2-1	False	10	0.145	0.156	gain	FP	FP
chr8	81427447	81450809	23362	6	0	0	1	sparse	co_linked	1-1	3	False	7	0.145	0.184	gain	FP	FP
chr8	81427447	81451442	23995	6	0	0	1	sparse	co_linked	1-1	3	False	7	0.145	0.194	gain	FP	FP
chr8	81428186	81440016	11830	19	0	0	5	co_linked	co_linked	1-1	2-1	False	24	0.145	0.11	gain	FP	FP
chr8	81428186	81444877	16691	11	0	0	2	co_linked	co_linked	1-1	3	False	13	0.145	0.134	gain	FP	FP
chr8	81428186	81447883	19697	8	0	0	2	co_linked	co_linked	1-1	3	False	10	0.145	0.174	gain	FP	FP
chr8	81428186	81448630	20444	9	0	0	1	sparse	co_linked	1-1	2-1	False	10	0.145	0.156	gain	FP	FP
chr8	81428186	81450809	22623	6	0	0	1	sparse	co_linked	1-1	3	False	7	0.145	0.184	gain	FP	FP
chr8	81428186	81451442	23256	6	0	0	1	sparse	co_linked	1-1	3	False	7	0.145	0.194	gain	FP	FP
chr8	81428256	81440016	11760	19	0	0	5	co_linked	co_linked	1-1	2-1	False	24	0.16	0.11	gain	FP	FP
chr8	81428256	81444877	16621	11	0	0	2	co_linked	co_linked	1-1	3	False	13	0.16	0.134	gain	FP	FP
chr8	81428256	81447883	19627	8	0	0	2	co_linked	co_linked	1-1	3	False	10	0.16	0.174	gain	FP	FP
chr8	81428256	81448630	20374	9	0	0	1	sparse	co_linked	1-1	2-1	False	10	0.16	0.156	gain	FP	FP
chr8	81428256	81450809	22553	6	0	0	1	sparse	co_linked	1-1	3	False	7	0.16	0.184	gain	FP	FP
chr8	81428256	81451442	23186	6	0	0	1	sparse	co_linked	1-1	3	False	7	0.16	0.194	gain	FP	FP
chr8	81428693	81450809	22116	6	0	0	2	co_linked	co_linked	1-1	3	False	8	0.179	0.184	gain	FP	FP
chr8	81428693	81451442	22749	6	0	0	2	co_linked	co_linked	1-1	3	False	8	0.179	0.194	gain	FP	FP
chr8	81428694	81440016	11322	20	0	0	6	co_linked	co_linked	1-1	2-1	False	26	0.169	0.11	gain	FP	FP
chr8	81428694	81447883	19189	8	0	0	3	co_linked	co_linked	1-1	3	False	11	0.169	0.174	gain	FP	FP
chr8	81428694	81448630	19936	9	0	0	1	sparse	co_linked	1-1	2-1	False	10	0.169	0.156	gain	FP	FP
chr8	81428694	81450809	22115	6	0	0	2	co_linked	co_linked	1-1	3	False	8	0.169	0.184	gain	FP	FP
chr8	81428694	81451442	22748	6	0	0	2	co_linked	co_linked	1-1	3	False	8	0.169	0.194	gain	FP	FP
chr8	81430413	81447883	17470	13	0	0	3	co_linked	co_linked	1-1	3	False	16	0.259	0.174	gain	FP	FP
chr8	81430413	81450809	20396	11	0	0	2	co_linked	co_linked	1-1	3	False	13	0.259	0.184	gain	FP	FP
chr8	81430413	81451442	21029	11	0	0	2	co_linked	co_linked	1-1	3	False	13	0.259	0.194	gain	FP	FP
chr8	81430413	81452668	22255	8	0	0	1	sparse	co_linked	1-1	2-1	False	9	0.259	0.153	gain	FP	FP
chr8	81430413	81452940	22527	8	0	0	2	co_linked	co_linked	1-1	2-1	False	10	0.259	0.137	gain	FP	FP
chr8	81430413	81457473	27060	7	0	0	1	sparse	co_linked	1-1	3	False	8	0.259	0.17	gain	FP	FP
chr8	81430450	81440016	9566	32	0	0	6	co_linked	co_linked	1-1	2-1	False	38	0.148	0.11	gain	FP	FP
chr8	81430450	81447883	17433	13	0	0	3	co_linked	co_linked	1-1	3	False	16	0.148	0.174	gain	FP	FP
chr8	81430450	81448630	18180	14	0	0	1	sparse	co_linked	1-1	2-1	False	15	0.148	0.156	gain	FP	FP
chr8	81430450	81450809	20359	11	0	0	2	co_linked	co_linked	1-1	3	False	13	0.148	0.184	gain	FP	FP
chr8	81430450	81451442	20992	11	0	0	2	co_linked	co_linked	1-1	3	False	13	0.148	0.194	gain	FP	FP
chr8	81430450	81452668	22218	8	0	0	1	sparse	co_linked	1-1	2-1	False	9	0.148	0.153	gain	FP	FP
chr8	81430450	81452940	22490	8	0	0	2	co_linked	co_linked	1-1	2-1	False	10	0.148	0.137	gain	FP	FP
chr8	81430450	81457473	27023	7	0	0	1	sparse	co_linked	1-1	3	False	8	0.148	0.17	gain	FP	FP
chr8	81430800	81440016	9216	33	0	0	6	co_linked	co_linked	1-1	2-1	False	39	0.23	0.11	gain	FP	FP
chr8	81430800	81447883	17083	14	0	0	3	co_linked	co_linked	1-1	3	False	17	0.23	0.174	gain	FP	FP
chr8	81430800	81448630	17830	15	0	0	1	sparse	co_linked	1-1	2-1	False	16	0.23	0.156	gain	FP	FP
chr8	81430800	81450809	20009	12	0	0	2	co_linked	co_linked	1-1	3	False	14	0.23	0.184	gain	FP	FP
chr8	81430800	81451442	20642	12	0	0	2	co_linked	co_linked	1-1	3	False	14	0.23	0.194	gain	FP	FP
chr8	81430800	81452668	21868	9	0	0	1	sparse	co_linked	1-1	2-1	False	10	0.23	0.153	gain	FP	FP
chr8	81430800	81452940	22140	9	0	0	2	co_linked	co_linked	1-1	2-1	False	11	0.23	0.137	gain	FP	FP
chr8	81430800	81457473	26673	8	0	0	1	sparse	co_linked	1-1	3	False	9	0.23	0.17	gain	FP	FP
chr8	81430934	81440016	9082	33	0	0	6	co_linked	co_linked	1-1	2-1	False	39	0.195	0.11	gain	FP	FP
chr8	81430934	81447883	16949	14	0	0	3	co_linked	co_linked	1-1	3	False	17	0.195	0.174	gain	FP	FP
chr8	81430934	81448630	17696	15	0	0	1	sparse	co_linked	1-1	2-1	False	16	0.195	0.156	gain	FP	FP
chr8	81430934	81450809	19875	12	0	0	2	co_linked	co_linked	1-1	3	False	14	0.195	0.184	gain	FP	FP
chr8	81430934	81451442	20508	12	0	0	2	co_linked	co_linked	1-1	3	False	14	0.195	0.194	gain	FP	FP
chr8	81430934	81452668	21734	9	0	0	1	sparse	co_linked	1-1	2-1	False	10	0.195	0.153	gain	FP	FP
chr8	81430934	81452940	22006	9	0	0	2	co_linked	co_linked	1-1	2-1	False	11	0.195	0.137	gain	FP	FP
chr8	81430934	81457473	26539	8	0	0	1	sparse	co_linked	1-1	3	False	9	0.195	0.17	gain	FP	FP
chr8	81431203	81440016	8813	34	0	0	8	co_linked	co_linked	1-1	2-1	False	42	0.209	0.11	gain	FP	FP
chr8	81431203	81447883	16680	15	0	0	5	co_linked	co_linked	1-1	3	False	20	0.209	0.174	gain	FP	FP
chr8	81431203	81448630	17427	16	0	0	3	co_linked	co_linked	1-1	2-1	False	19	0.209	0.156	gain	FP	FP
chr8	81431203	81450809	19606	13	0	0	4	co_linked	co_linked	1-1	3	False	17	0.209	0.184	gain	FP	FP
chr8	81431203	81451442	20239	13	0	0	4	co_linked	co_linked	1-1	3	False	17	0.209	0.194	gain	FP	FP
chr8	81431203	81452668	21465	10	0	0	3	co_linked	co_linked	1-1	2-1	False	13	0.209	0.153	gain	FP	FP
chr8	81431203	81452940	21737	10	0	0	4	co_linked	co_linked	1-1	2-1	False	14	0.209	0.137	gain	FP	FP
chr8	81431203	81457473	26270	9	0	0	3	co_linked	co_linked	1-1	3	False	12	0.209	0.17	gain	FP	FP
chr8	81433532	81440016	6484	42	0	0	8	co_linked	co_linked	1-1	2-1	False	50	0.193	0.11	gain	FP	FP
chr8	81433532	81447883	14351	19	0	0	5	co_linked	co_linked	1-1	3	False	24	0.193	0.174	gain	FP	FP
chr8	81433532	81448630	15098	20	0	0	3	co_linked	co_linked	1-1	2-1	False	23	0.193	0.156	gain	FP	FP
chr8	81433532	81450809	17277	17	0	0	4	co_linked	co_linked	1-1	3	False	21	0.193	0.184	gain	FP	FP
chr8	81433532	81451442	17910	17	0	0	4	co_linked	co_linked	1-1	3	False	21	0.193	0.194	gain	FP	FP
chr8	81433532	81452668	19136	13	0	0	3	co_linked	co_linked	1-1	2-1	False	16	0.193	0.153	gain	FP	FP
chr8	81433532	81452940	19408	13	0	0	4	co_linked	co_linked	1-1	2-1	False	17	0.193	0.137	gain	FP	FP
chr8	81433532	81457473	23941	11	0	0	3	co_linked	co_linked	1-1	3	False	14	0.193	0.17	gain	FP	FP
chr8	81434164	81447883	13719	20	0	0	5	co_linked	co_linked	1-1	3	False	25	0.205	0.174	gain	FP	FP
chr8	81434164	81448630	14466	20	0	0	3	co_linked	co_linked	1-1	2-1	False	23	0.205	0.156	gain	FP	FP
chr8	81434164	81450809	16645	17	0	0	4	co_linked	co_linked	1-1	3	False	21	0.205	0.184	gain	FP	FP
chr8	81434164	81451442	17278	17	0	0	4	co_linked	co_linked	1-1	3	False	21	0.205	0.194	gain	FP	FP
chr8	81434164	81452668	18504	13	0	0	3	co_linked	co_linked	1-1	2-1	False	16	0.205	0.153	gain	FP	FP
chr8	81434164	81452940	18776	12	0	0	4	co_linked	co_linked	1-1	2-1	False	16	0.205	0.137	gain	FP	FP
chr8	81434164	81457473	23309	10	0	0	3	co_linked	co_linked	1-1	3	False	13	0.205	0.17	gain	FP	FP
chr8	81434245	81444877	10632	30	0	0	4	co_linked	co_linked	1-1	3	False	34	0.17	0.134	gain	FP	FP
chr8	81434245	81448630	14385	21	0	0	3	co_linked	co_linked	1-1	2-1	False	24	0.17	0.156	gain	FP	FP
chr8	81434245	81452495	18250	15	0	0	3	co_linked	co_linked	1-1	2-1	False	18	0.17	0.153	gain	FP	FP
chr8	81434245	81452668	18423	14	0	0	3	co_linked	co_linked	1-1	2-1	False	17	0.17	0.153	gain	FP	FP
chr8	81434245	81457473	23228	11	0	0	3	co_linked	co_linked	1-1	3	False	14	0.17	0.17	gain	FP	FP
chr8	81434701	81444877	10176	32	0	0	5	co_linked	co_linked	1-1	3	False	37	0.14	0.134	gain	FP	FP
chr8	81434701	81448630	13929	21	0	0	4	co_linked	co_linked	1-1	2-1	False	25	0.14	0.156	gain	FP	FP
chr8	81434701	81452495	17794	15	0	0	4	co_linked	co_linked	1-1	2-1	False	19	0.14	0.153	gain	FP	FP
chr8	81434701	81452668	17967	14	0	0	4	co_linked	co_linked	1-1	2-1	False	18	0.14	0.153	gain	FP	FP
chr8	81434701	81457473	22772	12	0	0	4	co_linked	co_linked	1-1	3	False	16	0.14	0.17	gain	FP	FP
chr8	81434745	81447883	13138	22	0	0	6	co_linked	co_linked	1-1	3	False	28	0.149	0.174	gain	FP	FP
chr8	81434745	81448630	13885	22	0	0	4	co_linked	co_linked	1-1	2-1	False	26	0.149	0.156	gain	FP	FP
chr8	81434745	81450809	16064	19	0	0	5	co_linked	co_linked	1-1	3	False	24	0.149	0.184	gain	FP	FP
chr8	81434745	81451442	16697	19	0	0	5	co_linked	co_linked	1-1	3	False	24	0.149	0.194	gain	FP	FP
chr8	81434745	81452668	17923	15	0	0	4	co_linked	co_linked	1-1	2-1	False	19	0.149	0.153	gain	FP	FP
chr8	81434745	81457473	22728	12	0	0	4	co_linked	co_linked	1-1	3	False	16	0.149	0.17	gain	FP	FP
chr8	81435550	81457473	21923	13	0	0	4	co_linked	co_linked	1-1	3	False	17	0.143	0.17	gain	FP	FP
chr8	81436895	81457473	20578	13	0	0	4	co_linked	co_linked	1-1	3	False	17	0.149	0.17	gain	FP	FP
chr8	81437858	81448630	10772	28	0	0	5	co_linked	co_linked	1-1	2-1	False	33	0.151	0.156	gain	FP	FP
chr8	81437858	81450809	12951	23	0	0	6	co_linked	co_linked	1-1	3	False	29	0.151	0.184	gain	FP	FP
chr8	81437858	81451442	13584	23	0	0	6	co_linked	co_linked	1-1	3	False	29	0.151	0.194	gain	FP	FP
chr8	81437858	81452668	14810	19	0	0	5	co_linked	co_linked	1-1	2-1	False	24	0.151	0.153	gain	FP	FP
chr8	81437858	81457473	19615	13	0	0	4	co_linked	co_linked	1-1	3	False	17	0.151	0.17	gain	FP	FP
chr8	81437965	81448630	10665	29	0	0	5	co_linked	co_linked	1-1	2-1	False	34	0.136	0.156	gain	FP	FP
chr8	81437965	81450809	12844	24	0	0	6	co_linked	co_linked	1-1	3	False	30	0.136	0.184	gain	FP	FP
chr8	81437965	81451442	13477	24	0	0	6	co_linked	co_linked	1-1	3	False	30	0.136	0.194	gain	FP	FP
chr8	81437965	81452668	14703	20	0	0	5	co_linked	co_linked	1-1	2-1	False	25	0.136	0.153	gain	FP	FP
chr8	81437965	81457473	19508	13	0	0	4	co_linked	co_linked	1-1	3	False	17	0.136	0.17	gain	FP	FP
chr8	81440016	81441664	1648	59	0	0	7	co_linked	co_linked	2-1	1-1	False	66	0.11	0.136	gain	FP	FP
chr8	81440016	81460303	20287	12	0	0	2	co_linked	co_linked	2-1	1-1	False	14	0.11	0.115	gain	FP	FP
chr8	81440016	81465297	25281	7	0	0	2	co_linked	co_linked	2-1	1-1	False	9	0.11	0.136	gain	FP	FP
chr8	81440016	81467265	27249	5	0	0	2	co_linked	co_linked	2-1	1-1	False	7	0.11	0.172	gain	FP	FP
chr8	81440016	81468003	27987	4	0	0	2	co_linked	co_linked	2-1	1-1	False	6	0.11	0.17	gain	FP	FP
chr8	81440016	81469430	29414	4	0	0	2	co_linked	co_linked	2-1	1-1	False	6	0.11	0.196	gain	FP	FP
chr8	81440016	81469478	29462	4	0	0	2	co_linked	co_linked	2-1	1-1	False	6	0.11	0.205	gain	FP	FP
chr8	81440016	81470325	30309	4	0	0	2	co_linked	co_linked	2-1	1-1	False	6	0.11	0.167	gain	FP	FP
chr8	81440106	81444877	4771	50	0	0	6	co_linked	co_linked	1-1	3	False	56	0.102	0.134	gain	FP	FP
chr8	81440106	81448630	8524	34	0	0	4	co_linked	co_linked	1-1	2-1	False	38	0.102	0.156	gain	FP	FP
chr8	81440106	81450809	10703	25	0	0	4	co_linked	co_linked	1-1	3	False	29	0.102	0.184	gain	FP	FP
chr8	81440106	81451442	11336	25	0	0	4	co_linked	co_linked	1-1	3	False	29	0.102	0.194	gain	FP	FP
chr8	81440106	81452495	12389	20	0	0	4	co_linked	co_linked	1-1	2-1	False	24	0.102	0.153	gain	FP	FP
chr8	81440106	81452668	12562	20	0	0	4	co_linked	co_linked	1-1	2-1	False	24	0.102	0.153	gain	FP	FP
chr8	81440106	81457473	17367	13	0	0	3	co_linked	co_linked	1-1	3	False	16	0.102	0.17	gain	FP	FP
chr8	81440843	81448630	7787	33	0	0	5	co_linked	co_linked	1-1	2-1	False	38	0.14	0.156	gain	FP	FP
chr8	81440843	81450809	9966	24	0	0	6	co_linked	co_linked	1-1	3	False	30	0.14	0.184	gain	FP	FP
chr8	81440843	81451442	10599	24	0	0	6	co_linked	co_linked	1-1	3	False	30	0.14	0.194	gain	FP	FP
chr8	81440843	81452668	11825	19	0	0	5	co_linked	co_linked	1-1	2-1	False	24	0.14	0.153	gain	FP	FP
chr8	81440843	81457473	16630	12	0	0	4	co_linked	co_linked	1-1	3	False	16	0.14	0.17	gain	FP	FP
chr8	81441268	81444877	3609	54	0	0	6	co_linked	co_linked	1-1	3	False	60	0.103	0.134	gain	FP	FP
chr8	81441268	81448630	7362	37	0	0	4	co_linked	co_linked	1-1	2-1	False	41	0.103	0.156	gain	FP	FP
chr8	81441268	81450809	9541	28	0	0	4	co_linked	co_linked	1-1	3	False	32	0.103	0.184	gain	FP	FP
chr8	81441268	81451442	10174	28	0	0	4	co_linked	co_linked	1-1	3	False	32	0.103	0.194	gain	FP	FP
chr8	81441268	81452495	11227	22	0	0	4	co_linked	co_linked	1-1	2-1	False	26	0.103	0.153	gain	FP	FP
chr8	81441268	81452668	11400	22	0	0	4	co_linked	co_linked	1-1	2-1	False	26	0.103	0.153	gain	FP	FP
chr8	81441268	81452940	11672	22	0	0	4	co_linked	co_linked	1-1	2-1	False	26	0.103	0.137	gain	FP	FP
chr8	81441268	81457473	16205	16	0	0	3	co_linked	co_linked	1-1	3	False	19	0.103	0.17	gain	FP	FP
chr8	81441418	81448630	7212	38	0	0	5	co_linked	co_linked	1-1	2-1	False	43	0.138	0.156	gain	FP	FP
chr8	81441418	81450809	9391	28	0	0	6	co_linked	co_linked	1-1	3	False	34	0.138	0.184	gain	FP	FP
chr8	81441418	81451442	10024	29	0	0	6	co_linked	co_linked	1-1	3	False	35	0.138	0.194	gain	FP	FP
chr8	81441418	81452668	11250	23	0	0	5	co_linked	co_linked	1-1	2-1	False	28	0.138	0.153	gain	FP	FP
chr8	81441418	81457473	16055	16	0	0	4	co_linked	co_linked	1-1	3	False	20	0.138	0.17	gain	FP	FP
chr8	81441605	81450809	9204	20	0	0	6	co_linked	co_linked	1-1	3	False	26	0.208	0.184	gain	FP	FP
chr8	81441605	81457473	15868	11	0	0	4	co_linked	co_linked	1-1	3	False	15	0.208	0.17	gain	FP	FP
chr8	81441664	81448630	6966	35	0	0	3	co_linked	co_linked	1-1	2-1	False	38	0.136	0.156	gain	FP	FP
chr8	81441664	81450809	9145	26	0	0	4	co_linked	co_linked	1-1	3	False	30	0.136	0.184	gain	FP	FP
chr8	81441664	81451442	9778	27	0	0	4	co_linked	co_linked	1-1	3	False	31	0.136	0.194	gain	FP	FP
chr8	81441664	81452668	11004	21	0	0	3	co_linked	co_linked	1-1	2-1	False	24	0.136	0.153	gain	FP	FP
chr8	81441664	81452940	11276	22	0	0	4	co_linked	co_linked	1-1	2-1	False	26	0.136	0.137	gain	FP	FP
chr8	81441664	81457473	15809	15	0	0	2	co_linked	co_linked	1-1	3	False	17	0.136	0.17	gain	FP	FP
chr8	81443283	81448630	5347	42	0	0	6	co_linked	co_linked	1-1	2-1	False	48	0.129	0.156	gain	FP	FP
chr8	81443283	81450809	7526	32	0	0	7	co_linked	co_linked	1-1	3	False	39	0.129	0.184	gain	FP	FP
chr8	81443283	81451442	8159	33	0	0	7	co_linked	co_linked	1-1	3	False	40	0.129	0.194	gain	FP	FP
chr8	81443283	81452668	9385	27	0	0	6	co_linked	co_linked	1-1	2-1	False	33	0.129	0.153	gain	FP	FP
chr8	81443283	81457473	14190	19	0	0	5	co_linked	co_linked	1-1	3	False	24	0.129	0.17	gain	FP	FP
chr8	81443386	81448630	5244	45	0	0	6	co_linked	co_linked	1-1	2-1	False	51	0.129	0.156	gain	FP	FP
chr8	81443386	81450809	7423	34	0	0	7	co_linked	co_linked	1-1	3	False	41	0.129	0.184	gain	FP	FP
chr8	81443386	81451442	8056	35	0	0	7	co_linked	co_linked	1-1	3	False	42	0.129	0.194	gain	FP	FP
chr8	81443386	81452668	9282	29	0	0	6	co_linked	co_linked	1-1	2-1	False	35	0.129	0.153	gain	FP	FP
chr8	81443386	81457473	14087	20	0	0	5	co_linked	co_linked	1-1	3	False	25	0.129	0.17	gain	FP	FP
chr8	81443478	81448630	5152	43	0	0	6	co_linked	co_linked	1-1	2-1	False	49	0.122	0.156	gain	FP	FP
chr8	81443478	81450809	7331	32	0	0	7	co_linked	co_linked	1-1	3	False	39	0.122	0.184	gain	FP	FP
chr8	81443478	81451442	7964	33	0	0	7	co_linked	co_linked	1-1	3	False	40	0.122	0.194	gain	FP	FP
chr8	81443478	81452668	9190	27	0	0	6	co_linked	co_linked	1-1	2-1	False	33	0.122	0.153	gain	FP	FP
chr8	81443478	81457473	13995	18	0	0	5	co_linked	co_linked	1-1	3	False	23	0.122	0.17	gain	FP	FP
chr8	81444877	81448630	3753	54	0	0	10	co_linked	co_linked	3	2-1	False	64	0.134	0.156	gain	FP	FP
chr8	81444877	81452495	7618	36	0	0	10	co_linked	co_linked	3	2-1	False	46	0.134	0.153	gain	FP	FP
chr8	81444877	81452668	7791	34	0	0	10	co_linked	co_linked	3	2-1	False	44	0.134	0.153	gain	FP	FP
chr8	81444877	81455481	10604	29	0	0	8	co_linked	co_linked	3	1-1	False	37	0.134	0.139	gain	FP	FP
chr8	81444877	81455541	10664	29	0	0	8	co_linked	co_linked	3	1-1	False	37	0.134	0.13	gain	FP	FP
chr8	81444877	81456034	11157	26	0	0	8	co_linked	co_linked	3	1-1	False	34	0.134	0.168	gain	FP	FP
chr8	81444877	81460303	15426	21	0	0	6	co_linked	co_linked	3	1-1	False	27	0.134	0.115	gain	FP	FP
chr8	81444877	81465297	20420	11	0	0	5	co_linked	co_linked	3	1-1	False	16	0.134	0.136	gain	FP	FP
chr8	81444877	81465977	21100	7	0	0	4	co_linked	co_linked	3	1-1	False	11	0.134	0.138	gain	FP	FP
chr8	81444877	81467265	22388	8	0	0	5	co_linked	co_linked	3	1-1	False	13	0.134	0.172	gain	FP	FP
chr8	81444877	81468003	23126	7	0	0	5	co_linked	co_linked	3	1-1	False	12	0.134	0.17	gain	FP	FP
chr8	81444877	81469430	24553	7	0	0	5	co_linked	co_linked	3	1-1	False	12	0.134	0.196	gain	FP	FP
chr8	81444877	81469478	24601	7	0	0	5	co_linked	co_linked	3	1-1	False	12	0.134	0.205	gain	FP	FP
chr8	81444877	81470041	25164	7	0	0	4	co_linked	co_linked	3	1-1	False	11	0.134	0.163	gain	FP	FP
chr8	81444877	81470325	25448	7	0	0	5	co_linked	co_linked	3	1-1	False	12	0.134	0.167	gain	FP	FP
chr8	81447883	81455481	7598	38	0	0	9	co_linked	co_linked	3	1-1	False	47	0.174	0.139	gain	FP	FP
chr8	81447883	81455541	7658	38	0	0	8	co_linked	co_linked	3	1-1	False	46	0.174	0.13	gain	FP	FP
chr8	81447883	81456034	8151	35	0	0	9	co_linked	co_linked	3	1-1	False	44	0.174	0.168	gain	FP	FP
chr8	81447883	81460303	12420	29	0	0	6	co_linked	co_linked	3	1-1	False	35	0.174	0.115	gain	FP	FP
chr8	81447883	81465297	17414	18	0	0	5	co_linked	co_linked	3	1-1	False	23	0.174	0.136	gain	FP	FP
chr8	81447883	81465977	18094	12	0	0	4	co_linked	co_linked	3	1-1	False	16	0.174	0.138	gain	FP	FP
chr8	81447883	81467265	19382	14	0	0	5	co_linked	co_linked	3	1-1	False	19	0.174	0.172	gain	FP	FP
chr8	81447883	81468003	20120	13	0	0	5	co_linked	co_linked	3	1-1	False	18	0.174	0.17	gain	FP	FP
chr8	81447883	81469478	21595	11	0	0	5	co_linked	co_linked	3	1-1	False	16	0.174	0.205	gain	FP	FP
chr8	81447883	81470041	22158	13	0	0	4	co_linked	co_linked	3	1-1	False	17	0.174	0.163	gain	FP	FP
chr8	81447883	81470325	22442	13	0	0	5	co_linked	co_linked	3	1-1	False	18	0.174	0.167	gain	FP	FP
chr8	81447883	81478858	30975	8	0	0	1	sparse	co_linked	3	1-1	False	9	0.174	0.135	gain	FP	FP
chr8	81448630	81448631	1	76	0	0	14	co_linked	co_linked	2-1	1-1	False	90	0.156	0.165	gain	FP	FP
chr8	81448630	81448660	30	75	0	0	14	co_linked	co_linked	2-1	1-1	False	89	0.156	0.167	gain	FP	FP
chr8	81448630	81449286	656	67	0	0	13	co_linked	co_linked	2-1	1-1	False	80	0.156	0.154	gain	FP	FP
chr8	81448630	81450809	2179	57	0	0	13	co_linked	co_linked	2-1	3	False	70	0.156	0.184	gain	FP	FP
chr8	81448630	81451107	2477	59	0	0	13	co_linked	co_linked	2-1	1-1	False	72	0.156	0.167	gain	FP	FP
chr8	81448630	81455481	6851	44	0	0	11	co_linked	co_linked	2-1	1-1	False	55	0.156	0.139	gain	FP	FP
chr8	81448630	81455541	6911	44	0	0	10	co_linked	co_linked	2-1	1-1	False	54	0.156	0.13	gain	FP	FP
chr8	81448630	81457473	8843	39	0	0	11	co_linked	co_linked	2-1	3	False	50	0.156	0.17	gain	FP	FP
chr8	81448630	81460303	11673	32	0	0	8	co_linked	co_linked	2-1	1-1	False	40	0.156	0.115	gain	FP	FP
chr8	81448630	81465297	16667	21	0	0	7	co_linked	co_linked	2-1	1-1	False	28	0.156	0.136	gain	FP	FP
chr8	81448630	81465977	17347	13	0	0	6	co_linked	co_linked	2-1	1-1	False	19	0.156	0.138	gain	FP	FP
chr8	81448630	81467265	18635	15	0	0	7	co_linked	co_linked	2-1	1-1	False	22	0.156	0.172	gain	FP	FP
chr8	81448630	81468003	19373	14	0	0	7	co_linked	co_linked	2-1	1-1	False	21	0.156	0.17	gain	FP	FP
chr8	81448630	81469478	20848	12	0	0	7	co_linked	co_linked	2-1	1-1	False	19	0.156	0.205	gain	FP	FP
chr8	81448630	81470041	21411	14	0	0	6	co_linked	co_linked	2-1	1-1	False	20	0.156	0.163	gain	FP	FP
chr8	81448630	81470325	21695	14	0	0	7	co_linked	co_linked	2-1	1-1	False	21	0.156	0.167	gain	FP	FP
chr8	81448630	81478858	30228	8	0	0	2	co_linked	co_linked	2-1	1-1	False	10	0.156	0.135	gain	FP	FP
chr8	81448631	81450809	2178	57	0	0	14	co_linked	co_linked	1-1	3	False	71	0.165	0.184	gain	FP	FP
chr8	81448631	81452668	4037	51	0	0	13	co_linked	co_linked	1-1	2-1	False	64	0.165	0.153	gain	FP	FP
chr8	81448631	81457473	8842	39	0	0	11	co_linked	co_linked	1-1	3	False	50	0.165	0.17	gain	FP	FP
chr8	81448660	81450809	2149	56	0	0	14	co_linked	co_linked	1-1	3	False	70	0.167	0.184	gain	FP	FP
chr8	81448660	81452668	4008	50	0	0	13	co_linked	co_linked	1-1	2-1	False	63	0.167	0.153	gain	FP	FP
chr8	81448660	81457473	8813	38	0	0	11	co_linked	co_linked	1-1	3	False	49	0.167	0.17	gain	FP	FP
chr8	81449286	81450809	1523	65	0	0	14	co_linked	co_linked	1-1	3	False	79	0.154	0.184	gain	FP	FP
chr8	81449286	81452668	3382	58	0	0	13	co_linked	co_linked	1-1	2-1	False	71	0.154	0.153	gain	FP	FP
chr8	81449286	81457473	8187	43	0	0	11	co_linked	co_linked	1-1	3	False	54	0.154	0.17	gain	FP	FP
chr8	81450809	81451107	298	70	0	0	15	co_linked	co_linked	3	1-1	False	85	0.184	0.167	gain	FP	FP
chr8	81450809	81452668	1859	61	0	0	13	co_linked	co_linked	3	2-1	False	74	0.184	0.153	gain	FP	FP
chr8	81450809	81455481	4672	52	0	0	11	co_linked	co_linked	3	1-1	False	63	0.184	0.139	gain	FP	FP
chr8	81450809	81455541	4732	52	0	0	10	co_linked	co_linked	3	1-1	False	62	0.184	0.13	gain	FP	FP
chr8	81450809	81460303	9494	36	0	0	8	co_linked	co_linked	3	1-1	False	44	0.184	0.115	gain	FP	FP
chr8	81450809	81465297	14488	24	0	0	7	co_linked	co_linked	3	1-1	False	31	0.184	0.136	gain	FP	FP
chr8	81450809	81465977	15168	16	0	0	6	co_linked	co_linked	3	1-1	False	22	0.184	0.138	gain	FP	FP
chr8	81450809	81467265	16456	18	0	0	7	co_linked	co_linked	3	1-1	False	25	0.184	0.172	gain	FP	FP
chr8	81450809	81468003	17194	17	0	0	7	co_linked	co_linked	3	1-1	False	24	0.184	0.17	gain	FP	FP
chr8	81450809	81469478	18669	15	0	0	7	co_linked	co_linked	3	1-1	False	22	0.184	0.205	gain	FP	FP
chr8	81450809	81470041	19232	17	0	0	6	co_linked	co_linked	3	1-1	False	23	0.184	0.163	gain	FP	FP
chr8	81450809	81470325	19516	16	0	0	7	co_linked	co_linked	3	1-1	False	23	0.184	0.167	gain	FP	FP
chr8	81450809	81478858	28049	9	0	0	2	co_linked	co_linked	3	1-1	False	11	0.184	0.135	gain	FP	FP
chr8	81451107	81452668	1561	64	0	0	13	co_linked	co_linked	1-1	2-1	False	77	0.167	0.153	gain	FP	FP
chr8	81451107	81457473	6366	49	0	0	11	co_linked	co_linked	1-1	3	False	60	0.167	0.17	gain	FP	FP
chr8	81451442	81469478	18036	19	0	0	7	co_linked	co_linked	3	1-1	False	26	0.194	0.205	gain	FP	FP
chr8	81451442	81478858	27416	10	0	0	2	co_linked	co_linked	3	1-1	False	12	0.194	0.135	gain	FP	FP
chr8	81452495	81455481	2986	57	0	0	11	co_linked	co_linked	2-1	1-1	False	68	0.153	0.139	gain	FP	FP
chr8	81452495	81455541	3046	57	0	0	10	co_linked	co_linked	2-1	1-1	False	67	0.153	0.13	gain	FP	FP
chr8	81452495	81457473	4978	50	0	0	11	co_linked	co_linked	2-1	3	False	61	0.153	0.17	gain	FP	FP
chr8	81452495	81460303	7808	41	0	0	8	co_linked	co_linked	2-1	1-1	False	49	0.153	0.115	gain	FP	FP
chr8	81452495	81465297	12802	29	0	0	7	co_linked	co_linked	2-1	1-1	False	36	0.153	0.136	gain	FP	FP
chr8	81452495	81465977	13482	21	0	0	6	co_linked	co_linked	2-1	1-1	False	27	0.153	0.138	gain	FP	FP
chr8	81452495	81467265	14770	23	0	0	7	co_linked	co_linked	2-1	1-1	False	30	0.153	0.172	gain	FP	FP
chr8	81452495	81468003	15508	22	0	0	7	co_linked	co_linked	2-1	1-1	False	29	0.153	0.17	gain	FP	FP
chr8	81452495	81469478	16983	20	0	0	7	co_linked	co_linked	2-1	1-1	False	27	0.153	0.205	gain	FP	FP
chr8	81452495	81470041	17546	22	0	0	6	co_linked	co_linked	2-1	1-1	False	28	0.153	0.163	gain	FP	FP
chr8	81452495	81470325	17830	21	0	0	7	co_linked	co_linked	2-1	1-1	False	28	0.153	0.167	gain	FP	FP
chr8	81452495	81478858	26363	11	0	0	2	co_linked	co_linked	2-1	1-1	False	13	0.153	0.135	gain	FP	FP
chr8	81452668	81455481	2813	60	0	0	11	co_linked	co_linked	2-1	1-1	False	71	0.153	0.139	gain	FP	FP
chr8	81452668	81455541	2873	60	0	0	10	co_linked	co_linked	2-1	1-1	False	70	0.153	0.13	gain	FP	FP
chr8	81452668	81457473	4805	53	0	0	11	co_linked	co_linked	2-1	3	False	64	0.153	0.17	gain	FP	FP
chr8	81452668	81460303	7635	43	0	0	8	co_linked	co_linked	2-1	1-1	False	51	0.153	0.115	gain	FP	FP
chr8	81452668	81465977	13309	23	0	0	6	co_linked	co_linked	2-1	1-1	False	29	0.153	0.138	gain	FP	FP
chr8	81452668	81467265	14597	25	0	0	7	co_linked	co_linked	2-1	1-1	False	32	0.153	0.172	gain	FP	FP
chr8	81452668	81468003	15335	24	0	0	7	co_linked	co_linked	2-1	1-1	False	31	0.153	0.17	gain	FP	FP
chr8	81452668	81469478	16810	22	0	0	7	co_linked	co_linked	2-1	1-1	False	29	0.153	0.205	gain	FP	FP
chr8	81452668	81470041	17373	24	0	0	6	co_linked	co_linked	2-1	1-1	False	30	0.153	0.163	gain	FP	FP
chr8	81452668	81470325	17657	23	0	0	7	co_linked	co_linked	2-1	1-1	False	30	0.153	0.167	gain	FP	FP
chr8	81452668	81478858	26190	13	0	0	2	co_linked	co_linked	2-1	1-1	False	15	0.153	0.135	gain	FP	FP
chr8	81452668	81487785	35117	5	0	0	1	sparse	co_linked	2-1	1-1	False	6	0.153	0.082	gain	FP	FP
chr8	81452668	81489621	36953	5	0	0	1	sparse	co_linked	2-1	1-1	False	6	0.153	0.099	gain	FP	FP
chr8	81452940	81460303	7363	47	0	0	8	co_linked	co_linked	2-1	1-1	False	55	0.137	0.115	gain	FP	FP
chr8	81452940	81465977	13037	24	0	0	6	co_linked	co_linked	2-1	1-1	False	30	0.137	0.138	gain	FP	FP
chr8	81452940	81467265	14325	26	0	0	7	co_linked	co_linked	2-1	1-1	False	33	0.137	0.172	gain	FP	FP
chr8	81452940	81468003	15063	25	0	0	7	co_linked	co_linked	2-1	1-1	False	32	0.137	0.17	gain	FP	FP
chr8	81452940	81469478	16538	23	0	0	7	co_linked	co_linked	2-1	1-1	False	30	0.137	0.205	gain	FP	FP
chr8	81452940	81470041	17101	25	0	0	6	co_linked	co_linked	2-1	1-1	False	31	0.137	0.163	gain	FP	FP
chr8	81452940	81470325	17385	24	0	0	7	co_linked	co_linked	2-1	1-1	False	31	0.137	0.167	gain	FP	FP
chr8	81452940	81478858	25918	14	0	0	2	co_linked	co_linked	2-1	1-1	False	16	0.137	0.135	gain	FP	FP
chr8	81452940	81487785	34845	5	0	0	1	sparse	co_linked	2-1	1-1	False	6	0.137	0.082	gain	FP	FP
chr8	81452940	81489621	36681	5	0	0	1	sparse	co_linked	2-1	1-1	False	6	0.137	0.099	gain	FP	FP
chr8	81455481	81457473	1992	72	0	0	14	co_linked	co_linked	1-1	3	False	86	0.139	0.17	gain	FP	FP
chr8	81455541	81457473	1932	72	0	0	13	co_linked	co_linked	1-1	3	False	85	0.13	0.17	gain	FP	FP
chr8	81457473	81460303	2830	63	0	0	9	co_linked	co_linked	3	1-1	False	72	0.17	0.115	gain	FP	FP
chr8	81457473	81465977	8504	37	0	0	7	co_linked	co_linked	3	1-1	False	44	0.17	0.138	gain	FP	FP
chr8	81457473	81468003	10530	37	0	0	8	co_linked	co_linked	3	1-1	False	45	0.17	0.17	gain	FP	FP
chr8	81457473	81469478	12005	27	0	0	8	co_linked	co_linked	3	1-1	False	35	0.17	0.205	gain	FP	FP
chr8	81457473	81470041	12568	34	0	0	7	co_linked	co_linked	3	1-1	False	41	0.17	0.163	gain	FP	FP
chr8	81457473	81470325	12852	32	0	0	8	co_linked	co_linked	3	1-1	False	40	0.17	0.167	gain	FP	FP
chr8	81457473	81478858	21385	17	0	0	3	co_linked	co_linked	3	1-1	False	20	0.17	0.135	gain	FP	FP
chr8	81457473	81487785	30312	7	0	0	2	co_linked	co_linked	3	1-1	False	9	0.17	0.082	gain	FP	FP
chr8	81457473	81489621	32148	7	0	0	2	co_linked	co_linked	3	1-1	False	9	0.17	0.099	gain	FP	FP
chr8	81759038	81775325	16287	21	0	0	4	co_linked	co_linked	1-1	2-1	False	25	0.115	0.17	gain	FP	FP
chr8	81759038	81775573	16535	21	0	0	4	co_linked	co_linked	1-1	2-1	False	25	0.115	0.155	gain	FP	FP
chr8	81760289	81775325	15036	23	0	0	4	co_linked	co_linked	1-1	2-1	False	27	0.132	0.17	gain	FP	FP
chr8	81760289	81775573	15284	23	0	0	4	co_linked	co_linked	1-1	2-1	False	27	0.132	0.155	gain	FP	FP
chr8	81761188	81775325	14137	24	0	0	4	co_linked	co_linked	1-1	2-1	False	28	0.126	0.17	gain	FP	FP
chr8	81761188	81775573	14385	24	0	0	4	co_linked	co_linked	1-1	2-1	False	28	0.126	0.155	gain	FP	FP
chr8	81967040	81991144	24104	10	0	0	2	co_linked	co_linked	1-1	2-1	False	12	0.102	0.17	gain	FP	FP
chr8	81967040	81991835	24795	9	0	0	2	co_linked	co_linked	1-1	2-1	False	11	0.102	0.186	gain	FP	FP
chr8	81967040	81992164	25124	8	0	0	2	co_linked	co_linked	1-1	2-1	False	10	0.102	0.183	gain	FP	FP
chr8	81967040	81997114	30074	5	0	0	1	sparse	co_linked	1-1	2-1	False	6	0.102	0.161	gain	FP	FP
chr8	81979269	81997114	17845	18	0	0	4	co_linked	co_linked	1-1	2-1	False	22	0.191	0.161	gain	FP	FP
chr8	81983602	81991835	8233	39	0	0	8	co_linked	co_linked	1-1	2-1	False	47	0.152	0.186	gain	FP	FP
chr8	81983602	81992164	8562	37	0	0	8	co_linked	co_linked	1-1	2-1	False	45	0.152	0.183	gain	FP	FP
chr8	81983602	81997114	13512	24	0	0	4	co_linked	co_linked	1-1	2-1	False	28	0.152	0.161	gain	FP	FP
chr8	81987699	81991835	4136	54	0	0	12	co_linked	co_linked	1-1	2-1	False	66	0.208	0.186	gain	FP	FP
chr8	81987699	81992164	4465	52	0	0	11	co_linked	co_linked	1-1	2-1	False	63	0.208	0.183	gain	FP	FP
chr8	81987699	82013056	25357	8	0	0	1	sparse	co_linked	1-1	2-1	False	9	0.208	0.143	gain	FP	FP
chr8	81987699	82013738	26039	7	0	0	4	co_linked	co_linked	1-1	2-1	False	11	0.208	0.211	gain	FP	FP
chr8	81987699	82017026	29327	5	0	0	4	co_linked	co_linked	1-1	2-1	False	9	0.208	0.23	gain	FP	FP
chr8	81991835	81992058	223	68	0	0	14	co_linked	co_linked	2-1	1-1	False	82	0.186	0.167	gain	FP	FP
chr8	81991835	81993971	2136	59	0	0	14	co_linked	co_linked	2-1	1-1	False	73	0.186	0.202	gain	FP	FP
chr8	81992058	81992164	106	67	0	0	13	co_linked	co_linked	1-1	2-1	False	80	0.167	0.183	gain	FP	FP
chr8	81992058	82013056	20998	10	0	0	2	co_linked	co_linked	1-1	2-1	False	12	0.167	0.143	gain	FP	FP
chr8	81992058	82017026	24968	7	0	0	4	co_linked	co_linked	1-1	2-1	False	11	0.167	0.23	gain	FP	FP
chr8	81992164	81993971	1807	60	0	0	13	co_linked	co_linked	2-1	1-1	False	73	0.183	0.202	gain	FP	FP
chr8	81992513	82013056	20543	10	0	0	2	co_linked	co_linked	1-1	2-1	False	12	0.205	0.143	gain	FP	FP
chr8	81992513	82017026	24513	7	0	0	5	co_linked	co_linked	1-1	2-1	False	12	0.205	0.23	gain	FP	FP
chr8	81993971	82013056	19085	11	0	0	2	co_linked	co_linked	1-1	2-1	False	13	0.202	0.143	gain	FP	FP
chr8	81993971	82017026	23055	8	0	0	5	co_linked	co_linked	1-1	2-1	False	13	0.202	0.23	gain	FP	FP
chr8	81993971	82024830	30859	2	0	0	4	co_linked	co_linked	1-1	2-1	False	6	0.202	0.171	gain	FP	FP
chr8	82013056	82036793	23737	13	0	0	1	sparse	co_linked	2-1	1-1	False	14	0.143	0.177	gain	FP	FP
chr8	82013056	82036888	23832	13	0	0	1	sparse	co_linked	2-1	1-1	False	14	0.143	0.198	gain	FP	FP
chr8	82013738	82036793	23055	12	0	0	3	co_linked	co_linked	2-1	1-1	False	15	0.211	0.177	gain	FP	FP
chr8	82013738	82036888	23150	12	0	0	4	co_linked	co_linked	2-1	1-1	False	16	0.211	0.198	gain	FP	FP
chr8	82017026	82036793	19767	14	0	0	4	co_linked	co_linked	2-1	1-1	False	18	0.23	0.177	gain	FP	FP
chr8	82024830	82036793	11963	31	0	0	5	co_linked	co_linked	2-1	1-1	False	36	0.171	0.177	gain	FP	FP
chr8	82031013	82036793	5780	50	0	0	8	co_linked	co_linked	2-1	1-1	False	58	0.13	0.177	gain	FP	FP
chr8	82042669	82067495	24826	11	0	0	1	sparse	co_linked	2-1	1-1	False	12	0.167	0.154	gain	FP	FP
chr8	82042669	82068838	26169	8	0	0	1	sparse	co_linked	2-1	1-1	False	9	0.167	0.171	gain	FP	FP
chr8	82042669	82069122	26453	8	0	0	1	sparse	co_linked	2-1	1-1	False	9	0.167	0.187	gain	FP	FP
chr8	82042669	82069964	27295	7	0	0	1	sparse	co_linked	2-1	1-1	False	8	0.167	0.147	gain	FP	FP
chr8	82042669	82070433	27764	7	0	0	1	sparse	co_linked	2-1	1-1	False	8	0.167	0.163	gain	FP	FP
chr8	82042669	82071072	28403	7	0	0	1	sparse	co_linked	2-1	1-1	False	8	0.167	0.157	gain	FP	FP
chr8	82042669	82073055	30386	6	0	0	1	sparse	co_linked	2-1	1-1	False	7	0.167	0.182	gain	FP	FP
chr8	82042669	82074434	31765	5	0	0	1	sparse	co_linked	2-1	3	False	6	0.167	0.18	gain	FP	FP
chr8	82043140	82068838	25698	8	0	0	1	sparse	co_linked	2-1	1-1	False	9	0.174	0.171	gain	FP	FP
chr8	82043140	82069122	25982	8	0	0	1	sparse	co_linked	2-1	1-1	False	9	0.174	0.187	gain	FP	FP
chr8	82043140	82069964	26824	7	0	0	1	sparse	co_linked	2-1	1-1	False	8	0.174	0.147	gain	FP	FP
chr8	82043140	82070433	27293	7	0	0	1	sparse	co_linked	2-1	1-1	False	8	0.174	0.163	gain	FP	FP
chr8	82043140	82071072	27932	7	0	0	1	sparse	co_linked	2-1	1-1	False	8	0.174	0.157	gain	FP	FP
chr8	82043140	82073055	29915	6	0	0	1	sparse	co_linked	2-1	1-1	False	7	0.174	0.182	gain	FP	FP
chr8	82043140	82074434	31294	5	0	0	1	sparse	co_linked	2-1	3	False	6	0.174	0.18	gain	FP	FP
chr8	82043212	82067495	24283	11	0	0	1	sparse	co_linked	2-1	1-1	False	12	0.187	0.154	gain	FP	FP
chr8	82043212	82068838	25626	8	0	0	1	sparse	co_linked	2-1	1-1	False	9	0.187	0.171	gain	FP	FP
chr8	82043212	82069122	25910	8	0	0	1	sparse	co_linked	2-1	1-1	False	9	0.187	0.187	gain	FP	FP
chr8	82043212	82069964	26752	7	0	0	1	sparse	co_linked	2-1	1-1	False	8	0.187	0.147	gain	FP	FP
chr8	82043212	82070433	27221	7	0	0	1	sparse	co_linked	2-1	1-1	False	8	0.187	0.163	gain	FP	FP
chr8	82043212	82071072	27860	7	0	0	1	sparse	co_linked	2-1	1-1	False	8	0.187	0.157	gain	FP	FP
chr8	82043212	82073055	29843	6	0	0	1	sparse	co_linked	2-1	1-1	False	7	0.187	0.182	gain	FP	FP
chr8	82043212	82074434	31222	5	0	0	1	sparse	co_linked	2-1	3	False	6	0.187	0.18	gain	FP	FP
chr8	82043816	82067495	23679	13	0	0	1	sparse	co_linked	2-1	1-1	False	14	0.175	0.154	gain	FP	FP
chr8	82043816	82068838	25022	9	0	0	1	sparse	co_linked	2-1	1-1	False	10	0.175	0.171	gain	FP	FP
chr8	82043816	82069122	25306	9	0	0	1	sparse	co_linked	2-1	1-1	False	10	0.175	0.187	gain	FP	FP
chr8	82043816	82069964	26148	8	0	0	1	sparse	co_linked	2-1	1-1	False	9	0.175	0.147	gain	FP	FP
chr8	82043816	82070433	26617	8	0	0	1	sparse	co_linked	2-1	1-1	False	9	0.175	0.163	gain	FP	FP
chr8	82043816	82071072	27256	8	0	0	1	sparse	co_linked	2-1	1-1	False	9	0.175	0.157	gain	FP	FP
chr8	82043816	82073055	29239	7	0	0	1	sparse	co_linked	2-1	1-1	False	8	0.175	0.182	gain	FP	FP
chr8	82043816	82074434	30618	5	0	0	1	sparse	co_linked	2-1	3	False	6	0.175	0.18	gain	FP	FP
chr8	82044264	82067495	23231	13	0	0	1	sparse	co_linked	2-1	1-1	False	14	0.147	0.154	gain	FP	FP
chr8	82044264	82068838	24574	9	0	0	1	sparse	co_linked	2-1	1-1	False	10	0.147	0.171	gain	FP	FP
chr8	82044264	82069122	24858	9	0	0	1	sparse	co_linked	2-1	1-1	False	10	0.147	0.187	gain	FP	FP
chr8	82044264	82069964	25700	8	0	0	1	sparse	co_linked	2-1	1-1	False	9	0.147	0.147	gain	FP	FP
chr8	82044264	82070433	26169	8	0	0	1	sparse	co_linked	2-1	1-1	False	9	0.147	0.163	gain	FP	FP
chr8	82044264	82071072	26808	8	0	0	1	sparse	co_linked	2-1	1-1	False	9	0.147	0.157	gain	FP	FP
chr8	82044264	82073055	28791	7	0	0	1	sparse	co_linked	2-1	1-1	False	8	0.147	0.182	gain	FP	FP
chr8	82044264	82074434	30170	5	0	0	1	sparse	co_linked	2-1	3	False	6	0.147	0.18	gain	FP	FP
chr8	82044380	82067495	23115	13	0	0	1	sparse	co_linked	2-1	1-1	False	14	0.163	0.154	gain	FP	FP
chr8	82044380	82068838	24458	9	0	0	1	sparse	co_linked	2-1	1-1	False	10	0.163	0.171	gain	FP	FP
chr8	82044380	82069122	24742	9	0	0	1	sparse	co_linked	2-1	1-1	False	10	0.163	0.187	gain	FP	FP
chr8	82044380	82069964	25584	8	0	0	1	sparse	co_linked	2-1	1-1	False	9	0.163	0.147	gain	FP	FP
chr8	82044380	82070433	26053	8	0	0	1	sparse	co_linked	2-1	1-1	False	9	0.163	0.163	gain	FP	FP
chr8	82044380	82071072	26692	8	0	0	1	sparse	co_linked	2-1	1-1	False	9	0.163	0.157	gain	FP	FP
chr8	82044380	82073055	28675	7	0	0	1	sparse	co_linked	2-1	1-1	False	8	0.163	0.182	gain	FP	FP
chr8	82044380	82074434	30054	5	0	0	1	sparse	co_linked	2-1	3	False	6	0.163	0.18	gain	FP	FP
chr8	82046162	82074434	28272	8	0	0	1	sparse	co_linked	2-1	3	False	9	0.175	0.18	gain	FP	FP
chr8	82058175	82068838	10663	30	0	0	4	co_linked	co_linked	2-1	1-1	False	34	0.167	0.171	gain	FP	FP
chr8	82058175	82069122	10947	25	0	0	4	co_linked	co_linked	2-1	1-1	False	29	0.167	0.187	gain	FP	FP
chr8	82058175	82069964	11789	28	0	0	4	co_linked	co_linked	2-1	1-1	False	32	0.167	0.147	gain	FP	FP
chr8	82058175	82071072	12897	28	0	0	4	co_linked	co_linked	2-1	1-1	False	32	0.167	0.157	gain	FP	FP
chr8	82058175	82073055	14880	22	0	0	4	co_linked	co_linked	2-1	1-1	False	26	0.167	0.182	gain	FP	FP
chr8	82058175	82074434	16259	18	0	0	4	co_linked	co_linked	2-1	3	False	22	0.167	0.18	gain	FP	FP
chr8	82061861	82068838	6977	42	0	0	6	co_linked	co_linked	2-1	1-1	False	48	0.141	0.171	gain	FP	FP
chr8	82061861	82069122	7261	36	0	0	6	co_linked	co_linked	2-1	1-1	False	42	0.141	0.187	gain	FP	FP
chr8	82061861	82069964	8103	40	0	0	6	co_linked	co_linked	2-1	1-1	False	46	0.141	0.147	gain	FP	FP
chr8	82061861	82071072	9211	39	0	0	6	co_linked	co_linked	2-1	1-1	False	45	0.141	0.157	gain	FP	FP
chr8	82061861	82073055	11194	33	0	0	6	co_linked	co_linked	2-1	1-1	False	39	0.141	0.182	gain	FP	FP
chr8	82061861	82074434	12573	25	0	0	6	co_linked	co_linked	2-1	3	False	31	0.141	0.18	gain	FP	FP
chr8	82064055	82068838	4783	46	0	0	6	co_linked	co_linked	2-1	1-1	False	52	0.135	0.171	gain	FP	FP
chr8	82064055	82069122	5067	40	0	0	6	co_linked	co_linked	2-1	1-1	False	46	0.135	0.187	gain	FP	FP
chr8	82064055	82069964	5909	43	0	0	6	co_linked	co_linked	2-1	1-1	False	49	0.135	0.147	gain	FP	FP
chr8	82064055	82071072	7017	42	0	0	6	co_linked	co_linked	2-1	1-1	False	48	0.135	0.157	gain	FP	FP
chr8	82064055	82073055	9000	36	0	0	6	co_linked	co_linked	2-1	1-1	False	42	0.135	0.182	gain	FP	FP
chr8	82064055	82074434	10379	27	0	0	6	co_linked	co_linked	2-1	3	False	33	0.135	0.18	gain	FP	FP
chr8	82067495	82081132	13637	22	0	0	5	co_linked	co_linked	1-1	2-1	False	27	0.154	0.146	gain	FP	FP
chr8	82067495	82081539	14044	22	0	0	6	co_linked	co_linked	1-1	2-1	False	28	0.154	0.167	gain	FP	FP
chr8	82067495	82082069	14574	21	0	0	6	co_linked	co_linked	1-1	2-1	False	27	0.154	0.168	gain	FP	FP
chr8	82067495	82086174	18679	16	0	0	6	co_linked	co_linked	1-1	2-1	False	22	0.154	0.184	gain	FP	FP
chr8	82067495	82088123	20628	14	0	0	2	co_linked	co_linked	1-1	2-1	False	16	0.154	0.135	gain	FP	FP
chr8	82067495	82089802	22307	12	0	0	2	co_linked	co_linked	1-1	2-1	False	14	0.154	0.141	gain	FP	FP
chr8	82067495	82090068	22573	12	0	0	2	co_linked	co_linked	1-1	2-1	False	14	0.154	0.143	gain	FP	FP
chr8	82068838	82074434	5596	38	0	0	12	co_linked	co_linked	1-1	3	False	50	0.171	0.18	gain	FP	FP
chr8	82068838	82081132	12294	23	0	0	7	co_linked	co_linked	1-1	2-1	False	30	0.171	0.146	gain	FP	FP
chr8	82068838	82081539	12701	23	0	0	8	co_linked	co_linked	1-1	2-1	False	31	0.171	0.167	gain	FP	FP
chr8	82068838	82082069	13231	22	0	0	8	co_linked	co_linked	1-1	2-1	False	30	0.171	0.168	gain	FP	FP
chr8	82068838	82086174	17336	17	0	0	8	co_linked	co_linked	1-1	2-1	False	25	0.171	0.184	gain	FP	FP
chr8	82068838	82088123	19285	15	0	0	3	co_linked	co_linked	1-1	2-1	False	18	0.171	0.135	gain	FP	FP
chr8	82068838	82089802	20964	13	0	0	3	co_linked	co_linked	1-1	2-1	False	16	0.171	0.141	gain	FP	FP
chr8	82068838	82090068	21230	13	0	0	3	co_linked	co_linked	1-1	2-1	False	16	0.171	0.143	gain	FP	FP
chr8	82069122	82074434	5312	36	0	0	12	co_linked	co_linked	1-1	3	False	48	0.187	0.18	gain	FP	FP
chr8	82069122	82081132	12010	22	0	0	7	co_linked	co_linked	1-1	2-1	False	29	0.187	0.146	gain	FP	FP
chr8	82069122	82081539	12417	22	0	0	8	co_linked	co_linked	1-1	2-1	False	30	0.187	0.167	gain	FP	FP
chr8	82069122	82082069	12947	21	0	0	8	co_linked	co_linked	1-1	2-1	False	29	0.187	0.168	gain	FP	FP
chr8	82069122	82086174	17052	16	0	0	8	co_linked	co_linked	1-1	2-1	False	24	0.187	0.184	gain	FP	FP
chr8	82069122	82088123	19001	14	0	0	3	co_linked	co_linked	1-1	2-1	False	17	0.187	0.135	gain	FP	FP
chr8	82069122	82089802	20680	12	0	0	3	co_linked	co_linked	1-1	2-1	False	15	0.187	0.141	gain	FP	FP
chr8	82069122	82090068	20946	12	0	0	3	co_linked	co_linked	1-1	2-1	False	15	0.187	0.143	gain	FP	FP
chr8	82069964	82074434	4470	42	0	0	11	co_linked	co_linked	1-1	3	False	53	0.147	0.18	gain	FP	FP
chr8	82069964	82080950	10986	25	0	0	7	co_linked	co_linked	1-1	2-1	False	32	0.147	0.137	gain	FP	FP
chr8	82069964	82081132	11168	24	0	0	6	co_linked	co_linked	1-1	2-1	False	30	0.147	0.146	gain	FP	FP
chr8	82069964	82081539	11575	24	0	0	7	co_linked	co_linked	1-1	2-1	False	31	0.147	0.167	gain	FP	FP
chr8	82069964	82082069	12105	23	0	0	7	co_linked	co_linked	1-1	2-1	False	30	0.147	0.168	gain	FP	FP
chr8	82069964	82086174	16210	17	0	0	7	co_linked	co_linked	1-1	2-1	False	24	0.147	0.184	gain	FP	FP
chr8	82069964	82087275	17311	16	0	0	4	co_linked	co_linked	1-1	2-1	False	20	0.147	0.163	gain	FP	FP
chr8	82069964	82088123	18159	15	0	0	3	co_linked	co_linked	1-1	2-1	False	18	0.147	0.135	gain	FP	FP
chr8	82069964	82089802	19838	13	0	0	3	co_linked	co_linked	1-1	2-1	False	16	0.147	0.141	gain	FP	FP
chr8	82069964	82090068	20104	13	0	0	3	co_linked	co_linked	1-1	2-1	False	16	0.147	0.143	gain	FP	FP
chr8	82070433	82088123	17690	15	0	0	3	co_linked	co_linked	1-1	2-1	False	18	0.163	0.135	gain	FP	FP
chr8	82070433	82089802	19369	13	0	0	3	co_linked	co_linked	1-1	2-1	False	16	0.163	0.141	gain	FP	FP
chr8	82070433	82090068	19635	13	0	0	3	co_linked	co_linked	1-1	2-1	False	16	0.163	0.143	gain	FP	FP
chr8	82071072	82074434	3362	45	0	0	11	co_linked	co_linked	1-1	3	False	56	0.157	0.18	gain	FP	FP
chr8	82071072	82080950	9878	26	0	0	7	co_linked	co_linked	1-1	2-1	False	33	0.157	0.137	gain	FP	FP
chr8	82071072	82081132	10060	25	0	0	6	co_linked	co_linked	1-1	2-1	False	31	0.157	0.146	gain	FP	FP
chr8	82071072	82081539	10467	25	0	0	7	co_linked	co_linked	1-1	2-1	False	32	0.157	0.167	gain	FP	FP
chr8	82071072	82082069	10997	24	0	0	7	co_linked	co_linked	1-1	2-1	False	31	0.157	0.168	gain	FP	FP
chr8	82071072	82086174	15102	18	0	0	6	co_linked	co_linked	1-1	2-1	False	24	0.157	0.184	gain	FP	FP
chr8	82071072	82087275	16203	17	0	0	4	co_linked	co_linked	1-1	2-1	False	21	0.157	0.163	gain	FP	FP
chr8	82071072	82088123	17051	16	0	0	3	co_linked	co_linked	1-1	2-1	False	19	0.157	0.135	gain	FP	FP
chr8	82071072	82089802	18730	14	0	0	3	co_linked	co_linked	1-1	2-1	False	17	0.157	0.141	gain	FP	FP
chr8	82071072	82090068	18996	14	0	0	3	co_linked	co_linked	1-1	2-1	False	17	0.157	0.143	gain	FP	FP
chr8	82073055	82074434	1379	58	0	0	13	co_linked	co_linked	1-1	3	False	71	0.182	0.18	gain	FP	FP
chr8	82073055	82081132	8077	31	0	0	9	co_linked	co_linked	1-1	2-1	False	40	0.182	0.146	gain	FP	FP
chr8	82073055	82081539	8484	31	0	0	10	co_linked	co_linked	1-1	2-1	False	41	0.182	0.167	gain	FP	FP
chr8	82073055	82082069	9014	30	0	0	10	co_linked	co_linked	1-1	2-1	False	40	0.182	0.168	gain	FP	FP
chr8	82073055	82086174	13119	21	0	0	9	co_linked	co_linked	1-1	2-1	False	30	0.182	0.184	gain	FP	FP
chr8	82073055	82088123	15068	18	0	0	4	co_linked	co_linked	1-1	2-1	False	22	0.182	0.135	gain	FP	FP
chr8	82073055	82089802	16747	16	0	0	4	co_linked	co_linked	1-1	2-1	False	20	0.182	0.141	gain	FP	FP
chr8	82073055	82090068	17013	16	0	0	4	co_linked	co_linked	1-1	2-1	False	20	0.182	0.143	gain	FP	FP
chr8	82073055	82100856	27801	6	0	0	1	sparse	co_linked	1-1	3	False	7	0.182	0.135	gain	FP	FP
chr8	82074434	82081132	6698	37	0	0	8	co_linked	co_linked	3	2-1	False	45	0.18	0.146	gain	FP	FP
chr8	82074434	82081539	7105	38	0	0	9	co_linked	co_linked	3	2-1	False	47	0.18	0.167	gain	FP	FP
chr8	82074434	82082069	7635	37	0	0	9	co_linked	co_linked	3	2-1	False	46	0.18	0.168	gain	FP	FP
chr8	82074434	82086174	11740	25	0	0	8	co_linked	co_linked	3	2-1	False	33	0.18	0.184	gain	FP	FP
chr8	82074434	82088123	13689	22	0	0	3	co_linked	co_linked	3	2-1	False	25	0.18	0.135	gain	FP	FP
chr8	82074434	82089802	15368	20	0	0	3	co_linked	co_linked	3	2-1	False	23	0.18	0.141	gain	FP	FP
chr8	82074434	82090068	15634	20	0	0	3	co_linked	co_linked	3	2-1	False	23	0.18	0.143	gain	FP	FP
chr8	82074434	82099169	24735	13	0	0	1	sparse	co_linked	3	1-1	False	14	0.18	0.106	gain	FP	FP
chr8	82074434	82101752	27318	10	0	0	1	sparse	co_linked	3	1-1	False	11	0.18	0.12	gain	FP	FP
chr8	82074434	82105755	31321	6	0	0	1	sparse	co_linked	3	1-1	False	7	0.18	0.094	gain	FP	FP
chr8	82080950	82099169	18219	21	0	0	1	sparse	co_linked	2-1	1-1	False	22	0.137	0.106	gain	FP	FP
chr8	82080950	82100856	19906	15	0	0	1	sparse	co_linked	2-1	3	False	16	0.137	0.135	gain	FP	FP
chr8	82080950	82101752	20802	16	0	0	1	sparse	co_linked	2-1	1-1	False	17	0.137	0.12	gain	FP	FP
chr8	82080950	82105755	24805	11	0	0	1	sparse	co_linked	2-1	1-1	False	12	0.137	0.094	gain	FP	FP
chr8	82081132	82099169	18037	20	0	0	1	sparse	co_linked	2-1	1-1	False	21	0.146	0.106	gain	FP	FP
chr8	82081132	82100856	19724	15	0	0	1	sparse	co_linked	2-1	3	False	16	0.146	0.135	gain	FP	FP
chr8	82081132	82101752	20620	16	0	0	1	sparse	co_linked	2-1	1-1	False	17	0.146	0.12	gain	FP	FP
chr8	82081132	82105755	24623	11	0	0	1	sparse	co_linked	2-1	1-1	False	12	0.146	0.094	gain	FP	FP
chr8	82081539	82099169	17630	23	0	0	2	co_linked	co_linked	2-1	1-1	False	25	0.167	0.106	gain	FP	FP
chr8	82081539	82100856	19317	17	0	0	2	co_linked	co_linked	2-1	3	False	19	0.167	0.135	gain	FP	FP
chr8	82081539	82101752	20213	18	0	0	2	co_linked	co_linked	2-1	1-1	False	20	0.167	0.12	gain	FP	FP
chr8	82081539	82105755	24216	12	0	0	1	sparse	co_linked	2-1	1-1	False	13	0.167	0.094	gain	FP	FP
chr8	82082069	82099169	17100	24	0	0	2	co_linked	co_linked	2-1	1-1	False	26	0.168	0.106	gain	FP	FP
chr8	82082069	82100856	18787	18	0	0	2	co_linked	co_linked	2-1	3	False	20	0.168	0.135	gain	FP	FP
chr8	82082069	82101752	19683	19	0	0	2	co_linked	co_linked	2-1	1-1	False	21	0.168	0.12	gain	FP	FP
chr8	82082069	82105755	23686	13	0	0	1	sparse	co_linked	2-1	1-1	False	14	0.168	0.094	gain	FP	FP
chr8	82082127	82099169	17042	23	0	0	2	co_linked	co_linked	2-1	1-1	False	25	0.196	0.106	gain	FP	FP
chr8	82082127	82100856	18729	18	0	0	2	co_linked	co_linked	2-1	3	False	20	0.196	0.135	gain	FP	FP
chr8	82082127	82101752	19625	18	0	0	2	co_linked	co_linked	2-1	1-1	False	20	0.196	0.12	gain	FP	FP
chr8	82082127	82105755	23628	13	0	0	1	sparse	co_linked	2-1	1-1	False	14	0.196	0.094	gain	FP	FP
chr8	82086174	82099169	12995	31	0	0	3	co_linked	co_linked	2-1	1-1	False	34	0.184	0.106	gain	FP	FP
chr8	82086174	82100856	14682	23	0	0	3	co_linked	co_linked	2-1	3	False	26	0.184	0.135	gain	FP	FP
chr8	82086174	82101752	15578	24	0	0	3	co_linked	co_linked	2-1	1-1	False	27	0.184	0.12	gain	FP	FP
chr8	82086174	82105755	19581	18	0	0	2	co_linked	co_linked	2-1	1-1	False	20	0.184	0.094	gain	FP	FP
chr8	82086174	82111760	25586	14	0	0	1	sparse	co_linked	2-1	1-1	False	15	0.184	0.093	gain	FP	FP
chr8	82087275	82111760	24485	14	0	0	1	sparse	co_linked	2-1	1-1	False	15	0.163	0.093	gain	FP	FP
chr8	82088123	82099169	11046	39	0	0	5	co_linked	co_linked	2-1	1-1	False	44	0.135	0.106	gain	FP	FP
chr8	82088123	82100856	12733	30	0	0	5	co_linked	co_linked	2-1	3	False	35	0.135	0.135	gain	FP	FP
chr8	82088123	82101752	13629	30	0	0	5	co_linked	co_linked	2-1	1-1	False	35	0.135	0.12	gain	FP	FP
chr8	82088123	82105755	17632	23	0	0	3	co_linked	co_linked	2-1	1-1	False	26	0.135	0.094	gain	FP	FP
chr8	82088123	82111760	23637	15	0	0	2	co_linked	co_linked	2-1	1-1	False	17	0.135	0.093	gain	FP	FP
chr8	82088123	82117122	28999	8	0	0	1	sparse	co_linked	2-1	1-1	False	9	0.135	0.093	gain	FP	FP
chr8	82088123	82120558	32435	7	0	0	1	sparse	co_linked	2-1	1-1	False	8	0.135	0.118	gain	FP	FP
chr8	82088123	82121251	33128	7	0	0	1	sparse	co_linked	2-1	1-1	False	8	0.135	0.169	gain	FP	FP
chr8	82088123	82121723	33600	6	0	0	1	sparse	co_linked	2-1	1-1	False	7	0.135	0.135	gain	FP	FP
chr8	82088123	82121871	33748	6	0	0	1	sparse	co_linked	2-1	1-1	False	7	0.135	0.124	gain	FP	FP
chr8	82088857	82101752	12895	34	0	0	5	co_linked	co_linked	2-1	1-1	False	39	0.194	0.12	gain	FP	FP
chr8	82088857	82105755	16898	24	0	0	3	co_linked	co_linked	2-1	1-1	False	27	0.194	0.094	gain	FP	FP
chr8	82088857	82111760	22903	16	0	0	2	co_linked	co_linked	2-1	1-1	False	18	0.194	0.093	gain	FP	FP
chr8	82088857	82117122	28265	9	0	0	1	sparse	co_linked	2-1	1-1	False	10	0.194	0.093	gain	FP	FP
chr8	82088857	82120558	31701	7	0	0	1	sparse	co_linked	2-1	1-1	False	8	0.194	0.118	gain	FP	FP
chr8	82088857	82121251	32394	7	0	0	1	sparse	co_linked	2-1	1-1	False	8	0.194	0.169	gain	FP	FP
chr8	82088857	82121723	32866	6	0	0	1	sparse	co_linked	2-1	1-1	False	7	0.194	0.135	gain	FP	FP
chr8	82088857	82121871	33014	6	0	0	1	sparse	co_linked	2-1	1-1	False	7	0.194	0.124	gain	FP	FP
chr8	82089802	82099169	9367	45	0	0	5	co_linked	co_linked	2-1	1-1	False	50	0.141	0.106	gain	FP	FP
chr8	82089802	82100856	11054	36	0	0	5	co_linked	co_linked	2-1	3	False	41	0.141	0.135	gain	FP	FP
chr8	82089802	82101752	11950	36	0	0	5	co_linked	co_linked	2-1	1-1	False	41	0.141	0.12	gain	FP	FP
chr8	82089802	82105755	15953	26	0	0	3	co_linked	co_linked	2-1	1-1	False	29	0.141	0.094	gain	FP	FP
chr8	82089802	82111760	21958	16	0	0	2	co_linked	co_linked	2-1	1-1	False	18	0.141	0.093	gain	FP	FP
chr8	82089802	82117122	27320	9	0	0	1	sparse	co_linked	2-1	1-1	False	10	0.141	0.093	gain	FP	FP
chr8	82089802	82120558	30756	7	0	0	1	sparse	co_linked	2-1	1-1	False	8	0.141	0.118	gain	FP	FP
chr8	82089802	82121251	31449	7	0	0	1	sparse	co_linked	2-1	1-1	False	8	0.141	0.169	gain	FP	FP
chr8	82089802	82121723	31921	6	0	0	1	sparse	co_linked	2-1	1-1	False	7	0.141	0.135	gain	FP	FP
chr8	82089802	82121871	32069	6	0	0	1	sparse	co_linked	2-1	1-1	False	7	0.141	0.124	gain	FP	FP
chr8	82090068	82099169	9101	45	0	0	5	co_linked	co_linked	2-1	1-1	False	50	0.143	0.106	gain	FP	FP
chr8	82090068	82100856	10788	36	0	0	5	co_linked	co_linked	2-1	3	False	41	0.143	0.135	gain	FP	FP
chr8	82090068	82101752	11684	36	0	0	5	co_linked	co_linked	2-1	1-1	False	41	0.143	0.12	gain	FP	FP
chr8	82090068	82105755	15687	26	0	0	3	co_linked	co_linked	2-1	1-1	False	29	0.143	0.094	gain	FP	FP
chr8	82090068	82111760	21692	16	0	0	2	co_linked	co_linked	2-1	1-1	False	18	0.143	0.093	gain	FP	FP
chr8	82090068	82117122	27054	9	0	0	1	sparse	co_linked	2-1	1-1	False	10	0.143	0.093	gain	FP	FP
chr8	82090068	82120558	30490	7	0	0	1	sparse	co_linked	2-1	1-1	False	8	0.143	0.118	gain	FP	FP
chr8	82090068	82121251	31183	7	0	0	1	sparse	co_linked	2-1	1-1	False	8	0.143	0.169	gain	FP	FP
chr8	82090068	82121723	31655	6	0	0	1	sparse	co_linked	2-1	1-1	False	7	0.143	0.135	gain	FP	FP
chr8	82090068	82121871	31803	6	0	0	1	sparse	co_linked	2-1	1-1	False	7	0.143	0.124	gain	FP	FP
chr8	82100856	82101752	896	86	0	0	13	co_linked	co_linked	3	1-1	False	99	0.135	0.12	gain	FP	FP
chr8	82100856	82105755	4899	65	0	0	7	co_linked	co_linked	3	1-1	False	72	0.135	0.094	gain	FP	FP
chr8	82100856	82111760	10904	45	0	0	5	co_linked	co_linked	3	1-1	False	50	0.135	0.093	gain	FP	FP
chr8	82100856	82120558	19702	22	0	0	2	co_linked	co_linked	3	1-1	False	24	0.135	0.118	gain	FP	FP
chr8	82100856	82121723	20867	21	0	0	2	co_linked	co_linked	3	1-1	False	23	0.135	0.135	gain	FP	FP
chr8	82100856	82121871	21015	21	0	0	2	co_linked	co_linked	3	1-1	False	23	0.135	0.124	gain	FP	FP
chr8	82100856	82122699	21843	18	0	0	2	co_linked	co_linked	3	1-1	False	20	0.135	0.128	gain	FP	FP
chr8	82100856	82123176	22320	17	0	0	2	co_linked	co_linked	3	1-1	False	19	0.135	0.138	gain	FP	FP
chr8	82100856	82123427	22571	17	0	0	2	co_linked	co_linked	3	1-1	False	19	0.135	0.143	gain	FP	FP
chr8	82100856	82126014	25158	11	0	0	1	sparse	co_linked	3	1-1	False	12	0.135	0.202	gain	FP	FP
chr8	82100856	82126205	25349	12	0	0	1	sparse	co_linked	3	1-1	False	13	0.135	0.18	gain	FP	FP
chr8	82100856	82126250	25394	12	0	0	1	sparse	co_linked	3	1-1	False	13	0.135	0.187	gain	FP	FP
chr8	82100856	82126270	25414	11	0	0	1	sparse	co_linked	3	1-1	False	12	0.135	0.187	gain	FP	FP
chr8	82100856	82128403	27547	10	0	0	1	sparse	co_linked	3	1-1	False	11	0.135	0.144	gain	FP	FP
chr8	82100856	82131990	31134	8	0	0	1	sparse	co_linked	3	1-1	False	9	0.135	0.143	gain	FP	FP
chr8	82100856	82132379	31523	8	0	0	1	sparse	co_linked	3	1-1	False	9	0.135	0.133	gain	FP	FP
chr8	82100856	82133876	33020	8	0	0	1	sparse	co_linked	3	1-1	False	9	0.135	0.125	gain	FP	FP
chr8	82831292	82855568	24276	9	0	0	1	sparse	co_linked	2-1	1-1	False	10	0.155	0.202	gain	FP	FP
chr8	82844652	82870194	25542	10	0	0	6	co_linked	co_linked	2-1	1-1	False	16	0.2	0.216	gain	FP	FP
chr8	82844652	82872211	27559	10	0	0	6	co_linked	co_linked	2-1	1-1	False	16	0.2	0.213	gain	FP	FP
chr8	82846101	82862197	16096	23	0	0	9	co_linked	co_linked	2-1	1-1	False	32	0.194	0.187	gain	FP	FP
chr8	82846101	82870194	24093	10	0	0	6	co_linked	co_linked	2-1	1-1	False	16	0.194	0.216	gain	FP	FP
chr8	82846101	82871812	25711	8	0	0	6	co_linked	co_linked	2-1	1-1	False	14	0.194	0.262	gain	FP	FP
chr8	83116482	83138045	21563	14	0	0	2	co_linked	co_linked	2-1	3	False	16	0.139	0.178	gain	FP	FP
chr8	83116482	83138657	22175	13	0	0	2	co_linked	co_linked	2-1	1-1	False	15	0.139	0.185	gain	FP	FP
chr8	83116482	83144029	27547	6	0	0	1	sparse	co_linked	2-1	1-1	False	7	0.139	0.186	gain	FP	FP
chr8	83122812	83138045	15233	21	0	0	5	co_linked	co_linked	2-1	3	False	26	0.198	0.178	gain	FP	FP
chr8	83122812	83138657	15845	20	0	0	5	co_linked	co_linked	2-1	1-1	False	25	0.198	0.185	gain	FP	FP
chr8	83122812	83144029	21217	11	0	0	2	co_linked	co_linked	2-1	1-1	False	13	0.198	0.186	gain	FP	FP
chr8	83137861	83138045	184	73	0	0	15	co_linked	co_linked	2-1	3	False	88	0.178	0.178	gain	FP	FP
chr8	83137861	83138657	796	68	0	0	14	co_linked	co_linked	2-1	1-1	False	82	0.178	0.185	gain	FP	FP
chr8	83138045	83138657	612	69	0	0	15	co_linked	co_linked	3	1-1	False	84	0.178	0.185	gain	FP	FP
chr8	86092305	86119298	26993	7	0	0	1	sparse	co_linked	1-1	2-1	False	8	0.089	0.113	loh	FP	FP
chr8	87281669	87305328	23659	13	0	0	1	sparse	co_linked	2-1	3	False	14	0.184	0.217	loh	FP	FP
chr8	87305328	87315420	10092	39	0	0	10	co_linked	co_linked	3	1-1	False	49	0.217	0.189	loh	FP	FP
chr8	88074311	88093387	19076	16	0	0	2	co_linked	co_linked	2-1	1-1	False	18	0.122	0.1	loh	FP	FP
chr8	88074311	88096786	22475	10	0	0	2	co_linked	co_linked	2-1	3	False	12	0.122	0.115	loh	FP	FP
chr8	88074311	88098375	24064	9	0	0	2	co_linked	co_linked	2-1	3	False	11	0.122	0.122	loh	FP	FP
chr8	88074311	88101185	26874	7	0	0	2	co_linked	co_linked	2-1	3	False	9	0.122	0.099	loh	FP	FP
chr8	88076807	88093387	16580	19	0	0	2	co_linked	co_linked	2-1	1-1	False	21	0.119	0.1	loh	FP	FP
chr8	88076807	88096786	19979	12	0	0	2	co_linked	co_linked	2-1	3	False	14	0.119	0.115	loh	FP	FP
chr8	88076807	88098375	21568	10	0	0	2	co_linked	co_linked	2-1	3	False	12	0.119	0.122	loh	FP	FP
chr8	88076807	88101185	24378	8	0	0	2	co_linked	co_linked	2-1	3	False	10	0.119	0.099	loh	FP	FP
chr8	88078472	88093387	14915	21	0	0	2	co_linked	co_linked	2-1	1-1	False	23	0.091	0.1	loh	FP	FP
chr8	88078472	88096786	18314	12	0	0	2	co_linked	co_linked	2-1	3	False	14	0.091	0.115	loh	FP	FP
chr8	88078472	88098375	19903	10	0	0	2	co_linked	co_linked	2-1	3	False	12	0.091	0.122	loh	FP	FP
chr8	88078472	88101185	22713	8	0	0	2	co_linked	co_linked	2-1	3	False	10	0.091	0.099	loh	FP	FP
chr8	88091097	88096786	5689	43	0	0	4	co_linked	co_linked	1-1	3	False	47	0.118	0.115	loh	FP	FP
chr8	88091097	88108267	17170	23	0	0	1	sparse	co_linked	1-1	3	False	24	0.118	0.063	loh	FP	FP
chr8	88091097	88119364	28267	7	0	0	1	sparse	co_linked	1-1	3	False	8	0.118	0.115	loh	FP	FP
chr8	88093387	88096786	3399	51	0	0	5	co_linked	co_linked	1-1	3	False	56	0.1	0.115	loh	FP	FP
chr8	88093387	88108267	14880	29	0	0	2	co_linked	co_linked	1-1	3	False	31	0.1	0.063	loh	FP	FP
chr8	88093387	88119364	25977	9	0	0	2	co_linked	co_linked	1-1	3	False	11	0.1	0.115	loh	FP	FP
chr8	88630321	88663422	33101	2	0	0	4	co_linked	co_linked	1-1	3	False	6	0.121	0.165	loh	FP	FP
chr8	88635383	88663422	28039	3	0	0	3	co_linked	co_linked	1-1	3	False	6	0.13	0.165	loh	FP	FP
chr8	88637616	88663422	25806	4	0	0	4	co_linked	co_linked	1-1	3	False	8	0.121	0.165	loh	FP	FP
chr8	88645009	88663422	18413	12	0	0	4	co_linked	co_linked	1-1	3	False	16	0.127	0.165	loh	FP	FP
chr8	88649057	88663422	14365	17	0	0	4	co_linked	co_linked	1-1	3	False	21	0.111	0.165	loh	FP	FP
chr8	88663422	88670984	7562	38	0	0	9	co_linked	co_linked	3	1-1	False	47	0.165	0.131	loh	FP	FP
chr8	92208030	92218231	10201	34	0	0	5	co_linked	co_linked	1-1	3	False	39	0.091	0.125	loh	FP	FP
chr8	93588352	93606782	18430	22	0	0	1	sparse	co_linked	3	1-1	False	23	0.124	0.088	loh	FP	FP
chr8	93588352	93610444	22092	14	0	0	1	sparse	co_linked	3	1-1	False	15	0.124	0.12	loh	FP	FP
chr8	93588352	93611895	23543	12	0	0	1	sparse	co_linked	3	1-1	False	13	0.124	0.117	loh	FP	FP
chr8	93589409	93606782	17373	22	0	0	1	sparse	co_linked	3	1-1	False	23	0.12	0.088	loh	FP	FP
chr8	93589409	93610444	21035	14	0	0	1	sparse	co_linked	3	1-1	False	15	0.12	0.12	loh	FP	FP
chr8	93589409	93611895	22486	12	0	0	1	sparse	co_linked	3	1-1	False	13	0.12	0.117	loh	FP	FP
chr8	93595774	93610444	14670	26	0	0	1	sparse	co_linked	3	1-1	False	27	0.066	0.12	loh	FP	FP
chr8	93595774	93611895	16121	21	0	0	1	sparse	co_linked	3	1-1	False	22	0.066	0.117	loh	FP	FP
chr8	93952405	93972527	20122	13	0	0	4	co_linked	co_linked	1-1	3	False	17	0.121	0.186	loh	FP	FP
chr8	93952405	93972577	20172	13	0	0	4	co_linked	co_linked	1-1	3	False	17	0.121	0.212	loh	FP	FP
chr8	93952405	93973553	21148	13	0	0	4	co_linked	co_linked	1-1	3	False	17	0.121	0.204	loh	FP	FP
chr8	93952405	93983983	31578	3	0	0	3	co_linked	co_linked	1-1	3	False	6	0.121	0.108	loh	FP	FP
chr8	93952405	93986028	33623	2	0	0	4	co_linked	co_linked	1-1	2-1	False	6	0.121	0.2	loh	FP	FP
chr8	93954024	93972527	18503	15	0	0	4	co_linked	co_linked	1-1	3	False	19	0.117	0.186	loh	FP	FP
chr8	93954024	93972577	18553	15	0	0	4	co_linked	co_linked	1-1	3	False	19	0.117	0.212	loh	FP	FP
chr8	93954024	93973553	19529	15	0	0	4	co_linked	co_linked	1-1	3	False	19	0.117	0.204	loh	FP	FP
chr8	93954024	93983983	29959	4	0	0	3	co_linked	co_linked	1-1	3	False	7	0.117	0.108	loh	FP	FP
chr8	93954024	93986028	32004	3	0	0	4	co_linked	co_linked	1-1	2-1	False	7	0.117	0.2	loh	FP	FP
chr8	93962228	93972527	10299	36	0	0	10	co_linked	co_linked	1-1	3	False	46	0.215	0.186	loh	FP	FP
chr8	93962228	93986028	23800	8	0	0	9	co_linked	co_linked	1-1	2-1	False	17	0.215	0.2	loh	FP	FP
chr8	93962228	93993661	31433	4	0	0	3	co_linked	co_linked	1-1	2-1	False	7	0.215	0.214	loh	FP	FP
chr8	93963743	93972527	8784	38	0	0	10	co_linked	co_linked	1-1	3	False	48	0.214	0.186	loh	FP	FP
chr8	93963743	93986028	22285	8	0	0	9	co_linked	co_linked	1-1	2-1	False	17	0.214	0.2	loh	FP	FP
chr8	93963743	93993661	29918	4	0	0	3	co_linked	co_linked	1-1	2-1	False	7	0.214	0.214	loh	FP	FP
chr8	93972527	93983027	10500	31	0	0	10	co_linked	co_linked	3	1-1	False	41	0.186	0.182	loh	FP	FP
chr8	93972527	93983058	10531	31	0	0	12	co_linked	co_linked	3	1-1	False	43	0.186	0.191	loh	FP	FP
chr8	93972527	93984105	11578	31	0	0	11	co_linked	co_linked	3	1-1	False	42	0.186	0.186	loh	FP	FP
chr8	93972527	93985656	13129	26	0	0	11	co_linked	co_linked	3	1-1	False	37	0.186	0.196	loh	FP	FP
chr8	93972527	93985881	13354	22	0	0	10	co_linked	co_linked	3	1-1	False	32	0.186	0.189	loh	FP	FP
chr8	93972527	93986028	13501	21	0	0	11	co_linked	co_linked	3	2-1	False	32	0.186	0.2	loh	FP	FP
chr8	93972527	93993661	21134	9	0	0	4	co_linked	co_linked	3	2-1	False	13	0.186	0.214	loh	FP	FP
chr8	93972577	93993661	21084	9	0	0	4	co_linked	co_linked	3	2-1	False	13	0.212	0.214	loh	FP	FP
chr8	93973553	93993661	20108	10	0	0	4	co_linked	co_linked	3	2-1	False	14	0.204	0.214	loh	FP	FP
chr8	93981592	93993661	12069	24	0	0	6	co_linked	co_linked	1-1	2-1	False	30	0.229	0.214	loh	FP	FP
chr8	93982845	93993661	10816	29	0	0	8	co_linked	co_linked	1-1	2-1	False	37	0.21	0.214	loh	FP	FP
chr8	93983027	93993661	10634	31	0	0	7	co_linked	co_linked	1-1	2-1	False	38	0.182	0.214	loh	FP	FP
chr8	93983058	93993661	10603	30	0	0	9	co_linked	co_linked	1-1	2-1	False	39	0.191	0.214	loh	FP	FP
chr8	93984105	93993661	9556	32	0	0	11	co_linked	co_linked	1-1	2-1	False	43	0.186	0.214	loh	FP	FP
chr8	93985656	93993661	8005	38	0	0	11	co_linked	co_linked	1-1	2-1	False	49	0.196	0.214	loh	FP	FP
chr8	95064800	95074394	9594	47	0	0	6	co_linked	co_linked	3	1-1	False	53	0.124	0.158	loh	FP	FP
chr8	95066219	95074394	8175	54	0	0	6	co_linked	co_linked	3	1-1	False	60	0.13	0.158	loh	FP	FP
chr8	99815931	99824884	8953	29	0	0	6	co_linked	co_linked	3	1-1	False	35	0.154	0.12	loh	FP	FP
chr8	99815931	99824921	8990	27	0	0	6	co_linked	co_linked	3	1-1	False	33	0.154	0.123	loh	FP	FP
chr8	99815931	99827449	11518	22	0	0	4	co_linked	co_linked	3	1-1	False	26	0.154	0.134	loh	FP	FP
chr8	99815931	99831810	15879	19	0	0	3	co_linked	co_linked	3	1-1	False	22	0.154	0.105	loh	FP	FP
chr8	99815931	99832232	16301	19	0	0	2	co_linked	co_linked	3	1-1	False	21	0.154	0.129	loh	FP	FP
chr8	99816179	99824884	8705	30	0	0	6	co_linked	co_linked	3	1-1	False	36	0.127	0.12	loh	FP	FP
chr8	99816179	99824921	8742	28	0	0	6	co_linked	co_linked	3	1-1	False	34	0.127	0.123	loh	FP	FP
chr8	99816179	99827449	11270	23	0	0	4	co_linked	co_linked	3	1-1	False	27	0.127	0.134	loh	FP	FP
chr8	99816179	99831810	15631	19	0	0	3	co_linked	co_linked	3	1-1	False	22	0.127	0.105	loh	FP	FP
chr8	99816179	99832232	16053	19	0	0	2	co_linked	co_linked	3	1-1	False	21	0.127	0.129	loh	FP	FP
chr8	99820672	99824884	4212	38	0	0	8	co_linked	co_linked	3	1-1	False	46	0.139	0.12	loh	FP	FP
chr8	99820672	99824921	4249	35	0	0	8	co_linked	co_linked	3	1-1	False	43	0.139	0.123	loh	FP	FP
chr8	99820672	99831810	11138	24	0	0	5	co_linked	co_linked	3	1-1	False	29	0.139	0.105	loh	FP	FP
chr8	99824884	99853185	28301	6	0	0	2	co_linked	co_linked	1-1	2-1	False	8	0.12	0.093	loh	FP	FP
chr8	99824884	99855093	30209	5	0	0	2	co_linked	co_linked	1-1	2-1	False	7	0.12	0.122	loh	FP	FP
chr8	99824921	99853185	28264	6	0	0	2	co_linked	co_linked	1-1	2-1	False	8	0.123	0.093	loh	FP	FP
chr8	99824921	99855093	30172	5	0	0	2	co_linked	co_linked	1-1	2-1	False	7	0.123	0.122	loh	FP	FP
chr8	99825495	99853185	27690	7	0	0	2	co_linked	co_linked	1-1	2-1	False	9	0.15	0.093	loh	FP	FP
chr8	99825495	99855093	29598	6	0	0	2	co_linked	co_linked	1-1	2-1	False	8	0.15	0.122	loh	FP	FP
chr8	99827449	99853185	25736	8	0	0	2	co_linked	co_linked	1-1	2-1	False	10	0.134	0.093	loh	FP	FP
chr8	99827449	99855093	27644	7	0	0	2	co_linked	co_linked	1-1	2-1	False	9	0.134	0.122	loh	FP	FP
chr8	99831810	99853185	21375	11	0	0	3	co_linked	co_linked	1-1	2-1	False	14	0.105	0.093	loh	FP	FP
chr8	99831810	99855093	23283	10	0	0	3	co_linked	co_linked	1-1	2-1	False	13	0.105	0.122	loh	FP	FP
chr8	99832232	99853185	20953	11	0	0	3	co_linked	co_linked	1-1	2-1	False	14	0.129	0.093	loh	FP	FP
chr8	99832232	99855093	22861	10	0	0	3	co_linked	co_linked	1-1	2-1	False	13	0.129	0.122	loh	FP	FP
chr8	99901346	99914467	13121	22	0	0	1	sparse	co_linked	2-1	3	False	23	0.089	0.029	loh	FP	FP
chr8	113151512	113181101	29589	8	0	0	2	co_linked	co_linked	1-1	2-1	False	10	0.068	0.084	gain	FP	FP
chr8	113151512	113184237	32725	7	0	0	2	co_linked	co_linked	1-1	2-1	False	9	0.068	0.065	gain	FP	FP
chr8	113166332	113181101	14769	32	0	0	7	co_linked	co_linked	1-1	2-1	False	39	0.102	0.084	gain	FP	FP
chr8	113166332	113184237	17905	27	0	0	6	co_linked	co_linked	1-1	2-1	False	33	0.102	0.065	gain	FP	FP
chr8	113166793	113181101	14308	32	0	0	8	co_linked	co_linked	1-1	2-1	False	40	0.11	0.084	gain	FP	FP
chr8	113166793	113184237	17444	26	0	0	7	co_linked	co_linked	1-1	2-1	False	33	0.11	0.065	gain	FP	FP
chr8	113167370	113181101	13731	34	0	0	8	co_linked	co_linked	1-1	2-1	False	42	0.09	0.084	gain	FP	FP
chr8	113167370	113184237	16867	28	0	0	7	co_linked	co_linked	1-1	2-1	False	35	0.09	0.065	gain	FP	FP
chr8	113172190	113181101	8911	53	0	0	10	co_linked	co_linked	1-1	2-1	False	63	0.098	0.084	gain	FP	FP
chr8	113172190	113184237	12047	44	0	0	8	co_linked	co_linked	1-1	2-1	False	52	0.098	0.065	gain	FP	FP
chr8	113176581	113181101	4520	89	0	0	10	co_linked	co_linked	1-1	2-1	False	99	0.074	0.084	gain	FP	FP
chr8	113176581	113184237	7656	75	0	0	8	co_linked	co_linked	1-1	2-1	False	83	0.074	0.065	gain	FP	FP
chr8	114964778	114994904	30126	8	0	0	1	sparse	co_linked	1-1	3	False	9	0.143	0.221	gain	TP	TP
chr8	120329851	120343636	13785	30	0	0	6	co_linked	co_linked	3	2-1	False	36	0.194	0.176	gain	FP	FP
chr8	121776837	121782942	6105	62	0	0	7	co_linked	co_linked	2-1	1-1	False	69	0.107	0.099	gain	FP	FP
chr8	121776837	121786589	9752	39	0	0	6	co_linked	co_linked	2-1	1-1	False	45	0.107	0.12	gain	FP	FP
chr8	121776837	121786636	9799	38	0	0	6	co_linked	co_linked	2-1	1-1	False	44	0.107	0.118	gain	FP	FP
chr8	121776837	121787471	10634	36	0	0	5	co_linked	co_linked	2-1	1-1	False	41	0.107	0.132	gain	FP	FP
chr8	121776837	121790698	13861	30	0	0	5	co_linked	co_linked	2-1	1-1	False	35	0.107	0.109	gain	FP	FP
chr8	121776837	121791543	14706	30	0	0	5	co_linked	co_linked	2-1	1-1	False	35	0.107	0.113	gain	FP	FP
chr8	121776837	121792328	15491	26	0	0	4	co_linked	co_linked	2-1	1-1	False	30	0.107	0.12	gain	FP	FP
chr8	121776837	121792984	16147	25	0	0	3	co_linked	co_linked	2-1	1-1	False	28	0.107	0.121	gain	FP	FP
chr8	121776837	121793073	16236	25	0	0	3	co_linked	co_linked	2-1	1-1	False	28	0.107	0.128	gain	FP	FP
chr8	121776837	121793306	16469	24	0	0	3	co_linked	co_linked	2-1	1-1	False	27	0.107	0.112	gain	FP	FP
chr8	121776837	121793399	16562	24	0	0	3	co_linked	co_linked	2-1	1-1	False	27	0.107	0.101	gain	FP	FP
chr8	121776837	121795322	18485	21	0	0	2	co_linked	co_linked	2-1	1-1	False	23	0.107	0.107	gain	FP	FP
chr8	121776837	121801153	24316	12	0	0	2	co_linked	co_linked	2-1	1-1	False	14	0.107	0.12	gain	FP	FP
chr8	121776837	121802226	25389	13	0	0	2	co_linked	co_linked	2-1	1-1	False	15	0.107	0.103	gain	FP	FP
chr8	121776837	121803891	27054	11	0	0	2	co_linked	co_linked	2-1	1-1	False	13	0.107	0.111	gain	FP	FP
chr8	121776837	121804044	27207	9	0	0	2	co_linked	co_linked	2-1	1-1	False	11	0.107	0.11	gain	FP	FP
chr8	121776837	121804327	27490	10	0	0	2	co_linked	co_linked	2-1	1-1	False	12	0.107	0.122	gain	FP	FP
chr8	121837351	121868459	31108	6	0	0	1	sparse	co_linked	1-1	3	False	7	0.073	0.078	gain	FP	FP
chr8	121868459	121883438	14979	39	0	0	2	co_linked	co_linked	3	2-1	False	41	0.078	0.076	gain	FP	FP
chr8	121932332	121957743	25411	7	0	0	1	sparse	co_linked	3	2-1	False	8	0.106	0.076	gain	FP	FP
chr8	122004930	122015232	10302	61	0	0	6	co_linked	co_linked	1-1	3	False	67	0.085	0.092	gain	FP	FP
chr8	122004930	122015806	10876	54	0	0	5	co_linked	co_linked	1-1	3	False	59	0.085	0.094	gain	FP	FP
chr8	122004930	122016520	11590	56	0	0	5	co_linked	co_linked	1-1	3	False	61	0.085	0.107	gain	FP	FP
chr8	122006776	122015232	8456	69	0	0	6	co_linked	co_linked	1-1	3	False	75	0.099	0.092	gain	FP	FP
chr8	122006776	122015806	9030	61	0	0	5	co_linked	co_linked	1-1	3	False	66	0.099	0.094	gain	FP	FP
chr8	122006776	122016520	9744	64	0	0	5	co_linked	co_linked	1-1	3	False	69	0.099	0.107	gain	FP	FP
chr8	122010299	122015806	5507	75	0	0	7	co_linked	co_linked	1-1	3	False	82	0.12	0.094	gain	FP	FP
chr8	122011784	122015806	4022	84	0	0	7	co_linked	co_linked	1-1	3	False	91	0.121	0.094	gain	FP	FP
chr8	122011933	122015806	3873	87	0	0	7	co_linked	co_linked	1-1	3	False	94	0.119	0.094	gain	FP	FP
chr8	122012240	122015806	3566	86	0	0	7	co_linked	co_linked	1-1	3	False	93	0.123	0.094	gain	FP	FP
chr8	122012736	122015806	3070	86	0	0	9	co_linked	co_linked	1-1	3	False	95	0.104	0.094	gain	FP	FP
chr8	122014688	122015806	1118	106	0	0	12	co_linked	co_linked	1-1	3	False	118	0.104	0.094	gain	FP	FP
chr8	122014739	122015806	1067	112	0	0	12	co_linked	co_linked	1-1	3	False	124	0.099	0.094	gain	FP	FP
chr8	123567069	123601761	34692	5	0	0	2	co_linked	co_linked	3	1-1	False	7	0.16	0.178	gain	TP	TP
chr8	123569578	123601761	32183	6	0	0	2	co_linked	co_linked	3	1-1	False	8	0.19	0.178	gain	TP	TP
chr8	132517692	132555156	37464	4	0	0	3	co_linked	co_linked	2-1	3	False	7	0.38	0.378	gain	TP	TP
chr8	132543658	132556685	13027	40	0	0	9	co_linked	co_linked	2-1	3	False	49	0.189	0.178	gain	TP	TP
chr8	132549922	132561782	11860	44	0	0	11	co_linked	co_linked	2-1	3	False	55	0.197	0.154	gain	TP	TP
chr8	143786544	143824771	38227	7	0	0	5	co_linked	co_linked	3	2-1	False	12	0.32	0.32	gain	TP	TP
chr8	144847587	144878996	31409	9	0	0	5	co_linked	co_linked	2-1	3	False	14	0.274	0.407	gain	TP	TP
chr8	144856144	144864241	8097	58	0	0	34	co_linked	co_linked	2-1	3	False	92	0.376	0.352	gain	TP	TP
chr8	144856144	144878996	22852	14	0	0	9	co_linked	co_linked	2-1	3	False	23	0.376	0.407	gain	TP	TP
chr8	144857371	144878996	21625	18	0	0	9	co_linked	co_linked	2-1	3	False	27	0.364	0.407	gain	TP	TP
chr13	30995649	31023485	27836	6	0	0	2	co_linked	co_linked	2-1	1-1	False	8	0.43	0.44	gain	TP	TP
chr13	31002707	31023485	20778	9	0	0	7	co_linked	co_linked	2-1	1-1	False	16	0.425	0.44	gain	TP	TP
chr13	65500099	65508588	8489	28	0	0	2	co_linked	co_linked	1-1	2-1	False	30	0.094	0.057	loh	FP	FP
chr13	65500099	65511994	11895	20	0	0	1	sparse	co_linked	1-1	2-1	False	21	0.094	0.06	loh	FP	FP
chr13	68643162	68664168	21006	0	0	0	6	co_linked	co_linked	1-1	3	False	6	0.867	0.971	loh	TP	TP
chr13	72811551	72835965	24414	5	0	0	7	co_linked	co_linked	1-1	2-1	False	12	0.455	0.535	loh	TP	TP
chr13	72811551	72842579	31028	5	0	0	4	co_linked	co_linked	1-1	2-1	False	9	0.455	0.511	loh	TP	TP
chr13	72811551	72844363	32812	4	0	0	4	co_linked	co_linked	1-1	2-1	False	8	0.455	0.429	loh	TP	TP
chr13	72811567	72835965	24398	5	0	0	7	co_linked	co_linked	1-1	2-1	False	12	0.467	0.535	loh	TP	TP
chr13	72811567	72842579	31012	5	0	0	4	co_linked	co_linked	1-1	2-1	False	9	0.467	0.511	loh	TP	TP
chr13	72811567	72844363	32796	4	0	0	4	co_linked	co_linked	1-1	2-1	False	8	0.467	0.429	loh	TP	TP
chr13	72812866	72835965	23099	5	0	0	8	co_linked	co_linked	1-1	2-1	False	13	0.452	0.535	loh	TP	TP
chr13	72812866	72842579	29713	5	0	0	5	co_linked	co_linked	1-1	2-1	False	10	0.452	0.511	loh	TP	TP
chr13	72812866	72844363	31497	4	0	0	5	co_linked	co_linked	1-1	2-1	False	9	0.452	0.429	loh	TP	TP
chr13	72817219	72835965	18746	6	0	0	9	co_linked	co_linked	1-1	2-1	False	15	0.426	0.535	loh	TP	TP
chr13	72817219	72842579	25360	6	0	0	5	co_linked	co_linked	1-1	2-1	False	11	0.426	0.511	loh	TP	TP
chr13	72817219	72844363	27144	5	0	0	5	co_linked	co_linked	1-1	2-1	False	10	0.426	0.429	loh	TP	TP
chr13	85471178	85480154	8976	1	0	0	20	co_linked	co_linked	3	1-1	False	21	0.979	0.962	loh	TP	TP
chr13	88270015	88289773	19758	0	0	0	8	co_linked	co_linked	2-1	1-1	False	8	0.98	0.984	loh	TP	TP
chr13	103287440	103299991	12551	9	0	0	2	co_linked	co_linked	3	2-1	False	11	0.268	0.405	loh	TP	TP
chr18	25760643	25795705	35062	2	0	0	4	co_linked	co_linked	3	2-1	False	6	0.425	0.529	gain	TP	TP
chr18	28646471	28664222	17751	16	0	0	8	co_linked	co_linked	1-1	3	False	24	0.407	0.514	gain	TP	TP
chr18	28978533	29009800	31267	6	0	0	4	co_linked	co_linked	1-1	3	False	10	0.549	0.537	gain	TP	TP
chr18	29030124	29046455	16331	13	0	0	16	co_linked	co_linked	1-1	3	False	29	0.541	0.488	gain	TP	TP
chr18	43357661	43380275	22614	11	0	0	6	co_linked	co_linked	3	1-1	False	17	0.438	0.45	gain	TP	TP
chr18	54723594	54760284	36690	6	0	0	1	sparse	co_linked	2-1	1-1	False	7	0.303	0.16	gain	TP	TP
chr4	22147800	22153708	5908	13	0	0	2	co_linked	co_linked	3	2-1	False	15	0.148	0.185	loss	FP	FP
chr4	22147800	22154275	6475	14	0	0	2	co_linked	co_linked	3	2-1	False	16	0.148	0.161	loss	FP	FP
chr4	22147800	22155997	8197	14	0	0	2	co_linked	co_linked	3	2-1	False	16	0.148	0.161	loss	FP	FP
chr4	22148230	22153708	5478	14	0	0	2	co_linked	co_linked	3	2-1	False	16	0.148	0.185	loss	FP	FP
chr4	22148230	22154275	6045	15	0	0	2	co_linked	co_linked	3	2-1	False	17	0.148	0.161	loss	FP	FP
chr4	22148230	22155997	7767	15	0	0	2	co_linked	co_linked	3	2-1	False	17	0.148	0.161	loss	FP	FP
chr4	24095170	24109804	14634	6	0	0	1	sparse	co_linked	2-1	3	False	7	0.094	0.097	loss	FP	FP
chr4	32892546	32909081	16535	6	0	0	7	co_linked	co_linked	3	2-1	False	13	0.333	0.422	gain	TP	TP
chr4	36950530	36969129	18599	5	0	0	5	co_linked	co_linked	3	1-1	False	10	0.38	0.352	gain	TP	TP
chr4	115986598	116011352	24754	8	0	0	2	co_linked	co_linked	2-1	3	False	10	0.262	0.208	gain	TP	TP
chr4	121919310	121932626	13316	22	0	0	11	co_linked	co_linked	3	2-1	False	33	0.365	0.24	gain	TP	TP
chr4	158161076	158181373	20297	1	0	0	7	co_linked	co_linked	3	1-1	False	8	0.945	0.911	loh	TP	TP
chr9	90581524	90615715	34191	2	0	0	5	co_linked	co_linked	1-1	3	False	7	0.338	0.262	gain	TP	TP
chr14	23817330	23841578	24248	4	0	0	8	co_linked	co_linked	1-1	3	False	12	0.52	0.473	gain	TP	TP
chr14	27413725	27439591	25866	4	0	0	2	co_linked	co_linked	3	2-1	False	6	0.316	0.455	gain	TP	TP
chr14	27416403	27439591	23188	6	0	0	3	co_linked	co_linked	3	2-1	False	9	0.371	0.455	gain	TP	TP
chr14	28769266	28789251	19985	5	0	0	21	co_linked	co_linked	3	2-1	False	26	0.656	0.688	gain	TP	TP
chr14	28858338	28885668	27330	4	0	0	2	co_linked	co_linked	1-1	3	False	6	0.326	0.379	gain	TP	TP
chr14	95041033	95078555	37522	6	0	0	1	sparse	co_linked	3	2-1	False	7	0.172	0.165	gain	TP	TP
chr14	106268552	106279145	10593	0	0	0	30	co_linked	co_linked	3	1-1	False	30	0.974	1.0	gain	TP	TP
chr14	106268552	106284815	16263	0	0	0	17	co_linked	co_linked	3	1-1	False	17	0.974	1.0	gain	TP	TP
chr14	106268552	106284909	16357	0	0	0	17	co_linked	co_linked	3	1-1	False	17	0.974	0.941	gain	TP	TP
chr14	106268552	106289571	21019	0	0	0	16	co_linked	co_linked	3	1-1	False	16	0.974	0.988	gain	TP	TP
chr14	106268552	106290171	21619	0	0	0	14	co_linked	co_linked	3	1-1	False	14	0.974	0.976	gain	TP	TP
chr14	106268552	106290221	21669	0	0	0	13	co_linked	co_linked	3	1-1	False	13	0.974	1.0	gain	TP	TP
chr14	106268552	106290913	22361	0	0	0	14	co_linked	co_linked	3	1-1	False	14	0.974	0.977	gain	TP	TP
chr14	106268552	106291638	23086	0	0	0	14	co_linked	co_linked	3	1-1	False	14	0.974	1.0	gain	TP	TP
chr14	106268552	106292249	23697	0	0	0	11	co_linked	co_linked	3	1-1	False	11	0.974	1.0	gain	TP	TP
chr14	106268552	106298874	30322	0	0	0	9	co_linked	co_linked	3	1-1	False	9	0.974	0.954	gain	TP	TP
chr14	106268552	106300830	32278	0	0	0	8	co_linked	co_linked	3	1-1	False	8	0.974	0.979	gain	TP	TP
chr14	106270090	106298874	28784	0	0	0	12	co_linked	co_linked	3	1-1	False	12	0.927	0.954	gain	TP	TP
chr14	106270090	106300830	30740	0	0	0	11	co_linked	co_linked	3	1-1	False	11	0.927	0.979	gain	TP	TP
chr14	106270090	106305342	35252	0	0	0	6	co_linked	co_linked	3	1-1	False	6	0.927	0.965	gain	TP	TP
chr14	106270463	106279145	8682	0	0	0	32	co_linked	co_linked	3	1-1	False	32	1.0	1.0	gain	TP	TP
chr14	106270463	106284815	14352	0	0	0	20	co_linked	co_linked	3	1-1	False	20	1.0	1.0	gain	TP	TP
chr14	106270463	106284909	14446	0	0	0	20	co_linked	co_linked	3	1-1	False	20	1.0	0.941	gain	TP	TP
chr14	106270463	106289571	19108	0	0	0	19	co_linked	co_linked	3	1-1	False	19	1.0	0.988	gain	TP	TP
chr14	106270463	106290171	19708	0	0	0	17	co_linked	co_linked	3	1-1	False	17	1.0	0.976	gain	TP	TP
chr14	106270463	106290221	19758	0	0	0	16	co_linked	co_linked	3	1-1	False	16	1.0	1.0	gain	TP	TP
chr14	106270463	106290913	20450	0	0	0	17	co_linked	co_linked	3	1-1	False	17	1.0	0.977	gain	TP	TP
chr14	106270463	106291638	21175	0	0	0	17	co_linked	co_linked	3	1-1	False	17	1.0	1.0	gain	TP	TP
chr14	106270463	106292249	21786	0	0	0	14	co_linked	co_linked	3	1-1	False	14	1.0	1.0	gain	TP	TP
chr14	106270463	106298874	28411	0	0	0	12	co_linked	co_linked	3	1-1	False	12	1.0	0.954	gain	TP	TP
chr14	106270463	106300830	30367	0	0	0	11	co_linked	co_linked	3	1-1	False	11	1.0	0.979	gain	TP	TP
chr14	106270463	106305342	34879	0	0	0	6	co_linked	co_linked	3	1-1	False	6	1.0	0.965	gain	TP	TP
chr14	106271265	106305342	34077	0	0	0	6	co_linked	co_linked	3	1-1	False	6	0.562	0.965	gain	TP	TP
chr14	106271615	106279145	7530	0	0	0	36	co_linked	co_linked	3	1-1	False	36	0.97	1.0	gain	TP	TP
chr14	106271615	106284815	13200	0	0	0	22	co_linked	co_linked	3	1-1	False	22	0.97	1.0	gain	TP	TP
chr14	106271615	106284909	13294	0	0	0	22	co_linked	co_linked	3	1-1	False	22	0.97	0.941	gain	TP	TP
chr14	106271615	106289571	17956	0	0	0	19	co_linked	co_linked	3	1-1	False	19	0.97	0.988	gain	TP	TP
chr14	106271615	106290171	18556	0	0	0	17	co_linked	co_linked	3	1-1	False	17	0.97	0.976	gain	TP	TP
chr14	106271615	106290221	18606	0	0	0	16	co_linked	co_linked	3	1-1	False	16	0.97	1.0	gain	TP	TP
chr14	106271615	106290913	19298	0	0	0	17	co_linked	co_linked	3	1-1	False	17	0.97	0.977	gain	TP	TP
chr14	106271615	106291638	20023	0	0	0	17	co_linked	co_linked	3	1-1	False	17	0.97	1.0	gain	TP	TP
chr14	106271615	106292249	20634	0	0	0	14	co_linked	co_linked	3	1-1	False	14	0.97	1.0	gain	TP	TP
chr14	106271615	106298874	27259	0	0	0	12	co_linked	co_linked	3	1-1	False	12	0.97	0.954	gain	TP	TP
chr14	106271615	106300830	29215	0	0	0	11	co_linked	co_linked	3	1-1	False	11	0.97	0.979	gain	TP	TP
chr14	106271615	106305342	33727	0	0	0	6	co_linked	co_linked	3	1-1	False	6	0.97	0.965	gain	TP	TP
chr19	38604200	38632333	28133	8	0	0	6	co_linked	co_linked	3	1-1	False	14	0.351	0.4	gain	TP	TP
chr5	13298185	13301925	3740	63	0	0	15	co_linked	co_linked	3	2-1	False	78	0.263	0.259	gain	TP	TP
chr5	26934078	26964263	30185	6	0	0	3	co_linked	co_linked	2-1	3	False	9	0.306	0.231	gain	TP	TP
chr5	28215798	28247410	31612	3	0	0	4	co_linked	co_linked	1-1	3	False	7	0.408	0.511	gain	TP	TP
chr5	28215798	28247876	32078	2	0	0	4	co_linked	co_linked	1-1	3	False	6	0.408	0.538	gain	TP	TP
chr5	35629379	35637394	8015	35	0	0	6	co_linked	co_linked	1-1	3	False	41	0.247	0.172	gain	TP	TP
chr5	55098912	55115847	16935	3	0	0	7	co_linked	co_linked	1-1	3	False	10	0.507	0.509	loh	TP	TP
chr10	17009331	17014469	5138	0	0	0	40	co_linked	co_linked	1-1	2-1	False	40	1.0	0.94	loh	TP	TP
chr10	32081228	32110322	29094	7	0	0	2	co_linked	co_linked	3	2-1	False	9	0.435	0.415	gain	TP	TP
chr10	32468259	32502287	34028	5	0	0	2	co_linked	co_linked	3	1-1	False	7	0.407	0.439	gain	TP	TP
chr15	27306214	27306417	203	41	0	0	12	co_linked	co_linked	2-1	1-1	False	53	0.25	0.222	loh	FP	FP
chr15	27306417	27306470	53	41	0	0	12	co_linked	co_linked	1-1	2-1	False	53	0.222	0.263	loh	FP	FP
chr15	27306417	27306522	105	42	0	0	12	co_linked	co_linked	1-1	2-1	False	54	0.222	0.254	loh	FP	FP
chr15	57768925	57794529	25604	4	0	0	8	co_linked	co_linked	3	2-1	False	12	0.606	0.524	gain	TP	TP
chr15	98695711	98721627	25916	12	0	0	2	co_linked	co_linked	2-1	3	False	14	0.156	0.202	gain	TP	TP
chr15	98697854	98721627	23773	14	0	0	2	co_linked	co_linked	2-1	3	False	16	0.143	0.202	gain	TP	TP
chr15	98700635	98721627	20992	15	0	0	2	co_linked	co_linked	2-1	3	False	17	0.124	0.202	gain	TP	TP
chr20	2597995	2621726	23731	1	0	0	9	co_linked	co_linked	3	2-1	False	10	0.721	0.702	gain	TP	TP
chr20	42039703	42042098	2395	83	0	0	3	co_linked	co_linked	1-1	2-1	False	86	0.048	0.055	gain	FP	FP
chr20	56197027	56199904	2877	77	0	0	6	co_linked	co_linked	3	2-1	False	83	0.098	0.093	gain	FP	FP
chr20	56197027	56212226	15199	19	0	0	3	co_linked	co_linked	3	2-1	False	22	0.098	0.105	gain	FP	FP
chr20	56197027	56215654	18627	17	0	0	3	co_linked	co_linked	3	2-1	False	20	0.098	0.107	gain	FP	FP
chr20	56197027	56217408	20381	15	0	0	2	co_linked	co_linked	3	2-1	False	17	0.098	0.066	gain	FP	FP
chr20	56457447	56458657	1210	96	0	0	8	co_linked	co_linked	1-1	3	False	104	0.087	0.074	gain	FP	FP
chr20	62089875	62116161	26286	2	0	0	5	co_linked	co_linked	1-1	3	False	7	0.45	0.509	gain	TP	TP
