chrom	pos_a	pos_b	dist	RR	RA	AR	AA	rel	config	hp_a	hp_b	same_hp	coread	vaf_a	vaf_b	cn_a	src_a	src_b
chr1	86355087	86372105	17018	6	8	0	14	nested_a_in_b	nested_a_in_b	2-1	3	False	28	0.603	0.797	gain	TP	TP
chr1	147213554	147217240	3686	38	15	0	1	mutual_excl	nested_a_in_b	2-1	3	False	54	0.037	0.237	gain	FP	FP
chr1	171878215	171898305	20090	13	1	0	3	nested_a_in_b	nested_a_in_b	3	1-1	False	17	0.212	0.276	gain	TP	TP
chr1	181550780	181571577	20797	4	1	0	7	nested_a_in_b	nested_a_in_b	2-1	3	False	12	0.317	0.381	gain	TP	TP
chr1	248223105	248239030	15925	8	1	0	11	nested_a_in_b	nested_a_in_b	1-1	3	False	20	0.614	0.585	gain	TP	TP
chr6	62251211	62265252	14041	17	4	0	7	nested_a_in_b	nested_a_in_b	2-1	3	False	28	0.182	0.446	gain	TP	TP
chr6	77978157	77995583	17426	8	1	0	1	sparse	nested_a_in_b	2-1	3	False	10	0.08	0.077	loh	FP	FP
chr6	77978287	77995583	17296	8	1	0	1	sparse	nested_a_in_b	2-1	3	False	10	0.102	0.077	loh	FP	FP
chr11	14026599	14046132	19533	0	3	0	5	nested_a_in_b	nested_a_in_b	1-1	3	False	8	0.589	0.927	loh	TP	TP
chr11	14995216	15019400	24184	0	2	0	9	nested_a_in_b	nested_a_in_b	2-1	3	False	11	0.548	0.941	loh	TP	TP
chr11	67230585	67246464	15879	11	1	0	18	nested_a_in_b	nested_a_in_b	3	1-1	False	30	0.553	0.51	gain	TP	TP
chr16	19266917	19293290	26373	13	1	0	1	sparse	nested_a_in_b	2-1	3	False	15	0.11	0.124	gain	TP	TP
chr16	34597681	34606386	8705	30	2	0	24	nested_a_in_b	nested_a_in_b	1-1	3	False	56	0.285	0.447	gain	TP	TP
chr16	34637913	34655429	17516	5	1	0	10	nested_a_in_b	nested_a_in_b	3	1-1	False	16	0.614	0.66	gain	TP	TP
chr16	34639641	34655429	15788	7	1	0	14	nested_a_in_b	nested_a_in_b	3	1-1	False	22	0.562	0.66	gain	TP	TP
chr16	34640158	34647927	7769	16	2	0	23	nested_a_in_b	nested_a_in_b	3	1-1	False	41	0.573	0.614	gain	TP	TP
chr16	34640158	34655429	15271	7	2	0	16	nested_a_in_b	nested_a_in_b	3	1-1	False	25	0.573	0.66	gain	TP	TP
chr16	34640158	34657457	17299	7	1	0	14	nested_a_in_b	nested_a_in_b	3	1-1	False	22	0.573	0.624	gain	TP	TP
chr16	34740276	34753643	13367	13	1	0	20	nested_a_in_b	nested_a_in_b	2-1	3	False	34	0.58	0.598	gain	TP	TP
chr16	34742998	34753643	10645	19	13	0	16	nested_a_in_b	nested_a_in_b	2-1	3	False	48	0.305	0.598	gain	TP	TP
chr16	34742998	34762829	19831	15	7	0	9	nested_a_in_b	nested_a_in_b	2-1	1-1	False	31	0.305	0.532	gain	TP	TP
chr16	34742998	34767808	24810	8	4	0	6	nested_a_in_b	nested_a_in_b	2-1	1-1	False	18	0.305	0.567	gain	TP	TP
chr16	35118902	35143434	24532	3	6	0	1	mutual_excl	nested_a_in_b	3	1-1	False	10	0.267	0.616	gain	TP	TP
chr16	35322905	35337716	14811	19	9	0	4	nested_a_in_b	nested_a_in_b	2-1	3	False	32	0.165	0.43	gain	TP	TP
chr16	35322905	35342223	19318	12	4	0	3	nested_a_in_b	nested_a_in_b	2-1	3	False	19	0.165	0.472	gain	TP	TP
chr16	35455591	35469832	14241	20	3	0	16	nested_a_in_b	nested_a_in_b	3	2-1	False	39	0.549	0.472	gain	TP	TP
chr16	35455591	35470544	14953	19	2	0	15	nested_a_in_b	nested_a_in_b	3	2-1	False	36	0.549	0.441	gain	TP	TP
chr16	35936060	35955753	19693	3	1	0	6	nested_a_in_b	nested_a_in_b	3	1-1	False	10	0.622	0.677	gain	TP	TP
chr16	35937750	35955753	18003	3	1	0	6	nested_a_in_b	nested_a_in_b	3	1-1	False	10	0.556	0.677	gain	TP	TP
chr16	35939916	35955753	15837	3	1	0	7	nested_a_in_b	nested_a_in_b	3	1-1	False	11	0.526	0.677	gain	TP	TP
chr16	35948447	35955753	7306	7	1	0	21	nested_a_in_b	nested_a_in_b	3	1-1	False	29	0.591	0.677	gain	TP	TP
chr16	36013718	36027415	13697	7	8	0	2	nested_a_in_b	nested_a_in_b	1-1	3	False	17	0.388	0.618	gain	TP	TP
chr16	36015714	36027415	11701	10	15	0	1	mutual_excl	nested_a_in_b	1-1	3	False	26	0.343	0.618	gain	TP	TP
chr16	36082497	36095889	13392	8	1	0	17	nested_a_in_b	nested_a_in_b	3	2-1	False	26	0.602	0.431	gain	TP	TP
chr16	36082497	36097900	15403	8	1	0	13	nested_a_in_b	nested_a_in_b	3	2-1	False	22	0.602	0.402	gain	TP	TP
chr21	17432262	17454641	22379	6	3	0	2	nested_a_in_b	nested_a_in_b	1-1	2-1	False	11	0.185	0.485	neutral	FP	TP
chr2	32928331	32928332	1	90	1	0	31	nested_a_in_b	nested_a_in_b	1-1	3	False	122	0.254	0.262	gain	TP	TP
chr2	44991341	45010675	19334	11	1	0	4	nested_a_in_b	nested_a_in_b	3	1-1	False	16	0.256	0.382	gain	TP	TP
chr2	44991341	45014143	22802	7	1	0	3	nested_a_in_b	nested_a_in_b	3	1-1	False	11	0.256	0.337	gain	TP	TP
chr2	44991831	45010675	18844	11	1	0	5	nested_a_in_b	nested_a_in_b	3	1-1	False	17	0.261	0.382	gain	TP	TP
chr2	44991831	45014143	22312	7	1	0	4	nested_a_in_b	nested_a_in_b	3	1-1	False	12	0.261	0.337	gain	TP	TP
chr2	44991945	45010675	18730	13	1	0	6	nested_a_in_b	nested_a_in_b	3	1-1	False	20	0.277	0.382	gain	TP	TP
chr2	53036283	53043810	7527	34	1	0	9	nested_a_in_b	nested_a_in_b	1-1	2-1	False	44	0.218	0.263	gain	TP	TP
chr2	156761334	156769777	8443	2	18	0	8	nested_a_in_b	nested_a_in_b	1-1	3	False	28	0.439	0.951	gain	TP	TP
chr2	163015335	163049002	33667	3	2	0	2	nested_a_in_b	nested_a_in_b	1-1	3	False	7	0.206	0.53	gain	TP	TP
chr2	228585297	228613644	28347	5	1	0	3	nested_a_in_b	nested_a_in_b	2-1	3	False	9	0.277	0.365	gain	TP	TP
chr2	240818169	240836344	18175	9	5	0	7	nested_a_in_b	nested_a_in_b	3	1-1	False	21	0.309	0.5	gain	TP	TP
chr7	15326679	15355250	28571	7	1	0	1	sparse	nested_a_in_b	2-1	3	False	9	0.065	0.127	gain	FP	FP
chr7	15338948	15355250	16302	14	1	0	1	sparse	nested_a_in_b	2-1	3	False	16	0.101	0.127	gain	FP	FP
chr7	26870754	26889476	18722	5	3	0	5	nested_a_in_b	nested_a_in_b	3	1-1	False	13	0.303	0.424	gain	TP	TP
chr7	51943525	51969308	25783	3	1	0	4	nested_a_in_b	nested_a_in_b	2-1	1-1	False	8	0.294	0.432	gain	TP	TP
chr7	54356472	54374137	17665	9	8	0	1	mutual_excl	nested_a_in_b	3	1-1	False	18	0.223	0.536	gain	TP	TP
chr7	57474758	57502687	27929	12	2	0	3	nested_a_in_b	nested_a_in_b	2-1	3	False	17	0.148	0.219	gain	TP	TP
chr7	69817403	69827973	10570	4	8	0	20	nested_a_in_b	nested_a_in_b	1-1	3	False	32	0.493	0.724	gain	TP	TP
chr7	72584661	72586503	1842	33	19	0	24	nested_a_in_b	nested_a_in_b	1-1	3	False	76	0.272	0.578	gain	TP	TP
chr7	72584662	72586503	1841	33	20	0	23	nested_a_in_b	nested_a_in_b	1-1	3	False	76	0.261	0.578	gain	TP	TP
chr7	115759008	115793718	34710	11	1	0	1	sparse	nested_a_in_b	1-1	2-1	False	13	0.145	0.181	gain	TP	TP
chr7	120699932	120709893	9961	52	9	0	8	nested_a_in_b	nested_a_in_b	2-1	3	False	69	0.172	0.286	gain	TP	TP
chr7	125348665	125382281	33616	3	5	0	1	mutual_excl	nested_a_in_b	3	1-1	False	9	0.217	0.685	gain	TP	TP
chr7	125763688	125790046	26358	9	1	0	7	nested_a_in_b	nested_a_in_b	2-1	3	False	17	0.223	0.308	gain	TP	TP
chr7	148090567	148129259	38692	0	5	0	1	mutual_excl	nested_a_in_b	3	2-1	False	6	0.174	0.8	gain	TP	TP
chr12	28294319	28310910	16591	9	1	0	20	nested_a_in_b	nested_a_in_b	1-1	3	False	30	0.688	0.634	gain	TP	TP
chr12	28294319	28317627	23308	5	1	0	13	nested_a_in_b	nested_a_in_b	1-1	3	False	19	0.688	0.63	gain	TP	TP
chr12	28303065	28310910	7845	22	2	0	30	nested_a_in_b	nested_a_in_b	1-1	3	False	54	0.562	0.634	gain	TP	TP
chr12	28303065	28317627	14562	12	2	0	20	nested_a_in_b	nested_a_in_b	1-1	3	False	34	0.562	0.63	gain	TP	TP
chr12	28303065	28323818	20753	6	1	0	6	nested_a_in_b	nested_a_in_b	1-1	3	False	13	0.562	0.593	gain	TP	TP
chr12	28346942	28367688	20746	4	1	0	12	nested_a_in_b	nested_a_in_b	3	1-1	False	17	0.66	0.744	gain	TP	TP
chr12	28346942	28368584	21642	2	1	0	12	nested_a_in_b	nested_a_in_b	3	1-1	False	15	0.66	0.818	gain	TP	TP
chr12	28348396	28367688	19292	5	1	0	15	nested_a_in_b	nested_a_in_b	3	1-1	False	21	0.702	0.744	gain	TP	TP
chr12	28348396	28368584	20188	3	1	0	13	nested_a_in_b	nested_a_in_b	3	1-1	False	17	0.702	0.818	gain	TP	TP
chr12	28356588	28367688	11100	8	1	0	27	nested_a_in_b	nested_a_in_b	3	1-1	False	36	0.721	0.744	gain	TP	TP
chr12	28356588	28368584	11996	5	2	0	25	nested_a_in_b	nested_a_in_b	3	1-1	False	32	0.721	0.818	gain	TP	TP
chr12	28357543	28367688	10145	9	1	0	26	nested_a_in_b	nested_a_in_b	3	1-1	False	36	0.711	0.744	gain	TP	TP
chr12	28357543	28368584	11041	5	2	0	24	nested_a_in_b	nested_a_in_b	3	1-1	False	31	0.711	0.818	gain	TP	TP
chr12	28357543	28372264	14721	5	1	0	15	nested_a_in_b	nested_a_in_b	3	1-1	False	21	0.711	0.696	gain	TP	TP
chr12	28357543	28372504	14961	5	1	0	14	nested_a_in_b	nested_a_in_b	3	1-1	False	20	0.711	0.71	gain	TP	TP
chr12	28357543	28379061	21518	3	1	0	8	nested_a_in_b	nested_a_in_b	3	1-1	False	12	0.711	0.663	gain	TP	TP
chr12	28357543	28381482	23939	3	1	0	7	nested_a_in_b	nested_a_in_b	3	1-1	False	11	0.711	0.642	gain	TP	TP
chr12	72905485	72915625	10140	1	23	0	2	nested_a_in_b	nested_a_in_b	1-1	3	False	26	0.125	0.961	loh	TP	TP
chr12	102291487	102292956	1469	2	16	0	27	nested_a_in_b	nested_a_in_b	3	2-1	False	45	0.61	0.962	loh	TP	TP
chr12	102291487	102306071	14584	2	6	0	8	nested_a_in_b	nested_a_in_b	3	2-1	False	16	0.61	0.941	loh	TP	TP
chr12	128961053	128981133	20080	0	6	0	8	nested_a_in_b	nested_a_in_b	1-1	3	False	14	0.493	0.952	loh	TP	TP
chr17	17330763	17357257	26494	0	3	0	5	nested_a_in_b	nested_a_in_b	2-1	3	False	8	0.576	0.934	gain	TP	TP
chr17	47866635	47875244	8609	26	2	0	5	nested_a_in_b	nested_a_in_b	3	2-1	False	33	0.099	0.204	loh	FP	FP
chr17	49470569	49482709	12140	18	1	0	4	nested_a_in_b	nested_a_in_b	1-1	2-1	False	23	0.155	0.171	loh	FP	FP
chr17	49471559	49482709	11150	19	1	0	5	nested_a_in_b	nested_a_in_b	1-1	2-1	False	25	0.167	0.171	loh	FP	FP
chr17	49472574	49482709	10135	22	1	0	5	nested_a_in_b	nested_a_in_b	1-1	2-1	False	28	0.143	0.171	loh	FP	FP
chr17	49478857	49479216	359	75	2	0	12	nested_a_in_b	nested_a_in_b	3	2-1	False	89	0.129	0.163	loh	FP	FP
chr17	49478857	49479372	515	74	1	0	12	nested_a_in_b	nested_a_in_b	3	2-1	False	87	0.129	0.154	loh	FP	FP
chr17	49478857	49481845	2988	56	1	0	9	nested_a_in_b	nested_a_in_b	3	2-1	False	66	0.129	0.139	loh	FP	FP
chr17	49478857	49482709	3852	45	2	0	9	nested_a_in_b	nested_a_in_b	3	2-1	False	56	0.129	0.171	loh	FP	FP
chr17	49478857	49483341	4484	42	1	0	10	nested_a_in_b	nested_a_in_b	3	2-1	False	53	0.129	0.186	loh	FP	FP
chr17	49684320	49704646	20326	8	1	0	1	sparse	nested_a_in_b	2-1	1-1	False	10	0.102	0.133	loh	FP	FP
chr17	80255600	80294163	38563	0	5	0	2	nested_a_in_b	nested_a_in_b	2-1	1-1	False	7	0.206	0.975	gain	TP	TP
chr22	22816187	22818805	2618	46	5	0	60	nested_a_in_b	nested_a_in_b	1-1	3	False	111	0.541	0.569	gain	TP	TP
chr22	22816187	22820272	4085	41	7	0	56	nested_a_in_b	nested_a_in_b	1-1	3	False	104	0.541	0.599	gain	TP	TP
chr22	22816187	22821823	5636	38	4	0	48	nested_a_in_b	nested_a_in_b	1-1	3	False	90	0.541	0.59	gain	TP	TP
chr22	22816187	22824726	8539	33	6	0	41	nested_a_in_b	nested_a_in_b	1-1	3	False	80	0.541	0.58	gain	TP	TP
chr22	22816187	22826381	10194	25	4	0	34	nested_a_in_b	nested_a_in_b	1-1	3	False	63	0.541	0.585	gain	TP	TP
chr22	22816187	22827549	11362	19	4	0	33	nested_a_in_b	nested_a_in_b	1-1	3	False	56	0.541	0.574	gain	TP	TP
chr22	22816187	22829095	12908	17	3	0	28	nested_a_in_b	nested_a_in_b	1-1	3	False	48	0.541	0.531	gain	TP	TP
chr22	22816187	22829558	13371	17	3	0	28	nested_a_in_b	nested_a_in_b	1-1	3	False	48	0.541	0.538	gain	TP	TP
chr22	22816187	22829773	13586	15	4	0	27	nested_a_in_b	nested_a_in_b	1-1	3	False	46	0.541	0.539	gain	TP	TP
chr22	22816187	22835697	19510	8	1	0	18	nested_a_in_b	nested_a_in_b	1-1	3	False	27	0.541	0.524	gain	TP	TP
chr22	22816187	22836377	20190	7	1	0	16	nested_a_in_b	nested_a_in_b	1-1	3	False	24	0.541	0.444	gain	TP	TP
chr22	22816187	22836523	20336	7	2	0	17	nested_a_in_b	nested_a_in_b	1-1	3	False	26	0.541	0.525	gain	TP	TP
chr22	22816187	22837001	20814	7	2	0	16	nested_a_in_b	nested_a_in_b	1-1	3	False	25	0.541	0.469	gain	TP	TP
chr22	22816187	22837081	20894	6	2	0	16	nested_a_in_b	nested_a_in_b	1-1	3	False	24	0.541	0.477	gain	TP	TP
chr22	22816392	22820272	3880	42	1	0	63	nested_a_in_b	nested_a_in_b	1-1	3	False	106	0.583	0.599	gain	TP	TP
chr22	22816392	22827549	11157	20	1	0	36	nested_a_in_b	nested_a_in_b	1-1	3	False	57	0.583	0.574	gain	TP	TP
chr22	22816392	22829773	13381	16	2	0	29	nested_a_in_b	nested_a_in_b	1-1	3	False	47	0.583	0.539	gain	TP	TP
chr22	22816444	22820272	3828	41	4	0	54	nested_a_in_b	nested_a_in_b	1-1	3	False	99	0.543	0.599	gain	TP	TP
chr22	22816444	22821823	5379	38	1	0	45	nested_a_in_b	nested_a_in_b	1-1	3	False	84	0.543	0.59	gain	TP	TP
chr22	22816444	22824726	8282	33	3	0	38	nested_a_in_b	nested_a_in_b	1-1	3	False	74	0.543	0.58	gain	TP	TP
chr22	22816444	22826381	9937	25	2	0	31	nested_a_in_b	nested_a_in_b	1-1	3	False	58	0.543	0.585	gain	TP	TP
chr22	22816444	22827549	11105	20	2	0	29	nested_a_in_b	nested_a_in_b	1-1	3	False	51	0.543	0.574	gain	TP	TP
chr22	22816444	22829095	12651	17	2	0	24	nested_a_in_b	nested_a_in_b	1-1	3	False	43	0.543	0.531	gain	TP	TP
chr22	22816444	22829558	13114	17	2	0	24	nested_a_in_b	nested_a_in_b	1-1	3	False	43	0.543	0.538	gain	TP	TP
chr22	22816444	22829773	13329	15	3	0	23	nested_a_in_b	nested_a_in_b	1-1	3	False	41	0.543	0.539	gain	TP	TP
chr22	22816444	22830309	13865	17	2	0	23	nested_a_in_b	nested_a_in_b	1-1	3	False	42	0.543	0.526	gain	TP	TP
chr22	22816444	22836523	20079	8	1	0	15	nested_a_in_b	nested_a_in_b	1-1	3	False	24	0.543	0.525	gain	TP	TP
chr22	22816444	22837001	20557	8	1	0	14	nested_a_in_b	nested_a_in_b	1-1	3	False	23	0.543	0.469	gain	TP	TP
chr22	22816444	22837081	20637	7	1	0	14	nested_a_in_b	nested_a_in_b	1-1	3	False	22	0.543	0.477	gain	TP	TP
chr22	22816742	22818805	2063	51	2	0	66	nested_a_in_b	nested_a_in_b	1-1	3	False	119	0.581	0.569	gain	TP	TP
chr22	22816742	22820272	3530	45	2	0	64	nested_a_in_b	nested_a_in_b	1-1	3	False	111	0.581	0.599	gain	TP	TP
chr22	22816742	22821823	5081	42	1	0	52	nested_a_in_b	nested_a_in_b	1-1	3	False	95	0.581	0.59	gain	TP	TP
chr22	22816742	22824726	7984	37	1	0	47	nested_a_in_b	nested_a_in_b	1-1	3	False	85	0.581	0.58	gain	TP	TP
chr22	22816742	22826381	9639	29	1	0	38	nested_a_in_b	nested_a_in_b	1-1	3	False	68	0.581	0.585	gain	TP	TP
chr22	22816742	22827549	10807	23	2	0	36	nested_a_in_b	nested_a_in_b	1-1	3	False	61	0.581	0.574	gain	TP	TP
chr22	22816742	22829095	12353	21	1	0	31	nested_a_in_b	nested_a_in_b	1-1	3	False	53	0.581	0.531	gain	TP	TP
chr22	22816742	22829558	12816	21	1	0	31	nested_a_in_b	nested_a_in_b	1-1	3	False	53	0.581	0.538	gain	TP	TP
chr22	22816742	22829773	13031	19	3	0	29	nested_a_in_b	nested_a_in_b	1-1	3	False	51	0.581	0.539	gain	TP	TP
chr22	22816742	22835697	18955	12	1	0	19	nested_a_in_b	nested_a_in_b	1-1	3	False	32	0.581	0.524	gain	TP	TP
chr22	22817936	22829773	11837	19	1	0	33	nested_a_in_b	nested_a_in_b	1-1	3	False	53	0.617	0.539	gain	TP	TP
chr22	22818223	22818805	582	56	1	0	76	nested_a_in_b	nested_a_in_b	1-1	3	False	133	0.574	0.569	gain	TP	TP
chr22	22818223	22820272	2049	49	2	0	71	nested_a_in_b	nested_a_in_b	1-1	3	False	122	0.574	0.599	gain	TP	TP
chr22	22818223	22821823	3600	46	1	0	57	nested_a_in_b	nested_a_in_b	1-1	3	False	104	0.574	0.59	gain	TP	TP
chr22	22818223	22824726	6503	38	1	0	51	nested_a_in_b	nested_a_in_b	1-1	3	False	90	0.574	0.58	gain	TP	TP
chr22	22818223	22826381	8158	30	1	0	41	nested_a_in_b	nested_a_in_b	1-1	3	False	72	0.574	0.585	gain	TP	TP
chr22	22818223	22827549	9326	24	2	0	38	nested_a_in_b	nested_a_in_b	1-1	3	False	64	0.574	0.574	gain	TP	TP
chr22	22818223	22829095	10872	22	1	0	32	nested_a_in_b	nested_a_in_b	1-1	3	False	55	0.574	0.531	gain	TP	TP
chr22	22818223	22829558	11335	22	1	0	32	nested_a_in_b	nested_a_in_b	1-1	3	False	55	0.574	0.538	gain	TP	TP
chr22	22818223	22829773	11550	20	3	0	30	nested_a_in_b	nested_a_in_b	1-1	3	False	53	0.574	0.539	gain	TP	TP
chr22	22818799	22820272	1473	48	1	0	73	nested_a_in_b	nested_a_in_b	1-1	3	False	122	0.593	0.599	gain	TP	TP
chr22	22818799	22827549	8750	23	1	0	40	nested_a_in_b	nested_a_in_b	1-1	3	False	64	0.593	0.574	gain	TP	TP
chr22	22818799	22829773	10974	20	1	0	32	nested_a_in_b	nested_a_in_b	1-1	3	False	53	0.593	0.539	gain	TP	TP
chr22	22880028	22889348	9320	18	4	0	31	nested_a_in_b	nested_a_in_b	3	2-1	False	53	0.544	0.597	gain	TP	TP
chr22	22881098	22889348	8250	17	1	0	37	nested_a_in_b	nested_a_in_b	3	2-1	False	55	0.592	0.597	gain	TP	TP
chr3	38111846	38128782	16936	0	18	0	5	nested_a_in_b	nested_a_in_b	1-1	3	False	23	0.308	0.988	gain	TP	TP
chr3	61098861	61122874	24013	0	5	0	4	nested_a_in_b	nested_a_in_b	3	1-1	False	9	0.413	0.871	loh	TP	TP
chr3	86061405	86075989	14584	15	11	0	8	nested_a_in_b	nested_a_in_b	3	2-1	False	34	0.268	0.487	gain	TP	TP
chr3	106557010	106562961	5951	43	1	0	1	sparse	nested_a_in_b	3	1-1	False	45	0.044	0.069	loh	FP	FP
chr3	106557010	106563024	6014	42	1	0	1	sparse	nested_a_in_b	3	1-1	False	44	0.044	0.071	loh	FP	FP
chr8	41885030	41906265	21235	0	2	0	7	nested_a_in_b	nested_a_in_b	3	2-1	False	9	0.612	0.985	loh	TP	TP
chr8	62994927	63020069	25142	0	9	0	1	mutual_excl	nested_a_in_b	2-1	1-1	False	10	0.392	0.965	loh	TP	TP
chr8	66455506	66477407	21901	1	10	0	3	nested_a_in_b	nested_a_in_b	3	1-1	False	14	0.24	0.959	gain	TP	TP
chr8	70785217	70797710	12493	9	5	0	11	nested_a_in_b	nested_a_in_b	2-1	3	False	25	0.404	0.667	gain	TP	TP
chr8	81114617	81123195	8578	38	2	0	1	mutual_excl	nested_a_in_b	3	2-1	False	41	0.087	0.131	gain	FP	FP
chr8	81396102	81398361	2259	57	1	0	9	nested_a_in_b	nested_a_in_b	2-1	3	False	67	0.126	0.144	gain	FP	FP
chr8	81397144	81398361	1217	63	1	0	8	nested_a_in_b	nested_a_in_b	2-1	3	False	72	0.128	0.144	gain	FP	FP
chr8	81398361	81399160	799	68	1	0	12	nested_a_in_b	nested_a_in_b	3	2-1	False	81	0.144	0.144	gain	FP	FP
chr8	81398361	81404546	6185	40	1	0	8	nested_a_in_b	nested_a_in_b	3	2-1	False	49	0.144	0.133	gain	FP	FP
chr8	81398361	81410152	11791	17	1	0	6	nested_a_in_b	nested_a_in_b	3	2-1	False	24	0.144	0.185	gain	FP	FP
chr8	81431249	81440016	8767	33	1	0	7	nested_a_in_b	nested_a_in_b	1-1	2-1	False	41	0.202	0.11	gain	FP	FP
chr8	81431249	81447883	16634	14	1	0	4	nested_a_in_b	nested_a_in_b	1-1	3	False	19	0.202	0.174	gain	FP	FP
chr8	81431249	81448630	17381	15	1	0	2	nested_a_in_b	nested_a_in_b	1-1	2-1	False	18	0.202	0.156	gain	FP	FP
chr8	81431249	81450809	19560	12	1	0	3	nested_a_in_b	nested_a_in_b	1-1	3	False	16	0.202	0.184	gain	FP	FP
chr8	81431249	81451442	20193	12	1	0	3	nested_a_in_b	nested_a_in_b	1-1	3	False	16	0.202	0.194	gain	FP	FP
chr8	81431249	81452668	21419	9	1	0	2	nested_a_in_b	nested_a_in_b	1-1	2-1	False	12	0.202	0.153	gain	FP	FP
chr8	81431249	81452940	21691	9	1	0	3	nested_a_in_b	nested_a_in_b	1-1	2-1	False	13	0.202	0.137	gain	FP	FP
chr8	81431249	81457473	26224	8	1	0	2	nested_a_in_b	nested_a_in_b	1-1	3	False	11	0.202	0.17	gain	FP	FP
chr8	81434245	81447883	13638	21	1	0	4	nested_a_in_b	nested_a_in_b	1-1	3	False	26	0.17	0.174	gain	FP	FP
chr8	81434245	81450809	16564	18	1	0	3	nested_a_in_b	nested_a_in_b	1-1	3	False	22	0.17	0.184	gain	FP	FP
chr8	81434245	81451442	17197	18	1	0	3	nested_a_in_b	nested_a_in_b	1-1	3	False	22	0.17	0.194	gain	FP	FP
chr8	81434245	81452940	18695	13	1	0	3	nested_a_in_b	nested_a_in_b	1-1	2-1	False	17	0.17	0.137	gain	FP	FP
chr8	81434701	81447883	13182	21	1	0	5	nested_a_in_b	nested_a_in_b	1-1	3	False	27	0.14	0.174	gain	FP	FP
chr8	81434701	81450809	16108	18	1	0	4	nested_a_in_b	nested_a_in_b	1-1	3	False	23	0.14	0.184	gain	FP	FP
chr8	81434701	81451442	16741	18	1	0	4	nested_a_in_b	nested_a_in_b	1-1	3	False	23	0.14	0.194	gain	FP	FP
chr8	81436544	81447883	11339	27	2	0	5	nested_a_in_b	nested_a_in_b	1-1	3	False	34	0.126	0.174	gain	FP	FP
chr8	81436544	81448630	12086	28	1	0	3	nested_a_in_b	nested_a_in_b	1-1	2-1	False	32	0.126	0.156	gain	FP	FP
chr8	81436544	81450809	14265	23	1	0	4	nested_a_in_b	nested_a_in_b	1-1	3	False	28	0.126	0.184	gain	FP	FP
chr8	81436544	81451442	14898	23	1	0	4	nested_a_in_b	nested_a_in_b	1-1	3	False	28	0.126	0.194	gain	FP	FP
chr8	81436544	81452668	16124	19	1	0	3	nested_a_in_b	nested_a_in_b	1-1	2-1	False	23	0.126	0.153	gain	FP	FP
chr8	81436544	81457473	20929	13	1	0	3	nested_a_in_b	nested_a_in_b	1-1	3	False	17	0.126	0.17	gain	FP	FP
chr8	81437858	81447883	10025	27	1	0	7	nested_a_in_b	nested_a_in_b	1-1	3	False	35	0.151	0.174	gain	FP	FP
chr8	81437965	81447883	9918	28	1	0	7	nested_a_in_b	nested_a_in_b	1-1	3	False	36	0.136	0.174	gain	FP	FP
chr8	81440016	81440106	90	79	1	0	7	nested_a_in_b	nested_a_in_b	2-1	1-1	False	87	0.11	0.102	gain	FP	FP
chr8	81440016	81440843	827	72	1	0	8	nested_a_in_b	nested_a_in_b	2-1	1-1	False	81	0.11	0.14	gain	FP	FP
chr8	81440016	81441359	1343	64	3	0	8	nested_a_in_b	nested_a_in_b	2-1	1-1	False	75	0.11	0.17	gain	FP	FP
chr8	81440016	81441418	1402	66	1	0	8	nested_a_in_b	nested_a_in_b	2-1	1-1	False	75	0.11	0.138	gain	FP	FP
chr8	81440016	81441605	1589	49	2	0	8	nested_a_in_b	nested_a_in_b	2-1	1-1	False	59	0.11	0.208	gain	FP	FP
chr8	81440016	81443283	3267	58	1	0	7	nested_a_in_b	nested_a_in_b	2-1	1-1	False	66	0.11	0.129	gain	FP	FP
chr8	81440016	81443386	3370	55	1	0	7	nested_a_in_b	nested_a_in_b	2-1	1-1	False	63	0.11	0.129	gain	FP	FP
chr8	81440016	81443478	3462	54	1	0	7	nested_a_in_b	nested_a_in_b	2-1	1-1	False	62	0.11	0.122	gain	FP	FP
chr8	81440016	81447883	7867	34	2	0	6	nested_a_in_b	nested_a_in_b	2-1	3	False	42	0.11	0.174	gain	FP	FP
chr8	81440016	81448631	8615	34	1	0	4	nested_a_in_b	nested_a_in_b	2-1	1-1	False	39	0.11	0.165	gain	FP	FP
chr8	81440016	81448660	8644	33	1	0	4	nested_a_in_b	nested_a_in_b	2-1	1-1	False	38	0.11	0.167	gain	FP	FP
chr8	81440016	81449286	9270	31	1	0	4	nested_a_in_b	nested_a_in_b	2-1	1-1	False	36	0.11	0.154	gain	FP	FP
chr8	81440016	81450809	10793	25	1	0	4	nested_a_in_b	nested_a_in_b	2-1	3	False	30	0.11	0.184	gain	FP	FP
chr8	81440016	81451107	11091	26	1	0	4	nested_a_in_b	nested_a_in_b	2-1	1-1	False	31	0.11	0.167	gain	FP	FP
chr8	81440016	81451118	11102	25	2	0	4	nested_a_in_b	nested_a_in_b	2-1	1-1	False	31	0.11	0.185	gain	FP	FP
chr8	81440016	81451442	11426	25	1	0	4	nested_a_in_b	nested_a_in_b	2-1	3	False	30	0.11	0.194	gain	FP	FP
chr8	81440016	81455481	15465	17	1	0	2	nested_a_in_b	nested_a_in_b	2-1	1-1	False	20	0.11	0.139	gain	FP	FP
chr8	81440016	81455541	15525	17	1	0	2	nested_a_in_b	nested_a_in_b	2-1	1-1	False	20	0.11	0.13	gain	FP	FP
chr8	81440016	81456034	16018	16	1	0	2	nested_a_in_b	nested_a_in_b	2-1	1-1	False	19	0.11	0.168	gain	FP	FP
chr8	81440016	81457473	17457	13	1	0	2	nested_a_in_b	nested_a_in_b	2-1	3	False	16	0.11	0.17	gain	FP	FP
chr8	81440106	81447883	7777	34	1	0	6	nested_a_in_b	nested_a_in_b	1-1	3	False	41	0.102	0.174	gain	FP	FP
chr8	81440843	81447883	7040	33	1	0	8	nested_a_in_b	nested_a_in_b	1-1	3	False	42	0.14	0.174	gain	FP	FP
chr8	81441268	81447883	6615	38	1	0	6	nested_a_in_b	nested_a_in_b	1-1	3	False	45	0.103	0.174	gain	FP	FP
chr8	81441418	81447883	6465	39	1	0	8	nested_a_in_b	nested_a_in_b	1-1	3	False	48	0.138	0.174	gain	FP	FP
chr8	81441664	81447883	6219	36	1	0	6	nested_a_in_b	nested_a_in_b	1-1	3	False	43	0.136	0.174	gain	FP	FP
chr8	81443283	81447883	4600	42	1	0	9	nested_a_in_b	nested_a_in_b	1-1	3	False	52	0.129	0.174	gain	FP	FP
chr8	81443386	81447883	4497	45	1	0	9	nested_a_in_b	nested_a_in_b	1-1	3	False	55	0.129	0.174	gain	FP	FP
chr8	81443478	81447883	4405	44	1	0	9	nested_a_in_b	nested_a_in_b	1-1	3	False	54	0.122	0.174	gain	FP	FP
chr8	81444877	81448631	3754	54	1	0	10	nested_a_in_b	nested_a_in_b	3	1-1	False	65	0.134	0.165	gain	FP	FP
chr8	81444877	81448660	3783	53	1	0	10	nested_a_in_b	nested_a_in_b	3	1-1	False	64	0.134	0.167	gain	FP	FP
chr8	81444877	81449286	4409	49	1	0	10	nested_a_in_b	nested_a_in_b	3	1-1	False	60	0.134	0.154	gain	FP	FP
chr8	81444877	81451107	6230	42	1	0	10	nested_a_in_b	nested_a_in_b	3	1-1	False	53	0.134	0.167	gain	FP	FP
chr8	81444877	81451118	6241	41	2	0	10	nested_a_in_b	nested_a_in_b	3	1-1	False	53	0.134	0.185	gain	FP	FP
chr8	81447883	81469430	21547	11	1	0	5	nested_a_in_b	nested_a_in_b	3	1-1	False	17	0.174	0.196	gain	FP	FP
chr8	81448630	81451118	2488	59	1	0	13	nested_a_in_b	nested_a_in_b	2-1	1-1	False	73	0.156	0.185	gain	FP	FP
chr8	81448630	81451442	2812	57	2	0	13	nested_a_in_b	nested_a_in_b	2-1	3	False	72	0.156	0.194	gain	FP	FP
chr8	81448630	81456034	7404	39	1	0	11	nested_a_in_b	nested_a_in_b	2-1	1-1	False	51	0.156	0.168	gain	FP	FP
chr8	81448630	81469430	20800	12	1	0	7	nested_a_in_b	nested_a_in_b	2-1	1-1	False	20	0.156	0.196	gain	FP	FP
chr8	81448631	81451442	2811	57	2	0	14	nested_a_in_b	nested_a_in_b	1-1	3	False	73	0.165	0.194	gain	FP	FP
chr8	81448660	81451442	2782	56	2	0	14	nested_a_in_b	nested_a_in_b	1-1	3	False	72	0.167	0.194	gain	FP	FP
chr8	81449286	81451442	2156	65	1	0	14	nested_a_in_b	nested_a_in_b	1-1	3	False	80	0.154	0.194	gain	FP	FP
chr8	81450809	81451118	309	70	1	0	16	nested_a_in_b	nested_a_in_b	3	1-1	False	87	0.184	0.185	gain	FP	FP
chr8	81450809	81456034	5225	47	1	0	11	nested_a_in_b	nested_a_in_b	3	1-1	False	59	0.184	0.168	gain	FP	FP
chr8	81450809	81469430	18621	15	1	0	7	nested_a_in_b	nested_a_in_b	3	1-1	False	23	0.184	0.196	gain	FP	FP
chr8	81451107	81451442	335	71	2	0	15	nested_a_in_b	nested_a_in_b	1-1	3	False	88	0.167	0.194	gain	FP	FP
chr8	81452495	81456034	3539	53	1	0	11	nested_a_in_b	nested_a_in_b	2-1	1-1	False	65	0.153	0.168	gain	FP	FP
chr8	81452495	81469430	16935	20	1	0	7	nested_a_in_b	nested_a_in_b	2-1	1-1	False	28	0.153	0.196	gain	FP	FP
chr8	81452668	81456034	3366	56	1	0	11	nested_a_in_b	nested_a_in_b	2-1	1-1	False	68	0.153	0.168	gain	FP	FP
chr8	81452668	81465297	12629	30	1	0	7	nested_a_in_b	nested_a_in_b	2-1	1-1	False	38	0.153	0.136	gain	FP	FP
chr8	81452668	81469430	16762	22	1	0	7	nested_a_in_b	nested_a_in_b	2-1	1-1	False	30	0.153	0.196	gain	FP	FP
chr8	81452940	81455481	2541	65	1	0	10	nested_a_in_b	nested_a_in_b	2-1	1-1	False	76	0.137	0.139	gain	FP	FP
chr8	81452940	81455541	2601	65	1	0	9	nested_a_in_b	nested_a_in_b	2-1	1-1	False	75	0.137	0.13	gain	FP	FP
chr8	81452940	81456034	3094	60	2	0	10	nested_a_in_b	nested_a_in_b	2-1	1-1	False	72	0.137	0.168	gain	FP	FP
chr8	81452940	81457473	4533	58	1	0	10	nested_a_in_b	nested_a_in_b	2-1	3	False	69	0.137	0.17	gain	FP	FP
chr8	81452940	81465297	12357	31	1	0	7	nested_a_in_b	nested_a_in_b	2-1	1-1	False	39	0.137	0.136	gain	FP	FP
chr8	81452940	81469430	16490	23	1	0	7	nested_a_in_b	nested_a_in_b	2-1	1-1	False	31	0.137	0.196	gain	FP	FP
chr8	81453981	81457473	3492	60	1	0	10	nested_a_in_b	nested_a_in_b	1-1	3	False	71	0.121	0.17	gain	FP	FP
chr8	81457473	81465297	7824	44	1	0	8	nested_a_in_b	nested_a_in_b	3	1-1	False	53	0.17	0.136	gain	FP	FP
chr8	81457473	81467265	9792	36	1	0	8	nested_a_in_b	nested_a_in_b	3	1-1	False	45	0.17	0.172	gain	FP	FP
chr8	81457473	81469430	11957	33	1	0	8	nested_a_in_b	nested_a_in_b	3	1-1	False	42	0.17	0.196	gain	FP	FP
chr8	81979269	81991835	12566	27	1	0	7	nested_a_in_b	nested_a_in_b	1-1	2-1	False	35	0.191	0.186	gain	FP	FP
chr8	81979269	81992164	12895	27	1	0	7	nested_a_in_b	nested_a_in_b	1-1	2-1	False	35	0.191	0.183	gain	FP	FP
chr8	81992058	82013738	21680	8	1	0	4	nested_a_in_b	nested_a_in_b	1-1	2-1	False	13	0.167	0.211	gain	FP	FP
chr8	81992513	82013738	21225	8	1	0	5	nested_a_in_b	nested_a_in_b	1-1	2-1	False	14	0.205	0.211	gain	FP	FP
chr8	81993971	82013738	19767	9	1	0	5	nested_a_in_b	nested_a_in_b	1-1	2-1	False	15	0.202	0.211	gain	FP	FP
chr8	81994866	81997114	2248	56	3	0	12	nested_a_in_b	nested_a_in_b	1-1	2-1	False	71	0.167	0.161	gain	FP	FP
chr8	81994866	82013056	18190	12	1	0	1	sparse	nested_a_in_b	1-1	2-1	False	14	0.167	0.143	gain	FP	FP
chr8	81994866	82013738	18872	11	3	0	5	nested_a_in_b	nested_a_in_b	1-1	2-1	False	19	0.167	0.211	gain	FP	FP
chr8	81994866	82017026	22160	9	2	0	4	nested_a_in_b	nested_a_in_b	1-1	2-1	False	15	0.167	0.23	gain	FP	FP
chr8	81994866	82024830	29964	2	2	0	3	nested_a_in_b	nested_a_in_b	1-1	2-1	False	7	0.167	0.171	gain	FP	FP
chr8	81994866	82035556	40690	1	2	0	3	nested_a_in_b	nested_a_in_b	1-1	2-1	False	6	0.167	0.179	gain	FP	FP
chr8	81994866	82035715	40849	1	2	0	3	nested_a_in_b	nested_a_in_b	1-1	2-1	False	6	0.167	0.179	gain	FP	FP
chr8	81994866	82036734	41868	1	2	0	3	nested_a_in_b	nested_a_in_b	1-1	2-1	False	6	0.167	0.19	gain	FP	FP
chr8	81994866	82037334	42468	1	2	0	3	nested_a_in_b	nested_a_in_b	1-1	2-1	False	6	0.167	0.208	gain	FP	FP
chr8	81994866	82037650	42784	1	2	0	3	nested_a_in_b	nested_a_in_b	1-1	2-1	False	6	0.167	0.182	gain	FP	FP
chr8	82016349	82036793	20444	13	1	0	3	nested_a_in_b	nested_a_in_b	2-1	1-1	False	17	0.163	0.177	gain	FP	FP
chr8	82016349	82036888	20539	13	2	0	3	nested_a_in_b	nested_a_in_b	2-1	1-1	False	18	0.163	0.198	gain	FP	FP
chr8	82024830	82036888	12058	31	1	0	6	nested_a_in_b	nested_a_in_b	2-1	1-1	False	38	0.171	0.198	gain	FP	FP
chr8	82031013	82036888	5875	50	2	0	8	nested_a_in_b	nested_a_in_b	2-1	1-1	False	60	0.13	0.198	gain	FP	FP
chr8	82036793	82037334	541	73	1	0	16	nested_a_in_b	nested_a_in_b	1-1	2-1	False	90	0.177	0.208	gain	FP	FP
chr8	82036793	82037629	836	69	1	0	15	nested_a_in_b	nested_a_in_b	1-1	2-1	False	85	0.177	0.194	gain	FP	FP
chr8	82036793	82038509	1716	59	1	0	10	nested_a_in_b	nested_a_in_b	1-1	2-1	False	70	0.177	0.186	gain	FP	FP
chr8	82036793	82040240	3447	52	2	0	9	nested_a_in_b	nested_a_in_b	1-1	2-1	False	63	0.177	0.175	gain	FP	FP
chr8	82036793	82040636	3843	49	2	0	8	nested_a_in_b	nested_a_in_b	1-1	2-1	False	59	0.177	0.194	gain	FP	FP
chr8	82036793	82041315	4522	47	1	0	8	nested_a_in_b	nested_a_in_b	1-1	2-1	False	56	0.177	0.16	gain	FP	FP
chr8	82036793	82041402	4609	46	1	0	8	nested_a_in_b	nested_a_in_b	1-1	2-1	False	55	0.177	0.163	gain	FP	FP
chr8	82036793	82041449	4656	45	1	0	5	nested_a_in_b	nested_a_in_b	1-1	2-1	False	51	0.177	0.124	gain	FP	FP
chr8	82036793	82041516	4723	43	3	0	8	nested_a_in_b	nested_a_in_b	1-1	2-1	False	54	0.177	0.187	gain	FP	FP
chr8	82036793	82041559	4766	45	1	0	8	nested_a_in_b	nested_a_in_b	1-1	2-1	False	54	0.177	0.152	gain	FP	FP
chr8	82036793	82041578	4785	41	1	0	8	nested_a_in_b	nested_a_in_b	1-1	2-1	False	50	0.177	0.17	gain	FP	FP
chr8	82036793	82042097	5304	45	1	0	8	nested_a_in_b	nested_a_in_b	1-1	2-1	False	54	0.177	0.16	gain	FP	FP
chr8	82036793	82042152	5359	45	1	0	6	nested_a_in_b	nested_a_in_b	1-1	2-1	False	52	0.177	0.144	gain	FP	FP
chr8	82036793	82042449	5656	45	1	0	6	nested_a_in_b	nested_a_in_b	1-1	2-1	False	52	0.177	0.156	gain	FP	FP
chr8	82036793	82042669	5876	43	2	0	6	nested_a_in_b	nested_a_in_b	1-1	2-1	False	51	0.177	0.167	gain	FP	FP
chr8	82036793	82043140	6347	40	2	0	6	nested_a_in_b	nested_a_in_b	1-1	2-1	False	48	0.177	0.174	gain	FP	FP
chr8	82036793	82043212	6419	41	1	0	6	nested_a_in_b	nested_a_in_b	1-1	2-1	False	48	0.177	0.187	gain	FP	FP
chr8	82036793	82043816	7023	38	1	0	6	nested_a_in_b	nested_a_in_b	1-1	2-1	False	45	0.177	0.175	gain	FP	FP
chr8	82036793	82044264	7471	39	1	0	5	nested_a_in_b	nested_a_in_b	1-1	2-1	False	45	0.177	0.147	gain	FP	FP
chr8	82036793	82044380	7587	37	1	0	6	nested_a_in_b	nested_a_in_b	1-1	2-1	False	44	0.177	0.163	gain	FP	FP
chr8	82036793	82046162	9369	35	1	0	6	nested_a_in_b	nested_a_in_b	1-1	2-1	False	42	0.177	0.175	gain	FP	FP
chr8	82067495	82082127	14632	18	1	0	6	nested_a_in_b	nested_a_in_b	1-1	2-1	False	25	0.154	0.196	gain	FP	FP
chr8	82067495	82088857	21362	11	1	0	2	nested_a_in_b	nested_a_in_b	1-1	2-1	False	14	0.154	0.194	gain	FP	FP
chr8	82068838	82082127	13289	19	1	0	8	nested_a_in_b	nested_a_in_b	1-1	2-1	False	28	0.171	0.196	gain	FP	FP
chr8	82068838	82088857	20019	12	1	0	3	nested_a_in_b	nested_a_in_b	1-1	2-1	False	16	0.171	0.194	gain	FP	FP
chr8	82069122	82082127	13005	18	1	0	8	nested_a_in_b	nested_a_in_b	1-1	2-1	False	27	0.187	0.196	gain	FP	FP
chr8	82069122	82088857	19735	11	1	0	3	nested_a_in_b	nested_a_in_b	1-1	2-1	False	15	0.187	0.194	gain	FP	FP
chr8	82069964	82082127	12163	19	1	0	7	nested_a_in_b	nested_a_in_b	1-1	2-1	False	27	0.147	0.196	gain	FP	FP
chr8	82069964	82088857	18893	12	1	0	3	nested_a_in_b	nested_a_in_b	1-1	2-1	False	16	0.147	0.194	gain	FP	FP
chr8	82070433	82074434	4001	42	1	0	12	nested_a_in_b	nested_a_in_b	1-1	3	False	55	0.163	0.18	gain	FP	FP
chr8	82070433	82081132	10699	24	1	0	7	nested_a_in_b	nested_a_in_b	1-1	2-1	False	32	0.163	0.146	gain	FP	FP
chr8	82070433	82081539	11106	24	1	0	8	nested_a_in_b	nested_a_in_b	1-1	2-1	False	33	0.163	0.167	gain	FP	FP
chr8	82070433	82082069	11636	23	1	0	8	nested_a_in_b	nested_a_in_b	1-1	2-1	False	32	0.163	0.168	gain	FP	FP
chr8	82070433	82082127	11694	19	2	0	8	nested_a_in_b	nested_a_in_b	1-1	2-1	False	29	0.163	0.196	gain	FP	FP
chr8	82070433	82086174	15741	17	1	0	7	nested_a_in_b	nested_a_in_b	1-1	2-1	False	25	0.163	0.184	gain	FP	FP
chr8	82070433	82088857	18424	12	1	0	3	nested_a_in_b	nested_a_in_b	1-1	2-1	False	16	0.163	0.194	gain	FP	FP
chr8	82071072	82082127	11055	20	1	0	7	nested_a_in_b	nested_a_in_b	1-1	2-1	False	28	0.157	0.196	gain	FP	FP
chr8	82071072	82088857	17785	13	1	0	3	nested_a_in_b	nested_a_in_b	1-1	2-1	False	17	0.157	0.194	gain	FP	FP
chr8	82073055	82082127	9072	26	1	0	10	nested_a_in_b	nested_a_in_b	1-1	2-1	False	37	0.182	0.196	gain	FP	FP
chr8	82073055	82088857	15802	15	1	0	4	nested_a_in_b	nested_a_in_b	1-1	2-1	False	20	0.182	0.194	gain	FP	FP
chr8	82074434	82082127	7693	33	1	0	9	nested_a_in_b	nested_a_in_b	3	2-1	False	43	0.18	0.196	gain	FP	FP
chr8	82074434	82088857	14423	19	1	0	3	nested_a_in_b	nested_a_in_b	3	2-1	False	23	0.18	0.194	gain	FP	FP
chr8	82086174	82107449	21275	15	1	0	1	sparse	nested_a_in_b	2-1	1-1	False	17	0.184	0.093	gain	FP	FP
chr8	82088123	82107449	19326	20	1	0	2	nested_a_in_b	nested_a_in_b	2-1	1-1	False	23	0.135	0.093	gain	FP	FP
chr8	82088857	82107449	18592	21	1	0	2	nested_a_in_b	nested_a_in_b	2-1	1-1	False	24	0.194	0.093	gain	FP	FP
chr8	82089802	82107449	17647	23	1	0	2	nested_a_in_b	nested_a_in_b	2-1	1-1	False	26	0.141	0.093	gain	FP	FP
chr8	82090068	82107449	17381	23	1	0	2	nested_a_in_b	nested_a_in_b	2-1	1-1	False	26	0.143	0.093	gain	FP	FP
chr8	82100856	82107449	6593	60	1	0	6	nested_a_in_b	nested_a_in_b	3	1-1	False	67	0.135	0.093	gain	FP	FP
chr8	82100856	82117122	16266	26	1	0	2	nested_a_in_b	nested_a_in_b	3	1-1	False	29	0.135	0.093	gain	FP	FP
chr8	82100856	82121251	20395	21	1	0	2	nested_a_in_b	nested_a_in_b	3	1-1	False	24	0.135	0.169	gain	FP	FP
chr8	82829168	82849640	20472	8	2	0	2	nested_a_in_b	nested_a_in_b	2-1	1-1	False	12	0.146	0.218	gain	FP	FP
chr8	82831292	82849640	18348	13	2	0	3	nested_a_in_b	nested_a_in_b	2-1	1-1	False	18	0.155	0.218	gain	FP	FP
chr8	82844652	82855568	10916	35	1	0	9	nested_a_in_b	nested_a_in_b	2-1	1-1	False	45	0.2	0.202	gain	FP	FP
chr8	82844652	82862197	17545	18	1	0	9	nested_a_in_b	nested_a_in_b	2-1	1-1	False	28	0.2	0.187	gain	FP	FP
chr8	82844652	82863112	18460	19	1	0	9	nested_a_in_b	nested_a_in_b	2-1	1-1	False	29	0.2	0.175	gain	FP	FP
chr8	82844652	82863512	18860	19	1	0	8	nested_a_in_b	nested_a_in_b	2-1	1-1	False	28	0.2	0.192	gain	FP	FP
chr8	82844652	82871812	27160	8	1	0	5	nested_a_in_b	nested_a_in_b	2-1	1-1	False	14	0.2	0.262	gain	FP	FP
chr8	83116482	83144326	27844	4	1	0	1	sparse	nested_a_in_b	2-1	1-1	False	6	0.139	0.207	gain	FP	FP
chr8	83122812	83144326	21514	8	1	0	2	nested_a_in_b	nested_a_in_b	2-1	1-1	False	11	0.198	0.207	gain	FP	FP
chr8	83137366	83138045	679	72	1	0	14	nested_a_in_b	nested_a_in_b	2-1	3	False	87	0.179	0.178	gain	FP	FP
chr8	83137366	83138657	1291	67	1	0	13	nested_a_in_b	nested_a_in_b	2-1	1-1	False	81	0.179	0.185	gain	FP	FP
chr8	83137366	83144029	6663	44	2	0	5	nested_a_in_b	nested_a_in_b	2-1	1-1	False	51	0.179	0.186	gain	FP	FP
chr8	83137366	83144326	6960	41	1	0	5	nested_a_in_b	nested_a_in_b	2-1	1-1	False	47	0.179	0.207	gain	FP	FP
chr8	83137861	83144029	6168	44	2	0	5	nested_a_in_b	nested_a_in_b	2-1	1-1	False	51	0.178	0.186	gain	FP	FP
chr8	83137861	83144326	6465	41	1	0	5	nested_a_in_b	nested_a_in_b	2-1	1-1	False	47	0.178	0.207	gain	FP	FP
chr8	83138045	83144029	5984	45	2	0	5	nested_a_in_b	nested_a_in_b	3	1-1	False	52	0.178	0.186	gain	FP	FP
chr8	83138045	83144326	6281	42	1	0	5	nested_a_in_b	nested_a_in_b	3	1-1	False	48	0.178	0.207	gain	FP	FP
chr8	88074311	88091097	16786	16	1	0	2	nested_a_in_b	nested_a_in_b	2-1	1-1	False	19	0.122	0.118	loh	FP	FP
chr8	88076807	88091097	14290	19	1	0	2	nested_a_in_b	nested_a_in_b	2-1	1-1	False	22	0.119	0.118	loh	FP	FP
chr8	88078472	88091097	12625	22	1	0	2	nested_a_in_b	nested_a_in_b	2-1	1-1	False	25	0.091	0.118	loh	FP	FP
chr8	88091097	88098375	7278	35	1	0	4	nested_a_in_b	nested_a_in_b	1-1	3	False	40	0.118	0.122	loh	FP	FP
chr8	88091097	88101185	10088	31	1	0	3	nested_a_in_b	nested_a_in_b	1-1	3	False	35	0.118	0.099	loh	FP	FP
chr8	88093387	88098375	4988	42	1	0	5	nested_a_in_b	nested_a_in_b	1-1	3	False	48	0.1	0.122	loh	FP	FP
chr8	88093387	88101185	7798	38	1	0	4	nested_a_in_b	nested_a_in_b	1-1	3	False	43	0.1	0.099	loh	FP	FP
chr8	88267351	88291102	23751	6	3	0	1	mutual_excl	nested_a_in_b	2-1	1-1	False	10	0.1	0.288	loh	FP	TP
chr8	88658014	88663422	5408	39	2	0	6	nested_a_in_b	nested_a_in_b	1-1	3	False	47	0.139	0.165	loh	FP	FP
chr8	92671326	92702680	31354	6	1	0	2	nested_a_in_b	nested_a_in_b	1-1	3	False	9	0.202	0.403	loh	TP	TP
chr8	93595774	93606782	11008	35	1	0	1	sparse	nested_a_in_b	3	1-1	False	37	0.066	0.088	loh	FP	FP
chr8	93962228	93972577	10349	33	1	0	10	nested_a_in_b	nested_a_in_b	1-1	3	False	44	0.215	0.212	loh	FP	FP
chr8	93962228	93973553	11325	32	1	0	10	nested_a_in_b	nested_a_in_b	1-1	3	False	43	0.215	0.204	loh	FP	FP
chr8	93963743	93972577	8834	35	1	0	10	nested_a_in_b	nested_a_in_b	1-1	3	False	46	0.214	0.212	loh	FP	FP
chr8	93963743	93973553	9810	33	1	0	10	nested_a_in_b	nested_a_in_b	1-1	3	False	44	0.214	0.204	loh	FP	FP
chr8	93972527	93981592	9065	30	1	0	14	nested_a_in_b	nested_a_in_b	3	1-1	False	45	0.186	0.229	loh	FP	FP
chr8	93972527	93982845	10318	29	1	0	12	nested_a_in_b	nested_a_in_b	3	1-1	False	42	0.186	0.21	loh	FP	FP
chr8	93972577	93982845	10268	29	1	0	12	nested_a_in_b	nested_a_in_b	3	1-1	False	42	0.212	0.21	loh	FP	FP
chr8	93983983	93984105	122	89	8	0	11	nested_a_in_b	nested_a_in_b	3	1-1	False	108	0.108	0.186	loh	FP	FP
chr8	93983983	93985656	1673	75	7	0	11	nested_a_in_b	nested_a_in_b	3	1-1	False	93	0.108	0.196	loh	FP	FP
chr8	93983983	93985881	1898	72	5	0	11	nested_a_in_b	nested_a_in_b	3	1-1	False	88	0.108	0.189	loh	FP	FP
chr8	93983983	93986073	2090	69	7	0	11	nested_a_in_b	nested_a_in_b	3	1-1	False	87	0.108	0.211	loh	FP	FP
chr8	93983983	93993661	9678	31	5	0	5	nested_a_in_b	nested_a_in_b	3	2-1	False	41	0.108	0.214	loh	FP	FP
chr8	93985881	93993661	7780	38	1	0	10	nested_a_in_b	nested_a_in_b	1-1	2-1	False	49	0.189	0.214	loh	FP	FP
chr8	99815931	99825495	9564	25	1	0	6	nested_a_in_b	nested_a_in_b	3	1-1	False	32	0.154	0.15	loh	FP	FP
chr8	99816179	99825495	9316	26	1	0	6	nested_a_in_b	nested_a_in_b	3	1-1	False	33	0.127	0.15	loh	FP	FP
chr8	99820672	99825495	4823	34	1	0	8	nested_a_in_b	nested_a_in_b	3	1-1	False	43	0.139	0.15	loh	FP	FP
chr8	99820672	99827449	6777	28	1	0	6	nested_a_in_b	nested_a_in_b	3	1-1	False	35	0.139	0.134	loh	FP	FP
chr8	99820672	99832232	11560	23	1	0	4	nested_a_in_b	nested_a_in_b	3	1-1	False	28	0.139	0.129	loh	FP	FP
chr8	107547476	107572168	24692	1	14	0	6	nested_a_in_b	nested_a_in_b	3	2-1	False	21	0.185	0.979	gain	TP	TP
chr8	107547476	107592172	44696	3	1	0	2	nested_a_in_b	nested_a_in_b	3	2-1	False	6	0.185	0.235	gain	TP	TP
chr8	113165758	113181101	15343	30	2	0	3	nested_a_in_b	nested_a_in_b	1-1	2-1	False	35	0.079	0.084	gain	FP	FP
chr8	113165758	113184237	18479	26	2	0	2	nested_a_in_b	nested_a_in_b	1-1	2-1	False	30	0.079	0.065	gain	FP	FP
chr8	113166028	113181101	15073	31	2	0	5	nested_a_in_b	nested_a_in_b	1-1	2-1	False	38	0.094	0.084	gain	FP	FP
chr8	113233266	113254358	21092	15	4	0	2	nested_a_in_b	nested_a_in_b	2-1	3	False	21	0.136	0.38	gain	TP	TP
chr8	122011554	122015806	4252	85	1	0	6	nested_a_in_b	nested_a_in_b	1-1	3	False	92	0.108	0.094	gain	FP	FP
chr8	122011554	122016520	4966	87	2	0	6	nested_a_in_b	nested_a_in_b	1-1	3	False	95	0.108	0.107	gain	FP	FP
chr8	122011784	122016520	4736	86	1	0	7	nested_a_in_b	nested_a_in_b	1-1	3	False	94	0.121	0.107	gain	FP	FP
chr8	122011933	122016520	4587	89	1	0	7	nested_a_in_b	nested_a_in_b	1-1	3	False	97	0.119	0.107	gain	FP	FP
chr8	122012240	122016520	4280	88	1	0	7	nested_a_in_b	nested_a_in_b	1-1	3	False	96	0.123	0.107	gain	FP	FP
chr8	122012328	122015806	3478	87	1	0	5	nested_a_in_b	nested_a_in_b	1-1	3	False	93	0.101	0.094	gain	FP	FP
chr8	122012328	122016520	4192	89	2	0	5	nested_a_in_b	nested_a_in_b	1-1	3	False	96	0.101	0.107	gain	FP	FP
chr8	122012736	122016520	3784	88	1	0	9	nested_a_in_b	nested_a_in_b	1-1	3	False	98	0.104	0.107	gain	FP	FP
chr8	122014688	122016520	1832	107	1	0	13	nested_a_in_b	nested_a_in_b	1-1	3	False	121	0.104	0.107	gain	FP	FP
chr8	122014739	122016520	1781	113	1	0	13	nested_a_in_b	nested_a_in_b	1-1	3	False	127	0.099	0.107	gain	FP	FP
chr8	132549922	132556685	6763	67	1	0	17	nested_a_in_b	nested_a_in_b	2-1	3	False	85	0.197	0.178	gain	TP	TP
chr8	144847587	144864241	16654	30	2	0	13	nested_a_in_b	nested_a_in_b	2-1	3	False	45	0.274	0.352	gain	TP	TP
chr8	144919296	144929114	9818	45	1	0	17	nested_a_in_b	nested_a_in_b	2-1	3	False	63	0.318	0.335	gain	TP	TP
chr13	91398955	91416668	17713	1	5	0	10	nested_a_in_b	nested_a_in_b	3	1-1	False	16	0.589	0.854	loh	TP	TP
chr18	5853895	5882429	28534	0	6	0	2	nested_a_in_b	nested_a_in_b	1-1	3	False	8	0.547	0.983	loh	TP	TP
chr18	28647042	28664222	17180	16	7	0	3	nested_a_in_b	nested_a_in_b	1-1	3	False	26	0.246	0.514	gain	TP	TP
chr18	47204874	47233933	29059	7	1	0	1	sparse	nested_a_in_b	2-1	1-1	False	9	0.245	0.5	gain	TP	TP
chr18	79691483	79714627	23144	3	2	0	3	nested_a_in_b	nested_a_in_b	1-1	2-1	False	8	0.132	0.556	loss	FP	TP
chr4	86769842	86783144	13302	12	6	0	1	mutual_excl	nested_a_in_b	1-1	3	False	19	0.169	0.5	gain	TP	TP
chr4	98981391	98998380	16989	14	4	0	5	nested_a_in_b	nested_a_in_b	1-1	3	False	23	0.261	0.385	gain	TP	TP
chr4	98986435	98998380	11945	24	5	0	8	nested_a_in_b	nested_a_in_b	1-1	3	False	37	0.233	0.385	gain	TP	TP
chr4	115345892	115367362	21470	12	3	0	4	nested_a_in_b	nested_a_in_b	3	1-1	False	19	0.289	0.402	gain	TP	TP
chr4	157468140	157478742	10602	0	12	0	6	nested_a_in_b	nested_a_in_b	3	1-1	False	18	0.439	0.981	loh	TP	TP
chr4	171519192	171533190	13998	0	6	0	9	nested_a_in_b	nested_a_in_b	3	2-1	False	15	0.587	0.98	loh	TP	TP
chr9	128974943	128991753	16810	18	2	0	2	nested_a_in_b	nested_a_in_b	2-1	1-1	False	22	0.153	0.193	loh	FP	TP
chr14	20281418	20318240	36822	4	1	0	1	sparse	nested_a_in_b	2-1	3	False	6	0.227	0.5	gain	TP	TP
chr14	50170166	50199289	29123	6	1	0	6	nested_a_in_b	nested_a_in_b	3	1-1	False	13	0.407	0.46	gain	TP	TP
chr14	55078269	55105689	27420	6	1	0	3	nested_a_in_b	nested_a_in_b	2-1	1-1	False	10	0.417	0.265	gain	TP	TP
chr14	106258051	106275683	17632	0	3	0	8	nested_a_in_b	nested_a_in_b	3	1-1	False	11	0.256	0.959	gain	FP	TP
chr14	106258051	106279145	21094	0	2	0	6	nested_a_in_b	nested_a_in_b	3	1-1	False	8	0.256	1.0	gain	FP	TP
chr14	106258051	106280839	22788	0	2	0	6	nested_a_in_b	nested_a_in_b	3	1-1	False	8	0.256	0.943	gain	FP	TP
chr14	106258051	106284815	26764	0	1	0	6	nested_a_in_b	nested_a_in_b	3	1-1	False	7	0.256	1.0	gain	FP	TP
chr14	106258051	106284909	26858	0	1	0	6	nested_a_in_b	nested_a_in_b	3	1-1	False	7	0.256	0.941	gain	FP	TP
chr14	106258051	106289177	31126	0	1	0	5	nested_a_in_b	nested_a_in_b	3	1-1	False	6	0.256	0.977	gain	FP	TP
chr14	106258051	106289571	31520	0	1	0	5	nested_a_in_b	nested_a_in_b	3	1-1	False	6	0.256	0.988	gain	FP	TP
chr14	106258296	106275683	17387	0	4	0	7	nested_a_in_b	nested_a_in_b	3	1-1	False	11	0.222	0.959	gain	FP	TP
chr14	106258296	106279145	20849	0	3	0	5	nested_a_in_b	nested_a_in_b	3	1-1	False	8	0.222	1.0	gain	FP	TP
chr14	106258296	106280839	22543	0	3	0	3	nested_a_in_b	nested_a_in_b	3	1-1	False	6	0.222	0.943	gain	FP	TP
chr14	106258296	106284815	26519	0	2	0	4	nested_a_in_b	nested_a_in_b	3	1-1	False	6	0.222	1.0	gain	FP	TP
chr14	106258296	106284909	26613	0	2	0	4	nested_a_in_b	nested_a_in_b	3	1-1	False	6	0.222	0.941	gain	FP	TP
chr14	106258296	106289177	30881	0	2	0	4	nested_a_in_b	nested_a_in_b	3	1-1	False	6	0.222	0.977	gain	FP	TP
chr14	106258296	106289571	31275	0	2	0	4	nested_a_in_b	nested_a_in_b	3	1-1	False	6	0.222	0.988	gain	FP	TP
chr14	106258358	106275683	17325	0	3	0	11	nested_a_in_b	nested_a_in_b	3	1-1	False	14	0.263	0.959	gain	FP	TP
chr14	106258358	106279145	20787	0	2	0	8	nested_a_in_b	nested_a_in_b	3	1-1	False	10	0.263	1.0	gain	FP	TP
chr14	106258358	106280839	22481	0	2	0	6	nested_a_in_b	nested_a_in_b	3	1-1	False	8	0.263	0.943	gain	FP	TP
chr14	106258358	106284815	26457	0	1	0	7	nested_a_in_b	nested_a_in_b	3	1-1	False	8	0.263	1.0	gain	FP	TP
chr14	106258358	106284909	26551	0	1	0	7	nested_a_in_b	nested_a_in_b	3	1-1	False	8	0.263	0.941	gain	FP	TP
chr14	106258358	106289177	30819	0	1	0	6	nested_a_in_b	nested_a_in_b	3	1-1	False	7	0.263	0.977	gain	FP	TP
chr14	106258358	106289571	31213	0	1	0	6	nested_a_in_b	nested_a_in_b	3	1-1	False	7	0.263	0.988	gain	FP	TP
chr14	106258566	106275683	17117	0	6	0	9	nested_a_in_b	nested_a_in_b	3	1-1	False	15	0.234	0.959	gain	FP	TP
chr14	106258566	106279145	20579	0	4	0	6	nested_a_in_b	nested_a_in_b	3	1-1	False	10	0.234	1.0	gain	FP	TP
chr14	106258566	106280839	22273	0	4	0	4	nested_a_in_b	nested_a_in_b	3	1-1	False	8	0.234	0.943	gain	FP	TP
chr14	106258566	106284815	26249	0	3	0	5	nested_a_in_b	nested_a_in_b	3	1-1	False	8	0.234	1.0	gain	FP	TP
chr14	106258566	106284909	26343	0	3	0	5	nested_a_in_b	nested_a_in_b	3	1-1	False	8	0.234	0.941	gain	FP	TP
chr14	106258566	106289177	30611	0	3	0	4	nested_a_in_b	nested_a_in_b	3	1-1	False	7	0.234	0.977	gain	FP	TP
chr14	106258566	106289571	31005	0	3	0	4	nested_a_in_b	nested_a_in_b	3	1-1	False	7	0.234	0.988	gain	FP	TP
chr14	106258924	106275683	16759	0	5	0	12	nested_a_in_b	nested_a_in_b	3	1-1	False	17	0.255	0.959	gain	FP	TP
chr14	106258924	106279145	20221	0	4	0	7	nested_a_in_b	nested_a_in_b	3	1-1	False	11	0.255	1.0	gain	FP	TP
chr14	106258924	106280839	21915	0	4	0	4	nested_a_in_b	nested_a_in_b	3	1-1	False	8	0.255	0.943	gain	FP	TP
chr14	106258924	106284815	25891	0	3	0	5	nested_a_in_b	nested_a_in_b	3	1-1	False	8	0.255	1.0	gain	FP	TP
chr14	106258924	106284909	25985	0	3	0	5	nested_a_in_b	nested_a_in_b	3	1-1	False	8	0.255	0.941	gain	FP	TP
chr14	106258924	106289177	30253	0	3	0	4	nested_a_in_b	nested_a_in_b	3	1-1	False	7	0.255	0.977	gain	FP	TP
chr14	106258924	106289571	30647	0	3	0	4	nested_a_in_b	nested_a_in_b	3	1-1	False	7	0.255	0.988	gain	FP	TP
chr14	106258941	106275683	16742	0	4	0	11	nested_a_in_b	nested_a_in_b	3	1-1	False	15	0.237	0.959	gain	FP	TP
chr14	106258941	106279145	20204	0	3	0	7	nested_a_in_b	nested_a_in_b	3	1-1	False	10	0.237	1.0	gain	FP	TP
chr14	106258941	106280839	21898	0	3	0	4	nested_a_in_b	nested_a_in_b	3	1-1	False	7	0.237	0.943	gain	FP	TP
chr14	106258941	106284815	25874	0	2	0	5	nested_a_in_b	nested_a_in_b	3	1-1	False	7	0.237	1.0	gain	FP	TP
chr14	106258941	106284909	25968	0	2	0	5	nested_a_in_b	nested_a_in_b	3	1-1	False	7	0.237	0.941	gain	FP	TP
chr14	106258941	106289177	30236	0	2	0	4	nested_a_in_b	nested_a_in_b	3	1-1	False	6	0.237	0.977	gain	FP	TP
chr14	106258941	106289571	30630	0	2	0	4	nested_a_in_b	nested_a_in_b	3	1-1	False	6	0.237	0.988	gain	FP	TP
chr14	106259057	106275683	16626	0	5	0	12	nested_a_in_b	nested_a_in_b	3	1-1	False	17	0.273	0.959	gain	FP	TP
chr14	106259057	106279145	20088	0	3	0	8	nested_a_in_b	nested_a_in_b	3	1-1	False	11	0.273	1.0	gain	FP	TP
chr14	106259057	106280839	21782	0	3	0	5	nested_a_in_b	nested_a_in_b	3	1-1	False	8	0.273	0.943	gain	FP	TP
chr14	106259057	106284815	25758	0	2	0	6	nested_a_in_b	nested_a_in_b	3	1-1	False	8	0.273	1.0	gain	FP	TP
chr14	106259057	106284909	25852	0	2	0	6	nested_a_in_b	nested_a_in_b	3	1-1	False	8	0.273	0.941	gain	FP	TP
chr14	106259057	106289177	30120	0	2	0	5	nested_a_in_b	nested_a_in_b	3	1-1	False	7	0.273	0.977	gain	FP	TP
chr14	106259057	106289571	30514	0	2	0	5	nested_a_in_b	nested_a_in_b	3	1-1	False	7	0.273	0.988	gain	FP	TP
chr14	106259259	106275683	16424	0	4	0	13	nested_a_in_b	nested_a_in_b	3	1-1	False	17	0.273	0.959	gain	FP	TP
chr14	106259259	106279145	19886	0	3	0	8	nested_a_in_b	nested_a_in_b	3	1-1	False	11	0.273	1.0	gain	FP	TP
chr14	106259259	106280839	21580	0	3	0	5	nested_a_in_b	nested_a_in_b	3	1-1	False	8	0.273	0.943	gain	FP	TP
chr14	106259259	106284815	25556	0	2	0	6	nested_a_in_b	nested_a_in_b	3	1-1	False	8	0.273	1.0	gain	FP	TP
chr14	106259259	106284909	25650	0	2	0	6	nested_a_in_b	nested_a_in_b	3	1-1	False	8	0.273	0.941	gain	FP	TP
chr14	106259259	106289177	29918	0	2	0	5	nested_a_in_b	nested_a_in_b	3	1-1	False	7	0.273	0.977	gain	FP	TP
chr14	106259259	106289571	30312	0	2	0	5	nested_a_in_b	nested_a_in_b	3	1-1	False	7	0.273	0.988	gain	FP	TP
chr14	106259291	106275683	16392	0	3	0	12	nested_a_in_b	nested_a_in_b	3	1-1	False	15	0.277	0.959	gain	FP	TP
chr14	106259291	106279145	19854	0	3	0	8	nested_a_in_b	nested_a_in_b	3	1-1	False	11	0.277	1.0	gain	FP	TP
chr14	106259291	106280839	21548	0	3	0	5	nested_a_in_b	nested_a_in_b	3	1-1	False	8	0.277	0.943	gain	FP	TP
chr14	106259291	106284815	25524	0	2	0	6	nested_a_in_b	nested_a_in_b	3	1-1	False	8	0.277	1.0	gain	FP	TP
chr14	106259291	106284909	25618	0	2	0	6	nested_a_in_b	nested_a_in_b	3	1-1	False	8	0.277	0.941	gain	FP	TP
chr14	106259291	106289177	29886	0	2	0	5	nested_a_in_b	nested_a_in_b	3	1-1	False	7	0.277	0.977	gain	FP	TP
chr14	106259291	106289571	30280	0	2	0	5	nested_a_in_b	nested_a_in_b	3	1-1	False	7	0.277	0.988	gain	FP	TP
chr14	106259298	106275683	16385	0	5	0	12	nested_a_in_b	nested_a_in_b	3	1-1	False	17	0.263	0.959	gain	FP	TP
chr14	106259298	106279145	19847	0	4	0	7	nested_a_in_b	nested_a_in_b	3	1-1	False	11	0.263	1.0	gain	FP	TP
chr14	106259298	106280839	21541	0	4	0	4	nested_a_in_b	nested_a_in_b	3	1-1	False	8	0.263	0.943	gain	FP	TP
chr14	106259298	106284815	25517	0	3	0	5	nested_a_in_b	nested_a_in_b	3	1-1	False	8	0.263	1.0	gain	FP	TP
chr14	106259298	106284909	25611	0	3	0	5	nested_a_in_b	nested_a_in_b	3	1-1	False	8	0.263	0.941	gain	FP	TP
chr14	106259298	106289177	29879	0	2	0	5	nested_a_in_b	nested_a_in_b	3	1-1	False	7	0.263	0.977	gain	FP	TP
chr14	106259298	106289571	30273	0	2	0	5	nested_a_in_b	nested_a_in_b	3	1-1	False	7	0.263	0.988	gain	FP	TP
chr14	106259420	106275683	16263	0	4	0	12	nested_a_in_b	nested_a_in_b	3	1-1	False	16	0.257	0.959	gain	FP	TP
chr14	106259420	106279145	19725	0	3	0	7	nested_a_in_b	nested_a_in_b	3	1-1	False	10	0.257	1.0	gain	FP	TP
chr14	106259420	106280839	21419	0	3	0	4	nested_a_in_b	nested_a_in_b	3	1-1	False	7	0.257	0.943	gain	FP	TP
chr14	106259420	106284815	25395	0	2	0	5	nested_a_in_b	nested_a_in_b	3	1-1	False	7	0.257	1.0	gain	FP	TP
chr14	106259420	106284909	25489	0	2	0	5	nested_a_in_b	nested_a_in_b	3	1-1	False	7	0.257	0.941	gain	FP	TP
chr14	106259420	106288214	28794	0	2	0	4	nested_a_in_b	nested_a_in_b	3	1-1	False	6	0.257	0.912	gain	FP	TP
chr14	106259420	106289177	29757	0	2	0	4	nested_a_in_b	nested_a_in_b	3	1-1	False	6	0.257	0.977	gain	FP	TP
chr14	106259420	106289571	30151	0	2	0	4	nested_a_in_b	nested_a_in_b	3	1-1	False	6	0.257	0.988	gain	FP	TP
chr14	106259445	106275683	16238	0	2	0	15	nested_a_in_b	nested_a_in_b	3	1-1	False	17	0.286	0.959	gain	FP	TP
chr14	106259445	106279145	19700	0	2	0	9	nested_a_in_b	nested_a_in_b	3	1-1	False	11	0.286	1.0	gain	FP	TP
chr14	106259445	106280839	21394	0	2	0	6	nested_a_in_b	nested_a_in_b	3	1-1	False	8	0.286	0.943	gain	FP	TP
chr14	106259445	106284815	25370	0	2	0	6	nested_a_in_b	nested_a_in_b	3	1-1	False	8	0.286	1.0	gain	FP	TP
chr14	106259445	106284909	25464	0	2	0	6	nested_a_in_b	nested_a_in_b	3	1-1	False	8	0.286	0.941	gain	FP	TP
chr14	106259445	106289177	29732	0	2	0	5	nested_a_in_b	nested_a_in_b	3	1-1	False	7	0.286	0.977	gain	FP	TP
chr14	106259445	106289571	30126	0	2	0	5	nested_a_in_b	nested_a_in_b	3	1-1	False	7	0.286	0.988	gain	FP	TP
chr14	106259450	106275683	16233	0	4	0	13	nested_a_in_b	nested_a_in_b	3	1-1	False	17	0.27	0.959	gain	FP	TP
chr14	106259450	106279145	19695	0	3	0	8	nested_a_in_b	nested_a_in_b	3	1-1	False	11	0.27	1.0	gain	FP	TP
chr14	106259450	106280839	21389	0	3	0	5	nested_a_in_b	nested_a_in_b	3	1-1	False	8	0.27	0.943	gain	FP	TP
chr14	106259450	106284815	25365	0	2	0	6	nested_a_in_b	nested_a_in_b	3	1-1	False	8	0.27	1.0	gain	FP	TP
chr14	106259450	106284909	25459	0	2	0	6	nested_a_in_b	nested_a_in_b	3	1-1	False	8	0.27	0.941	gain	FP	TP
chr14	106259450	106289177	29727	0	2	0	5	nested_a_in_b	nested_a_in_b	3	1-1	False	7	0.27	0.977	gain	FP	TP
chr14	106259450	106289571	30121	0	2	0	5	nested_a_in_b	nested_a_in_b	3	1-1	False	7	0.27	0.988	gain	FP	TP
chr14	106259478	106275683	16205	0	4	0	10	nested_a_in_b	nested_a_in_b	3	1-1	False	14	0.26	0.959	gain	FP	TP
chr14	106259478	106279145	19667	0	3	0	6	nested_a_in_b	nested_a_in_b	3	1-1	False	9	0.26	1.0	gain	FP	TP
chr14	106259478	106280839	21361	0	3	0	3	nested_a_in_b	nested_a_in_b	3	1-1	False	6	0.26	0.943	gain	FP	TP
chr14	106259478	106284815	25337	0	2	0	4	nested_a_in_b	nested_a_in_b	3	1-1	False	6	0.26	1.0	gain	FP	TP
chr14	106259478	106284909	25431	0	2	0	4	nested_a_in_b	nested_a_in_b	3	1-1	False	6	0.26	0.941	gain	FP	TP
chr14	106259531	106275683	16152	0	4	0	13	nested_a_in_b	nested_a_in_b	3	1-1	False	17	0.27	0.959	gain	FP	TP
chr14	106259531	106279145	19614	0	3	0	8	nested_a_in_b	nested_a_in_b	3	1-1	False	11	0.27	1.0	gain	FP	TP
chr14	106259531	106280839	21308	0	3	0	5	nested_a_in_b	nested_a_in_b	3	1-1	False	8	0.27	0.943	gain	FP	TP
chr14	106259531	106284815	25284	0	2	0	6	nested_a_in_b	nested_a_in_b	3	1-1	False	8	0.27	1.0	gain	FP	TP
chr14	106259531	106284909	25378	0	2	0	6	nested_a_in_b	nested_a_in_b	3	1-1	False	8	0.27	0.941	gain	FP	TP
chr14	106259531	106289177	29646	0	2	0	5	nested_a_in_b	nested_a_in_b	3	1-1	False	7	0.27	0.977	gain	FP	TP
chr14	106259531	106289571	30040	0	2	0	5	nested_a_in_b	nested_a_in_b	3	1-1	False	7	0.27	0.988	gain	FP	TP
chr14	106259978	106275683	15705	0	5	0	14	nested_a_in_b	nested_a_in_b	3	1-1	False	19	0.316	0.959	gain	FP	TP
chr14	106259978	106279145	19167	0	4	0	8	nested_a_in_b	nested_a_in_b	3	1-1	False	12	0.316	1.0	gain	FP	TP
chr14	106259978	106280839	20861	0	4	0	5	nested_a_in_b	nested_a_in_b	3	1-1	False	9	0.316	0.943	gain	FP	TP
chr14	106259978	106284815	24837	0	3	0	6	nested_a_in_b	nested_a_in_b	3	1-1	False	9	0.316	1.0	gain	FP	TP
chr14	106259978	106284909	24931	0	3	0	6	nested_a_in_b	nested_a_in_b	3	1-1	False	9	0.316	0.941	gain	FP	TP
chr14	106259978	106289177	29199	0	3	0	5	nested_a_in_b	nested_a_in_b	3	1-1	False	8	0.316	0.977	gain	FP	TP
chr14	106259978	106289571	29593	0	3	0	5	nested_a_in_b	nested_a_in_b	3	1-1	False	8	0.316	0.988	gain	FP	TP
chr14	106259978	106290171	30193	0	1	0	5	nested_a_in_b	nested_a_in_b	3	1-1	False	6	0.316	0.976	gain	FP	TP
chr14	106259978	106290221	30243	0	1	0	5	nested_a_in_b	nested_a_in_b	3	1-1	False	6	0.316	1.0	gain	FP	TP
chr14	106259978	106290913	30935	0	1	0	5	nested_a_in_b	nested_a_in_b	3	1-1	False	6	0.316	0.977	gain	FP	TP
chr14	106259978	106291638	31660	0	1	0	5	nested_a_in_b	nested_a_in_b	3	1-1	False	6	0.316	1.0	gain	FP	TP
chr14	106259978	106292249	32271	0	1	0	5	nested_a_in_b	nested_a_in_b	3	1-1	False	6	0.316	1.0	gain	FP	TP
chr14	106259978	106292390	32412	0	1	0	5	nested_a_in_b	nested_a_in_b	3	1-1	False	6	0.316	0.989	gain	FP	TP
chr14	106259990	106275683	15693	0	5	0	15	nested_a_in_b	nested_a_in_b	3	1-1	False	20	0.297	0.959	gain	FP	TP
chr14	106259990	106279145	19155	0	4	0	9	nested_a_in_b	nested_a_in_b	3	1-1	False	13	0.297	1.0	gain	FP	TP
chr14	106259990	106280839	20849	0	4	0	6	nested_a_in_b	nested_a_in_b	3	1-1	False	10	0.297	0.943	gain	FP	TP
chr14	106259990	106284815	24825	0	3	0	7	nested_a_in_b	nested_a_in_b	3	1-1	False	10	0.297	1.0	gain	FP	TP
chr14	106259990	106284909	24919	0	3	0	7	nested_a_in_b	nested_a_in_b	3	1-1	False	10	0.297	0.941	gain	FP	TP
chr14	106259990	106289177	29187	0	3	0	6	nested_a_in_b	nested_a_in_b	3	1-1	False	9	0.297	0.977	gain	FP	TP
chr14	106259990	106289571	29581	0	3	0	6	nested_a_in_b	nested_a_in_b	3	1-1	False	9	0.297	0.988	gain	FP	TP
chr14	106259990	106290171	30181	0	1	0	6	nested_a_in_b	nested_a_in_b	3	1-1	False	7	0.297	0.976	gain	FP	TP
chr14	106259990	106290221	30231	0	1	0	5	nested_a_in_b	nested_a_in_b	3	1-1	False	6	0.297	1.0	gain	FP	TP
chr14	106259990	106290913	30923	0	1	0	6	nested_a_in_b	nested_a_in_b	3	1-1	False	7	0.297	0.977	gain	FP	TP
chr14	106259990	106291638	31648	0	1	0	6	nested_a_in_b	nested_a_in_b	3	1-1	False	7	0.297	1.0	gain	FP	TP
chr14	106259990	106292249	32259	0	1	0	5	nested_a_in_b	nested_a_in_b	3	1-1	False	6	0.297	1.0	gain	FP	TP
chr14	106259990	106292390	32400	0	1	0	5	nested_a_in_b	nested_a_in_b	3	1-1	False	6	0.297	0.989	gain	FP	TP
chr14	106260007	106275683	15676	0	5	0	13	nested_a_in_b	nested_a_in_b	3	1-1	False	18	0.303	0.959	gain	FP	TP
chr14	106260007	106279145	19138	0	4	0	8	nested_a_in_b	nested_a_in_b	3	1-1	False	12	0.303	1.0	gain	FP	TP
chr14	106260007	106280839	20832	0	4	0	5	nested_a_in_b	nested_a_in_b	3	1-1	False	9	0.303	0.943	gain	FP	TP
chr14	106260007	106284815	24808	0	3	0	6	nested_a_in_b	nested_a_in_b	3	1-1	False	9	0.303	1.0	gain	FP	TP
chr14	106260007	106284909	24902	0	3	0	6	nested_a_in_b	nested_a_in_b	3	1-1	False	9	0.303	0.941	gain	FP	TP
chr14	106260007	106289177	29170	0	3	0	5	nested_a_in_b	nested_a_in_b	3	1-1	False	8	0.303	0.977	gain	FP	TP
chr14	106260007	106289571	29564	0	3	0	5	nested_a_in_b	nested_a_in_b	3	1-1	False	8	0.303	0.988	gain	FP	TP
chr14	106260007	106290171	30164	0	1	0	5	nested_a_in_b	nested_a_in_b	3	1-1	False	6	0.303	0.976	gain	FP	TP
chr14	106260007	106290221	30214	0	1	0	5	nested_a_in_b	nested_a_in_b	3	1-1	False	6	0.303	1.0	gain	FP	TP
chr14	106260007	106290913	30906	0	1	0	5	nested_a_in_b	nested_a_in_b	3	1-1	False	6	0.303	0.977	gain	FP	TP
chr14	106260007	106291638	31631	0	1	0	5	nested_a_in_b	nested_a_in_b	3	1-1	False	6	0.303	1.0	gain	FP	TP
chr14	106260007	106292249	32242	0	1	0	5	nested_a_in_b	nested_a_in_b	3	1-1	False	6	0.303	1.0	gain	FP	TP
chr14	106260007	106292390	32383	0	1	0	5	nested_a_in_b	nested_a_in_b	3	1-1	False	6	0.303	0.989	gain	FP	TP
chr14	106260019	106275683	15664	0	6	0	14	nested_a_in_b	nested_a_in_b	3	1-1	False	20	0.323	0.959	gain	FP	TP
chr14	106260019	106279145	19126	0	5	0	8	nested_a_in_b	nested_a_in_b	3	1-1	False	13	0.323	1.0	gain	FP	TP
chr14	106260019	106280839	20820	0	5	0	5	nested_a_in_b	nested_a_in_b	3	1-1	False	10	0.323	0.943	gain	FP	TP
chr14	106260019	106284815	24796	0	4	0	6	nested_a_in_b	nested_a_in_b	3	1-1	False	10	0.323	1.0	gain	FP	TP
chr14	106260019	106284909	24890	0	4	0	6	nested_a_in_b	nested_a_in_b	3	1-1	False	10	0.323	0.941	gain	FP	TP
chr14	106260019	106289177	29158	0	3	0	6	nested_a_in_b	nested_a_in_b	3	1-1	False	9	0.323	0.977	gain	FP	TP
chr14	106260019	106289571	29552	0	3	0	6	nested_a_in_b	nested_a_in_b	3	1-1	False	9	0.323	0.988	gain	FP	TP
chr14	106260019	106290171	30152	0	1	0	6	nested_a_in_b	nested_a_in_b	3	1-1	False	7	0.323	0.976	gain	FP	TP
chr14	106260019	106290221	30202	0	1	0	5	nested_a_in_b	nested_a_in_b	3	1-1	False	6	0.323	1.0	gain	FP	TP
chr14	106260019	106290913	30894	0	1	0	6	nested_a_in_b	nested_a_in_b	3	1-1	False	7	0.323	0.977	gain	FP	TP
chr14	106260019	106291638	31619	0	1	0	6	nested_a_in_b	nested_a_in_b	3	1-1	False	7	0.323	1.0	gain	FP	TP
chr14	106260019	106292249	32230	0	1	0	5	nested_a_in_b	nested_a_in_b	3	1-1	False	6	0.323	1.0	gain	FP	TP
chr14	106260019	106292390	32371	0	1	0	5	nested_a_in_b	nested_a_in_b	3	1-1	False	6	0.323	0.989	gain	FP	TP
chr14	106260053	106275683	15630	0	7	0	12	nested_a_in_b	nested_a_in_b	3	1-1	False	19	0.32	0.959	gain	FP	TP
chr14	106260053	106279145	19092	0	4	0	7	nested_a_in_b	nested_a_in_b	3	1-1	False	11	0.32	1.0	gain	FP	TP
chr14	106260053	106280839	20786	0	4	0	4	nested_a_in_b	nested_a_in_b	3	1-1	False	8	0.32	0.943	gain	FP	TP
chr14	106260053	106284815	24762	0	3	0	5	nested_a_in_b	nested_a_in_b	3	1-1	False	8	0.32	1.0	gain	FP	TP
chr14	106260053	106284909	24856	0	3	0	5	nested_a_in_b	nested_a_in_b	3	1-1	False	8	0.32	0.941	gain	FP	TP
chr14	106260053	106289177	29124	0	3	0	4	nested_a_in_b	nested_a_in_b	3	1-1	False	7	0.32	0.977	gain	FP	TP
chr14	106260053	106289571	29518	0	3	0	4	nested_a_in_b	nested_a_in_b	3	1-1	False	7	0.32	0.988	gain	FP	TP
chr14	106260409	106275683	15274	0	15	0	6	nested_a_in_b	nested_a_in_b	3	1-1	False	21	0.14	0.959	gain	TP	TP
chr14	106260409	106279145	18736	0	8	0	5	nested_a_in_b	nested_a_in_b	3	1-1	False	13	0.14	1.0	gain	TP	TP
chr14	106260409	106280839	20430	0	7	0	3	nested_a_in_b	nested_a_in_b	3	1-1	False	10	0.14	0.943	gain	TP	TP
chr14	106260409	106284815	24406	0	6	0	4	nested_a_in_b	nested_a_in_b	3	1-1	False	10	0.14	1.0	gain	TP	TP
chr14	106260409	106284909	24500	0	6	0	4	nested_a_in_b	nested_a_in_b	3	1-1	False	10	0.14	0.941	gain	TP	TP
chr14	106260409	106288214	27805	1	5	0	3	nested_a_in_b	nested_a_in_b	3	1-1	False	9	0.14	0.912	gain	TP	TP
chr14	106260409	106289177	28768	0	6	0	3	nested_a_in_b	nested_a_in_b	3	1-1	False	9	0.14	0.977	gain	TP	TP
chr14	106260409	106289571	29162	0	6	0	3	nested_a_in_b	nested_a_in_b	3	1-1	False	9	0.14	0.988	gain	TP	TP
chr14	106260409	106290171	29762	0	4	0	3	nested_a_in_b	nested_a_in_b	3	1-1	False	7	0.14	0.976	gain	TP	TP
chr14	106260409	106290221	29812	0	4	0	2	nested_a_in_b	nested_a_in_b	3	1-1	False	6	0.14	1.0	gain	TP	TP
chr14	106260409	106290913	30504	0	4	0	3	nested_a_in_b	nested_a_in_b	3	1-1	False	7	0.14	0.977	gain	TP	TP
chr14	106260409	106291638	31229	0	4	0	3	nested_a_in_b	nested_a_in_b	3	1-1	False	7	0.14	1.0	gain	TP	TP
chr14	106260409	106292249	31840	0	4	0	2	nested_a_in_b	nested_a_in_b	3	1-1	False	6	0.14	1.0	gain	TP	TP
chr14	106260409	106292390	31981	0	4	0	2	nested_a_in_b	nested_a_in_b	3	1-1	False	6	0.14	0.989	gain	TP	TP
chr14	106260844	106275683	14839	0	7	0	15	nested_a_in_b	nested_a_in_b	3	1-1	False	22	0.337	0.959	gain	TP	TP
chr14	106260844	106279145	18301	0	5	0	9	nested_a_in_b	nested_a_in_b	3	1-1	False	14	0.337	1.0	gain	TP	TP
chr14	106260844	106280839	19995	0	4	0	7	nested_a_in_b	nested_a_in_b	3	1-1	False	11	0.337	0.943	gain	TP	TP
chr14	106260844	106284815	23971	0	3	0	8	nested_a_in_b	nested_a_in_b	3	1-1	False	11	0.337	1.0	gain	TP	TP
chr14	106260844	106284909	24065	0	3	0	8	nested_a_in_b	nested_a_in_b	3	1-1	False	11	0.337	0.941	gain	TP	TP
chr14	106260844	106289571	28727	0	3	0	7	nested_a_in_b	nested_a_in_b	3	1-1	False	10	0.337	0.988	gain	TP	TP
chr14	106260844	106290171	29327	0	1	0	7	nested_a_in_b	nested_a_in_b	3	1-1	False	8	0.337	0.976	gain	TP	TP
chr14	106260844	106290221	29377	0	1	0	6	nested_a_in_b	nested_a_in_b	3	1-1	False	7	0.337	1.0	gain	TP	TP
chr14	106260844	106290913	30069	0	1	0	7	nested_a_in_b	nested_a_in_b	3	1-1	False	8	0.337	0.977	gain	TP	TP
chr14	106260844	106291638	30794	0	1	0	7	nested_a_in_b	nested_a_in_b	3	1-1	False	8	0.337	1.0	gain	TP	TP
chr14	106260844	106292249	31405	0	1	0	5	nested_a_in_b	nested_a_in_b	3	1-1	False	6	0.337	1.0	gain	TP	TP
chr14	106261960	106275683	13723	0	7	0	17	nested_a_in_b	nested_a_in_b	3	1-1	False	24	0.333	0.959	gain	TP	TP
chr14	106261960	106279145	17185	0	3	0	13	nested_a_in_b	nested_a_in_b	3	1-1	False	16	0.333	1.0	gain	TP	TP
chr14	106261960	106280839	18879	0	3	0	10	nested_a_in_b	nested_a_in_b	3	1-1	False	13	0.333	0.943	gain	TP	TP
chr14	106261960	106284815	22855	0	3	0	9	nested_a_in_b	nested_a_in_b	3	1-1	False	12	0.333	1.0	gain	TP	TP
chr14	106261960	106284909	22949	0	3	0	9	nested_a_in_b	nested_a_in_b	3	1-1	False	12	0.333	0.941	gain	TP	TP
chr14	106261960	106289571	27611	0	3	0	8	nested_a_in_b	nested_a_in_b	3	1-1	False	11	0.333	0.988	gain	TP	TP
chr14	106261960	106290171	28211	0	1	0	8	nested_a_in_b	nested_a_in_b	3	1-1	False	9	0.333	0.976	gain	TP	TP
chr14	106261960	106290221	28261	0	1	0	7	nested_a_in_b	nested_a_in_b	3	1-1	False	8	0.333	1.0	gain	TP	TP
chr14	106261960	106290913	28953	0	1	0	8	nested_a_in_b	nested_a_in_b	3	1-1	False	9	0.333	0.977	gain	TP	TP
chr14	106261960	106291638	29678	0	1	0	8	nested_a_in_b	nested_a_in_b	3	1-1	False	9	0.333	1.0	gain	TP	TP
chr14	106261960	106292249	30289	0	1	0	6	nested_a_in_b	nested_a_in_b	3	1-1	False	7	0.333	1.0	gain	TP	TP
chr14	106261960	106298874	36914	0	1	0	5	nested_a_in_b	nested_a_in_b	3	1-1	False	6	0.333	0.954	gain	TP	TP
chr14	106263711	106275683	11972	0	7	0	19	nested_a_in_b	nested_a_in_b	3	1-1	False	26	0.394	0.959	gain	TP	TP
chr14	106263711	106279145	15434	0	5	0	13	nested_a_in_b	nested_a_in_b	3	1-1	False	18	0.394	1.0	gain	TP	TP
chr14	106263711	106280839	17128	0	4	0	9	nested_a_in_b	nested_a_in_b	3	1-1	False	13	0.394	0.943	gain	TP	TP
chr14	106263711	106284815	21104	0	4	0	8	nested_a_in_b	nested_a_in_b	3	1-1	False	12	0.394	1.0	gain	TP	TP
chr14	106263711	106284909	21198	0	4	0	8	nested_a_in_b	nested_a_in_b	3	1-1	False	12	0.394	0.941	gain	TP	TP
chr14	106263711	106289571	25860	0	3	0	8	nested_a_in_b	nested_a_in_b	3	1-1	False	11	0.394	0.988	gain	TP	TP
chr14	106263711	106290171	26460	0	1	0	8	nested_a_in_b	nested_a_in_b	3	1-1	False	9	0.394	0.976	gain	TP	TP
chr14	106263711	106290221	26510	0	1	0	7	nested_a_in_b	nested_a_in_b	3	1-1	False	8	0.394	1.0	gain	TP	TP
chr14	106263711	106290913	27202	0	1	0	8	nested_a_in_b	nested_a_in_b	3	1-1	False	9	0.394	0.977	gain	TP	TP
chr14	106263711	106291638	27927	0	1	0	8	nested_a_in_b	nested_a_in_b	3	1-1	False	9	0.394	1.0	gain	TP	TP
chr14	106263711	106292249	28538	0	1	0	6	nested_a_in_b	nested_a_in_b	3	1-1	False	7	0.394	1.0	gain	TP	TP
chr14	106263711	106298874	35163	0	1	0	5	nested_a_in_b	nested_a_in_b	3	1-1	False	6	0.394	0.954	gain	TP	TP
chr14	106263877	106279145	15268	0	5	0	13	nested_a_in_b	nested_a_in_b	3	1-1	False	18	0.411	1.0	gain	TP	TP
chr14	106263877	106280839	16962	0	4	0	9	nested_a_in_b	nested_a_in_b	3	1-1	False	13	0.411	0.943	gain	TP	TP
chr14	106263877	106284815	20938	0	4	0	8	nested_a_in_b	nested_a_in_b	3	1-1	False	12	0.411	1.0	gain	TP	TP
chr14	106263877	106284909	21032	0	4	0	8	nested_a_in_b	nested_a_in_b	3	1-1	False	12	0.411	0.941	gain	TP	TP
chr14	106263877	106289571	25694	0	3	0	8	nested_a_in_b	nested_a_in_b	3	1-1	False	11	0.411	0.988	gain	TP	TP
chr14	106263877	106290171	26294	0	1	0	8	nested_a_in_b	nested_a_in_b	3	1-1	False	9	0.411	0.976	gain	TP	TP
chr14	106263877	106290221	26344	0	1	0	7	nested_a_in_b	nested_a_in_b	3	1-1	False	8	0.411	1.0	gain	TP	TP
chr14	106263877	106290913	27036	0	1	0	8	nested_a_in_b	nested_a_in_b	3	1-1	False	9	0.411	0.977	gain	TP	TP
chr14	106263877	106291638	27761	0	1	0	8	nested_a_in_b	nested_a_in_b	3	1-1	False	9	0.411	1.0	gain	TP	TP
chr14	106263877	106292249	28372	0	1	0	6	nested_a_in_b	nested_a_in_b	3	1-1	False	7	0.411	1.0	gain	TP	TP
chr14	106263877	106298874	34997	0	1	0	5	nested_a_in_b	nested_a_in_b	3	1-1	False	6	0.411	0.954	gain	TP	TP
chr14	106263928	106275683	11755	1	18	0	7	nested_a_in_b	nested_a_in_b	3	1-1	False	26	0.587	0.959	gain	TP	TP
chr14	106263928	106279145	15217	0	12	0	5	nested_a_in_b	nested_a_in_b	3	1-1	False	17	0.587	1.0	gain	TP	TP
chr14	106263928	106280839	16911	0	8	0	4	nested_a_in_b	nested_a_in_b	3	1-1	False	12	0.587	0.943	gain	TP	TP
chr14	106263928	106284815	20887	0	7	0	4	nested_a_in_b	nested_a_in_b	3	1-1	False	11	0.587	1.0	gain	TP	TP
chr14	106263928	106284909	20981	0	7	0	4	nested_a_in_b	nested_a_in_b	3	1-1	False	11	0.587	0.941	gain	TP	TP
chr14	106263928	106288214	24286	1	6	0	3	nested_a_in_b	nested_a_in_b	3	1-1	False	10	0.587	0.912	gain	TP	TP
chr14	106263928	106289177	25249	1	6	0	3	nested_a_in_b	nested_a_in_b	3	1-1	False	10	0.587	0.977	gain	TP	TP
chr14	106263928	106289571	25643	0	7	0	3	nested_a_in_b	nested_a_in_b	3	1-1	False	10	0.587	0.988	gain	TP	TP
chr14	106263928	106290171	26243	0	7	0	1	mutual_excl	nested_a_in_b	3	1-1	False	8	0.587	0.976	gain	TP	TP
chr14	106263928	106290221	26293	0	6	0	1	mutual_excl	nested_a_in_b	3	1-1	False	7	0.587	1.0	gain	TP	TP
chr14	106263928	106290913	26985	0	7	0	1	mutual_excl	nested_a_in_b	3	1-1	False	8	0.587	0.977	gain	TP	TP
chr14	106263928	106291638	27710	0	7	0	1	mutual_excl	nested_a_in_b	3	1-1	False	8	0.587	1.0	gain	TP	TP
chr14	106263928	106292249	28321	0	5	0	1	mutual_excl	nested_a_in_b	3	1-1	False	6	0.587	1.0	gain	TP	TP
chr14	106263928	106292390	28462	1	5	0	1	mutual_excl	nested_a_in_b	3	1-1	False	7	0.587	0.989	gain	TP	TP
chr14	106263928	106293540	29612	1	4	0	1	mutual_excl	nested_a_in_b	3	1-1	False	6	0.587	0.932	gain	TP	TP
chr14	106264043	106275683	11640	1	19	0	7	nested_a_in_b	nested_a_in_b	3	1-1	False	27	0.591	0.959	gain	TP	TP
chr14	106264043	106279145	15102	0	13	0	5	nested_a_in_b	nested_a_in_b	3	1-1	False	18	0.591	1.0	gain	TP	TP
chr14	106264043	106280839	16796	0	9	0	4	nested_a_in_b	nested_a_in_b	3	1-1	False	13	0.591	0.943	gain	TP	TP
chr14	106264043	106284815	20772	0	8	0	4	nested_a_in_b	nested_a_in_b	3	1-1	False	12	0.591	1.0	gain	TP	TP
chr14	106264043	106284909	20866	0	8	0	4	nested_a_in_b	nested_a_in_b	3	1-1	False	12	0.591	0.941	gain	TP	TP
chr14	106264043	106288214	24171	1	7	0	3	nested_a_in_b	nested_a_in_b	3	1-1	False	11	0.591	0.912	gain	TP	TP
chr14	106264043	106289177	25134	1	7	0	3	nested_a_in_b	nested_a_in_b	3	1-1	False	11	0.591	0.977	gain	TP	TP
chr14	106264043	106289571	25528	0	8	0	3	nested_a_in_b	nested_a_in_b	3	1-1	False	11	0.591	0.988	gain	TP	TP
chr14	106264043	106290171	26128	0	8	0	1	mutual_excl	nested_a_in_b	3	1-1	False	9	0.591	0.976	gain	TP	TP
chr14	106264043	106290221	26178	0	7	0	1	mutual_excl	nested_a_in_b	3	1-1	False	8	0.591	1.0	gain	TP	TP
chr14	106264043	106290913	26870	0	8	0	1	mutual_excl	nested_a_in_b	3	1-1	False	9	0.591	0.977	gain	TP	TP
chr14	106264043	106291638	27595	0	8	0	1	mutual_excl	nested_a_in_b	3	1-1	False	9	0.591	1.0	gain	TP	TP
chr14	106264043	106292249	28206	0	6	0	1	mutual_excl	nested_a_in_b	3	1-1	False	7	0.591	1.0	gain	TP	TP
chr14	106264043	106292390	28347	1	6	0	1	mutual_excl	nested_a_in_b	3	1-1	False	8	0.591	0.989	gain	TP	TP
chr14	106264043	106293540	29497	1	5	0	1	mutual_excl	nested_a_in_b	3	1-1	False	7	0.591	0.932	gain	TP	TP
chr14	106264043	106298874	34831	0	5	0	1	mutual_excl	nested_a_in_b	3	1-1	False	6	0.591	0.954	gain	TP	TP
chr14	106264354	106279145	14791	0	5	0	13	nested_a_in_b	nested_a_in_b	3	1-1	False	18	0.434	1.0	gain	TP	TP
chr14	106264354	106280839	16485	0	4	0	9	nested_a_in_b	nested_a_in_b	3	1-1	False	13	0.434	0.943	gain	TP	TP
chr14	106264354	106284815	20461	0	4	0	8	nested_a_in_b	nested_a_in_b	3	1-1	False	12	0.434	1.0	gain	TP	TP
chr14	106264354	106284909	20555	0	4	0	8	nested_a_in_b	nested_a_in_b	3	1-1	False	12	0.434	0.941	gain	TP	TP
chr14	106264354	106289571	25217	0	3	0	8	nested_a_in_b	nested_a_in_b	3	1-1	False	11	0.434	0.988	gain	TP	TP
chr14	106264354	106290171	25817	0	1	0	8	nested_a_in_b	nested_a_in_b	3	1-1	False	9	0.434	0.976	gain	TP	TP
chr14	106264354	106290221	25867	0	1	0	7	nested_a_in_b	nested_a_in_b	3	1-1	False	8	0.434	1.0	gain	TP	TP
chr14	106264354	106290913	26559	0	1	0	8	nested_a_in_b	nested_a_in_b	3	1-1	False	9	0.434	0.977	gain	TP	TP
chr14	106264354	106291638	27284	0	1	0	8	nested_a_in_b	nested_a_in_b	3	1-1	False	9	0.434	1.0	gain	TP	TP
chr14	106264354	106292249	27895	0	1	0	6	nested_a_in_b	nested_a_in_b	3	1-1	False	7	0.434	1.0	gain	TP	TP
chr14	106264354	106298874	34520	0	1	0	5	nested_a_in_b	nested_a_in_b	3	1-1	False	6	0.434	0.954	gain	TP	TP
chr14	106265666	106279145	13479	0	6	0	14	nested_a_in_b	nested_a_in_b	3	1-1	False	20	0.418	1.0	gain	TP	TP
chr14	106265666	106280839	15173	0	5	0	10	nested_a_in_b	nested_a_in_b	3	1-1	False	15	0.418	0.943	gain	TP	TP
chr14	106265666	106284815	19149	0	4	0	9	nested_a_in_b	nested_a_in_b	3	1-1	False	13	0.418	1.0	gain	TP	TP
chr14	106265666	106284909	19243	0	4	0	9	nested_a_in_b	nested_a_in_b	3	1-1	False	13	0.418	0.941	gain	TP	TP
chr14	106265666	106289571	23905	0	3	0	9	nested_a_in_b	nested_a_in_b	3	1-1	False	12	0.418	0.988	gain	TP	TP
chr14	106265666	106290171	24505	0	1	0	9	nested_a_in_b	nested_a_in_b	3	1-1	False	10	0.418	0.976	gain	TP	TP
chr14	106265666	106290221	24555	0	1	0	8	nested_a_in_b	nested_a_in_b	3	1-1	False	9	0.418	1.0	gain	TP	TP
chr14	106265666	106290913	25247	0	1	0	9	nested_a_in_b	nested_a_in_b	3	1-1	False	10	0.418	0.977	gain	TP	TP
chr14	106265666	106291638	25972	0	1	0	9	nested_a_in_b	nested_a_in_b	3	1-1	False	10	0.418	1.0	gain	TP	TP
chr14	106265666	106292249	26583	0	1	0	6	nested_a_in_b	nested_a_in_b	3	1-1	False	7	0.418	1.0	gain	TP	TP
chr14	106265666	106298874	33208	0	1	0	5	nested_a_in_b	nested_a_in_b	3	1-1	False	6	0.418	0.954	gain	TP	TP
chr14	106268545	106275683	7138	2	27	0	7	nested_a_in_b	nested_a_in_b	3	1-1	False	36	0.482	0.959	gain	TP	TP
chr14	106268545	106279145	10600	0	21	0	5	nested_a_in_b	nested_a_in_b	3	1-1	False	26	0.482	1.0	gain	TP	TP
chr14	106268545	106280839	12294	1	16	0	4	nested_a_in_b	nested_a_in_b	3	1-1	False	21	0.482	0.943	gain	TP	TP
chr14	106268545	106284815	16270	0	10	0	4	nested_a_in_b	nested_a_in_b	3	1-1	False	14	0.482	1.0	gain	TP	TP
chr14	106268545	106284909	16364	0	10	0	4	nested_a_in_b	nested_a_in_b	3	1-1	False	14	0.482	0.941	gain	TP	TP
chr14	106268545	106288214	19669	1	9	0	3	nested_a_in_b	nested_a_in_b	3	1-1	False	13	0.482	0.912	gain	TP	TP
chr14	106268545	106289177	20632	1	9	0	3	nested_a_in_b	nested_a_in_b	3	1-1	False	13	0.482	0.977	gain	TP	TP
chr14	106268545	106289571	21026	0	10	0	3	nested_a_in_b	nested_a_in_b	3	1-1	False	13	0.482	0.988	gain	TP	TP
chr14	106268545	106290171	21626	0	10	0	1	mutual_excl	nested_a_in_b	3	1-1	False	11	0.482	0.976	gain	TP	TP
chr14	106268545	106290221	21676	0	9	0	1	mutual_excl	nested_a_in_b	3	1-1	False	10	0.482	1.0	gain	TP	TP
chr14	106268545	106290913	22368	0	10	0	1	mutual_excl	nested_a_in_b	3	1-1	False	11	0.482	0.977	gain	TP	TP
chr14	106268545	106291638	23093	0	10	0	1	mutual_excl	nested_a_in_b	3	1-1	False	11	0.482	1.0	gain	TP	TP
chr14	106268545	106292249	23704	0	8	0	1	mutual_excl	nested_a_in_b	3	1-1	False	9	0.482	1.0	gain	TP	TP
chr14	106268545	106292390	23845	1	8	0	1	mutual_excl	nested_a_in_b	3	1-1	False	10	0.482	0.989	gain	TP	TP
chr14	106268545	106293540	24995	1	8	0	1	mutual_excl	nested_a_in_b	3	1-1	False	10	0.482	0.932	gain	TP	TP
chr14	106268545	106293969	25424	0	7	0	1	mutual_excl	nested_a_in_b	3	1-1	False	8	0.482	0.951	gain	TP	TP
chr14	106268545	106298874	30329	0	7	0	1	mutual_excl	nested_a_in_b	3	1-1	False	8	0.482	0.954	gain	TP	TP
chr14	106268545	106300830	32285	0	6	0	1	mutual_excl	nested_a_in_b	3	1-1	False	7	0.482	0.979	gain	TP	TP
chr14	106269575	106279145	9570	0	28	0	4	nested_a_in_b	nested_a_in_b	3	1-1	False	32	0.481	1.0	gain	TP	TP
chr14	106269575	106280839	11264	1	21	0	4	nested_a_in_b	nested_a_in_b	3	1-1	False	26	0.481	0.943	gain	TP	TP
chr14	106269575	106284815	15240	0	15	0	4	nested_a_in_b	nested_a_in_b	3	1-1	False	19	0.481	1.0	gain	TP	TP
chr14	106269575	106284909	15334	0	15	0	4	nested_a_in_b	nested_a_in_b	3	1-1	False	19	0.481	0.941	gain	TP	TP
chr14	106269575	106288214	18639	1	14	0	3	nested_a_in_b	nested_a_in_b	3	1-1	False	18	0.481	0.912	gain	TP	TP
chr14	106269575	106289177	19602	1	14	0	3	nested_a_in_b	nested_a_in_b	3	1-1	False	18	0.481	0.977	gain	TP	TP
chr14	106269575	106289571	19996	0	15	0	3	nested_a_in_b	nested_a_in_b	3	1-1	False	18	0.481	0.988	gain	TP	TP
chr14	106269575	106290171	20596	0	15	0	1	mutual_excl	nested_a_in_b	3	1-1	False	16	0.481	0.976	gain	TP	TP
chr14	106269575	106290221	20646	0	14	0	1	mutual_excl	nested_a_in_b	3	1-1	False	15	0.481	1.0	gain	TP	TP
chr14	106269575	106290913	21338	0	15	0	1	mutual_excl	nested_a_in_b	3	1-1	False	16	0.481	0.977	gain	TP	TP
chr14	106269575	106291638	22063	0	15	0	1	mutual_excl	nested_a_in_b	3	1-1	False	16	0.481	1.0	gain	TP	TP
chr14	106269575	106292249	22674	0	12	0	1	mutual_excl	nested_a_in_b	3	1-1	False	13	0.481	1.0	gain	TP	TP
chr14	106269575	106292390	22815	1	12	0	1	mutual_excl	nested_a_in_b	3	1-1	False	14	0.481	0.989	gain	TP	TP
chr14	106269575	106293540	23965	1	11	0	1	mutual_excl	nested_a_in_b	3	1-1	False	13	0.481	0.932	gain	TP	TP
chr14	106269575	106293969	24394	1	9	0	1	mutual_excl	nested_a_in_b	3	1-1	False	11	0.481	0.951	gain	TP	TP
chr14	106269575	106298874	29299	0	10	0	1	mutual_excl	nested_a_in_b	3	1-1	False	11	0.481	0.954	gain	TP	TP
chr14	106269575	106300830	31255	0	9	0	1	mutual_excl	nested_a_in_b	3	1-1	False	10	0.481	0.979	gain	TP	TP
chr14	106270090	106279145	9055	0	2	0	31	nested_a_in_b	nested_a_in_b	3	1-1	False	33	0.927	1.0	gain	TP	TP
chr14	106270090	106284815	14725	0	2	0	18	nested_a_in_b	nested_a_in_b	3	1-1	False	20	0.927	1.0	gain	TP	TP
chr14	106270090	106284909	14819	0	2	0	18	nested_a_in_b	nested_a_in_b	3	1-1	False	20	0.927	0.941	gain	TP	TP
chr14	106270090	106289571	19481	0	1	0	18	nested_a_in_b	nested_a_in_b	3	1-1	False	19	0.927	0.988	gain	TP	TP
chr14	106270090	106290171	20081	0	1	0	16	nested_a_in_b	nested_a_in_b	3	1-1	False	17	0.927	0.976	gain	TP	TP
chr14	106270090	106290221	20131	0	1	0	15	nested_a_in_b	nested_a_in_b	3	1-1	False	16	0.927	1.0	gain	TP	TP
chr14	106270090	106290913	20823	0	1	0	16	nested_a_in_b	nested_a_in_b	3	1-1	False	17	0.927	0.977	gain	TP	TP
chr14	106270090	106291638	21548	0	1	0	16	nested_a_in_b	nested_a_in_b	3	1-1	False	17	0.927	1.0	gain	TP	TP
chr14	106270090	106292249	22159	0	1	0	13	nested_a_in_b	nested_a_in_b	3	1-1	False	14	0.927	1.0	gain	TP	TP
chr14	106270441	106275683	5242	3	41	0	4	nested_a_in_b	nested_a_in_b	3	1-1	False	48	0.407	0.959	gain	TP	TP
chr14	106270441	106279145	8704	0	31	0	3	nested_a_in_b	nested_a_in_b	3	1-1	False	34	0.407	1.0	gain	TP	TP
chr14	106270441	106280839	10398	1	24	0	3	nested_a_in_b	nested_a_in_b	3	1-1	False	28	0.407	0.943	gain	TP	TP
chr14	106270441	106284815	14374	0	17	0	3	nested_a_in_b	nested_a_in_b	3	1-1	False	20	0.407	1.0	gain	TP	TP
chr14	106270441	106284909	14468	0	17	0	3	nested_a_in_b	nested_a_in_b	3	1-1	False	20	0.407	0.941	gain	TP	TP
chr14	106270441	106288214	17773	1	16	0	2	nested_a_in_b	nested_a_in_b	3	1-1	False	19	0.407	0.912	gain	TP	TP
chr14	106270441	106289177	18736	1	16	0	2	nested_a_in_b	nested_a_in_b	3	1-1	False	19	0.407	0.977	gain	TP	TP
chr14	106270441	106289571	19130	0	17	0	2	nested_a_in_b	nested_a_in_b	3	1-1	False	19	0.407	0.988	gain	TP	TP
chr14	106270441	106290171	19730	0	16	0	1	mutual_excl	nested_a_in_b	3	1-1	False	17	0.407	0.976	gain	TP	TP
chr14	106270441	106290221	19780	0	15	0	1	mutual_excl	nested_a_in_b	3	1-1	False	16	0.407	1.0	gain	TP	TP
chr14	106270441	106290913	20472	0	16	0	1	mutual_excl	nested_a_in_b	3	1-1	False	17	0.407	0.977	gain	TP	TP
chr14	106270441	106291638	21197	0	16	0	1	mutual_excl	nested_a_in_b	3	1-1	False	17	0.407	1.0	gain	TP	TP
chr14	106270441	106292249	21808	0	13	0	1	mutual_excl	nested_a_in_b	3	1-1	False	14	0.407	1.0	gain	TP	TP
chr14	106270441	106292390	21949	1	13	0	1	mutual_excl	nested_a_in_b	3	1-1	False	15	0.407	0.989	gain	TP	TP
chr14	106270441	106293540	23099	1	12	0	1	mutual_excl	nested_a_in_b	3	1-1	False	14	0.407	0.932	gain	TP	TP
chr14	106270441	106293969	23528	1	10	0	1	mutual_excl	nested_a_in_b	3	1-1	False	12	0.407	0.951	gain	TP	TP
chr14	106270441	106298874	28433	0	11	0	1	mutual_excl	nested_a_in_b	3	1-1	False	12	0.407	0.954	gain	TP	TP
chr14	106270441	106300830	30389	0	10	0	1	mutual_excl	nested_a_in_b	3	1-1	False	11	0.407	0.979	gain	TP	TP
chr14	106270702	106275683	4981	3	42	0	5	nested_a_in_b	nested_a_in_b	3	1-1	False	50	0.45	0.959	gain	TP	TP
chr14	106270702	106279145	8443	0	32	0	4	nested_a_in_b	nested_a_in_b	3	1-1	False	36	0.45	1.0	gain	TP	TP
chr14	106270702	106280839	10137	1	26	0	3	nested_a_in_b	nested_a_in_b	3	1-1	False	30	0.45	0.943	gain	TP	TP
chr14	106270702	106284815	14113	0	19	0	3	nested_a_in_b	nested_a_in_b	3	1-1	False	22	0.45	1.0	gain	TP	TP
chr14	106270702	106284909	14207	0	19	0	3	nested_a_in_b	nested_a_in_b	3	1-1	False	22	0.45	0.941	gain	TP	TP
chr14	106270702	106288214	17512	1	16	0	2	nested_a_in_b	nested_a_in_b	3	1-1	False	19	0.45	0.912	gain	TP	TP
chr14	106270702	106289177	18475	1	16	0	2	nested_a_in_b	nested_a_in_b	3	1-1	False	19	0.45	0.977	gain	TP	TP
chr14	106270702	106289571	18869	0	17	0	2	nested_a_in_b	nested_a_in_b	3	1-1	False	19	0.45	0.988	gain	TP	TP
chr14	106270702	106290171	19469	0	16	0	1	mutual_excl	nested_a_in_b	3	1-1	False	17	0.45	0.976	gain	TP	TP
chr14	106270702	106290221	19519	0	15	0	1	mutual_excl	nested_a_in_b	3	1-1	False	16	0.45	1.0	gain	TP	TP
chr14	106270702	106290913	20211	0	16	0	1	mutual_excl	nested_a_in_b	3	1-1	False	17	0.45	0.977	gain	TP	TP
chr14	106270702	106291638	20936	0	16	0	1	mutual_excl	nested_a_in_b	3	1-1	False	17	0.45	1.0	gain	TP	TP
chr14	106270702	106292249	21547	0	13	0	1	mutual_excl	nested_a_in_b	3	1-1	False	14	0.45	1.0	gain	TP	TP
chr14	106270702	106292390	21688	1	13	0	1	mutual_excl	nested_a_in_b	3	1-1	False	15	0.45	0.989	gain	TP	TP
chr14	106270702	106293540	22838	1	12	0	1	mutual_excl	nested_a_in_b	3	1-1	False	14	0.45	0.932	gain	TP	TP
chr14	106270702	106293969	23267	1	10	0	1	mutual_excl	nested_a_in_b	3	1-1	False	12	0.45	0.951	gain	TP	TP
chr14	106270702	106298874	28172	0	11	0	1	mutual_excl	nested_a_in_b	3	1-1	False	12	0.45	0.954	gain	TP	TP
chr14	106270702	106300830	30128	0	10	0	1	mutual_excl	nested_a_in_b	3	1-1	False	11	0.45	0.979	gain	TP	TP
chr14	106270718	106279145	8427	0	32	0	4	nested_a_in_b	nested_a_in_b	3	1-1	False	36	0.455	1.0	gain	TP	TP
chr14	106270718	106280839	10121	1	26	0	3	nested_a_in_b	nested_a_in_b	3	1-1	False	30	0.455	0.943	gain	TP	TP
chr14	106270718	106284815	14097	0	19	0	3	nested_a_in_b	nested_a_in_b	3	1-1	False	22	0.455	1.0	gain	TP	TP
chr14	106270718	106284909	14191	0	19	0	3	nested_a_in_b	nested_a_in_b	3	1-1	False	22	0.455	0.941	gain	TP	TP
chr14	106270718	106288214	17496	1	16	0	2	nested_a_in_b	nested_a_in_b	3	1-1	False	19	0.455	0.912	gain	TP	TP
chr14	106270718	106289177	18459	1	16	0	2	nested_a_in_b	nested_a_in_b	3	1-1	False	19	0.455	0.977	gain	TP	TP
chr14	106270718	106289571	18853	0	17	0	2	nested_a_in_b	nested_a_in_b	3	1-1	False	19	0.455	0.988	gain	TP	TP
chr14	106270718	106290171	19453	0	16	0	1	mutual_excl	nested_a_in_b	3	1-1	False	17	0.455	0.976	gain	TP	TP
chr14	106270718	106290221	19503	0	15	0	1	mutual_excl	nested_a_in_b	3	1-1	False	16	0.455	1.0	gain	TP	TP
chr14	106270718	106290913	20195	0	16	0	1	mutual_excl	nested_a_in_b	3	1-1	False	17	0.455	0.977	gain	TP	TP
chr14	106270718	106291638	20920	0	16	0	1	mutual_excl	nested_a_in_b	3	1-1	False	17	0.455	1.0	gain	TP	TP
chr14	106270718	106292249	21531	0	13	0	1	mutual_excl	nested_a_in_b	3	1-1	False	14	0.455	1.0	gain	TP	TP
chr14	106270718	106292390	21672	1	13	0	1	mutual_excl	nested_a_in_b	3	1-1	False	15	0.455	0.989	gain	TP	TP
chr14	106270718	106293540	22822	1	12	0	1	mutual_excl	nested_a_in_b	3	1-1	False	14	0.455	0.932	gain	TP	TP
chr14	106270718	106293969	23251	1	10	0	1	mutual_excl	nested_a_in_b	3	1-1	False	12	0.455	0.951	gain	TP	TP
chr14	106270718	106298874	28156	0	11	0	1	mutual_excl	nested_a_in_b	3	1-1	False	12	0.455	0.954	gain	TP	TP
chr14	106270718	106300830	30112	0	10	0	1	mutual_excl	nested_a_in_b	3	1-1	False	11	0.455	0.979	gain	TP	TP
chr14	106270868	106279145	8277	0	1	0	32	nested_a_in_b	nested_a_in_b	3	1-1	False	33	0.922	1.0	gain	TP	TP
chr14	106270868	106284815	13947	0	1	0	19	nested_a_in_b	nested_a_in_b	3	1-1	False	20	0.922	1.0	gain	TP	TP
chr14	106270868	106284909	14041	0	1	0	19	nested_a_in_b	nested_a_in_b	3	1-1	False	20	0.922	0.941	gain	TP	TP
chr14	106270868	106288214	17346	0	1	0	16	nested_a_in_b	nested_a_in_b	3	1-1	False	17	0.922	0.912	gain	TP	TP
chr14	106270868	106289571	18703	0	1	0	16	nested_a_in_b	nested_a_in_b	3	1-1	False	17	0.922	0.988	gain	TP	TP
chr14	106270868	106290171	19303	0	1	0	14	nested_a_in_b	nested_a_in_b	3	1-1	False	15	0.922	0.976	gain	TP	TP
chr14	106270868	106290221	19353	0	1	0	13	nested_a_in_b	nested_a_in_b	3	1-1	False	14	0.922	1.0	gain	TP	TP
chr14	106270868	106290913	20045	0	1	0	14	nested_a_in_b	nested_a_in_b	3	1-1	False	15	0.922	0.977	gain	TP	TP
chr14	106270868	106291638	20770	0	1	0	14	nested_a_in_b	nested_a_in_b	3	1-1	False	15	0.922	1.0	gain	TP	TP
chr14	106270868	106292249	21381	0	1	0	11	nested_a_in_b	nested_a_in_b	3	1-1	False	12	0.922	1.0	gain	TP	TP
chr14	106270868	106293540	22672	0	1	0	11	nested_a_in_b	nested_a_in_b	3	1-1	False	12	0.922	0.932	gain	TP	TP
chr14	106270868	106298874	28006	0	1	0	9	nested_a_in_b	nested_a_in_b	3	1-1	False	10	0.922	0.954	gain	TP	TP
chr14	106270868	106300830	29962	0	1	0	8	nested_a_in_b	nested_a_in_b	3	1-1	False	9	0.922	0.979	gain	TP	TP
chr14	106271247	106275683	4436	3	46	0	3	nested_a_in_b	nested_a_in_b	3	1-1	False	52	0.127	0.959	gain	FP	TP
chr14	106271247	106279145	7898	0	33	0	3	nested_a_in_b	nested_a_in_b	3	1-1	False	36	0.127	1.0	gain	FP	TP
chr14	106271247	106280839	9592	1	27	0	2	nested_a_in_b	nested_a_in_b	3	1-1	False	30	0.127	0.943	gain	FP	TP
chr14	106271247	106284815	13568	0	20	0	2	nested_a_in_b	nested_a_in_b	3	1-1	False	22	0.127	1.0	gain	FP	TP
chr14	106271247	106284909	13662	0	20	0	2	nested_a_in_b	nested_a_in_b	3	1-1	False	22	0.127	0.941	gain	FP	TP
chr14	106271247	106288214	16967	1	17	0	1	mutual_excl	nested_a_in_b	3	1-1	False	19	0.127	0.912	gain	FP	TP
chr14	106271247	106289177	17930	1	17	0	1	mutual_excl	nested_a_in_b	3	1-1	False	19	0.127	0.977	gain	FP	TP
chr14	106271247	106289571	18324	0	18	0	1	mutual_excl	nested_a_in_b	3	1-1	False	19	0.127	0.988	gain	FP	TP
chr14	106271265	106279145	7880	0	4	0	32	nested_a_in_b	nested_a_in_b	3	1-1	False	36	0.562	1.0	gain	TP	TP
chr14	106271265	106284815	13550	0	3	0	19	nested_a_in_b	nested_a_in_b	3	1-1	False	22	0.562	1.0	gain	TP	TP
chr14	106271265	106284909	13644	0	3	0	19	nested_a_in_b	nested_a_in_b	3	1-1	False	22	0.562	0.941	gain	TP	TP
chr14	106271265	106289571	18306	0	2	0	17	nested_a_in_b	nested_a_in_b	3	1-1	False	19	0.562	0.988	gain	TP	TP
chr14	106271265	106290171	18906	0	1	0	16	nested_a_in_b	nested_a_in_b	3	1-1	False	17	0.562	0.976	gain	TP	TP
chr14	106271265	106290221	18956	0	1	0	15	nested_a_in_b	nested_a_in_b	3	1-1	False	16	0.562	1.0	gain	TP	TP
chr14	106271265	106290913	19648	0	1	0	16	nested_a_in_b	nested_a_in_b	3	1-1	False	17	0.562	0.977	gain	TP	TP
chr14	106271265	106291638	20373	0	1	0	16	nested_a_in_b	nested_a_in_b	3	1-1	False	17	0.562	1.0	gain	TP	TP
chr14	106271265	106292249	20984	0	1	0	13	nested_a_in_b	nested_a_in_b	3	1-1	False	14	0.562	1.0	gain	TP	TP
chr14	106271265	106298874	27609	0	1	0	11	nested_a_in_b	nested_a_in_b	3	1-1	False	12	0.562	0.954	gain	TP	TP
chr14	106271265	106300830	29565	0	1	0	10	nested_a_in_b	nested_a_in_b	3	1-1	False	11	0.562	0.979	gain	TP	TP
chr14	106271270	106275683	4413	3	44	0	4	nested_a_in_b	nested_a_in_b	3	1-1	False	51	0.404	0.959	gain	FP	TP
chr14	106271270	106279145	7875	0	32	0	3	nested_a_in_b	nested_a_in_b	3	1-1	False	35	0.404	1.0	gain	FP	TP
chr14	106271270	106280839	9569	1	25	0	3	nested_a_in_b	nested_a_in_b	3	1-1	False	29	0.404	0.943	gain	FP	TP
chr14	106271270	106284815	13545	0	19	0	3	nested_a_in_b	nested_a_in_b	3	1-1	False	22	0.404	1.0	gain	FP	TP
chr14	106271270	106284909	13639	0	19	0	3	nested_a_in_b	nested_a_in_b	3	1-1	False	22	0.404	0.941	gain	FP	TP
chr14	106271270	106288214	16944	1	16	0	2	nested_a_in_b	nested_a_in_b	3	1-1	False	19	0.404	0.912	gain	FP	TP
chr14	106271270	106289177	17907	1	16	0	2	nested_a_in_b	nested_a_in_b	3	1-1	False	19	0.404	0.977	gain	FP	TP
chr14	106271270	106289571	18301	0	17	0	2	nested_a_in_b	nested_a_in_b	3	1-1	False	19	0.404	0.988	gain	FP	TP
chr14	106271270	106290171	18901	0	16	0	1	mutual_excl	nested_a_in_b	3	1-1	False	17	0.404	0.976	gain	FP	TP
chr14	106271270	106290221	18951	0	15	0	1	mutual_excl	nested_a_in_b	3	1-1	False	16	0.404	1.0	gain	FP	TP
chr14	106271270	106290913	19643	0	16	0	1	mutual_excl	nested_a_in_b	3	1-1	False	17	0.404	0.977	gain	FP	TP
chr14	106271270	106291638	20368	0	16	0	1	mutual_excl	nested_a_in_b	3	1-1	False	17	0.404	1.0	gain	FP	TP
chr14	106271270	106292249	20979	0	13	0	1	mutual_excl	nested_a_in_b	3	1-1	False	14	0.404	1.0	gain	FP	TP
chr14	106271270	106292390	21120	1	13	0	1	mutual_excl	nested_a_in_b	3	1-1	False	15	0.404	0.989	gain	FP	TP
chr14	106271270	106293540	22270	1	12	0	1	mutual_excl	nested_a_in_b	3	1-1	False	14	0.404	0.932	gain	FP	TP
chr14	106271270	106293969	22699	1	10	0	1	mutual_excl	nested_a_in_b	3	1-1	False	12	0.404	0.951	gain	FP	TP
chr14	106271270	106298874	27604	0	11	0	1	mutual_excl	nested_a_in_b	3	1-1	False	12	0.404	0.954	gain	FP	TP
chr14	106271270	106300830	29560	0	10	0	1	mutual_excl	nested_a_in_b	3	1-1	False	11	0.404	0.979	gain	FP	TP
chr14	106271295	106275683	4388	3	43	0	5	nested_a_in_b	nested_a_in_b	3	1-1	False	51	0.366	0.959	gain	FP	TP
chr14	106271295	106279145	7850	0	32	0	4	nested_a_in_b	nested_a_in_b	3	1-1	False	36	0.366	1.0	gain	FP	TP
chr14	106271295	106280839	9544	1	26	0	3	nested_a_in_b	nested_a_in_b	3	1-1	False	30	0.366	0.943	gain	FP	TP
chr14	106271295	106284815	13520	0	19	0	3	nested_a_in_b	nested_a_in_b	3	1-1	False	22	0.366	1.0	gain	FP	TP
chr14	106271295	106284909	13614	0	19	0	3	nested_a_in_b	nested_a_in_b	3	1-1	False	22	0.366	0.941	gain	FP	TP
chr14	106271295	106288214	16919	1	16	0	2	nested_a_in_b	nested_a_in_b	3	1-1	False	19	0.366	0.912	gain	FP	TP
chr14	106271295	106289177	17882	1	16	0	2	nested_a_in_b	nested_a_in_b	3	1-1	False	19	0.366	0.977	gain	FP	TP
chr14	106271295	106289571	18276	0	17	0	2	nested_a_in_b	nested_a_in_b	3	1-1	False	19	0.366	0.988	gain	FP	TP
chr14	106271295	106290171	18876	0	16	0	1	mutual_excl	nested_a_in_b	3	1-1	False	17	0.366	0.976	gain	FP	TP
chr14	106271295	106290221	18926	0	15	0	1	mutual_excl	nested_a_in_b	3	1-1	False	16	0.366	1.0	gain	FP	TP
chr14	106271295	106290913	19618	0	16	0	1	mutual_excl	nested_a_in_b	3	1-1	False	17	0.366	0.977	gain	FP	TP
chr14	106271295	106291638	20343	0	16	0	1	mutual_excl	nested_a_in_b	3	1-1	False	17	0.366	1.0	gain	FP	TP
chr14	106271295	106292249	20954	0	13	0	1	mutual_excl	nested_a_in_b	3	1-1	False	14	0.366	1.0	gain	FP	TP
chr14	106271295	106292390	21095	1	13	0	1	mutual_excl	nested_a_in_b	3	1-1	False	15	0.366	0.989	gain	FP	TP
chr14	106271295	106293540	22245	1	12	0	1	mutual_excl	nested_a_in_b	3	1-1	False	14	0.366	0.932	gain	FP	TP
chr14	106271295	106293969	22674	1	10	0	1	mutual_excl	nested_a_in_b	3	1-1	False	12	0.366	0.951	gain	FP	TP
chr14	106271295	106298874	27579	0	11	0	1	mutual_excl	nested_a_in_b	3	1-1	False	12	0.366	0.954	gain	FP	TP
chr14	106271295	106300830	29535	0	10	0	1	mutual_excl	nested_a_in_b	3	1-1	False	11	0.366	0.979	gain	FP	TP
chr14	106271296	106275683	4387	3	43	0	5	nested_a_in_b	nested_a_in_b	3	1-1	False	51	0.392	0.959	gain	FP	TP
chr14	106271296	106279145	7849	0	32	0	4	nested_a_in_b	nested_a_in_b	3	1-1	False	36	0.392	1.0	gain	FP	TP
chr14	106271296	106280839	9543	1	26	0	3	nested_a_in_b	nested_a_in_b	3	1-1	False	30	0.392	0.943	gain	FP	TP
chr14	106271296	106284815	13519	0	19	0	3	nested_a_in_b	nested_a_in_b	3	1-1	False	22	0.392	1.0	gain	FP	TP
chr14	106271296	106284909	13613	0	19	0	3	nested_a_in_b	nested_a_in_b	3	1-1	False	22	0.392	0.941	gain	FP	TP
chr14	106271296	106288214	16918	1	16	0	2	nested_a_in_b	nested_a_in_b	3	1-1	False	19	0.392	0.912	gain	FP	TP
chr14	106271296	106289177	17881	1	16	0	2	nested_a_in_b	nested_a_in_b	3	1-1	False	19	0.392	0.977	gain	FP	TP
chr14	106271296	106289571	18275	0	17	0	2	nested_a_in_b	nested_a_in_b	3	1-1	False	19	0.392	0.988	gain	FP	TP
chr14	106271296	106290171	18875	0	16	0	1	mutual_excl	nested_a_in_b	3	1-1	False	17	0.392	0.976	gain	FP	TP
chr14	106271296	106290221	18925	0	15	0	1	mutual_excl	nested_a_in_b	3	1-1	False	16	0.392	1.0	gain	FP	TP
chr14	106271296	106290913	19617	0	16	0	1	mutual_excl	nested_a_in_b	3	1-1	False	17	0.392	0.977	gain	FP	TP
chr14	106271296	106291638	20342	0	16	0	1	mutual_excl	nested_a_in_b	3	1-1	False	17	0.392	1.0	gain	FP	TP
chr14	106271296	106292249	20953	0	13	0	1	mutual_excl	nested_a_in_b	3	1-1	False	14	0.392	1.0	gain	FP	TP
chr14	106271296	106292390	21094	1	13	0	1	mutual_excl	nested_a_in_b	3	1-1	False	15	0.392	0.989	gain	FP	TP
chr14	106271296	106293540	22244	1	12	0	1	mutual_excl	nested_a_in_b	3	1-1	False	14	0.392	0.932	gain	FP	TP
chr14	106271296	106293969	22673	1	10	0	1	mutual_excl	nested_a_in_b	3	1-1	False	12	0.392	0.951	gain	FP	TP
chr14	106271296	106298874	27578	0	11	0	1	mutual_excl	nested_a_in_b	3	1-1	False	12	0.392	0.954	gain	FP	TP
chr14	106271296	106300830	29534	0	10	0	1	mutual_excl	nested_a_in_b	3	1-1	False	11	0.392	0.979	gain	FP	TP
chr14	106271503	106275683	4180	3	46	0	4	nested_a_in_b	nested_a_in_b	3	1-1	False	53	0.382	0.959	gain	FP	TP
chr14	106271503	106279145	7642	0	33	0	3	nested_a_in_b	nested_a_in_b	3	1-1	False	36	0.382	1.0	gain	FP	TP
chr14	106271503	106280839	9336	1	27	0	2	nested_a_in_b	nested_a_in_b	3	1-1	False	30	0.382	0.943	gain	FP	TP
chr14	106271503	106284815	13312	0	20	0	2	nested_a_in_b	nested_a_in_b	3	1-1	False	22	0.382	1.0	gain	FP	TP
chr14	106271503	106284909	13406	0	20	0	2	nested_a_in_b	nested_a_in_b	3	1-1	False	22	0.382	0.941	gain	FP	TP
chr14	106271503	106288214	16711	1	17	0	1	mutual_excl	nested_a_in_b	3	1-1	False	19	0.382	0.912	gain	FP	TP
chr14	106271503	106289177	17674	1	17	0	1	mutual_excl	nested_a_in_b	3	1-1	False	19	0.382	0.977	gain	FP	TP
chr14	106271503	106289571	18068	0	18	0	1	mutual_excl	nested_a_in_b	3	1-1	False	19	0.382	0.988	gain	FP	TP
chr14	106271595	106275683	4088	3	44	0	6	nested_a_in_b	nested_a_in_b	3	1-1	False	53	0.406	0.959	gain	FP	TP
chr14	106271595	106279145	7550	0	32	0	4	nested_a_in_b	nested_a_in_b	3	1-1	False	36	0.406	1.0	gain	FP	TP
chr14	106271595	106280839	9244	1	26	0	3	nested_a_in_b	nested_a_in_b	3	1-1	False	30	0.406	0.943	gain	FP	TP
chr14	106271595	106284815	13220	0	19	0	3	nested_a_in_b	nested_a_in_b	3	1-1	False	22	0.406	1.0	gain	FP	TP
chr14	106271595	106284909	13314	0	19	0	3	nested_a_in_b	nested_a_in_b	3	1-1	False	22	0.406	0.941	gain	FP	TP
chr14	106271595	106288214	16619	1	16	0	2	nested_a_in_b	nested_a_in_b	3	1-1	False	19	0.406	0.912	gain	FP	TP
chr14	106271595	106289177	17582	1	16	0	2	nested_a_in_b	nested_a_in_b	3	1-1	False	19	0.406	0.977	gain	FP	TP
chr14	106271595	106289571	17976	0	17	0	2	nested_a_in_b	nested_a_in_b	3	1-1	False	19	0.406	0.988	gain	FP	TP
chr14	106271595	106290171	18576	0	16	0	1	mutual_excl	nested_a_in_b	3	1-1	False	17	0.406	0.976	gain	FP	TP
chr14	106271595	106290221	18626	0	15	0	1	mutual_excl	nested_a_in_b	3	1-1	False	16	0.406	1.0	gain	FP	TP
chr14	106271595	106290913	19318	0	16	0	1	mutual_excl	nested_a_in_b	3	1-1	False	17	0.406	0.977	gain	FP	TP
chr14	106271595	106291638	20043	0	16	0	1	mutual_excl	nested_a_in_b	3	1-1	False	17	0.406	1.0	gain	FP	TP
chr14	106271595	106292249	20654	0	13	0	1	mutual_excl	nested_a_in_b	3	1-1	False	14	0.406	1.0	gain	FP	TP
chr14	106271595	106292390	20795	1	13	0	1	mutual_excl	nested_a_in_b	3	1-1	False	15	0.406	0.989	gain	FP	TP
chr14	106271595	106293540	21945	1	12	0	1	mutual_excl	nested_a_in_b	3	1-1	False	14	0.406	0.932	gain	FP	TP
chr14	106271595	106293969	22374	1	10	0	1	mutual_excl	nested_a_in_b	3	1-1	False	12	0.406	0.951	gain	FP	TP
chr14	106271595	106298874	27279	0	11	0	1	mutual_excl	nested_a_in_b	3	1-1	False	12	0.406	0.954	gain	FP	TP
chr14	106271595	106300830	29235	0	10	0	1	mutual_excl	nested_a_in_b	3	1-1	False	11	0.406	0.979	gain	FP	TP
chr14	106271777	106275683	3906	3	46	0	5	nested_a_in_b	nested_a_in_b	3	1-1	False	54	0.356	0.959	gain	FP	TP
chr14	106271777	106279145	7368	0	33	0	4	nested_a_in_b	nested_a_in_b	3	1-1	False	37	0.356	1.0	gain	FP	TP
chr14	106271777	106280839	9062	1	27	0	3	nested_a_in_b	nested_a_in_b	3	1-1	False	31	0.356	0.943	gain	FP	TP
chr14	106271777	106284815	13038	0	20	0	3	nested_a_in_b	nested_a_in_b	3	1-1	False	23	0.356	1.0	gain	FP	TP
chr14	106271777	106284909	13132	0	20	0	3	nested_a_in_b	nested_a_in_b	3	1-1	False	23	0.356	0.941	gain	FP	TP
chr14	106271777	106288214	16437	1	17	0	2	nested_a_in_b	nested_a_in_b	3	1-1	False	20	0.356	0.912	gain	FP	TP
chr14	106271777	106289177	17400	1	17	0	2	nested_a_in_b	nested_a_in_b	3	1-1	False	20	0.356	0.977	gain	FP	TP
chr14	106271777	106289571	17794	0	17	0	2	nested_a_in_b	nested_a_in_b	3	1-1	False	19	0.356	0.988	gain	FP	TP
chr14	106271777	106290171	18394	0	16	0	1	mutual_excl	nested_a_in_b	3	1-1	False	17	0.356	0.976	gain	FP	TP
chr14	106271777	106290221	18444	0	15	0	1	mutual_excl	nested_a_in_b	3	1-1	False	16	0.356	1.0	gain	FP	TP
chr14	106271777	106290913	19136	0	16	0	1	mutual_excl	nested_a_in_b	3	1-1	False	17	0.356	0.977	gain	FP	TP
chr14	106271777	106291638	19861	0	16	0	1	mutual_excl	nested_a_in_b	3	1-1	False	17	0.356	1.0	gain	FP	TP
chr14	106271777	106292249	20472	0	13	0	1	mutual_excl	nested_a_in_b	3	1-1	False	14	0.356	1.0	gain	FP	TP
chr14	106271777	106292390	20613	1	13	0	1	mutual_excl	nested_a_in_b	3	1-1	False	15	0.356	0.989	gain	FP	TP
chr14	106271777	106293540	21763	1	12	0	1	mutual_excl	nested_a_in_b	3	1-1	False	14	0.356	0.932	gain	FP	TP
chr14	106271777	106293969	22192	1	10	0	1	mutual_excl	nested_a_in_b	3	1-1	False	12	0.356	0.951	gain	FP	TP
chr14	106271777	106298874	27097	0	11	0	1	mutual_excl	nested_a_in_b	3	1-1	False	12	0.356	0.954	gain	FP	TP
chr14	106271777	106300830	29053	0	10	0	1	mutual_excl	nested_a_in_b	3	1-1	False	11	0.356	0.979	gain	FP	TP
chr14	106271995	106275683	3688	3	48	0	5	nested_a_in_b	nested_a_in_b	3	1-1	False	56	0.358	0.959	gain	FP	TP
chr14	106271995	106279145	7150	0	34	0	4	nested_a_in_b	nested_a_in_b	3	1-1	False	38	0.358	1.0	gain	FP	TP
chr14	106271995	106280839	8844	1	28	0	3	nested_a_in_b	nested_a_in_b	3	1-1	False	32	0.358	0.943	gain	FP	TP
chr14	106271995	106284815	12820	0	21	0	3	nested_a_in_b	nested_a_in_b	3	1-1	False	24	0.358	1.0	gain	FP	TP
chr14	106271995	106284909	12914	1	20	0	3	nested_a_in_b	nested_a_in_b	3	1-1	False	24	0.358	0.941	gain	FP	TP
chr14	106271995	106288214	16219	1	18	0	2	nested_a_in_b	nested_a_in_b	3	1-1	False	21	0.358	0.912	gain	FP	TP
chr14	106271995	106289177	17182	1	18	0	2	nested_a_in_b	nested_a_in_b	3	1-1	False	21	0.358	0.977	gain	FP	TP
chr14	106271995	106289571	17576	0	17	0	2	nested_a_in_b	nested_a_in_b	3	1-1	False	19	0.358	0.988	gain	FP	TP
chr14	106271995	106290171	18176	0	16	0	1	mutual_excl	nested_a_in_b	3	1-1	False	17	0.358	0.976	gain	FP	TP
chr14	106271995	106290221	18226	0	15	0	1	mutual_excl	nested_a_in_b	3	1-1	False	16	0.358	1.0	gain	FP	TP
chr14	106271995	106290913	18918	0	16	0	1	mutual_excl	nested_a_in_b	3	1-1	False	17	0.358	0.977	gain	FP	TP
chr14	106271995	106291638	19643	0	16	0	1	mutual_excl	nested_a_in_b	3	1-1	False	17	0.358	1.0	gain	FP	TP
chr14	106271995	106292249	20254	0	13	0	1	mutual_excl	nested_a_in_b	3	1-1	False	14	0.358	1.0	gain	FP	TP
chr14	106271995	106292390	20395	1	13	0	1	mutual_excl	nested_a_in_b	3	1-1	False	15	0.358	0.989	gain	FP	TP
chr14	106271995	106293540	21545	1	12	0	1	mutual_excl	nested_a_in_b	3	1-1	False	14	0.358	0.932	gain	FP	TP
chr14	106271995	106293969	21974	1	10	0	1	mutual_excl	nested_a_in_b	3	1-1	False	12	0.358	0.951	gain	FP	TP
chr14	106271995	106298874	26879	0	11	0	1	mutual_excl	nested_a_in_b	3	1-1	False	12	0.358	0.954	gain	FP	TP
chr14	106271995	106300830	28835	0	10	0	1	mutual_excl	nested_a_in_b	3	1-1	False	11	0.358	0.979	gain	FP	TP
chr14	106272014	106275683	3669	3	46	0	7	nested_a_in_b	nested_a_in_b	3	1-1	False	56	0.387	0.959	gain	FP	TP
chr14	106272014	106279145	7131	0	32	0	6	nested_a_in_b	nested_a_in_b	3	1-1	False	38	0.387	1.0	gain	FP	TP
chr14	106272014	106280839	8825	1	26	0	5	nested_a_in_b	nested_a_in_b	3	1-1	False	32	0.387	0.943	gain	FP	TP
chr14	106272014	106284815	12801	0	20	0	4	nested_a_in_b	nested_a_in_b	3	1-1	False	24	0.387	1.0	gain	FP	TP
chr14	106272014	106284909	12895	1	19	0	4	nested_a_in_b	nested_a_in_b	3	1-1	False	24	0.387	0.941	gain	FP	TP
chr14	106272014	106288214	16200	1	17	0	3	nested_a_in_b	nested_a_in_b	3	1-1	False	21	0.387	0.912	gain	FP	TP
chr14	106272014	106289177	17163	1	17	0	3	nested_a_in_b	nested_a_in_b	3	1-1	False	21	0.387	0.977	gain	FP	TP
chr14	106272014	106289571	17557	0	16	0	3	nested_a_in_b	nested_a_in_b	3	1-1	False	19	0.387	0.988	gain	FP	TP
chr14	106272014	106290171	18157	0	15	0	2	nested_a_in_b	nested_a_in_b	3	1-1	False	17	0.387	0.976	gain	FP	TP
chr14	106272014	106290221	18207	0	14	0	2	nested_a_in_b	nested_a_in_b	3	1-1	False	16	0.387	1.0	gain	FP	TP
chr14	106272014	106290913	18899	0	15	0	2	nested_a_in_b	nested_a_in_b	3	1-1	False	17	0.387	0.977	gain	FP	TP
chr14	106272014	106291638	19624	0	15	0	2	nested_a_in_b	nested_a_in_b	3	1-1	False	17	0.387	1.0	gain	FP	TP
chr14	106272014	106292249	20235	0	12	0	2	nested_a_in_b	nested_a_in_b	3	1-1	False	14	0.387	1.0	gain	FP	TP
chr14	106272014	106292390	20376	1	12	0	2	nested_a_in_b	nested_a_in_b	3	1-1	False	15	0.387	0.989	gain	FP	TP
chr14	106272014	106293540	21526	1	12	0	1	mutual_excl	nested_a_in_b	3	1-1	False	14	0.387	0.932	gain	FP	TP
chr14	106272014	106293969	21955	1	10	0	1	mutual_excl	nested_a_in_b	3	1-1	False	12	0.387	0.951	gain	FP	TP
chr14	106272014	106298874	26860	0	11	0	1	mutual_excl	nested_a_in_b	3	1-1	False	12	0.387	0.954	gain	FP	TP
chr14	106272014	106300830	28816	0	10	0	1	mutual_excl	nested_a_in_b	3	1-1	False	11	0.387	0.979	gain	FP	TP
chr14	106272088	106275683	3595	3	47	0	5	nested_a_in_b	nested_a_in_b	3	1-1	False	55	0.343	0.959	gain	FP	TP
chr14	106272088	106279145	7057	0	33	0	4	nested_a_in_b	nested_a_in_b	3	1-1	False	37	0.343	1.0	gain	FP	TP
chr14	106272088	106280839	8751	1	27	0	3	nested_a_in_b	nested_a_in_b	3	1-1	False	31	0.343	0.943	gain	FP	TP
chr14	106272088	106284815	12727	0	20	0	3	nested_a_in_b	nested_a_in_b	3	1-1	False	23	0.343	1.0	gain	FP	TP
chr14	106272088	106284909	12821	1	19	0	3	nested_a_in_b	nested_a_in_b	3	1-1	False	23	0.343	0.941	gain	FP	TP
chr14	106272088	106288214	16126	1	17	0	2	nested_a_in_b	nested_a_in_b	3	1-1	False	20	0.343	0.912	gain	FP	TP
chr14	106272088	106289177	17089	0	18	0	2	nested_a_in_b	nested_a_in_b	3	1-1	False	20	0.343	0.977	gain	FP	TP
chr14	106272088	106289571	17483	0	16	0	2	nested_a_in_b	nested_a_in_b	3	1-1	False	18	0.343	0.988	gain	FP	TP
chr14	106272088	106290171	18083	0	15	0	1	mutual_excl	nested_a_in_b	3	1-1	False	16	0.343	0.976	gain	FP	TP
chr14	106272088	106290221	18133	0	14	0	1	mutual_excl	nested_a_in_b	3	1-1	False	15	0.343	1.0	gain	FP	TP
chr14	106272088	106290913	18825	0	15	0	1	mutual_excl	nested_a_in_b	3	1-1	False	16	0.343	0.977	gain	FP	TP
chr14	106272088	106291638	19550	0	15	0	1	mutual_excl	nested_a_in_b	3	1-1	False	16	0.343	1.0	gain	FP	TP
chr14	106272088	106292249	20161	0	13	0	1	mutual_excl	nested_a_in_b	3	1-1	False	14	0.343	1.0	gain	FP	TP
chr14	106272088	106292390	20302	0	13	0	1	mutual_excl	nested_a_in_b	3	1-1	False	14	0.343	0.989	gain	FP	TP
chr14	106272088	106293540	21452	1	11	0	1	mutual_excl	nested_a_in_b	3	1-1	False	13	0.343	0.932	gain	FP	TP
chr14	106272088	106293969	21881	1	10	0	1	mutual_excl	nested_a_in_b	3	1-1	False	12	0.343	0.951	gain	FP	TP
chr14	106272088	106298874	26786	0	11	0	1	mutual_excl	nested_a_in_b	3	1-1	False	12	0.343	0.954	gain	FP	TP
chr14	106272088	106300830	28742	0	10	0	1	mutual_excl	nested_a_in_b	3	1-1	False	11	0.343	0.979	gain	FP	TP
chr14	106272475	106275683	3208	3	51	0	6	nested_a_in_b	nested_a_in_b	3	1-1	False	60	0.321	0.959	gain	FP	TP
chr14	106272475	106279145	6670	0	36	0	5	nested_a_in_b	nested_a_in_b	3	1-1	False	41	0.321	1.0	gain	FP	TP
chr14	106272475	106280839	8364	1	30	0	4	nested_a_in_b	nested_a_in_b	3	1-1	False	35	0.321	0.943	gain	FP	TP
chr14	106272475	106284815	12340	0	20	0	4	nested_a_in_b	nested_a_in_b	3	1-1	False	24	0.321	1.0	gain	FP	TP
chr14	106272475	106284909	12434	1	19	0	4	nested_a_in_b	nested_a_in_b	3	1-1	False	24	0.321	0.941	gain	FP	TP
chr14	106272475	106288214	15739	1	17	0	3	nested_a_in_b	nested_a_in_b	3	1-1	False	21	0.321	0.912	gain	FP	TP
chr14	106272475	106289177	16702	1	17	0	3	nested_a_in_b	nested_a_in_b	3	1-1	False	21	0.321	0.977	gain	FP	TP
chr14	106272475	106289571	17096	0	16	0	3	nested_a_in_b	nested_a_in_b	3	1-1	False	19	0.321	0.988	gain	FP	TP
chr14	106272475	106290171	17696	0	15	0	2	nested_a_in_b	nested_a_in_b	3	1-1	False	17	0.321	0.976	gain	FP	TP
chr14	106272475	106290221	17746	0	15	0	1	mutual_excl	nested_a_in_b	3	1-1	False	16	0.321	1.0	gain	FP	TP
chr14	106272475	106290913	18438	0	15	0	2	nested_a_in_b	nested_a_in_b	3	1-1	False	17	0.321	0.977	gain	FP	TP
chr14	106272475	106291638	19163	0	15	0	2	nested_a_in_b	nested_a_in_b	3	1-1	False	17	0.321	1.0	gain	FP	TP
chr14	106272475	106292249	19774	0	13	0	1	mutual_excl	nested_a_in_b	3	1-1	False	14	0.321	1.0	gain	FP	TP
chr14	106272475	106292390	19915	1	13	0	1	mutual_excl	nested_a_in_b	3	1-1	False	15	0.321	0.989	gain	FP	TP
chr14	106272475	106293540	21065	1	12	0	1	mutual_excl	nested_a_in_b	3	1-1	False	14	0.321	0.932	gain	FP	TP
chr14	106272475	106293969	21494	1	10	0	1	mutual_excl	nested_a_in_b	3	1-1	False	12	0.321	0.951	gain	FP	TP
chr14	106272475	106298874	26399	0	11	0	1	mutual_excl	nested_a_in_b	3	1-1	False	12	0.321	0.954	gain	FP	TP
chr14	106272475	106300830	28355	0	10	0	1	mutual_excl	nested_a_in_b	3	1-1	False	11	0.321	0.979	gain	FP	TP
chr14	106272500	106275683	3183	3	52	0	4	nested_a_in_b	nested_a_in_b	3	1-1	False	59	0.298	0.959	gain	FP	TP
chr14	106272500	106279145	6645	0	37	0	3	nested_a_in_b	nested_a_in_b	3	1-1	False	40	0.298	1.0	gain	FP	TP
chr14	106272500	106280839	8339	1	31	0	2	nested_a_in_b	nested_a_in_b	3	1-1	False	34	0.298	0.943	gain	FP	TP
chr14	106272500	106284815	12315	0	21	0	2	nested_a_in_b	nested_a_in_b	3	1-1	False	23	0.298	1.0	gain	FP	TP
chr14	106272500	106284909	12409	1	20	0	2	nested_a_in_b	nested_a_in_b	3	1-1	False	23	0.298	0.941	gain	FP	TP
chr14	106272500	106288214	15714	1	18	0	1	mutual_excl	nested_a_in_b	3	1-1	False	20	0.298	0.912	gain	FP	TP
chr14	106272500	106289177	16677	1	18	0	1	mutual_excl	nested_a_in_b	3	1-1	False	20	0.298	0.977	gain	FP	TP
chr14	106272500	106289571	17071	0	17	0	1	mutual_excl	nested_a_in_b	3	1-1	False	18	0.298	0.988	gain	FP	TP
chr14	106272500	106290171	17671	0	15	0	1	mutual_excl	nested_a_in_b	3	1-1	False	16	0.298	0.976	gain	FP	TP
chr14	106272500	106290221	17721	0	14	0	1	mutual_excl	nested_a_in_b	3	1-1	False	15	0.298	1.0	gain	FP	TP
chr14	106272500	106290913	18413	0	15	0	1	mutual_excl	nested_a_in_b	3	1-1	False	16	0.298	0.977	gain	FP	TP
chr14	106272500	106291638	19138	0	15	0	1	mutual_excl	nested_a_in_b	3	1-1	False	16	0.298	1.0	gain	FP	TP
chr14	106272500	106292249	19749	0	12	0	1	mutual_excl	nested_a_in_b	3	1-1	False	13	0.298	1.0	gain	FP	TP
chr14	106272500	106292390	19890	1	12	0	1	mutual_excl	nested_a_in_b	3	1-1	False	14	0.298	0.989	gain	FP	TP
chr14	106272500	106293540	21040	1	12	0	1	mutual_excl	nested_a_in_b	3	1-1	False	14	0.298	0.932	gain	FP	TP
chr14	106272500	106293969	21469	1	10	0	1	mutual_excl	nested_a_in_b	3	1-1	False	12	0.298	0.951	gain	FP	TP
chr14	106272500	106298874	26374	0	11	0	1	mutual_excl	nested_a_in_b	3	1-1	False	12	0.298	0.954	gain	FP	TP
chr14	106272500	106300830	28330	0	10	0	1	mutual_excl	nested_a_in_b	3	1-1	False	11	0.298	0.979	gain	FP	TP
chr14	106272627	106275683	3056	3	52	0	5	nested_a_in_b	nested_a_in_b	3	1-1	False	60	0.32	0.959	gain	FP	TP
chr14	106272627	106279145	6518	0	37	0	4	nested_a_in_b	nested_a_in_b	3	1-1	False	41	0.32	1.0	gain	FP	TP
chr14	106272627	106280839	8212	1	31	0	3	nested_a_in_b	nested_a_in_b	3	1-1	False	35	0.32	0.943	gain	FP	TP
chr14	106272627	106284815	12188	0	21	0	3	nested_a_in_b	nested_a_in_b	3	1-1	False	24	0.32	1.0	gain	FP	TP
chr14	106272627	106284909	12282	1	20	0	3	nested_a_in_b	nested_a_in_b	3	1-1	False	24	0.32	0.941	gain	FP	TP
chr14	106272627	106288214	15587	1	18	0	2	nested_a_in_b	nested_a_in_b	3	1-1	False	21	0.32	0.912	gain	FP	TP
chr14	106272627	106289177	16550	1	18	0	2	nested_a_in_b	nested_a_in_b	3	1-1	False	21	0.32	0.977	gain	FP	TP
chr14	106272627	106289571	16944	0	17	0	2	nested_a_in_b	nested_a_in_b	3	1-1	False	19	0.32	0.988	gain	FP	TP
chr14	106272627	106290171	17544	0	16	0	1	mutual_excl	nested_a_in_b	3	1-1	False	17	0.32	0.976	gain	FP	TP
chr14	106272627	106290221	17594	0	15	0	1	mutual_excl	nested_a_in_b	3	1-1	False	16	0.32	1.0	gain	FP	TP
chr14	106272627	106290913	18286	0	16	0	1	mutual_excl	nested_a_in_b	3	1-1	False	17	0.32	0.977	gain	FP	TP
chr14	106272627	106291638	19011	0	16	0	1	mutual_excl	nested_a_in_b	3	1-1	False	17	0.32	1.0	gain	FP	TP
chr14	106272627	106292249	19622	0	13	0	1	mutual_excl	nested_a_in_b	3	1-1	False	14	0.32	1.0	gain	FP	TP
chr14	106272627	106292390	19763	1	13	0	1	mutual_excl	nested_a_in_b	3	1-1	False	15	0.32	0.989	gain	FP	TP
chr14	106272627	106293540	20913	1	12	0	1	mutual_excl	nested_a_in_b	3	1-1	False	14	0.32	0.932	gain	FP	TP
chr14	106272627	106293969	21342	1	10	0	1	mutual_excl	nested_a_in_b	3	1-1	False	12	0.32	0.951	gain	FP	TP
chr14	106272627	106298874	26247	0	11	0	1	mutual_excl	nested_a_in_b	3	1-1	False	12	0.32	0.954	gain	FP	TP
chr14	106272627	106300830	28203	0	10	0	1	mutual_excl	nested_a_in_b	3	1-1	False	11	0.32	0.979	gain	FP	TP
chr14	106272649	106275683	3034	3	53	0	5	nested_a_in_b	nested_a_in_b	3	1-1	False	61	0.33	0.959	gain	FP	TP
chr14	106272649	106279145	6496	0	37	0	4	nested_a_in_b	nested_a_in_b	3	1-1	False	41	0.33	1.0	gain	FP	TP
chr14	106272649	106280839	8190	1	31	0	3	nested_a_in_b	nested_a_in_b	3	1-1	False	35	0.33	0.943	gain	FP	TP
chr14	106272649	106284815	12166	0	21	0	3	nested_a_in_b	nested_a_in_b	3	1-1	False	24	0.33	1.0	gain	FP	TP
chr14	106272649	106284909	12260	1	20	0	3	nested_a_in_b	nested_a_in_b	3	1-1	False	24	0.33	0.941	gain	FP	TP
chr14	106272649	106288214	15565	1	18	0	2	nested_a_in_b	nested_a_in_b	3	1-1	False	21	0.33	0.912	gain	FP	TP
chr14	106272649	106289177	16528	1	18	0	2	nested_a_in_b	nested_a_in_b	3	1-1	False	21	0.33	0.977	gain	FP	TP
chr14	106272649	106289571	16922	0	17	0	2	nested_a_in_b	nested_a_in_b	3	1-1	False	19	0.33	0.988	gain	FP	TP
chr14	106272649	106290171	17522	0	16	0	1	mutual_excl	nested_a_in_b	3	1-1	False	17	0.33	0.976	gain	FP	TP
chr14	106272649	106290221	17572	0	15	0	1	mutual_excl	nested_a_in_b	3	1-1	False	16	0.33	1.0	gain	FP	TP
chr14	106272649	106290913	18264	0	16	0	1	mutual_excl	nested_a_in_b	3	1-1	False	17	0.33	0.977	gain	FP	TP
chr14	106272649	106291638	18989	0	16	0	1	mutual_excl	nested_a_in_b	3	1-1	False	17	0.33	1.0	gain	FP	TP
chr14	106272649	106292249	19600	0	13	0	1	mutual_excl	nested_a_in_b	3	1-1	False	14	0.33	1.0	gain	FP	TP
chr14	106272649	106292390	19741	1	13	0	1	mutual_excl	nested_a_in_b	3	1-1	False	15	0.33	0.989	gain	FP	TP
chr14	106272649	106293540	20891	1	12	0	1	mutual_excl	nested_a_in_b	3	1-1	False	14	0.33	0.932	gain	FP	TP
chr14	106272649	106293969	21320	1	10	0	1	mutual_excl	nested_a_in_b	3	1-1	False	12	0.33	0.951	gain	FP	TP
chr14	106272649	106298874	26225	0	11	0	1	mutual_excl	nested_a_in_b	3	1-1	False	12	0.33	0.954	gain	FP	TP
chr14	106272649	106300830	28181	0	10	0	1	mutual_excl	nested_a_in_b	3	1-1	False	11	0.33	0.979	gain	FP	TP
chr14	106272832	106275683	2851	3	53	0	5	nested_a_in_b	nested_a_in_b	3	1-1	False	61	0.284	0.959	gain	FP	TP
chr14	106272832	106279145	6313	0	38	0	4	nested_a_in_b	nested_a_in_b	3	1-1	False	42	0.284	1.0	gain	FP	TP
chr14	106272832	106280839	8007	1	32	0	3	nested_a_in_b	nested_a_in_b	3	1-1	False	36	0.284	0.943	gain	FP	TP
chr14	106272832	106284815	11983	0	22	0	3	nested_a_in_b	nested_a_in_b	3	1-1	False	25	0.284	1.0	gain	FP	TP
chr14	106272832	106284909	12077	1	21	0	3	nested_a_in_b	nested_a_in_b	3	1-1	False	25	0.284	0.941	gain	FP	TP
chr14	106272832	106288214	15382	1	19	0	2	nested_a_in_b	nested_a_in_b	3	1-1	False	22	0.284	0.912	gain	FP	TP
chr14	106272832	106289177	16345	1	19	0	2	nested_a_in_b	nested_a_in_b	3	1-1	False	22	0.284	0.977	gain	FP	TP
chr14	106272832	106289571	16739	0	18	0	2	nested_a_in_b	nested_a_in_b	3	1-1	False	20	0.284	0.988	gain	FP	TP
chr14	106272832	106290171	17339	0	17	0	1	mutual_excl	nested_a_in_b	3	1-1	False	18	0.284	0.976	gain	FP	TP
chr14	106272832	106290221	17389	0	16	0	1	mutual_excl	nested_a_in_b	3	1-1	False	17	0.284	1.0	gain	FP	TP
chr14	106272832	106290913	18081	0	16	0	1	mutual_excl	nested_a_in_b	3	1-1	False	17	0.284	0.977	gain	FP	TP
chr14	106272832	106291638	18806	0	17	0	1	mutual_excl	nested_a_in_b	3	1-1	False	18	0.284	1.0	gain	FP	TP
chr14	106272832	106292249	19417	0	14	0	1	mutual_excl	nested_a_in_b	3	1-1	False	15	0.284	1.0	gain	FP	TP
chr14	106272832	106292390	19558	1	14	0	1	mutual_excl	nested_a_in_b	3	1-1	False	16	0.284	0.989	gain	FP	TP
chr14	106272832	106293540	20708	1	12	0	1	mutual_excl	nested_a_in_b	3	1-1	False	14	0.284	0.932	gain	FP	TP
chr14	106272832	106293969	21137	1	10	0	1	mutual_excl	nested_a_in_b	3	1-1	False	12	0.284	0.951	gain	FP	TP
chr14	106272832	106298874	26042	0	11	0	1	mutual_excl	nested_a_in_b	3	1-1	False	12	0.284	0.954	gain	FP	TP
chr14	106272832	106300830	27998	0	10	0	1	mutual_excl	nested_a_in_b	3	1-1	False	11	0.284	0.979	gain	FP	TP
chr14	106272835	106275683	2848	3	55	0	4	nested_a_in_b	nested_a_in_b	3	1-1	False	62	0.291	0.959	gain	FP	TP
chr14	106272835	106279145	6310	0	39	0	3	nested_a_in_b	nested_a_in_b	3	1-1	False	42	0.291	1.0	gain	FP	TP
chr14	106272835	106280839	8004	1	32	0	3	nested_a_in_b	nested_a_in_b	3	1-1	False	36	0.291	0.943	gain	FP	TP
chr14	106272835	106284815	11980	0	22	0	3	nested_a_in_b	nested_a_in_b	3	1-1	False	25	0.291	1.0	gain	FP	TP
chr14	106272835	106284909	12074	1	21	0	3	nested_a_in_b	nested_a_in_b	3	1-1	False	25	0.291	0.941	gain	FP	TP
chr14	106272835	106288214	15379	1	19	0	2	nested_a_in_b	nested_a_in_b	3	1-1	False	22	0.291	0.912	gain	FP	TP
chr14	106272835	106289177	16342	1	19	0	2	nested_a_in_b	nested_a_in_b	3	1-1	False	22	0.291	0.977	gain	FP	TP
chr14	106272835	106289571	16736	0	18	0	2	nested_a_in_b	nested_a_in_b	3	1-1	False	20	0.291	0.988	gain	FP	TP
chr14	106272835	106290171	17336	0	17	0	1	mutual_excl	nested_a_in_b	3	1-1	False	18	0.291	0.976	gain	FP	TP
chr14	106272835	106290221	17386	0	16	0	1	mutual_excl	nested_a_in_b	3	1-1	False	17	0.291	1.0	gain	FP	TP
chr14	106272835	106290913	18078	0	16	0	1	mutual_excl	nested_a_in_b	3	1-1	False	17	0.291	0.977	gain	FP	TP
chr14	106272835	106291638	18803	0	17	0	1	mutual_excl	nested_a_in_b	3	1-1	False	18	0.291	1.0	gain	FP	TP
chr14	106272835	106292249	19414	0	14	0	1	mutual_excl	nested_a_in_b	3	1-1	False	15	0.291	1.0	gain	FP	TP
chr14	106272835	106292390	19555	1	14	0	1	mutual_excl	nested_a_in_b	3	1-1	False	16	0.291	0.989	gain	FP	TP
chr14	106272835	106293540	20705	1	12	0	1	mutual_excl	nested_a_in_b	3	1-1	False	14	0.291	0.932	gain	FP	TP
chr14	106272835	106293969	21134	1	10	0	1	mutual_excl	nested_a_in_b	3	1-1	False	12	0.291	0.951	gain	FP	TP
chr14	106272835	106298874	26039	0	11	0	1	mutual_excl	nested_a_in_b	3	1-1	False	12	0.291	0.954	gain	FP	TP
chr14	106272835	106300830	27995	0	10	0	1	mutual_excl	nested_a_in_b	3	1-1	False	11	0.291	0.979	gain	FP	TP
chr14	106272853	106275683	2830	3	54	0	5	nested_a_in_b	nested_a_in_b	3	1-1	False	62	0.301	0.959	gain	FP	TP
chr14	106272853	106279145	6292	0	38	0	4	nested_a_in_b	nested_a_in_b	3	1-1	False	42	0.301	1.0	gain	FP	TP
chr14	106272853	106280839	7986	1	32	0	3	nested_a_in_b	nested_a_in_b	3	1-1	False	36	0.301	0.943	gain	FP	TP
chr14	106272853	106284815	11962	0	22	0	3	nested_a_in_b	nested_a_in_b	3	1-1	False	25	0.301	1.0	gain	FP	TP
chr14	106272853	106284909	12056	1	21	0	3	nested_a_in_b	nested_a_in_b	3	1-1	False	25	0.301	0.941	gain	FP	TP
chr14	106272853	106288214	15361	1	19	0	2	nested_a_in_b	nested_a_in_b	3	1-1	False	22	0.301	0.912	gain	FP	TP
chr14	106272853	106289177	16324	1	19	0	2	nested_a_in_b	nested_a_in_b	3	1-1	False	22	0.301	0.977	gain	FP	TP
chr14	106272853	106289571	16718	0	18	0	2	nested_a_in_b	nested_a_in_b	3	1-1	False	20	0.301	0.988	gain	FP	TP
chr14	106272853	106290171	17318	0	17	0	1	mutual_excl	nested_a_in_b	3	1-1	False	18	0.301	0.976	gain	FP	TP
chr14	106272853	106290221	17368	0	16	0	1	mutual_excl	nested_a_in_b	3	1-1	False	17	0.301	1.0	gain	FP	TP
chr14	106272853	106290913	18060	0	16	0	1	mutual_excl	nested_a_in_b	3	1-1	False	17	0.301	0.977	gain	FP	TP
chr14	106272853	106291638	18785	0	17	0	1	mutual_excl	nested_a_in_b	3	1-1	False	18	0.301	1.0	gain	FP	TP
chr14	106272853	106292249	19396	0	14	0	1	mutual_excl	nested_a_in_b	3	1-1	False	15	0.301	1.0	gain	FP	TP
chr14	106272853	106292390	19537	1	14	0	1	mutual_excl	nested_a_in_b	3	1-1	False	16	0.301	0.989	gain	FP	TP
chr14	106272853	106293540	20687	1	12	0	1	mutual_excl	nested_a_in_b	3	1-1	False	14	0.301	0.932	gain	FP	TP
chr14	106272853	106293969	21116	1	10	0	1	mutual_excl	nested_a_in_b	3	1-1	False	12	0.301	0.951	gain	FP	TP
chr14	106272853	106298874	26021	0	11	0	1	mutual_excl	nested_a_in_b	3	1-1	False	12	0.301	0.954	gain	FP	TP
chr14	106272853	106300830	27977	0	10	0	1	mutual_excl	nested_a_in_b	3	1-1	False	11	0.301	0.979	gain	FP	TP
chr14	106272875	106275683	2808	3	53	0	5	nested_a_in_b	nested_a_in_b	3	1-1	False	61	0.294	0.959	gain	FP	TP
chr14	106272875	106279145	6270	0	37	0	4	nested_a_in_b	nested_a_in_b	3	1-1	False	41	0.294	1.0	gain	FP	TP
chr14	106272875	106280839	7964	1	32	0	3	nested_a_in_b	nested_a_in_b	3	1-1	False	36	0.294	0.943	gain	FP	TP
chr14	106272875	106284815	11940	0	22	0	3	nested_a_in_b	nested_a_in_b	3	1-1	False	25	0.294	1.0	gain	FP	TP
chr14	106272875	106284909	12034	1	21	0	3	nested_a_in_b	nested_a_in_b	3	1-1	False	25	0.294	0.941	gain	FP	TP
chr14	106272875	106288214	15339	1	19	0	2	nested_a_in_b	nested_a_in_b	3	1-1	False	22	0.294	0.912	gain	FP	TP
chr14	106272875	106289177	16302	1	19	0	2	nested_a_in_b	nested_a_in_b	3	1-1	False	22	0.294	0.977	gain	FP	TP
chr14	106272875	106289571	16696	0	18	0	2	nested_a_in_b	nested_a_in_b	3	1-1	False	20	0.294	0.988	gain	FP	TP
chr14	106272875	106290171	17296	0	17	0	1	mutual_excl	nested_a_in_b	3	1-1	False	18	0.294	0.976	gain	FP	TP
chr14	106272875	106290221	17346	0	16	0	1	mutual_excl	nested_a_in_b	3	1-1	False	17	0.294	1.0	gain	FP	TP
chr14	106272875	106290913	18038	0	16	0	1	mutual_excl	nested_a_in_b	3	1-1	False	17	0.294	0.977	gain	FP	TP
chr14	106272875	106291638	18763	0	17	0	1	mutual_excl	nested_a_in_b	3	1-1	False	18	0.294	1.0	gain	FP	TP
chr14	106272875	106292249	19374	0	14	0	1	mutual_excl	nested_a_in_b	3	1-1	False	15	0.294	1.0	gain	FP	TP
chr14	106272875	106292390	19515	1	14	0	1	mutual_excl	nested_a_in_b	3	1-1	False	16	0.294	0.989	gain	FP	TP
chr14	106272875	106293540	20665	1	12	0	1	mutual_excl	nested_a_in_b	3	1-1	False	14	0.294	0.932	gain	FP	TP
chr14	106272875	106293969	21094	1	10	0	1	mutual_excl	nested_a_in_b	3	1-1	False	12	0.294	0.951	gain	FP	TP
chr14	106272875	106298874	25999	0	11	0	1	mutual_excl	nested_a_in_b	3	1-1	False	12	0.294	0.954	gain	FP	TP
chr14	106272875	106300830	27955	0	10	0	1	mutual_excl	nested_a_in_b	3	1-1	False	11	0.294	0.979	gain	FP	TP
chr14	106272879	106275683	2804	3	53	0	6	nested_a_in_b	nested_a_in_b	3	1-1	False	62	0.311	0.959	gain	FP	TP
chr14	106272879	106279145	6266	0	37	0	5	nested_a_in_b	nested_a_in_b	3	1-1	False	42	0.311	1.0	gain	FP	TP
chr14	106272879	106280839	7960	1	31	0	4	nested_a_in_b	nested_a_in_b	3	1-1	False	36	0.311	0.943	gain	FP	TP
chr14	106272879	106284815	11936	0	21	0	4	nested_a_in_b	nested_a_in_b	3	1-1	False	25	0.311	1.0	gain	FP	TP
chr14	106272879	106284909	12030	1	20	0	4	nested_a_in_b	nested_a_in_b	3	1-1	False	25	0.311	0.941	gain	FP	TP
chr14	106272879	106288214	15335	1	18	0	3	nested_a_in_b	nested_a_in_b	3	1-1	False	22	0.311	0.912	gain	FP	TP
chr14	106272879	106289177	16298	1	18	0	3	nested_a_in_b	nested_a_in_b	3	1-1	False	22	0.311	0.977	gain	FP	TP
chr14	106272879	106289571	16692	0	17	0	3	nested_a_in_b	nested_a_in_b	3	1-1	False	20	0.311	0.988	gain	FP	TP
chr14	106272879	106290171	17292	0	16	0	2	nested_a_in_b	nested_a_in_b	3	1-1	False	18	0.311	0.976	gain	FP	TP
chr14	106272879	106290221	17342	0	15	0	2	nested_a_in_b	nested_a_in_b	3	1-1	False	17	0.311	1.0	gain	FP	TP
chr14	106272879	106290913	18034	0	16	0	1	mutual_excl	nested_a_in_b	3	1-1	False	17	0.311	0.977	gain	FP	TP
chr14	106272879	106291638	18759	0	16	0	2	nested_a_in_b	nested_a_in_b	3	1-1	False	18	0.311	1.0	gain	FP	TP
chr14	106272879	106292249	19370	0	13	0	2	nested_a_in_b	nested_a_in_b	3	1-1	False	15	0.311	1.0	gain	FP	TP
chr14	106272879	106292390	19511	1	13	0	2	nested_a_in_b	nested_a_in_b	3	1-1	False	16	0.311	0.989	gain	FP	TP
chr14	106272879	106293540	20661	1	12	0	1	mutual_excl	nested_a_in_b	3	1-1	False	14	0.311	0.932	gain	FP	TP
chr14	106272879	106293969	21090	1	10	0	1	mutual_excl	nested_a_in_b	3	1-1	False	12	0.311	0.951	gain	FP	TP
chr14	106272879	106298874	25995	0	11	0	1	mutual_excl	nested_a_in_b	3	1-1	False	12	0.311	0.954	gain	FP	TP
chr14	106272879	106300830	27951	0	10	0	1	mutual_excl	nested_a_in_b	3	1-1	False	11	0.311	0.979	gain	FP	TP
chr14	106272981	106275683	2702	2	51	0	5	nested_a_in_b	nested_a_in_b	3	1-1	False	58	0.327	0.959	gain	FP	TP
chr14	106272981	106279145	6164	0	35	0	4	nested_a_in_b	nested_a_in_b	3	1-1	False	39	0.327	1.0	gain	FP	TP
chr14	106272981	106280839	7858	1	29	0	3	nested_a_in_b	nested_a_in_b	3	1-1	False	33	0.327	0.943	gain	FP	TP
chr14	106272981	106284815	11834	0	19	0	3	nested_a_in_b	nested_a_in_b	3	1-1	False	22	0.327	1.0	gain	FP	TP
chr14	106272981	106284909	11928	0	19	0	3	nested_a_in_b	nested_a_in_b	3	1-1	False	22	0.327	0.941	gain	FP	TP
chr14	106272981	106288214	15233	1	16	0	2	nested_a_in_b	nested_a_in_b	3	1-1	False	19	0.327	0.912	gain	FP	TP
chr14	106272981	106289177	16196	0	17	0	2	nested_a_in_b	nested_a_in_b	3	1-1	False	19	0.327	0.977	gain	FP	TP
chr14	106272981	106289571	16590	0	16	0	2	nested_a_in_b	nested_a_in_b	3	1-1	False	18	0.327	0.988	gain	FP	TP
chr14	106272981	106290171	17190	0	15	0	1	mutual_excl	nested_a_in_b	3	1-1	False	16	0.327	0.976	gain	FP	TP
chr14	106272981	106290221	17240	0	14	0	1	mutual_excl	nested_a_in_b	3	1-1	False	15	0.327	1.0	gain	FP	TP
chr14	106272981	106290913	17932	0	14	0	1	mutual_excl	nested_a_in_b	3	1-1	False	15	0.327	0.977	gain	FP	TP
chr14	106272981	106291638	18657	0	15	0	1	mutual_excl	nested_a_in_b	3	1-1	False	16	0.327	1.0	gain	FP	TP
chr14	106272981	106292249	19268	0	13	0	1	mutual_excl	nested_a_in_b	3	1-1	False	14	0.327	1.0	gain	FP	TP
chr14	106272981	106292390	19409	0	13	0	1	mutual_excl	nested_a_in_b	3	1-1	False	14	0.327	0.989	gain	FP	TP
chr14	106272981	106293540	20559	1	11	0	1	mutual_excl	nested_a_in_b	3	1-1	False	13	0.327	0.932	gain	FP	TP
chr14	106272981	106293969	20988	1	10	0	1	mutual_excl	nested_a_in_b	3	1-1	False	12	0.327	0.951	gain	FP	TP
chr14	106272981	106298874	25893	0	11	0	1	mutual_excl	nested_a_in_b	3	1-1	False	12	0.327	0.954	gain	FP	TP
chr14	106272981	106300830	27849	0	10	0	1	mutual_excl	nested_a_in_b	3	1-1	False	11	0.327	0.979	gain	FP	TP
chr14	106273054	106275683	2629	3	52	0	7	nested_a_in_b	nested_a_in_b	3	1-1	False	62	0.32	0.959	gain	FP	TP
chr14	106273054	106279145	6091	0	36	0	6	nested_a_in_b	nested_a_in_b	3	1-1	False	42	0.32	1.0	gain	FP	TP
chr14	106273054	106280839	7785	1	30	0	5	nested_a_in_b	nested_a_in_b	3	1-1	False	36	0.32	0.943	gain	FP	TP
chr14	106273054	106284815	11761	0	20	0	5	nested_a_in_b	nested_a_in_b	3	1-1	False	25	0.32	1.0	gain	FP	TP
chr14	106273054	106284909	11855	1	19	0	5	nested_a_in_b	nested_a_in_b	3	1-1	False	25	0.32	0.941	gain	FP	TP
chr14	106273054	106289177	16123	1	17	0	4	nested_a_in_b	nested_a_in_b	3	1-1	False	22	0.32	0.977	gain	FP	TP
chr14	106273054	106289571	16517	0	16	0	4	nested_a_in_b	nested_a_in_b	3	1-1	False	20	0.32	0.988	gain	FP	TP
chr14	106273054	106290171	17117	0	15	0	3	nested_a_in_b	nested_a_in_b	3	1-1	False	18	0.32	0.976	gain	FP	TP
chr14	106273054	106290221	17167	0	14	0	3	nested_a_in_b	nested_a_in_b	3	1-1	False	17	0.32	1.0	gain	FP	TP
chr14	106273054	106290913	17859	0	14	0	3	nested_a_in_b	nested_a_in_b	3	1-1	False	17	0.32	0.977	gain	FP	TP
chr14	106273054	106291638	18584	0	15	0	3	nested_a_in_b	nested_a_in_b	3	1-1	False	18	0.32	1.0	gain	FP	TP
chr14	106273054	106292249	19195	0	12	0	3	nested_a_in_b	nested_a_in_b	3	1-1	False	15	0.32	1.0	gain	FP	TP
chr14	106273054	106292390	19336	1	12	0	3	nested_a_in_b	nested_a_in_b	3	1-1	False	16	0.32	0.989	gain	FP	TP
chr14	106273054	106293969	20915	1	9	0	2	nested_a_in_b	nested_a_in_b	3	1-1	False	12	0.32	0.951	gain	FP	TP
chr14	106273054	106298874	25820	0	9	0	3	nested_a_in_b	nested_a_in_b	3	1-1	False	12	0.32	0.954	gain	FP	TP
chr14	106273054	106300830	27776	0	8	0	3	nested_a_in_b	nested_a_in_b	3	1-1	False	11	0.32	0.979	gain	FP	TP
chr14	106273054	106305342	32288	0	4	0	2	nested_a_in_b	nested_a_in_b	3	1-1	False	6	0.32	0.965	gain	FP	TP
chr14	106273055	106275683	2628	3	53	0	5	nested_a_in_b	nested_a_in_b	3	1-1	False	61	0.31	0.959	gain	FP	TP
chr14	106273055	106279145	6090	0	37	0	4	nested_a_in_b	nested_a_in_b	3	1-1	False	41	0.31	1.0	gain	FP	TP
chr14	106273055	106280839	7784	1	31	0	3	nested_a_in_b	nested_a_in_b	3	1-1	False	35	0.31	0.943	gain	FP	TP
chr14	106273055	106284815	11760	0	21	0	3	nested_a_in_b	nested_a_in_b	3	1-1	False	24	0.31	1.0	gain	FP	TP
chr14	106273055	106284909	11854	1	20	0	3	nested_a_in_b	nested_a_in_b	3	1-1	False	24	0.31	0.941	gain	FP	TP
chr14	106273055	106288214	15159	1	18	0	2	nested_a_in_b	nested_a_in_b	3	1-1	False	21	0.31	0.912	gain	FP	TP
chr14	106273055	106289177	16122	1	18	0	2	nested_a_in_b	nested_a_in_b	3	1-1	False	21	0.31	0.977	gain	FP	TP
chr14	106273055	106289571	16516	0	17	0	2	nested_a_in_b	nested_a_in_b	3	1-1	False	19	0.31	0.988	gain	FP	TP
chr14	106273055	106290171	17116	0	16	0	1	mutual_excl	nested_a_in_b	3	1-1	False	17	0.31	0.976	gain	FP	TP
chr14	106273055	106290221	17166	0	16	0	1	mutual_excl	nested_a_in_b	3	1-1	False	17	0.31	1.0	gain	FP	TP
chr14	106273055	106290913	17858	0	15	0	1	mutual_excl	nested_a_in_b	3	1-1	False	16	0.31	0.977	gain	FP	TP
chr14	106273055	106291638	18583	0	16	0	1	mutual_excl	nested_a_in_b	3	1-1	False	17	0.31	1.0	gain	FP	TP
chr14	106273055	106292249	19194	0	14	0	1	mutual_excl	nested_a_in_b	3	1-1	False	15	0.31	1.0	gain	FP	TP
chr14	106273055	106292390	19335	1	14	0	1	mutual_excl	nested_a_in_b	3	1-1	False	16	0.31	0.989	gain	FP	TP
chr14	106273055	106293540	20485	1	12	0	1	mutual_excl	nested_a_in_b	3	1-1	False	14	0.31	0.932	gain	FP	TP
chr14	106273055	106293969	20914	1	10	0	1	mutual_excl	nested_a_in_b	3	1-1	False	12	0.31	0.951	gain	FP	TP
chr14	106273055	106298874	25819	0	11	0	1	mutual_excl	nested_a_in_b	3	1-1	False	12	0.31	0.954	gain	FP	TP
chr14	106273055	106300830	27775	0	10	0	1	mutual_excl	nested_a_in_b	3	1-1	False	11	0.31	0.979	gain	FP	TP
chr14	106273615	106275683	2068	3	56	0	5	nested_a_in_b	nested_a_in_b	3	1-1	False	64	0.281	0.959	gain	FP	TP
chr14	106273615	106279145	5530	0	38	0	4	nested_a_in_b	nested_a_in_b	3	1-1	False	42	0.281	1.0	gain	FP	TP
chr14	106273615	106280839	7224	2	32	0	3	nested_a_in_b	nested_a_in_b	3	1-1	False	37	0.281	0.943	gain	FP	TP
chr14	106273615	106284815	11200	0	23	0	3	nested_a_in_b	nested_a_in_b	3	1-1	False	26	0.281	1.0	gain	FP	TP
chr14	106273615	106284909	11294	1	22	0	3	nested_a_in_b	nested_a_in_b	3	1-1	False	26	0.281	0.941	gain	FP	TP
chr14	106273615	106288214	14599	1	20	0	2	nested_a_in_b	nested_a_in_b	3	1-1	False	23	0.281	0.912	gain	FP	TP
chr14	106273615	106289177	15562	1	20	0	2	nested_a_in_b	nested_a_in_b	3	1-1	False	23	0.281	0.977	gain	FP	TP
chr14	106273615	106289571	15956	0	19	0	2	nested_a_in_b	nested_a_in_b	3	1-1	False	21	0.281	0.988	gain	FP	TP
chr14	106273615	106290171	16556	0	18	0	1	mutual_excl	nested_a_in_b	3	1-1	False	19	0.281	0.976	gain	FP	TP
chr14	106273615	106290221	16606	0	17	0	1	mutual_excl	nested_a_in_b	3	1-1	False	18	0.281	1.0	gain	FP	TP
chr14	106273615	106290913	17298	0	17	0	1	mutual_excl	nested_a_in_b	3	1-1	False	18	0.281	0.977	gain	FP	TP
chr14	106273615	106291638	18023	0	18	0	1	mutual_excl	nested_a_in_b	3	1-1	False	19	0.281	1.0	gain	FP	TP
chr14	106273615	106292249	18634	0	15	0	1	mutual_excl	nested_a_in_b	3	1-1	False	16	0.281	1.0	gain	FP	TP
chr14	106273615	106292390	18775	1	15	0	1	mutual_excl	nested_a_in_b	3	1-1	False	17	0.281	0.989	gain	FP	TP
chr14	106273615	106293540	19925	1	13	0	1	mutual_excl	nested_a_in_b	3	1-1	False	15	0.281	0.932	gain	FP	TP
chr14	106273615	106293969	20354	1	11	0	1	mutual_excl	nested_a_in_b	3	1-1	False	13	0.281	0.951	gain	FP	TP
chr14	106273615	106298874	25259	0	12	0	1	mutual_excl	nested_a_in_b	3	1-1	False	13	0.281	0.954	gain	FP	TP
chr14	106273615	106300830	27215	0	11	0	1	mutual_excl	nested_a_in_b	3	1-1	False	12	0.281	0.979	gain	FP	TP
chr19	53161571	53175807	14236	16	1	0	3	nested_a_in_b	nested_a_in_b	3	2-1	False	20	0.219	0.241	loh	TP	TP
chr5	2505454	2518709	13255	22	5	0	11	nested_a_in_b	nested_a_in_b	3	2-1	False	38	0.201	0.342	gain	TP	TP
chr5	24824897	24842653	17756	13	1	0	5	nested_a_in_b	nested_a_in_b	3	2-1	False	19	0.258	0.426	gain	TP	TP
chr5	55115847	55142099	26252	1	5	0	1	mutual_excl	nested_a_in_b	3	1-1	False	7	0.509	0.968	loh	TP	TP
chr5	86685318	86707575	22257	0	3	0	4	nested_a_in_b	nested_a_in_b	1-1	3	False	7	0.379	0.927	loh	TP	TP
chr5	152672404	152700550	28146	1	6	0	5	nested_a_in_b	nested_a_in_b	2-1	3	False	12	0.545	0.988	gain	TP	TP
chr5	152673440	152700550	27110	1	5	0	6	nested_a_in_b	nested_a_in_b	2-1	3	False	12	0.407	0.988	gain	TP	TP
chr10	37108069	37115719	7650	29	2	0	23	nested_a_in_b	nested_a_in_b	2-1	1-1	False	54	0.404	0.429	gain	TP	TP
chr10	44177502	44213184	35682	2	5	0	1	mutual_excl	nested_a_in_b	1-1	2-1	False	8	0.315	0.333	gain	TP	TP
chr10	44213184	44232390	19206	26	1	0	11	nested_a_in_b	nested_a_in_b	2-1	3	False	38	0.333	0.364	gain	TP	TP
chr15	27306194	27306417	223	40	1	0	11	nested_a_in_b	nested_a_in_b	2-1	1-1	False	52	0.254	0.222	loh	FP	FP
chr15	27306196	27306470	274	41	1	0	14	nested_a_in_b	nested_a_in_b	1-1	2-1	False	56	0.233	0.263	loh	FP	FP
chr15	27306234	27306417	183	41	1	0	11	nested_a_in_b	nested_a_in_b	2-1	1-1	False	53	0.25	0.222	loh	FP	FP
chr15	27306278	27306470	192	41	2	0	13	nested_a_in_b	nested_a_in_b	1-1	2-1	False	56	0.241	0.263	loh	FP	FP
chr15	27306311	27306417	106	41	2	0	9	nested_a_in_b	nested_a_in_b	2-1	1-1	False	52	0.179	0.222	loh	FP	FP
chr15	27306354	27306470	116	41	2	0	13	nested_a_in_b	nested_a_in_b	1-1	2-1	False	56	0.259	0.263	loh	FP	FP
chr15	47999220	48020109	20889	0	1	0	8	nested_a_in_b	nested_a_in_b	3	2-1	False	9	0.949	0.934	loh	TP	TP
chr20	56197027	56209628	12601	27	1	0	3	nested_a_in_b	nested_a_in_b	3	2-1	False	31	0.098	0.101	gain	FP	FP
chr20	56457447	56459886	2439	79	5	0	8	nested_a_in_b	nested_a_in_b	1-1	2-1	False	92	0.087	0.121	gain	FP	FP
chr20	56458420	56458657	237	106	1	0	8	nested_a_in_b	nested_a_in_b	1-1	3	False	115	0.067	0.074	gain	FP	FP
chr20	56458420	56459886	1466	90	4	0	8	nested_a_in_b	nested_a_in_b	1-1	2-1	False	102	0.067	0.121	gain	FP	FP
chr20	56458657	56460309	1652	89	2	0	8	nested_a_in_b	nested_a_in_b	3	1-1	False	99	0.074	0.095	gain	FP	FP
chr20	56458657	56467010	8353	57	1	0	3	nested_a_in_b	nested_a_in_b	3	1-1	False	61	0.074	0.076	gain	FP	FP
chr20	56458800	56459886	1086	95	7	0	7	nested_a_in_b	nested_a_in_b	3	2-1	False	109	0.055	0.121	gain	FP	FP
chr20	56458800	56460309	1509	93	4	0	7	nested_a_in_b	nested_a_in_b	3	1-1	False	104	0.055	0.095	gain	FP	FP
chr20	56458800	56467010	8210	61	2	0	2	nested_a_in_b	nested_a_in_b	3	1-1	False	65	0.055	0.076	gain	FP	FP
