chrom	pos_a	pos_b	dist	RR	RA	AR	AA	rel	config	hp_a	hp_b	same_hp	coread	vaf_a	vaf_b	cn_a	src_a	src_b
chr1	1320793	1336326	15533	0	1	0	19	nested_a_in_b	nested_a_in_b	2-1	2-1	True	20	0.951	0.967	loh	TP	TP
chr1	5632971	5647379	14408	2	18	0	2	nested_a_in_b	nested_a_in_b	2-1	2-1	True	22	0.039	0.897	loh	TP	TP
chr1	5816053	5816054	1	6	1	0	53	nested_a_in_b	nested_a_in_b	1-1	1-1	True	60	0.883	0.9	loh	TP	TP
chr1	7500258	7500279	21	47	4	0	13	nested_a_in_b	nested_a_in_b	2-1	2-1	True	64	0.2	0.277	loh	FP	FP
chr1	8678694	8699997	21303	0	2	0	9	nested_a_in_b	nested_a_in_b	2-1	2-1	True	11	0.945	0.952	loh	TP	TP
chr1	9095521	9095522	1	40	1	0	18	nested_a_in_b	nested_a_in_b	1-1	1-1	True	59	0.305	0.339	loh	TP	TP
chr1	11387326	11395895	8569	2	19	0	13	nested_a_in_b	nested_a_in_b	1-1	1-1	True	34	0.352	0.962	gain	TP	TP
chr1	11476972	11495599	18627	0	1	0	21	nested_a_in_b	nested_a_in_b	1-1	1-1	True	22	0.988	1.0	gain	TP	TP
chr1	12724814	12732374	7560	0	19	0	27	nested_a_in_b	nested_a_in_b	1-1	1-1	True	46	0.675	0.986	gain	TP	TP
chr1	12724815	12732374	7559	0	21	0	26	nested_a_in_b	nested_a_in_b	1-1	1-1	True	47	0.622	0.986	gain	TP	TP
chr1	17421003	17440544	19541	1	1	0	18	nested_a_in_b	nested_a_in_b	3	3	True	20	0.963	0.978	gain	TP	TP
chr1	17421003	17441137	20134	1	2	0	19	nested_a_in_b	nested_a_in_b	3	3	True	22	0.963	0.989	gain	TP	TP
chr1	17440544	17441137	593	1	1	0	83	nested_a_in_b	nested_a_in_b	3	3	True	85	0.978	0.989	gain	TP	TP
chr1	20304224	20313753	9529	1	1	0	37	nested_a_in_b	nested_a_in_b	1-1	1-1	True	39	0.942	0.986	gain	TP	TP
chr1	20322912	20327117	4205	3	24	0	20	nested_a_in_b	nested_a_in_b	1-1	1-1	True	47	0.431	0.944	gain	TP	TP
chr1	20322912	20332194	9282	1	15	0	13	nested_a_in_b	nested_a_in_b	1-1	1-1	True	29	0.431	0.986	gain	TP	TP
chr1	20327117	20332194	5077	1	1	0	42	nested_a_in_b	nested_a_in_b	1-1	1-1	True	44	0.944	0.986	gain	TP	TP
chr1	22634437	22660991	26554	0	8	0	5	nested_a_in_b	nested_a_in_b	1-1	1-1	True	13	0.518	1.0	gain	TP	TP
chr1	22634437	22667837	33400	0	4	0	2	nested_a_in_b	nested_a_in_b	1-1	1-1	True	6	0.518	0.932	gain	TP	TP
chr1	24492167	24515927	23760	1	10	0	5	nested_a_in_b	nested_a_in_b	2-1	2-1	True	16	0.287	0.876	gain	TP	TP
chr1	24864071	24892118	28047	0	1	0	7	nested_a_in_b	nested_a_in_b	2-1	2-1	True	8	0.946	0.989	gain	TP	TP
chr1	25288192	25288662	470	67	1	0	10	nested_a_in_b	nested_a_in_b	1-1	1-1	True	78	0.155	0.138	gain	FP	FP
chr1	25288194	25288662	468	68	2	0	9	nested_a_in_b	nested_a_in_b	1-1	1-1	True	79	0.141	0.138	gain	FP	FP
chr1	26039716	26072337	32621	0	1	0	6	nested_a_in_b	nested_a_in_b	2-1	2-1	True	7	0.96	0.976	gain	TP	TP
chr1	29059549	29076139	16590	0	1	0	12	nested_a_in_b	nested_a_in_b	2-1	2-1	True	13	0.938	0.971	gain	TP	TP
chr1	30538580	30551369	12789	0	11	0	4	nested_a_in_b	nested_a_in_b	2-1	2-1	True	15	0.296	1.0	gain	TP	TP
chr1	31754135	31773605	19470	0	7	0	1	mutual_excl	nested_a_in_b	1-1	1-1	True	8	0.232	0.976	gain	TP	TP
chr1	33540012	33567887	27875	0	5	0	5	nested_a_in_b	nested_a_in_b	2-1	2-1	True	10	0.537	0.934	gain	TP	TP
chr1	35448200	35452497	4297	1	42	0	13	nested_a_in_b	nested_a_in_b	2-1	2-1	True	56	0.281	0.988	gain	TP	TP
chr1	36566505	36586753	20248	0	10	0	4	nested_a_in_b	nested_a_in_b	2-1	2-1	True	14	0.586	0.952	gain	TP	TP
chr1	37044956	37068439	23483	1	1	0	9	nested_a_in_b	nested_a_in_b	1-1	1-1	True	11	0.97	0.943	neutral	TP	TP
chr1	37235269	37254240	18971	0	9	0	2	nested_a_in_b	nested_a_in_b	1-1	1-1	True	11	0.243	0.914	loh	FP	TP
chr1	37266948	37290070	23122	0	1	0	10	nested_a_in_b	nested_a_in_b	1-1	1-1	True	11	0.905	0.912	loh	TP	TP
chr1	37368770	37369340	570	0	33	0	22	nested_a_in_b	nested_a_in_b	1-1	1-1	True	55	0.406	1.0	loh	TP	TP
chr1	38748531	38763132	14601	0	9	0	8	nested_a_in_b	nested_a_in_b	1-1	1-1	True	17	0.396	1.0	loh	TP	TP
chr1	40284533	40308605	24072	2	3	0	2	nested_a_in_b	nested_a_in_b	1-1	1-1	True	7	0.358	0.706	loh	TP	TP
chr1	40883025	40902842	19817	6	10	0	5	nested_a_in_b	nested_a_in_b	1-1	1-1	True	21	0.149	0.689	gain	FP	TP
chr1	40902842	40930293	27451	0	1	0	5	nested_a_in_b	nested_a_in_b	1-1	1-1	True	6	0.689	0.764	gain	TP	TP
chr1	40971948	40972224	276	53	5	0	33	nested_a_in_b	nested_a_in_b	1-1	1-1	True	91	0.385	0.409	gain	TP	TP
chr1	43737068	43757112	20044	0	11	0	7	nested_a_in_b	nested_a_in_b	2-1	2-1	True	18	0.237	0.989	gain	TP	TP
chr1	43743239	43757112	13873	0	26	0	2	nested_a_in_b	nested_a_in_b	2-1	2-1	True	28	0.061	0.989	gain	FP	TP
chr1	43943718	43960390	16672	15	1	0	8	nested_a_in_b	nested_a_in_b	2-1	2-1	True	24	0.321	0.236	gain	TP	TP
chr1	44052632	44077844	25212	3	1	0	7	nested_a_in_b	nested_a_in_b	2-1	2-1	True	11	0.748	0.648	gain	TP	TP
chr1	48063840	48081616	17776	5	6	0	3	nested_a_in_b	nested_a_in_b	1-1	1-1	True	14	0.222	0.625	gain	TP	TP
chr1	49461119	49478373	17254	3	7	0	9	nested_a_in_b	nested_a_in_b	3	3	True	19	0.372	0.7	gain	TP	TP
chr1	51604543	51618265	13722	27	1	0	6	nested_a_in_b	nested_a_in_b	1-1	1-1	True	34	0.224	0.176	gain	TP	TP
chr1	52096881	52105341	8460	20	3	0	5	nested_a_in_b	nested_a_in_b	1-1	1-1	True	28	0.287	0.379	gain	TP	TP
chr1	53414848	53435283	20435	1	1	0	4	nested_a_in_b	nested_a_in_b	1-1	1-1	True	6	0.593	0.468	loh	TP	TP
chr1	55205627	55233234	27607	0	2	0	5	nested_a_in_b	nested_a_in_b	2-1	2-1	True	7	0.5	1.0	loh	TP	TP
chr1	57501374	57521711	20337	1	5	0	5	nested_a_in_b	nested_a_in_b	1-1	1-1	True	11	0.4	0.922	loh	TP	TP
chr1	58293427	58306441	13014	2	5	0	3	nested_a_in_b	nested_a_in_b	1-1	1-1	True	10	0.28	0.867	loss	FP	TP
chr1	61221893	61238452	16559	2	1	0	9	nested_a_in_b	nested_a_in_b	2-1	2-1	True	12	0.633	0.542	loh	TP	TP
chr1	64570865	64576591	5726	13	2	0	14	nested_a_in_b	nested_a_in_b	1-1	1-1	True	29	0.491	0.508	loh	TP	TP
chr1	64570865	64581152	10287	9	1	0	10	nested_a_in_b	nested_a_in_b	1-1	1-1	True	20	0.491	0.521	loh	TP	TP
chr1	68837418	68849100	11682	13	1	0	12	nested_a_in_b	nested_a_in_b	2-1	2-1	True	26	0.436	0.552	loh	TP	TP
chr1	70430797	70448441	17644	1	1	0	7	nested_a_in_b	nested_a_in_b	2-1	2-1	True	9	0.821	0.949	loss	TP	TP
chr1	75093051	75106326	13275	1	1	0	11	nested_a_in_b	nested_a_in_b	1-1	1-1	True	13	0.889	0.964	loss	TP	TP
chr1	75234399	75234995	596	12	1	0	2	nested_a_in_b	nested_a_in_b	1-1	1-1	True	15	0.118	0.176	loss	FP	FP
chr1	75234399	75235266	867	10	1	0	2	nested_a_in_b	nested_a_in_b	1-1	1-1	True	13	0.118	0.188	loss	FP	FP
chr1	75234399	75235306	907	11	1	0	2	nested_a_in_b	nested_a_in_b	1-1	1-1	True	14	0.118	0.176	loss	FP	FP
chr1	75234995	75241725	6730	4	1	0	1	sparse	nested_a_in_b	1-1	1-1	True	6	0.176	0.182	loss	FP	FP
chr1	75235306	75241725	6419	4	1	0	1	sparse	nested_a_in_b	1-1	1-1	True	6	0.176	0.182	loss	FP	FP
chr1	75235554	75241725	6171	4	1	0	1	sparse	nested_a_in_b	1-1	1-1	True	6	0.125	0.182	loss	FP	FP
chr1	75235996	75241725	5729	4	1	0	1	sparse	nested_a_in_b	1-1	1-1	True	6	0.111	0.182	loss	FP	FP
chr1	75271278	75273885	2607	21	1	0	3	nested_a_in_b	nested_a_in_b	1-1	1-1	True	25	0.088	0.143	loss	FP	FP
chr1	77371743	77371756	13	25	1	0	20	nested_a_in_b	nested_a_in_b	1-1	1-1	True	46	0.392	0.457	loh	TP	TP
chr1	78728599	78728619	20	26	1	0	28	nested_a_in_b	nested_a_in_b	1-1	1-1	True	55	0.509	0.518	loh	TP	TP
chr1	81173775	81180842	7067	7	1	0	21	nested_a_in_b	nested_a_in_b	2-1	2-1	True	29	0.607	0.635	loh	TP	TP
chr1	81238063	81245889	7826	13	1	0	7	nested_a_in_b	nested_a_in_b	2-1	2-1	True	21	0.333	0.379	loh	TP	TP
chr1	83099892	83123583	23691	1	3	0	4	nested_a_in_b	nested_a_in_b	2-1	2-1	True	8	0.379	0.51	loh	TP	TP
chr1	84027479	84033263	5784	18	17	0	3	nested_a_in_b	nested_a_in_b	3	3	True	38	0.071	0.538	gain	FP	TP
chr1	84988382	85003424	15042	12	1	0	21	nested_a_in_b	nested_a_in_b	2-1	2-1	True	34	0.491	0.622	gain	TP	TP
chr1	87520100	87535957	15857	32	1	0	5	nested_a_in_b	nested_a_in_b	1-1	1-1	True	38	0.217	0.177	gain	TP	TP
chr1	87520100	87546409	26309	13	1	0	3	nested_a_in_b	nested_a_in_b	1-1	1-1	True	17	0.217	0.176	gain	TP	FP
chr1	87894330	87912746	18416	10	10	0	4	nested_a_in_b	nested_a_in_b	2-1	2-1	True	24	0.181	0.536	gain	TP	TP
chr1	87941084	87955511	14427	28	15	0	11	nested_a_in_b	nested_a_in_b	2-1	2-1	True	54	0.195	0.472	gain	TP	TP
chr1	88389944	88417671	27727	5	1	0	1	sparse	nested_a_in_b	1-1	1-1	True	7	0.147	0.522	gain	TP	TP
chr1	88389944	88417705	27761	5	1	0	1	sparse	nested_a_in_b	1-1	1-1	True	7	0.147	0.5	gain	TP	TP
chr1	88633847	88651276	17429	7	16	0	1	mutual_excl	nested_a_in_b	2-1	2-1	True	24	0.125	0.566	gain	TP	TP
chr1	88633847	88651278	17431	7	16	0	1	mutual_excl	nested_a_in_b	2-1	2-1	True	24	0.125	0.574	gain	TP	TP
chr1	90403877	90413566	9689	0	27	0	15	nested_a_in_b	nested_a_in_b	2-1	2-1	True	42	0.257	0.99	gain	TP	TP
chr1	90699650	90714575	14925	16	1	0	7	nested_a_in_b	nested_a_in_b	2-1	2-1	True	24	0.21	0.253	gain	TP	TP
chr1	90850334	90865225	14891	8	18	0	5	nested_a_in_b	nested_a_in_b	2-1	2-1	True	31	0.229	0.735	gain	TP	TP
chr1	91503570	91508884	5314	39	1	0	13	nested_a_in_b	nested_a_in_b	1-1	1-1	True	53	0.269	0.236	gain	TP	TP
chr1	93240987	93261566	20579	10	10	0	2	nested_a_in_b	nested_a_in_b	1-1	1-1	True	22	0.173	0.573	gain	TP	TP
chr1	94912595	94922306	9711	44	1	0	9	nested_a_in_b	nested_a_in_b	2-1	2-1	True	54	0.2	0.254	gain	TP	TP
chr1	99745416	99753816	8400	21	1	0	1	sparse	nested_a_in_b	3	3	True	23	0.067	0.068	loh	FP	FP
chr1	102920658	102920743	85	33	1	0	28	nested_a_in_b	nested_a_in_b	1-1	1-1	True	62	0.452	0.476	loh	TP	TP
chr1	104007186	104027802	20616	6	1	0	5	nested_a_in_b	nested_a_in_b	3	3	True	12	0.491	0.413	loh	TP	FP
chr1	107263744	107284188	20444	10	1	0	4	nested_a_in_b	nested_a_in_b	1-1	1-1	True	15	0.35	0.424	loh	TP	TP
chr1	111671634	111674356	2722	36	1	0	4	nested_a_in_b	nested_a_in_b	1-1	1-1	True	41	0.086	0.107	loh	FP	FP
chr1	112079659	112090258	10599	8	2	0	8	nested_a_in_b	nested_a_in_b	1-1	1-1	True	18	0.442	0.482	loh	TP	TP
chr1	118426137	118454941	28804	3	2	0	6	nested_a_in_b	nested_a_in_b	2-1	2-1	True	11	0.204	0.327	gain	TP	TP
chr1	118463839	118487551	23712	11	2	0	2	nested_a_in_b	nested_a_in_b	2-1	2-1	True	15	0.165	0.374	gain	TP	TP
chr1	119365028	119365298	270	86	31	0	20	nested_a_in_b	nested_a_in_b	1-1	1-1	True	137	0.136	0.364	gain	TP	TP
chr1	119638300	119638301	1	96	2	0	21	nested_a_in_b	nested_a_in_b	1-1	1-1	True	119	0.172	0.198	gain	TP	TP
chr1	121351372	121380537	29165	0	6	0	4	nested_a_in_b	nested_a_in_b	1-1	1-1	True	10	0.253	0.726	gain	FP	TP
chr1	143764090	143765021	931	79	4	0	22	nested_a_in_b	nested_a_in_b	2-1	2-1	True	105	0.202	0.252	gain	FP	FP
chr1	143764090	143765080	990	78	2	0	23	nested_a_in_b	nested_a_in_b	2-1	2-1	True	103	0.202	0.255	gain	FP	FP
chr1	143764090	143765165	1075	77	3	0	22	nested_a_in_b	nested_a_in_b	2-1	2-1	True	102	0.202	0.259	gain	FP	FP
chr1	143764090	143765234	1144	75	3	0	20	nested_a_in_b	nested_a_in_b	2-1	2-1	True	98	0.202	0.262	gain	FP	FP
chr1	143764090	143765291	1201	77	2	0	22	nested_a_in_b	nested_a_in_b	2-1	2-1	True	101	0.202	0.261	gain	FP	FP
chr1	143764090	143768269	4179	62	3	0	13	nested_a_in_b	nested_a_in_b	2-1	2-1	True	78	0.202	0.162	gain	FP	FP
chr1	143764121	143768269	4148	61	4	0	13	nested_a_in_b	nested_a_in_b	2-1	2-1	True	78	0.219	0.162	gain	FP	FP
chr1	143765080	143765165	85	79	1	0	27	nested_a_in_b	nested_a_in_b	2-1	2-1	True	107	0.255	0.259	gain	FP	FP
chr1	143765080	143765234	154	78	1	0	24	nested_a_in_b	nested_a_in_b	2-1	2-1	True	103	0.255	0.262	gain	FP	FP
chr1	143765080	143768269	3189	64	2	0	15	nested_a_in_b	nested_a_in_b	2-1	2-1	True	81	0.255	0.162	gain	FP	FP
chr1	143765291	143768269	2978	65	2	0	15	nested_a_in_b	nested_a_in_b	2-1	2-1	True	82	0.261	0.162	gain	FP	FP
chr1	146481465	146493866	12401	10	10	0	1	mutual_excl	nested_a_in_b	2-1	2-1	True	21	0.139	0.432	gain	FP	FP
chr1	146481465	146494845	13380	8	9	0	1	mutual_excl	nested_a_in_b	2-1	2-1	True	18	0.139	0.421	gain	FP	FP
chr1	146493866	146494845	979	21	2	0	14	nested_a_in_b	nested_a_in_b	2-1	2-1	True	37	0.432	0.421	gain	FP	FP
chr1	147353392	147353393	1	69	1	0	29	nested_a_in_b	nested_a_in_b	1-1	1-1	True	99	0.29	0.303	gain	TP	TP
chr1	147709001	147736663	27662	4	1	0	3	nested_a_in_b	nested_a_in_b	2-1	2-1	True	8	0.365	0.586	gain	TP	TP
chr1	148251645	148268919	17274	12	10	0	6	nested_a_in_b	nested_a_in_b	1-1	1-1	True	28	0.275	0.67	gain	TP	TP
chr1	159280155	159291171	11016	12	1	0	15	nested_a_in_b	nested_a_in_b	1-1	1-1	True	28	0.36	0.385	gain	TP	TP
chr1	160059164	160072252	13088	9	5	0	11	nested_a_in_b	nested_a_in_b	1-1	1-1	True	25	0.259	0.632	gain	TP	TP
chr1	160059164	160072433	13269	10	4	0	11	nested_a_in_b	nested_a_in_b	1-1	1-1	True	25	0.259	0.62	gain	TP	TP
chr1	163420420	163433413	12993	18	11	0	2	nested_a_in_b	nested_a_in_b	2-1	2-1	True	31	0.067	0.402	gain	TP	TP
chr1	166205113	166221021	15908	7	4	0	6	nested_a_in_b	nested_a_in_b	1-1	1-1	True	17	0.27	0.617	gain	TP	TP
chr1	166702679	166712674	9995	23	2	0	11	nested_a_in_b	nested_a_in_b	2-1	2-1	True	36	0.411	0.351	gain	TP	TP
chr1	167132610	167138179	5569	40	1	0	11	nested_a_in_b	nested_a_in_b	2-1	2-1	True	52	0.217	0.262	gain	TP	TP
chr1	169998397	170014931	16534	9	6	0	6	nested_a_in_b	nested_a_in_b	2-1	2-1	True	21	0.212	0.57	gain	FP	TP
chr1	176990013	177006184	16171	7	4	0	5	nested_a_in_b	nested_a_in_b	1-1	1-1	True	16	0.261	0.728	gain	TP	TP
chr1	178044672	178050236	5564	24	1	0	31	nested_a_in_b	nested_a_in_b	1-1	1-1	True	56	0.544	0.57	gain	TP	TP
chr1	180313436	180316068	2632	19	28	0	22	nested_a_in_b	nested_a_in_b	1-1	1-1	True	69	0.33	0.638	gain	TP	TP
chr1	183054647	183082294	27647	1	1	0	7	nested_a_in_b	nested_a_in_b	1-1	1-1	True	9	0.703	0.671	gain	TP	TP
chr1	183169143	183183553	14410	10	3	0	13	nested_a_in_b	nested_a_in_b	1-1	1-1	True	26	0.583	0.684	gain	TP	TP
chr1	185312159	185312160	1	59	2	0	23	nested_a_in_b	nested_a_in_b	3	3	True	84	0.271	0.298	gain	TP	TP
chr1	187618787	187639695	20908	8	5	0	1	mutual_excl	nested_a_in_b	2-1	2-1	True	14	0.246	0.569	gain	TP	TP
chr1	187786477	187792947	6470	14	1	0	24	nested_a_in_b	nested_a_in_b	2-1	2-1	True	39	0.594	0.634	gain	TP	TP
chr1	187792474	187792947	473	23	25	0	17	nested_a_in_b	nested_a_in_b	2-1	2-1	True	65	0.282	0.634	gain	TP	TP
chr1	190072921	190083944	11023	31	1	0	8	nested_a_in_b	nested_a_in_b	1-1	1-1	True	40	0.295	0.31	gain	TP	TP
chr1	192676209	192678769	2560	68	2	0	4	nested_a_in_b	nested_a_in_b	1-1	1-1	True	74	0.047	0.065	gain	FP	FP
chr1	196154619	196163597	8978	10	1	0	25	nested_a_in_b	nested_a_in_b	2-1	2-1	True	36	0.667	0.704	gain	TP	TP
chr1	196163597	196172653	9056	9	1	0	18	nested_a_in_b	nested_a_in_b	2-1	2-1	True	28	0.704	0.704	gain	TP	TP
chr1	198331379	198342286	10907	16	1	0	21	nested_a_in_b	nested_a_in_b	2-1	2-1	True	38	0.631	0.591	gain	TP	TP
chr1	200002929	200012523	9594	11	1	0	18	nested_a_in_b	nested_a_in_b	1-1	1-1	True	30	0.663	0.662	gain	TP	TP
chr1	201894886	201905112	10226	11	9	0	21	nested_a_in_b	nested_a_in_b	1-1	1-1	True	41	0.5	0.753	gain	TP	TP
chr1	203650970	203682171	31201	1	5	0	4	nested_a_in_b	nested_a_in_b	2-1	2-1	True	10	0.383	0.769	gain	TP	TP
chr1	203712146	203741500	29354	4	7	0	2	nested_a_in_b	nested_a_in_b	2-1	2-1	True	13	0.203	0.784	gain	TP	TP
chr1	203738594	203741500	2906	20	63	0	16	nested_a_in_b	nested_a_in_b	2-1	2-1	True	99	0.167	0.784	gain	TP	TP
chr1	206645760	206668618	22858	6	1	0	6	nested_a_in_b	nested_a_in_b	1-1	1-1	True	13	0.369	0.328	gain	TP	TP
chr1	207579717	207588207	8490	23	2	0	13	nested_a_in_b	nested_a_in_b	1-1	1-1	True	38	0.371	0.423	gain	TP	TP
chr1	208297021	208305682	8661	20	16	0	13	nested_a_in_b	nested_a_in_b	2-1	2-1	True	49	0.217	0.565	gain	TP	TP
chr1	208297021	208324857	27836	5	1	0	1	sparse	nested_a_in_b	2-1	2-1	True	7	0.217	0.486	gain	TP	TP
chr1	210990564	211002781	12217	12	6	0	6	nested_a_in_b	nested_a_in_b	2-1	2-1	True	24	0.351	0.535	gain	TP	TP
chr1	211110477	211128313	17836	5	4	0	7	nested_a_in_b	nested_a_in_b	2-1	2-1	True	16	0.261	0.568	gain	TP	TP
chr1	211881021	211915320	34299	1	2	0	3	nested_a_in_b	nested_a_in_b	2-1	2-1	True	6	0.304	0.67	gain	TP	TP
chr1	211889446	211915320	25874	2	3	0	5	nested_a_in_b	nested_a_in_b	2-1	2-1	True	10	0.329	0.67	gain	TP	TP
chr1	212152095	212154801	2706	20	1	0	34	nested_a_in_b	nested_a_in_b	2-1	2-1	True	55	0.603	0.662	gain	TP	TP
chr1	212152096	212154801	2705	20	1	0	34	nested_a_in_b	nested_a_in_b	2-1	2-1	True	55	0.603	0.662	gain	TP	TP
chr1	215533419	215550250	16831	6	2	0	3	nested_a_in_b	nested_a_in_b	2-1	2-1	True	11	0.297	0.576	gain	TP	TP
chr1	215588945	215605108	16163	7	8	0	6	nested_a_in_b	nested_a_in_b	2-1	2-1	True	21	0.296	0.657	gain	TP	TP
chr1	216621072	216634243	13171	14	1	0	6	nested_a_in_b	nested_a_in_b	2-1	2-1	True	21	0.196	0.275	gain	TP	TP
chr1	216827574	216836709	9135	13	3	0	9	nested_a_in_b	nested_a_in_b	2-1	2-1	True	25	0.3	0.377	gain	TP	TP
chr1	216827574	216840975	13401	6	2	0	6	nested_a_in_b	nested_a_in_b	2-1	2-1	True	14	0.3	0.439	gain	TP	TP
chr1	219526219	219528902	2683	35	8	0	14	nested_a_in_b	nested_a_in_b	1-1	1-1	True	57	0.261	0.408	gain	TP	TP
chr1	221205000	221217840	12840	7	2	0	15	nested_a_in_b	nested_a_in_b	2-1	2-1	True	24	0.639	0.633	gain	TP	TP
chr1	221882749	221904116	21367	9	1	0	3	nested_a_in_b	nested_a_in_b	1-1	1-1	True	13	0.323	0.444	gain	TP	TP
chr1	221986106	222003448	17342	5	1	0	12	nested_a_in_b	nested_a_in_b	2-1	2-1	True	18	0.548	0.642	gain	TP	TP
chr1	222426862	222457851	30989	4	2	0	1	mutual_excl	nested_a_in_b	2-1	2-1	True	7	0.321	0.357	gain	TP	TP
chr1	225425235	225437224	11989	14	1	0	15	nested_a_in_b	nested_a_in_b	2-1	2-1	True	30	0.5	0.467	gain	TP	TP
chr1	227643778	227663823	20045	10	2	0	9	nested_a_in_b	nested_a_in_b	1-1	1-1	True	21	0.333	0.347	gain	TP	TP
chr1	229206304	229207760	1456	38	5	0	16	nested_a_in_b	nested_a_in_b	2-1	2-1	True	59	0.243	0.342	gain	TP	TP
chr1	231220790	231234794	14004	10	4	0	6	nested_a_in_b	nested_a_in_b	2-1	2-1	True	20	0.5	0.608	gain	TP	TP
chr1	232695677	232705322	9645	18	1	0	9	nested_a_in_b	nested_a_in_b	2-1	2-1	True	28	0.328	0.356	gain	TP	TP
chr1	234308948	234308949	1	58	1	0	21	nested_a_in_b	nested_a_in_b	1-1	1-1	True	80	0.263	0.289	gain	TP	TP
chr1	245173101	245200919	27818	3	2	0	1	mutual_excl	nested_a_in_b	2-1	2-1	True	6	0.149	0.419	gain	TP	TP
chr6	62409385	62424940	15555	11	10	0	6	nested_a_in_b	nested_a_in_b	1-1	1-1	True	27	0.231	0.56	gain	TP	TP
chr6	62978073	62978141	68	65	1	0	23	nested_a_in_b	nested_a_in_b	1-1	1-1	True	89	0.256	0.275	gain	TP	TP
chr6	62978073	62985477	7404	17	16	0	14	nested_a_in_b	nested_a_in_b	1-1	1-1	True	47	0.256	0.563	gain	TP	TP
chr6	62978073	63005693	27620	1	1	0	5	nested_a_in_b	nested_a_in_b	1-1	1-1	True	7	0.256	0.644	gain	TP	TP
chr6	62978141	62985477	7336	17	15	0	15	nested_a_in_b	nested_a_in_b	1-1	1-1	True	47	0.275	0.563	gain	TP	TP
chr6	62978141	63005693	27552	1	1	0	5	nested_a_in_b	nested_a_in_b	1-1	1-1	True	7	0.275	0.644	gain	TP	TP
chr6	63207613	63217473	9860	17	13	0	1	mutual_excl	nested_a_in_b	1-1	1-1	True	31	0.094	0.627	gain	FP	TP
chr6	64213057	64225139	12082	10	1	0	6	nested_a_in_b	nested_a_in_b	2-1	2-1	True	17	0.364	0.5	neutral	TP	TP
chr6	66616171	66641233	25062	4	3	0	1	mutual_excl	nested_a_in_b	2-1	2-1	True	8	0.057	0.5	neutral	FP	TP
chr6	67755133	67761415	6282	16	1	0	14	nested_a_in_b	nested_a_in_b	2-1	2-1	True	31	0.473	0.453	neutral	TP	TP
chr6	69880755	69880756	1	79	4	0	25	nested_a_in_b	nested_a_in_b	2-1	2-1	True	108	0.223	0.269	gain	TP	TP
chr6	70694098	70708210	14112	6	23	0	5	nested_a_in_b	nested_a_in_b	2-1	2-1	True	34	0.14	0.8	gain	TP	TP
chr6	71298367	71300453	2086	57	1	0	21	nested_a_in_b	nested_a_in_b	3	3	True	79	0.263	0.255	gain	TP	TP
chr6	71298367	71305088	6721	47	1	0	10	nested_a_in_b	nested_a_in_b	3	3	True	58	0.263	0.191	gain	TP	TP
chr6	71300121	71300453	332	71	6	0	19	nested_a_in_b	nested_a_in_b	3	3	True	96	0.2	0.255	gain	TP	TP
chr6	71300121	71305088	4967	55	2	0	12	nested_a_in_b	nested_a_in_b	3	3	True	69	0.2	0.191	gain	TP	TP
chr6	71775578	71782114	6536	72	1	0	38	nested_a_in_b	nested_a_in_b	1-1	1-1	True	111	0.322	0.346	gain	TP	TP
chr6	74494808	74506037	11229	16	1	0	7	nested_a_in_b	nested_a_in_b	2-1	2-1	True	24	0.301	0.302	gain	TP	TP
chr6	74978963	74982697	3734	16	16	0	12	nested_a_in_b	nested_a_in_b	1-1	1-1	True	44	0.254	0.695	gain	TP	TP
chr6	75338184	75343194	5010	30	1	0	12	nested_a_in_b	nested_a_in_b	1-1	1-1	True	43	0.324	0.266	gain	TP	TP
chr6	75338184	75346812	8628	28	1	0	11	nested_a_in_b	nested_a_in_b	1-1	1-1	True	40	0.324	0.289	gain	TP	TP
chr6	75358723	75365103	6380	22	1	0	12	nested_a_in_b	nested_a_in_b	1-1	1-1	True	35	0.286	0.317	gain	TP	TP
chr6	75962294	75970886	8592	15	1	0	10	nested_a_in_b	nested_a_in_b	1-1	1-1	True	26	0.277	0.362	gain	TP	TP
chr6	77060071	77066406	6335	22	2	0	16	nested_a_in_b	nested_a_in_b	2-1	2-1	True	40	0.358	0.429	gain	TP	TP
chr6	77060071	77072163	12092	16	1	0	10	nested_a_in_b	nested_a_in_b	2-1	2-1	True	27	0.358	0.404	gain	TP	TP
chr6	77705069	77707474	2405	42	1	0	4	nested_a_in_b	nested_a_in_b	2-1	2-1	True	47	0.069	0.109	neutral	FP	FP
chr6	77978157	77978287	130	44	1	0	4	nested_a_in_b	nested_a_in_b	2-1	2-1	True	49	0.08	0.102	loh	FP	FP
chr6	77995532	77995583	51	48	1	0	3	nested_a_in_b	nested_a_in_b	3	3	True	52	0.058	0.077	loh	FP	FP
chr6	80635699	80647222	11523	11	2	0	10	nested_a_in_b	nested_a_in_b	2-1	2-1	True	23	0.411	0.527	gain	TP	TP
chr6	86829132	86829547	415	6	12	0	2	nested_a_in_b	nested_a_in_b	2-1	2-1	True	20	0.125	0.714	loss	FP	TP
chr6	87645683	87661275	15592	2	4	0	1	mutual_excl	nested_a_in_b	1-1	1-1	True	7	0.091	0.875	loss	FP	TP
chr6	88359997	88368054	8057	1	1	0	6	nested_a_in_b	nested_a_in_b	1-1	1-1	True	8	0.733	0.905	loss	TP	TP
chr6	88862216	88862217	1	66	4	0	37	nested_a_in_b	nested_a_in_b	1-1	1-1	True	107	0.343	0.38	loh	TP	TP
chr6	88862216	88869890	7674	7	23	0	23	nested_a_in_b	nested_a_in_b	1-1	1-1	True	53	0.343	0.871	loh	TP	TP
chr6	88862216	88871971	9755	7	20	0	19	nested_a_in_b	nested_a_in_b	1-1	1-1	True	46	0.343	0.817	loh	TP	TP
chr6	88862217	88869890	7673	7	20	0	25	nested_a_in_b	nested_a_in_b	1-1	1-1	True	52	0.38	0.871	loh	TP	TP
chr6	88862217	88871971	9754	7	17	0	21	nested_a_in_b	nested_a_in_b	1-1	1-1	True	45	0.38	0.817	loh	TP	TP
chr6	88862557	88869890	7333	7	21	0	26	nested_a_in_b	nested_a_in_b	1-1	1-1	True	54	0.378	0.871	loh	TP	TP
chr6	88862557	88871971	9414	7	18	0	22	nested_a_in_b	nested_a_in_b	1-1	1-1	True	47	0.378	0.817	loh	TP	TP
chr6	89035331	89066241	30910	0	1	0	5	nested_a_in_b	nested_a_in_b	1-1	1-1	True	6	0.708	0.963	loh	TP	TP
chr6	89594284	89603510	9226	45	1	0	10	nested_a_in_b	nested_a_in_b	1-1	1-1	True	56	0.155	0.24	loh	TP	TP
chr6	90258306	90259230	924	9	1	0	2	nested_a_in_b	nested_a_in_b	1-1	1-1	True	12	0.176	0.25	loss	FP	FP
chr6	93497255	93502048	4793	11	1	0	2	nested_a_in_b	nested_a_in_b	2-1	2-1	True	14	0.154	0.143	loss	FP	FP
chr6	93823286	93824838	1552	22	1	0	4	nested_a_in_b	nested_a_in_b	2-1	2-1	True	27	0.161	0.179	loss	FP	FP
chr6	93823286	93827426	4140	22	1	0	4	nested_a_in_b	nested_a_in_b	2-1	2-1	True	27	0.161	0.139	loss	FP	FP
chr6	93823286	93828246	4960	20	1	0	4	nested_a_in_b	nested_a_in_b	2-1	2-1	True	25	0.161	0.147	loss	FP	FP
chr6	93823286	93828504	5218	20	1	0	4	nested_a_in_b	nested_a_in_b	2-1	2-1	True	25	0.161	0.147	loss	FP	FP
chr6	93826061	93827426	1365	25	1	0	4	nested_a_in_b	nested_a_in_b	2-1	2-1	True	30	0.133	0.139	loss	FP	FP
chr6	93826061	93828246	2185	21	1	0	4	nested_a_in_b	nested_a_in_b	2-1	2-1	True	26	0.133	0.147	loss	FP	FP
chr6	93826061	93828504	2443	21	1	0	4	nested_a_in_b	nested_a_in_b	2-1	2-1	True	26	0.133	0.147	loss	FP	FP
chr6	93840061	93853447	13386	0	6	0	2	nested_a_in_b	nested_a_in_b	2-1	2-1	True	8	0.143	0.962	loss	FP	TP
chr6	98881224	98902717	21493	2	1	0	13	nested_a_in_b	nested_a_in_b	2-1	2-1	True	16	0.934	0.879	loh	TP	TP
chr6	99625498	99631230	5732	1	25	0	11	nested_a_in_b	nested_a_in_b	2-1	2-1	True	37	0.29	0.948	loh	TP	TP
chr6	99705323	99726969	21646	0	6	0	5	nested_a_in_b	nested_a_in_b	2-1	2-1	True	11	0.236	1.0	loh	TP	TP
chr6	99718527	99726969	8442	0	7	0	21	nested_a_in_b	nested_a_in_b	2-1	2-1	True	28	0.727	1.0	loh	TP	TP
chr6	100265948	100298642	32694	1	7	0	1	mutual_excl	nested_a_in_b	2-1	2-1	True	9	0.222	0.949	loh	FP	TP
chr6	101356807	101372928	16121	1	3	0	10	nested_a_in_b	nested_a_in_b	2-1	2-1	True	14	0.829	0.96	loh	TP	TP
chr6	101564790	101565862	1072	32	1	0	4	nested_a_in_b	nested_a_in_b	1-1	1-1	True	37	0.1	0.125	loh	FP	FP
chr6	101870003	101883107	13104	0	7	0	5	nested_a_in_b	nested_a_in_b	2-1	2-1	True	12	0.372	0.974	loh	TP	TP
chr6	106112590	106127363	14773	1	16	0	8	nested_a_in_b	nested_a_in_b	2-1	2-1	True	25	0.316	0.94	loh	TP	TP
chr6	110390226	110391015	789	47	4	0	16	nested_a_in_b	nested_a_in_b	2-1	2-1	True	67	0.265	0.306	loh	TP	TP
chr6	110664010	110671803	7793	0	34	0	6	nested_a_in_b	nested_a_in_b	2-1	2-1	True	40	0.187	1.0	loh	FP	TP
chr6	112448922	112453616	4694	1	44	0	6	nested_a_in_b	nested_a_in_b	2-1	2-1	True	51	0.099	0.988	loh	FP	TP
chr6	113024475	113031430	6955	0	23	0	9	nested_a_in_b	nested_a_in_b	2-1	2-1	True	32	0.342	1.0	loh	TP	TP
chr6	113656066	113656484	418	4	47	0	19	nested_a_in_b	nested_a_in_b	2-1	2-1	True	70	0.257	0.933	loh	TP	TP
chr6	114147463	114151519	4056	3	37	0	17	nested_a_in_b	nested_a_in_b	2-1	2-1	True	57	0.298	0.941	loh	TP	TP
chr6	114147463	114167921	20458	2	8	0	6	nested_a_in_b	nested_a_in_b	2-1	2-1	True	16	0.298	0.976	loh	TP	TP
chr6	114147463	114167931	20468	2	9	0	6	nested_a_in_b	nested_a_in_b	2-1	2-1	True	17	0.298	0.966	loh	TP	TP
chr6	114683396	114717631	34235	0	4	0	3	nested_a_in_b	nested_a_in_b	2-1	2-1	True	7	0.284	0.987	loh	TP	TP
chr6	115277434	115307893	30459	0	8	0	1	mutual_excl	nested_a_in_b	2-1	2-1	True	9	0.352	0.974	loh	TP	TP
chr6	116516500	116526945	10445	32	9	0	5	nested_a_in_b	nested_a_in_b	2-1	2-1	True	46	0.155	0.351	gain	TP	TP
chr6	117213093	117245153	32060	4	4	0	1	mutual_excl	nested_a_in_b	2-1	2-1	True	9	0.138	0.687	gain	TP	TP
chr6	117277153	117303454	26301	4	9	0	7	nested_a_in_b	nested_a_in_b	2-1	2-1	True	20	0.304	0.664	gain	TP	TP
chr6	117303454	117319674	16220	16	1	0	26	nested_a_in_b	nested_a_in_b	2-1	2-1	True	43	0.664	0.617	gain	TP	TP
chr6	118390989	118404207	13218	29	5	0	5	nested_a_in_b	nested_a_in_b	1-1	1-1	True	39	0.143	0.275	gain	TP	TP
chr6	118880445	118909754	29309	1	4	0	2	nested_a_in_b	nested_a_in_b	1-1	1-1	True	7	0.264	0.638	gain	TP	TP
chr6	118880446	118909754	29308	1	4	0	2	nested_a_in_b	nested_a_in_b	1-1	1-1	True	7	0.27	0.638	gain	TP	TP
chr6	120109018	120120128	11110	39	1	0	8	nested_a_in_b	nested_a_in_b	1-1	1-1	True	48	0.148	0.198	gain	TP	TP
chr6	120278179	120282940	4761	19	34	0	14	nested_a_in_b	nested_a_in_b	1-1	1-1	True	67	0.174	0.722	gain	TP	TP
chr6	120847397	120860995	13598	24	1	0	7	nested_a_in_b	nested_a_in_b	1-1	1-1	True	32	0.221	0.219	gain	TP	TP
chr6	120847397	120878868	31471	3	1	0	2	nested_a_in_b	nested_a_in_b	1-1	1-1	True	6	0.221	0.256	gain	TP	TP
chr6	120860995	120878868	17873	20	2	0	6	nested_a_in_b	nested_a_in_b	1-1	1-1	True	28	0.219	0.256	gain	TP	TP
chr6	121347122	121366978	19856	1	8	0	4	nested_a_in_b	nested_a_in_b	1-1	1-1	True	13	0.242	0.733	gain	TP	TP
chr6	121445476	121464887	19411	7	2	0	2	nested_a_in_b	nested_a_in_b	1-1	1-1	True	11	0.178	0.186	gain	FP	TP
chr6	121502870	121513489	10619	34	1	0	12	nested_a_in_b	nested_a_in_b	1-1	1-1	True	47	0.255	0.219	gain	TP	TP
chr6	121653103	121656881	3778	2	51	0	17	nested_a_in_b	nested_a_in_b	1-1	1-1	True	70	0.229	0.971	gain	TP	TP
chr6	121653104	121656881	3777	2	50	0	15	nested_a_in_b	nested_a_in_b	1-1	1-1	True	67	0.219	0.971	gain	TP	TP
chr6	121870274	121902124	31850	5	3	0	1	mutual_excl	nested_a_in_b	1-1	1-1	True	9	0.256	0.303	gain	TP	FP
chr6	122572451	122594978	22527	14	1	0	2	nested_a_in_b	nested_a_in_b	1-1	1-1	True	17	0.165	0.193	gain	TP	TP
chr6	127924392	127931920	7528	0	22	0	13	nested_a_in_b	nested_a_in_b	1-1	1-1	True	35	0.346	0.914	gain	TP	TP
chr6	128859054	128885999	26945	0	4	0	5	nested_a_in_b	nested_a_in_b	1-1	1-1	True	9	0.306	0.987	gain	TP	TP
chr6	128859054	128888357	29303	2	3	0	1	mutual_excl	nested_a_in_b	1-1	1-1	True	6	0.306	0.959	gain	TP	TP
chr6	129770684	129781330	10646	0	16	0	10	nested_a_in_b	nested_a_in_b	1-1	1-1	True	26	0.378	0.972	gain	TP	TP
chr6	135614645	135615294	649	2	40	0	31	nested_a_in_b	nested_a_in_b	2-1	2-1	True	73	0.429	0.975	gain	TP	TP
chr6	137533015	137546762	13747	0	27	0	14	nested_a_in_b	nested_a_in_b	2-1	2-1	True	41	0.305	0.957	gain	TP	TP
chr6	142747939	142756813	8874	2	13	0	9	nested_a_in_b	nested_a_in_b	1-1	1-1	True	24	0.339	0.887	gain	TP	TP
chr6	150337997	150337998	1	60	2	0	25	nested_a_in_b	nested_a_in_b	1-1	1-1	True	87	0.284	0.31	gain	TP	TP
chr6	150337997	150344815	6818	2	32	0	11	nested_a_in_b	nested_a_in_b	1-1	1-1	True	45	0.284	0.962	gain	TP	TP
chr6	150337998	150344815	6817	2	31	0	12	nested_a_in_b	nested_a_in_b	1-1	1-1	True	45	0.31	0.962	gain	TP	TP
chr6	150423741	150443952	20211	0	8	0	10	nested_a_in_b	nested_a_in_b	1-1	1-1	True	18	0.438	0.988	gain	TP	TP
chr6	152883943	152907387	23444	3	1	0	3	nested_a_in_b	nested_a_in_b	1-1	1-1	True	7	0.43	0.441	gain	TP	TP
chr6	156491074	156491821	747	1	35	0	18	nested_a_in_b	nested_a_in_b	2-1	2-1	True	54	0.317	0.983	gain	TP	TP
chr6	157249007	157254804	5797	1	24	0	10	nested_a_in_b	nested_a_in_b	2-1	2-1	True	35	0.276	0.938	gain	TP	TP
chr6	157249008	157254804	5796	1	24	0	8	nested_a_in_b	nested_a_in_b	2-1	2-1	True	33	0.253	0.938	gain	TP	TP
chr6	162119517	162131342	11825	0	7	0	7	nested_a_in_b	nested_a_in_b	2-1	2-1	True	14	0.426	1.0	loh	TP	TP
chr6	162269785	162270539	754	30	1	0	3	nested_a_in_b	nested_a_in_b	1-1	1-1	True	34	0.079	0.111	loh	FP	FP
chr6	162499407	162504266	4859	22	3	0	5	nested_a_in_b	nested_a_in_b	2-1	2-1	True	30	0.154	0.176	loh	FP	FP
chr6	162499407	162508092	8685	17	1	0	5	nested_a_in_b	nested_a_in_b	2-1	2-1	True	23	0.154	0.167	loh	FP	FP
chr6	164170908	164188447	17539	0	8	0	4	nested_a_in_b	nested_a_in_b	2-1	2-1	True	12	0.471	1.0	loh	TP	TP
chr6	164179781	164188447	8666	0	10	0	13	nested_a_in_b	nested_a_in_b	2-1	2-1	True	23	0.5	1.0	loh	TP	TP
chr6	164182578	164188447	5869	0	16	0	15	nested_a_in_b	nested_a_in_b	2-1	2-1	True	31	0.556	1.0	loh	TP	TP
chr6	164674089	164695550	21461	0	6	0	6	nested_a_in_b	nested_a_in_b	2-1	2-1	True	12	0.5	0.984	loh	TP	TP
chr6	165849018	165870539	21521	0	9	0	2	nested_a_in_b	nested_a_in_b	1-1	1-1	True	11	0.286	0.926	loh	TP	TP
chr6	166188122	166201632	13510	0	12	0	3	nested_a_in_b	nested_a_in_b	2-1	2-1	True	15	0.426	1.0	loh	TP	TP
chr6	166188122	166201633	13511	0	11	0	3	nested_a_in_b	nested_a_in_b	2-1	2-1	True	14	0.426	1.0	loh	TP	TP
chr6	167455674	167493631	37957	1	1	0	5	nested_a_in_b	nested_a_in_b	1-1	1-1	True	7	0.333	0.382	gain	TP	TP
chr6	167688785	167714367	25582	6	1	0	4	nested_a_in_b	nested_a_in_b	1-1	1-1	True	11	0.468	0.353	gain	TP	TP
chr6	170159412	170178492	19080	9	1	0	7	nested_a_in_b	nested_a_in_b	2-1	2-1	True	17	0.378	0.414	gain	TP	TP
chr11	664358	695346	30988	1	3	0	2	nested_a_in_b	nested_a_in_b	2-1	2-1	True	6	0.111	0.902	loh	FP	TP
chr11	3148978	3169060	20082	4	2	0	3	nested_a_in_b	nested_a_in_b	1-1	1-1	True	9	0.491	0.481	loh	TP	TP
chr11	5157112	5164579	7467	0	1	0	33	nested_a_in_b	nested_a_in_b	1-1	1-1	True	34	0.954	0.986	loh	TP	TP
chr11	5160791	5164579	3788	0	1	0	43	nested_a_in_b	nested_a_in_b	1-1	1-1	True	44	0.966	0.986	loh	TP	TP
chr11	6389322	6392962	3640	0	1	0	38	nested_a_in_b	nested_a_in_b	2-1	2-1	True	39	0.967	0.964	loh	TP	TP
chr11	6401237	6411766	10529	0	1	0	20	nested_a_in_b	nested_a_in_b	2-1	2-1	True	21	0.954	1.0	loh	TP	TP
chr11	6401237	6416864	15627	0	1	0	9	nested_a_in_b	nested_a_in_b	2-1	2-1	True	10	0.954	1.0	loh	TP	TP
chr11	6410518	6411766	1248	0	1	0	39	nested_a_in_b	nested_a_in_b	2-1	2-1	True	40	0.979	1.0	loh	TP	TP
chr11	6410518	6416864	6346	0	1	0	19	nested_a_in_b	nested_a_in_b	2-1	2-1	True	20	0.979	1.0	loh	TP	TP
chr11	6410518	6426693	16175	0	1	0	10	nested_a_in_b	nested_a_in_b	2-1	2-1	True	11	0.979	0.94	loh	TP	TP
chr11	6410518	6426799	16281	0	1	0	10	nested_a_in_b	nested_a_in_b	2-1	2-1	True	11	0.979	0.886	loh	TP	TP
chr11	6410518	6426906	16388	0	1	0	10	nested_a_in_b	nested_a_in_b	2-1	2-1	True	11	0.979	0.935	loh	TP	TP
chr11	6410518	6428458	17940	0	1	0	8	nested_a_in_b	nested_a_in_b	2-1	2-1	True	9	0.979	0.945	loh	TP	TP
chr11	6410864	6411766	902	0	2	0	41	nested_a_in_b	nested_a_in_b	2-1	2-1	True	43	0.957	1.0	loh	TP	TP
chr11	6410864	6416864	6000	0	2	0	20	nested_a_in_b	nested_a_in_b	2-1	2-1	True	22	0.957	1.0	loh	TP	TP
chr11	6410864	6426693	15829	0	1	0	11	nested_a_in_b	nested_a_in_b	2-1	2-1	True	12	0.957	0.94	loh	TP	TP
chr11	6410864	6426799	15935	0	1	0	11	nested_a_in_b	nested_a_in_b	2-1	2-1	True	12	0.957	0.886	loh	TP	TP
chr11	6410864	6426906	16042	0	1	0	11	nested_a_in_b	nested_a_in_b	2-1	2-1	True	12	0.957	0.935	loh	TP	TP
chr11	6410864	6428458	17594	0	1	0	9	nested_a_in_b	nested_a_in_b	2-1	2-1	True	10	0.957	0.945	loh	TP	TP
chr11	6426693	6428458	1765	2	1	0	43	nested_a_in_b	nested_a_in_b	2-1	2-1	True	46	0.94	0.945	loh	TP	TP
chr11	6426799	6428458	1659	2	3	0	36	nested_a_in_b	nested_a_in_b	2-1	2-1	True	41	0.886	0.945	loh	TP	TP
chr11	6426906	6428458	1552	2	1	0	40	nested_a_in_b	nested_a_in_b	2-1	2-1	True	43	0.935	0.945	loh	TP	TP
chr11	6687336	6699857	12521	1	13	0	12	nested_a_in_b	nested_a_in_b	2-1	2-1	True	26	0.375	0.945	loh	TP	TP
chr11	7534907	7539006	4099	0	20	0	3	nested_a_in_b	nested_a_in_b	2-1	2-1	True	23	0.081	1.0	loh	FP	TP
chr11	10639095	10647060	7965	1	21	0	20	nested_a_in_b	nested_a_in_b	1-1	1-1	True	42	0.442	0.95	loh	TP	TP
chr11	10782772	10783912	1140	38	2	0	2	nested_a_in_b	nested_a_in_b	3	3	True	42	0.041	0.104	loh	FP	FP
chr11	10782772	10784325	1553	36	2	0	2	nested_a_in_b	nested_a_in_b	3	3	True	40	0.041	0.083	loh	FP	FP
chr11	10782772	10799508	16736	7	1	0	1	sparse	nested_a_in_b	3	3	True	9	0.041	0.077	loh	FP	FP
chr11	10782772	10801532	18760	6	1	0	1	sparse	nested_a_in_b	3	3	True	8	0.041	0.06	loh	FP	FP
chr11	10782772	10803184	20412	5	1	0	1	sparse	nested_a_in_b	3	3	True	7	0.041	0.059	loh	FP	FP
chr11	10783609	10783912	303	42	3	0	2	nested_a_in_b	nested_a_in_b	3	3	True	47	0.042	0.104	loh	FP	FP
chr11	10783609	10784325	716	41	2	0	2	nested_a_in_b	nested_a_in_b	3	3	True	45	0.042	0.083	loh	FP	FP
chr11	10783609	10799508	15899	9	1	0	1	sparse	nested_a_in_b	3	3	True	11	0.042	0.077	loh	FP	FP
chr11	10783609	10801532	17923	8	1	0	1	sparse	nested_a_in_b	3	3	True	10	0.042	0.06	loh	FP	FP
chr11	10783609	10803184	19575	6	1	0	1	sparse	nested_a_in_b	3	3	True	8	0.042	0.059	loh	FP	FP
chr11	11630648	11633826	3178	3	38	0	9	nested_a_in_b	nested_a_in_b	2-1	2-1	True	50	0.183	0.952	loh	TP	TP
chr11	14722395	14733286	10891	1	2	0	23	nested_a_in_b	nested_a_in_b	1-1	1-1	True	26	0.935	0.954	loh	TP	TP
chr11	15010414	15019400	8986	2	16	0	17	nested_a_in_b	nested_a_in_b	3	3	True	35	0.485	0.941	loh	TP	TP
chr11	20638484	20640988	2504	2	11	0	20	nested_a_in_b	nested_a_in_b	1-1	1-1	True	33	0.596	0.935	loh	TP	TP
chr11	23347995	23360273	12278	0	5	0	8	nested_a_in_b	nested_a_in_b	2-1	2-1	True	13	0.385	1.0	loh	TP	TP
chr11	23500090	23528181	28091	0	1	0	6	nested_a_in_b	nested_a_in_b	2-1	2-1	True	7	0.965	0.982	loh	TP	TP
chr11	23678501	23686191	7690	0	16	0	13	nested_a_in_b	nested_a_in_b	2-1	2-1	True	29	0.527	1.0	loh	TP	TP
chr11	26773903	26774887	984	0	1	0	55	nested_a_in_b	nested_a_in_b	3	3	True	56	0.969	0.984	loh	TP	TP
chr11	32624700	32632656	7956	0	19	0	14	nested_a_in_b	nested_a_in_b	2-1	2-1	True	33	0.453	0.983	loh	TP	TP
chr11	38370633	38390926	20293	1	1	0	13	nested_a_in_b	nested_a_in_b	2-1	2-1	True	15	0.914	0.939	loh	TP	TP
chr11	39263501	39263502	1	3	2	0	50	nested_a_in_b	nested_a_in_b	1-1	1-1	True	55	0.877	0.945	loh	TP	TP
chr11	44792073	44809178	17105	0	6	0	8	nested_a_in_b	nested_a_in_b	1-1	1-1	True	14	0.541	0.981	loh	TP	TP
chr11	45648079	45662542	14463	1	6	0	8	nested_a_in_b	nested_a_in_b	2-1	2-1	True	15	0.457	0.983	loh	TP	TP
chr11	46388259	46388260	1	30	1	0	32	nested_a_in_b	nested_a_in_b	2-1	2-1	True	63	0.508	0.531	loh	TP	TP
chr11	48865480	48878404	12924	0	1	0	14	nested_a_in_b	nested_a_in_b	2-1	2-1	True	15	0.945	0.964	loh	TP	TP
chr11	48878404	48888347	9943	0	2	0	23	nested_a_in_b	nested_a_in_b	2-1	2-1	True	25	0.964	0.98	loh	TP	TP
chr11	48959901	48961752	1851	2	2	0	42	nested_a_in_b	nested_a_in_b	2-1	2-1	True	46	0.931	0.948	loh	TP	TP
chr11	55980814	56004976	24162	13	2	0	1	mutual_excl	nested_a_in_b	2-1	2-1	True	16	0.27	0.5	gain	TP	TP
chr11	57341797	57364742	22945	3	3	0	1	mutual_excl	nested_a_in_b	2-1	2-1	True	7	0.25	0.458	gain	TP	TP
chr11	62810009	62827470	17461	20	4	0	4	nested_a_in_b	nested_a_in_b	1-1	1-1	True	28	0.183	0.378	gain	TP	TP
chr11	66393876	66394875	999	46	34	0	32	nested_a_in_b	nested_a_in_b	2-1	2-1	True	112	0.273	0.627	gain	TP	TP
chr11	66408490	66444897	36407	4	1	0	1	sparse	nested_a_in_b	1-1	1-1	True	6	0.406	0.436	gain	TP	TP
chr11	67024946	67053360	28414	3	4	0	2	nested_a_in_b	nested_a_in_b	1-1	1-1	True	9	0.19	0.429	gain	TP	TP
chr11	69782790	69791730	8940	34	14	0	15	nested_a_in_b	nested_a_in_b	1-1	1-1	True	63	0.236	0.401	gain	TP	TP
chr11	69842636	69844077	1441	37	3	0	46	nested_a_in_b	nested_a_in_b	2-1	2-1	True	86	0.548	0.53	gain	TP	TP
chr11	70062122	70062479	357	115	1	0	22	nested_a_in_b	nested_a_in_b	1-1	1-1	True	138	0.164	0.168	gain	TP	TP
chr11	70442070	70458372	16302	28	2	0	13	nested_a_in_b	nested_a_in_b	2-1	2-1	True	43	0.316	0.328	gain	TP	TP
chr11	70646006	70661782	15776	2	10	0	2	nested_a_in_b	nested_a_in_b	2-1	2-1	True	14	0.352	0.877	neutral	TP	TP
chr11	70884604	70885792	1188	48	1	0	3	nested_a_in_b	nested_a_in_b	2-1	2-1	True	52	0.063	0.069	loh	FP	FP
chr11	70884604	70888432	3828	35	1	0	2	nested_a_in_b	nested_a_in_b	2-1	2-1	True	38	0.063	0.055	loh	FP	FP
chr11	72956918	72979333	22415	0	9	0	3	nested_a_in_b	nested_a_in_b	2-1	2-1	True	12	0.451	0.984	loh	TP	TP
chr11	77129314	77139453	10139	21	1	0	1	sparse	nested_a_in_b	2-1	2-1	True	23	0.062	0.097	loh	FP	FP
chr11	77241828	77252289	10461	1	1	0	20	nested_a_in_b	nested_a_in_b	2-1	2-1	True	22	0.857	0.985	loh	TP	TP
chr11	80624059	80635386	11327	1	12	0	13	nested_a_in_b	nested_a_in_b	1-1	1-1	True	26	0.458	0.933	loh	TP	TP
chr11	80864081	80874286	10205	0	5	0	6	nested_a_in_b	nested_a_in_b	1-1	1-1	True	11	0.467	0.961	loh	TP	TP
chr11	81107755	81138923	31168	0	2	0	4	nested_a_in_b	nested_a_in_b	2-1	2-1	True	6	0.514	0.98	loh	TP	TP
chr11	81634387	81639585	5198	9	1	0	16	nested_a_in_b	nested_a_in_b	2-1	2-1	True	26	0.558	0.491	loh	TP	TP
chr11	90319120	90341342	22222	0	4	0	5	nested_a_in_b	nested_a_in_b	2-1	2-1	True	9	0.527	0.926	loh	TP	TP
chr11	90463881	90488893	25012	1	3	0	2	nested_a_in_b	nested_a_in_b	2-1	2-1	True	6	0.338	0.897	loh	FP	TP
chr11	93106529	93116686	10157	2	20	0	1	mutual_excl	nested_a_in_b	1-1	1-1	True	23	0.049	0.962	loh	FP	TP
chr11	93814409	93840181	25772	0	5	0	2	nested_a_in_b	nested_a_in_b	1-1	1-1	True	7	0.426	0.977	loh	TP	TP
chr11	95359791	95373311	13520	0	10	0	12	nested_a_in_b	nested_a_in_b	2-1	2-1	True	22	0.5	0.985	loh	TP	TP
chr11	95958905	95966822	7917	1	36	0	3	nested_a_in_b	nested_a_in_b	2-1	2-1	True	40	0.08	0.986	loh	FP	TP
chr11	97395764	97411912	16148	0	1	0	9	nested_a_in_b	nested_a_in_b	2-1	2-1	True	10	0.957	0.981	loh	TP	TP
chr11	98453563	98464984	11421	0	1	0	28	nested_a_in_b	nested_a_in_b	1-1	1-1	True	29	0.928	1.0	loh	TP	TP
chr11	99146551	99162613	16062	0	10	0	6	nested_a_in_b	nested_a_in_b	1-1	1-1	True	16	0.417	0.983	loh	TP	TP
chr11	99159419	99162613	3194	1	22	0	17	nested_a_in_b	nested_a_in_b	1-1	1-1	True	40	0.453	0.983	loh	TP	TP
chr11	99478494	99501779	23285	1	3	0	4	nested_a_in_b	nested_a_in_b	1-1	1-1	True	8	0.562	0.984	loh	TP	TP
chr11	100939201	100945997	6796	1	8	0	14	nested_a_in_b	nested_a_in_b	1-1	1-1	True	23	0.448	0.974	loh	TP	TP
chr11	101167174	101167176	2	2	2	0	53	nested_a_in_b	nested_a_in_b	1-1	1-1	True	57	0.932	0.965	loh	TP	TP
chr11	102444151	102460102	15951	0	7	0	10	nested_a_in_b	nested_a_in_b	2-1	2-1	True	17	0.42	1.0	loh	TP	TP
chr11	104496771	104499482	2711	35	1	0	10	nested_a_in_b	nested_a_in_b	1-1	1-1	True	46	0.281	0.284	loh	TP	TP
chr11	109222486	109236832	14346	1	2	0	17	nested_a_in_b	nested_a_in_b	2-1	2-1	True	20	0.878	0.981	loh	TP	TP
chr11	109325771	109334479	8708	1	7	0	9	nested_a_in_b	nested_a_in_b	2-1	2-1	True	17	0.65	0.923	loh	TP	TP
chr11	109788142	109788733	591	20	1	0	23	nested_a_in_b	nested_a_in_b	2-1	2-1	True	44	0.523	0.577	loh	TP	TP
chr11	110936755	110958930	22175	0	2	0	8	nested_a_in_b	nested_a_in_b	1-1	1-1	True	10	0.529	0.965	loh	TP	TP
chr11	112122727	112133525	10798	1	11	0	7	nested_a_in_b	nested_a_in_b	2-1	2-1	True	19	0.5	0.965	loh	TP	TP
chr11	112449472	112451499	2027	0	1	0	36	nested_a_in_b	nested_a_in_b	1-1	1-1	True	37	0.979	1.0	loh	TP	TP
chr11	114733559	114757442	23883	2	1	0	5	nested_a_in_b	nested_a_in_b	2-1	2-1	True	8	0.87	0.923	loh	TP	TP
chr11	114846190	114863895	17705	0	9	0	5	nested_a_in_b	nested_a_in_b	2-1	2-1	True	14	0.419	1.0	loh	TP	TP
chr11	115845053	115860196	15143	0	4	0	2	nested_a_in_b	nested_a_in_b	2-1	2-1	True	6	0.354	0.977	loh	TP	TP
chr11	116291457	116291458	1	10	1	0	44	nested_a_in_b	nested_a_in_b	2-1	2-1	True	55	0.8	0.804	loh	TP	TP
chr11	116615113	116638669	23556	1	5	0	1	mutual_excl	nested_a_in_b	2-1	2-1	True	7	0.125	0.96	loh	FP	TP
chr11	119663460	119685784	22324	1	7	0	5	nested_a_in_b	nested_a_in_b	1-1	1-1	True	13	0.491	0.982	loh	TP	TP
chr11	120286006	120299526	13520	3	12	0	8	nested_a_in_b	nested_a_in_b	2-1	2-1	True	23	0.493	0.918	loh	TP	TP
chr11	125321221	125346509	25288	0	4	0	2	nested_a_in_b	nested_a_in_b	2-1	2-1	True	6	0.064	0.977	loh	FP	TP
chr11	128071917	128097940	26023	0	7	0	2	nested_a_in_b	nested_a_in_b	2-1	2-1	True	9	0.333	0.98	loh	TP	TP
chr11	128071917	128097951	26034	0	7	0	3	nested_a_in_b	nested_a_in_b	2-1	2-1	True	10	0.333	0.962	loh	TP	TP
chr11	128802981	128826044	23063	0	9	0	2	nested_a_in_b	nested_a_in_b	1-1	1-1	True	11	0.212	1.0	loh	TP	TP
chr11	134464832	134488105	23273	1	8	0	3	nested_a_in_b	nested_a_in_b	2-1	2-1	True	12	0.444	0.96	loh	TP	TP
chr11	135047809	135059608	11799	0	2	0	13	nested_a_in_b	nested_a_in_b	2-1	2-1	True	15	0.9	0.981	loh	TP	TP
chr16	128660	140839	12179	28	1	0	7	nested_a_in_b	nested_a_in_b	1-1	1-1	True	36	0.224	0.326	gain	TP	TP
chr16	414786	414787	1	55	1	0	15	nested_a_in_b	nested_a_in_b	1-1	1-1	True	71	0.211	0.247	gain	TP	TP
chr16	1292907	1320437	27530	1	4	0	5	nested_a_in_b	nested_a_in_b	2-1	2-1	True	10	0.25	0.655	gain	TP	TP
chr16	4950778	4967470	16692	6	13	0	4	nested_a_in_b	nested_a_in_b	2-1	2-1	True	23	0.333	0.676	gain	TP	TP
chr16	5329801	5347889	18088	20	3	0	7	nested_a_in_b	nested_a_in_b	1-1	1-1	True	30	0.289	0.235	gain	TP	TP
chr16	6630123	6644910	14787	7	8	0	8	nested_a_in_b	nested_a_in_b	2-1	2-1	True	23	0.341	0.684	gain	TP	TP
chr16	7022767	7040133	17366	11	5	0	5	nested_a_in_b	nested_a_in_b	2-1	2-1	True	21	0.321	0.634	gain	TP	TP
chr16	7772552	7772553	1	68	1	0	7	nested_a_in_b	nested_a_in_b	2-1	2-1	True	76	0.092	0.105	gain	FP	FP
chr16	7772552	7784705	12153	10	13	0	3	nested_a_in_b	nested_a_in_b	2-1	2-1	True	26	0.092	0.675	gain	FP	TP
chr16	11309099	11313914	4815	66	15	0	16	nested_a_in_b	nested_a_in_b	2-1	2-1	True	97	0.163	0.322	gain	TP	TP
chr16	11686966	11716211	29245	8	4	0	3	nested_a_in_b	nested_a_in_b	2-1	2-1	True	15	0.207	0.395	gain	TP	TP
chr16	12741813	12786371	44558	4	1	0	1	sparse	nested_a_in_b	1-1	1-1	True	6	0.212	0.331	gain	TP	TP
chr16	13535345	13542313	6968	42	13	0	13	nested_a_in_b	nested_a_in_b	1-1	1-1	True	68	0.234	0.344	gain	TP	TP
chr16	13593735	13596207	2472	80	6	0	32	nested_a_in_b	nested_a_in_b	2-1	2-1	True	118	0.252	0.318	gain	TP	TP
chr16	13866459	13882400	15941	18	5	0	9	nested_a_in_b	nested_a_in_b	1-1	1-1	True	32	0.148	0.386	gain	TP	TP
chr16	14088489	14129532	41043	1	4	0	1	mutual_excl	nested_a_in_b	3	3	True	6	0.367	0.848	gain	TP	TP
chr16	15933653	15941611	7958	45	12	0	13	nested_a_in_b	nested_a_in_b	2-1	2-1	True	70	0.19	0.415	gain	TP	TP
chr16	15933653	15967666	34013	5	3	0	1	mutual_excl	nested_a_in_b	2-1	2-1	True	9	0.19	0.703	gain	TP	TP
chr16	15941611	15967666	26055	7	3	0	5	nested_a_in_b	nested_a_in_b	2-1	2-1	True	15	0.415	0.703	gain	TP	TP
chr16	15992947	16002508	9561	38	11	0	18	nested_a_in_b	nested_a_in_b	2-1	2-1	True	67	0.2	0.325	gain	TP	TP
chr16	16920345	16941275	20930	9	12	0	3	nested_a_in_b	nested_a_in_b	1-1	1-1	True	24	0.169	0.713	gain	TP	TP
chr16	17047793	17068411	20618	7	14	0	5	nested_a_in_b	nested_a_in_b	1-1	1-1	True	26	0.199	0.75	gain	TP	TP
chr16	17597370	17607810	10440	10	30	0	10	nested_a_in_b	nested_a_in_b	1-1	1-1	True	50	0.137	0.793	gain	TP	TP
chr16	20098188	20115150	16962	24	1	0	10	nested_a_in_b	nested_a_in_b	2-1	2-1	True	35	0.348	0.373	gain	TP	TP
chr16	21180868	21217539	36671	3	1	0	2	nested_a_in_b	nested_a_in_b	2-1	2-1	True	6	0.34	0.374	gain	TP	TP
chr16	21260324	21278464	18140	7	11	0	9	nested_a_in_b	nested_a_in_b	2-1	2-1	True	27	0.271	0.676	gain	TP	TP
chr16	21265365	21284617	19252	19	1	0	4	nested_a_in_b	nested_a_in_b	1-1	1-1	True	24	0.2	0.297	gain	TP	TP
chr16	23370190	23391586	21396	10	10	0	8	nested_a_in_b	nested_a_in_b	1-1	1-1	True	28	0.227	0.462	gain	TP	TP
chr16	24613651	24639847	26196	6	3	0	5	nested_a_in_b	nested_a_in_b	1-1	1-1	True	14	0.328	0.528	gain	TP	TP
chr16	25487851	25501384	13533	23	1	0	11	nested_a_in_b	nested_a_in_b	1-1	1-1	True	35	0.234	0.259	gain	TP	TP
chr16	25965091	25971354	6263	28	21	0	16	nested_a_in_b	nested_a_in_b	1-1	1-1	True	65	0.237	0.562	gain	TP	TP
chr16	26141020	26164246	23226	8	6	0	4	nested_a_in_b	nested_a_in_b	1-1	1-1	True	18	0.221	0.474	gain	TP	TP
chr16	30723494	30723495	1	48	2	0	38	nested_a_in_b	nested_a_in_b	2-1	2-1	True	88	0.432	0.435	gain	TP	TP
chr16	30791392	30799073	7681	39	15	0	11	nested_a_in_b	nested_a_in_b	2-1	2-1	True	65	0.266	0.474	gain	TP	TP
chr16	34639641	34640156	515	28	1	0	37	nested_a_in_b	nested_a_in_b	3	3	True	66	0.562	0.595	gain	TP	TP
chr16	34647927	34655429	7502	17	1	0	29	nested_a_in_b	nested_a_in_b	1-1	1-1	True	47	0.614	0.66	gain	TP	TP
chr16	34647927	34657457	9530	16	1	0	24	nested_a_in_b	nested_a_in_b	1-1	1-1	True	41	0.614	0.624	gain	TP	TP
chr16	34658822	34663296	4474	27	13	0	27	nested_a_in_b	nested_a_in_b	1-1	1-1	True	67	0.411	0.576	gain	TP	TP
chr16	34658822	34676407	17585	12	2	0	7	nested_a_in_b	nested_a_in_b	1-1	1-1	True	21	0.411	0.615	gain	TP	TP
chr16	34658822	34682271	23449	6	1	0	4	nested_a_in_b	nested_a_in_b	1-1	1-1	True	11	0.411	0.663	gain	TP	TP
chr16	34762829	34767808	4979	27	1	0	34	nested_a_in_b	nested_a_in_b	1-1	1-1	True	62	0.532	0.567	gain	TP	TP
chr16	34898926	34921520	22594	6	1	0	2	nested_a_in_b	nested_a_in_b	3	3	True	9	0.587	0.588	gain	TP	TP
chr16	34898926	34922442	23516	4	1	0	2	nested_a_in_b	nested_a_in_b	3	3	True	7	0.587	0.594	gain	TP	TP
chr16	34898926	34922683	23757	4	1	0	2	nested_a_in_b	nested_a_in_b	3	3	True	7	0.587	0.58	gain	TP	TP
chr16	35127773	35143434	15661	6	1	0	11	nested_a_in_b	nested_a_in_b	1-1	1-1	True	18	0.614	0.616	gain	TP	TP
chr16	35131421	35143434	12013	8	3	0	11	nested_a_in_b	nested_a_in_b	1-1	1-1	True	22	0.471	0.616	gain	TP	TP
chr16	35131421	35155116	23695	3	1	0	4	nested_a_in_b	nested_a_in_b	1-1	1-1	True	8	0.471	0.635	gain	TP	TP
chr16	35224649	35246281	21632	2	1	0	8	nested_a_in_b	nested_a_in_b	1-1	1-1	True	11	0.667	0.458	gain	TP	TP
chr16	35224649	35248210	23561	1	1	0	7	nested_a_in_b	nested_a_in_b	1-1	1-1	True	9	0.667	0.504	gain	TP	TP
chr16	35246281	35248210	1929	43	3	0	51	nested_a_in_b	nested_a_in_b	1-1	1-1	True	97	0.458	0.504	gain	TP	TP
chr16	35470544	35472372	1828	48	1	0	37	nested_a_in_b	nested_a_in_b	2-1	2-1	True	86	0.441	0.455	gain	TP	TP
chr16	35512674	35512868	194	50	1	0	41	nested_a_in_b	nested_a_in_b	1-1	1-1	True	92	0.452	0.469	gain	TP	TP
chr16	35598605	35599216	611	30	1	0	49	nested_a_in_b	nested_a_in_b	3	3	True	80	0.627	0.635	gain	TP	TP
chr16	35703461	35718758	15297	5	1	0	14	nested_a_in_b	nested_a_in_b	3	3	True	20	0.682	0.654	gain	TP	TP
chr16	35707025	35718758	11733	5	3	0	17	nested_a_in_b	nested_a_in_b	3	3	True	25	0.686	0.654	gain	TP	TP
chr16	35916994	35923356	6362	14	15	0	13	nested_a_in_b	nested_a_in_b	3	3	True	42	0.319	0.724	gain	TP	TP
chr16	35916994	35936060	19066	4	8	0	5	nested_a_in_b	nested_a_in_b	3	3	True	17	0.319	0.622	gain	TP	TP
chr16	35916994	35937750	20756	4	7	0	4	nested_a_in_b	nested_a_in_b	3	3	True	15	0.319	0.556	gain	TP	TP
chr16	35916994	35939916	22922	4	7	0	2	nested_a_in_b	nested_a_in_b	3	3	True	13	0.319	0.526	gain	TP	TP
chr16	35923356	35936060	12704	5	1	0	20	nested_a_in_b	nested_a_in_b	3	3	True	26	0.724	0.622	gain	TP	TP
chr16	35939916	35948447	8531	20	1	0	17	nested_a_in_b	nested_a_in_b	3	3	True	38	0.526	0.591	gain	TP	TP
chr16	35955753	35969413	13660	5	1	0	14	nested_a_in_b	nested_a_in_b	1-1	1-1	True	20	0.677	0.578	gain	TP	TP
chr16	36141930	36150482	8552	21	2	0	26	nested_a_in_b	nested_a_in_b	2-1	2-1	True	49	0.577	0.589	gain	TP	TP
chr16	36141930	36155666	13736	11	1	0	18	nested_a_in_b	nested_a_in_b	2-1	2-1	True	30	0.577	0.642	gain	TP	TP
chr16	36143171	36150482	7311	22	1	0	32	nested_a_in_b	nested_a_in_b	2-1	2-1	True	55	0.634	0.589	gain	TP	TP
chr16	36153929	36155666	1737	25	22	0	23	nested_a_in_b	nested_a_in_b	2-1	2-1	True	70	0.3	0.642	gain	TP	TP
chr16	36153929	36159401	5472	23	17	0	18	nested_a_in_b	nested_a_in_b	2-1	2-1	True	58	0.3	0.602	gain	TP	TP
chr16	36153929	36162951	9022	16	13	0	10	nested_a_in_b	nested_a_in_b	2-1	2-1	True	39	0.3	0.584	gain	TP	TP
chr16	36179932	36181334	1402	23	3	0	45	nested_a_in_b	nested_a_in_b	2-1	2-1	True	71	0.663	0.646	gain	TP	TP
chr16	36179932	36185405	5473	18	2	0	32	nested_a_in_b	nested_a_in_b	2-1	2-1	True	52	0.663	0.675	gain	TP	TP
chr16	36199256	36202893	3637	10	2	0	41	nested_a_in_b	nested_a_in_b	3	3	True	53	0.711	0.741	gain	TP	TP
chr16	36199256	36209682	10426	5	1	0	23	nested_a_in_b	nested_a_in_b	3	3	True	29	0.711	0.718	gain	TP	TP
chr16	36199256	36211887	12631	4	1	0	20	nested_a_in_b	nested_a_in_b	3	3	True	25	0.711	0.678	gain	TP	TP
chr16	36200094	36202893	2799	12	4	0	41	nested_a_in_b	nested_a_in_b	3	3	True	57	0.68	0.741	gain	TP	TP
chr16	36200094	36209682	9588	7	1	0	25	nested_a_in_b	nested_a_in_b	3	3	True	33	0.68	0.718	gain	TP	TP
chr16	36209129	36211887	2758	18	3	0	48	nested_a_in_b	nested_a_in_b	3	3	True	69	0.691	0.678	gain	TP	TP
chr16	36209682	36211887	2205	16	3	0	49	nested_a_in_b	nested_a_in_b	3	3	True	68	0.718	0.678	gain	TP	TP
chr21	10342450	10357137	14687	62	1	0	24	nested_a_in_b	nested_a_in_b	1-1	1-1	True	87	0.211	0.249	neutral	FP	FP
chr21	10352179	10357137	4958	159	2	0	51	nested_a_in_b	nested_a_in_b	1-1	1-1	True	212	0.202	0.249	neutral	FP	FP
chr21	10352179	10358257	6078	141	1	0	43	nested_a_in_b	nested_a_in_b	1-1	1-1	True	185	0.202	0.233	neutral	FP	FP
chr21	13518744	13518745	1	20	1	0	32	nested_a_in_b	nested_a_in_b	2-1	2-1	True	53	0.604	0.623	neutral	TP	TP
chr21	14233912	14253871	19959	6	2	0	1	mutual_excl	nested_a_in_b	2-1	2-1	True	9	0.322	0.431	neutral	TP	TP
chr21	16812712	16812713	1	30	1	0	30	nested_a_in_b	nested_a_in_b	1-1	1-1	True	61	0.484	0.5	neutral	TP	TP
chr21	18136259	18137539	1280	13	20	0	9	nested_a_in_b	nested_a_in_b	2-1	2-1	True	42	0.212	0.64	neutral	TP	TP
chr21	20386204	20407872	21668	3	1	0	3	nested_a_in_b	nested_a_in_b	1-1	1-1	True	7	0.473	0.511	neutral	TP	TP
chr21	21327447	21327448	1	41	2	0	20	nested_a_in_b	nested_a_in_b	1-1	1-1	True	63	0.312	0.349	neutral	TP	TP
chr21	22306211	22306219	8	16	1	0	22	nested_a_in_b	nested_a_in_b	1-1	1-1	True	39	0.564	0.6	neutral	TP	TP
chr21	25233798	25245901	12103	10	1	0	13	nested_a_in_b	nested_a_in_b	2-1	2-1	True	24	0.536	0.562	neutral	TP	TP
chr21	29217952	29247324	29372	3	1	0	5	nested_a_in_b	nested_a_in_b	1-1	1-1	True	9	0.437	0.492	neutral	TP	TP
chr21	30755336	30768096	12760	7	1	0	5	nested_a_in_b	nested_a_in_b	2-1	2-1	True	13	0.403	0.519	neutral	TP	TP
chr21	35837362	35837363	1	32	1	0	20	nested_a_in_b	nested_a_in_b	1-1	1-1	True	53	0.37	0.396	neutral	TP	TP
chr21	36483854	36498677	14823	10	2	0	8	nested_a_in_b	nested_a_in_b	2-1	2-1	True	20	0.426	0.5	neutral	TP	TP
chr21	38110121	38118837	8716	2	8	0	1	mutual_excl	nested_a_in_b	1-1	1-1	True	11	0.107	0.893	loss	FP	TP
chr21	38979149	38990794	11645	5	1	0	11	nested_a_in_b	nested_a_in_b	2-1	2-1	True	17	0.481	0.431	neutral	TP	TP
chr21	40336852	40340539	3687	28	1	0	12	nested_a_in_b	nested_a_in_b	2-1	2-1	True	41	0.468	0.311	neutral	TP	TP
chr2	607909	608037	128	54	1	0	20	nested_a_in_b	nested_a_in_b	2-1	2-1	True	75	0.266	0.286	gain	TP	TP
chr2	992071	997726	5655	12	1	0	28	nested_a_in_b	nested_a_in_b	2-1	2-1	True	41	0.667	0.685	gain	TP	TP
chr2	1462159	1463668	1509	1	23	0	47	nested_a_in_b	nested_a_in_b	2-1	2-1	True	71	0.598	0.988	gain	TP	TP
chr2	1462159	1492428	30269	1	3	0	6	nested_a_in_b	nested_a_in_b	2-1	2-1	True	10	0.598	0.933	gain	TP	TP
chr2	2689766	2716425	26659	7	7	0	1	mutual_excl	nested_a_in_b	1-1	1-1	True	15	0.302	0.704	gain	TP	TP
chr2	5556896	5567059	10163	23	1	0	15	nested_a_in_b	nested_a_in_b	2-1	2-1	True	39	0.382	0.333	gain	TP	TP
chr2	5556897	5567059	10162	23	1	0	15	nested_a_in_b	nested_a_in_b	2-1	2-1	True	39	0.364	0.333	gain	TP	TP
chr2	5810491	5814843	4352	31	2	0	12	nested_a_in_b	nested_a_in_b	2-1	2-1	True	45	0.329	0.292	gain	TP	TP
chr2	12902177	12917379	15202	5	1	0	5	nested_a_in_b	nested_a_in_b	2-1	2-1	True	11	0.468	0.6	loh	TP	TP
chr2	12965685	12989169	23484	0	4	0	6	nested_a_in_b	nested_a_in_b	2-1	2-1	True	10	0.426	0.985	loh	TP	TP
chr2	13965501	13986076	20575	0	7	0	3	nested_a_in_b	nested_a_in_b	2-1	2-1	True	10	0.509	0.984	loh	TP	TP
chr2	18068480	18072546	4066	22	2	0	15	nested_a_in_b	nested_a_in_b	2-1	2-1	True	39	0.404	0.41	loh	TP	TP
chr2	18349259	18349559	300	29	28	0	4	nested_a_in_b	nested_a_in_b	2-1	2-1	True	61	0.061	0.524	loh	FP	TP
chr2	19975005	19975745	740	33	1	0	20	nested_a_in_b	nested_a_in_b	2-1	2-1	True	54	0.355	0.4	loh	TP	TP
chr2	20390709	20396930	6221	0	17	0	10	nested_a_in_b	nested_a_in_b	2-1	2-1	True	27	0.373	0.952	loh	TP	TP
chr2	24739677	24771416	31739	0	3	0	3	nested_a_in_b	nested_a_in_b	2-1	2-1	True	6	0.545	0.985	loh	TP	TP
chr2	25783210	25814115	30905	1	3	0	3	nested_a_in_b	nested_a_in_b	2-1	2-1	True	7	0.341	0.734	loh	TP	TP
chr2	28328086	28354571	26485	0	7	0	1	mutual_excl	nested_a_in_b	1-1	1-1	True	8	0.233	0.938	loh	TP	TP
chr2	29364500	29373608	9108	11	14	0	10	nested_a_in_b	nested_a_in_b	1-1	1-1	True	35	0.333	0.655	loh	TP	TP
chr2	29364500	29377030	12530	9	9	0	8	nested_a_in_b	nested_a_in_b	1-1	1-1	True	26	0.333	0.63	loh	TP	TP
chr2	29364500	29391570	27070	0	10	0	3	nested_a_in_b	nested_a_in_b	1-1	1-1	True	13	0.333	0.929	loh	TP	TP
chr2	29364500	29397480	32980	0	5	0	1	mutual_excl	nested_a_in_b	1-1	1-1	True	6	0.333	0.956	loh	TP	TP
chr2	29373608	29391570	17962	1	12	0	15	nested_a_in_b	nested_a_in_b	1-1	1-1	True	28	0.655	0.929	loh	TP	TP
chr2	29373608	29397480	23872	0	6	0	9	nested_a_in_b	nested_a_in_b	1-1	1-1	True	15	0.655	0.956	loh	TP	TP
chr2	29377030	29391570	14540	1	14	0	19	nested_a_in_b	nested_a_in_b	1-1	1-1	True	34	0.63	0.929	loh	TP	TP
chr2	29377030	29397480	20450	0	8	0	12	nested_a_in_b	nested_a_in_b	1-1	1-1	True	20	0.63	0.956	loh	TP	TP
chr2	29391570	29397480	5910	2	3	0	60	nested_a_in_b	nested_a_in_b	1-1	1-1	True	65	0.929	0.956	loh	TP	TP
chr2	29625214	29646539	21325	1	9	0	5	nested_a_in_b	nested_a_in_b	1-1	1-1	True	15	0.33	0.915	loh	TP	TP
chr2	31366061	31370787	4726	2	1	0	52	nested_a_in_b	nested_a_in_b	1-1	1-1	True	55	0.95	0.973	loh	TP	TP
chr2	34997368	34999568	2200	1	41	0	8	nested_a_in_b	nested_a_in_b	1-1	1-1	True	50	0.141	0.983	loh	FP	TP
chr2	37037708	37039476	1768	0	2	0	59	nested_a_in_b	nested_a_in_b	1-1	1-1	True	61	0.973	0.986	loh	TP	TP
chr2	40386533	40392699	6166	1	20	0	4	nested_a_in_b	nested_a_in_b	1-1	1-1	True	25	0.137	0.936	loh	FP	TP
chr2	41021690	41038806	17116	0	6	0	5	nested_a_in_b	nested_a_in_b	2-1	2-1	True	11	0.466	0.968	loh	TP	TP
chr2	41021690	41040579	18889	0	6	0	4	nested_a_in_b	nested_a_in_b	2-1	2-1	True	10	0.466	0.898	loh	TP	TP
chr2	41021690	41040918	19228	0	5	0	4	nested_a_in_b	nested_a_in_b	2-1	2-1	True	9	0.466	0.949	loh	TP	TP
chr2	41021690	41042875	21185	1	3	0	3	nested_a_in_b	nested_a_in_b	2-1	2-1	True	7	0.466	0.927	loh	TP	TP
chr2	41040579	41040918	339	3	2	0	52	nested_a_in_b	nested_a_in_b	2-1	2-1	True	57	0.898	0.949	loh	TP	TP
chr2	41042875	41061521	18646	2	1	0	13	nested_a_in_b	nested_a_in_b	2-1	2-1	True	16	0.927	0.931	loh	TP	TP
chr2	41059662	41061521	1859	4	44	0	1	mutual_excl	nested_a_in_b	2-1	2-1	True	49	0.034	0.931	loh	FP	TP
chr2	44829172	44835685	6513	38	1	0	3	nested_a_in_b	nested_a_in_b	1-1	1-1	True	42	0.056	0.066	loh	FP	FP
chr2	44829172	44837957	8785	31	1	0	3	nested_a_in_b	nested_a_in_b	1-1	1-1	True	35	0.056	0.073	loh	FP	FP
chr2	44942972	44943687	715	38	2	0	27	nested_a_in_b	nested_a_in_b	1-1	1-1	True	67	0.378	0.449	loh	TP	TP
chr2	44942972	44945277	2305	31	2	0	17	nested_a_in_b	nested_a_in_b	1-1	1-1	True	50	0.378	0.368	loh	TP	TP
chr2	44942972	44947106	4134	26	2	0	20	nested_a_in_b	nested_a_in_b	1-1	1-1	True	48	0.378	0.427	loh	TP	TP
chr2	44942972	44950663	7691	19	1	0	18	nested_a_in_b	nested_a_in_b	1-1	1-1	True	38	0.378	0.398	loh	TP	TP
chr2	44942972	44950964	7992	20	1	0	16	nested_a_in_b	nested_a_in_b	1-1	1-1	True	37	0.378	0.4	loh	TP	TP
chr2	44943065	44943687	622	38	3	0	26	nested_a_in_b	nested_a_in_b	1-1	1-1	True	67	0.37	0.449	loh	TP	TP
chr2	44943065	44945277	2212	31	2	0	17	nested_a_in_b	nested_a_in_b	1-1	1-1	True	50	0.37	0.368	loh	TP	TP
chr2	44943065	44947106	4041	26	2	0	20	nested_a_in_b	nested_a_in_b	1-1	1-1	True	48	0.37	0.427	loh	TP	TP
chr2	44943065	44950663	7598	19	2	0	17	nested_a_in_b	nested_a_in_b	1-1	1-1	True	38	0.37	0.398	loh	TP	TP
chr2	44943065	44950677	7612	21	1	0	17	nested_a_in_b	nested_a_in_b	1-1	1-1	True	39	0.37	0.42	loh	TP	TP
chr2	44943065	44950964	7899	20	1	0	16	nested_a_in_b	nested_a_in_b	1-1	1-1	True	37	0.37	0.4	loh	TP	TP
chr2	44943065	44957894	14829	12	1	0	10	nested_a_in_b	nested_a_in_b	1-1	1-1	True	23	0.37	0.344	loh	TP	TP
chr2	44943065	44959574	16509	10	1	0	9	nested_a_in_b	nested_a_in_b	1-1	1-1	True	20	0.37	0.312	loh	TP	TP
chr2	44943065	44960067	17002	9	1	0	9	nested_a_in_b	nested_a_in_b	1-1	1-1	True	19	0.37	0.314	loh	TP	TP
chr2	44943065	44963374	20309	8	1	0	8	nested_a_in_b	nested_a_in_b	1-1	1-1	True	17	0.37	0.352	loh	TP	TP
chr2	44943065	44967312	24247	6	1	0	7	nested_a_in_b	nested_a_in_b	1-1	1-1	True	14	0.37	0.337	loh	TP	TP
chr2	44943065	44968196	25131	6	1	0	7	nested_a_in_b	nested_a_in_b	1-1	1-1	True	14	0.37	0.319	loh	TP	TP
chr2	44943065	44968446	25381	6	1	0	6	nested_a_in_b	nested_a_in_b	1-1	1-1	True	13	0.37	0.303	loh	TP	TP
chr2	44943065	44971217	28152	4	1	0	5	nested_a_in_b	nested_a_in_b	1-1	1-1	True	10	0.37	0.322	loh	TP	TP
chr2	44943065	44973098	30033	4	1	0	2	nested_a_in_b	nested_a_in_b	1-1	1-1	True	7	0.37	0.37	loh	TP	TP
chr2	44943065	44973350	30285	4	1	0	1	sparse	nested_a_in_b	1-1	1-1	True	6	0.37	0.325	loh	TP	TP
chr2	44943687	44945277	1590	31	1	0	23	nested_a_in_b	nested_a_in_b	1-1	1-1	True	55	0.449	0.368	loh	TP	TP
chr2	44946546	44947106	560	40	2	0	31	nested_a_in_b	nested_a_in_b	1-1	1-1	True	73	0.405	0.427	gain	TP	TP
chr2	44946546	44950663	4117	29	1	0	22	nested_a_in_b	nested_a_in_b	1-1	1-1	True	52	0.405	0.398	gain	TP	TP
chr2	44947702	44957894	10192	19	1	0	12	nested_a_in_b	nested_a_in_b	1-1	1-1	True	32	0.436	0.344	gain	TP	TP
chr2	44947702	44959574	11872	17	1	0	11	nested_a_in_b	nested_a_in_b	1-1	1-1	True	29	0.436	0.312	gain	TP	TP
chr2	44947702	44960067	12365	14	1	0	10	nested_a_in_b	nested_a_in_b	1-1	1-1	True	25	0.436	0.314	gain	TP	TP
chr2	44947702	44963374	15672	13	1	0	9	nested_a_in_b	nested_a_in_b	1-1	1-1	True	23	0.436	0.352	gain	TP	TP
chr2	44947702	44968446	20744	10	1	0	7	nested_a_in_b	nested_a_in_b	1-1	1-1	True	18	0.436	0.303	gain	TP	TP
chr2	44947702	44973098	25396	6	1	0	3	nested_a_in_b	nested_a_in_b	1-1	1-1	True	10	0.436	0.37	gain	TP	TP
chr2	44949824	44950663	839	42	4	0	28	nested_a_in_b	nested_a_in_b	1-1	1-1	True	74	0.407	0.398	gain	TP	TP
chr2	44949824	44950677	853	44	3	0	30	nested_a_in_b	nested_a_in_b	1-1	1-1	True	77	0.407	0.42	gain	TP	TP
chr2	44949824	44950964	1140	44	2	0	27	nested_a_in_b	nested_a_in_b	1-1	1-1	True	73	0.407	0.4	gain	TP	TP
chr2	44949824	44957894	8070	26	1	0	16	nested_a_in_b	nested_a_in_b	1-1	1-1	True	43	0.407	0.344	gain	TP	TP
chr2	44949824	44968446	18622	12	1	0	7	nested_a_in_b	nested_a_in_b	1-1	1-1	True	20	0.407	0.303	gain	TP	TP
chr2	44949824	44973098	23274	8	1	0	3	nested_a_in_b	nested_a_in_b	1-1	1-1	True	12	0.407	0.37	gain	TP	TP
chr2	44950663	44968446	17783	14	1	0	7	nested_a_in_b	nested_a_in_b	1-1	1-1	True	22	0.398	0.303	gain	TP	TP
chr2	44950663	44973098	22435	9	1	0	3	nested_a_in_b	nested_a_in_b	1-1	1-1	True	13	0.398	0.37	gain	TP	TP
chr2	44950677	44968446	17769	13	1	0	7	nested_a_in_b	nested_a_in_b	1-1	1-1	True	21	0.42	0.303	gain	TP	TP
chr2	44950677	44973098	22421	9	1	0	3	nested_a_in_b	nested_a_in_b	1-1	1-1	True	13	0.42	0.37	gain	TP	TP
chr2	44955344	44957894	2550	47	3	0	23	nested_a_in_b	nested_a_in_b	1-1	1-1	True	73	0.308	0.344	gain	TP	TP
chr2	44955344	44960067	4723	38	2	0	19	nested_a_in_b	nested_a_in_b	1-1	1-1	True	59	0.308	0.314	gain	TP	TP
chr2	44955344	44963374	8030	33	3	0	16	nested_a_in_b	nested_a_in_b	1-1	1-1	True	52	0.308	0.352	gain	TP	TP
chr2	44955344	44967312	11968	21	3	0	11	nested_a_in_b	nested_a_in_b	1-1	1-1	True	35	0.308	0.337	gain	TP	TP
chr2	44955344	44968196	12852	20	3	0	10	nested_a_in_b	nested_a_in_b	1-1	1-1	True	33	0.308	0.319	gain	TP	TP
chr2	44955344	44968446	13102	20	4	0	9	nested_a_in_b	nested_a_in_b	1-1	1-1	True	33	0.308	0.303	gain	TP	TP
chr2	44955344	44971217	15873	16	2	0	8	nested_a_in_b	nested_a_in_b	1-1	1-1	True	26	0.308	0.322	gain	TP	TP
chr2	44955344	44973098	17754	14	3	0	4	nested_a_in_b	nested_a_in_b	1-1	1-1	True	21	0.308	0.37	gain	TP	TP
chr2	44955344	44973350	18006	15	2	0	3	nested_a_in_b	nested_a_in_b	1-1	1-1	True	20	0.308	0.325	gain	TP	TP
chr2	44955344	44976120	20776	12	2	0	1	mutual_excl	nested_a_in_b	1-1	1-1	True	15	0.308	0.337	gain	TP	TP
chr2	44955344	44976465	21121	12	2	0	1	mutual_excl	nested_a_in_b	1-1	1-1	True	15	0.308	0.352	gain	TP	TP
chr2	44957894	44968446	10552	21	1	0	13	nested_a_in_b	nested_a_in_b	1-1	1-1	True	35	0.344	0.303	gain	TP	TP
chr2	44959574	44963374	3800	43	1	0	23	nested_a_in_b	nested_a_in_b	1-1	1-1	True	67	0.312	0.352	gain	TP	TP
chr2	44959574	44968446	8872	25	1	0	15	nested_a_in_b	nested_a_in_b	1-1	1-1	True	41	0.312	0.303	gain	TP	TP
chr2	44960067	44968446	8379	25	1	0	14	nested_a_in_b	nested_a_in_b	1-1	1-1	True	40	0.314	0.303	gain	TP	TP
chr2	44960067	44973098	13031	15	2	0	6	nested_a_in_b	nested_a_in_b	1-1	1-1	True	23	0.314	0.37	gain	TP	TP
chr2	44963374	44968446	5072	33	1	0	18	nested_a_in_b	nested_a_in_b	1-1	1-1	True	52	0.352	0.303	gain	TP	TP
chr2	44967312	44968446	1134	54	1	0	26	nested_a_in_b	nested_a_in_b	1-1	1-1	True	81	0.337	0.303	gain	TP	TP
chr2	44971217	44973350	2133	52	1	0	19	nested_a_in_b	nested_a_in_b	1-1	1-1	True	72	0.322	0.325	gain	TP	TP
chr2	44971217	44976465	5248	44	1	0	16	nested_a_in_b	nested_a_in_b	1-1	1-1	True	61	0.322	0.352	gain	TP	TP
chr2	44971217	44977648	6431	38	1	0	14	nested_a_in_b	nested_a_in_b	1-1	1-1	True	53	0.322	0.351	gain	TP	TP
chr2	44976120	44976465	345	58	1	0	30	nested_a_in_b	nested_a_in_b	1-1	1-1	True	89	0.337	0.352	gain	TP	TP
chr2	44991341	44991945	604	79	1	0	26	nested_a_in_b	nested_a_in_b	3	3	True	106	0.256	0.277	gain	TP	TP
chr2	44991831	44991945	114	78	1	0	28	nested_a_in_b	nested_a_in_b	3	3	True	107	0.261	0.277	gain	TP	TP
chr2	44999696	45005499	5803	39	1	0	21	nested_a_in_b	nested_a_in_b	1-1	1-1	True	61	0.322	0.348	gain	TP	TP
chr2	44999696	45007598	7902	35	1	0	19	nested_a_in_b	nested_a_in_b	1-1	1-1	True	55	0.322	0.31	gain	TP	TP
chr2	44999696	45010387	10691	21	1	0	15	nested_a_in_b	nested_a_in_b	1-1	1-1	True	37	0.322	0.368	gain	TP	TP
chr2	44999696	45010658	10962	20	1	0	14	nested_a_in_b	nested_a_in_b	1-1	1-1	True	35	0.322	0.375	gain	TP	TP
chr2	45006212	45007598	1386	58	2	0	24	nested_a_in_b	nested_a_in_b	1-1	1-1	True	84	0.305	0.31	gain	TP	TP
chr2	45006212	45010387	4175	33	2	0	16	nested_a_in_b	nested_a_in_b	1-1	1-1	True	51	0.305	0.368	gain	TP	TP
chr2	45006212	45010658	4446	32	2	0	15	nested_a_in_b	nested_a_in_b	1-1	1-1	True	49	0.305	0.375	gain	TP	TP
chr2	45007103	45010387	3284	31	2	0	15	nested_a_in_b	nested_a_in_b	1-1	1-1	True	48	0.28	0.368	gain	TP	TP
chr2	45007103	45035814	28711	4	1	0	1	sparse	nested_a_in_b	1-1	1-1	True	6	0.28	0.333	gain	TP	TP
chr2	45007709	45010658	2949	32	1	0	18	nested_a_in_b	nested_a_in_b	1-1	1-1	True	51	0.301	0.375	gain	TP	TP
chr2	45009892	45010387	495	43	8	0	17	nested_a_in_b	nested_a_in_b	1-1	1-1	True	68	0.232	0.368	gain	TP	TP
chr2	45009892	45010658	766	42	7	0	17	nested_a_in_b	nested_a_in_b	1-1	1-1	True	66	0.232	0.375	gain	TP	TP
chr2	45014143	45021578	7435	31	1	0	16	nested_a_in_b	nested_a_in_b	1-1	1-1	True	48	0.337	0.286	gain	TP	TP
chr2	45032572	45037110	4538	43	1	0	19	nested_a_in_b	nested_a_in_b	1-1	1-1	True	63	0.393	0.344	gain	TP	TP
chr2	45037837	45037974	137	56	2	0	29	nested_a_in_b	nested_a_in_b	1-1	1-1	True	87	0.326	0.341	gain	TP	TP
chr2	45402316	45407500	5184	7	3	0	32	nested_a_in_b	nested_a_in_b	2-1	2-1	True	42	0.768	0.838	gain	TP	TP
chr2	45402316	45408564	6248	7	4	0	31	nested_a_in_b	nested_a_in_b	2-1	2-1	True	42	0.768	0.819	gain	TP	TP
chr2	45402316	45413629	11313	6	2	0	16	nested_a_in_b	nested_a_in_b	2-1	2-1	True	24	0.768	0.662	gain	TP	TP
chr2	45402316	45414060	11744	5	4	0	17	nested_a_in_b	nested_a_in_b	2-1	2-1	True	26	0.768	0.74	gain	TP	TP
chr2	45402316	45425693	23377	1	1	0	9	nested_a_in_b	nested_a_in_b	2-1	2-1	True	11	0.768	0.648	gain	TP	TP
chr2	45402316	45425724	23408	1	1	0	9	nested_a_in_b	nested_a_in_b	2-1	2-1	True	11	0.768	0.656	gain	TP	TP
chr2	45402849	45407500	4651	8	1	0	33	nested_a_in_b	nested_a_in_b	2-1	2-1	True	42	0.788	0.838	gain	TP	TP
chr2	45402849	45408564	5715	8	1	0	33	nested_a_in_b	nested_a_in_b	2-1	2-1	True	42	0.788	0.819	gain	TP	TP
chr2	45402849	45414060	11211	6	1	0	21	nested_a_in_b	nested_a_in_b	2-1	2-1	True	28	0.788	0.74	gain	TP	TP
chr2	45406871	45407500	629	11	3	0	46	nested_a_in_b	nested_a_in_b	2-1	2-1	True	60	0.779	0.838	gain	TP	TP
chr2	45406871	45408564	1693	11	2	0	45	nested_a_in_b	nested_a_in_b	2-1	2-1	True	58	0.779	0.819	gain	TP	TP
chr2	45406871	45414060	7189	7	1	0	27	nested_a_in_b	nested_a_in_b	2-1	2-1	True	35	0.779	0.74	gain	TP	TP
chr2	45406871	45425693	18822	3	1	0	11	nested_a_in_b	nested_a_in_b	2-1	2-1	True	15	0.779	0.648	gain	TP	TP
chr2	45406871	45425724	18853	3	1	0	11	nested_a_in_b	nested_a_in_b	2-1	2-1	True	15	0.779	0.656	gain	TP	TP
chr2	45406871	45428887	22016	3	1	0	10	nested_a_in_b	nested_a_in_b	2-1	2-1	True	14	0.779	0.72	gain	TP	TP
chr2	45413085	45414060	975	18	4	0	45	nested_a_in_b	nested_a_in_b	2-1	2-1	True	67	0.698	0.74	gain	TP	TP
chr2	45413085	45425724	12639	8	3	0	21	nested_a_in_b	nested_a_in_b	2-1	2-1	True	32	0.698	0.656	gain	TP	TP
chr2	45413085	45428887	15802	8	3	0	20	nested_a_in_b	nested_a_in_b	2-1	2-1	True	31	0.698	0.72	gain	TP	TP
chr2	45413629	45414060	431	19	3	0	41	nested_a_in_b	nested_a_in_b	2-1	2-1	True	63	0.662	0.74	gain	TP	TP
chr2	45425693	45428887	3194	19	1	0	49	nested_a_in_b	nested_a_in_b	2-1	2-1	True	69	0.648	0.72	gain	TP	TP
chr2	48335902	48351468	15566	14	7	0	3	nested_a_in_b	nested_a_in_b	2-1	2-1	True	24	0.247	0.575	gain	TP	TP
chr2	48335902	48356002	20100	5	5	0	2	nested_a_in_b	nested_a_in_b	2-1	2-1	True	12	0.247	0.633	gain	TP	TP
chr2	50045117	50047755	2638	59	2	0	21	nested_a_in_b	nested_a_in_b	1-1	1-1	True	82	0.237	0.279	gain	TP	TP
chr2	50081499	50104399	22900	8	1	0	2	nested_a_in_b	nested_a_in_b	1-1	1-1	True	11	0.234	0.384	gain	TP	TP
chr2	50796307	50822919	26612	4	5	0	1	mutual_excl	nested_a_in_b	2-1	2-1	True	10	0.051	0.347	gain	TP	TP
chr2	51181085	51196852	15767	11	3	0	1	mutual_excl	nested_a_in_b	3	3	True	15	0.162	0.266	gain	TP	TP
chr2	53043810	53058003	14193	12	1	0	7	nested_a_in_b	nested_a_in_b	2-1	2-1	True	20	0.263	0.341	gain	TP	TP
chr2	55207687	55218380	10693	5	1	0	22	nested_a_in_b	nested_a_in_b	2-1	2-1	True	28	0.654	0.691	gain	TP	TP
chr2	55210123	55218380	8257	6	15	0	12	nested_a_in_b	nested_a_in_b	2-1	2-1	True	33	0.385	0.691	gain	TP	TP
chr2	57099907	57108615	8708	7	3	0	25	nested_a_in_b	nested_a_in_b	2-1	2-1	True	35	0.632	0.743	gain	TP	TP
chr2	61866411	61872914	6503	20	1	0	34	nested_a_in_b	nested_a_in_b	1-1	1-1	True	55	0.656	0.617	gain	TP	TP
chr2	64298534	64328095	29561	0	6	0	3	nested_a_in_b	nested_a_in_b	1-1	1-1	True	9	0.588	0.953	loh	TP	TP
chr2	66830171	66832980	2809	0	16	0	22	nested_a_in_b	nested_a_in_b	1-1	1-1	True	38	0.519	0.981	loh	TP	TP
chr2	67594793	67610243	15450	0	8	0	6	nested_a_in_b	nested_a_in_b	2-1	2-1	True	14	0.339	0.963	loh	TP	TP
chr2	67918136	67949426	31290	0	1	0	6	nested_a_in_b	nested_a_in_b	2-1	2-1	True	7	0.952	0.986	loh	TP	TP
chr2	70839514	70857554	18040	1	4	0	11	nested_a_in_b	nested_a_in_b	2-1	2-1	True	16	0.521	0.968	loh	TP	TP
chr2	73129354	73137651	8297	1	1	0	23	nested_a_in_b	nested_a_in_b	2-1	2-1	True	25	0.95	0.978	loh	TP	TP
chr2	77973325	77978776	5451	25	2	0	3	nested_a_in_b	nested_a_in_b	3	3	True	30	0.082	0.14	loh	FP	FP
chr2	77973723	77978776	5053	26	2	0	3	nested_a_in_b	nested_a_in_b	3	3	True	31	0.082	0.14	loh	FP	FP
chr2	84933770	84945939	12169	34	6	0	7	nested_a_in_b	nested_a_in_b	1-1	1-1	True	47	0.131	0.275	gain	TP	TP
chr2	85112032	85123573	11541	21	31	0	8	nested_a_in_b	nested_a_in_b	2-1	2-1	True	60	0.163	0.665	gain	TP	TP
chr2	85311280	85339519	28239	5	1	0	2	nested_a_in_b	nested_a_in_b	1-1	1-1	True	8	0.467	0.463	gain	TP	TP
chr2	85433484	85455419	21935	6	7	0	11	nested_a_in_b	nested_a_in_b	2-1	2-1	True	24	0.387	0.614	gain	TP	TP
chr2	86072826	86076355	3529	60	5	0	18	nested_a_in_b	nested_a_in_b	1-1	1-1	True	83	0.216	0.234	gain	TP	TP
chr2	89763903	89770904	7001	94	1	0	26	nested_a_in_b	nested_a_in_b	2-1	2-1	True	121	0.201	0.232	gain	TP	TP
chr2	94539156	94539933	777	101	8	0	8	nested_a_in_b	nested_a_in_b	1-1	1-1	True	117	0.063	0.161	gain	FP	FP
chr2	94539156	94540056	900	107	1	0	8	nested_a_in_b	nested_a_in_b	1-1	1-1	True	116	0.063	0.122	gain	FP	FP
chr2	94539156	94540120	964	97	9	0	8	nested_a_in_b	nested_a_in_b	1-1	1-1	True	114	0.063	0.187	gain	FP	FP
chr2	94539156	94540138	982	89	15	0	8	nested_a_in_b	nested_a_in_b	1-1	1-1	True	112	0.063	0.27	gain	FP	FP
chr2	94539156	94540166	1010	105	1	0	8	nested_a_in_b	nested_a_in_b	1-1	1-1	True	114	0.063	0.136	gain	FP	FP
chr2	94539156	94540563	1407	93	8	0	8	nested_a_in_b	nested_a_in_b	1-1	1-1	True	109	0.063	0.171	gain	FP	FP
chr2	94539156	94541206	2050	84	10	0	4	nested_a_in_b	nested_a_in_b	1-1	1-1	True	98	0.063	0.148	gain	FP	FP
chr2	94539810	94540138	328	99	19	0	13	nested_a_in_b	nested_a_in_b	1-1	1-1	True	131	0.093	0.27	gain	FP	FP
chr2	94539810	94540166	356	117	3	0	13	nested_a_in_b	nested_a_in_b	1-1	1-1	True	133	0.093	0.136	gain	FP	FP
chr2	94539810	94540420	610	114	2	0	11	nested_a_in_b	nested_a_in_b	1-1	1-1	True	127	0.093	0.113	gain	FP	FP
chr2	94539810	94540563	753	104	10	0	11	nested_a_in_b	nested_a_in_b	1-1	1-1	True	125	0.093	0.171	gain	FP	FP
chr2	94539810	94541206	1396	93	11	0	6	nested_a_in_b	nested_a_in_b	1-1	1-1	True	110	0.093	0.148	gain	FP	FP
chr2	94539923	94539933	10	115	8	0	14	nested_a_in_b	nested_a_in_b	1-1	1-1	True	137	0.101	0.161	gain	FP	FP
chr2	94539923	94540056	133	121	2	0	14	nested_a_in_b	nested_a_in_b	1-1	1-1	True	137	0.101	0.122	gain	FP	FP
chr2	94539923	94540120	197	111	10	0	14	nested_a_in_b	nested_a_in_b	1-1	1-1	True	135	0.101	0.187	gain	FP	FP
chr2	94539923	94540138	215	100	19	0	14	nested_a_in_b	nested_a_in_b	1-1	1-1	True	133	0.101	0.27	gain	FP	FP
chr2	94539923	94540166	243	118	3	0	14	nested_a_in_b	nested_a_in_b	1-1	1-1	True	135	0.101	0.136	gain	FP	FP
chr2	94539923	94540420	497	115	1	0	13	nested_a_in_b	nested_a_in_b	1-1	1-1	True	129	0.101	0.113	gain	FP	FP
chr2	94539923	94540563	640	104	9	0	13	nested_a_in_b	nested_a_in_b	1-1	1-1	True	126	0.101	0.171	gain	FP	FP
chr2	94539923	94541206	1283	93	11	0	6	nested_a_in_b	nested_a_in_b	1-1	1-1	True	110	0.101	0.148	gain	FP	FP
chr2	94539933	94540120	187	109	2	0	22	nested_a_in_b	nested_a_in_b	1-1	1-1	True	133	0.161	0.187	gain	FP	FP
chr2	94539933	94540138	205	99	10	0	22	nested_a_in_b	nested_a_in_b	1-1	1-1	True	131	0.161	0.27	gain	FP	FP
chr2	94539933	94540563	630	103	1	0	21	nested_a_in_b	nested_a_in_b	1-1	1-1	True	125	0.161	0.171	gain	FP	FP
chr2	94539933	94541206	1273	92	3	0	14	nested_a_in_b	nested_a_in_b	1-1	1-1	True	109	0.161	0.148	gain	FP	FP
chr2	94540056	94541206	1150	93	10	0	7	nested_a_in_b	nested_a_in_b	1-1	1-1	True	110	0.122	0.148	gain	FP	FP
chr2	94540166	94540563	397	105	8	0	16	nested_a_in_b	nested_a_in_b	1-1	1-1	True	129	0.136	0.171	gain	FP	FP
chr2	94540166	94541206	1040	92	10	0	8	nested_a_in_b	nested_a_in_b	1-1	1-1	True	110	0.136	0.148	gain	FP	FP
chr2	94540420	94540563	143	114	8	0	16	nested_a_in_b	nested_a_in_b	1-1	1-1	True	138	0.113	0.171	gain	FP	FP
chr2	94540420	94541206	786	101	11	0	7	nested_a_in_b	nested_a_in_b	1-1	1-1	True	119	0.113	0.148	gain	FP	FP
chr2	94540563	94541206	643	103	2	0	15	nested_a_in_b	nested_a_in_b	1-1	1-1	True	120	0.171	0.148	gain	FP	FP
chr2	94908643	94926979	18336	9	1	0	18	nested_a_in_b	nested_a_in_b	2-1	2-1	True	28	0.514	0.583	gain	TP	TP
chr2	96310465	96342290	31825	6	1	0	2	nested_a_in_b	nested_a_in_b	2-1	2-1	True	9	0.301	0.495	gain	TP	TP
chr2	98076560	98101082	24522	4	4	0	2	nested_a_in_b	nested_a_in_b	1-1	1-1	True	10	0.219	0.51	gain	TP	TP
chr2	98258742	98259955	1213	44	25	0	21	nested_a_in_b	nested_a_in_b	1-1	1-1	True	90	0.248	0.505	gain	TP	TP
chr2	101302258	101317064	14806	18	7	0	5	nested_a_in_b	nested_a_in_b	1-1	1-1	True	30	0.161	0.425	gain	TP	TP
chr2	101339042	101361094	22052	3	1	0	2	nested_a_in_b	nested_a_in_b	1-1	1-1	True	6	0.384	0.439	gain	TP	TP
chr2	103307704	103308157	453	2	1	0	21	nested_a_in_b	nested_a_in_b	2-1	2-1	True	24	0.88	0.917	loss	TP	TP
chr2	106906214	106923414	17200	0	1	0	10	nested_a_in_b	nested_a_in_b	1-1	1-1	True	11	0.846	0.966	loss	TP	TP
chr2	111064663	111076870	12207	0	9	0	3	nested_a_in_b	nested_a_in_b	1-1	1-1	True	12	0.13	0.964	loss	FP	TP
chr2	112282868	112292977	10109	9	1	0	1	sparse	nested_a_in_b	1-1	1-1	True	11	0.107	0.311	loss	FP	FP
chr2	112285939	112292977	7038	13	1	0	3	nested_a_in_b	nested_a_in_b	1-1	1-1	True	17	0.25	0.311	loss	FP	FP
chr2	112285955	112292977	7022	13	1	0	3	nested_a_in_b	nested_a_in_b	1-1	1-1	True	17	0.25	0.311	loss	FP	FP
chr2	112289150	112292977	3827	18	1	0	9	nested_a_in_b	nested_a_in_b	1-1	1-1	True	28	0.4	0.311	loss	FP	FP
chr2	112292976	112292977	1	29	1	0	13	nested_a_in_b	nested_a_in_b	1-1	1-1	True	43	0.302	0.311	loss	FP	FP
chr2	116785434	116804856	19422	10	2	0	1	mutual_excl	nested_a_in_b	1-1	1-1	True	13	0.086	0.327	loh	FP	TP
chr2	116785434	116804857	19423	10	2	0	1	mutual_excl	nested_a_in_b	1-1	1-1	True	13	0.086	0.3	loh	FP	TP
chr2	117409275	117413449	4174	1	25	0	21	nested_a_in_b	nested_a_in_b	2-1	2-1	True	47	0.429	0.935	loh	TP	TP
chr2	117765115	117791294	26179	0	1	0	6	nested_a_in_b	nested_a_in_b	2-1	2-1	True	7	0.967	0.944	loh	TP	TP
chr2	119076378	119088426	12048	8	2	0	11	nested_a_in_b	nested_a_in_b	1-1	1-1	True	21	0.552	0.557	loh	TP	TP
chr2	120305664	120308260	2596	0	22	0	13	nested_a_in_b	nested_a_in_b	2-1	2-1	True	35	0.409	1.0	loh	TP	TP
chr2	126988728	127009191	20463	0	5	0	6	nested_a_in_b	nested_a_in_b	2-1	2-1	True	11	0.438	0.967	loh	TP	TP
chr2	128142263	128143485	1222	47	1	0	4	nested_a_in_b	nested_a_in_b	2-1	2-1	True	52	0.071	0.085	loh	FP	FP
chr2	129764676	129777864	13188	1	11	0	6	nested_a_in_b	nested_a_in_b	1-1	1-1	True	18	0.322	0.979	loh	TP	TP
chr2	130958339	130969940	11601	0	1	0	31	nested_a_in_b	nested_a_in_b	2-1	2-1	True	32	0.956	0.971	loh	TP	TP
chr2	132020170	132041824	21654	0	4	0	5	nested_a_in_b	nested_a_in_b	2-1	2-1	True	9	0.5	0.953	loh	TP	TP
chr2	132606760	132609175	2415	0	21	0	28	nested_a_in_b	nested_a_in_b	1-1	1-1	True	49	0.508	1.0	loh	TP	TP
chr2	134531665	134540317	8652	1	10	0	10	nested_a_in_b	nested_a_in_b	2-1	2-1	True	21	0.491	0.961	loh	TP	TP
chr2	135551669	135553233	1564	37	2	0	3	nested_a_in_b	nested_a_in_b	3	3	True	42	0.055	0.1	neutral	FP	FP
chr2	135551669	135556814	5145	22	1	0	2	nested_a_in_b	nested_a_in_b	3	3	True	25	0.055	0.068	neutral	FP	FP
chr2	136648247	136658749	10502	0	13	0	11	nested_a_in_b	nested_a_in_b	2-1	2-1	True	24	0.426	0.933	loh	TP	TP
chr2	139587047	139594716	7669	2	1	0	20	nested_a_in_b	nested_a_in_b	2-1	2-1	True	23	0.911	0.957	loh	TP	TP
chr2	140932336	140946714	14378	2	4	0	5	nested_a_in_b	nested_a_in_b	1-1	1-1	True	11	0.372	0.938	loh	TP	TP
chr2	142694206	142725999	31793	1	1	0	5	nested_a_in_b	nested_a_in_b	1-1	1-1	True	7	0.405	0.972	loh	TP	TP
chr2	142729140	142743529	14389	0	1	0	24	nested_a_in_b	nested_a_in_b	1-1	1-1	True	25	0.959	0.96	loh	TP	TP
chr2	145094942	145112971	18029	3	6	0	11	nested_a_in_b	nested_a_in_b	1-1	1-1	True	20	0.469	0.923	gain	TP	TP
chr2	145944975	145967001	22026	0	6	0	3	nested_a_in_b	nested_a_in_b	1-1	1-1	True	9	0.434	0.985	gain	TP	TP
chr2	149705978	149724321	18343	0	20	0	1	mutual_excl	nested_a_in_b	1-1	1-1	True	21	0.133	1.0	gain	FP	TP
chr2	152279154	152279370	216	2	22	0	34	nested_a_in_b	nested_a_in_b	2-1	2-1	True	58	0.548	0.968	gain	TP	TP
chr2	155733556	155733557	1	1	1	0	63	nested_a_in_b	nested_a_in_b	1-1	1-1	True	65	0.969	0.985	gain	TP	TP
chr2	157673332	157691043	17711	0	9	0	7	nested_a_in_b	nested_a_in_b	2-1	2-1	True	16	0.431	0.967	gain	TP	TP
chr2	161075374	161084305	8931	15	10	0	2	nested_a_in_b	nested_a_in_b	1-1	1-1	True	27	0.033	0.509	gain	FP	TP
chr2	163616359	163627759	11400	22	1	0	23	nested_a_in_b	nested_a_in_b	2-1	2-1	True	46	0.536	0.488	gain	TP	TP
chr2	165510572	165534874	24302	1	6	0	1	mutual_excl	nested_a_in_b	2-1	2-1	True	8	0.209	0.481	gain	TP	TP
chr2	165706132	165714429	8297	30	3	0	36	nested_a_in_b	nested_a_in_b	2-1	2-1	True	69	0.484	0.539	gain	TP	TP
chr2	165793469	165818466	24997	6	1	0	8	nested_a_in_b	nested_a_in_b	2-1	2-1	True	15	0.535	0.564	gain	TP	TP
chr2	166197758	166209001	11243	19	9	0	13	nested_a_in_b	nested_a_in_b	2-1	2-1	True	41	0.243	0.591	gain	TP	TP
chr2	173335255	173343511	8256	27	8	0	12	nested_a_in_b	nested_a_in_b	2-1	2-1	True	47	0.221	0.451	gain	TP	TP
chr2	175227773	175252577	24804	7	2	0	1	mutual_excl	nested_a_in_b	2-1	2-1	True	10	0.286	0.406	gain	TP	TP
chr2	176717438	176751839	34401	3	3	0	3	nested_a_in_b	nested_a_in_b	2-1	2-1	True	9	0.198	0.505	gain	TP	TP
chr2	177972683	177997189	24506	8	6	0	3	nested_a_in_b	nested_a_in_b	2-1	2-1	True	17	0.216	0.626	gain	TP	TP
chr2	180289965	180300800	10835	26	10	0	3	nested_a_in_b	nested_a_in_b	1-1	1-1	True	39	0.069	0.375	gain	TP	TP
chr2	180303132	180309788	6656	30	5	0	9	nested_a_in_b	nested_a_in_b	1-1	1-1	True	44	0.264	0.356	gain	TP	TP
chr2	180309788	180341672	31884	0	2	0	5	nested_a_in_b	nested_a_in_b	1-1	1-1	True	7	0.356	0.369	gain	TP	TP
chr2	181014452	181030365	15913	14	3	0	12	nested_a_in_b	nested_a_in_b	1-1	1-1	True	29	0.293	0.4	gain	TP	TP
chr2	182591104	182611854	20750	8	3	0	4	nested_a_in_b	nested_a_in_b	2-1	2-1	True	15	0.256	0.525	gain	TP	TP
chr2	182666191	182678750	12559	24	7	0	6	nested_a_in_b	nested_a_in_b	2-1	2-1	True	37	0.242	0.495	gain	TP	TP
chr2	183936216	183944255	8039	27	6	0	10	nested_a_in_b	nested_a_in_b	1-1	1-1	True	43	0.239	0.354	gain	TP	TP
chr2	183959752	183964555	4803	21	20	0	4	nested_a_in_b	nested_a_in_b	2-1	2-1	True	45	0.171	0.481	gain	TP	TP
chr2	189227905	189240163	12258	12	9	0	1	mutual_excl	nested_a_in_b	2-1	2-1	True	22	0.134	0.512	gain	TP	TP
chr2	189984375	190000610	16235	14	5	0	5	nested_a_in_b	nested_a_in_b	2-1	2-1	True	24	0.33	0.589	gain	TP	TP
chr2	190141961	190156041	14080	23	2	0	7	nested_a_in_b	nested_a_in_b	2-1	2-1	True	32	0.217	0.37	gain	TP	TP
chr2	190141961	190156366	14405	22	3	0	7	nested_a_in_b	nested_a_in_b	2-1	2-1	True	32	0.217	0.446	gain	TP	TP
chr2	190141961	190158548	16587	19	2	0	7	nested_a_in_b	nested_a_in_b	2-1	2-1	True	28	0.217	0.4	gain	TP	TP
chr2	190141961	190158792	16831	18	3	0	7	nested_a_in_b	nested_a_in_b	2-1	2-1	True	28	0.217	0.392	gain	TP	TP
chr2	190156041	190156366	325	55	7	0	36	nested_a_in_b	nested_a_in_b	2-1	2-1	True	98	0.37	0.446	gain	TP	TP
chr2	190156041	190158548	2507	48	3	0	30	nested_a_in_b	nested_a_in_b	2-1	2-1	True	81	0.37	0.4	gain	TP	TP
chr2	190156041	190158792	2751	47	4	0	28	nested_a_in_b	nested_a_in_b	2-1	2-1	True	79	0.37	0.392	gain	TP	TP
chr2	190158548	190158792	244	59	1	0	38	nested_a_in_b	nested_a_in_b	2-1	2-1	True	98	0.4	0.392	gain	TP	TP
chr2	191089366	191093325	3959	42	7	0	17	nested_a_in_b	nested_a_in_b	2-1	2-1	True	66	0.25	0.384	gain	TP	TP
chr2	193080122	193095276	15154	0	6	0	9	nested_a_in_b	nested_a_in_b	1-1	1-1	True	15	0.564	0.959	loss	TP	TP
chr2	196283443	196294842	11399	0	16	0	18	nested_a_in_b	nested_a_in_b	1-1	1-1	True	34	0.443	0.953	loss	TP	TP
chr2	199690690	199690952	262	39	1	0	32	nested_a_in_b	nested_a_in_b	2-1	2-1	True	72	0.423	0.43	neutral	TP	TP
chr2	199766814	199790920	24106	13	2	0	1	mutual_excl	nested_a_in_b	2-1	2-1	True	16	0.257	0.278	neutral	TP	TP
chr2	204027557	204047777	20220	8	7	0	4	nested_a_in_b	nested_a_in_b	2-1	2-1	True	19	0.427	0.556	neutral	TP	TP
chr2	204648403	204648404	1	56	1	0	36	nested_a_in_b	nested_a_in_b	1-1	1-1	True	93	0.387	0.404	neutral	TP	TP
chr2	205689682	205707772	18090	5	1	0	4	nested_a_in_b	nested_a_in_b	1-1	1-1	True	10	0.26	0.597	neutral	TP	TP
chr2	206461230	206491851	30621	2	5	0	2	nested_a_in_b	nested_a_in_b	2-1	2-1	True	9	0.263	0.591	neutral	TP	TP
chr2	206478576	206491851	13275	10	12	0	9	nested_a_in_b	nested_a_in_b	2-1	2-1	True	31	0.275	0.591	neutral	TP	TP
chr2	206859990	206887975	27985	1	1	0	4	nested_a_in_b	nested_a_in_b	1-1	1-1	True	6	0.66	0.65	neutral	TP	TP
chr2	206861878	206875840	13962	11	1	0	17	nested_a_in_b	nested_a_in_b	1-1	1-1	True	29	0.656	0.607	neutral	TP	TP
chr2	206861878	206887975	26097	2	1	0	5	nested_a_in_b	nested_a_in_b	1-1	1-1	True	8	0.656	0.65	neutral	TP	TP
chr2	206868088	206887975	19887	3	1	0	7	nested_a_in_b	nested_a_in_b	1-1	1-1	True	11	0.663	0.65	neutral	TP	TP
chr2	206870378	206887975	17597	3	2	0	8	nested_a_in_b	nested_a_in_b	1-1	1-1	True	13	0.645	0.65	neutral	TP	TP
chr2	206870380	206887975	17595	3	2	0	8	nested_a_in_b	nested_a_in_b	1-1	1-1	True	13	0.627	0.65	neutral	TP	TP
chr2	206875840	206887975	12135	10	1	0	16	nested_a_in_b	nested_a_in_b	1-1	1-1	True	27	0.607	0.65	neutral	TP	TP
chr2	206876865	206887975	11110	11	2	0	18	nested_a_in_b	nested_a_in_b	1-1	1-1	True	31	0.597	0.65	neutral	TP	TP
chr2	206877938	206887975	10037	12	2	0	19	nested_a_in_b	nested_a_in_b	1-1	1-1	True	33	0.575	0.65	neutral	TP	TP
chr2	206881694	206887975	6281	14	3	0	30	nested_a_in_b	nested_a_in_b	1-1	1-1	True	47	0.678	0.65	neutral	TP	TP
chr2	206881694	206891633	9939	12	1	0	18	nested_a_in_b	nested_a_in_b	1-1	1-1	True	31	0.678	0.63	neutral	TP	TP
chr2	206881694	206892498	10804	12	1	0	19	nested_a_in_b	nested_a_in_b	1-1	1-1	True	32	0.678	0.645	neutral	TP	TP
chr2	206882619	206887975	5356	17	2	0	29	nested_a_in_b	nested_a_in_b	1-1	1-1	True	48	0.624	0.65	neutral	TP	TP
chr2	206884265	206887975	3710	21	5	0	34	nested_a_in_b	nested_a_in_b	1-1	1-1	True	60	0.577	0.65	neutral	TP	TP
chr2	206884265	206891633	7368	17	2	0	19	nested_a_in_b	nested_a_in_b	1-1	1-1	True	38	0.577	0.63	neutral	TP	TP
chr2	206884265	206892498	8233	16	2	0	20	nested_a_in_b	nested_a_in_b	1-1	1-1	True	38	0.577	0.645	neutral	TP	TP
chr2	206884265	206893627	9362	15	2	0	17	nested_a_in_b	nested_a_in_b	1-1	1-1	True	34	0.577	0.627	neutral	TP	TP
chr2	206888050	206891633	3583	18	1	0	23	nested_a_in_b	nested_a_in_b	1-1	1-1	True	42	0.515	0.63	neutral	TP	TP
chr2	206888050	206892498	4448	17	2	0	22	nested_a_in_b	nested_a_in_b	1-1	1-1	True	41	0.515	0.645	neutral	TP	TP
chr2	206888050	206893627	5577	16	2	0	21	nested_a_in_b	nested_a_in_b	1-1	1-1	True	39	0.515	0.627	neutral	TP	TP
chr2	206891633	206892498	865	22	1	0	42	nested_a_in_b	nested_a_in_b	1-1	1-1	True	65	0.63	0.645	neutral	TP	TP
chr2	206891633	206893627	1994	19	1	0	38	nested_a_in_b	nested_a_in_b	1-1	1-1	True	58	0.63	0.627	neutral	TP	TP
chr2	206891633	206939125	47492	1	1	0	27	nested_a_in_b	nested_a_in_b	1-1	1-1	True	29	0.63	0.648	neutral	TP	TP
chr2	206891633	206939899	48266	1	1	0	28	nested_a_in_b	nested_a_in_b	1-1	1-1	True	30	0.63	0.652	neutral	TP	TP
chr2	206891633	206941297	49664	1	1	0	23	nested_a_in_b	nested_a_in_b	1-1	1-1	True	25	0.63	0.628	neutral	TP	TP
chr2	206891633	206941624	49991	1	1	0	24	nested_a_in_b	nested_a_in_b	1-1	1-1	True	26	0.63	0.62	neutral	TP	TP
chr2	206897843	206939125	41282	1	5	0	46	nested_a_in_b	nested_a_in_b	1-1	1-1	True	52	0.578	0.648	neutral	TP	TP
chr2	206897843	206939899	42056	1	4	0	46	nested_a_in_b	nested_a_in_b	1-1	1-1	True	51	0.578	0.652	neutral	TP	TP
chr2	206897843	206941297	43454	1	4	0	36	nested_a_in_b	nested_a_in_b	1-1	1-1	True	41	0.578	0.628	neutral	TP	TP
chr2	206897843	206941624	43781	1	4	0	36	nested_a_in_b	nested_a_in_b	1-1	1-1	True	41	0.578	0.62	neutral	TP	TP
chr2	206897843	206942463	44620	1	4	0	35	nested_a_in_b	nested_a_in_b	1-1	1-1	True	40	0.578	0.625	neutral	TP	TP
chr2	206897843	206945412	47569	0	3	0	31	nested_a_in_b	nested_a_in_b	1-1	1-1	True	34	0.578	0.671	neutral	TP	TP
chr2	206897843	206945536	47693	0	3	0	30	nested_a_in_b	nested_a_in_b	1-1	1-1	True	33	0.578	0.689	neutral	TP	TP
chr2	206939125	206939899	774	29	1	0	52	nested_a_in_b	nested_a_in_b	1-1	1-1	True	82	0.648	0.652	neutral	TP	TP
chr2	206939125	206941297	2172	26	1	0	41	nested_a_in_b	nested_a_in_b	1-1	1-1	True	68	0.648	0.628	neutral	TP	TP
chr2	206939125	206941624	2499	27	1	0	41	nested_a_in_b	nested_a_in_b	1-1	1-1	True	69	0.648	0.62	neutral	TP	TP
chr2	206939125	206942463	3338	26	1	0	39	nested_a_in_b	nested_a_in_b	1-1	1-1	True	66	0.648	0.625	neutral	TP	TP
chr2	206939125	206945536	6411	15	1	0	33	nested_a_in_b	nested_a_in_b	1-1	1-1	True	49	0.648	0.689	neutral	TP	TP
chr2	206939125	206948669	9544	14	1	0	27	nested_a_in_b	nested_a_in_b	1-1	1-1	True	42	0.648	0.659	neutral	TP	TP
chr2	206941982	206942463	481	27	3	0	42	nested_a_in_b	nested_a_in_b	1-1	1-1	True	72	0.568	0.625	neutral	TP	TP
chr2	206941982	206945536	3554	16	2	0	34	nested_a_in_b	nested_a_in_b	1-1	1-1	True	52	0.568	0.689	neutral	TP	TP
chr2	206941982	206948669	6687	13	2	0	27	nested_a_in_b	nested_a_in_b	1-1	1-1	True	42	0.568	0.659	neutral	TP	TP
chr2	206945412	206945536	124	23	2	0	48	nested_a_in_b	nested_a_in_b	1-1	1-1	True	73	0.671	0.689	neutral	TP	TP
chr2	206945412	206948669	3257	16	2	0	40	nested_a_in_b	nested_a_in_b	1-1	1-1	True	58	0.671	0.659	neutral	TP	TP
chr2	206945412	206951180	5768	14	1	0	28	nested_a_in_b	nested_a_in_b	1-1	1-1	True	43	0.671	0.613	neutral	TP	TP
chr2	206945412	206960746	15334	5	1	0	13	nested_a_in_b	nested_a_in_b	1-1	1-1	True	19	0.671	0.671	neutral	TP	TP
chr2	206945412	206960999	15587	6	1	0	12	nested_a_in_b	nested_a_in_b	1-1	1-1	True	19	0.671	0.675	neutral	TP	TP
chr2	206945412	206961676	16264	4	1	0	12	nested_a_in_b	nested_a_in_b	1-1	1-1	True	17	0.671	0.636	neutral	TP	TP
chr2	206945412	206967390	21978	3	1	0	8	nested_a_in_b	nested_a_in_b	1-1	1-1	True	12	0.671	0.66	neutral	TP	TP
chr2	206945412	206967428	22016	2	1	0	8	nested_a_in_b	nested_a_in_b	1-1	1-1	True	11	0.671	0.64	neutral	TP	TP
chr2	206945412	206971546	26134	1	1	0	8	nested_a_in_b	nested_a_in_b	1-1	1-1	True	10	0.671	0.667	neutral	TP	TP
chr2	206951180	206960746	9566	10	1	0	20	nested_a_in_b	nested_a_in_b	1-1	1-1	True	31	0.613	0.671	neutral	TP	TP
chr2	206951180	206960999	9819	11	1	0	19	nested_a_in_b	nested_a_in_b	1-1	1-1	True	31	0.613	0.675	neutral	TP	TP
chr2	206951180	206961676	10496	8	1	0	19	nested_a_in_b	nested_a_in_b	1-1	1-1	True	28	0.613	0.636	neutral	TP	TP
chr2	206951180	206967428	16248	4	1	0	11	nested_a_in_b	nested_a_in_b	1-1	1-1	True	16	0.613	0.64	neutral	TP	TP
chr2	206951180	206971546	20366	2	2	0	13	nested_a_in_b	nested_a_in_b	1-1	1-1	True	17	0.613	0.667	neutral	TP	TP
chr2	206967390	206971546	4156	15	2	0	42	nested_a_in_b	nested_a_in_b	1-1	1-1	True	59	0.66	0.667	neutral	TP	TP
chr2	206967390	206978608	11218	8	2	0	22	nested_a_in_b	nested_a_in_b	1-1	1-1	True	32	0.66	0.676	neutral	TP	TP
chr2	206967428	206971546	4118	14	2	0	39	nested_a_in_b	nested_a_in_b	1-1	1-1	True	55	0.64	0.667	neutral	TP	TP
chr2	206999526	207001066	1540	71	4	0	3	nested_a_in_b	nested_a_in_b	1-1	1-1	True	78	0.032	0.073	neutral	FP	FP
chr2	207060780	207080246	19466	5	3	0	2	nested_a_in_b	nested_a_in_b	1-1	1-1	True	10	0.132	0.526	neutral	FP	TP
chr2	208079919	208090434	10515	8	10	0	13	nested_a_in_b	nested_a_in_b	2-1	2-1	True	31	0.338	0.585	neutral	TP	TP
chr2	210782001	210793812	11811	7	9	0	5	nested_a_in_b	nested_a_in_b	1-1	1-1	True	21	0.262	0.679	neutral	TP	TP
chr2	211590586	211608018	17432	7	7	0	7	nested_a_in_b	nested_a_in_b	1-1	1-1	True	21	0.253	0.698	neutral	TP	TP
chr2	212374819	212381567	6748	28	1	0	21	nested_a_in_b	nested_a_in_b	2-1	2-1	True	50	0.419	0.38	neutral	TP	TP
chr2	213311599	213332211	20612	3	1	0	4	nested_a_in_b	nested_a_in_b	1-1	1-1	True	8	0.313	0.636	neutral	TP	TP
chr2	214477930	214500102	22172	8	1	0	3	nested_a_in_b	nested_a_in_b	3	3	True	12	0.367	0.411	neutral	TP	TP
chr2	215939450	215974460	35010	3	1	0	2	nested_a_in_b	nested_a_in_b	2-1	2-1	True	6	0.312	0.3	neutral	TP	TP
chr2	216540437	216542208	1771	27	19	0	20	nested_a_in_b	nested_a_in_b	1-1	1-1	True	66	0.273	0.635	neutral	TP	TP
chr2	216708335	216725849	17514	10	1	0	5	nested_a_in_b	nested_a_in_b	2-1	2-1	True	16	0.293	0.443	neutral	TP	TP
chr2	216872279	216876426	4147	31	3	0	28	nested_a_in_b	nested_a_in_b	2-1	2-1	True	62	0.407	0.425	neutral	TP	TP
chr2	216872279	216881381	9102	26	2	0	16	nested_a_in_b	nested_a_in_b	2-1	2-1	True	44	0.407	0.388	neutral	TP	TP
chr2	221508188	221513630	5442	19	13	0	10	nested_a_in_b	nested_a_in_b	1-1	1-1	True	42	0.238	0.621	neutral	TP	TP
chr2	223827191	223846371	19180	11	3	0	11	nested_a_in_b	nested_a_in_b	2-1	2-1	True	25	0.489	0.567	neutral	TP	TP
chr2	223831318	223846371	15053	12	1	0	19	nested_a_in_b	nested_a_in_b	2-1	2-1	True	32	0.552	0.567	neutral	TP	TP
chr2	227888870	227909876	21006	9	1	0	9	nested_a_in_b	nested_a_in_b	2-1	2-1	True	19	0.435	0.463	gain	TP	TP
chr2	227893863	227909876	16013	14	1	0	14	nested_a_in_b	nested_a_in_b	2-1	2-1	True	29	0.5	0.463	gain	TP	TP
chr2	228221357	228230988	9631	28	2	0	14	nested_a_in_b	nested_a_in_b	1-1	1-1	True	44	0.26	0.214	gain	TP	TP
chr2	229348342	229378198	29856	5	2	0	1	mutual_excl	nested_a_in_b	1-1	1-1	True	8	0.266	0.5	gain	TP	TP
chr2	229596901	229627832	30931	4	1	0	2	nested_a_in_b	nested_a_in_b	1-1	1-1	True	7	0.292	0.518	gain	TP	TP
chr2	231148010	231154498	6488	43	1	0	25	nested_a_in_b	nested_a_in_b	1-1	1-1	True	69	0.314	0.301	gain	TP	TP
chr2	231422386	231432935	10549	28	5	0	5	nested_a_in_b	nested_a_in_b	1-1	1-1	True	38	0.067	0.224	gain	TP	TP
chr2	234818980	234842367	23387	1	1	0	11	nested_a_in_b	nested_a_in_b	1-1	1-1	True	13	0.643	0.591	gain	TP	TP
chr2	235637548	235644152	6604	21	10	0	16	nested_a_in_b	nested_a_in_b	2-1	2-1	True	47	0.329	0.545	gain	TP	TP
chr2	239497722	239501395	3673	23	17	0	19	nested_a_in_b	nested_a_in_b	2-1	2-1	True	59	0.358	0.623	gain	TP	TP
chr2	239941457	239963200	21743	11	1	0	4	nested_a_in_b	nested_a_in_b	1-1	1-1	True	16	0.362	0.322	gain	TP	TP
chr2	241543505	241544161	656	43	1	0	43	nested_a_in_b	nested_a_in_b	1-1	1-1	True	87	0.495	0.5	gain	TP	TP
chr7	3254743	3273974	19231	1	18	0	1	mutual_excl	nested_a_in_b	1-1	1-1	True	20	0.081	0.979	gain	TP	TP
chr7	4145951	4161124	15173	1	10	0	8	nested_a_in_b	nested_a_in_b	2-1	2-1	True	19	0.651	0.912	gain	TP	TP
chr7	4929602	4955557	25955	0	8	0	1	mutual_excl	nested_a_in_b	1-1	1-1	True	9	0.299	0.99	gain	TP	TP
chr7	7141511	7167518	26007	0	5	0	4	nested_a_in_b	nested_a_in_b	1-1	1-1	True	9	0.298	1.0	gain	FP	TP
chr7	7666424	7695513	29089	0	5	0	1	mutual_excl	nested_a_in_b	2-1	2-1	True	6	0.286	0.941	gain	TP	TP
chr7	8510313	8532399	22086	1	9	0	6	nested_a_in_b	nested_a_in_b	2-1	2-1	True	16	0.507	0.937	gain	TP	TP
chr7	9174826	9205507	30681	0	2	0	5	nested_a_in_b	nested_a_in_b	1-1	1-1	True	7	0.351	0.945	gain	TP	TP
chr7	9271350	9282329	10979	29	3	0	1	mutual_excl	nested_a_in_b	1-1	1-1	True	33	0.067	0.099	gain	FP	FP
chr7	9476966	9500768	23802	0	5	0	5	nested_a_in_b	nested_a_in_b	1-1	1-1	True	10	0.714	0.977	gain	TP	TP
chr7	14935878	14957153	21275	2	10	0	1	mutual_excl	nested_a_in_b	2-1	2-1	True	13	0.077	0.93	gain	TP	TP
chr7	16571714	16586879	15165	1	6	0	8	nested_a_in_b	nested_a_in_b	2-1	2-1	True	15	0.414	0.961	gain	TP	TP
chr7	16811987	16815688	3701	2	2	0	38	nested_a_in_b	nested_a_in_b	2-1	2-1	True	42	0.882	0.938	gain	TP	TP
chr7	19005794	19027180	21386	7	2	0	1	mutual_excl	nested_a_in_b	2-1	2-1	True	10	0.131	0.404	gain	TP	FP
chr7	21558013	21573087	15074	13	1	0	4	nested_a_in_b	nested_a_in_b	1-1	1-1	True	18	0.095	0.094	loh	FP	FP
chr7	22583038	22586017	2979	4	17	0	22	nested_a_in_b	nested_a_in_b	1-1	1-1	True	43	0.45	0.919	loh	TP	TP
chr7	28497429	28532143	34714	0	1	0	5	nested_a_in_b	nested_a_in_b	1-1	1-1	True	6	0.592	0.69	gain	TP	TP
chr7	28699910	28699912	2	54	1	0	27	nested_a_in_b	nested_a_in_b	2-1	2-1	True	82	0.325	0.337	gain	TP	TP
chr7	28792392	28823878	31486	3	1	0	4	nested_a_in_b	nested_a_in_b	1-1	1-1	True	8	0.629	0.707	gain	TP	TP
chr7	28802231	28823878	21647	5	3	0	4	nested_a_in_b	nested_a_in_b	1-1	1-1	True	12	0.286	0.707	gain	TP	TP
chr7	29343926	29372873	28947	3	1	0	7	nested_a_in_b	nested_a_in_b	2-1	2-1	True	11	0.367	0.641	gain	TP	TP
chr7	31593438	31614085	20647	6	7	0	6	nested_a_in_b	nested_a_in_b	1-1	1-1	True	19	0.271	0.646	gain	TP	TP
chr7	31729751	31745586	15835	1	1	0	14	nested_a_in_b	nested_a_in_b	1-1	1-1	True	16	0.655	0.703	gain	TP	TP
chr7	32037058	32074266	37208	4	1	0	1	sparse	nested_a_in_b	1-1	1-1	True	6	0.268	0.547	gain	TP	TP
chr7	33432065	33440321	8256	34	1	0	7	nested_a_in_b	nested_a_in_b	2-1	2-1	True	42	0.319	0.286	gain	TP	TP
chr7	35595925	35623512	27587	5	1	0	1	sparse	nested_a_in_b	2-1	2-1	True	7	0.349	0.532	gain	TP	TP
chr7	36617057	36632996	15939	8	6	0	8	nested_a_in_b	nested_a_in_b	2-1	2-1	True	22	0.289	0.595	gain	TP	TP
chr7	38704318	38734013	29695	2	1	0	7	nested_a_in_b	nested_a_in_b	1-1	1-1	True	10	0.726	0.585	gain	TP	TP
chr7	38978710	38980430	1720	32	13	0	15	nested_a_in_b	nested_a_in_b	1-1	1-1	True	60	0.232	0.532	gain	FP	TP
chr7	41408835	41408836	1	66	5	0	26	nested_a_in_b	nested_a_in_b	2-1	2-1	True	97	0.268	0.32	gain	TP	TP
chr7	45271934	45284910	12976	9	2	0	17	nested_a_in_b	nested_a_in_b	1-1	1-1	True	28	0.632	0.652	gain	TP	TP
chr7	45873538	45885685	12147	5	1	0	16	nested_a_in_b	nested_a_in_b	2-1	2-1	True	22	0.6	0.662	gain	TP	TP
chr7	51943526	51969308	25782	3	1	0	3	nested_a_in_b	nested_a_in_b	1-1	1-1	True	7	0.329	0.432	gain	TP	TP
chr7	53877974	53884519	6545	40	1	0	18	nested_a_in_b	nested_a_in_b	1-1	1-1	True	59	0.307	0.31	gain	TP	TP
chr7	57153341	57153344	3	80	1	0	75	nested_a_in_b	nested_a_in_b	2-1	2-1	True	156	0.484	0.49	gain	FP	FP
chr7	57644185	57661726	17541	18	7	0	6	nested_a_in_b	nested_a_in_b	2-1	2-1	True	31	0.179	0.413	gain	TP	TP
chr7	57644185	57664845	20660	11	6	0	3	nested_a_in_b	nested_a_in_b	2-1	2-1	True	20	0.179	0.491	gain	TP	TP
chr7	57765623	57770350	4727	33	35	0	6	nested_a_in_b	nested_a_in_b	1-1	1-1	True	74	0.11	0.513	gain	FP	TP
chr7	60981519	60993149	11630	53	3	0	28	nested_a_in_b	nested_a_in_b	1-1	1-1	True	84	0.344	0.374	gain	TP	TP
chr7	61826030	61847512	21482	16	6	0	4	nested_a_in_b	nested_a_in_b	2-1	2-1	True	26	0.198	0.396	gain	TP	TP
chr7	61867026	61890571	23545	11	7	0	3	nested_a_in_b	nested_a_in_b	2-1	2-1	True	21	0.163	0.357	gain	TP	TP
chr7	62518999	62544985	25986	11	1	0	3	nested_a_in_b	nested_a_in_b	2-1	2-1	True	15	0.206	0.152	gain	TP	FP
chr7	63245840	63272254	26414	2	1	0	12	nested_a_in_b	nested_a_in_b	2-1	2-1	True	15	0.609	0.621	gain	TP	TP
chr7	64179675	64195833	16158	17	7	0	5	nested_a_in_b	nested_a_in_b	1-1	1-1	True	29	0.194	0.4	gain	TP	TP
chr7	64190367	64199056	8689	26	16	0	14	nested_a_in_b	nested_a_in_b	2-1	2-1	True	56	0.257	0.5	gain	TP	TP
chr7	66011264	66037120	25856	15	3	0	4	nested_a_in_b	nested_a_in_b	2-1	2-1	True	22	0.233	0.533	gain	TP	TP
chr7	67956039	67969814	13775	8	2	0	17	nested_a_in_b	nested_a_in_b	2-1	2-1	True	27	0.6	0.716	gain	TP	TP
chr7	68530172	68544487	14315	8	6	0	6	nested_a_in_b	nested_a_in_b	1-1	1-1	True	20	0.427	0.6	gain	TP	TP
chr7	69967595	69987919	20324	5	3	0	4	nested_a_in_b	nested_a_in_b	1-1	1-1	True	12	0.284	0.634	gain	TP	TP
chr7	71807770	71825233	17463	10	6	0	6	nested_a_in_b	nested_a_in_b	1-1	1-1	True	22	0.243	0.611	gain	TP	TP
chr7	72955591	72955592	1	25	1	0	5	nested_a_in_b	nested_a_in_b	2-1	2-1	True	31	0.161	0.188	gain	FP	FP
chr7	74424897	74439772	14875	6	6	0	8	nested_a_in_b	nested_a_in_b	2-1	2-1	True	20	0.351	0.682	gain	TP	TP
chr7	77250087	77286237	36150	5	5	0	2	nested_a_in_b	nested_a_in_b	2-1	2-1	True	12	0.211	0.35	gain	TP	TP
chr7	79798366	79818924	20558	27	1	0	3	nested_a_in_b	nested_a_in_b	2-1	2-1	True	31	0.22	0.176	gain	TP	TP
chr7	81200544	81210494	9950	37	12	0	10	nested_a_in_b	nested_a_in_b	1-1	1-1	True	59	0.18	0.37	gain	TP	TP
chr7	81324975	81326697	1722	67	1	0	53	nested_a_in_b	nested_a_in_b	3	3	True	121	0.427	0.434	gain	TP	TP
chr7	81325862	81326697	835	76	1	0	56	nested_a_in_b	nested_a_in_b	3	3	True	133	0.417	0.434	gain	TP	TP
chr7	81344483	81354607	10124	27	2	0	21	nested_a_in_b	nested_a_in_b	2-1	2-1	True	50	0.353	0.417	gain	TP	TP
chr7	81452257	81473306	21049	24	11	0	6	nested_a_in_b	nested_a_in_b	3	3	True	41	0.191	0.387	gain	TP	TP
chr7	82503586	82503954	368	124	4	0	18	nested_a_in_b	nested_a_in_b	1-1	1-1	True	146	0.126	0.158	gain	TP	TP
chr7	83497059	83501090	4031	91	1	0	18	nested_a_in_b	nested_a_in_b	1-1	1-1	True	110	0.158	0.168	gain	TP	TP
chr7	85147814	85153452	5638	50	17	0	19	nested_a_in_b	nested_a_in_b	1-1	1-1	True	86	0.239	0.386	gain	TP	TP
chr7	85889720	85902663	12943	31	9	0	12	nested_a_in_b	nested_a_in_b	2-1	2-1	True	52	0.177	0.371	gain	TP	TP
chr7	86614369	86623170	8801	35	6	0	20	nested_a_in_b	nested_a_in_b	2-1	2-1	True	61	0.317	0.368	gain	TP	TP
chr7	86614369	86644321	29952	5	5	0	5	nested_a_in_b	nested_a_in_b	2-1	2-1	True	15	0.317	0.678	gain	TP	TP
chr7	86885560	86908107	22547	5	12	0	6	nested_a_in_b	nested_a_in_b	1-1	1-1	True	23	0.171	0.795	gain	TP	TP
chr7	87469135	87482303	13168	19	3	0	15	nested_a_in_b	nested_a_in_b	1-1	1-1	True	37	0.379	0.454	gain	TP	TP
chr7	90185960	90195979	10019	61	2	0	9	nested_a_in_b	nested_a_in_b	2-1	2-1	True	72	0.135	0.178	gain	TP	TP
chr7	93150197	93173484	23287	10	2	0	6	nested_a_in_b	nested_a_in_b	2-1	2-1	True	18	0.342	0.345	gain	TP	TP
chr7	93157476	93173484	16008	26	11	0	6	nested_a_in_b	nested_a_in_b	2-1	2-1	True	43	0.189	0.345	gain	TP	TP
chr7	94213150	94221011	7861	30	13	0	12	nested_a_in_b	nested_a_in_b	1-1	1-1	True	55	0.23	0.367	gain	TP	TP
chr7	94990882	95016116	25234	11	1	0	5	nested_a_in_b	nested_a_in_b	2-1	2-1	True	17	0.213	0.185	gain	TP	TP
chr7	95016116	95029514	13398	33	1	0	5	nested_a_in_b	nested_a_in_b	2-1	2-1	True	39	0.185	0.18	gain	TP	TP
chr7	95124306	95148679	24373	9	3	0	2	nested_a_in_b	nested_a_in_b	1-1	1-1	True	14	0.206	0.373	gain	TP	TP
chr7	96655106	96683741	28635	9	1	0	1	sparse	nested_a_in_b	2-1	2-1	True	11	0.188	0.404	gain	TP	TP
chr7	97062504	97077130	14626	38	1	0	5	nested_a_in_b	nested_a_in_b	2-1	2-1	True	44	0.133	0.172	gain	TP	TP
chr7	97371867	97376943	5076	61	2	0	12	nested_a_in_b	nested_a_in_b	1-1	1-1	True	75	0.143	0.205	gain	TP	TP
chr7	98046232	98078853	32621	8	1	0	2	nested_a_in_b	nested_a_in_b	1-1	1-1	True	11	0.193	0.194	gain	TP	TP
chr7	99233501	99233503	2	105	1	0	21	nested_a_in_b	nested_a_in_b	3	3	True	127	0.165	0.171	gain	TP	TP
chr7	99751437	99765616	14179	28	2	0	18	nested_a_in_b	nested_a_in_b	1-1	1-1	True	48	0.392	0.377	gain	TP	TP
chr7	99868108	99885092	16984	22	6	0	7	nested_a_in_b	nested_a_in_b	1-1	1-1	True	35	0.214	0.448	gain	TP	TP
chr7	100784203	100798014	13811	38	2	0	9	nested_a_in_b	nested_a_in_b	2-1	2-1	True	49	0.12	0.277	gain	TP	TP
chr7	101402649	101431140	28491	5	2	0	2	nested_a_in_b	nested_a_in_b	2-1	2-1	True	9	0.234	0.38	gain	FP	TP
chr7	101951092	101973559	22467	13	1	0	2	nested_a_in_b	nested_a_in_b	3	3	True	16	0.342	0.341	gain	TP	TP
chr7	108975842	109002775	26933	9	1	0	3	nested_a_in_b	nested_a_in_b	1-1	1-1	True	13	0.374	0.411	gain	TP	TP
chr7	109311852	109331590	19738	15	3	0	5	nested_a_in_b	nested_a_in_b	1-1	1-1	True	23	0.238	0.488	gain	TP	TP
chr7	111164273	111178736	14463	26	7	0	7	nested_a_in_b	nested_a_in_b	1-1	1-1	True	40	0.17	0.345	gain	TP	TP
chr7	111164273	111185091	20818	13	6	0	3	nested_a_in_b	nested_a_in_b	1-1	1-1	True	22	0.17	0.405	gain	TP	TP
chr7	111164273	111188872	24599	11	6	0	3	nested_a_in_b	nested_a_in_b	1-1	1-1	True	20	0.17	0.415	gain	TP	TP
chr7	111178736	111185091	6355	40	4	0	25	nested_a_in_b	nested_a_in_b	1-1	1-1	True	69	0.345	0.405	gain	TP	TP
chr7	111178736	111188872	10136	35	4	0	18	nested_a_in_b	nested_a_in_b	1-1	1-1	True	57	0.345	0.415	gain	TP	TP
chr7	113102496	113133922	31426	12	1	0	2	nested_a_in_b	nested_a_in_b	2-1	2-1	True	15	0.234	0.295	gain	TP	TP
chr7	113222096	113259206	37110	6	2	0	3	nested_a_in_b	nested_a_in_b	2-1	2-1	True	11	0.137	0.476	gain	TP	TP
chr7	113397334	113397336	2	154	5	0	32	nested_a_in_b	nested_a_in_b	2-1	2-1	True	191	0.161	0.196	gain	TP	TP
chr7	113530916	113530917	1	99	1	0	97	nested_a_in_b	nested_a_in_b	2-1	2-1	True	197	0.485	0.497	gain	TP	TP
chr7	113530916	113557659	26743	11	3	0	10	nested_a_in_b	nested_a_in_b	2-1	2-1	True	24	0.485	0.586	gain	TP	TP
chr7	113530917	113557659	26742	10	1	0	10	nested_a_in_b	nested_a_in_b	2-1	2-1	True	21	0.497	0.586	gain	TP	TP
chr7	113785679	113805232	19553	6	15	0	3	nested_a_in_b	nested_a_in_b	1-1	1-1	True	24	0.137	0.789	gain	TP	TP
chr7	114059419	114063325	3906	113	1	0	24	nested_a_in_b	nested_a_in_b	3	3	True	138	0.172	0.163	gain	TP	TP
chr7	114574249	114601511	27262	8	4	0	4	nested_a_in_b	nested_a_in_b	2-1	2-1	True	16	0.188	0.293	gain	TP	TP
chr7	114805956	114828886	22930	8	16	0	7	nested_a_in_b	nested_a_in_b	2-1	2-1	True	31	0.199	0.597	gain	TP	TP
chr7	115160719	115178925	18206	17	22	0	9	nested_a_in_b	nested_a_in_b	2-1	2-1	True	48	0.161	0.596	gain	TP	TP
chr7	115219977	115255698	35721	3	3	0	3	nested_a_in_b	nested_a_in_b	2-1	2-1	True	9	0.114	0.605	gain	TP	TP
chr7	115793235	115793718	483	171	8	0	26	nested_a_in_b	nested_a_in_b	2-1	2-1	True	205	0.136	0.181	gain	TP	TP
chr7	117618841	117650281	31440	5	1	0	4	nested_a_in_b	nested_a_in_b	1-1	1-1	True	10	0.601	0.577	gain	TP	TP
chr7	119339990	119360204	20214	23	4	0	3	nested_a_in_b	nested_a_in_b	2-1	2-1	True	30	0.137	0.314	gain	TP	TP
chr7	119756263	119777645	21382	27	1	0	4	nested_a_in_b	nested_a_in_b	1-1	1-1	True	32	0.116	0.177	gain	TP	TP
chr7	119785246	119789303	4057	95	1	0	9	nested_a_in_b	nested_a_in_b	2-1	2-1	True	105	0.079	0.125	gain	TP	TP
chr7	121602443	121628692	26249	4	1	0	3	nested_a_in_b	nested_a_in_b	1-1	1-1	True	8	0.234	0.8	gain	TP	TP
chr7	123111147	123116464	5317	14	49	0	17	nested_a_in_b	nested_a_in_b	1-1	1-1	True	80	0.212	0.79	gain	TP	TP
chr7	126467371	126496232	28861	4	4	0	2	nested_a_in_b	nested_a_in_b	1-1	1-1	True	10	0.212	0.754	gain	TP	TP
chr7	128721232	128756877	35645	3	5	0	1	mutual_excl	nested_a_in_b	1-1	1-1	True	9	0.183	0.743	gain	TP	TP
chr7	128975878	128975879	1	129	1	0	23	nested_a_in_b	nested_a_in_b	3	3	True	153	0.15	0.157	gain	FP	FP
chr7	129446446	129471720	25274	4	12	0	1	mutual_excl	nested_a_in_b	2-1	2-1	True	17	0.154	0.782	gain	TP	TP
chr7	130212160	130248319	36159	2	2	0	3	nested_a_in_b	nested_a_in_b	2-1	2-1	True	7	0.175	0.755	gain	TP	TP
chr7	130685570	130690775	5205	14	40	0	19	nested_a_in_b	nested_a_in_b	2-1	2-1	True	73	0.234	0.797	gain	TP	TP
chr7	130737379	130758215	20836	2	18	0	4	nested_a_in_b	nested_a_in_b	2-1	2-1	True	24	0.228	0.797	gain	TP	TP
chr7	135317823	135344147	26324	6	11	0	4	nested_a_in_b	nested_a_in_b	1-1	1-1	True	21	0.164	0.744	gain	TP	TP
chr7	135654292	135671682	17390	9	22	0	7	nested_a_in_b	nested_a_in_b	1-1	1-1	True	38	0.189	0.794	gain	TP	TP
chr7	135662143	135671682	9539	11	35	0	14	nested_a_in_b	nested_a_in_b	1-1	1-1	True	60	0.194	0.794	gain	TP	TP
chr7	135902016	135931762	29746	0	1	0	12	nested_a_in_b	nested_a_in_b	2-1	2-1	True	13	0.761	0.806	gain	TP	TP
chr7	136155706	136158412	2706	20	57	0	17	nested_a_in_b	nested_a_in_b	3	3	True	94	0.192	0.786	gain	TP	TP
chr7	136854066	136855674	1608	16	1	0	87	nested_a_in_b	nested_a_in_b	2-1	2-1	True	104	0.825	0.85	gain	TP	TP
chr7	137164081	137199370	35289	4	4	0	2	nested_a_in_b	nested_a_in_b	2-1	2-1	True	10	0.135	0.752	gain	TP	TP
chr7	138809843	138831311	21468	16	1	0	3	nested_a_in_b	nested_a_in_b	2-1	2-1	True	20	0.161	0.186	gain	TP	TP
chr7	142293145	142307476	14331	12	29	0	6	nested_a_in_b	nested_a_in_b	1-1	1-1	True	47	0.141	0.759	gain	TP	TP
chr7	142622240	142654494	32254	1	5	0	1	mutual_excl	nested_a_in_b	1-1	1-1	True	7	0.162	0.982	gain	TP	TP
chr7	142646414	142654494	8080	2	38	0	13	nested_a_in_b	nested_a_in_b	1-1	1-1	True	53	0.167	0.982	gain	TP	TP
chr7	144756112	144759868	3756	71	4	0	14	nested_a_in_b	nested_a_in_b	1-1	1-1	True	89	0.134	0.164	gain	TP	TP
chr7	146555170	146555179	9	121	1	0	26	nested_a_in_b	nested_a_in_b	1-1	1-1	True	148	0.18	0.186	gain	FP	FP
chr7	148028949	148041193	12244	39	2	0	7	nested_a_in_b	nested_a_in_b	2-1	2-1	True	48	0.187	0.151	gain	TP	TP
chr7	148103944	148129259	25315	4	6	0	2	nested_a_in_b	nested_a_in_b	2-1	2-1	True	12	0.18	0.8	gain	TP	TP
chr7	148986664	148991755	5091	87	38	0	26	nested_a_in_b	nested_a_in_b	3	3	True	151	0.157	0.399	gain	TP	TP
chr7	150750152	150778621	28469	0	13	0	2	nested_a_in_b	nested_a_in_b	2-1	2-1	True	15	0.144	0.837	gain	TP	TP
chr7	150778621	150795289	16668	3	3	0	42	nested_a_in_b	nested_a_in_b	2-1	2-1	True	48	0.837	0.863	gain	TP	TP
chr7	151166529	151181250	14721	45	4	0	7	nested_a_in_b	nested_a_in_b	2-1	2-1	True	56	0.141	0.151	gain	TP	TP
chr7	153230764	153255352	24588	15	6	0	3	nested_a_in_b	nested_a_in_b	2-1	2-1	True	24	0.125	0.639	gain	TP	TP
chr7	153717340	153742978	25638	8	21	0	6	nested_a_in_b	nested_a_in_b	1-1	1-1	True	35	0.13	0.677	gain	TP	TP
chr7	154400040	154433359	33319	3	4	0	2	nested_a_in_b	nested_a_in_b	1-1	1-1	True	9	0.205	0.658	gain	TP	TP
chr7	154677446	154707563	30117	0	14	0	1	mutual_excl	nested_a_in_b	1-1	1-1	True	15	0.172	0.849	gain	TP	TP
chr7	154677497	154707563	30066	0	14	0	1	mutual_excl	nested_a_in_b	1-1	1-1	True	15	0.149	0.849	gain	TP	TP
chr7	154678979	154707563	28584	0	16	0	2	nested_a_in_b	nested_a_in_b	1-1	1-1	True	18	0.121	0.849	gain	TP	TP
chr7	154688579	154707563	18984	6	36	0	15	nested_a_in_b	nested_a_in_b	1-1	1-1	True	57	0.206	0.849	gain	TP	TP
chr7	155220429	155253885	33456	1	7	0	2	nested_a_in_b	nested_a_in_b	1-1	1-1	True	10	0.224	0.839	gain	TP	TP
chr7	155506672	155513178	6506	125	2	0	17	nested_a_in_b	nested_a_in_b	2-1	2-1	True	144	0.112	0.138	gain	TP	TP
chr7	156112564	156149963	37399	3	3	0	2	nested_a_in_b	nested_a_in_b	2-1	2-1	True	8	0.112	0.171	gain	TP	TP
chr7	156112604	156149963	37359	3	3	0	2	nested_a_in_b	nested_a_in_b	2-1	2-1	True	8	0.115	0.171	gain	TP	TP
chr7	156494320	156511167	16847	19	22	0	12	nested_a_in_b	nested_a_in_b	2-1	2-1	True	53	0.253	0.656	gain	TP	TP
chr7	157736036	157745194	9158	72	3	0	4	nested_a_in_b	nested_a_in_b	2-1	2-1	True	79	0.152	0.119	gain	TP	TP
chr7	158500440	158524989	24549	11	16	0	5	nested_a_in_b	nested_a_in_b	2-1	2-1	True	32	0.085	0.661	gain	FP	TP
chr12	1819806	1826286	6480	20	16	0	12	nested_a_in_b	nested_a_in_b	1-1	1-1	True	48	0.295	0.633	gain	TP	TP
chr12	1922105	1948574	26469	1	8	0	1	mutual_excl	nested_a_in_b	1-1	1-1	True	10	0.286	0.927	gain	TP	TP
chr12	4014744	4023354	8610	12	24	0	10	nested_a_in_b	nested_a_in_b	1-1	1-1	True	46	0.188	0.779	gain	TP	TP
chr12	4485432	4489659	4227	4	54	0	4	nested_a_in_b	nested_a_in_b	1-1	1-1	True	62	0.09	0.958	gain	TP	TP
chr12	4600800	4632170	31370	2	4	0	3	nested_a_in_b	nested_a_in_b	1-1	1-1	True	9	0.192	0.62	gain	TP	TP
chr12	10213914	10229615	15701	23	1	0	6	nested_a_in_b	nested_a_in_b	2-1	2-1	True	30	0.183	0.203	gain	TP	TP
chr12	10231265	10234369	3104	71	2	0	16	nested_a_in_b	nested_a_in_b	1-1	1-1	True	89	0.252	0.21	gain	TP	TP
chr12	10259769	10288000	28231	11	1	0	1	sparse	nested_a_in_b	1-1	1-1	True	13	0.145	0.252	gain	TP	TP
chr12	10756729	10784846	28117	3	2	0	6	nested_a_in_b	nested_a_in_b	2-1	2-1	True	11	0.511	0.803	gain	TP	TP
chr12	11483521	11484879	1358	103	1	0	17	nested_a_in_b	nested_a_in_b	1-1	1-1	True	121	0.144	0.154	gain	TP	TP
chr12	11483521	11495124	11603	12	31	0	9	nested_a_in_b	nested_a_in_b	1-1	1-1	True	52	0.144	0.753	gain	TP	TP
chr12	11484372	11495124	10752	13	24	0	18	nested_a_in_b	nested_a_in_b	1-1	1-1	True	55	0.409	0.753	gain	TP	TP
chr12	11484879	11495124	10245	14	34	0	11	nested_a_in_b	nested_a_in_b	1-1	1-1	True	59	0.154	0.753	gain	TP	TP
chr12	12013515	12016474	2959	65	82	0	19	nested_a_in_b	nested_a_in_b	1-1	1-1	True	166	0.102	0.629	gain	TP	TP
chr12	12013515	12025349	11834	53	14	0	7	nested_a_in_b	nested_a_in_b	1-1	1-1	True	74	0.102	0.308	gain	TP	TP
chr12	12119339	12122152	2813	72	1	0	17	nested_a_in_b	nested_a_in_b	1-1	1-1	True	90	0.212	0.215	gain	TP	TP
chr12	12321348	12324703	3355	34	41	0	16	nested_a_in_b	nested_a_in_b	1-1	1-1	True	91	0.139	0.585	gain	TP	TP
chr12	14233457	14249618	16161	8	12	0	5	nested_a_in_b	nested_a_in_b	1-1	1-1	True	25	0.219	0.517	gain	TP	TP
chr12	14234534	14249618	15084	11	1	0	16	nested_a_in_b	nested_a_in_b	1-1	1-1	True	28	0.546	0.517	gain	TP	TP
chr12	14570031	14598209	28178	7	8	0	2	nested_a_in_b	nested_a_in_b	1-1	1-1	True	17	0.188	0.534	gain	TP	TP
chr12	14655833	14668600	12767	21	17	0	5	nested_a_in_b	nested_a_in_b	1-1	1-1	True	43	0.116	0.535	gain	TP	TP
chr12	14661718	14668600	6882	30	22	0	10	nested_a_in_b	nested_a_in_b	1-1	1-1	True	62	0.172	0.535	gain	TP	TP
chr12	20612134	20620575	8441	40	3	0	10	nested_a_in_b	nested_a_in_b	3	3	True	53	0.19	0.273	gain	TP	TP
chr12	20778396	20785809	7413	36	24	0	13	nested_a_in_b	nested_a_in_b	2-1	2-1	True	73	0.231	0.545	gain	TP	TP
chr12	20892968	20933802	40834	2	2	0	2	nested_a_in_b	nested_a_in_b	2-1	2-1	True	6	0.201	0.675	gain	TP	TP
chr12	21629915	21654542	24627	4	4	0	1	mutual_excl	nested_a_in_b	1-1	1-1	True	9	0.2	0.75	gain	TP	TP
chr12	21632853	21654542	21689	5	5	0	1	mutual_excl	nested_a_in_b	1-1	1-1	True	11	0.138	0.75	gain	TP	TP
chr12	21650841	21654542	3701	14	10	0	29	nested_a_in_b	nested_a_in_b	1-1	1-1	True	53	0.51	0.75	gain	TP	TP
chr12	21884181	21909745	25564	3	1	0	6	nested_a_in_b	nested_a_in_b	1-1	1-1	True	10	0.459	0.533	gain	TP	TP
chr12	22087795	22095997	8202	52	1	0	13	nested_a_in_b	nested_a_in_b	2-1	2-1	True	66	0.21	0.221	gain	TP	TP
chr12	22635994	22650263	14269	22	1	0	4	nested_a_in_b	nested_a_in_b	2-1	2-1	True	27	0.19	0.239	gain	TP	TP
chr12	25928434	25935115	6681	50	19	0	14	nested_a_in_b	nested_a_in_b	2-1	2-1	True	83	0.162	0.381	gain	TP	TP
chr12	25928434	25944890	16456	19	10	0	8	nested_a_in_b	nested_a_in_b	2-1	2-1	True	37	0.162	0.469	gain	TP	TP
chr12	25935115	25944890	9775	30	1	0	26	nested_a_in_b	nested_a_in_b	2-1	2-1	True	57	0.381	0.469	gain	TP	TP
chr12	26827553	26827554	1	52	1	0	23	nested_a_in_b	nested_a_in_b	3	3	True	76	0.303	0.316	gain	TP	TP
chr12	26910653	26914766	4113	24	3	0	52	nested_a_in_b	nested_a_in_b	1-1	1-1	True	79	0.649	0.695	gain	TP	TP
chr12	27379041	27383583	4542	48	2	0	7	nested_a_in_b	nested_a_in_b	2-1	2-1	True	57	0.212	0.186	gain	TP	TP
chr12	28291989	28295880	3891	22	2	0	47	nested_a_in_b	nested_a_in_b	1-1	1-1	True	71	0.647	0.67	gain	TP	TP
chr12	28291989	28298776	6787	17	1	0	38	nested_a_in_b	nested_a_in_b	1-1	1-1	True	56	0.647	0.631	gain	TP	TP
chr12	28294319	28295880	1561	28	1	0	64	nested_a_in_b	nested_a_in_b	1-1	1-1	True	93	0.688	0.67	gain	TP	TP
chr12	28294319	28298776	4457	20	1	0	48	nested_a_in_b	nested_a_in_b	1-1	1-1	True	69	0.688	0.631	gain	TP	TP
chr12	28323818	28334832	11014	10	1	0	23	nested_a_in_b	nested_a_in_b	3	3	True	34	0.593	0.652	gain	TP	TP
chr12	28323914	28325838	1924	24	2	0	34	nested_a_in_b	nested_a_in_b	3	3	True	60	0.573	0.616	gain	TP	TP
chr12	28323914	28334832	10918	10	1	0	21	nested_a_in_b	nested_a_in_b	3	3	True	32	0.573	0.652	gain	TP	TP
chr12	28323914	28340798	16884	7	1	0	13	nested_a_in_b	nested_a_in_b	3	3	True	21	0.573	0.617	gain	TP	TP
chr12	28323914	28342961	19047	7	1	0	12	nested_a_in_b	nested_a_in_b	3	3	True	20	0.573	0.707	gain	TP	TP
chr12	28342961	28356588	13627	8	1	0	25	nested_a_in_b	nested_a_in_b	3	3	True	34	0.707	0.721	gain	TP	TP
chr12	28346942	28356588	9646	15	2	0	31	nested_a_in_b	nested_a_in_b	3	3	True	48	0.66	0.721	gain	TP	TP
chr12	28367688	28368584	896	13	2	0	57	nested_a_in_b	nested_a_in_b	1-1	1-1	True	72	0.744	0.818	gain	TP	TP
chr12	28372503	28372504	1	20	3	0	46	nested_a_in_b	nested_a_in_b	1-1	1-1	True	69	0.657	0.71	gain	TP	TP
chr12	28372503	28383406	10903	9	1	0	19	nested_a_in_b	nested_a_in_b	1-1	1-1	True	29	0.657	0.671	gain	TP	TP
chr12	28379061	28381482	2421	24	1	0	45	nested_a_in_b	nested_a_in_b	1-1	1-1	True	70	0.663	0.642	gain	TP	TP
chr12	28383775	28387838	4063	24	2	0	39	nested_a_in_b	nested_a_in_b	1-1	1-1	True	65	0.598	0.628	gain	TP	TP
chr12	28383775	28396205	12430	11	1	0	16	nested_a_in_b	nested_a_in_b	1-1	1-1	True	28	0.598	0.659	gain	TP	TP
chr12	28383775	28400129	16354	10	1	0	11	nested_a_in_b	nested_a_in_b	1-1	1-1	True	22	0.598	0.648	gain	TP	TP
chr12	28383884	28387838	3954	24	1	0	42	nested_a_in_b	nested_a_in_b	1-1	1-1	True	67	0.626	0.628	gain	TP	TP
chr12	28383884	28396205	12321	11	1	0	18	nested_a_in_b	nested_a_in_b	1-1	1-1	True	30	0.626	0.659	gain	TP	TP
chr12	28383884	28400129	16245	10	1	0	13	nested_a_in_b	nested_a_in_b	1-1	1-1	True	24	0.626	0.648	gain	TP	TP
chr12	28396205	28400129	3924	23	1	0	38	nested_a_in_b	nested_a_in_b	1-1	1-1	True	62	0.659	0.648	gain	TP	TP
chr12	28410948	28414520	3572	22	1	0	49	nested_a_in_b	nested_a_in_b	1-1	1-1	True	72	0.702	0.679	gain	TP	TP
chr12	28410948	28414696	3748	20	1	0	46	nested_a_in_b	nested_a_in_b	1-1	1-1	True	67	0.702	0.701	gain	TP	TP
chr12	28410948	28418090	7142	15	1	0	37	nested_a_in_b	nested_a_in_b	1-1	1-1	True	53	0.702	0.69	gain	TP	TP
chr12	28416270	28418090	1820	20	2	0	48	nested_a_in_b	nested_a_in_b	1-1	1-1	True	70	0.671	0.69	gain	TP	TP
chr12	28680766	28684989	4223	22	2	0	34	nested_a_in_b	nested_a_in_b	1-1	1-1	True	58	0.611	0.68	gain	TP	TP
chr12	28680766	28706754	25988	3	1	0	5	nested_a_in_b	nested_a_in_b	1-1	1-1	True	9	0.611	0.59	gain	TP	TP
chr12	29129730	29138334	8604	20	1	0	18	nested_a_in_b	nested_a_in_b	2-1	2-1	True	39	0.443	0.337	gain	TP	TP
chr12	30384024	30406079	22055	4	6	0	4	nested_a_in_b	nested_a_in_b	2-1	2-1	True	14	0.32	0.809	gain	TP	TP
chr12	30447200	30455346	8146	14	15	0	15	nested_a_in_b	nested_a_in_b	2-1	2-1	True	44	0.338	0.704	gain	TP	TP
chr12	31732116	31759881	27765	4	2	0	5	nested_a_in_b	nested_a_in_b	2-1	2-1	True	11	0.382	0.647	gain	TP	TP
chr12	32158662	32160024	1362	53	1	0	28	nested_a_in_b	nested_a_in_b	1-1	1-1	True	82	0.363	0.337	gain	TP	TP
chr12	33552830	33556842	4012	19	13	0	11	nested_a_in_b	nested_a_in_b	1-1	1-1	True	43	0.234	0.563	gain	TP	TP
chr12	33664173	33684007	19834	5	5	0	5	nested_a_in_b	nested_a_in_b	1-1	1-1	True	15	0.27	0.716	gain	TP	TP
chr12	34347396	34363818	16422	16	1	0	5	nested_a_in_b	nested_a_in_b	2-1	2-1	True	22	0.254	0.241	gain	TP	TP
chr12	34506532	34530603	24071	6	4	0	3	nested_a_in_b	nested_a_in_b	1-1	1-1	True	13	0.333	0.583	gain	TP	TP
chr12	39809237	39809326	89	38	1	0	2	nested_a_in_b	nested_a_in_b	1-1	1-1	True	41	0.048	0.093	loh	FP	FP
chr12	39809299	39809326	27	39	2	0	2	nested_a_in_b	nested_a_in_b	1-1	1-1	True	43	0.045	0.093	loh	FP	FP
chr12	40581976	40585649	3673	21	10	0	10	nested_a_in_b	nested_a_in_b	2-1	2-1	True	41	0.196	0.491	loh	TP	TP
chr12	44198815	44199104	289	2	1	0	40	nested_a_in_b	nested_a_in_b	2-1	2-1	True	43	0.935	0.939	loh	TP	TP
chr12	44695116	44700004	4888	1	21	0	17	nested_a_in_b	nested_a_in_b	2-1	2-1	True	39	0.475	0.984	loh	TP	TP
chr12	48752868	48782540	29672	0	1	0	5	nested_a_in_b	nested_a_in_b	1-1	1-1	True	6	0.493	0.873	loh	TP	TP
chr12	48752868	48782541	29673	1	1	0	5	nested_a_in_b	nested_a_in_b	1-1	1-1	True	7	0.493	0.873	loh	TP	TP
chr12	50828895	50842418	13523	0	10	0	9	nested_a_in_b	nested_a_in_b	1-1	1-1	True	19	0.565	0.982	loh	TP	TP
chr12	58064423	58067140	2717	2	39	0	4	nested_a_in_b	nested_a_in_b	1-1	1-1	True	45	0.07	0.949	loh	FP	TP
chr12	63222098	63224952	2854	26	3	0	14	nested_a_in_b	nested_a_in_b	1-1	1-1	True	43	0.327	0.529	loh	TP	TP
chr12	63679593	63679936	343	43	1	0	4	nested_a_in_b	nested_a_in_b	2-1	2-1	True	48	0.075	0.102	loh	FP	FP
chr12	65746245	65751919	5674	0	25	0	8	nested_a_in_b	nested_a_in_b	1-1	1-1	True	33	0.245	0.98	loh	TP	TP
chr12	67311543	67311546	3	56	1	0	6	nested_a_in_b	nested_a_in_b	2-1	2-1	True	63	0.091	0.111	loh	FP	FP
chr12	69967106	69978453	11347	0	11	0	11	nested_a_in_b	nested_a_in_b	1-1	1-1	True	22	0.485	0.958	loh	TP	TP
chr12	70054580	70056831	2251	36	1	0	4	nested_a_in_b	nested_a_in_b	3	3	True	41	0.102	0.113	loh	FP	FP
chr12	70924333	70940936	16603	0	3	0	5	nested_a_in_b	nested_a_in_b	2-1	2-1	True	8	0.357	0.941	loh	TP	TP
chr12	76267835	76293941	26106	0	4	0	2	nested_a_in_b	nested_a_in_b	2-1	2-1	True	6	0.386	0.986	loh	TP	TP
chr12	77758151	77763339	5188	3	14	0	19	nested_a_in_b	nested_a_in_b	1-1	1-1	True	36	0.538	0.887	loh	TP	TP
chr12	78321695	78337010	15315	1	6	0	11	nested_a_in_b	nested_a_in_b	1-1	1-1	True	18	0.56	0.909	loh	TP	TP
chr12	78794966	78816707	21741	0	1	0	8	nested_a_in_b	nested_a_in_b	1-1	1-1	True	9	0.981	0.962	loh	TP	TP
chr12	80474654	80495234	20580	0	4	0	2	nested_a_in_b	nested_a_in_b	2-1	2-1	True	6	0.47	1.0	loh	TP	TP
chr12	80863815	80867136	3321	3	22	0	17	nested_a_in_b	nested_a_in_b	2-1	2-1	True	42	0.404	0.941	loh	TP	TP
chr12	81050768	81053166	2398	1	29	0	28	nested_a_in_b	nested_a_in_b	1-1	1-1	True	58	0.493	0.986	loh	TP	TP
chr12	81098939	81107149	8210	1	16	0	12	nested_a_in_b	nested_a_in_b	1-1	1-1	True	29	0.367	0.978	loh	TP	TP
chr12	81098939	81119417	20478	1	4	0	4	nested_a_in_b	nested_a_in_b	1-1	1-1	True	9	0.367	0.912	loh	TP	TP
chr12	83347280	83349640	2360	37	1	0	3	nested_a_in_b	nested_a_in_b	2-1	2-1	True	41	0.068	0.085	loh	FP	FP
chr12	85199687	85203567	3880	0	2	0	48	nested_a_in_b	nested_a_in_b	1-1	1-1	True	50	0.972	1.0	loh	TP	TP
chr12	85199687	85222472	22785	0	1	0	8	nested_a_in_b	nested_a_in_b	1-1	1-1	True	9	0.972	0.966	loh	TP	TP
chr12	85929670	85952315	22645	1	3	0	2	nested_a_in_b	nested_a_in_b	2-1	2-1	True	6	0.156	0.939	loh	FP	TP
chr12	85940578	85952315	11737	1	14	0	6	nested_a_in_b	nested_a_in_b	2-1	2-1	True	21	0.345	0.939	loh	TP	TP
chr12	88910330	88924905	14575	0	6	0	11	nested_a_in_b	nested_a_in_b	2-1	2-1	True	17	0.654	0.969	loh	TP	TP
chr12	88910330	88924948	14618	0	6	0	11	nested_a_in_b	nested_a_in_b	2-1	2-1	True	17	0.654	0.985	loh	TP	TP
chr12	88924905	88924948	43	1	1	0	63	nested_a_in_b	nested_a_in_b	2-1	2-1	True	65	0.969	0.985	loh	TP	TP
chr12	91085864	91097632	11768	1	21	0	2	nested_a_in_b	nested_a_in_b	2-1	2-1	True	24	0.132	0.953	loh	FP	TP
chr12	93412698	93414931	2233	32	1	0	4	nested_a_in_b	nested_a_in_b	1-1	1-1	True	37	0.087	0.102	loh	FP	FP
chr12	94841506	94862541	21035	1	1	0	12	nested_a_in_b	nested_a_in_b	2-1	2-1	True	14	0.93	0.943	loh	TP	TP
chr12	96531827	96532387	560	54	1	0	4	nested_a_in_b	nested_a_in_b	1-1	1-1	True	59	0.063	0.078	loh	FP	FP
chr12	96837909	96852447	14538	0	5	0	5	nested_a_in_b	nested_a_in_b	2-1	2-1	True	10	0.444	0.952	loh	TP	TP
chr12	97067676	97072466	4790	39	2	0	3	nested_a_in_b	nested_a_in_b	1-1	1-1	True	44	0.045	0.074	loh	FP	FP
chr12	99005552	99020355	14803	1	1	0	10	nested_a_in_b	nested_a_in_b	2-1	2-1	True	12	0.926	0.922	loh	TP	TP
chr12	99005552	99021011	15459	1	1	0	10	nested_a_in_b	nested_a_in_b	2-1	2-1	True	12	0.926	0.902	loh	TP	TP
chr12	100846860	100852747	5887	2	2	0	36	nested_a_in_b	nested_a_in_b	2-1	2-1	True	40	0.938	0.948	loh	TP	TP
chr12	102418170	102427643	9473	0	1	0	27	nested_a_in_b	nested_a_in_b	2-1	2-1	True	28	0.927	0.97	loh	TP	TP
chr12	103314635	103319582	4947	2	24	0	4	nested_a_in_b	nested_a_in_b	1-1	1-1	True	30	0.115	0.911	loh	FP	TP
chr12	106057956	106066126	8170	2	16	0	7	nested_a_in_b	nested_a_in_b	2-1	2-1	True	25	0.379	0.959	loh	TP	TP
chr12	106702676	106710710	8034	2	26	0	1	mutual_excl	nested_a_in_b	2-1	2-1	True	29	0.08	0.906	loh	FP	TP
chr12	110899112	110912454	13342	1	17	0	1	mutual_excl	nested_a_in_b	1-1	1-1	True	19	0.058	0.986	loh	TP	TP
chr12	110905901	110912454	6553	1	25	0	4	nested_a_in_b	nested_a_in_b	1-1	1-1	True	30	0.1	0.986	loh	FP	TP
chr12	111093584	111114610	21026	0	7	0	2	nested_a_in_b	nested_a_in_b	1-1	1-1	True	9	0.438	0.951	loh	TP	TP
chr12	111609368	111623479	14111	3	10	0	7	nested_a_in_b	nested_a_in_b	1-1	1-1	True	20	0.448	0.906	loh	TP	TP
chr12	111623479	111639683	16204	1	1	0	9	nested_a_in_b	nested_a_in_b	1-1	1-1	True	11	0.906	0.938	loh	TP	TP
chr12	111754727	111766198	11471	1	9	0	10	nested_a_in_b	nested_a_in_b	1-1	1-1	True	20	0.474	0.972	loh	TP	TP
chr12	115655572	115668409	12837	2	19	0	2	nested_a_in_b	nested_a_in_b	1-1	1-1	True	23	0.046	0.895	loh	FP	TP
chr12	117247873	117266834	18961	7	1	0	3	nested_a_in_b	nested_a_in_b	2-1	2-1	True	11	0.51	0.419	loh	TP	TP
chr12	121364955	121381685	16730	1	3	0	2	nested_a_in_b	nested_a_in_b	2-1	2-1	True	6	0.488	0.88	loh	TP	TP
chr12	121602115	121631173	29058	0	4	0	3	nested_a_in_b	nested_a_in_b	1-1	1-1	True	7	0.538	0.862	loh	TP	TP
chr12	122617126	122628259	11133	19	1	0	1	sparse	nested_a_in_b	1-1	1-1	True	21	0.07	0.085	loh	FP	FP
chr12	122620140	122628259	8119	24	1	0	1	sparse	nested_a_in_b	1-1	1-1	True	26	0.073	0.085	loh	FP	FP
chr12	124139624	124149043	9419	4	1	0	12	nested_a_in_b	nested_a_in_b	2-1	2-1	True	17	0.566	0.55	loh	TP	TP
chr12	128782151	128787174	5023	30	1	0	3	nested_a_in_b	nested_a_in_b	3	3	True	34	0.056	0.122	loh	FP	FP
chr12	128782151	128787391	5240	30	1	0	3	nested_a_in_b	nested_a_in_b	3	3	True	34	0.056	0.1	loh	FP	FP
chr12	128782151	128788426	6275	27	1	0	3	nested_a_in_b	nested_a_in_b	3	3	True	31	0.056	0.1	loh	FP	FP
chr12	128782151	128788476	6325	27	1	0	3	nested_a_in_b	nested_a_in_b	3	3	True	31	0.056	0.1	loh	FP	FP
chr12	128782151	128788549	6398	27	1	0	3	nested_a_in_b	nested_a_in_b	3	3	True	31	0.056	0.102	loh	FP	FP
chr12	128782151	128788857	6706	26	1	0	3	nested_a_in_b	nested_a_in_b	3	3	True	30	0.056	0.102	loh	FP	FP
chr12	128782151	128788891	6740	26	1	0	3	nested_a_in_b	nested_a_in_b	3	3	True	30	0.056	0.102	loh	FP	FP
chr12	128782151	128788934	6783	25	1	0	3	nested_a_in_b	nested_a_in_b	3	3	True	29	0.056	0.111	loh	FP	FP
chr12	128782151	128788960	6809	26	1	0	3	nested_a_in_b	nested_a_in_b	3	3	True	30	0.056	0.1	loh	FP	FP
chr12	128782151	128789058	6907	26	1	0	3	nested_a_in_b	nested_a_in_b	3	3	True	30	0.056	0.1	loh	FP	FP
chr12	128782151	128789339	7188	26	1	0	3	nested_a_in_b	nested_a_in_b	3	3	True	30	0.056	0.098	loh	FP	FP
chr12	132559482	132559483	1	21	1	0	37	nested_a_in_b	nested_a_in_b	1-1	1-1	True	59	0.627	0.633	loh	TP	TP
chr17	925986	935117	9131	14	3	0	12	nested_a_in_b	nested_a_in_b	2-1	2-1	True	29	0.429	0.671	gain	TP	TP
chr17	925986	935246	9260	1	16	0	12	nested_a_in_b	nested_a_in_b	2-1	2-1	True	29	0.429	0.974	gain	TP	TP
chr17	6572792	6591753	18961	1	9	0	4	nested_a_in_b	nested_a_in_b	2-1	2-1	True	14	0.314	0.976	gain	TP	TP
chr17	10433923	10458737	24814	0	3	0	5	nested_a_in_b	nested_a_in_b	2-1	2-1	True	8	0.361	0.987	gain	TP	TP
chr17	10791354	10803275	11921	8	2	0	20	nested_a_in_b	nested_a_in_b	2-1	2-1	True	30	0.659	0.676	gain	TP	TP
chr17	11569327	11576951	7624	32	1	0	9	nested_a_in_b	nested_a_in_b	2-1	2-1	True	42	0.263	0.277	gain	TP	TP
chr17	12397592	12398340	748	14	25	0	23	nested_a_in_b	nested_a_in_b	2-1	2-1	True	62	0.357	0.783	gain	TP	TP
chr17	12749727	12770465	20738	0	10	0	1	mutual_excl	nested_a_in_b	2-1	2-1	True	11	0.095	1.0	gain	FP	TP
chr17	14957939	14972319	14380	7	10	0	6	nested_a_in_b	nested_a_in_b	2-1	2-1	True	23	0.278	0.696	gain	TP	TP
chr17	18986516	19012906	26390	0	8	0	2	nested_a_in_b	nested_a_in_b	1-1	1-1	True	10	0.31	0.926	gain	TP	TP
chr17	18986603	19012906	26303	0	7	0	2	nested_a_in_b	nested_a_in_b	1-1	1-1	True	9	0.349	0.926	gain	TP	TP
chr17	18988513	19012906	24393	1	8	0	2	nested_a_in_b	nested_a_in_b	1-1	1-1	True	11	0.305	0.926	gain	TP	TP
chr17	19987526	20004751	17225	1	6	0	6	nested_a_in_b	nested_a_in_b	2-1	2-1	True	13	0.311	0.905	loh	TP	TP
chr17	27976185	28004992	28807	0	6	0	1	mutual_excl	nested_a_in_b	2-1	2-1	True	7	0.449	0.929	loh	TP	TP
chr17	33947252	33951674	4422	0	2	0	42	nested_a_in_b	nested_a_in_b	1-1	1-1	True	44	0.967	0.964	loh	TP	TP
chr17	34213222	34233234	20012	4	2	0	1	mutual_excl	nested_a_in_b	1-1	1-1	True	7	0.411	0.333	loh	TP	FP
chr17	34233234	34255867	22633	0	5	0	3	nested_a_in_b	nested_a_in_b	1-1	1-1	True	8	0.333	0.972	loh	FP	TP
chr17	39591212	39601897	10685	21	1	0	5	nested_a_in_b	nested_a_in_b	1-1	1-1	True	27	0.185	0.226	loh	FP	FP
chr17	40080435	40103883	23448	0	7	0	1	mutual_excl	nested_a_in_b	2-1	2-1	True	8	0.295	0.9	loh	TP	TP
chr17	40502972	40505846	2874	1	2	0	46	nested_a_in_b	nested_a_in_b	1-1	1-1	True	49	0.94	0.955	loh	TP	TP
chr17	41222486	41248635	26149	0	1	0	7	nested_a_in_b	nested_a_in_b	1-1	1-1	True	8	0.952	0.985	loh	TP	TP
chr17	42634451	42658336	23885	0	1	0	8	nested_a_in_b	nested_a_in_b	2-1	2-1	True	9	0.887	0.985	loh	TP	TP
chr17	44929040	44953355	24315	0	6	0	1	mutual_excl	nested_a_in_b	2-1	2-1	True	7	0.48	0.943	loh	TP	TP
chr17	47874410	47875244	834	39	2	0	8	nested_a_in_b	nested_a_in_b	2-1	2-1	True	49	0.159	0.204	loh	FP	FP
chr17	48362515	48365089	2574	10	14	0	20	nested_a_in_b	nested_a_in_b	1-1	1-1	True	44	0.474	0.823	loh	TP	TP
chr17	49162011	49162149	138	65	1	0	11	nested_a_in_b	nested_a_in_b	2-1	2-1	True	77	0.143	0.156	loh	FP	FP
chr17	49162011	49162285	274	63	1	0	11	nested_a_in_b	nested_a_in_b	2-1	2-1	True	75	0.143	0.169	loh	FP	FP
chr17	49162011	49163522	1511	59	1	0	7	nested_a_in_b	nested_a_in_b	2-1	2-1	True	67	0.143	0.145	loh	FP	FP
chr17	49229244	49237353	8109	29	1	0	5	nested_a_in_b	nested_a_in_b	2-1	2-1	True	35	0.118	0.132	loh	FP	FP
chr17	49229971	49230283	312	51	2	0	5	nested_a_in_b	nested_a_in_b	2-1	2-1	True	58	0.095	0.119	loh	FP	FP
chr17	49229971	49237353	7382	30	1	0	5	nested_a_in_b	nested_a_in_b	2-1	2-1	True	36	0.095	0.132	loh	FP	FP
chr17	49229971	49239295	9324	27	1	0	4	nested_a_in_b	nested_a_in_b	2-1	2-1	True	32	0.095	0.134	loh	FP	FP
chr17	49229971	49240795	10824	26	1	0	4	nested_a_in_b	nested_a_in_b	2-1	2-1	True	31	0.095	0.147	loh	FP	FP
chr17	49237353	49239295	1942	49	1	0	6	nested_a_in_b	nested_a_in_b	2-1	2-1	True	56	0.132	0.134	loh	FP	FP
chr17	49273206	49281119	7913	38	1	0	3	nested_a_in_b	nested_a_in_b	1-1	1-1	True	42	0.068	0.141	loh	FP	FP
chr17	49479216	49482709	3493	45	1	0	11	nested_a_in_b	nested_a_in_b	2-1	2-1	True	57	0.163	0.171	loh	FP	FP
chr17	49479372	49482709	3337	45	1	0	11	nested_a_in_b	nested_a_in_b	2-1	2-1	True	57	0.154	0.171	loh	FP	FP
chr17	49481845	49482709	864	55	1	0	10	nested_a_in_b	nested_a_in_b	2-1	2-1	True	66	0.139	0.171	loh	FP	FP
chr17	49483303	49483341	38	55	1	0	12	nested_a_in_b	nested_a_in_b	2-1	2-1	True	68	0.16	0.186	loh	FP	FP
chr17	52099816	52119656	19840	0	5	0	2	nested_a_in_b	nested_a_in_b	1-1	1-1	True	7	0.44	0.946	loh	TP	TP
chr17	54223565	54228744	5179	1	1	0	30	nested_a_in_b	nested_a_in_b	1-1	1-1	True	32	0.957	0.981	loh	TP	TP
chr17	54784785	54796117	11332	0	5	0	6	nested_a_in_b	nested_a_in_b	1-1	1-1	True	11	0.524	0.957	loh	TP	TP
chr17	57149593	57149594	1	28	2	0	24	nested_a_in_b	nested_a_in_b	1-1	1-1	True	54	0.436	0.481	loh	TP	TP
chr17	60426960	60432982	6022	0	1	0	38	nested_a_in_b	nested_a_in_b	1-1	1-1	True	39	0.973	1.0	loh	TP	TP
chr17	61183557	61199342	15785	1	11	0	6	nested_a_in_b	nested_a_in_b	1-1	1-1	True	18	0.276	0.981	loh	TP	TP
chr17	62930359	62939462	9103	0	11	0	15	nested_a_in_b	nested_a_in_b	1-1	1-1	True	26	0.493	0.967	loh	TP	TP
chr17	64674756	64685557	10801	0	20	0	12	nested_a_in_b	nested_a_in_b	2-1	2-1	True	32	0.269	0.868	loh	FP	TP
chr17	65304775	65323482	18707	1	1	0	7	nested_a_in_b	nested_a_in_b	1-1	1-1	True	9	0.925	0.976	loh	TP	TP
chr17	65435967	65445393	9426	0	1	0	25	nested_a_in_b	nested_a_in_b	1-1	1-1	True	26	0.967	0.983	loh	TP	TP
chr17	65436875	65445393	8518	0	11	0	17	nested_a_in_b	nested_a_in_b	1-1	1-1	True	28	0.589	0.983	loh	TP	TP
chr17	67408474	67421390	12916	35	14	0	5	nested_a_in_b	nested_a_in_b	1-1	1-1	True	54	0.13	0.326	gain	TP	TP
chr17	67913067	67925245	12178	29	10	0	7	nested_a_in_b	nested_a_in_b	2-1	2-1	True	46	0.126	0.38	gain	FP	TP
chr17	69480332	69502907	22575	6	1	0	6	nested_a_in_b	nested_a_in_b	2-1	2-1	True	13	0.528	0.531	gain	TP	TP
chr17	69847050	69884800	37750	1	4	0	1	mutual_excl	nested_a_in_b	2-1	2-1	True	6	0.248	0.548	gain	TP	TP
chr17	70390086	70408116	18030	20	1	0	10	nested_a_in_b	nested_a_in_b	2-1	2-1	True	31	0.203	0.272	gain	TP	TP
chr17	71271023	71292145	21122	19	1	0	7	nested_a_in_b	nested_a_in_b	1-1	1-1	True	27	0.369	0.447	gain	TP	TP
chr17	71528195	71547911	19716	2	19	0	1	mutual_excl	nested_a_in_b	2-1	2-1	True	22	0.214	0.971	gain	TP	TP
chr17	76562707	76565610	2903	50	23	0	13	nested_a_in_b	nested_a_in_b	1-1	1-1	True	86	0.194	0.432	gain	TP	TP
chr17	76972469	76995268	22799	13	1	0	7	nested_a_in_b	nested_a_in_b	1-1	1-1	True	21	0.376	0.484	gain	TP	TP
chr17	79974466	79976558	2092	116	1	0	27	nested_a_in_b	nested_a_in_b	2-1	2-1	True	144	0.204	0.202	gain	TP	TP
chr17	79974466	79977762	3296	100	2	0	24	nested_a_in_b	nested_a_in_b	2-1	2-1	True	126	0.204	0.194	gain	TP	TP
chr17	79974466	79980209	5743	79	1	0	21	nested_a_in_b	nested_a_in_b	2-1	2-1	True	101	0.204	0.179	gain	TP	TP
chr17	79974466	79981189	6723	71	1	0	19	nested_a_in_b	nested_a_in_b	2-1	2-1	True	91	0.204	0.17	gain	TP	TP
chr17	79974466	79982762	8296	65	3	0	20	nested_a_in_b	nested_a_in_b	2-1	2-1	True	88	0.204	0.205	gain	TP	TP
chr17	79974466	79986135	11669	47	1	0	10	nested_a_in_b	nested_a_in_b	2-1	2-1	True	58	0.204	0.153	gain	TP	TP
chr17	79974466	79988039	13573	40	1	0	10	nested_a_in_b	nested_a_in_b	2-1	2-1	True	51	0.204	0.176	gain	TP	TP
chr17	79974466	79992972	18506	30	1	0	8	nested_a_in_b	nested_a_in_b	2-1	2-1	True	39	0.204	0.161	gain	TP	TP
chr17	79974466	79994081	19615	27	2	0	7	nested_a_in_b	nested_a_in_b	2-1	2-1	True	36	0.204	0.154	gain	TP	TP
chr17	79974466	79994267	19801	25	1	0	6	nested_a_in_b	nested_a_in_b	2-1	2-1	True	32	0.204	0.144	gain	TP	TP
chr17	79974466	79995084	20618	27	1	0	5	nested_a_in_b	nested_a_in_b	2-1	2-1	True	33	0.204	0.136	gain	TP	TP
chr17	79974466	79996494	22028	24	1	0	6	nested_a_in_b	nested_a_in_b	2-1	2-1	True	31	0.204	0.168	gain	TP	TP
chr17	79974466	79997005	22539	20	1	0	6	nested_a_in_b	nested_a_in_b	2-1	2-1	True	27	0.204	0.155	gain	TP	TP
chr17	79974466	79997828	23362	20	1	0	6	nested_a_in_b	nested_a_in_b	2-1	2-1	True	27	0.204	0.164	gain	TP	TP
chr17	79974466	79999243	24777	19	1	0	5	nested_a_in_b	nested_a_in_b	2-1	2-1	True	25	0.204	0.175	gain	TP	TP
chr17	79974466	79999850	25384	17	1	0	3	nested_a_in_b	nested_a_in_b	2-1	2-1	True	21	0.204	0.198	gain	TP	TP
chr17	79974466	80000548	26082	19	1	0	3	nested_a_in_b	nested_a_in_b	2-1	2-1	True	23	0.204	0.197	gain	TP	TP
chr17	79974466	80003901	29435	13	2	0	2	nested_a_in_b	nested_a_in_b	2-1	2-1	True	17	0.204	0.174	gain	TP	TP
chr17	79974466	80005657	31191	12	1	0	2	nested_a_in_b	nested_a_in_b	2-1	2-1	True	15	0.204	0.213	gain	TP	TP
chr17	79975019	79988039	13020	38	1	0	10	nested_a_in_b	nested_a_in_b	2-1	2-1	True	49	0.229	0.176	gain	TP	TP
chr17	79975835	79976558	723	124	3	0	27	nested_a_in_b	nested_a_in_b	2-1	2-1	True	154	0.201	0.202	gain	TP	TP
chr17	79975835	79976984	1149	113	1	0	25	nested_a_in_b	nested_a_in_b	2-1	2-1	True	139	0.201	0.191	gain	TP	TP
chr17	79975835	79977762	1927	108	2	0	24	nested_a_in_b	nested_a_in_b	2-1	2-1	True	134	0.201	0.194	gain	TP	TP
chr17	79975835	79980209	4374	86	2	0	20	nested_a_in_b	nested_a_in_b	2-1	2-1	True	108	0.201	0.179	gain	TP	TP
chr17	79975835	79980813	4978	80	1	0	21	nested_a_in_b	nested_a_in_b	2-1	2-1	True	102	0.201	0.165	gain	TP	TP
chr17	79975835	79981189	5354	77	2	0	18	nested_a_in_b	nested_a_in_b	2-1	2-1	True	97	0.201	0.17	gain	TP	TP
chr17	79975835	79982762	6927	71	4	0	18	nested_a_in_b	nested_a_in_b	2-1	2-1	True	93	0.201	0.205	gain	TP	TP
chr17	79975835	79986135	10300	52	2	0	9	nested_a_in_b	nested_a_in_b	2-1	2-1	True	63	0.201	0.153	gain	TP	TP
chr17	79975835	79988039	12204	44	2	0	9	nested_a_in_b	nested_a_in_b	2-1	2-1	True	55	0.201	0.176	gain	TP	TP
chr17	79975835	79992972	17137	32	2	0	7	nested_a_in_b	nested_a_in_b	2-1	2-1	True	41	0.201	0.161	gain	TP	TP
chr17	79975835	79993553	17718	30	1	0	7	nested_a_in_b	nested_a_in_b	2-1	2-1	True	38	0.201	0.146	gain	TP	TP
chr17	79975835	79994081	18246	27	3	0	6	nested_a_in_b	nested_a_in_b	2-1	2-1	True	36	0.201	0.154	gain	TP	TP
chr17	79975835	79994267	18432	26	2	0	5	nested_a_in_b	nested_a_in_b	2-1	2-1	True	33	0.201	0.144	gain	TP	TP
chr17	79975835	79994936	19101	27	1	0	6	nested_a_in_b	nested_a_in_b	2-1	2-1	True	34	0.201	0.155	gain	TP	TP
chr17	79975835	79995084	19249	28	2	0	4	nested_a_in_b	nested_a_in_b	2-1	2-1	True	34	0.201	0.136	gain	TP	TP
chr17	79975835	79996494	20659	25	2	0	5	nested_a_in_b	nested_a_in_b	2-1	2-1	True	32	0.201	0.168	gain	TP	TP
chr17	79975835	79997005	21170	21	2	0	5	nested_a_in_b	nested_a_in_b	2-1	2-1	True	28	0.201	0.155	gain	TP	TP
chr17	79975835	79997828	21993	22	2	0	5	nested_a_in_b	nested_a_in_b	2-1	2-1	True	29	0.201	0.164	gain	TP	TP
chr17	79975835	79999239	23404	21	1	0	4	nested_a_in_b	nested_a_in_b	2-1	2-1	True	26	0.201	0.167	gain	TP	TP
chr17	79975835	79999243	23408	20	2	0	4	nested_a_in_b	nested_a_in_b	2-1	2-1	True	26	0.201	0.175	gain	TP	TP
chr17	79975835	79999850	24015	19	2	0	2	nested_a_in_b	nested_a_in_b	2-1	2-1	True	23	0.201	0.198	gain	TP	TP
chr17	79975835	80000548	24713	20	2	0	2	nested_a_in_b	nested_a_in_b	2-1	2-1	True	24	0.201	0.197	gain	TP	TP
chr17	79975835	80003901	28066	14	2	0	2	nested_a_in_b	nested_a_in_b	2-1	2-1	True	18	0.201	0.174	gain	TP	TP
chr17	79975835	80005657	29822	14	1	0	2	nested_a_in_b	nested_a_in_b	2-1	2-1	True	17	0.201	0.213	gain	TP	TP
chr17	79976235	79976558	323	124	2	0	31	nested_a_in_b	nested_a_in_b	2-1	2-1	True	157	0.208	0.202	gain	TP	TP
chr17	79976235	79977762	1527	109	3	0	27	nested_a_in_b	nested_a_in_b	2-1	2-1	True	139	0.208	0.194	gain	TP	TP
chr17	79976235	79980209	3974	86	1	0	23	nested_a_in_b	nested_a_in_b	2-1	2-1	True	110	0.208	0.179	gain	TP	TP
chr17	79976235	79982762	6527	69	3	0	21	nested_a_in_b	nested_a_in_b	2-1	2-1	True	93	0.208	0.205	gain	TP	TP
chr17	79976235	79994081	17846	25	1	0	8	nested_a_in_b	nested_a_in_b	2-1	2-1	True	34	0.208	0.154	gain	TP	TP
chr17	79976235	80003901	27666	14	1	0	3	nested_a_in_b	nested_a_in_b	2-1	2-1	True	18	0.208	0.174	gain	TP	TP
chr17	79976235	80005657	29422	13	1	0	2	nested_a_in_b	nested_a_in_b	2-1	2-1	True	16	0.208	0.213	gain	TP	TP
chr17	79976558	79994081	17523	27	1	0	8	nested_a_in_b	nested_a_in_b	2-1	2-1	True	36	0.202	0.154	gain	TP	TP
chr17	79976558	80003901	27343	14	1	0	3	nested_a_in_b	nested_a_in_b	2-1	2-1	True	18	0.202	0.174	gain	TP	TP
chr17	79976558	80005657	29099	14	1	0	2	nested_a_in_b	nested_a_in_b	2-1	2-1	True	17	0.202	0.213	gain	TP	TP
chr17	79976938	79977762	824	114	4	0	26	nested_a_in_b	nested_a_in_b	2-1	2-1	True	144	0.191	0.194	gain	TP	TP
chr17	79976938	79980209	3271	91	1	0	23	nested_a_in_b	nested_a_in_b	2-1	2-1	True	115	0.191	0.179	gain	TP	TP
chr17	79976938	79981189	4251	81	2	0	20	nested_a_in_b	nested_a_in_b	2-1	2-1	True	103	0.191	0.17	gain	TP	TP
chr17	79976938	79982762	5824	74	4	0	20	nested_a_in_b	nested_a_in_b	2-1	2-1	True	98	0.191	0.205	gain	TP	TP
chr17	79976938	79985519	8581	56	1	0	16	nested_a_in_b	nested_a_in_b	2-1	2-1	True	73	0.191	0.201	gain	TP	TP
chr17	79976938	79986834	9896	51	1	0	10	nested_a_in_b	nested_a_in_b	2-1	2-1	True	62	0.191	0.15	gain	TP	TP
chr17	79976938	79988039	11101	44	1	0	10	nested_a_in_b	nested_a_in_b	2-1	2-1	True	55	0.191	0.176	gain	TP	TP
chr17	79976938	79992972	16034	32	1	0	8	nested_a_in_b	nested_a_in_b	2-1	2-1	True	41	0.191	0.161	gain	TP	TP
chr17	79976938	79994081	17143	27	2	0	7	nested_a_in_b	nested_a_in_b	2-1	2-1	True	36	0.191	0.154	gain	TP	TP
chr17	79976938	79994267	17329	27	1	0	6	nested_a_in_b	nested_a_in_b	2-1	2-1	True	34	0.191	0.144	gain	TP	TP
chr17	79976938	79994936	17998	27	1	0	6	nested_a_in_b	nested_a_in_b	2-1	2-1	True	34	0.191	0.155	gain	TP	TP
chr17	79976938	79995084	18146	28	1	0	5	nested_a_in_b	nested_a_in_b	2-1	2-1	True	34	0.191	0.136	gain	TP	TP
chr17	79976938	79996494	19556	25	1	0	6	nested_a_in_b	nested_a_in_b	2-1	2-1	True	32	0.191	0.168	gain	TP	TP
chr17	79976938	79997005	20067	21	1	0	6	nested_a_in_b	nested_a_in_b	2-1	2-1	True	28	0.191	0.155	gain	TP	TP
chr17	79976938	79997828	20890	21	1	0	6	nested_a_in_b	nested_a_in_b	2-1	2-1	True	28	0.191	0.164	gain	TP	TP
chr17	79976938	79999243	22305	20	1	0	5	nested_a_in_b	nested_a_in_b	2-1	2-1	True	26	0.191	0.175	gain	TP	TP
chr17	79976938	79999850	22912	18	1	0	3	nested_a_in_b	nested_a_in_b	2-1	2-1	True	22	0.191	0.198	gain	TP	TP
chr17	79976938	80000548	23610	20	1	0	3	nested_a_in_b	nested_a_in_b	2-1	2-1	True	24	0.191	0.197	gain	TP	TP
chr17	79976938	80003901	26963	15	2	0	2	nested_a_in_b	nested_a_in_b	2-1	2-1	True	19	0.191	0.174	gain	TP	TP
chr17	79976938	80005657	28719	13	2	0	1	mutual_excl	nested_a_in_b	2-1	2-1	True	16	0.191	0.213	gain	TP	TP
chr17	79976984	79977762	778	111	2	0	26	nested_a_in_b	nested_a_in_b	2-1	2-1	True	139	0.191	0.194	gain	TP	TP
chr17	79976984	79980209	3225	91	1	0	21	nested_a_in_b	nested_a_in_b	2-1	2-1	True	113	0.191	0.179	gain	TP	TP
chr17	79976984	79981189	4205	81	1	0	19	nested_a_in_b	nested_a_in_b	2-1	2-1	True	101	0.191	0.17	gain	TP	TP
chr17	79976984	79982762	5778	74	3	0	19	nested_a_in_b	nested_a_in_b	2-1	2-1	True	96	0.191	0.205	gain	TP	TP
chr17	79976984	79985519	8535	56	1	0	15	nested_a_in_b	nested_a_in_b	2-1	2-1	True	72	0.191	0.201	gain	TP	TP
chr17	79976984	79986135	9151	54	1	0	9	nested_a_in_b	nested_a_in_b	2-1	2-1	True	64	0.191	0.153	gain	TP	TP
chr17	79976984	79988039	11055	45	1	0	9	nested_a_in_b	nested_a_in_b	2-1	2-1	True	55	0.191	0.176	gain	TP	TP
chr17	79976984	79992972	15988	34	1	0	7	nested_a_in_b	nested_a_in_b	2-1	2-1	True	42	0.191	0.161	gain	TP	TP
chr17	79976984	79994081	17097	29	2	0	6	nested_a_in_b	nested_a_in_b	2-1	2-1	True	37	0.191	0.154	gain	TP	TP
chr17	79976984	79994267	17283	28	1	0	5	nested_a_in_b	nested_a_in_b	2-1	2-1	True	34	0.191	0.144	gain	TP	TP
chr17	79976984	79995084	18100	30	1	0	4	nested_a_in_b	nested_a_in_b	2-1	2-1	True	35	0.191	0.136	gain	TP	TP
chr17	79976984	79995249	18265	30	1	0	5	nested_a_in_b	nested_a_in_b	2-1	2-1	True	36	0.191	0.142	gain	TP	TP
chr17	79976984	79996494	19510	27	1	0	5	nested_a_in_b	nested_a_in_b	2-1	2-1	True	33	0.191	0.168	gain	TP	TP
chr17	79976984	79997005	20021	23	1	0	5	nested_a_in_b	nested_a_in_b	2-1	2-1	True	29	0.191	0.155	gain	TP	TP
chr17	79976984	79997828	20844	23	1	0	5	nested_a_in_b	nested_a_in_b	2-1	2-1	True	29	0.191	0.164	gain	TP	TP
chr17	79976984	79999243	22259	22	1	0	4	nested_a_in_b	nested_a_in_b	2-1	2-1	True	27	0.191	0.175	gain	TP	TP
chr17	79976984	79999850	22866	20	1	0	2	nested_a_in_b	nested_a_in_b	2-1	2-1	True	23	0.191	0.198	gain	TP	TP
chr17	79976984	80000548	23564	22	1	0	2	nested_a_in_b	nested_a_in_b	2-1	2-1	True	25	0.191	0.197	gain	TP	TP
chr17	79976984	80003901	26917	16	2	0	1	mutual_excl	nested_a_in_b	2-1	2-1	True	19	0.191	0.174	gain	TP	TP
chr17	79976984	80005657	28673	15	1	0	1	sparse	nested_a_in_b	2-1	2-1	True	17	0.191	0.213	gain	TP	TP
chr17	79977762	79994081	16319	28	1	0	7	nested_a_in_b	nested_a_in_b	2-1	2-1	True	36	0.194	0.154	gain	TP	TP
chr17	79977762	80003901	26139	16	1	0	2	nested_a_in_b	nested_a_in_b	2-1	2-1	True	19	0.194	0.174	gain	TP	TP
chr17	79977762	80005657	27895	14	1	0	2	nested_a_in_b	nested_a_in_b	2-1	2-1	True	17	0.194	0.213	gain	TP	TP
chr17	79979195	79980209	1014	120	1	0	26	nested_a_in_b	nested_a_in_b	2-1	2-1	True	147	0.176	0.179	gain	TP	TP
chr17	79979195	79981189	1994	107	1	0	23	nested_a_in_b	nested_a_in_b	2-1	2-1	True	131	0.176	0.17	gain	TP	TP
chr17	79979195	79982762	3567	96	3	0	23	nested_a_in_b	nested_a_in_b	2-1	2-1	True	122	0.176	0.205	gain	TP	TP
chr17	79979195	79994081	14886	36	1	0	9	nested_a_in_b	nested_a_in_b	2-1	2-1	True	46	0.176	0.154	gain	TP	TP
chr17	79979195	80003901	24706	18	1	0	4	nested_a_in_b	nested_a_in_b	2-1	2-1	True	23	0.176	0.174	gain	TP	TP
chr17	79979195	80005657	26462	18	1	0	3	nested_a_in_b	nested_a_in_b	2-1	2-1	True	22	0.176	0.213	gain	TP	TP
chr17	79979415	80003901	24486	19	1	0	4	nested_a_in_b	nested_a_in_b	2-1	2-1	True	24	0.183	0.174	gain	TP	TP
chr17	79979415	80005657	26242	18	1	0	3	nested_a_in_b	nested_a_in_b	2-1	2-1	True	22	0.183	0.213	gain	TP	TP
chr17	79980046	79980209	163	124	1	0	26	nested_a_in_b	nested_a_in_b	2-1	2-1	True	151	0.17	0.179	gain	TP	TP
chr17	79980046	79981189	1143	111	1	0	23	nested_a_in_b	nested_a_in_b	2-1	2-1	True	135	0.17	0.17	gain	TP	TP
chr17	79980046	79982762	2716	99	3	0	23	nested_a_in_b	nested_a_in_b	2-1	2-1	True	125	0.17	0.205	gain	TP	TP
chr17	79980046	79994081	14035	37	1	0	9	nested_a_in_b	nested_a_in_b	2-1	2-1	True	47	0.17	0.154	gain	TP	TP
chr17	79980046	80003901	23855	18	1	0	4	nested_a_in_b	nested_a_in_b	2-1	2-1	True	23	0.17	0.174	gain	TP	TP
chr17	79980046	80005657	25611	18	1	0	3	nested_a_in_b	nested_a_in_b	2-1	2-1	True	22	0.17	0.213	gain	TP	TP
chr17	79980209	79994081	13872	37	1	0	8	nested_a_in_b	nested_a_in_b	2-1	2-1	True	46	0.179	0.154	gain	TP	TP
chr17	79980813	79981189	376	121	1	0	23	nested_a_in_b	nested_a_in_b	2-1	2-1	True	145	0.165	0.17	gain	TP	TP
chr17	79980813	79982762	1949	103	3	0	23	nested_a_in_b	nested_a_in_b	2-1	2-1	True	129	0.165	0.205	gain	TP	TP
chr17	79980813	79988039	7226	62	1	0	13	nested_a_in_b	nested_a_in_b	2-1	2-1	True	76	0.165	0.176	gain	TP	TP
chr17	79980813	79994081	13268	41	1	0	8	nested_a_in_b	nested_a_in_b	2-1	2-1	True	50	0.165	0.154	gain	TP	TP
chr17	79980813	80003901	23088	22	1	0	3	nested_a_in_b	nested_a_in_b	2-1	2-1	True	26	0.165	0.174	gain	TP	TP
chr17	79980813	80005657	24844	21	1	0	3	nested_a_in_b	nested_a_in_b	2-1	2-1	True	25	0.165	0.213	gain	TP	TP
chr17	79981189	79982762	1573	105	2	0	24	nested_a_in_b	nested_a_in_b	2-1	2-1	True	131	0.17	0.205	gain	TP	TP
chr17	79981189	79988039	6850	64	1	0	13	nested_a_in_b	nested_a_in_b	2-1	2-1	True	78	0.17	0.176	gain	TP	TP
chr17	79981189	79994081	12892	41	1	0	8	nested_a_in_b	nested_a_in_b	2-1	2-1	True	50	0.17	0.154	gain	TP	TP
chr17	79981189	80003901	22712	22	1	0	4	nested_a_in_b	nested_a_in_b	2-1	2-1	True	27	0.17	0.174	gain	TP	TP
chr17	79981189	80005657	24468	21	1	0	3	nested_a_in_b	nested_a_in_b	2-1	2-1	True	25	0.17	0.213	gain	TP	TP
chr17	79982762	80003901	21139	23	1	0	4	nested_a_in_b	nested_a_in_b	2-1	2-1	True	28	0.205	0.174	gain	TP	TP
chr17	79982762	80005657	22895	22	1	0	3	nested_a_in_b	nested_a_in_b	2-1	2-1	True	26	0.205	0.213	gain	TP	TP
chr17	79985519	79988039	2520	86	1	0	16	nested_a_in_b	nested_a_in_b	2-1	2-1	True	103	0.201	0.176	gain	TP	TP
chr17	79985519	79994081	8562	55	2	0	10	nested_a_in_b	nested_a_in_b	2-1	2-1	True	67	0.201	0.154	gain	TP	TP
chr17	79985519	79996494	10975	48	1	0	9	nested_a_in_b	nested_a_in_b	2-1	2-1	True	58	0.201	0.168	gain	TP	TP
chr17	79985519	79999850	14331	36	1	0	5	nested_a_in_b	nested_a_in_b	2-1	2-1	True	42	0.201	0.198	gain	TP	TP
chr17	79985519	80000548	15029	38	1	0	5	nested_a_in_b	nested_a_in_b	2-1	2-1	True	44	0.201	0.197	gain	TP	TP
chr17	79985519	80003901	18382	28	1	0	4	nested_a_in_b	nested_a_in_b	2-1	2-1	True	33	0.201	0.174	gain	TP	TP
chr17	79985519	80005657	20138	27	1	0	3	nested_a_in_b	nested_a_in_b	2-1	2-1	True	31	0.201	0.213	gain	TP	TP
chr17	79985519	80007757	22238	26	1	0	1	sparse	nested_a_in_b	2-1	2-1	True	28	0.201	0.16	gain	TP	TP
chr17	79985596	79986135	539	103	2	0	16	nested_a_in_b	nested_a_in_b	2-1	2-1	True	121	0.162	0.153	gain	TP	TP
chr17	79985596	79986454	858	99	2	0	14	nested_a_in_b	nested_a_in_b	2-1	2-1	True	115	0.162	0.156	gain	TP	TP
chr17	79985596	79986834	1238	98	3	0	13	nested_a_in_b	nested_a_in_b	2-1	2-1	True	114	0.162	0.15	gain	TP	TP
chr17	79985596	79988039	2443	87	3	0	12	nested_a_in_b	nested_a_in_b	2-1	2-1	True	102	0.162	0.176	gain	TP	TP
chr17	79985596	79991120	5524	74	2	0	8	nested_a_in_b	nested_a_in_b	2-1	2-1	True	84	0.162	0.135	gain	TP	TP
chr17	79985596	79992972	7376	66	2	0	7	nested_a_in_b	nested_a_in_b	2-1	2-1	True	75	0.162	0.161	gain	TP	TP
chr17	79985596	79993553	7957	61	2	0	7	nested_a_in_b	nested_a_in_b	2-1	2-1	True	70	0.162	0.146	gain	TP	TP
chr17	79985596	79994081	8485	56	4	0	6	nested_a_in_b	nested_a_in_b	2-1	2-1	True	66	0.162	0.154	gain	TP	TP
chr17	79985596	79994267	8671	54	2	0	5	nested_a_in_b	nested_a_in_b	2-1	2-1	True	61	0.162	0.144	gain	TP	TP
chr17	79985596	79994936	9340	57	2	0	6	nested_a_in_b	nested_a_in_b	2-1	2-1	True	65	0.162	0.155	gain	TP	TP
chr17	79985596	79995084	9488	60	1	0	5	nested_a_in_b	nested_a_in_b	2-1	2-1	True	66	0.162	0.136	gain	TP	TP
chr17	79985596	79995249	9653	59	1	0	5	nested_a_in_b	nested_a_in_b	2-1	2-1	True	65	0.162	0.142	gain	TP	TP
chr17	79985596	79996494	10898	49	3	0	5	nested_a_in_b	nested_a_in_b	2-1	2-1	True	57	0.162	0.168	gain	TP	TP
chr17	79985596	79997005	11409	46	2	0	5	nested_a_in_b	nested_a_in_b	2-1	2-1	True	53	0.162	0.155	gain	TP	TP
chr17	79985596	79997828	12232	44	2	0	5	nested_a_in_b	nested_a_in_b	2-1	2-1	True	51	0.162	0.164	gain	TP	TP
chr17	79985596	79999239	13643	41	2	0	3	nested_a_in_b	nested_a_in_b	2-1	2-1	True	46	0.162	0.167	gain	TP	TP
chr17	79985596	79999243	13647	41	2	0	3	nested_a_in_b	nested_a_in_b	2-1	2-1	True	46	0.162	0.175	gain	TP	TP
chr17	79985596	79999850	14254	37	2	0	2	nested_a_in_b	nested_a_in_b	2-1	2-1	True	41	0.162	0.198	gain	TP	TP
chr17	79985596	80000548	14952	39	2	0	2	nested_a_in_b	nested_a_in_b	2-1	2-1	True	43	0.162	0.197	gain	TP	TP
chr17	79985596	80003901	18305	29	2	0	1	mutual_excl	nested_a_in_b	2-1	2-1	True	32	0.162	0.174	gain	TP	TP
chr17	79985596	80005657	20061	28	2	0	1	mutual_excl	nested_a_in_b	2-1	2-1	True	31	0.162	0.213	gain	TP	TP
chr17	79985596	80007757	22161	26	1	0	1	sparse	nested_a_in_b	2-1	2-1	True	28	0.162	0.16	gain	TP	TP
chr17	79985596	80009397	23801	22	1	0	1	sparse	nested_a_in_b	2-1	2-1	True	24	0.162	0.16	gain	TP	TP
chr17	79986135	79986834	699	102	1	0	17	nested_a_in_b	nested_a_in_b	2-1	2-1	True	120	0.153	0.15	gain	TP	TP
chr17	79986135	79988039	1904	90	1	0	16	nested_a_in_b	nested_a_in_b	2-1	2-1	True	107	0.153	0.176	gain	TP	TP
chr17	79986135	79994081	7946	56	2	0	10	nested_a_in_b	nested_a_in_b	2-1	2-1	True	68	0.153	0.154	gain	TP	TP
chr17	79986135	79996494	10359	48	1	0	9	nested_a_in_b	nested_a_in_b	2-1	2-1	True	58	0.153	0.168	gain	TP	TP
chr17	79986135	79999850	13715	37	1	0	5	nested_a_in_b	nested_a_in_b	2-1	2-1	True	43	0.153	0.198	gain	TP	TP
chr17	79986135	80000548	14413	38	1	0	5	nested_a_in_b	nested_a_in_b	2-1	2-1	True	44	0.153	0.197	gain	TP	TP
chr17	79986135	80003901	17766	28	1	0	4	nested_a_in_b	nested_a_in_b	2-1	2-1	True	33	0.153	0.174	gain	TP	TP
chr17	79986135	80005657	19522	28	1	0	3	nested_a_in_b	nested_a_in_b	2-1	2-1	True	32	0.153	0.213	gain	TP	TP
chr17	79986135	80007757	21622	25	1	0	2	nested_a_in_b	nested_a_in_b	2-1	2-1	True	28	0.153	0.16	gain	TP	TP
chr17	79986135	80012945	26810	15	1	0	1	sparse	nested_a_in_b	2-1	2-1	True	17	0.153	0.157	gain	TP	TP
chr17	79986135	80014594	28459	8	1	0	1	sparse	nested_a_in_b	2-1	2-1	True	10	0.153	0.16	gain	TP	TP
chr17	79986135	80014751	28616	9	1	0	1	sparse	nested_a_in_b	2-1	2-1	True	11	0.153	0.171	gain	TP	TP
chr17	79986454	79988039	1585	89	2	0	17	nested_a_in_b	nested_a_in_b	2-1	2-1	True	108	0.156	0.176	gain	TP	TP
chr17	79986454	79992972	6518	65	1	0	12	nested_a_in_b	nested_a_in_b	2-1	2-1	True	78	0.156	0.161	gain	TP	TP
chr17	79986454	79994081	7627	55	3	0	11	nested_a_in_b	nested_a_in_b	2-1	2-1	True	69	0.156	0.154	gain	TP	TP
chr17	79986454	79994267	7813	53	1	0	10	nested_a_in_b	nested_a_in_b	2-1	2-1	True	64	0.156	0.144	gain	TP	TP
chr17	79986454	79994936	8482	55	1	0	10	nested_a_in_b	nested_a_in_b	2-1	2-1	True	66	0.156	0.155	gain	TP	TP
chr17	79986454	79995084	8630	58	1	0	9	nested_a_in_b	nested_a_in_b	2-1	2-1	True	68	0.156	0.136	gain	TP	TP
chr17	79986454	79996494	10040	47	2	0	10	nested_a_in_b	nested_a_in_b	2-1	2-1	True	59	0.156	0.168	gain	TP	TP
chr17	79986454	79997005	10551	44	1	0	10	nested_a_in_b	nested_a_in_b	2-1	2-1	True	55	0.156	0.155	gain	TP	TP
chr17	79986454	79999243	12789	39	1	0	8	nested_a_in_b	nested_a_in_b	2-1	2-1	True	48	0.156	0.175	gain	TP	TP
chr17	79986454	79999850	13396	36	2	0	6	nested_a_in_b	nested_a_in_b	2-1	2-1	True	44	0.156	0.198	gain	TP	TP
chr17	79986454	80000548	14094	37	2	0	6	nested_a_in_b	nested_a_in_b	2-1	2-1	True	45	0.156	0.197	gain	TP	TP
chr17	79986454	80003901	17447	27	2	0	5	nested_a_in_b	nested_a_in_b	2-1	2-1	True	34	0.156	0.174	gain	TP	TP
chr17	79986454	80005657	19203	27	2	0	4	nested_a_in_b	nested_a_in_b	2-1	2-1	True	33	0.156	0.213	gain	TP	TP
chr17	79986454	80007757	21303	24	1	0	3	nested_a_in_b	nested_a_in_b	2-1	2-1	True	28	0.156	0.16	gain	TP	TP
chr17	79986454	80012945	26491	14	1	0	1	sparse	nested_a_in_b	2-1	2-1	True	16	0.156	0.157	gain	TP	TP
chr17	79986454	80014594	28140	7	1	0	1	sparse	nested_a_in_b	2-1	2-1	True	9	0.156	0.16	gain	TP	TP
chr17	79986454	80014751	28297	8	1	0	1	sparse	nested_a_in_b	2-1	2-1	True	10	0.156	0.171	gain	TP	TP
chr17	79986834	79992972	6138	64	1	0	12	nested_a_in_b	nested_a_in_b	2-1	2-1	True	77	0.15	0.161	gain	TP	TP
chr17	79986834	79994081	7247	55	2	0	11	nested_a_in_b	nested_a_in_b	2-1	2-1	True	68	0.15	0.154	gain	TP	TP
chr17	79986834	79994267	7433	52	1	0	10	nested_a_in_b	nested_a_in_b	2-1	2-1	True	63	0.15	0.144	gain	TP	TP
chr17	79986834	79994936	8102	54	1	0	10	nested_a_in_b	nested_a_in_b	2-1	2-1	True	65	0.15	0.155	gain	TP	TP
chr17	79986834	79995084	8250	57	1	0	9	nested_a_in_b	nested_a_in_b	2-1	2-1	True	67	0.15	0.136	gain	TP	TP
chr17	79986834	79996494	9660	47	1	0	10	nested_a_in_b	nested_a_in_b	2-1	2-1	True	58	0.15	0.168	gain	TP	TP
chr17	79986834	79997005	10171	43	1	0	10	nested_a_in_b	nested_a_in_b	2-1	2-1	True	54	0.15	0.155	gain	TP	TP
chr17	79986834	79999243	12409	38	1	0	8	nested_a_in_b	nested_a_in_b	2-1	2-1	True	47	0.15	0.175	gain	TP	TP
chr17	79986834	79999850	13016	36	1	0	6	nested_a_in_b	nested_a_in_b	2-1	2-1	True	43	0.15	0.198	gain	TP	TP
chr17	79986834	80000548	13714	36	2	0	6	nested_a_in_b	nested_a_in_b	2-1	2-1	True	44	0.15	0.197	gain	TP	TP
chr17	79986834	80003901	17067	27	2	0	5	nested_a_in_b	nested_a_in_b	2-1	2-1	True	34	0.15	0.174	gain	TP	TP
chr17	79986834	80005657	18823	27	2	0	4	nested_a_in_b	nested_a_in_b	2-1	2-1	True	33	0.15	0.213	gain	TP	TP
chr17	79986834	80007757	20923	25	1	0	3	nested_a_in_b	nested_a_in_b	2-1	2-1	True	29	0.15	0.16	gain	TP	TP
chr17	79986834	80012945	26111	14	1	0	1	sparse	nested_a_in_b	2-1	2-1	True	16	0.15	0.157	gain	TP	TP
chr17	79986834	80014594	27760	8	1	0	1	sparse	nested_a_in_b	2-1	2-1	True	10	0.15	0.16	gain	TP	TP
chr17	79986834	80014751	27917	9	1	0	1	sparse	nested_a_in_b	2-1	2-1	True	11	0.15	0.171	gain	TP	TP
chr17	79991120	79992972	1852	98	1	0	13	nested_a_in_b	nested_a_in_b	2-1	2-1	True	112	0.135	0.161	gain	TP	TP
chr17	79991120	79994081	2961	87	2	0	11	nested_a_in_b	nested_a_in_b	2-1	2-1	True	100	0.135	0.154	gain	TP	TP
chr17	79991120	79994267	3147	80	1	0	11	nested_a_in_b	nested_a_in_b	2-1	2-1	True	92	0.135	0.144	gain	TP	TP
chr17	79991120	79994936	3816	81	1	0	11	nested_a_in_b	nested_a_in_b	2-1	2-1	True	93	0.135	0.155	gain	TP	TP
chr17	79991120	79995084	3964	84	1	0	10	nested_a_in_b	nested_a_in_b	2-1	2-1	True	95	0.135	0.136	gain	TP	TP
chr17	79991120	79996494	5374	73	1	0	11	nested_a_in_b	nested_a_in_b	2-1	2-1	True	85	0.135	0.168	gain	TP	TP
chr17	79991120	79997005	5885	66	1	0	10	nested_a_in_b	nested_a_in_b	2-1	2-1	True	77	0.135	0.155	gain	TP	TP
chr17	79991120	79999243	8123	54	1	0	8	nested_a_in_b	nested_a_in_b	2-1	2-1	True	63	0.135	0.175	gain	TP	TP
chr17	79991120	79999850	8730	51	1	0	6	nested_a_in_b	nested_a_in_b	2-1	2-1	True	58	0.135	0.198	gain	TP	TP
chr17	79991120	80000548	9428	50	2	0	6	nested_a_in_b	nested_a_in_b	2-1	2-1	True	58	0.135	0.197	gain	TP	TP
chr17	79991120	80003901	12781	39	2	0	5	nested_a_in_b	nested_a_in_b	2-1	2-1	True	46	0.135	0.174	gain	TP	TP
chr17	79991120	80005657	14537	34	2	0	4	nested_a_in_b	nested_a_in_b	2-1	2-1	True	40	0.135	0.213	gain	TP	TP
chr17	79991120	80007757	16637	32	1	0	3	nested_a_in_b	nested_a_in_b	2-1	2-1	True	36	0.135	0.16	gain	TP	TP
chr17	79991120	80012945	21825	19	1	0	1	sparse	nested_a_in_b	2-1	2-1	True	21	0.135	0.157	gain	TP	TP
chr17	79991120	80014594	23474	11	1	0	1	sparse	nested_a_in_b	2-1	2-1	True	13	0.135	0.16	gain	TP	TP
chr17	79991120	80014751	23631	13	1	0	1	sparse	nested_a_in_b	2-1	2-1	True	15	0.135	0.171	gain	TP	TP
chr17	79992185	79992972	787	101	3	0	15	nested_a_in_b	nested_a_in_b	2-1	2-1	True	119	0.13	0.161	gain	TP	TP
chr17	79992185	79993553	1368	96	2	0	14	nested_a_in_b	nested_a_in_b	2-1	2-1	True	112	0.13	0.146	gain	TP	TP
chr17	79992185	79994081	1896	88	4	0	12	nested_a_in_b	nested_a_in_b	2-1	2-1	True	104	0.13	0.154	gain	TP	TP
chr17	79992185	79994267	2082	81	3	0	11	nested_a_in_b	nested_a_in_b	2-1	2-1	True	95	0.13	0.144	gain	TP	TP
chr17	79992185	79994936	2751	82	2	0	12	nested_a_in_b	nested_a_in_b	2-1	2-1	True	96	0.13	0.155	gain	TP	TP
chr17	79992185	79995084	2899	83	3	0	10	nested_a_in_b	nested_a_in_b	2-1	2-1	True	96	0.13	0.136	gain	TP	TP
chr17	79992185	79996494	4309	71	3	0	11	nested_a_in_b	nested_a_in_b	2-1	2-1	True	85	0.13	0.168	gain	TP	TP
chr17	79992185	79997005	4820	65	3	0	10	nested_a_in_b	nested_a_in_b	2-1	2-1	True	78	0.13	0.155	gain	TP	TP
chr17	79992185	79999239	7054	52	2	0	8	nested_a_in_b	nested_a_in_b	2-1	2-1	True	62	0.13	0.167	gain	TP	TP
chr17	79992185	79999243	7058	51	3	0	8	nested_a_in_b	nested_a_in_b	2-1	2-1	True	62	0.13	0.175	gain	TP	TP
chr17	79992185	79999850	7665	49	3	0	6	nested_a_in_b	nested_a_in_b	2-1	2-1	True	58	0.13	0.198	gain	TP	TP
chr17	79992185	80000548	8363	48	3	0	6	nested_a_in_b	nested_a_in_b	2-1	2-1	True	57	0.13	0.197	gain	TP	TP
chr17	79992185	80003901	11716	37	3	0	5	nested_a_in_b	nested_a_in_b	2-1	2-1	True	45	0.13	0.174	gain	TP	TP
chr17	79992185	80005657	13472	33	2	0	5	nested_a_in_b	nested_a_in_b	2-1	2-1	True	40	0.13	0.213	gain	TP	TP
chr17	79992185	80007757	15572	32	1	0	4	nested_a_in_b	nested_a_in_b	2-1	2-1	True	37	0.13	0.16	gain	TP	TP
chr17	79992185	80012945	20760	18	1	0	1	sparse	nested_a_in_b	2-1	2-1	True	20	0.13	0.157	gain	TP	TP
chr17	79992185	80014594	22409	12	1	0	1	sparse	nested_a_in_b	2-1	2-1	True	14	0.13	0.16	gain	TP	TP
chr17	79992185	80014751	22566	14	1	0	1	sparse	nested_a_in_b	2-1	2-1	True	16	0.13	0.171	gain	TP	TP
chr17	79992447	79992972	525	106	2	0	17	nested_a_in_b	nested_a_in_b	2-1	2-1	True	125	0.133	0.161	gain	TP	TP
chr17	79992447	79993553	1106	100	2	0	16	nested_a_in_b	nested_a_in_b	2-1	2-1	True	118	0.133	0.146	gain	TP	TP
chr17	79992447	79994081	1634	95	3	0	14	nested_a_in_b	nested_a_in_b	2-1	2-1	True	112	0.133	0.154	gain	TP	TP
chr17	79992447	79994267	1820	85	3	0	13	nested_a_in_b	nested_a_in_b	2-1	2-1	True	101	0.133	0.144	gain	TP	TP
chr17	79992447	79994936	2489	87	2	0	14	nested_a_in_b	nested_a_in_b	2-1	2-1	True	103	0.133	0.155	gain	TP	TP
chr17	79992447	79995084	2637	89	1	0	13	nested_a_in_b	nested_a_in_b	2-1	2-1	True	103	0.133	0.136	gain	TP	TP
chr17	79992447	79996494	4047	77	2	0	13	nested_a_in_b	nested_a_in_b	2-1	2-1	True	92	0.133	0.168	gain	TP	TP
chr17	79992447	79997005	4558	70	2	0	12	nested_a_in_b	nested_a_in_b	2-1	2-1	True	84	0.133	0.155	gain	TP	TP
chr17	79992447	79999239	6792	56	2	0	10	nested_a_in_b	nested_a_in_b	2-1	2-1	True	68	0.133	0.167	gain	TP	TP
chr17	79992447	79999243	6796	56	2	0	10	nested_a_in_b	nested_a_in_b	2-1	2-1	True	68	0.133	0.175	gain	TP	TP
chr17	79992447	79999850	7403	54	1	0	9	nested_a_in_b	nested_a_in_b	2-1	2-1	True	64	0.133	0.198	gain	TP	TP
chr17	79992447	80000548	8101	52	2	0	9	nested_a_in_b	nested_a_in_b	2-1	2-1	True	63	0.133	0.197	gain	TP	TP
chr17	79992447	80005657	13210	36	2	0	6	nested_a_in_b	nested_a_in_b	2-1	2-1	True	44	0.133	0.213	gain	TP	TP
chr17	79992447	80007757	15310	32	1	0	5	nested_a_in_b	nested_a_in_b	2-1	2-1	True	38	0.133	0.16	gain	TP	TP
chr17	79992447	80009397	16950	28	1	0	4	nested_a_in_b	nested_a_in_b	2-1	2-1	True	33	0.133	0.16	gain	TP	TP
chr17	79992447	80012945	20498	19	1	0	2	nested_a_in_b	nested_a_in_b	2-1	2-1	True	22	0.133	0.157	gain	TP	TP
chr17	79992447	80014594	22147	12	1	0	2	nested_a_in_b	nested_a_in_b	2-1	2-1	True	15	0.133	0.16	gain	TP	TP
chr17	79992447	80014751	22304	14	1	0	2	nested_a_in_b	nested_a_in_b	2-1	2-1	True	17	0.133	0.171	gain	TP	TP
chr17	79992972	79994081	1109	100	2	0	18	nested_a_in_b	nested_a_in_b	2-1	2-1	True	120	0.161	0.154	gain	TP	TP
chr17	79992972	79994267	1295	92	1	0	17	nested_a_in_b	nested_a_in_b	2-1	2-1	True	110	0.161	0.144	gain	TP	TP
chr17	79992972	79996494	3522	82	1	0	16	nested_a_in_b	nested_a_in_b	2-1	2-1	True	99	0.161	0.168	gain	TP	TP
chr17	79992972	79999850	6878	57	1	0	11	nested_a_in_b	nested_a_in_b	2-1	2-1	True	69	0.161	0.198	gain	TP	TP
chr17	79992972	80000548	7576	57	1	0	11	nested_a_in_b	nested_a_in_b	2-1	2-1	True	69	0.161	0.197	gain	TP	TP
chr17	79992972	80005657	12685	39	1	0	7	nested_a_in_b	nested_a_in_b	2-1	2-1	True	47	0.161	0.213	gain	TP	TP
chr17	79992972	80007757	14785	35	1	0	5	nested_a_in_b	nested_a_in_b	2-1	2-1	True	41	0.161	0.16	gain	TP	TP
chr17	79992972	80012945	19973	23	1	0	2	nested_a_in_b	nested_a_in_b	2-1	2-1	True	26	0.161	0.157	gain	TP	TP
chr17	79992972	80014594	21622	14	1	0	2	nested_a_in_b	nested_a_in_b	2-1	2-1	True	17	0.161	0.16	gain	TP	TP
chr17	79992972	80014751	21779	16	1	0	2	nested_a_in_b	nested_a_in_b	2-1	2-1	True	19	0.161	0.171	gain	TP	TP
chr17	79993553	79994081	528	104	3	0	17	nested_a_in_b	nested_a_in_b	2-1	2-1	True	124	0.146	0.154	gain	TP	TP
chr17	79993553	79994267	714	94	2	0	16	nested_a_in_b	nested_a_in_b	2-1	2-1	True	112	0.146	0.144	gain	TP	TP
chr17	79993553	79995084	1531	98	1	0	15	nested_a_in_b	nested_a_in_b	2-1	2-1	True	114	0.146	0.136	gain	TP	TP
chr17	79993553	79996494	2941	82	2	0	15	nested_a_in_b	nested_a_in_b	2-1	2-1	True	99	0.146	0.168	gain	TP	TP
chr17	79993553	79997005	3452	76	1	0	14	nested_a_in_b	nested_a_in_b	2-1	2-1	True	91	0.146	0.155	gain	TP	TP
chr17	79993553	79999243	5690	61	1	0	12	nested_a_in_b	nested_a_in_b	2-1	2-1	True	74	0.146	0.175	gain	TP	TP
chr17	79993553	79999850	6297	57	2	0	10	nested_a_in_b	nested_a_in_b	2-1	2-1	True	69	0.146	0.198	gain	TP	TP
chr17	79993553	80000548	6995	56	2	0	10	nested_a_in_b	nested_a_in_b	2-1	2-1	True	68	0.146	0.197	gain	TP	TP
chr17	79993553	80005657	12104	38	1	0	7	nested_a_in_b	nested_a_in_b	2-1	2-1	True	46	0.146	0.213	gain	TP	TP
chr17	79993553	80007757	14204	33	1	0	5	nested_a_in_b	nested_a_in_b	2-1	2-1	True	39	0.146	0.16	gain	TP	TP
chr17	79993553	80012945	19392	21	1	0	2	nested_a_in_b	nested_a_in_b	2-1	2-1	True	24	0.146	0.157	gain	TP	TP
chr17	79993553	80014594	21041	14	1	0	2	nested_a_in_b	nested_a_in_b	2-1	2-1	True	17	0.146	0.16	gain	TP	TP
chr17	79993553	80014751	21198	15	1	0	2	nested_a_in_b	nested_a_in_b	2-1	2-1	True	18	0.146	0.171	gain	TP	TP
chr17	79994081	80014594	20513	13	1	0	2	nested_a_in_b	nested_a_in_b	2-1	2-1	True	16	0.154	0.16	gain	TP	TP
chr17	79994936	79996494	1558	91	1	0	16	nested_a_in_b	nested_a_in_b	2-1	2-1	True	108	0.155	0.168	gain	TP	TP
chr17	79994936	79999850	4914	63	1	0	10	nested_a_in_b	nested_a_in_b	2-1	2-1	True	74	0.155	0.198	gain	TP	TP
chr17	79994936	80000548	5612	63	1	0	10	nested_a_in_b	nested_a_in_b	2-1	2-1	True	74	0.155	0.197	gain	TP	TP
chr17	79994936	80005657	10721	42	1	0	7	nested_a_in_b	nested_a_in_b	2-1	2-1	True	50	0.155	0.213	gain	TP	TP
chr17	79994936	80007757	12821	39	1	0	5	nested_a_in_b	nested_a_in_b	2-1	2-1	True	45	0.155	0.16	gain	TP	TP
chr17	79994936	80012945	18009	24	2	0	2	nested_a_in_b	nested_a_in_b	2-1	2-1	True	28	0.155	0.157	gain	TP	TP
chr17	79994936	80014594	19658	17	1	0	2	nested_a_in_b	nested_a_in_b	2-1	2-1	True	20	0.155	0.16	gain	TP	TP
chr17	79995084	79996494	1410	95	1	0	16	nested_a_in_b	nested_a_in_b	2-1	2-1	True	112	0.136	0.168	gain	TP	TP
chr17	79995084	79999850	4766	66	1	0	11	nested_a_in_b	nested_a_in_b	2-1	2-1	True	78	0.136	0.198	gain	TP	TP
chr17	79995084	80000548	5464	66	1	0	11	nested_a_in_b	nested_a_in_b	2-1	2-1	True	78	0.136	0.197	gain	TP	TP
chr17	79995084	80005657	10573	44	1	0	7	nested_a_in_b	nested_a_in_b	2-1	2-1	True	52	0.136	0.213	gain	TP	TP
chr17	79995084	80007757	12673	40	1	0	5	nested_a_in_b	nested_a_in_b	2-1	2-1	True	46	0.136	0.16	gain	TP	TP
chr17	79995084	80012945	17861	25	2	0	2	nested_a_in_b	nested_a_in_b	2-1	2-1	True	29	0.136	0.157	gain	TP	TP
chr17	79995084	80014594	19510	17	1	0	2	nested_a_in_b	nested_a_in_b	2-1	2-1	True	20	0.136	0.16	gain	TP	TP
chr17	79995084	80014751	19667	19	1	0	2	nested_a_in_b	nested_a_in_b	2-1	2-1	True	22	0.136	0.171	gain	TP	TP
chr17	79995249	79996494	1245	96	3	0	15	nested_a_in_b	nested_a_in_b	2-1	2-1	True	114	0.142	0.168	gain	TP	TP
chr17	79995249	79997005	1756	89	2	0	13	nested_a_in_b	nested_a_in_b	2-1	2-1	True	104	0.142	0.155	gain	TP	TP
chr17	79995249	79999243	3994	73	2	0	11	nested_a_in_b	nested_a_in_b	2-1	2-1	True	86	0.142	0.175	gain	TP	TP
chr17	79995249	79999850	4601	67	3	0	9	nested_a_in_b	nested_a_in_b	2-1	2-1	True	79	0.142	0.198	gain	TP	TP
chr17	79995249	80000548	5299	67	3	0	9	nested_a_in_b	nested_a_in_b	2-1	2-1	True	79	0.142	0.197	gain	TP	TP
chr17	79995249	80005657	10408	45	2	0	6	nested_a_in_b	nested_a_in_b	2-1	2-1	True	53	0.142	0.213	gain	TP	TP
chr17	79995249	80007757	12508	40	1	0	5	nested_a_in_b	nested_a_in_b	2-1	2-1	True	46	0.142	0.16	gain	TP	TP
chr17	79995249	80009397	14148	34	1	0	4	nested_a_in_b	nested_a_in_b	2-1	2-1	True	39	0.142	0.16	gain	TP	TP
chr17	79995249	80012945	17696	25	2	0	2	nested_a_in_b	nested_a_in_b	2-1	2-1	True	29	0.142	0.157	gain	TP	TP
chr17	79995249	80014594	19345	17	1	0	2	nested_a_in_b	nested_a_in_b	2-1	2-1	True	20	0.142	0.16	gain	TP	TP
chr17	79995249	80014751	19502	19	1	0	2	nested_a_in_b	nested_a_in_b	2-1	2-1	True	22	0.142	0.171	gain	TP	TP
chr17	79996494	80007757	11263	43	1	0	5	nested_a_in_b	nested_a_in_b	2-1	2-1	True	49	0.168	0.16	gain	TP	TP
chr17	79996494	80014594	18100	20	1	0	3	nested_a_in_b	nested_a_in_b	2-1	2-1	True	24	0.168	0.16	gain	TP	TP
chr17	79996494	80014751	18257	22	1	0	3	nested_a_in_b	nested_a_in_b	2-1	2-1	True	26	0.168	0.171	gain	TP	TP
chr17	79997005	79999850	2845	75	1	0	16	nested_a_in_b	nested_a_in_b	2-1	2-1	True	92	0.155	0.198	gain	TP	TP
chr17	79997005	80005657	8652	49	1	0	9	nested_a_in_b	nested_a_in_b	2-1	2-1	True	59	0.155	0.213	gain	TP	TP
chr17	79997005	80007757	10752	45	1	0	6	nested_a_in_b	nested_a_in_b	2-1	2-1	True	52	0.155	0.16	gain	TP	TP
chr17	79997005	80012945	15940	29	2	0	3	nested_a_in_b	nested_a_in_b	2-1	2-1	True	34	0.155	0.157	gain	TP	TP
chr17	79997005	80014594	17589	21	1	0	3	nested_a_in_b	nested_a_in_b	2-1	2-1	True	25	0.155	0.16	gain	TP	TP
chr17	79997005	80014751	17746	23	1	0	3	nested_a_in_b	nested_a_in_b	2-1	2-1	True	27	0.155	0.171	gain	TP	TP
chr17	79997828	79999243	1415	84	1	0	18	nested_a_in_b	nested_a_in_b	2-1	2-1	True	103	0.164	0.175	gain	TP	TP
chr17	79997828	79999850	2022	78	1	0	16	nested_a_in_b	nested_a_in_b	2-1	2-1	True	95	0.164	0.198	gain	TP	TP
chr17	79997828	80005657	7829	51	2	0	8	nested_a_in_b	nested_a_in_b	2-1	2-1	True	61	0.164	0.213	gain	TP	TP
chr17	79997828	80007757	9929	46	2	0	5	nested_a_in_b	nested_a_in_b	2-1	2-1	True	53	0.164	0.16	gain	TP	TP
chr17	79997828	80009397	11569	39	1	0	6	nested_a_in_b	nested_a_in_b	2-1	2-1	True	46	0.164	0.16	gain	TP	TP
chr17	79997828	80012945	15117	28	3	0	2	nested_a_in_b	nested_a_in_b	2-1	2-1	True	33	0.164	0.157	gain	TP	TP
chr17	79997828	80014594	16766	22	2	0	2	nested_a_in_b	nested_a_in_b	2-1	2-1	True	26	0.164	0.16	gain	TP	TP
chr17	79997828	80014711	16883	24	1	0	2	nested_a_in_b	nested_a_in_b	2-1	2-1	True	27	0.164	0.165	gain	TP	TP
chr17	79997828	80014751	16923	24	2	0	2	nested_a_in_b	nested_a_in_b	2-1	2-1	True	28	0.164	0.171	gain	TP	TP
chr17	79997828	80015777	17949	22	1	0	2	nested_a_in_b	nested_a_in_b	2-1	2-1	True	25	0.164	0.156	gain	TP	TP
chr17	79997828	80023538	25710	12	1	0	1	sparse	nested_a_in_b	2-1	2-1	True	14	0.164	0.139	gain	TP	TP
chr17	79997828	80027284	29456	8	1	0	1	sparse	nested_a_in_b	2-1	2-1	True	10	0.164	0.132	gain	TP	TP
chr17	79997828	80027296	29468	8	1	0	1	sparse	nested_a_in_b	2-1	2-1	True	10	0.164	0.125	gain	TP	TP
chr17	79997828	80027500	29672	8	1	0	1	sparse	nested_a_in_b	2-1	2-1	True	10	0.164	0.136	gain	TP	TP
chr17	79999239	79999243	4	99	1	0	20	nested_a_in_b	nested_a_in_b	2-1	2-1	True	120	0.167	0.175	gain	TP	TP
chr17	79999239	79999850	611	84	2	0	18	nested_a_in_b	nested_a_in_b	2-1	2-1	True	104	0.167	0.198	gain	TP	TP
chr17	79999239	80005657	6418	53	1	0	9	nested_a_in_b	nested_a_in_b	2-1	2-1	True	63	0.167	0.213	gain	TP	TP
chr17	79999239	80007757	8518	49	1	0	7	nested_a_in_b	nested_a_in_b	2-1	2-1	True	57	0.167	0.16	gain	TP	TP
chr17	79999239	80014594	15355	23	1	0	4	nested_a_in_b	nested_a_in_b	2-1	2-1	True	28	0.167	0.16	gain	TP	TP
chr17	79999239	80014751	15512	25	1	0	4	nested_a_in_b	nested_a_in_b	2-1	2-1	True	30	0.167	0.171	gain	TP	TP
chr17	79999243	79999850	607	84	1	0	19	nested_a_in_b	nested_a_in_b	2-1	2-1	True	104	0.175	0.198	gain	TP	TP
chr17	79999243	80005657	6414	53	1	0	9	nested_a_in_b	nested_a_in_b	2-1	2-1	True	63	0.175	0.213	gain	TP	TP
chr17	79999243	80007757	8514	49	1	0	7	nested_a_in_b	nested_a_in_b	2-1	2-1	True	57	0.175	0.16	gain	TP	TP
chr17	79999243	80014594	15351	23	1	0	4	nested_a_in_b	nested_a_in_b	2-1	2-1	True	28	0.175	0.16	gain	TP	TP
chr17	79999243	80014751	15508	25	1	0	4	nested_a_in_b	nested_a_in_b	2-1	2-1	True	30	0.175	0.171	gain	TP	TP
chr17	79999850	80007757	7907	49	1	0	7	nested_a_in_b	nested_a_in_b	2-1	2-1	True	57	0.198	0.16	gain	TP	TP
chr17	79999850	80014751	14901	24	1	0	4	nested_a_in_b	nested_a_in_b	2-1	2-1	True	29	0.198	0.171	gain	TP	TP
chr17	80000548	80005657	5109	61	2	0	12	nested_a_in_b	nested_a_in_b	2-1	2-1	True	75	0.197	0.213	gain	TP	TP
chr17	80000548	80027500	26952	9	1	0	2	nested_a_in_b	nested_a_in_b	2-1	2-1	True	12	0.197	0.136	gain	TP	TP
chr17	80003901	80027500	23599	14	1	0	2	nested_a_in_b	nested_a_in_b	2-1	2-1	True	17	0.174	0.136	gain	TP	TP
chr17	80007757	80014594	6837	55	2	0	9	nested_a_in_b	nested_a_in_b	2-1	2-1	True	66	0.16	0.16	gain	TP	TP
chr17	80007757	80014711	6954	56	1	0	9	nested_a_in_b	nested_a_in_b	2-1	2-1	True	66	0.16	0.165	gain	TP	TP
chr17	80007757	80014751	6994	55	2	0	9	nested_a_in_b	nested_a_in_b	2-1	2-1	True	66	0.16	0.171	gain	TP	TP
chr17	80007757	80015777	8020	55	1	0	9	nested_a_in_b	nested_a_in_b	2-1	2-1	True	65	0.16	0.156	gain	TP	TP
chr17	80007757	80020081	12324	41	1	0	5	nested_a_in_b	nested_a_in_b	2-1	2-1	True	47	0.16	0.156	gain	TP	TP
chr17	80007757	80021160	13403	39	1	0	5	nested_a_in_b	nested_a_in_b	2-1	2-1	True	45	0.16	0.167	gain	TP	TP
chr17	80007757	80027500	19743	21	1	0	2	nested_a_in_b	nested_a_in_b	2-1	2-1	True	24	0.16	0.136	gain	TP	TP
chr17	80009397	80014594	5197	71	3	0	9	nested_a_in_b	nested_a_in_b	2-1	2-1	True	83	0.16	0.16	gain	TP	TP
chr17	80009397	80014711	5314	70	2	0	9	nested_a_in_b	nested_a_in_b	2-1	2-1	True	81	0.16	0.165	gain	TP	TP
chr17	80009397	80014751	5354	70	3	0	9	nested_a_in_b	nested_a_in_b	2-1	2-1	True	82	0.16	0.171	gain	TP	TP
chr17	80009397	80015777	6380	69	2	0	9	nested_a_in_b	nested_a_in_b	2-1	2-1	True	80	0.16	0.156	gain	TP	TP
chr17	80009397	80027284	17887	26	1	0	3	nested_a_in_b	nested_a_in_b	2-1	2-1	True	30	0.16	0.132	gain	TP	TP
chr17	80009397	80027296	17899	26	1	0	3	nested_a_in_b	nested_a_in_b	2-1	2-1	True	30	0.16	0.125	gain	TP	TP
chr17	80009397	80027500	18103	23	2	0	3	nested_a_in_b	nested_a_in_b	2-1	2-1	True	28	0.16	0.136	gain	TP	TP
chr17	80014594	80027500	12906	31	1	0	5	nested_a_in_b	nested_a_in_b	2-1	2-1	True	37	0.16	0.136	gain	TP	TP
chr17	80014751	80027500	12749	31	1	0	5	nested_a_in_b	nested_a_in_b	2-1	2-1	True	37	0.171	0.136	gain	TP	TP
chr17	80015777	80027500	11723	35	1	0	6	nested_a_in_b	nested_a_in_b	2-1	2-1	True	42	0.156	0.136	gain	TP	TP
chr17	80020081	80027284	7203	58	1	0	8	nested_a_in_b	nested_a_in_b	2-1	2-1	True	67	0.156	0.132	gain	TP	TP
chr17	80020081	80027500	7419	55	2	0	8	nested_a_in_b	nested_a_in_b	2-1	2-1	True	65	0.156	0.136	gain	TP	TP
chr17	80020081	80031699	11618	41	1	0	3	nested_a_in_b	nested_a_in_b	2-1	2-1	True	45	0.156	0.12	gain	TP	TP
chr17	80020081	80033852	13771	31	1	0	2	nested_a_in_b	nested_a_in_b	2-1	2-1	True	34	0.156	0.148	gain	TP	TP
chr17	80020081	80045142	25061	11	1	0	1	sparse	nested_a_in_b	2-1	2-1	True	13	0.156	0.15	gain	TP	TP
chr17	80021160	80027284	6124	65	1	0	10	nested_a_in_b	nested_a_in_b	2-1	2-1	True	76	0.167	0.132	gain	TP	TP
chr17	80021160	80027500	6340	62	2	0	10	nested_a_in_b	nested_a_in_b	2-1	2-1	True	74	0.167	0.136	gain	TP	TP
chr17	80021160	80031699	10539	46	1	0	5	nested_a_in_b	nested_a_in_b	2-1	2-1	True	52	0.167	0.12	gain	TP	TP
chr17	80021160	80033852	12692	36	1	0	4	nested_a_in_b	nested_a_in_b	2-1	2-1	True	41	0.167	0.148	gain	TP	TP
chr17	80021160	80045142	23982	15	1	0	2	nested_a_in_b	nested_a_in_b	2-1	2-1	True	18	0.167	0.15	gain	TP	TP
chr17	80023538	80027500	3962	77	1	0	13	nested_a_in_b	nested_a_in_b	2-1	2-1	True	91	0.139	0.136	gain	TP	TP
chr17	80027296	80031699	4403	72	1	0	9	nested_a_in_b	nested_a_in_b	2-1	2-1	True	82	0.125	0.12	gain	TP	TP
chr17	80027296	80033852	6556	59	1	0	7	nested_a_in_b	nested_a_in_b	2-1	2-1	True	67	0.125	0.148	gain	TP	TP
chr17	80028315	80031699	3384	77	4	0	7	nested_a_in_b	nested_a_in_b	2-1	2-1	True	88	0.109	0.12	gain	TP	TP
chr17	80028315	80033852	5537	62	3	0	5	nested_a_in_b	nested_a_in_b	2-1	2-1	True	70	0.109	0.148	gain	TP	TP
chr17	80028315	80042586	14271	31	1	0	4	nested_a_in_b	nested_a_in_b	2-1	2-1	True	36	0.109	0.158	gain	TP	TP
chr17	80028315	80045142	16827	26	2	0	3	nested_a_in_b	nested_a_in_b	2-1	2-1	True	31	0.109	0.15	gain	TP	TP
chr17	80028315	80046459	18144	26	1	0	3	nested_a_in_b	nested_a_in_b	2-1	2-1	True	30	0.109	0.176	gain	TP	TP
chr17	80046459	80052870	6411	87	1	0	18	nested_a_in_b	nested_a_in_b	2-1	2-1	True	106	0.176	0.166	gain	TP	TP
chr17	80049598	80052870	3272	104	1	0	20	nested_a_in_b	nested_a_in_b	2-1	2-1	True	125	0.155	0.166	gain	TP	TP
chr17	80072099	80072284	185	104	2	0	28	nested_a_in_b	nested_a_in_b	2-1	2-1	True	134	0.209	0.219	gain	TP	TP
chr17	81117849	81147182	29333	5	4	0	2	nested_a_in_b	nested_a_in_b	1-1	1-1	True	11	0.199	0.403	gain	TP	TP
chr22	11348424	11349897	1473	99	1	0	54	nested_a_in_b	nested_a_in_b	1-1	1-1	True	154	0.331	0.361	neutral	TP	TP
chr22	16919371	16944002	24631	0	3	0	4	nested_a_in_b	nested_a_in_b	1-1	1-1	True	7	0.431	0.918	loh	TP	TP
chr22	18997796	19009253	11457	2	8	0	11	nested_a_in_b	nested_a_in_b	1-1	1-1	True	21	0.469	0.902	loh	TP	TP
chr22	20065629	20080503	14874	1	1	0	14	nested_a_in_b	nested_a_in_b	1-1	1-1	True	16	0.951	0.955	loh	TP	TP
chr22	22816187	22816392	205	57	7	0	76	nested_a_in_b	nested_a_in_b	1-1	1-1	True	140	0.541	0.583	gain	TP	TP
chr22	22816187	22817936	1749	48	10	0	67	nested_a_in_b	nested_a_in_b	1-1	1-1	True	125	0.541	0.617	gain	TP	TP
chr22	22816187	22818799	2612	44	6	0	62	nested_a_in_b	nested_a_in_b	1-1	1-1	True	112	0.541	0.593	gain	TP	TP
chr22	22816392	22817936	1544	50	3	0	73	nested_a_in_b	nested_a_in_b	1-1	1-1	True	126	0.583	0.617	gain	TP	TP
chr22	22816742	22817936	1194	54	5	0	74	nested_a_in_b	nested_a_in_b	1-1	1-1	True	133	0.581	0.617	gain	TP	TP
chr22	22816742	22818799	2057	48	2	0	69	nested_a_in_b	nested_a_in_b	1-1	1-1	True	119	0.581	0.593	gain	TP	TP
chr22	22818223	22818799	576	53	1	0	80	nested_a_in_b	nested_a_in_b	1-1	1-1	True	134	0.574	0.593	gain	TP	TP
chr22	22818805	22820272	1467	51	1	0	71	nested_a_in_b	nested_a_in_b	3	3	True	123	0.569	0.599	gain	TP	TP
chr22	22818805	22827549	8744	24	1	0	40	nested_a_in_b	nested_a_in_b	3	3	True	65	0.569	0.574	gain	TP	TP
chr22	22818805	22829773	10968	20	2	0	32	nested_a_in_b	nested_a_in_b	3	3	True	54	0.569	0.539	gain	TP	TP
chr22	22821823	22829773	7950	24	2	0	34	nested_a_in_b	nested_a_in_b	3	3	True	60	0.59	0.539	gain	TP	TP
chr22	22824726	22826381	1655	46	1	0	58	nested_a_in_b	nested_a_in_b	3	3	True	105	0.58	0.585	gain	TP	TP
chr22	22824726	22835697	10971	24	1	0	28	nested_a_in_b	nested_a_in_b	3	3	True	53	0.58	0.524	gain	TP	TP
chr22	22824726	22836523	11797	22	1	0	24	nested_a_in_b	nested_a_in_b	3	3	True	47	0.58	0.525	gain	TP	TP
chr22	22825895	22826381	486	49	1	0	68	nested_a_in_b	nested_a_in_b	3	3	True	118	0.588	0.585	gain	TP	TP
chr22	22825895	22835697	9802	26	1	0	35	nested_a_in_b	nested_a_in_b	3	3	True	62	0.588	0.524	gain	TP	TP
chr22	22825895	22836523	10628	24	1	0	30	nested_a_in_b	nested_a_in_b	3	3	True	55	0.588	0.525	gain	TP	TP
chr22	22826360	22826381	21	51	3	0	68	nested_a_in_b	nested_a_in_b	3	3	True	122	0.56	0.585	gain	TP	TP
chr22	22826360	22829558	3198	41	1	0	50	nested_a_in_b	nested_a_in_b	3	3	True	92	0.56	0.538	gain	TP	TP
chr22	22826360	22835697	9337	27	1	0	34	nested_a_in_b	nested_a_in_b	3	3	True	62	0.56	0.524	gain	TP	TP
chr22	22826360	22836523	10163	25	1	0	29	nested_a_in_b	nested_a_in_b	3	3	True	55	0.56	0.525	gain	TP	TP
chr22	22826381	22835697	9316	26	1	0	35	nested_a_in_b	nested_a_in_b	3	3	True	62	0.585	0.524	gain	TP	TP
chr22	22826381	22836523	10142	24	1	0	30	nested_a_in_b	nested_a_in_b	3	3	True	55	0.585	0.525	gain	TP	TP
chr22	22827408	22829558	2150	47	1	0	58	nested_a_in_b	nested_a_in_b	3	3	True	106	0.55	0.538	gain	TP	TP
chr22	22827408	22835697	8289	31	2	0	38	nested_a_in_b	nested_a_in_b	3	3	True	71	0.55	0.524	gain	TP	TP
chr22	22827408	22836523	9115	29	2	0	31	nested_a_in_b	nested_a_in_b	3	3	True	62	0.55	0.525	gain	TP	TP
chr22	22827408	22837001	9593	31	1	0	30	nested_a_in_b	nested_a_in_b	3	3	True	62	0.55	0.469	gain	TP	TP
chr22	22827408	22837081	9673	28	1	0	30	nested_a_in_b	nested_a_in_b	3	3	True	59	0.55	0.477	gain	TP	TP
chr22	22829095	22829558	463	56	2	0	66	nested_a_in_b	nested_a_in_b	3	3	True	124	0.531	0.538	gain	TP	TP
chr22	22829095	22835697	6602	36	3	0	40	nested_a_in_b	nested_a_in_b	3	3	True	79	0.531	0.524	gain	TP	TP
chr22	22829095	22836523	7428	34	2	0	34	nested_a_in_b	nested_a_in_b	3	3	True	70	0.531	0.525	gain	TP	TP
chr22	22829095	22837001	7906	36	1	0	33	nested_a_in_b	nested_a_in_b	3	3	True	70	0.531	0.469	gain	TP	TP
chr22	22829095	22837081	7986	33	1	0	33	nested_a_in_b	nested_a_in_b	3	3	True	67	0.531	0.477	gain	TP	TP
chr22	22829558	22835697	6139	39	1	0	42	nested_a_in_b	nested_a_in_b	3	3	True	82	0.538	0.524	gain	TP	TP
chr22	22829558	22836523	6965	37	1	0	35	nested_a_in_b	nested_a_in_b	3	3	True	73	0.538	0.525	gain	TP	TP
chr22	22829773	22835697	5924	39	3	0	39	nested_a_in_b	nested_a_in_b	3	3	True	81	0.539	0.524	gain	TP	TP
chr22	22830309	22835697	5388	42	2	0	44	nested_a_in_b	nested_a_in_b	3	3	True	88	0.526	0.524	gain	TP	TP
chr22	22830309	22836523	6214	40	1	0	38	nested_a_in_b	nested_a_in_b	3	3	True	79	0.526	0.525	gain	TP	TP
chr22	22835697	22836523	826	60	2	0	64	nested_a_in_b	nested_a_in_b	3	3	True	126	0.524	0.525	gain	TP	TP
chr22	22836377	22880028	43651	3	1	0	2	nested_a_in_b	nested_a_in_b	3	3	True	6	0.444	0.544	gain	TP	TP
chr22	22836377	22880306	43929	3	1	0	2	nested_a_in_b	nested_a_in_b	3	3	True	6	0.444	0.566	gain	TP	TP
chr22	22880028	22881081	1053	43	4	0	45	nested_a_in_b	nested_a_in_b	3	3	True	92	0.544	0.545	gain	TP	TP
chr22	22880028	22883190	3162	36	4	0	48	nested_a_in_b	nested_a_in_b	3	3	True	88	0.544	0.592	gain	TP	TP
chr22	22880028	22885356	5328	30	4	0	41	nested_a_in_b	nested_a_in_b	3	3	True	75	0.544	0.574	gain	TP	TP
chr22	22880306	22881081	775	44	1	0	51	nested_a_in_b	nested_a_in_b	3	3	True	96	0.566	0.545	gain	TP	TP
chr22	22880306	22883190	2884	37	1	0	54	nested_a_in_b	nested_a_in_b	3	3	True	92	0.566	0.592	gain	TP	TP
chr22	22880306	22885356	5050	31	1	0	45	nested_a_in_b	nested_a_in_b	3	3	True	77	0.566	0.574	gain	TP	TP
chr22	22881098	22883190	2092	37	2	0	55	nested_a_in_b	nested_a_in_b	3	3	True	94	0.592	0.592	gain	TP	TP
chr22	23353013	23372522	19509	14	2	0	12	nested_a_in_b	nested_a_in_b	1-1	1-1	True	28	0.377	0.383	gain	TP	TP
chr22	23397367	23421352	23985	6	7	0	7	nested_a_in_b	nested_a_in_b	2-1	2-1	True	20	0.197	0.538	gain	TP	TP
chr22	23397367	23426573	29206	3	6	0	6	nested_a_in_b	nested_a_in_b	2-1	2-1	True	15	0.197	0.606	gain	TP	TP
chr22	23405540	23421352	15812	13	12	0	10	nested_a_in_b	nested_a_in_b	2-1	2-1	True	35	0.184	0.538	gain	TP	TP
chr22	23405540	23426573	21033	8	11	0	9	nested_a_in_b	nested_a_in_b	2-1	2-1	True	28	0.184	0.606	gain	TP	TP
chr22	23751344	23765262	13918	19	2	0	17	nested_a_in_b	nested_a_in_b	2-1	2-1	True	38	0.421	0.396	gain	TP	TP
chr22	23934091	23954295	20204	0	8	0	8	nested_a_in_b	nested_a_in_b	1-1	1-1	True	16	0.384	0.693	gain	TP	TP
chr22	24283632	24308730	25098	8	1	0	4	nested_a_in_b	nested_a_in_b	1-1	1-1	True	13	0.382	0.355	gain	TP	TP
chr22	24306078	24326010	19932	19	9	0	5	nested_a_in_b	nested_a_in_b	2-1	2-1	True	33	0.21	0.497	gain	TP	TP
chr22	24324120	24351743	27623	9	1	0	4	nested_a_in_b	nested_a_in_b	1-1	1-1	True	14	0.458	0.403	gain	TP	TP
chr22	26114981	26118322	3341	43	11	0	16	nested_a_in_b	nested_a_in_b	2-1	2-1	True	70	0.265	0.405	gain	TP	TP
chr22	27186978	27193311	6333	22	1	0	26	nested_a_in_b	nested_a_in_b	1-1	1-1	True	49	0.529	0.469	gain	TP	TP
chr22	27664642	27687637	22995	8	3	0	2	nested_a_in_b	nested_a_in_b	1-1	1-1	True	13	0.19	0.514	gain	TP	TP
chr22	28182564	28209581	27017	2	3	0	1	mutual_excl	nested_a_in_b	1-1	1-1	True	6	0.274	0.583	gain	TP	TP
chr22	30404239	30404924	685	58	1	0	67	nested_a_in_b	nested_a_in_b	2-1	2-1	True	126	0.519	0.545	gain	TP	TP
chr22	30404239	30404925	686	57	1	0	67	nested_a_in_b	nested_a_in_b	2-1	2-1	True	125	0.519	0.554	gain	TP	TP
chr22	30995731	31017300	21569	12	1	0	11	nested_a_in_b	nested_a_in_b	2-1	2-1	True	24	0.496	0.51	gain	TP	TP
chr22	32893307	32905661	12354	17	2	0	25	nested_a_in_b	nested_a_in_b	2-1	2-1	True	44	0.589	0.625	gain	TP	TP
chr22	35199182	35217462	18280	19	1	0	9	nested_a_in_b	nested_a_in_b	2-1	2-1	True	29	0.397	0.372	gain	TP	TP
chr22	38487663	38505558	17895	7	1	0	6	nested_a_in_b	nested_a_in_b	2-1	2-1	True	14	0.274	0.259	gain	TP	TP
chr22	39025819	39031339	5520	13	29	0	14	nested_a_in_b	nested_a_in_b	2-1	2-1	True	56	0.223	0.804	gain	TP	TP
chr22	44379027	44396017	16990	6	17	0	3	nested_a_in_b	nested_a_in_b	2-1	2-1	True	26	0.143	0.697	gain	TP	TP
chr22	44547203	44570681	23478	4	1	0	5	nested_a_in_b	nested_a_in_b	2-1	2-1	True	10	0.542	0.508	gain	TP	TP
chr22	44547203	44570682	23479	4	1	0	5	nested_a_in_b	nested_a_in_b	2-1	2-1	True	10	0.542	0.529	gain	TP	TP
chr22	45330831	45355519	24688	5	7	0	3	nested_a_in_b	nested_a_in_b	2-1	2-1	True	15	0.183	0.703	gain	TP	TP
chr22	48592293	48592294	1	79	3	0	27	nested_a_in_b	nested_a_in_b	1-1	1-1	True	109	0.248	0.27	gain	TP	TP
chr22	49040971	49067997	27026	3	12	0	5	nested_a_in_b	nested_a_in_b	2-1	2-1	True	20	0.23	0.737	gain	TP	TP
chr3	718033	739719	21686	0	9	0	6	nested_a_in_b	nested_a_in_b	2-1	2-1	True	15	0.389	0.968	gain	TP	TP
chr3	868760	890773	22013	1	6	0	3	nested_a_in_b	nested_a_in_b	2-1	2-1	True	10	0.385	0.7	gain	TP	TP
chr3	868760	890774	22014	1	6	0	3	nested_a_in_b	nested_a_in_b	2-1	2-1	True	10	0.385	0.725	gain	TP	TP
chr3	954493	970697	16204	0	18	0	11	nested_a_in_b	nested_a_in_b	2-1	2-1	True	29	0.357	0.967	gain	TP	TP
chr3	1842434	1855199	12765	0	26	0	5	nested_a_in_b	nested_a_in_b	2-1	2-1	True	31	0.098	0.976	gain	FP	TP
chr3	4198764	4217724	18960	0	2	0	21	nested_a_in_b	nested_a_in_b	2-1	2-1	True	23	0.924	0.892	gain	TP	TP
chr3	4874026	4876506	2480	4	1	0	62	nested_a_in_b	nested_a_in_b	2-1	2-1	True	67	0.924	0.943	gain	TP	TP
chr3	5461933	5471993	10060	5	16	0	7	nested_a_in_b	nested_a_in_b	2-1	2-1	True	28	0.311	0.9	gain	TP	TP
chr3	5686664	5688145	1481	2	2	0	65	nested_a_in_b	nested_a_in_b	2-1	2-1	True	69	0.938	0.974	gain	TP	TP
chr3	9189334	9195875	6541	1	15	0	33	nested_a_in_b	nested_a_in_b	2-1	2-1	True	49	0.685	0.963	gain	TP	TP
chr3	11265138	11286217	21079	0	11	0	2	nested_a_in_b	nested_a_in_b	1-1	1-1	True	13	0.24	0.975	gain	TP	TP
chr3	11265445	11286217	20772	0	12	0	1	mutual_excl	nested_a_in_b	1-1	1-1	True	13	0.286	0.975	gain	TP	TP
chr3	12753698	12777070	23372	0	11	0	3	nested_a_in_b	nested_a_in_b	2-1	2-1	True	14	0.232	0.968	gain	TP	TP
chr3	13656805	13670358	13553	0	16	0	2	nested_a_in_b	nested_a_in_b	2-1	2-1	True	18	0.094	0.931	gain	TP	TP
chr3	17989134	18001487	12353	25	12	0	3	nested_a_in_b	nested_a_in_b	1-1	1-1	True	40	0.067	0.358	gain	FP	TP
chr3	20299363	20303936	4573	0	1	0	49	nested_a_in_b	nested_a_in_b	2-1	2-1	True	50	0.974	0.974	gain	TP	TP
chr3	21090737	21104651	13914	0	2	0	30	nested_a_in_b	nested_a_in_b	1-1	1-1	True	32	0.953	0.989	gain	TP	TP
chr3	21739321	21752143	12822	2	17	0	6	nested_a_in_b	nested_a_in_b	1-1	1-1	True	25	0.26	0.954	gain	TP	TP
chr3	21739321	21754699	15378	2	13	0	5	nested_a_in_b	nested_a_in_b	1-1	1-1	True	20	0.26	0.977	gain	TP	TP
chr3	21752143	21754699	2556	2	2	0	62	nested_a_in_b	nested_a_in_b	1-1	1-1	True	66	0.954	0.977	gain	TP	TP
chr3	21875263	21892082	16819	15	2	0	7	nested_a_in_b	nested_a_in_b	2-1	2-1	True	24	0.106	0.379	gain	FP	TP
chr3	22156499	22168112	11613	0	21	0	9	nested_a_in_b	nested_a_in_b	1-1	1-1	True	30	0.277	0.976	gain	TP	TP
chr3	22192665	22203284	10619	1	1	0	39	nested_a_in_b	nested_a_in_b	1-1	1-1	True	41	0.97	0.989	gain	TP	TP
chr3	22195562	22203284	7722	1	1	0	45	nested_a_in_b	nested_a_in_b	1-1	1-1	True	47	0.979	0.989	gain	TP	TP
chr3	28032981	28053004	20023	4	2	0	5	nested_a_in_b	nested_a_in_b	2-1	2-1	True	11	0.378	0.684	gain	TP	TP
chr3	29473041	29502442	29401	0	4	0	3	nested_a_in_b	nested_a_in_b	1-1	1-1	True	7	0.092	0.988	gain	FP	TP
chr3	31494670	31517016	22346	1	14	0	2	nested_a_in_b	nested_a_in_b	2-1	2-1	True	17	0.356	0.916	gain	TP	TP
chr3	36389925	36428601	38676	0	5	0	1	mutual_excl	nested_a_in_b	2-1	2-1	True	6	0.33	0.935	gain	TP	TP
chr3	36458194	36466489	8295	0	23	0	9	nested_a_in_b	nested_a_in_b	2-1	2-1	True	32	0.281	1.0	gain	TP	TP
chr3	37818954	37837071	18117	0	1	0	17	nested_a_in_b	nested_a_in_b	1-1	1-1	True	18	0.904	0.922	gain	TP	TP
chr3	38935843	38942069	6226	2	2	0	38	nested_a_in_b	nested_a_in_b	2-1	2-1	True	42	0.868	0.976	gain	TP	TP
chr3	39865509	39885877	20368	5	4	0	8	nested_a_in_b	nested_a_in_b	3	3	True	17	0.299	0.586	gain	TP	TP
chr3	41903015	41910186	7171	3	28	0	15	nested_a_in_b	nested_a_in_b	2-1	2-1	True	46	0.289	0.966	gain	TP	TP
chr3	42396255	42409801	13546	0	1	0	28	nested_a_in_b	nested_a_in_b	2-1	2-1	True	29	0.988	0.989	gain	TP	TP
chr3	42396255	42424841	28586	0	1	0	6	nested_a_in_b	nested_a_in_b	2-1	2-1	True	7	0.988	0.982	gain	TP	TP
chr3	45585799	45605844	20045	0	1	0	18	nested_a_in_b	nested_a_in_b	2-1	2-1	True	19	0.965	0.961	gain	TP	TP
chr3	45603041	45605844	2803	3	45	0	18	nested_a_in_b	nested_a_in_b	2-1	2-1	True	66	0.267	0.961	gain	TP	TP
chr3	46624735	46658243	33508	0	1	0	9	nested_a_in_b	nested_a_in_b	1-1	1-1	True	10	0.966	0.99	gain	TP	TP
chr3	51359334	51378333	18999	0	6	0	6	nested_a_in_b	nested_a_in_b	1-1	1-1	True	12	0.545	0.963	gain	TP	TP
chr3	51362892	51378333	15441	1	11	0	4	nested_a_in_b	nested_a_in_b	1-1	1-1	True	16	0.305	0.963	gain	TP	TP
chr3	52516837	52517960	1123	0	39	0	24	nested_a_in_b	nested_a_in_b	2-1	2-1	True	63	0.402	1.0	gain	TP	TP
chr3	54936988	54936989	1	2	2	0	82	nested_a_in_b	nested_a_in_b	1-1	1-1	True	86	0.953	0.957	gain	TP	TP
chr3	57772868	57787248	14380	2	14	0	6	nested_a_in_b	nested_a_in_b	1-1	1-1	True	22	0.25	0.933	gain	TP	TP
chr3	59496506	59505094	8588	2	12	0	11	nested_a_in_b	nested_a_in_b	2-1	2-1	True	25	0.455	0.931	loh	TP	TP
chr3	59794636	59800117	5481	35	1	0	4	nested_a_in_b	nested_a_in_b	2-1	2-1	True	40	0.083	0.083	loh	FP	FP
chr3	59798636	59800117	1481	45	1	0	4	nested_a_in_b	nested_a_in_b	2-1	2-1	True	50	0.066	0.083	loh	FP	FP
chr3	61830464	61834910	4446	0	1	0	44	nested_a_in_b	nested_a_in_b	2-1	2-1	True	45	0.965	1.0	loh	TP	TP
chr3	62447589	62466114	18525	1	1	0	14	nested_a_in_b	nested_a_in_b	1-1	1-1	True	16	0.898	0.948	loh	TP	TP
chr3	63287093	63287099	6	28	1	0	31	nested_a_in_b	nested_a_in_b	1-1	1-1	True	60	0.525	0.525	loh	TP	TP
chr3	63287093	63318985	31892	0	4	0	3	nested_a_in_b	nested_a_in_b	1-1	1-1	True	7	0.525	0.521	loh	TP	TP
chr3	63287099	63318985	31886	0	3	0	4	nested_a_in_b	nested_a_in_b	1-1	1-1	True	7	0.525	0.521	loh	TP	TP
chr3	65195899	65206445	10546	2	12	0	8	nested_a_in_b	nested_a_in_b	1-1	1-1	True	22	0.385	0.959	loh	TP	TP
chr3	67835999	67854084	18085	0	1	0	10	nested_a_in_b	nested_a_in_b	1-1	1-1	True	11	0.683	0.964	loh	TP	TP
chr3	68271495	68286320	14825	1	1	0	16	nested_a_in_b	nested_a_in_b	1-1	1-1	True	18	0.868	0.95	loh	TP	TP
chr3	68828587	68848845	20258	1	2	0	5	nested_a_in_b	nested_a_in_b	1-1	1-1	True	8	0.423	0.924	loh	TP	TP
chr3	68833953	68848845	14892	1	9	0	3	nested_a_in_b	nested_a_in_b	1-1	1-1	True	13	0.396	0.924	loh	TP	TP
chr3	70250337	70256290	5953	0	2	0	27	nested_a_in_b	nested_a_in_b	1-1	1-1	True	29	0.946	0.964	loh	TP	TP
chr3	71010245	71010553	308	44	2	0	53	nested_a_in_b	nested_a_in_b	2-1	2-1	True	99	0.529	0.553	neutral	TP	TP
chr3	71010245	71011474	1229	42	2	0	45	nested_a_in_b	nested_a_in_b	2-1	2-1	True	89	0.529	0.545	neutral	TP	TP
chr3	71011404	71011474	70	46	3	0	50	nested_a_in_b	nested_a_in_b	2-1	2-1	True	99	0.5	0.545	neutral	TP	TP
chr3	71011410	71011474	64	44	1	0	52	nested_a_in_b	nested_a_in_b	2-1	2-1	True	97	0.54	0.545	neutral	TP	TP
chr3	71327987	71328028	41	44	2	0	48	nested_a_in_b	nested_a_in_b	2-1	2-1	True	94	0.51	0.526	neutral	TP	TP
chr3	71327987	71328546	559	43	1	0	43	nested_a_in_b	nested_a_in_b	2-1	2-1	True	87	0.51	0.51	neutral	TP	TP
chr3	71327987	71329696	1709	40	2	0	43	nested_a_in_b	nested_a_in_b	2-1	2-1	True	85	0.51	0.545	neutral	TP	TP
chr3	71327997	71328028	31	44	2	0	48	nested_a_in_b	nested_a_in_b	2-1	2-1	True	94	0.505	0.526	neutral	TP	TP
chr3	71327997	71328546	549	43	1	0	43	nested_a_in_b	nested_a_in_b	2-1	2-1	True	87	0.505	0.51	neutral	TP	TP
chr3	71327997	71329696	1699	40	2	0	43	nested_a_in_b	nested_a_in_b	2-1	2-1	True	85	0.505	0.545	neutral	TP	TP
chr3	71328028	71329696	1668	39	1	0	43	nested_a_in_b	nested_a_in_b	2-1	2-1	True	83	0.526	0.545	neutral	TP	TP
chr3	71328545	71328546	1	47	1	0	44	nested_a_in_b	nested_a_in_b	2-1	2-1	True	92	0.478	0.51	neutral	TP	TP
chr3	71328545	71329130	585	44	1	0	43	nested_a_in_b	nested_a_in_b	2-1	2-1	True	88	0.478	0.529	neutral	TP	TP
chr3	71328545	71329696	1151	42	2	0	39	nested_a_in_b	nested_a_in_b	2-1	2-1	True	83	0.478	0.545	neutral	TP	TP
chr3	71328546	71329696	1150	42	2	0	43	nested_a_in_b	nested_a_in_b	2-1	2-1	True	87	0.51	0.545	neutral	TP	TP
chr3	71910173	71918964	8791	7	1	0	14	nested_a_in_b	nested_a_in_b	1-1	1-1	True	22	0.532	0.588	loh	TP	TP
chr3	71910173	71920849	10676	0	7	0	14	nested_a_in_b	nested_a_in_b	1-1	1-1	True	21	0.532	0.946	loh	TP	TP
chr3	71918964	71920849	1885	2	17	0	27	nested_a_in_b	nested_a_in_b	1-1	1-1	True	46	0.588	0.946	loh	TP	TP
chr3	73294928	73301998	7070	0	15	0	9	nested_a_in_b	nested_a_in_b	2-1	2-1	True	24	0.439	0.978	loh	TP	TP
chr3	73998626	74018185	19559	20	1	0	3	nested_a_in_b	nested_a_in_b	2-1	2-1	True	24	0.219	0.179	gain	TP	TP
chr3	74826622	74826623	1	64	3	0	33	nested_a_in_b	nested_a_in_b	1-1	1-1	True	100	0.327	0.359	gain	TP	TP
chr3	75755404	75756906	1502	43	2	0	9	nested_a_in_b	nested_a_in_b	1-1	1-1	True	54	0.194	0.197	loh	FP	FP
chr3	75844785	75862081	17296	0	4	0	2	nested_a_in_b	nested_a_in_b	2-1	2-1	True	6	0.46	0.978	loh	TP	TP
chr3	77554784	77555786	1002	2	23	0	18	nested_a_in_b	nested_a_in_b	2-1	2-1	True	43	0.423	0.961	loh	TP	TP
chr3	77554785	77555786	1001	2	25	0	17	nested_a_in_b	nested_a_in_b	2-1	2-1	True	44	0.382	0.961	loh	TP	TP
chr3	78908824	78935489	26665	7	4	0	1	mutual_excl	nested_a_in_b	1-1	1-1	True	12	0.161	0.429	gain	TP	TP
chr3	78908824	78940888	32064	2	3	0	1	mutual_excl	nested_a_in_b	1-1	1-1	True	6	0.161	0.465	gain	TP	TP
chr3	78908824	78941779	32955	2	3	0	1	mutual_excl	nested_a_in_b	1-1	1-1	True	6	0.161	0.443	gain	TP	TP
chr3	78908824	78942025	33201	2	3	0	1	mutual_excl	nested_a_in_b	1-1	1-1	True	6	0.161	0.419	gain	TP	TP
chr3	78908824	78942061	33237	2	3	0	1	mutual_excl	nested_a_in_b	1-1	1-1	True	6	0.161	0.425	gain	TP	TP
chr3	78908824	78942101	33277	2	3	0	1	mutual_excl	nested_a_in_b	1-1	1-1	True	6	0.161	0.424	gain	TP	TP
chr3	78908824	78942282	33458	2	3	0	1	mutual_excl	nested_a_in_b	1-1	1-1	True	6	0.161	0.421	gain	TP	TP
chr3	78908824	78942348	33524	2	3	0	1	mutual_excl	nested_a_in_b	1-1	1-1	True	6	0.161	0.444	gain	TP	TP
chr3	78908824	78942562	33738	2	3	0	1	mutual_excl	nested_a_in_b	1-1	1-1	True	6	0.161	0.397	gain	TP	TP
chr3	78942061	78942101	40	72	1	0	52	nested_a_in_b	nested_a_in_b	1-1	1-1	True	125	0.425	0.424	neutral	TP	TP
chr3	78942061	78942348	287	68	2	0	50	nested_a_in_b	nested_a_in_b	1-1	1-1	True	120	0.425	0.444	neutral	TP	TP
chr3	78942101	78942348	247	68	1	0	50	nested_a_in_b	nested_a_in_b	1-1	1-1	True	119	0.424	0.444	neutral	TP	TP
chr3	79440203	79443256	3053	0	3	0	34	nested_a_in_b	nested_a_in_b	2-1	2-1	True	37	0.941	1.0	loh	TP	TP
chr3	79569679	79580244	10565	2	10	0	5	nested_a_in_b	nested_a_in_b	2-1	2-1	True	17	0.208	0.941	loh	FP	TP
chr3	79928500	79946888	18388	0	6	0	5	nested_a_in_b	nested_a_in_b	2-1	2-1	True	11	0.261	1.0	neutral	TP	TP
chr3	83745044	83765761	20717	11	4	0	5	nested_a_in_b	nested_a_in_b	1-1	1-1	True	20	0.308	0.433	gain	TP	TP
chr3	85908610	85910868	2258	39	23	0	15	nested_a_in_b	nested_a_in_b	2-1	2-1	True	77	0.204	0.5	gain	TP	TP
chr3	87967880	87984626	16746	13	14	0	9	nested_a_in_b	nested_a_in_b	1-1	1-1	True	36	0.238	0.439	gain	TP	TP
chr3	90431453	90455111	23658	9	9	0	2	nested_a_in_b	nested_a_in_b	2-1	2-1	True	20	0.202	0.487	gain	TP	FP
chr3	90431453	90455175	23722	9	8	0	2	nested_a_in_b	nested_a_in_b	2-1	2-1	True	19	0.202	0.487	gain	TP	FP
chr3	90431453	90455281	23828	9	8	0	2	nested_a_in_b	nested_a_in_b	2-1	2-1	True	19	0.202	0.478	gain	TP	FP
chr3	94609037	94623961	14924	0	2	0	9	nested_a_in_b	nested_a_in_b	1-1	1-1	True	11	0.909	0.959	loh	TP	TP
chr3	96125083	96150033	24950	0	5	0	3	nested_a_in_b	nested_a_in_b	1-1	1-1	True	8	0.446	0.965	loh	TP	TP
chr3	99045988	99052060	6072	1	1	0	30	nested_a_in_b	nested_a_in_b	2-1	2-1	True	32	0.946	0.963	loh	TP	TP
chr3	104899318	104916692	17374	0	6	0	4	nested_a_in_b	nested_a_in_b	2-1	2-1	True	10	0.396	1.0	loh	TP	TP
chr3	105252353	105269759	17406	5	2	0	1	mutual_excl	nested_a_in_b	2-1	2-1	True	8	0.275	0.361	loh	TP	TP
chr3	105269759	105279082	9323	2	19	0	6	nested_a_in_b	nested_a_in_b	2-1	2-1	True	27	0.361	0.966	loh	TP	TP
chr3	106497970	106514049	16079	2	6	0	10	nested_a_in_b	nested_a_in_b	2-1	2-1	True	18	0.542	0.952	loh	TP	TP
chr3	106911267	106930590	19323	0	4	0	8	nested_a_in_b	nested_a_in_b	2-1	2-1	True	12	0.508	0.978	loh	TP	TP
chr3	106911267	106931850	20583	0	4	0	4	nested_a_in_b	nested_a_in_b	2-1	2-1	True	8	0.508	1.0	loh	TP	TP
chr3	106930590	106931850	1260	0	1	0	36	nested_a_in_b	nested_a_in_b	2-1	2-1	True	37	0.978	1.0	loh	TP	TP
chr3	107472671	107481836	9165	4	4	0	19	nested_a_in_b	nested_a_in_b	2-1	2-1	True	27	0.729	0.921	loh	TP	TP
chr3	109165172	109184626	19454	0	9	0	5	nested_a_in_b	nested_a_in_b	1-1	1-1	True	14	0.396	0.98	loh	TP	TP
chr3	112150091	112156147	6056	0	22	0	8	nested_a_in_b	nested_a_in_b	2-1	2-1	True	30	0.292	0.959	loh	TP	TP
chr3	113864131	113879362	15231	10	2	0	1	mutual_excl	nested_a_in_b	2-1	2-1	True	13	0.418	0.382	loh	TP	TP
chr3	113864132	113879362	15230	10	2	0	1	mutual_excl	nested_a_in_b	2-1	2-1	True	13	0.375	0.382	loh	TP	TP
chr3	113879362	113889926	10564	1	15	0	10	nested_a_in_b	nested_a_in_b	2-1	2-1	True	26	0.382	0.968	loh	TP	TP
chr3	117993717	118010892	17175	7	1	0	4	nested_a_in_b	nested_a_in_b	2-1	2-1	True	12	0.404	0.457	loh	TP	TP
chr3	118416245	118431583	15338	0	5	0	3	nested_a_in_b	nested_a_in_b	2-1	2-1	True	8	0.326	0.941	loh	TP	TP
chr3	118424343	118431583	7240	1	9	0	11	nested_a_in_b	nested_a_in_b	2-1	2-1	True	21	0.542	0.941	loh	TP	TP
chr3	121841376	121842051	675	52	1	0	4	nested_a_in_b	nested_a_in_b	1-1	1-1	True	57	0.059	0.098	loh	FP	FP
chr3	122895049	122917034	21985	1	4	0	3	nested_a_in_b	nested_a_in_b	1-1	1-1	True	8	0.481	0.959	loh	TP	TP
chr3	122917034	122927971	10937	1	1	0	12	nested_a_in_b	nested_a_in_b	1-1	1-1	True	14	0.959	0.929	loh	TP	TP
chr3	127621319	127630970	9651	0	1	0	20	nested_a_in_b	nested_a_in_b	2-1	2-1	True	21	0.945	1.0	loh	TP	TP
chr3	127962164	127986757	24593	0	9	0	6	nested_a_in_b	nested_a_in_b	1-1	1-1	True	15	0.467	0.972	loh	TP	TP
chr3	127981978	127986757	4779	3	29	0	36	nested_a_in_b	nested_a_in_b	1-1	1-1	True	68	0.473	0.972	loh	TP	TP
chr3	128677864	128694281	16417	14	1	0	15	nested_a_in_b	nested_a_in_b	3	3	True	30	0.465	0.516	loh	TP	TP
chr3	129172683	129183596	10913	0	15	0	4	nested_a_in_b	nested_a_in_b	1-1	1-1	True	19	0.269	0.977	loh	FP	TP
chr3	129654769	129662008	7239	45	3	0	18	nested_a_in_b	nested_a_in_b	1-1	1-1	True	66	0.252	0.234	gain	TP	TP
chr3	129923926	129926698	2772	1	37	0	52	nested_a_in_b	nested_a_in_b	1-1	1-1	True	90	0.545	0.982	gain	TP	TP
chr3	129978149	129979335	1186	44	22	0	25	nested_a_in_b	nested_a_in_b	1-1	1-1	True	91	0.287	0.53	gain	TP	TP
chr3	130500268	130521439	21171	1	7	0	11	nested_a_in_b	nested_a_in_b	1-1	1-1	True	19	0.519	0.98	gain	TP	TP
chr3	130765902	130769775	3873	58	2	0	14	nested_a_in_b	nested_a_in_b	1-1	1-1	True	74	0.248	0.211	gain	TP	TP
chr3	130815054	130822679	7625	34	2	0	27	nested_a_in_b	nested_a_in_b	1-1	1-1	True	63	0.463	0.458	gain	TP	TP
chr3	131591061	131614168	23107	0	8	0	9	nested_a_in_b	nested_a_in_b	1-1	1-1	True	17	0.515	0.972	gain	TP	TP
chr3	131999746	132030904	31158	2	3	0	1	mutual_excl	nested_a_in_b	1-1	1-1	True	6	0.255	0.584	gain	TP	TP
chr3	132003625	132030904	27279	4	1	0	5	nested_a_in_b	nested_a_in_b	1-1	1-1	True	10	0.278	0.584	gain	TP	TP
chr3	132936033	132961306	25273	3	1	0	2	nested_a_in_b	nested_a_in_b	1-1	1-1	True	6	0.235	0.543	gain	TP	TP
chr3	134511679	134539851	28172	4	2	0	5	nested_a_in_b	nested_a_in_b	1-1	1-1	True	11	0.225	0.5	gain	TP	TP
chr3	136284379	136300295	15916	17	4	0	6	nested_a_in_b	nested_a_in_b	1-1	1-1	True	27	0.197	0.4	gain	TP	TP
chr3	137875689	137900797	25108	4	5	0	1	mutual_excl	nested_a_in_b	2-1	2-1	True	10	0.157	0.594	gain	TP	TP
chr3	138205315	138218735	13420	31	6	0	6	nested_a_in_b	nested_a_in_b	2-1	2-1	True	43	0.171	0.339	gain	TP	TP
chr3	140012415	140016575	4160	0	52	0	22	nested_a_in_b	nested_a_in_b	1-1	1-1	True	74	0.279	1.0	gain	TP	TP
chr3	140580904	140612835	31931	1	1	0	5	nested_a_in_b	nested_a_in_b	1-1	1-1	True	7	0.56	0.935	gain	TP	TP
chr3	141155311	141183337	28026	4	4	0	4	nested_a_in_b	nested_a_in_b	2-1	2-1	True	12	0.414	0.578	gain	TP	TP
chr3	142173660	142189858	16198	9	5	0	14	nested_a_in_b	nested_a_in_b	2-1	2-1	True	28	0.407	0.636	gain	TP	TP
chr3	142586508	142589615	3107	69	1	0	16	nested_a_in_b	nested_a_in_b	2-1	2-1	True	86	0.208	0.176	gain	TP	TP
chr3	143052286	143065247	12961	11	1	0	23	nested_a_in_b	nested_a_in_b	2-1	2-1	True	35	0.571	0.602	gain	TP	TP
chr3	143104381	143118631	14250	15	2	0	12	nested_a_in_b	nested_a_in_b	2-1	2-1	True	29	0.468	0.395	gain	TP	TP
chr3	143326273	143326481	208	46	4	0	41	nested_a_in_b	nested_a_in_b	2-1	2-1	True	91	0.432	0.479	gain	TP	TP
chr3	145528603	145562317	33714	1	1	0	4	nested_a_in_b	nested_a_in_b	2-1	2-1	True	6	0.183	0.487	gain	TP	TP
chr3	145562317	145572920	10603	19	2	0	22	nested_a_in_b	nested_a_in_b	2-1	2-1	True	43	0.487	0.531	gain	TP	TP
chr3	146332556	146341715	9159	0	42	0	8	nested_a_in_b	nested_a_in_b	1-1	1-1	True	50	0.267	0.991	gain	TP	TP
chr3	148811272	148811274	2	78	2	0	27	nested_a_in_b	nested_a_in_b	3	3	True	107	0.25	0.278	gain	TP	TP
chr3	148951816	148983177	31361	4	1	0	2	nested_a_in_b	nested_a_in_b	1-1	1-1	True	7	0.459	0.479	gain	TP	TP
chr3	149579848	149584735	4887	33	18	0	20	nested_a_in_b	nested_a_in_b	1-1	1-1	True	71	0.293	0.512	gain	TP	TP
chr3	149902634	149932723	30089	3	4	0	2	nested_a_in_b	nested_a_in_b	1-1	1-1	True	9	0.245	0.606	gain	TP	TP
chr3	150026943	150054645	27702	10	1	0	1	sparse	nested_a_in_b	2-1	2-1	True	12	0.207	0.519	gain	TP	TP
chr3	151137280	151157518	20238	11	3	0	5	nested_a_in_b	nested_a_in_b	2-1	2-1	True	19	0.267	0.412	gain	TP	TP
chr3	152538015	152548574	10559	1	19	0	19	nested_a_in_b	nested_a_in_b	2-1	2-1	True	39	0.549	0.963	gain	TP	TP
chr3	155976484	156014570	38086	2	1	0	3	nested_a_in_b	nested_a_in_b	1-1	1-1	True	6	0.466	0.481	gain	TP	TP
chr3	157355541	157385429	29888	6	1	0	1	sparse	nested_a_in_b	2-1	2-1	True	8	0.242	0.375	gain	TP	TP
chr3	157381702	157385429	3727	46	14	0	13	nested_a_in_b	nested_a_in_b	2-1	2-1	True	73	0.195	0.375	gain	TP	TP
chr3	157459408	157484388	24980	0	3	0	4	nested_a_in_b	nested_a_in_b	2-1	2-1	True	7	0.415	0.946	gain	TP	TP
chr3	161631079	161637155	6076	0	28	0	16	nested_a_in_b	nested_a_in_b	2-1	2-1	True	44	0.325	0.978	gain	TP	TP
chr3	167899430	167918839	19409	0	1	0	9	nested_a_in_b	nested_a_in_b	2-1	2-1	True	10	0.959	0.915	loh	TP	TP
chr3	171845833	171856424	10591	31	4	0	11	nested_a_in_b	nested_a_in_b	2-1	2-1	True	46	0.267	0.343	gain	TP	TP
chr3	172914797	172914798	1	81	1	0	30	nested_a_in_b	nested_a_in_b	1-1	1-1	True	112	0.259	0.277	gain	TP	TP
chr3	175348641	175364308	15667	1	8	0	8	nested_a_in_b	nested_a_in_b	1-1	1-1	True	17	0.231	0.981	gain	TP	TP
chr3	177838372	177847494	9122	25	1	0	22	nested_a_in_b	nested_a_in_b	2-1	2-1	True	48	0.491	0.537	gain	TP	TP
chr3	178649756	178662554	12798	10	6	0	7	nested_a_in_b	nested_a_in_b	2-1	2-1	True	23	0.287	0.506	gain	TP	TP
chr3	179383131	179387254	4123	54	2	0	14	nested_a_in_b	nested_a_in_b	1-1	1-1	True	70	0.198	0.245	gain	TP	TP
chr3	179502007	179521274	19267	8	1	0	2	nested_a_in_b	nested_a_in_b	1-1	1-1	True	11	0.212	0.487	gain	TP	TP
chr3	180804196	180836646	32450	2	6	0	1	mutual_excl	nested_a_in_b	2-1	2-1	True	9	0.231	0.495	gain	TP	TP
chr3	182518356	182524524	6168	31	12	0	14	nested_a_in_b	nested_a_in_b	1-1	1-1	True	57	0.219	0.448	gain	TP	TP
chr3	183462846	183486741	23895	13	1	0	2	nested_a_in_b	nested_a_in_b	1-1	1-1	True	16	0.158	0.306	gain	TP	TP
chr3	184572560	184575053	2493	50	1	0	2	nested_a_in_b	nested_a_in_b	3	3	True	53	0.045	0.04	gain	FP	FP
chr3	184878307	184897615	19308	6	6	0	1	mutual_excl	nested_a_in_b	2-1	2-1	True	13	0.313	0.515	gain	TP	TP
chr3	187652782	187676096	23314	2	3	0	4	nested_a_in_b	nested_a_in_b	2-1	2-1	True	9	0.35	0.697	gain	TP	TP
chr3	187738921	187756453	17532	0	11	0	1	mutual_excl	nested_a_in_b	2-1	2-1	True	12	0.068	0.658	gain	FP	TP
chr3	191491874	191514883	23009	7	1	0	5	nested_a_in_b	nested_a_in_b	1-1	1-1	True	13	0.345	0.362	gain	TP	TP
chr3	194943357	194943375	18	40	1	0	3	nested_a_in_b	nested_a_in_b	1-1	1-1	True	44	0.067	0.091	loh	FP	FP
chr3	194943357	194949421	6064	0	6	0	1	mutual_excl	nested_a_in_b	1-1	1-1	True	7	0.067	1.0	loh	FP	FP
chr3	194943375	194949421	6046	0	6	0	1	mutual_excl	nested_a_in_b	1-1	1-1	True	7	0.091	1.0	loh	FP	FP
chr3	196760208	196773524	13316	0	5	0	6	nested_a_in_b	nested_a_in_b	1-1	1-1	True	11	0.429	0.973	loh	TP	TP
chr3	197035423	197049240	13817	1	6	0	8	nested_a_in_b	nested_a_in_b	1-1	1-1	True	15	0.435	0.871	loh	TP	TP
chr8	1517909	1541908	23999	1	3	0	6	nested_a_in_b	nested_a_in_b	1-1	1-1	True	10	0.527	0.962	loh	TP	TP
chr8	6746018	6757635	11617	0	1	0	16	nested_a_in_b	nested_a_in_b	1-1	1-1	True	17	0.956	1.0	loh	TP	TP
chr8	6746019	6757635	11616	0	1	0	20	nested_a_in_b	nested_a_in_b	1-1	1-1	True	21	0.92	1.0	loh	TP	TP
chr8	10913009	10932676	19667	2	6	0	2	nested_a_in_b	nested_a_in_b	2-1	2-1	True	10	0.136	0.922	loh	FP	TP
chr8	11043222	11043526	304	1	28	0	13	nested_a_in_b	nested_a_in_b	2-1	2-1	True	42	0.31	0.947	loh	FP	TP
chr8	13609084	13610951	1867	35	3	0	2	nested_a_in_b	nested_a_in_b	2-1	2-1	True	40	0.077	0.122	loh	FP	FP
chr8	13610951	13625113	14162	12	5	0	1	mutual_excl	nested_a_in_b	2-1	2-1	True	18	0.122	0.412	loh	FP	TP
chr8	17729196	17741357	12161	2	4	0	10	nested_a_in_b	nested_a_in_b	1-1	1-1	True	16	0.382	0.932	loh	TP	TP
chr8	19451756	19471350	19594	2	4	0	1	mutual_excl	nested_a_in_b	1-1	1-1	True	7	0.062	0.926	loh	TP	TP
chr8	24966780	24992896	26116	0	1	0	8	nested_a_in_b	nested_a_in_b	1-1	1-1	True	9	0.968	1.0	loh	TP	TP
chr8	24971547	24992896	21349	0	7	0	3	nested_a_in_b	nested_a_in_b	1-1	1-1	True	10	0.339	1.0	loh	TP	TP
chr8	29365524	29375932	10408	0	1	0	19	nested_a_in_b	nested_a_in_b	1-1	1-1	True	20	0.93	0.955	loh	TP	TP
chr8	31175903	31197816	21913	0	1	0	8	nested_a_in_b	nested_a_in_b	1-1	1-1	True	9	0.943	0.931	loh	TP	TP
chr8	31878226	31878508	282	44	1	0	4	nested_a_in_b	nested_a_in_b	1-1	1-1	True	49	0.078	0.102	loh	FP	FP
chr8	32391104	32397575	6471	2	20	0	12	nested_a_in_b	nested_a_in_b	1-1	1-1	True	34	0.464	0.961	loh	TP	TP
chr8	33716140	33721318	5178	1	1	0	37	nested_a_in_b	nested_a_in_b	2-1	2-1	True	39	0.955	0.949	loh	TP	TP
chr8	34234441	34247626	13185	0	2	0	7	nested_a_in_b	nested_a_in_b	1-1	1-1	True	9	0.926	1.0	loh	TP	TP
chr8	34261513	34283100	21587	0	1	0	5	nested_a_in_b	nested_a_in_b	1-1	1-1	True	6	0.936	0.846	loh	TP	TP
chr8	35140917	35165478	24561	0	4	0	3	nested_a_in_b	nested_a_in_b	1-1	1-1	True	7	0.479	0.911	loh	TP	TP
chr8	35700153	35709416	9263	0	12	0	10	nested_a_in_b	nested_a_in_b	2-1	2-1	True	22	0.568	0.968	loh	TP	TP
chr8	35700153	35711159	11006	0	10	0	8	nested_a_in_b	nested_a_in_b	2-1	2-1	True	18	0.568	0.983	loh	TP	TP
chr8	36888885	36891267	2382	0	6	0	38	nested_a_in_b	nested_a_in_b	2-1	2-1	True	44	0.833	1.0	loh	TP	TP
chr8	39057595	39066603	9008	1	1	0	28	nested_a_in_b	nested_a_in_b	1-1	1-1	True	30	0.926	0.951	loh	TP	TP
chr8	40628597	40648496	19899	0	9	0	3	nested_a_in_b	nested_a_in_b	2-1	2-1	True	12	0.389	0.968	loh	TP	TP
chr8	46097490	46105284	7794	2	11	0	14	nested_a_in_b	nested_a_in_b	2-1	2-1	True	27	0.49	0.911	loh	TP	TP
chr8	46097491	46105284	7793	2	11	0	14	nested_a_in_b	nested_a_in_b	2-1	2-1	True	27	0.49	0.911	loh	TP	TP
chr8	46668377	46684421	16044	0	8	0	6	nested_a_in_b	nested_a_in_b	2-1	2-1	True	14	0.571	0.93	loh	TP	TP
chr8	46681965	46684421	2456	2	21	0	19	nested_a_in_b	nested_a_in_b	2-1	2-1	True	42	0.407	0.93	loh	TP	TP
chr8	48145199	48165899	20700	0	1	0	5	nested_a_in_b	nested_a_in_b	2-1	2-1	True	6	0.917	0.949	loh	TP	TP
chr8	52130929	52141343	10414	4	21	0	6	nested_a_in_b	nested_a_in_b	1-1	1-1	True	31	0.247	0.924	gain	TP	TP
chr8	52141295	52141343	48	6	46	0	27	nested_a_in_b	nested_a_in_b	1-1	1-1	True	79	0.342	0.924	gain	TP	TP
chr8	52934659	52965805	31146	0	2	0	4	nested_a_in_b	nested_a_in_b	1-1	1-1	True	6	0.256	0.963	gain	TP	TP
chr8	54168560	54187872	19312	0	9	0	9	nested_a_in_b	nested_a_in_b	2-1	2-1	True	18	0.486	0.971	loh	TP	TP
chr8	54889935	54908498	18563	0	11	0	1	mutual_excl	nested_a_in_b	1-1	1-1	True	12	0.253	0.984	loh	TP	TP
chr8	55488882	55501440	12558	0	3	0	22	nested_a_in_b	nested_a_in_b	1-1	1-1	True	25	0.831	1.0	loh	TP	TP
chr8	56192765	56200061	7296	30	1	0	12	nested_a_in_b	nested_a_in_b	1-1	1-1	True	43	0.317	0.342	loh	TP	TP
chr8	57923820	57938296	14476	14	1	0	9	nested_a_in_b	nested_a_in_b	1-1	1-1	True	24	0.317	0.289	loh	TP	TP
chr8	61310728	61328737	18009	0	11	0	7	nested_a_in_b	nested_a_in_b	1-1	1-1	True	18	0.31	0.965	loh	TP	TP
chr8	61310999	61328737	17738	0	1	0	18	nested_a_in_b	nested_a_in_b	1-1	1-1	True	19	0.908	0.965	loh	TP	TP
chr8	63236833	63246740	9907	12	12	0	10	nested_a_in_b	nested_a_in_b	1-1	1-1	True	34	0.351	0.744	loh	TP	TP
chr8	64093393	64101872	8479	0	29	0	12	nested_a_in_b	nested_a_in_b	1-1	1-1	True	41	0.273	1.0	loh	TP	TP
chr8	64100384	64101872	1488	0	49	0	17	nested_a_in_b	nested_a_in_b	1-1	1-1	True	66	0.237	1.0	loh	TP	TP
chr8	64526685	64547907	21222	12	2	0	9	nested_a_in_b	nested_a_in_b	1-1	1-1	True	23	0.423	0.607	gain	TP	TP
chr8	65856884	65889221	32337	0	7	0	1	mutual_excl	nested_a_in_b	1-1	1-1	True	8	0.372	1.0	gain	TP	TP
chr8	66108851	66112980	4129	35	1	0	11	nested_a_in_b	nested_a_in_b	1-1	1-1	True	47	0.205	0.275	gain	TP	TP
chr8	66813874	66816933	3059	0	36	0	21	nested_a_in_b	nested_a_in_b	2-1	2-1	True	57	0.333	1.0	gain	TP	TP
chr8	68329720	68337433	7713	26	1	0	20	nested_a_in_b	nested_a_in_b	1-1	1-1	True	47	0.427	0.405	gain	TP	TP
chr8	68329720	68345577	15857	15	1	0	11	nested_a_in_b	nested_a_in_b	1-1	1-1	True	27	0.427	0.368	gain	TP	TP
chr8	68867094	68869680	2586	37	2	0	11	nested_a_in_b	nested_a_in_b	1-1	1-1	True	50	0.232	0.242	gain	TP	TP
chr8	68867094	68878120	11026	0	21	0	4	nested_a_in_b	nested_a_in_b	1-1	1-1	True	25	0.232	0.984	gain	TP	TP
chr8	68869680	68878120	8440	1	22	0	6	nested_a_in_b	nested_a_in_b	1-1	1-1	True	29	0.242	0.984	gain	TP	TP
chr8	69174580	69178786	4206	39	1	0	14	nested_a_in_b	nested_a_in_b	1-1	1-1	True	54	0.237	0.286	gain	TP	TP
chr8	69466613	69481340	14727	2	15	0	10	nested_a_in_b	nested_a_in_b	1-1	1-1	True	27	0.319	0.907	gain	TP	TP
chr8	70335600	70335601	1	56	1	0	25	nested_a_in_b	nested_a_in_b	1-1	1-1	True	82	0.291	0.313	gain	TP	TP
chr8	70611356	70619949	8593	0	31	0	10	nested_a_in_b	nested_a_in_b	2-1	2-1	True	41	0.272	1.0	gain	TP	TP
chr8	72772593	72791825	19232	0	9	0	5	nested_a_in_b	nested_a_in_b	2-1	2-1	True	14	0.355	1.0	gain	TP	TP
chr8	72783240	72791825	8585	0	23	0	19	nested_a_in_b	nested_a_in_b	2-1	2-1	True	42	0.35	1.0	gain	TP	TP
chr8	76519859	76542647	22788	0	7	0	2	nested_a_in_b	nested_a_in_b	1-1	1-1	True	9	0.316	0.974	gain	TP	TP
chr8	77269302	77270076	774	56	2	0	21	nested_a_in_b	nested_a_in_b	1-1	1-1	True	79	0.265	0.299	gain	TP	TP
chr8	79081135	79088095	6960	34	1	0	17	nested_a_in_b	nested_a_in_b	2-1	2-1	True	52	0.344	0.283	gain	TP	TP
chr8	79158253	79158254	1	46	1	0	23	nested_a_in_b	nested_a_in_b	2-1	2-1	True	70	0.329	0.338	gain	TP	TP
chr8	81343951	81352188	8237	38	2	0	6	nested_a_in_b	nested_a_in_b	1-1	1-1	True	46	0.116	0.191	gain	FP	FP
chr8	81349311	81352188	2877	60	3	0	12	nested_a_in_b	nested_a_in_b	1-1	1-1	True	75	0.139	0.191	gain	FP	FP
chr8	81349311	81364793	15482	22	1	0	3	nested_a_in_b	nested_a_in_b	1-1	1-1	True	26	0.139	0.12	gain	FP	FP
chr8	81350794	81351760	966	77	1	0	13	nested_a_in_b	nested_a_in_b	1-1	1-1	True	91	0.13	0.147	gain	FP	FP
chr8	81350794	81352188	1394	68	4	0	12	nested_a_in_b	nested_a_in_b	1-1	1-1	True	84	0.13	0.191	gain	FP	FP
chr8	81350794	81352880	2086	64	1	0	12	nested_a_in_b	nested_a_in_b	1-1	1-1	True	77	0.13	0.174	gain	FP	FP
chr8	81350794	81354748	3954	60	1	0	11	nested_a_in_b	nested_a_in_b	1-1	1-1	True	72	0.13	0.178	gain	FP	FP
chr8	81350794	81358571	7777	42	1	0	9	nested_a_in_b	nested_a_in_b	1-1	1-1	True	52	0.13	0.133	gain	FP	FP
chr8	81350794	81364793	13999	24	1	0	3	nested_a_in_b	nested_a_in_b	1-1	1-1	True	28	0.13	0.12	gain	FP	FP
chr8	81351760	81352188	428	70	4	0	13	nested_a_in_b	nested_a_in_b	1-1	1-1	True	87	0.147	0.191	gain	FP	FP
chr8	81351760	81364793	13033	26	1	0	3	nested_a_in_b	nested_a_in_b	1-1	1-1	True	30	0.147	0.12	gain	FP	FP
chr8	81352880	81364793	11913	27	1	0	3	nested_a_in_b	nested_a_in_b	1-1	1-1	True	31	0.174	0.12	gain	FP	FP
chr8	81354646	81354748	102	73	1	0	15	nested_a_in_b	nested_a_in_b	1-1	1-1	True	89	0.167	0.178	gain	FP	FP
chr8	81354646	81358571	3925	50	1	0	10	nested_a_in_b	nested_a_in_b	1-1	1-1	True	61	0.167	0.133	gain	FP	FP
chr8	81354646	81361500	6854	41	1	0	5	nested_a_in_b	nested_a_in_b	1-1	1-1	True	47	0.167	0.135	gain	FP	FP
chr8	81354646	81364793	10147	30	1	0	3	nested_a_in_b	nested_a_in_b	1-1	1-1	True	34	0.167	0.12	gain	FP	FP
chr8	81354748	81364793	10045	29	1	0	3	nested_a_in_b	nested_a_in_b	1-1	1-1	True	33	0.178	0.12	gain	FP	FP
chr8	81358571	81364793	6222	45	1	0	4	nested_a_in_b	nested_a_in_b	1-1	1-1	True	50	0.133	0.12	gain	FP	FP
chr8	81358571	81365126	6555	44	1	0	4	nested_a_in_b	nested_a_in_b	1-1	1-1	True	49	0.133	0.118	gain	FP	FP
chr8	81361500	81364793	3293	50	1	0	5	nested_a_in_b	nested_a_in_b	1-1	1-1	True	56	0.135	0.12	gain	FP	FP
chr8	81361500	81365126	3626	49	1	0	5	nested_a_in_b	nested_a_in_b	1-1	1-1	True	55	0.135	0.118	gain	FP	FP
chr8	81366100	81404546	38446	4	1	0	2	nested_a_in_b	nested_a_in_b	2-1	2-1	True	7	0.125	0.133	gain	FP	FP
chr8	81380119	81404546	24427	13	1	0	2	nested_a_in_b	nested_a_in_b	2-1	2-1	True	16	0.091	0.133	gain	FP	FP
chr8	81381326	81404546	23220	16	1	0	2	nested_a_in_b	nested_a_in_b	2-1	2-1	True	19	0.075	0.133	gain	FP	FP
chr8	81394019	81399160	5141	48	1	0	7	nested_a_in_b	nested_a_in_b	2-1	2-1	True	56	0.11	0.144	gain	FP	FP
chr8	81394019	81404546	10527	31	1	0	6	nested_a_in_b	nested_a_in_b	2-1	2-1	True	38	0.11	0.133	gain	FP	FP
chr8	81394019	81410152	16133	11	1	0	4	nested_a_in_b	nested_a_in_b	2-1	2-1	True	16	0.11	0.185	gain	FP	FP
chr8	81394276	81399160	4884	48	1	0	8	nested_a_in_b	nested_a_in_b	2-1	2-1	True	57	0.122	0.144	gain	FP	FP
chr8	81394276	81404546	10270	31	1	0	7	nested_a_in_b	nested_a_in_b	2-1	2-1	True	39	0.122	0.133	gain	FP	FP
chr8	81394276	81410152	15876	11	1	0	5	nested_a_in_b	nested_a_in_b	2-1	2-1	True	17	0.122	0.185	gain	FP	FP
chr8	81395569	81399160	3591	56	1	0	10	nested_a_in_b	nested_a_in_b	2-1	2-1	True	67	0.126	0.144	gain	FP	FP
chr8	81395569	81404546	8977	35	1	0	8	nested_a_in_b	nested_a_in_b	2-1	2-1	True	44	0.126	0.133	gain	FP	FP
chr8	81395569	81410152	14583	13	1	0	6	nested_a_in_b	nested_a_in_b	2-1	2-1	True	20	0.126	0.185	gain	FP	FP
chr8	81395800	81399160	3360	56	1	0	9	nested_a_in_b	nested_a_in_b	2-1	2-1	True	66	0.128	0.144	gain	FP	FP
chr8	81395800	81404546	8746	35	1	0	8	nested_a_in_b	nested_a_in_b	2-1	2-1	True	44	0.128	0.133	gain	FP	FP
chr8	81395800	81410152	14352	13	1	0	6	nested_a_in_b	nested_a_in_b	2-1	2-1	True	20	0.128	0.185	gain	FP	FP
chr8	81395973	81399160	3187	55	1	0	9	nested_a_in_b	nested_a_in_b	2-1	2-1	True	65	0.13	0.144	gain	FP	FP
chr8	81395973	81404546	8573	34	1	0	8	nested_a_in_b	nested_a_in_b	2-1	2-1	True	43	0.13	0.133	gain	FP	FP
chr8	81395973	81410152	14179	13	1	0	6	nested_a_in_b	nested_a_in_b	2-1	2-1	True	20	0.13	0.185	gain	FP	FP
chr8	81396102	81399160	3058	56	2	0	9	nested_a_in_b	nested_a_in_b	2-1	2-1	True	67	0.126	0.144	gain	FP	FP
chr8	81396102	81401890	5788	42	1	0	10	nested_a_in_b	nested_a_in_b	2-1	2-1	True	53	0.126	0.143	gain	FP	FP
chr8	81396102	81404546	8444	35	2	0	8	nested_a_in_b	nested_a_in_b	2-1	2-1	True	45	0.126	0.133	gain	FP	FP
chr8	81396102	81410152	14050	13	1	0	7	nested_a_in_b	nested_a_in_b	2-1	2-1	True	21	0.126	0.185	gain	FP	FP
chr8	81397144	81399160	2016	60	2	0	8	nested_a_in_b	nested_a_in_b	2-1	2-1	True	70	0.128	0.144	gain	FP	FP
chr8	81397144	81401890	4746	44	1	0	8	nested_a_in_b	nested_a_in_b	2-1	2-1	True	53	0.128	0.143	gain	FP	FP
chr8	81397144	81404546	7402	36	1	0	7	nested_a_in_b	nested_a_in_b	2-1	2-1	True	44	0.128	0.133	gain	FP	FP
chr8	81397144	81410152	13008	14	1	0	5	nested_a_in_b	nested_a_in_b	2-1	2-1	True	20	0.128	0.185	gain	FP	FP
chr8	81399160	81404546	5386	45	1	0	8	nested_a_in_b	nested_a_in_b	2-1	2-1	True	54	0.144	0.133	gain	FP	FP
chr8	81399160	81410152	10992	19	1	0	6	nested_a_in_b	nested_a_in_b	2-1	2-1	True	26	0.144	0.185	gain	FP	FP
chr8	81401890	81404546	2656	59	1	0	11	nested_a_in_b	nested_a_in_b	2-1	2-1	True	71	0.143	0.133	gain	FP	FP
chr8	81401890	81410152	8262	25	1	0	9	nested_a_in_b	nested_a_in_b	2-1	2-1	True	35	0.143	0.185	gain	FP	FP
chr8	81402471	81404546	2075	57	1	0	10	nested_a_in_b	nested_a_in_b	2-1	2-1	True	68	0.129	0.133	gain	FP	FP
chr8	81402471	81410152	7681	24	1	0	8	nested_a_in_b	nested_a_in_b	2-1	2-1	True	33	0.129	0.185	gain	FP	FP
chr8	81404546	81410152	5606	39	1	0	9	nested_a_in_b	nested_a_in_b	2-1	2-1	True	49	0.133	0.185	gain	FP	FP
chr8	81407688	81410152	2464	54	1	0	12	nested_a_in_b	nested_a_in_b	2-1	2-1	True	67	0.161	0.185	gain	FP	FP
chr8	81407767	81410152	2385	55	1	0	12	nested_a_in_b	nested_a_in_b	2-1	2-1	True	68	0.151	0.185	gain	FP	FP
chr8	81409663	81410152	489	66	1	0	14	nested_a_in_b	nested_a_in_b	2-1	2-1	True	81	0.171	0.185	gain	FP	FP
chr8	81414548	81430934	16386	15	1	0	6	nested_a_in_b	nested_a_in_b	1-1	1-1	True	22	0.158	0.195	gain	FP	FP
chr8	81414548	81432622	18074	15	1	0	4	nested_a_in_b	nested_a_in_b	1-1	1-1	True	20	0.158	0.235	gain	FP	FP
chr8	81414548	81441605	27057	4	1	0	1	sparse	nested_a_in_b	1-1	1-1	True	6	0.158	0.208	gain	FP	FP
chr8	81415786	81430413	14627	16	1	0	7	nested_a_in_b	nested_a_in_b	1-1	1-1	True	24	0.174	0.259	gain	FP	FP
chr8	81415786	81430934	15148	17	1	0	7	nested_a_in_b	nested_a_in_b	1-1	1-1	True	25	0.174	0.195	gain	FP	FP
chr8	81415786	81432622	16836	17	1	0	5	nested_a_in_b	nested_a_in_b	1-1	1-1	True	23	0.174	0.235	gain	FP	FP
chr8	81415786	81441605	25819	5	1	0	2	nested_a_in_b	nested_a_in_b	1-1	1-1	True	8	0.174	0.208	gain	FP	FP
chr8	81417232	81430413	13181	20	1	0	7	nested_a_in_b	nested_a_in_b	1-1	1-1	True	28	0.149	0.259	gain	FP	FP
chr8	81417232	81430934	13702	21	1	0	7	nested_a_in_b	nested_a_in_b	1-1	1-1	True	29	0.149	0.195	gain	FP	FP
chr8	81417232	81432622	15390	21	1	0	5	nested_a_in_b	nested_a_in_b	1-1	1-1	True	27	0.149	0.235	gain	FP	FP
chr8	81417232	81441605	24373	5	1	0	2	nested_a_in_b	nested_a_in_b	1-1	1-1	True	8	0.149	0.208	gain	FP	FP
chr8	81417803	81430413	12610	19	1	0	7	nested_a_in_b	nested_a_in_b	1-1	1-1	True	27	0.16	0.259	gain	FP	FP
chr8	81417803	81430934	13131	20	1	0	7	nested_a_in_b	nested_a_in_b	1-1	1-1	True	28	0.16	0.195	gain	FP	FP
chr8	81417803	81432622	14819	20	1	0	5	nested_a_in_b	nested_a_in_b	1-1	1-1	True	26	0.16	0.235	gain	FP	FP
chr8	81417803	81441605	23802	5	1	0	2	nested_a_in_b	nested_a_in_b	1-1	1-1	True	8	0.16	0.208	gain	FP	FP
chr8	81418670	81430413	11743	22	1	0	6	nested_a_in_b	nested_a_in_b	1-1	1-1	True	29	0.159	0.259	gain	FP	FP
chr8	81418670	81430934	12264	22	1	0	6	nested_a_in_b	nested_a_in_b	1-1	1-1	True	29	0.159	0.195	gain	FP	FP
chr8	81418670	81432622	13952	22	1	0	4	nested_a_in_b	nested_a_in_b	1-1	1-1	True	27	0.159	0.235	gain	FP	FP
chr8	81418670	81441605	22935	6	1	0	2	nested_a_in_b	nested_a_in_b	1-1	1-1	True	9	0.159	0.208	gain	FP	FP
chr8	81419428	81420653	1225	59	2	0	13	nested_a_in_b	nested_a_in_b	1-1	1-1	True	74	0.174	0.19	gain	FP	FP
chr8	81419428	81428693	9265	27	1	0	7	nested_a_in_b	nested_a_in_b	1-1	1-1	True	35	0.174	0.179	gain	FP	FP
chr8	81419428	81430413	10985	23	2	0	7	nested_a_in_b	nested_a_in_b	1-1	1-1	True	32	0.174	0.259	gain	FP	FP
chr8	81419428	81430934	11506	24	1	0	7	nested_a_in_b	nested_a_in_b	1-1	1-1	True	32	0.174	0.195	gain	FP	FP
chr8	81419428	81432622	13194	23	1	0	5	nested_a_in_b	nested_a_in_b	1-1	1-1	True	29	0.174	0.235	gain	FP	FP
chr8	81419428	81441605	22177	6	1	0	2	nested_a_in_b	nested_a_in_b	1-1	1-1	True	9	0.174	0.208	gain	FP	FP
chr8	81419537	81420653	1116	62	2	0	13	nested_a_in_b	nested_a_in_b	1-1	1-1	True	77	0.174	0.19	gain	FP	FP
chr8	81419537	81428693	9156	30	1	0	7	nested_a_in_b	nested_a_in_b	1-1	1-1	True	38	0.174	0.179	gain	FP	FP
chr8	81419537	81430413	10876	25	2	0	7	nested_a_in_b	nested_a_in_b	1-1	1-1	True	34	0.174	0.259	gain	FP	FP
chr8	81419537	81430934	11397	26	1	0	7	nested_a_in_b	nested_a_in_b	1-1	1-1	True	34	0.174	0.195	gain	FP	FP
chr8	81419537	81432622	13085	24	1	0	5	nested_a_in_b	nested_a_in_b	1-1	1-1	True	30	0.174	0.235	gain	FP	FP
chr8	81419537	81441605	22068	6	1	0	2	nested_a_in_b	nested_a_in_b	1-1	1-1	True	9	0.174	0.208	gain	FP	FP
chr8	81420653	81441605	20952	6	1	0	2	nested_a_in_b	nested_a_in_b	1-1	1-1	True	9	0.19	0.208	gain	FP	FP
chr8	81422195	81423119	924	68	2	0	12	nested_a_in_b	nested_a_in_b	1-1	1-1	True	82	0.133	0.19	gain	FP	FP
chr8	81422195	81423327	1132	69	2	0	11	nested_a_in_b	nested_a_in_b	1-1	1-1	True	82	0.133	0.174	gain	FP	FP
chr8	81422195	81423841	1646	63	2	0	9	nested_a_in_b	nested_a_in_b	1-1	1-1	True	74	0.133	0.173	gain	FP	FP
chr8	81422195	81424849	2654	56	1	0	8	nested_a_in_b	nested_a_in_b	1-1	1-1	True	65	0.133	0.134	gain	FP	FP
chr8	81422195	81428693	6498	37	1	0	8	nested_a_in_b	nested_a_in_b	1-1	1-1	True	46	0.133	0.179	gain	FP	FP
chr8	81422195	81430413	8218	31	2	0	8	nested_a_in_b	nested_a_in_b	1-1	1-1	True	41	0.133	0.259	gain	FP	FP
chr8	81422195	81430934	8739	32	1	0	8	nested_a_in_b	nested_a_in_b	1-1	1-1	True	41	0.133	0.195	gain	FP	FP
chr8	81422195	81432622	10427	29	1	0	6	nested_a_in_b	nested_a_in_b	1-1	1-1	True	36	0.133	0.235	gain	FP	FP
chr8	81422195	81435384	13189	22	1	0	5	nested_a_in_b	nested_a_in_b	1-1	1-1	True	28	0.133	0.207	gain	FP	FP
chr8	81422195	81441605	19410	7	1	0	2	nested_a_in_b	nested_a_in_b	1-1	1-1	True	10	0.133	0.208	gain	FP	FP
chr8	81423119	81428693	5574	37	1	0	10	nested_a_in_b	nested_a_in_b	1-1	1-1	True	48	0.19	0.179	gain	FP	FP
chr8	81423119	81430413	7294	31	2	0	10	nested_a_in_b	nested_a_in_b	1-1	1-1	True	43	0.19	0.259	gain	FP	FP
chr8	81423119	81430934	7815	32	1	0	10	nested_a_in_b	nested_a_in_b	1-1	1-1	True	43	0.19	0.195	gain	FP	FP
chr8	81423119	81432622	9503	29	1	0	8	nested_a_in_b	nested_a_in_b	1-1	1-1	True	38	0.19	0.235	gain	FP	FP
chr8	81423119	81435384	12265	22	1	0	7	nested_a_in_b	nested_a_in_b	1-1	1-1	True	30	0.19	0.207	gain	FP	FP
chr8	81423119	81441605	18486	7	1	0	4	nested_a_in_b	nested_a_in_b	1-1	1-1	True	12	0.19	0.208	gain	FP	FP
chr8	81423327	81423841	514	64	1	0	12	nested_a_in_b	nested_a_in_b	1-1	1-1	True	77	0.174	0.173	gain	FP	FP
chr8	81423327	81424849	1522	58	1	0	10	nested_a_in_b	nested_a_in_b	1-1	1-1	True	69	0.174	0.134	gain	FP	FP
chr8	81423327	81428693	5366	38	1	0	9	nested_a_in_b	nested_a_in_b	1-1	1-1	True	48	0.174	0.179	gain	FP	FP
chr8	81423327	81430413	7086	31	2	0	9	nested_a_in_b	nested_a_in_b	1-1	1-1	True	42	0.174	0.259	gain	FP	FP
chr8	81423327	81430934	7607	32	1	0	9	nested_a_in_b	nested_a_in_b	1-1	1-1	True	42	0.174	0.195	gain	FP	FP
chr8	81423327	81432622	9295	29	1	0	8	nested_a_in_b	nested_a_in_b	1-1	1-1	True	38	0.174	0.235	gain	FP	FP
chr8	81423327	81435384	12057	22	1	0	7	nested_a_in_b	nested_a_in_b	1-1	1-1	True	30	0.174	0.207	gain	FP	FP
chr8	81423327	81441605	18278	7	1	0	4	nested_a_in_b	nested_a_in_b	1-1	1-1	True	12	0.174	0.208	gain	FP	FP
chr8	81423467	81423841	374	63	1	0	13	nested_a_in_b	nested_a_in_b	1-1	1-1	True	77	0.176	0.173	gain	FP	FP
chr8	81423467	81424849	1382	58	1	0	10	nested_a_in_b	nested_a_in_b	1-1	1-1	True	69	0.176	0.134	gain	FP	FP
chr8	81423467	81428693	5226	39	1	0	10	nested_a_in_b	nested_a_in_b	1-1	1-1	True	50	0.176	0.179	gain	FP	FP
chr8	81423467	81430413	6946	32	2	0	10	nested_a_in_b	nested_a_in_b	1-1	1-1	True	44	0.176	0.259	gain	FP	FP
chr8	81423467	81430934	7467	33	1	0	10	nested_a_in_b	nested_a_in_b	1-1	1-1	True	44	0.176	0.195	gain	FP	FP
chr8	81423467	81432622	9155	30	1	0	8	nested_a_in_b	nested_a_in_b	1-1	1-1	True	39	0.176	0.235	gain	FP	FP
chr8	81423467	81435384	11917	23	1	0	7	nested_a_in_b	nested_a_in_b	1-1	1-1	True	31	0.176	0.207	gain	FP	FP
chr8	81423467	81441605	18138	7	1	0	4	nested_a_in_b	nested_a_in_b	1-1	1-1	True	12	0.176	0.208	gain	FP	FP
chr8	81423583	81423841	258	63	2	0	12	nested_a_in_b	nested_a_in_b	1-1	1-1	True	77	0.183	0.173	gain	FP	FP
chr8	81423583	81424607	1024	57	1	0	11	nested_a_in_b	nested_a_in_b	1-1	1-1	True	69	0.183	0.141	gain	FP	FP
chr8	81423583	81424849	1266	55	1	0	10	nested_a_in_b	nested_a_in_b	1-1	1-1	True	66	0.183	0.134	gain	FP	FP
chr8	81423583	81424908	1325	56	1	0	10	nested_a_in_b	nested_a_in_b	1-1	1-1	True	67	0.183	0.133	gain	FP	FP
chr8	81423583	81426379	2796	46	1	0	10	nested_a_in_b	nested_a_in_b	1-1	1-1	True	57	0.183	0.133	gain	FP	FP
chr8	81423583	81427447	3864	40	1	0	10	nested_a_in_b	nested_a_in_b	1-1	1-1	True	51	0.183	0.145	gain	FP	FP
chr8	81423583	81428186	4603	40	1	0	9	nested_a_in_b	nested_a_in_b	1-1	1-1	True	50	0.183	0.145	gain	FP	FP
chr8	81423583	81428256	4673	38	1	0	9	nested_a_in_b	nested_a_in_b	1-1	1-1	True	48	0.183	0.16	gain	FP	FP
chr8	81423583	81428693	5110	37	2	0	9	nested_a_in_b	nested_a_in_b	1-1	1-1	True	48	0.183	0.179	gain	FP	FP
chr8	81423583	81428694	5111	38	1	0	9	nested_a_in_b	nested_a_in_b	1-1	1-1	True	48	0.183	0.169	gain	FP	FP
chr8	81423583	81430413	6830	31	3	0	9	nested_a_in_b	nested_a_in_b	1-1	1-1	True	43	0.183	0.259	gain	FP	FP
chr8	81423583	81430800	7217	33	1	0	9	nested_a_in_b	nested_a_in_b	1-1	1-1	True	43	0.183	0.23	gain	FP	FP
chr8	81423583	81430934	7351	32	2	0	9	nested_a_in_b	nested_a_in_b	1-1	1-1	True	43	0.183	0.195	gain	FP	FP
chr8	81423583	81431203	7620	32	1	0	9	nested_a_in_b	nested_a_in_b	1-1	1-1	True	42	0.183	0.209	gain	FP	FP
chr8	81423583	81431249	7666	32	1	0	9	nested_a_in_b	nested_a_in_b	1-1	1-1	True	42	0.183	0.202	gain	FP	FP
chr8	81423583	81435384	11801	21	1	0	7	nested_a_in_b	nested_a_in_b	1-1	1-1	True	29	0.183	0.207	gain	FP	FP
chr8	81423841	81428693	4852	40	1	0	9	nested_a_in_b	nested_a_in_b	1-1	1-1	True	50	0.173	0.179	gain	FP	FP
chr8	81423841	81430413	6572	33	2	0	9	nested_a_in_b	nested_a_in_b	1-1	1-1	True	44	0.173	0.259	gain	FP	FP
chr8	81423841	81430934	7093	34	1	0	9	nested_a_in_b	nested_a_in_b	1-1	1-1	True	44	0.173	0.195	gain	FP	FP
chr8	81423841	81432622	8781	30	1	0	7	nested_a_in_b	nested_a_in_b	1-1	1-1	True	38	0.173	0.235	gain	FP	FP
chr8	81423841	81435384	11543	23	1	0	6	nested_a_in_b	nested_a_in_b	1-1	1-1	True	30	0.173	0.207	gain	FP	FP
chr8	81423841	81441605	17764	7	1	0	4	nested_a_in_b	nested_a_in_b	1-1	1-1	True	12	0.173	0.208	gain	FP	FP
chr8	81424607	81424849	242	71	1	0	10	nested_a_in_b	nested_a_in_b	1-1	1-1	True	82	0.141	0.134	gain	FP	FP
chr8	81424607	81428693	4086	46	1	0	10	nested_a_in_b	nested_a_in_b	1-1	1-1	True	57	0.141	0.179	gain	FP	FP
chr8	81424607	81430413	5806	37	2	0	10	nested_a_in_b	nested_a_in_b	1-1	1-1	True	49	0.141	0.259	gain	FP	FP
chr8	81424607	81430934	6327	38	1	0	10	nested_a_in_b	nested_a_in_b	1-1	1-1	True	49	0.141	0.195	gain	FP	FP
chr8	81424607	81432622	8015	30	1	0	8	nested_a_in_b	nested_a_in_b	1-1	1-1	True	39	0.141	0.235	gain	FP	FP
chr8	81424607	81435384	10777	23	1	0	7	nested_a_in_b	nested_a_in_b	1-1	1-1	True	31	0.141	0.207	gain	FP	FP
chr8	81424607	81441605	16998	7	1	0	4	nested_a_in_b	nested_a_in_b	1-1	1-1	True	12	0.141	0.208	gain	FP	FP
chr8	81424849	81428693	3844	46	1	0	9	nested_a_in_b	nested_a_in_b	1-1	1-1	True	56	0.134	0.179	gain	FP	FP
chr8	81424849	81430413	5564	37	2	0	9	nested_a_in_b	nested_a_in_b	1-1	1-1	True	48	0.134	0.259	gain	FP	FP
chr8	81424849	81430934	6085	38	1	0	9	nested_a_in_b	nested_a_in_b	1-1	1-1	True	48	0.134	0.195	gain	FP	FP
chr8	81424849	81432622	7773	30	1	0	8	nested_a_in_b	nested_a_in_b	1-1	1-1	True	39	0.134	0.235	gain	FP	FP
chr8	81424849	81435384	10535	23	1	0	7	nested_a_in_b	nested_a_in_b	1-1	1-1	True	31	0.134	0.207	gain	FP	FP
chr8	81424849	81441605	16756	7	1	0	4	nested_a_in_b	nested_a_in_b	1-1	1-1	True	12	0.134	0.208	gain	FP	FP
chr8	81424908	81428693	3785	46	1	0	10	nested_a_in_b	nested_a_in_b	1-1	1-1	True	57	0.133	0.179	gain	FP	FP
chr8	81424908	81430413	5505	37	2	0	10	nested_a_in_b	nested_a_in_b	1-1	1-1	True	49	0.133	0.259	gain	FP	FP
chr8	81424908	81430934	6026	38	1	0	10	nested_a_in_b	nested_a_in_b	1-1	1-1	True	49	0.133	0.195	gain	FP	FP
chr8	81424908	81432622	7714	30	1	0	8	nested_a_in_b	nested_a_in_b	1-1	1-1	True	39	0.133	0.235	gain	FP	FP
chr8	81424908	81435384	10476	23	1	0	7	nested_a_in_b	nested_a_in_b	1-1	1-1	True	31	0.133	0.207	gain	FP	FP
chr8	81424908	81441605	16697	7	1	0	4	nested_a_in_b	nested_a_in_b	1-1	1-1	True	12	0.133	0.208	gain	FP	FP
chr8	81425637	81426379	742	67	1	0	10	nested_a_in_b	nested_a_in_b	1-1	1-1	True	78	0.119	0.133	gain	FP	FP
chr8	81425637	81427447	1810	53	1	0	10	nested_a_in_b	nested_a_in_b	1-1	1-1	True	64	0.119	0.145	gain	FP	FP
chr8	81425637	81428186	2549	52	1	0	9	nested_a_in_b	nested_a_in_b	1-1	1-1	True	62	0.119	0.145	gain	FP	FP
chr8	81425637	81428256	2619	49	1	0	9	nested_a_in_b	nested_a_in_b	1-1	1-1	True	59	0.119	0.16	gain	FP	FP
chr8	81425637	81428693	3056	48	2	0	9	nested_a_in_b	nested_a_in_b	1-1	1-1	True	59	0.119	0.179	gain	FP	FP
chr8	81425637	81428694	3057	49	1	0	9	nested_a_in_b	nested_a_in_b	1-1	1-1	True	59	0.119	0.169	gain	FP	FP
chr8	81425637	81430413	4776	38	3	0	9	nested_a_in_b	nested_a_in_b	1-1	1-1	True	50	0.119	0.259	gain	FP	FP
chr8	81425637	81430800	5163	40	1	0	9	nested_a_in_b	nested_a_in_b	1-1	1-1	True	50	0.119	0.23	gain	FP	FP
chr8	81425637	81430934	5297	39	2	0	9	nested_a_in_b	nested_a_in_b	1-1	1-1	True	50	0.119	0.195	gain	FP	FP
chr8	81425637	81431203	5566	37	1	0	9	nested_a_in_b	nested_a_in_b	1-1	1-1	True	47	0.119	0.209	gain	FP	FP
chr8	81425637	81431249	5612	36	1	0	9	nested_a_in_b	nested_a_in_b	1-1	1-1	True	46	0.119	0.202	gain	FP	FP
chr8	81425637	81432622	6985	30	2	0	7	nested_a_in_b	nested_a_in_b	1-1	1-1	True	39	0.119	0.235	gain	FP	FP
chr8	81425637	81433532	7895	28	1	0	7	nested_a_in_b	nested_a_in_b	1-1	1-1	True	36	0.119	0.193	gain	FP	FP
chr8	81425637	81434164	8527	28	1	0	6	nested_a_in_b	nested_a_in_b	1-1	1-1	True	35	0.119	0.205	gain	FP	FP
chr8	81425637	81434245	8608	28	1	0	6	nested_a_in_b	nested_a_in_b	1-1	1-1	True	35	0.119	0.17	gain	FP	FP
chr8	81425637	81434701	9064	26	1	0	6	nested_a_in_b	nested_a_in_b	1-1	1-1	True	33	0.119	0.14	gain	FP	FP
chr8	81425637	81434745	9108	26	1	0	6	nested_a_in_b	nested_a_in_b	1-1	1-1	True	33	0.119	0.149	gain	FP	FP
chr8	81425637	81435384	9747	23	2	0	6	nested_a_in_b	nested_a_in_b	1-1	1-1	True	31	0.119	0.207	gain	FP	FP
chr8	81425637	81435550	9913	23	1	0	6	nested_a_in_b	nested_a_in_b	1-1	1-1	True	30	0.119	0.143	gain	FP	FP
chr8	81425637	81441605	15968	7	1	0	4	nested_a_in_b	nested_a_in_b	1-1	1-1	True	12	0.119	0.208	gain	FP	FP
chr8	81426379	81428693	2314	56	1	0	10	nested_a_in_b	nested_a_in_b	1-1	1-1	True	67	0.133	0.179	gain	FP	FP
chr8	81426379	81430413	4034	43	2	0	10	nested_a_in_b	nested_a_in_b	1-1	1-1	True	55	0.133	0.259	gain	FP	FP
chr8	81426379	81430800	4421	44	2	0	10	nested_a_in_b	nested_a_in_b	1-1	1-1	True	56	0.133	0.23	gain	FP	FP
chr8	81426379	81430934	4555	45	1	0	10	nested_a_in_b	nested_a_in_b	1-1	1-1	True	56	0.133	0.195	gain	FP	FP
chr8	81426379	81432622	6243	35	2	0	8	nested_a_in_b	nested_a_in_b	1-1	1-1	True	45	0.133	0.235	gain	FP	FP
chr8	81426379	81435384	9005	27	3	0	7	nested_a_in_b	nested_a_in_b	1-1	1-1	True	37	0.133	0.207	gain	FP	FP
chr8	81426379	81441605	15226	8	1	0	4	nested_a_in_b	nested_a_in_b	1-1	1-1	True	13	0.133	0.208	gain	FP	FP
chr8	81427447	81428693	1246	59	1	0	10	nested_a_in_b	nested_a_in_b	1-1	1-1	True	70	0.145	0.179	gain	FP	FP
chr8	81427447	81430413	2966	45	2	0	10	nested_a_in_b	nested_a_in_b	1-1	1-1	True	57	0.145	0.259	gain	FP	FP
chr8	81427447	81430800	3353	46	2	0	10	nested_a_in_b	nested_a_in_b	1-1	1-1	True	58	0.145	0.23	gain	FP	FP
chr8	81427447	81430934	3487	47	1	0	10	nested_a_in_b	nested_a_in_b	1-1	1-1	True	58	0.145	0.195	gain	FP	FP
chr8	81427447	81432622	5175	36	2	0	8	nested_a_in_b	nested_a_in_b	1-1	1-1	True	46	0.145	0.235	gain	FP	FP
chr8	81427447	81435384	7937	27	3	0	7	nested_a_in_b	nested_a_in_b	1-1	1-1	True	37	0.145	0.207	gain	FP	FP
chr8	81427447	81441605	14158	8	1	0	4	nested_a_in_b	nested_a_in_b	1-1	1-1	True	13	0.145	0.208	gain	FP	FP
chr8	81428186	81428693	507	67	1	0	12	nested_a_in_b	nested_a_in_b	1-1	1-1	True	80	0.145	0.179	gain	FP	FP
chr8	81428186	81430413	2227	47	5	0	12	nested_a_in_b	nested_a_in_b	1-1	1-1	True	64	0.145	0.259	gain	FP	FP
chr8	81428186	81430800	2614	51	2	0	12	nested_a_in_b	nested_a_in_b	1-1	1-1	True	65	0.145	0.23	gain	FP	FP
chr8	81428186	81430934	2748	52	1	0	12	nested_a_in_b	nested_a_in_b	1-1	1-1	True	65	0.145	0.195	gain	FP	FP
chr8	81428186	81432622	4436	39	3	0	10	nested_a_in_b	nested_a_in_b	1-1	1-1	True	52	0.145	0.235	gain	FP	FP
chr8	81428186	81435384	7198	28	3	0	8	nested_a_in_b	nested_a_in_b	1-1	1-1	True	39	0.145	0.207	gain	FP	FP
chr8	81428186	81441605	13419	9	1	0	5	nested_a_in_b	nested_a_in_b	1-1	1-1	True	15	0.145	0.208	gain	FP	FP
chr8	81428256	81428693	437	67	1	0	13	nested_a_in_b	nested_a_in_b	1-1	1-1	True	81	0.16	0.179	gain	FP	FP
chr8	81428256	81430413	2157	47	5	0	13	nested_a_in_b	nested_a_in_b	1-1	1-1	True	65	0.16	0.259	gain	FP	FP
chr8	81428256	81430800	2544	51	2	0	13	nested_a_in_b	nested_a_in_b	1-1	1-1	True	66	0.16	0.23	gain	FP	FP
chr8	81428256	81430934	2678	52	1	0	13	nested_a_in_b	nested_a_in_b	1-1	1-1	True	66	0.16	0.195	gain	FP	FP
chr8	81428256	81432622	4366	39	3	0	11	nested_a_in_b	nested_a_in_b	1-1	1-1	True	53	0.16	0.235	gain	FP	FP
chr8	81428256	81435384	7128	28	3	0	9	nested_a_in_b	nested_a_in_b	1-1	1-1	True	40	0.16	0.207	gain	FP	FP
chr8	81428256	81441605	13349	9	1	0	5	nested_a_in_b	nested_a_in_b	1-1	1-1	True	15	0.16	0.208	gain	FP	FP
chr8	81428693	81441605	12912	10	1	0	6	nested_a_in_b	nested_a_in_b	1-1	1-1	True	17	0.179	0.208	gain	FP	FP
chr8	81428694	81430413	1719	48	5	0	14	nested_a_in_b	nested_a_in_b	1-1	1-1	True	67	0.169	0.259	gain	FP	FP
chr8	81428694	81430800	2106	51	2	0	14	nested_a_in_b	nested_a_in_b	1-1	1-1	True	67	0.169	0.23	gain	FP	FP
chr8	81428694	81430934	2240	52	1	0	14	nested_a_in_b	nested_a_in_b	1-1	1-1	True	67	0.169	0.195	gain	FP	FP
chr8	81428694	81432622	3928	40	2	0	12	nested_a_in_b	nested_a_in_b	1-1	1-1	True	54	0.169	0.235	gain	FP	FP
chr8	81428694	81435384	6690	28	3	0	10	nested_a_in_b	nested_a_in_b	1-1	1-1	True	41	0.169	0.207	gain	FP	FP
chr8	81428694	81441605	12911	10	1	0	6	nested_a_in_b	nested_a_in_b	1-1	1-1	True	17	0.169	0.208	gain	FP	FP
chr8	81430413	81451118	20705	10	1	0	2	nested_a_in_b	nested_a_in_b	1-1	1-1	True	13	0.259	0.185	gain	FP	FP
chr8	81430450	81430800	350	66	7	0	13	nested_a_in_b	nested_a_in_b	1-1	1-1	True	86	0.148	0.23	gain	FP	FP
chr8	81430450	81430934	484	68	4	0	13	nested_a_in_b	nested_a_in_b	1-1	1-1	True	85	0.148	0.195	gain	FP	FP
chr8	81430450	81431203	753	67	3	0	13	nested_a_in_b	nested_a_in_b	1-1	1-1	True	83	0.148	0.209	gain	FP	FP
chr8	81430450	81431249	799	65	3	0	13	nested_a_in_b	nested_a_in_b	1-1	1-1	True	81	0.148	0.202	gain	FP	FP
chr8	81430450	81432622	2172	53	5	0	12	nested_a_in_b	nested_a_in_b	1-1	1-1	True	70	0.148	0.235	gain	FP	FP
chr8	81430450	81433532	3082	50	1	0	12	nested_a_in_b	nested_a_in_b	1-1	1-1	True	63	0.148	0.193	gain	FP	FP
chr8	81430450	81434164	3714	49	1	0	11	nested_a_in_b	nested_a_in_b	1-1	1-1	True	61	0.148	0.205	gain	FP	FP
chr8	81430450	81434745	4295	48	1	0	10	nested_a_in_b	nested_a_in_b	1-1	1-1	True	59	0.148	0.149	gain	FP	FP
chr8	81430450	81435384	4934	41	5	0	10	nested_a_in_b	nested_a_in_b	1-1	1-1	True	56	0.148	0.207	gain	FP	FP
chr8	81430450	81441605	11155	19	1	0	6	nested_a_in_b	nested_a_in_b	1-1	1-1	True	26	0.148	0.208	gain	FP	FP
chr8	81430450	81451118	20668	10	1	0	2	nested_a_in_b	nested_a_in_b	1-1	1-1	True	13	0.148	0.185	gain	FP	FP
chr8	81430800	81441359	10559	27	1	0	6	nested_a_in_b	nested_a_in_b	1-1	1-1	True	34	0.23	0.17	gain	FP	FP
chr8	81430800	81441605	10805	19	1	0	6	nested_a_in_b	nested_a_in_b	1-1	1-1	True	26	0.23	0.208	gain	FP	FP
chr8	81430800	81451118	20318	11	1	0	2	nested_a_in_b	nested_a_in_b	1-1	1-1	True	14	0.23	0.185	gain	FP	FP
chr8	81430934	81441359	10425	27	1	0	6	nested_a_in_b	nested_a_in_b	1-1	1-1	True	34	0.195	0.17	gain	FP	FP
chr8	81430934	81441605	10671	19	1	0	6	nested_a_in_b	nested_a_in_b	1-1	1-1	True	26	0.195	0.208	gain	FP	FP
chr8	81430934	81451118	20184	11	1	0	2	nested_a_in_b	nested_a_in_b	1-1	1-1	True	14	0.195	0.185	gain	FP	FP
chr8	81431203	81432622	1419	58	4	0	15	nested_a_in_b	nested_a_in_b	1-1	1-1	True	77	0.209	0.235	gain	FP	FP
chr8	81431203	81435384	4181	43	5	0	13	nested_a_in_b	nested_a_in_b	1-1	1-1	True	61	0.209	0.207	gain	FP	FP
chr8	81431203	81441359	10156	28	1	0	8	nested_a_in_b	nested_a_in_b	1-1	1-1	True	37	0.209	0.17	gain	FP	FP
chr8	81431203	81441605	10402	20	1	0	8	nested_a_in_b	nested_a_in_b	1-1	1-1	True	29	0.209	0.208	gain	FP	FP
chr8	81431203	81451118	19915	12	1	0	4	nested_a_in_b	nested_a_in_b	1-1	1-1	True	17	0.209	0.185	gain	FP	FP
chr8	81431249	81432622	1373	57	5	0	14	nested_a_in_b	nested_a_in_b	1-1	1-1	True	76	0.202	0.235	gain	FP	FP
chr8	81431249	81433532	2283	52	1	0	14	nested_a_in_b	nested_a_in_b	1-1	1-1	True	67	0.202	0.193	gain	FP	FP
chr8	81431249	81434164	2915	52	1	0	13	nested_a_in_b	nested_a_in_b	1-1	1-1	True	66	0.202	0.205	gain	FP	FP
chr8	81431249	81434745	3496	50	1	0	12	nested_a_in_b	nested_a_in_b	1-1	1-1	True	63	0.202	0.149	gain	FP	FP
chr8	81431249	81435384	4135	42	6	0	12	nested_a_in_b	nested_a_in_b	1-1	1-1	True	60	0.202	0.207	gain	FP	FP
chr8	81431249	81435550	4301	46	1	0	10	nested_a_in_b	nested_a_in_b	1-1	1-1	True	57	0.202	0.143	gain	FP	FP
chr8	81431249	81437858	6609	35	1	0	9	nested_a_in_b	nested_a_in_b	1-1	1-1	True	45	0.202	0.151	gain	FP	FP
chr8	81431249	81437965	6716	35	1	0	9	nested_a_in_b	nested_a_in_b	1-1	1-1	True	45	0.202	0.136	gain	FP	FP
chr8	81431249	81440106	8857	33	1	0	5	nested_a_in_b	nested_a_in_b	1-1	1-1	True	39	0.202	0.102	gain	FP	FP
chr8	81431249	81440843	9594	32	1	0	7	nested_a_in_b	nested_a_in_b	1-1	1-1	True	40	0.202	0.14	gain	FP	FP
chr8	81431249	81441359	10110	28	2	0	7	nested_a_in_b	nested_a_in_b	1-1	1-1	True	37	0.202	0.17	gain	FP	FP
chr8	81431249	81441418	10169	28	1	0	7	nested_a_in_b	nested_a_in_b	1-1	1-1	True	36	0.202	0.138	gain	FP	FP
chr8	81431249	81441605	10356	19	2	0	7	nested_a_in_b	nested_a_in_b	1-1	1-1	True	28	0.202	0.208	gain	FP	FP
chr8	81431249	81443283	12034	24	1	0	6	nested_a_in_b	nested_a_in_b	1-1	1-1	True	31	0.202	0.129	gain	FP	FP
chr8	81431249	81443386	12137	21	1	0	6	nested_a_in_b	nested_a_in_b	1-1	1-1	True	28	0.202	0.129	gain	FP	FP
chr8	81431249	81443478	12229	22	1	0	5	nested_a_in_b	nested_a_in_b	1-1	1-1	True	28	0.202	0.122	gain	FP	FP
chr8	81431249	81448631	17382	15	1	0	3	nested_a_in_b	nested_a_in_b	1-1	1-1	True	19	0.202	0.165	gain	FP	FP
chr8	81431249	81448660	17411	14	1	0	3	nested_a_in_b	nested_a_in_b	1-1	1-1	True	18	0.202	0.167	gain	FP	FP
chr8	81431249	81449286	18037	13	1	0	3	nested_a_in_b	nested_a_in_b	1-1	1-1	True	17	0.202	0.154	gain	FP	FP
chr8	81431249	81451107	19858	12	1	0	3	nested_a_in_b	nested_a_in_b	1-1	1-1	True	16	0.202	0.167	gain	FP	FP
chr8	81431249	81451118	19869	11	2	0	3	nested_a_in_b	nested_a_in_b	1-1	1-1	True	16	0.202	0.185	gain	FP	FP
chr8	81431249	81455481	24232	9	1	0	2	nested_a_in_b	nested_a_in_b	1-1	1-1	True	12	0.202	0.139	gain	FP	FP
chr8	81431249	81455541	24292	9	1	0	2	nested_a_in_b	nested_a_in_b	1-1	1-1	True	12	0.202	0.13	gain	FP	FP
chr8	81431249	81456034	24785	8	1	0	2	nested_a_in_b	nested_a_in_b	1-1	1-1	True	11	0.202	0.168	gain	FP	FP
chr8	81431249	81460303	29054	7	1	0	2	nested_a_in_b	nested_a_in_b	1-1	1-1	True	10	0.202	0.115	gain	FP	FP
chr8	81431249	81465297	34048	4	1	0	2	nested_a_in_b	nested_a_in_b	1-1	1-1	True	7	0.202	0.136	gain	FP	FP
chr8	81431249	81467265	36016	3	1	0	2	nested_a_in_b	nested_a_in_b	1-1	1-1	True	6	0.202	0.172	gain	FP	FP
chr8	81431249	81468003	36754	3	1	0	2	nested_a_in_b	nested_a_in_b	1-1	1-1	True	6	0.202	0.17	gain	FP	FP
chr8	81431249	81469430	38181	3	1	0	2	nested_a_in_b	nested_a_in_b	1-1	1-1	True	6	0.202	0.196	gain	FP	FP
chr8	81431249	81469478	38229	3	1	0	2	nested_a_in_b	nested_a_in_b	1-1	1-1	True	6	0.202	0.205	gain	FP	FP
chr8	81431249	81470325	39076	3	1	0	2	nested_a_in_b	nested_a_in_b	1-1	1-1	True	6	0.202	0.167	gain	FP	FP
chr8	81433532	81434164	632	63	2	0	15	nested_a_in_b	nested_a_in_b	1-1	1-1	True	80	0.193	0.205	gain	FP	FP
chr8	81433532	81435384	1852	56	5	0	13	nested_a_in_b	nested_a_in_b	1-1	1-1	True	74	0.193	0.207	gain	FP	FP
chr8	81433532	81435550	2018	60	1	0	11	nested_a_in_b	nested_a_in_b	1-1	1-1	True	72	0.193	0.143	gain	FP	FP
chr8	81433532	81437858	4326	43	1	0	10	nested_a_in_b	nested_a_in_b	1-1	1-1	True	54	0.193	0.151	gain	FP	FP
chr8	81433532	81441359	7827	36	1	0	8	nested_a_in_b	nested_a_in_b	1-1	1-1	True	45	0.193	0.17	gain	FP	FP
chr8	81433532	81441605	8073	25	1	0	8	nested_a_in_b	nested_a_in_b	1-1	1-1	True	34	0.193	0.208	gain	FP	FP
chr8	81433532	81451118	17586	16	1	0	4	nested_a_in_b	nested_a_in_b	1-1	1-1	True	21	0.193	0.185	gain	FP	FP
chr8	81434164	81451118	16954	16	1	0	4	nested_a_in_b	nested_a_in_b	1-1	1-1	True	21	0.205	0.185	gain	FP	FP
chr8	81434245	81448631	14386	21	1	0	3	nested_a_in_b	nested_a_in_b	1-1	1-1	True	25	0.17	0.165	gain	FP	FP
chr8	81434245	81448660	14415	20	1	0	3	nested_a_in_b	nested_a_in_b	1-1	1-1	True	24	0.17	0.167	gain	FP	FP
chr8	81434245	81449286	15041	19	1	0	3	nested_a_in_b	nested_a_in_b	1-1	1-1	True	23	0.17	0.154	gain	FP	FP
chr8	81434245	81451107	16862	18	1	0	3	nested_a_in_b	nested_a_in_b	1-1	1-1	True	22	0.17	0.167	gain	FP	FP
chr8	81434245	81451118	16873	17	2	0	3	nested_a_in_b	nested_a_in_b	1-1	1-1	True	22	0.17	0.185	gain	FP	FP
chr8	81434701	81434745	44	78	1	0	13	nested_a_in_b	nested_a_in_b	1-1	1-1	True	92	0.14	0.149	gain	FP	FP
chr8	81434701	81435384	683	65	6	0	13	nested_a_in_b	nested_a_in_b	1-1	1-1	True	84	0.14	0.207	gain	FP	FP
chr8	81434701	81435550	849	69	1	0	12	nested_a_in_b	nested_a_in_b	1-1	1-1	True	82	0.14	0.143	gain	FP	FP
chr8	81434701	81437858	3157	48	2	0	10	nested_a_in_b	nested_a_in_b	1-1	1-1	True	60	0.14	0.151	gain	FP	FP
chr8	81434701	81437965	3264	51	1	0	10	nested_a_in_b	nested_a_in_b	1-1	1-1	True	62	0.14	0.136	gain	FP	FP
chr8	81434701	81440843	6142	45	1	0	8	nested_a_in_b	nested_a_in_b	1-1	1-1	True	54	0.14	0.14	gain	FP	FP
chr8	81434701	81441359	6658	40	2	0	8	nested_a_in_b	nested_a_in_b	1-1	1-1	True	50	0.14	0.17	gain	FP	FP
chr8	81434701	81441418	6717	41	1	0	8	nested_a_in_b	nested_a_in_b	1-1	1-1	True	50	0.14	0.138	gain	FP	FP
chr8	81434701	81441605	6904	28	2	0	8	nested_a_in_b	nested_a_in_b	1-1	1-1	True	38	0.14	0.208	gain	FP	FP
chr8	81434701	81441664	6963	36	1	0	6	nested_a_in_b	nested_a_in_b	1-1	1-1	True	43	0.14	0.136	gain	FP	FP
chr8	81434701	81443283	8582	36	1	0	7	nested_a_in_b	nested_a_in_b	1-1	1-1	True	44	0.14	0.129	gain	FP	FP
chr8	81434701	81443386	8685	34	1	0	7	nested_a_in_b	nested_a_in_b	1-1	1-1	True	42	0.14	0.129	gain	FP	FP
chr8	81434701	81443478	8777	33	1	0	6	nested_a_in_b	nested_a_in_b	1-1	1-1	True	40	0.14	0.122	gain	FP	FP
chr8	81434701	81448631	13930	21	1	0	4	nested_a_in_b	nested_a_in_b	1-1	1-1	True	26	0.14	0.165	gain	FP	FP
chr8	81434701	81448660	13959	20	1	0	4	nested_a_in_b	nested_a_in_b	1-1	1-1	True	25	0.14	0.167	gain	FP	FP
chr8	81434701	81449286	14585	19	1	0	4	nested_a_in_b	nested_a_in_b	1-1	1-1	True	24	0.14	0.154	gain	FP	FP
chr8	81434701	81451107	16406	18	1	0	4	nested_a_in_b	nested_a_in_b	1-1	1-1	True	23	0.14	0.167	gain	FP	FP
chr8	81434701	81451118	16417	17	2	0	4	nested_a_in_b	nested_a_in_b	1-1	1-1	True	23	0.14	0.185	gain	FP	FP
chr8	81434745	81435384	639	67	5	0	14	nested_a_in_b	nested_a_in_b	1-1	1-1	True	86	0.149	0.207	gain	FP	FP
chr8	81434745	81435550	805	71	1	0	12	nested_a_in_b	nested_a_in_b	1-1	1-1	True	84	0.149	0.143	gain	FP	FP
chr8	81434745	81437858	3113	49	1	0	11	nested_a_in_b	nested_a_in_b	1-1	1-1	True	61	0.149	0.151	gain	FP	FP
chr8	81434745	81441359	6614	41	1	0	9	nested_a_in_b	nested_a_in_b	1-1	1-1	True	51	0.149	0.17	gain	FP	FP
chr8	81434745	81441605	6860	29	1	0	9	nested_a_in_b	nested_a_in_b	1-1	1-1	True	39	0.149	0.208	gain	FP	FP
chr8	81434745	81451118	16373	18	1	0	5	nested_a_in_b	nested_a_in_b	1-1	1-1	True	24	0.149	0.185	gain	FP	FP
chr8	81435550	81437858	2308	54	1	0	10	nested_a_in_b	nested_a_in_b	1-1	1-1	True	65	0.143	0.151	gain	FP	FP
chr8	81435550	81441605	6055	31	1	0	8	nested_a_in_b	nested_a_in_b	1-1	1-1	True	40	0.143	0.208	gain	FP	FP
chr8	81436544	81437858	1314	59	2	0	10	nested_a_in_b	nested_a_in_b	1-1	1-1	True	71	0.126	0.151	gain	FP	FP
chr8	81436544	81437965	1421	61	1	0	10	nested_a_in_b	nested_a_in_b	1-1	1-1	True	72	0.126	0.136	gain	FP	FP
chr8	81436544	81440106	3562	55	1	0	6	nested_a_in_b	nested_a_in_b	1-1	1-1	True	62	0.126	0.102	gain	FP	FP
chr8	81436544	81440843	4299	54	1	0	8	nested_a_in_b	nested_a_in_b	1-1	1-1	True	63	0.126	0.14	gain	FP	FP
chr8	81436544	81441359	4815	48	2	0	8	nested_a_in_b	nested_a_in_b	1-1	1-1	True	58	0.126	0.17	gain	FP	FP
chr8	81436544	81441418	4874	49	1	0	8	nested_a_in_b	nested_a_in_b	1-1	1-1	True	58	0.126	0.138	gain	FP	FP
chr8	81436544	81441605	5061	36	2	0	8	nested_a_in_b	nested_a_in_b	1-1	1-1	True	46	0.126	0.208	gain	FP	FP
chr8	81436544	81443283	6739	44	1	0	7	nested_a_in_b	nested_a_in_b	1-1	1-1	True	52	0.126	0.129	gain	FP	FP
chr8	81436544	81443386	6842	42	1	0	7	nested_a_in_b	nested_a_in_b	1-1	1-1	True	50	0.126	0.129	gain	FP	FP
chr8	81436544	81443478	6934	41	1	0	6	nested_a_in_b	nested_a_in_b	1-1	1-1	True	48	0.126	0.122	gain	FP	FP
chr8	81436544	81448631	12087	28	1	0	4	nested_a_in_b	nested_a_in_b	1-1	1-1	True	33	0.126	0.165	gain	FP	FP
chr8	81436544	81448660	12116	27	1	0	4	nested_a_in_b	nested_a_in_b	1-1	1-1	True	32	0.126	0.167	gain	FP	FP
chr8	81436544	81449286	12742	26	1	0	4	nested_a_in_b	nested_a_in_b	1-1	1-1	True	31	0.126	0.154	gain	FP	FP
chr8	81436544	81451107	14563	23	1	0	4	nested_a_in_b	nested_a_in_b	1-1	1-1	True	28	0.126	0.167	gain	FP	FP
chr8	81436544	81451118	14574	22	2	0	4	nested_a_in_b	nested_a_in_b	1-1	1-1	True	28	0.126	0.185	gain	FP	FP
chr8	81436544	81455481	18937	16	1	0	3	nested_a_in_b	nested_a_in_b	1-1	1-1	True	20	0.126	0.139	gain	FP	FP
chr8	81436544	81455541	18997	16	1	0	3	nested_a_in_b	nested_a_in_b	1-1	1-1	True	20	0.126	0.13	gain	FP	FP
chr8	81436544	81456034	19490	15	1	0	3	nested_a_in_b	nested_a_in_b	1-1	1-1	True	19	0.126	0.168	gain	FP	FP
chr8	81436544	81460303	23759	12	1	0	2	nested_a_in_b	nested_a_in_b	1-1	1-1	True	15	0.126	0.115	gain	FP	FP
chr8	81436544	81465297	28753	7	1	0	2	nested_a_in_b	nested_a_in_b	1-1	1-1	True	10	0.126	0.136	gain	FP	FP
chr8	81436544	81465977	29433	4	1	0	1	sparse	nested_a_in_b	1-1	1-1	True	6	0.126	0.138	gain	FP	FP
chr8	81436544	81467265	30721	5	1	0	2	nested_a_in_b	nested_a_in_b	1-1	1-1	True	8	0.126	0.172	gain	FP	FP
chr8	81436544	81468003	31459	4	1	0	2	nested_a_in_b	nested_a_in_b	1-1	1-1	True	7	0.126	0.17	gain	FP	FP
chr8	81436544	81469430	32886	4	1	0	2	nested_a_in_b	nested_a_in_b	1-1	1-1	True	7	0.126	0.196	gain	FP	FP
chr8	81436544	81469478	32934	4	1	0	2	nested_a_in_b	nested_a_in_b	1-1	1-1	True	7	0.126	0.205	gain	FP	FP
chr8	81436544	81470325	33781	4	1	0	2	nested_a_in_b	nested_a_in_b	1-1	1-1	True	7	0.126	0.167	gain	FP	FP
chr8	81437858	81451118	13260	22	1	0	6	nested_a_in_b	nested_a_in_b	1-1	1-1	True	29	0.151	0.185	gain	FP	FP
chr8	81437965	81441359	3394	53	1	0	10	nested_a_in_b	nested_a_in_b	1-1	1-1	True	64	0.136	0.17	gain	FP	FP
chr8	81437965	81441605	3640	40	1	0	10	nested_a_in_b	nested_a_in_b	1-1	1-1	True	51	0.136	0.208	gain	FP	FP
chr8	81437965	81451118	13153	23	1	0	6	nested_a_in_b	nested_a_in_b	1-1	1-1	True	30	0.136	0.185	gain	FP	FP
chr8	81440016	81448630	8614	34	1	0	3	nested_a_in_b	nested_a_in_b	2-1	2-1	True	38	0.11	0.156	gain	FP	FP
chr8	81440016	81452668	12652	20	1	0	3	nested_a_in_b	nested_a_in_b	2-1	2-1	True	24	0.11	0.153	gain	FP	FP
chr8	81440106	81441359	1253	64	2	0	9	nested_a_in_b	nested_a_in_b	1-1	1-1	True	75	0.102	0.17	gain	FP	FP
chr8	81440106	81441605	1499	49	1	0	9	nested_a_in_b	nested_a_in_b	1-1	1-1	True	59	0.102	0.208	gain	FP	FP
chr8	81440106	81451118	11012	25	1	0	4	nested_a_in_b	nested_a_in_b	1-1	1-1	True	30	0.102	0.185	gain	FP	FP
chr8	81440843	81441359	516	65	2	0	12	nested_a_in_b	nested_a_in_b	1-1	1-1	True	79	0.14	0.17	gain	FP	FP
chr8	81440843	81441605	762	50	1	0	12	nested_a_in_b	nested_a_in_b	1-1	1-1	True	63	0.14	0.208	gain	FP	FP
chr8	81440843	81451118	10275	24	1	0	6	nested_a_in_b	nested_a_in_b	1-1	1-1	True	31	0.14	0.185	gain	FP	FP
chr8	81441268	81441359	91	72	4	0	9	nested_a_in_b	nested_a_in_b	1-1	1-1	True	85	0.103	0.17	gain	FP	FP
chr8	81441268	81441418	150	74	2	0	8	nested_a_in_b	nested_a_in_b	1-1	1-1	True	84	0.103	0.138	gain	FP	FP
chr8	81441268	81441605	337	55	3	0	9	nested_a_in_b	nested_a_in_b	1-1	1-1	True	67	0.103	0.208	gain	FP	FP
chr8	81441268	81441664	396	66	2	0	8	nested_a_in_b	nested_a_in_b	1-1	1-1	True	76	0.103	0.136	gain	FP	FP
chr8	81441268	81443283	2015	62	1	0	7	nested_a_in_b	nested_a_in_b	1-1	1-1	True	70	0.103	0.129	gain	FP	FP
chr8	81441268	81443386	2118	59	1	0	7	nested_a_in_b	nested_a_in_b	1-1	1-1	True	67	0.103	0.129	gain	FP	FP
chr8	81441268	81443478	2210	58	1	0	6	nested_a_in_b	nested_a_in_b	1-1	1-1	True	65	0.103	0.122	gain	FP	FP
chr8	81441268	81451118	9850	28	1	0	4	nested_a_in_b	nested_a_in_b	1-1	1-1	True	33	0.103	0.185	gain	FP	FP
chr8	81441418	81441605	187	55	2	0	12	nested_a_in_b	nested_a_in_b	1-1	1-1	True	69	0.138	0.208	gain	FP	FP
chr8	81441418	81451118	9700	29	1	0	6	nested_a_in_b	nested_a_in_b	1-1	1-1	True	36	0.138	0.185	gain	FP	FP
chr8	81441664	81451118	9454	27	1	0	4	nested_a_in_b	nested_a_in_b	1-1	1-1	True	32	0.136	0.185	gain	FP	FP
chr8	81443283	81451118	7835	33	1	0	7	nested_a_in_b	nested_a_in_b	1-1	1-1	True	41	0.129	0.185	gain	FP	FP
chr8	81443386	81451118	7732	35	1	0	7	nested_a_in_b	nested_a_in_b	1-1	1-1	True	43	0.129	0.185	gain	FP	FP
chr8	81443478	81451118	7640	33	1	0	7	nested_a_in_b	nested_a_in_b	1-1	1-1	True	41	0.122	0.185	gain	FP	FP
chr8	81444877	81447883	3006	56	2	0	12	nested_a_in_b	nested_a_in_b	3	3	True	70	0.134	0.174	gain	FP	FP
chr8	81444877	81450809	5932	39	1	0	10	nested_a_in_b	nested_a_in_b	3	3	True	50	0.134	0.184	gain	FP	FP
chr8	81444877	81451442	6565	41	1	0	10	nested_a_in_b	nested_a_in_b	3	3	True	52	0.134	0.194	gain	FP	FP
chr8	81448631	81451118	2487	59	1	0	14	nested_a_in_b	nested_a_in_b	1-1	1-1	True	74	0.165	0.185	gain	FP	FP
chr8	81448631	81456034	7403	39	1	0	11	nested_a_in_b	nested_a_in_b	1-1	1-1	True	51	0.165	0.168	gain	FP	FP
chr8	81448631	81469430	20799	12	1	0	7	nested_a_in_b	nested_a_in_b	1-1	1-1	True	20	0.165	0.196	gain	FP	FP
chr8	81448660	81451118	2458	58	1	0	14	nested_a_in_b	nested_a_in_b	1-1	1-1	True	73	0.167	0.185	gain	FP	FP
chr8	81448660	81456034	7374	38	1	0	11	nested_a_in_b	nested_a_in_b	1-1	1-1	True	50	0.167	0.168	gain	FP	FP
chr8	81448660	81469430	20770	11	1	0	7	nested_a_in_b	nested_a_in_b	1-1	1-1	True	19	0.167	0.196	gain	FP	FP
chr8	81449286	81451118	1832	67	1	0	14	nested_a_in_b	nested_a_in_b	1-1	1-1	True	82	0.154	0.185	gain	FP	FP
chr8	81449286	81456034	6748	45	1	0	11	nested_a_in_b	nested_a_in_b	1-1	1-1	True	57	0.154	0.168	gain	FP	FP
chr8	81449286	81469430	20144	12	1	0	7	nested_a_in_b	nested_a_in_b	1-1	1-1	True	20	0.154	0.196	gain	FP	FP
chr8	81450809	81451442	633	68	2	0	16	nested_a_in_b	nested_a_in_b	3	3	True	86	0.184	0.194	gain	FP	FP
chr8	81451107	81451118	11	74	1	0	15	nested_a_in_b	nested_a_in_b	1-1	1-1	True	90	0.167	0.185	gain	FP	FP
chr8	81451107	81456034	4927	51	1	0	11	nested_a_in_b	nested_a_in_b	1-1	1-1	True	63	0.167	0.168	gain	FP	FP
chr8	81451107	81469430	18323	17	1	0	7	nested_a_in_b	nested_a_in_b	1-1	1-1	True	25	0.167	0.196	gain	FP	FP
chr8	81453981	81455481	1500	72	1	0	10	nested_a_in_b	nested_a_in_b	1-1	1-1	True	83	0.121	0.139	gain	FP	FP
chr8	81453981	81455541	1560	72	1	0	9	nested_a_in_b	nested_a_in_b	1-1	1-1	True	82	0.121	0.13	gain	FP	FP
chr8	81453981	81456034	2053	63	2	0	10	nested_a_in_b	nested_a_in_b	1-1	1-1	True	75	0.121	0.168	gain	FP	FP
chr8	81453981	81460303	6322	48	1	0	7	nested_a_in_b	nested_a_in_b	1-1	1-1	True	56	0.121	0.115	gain	FP	FP
chr8	81453981	81465297	11316	32	2	0	6	nested_a_in_b	nested_a_in_b	1-1	1-1	True	40	0.121	0.136	gain	FP	FP
chr8	81453981	81465977	11996	25	1	0	5	nested_a_in_b	nested_a_in_b	1-1	1-1	True	31	0.121	0.138	gain	FP	FP
chr8	81453981	81467265	13284	26	1	0	6	nested_a_in_b	nested_a_in_b	1-1	1-1	True	33	0.121	0.172	gain	FP	FP
chr8	81453981	81468003	14022	26	1	0	6	nested_a_in_b	nested_a_in_b	1-1	1-1	True	33	0.121	0.17	gain	FP	FP
chr8	81453981	81469430	15449	23	2	0	6	nested_a_in_b	nested_a_in_b	1-1	1-1	True	31	0.121	0.196	gain	FP	FP
chr8	81453981	81469478	15497	22	1	0	6	nested_a_in_b	nested_a_in_b	1-1	1-1	True	29	0.121	0.205	gain	FP	FP
chr8	81453981	81470325	16344	24	1	0	6	nested_a_in_b	nested_a_in_b	1-1	1-1	True	31	0.121	0.167	gain	FP	FP
chr8	81455481	81456034	553	76	2	0	14	nested_a_in_b	nested_a_in_b	1-1	1-1	True	92	0.139	0.168	gain	FP	FP
chr8	81455481	81465297	9816	41	1	0	8	nested_a_in_b	nested_a_in_b	1-1	1-1	True	50	0.139	0.136	gain	FP	FP
chr8	81455481	81467265	11784	34	1	0	8	nested_a_in_b	nested_a_in_b	1-1	1-1	True	43	0.139	0.172	gain	FP	FP
chr8	81455481	81469430	13949	31	1	0	8	nested_a_in_b	nested_a_in_b	1-1	1-1	True	40	0.139	0.196	gain	FP	FP
chr8	81455541	81456034	493	76	2	0	13	nested_a_in_b	nested_a_in_b	1-1	1-1	True	91	0.13	0.168	gain	FP	FP
chr8	81455541	81465297	9756	41	1	0	8	nested_a_in_b	nested_a_in_b	1-1	1-1	True	50	0.13	0.136	gain	FP	FP
chr8	81455541	81467265	11724	34	1	0	8	nested_a_in_b	nested_a_in_b	1-1	1-1	True	43	0.13	0.172	gain	FP	FP
chr8	81455541	81469430	13889	31	1	0	8	nested_a_in_b	nested_a_in_b	1-1	1-1	True	40	0.13	0.196	gain	FP	FP
chr8	81456034	81467265	11231	34	1	0	8	nested_a_in_b	nested_a_in_b	1-1	1-1	True	43	0.168	0.172	gain	FP	FP
chr8	81456034	81469430	13396	31	1	0	8	nested_a_in_b	nested_a_in_b	1-1	1-1	True	40	0.168	0.196	gain	FP	FP
chr8	81460303	81465297	4994	51	1	0	9	nested_a_in_b	nested_a_in_b	1-1	1-1	True	61	0.115	0.136	gain	FP	FP
chr8	81460303	81467265	6962	42	1	0	9	nested_a_in_b	nested_a_in_b	1-1	1-1	True	52	0.115	0.172	gain	FP	FP
chr8	81460303	81469430	9127	38	1	0	9	nested_a_in_b	nested_a_in_b	1-1	1-1	True	48	0.115	0.196	gain	FP	FP
chr8	81460303	81470325	10022	36	1	0	9	nested_a_in_b	nested_a_in_b	1-1	1-1	True	46	0.115	0.167	gain	FP	FP
chr8	81465977	81467265	1288	63	1	0	11	nested_a_in_b	nested_a_in_b	1-1	1-1	True	75	0.138	0.172	gain	FP	FP
chr8	81465977	81469430	3453	58	1	0	10	nested_a_in_b	nested_a_in_b	1-1	1-1	True	69	0.138	0.196	gain	FP	FP
chr8	81465977	81470325	4348	54	1	0	10	nested_a_in_b	nested_a_in_b	1-1	1-1	True	65	0.138	0.167	gain	FP	FP
chr8	81468003	81469430	1427	65	1	0	13	nested_a_in_b	nested_a_in_b	1-1	1-1	True	79	0.17	0.196	gain	FP	FP
chr8	81487785	81489621	1836	66	2	0	5	nested_a_in_b	nested_a_in_b	1-1	1-1	True	73	0.082	0.099	gain	FP	FP
chr8	81672092	81681086	8994	28	2	0	8	nested_a_in_b	nested_a_in_b	1-1	1-1	True	38	0.264	0.275	gain	TP	TP
chr8	81979269	81983602	4333	50	1	0	12	nested_a_in_b	nested_a_in_b	1-1	1-1	True	63	0.191	0.152	gain	FP	FP
chr8	81979269	81983701	4432	45	3	0	12	nested_a_in_b	nested_a_in_b	1-1	1-1	True	60	0.191	0.192	gain	FP	FP
chr8	81979269	81987699	8430	35	1	0	11	nested_a_in_b	nested_a_in_b	1-1	1-1	True	47	0.191	0.208	gain	FP	FP
chr8	81979269	81992058	12789	29	1	0	5	nested_a_in_b	nested_a_in_b	1-1	1-1	True	35	0.191	0.167	gain	FP	FP
chr8	81979269	81992513	13244	26	1	0	7	nested_a_in_b	nested_a_in_b	1-1	1-1	True	34	0.191	0.205	gain	FP	FP
chr8	81983602	81983701	99	76	4	0	15	nested_a_in_b	nested_a_in_b	1-1	1-1	True	95	0.152	0.192	gain	FP	FP
chr8	81991144	82013738	22594	8	2	0	4	nested_a_in_b	nested_a_in_b	2-1	2-1	True	14	0.17	0.211	gain	FP	FP
chr8	81991144	82017026	25882	7	1	0	4	nested_a_in_b	nested_a_in_b	2-1	2-1	True	12	0.17	0.23	gain	FP	FP
chr8	81991835	82013738	21903	7	1	0	5	nested_a_in_b	nested_a_in_b	2-1	2-1	True	13	0.186	0.211	gain	FP	FP
chr8	81992164	82013738	21574	8	1	0	5	nested_a_in_b	nested_a_in_b	2-1	2-1	True	14	0.183	0.211	gain	FP	FP
chr8	81992513	81993971	1458	60	1	0	15	nested_a_in_b	nested_a_in_b	1-1	1-1	True	76	0.205	0.202	gain	FP	FP
chr8	81997114	82035556	38442	1	1	0	4	nested_a_in_b	nested_a_in_b	2-1	2-1	True	6	0.161	0.179	gain	FP	FP
chr8	81997114	82035715	38601	1	1	0	4	nested_a_in_b	nested_a_in_b	2-1	2-1	True	6	0.161	0.179	gain	FP	FP
chr8	81997114	82036734	39620	1	1	0	4	nested_a_in_b	nested_a_in_b	2-1	2-1	True	6	0.161	0.19	gain	FP	FP
chr8	81997114	82037334	40220	1	1	0	4	nested_a_in_b	nested_a_in_b	2-1	2-1	True	6	0.161	0.208	gain	FP	FP
chr8	81997114	82037650	40536	1	1	0	4	nested_a_in_b	nested_a_in_b	2-1	2-1	True	6	0.161	0.182	gain	FP	FP
chr8	82013056	82013738	682	67	2	0	12	nested_a_in_b	nested_a_in_b	2-1	2-1	True	81	0.143	0.211	gain	FP	FP
chr8	82013056	82037776	24720	11	1	0	1	sparse	nested_a_in_b	2-1	2-1	True	13	0.143	0.14	gain	FP	FP
chr8	82016349	82017026	677	62	5	0	14	nested_a_in_b	nested_a_in_b	2-1	2-1	True	81	0.163	0.23	gain	FP	FP
chr8	82016349	82024830	8481	24	4	0	5	nested_a_in_b	nested_a_in_b	2-1	2-1	True	33	0.163	0.171	gain	FP	FP
chr8	82016349	82031013	14664	15	2	0	3	nested_a_in_b	nested_a_in_b	2-1	2-1	True	20	0.163	0.13	gain	FP	FP
chr8	82016349	82035556	19207	13	3	0	3	nested_a_in_b	nested_a_in_b	2-1	2-1	True	19	0.163	0.179	gain	FP	FP
chr8	82016349	82035715	19366	13	3	0	3	nested_a_in_b	nested_a_in_b	2-1	2-1	True	19	0.163	0.179	gain	FP	FP
chr8	82016349	82036734	20385	13	3	0	3	nested_a_in_b	nested_a_in_b	2-1	2-1	True	19	0.163	0.19	gain	FP	FP
chr8	82016349	82037334	20985	12	3	0	3	nested_a_in_b	nested_a_in_b	2-1	2-1	True	18	0.163	0.208	gain	FP	FP
chr8	82016349	82037629	21280	12	3	0	2	nested_a_in_b	nested_a_in_b	2-1	2-1	True	17	0.163	0.194	gain	FP	FP
chr8	82016349	82037650	21301	12	3	0	3	nested_a_in_b	nested_a_in_b	2-1	2-1	True	18	0.163	0.182	gain	FP	FP
chr8	82016349	82038509	22160	11	2	0	2	nested_a_in_b	nested_a_in_b	2-1	2-1	True	15	0.163	0.186	gain	FP	FP
chr8	82016349	82039621	23272	10	2	0	2	nested_a_in_b	nested_a_in_b	2-1	2-1	True	14	0.163	0.184	gain	FP	FP
chr8	82016349	82040240	23891	9	1	0	2	nested_a_in_b	nested_a_in_b	2-1	2-1	True	12	0.163	0.175	gain	FP	FP
chr8	82016349	82040636	24287	8	1	0	2	nested_a_in_b	nested_a_in_b	2-1	2-1	True	11	0.163	0.194	gain	FP	FP
chr8	82016349	82040859	24510	9	1	0	2	nested_a_in_b	nested_a_in_b	2-1	2-1	True	12	0.163	0.156	gain	FP	FP
chr8	82016349	82041315	24966	8	1	0	2	nested_a_in_b	nested_a_in_b	2-1	2-1	True	11	0.163	0.16	gain	FP	FP
chr8	82016349	82041402	25053	8	1	0	2	nested_a_in_b	nested_a_in_b	2-1	2-1	True	11	0.163	0.163	gain	FP	FP
chr8	82016349	82041516	25167	8	1	0	2	nested_a_in_b	nested_a_in_b	2-1	2-1	True	11	0.163	0.187	gain	FP	FP
chr8	82016349	82041559	25210	8	1	0	2	nested_a_in_b	nested_a_in_b	2-1	2-1	True	11	0.163	0.152	gain	FP	FP
chr8	82016349	82041578	25229	7	1	0	2	nested_a_in_b	nested_a_in_b	2-1	2-1	True	10	0.163	0.17	gain	FP	FP
chr8	82016349	82042097	25748	8	1	0	2	nested_a_in_b	nested_a_in_b	2-1	2-1	True	11	0.163	0.16	gain	FP	FP
chr8	82016349	82042152	25803	8	1	0	2	nested_a_in_b	nested_a_in_b	2-1	2-1	True	11	0.163	0.144	gain	FP	FP
chr8	82016349	82042449	26100	8	1	0	1	sparse	nested_a_in_b	2-1	2-1	True	10	0.163	0.156	gain	FP	FP
chr8	82016349	82042669	26320	8	1	0	2	nested_a_in_b	nested_a_in_b	2-1	2-1	True	11	0.163	0.167	gain	FP	FP
chr8	82016349	82043140	26791	7	1	0	1	sparse	nested_a_in_b	2-1	2-1	True	9	0.163	0.174	gain	FP	FP
chr8	82016349	82043212	26863	7	1	0	2	nested_a_in_b	nested_a_in_b	2-1	2-1	True	10	0.163	0.187	gain	FP	FP
chr8	82016349	82043816	27467	7	1	0	2	nested_a_in_b	nested_a_in_b	2-1	2-1	True	10	0.163	0.175	gain	FP	FP
chr8	82016349	82044264	27915	6	1	0	1	sparse	nested_a_in_b	2-1	2-1	True	8	0.163	0.147	gain	FP	FP
chr8	82016349	82044380	28031	6	1	0	2	nested_a_in_b	nested_a_in_b	2-1	2-1	True	9	0.163	0.163	gain	FP	FP
chr8	82016349	82046162	29813	4	1	0	2	nested_a_in_b	nested_a_in_b	2-1	2-1	True	7	0.163	0.175	gain	FP	FP
chr8	82024830	82035715	10885	33	1	0	7	nested_a_in_b	nested_a_in_b	2-1	2-1	True	41	0.171	0.179	gain	FP	FP
chr8	82024830	82038509	13679	25	1	0	5	nested_a_in_b	nested_a_in_b	2-1	2-1	True	31	0.171	0.186	gain	FP	FP
chr8	82024830	82040240	15410	24	1	0	4	nested_a_in_b	nested_a_in_b	2-1	2-1	True	29	0.171	0.175	gain	FP	FP
chr8	82024830	82041516	16686	20	1	0	4	nested_a_in_b	nested_a_in_b	2-1	2-1	True	25	0.171	0.187	gain	FP	FP
chr8	82024830	82043140	18310	18	2	0	3	nested_a_in_b	nested_a_in_b	2-1	2-1	True	23	0.171	0.174	gain	FP	FP
chr8	82031013	82035556	4543	55	2	0	9	nested_a_in_b	nested_a_in_b	2-1	2-1	True	66	0.13	0.179	gain	FP	FP
chr8	82031013	82035715	4702	56	2	0	9	nested_a_in_b	nested_a_in_b	2-1	2-1	True	67	0.13	0.179	gain	FP	FP
chr8	82031013	82036734	5721	53	1	0	9	nested_a_in_b	nested_a_in_b	2-1	2-1	True	63	0.13	0.19	gain	FP	FP
chr8	82031013	82037334	6321	49	1	0	9	nested_a_in_b	nested_a_in_b	2-1	2-1	True	59	0.13	0.208	gain	FP	FP
chr8	82031013	82037629	6616	46	1	0	8	nested_a_in_b	nested_a_in_b	2-1	2-1	True	55	0.13	0.194	gain	FP	FP
chr8	82031013	82038509	7496	39	2	0	6	nested_a_in_b	nested_a_in_b	2-1	2-1	True	47	0.13	0.186	gain	FP	FP
chr8	82031013	82039621	8608	37	2	0	6	nested_a_in_b	nested_a_in_b	2-1	2-1	True	45	0.13	0.184	gain	FP	FP
chr8	82031013	82040240	9227	37	1	0	6	nested_a_in_b	nested_a_in_b	2-1	2-1	True	44	0.13	0.175	gain	FP	FP
chr8	82031013	82040859	9846	36	1	0	5	nested_a_in_b	nested_a_in_b	2-1	2-1	True	42	0.13	0.156	gain	FP	FP
chr8	82031013	82041516	10503	32	1	0	5	nested_a_in_b	nested_a_in_b	2-1	2-1	True	38	0.13	0.187	gain	FP	FP
chr8	82031013	82043140	12127	27	3	0	4	nested_a_in_b	nested_a_in_b	2-1	2-1	True	34	0.13	0.174	gain	FP	FP
chr8	82035556	82043140	7584	40	2	0	8	nested_a_in_b	nested_a_in_b	2-1	2-1	True	50	0.179	0.174	gain	FP	FP
chr8	82035715	82038509	2794	59	1	0	10	nested_a_in_b	nested_a_in_b	2-1	2-1	True	70	0.179	0.186	gain	FP	FP
chr8	82035715	82040240	4525	53	1	0	9	nested_a_in_b	nested_a_in_b	2-1	2-1	True	63	0.179	0.175	gain	FP	FP
chr8	82035715	82040636	4921	50	1	0	8	nested_a_in_b	nested_a_in_b	2-1	2-1	True	59	0.179	0.194	gain	FP	FP
chr8	82035715	82041516	5801	45	2	0	8	nested_a_in_b	nested_a_in_b	2-1	2-1	True	55	0.179	0.187	gain	FP	FP
chr8	82035715	82042669	6954	45	1	0	7	nested_a_in_b	nested_a_in_b	2-1	2-1	True	53	0.179	0.167	gain	FP	FP
chr8	82035715	82043140	7425	41	3	0	7	nested_a_in_b	nested_a_in_b	2-1	2-1	True	51	0.179	0.174	gain	FP	FP
chr8	82036734	82037334	600	75	1	0	18	nested_a_in_b	nested_a_in_b	2-1	2-1	True	94	0.19	0.208	gain	FP	FP
chr8	82036734	82037629	895	71	1	0	17	nested_a_in_b	nested_a_in_b	2-1	2-1	True	89	0.19	0.194	gain	FP	FP
chr8	82036734	82038509	1775	60	2	0	11	nested_a_in_b	nested_a_in_b	2-1	2-1	True	73	0.19	0.186	gain	FP	FP
chr8	82036734	82040240	3506	54	2	0	10	nested_a_in_b	nested_a_in_b	2-1	2-1	True	66	0.19	0.175	gain	FP	FP
chr8	82036734	82040636	3902	51	2	0	9	nested_a_in_b	nested_a_in_b	2-1	2-1	True	62	0.19	0.194	gain	FP	FP
chr8	82036734	82041315	4581	49	1	0	9	nested_a_in_b	nested_a_in_b	2-1	2-1	True	59	0.19	0.16	gain	FP	FP
chr8	82036734	82041402	4668	48	1	0	9	nested_a_in_b	nested_a_in_b	2-1	2-1	True	58	0.19	0.163	gain	FP	FP
chr8	82036734	82041516	4782	45	3	0	9	nested_a_in_b	nested_a_in_b	2-1	2-1	True	57	0.19	0.187	gain	FP	FP
chr8	82036734	82041559	4825	47	1	0	9	nested_a_in_b	nested_a_in_b	2-1	2-1	True	57	0.19	0.152	gain	FP	FP
chr8	82036734	82041578	4844	43	1	0	9	nested_a_in_b	nested_a_in_b	2-1	2-1	True	53	0.19	0.17	gain	FP	FP
chr8	82036734	82042097	5363	47	1	0	9	nested_a_in_b	nested_a_in_b	2-1	2-1	True	57	0.19	0.16	gain	FP	FP
chr8	82036734	82042669	5935	45	1	0	8	nested_a_in_b	nested_a_in_b	2-1	2-1	True	54	0.19	0.167	gain	FP	FP
chr8	82036734	82043140	6406	41	3	0	7	nested_a_in_b	nested_a_in_b	2-1	2-1	True	51	0.19	0.174	gain	FP	FP
chr8	82037334	82038509	1175	64	1	0	13	nested_a_in_b	nested_a_in_b	2-1	2-1	True	78	0.208	0.186	gain	FP	FP
chr8	82037334	82040240	2906	55	1	0	12	nested_a_in_b	nested_a_in_b	2-1	2-1	True	68	0.208	0.175	gain	FP	FP
chr8	82037334	82040636	3302	52	1	0	11	nested_a_in_b	nested_a_in_b	2-1	2-1	True	64	0.208	0.194	gain	FP	FP
chr8	82037334	82041516	4182	46	2	0	11	nested_a_in_b	nested_a_in_b	2-1	2-1	True	59	0.208	0.187	gain	FP	FP
chr8	82037334	82042669	5335	46	1	0	9	nested_a_in_b	nested_a_in_b	2-1	2-1	True	56	0.208	0.167	gain	FP	FP
chr8	82037334	82043140	5806	42	3	0	8	nested_a_in_b	nested_a_in_b	2-1	2-1	True	53	0.208	0.174	gain	FP	FP
chr8	82037629	82037776	147	77	1	0	12	nested_a_in_b	nested_a_in_b	2-1	2-1	True	90	0.194	0.14	gain	FP	FP
chr8	82037629	82038509	880	65	1	0	12	nested_a_in_b	nested_a_in_b	2-1	2-1	True	78	0.194	0.186	gain	FP	FP
chr8	82037629	82040240	2611	56	1	0	11	nested_a_in_b	nested_a_in_b	2-1	2-1	True	68	0.194	0.175	gain	FP	FP
chr8	82037629	82040636	3007	53	1	0	10	nested_a_in_b	nested_a_in_b	2-1	2-1	True	64	0.194	0.194	gain	FP	FP
chr8	82037629	82041516	3887	47	2	0	10	nested_a_in_b	nested_a_in_b	2-1	2-1	True	59	0.194	0.187	gain	FP	FP
chr8	82037629	82042669	5040	47	1	0	8	nested_a_in_b	nested_a_in_b	2-1	2-1	True	56	0.194	0.167	gain	FP	FP
chr8	82037629	82043140	5511	43	3	0	8	nested_a_in_b	nested_a_in_b	2-1	2-1	True	54	0.194	0.174	gain	FP	FP
chr8	82037650	82038509	859	65	3	0	11	nested_a_in_b	nested_a_in_b	2-1	2-1	True	79	0.182	0.186	gain	FP	FP
chr8	82037650	82040240	2590	56	3	0	10	nested_a_in_b	nested_a_in_b	2-1	2-1	True	69	0.182	0.175	gain	FP	FP
chr8	82037650	82040636	2986	53	2	0	10	nested_a_in_b	nested_a_in_b	2-1	2-1	True	65	0.182	0.194	gain	FP	FP
chr8	82037650	82041315	3665	51	1	0	10	nested_a_in_b	nested_a_in_b	2-1	2-1	True	62	0.182	0.16	gain	FP	FP
chr8	82037650	82041402	3752	50	1	0	10	nested_a_in_b	nested_a_in_b	2-1	2-1	True	61	0.182	0.163	gain	FP	FP
chr8	82037650	82041516	3866	48	2	0	10	nested_a_in_b	nested_a_in_b	2-1	2-1	True	60	0.182	0.187	gain	FP	FP
chr8	82037650	82041559	3909	49	1	0	10	nested_a_in_b	nested_a_in_b	2-1	2-1	True	60	0.182	0.152	gain	FP	FP
chr8	82037650	82041578	3928	46	1	0	10	nested_a_in_b	nested_a_in_b	2-1	2-1	True	57	0.182	0.17	gain	FP	FP
chr8	82037650	82042097	4447	49	1	0	10	nested_a_in_b	nested_a_in_b	2-1	2-1	True	60	0.182	0.16	gain	FP	FP
chr8	82037650	82042669	5019	47	1	0	9	nested_a_in_b	nested_a_in_b	2-1	2-1	True	57	0.182	0.167	gain	FP	FP
chr8	82037650	82043140	5490	43	3	0	8	nested_a_in_b	nested_a_in_b	2-1	2-1	True	54	0.182	0.174	gain	FP	FP
chr8	82037776	82040240	2464	57	2	0	10	nested_a_in_b	nested_a_in_b	2-1	2-1	True	69	0.14	0.175	gain	FP	FP
chr8	82037776	82040636	2860	54	2	0	9	nested_a_in_b	nested_a_in_b	2-1	2-1	True	65	0.14	0.194	gain	FP	FP
chr8	82037776	82041315	3539	52	1	0	9	nested_a_in_b	nested_a_in_b	2-1	2-1	True	62	0.14	0.16	gain	FP	FP
chr8	82037776	82041402	3626	51	1	0	9	nested_a_in_b	nested_a_in_b	2-1	2-1	True	61	0.14	0.163	gain	FP	FP
chr8	82037776	82041449	3673	50	1	0	5	nested_a_in_b	nested_a_in_b	2-1	2-1	True	56	0.14	0.124	gain	FP	FP
chr8	82037776	82041516	3740	48	3	0	9	nested_a_in_b	nested_a_in_b	2-1	2-1	True	60	0.14	0.187	gain	FP	FP
chr8	82037776	82041559	3783	50	1	0	9	nested_a_in_b	nested_a_in_b	2-1	2-1	True	60	0.14	0.152	gain	FP	FP
chr8	82037776	82041578	3802	46	1	0	9	nested_a_in_b	nested_a_in_b	2-1	2-1	True	56	0.14	0.17	gain	FP	FP
chr8	82037776	82042097	4321	50	1	0	9	nested_a_in_b	nested_a_in_b	2-1	2-1	True	60	0.14	0.16	gain	FP	FP
chr8	82037776	82042152	4376	50	1	0	7	nested_a_in_b	nested_a_in_b	2-1	2-1	True	58	0.14	0.144	gain	FP	FP
chr8	82037776	82042669	4893	48	2	0	7	nested_a_in_b	nested_a_in_b	2-1	2-1	True	57	0.14	0.167	gain	FP	FP
chr8	82037776	82043140	5364	44	3	0	7	nested_a_in_b	nested_a_in_b	2-1	2-1	True	54	0.14	0.174	gain	FP	FP
chr8	82037776	82043212	5436	46	1	0	7	nested_a_in_b	nested_a_in_b	2-1	2-1	True	54	0.14	0.187	gain	FP	FP
chr8	82037776	82043816	6040	42	1	0	7	nested_a_in_b	nested_a_in_b	2-1	2-1	True	50	0.14	0.175	gain	FP	FP
chr8	82037776	82044380	6604	39	1	0	7	nested_a_in_b	nested_a_in_b	2-1	2-1	True	47	0.14	0.163	gain	FP	FP
chr8	82037776	82046162	8386	37	1	0	7	nested_a_in_b	nested_a_in_b	2-1	2-1	True	45	0.14	0.175	gain	FP	FP
chr8	82038509	82043140	4631	46	2	0	9	nested_a_in_b	nested_a_in_b	2-1	2-1	True	57	0.186	0.174	gain	FP	FP
chr8	82039621	82044380	4759	46	1	0	10	nested_a_in_b	nested_a_in_b	2-1	2-1	True	57	0.184	0.163	gain	FP	FP
chr8	82041315	82041516	201	72	2	0	15	nested_a_in_b	nested_a_in_b	2-1	2-1	True	89	0.16	0.187	gain	FP	FP
chr8	82041315	82042449	1134	71	1	0	13	nested_a_in_b	nested_a_in_b	2-1	2-1	True	85	0.16	0.156	gain	FP	FP
chr8	82041315	82042669	1354	70	1	0	12	nested_a_in_b	nested_a_in_b	2-1	2-1	True	83	0.16	0.167	gain	FP	FP
chr8	82041315	82043140	1825	64	4	0	10	nested_a_in_b	nested_a_in_b	2-1	2-1	True	78	0.16	0.174	gain	FP	FP
chr8	82041315	82043212	1897	63	3	0	12	nested_a_in_b	nested_a_in_b	2-1	2-1	True	78	0.16	0.187	gain	FP	FP
chr8	82041315	82043816	2501	60	1	0	11	nested_a_in_b	nested_a_in_b	2-1	2-1	True	72	0.16	0.175	gain	FP	FP
chr8	82041402	82041516	114	72	2	0	15	nested_a_in_b	nested_a_in_b	2-1	2-1	True	89	0.163	0.187	gain	FP	FP
chr8	82041402	82042449	1047	71	1	0	13	nested_a_in_b	nested_a_in_b	2-1	2-1	True	85	0.163	0.156	gain	FP	FP
chr8	82041402	82042669	1267	70	1	0	12	nested_a_in_b	nested_a_in_b	2-1	2-1	True	83	0.163	0.167	gain	FP	FP
chr8	82041402	82043140	1738	64	4	0	10	nested_a_in_b	nested_a_in_b	2-1	2-1	True	78	0.163	0.174	gain	FP	FP
chr8	82041402	82043212	1810	63	3	0	12	nested_a_in_b	nested_a_in_b	2-1	2-1	True	78	0.163	0.187	gain	FP	FP
chr8	82041402	82043816	2414	60	1	0	11	nested_a_in_b	nested_a_in_b	2-1	2-1	True	72	0.163	0.175	gain	FP	FP
chr8	82041449	82041516	67	72	2	0	11	nested_a_in_b	nested_a_in_b	2-1	2-1	True	85	0.124	0.187	gain	FP	FP
chr8	82041449	82042449	1000	71	1	0	10	nested_a_in_b	nested_a_in_b	2-1	2-1	True	82	0.124	0.156	gain	FP	FP
chr8	82041449	82042669	1220	70	1	0	9	nested_a_in_b	nested_a_in_b	2-1	2-1	True	80	0.124	0.167	gain	FP	FP
chr8	82041449	82043140	1691	64	4	0	7	nested_a_in_b	nested_a_in_b	2-1	2-1	True	75	0.124	0.174	gain	FP	FP
chr8	82041449	82043212	1763	63	3	0	10	nested_a_in_b	nested_a_in_b	2-1	2-1	True	76	0.124	0.187	gain	FP	FP
chr8	82041449	82043816	2367	61	1	0	9	nested_a_in_b	nested_a_in_b	2-1	2-1	True	71	0.124	0.175	gain	FP	FP
chr8	82041559	82041578	19	73	1	0	14	nested_a_in_b	nested_a_in_b	2-1	2-1	True	88	0.152	0.17	gain	FP	FP
chr8	82041559	82042097	538	76	1	0	14	nested_a_in_b	nested_a_in_b	2-1	2-1	True	91	0.152	0.16	gain	FP	FP
chr8	82041559	82042152	593	74	1	0	12	nested_a_in_b	nested_a_in_b	2-1	2-1	True	87	0.152	0.144	gain	FP	FP
chr8	82041559	82042449	890	73	2	0	12	nested_a_in_b	nested_a_in_b	2-1	2-1	True	87	0.152	0.156	gain	FP	FP
chr8	82041559	82042669	1110	72	2	0	11	nested_a_in_b	nested_a_in_b	2-1	2-1	True	85	0.152	0.167	gain	FP	FP
chr8	82041559	82043140	1581	66	5	0	9	nested_a_in_b	nested_a_in_b	2-1	2-1	True	80	0.152	0.174	gain	FP	FP
chr8	82041559	82043212	1653	65	4	0	11	nested_a_in_b	nested_a_in_b	2-1	2-1	True	80	0.152	0.187	gain	FP	FP
chr8	82041559	82043816	2257	62	2	0	10	nested_a_in_b	nested_a_in_b	2-1	2-1	True	74	0.152	0.175	gain	FP	FP
chr8	82041559	82044380	2821	59	1	0	10	nested_a_in_b	nested_a_in_b	2-1	2-1	True	70	0.152	0.163	gain	FP	FP
chr8	82041578	82042449	871	69	1	0	13	nested_a_in_b	nested_a_in_b	2-1	2-1	True	83	0.17	0.156	gain	FP	FP
chr8	82041578	82042669	1091	68	1	0	12	nested_a_in_b	nested_a_in_b	2-1	2-1	True	81	0.17	0.167	gain	FP	FP
chr8	82041578	82043140	1562	63	4	0	10	nested_a_in_b	nested_a_in_b	2-1	2-1	True	77	0.17	0.174	gain	FP	FP
chr8	82041578	82043212	1634	62	3	0	12	nested_a_in_b	nested_a_in_b	2-1	2-1	True	77	0.17	0.187	gain	FP	FP
chr8	82041578	82043816	2238	59	1	0	11	nested_a_in_b	nested_a_in_b	2-1	2-1	True	71	0.17	0.175	gain	FP	FP
chr8	82042097	82042449	352	76	1	0	13	nested_a_in_b	nested_a_in_b	2-1	2-1	True	90	0.16	0.156	gain	FP	FP
chr8	82042097	82042669	572	75	1	0	12	nested_a_in_b	nested_a_in_b	2-1	2-1	True	88	0.16	0.167	gain	FP	FP
chr8	82042097	82043140	1043	69	4	0	10	nested_a_in_b	nested_a_in_b	2-1	2-1	True	83	0.16	0.174	gain	FP	FP
chr8	82042097	82043212	1115	67	3	0	12	nested_a_in_b	nested_a_in_b	2-1	2-1	True	82	0.16	0.187	gain	FP	FP
chr8	82042097	82043816	1719	64	2	0	11	nested_a_in_b	nested_a_in_b	2-1	2-1	True	77	0.16	0.175	gain	FP	FP
chr8	82042152	82042449	297	76	1	0	12	nested_a_in_b	nested_a_in_b	2-1	2-1	True	89	0.144	0.156	gain	FP	FP
chr8	82042152	82042669	517	75	1	0	12	nested_a_in_b	nested_a_in_b	2-1	2-1	True	88	0.144	0.167	gain	FP	FP
chr8	82042152	82043140	988	69	4	0	9	nested_a_in_b	nested_a_in_b	2-1	2-1	True	82	0.144	0.174	gain	FP	FP
chr8	82042152	82043212	1060	67	3	0	11	nested_a_in_b	nested_a_in_b	2-1	2-1	True	81	0.144	0.187	gain	FP	FP
chr8	82042152	82043816	1664	64	2	0	10	nested_a_in_b	nested_a_in_b	2-1	2-1	True	76	0.144	0.175	gain	FP	FP
chr8	82042449	82043140	691	72	3	0	12	nested_a_in_b	nested_a_in_b	2-1	2-1	True	87	0.156	0.174	gain	FP	FP
chr8	82042669	82043212	543	71	3	0	13	nested_a_in_b	nested_a_in_b	2-1	2-1	True	87	0.167	0.187	gain	FP	FP
chr8	82061861	82088857	26996	7	1	0	2	nested_a_in_b	nested_a_in_b	2-1	2-1	True	10	0.141	0.194	gain	FP	FP
chr8	82064055	82082127	18072	13	1	0	4	nested_a_in_b	nested_a_in_b	2-1	2-1	True	18	0.135	0.196	gain	FP	FP
chr8	82064055	82088857	24802	8	1	0	2	nested_a_in_b	nested_a_in_b	2-1	2-1	True	11	0.135	0.194	gain	FP	FP
chr8	82064155	82082127	17972	13	1	0	4	nested_a_in_b	nested_a_in_b	2-1	2-1	True	18	0.143	0.196	gain	FP	FP
chr8	82064155	82088857	24702	8	1	0	2	nested_a_in_b	nested_a_in_b	2-1	2-1	True	11	0.143	0.194	gain	FP	FP
chr8	82069964	82071072	1108	62	1	0	10	nested_a_in_b	nested_a_in_b	1-1	1-1	True	73	0.147	0.157	gain	FP	FP
chr8	82069964	82073055	3091	51	1	0	11	nested_a_in_b	nested_a_in_b	1-1	1-1	True	63	0.147	0.182	gain	FP	FP
chr8	82070433	82071072	639	65	1	0	11	nested_a_in_b	nested_a_in_b	1-1	1-1	True	77	0.163	0.157	gain	FP	FP
chr8	82070433	82073055	2622	51	1	0	12	nested_a_in_b	nested_a_in_b	1-1	1-1	True	64	0.163	0.182	gain	FP	FP
chr8	82080950	82081132	182	75	1	0	12	nested_a_in_b	nested_a_in_b	2-1	2-1	True	88	0.137	0.146	gain	FP	FP
chr8	82080950	82081539	589	74	1	0	13	nested_a_in_b	nested_a_in_b	2-1	2-1	True	88	0.137	0.167	gain	FP	FP
chr8	82080950	82082069	1119	69	1	0	13	nested_a_in_b	nested_a_in_b	2-1	2-1	True	83	0.137	0.168	gain	FP	FP
chr8	82080950	82082127	1177	64	3	0	13	nested_a_in_b	nested_a_in_b	2-1	2-1	True	80	0.137	0.196	gain	FP	FP
chr8	82080950	82086174	5224	43	1	0	11	nested_a_in_b	nested_a_in_b	2-1	2-1	True	55	0.137	0.184	gain	FP	FP
chr8	82080950	82087275	6325	42	1	0	8	nested_a_in_b	nested_a_in_b	2-1	2-1	True	51	0.137	0.163	gain	FP	FP
chr8	82080950	82088857	7907	35	1	0	7	nested_a_in_b	nested_a_in_b	2-1	2-1	True	43	0.137	0.194	gain	FP	FP
chr8	82081132	82082127	995	62	2	0	13	nested_a_in_b	nested_a_in_b	2-1	2-1	True	77	0.146	0.196	gain	FP	FP
chr8	82081132	82088857	7725	34	1	0	6	nested_a_in_b	nested_a_in_b	2-1	2-1	True	41	0.146	0.194	gain	FP	FP
chr8	82081539	82082127	588	68	2	0	16	nested_a_in_b	nested_a_in_b	2-1	2-1	True	86	0.167	0.196	gain	FP	FP
chr8	82081539	82088857	7318	37	2	0	8	nested_a_in_b	nested_a_in_b	2-1	2-1	True	47	0.167	0.194	gain	FP	FP
chr8	82082069	82082127	58	74	2	0	16	nested_a_in_b	nested_a_in_b	2-1	2-1	True	92	0.168	0.196	gain	FP	FP
chr8	82082069	82088857	6788	40	2	0	8	nested_a_in_b	nested_a_in_b	2-1	2-1	True	50	0.168	0.194	gain	FP	FP
chr8	82086174	82088857	2683	52	2	0	11	nested_a_in_b	nested_a_in_b	2-1	2-1	True	65	0.184	0.194	gain	FP	FP
chr8	82088123	82088857	734	71	3	0	12	nested_a_in_b	nested_a_in_b	2-1	2-1	True	86	0.135	0.194	gain	FP	FP
chr8	82099169	82107449	8280	53	1	0	5	nested_a_in_b	nested_a_in_b	1-1	1-1	True	59	0.106	0.093	gain	FP	FP
chr8	82099169	82117122	17953	23	1	0	1	sparse	nested_a_in_b	1-1	1-1	True	25	0.106	0.093	gain	FP	FP
chr8	82101752	82107449	5697	64	1	0	6	nested_a_in_b	nested_a_in_b	1-1	1-1	True	71	0.12	0.093	gain	FP	FP
chr8	82101752	82117122	15370	28	1	0	2	nested_a_in_b	nested_a_in_b	1-1	1-1	True	31	0.12	0.093	gain	FP	FP
chr8	82101752	82121251	19499	23	1	0	2	nested_a_in_b	nested_a_in_b	1-1	1-1	True	26	0.12	0.169	gain	FP	FP
chr8	82105755	82107449	1694	79	1	0	7	nested_a_in_b	nested_a_in_b	1-1	1-1	True	87	0.094	0.093	gain	FP	FP
chr8	82105755	82117122	11367	31	1	0	3	nested_a_in_b	nested_a_in_b	1-1	1-1	True	35	0.094	0.093	gain	FP	FP
chr8	82105755	82121251	15496	25	1	0	3	nested_a_in_b	nested_a_in_b	1-1	1-1	True	29	0.094	0.169	gain	FP	FP
chr8	82111412	82138581	27169	0	3	0	3	nested_a_in_b	nested_a_in_b	2-1	2-1	True	6	0.34	0.897	gain	TP	TP
chr8	82111760	82117122	5362	45	1	0	5	nested_a_in_b	nested_a_in_b	1-1	1-1	True	51	0.093	0.093	gain	FP	FP
chr8	82111760	82121251	9491	35	3	0	4	nested_a_in_b	nested_a_in_b	1-1	1-1	True	42	0.093	0.169	gain	FP	FP
chr8	82111760	82126014	14254	24	1	0	2	nested_a_in_b	nested_a_in_b	1-1	1-1	True	27	0.093	0.202	gain	FP	FP
chr8	82121723	82126014	4291	53	1	0	8	nested_a_in_b	nested_a_in_b	1-1	1-1	True	62	0.135	0.202	gain	FP	FP
chr8	82121871	82126014	4143	54	1	0	7	nested_a_in_b	nested_a_in_b	1-1	1-1	True	62	0.124	0.202	gain	FP	FP
chr8	82122699	82126014	3315	57	1	0	8	nested_a_in_b	nested_a_in_b	1-1	1-1	True	66	0.128	0.202	gain	FP	FP
chr8	82123176	82126014	2838	59	1	0	9	nested_a_in_b	nested_a_in_b	1-1	1-1	True	69	0.138	0.202	gain	FP	FP
chr8	82123427	82147079	23652	4	1	0	1	sparse	nested_a_in_b	1-1	1-1	True	6	0.143	0.179	gain	FP	FP
chr8	82126205	82147079	20874	8	1	0	1	sparse	nested_a_in_b	1-1	1-1	True	10	0.18	0.179	gain	FP	FP
chr8	82126250	82147079	20829	8	1	0	1	sparse	nested_a_in_b	1-1	1-1	True	10	0.187	0.179	gain	FP	FP
chr8	82126270	82147079	20809	9	1	0	1	sparse	nested_a_in_b	1-1	1-1	True	11	0.187	0.179	gain	FP	FP
chr8	82128403	82147079	18676	11	1	0	2	nested_a_in_b	nested_a_in_b	1-1	1-1	True	14	0.144	0.179	gain	FP	FP
chr8	82131990	82138507	6517	48	1	0	6	nested_a_in_b	nested_a_in_b	1-1	1-1	True	55	0.143	0.112	gain	FP	FP
chr8	82131990	82141139	9149	37	1	0	6	nested_a_in_b	nested_a_in_b	1-1	1-1	True	44	0.143	0.163	gain	FP	FP
chr8	82131990	82141280	9290	37	1	0	6	nested_a_in_b	nested_a_in_b	1-1	1-1	True	44	0.143	0.16	gain	FP	FP
chr8	82131990	82143433	11443	29	1	0	6	nested_a_in_b	nested_a_in_b	1-1	1-1	True	36	0.143	0.191	gain	FP	FP
chr8	82131990	82143609	11619	29	1	0	4	nested_a_in_b	nested_a_in_b	1-1	1-1	True	34	0.143	0.174	gain	FP	FP
chr8	82131990	82144915	12925	24	1	0	4	nested_a_in_b	nested_a_in_b	1-1	1-1	True	29	0.143	0.209	gain	FP	FP
chr8	82131990	82146758	14768	21	1	0	3	nested_a_in_b	nested_a_in_b	1-1	1-1	True	25	0.143	0.2	gain	FP	FP
chr8	82131990	82147079	15089	19	2	0	2	nested_a_in_b	nested_a_in_b	1-1	1-1	True	23	0.143	0.179	gain	FP	FP
chr8	82131990	82148347	16357	19	1	0	3	nested_a_in_b	nested_a_in_b	1-1	1-1	True	23	0.143	0.22	gain	FP	FP
chr8	82131990	82149019	17029	18	1	0	3	nested_a_in_b	nested_a_in_b	1-1	1-1	True	22	0.143	0.211	gain	FP	FP
chr8	82131990	82149131	17141	14	1	0	3	nested_a_in_b	nested_a_in_b	1-1	1-1	True	18	0.143	0.216	gain	FP	FP
chr8	82131990	82156557	24567	9	1	0	1	sparse	nested_a_in_b	1-1	1-1	True	11	0.143	0.191	gain	FP	FP
chr8	82132379	82133876	1497	67	1	0	9	nested_a_in_b	nested_a_in_b	1-1	1-1	True	77	0.133	0.125	gain	FP	FP
chr8	82132379	82147079	14700	20	1	0	3	nested_a_in_b	nested_a_in_b	1-1	1-1	True	24	0.133	0.179	gain	FP	FP
chr8	82132379	82156557	24178	9	1	0	1	sparse	nested_a_in_b	1-1	1-1	True	11	0.133	0.191	gain	FP	FP
chr8	82133876	82141280	7404	41	1	0	7	nested_a_in_b	nested_a_in_b	1-1	1-1	True	49	0.125	0.16	gain	FP	FP
chr8	82133876	82147079	13203	24	1	0	3	nested_a_in_b	nested_a_in_b	1-1	1-1	True	28	0.125	0.179	gain	FP	FP
chr8	82133876	82156557	22681	12	1	0	1	sparse	nested_a_in_b	1-1	1-1	True	14	0.125	0.191	gain	FP	FP
chr8	82138507	82141139	2632	55	1	0	9	nested_a_in_b	nested_a_in_b	1-1	1-1	True	65	0.112	0.163	gain	FP	FP
chr8	82138507	82141280	2773	54	1	0	9	nested_a_in_b	nested_a_in_b	1-1	1-1	True	64	0.112	0.16	gain	FP	FP
chr8	82138507	82147079	8572	31	1	0	4	nested_a_in_b	nested_a_in_b	1-1	1-1	True	36	0.112	0.179	gain	FP	FP
chr8	82138507	82156557	18050	17	1	0	2	nested_a_in_b	nested_a_in_b	1-1	1-1	True	20	0.112	0.191	gain	FP	FP
chr8	82141139	82156557	15418	20	1	0	4	nested_a_in_b	nested_a_in_b	1-1	1-1	True	25	0.163	0.191	gain	FP	FP
chr8	82143433	82147079	3646	49	1	0	11	nested_a_in_b	nested_a_in_b	1-1	1-1	True	61	0.191	0.179	gain	FP	FP
chr8	82143433	82148347	4914	49	1	0	14	nested_a_in_b	nested_a_in_b	1-1	1-1	True	64	0.191	0.22	gain	FP	FP
chr8	82143433	82156557	13124	25	1	0	6	nested_a_in_b	nested_a_in_b	1-1	1-1	True	32	0.191	0.191	gain	FP	FP
chr8	82143609	82147079	3470	50	1	0	11	nested_a_in_b	nested_a_in_b	1-1	1-1	True	62	0.174	0.179	gain	FP	FP
chr8	82143609	82148347	4738	50	1	0	14	nested_a_in_b	nested_a_in_b	1-1	1-1	True	65	0.174	0.22	gain	FP	FP
chr8	82143609	82156557	12948	25	1	0	6	nested_a_in_b	nested_a_in_b	1-1	1-1	True	32	0.174	0.191	gain	FP	FP
chr8	82143645	82144915	1270	64	2	0	13	nested_a_in_b	nested_a_in_b	1-1	1-1	True	79	0.143	0.209	gain	FP	FP
chr8	82143645	82146758	3113	54	2	0	11	nested_a_in_b	nested_a_in_b	1-1	1-1	True	67	0.143	0.2	gain	FP	FP
chr8	82143645	82147079	3434	50	3	0	8	nested_a_in_b	nested_a_in_b	1-1	1-1	True	61	0.143	0.179	gain	FP	FP
chr8	82143645	82148347	4702	50	3	0	11	nested_a_in_b	nested_a_in_b	1-1	1-1	True	64	0.143	0.22	gain	FP	FP
chr8	82143645	82149019	5374	46	2	0	11	nested_a_in_b	nested_a_in_b	1-1	1-1	True	59	0.143	0.211	gain	FP	FP
chr8	82143645	82149131	5486	44	2	0	11	nested_a_in_b	nested_a_in_b	1-1	1-1	True	57	0.143	0.216	gain	FP	FP
chr8	82143645	82156557	12912	25	1	0	5	nested_a_in_b	nested_a_in_b	1-1	1-1	True	31	0.143	0.191	gain	FP	FP
chr8	82144915	82147079	2164	54	1	0	12	nested_a_in_b	nested_a_in_b	1-1	1-1	True	67	0.209	0.179	gain	FP	FP
chr8	82144915	82148347	3432	54	1	0	15	nested_a_in_b	nested_a_in_b	1-1	1-1	True	70	0.209	0.22	gain	FP	FP
chr8	82144915	82156557	11642	29	1	0	7	nested_a_in_b	nested_a_in_b	1-1	1-1	True	37	0.209	0.191	gain	FP	FP
chr8	82146758	82147079	321	64	1	0	14	nested_a_in_b	nested_a_in_b	1-1	1-1	True	79	0.2	0.179	gain	FP	FP
chr8	82146758	82148347	1589	61	1	0	17	nested_a_in_b	nested_a_in_b	1-1	1-1	True	79	0.2	0.22	gain	FP	FP
chr8	82146758	82156557	9799	32	1	0	9	nested_a_in_b	nested_a_in_b	1-1	1-1	True	42	0.2	0.191	gain	FP	FP
chr8	82148347	82156557	8210	35	1	0	9	nested_a_in_b	nested_a_in_b	1-1	1-1	True	45	0.22	0.191	gain	FP	FP
chr8	82149019	82156557	7538	36	1	0	9	nested_a_in_b	nested_a_in_b	1-1	1-1	True	46	0.211	0.191	gain	FP	FP
chr8	82149808	82150422	614	66	1	0	15	nested_a_in_b	nested_a_in_b	1-1	1-1	True	82	0.172	0.202	gain	FP	FP
chr8	82149808	82150642	834	63	1	0	14	nested_a_in_b	nested_a_in_b	1-1	1-1	True	78	0.172	0.198	gain	FP	FP
chr8	82149808	82152055	2247	58	1	0	13	nested_a_in_b	nested_a_in_b	1-1	1-1	True	72	0.172	0.196	gain	FP	FP
chr8	82149808	82153297	3489	51	1	0	8	nested_a_in_b	nested_a_in_b	1-1	1-1	True	60	0.172	0.149	gain	FP	FP
chr8	82149808	82154756	4948	47	1	0	9	nested_a_in_b	nested_a_in_b	1-1	1-1	True	57	0.172	0.184	gain	FP	FP
chr8	82149808	82156557	6749	41	2	0	9	nested_a_in_b	nested_a_in_b	1-1	1-1	True	52	0.172	0.191	gain	FP	FP
chr8	82149808	82158226	8418	39	1	0	9	nested_a_in_b	nested_a_in_b	1-1	1-1	True	49	0.172	0.181	gain	FP	FP
chr8	82149808	82160183	10375	31	1	0	7	nested_a_in_b	nested_a_in_b	1-1	1-1	True	39	0.172	0.202	gain	FP	FP
chr8	82149808	82160225	10417	32	1	0	7	nested_a_in_b	nested_a_in_b	1-1	1-1	True	40	0.172	0.19	gain	FP	FP
chr8	82149808	82160837	11029	32	1	0	7	nested_a_in_b	nested_a_in_b	1-1	1-1	True	40	0.172	0.204	gain	FP	FP
chr8	82149808	82161024	11216	32	1	0	7	nested_a_in_b	nested_a_in_b	1-1	1-1	True	40	0.172	0.192	gain	FP	FP
chr8	82149808	82162674	12866	24	1	0	7	nested_a_in_b	nested_a_in_b	1-1	1-1	True	32	0.172	0.245	gain	FP	FP
chr8	82150364	82150422	58	72	1	0	18	nested_a_in_b	nested_a_in_b	1-1	1-1	True	91	0.198	0.202	gain	FP	FP
chr8	82150364	82150642	278	68	1	0	17	nested_a_in_b	nested_a_in_b	1-1	1-1	True	86	0.198	0.198	gain	FP	FP
chr8	82150364	82152055	1691	63	1	0	15	nested_a_in_b	nested_a_in_b	1-1	1-1	True	79	0.198	0.196	gain	FP	FP
chr8	82150364	82156557	6193	44	1	0	12	nested_a_in_b	nested_a_in_b	1-1	1-1	True	57	0.198	0.191	gain	FP	FP
chr8	82150364	82158226	7862	40	1	0	12	nested_a_in_b	nested_a_in_b	1-1	1-1	True	53	0.198	0.181	gain	FP	FP
chr8	82150422	82156557	6135	47	1	0	12	nested_a_in_b	nested_a_in_b	1-1	1-1	True	60	0.202	0.191	gain	FP	FP
chr8	82150422	82158226	7804	43	1	0	12	nested_a_in_b	nested_a_in_b	1-1	1-1	True	56	0.202	0.181	gain	FP	FP
chr8	82150598	82152055	1457	68	1	0	14	nested_a_in_b	nested_a_in_b	1-1	1-1	True	83	0.185	0.196	gain	FP	FP
chr8	82150598	82156557	5959	49	2	0	10	nested_a_in_b	nested_a_in_b	1-1	1-1	True	61	0.185	0.191	gain	FP	FP
chr8	82150598	82158226	7628	45	2	0	10	nested_a_in_b	nested_a_in_b	1-1	1-1	True	57	0.185	0.181	gain	FP	FP
chr8	82150598	82160183	9585	37	1	0	9	nested_a_in_b	nested_a_in_b	1-1	1-1	True	47	0.185	0.202	gain	FP	FP
chr8	82150598	82160225	9627	38	1	0	9	nested_a_in_b	nested_a_in_b	1-1	1-1	True	48	0.185	0.19	gain	FP	FP
chr8	82150598	82160837	10239	38	1	0	9	nested_a_in_b	nested_a_in_b	1-1	1-1	True	48	0.185	0.204	gain	FP	FP
chr8	82150598	82161024	10426	38	1	0	9	nested_a_in_b	nested_a_in_b	1-1	1-1	True	48	0.185	0.192	gain	FP	FP
chr8	82150598	82162674	12076	30	1	0	9	nested_a_in_b	nested_a_in_b	1-1	1-1	True	40	0.185	0.245	gain	FP	FP
chr8	82150598	82162872	12274	30	1	0	7	nested_a_in_b	nested_a_in_b	1-1	1-1	True	38	0.185	0.235	gain	FP	FP
chr8	82150598	82163730	13132	22	1	0	7	nested_a_in_b	nested_a_in_b	1-1	1-1	True	30	0.185	0.237	gain	FP	FP
chr8	82150598	82164623	14025	19	1	0	7	nested_a_in_b	nested_a_in_b	1-1	1-1	True	27	0.185	0.24	gain	FP	FP
chr8	82150598	82164970	14372	20	1	0	7	nested_a_in_b	nested_a_in_b	1-1	1-1	True	28	0.185	0.222	gain	FP	FP
chr8	82150598	82166473	15875	16	1	0	7	nested_a_in_b	nested_a_in_b	1-1	1-1	True	24	0.185	0.225	gain	FP	FP
chr8	82150598	82166522	15924	15	1	0	7	nested_a_in_b	nested_a_in_b	1-1	1-1	True	23	0.185	0.263	gain	FP	FP
chr8	82150598	82166814	16216	15	1	0	5	nested_a_in_b	nested_a_in_b	1-1	1-1	True	21	0.185	0.184	gain	FP	FP
chr8	82150598	82168704	18106	12	1	0	6	nested_a_in_b	nested_a_in_b	1-1	1-1	True	19	0.185	0.271	gain	FP	FP
chr8	82150598	82170298	19700	10	1	0	6	nested_a_in_b	nested_a_in_b	1-1	1-1	True	17	0.185	0.236	gain	FP	FP
chr8	82150598	82170588	19990	9	1	0	6	nested_a_in_b	nested_a_in_b	1-1	1-1	True	16	0.185	0.233	gain	FP	FP
chr8	82150598	82173029	22431	8	1	0	6	nested_a_in_b	nested_a_in_b	1-1	1-1	True	15	0.185	0.223	gain	FP	FP
chr8	82150598	82173075	22477	8	1	0	6	nested_a_in_b	nested_a_in_b	1-1	1-1	True	15	0.185	0.242	gain	FP	FP
chr8	82150598	82175567	24969	3	1	0	6	nested_a_in_b	nested_a_in_b	1-1	1-1	True	10	0.185	0.206	gain	FP	FP
chr8	82150598	82175733	25135	3	1	0	6	nested_a_in_b	nested_a_in_b	1-1	1-1	True	10	0.185	0.188	gain	FP	FP
chr8	82150598	82176318	25720	2	1	0	6	nested_a_in_b	nested_a_in_b	1-1	1-1	True	9	0.185	0.221	gain	FP	FP
chr8	82150598	82176619	26021	2	1	0	6	nested_a_in_b	nested_a_in_b	1-1	1-1	True	9	0.185	0.223	gain	FP	FP
chr8	82150642	82156557	5915	48	1	0	11	nested_a_in_b	nested_a_in_b	1-1	1-1	True	60	0.198	0.191	gain	FP	FP
chr8	82150642	82158226	7584	44	1	0	11	nested_a_in_b	nested_a_in_b	1-1	1-1	True	56	0.198	0.181	gain	FP	FP
chr8	82152055	82156557	4502	56	1	0	12	nested_a_in_b	nested_a_in_b	1-1	1-1	True	69	0.196	0.191	gain	FP	FP
chr8	82152055	82158226	6171	52	1	0	12	nested_a_in_b	nested_a_in_b	1-1	1-1	True	65	0.196	0.181	gain	FP	FP
chr8	82152670	82154756	2086	63	1	0	14	nested_a_in_b	nested_a_in_b	1-1	1-1	True	78	0.194	0.184	gain	FP	FP
chr8	82152670	82156557	3887	57	2	0	13	nested_a_in_b	nested_a_in_b	1-1	1-1	True	72	0.194	0.191	gain	FP	FP
chr8	82152670	82158226	5556	53	2	0	13	nested_a_in_b	nested_a_in_b	1-1	1-1	True	68	0.194	0.181	gain	FP	FP
chr8	82152670	82160183	7513	45	1	0	11	nested_a_in_b	nested_a_in_b	1-1	1-1	True	57	0.194	0.202	gain	FP	FP
chr8	82152670	82160225	7555	46	1	0	10	nested_a_in_b	nested_a_in_b	1-1	1-1	True	57	0.194	0.19	gain	FP	FP
chr8	82152670	82160837	8167	45	1	0	11	nested_a_in_b	nested_a_in_b	1-1	1-1	True	57	0.194	0.204	gain	FP	FP
chr8	82152670	82161024	8354	44	1	0	11	nested_a_in_b	nested_a_in_b	1-1	1-1	True	56	0.194	0.192	gain	FP	FP
chr8	82152670	82162674	10004	35	1	0	11	nested_a_in_b	nested_a_in_b	1-1	1-1	True	47	0.194	0.245	gain	FP	FP
chr8	82152670	82162872	10202	35	1	0	9	nested_a_in_b	nested_a_in_b	1-1	1-1	True	45	0.194	0.235	gain	FP	FP
chr8	82152670	82163730	11060	27	1	0	9	nested_a_in_b	nested_a_in_b	1-1	1-1	True	37	0.194	0.237	gain	FP	FP
chr8	82152670	82164623	11953	24	1	0	9	nested_a_in_b	nested_a_in_b	1-1	1-1	True	34	0.194	0.24	gain	FP	FP
chr8	82152670	82164970	12300	25	1	0	9	nested_a_in_b	nested_a_in_b	1-1	1-1	True	35	0.194	0.222	gain	FP	FP
chr8	82152670	82166031	13361	24	1	0	8	nested_a_in_b	nested_a_in_b	1-1	1-1	True	33	0.194	0.202	gain	FP	FP
chr8	82152670	82166473	13803	21	1	0	9	nested_a_in_b	nested_a_in_b	1-1	1-1	True	31	0.194	0.225	gain	FP	FP
chr8	82152670	82166522	13852	20	1	0	8	nested_a_in_b	nested_a_in_b	1-1	1-1	True	29	0.194	0.263	gain	FP	FP
chr8	82152670	82166814	14144	20	1	0	7	nested_a_in_b	nested_a_in_b	1-1	1-1	True	28	0.194	0.184	gain	FP	FP
chr8	82152670	82168704	16034	17	1	0	7	nested_a_in_b	nested_a_in_b	1-1	1-1	True	25	0.194	0.271	gain	FP	FP
chr8	82152670	82170298	17628	13	1	0	7	nested_a_in_b	nested_a_in_b	1-1	1-1	True	21	0.194	0.236	gain	FP	FP
chr8	82152670	82170588	17918	12	1	0	7	nested_a_in_b	nested_a_in_b	1-1	1-1	True	20	0.194	0.233	gain	FP	FP
chr8	82152670	82173029	20359	10	1	0	7	nested_a_in_b	nested_a_in_b	1-1	1-1	True	18	0.194	0.223	gain	FP	FP
chr8	82152670	82173075	20405	10	1	0	7	nested_a_in_b	nested_a_in_b	1-1	1-1	True	18	0.194	0.242	gain	FP	FP
chr8	82152670	82175567	22897	4	1	0	7	nested_a_in_b	nested_a_in_b	1-1	1-1	True	12	0.194	0.206	gain	FP	FP
chr8	82152670	82175733	23063	4	1	0	6	nested_a_in_b	nested_a_in_b	1-1	1-1	True	11	0.194	0.188	gain	FP	FP
chr8	82152670	82176318	23648	3	1	0	7	nested_a_in_b	nested_a_in_b	1-1	1-1	True	11	0.194	0.221	gain	FP	FP
chr8	82152670	82176619	23949	3	1	0	7	nested_a_in_b	nested_a_in_b	1-1	1-1	True	11	0.194	0.223	gain	FP	FP
chr8	82153297	82156557	3260	62	1	0	9	nested_a_in_b	nested_a_in_b	1-1	1-1	True	72	0.149	0.191	gain	FP	FP
chr8	82153297	82158226	4929	58	1	0	9	nested_a_in_b	nested_a_in_b	1-1	1-1	True	68	0.149	0.181	gain	FP	FP
chr8	82153297	82168704	15407	19	1	0	3	nested_a_in_b	nested_a_in_b	1-1	1-1	True	23	0.149	0.271	gain	FP	FP
chr8	82154756	82156557	1801	72	1	0	15	nested_a_in_b	nested_a_in_b	1-1	1-1	True	88	0.184	0.191	gain	FP	FP
chr8	82154756	82158226	3470	63	1	0	14	nested_a_in_b	nested_a_in_b	1-1	1-1	True	78	0.184	0.181	gain	FP	FP
chr8	82154756	82168704	13948	21	1	0	8	nested_a_in_b	nested_a_in_b	1-1	1-1	True	30	0.184	0.271	gain	FP	FP
chr8	82155529	82158226	2697	65	4	0	13	nested_a_in_b	nested_a_in_b	1-1	1-1	True	82	0.173	0.181	gain	FP	FP
chr8	82155529	82160183	4654	54	3	0	10	nested_a_in_b	nested_a_in_b	1-1	1-1	True	67	0.173	0.202	gain	FP	FP
chr8	82155529	82160225	4696	56	3	0	9	nested_a_in_b	nested_a_in_b	1-1	1-1	True	68	0.173	0.19	gain	FP	FP
chr8	82155529	82160837	5308	54	3	0	10	nested_a_in_b	nested_a_in_b	1-1	1-1	True	67	0.173	0.204	gain	FP	FP
chr8	82155529	82161024	5495	54	3	0	10	nested_a_in_b	nested_a_in_b	1-1	1-1	True	67	0.173	0.192	gain	FP	FP
chr8	82155529	82162674	7145	45	3	0	10	nested_a_in_b	nested_a_in_b	1-1	1-1	True	58	0.173	0.245	gain	FP	FP
chr8	82155529	82162872	7343	45	3	0	8	nested_a_in_b	nested_a_in_b	1-1	1-1	True	56	0.173	0.235	gain	FP	FP
chr8	82155529	82163730	8201	36	3	0	8	nested_a_in_b	nested_a_in_b	1-1	1-1	True	47	0.173	0.237	gain	FP	FP
chr8	82155529	82164623	9094	33	3	0	8	nested_a_in_b	nested_a_in_b	1-1	1-1	True	44	0.173	0.24	gain	FP	FP
chr8	82155529	82164970	9441	33	3	0	8	nested_a_in_b	nested_a_in_b	1-1	1-1	True	44	0.173	0.222	gain	FP	FP
chr8	82155529	82166031	10502	32	2	0	8	nested_a_in_b	nested_a_in_b	1-1	1-1	True	42	0.173	0.202	gain	FP	FP
chr8	82155529	82166473	10944	28	3	0	8	nested_a_in_b	nested_a_in_b	1-1	1-1	True	39	0.173	0.225	gain	FP	FP
chr8	82155529	82166522	10993	25	3	0	7	nested_a_in_b	nested_a_in_b	1-1	1-1	True	35	0.173	0.263	gain	FP	FP
chr8	82155529	82166814	11285	25	2	0	6	nested_a_in_b	nested_a_in_b	1-1	1-1	True	33	0.173	0.184	gain	FP	FP
chr8	82155529	82168704	13175	21	4	0	6	nested_a_in_b	nested_a_in_b	1-1	1-1	True	31	0.173	0.271	gain	FP	FP
chr8	82155529	82170298	14769	18	3	0	6	nested_a_in_b	nested_a_in_b	1-1	1-1	True	27	0.173	0.236	gain	FP	FP
chr8	82155529	82170588	15059	16	3	0	6	nested_a_in_b	nested_a_in_b	1-1	1-1	True	25	0.173	0.233	gain	FP	FP
chr8	82155529	82173029	17500	14	3	0	6	nested_a_in_b	nested_a_in_b	1-1	1-1	True	23	0.173	0.223	gain	FP	FP
chr8	82155529	82173075	17546	14	3	0	6	nested_a_in_b	nested_a_in_b	1-1	1-1	True	23	0.173	0.242	gain	FP	FP
chr8	82155529	82175567	20038	7	3	0	6	nested_a_in_b	nested_a_in_b	1-1	1-1	True	16	0.173	0.206	gain	FP	FP
chr8	82155529	82175733	20204	7	3	0	5	nested_a_in_b	nested_a_in_b	1-1	1-1	True	15	0.173	0.188	gain	FP	FP
chr8	82155529	82176318	20789	6	3	0	6	nested_a_in_b	nested_a_in_b	1-1	1-1	True	15	0.173	0.221	gain	FP	FP
chr8	82155529	82176619	21090	6	3	0	6	nested_a_in_b	nested_a_in_b	1-1	1-1	True	15	0.173	0.223	gain	FP	FP
chr8	82156557	82168704	12147	21	1	0	9	nested_a_in_b	nested_a_in_b	1-1	1-1	True	31	0.191	0.271	gain	FP	FP
chr8	82158226	82168704	10478	26	1	0	9	nested_a_in_b	nested_a_in_b	1-1	1-1	True	36	0.181	0.271	gain	FP	FP
chr8	82160183	82162674	2491	61	1	0	19	nested_a_in_b	nested_a_in_b	1-1	1-1	True	81	0.202	0.245	gain	FP	FP
chr8	82160183	82168704	8521	34	1	0	12	nested_a_in_b	nested_a_in_b	1-1	1-1	True	47	0.202	0.271	gain	FP	FP
chr8	82160225	82162674	2449	63	1	0	18	nested_a_in_b	nested_a_in_b	1-1	1-1	True	82	0.19	0.245	gain	FP	FP
chr8	82160225	82168704	8479	35	1	0	12	nested_a_in_b	nested_a_in_b	1-1	1-1	True	48	0.19	0.271	gain	FP	FP
chr8	82160837	82168704	7867	34	1	0	12	nested_a_in_b	nested_a_in_b	1-1	1-1	True	47	0.204	0.271	gain	FP	FP
chr8	82161024	82162674	1650	67	1	0	19	nested_a_in_b	nested_a_in_b	1-1	1-1	True	87	0.192	0.245	gain	FP	FP
chr8	82161024	82168704	7680	36	1	0	12	nested_a_in_b	nested_a_in_b	1-1	1-1	True	49	0.192	0.271	gain	FP	FP
chr8	82162872	82168704	5832	38	1	0	14	nested_a_in_b	nested_a_in_b	1-1	1-1	True	53	0.235	0.271	gain	FP	FP
chr8	82163730	82164623	893	65	1	0	20	nested_a_in_b	nested_a_in_b	1-1	1-1	True	86	0.237	0.24	gain	FP	FP
chr8	82163730	82168704	4974	42	1	0	14	nested_a_in_b	nested_a_in_b	1-1	1-1	True	57	0.237	0.271	gain	FP	FP
chr8	82164242	82164623	381	72	2	0	20	nested_a_in_b	nested_a_in_b	1-1	1-1	True	94	0.21	0.24	gain	FP	FP
chr8	82164242	82164970	728	69	1	0	19	nested_a_in_b	nested_a_in_b	1-1	1-1	True	89	0.21	0.222	gain	FP	FP
chr8	82164242	82166031	1789	64	1	0	15	nested_a_in_b	nested_a_in_b	1-1	1-1	True	80	0.21	0.202	gain	FP	FP
chr8	82164242	82166473	2231	60	1	0	16	nested_a_in_b	nested_a_in_b	1-1	1-1	True	77	0.21	0.225	gain	FP	FP
chr8	82164242	82166522	2280	51	1	0	15	nested_a_in_b	nested_a_in_b	1-1	1-1	True	67	0.21	0.263	gain	FP	FP
chr8	82164242	82166814	2572	57	1	0	10	nested_a_in_b	nested_a_in_b	1-1	1-1	True	68	0.21	0.184	gain	FP	FP
chr8	82164242	82168704	4462	47	2	0	14	nested_a_in_b	nested_a_in_b	1-1	1-1	True	63	0.21	0.271	gain	FP	FP
chr8	82164242	82170298	6056	42	1	0	12	nested_a_in_b	nested_a_in_b	1-1	1-1	True	55	0.21	0.236	gain	FP	FP
chr8	82164242	82170588	6346	39	1	0	12	nested_a_in_b	nested_a_in_b	1-1	1-1	True	52	0.21	0.233	gain	FP	FP
chr8	82164242	82173029	8787	33	1	0	12	nested_a_in_b	nested_a_in_b	1-1	1-1	True	46	0.21	0.223	gain	FP	FP
chr8	82164242	82173075	8833	32	2	0	12	nested_a_in_b	nested_a_in_b	1-1	1-1	True	46	0.21	0.242	gain	FP	FP
chr8	82164242	82175567	11325	23	1	0	11	nested_a_in_b	nested_a_in_b	1-1	1-1	True	35	0.21	0.206	gain	FP	FP
chr8	82164242	82175733	11491	22	1	0	10	nested_a_in_b	nested_a_in_b	1-1	1-1	True	33	0.21	0.188	gain	FP	FP
chr8	82164242	82176318	12076	20	1	0	11	nested_a_in_b	nested_a_in_b	1-1	1-1	True	32	0.21	0.221	gain	FP	FP
chr8	82164242	82176619	12377	20	1	0	11	nested_a_in_b	nested_a_in_b	1-1	1-1	True	32	0.21	0.223	gain	FP	FP
chr8	82164623	82168704	4081	47	1	0	15	nested_a_in_b	nested_a_in_b	1-1	1-1	True	63	0.24	0.271	gain	FP	FP
chr8	82164623	82173075	8452	31	1	0	13	nested_a_in_b	nested_a_in_b	1-1	1-1	True	45	0.24	0.242	gain	FP	FP
chr8	82164970	82168704	3734	47	1	0	15	nested_a_in_b	nested_a_in_b	1-1	1-1	True	63	0.222	0.271	gain	FP	FP
chr8	82164970	82173075	8105	31	1	0	13	nested_a_in_b	nested_a_in_b	1-1	1-1	True	45	0.222	0.242	gain	FP	FP
chr8	82165818	82166031	213	68	2	0	17	nested_a_in_b	nested_a_in_b	1-1	1-1	True	87	0.191	0.202	gain	FP	FP
chr8	82165818	82166473	655	62	2	0	17	nested_a_in_b	nested_a_in_b	1-1	1-1	True	81	0.191	0.225	gain	FP	FP
chr8	82165818	82166522	704	53	2	0	16	nested_a_in_b	nested_a_in_b	1-1	1-1	True	71	0.191	0.263	gain	FP	FP
chr8	82165818	82168704	2886	49	3	0	15	nested_a_in_b	nested_a_in_b	1-1	1-1	True	67	0.191	0.271	gain	FP	FP
chr8	82165818	82170298	4480	43	2	0	13	nested_a_in_b	nested_a_in_b	1-1	1-1	True	58	0.191	0.236	gain	FP	FP
chr8	82165818	82170588	4770	40	2	0	13	nested_a_in_b	nested_a_in_b	1-1	1-1	True	55	0.191	0.233	gain	FP	FP
chr8	82165818	82173029	7211	34	2	0	13	nested_a_in_b	nested_a_in_b	1-1	1-1	True	49	0.191	0.223	gain	FP	FP
chr8	82165818	82173075	7257	32	3	0	13	nested_a_in_b	nested_a_in_b	1-1	1-1	True	48	0.191	0.242	gain	FP	FP
chr8	82165818	82175567	9749	24	2	0	11	nested_a_in_b	nested_a_in_b	1-1	1-1	True	37	0.191	0.206	gain	FP	FP
chr8	82165818	82176318	10500	21	2	0	11	nested_a_in_b	nested_a_in_b	1-1	1-1	True	34	0.191	0.221	gain	FP	FP
chr8	82165818	82176619	10801	21	2	0	11	nested_a_in_b	nested_a_in_b	1-1	1-1	True	34	0.191	0.223	gain	FP	FP
chr8	82166031	82168704	2673	50	1	0	17	nested_a_in_b	nested_a_in_b	1-1	1-1	True	68	0.202	0.271	gain	FP	FP
chr8	82166031	82173075	7044	33	1	0	15	nested_a_in_b	nested_a_in_b	1-1	1-1	True	49	0.202	0.242	gain	FP	FP
chr8	82166473	82166522	49	58	1	0	19	nested_a_in_b	nested_a_in_b	1-1	1-1	True	78	0.225	0.263	gain	FP	FP
chr8	82166473	82168704	2231	51	2	0	18	nested_a_in_b	nested_a_in_b	1-1	1-1	True	71	0.225	0.271	gain	FP	FP
chr8	82166473	82170298	3825	45	1	0	16	nested_a_in_b	nested_a_in_b	1-1	1-1	True	62	0.225	0.236	gain	FP	FP
chr8	82166473	82170588	4115	42	1	0	16	nested_a_in_b	nested_a_in_b	1-1	1-1	True	59	0.225	0.233	gain	FP	FP
chr8	82166473	82173029	6556	36	1	0	16	nested_a_in_b	nested_a_in_b	1-1	1-1	True	53	0.225	0.223	gain	FP	FP
chr8	82166473	82173075	6602	34	2	0	16	nested_a_in_b	nested_a_in_b	1-1	1-1	True	52	0.225	0.242	gain	FP	FP
chr8	82166473	82175567	9094	25	1	0	14	nested_a_in_b	nested_a_in_b	1-1	1-1	True	40	0.225	0.206	gain	FP	FP
chr8	82166473	82176318	9845	22	1	0	14	nested_a_in_b	nested_a_in_b	1-1	1-1	True	37	0.225	0.221	gain	FP	FP
chr8	82166473	82176619	10146	22	1	0	14	nested_a_in_b	nested_a_in_b	1-1	1-1	True	37	0.225	0.223	gain	FP	FP
chr8	82166482	82166522	40	51	4	0	17	nested_a_in_b	nested_a_in_b	1-1	1-1	True	72	0.205	0.263	gain	FP	FP
chr8	82166482	82166814	332	58	3	0	12	nested_a_in_b	nested_a_in_b	1-1	1-1	True	73	0.205	0.184	gain	FP	FP
chr8	82166482	82168704	2222	46	6	0	15	nested_a_in_b	nested_a_in_b	1-1	1-1	True	67	0.205	0.271	gain	FP	FP
chr8	82166482	82170298	3816	40	4	0	14	nested_a_in_b	nested_a_in_b	1-1	1-1	True	58	0.205	0.236	gain	FP	FP
chr8	82166482	82170588	4106	38	4	0	14	nested_a_in_b	nested_a_in_b	1-1	1-1	True	56	0.205	0.233	gain	FP	FP
chr8	82166482	82173029	6547	32	4	0	14	nested_a_in_b	nested_a_in_b	1-1	1-1	True	50	0.205	0.223	gain	FP	FP
chr8	82166482	82173075	6593	30	5	0	14	nested_a_in_b	nested_a_in_b	1-1	1-1	True	49	0.205	0.242	gain	FP	FP
chr8	82166482	82175567	9085	24	3	0	13	nested_a_in_b	nested_a_in_b	1-1	1-1	True	40	0.205	0.206	gain	FP	FP
chr8	82166482	82176318	9836	21	3	0	13	nested_a_in_b	nested_a_in_b	1-1	1-1	True	37	0.205	0.221	gain	FP	FP
chr8	82166482	82176619	10137	21	3	0	13	nested_a_in_b	nested_a_in_b	1-1	1-1	True	37	0.205	0.223	gain	FP	FP
chr8	82166522	82168704	2182	47	1	0	19	nested_a_in_b	nested_a_in_b	1-1	1-1	True	67	0.263	0.271	gain	FP	FP
chr8	82166814	82168704	1890	55	2	0	14	nested_a_in_b	nested_a_in_b	1-1	1-1	True	71	0.184	0.271	gain	FP	FP
chr8	82166814	82170298	3484	49	1	0	13	nested_a_in_b	nested_a_in_b	1-1	1-1	True	63	0.184	0.236	gain	FP	FP
chr8	82166814	82170588	3774	46	1	0	13	nested_a_in_b	nested_a_in_b	1-1	1-1	True	60	0.184	0.233	gain	FP	FP
chr8	82166814	82173029	6215	40	1	0	13	nested_a_in_b	nested_a_in_b	1-1	1-1	True	54	0.184	0.223	gain	FP	FP
chr8	82166814	82173075	6261	38	2	0	13	nested_a_in_b	nested_a_in_b	1-1	1-1	True	53	0.184	0.242	gain	FP	FP
chr8	82166814	82175567	8753	29	1	0	11	nested_a_in_b	nested_a_in_b	1-1	1-1	True	41	0.184	0.206	gain	FP	FP
chr8	82166814	82176318	9504	26	1	0	11	nested_a_in_b	nested_a_in_b	1-1	1-1	True	38	0.184	0.221	gain	FP	FP
chr8	82166814	82176619	9805	26	1	0	11	nested_a_in_b	nested_a_in_b	1-1	1-1	True	38	0.184	0.223	gain	FP	FP
chr8	82170298	82173075	2777	52	1	0	21	nested_a_in_b	nested_a_in_b	1-1	1-1	True	74	0.236	0.242	gain	FP	FP
chr8	82170588	82173075	2487	54	1	0	21	nested_a_in_b	nested_a_in_b	1-1	1-1	True	76	0.233	0.242	gain	FP	FP
chr8	82173029	82173075	46	68	1	0	21	nested_a_in_b	nested_a_in_b	1-1	1-1	True	90	0.223	0.242	gain	FP	FP
chr8	82175733	82176318	585	69	1	0	18	nested_a_in_b	nested_a_in_b	1-1	1-1	True	88	0.188	0.221	gain	FP	FP
chr8	82175733	82176619	886	65	1	0	18	nested_a_in_b	nested_a_in_b	1-1	1-1	True	84	0.188	0.223	gain	FP	FP
chr8	82258105	82279324	21219	3	8	0	4	nested_a_in_b	nested_a_in_b	2-1	2-1	True	15	0.33	0.814	gain	TP	TP
chr8	82258124	82279324	21200	3	8	0	5	nested_a_in_b	nested_a_in_b	2-1	2-1	True	16	0.327	0.814	gain	TP	TP
chr8	82829168	82831292	2124	66	2	0	11	nested_a_in_b	nested_a_in_b	2-1	2-1	True	79	0.146	0.155	gain	FP	FP
chr8	82829168	82846101	16933	15	1	0	3	nested_a_in_b	nested_a_in_b	2-1	2-1	True	19	0.146	0.194	gain	FP	FP
chr8	82862197	82863512	1315	71	2	0	17	nested_a_in_b	nested_a_in_b	1-1	1-1	True	90	0.187	0.192	gain	FP	FP
chr8	82863112	82883835	20723	9	1	0	7	nested_a_in_b	nested_a_in_b	1-1	1-1	True	17	0.175	0.295	gain	FP	FP
chr8	82870194	82871812	1618	52	1	0	15	nested_a_in_b	nested_a_in_b	1-1	1-1	True	68	0.216	0.262	gain	FP	FP
chr8	82870194	82883835	13641	16	1	0	9	nested_a_in_b	nested_a_in_b	1-1	1-1	True	26	0.216	0.295	gain	FP	FP
chr8	82880926	82883835	2909	34	2	0	16	nested_a_in_b	nested_a_in_b	1-1	1-1	True	52	0.268	0.295	gain	FP	FP
chr8	82929276	82930508	1232	72	1	0	18	nested_a_in_b	nested_a_in_b	2-1	2-1	True	91	0.196	0.231	gain	FP	FP
chr8	82929276	82932246	2970	57	1	0	13	nested_a_in_b	nested_a_in_b	2-1	2-1	True	71	0.196	0.22	gain	FP	FP
chr8	82929276	82935283	6007	46	2	0	12	nested_a_in_b	nested_a_in_b	2-1	2-1	True	60	0.196	0.21	gain	FP	FP
chr8	82929276	82937221	7945	39	3	0	9	nested_a_in_b	nested_a_in_b	2-1	2-1	True	51	0.196	0.202	gain	FP	FP
chr8	82929276	82944957	15681	24	1	0	9	nested_a_in_b	nested_a_in_b	2-1	2-1	True	34	0.196	0.202	gain	FP	FP
chr8	82929276	82956987	27711	6	1	0	3	nested_a_in_b	nested_a_in_b	2-1	2-1	True	10	0.196	0.165	gain	FP	FP
chr8	82929574	82930508	934	71	2	0	19	nested_a_in_b	nested_a_in_b	2-1	2-1	True	92	0.198	0.231	gain	FP	FP
chr8	82929574	82930641	1067	74	1	0	19	nested_a_in_b	nested_a_in_b	2-1	2-1	True	94	0.198	0.214	gain	FP	FP
chr8	82929574	82932246	2672	56	1	0	15	nested_a_in_b	nested_a_in_b	2-1	2-1	True	72	0.198	0.22	gain	FP	FP
chr8	82929574	82935283	5709	45	2	0	14	nested_a_in_b	nested_a_in_b	2-1	2-1	True	61	0.198	0.21	gain	FP	FP
chr8	82929574	82937221	7647	38	3	0	10	nested_a_in_b	nested_a_in_b	2-1	2-1	True	51	0.198	0.202	gain	FP	FP
chr8	82929574	82944957	15383	23	1	0	9	nested_a_in_b	nested_a_in_b	2-1	2-1	True	33	0.198	0.202	gain	FP	FP
chr8	82930508	82937221	6713	40	3	0	11	nested_a_in_b	nested_a_in_b	2-1	2-1	True	54	0.231	0.202	gain	FP	FP
chr8	82930508	82944957	14449	23	1	0	9	nested_a_in_b	nested_a_in_b	2-1	2-1	True	33	0.231	0.202	gain	FP	FP
chr8	82930508	82956987	26479	6	1	0	3	nested_a_in_b	nested_a_in_b	2-1	2-1	True	10	0.231	0.165	gain	FP	FP
chr8	82930641	82932246	1605	64	1	0	16	nested_a_in_b	nested_a_in_b	2-1	2-1	True	81	0.214	0.22	gain	FP	FP
chr8	82930641	82935283	4642	50	2	0	15	nested_a_in_b	nested_a_in_b	2-1	2-1	True	67	0.214	0.21	gain	FP	FP
chr8	82930641	82937221	6580	42	3	0	11	nested_a_in_b	nested_a_in_b	2-1	2-1	True	56	0.214	0.202	gain	FP	FP
chr8	82930641	82944957	14316	24	1	0	9	nested_a_in_b	nested_a_in_b	2-1	2-1	True	34	0.214	0.202	gain	FP	FP
chr8	82930641	82956987	26346	6	1	0	3	nested_a_in_b	nested_a_in_b	2-1	2-1	True	10	0.214	0.165	gain	FP	FP
chr8	82931320	82932246	926	66	1	0	16	nested_a_in_b	nested_a_in_b	2-1	2-1	True	83	0.21	0.22	gain	FP	FP
chr8	82931320	82935283	3963	51	2	0	14	nested_a_in_b	nested_a_in_b	2-1	2-1	True	67	0.21	0.21	gain	FP	FP
chr8	82931320	82937221	5901	43	3	0	10	nested_a_in_b	nested_a_in_b	2-1	2-1	True	56	0.21	0.202	gain	FP	FP
chr8	82931320	82944957	13637	25	1	0	8	nested_a_in_b	nested_a_in_b	2-1	2-1	True	34	0.21	0.202	gain	FP	FP
chr8	82931320	82956987	25667	6	1	0	3	nested_a_in_b	nested_a_in_b	2-1	2-1	True	10	0.21	0.165	gain	FP	FP
chr8	82932203	82932246	43	71	2	0	18	nested_a_in_b	nested_a_in_b	2-1	2-1	True	91	0.216	0.22	gain	FP	FP
chr8	82932203	82932591	388	71	1	0	18	nested_a_in_b	nested_a_in_b	2-1	2-1	True	90	0.216	0.198	gain	FP	FP
chr8	82932203	82935283	3080	54	3	0	16	nested_a_in_b	nested_a_in_b	2-1	2-1	True	73	0.216	0.21	gain	FP	FP
chr8	82932203	82936026	3823	52	1	0	16	nested_a_in_b	nested_a_in_b	2-1	2-1	True	69	0.216	0.2	gain	FP	FP
chr8	82932203	82937221	5018	45	3	0	13	nested_a_in_b	nested_a_in_b	2-1	2-1	True	61	0.216	0.202	gain	FP	FP
chr8	82932203	82944957	12754	26	1	0	10	nested_a_in_b	nested_a_in_b	2-1	2-1	True	37	0.216	0.202	gain	FP	FP
chr8	82932203	82956987	24784	6	1	0	3	nested_a_in_b	nested_a_in_b	2-1	2-1	True	10	0.216	0.165	gain	FP	FP
chr8	82932246	82944957	12711	25	1	0	9	nested_a_in_b	nested_a_in_b	2-1	2-1	True	35	0.22	0.202	gain	FP	FP
chr8	82932246	82956987	24741	6	1	0	3	nested_a_in_b	nested_a_in_b	2-1	2-1	True	10	0.22	0.165	gain	FP	FP
chr8	82932591	82935283	2692	53	2	0	17	nested_a_in_b	nested_a_in_b	2-1	2-1	True	72	0.198	0.21	gain	FP	FP
chr8	82932591	82937221	4630	45	2	0	12	nested_a_in_b	nested_a_in_b	2-1	2-1	True	59	0.198	0.202	gain	FP	FP
chr8	82932591	82944957	12366	25	1	0	10	nested_a_in_b	nested_a_in_b	2-1	2-1	True	36	0.198	0.202	gain	FP	FP
chr8	82932591	82956987	24396	6	1	0	3	nested_a_in_b	nested_a_in_b	2-1	2-1	True	10	0.198	0.165	gain	FP	FP
chr8	82935283	82937221	1938	62	3	0	13	nested_a_in_b	nested_a_in_b	2-1	2-1	True	78	0.21	0.202	gain	FP	FP
chr8	82935283	82949340	14057	23	1	0	6	nested_a_in_b	nested_a_in_b	2-1	2-1	True	30	0.21	0.157	gain	FP	FP
chr8	82935283	82956987	21704	9	1	0	3	nested_a_in_b	nested_a_in_b	2-1	2-1	True	13	0.21	0.165	gain	FP	FP
chr8	82936026	82937221	1195	68	4	0	15	nested_a_in_b	nested_a_in_b	2-1	2-1	True	87	0.2	0.202	gain	FP	FP
chr8	82936026	82938265	2239	70	1	0	14	nested_a_in_b	nested_a_in_b	2-1	2-1	True	85	0.2	0.175	gain	FP	FP
chr8	82936026	82944957	8931	39	1	0	11	nested_a_in_b	nested_a_in_b	2-1	2-1	True	51	0.2	0.202	gain	FP	FP
chr8	82936026	82949340	13314	25	1	0	7	nested_a_in_b	nested_a_in_b	2-1	2-1	True	33	0.2	0.157	gain	FP	FP
chr8	82936026	82956987	20961	10	1	0	4	nested_a_in_b	nested_a_in_b	2-1	2-1	True	15	0.2	0.165	gain	FP	FP
chr8	82938265	82949340	11075	28	1	0	6	nested_a_in_b	nested_a_in_b	2-1	2-1	True	35	0.175	0.157	gain	FP	FP
chr8	82938265	82952526	14261	24	1	0	3	nested_a_in_b	nested_a_in_b	2-1	2-1	True	28	0.175	0.149	gain	FP	FP
chr8	82938265	82956987	18722	12	1	0	3	nested_a_in_b	nested_a_in_b	2-1	2-1	True	16	0.175	0.165	gain	FP	FP
chr8	82938294	82944957	6663	41	2	0	12	nested_a_in_b	nested_a_in_b	2-1	2-1	True	55	0.179	0.202	gain	FP	FP
chr8	82938294	82949340	11046	27	1	0	7	nested_a_in_b	nested_a_in_b	2-1	2-1	True	35	0.179	0.157	gain	FP	FP
chr8	82938294	82952526	14232	23	1	0	4	nested_a_in_b	nested_a_in_b	2-1	2-1	True	28	0.179	0.149	gain	FP	FP
chr8	82938294	82956987	18693	12	1	0	4	nested_a_in_b	nested_a_in_b	2-1	2-1	True	17	0.179	0.165	gain	FP	FP
chr8	82938947	82944957	6010	43	2	0	12	nested_a_in_b	nested_a_in_b	2-1	2-1	True	57	0.162	0.202	gain	FP	FP
chr8	82938947	82949340	10393	30	1	0	7	nested_a_in_b	nested_a_in_b	2-1	2-1	True	38	0.162	0.157	gain	FP	FP
chr8	82938947	82952526	13579	26	1	0	4	nested_a_in_b	nested_a_in_b	2-1	2-1	True	31	0.162	0.149	gain	FP	FP
chr8	82938947	82956987	18040	13	1	0	4	nested_a_in_b	nested_a_in_b	2-1	2-1	True	18	0.162	0.165	gain	FP	FP
chr8	82939109	82944957	5848	43	2	0	11	nested_a_in_b	nested_a_in_b	2-1	2-1	True	56	0.155	0.202	gain	FP	FP
chr8	82939109	82949340	10231	29	1	0	6	nested_a_in_b	nested_a_in_b	2-1	2-1	True	36	0.155	0.157	gain	FP	FP
chr8	82939109	82952526	13417	25	1	0	3	nested_a_in_b	nested_a_in_b	2-1	2-1	True	29	0.155	0.149	gain	FP	FP
chr8	82939109	82956987	17878	13	1	0	3	nested_a_in_b	nested_a_in_b	2-1	2-1	True	17	0.155	0.165	gain	FP	FP
chr8	82939324	82944957	5633	45	2	0	12	nested_a_in_b	nested_a_in_b	2-1	2-1	True	59	0.149	0.202	gain	FP	FP
chr8	82939324	82949340	10016	31	1	0	7	nested_a_in_b	nested_a_in_b	2-1	2-1	True	39	0.149	0.157	gain	FP	FP
chr8	82939324	82952526	13202	27	1	0	4	nested_a_in_b	nested_a_in_b	2-1	2-1	True	32	0.149	0.149	gain	FP	FP
chr8	82939324	82956987	17663	14	1	0	4	nested_a_in_b	nested_a_in_b	2-1	2-1	True	19	0.149	0.165	gain	FP	FP
chr8	82939617	82944957	5340	45	2	0	11	nested_a_in_b	nested_a_in_b	2-1	2-1	True	58	0.147	0.202	gain	FP	FP
chr8	82939617	82945697	6080	40	3	0	11	nested_a_in_b	nested_a_in_b	2-1	2-1	True	54	0.147	0.23	gain	FP	FP
chr8	82939617	82949340	9723	31	1	0	7	nested_a_in_b	nested_a_in_b	2-1	2-1	True	39	0.147	0.157	gain	FP	FP
chr8	82939617	82952526	12909	27	1	0	4	nested_a_in_b	nested_a_in_b	2-1	2-1	True	32	0.147	0.149	gain	FP	FP
chr8	82939617	82956987	17370	14	1	0	4	nested_a_in_b	nested_a_in_b	2-1	2-1	True	19	0.147	0.165	gain	FP	FP
chr8	82939798	82944957	5159	46	2	0	12	nested_a_in_b	nested_a_in_b	2-1	2-1	True	60	0.16	0.202	gain	FP	FP
chr8	82939798	82949340	9542	32	1	0	7	nested_a_in_b	nested_a_in_b	2-1	2-1	True	40	0.16	0.157	gain	FP	FP
chr8	82939798	82952526	12728	28	1	0	4	nested_a_in_b	nested_a_in_b	2-1	2-1	True	33	0.16	0.149	gain	FP	FP
chr8	82939798	82956987	17189	15	1	0	4	nested_a_in_b	nested_a_in_b	2-1	2-1	True	20	0.16	0.165	gain	FP	FP
chr8	82941007	82944957	3950	50	2	0	12	nested_a_in_b	nested_a_in_b	2-1	2-1	True	64	0.158	0.202	gain	FP	FP
chr8	82941007	82949340	8333	33	1	0	7	nested_a_in_b	nested_a_in_b	2-1	2-1	True	41	0.158	0.157	gain	FP	FP
chr8	82941007	82952526	11519	28	1	0	4	nested_a_in_b	nested_a_in_b	2-1	2-1	True	33	0.158	0.149	gain	FP	FP
chr8	82941007	82956987	15980	15	1	0	4	nested_a_in_b	nested_a_in_b	2-1	2-1	True	20	0.158	0.165	gain	FP	FP
chr8	82941546	82942638	1092	70	1	0	12	nested_a_in_b	nested_a_in_b	2-1	2-1	True	83	0.13	0.167	gain	FP	FP
chr8	82941546	82942850	1304	67	1	0	12	nested_a_in_b	nested_a_in_b	2-1	2-1	True	80	0.13	0.17	gain	FP	FP
chr8	82941546	82943200	1654	65	1	0	11	nested_a_in_b	nested_a_in_b	2-1	2-1	True	77	0.13	0.172	gain	FP	FP
chr8	82941546	82943496	1950	60	1	0	11	nested_a_in_b	nested_a_in_b	2-1	2-1	True	72	0.13	0.17	gain	FP	FP
chr8	82941546	82943846	2300	62	1	0	11	nested_a_in_b	nested_a_in_b	2-1	2-1	True	74	0.13	0.168	gain	FP	FP
chr8	82941546	82944940	3394	55	1	0	11	nested_a_in_b	nested_a_in_b	2-1	2-1	True	67	0.13	0.174	gain	FP	FP
chr8	82941546	82944957	3411	51	3	0	11	nested_a_in_b	nested_a_in_b	2-1	2-1	True	65	0.13	0.202	gain	FP	FP
chr8	82941546	82945494	3948	52	1	0	11	nested_a_in_b	nested_a_in_b	2-1	2-1	True	64	0.13	0.172	gain	FP	FP
chr8	82941546	82945697	4151	47	3	0	11	nested_a_in_b	nested_a_in_b	2-1	2-1	True	61	0.13	0.23	gain	FP	FP
chr8	82941546	82946187	4641	49	1	0	10	nested_a_in_b	nested_a_in_b	2-1	2-1	True	60	0.13	0.176	gain	FP	FP
chr8	82941546	82947281	5735	43	1	0	7	nested_a_in_b	nested_a_in_b	2-1	2-1	True	51	0.13	0.14	gain	FP	FP
chr8	82941546	82947474	5928	43	1	0	8	nested_a_in_b	nested_a_in_b	2-1	2-1	True	52	0.13	0.157	gain	FP	FP
chr8	82941546	82948119	6573	41	1	0	7	nested_a_in_b	nested_a_in_b	2-1	2-1	True	49	0.13	0.154	gain	FP	FP
chr8	82941546	82949340	7794	34	1	0	7	nested_a_in_b	nested_a_in_b	2-1	2-1	True	42	0.13	0.157	gain	FP	FP
chr8	82941546	82952526	10980	28	1	0	4	nested_a_in_b	nested_a_in_b	2-1	2-1	True	33	0.13	0.149	gain	FP	FP
chr8	82941546	82956987	15441	15	1	0	4	nested_a_in_b	nested_a_in_b	2-1	2-1	True	20	0.13	0.165	gain	FP	FP
chr8	82941593	82944957	3364	51	2	0	12	nested_a_in_b	nested_a_in_b	2-1	2-1	True	65	0.141	0.202	gain	FP	FP
chr8	82941593	82945697	4104	46	3	0	12	nested_a_in_b	nested_a_in_b	2-1	2-1	True	61	0.141	0.23	gain	FP	FP
chr8	82941593	82949340	7747	34	1	0	7	nested_a_in_b	nested_a_in_b	2-1	2-1	True	42	0.141	0.157	gain	FP	FP
chr8	82941593	82952526	10933	28	1	0	4	nested_a_in_b	nested_a_in_b	2-1	2-1	True	33	0.141	0.149	gain	FP	FP
chr8	82941593	82956987	15394	15	1	0	4	nested_a_in_b	nested_a_in_b	2-1	2-1	True	20	0.141	0.165	gain	FP	FP
chr8	82942638	82944957	2319	55	1	0	14	nested_a_in_b	nested_a_in_b	2-1	2-1	True	70	0.167	0.202	gain	FP	FP
chr8	82942638	82949340	6702	37	1	0	8	nested_a_in_b	nested_a_in_b	2-1	2-1	True	46	0.167	0.157	gain	FP	FP
chr8	82942638	82952526	9888	31	1	0	5	nested_a_in_b	nested_a_in_b	2-1	2-1	True	37	0.167	0.149	gain	FP	FP
chr8	82942638	82956987	14349	17	1	0	5	nested_a_in_b	nested_a_in_b	2-1	2-1	True	23	0.167	0.165	gain	FP	FP
chr8	82942850	82944957	2107	56	2	0	14	nested_a_in_b	nested_a_in_b	2-1	2-1	True	72	0.17	0.202	gain	FP	FP
chr8	82942850	82949340	6490	38	1	0	8	nested_a_in_b	nested_a_in_b	2-1	2-1	True	47	0.17	0.157	gain	FP	FP
chr8	82942850	82952526	9676	32	1	0	5	nested_a_in_b	nested_a_in_b	2-1	2-1	True	38	0.17	0.149	gain	FP	FP
chr8	82942850	82956987	14137	18	1	0	5	nested_a_in_b	nested_a_in_b	2-1	2-1	True	24	0.17	0.165	gain	FP	FP
chr8	82943200	82944957	1757	59	2	0	14	nested_a_in_b	nested_a_in_b	2-1	2-1	True	75	0.172	0.202	gain	FP	FP
chr8	82943200	82949340	6140	40	1	0	8	nested_a_in_b	nested_a_in_b	2-1	2-1	True	49	0.172	0.157	gain	FP	FP
chr8	82943200	82952526	9326	34	1	0	5	nested_a_in_b	nested_a_in_b	2-1	2-1	True	40	0.172	0.149	gain	FP	FP
chr8	82943200	82956987	13787	20	1	0	5	nested_a_in_b	nested_a_in_b	2-1	2-1	True	26	0.172	0.165	gain	FP	FP
chr8	82943496	82944957	1461	58	2	0	14	nested_a_in_b	nested_a_in_b	2-1	2-1	True	74	0.17	0.202	gain	FP	FP
chr8	82943496	82949340	5844	38	1	0	8	nested_a_in_b	nested_a_in_b	2-1	2-1	True	47	0.17	0.157	gain	FP	FP
chr8	82943496	82952526	9030	31	1	0	5	nested_a_in_b	nested_a_in_b	2-1	2-1	True	37	0.17	0.149	gain	FP	FP
chr8	82943496	82956987	13491	18	1	0	5	nested_a_in_b	nested_a_in_b	2-1	2-1	True	24	0.17	0.165	gain	FP	FP
chr8	82943846	82944957	1111	65	2	0	15	nested_a_in_b	nested_a_in_b	2-1	2-1	True	82	0.168	0.202	gain	FP	FP
chr8	82943846	82949340	5494	41	1	0	9	nested_a_in_b	nested_a_in_b	2-1	2-1	True	51	0.168	0.157	gain	FP	FP
chr8	82943846	82952526	8680	34	1	0	6	nested_a_in_b	nested_a_in_b	2-1	2-1	True	41	0.168	0.149	gain	FP	FP
chr8	82943846	82956987	13141	20	1	0	6	nested_a_in_b	nested_a_in_b	2-1	2-1	True	27	0.168	0.165	gain	FP	FP
chr8	82944940	82944957	17	71	2	0	16	nested_a_in_b	nested_a_in_b	2-1	2-1	True	89	0.174	0.202	gain	FP	FP
chr8	82944940	82949340	4400	47	1	0	9	nested_a_in_b	nested_a_in_b	2-1	2-1	True	57	0.174	0.157	gain	FP	FP
chr8	82944940	82951558	6618	41	1	0	8	nested_a_in_b	nested_a_in_b	2-1	2-1	True	50	0.174	0.185	gain	FP	FP
chr8	82944940	82952526	7586	39	1	0	6	nested_a_in_b	nested_a_in_b	2-1	2-1	True	46	0.174	0.149	gain	FP	FP
chr8	82944940	82956987	12047	22	1	0	6	nested_a_in_b	nested_a_in_b	2-1	2-1	True	29	0.174	0.165	gain	FP	FP
chr8	82945494	82949340	3846	50	1	0	9	nested_a_in_b	nested_a_in_b	2-1	2-1	True	60	0.172	0.157	gain	FP	FP
chr8	82945494	82951558	6064	43	1	0	8	nested_a_in_b	nested_a_in_b	2-1	2-1	True	52	0.172	0.185	gain	FP	FP
chr8	82945494	82952526	7032	40	1	0	6	nested_a_in_b	nested_a_in_b	2-1	2-1	True	47	0.172	0.149	gain	FP	FP
chr8	82945494	82956987	11493	23	1	0	6	nested_a_in_b	nested_a_in_b	2-1	2-1	True	30	0.172	0.165	gain	FP	FP
chr8	82946187	82949340	3153	51	1	0	9	nested_a_in_b	nested_a_in_b	2-1	2-1	True	61	0.176	0.157	gain	FP	FP
chr8	82946187	82951558	5371	44	1	0	8	nested_a_in_b	nested_a_in_b	2-1	2-1	True	53	0.176	0.185	gain	FP	FP
chr8	82946187	82952526	6339	41	1	0	6	nested_a_in_b	nested_a_in_b	2-1	2-1	True	48	0.176	0.149	gain	FP	FP
chr8	82946187	82956987	10800	24	1	0	6	nested_a_in_b	nested_a_in_b	2-1	2-1	True	31	0.176	0.165	gain	FP	FP
chr8	82946242	82947474	1232	60	1	0	12	nested_a_in_b	nested_a_in_b	2-1	2-1	True	73	0.174	0.157	gain	FP	FP
chr8	82946242	82949340	3098	48	1	0	9	nested_a_in_b	nested_a_in_b	2-1	2-1	True	58	0.174	0.157	gain	FP	FP
chr8	82946242	82951558	5316	41	1	0	8	nested_a_in_b	nested_a_in_b	2-1	2-1	True	50	0.174	0.185	gain	FP	FP
chr8	82946242	82952526	6284	38	1	0	6	nested_a_in_b	nested_a_in_b	2-1	2-1	True	45	0.174	0.149	gain	FP	FP
chr8	82946242	82956987	10745	23	1	0	6	nested_a_in_b	nested_a_in_b	2-1	2-1	True	30	0.174	0.165	gain	FP	FP
chr8	82946696	82947281	585	64	1	0	11	nested_a_in_b	nested_a_in_b	2-1	2-1	True	76	0.165	0.14	gain	FP	FP
chr8	82946696	82947474	778	64	1	0	12	nested_a_in_b	nested_a_in_b	2-1	2-1	True	77	0.165	0.157	gain	FP	FP
chr8	82946696	82948119	1423	60	1	0	11	nested_a_in_b	nested_a_in_b	2-1	2-1	True	72	0.165	0.154	gain	FP	FP
chr8	82946696	82949340	2644	52	1	0	9	nested_a_in_b	nested_a_in_b	2-1	2-1	True	62	0.165	0.157	gain	FP	FP
chr8	82946696	82951558	4862	45	1	0	8	nested_a_in_b	nested_a_in_b	2-1	2-1	True	54	0.165	0.185	gain	FP	FP
chr8	82946696	82956987	10291	25	1	0	6	nested_a_in_b	nested_a_in_b	2-1	2-1	True	32	0.165	0.165	gain	FP	FP
chr8	82947281	82949340	2059	57	1	0	9	nested_a_in_b	nested_a_in_b	2-1	2-1	True	67	0.14	0.157	gain	FP	FP
chr8	82947281	82949897	2616	55	1	0	8	nested_a_in_b	nested_a_in_b	2-1	2-1	True	64	0.14	0.151	gain	FP	FP
chr8	82947281	82951558	4277	48	1	0	8	nested_a_in_b	nested_a_in_b	2-1	2-1	True	57	0.14	0.185	gain	FP	FP
chr8	82947281	82952526	5245	45	1	0	6	nested_a_in_b	nested_a_in_b	2-1	2-1	True	52	0.14	0.149	gain	FP	FP
chr8	82947281	82956987	9706	27	1	0	6	nested_a_in_b	nested_a_in_b	2-1	2-1	True	34	0.14	0.165	gain	FP	FP
chr8	82947474	82949340	1866	58	1	0	9	nested_a_in_b	nested_a_in_b	2-1	2-1	True	68	0.157	0.157	gain	FP	FP
chr8	82947474	82949897	2423	57	1	0	8	nested_a_in_b	nested_a_in_b	2-1	2-1	True	66	0.157	0.151	gain	FP	FP
chr8	82947474	82951558	4084	50	1	0	8	nested_a_in_b	nested_a_in_b	2-1	2-1	True	59	0.157	0.185	gain	FP	FP
chr8	82947474	82952526	5052	47	1	0	6	nested_a_in_b	nested_a_in_b	2-1	2-1	True	54	0.157	0.149	gain	FP	FP
chr8	82947474	82956987	9513	27	1	0	6	nested_a_in_b	nested_a_in_b	2-1	2-1	True	34	0.157	0.165	gain	FP	FP
chr8	82948119	82949340	1221	65	1	0	10	nested_a_in_b	nested_a_in_b	2-1	2-1	True	76	0.154	0.157	gain	FP	FP
chr8	82948119	82949897	1778	63	1	0	9	nested_a_in_b	nested_a_in_b	2-1	2-1	True	73	0.154	0.151	gain	FP	FP
chr8	82948119	82951558	3439	55	1	0	9	nested_a_in_b	nested_a_in_b	2-1	2-1	True	65	0.154	0.185	gain	FP	FP
chr8	82948119	82952526	4407	51	1	0	6	nested_a_in_b	nested_a_in_b	2-1	2-1	True	58	0.154	0.149	gain	FP	FP
chr8	82948119	82956987	8868	30	1	0	6	nested_a_in_b	nested_a_in_b	2-1	2-1	True	37	0.154	0.165	gain	FP	FP
chr8	82949340	82951558	2218	57	1	0	11	nested_a_in_b	nested_a_in_b	2-1	2-1	True	69	0.157	0.185	gain	FP	FP
chr8	82949340	82952526	3186	53	1	0	8	nested_a_in_b	nested_a_in_b	2-1	2-1	True	62	0.157	0.149	gain	FP	FP
chr8	82949340	82956987	7647	31	1	0	7	nested_a_in_b	nested_a_in_b	2-1	2-1	True	39	0.157	0.165	gain	FP	FP
chr8	82949763	82949897	134	72	1	0	12	nested_a_in_b	nested_a_in_b	2-1	2-1	True	85	0.141	0.151	gain	FP	FP
chr8	82949763	82951558	1795	63	1	0	12	nested_a_in_b	nested_a_in_b	2-1	2-1	True	76	0.141	0.185	gain	FP	FP
chr8	82949763	82952526	2763	58	1	0	9	nested_a_in_b	nested_a_in_b	2-1	2-1	True	68	0.141	0.149	gain	FP	FP
chr8	82949763	82956987	7224	33	1	0	7	nested_a_in_b	nested_a_in_b	2-1	2-1	True	41	0.141	0.165	gain	FP	FP
chr8	82949994	82951558	1564	64	1	0	12	nested_a_in_b	nested_a_in_b	2-1	2-1	True	77	0.149	0.185	gain	FP	FP
chr8	82949994	82952526	2532	59	1	0	9	nested_a_in_b	nested_a_in_b	2-1	2-1	True	69	0.149	0.149	gain	FP	FP
chr8	82949994	82956987	6993	34	1	0	7	nested_a_in_b	nested_a_in_b	2-1	2-1	True	42	0.149	0.165	gain	FP	FP
chr8	82950212	82951558	1346	67	1	0	12	nested_a_in_b	nested_a_in_b	2-1	2-1	True	80	0.154	0.185	gain	FP	FP
chr8	82950212	82952526	2314	62	1	0	9	nested_a_in_b	nested_a_in_b	2-1	2-1	True	72	0.154	0.149	gain	FP	FP
chr8	82950212	82956987	6775	37	1	0	7	nested_a_in_b	nested_a_in_b	2-1	2-1	True	45	0.154	0.165	gain	FP	FP
chr8	82950337	82951558	1221	68	1	0	12	nested_a_in_b	nested_a_in_b	2-1	2-1	True	81	0.151	0.185	gain	FP	FP
chr8	82950337	82952526	2189	63	1	0	9	nested_a_in_b	nested_a_in_b	2-1	2-1	True	73	0.151	0.149	gain	FP	FP
chr8	82950337	82956987	6650	38	1	0	7	nested_a_in_b	nested_a_in_b	2-1	2-1	True	46	0.151	0.165	gain	FP	FP
chr8	82950729	82951558	829	69	1	0	12	nested_a_in_b	nested_a_in_b	2-1	2-1	True	82	0.144	0.185	gain	FP	FP
chr8	82950729	82952526	1797	64	1	0	9	nested_a_in_b	nested_a_in_b	2-1	2-1	True	74	0.144	0.149	gain	FP	FP
chr8	82950729	82956893	6164	39	1	0	7	nested_a_in_b	nested_a_in_b	2-1	2-1	True	47	0.144	0.195	gain	FP	FP
chr8	82950729	82956987	6258	39	1	0	7	nested_a_in_b	nested_a_in_b	2-1	2-1	True	47	0.144	0.165	gain	FP	FP
chr8	82951103	82951558	455	72	2	0	13	nested_a_in_b	nested_a_in_b	2-1	2-1	True	87	0.156	0.185	gain	FP	FP
chr8	82951103	82952526	1423	67	1	0	9	nested_a_in_b	nested_a_in_b	2-1	2-1	True	77	0.156	0.149	gain	FP	FP
chr8	82951103	82956893	5790	39	1	0	7	nested_a_in_b	nested_a_in_b	2-1	2-1	True	47	0.156	0.195	gain	FP	FP
chr8	82951103	82956987	5884	39	1	0	7	nested_a_in_b	nested_a_in_b	2-1	2-1	True	47	0.156	0.165	gain	FP	FP
chr8	82951368	82951558	190	74	2	0	14	nested_a_in_b	nested_a_in_b	2-1	2-1	True	90	0.17	0.185	gain	FP	FP
chr8	82951368	82952526	1158	69	1	0	10	nested_a_in_b	nested_a_in_b	2-1	2-1	True	80	0.17	0.149	gain	FP	FP
chr8	82951368	82956893	5525	39	1	0	7	nested_a_in_b	nested_a_in_b	2-1	2-1	True	47	0.17	0.195	gain	FP	FP
chr8	82951368	82956987	5619	39	1	0	7	nested_a_in_b	nested_a_in_b	2-1	2-1	True	47	0.17	0.165	gain	FP	FP
chr8	82953203	82955572	2369	57	2	0	7	nested_a_in_b	nested_a_in_b	2-1	2-1	True	66	0.11	0.175	gain	FP	FP
chr8	82953203	82956893	3690	48	3	0	7	nested_a_in_b	nested_a_in_b	2-1	2-1	True	58	0.11	0.195	gain	FP	FP
chr8	82953203	82956987	3784	50	1	0	7	nested_a_in_b	nested_a_in_b	2-1	2-1	True	58	0.11	0.165	gain	FP	FP
chr8	82954454	82955572	1118	61	2	0	8	nested_a_in_b	nested_a_in_b	2-1	2-1	True	71	0.129	0.175	gain	FP	FP
chr8	82954454	82956893	2439	52	3	0	8	nested_a_in_b	nested_a_in_b	2-1	2-1	True	63	0.129	0.195	gain	FP	FP
chr8	82954454	82956987	2533	54	1	0	8	nested_a_in_b	nested_a_in_b	2-1	2-1	True	63	0.129	0.165	gain	FP	FP
chr8	82954454	82961909	7455	28	1	0	5	nested_a_in_b	nested_a_in_b	2-1	2-1	True	34	0.129	0.211	gain	FP	FP
chr8	82955515	82955572	57	65	2	0	10	nested_a_in_b	nested_a_in_b	2-1	2-1	True	77	0.127	0.175	gain	FP	FP
chr8	82955515	82956893	1378	56	4	0	9	nested_a_in_b	nested_a_in_b	2-1	2-1	True	69	0.127	0.195	gain	FP	FP
chr8	82955515	82956987	1472	59	1	0	9	nested_a_in_b	nested_a_in_b	2-1	2-1	True	69	0.127	0.165	gain	FP	FP
chr8	82955515	82961909	6394	31	2	0	6	nested_a_in_b	nested_a_in_b	2-1	2-1	True	39	0.127	0.211	gain	FP	FP
chr8	82955572	82961909	6337	31	2	0	8	nested_a_in_b	nested_a_in_b	2-1	2-1	True	41	0.175	0.211	gain	FP	FP
chr8	82955750	82956096	346	67	1	0	11	nested_a_in_b	nested_a_in_b	2-1	2-1	True	79	0.138	0.16	gain	FP	FP
chr8	82955750	82956334	584	65	1	0	10	nested_a_in_b	nested_a_in_b	2-1	2-1	True	76	0.138	0.15	gain	FP	FP
chr8	82955750	82956893	1143	56	5	0	10	nested_a_in_b	nested_a_in_b	2-1	2-1	True	71	0.138	0.195	gain	FP	FP
chr8	82955750	82956987	1237	59	2	0	10	nested_a_in_b	nested_a_in_b	2-1	2-1	True	71	0.138	0.165	gain	FP	FP
chr8	82955750	82957533	1783	54	1	0	10	nested_a_in_b	nested_a_in_b	2-1	2-1	True	65	0.138	0.141	gain	FP	FP
chr8	82955750	82958944	3194	45	1	0	10	nested_a_in_b	nested_a_in_b	2-1	2-1	True	56	0.138	0.173	gain	FP	FP
chr8	82955750	82959308	3558	39	1	0	8	nested_a_in_b	nested_a_in_b	2-1	2-1	True	48	0.138	0.182	gain	FP	FP
chr8	82955750	82960917	5167	36	1	0	8	nested_a_in_b	nested_a_in_b	2-1	2-1	True	45	0.138	0.163	gain	FP	FP
chr8	82955750	82961909	6159	31	3	0	7	nested_a_in_b	nested_a_in_b	2-1	2-1	True	41	0.138	0.211	gain	FP	FP
chr8	82955750	82962200	6450	35	1	0	7	nested_a_in_b	nested_a_in_b	2-1	2-1	True	43	0.138	0.154	gain	FP	FP
chr8	82955750	82963397	7647	27	1	0	7	nested_a_in_b	nested_a_in_b	2-1	2-1	True	35	0.138	0.184	gain	FP	FP
chr8	82955750	82963589	7839	28	1	0	6	nested_a_in_b	nested_a_in_b	2-1	2-1	True	35	0.138	0.185	gain	FP	FP
chr8	82955750	82963666	7916	28	1	0	6	nested_a_in_b	nested_a_in_b	2-1	2-1	True	35	0.138	0.175	gain	FP	FP
chr8	82955750	82963744	7994	28	1	0	6	nested_a_in_b	nested_a_in_b	2-1	2-1	True	35	0.138	0.175	gain	FP	FP
chr8	82955750	82964441	8691	28	1	0	6	nested_a_in_b	nested_a_in_b	2-1	2-1	True	35	0.138	0.181	gain	FP	FP
chr8	82955750	82964582	8832	28	1	0	6	nested_a_in_b	nested_a_in_b	2-1	2-1	True	35	0.138	0.169	gain	FP	FP
chr8	82956096	82956987	891	60	1	0	12	nested_a_in_b	nested_a_in_b	2-1	2-1	True	73	0.16	0.165	gain	FP	FP
chr8	82956096	82961909	5813	32	2	0	8	nested_a_in_b	nested_a_in_b	2-1	2-1	True	42	0.16	0.211	gain	FP	FP
chr8	82956334	82956987	653	61	1	0	12	nested_a_in_b	nested_a_in_b	2-1	2-1	True	74	0.15	0.165	gain	FP	FP
chr8	82956334	82961909	5575	33	2	0	8	nested_a_in_b	nested_a_in_b	2-1	2-1	True	43	0.15	0.211	gain	FP	FP
chr8	82956334	82962200	5866	36	1	0	8	nested_a_in_b	nested_a_in_b	2-1	2-1	True	45	0.15	0.154	gain	FP	FP
chr8	82956596	82956987	391	63	1	0	11	nested_a_in_b	nested_a_in_b	2-1	2-1	True	75	0.143	0.165	gain	FP	FP
chr8	82956596	82961909	5313	34	2	0	7	nested_a_in_b	nested_a_in_b	2-1	2-1	True	43	0.143	0.211	gain	FP	FP
chr8	82956596	82962200	5604	38	1	0	7	nested_a_in_b	nested_a_in_b	2-1	2-1	True	46	0.143	0.154	gain	FP	FP
chr8	82956987	82961909	4922	34	2	0	8	nested_a_in_b	nested_a_in_b	2-1	2-1	True	44	0.165	0.211	gain	FP	FP
chr8	82956987	82962200	5213	38	1	0	8	nested_a_in_b	nested_a_in_b	2-1	2-1	True	47	0.165	0.154	gain	FP	FP
chr8	82957533	82958944	1411	56	1	0	11	nested_a_in_b	nested_a_in_b	2-1	2-1	True	68	0.141	0.173	gain	FP	FP
chr8	82957533	82959308	1775	47	1	0	9	nested_a_in_b	nested_a_in_b	2-1	2-1	True	57	0.141	0.182	gain	FP	FP
chr8	82957533	82961909	4376	38	2	0	8	nested_a_in_b	nested_a_in_b	2-1	2-1	True	48	0.141	0.211	gain	FP	FP
chr8	82957533	82962200	4667	42	1	0	8	nested_a_in_b	nested_a_in_b	2-1	2-1	True	51	0.141	0.154	gain	FP	FP
chr8	82958389	82958944	555	58	1	0	13	nested_a_in_b	nested_a_in_b	2-1	2-1	True	72	0.167	0.173	gain	FP	FP
chr8	82958389	82960913	2524	47	1	0	7	nested_a_in_b	nested_a_in_b	2-1	2-1	True	55	0.167	0.128	gain	FP	FP
chr8	82958389	82960917	2528	46	1	0	9	nested_a_in_b	nested_a_in_b	2-1	2-1	True	56	0.167	0.163	gain	FP	FP
chr8	82958389	82961909	3520	40	3	0	7	nested_a_in_b	nested_a_in_b	2-1	2-1	True	50	0.167	0.211	gain	FP	FP
chr8	82958389	82962200	3811	44	2	0	7	nested_a_in_b	nested_a_in_b	2-1	2-1	True	53	0.167	0.154	gain	FP	FP
chr8	82958389	82963397	5008	35	1	0	7	nested_a_in_b	nested_a_in_b	2-1	2-1	True	43	0.167	0.184	gain	FP	FP
chr8	82958389	82963589	5200	37	1	0	6	nested_a_in_b	nested_a_in_b	2-1	2-1	True	44	0.167	0.185	gain	FP	FP
chr8	82958389	82963666	5277	37	1	0	6	nested_a_in_b	nested_a_in_b	2-1	2-1	True	44	0.167	0.175	gain	FP	FP
chr8	82958389	82963744	5355	37	1	0	6	nested_a_in_b	nested_a_in_b	2-1	2-1	True	44	0.167	0.175	gain	FP	FP
chr8	82958389	82964441	6052	37	1	0	6	nested_a_in_b	nested_a_in_b	2-1	2-1	True	44	0.167	0.181	gain	FP	FP
chr8	82958389	82964582	6193	36	1	0	6	nested_a_in_b	nested_a_in_b	2-1	2-1	True	43	0.167	0.169	gain	FP	FP
chr8	82958389	82967873	9484	24	1	0	5	nested_a_in_b	nested_a_in_b	2-1	2-1	True	30	0.167	0.202	gain	FP	FP
chr8	82958389	82970193	11804	22	1	0	4	nested_a_in_b	nested_a_in_b	2-1	2-1	True	27	0.167	0.237	gain	FP	FP
chr8	82958944	82961909	2965	44	2	0	8	nested_a_in_b	nested_a_in_b	2-1	2-1	True	54	0.173	0.211	gain	FP	FP
chr8	82958944	82962200	3256	49	1	0	8	nested_a_in_b	nested_a_in_b	2-1	2-1	True	58	0.173	0.154	gain	FP	FP
chr8	82958944	82971493	12549	20	1	0	2	nested_a_in_b	nested_a_in_b	2-1	2-1	True	23	0.173	0.211	gain	FP	FP
chr8	82959308	82961909	2601	41	1	0	8	nested_a_in_b	nested_a_in_b	2-1	2-1	True	50	0.182	0.211	gain	FP	FP
chr8	82959308	82962200	2892	45	1	0	8	nested_a_in_b	nested_a_in_b	2-1	2-1	True	54	0.182	0.154	gain	FP	FP
chr8	82960913	82961909	996	57	3	0	8	nested_a_in_b	nested_a_in_b	2-1	2-1	True	68	0.128	0.211	gain	FP	FP
chr8	82960913	82962200	1287	61	1	0	7	nested_a_in_b	nested_a_in_b	2-1	2-1	True	69	0.128	0.154	gain	FP	FP
chr8	82960913	82966023	5110	33	1	0	6	nested_a_in_b	nested_a_in_b	2-1	2-1	True	40	0.128	0.276	gain	FP	FP
chr8	82960913	82971493	10580	22	1	0	3	nested_a_in_b	nested_a_in_b	2-1	2-1	True	26	0.128	0.211	gain	FP	FP
chr8	82960917	82961909	992	56	3	0	11	nested_a_in_b	nested_a_in_b	2-1	2-1	True	70	0.163	0.211	gain	FP	FP
chr8	82960917	82962200	1283	60	1	0	10	nested_a_in_b	nested_a_in_b	2-1	2-1	True	71	0.163	0.154	gain	FP	FP
chr8	82960917	82971493	10576	22	1	0	4	nested_a_in_b	nested_a_in_b	2-1	2-1	True	27	0.163	0.211	gain	FP	FP
chr8	82961082	82961909	827	56	5	0	9	nested_a_in_b	nested_a_in_b	2-1	2-1	True	70	0.13	0.211	gain	FP	FP
chr8	82961082	82962200	1118	60	3	0	8	nested_a_in_b	nested_a_in_b	2-1	2-1	True	71	0.13	0.154	gain	FP	FP
chr8	82961082	82963397	2315	49	2	0	8	nested_a_in_b	nested_a_in_b	2-1	2-1	True	59	0.13	0.184	gain	FP	FP
chr8	82961082	82963589	2507	50	1	0	8	nested_a_in_b	nested_a_in_b	2-1	2-1	True	59	0.13	0.185	gain	FP	FP
chr8	82961082	82963666	2584	51	1	0	7	nested_a_in_b	nested_a_in_b	2-1	2-1	True	59	0.13	0.175	gain	FP	FP
chr8	82961082	82963744	2662	51	1	0	8	nested_a_in_b	nested_a_in_b	2-1	2-1	True	60	0.13	0.175	gain	FP	FP
chr8	82961082	82964441	3359	49	1	0	8	nested_a_in_b	nested_a_in_b	2-1	2-1	True	58	0.13	0.181	gain	FP	FP
chr8	82961082	82971493	10411	21	1	0	4	nested_a_in_b	nested_a_in_b	2-1	2-1	True	26	0.13	0.211	gain	FP	FP
chr8	82961182	82961909	727	58	4	0	10	nested_a_in_b	nested_a_in_b	2-1	2-1	True	72	0.15	0.211	gain	FP	FP
chr8	82961182	82962200	1018	62	2	0	9	nested_a_in_b	nested_a_in_b	2-1	2-1	True	73	0.15	0.154	gain	FP	FP
chr8	82961182	82963397	2215	51	1	0	9	nested_a_in_b	nested_a_in_b	2-1	2-1	True	61	0.15	0.184	gain	FP	FP
chr8	82961182	82963589	2407	52	1	0	8	nested_a_in_b	nested_a_in_b	2-1	2-1	True	61	0.15	0.185	gain	FP	FP
chr8	82961182	82963666	2484	53	1	0	7	nested_a_in_b	nested_a_in_b	2-1	2-1	True	61	0.15	0.175	gain	FP	FP
chr8	82961182	82963744	2562	53	1	0	8	nested_a_in_b	nested_a_in_b	2-1	2-1	True	62	0.15	0.175	gain	FP	FP
chr8	82961182	82964441	3259	51	1	0	8	nested_a_in_b	nested_a_in_b	2-1	2-1	True	60	0.15	0.181	gain	FP	FP
chr8	82961182	82966023	4841	35	1	0	8	nested_a_in_b	nested_a_in_b	2-1	2-1	True	44	0.15	0.276	gain	FP	FP
chr8	82961182	82967873	6691	32	1	0	7	nested_a_in_b	nested_a_in_b	2-1	2-1	True	40	0.15	0.202	gain	FP	FP
chr8	82961182	82970193	9011	27	1	0	6	nested_a_in_b	nested_a_in_b	2-1	2-1	True	34	0.15	0.237	gain	FP	FP
chr8	82961182	82971493	10311	23	1	0	4	nested_a_in_b	nested_a_in_b	2-1	2-1	True	28	0.15	0.211	gain	FP	FP
chr8	82962200	82971493	9293	25	1	0	5	nested_a_in_b	nested_a_in_b	2-1	2-1	True	31	0.154	0.211	gain	FP	FP
chr8	82964513	82970193	5680	34	1	0	11	nested_a_in_b	nested_a_in_b	2-1	2-1	True	46	0.169	0.237	gain	FP	FP
chr8	82964582	82970193	5611	34	1	0	11	nested_a_in_b	nested_a_in_b	2-1	2-1	True	46	0.169	0.237	gain	FP	FP
chr8	82964582	82973671	9089	28	1	0	7	nested_a_in_b	nested_a_in_b	2-1	2-1	True	36	0.169	0.222	gain	FP	FP
chr8	82964582	82976410	11828	26	1	0	5	nested_a_in_b	nested_a_in_b	2-1	2-1	True	32	0.169	0.272	gain	FP	FP
chr8	82964582	82979226	14644	18	1	0	3	nested_a_in_b	nested_a_in_b	2-1	2-1	True	22	0.169	0.232	gain	FP	FP
chr8	82967522	82967873	351	66	3	0	14	nested_a_in_b	nested_a_in_b	2-1	2-1	True	83	0.198	0.202	gain	FP	FP
chr8	82967522	82970193	2671	48	4	0	10	nested_a_in_b	nested_a_in_b	2-1	2-1	True	62	0.198	0.237	gain	FP	FP
chr8	82967522	82973671	6149	37	3	0	6	nested_a_in_b	nested_a_in_b	2-1	2-1	True	46	0.198	0.222	gain	FP	FP
chr8	82967522	82976410	8888	35	2	0	5	nested_a_in_b	nested_a_in_b	2-1	2-1	True	42	0.198	0.272	gain	FP	FP
chr8	82967522	82979226	11704	26	2	0	3	nested_a_in_b	nested_a_in_b	2-1	2-1	True	31	0.198	0.232	gain	FP	FP
chr8	82967873	82970193	2320	49	1	0	13	nested_a_in_b	nested_a_in_b	2-1	2-1	True	63	0.202	0.237	gain	FP	FP
chr8	82967873	82973671	5798	37	1	0	8	nested_a_in_b	nested_a_in_b	2-1	2-1	True	46	0.202	0.222	gain	FP	FP
chr8	82967873	82976410	8537	35	1	0	6	nested_a_in_b	nested_a_in_b	2-1	2-1	True	42	0.202	0.272	gain	FP	FP
chr8	82967873	82979226	11353	26	1	0	4	nested_a_in_b	nested_a_in_b	2-1	2-1	True	31	0.202	0.232	gain	FP	FP
chr8	82973671	82976410	2739	50	1	0	14	nested_a_in_b	nested_a_in_b	2-1	2-1	True	65	0.222	0.272	gain	FP	FP
chr8	82973671	82979226	5555	37	1	0	9	nested_a_in_b	nested_a_in_b	2-1	2-1	True	47	0.222	0.232	gain	FP	FP
chr8	83089845	83091761	1916	62	2	0	13	nested_a_in_b	nested_a_in_b	2-1	2-1	True	77	0.165	0.216	gain	FP	FP
chr8	83089845	83095298	5453	47	2	0	11	nested_a_in_b	nested_a_in_b	2-1	2-1	True	60	0.165	0.252	gain	FP	FP
chr8	83089845	83100156	10311	34	3	0	6	nested_a_in_b	nested_a_in_b	2-1	2-1	True	43	0.165	0.248	gain	FP	FP
chr8	83089845	83101928	12083	31	1	0	7	nested_a_in_b	nested_a_in_b	2-1	2-1	True	39	0.165	0.27	gain	FP	FP
chr8	83089845	83116482	26637	12	1	0	2	nested_a_in_b	nested_a_in_b	2-1	2-1	True	15	0.165	0.139	gain	FP	FP
chr8	83091761	83095298	3537	55	1	0	19	nested_a_in_b	nested_a_in_b	2-1	2-1	True	75	0.216	0.252	gain	FP	FP
chr8	83091761	83100156	8395	36	2	0	13	nested_a_in_b	nested_a_in_b	2-1	2-1	True	51	0.216	0.248	gain	FP	FP
chr8	83091761	83101928	10167	32	1	0	13	nested_a_in_b	nested_a_in_b	2-1	2-1	True	46	0.216	0.27	gain	FP	FP
chr8	83091761	83116482	24721	11	1	0	4	nested_a_in_b	nested_a_in_b	2-1	2-1	True	16	0.216	0.139	gain	FP	FP
chr8	83091761	83122812	31051	7	1	0	2	nested_a_in_b	nested_a_in_b	2-1	2-1	True	10	0.216	0.198	gain	FP	FP
chr8	83095298	83100156	4858	46	1	0	16	nested_a_in_b	nested_a_in_b	2-1	2-1	True	63	0.252	0.248	gain	FP	FP
chr8	83138657	83144029	5372	47	2	0	7	nested_a_in_b	nested_a_in_b	1-1	1-1	True	56	0.185	0.186	gain	FP	FP
chr8	83138657	83144326	5669	44	1	0	7	nested_a_in_b	nested_a_in_b	1-1	1-1	True	52	0.185	0.207	gain	FP	FP
chr8	85063616	85066042	2426	56	4	0	4	nested_a_in_b	nested_a_in_b	1-1	1-1	True	64	0.061	0.12	gain	FP	FP
chr8	85066018	85066042	24	66	5	0	4	nested_a_in_b	nested_a_in_b	1-1	1-1	True	75	0.052	0.12	gain	FP	FP
chr8	85371858	85372309	451	77	1	0	10	nested_a_in_b	nested_a_in_b	1-1	1-1	True	88	0.105	0.121	gain	FP	FP
chr8	85582600	85587851	5251	53	1	0	4	nested_a_in_b	nested_a_in_b	2-1	2-1	True	58	0.096	0.073	gain	FP	FP
chr8	85910068	85916656	6588	35	1	0	3	nested_a_in_b	nested_a_in_b	2-1	2-1	True	39	0.087	0.125	loh	FP	FP
chr8	85911146	85916656	5510	39	1	0	4	nested_a_in_b	nested_a_in_b	2-1	2-1	True	44	0.094	0.125	loh	FP	FP
chr8	85911146	85923535	12389	24	1	0	4	nested_a_in_b	nested_a_in_b	2-1	2-1	True	29	0.094	0.112	loh	FP	FP
chr8	85963726	85989900	26174	3	4	0	3	nested_a_in_b	nested_a_in_b	1-1	1-1	True	10	0.233	0.696	loh	TP	TP
chr8	86080664	86094431	13767	14	1	0	3	nested_a_in_b	nested_a_in_b	1-1	1-1	True	18	0.13	0.151	loh	FP	FP
chr8	86081973	86086586	4613	48	1	0	4	nested_a_in_b	nested_a_in_b	1-1	1-1	True	53	0.09	0.115	loh	FP	FP
chr8	86081973	86094431	12458	19	1	0	3	nested_a_in_b	nested_a_in_b	1-1	1-1	True	23	0.09	0.151	loh	FP	FP
chr8	86084283	86094431	10148	22	1	0	4	nested_a_in_b	nested_a_in_b	1-1	1-1	True	27	0.094	0.151	loh	FP	FP
chr8	86086586	86094431	7845	27	1	0	5	nested_a_in_b	nested_a_in_b	1-1	1-1	True	33	0.115	0.151	loh	FP	FP
chr8	86092305	86094431	2126	57	3	0	7	nested_a_in_b	nested_a_in_b	1-1	1-1	True	67	0.089	0.151	loh	FP	FP
chr8	86408311	86413780	5469	37	4	0	7	nested_a_in_b	nested_a_in_b	3	3	True	48	0.135	0.195	loh	FP	FP
chr8	87769952	87776914	6962	33	1	0	11	nested_a_in_b	nested_a_in_b	1-1	1-1	True	45	0.239	0.235	loh	TP	TP
chr8	88096786	88098375	1589	62	1	0	8	nested_a_in_b	nested_a_in_b	3	3	True	71	0.115	0.122	loh	FP	FP
chr8	88096786	88101185	4399	51	1	0	6	nested_a_in_b	nested_a_in_b	3	3	True	58	0.115	0.099	loh	FP	FP
chr8	88175612	88206689	31077	6	1	0	2	nested_a_in_b	nested_a_in_b	3	3	True	9	0.236	0.352	loh	TP	TP
chr8	88266507	88267351	844	76	1	0	8	nested_a_in_b	nested_a_in_b	2-1	2-1	True	85	0.095	0.1	loh	FP	FP
chr8	88266507	88271414	4907	54	1	0	7	nested_a_in_b	nested_a_in_b	2-1	2-1	True	62	0.095	0.136	loh	FP	FP
chr8	88266507	88276831	10324	29	3	0	5	nested_a_in_b	nested_a_in_b	2-1	2-1	True	37	0.095	0.156	loh	FP	FP
chr8	88269552	88271414	1862	61	1	0	9	nested_a_in_b	nested_a_in_b	2-1	2-1	True	71	0.106	0.136	loh	FP	FP
chr8	88269552	88276831	7279	32	3	0	6	nested_a_in_b	nested_a_in_b	2-1	2-1	True	41	0.106	0.156	loh	FP	FP
chr8	88271414	88276831	5417	37	3	0	6	nested_a_in_b	nested_a_in_b	2-1	2-1	True	46	0.136	0.156	loh	FP	FP
chr8	88310775	88312619	1844	49	1	0	7	nested_a_in_b	nested_a_in_b	2-1	2-1	True	57	0.132	0.116	loh	FP	FP
chr8	88330715	88332072	1357	79	1	0	3	nested_a_in_b	nested_a_in_b	2-1	2-1	True	83	0.042	0.053	loh	FP	FP
chr8	88481992	88483102	1110	60	2	0	10	nested_a_in_b	nested_a_in_b	3	3	True	72	0.132	0.154	loh	FP	FP
chr8	88481992	88483499	1507	59	2	0	10	nested_a_in_b	nested_a_in_b	3	3	True	71	0.132	0.179	loh	FP	FP
chr8	88481992	88485039	3047	54	1	0	10	nested_a_in_b	nested_a_in_b	3	3	True	65	0.132	0.136	loh	FP	FP
chr8	88484810	88485039	229	65	1	0	10	nested_a_in_b	nested_a_in_b	3	3	True	76	0.125	0.136	loh	FP	FP
chr8	88546750	88561542	14792	8	9	0	6	nested_a_in_b	nested_a_in_b	3	3	True	23	0.262	0.785	loh	TP	TP
chr8	88649057	88658014	8957	29	1	0	5	nested_a_in_b	nested_a_in_b	1-1	1-1	True	35	0.111	0.139	loh	FP	FP
chr8	88658014	88670984	12970	23	1	0	5	nested_a_in_b	nested_a_in_b	1-1	1-1	True	29	0.139	0.131	loh	FP	FP
chr8	89433370	89454862	21492	0	8	0	2	nested_a_in_b	nested_a_in_b	2-1	2-1	True	10	0.288	0.971	loh	TP	TP
chr8	90123770	90129353	5583	4	31	0	13	nested_a_in_b	nested_a_in_b	2-1	2-1	True	48	0.3	0.942	loh	TP	TP
chr8	91569989	91572121	2132	40	4	0	20	nested_a_in_b	nested_a_in_b	1-1	1-1	True	64	0.325	0.333	loh	TP	TP
chr8	91852519	91857740	5221	50	1	0	7	nested_a_in_b	nested_a_in_b	1-1	1-1	True	58	0.097	0.13	loh	FP	FP
chr8	92046964	92049056	2092	36	1	0	24	nested_a_in_b	nested_a_in_b	1-1	1-1	True	61	0.381	0.429	loh	TP	TP
chr8	92208030	92208226	196	76	1	0	8	nested_a_in_b	nested_a_in_b	1-1	1-1	True	85	0.091	0.102	loh	FP	FP
chr8	92429614	92429615	1	51	1	0	17	nested_a_in_b	nested_a_in_b	1-1	1-1	True	69	0.25	0.289	loh	TP	TP
chr8	92429614	92454646	25032	1	11	0	2	nested_a_in_b	nested_a_in_b	1-1	1-1	True	14	0.25	0.969	loh	TP	TP
chr8	92429615	92454646	25031	1	11	0	2	nested_a_in_b	nested_a_in_b	1-1	1-1	True	14	0.289	0.969	loh	TP	TP
chr8	93479686	93484750	5064	35	2	0	11	nested_a_in_b	nested_a_in_b	1-1	1-1	True	48	0.169	0.24	loh	FP	FP
chr8	93479686	93484769	5083	36	1	0	10	nested_a_in_b	nested_a_in_b	1-1	1-1	True	47	0.169	0.211	loh	FP	FP
chr8	93481519	93483559	2040	54	1	0	10	nested_a_in_b	nested_a_in_b	1-1	1-1	True	65	0.152	0.176	loh	FP	FP
chr8	93481519	93484750	3231	50	3	0	11	nested_a_in_b	nested_a_in_b	1-1	1-1	True	64	0.152	0.24	loh	FP	FP
chr8	93481519	93484769	3250	51	2	0	10	nested_a_in_b	nested_a_in_b	1-1	1-1	True	63	0.152	0.211	loh	FP	FP
chr8	93481519	93484798	3279	52	1	0	10	nested_a_in_b	nested_a_in_b	1-1	1-1	True	63	0.152	0.211	loh	FP	FP
chr8	93481519	93484839	3320	52	1	0	10	nested_a_in_b	nested_a_in_b	1-1	1-1	True	63	0.152	0.189	loh	FP	FP
chr8	93481519	93484843	3324	51	1	0	9	nested_a_in_b	nested_a_in_b	1-1	1-1	True	61	0.152	0.174	loh	FP	FP
chr8	93481519	93489243	7724	39	2	0	9	nested_a_in_b	nested_a_in_b	1-1	1-1	True	50	0.152	0.193	loh	FP	FP
chr8	93483559	93484750	1191	63	3	0	15	nested_a_in_b	nested_a_in_b	1-1	1-1	True	81	0.176	0.24	loh	FP	FP
chr8	93483559	93484769	1210	64	2	0	14	nested_a_in_b	nested_a_in_b	1-1	1-1	True	80	0.176	0.211	loh	FP	FP
chr8	93483559	93484798	1239	64	2	0	14	nested_a_in_b	nested_a_in_b	1-1	1-1	True	80	0.176	0.211	loh	FP	FP
chr8	93484791	93484798	7	75	3	0	17	nested_a_in_b	nested_a_in_b	1-1	1-1	True	95	0.188	0.211	loh	FP	FP
chr8	93484791	93484839	48	77	1	0	17	nested_a_in_b	nested_a_in_b	1-1	1-1	True	95	0.188	0.189	loh	FP	FP
chr8	93606782	93610444	3662	66	1	0	8	nested_a_in_b	nested_a_in_b	1-1	1-1	True	75	0.088	0.12	loh	FP	FP
chr8	93606782	93611895	5113	55	1	0	6	nested_a_in_b	nested_a_in_b	1-1	1-1	True	62	0.088	0.117	loh	FP	FP
chr8	93860900	93861607	707	87	2	0	13	nested_a_in_b	nested_a_in_b	2-1	2-1	True	102	0.12	0.143	loh	FP	FP
chr8	93860900	93868484	7584	50	1	0	8	nested_a_in_b	nested_a_in_b	2-1	2-1	True	59	0.12	0.168	loh	FP	FP
chr8	93896869	93897911	1042	60	2	0	7	nested_a_in_b	nested_a_in_b	2-1	2-1	True	69	0.11	0.14	loh	FP	FP
chr8	93952405	93963743	11338	28	1	0	6	nested_a_in_b	nested_a_in_b	1-1	1-1	True	35	0.121	0.214	loh	FP	FP
chr8	93954024	93963743	9719	32	1	0	6	nested_a_in_b	nested_a_in_b	1-1	1-1	True	39	0.117	0.214	loh	FP	FP
chr8	93962228	93963743	1515	66	1	0	17	nested_a_in_b	nested_a_in_b	1-1	1-1	True	84	0.215	0.214	loh	FP	FP
chr8	93962228	93982845	20617	8	1	0	9	nested_a_in_b	nested_a_in_b	1-1	1-1	True	18	0.215	0.21	loh	FP	FP
chr8	93963743	93982845	19102	8	1	0	9	nested_a_in_b	nested_a_in_b	1-1	1-1	True	18	0.214	0.21	loh	FP	FP
chr8	93972527	93972577	50	78	2	0	19	nested_a_in_b	nested_a_in_b	3	3	True	99	0.186	0.212	loh	FP	FP
chr8	93972527	93973553	1026	74	2	0	18	nested_a_in_b	nested_a_in_b	3	3	True	94	0.186	0.204	loh	FP	FP
chr8	93983027	93984105	1078	81	1	0	16	nested_a_in_b	nested_a_in_b	1-1	1-1	True	98	0.182	0.186	loh	FP	FP
chr8	93983058	93984105	1047	80	1	0	17	nested_a_in_b	nested_a_in_b	1-1	1-1	True	98	0.191	0.186	loh	FP	FP
chr8	93985881	93986073	192	82	2	0	20	nested_a_in_b	nested_a_in_b	1-1	1-1	True	104	0.189	0.211	loh	FP	FP
chr8	95303937	95336781	32844	0	5	0	2	nested_a_in_b	nested_a_in_b	1-1	1-1	True	7	0.312	1.0	loh	TP	TP
chr8	95510015	95512362	2347	67	1	0	8	nested_a_in_b	nested_a_in_b	1-1	1-1	True	76	0.095	0.129	loh	FP	FP
chr8	95511916	95512362	446	77	2	0	10	nested_a_in_b	nested_a_in_b	1-1	1-1	True	89	0.109	0.129	loh	FP	FP
chr8	96207129	96211033	3904	64	2	0	3	nested_a_in_b	nested_a_in_b	3	3	True	69	0.052	0.055	loh	FP	FP
chr8	96293754	96310362	16608	1	10	0	6	nested_a_in_b	nested_a_in_b	1-1	1-1	True	17	0.25	0.917	loh	TP	TP
chr8	96305927	96310362	4435	4	32	0	15	nested_a_in_b	nested_a_in_b	1-1	1-1	True	51	0.278	0.917	loh	TP	TP
chr8	97069641	97091026	21385	0	6	0	2	nested_a_in_b	nested_a_in_b	2-1	2-1	True	8	0.368	0.953	loh	TP	TP
chr8	97671979	97692066	20087	1	11	0	9	nested_a_in_b	nested_a_in_b	2-1	2-1	True	21	0.427	0.976	loh	TP	TP
chr8	99824884	99825495	611	60	2	0	9	nested_a_in_b	nested_a_in_b	1-1	1-1	True	71	0.12	0.15	loh	FP	FP
chr8	99824884	99827449	2565	48	3	0	7	nested_a_in_b	nested_a_in_b	1-1	1-1	True	58	0.12	0.134	loh	FP	FP
chr8	99824884	99832232	7348	38	1	0	5	nested_a_in_b	nested_a_in_b	1-1	1-1	True	44	0.12	0.129	loh	FP	FP
chr8	99824921	99825495	574	58	2	0	9	nested_a_in_b	nested_a_in_b	1-1	1-1	True	69	0.123	0.15	loh	FP	FP
chr8	99824921	99827449	2528	46	3	0	7	nested_a_in_b	nested_a_in_b	1-1	1-1	True	56	0.123	0.134	loh	FP	FP
chr8	99824921	99832232	7311	37	1	0	5	nested_a_in_b	nested_a_in_b	1-1	1-1	True	43	0.123	0.129	loh	FP	FP
chr8	99831810	99832232	422	78	2	0	9	nested_a_in_b	nested_a_in_b	1-1	1-1	True	89	0.105	0.129	loh	FP	FP
chr8	99855093	99868676	13583	21	1	0	4	nested_a_in_b	nested_a_in_b	2-1	2-1	True	26	0.122	0.148	loh	FP	FP
chr8	99858889	99866638	7749	43	1	0	5	nested_a_in_b	nested_a_in_b	2-1	2-1	True	49	0.083	0.117	loh	FP	FP
chr8	99858889	99866860	7971	42	1	0	5	nested_a_in_b	nested_a_in_b	2-1	2-1	True	48	0.083	0.121	loh	FP	FP
chr8	99858889	99868676	9787	34	2	0	5	nested_a_in_b	nested_a_in_b	2-1	2-1	True	41	0.083	0.148	loh	FP	FP
chr8	99866638	99868676	2038	60	2	0	10	nested_a_in_b	nested_a_in_b	2-1	2-1	True	72	0.117	0.148	loh	FP	FP
chr8	99866860	99868676	1816	60	2	0	10	nested_a_in_b	nested_a_in_b	2-1	2-1	True	72	0.121	0.148	loh	FP	FP
chr8	99887565	99890167	2602	60	4	0	8	nested_a_in_b	nested_a_in_b	2-1	2-1	True	72	0.13	0.129	loh	FP	FP
chr8	99893933	99895567	1634	63	1	0	9	nested_a_in_b	nested_a_in_b	2-1	2-1	True	73	0.103	0.14	loh	FP	FP
chr8	99894334	99895567	1233	70	1	0	10	nested_a_in_b	nested_a_in_b	2-1	2-1	True	81	0.109	0.14	loh	FP	FP
chr8	99896199	99901346	5147	52	2	0	5	nested_a_in_b	nested_a_in_b	2-1	2-1	True	59	0.12	0.089	loh	FP	FP
chr8	99919477	99927138	7661	33	1	0	4	nested_a_in_b	nested_a_in_b	3	3	True	38	0.079	0.103	loh	FP	FP
chr8	99919597	99927138	7541	35	1	0	4	nested_a_in_b	nested_a_in_b	3	3	True	40	0.063	0.103	loh	FP	FP
chr8	99926792	99927138	346	75	1	0	7	nested_a_in_b	nested_a_in_b	3	3	True	83	0.076	0.103	loh	FP	FP
chr8	100014004	100049010	35006	3	2	0	1	mutual_excl	nested_a_in_b	2-1	2-1	True	6	0.081	0.286	loh	FP	TP
chr8	100482390	100482434	44	83	2	0	6	nested_a_in_b	nested_a_in_b	2-1	2-1	True	91	0.084	0.088	loh	FP	FP
chr8	100482390	100482685	295	80	1	0	7	nested_a_in_b	nested_a_in_b	2-1	2-1	True	88	0.084	0.09	loh	FP	FP
chr8	100482390	100487356	4966	52	1	0	7	nested_a_in_b	nested_a_in_b	2-1	2-1	True	60	0.084	0.163	loh	FP	FP
chr8	100482390	100491119	8729	37	1	0	6	nested_a_in_b	nested_a_in_b	2-1	2-1	True	44	0.084	0.157	loh	FP	FP
chr8	100482390	100491479	9089	32	1	0	6	nested_a_in_b	nested_a_in_b	2-1	2-1	True	39	0.084	0.16	loh	FP	FP
chr8	100482390	100493791	11401	27	1	0	5	nested_a_in_b	nested_a_in_b	2-1	2-1	True	33	0.084	0.135	loh	FP	FP
chr8	100627921	100629747	1826	47	1	0	8	nested_a_in_b	nested_a_in_b	2-1	2-1	True	56	0.149	0.151	loh	FP	FP
chr8	100628398	100629747	1349	53	1	0	9	nested_a_in_b	nested_a_in_b	2-1	2-1	True	63	0.139	0.151	loh	FP	FP
chr8	100744753	100745310	557	82	2	0	13	nested_a_in_b	nested_a_in_b	2-1	2-1	True	97	0.133	0.149	loh	FP	FP
chr8	100744753	100748990	4237	53	1	0	8	nested_a_in_b	nested_a_in_b	2-1	2-1	True	62	0.133	0.145	loh	FP	FP
chr8	101904093	101908285	4192	54	2	0	5	nested_a_in_b	nested_a_in_b	2-1	2-1	True	61	0.06	0.112	gain	FP	FP
chr8	103176515	103185136	8621	22	13	0	10	nested_a_in_b	nested_a_in_b	2-1	2-1	True	45	0.172	0.505	gain	TP	TP
chr8	103423900	103432494	8594	41	1	0	14	nested_a_in_b	nested_a_in_b	2-1	2-1	True	56	0.267	0.325	gain	TP	TP
chr8	103615662	103656106	40444	0	5	0	2	nested_a_in_b	nested_a_in_b	2-1	2-1	True	7	0.202	0.725	gain	TP	TP
chr8	103911033	103925224	14191	5	17	0	3	nested_a_in_b	nested_a_in_b	2-1	2-1	True	25	0.255	0.871	gain	TP	TP
chr8	104301031	104317342	16311	1	19	0	5	nested_a_in_b	nested_a_in_b	2-1	2-1	True	25	0.204	0.947	gain	TP	TP
chr8	104323810	104325643	1833	81	1	0	8	nested_a_in_b	nested_a_in_b	2-1	2-1	True	90	0.083	0.09	gain	FP	FP
chr8	104323810	104325764	1954	81	1	0	8	nested_a_in_b	nested_a_in_b	2-1	2-1	True	90	0.083	0.09	gain	FP	FP
chr8	104610355	104644641	34286	6	1	0	6	nested_a_in_b	nested_a_in_b	2-1	2-1	True	13	0.182	0.278	gain	TP	TP
chr8	106798718	106819441	20723	5	1	0	2	nested_a_in_b	nested_a_in_b	1-1	1-1	True	8	0.202	0.172	gain	TP	TP
chr8	107497939	107500106	2167	59	1	0	17	nested_a_in_b	nested_a_in_b	2-1	2-1	True	77	0.216	0.225	gain	TP	TP
chr8	107528076	107532155	4079	25	27	0	37	nested_a_in_b	nested_a_in_b	2-1	2-1	True	89	0.453	0.75	gain	TP	TP
chr8	108862716	108885813	23097	8	5	0	2	nested_a_in_b	nested_a_in_b	1-1	1-1	True	15	0.172	0.52	gain	TP	TP
chr8	110547764	110565681	17917	10	4	0	3	nested_a_in_b	nested_a_in_b	1-1	1-1	True	17	0.243	0.461	gain	TP	TP
chr8	110772296	110782025	9729	24	13	0	12	nested_a_in_b	nested_a_in_b	2-1	2-1	True	49	0.286	0.481	gain	TP	TP
chr8	111081187	111088790	7603	26	16	0	12	nested_a_in_b	nested_a_in_b	1-1	1-1	True	54	0.226	0.517	gain	TP	TP
chr8	111145676	111176807	31131	0	8	0	1	mutual_excl	nested_a_in_b	1-1	1-1	True	9	0.119	0.954	gain	FP	TP
chr8	111145913	111176807	30894	1	6	0	3	nested_a_in_b	nested_a_in_b	1-1	1-1	True	10	0.287	0.954	gain	TP	TP
chr8	111969804	111987337	17533	0	20	0	8	nested_a_in_b	nested_a_in_b	1-1	1-1	True	28	0.307	0.993	gain	TP	TP
chr8	112695319	112702762	7443	10	51	0	11	nested_a_in_b	nested_a_in_b	1-1	1-1	True	72	0.217	0.795	gain	TP	TP
chr8	112699145	112702762	3617	18	34	0	42	nested_a_in_b	nested_a_in_b	1-1	1-1	True	94	0.448	0.795	gain	TP	TP
chr8	112930332	112931836	1504	97	2	0	19	nested_a_in_b	nested_a_in_b	1-1	1-1	True	118	0.171	0.187	gain	TP	TP
chr8	113144373	113151512	7139	60	2	0	6	nested_a_in_b	nested_a_in_b	1-1	1-1	True	68	0.067	0.068	gain	FP	FP
chr8	113144373	113166332	21959	16	2	0	3	nested_a_in_b	nested_a_in_b	1-1	1-1	True	21	0.067	0.102	gain	FP	FP
chr8	113144373	113166793	22420	16	2	0	3	nested_a_in_b	nested_a_in_b	1-1	1-1	True	21	0.067	0.11	gain	FP	FP
chr8	113144373	113167370	22997	15	2	0	3	nested_a_in_b	nested_a_in_b	1-1	1-1	True	20	0.067	0.09	gain	FP	FP
chr8	113144373	113172190	27817	11	2	0	1	mutual_excl	nested_a_in_b	1-1	1-1	True	14	0.067	0.098	gain	FP	FP
chr8	113165758	113166028	270	112	1	0	9	nested_a_in_b	nested_a_in_b	1-1	1-1	True	122	0.079	0.094	gain	FP	FP
chr8	113165758	113166332	574	103	2	0	9	nested_a_in_b	nested_a_in_b	1-1	1-1	True	114	0.079	0.102	gain	FP	FP
chr8	113165758	113166793	1035	98	2	0	9	nested_a_in_b	nested_a_in_b	1-1	1-1	True	109	0.079	0.11	gain	FP	FP
chr8	113165758	113172190	6432	69	2	0	6	nested_a_in_b	nested_a_in_b	1-1	1-1	True	77	0.079	0.098	gain	FP	FP
chr8	113165758	113176581	10823	53	2	0	4	nested_a_in_b	nested_a_in_b	1-1	1-1	True	59	0.079	0.074	gain	FP	FP
chr8	113167370	113172190	4820	78	1	0	10	nested_a_in_b	nested_a_in_b	1-1	1-1	True	89	0.09	0.098	gain	FP	FP
chr8	113167370	113176581	9211	58	1	0	8	nested_a_in_b	nested_a_in_b	1-1	1-1	True	67	0.09	0.074	gain	FP	FP
chr8	113730836	113735767	4931	61	2	0	24	nested_a_in_b	nested_a_in_b	1-1	1-1	True	87	0.311	0.327	gain	TP	TP
chr8	114119480	114129337	9857	43	1	0	12	nested_a_in_b	nested_a_in_b	1-1	1-1	True	56	0.227	0.246	gain	TP	TP
chr8	114368068	114390651	22583	9	3	0	1	mutual_excl	nested_a_in_b	1-1	1-1	True	13	0.198	0.381	gain	TP	TP
chr8	116522188	116533892	11704	7	36	0	9	nested_a_in_b	nested_a_in_b	2-1	2-1	True	52	0.209	0.866	gain	TP	TP
chr8	117294212	117303024	8812	37	20	0	13	nested_a_in_b	nested_a_in_b	1-1	1-1	True	70	0.181	0.429	gain	TP	TP
chr8	117306844	117311646	4802	75	1	0	8	nested_a_in_b	nested_a_in_b	1-1	1-1	True	84	0.078	0.085	gain	FP	FP
chr8	117306844	117316985	10141	54	2	0	7	nested_a_in_b	nested_a_in_b	1-1	1-1	True	63	0.078	0.067	gain	FP	FP
chr8	117311364	117311646	282	120	2	0	10	nested_a_in_b	nested_a_in_b	1-1	1-1	True	132	0.074	0.085	gain	FP	FP
chr8	117311364	117316985	5621	89	1	0	7	nested_a_in_b	nested_a_in_b	1-1	1-1	True	97	0.074	0.067	gain	FP	FP
chr8	120138694	120164612	25918	11	3	0	2	nested_a_in_b	nested_a_in_b	2-1	2-1	True	16	0.168	0.428	gain	TP	TP
chr8	120589774	120595253	5479	86	1	0	5	nested_a_in_b	nested_a_in_b	1-1	1-1	True	92	0.041	0.06	gain	FP	FP
chr8	120817039	120817084	45	128	1	0	25	nested_a_in_b	nested_a_in_b	3	3	True	154	0.16	0.167	gain	TP	TP
chr8	120894688	120910695	16007	25	7	0	4	nested_a_in_b	nested_a_in_b	2-1	2-1	True	36	0.13	0.305	gain	TP	TP
chr8	121790698	121791543	845	96	1	0	13	nested_a_in_b	nested_a_in_b	1-1	1-1	True	110	0.109	0.113	gain	FP	FP
chr8	121790698	121792328	1630	91	1	0	12	nested_a_in_b	nested_a_in_b	1-1	1-1	True	104	0.109	0.12	gain	FP	FP
chr8	121790698	121792984	2286	87	1	0	10	nested_a_in_b	nested_a_in_b	1-1	1-1	True	98	0.109	0.121	gain	FP	FP
chr8	121790698	121793073	2375	87	1	0	10	nested_a_in_b	nested_a_in_b	1-1	1-1	True	98	0.109	0.128	gain	FP	FP
chr8	121790698	121793306	2608	81	1	0	9	nested_a_in_b	nested_a_in_b	1-1	1-1	True	91	0.109	0.112	gain	FP	FP
chr8	121790698	121793399	2701	83	1	0	9	nested_a_in_b	nested_a_in_b	1-1	1-1	True	93	0.109	0.101	gain	FP	FP
chr8	121790698	121795322	4624	74	1	0	7	nested_a_in_b	nested_a_in_b	1-1	1-1	True	82	0.109	0.107	gain	FP	FP
chr8	121790698	121801153	10455	45	1	0	4	nested_a_in_b	nested_a_in_b	1-1	1-1	True	50	0.109	0.12	gain	FP	FP
chr8	121790698	121804327	13629	38	1	0	5	nested_a_in_b	nested_a_in_b	1-1	1-1	True	44	0.109	0.122	gain	FP	FP
chr8	121793399	121795322	1923	91	1	0	10	nested_a_in_b	nested_a_in_b	1-1	1-1	True	102	0.101	0.107	gain	FP	FP
chr8	121793399	121801153	7754	56	1	0	7	nested_a_in_b	nested_a_in_b	1-1	1-1	True	64	0.101	0.12	gain	FP	FP
chr8	121793399	121804044	10645	48	1	0	6	nested_a_in_b	nested_a_in_b	1-1	1-1	True	55	0.101	0.11	gain	FP	FP
chr8	121793399	121804327	10928	48	1	0	7	nested_a_in_b	nested_a_in_b	1-1	1-1	True	56	0.101	0.122	gain	FP	FP
chr8	121793399	121806799	13400	39	1	0	3	nested_a_in_b	nested_a_in_b	1-1	1-1	True	43	0.101	0.093	gain	FP	FP
chr8	121793399	121807369	13970	38	1	0	2	nested_a_in_b	nested_a_in_b	1-1	1-1	True	41	0.101	0.061	gain	FP	FP
chr8	121793399	121809942	16543	27	1	0	2	nested_a_in_b	nested_a_in_b	1-1	1-1	True	30	0.101	0.078	gain	FP	FP
chr8	121793399	121810808	17409	25	1	0	2	nested_a_in_b	nested_a_in_b	1-1	1-1	True	28	0.101	0.079	gain	FP	FP
chr8	121793399	121810895	17496	25	1	0	1	sparse	nested_a_in_b	1-1	1-1	True	27	0.101	0.073	gain	FP	FP
chr8	121802226	121804327	2101	87	1	0	11	nested_a_in_b	nested_a_in_b	1-1	1-1	True	99	0.103	0.122	gain	FP	FP
chr8	121803891	121804327	436	108	1	0	14	nested_a_in_b	nested_a_in_b	1-1	1-1	True	123	0.111	0.122	gain	FP	FP
chr8	121894037	121894531	494	108	1	0	6	nested_a_in_b	nested_a_in_b	1-1	1-1	True	115	0.062	0.075	gain	FP	FP
chr8	121966065	121981541	15476	22	1	0	16	nested_a_in_b	nested_a_in_b	2-1	2-1	True	39	0.276	0.305	gain	TP	TP
chr8	122004930	122006776	1846	116	1	0	12	nested_a_in_b	nested_a_in_b	1-1	1-1	True	129	0.085	0.099	gain	FP	FP
chr8	122004930	122011895	6965	69	4	0	11	nested_a_in_b	nested_a_in_b	1-1	1-1	True	84	0.085	0.148	gain	FP	FP
chr8	122006776	122011895	5119	77	4	0	11	nested_a_in_b	nested_a_in_b	1-1	1-1	True	92	0.099	0.148	gain	FP	FP
chr8	122011554	122011784	230	121	1	0	15	nested_a_in_b	nested_a_in_b	1-1	1-1	True	137	0.108	0.121	gain	FP	FP
chr8	122011554	122011895	341	115	5	0	15	nested_a_in_b	nested_a_in_b	1-1	1-1	True	135	0.108	0.148	gain	FP	FP
chr8	122011554	122011933	379	120	1	0	15	nested_a_in_b	nested_a_in_b	1-1	1-1	True	136	0.108	0.119	gain	FP	FP
chr8	122011554	122012240	686	114	1	0	15	nested_a_in_b	nested_a_in_b	1-1	1-1	True	130	0.108	0.123	gain	FP	FP
chr8	122011554	122012736	1182	112	1	0	10	nested_a_in_b	nested_a_in_b	1-1	1-1	True	123	0.108	0.104	gain	FP	FP
chr8	122011554	122014688	3134	94	1	0	7	nested_a_in_b	nested_a_in_b	1-1	1-1	True	102	0.108	0.104	gain	FP	FP
chr8	122011554	122014739	3185	98	1	0	7	nested_a_in_b	nested_a_in_b	1-1	1-1	True	106	0.108	0.099	gain	FP	FP
chr8	122011784	122011895	111	116	4	0	17	nested_a_in_b	nested_a_in_b	1-1	1-1	True	137	0.121	0.148	gain	FP	FP
chr8	122012328	122012736	408	119	1	0	10	nested_a_in_b	nested_a_in_b	1-1	1-1	True	130	0.101	0.104	gain	FP	FP
chr8	122012328	122014688	2360	95	1	0	6	nested_a_in_b	nested_a_in_b	1-1	1-1	True	102	0.101	0.104	gain	FP	FP
chr8	122012328	122014739	2411	100	1	0	6	nested_a_in_b	nested_a_in_b	1-1	1-1	True	107	0.101	0.099	gain	FP	FP
chr8	122015232	122015806	574	117	1	0	11	nested_a_in_b	nested_a_in_b	3	3	True	129	0.092	0.094	gain	FP	FP
chr8	122015232	122016520	1288	117	2	0	12	nested_a_in_b	nested_a_in_b	3	3	True	131	0.092	0.107	gain	FP	FP
chr8	122015806	122016520	714	120	1	0	13	nested_a_in_b	nested_a_in_b	3	3	True	134	0.094	0.107	gain	FP	FP
chr8	122410952	122432436	21484	2	12	0	9	nested_a_in_b	nested_a_in_b	2-1	2-1	True	23	0.197	0.817	gain	TP	TP
chr8	122419361	122432436	13075	7	21	0	10	nested_a_in_b	nested_a_in_b	2-1	2-1	True	38	0.137	0.817	gain	TP	TP
chr8	122870384	122895318	24934	6	3	0	1	mutual_excl	nested_a_in_b	2-1	2-1	True	10	0.241	0.34	gain	TP	TP
chr8	122912862	122936190	23328	9	3	0	4	nested_a_in_b	nested_a_in_b	2-1	2-1	True	16	0.229	0.349	gain	TP	TP
chr8	122912862	122941155	28293	4	3	0	2	nested_a_in_b	nested_a_in_b	2-1	2-1	True	9	0.229	0.348	gain	TP	TP
chr8	123567069	123569578	2509	94	3	0	18	nested_a_in_b	nested_a_in_b	3	3	True	115	0.16	0.19	gain	TP	TP
chr8	123601761	123609327	7566	58	1	0	11	nested_a_in_b	nested_a_in_b	1-1	1-1	True	70	0.178	0.156	gain	TP	TP
chr8	123601761	123613415	11654	40	1	0	3	nested_a_in_b	nested_a_in_b	1-1	1-1	True	44	0.178	0.14	gain	TP	TP
chr8	125286225	125296485	10260	46	1	0	25	nested_a_in_b	nested_a_in_b	2-1	2-1	True	72	0.311	0.278	gain	TP	TP
chr8	125296485	125309636	13151	44	1	0	18	nested_a_in_b	nested_a_in_b	2-1	2-1	True	63	0.278	0.244	gain	TP	TP
chr8	125378941	125411152	32211	5	1	0	1	sparse	nested_a_in_b	2-1	2-1	True	7	0.148	0.172	gain	TP	TP
chr8	125399884	125411152	11268	54	2	0	13	nested_a_in_b	nested_a_in_b	2-1	2-1	True	69	0.18	0.172	gain	TP	TP
chr8	125399884	125436371	36487	5	1	0	1	sparse	nested_a_in_b	2-1	2-1	True	7	0.18	0.141	gain	TP	TP
chr8	125399884	125436372	36488	5	1	0	1	sparse	nested_a_in_b	2-1	2-1	True	7	0.18	0.123	gain	TP	TP
chr8	125411152	125436371	25219	19	1	0	2	nested_a_in_b	nested_a_in_b	2-1	2-1	True	22	0.172	0.141	gain	TP	TP
chr8	127151210	127166788	15578	44	1	0	4	nested_a_in_b	nested_a_in_b	2-1	2-1	True	49	0.125	0.159	gain	TP	TP
chr8	127219094	127221981	2887	136	1	0	23	nested_a_in_b	nested_a_in_b	2-1	2-1	True	160	0.156	0.147	gain	TP	TP
chr8	127503108	127535738	32630	5	2	0	2	nested_a_in_b	nested_a_in_b	2-1	2-1	True	9	0.146	0.328	gain	TP	TP
chr8	132512513	132521661	9148	51	13	0	8	nested_a_in_b	nested_a_in_b	2-1	2-1	True	72	0.118	0.297	gain	TP	TP
chr8	132653414	132660434	7020	82	4	0	11	nested_a_in_b	nested_a_in_b	1-1	1-1	True	97	0.134	0.196	gain	TP	TP
chr8	133256734	133264935	8201	32	4	0	19	nested_a_in_b	nested_a_in_b	1-1	1-1	True	55	0.394	0.405	gain	TP	TP
chr8	133426846	133459437	32591	7	1	0	2	nested_a_in_b	nested_a_in_b	1-1	1-1	True	10	0.203	0.185	gain	TP	TP
chr8	134551400	134551401	1	140	2	0	32	nested_a_in_b	nested_a_in_b	1-1	1-1	True	174	0.184	0.195	gain	TP	TP
chr8	134876717	134907459	30742	0	9	0	7	nested_a_in_b	nested_a_in_b	1-1	1-1	True	16	0.339	0.954	gain	TP	TP
chr8	135787431	135806534	19103	16	1	0	10	nested_a_in_b	nested_a_in_b	2-1	2-1	True	27	0.329	0.377	gain	TP	TP
chr8	135844999	135849599	4600	70	1	0	16	nested_a_in_b	nested_a_in_b	2-1	2-1	True	87	0.176	0.205	gain	TP	TP
chr8	136163826	136196726	32900	5	1	0	1	sparse	nested_a_in_b	2-1	2-1	True	7	0.143	0.365	gain	TP	TP
chr8	136169141	136196726	27585	13	4	0	4	nested_a_in_b	nested_a_in_b	2-1	2-1	True	21	0.176	0.365	gain	TP	TP
chr8	136196726	136212715	15989	28	2	0	23	nested_a_in_b	nested_a_in_b	2-1	2-1	True	53	0.365	0.344	gain	TP	TP
chr8	136755226	136774015	18789	25	3	0	5	nested_a_in_b	nested_a_in_b	1-1	1-1	True	33	0.136	0.338	gain	TP	TP
chr8	141304087	141314148	10061	59	1	0	18	nested_a_in_b	nested_a_in_b	2-1	2-1	True	78	0.175	0.175	gain	TP	TP
chr8	141304087	141314833	10746	56	1	0	15	nested_a_in_b	nested_a_in_b	2-1	2-1	True	72	0.175	0.183	gain	TP	TP
chr8	141304087	141332788	28701	0	9	0	4	nested_a_in_b	nested_a_in_b	2-1	2-1	True	13	0.175	0.982	gain	TP	TP
chr8	141314148	141314833	685	137	2	0	29	nested_a_in_b	nested_a_in_b	2-1	2-1	True	168	0.175	0.183	gain	TP	TP
chr8	141314148	141332788	18640	1	32	0	7	nested_a_in_b	nested_a_in_b	2-1	2-1	True	40	0.175	0.982	gain	TP	TP
chr8	141314833	141332788	17955	1	33	0	7	nested_a_in_b	nested_a_in_b	2-1	2-1	True	41	0.183	0.982	gain	TP	TP
chr8	142146806	142166567	19761	12	1	0	9	nested_a_in_b	nested_a_in_b	2-1	2-1	True	22	0.362	0.319	gain	TP	TP
chr8	142875211	142903796	28585	1	11	0	2	nested_a_in_b	nested_a_in_b	2-1	2-1	True	14	0.152	0.871	gain	TP	TP
chr8	142896113	142903796	7683	8	74	0	8	nested_a_in_b	nested_a_in_b	2-1	2-1	True	90	0.136	0.871	gain	TP	TP
chr8	144211900	144211945	45	117	2	0	41	nested_a_in_b	nested_a_in_b	2-1	2-1	True	160	0.25	0.276	gain	TP	TP
chr8	144618654	144619727	1073	142	1	0	10	nested_a_in_b	nested_a_in_b	1-1	1-1	True	153	0.072	0.065	gain	FP	FP
chr8	144811108	144819500	8392	6	74	0	10	nested_a_in_b	nested_a_in_b	2-1	2-1	True	90	0.11	0.952	gain	TP	TP
chr8	144823940	144856144	32204	7	2	0	3	nested_a_in_b	nested_a_in_b	2-1	2-1	True	12	0.28	0.376	gain	TP	TP
chr8	144823940	144857371	33431	8	2	0	2	nested_a_in_b	nested_a_in_b	2-1	2-1	True	12	0.28	0.364	gain	TP	TP
chr8	144847587	144856144	8557	58	4	0	23	nested_a_in_b	nested_a_in_b	2-1	2-1	True	85	0.274	0.376	gain	TP	TP
chr8	144847587	144857371	9784	58	3	0	20	nested_a_in_b	nested_a_in_b	2-1	2-1	True	81	0.274	0.364	gain	TP	TP
chr8	144863376	144864241	865	88	2	0	49	nested_a_in_b	nested_a_in_b	3	3	True	139	0.348	0.352	gain	TP	TP
chr8	144863376	144878996	15620	25	2	0	12	nested_a_in_b	nested_a_in_b	3	3	True	39	0.348	0.407	gain	TP	TP
chr8	144864241	144878996	14755	29	1	0	13	nested_a_in_b	nested_a_in_b	3	3	True	43	0.352	0.407	gain	TP	TP
chr13	18931580	18945485	13905	10	4	0	6	nested_a_in_b	nested_a_in_b	1-1	1-1	True	20	0.348	0.522	gain	TP	TP
chr13	18931580	18952717	21137	5	3	0	5	nested_a_in_b	nested_a_in_b	1-1	1-1	True	13	0.348	0.576	gain	TP	TP
chr13	19675046	19698232	23186	5	6	0	2	nested_a_in_b	nested_a_in_b	2-1	2-1	True	13	0.25	0.663	gain	TP	TP
chr13	21328785	21346145	17360	13	1	0	4	nested_a_in_b	nested_a_in_b	2-1	2-1	True	18	0.344	0.296	gain	FP	TP
chr13	21443367	21466924	23557	2	1	0	5	nested_a_in_b	nested_a_in_b	1-1	1-1	True	8	0.554	0.628	gain	TP	TP
chr13	25994927	26017269	22342	2	1	0	6	nested_a_in_b	nested_a_in_b	1-1	1-1	True	9	0.754	0.56	gain	TP	TP
chr13	30020092	30020093	1	29	1	0	18	nested_a_in_b	nested_a_in_b	2-1	2-1	True	48	0.375	0.396	gain	TP	TP
chr13	32315128	32317522	2394	36	20	0	15	nested_a_in_b	nested_a_in_b	2-1	2-1	True	71	0.238	0.51	gain	TP	TP
chr13	32315128	32324831	9703	23	9	0	8	nested_a_in_b	nested_a_in_b	2-1	2-1	True	40	0.238	0.355	gain	TP	TP
chr13	32315128	32339132	24004	4	1	0	4	nested_a_in_b	nested_a_in_b	2-1	2-1	True	9	0.238	0.409	gain	TP	TP
chr13	33746615	33751138	4523	64	1	0	11	nested_a_in_b	nested_a_in_b	2-1	2-1	True	76	0.176	0.157	gain	TP	TP
chr13	34188895	34196148	7253	41	1	0	25	nested_a_in_b	nested_a_in_b	1-1	1-1	True	67	0.384	0.406	gain	TP	TP
chr13	34234062	34235619	1557	56	21	0	21	nested_a_in_b	nested_a_in_b	1-1	1-1	True	98	0.205	0.452	gain	TP	TP
chr13	35516589	35543040	26451	8	5	0	4	nested_a_in_b	nested_a_in_b	2-1	2-1	True	17	0.3	0.653	gain	TP	TP
chr13	36224391	36236267	11876	55	1	0	8	nested_a_in_b	nested_a_in_b	1-1	1-1	True	64	0.185	0.186	gain	TP	TP
chr13	38205824	38219478	13654	17	1	0	20	nested_a_in_b	nested_a_in_b	2-1	2-1	True	38	0.51	0.482	gain	TP	TP
chr13	38372029	38391703	19674	12	1	0	8	nested_a_in_b	nested_a_in_b	1-1	1-1	True	21	0.5	0.448	gain	TP	TP
chr13	41488580	41499102	10522	14	1	0	24	nested_a_in_b	nested_a_in_b	1-1	1-1	True	39	0.576	0.542	gain	TP	FP
chr13	41488580	41499272	10692	14	1	0	18	nested_a_in_b	nested_a_in_b	1-1	1-1	True	33	0.576	0.533	gain	TP	FP
chr13	41499102	41499272	170	41	2	0	45	nested_a_in_b	nested_a_in_b	1-1	1-1	True	88	0.542	0.533	gain	FP	FP
chr13	45032730	45065344	32614	7	1	0	1	sparse	nested_a_in_b	1-1	1-1	True	9	0.138	0.339	gain	TP	TP
chr13	45763159	45797901	34742	1	2	0	3	nested_a_in_b	nested_a_in_b	2-1	2-1	True	6	0.482	0.412	gain	TP	TP
chr13	46398542	46417522	18980	13	1	0	4	nested_a_in_b	nested_a_in_b	1-1	1-1	True	18	0.202	0.3	gain	TP	TP
chr13	46834690	46855575	20885	5	8	0	8	nested_a_in_b	nested_a_in_b	2-1	2-1	True	21	0.264	0.552	gain	TP	TP
chr13	61624962	61628714	3752	30	1	0	2	nested_a_in_b	nested_a_in_b	3	3	True	33	0.058	0.083	loh	FP	FP
chr13	63520492	63545390	24898	4	1	0	3	nested_a_in_b	nested_a_in_b	1-1	1-1	True	8	0.429	0.361	loh	TP	TP
chr13	63782054	63798249	16195	1	7	0	2	nested_a_in_b	nested_a_in_b	1-1	1-1	True	10	0.375	0.923	loh	TP	TP
chr13	63848806	63849082	276	48	2	0	4	nested_a_in_b	nested_a_in_b	1-1	1-1	True	54	0.074	0.103	loh	FP	FP
chr13	68108141	68108142	1	15	1	0	26	nested_a_in_b	nested_a_in_b	1-1	1-1	True	42	0.619	0.628	loh	TP	TP
chr13	68162169	68173006	10837	1	15	0	9	nested_a_in_b	nested_a_in_b	1-1	1-1	True	25	0.413	0.962	loh	TP	TP
chr13	68502227	68502239	12	3	1	0	36	nested_a_in_b	nested_a_in_b	1-1	1-1	True	40	0.913	0.925	loh	TP	TP
chr13	68621901	68643162	21261	0	7	0	2	nested_a_in_b	nested_a_in_b	1-1	1-1	True	9	0.463	0.867	loh	TP	TP
chr13	72103004	72131094	28090	0	4	0	2	nested_a_in_b	nested_a_in_b	2-1	2-1	True	6	0.294	0.981	loh	TP	TP
chr13	72357557	72370936	13379	1	1	0	18	nested_a_in_b	nested_a_in_b	1-1	1-1	True	20	0.94	0.917	loh	TP	TP
chr13	72811551	72811567	16	40	2	0	33	nested_a_in_b	nested_a_in_b	1-1	1-1	True	75	0.455	0.467	loh	TP	TP
chr13	72811551	72817219	5668	22	2	0	20	nested_a_in_b	nested_a_in_b	1-1	1-1	True	44	0.455	0.426	loh	TP	TP
chr13	72812866	72817219	4353	25	1	0	24	nested_a_in_b	nested_a_in_b	1-1	1-1	True	50	0.452	0.426	loh	TP	TP
chr13	72835965	72842579	6614	13	1	0	12	nested_a_in_b	nested_a_in_b	2-1	2-1	True	26	0.535	0.511	loh	TP	TP
chr13	73095753	73100078	4325	31	1	0	3	nested_a_in_b	nested_a_in_b	2-1	2-1	True	35	0.062	0.085	loh	FP	FP
chr13	74300789	74307964	7175	1	12	0	11	nested_a_in_b	nested_a_in_b	1-1	1-1	True	24	0.453	0.98	loh	TP	TP
chr13	76114854	76127737	12883	0	7	0	7	nested_a_in_b	nested_a_in_b	1-1	1-1	True	14	0.585	0.933	loh	TP	TP
chr13	85328074	85332389	4315	30	1	0	4	nested_a_in_b	nested_a_in_b	2-1	2-1	True	35	0.066	0.119	loh	FP	FP
chr13	87760530	87781168	20638	2	4	0	3	nested_a_in_b	nested_a_in_b	2-1	2-1	True	9	0.543	0.923	loh	TP	TP
chr13	95064297	95076344	12047	7	10	0	1	mutual_excl	nested_a_in_b	1-1	1-1	True	18	0.077	0.568	loh	FP	TP
chr13	100850834	100850835	1	29	1	0	16	nested_a_in_b	nested_a_in_b	2-1	2-1	True	46	0.348	0.37	loh	TP	TP
chr13	102816615	102827670	11055	1	10	0	2	nested_a_in_b	nested_a_in_b	2-1	2-1	True	13	0.045	0.98	loh	TP	TP
chr13	103054961	103079386	24425	0	4	0	4	nested_a_in_b	nested_a_in_b	2-1	2-1	True	8	0.526	0.976	loh	TP	TP
chr13	103068627	103079386	10759	0	1	0	16	nested_a_in_b	nested_a_in_b	2-1	2-1	True	17	0.968	0.976	loh	TP	TP
chr13	107794435	107797267	2832	27	1	0	4	nested_a_in_b	nested_a_in_b	1-1	1-1	True	32	0.083	0.106	loh	FP	FP
chr13	107796381	107797267	886	41	1	0	4	nested_a_in_b	nested_a_in_b	1-1	1-1	True	46	0.083	0.106	loh	FP	FP
chr13	113738796	113744349	5553	2	12	0	21	nested_a_in_b	nested_a_in_b	2-1	2-1	True	35	0.59	0.941	loh	TP	TP
chr18	559050	584758	25708	4	1	0	1	sparse	nested_a_in_b	2-1	2-1	True	6	0.075	0.436	loh	FP	TP
chr18	1276206	1280562	4356	2	15	0	22	nested_a_in_b	nested_a_in_b	2-1	2-1	True	39	0.596	0.964	loh	TP	TP
chr18	2883977	2889756	5779	11	15	0	1	mutual_excl	nested_a_in_b	1-1	1-1	True	27	0.07	0.508	loh	FP	TP
chr18	3281734	3281964	230	0	1	0	53	nested_a_in_b	nested_a_in_b	1-1	1-1	True	54	0.981	1.0	loh	TP	TP
chr18	4171414	4181350	9936	2	3	0	18	nested_a_in_b	nested_a_in_b	1-1	1-1	True	23	0.88	0.931	loh	TP	TP
chr18	4442473	4451558	9085	2	11	0	11	nested_a_in_b	nested_a_in_b	1-1	1-1	True	24	0.403	0.929	loh	TP	TP
chr18	8800735	8828752	28017	0	2	0	14	nested_a_in_b	nested_a_in_b	1-1	1-1	True	16	0.938	0.967	loh	TP	TP
chr18	8800735	8830196	29461	0	1	0	13	nested_a_in_b	nested_a_in_b	1-1	1-1	True	14	0.938	1.0	loh	TP	TP
chr18	8828752	8830196	1444	0	2	0	50	nested_a_in_b	nested_a_in_b	1-1	1-1	True	52	0.967	1.0	loh	TP	TP
chr18	10532091	10532942	851	54	1	0	2	nested_a_in_b	nested_a_in_b	1-1	1-1	True	57	0.032	0.104	loh	FP	FP
chr18	11457947	11458068	121	53	1	0	58	nested_a_in_b	nested_a_in_b	3	3	True	112	0.526	0.538	loh	TP	TP
chr18	11696569	11726454	29885	9	1	0	3	nested_a_in_b	nested_a_in_b	1-1	1-1	True	13	0.529	0.435	gain	TP	TP
chr18	12901973	12906132	4159	37	14	0	13	nested_a_in_b	nested_a_in_b	3	3	True	64	0.189	0.425	gain	TP	TP
chr18	15052851	15064233	11382	18	1	0	24	nested_a_in_b	nested_a_in_b	2-1	2-1	True	43	0.513	0.48	gain	TP	TP
chr18	21424860	21439361	14501	18	1	0	8	nested_a_in_b	nested_a_in_b	1-1	1-1	True	27	0.38	0.435	gain	TP	TP
chr18	22122195	22150097	27902	5	2	0	2	nested_a_in_b	nested_a_in_b	1-1	1-1	True	9	0.109	0.429	gain	TP	TP
chr18	23384710	23415614	30904	5	1	0	2	nested_a_in_b	nested_a_in_b	2-1	2-1	True	8	0.31	0.476	gain	TP	TP
chr18	27344767	27364327	19560	6	5	0	6	nested_a_in_b	nested_a_in_b	2-1	2-1	True	17	0.269	0.566	gain	TP	TP
chr18	28400834	28412214	11380	28	11	0	9	nested_a_in_b	nested_a_in_b	2-1	2-1	True	48	0.169	0.488	gain	TP	TP
chr18	30717892	30734258	16366	21	5	0	4	nested_a_in_b	nested_a_in_b	1-1	1-1	True	30	0.231	0.466	gain	TP	TP
chr18	32312233	32335258	23025	3	4	0	6	nested_a_in_b	nested_a_in_b	1-1	1-1	True	13	0.287	0.549	gain	TP	TP
chr18	34254370	34275422	21052	6	5	0	12	nested_a_in_b	nested_a_in_b	2-1	2-1	True	23	0.319	0.515	gain	TP	TP
chr18	34784478	34808098	23620	6	4	0	3	nested_a_in_b	nested_a_in_b	1-1	1-1	True	13	0.288	0.456	gain	TP	TP
chr18	34784478	34808104	23626	6	4	0	3	nested_a_in_b	nested_a_in_b	1-1	1-1	True	13	0.288	0.443	gain	TP	TP
chr18	34959376	34962713	3337	31	1	0	55	nested_a_in_b	nested_a_in_b	2-1	2-1	True	87	0.624	0.561	gain	TP	TP
chr18	39838366	39851441	13075	15	6	0	4	nested_a_in_b	nested_a_in_b	2-1	2-1	True	25	0.217	0.559	gain	TP	TP
chr18	41253160	41278487	25327	6	6	0	4	nested_a_in_b	nested_a_in_b	2-1	2-1	True	16	0.265	0.545	gain	TP	TP
chr18	41581285	41599197	17912	9	6	0	9	nested_a_in_b	nested_a_in_b	1-1	1-1	True	24	0.238	0.481	gain	TP	TP
chr18	41627853	41651255	23402	4	1	0	5	nested_a_in_b	nested_a_in_b	2-1	2-1	True	10	0.484	0.436	gain	TP	TP
chr18	41817187	41832968	15781	7	11	0	8	nested_a_in_b	nested_a_in_b	2-1	2-1	True	26	0.254	0.598	gain	TP	TP
chr18	41817187	41832969	15782	9	9	0	8	nested_a_in_b	nested_a_in_b	2-1	2-1	True	26	0.254	0.564	gain	TP	TP
chr18	42301756	42324779	23023	9	3	0	5	nested_a_in_b	nested_a_in_b	2-1	2-1	True	17	0.28	0.504	gain	TP	TP
chr18	44062216	44090845	28629	6	2	0	1	mutual_excl	nested_a_in_b	2-1	2-1	True	9	0.25	0.484	gain	TP	TP
chr18	45604866	45608406	3540	41	1	0	46	nested_a_in_b	nested_a_in_b	1-1	1-1	True	88	0.546	0.5	gain	TP	TP
chr18	46522912	46529582	6670	24	2	0	28	nested_a_in_b	nested_a_in_b	1-1	1-1	True	54	0.495	0.505	gain	TP	TP
chr18	46535678	46567038	31360	4	1	0	4	nested_a_in_b	nested_a_in_b	1-1	1-1	True	9	0.43	0.471	gain	TP	TP
chr18	50506299	50536442	30143	3	2	0	1	mutual_excl	nested_a_in_b	2-1	2-1	True	6	0.241	0.535	gain	TP	TP
chr18	52619087	52619540	453	51	1	0	49	nested_a_in_b	nested_a_in_b	2-1	2-1	True	101	0.455	0.504	gain	TP	TP
chr18	53062669	53098456	35787	4	1	0	4	nested_a_in_b	nested_a_in_b	2-1	2-1	True	9	0.545	0.525	gain	TP	TP
chr18	53097451	53101921	4470	31	1	0	30	nested_a_in_b	nested_a_in_b	2-1	2-1	True	62	0.525	0.46	gain	TP	TP
chr18	53097451	53102182	4731	32	1	0	30	nested_a_in_b	nested_a_in_b	2-1	2-1	True	63	0.525	0.462	gain	TP	TP
chr18	53097451	53105902	8451	22	1	0	22	nested_a_in_b	nested_a_in_b	2-1	2-1	True	45	0.525	0.528	gain	TP	TP
chr18	53097451	53107045	9594	20	1	0	19	nested_a_in_b	nested_a_in_b	2-1	2-1	True	40	0.525	0.519	gain	TP	TP
chr18	53098456	53101921	3465	36	2	0	33	nested_a_in_b	nested_a_in_b	2-1	2-1	True	71	0.525	0.46	gain	TP	TP
chr18	53098456	53102182	3726	37	1	0	34	nested_a_in_b	nested_a_in_b	2-1	2-1	True	72	0.525	0.462	gain	TP	TP
chr18	53098456	53105902	7446	24	1	0	25	nested_a_in_b	nested_a_in_b	2-1	2-1	True	50	0.525	0.528	gain	TP	TP
chr18	53101343	53101921	578	49	2	0	32	nested_a_in_b	nested_a_in_b	2-1	2-1	True	83	0.418	0.46	gain	TP	TP
chr18	53101343	53102182	839	49	1	0	34	nested_a_in_b	nested_a_in_b	2-1	2-1	True	84	0.418	0.462	gain	TP	TP
chr18	53102182	53105902	3720	34	1	0	35	nested_a_in_b	nested_a_in_b	2-1	2-1	True	70	0.462	0.528	gain	TP	TP
chr18	53104294	53105902	1608	41	3	0	41	nested_a_in_b	nested_a_in_b	2-1	2-1	True	85	0.48	0.528	gain	TP	TP
chr18	53104294	53107045	2751	40	1	0	35	nested_a_in_b	nested_a_in_b	2-1	2-1	True	76	0.48	0.519	gain	TP	TP
chr18	53706237	53717568	11331	33	2	0	21	nested_a_in_b	nested_a_in_b	2-1	2-1	True	56	0.357	0.398	gain	TP	TP
chr18	55607609	55622739	15130	40	9	0	8	nested_a_in_b	nested_a_in_b	2-1	2-1	True	57	0.155	0.285	gain	TP	TP
chr18	55975768	55997635	21867	15	3	0	8	nested_a_in_b	nested_a_in_b	2-1	2-1	True	26	0.149	0.385	gain	TP	TP
chr18	56285433	56285434	1	123	1	0	54	nested_a_in_b	nested_a_in_b	1-1	1-1	True	178	0.303	0.304	gain	TP	TP
chr18	57311795	57311858	63	111	19	0	17	nested_a_in_b	nested_a_in_b	1-1	1-1	True	147	0.127	0.228	gain	TP	TP
chr18	59516312	59522007	5695	15	2	0	2	nested_a_in_b	nested_a_in_b	1-1	1-1	True	19	0.091	0.154	loss	FP	FP
chr18	59522007	59529165	7158	1	10	0	1	mutual_excl	nested_a_in_b	1-1	1-1	True	12	0.154	0.929	loss	FP	TP
chr18	59522007	59532814	10807	0	6	0	1	mutual_excl	nested_a_in_b	1-1	1-1	True	7	0.154	1.0	loss	FP	TP
chr18	59529165	59532814	3649	0	2	0	12	nested_a_in_b	nested_a_in_b	1-1	1-1	True	14	0.929	1.0	loss	TP	TP
chr18	65031635	65045408	13773	0	1	0	12	nested_a_in_b	nested_a_in_b	1-1	1-1	True	13	0.967	1.0	loss	TP	TP
chr18	74317633	74340076	22443	1	4	0	1	mutual_excl	nested_a_in_b	1-1	1-1	True	6	0.13	0.861	loss	FP	TP
chr18	75315513	75317317	1804	0	19	0	2	nested_a_in_b	nested_a_in_b	2-1	2-1	True	21	0.095	1.0	loss	FP	TP
chr18	77305217	77306893	1676	20	2	0	18	nested_a_in_b	nested_a_in_b	1-1	1-1	True	40	0.462	0.48	loss	TP	TP
chr18	80136552	80138229	1677	27	1	0	24	nested_a_in_b	nested_a_in_b	2-1	2-1	True	52	0.5	0.482	loss	TP	TP
chr4	869071	885756	16685	2	14	0	1	mutual_excl	nested_a_in_b	2-1	2-1	True	17	0.094	0.913	loh	FP	TP
chr4	3398283	3417681	19398	2	7	0	5	nested_a_in_b	nested_a_in_b	1-1	1-1	True	14	0.462	0.887	loh	TP	TP
chr4	3484419	3485510	1091	58	1	0	5	nested_a_in_b	nested_a_in_b	1-1	1-1	True	64	0.072	0.103	loh	FP	FP
chr4	4375851	4376925	1074	52	2	0	4	nested_a_in_b	nested_a_in_b	2-1	2-1	True	58	0.062	0.095	loh	FP	FP
chr4	5426350	5428145	1795	41	2	0	5	nested_a_in_b	nested_a_in_b	2-1	2-1	True	48	0.093	0.121	loh	FP	FP
chr4	5745424	5757954	12530	0	1	0	18	nested_a_in_b	nested_a_in_b	2-1	2-1	True	19	0.952	0.979	loh	TP	TP
chr4	9921209	9938037	16828	0	1	0	6	nested_a_in_b	nested_a_in_b	2-1	2-1	True	7	0.927	0.944	loh	TP	TP
chr4	9922581	9938037	15456	0	6	0	4	nested_a_in_b	nested_a_in_b	2-1	2-1	True	10	0.514	0.944	loh	TP	TP
chr4	14975786	14981669	5883	16	1	0	1	sparse	nested_a_in_b	3	3	True	18	0.105	0.121	loh	FP	FP
chr4	15121531	15126551	5020	10	1	0	3	nested_a_in_b	nested_a_in_b	1-1	1-1	True	14	0.2	0.19	loh	FP	FP
chr4	15121531	15127009	5478	10	1	0	3	nested_a_in_b	nested_a_in_b	1-1	1-1	True	14	0.2	0.238	loh	FP	FP
chr4	15121531	15128883	7352	9	1	0	3	nested_a_in_b	nested_a_in_b	1-1	1-1	True	13	0.2	0.217	loh	FP	FP
chr4	17318532	17319198	666	18	1	0	3	nested_a_in_b	nested_a_in_b	2-1	2-1	True	22	0.13	0.154	loss	FP	FP
chr4	18418615	18418616	1	4	1	0	32	nested_a_in_b	nested_a_in_b	1-1	1-1	True	37	0.865	0.846	loss	TP	TP
chr4	18469698	18472230	2532	16	1	0	2	nested_a_in_b	nested_a_in_b	1-1	1-1	True	19	0.087	0.167	loss	FP	FP
chr4	18469698	18474283	4585	9	2	0	2	nested_a_in_b	nested_a_in_b	1-1	1-1	True	13	0.087	0.167	loss	FP	FP
chr4	18469698	18474879	5181	11	1	0	2	nested_a_in_b	nested_a_in_b	1-1	1-1	True	14	0.087	0.172	loss	FP	FP
chr4	18469698	18477035	7337	9	1	0	2	nested_a_in_b	nested_a_in_b	1-1	1-1	True	12	0.087	0.129	loss	FP	FP
chr4	19588073	19589055	982	25	1	0	3	nested_a_in_b	nested_a_in_b	1-1	1-1	True	29	0.094	0.129	loss	FP	FP
chr4	19588073	19591220	3147	19	1	0	2	nested_a_in_b	nested_a_in_b	1-1	1-1	True	22	0.094	0.179	loss	FP	FP
chr4	19589054	19589055	1	27	1	0	3	nested_a_in_b	nested_a_in_b	1-1	1-1	True	31	0.097	0.129	loss	FP	FP
chr4	19589054	19591220	2166	20	1	0	2	nested_a_in_b	nested_a_in_b	1-1	1-1	True	23	0.097	0.179	loss	FP	FP
chr4	21759835	21762659	2824	0	17	0	2	nested_a_in_b	nested_a_in_b	1-1	1-1	True	19	0.065	1.0	loss	FP	TP
chr4	22972857	22984676	11819	16	1	0	2	nested_a_in_b	nested_a_in_b	2-1	2-1	True	19	0.087	0.111	loss	FP	FP
chr4	25678192	25687819	9627	26	2	0	9	nested_a_in_b	nested_a_in_b	1-1	1-1	True	37	0.279	0.311	gain	TP	TP
chr4	25708004	25721520	13516	20	1	0	10	nested_a_in_b	nested_a_in_b	1-1	1-1	True	31	0.351	0.355	gain	TP	TP
chr4	25963470	25974030	10560	17	1	0	10	nested_a_in_b	nested_a_in_b	2-1	2-1	True	28	0.338	0.386	gain	TP	TP
chr4	26050413	26060146	9733	16	13	0	9	nested_a_in_b	nested_a_in_b	2-1	2-1	True	38	0.316	0.573	gain	TP	TP
chr4	31410226	31420956	10730	11	7	0	2	nested_a_in_b	nested_a_in_b	1-1	1-1	True	20	0.195	0.607	gain	TP	TP
chr4	31446322	31462013	15691	7	8	0	7	nested_a_in_b	nested_a_in_b	1-1	1-1	True	22	0.19	0.611	gain	TP	TP
chr4	32154409	32174389	19980	3	2	0	2	nested_a_in_b	nested_a_in_b	1-1	1-1	True	7	0.234	0.712	gain	TP	TP
chr4	32162612	32174389	11777	4	7	0	5	nested_a_in_b	nested_a_in_b	1-1	1-1	True	16	0.306	0.712	gain	TP	TP
chr4	33927269	33937035	9766	14	8	0	14	nested_a_in_b	nested_a_in_b	1-1	1-1	True	36	0.377	0.611	gain	TP	TP
chr4	34033685	34040340	6655	37	2	0	2	nested_a_in_b	nested_a_in_b	2-1	2-1	True	41	0.061	0.051	gain	FP	FP
chr4	36975286	36993165	17879	11	1	0	6	nested_a_in_b	nested_a_in_b	1-1	1-1	True	18	0.315	0.362	gain	TP	TP
chr4	37086514	37087585	1071	44	1	0	23	nested_a_in_b	nested_a_in_b	2-1	2-1	True	68	0.349	0.367	gain	TP	TP
chr4	43269326	43271137	1811	29	18	0	10	nested_a_in_b	nested_a_in_b	2-1	2-1	True	57	0.208	0.529	gain	TP	TP
chr4	44411826	44424553	12727	6	3	0	10	nested_a_in_b	nested_a_in_b	1-1	1-1	True	19	0.355	0.574	gain	TP	TP
chr4	45552561	45552569	8	26	1	0	42	nested_a_in_b	nested_a_in_b	1-1	1-1	True	69	0.614	0.611	gain	TP	TP
chr4	46360257	46368552	8295	9	1	0	19	nested_a_in_b	nested_a_in_b	1-1	1-1	True	29	0.64	0.641	gain	TP	TP
chr4	46360257	46369600	9343	6	1	0	14	nested_a_in_b	nested_a_in_b	1-1	1-1	True	21	0.64	0.619	gain	TP	TP
chr4	53178787	53180645	1858	58	1	0	3	nested_a_in_b	nested_a_in_b	2-1	2-1	True	62	0.042	0.048	gain	FP	FP
chr4	53530400	53530430	30	40	1	0	33	nested_a_in_b	nested_a_in_b	2-1	2-1	True	74	0.446	0.467	gain	TP	TP
chr4	54823898	54833615	9717	28	4	0	4	nested_a_in_b	nested_a_in_b	1-1	1-1	True	36	0.086	0.132	gain	FP	FP
chr4	54825604	54833615	8011	34	4	0	4	nested_a_in_b	nested_a_in_b	1-1	1-1	True	42	0.072	0.132	gain	FP	FP
chr4	55627979	55647158	19179	5	4	0	5	nested_a_in_b	nested_a_in_b	1-1	1-1	True	14	0.26	0.679	gain	TP	TP
chr4	56744942	56751985	7043	12	16	0	18	nested_a_in_b	nested_a_in_b	1-1	1-1	True	46	0.364	0.683	gain	TP	TP
chr4	57969733	57986216	16483	4	3	0	4	nested_a_in_b	nested_a_in_b	2-1	2-1	True	11	0.269	0.523	gain	TP	TP
chr4	59066571	59067204	633	34	2	0	30	nested_a_in_b	nested_a_in_b	2-1	2-1	True	66	0.447	0.479	gain	TP	TP
chr4	59138372	59139037	665	45	1	0	25	nested_a_in_b	nested_a_in_b	2-1	2-1	True	71	0.368	0.35	gain	TP	TP
chr4	59590822	59621671	30849	7	1	0	1	sparse	nested_a_in_b	1-1	1-1	True	9	0.133	0.261	gain	FP	FP
chr4	59621671	59631293	9622	14	12	0	10	nested_a_in_b	nested_a_in_b	1-1	1-1	True	36	0.261	0.671	gain	FP	TP
chr4	59621671	59631395	9724	16	10	0	10	nested_a_in_b	nested_a_in_b	1-1	1-1	True	36	0.261	0.633	gain	FP	TP
chr4	60961707	60992594	30887	1	2	0	3	nested_a_in_b	nested_a_in_b	2-1	2-1	True	6	0.324	0.486	gain	TP	TP
chr4	61268815	61288014	19199	8	8	0	2	nested_a_in_b	nested_a_in_b	2-1	2-1	True	18	0.2	0.524	gain	TP	TP
chr4	63502230	63502714	484	17	15	0	16	nested_a_in_b	nested_a_in_b	2-1	2-1	True	48	0.316	0.654	gain	TP	TP
chr4	64463772	64467721	3949	22	2	0	26	nested_a_in_b	nested_a_in_b	2-1	2-1	True	50	0.548	0.56	gain	TP	TP
chr4	65415526	65415617	91	48	1	0	23	nested_a_in_b	nested_a_in_b	2-1	2-1	True	72	0.315	0.333	gain	TP	TP
chr4	66234146	66243764	9618	21	1	0	9	nested_a_in_b	nested_a_in_b	2-1	2-1	True	31	0.227	0.349	gain	TP	TP
chr4	67138439	67155446	17007	7	3	0	6	nested_a_in_b	nested_a_in_b	2-1	2-1	True	16	0.347	0.587	gain	TP	TP
chr4	68749637	68755166	5529	27	1	0	18	nested_a_in_b	nested_a_in_b	2-1	2-1	True	46	0.311	0.338	gain	TP	TP
chr4	70063694	70073753	10059	13	1	0	14	nested_a_in_b	nested_a_in_b	1-1	1-1	True	28	0.538	0.5	gain	TP	TP
chr4	70482112	70482617	505	23	18	0	16	nested_a_in_b	nested_a_in_b	2-1	2-1	True	57	0.288	0.613	gain	TP	TP
chr4	70548355	70567453	19098	6	3	0	4	nested_a_in_b	nested_a_in_b	1-1	1-1	True	13	0.3	0.513	gain	TP	TP
chr4	72115569	72144168	28599	3	3	0	2	nested_a_in_b	nested_a_in_b	1-1	1-1	True	8	0.309	0.659	gain	TP	TP
chr4	72555458	72562367	6909	20	8	0	10	nested_a_in_b	nested_a_in_b	1-1	1-1	True	38	0.342	0.456	gain	TP	TP
chr4	72555458	72585697	30239	3	1	0	5	nested_a_in_b	nested_a_in_b	1-1	1-1	True	9	0.342	0.718	gain	TP	TP
chr4	72876580	72877241	661	36	3	0	25	nested_a_in_b	nested_a_in_b	2-1	2-1	True	64	0.386	0.42	gain	TP	TP
chr4	78226843	78241857	15014	16	1	0	6	nested_a_in_b	nested_a_in_b	2-1	2-1	True	23	0.268	0.368	gain	TP	TP
chr4	81793946	81796827	2881	15	2	0	31	nested_a_in_b	nested_a_in_b	1-1	1-1	True	48	0.642	0.681	gain	TP	TP
chr4	84921004	84921633	629	34	21	0	19	nested_a_in_b	nested_a_in_b	1-1	1-1	True	74	0.247	0.525	gain	TP	TP
chr4	85314677	85322674	7997	26	1	0	14	nested_a_in_b	nested_a_in_b	1-1	1-1	True	41	0.359	0.329	gain	TP	TP
chr4	85340728	85370458	29730	3	2	0	2	nested_a_in_b	nested_a_in_b	1-1	1-1	True	7	0.268	0.56	gain	TP	TP
chr4	86291546	86298353	6807	30	2	0	8	nested_a_in_b	nested_a_in_b	1-1	1-1	True	40	0.253	0.27	gain	TP	TP
chr4	88538466	88561840	23374	11	4	0	6	nested_a_in_b	nested_a_in_b	1-1	1-1	True	21	0.205	0.474	gain	TP	TP
chr4	89550997	89553734	2737	56	1	0	15	nested_a_in_b	nested_a_in_b	1-1	1-1	True	72	0.202	0.247	gain	TP	TP
chr4	92333975	92333976	1	80	1	0	19	nested_a_in_b	nested_a_in_b	1-1	1-1	True	100	0.19	0.198	gain	TP	TP
chr4	92351769	92362462	10693	24	5	0	14	nested_a_in_b	nested_a_in_b	2-1	2-1	True	43	0.379	0.395	gain	TP	TP
chr4	94007664	94021236	13572	17	4	0	6	nested_a_in_b	nested_a_in_b	1-1	1-1	True	27	0.189	0.44	gain	TP	TP
chr4	95285059	95305282	20223	15	1	0	4	nested_a_in_b	nested_a_in_b	1-1	1-1	True	20	0.169	0.34	gain	TP	TP
chr4	96849689	96856756	7067	42	15	0	13	nested_a_in_b	nested_a_in_b	2-1	2-1	True	70	0.199	0.407	gain	TP	TP
chr4	98520505	98536513	16008	6	2	0	8	nested_a_in_b	nested_a_in_b	2-1	2-1	True	16	0.275	0.364	gain	TP	TP
chr4	98648731	98673469	24738	9	1	0	3	nested_a_in_b	nested_a_in_b	2-1	2-1	True	13	0.221	0.229	gain	TP	TP
chr4	98981391	98986435	5044	40	2	0	14	nested_a_in_b	nested_a_in_b	1-1	1-1	True	56	0.261	0.233	gain	TP	TP
chr4	102049060	102068885	19825	8	6	0	5	nested_a_in_b	nested_a_in_b	2-1	2-1	True	19	0.282	0.483	gain	TP	TP
chr4	103690952	103693831	2879	48	1	0	19	nested_a_in_b	nested_a_in_b	1-1	1-1	True	68	0.26	0.33	gain	TP	TP
chr4	106346654	106373670	27016	2	1	0	4	nested_a_in_b	nested_a_in_b	1-1	1-1	True	7	0.352	0.523	gain	TP	TP
chr4	106790532	106803729	13197	17	1	0	9	nested_a_in_b	nested_a_in_b	2-1	2-1	True	27	0.278	0.302	gain	TP	TP
chr4	107234437	107258003	23566	10	1	0	4	nested_a_in_b	nested_a_in_b	1-1	1-1	True	15	0.374	0.392	gain	TP	TP
chr4	107248924	107258003	9079	24	1	0	18	nested_a_in_b	nested_a_in_b	1-1	1-1	True	43	0.423	0.392	gain	TP	TP
chr4	107286490	107312269	25779	5	3	0	5	nested_a_in_b	nested_a_in_b	2-1	2-1	True	13	0.34	0.515	gain	TP	TP
chr4	107950646	107955287	4641	34	7	0	18	nested_a_in_b	nested_a_in_b	1-1	1-1	True	59	0.275	0.439	gain	TP	TP
chr4	108623130	108650682	27552	3	1	0	2	nested_a_in_b	nested_a_in_b	3	3	True	6	0.342	0.536	gain	TP	TP
chr4	109780734	109790620	9886	24	10	0	11	nested_a_in_b	nested_a_in_b	2-1	2-1	True	45	0.291	0.484	gain	TP	TP
chr4	109780766	109790620	9854	24	11	0	10	nested_a_in_b	nested_a_in_b	2-1	2-1	True	45	0.27	0.484	gain	TP	TP
chr4	111517312	111517887	575	54	14	0	17	nested_a_in_b	nested_a_in_b	1-1	1-1	True	85	0.208	0.421	gain	TP	TP
chr4	111517312	111539678	22366	5	4	0	3	nested_a_in_b	nested_a_in_b	1-1	1-1	True	12	0.208	0.469	gain	TP	TP
chr4	111604644	111615469	10825	18	16	0	7	nested_a_in_b	nested_a_in_b	1-1	1-1	True	41	0.178	0.57	gain	TP	TP
chr4	111604645	111615469	10824	18	16	0	7	nested_a_in_b	nested_a_in_b	1-1	1-1	True	41	0.18	0.57	gain	TP	TP
chr4	111819149	111828402	9253	27	2	0	14	nested_a_in_b	nested_a_in_b	2-1	2-1	True	43	0.286	0.308	gain	TP	TP
chr4	115257333	115286971	29638	4	2	0	1	mutual_excl	nested_a_in_b	1-1	1-1	True	7	0.208	0.514	gain	TP	TP
chr4	115367362	115396363	29001	7	1	0	3	nested_a_in_b	nested_a_in_b	1-1	1-1	True	11	0.402	0.393	gain	TP	TP
chr4	116422502	116451126	28624	8	1	0	2	nested_a_in_b	nested_a_in_b	1-1	1-1	True	11	0.187	0.489	gain	TP	TP
chr4	116432059	116451126	19067	13	4	0	3	nested_a_in_b	nested_a_in_b	1-1	1-1	True	20	0.181	0.489	gain	TP	TP
chr4	116436064	116451126	15062	17	7	0	7	nested_a_in_b	nested_a_in_b	1-1	1-1	True	31	0.278	0.489	gain	TP	TP
chr4	117971817	117983811	11994	17	8	0	13	nested_a_in_b	nested_a_in_b	2-1	2-1	True	38	0.343	0.558	gain	TP	TP
chr4	120255572	120261077	5505	50	1	0	11	nested_a_in_b	nested_a_in_b	2-1	2-1	True	62	0.247	0.17	gain	TP	TP
chr4	121455478	121478319	22841	12	6	0	2	nested_a_in_b	nested_a_in_b	2-1	2-1	True	20	0.223	0.521	gain	TP	TP
chr4	121741574	121772175	30601	1	5	0	2	nested_a_in_b	nested_a_in_b	2-1	2-1	True	8	0.179	0.471	gain	TP	TP
chr4	123595345	123596643	1298	42	5	0	53	nested_a_in_b	nested_a_in_b	2-1	2-1	True	100	0.537	0.563	gain	TP	TP
chr4	124616201	124639317	23116	6	1	0	5	nested_a_in_b	nested_a_in_b	2-1	2-1	True	12	0.421	0.447	gain	TP	TP
chr4	125881345	125902096	20751	10	8	0	7	nested_a_in_b	nested_a_in_b	1-1	1-1	True	25	0.229	0.6	gain	TP	TP
chr4	127449982	127459536	9554	30	13	0	11	nested_a_in_b	nested_a_in_b	1-1	1-1	True	54	0.2	0.404	gain	TP	TP
chr4	128987759	128987786	27	39	27	0	26	nested_a_in_b	nested_a_in_b	3	3	True	92	0.28	0.577	gain	TP	TP
chr4	129533720	129552441	18721	6	7	0	6	nested_a_in_b	nested_a_in_b	2-1	2-1	True	19	0.151	0.574	gain	FP	TP
chr4	131745330	131745722	392	79	1	0	8	nested_a_in_b	nested_a_in_b	2-1	2-1	True	88	0.089	0.097	gain	FP	FP
chr4	134101871	134134340	32469	3	3	0	2	nested_a_in_b	nested_a_in_b	2-1	2-1	True	8	0.2	0.596	gain	TP	TP
chr4	134217422	134231598	14176	15	1	0	11	nested_a_in_b	nested_a_in_b	2-1	2-1	True	27	0.286	0.393	gain	TP	TP
chr4	134441852	134447859	6007	40	8	0	12	nested_a_in_b	nested_a_in_b	2-1	2-1	True	60	0.204	0.33	gain	TP	TP
chr4	134836621	134851042	14421	15	11	0	10	nested_a_in_b	nested_a_in_b	1-1	1-1	True	36	0.283	0.443	gain	TP	TP
chr4	136037481	136056776	19295	7	4	0	2	nested_a_in_b	nested_a_in_b	2-1	2-1	True	13	0.259	0.51	gain	TP	TP
chr4	136753947	136781077	27130	5	5	0	3	nested_a_in_b	nested_a_in_b	1-1	1-1	True	13	0.268	0.494	gain	TP	TP
chr4	138076468	138095290	18822	1	8	0	3	nested_a_in_b	nested_a_in_b	1-1	1-1	True	12	0.4	0.917	loh	TP	TP
chr4	142482279	142496865	14586	0	6	0	6	nested_a_in_b	nested_a_in_b	1-1	1-1	True	12	0.4	1.0	loh	TP	TP
chr4	146316714	146331512	14798	1	4	0	7	nested_a_in_b	nested_a_in_b	1-1	1-1	True	12	0.605	0.973	loh	TP	TP
chr4	148648480	148659248	10768	1	3	0	10	nested_a_in_b	nested_a_in_b	2-1	2-1	True	14	0.512	0.95	loh	TP	TP
chr4	155318080	155330253	12173	1	4	0	17	nested_a_in_b	nested_a_in_b	2-1	2-1	True	22	0.86	0.944	loh	TP	TP
chr4	155318080	155335464	17384	3	1	0	16	nested_a_in_b	nested_a_in_b	2-1	2-1	True	20	0.86	0.875	loh	TP	TP
chr4	155935246	155936215	969	40	2	0	5	nested_a_in_b	nested_a_in_b	2-1	2-1	True	47	0.091	0.143	loh	FP	FP
chr4	155936215	155941309	5094	27	1	0	3	nested_a_in_b	nested_a_in_b	2-1	2-1	True	31	0.143	0.077	loh	FP	FP
chr4	156441706	156448641	6935	2	6	0	6	nested_a_in_b	nested_a_in_b	1-1	1-1	True	14	0.408	0.938	loh	TP	TP
chr4	158171608	158181373	9765	2	2	0	14	nested_a_in_b	nested_a_in_b	1-1	1-1	True	18	0.898	0.911	loh	TP	TP
chr4	158996394	158997249	855	34	1	0	4	nested_a_in_b	nested_a_in_b	3	3	True	39	0.082	0.125	loh	FP	FP
chr4	159551159	159551369	210	28	2	0	2	nested_a_in_b	nested_a_in_b	2-1	2-1	True	32	0.061	0.147	loh	FP	FP
chr4	160592650	160593231	581	35	1	0	3	nested_a_in_b	nested_a_in_b	1-1	1-1	True	39	0.073	0.098	loh	FP	FP
chr4	162376577	162392265	15688	0	9	0	2	nested_a_in_b	nested_a_in_b	1-1	1-1	True	11	0.222	0.914	loh	FP	TP
chr4	162376611	162392265	15654	0	3	0	5	nested_a_in_b	nested_a_in_b	1-1	1-1	True	8	0.706	0.914	loh	FP	TP
chr4	164306025	164311121	5096	36	1	0	4	nested_a_in_b	nested_a_in_b	1-1	1-1	True	41	0.074	0.081	loh	FP	FP
chr4	164306025	164320657	14632	14	1	0	3	nested_a_in_b	nested_a_in_b	1-1	1-1	True	18	0.074	0.116	loh	FP	FP
chr4	167248247	167258940	10693	2	7	0	5	nested_a_in_b	nested_a_in_b	1-1	1-1	True	14	0.529	0.929	loh	TP	TP
chr4	172021810	172040271	18461	0	7	0	5	nested_a_in_b	nested_a_in_b	2-1	2-1	True	12	0.492	0.952	loh	TP	TP
chr4	174418570	174443584	25014	0	4	0	3	nested_a_in_b	nested_a_in_b	2-1	2-1	True	7	0.485	0.987	loh	TP	TP
chr4	175374700	175386665	11965	2	18	0	1	mutual_excl	nested_a_in_b	1-1	1-1	True	21	0.093	0.882	loh	FP	TP
chr4	175633113	175653794	20681	0	6	0	3	nested_a_in_b	nested_a_in_b	2-1	2-1	True	9	0.392	0.98	loh	TP	TP
chr4	178059050	178068261	9211	1	2	0	33	nested_a_in_b	nested_a_in_b	2-1	2-1	True	36	0.952	0.982	loh	TP	TP
chr4	178760728	178767126	6398	25	1	0	3	nested_a_in_b	nested_a_in_b	2-1	2-1	True	29	0.073	0.075	loh	FP	FP
chr4	178760728	178777205	16477	12	1	0	1	sparse	nested_a_in_b	2-1	2-1	True	14	0.073	0.071	loh	FP	FP
chr4	178773609	178777205	3596	39	1	0	3	nested_a_in_b	nested_a_in_b	2-1	2-1	True	43	0.066	0.071	loh	FP	FP
chr4	178773609	178783491	9882	20	1	0	2	nested_a_in_b	nested_a_in_b	2-1	2-1	True	23	0.066	0.089	loh	FP	FP
chr4	178773609	178784154	10545	16	1	0	2	nested_a_in_b	nested_a_in_b	2-1	2-1	True	19	0.066	0.098	loh	FP	FP
chr4	178773609	178785785	12176	16	1	0	2	nested_a_in_b	nested_a_in_b	2-1	2-1	True	19	0.066	0.088	loh	FP	FP
chr4	178773609	178785960	12351	14	2	0	2	nested_a_in_b	nested_a_in_b	2-1	2-1	True	18	0.066	0.107	loh	FP	FP
chr4	178777205	178785960	8755	20	1	0	3	nested_a_in_b	nested_a_in_b	2-1	2-1	True	24	0.071	0.107	loh	FP	FP
chr4	178783491	178785960	2469	38	1	0	5	nested_a_in_b	nested_a_in_b	2-1	2-1	True	44	0.089	0.107	loh	FP	FP
chr4	178784154	178785960	1806	43	1	0	5	nested_a_in_b	nested_a_in_b	2-1	2-1	True	49	0.098	0.107	loh	FP	FP
chr4	178785785	178785960	175	50	1	0	5	nested_a_in_b	nested_a_in_b	2-1	2-1	True	56	0.088	0.107	loh	FP	FP
chr4	181196562	181208647	12085	0	10	0	10	nested_a_in_b	nested_a_in_b	1-1	1-1	True	20	0.469	1.0	loh	TP	TP
chr4	189761845	189761879	34	50	2	0	5	nested_a_in_b	nested_a_in_b	1-1	1-1	True	57	0.088	0.148	loh	FP	FP
chr4	189761845	189761883	38	47	5	0	5	nested_a_in_b	nested_a_in_b	1-1	1-1	True	57	0.088	0.197	loh	FP	FP
chr4	189761879	189761883	4	49	3	0	9	nested_a_in_b	nested_a_in_b	1-1	1-1	True	61	0.148	0.197	loh	FP	FP
chr4	190108740	190110905	2165	359	1	0	32	nested_a_in_b	nested_a_in_b	1-1	1-1	True	392	0.093	0.094	neutral	TP	TP
chr4	190108740	190112507	3767	349	1	0	30	nested_a_in_b	nested_a_in_b	1-1	1-1	True	380	0.093	0.089	neutral	TP	TP
chr9	3819595	3825257	5662	33	1	0	48	nested_a_in_b	nested_a_in_b	2-1	2-1	True	82	0.504	0.557	gain	TP	TP
chr9	5036656	5074198	37542	3	2	0	1	mutual_excl	nested_a_in_b	2-1	2-1	True	6	0.282	0.485	gain	TP	TP
chr9	5063933	5074198	10265	25	14	0	13	nested_a_in_b	nested_a_in_b	2-1	2-1	True	52	0.188	0.485	gain	TP	TP
chr9	6221024	6232017	10993	26	6	0	9	nested_a_in_b	nested_a_in_b	1-1	1-1	True	41	0.27	0.434	gain	TP	TP
chr9	6339493	6350925	11432	19	2	0	24	nested_a_in_b	nested_a_in_b	2-1	2-1	True	45	0.496	0.513	gain	TP	TP
chr9	7289764	7315251	25487	7	2	0	3	nested_a_in_b	nested_a_in_b	2-1	2-1	True	12	0.298	0.482	gain	TP	TP
chr9	8084912	8112578	27666	4	1	0	3	nested_a_in_b	nested_a_in_b	1-1	1-1	True	8	0.29	0.274	gain	TP	TP
chr9	8785084	8785085	1	82	1	0	19	nested_a_in_b	nested_a_in_b	1-1	1-1	True	102	0.183	0.192	gain	TP	TP
chr9	8791854	8800912	9058	20	16	0	9	nested_a_in_b	nested_a_in_b	2-1	2-1	True	45	0.281	0.549	gain	TP	TP
chr9	9467180	9482924	15744	18	6	0	6	nested_a_in_b	nested_a_in_b	1-1	1-1	True	30	0.236	0.379	gain	TP	TP
chr9	9949590	9949591	1	49	1	0	49	nested_a_in_b	nested_a_in_b	2-1	2-1	True	99	0.48	0.505	gain	TP	TP
chr9	10415807	10440554	24747	7	5	0	2	nested_a_in_b	nested_a_in_b	1-1	1-1	True	14	0.206	0.487	gain	TP	TP
chr9	11994232	12017179	22947	7	5	0	3	nested_a_in_b	nested_a_in_b	1-1	1-1	True	15	0.281	0.537	gain	TP	TP
chr9	12051725	12069823	18098	9	6	0	4	nested_a_in_b	nested_a_in_b	2-1	2-1	True	19	0.23	0.48	gain	TP	TP
chr9	18375981	18394066	18085	8	1	0	8	nested_a_in_b	nested_a_in_b	1-1	1-1	True	17	0.366	0.412	loh	TP	TP
chr9	19573787	19602061	28274	0	2	0	4	nested_a_in_b	nested_a_in_b	1-1	1-1	True	6	0.511	0.891	loh	TP	TP
chr9	20396185	20405605	9420	0	11	0	9	nested_a_in_b	nested_a_in_b	2-1	2-1	True	20	0.356	0.933	loh	TP	TP
chr9	23071370	23097878	26508	2	1	0	4	nested_a_in_b	nested_a_in_b	1-1	1-1	True	7	0.481	0.51	loh	TP	TP
chr9	24356336	24377761	21425	0	6	0	5	nested_a_in_b	nested_a_in_b	1-1	1-1	True	11	0.551	1.0	loh	TP	TP
chr9	24887843	24902492	14649	1	2	0	14	nested_a_in_b	nested_a_in_b	1-1	1-1	True	17	0.9	0.969	loh	TP	TP
chr9	24887843	24906604	18761	0	1	0	11	nested_a_in_b	nested_a_in_b	1-1	1-1	True	12	0.9	1.0	loh	TP	TP
chr9	29828827	29830086	1259	0	1	0	33	nested_a_in_b	nested_a_in_b	1-1	1-1	True	34	0.976	1.0	loh	TP	TP
chr9	30375867	30375868	1	30	2	0	27	nested_a_in_b	nested_a_in_b	2-1	2-1	True	59	0.435	0.492	loh	TP	TP
chr9	40737916	40739743	1827	75	3	0	10	nested_a_in_b	nested_a_in_b	1-1	1-1	True	88	0.096	0.163	gain	FP	FP
chr9	40737916	40747215	9299	39	1	0	10	nested_a_in_b	nested_a_in_b	1-1	1-1	True	50	0.096	0.233	gain	FP	FP
chr9	40740250	40742642	2392	71	1	0	11	nested_a_in_b	nested_a_in_b	1-1	1-1	True	83	0.11	0.131	gain	FP	FP
chr9	40740250	40747215	6965	46	2	0	11	nested_a_in_b	nested_a_in_b	1-1	1-1	True	59	0.11	0.233	gain	FP	FP
chr9	40742642	40747215	4573	54	1	0	13	nested_a_in_b	nested_a_in_b	1-1	1-1	True	68	0.131	0.233	gain	FP	FP
chr9	40781116	40781759	643	87	1	0	6	nested_a_in_b	nested_a_in_b	1-1	1-1	True	94	0.059	0.068	gain	FP	FP
chr9	41251563	41252154	591	51	1	0	22	nested_a_in_b	nested_a_in_b	1-1	1-1	True	74	0.278	0.33	gain	FP	FP
chr9	41777788	41779572	1784	110	1	0	15	nested_a_in_b	nested_a_in_b	1-1	1-1	True	126	0.097	0.124	gain	FP	FP
chr9	41777788	41780938	3150	99	1	0	13	nested_a_in_b	nested_a_in_b	1-1	1-1	True	113	0.097	0.119	gain	FP	FP
chr9	41777788	41782266	4478	94	1	0	15	nested_a_in_b	nested_a_in_b	1-1	1-1	True	110	0.097	0.136	gain	FP	FP
chr9	41777788	41783669	5881	84	1	0	15	nested_a_in_b	nested_a_in_b	1-1	1-1	True	100	0.097	0.133	gain	FP	FP
chr9	41777788	41787455	9667	63	2	0	14	nested_a_in_b	nested_a_in_b	1-1	1-1	True	79	0.097	0.145	gain	FP	FP
chr9	41777788	41787852	10064	60	1	0	12	nested_a_in_b	nested_a_in_b	1-1	1-1	True	73	0.097	0.124	gain	FP	FP
chr9	41777788	41788154	10366	56	3	0	14	nested_a_in_b	nested_a_in_b	1-1	1-1	True	73	0.097	0.168	gain	FP	FP
chr9	41777788	41789468	11680	53	1	0	14	nested_a_in_b	nested_a_in_b	1-1	1-1	True	68	0.097	0.133	gain	FP	FP
chr9	41777788	41790213	12425	41	1	0	13	nested_a_in_b	nested_a_in_b	1-1	1-1	True	55	0.097	0.167	gain	FP	FP
chr9	41777788	41800201	22413	18	1	0	13	nested_a_in_b	nested_a_in_b	1-1	1-1	True	32	0.097	0.14	gain	FP	FP
chr9	41777788	41800900	23112	17	1	0	11	nested_a_in_b	nested_a_in_b	1-1	1-1	True	29	0.097	0.153	gain	FP	FP
chr9	41777788	41802280	24492	16	1	0	13	nested_a_in_b	nested_a_in_b	1-1	1-1	True	30	0.097	0.156	gain	FP	FP
chr9	41777788	41804276	26488	15	2	0	12	nested_a_in_b	nested_a_in_b	1-1	1-1	True	29	0.097	0.142	gain	FP	FP
chr9	41779453	41780938	1485	117	3	0	14	nested_a_in_b	nested_a_in_b	1-1	1-1	True	134	0.108	0.119	gain	FP	FP
chr9	41779453	41780961	1508	113	2	0	16	nested_a_in_b	nested_a_in_b	1-1	1-1	True	131	0.108	0.134	gain	FP	FP
chr9	41779453	41780990	1537	117	1	0	16	nested_a_in_b	nested_a_in_b	1-1	1-1	True	134	0.108	0.119	gain	FP	FP
chr9	41779453	41782022	2569	110	3	0	16	nested_a_in_b	nested_a_in_b	1-1	1-1	True	129	0.108	0.131	gain	FP	FP
chr9	41779453	41782030	2577	110	2	0	16	nested_a_in_b	nested_a_in_b	1-1	1-1	True	128	0.108	0.131	gain	FP	FP
chr9	41779453	41782266	2813	108	3	0	16	nested_a_in_b	nested_a_in_b	1-1	1-1	True	127	0.108	0.136	gain	FP	FP
chr9	41779453	41782895	3442	111	2	0	15	nested_a_in_b	nested_a_in_b	1-1	1-1	True	128	0.108	0.12	gain	FP	FP
chr9	41779453	41783669	4216	100	3	0	16	nested_a_in_b	nested_a_in_b	1-1	1-1	True	119	0.108	0.133	gain	FP	FP
chr9	41779453	41786702	7249	85	2	0	16	nested_a_in_b	nested_a_in_b	1-1	1-1	True	103	0.108	0.134	gain	FP	FP
chr9	41779453	41786740	7287	82	1	0	16	nested_a_in_b	nested_a_in_b	1-1	1-1	True	99	0.108	0.14	gain	FP	FP
chr9	41779453	41786999	7546	83	1	0	14	nested_a_in_b	nested_a_in_b	1-1	1-1	True	98	0.108	0.11	gain	FP	FP
chr9	41779453	41787455	8002	75	3	0	16	nested_a_in_b	nested_a_in_b	1-1	1-1	True	94	0.108	0.145	gain	FP	FP
chr9	41779453	41787852	8399	73	1	0	14	nested_a_in_b	nested_a_in_b	1-1	1-1	True	88	0.108	0.124	gain	FP	FP
chr9	41779453	41788031	8578	72	2	0	16	nested_a_in_b	nested_a_in_b	1-1	1-1	True	90	0.108	0.142	gain	FP	FP
chr9	41779453	41788154	8701	67	4	0	16	nested_a_in_b	nested_a_in_b	1-1	1-1	True	87	0.108	0.168	gain	FP	FP
chr9	41779453	41788301	8848	69	1	0	15	nested_a_in_b	nested_a_in_b	1-1	1-1	True	85	0.108	0.143	gain	FP	FP
chr9	41779453	41788308	8855	72	1	0	15	nested_a_in_b	nested_a_in_b	1-1	1-1	True	88	0.108	0.126	gain	FP	FP
chr9	41779453	41788547	9094	69	1	0	15	nested_a_in_b	nested_a_in_b	1-1	1-1	True	85	0.108	0.124	gain	FP	FP
chr9	41779453	41788562	9109	71	1	0	16	nested_a_in_b	nested_a_in_b	1-1	1-1	True	88	0.108	0.133	gain	FP	FP
chr9	41779453	41789410	9957	65	1	0	16	nested_a_in_b	nested_a_in_b	1-1	1-1	True	82	0.108	0.131	gain	FP	FP
chr9	41779453	41789468	10015	65	2	0	15	nested_a_in_b	nested_a_in_b	1-1	1-1	True	82	0.108	0.133	gain	FP	FP
chr9	41779453	41789512	10059	63	1	0	15	nested_a_in_b	nested_a_in_b	1-1	1-1	True	79	0.108	0.121	gain	FP	FP
chr9	41779453	41789576	10123	61	1	0	15	nested_a_in_b	nested_a_in_b	1-1	1-1	True	77	0.108	0.13	gain	FP	FP
chr9	41779453	41789594	10141	60	1	0	15	nested_a_in_b	nested_a_in_b	1-1	1-1	True	76	0.108	0.125	gain	FP	FP
chr9	41779453	41789728	10275	61	1	0	16	nested_a_in_b	nested_a_in_b	1-1	1-1	True	78	0.108	0.142	gain	FP	FP
chr9	41779453	41800163	20710	25	1	0	16	nested_a_in_b	nested_a_in_b	1-1	1-1	True	42	0.108	0.134	gain	FP	FP
chr9	41779453	41800201	20748	24	2	0	15	nested_a_in_b	nested_a_in_b	1-1	1-1	True	41	0.108	0.14	gain	FP	FP
chr9	41779453	41800600	21147	25	1	0	16	nested_a_in_b	nested_a_in_b	1-1	1-1	True	42	0.108	0.158	gain	FP	FP
chr9	41779453	41800900	21447	23	2	0	13	nested_a_in_b	nested_a_in_b	1-1	1-1	True	38	0.108	0.153	gain	FP	FP
chr9	41779453	41800945	21492	24	1	0	15	nested_a_in_b	nested_a_in_b	1-1	1-1	True	40	0.108	0.138	gain	FP	FP
chr9	41779453	41800968	21515	23	1	0	16	nested_a_in_b	nested_a_in_b	1-1	1-1	True	40	0.108	0.156	gain	FP	FP
chr9	41779453	41800991	21538	24	1	0	16	nested_a_in_b	nested_a_in_b	1-1	1-1	True	41	0.108	0.137	gain	FP	FP
chr9	41779453	41801692	22239	24	1	0	15	nested_a_in_b	nested_a_in_b	1-1	1-1	True	40	0.108	0.132	gain	FP	FP
chr9	41779453	41801701	22248	24	1	0	14	nested_a_in_b	nested_a_in_b	1-1	1-1	True	39	0.108	0.13	gain	FP	FP
chr9	41779453	41802059	22606	24	1	0	15	nested_a_in_b	nested_a_in_b	1-1	1-1	True	40	0.108	0.12	gain	FP	FP
chr9	41779453	41802249	22796	24	1	0	15	nested_a_in_b	nested_a_in_b	1-1	1-1	True	40	0.108	0.131	gain	FP	FP
chr9	41779453	41802280	22827	22	2	0	14	nested_a_in_b	nested_a_in_b	1-1	1-1	True	38	0.108	0.156	gain	FP	FP
chr9	41779453	41802377	22924	24	1	0	15	nested_a_in_b	nested_a_in_b	1-1	1-1	True	40	0.108	0.137	gain	FP	FP
chr9	41779453	41802627	23174	22	1	0	15	nested_a_in_b	nested_a_in_b	1-1	1-1	True	38	0.108	0.156	gain	FP	FP
chr9	41779453	41802757	23304	23	1	0	12	nested_a_in_b	nested_a_in_b	1-1	1-1	True	36	0.108	0.136	gain	FP	FP
chr9	41779453	41802977	23524	24	1	0	14	nested_a_in_b	nested_a_in_b	1-1	1-1	True	39	0.108	0.139	gain	FP	FP
chr9	41779453	41803018	23565	23	1	0	14	nested_a_in_b	nested_a_in_b	1-1	1-1	True	38	0.108	0.135	gain	FP	FP
chr9	41779453	41803150	23697	24	1	0	13	nested_a_in_b	nested_a_in_b	1-1	1-1	True	38	0.108	0.127	gain	FP	FP
chr9	41779453	41803328	23875	23	1	0	14	nested_a_in_b	nested_a_in_b	1-1	1-1	True	38	0.108	0.131	gain	FP	FP
chr9	41779453	41803710	24257	23	1	0	13	nested_a_in_b	nested_a_in_b	1-1	1-1	True	37	0.108	0.127	gain	FP	FP
chr9	41779453	41803728	24275	23	1	0	13	nested_a_in_b	nested_a_in_b	1-1	1-1	True	37	0.108	0.132	gain	FP	FP
chr9	41779453	41804276	24823	21	3	0	13	nested_a_in_b	nested_a_in_b	1-1	1-1	True	37	0.108	0.142	gain	FP	FP
chr9	41779453	41804318	24865	22	1	0	13	nested_a_in_b	nested_a_in_b	1-1	1-1	True	36	0.108	0.124	gain	FP	FP
chr9	41779453	41804336	24883	22	1	0	13	nested_a_in_b	nested_a_in_b	1-1	1-1	True	36	0.108	0.124	gain	FP	FP
chr9	41779453	41804355	24902	22	1	0	13	nested_a_in_b	nested_a_in_b	1-1	1-1	True	36	0.108	0.139	gain	FP	FP
chr9	41779453	41804488	25035	22	1	0	13	nested_a_in_b	nested_a_in_b	1-1	1-1	True	36	0.108	0.128	gain	FP	FP
chr9	41779453	41804521	25068	22	1	0	13	nested_a_in_b	nested_a_in_b	1-1	1-1	True	36	0.108	0.127	gain	FP	FP
chr9	41779453	41804532	25079	22	1	0	13	nested_a_in_b	nested_a_in_b	1-1	1-1	True	36	0.108	0.129	gain	FP	FP
chr9	41779453	41804669	25216	22	1	0	13	nested_a_in_b	nested_a_in_b	1-1	1-1	True	36	0.108	0.117	gain	FP	FP
chr9	41779652	41800201	20549	22	1	0	15	nested_a_in_b	nested_a_in_b	1-1	1-1	True	38	0.118	0.14	gain	FP	FP
chr9	41779652	41800900	21248	21	1	0	13	nested_a_in_b	nested_a_in_b	1-1	1-1	True	35	0.118	0.153	gain	FP	FP
chr9	41779652	41804276	24624	19	2	0	13	nested_a_in_b	nested_a_in_b	1-1	1-1	True	34	0.118	0.142	gain	FP	FP
chr9	41779753	41780938	1185	118	2	0	14	nested_a_in_b	nested_a_in_b	1-1	1-1	True	134	0.104	0.119	gain	FP	FP
chr9	41779753	41780961	1208	114	1	0	16	nested_a_in_b	nested_a_in_b	1-1	1-1	True	131	0.104	0.134	gain	FP	FP
chr9	41779753	41782022	2269	111	2	0	16	nested_a_in_b	nested_a_in_b	1-1	1-1	True	129	0.104	0.131	gain	FP	FP
chr9	41779753	41782030	2277	111	1	0	16	nested_a_in_b	nested_a_in_b	1-1	1-1	True	128	0.104	0.131	gain	FP	FP
chr9	41779753	41782266	2513	109	2	0	16	nested_a_in_b	nested_a_in_b	1-1	1-1	True	127	0.104	0.136	gain	FP	FP
chr9	41779753	41782895	3142	111	1	0	15	nested_a_in_b	nested_a_in_b	1-1	1-1	True	127	0.104	0.12	gain	FP	FP
chr9	41779753	41783669	3916	100	2	0	16	nested_a_in_b	nested_a_in_b	1-1	1-1	True	118	0.104	0.133	gain	FP	FP
chr9	41779753	41786702	6949	86	1	0	16	nested_a_in_b	nested_a_in_b	1-1	1-1	True	103	0.104	0.134	gain	FP	FP
chr9	41779753	41786740	6987	82	1	0	15	nested_a_in_b	nested_a_in_b	1-1	1-1	True	98	0.104	0.14	gain	FP	FP
chr9	41779753	41786998	7245	80	4	0	14	nested_a_in_b	nested_a_in_b	1-1	1-1	True	98	0.104	0.148	gain	FP	FP
chr9	41779753	41787455	7702	75	3	0	15	nested_a_in_b	nested_a_in_b	1-1	1-1	True	93	0.104	0.145	gain	FP	FP
chr9	41779753	41787852	8099	72	2	0	13	nested_a_in_b	nested_a_in_b	1-1	1-1	True	87	0.104	0.124	gain	FP	FP
chr9	41779753	41788031	8278	73	2	0	15	nested_a_in_b	nested_a_in_b	1-1	1-1	True	90	0.104	0.142	gain	FP	FP
chr9	41779753	41788154	8401	68	4	0	15	nested_a_in_b	nested_a_in_b	1-1	1-1	True	87	0.104	0.168	gain	FP	FP
chr9	41779753	41788308	8555	73	1	0	14	nested_a_in_b	nested_a_in_b	1-1	1-1	True	88	0.104	0.126	gain	FP	FP
chr9	41779753	41788562	8809	72	1	0	15	nested_a_in_b	nested_a_in_b	1-1	1-1	True	88	0.104	0.133	gain	FP	FP
chr9	41779753	41789410	9657	66	1	0	15	nested_a_in_b	nested_a_in_b	1-1	1-1	True	82	0.104	0.131	gain	FP	FP
chr9	41779753	41789468	9715	66	2	0	14	nested_a_in_b	nested_a_in_b	1-1	1-1	True	82	0.104	0.133	gain	FP	FP
chr9	41779753	41789512	9759	64	1	0	14	nested_a_in_b	nested_a_in_b	1-1	1-1	True	79	0.104	0.121	gain	FP	FP
chr9	41779753	41789594	9841	60	1	0	14	nested_a_in_b	nested_a_in_b	1-1	1-1	True	75	0.104	0.125	gain	FP	FP
chr9	41779753	41789728	9975	62	1	0	15	nested_a_in_b	nested_a_in_b	1-1	1-1	True	78	0.104	0.142	gain	FP	FP
chr9	41779753	41800163	20410	25	1	0	15	nested_a_in_b	nested_a_in_b	1-1	1-1	True	41	0.104	0.134	gain	FP	FP
chr9	41779753	41800201	20448	24	2	0	14	nested_a_in_b	nested_a_in_b	1-1	1-1	True	40	0.104	0.14	gain	FP	FP
chr9	41779753	41800600	20847	25	1	0	15	nested_a_in_b	nested_a_in_b	1-1	1-1	True	41	0.104	0.158	gain	FP	FP
chr9	41779753	41800900	21147	23	2	0	12	nested_a_in_b	nested_a_in_b	1-1	1-1	True	37	0.104	0.153	gain	FP	FP
chr9	41779753	41800945	21192	24	1	0	14	nested_a_in_b	nested_a_in_b	1-1	1-1	True	39	0.104	0.138	gain	FP	FP
chr9	41779753	41800968	21215	23	1	0	15	nested_a_in_b	nested_a_in_b	1-1	1-1	True	39	0.104	0.156	gain	FP	FP
chr9	41779753	41800991	21238	24	1	0	15	nested_a_in_b	nested_a_in_b	1-1	1-1	True	40	0.104	0.137	gain	FP	FP
chr9	41779753	41801692	21939	24	1	0	14	nested_a_in_b	nested_a_in_b	1-1	1-1	True	39	0.104	0.132	gain	FP	FP
chr9	41779753	41801701	21948	24	1	0	13	nested_a_in_b	nested_a_in_b	1-1	1-1	True	38	0.104	0.13	gain	FP	FP
chr9	41779753	41802059	22306	24	1	0	14	nested_a_in_b	nested_a_in_b	1-1	1-1	True	39	0.104	0.12	gain	FP	FP
chr9	41779753	41802249	22496	24	1	0	14	nested_a_in_b	nested_a_in_b	1-1	1-1	True	39	0.104	0.131	gain	FP	FP
chr9	41779753	41802280	22527	22	2	0	13	nested_a_in_b	nested_a_in_b	1-1	1-1	True	37	0.104	0.156	gain	FP	FP
chr9	41779753	41802377	22624	24	1	0	14	nested_a_in_b	nested_a_in_b	1-1	1-1	True	39	0.104	0.137	gain	FP	FP
chr9	41779753	41802627	22874	22	1	0	14	nested_a_in_b	nested_a_in_b	1-1	1-1	True	37	0.104	0.156	gain	FP	FP
chr9	41779753	41802977	23224	24	1	0	13	nested_a_in_b	nested_a_in_b	1-1	1-1	True	38	0.104	0.139	gain	FP	FP
chr9	41779753	41803018	23265	23	1	0	13	nested_a_in_b	nested_a_in_b	1-1	1-1	True	37	0.104	0.135	gain	FP	FP
chr9	41779753	41803150	23397	24	1	0	12	nested_a_in_b	nested_a_in_b	1-1	1-1	True	37	0.104	0.127	gain	FP	FP
chr9	41779753	41803328	23575	23	1	0	13	nested_a_in_b	nested_a_in_b	1-1	1-1	True	37	0.104	0.131	gain	FP	FP
chr9	41779753	41803710	23957	23	1	0	12	nested_a_in_b	nested_a_in_b	1-1	1-1	True	36	0.104	0.127	gain	FP	FP
chr9	41779753	41803728	23975	23	1	0	12	nested_a_in_b	nested_a_in_b	1-1	1-1	True	36	0.104	0.132	gain	FP	FP
chr9	41779753	41804276	24523	21	3	0	12	nested_a_in_b	nested_a_in_b	1-1	1-1	True	36	0.104	0.142	gain	FP	FP
chr9	41779753	41804318	24565	22	1	0	12	nested_a_in_b	nested_a_in_b	1-1	1-1	True	35	0.104	0.124	gain	FP	FP
chr9	41779753	41804336	24583	22	1	0	12	nested_a_in_b	nested_a_in_b	1-1	1-1	True	35	0.104	0.124	gain	FP	FP
chr9	41779753	41804355	24602	22	1	0	12	nested_a_in_b	nested_a_in_b	1-1	1-1	True	35	0.104	0.139	gain	FP	FP
chr9	41779753	41804488	24735	22	1	0	12	nested_a_in_b	nested_a_in_b	1-1	1-1	True	35	0.104	0.128	gain	FP	FP
chr9	41779753	41804521	24768	22	1	0	12	nested_a_in_b	nested_a_in_b	1-1	1-1	True	35	0.104	0.127	gain	FP	FP
chr9	41779753	41804532	24779	22	1	0	12	nested_a_in_b	nested_a_in_b	1-1	1-1	True	35	0.104	0.129	gain	FP	FP
chr9	41779753	41804669	24916	22	1	0	12	nested_a_in_b	nested_a_in_b	1-1	1-1	True	35	0.104	0.117	gain	FP	FP
chr9	41779987	41804276	24289	21	1	0	15	nested_a_in_b	nested_a_in_b	1-1	1-1	True	37	0.115	0.142	gain	FP	FP
chr9	41780251	41780938	687	126	3	0	14	nested_a_in_b	nested_a_in_b	1-1	1-1	True	143	0.104	0.119	gain	FP	FP
chr9	41780251	41780961	710	121	3	0	16	nested_a_in_b	nested_a_in_b	1-1	1-1	True	140	0.104	0.134	gain	FP	FP
chr9	41780251	41780990	739	125	1	0	16	nested_a_in_b	nested_a_in_b	1-1	1-1	True	142	0.104	0.119	gain	FP	FP
chr9	41780251	41782022	1771	117	3	0	16	nested_a_in_b	nested_a_in_b	1-1	1-1	True	136	0.104	0.131	gain	FP	FP
chr9	41780251	41782030	1779	117	2	0	16	nested_a_in_b	nested_a_in_b	1-1	1-1	True	135	0.104	0.131	gain	FP	FP
chr9	41780251	41782266	2015	115	3	0	16	nested_a_in_b	nested_a_in_b	1-1	1-1	True	134	0.104	0.136	gain	FP	FP
chr9	41780251	41782895	2644	117	2	0	15	nested_a_in_b	nested_a_in_b	1-1	1-1	True	134	0.104	0.12	gain	FP	FP
chr9	41780251	41783669	3418	106	3	0	16	nested_a_in_b	nested_a_in_b	1-1	1-1	True	125	0.104	0.133	gain	FP	FP
chr9	41780251	41786702	6451	90	2	0	16	nested_a_in_b	nested_a_in_b	1-1	1-1	True	108	0.104	0.134	gain	FP	FP
chr9	41780251	41786740	6489	86	1	0	16	nested_a_in_b	nested_a_in_b	1-1	1-1	True	103	0.104	0.14	gain	FP	FP
chr9	41780251	41786998	6747	84	4	0	15	nested_a_in_b	nested_a_in_b	1-1	1-1	True	103	0.104	0.148	gain	FP	FP
chr9	41780251	41787455	7204	79	3	0	16	nested_a_in_b	nested_a_in_b	1-1	1-1	True	98	0.104	0.145	gain	FP	FP
chr9	41780251	41787852	7601	76	2	0	14	nested_a_in_b	nested_a_in_b	1-1	1-1	True	92	0.104	0.124	gain	FP	FP
chr9	41780251	41788031	7780	76	2	0	16	nested_a_in_b	nested_a_in_b	1-1	1-1	True	94	0.104	0.142	gain	FP	FP
chr9	41780251	41788154	7903	71	4	0	16	nested_a_in_b	nested_a_in_b	1-1	1-1	True	91	0.104	0.168	gain	FP	FP
chr9	41780251	41788308	8057	76	1	0	15	nested_a_in_b	nested_a_in_b	1-1	1-1	True	92	0.104	0.126	gain	FP	FP
chr9	41780251	41788562	8311	75	1	0	16	nested_a_in_b	nested_a_in_b	1-1	1-1	True	92	0.104	0.133	gain	FP	FP
chr9	41780251	41789410	9159	69	1	0	16	nested_a_in_b	nested_a_in_b	1-1	1-1	True	86	0.104	0.131	gain	FP	FP
chr9	41780251	41789468	9217	69	2	0	15	nested_a_in_b	nested_a_in_b	1-1	1-1	True	86	0.104	0.133	gain	FP	FP
chr9	41780251	41789512	9261	67	1	0	15	nested_a_in_b	nested_a_in_b	1-1	1-1	True	83	0.104	0.121	gain	FP	FP
chr9	41780251	41789594	9343	63	1	0	15	nested_a_in_b	nested_a_in_b	1-1	1-1	True	79	0.104	0.125	gain	FP	FP
chr9	41780251	41789728	9477	65	1	0	16	nested_a_in_b	nested_a_in_b	1-1	1-1	True	82	0.104	0.142	gain	FP	FP
chr9	41780251	41800163	19912	27	1	0	16	nested_a_in_b	nested_a_in_b	1-1	1-1	True	44	0.104	0.134	gain	FP	FP
chr9	41780251	41800201	19950	26	2	0	15	nested_a_in_b	nested_a_in_b	1-1	1-1	True	43	0.104	0.14	gain	FP	FP
chr9	41780251	41800600	20349	27	1	0	16	nested_a_in_b	nested_a_in_b	1-1	1-1	True	44	0.104	0.158	gain	FP	FP
chr9	41780251	41800900	20649	25	2	0	13	nested_a_in_b	nested_a_in_b	1-1	1-1	True	40	0.104	0.153	gain	FP	FP
chr9	41780251	41800945	20694	26	1	0	15	nested_a_in_b	nested_a_in_b	1-1	1-1	True	42	0.104	0.138	gain	FP	FP
chr9	41780251	41800968	20717	25	1	0	16	nested_a_in_b	nested_a_in_b	1-1	1-1	True	42	0.104	0.156	gain	FP	FP
chr9	41780251	41800991	20740	26	1	0	16	nested_a_in_b	nested_a_in_b	1-1	1-1	True	43	0.104	0.137	gain	FP	FP
chr9	41780251	41801692	21441	26	1	0	15	nested_a_in_b	nested_a_in_b	1-1	1-1	True	42	0.104	0.132	gain	FP	FP
chr9	41780251	41801701	21450	26	1	0	14	nested_a_in_b	nested_a_in_b	1-1	1-1	True	41	0.104	0.13	gain	FP	FP
chr9	41780251	41802059	21808	26	1	0	15	nested_a_in_b	nested_a_in_b	1-1	1-1	True	42	0.104	0.12	gain	FP	FP
chr9	41780251	41802249	21998	26	1	0	15	nested_a_in_b	nested_a_in_b	1-1	1-1	True	42	0.104	0.131	gain	FP	FP
chr9	41780251	41802280	22029	24	2	0	14	nested_a_in_b	nested_a_in_b	1-1	1-1	True	40	0.104	0.156	gain	FP	FP
chr9	41780251	41802377	22126	26	1	0	15	nested_a_in_b	nested_a_in_b	1-1	1-1	True	42	0.104	0.137	gain	FP	FP
chr9	41780251	41802627	22376	24	1	0	15	nested_a_in_b	nested_a_in_b	1-1	1-1	True	40	0.104	0.156	gain	FP	FP
chr9	41780251	41802977	22726	26	1	0	14	nested_a_in_b	nested_a_in_b	1-1	1-1	True	41	0.104	0.139	gain	FP	FP
chr9	41780251	41803018	22767	25	1	0	14	nested_a_in_b	nested_a_in_b	1-1	1-1	True	40	0.104	0.135	gain	FP	FP
chr9	41780251	41803150	22899	26	1	0	13	nested_a_in_b	nested_a_in_b	1-1	1-1	True	40	0.104	0.127	gain	FP	FP
chr9	41780251	41803328	23077	25	1	0	14	nested_a_in_b	nested_a_in_b	1-1	1-1	True	40	0.104	0.131	gain	FP	FP
chr9	41780251	41803710	23459	25	1	0	13	nested_a_in_b	nested_a_in_b	1-1	1-1	True	39	0.104	0.127	gain	FP	FP
chr9	41780251	41803728	23477	25	1	0	13	nested_a_in_b	nested_a_in_b	1-1	1-1	True	39	0.104	0.132	gain	FP	FP
chr9	41780251	41804276	24025	23	3	0	13	nested_a_in_b	nested_a_in_b	1-1	1-1	True	39	0.104	0.142	gain	FP	FP
chr9	41780251	41804318	24067	24	1	0	13	nested_a_in_b	nested_a_in_b	1-1	1-1	True	38	0.104	0.124	gain	FP	FP
chr9	41780251	41804336	24085	24	1	0	13	nested_a_in_b	nested_a_in_b	1-1	1-1	True	38	0.104	0.124	gain	FP	FP
chr9	41780251	41804355	24104	24	1	0	13	nested_a_in_b	nested_a_in_b	1-1	1-1	True	38	0.104	0.139	gain	FP	FP
chr9	41780251	41804488	24237	24	1	0	13	nested_a_in_b	nested_a_in_b	1-1	1-1	True	38	0.104	0.128	gain	FP	FP
chr9	41780251	41804521	24270	24	1	0	13	nested_a_in_b	nested_a_in_b	1-1	1-1	True	38	0.104	0.127	gain	FP	FP
chr9	41780251	41804532	24281	24	1	0	13	nested_a_in_b	nested_a_in_b	1-1	1-1	True	38	0.104	0.129	gain	FP	FP
chr9	41780251	41804669	24418	24	1	0	13	nested_a_in_b	nested_a_in_b	1-1	1-1	True	38	0.104	0.117	gain	FP	FP
chr9	41780671	41780938	267	136	2	0	14	nested_a_in_b	nested_a_in_b	1-1	1-1	True	152	0.101	0.119	gain	FP	FP
chr9	41780671	41780961	290	131	2	0	16	nested_a_in_b	nested_a_in_b	1-1	1-1	True	149	0.101	0.134	gain	FP	FP
chr9	41780671	41782022	1351	123	2	0	16	nested_a_in_b	nested_a_in_b	1-1	1-1	True	141	0.101	0.131	gain	FP	FP
chr9	41780671	41782030	1359	123	1	0	16	nested_a_in_b	nested_a_in_b	1-1	1-1	True	140	0.101	0.131	gain	FP	FP
chr9	41780671	41782266	1595	121	2	0	16	nested_a_in_b	nested_a_in_b	1-1	1-1	True	139	0.101	0.136	gain	FP	FP
chr9	41780671	41782895	2224	122	1	0	15	nested_a_in_b	nested_a_in_b	1-1	1-1	True	138	0.101	0.12	gain	FP	FP
chr9	41780671	41783669	2998	110	2	0	16	nested_a_in_b	nested_a_in_b	1-1	1-1	True	128	0.101	0.133	gain	FP	FP
chr9	41780671	41786702	6031	94	1	0	16	nested_a_in_b	nested_a_in_b	1-1	1-1	True	111	0.101	0.134	gain	FP	FP
chr9	41780671	41786998	6327	87	4	0	15	nested_a_in_b	nested_a_in_b	1-1	1-1	True	106	0.101	0.148	gain	FP	FP
chr9	41780671	41787455	6784	83	2	0	16	nested_a_in_b	nested_a_in_b	1-1	1-1	True	101	0.101	0.145	gain	FP	FP
chr9	41780671	41787852	7181	80	1	0	14	nested_a_in_b	nested_a_in_b	1-1	1-1	True	95	0.101	0.124	gain	FP	FP
chr9	41780671	41788031	7360	80	1	0	16	nested_a_in_b	nested_a_in_b	1-1	1-1	True	97	0.101	0.142	gain	FP	FP
chr9	41780671	41788154	7483	75	3	0	16	nested_a_in_b	nested_a_in_b	1-1	1-1	True	94	0.101	0.168	gain	FP	FP
chr9	41780671	41789468	8797	72	1	0	15	nested_a_in_b	nested_a_in_b	1-1	1-1	True	88	0.101	0.133	gain	FP	FP
chr9	41780671	41800201	19530	29	1	0	15	nested_a_in_b	nested_a_in_b	1-1	1-1	True	45	0.101	0.14	gain	FP	FP
chr9	41780671	41800900	20229	27	1	0	13	nested_a_in_b	nested_a_in_b	1-1	1-1	True	41	0.101	0.153	gain	FP	FP
chr9	41780671	41802280	21609	25	1	0	14	nested_a_in_b	nested_a_in_b	1-1	1-1	True	40	0.101	0.156	gain	FP	FP
chr9	41780671	41804276	23605	24	2	0	12	nested_a_in_b	nested_a_in_b	1-1	1-1	True	38	0.101	0.142	gain	FP	FP
chr9	41780961	41787455	6494	82	2	0	19	nested_a_in_b	nested_a_in_b	1-1	1-1	True	103	0.134	0.145	gain	FP	FP
chr9	41780961	41788031	7070	79	1	0	19	nested_a_in_b	nested_a_in_b	1-1	1-1	True	99	0.134	0.142	gain	FP	FP
chr9	41780961	41788154	7193	74	3	0	19	nested_a_in_b	nested_a_in_b	1-1	1-1	True	96	0.134	0.168	gain	FP	FP
chr9	41780961	41789468	8507	71	1	0	18	nested_a_in_b	nested_a_in_b	1-1	1-1	True	90	0.134	0.133	gain	FP	FP
chr9	41780961	41800201	19240	29	1	0	18	nested_a_in_b	nested_a_in_b	1-1	1-1	True	48	0.134	0.14	gain	FP	FP
chr9	41780961	41800900	19939	27	1	0	15	nested_a_in_b	nested_a_in_b	1-1	1-1	True	43	0.134	0.153	gain	FP	FP
chr9	41780961	41802280	21319	25	1	0	17	nested_a_in_b	nested_a_in_b	1-1	1-1	True	43	0.134	0.156	gain	FP	FP
chr9	41780961	41804276	23315	24	2	0	15	nested_a_in_b	nested_a_in_b	1-1	1-1	True	41	0.134	0.142	gain	FP	FP
chr9	41780990	41782022	1032	125	2	0	18	nested_a_in_b	nested_a_in_b	1-1	1-1	True	145	0.119	0.131	gain	FP	FP
chr9	41780990	41782030	1040	125	1	0	19	nested_a_in_b	nested_a_in_b	1-1	1-1	True	145	0.119	0.131	gain	FP	FP
chr9	41780990	41782266	1276	123	2	0	19	nested_a_in_b	nested_a_in_b	1-1	1-1	True	144	0.119	0.136	gain	FP	FP
chr9	41780990	41782895	1905	124	1	0	18	nested_a_in_b	nested_a_in_b	1-1	1-1	True	143	0.119	0.12	gain	FP	FP
chr9	41780990	41783669	2679	111	2	0	18	nested_a_in_b	nested_a_in_b	1-1	1-1	True	131	0.119	0.133	gain	FP	FP
chr9	41780990	41786702	5712	94	1	0	19	nested_a_in_b	nested_a_in_b	1-1	1-1	True	114	0.119	0.134	gain	FP	FP
chr9	41780990	41787455	6465	84	2	0	19	nested_a_in_b	nested_a_in_b	1-1	1-1	True	105	0.119	0.145	gain	FP	FP
chr9	41780990	41788031	7041	81	1	0	19	nested_a_in_b	nested_a_in_b	1-1	1-1	True	101	0.119	0.142	gain	FP	FP
chr9	41780990	41788154	7164	76	3	0	19	nested_a_in_b	nested_a_in_b	1-1	1-1	True	98	0.119	0.168	gain	FP	FP
chr9	41780990	41789468	8478	73	1	0	18	nested_a_in_b	nested_a_in_b	1-1	1-1	True	92	0.119	0.133	gain	FP	FP
chr9	41780990	41800201	19211	30	1	0	18	nested_a_in_b	nested_a_in_b	1-1	1-1	True	49	0.119	0.14	gain	FP	FP
chr9	41780990	41800900	19910	28	1	0	15	nested_a_in_b	nested_a_in_b	1-1	1-1	True	44	0.119	0.153	gain	FP	FP
chr9	41780990	41802280	21290	26	1	0	17	nested_a_in_b	nested_a_in_b	1-1	1-1	True	44	0.119	0.156	gain	FP	FP
chr9	41780990	41804276	23286	25	2	0	15	nested_a_in_b	nested_a_in_b	1-1	1-1	True	42	0.119	0.142	gain	FP	FP
chr9	41782030	41782266	236	148	1	0	23	nested_a_in_b	nested_a_in_b	1-1	1-1	True	172	0.131	0.136	gain	FP	FP
chr9	41782030	41783669	1639	127	1	0	22	nested_a_in_b	nested_a_in_b	1-1	1-1	True	150	0.131	0.133	gain	FP	FP
chr9	41782030	41786740	4710	101	1	0	22	nested_a_in_b	nested_a_in_b	1-1	1-1	True	124	0.131	0.14	gain	FP	FP
chr9	41782030	41787455	5425	93	2	0	22	nested_a_in_b	nested_a_in_b	1-1	1-1	True	117	0.131	0.145	gain	FP	FP
chr9	41782030	41788031	6001	90	1	0	22	nested_a_in_b	nested_a_in_b	1-1	1-1	True	113	0.131	0.142	gain	FP	FP
chr9	41782030	41788154	6124	85	3	0	22	nested_a_in_b	nested_a_in_b	1-1	1-1	True	110	0.131	0.168	gain	FP	FP
chr9	41782030	41800201	18171	33	1	0	21	nested_a_in_b	nested_a_in_b	1-1	1-1	True	55	0.131	0.14	gain	FP	FP
chr9	41782030	41800900	18870	31	1	0	16	nested_a_in_b	nested_a_in_b	1-1	1-1	True	48	0.131	0.153	gain	FP	FP
chr9	41782030	41802280	20250	29	1	0	20	nested_a_in_b	nested_a_in_b	1-1	1-1	True	50	0.131	0.156	gain	FP	FP
chr9	41782030	41804276	22246	28	2	0	17	nested_a_in_b	nested_a_in_b	1-1	1-1	True	47	0.131	0.142	gain	FP	FP
chr9	41782266	41788031	5765	89	1	0	22	nested_a_in_b	nested_a_in_b	1-1	1-1	True	112	0.136	0.142	gain	FP	FP
chr9	41782266	41788154	5888	85	2	0	22	nested_a_in_b	nested_a_in_b	1-1	1-1	True	109	0.136	0.168	gain	FP	FP
chr9	41782266	41789468	7202	80	1	0	21	nested_a_in_b	nested_a_in_b	1-1	1-1	True	102	0.136	0.133	gain	FP	FP
chr9	41782266	41800201	17935	32	1	0	21	nested_a_in_b	nested_a_in_b	1-1	1-1	True	54	0.136	0.14	gain	FP	FP
chr9	41782266	41800900	18634	30	1	0	16	nested_a_in_b	nested_a_in_b	1-1	1-1	True	47	0.136	0.153	gain	FP	FP
chr9	41782266	41802280	20014	28	1	0	20	nested_a_in_b	nested_a_in_b	1-1	1-1	True	49	0.136	0.156	gain	FP	FP
chr9	41782266	41804276	22010	27	2	0	17	nested_a_in_b	nested_a_in_b	1-1	1-1	True	46	0.136	0.142	gain	FP	FP
chr9	41782895	41783669	774	144	1	0	21	nested_a_in_b	nested_a_in_b	1-1	1-1	True	166	0.12	0.133	gain	FP	FP
chr9	41782895	41786740	3845	113	1	0	21	nested_a_in_b	nested_a_in_b	1-1	1-1	True	135	0.12	0.14	gain	FP	FP
chr9	41782895	41787455	4560	103	2	0	21	nested_a_in_b	nested_a_in_b	1-1	1-1	True	126	0.12	0.145	gain	FP	FP
chr9	41782895	41788031	5136	99	1	0	21	nested_a_in_b	nested_a_in_b	1-1	1-1	True	121	0.12	0.142	gain	FP	FP
chr9	41782895	41788154	5259	94	3	0	21	nested_a_in_b	nested_a_in_b	1-1	1-1	True	118	0.12	0.168	gain	FP	FP
chr9	41782895	41789468	6573	90	1	0	20	nested_a_in_b	nested_a_in_b	1-1	1-1	True	111	0.12	0.133	gain	FP	FP
chr9	41782895	41800201	17306	36	1	0	20	nested_a_in_b	nested_a_in_b	1-1	1-1	True	57	0.12	0.14	gain	FP	FP
chr9	41782895	41800900	18005	34	1	0	16	nested_a_in_b	nested_a_in_b	1-1	1-1	True	51	0.12	0.153	gain	FP	FP
chr9	41782895	41802280	19385	30	1	0	20	nested_a_in_b	nested_a_in_b	1-1	1-1	True	51	0.12	0.156	gain	FP	FP
chr9	41782895	41804276	21381	28	2	0	16	nested_a_in_b	nested_a_in_b	1-1	1-1	True	46	0.12	0.142	gain	FP	FP
chr9	41783615	41788031	4416	102	2	0	22	nested_a_in_b	nested_a_in_b	1-1	1-1	True	126	0.127	0.142	gain	FP	FP
chr9	41783615	41788154	4539	97	4	0	22	nested_a_in_b	nested_a_in_b	1-1	1-1	True	123	0.127	0.168	gain	FP	FP
chr9	41783615	41788301	4686	97	1	0	21	nested_a_in_b	nested_a_in_b	1-1	1-1	True	119	0.127	0.143	gain	FP	FP
chr9	41783615	41788562	4947	99	1	0	22	nested_a_in_b	nested_a_in_b	1-1	1-1	True	122	0.127	0.133	gain	FP	FP
chr9	41783615	41789410	5795	92	1	0	22	nested_a_in_b	nested_a_in_b	1-1	1-1	True	115	0.127	0.131	gain	FP	FP
chr9	41783615	41789468	5853	92	2	0	21	nested_a_in_b	nested_a_in_b	1-1	1-1	True	115	0.127	0.133	gain	FP	FP
chr9	41783615	41789512	5897	90	1	0	19	nested_a_in_b	nested_a_in_b	1-1	1-1	True	110	0.127	0.121	gain	FP	FP
chr9	41783615	41789576	5961	87	1	0	20	nested_a_in_b	nested_a_in_b	1-1	1-1	True	108	0.127	0.13	gain	FP	FP
chr9	41783615	41789594	5979	86	1	0	20	nested_a_in_b	nested_a_in_b	1-1	1-1	True	107	0.127	0.125	gain	FP	FP
chr9	41783615	41789728	6113	88	1	0	22	nested_a_in_b	nested_a_in_b	1-1	1-1	True	111	0.127	0.142	gain	FP	FP
chr9	41783615	41800201	16586	38	2	0	21	nested_a_in_b	nested_a_in_b	1-1	1-1	True	61	0.127	0.14	gain	FP	FP
chr9	41783615	41800600	16985	38	1	0	21	nested_a_in_b	nested_a_in_b	1-1	1-1	True	60	0.127	0.158	gain	FP	FP
chr9	41783615	41800900	17285	36	2	0	15	nested_a_in_b	nested_a_in_b	1-1	1-1	True	53	0.127	0.153	gain	FP	FP
chr9	41783615	41800968	17353	35	1	0	22	nested_a_in_b	nested_a_in_b	1-1	1-1	True	58	0.127	0.156	gain	FP	FP
chr9	41783615	41800991	17376	36	1	0	22	nested_a_in_b	nested_a_in_b	1-1	1-1	True	59	0.127	0.137	gain	FP	FP
chr9	41783615	41801692	18077	34	1	0	21	nested_a_in_b	nested_a_in_b	1-1	1-1	True	56	0.127	0.132	gain	FP	FP
chr9	41783615	41801701	18086	34	1	0	20	nested_a_in_b	nested_a_in_b	1-1	1-1	True	55	0.127	0.13	gain	FP	FP
chr9	41783615	41802249	18634	34	1	0	21	nested_a_in_b	nested_a_in_b	1-1	1-1	True	56	0.127	0.131	gain	FP	FP
chr9	41783615	41802280	18665	33	1	0	20	nested_a_in_b	nested_a_in_b	1-1	1-1	True	54	0.127	0.156	gain	FP	FP
chr9	41783615	41802377	18762	34	1	0	21	nested_a_in_b	nested_a_in_b	1-1	1-1	True	56	0.127	0.137	gain	FP	FP
chr9	41783615	41802627	19012	32	1	0	21	nested_a_in_b	nested_a_in_b	1-1	1-1	True	54	0.127	0.156	gain	FP	FP
chr9	41783615	41803018	19403	33	1	0	19	nested_a_in_b	nested_a_in_b	1-1	1-1	True	53	0.127	0.135	gain	FP	FP
chr9	41783615	41803150	19535	34	1	0	18	nested_a_in_b	nested_a_in_b	1-1	1-1	True	53	0.127	0.127	gain	FP	FP
chr9	41783615	41803328	19713	32	1	0	19	nested_a_in_b	nested_a_in_b	1-1	1-1	True	52	0.127	0.131	gain	FP	FP
chr9	41783615	41803710	20095	31	1	0	18	nested_a_in_b	nested_a_in_b	1-1	1-1	True	50	0.127	0.127	gain	FP	FP
chr9	41783615	41803728	20113	31	1	0	18	nested_a_in_b	nested_a_in_b	1-1	1-1	True	50	0.127	0.132	gain	FP	FP
chr9	41783615	41804276	20661	29	3	0	17	nested_a_in_b	nested_a_in_b	1-1	1-1	True	49	0.127	0.142	gain	FP	FP
chr9	41783615	41804318	20703	30	1	0	16	nested_a_in_b	nested_a_in_b	1-1	1-1	True	47	0.127	0.124	gain	FP	FP
chr9	41783615	41804336	20721	30	1	0	17	nested_a_in_b	nested_a_in_b	1-1	1-1	True	48	0.127	0.124	gain	FP	FP
chr9	41783615	41804355	20740	30	1	0	17	nested_a_in_b	nested_a_in_b	1-1	1-1	True	48	0.127	0.139	gain	FP	FP
chr9	41783615	41804488	20873	30	1	0	17	nested_a_in_b	nested_a_in_b	1-1	1-1	True	48	0.127	0.128	gain	FP	FP
chr9	41783615	41804521	20906	30	1	0	17	nested_a_in_b	nested_a_in_b	1-1	1-1	True	48	0.127	0.127	gain	FP	FP
chr9	41783615	41804532	20917	30	1	0	17	nested_a_in_b	nested_a_in_b	1-1	1-1	True	48	0.127	0.129	gain	FP	FP
chr9	41783615	41804669	21054	30	1	0	17	nested_a_in_b	nested_a_in_b	1-1	1-1	True	48	0.127	0.117	gain	FP	FP
chr9	41783669	41787852	4183	104	1	0	20	nested_a_in_b	nested_a_in_b	1-1	1-1	True	125	0.133	0.124	gain	FP	FP
chr9	41783669	41788031	4362	104	1	0	22	nested_a_in_b	nested_a_in_b	1-1	1-1	True	127	0.133	0.142	gain	FP	FP
chr9	41783669	41788154	4485	99	3	0	22	nested_a_in_b	nested_a_in_b	1-1	1-1	True	124	0.133	0.168	gain	FP	FP
chr9	41783669	41789468	5799	94	1	0	21	nested_a_in_b	nested_a_in_b	1-1	1-1	True	116	0.133	0.133	gain	FP	FP
chr9	41783669	41800201	16532	39	1	0	21	nested_a_in_b	nested_a_in_b	1-1	1-1	True	61	0.133	0.14	gain	FP	FP
chr9	41783669	41800900	17231	37	1	0	16	nested_a_in_b	nested_a_in_b	1-1	1-1	True	54	0.133	0.153	gain	FP	FP
chr9	41783669	41802280	18611	33	1	0	20	nested_a_in_b	nested_a_in_b	1-1	1-1	True	54	0.133	0.156	gain	FP	FP
chr9	41783669	41804276	20607	30	2	0	17	nested_a_in_b	nested_a_in_b	1-1	1-1	True	49	0.133	0.142	gain	FP	FP
chr9	41786702	41786740	38	152	1	0	24	nested_a_in_b	nested_a_in_b	1-1	1-1	True	177	0.134	0.14	gain	FP	FP
chr9	41786702	41787455	753	142	2	0	24	nested_a_in_b	nested_a_in_b	1-1	1-1	True	168	0.134	0.145	gain	FP	FP
chr9	41786702	41788031	1329	133	1	0	24	nested_a_in_b	nested_a_in_b	1-1	1-1	True	158	0.134	0.142	gain	FP	FP
chr9	41786702	41788154	1452	126	5	0	24	nested_a_in_b	nested_a_in_b	1-1	1-1	True	155	0.134	0.168	gain	FP	FP
chr9	41786702	41789468	2766	121	1	0	23	nested_a_in_b	nested_a_in_b	1-1	1-1	True	145	0.134	0.133	gain	FP	FP
chr9	41786702	41800201	13499	48	2	0	22	nested_a_in_b	nested_a_in_b	1-1	1-1	True	72	0.134	0.14	gain	FP	FP
chr9	41786702	41800900	14198	45	1	0	17	nested_a_in_b	nested_a_in_b	1-1	1-1	True	63	0.134	0.153	gain	FP	FP
chr9	41786702	41802280	15578	38	1	0	22	nested_a_in_b	nested_a_in_b	1-1	1-1	True	61	0.134	0.156	gain	FP	FP
chr9	41786702	41804276	17574	34	2	0	19	nested_a_in_b	nested_a_in_b	1-1	1-1	True	55	0.134	0.142	gain	FP	FP
chr9	41786739	41786740	1	152	2	0	23	nested_a_in_b	nested_a_in_b	1-1	1-1	True	177	0.124	0.14	gain	FP	FP
chr9	41786739	41786999	260	153	1	0	19	nested_a_in_b	nested_a_in_b	1-1	1-1	True	173	0.124	0.11	gain	FP	FP
chr9	41786739	41787455	716	141	3	0	23	nested_a_in_b	nested_a_in_b	1-1	1-1	True	167	0.124	0.145	gain	FP	FP
chr9	41786739	41788031	1292	132	2	0	23	nested_a_in_b	nested_a_in_b	1-1	1-1	True	157	0.124	0.142	gain	FP	FP
chr9	41786739	41788154	1415	125	6	0	23	nested_a_in_b	nested_a_in_b	1-1	1-1	True	154	0.124	0.168	gain	FP	FP
chr9	41786739	41788301	1562	126	1	0	22	nested_a_in_b	nested_a_in_b	1-1	1-1	True	149	0.124	0.143	gain	FP	FP
chr9	41786739	41788562	1823	129	1	0	23	nested_a_in_b	nested_a_in_b	1-1	1-1	True	153	0.124	0.133	gain	FP	FP
chr9	41786739	41789410	2671	119	1	0	23	nested_a_in_b	nested_a_in_b	1-1	1-1	True	143	0.124	0.131	gain	FP	FP
chr9	41786739	41789468	2729	120	2	0	22	nested_a_in_b	nested_a_in_b	1-1	1-1	True	144	0.124	0.133	gain	FP	FP
chr9	41786739	41789512	2773	118	1	0	20	nested_a_in_b	nested_a_in_b	1-1	1-1	True	139	0.124	0.121	gain	FP	FP
chr9	41786739	41789576	2837	113	1	0	21	nested_a_in_b	nested_a_in_b	1-1	1-1	True	135	0.124	0.13	gain	FP	FP
chr9	41786739	41789594	2855	113	1	0	20	nested_a_in_b	nested_a_in_b	1-1	1-1	True	134	0.124	0.125	gain	FP	FP
chr9	41786739	41789728	2989	114	1	0	23	nested_a_in_b	nested_a_in_b	1-1	1-1	True	138	0.124	0.142	gain	FP	FP
chr9	41786739	41800201	13462	48	3	0	21	nested_a_in_b	nested_a_in_b	1-1	1-1	True	72	0.124	0.14	gain	FP	FP
chr9	41786739	41800600	13861	47	1	0	22	nested_a_in_b	nested_a_in_b	1-1	1-1	True	70	0.124	0.158	gain	FP	FP
chr9	41786739	41800900	14161	45	1	0	17	nested_a_in_b	nested_a_in_b	1-1	1-1	True	63	0.124	0.153	gain	FP	FP
chr9	41786739	41800945	14206	46	1	0	21	nested_a_in_b	nested_a_in_b	1-1	1-1	True	68	0.124	0.138	gain	FP	FP
chr9	41786739	41800968	14229	44	1	0	23	nested_a_in_b	nested_a_in_b	1-1	1-1	True	68	0.124	0.156	gain	FP	FP
chr9	41786739	41800991	14252	44	1	0	23	nested_a_in_b	nested_a_in_b	1-1	1-1	True	68	0.124	0.137	gain	FP	FP
chr9	41786739	41801692	14953	40	1	0	22	nested_a_in_b	nested_a_in_b	1-1	1-1	True	63	0.124	0.132	gain	FP	FP
chr9	41786739	41801701	14962	40	1	0	21	nested_a_in_b	nested_a_in_b	1-1	1-1	True	62	0.124	0.13	gain	FP	FP
chr9	41786739	41802249	15510	40	1	0	22	nested_a_in_b	nested_a_in_b	1-1	1-1	True	63	0.124	0.131	gain	FP	FP
chr9	41786739	41802280	15541	38	2	0	21	nested_a_in_b	nested_a_in_b	1-1	1-1	True	61	0.124	0.156	gain	FP	FP
chr9	41786739	41802377	15638	40	1	0	22	nested_a_in_b	nested_a_in_b	1-1	1-1	True	63	0.124	0.137	gain	FP	FP
chr9	41786739	41802610	15871	40	1	0	22	nested_a_in_b	nested_a_in_b	1-1	1-1	True	63	0.124	0.146	gain	FP	FP
chr9	41786739	41802627	15888	38	1	0	22	nested_a_in_b	nested_a_in_b	1-1	1-1	True	61	0.124	0.156	gain	FP	FP
chr9	41786739	41802757	16018	39	1	0	18	nested_a_in_b	nested_a_in_b	1-1	1-1	True	58	0.124	0.136	gain	FP	FP
chr9	41786739	41803018	16279	39	1	0	20	nested_a_in_b	nested_a_in_b	1-1	1-1	True	60	0.124	0.135	gain	FP	FP
chr9	41786739	41803150	16411	39	1	0	19	nested_a_in_b	nested_a_in_b	1-1	1-1	True	59	0.124	0.127	gain	FP	FP
chr9	41786739	41803328	16589	37	1	0	20	nested_a_in_b	nested_a_in_b	1-1	1-1	True	58	0.124	0.131	gain	FP	FP
chr9	41786739	41803710	16971	36	1	0	19	nested_a_in_b	nested_a_in_b	1-1	1-1	True	56	0.124	0.127	gain	FP	FP
chr9	41786739	41803728	16989	36	1	0	19	nested_a_in_b	nested_a_in_b	1-1	1-1	True	56	0.124	0.132	gain	FP	FP
chr9	41786739	41804276	17537	34	3	0	18	nested_a_in_b	nested_a_in_b	1-1	1-1	True	55	0.124	0.142	gain	FP	FP
chr9	41786739	41804318	17579	35	1	0	17	nested_a_in_b	nested_a_in_b	1-1	1-1	True	53	0.124	0.124	gain	FP	FP
chr9	41786739	41804336	17597	35	1	0	18	nested_a_in_b	nested_a_in_b	1-1	1-1	True	54	0.124	0.124	gain	FP	FP
chr9	41786739	41804355	17616	35	1	0	18	nested_a_in_b	nested_a_in_b	1-1	1-1	True	54	0.124	0.139	gain	FP	FP
chr9	41786739	41804488	17749	35	1	0	18	nested_a_in_b	nested_a_in_b	1-1	1-1	True	54	0.124	0.128	gain	FP	FP
chr9	41786739	41804521	17782	35	1	0	18	nested_a_in_b	nested_a_in_b	1-1	1-1	True	54	0.124	0.127	gain	FP	FP
chr9	41786739	41804532	17793	35	1	0	18	nested_a_in_b	nested_a_in_b	1-1	1-1	True	54	0.124	0.129	gain	FP	FP
chr9	41786739	41804669	17930	35	1	0	18	nested_a_in_b	nested_a_in_b	1-1	1-1	True	54	0.124	0.117	gain	FP	FP
chr9	41786740	41787455	715	137	2	0	24	nested_a_in_b	nested_a_in_b	1-1	1-1	True	163	0.14	0.145	gain	FP	FP
chr9	41786740	41788031	1291	128	1	0	24	nested_a_in_b	nested_a_in_b	1-1	1-1	True	153	0.14	0.142	gain	FP	FP
chr9	41786740	41788154	1414	122	4	0	24	nested_a_in_b	nested_a_in_b	1-1	1-1	True	150	0.14	0.168	gain	FP	FP
chr9	41786740	41789468	2728	117	1	0	23	nested_a_in_b	nested_a_in_b	1-1	1-1	True	141	0.14	0.133	gain	FP	FP
chr9	41786740	41800201	13461	47	2	0	22	nested_a_in_b	nested_a_in_b	1-1	1-1	True	71	0.14	0.14	gain	FP	FP
chr9	41786740	41800900	14160	44	1	0	17	nested_a_in_b	nested_a_in_b	1-1	1-1	True	62	0.14	0.153	gain	FP	FP
chr9	41786740	41802280	15540	38	1	0	22	nested_a_in_b	nested_a_in_b	1-1	1-1	True	61	0.14	0.156	gain	FP	FP
chr9	41786740	41804276	17536	34	2	0	19	nested_a_in_b	nested_a_in_b	1-1	1-1	True	55	0.14	0.142	gain	FP	FP
chr9	41786998	41800201	13203	52	3	0	19	nested_a_in_b	nested_a_in_b	1-1	1-1	True	74	0.148	0.14	gain	FP	FP
chr9	41786999	41787455	456	149	2	0	20	nested_a_in_b	nested_a_in_b	1-1	1-1	True	171	0.11	0.145	gain	FP	FP
chr9	41786999	41787852	853	142	1	0	18	nested_a_in_b	nested_a_in_b	1-1	1-1	True	161	0.11	0.124	gain	FP	FP
chr9	41786999	41788031	1032	141	1	0	20	nested_a_in_b	nested_a_in_b	1-1	1-1	True	162	0.11	0.142	gain	FP	FP
chr9	41786999	41788154	1155	134	5	0	20	nested_a_in_b	nested_a_in_b	1-1	1-1	True	159	0.11	0.168	gain	FP	FP
chr9	41786999	41788301	1302	134	1	0	20	nested_a_in_b	nested_a_in_b	1-1	1-1	True	155	0.11	0.143	gain	FP	FP
chr9	41786999	41789468	2469	128	1	0	19	nested_a_in_b	nested_a_in_b	1-1	1-1	True	148	0.11	0.133	gain	FP	FP
chr9	41786999	41800201	13202	52	2	0	18	nested_a_in_b	nested_a_in_b	1-1	1-1	True	72	0.11	0.14	gain	FP	FP
chr9	41786999	41800900	13901	49	1	0	15	nested_a_in_b	nested_a_in_b	1-1	1-1	True	65	0.11	0.153	gain	FP	FP
chr9	41786999	41802280	15281	42	1	0	18	nested_a_in_b	nested_a_in_b	1-1	1-1	True	61	0.11	0.156	gain	FP	FP
chr9	41786999	41802627	15628	40	1	0	19	nested_a_in_b	nested_a_in_b	1-1	1-1	True	60	0.11	0.156	gain	FP	FP
chr9	41786999	41802757	15758	41	1	0	17	nested_a_in_b	nested_a_in_b	1-1	1-1	True	59	0.11	0.136	gain	FP	FP
chr9	41786999	41804276	17277	37	2	0	17	nested_a_in_b	nested_a_in_b	1-1	1-1	True	56	0.11	0.142	gain	FP	FP
chr9	41787455	41800201	12746	51	2	0	22	nested_a_in_b	nested_a_in_b	1-1	1-1	True	75	0.145	0.14	gain	FP	FP
chr9	41787455	41800600	13145	50	1	0	23	nested_a_in_b	nested_a_in_b	1-1	1-1	True	74	0.145	0.158	gain	FP	FP
chr9	41787455	41800900	13445	48	2	0	17	nested_a_in_b	nested_a_in_b	1-1	1-1	True	67	0.145	0.153	gain	FP	FP
chr9	41787455	41800945	13490	49	1	0	22	nested_a_in_b	nested_a_in_b	1-1	1-1	True	72	0.145	0.138	gain	FP	FP
chr9	41787455	41800968	13513	47	1	0	24	nested_a_in_b	nested_a_in_b	1-1	1-1	True	72	0.145	0.156	gain	FP	FP
chr9	41787455	41802280	14825	41	1	0	22	nested_a_in_b	nested_a_in_b	1-1	1-1	True	64	0.145	0.156	gain	FP	FP
chr9	41787455	41804276	16821	35	2	0	19	nested_a_in_b	nested_a_in_b	1-1	1-1	True	56	0.145	0.142	gain	FP	FP
chr9	41787852	41789594	1742	126	2	0	18	nested_a_in_b	nested_a_in_b	1-1	1-1	True	146	0.124	0.125	gain	FP	FP
chr9	41787852	41800201	12349	55	3	0	19	nested_a_in_b	nested_a_in_b	1-1	1-1	True	77	0.124	0.14	gain	FP	FP
chr9	41787852	41800600	12748	53	2	0	20	nested_a_in_b	nested_a_in_b	1-1	1-1	True	75	0.124	0.158	gain	FP	FP
chr9	41787852	41800900	13048	51	2	0	15	nested_a_in_b	nested_a_in_b	1-1	1-1	True	68	0.124	0.153	gain	FP	FP
chr9	41787852	41800945	13093	52	2	0	20	nested_a_in_b	nested_a_in_b	1-1	1-1	True	74	0.124	0.138	gain	FP	FP
chr9	41787852	41800968	13116	50	2	0	21	nested_a_in_b	nested_a_in_b	1-1	1-1	True	73	0.124	0.156	gain	FP	FP
chr9	41787852	41800991	13139	51	1	0	21	nested_a_in_b	nested_a_in_b	1-1	1-1	True	73	0.124	0.137	gain	FP	FP
chr9	41787852	41801692	13840	46	1	0	20	nested_a_in_b	nested_a_in_b	1-1	1-1	True	67	0.124	0.132	gain	FP	FP
chr9	41787852	41801701	13849	46	1	0	19	nested_a_in_b	nested_a_in_b	1-1	1-1	True	66	0.124	0.13	gain	FP	FP
chr9	41787852	41802249	14397	46	1	0	20	nested_a_in_b	nested_a_in_b	1-1	1-1	True	67	0.124	0.131	gain	FP	FP
chr9	41787852	41802280	14428	44	2	0	19	nested_a_in_b	nested_a_in_b	1-1	1-1	True	65	0.124	0.156	gain	FP	FP
chr9	41787852	41802377	14525	45	1	0	20	nested_a_in_b	nested_a_in_b	1-1	1-1	True	66	0.124	0.137	gain	FP	FP
chr9	41787852	41802547	14695	45	1	0	18	nested_a_in_b	nested_a_in_b	1-1	1-1	True	64	0.124	0.123	gain	FP	FP
chr9	41787852	41802627	14775	42	2	0	20	nested_a_in_b	nested_a_in_b	1-1	1-1	True	64	0.124	0.156	gain	FP	FP
chr9	41787852	41802757	14905	43	2	0	17	nested_a_in_b	nested_a_in_b	1-1	1-1	True	62	0.124	0.136	gain	FP	FP
chr9	41787852	41803018	15166	44	1	0	18	nested_a_in_b	nested_a_in_b	1-1	1-1	True	63	0.124	0.135	gain	FP	FP
chr9	41787852	41803150	15298	44	1	0	17	nested_a_in_b	nested_a_in_b	1-1	1-1	True	62	0.124	0.127	gain	FP	FP
chr9	41787852	41803328	15476	42	1	0	18	nested_a_in_b	nested_a_in_b	1-1	1-1	True	61	0.124	0.131	gain	FP	FP
chr9	41787852	41803710	15858	41	1	0	18	nested_a_in_b	nested_a_in_b	1-1	1-1	True	60	0.124	0.127	gain	FP	FP
chr9	41787852	41803728	15876	41	1	0	18	nested_a_in_b	nested_a_in_b	1-1	1-1	True	60	0.124	0.132	gain	FP	FP
chr9	41787852	41804016	16164	40	1	0	15	nested_a_in_b	nested_a_in_b	1-1	1-1	True	56	0.124	0.121	gain	FP	FP
chr9	41787852	41804276	16424	38	3	0	17	nested_a_in_b	nested_a_in_b	1-1	1-1	True	58	0.124	0.142	gain	FP	FP
chr9	41787852	41804318	16466	38	1	0	16	nested_a_in_b	nested_a_in_b	1-1	1-1	True	55	0.124	0.124	gain	FP	FP
chr9	41787852	41804336	16484	39	1	0	17	nested_a_in_b	nested_a_in_b	1-1	1-1	True	57	0.124	0.124	gain	FP	FP
chr9	41787852	41804355	16503	39	1	0	17	nested_a_in_b	nested_a_in_b	1-1	1-1	True	57	0.124	0.139	gain	FP	FP
chr9	41787852	41804488	16636	39	1	0	17	nested_a_in_b	nested_a_in_b	1-1	1-1	True	57	0.124	0.128	gain	FP	FP
chr9	41787852	41804521	16669	39	1	0	17	nested_a_in_b	nested_a_in_b	1-1	1-1	True	57	0.124	0.127	gain	FP	FP
chr9	41787852	41804532	16680	39	1	0	17	nested_a_in_b	nested_a_in_b	1-1	1-1	True	57	0.124	0.129	gain	FP	FP
chr9	41787852	41804580	16728	39	1	0	16	nested_a_in_b	nested_a_in_b	1-1	1-1	True	56	0.124	0.11	gain	FP	FP
chr9	41787852	41804669	16817	39	1	0	17	nested_a_in_b	nested_a_in_b	1-1	1-1	True	57	0.124	0.117	gain	FP	FP
chr9	41788031	41788301	270	146	1	0	24	nested_a_in_b	nested_a_in_b	1-1	1-1	True	171	0.142	0.143	gain	FP	FP
chr9	41788154	41802280	14126	45	1	0	22	nested_a_in_b	nested_a_in_b	1-1	1-1	True	68	0.168	0.156	gain	FP	FP
chr9	41788154	41802627	14473	43	1	0	23	nested_a_in_b	nested_a_in_b	1-1	1-1	True	67	0.168	0.156	gain	FP	FP
chr9	41788154	41802757	14603	44	1	0	19	nested_a_in_b	nested_a_in_b	1-1	1-1	True	64	0.168	0.136	gain	FP	FP
chr9	41788154	41804276	16122	39	2	0	19	nested_a_in_b	nested_a_in_b	1-1	1-1	True	60	0.168	0.142	gain	FP	FP
chr9	41788301	41789468	1167	137	1	0	23	nested_a_in_b	nested_a_in_b	1-1	1-1	True	161	0.143	0.133	gain	FP	FP
chr9	41788301	41800201	11900	55	2	0	21	nested_a_in_b	nested_a_in_b	1-1	1-1	True	78	0.143	0.14	gain	FP	FP
chr9	41788301	41800900	12599	50	1	0	17	nested_a_in_b	nested_a_in_b	1-1	1-1	True	68	0.143	0.153	gain	FP	FP
chr9	41788301	41802627	14326	42	1	0	22	nested_a_in_b	nested_a_in_b	1-1	1-1	True	65	0.143	0.156	gain	FP	FP
chr9	41788301	41802757	14456	43	1	0	19	nested_a_in_b	nested_a_in_b	1-1	1-1	True	63	0.143	0.136	gain	FP	FP
chr9	41788301	41804276	15975	38	2	0	18	nested_a_in_b	nested_a_in_b	1-1	1-1	True	58	0.143	0.142	gain	FP	FP
chr9	41788308	41788562	254	155	1	0	22	nested_a_in_b	nested_a_in_b	1-1	1-1	True	178	0.126	0.133	gain	FP	FP
chr9	41788308	41789468	1160	145	2	0	22	nested_a_in_b	nested_a_in_b	1-1	1-1	True	169	0.126	0.133	gain	FP	FP
chr9	41788308	41789512	1204	142	1	0	20	nested_a_in_b	nested_a_in_b	1-1	1-1	True	163	0.126	0.121	gain	FP	FP
chr9	41788308	41789576	1268	135	1	0	21	nested_a_in_b	nested_a_in_b	1-1	1-1	True	157	0.126	0.13	gain	FP	FP
chr9	41788308	41789594	1286	134	1	0	20	nested_a_in_b	nested_a_in_b	1-1	1-1	True	155	0.126	0.125	gain	FP	FP
chr9	41788308	41789728	1420	136	1	0	23	nested_a_in_b	nested_a_in_b	1-1	1-1	True	160	0.126	0.142	gain	FP	FP
chr9	41788308	41800201	11893	59	3	0	20	nested_a_in_b	nested_a_in_b	1-1	1-1	True	82	0.126	0.14	gain	FP	FP
chr9	41788308	41800600	12292	57	1	0	22	nested_a_in_b	nested_a_in_b	1-1	1-1	True	80	0.126	0.158	gain	FP	FP
chr9	41788308	41800900	12592	54	1	0	18	nested_a_in_b	nested_a_in_b	1-1	1-1	True	73	0.126	0.153	gain	FP	FP
chr9	41788308	41800945	12637	56	1	0	21	nested_a_in_b	nested_a_in_b	1-1	1-1	True	78	0.126	0.138	gain	FP	FP
chr9	41788308	41800968	12660	54	1	0	23	nested_a_in_b	nested_a_in_b	1-1	1-1	True	78	0.126	0.156	gain	FP	FP
chr9	41788308	41801692	13384	50	1	0	21	nested_a_in_b	nested_a_in_b	1-1	1-1	True	72	0.126	0.132	gain	FP	FP
chr9	41788308	41801701	13393	50	1	0	20	nested_a_in_b	nested_a_in_b	1-1	1-1	True	71	0.126	0.13	gain	FP	FP
chr9	41788308	41802249	13941	49	1	0	21	nested_a_in_b	nested_a_in_b	1-1	1-1	True	71	0.126	0.131	gain	FP	FP
chr9	41788308	41802280	13972	47	2	0	20	nested_a_in_b	nested_a_in_b	1-1	1-1	True	69	0.126	0.156	gain	FP	FP
chr9	41788308	41802377	14069	48	1	0	21	nested_a_in_b	nested_a_in_b	1-1	1-1	True	70	0.126	0.137	gain	FP	FP
chr9	41788308	41802512	14204	46	1	0	20	nested_a_in_b	nested_a_in_b	1-1	1-1	True	67	0.126	0.13	gain	FP	FP
chr9	41788308	41802610	14302	47	2	0	21	nested_a_in_b	nested_a_in_b	1-1	1-1	True	70	0.126	0.146	gain	FP	FP
chr9	41788308	41802627	14319	45	2	0	21	nested_a_in_b	nested_a_in_b	1-1	1-1	True	68	0.126	0.156	gain	FP	FP
chr9	41788308	41802757	14449	46	2	0	17	nested_a_in_b	nested_a_in_b	1-1	1-1	True	65	0.126	0.136	gain	FP	FP
chr9	41788308	41803018	14710	47	1	0	19	nested_a_in_b	nested_a_in_b	1-1	1-1	True	67	0.126	0.135	gain	FP	FP
chr9	41788308	41803150	14842	47	1	0	18	nested_a_in_b	nested_a_in_b	1-1	1-1	True	66	0.126	0.127	gain	FP	FP
chr9	41788308	41803328	15020	45	1	0	19	nested_a_in_b	nested_a_in_b	1-1	1-1	True	65	0.126	0.131	gain	FP	FP
chr9	41788308	41803710	15402	44	1	0	18	nested_a_in_b	nested_a_in_b	1-1	1-1	True	63	0.126	0.127	gain	FP	FP
chr9	41788308	41803728	15420	44	1	0	18	nested_a_in_b	nested_a_in_b	1-1	1-1	True	63	0.126	0.132	gain	FP	FP
chr9	41788308	41804276	15968	41	3	0	17	nested_a_in_b	nested_a_in_b	1-1	1-1	True	61	0.126	0.142	gain	FP	FP
chr9	41788308	41804318	16010	41	1	0	16	nested_a_in_b	nested_a_in_b	1-1	1-1	True	58	0.126	0.124	gain	FP	FP
chr9	41788308	41804336	16028	42	1	0	17	nested_a_in_b	nested_a_in_b	1-1	1-1	True	60	0.126	0.124	gain	FP	FP
chr9	41788308	41804355	16047	42	1	0	17	nested_a_in_b	nested_a_in_b	1-1	1-1	True	60	0.126	0.139	gain	FP	FP
chr9	41788308	41804488	16180	42	1	0	17	nested_a_in_b	nested_a_in_b	1-1	1-1	True	60	0.126	0.128	gain	FP	FP
chr9	41788308	41804521	16213	42	1	0	17	nested_a_in_b	nested_a_in_b	1-1	1-1	True	60	0.126	0.127	gain	FP	FP
chr9	41788308	41804532	16224	42	1	0	17	nested_a_in_b	nested_a_in_b	1-1	1-1	True	60	0.126	0.129	gain	FP	FP
chr9	41788308	41804669	16361	42	1	0	17	nested_a_in_b	nested_a_in_b	1-1	1-1	True	60	0.126	0.117	gain	FP	FP
chr9	41788547	41788562	15	155	1	0	21	nested_a_in_b	nested_a_in_b	1-1	1-1	True	177	0.124	0.133	gain	FP	FP
chr9	41788547	41789468	921	144	2	0	21	nested_a_in_b	nested_a_in_b	1-1	1-1	True	167	0.124	0.133	gain	FP	FP
chr9	41788547	41789512	965	141	1	0	19	nested_a_in_b	nested_a_in_b	1-1	1-1	True	161	0.124	0.121	gain	FP	FP
chr9	41788547	41789576	1029	134	1	0	21	nested_a_in_b	nested_a_in_b	1-1	1-1	True	156	0.124	0.13	gain	FP	FP
chr9	41788547	41789594	1047	133	1	0	20	nested_a_in_b	nested_a_in_b	1-1	1-1	True	154	0.124	0.125	gain	FP	FP
chr9	41788547	41789728	1181	135	1	0	22	nested_a_in_b	nested_a_in_b	1-1	1-1	True	158	0.124	0.142	gain	FP	FP
chr9	41788547	41800201	11654	59	3	0	20	nested_a_in_b	nested_a_in_b	1-1	1-1	True	82	0.124	0.14	gain	FP	FP
chr9	41788547	41800600	12053	57	1	0	21	nested_a_in_b	nested_a_in_b	1-1	1-1	True	79	0.124	0.158	gain	FP	FP
chr9	41788547	41800900	12353	54	1	0	16	nested_a_in_b	nested_a_in_b	1-1	1-1	True	71	0.124	0.153	gain	FP	FP
chr9	41788547	41800945	12398	56	1	0	20	nested_a_in_b	nested_a_in_b	1-1	1-1	True	77	0.124	0.138	gain	FP	FP
chr9	41788547	41800968	12421	54	1	0	22	nested_a_in_b	nested_a_in_b	1-1	1-1	True	77	0.124	0.156	gain	FP	FP
chr9	41788547	41801692	13145	50	1	0	20	nested_a_in_b	nested_a_in_b	1-1	1-1	True	71	0.124	0.132	gain	FP	FP
chr9	41788547	41801701	13154	50	1	0	19	nested_a_in_b	nested_a_in_b	1-1	1-1	True	70	0.124	0.13	gain	FP	FP
chr9	41788547	41802249	13702	49	1	0	20	nested_a_in_b	nested_a_in_b	1-1	1-1	True	70	0.124	0.131	gain	FP	FP
chr9	41788547	41802280	13733	47	2	0	19	nested_a_in_b	nested_a_in_b	1-1	1-1	True	68	0.124	0.156	gain	FP	FP
chr9	41788547	41802377	13830	48	1	0	20	nested_a_in_b	nested_a_in_b	1-1	1-1	True	69	0.124	0.137	gain	FP	FP
chr9	41788547	41802627	14080	45	2	0	20	nested_a_in_b	nested_a_in_b	1-1	1-1	True	67	0.124	0.156	gain	FP	FP
chr9	41788547	41802757	14210	46	2	0	17	nested_a_in_b	nested_a_in_b	1-1	1-1	True	65	0.124	0.136	gain	FP	FP
chr9	41788547	41803018	14471	47	1	0	18	nested_a_in_b	nested_a_in_b	1-1	1-1	True	66	0.124	0.135	gain	FP	FP
chr9	41788547	41803150	14603	47	1	0	17	nested_a_in_b	nested_a_in_b	1-1	1-1	True	65	0.124	0.127	gain	FP	FP
chr9	41788547	41803328	14781	45	1	0	18	nested_a_in_b	nested_a_in_b	1-1	1-1	True	64	0.124	0.131	gain	FP	FP
chr9	41788547	41803710	15163	44	1	0	17	nested_a_in_b	nested_a_in_b	1-1	1-1	True	62	0.124	0.127	gain	FP	FP
chr9	41788547	41803728	15181	44	1	0	17	nested_a_in_b	nested_a_in_b	1-1	1-1	True	62	0.124	0.132	gain	FP	FP
chr9	41788547	41804276	15729	41	3	0	16	nested_a_in_b	nested_a_in_b	1-1	1-1	True	60	0.124	0.142	gain	FP	FP
chr9	41788547	41804318	15771	41	1	0	15	nested_a_in_b	nested_a_in_b	1-1	1-1	True	57	0.124	0.124	gain	FP	FP
chr9	41788547	41804336	15789	42	1	0	16	nested_a_in_b	nested_a_in_b	1-1	1-1	True	59	0.124	0.124	gain	FP	FP
chr9	41788547	41804355	15808	42	1	0	16	nested_a_in_b	nested_a_in_b	1-1	1-1	True	59	0.124	0.139	gain	FP	FP
chr9	41788547	41804488	15941	42	1	0	16	nested_a_in_b	nested_a_in_b	1-1	1-1	True	59	0.124	0.128	gain	FP	FP
chr9	41788547	41804521	15974	42	1	0	16	nested_a_in_b	nested_a_in_b	1-1	1-1	True	59	0.124	0.127	gain	FP	FP
chr9	41788547	41804532	15985	42	1	0	16	nested_a_in_b	nested_a_in_b	1-1	1-1	True	59	0.124	0.129	gain	FP	FP
chr9	41788547	41804669	16122	42	1	0	16	nested_a_in_b	nested_a_in_b	1-1	1-1	True	59	0.124	0.117	gain	FP	FP
chr9	41788562	41789468	906	146	1	0	23	nested_a_in_b	nested_a_in_b	1-1	1-1	True	170	0.133	0.133	gain	FP	FP
chr9	41788562	41800201	11639	59	2	0	22	nested_a_in_b	nested_a_in_b	1-1	1-1	True	83	0.133	0.14	gain	FP	FP
chr9	41788562	41800900	12338	54	1	0	17	nested_a_in_b	nested_a_in_b	1-1	1-1	True	72	0.133	0.153	gain	FP	FP
chr9	41788562	41802280	13718	47	1	0	22	nested_a_in_b	nested_a_in_b	1-1	1-1	True	70	0.133	0.156	gain	FP	FP
chr9	41788562	41802627	14065	45	1	0	23	nested_a_in_b	nested_a_in_b	1-1	1-1	True	69	0.133	0.156	gain	FP	FP
chr9	41788562	41802757	14195	46	1	0	19	nested_a_in_b	nested_a_in_b	1-1	1-1	True	66	0.133	0.136	gain	FP	FP
chr9	41788562	41804276	15714	41	2	0	19	nested_a_in_b	nested_a_in_b	1-1	1-1	True	62	0.133	0.142	gain	FP	FP
chr9	41789347	41789410	63	154	1	0	23	nested_a_in_b	nested_a_in_b	1-1	1-1	True	178	0.126	0.131	gain	FP	FP
chr9	41789347	41789468	121	155	3	0	22	nested_a_in_b	nested_a_in_b	1-1	1-1	True	180	0.126	0.133	gain	FP	FP
chr9	41789347	41789512	165	152	2	0	20	nested_a_in_b	nested_a_in_b	1-1	1-1	True	174	0.126	0.121	gain	FP	FP
chr9	41789347	41789576	229	145	2	0	21	nested_a_in_b	nested_a_in_b	1-1	1-1	True	168	0.126	0.13	gain	FP	FP
chr9	41789347	41789594	247	144	2	0	20	nested_a_in_b	nested_a_in_b	1-1	1-1	True	166	0.126	0.125	gain	FP	FP
chr9	41789347	41789728	381	143	3	0	23	nested_a_in_b	nested_a_in_b	1-1	1-1	True	169	0.126	0.142	gain	FP	FP
chr9	41789347	41800201	10854	60	3	0	21	nested_a_in_b	nested_a_in_b	1-1	1-1	True	84	0.126	0.14	gain	FP	FP
chr9	41789347	41800600	11253	58	2	0	22	nested_a_in_b	nested_a_in_b	1-1	1-1	True	82	0.126	0.158	gain	FP	FP
chr9	41789347	41800900	11553	55	3	0	16	nested_a_in_b	nested_a_in_b	1-1	1-1	True	74	0.126	0.153	gain	FP	FP
chr9	41789347	41800945	11598	57	2	0	21	nested_a_in_b	nested_a_in_b	1-1	1-1	True	80	0.126	0.138	gain	FP	FP
chr9	41789347	41800968	11621	55	2	0	23	nested_a_in_b	nested_a_in_b	1-1	1-1	True	80	0.126	0.156	gain	FP	FP
chr9	41789347	41800991	11644	56	1	0	23	nested_a_in_b	nested_a_in_b	1-1	1-1	True	80	0.126	0.137	gain	FP	FP
chr9	41789347	41801692	12345	51	1	0	22	nested_a_in_b	nested_a_in_b	1-1	1-1	True	74	0.126	0.132	gain	FP	FP
chr9	41789347	41801701	12354	51	1	0	21	nested_a_in_b	nested_a_in_b	1-1	1-1	True	73	0.126	0.13	gain	FP	FP
chr9	41789347	41802249	12902	50	1	0	22	nested_a_in_b	nested_a_in_b	1-1	1-1	True	73	0.126	0.131	gain	FP	FP
chr9	41789347	41802280	12933	48	2	0	21	nested_a_in_b	nested_a_in_b	1-1	1-1	True	71	0.126	0.156	gain	FP	FP
chr9	41789347	41802377	13030	49	1	0	22	nested_a_in_b	nested_a_in_b	1-1	1-1	True	72	0.126	0.137	gain	FP	FP
chr9	41789347	41802627	13280	46	2	0	22	nested_a_in_b	nested_a_in_b	1-1	1-1	True	70	0.126	0.156	gain	FP	FP
chr9	41789347	41802757	13410	47	2	0	18	nested_a_in_b	nested_a_in_b	1-1	1-1	True	67	0.126	0.136	gain	FP	FP
chr9	41789347	41803018	13671	48	1	0	20	nested_a_in_b	nested_a_in_b	1-1	1-1	True	69	0.126	0.135	gain	FP	FP
chr9	41789347	41803150	13803	48	1	0	19	nested_a_in_b	nested_a_in_b	1-1	1-1	True	68	0.126	0.127	gain	FP	FP
chr9	41789347	41803328	13981	46	1	0	20	nested_a_in_b	nested_a_in_b	1-1	1-1	True	67	0.126	0.131	gain	FP	FP
chr9	41789347	41803710	14363	45	1	0	19	nested_a_in_b	nested_a_in_b	1-1	1-1	True	65	0.126	0.127	gain	FP	FP
chr9	41789347	41803728	14381	45	1	0	19	nested_a_in_b	nested_a_in_b	1-1	1-1	True	65	0.126	0.132	gain	FP	FP
chr9	41789347	41804276	14929	42	3	0	18	nested_a_in_b	nested_a_in_b	1-1	1-1	True	63	0.126	0.142	gain	FP	FP
chr9	41789347	41804318	14971	42	1	0	17	nested_a_in_b	nested_a_in_b	1-1	1-1	True	60	0.126	0.124	gain	FP	FP
chr9	41789347	41804336	14989	43	1	0	18	nested_a_in_b	nested_a_in_b	1-1	1-1	True	62	0.126	0.124	gain	FP	FP
chr9	41789347	41804355	15008	43	1	0	18	nested_a_in_b	nested_a_in_b	1-1	1-1	True	62	0.126	0.139	gain	FP	FP
chr9	41789347	41804488	15141	43	1	0	18	nested_a_in_b	nested_a_in_b	1-1	1-1	True	62	0.126	0.128	gain	FP	FP
chr9	41789347	41804521	15174	43	1	0	18	nested_a_in_b	nested_a_in_b	1-1	1-1	True	62	0.126	0.127	gain	FP	FP
chr9	41789347	41804532	15185	43	1	0	18	nested_a_in_b	nested_a_in_b	1-1	1-1	True	62	0.126	0.129	gain	FP	FP
chr9	41789347	41804669	15322	43	1	0	18	nested_a_in_b	nested_a_in_b	1-1	1-1	True	62	0.126	0.117	gain	FP	FP
chr9	41789410	41789468	58	157	2	0	23	nested_a_in_b	nested_a_in_b	1-1	1-1	True	182	0.131	0.133	gain	FP	FP
chr9	41789410	41789512	102	154	1	0	21	nested_a_in_b	nested_a_in_b	1-1	1-1	True	176	0.131	0.121	gain	FP	FP
chr9	41789410	41789576	166	147	1	0	22	nested_a_in_b	nested_a_in_b	1-1	1-1	True	170	0.131	0.13	gain	FP	FP
chr9	41789410	41789594	184	146	1	0	21	nested_a_in_b	nested_a_in_b	1-1	1-1	True	168	0.131	0.125	gain	FP	FP
chr9	41789410	41789728	318	146	2	0	24	nested_a_in_b	nested_a_in_b	1-1	1-1	True	172	0.131	0.142	gain	FP	FP
chr9	41789410	41800201	10791	60	2	0	22	nested_a_in_b	nested_a_in_b	1-1	1-1	True	84	0.131	0.14	gain	FP	FP
chr9	41789410	41800600	11190	58	1	0	23	nested_a_in_b	nested_a_in_b	1-1	1-1	True	82	0.131	0.158	gain	FP	FP
chr9	41789410	41800900	11490	55	2	0	17	nested_a_in_b	nested_a_in_b	1-1	1-1	True	74	0.131	0.153	gain	FP	FP
chr9	41789410	41800945	11535	57	1	0	22	nested_a_in_b	nested_a_in_b	1-1	1-1	True	80	0.131	0.138	gain	FP	FP
chr9	41789410	41800968	11558	55	1	0	24	nested_a_in_b	nested_a_in_b	1-1	1-1	True	80	0.131	0.156	gain	FP	FP
chr9	41789410	41802280	12870	48	1	0	22	nested_a_in_b	nested_a_in_b	1-1	1-1	True	71	0.131	0.156	gain	FP	FP
chr9	41789410	41802627	13217	46	1	0	23	nested_a_in_b	nested_a_in_b	1-1	1-1	True	70	0.131	0.156	gain	FP	FP
chr9	41789410	41802757	13347	47	1	0	19	nested_a_in_b	nested_a_in_b	1-1	1-1	True	67	0.131	0.136	gain	FP	FP
chr9	41789410	41804276	14866	42	2	0	19	nested_a_in_b	nested_a_in_b	1-1	1-1	True	63	0.131	0.142	gain	FP	FP
chr9	41789468	41800201	10733	61	2	0	21	nested_a_in_b	nested_a_in_b	1-1	1-1	True	84	0.133	0.14	gain	FP	FP
chr9	41789468	41800900	11432	56	1	0	17	nested_a_in_b	nested_a_in_b	1-1	1-1	True	74	0.133	0.153	gain	FP	FP
chr9	41789468	41802280	12812	49	1	0	21	nested_a_in_b	nested_a_in_b	1-1	1-1	True	71	0.133	0.156	gain	FP	FP
chr9	41789468	41802627	13159	47	1	0	22	nested_a_in_b	nested_a_in_b	1-1	1-1	True	70	0.133	0.156	gain	FP	FP
chr9	41789468	41802757	13289	48	1	0	18	nested_a_in_b	nested_a_in_b	1-1	1-1	True	67	0.133	0.136	gain	FP	FP
chr9	41789468	41804276	14808	42	3	0	18	nested_a_in_b	nested_a_in_b	1-1	1-1	True	63	0.133	0.142	gain	FP	FP
chr9	41789512	41789728	216	151	1	0	22	nested_a_in_b	nested_a_in_b	1-1	1-1	True	174	0.121	0.142	gain	FP	FP
chr9	41789512	41800201	10689	61	2	0	19	nested_a_in_b	nested_a_in_b	1-1	1-1	True	82	0.121	0.14	gain	FP	FP
chr9	41789512	41800900	11388	56	1	0	16	nested_a_in_b	nested_a_in_b	1-1	1-1	True	73	0.121	0.153	gain	FP	FP
chr9	41789512	41802280	12768	49	1	0	19	nested_a_in_b	nested_a_in_b	1-1	1-1	True	69	0.121	0.156	gain	FP	FP
chr9	41789512	41802627	13115	47	1	0	20	nested_a_in_b	nested_a_in_b	1-1	1-1	True	68	0.121	0.156	gain	FP	FP
chr9	41789512	41802757	13245	48	1	0	16	nested_a_in_b	nested_a_in_b	1-1	1-1	True	65	0.121	0.136	gain	FP	FP
chr9	41789512	41804276	14764	42	3	0	18	nested_a_in_b	nested_a_in_b	1-1	1-1	True	63	0.121	0.142	gain	FP	FP
chr9	41789576	41789728	152	149	1	0	23	nested_a_in_b	nested_a_in_b	1-1	1-1	True	173	0.13	0.142	gain	FP	FP
chr9	41789576	41800201	10625	61	2	0	20	nested_a_in_b	nested_a_in_b	1-1	1-1	True	83	0.13	0.14	gain	FP	FP
chr9	41789576	41800900	11324	57	1	0	16	nested_a_in_b	nested_a_in_b	1-1	1-1	True	74	0.13	0.153	gain	FP	FP
chr9	41789576	41800968	11392	56	1	0	23	nested_a_in_b	nested_a_in_b	1-1	1-1	True	80	0.13	0.156	gain	FP	FP
chr9	41789576	41802280	12704	50	1	0	20	nested_a_in_b	nested_a_in_b	1-1	1-1	True	71	0.13	0.156	gain	FP	FP
chr9	41789576	41802627	13051	48	1	0	21	nested_a_in_b	nested_a_in_b	1-1	1-1	True	70	0.13	0.156	gain	FP	FP
chr9	41789576	41802757	13181	49	1	0	19	nested_a_in_b	nested_a_in_b	1-1	1-1	True	69	0.13	0.136	gain	FP	FP
chr9	41789576	41804276	14700	43	3	0	18	nested_a_in_b	nested_a_in_b	1-1	1-1	True	64	0.13	0.142	gain	FP	FP
chr9	41789594	41789728	134	149	1	0	22	nested_a_in_b	nested_a_in_b	1-1	1-1	True	172	0.125	0.142	gain	FP	FP
chr9	41789594	41800201	10607	62	2	0	20	nested_a_in_b	nested_a_in_b	1-1	1-1	True	84	0.125	0.14	gain	FP	FP
chr9	41789594	41800900	11306	57	2	0	15	nested_a_in_b	nested_a_in_b	1-1	1-1	True	74	0.125	0.153	gain	FP	FP
chr9	41789594	41800968	11374	57	1	0	22	nested_a_in_b	nested_a_in_b	1-1	1-1	True	80	0.125	0.156	gain	FP	FP
chr9	41789594	41802280	12686	51	1	0	19	nested_a_in_b	nested_a_in_b	1-1	1-1	True	71	0.125	0.156	gain	FP	FP
chr9	41789594	41802627	13033	49	1	0	20	nested_a_in_b	nested_a_in_b	1-1	1-1	True	70	0.125	0.156	gain	FP	FP
chr9	41789594	41802757	13163	50	1	0	17	nested_a_in_b	nested_a_in_b	1-1	1-1	True	68	0.125	0.136	gain	FP	FP
chr9	41789594	41804276	14682	44	3	0	17	nested_a_in_b	nested_a_in_b	1-1	1-1	True	64	0.125	0.142	gain	FP	FP
chr9	41800163	41800201	38	171	6	0	22	nested_a_in_b	nested_a_in_b	1-1	1-1	True	199	0.134	0.14	gain	FP	FP
chr9	41800163	41800600	437	168	2	0	28	nested_a_in_b	nested_a_in_b	1-1	1-1	True	198	0.134	0.158	gain	FP	FP
chr9	41800163	41800900	737	158	7	0	21	nested_a_in_b	nested_a_in_b	1-1	1-1	True	186	0.134	0.153	gain	FP	FP
chr9	41800163	41800968	805	162	3	0	28	nested_a_in_b	nested_a_in_b	1-1	1-1	True	193	0.134	0.156	gain	FP	FP
chr9	41800163	41801692	1529	152	2	0	26	nested_a_in_b	nested_a_in_b	1-1	1-1	True	180	0.134	0.132	gain	FP	FP
chr9	41800163	41802249	2086	146	2	0	26	nested_a_in_b	nested_a_in_b	1-1	1-1	True	174	0.134	0.131	gain	FP	FP
chr9	41800163	41802280	2117	141	7	0	24	nested_a_in_b	nested_a_in_b	1-1	1-1	True	172	0.134	0.156	gain	FP	FP
chr9	41800163	41802377	2214	146	3	0	26	nested_a_in_b	nested_a_in_b	1-1	1-1	True	175	0.134	0.137	gain	FP	FP
chr9	41800163	41802627	2464	141	4	0	26	nested_a_in_b	nested_a_in_b	1-1	1-1	True	171	0.134	0.156	gain	FP	FP
chr9	41800163	41802757	2594	137	4	0	23	nested_a_in_b	nested_a_in_b	1-1	1-1	True	164	0.134	0.136	gain	FP	FP
chr9	41800163	41803018	2855	138	1	0	25	nested_a_in_b	nested_a_in_b	1-1	1-1	True	164	0.134	0.135	gain	FP	FP
chr9	41800163	41803150	2987	135	1	0	24	nested_a_in_b	nested_a_in_b	1-1	1-1	True	160	0.134	0.127	gain	FP	FP
chr9	41800163	41803728	3565	132	2	0	24	nested_a_in_b	nested_a_in_b	1-1	1-1	True	158	0.134	0.132	gain	FP	FP
chr9	41800163	41804276	4113	126	5	0	23	nested_a_in_b	nested_a_in_b	1-1	1-1	True	154	0.134	0.142	gain	FP	FP
chr9	41800163	41804318	4155	127	1	0	23	nested_a_in_b	nested_a_in_b	1-1	1-1	True	151	0.134	0.124	gain	FP	FP
chr9	41800163	41804336	4173	127	2	0	22	nested_a_in_b	nested_a_in_b	1-1	1-1	True	151	0.134	0.124	gain	FP	FP
chr9	41800163	41804355	4192	126	3	0	23	nested_a_in_b	nested_a_in_b	1-1	1-1	True	152	0.134	0.139	gain	FP	FP
chr9	41800163	41804488	4325	126	2	0	23	nested_a_in_b	nested_a_in_b	1-1	1-1	True	151	0.134	0.128	gain	FP	FP
chr9	41800163	41804521	4358	126	2	0	23	nested_a_in_b	nested_a_in_b	1-1	1-1	True	151	0.134	0.127	gain	FP	FP
chr9	41800163	41804532	4369	125	2	0	23	nested_a_in_b	nested_a_in_b	1-1	1-1	True	150	0.134	0.129	gain	FP	FP
chr9	41800945	41801701	756	159	1	0	24	nested_a_in_b	nested_a_in_b	1-1	1-1	True	184	0.138	0.13	gain	FP	FP
chr9	41800945	41802280	1335	149	4	0	25	nested_a_in_b	nested_a_in_b	1-1	1-1	True	178	0.138	0.156	gain	FP	FP
chr9	41800991	41801692	701	160	1	0	27	nested_a_in_b	nested_a_in_b	1-1	1-1	True	188	0.137	0.132	gain	FP	FP
chr9	41800991	41802249	1258	155	1	0	27	nested_a_in_b	nested_a_in_b	1-1	1-1	True	183	0.137	0.131	gain	FP	FP
chr9	41800991	41802280	1289	148	7	0	26	nested_a_in_b	nested_a_in_b	1-1	1-1	True	181	0.137	0.156	gain	FP	FP
chr9	41800991	41802377	1386	154	2	0	27	nested_a_in_b	nested_a_in_b	1-1	1-1	True	183	0.137	0.137	gain	FP	FP
chr9	41800991	41802627	1636	146	5	0	27	nested_a_in_b	nested_a_in_b	1-1	1-1	True	178	0.137	0.156	gain	FP	FP
chr9	41800991	41802757	1766	144	4	0	23	nested_a_in_b	nested_a_in_b	1-1	1-1	True	171	0.137	0.136	gain	FP	FP
chr9	41800991	41803018	2027	145	1	0	25	nested_a_in_b	nested_a_in_b	1-1	1-1	True	171	0.137	0.135	gain	FP	FP
chr9	41800991	41803150	2159	142	1	0	24	nested_a_in_b	nested_a_in_b	1-1	1-1	True	167	0.137	0.127	gain	FP	FP
chr9	41800991	41803328	2337	141	1	0	25	nested_a_in_b	nested_a_in_b	1-1	1-1	True	167	0.137	0.131	gain	FP	FP
chr9	41800991	41803728	2737	138	2	0	24	nested_a_in_b	nested_a_in_b	1-1	1-1	True	164	0.137	0.132	gain	FP	FP
chr9	41800991	41804276	3285	132	5	0	23	nested_a_in_b	nested_a_in_b	1-1	1-1	True	160	0.137	0.142	gain	FP	FP
chr9	41800991	41804318	3327	133	2	0	22	nested_a_in_b	nested_a_in_b	1-1	1-1	True	157	0.137	0.124	gain	FP	FP
chr9	41800991	41804336	3345	133	2	0	22	nested_a_in_b	nested_a_in_b	1-1	1-1	True	157	0.137	0.124	gain	FP	FP
chr9	41800991	41804355	3364	131	4	0	23	nested_a_in_b	nested_a_in_b	1-1	1-1	True	158	0.137	0.139	gain	FP	FP
chr9	41800991	41804488	3497	131	2	0	23	nested_a_in_b	nested_a_in_b	1-1	1-1	True	156	0.137	0.128	gain	FP	FP
chr9	41800991	41804521	3530	131	2	0	23	nested_a_in_b	nested_a_in_b	1-1	1-1	True	156	0.137	0.127	gain	FP	FP
chr9	41800991	41804532	3541	129	2	0	23	nested_a_in_b	nested_a_in_b	1-1	1-1	True	154	0.137	0.129	gain	FP	FP
chr9	41801129	41801692	563	166	2	0	26	nested_a_in_b	nested_a_in_b	1-1	1-1	True	194	0.139	0.132	gain	FP	FP
chr9	41801129	41801701	572	164	1	0	26	nested_a_in_b	nested_a_in_b	1-1	1-1	True	191	0.139	0.13	gain	FP	FP
chr9	41801129	41802249	1120	161	2	0	26	nested_a_in_b	nested_a_in_b	1-1	1-1	True	189	0.139	0.131	gain	FP	FP
chr9	41801129	41802280	1151	154	8	0	25	nested_a_in_b	nested_a_in_b	1-1	1-1	True	187	0.139	0.156	gain	FP	FP
chr9	41801129	41802377	1248	159	2	0	27	nested_a_in_b	nested_a_in_b	1-1	1-1	True	188	0.139	0.137	gain	FP	FP
chr9	41801129	41802627	1498	151	5	0	27	nested_a_in_b	nested_a_in_b	1-1	1-1	True	183	0.139	0.156	gain	FP	FP
chr9	41801129	41802757	1628	149	4	0	23	nested_a_in_b	nested_a_in_b	1-1	1-1	True	176	0.139	0.136	gain	FP	FP
chr9	41801129	41803150	2021	146	2	0	23	nested_a_in_b	nested_a_in_b	1-1	1-1	True	171	0.139	0.127	gain	FP	FP
chr9	41801129	41803728	2599	142	2	0	24	nested_a_in_b	nested_a_in_b	1-1	1-1	True	168	0.139	0.132	gain	FP	FP
chr9	41801129	41804276	3147	136	5	0	23	nested_a_in_b	nested_a_in_b	1-1	1-1	True	164	0.139	0.142	gain	FP	FP
chr9	41801129	41804318	3189	137	2	0	22	nested_a_in_b	nested_a_in_b	1-1	1-1	True	161	0.139	0.124	gain	FP	FP
chr9	41801129	41804336	3207	137	1	0	23	nested_a_in_b	nested_a_in_b	1-1	1-1	True	161	0.139	0.124	gain	FP	FP
chr9	41801129	41804355	3226	136	3	0	23	nested_a_in_b	nested_a_in_b	1-1	1-1	True	162	0.139	0.139	gain	FP	FP
chr9	41801129	41804488	3359	134	2	0	23	nested_a_in_b	nested_a_in_b	1-1	1-1	True	159	0.139	0.128	gain	FP	FP
chr9	41801129	41804521	3392	134	2	0	23	nested_a_in_b	nested_a_in_b	1-1	1-1	True	159	0.139	0.127	gain	FP	FP
chr9	41801129	41804532	3403	132	2	0	23	nested_a_in_b	nested_a_in_b	1-1	1-1	True	157	0.139	0.129	gain	FP	FP
chr9	41801129	41804669	3540	134	1	0	23	nested_a_in_b	nested_a_in_b	1-1	1-1	True	158	0.139	0.117	gain	FP	FP
chr9	41801288	41801692	404	172	2	0	26	nested_a_in_b	nested_a_in_b	1-1	1-1	True	200	0.137	0.132	gain	FP	FP
chr9	41801288	41801701	413	169	1	0	26	nested_a_in_b	nested_a_in_b	1-1	1-1	True	196	0.137	0.13	gain	FP	FP
chr9	41801288	41802249	961	165	2	0	26	nested_a_in_b	nested_a_in_b	1-1	1-1	True	193	0.137	0.131	gain	FP	FP
chr9	41801288	41802280	992	159	7	0	25	nested_a_in_b	nested_a_in_b	1-1	1-1	True	191	0.137	0.156	gain	FP	FP
chr9	41801288	41802377	1089	163	2	0	27	nested_a_in_b	nested_a_in_b	1-1	1-1	True	192	0.137	0.137	gain	FP	FP
chr9	41801288	41802627	1339	155	5	0	27	nested_a_in_b	nested_a_in_b	1-1	1-1	True	187	0.137	0.156	gain	FP	FP
chr9	41801288	41802757	1469	153	4	0	23	nested_a_in_b	nested_a_in_b	1-1	1-1	True	180	0.137	0.136	gain	FP	FP
chr9	41801288	41803150	1862	150	2	0	23	nested_a_in_b	nested_a_in_b	1-1	1-1	True	175	0.137	0.127	gain	FP	FP
chr9	41801288	41803728	2440	146	2	0	24	nested_a_in_b	nested_a_in_b	1-1	1-1	True	172	0.137	0.132	gain	FP	FP
chr9	41801288	41804276	2988	140	5	0	23	nested_a_in_b	nested_a_in_b	1-1	1-1	True	168	0.137	0.142	gain	FP	FP
chr9	41801288	41804318	3030	141	2	0	22	nested_a_in_b	nested_a_in_b	1-1	1-1	True	165	0.137	0.124	gain	FP	FP
chr9	41801288	41804336	3048	141	1	0	23	nested_a_in_b	nested_a_in_b	1-1	1-1	True	165	0.137	0.124	gain	FP	FP
chr9	41801288	41804355	3067	139	4	0	23	nested_a_in_b	nested_a_in_b	1-1	1-1	True	166	0.137	0.139	gain	FP	FP
chr9	41801288	41804488	3200	138	2	0	23	nested_a_in_b	nested_a_in_b	1-1	1-1	True	163	0.137	0.128	gain	FP	FP
chr9	41801288	41804521	3233	138	2	0	23	nested_a_in_b	nested_a_in_b	1-1	1-1	True	163	0.137	0.127	gain	FP	FP
chr9	41801288	41804532	3244	136	2	0	23	nested_a_in_b	nested_a_in_b	1-1	1-1	True	161	0.137	0.129	gain	FP	FP
chr9	41801288	41804669	3381	138	1	0	23	nested_a_in_b	nested_a_in_b	1-1	1-1	True	162	0.137	0.117	gain	FP	FP
chr9	41801692	41802280	588	170	5	0	26	nested_a_in_b	nested_a_in_b	1-1	1-1	True	201	0.132	0.156	gain	FP	FP
chr9	41801692	41802627	935	164	2	0	28	nested_a_in_b	nested_a_in_b	1-1	1-1	True	194	0.132	0.156	gain	FP	FP
chr9	41801692	41802757	1065	159	2	0	24	nested_a_in_b	nested_a_in_b	1-1	1-1	True	185	0.132	0.136	gain	FP	FP
chr9	41801692	41804276	2584	145	3	0	24	nested_a_in_b	nested_a_in_b	1-1	1-1	True	172	0.132	0.142	gain	FP	FP
chr9	41801692	41804355	2663	144	2	0	24	nested_a_in_b	nested_a_in_b	1-1	1-1	True	170	0.132	0.139	gain	FP	FP
chr9	41801701	41802249	548	173	1	0	26	nested_a_in_b	nested_a_in_b	1-1	1-1	True	200	0.13	0.131	gain	FP	FP
chr9	41801701	41802280	579	168	5	0	25	nested_a_in_b	nested_a_in_b	1-1	1-1	True	198	0.13	0.156	gain	FP	FP
chr9	41801701	41802377	676	170	1	0	27	nested_a_in_b	nested_a_in_b	1-1	1-1	True	198	0.13	0.137	gain	FP	FP
chr9	41801701	41802627	926	162	2	0	27	nested_a_in_b	nested_a_in_b	1-1	1-1	True	191	0.13	0.156	gain	FP	FP
chr9	41801701	41802757	1056	156	3	0	23	nested_a_in_b	nested_a_in_b	1-1	1-1	True	182	0.13	0.136	gain	FP	FP
chr9	41801701	41803150	1449	154	1	0	24	nested_a_in_b	nested_a_in_b	1-1	1-1	True	179	0.13	0.127	gain	FP	FP
chr9	41801701	41803728	2027	149	1	0	24	nested_a_in_b	nested_a_in_b	1-1	1-1	True	174	0.13	0.132	gain	FP	FP
chr9	41801701	41804276	2575	142	4	0	23	nested_a_in_b	nested_a_in_b	1-1	1-1	True	169	0.13	0.142	gain	FP	FP
chr9	41801701	41804318	2617	143	1	0	22	nested_a_in_b	nested_a_in_b	1-1	1-1	True	166	0.13	0.124	gain	FP	FP
chr9	41801701	41804355	2654	141	3	0	23	nested_a_in_b	nested_a_in_b	1-1	1-1	True	167	0.13	0.139	gain	FP	FP
chr9	41801701	41804488	2787	140	1	0	23	nested_a_in_b	nested_a_in_b	1-1	1-1	True	164	0.13	0.128	gain	FP	FP
chr9	41801701	41804521	2820	140	1	0	23	nested_a_in_b	nested_a_in_b	1-1	1-1	True	164	0.13	0.127	gain	FP	FP
chr9	41801701	41804532	2831	139	1	0	23	nested_a_in_b	nested_a_in_b	1-1	1-1	True	163	0.13	0.129	gain	FP	FP
chr9	41802059	41802377	318	176	1	0	24	nested_a_in_b	nested_a_in_b	1-1	1-1	True	201	0.12	0.137	gain	FP	FP
chr9	41802059	41802627	568	166	4	0	24	nested_a_in_b	nested_a_in_b	1-1	1-1	True	194	0.12	0.156	gain	FP	FP
chr9	41802059	41802757	698	162	3	0	21	nested_a_in_b	nested_a_in_b	1-1	1-1	True	186	0.12	0.136	gain	FP	FP
chr9	41802059	41802977	918	160	2	0	23	nested_a_in_b	nested_a_in_b	1-1	1-1	True	185	0.12	0.139	gain	FP	FP
chr9	41802059	41803018	959	162	1	0	23	nested_a_in_b	nested_a_in_b	1-1	1-1	True	186	0.12	0.135	gain	FP	FP
chr9	41802059	41803150	1091	159	1	0	22	nested_a_in_b	nested_a_in_b	1-1	1-1	True	182	0.12	0.127	gain	FP	FP
chr9	41802059	41803728	1669	154	1	0	22	nested_a_in_b	nested_a_in_b	1-1	1-1	True	177	0.12	0.132	gain	FP	FP
chr9	41802059	41804276	2217	146	4	0	21	nested_a_in_b	nested_a_in_b	1-1	1-1	True	171	0.12	0.142	gain	FP	FP
chr9	41802059	41804318	2259	147	1	0	20	nested_a_in_b	nested_a_in_b	1-1	1-1	True	168	0.12	0.124	gain	FP	FP
chr9	41802059	41804336	2277	147	1	0	21	nested_a_in_b	nested_a_in_b	1-1	1-1	True	169	0.12	0.124	gain	FP	FP
chr9	41802059	41804355	2296	145	3	0	21	nested_a_in_b	nested_a_in_b	1-1	1-1	True	169	0.12	0.139	gain	FP	FP
chr9	41802059	41804488	2429	144	1	0	21	nested_a_in_b	nested_a_in_b	1-1	1-1	True	166	0.12	0.128	gain	FP	FP
chr9	41802059	41804521	2462	144	1	0	21	nested_a_in_b	nested_a_in_b	1-1	1-1	True	166	0.12	0.127	gain	FP	FP
chr9	41802059	41804532	2473	142	1	0	21	nested_a_in_b	nested_a_in_b	1-1	1-1	True	164	0.12	0.129	gain	FP	FP
chr9	41802059	41804669	2610	143	1	0	21	nested_a_in_b	nested_a_in_b	1-1	1-1	True	165	0.12	0.117	gain	FP	FP
chr9	41802249	41802280	31	176	6	0	26	nested_a_in_b	nested_a_in_b	1-1	1-1	True	208	0.131	0.156	gain	FP	FP
chr9	41802249	41802627	378	169	3	0	28	nested_a_in_b	nested_a_in_b	1-1	1-1	True	200	0.131	0.156	gain	FP	FP
chr9	41802249	41802757	508	165	2	0	24	nested_a_in_b	nested_a_in_b	1-1	1-1	True	191	0.131	0.136	gain	FP	FP
chr9	41802249	41804276	2027	147	3	0	24	nested_a_in_b	nested_a_in_b	1-1	1-1	True	174	0.131	0.142	gain	FP	FP
chr9	41802249	41804355	2106	146	2	0	24	nested_a_in_b	nested_a_in_b	1-1	1-1	True	172	0.131	0.139	gain	FP	FP
chr9	41802377	41802627	250	173	3	0	29	nested_a_in_b	nested_a_in_b	1-1	1-1	True	205	0.137	0.156	gain	FP	FP
chr9	41802377	41802757	380	169	2	0	25	nested_a_in_b	nested_a_in_b	1-1	1-1	True	196	0.137	0.136	gain	FP	FP
chr9	41802377	41804276	1899	151	3	0	25	nested_a_in_b	nested_a_in_b	1-1	1-1	True	179	0.137	0.142	gain	FP	FP
chr9	41802377	41804355	1978	150	2	0	25	nested_a_in_b	nested_a_in_b	1-1	1-1	True	177	0.137	0.139	gain	FP	FP
chr9	41802466	41802512	46	178	2	0	25	nested_a_in_b	nested_a_in_b	1-1	1-1	True	205	0.127	0.13	gain	FP	FP
chr9	41802466	41802610	144	179	4	0	27	nested_a_in_b	nested_a_in_b	1-1	1-1	True	210	0.127	0.146	gain	FP	FP
chr9	41802466	41802627	161	175	6	0	27	nested_a_in_b	nested_a_in_b	1-1	1-1	True	208	0.127	0.156	gain	FP	FP
chr9	41802466	41802757	291	171	5	0	23	nested_a_in_b	nested_a_in_b	1-1	1-1	True	199	0.127	0.136	gain	FP	FP
chr9	41802466	41803150	684	167	3	0	23	nested_a_in_b	nested_a_in_b	1-1	1-1	True	193	0.127	0.127	gain	FP	FP
chr9	41802466	41803728	1262	162	3	0	24	nested_a_in_b	nested_a_in_b	1-1	1-1	True	189	0.127	0.132	gain	FP	FP
chr9	41802466	41804276	1810	153	6	0	23	nested_a_in_b	nested_a_in_b	1-1	1-1	True	182	0.127	0.142	gain	FP	FP
chr9	41802466	41804318	1852	154	3	0	22	nested_a_in_b	nested_a_in_b	1-1	1-1	True	179	0.127	0.124	gain	FP	FP
chr9	41802466	41804336	1870	154	3	0	22	nested_a_in_b	nested_a_in_b	1-1	1-1	True	179	0.127	0.124	gain	FP	FP
chr9	41802466	41804355	1889	152	5	0	23	nested_a_in_b	nested_a_in_b	1-1	1-1	True	180	0.127	0.139	gain	FP	FP
chr9	41802466	41804488	2022	151	3	0	23	nested_a_in_b	nested_a_in_b	1-1	1-1	True	177	0.127	0.128	gain	FP	FP
chr9	41802466	41804521	2055	150	3	0	23	nested_a_in_b	nested_a_in_b	1-1	1-1	True	176	0.127	0.127	gain	FP	FP
chr9	41802466	41804532	2066	148	3	0	23	nested_a_in_b	nested_a_in_b	1-1	1-1	True	174	0.127	0.129	gain	FP	FP
chr9	41802512	41802610	98	177	2	0	27	nested_a_in_b	nested_a_in_b	1-1	1-1	True	206	0.13	0.146	gain	FP	FP
chr9	41802512	41802627	115	173	4	0	27	nested_a_in_b	nested_a_in_b	1-1	1-1	True	204	0.13	0.156	gain	FP	FP
chr9	41802512	41802757	245	170	2	0	24	nested_a_in_b	nested_a_in_b	1-1	1-1	True	196	0.13	0.136	gain	FP	FP
chr9	41802512	41803150	638	165	1	0	23	nested_a_in_b	nested_a_in_b	1-1	1-1	True	189	0.13	0.127	gain	FP	FP
chr9	41802512	41803728	1216	161	1	0	24	nested_a_in_b	nested_a_in_b	1-1	1-1	True	186	0.13	0.132	gain	FP	FP
chr9	41802512	41804016	1504	156	2	0	21	nested_a_in_b	nested_a_in_b	1-1	1-1	True	179	0.13	0.121	gain	FP	FP
chr9	41802512	41804276	1764	152	4	0	23	nested_a_in_b	nested_a_in_b	1-1	1-1	True	179	0.13	0.142	gain	FP	FP
chr9	41802512	41804318	1806	153	1	0	22	nested_a_in_b	nested_a_in_b	1-1	1-1	True	176	0.13	0.124	gain	FP	FP
chr9	41802512	41804336	1824	153	1	0	23	nested_a_in_b	nested_a_in_b	1-1	1-1	True	177	0.13	0.124	gain	FP	FP
chr9	41802512	41804355	1843	152	2	0	23	nested_a_in_b	nested_a_in_b	1-1	1-1	True	177	0.13	0.139	gain	FP	FP
chr9	41802512	41804488	1976	150	1	0	23	nested_a_in_b	nested_a_in_b	1-1	1-1	True	174	0.13	0.128	gain	FP	FP
chr9	41802512	41804521	2009	149	1	0	23	nested_a_in_b	nested_a_in_b	1-1	1-1	True	173	0.13	0.127	gain	FP	FP
chr9	41802512	41804532	2020	147	1	0	23	nested_a_in_b	nested_a_in_b	1-1	1-1	True	171	0.13	0.129	gain	FP	FP
chr9	41802512	41804580	2068	149	1	0	20	nested_a_in_b	nested_a_in_b	1-1	1-1	True	170	0.13	0.11	gain	FP	FP
chr9	41802512	41804669	2157	149	1	0	22	nested_a_in_b	nested_a_in_b	1-1	1-1	True	172	0.13	0.117	gain	FP	FP
chr9	41802547	41802610	63	180	4	0	26	nested_a_in_b	nested_a_in_b	1-1	1-1	True	210	0.123	0.146	gain	FP	FP
chr9	41802547	41802627	80	177	5	0	26	nested_a_in_b	nested_a_in_b	1-1	1-1	True	208	0.123	0.156	gain	FP	FP
chr9	41802547	41802757	210	173	4	0	23	nested_a_in_b	nested_a_in_b	1-1	1-1	True	200	0.123	0.136	gain	FP	FP
chr9	41802547	41803018	471	173	1	0	25	nested_a_in_b	nested_a_in_b	1-1	1-1	True	199	0.123	0.135	gain	FP	FP
chr9	41802547	41803150	603	169	1	0	24	nested_a_in_b	nested_a_in_b	1-1	1-1	True	194	0.123	0.127	gain	FP	FP
chr9	41802547	41803728	1181	164	1	0	25	nested_a_in_b	nested_a_in_b	1-1	1-1	True	190	0.123	0.132	gain	FP	FP
chr9	41802547	41804276	1729	155	4	0	24	nested_a_in_b	nested_a_in_b	1-1	1-1	True	183	0.123	0.142	gain	FP	FP
chr9	41802547	41804318	1771	156	1	0	23	nested_a_in_b	nested_a_in_b	1-1	1-1	True	180	0.123	0.124	gain	FP	FP
chr9	41802547	41804336	1789	156	1	0	23	nested_a_in_b	nested_a_in_b	1-1	1-1	True	180	0.123	0.124	gain	FP	FP
chr9	41802547	41804355	1808	154	3	0	24	nested_a_in_b	nested_a_in_b	1-1	1-1	True	181	0.123	0.139	gain	FP	FP
chr9	41802547	41804488	1941	153	1	0	24	nested_a_in_b	nested_a_in_b	1-1	1-1	True	178	0.123	0.128	gain	FP	FP
chr9	41802547	41804521	1974	152	1	0	24	nested_a_in_b	nested_a_in_b	1-1	1-1	True	177	0.123	0.127	gain	FP	FP
chr9	41802547	41804532	1985	150	1	0	24	nested_a_in_b	nested_a_in_b	1-1	1-1	True	175	0.123	0.129	gain	FP	FP
chr9	41803018	41803728	710	168	1	0	26	nested_a_in_b	nested_a_in_b	1-1	1-1	True	195	0.135	0.132	gain	FP	FP
chr9	41803018	41804276	1258	159	3	0	25	nested_a_in_b	nested_a_in_b	1-1	1-1	True	187	0.135	0.142	gain	FP	FP
chr9	41803018	41804318	1300	159	1	0	24	nested_a_in_b	nested_a_in_b	1-1	1-1	True	184	0.135	0.124	gain	FP	FP
chr9	41803018	41804336	1318	159	1	0	24	nested_a_in_b	nested_a_in_b	1-1	1-1	True	184	0.135	0.124	gain	FP	FP
chr9	41803018	41804355	1337	157	3	0	25	nested_a_in_b	nested_a_in_b	1-1	1-1	True	185	0.135	0.139	gain	FP	FP
chr9	41803018	41804488	1470	156	1	0	25	nested_a_in_b	nested_a_in_b	1-1	1-1	True	182	0.135	0.128	gain	FP	FP
chr9	41803018	41804521	1503	155	1	0	25	nested_a_in_b	nested_a_in_b	1-1	1-1	True	181	0.135	0.127	gain	FP	FP
chr9	41803018	41804532	1514	153	1	0	25	nested_a_in_b	nested_a_in_b	1-1	1-1	True	179	0.135	0.129	gain	FP	FP
chr9	41803150	41804276	1126	159	3	0	24	nested_a_in_b	nested_a_in_b	1-1	1-1	True	186	0.127	0.142	gain	FP	FP
chr9	41803150	41804355	1205	158	2	0	24	nested_a_in_b	nested_a_in_b	1-1	1-1	True	184	0.127	0.139	gain	FP	FP
chr9	41803151	41803728	577	165	2	0	25	nested_a_in_b	nested_a_in_b	1-1	1-1	True	192	0.13	0.132	gain	FP	FP
chr9	41803151	41804276	1125	154	5	0	24	nested_a_in_b	nested_a_in_b	1-1	1-1	True	183	0.13	0.142	gain	FP	FP
chr9	41803151	41804318	1167	155	2	0	23	nested_a_in_b	nested_a_in_b	1-1	1-1	True	180	0.13	0.124	gain	FP	FP
chr9	41803151	41804336	1185	155	2	0	23	nested_a_in_b	nested_a_in_b	1-1	1-1	True	180	0.13	0.124	gain	FP	FP
chr9	41803151	41804355	1204	153	4	0	24	nested_a_in_b	nested_a_in_b	1-1	1-1	True	181	0.13	0.139	gain	FP	FP
chr9	41803151	41804488	1337	152	2	0	24	nested_a_in_b	nested_a_in_b	1-1	1-1	True	178	0.13	0.128	gain	FP	FP
chr9	41803151	41804521	1370	151	2	0	24	nested_a_in_b	nested_a_in_b	1-1	1-1	True	177	0.13	0.127	gain	FP	FP
chr9	41803151	41804532	1381	149	2	0	24	nested_a_in_b	nested_a_in_b	1-1	1-1	True	175	0.13	0.129	gain	FP	FP
chr9	41803328	41803728	400	173	1	0	26	nested_a_in_b	nested_a_in_b	1-1	1-1	True	200	0.131	0.132	gain	FP	FP
chr9	41803328	41804276	948	160	4	0	25	nested_a_in_b	nested_a_in_b	1-1	1-1	True	189	0.131	0.142	gain	FP	FP
chr9	41803328	41804318	990	161	1	0	24	nested_a_in_b	nested_a_in_b	1-1	1-1	True	186	0.131	0.124	gain	FP	FP
chr9	41803328	41804336	1008	161	1	0	24	nested_a_in_b	nested_a_in_b	1-1	1-1	True	186	0.131	0.124	gain	FP	FP
chr9	41803328	41804355	1027	159	3	0	25	nested_a_in_b	nested_a_in_b	1-1	1-1	True	187	0.131	0.139	gain	FP	FP
chr9	41803328	41804488	1160	158	1	0	25	nested_a_in_b	nested_a_in_b	1-1	1-1	True	184	0.131	0.128	gain	FP	FP
chr9	41803328	41804521	1193	157	1	0	25	nested_a_in_b	nested_a_in_b	1-1	1-1	True	183	0.131	0.127	gain	FP	FP
chr9	41803328	41804532	1204	155	1	0	25	nested_a_in_b	nested_a_in_b	1-1	1-1	True	181	0.131	0.129	gain	FP	FP
chr9	41803710	41803728	18	178	1	0	26	nested_a_in_b	nested_a_in_b	1-1	1-1	True	205	0.127	0.132	gain	FP	FP
chr9	41803710	41804276	566	164	4	0	25	nested_a_in_b	nested_a_in_b	1-1	1-1	True	193	0.127	0.142	gain	FP	FP
chr9	41803710	41804318	608	165	1	0	24	nested_a_in_b	nested_a_in_b	1-1	1-1	True	190	0.127	0.124	gain	FP	FP
chr9	41803710	41804336	626	165	1	0	24	nested_a_in_b	nested_a_in_b	1-1	1-1	True	190	0.127	0.124	gain	FP	FP
chr9	41803710	41804355	645	163	3	0	25	nested_a_in_b	nested_a_in_b	1-1	1-1	True	191	0.127	0.139	gain	FP	FP
chr9	41803710	41804488	778	162	1	0	25	nested_a_in_b	nested_a_in_b	1-1	1-1	True	188	0.127	0.128	gain	FP	FP
chr9	41803710	41804521	811	161	1	0	25	nested_a_in_b	nested_a_in_b	1-1	1-1	True	187	0.127	0.127	gain	FP	FP
chr9	41803710	41804532	822	159	1	0	25	nested_a_in_b	nested_a_in_b	1-1	1-1	True	185	0.127	0.129	gain	FP	FP
chr9	41803728	41804276	548	164	3	0	26	nested_a_in_b	nested_a_in_b	1-1	1-1	True	193	0.132	0.142	gain	FP	FP
chr9	41803728	41804355	627	163	2	0	26	nested_a_in_b	nested_a_in_b	1-1	1-1	True	191	0.132	0.139	gain	FP	FP
chr9	41804318	41804355	37	173	2	0	25	nested_a_in_b	nested_a_in_b	1-1	1-1	True	200	0.124	0.139	gain	FP	FP
chr9	41804336	41804355	19	174	2	0	25	nested_a_in_b	nested_a_in_b	1-1	1-1	True	201	0.124	0.139	gain	FP	FP
chr9	61584302	61584349	47	51	1	0	9	nested_a_in_b	nested_a_in_b	1-1	1-1	True	61	0.148	0.164	gain	FP	FP
chr9	61584302	61584528	226	49	1	0	9	nested_a_in_b	nested_a_in_b	1-1	1-1	True	59	0.148	0.177	gain	FP	FP
chr9	61584302	61584684	382	46	1	0	9	nested_a_in_b	nested_a_in_b	1-1	1-1	True	56	0.148	0.2	gain	FP	FP
chr9	61584302	61584960	658	46	1	0	9	nested_a_in_b	nested_a_in_b	1-1	1-1	True	56	0.148	0.2	gain	FP	FP
chr9	61584302	61584973	671	45	1	0	9	nested_a_in_b	nested_a_in_b	1-1	1-1	True	55	0.148	0.2	gain	FP	FP
chr9	61584302	61611166	26864	9	1	0	1	sparse	nested_a_in_b	1-1	1-1	True	11	0.148	0.175	gain	FP	FP
chr9	61584349	61584960	611	46	1	0	9	nested_a_in_b	nested_a_in_b	1-1	1-1	True	56	0.164	0.2	gain	FP	FP
chr9	61584349	61611166	26817	9	1	0	1	sparse	nested_a_in_b	1-1	1-1	True	11	0.164	0.175	gain	FP	FP
chr9	61584528	61584960	432	48	1	0	10	nested_a_in_b	nested_a_in_b	1-1	1-1	True	59	0.177	0.2	gain	FP	FP
chr9	61584528	61611166	26638	9	1	0	1	sparse	nested_a_in_b	1-1	1-1	True	11	0.177	0.175	gain	FP	FP
chr9	61584684	61584960	276	47	1	0	11	nested_a_in_b	nested_a_in_b	1-1	1-1	True	59	0.2	0.2	gain	FP	FP
chr9	61584684	61611166	26482	9	1	0	1	sparse	nested_a_in_b	1-1	1-1	True	11	0.2	0.175	gain	FP	FP
chr9	61584960	61611166	26206	9	1	0	1	sparse	nested_a_in_b	1-1	1-1	True	11	0.2	0.175	gain	FP	FP
chr9	61584973	61611166	26193	9	1	0	1	sparse	nested_a_in_b	1-1	1-1	True	11	0.2	0.175	gain	FP	FP
chr9	61608603	61611166	2563	40	2	0	9	nested_a_in_b	nested_a_in_b	1-1	1-1	True	51	0.2	0.175	gain	FP	FP
chr9	61609185	61611166	1981	40	2	0	9	nested_a_in_b	nested_a_in_b	1-1	1-1	True	51	0.197	0.175	gain	FP	FP
chr9	61609345	61611166	1821	41	2	0	9	nested_a_in_b	nested_a_in_b	1-1	1-1	True	52	0.194	0.175	gain	FP	FP
chr9	61609395	61609794	399	50	1	0	10	nested_a_in_b	nested_a_in_b	1-1	1-1	True	61	0.156	0.203	gain	FP	FP
chr9	61609395	61611166	1771	42	2	0	9	nested_a_in_b	nested_a_in_b	1-1	1-1	True	53	0.156	0.175	gain	FP	FP
chr9	61609569	61609794	225	50	1	0	11	nested_a_in_b	nested_a_in_b	1-1	1-1	True	62	0.175	0.203	gain	FP	FP
chr9	61609569	61610295	726	47	1	0	10	nested_a_in_b	nested_a_in_b	1-1	1-1	True	58	0.175	0.185	gain	FP	FP
chr9	61609569	61610464	895	43	1	0	10	nested_a_in_b	nested_a_in_b	1-1	1-1	True	54	0.175	0.197	gain	FP	FP
chr9	61609569	61611156	1587	44	1	0	9	nested_a_in_b	nested_a_in_b	1-1	1-1	True	54	0.175	0.169	gain	FP	FP
chr9	61609569	61611166	1597	42	3	0	7	nested_a_in_b	nested_a_in_b	1-1	1-1	True	52	0.175	0.175	gain	FP	FP
chr9	61609569	61611452	1883	43	1	0	8	nested_a_in_b	nested_a_in_b	1-1	1-1	True	52	0.175	0.156	gain	FP	FP
chr9	61609794	61611166	1372	43	2	0	9	nested_a_in_b	nested_a_in_b	1-1	1-1	True	54	0.203	0.175	gain	FP	FP
chr9	61610295	61611166	871	48	2	0	9	nested_a_in_b	nested_a_in_b	1-1	1-1	True	59	0.185	0.175	gain	FP	FP
chr9	61611156	61611166	10	52	2	0	9	nested_a_in_b	nested_a_in_b	1-1	1-1	True	63	0.169	0.175	gain	FP	FP
chr9	61611316	61611452	136	54	1	0	9	nested_a_in_b	nested_a_in_b	1-1	1-1	True	64	0.141	0.156	gain	FP	FP
chr9	61611316	61611568	252	52	1	0	7	nested_a_in_b	nested_a_in_b	1-1	1-1	True	60	0.141	0.133	gain	FP	FP
chr9	65391039	65417260	26221	1	6	0	1	mutual_excl	nested_a_in_b	2-1	2-1	True	8	0.259	0.688	gain	TP	TP
chr9	70800880	70814325	13445	23	1	0	11	nested_a_in_b	nested_a_in_b	1-1	1-1	True	35	0.357	0.299	gain	TP	TP
chr9	71198219	71230037	31818	5	1	0	2	nested_a_in_b	nested_a_in_b	2-1	2-1	True	8	0.534	0.513	gain	TP	TP
chr9	71221946	71230037	8091	21	1	0	15	nested_a_in_b	nested_a_in_b	2-1	2-1	True	37	0.575	0.513	gain	TP	TP
chr9	72667079	72689880	22801	7	4	0	5	nested_a_in_b	nested_a_in_b	2-1	2-1	True	16	0.243	0.645	gain	TP	TP
chr9	72865423	72869854	4431	39	2	0	27	nested_a_in_b	nested_a_in_b	1-1	1-1	True	68	0.402	0.408	gain	TP	TP
chr9	74720206	74739227	19021	6	5	0	4	nested_a_in_b	nested_a_in_b	2-1	2-1	True	15	0.289	0.637	gain	TP	TP
chr9	75454850	75458009	3159	41	2	0	22	nested_a_in_b	nested_a_in_b	2-1	2-1	True	65	0.302	0.381	gain	TP	TP
chr9	75454850	75458774	3924	42	1	0	20	nested_a_in_b	nested_a_in_b	2-1	2-1	True	63	0.302	0.357	gain	TP	TP
chr9	84692444	84692446	2	24	1	0	48	nested_a_in_b	nested_a_in_b	2-1	2-1	True	73	0.658	0.671	gain	TP	TP
chr9	84692444	84692452	8	16	1	0	48	nested_a_in_b	nested_a_in_b	2-1	2-1	True	65	0.658	0.731	gain	TP	TP
chr9	85406504	85410820	4316	40	6	0	13	nested_a_in_b	nested_a_in_b	1-1	1-1	True	59	0.274	0.322	gain	TP	TP
chr9	87337484	87369251	31767	1	7	0	3	nested_a_in_b	nested_a_in_b	1-1	1-1	True	11	0.333	0.683	gain	TP	TP
chr9	88438706	88461543	22837	8	1	0	1	sparse	nested_a_in_b	1-1	1-1	True	10	0.239	0.356	gain	TP	TP
chr9	89166178	89177520	11342	9	6	0	8	nested_a_in_b	nested_a_in_b	1-1	1-1	True	23	0.395	0.581	gain	TP	TP
chr9	89873298	89876425	3127	54	1	0	2	nested_a_in_b	nested_a_in_b	2-1	2-1	True	57	0.067	0.057	gain	FP	FP
chr9	90753670	90756641	2971	40	2	0	19	nested_a_in_b	nested_a_in_b	2-1	2-1	True	61	0.322	0.35	gain	TP	TP
chr9	92187611	92199676	12065	21	1	0	11	nested_a_in_b	nested_a_in_b	2-1	2-1	True	33	0.258	0.346	gain	TP	TP
chr9	92544955	92572346	27391	9	1	0	4	nested_a_in_b	nested_a_in_b	2-1	2-1	True	14	0.275	0.287	gain	TP	TP
chr9	92676673	92687791	11118	8	7	0	11	nested_a_in_b	nested_a_in_b	1-1	1-1	True	26	0.39	0.705	gain	TP	TP
chr9	92872344	92893089	20745	3	4	0	5	nested_a_in_b	nested_a_in_b	1-1	1-1	True	12	0.341	0.658	gain	TP	TP
chr9	92885181	92893089	7908	12	10	0	16	nested_a_in_b	nested_a_in_b	1-1	1-1	True	38	0.397	0.658	gain	TP	TP
chr9	93576159	93587619	11460	21	1	0	23	nested_a_in_b	nested_a_in_b	1-1	1-1	True	45	0.564	0.52	gain	TP	TP
chr9	96560371	96566007	5636	14	26	0	20	nested_a_in_b	nested_a_in_b	2-1	2-1	True	60	0.346	0.732	gain	TP	TP
chr9	97450221	97480757	30536	4	1	0	2	nested_a_in_b	nested_a_in_b	2-1	2-1	True	7	0.363	0.709	gain	TP	TP
chr9	98638909	98639505	596	95	4	0	5	nested_a_in_b	nested_a_in_b	1-1	1-1	True	104	0.044	0.08	gain	FP	FP
chr9	99454997	99455144	147	51	2	0	11	nested_a_in_b	nested_a_in_b	2-1	2-1	True	64	0.169	0.209	gain	TP	TP
chr9	99454997	99460950	5953	27	3	0	7	nested_a_in_b	nested_a_in_b	2-1	2-1	True	37	0.169	0.296	gain	TP	TP
chr9	99813878	99815392	1514	20	27	0	35	nested_a_in_b	nested_a_in_b	2-1	2-1	True	82	0.418	0.702	gain	TP	TP
chr9	100823915	100840222	16307	5	3	0	2	nested_a_in_b	nested_a_in_b	2-1	2-1	True	10	0.235	0.539	gain	TP	TP
chr9	101071893	101079449	7556	35	1	0	12	nested_a_in_b	nested_a_in_b	2-1	2-1	True	48	0.223	0.25	gain	TP	TP
chr9	101211793	101214548	2755	32	24	0	17	nested_a_in_b	nested_a_in_b	2-1	2-1	True	73	0.25	0.59	gain	TP	TP
chr9	103458256	103471101	12845	20	1	0	7	nested_a_in_b	nested_a_in_b	2-1	2-1	True	28	0.354	0.357	gain	TP	TP
chr9	104155978	104187455	31477	2	1	0	4	nested_a_in_b	nested_a_in_b	1-1	1-1	True	7	0.667	0.591	gain	TP	TP
chr9	104187455	104200673	13218	7	4	0	23	nested_a_in_b	nested_a_in_b	1-1	1-1	True	34	0.591	0.684	gain	TP	TP
chr9	105078872	105084757	5885	20	15	0	13	nested_a_in_b	nested_a_in_b	1-1	1-1	True	48	0.272	0.583	gain	TP	TP
chr9	105412931	105412965	34	47	3	0	21	nested_a_in_b	nested_a_in_b	2-1	2-1	True	71	0.297	0.338	gain	TP	TP
chr9	105505283	105533956	28673	1	2	0	4	nested_a_in_b	nested_a_in_b	1-1	1-1	True	7	0.319	0.674	gain	TP	TP
chr9	105548555	105560049	11494	12	1	0	16	nested_a_in_b	nested_a_in_b	1-1	1-1	True	29	0.649	0.542	gain	TP	TP
chr9	105560049	105588203	28154	4	1	0	16	nested_a_in_b	nested_a_in_b	1-1	1-1	True	21	0.542	0.6	gain	TP	TP
chr9	105560049	105589681	29632	3	1	0	14	nested_a_in_b	nested_a_in_b	1-1	1-1	True	18	0.542	0.583	gain	TP	TP
chr9	105565432	105569505	4073	20	4	0	29	nested_a_in_b	nested_a_in_b	1-1	1-1	True	53	0.533	0.655	gain	TP	TP
chr9	105565432	105588203	22771	7	3	0	21	nested_a_in_b	nested_a_in_b	1-1	1-1	True	31	0.533	0.6	gain	TP	TP
chr9	105565432	105589681	24249	6	2	0	19	nested_a_in_b	nested_a_in_b	1-1	1-1	True	27	0.533	0.583	gain	TP	TP
chr9	105565432	105591988	26556	4	2	0	18	nested_a_in_b	nested_a_in_b	1-1	1-1	True	24	0.533	0.571	gain	TP	TP
chr9	105565432	105594812	29380	4	1	0	14	nested_a_in_b	nested_a_in_b	1-1	1-1	True	19	0.533	0.588	gain	TP	TP
chr9	105565432	105595124	29692	4	2	0	11	nested_a_in_b	nested_a_in_b	1-1	1-1	True	17	0.533	0.556	gain	TP	TP
chr9	105565432	105595130	29698	4	2	0	11	nested_a_in_b	nested_a_in_b	1-1	1-1	True	17	0.533	0.573	gain	TP	TP
chr9	105565432	105597070	31638	3	1	0	10	nested_a_in_b	nested_a_in_b	1-1	1-1	True	14	0.533	0.602	gain	TP	TP
chr9	105565432	105598001	32569	3	1	0	10	nested_a_in_b	nested_a_in_b	1-1	1-1	True	14	0.533	0.553	gain	TP	TP
chr9	105565432	105599931	34499	2	1	0	8	nested_a_in_b	nested_a_in_b	1-1	1-1	True	11	0.533	0.596	gain	TP	TP
chr9	105565432	105606540	41108	1	1	0	5	nested_a_in_b	nested_a_in_b	1-1	1-1	True	7	0.533	0.556	gain	TP	TP
chr9	105569630	105588203	18573	10	2	0	28	nested_a_in_b	nested_a_in_b	1-1	1-1	True	40	0.557	0.6	gain	TP	TP
chr9	105569630	105589681	20051	8	2	0	23	nested_a_in_b	nested_a_in_b	1-1	1-1	True	33	0.557	0.583	gain	TP	TP
chr9	105569630	105591988	22358	7	1	0	24	nested_a_in_b	nested_a_in_b	1-1	1-1	True	32	0.557	0.571	gain	TP	TP
chr9	105569630	105594812	25182	5	2	0	21	nested_a_in_b	nested_a_in_b	1-1	1-1	True	28	0.557	0.588	gain	TP	TP
chr9	105569630	105595130	25500	5	2	0	20	nested_a_in_b	nested_a_in_b	1-1	1-1	True	27	0.557	0.573	gain	TP	TP
chr9	105569630	105597070	27440	4	2	0	16	nested_a_in_b	nested_a_in_b	1-1	1-1	True	22	0.557	0.602	gain	TP	TP
chr9	105569630	105598001	28371	4	2	0	16	nested_a_in_b	nested_a_in_b	1-1	1-1	True	22	0.557	0.553	gain	TP	TP
chr9	105588203	105594812	6609	22	1	0	32	nested_a_in_b	nested_a_in_b	1-1	1-1	True	55	0.6	0.588	gain	TP	TP
chr9	105589681	105594812	5131	24	1	0	34	nested_a_in_b	nested_a_in_b	1-1	1-1	True	59	0.583	0.588	gain	TP	TP
chr9	105590000	105594812	4812	24	3	0	33	nested_a_in_b	nested_a_in_b	1-1	1-1	True	60	0.537	0.588	gain	TP	TP
chr9	105590000	105595130	5130	26	2	0	31	nested_a_in_b	nested_a_in_b	1-1	1-1	True	59	0.537	0.573	gain	TP	TP
chr9	105590000	105597070	7070	20	2	0	25	nested_a_in_b	nested_a_in_b	1-1	1-1	True	47	0.537	0.602	gain	TP	TP
chr9	105590000	105606540	16540	9	1	0	9	nested_a_in_b	nested_a_in_b	1-1	1-1	True	19	0.537	0.556	gain	TP	TP
chr9	105590000	105607844	17844	7	1	0	8	nested_a_in_b	nested_a_in_b	1-1	1-1	True	16	0.537	0.585	gain	TP	TP
chr9	105590000	105607846	17846	7	1	0	8	nested_a_in_b	nested_a_in_b	1-1	1-1	True	16	0.537	0.594	gain	TP	TP
chr9	105591988	105594812	2824	27	2	0	39	nested_a_in_b	nested_a_in_b	1-1	1-1	True	68	0.571	0.588	gain	TP	TP
chr9	105591988	105595130	3142	28	1	0	37	nested_a_in_b	nested_a_in_b	1-1	1-1	True	66	0.571	0.573	gain	TP	TP
chr9	105591988	105597070	5082	21	1	0	31	nested_a_in_b	nested_a_in_b	1-1	1-1	True	53	0.571	0.602	gain	TP	TP
chr9	105595124	105595130	6	38	1	0	50	nested_a_in_b	nested_a_in_b	1-1	1-1	True	89	0.556	0.573	gain	TP	TP
chr9	105595124	105597070	1946	30	1	0	39	nested_a_in_b	nested_a_in_b	1-1	1-1	True	70	0.556	0.602	gain	TP	TP
chr9	105595124	105606540	11416	17	1	0	16	nested_a_in_b	nested_a_in_b	1-1	1-1	True	34	0.556	0.556	gain	TP	TP
chr9	105595124	105607844	12720	15	1	0	14	nested_a_in_b	nested_a_in_b	1-1	1-1	True	30	0.556	0.585	gain	TP	TP
chr9	105595124	105607846	12722	15	1	0	15	nested_a_in_b	nested_a_in_b	1-1	1-1	True	31	0.556	0.594	gain	TP	TP
chr9	105599931	105606540	6609	21	3	0	28	nested_a_in_b	nested_a_in_b	1-1	1-1	True	52	0.596	0.556	gain	TP	TP
chr9	105599931	105607844	7913	17	1	0	26	nested_a_in_b	nested_a_in_b	1-1	1-1	True	44	0.596	0.585	gain	TP	TP
chr9	105599931	105607846	7915	17	2	0	27	nested_a_in_b	nested_a_in_b	1-1	1-1	True	46	0.596	0.594	gain	TP	TP
chr9	105606540	105607844	1304	32	1	0	45	nested_a_in_b	nested_a_in_b	1-1	1-1	True	78	0.556	0.585	gain	TP	TP
chr9	105606540	105607846	1306	32	1	0	47	nested_a_in_b	nested_a_in_b	1-1	1-1	True	80	0.556	0.594	gain	TP	TP
chr9	112012048	112015766	3718	40	1	0	3	nested_a_in_b	nested_a_in_b	1-1	1-1	True	44	0.043	0.067	loh	FP	FP
chr9	113369792	113387662	17870	0	4	0	7	nested_a_in_b	nested_a_in_b	1-1	1-1	True	11	0.472	0.976	loh	TP	TP
chr9	113369792	113387776	17984	0	4	0	7	nested_a_in_b	nested_a_in_b	1-1	1-1	True	11	0.472	0.976	loh	TP	TP
chr9	115557582	115560815	3233	32	2	0	22	nested_a_in_b	nested_a_in_b	3	3	True	56	0.425	0.429	loh	TP	TP
chr9	116218945	116232221	13276	0	12	0	12	nested_a_in_b	nested_a_in_b	2-1	2-1	True	24	0.404	0.982	loh	TP	TP
chr9	124483186	124486174	2988	1	1	0	42	nested_a_in_b	nested_a_in_b	2-1	2-1	True	44	0.962	0.984	loh	TP	TP
chr9	127111302	127111816	514	49	2	0	6	nested_a_in_b	nested_a_in_b	1-1	1-1	True	57	0.1	0.145	loh	FP	FP
chr9	130445064	130453700	8636	30	1	0	14	nested_a_in_b	nested_a_in_b	2-1	2-1	True	45	0.301	0.318	gain	TP	TP
chr9	130824931	130839454	14523	13	12	0	8	nested_a_in_b	nested_a_in_b	3	3	True	33	0.224	0.518	gain	TP	TP
chr9	131841581	131855535	13954	4	7	0	3	nested_a_in_b	nested_a_in_b	1-1	1-1	True	14	0.347	0.557	gain	TP	TP
chr9	132341026	132354234	13208	5	1	0	25	nested_a_in_b	nested_a_in_b	1-1	1-1	True	31	0.7	0.726	gain	TP	TP
chr9	132439208	132468785	29577	4	2	0	3	nested_a_in_b	nested_a_in_b	1-1	1-1	True	9	0.316	0.72	gain	TP	TP
chr9	133735498	133735520	22	57	2	0	21	nested_a_in_b	nested_a_in_b	2-1	2-1	True	80	0.263	0.293	gain	TP	TP
chr9	133986127	133999682	13555	6	13	0	2	nested_a_in_b	nested_a_in_b	2-1	2-1	True	21	0.179	0.671	gain	TP	TP
chr9	134343292	134372863	29571	2	3	0	3	nested_a_in_b	nested_a_in_b	1-1	1-1	True	8	0.377	0.684	gain	TP	TP
chr9	134353781	134372863	19082	4	5	0	5	nested_a_in_b	nested_a_in_b	1-1	1-1	True	14	0.25	0.684	gain	TP	TP
chr9	134501832	134506354	4522	17	17	0	19	nested_a_in_b	nested_a_in_b	1-1	1-1	True	53	0.333	0.678	gain	TP	TP
chr9	135126600	135149651	23051	3	3	0	7	nested_a_in_b	nested_a_in_b	1-1	1-1	True	13	0.412	0.662	gain	TP	TP
chr9	135515614	135524309	8695	13	1	0	35	nested_a_in_b	nested_a_in_b	1-1	1-1	True	49	0.643	0.736	gain	TP	TP
chr9	136951234	136951235	1	60	1	0	33	nested_a_in_b	nested_a_in_b	1-1	1-1	True	94	0.351	0.351	gain	TP	TP
chr9	136990848	136994920	4072	16	15	0	11	nested_a_in_b	nested_a_in_b	1-1	1-1	True	42	0.317	0.627	gain	TP	TP
chr14	19827022	19832968	5946	118	3	0	33	nested_a_in_b	nested_a_in_b	1-1	1-1	True	154	0.214	0.208	gain	TP	TP
chr14	20557431	20561443	4012	43	20	0	13	nested_a_in_b	nested_a_in_b	1-1	1-1	True	76	0.206	0.425	gain	TP	TP
chr14	20557431	20565591	8160	30	16	0	9	nested_a_in_b	nested_a_in_b	1-1	1-1	True	55	0.206	0.427	gain	TP	TP
chr14	20766215	20767695	1480	64	2	0	23	nested_a_in_b	nested_a_in_b	2-1	2-1	True	89	0.265	0.259	gain	TP	TP
chr14	21806249	21810838	4589	32	4	0	37	nested_a_in_b	nested_a_in_b	2-1	2-1	True	73	0.44	0.563	gain	TP	TP
chr14	21806249	21830600	24351	8	1	0	8	nested_a_in_b	nested_a_in_b	2-1	2-1	True	17	0.44	0.488	gain	TP	TP
chr14	21810838	21830600	19762	13	1	0	10	nested_a_in_b	nested_a_in_b	2-1	2-1	True	24	0.563	0.488	gain	TP	TP
chr14	21968886	21977830	8944	30	13	0	12	nested_a_in_b	nested_a_in_b	1-1	1-1	True	55	0.202	0.52	gain	TP	TP
chr14	21968886	21987310	18424	7	6	0	5	nested_a_in_b	nested_a_in_b	1-1	1-1	True	18	0.202	0.514	gain	TP	TP
chr14	21983514	21987310	3796	36	19	0	20	nested_a_in_b	nested_a_in_b	1-1	1-1	True	75	0.267	0.514	gain	TP	TP
chr14	23248351	23273393	25042	7	3	0	5	nested_a_in_b	nested_a_in_b	2-1	2-1	True	15	0.336	0.519	gain	TP	TP
chr14	23879938	23892407	12469	30	12	0	5	nested_a_in_b	nested_a_in_b	1-1	1-1	True	47	0.223	0.404	gain	TP	TP
chr14	24352025	24358485	6460	28	22	0	11	nested_a_in_b	nested_a_in_b	1-1	1-1	True	61	0.205	0.5	gain	TP	TP
chr14	25553919	25573325	19406	9	1	0	12	nested_a_in_b	nested_a_in_b	2-1	2-1	True	22	0.344	0.444	gain	TP	TP
chr14	28502542	28509832	7290	15	1	0	24	nested_a_in_b	nested_a_in_b	2-1	2-1	True	40	0.614	0.618	gain	TP	TP
chr14	28885668	28903440	17772	12	1	0	5	nested_a_in_b	nested_a_in_b	3	3	True	18	0.379	0.286	gain	TP	TP
chr14	29261416	29263853	2437	24	20	0	18	nested_a_in_b	nested_a_in_b	2-1	2-1	True	62	0.312	0.635	gain	TP	TP
chr14	30256130	30257424	1294	49	1	0	24	nested_a_in_b	nested_a_in_b	2-1	2-1	True	74	0.302	0.341	gain	TP	TP
chr14	32457362	32467490	10128	21	1	0	12	nested_a_in_b	nested_a_in_b	1-1	1-1	True	34	0.311	0.424	gain	TP	TP
chr14	34731464	34744221	12757	22	3	0	8	nested_a_in_b	nested_a_in_b	1-1	1-1	True	33	0.276	0.325	gain	TP	TP
chr14	34731469	34744221	12752	22	3	0	8	nested_a_in_b	nested_a_in_b	1-1	1-1	True	33	0.278	0.325	gain	TP	TP
chr14	34731500	34744221	12721	22	3	0	8	nested_a_in_b	nested_a_in_b	1-1	1-1	True	33	0.263	0.325	gain	TP	TP
chr14	35137534	35153148	15614	18	1	0	6	nested_a_in_b	nested_a_in_b	1-1	1-1	True	25	0.284	0.37	gain	TP	TP
chr14	35299722	35299723	1	64	1	0	30	nested_a_in_b	nested_a_in_b	1-1	1-1	True	95	0.316	0.323	gain	TP	TP
chr14	38793818	38827025	33207	0	4	0	2	nested_a_in_b	nested_a_in_b	1-1	1-1	True	6	0.468	0.986	loh	TP	TP
chr14	40501273	40525680	24407	0	8	0	1	mutual_excl	nested_a_in_b	2-1	2-1	True	9	0.364	0.983	loh	TP	TP
chr14	40597045	40613381	16336	0	5	0	5	nested_a_in_b	nested_a_in_b	2-1	2-1	True	10	0.451	0.959	loh	TP	TP
chr14	41906271	41927108	20837	0	4	0	2	nested_a_in_b	nested_a_in_b	1-1	1-1	True	6	0.444	0.984	loh	TP	TP
chr14	44466250	44485797	19547	0	1	0	14	nested_a_in_b	nested_a_in_b	2-1	2-1	True	15	0.965	0.983	loh	TP	TP
chr14	44671937	44681535	9598	0	1	0	27	nested_a_in_b	nested_a_in_b	2-1	2-1	True	28	0.98	0.969	loh	TP	TP
chr14	46526206	46546093	19887	9	1	0	10	nested_a_in_b	nested_a_in_b	1-1	1-1	True	20	0.528	0.472	gain	TP	TP
chr14	46526206	46550451	24245	6	1	0	7	nested_a_in_b	nested_a_in_b	1-1	1-1	True	14	0.528	0.444	gain	TP	TP
chr14	46526206	46552739	26533	5	1	0	6	nested_a_in_b	nested_a_in_b	1-1	1-1	True	12	0.528	0.492	gain	TP	TP
chr14	46546093	46552739	6646	39	1	0	35	nested_a_in_b	nested_a_in_b	1-1	1-1	True	75	0.472	0.492	gain	TP	TP
chr14	46550451	46552739	2288	53	2	0	47	nested_a_in_b	nested_a_in_b	1-1	1-1	True	102	0.444	0.492	gain	TP	TP
chr14	47950137	47970928	20791	11	2	0	9	nested_a_in_b	nested_a_in_b	2-1	2-1	True	22	0.239	0.477	gain	TP	TP
chr14	48428902	48438669	9767	19	1	0	20	nested_a_in_b	nested_a_in_b	2-1	2-1	True	40	0.458	0.538	gain	TP	TP
chr14	48544562	48544563	1	103	1	0	39	nested_a_in_b	nested_a_in_b	1-1	1-1	True	143	0.273	0.28	gain	TP	TP
chr14	49906078	49924052	17974	14	9	0	4	nested_a_in_b	nested_a_in_b	2-1	2-1	True	27	0.219	0.554	gain	TP	TP
chr14	51399045	51419975	20930	8	4	0	5	nested_a_in_b	nested_a_in_b	1-1	1-1	True	17	0.383	0.508	gain	TP	TP
chr14	52146949	52148135	1186	54	5	0	44	nested_a_in_b	nested_a_in_b	1-1	1-1	True	103	0.446	0.456	gain	TP	TP
chr14	54192990	54226283	33293	3	1	0	3	nested_a_in_b	nested_a_in_b	2-1	2-1	True	7	0.259	0.543	gain	TP	TP
chr14	54281683	54317245	35562	8	1	0	2	nested_a_in_b	nested_a_in_b	2-1	2-1	True	11	0.368	0.232	gain	TP	TP
chr14	55554280	55561511	7231	22	3	0	23	nested_a_in_b	nested_a_in_b	1-1	1-1	True	48	0.477	0.45	gain	TP	TP
chr14	56404446	56411493	7047	40	22	0	8	nested_a_in_b	nested_a_in_b	2-1	2-1	True	70	0.143	0.421	gain	TP	TP
chr14	57354748	57371240	16492	10	5	0	9	nested_a_in_b	nested_a_in_b	2-1	2-1	True	24	0.315	0.5	gain	TP	TP
chr14	57963910	57990193	26283	7	4	0	3	nested_a_in_b	nested_a_in_b	2-1	2-1	True	14	0.302	0.486	gain	TP	TP
chr14	58041434	58066190	24756	8	5	0	10	nested_a_in_b	nested_a_in_b	1-1	1-1	True	23	0.328	0.516	gain	TP	TP
chr14	58061455	58066190	4735	41	21	0	21	nested_a_in_b	nested_a_in_b	1-1	1-1	True	83	0.257	0.516	gain	TP	TP
chr14	58068942	58081985	13043	28	1	0	25	nested_a_in_b	nested_a_in_b	2-1	2-1	True	54	0.439	0.45	gain	TP	TP
chr14	58698637	58713002	14365	13	3	0	10	nested_a_in_b	nested_a_in_b	2-1	2-1	True	26	0.509	0.442	gain	TP	TP
chr14	62014675	62026893	12218	1	1	0	30	nested_a_in_b	nested_a_in_b	2-1	2-1	True	32	0.94	0.987	loh	TP	TP
chr14	62964692	62984155	19463	0	2	0	15	nested_a_in_b	nested_a_in_b	2-1	2-1	True	17	0.927	0.916	loh	TP	TP
chr14	64038104	64060082	21978	0	5	0	2	nested_a_in_b	nested_a_in_b	1-1	1-1	True	7	0.083	1.0	loh	FP	TP
chr14	65267468	65273320	5852	23	3	0	13	nested_a_in_b	nested_a_in_b	2-1	2-1	True	39	0.292	0.42	gain	TP	TP
chr14	68024706	68032693	7987	44	1	0	10	nested_a_in_b	nested_a_in_b	1-1	1-1	True	55	0.213	0.261	gain	TP	TP
chr14	72108010	72118121	10111	1	11	0	12	nested_a_in_b	nested_a_in_b	2-1	2-1	True	24	0.474	0.935	loh	TP	TP
chr14	74091028	74091590	562	3	1	0	59	nested_a_in_b	nested_a_in_b	1-1	1-1	True	63	0.929	0.955	loh	TP	TP
chr14	74941125	74941511	386	61	2	0	46	nested_a_in_b	nested_a_in_b	1-1	1-1	True	109	0.422	0.456	loh	TP	TP
chr14	75206415	75215678	9263	36	1	0	15	nested_a_in_b	nested_a_in_b	2-1	2-1	True	52	0.257	0.288	gain	TP	TP
chr14	75206415	75229808	23393	0	10	0	3	nested_a_in_b	nested_a_in_b	2-1	2-1	True	13	0.257	0.984	gain	TP	TP
chr14	75206415	75242851	36436	3	1	0	2	nested_a_in_b	nested_a_in_b	2-1	2-1	True	6	0.257	0.62	gain	TP	TP
chr14	75215678	75229808	14130	1	27	0	8	nested_a_in_b	nested_a_in_b	2-1	2-1	True	36	0.288	0.984	gain	TP	TP
chr14	75215678	75242851	27173	7	6	0	4	nested_a_in_b	nested_a_in_b	2-1	2-1	True	17	0.288	0.62	gain	TP	TP
chr14	75215678	75249946	34268	3	1	0	2	nested_a_in_b	nested_a_in_b	2-1	2-1	True	6	0.288	0.509	gain	TP	TP
chr14	76227015	76243237	16222	0	19	0	5	nested_a_in_b	nested_a_in_b	3	3	True	24	0.204	0.989	gain	TP	TP
chr14	76738795	76763118	24323	1	18	0	4	nested_a_in_b	nested_a_in_b	1-1	1-1	True	23	0.228	0.976	gain	TP	TP
chr14	77880158	77895067	14909	0	15	0	10	nested_a_in_b	nested_a_in_b	2-1	2-1	True	25	0.533	0.974	gain	TP	TP
chr14	78788606	78813524	24918	4	4	0	4	nested_a_in_b	nested_a_in_b	1-1	1-1	True	12	0.402	0.634	gain	TP	TP
chr14	79810359	79819334	8975	0	26	0	32	nested_a_in_b	nested_a_in_b	1-1	1-1	True	58	0.504	0.975	gain	TP	TP
chr14	80304909	80327566	22657	1	3	0	18	nested_a_in_b	nested_a_in_b	1-1	1-1	True	22	0.922	0.971	gain	TP	TP
chr14	80308692	80327566	18874	1	2	0	20	nested_a_in_b	nested_a_in_b	1-1	1-1	True	23	0.911	0.971	gain	TP	TP
chr14	83576804	83587790	10986	13	4	0	19	nested_a_in_b	nested_a_in_b	2-1	2-1	True	36	0.677	0.702	gain	TP	TP
chr14	83576804	83594923	18119	8	1	0	12	nested_a_in_b	nested_a_in_b	2-1	2-1	True	21	0.677	0.742	gain	TP	TP
chr14	83805347	83815710	10363	37	5	0	15	nested_a_in_b	nested_a_in_b	2-1	2-1	True	57	0.239	0.321	gain	TP	TP
chr14	84259260	84280874	21614	14	4	0	1	mutual_excl	nested_a_in_b	2-1	2-1	True	19	0.181	0.29	gain	TP	TP
chr14	84439219	84449211	9992	55	1	0	8	nested_a_in_b	nested_a_in_b	1-1	1-1	True	64	0.116	0.15	gain	TP	TP
chr14	86079927	86111357	31430	1	9	0	2	nested_a_in_b	nested_a_in_b	1-1	1-1	True	12	0.188	0.862	gain	TP	TP
chr14	87154505	87190379	35874	5	1	0	3	nested_a_in_b	nested_a_in_b	1-1	1-1	True	9	0.168	0.267	gain	TP	TP
chr14	87240885	87258594	17709	8	15	0	12	nested_a_in_b	nested_a_in_b	1-1	1-1	True	35	0.279	0.776	gain	TP	TP
chr14	87240885	87270334	29449	4	5	0	4	nested_a_in_b	nested_a_in_b	1-1	1-1	True	13	0.279	0.807	gain	TP	TP
chr14	89679914	89699398	19484	26	1	0	4	nested_a_in_b	nested_a_in_b	1-1	1-1	True	31	0.16	0.153	gain	TP	TP
chr14	90041378	90071793	30415	1	12	0	2	nested_a_in_b	nested_a_in_b	2-1	2-1	True	15	0.144	0.773	gain	TP	TP
chr14	90202684	90224836	22152	4	13	0	6	nested_a_in_b	nested_a_in_b	2-1	2-1	True	23	0.13	0.746	gain	TP	TP
chr14	90202684	90229697	27013	3	7	0	5	nested_a_in_b	nested_a_in_b	2-1	2-1	True	15	0.13	0.754	gain	TP	TP
chr14	90948762	90976821	28059	5	1	0	9	nested_a_in_b	nested_a_in_b	1-1	1-1	True	15	0.295	0.517	gain	TP	TP
chr14	94765504	94782570	17066	23	6	0	3	nested_a_in_b	nested_a_in_b	2-1	2-1	True	32	0.123	0.364	gain	TP	TP
chr14	95774386	95784792	10406	12	23	0	34	nested_a_in_b	nested_a_in_b	2-1	2-1	True	69	0.456	0.806	gain	TP	TP
chr14	95968450	95981819	13369	48	1	0	17	nested_a_in_b	nested_a_in_b	2-1	2-1	True	66	0.313	0.295	gain	TP	TP
chr14	97130242	97144409	14167	17	35	0	6	nested_a_in_b	nested_a_in_b	1-1	1-1	True	58	0.148	0.678	gain	TP	TP
chr14	97470481	97470482	1	51	2	0	97	nested_a_in_b	nested_a_in_b	3	3	True	150	0.638	0.654	gain	TP	TP
chr14	97634819	97639787	4968	105	1	0	12	nested_a_in_b	nested_a_in_b	2-1	2-1	True	118	0.121	0.132	gain	TP	TP
chr14	97837559	97866446	28887	0	1	0	6	nested_a_in_b	nested_a_in_b	1-1	1-1	True	7	0.477	0.988	gain	TP	TP
chr14	97849234	97866446	17212	0	8	0	5	nested_a_in_b	nested_a_in_b	1-1	1-1	True	13	0.22	0.988	gain	TP	TP
chr14	103123189	103137848	14659	0	13	0	11	nested_a_in_b	nested_a_in_b	1-1	1-1	True	24	0.577	1.0	gain	TP	TP
chr14	103123189	103142486	19297	0	10	0	7	nested_a_in_b	nested_a_in_b	1-1	1-1	True	17	0.577	1.0	gain	TP	TP
chr14	103296478	103310533	14055	1	17	0	4	nested_a_in_b	nested_a_in_b	1-1	1-1	True	22	0.244	0.971	gain	TP	TP
chr14	103329965	103351193	21228	0	1	0	10	nested_a_in_b	nested_a_in_b	1-1	1-1	True	11	0.912	0.978	gain	TP	TP
chr14	104498471	104507578	9107	0	4	0	8	nested_a_in_b	nested_a_in_b	1-1	1-1	True	12	0.661	0.974	gain	TP	TP
chr14	104523846	104541890	18044	0	9	0	1	mutual_excl	nested_a_in_b	1-1	1-1	True	10	0.309	0.985	gain	TP	TP
chr14	106258051	106268552	10501	0	17	0	21	nested_a_in_b	nested_a_in_b	3	3	True	38	0.256	0.974	gain	FP	TP
chr14	106258051	106270463	12412	0	17	0	21	nested_a_in_b	nested_a_in_b	3	3	True	38	0.256	1.0	gain	FP	TP
chr14	106258051	106270868	12817	1	17	0	20	nested_a_in_b	nested_a_in_b	3	3	True	38	0.256	0.922	gain	FP	TP
chr14	106258051	106271615	13564	1	11	0	21	nested_a_in_b	nested_a_in_b	3	3	True	33	0.256	0.97	gain	FP	TP
chr14	106258296	106258358	62	67	3	0	17	nested_a_in_b	nested_a_in_b	3	3	True	87	0.222	0.263	gain	FP	FP
chr14	106258296	106268552	10256	0	20	0	18	nested_a_in_b	nested_a_in_b	3	3	True	38	0.222	0.974	gain	FP	TP
chr14	106258296	106270463	12167	0	19	0	17	nested_a_in_b	nested_a_in_b	3	3	True	36	0.222	1.0	gain	FP	TP
chr14	106258296	106270868	12572	1	19	0	17	nested_a_in_b	nested_a_in_b	3	3	True	37	0.222	0.922	gain	FP	TP
chr14	106258296	106271615	13319	1	13	0	18	nested_a_in_b	nested_a_in_b	3	3	True	32	0.222	0.97	gain	FP	TP
chr14	106258358	106268552	10194	0	19	0	22	nested_a_in_b	nested_a_in_b	3	3	True	41	0.263	0.974	gain	FP	TP
chr14	106258358	106270463	12105	0	18	0	20	nested_a_in_b	nested_a_in_b	3	3	True	38	0.263	1.0	gain	FP	TP
chr14	106258358	106270868	12510	1	18	0	21	nested_a_in_b	nested_a_in_b	3	3	True	40	0.263	0.922	gain	FP	TP
chr14	106258358	106271615	13257	1	12	0	22	nested_a_in_b	nested_a_in_b	3	3	True	35	0.263	0.97	gain	FP	TP
chr14	106258566	106259291	725	61	3	0	21	nested_a_in_b	nested_a_in_b	3	3	True	85	0.234	0.277	gain	FP	FP
chr14	106258566	106268552	9986	0	22	0	20	nested_a_in_b	nested_a_in_b	3	3	True	42	0.234	0.974	gain	FP	TP
chr14	106258566	106270463	11897	0	20	0	19	nested_a_in_b	nested_a_in_b	3	3	True	39	0.234	1.0	gain	FP	TP
chr14	106258566	106270868	12302	1	21	0	19	nested_a_in_b	nested_a_in_b	3	3	True	41	0.234	0.922	gain	FP	TP
chr14	106258566	106271615	13049	1	15	0	20	nested_a_in_b	nested_a_in_b	3	3	True	36	0.234	0.97	gain	FP	TP
chr14	106258924	106259291	367	64	4	0	21	nested_a_in_b	nested_a_in_b	3	3	True	89	0.255	0.277	gain	FP	FP
chr14	106258924	106268552	9628	0	22	0	23	nested_a_in_b	nested_a_in_b	3	3	True	45	0.255	0.974	gain	FP	TP
chr14	106258924	106270463	11539	0	21	0	21	nested_a_in_b	nested_a_in_b	3	3	True	42	0.255	1.0	gain	FP	TP
chr14	106258924	106270868	11944	1	21	0	22	nested_a_in_b	nested_a_in_b	3	3	True	44	0.255	0.922	gain	FP	TP
chr14	106258924	106271615	12691	1	15	0	23	nested_a_in_b	nested_a_in_b	3	3	True	39	0.255	0.97	gain	FP	TP
chr14	106258941	106259291	350	63	2	0	19	nested_a_in_b	nested_a_in_b	3	3	True	84	0.237	0.277	gain	FP	FP
chr14	106258941	106259420	479	66	1	0	21	nested_a_in_b	nested_a_in_b	3	3	True	88	0.237	0.257	gain	FP	FP
chr14	106258941	106259445	504	61	3	0	21	nested_a_in_b	nested_a_in_b	3	3	True	85	0.237	0.286	gain	FP	FP
chr14	106258941	106259450	509	64	1	0	22	nested_a_in_b	nested_a_in_b	3	3	True	87	0.237	0.27	gain	FP	FP
chr14	106258941	106259478	537	62	1	0	20	nested_a_in_b	nested_a_in_b	3	3	True	83	0.237	0.26	gain	FP	FP
chr14	106258941	106259531	590	65	1	0	21	nested_a_in_b	nested_a_in_b	3	3	True	87	0.237	0.27	gain	FP	FP
chr14	106258941	106268552	9611	0	21	0	20	nested_a_in_b	nested_a_in_b	3	3	True	41	0.237	0.974	gain	FP	TP
chr14	106258941	106270463	11522	0	20	0	18	nested_a_in_b	nested_a_in_b	3	3	True	38	0.237	1.0	gain	FP	TP
chr14	106258941	106270868	11927	1	20	0	19	nested_a_in_b	nested_a_in_b	3	3	True	40	0.237	0.922	gain	FP	TP
chr14	106258941	106271615	12674	1	14	0	20	nested_a_in_b	nested_a_in_b	3	3	True	35	0.237	0.97	gain	FP	TP
chr14	106259057	106259291	234	65	3	0	23	nested_a_in_b	nested_a_in_b	3	3	True	91	0.273	0.277	gain	FP	FP
chr14	106259057	106268552	9495	0	21	0	24	nested_a_in_b	nested_a_in_b	3	3	True	45	0.273	0.974	gain	FP	TP
chr14	106259057	106270463	11406	0	20	0	22	nested_a_in_b	nested_a_in_b	3	3	True	42	0.273	1.0	gain	FP	TP
chr14	106259057	106270868	11811	1	20	0	23	nested_a_in_b	nested_a_in_b	3	3	True	44	0.273	0.922	gain	FP	TP
chr14	106259057	106271615	12558	1	14	0	24	nested_a_in_b	nested_a_in_b	3	3	True	39	0.273	0.97	gain	FP	TP
chr14	106259259	106259291	32	67	2	0	24	nested_a_in_b	nested_a_in_b	3	3	True	93	0.273	0.277	gain	FP	FP
chr14	106259259	106268552	9293	0	21	0	24	nested_a_in_b	nested_a_in_b	3	3	True	45	0.273	0.974	gain	FP	TP
chr14	106259259	106270463	11204	0	20	0	22	nested_a_in_b	nested_a_in_b	3	3	True	42	0.273	1.0	gain	FP	TP
chr14	106259259	106270868	11609	1	20	0	23	nested_a_in_b	nested_a_in_b	3	3	True	44	0.273	0.922	gain	FP	TP
chr14	106259259	106271615	12356	1	14	0	24	nested_a_in_b	nested_a_in_b	3	3	True	39	0.273	0.97	gain	FP	TP
chr14	106259291	106268552	9261	0	19	0	22	nested_a_in_b	nested_a_in_b	3	3	True	41	0.277	0.974	gain	FP	TP
chr14	106259291	106270463	11172	0	18	0	21	nested_a_in_b	nested_a_in_b	3	3	True	39	0.277	1.0	gain	FP	TP
chr14	106259291	106270868	11577	1	18	0	21	nested_a_in_b	nested_a_in_b	3	3	True	40	0.277	0.922	gain	FP	TP
chr14	106259291	106271615	12324	1	12	0	22	nested_a_in_b	nested_a_in_b	3	3	True	35	0.277	0.97	gain	FP	TP
chr14	106259298	106268552	9254	0	22	0	23	nested_a_in_b	nested_a_in_b	3	3	True	45	0.263	0.974	gain	FP	TP
chr14	106259298	106270463	11165	0	21	0	21	nested_a_in_b	nested_a_in_b	3	3	True	42	0.263	1.0	gain	FP	TP
chr14	106259298	106270868	11570	1	21	0	22	nested_a_in_b	nested_a_in_b	3	3	True	44	0.263	0.922	gain	FP	TP
chr14	106259298	106271615	12317	1	15	0	23	nested_a_in_b	nested_a_in_b	3	3	True	39	0.263	0.97	gain	FP	TP
chr14	106259420	106259445	25	70	2	0	24	nested_a_in_b	nested_a_in_b	3	3	True	96	0.257	0.286	gain	FP	FP
chr14	106259420	106268552	9132	0	24	0	23	nested_a_in_b	nested_a_in_b	3	3	True	47	0.257	0.974	gain	FP	TP
chr14	106259420	106270463	11043	0	22	0	21	nested_a_in_b	nested_a_in_b	3	3	True	43	0.257	1.0	gain	FP	TP
chr14	106259420	106270868	11448	1	22	0	23	nested_a_in_b	nested_a_in_b	3	3	True	46	0.257	0.922	gain	FP	TP
chr14	106259420	106271615	12195	1	15	0	23	nested_a_in_b	nested_a_in_b	3	3	True	39	0.257	0.97	gain	FP	TP
chr14	106259445	106268552	9107	0	21	0	25	nested_a_in_b	nested_a_in_b	3	3	True	46	0.286	0.974	gain	FP	TP
chr14	106259445	106270463	11018	0	19	0	23	nested_a_in_b	nested_a_in_b	3	3	True	42	0.286	1.0	gain	FP	TP
chr14	106259445	106270868	11423	1	19	0	24	nested_a_in_b	nested_a_in_b	3	3	True	44	0.286	0.922	gain	FP	TP
chr14	106259445	106271615	12170	1	12	0	25	nested_a_in_b	nested_a_in_b	3	3	True	38	0.286	0.97	gain	FP	TP
chr14	106259450	106268552	9102	0	23	0	23	nested_a_in_b	nested_a_in_b	3	3	True	46	0.27	0.974	gain	FP	TP
chr14	106259450	106270463	11013	0	21	0	21	nested_a_in_b	nested_a_in_b	3	3	True	42	0.27	1.0	gain	FP	TP
chr14	106259450	106270868	11418	1	21	0	22	nested_a_in_b	nested_a_in_b	3	3	True	44	0.27	0.922	gain	FP	TP
chr14	106259450	106271615	12165	1	14	0	23	nested_a_in_b	nested_a_in_b	3	3	True	38	0.27	0.97	gain	FP	TP
chr14	106259478	106268552	9074	0	24	0	21	nested_a_in_b	nested_a_in_b	3	3	True	45	0.26	0.974	gain	FP	TP
chr14	106259478	106270463	10985	0	22	0	20	nested_a_in_b	nested_a_in_b	3	3	True	42	0.26	1.0	gain	FP	TP
chr14	106259478	106270868	11390	1	22	0	21	nested_a_in_b	nested_a_in_b	3	3	True	44	0.26	0.922	gain	FP	TP
chr14	106259478	106271615	12137	1	15	0	21	nested_a_in_b	nested_a_in_b	3	3	True	37	0.26	0.97	gain	FP	TP
chr14	106259531	106268552	9021	0	24	0	24	nested_a_in_b	nested_a_in_b	3	3	True	48	0.27	0.974	gain	FP	TP
chr14	106259531	106270463	10932	0	22	0	22	nested_a_in_b	nested_a_in_b	3	3	True	44	0.27	1.0	gain	FP	TP
chr14	106259531	106270868	11337	1	22	0	23	nested_a_in_b	nested_a_in_b	3	3	True	46	0.27	0.922	gain	FP	TP
chr14	106259531	106271615	12084	1	15	0	24	nested_a_in_b	nested_a_in_b	3	3	True	40	0.27	0.97	gain	FP	TP
chr14	106259978	106268552	8574	0	25	0	27	nested_a_in_b	nested_a_in_b	3	3	True	52	0.316	0.974	gain	FP	TP
chr14	106259978	106270463	10485	0	23	0	25	nested_a_in_b	nested_a_in_b	3	3	True	48	0.316	1.0	gain	FP	TP
chr14	106259978	106270868	10890	1	23	0	26	nested_a_in_b	nested_a_in_b	3	3	True	50	0.316	0.922	gain	FP	TP
chr14	106259978	106271615	11637	1	16	0	26	nested_a_in_b	nested_a_in_b	3	3	True	43	0.316	0.97	gain	FP	TP
chr14	106259990	106260007	17	68	3	0	27	nested_a_in_b	nested_a_in_b	3	3	True	98	0.297	0.303	gain	FP	FP
chr14	106259990	106268552	8562	0	28	0	26	nested_a_in_b	nested_a_in_b	3	3	True	54	0.297	0.974	gain	FP	TP
chr14	106259990	106270463	10473	0	26	0	24	nested_a_in_b	nested_a_in_b	3	3	True	50	0.297	1.0	gain	FP	TP
chr14	106259990	106270868	10878	1	26	0	25	nested_a_in_b	nested_a_in_b	3	3	True	52	0.297	0.922	gain	FP	TP
chr14	106259990	106271615	11625	1	19	0	25	nested_a_in_b	nested_a_in_b	3	3	True	45	0.297	0.97	gain	FP	TP
chr14	106260007	106268552	8545	0	26	0	25	nested_a_in_b	nested_a_in_b	3	3	True	51	0.303	0.974	gain	FP	TP
chr14	106260007	106270463	10456	0	24	0	23	nested_a_in_b	nested_a_in_b	3	3	True	47	0.303	1.0	gain	FP	TP
chr14	106260007	106270868	10861	1	24	0	24	nested_a_in_b	nested_a_in_b	3	3	True	49	0.303	0.922	gain	FP	TP
chr14	106260007	106271615	11608	1	17	0	24	nested_a_in_b	nested_a_in_b	3	3	True	42	0.303	0.97	gain	FP	TP
chr14	106260019	106268552	8533	0	27	0	27	nested_a_in_b	nested_a_in_b	3	3	True	54	0.323	0.974	gain	FP	TP
chr14	106260019	106270463	10444	0	25	0	25	nested_a_in_b	nested_a_in_b	3	3	True	50	0.323	1.0	gain	FP	TP
chr14	106260019	106270868	10849	1	24	0	26	nested_a_in_b	nested_a_in_b	3	3	True	51	0.323	0.922	gain	FP	TP
chr14	106260019	106271615	11596	0	18	0	26	nested_a_in_b	nested_a_in_b	3	3	True	44	0.323	0.97	gain	FP	TP
chr14	106260053	106268552	8499	0	27	0	25	nested_a_in_b	nested_a_in_b	3	3	True	52	0.32	0.974	gain	FP	TP
chr14	106260053	106270463	10410	0	25	0	23	nested_a_in_b	nested_a_in_b	3	3	True	48	0.32	1.0	gain	FP	TP
chr14	106260053	106270868	10815	1	25	0	24	nested_a_in_b	nested_a_in_b	3	3	True	50	0.32	0.922	gain	FP	TP
chr14	106260053	106271615	11562	1	19	0	24	nested_a_in_b	nested_a_in_b	3	3	True	44	0.32	0.97	gain	FP	TP
chr14	106260409	106261960	1551	64	14	0	14	nested_a_in_b	nested_a_in_b	3	3	True	92	0.14	0.333	gain	TP	TP
chr14	106260409	106268552	8143	0	44	0	10	nested_a_in_b	nested_a_in_b	3	3	True	54	0.14	0.974	gain	TP	TP
chr14	106260409	106270463	10054	0	41	0	9	nested_a_in_b	nested_a_in_b	3	3	True	50	0.14	1.0	gain	TP	TP
chr14	106260409	106270868	10459	1	41	0	10	nested_a_in_b	nested_a_in_b	3	3	True	52	0.14	0.922	gain	TP	TP
chr14	106260409	106271615	11206	1	34	0	10	nested_a_in_b	nested_a_in_b	3	3	True	45	0.14	0.97	gain	TP	TP
chr14	106260844	106268552	7708	0	30	0	27	nested_a_in_b	nested_a_in_b	3	3	True	57	0.337	0.974	gain	TP	TP
chr14	106260844	106270463	9619	0	26	0	26	nested_a_in_b	nested_a_in_b	3	3	True	52	0.337	1.0	gain	TP	TP
chr14	106260844	106270868	10024	1	27	0	26	nested_a_in_b	nested_a_in_b	3	3	True	54	0.337	0.922	gain	TP	TP
chr14	106260844	106271615	10771	1	20	0	26	nested_a_in_b	nested_a_in_b	3	3	True	47	0.337	0.97	gain	TP	TP
chr14	106261960	106268552	6592	0	35	0	26	nested_a_in_b	nested_a_in_b	3	3	True	61	0.333	0.974	gain	TP	TP
chr14	106261960	106270463	8503	0	29	0	25	nested_a_in_b	nested_a_in_b	3	3	True	54	0.333	1.0	gain	TP	TP
chr14	106261960	106270868	8908	2	30	0	25	nested_a_in_b	nested_a_in_b	3	3	True	57	0.333	0.922	gain	TP	TP
chr14	106261960	106271615	9655	1	23	0	25	nested_a_in_b	nested_a_in_b	3	3	True	49	0.333	0.97	gain	TP	TP
chr14	106263711	106263877	166	62	1	0	42	nested_a_in_b	nested_a_in_b	3	3	True	105	0.394	0.411	gain	TP	TP
chr14	106263711	106268552	4841	1	39	0	31	nested_a_in_b	nested_a_in_b	3	3	True	71	0.394	0.974	gain	TP	TP
chr14	106263711	106270463	6752	0	33	0	29	nested_a_in_b	nested_a_in_b	3	3	True	62	0.394	1.0	gain	TP	TP
chr14	106263711	106270868	7157	2	32	0	29	nested_a_in_b	nested_a_in_b	3	3	True	63	0.394	0.922	gain	TP	TP
chr14	106263711	106271615	7904	1	26	0	29	nested_a_in_b	nested_a_in_b	3	3	True	56	0.394	0.97	gain	TP	TP
chr14	106263877	106268552	4675	1	39	0	33	nested_a_in_b	nested_a_in_b	3	3	True	73	0.411	0.974	gain	TP	TP
chr14	106263877	106270463	6586	0	33	0	31	nested_a_in_b	nested_a_in_b	3	3	True	64	0.411	1.0	gain	TP	TP
chr14	106263877	106270868	6991	2	32	0	31	nested_a_in_b	nested_a_in_b	3	3	True	65	0.411	0.922	gain	TP	TP
chr14	106263877	106271615	7738	1	25	0	31	nested_a_in_b	nested_a_in_b	3	3	True	57	0.411	0.97	gain	TP	TP
chr14	106263928	106264043	115	42	2	0	62	nested_a_in_b	nested_a_in_b	3	3	True	106	0.587	0.591	gain	TP	TP
chr14	106263928	106270463	6535	0	30	0	33	nested_a_in_b	nested_a_in_b	3	3	True	63	0.587	1.0	gain	TP	TP
chr14	106264043	106270463	6420	0	31	0	34	nested_a_in_b	nested_a_in_b	3	3	True	65	0.591	1.0	gain	TP	TP
chr14	106264354	106270463	6109	0	32	0	31	nested_a_in_b	nested_a_in_b	3	3	True	63	0.434	1.0	gain	TP	TP
chr14	106264354	106270868	6514	2	32	0	30	nested_a_in_b	nested_a_in_b	3	3	True	64	0.434	0.922	gain	TP	TP
chr14	106264354	106271615	7261	1	24	0	30	nested_a_in_b	nested_a_in_b	3	3	True	55	0.434	0.97	gain	TP	TP
chr14	106265666	106268552	2886	1	47	0	36	nested_a_in_b	nested_a_in_b	3	3	True	84	0.418	0.974	gain	TP	TP
chr14	106265666	106270463	4797	0	39	0	32	nested_a_in_b	nested_a_in_b	3	3	True	71	0.418	1.0	gain	TP	TP
chr14	106265666	106270868	5202	2	37	0	31	nested_a_in_b	nested_a_in_b	3	3	True	70	0.418	0.922	gain	TP	TP
chr14	106265666	106271615	5949	1	30	0	31	nested_a_in_b	nested_a_in_b	3	3	True	62	0.418	0.97	gain	TP	TP
chr14	106268545	106270463	1918	0	44	0	40	nested_a_in_b	nested_a_in_b	3	3	True	84	0.482	1.0	gain	TP	TP
chr14	106268545	106271615	3070	2	38	0	34	nested_a_in_b	nested_a_in_b	3	3	True	74	0.482	0.97	gain	TP	TP
chr14	106268552	106270463	1911	0	2	0	89	nested_a_in_b	nested_a_in_b	3	3	True	91	0.974	1.0	gain	TP	TP
chr14	106268552	106271615	3063	1	1	0	78	nested_a_in_b	nested_a_in_b	3	3	True	80	0.974	0.97	gain	TP	TP
chr14	106269575	106270463	888	0	46	0	45	nested_a_in_b	nested_a_in_b	3	3	True	91	0.481	1.0	gain	TP	TP
chr14	106270090	106270463	373	0	7	0	93	nested_a_in_b	nested_a_in_b	3	3	True	100	0.927	1.0	gain	TP	TP
chr14	106270441	106270463	22	0	60	0	43	nested_a_in_b	nested_a_in_b	3	3	True	103	0.407	1.0	gain	TP	TP
chr14	106270441	106270702	261	58	5	0	41	nested_a_in_b	nested_a_in_b	3	3	True	104	0.407	0.45	gain	TP	TP
chr14	106270441	106270718	277	58	6	0	41	nested_a_in_b	nested_a_in_b	3	3	True	105	0.407	0.455	gain	TP	TP
chr14	106270441	106271595	1154	53	5	0	33	nested_a_in_b	nested_a_in_b	3	3	True	91	0.407	0.406	gain	TP	FP
chr14	106270441	106271995	1554	54	4	0	32	nested_a_in_b	nested_a_in_b	3	3	True	90	0.407	0.358	gain	TP	FP
chr14	106270441	106272014	1573	51	7	0	32	nested_a_in_b	nested_a_in_b	3	3	True	90	0.407	0.387	gain	TP	FP
chr14	106270441	106272649	2208	51	4	0	30	nested_a_in_b	nested_a_in_b	3	3	True	85	0.407	0.33	gain	TP	FP
chr14	106270441	106272835	2394	51	3	0	27	nested_a_in_b	nested_a_in_b	3	3	True	81	0.407	0.291	gain	TP	FP
chr14	106270441	106272853	2412	51	4	0	26	nested_a_in_b	nested_a_in_b	3	3	True	81	0.407	0.301	gain	TP	FP
chr14	106270441	106272981	2540	47	4	0	27	nested_a_in_b	nested_a_in_b	3	3	True	78	0.407	0.327	gain	TP	FP
chr14	106270441	106273054	2613	49	5	0	26	nested_a_in_b	nested_a_in_b	3	3	True	80	0.407	0.32	gain	TP	FP
chr14	106270441	106273055	2614	50	4	0	26	nested_a_in_b	nested_a_in_b	3	3	True	80	0.407	0.31	gain	TP	FP
chr14	106270441	106273615	3174	48	4	0	22	nested_a_in_b	nested_a_in_b	3	3	True	74	0.407	0.281	gain	TP	FP
chr14	106270702	106270718	16	59	1	0	49	nested_a_in_b	nested_a_in_b	3	3	True	109	0.45	0.455	gain	TP	TP
chr14	106270702	106271595	893	54	1	0	39	nested_a_in_b	nested_a_in_b	3	3	True	94	0.45	0.406	gain	TP	FP
chr14	106270702	106271615	913	2	53	0	38	nested_a_in_b	nested_a_in_b	3	3	True	93	0.45	0.97	gain	TP	TP
chr14	106270702	106272014	1312	52	2	0	38	nested_a_in_b	nested_a_in_b	3	3	True	92	0.45	0.387	gain	TP	FP
chr14	106270702	106273054	2352	50	2	0	29	nested_a_in_b	nested_a_in_b	3	3	True	81	0.45	0.32	gain	TP	FP
chr14	106271247	106271503	256	61	24	0	13	nested_a_in_b	nested_a_in_b	3	3	True	98	0.127	0.382	gain	FP	FP
chr14	106271247	106271595	348	57	27	0	12	nested_a_in_b	nested_a_in_b	3	3	True	96	0.127	0.406	gain	FP	FP
chr14	106271247	106271615	368	3	81	0	12	nested_a_in_b	nested_a_in_b	3	3	True	96	0.127	0.97	gain	FP	TP
chr14	106271247	106271777	530	60	23	0	12	nested_a_in_b	nested_a_in_b	3	3	True	95	0.127	0.356	gain	FP	FP
chr14	106271247	106272014	767	55	27	0	12	nested_a_in_b	nested_a_in_b	3	3	True	94	0.127	0.387	gain	FP	FP
chr14	106271247	106272475	1228	58	21	0	11	nested_a_in_b	nested_a_in_b	3	3	True	90	0.127	0.321	gain	FP	FP
chr14	106271247	106272627	1380	55	20	0	11	nested_a_in_b	nested_a_in_b	3	3	True	86	0.127	0.32	gain	FP	FP
chr14	106271247	106272649	1402	54	22	0	10	nested_a_in_b	nested_a_in_b	3	3	True	86	0.127	0.33	gain	FP	FP
chr14	106271247	106272832	1585	57	16	0	11	nested_a_in_b	nested_a_in_b	3	3	True	84	0.127	0.284	gain	FP	FP
chr14	106271247	106272853	1606	55	21	0	8	nested_a_in_b	nested_a_in_b	3	3	True	84	0.127	0.301	gain	FP	FP
chr14	106271247	106272879	1632	56	20	0	9	nested_a_in_b	nested_a_in_b	3	3	True	85	0.127	0.311	gain	FP	FP
chr14	106271247	106272981	1734	51	21	0	9	nested_a_in_b	nested_a_in_b	3	3	True	81	0.127	0.327	gain	FP	FP
chr14	106271247	106273054	1807	52	23	0	7	nested_a_in_b	nested_a_in_b	3	3	True	82	0.127	0.32	gain	FP	FP
chr14	106271247	106273055	1808	53	21	0	8	nested_a_in_b	nested_a_in_b	3	3	True	82	0.127	0.31	gain	FP	FP
chr14	106271247	106273615	2368	52	18	0	8	nested_a_in_b	nested_a_in_b	3	3	True	78	0.127	0.281	gain	FP	FP
chr14	106271270	106271595	325	57	4	0	37	nested_a_in_b	nested_a_in_b	3	3	True	98	0.404	0.406	gain	FP	FP
chr14	106271270	106272014	744	56	4	0	36	nested_a_in_b	nested_a_in_b	3	3	True	96	0.404	0.387	gain	FP	FP
chr14	106271270	106272649	1379	54	3	0	31	nested_a_in_b	nested_a_in_b	3	3	True	88	0.404	0.33	gain	FP	FP
chr14	106271270	106272853	1583	55	3	0	28	nested_a_in_b	nested_a_in_b	3	3	True	86	0.404	0.301	gain	FP	FP
chr14	106271270	106272981	1711	51	3	0	29	nested_a_in_b	nested_a_in_b	3	3	True	83	0.404	0.327	gain	FP	FP
chr14	106271270	106273054	1784	52	5	0	27	nested_a_in_b	nested_a_in_b	3	3	True	84	0.404	0.32	gain	FP	FP
chr14	106271270	106273055	1785	53	3	0	28	nested_a_in_b	nested_a_in_b	3	3	True	84	0.404	0.31	gain	FP	FP
chr14	106271270	106273615	2345	51	2	0	25	nested_a_in_b	nested_a_in_b	3	3	True	78	0.404	0.281	gain	FP	FP
chr14	106271295	106271296	1	61	2	0	37	nested_a_in_b	nested_a_in_b	3	3	True	100	0.366	0.392	gain	FP	FP
chr14	106271295	106271595	300	58	4	0	34	nested_a_in_b	nested_a_in_b	3	3	True	96	0.366	0.406	gain	FP	FP
chr14	106271295	106271995	700	58	4	0	32	nested_a_in_b	nested_a_in_b	3	3	True	94	0.366	0.358	gain	FP	FP
chr14	106271295	106272014	719	55	7	0	32	nested_a_in_b	nested_a_in_b	3	3	True	94	0.366	0.387	gain	FP	FP
chr14	106271295	106272649	1354	54	4	0	28	nested_a_in_b	nested_a_in_b	3	3	True	86	0.366	0.33	gain	FP	FP
chr14	106271295	106272853	1558	55	4	0	25	nested_a_in_b	nested_a_in_b	3	3	True	84	0.366	0.301	gain	FP	FP
chr14	106271295	106272981	1686	51	4	0	26	nested_a_in_b	nested_a_in_b	3	3	True	81	0.366	0.327	gain	FP	FP
chr14	106271295	106273054	1759	52	5	0	25	nested_a_in_b	nested_a_in_b	3	3	True	82	0.366	0.32	gain	FP	FP
chr14	106271295	106273055	1760	53	4	0	25	nested_a_in_b	nested_a_in_b	3	3	True	82	0.366	0.31	gain	FP	FP
chr14	106271295	106273615	2320	51	4	0	21	nested_a_in_b	nested_a_in_b	3	3	True	76	0.366	0.281	gain	FP	FP
chr14	106271296	106271595	299	58	2	0	37	nested_a_in_b	nested_a_in_b	3	3	True	97	0.392	0.406	gain	FP	FP
chr14	106271296	106271995	699	58	2	0	35	nested_a_in_b	nested_a_in_b	3	3	True	95	0.392	0.358	gain	FP	FP
chr14	106271296	106272014	718	55	5	0	35	nested_a_in_b	nested_a_in_b	3	3	True	95	0.392	0.387	gain	FP	FP
chr14	106271296	106272649	1353	54	3	0	31	nested_a_in_b	nested_a_in_b	3	3	True	88	0.392	0.33	gain	FP	FP
chr14	106271296	106272853	1557	55	3	0	28	nested_a_in_b	nested_a_in_b	3	3	True	86	0.392	0.301	gain	FP	FP
chr14	106271296	106272981	1685	51	3	0	29	nested_a_in_b	nested_a_in_b	3	3	True	83	0.392	0.327	gain	FP	FP
chr14	106271296	106273054	1758	52	4	0	28	nested_a_in_b	nested_a_in_b	3	3	True	84	0.392	0.32	gain	FP	FP
chr14	106271296	106273055	1759	53	3	0	28	nested_a_in_b	nested_a_in_b	3	3	True	84	0.392	0.31	gain	FP	FP
chr14	106271296	106273615	2319	51	3	0	24	nested_a_in_b	nested_a_in_b	3	3	True	78	0.392	0.281	gain	FP	FP
chr14	106271503	106271595	92	59	4	0	37	nested_a_in_b	nested_a_in_b	3	3	True	100	0.382	0.406	gain	FP	FP
chr14	106271503	106272014	511	57	5	0	35	nested_a_in_b	nested_a_in_b	3	3	True	97	0.382	0.387	gain	FP	FP
chr14	106271503	106272649	1146	56	3	0	31	nested_a_in_b	nested_a_in_b	3	3	True	90	0.382	0.33	gain	FP	FP
chr14	106271503	106272853	1350	57	3	0	28	nested_a_in_b	nested_a_in_b	3	3	True	88	0.382	0.301	gain	FP	FP
chr14	106271503	106272981	1478	53	3	0	29	nested_a_in_b	nested_a_in_b	3	3	True	85	0.382	0.327	gain	FP	FP
chr14	106271503	106273054	1551	54	5	0	27	nested_a_in_b	nested_a_in_b	3	3	True	86	0.382	0.32	gain	FP	FP
chr14	106271503	106273055	1552	55	3	0	28	nested_a_in_b	nested_a_in_b	3	3	True	86	0.382	0.31	gain	FP	FP
chr14	106271503	106273615	2112	53	3	0	24	nested_a_in_b	nested_a_in_b	3	3	True	80	0.382	0.281	gain	FP	FP
chr14	106271777	106272014	237	62	4	0	34	nested_a_in_b	nested_a_in_b	3	3	True	100	0.356	0.387	gain	FP	FP
chr14	106271777	106272649	872	61	1	0	31	nested_a_in_b	nested_a_in_b	3	3	True	93	0.356	0.33	gain	FP	FP
chr14	106271777	106272853	1076	61	1	0	27	nested_a_in_b	nested_a_in_b	3	3	True	89	0.356	0.301	gain	FP	FP
chr14	106271777	106272981	1204	57	1	0	28	nested_a_in_b	nested_a_in_b	3	3	True	86	0.356	0.327	gain	FP	FP
chr14	106271777	106273054	1277	58	3	0	26	nested_a_in_b	nested_a_in_b	3	3	True	87	0.356	0.32	gain	FP	FP
chr14	106271777	106273055	1278	59	1	0	27	nested_a_in_b	nested_a_in_b	3	3	True	87	0.356	0.31	gain	FP	FP
chr14	106271777	106273615	1838	55	1	0	24	nested_a_in_b	nested_a_in_b	3	3	True	80	0.356	0.281	gain	FP	FP
chr14	106271995	106272014	19	65	3	0	38	nested_a_in_b	nested_a_in_b	3	3	True	106	0.358	0.387	gain	FP	FP
chr14	106271995	106272649	654	64	1	0	33	nested_a_in_b	nested_a_in_b	3	3	True	98	0.358	0.33	gain	FP	FP
chr14	106271995	106272853	858	64	1	0	30	nested_a_in_b	nested_a_in_b	3	3	True	95	0.358	0.301	gain	FP	FP
chr14	106271995	106272981	986	58	1	0	31	nested_a_in_b	nested_a_in_b	3	3	True	90	0.358	0.327	gain	FP	FP
chr14	106271995	106273054	1059	60	2	0	30	nested_a_in_b	nested_a_in_b	3	3	True	92	0.358	0.32	gain	FP	FP
chr14	106271995	106273055	1060	61	1	0	30	nested_a_in_b	nested_a_in_b	3	3	True	92	0.358	0.31	gain	FP	FP
chr14	106271995	106273615	1620	57	1	0	26	nested_a_in_b	nested_a_in_b	3	3	True	84	0.358	0.281	gain	FP	FP
chr14	106272088	106272649	561	63	3	0	31	nested_a_in_b	nested_a_in_b	3	3	True	97	0.343	0.33	gain	FP	FP
chr14	106272088	106272853	765	63	2	0	29	nested_a_in_b	nested_a_in_b	3	3	True	94	0.343	0.301	gain	FP	FP
chr14	106272088	106272981	893	58	3	0	29	nested_a_in_b	nested_a_in_b	3	3	True	90	0.343	0.327	gain	FP	FP
chr14	106272088	106273054	966	59	4	0	28	nested_a_in_b	nested_a_in_b	3	3	True	91	0.343	0.32	gain	FP	FP
chr14	106272088	106273055	967	60	2	0	29	nested_a_in_b	nested_a_in_b	3	3	True	91	0.343	0.31	gain	FP	FP
chr14	106272088	106273615	1527	56	1	0	26	nested_a_in_b	nested_a_in_b	3	3	True	83	0.343	0.281	gain	FP	FP
chr14	106272475	106273055	580	65	2	0	29	nested_a_in_b	nested_a_in_b	3	3	True	96	0.321	0.31	gain	FP	FP
chr14	106272500	106272649	149	67	3	0	30	nested_a_in_b	nested_a_in_b	3	3	True	100	0.298	0.33	gain	FP	FP
chr14	106272500	106272853	353	67	3	0	27	nested_a_in_b	nested_a_in_b	3	3	True	97	0.298	0.301	gain	FP	FP
chr14	106272500	106272981	481	62	3	0	28	nested_a_in_b	nested_a_in_b	3	3	True	93	0.298	0.327	gain	FP	FP
chr14	106272500	106273054	554	63	4	0	27	nested_a_in_b	nested_a_in_b	3	3	True	94	0.298	0.32	gain	FP	FP
chr14	106272500	106273055	555	64	3	0	27	nested_a_in_b	nested_a_in_b	3	3	True	94	0.298	0.31	gain	FP	FP
chr14	106272500	106273615	1115	60	3	0	23	nested_a_in_b	nested_a_in_b	3	3	True	86	0.298	0.281	gain	FP	FP
chr14	106272627	106272649	22	67	2	0	32	nested_a_in_b	nested_a_in_b	3	3	True	101	0.32	0.33	gain	FP	FP
chr14	106272627	106272853	226	67	2	0	29	nested_a_in_b	nested_a_in_b	3	3	True	98	0.32	0.301	gain	FP	FP
chr14	106272627	106272981	354	61	2	0	30	nested_a_in_b	nested_a_in_b	3	3	True	93	0.32	0.327	gain	FP	FP
chr14	106272627	106273054	427	63	4	0	28	nested_a_in_b	nested_a_in_b	3	3	True	95	0.32	0.32	gain	FP	FP
chr14	106272627	106273055	428	64	2	0	29	nested_a_in_b	nested_a_in_b	3	3	True	95	0.32	0.31	gain	FP	FP
chr14	106272627	106273615	988	60	1	0	26	nested_a_in_b	nested_a_in_b	3	3	True	87	0.32	0.281	gain	FP	FP
chr14	106272649	106273054	405	65	2	0	29	nested_a_in_b	nested_a_in_b	3	3	True	96	0.33	0.32	gain	FP	FP
chr14	106272832	106272853	21	71	2	0	26	nested_a_in_b	nested_a_in_b	3	3	True	99	0.284	0.301	gain	FP	FP
chr14	106272832	106272981	149	65	2	0	27	nested_a_in_b	nested_a_in_b	3	3	True	94	0.284	0.327	gain	FP	FP
chr14	106272832	106273054	222	67	4	0	25	nested_a_in_b	nested_a_in_b	3	3	True	96	0.284	0.32	gain	FP	FP
chr14	106272832	106273055	223	68	2	0	26	nested_a_in_b	nested_a_in_b	3	3	True	96	0.284	0.31	gain	FP	FP
chr14	106272832	106273615	783	63	2	0	22	nested_a_in_b	nested_a_in_b	3	3	True	87	0.284	0.281	gain	FP	FP
chr14	106272835	106272853	18	71	2	0	27	nested_a_in_b	nested_a_in_b	3	3	True	100	0.291	0.301	gain	FP	FP
chr14	106272835	106272981	146	65	2	0	28	nested_a_in_b	nested_a_in_b	3	3	True	95	0.291	0.327	gain	FP	FP
chr14	106272835	106273054	219	67	4	0	26	nested_a_in_b	nested_a_in_b	3	3	True	97	0.291	0.32	gain	FP	FP
chr14	106272835	106273055	220	68	2	0	27	nested_a_in_b	nested_a_in_b	3	3	True	97	0.291	0.31	gain	FP	FP
chr14	106272835	106273615	780	63	2	0	23	nested_a_in_b	nested_a_in_b	3	3	True	88	0.291	0.281	gain	FP	FP
chr14	106272853	106273054	201	68	2	0	30	nested_a_in_b	nested_a_in_b	3	3	True	100	0.301	0.32	gain	FP	FP
chr14	106272875	106272981	106	65	2	0	30	nested_a_in_b	nested_a_in_b	3	3	True	97	0.294	0.327	gain	FP	FP
chr14	106272875	106273054	179	67	3	0	29	nested_a_in_b	nested_a_in_b	3	3	True	99	0.294	0.32	gain	FP	FP
chr14	106272875	106273055	180	68	2	0	29	nested_a_in_b	nested_a_in_b	3	3	True	99	0.294	0.31	gain	FP	FP
chr14	106272875	106273615	740	63	2	0	25	nested_a_in_b	nested_a_in_b	3	3	True	90	0.294	0.281	gain	FP	FP
chr14	106272981	106273054	73	63	2	0	30	nested_a_in_b	nested_a_in_b	3	3	True	95	0.327	0.32	gain	FP	FP
chr14	106280839	106284815	3976	0	2	0	39	nested_a_in_b	nested_a_in_b	1-1	1-1	True	41	0.943	1.0	gain	TP	TP
chr14	106280839	106289571	8732	0	2	0	32	nested_a_in_b	nested_a_in_b	1-1	1-1	True	34	0.943	0.988	gain	TP	TP
chr14	106280839	106290171	9332	0	2	0	29	nested_a_in_b	nested_a_in_b	1-1	1-1	True	31	0.943	0.976	gain	TP	TP
chr14	106280839	106290221	9382	0	2	0	29	nested_a_in_b	nested_a_in_b	1-1	1-1	True	31	0.943	1.0	gain	TP	TP
chr14	106280839	106290913	10074	0	2	0	27	nested_a_in_b	nested_a_in_b	1-1	1-1	True	29	0.943	0.977	gain	TP	TP
chr14	106280839	106291638	10799	0	2	0	28	nested_a_in_b	nested_a_in_b	1-1	1-1	True	30	0.943	1.0	gain	TP	TP
chr14	106280839	106292249	11410	0	2	0	24	nested_a_in_b	nested_a_in_b	1-1	1-1	True	26	0.943	1.0	gain	TP	TP
chr14	106280839	106298874	18035	0	1	0	19	nested_a_in_b	nested_a_in_b	1-1	1-1	True	20	0.943	0.954	gain	TP	TP
chr14	106280839	106300830	19991	0	1	0	17	nested_a_in_b	nested_a_in_b	1-1	1-1	True	18	0.943	0.979	gain	TP	TP
chr14	106284909	106289571	4662	1	2	0	51	nested_a_in_b	nested_a_in_b	1-1	1-1	True	54	0.941	0.988	gain	TP	TP
chr14	106284909	106290221	5312	0	3	0	48	nested_a_in_b	nested_a_in_b	1-1	1-1	True	51	0.941	1.0	gain	TP	TP
chr14	106284909	106290913	6004	0	3	0	44	nested_a_in_b	nested_a_in_b	1-1	1-1	True	47	0.941	0.977	gain	TP	TP
chr14	106284909	106291638	6729	0	3	0	44	nested_a_in_b	nested_a_in_b	1-1	1-1	True	47	0.941	1.0	gain	TP	TP
chr14	106284909	106292249	7340	0	3	0	39	nested_a_in_b	nested_a_in_b	1-1	1-1	True	42	0.941	1.0	gain	TP	TP
chr14	106284909	106298874	13965	0	2	0	27	nested_a_in_b	nested_a_in_b	1-1	1-1	True	29	0.941	0.954	gain	TP	TP
chr14	106284909	106300830	15921	0	1	0	25	nested_a_in_b	nested_a_in_b	1-1	1-1	True	26	0.941	0.979	gain	TP	TP
chr14	106284909	106305342	20433	0	1	0	16	nested_a_in_b	nested_a_in_b	1-1	1-1	True	17	0.941	0.965	gain	TP	TP
chr14	106284909	106309134	24225	0	1	0	13	nested_a_in_b	nested_a_in_b	1-1	1-1	True	14	0.941	0.944	gain	TP	TP
chr14	106284909	106313290	28381	0	1	0	7	nested_a_in_b	nested_a_in_b	1-1	1-1	True	8	0.941	1.0	gain	TP	TP
chr14	106284909	106313793	28884	0	1	0	8	nested_a_in_b	nested_a_in_b	1-1	1-1	True	9	0.941	0.966	gain	TP	TP
chr14	106284909	106315485	30576	0	1	0	8	nested_a_in_b	nested_a_in_b	1-1	1-1	True	9	0.941	0.986	gain	TP	TP
chr14	106288214	106290221	2007	0	6	0	56	nested_a_in_b	nested_a_in_b	1-1	1-1	True	62	0.912	1.0	gain	TP	TP
chr14	106288214	106290913	2699	0	6	0	50	nested_a_in_b	nested_a_in_b	1-1	1-1	True	56	0.912	0.977	gain	TP	TP
chr14	106288214	106291638	3424	0	6	0	50	nested_a_in_b	nested_a_in_b	1-1	1-1	True	56	0.912	1.0	gain	TP	TP
chr14	106288214	106292249	4035	0	5	0	44	nested_a_in_b	nested_a_in_b	1-1	1-1	True	49	0.912	1.0	gain	TP	TP
chr14	106288214	106298874	10660	0	1	0	33	nested_a_in_b	nested_a_in_b	1-1	1-1	True	34	0.912	0.954	gain	TP	TP
chr14	106288214	106300830	12616	0	2	0	28	nested_a_in_b	nested_a_in_b	1-1	1-1	True	30	0.912	0.979	gain	TP	TP
chr14	106288214	106305342	17128	0	1	0	20	nested_a_in_b	nested_a_in_b	1-1	1-1	True	21	0.912	0.965	gain	TP	TP
chr14	106288214	106313793	25579	0	1	0	8	nested_a_in_b	nested_a_in_b	1-1	1-1	True	9	0.912	0.966	gain	TP	TP
chr14	106288214	106315485	27271	0	1	0	8	nested_a_in_b	nested_a_in_b	1-1	1-1	True	9	0.912	0.986	gain	TP	TP
chr14	106289177	106290221	1044	0	2	0	70	nested_a_in_b	nested_a_in_b	1-1	1-1	True	72	0.977	1.0	gain	TP	TP
chr14	106289177	106290913	1736	0	1	0	65	nested_a_in_b	nested_a_in_b	1-1	1-1	True	66	0.977	0.977	gain	TP	TP
chr14	106289177	106291638	2461	0	1	0	65	nested_a_in_b	nested_a_in_b	1-1	1-1	True	66	0.977	1.0	gain	TP	TP
chr14	106289571	106290221	650	0	1	0	74	nested_a_in_b	nested_a_in_b	1-1	1-1	True	75	0.988	1.0	gain	TP	TP
chr14	106289571	106291638	2067	0	1	0	68	nested_a_in_b	nested_a_in_b	1-1	1-1	True	69	0.988	1.0	gain	TP	TP
chr14	106289571	106292249	2678	0	1	0	60	nested_a_in_b	nested_a_in_b	1-1	1-1	True	61	0.988	1.0	gain	TP	TP
chr14	106289571	106298874	9303	0	1	0	38	nested_a_in_b	nested_a_in_b	1-1	1-1	True	39	0.988	0.954	gain	TP	TP
chr14	106290171	106290221	50	0	2	0	78	nested_a_in_b	nested_a_in_b	1-1	1-1	True	80	0.976	1.0	gain	TP	TP
chr14	106290171	106291638	1467	0	2	0	72	nested_a_in_b	nested_a_in_b	1-1	1-1	True	74	0.976	1.0	gain	TP	TP
chr14	106290171	106292249	2078	0	2	0	64	nested_a_in_b	nested_a_in_b	1-1	1-1	True	66	0.976	1.0	gain	TP	TP
chr14	106290171	106298874	8703	0	1	0	39	nested_a_in_b	nested_a_in_b	1-1	1-1	True	40	0.976	0.954	gain	TP	TP
chr14	106290171	106300830	10659	0	1	0	35	nested_a_in_b	nested_a_in_b	1-1	1-1	True	36	0.976	0.979	gain	TP	TP
chr14	106290171	106309134	18963	0	1	0	17	nested_a_in_b	nested_a_in_b	1-1	1-1	True	18	0.976	0.944	gain	TP	TP
chr14	106290171	106313290	23119	0	1	0	9	nested_a_in_b	nested_a_in_b	1-1	1-1	True	10	0.976	1.0	gain	TP	TP
chr14	106290171	106313793	23622	0	1	0	10	nested_a_in_b	nested_a_in_b	1-1	1-1	True	11	0.976	0.966	gain	TP	TP
chr14	106290171	106315485	25314	0	1	0	9	nested_a_in_b	nested_a_in_b	1-1	1-1	True	10	0.976	0.986	gain	TP	TP
chr14	106290913	106291638	725	0	2	0	81	nested_a_in_b	nested_a_in_b	1-1	1-1	True	83	0.977	1.0	gain	TP	TP
chr14	106290913	106292249	1336	0	2	0	70	nested_a_in_b	nested_a_in_b	1-1	1-1	True	72	0.977	1.0	gain	TP	TP
chr14	106290913	106300830	9917	0	2	0	40	nested_a_in_b	nested_a_in_b	1-1	1-1	True	42	0.977	0.979	gain	TP	TP
chr14	106290913	106309134	18221	0	2	0	21	nested_a_in_b	nested_a_in_b	1-1	1-1	True	23	0.977	0.944	gain	TP	TP
chr14	106290913	106313290	22377	0	1	0	11	nested_a_in_b	nested_a_in_b	1-1	1-1	True	12	0.977	1.0	gain	TP	TP
chr14	106290913	106313793	22880	0	1	0	12	nested_a_in_b	nested_a_in_b	1-1	1-1	True	13	0.977	0.966	gain	TP	TP
chr14	106290913	106315485	24572	0	1	0	11	nested_a_in_b	nested_a_in_b	1-1	1-1	True	12	0.977	0.986	gain	TP	TP
chr14	106290913	106319169	28256	0	1	0	5	nested_a_in_b	nested_a_in_b	1-1	1-1	True	6	0.977	1.0	gain	TP	TP
chr14	106290913	106320447	29534	0	1	0	5	nested_a_in_b	nested_a_in_b	1-1	1-1	True	6	0.977	1.0	gain	TP	TP
chr14	106293540	106298874	5334	1	2	0	51	nested_a_in_b	nested_a_in_b	1-1	1-1	True	54	0.932	0.954	gain	TP	TP
chr14	106293540	106300830	7290	0	4	0	45	nested_a_in_b	nested_a_in_b	1-1	1-1	True	49	0.932	0.979	gain	TP	TP
chr14	106293540	106313793	20253	0	1	0	11	nested_a_in_b	nested_a_in_b	1-1	1-1	True	12	0.932	0.966	gain	TP	TP
chr14	106293540	106315485	21945	0	1	0	10	nested_a_in_b	nested_a_in_b	1-1	1-1	True	11	0.932	0.986	gain	TP	TP
chr14	106293969	106313290	19321	0	1	0	12	nested_a_in_b	nested_a_in_b	1-1	1-1	True	13	0.951	1.0	gain	TP	TP
chr14	106293969	106313793	19824	0	1	0	11	nested_a_in_b	nested_a_in_b	1-1	1-1	True	12	0.951	0.966	gain	TP	TP
chr14	106293969	106315485	21516	0	1	0	10	nested_a_in_b	nested_a_in_b	1-1	1-1	True	11	0.951	0.986	gain	TP	TP
chr14	106300830	106313290	12460	0	1	0	23	nested_a_in_b	nested_a_in_b	1-1	1-1	True	24	0.979	1.0	gain	TP	TP
chr14	106300830	106315485	14655	0	1	0	20	nested_a_in_b	nested_a_in_b	1-1	1-1	True	21	0.979	0.986	gain	TP	TP
chr14	106300830	106319169	18339	0	1	0	14	nested_a_in_b	nested_a_in_b	1-1	1-1	True	15	0.979	1.0	gain	TP	TP
chr14	106300830	106320447	19617	0	1	0	14	nested_a_in_b	nested_a_in_b	1-1	1-1	True	15	0.979	1.0	gain	TP	TP
chr14	106305342	106313290	7948	0	1	0	29	nested_a_in_b	nested_a_in_b	1-1	1-1	True	30	0.965	1.0	gain	TP	TP
chr14	106305342	106315485	10143	0	1	0	24	nested_a_in_b	nested_a_in_b	1-1	1-1	True	25	0.965	0.986	gain	TP	TP
chr14	106305342	106319169	13827	0	1	0	16	nested_a_in_b	nested_a_in_b	1-1	1-1	True	17	0.965	1.0	gain	TP	TP
chr14	106305342	106320447	15105	0	1	0	16	nested_a_in_b	nested_a_in_b	1-1	1-1	True	17	0.965	1.0	gain	TP	TP
chr14	106305342	106325360	20018	0	1	0	11	nested_a_in_b	nested_a_in_b	1-1	1-1	True	12	0.965	0.72	gain	TP	TP
chr14	106309134	106313290	4156	0	1	0	46	nested_a_in_b	nested_a_in_b	1-1	1-1	True	47	0.944	1.0	gain	TP	TP
chr14	106309134	106319169	10035	0	1	0	22	nested_a_in_b	nested_a_in_b	1-1	1-1	True	23	0.944	1.0	gain	TP	TP
chr14	106309134	106320447	11313	0	1	0	22	nested_a_in_b	nested_a_in_b	1-1	1-1	True	23	0.944	1.0	gain	TP	TP
chr14	106309134	106325360	16226	0	1	0	15	nested_a_in_b	nested_a_in_b	1-1	1-1	True	16	0.944	0.72	gain	TP	TP
chr14	106310346	106313290	2944	0	4	0	45	nested_a_in_b	nested_a_in_b	1-1	1-1	True	49	0.926	1.0	gain	TP	TP
chr14	106310346	106319169	8823	0	2	0	23	nested_a_in_b	nested_a_in_b	1-1	1-1	True	25	0.926	1.0	gain	TP	TP
chr14	106310346	106320447	10101	0	2	0	23	nested_a_in_b	nested_a_in_b	1-1	1-1	True	25	0.926	1.0	gain	TP	TP
chr14	106310346	106325360	15014	0	1	0	16	nested_a_in_b	nested_a_in_b	1-1	1-1	True	17	0.926	0.72	gain	TP	TP
chr14	106313793	106319169	5376	0	1	0	27	nested_a_in_b	nested_a_in_b	1-1	1-1	True	28	0.966	1.0	gain	TP	TP
chr14	106313793	106320447	6654	0	1	0	27	nested_a_in_b	nested_a_in_b	1-1	1-1	True	28	0.966	1.0	gain	TP	TP
chr14	106313793	106324560	10767	0	1	0	22	nested_a_in_b	nested_a_in_b	1-1	1-1	True	23	0.966	0.755	gain	TP	TP
chr14	106313793	106325360	11567	0	1	0	20	nested_a_in_b	nested_a_in_b	1-1	1-1	True	21	0.966	0.72	gain	TP	TP
chr19	2103787	2118254	14467	1	5	0	4	nested_a_in_b	nested_a_in_b	1-1	1-1	True	10	0.425	0.891	loh	TP	TP
chr19	2299676	2300061	385	2	42	0	5	nested_a_in_b	nested_a_in_b	1-1	1-1	True	49	0.102	0.96	loh	FP	TP
chr19	3102316	3123263	20947	0	1	0	14	nested_a_in_b	nested_a_in_b	1-1	1-1	True	15	0.968	1.0	loh	TP	TP
chr19	3945001	3962152	17151	0	4	0	10	nested_a_in_b	nested_a_in_b	1-1	1-1	True	14	0.551	0.984	loh	TP	TP
chr19	3945454	3962152	16698	0	12	0	2	nested_a_in_b	nested_a_in_b	1-1	1-1	True	14	0.217	0.984	loh	FP	TP
chr19	4549792	4570875	21083	1	10	0	1	mutual_excl	nested_a_in_b	1-1	1-1	True	12	0.173	0.937	loh	FP	TP
chr19	4953087	4967388	14301	2	9	0	2	nested_a_in_b	nested_a_in_b	1-1	1-1	True	13	0.269	0.914	loh	TP	TP
chr19	6248682	6265502	16820	2	8	0	4	nested_a_in_b	nested_a_in_b	1-1	1-1	True	14	0.373	0.94	loh	TP	TP
chr19	6609894	6610503	609	0	28	0	16	nested_a_in_b	nested_a_in_b	3	3	True	44	0.378	1.0	loh	TP	TP
chr19	7524303	7529965	5662	0	14	0	20	nested_a_in_b	nested_a_in_b	1-1	1-1	True	34	0.528	0.94	loh	TP	TP
chr19	7524303	7544124	19821	0	3	0	7	nested_a_in_b	nested_a_in_b	1-1	1-1	True	10	0.528	0.963	loh	TP	TP
chr19	7529965	7544124	14159	2	1	0	12	nested_a_in_b	nested_a_in_b	1-1	1-1	True	15	0.94	0.963	loh	TP	TP
chr19	7558283	7576483	18200	0	6	0	4	nested_a_in_b	nested_a_in_b	1-1	1-1	True	10	0.525	0.981	loh	TP	TP
chr19	8503382	8537313	33931	0	6	0	3	nested_a_in_b	nested_a_in_b	2-1	2-1	True	9	0.415	0.947	loh	TP	TP
chr19	14314508	14316568	2060	31	26	0	21	nested_a_in_b	nested_a_in_b	2-1	2-1	True	78	0.223	0.545	gain	TP	TP
chr19	14915374	14926945	11571	26	2	0	18	nested_a_in_b	nested_a_in_b	1-1	1-1	True	46	0.36	0.449	gain	TP	TP
chr19	14915374	14931455	16081	17	3	0	9	nested_a_in_b	nested_a_in_b	1-1	1-1	True	29	0.36	0.373	gain	TP	TP
chr19	17538719	17555816	17097	11	1	0	7	nested_a_in_b	nested_a_in_b	1-1	1-1	True	19	0.413	0.343	gain	TP	TP
chr19	17544085	17555816	11731	19	2	0	5	nested_a_in_b	nested_a_in_b	1-1	1-1	True	26	0.372	0.343	gain	TP	TP
chr19	18282420	18292426	10006	3	11	0	6	nested_a_in_b	nested_a_in_b	2-1	2-1	True	20	0.246	0.6	gain	FP	TP
chr19	20948221	20964850	16629	15	6	0	2	nested_a_in_b	nested_a_in_b	2-1	2-1	True	23	0.078	0.387	gain	TP	TP
chr19	21536080	21549971	13891	11	7	0	2	nested_a_in_b	nested_a_in_b	1-1	1-1	True	20	0.114	0.368	gain	TP	TP
chr19	22029139	22050745	21606	8	3	0	4	nested_a_in_b	nested_a_in_b	2-1	2-1	True	15	0.298	0.593	gain	TP	TP
chr19	22141605	22152374	10769	24	13	0	2	nested_a_in_b	nested_a_in_b	1-1	1-1	True	39	0.099	0.341	gain	TP	TP
chr19	23492164	23509921	17757	9	5	0	8	nested_a_in_b	nested_a_in_b	2-1	2-1	True	22	0.325	0.42	gain	TP	TP
chr19	23492164	23513926	21762	6	2	0	5	nested_a_in_b	nested_a_in_b	2-1	2-1	True	13	0.325	0.375	gain	TP	TP
chr19	23492164	23516175	24011	5	3	0	5	nested_a_in_b	nested_a_in_b	2-1	2-1	True	13	0.325	0.39	gain	TP	TP
chr19	27511487	27541658	30171	5	2	0	1	mutual_excl	nested_a_in_b	2-1	2-1	True	8	0.274	0.495	gain	TP	TP
chr19	27861723	27880093	18370	11	1	0	11	nested_a_in_b	nested_a_in_b	2-1	2-1	True	23	0.463	0.548	gain	TP	TP
chr19	28325578	28325580	2	70	2	0	27	nested_a_in_b	nested_a_in_b	2-1	2-1	True	99	0.27	0.284	gain	FP	FP
chr19	28325579	28325580	1	68	1	0	28	nested_a_in_b	nested_a_in_b	2-1	2-1	True	97	0.289	0.284	gain	FP	FP
chr19	28519023	28537914	18891	6	6	0	7	nested_a_in_b	nested_a_in_b	2-1	2-1	True	19	0.19	0.549	gain	TP	TP
chr19	28733355	28765351	31996	1	1	0	7	nested_a_in_b	nested_a_in_b	2-1	2-1	True	9	0.448	0.513	gain	TP	TP
chr19	29979343	29979592	249	53	1	0	47	nested_a_in_b	nested_a_in_b	2-1	2-1	True	101	0.472	0.45	gain	TP	TP
chr19	30194784	30210182	15398	12	5	0	6	nested_a_in_b	nested_a_in_b	2-1	2-1	True	23	0.243	0.532	gain	TP	TP
chr19	30525368	30526226	858	38	22	0	16	nested_a_in_b	nested_a_in_b	1-1	1-1	True	76	0.217	0.5	gain	TP	TP
chr19	32334529	32336615	2086	60	1	0	27	nested_a_in_b	nested_a_in_b	2-1	2-1	True	88	0.283	0.321	gain	TP	TP
chr19	32720489	32751990	31501	5	5	0	2	nested_a_in_b	nested_a_in_b	1-1	1-1	True	12	0.183	0.485	gain	TP	TP
chr19	34243139	34255640	12501	9	1	0	3	nested_a_in_b	nested_a_in_b	2-1	2-1	True	13	0.234	0.438	gain	TP	TP
chr19	35181159	35198026	16867	8	4	0	7	nested_a_in_b	nested_a_in_b	1-1	1-1	True	19	0.345	0.582	gain	TP	TP
chr19	36826338	36839936	13598	14	11	0	11	nested_a_in_b	nested_a_in_b	1-1	1-1	True	36	0.29	0.626	gain	TP	TP
chr19	40651384	40659734	8350	4	15	0	16	nested_a_in_b	nested_a_in_b	1-1	1-1	True	35	0.455	0.901	loh	TP	TP
chr19	41619241	41626316	7075	0	1	0	20	nested_a_in_b	nested_a_in_b	1-1	1-1	True	21	0.978	0.957	loh	TP	TP
chr19	41664383	41674851	10468	3	9	0	8	nested_a_in_b	nested_a_in_b	1-1	1-1	True	20	0.431	0.884	loh	TP	TP
chr19	42613188	42617896	4708	0	20	0	21	nested_a_in_b	nested_a_in_b	3	3	True	41	0.549	0.982	loh	TP	TP
chr19	43198461	43204756	6295	1	11	0	13	nested_a_in_b	nested_a_in_b	1-1	1-1	True	25	0.491	0.926	loh	TP	TP
chr19	44828858	44850535	21677	5	2	0	3	nested_a_in_b	nested_a_in_b	1-1	1-1	True	10	0.373	0.38	loh	TP	TP
chr19	45618724	45621905	3181	31	1	0	3	nested_a_in_b	nested_a_in_b	2-1	2-1	True	35	0.073	0.1	loh	FP	FP
chr19	45618724	45623014	4290	28	1	0	2	nested_a_in_b	nested_a_in_b	2-1	2-1	True	31	0.073	0.132	loh	FP	FP
chr19	45621905	45631031	9126	17	1	0	1	sparse	nested_a_in_b	2-1	2-1	True	19	0.1	0.077	loh	FP	FP
chr19	45623014	45631031	8017	18	1	0	1	sparse	nested_a_in_b	2-1	2-1	True	20	0.132	0.077	loh	FP	FP
chr19	45939646	45960597	20951	0	7	0	4	nested_a_in_b	nested_a_in_b	2-1	2-1	True	11	0.393	0.967	loh	TP	TP
chr19	51782649	51787854	5205	15	1	0	29	nested_a_in_b	nested_a_in_b	2-1	2-1	True	45	0.608	0.606	loh	TP	TP
chr19	51782649	51805528	22879	6	1	0	12	nested_a_in_b	nested_a_in_b	2-1	2-1	True	19	0.608	0.632	loh	TP	TP
chr19	54063130	54063131	1	44	4	0	24	nested_a_in_b	nested_a_in_b	2-1	2-1	True	72	0.333	0.389	loh	TP	TP
chr19	56626353	56656869	30516	1	3	0	3	nested_a_in_b	nested_a_in_b	1-1	1-1	True	7	0.319	0.556	loh	TP	TP
chr19	57195772	57213066	17294	1	13	0	9	nested_a_in_b	nested_a_in_b	2-1	2-1	True	23	0.388	0.942	loh	TP	TP
chr5	1200504	1203480	2976	83	18	0	23	nested_a_in_b	nested_a_in_b	1-1	1-1	True	124	0.185	0.309	gain	TP	TP
chr5	1200504	1231003	30499	5	1	0	2	nested_a_in_b	nested_a_in_b	1-1	1-1	True	8	0.185	0.354	gain	TP	TP
chr5	1348479	1375902	27423	11	3	0	2	nested_a_in_b	nested_a_in_b	2-1	2-1	True	16	0.15	0.305	gain	TP	TP
chr5	1851445	1862225	10780	48	1	0	13	nested_a_in_b	nested_a_in_b	1-1	1-1	True	62	0.226	0.191	gain	TP	TP
chr5	2244262	2248828	4566	59	16	0	14	nested_a_in_b	nested_a_in_b	2-1	2-1	True	89	0.157	0.329	gain	TP	TP
chr5	2288692	2304948	16256	17	19	0	14	nested_a_in_b	nested_a_in_b	1-1	1-1	True	50	0.273	0.625	gain	TP	TP
chr5	3543072	3575160	32088	7	1	0	1	sparse	nested_a_in_b	2-1	2-1	True	9	0.12	0.293	gain	TP	TP
chr5	4400821	4408797	7976	54	1	0	19	nested_a_in_b	nested_a_in_b	1-1	1-1	True	74	0.304	0.297	gain	TP	TP
chr5	5235796	5257883	22087	15	1	0	5	nested_a_in_b	nested_a_in_b	1-1	1-1	True	21	0.288	0.275	gain	TP	TP
chr5	5241749	5257883	16134	24	2	0	7	nested_a_in_b	nested_a_in_b	1-1	1-1	True	33	0.291	0.275	gain	TP	TP
chr5	5308944	5310054	1110	92	3	0	47	nested_a_in_b	nested_a_in_b	2-1	2-1	True	142	0.337	0.348	gain	TP	TP
chr5	5315814	5342563	26749	18	5	0	4	nested_a_in_b	nested_a_in_b	1-1	1-1	True	27	0.15	0.326	gain	TP	TP
chr5	5337743	5342563	4820	75	21	0	12	nested_a_in_b	nested_a_in_b	1-1	1-1	True	108	0.133	0.326	gain	TP	TP
chr5	5337743	5342588	4845	73	19	0	12	nested_a_in_b	nested_a_in_b	1-1	1-1	True	104	0.133	0.323	gain	TP	TP
chr5	5911936	5941537	29601	4	1	0	5	nested_a_in_b	nested_a_in_b	1-1	1-1	True	10	0.319	0.338	gain	TP	TP
chr5	6027175	6033156	5981	61	14	0	13	nested_a_in_b	nested_a_in_b	2-1	2-1	True	88	0.193	0.329	gain	TP	TP
chr5	6702572	6714272	11700	38	9	0	6	nested_a_in_b	nested_a_in_b	2-1	2-1	True	53	0.133	0.358	gain	TP	TP
chr5	10178161	10191003	12842	25	10	0	13	nested_a_in_b	nested_a_in_b	2-1	2-1	True	48	0.278	0.459	gain	TP	TP
chr5	12130723	12131259	536	83	1	0	6	nested_a_in_b	nested_a_in_b	1-1	1-1	True	90	0.064	0.074	gain	FP	FP
chr5	13958559	13960376	1817	42	27	0	17	nested_a_in_b	nested_a_in_b	1-1	1-1	True	86	0.243	0.505	gain	TP	TP
chr5	13958559	13988099	29540	2	4	0	1	mutual_excl	nested_a_in_b	1-1	1-1	True	7	0.243	0.551	gain	TP	TP
chr5	14567391	14567392	1	81	1	0	30	nested_a_in_b	nested_a_in_b	1-1	1-1	True	112	0.265	0.277	gain	TP	TP
chr5	14567391	14573808	6417	42	1	0	18	nested_a_in_b	nested_a_in_b	1-1	1-1	True	61	0.265	0.277	gain	TP	TP
chr5	14567392	14573808	6416	42	1	0	18	nested_a_in_b	nested_a_in_b	1-1	1-1	True	61	0.277	0.277	gain	TP	TP
chr5	15859684	15862861	3177	52	22	0	29	nested_a_in_b	nested_a_in_b	1-1	1-1	True	103	0.275	0.496	gain	TP	TP
chr5	18547104	18573314	26210	3	1	0	7	nested_a_in_b	nested_a_in_b	2-1	2-1	True	11	0.592	0.58	gain	TP	TP
chr5	18620266	18620268	2	42	1	0	32	nested_a_in_b	nested_a_in_b	1-1	1-1	True	75	0.427	0.558	gain	TP	TP
chr5	19079583	19081144	1561	55	25	0	32	nested_a_in_b	nested_a_in_b	1-1	1-1	True	112	0.283	0.496	gain	TP	TP
chr5	20072609	20080018	7409	26	14	0	13	nested_a_in_b	nested_a_in_b	2-1	2-1	True	53	0.216	0.454	gain	TP	TP
chr5	20193210	20208179	14969	16	3	0	18	nested_a_in_b	nested_a_in_b	2-1	2-1	True	37	0.516	0.475	gain	TP	TP
chr5	20835300	20855689	20389	4	11	0	3	nested_a_in_b	nested_a_in_b	1-1	1-1	True	18	0.226	0.475	gain	TP	TP
chr5	20835300	20860762	25462	3	9	0	2	nested_a_in_b	nested_a_in_b	1-1	1-1	True	14	0.226	0.487	gain	TP	TP
chr5	20855689	20860762	5073	34	2	0	30	nested_a_in_b	nested_a_in_b	1-1	1-1	True	66	0.475	0.487	gain	TP	TP
chr5	20896776	20903726	6950	24	10	0	19	nested_a_in_b	nested_a_in_b	2-1	2-1	True	53	0.277	0.509	gain	TP	TP
chr5	21904263	21904295	32	50	3	0	55	nested_a_in_b	nested_a_in_b	2-1	2-1	True	108	0.509	0.527	gain	TP	TP
chr5	23253112	23269181	16069	12	1	0	18	nested_a_in_b	nested_a_in_b	2-1	2-1	True	31	0.509	0.481	gain	TP	TP
chr5	23304248	23307449	3201	50	1	0	40	nested_a_in_b	nested_a_in_b	1-1	1-1	True	91	0.492	0.455	gain	TP	TP
chr5	24523522	24542253	18731	11	10	0	7	nested_a_in_b	nested_a_in_b	2-1	2-1	True	28	0.317	0.504	gain	TP	TP
chr5	25369658	25377897	8239	24	1	0	21	nested_a_in_b	nested_a_in_b	1-1	1-1	True	46	0.509	0.484	gain	TP	TP
chr5	25370525	25374857	4332	45	1	0	22	nested_a_in_b	nested_a_in_b	2-1	2-1	True	68	0.306	0.306	gain	TP	TP
chr5	28666159	28695398	29239	5	4	0	1	mutual_excl	nested_a_in_b	1-1	1-1	True	10	0.289	0.5	gain	TP	TP
chr5	28681668	28695398	13730	15	3	0	16	nested_a_in_b	nested_a_in_b	1-1	1-1	True	34	0.346	0.5	gain	TP	TP
chr5	30057227	30071850	14623	11	8	0	7	nested_a_in_b	nested_a_in_b	2-1	2-1	True	26	0.267	0.504	gain	TP	TP
chr5	30266507	30272639	6132	19	13	0	16	nested_a_in_b	nested_a_in_b	1-1	1-1	True	48	0.274	0.59	gain	TP	TP
chr5	30695538	30707568	12030	23	1	0	16	nested_a_in_b	nested_a_in_b	1-1	1-1	True	40	0.462	0.424	gain	TP	TP
chr5	30703412	30707568	4156	40	2	0	33	nested_a_in_b	nested_a_in_b	1-1	1-1	True	75	0.441	0.424	gain	TP	TP
chr5	32625443	32641013	15570	18	10	0	6	nested_a_in_b	nested_a_in_b	1-1	1-1	True	34	0.212	0.521	gain	TP	TP
chr5	32663009	32684752	21743	17	6	0	2	nested_a_in_b	nested_a_in_b	1-1	1-1	True	25	0.197	0.458	gain	TP	TP
chr5	35420215	35430031	9816	17	1	0	11	nested_a_in_b	nested_a_in_b	2-1	2-1	True	29	0.357	0.519	gain	TP	TP
chr5	35708178	35727000	18822	16	1	0	8	nested_a_in_b	nested_a_in_b	2-1	2-1	True	25	0.281	0.254	gain	TP	TP
chr5	36651839	36655022	3183	31	29	0	23	nested_a_in_b	nested_a_in_b	2-1	2-1	True	83	0.245	0.555	gain	TP	TP
chr5	36651839	36677592	25753	8	6	0	6	nested_a_in_b	nested_a_in_b	2-1	2-1	True	20	0.245	0.461	gain	TP	TP
chr5	36663777	36677592	13815	24	9	0	12	nested_a_in_b	nested_a_in_b	2-1	2-1	True	45	0.254	0.461	gain	TP	TP
chr5	37399394	37430125	30731	3	2	0	2	nested_a_in_b	nested_a_in_b	1-1	1-1	True	7	0.283	0.491	gain	TP	TP
chr5	37965867	38001945	36078	2	3	0	2	nested_a_in_b	nested_a_in_b	1-1	1-1	True	7	0.233	0.5	gain	TP	TP
chr5	37969286	38001945	32659	7	2	0	3	nested_a_in_b	nested_a_in_b	1-1	1-1	True	12	0.18	0.5	gain	TP	TP
chr5	38430361	38430370	9	56	1	0	26	nested_a_in_b	nested_a_in_b	2-1	2-1	True	83	0.313	0.333	gain	TP	TP
chr5	42667732	42688843	21111	3	4	0	3	nested_a_in_b	nested_a_in_b	1-1	1-1	True	10	0.338	0.641	gain	TP	TP
chr5	45698211	45703330	5119	13	1	0	29	nested_a_in_b	nested_a_in_b	1-1	1-1	True	43	0.671	0.726	gain	TP	TP
chr5	50873519	50895438	21919	0	3	0	4	nested_a_in_b	nested_a_in_b	2-1	2-1	True	7	0.547	0.962	loh	TP	TP
chr5	50876004	50895438	19434	0	6	0	3	nested_a_in_b	nested_a_in_b	2-1	2-1	True	9	0.533	0.962	loh	TP	TP
chr5	60536738	60553511	16773	0	4	0	9	nested_a_in_b	nested_a_in_b	1-1	1-1	True	13	0.544	0.985	loh	TP	TP
chr5	60538592	60553511	14919	0	1	0	14	nested_a_in_b	nested_a_in_b	1-1	1-1	True	15	0.983	0.985	loh	TP	TP
chr5	64276850	64294315	17465	6	6	0	1	mutual_excl	nested_a_in_b	1-1	1-1	True	13	0.122	0.562	loh	FP	TP
chr5	65304843	65317878	13035	1	11	0	3	nested_a_in_b	nested_a_in_b	2-1	2-1	True	15	0.123	0.964	loh	FP	TP
chr5	68981884	69004627	22743	1	1	0	9	nested_a_in_b	nested_a_in_b	1-1	1-1	True	11	0.964	0.94	loh	TP	TP
chr5	72534548	72541165	6617	1	25	0	3	nested_a_in_b	nested_a_in_b	1-1	1-1	True	29	0.127	0.967	loh	TP	TP
chr5	72538616	72541165	2549	1	31	0	10	nested_a_in_b	nested_a_in_b	1-1	1-1	True	42	0.222	0.967	loh	FP	TP
chr5	73134857	73150144	15287	0	5	0	5	nested_a_in_b	nested_a_in_b	2-1	2-1	True	10	0.55	0.983	loh	TP	TP
chr5	73134857	73150145	15288	0	5	0	5	nested_a_in_b	nested_a_in_b	2-1	2-1	True	10	0.55	1.0	loh	TP	TP
chr5	73150144	73150145	1	0	1	0	59	nested_a_in_b	nested_a_in_b	2-1	2-1	True	60	0.983	1.0	loh	TP	TP
chr5	73150144	73179537	29393	0	1	0	8	nested_a_in_b	nested_a_in_b	2-1	2-1	True	9	0.983	0.949	loh	TP	TP
chr5	73285870	73305141	19271	0	7	0	7	nested_a_in_b	nested_a_in_b	2-1	2-1	True	14	0.547	0.943	loh	TP	TP
chr5	73285870	73305142	19272	0	7	0	7	nested_a_in_b	nested_a_in_b	2-1	2-1	True	14	0.547	0.945	loh	TP	TP
chr5	74978122	74978123	1	6	2	0	45	nested_a_in_b	nested_a_in_b	2-1	2-1	True	53	0.849	0.873	loh	TP	TP
chr5	75029008	75033677	4669	6	15	0	1	mutual_excl	nested_a_in_b	2-1	2-1	True	22	0.152	0.705	loh	FP	TP
chr5	76154248	76175091	20843	0	5	0	1	mutual_excl	nested_a_in_b	1-1	1-1	True	6	0.523	0.881	loh	TP	TP
chr5	76154248	76175092	20844	1	5	0	1	mutual_excl	nested_a_in_b	1-1	1-1	True	7	0.523	0.841	loh	TP	TP
chr5	78231990	78256950	24960	0	6	0	2	nested_a_in_b	nested_a_in_b	1-1	1-1	True	8	0.431	0.984	loh	TP	TP
chr5	78717091	78722270	5179	0	22	0	19	nested_a_in_b	nested_a_in_b	1-1	1-1	True	41	0.459	0.984	loh	TP	TP
chr5	82399030	82412257	13227	0	10	0	7	nested_a_in_b	nested_a_in_b	2-1	2-1	True	17	0.534	0.957	loh	TP	TP
chr5	82892283	82909615	17332	1	6	0	8	nested_a_in_b	nested_a_in_b	2-1	2-1	True	15	0.492	0.981	loh	TP	TP
chr5	83511229	83511230	1	29	2	0	23	nested_a_in_b	nested_a_in_b	1-1	1-1	True	54	0.426	0.463	loh	TP	TP
chr5	83700582	83710260	9678	0	11	0	9	nested_a_in_b	nested_a_in_b	2-1	2-1	True	20	0.463	0.983	loh	TP	TP
chr5	89649339	89655991	6652	1	14	0	16	nested_a_in_b	nested_a_in_b	1-1	1-1	True	31	0.527	0.98	loh	TP	TP
chr5	90234134	90239693	5559	1	19	0	19	nested_a_in_b	nested_a_in_b	1-1	1-1	True	39	0.476	0.951	loh	TP	TP
chr5	95434531	95438094	3563	2	21	0	15	nested_a_in_b	nested_a_in_b	2-1	2-1	True	38	0.421	0.955	loh	TP	TP
chr5	98487791	98497144	9353	16	1	0	12	nested_a_in_b	nested_a_in_b	2-1	2-1	True	29	0.313	0.478	loh	TP	TP
chr5	99288426	99292130	3704	1	25	0	20	nested_a_in_b	nested_a_in_b	2-1	2-1	True	46	0.467	0.983	loh	TP	TP
chr5	102090218	102090219	1	29	1	0	21	nested_a_in_b	nested_a_in_b	2-1	2-1	True	51	0.404	0.423	loh	TP	TP
chr5	109588573	109589113	540	33	2	0	6	nested_a_in_b	nested_a_in_b	1-1	1-1	True	41	0.143	0.19	loh	FP	FP
chr5	109588573	109589392	819	30	1	0	6	nested_a_in_b	nested_a_in_b	1-1	1-1	True	37	0.143	0.171	loh	FP	FP
chr5	113137184	113156896	19712	0	8	0	5	nested_a_in_b	nested_a_in_b	1-1	1-1	True	13	0.265	0.984	loh	TP	TP
chr5	113855568	113860107	4539	1	9	0	18	nested_a_in_b	nested_a_in_b	1-1	1-1	True	28	0.565	0.963	loh	TP	TP
chr5	113861771	113871062	9291	1	8	0	14	nested_a_in_b	nested_a_in_b	1-1	1-1	True	23	0.617	0.952	loh	TP	TP
chr5	114047200	114059483	12283	0	1	0	22	nested_a_in_b	nested_a_in_b	1-1	1-1	True	23	0.964	1.0	loh	TP	TP
chr5	114058046	114059483	1437	0	35	0	24	nested_a_in_b	nested_a_in_b	1-1	1-1	True	59	0.415	1.0	loh	TP	TP
chr5	114355114	114378433	23319	2	7	0	2	nested_a_in_b	nested_a_in_b	1-1	1-1	True	11	0.377	0.939	loh	TP	TP
chr5	114375978	114378433	2455	3	32	0	2	nested_a_in_b	nested_a_in_b	1-1	1-1	True	37	0.055	0.939	loh	FP	TP
chr5	115151620	115151639	19	2	4	0	59	nested_a_in_b	nested_a_in_b	1-1	1-1	True	65	0.91	0.97	loh	TP	TP
chr5	115536069	115549090	13021	1	5	0	12	nested_a_in_b	nested_a_in_b	1-1	1-1	True	18	0.571	0.983	loh	TP	TP
chr5	115787162	115797923	10761	2	14	0	15	nested_a_in_b	nested_a_in_b	1-1	1-1	True	31	0.383	0.92	loh	TP	TP
chr5	116101979	116102763	784	36	1	0	4	nested_a_in_b	nested_a_in_b	1-1	1-1	True	41	0.085	0.109	loh	FP	FP
chr5	119531597	119555082	23485	7	4	0	1	mutual_excl	nested_a_in_b	1-1	1-1	True	12	0.129	0.544	loh	FP	TP
chr5	121064864	121080512	15648	1	1	0	23	nested_a_in_b	nested_a_in_b	1-1	1-1	True	25	0.902	0.929	loh	TP	TP
chr5	125051879	125078092	26213	0	4	0	5	nested_a_in_b	nested_a_in_b	2-1	2-1	True	9	0.554	1.0	loh	TP	TP
chr5	129641570	129663960	22390	0	4	0	2	nested_a_in_b	nested_a_in_b	1-1	1-1	True	6	0.475	1.0	loh	TP	TP
chr5	130196356	130203092	6736	0	13	0	11	nested_a_in_b	nested_a_in_b	1-1	1-1	True	24	0.455	1.0	loh	TP	TP
chr5	130196356	130203765	7409	2	11	0	11	nested_a_in_b	nested_a_in_b	1-1	1-1	True	24	0.455	0.914	loh	TP	TP
chr5	138103492	138103523	31	3	22	0	22	nested_a_in_b	nested_a_in_b	2-1	2-1	True	47	0.458	0.936	loh	TP	TP
chr5	139095924	139099235	3311	1	3	0	38	nested_a_in_b	nested_a_in_b	1-1	1-1	True	42	0.889	0.981	loh	TP	TP
chr5	139771692	139802269	30577	0	5	0	2	nested_a_in_b	nested_a_in_b	2-1	2-1	True	7	0.276	0.979	gain	TP	TP
chr5	143049898	143067359	17461	3	2	0	9	nested_a_in_b	nested_a_in_b	1-1	1-1	True	14	0.605	0.656	gain	TP	TP
chr5	143374690	143380775	6085	35	2	0	10	nested_a_in_b	nested_a_in_b	1-1	1-1	True	47	0.2	0.293	gain	TP	TP
chr5	145553605	145567180	13575	9	6	0	11	nested_a_in_b	nested_a_in_b	1-1	1-1	True	26	0.348	0.662	gain	TP	TP
chr5	145613426	145638371	24945	0	8	0	1	mutual_excl	nested_a_in_b	1-1	1-1	True	9	0.299	0.963	gain	TP	TP
chr5	147080520	147080726	206	34	28	0	31	nested_a_in_b	nested_a_in_b	2-1	2-1	True	93	0.344	0.635	gain	TP	TP
chr5	147764528	147772695	8167	23	2	0	8	nested_a_in_b	nested_a_in_b	2-1	2-1	True	33	0.219	0.239	gain	TP	TP
chr5	148802569	148834080	31511	1	3	0	6	nested_a_in_b	nested_a_in_b	2-1	2-1	True	10	0.714	0.967	gain	TP	TP
chr5	150109953	150137922	27969	5	6	0	2	nested_a_in_b	nested_a_in_b	1-1	1-1	True	13	0.264	0.696	gain	TP	TP
chr5	151146246	151172754	26508	4	1	0	5	nested_a_in_b	nested_a_in_b	1-1	1-1	True	10	0.345	0.584	gain	TP	TP
chr5	152095550	152114341	18791	5	1	0	3	nested_a_in_b	nested_a_in_b	2-1	2-1	True	9	0.282	0.671	gain	TP	TP
chr5	152095550	152114367	18817	4	2	0	3	nested_a_in_b	nested_a_in_b	2-1	2-1	True	9	0.282	0.675	gain	TP	TP
chr5	152114341	152114367	26	24	1	0	51	nested_a_in_b	nested_a_in_b	2-1	2-1	True	76	0.671	0.675	gain	TP	TP
chr5	152263761	152274692	10931	12	5	0	10	nested_a_in_b	nested_a_in_b	2-1	2-1	True	27	0.284	0.646	gain	TP	TP
chr5	152400196	152408792	8596	0	13	0	33	nested_a_in_b	nested_a_in_b	2-1	2-1	True	46	0.663	0.989	gain	TP	TP
chr5	153888942	153892545	3603	1	20	0	43	nested_a_in_b	nested_a_in_b	2-1	2-1	True	64	0.701	0.988	gain	TP	TP
chr5	162107450	162110229	2779	15	21	0	14	nested_a_in_b	nested_a_in_b	2-1	2-1	True	50	0.328	0.667	loh	TP	TP
chr5	162604952	162612474	7522	1	26	0	9	nested_a_in_b	nested_a_in_b	2-1	2-1	True	36	0.268	0.974	loh	TP	TP
chr5	163688378	163688379	1	54	2	0	28	nested_a_in_b	nested_a_in_b	2-1	2-1	True	84	0.322	0.365	loh	TP	TP
chr5	166489441	166495839	6398	15	15	0	8	nested_a_in_b	nested_a_in_b	1-1	1-1	True	38	0.253	0.595	loh	TP	TP
chr5	168197379	168209128	11749	13	17	0	1	mutual_excl	nested_a_in_b	2-1	2-1	True	31	0.048	0.45	loh	FP	TP
chr5	172035270	172049731	14461	2	14	0	9	nested_a_in_b	nested_a_in_b	1-1	1-1	True	25	0.321	0.934	loh	TP	TP
chr5	173280082	173296936	16854	4	6	0	6	nested_a_in_b	nested_a_in_b	1-1	1-1	True	16	0.304	0.697	loh	TP	TP
chr5	174146452	174163124	16672	1	14	0	6	nested_a_in_b	nested_a_in_b	1-1	1-1	True	21	0.309	0.92	loh	TP	TP
chr5	175946003	175946428	425	63	2	0	28	nested_a_in_b	nested_a_in_b	1-1	1-1	True	93	0.303	0.319	loh	FP	FP
chr5	177454599	177463804	9205	4	12	0	34	nested_a_in_b	nested_a_in_b	2-1	2-1	True	50	0.653	0.952	loh	TP	TP
chr5	177460555	177463804	3249	4	48	0	14	nested_a_in_b	nested_a_in_b	2-1	2-1	True	66	0.228	0.952	loh	TP	TP
chr5	177460556	177463804	3248	4	50	0	14	nested_a_in_b	nested_a_in_b	2-1	2-1	True	68	0.222	0.952	loh	TP	TP
chr5	178839731	178855854	16123	14	1	0	14	nested_a_in_b	nested_a_in_b	2-1	2-1	True	29	0.549	0.617	loh	TP	TP
chr5	178839731	178862561	22830	0	11	0	9	nested_a_in_b	nested_a_in_b	2-1	2-1	True	20	0.549	1.0	loh	TP	TP
chr5	178855854	178862561	6707	0	24	0	30	nested_a_in_b	nested_a_in_b	2-1	2-1	True	54	0.617	1.0	loh	TP	TP
chr5	180304403	180330640	26237	1	9	0	1	mutual_excl	nested_a_in_b	1-1	1-1	True	11	0.269	0.935	loh	TP	TP
chr5	180376425	180385109	8684	14	1	0	12	nested_a_in_b	nested_a_in_b	1-1	1-1	True	27	0.284	0.345	loh	TP	TP
chr10	1565567	1571179	5612	0	13	0	20	nested_a_in_b	nested_a_in_b	1-1	1-1	True	33	0.612	0.983	loh	TP	TP
chr10	1637176	1647913	10737	1	19	0	7	nested_a_in_b	nested_a_in_b	1-1	1-1	True	27	0.3	0.964	loh	TP	TP
chr10	1696649	1712309	15660	0	9	0	12	nested_a_in_b	nested_a_in_b	1-1	1-1	True	21	0.491	0.951	loh	TP	TP
chr10	2591173	2608650	17477	0	1	0	13	nested_a_in_b	nested_a_in_b	2-1	2-1	True	14	0.971	0.953	loh	TP	TP
chr10	4402925	4408456	5531	38	2	0	2	nested_a_in_b	nested_a_in_b	3	3	True	42	0.036	0.081	loh	FP	FP
chr10	4403357	4408456	5099	38	2	0	3	nested_a_in_b	nested_a_in_b	3	3	True	43	0.054	0.081	loh	FP	FP
chr10	4403551	4408456	4905	39	2	0	3	nested_a_in_b	nested_a_in_b	3	3	True	44	0.053	0.081	loh	FP	FP
chr10	8992652	9002220	9568	0	10	0	8	nested_a_in_b	nested_a_in_b	2-1	2-1	True	18	0.379	0.979	loh	TP	TP
chr10	11815399	11823264	7865	1	11	0	12	nested_a_in_b	nested_a_in_b	2-1	2-1	True	24	0.434	0.942	loh	TP	TP
chr10	13005082	13027428	22346	1	12	0	3	nested_a_in_b	nested_a_in_b	2-1	2-1	True	16	0.094	0.956	loh	FP	TP
chr10	13740500	13760920	20420	0	4	0	5	nested_a_in_b	nested_a_in_b	2-1	2-1	True	9	0.469	0.981	loh	TP	TP
chr10	13849707	13850223	516	4	32	0	15	nested_a_in_b	nested_a_in_b	2-1	2-1	True	51	0.298	0.927	loh	TP	TP
chr10	14028621	14033533	4912	0	5	0	40	nested_a_in_b	nested_a_in_b	2-1	2-1	True	45	0.889	1.0	loh	TP	TP
chr10	16084877	16099545	14668	1	2	0	19	nested_a_in_b	nested_a_in_b	1-1	1-1	True	22	0.914	0.984	loh	TP	TP
chr10	17247636	17247637	1	31	1	0	17	nested_a_in_b	nested_a_in_b	2-1	2-1	True	49	0.321	0.36	loh	TP	TP
chr10	18678330	18680490	2160	0	28	0	15	nested_a_in_b	nested_a_in_b	2-1	2-1	True	43	0.389	1.0	loh	TP	TP
chr10	19017296	19033680	16384	0	7	0	4	nested_a_in_b	nested_a_in_b	2-1	2-1	True	11	0.464	1.0	loh	TP	TP
chr10	20153966	20172416	18450	0	10	0	4	nested_a_in_b	nested_a_in_b	2-1	2-1	True	14	0.442	0.982	loh	TP	TP
chr10	21052260	21072368	20108	13	3	0	4	nested_a_in_b	nested_a_in_b	1-1	1-1	True	20	0.292	0.426	gain	TP	TP
chr10	21818749	21824092	5343	1	9	0	19	nested_a_in_b	nested_a_in_b	1-1	1-1	True	29	0.615	0.963	loh	TP	TP
chr10	23798405	23802190	3785	0	2	0	27	nested_a_in_b	nested_a_in_b	1-1	1-1	True	29	0.953	1.0	loh	TP	TP
chr10	25919150	25932356	13206	1	15	0	1	mutual_excl	nested_a_in_b	2-1	2-1	True	17	0.059	0.941	loh	FP	TP
chr10	31995689	31996265	576	97	1	0	31	nested_a_in_b	nested_a_in_b	2-1	2-1	True	129	0.234	0.234	gain	TP	TP
chr10	31995689	31997228	1539	88	3	0	32	nested_a_in_b	nested_a_in_b	2-1	2-1	True	123	0.234	0.245	gain	TP	TP
chr10	31996265	31997228	963	96	2	0	32	nested_a_in_b	nested_a_in_b	2-1	2-1	True	130	0.234	0.245	gain	TP	TP
chr10	31996583	31997228	645	101	4	0	31	nested_a_in_b	nested_a_in_b	2-1	2-1	True	136	0.226	0.245	gain	TP	TP
chr10	33798339	33823254	24915	6	2	0	6	nested_a_in_b	nested_a_in_b	2-1	2-1	True	14	0.205	0.45	gain	TP	TP
chr10	33878961	33890614	11653	18	2	0	12	nested_a_in_b	nested_a_in_b	2-1	2-1	True	32	0.46	0.48	gain	TP	TP
chr10	37167330	37167628	298	103	1	0	15	nested_a_in_b	nested_a_in_b	2-1	2-1	True	119	0.124	0.133	gain	FP	FP
chr10	39117236	39133394	16158	10	4	0	8	nested_a_in_b	nested_a_in_b	1-1	1-1	True	22	0.269	0.514	gain	TP	TP
chr10	42908353	42941274	32921	6	2	0	1	mutual_excl	nested_a_in_b	2-1	2-1	True	9	0.091	0.294	gain	FP	TP
chr10	43706501	43713209	6708	62	1	0	33	nested_a_in_b	nested_a_in_b	3	3	True	96	0.355	0.327	gain	TP	TP
chr10	43877885	43877886	1	107	2	0	45	nested_a_in_b	nested_a_in_b	2-1	2-1	True	154	0.29	0.299	gain	TP	TP
chr10	43922719	43943820	21101	7	16	0	6	nested_a_in_b	nested_a_in_b	2-1	2-1	True	29	0.174	0.618	gain	TP	TP
chr10	43922719	43951810	29091	6	3	0	3	nested_a_in_b	nested_a_in_b	2-1	2-1	True	12	0.174	0.337	gain	TP	TP
chr10	44260658	44289699	29041	14	1	0	1	sparse	nested_a_in_b	1-1	1-1	True	16	0.31	0.286	gain	TP	TP
chr10	46427145	46427573	428	61	2	0	10	nested_a_in_b	nested_a_in_b	1-1	1-1	True	73	0.149	0.162	gain	FP	FP
chr10	46531445	46544178	12733	34	9	0	12	nested_a_in_b	nested_a_in_b	1-1	1-1	True	55	0.193	0.371	gain	TP	TP
chr10	46665428	46666161	733	27	1	0	11	nested_a_in_b	nested_a_in_b	1-1	1-1	True	39	0.295	0.286	gain	FP	FP
chr10	46665499	46666161	662	27	3	0	9	nested_a_in_b	nested_a_in_b	1-1	1-1	True	39	0.256	0.286	gain	FP	FP
chr10	46665499	46666604	1105	26	1	0	8	nested_a_in_b	nested_a_in_b	1-1	1-1	True	35	0.256	0.22	gain	FP	FP
chr10	46665586	46665759	173	31	1	0	10	nested_a_in_b	nested_a_in_b	1-1	1-1	True	42	0.256	0.256	gain	FP	FP
chr10	46665586	46666161	575	27	3	0	9	nested_a_in_b	nested_a_in_b	1-1	1-1	True	39	0.256	0.286	gain	FP	FP
chr10	46665586	46666604	1018	26	1	0	8	nested_a_in_b	nested_a_in_b	1-1	1-1	True	35	0.256	0.22	gain	FP	FP
chr10	46665759	46666161	402	28	2	0	10	nested_a_in_b	nested_a_in_b	1-1	1-1	True	40	0.256	0.286	gain	FP	FP
chr10	46665759	46666604	845	27	1	0	8	nested_a_in_b	nested_a_in_b	1-1	1-1	True	36	0.256	0.22	gain	FP	FP
chr10	46665985	46666161	176	28	2	0	9	nested_a_in_b	nested_a_in_b	1-1	1-1	True	39	0.238	0.286	gain	FP	FP
chr10	46665985	46666604	619	28	1	0	8	nested_a_in_b	nested_a_in_b	1-1	1-1	True	37	0.238	0.22	gain	FP	FP
chr10	47137218	47147256	10038	19	2	0	20	nested_a_in_b	nested_a_in_b	2-1	2-1	True	41	0.604	0.582	gain	TP	TP
chr10	47682714	47682736	22	82	1	0	16	nested_a_in_b	nested_a_in_b	1-1	1-1	True	99	0.162	0.172	gain	FP	FP
chr10	47682714	47682745	31	82	1	0	16	nested_a_in_b	nested_a_in_b	1-1	1-1	True	99	0.162	0.172	gain	FP	FP
chr10	47682714	47683161	447	81	1	0	14	nested_a_in_b	nested_a_in_b	1-1	1-1	True	96	0.162	0.152	gain	FP	FP
chr10	47682714	47683259	545	82	1	0	14	nested_a_in_b	nested_a_in_b	1-1	1-1	True	97	0.162	0.15	gain	FP	FP
chr10	47682714	47683280	566	81	1	0	14	nested_a_in_b	nested_a_in_b	1-1	1-1	True	96	0.162	0.152	gain	FP	FP
chr10	47682714	47683446	732	77	2	0	14	nested_a_in_b	nested_a_in_b	1-1	1-1	True	93	0.162	0.162	gain	FP	FP
chr10	47682714	47684638	1924	67	3	0	11	nested_a_in_b	nested_a_in_b	1-1	1-1	True	81	0.162	0.156	gain	FP	FP
chr10	47682714	47685172	2458	64	4	0	11	nested_a_in_b	nested_a_in_b	1-1	1-1	True	79	0.162	0.155	gain	FP	FP
chr10	47682714	47686641	3927	53	5	0	9	nested_a_in_b	nested_a_in_b	1-1	1-1	True	67	0.162	0.163	gain	FP	FP
chr10	47682714	47686824	4110	55	3	0	10	nested_a_in_b	nested_a_in_b	1-1	1-1	True	68	0.162	0.152	gain	FP	FP
chr10	47682714	47687430	4716	51	4	0	10	nested_a_in_b	nested_a_in_b	1-1	1-1	True	65	0.162	0.167	gain	FP	FP
chr10	47682714	47687512	4798	52	3	0	10	nested_a_in_b	nested_a_in_b	1-1	1-1	True	65	0.162	0.144	gain	FP	FP
chr10	47682714	47687598	4884	46	6	0	10	nested_a_in_b	nested_a_in_b	1-1	1-1	True	62	0.162	0.184	gain	FP	FP
chr10	47682714	47689755	7041	35	1	0	9	nested_a_in_b	nested_a_in_b	1-1	1-1	True	45	0.162	0.131	gain	FP	FP
chr10	47682736	47683446	710	77	1	0	15	nested_a_in_b	nested_a_in_b	1-1	1-1	True	93	0.172	0.162	gain	FP	FP
chr10	47682736	47684638	1902	67	2	0	12	nested_a_in_b	nested_a_in_b	1-1	1-1	True	81	0.172	0.156	gain	FP	FP
chr10	47682736	47685172	2436	64	3	0	12	nested_a_in_b	nested_a_in_b	1-1	1-1	True	79	0.172	0.155	gain	FP	FP
chr10	47682736	47686641	3905	53	4	0	10	nested_a_in_b	nested_a_in_b	1-1	1-1	True	67	0.172	0.163	gain	FP	FP
chr10	47682736	47686824	4088	55	2	0	11	nested_a_in_b	nested_a_in_b	1-1	1-1	True	68	0.172	0.152	gain	FP	FP
chr10	47682736	47687430	4694	51	3	0	11	nested_a_in_b	nested_a_in_b	1-1	1-1	True	65	0.172	0.167	gain	FP	FP
chr10	47682736	47687512	4776	52	2	0	11	nested_a_in_b	nested_a_in_b	1-1	1-1	True	65	0.172	0.144	gain	FP	FP
chr10	47682736	47687598	4862	46	5	0	11	nested_a_in_b	nested_a_in_b	1-1	1-1	True	62	0.172	0.184	gain	FP	FP
chr10	47682745	47683446	701	77	1	0	15	nested_a_in_b	nested_a_in_b	1-1	1-1	True	93	0.172	0.162	gain	FP	FP
chr10	47682745	47684638	1893	67	2	0	12	nested_a_in_b	nested_a_in_b	1-1	1-1	True	81	0.172	0.156	gain	FP	FP
chr10	47682745	47685172	2427	64	3	0	12	nested_a_in_b	nested_a_in_b	1-1	1-1	True	79	0.172	0.155	gain	FP	FP
chr10	47682745	47686641	3896	53	4	0	10	nested_a_in_b	nested_a_in_b	1-1	1-1	True	67	0.172	0.163	gain	FP	FP
chr10	47682745	47686824	4079	55	2	0	11	nested_a_in_b	nested_a_in_b	1-1	1-1	True	68	0.172	0.152	gain	FP	FP
chr10	47682745	47687430	4685	51	3	0	11	nested_a_in_b	nested_a_in_b	1-1	1-1	True	65	0.172	0.167	gain	FP	FP
chr10	47682745	47687512	4767	52	2	0	11	nested_a_in_b	nested_a_in_b	1-1	1-1	True	65	0.172	0.144	gain	FP	FP
chr10	47682745	47687598	4853	46	5	0	11	nested_a_in_b	nested_a_in_b	1-1	1-1	True	62	0.172	0.184	gain	FP	FP
chr10	47683161	47683446	285	79	1	0	15	nested_a_in_b	nested_a_in_b	1-1	1-1	True	95	0.152	0.162	gain	FP	FP
chr10	47683161	47684638	1477	69	2	0	12	nested_a_in_b	nested_a_in_b	1-1	1-1	True	83	0.152	0.156	gain	FP	FP
chr10	47683161	47685172	2011	66	3	0	12	nested_a_in_b	nested_a_in_b	1-1	1-1	True	81	0.152	0.155	gain	FP	FP
chr10	47683161	47686641	3480	55	4	0	10	nested_a_in_b	nested_a_in_b	1-1	1-1	True	69	0.152	0.163	gain	FP	FP
chr10	47683161	47686824	3663	56	2	0	11	nested_a_in_b	nested_a_in_b	1-1	1-1	True	69	0.152	0.152	gain	FP	FP
chr10	47683161	47687430	4269	51	3	0	11	nested_a_in_b	nested_a_in_b	1-1	1-1	True	65	0.152	0.167	gain	FP	FP
chr10	47683161	47687512	4351	52	2	0	11	nested_a_in_b	nested_a_in_b	1-1	1-1	True	65	0.152	0.144	gain	FP	FP
chr10	47683161	47687598	4437	46	5	0	11	nested_a_in_b	nested_a_in_b	1-1	1-1	True	62	0.152	0.184	gain	FP	FP
chr10	47683259	47683446	187	80	1	0	15	nested_a_in_b	nested_a_in_b	1-1	1-1	True	96	0.15	0.162	gain	FP	FP
chr10	47683259	47684638	1379	70	2	0	12	nested_a_in_b	nested_a_in_b	1-1	1-1	True	84	0.15	0.156	gain	FP	FP
chr10	47683259	47685172	1913	67	3	0	12	nested_a_in_b	nested_a_in_b	1-1	1-1	True	82	0.15	0.155	gain	FP	FP
chr10	47683259	47686641	3382	56	4	0	10	nested_a_in_b	nested_a_in_b	1-1	1-1	True	70	0.15	0.163	gain	FP	FP
chr10	47683259	47686824	3565	57	2	0	11	nested_a_in_b	nested_a_in_b	1-1	1-1	True	70	0.15	0.152	gain	FP	FP
chr10	47683259	47687430	4171	52	3	0	11	nested_a_in_b	nested_a_in_b	1-1	1-1	True	66	0.15	0.167	gain	FP	FP
chr10	47683259	47687512	4253	53	2	0	11	nested_a_in_b	nested_a_in_b	1-1	1-1	True	66	0.15	0.144	gain	FP	FP
chr10	47683259	47687598	4339	47	5	0	11	nested_a_in_b	nested_a_in_b	1-1	1-1	True	63	0.15	0.184	gain	FP	FP
chr10	47683280	47683446	166	80	1	0	15	nested_a_in_b	nested_a_in_b	1-1	1-1	True	96	0.152	0.162	gain	FP	FP
chr10	47683280	47684638	1358	70	2	0	12	nested_a_in_b	nested_a_in_b	1-1	1-1	True	84	0.152	0.156	gain	FP	FP
chr10	47683280	47685172	1892	67	3	0	12	nested_a_in_b	nested_a_in_b	1-1	1-1	True	82	0.152	0.155	gain	FP	FP
chr10	47683280	47686641	3361	56	4	0	10	nested_a_in_b	nested_a_in_b	1-1	1-1	True	70	0.152	0.163	gain	FP	FP
chr10	47683280	47686824	3544	57	2	0	11	nested_a_in_b	nested_a_in_b	1-1	1-1	True	70	0.152	0.152	gain	FP	FP
chr10	47683280	47687430	4150	52	3	0	11	nested_a_in_b	nested_a_in_b	1-1	1-1	True	66	0.152	0.167	gain	FP	FP
chr10	47683280	47687512	4232	53	2	0	11	nested_a_in_b	nested_a_in_b	1-1	1-1	True	66	0.152	0.144	gain	FP	FP
chr10	47683280	47687598	4318	47	5	0	11	nested_a_in_b	nested_a_in_b	1-1	1-1	True	63	0.152	0.184	gain	FP	FP
chr10	47684354	47689755	5401	39	1	0	9	nested_a_in_b	nested_a_in_b	1-1	1-1	True	49	0.126	0.131	gain	FP	FP
chr10	47684638	47687598	2960	52	4	0	12	nested_a_in_b	nested_a_in_b	1-1	1-1	True	68	0.156	0.184	gain	FP	FP
chr10	47685497	47686641	1144	67	3	0	11	nested_a_in_b	nested_a_in_b	1-1	1-1	True	81	0.115	0.163	gain	FP	FP
chr10	47685497	47686824	1327	67	2	0	11	nested_a_in_b	nested_a_in_b	1-1	1-1	True	80	0.115	0.152	gain	FP	FP
chr10	47685497	47687430	1933	62	3	0	11	nested_a_in_b	nested_a_in_b	1-1	1-1	True	76	0.115	0.167	gain	FP	FP
chr10	48963723	48979244	15521	14	1	0	5	nested_a_in_b	nested_a_in_b	2-1	2-1	True	20	0.313	0.25	gain	TP	TP
chr10	49288942	49296541	7599	12	15	0	14	nested_a_in_b	nested_a_in_b	2-1	2-1	True	41	0.316	0.707	gain	TP	TP
chr10	49491938	49521286	29348	1	1	0	7	nested_a_in_b	nested_a_in_b	2-1	2-1	True	9	0.452	0.65	gain	TP	TP
chr10	50258770	50279586	20816	8	8	0	3	nested_a_in_b	nested_a_in_b	2-1	2-1	True	19	0.296	0.667	gain	TP	TP
chr10	50918214	50923575	5361	19	18	0	14	nested_a_in_b	nested_a_in_b	1-1	1-1	True	51	0.256	0.615	gain	TP	TP
chr10	53121680	53122279	599	19	2	0	53	nested_a_in_b	nested_a_in_b	1-1	1-1	True	74	0.679	0.728	gain	TP	TP
chr10	54327370	54356928	29558	0	4	0	3	nested_a_in_b	nested_a_in_b	2-1	2-1	True	7	0.362	0.761	gain	TP	TP
chr10	54395915	54404336	8421	27	1	0	13	nested_a_in_b	nested_a_in_b	1-1	1-1	True	41	0.269	0.3	gain	TP	TP
chr10	55592224	55598208	5984	45	2	0	12	nested_a_in_b	nested_a_in_b	1-1	1-1	True	59	0.194	0.237	gain	TP	TP
chr10	56168694	56178976	10282	24	1	0	7	nested_a_in_b	nested_a_in_b	1-1	1-1	True	32	0.226	0.36	gain	TP	TP
chr10	56175867	56178976	3109	44	17	0	3	nested_a_in_b	nested_a_in_b	1-1	1-1	True	64	0.048	0.36	gain	FP	TP
chr10	57131492	57142952	11460	23	2	0	9	nested_a_in_b	nested_a_in_b	2-1	2-1	True	34	0.309	0.308	gain	TP	TP
chr10	57375475	57385992	10517	6	16	0	16	nested_a_in_b	nested_a_in_b	1-1	1-1	True	38	0.318	0.766	gain	TP	TP
chr10	63702320	63704033	1713	0	47	0	2	nested_a_in_b	nested_a_in_b	2-1	2-1	True	49	0.031	0.984	loh	FP	TP
chr10	65226050	65231844	5794	9	1	0	11	nested_a_in_b	nested_a_in_b	2-1	2-1	True	21	0.5	0.583	loh	TP	TP
chr10	66109084	66126573	17489	2	8	0	9	nested_a_in_b	nested_a_in_b	1-1	1-1	True	19	0.439	0.932	loh	TP	TP
chr10	66569257	66584164	14907	10	1	0	9	nested_a_in_b	nested_a_in_b	1-1	1-1	True	20	0.5	0.456	loh	TP	TP
chr10	67032492	67039856	7364	24	1	0	2	nested_a_in_b	nested_a_in_b	1-1	1-1	True	27	0.075	0.082	loh	FP	FP
chr10	67033544	67033983	439	36	1	0	3	nested_a_in_b	nested_a_in_b	1-1	1-1	True	40	0.07	0.091	loh	FP	FP
chr10	67033544	67039856	6312	24	1	0	2	nested_a_in_b	nested_a_in_b	1-1	1-1	True	27	0.07	0.082	loh	FP	FP
chr10	67033983	67039856	5873	26	1	0	2	nested_a_in_b	nested_a_in_b	1-1	1-1	True	29	0.091	0.082	loh	FP	FP
chr10	69191920	69191921	1	31	1	0	33	nested_a_in_b	nested_a_in_b	2-1	2-1	True	65	0.508	0.523	loh	TP	TP
chr10	69308253	69327127	18874	0	5	0	4	nested_a_in_b	nested_a_in_b	2-1	2-1	True	9	0.28	0.923	loh	TP	TP
chr10	70514342	70515910	1568	1	19	0	22	nested_a_in_b	nested_a_in_b	2-1	2-1	True	42	0.509	0.979	loh	TP	TP
chr10	78930065	78932874	2809	1	32	0	16	nested_a_in_b	nested_a_in_b	2-1	2-1	True	49	0.333	0.984	loh	TP	TP
chr10	86009126	86016797	7671	0	13	0	20	nested_a_in_b	nested_a_in_b	1-1	1-1	True	33	0.615	0.982	loh	TP	TP
chr10	86009126	86017895	8769	0	12	0	20	nested_a_in_b	nested_a_in_b	1-1	1-1	True	32	0.615	0.983	loh	TP	TP
chr10	86011155	86016797	5642	0	38	0	1	mutual_excl	nested_a_in_b	1-1	1-1	True	39	0.093	0.982	loh	FP	TP
chr10	86011155	86017895	6740	0	36	0	1	mutual_excl	nested_a_in_b	1-1	1-1	True	37	0.093	0.983	loh	FP	TP
chr10	88989478	88994803	5325	1	18	0	12	nested_a_in_b	nested_a_in_b	2-1	2-1	True	31	0.327	0.98	loh	TP	TP
chr10	92078128	92089291	11163	0	12	0	7	nested_a_in_b	nested_a_in_b	1-1	1-1	True	19	0.471	0.933	loh	TP	TP
chr10	94078889	94084464	5575	2	14	0	14	nested_a_in_b	nested_a_in_b	2-1	2-1	True	30	0.518	0.963	loh	TP	TP
chr10	97249287	97249473	186	52	2	0	2	nested_a_in_b	nested_a_in_b	1-1	1-1	True	56	0.034	0.071	loh	FP	FP
chr10	98310284	98313774	3490	5	25	0	7	nested_a_in_b	nested_a_in_b	2-1	2-1	True	37	0.135	0.851	loh	TP	TP
chr10	99035284	99035285	1	27	1	0	29	nested_a_in_b	nested_a_in_b	2-1	2-1	True	57	0.509	0.533	loh	TP	TP
chr10	99967582	99967609	27	0	3	0	50	nested_a_in_b	nested_a_in_b	3	3	True	53	0.944	1.0	loh	TP	TP
chr10	102021876	102022152	276	1	5	0	62	nested_a_in_b	nested_a_in_b	2-1	2-1	True	68	0.903	0.972	loh	TP	TP
chr10	103688837	103690565	1728	0	1	0	43	nested_a_in_b	nested_a_in_b	2-1	2-1	True	44	0.981	1.0	loh	TP	TP
chr10	105435553	105452654	17101	0	12	0	5	nested_a_in_b	nested_a_in_b	1-1	1-1	True	17	0.472	1.0	loh	TP	TP
chr10	107659640	107674121	14481	0	9	0	7	nested_a_in_b	nested_a_in_b	2-1	2-1	True	16	0.491	1.0	loh	TP	TP
chr10	108439944	108471050	31106	0	3	0	3	nested_a_in_b	nested_a_in_b	2-1	2-1	True	6	0.522	0.95	loh	TP	TP
chr10	111030565	111055861	25296	0	6	0	5	nested_a_in_b	nested_a_in_b	1-1	1-1	True	11	0.507	0.928	loh	TP	TP
chr10	111030565	111056521	25956	1	5	0	4	nested_a_in_b	nested_a_in_b	1-1	1-1	True	10	0.507	0.931	loh	TP	TP
chr10	111169025	111175002	5977	3	1	0	24	nested_a_in_b	nested_a_in_b	1-1	1-1	True	28	0.889	0.948	loh	TP	TP
chr10	115193916	115196669	2753	0	1	0	44	nested_a_in_b	nested_a_in_b	2-1	2-1	True	45	0.984	0.983	loh	TP	TP
chr10	117855375	117859312	3937	0	25	0	16	nested_a_in_b	nested_a_in_b	1-1	1-1	True	41	0.414	1.0	loh	TP	TP
chr10	120753085	120778179	25094	3	3	0	2	nested_a_in_b	nested_a_in_b	1-1	1-1	True	8	0.223	0.566	gain	TP	TP
chr10	121443163	121450985	7822	41	13	0	11	nested_a_in_b	nested_a_in_b	2-1	2-1	True	65	0.186	0.445	gain	TP	TP
chr10	122094578	122104649	10071	1	35	0	6	nested_a_in_b	nested_a_in_b	2-1	2-1	True	42	0.159	0.964	gain	FP	TP
chr10	125007013	125014690	7677	2	31	0	24	nested_a_in_b	nested_a_in_b	1-1	1-1	True	57	0.412	0.983	loh	TP	TP
chr10	125012625	125014690	2065	2	47	0	42	nested_a_in_b	nested_a_in_b	1-1	1-1	True	91	0.491	0.983	loh	TP	TP
chr10	125912858	125940643	27785	8	2	0	2	nested_a_in_b	nested_a_in_b	1-1	1-1	True	12	0.288	0.374	gain	TP	TP
chr10	126159934	126172499	12565	2	19	0	4	nested_a_in_b	nested_a_in_b	1-1	1-1	True	25	0.258	0.979	gain	TP	TP
chr10	126818849	126848699	29850	0	5	0	1	mutual_excl	nested_a_in_b	1-1	1-1	True	6	0.291	0.933	gain	TP	TP
chr10	126818948	126848699	29751	0	4	0	2	nested_a_in_b	nested_a_in_b	1-1	1-1	True	6	0.234	0.933	gain	TP	TP
chr10	126825365	126848699	23334	1	11	0	2	nested_a_in_b	nested_a_in_b	1-1	1-1	True	14	0.176	0.933	gain	TP	TP
chr10	131176480	131203939	27459	0	4	0	2	nested_a_in_b	nested_a_in_b	2-1	2-1	True	6	0.167	0.5	gain	FP	TP
chr10	131176703	131203939	27236	0	5	0	1	mutual_excl	nested_a_in_b	2-1	2-1	True	6	0.164	0.5	gain	FP	TP
chr10	132134725	132163377	28652	6	3	0	1	mutual_excl	nested_a_in_b	1-1	1-1	True	10	0.245	0.427	loh	TP	TP
chr10	132818719	132843723	25004	1	5	0	7	nested_a_in_b	nested_a_in_b	1-1	1-1	True	13	0.538	0.944	gain	TP	TP
chr10	133168061	133172119	4058	29	18	0	13	nested_a_in_b	nested_a_in_b	2-1	2-1	True	60	0.262	0.475	gain	TP	TP
chr15	17079385	17079546	161	59	1	0	13	nested_a_in_b	nested_a_in_b	1-1	1-1	True	73	0.177	0.231	neutral	FP	FP
chr15	20391978	20409121	17143	23	8	0	6	nested_a_in_b	nested_a_in_b	1-1	1-1	True	37	0.159	0.323	gain	TP	TP
chr15	25771456	25781595	10139	0	1	0	18	nested_a_in_b	nested_a_in_b	1-1	1-1	True	19	0.922	1.0	loh	TP	TP
chr15	27306194	27306470	276	40	1	0	14	nested_a_in_b	nested_a_in_b	2-1	2-1	True	55	0.254	0.263	loh	FP	FP
chr15	27306196	27306417	221	41	1	0	11	nested_a_in_b	nested_a_in_b	1-1	1-1	True	53	0.233	0.222	loh	FP	FP
chr15	27306214	27306470	256	41	1	0	14	nested_a_in_b	nested_a_in_b	2-1	2-1	True	56	0.25	0.263	loh	FP	FP
chr15	27306234	27306470	236	41	1	0	14	nested_a_in_b	nested_a_in_b	2-1	2-1	True	56	0.25	0.263	loh	FP	FP
chr15	27306278	27306417	139	40	1	0	11	nested_a_in_b	nested_a_in_b	1-1	1-1	True	52	0.241	0.222	loh	FP	FP
chr15	27306311	27306470	159	41	4	0	10	nested_a_in_b	nested_a_in_b	2-1	2-1	True	55	0.179	0.263	loh	FP	FP
chr15	27306311	27306522	211	43	3	0	10	nested_a_in_b	nested_a_in_b	2-1	2-1	True	56	0.179	0.254	loh	FP	FP
chr15	29833501	29835375	1874	3	40	0	21	nested_a_in_b	nested_a_in_b	2-1	2-1	True	64	0.347	0.961	loh	TP	TP
chr15	35813924	35837975	24051	0	7	0	1	mutual_excl	nested_a_in_b	2-1	2-1	True	8	0.216	0.978	loh	FP	TP
chr15	35896604	35903678	7074	0	9	0	14	nested_a_in_b	nested_a_in_b	2-1	2-1	True	23	0.566	1.0	loh	TP	TP
chr15	38251066	38269368	18302	0	8	0	5	nested_a_in_b	nested_a_in_b	1-1	1-1	True	13	0.37	0.968	loh	TP	TP
chr15	38625183	38625185	2	42	11	0	9	nested_a_in_b	nested_a_in_b	1-1	1-1	True	62	0.143	0.373	loh	FP	FP
chr15	39075213	39097424	22211	0	1	0	6	nested_a_in_b	nested_a_in_b	2-1	2-1	True	7	0.922	0.927	loh	TP	TP
chr15	40622779	40638845	16066	0	13	0	8	nested_a_in_b	nested_a_in_b	1-1	1-1	True	21	0.483	0.985	loh	TP	TP
chr15	40622780	40638845	16065	0	13	0	9	nested_a_in_b	nested_a_in_b	1-1	1-1	True	22	0.492	0.985	loh	TP	TP
chr15	44671249	44681388	10139	2	9	0	15	nested_a_in_b	nested_a_in_b	1-1	1-1	True	26	0.5	0.969	loh	TP	TP
chr15	44671249	44700498	29249	0	3	0	5	nested_a_in_b	nested_a_in_b	1-1	1-1	True	8	0.5	1.0	loh	TP	TP
chr15	44681388	44700498	19110	0	1	0	16	nested_a_in_b	nested_a_in_b	1-1	1-1	True	17	0.969	1.0	loh	TP	TP
chr15	46223845	46229076	5231	2	1	0	20	nested_a_in_b	nested_a_in_b	1-1	1-1	True	23	0.894	0.962	loh	TP	TP
chr15	46223845	46241844	17999	0	1	0	9	nested_a_in_b	nested_a_in_b	1-1	1-1	True	10	0.894	0.981	loh	TP	TP
chr15	46223845	46242876	19031	0	1	0	8	nested_a_in_b	nested_a_in_b	1-1	1-1	True	9	0.894	0.959	loh	TP	TP
chr15	46223845	46244613	20768	0	1	0	7	nested_a_in_b	nested_a_in_b	1-1	1-1	True	8	0.894	0.943	loh	TP	TP
chr15	46223845	46244718	20873	0	1	0	7	nested_a_in_b	nested_a_in_b	1-1	1-1	True	8	0.894	0.939	loh	TP	TP
chr15	46223845	46250127	26282	0	1	0	6	nested_a_in_b	nested_a_in_b	1-1	1-1	True	7	0.894	0.971	loh	TP	TP
chr15	46223845	46250384	26539	0	1	0	6	nested_a_in_b	nested_a_in_b	1-1	1-1	True	7	0.894	0.972	loh	TP	TP
chr15	46223845	46250598	26753	0	1	0	5	nested_a_in_b	nested_a_in_b	1-1	1-1	True	6	0.894	0.972	loh	TP	TP
chr15	46223845	46250652	26807	0	1	0	5	nested_a_in_b	nested_a_in_b	1-1	1-1	True	6	0.894	0.971	loh	TP	TP
chr15	46228504	46229076	572	2	3	0	38	nested_a_in_b	nested_a_in_b	1-1	1-1	True	43	0.898	0.962	loh	TP	TP
chr15	46228504	46241844	13340	0	1	0	15	nested_a_in_b	nested_a_in_b	1-1	1-1	True	16	0.898	0.981	loh	TP	TP
chr15	46228504	46242876	14372	0	1	0	13	nested_a_in_b	nested_a_in_b	1-1	1-1	True	14	0.898	0.959	loh	TP	TP
chr15	46228504	46244613	16109	0	1	0	12	nested_a_in_b	nested_a_in_b	1-1	1-1	True	13	0.898	0.943	loh	TP	TP
chr15	46228504	46244718	16214	0	1	0	12	nested_a_in_b	nested_a_in_b	1-1	1-1	True	13	0.898	0.939	loh	TP	TP
chr15	46228504	46250127	21623	0	1	0	10	nested_a_in_b	nested_a_in_b	1-1	1-1	True	11	0.898	0.971	loh	TP	TP
chr15	46228504	46250384	21880	0	1	0	10	nested_a_in_b	nested_a_in_b	1-1	1-1	True	11	0.898	0.972	loh	TP	TP
chr15	46228504	46250598	22094	0	1	0	9	nested_a_in_b	nested_a_in_b	1-1	1-1	True	10	0.898	0.972	loh	TP	TP
chr15	46228504	46250652	22148	0	1	0	9	nested_a_in_b	nested_a_in_b	1-1	1-1	True	10	0.898	0.971	loh	TP	TP
chr15	46228504	46251887	23383	0	1	0	5	nested_a_in_b	nested_a_in_b	1-1	1-1	True	6	0.898	0.956	loh	TP	TP
chr15	46228504	46252731	24227	0	1	0	6	nested_a_in_b	nested_a_in_b	1-1	1-1	True	7	0.898	0.959	loh	TP	TP
chr15	46228504	46253842	25338	0	1	0	5	nested_a_in_b	nested_a_in_b	1-1	1-1	True	6	0.898	0.958	loh	TP	TP
chr15	46241844	46250127	8283	0	1	0	28	nested_a_in_b	nested_a_in_b	1-1	1-1	True	29	0.981	0.971	loh	TP	TP
chr15	46242669	46242876	207	1	3	0	38	nested_a_in_b	nested_a_in_b	1-1	1-1	True	42	0.911	0.959	loh	TP	TP
chr15	46242669	46244718	2049	1	3	0	30	nested_a_in_b	nested_a_in_b	1-1	1-1	True	34	0.911	0.939	loh	TP	TP
chr15	46242669	46245739	3070	2	2	0	30	nested_a_in_b	nested_a_in_b	1-1	1-1	True	34	0.911	0.935	loh	TP	TP
chr15	46242669	46250127	7458	0	4	0	27	nested_a_in_b	nested_a_in_b	1-1	1-1	True	31	0.911	0.971	loh	TP	TP
chr15	46242669	46250384	7715	1	3	0	27	nested_a_in_b	nested_a_in_b	1-1	1-1	True	31	0.911	0.972	loh	TP	TP
chr15	46242669	46250598	7929	1	3	0	25	nested_a_in_b	nested_a_in_b	1-1	1-1	True	29	0.911	0.972	loh	TP	TP
chr15	46242669	46250652	7983	1	3	0	25	nested_a_in_b	nested_a_in_b	1-1	1-1	True	29	0.911	0.971	loh	TP	TP
chr15	46242669	46251887	9218	1	3	0	21	nested_a_in_b	nested_a_in_b	1-1	1-1	True	25	0.911	0.956	loh	TP	TP
chr15	46242669	46252731	10062	1	2	0	22	nested_a_in_b	nested_a_in_b	1-1	1-1	True	25	0.911	0.959	loh	TP	TP
chr15	46242669	46253842	11173	1	3	0	19	nested_a_in_b	nested_a_in_b	1-1	1-1	True	23	0.911	0.958	loh	TP	TP
chr15	46242669	46254685	12016	1	3	0	14	nested_a_in_b	nested_a_in_b	1-1	1-1	True	18	0.911	0.932	loh	TP	TP
chr15	46242669	46261643	18974	0	2	0	9	nested_a_in_b	nested_a_in_b	1-1	1-1	True	11	0.911	0.934	loh	TP	TP
chr15	46242876	46250127	7251	1	1	0	30	nested_a_in_b	nested_a_in_b	1-1	1-1	True	32	0.959	0.971	loh	TP	TP
chr15	46244613	46250127	5514	1	2	0	34	nested_a_in_b	nested_a_in_b	1-1	1-1	True	37	0.943	0.971	loh	TP	TP
chr15	46244613	46250384	5771	2	1	0	35	nested_a_in_b	nested_a_in_b	1-1	1-1	True	38	0.943	0.972	loh	TP	TP
chr15	46244613	46250598	5985	2	1	0	33	nested_a_in_b	nested_a_in_b	1-1	1-1	True	36	0.943	0.972	loh	TP	TP
chr15	46244613	46250652	6039	2	1	0	33	nested_a_in_b	nested_a_in_b	1-1	1-1	True	36	0.943	0.971	loh	TP	TP
chr15	46244718	46250127	5409	1	1	0	35	nested_a_in_b	nested_a_in_b	1-1	1-1	True	37	0.939	0.971	loh	TP	TP
chr15	46245092	46250127	5035	1	2	0	35	nested_a_in_b	nested_a_in_b	1-1	1-1	True	38	0.942	0.971	loh	TP	TP
chr15	46245092	46250384	5292	2	1	0	36	nested_a_in_b	nested_a_in_b	1-1	1-1	True	39	0.942	0.972	loh	TP	TP
chr15	46245092	46250598	5506	2	1	0	34	nested_a_in_b	nested_a_in_b	1-1	1-1	True	37	0.942	0.972	loh	TP	TP
chr15	46245092	46250652	5560	2	1	0	34	nested_a_in_b	nested_a_in_b	1-1	1-1	True	37	0.942	0.971	loh	TP	TP
chr15	46245739	46250127	4388	1	2	0	42	nested_a_in_b	nested_a_in_b	1-1	1-1	True	45	0.935	0.971	loh	TP	TP
chr15	46245739	46250384	4645	2	1	0	43	nested_a_in_b	nested_a_in_b	1-1	1-1	True	46	0.935	0.972	loh	TP	TP
chr15	46245739	46250598	4859	2	1	0	41	nested_a_in_b	nested_a_in_b	1-1	1-1	True	44	0.935	0.972	loh	TP	TP
chr15	46245739	46250652	4913	2	1	0	41	nested_a_in_b	nested_a_in_b	1-1	1-1	True	44	0.935	0.971	loh	TP	TP
chr15	46245739	46252731	6992	2	1	0	33	nested_a_in_b	nested_a_in_b	1-1	1-1	True	36	0.935	0.959	loh	TP	TP
chr15	46245739	46254685	8946	2	1	0	25	nested_a_in_b	nested_a_in_b	1-1	1-1	True	28	0.935	0.932	loh	TP	TP
chr15	46252731	46266017	13286	0	1	0	25	nested_a_in_b	nested_a_in_b	1-1	1-1	True	26	0.959	0.96	loh	TP	TP
chr15	46252731	46267541	14810	0	1	0	21	nested_a_in_b	nested_a_in_b	1-1	1-1	True	22	0.959	0.974	loh	TP	TP
chr15	46252731	46277512	24781	0	1	0	9	nested_a_in_b	nested_a_in_b	1-1	1-1	True	10	0.959	0.986	loh	TP	TP
chr15	46253842	46266017	12175	0	1	0	28	nested_a_in_b	nested_a_in_b	1-1	1-1	True	29	0.958	0.96	loh	TP	TP
chr15	46253842	46267541	13699	0	1	0	25	nested_a_in_b	nested_a_in_b	1-1	1-1	True	26	0.958	0.974	loh	TP	TP
chr15	46254685	46266017	11332	0	1	0	30	nested_a_in_b	nested_a_in_b	1-1	1-1	True	31	0.932	0.96	loh	TP	TP
chr15	46254685	46267541	12856	0	1	0	26	nested_a_in_b	nested_a_in_b	1-1	1-1	True	27	0.932	0.974	loh	TP	TP
chr15	46254685	46277512	22827	0	1	0	12	nested_a_in_b	nested_a_in_b	1-1	1-1	True	13	0.932	0.986	loh	TP	TP
chr15	46261643	46267541	5898	1	2	0	36	nested_a_in_b	nested_a_in_b	1-1	1-1	True	39	0.934	0.974	loh	TP	TP
chr15	46261643	46277512	15869	0	1	0	21	nested_a_in_b	nested_a_in_b	1-1	1-1	True	22	0.934	0.986	loh	TP	TP
chr15	46266017	46267541	1524	2	1	0	60	nested_a_in_b	nested_a_in_b	1-1	1-1	True	63	0.96	0.974	loh	TP	TP
chr15	46266017	46277512	11495	1	1	0	32	nested_a_in_b	nested_a_in_b	1-1	1-1	True	34	0.96	0.986	loh	TP	TP
chr15	46267239	46267541	302	2	4	0	68	nested_a_in_b	nested_a_in_b	1-1	1-1	True	74	0.923	0.974	loh	TP	TP
chr15	46267239	46277512	10273	1	3	0	32	nested_a_in_b	nested_a_in_b	1-1	1-1	True	36	0.923	0.986	loh	TP	TP
chr15	46268919	46277512	8593	1	2	0	37	nested_a_in_b	nested_a_in_b	1-1	1-1	True	40	0.939	0.986	loh	TP	TP
chr15	47370426	47390626	20200	0	10	0	6	nested_a_in_b	nested_a_in_b	2-1	2-1	True	16	0.481	1.0	loh	TP	TP
chr15	47370426	47396039	25613	0	5	0	2	nested_a_in_b	nested_a_in_b	2-1	2-1	True	7	0.481	0.938	loh	TP	TP
chr15	47382544	47390626	8082	0	18	0	12	nested_a_in_b	nested_a_in_b	2-1	2-1	True	30	0.472	1.0	loh	TP	TP
chr15	47382544	47399938	17394	0	6	0	5	nested_a_in_b	nested_a_in_b	2-1	2-1	True	11	0.472	1.0	loh	TP	TP
chr15	47396039	47399938	3899	0	3	0	37	nested_a_in_b	nested_a_in_b	2-1	2-1	True	40	0.938	1.0	loh	TP	TP
chr15	55080872	55106978	26106	0	5	0	5	nested_a_in_b	nested_a_in_b	2-1	2-1	True	10	0.475	0.962	loh	TP	TP
chr15	56204441	56204524	83	47	3	0	44	nested_a_in_b	nested_a_in_b	1-1	1-1	True	94	0.465	0.49	gain	TP	TP
chr15	56454805	56464272	9467	22	1	0	24	nested_a_in_b	nested_a_in_b	1-1	1-1	True	47	0.537	0.48	gain	TP	TP
chr15	58072558	58094650	22092	6	1	0	7	nested_a_in_b	nested_a_in_b	2-1	2-1	True	14	0.379	0.479	gain	TP	TP
chr15	58984113	58984114	1	79	4	0	20	nested_a_in_b	nested_a_in_b	2-1	2-1	True	103	0.194	0.233	gain	TP	TP
chr15	61785234	61800206	14972	18	1	0	20	nested_a_in_b	nested_a_in_b	2-1	2-1	True	39	0.504	0.57	gain	TP	TP
chr15	61788941	61800206	11265	23	1	0	32	nested_a_in_b	nested_a_in_b	2-1	2-1	True	56	0.542	0.57	gain	TP	TP
chr15	62803871	62819537	15666	20	1	0	20	nested_a_in_b	nested_a_in_b	1-1	1-1	True	41	0.442	0.529	gain	TP	TP
chr15	66946616	66973281	26665	1	4	0	3	nested_a_in_b	nested_a_in_b	1-1	1-1	True	8	0.277	0.49	gain	TP	TP
chr15	69635745	69658185	22440	11	1	0	4	nested_a_in_b	nested_a_in_b	2-1	2-1	True	16	0.291	0.44	gain	TP	TP
chr15	69726834	69753288	26454	5	2	0	3	nested_a_in_b	nested_a_in_b	1-1	1-1	True	10	0.296	0.466	gain	TP	TP
chr15	69727125	69753288	26163	5	4	0	1	mutual_excl	nested_a_in_b	1-1	1-1	True	10	0.217	0.466	gain	TP	TP
chr15	69807479	69831359	23880	5	4	0	3	nested_a_in_b	nested_a_in_b	2-1	2-1	True	12	0.195	0.568	gain	TP	TP
chr15	69831047	69831359	312	36	21	0	27	nested_a_in_b	nested_a_in_b	2-1	2-1	True	84	0.304	0.568	gain	TP	TP
chr15	69831049	69831359	310	35	17	0	27	nested_a_in_b	nested_a_in_b	2-1	2-1	True	79	0.322	0.568	gain	TP	TP
chr15	72858082	72858635	553	37	28	0	23	nested_a_in_b	nested_a_in_b	1-1	1-1	True	88	0.286	0.6	gain	TP	TP
chr15	72858082	72861183	3101	32	21	0	19	nested_a_in_b	nested_a_in_b	1-1	1-1	True	72	0.286	0.541	gain	TP	TP
chr15	73660167	73663490	3323	32	7	0	22	nested_a_in_b	nested_a_in_b	1-1	1-1	True	61	0.323	0.524	gain	TP	TP
chr15	73970400	73993981	23581	7	1	0	7	nested_a_in_b	nested_a_in_b	2-1	2-1	True	15	0.473	0.459	gain	TP	TP
chr15	75253224	75253301	77	123	1	0	16	nested_a_in_b	nested_a_in_b	1-1	1-1	True	140	0.112	0.117	gain	FP	FP
chr15	75253224	75253329	105	122	2	0	16	nested_a_in_b	nested_a_in_b	1-1	1-1	True	140	0.112	0.13	gain	FP	FP
chr15	75253224	75253375	151	122	2	0	16	nested_a_in_b	nested_a_in_b	1-1	1-1	True	140	0.112	0.13	gain	FP	FP
chr15	75253224	75253393	169	119	4	0	16	nested_a_in_b	nested_a_in_b	1-1	1-1	True	139	0.112	0.145	gain	FP	FP
chr15	75253224	75253506	282	122	2	0	16	nested_a_in_b	nested_a_in_b	1-1	1-1	True	140	0.112	0.128	gain	FP	FP
chr15	75253224	75253659	435	111	3	0	14	nested_a_in_b	nested_a_in_b	1-1	1-1	True	128	0.112	0.129	gain	FP	FP
chr15	75253224	75254055	831	113	2	0	16	nested_a_in_b	nested_a_in_b	1-1	1-1	True	131	0.112	0.133	gain	FP	FP
chr15	75253224	75254593	1369	110	1	0	16	nested_a_in_b	nested_a_in_b	1-1	1-1	True	127	0.112	0.133	gain	FP	FP
chr15	75253282	75253301	19	128	1	0	16	nested_a_in_b	nested_a_in_b	1-1	1-1	True	145	0.116	0.117	gain	FP	FP
chr15	75253282	75253329	47	127	1	0	17	nested_a_in_b	nested_a_in_b	1-1	1-1	True	145	0.116	0.13	gain	FP	FP
chr15	75253282	75253375	93	127	1	0	17	nested_a_in_b	nested_a_in_b	1-1	1-1	True	145	0.116	0.13	gain	FP	FP
chr15	75253282	75253393	111	124	3	0	17	nested_a_in_b	nested_a_in_b	1-1	1-1	True	144	0.116	0.145	gain	FP	FP
chr15	75253282	75253506	224	126	1	0	17	nested_a_in_b	nested_a_in_b	1-1	1-1	True	144	0.116	0.128	gain	FP	FP
chr15	75253282	75253659	377	115	2	0	15	nested_a_in_b	nested_a_in_b	1-1	1-1	True	132	0.116	0.129	gain	FP	FP
chr15	75253282	75254055	773	117	1	0	17	nested_a_in_b	nested_a_in_b	1-1	1-1	True	135	0.116	0.133	gain	FP	FP
chr15	75253301	75253393	92	124	2	0	17	nested_a_in_b	nested_a_in_b	1-1	1-1	True	143	0.117	0.145	gain	FP	FP
chr15	75253301	75253659	358	115	1	0	15	nested_a_in_b	nested_a_in_b	1-1	1-1	True	131	0.117	0.129	gain	FP	FP
chr15	75253329	75253393	64	124	2	0	19	nested_a_in_b	nested_a_in_b	1-1	1-1	True	145	0.13	0.145	gain	FP	FP
chr15	75253329	75253659	330	115	1	0	17	nested_a_in_b	nested_a_in_b	1-1	1-1	True	133	0.13	0.129	gain	FP	FP
chr15	75253375	75253393	18	124	2	0	19	nested_a_in_b	nested_a_in_b	1-1	1-1	True	145	0.13	0.145	gain	FP	FP
chr15	75253375	75253659	284	115	1	0	17	nested_a_in_b	nested_a_in_b	1-1	1-1	True	133	0.13	0.129	gain	FP	FP
chr15	75253506	75253659	153	118	1	0	17	nested_a_in_b	nested_a_in_b	1-1	1-1	True	136	0.128	0.129	gain	FP	FP
chr15	76133882	76134742	860	67	4	0	18	nested_a_in_b	nested_a_in_b	2-1	2-1	True	89	0.179	0.226	gain	TP	TP
chr15	76909025	76927651	18626	9	8	0	7	nested_a_in_b	nested_a_in_b	1-1	1-1	True	24	0.214	0.5	gain	TP	TP
chr15	77266851	77291131	24280	5	1	0	2	nested_a_in_b	nested_a_in_b	2-1	2-1	True	8	0.278	0.567	gain	TP	TP
chr15	77266851	77300965	34114	5	1	0	2	nested_a_in_b	nested_a_in_b	2-1	2-1	True	8	0.278	0.519	gain	TP	TP
chr15	77291131	77300965	9834	17	2	0	23	nested_a_in_b	nested_a_in_b	2-1	2-1	True	42	0.567	0.519	gain	TP	TP
chr15	77794563	77811142	16579	17	6	0	1	mutual_excl	nested_a_in_b	1-1	1-1	True	24	0.08	0.35	gain	FP	TP
chr15	77794563	77813890	19327	15	7	0	1	mutual_excl	nested_a_in_b	1-1	1-1	True	23	0.08	0.318	gain	FP	TP
chr15	79532190	79554407	22217	1	6	0	4	nested_a_in_b	nested_a_in_b	2-1	2-1	True	11	0.389	0.646	gain	TP	TP
chr15	80635919	80654128	18209	9	1	0	8	nested_a_in_b	nested_a_in_b	2-1	2-1	True	18	0.364	0.345	gain	TP	TP
chr15	81521907	81541584	19677	8	1	0	8	nested_a_in_b	nested_a_in_b	2-1	2-1	True	17	0.602	0.636	gain	TP	TP
chr15	81531522	81541584	10062	10	12	0	4	nested_a_in_b	nested_a_in_b	2-1	2-1	True	26	0.365	0.636	gain	TP	TP
chr15	86363173	86369176	6003	28	10	0	18	nested_a_in_b	nested_a_in_b	1-1	1-1	True	56	0.24	0.5	gain	TP	TP
chr15	86363173	86395484	32311	1	2	0	3	nested_a_in_b	nested_a_in_b	1-1	1-1	True	6	0.24	0.573	gain	TP	TP
chr15	86373031	86395484	22453	4	5	0	4	nested_a_in_b	nested_a_in_b	1-1	1-1	True	13	0.179	0.573	gain	TP	TP
chr15	87174474	87174475	1	84	2	0	24	nested_a_in_b	nested_a_in_b	1-1	1-1	True	110	0.216	0.236	gain	TP	TP
chr15	87934369	87934370	1	79	1	0	22	nested_a_in_b	nested_a_in_b	1-1	1-1	True	102	0.216	0.225	gain	TP	TP
chr15	88484100	88492364	8264	54	2	0	9	nested_a_in_b	nested_a_in_b	1-1	1-1	True	65	0.188	0.189	gain	TP	TP
chr15	88937373	88943075	5702	54	1	0	13	nested_a_in_b	nested_a_in_b	2-1	2-1	True	68	0.207	0.206	gain	TP	TP
chr15	90120605	90120607	2	74	1	0	25	nested_a_in_b	nested_a_in_b	1-1	1-1	True	100	0.248	0.26	gain	TP	TP
chr15	91469542	91476187	6645	36	23	0	11	nested_a_in_b	nested_a_in_b	2-1	2-1	True	70	0.137	0.516	gain	TP	TP
chr15	93765938	93785932	19994	3	1	0	16	nested_a_in_b	nested_a_in_b	1-1	1-1	True	20	0.598	0.609	gain	TP	TP
chr15	94728460	94750224	21764	15	4	0	6	nested_a_in_b	nested_a_in_b	2-1	2-1	True	25	0.169	0.224	gain	FP	TP
chr15	94728484	94750224	21740	15	4	0	5	nested_a_in_b	nested_a_in_b	2-1	2-1	True	24	0.172	0.224	gain	FP	TP
chr15	95375711	95380018	4307	59	1	0	29	nested_a_in_b	nested_a_in_b	1-1	1-1	True	89	0.267	0.277	gain	TP	TP
chr15	95375712	95380018	4306	60	1	0	30	nested_a_in_b	nested_a_in_b	1-1	1-1	True	91	0.275	0.277	gain	TP	TP
chr15	97009376	97020314	10938	34	1	0	9	nested_a_in_b	nested_a_in_b	1-1	1-1	True	44	0.22	0.211	gain	TP	TP
chr15	97410975	97413083	2108	95	2	0	15	nested_a_in_b	nested_a_in_b	2-1	2-1	True	112	0.155	0.143	gain	TP	TP
chr15	97519287	97547722	28435	11	1	0	2	nested_a_in_b	nested_a_in_b	2-1	2-1	True	14	0.186	0.227	gain	TP	TP
chr15	97542230	97547722	5492	65	1	0	16	nested_a_in_b	nested_a_in_b	2-1	2-1	True	82	0.172	0.227	gain	TP	TP
chr15	98237023	98237024	1	82	4	0	43	nested_a_in_b	nested_a_in_b	1-1	1-1	True	129	0.338	0.399	gain	TP	TP
chr15	98237023	98268665	31642	7	1	0	2	nested_a_in_b	nested_a_in_b	1-1	1-1	True	10	0.338	0.387	gain	TP	TP
chr15	98268664	98268665	1	87	2	0	53	nested_a_in_b	nested_a_in_b	1-1	1-1	True	142	0.373	0.387	gain	TP	TP
chr15	98647946	98658915	10969	41	1	0	18	nested_a_in_b	nested_a_in_b	2-1	2-1	True	60	0.235	0.275	gain	TP	TP
chr15	98695711	98700529	4818	75	2	0	12	nested_a_in_b	nested_a_in_b	2-1	2-1	True	89	0.156	0.125	gain	TP	TP
chr15	98697854	98700529	2675	91	2	0	13	nested_a_in_b	nested_a_in_b	2-1	2-1	True	106	0.143	0.125	gain	TP	TP
chr15	100456259	100489691	33432	4	3	0	1	mutual_excl	nested_a_in_b	1-1	1-1	True	8	0.127	0.629	gain	FP	TP
chr15	101126916	101143157	16241	14	8	0	5	nested_a_in_b	nested_a_in_b	2-1	2-1	True	27	0.201	0.575	gain	TP	TP
chr15	101402697	101427487	24790	14	2	0	2	nested_a_in_b	nested_a_in_b	1-1	1-1	True	18	0.164	0.228	gain	TP	TP
chr20	1035693	1048518	12825	21	1	0	8	nested_a_in_b	nested_a_in_b	1-1	1-1	True	30	0.205	0.261	gain	TP	TP
chr20	1208589	1236941	28352	5	1	0	3	nested_a_in_b	nested_a_in_b	1-1	1-1	True	9	0.25	0.278	gain	TP	TP
chr20	2282992	2312958	29966	2	4	0	2	nested_a_in_b	nested_a_in_b	2-1	2-1	True	8	0.434	0.741	gain	TP	TP
chr20	2306151	2312958	6807	15	36	0	15	nested_a_in_b	nested_a_in_b	2-1	2-1	True	66	0.241	0.741	gain	TP	TP
chr20	4873063	4890670	17607	5	6	0	5	nested_a_in_b	nested_a_in_b	1-1	1-1	True	16	0.34	0.723	gain	TP	TP
chr20	4873064	4890670	17606	5	5	0	5	nested_a_in_b	nested_a_in_b	1-1	1-1	True	15	0.352	0.723	gain	TP	TP
chr20	5177673	5186614	8941	12	2	0	37	nested_a_in_b	nested_a_in_b	1-1	1-1	True	51	0.686	0.709	gain	TP	TP
chr20	6654520	6661243	6723	19	18	0	19	nested_a_in_b	nested_a_in_b	1-1	1-1	True	56	0.364	0.651	gain	TP	TP
chr20	6697505	6707628	10123	8	14	0	12	nested_a_in_b	nested_a_in_b	1-1	1-1	True	34	0.293	0.693	gain	TP	TP
chr20	6722393	6726142	3749	24	27	0	15	nested_a_in_b	nested_a_in_b	1-1	1-1	True	66	0.21	0.649	gain	TP	TP
chr20	7691455	7713563	22108	5	4	0	5	nested_a_in_b	nested_a_in_b	2-1	2-1	True	14	0.366	0.7	gain	TP	TP
chr20	7697750	7713563	15813	6	8	0	7	nested_a_in_b	nested_a_in_b	2-1	2-1	True	21	0.292	0.7	gain	TP	TP
chr20	13192254	13212434	20180	7	6	0	7	nested_a_in_b	nested_a_in_b	2-1	2-1	True	20	0.321	0.662	gain	TP	TP
chr20	14417838	14429922	12084	30	11	0	11	nested_a_in_b	nested_a_in_b	1-1	1-1	True	52	0.267	0.466	gain	TP	TP
chr20	15390452	15424413	33961	2	2	0	2	nested_a_in_b	nested_a_in_b	2-1	2-1	True	6	0.078	0.267	gain	TP	TP
chr20	15585359	15593668	8309	17	1	0	10	nested_a_in_b	nested_a_in_b	2-1	2-1	True	28	0.436	0.359	gain	TP	TP
chr20	21425498	21433325	7827	11	19	0	14	nested_a_in_b	nested_a_in_b	1-1	1-1	True	44	0.313	0.713	gain	TP	TP
chr20	22114421	22132153	17732	3	8	0	2	nested_a_in_b	nested_a_in_b	2-1	2-1	True	13	0.256	0.687	gain	TP	TP
chr20	23018458	23042852	24394	3	2	0	1	mutual_excl	nested_a_in_b	3	3	True	6	0.402	0.622	gain	TP	TP
chr20	23613377	23626813	13436	2	8	0	10	nested_a_in_b	nested_a_in_b	2-1	2-1	True	20	0.37	0.79	gain	TP	TP
chr20	25734430	25755531	21101	5	2	0	3	nested_a_in_b	nested_a_in_b	2-1	2-1	True	10	0.178	0.347	gain	TP	TP
chr20	29248473	29268498	20025	0	5	0	4	nested_a_in_b	nested_a_in_b	1-1	1-1	True	9	0.337	0.475	neutral	TP	TP
chr20	29582840	29584355	1515	32	2	0	6	nested_a_in_b	nested_a_in_b	2-1	2-1	True	40	0.146	0.196	gain	FP	FP
chr20	29582857	29583001	144	41	1	0	6	nested_a_in_b	nested_a_in_b	2-1	2-1	True	48	0.125	0.146	gain	FP	FP
chr20	29582857	29583115	258	41	1	0	6	nested_a_in_b	nested_a_in_b	2-1	2-1	True	48	0.125	0.137	gain	FP	FP
chr20	29582857	29583151	294	41	1	0	6	nested_a_in_b	nested_a_in_b	2-1	2-1	True	48	0.125	0.135	gain	FP	FP
chr20	29582857	29583227	370	40	1	0	6	nested_a_in_b	nested_a_in_b	2-1	2-1	True	47	0.125	0.154	gain	FP	FP
chr20	29582857	29583300	443	40	1	0	6	nested_a_in_b	nested_a_in_b	2-1	2-1	True	47	0.125	0.151	gain	FP	FP
chr20	29582857	29583425	568	40	1	0	6	nested_a_in_b	nested_a_in_b	2-1	2-1	True	47	0.125	0.148	gain	FP	FP
chr20	29582857	29583781	924	37	1	0	6	nested_a_in_b	nested_a_in_b	2-1	2-1	True	44	0.125	0.16	gain	FP	FP
chr20	29582857	29583826	969	37	1	0	5	nested_a_in_b	nested_a_in_b	2-1	2-1	True	43	0.125	0.143	gain	FP	FP
chr20	29582857	29583843	986	37	1	0	6	nested_a_in_b	nested_a_in_b	2-1	2-1	True	44	0.125	0.157	gain	FP	FP
chr20	29582857	29584148	1291	36	1	0	6	nested_a_in_b	nested_a_in_b	2-1	2-1	True	43	0.125	0.154	gain	FP	FP
chr20	29582857	29584195	1338	36	1	0	6	nested_a_in_b	nested_a_in_b	2-1	2-1	True	43	0.125	0.167	gain	FP	FP
chr20	29582857	29584355	1498	32	3	0	5	nested_a_in_b	nested_a_in_b	2-1	2-1	True	40	0.125	0.196	gain	FP	FP
chr20	29582857	29584413	1556	35	1	0	6	nested_a_in_b	nested_a_in_b	2-1	2-1	True	42	0.125	0.164	gain	FP	FP
chr20	29583001	29584355	1354	32	2	0	6	nested_a_in_b	nested_a_in_b	2-1	2-1	True	40	0.146	0.196	gain	FP	FP
chr20	29583115	29584355	1240	34	2	0	6	nested_a_in_b	nested_a_in_b	2-1	2-1	True	42	0.137	0.196	gain	FP	FP
chr20	29583151	29584355	1204	35	2	0	6	nested_a_in_b	nested_a_in_b	2-1	2-1	True	43	0.135	0.196	gain	FP	FP
chr20	29583227	29584355	1128	34	2	0	7	nested_a_in_b	nested_a_in_b	2-1	2-1	True	43	0.154	0.196	gain	FP	FP
chr20	29583300	29584355	1055	34	2	0	7	nested_a_in_b	nested_a_in_b	2-1	2-1	True	43	0.151	0.196	gain	FP	FP
chr20	29583425	29584355	930	35	2	0	7	nested_a_in_b	nested_a_in_b	2-1	2-1	True	44	0.148	0.196	gain	FP	FP
chr20	29583592	29583781	189	42	1	0	6	nested_a_in_b	nested_a_in_b	2-1	2-1	True	49	0.115	0.16	gain	FP	FP
chr20	29583592	29583826	234	41	1	0	5	nested_a_in_b	nested_a_in_b	2-1	2-1	True	47	0.115	0.143	gain	FP	FP
chr20	29583592	29583843	251	42	1	0	6	nested_a_in_b	nested_a_in_b	2-1	2-1	True	49	0.115	0.157	gain	FP	FP
chr20	29583592	29584148	556	40	1	0	6	nested_a_in_b	nested_a_in_b	2-1	2-1	True	47	0.115	0.154	gain	FP	FP
chr20	29583592	29584195	603	40	1	0	6	nested_a_in_b	nested_a_in_b	2-1	2-1	True	47	0.115	0.167	gain	FP	FP
chr20	29583592	29584257	665	40	1	0	6	nested_a_in_b	nested_a_in_b	2-1	2-1	True	47	0.115	0.148	gain	FP	FP
chr20	29583592	29584355	763	35	3	0	5	nested_a_in_b	nested_a_in_b	2-1	2-1	True	43	0.115	0.196	gain	FP	FP
chr20	29583592	29584413	821	39	1	0	6	nested_a_in_b	nested_a_in_b	2-1	2-1	True	46	0.115	0.164	gain	FP	FP
chr20	29583781	29584355	574	35	2	0	7	nested_a_in_b	nested_a_in_b	2-1	2-1	True	44	0.16	0.196	gain	FP	FP
chr20	29583826	29584355	529	34	2	0	6	nested_a_in_b	nested_a_in_b	2-1	2-1	True	42	0.143	0.196	gain	FP	FP
chr20	29583843	29584355	512	35	2	0	7	nested_a_in_b	nested_a_in_b	2-1	2-1	True	44	0.157	0.196	gain	FP	FP
chr20	29584148	29584355	207	38	2	0	7	nested_a_in_b	nested_a_in_b	2-1	2-1	True	47	0.154	0.196	gain	FP	FP
chr20	29584195	29584355	160	39	1	0	8	nested_a_in_b	nested_a_in_b	2-1	2-1	True	48	0.167	0.196	gain	FP	FP
chr20	29584233	29584355	122	39	3	0	7	nested_a_in_b	nested_a_in_b	2-1	2-1	True	49	0.145	0.196	gain	FP	FP
chr20	29584233	29584413	180	43	1	0	8	nested_a_in_b	nested_a_in_b	2-1	2-1	True	52	0.145	0.164	gain	FP	FP
chr20	29584257	29584355	98	38	3	0	7	nested_a_in_b	nested_a_in_b	2-1	2-1	True	48	0.148	0.196	gain	FP	FP
chr20	29584257	29584413	156	42	1	0	8	nested_a_in_b	nested_a_in_b	2-1	2-1	True	51	0.148	0.164	gain	FP	FP
chr20	29584442	29584694	252	43	1	0	7	nested_a_in_b	nested_a_in_b	2-1	2-1	True	51	0.13	0.154	gain	FP	FP
chr20	30964966	30986672	21706	6	2	0	4	nested_a_in_b	nested_a_in_b	1-1	1-1	True	12	0.467	0.584	gain	TP	TP
chr20	31666142	31691412	25270	8	2	0	4	nested_a_in_b	nested_a_in_b	2-1	2-1	True	14	0.232	0.621	gain	TP	TP
chr20	31750156	31774405	24249	4	9	0	1	mutual_excl	nested_a_in_b	2-1	2-1	True	14	0.071	0.618	gain	FP	TP
chr20	32805541	32821681	16140	8	10	0	11	nested_a_in_b	nested_a_in_b	1-1	1-1	True	29	0.347	0.742	gain	TP	TP
chr20	33261367	33279560	18193	9	4	0	1	mutual_excl	nested_a_in_b	1-1	1-1	True	14	0.235	0.556	gain	TP	TP
chr20	33279560	33286964	7404	11	1	0	20	nested_a_in_b	nested_a_in_b	1-1	1-1	True	32	0.556	0.682	gain	TP	TP
chr20	38564955	38600638	35683	5	1	0	2	nested_a_in_b	nested_a_in_b	1-1	1-1	True	8	0.278	0.441	gain	TP	FP
chr20	42955482	42981498	26016	3	3	0	2	nested_a_in_b	nested_a_in_b	2-1	2-1	True	8	0.186	0.495	gain	TP	TP
chr20	43284804	43296392	11588	17	7	0	6	nested_a_in_b	nested_a_in_b	2-1	2-1	True	30	0.219	0.511	gain	TP	TP
chr20	43938738	43954556	15818	20	1	0	3	nested_a_in_b	nested_a_in_b	1-1	1-1	True	24	0.034	0.047	gain	FP	FP
chr20	43939301	43954556	15255	19	1	0	3	nested_a_in_b	nested_a_in_b	1-1	1-1	True	23	0.043	0.047	gain	FP	FP
chr20	43941271	43954556	13285	21	1	0	3	nested_a_in_b	nested_a_in_b	1-1	1-1	True	25	0.034	0.047	gain	FP	FP
chr20	44064048	44076806	12758	18	1	0	20	nested_a_in_b	nested_a_in_b	1-1	1-1	True	39	0.455	0.396	gain	TP	TP
chr20	44064088	44076806	12718	19	13	0	8	nested_a_in_b	nested_a_in_b	1-1	1-1	True	40	0.212	0.396	gain	TP	TP
chr20	46423237	46432042	8805	38	1	0	17	nested_a_in_b	nested_a_in_b	2-1	2-1	True	56	0.348	0.441	gain	TP	TP
chr20	46453383	46478806	25423	5	7	0	2	nested_a_in_b	nested_a_in_b	1-1	1-1	True	14	0.171	0.504	gain	TP	TP
chr20	48209208	48224486	15278	16	5	0	5	nested_a_in_b	nested_a_in_b	2-1	2-1	True	26	0.155	0.363	gain	TP	TP
chr20	48228480	48251340	22860	8	6	0	1	mutual_excl	nested_a_in_b	2-1	2-1	True	15	0.088	0.448	gain	FP	TP
chr20	49394395	49399218	4823	39	4	0	23	nested_a_in_b	nested_a_in_b	2-1	2-1	True	66	0.343	0.505	gain	TP	TP
chr20	50650233	50650771	538	119	1	0	7	nested_a_in_b	nested_a_in_b	2-1	2-1	True	127	0.052	0.068	gain	FP	FP
chr20	51078921	51100039	21118	6	6	0	2	nested_a_in_b	nested_a_in_b	1-1	1-1	True	14	0.261	0.439	gain	TP	TP
chr20	51148964	51163809	14845	23	6	0	10	nested_a_in_b	nested_a_in_b	1-1	1-1	True	39	0.26	0.454	gain	TP	TP
chr20	51693765	51700594	6829	35	25	0	14	nested_a_in_b	nested_a_in_b	1-1	1-1	True	74	0.226	0.514	gain	TP	TP
chr20	51859217	51869898	10681	51	3	0	6	nested_a_in_b	nested_a_in_b	1-1	1-1	True	60	0.06	0.098	gain	FP	FP
chr20	51907072	51920446	13374	32	1	0	15	nested_a_in_b	nested_a_in_b	2-1	2-1	True	48	0.393	0.42	gain	TP	TP
chr20	51920446	51960304	39858	4	1	0	2	nested_a_in_b	nested_a_in_b	2-1	2-1	True	7	0.42	0.375	gain	TP	TP
chr20	53657469	53658608	1139	98	2	0	7	nested_a_in_b	nested_a_in_b	2-1	2-1	True	107	0.057	0.087	gain	FP	FP
chr20	55129523	55135374	5851	29	3	0	31	nested_a_in_b	nested_a_in_b	1-1	1-1	True	63	0.5	0.549	gain	TP	TP
chr20	56212226	56215654	3428	72	1	0	11	nested_a_in_b	nested_a_in_b	2-1	2-1	True	84	0.105	0.107	gain	FP	FP
chr20	56234355	56235046	691	65	1	0	60	nested_a_in_b	nested_a_in_b	2-1	2-1	True	126	0.478	0.486	gain	TP	TP
chr20	56455978	56467010	11032	47	1	0	3	nested_a_in_b	nested_a_in_b	1-1	1-1	True	51	0.093	0.076	gain	FP	FP
chr20	56457447	56460309	2862	79	1	0	8	nested_a_in_b	nested_a_in_b	1-1	1-1	True	88	0.087	0.095	gain	FP	FP
chr20	56457447	56467010	9563	52	1	0	3	nested_a_in_b	nested_a_in_b	1-1	1-1	True	56	0.087	0.076	gain	FP	FP
chr20	56458420	56460309	1889	88	1	0	8	nested_a_in_b	nested_a_in_b	1-1	1-1	True	97	0.067	0.095	gain	FP	FP
chr20	56458420	56467010	8590	55	1	0	3	nested_a_in_b	nested_a_in_b	1-1	1-1	True	59	0.067	0.076	gain	FP	FP
chr20	57342958	57358693	15735	30	1	0	1	sparse	nested_a_in_b	2-1	2-1	True	32	0.068	0.094	gain	FP	FP
chr20	57351014	57358693	7679	52	1	0	4	nested_a_in_b	nested_a_in_b	2-1	2-1	True	57	0.065	0.094	gain	FP	FP
chr20	57427874	57431464	3590	41	24	0	17	nested_a_in_b	nested_a_in_b	2-1	2-1	True	82	0.193	0.434	gain	TP	TP
chr20	58868189	58869091	902	91	9	0	8	nested_a_in_b	nested_a_in_b	1-1	1-1	True	108	0.071	0.151	gain	FP	FP
chr20	58868284	58868285	1	58	2	0	64	nested_a_in_b	nested_a_in_b	1-1	1-1	True	124	0.516	0.532	gain	TP	TP
chr20	61025026	61042925	17899	12	10	0	3	nested_a_in_b	nested_a_in_b	2-1	2-1	True	25	0.194	0.479	gain	TP	TP
chr20	61752757	61764509	11752	23	1	0	16	nested_a_in_b	nested_a_in_b	2-1	2-1	True	40	0.47	0.444	gain	TP	TP
chr20	61754053	61776182	22129	9	9	0	4	nested_a_in_b	nested_a_in_b	1-1	1-1	True	22	0.282	0.479	gain	TP	TP
chr20	63101044	63109413	8369	21	15	0	12	nested_a_in_b	nested_a_in_b	1-1	1-1	True	48	0.193	0.516	gain	TP	TP
