RegionID	NumReads	NumCpGs	VC_maxdist	VC_skip	Sig_maxdist	Sig_skip	CramersV_maxdist	CramersV_skip	PermanovaP_maxdist	PermanovaP_skip	PermanovaValid_maxdist	PermanovaValid_skip
0	113	126	Weak	Strong	False	False	0	0	1	0.01	False	True
1	100	511	Weak	Strong	False	False	0	0	1	0.01	False	True
2	85	513	Weak	Weak	False	False	0	0	1	1	False	False
3	82	437	Strong	Strong	False	False	0	0	0.01	0.01	True	True
4	136	311	Weak	Noise	False	False	0	0	1	1	False	False
5	105	371	Weak	Weak	False	False	0	0	1	1	False	False
6	102	525	Weak	Weak	False	False	0	0	1	1	False	False
7	113	444	Weak	Strong	False	False	0	0	1	0.01	False	True
8	101	412	Weak	Weak	False	False	0	0	1	1	False	False
9	111	300	Strong	Strong	True	True	0.3785	0.9667	0.01	0.01	True	True
10	86	337	Weak	Strong	False	True	0	1	1	0.01	False	True
11	94	398	Strong	Strong	True	False	0.4827	0	0.01	0.01	True	True
12	108	311	Weak	Strong	False	False	0	0	1	0.01	False	True
13	89	338	Strong	Strong	True	True	0.6691	1	0.01	0.01	True	True
14	95	323	Strong	Strong	False	True	0	1	0.01	0.01	True	True
15	92	246	Strong	Strong	True	True	0.9373	0.8962	0.01	0.01	True	True
16	100	432	Strong	Strong	False	False	0	0	0.01	0.01	True	True
17	93	243	Strong	Strong	False	False	0	0	0.01	0.01	True	True
18	129	290	Strong	Strong	True	True	0.7634	0.9256	0.01	0.01	True	True
19	102	234	Strong	Strong	True	False	0.6148	0	0.01	0.01	True	True
20	98	98	Weak	Strong	False	False	0	0	1	0.01	False	True
21	91	312	Strong	Strong	True	True	0.9333	0.9309	0.01	0.01	True	True
22	116	302	Weak	Strong	False	True	0	0.901	0.01	0.01	True	True
23	94	317	Strong	Strong	False	True	0	0.965	0.01	0.01	True	True
24	83	235	Weak	Strong	False	True	0	0.512	1	0.01	False	True
25	104	314	Strong	Weak	False	False	0	0	0.01	1	True	False
26	106	40	Weak	Strong	False	True	0	0.9693	1	0.01	False	True
27	112	169	Noise	Strong	False	False	0	0	1	0.01	False	True
28	117	246	Strong	Strong	False	True	0	1	0.01	0.01	True	True
29	106	51	Weak	Strong	False	True	0	0.8126	1	0.01	False	True
30	96	86	Weak	Strong	False	True	0	0.9199	1	0.01	False	True
31	84	142	Weak	Strong	False	False	0	0	1	0.01	False	True
32	75	150	Weak	Strong	False	False	0	0	1	0.01	False	True
33	101	71	Weak	Strong	False	False	0	0	1	0.01	False	True
34	97	93	Weak	Strong	False	True	0	0.8264	1	0.01	False	True
35	104	69	Weak	Strong	False	False	0	0	1	0.01	False	True
36	76	160	Weak	Strong	False	False	0	0	1	0.01	False	True
37	106	38	Weak	Strong	False	False	0	0	1	0.01	False	True
38	99	71	Weak	Strong	False	False	0	0	1	0.01	False	True
39	109	84	Weak	Strong	False	False	0	0	1	0.01	False	True
40	106	175	Weak	Strong	False	True	0	0.9648	1	0.01	False	True
41	115	149	Weak	Strong	False	True	0	0.9555	1	0.01	False	True
42	130	181	Strong	Strong	False	False	0	0	0.01	0.01	True	True
43	131	182	Strong	Strong	False	False	0	0	0.01	0.01	True	True
44	93	150	Strong	Weak	False	False	0	0	0.01	1	True	False
45	99	158	Weak	Weak	False	False	0.1057	0	1	1	False	False
46	108	376	Weak	Strong	False	True	0	0.9668	1	0.01	False	True
47	133	351	Strong	Weak	True	False	0.3242	0	0.01	1	True	False
48	97	280	Weak	Weak	False	False	0	0	1	1	False	False
49	103	216	Strong	Strong	False	True	0	0.9633	0.01	0.01	True	True
50	123	184	Strong	Strong	True	False	0.9035	0	0.01	0.01	True	True
51	100	182	Strong	Strong	True	True	1	1	0.01	0.01	True	True
52	112	137	Strong	Strong	False	True	0	0.9727	0.01	0.01	True	True
53	111	137	Strong	Strong	False	True	0	1	0.01	0.01	True	True
54	114	154	Strong	Strong	False	True	0	1	0.01	0.01	True	True
55	113	171	Weak	Strong	False	True	0	1	1	0.01	False	True
56	99	214	Weak	Weak	False	False	0	0	1	1	False	False
57	109	118	Weak	Weak	False	False	0	0	1	1	False	False
58	111	74	Weak	Weak	False	False	0	0	1	1	False	False
59	121	120	Strong	Strong	False	False	0	0	0.01	0.01	True	True
60	116	90	Weak	Noise	False	False	0	0	0.01	1	True	False
61	106	188	Weak	Strong	False	False	0	0	1	0.01	False	True
62	100	141	Strong	Strong	False	False	0	0	0.01	0.01	True	True
63	95	127	Strong	Strong	False	False	0	0	0.01	0.01	True	True
64	99	131	Weak	Strong	False	False	0	0	1	0.01	False	True
65	104	131	Weak	Weak	False	False	0	0	1	1	False	False
66	100	216	Weak	Weak	False	False	0	0	1	1	False	False
67	97	187	Weak	Strong	False	False	0	0	1	0.01	False	True
68	111	156	Weak	Weak	False	False	0	0	1	1	False	False
69	147	305	Weak	Strong	False	True	0	0.6272	1	0.01	False	True
70	148	158	Weak	Weak	False	False	0	0	1	1	False	False
71	119	196	Weak	Weak	False	False	0	0	1	1	False	False
72	124	154	Strong	Weak	False	False	0	0	0.01	1	True	False
73	117	164	Weak	Weak	False	False	0	0	1	1	False	False
74	127	165	Weak	Noise	False	False	0	0	1	1	False	False
75	111	246	Strong	Strong	False	False	0	0	0.01	0.01	True	True
76	122	247	Strong	Strong	False	True	0	0.9454	0.01	0.01	True	True
77	131	197	Strong	Weak	False	False	0	0	0.01	1	True	False
78	114	159	Noise	Noise	False	False	0	0	1	1	False	False
79	123	125	Weak	Weak	False	False	0	0	1	1	False	False
80	132	172	Weak	Subclone	False	False	0	0	0.01	0.01	True	True
81	123	177	Weak	Strong	False	False	0	0	1	0.01	False	True
82	133	263	Weak	Strong	False	True	0	1	1	0.01	False	True
83	124	166	Weak	Strong	False	False	0	0	1	0.01	False	True
84	100	74	Weak	Strong	False	False	0	0	1	0.01	False	True
85	139	191	Strong	Strong	False	True	0	0.5657	0.01	0.01	True	True
86	125	232	Weak	Strong	False	True	0	0.2818	1	0.01	False	True
87	120	289	Weak	Strong	False	False	0	0	1	0.01	False	True
88	141	165	Strong	Strong	True	False	0.5768	0	0.01	0.01	True	True
89	130	183	Weak	Strong	False	True	0	0.6056	1	0.01	False	True
90	119	193	Weak	Weak	False	False	0	0	1	1	False	False
91	146	151	Weak	Strong	False	True	0	0.3063	0.01	0.01	True	True
92	150	146	Weak	Weak	False	False	0	0	1	1	False	False
93	142	112	Weak	Weak	False	False	0	0	1	1	False	False
94	137	79	Weak	Weak	False	False	0	0	1	0.01	False	True
95	156	81	Strong	Strong	True	False	0.5133	0	0.01	0.01	True	True
96	114	155	Weak	Strong	False	False	0	0	1	0.01	False	True
97	135	109	Weak	Strong	False	False	0	0	0.01	0.01	True	True
98	118	88	Weak	Strong	False	False	0	0	1	0.01	False	True
99	116	88	Weak	Strong	False	False	0	0	1	0.01	False	True
100	113	40	Weak	Strong	False	False	0	0	1	0.01	False	True
101	103	88	Weak	Strong	False	True	0	0.6559	1	0.01	False	True
102	114	98	Weak	Strong	False	False	0	0	1	0.01	False	True
103	100	217	Weak	Strong	False	False	0	0	1	0.01	False	True
104	138	145	Strong	Strong	False	False	0	0	0.01	0.01	True	True
105	126	131	Weak	Weak	False	False	0	0	1	1	False	False
106	127	89	Strong	Strong	False	True	0	0.6708	0.01	0.01	True	True
107	106	93	Weak	Strong	False	False	0	0	1	0.01	False	True
108	114	82	Weak	Strong	False	False	0	0	1	0.01	False	True
109	127	65	Weak	Strong	False	True	0	0.8877	0.01	0.01	True	True
110	165	60	Strong	Strong	False	False	0	0	0.01	0.01	True	True
111	121	84	Weak	Strong	False	True	0	0.3908	1	0.01	False	True
112	141	69	Weak	Strong	False	False	0	0	0.01	0.01	True	True
113	99	110	Weak	Strong	False	True	0	0.6053	1	0.01	False	True
114	80	106	Weak	Strong	False	True	0	1	1	0.01	False	True
115	131	144	Weak	Strong	False	False	0	0	0.01	0.01	True	True
116	128	147	Strong	Strong	True	False	0.6361	0	0.01	0.01	True	True
117	113	145	Weak	Strong	False	True	0	0.9167	1	0.01	False	True
118	128	188	Weak	Weak	False	False	0	0	1	1	False	False
119	127	187	Weak	Weak	False	False	0	0	1	1	False	False
120	141	204	Strong	Strong	False	False	0	0	0.01	0.01	True	True
121	122	178	Strong	Strong	False	False	0	0	0.01	0.01	True	True
122	131	210	Strong	Strong	False	True	0	1	0.01	0.01	True	True
123	115	188	Strong	Strong	True	False	0.3588	0	0.01	0.01	True	True
124	129	138	Strong	Weak	False	False	0	0	0.01	1	True	False
125	120	195	Weak	Weak	False	False	0	0	1	1	False	False
126	408	150	Noise	Noise	False	False	0	0	1	1	False	False
127	278	225	Weak	Strong	False	False	0	0	1	0.01	False	True
128	121	145	Weak	Weak	False	False	0	0	1	0.01	False	True
129	136	157	Weak	Strong	False	False	0	0	1	0.01	False	True
130	109	274	Weak	Strong	False	False	0	0	0.01	0.01	True	True
131	101	253	Strong	Strong	False	False	0.0874	0	0.01	0.01	True	True
132	113	98	Weak	Strong	False	False	0	0	1	0.01	False	True
133	123	161	Strong	Strong	False	False	0	0	0.01	0.01	True	True
134	91	271	Weak	Noise	False	False	0	0	1	1	False	False
135	133	421	Strong	Strong	False	False	0	0	0.01	0.01	True	True
136	136	425	Weak	Strong	False	False	0	0	1	0.01	False	True
137	141	167	Weak	Strong	False	False	0	0	1	0.01	False	True
138	134	126	Weak	Strong	False	False	0	0	1	0.01	False	True
139	125	131	Strong	Strong	True	True	0.3913	0.5772	0.01	0.01	True	True
140	117	151	Strong	Strong	False	False	0	0	0.01	0.01	True	True
141	132	134	Strong	Strong	False	False	0	0	0.01	0.01	True	True
142	135	94	Strong	Strong	False	True	0	0.6745	0.01	0.01	True	True
143	103	135	Weak	Strong	False	True	0	1	1	0.01	False	True
144	112	157	Strong	Strong	False	True	0	1	0.01	0.01	True	True
145	125	141	Strong	Strong	False	False	0	0	0.01	0.01	True	True
146	145	116	Strong	Strong	False	True	0	0.4638	0.01	0.01	True	True
147	125	148	Weak	Weak	False	False	0	0	1	1	False	False
148	113	96	Weak	Weak	False	False	0	0	1	1	False	False
149	123	196	Weak	Weak	False	False	0	0	1	1	False	False
150	110	147	Weak	Strong	False	False	0	0	1	0.01	False	True
151	82	144	Weak	Strong	False	False	0	0	1	0.01	False	True
152	100	157	Weak	Strong	False	False	0	0	1	0.01	False	True
153	130	116	Weak	Weak	False	False	0	0	1	1	False	False
154	120	103	Weak	Strong	False	True	0	0.9231	1	0.01	False	True
155	107	114	Strong	Strong	False	True	0	0.6693	0.01	0.01	True	True
156	112	126	Weak	Strong	False	False	0	0	1	0.01	False	True
157	132	120	Weak	Strong	False	False	0	0	1	0.01	False	True
158	116	186	Strong	Strong	False	False	0	0	0.01	0.01	True	True
159	125	147	Strong	Weak	False	False	0	0	0.01	1	True	False
160	132	113	Weak	Strong	False	False	0	0	1	0.01	False	True
161	114	122	Weak	Strong	False	False	0	0	1	0.01	False	True
162	127	99	Strong	Strong	False	False	0	0	0.01	0.01	True	True
163	147	223	Strong	Strong	False	False	0	0	0.01	0.01	True	True
164	158	90	Weak	Noise	False	False	0	0	1	1	False	False
165	142	99	Weak	Noise	False	False	0	0	1	1	False	False
166	137	292	Weak	Weak	False	False	0	0	1	1	False	False
167	139	305	Weak	Weak	False	False	0	0	1	1	False	False
168	114	223	Weak	Strong	False	False	0	0	1	0.01	False	True
169	105	164	Weak	Strong	False	False	0	0	1	0.01	False	True
170	104	156	Weak	Weak	False	False	0	0	1	1	False	False
171	127	180	Weak	Strong	False	False	0	0	1	0.01	False	True
172	119	143	Strong	Strong	False	True	0	0.6176	0.01	0.01	True	True
173	132	121	Strong	Strong	True	True	0.1677	1	0.01	0.01	True	True
174	107	136	Strong	Strong	False	True	0	1	0.01	0.01	True	True
175	123	102	Weak	Strong	False	True	0	1	1	0.01	False	True
176	99	117	Weak	Strong	False	True	0	0.9021	1	0.01	False	True
177	106	125	Weak	Strong	False	False	0	0	1	0.01	False	True
178	116	100	Weak	Noise	False	False	0	0	1	1	False	False
179	128	131	Weak	Strong	False	False	0	0	1	0.01	False	True
180	114	135	Weak	Weak	False	False	0	0	1	1	False	False
181	143	149	Weak	Weak	False	False	0	0	1	1	False	False
182	125	175	Weak	Weak	False	False	0	0	1	1	False	False
183	160	282	Weak	Weak	False	False	0	0	1	1	False	False
184	94	214	Strong	Strong	True	True	0.5506	0.6752	0.01	0.01	True	True
185	141	175	Strong	Strong	False	True	0	0.9527	0.01	0.01	True	True
186	145	110	Weak	Strong	False	True	0	0.9756	1	0.01	False	True
187	149	137	Weak	Strong	False	True	0	0.5676	0.01	0.01	True	True
188	118	149	Strong	Strong	False	False	0	0	0.01	0.01	True	True
189	131	108	Weak	Weak	False	False	0	0	1	0.01	False	True
190	117	156	Weak	Strong	False	False	0.0931	0	1	0.01	False	True
191	124	149	Strong	Strong	False	False	0	0	0.01	0.01	True	True
192	119	170	Strong	Strong	False	True	0	0.5501	0.01	0.01	True	True
193	113	131	Weak	Strong	False	False	0	0	1	0.01	False	True
194	133	317	Weak	Strong	False	True	0	0.3444	1	0.01	False	True
195	112	149	Weak	Weak	False	False	0	0	1	1	False	False
196	136	208	Weak	Strong	False	False	0	0	1	0.01	False	True
197	124	89	Weak	Strong	False	False	0	0	1	0.01	False	True
198	118	265	Weak	Weak	False	False	0	0	1	1	False	False
199	151	134	Weak	Strong	False	False	0	0	1	0.01	False	True
200	120	161	Strong	Strong	False	False	0	0	0.01	0.01	True	True
201	125	156	Strong	Weak	True	False	0.1455	0	0.01	1	True	False
202	107	349	Weak	Strong	False	True	0	0.6177	1	0.01	False	True
203	113	201	Strong	Strong	False	False	0	0	0.01	0.01	True	True
204	97	123	Noise	Noise	False	False	0	0	1	1	False	False
205	105	175	Strong	Weak	False	False	0	0	0.01	1	True	False
206	106	218	Strong	Strong	False	False	0	0	0.01	0.01	True	True
207	115	130	Weak	Strong	False	False	0	0	1	0.01	False	True
208	115	139	Strong	Strong	False	False	0	0	0.01	0.01	True	True
209	136	177	Weak	Weak	False	False	0	0	1	1	False	False
210	100	241	Weak	Strong	False	False	0	0	1	0.01	False	True
211	98	111	Weak	Strong	False	True	0	1	1	0.01	False	True
212	132	190	Noise	Noise	False	False	0	0	1	1	False	False
213	147	147	Weak	Strong	False	True	0	0.9522	1	0.01	False	True
214	113	184	Weak	Weak	False	False	0	0	1	1	False	False
215	126	208	Weak	Strong	False	False	0	0	1	0.01	False	True
216	120	131	Noise	Noise	False	False	0	0	1	1	False	False
217	120	114	Noise	Noise	False	False	0	0	1	1	False	False
218	124	120	Weak	Weak	False	False	0	0	1	1	False	False
219	150	94	Weak	Weak	False	False	0	0	1	1	False	False
220	131	125	Weak	Noise	False	False	0	0	1	1	False	False
221	118	180	Strong	Weak	False	False	0	0	0.01	1	True	False
222	147	129	Weak	Noise	False	False	0	0	1	1	False	False
223	124	102	Weak	Weak	False	False	0	0	1	1	False	False
224	153	109	Strong	Weak	False	False	0	0	0.01	1	True	False
225	121	110	Noise	Noise	False	False	0	0	1	1	False	False
226	118	92	Weak	Noise	False	False	0	0	1	1	False	False
227	104	322	Strong	Strong	False	True	0	0.9684	0.01	0.01	True	True
228	120	73	Strong	Strong	False	False	0	0	0.01	0.01	True	True
229	128	90	Weak	Strong	False	True	0	1	1	0.01	False	True
230	119	109	Weak	Strong	False	True	0	0.5984	1	0.01	False	True
231	110	144	Weak	Strong	False	True	0	0.9703	1	0.01	False	True
232	112	147	Strong	Strong	True	True	0.9716	1	0.01	0.01	True	True
233	83	110	Weak	Strong	False	False	0	0	0.01	0.01	True	True
234	127	92	Strong	Strong	False	True	0	0.9447	0.01	0.01	True	True
235	102	111	Strong	Strong	False	True	0	0.9251	0.01	0.01	True	True
236	133	65	Weak	Strong	False	True	0	0.3822	1	0.01	False	True
237	158	72	Weak	Strong	False	True	0	0.9219	1	0.01	False	True
238	91	96	Weak	Strong	False	False	0	0	1	0.01	False	True
239	124	42	Weak	Strong	False	True	0	0.9764	1	0.01	False	True
240	141	46	Strong	Strong	False	True	0	0.2684	0.01	0.01	True	True
241	124	192	Weak	Strong	False	False	0	0	1	0.01	False	True
242	139	87	Weak	Weak	False	False	0	0	1	1	False	False
243	135	238	Weak	Weak	False	False	0	0	1	1	False	False
244	125	198	Strong	Strong	False	False	0	0	0.01	0.01	True	True
245	144	159	Noise	Weak	False	False	0	0	1	0.01	False	True
246	176	106	Weak	Weak	False	False	0	0	1	1	False	False
247	137	189	Weak	Strong	False	False	0	0	1	0.01	False	True
248	120	178	Weak	Strong	False	False	0	0	1	0.01	False	True
249	137	219	Weak	Strong	False	False	0	0	1	0.01	False	True
250	147	198	Weak	Strong	False	True	0	0.4955	1	0.01	False	True
251	135	119	Noise	Weak	False	False	0	0	1	1	False	False
252	136	272	Strong	Strong	True	True	0.8423	0.9732	0.01	0.01	True	True
253	140	209	Weak	Weak	False	False	0	0	1	1	False	False
254	156	194	Strong	Strong	False	True	0	0.3536	0.01	0.01	True	True
255	119	211	Weak	Strong	False	True	0	1	1	0.01	False	True
256	109	91	Weak	Strong	False	True	0	0.6231	1	0.01	False	True
257	132	148	Strong	Strong	False	False	0	0	0.01	0.01	True	True
258	116	65	Weak	Strong	False	True	0	0.9402	1	0.01	False	True
259	139	127	Weak	Strong	False	False	0	0	1	0.01	False	True
260	135	127	Weak	Strong	False	False	0	0	1	0.01	False	True
261	124	81	Weak	Strong	False	False	0	0	1	0.01	False	True
262	109	69	Weak	Strong	False	False	0	0	1	0.01	False	True
263	103	82	Weak	Strong	False	False	0	0	1	0.01	False	True
264	102	70	Weak	Weak	False	False	0	0	1	1	False	False
265	102	92	Weak	Strong	False	True	0	0.9362	1	0.01	False	True
266	109	86	Weak	Strong	False	False	0	0	0.01	0.01	True	True
267	103	101	Weak	Strong	False	True	0	0.75	1	0.01	False	True
268	126	85	Strong	Strong	False	False	0	0	0.01	0.01	True	True
269	107	99	Weak	Strong	False	False	0	0	1	0.01	False	True
270	130	84	Weak	Strong	False	False	0	0	1	0.01	False	True
271	125	101	Weak	Weak	False	False	0	0	1	1	False	False
272	145	93	Weak	Strong	False	False	0	0	1	0.01	False	True
273	119	110	Weak	Strong	False	False	0	0	1	0.01	False	True
274	123	133	Weak	Noise	False	False	0	0	1	1	False	False
275	135	94	Weak	Weak	False	False	0	0	1	1	False	False
276	128	79	Weak	Weak	False	False	0	0	1	1	False	False
277	141	106	Noise	Noise	False	False	0	0	1	1	False	False
278	121	63	Weak	Strong	False	False	0	0	1	0.01	False	True
279	119	81	Weak	Strong	False	False	0	0	1	0.01	False	True
280	131	104	Strong	Strong	False	False	0	0	0.01	0.01	True	True
281	102	103	Weak	Weak	False	False	0	0	1	1	False	False
282	127	306	Noise	Noise	False	False	0	0	1	1	False	False
283	126	317	Weak	Noise	False	False	0	0	1	1	False	False
284	126	317	Weak	Noise	False	False	0	0	1	1	False	False
285	116	119	Weak	Noise	False	False	0	0	1	1	False	False
286	142	231	Weak	Weak	False	False	0	0	1	1	False	False
287	127	92	Weak	Strong	False	False	0	0	1	0.01	False	True
288	142	112	Weak	Strong	False	True	0	0.6439	0.01	0.01	True	True
289	122	148	Weak	Strong	False	True	0	0.9696	1	0.01	False	True
290	114	124	Weak	Strong	False	True	0	0.9451	1	0.01	False	True
291	115	131	Weak	Strong	False	False	0	0	1	0.01	False	True
292	111	106	Weak	Strong	False	True	0	0.9707	1	0.01	False	True
293	102	123	Strong	Strong	False	False	0	0	0.01	0.01	True	True
294	94	103	Weak	Subclone	False	False	0	0	1	0.01	False	True
295	101	124	Weak	Strong	False	True	0	0.9689	1	0.01	False	True
296	110	108	Weak	Strong	False	True	0	0.9661	1	0.01	False	True
297	96	100	Weak	Strong	False	True	0	0.8762	1	0.01	False	True
298	124	101	Weak	Strong	False	True	0	0.9282	1	0.01	False	True
299	95	101	Weak	Strong	False	True	0	0.9068	1	0.01	False	True
300	107	75	Weak	Weak	False	False	0	0	1	1	False	False
301	105	77	Strong	Weak	False	False	0	0	0.01	1	True	False
302	117	91	Weak	Strong	False	False	0	0	1	0.01	False	True
303	102	113	Weak	Weak	False	False	0	0	1	1	False	False
304	114	138	Weak	Weak	False	False	0	0	1	1	False	False
305	133	250	Strong	Weak	False	False	0	0	0.01	1	True	False
306	113	101	Weak	Strong	False	False	0	0	1	0.01	False	True
307	112	98	Weak	Strong	False	False	0	0	1	0.01	False	True
308	99	94	Weak	Strong	False	False	0	0	1	0.01	False	True
309	81	119	Weak	Strong	False	True	0	1	1	0.01	False	True
310	91	80	Weak	Strong	False	True	0	0.8841	1	0.01	False	True
311	102	61	Weak	Strong	False	False	0	0	1	0.01	False	True
312	84	33	Strong	Strong	False	False	0	0	0.01	0.01	True	True
313	107	138	Weak	Strong	False	False	0	0	1	0.01	False	True
314	88	93	Weak	Strong	False	True	0	0.9606	1	0.01	False	True
315	95	103	Weak	Strong	False	True	0	0.9587	1	0.01	False	True
316	96	104	Strong	Strong	True	True	0.4364	1	0.01	0.01	True	True
317	129	142	Weak	Strong	False	True	0	0.9491	1	0.01	False	True
318	139	311	Weak	Strong	False	False	0	0	1	0.01	False	True
319	96	103	Weak	Weak	False	False	0	0	1	1	False	False
320	107	112	Weak	Strong	False	False	0	0	1	0.01	False	True
321	133	62	Weak	Weak	False	False	0	0	1	1	False	False
322	116	121	Strong	Weak	False	False	0	0	0.01	1	True	False
323	118	110	Strong	Strong	False	True	0	0.83	0.01	0.01	True	True
324	118	110	Strong	Strong	False	True	0	0.8598	0.01	0.01	True	True
325	137	88	Weak	Strong	False	False	0	0	1	0.01	False	True
326	123	183	Weak	Weak	False	False	0	0	1	1	False	False
327	123	174	Weak	Strong	False	False	0	0	1	0.01	False	True
328	110	125	Weak	Weak	False	False	0	0	1	1	False	False
329	135	217	Strong	Strong	False	False	0	0	0.01	0.01	True	True
330	148	123	Weak	Weak	False	False	0	0	1	1	False	False
331	134	103	Weak	Weak	False	False	0	0	1	1	False	False
332	132	125	Weak	Noise	False	False	0	0	1	1	False	False
333	107	186	Strong	Weak	False	False	0	0	0.01	1	True	False
334	121	161	Strong	Strong	True	False	0.4354	0	0.01	0.01	True	True
335	185	315	Strong	Weak	False	False	0	0	0.01	1	True	False
336	197	187	Strong	Strong	False	False	0	0	0.01	0.01	True	True
337	190	113	Weak	Weak	False	False	0	0	1	1	False	False
338	144	100	Weak	Weak	False	False	0	0	1	1	False	False
339	185	94	Weak	Strong	False	True	0	0.3773	0.01	0.01	True	True
340	150	128	Weak	Strong	False	False	0	0	1	0.01	False	True
341	148	146	Weak	Strong	False	False	0	0	1	0.01	False	True
342	150	161	Weak	Weak	False	False	0	0	1	0.01	False	True
343	123	155	Weak	Weak	False	False	0	0	1	1	False	False
344	137	118	Weak	Weak	False	False	0	0	1	1	False	False
345	124	54	Weak	Weak	False	False	0	0	1	1	False	False
346	108	199	Weak	Weak	False	False	0	0	1	1	False	False
347	124	121	Strong	Noise	False	False	0	0	0.01	1	True	False
348	108	116	Weak	Strong	False	False	0	0	1	0.01	False	True
349	109	99	Weak	Strong	False	False	0	0	1	0.01	False	True
350	133	108	Weak	Weak	False	False	0	0	0.01	1	True	False
351	144	98	Weak	Strong	False	False	0	0	1	0.01	False	True
352	132	62	Weak	Strong	False	True	0	0.5653	1	0.01	False	True
353	127	94	Weak	Noise	False	False	0	0	1	1	False	False
354	160	59	Weak	Strong	False	True	0	0.3194	1	0.01	False	True
355	141	95	Weak	Strong	False	False	0	0	1	0.01	False	True
356	124	112	Weak	Noise	False	False	0	0	1	1	False	False
357	121	95	Weak	Strong	False	False	0	0	1	0.01	False	True
358	101	47	Strong	Strong	False	True	0	0.5411	0.01	0.01	True	True
359	113	207	Noise	Noise	False	False	0	0	1	1	False	False
360	135	149	Weak	Strong	False	False	0	0	1	0.01	False	True
361	107	104	Weak	Strong	False	False	0	0	1	0.01	False	True
362	139	101	Weak	Strong	False	False	0	0	1	0.01	False	True
363	120	121	Weak	Strong	False	False	0	0	1	0.01	False	True
364	140	93	Weak	Noise	False	False	0	0	1	1	False	False
365	145	99	Weak	Noise	False	False	0	0	1	1	False	False
366	98	50	Weak	Noise	False	False	0	0	1	1	False	False
367	121	110	Weak	Weak	False	False	0	0	1	1	False	False
368	117	200	Weak	Noise	False	False	0	0	0.01	1	True	False
369	132	193	Weak	Weak	False	False	0	0	1	1	False	False
370	125	93	Weak	Weak	False	False	0	0	1	1	False	False
371	126	393	Noise	Noise	False	False	0	0	1	1	False	False
372	135	85	Strong	Weak	False	False	0	0	0.01	1	True	False
373	124	104	Weak	Strong	False	False	0	0	1	0.01	False	True
374	104	143	Weak	Strong	False	False	0	0	1	0.01	False	True
375	107	143	Weak	Strong	False	False	0	0	1	0.01	False	True
376	134	140	Weak	Strong	False	False	0	0	1	0.01	False	True
377	129	138	Strong	Strong	False	True	0	1	0.01	0.01	True	True
378	124	104	Weak	Strong	False	False	0	0	1	0.01	False	True
379	156	179	Noise	Weak	False	False	0	0	1	1	False	False
380	143	103	Weak	Weak	False	False	0	0	1	1	False	False
381	116	105	Weak	Weak	False	False	0	0	1	1	False	False
382	131	89	Weak	Strong	False	True	0	0.7673	1	0.01	False	True
383	131	311	Strong	Strong	False	False	0	0	0.01	0.01	True	True
384	132	131	Strong	Strong	True	True	0.146	1	0.01	0.01	True	True
385	127	151	Weak	Strong	False	True	0	0.3439	0.01	0.01	True	True
386	134	184	Weak	Noise	False	False	0	0	1	1	False	False
387	124	232	Weak	Weak	False	False	0	0	1	1	False	False
388	160	129	Weak	Noise	False	False	0	0	1	1	False	False
389	141	47	Weak	Strong	False	True	0	0.3077	1	0.01	False	True
390	122	68	Weak	Strong	False	False	0	0	1	0.01	False	True
391	113	211	Weak	Weak	False	False	0	0	1	1	False	False
392	117	96	Weak	Weak	False	False	0	0	1	1	False	False
393	131	138	Weak	Weak	False	False	0	0	1	1	False	False
394	134	93	Weak	Weak	False	False	0	0	1	1	False	False
395	128	72	Weak	Weak	False	False	0	0	1	1	False	False
396	130	101	Weak	Weak	False	False	0	0	1	1	False	False
397	103	88	Weak	Noise	False	False	0	0	0.01	1	True	False
398	132	89	Weak	Strong	False	False	0	0	1	0.01	False	True
399	107	85	Weak	Strong	False	False	0	0	1	0.01	False	True
400	141	136	Strong	Noise	False	False	0	0	0.01	1	True	False
401	141	191	Weak	Weak	False	False	0	0	1	1	False	False
402	136	314	Weak	Strong	False	True	0	0.5976	1	0.01	False	True
403	134	50	Weak	Noise	False	False	0	0	1	1	False	False
404	132	50	Weak	Noise	False	False	0	0	1	1	False	False
405	141	75	Noise	Noise	False	False	0	0	1	1	False	False
406	129	57	Noise	Noise	False	False	0	0	1	1	False	False
407	114	65	Weak	Strong	False	False	0	0	1	0.01	False	True
408	165	133	Weak	Strong	False	True	0	0.6686	1	0.01	False	True
409	127	62	Weak	Strong	False	False	0	0	1	0.01	False	True
410	116	70	Weak	Strong	False	False	0	0	1	0.01	False	True
411	131	201	Strong	Strong	False	True	0	0.5479	0.01	0.01	True	True
412	121	92	Weak	Strong	False	True	0	0.6457	1	0.01	False	True
413	112	109	Weak	Strong	False	True	0	0.5379	1	0.01	False	True
414	121	99	Weak	Strong	False	False	0	0	1	0.01	False	True
415	115	143	Weak	Strong	False	False	0	0	1	0.01	False	True
416	80	57	Weak	Strong	False	True	0	0.5457	1	0.01	False	True
417	106	119	Weak	Strong	False	True	0	0.549	0.01	0.01	True	True
418	126	55	Weak	Strong	False	True	0	1	0.01	0.01	True	True
419	126	61	Weak	Strong	False	False	0	0	1	0.01	False	True
420	134	40	Strong	Strong	False	True	0	0.9303	0.01	0.01	True	True
421	110	92	Weak	Strong	False	True	0	0.9735	1	0.01	False	True
422	92	61	Weak	Strong	False	False	0	0	1	0.01	False	True
423	132	39	Weak	Strong	False	False	0	0	1	0.01	False	True
424	103	135	Weak	Strong	False	False	0	0	1	0.01	False	True
425	117	67	Weak	Strong	False	False	0	0	1	0.01	False	True
426	105	82	Weak	Strong	False	False	0	0	1	0.01	False	True
427	114	73	Weak	Strong	False	True	0	0.6566	1	0.01	False	True
428	128	62	Weak	Strong	False	True	0	0.956	1	0.01	False	True
429	134	42	Weak	Strong	False	True	0	0.6993	1	0.01	False	True
430	113	36	Strong	Weak	False	False	0	0	0.01	1	True	False
431	119	60	Weak	Strong	False	False	0	0	1	0.01	False	True
432	132	39	Noise	Subclone	False	False	0	0	1	0.01	False	True
433	136	38	Weak	Strong	False	False	0	0	1	0.01	False	True
434	132	48	Strong	Strong	False	False	0	0	0.01	0.01	True	True
435	125	40	Noise	Noise	False	False	0	0	1	1	False	False
436	123	57	Weak	Weak	False	False	0	0	1	1	False	False
437	130	62	Weak	Weak	False	False	0	0	1	1	False	False
438	133	57	Weak	Strong	False	False	0	0	1	0.01	False	True
439	116	101	Weak	Strong	False	False	0	0	1	0.01	False	True
440	123	52	Weak	Strong	False	False	0	0	1	0.01	False	True
441	122	51	Weak	Weak	False	False	0	0	1	1	False	False
442	110	30	Weak	Weak	False	False	0	0	1	1	False	False
443	103	24	Weak	Strong	False	False	0	0	1	0.01	False	True
444	115	46	Weak	Strong	False	False	0	0	1	0.01	False	True
445	122	67	Weak	Strong	False	False	0	0	1	0.01	False	True
446	122	54	Strong	Strong	True	False	0.3063	0	0.01	0.01	True	True
447	136	48	Weak	Strong	False	False	0	0	1	0.01	False	True
448	133	67	Noise	Strong	False	True	0	0.3346	1	0.01	False	True
449	103	63	Strong	Strong	False	False	0	0	0.01	0.01	True	True
450	118	70	Weak	Strong	False	False	0	0	1	0.01	False	True
451	130	70	Weak	Strong	False	True	0	0.3663	1	0.01	False	True
452	119	46	Weak	Strong	False	True	0	0.9665	1	0.01	False	True
453	129	49	Weak	Strong	False	False	0	0	1	0.01	False	True
454	124	67	Weak	Strong	False	False	0	0	0.01	0.01	True	True
455	128	43	Weak	Strong	False	False	0	0	1	0.01	False	True
456	136	58	Weak	Weak	False	False	0	0	0.01	1	True	False
457	131	50	Weak	Noise	False	False	0	0	0.01	1	True	False
458	109	119	Weak	Weak	False	False	0	0	1	1	False	False
459	98	39	Weak	Noise	False	False	0	0	1	1	False	False
460	128	53	Weak	Strong	False	False	0	0	1	0.01	False	True
461	105	158	Weak	Strong	False	False	0	0	1	0.01	False	True
462	132	94	Weak	Weak	False	False	0	0	1	1	False	False
463	96	91	Weak	Weak	False	False	0	0	1	1	False	False
464	182	109	Weak	Weak	False	False	0	0	1	1	False	False
465	181	139	Noise	Weak	False	False	0	0	1	1	False	False
466	163	72	Weak	Weak	False	False	0	0	1	1	False	False
467	149	80	Weak	Noise	False	False	0	0	1	1	False	False
468	156	79	Weak	Noise	False	False	0	0	1	1	False	False
469	142	67	Weak	Strong	False	True	0	0.5394	0.01	0.01	True	True
470	131	99	Weak	Weak	False	False	0	0	1	1	False	False
471	115	66	Strong	Weak	False	False	0	0	0.01	1	True	False
472	133	126	Noise	Noise	False	False	0	0	1	1	False	False
473	132	102	Noise	Noise	False	False	0	0	1	1	False	False
474	119	182	Noise	Weak	False	False	0	0	1	1	False	False
475	147	145	Weak	Weak	False	False	0	0	1	1	False	False
476	132	159	Strong	Weak	False	False	0	0	0.01	1	True	False
477	109	111	Weak	Weak	False	False	0	0	1	1	False	False
478	88	114	Weak	Strong	False	False	0	0	1	0.01	False	True
479	107	93	Weak	Weak	False	False	0	0	1	1	False	False
480	114	101	Weak	Weak	False	False	0	0	1	0.01	False	True
481	118	261	Noise	Noise	False	False	0	0	1	1	False	False
482	110	138	Weak	Weak	False	False	0	0	1	1	False	False
483	117	139	Weak	Noise	False	False	0	0	1	1	False	False
484	118	105	Weak	Weak	False	False	0	0	0.01	1	True	False
485	103	147	Weak	Noise	False	False	0	0	1	0.01	False	True
486	99	87	Weak	Weak	False	False	0	0	0.01	1	True	False
487	116	116	Weak	Weak	False	False	0	0	1	1	False	False
488	101	107	Weak	Weak	False	False	0	0	1	1	False	False
489	104	113	Weak	Strong	False	True	0	0.5356	1	0.01	False	True
490	102	108	Weak	Strong	False	False	0	0	1	0.01	False	True
491	81	127	Weak	Strong	False	False	0	0	1	0.01	False	True
492	113	125	Weak	Strong	False	True	0	0.9386	1	0.01	False	True
493	105	222	Strong	Strong	False	False	0	0	0.01	0.01	True	True
494	92	229	Weak	Strong	False	False	0	0	1	0.01	False	True
495	104	148	Strong	Strong	True	True	0.6925	0.5252	0.01	0.01	True	True
496	104	118	Weak	Strong	False	False	0	0	1	0.01	False	True
497	119	98	Strong	Strong	True	True	0.6491	0.4998	0.01	0.01	True	True
498	100	378	Weak	Strong	False	False	0	0	1	0.01	False	True
499	123	133	Weak	Strong	False	False	0	0	1	0.01	False	True
500	128	239	Weak	Strong	False	False	0	0	1	0.01	False	True
501	99	160	Weak	Strong	False	True	0	0.9687	1	0.01	False	True
502	109	87	Weak	Strong	False	True	0	0.5155	1	0.01	False	True
503	99	107	Weak	Weak	False	False	0	0	1	1	False	False
504	87	149	Strong	Strong	False	True	0	0.4629	0.01	0.01	True	True
505	89	134	Strong	Strong	False	True	0	0.4615	0.01	0.01	True	True
506	96	118	Weak	Strong	False	True	0	0.4856	1	0.01	False	True
507	127	78	Weak	Weak	False	False	0	0	1	1	False	False
508	102	87	Weak	Strong	False	True	0	1	1	0.01	False	True
509	121	89	Weak	Strong	False	False	0	0	1	0.01	False	True
510	116	96	Weak	Strong	False	False	0	0	1	0.01	False	True
511	106	48	Weak	Strong	False	True	0	0.5955	1	0.01	False	True
512	107	56	Strong	Strong	True	True	0.5234	0.5258	0.01	0.01	True	True
513	102	32	Strong	Strong	False	True	0	0.5591	0.01	0.01	True	True
514	116	82	Strong	Strong	True	False	0.5911	0	0.01	0.01	True	True
515	116	44	Weak	Strong	False	False	0	0	1	0.01	False	True
516	105	48	Strong	Strong	False	True	0	0.6294	0.01	0.01	True	True
517	105	84	Strong	Strong	False	True	0	0.4496	0.01	0.01	True	True
518	97	56	Weak	Strong	False	False	0	0	1	0.01	False	True
519	121	98	Weak	Strong	False	True	0	0.635	1	0.01	False	True
520	99	73	Weak	Strong	False	False	0	0	0.01	0.01	True	True
521	98	87	Strong	Strong	False	False	0	0	0.01	0.01	True	True
522	121	39	Strong	Strong	False	True	0	0.5223	0.01	0.01	True	True
523	121	38	Strong	Strong	False	True	0	0.4997	0.01	0.01	True	True
524	121	53	Weak	Strong	False	True	0	0.5466	1	0.01	False	True
525	98	57	Weak	Strong	False	True	0	1	1	0.01	False	True
526	122	76	Weak	Weak	False	False	0	0	1	1	False	False
527	113	48	Weak	Strong	False	False	0	0	1	0.01	False	True
528	110	53	Weak	Strong	False	True	0	0.4776	1	0.01	False	True
529	86	48	Weak	Strong	False	False	0	0	0.01	0.01	True	True
530	93	74	Weak	Strong	False	False	0	0	1	0.01	False	True
531	86	64	Weak	Strong	False	False	0	0	1	0.01	False	True
532	82	59	Weak	Strong	False	False	0	0	0.01	0.01	True	True
533	98	65	Weak	Strong	False	False	0	0	1	0.01	False	True
534	98	70	Weak	Strong	False	False	0	0	1	0.01	False	True
535	102	55	Weak	Strong	False	False	0	0	1	0.01	False	True
536	108	51	Weak	Strong	False	True	0	0.4347	0.01	0.01	True	True
537	95	52	Weak	Strong	False	True	0	0.6216	0.01	0.01	True	True
538	90	89	Weak	Strong	False	True	0	0.9555	1	0.01	False	True
539	103	90	Weak	Strong	False	True	0	0.5735	1	0.01	False	True
540	80	77	Weak	Strong	False	False	0	0	0.01	0.01	True	True
541	84	73	Strong	Strong	False	False	0	0	0.01	0.01	True	True
542	88	62	Weak	Strong	False	False	0	0	1	0.01	False	True
543	113	77	Weak	Strong	False	False	0	0	1	0.01	False	True
544	95	64	Strong	Strong	False	False	0	0	0.01	0.01	True	True
545	85	103	Weak	Strong	False	False	0	0	0.01	0.01	True	True
546	81	94	Weak	Strong	False	False	0	0	0.01	0.01	True	True
547	79	67	Weak	Strong	False	False	0	0	0.01	0.01	True	True
548	83	42	Weak	Strong	False	True	0	1	1	0.01	False	True
549	73	124	Strong	Strong	False	False	0	0	0.01	0.01	True	True
550	72	66	Noise	Noise	False	False	0	0	1	1	False	False
551	108	62	Weak	Strong	False	True	0	0.6476	1	0.01	False	True
552	98	46	Weak	Strong	False	True	0	0.5551	1	0.01	False	True
553	117	69	Weak	Strong	False	False	0	0	1	0.01	False	True
554	112	157	Strong	Strong	False	False	0	0	0.01	0.01	True	True
555	96	68	Weak	Strong	False	False	0	0	1	0.01	False	True
556	94	49	Weak	Strong	False	False	0	0	1	0.01	False	True
557	108	56	Weak	Strong	False	False	0	0	1	0.01	False	True
558	98	83	Weak	Strong	False	True	0	0.9199	1	0.01	False	True
559	94	70	Weak	Weak	False	False	0	0	1	1	False	False
560	104	70	Weak	Strong	False	False	0	0	1	0.01	False	True
561	94	49	Strong	Strong	True	True	0.615	0.5046	0.01	0.01	True	True
562	90	67	Weak	Strong	False	True	0	0.5155	1	0.01	False	True
563	98	46	Strong	Strong	False	False	0	0	0.01	0.01	True	True
564	96	54	Strong	Strong	True	True	0.4995	0.6109	0.01	0.01	True	True
565	75	44	Weak	Strong	False	True	0	0.7947	1	0.01	False	True
566	90	48	Weak	Strong	False	True	0	0.5872	1	0.01	False	True
567	87	59	Weak	Strong	False	True	0	0.5983	1	0.01	False	True
568	115	55	Weak	Strong	False	True	0	0.7415	1	0.01	False	True
569	112	55	Weak	Strong	False	True	0	0.7387	1	0.01	False	True
570	113	83	Strong	Strong	False	True	0	0.6953	0.01	0.01	True	True
571	102	60	Weak	Strong	False	True	0	0.3784	1	0.01	False	True
572	109	49	Weak	Strong	False	True	0	0.4001	1	0.01	False	True
573	111	61	Weak	Strong	False	True	0	0.6462	1	0.01	False	True
574	101	116	Weak	Strong	False	True	0	0.6586	1	0.01	False	True
575	89	112	Weak	Strong	False	True	0	0.5064	1	0.01	False	True
576	102	97	Weak	Strong	False	True	0	0.559	1	0.01	False	True
577	88	99	Strong	Strong	False	True	0	0.5092	0.01	0.01	True	True
578	113	91	Weak	Strong	False	True	0	0.5529	1	0.01	False	True
579	99	67	Weak	Strong	False	True	0	0.3944	1	0.01	False	True
580	108	66	Weak	Strong	False	True	0	0.5655	1	0.01	False	True
581	96	115	Weak	Strong	False	True	0	0.482	1	0.01	False	True
582	119	107	Weak	Strong	False	False	0	0	1	0.01	False	True
583	102	100	Strong	Weak	False	False	0	0	0.01	1	True	False
584	112	66	Weak	Weak	False	False	0	0	1	1	False	False
585	99	66	Weak	Noise	False	False	0	0	1	1	False	False
586	95	103	Weak	Weak	False	False	0	0	1	0.01	False	True
587	93	84	Strong	Weak	False	False	0	0	0.01	1	True	False
588	115	110	Weak	Weak	False	False	0	0	1	1	False	False
589	84	116	Strong	Strong	False	True	0	0.4817	0.01	0.01	True	True
590	125	244	Noise	Subclone	False	True	0	0.3998	1	0.01	False	True
591	103	71	Strong	Weak	False	False	0	0	0.01	1	True	False
592	104	56	Weak	Strong	False	False	0	0	1	0.01	False	True
593	101	94	Weak	Strong	False	True	0	0.501	1	0.01	False	True
594	88	105	Weak	Strong	False	False	0	0	0.01	0.01	True	True
595	92	80	Strong	Strong	True	True	0.3804	0.6803	0.01	0.01	True	True
596	91	55	Weak	Subclone	False	False	0	0	0.01	0.01	True	True
597	89	61	Strong	Strong	False	True	0	0.4353	0.01	0.01	True	True
598	90	70	Weak	Strong	False	True	0	1	1	0.01	False	True
599	86	83	Weak	Strong	False	False	0	0	1	0.01	False	True
600	94	66	Strong	Strong	True	False	0.5383	0	0.01	0.01	True	True
601	115	206	Weak	Weak	False	False	0	0	1	1	False	False
602	121	61	Noise	Weak	False	False	0	0	1	1	False	False
603	96	52	Weak	Weak	False	False	0	0	1	1	False	False
604	122	62	Strong	Strong	False	True	0	0.3954	0.01	0.01	True	True
605	115	89	Weak	Strong	False	True	0	0.5327	1	0.01	False	True
606	82	65	Weak	Strong	False	True	0	0.5876	1	0.01	False	True
607	113	118	Weak	Subclone	False	True	0	0.5345	1	0.01	False	True
608	94	76	Weak	Strong	False	False	0	0	0.01	0.01	True	True
609	103	75	Weak	Strong	False	True	0	0.5058	1	0.01	False	True
610	99	61	Weak	Strong	False	True	0	0.5367	1	0.01	False	True
611	81	50	Strong	Strong	True	True	0.4859	0.4953	0.01	0.01	True	True
612	96	78	Weak	Strong	False	True	0	0.5636	1	0.01	False	True
613	92	79	Weak	Strong	False	False	0	0	1	0.01	False	True
614	111	249	Weak	Weak	False	False	0	0	0.01	1	True	False
615	95	72	Strong	Strong	True	True	0.3184	0.577	0.01	0.01	True	True
616	100	140	Noise	Strong	False	False	0	0	1	0.01	False	True
617	110	94	Weak	Strong	False	False	0	0	1	0.01	False	True
618	87	82	Weak	Strong	False	False	0	0	1	0.01	False	True
619	113	179	Weak	Strong	False	True	0	0.5365	1	0.01	False	True
620	96	31	Weak	Strong	False	True	0	0.6916	1	0.01	False	True
621	108	59	Strong	Strong	False	True	0	0.5185	0.01	0.01	True	True
622	106	65	Weak	Strong	False	True	0	0.6667	1	0.01	False	True
623	110	88	Strong	Weak	False	False	0	0	0.01	1	True	False
624	105	38	Weak	Strong	False	True	0	0.35	1	0.01	False	True
625	100	56	Weak	Strong	False	False	0	0	0.01	0.01	True	True
626	103	49	Weak	Strong	False	True	0	0.5061	1	0.01	False	True
627	122	50	Weak	Strong	False	False	0	0	1	0.01	False	True
628	108	51	Weak	Noise	False	False	0	0	1	1	False	False
629	123	35	Weak	Strong	False	True	0	0.5641	1	0.01	False	True
630	124	43	Weak	Strong	False	True	0	0.5505	1	0.01	False	True
631	108	89	Weak	Strong	False	True	0	0.6796	1	0.01	False	True
632	130	70	Weak	Strong	False	True	0	0.6397	1	0.01	False	True
633	133	73	Weak	Strong	False	True	0	0.2012	1	0.01	False	True
634	120	52	Weak	Weak	False	False	0	0	1	1	False	False
635	107	60	Weak	Strong	False	False	0	0	1	0.01	False	True
636	103	44	Weak	Strong	False	True	0	0.6055	1	0.01	False	True
637	125	69	Strong	Strong	False	True	0	0.5159	0.01	0.01	True	True
638	79	78	Strong	Strong	False	True	0	0.7232	0.01	0.01	True	True
639	114	48	Weak	Subclone	False	True	0	0.381	1	0.01	False	True
640	103	61	Weak	Strong	False	False	0	0	1	0.01	False	True
641	92	46	Weak	Strong	False	True	0	0.6916	1	0.01	False	True
642	97	61	Noise	Weak	False	False	0	0	1	1	False	False
643	101	179	Weak	Weak	False	False	0	0	1	1	False	False
644	107	48	Strong	Strong	False	True	0	0.4996	0.01	0.01	True	True
645	120	63	Weak	Strong	False	True	0	0.4853	1	0.01	False	True
646	106	95	Strong	Strong	True	True	0.394	0.6172	0.01	0.01	True	True
647	90	103	Weak	Strong	False	False	0	0	1	0.01	False	True
648	118	126	Weak	Subclone	False	True	0	0.3606	1	0.01	False	True
649	94	89	Weak	Strong	False	True	0	1	1	0.01	False	True
650	90	63	Weak	Strong	False	True	0	0.5071	1	0.01	False	True
651	90	77	Strong	Strong	False	True	0	0.5941	0.01	0.01	True	True
652	111	54	Weak	Strong	False	True	0	0.8377	1	0.01	False	True
653	93	144	Weak	Strong	False	False	0	0	1	0.01	False	True
654	108	56	Weak	Strong	False	False	0	0	1	0.01	False	True
655	102	157	Noise	Strong	False	True	0	0.5048	1	0.01	False	True
656	113	130	Weak	Strong	False	True	0	0.5975	1	0.01	False	True
657	92	109	Weak	Strong	False	True	0	0.5508	1	0.01	False	True
658	97	66	Strong	Strong	True	True	0.5743	0.7217	0.01	0.01	True	True
659	94	37	Weak	Strong	False	False	0	0	1	0.01	False	True
660	90	68	Strong	Strong	False	False	0	0	0.01	0.01	True	True
661	107	57	Weak	Strong	False	True	0	0.3213	1	0.01	False	True
662	91	61	Weak	Strong	False	False	0	0	1	0.01	False	True
663	101	42	Weak	Weak	False	False	0	0	1	1	False	False
664	121	39	Weak	Strong	False	False	0	0	1	0.01	False	True
665	126	63	Weak	Weak	False	False	0	0	1	1	False	False
666	112	24	Weak	Strong	False	False	0	0	1	0.01	False	True
667	86	47	Strong	Strong	False	True	0	0.7284	0.01	0.01	True	True
668	79	40	Weak	Strong	False	False	0	0	1	0.01	False	True
669	121	62	Weak	Weak	False	False	0	0	1	1	False	False
670	121	77	Weak	Strong	False	False	0	0	0.01	0.01	True	True
671	98	58	Weak	Strong	False	False	0	0	1	0.01	False	True
672	71	47	Weak	Strong	False	False	0	0	1	0.01	False	True
673	83	51	Weak	Strong	False	True	0	0.9551	1	0.01	False	True
674	95	49	Strong	Strong	False	False	0	0	0.01	0.01	True	True
675	79	31	Weak	Strong	False	True	0	0.9085	1	0.01	False	True
676	65	49	Weak	Weak	False	False	0	0	1	1	False	False
677	96	133	Weak	Weak	False	False	0	0	0.01	1	True	False
678	93	99	Weak	Strong	False	False	0	0	1	0.01	False	True
679	87	70	Weak	Weak	False	False	0	0	1	1	False	False
680	77	84	Weak	Strong	False	False	0	0	1	0.01	False	True
681	79	62	Strong	Strong	False	True	0	1	0.01	0.01	True	True
682	77	65	Weak	Strong	False	False	0	0	1	0.01	False	True
683	97	64	Weak	Strong	False	True	0	1	1	0.01	False	True
684	81	62	Weak	Strong	False	False	0	0	1	0.01	False	True
685	78	31	Weak	Strong	False	True	0	0.7	1	0.01	False	True
686	100	62	Weak	Strong	False	True	0	0.9354	1	0.01	False	True
687	89	35	Strong	Strong	False	True	0	0.7819	0.01	0.01	True	True
688	93	71	Weak	Strong	False	True	0	1	1	0.01	False	True
689	87	65	Weak	Strong	False	False	0	0	1	0.01	False	True
690	64	50	Weak	Strong	False	True	0	0.7164	1	0.01	False	True
691	84	59	Weak	Strong	False	True	0	1	1	0.01	False	True
692	80	56	Weak	Strong	False	True	0	0.7706	1	0.01	False	True
693	60	56	Weak	Strong	False	False	0	0	1	0.01	False	True
694	87	60	Weak	Strong	False	True	0	0.6556	0.01	0.01	True	True
695	68	29	Weak	Strong	False	False	0	0	1	0.01	False	True
696	67	50	Weak	Strong	False	True	0	0.8641	1	0.01	False	True
697	92	59	Weak	Strong	False	True	0	1	1	0.01	False	True
698	77	71	Strong	Strong	False	True	0	0.9354	0.01	0.01	True	True
699	74	36	Weak	Strong	False	True	0	0.6684	1	0.01	False	True
700	89	60	Weak	Strong	False	True	0	0.9635	1	0.01	False	True
701	83	45	Strong	Strong	False	True	0	0.5976	0.01	0.01	True	True
702	74	54	Weak	Strong	False	False	0	0	1	0.01	False	True
703	84	43	Weak	Strong	False	True	0	0.892	1	0.01	False	True
704	91	50	Weak	Strong	False	True	0	0.8874	1	0.01	False	True
705	90	129	Weak	Weak	False	False	0	0	1	1	False	False
706	77	46	Weak	Strong	False	False	0	0	1	0.01	False	True
707	84	60	Weak	Strong	False	True	0	0.825	1	0.01	False	True
708	90	41	Weak	Strong	False	True	0	0.5195	1	0.01	False	True
709	90	33	Strong	Strong	False	False	0	0	0.01	0.01	True	True
710	60	54	Weak	Strong	False	False	0	0	1	0.01	False	True
711	62	164	Weak	Strong	False	True	0	0.6168	1	0.01	False	True
712	98	66	Weak	Strong	False	True	0	0.909	1	0.01	False	True
713	68	80	Weak	Strong	False	True	0	0.9403	1	0.01	False	True
714	61	62	Weak	Strong	False	False	0	0	1	0.01	False	True
715	91	52	Weak	Strong	False	False	0	0	1	0.01	False	True
716	95	50	Strong	Strong	True	True	0.5477	0.965	0.01	0.01	True	True
717	88	48	Weak	Strong	False	False	0	0	1	0.01	False	True
718	70	46	Weak	Strong	False	False	0	0	1	0.01	False	True
719	100	72	Weak	Strong	False	False	0	0	1	0.01	False	True
720	87	68	Weak	Strong	False	False	0	0	1	0.01	False	True
721	95	100	Noise	Strong	False	False	0	0	1	0.01	False	True
722	108	65	Strong	Strong	False	False	0	0	0.01	0.01	True	True
723	110	59	Weak	Strong	False	False	0	0	1	0.01	False	True
724	112	65	Strong	Strong	False	True	0	0.5466	0.01	0.01	True	True
725	118	68	Weak	Strong	False	True	0	0.746	1	0.01	False	True
726	83	56	Weak	Strong	False	False	0	0	1	0.01	False	True
727	107	57	Weak	Strong	False	True	0	0.5618	1	0.01	False	True
728	103	57	Weak	Strong	False	True	0	0.9537	1	0.01	False	True
729	92	78	Weak	Strong	False	True	0	0.6602	1	0.01	False	True
730	108	78	Weak	Noise	False	False	0	0	0.01	1	True	False
731	109	83	Noise	Weak	False	False	0	0	1	1	False	False
732	117	48	Strong	Strong	False	False	0	0	0.01	0.01	True	True
733	110	45	Weak	Strong	False	True	0	0.5919	1	0.01	False	True
734	111	43	Strong	Strong	False	True	0	0.6093	0.01	0.01	True	True
735	108	50	Weak	Strong	False	True	0	0.5566	1	0.01	False	True
736	107	43	Weak	Strong	False	True	0	0.5292	1	0.01	False	True
737	104	70	Weak	Strong	False	True	0	0.4056	1	0.01	False	True
738	105	86	Weak	Strong	False	True	0	0.9659	1	0.01	False	True
739	108	86	Weak	Strong	False	True	0	0.9675	1	0.01	False	True
740	97	61	Weak	Strong	False	True	0	0.441	1	0.01	False	True
741	118	67	Strong	Strong	False	False	0	0	0.01	0.01	True	True
742	108	93	Strong	Strong	False	True	0	0.6469	0.01	0.01	True	True
743	93	53	Weak	Strong	False	True	0	0.9121	1	0.01	False	True
744	95	86	Weak	Strong	False	False	0	0	1	0.01	False	True
745	109	53	Weak	Strong	False	False	0	0	1	0.01	False	True
746	123	71	Strong	Strong	False	False	0	0	0.01	0.01	True	True
747	116	56	Weak	Strong	False	True	0	0.4805	1	0.01	False	True
748	106	46	Weak	Strong	False	False	0	0	1	0.01	False	True
749	87	43	Weak	Strong	False	False	0	0	1	0.01	False	True
750	90	42	Weak	Strong	False	True	0	0.4977	1	0.01	False	True
751	111	90	Weak	Strong	False	False	0	0	1	0.01	False	True
752	110	37	Weak	Strong	False	True	0	0.6374	1	0.01	False	True
753	102	54	Weak	Strong	False	False	0	0	1	0.01	False	True
754	90	110	Weak	Strong	False	False	0	0	1	0.01	False	True
755	95	110	Weak	Strong	False	False	0	0	1	0.01	False	True
756	122	43	Strong	Strong	False	True	0	0.5025	0.01	0.01	True	True
757	108	37	Weak	Strong	False	False	0	0	1	0.01	False	True
758	100	57	Strong	Strong	False	False	0	0	0.01	0.01	True	True
759	103	38	Weak	Strong	False	True	0	0.6463	1	0.01	False	True
760	125	54	Weak	Strong	False	True	0	0.631	1	0.01	False	True
761	103	122	Weak	Strong	False	False	0	0	1	0.01	False	True
762	92	75	Weak	Strong	False	True	0	0.4922	1	0.01	False	True
763	97	40	Weak	Strong	False	True	0	0.5736	1	0.01	False	True
764	105	58	Weak	Strong	False	True	0	0.4944	1	0.01	False	True
765	101	47	Weak	Strong	False	True	0	0.4767	1	0.01	False	True
766	120	47	Weak	Strong	False	True	0	0.607	1	0.01	False	True
767	103	57	Strong	Strong	True	False	0.1438	0	0.01	0.01	True	True
768	95	62	Weak	Strong	False	False	0	0	1	0.01	False	True
769	123	40	Weak	Strong	False	True	0	0.3447	1	0.01	False	True
770	98	53	Weak	Strong	False	True	0	0.6659	1	0.01	False	True
771	96	47	Strong	Strong	False	False	0	0	0.01	0.01	True	True
772	108	102	Weak	Strong	False	False	0	0	0.01	0.01	True	True
773	120	135	Weak	Strong	False	True	0	0.5593	1	0.01	False	True
774	102	47	Weak	Strong	False	True	0	0.429	1	0.01	False	True
775	104	67	Weak	Strong	False	True	0	0.5215	1	0.01	False	True
776	108	119	Strong	Strong	True	True	0.4759	0.6525	0.01	0.01	True	True
777	140	43	Weak	Strong	False	True	0	0.6413	1	0.01	False	True
778	107	52	Weak	Strong	False	True	0	0.9494	1	0.01	False	True
779	99	58	Weak	Strong	False	False	0	0	1	0.01	False	True
780	101	100	Strong	Strong	False	False	0	0	0.01	0.01	True	True
781	99	336	Weak	Strong	False	True	0	0.5246	1	0.01	False	True
782	116	81	Weak	Strong	False	True	0	0.5279	1	0.01	False	True
783	90	79	Noise	Strong	False	False	0	0	1	0.01	False	True
784	98	71	Weak	Strong	False	True	0	1	1	0.01	False	True
785	95	63	Weak	Strong	False	False	0	0	1	0.01	False	True
786	94	58	Weak	Strong	False	False	0	0	1	0.01	False	True
787	119	105	Weak	Strong	False	True	0	0.5525	1	0.01	False	True
788	106	93	Weak	Strong	False	False	0	0	1	0.01	False	True
789	103	114	Strong	Strong	False	False	0	0	0.01	0.01	True	True
790	94	45	Weak	Strong	False	True	0	0.6547	0.01	0.01	True	True
791	124	47	Weak	Strong	False	True	0	0.617	1	0.01	False	True
792	113	46	Weak	Strong	False	True	0	0.5742	1	0.01	False	True
793	103	54	Weak	Strong	False	True	0	0.6627	1	0.01	False	True
794	132	44	Strong	Strong	False	True	0	0.4111	0.01	0.01	True	True
795	79	43	Weak	Strong	False	True	0	0.6077	1	0.01	False	True
796	122	45	Weak	Strong	False	True	0	0.5829	0.01	0.01	True	True
797	119	64	Weak	Strong	False	True	0	0.9571	1	0.01	False	True
798	108	49	Weak	Strong	False	False	0	0	1	0.01	False	True
799	101	44	Weak	Strong	False	True	0	0.5676	1	0.01	False	True
800	99	53	Weak	Strong	False	False	0	0	1	0.01	False	True
801	104	51	Weak	Strong	False	False	0	0	1	0.01	False	True
802	98	39	Weak	Strong	False	True	0	0.4239	1	0.01	False	True
803	91	61	Weak	Strong	False	True	0	0.6467	1	0.01	False	True
804	115	52	Strong	Strong	False	True	0	0.4644	0.01	0.01	True	True
805	82	74	Weak	Strong	False	True	0	0.6736	1	0.01	False	True
806	94	45	Weak	Strong	False	False	0	0	1	0.01	False	True
807	109	55	Weak	Strong	False	False	0	0	1	0.01	False	True
808	114	47	Weak	Strong	False	True	0	0.4496	1	0.01	False	True
809	91	52	Weak	Strong	False	False	0	0	1	0.01	False	True
810	83	53	Weak	Subclone	False	False	0	0	1	0.01	False	True
811	92	36	Weak	Strong	False	False	0	0	1	0.01	False	True
812	95	40	Weak	Strong	False	False	0	0	0.01	0.01	True	True
813	95	45	Noise	Noise	False	False	0	0	1	1	False	False
814	86	119	Noise	Noise	False	False	0	0	1	1	False	False
815	161	111	Weak	Strong	False	False	0	0	1	0.01	False	True
816	164	231	Weak	Weak	False	False	0	0	1	1	False	False
817	148	47	Noise	Noise	False	False	0	0	1	1	False	False
818	179	51	Noise	Noise	False	False	0	0	1	0.01	False	True
819	210	75	Weak	Strong	False	False	0	0	1	0.01	False	True
820	180	145	Weak	Strong	False	False	0	0	1	0.01	False	True
821	182	67	Weak	Strong	False	False	0	0	1	0.01	False	True
822	181	64	Weak	Strong	False	True	0	0.6111	1	0.01	False	True
823	168	82	Weak	Strong	False	False	0	0	1	0.01	False	True
824	155	78	Weak	Strong	False	True	0	0.6758	1	0.01	False	True
825	176	72	Weak	Weak	False	False	0	0	1	1	False	False
826	131	72	Weak	Strong	False	True	0	0.4754	1	0.01	False	True
827	157	77	Strong	Weak	False	False	0	0	0.01	1	True	False
828	178	63	Weak	Strong	False	False	0	0	1	0.01	False	True
829	160	276	Weak	Weak	False	False	0	0	1	1	False	False
830	162	134	Weak	Weak	False	False	0	0	1	1	False	False
831	171	68	Weak	Weak	False	False	0	0	1	1	False	False
832	158	168	Noise	Weak	False	False	0	0	1	1	False	False
833	186	72	Weak	Strong	False	False	0	0	1	0.01	False	True
834	170	71	Weak	Strong	False	False	0	0	1	0.01	False	True
835	174	136	Weak	Strong	False	True	0	0.6993	1	0.01	False	True
836	152	57	Strong	Strong	False	False	0	0	0.01	0.01	True	True
837	148	120	Weak	Weak	False	False	0	0	1	1	False	False
838	202	109	Noise	Subclone	False	False	0	0	1	0.01	False	True
839	167	42	Noise	Noise	False	False	0	0	1	1	False	False
840	177	62	Strong	Strong	False	True	0	0.3485	0.01	0.01	True	True
841	157	62	Strong	Strong	False	False	0	0	0.01	0.01	True	True
842	140	44	Strong	Strong	False	True	0	0.693	0.01	0.01	True	True
843	137	40	Weak	Strong	False	False	0	0	1	0.01	False	True
844	133	60	Weak	Weak	False	False	0	0	1	1	False	False
845	176	37	Weak	Weak	False	False	0	0	1	1	False	False
846	161	41	Weak	Weak	False	False	0	0	1	1	False	False
847	179	61	Weak	Strong	False	True	0	0.4489	1	0.01	False	True
848	147	51	Weak	Strong	False	False	0	0	1	0.01	False	True
849	166	44	Weak	Strong	False	True	0	0.3325	0.01	0.01	True	True
850	152	40	Weak	Strong	False	False	0	0	1	0.01	False	True
851	185	81	Weak	Weak	False	False	0	0	1	1	False	False
852	176	103	Strong	Strong	False	False	0	0	0.01	0.01	True	True
853	159	106	Weak	Weak	False	False	0	0	1	1	False	False
854	188	94	Weak	Weak	False	False	0	0	1	1	False	False
855	161	55	Strong	Strong	False	False	0	0	0.01	0.01	True	True
856	197	43	Weak	Weak	False	False	0	0	0.01	1	True	False
857	164	67	Weak	Weak	False	False	0	0	1	1	False	False
858	172	139	Weak	Strong	False	False	0	0	1	0.01	False	True
859	105	69	Strong	Strong	False	False	0	0	0.01	0.01	True	True
860	134	83	Weak	Strong	False	True	0	0.429	1	0.01	False	True
861	151	65	Strong	Strong	False	False	0	0	0.01	0.01	True	True
862	162	69	Weak	Strong	False	True	0	0.4143	1	0.01	False	True
863	147	310	Weak	Weak	False	False	0	0	1	0.01	False	True
864	150	83	Weak	Noise	False	False	0	0	1	1	False	False
865	134	50	Weak	Strong	False	False	0	0	1	0.01	False	True
866	179	61	Noise	Weak	False	False	0	0	1	1	False	False
867	180	72	Weak	Strong	False	False	0	0	1	0.01	False	True
868	158	64	Strong	Strong	False	False	0	0	0.01	0.01	True	True
869	162	45	Strong	Strong	False	False	0	0	0.01	0.01	True	True
870	171	66	Weak	Strong	False	False	0	0	0.01	0.01	True	True
871	126	70	Weak	Strong	False	False	0	0	1	0.01	False	True
872	182	56	Weak	Strong	False	False	0	0	1	0.01	False	True
873	184	75	Weak	Strong	False	False	0	0	1	0.01	False	True
874	157	43	Weak	Strong	False	True	0	0.6266	1	0.01	False	True
875	186	42	Weak	Strong	False	False	0	0	1	0.01	False	True
876	167	88	Weak	Strong	False	True	0	0.3326	1	0.01	False	True
877	175	63	Weak	Strong	False	False	0	0	1	0.01	False	True
878	182	47	Weak	Strong	False	False	0	0	1	0.01	False	True
879	183	48	Weak	Strong	False	True	0	0.1631	1	0.01	False	True
880	192	45	Weak	Noise	False	False	0	0	1	0.01	False	True
881	185	42	Weak	Subclone	False	False	0	0	0.01	0.01	True	True
882	182	73	Noise	Strong	False	False	0	0	1	0.01	False	True
883	179	34	Weak	Strong	False	True	0	0.2092	1	0.01	False	True
884	137	26	Weak	Strong	False	True	0	0.3749	1	0.01	False	True
885	177	27	Weak	Strong	False	True	0	0.3766	1	0.01	False	True
886	191	37	Weak	Strong	False	True	0	0.4735	1	0.01	False	True
887	165	56	Weak	Strong	False	False	0	0	0.01	0.01	True	True
888	153	54	Weak	Strong	False	False	0	0	0.01	0.01	True	True
889	180	58	Strong	Strong	False	False	0	0	0.01	0.01	True	True
890	173	58	Strong	Strong	False	False	0	0	0.01	0.01	True	True
891	156	88	Strong	Noise	False	False	0	0	0.01	1	True	False
892	178	95	Weak	Weak	False	False	0	0	0.01	1	True	False
893	147	51	Strong	Weak	False	False	0	0	0.01	0.02	True	True
894	143	101	Weak	Weak	False	False	0	0	1	1	False	False
895	168	67	Strong	Noise	False	False	0	0	0.01	1	True	False
896	156	51	Strong	Strong	False	False	0	0	0.01	0.01	True	True
897	171	68	Weak	Strong	False	False	0	0	1	0.01	False	True
898	153	44	Weak	Weak	False	False	0	0	1	0.01	False	True
899	169	49	Strong	Noise	False	False	0	0	0.01	1	True	False
900	183	57	Weak	Weak	False	False	0	0	1	1	False	False
901	180	54	Weak	Weak	False	False	0	0	1	1	False	False
902	145	73	Weak	Strong	False	False	0	0	1	0.01	False	True
903	169	51	Weak	Strong	False	False	0	0	1	0.01	False	True
904	136	76	Weak	Weak	False	False	0	0	1	1	False	False
905	143	99	Weak	Weak	False	False	0	0	1	0.01	False	True
906	140	73	Weak	Strong	False	False	0	0	1	0.01	False	True
907	141	73	Strong	Strong	False	False	0	0	0.01	0.01	True	True
908	123	38	Weak	Strong	False	True	0	0.4856	1	0.01	False	True
909	149	65	Weak	Strong	False	True	0	0.659	0.01	0.01	True	True
910	125	66	Weak	Strong	False	True	0	0.6101	1	0.01	False	True
911	130	74	Weak	Strong	False	False	0	0	1	0.01	False	True
912	153	48	Strong	Strong	False	True	0	0.5236	0.01	0.01	True	True
913	129	38	Weak	Strong	False	True	0	0.971	1	0.01	False	True
914	147	32	Strong	Strong	False	True	0	0.2787	0.01	0.01	True	True
915	150	37	Strong	Strong	False	False	0	0	0.01	0.01	True	True
916	129	65	Weak	Strong	False	True	0	0.5853	1	0.01	False	True
917	133	64	Strong	Strong	False	True	0	0.5854	0.01	0.01	True	True
918	142	30	Weak	Strong	False	False	0	0	1	0.01	False	True
919	144	64	Weak	Weak	False	False	0	0	1	1	False	False
920	122	64	Weak	Strong	False	False	0	0	1	0.01	False	True
921	112	407	Strong	Strong	False	False	0	0	0.01	0.01	True	True
922	136	51	Strong	Strong	True	True	0.3569	0.6556	0.01	0.01	True	True
923	145	176	Weak	Strong	False	False	0	0	1	0.01	False	True
924	139	85	Weak	Strong	False	False	0	0	1	0.01	False	True
925	156	69	Weak	Weak	False	False	0	0	1	1	False	False
926	151	64	Weak	Strong	False	False	0	0	1	0.01	False	True
927	153	75	Weak	Strong	False	False	0	0	1	0.01	False	True
928	146	71	Weak	Strong	False	True	0	0.474	1	0.01	False	True
929	183	81	Strong	Strong	False	True	0	0.603	0.01	0.01	True	True
930	151	65	Strong	Strong	False	False	0	0	0.01	0.01	True	True
931	147	131	Strong	Noise	False	False	0	0	0.01	1	True	False
932	120	47	Weak	Weak	False	False	0	0	1	1	False	False
933	137	75	Strong	Strong	True	False	0.7558	0	0.01	0.01	True	True
934	108	130	Weak	Strong	False	False	0	0	1	0.01	False	True
935	115	61	Strong	Strong	False	False	0	0	0.01	0.01	True	True
936	161	117	Weak	Weak	False	False	0	0	1	1	False	False
937	144	90	Weak	Strong	False	False	0	0	1	0.01	False	True
938	136	109	Weak	Strong	False	False	0	0	1	0.01	False	True
939	143	108	Strong	Strong	True	False	0.3763	0	0.01	0.01	True	True
940	152	162	Weak	Strong	False	False	0	0	1	0.01	False	True
941	120	56	Weak	Strong	False	False	0	0	0.01	0.01	True	True
942	154	65	Weak	Weak	False	False	0	0	1	1	False	False
943	157	161	Weak	Weak	False	False	0	0	1	1	False	False
944	163	46	Strong	Weak	False	False	0	0	0.01	0.01	True	True
945	154	98	Strong	Weak	False	False	0	0	0.01	1	True	False
946	139	91	Weak	Weak	False	False	0	0	1	1	False	False
947	153	71	Weak	Strong	False	False	0	0	1	0.01	False	True
948	150	67	Weak	Weak	False	False	0	0	1	1	False	False
949	150	64	Strong	Strong	False	True	0	0.5655	0.01	0.01	True	True
950	164	77	Weak	Noise	False	False	0	0	1	1	False	False
951	136	102	Weak	Noise	False	False	0	0	1	1	False	False
952	127	78	Weak	Weak	False	False	0	0	1	1	False	False
953	167	96	Weak	Weak	False	False	0	0	1	1	False	False
954	126	82	Weak	Strong	False	False	0	0	1	0.01	False	True
955	130	100	Weak	Weak	False	False	0	0	1	1	False	False
956	167	67	Weak	Weak	False	False	0	0	1	1	False	False
957	139	37	Strong	Noise	False	False	0	0	0.01	1	True	False
958	140	55	Weak	Noise	False	False	0	0	1	1	False	False
959	133	95	Weak	Weak	False	False	0	0	1	1	False	False
960	170	106	Weak	Weak	False	False	0	0	1	1	False	False
961	149	45	Strong	Strong	False	False	0	0	0.01	0.01	True	True
962	154	32	Weak	Strong	False	True	0	0.6651	0.01	0.01	True	True
963	176	59	Weak	Strong	False	True	0	0.547	1	0.01	False	True
964	174	139	Strong	Weak	False	False	0	0	0.01	1	True	False
965	170	103	Weak	Strong	False	False	0	0	1	0.01	False	True
966	166	54	Weak	Strong	False	True	0	0.6906	1	0.01	False	True
967	165	84	Weak	Strong	False	False	0	0	1	0.01	False	True
968	131	87	Strong	Strong	False	False	0	0	0.01	0.01	True	True
969	114	69	Weak	Strong	False	False	0	0	1	0.01	False	True
970	141	71	Weak	Weak	False	False	0	0	1	1	False	False
971	101	78	Noise	Noise	False	False	0	0	1	1	False	False
972	136	89	Weak	Strong	False	False	0	0	1	0.01	False	True
973	147	48	Weak	Strong	False	True	0	0.6835	1	0.01	False	True
974	156	87	Weak	Strong	False	False	0	0	1	0.01	False	True
975	141	120	Strong	Strong	False	False	0	0	0.01	0.01	True	True
976	140	102	Weak	Weak	False	False	0	0	1	1	False	False
977	141	225	Weak	Strong	False	False	0	0	0.01	0.01	True	True
978	130	130	Weak	Weak	False	False	0	0	1	1	False	False
979	150	215	Weak	Strong	False	False	0	0	1	0.01	False	True
980	154	53	Weak	Strong	False	True	0	0.2661	0.01	0.01	True	True
981	162	62	Weak	Strong	False	True	0	0.2854	1	0.01	False	True
982	163	36	Weak	Strong	False	True	0	0.6009	1	0.01	False	True
983	162	42	Strong	Strong	False	True	0	0.6882	0.01	0.01	True	True
984	127	35	Weak	Strong	False	True	0	1	1	0.01	False	True
985	147	80	Weak	Strong	False	False	0	0	1	0.01	False	True
986	150	99	Weak	Weak	False	False	0	0	1	1	False	False
987	149	39	Weak	Strong	False	True	0	0.5698	1	0.01	False	True
988	151	43	Strong	Strong	False	True	0	0.7387	0.01	0.01	True	True
989	153	42	Weak	Strong	False	False	0	0	1	0.01	False	True
990	100	54	Weak	Strong	False	True	0	0.6306	1	0.01	False	True
991	90	74	Weak	Strong	False	True	0	0.8028	1	0.01	False	True
992	100	110	Weak	Strong	False	True	0	0.5344	1	0.01	False	True
993	100	76	Weak	Strong	False	True	0	0.6117	1	0.01	False	True
994	92	56	Weak	Strong	False	True	0	0.5838	1	0.01	False	True
995	121	64	Noise	Noise	False	False	0	0	1	1	False	False
996	81	69	Weak	Noise	False	False	0	0	0.01	1	True	False
997	116	67	Strong	Strong	False	True	0	0.5556	0.01	0.01	True	True
998	106	44	Weak	Strong	False	True	0	0.7102	1	0.01	False	True
999	124	39	Strong	Strong	False	False	0	0	0.01	0.01	True	True
1000	128	93	Weak	Strong	False	True	0	0.6804	1	0.01	False	True
1001	115	63	Weak	Strong	False	True	0	0.4872	1	0.01	False	True
1002	105	63	Weak	Weak	False	False	0	0	1	1	False	False
1003	115	57	Strong	Strong	False	True	0	0.9201	0.01	0.01	True	True
1004	115	48	Weak	Strong	False	True	0	0.7035	1	0.01	False	True
1005	90	46	Weak	Weak	False	False	0	0	1	0.01	False	True
1006	91	55	Weak	Strong	False	False	0	0	1	0.01	False	True
1007	102	44	Noise	Subclone	False	True	0	0.4447	1	0.01	False	True
1008	96	211	Weak	Strong	False	True	0	0.7237	0.01	0.01	True	True
1009	103	43	Weak	Strong	False	True	0	0.425	1	0.01	False	True
1010	95	65	Weak	Strong	False	True	0	0.6727	1	0.01	False	True
1011	99	59	Weak	Strong	False	True	0	0.4736	1	0.01	False	True
1012	119	32	Weak	Strong	False	True	0	0.6579	1	0.01	False	True
1013	114	59	Weak	Strong	False	False	0	0	1	0.01	False	True
1014	101	183	Weak	Strong	False	True	0	0.4246	1	0.01	False	True
1015	93	48	Weak	Strong	False	True	0	0.5362	1	0.01	False	True
1016	113	25	Weak	Strong	False	True	0	0.5963	1	0.01	False	True
1017	114	43	Weak	Strong	False	False	0	0	1	0.01	False	True
1018	101	41	Weak	Strong	False	True	0	0.5652	0.01	0.01	True	True
1019	105	27	Weak	Strong	False	True	0	0.6431	1	0.01	False	True
1020	91	123	Strong	Strong	False	True	0	0.5372	0.01	0.01	True	True
1021	99	68	Weak	Strong	False	True	0	0.5578	1	0.01	False	True
1022	132	92	Weak	Strong	False	True	0	0.4663	1	0.01	False	True
1023	91	156	Weak	Strong	False	False	0	0	1	0.01	False	True
1024	97	118	Noise	Noise	False	False	0	0	1	1	False	False
1025	130	69	Noise	Noise	False	False	0	0	1	1	False	False
1026	128	69	Noise	Noise	False	False	0	0	1	1	False	False
1027	99	86	Noise	Weak	False	False	0	0	1	0.01	False	True
1028	113	74	Noise	Subclone	False	False	0	0	1	0.01	False	True
1029	102	100	Weak	Noise	False	False	0	0	1	1	False	False
1030	124	56	Weak	Noise	False	False	0	0	1	1	False	False
1031	88	69	Noise	Subclone	False	False	0	0	1	0.01	False	True
1032	111	56	Weak	Noise	False	False	0	0	1	1	False	False
1033	97	73	Weak	Weak	False	False	0	0	1	1	False	False
1034	86	76	Weak	Strong	False	False	0	0	1	0.01	False	True
1035	100	70	Strong	Weak	False	False	0	0	0.01	1	True	False
1036	97	71	Strong	Noise	False	False	0	0	0.01	1	True	False
1037	99	60	Strong	Strong	False	False	0	0	0.01	0.01	True	True
1038	89	66	Weak	Strong	False	True	0	0.4252	1	0.01	False	True
1039	111	54	Weak	Strong	False	True	0	0.4038	1	0.01	False	True
1040	92	69	Strong	Strong	False	True	0	0.5138	0.01	0.01	True	True
1041	101	57	Weak	Noise	False	False	0	0	1	1	False	False
1042	110	50	Noise	Weak	False	False	0	0	1	1	False	False
1043	131	52	Weak	Weak	False	False	0	0	1	1	False	False
1044	102	66	Strong	Weak	False	False	0	0	0.01	1	True	False
1045	130	99	Weak	Noise	False	False	0	0	1	1	False	False
1046	116	102	Weak	Strong	False	True	0	0.3733	1	0.01	False	True
1047	110	106	Strong	Strong	False	False	0	0	0.01	0.01	True	True
1048	129	84	Weak	Strong	False	False	0	0	1	0.01	False	True
1049	105	61	Weak	Noise	False	False	0	0	1	1	False	False
1050	102	38	Weak	Weak	False	False	0	0	1	1	False	False
1051	129	46	Weak	Strong	False	True	0	0.4126	1	0.01	False	True
1052	102	25	Weak	Strong	False	True	0	0.5047	1	0.01	False	True
1053	111	50	Weak	Strong	False	True	0	0.5194	1	0.01	False	True
1054	104	50	Weak	Strong	False	True	0	0.4714	0.01	0.01	True	True
1055	101	45	Weak	Strong	False	True	0	0.726	1	0.01	False	True
1056	102	46	Weak	Strong	False	True	0	0.6143	1	0.01	False	True
1057	92	46	Strong	Strong	False	True	0	0.3203	0.01	0.01	True	True
1058	114	42	Weak	Strong	False	True	0	0.5116	1	0.01	False	True
1059	94	64	Strong	Strong	False	False	0	0	0.01	0.01	True	True
1060	107	65	Strong	Strong	False	False	0	0	0.01	0.01	True	True
1061	105	109	Weak	Strong	False	False	0	0	1	0.01	False	True
1062	92	44	Weak	Strong	False	False	0	0	1	0.01	False	True
1063	111	45	Weak	Strong	False	True	0	0.6055	1	0.01	False	True
1064	110	28	Weak	Strong	False	True	0	0.5731	1	0.01	False	True
1065	89	47	Weak	Strong	False	True	0	0.6206	0.01	0.01	True	True
1066	101	38	Weak	Strong	False	False	0	0	1	0.01	False	True
1067	118	57	Noise	Strong	False	True	0	0.3917	1	0.01	False	True
1068	98	50	Weak	Strong	False	False	0	0	1	0.01	False	True
1069	119	72	Weak	Strong	False	True	0	0.4299	1	0.01	False	True
1070	105	71	Weak	Strong	False	False	0	0.0812	1	0.01	False	True
1071	96	53	Weak	Strong	False	True	0	0.603	1	0.01	False	True
1072	110	34	Weak	Strong	False	True	0	0.4075	1	0.01	False	True
1073	116	56	Weak	Strong	False	False	0	0	1	0.01	False	True
1074	122	56	Weak	Strong	False	False	0	0	0.01	0.01	True	True
1075	111	44	Strong	Strong	False	True	0	0.4004	0.01	0.01	True	True
1076	104	43	Weak	Strong	False	True	0	0.4957	1	0.01	False	True
1077	101	53	Strong	Strong	False	False	0	0	0.01	0.01	True	True
1078	116	49	Weak	Strong	False	True	0	0.5483	1	0.01	False	True
1079	116	45	Strong	Strong	False	True	0	0.5758	0.01	0.01	True	True
1080	98	47	Weak	Strong	False	False	0	0	1	0.01	False	True
1081	88	48	Weak	Strong	False	False	0	0	1	0.01	False	True
1082	141	53	Weak	Strong	False	True	0	0.7962	1	0.01	False	True
1083	99	38	Weak	Strong	False	True	0	0.7286	0.01	0.01	True	True
1084	109	46	Weak	Strong	False	False	0	0	1	0.01	False	True
1085	104	43	Weak	Strong	False	False	0	0	1	0.01	False	True
1086	106	93	Weak	Strong	False	False	0	0	1	0.01	False	True
1087	92	46	Weak	Strong	False	True	0	0.4475	1	0.01	False	True
1088	97	43	Strong	Strong	False	True	0	0.6556	0.01	0.01	True	True
1089	101	34	Strong	Strong	False	False	0	0	0.01	0.01	True	True
1090	92	72	Weak	Strong	False	True	0	0.5163	0.01	0.01	True	True
1091	124	44	Weak	Strong	False	True	0	0.7638	1	0.01	False	True
1092	116	53	Strong	Strong	False	True	0	0.6695	0.01	0.01	True	True
1093	85	64	Weak	Strong	False	True	0	0.5709	1	0.01	False	True
1094	84	41	Weak	Strong	False	False	0	0	1	0.01	False	True
1095	105	54	Weak	Strong	False	True	0	0.5608	1	0.01	False	True
1096	71	39	Weak	Strong	False	False	0	0	0.01	0.01	True	True
1097	100	39	Weak	Strong	False	True	0	0.5735	1	0.01	False	True
1098	94	36	Weak	Strong	False	False	0	0	1	0.01	False	True
1099	104	95	Strong	Strong	False	False	0	0	0.01	0.01	True	True
1100	84	30	Weak	Strong	False	True	0	0.4398	1	0.01	False	True
1101	92	57	Weak	Strong	False	False	0	0	1	0.01	False	True
1102	83	38	Strong	Strong	False	True	0	0.6065	0.01	0.01	True	True
1103	106	93	Weak	Strong	False	False	0	0	1	0.01	False	True
1104	86	29	Weak	Strong	False	True	0	0.5809	1	0.01	False	True
1105	118	62	Weak	Strong	False	True	0	0.4286	1	0.01	False	True
1106	102	50	Weak	Strong	False	True	0	0.8886	1	0.01	False	True
1107	112	43	Strong	Strong	True	True	0.418	0.474	0.01	0.01	True	True
1108	108	49	Weak	Strong	False	False	0	0	1	0.01	False	True
1109	93	60	Weak	Strong	False	True	0	0.5	1	0.01	False	True
1110	101	59	Weak	Strong	False	True	0	0.4399	1	0.01	False	True
1111	104	45	Weak	Strong	False	True	0	0.4912	1	0.01	False	True
1112	100	96	Weak	Strong	False	False	0	0	1	0.01	False	True
1113	100	78	Weak	Strong	False	False	0	0	0.01	0.01	True	True
1114	87	43	Weak	Strong	False	True	0	0.4535	1	0.01	False	True
1115	92	58	Weak	Strong	False	False	0	0	1	0.01	False	True
1116	117	36	Weak	Strong	False	True	0	0.5174	1	0.01	False	True
1117	89	59	Weak	Strong	False	True	0	0.4825	1	0.01	False	True
1118	104	65	Weak	Strong	False	True	0	0.6293	1	0.01	False	True
1119	118	82	Weak	Strong	False	True	0	0.6564	1	0.01	False	True
1120	117	58	Strong	Strong	False	False	0	0	0.01	0.01	True	True
1121	88	59	Weak	Strong	False	True	0	0.4804	1	0.01	False	True
1122	130	55	Strong	Strong	False	True	0	0.5363	0.01	0.01	True	True
1123	107	65	Weak	Strong	False	True	0	0.5828	1	0.01	False	True
1124	113	101	Strong	Strong	False	True	0	0.3668	0.01	0.01	True	True
1125	79	48	Strong	Strong	False	False	0	0	0.01	0.01	True	True
1126	102	71	Weak	Strong	False	False	0	0	1	0.01	False	True
1127	99	103	Weak	Weak	False	False	0	0	1	1	False	False
1128	106	94	Weak	Strong	False	False	0	0	1	0.01	False	True
1129	110	144	Weak	Weak	False	False	0	0	1	1	False	False
1130	120	142	Weak	Weak	False	False	0	0	0.01	1	True	False
1131	131	142	Weak	Noise	False	False	0	0	1	1	False	False
1132	102	173	Weak	Weak	False	False	0	0	1	1	False	False
1133	101	137	Weak	Strong	False	False	0	0	1	0.01	False	True
1134	95	269	Weak	Strong	False	True	0	0.4712	1	0.01	False	True
1135	67	264	Strong	Strong	True	True	0.4502	1	0.01	0.01	True	True
1136	100	224	Strong	Strong	False	False	0	0	0.01	0.01	True	True
1137	92	154	Weak	Strong	False	False	0	0	0.01	0.01	True	True
1138	102	99	Strong	Strong	False	False	0	0	0.02	0.01	True	True
1139	107	83	Weak	Strong	False	False	0	0	1	0.01	False	True
1140	124	114	Weak	Strong	False	False	0	0	1	0.01	False	True
1141	92	203	Weak	Weak	False	False	0	0	1	1	False	False
1142	106	104	Weak	Weak	False	False	0	0	1	1	False	False
1143	100	192	Weak	Strong	False	False	0	0	1	0.01	False	True
1144	118	144	Weak	Strong	False	True	0	0.7006	1	0.01	False	True
1145	121	93	Weak	Strong	False	True	0	0.5618	1	0.01	False	True
1146	100	121	Strong	Strong	False	False	0	0	0.01	0.01	True	True
1147	94	167	Strong	Strong	False	False	0	0	0.01	0.01	True	True
1148	111	105	Weak	Weak	False	False	0	0	1	1	False	False
1149	107	100	Weak	Strong	False	True	0	1	0.01	0.01	True	True
1150	111	98	Weak	Strong	False	True	0	0.968	1	0.01	False	True
1151	82	52	Weak	Weak	False	False	0	0	1	1	False	False
1152	111	92	Strong	Strong	False	False	0	0	0.01	0.01	True	True
1153	112	68	Weak	Strong	False	False	0	0	1	0.01	False	True
1154	104	164	Weak	Weak	False	False	0	0	1	1	False	False
1155	123	105	Weak	Strong	False	False	0	0	1	0.01	False	True
1156	106	31	Weak	Strong	False	False	0	0	1	0.01	False	True
1157	89	65	Weak	Strong	False	False	0	0	0.01	0.01	True	True
1158	111	84	Weak	Strong	False	True	0	0.3875	0.01	0.01	True	True
1159	100	101	Weak	Strong	False	False	0	0	1	0.01	False	True
1160	92	84	Weak	Strong	False	True	0	1	1	0.01	False	True
1161	100	178	Weak	Strong	False	False	0	0	1	0.01	False	True
1162	111	70	Weak	Strong	False	True	0	0.485	0.01	0.01	True	True
1163	109	72	Noise	Noise	False	False	0	0	1	1	False	False
1164	107	75	Noise	Noise	False	False	0	0	1	1	False	False
1165	99	180	Weak	Weak	False	False	0	0	1	1	False	False
1166	94	80	Weak	Strong	False	False	0	0	0.01	0.01	True	True
1167	98	68	Weak	Strong	False	False	0	0	0.01	0.01	True	True
1168	96	91	Strong	Strong	False	False	0	0	0.01	0.01	True	True
1169	117	91	Strong	Strong	False	False	0	0	0.01	0.01	True	True
1170	80	183	Weak	Strong	False	False	0	0	0.01	0.01	True	True
1171	83	169	Weak	Strong	False	False	0	0	1	0.01	False	True
1172	90	53	Weak	Strong	False	True	0	0.6956	1	0.01	False	True
1173	79	59	Strong	Strong	False	False	0	0	0.01	0.01	True	True
1174	92	51	Weak	Strong	False	False	0	0	1	0.01	False	True
1175	103	29	Weak	Strong	False	True	0	0.5888	1	0.01	False	True
1176	101	61	Weak	Strong	False	False	0	0	1	0.01	False	True
1177	109	75	Weak	Strong	False	True	0	0.6009	1	0.01	False	True
1178	109	74	Weak	Strong	False	False	0	0	1	0.01	False	True
1179	86	79	Noise	Noise	False	False	0	0	1	1	False	False
1180	123	66	Strong	Noise	False	False	0	0	0.01	1	True	False
1181	110	112	Weak	Weak	False	False	0	0	1	1	False	False
1182	98	229	Weak	Weak	False	False	0	0	0.01	1	True	False
1183	117	133	Noise	Noise	False	False	0	0	1	1	False	False
1184	101	284	Weak	Noise	False	False	0	0	1	1	False	False
1185	95	95	Weak	Strong	False	True	0	0.7094	0.01	0.01	True	True
1186	109	73	Weak	Strong	False	True	0	0.6086	1	0.01	False	True
1187	118	228	Weak	Strong	False	True	0	0.9261	1	0.01	False	True
1188	113	72	Weak	Strong	False	False	0	0	1	0.01	False	True
1189	119	61	Strong	Strong	False	True	0	0.5839	0.01	0.01	True	True
1190	103	101	Weak	Weak	False	False	0	0	1	1	False	False
1191	122	85	Weak	Noise	False	False	0	0	1	1	False	False
1192	110	89	Weak	Weak	False	False	0	0	1	1	False	False
1193	111	59	Weak	Weak	False	False	0	0	1	1	False	False
1194	131	91	Weak	Weak	False	False	0	0	1	1	False	False
1195	94	140	Weak	Strong	False	False	0	0	1	0.01	False	True
1196	73	300	Weak	Strong	False	False	0	0	1	0.01	False	True
1197	110	70	Weak	Strong	False	False	0	0	0.01	0.01	True	True
1198	79	68	Strong	Strong	False	False	0	0	0.01	0.01	True	True
1199	88	67	Weak	Weak	False	False	0	0	1	0.04	False	True
1200	98	87	Weak	Strong	False	True	0	0.9535	1	0.01	False	True
1201	105	108	Weak	Noise	False	False	0	0	0.01	1	True	False
1202	103	99	Weak	Strong	False	False	0	0	1	0.01	False	True
1203	101	48	Strong	Strong	False	True	0	0.7206	0.01	0.01	True	True
1204	92	88	Strong	Strong	False	True	0	0.3994	0.01	0.01	True	True
1205	116	72	Weak	Strong	False	False	0	0	1	0.01	False	True
1206	113	73	Weak	Strong	False	False	0	0	1	0.01	False	True
1207	84	84	Strong	Strong	True	True	0.5471	0.5142	0.01	0.01	True	True
1208	104	63	Weak	Strong	False	True	0	0.4821	1	0.01	False	True
1209	104	45	Strong	Strong	False	True	0	0.4735	0.01	0.01	True	True
1210	110	49	Weak	Strong	False	True	0	0.5627	1	0.01	False	True
1211	105	72	Weak	Strong	False	False	0	0	1	0.01	False	True
1212	116	55	Weak	Strong	False	False	0	0	1	0.01	False	True
1213	105	77	Weak	Strong	False	False	0	0	1	0.01	False	True
1214	98	70	Weak	Strong	False	False	0	0	1	0.01	False	True
1215	105	76	Weak	Weak	False	False	0	0	1	1	False	False
1216	110	45	Weak	Strong	False	False	0	0	1	0.01	False	True
1217	94	71	Weak	Strong	False	False	0	0	0.01	0.01	True	True
1218	95	78	Weak	Weak	False	False	0	0	1	1	False	False
1219	96	88	Weak	Strong	False	False	0	0	1	0.01	False	True
1220	102	54	Weak	Weak	False	False	0	0	1	1	False	False
1221	94	100	Weak	Strong	False	False	0	0	1	0.01	False	True
1222	116	72	Weak	Strong	False	False	0	0	1	0.01	False	True
1223	102	59	Weak	Strong	False	True	0	0.4779	1	0.01	False	True
1224	112	71	Weak	Strong	False	True	0	0.8266	0.01	0.01	True	True
1225	77	74	Weak	Strong	False	False	0	0	1	0.01	False	True
1226	125	106	Weak	Strong	False	False	0	0	1	0.01	False	True
1227	112	75	Weak	Weak	False	False	0	0	0.01	1	True	False
1228	116	78	Weak	Strong	False	False	0	0	0.01	0.01	True	True
1229	100	72	Weak	Strong	False	False	0	0	1	0.01	False	True
1230	104	63	Weak	Weak	False	False	0	0	0.01	1	True	False
1231	149	47	Weak	Strong	False	True	0	0.8073	1	0.01	False	True
1232	161	60	Weak	Strong	False	False	0	0	1	0.01	False	True
1233	161	71	Noise	Weak	False	False	0	0	1	1	False	False
1234	146	45	Noise	Weak	False	False	0	0	1	1	False	False
1235	132	47	Weak	Weak	False	False	0	0	1	1	False	False
1236	133	47	Weak	Weak	False	False	0	0	1	1	False	False
1237	149	79	Strong	Strong	False	True	0	0.1572	0.01	0.01	True	True
1238	149	56	Weak	Weak	False	False	0	0	1	1	False	False
1239	143	34	Weak	Weak	False	False	0	0	1	1	False	False
1240	137	45	Weak	Weak	False	False	0	0.1144	1	1	False	False
1241	151	50	Weak	Strong	False	True	0	0.2992	1	0.01	False	True
1242	158	48	Weak	Strong	False	True	0	0.2162	1	0.01	False	True
1243	155	53	Weak	Strong	False	True	0	0.2049	1	0.01	False	True
1244	173	60	Weak	Strong	False	True	0	0.2719	1	0.01	False	True
1245	156	73	Weak	Weak	False	False	0	0.1014	1	1	False	False
1246	136	47	Weak	Strong	False	True	0	0.3071	1	0.01	False	True
1247	161	43	Weak	Weak	False	False	0	0	1	1	False	False
1248	170	53	Weak	Strong	False	True	0	0.9269	1	0.01	False	True
1249	166	46	Weak	Strong	False	False	0	0	1	0.01	False	True
1250	173	31	Noise	Weak	False	False	0	0	1	1	False	False
1251	126	50	Weak	Strong	False	True	0	0.7024	1	0.01	False	True
1252	188	57	Weak	Strong	False	False	0	0	1	0.01	False	True
1253	169	45	Weak	Weak	False	False	0	0	1	1	False	False
1254	218	40	Weak	Strong	False	True	0	0.6826	1	0.01	False	True
1255	147	43	Weak	Strong	False	False	0	0	1	0.01	False	True
1256	137	119	Weak	Weak	False	False	0	0	1	1	False	False
1257	165	119	Weak	Weak	False	False	0	0	1	1	False	False
1258	151	31	Weak	Strong	False	True	0	0.7893	1	0.01	False	True
1259	204	158	Noise	Weak	False	False	0	0	1	1	False	False
1260	169	83	Weak	Weak	False	False	0	0	1	1	False	False
1261	198	52	Weak	Weak	False	False	0	0	1	1	False	False
1262	180	82	Weak	Weak	False	False	0	0	1	1	False	False
1263	145	50	Weak	Weak	False	False	0	0.0516	1	1	False	False
1264	158	114	Weak	Weak	False	False	0	0	1	1	False	False
1265	172	74	Weak	Strong	False	False	0	0	1	0.01	False	True
1266	160	74	Weak	Strong	False	False	0	0	1	0.01	False	True
1267	169	62	Weak	Strong	False	False	0	0	1	0.01	False	True
1268	215	57	Weak	Strong	False	False	0	0	1	0.01	False	True
1269	142	73	Weak	Weak	False	False	0	0.196	1	0.01	False	True
1270	144	82	Weak	Strong	False	True	0.0564	0.1899	1	0.01	False	True
1271	177	52	Weak	Weak	False	False	0	0	1	1	False	False
1272	166	41	Weak	Strong	False	True	0	0.3581	1	0.01	False	True
1273	185	60	Weak	Strong	False	False	0	0	1	0.01	False	True
1274	187	79	Weak	Strong	False	False	0	0.0975	1	0.01	False	True
1275	176	83	Strong	Strong	False	True	0	0.2853	0.01	0.01	True	True
1276	133	229	Noise	Noise	False	False	0	0	1	1	False	False
1277	140	52	Noise	Noise	False	False	0	0	1	1	False	False
1278	136	52	Noise	Noise	False	False	0	0	1	1	False	False
1279	192	88	Weak	Weak	False	False	0	0	1	1	False	False
1280	143	65	Weak	Strong	False	False	0	0	1	0.01	False	True
1281	160	63	Weak	Strong	False	True	0	0.2011	1	0.01	False	True
1282	148	75	Weak	Strong	False	False	0	0	1	0.01	False	True
1283	119	136	Strong	Strong	True	False	0.3612	0	0.01	0.01	True	True
1284	178	82	Noise	Strong	False	True	0	0.2866	1	0.01	False	True
1285	179	57	Weak	Strong	False	False	0	0	1	0.01	False	True
1286	108	47	Weak	Strong	False	False	0	0.0043	1	0.01	False	True
1287	139	81	Weak	Weak	False	False	0	0	1	1	False	False
1288	116	57	Weak	Strong	False	True	0	0.5331	1	0.01	False	True
1289	165	89	Weak	Strong	False	True	0	0.8125	1	0.01	False	True
1290	174	89	Weak	Strong	False	True	0	0.2498	1	0.01	False	True
1291	156	80	Weak	Strong	False	True	0	0.9789	1	0.01	False	True
1292	174	77	Weak	Strong	False	True	0	0.9542	1	0.01	False	True
1293	204	99	Noise	Subclone	False	True	0	0.6213	1	0.01	False	True
1294	104	70	Weak	Strong	False	True	0	0.82	1	0.01	False	True
1295	115	73	Weak	Strong	False	False	0	0	1	0.01	False	True
1296	79	66	Weak	Strong	False	True	0	0.8006	1	0.01	False	True
1297	106	204	Weak	Strong	False	True	0	0.8453	1	0.01	False	True
1298	146	120	Weak	Strong	False	False	0	0	1	0.01	False	True
1299	139	120	Weak	Strong	False	False	0	0	1	0.01	False	True
1300	124	288	Weak	Strong	False	False	0	0	1	0.01	False	True
1301	173	68	Weak	Weak	False	False	0	0.0602	1	0.01	False	True
1302	115	84	Weak	Strong	False	True	0	0.7873	1	0.01	False	True
1303	116	134	Weak	Weak	False	False	0	0	1	1	False	False
1304	145	233	Weak	Weak	False	False	0	0	1	1	False	False
1305	144	131	Noise	Noise	False	False	0	0	1	1	False	False
1306	121	182	Noise	Noise	False	False	0	0	1	1	False	False
1307	131	166	Weak	Weak	False	False	0	0	1	1	False	False
1308	105	78	Strong	Strong	True	False	0.91	0	0.01	0.01	True	True
1309	136	59	Weak	Strong	False	True	0	0.4645	1	0.01	False	True
1310	112	77	Weak	Strong	False	False	0	0	1	0.01	False	True
1311	142	51	Weak	Strong	False	False	0	0	1	0.01	False	True
1312	120	56	Weak	Noise	False	False	0	0	1	1	False	False
1313	124	178	Weak	Strong	False	False	0	0	1	0.01	False	True
1314	143	69	Weak	Strong	False	False	0	0	1	0.01	False	True
1315	145	63	Weak	Weak	False	False	0	0	1	1	False	False
1316	143	63	Weak	Weak	False	False	0	0	1	1	False	False
1317	135	69	Weak	Strong	False	False	0	0	1	0.01	False	True
1318	102	73	Weak	Strong	False	False	0	0	1	0.01	False	True
1319	119	98	Weak	Strong	False	False	0	0	1	0.01	False	True
1320	115	101	Weak	Strong	False	False	0	0	1	0.01	False	True
1321	134	74	Weak	Strong	False	True	0	0.3288	1	0.01	False	True
1322	110	58	Weak	Strong	False	False	0	0.054	1	0.01	False	True
1323	93	100	Weak	Strong	False	True	0	0.4647	1	0.01	False	True
1324	96	68	Weak	Weak	False	False	0	0.1114	1	1	False	False
1325	132	93	Strong	Strong	True	True	0.2673	0.3381	0.01	0.01	True	True
1326	137	201	Weak	Strong	False	False	0	0	1	0.01	False	True
1327	141	105	Weak	Strong	False	False	0	0.0778	1	0.01	False	True
1328	107	101	Weak	Strong	False	False	0	0	1	0.01	False	True
1329	111	157	Weak	Strong	False	True	0	0.5385	1	0.01	False	True
1330	100	143	Weak	Weak	False	False	0	0	1	1	False	False
1331	128	64	Weak	Strong	False	True	0	0.6406	1	0.01	False	True
1332	114	139	Weak	Strong	False	True	0	0.6364	1	0.01	False	True
1333	98	105	Noise	Noise	False	False	0	0	1	1	False	False
1334	114	164	Weak	Weak	False	False	0.0653	0	1	1	False	False
1335	142	181	Weak	Weak	False	False	0	0	1	1	False	False
1336	103	165	Noise	Weak	False	False	0	0	1	1	False	False
1337	131	150	Weak	Strong	False	True	0	0.4887	1	0.01	False	True
1338	149	109	Weak	Weak	False	False	0.1381	0	0.01	1	True	False
1339	129	151	Weak	Weak	False	False	0	0	1	1	False	False
1340	131	192	Weak	Strong	False	False	0	0	1	0.01	False	True
1341	144	193	Weak	Strong	False	False	0	0	1	0.01	False	True
1342	159	232	Weak	Weak	False	False	0	0	1	1	False	False
1343	145	135	Weak	Noise	False	False	0	0	1	1	False	False
1344	153	150	Weak	Strong	False	False	0	0	0.01	0.01	True	True
1345	140	168	Weak	Strong	False	True	0	0.7495	1	0.01	False	True
1346	117	98	Weak	Weak	False	False	0	0	1	1	False	False
1347	126	154	Noise	Weak	False	False	0	0	1	1	False	False
1348	133	322	Weak	Weak	False	False	0	0	1	1	False	False
1349	128	194	Weak	Weak	False	False	0	0	1	1	False	False
1350	142	129	Noise	Noise	False	False	0	0	1	1	False	False
1351	133	107	Weak	Weak	False	False	0	0	1	1	False	False
1352	118	271	Weak	Strong	False	True	0	0.5188	1	0.01	False	True
1353	134	117	Weak	Strong	False	False	0	0	1	0.01	False	True
1354	103	84	Weak	Weak	False	False	0	0	1	1	False	False
1355	122	107	Weak	Subclone	False	True	0	0.3401	1	0.01	False	True
1356	116	116	Strong	Strong	False	True	0	0.5077	0.01	0.01	True	True
1357	127	152	Noise	Strong	False	True	0	0.6376	0.01	0.01	True	True
1358	110	133	Strong	Strong	True	True	0.4378	0.3779	0.01	0.01	True	True
1359	115	125	Weak	Strong	True	True	0.2672	0.1475	0.01	0.01	True	True
1360	128	112	Weak	Strong	False	True	0	0.3218	1	0.01	False	True
1361	124	195	Noise	Noise	False	False	0	0	1	0.01	False	True
1362	153	112	Weak	Strong	False	False	0	0	1	0.01	False	True
1363	140	160	Weak	Strong	False	True	0	0.5098	1	0.01	False	True
1364	128	68	Strong	Strong	False	True	0	0.686	0.01	0.01	True	True
1365	102	56	Weak	Strong	False	False	0	0	1	0.01	False	True
1366	135	48	Weak	Weak	False	False	0	0	1	1	False	False
1367	116	119	Weak	Strong	False	False	0	0	1	0.01	False	True
1368	131	41	Weak	Strong	False	True	0	0.3553	1	0.01	False	True
1369	108	56	Weak	Strong	False	True	0	1	1	0.01	False	True
1370	107	69	Weak	Strong	False	False	0	0	1	0.01	False	True
1371	102	67	Weak	Strong	False	True	0	0.8464	1	0.01	False	True
1372	111	118	Weak	Strong	False	False	0	0	1	0.01	False	True
1373	134	74	Weak	Strong	False	False	0	0	1	0.01	False	True
1374	104	47	Weak	Strong	False	False	0	0	1	0.01	False	True
1375	117	62	Weak	Strong	False	False	0	0	1	0.01	False	True
1376	128	110	Weak	Strong	False	False	0	0	1	0.01	False	True
1377	125	113	Weak	Strong	False	False	0	0	1	0.01	False	True
1378	123	119	Strong	Strong	False	True	0	1	0.01	0.01	True	True
1379	107	121	Weak	Strong	False	True	0	0.2848	1	0.01	False	True
1380	128	151	Noise	Weak	False	False	0	0	1	1	False	False
1381	148	81	Strong	Strong	False	True	0	0.1548	0.01	0.01	True	True
1382	135	123	Weak	Weak	False	False	0	0	1	1	False	False
1383	146	178	Noise	Noise	False	False	0	0	1	1	False	False
1384	131	145	Noise	Weak	False	False	0	0	1	1	False	False
1385	139	133	Noise	Weak	False	False	0	0	1	1	False	False
1386	114	161	Weak	Weak	False	False	0	0	1	1	False	False
1387	136	119	Strong	Weak	False	False	0	0	0.01	1	True	False
1388	128	158	Weak	Strong	False	True	0.0997	0.7172	1	0.01	False	True
1389	124	145	Weak	Strong	False	True	0	0.3491	1	0.01	False	True
1390	121	131	Weak	Weak	False	False	0	0	1	1	False	False
1391	119	224	Weak	Weak	False	False	0	0	1	1	False	False
1392	127	285	Weak	Weak	False	False	0	0	1	1	False	False
1393	135	137	Weak	Strong	False	True	0	0.5288	1	0.01	False	True
1394	125	173	Weak	Strong	False	False	0	0	1	0.01	False	True
1395	119	220	Strong	Strong	True	False	0.4581	0	0.01	0.01	True	True
1396	154	294	Weak	Weak	False	False	0	0	1	1	False	False
1397	131	151	Weak	Weak	False	False	0	0	1	1	False	False
1398	130	129	Noise	Noise	False	False	0	0	1	1	False	False
1399	130	181	Noise	Noise	False	False	0	0	1	1	False	False
1400	124	177	Weak	Weak	False	False	0	0	1	1	False	False
1401	106	198	Weak	Weak	False	False	0	0	1	1	False	False
1402	124	147	Noise	Weak	False	False	0	0	1	1	False	False
1403	117	120	Noise	Weak	False	False	0	0	1	1	False	False
1404	109	182	Noise	Weak	False	False	0	0	1	1	False	False
1405	132	134	Weak	Weak	False	False	0	0	1	1	False	False
1406	120	174	Noise	Noise	False	False	0	0	1	1	False	False
1407	120	147	Weak	Strong	False	True	0	0.669	1	0.01	False	True
1408	134	186	Noise	Noise	False	False	0	0	1	1	False	False
1409	161	206	Noise	Noise	False	False	0	0	1	1	False	False
1410	145	105	Strong	Strong	False	True	0	0.6933	0.01	0.01	True	True
1411	119	237	Weak	Strong	False	True	0	0.3227	1	0.01	False	True
1412	142	131	Weak	Strong	False	True	0	0.5377	1	0.01	False	True
1413	130	161	Weak	Weak	False	False	0	0	1	1	False	False
1414	138	245	Strong	Strong	True	True	0.3802	0.5898	0.01	0.01	True	True
1415	123	151	Weak	Strong	False	False	0	0	1	0.01	False	True
1416	119	56	Weak	Weak	False	False	0	0	1	1	False	False
1417	111	119	Weak	Strong	False	True	0	0.1887	1	0.01	False	True
1418	111	119	Weak	Strong	False	True	0	0.1931	1	0.01	False	True
1419	144	115	Weak	Strong	False	False	0	0	1	0.01	False	True
1420	109	80	Weak	Strong	False	False	0	0	0.01	0.01	True	True
1421	142	49	Weak	Weak	False	False	0	0	1	1	False	False
1422	108	97	Strong	Strong	False	False	0	0	0.01	0.01	True	True
1423	107	105	Weak	Weak	False	False	0	0	1	1	False	False
1424	143	63	Weak	Strong	False	True	0	0.3068	1	0.01	False	True
1425	133	48	Weak	Strong	False	False	0	0	1	0.01	False	True
1426	122	56	Weak	Weak	False	False	0	0	1	1	False	False
1427	126	59	Weak	Strong	False	False	0	0	1	0.01	False	True
1428	113	48	Weak	Strong	False	False	0	0	1	0.01	False	True
1429	116	74	Strong	Strong	False	False	0	0	0.01	0.01	True	True
1430	146	38	Weak	Strong	False	True	0	0.4901	1	0.01	False	True
1431	120	41	Weak	Weak	False	False	0	0.0816	1	0.01	False	True
1432	133	40	Weak	Strong	False	True	0	1	1	0.01	False	True
1433	114	83	Weak	Strong	False	True	0	0.514	1	0.01	False	True
1434	131	67	Weak	Strong	False	False	0	0	1	0.01	False	True
1435	132	48	Strong	Strong	False	True	0	0.6323	0.01	0.01	True	True
1436	108	70	Weak	Strong	False	False	0	0	1	0.01	False	True
1437	144	59	Strong	Strong	False	False	0	0	0.01	0.01	True	True
1438	126	43	Weak	Strong	False	False	0	0	1	0.01	False	True
1439	154	69	Weak	Strong	False	False	0	0	1	0.01	False	True
1440	125	58	Weak	Strong	False	False	0	0	1	0.01	False	True
1441	125	57	Weak	Strong	False	False	0	0	0.01	0.01	True	True
1442	103	54	Weak	Strong	False	True	0	0.126	1	0.01	False	True
1443	127	75	Weak	Weak	False	False	0	0	1	1	False	False
1444	120	67	Weak	Strong	False	True	0	0.9249	0.01	0.01	True	True
1445	109	62	Weak	Strong	False	True	0	0.8792	1	0.01	False	True
1446	124	57	Weak	Strong	False	True	0	0.3679	1	0.01	False	True
1447	132	43	Weak	Strong	False	True	0	0.6794	1	0.01	False	True
1448	137	42	Weak	Strong	False	False	0	0	1	0.01	False	True
1449	139	23	Weak	Strong	False	True	0	0.6552	1	0.01	False	True
1450	138	51	Strong	Strong	False	True	0	0.5325	0.01	0.01	True	True
1451	99	47	Weak	Strong	False	True	0	0.7182	1	0.01	False	True
1452	123	48	Weak	Strong	False	False	0	0	1	0.01	False	True
1453	126	86	Weak	Strong	False	True	0	1	1	0.01	False	True
1454	100	87	Weak	Strong	False	False	0	0	0.01	0.01	True	True
1455	123	85	Weak	Weak	False	False	0	0	1	1	False	False
1456	104	102	Weak	Strong	False	True	0	1	1	0.01	False	True
1457	132	145	Weak	Strong	False	False	0	0	1	0.01	False	True
1458	145	145	Weak	Strong	False	False	0	0	1	0.01	False	True
1459	129	186	Strong	Strong	True	True	0.2345	0.5798	0.01	0.01	True	True
1460	130	124	Weak	Strong	False	False	0	0	1	0.01	False	True
1461	129	85	Noise	Noise	False	False	0	0	1	1	False	False
1462	140	183	Strong	Weak	False	False	0	0	0.01	1	True	False
1463	118	67	Weak	Strong	False	True	0	0.9788	1	0.01	False	True
1464	126	57	Weak	Strong	False	True	0	0.5835	1	0.01	False	True
1465	119	75	Weak	Weak	False	False	0	0	1	1	False	False
1466	130	74	Strong	Weak	False	False	0	0	0.01	1	True	False
1467	153	123	Weak	Strong	False	False	0	0	1	0.01	False	True
1468	117	97	Weak	Weak	False	False	0	0	0.01	1	True	False
1469	127	112	Weak	Weak	False	False	0	0	1	1	False	False
1470	137	107	Weak	Strong	False	False	0	0	1	0.01	False	True
1471	136	181	Noise	Noise	False	False	0	0	1	1	False	False
1472	127	153	Weak	Weak	False	False	0	0	1	1	False	False
1473	129	114	Noise	Noise	False	False	0	0	1	1	False	False
1474	157	172	Weak	Weak	False	False	0	0	1	1	False	False
1475	137	206	Weak	Strong	False	True	0.0918	0.5129	1	0.01	False	True
1476	117	61	Weak	Weak	False	False	0	0	1	1	False	False
1477	136	245	Weak	Strong	False	True	0	0.6548	1	0.01	False	True
1478	114	138	Strong	Strong	False	True	0	0.3386	0.01	0.01	True	True
1479	100	79	Weak	Strong	False	True	0	0.7914	1	0.01	False	True
1480	123	150	Noise	Weak	False	False	0	0	1	1	False	False
1481	121	66	Weak	Noise	False	False	0	0	1	1	False	False
1482	118	70	Noise	Subclone	False	False	0	0.0033	1	0.01	False	True
1483	118	70	Noise	Subclone	False	False	0	0.0033	1	0.01	False	True
1484	142	44	Noise	Subclone	False	False	0	0	1	0.01	False	True
1485	114	82	Strong	Strong	True	True	0.5688	0.5575	0.01	0.01	True	True
1486	142	85	Weak	Strong	False	True	0	0.5129	1	0.01	False	True
1487	139	69	Weak	Strong	False	True	0	0.2515	1	0.01	False	True
1488	122	111	Weak	Strong	False	False	0	0	1	0.01	False	True
1489	117	108	Weak	Strong	False	False	0	0	1	0.01	False	True
1490	120	77	Weak	Strong	False	False	0	0	1	0.01	False	True
1491	135	87	Strong	Strong	False	True	0	0.2892	0.01	0.01	True	True
1492	109	161	Weak	Weak	False	False	0	0	1	1	False	False
1493	130	66	Weak	Strong	False	False	0	0	1	0.01	False	True
1494	142	64	Noise	Strong	False	False	0	0	1	0.01	False	True
1495	132	126	Weak	Weak	False	False	0	0	1	1	False	False
1496	114	33	Weak	Subclone	False	False	0	0	0.01	0.01	True	True
1497	111	56	Weak	Strong	False	True	0	0.3439	1	0.01	False	True
1498	128	63	Weak	Strong	False	True	0	0.6001	1	0.01	False	True
1499	122	104	Weak	Strong	False	False	0	0	1	0.01	False	True
1500	125	51	Weak	Strong	False	True	0	0.5598	1	0.01	False	True
1501	120	41	Noise	Noise	False	False	0	0	1	1	False	False
1502	112	78	Strong	Strong	True	True	0.2823	1	0.01	0.01	True	True
1503	147	107	Weak	Strong	False	False	0	0	0.01	0.01	True	True
1504	136	42	Weak	Strong	False	False	0	0	1	0.01	False	True
1505	117	65	Weak	Strong	False	False	0	0	1	0.01	False	True
1506	127	37	Weak	Strong	False	False	0	0	1	0.01	False	True
1507	118	34	Noise	Subclone	False	False	0	0	1	0.01	False	True
1508	117	33	Noise	Subclone	False	False	0	0	1	0.01	False	True
1509	122	43	Weak	Strong	False	False	0	0	1	0.01	False	True
1510	144	50	Noise	Strong	False	False	0	0	1	0.01	False	True
1511	144	27	Weak	Strong	False	False	0	0	1	0.01	False	True
1512	135	53	Weak	Strong	False	False	0	0	1	0.01	False	True
1513	120	47	Weak	Strong	False	True	0	1	1	0.01	False	True
1514	130	48	Weak	Strong	False	True	0	0.7237	1	0.01	False	True
1515	132	38	Weak	Strong	False	True	0	0.5994	1	0.01	False	True
1516	96	51	Weak	Strong	False	True	0	0.5965	1	0.01	False	True
1517	119	65	Weak	Strong	False	True	0	0.1852	1	0.01	False	True
1518	135	50	Weak	Strong	False	True	0	0.5565	1	0.01	False	True
1519	101	67	Weak	Strong	False	False	0	0.053	1	0.01	False	True
1520	112	94	Strong	Strong	True	True	0.3092	0.2103	0.01	0.01	True	True
1521	108	108	Weak	Strong	False	True	0	0.3636	1	0.01	False	True
1522	110	90	Strong	Strong	False	True	0	0.6379	0.01	0.01	True	True
1523	121	73	Strong	Strong	False	True	0	0.2211	0.01	0.01	True	True
1524	137	61	Weak	Strong	False	True	0	0.3329	1	0.01	False	True
1525	112	75	Strong	Strong	False	True	0	0.5633	0.01	0.01	True	True
1526	139	56	Weak	Strong	False	True	0	0.9603	1	0.01	False	True
1527	120	71	Strong	Strong	True	True	0.3404	0.7368	0.01	0.01	True	True
1528	99	63	Weak	Strong	False	True	0	0.6744	1	0.01	False	True
1529	119	73	Weak	Strong	False	True	0	0.654	1	0.01	False	True
1530	114	82	Strong	Strong	True	True	0.4898	0.5401	0.01	0.01	True	True
1531	122	100	Weak	Strong	False	False	0	0	1	0.01	False	True
1532	140	60	Weak	Strong	False	False	0	0	1	0.01	False	True
1533	146	89	Weak	Weak	False	False	0	0	1	1	False	False
1534	125	96	Weak	Strong	False	False	0	0	1	0.01	False	True
1535	104	62	Weak	Strong	False	True	0	0.2828	1	0.01	False	True
1536	114	69	Weak	Strong	False	True	0	0.5043	1	0.01	False	True
1537	112	49	Weak	Strong	False	False	0	0	1	0.01	False	True
1538	127	50	Weak	Strong	False	False	0	0	1	0.01	False	True
1539	127	39	Weak	Strong	False	True	0	0.6166	1	0.01	False	True
1540	124	53	Weak	Strong	False	False	0	0	1	0.01	False	True
1541	142	62	Weak	Weak	False	False	0	0	1	1	False	False
1542	132	60	Weak	Weak	False	False	0	0	1	1	False	False
1543	117	49	Strong	Strong	False	False	0	0	0.01	0.01	True	True
1544	116	35	Weak	Strong	False	False	0	0	1	0.01	False	True
1545	130	48	Noise	Weak	False	False	0	0	1	1	False	False
1546	100	32	Weak	Strong	False	False	0	0	1	0.01	False	True
1547	118	74	Weak	Strong	False	False	0	0	1	0.01	False	True
1548	102	51	Weak	Strong	False	False	0	0	1	0.01	False	True
1549	126	45	Weak	Weak	False	False	0	0	1	1	False	False
1550	121	37	Weak	Strong	False	False	0	0	1	0.01	False	True
1551	138	48	Weak	Strong	False	True	0	0.9714	1	0.01	False	True
1552	88	57	Weak	Strong	False	False	0	0	1	0.01	False	True
1553	125	187	Weak	Strong	False	False	0	0	1	0.01	False	True
1554	121	51	Weak	Strong	False	True	0	0.6001	1	0.01	False	True
1555	92	92	Weak	Strong	False	False	0	0	1	0.01	False	True
1556	144	86	Weak	Strong	False	True	0	0.5666	1	0.01	False	True
1557	126	97	Weak	Strong	False	True	0	0.7234	1	0.01	False	True
1558	134	79	Weak	Weak	False	False	0	0	1	1	False	False
1559	94	55	Noise	Noise	False	False	0	0	1	1	False	False
1560	120	57	Noise	Noise	False	False	0	0	1	1	False	False
1561	126	67	Weak	Weak	False	False	0	0	1	1	False	False
1562	111	68	Weak	Weak	False	False	0	0	1	1	False	False
1563	115	144	Weak	Strong	False	True	0	0.1774	1	0.01	False	True
1564	160	118	Weak	Strong	False	False	0	0	1	0.01	False	True
1565	118	82	Weak	Strong	False	False	0	0	1	0.01	False	True
1566	131	112	Noise	Weak	False	False	0	0	1	1	False	False
1567	129	61	Weak	Noise	False	False	0	0	1	1	False	False
1568	110	253	Weak	Strong	False	True	0	0.5099	0.01	0.01	True	True
1569	119	232	Weak	Strong	False	False	0	0	1	0.01	False	True
1570	115	81	Noise	Strong	False	False	0	0	1	0.01	False	True
1571	126	56	Noise	Noise	False	False	0	0	1	1	False	False
1572	126	76	Weak	Weak	False	False	0	0	1	1	False	False
1573	125	100	Weak	Noise	False	False	0	0	1	1	False	False
1574	131	52	Weak	Strong	False	True	0	0.4948	1	0.01	False	True
1575	116	60	Weak	Strong	False	False	0	0	1	0.01	False	True
1576	112	76	Strong	Strong	False	False	0	0	0.01	0.01	True	True
1577	142	61	Weak	Strong	False	True	0	0.5849	1	0.01	False	True
1578	129	61	Weak	Weak	False	False	0	0	1	1	False	False
1579	111	39	Noise	Strong	False	False	0	0	1	0.01	False	True
1580	136	75	Weak	Weak	False	False	0	0	1	1	False	False
1581	115	62	Strong	Strong	True	True	0.1907	0.6027	0.01	0.01	True	True
1582	118	66	Weak	Weak	False	False	0	0	1	1	False	False
1583	127	63	Weak	Weak	False	False	0	0	1	1	False	False
1584	110	91	Noise	Weak	False	False	0	0	1	1	False	False
1585	120	74	Weak	Weak	False	False	0	0	1	1	False	False
1586	116	39	Noise	Weak	False	False	0	0	1	1	False	False
1587	131	89	Weak	Weak	False	False	0	0	1	1	False	False
1588	122	36	Noise	Subclone	False	False	0	0	1	0.01	False	True
1589	97	93	Noise	Weak	False	False	0	0	1	1	False	False
1590	116	54	Noise	Noise	False	False	0	0	1	1	False	False
1591	128	40	Weak	Strong	False	False	0	0	1	0.01	False	True
1592	117	80	Weak	Strong	False	False	0	0	1	0.01	False	True
1593	164	66	Weak	Noise	False	False	0	0	1	1	False	False
1594	158	54	Weak	Strong	False	False	0	0	1	0.01	False	True
1595	148	50	Noise	Noise	False	False	0	0	1	1	False	False
1596	123	98	Noise	Strong	False	False	0	0	1	0.01	False	True
1597	149	36	Weak	Strong	False	False	0	0	1	0.01	False	True
1598	126	41	Weak	Strong	False	True	0	0.3194	1	0.01	False	True
1599	139	60	Noise	Noise	False	False	0	0	1	1	False	False
1600	131	42	Weak	Strong	False	True	0	0.5695	1	0.01	False	True
1601	144	56	Weak	Strong	False	True	0	0.5721	1	0.01	False	True
1602	127	61	Weak	Strong	False	True	0	0.3513	1	0.01	False	True
1603	132	39	Strong	Strong	False	False	0	0	0.01	0.01	True	True
1604	131	55	Weak	Strong	False	True	0	0.5071	1	0.01	False	True
1605	141	54	Weak	Strong	False	True	0	0.5919	1	0.01	False	True
1606	134	59	Weak	Strong	False	False	0	0	1	0.01	False	True
1607	127	89	Weak	Strong	False	True	0	0.4507	1	0.01	False	True
1608	130	77	Weak	Strong	False	False	0	0	1	0.01	False	True
1609	107	44	Weak	Strong	False	True	0	0.1522	0.01	0.01	True	True
1610	133	171	Weak	Weak	False	False	0	0	1	1	False	False
1611	135	98	Noise	Noise	False	False	0	0	1	1	False	False
1612	134	54	Weak	Noise	False	False	0	0	1	1	False	False
1613	130	87	Weak	Strong	False	False	0	0	1	0.01	False	True
1614	158	39	Weak	Noise	False	False	0	0	1	1	False	False
1615	117	97	Weak	Strong	False	True	0	0.5716	1	0.01	False	True
1616	127	60	Noise	Strong	False	False	0	0	1	0.01	False	True
1617	115	64	Weak	Strong	False	False	0	0	1	0.01	False	True
1618	131	96	Noise	Strong	False	False	0	0	1	0.01	False	True
1619	121	30	Strong	Strong	False	True	0	0.4771	0.01	0.01	True	True
1620	131	42	Weak	Weak	False	False	0	0	1	1	False	False
1621	138	61	Weak	Strong	False	False	0	0	1	0.01	False	True
1622	134	44	Noise	Subclone	False	False	0	0	1	0.01	False	True
1623	122	69	Weak	Weak	False	False	0	0	1	1	False	False
1624	128	63	Weak	Strong	False	False	0	0	1	0.01	False	True
1625	145	91	Weak	Strong	False	True	0	0.5787	1	0.01	False	True
1626	111	43	Weak	Strong	False	False	0	0	1	0.01	False	True
1627	118	42	Weak	Strong	False	True	0	0.5809	1	0.01	False	True
1628	129	47	Weak	Strong	False	True	0	0.6562	0.01	0.01	True	True
1629	142	46	Strong	Strong	False	True	0	0.5503	0.01	0.01	True	True
1630	148	61	Weak	Strong	False	True	0	0.7636	1	0.01	False	True
1631	132	60	Strong	Strong	False	True	0	0.5545	0.01	0.01	True	True
1632	121	72	Noise	Subclone	False	True	0	0.5965	1	0.01	False	True
1633	115	64	Weak	Subclone	False	False	0	0.0585	1	0.01	False	True
1634	120	76	Weak	Strong	False	False	0	0	1	0.01	False	True
1635	117	56	Weak	Weak	False	False	0	0	1	1	False	False
1636	112	56	Weak	Weak	False	False	0	0	1	0.01	False	True
1637	121	48	Weak	Weak	False	False	0	0	1	1	False	False
1638	145	186	Noise	Weak	False	False	0	0	1	1	False	False
1639	141	72	Weak	Strong	False	True	0	0.2904	1	0.01	False	True
1640	111	62	Weak	Strong	False	True	0	0.4102	1	0.01	False	True
1641	139	54	Weak	Strong	False	False	0	0	1	0.01	False	True
1642	115	57	Weak	Strong	False	False	0	0	1	0.01	False	True
1643	133	96	Weak	Strong	False	True	0	0.9168	1	0.01	False	True
1644	134	62	Noise	Noise	False	False	0	0	1	1	False	False
1645	146	94	Weak	Weak	False	False	0	0	1	1	False	False
1646	138	142	Weak	Strong	False	False	0	0	1	0.01	False	True
1647	122	96	Noise	Weak	False	False	0	0	1	1	False	False
1648	131	57	Weak	Noise	False	False	0	0	1	1	False	False
1649	143	44	Weak	Weak	False	False	0	0	1	1	False	False
1650	122	61	Weak	Weak	False	False	0	0	1	1	False	False
1651	116	51	Weak	Strong	False	False	0	0	1	0.01	False	True
1652	109	45	Weak	Weak	False	False	0	0	1	1	False	False
1653	143	66	Weak	Weak	False	False	0	0	1	1	False	False
1654	139	55	Weak	Weak	False	False	0	0	1	1	False	False
1655	127	65	Weak	Weak	False	False	0	0	1	1	False	False
1656	123	109	Weak	Weak	False	False	0	0	1	1	False	False
1657	123	53	Weak	Weak	False	False	0	0	1	1	False	False
1658	111	47	Weak	Weak	False	False	0	0	1	1	False	False
1659	135	62	Noise	Noise	False	False	0	0	1	1	False	False
1660	146	235	Weak	Weak	False	False	0	0	1	1	False	False
1661	148	85	Noise	Noise	False	False	0	0	1	1	False	False
1662	114	121	Weak	Strong	False	False	0	0	1	0.01	False	True
1663	98	159	Weak	Weak	False	True	0	0.109	1	0.01	False	True
1664	95	72	Weak	Strong	False	True	0	0.6728	1	0.01	False	True
1665	120	91	Weak	Strong	False	True	0	0.1982	1	0.01	False	True
1666	147	102	Weak	Strong	False	False	0	0	1	0.01	False	True
1667	111	127	Weak	Strong	False	True	0	0.9755	1	0.01	False	True
1668	132	66	Weak	Strong	False	False	0	0	1	0.01	False	True
1669	111	76	Weak	Strong	False	True	0	0.7579	1	0.01	False	True
1670	127	57	Weak	Strong	False	False	0	0	1	0.01	False	True
1671	122	74	Weak	Strong	False	True	0	1	1	0.01	False	True
1672	124	84	Weak	Strong	False	False	0	0	0.01	0.01	True	True
1673	119	93	Weak	Strong	False	False	0	0	1	0.01	False	True
1674	111	61	Weak	Weak	False	False	0	0	1	0.01	False	True
1675	122	60	Noise	Noise	False	False	0	0	1	1	False	False
1676	127	62	Noise	Weak	False	False	0	0	1	1	False	False
1677	121	48	Weak	Strong	False	False	0	0	1	0.01	False	True
1678	114	161	Weak	Strong	False	False	0	0	1	0.01	False	True
1679	137	37	Weak	Strong	False	True	0	0.5356	1	0.01	False	True
1680	132	60	Weak	Strong	False	False	0	0	1	0.01	False	True
1681	136	57	Weak	Weak	False	False	0	0	1	1	False	False
1682	110	49	Weak	Strong	False	True	0	0.9672	1	0.01	False	True
1683	106	43	Strong	Strong	False	False	0	0	0.01	0.01	True	True
1684	128	54	Strong	Strong	False	True	0	0.8973	0.01	0.01	True	True
1685	120	126	Weak	Strong	False	True	0	0.6296	1	0.01	False	True
1686	115	118	Weak	Strong	False	True	0	0.5078	1	0.01	False	True
1687	109	68	Strong	Strong	False	True	0	0.1684	0.01	0.01	True	True
1688	125	67	Weak	Strong	False	True	0	0.6708	1	0.01	False	True
1689	96	43	Strong	Strong	False	True	0	0.6001	0.01	0.01	True	True
1690	125	58	Weak	Strong	False	True	0	0.1134	1	0.01	False	True
1691	141	47	Weak	Strong	False	False	0	0.066	1	0.01	False	True
1692	109	30	Weak	Strong	False	True	0	0.2601	1	0.01	False	True
1693	148	43	Weak	Strong	False	True	0	0.1647	1	0.01	False	True
1694	129	44	Weak	Strong	False	True	0	0.3395	1	0.01	False	True
1695	109	69	Weak	Strong	False	True	0	0.5618	1	0.01	False	True
1696	98	66	Weak	Strong	False	True	0	0.7632	1	0.01	False	True
1697	119	93	Weak	Strong	False	True	0	0.7552	1	0.01	False	True
1698	118	63	Weak	Strong	False	False	0	0	1	0.01	False	True
1699	116	86	Weak	Strong	False	True	0	0.4733	1	0.01	False	True
1700	112	84	Weak	Strong	False	True	0	0.5182	1	0.01	False	True
1701	119	71	Weak	Strong	False	True	0	0.4871	1	0.01	False	True
1702	130	69	Weak	Strong	False	True	0	0.5257	1	0.01	False	True
1703	127	67	Weak	Strong	False	True	0	0.6333	1	0.01	False	True
1704	109	140	Subclone	Subclone	False	True	0	0.5624	0.01	0.01	True	True
1705	161	100	Weak	Strong	False	False	0	0	1	0.01	False	True
1706	132	94	Weak	Strong	False	False	0	0	1	0.01	False	True
1707	128	84	Noise	Weak	False	False	0	0	1	1	False	False
1708	134	63	Noise	Weak	False	False	0	0	1	1	False	False
1709	114	75	Weak	Noise	False	False	0	0	1	1	False	False
1710	112	174	Weak	Strong	False	False	0	0	1	0.01	False	True
1711	119	64	Noise	Weak	False	False	0	0	1	1	False	False
1712	102	116	Weak	Subclone	False	False	0	0	1	0.01	False	True
1713	112	110	Noise	Strong	False	False	0	0	1	0.01	False	True
1714	117	114	Weak	Weak	False	False	0	0	1	1	False	False
1715	114	135	Noise	Noise	False	False	0	0	1	1	False	False
1716	149	91	Weak	Weak	False	False	0	0	0.01	1	True	False
1717	126	32	Weak	Strong	False	True	0	0.2938	1	0.01	False	True
1718	126	70	Weak	Strong	False	True	0	0.633	0.01	0.01	True	True
1719	119	100	Weak	Strong	False	True	0	0.5757	1	0.01	False	True
1720	138	109	Weak	Strong	False	True	0	0.6313	1	0.01	False	True
1721	116	228	Weak	Strong	False	False	0	0	1	0.01	False	True
1722	118	228	Weak	Strong	False	False	0	0	1	0.01	False	True
1723	155	73	Noise	Noise	False	False	0	0	1	1	False	False
1724	113	180	Weak	Strong	False	False	0	0	1	0.01	False	True
1725	148	54	Noise	Noise	False	False	0	0	1	1	False	False
1726	151	56	Weak	Weak	False	False	0	0	1	1	False	False
1727	108	58	Noise	Weak	False	False	0	0	1	1	False	False
1728	133	57	Weak	Weak	False	False	0	0	1	1	False	False
1729	154	90	Weak	Weak	False	False	0	0	1	1	False	False
1730	122	74	Noise	Noise	False	False	0	0	1	1	False	False
1731	125	87	Weak	Strong	False	False	0	0	1	0.01	False	True
1732	121	83	Weak	Strong	False	False	0	0	1	0.01	False	True
1733	135	69	Weak	Weak	False	False	0	0	1	1	False	False
1734	151	74	Weak	Weak	False	False	0	0	1	1	False	False
1735	139	50	Weak	Weak	False	False	0	0	1	1	False	False
1736	106	80	Noise	Weak	False	False	0	0	1	1	False	False
1737	148	58	Weak	Strong	False	False	0	0	1	0.01	False	True
1738	126	79	Weak	Strong	False	True	0	0.4565	1	0.01	False	True
1739	96	33	Weak	Strong	False	True	0	0.4848	1	0.01	False	True
1740	134	81	Weak	Strong	False	True	0	0.9561	1	0.01	False	True
1741	142	51	Weak	Weak	False	False	0	0	1	1	False	False
1742	132	99	Weak	Strong	False	True	0	0.9776	1	0.01	False	True
1743	135	62	Weak	Strong	False	False	0	0	1	0.01	False	True
1744	133	85	Weak	Weak	False	False	0.1242	0	1	1	False	False
1745	110	55	Weak	Strong	False	False	0	0	1	0.01	False	True
1746	146	76	Weak	Strong	False	False	0	0	1	0.01	False	True
1747	144	35	Strong	Weak	False	False	0	0	0.01	1	True	False
1748	121	50	Weak	Strong	False	False	0	0	1	0.01	False	True
1749	108	126	Weak	Strong	False	True	0	0.9232	1	0.01	False	True
1750	117	29	Weak	Strong	False	True	0	0.2025	1	0.01	False	True
1751	129	74	Weak	Strong	False	False	0	0	1	0.01	False	True
1752	119	49	Weak	Strong	False	False	0	0	1	0.01	False	True
1753	116	73	Weak	Strong	False	False	0	0	1	0.01	False	True
1754	110	65	Weak	Strong	False	False	0	0	1	0.01	False	True
1755	133	43	Weak	Noise	False	True	0	0.1491	1	0.01	False	True
1756	113	67	Strong	Weak	False	True	0	0.1314	0.01	0.01	True	True
1757	93	73	Weak	Weak	False	True	0	0.5264	1	0.01	False	True
1758	142	127	Noise	Weak	False	False	0	0	1	0.01	False	True
1759	130	62	Weak	Strong	False	True	0	0.2603	1	0.01	False	True
1760	119	90	Weak	Strong	False	False	0	0	1	0.01	False	True
1761	136	82	Weak	Subclone	False	True	0	0.3861	1	0.01	False	True
1762	124	268	Weak	Weak	False	False	0	0	1	1	False	False
1763	127	55	Noise	Weak	False	False	0	0	1	1	False	False
1764	114	98	Weak	Weak	False	False	0	0	1	1	False	False
1765	130	101	Weak	Weak	False	False	0	0	1	1	False	False
1766	97	80	Weak	Strong	False	False	0	0	1	0.01	False	True
1767	126	115	Weak	Noise	False	False	0	0	1	1	False	False
1768	119	97	Weak	Strong	False	True	0	0.5128	1	0.01	False	True
1769	118	101	Weak	Strong	False	True	0	0.9037	1	0.01	False	True
1770	105	127	Noise	Subclone	False	False	0	0	1	0.01	False	True
1771	120	78	Weak	Strong	False	False	0	0	1	0.01	False	True
1772	128	66	Weak	Weak	False	False	0	0	1	1	False	False
1773	125	66	Noise	Weak	False	False	0	0	1	1	False	False
1774	134	70	Noise	Weak	False	False	0	0	1	1	False	False
1775	120	96	Noise	Weak	False	False	0	0	1	1	False	False
1776	135	97	Noise	Weak	False	False	0	0	1	1	False	False
1777	109	77	Weak	Strong	False	False	0	0	1	0.01	False	True
1778	146	77	Weak	Strong	False	False	0	0	1	0.01	False	True
1779	140	42	Weak	Weak	False	False	0	0	1	1	False	False
1780	145	111	Weak	Strong	False	False	0	0	1	0.01	False	True
1781	128	85	Weak	Strong	False	True	0	0.6081	1	0.01	False	True
1782	126	86	Noise	Subclone	False	True	0	0.4548	1	0.01	False	True
1783	114	78	Weak	Strong	False	True	0	0.637	1	0.01	False	True
1784	119	74	Weak	Strong	False	True	0	0.6653	1	0.01	False	True
1785	113	89	Weak	Strong	False	True	0	0.189	1	0.01	False	True
1786	138	79	Weak	Noise	False	False	0	0	1	1	False	False
1787	101	69	Weak	Weak	False	False	0	0	1	0.01	False	True
1788	150	81	Weak	Strong	False	False	0	0	1	0.01	False	True
1789	103	46	Noise	Noise	False	False	0	0	1	1	False	False
1790	125	169	Noise	Noise	False	False	0	0	1	1	False	False
1791	140	61	Noise	Noise	False	False	0	0	1	1	False	False
1792	127	153	Weak	Noise	False	False	0	0	1	1	False	False
1793	129	153	Weak	Noise	False	False	0	0	1	1	False	False
1794	150	62	Weak	Noise	False	False	0	0	1	1	False	False
1795	114	83	Weak	Weak	False	False	0	0	1	1	False	False
1796	131	57	Weak	Weak	False	False	0	0	0.01	1	True	False
1797	112	39	Noise	Subclone	False	False	0	0	1	0.01	False	True
1798	133	35	Strong	Strong	False	True	0	0.6334	0.01	0.01	True	True
1799	105	50	Subclone	Subclone	True	False	0.3332	0	0.01	0.01	True	True
1800	136	34	Weak	Strong	False	False	0	0	1	0.01	False	True
1801	142	78	Noise	Noise	False	False	0	0	1	1	False	False
1802	143	63	Weak	Weak	False	False	0	0	1	1	False	False
1803	125	128	Noise	Noise	False	False	0	0	1	1	False	False
1804	119	94	Noise	Weak	False	False	0	0	1	1	False	False
1805	141	59	Weak	Weak	False	False	0	0	1	1	False	False
1806	130	61	Weak	Weak	False	False	0	0	1	1	False	False
1807	123	79	Weak	Noise	False	False	0	0	1	1	False	False
1808	119	139	Strong	Strong	False	False	0	0	0.01	0.01	True	True
1809	141	69	Weak	Strong	False	True	0	0.6915	1	0.01	False	True
1810	123	49	Weak	Strong	False	True	0	0.4529	1	0.01	False	True
1811	117	56	Weak	Strong	False	True	0	0.2066	1	0.01	False	True
1812	131	49	Weak	Strong	False	True	0	0.1232	1	0.01	False	True
1813	96	133	Noise	Weak	False	False	0	0.086	1	0.01	False	True
1814	125	69	Weak	Strong	False	False	0	0	1	0.01	False	True
1815	149	67	Weak	Strong	False	False	0	0	1	0.01	False	True
1816	125	68	Weak	Strong	False	False	0	0	0.01	0.01	True	True
1817	120	51	Weak	Weak	False	False	0	0.1	1	1	False	False
1818	131	49	Strong	Strong	False	False	0	0	0.01	0.01	True	True
1819	130	37	Weak	Strong	False	False	0	0	1	0.01	False	True
1820	116	46	Noise	Noise	False	False	0	0.0698	1	1	False	False
1821	132	50	Weak	Weak	False	False	0	0	1	1	False	False
1822	121	20	Weak	Strong	False	True	0	0.2365	1	0.01	False	True
1823	128	31	Weak	Weak	False	False	0	0	1	1	False	False
1824	127	46	Weak	Weak	False	False	0	0	1	1	False	False
1825	151	38	Weak	Strong	False	False	0	0	0.01	0.01	True	True
1826	126	41	Weak	Strong	False	True	0	0.3608	0.01	0.01	True	True
1827	122	64	Weak	Strong	False	False	0	0	1	0.01	False	True
1828	111	54	Weak	Strong	False	False	0	0	1	0.01	False	True
1829	102	45	Weak	Weak	False	False	0	0.063	1	1	False	False
1830	150	41	Weak	Strong	False	True	0	0.3416	1	0.01	False	True
1831	146	43	Weak	Strong	False	True	0	0.9059	1	0.01	False	True
1832	134	42	Weak	Strong	False	True	0	0.9511	1	0.01	False	True
1833	127	35	Weak	Strong	False	True	0	0.5771	1	0.01	False	True
1834	125	38	Noise	Strong	False	True	0	0.3592	1	0.01	False	True
1835	117	65	Weak	Strong	False	True	0	0.2842	1	0.01	False	True
1836	110	42	Weak	Strong	False	True	0	0.4179	1	0.01	False	True
1837	115	34	Weak	Strong	False	True	0	0.5987	1	0.01	False	True
1838	109	49	Weak	Strong	False	True	0	0.4723	1	0.01	False	True
1839	87	49	Subclone	Subclone	True	True	0.4095	0.3894	0.01	0.01	True	True
1840	112	50	Noise	Subclone	False	False	0	0	1	0.01	False	True
1841	156	56	Weak	Strong	False	True	0	0.5361	1	0.01	False	True
1842	124	59	Weak	Strong	False	True	0	0.3278	1	0.01	False	True
1843	119	45	Weak	Strong	False	True	0	0.1656	1	0.01	False	True
1844	102	56	Weak	Subclone	False	False	0	0.0487	0.01	0.01	True	True
1845	112	54	Strong	Subclone	False	True	0	0.1063	0.01	0.01	True	True
1846	123	69	Noise	Subclone	False	False	0	0	1	0.01	False	True
1847	129	45	Weak	Strong	False	True	0	0.5363	1	0.01	False	True
1848	132	35	Noise	Subclone	False	True	0	0.2631	0.01	0.01	True	True
1849	102	62	Weak	Strong	False	True	0	0.3758	1	0.01	False	True
1850	107	47	Weak	Strong	False	True	0	0.4588	1	0.01	False	True
1851	136	62	Noise	Subclone	False	False	0	0	1	0.01	False	True
1852	114	58	Noise	Subclone	False	False	0	0	1	0.01	False	True
1853	132	58	Noise	Subclone	False	False	0	0	1	0.01	False	True
1854	131	57	Weak	Strong	False	True	0	0.4844	1	0.01	False	True
1855	95	42	Weak	Strong	False	True	0	0.5443	1	0.01	False	True
1856	131	81	Weak	Strong	False	True	0	0.5627	0.01	0.01	True	True
1857	173	42	Strong	Strong	False	True	0	0.7174	0.01	0.01	True	True
1858	126	37	Weak	Strong	False	True	0	0.6595	1	0.01	False	True
1859	112	69	Weak	Noise	False	False	0	0.1388	1	0.01	False	True
1860	127	69	Weak	Subclone	False	True	0	0.3575	1	0.01	False	True
1861	113	95	Strong	Strong	False	True	0	0.3997	0.01	0.01	True	True
1862	127	56	Weak	Strong	False	False	0	0	1	0.01	False	True
1863	130	83	Weak	Strong	False	False	0	0	1	0.01	False	True
1864	94	74	Strong	Strong	False	True	0	0.1513	0.01	0.01	True	True
1865	112	79	Weak	Strong	False	True	0	0.6375	1	0.01	False	True
1866	100	36	Strong	Subclone	True	True	0.4424	0.4257	0.01	0.01	True	True
1867	119	66	Weak	Strong	False	False	0	0	1	0.01	False	True
1868	122	36	Weak	Strong	False	True	0	0.792	1	0.01	False	True
1869	137	62	Noise	Strong	False	True	0	0.6917	1	0.01	False	True
1870	134	65	Weak	Strong	False	True	0	0.6823	1	0.01	False	True
1871	136	61	Weak	Strong	False	True	0	0.5316	1	0.01	False	True
1872	138	30	Weak	Strong	False	True	0	0.6102	1	0.01	False	True
1873	120	51	Weak	Strong	False	True	0	0.6523	1	0.01	False	True
1874	125	77	Weak	Strong	False	True	0	0.1872	1	0.01	False	True
1875	135	64	Weak	Strong	False	False	0	0	1	0.01	False	True
1876	118	61	Subclone	Subclone	False	True	0	0.3919	0.01	0.01	True	True
1877	133	61	Weak	Strong	False	True	0	0.3173	1	0.01	False	True
1878	128	72	Weak	Strong	False	True	0	0.5519	1	0.01	False	True
1879	92	44	Noise	Strong	False	False	0	0	1	0.01	False	True
1880	106	43	Noise	Subclone	False	False	0	0	1	0.01	False	True
1881	146	70	Weak	Weak	False	False	0	0	1	1	False	False
1882	111	128	Weak	Weak	False	False	0	0	1	1	False	False
1883	120	178	Weak	Weak	False	False	0	0	1	1	False	False
1884	140	66	Noise	Weak	False	False	0	0	1	0.01	False	True
1885	119	67	Noise	Noise	False	False	0	0	1	1	False	False
1886	118	49	Weak	Noise	False	False	0	0	1	1	False	False
1887	115	66	Weak	Noise	False	False	0	0	1	1	False	False
1888	114	44	Weak	Strong	False	False	0	0	1	0.01	False	True
1889	124	43	Weak	Subclone	False	True	0	0.14	1	0.01	False	True
1890	127	55	Strong	Strong	True	True	0.2735	0.3107	0.01	0.01	True	True
1891	121	50	Weak	Strong	False	True	0	0.5255	1	0.01	False	True
1892	105	45	Weak	Strong	False	True	0	0.7213	1	0.01	False	True
1893	128	93	Strong	Strong	True	True	0.5623	0.5888	0.01	0.01	True	True
1894	133	45	Noise	Subclone	False	True	0	0.3335	1	0.01	False	True
1895	121	29	Weak	Subclone	False	True	0	0.4865	1	0.01	False	True
1896	102	59	Weak	Strong	False	True	0	0.1845	1	0.01	False	True
1897	139	41	Weak	Strong	False	True	0	0.5272	1	0.01	False	True
1898	131	37	Weak	Strong	False	True	0	0.4085	1	0.01	False	True
1899	119	38	Weak	Strong	False	True	0	0.3541	1	0.01	False	True
1900	127	108	Weak	Strong	False	True	0	0.6347	1	0.01	False	True
1901	99	42	Weak	Strong	False	True	0	0.4266	1	0.01	False	True
1902	126	62	Strong	Strong	False	True	0	0.3903	0.01	0.01	True	True
1903	128	50	Weak	Strong	False	True	0	0.6234	1	0.01	False	True
1904	129	58	Weak	Strong	False	True	0	0.5099	1	0.01	False	True
1905	135	64	Weak	Strong	False	False	0	0	1	0.01	False	True
1906	138	60	Weak	Weak	False	False	0	0	1	1	False	False
1907	138	64	Weak	Weak	False	True	0	0.3528	1	0.01	False	True
1908	129	52	Weak	Strong	False	False	0	0	1	0.01	False	True
1909	136	50	Weak	Strong	False	False	0	0	1	0.01	False	True
1910	131	67	Weak	Strong	False	False	0	0	1	0.01	False	True
1911	127	39	Weak	Strong	False	False	0	0	1	0.01	False	True
1912	126	62	Weak	Strong	False	False	0	0	1	0.01	False	True
1913	120	41	Noise	Subclone	False	False	0	0	1	0.01	False	True
1914	140	48	Noise	Subclone	False	True	0	0.4231	1	0.01	False	True
1915	124	42	Noise	Subclone	False	True	0	0.2652	1	0.01	False	True
1916	131	44	Weak	Subclone	False	True	0	0.3203	1	0.01	False	True
1917	137	44	Weak	Strong	False	True	0	0.4687	1	0.01	False	True
1918	141	48	Weak	Strong	False	True	0	0.1293	1	0.01	False	True
1919	108	47	Noise	Strong	False	True	0	0.5507	1	0.01	False	True
1920	130	73	Weak	Strong	False	True	0	0.677	1	0.01	False	True
1921	169	35	Weak	Subclone	False	True	0	0.3448	1	0.01	False	True
1922	106	55	Weak	Strong	False	True	0	0.6682	1	0.01	False	True
1923	121	38	Weak	Strong	False	True	0	0.6361	1	0.01	False	True
1924	121	39	Weak	Strong	False	True	0	0.5739	1	0.01	False	True
1925	120	55	Strong	Strong	False	True	0	0.5665	0.01	0.01	True	True
1926	111	54	Weak	Strong	False	True	0	0.631	1	0.01	False	True
1927	121	60	Weak	Strong	False	True	0	0.6751	1	0.01	False	True
1928	119	39	Noise	Subclone	False	True	0	0.2598	1	0.01	False	True
1929	107	42	Weak	Weak	False	True	0	0.2317	1	0.01	False	True
1930	150	52	Weak	Subclone	False	True	0	0.3051	1	0.01	False	True
1931	132	60	Weak	Strong	False	True	0	0.5991	1	0.01	False	True
1932	117	55	Strong	Strong	False	True	0	0.488	0.01	0.01	True	True
1933	132	63	Weak	Strong	False	True	0	0.3237	1	0.01	False	True
1934	109	69	Noise	Subclone	False	False	0	0.0095	1	0.01	False	True
1935	119	63	Weak	Strong	False	True	0	0.9142	1	0.01	False	True
1936	119	42	Weak	Strong	False	True	0	0.5443	1	0.01	False	True
1937	134	66	Weak	Strong	False	True	0	0.56	1	0.01	False	True
1938	126	62	Weak	Strong	False	True	0	0.3696	1	0.01	False	True
1939	132	47	Weak	Strong	False	True	0	0.3256	1	0.01	False	True
1940	127	42	Weak	Strong	False	False	0	0	1	0.01	False	True
1941	117	63	Weak	Strong	False	False	0	0	1	0.01	False	True
1942	103	71	Weak	Strong	False	False	0	0	1	0.01	False	True
1943	120	60	Weak	Strong	False	False	0	0	1	0.01	False	True
1944	128	54	Noise	Strong	False	True	0	0.3649	1	0.01	False	True
1945	123	54	Noise	Strong	False	True	0	0.3471	1	0.01	False	True
1946	101	359	Strong	Strong	True	True	0.568	0.5605	0.01	0.01	True	True
1947	115	86	Weak	Strong	False	True	0	0.5832	1	0.01	False	True
1948	122	63	Weak	Strong	False	False	0	0	1	0.01	False	True
1949	118	69	Noise	Weak	False	False	0	0	1	1	False	False
1950	125	78	Noise	Weak	False	False	0	0	1	1	False	False
1951	126	66	Weak	Weak	False	False	0	0	1	1	False	False
1952	139	61	Noise	Noise	False	False	0	0	1	1	False	False
1953	137	64	Noise	Noise	False	False	0	0	1	1	False	False
1954	164	45	Weak	Strong	False	True	0	0.5613	1	0.01	False	True
1955	137	35	Weak	Weak	False	False	0	0	1	1	False	False
1956	145	45	Weak	Weak	False	False	0	0	1	1	False	False
1957	131	56	Weak	Noise	False	False	0	0	1	1	False	False
1958	123	42	Weak	Weak	False	False	0	0	1	1	False	False
1959	138	36	Strong	Weak	False	False	0	0	0.01	1	True	False
1960	140	37	Weak	Weak	False	False	0	0	1	1	False	False
1961	145	48	Weak	Weak	False	False	0	0	1	1	False	False
1962	80	48	Weak	Noise	False	False	0	0	1	1	False	False
1963	118	57	Noise	Noise	False	False	0	0	1	1	False	False
1964	108	40	Noise	Noise	False	False	0	0	1	1	False	False
1965	135	39	Weak	Weak	False	False	0	0	1	1	False	False
1966	120	57	Weak	Weak	False	False	0	0	1	1	False	False
1967	132	53	Weak	Weak	False	False	0	0	1	1	False	False
1968	152	48	Weak	Weak	False	False	0	0	1	1	False	False
1969	141	81	Weak	Noise	False	False	0	0	1	1	False	False
1970	138	45	Strong	Strong	False	True	0	0.3413	0.01	0.01	True	True
1971	93	49	Weak	Strong	False	True	0	0.7211	1	0.01	False	True
1972	113	52	Weak	Strong	False	False	0	0	1	0.01	False	True
1973	104	78	Weak	Strong	False	False	0	0	1	0.01	False	True
1974	151	56	Weak	Strong	False	True	0	0.5224	1	0.01	False	True
1975	138	65	Noise	Subclone	False	True	0	0.3863	1	0.01	False	True
1976	114	46	Noise	Subclone	False	False	0	0	1	0.01	False	True
1977	108	37	Weak	Strong	False	True	0	0.7506	1	0.01	False	True
1978	106	63	Weak	Strong	False	True	0	0.5684	1	0.01	False	True
1979	130	67	Weak	Weak	False	False	0	0	1	1	False	False
1980	143	65	Weak	Strong	False	True	0	0.3402	1	0.01	False	True
1981	128	73	Strong	Subclone	False	False	0	0	0.01	0.01	True	True
1982	111	89	Strong	Strong	False	False	0	0	0.01	0.01	True	True
1983	117	157	Weak	Strong	False	True	0	0.5893	1	0.01	False	True
1984	128	123	Weak	Strong	False	False	0	0	1	0.01	False	True
1985	127	118	Weak	Strong	False	True	0	0.5303	1	0.01	False	True
1986	104	103	Weak	Strong	False	True	0	0.5774	1	0.01	False	True
1987	102	152	Weak	Strong	False	False	0	0	1	0.01	False	True
1988	115	82	Noise	Subclone	False	False	0	0	1	0.01	False	True
1989	120	89	Weak	Strong	False	True	0	0.4826	1	0.01	False	True
1990	131	84	Weak	Strong	False	True	0	0.6261	1	0.01	False	True
1991	129	70	Weak	Strong	False	True	0	0.607	1	0.01	False	True
1992	141	105	Noise	Subclone	False	True	0	0.3329	1	0.01	False	True
1993	156	121	Weak	Strong	False	False	0	0	1	0.01	False	True
1994	96	107	Weak	Subclone	False	False	0	0	1	0.01	False	True
1995	118	78	Weak	Strong	False	True	0	0.3829	1	0.01	False	True
1996	122	109	Weak	Strong	False	True	0	0.9537	1	0.01	False	True
1997	159	105	Weak	Strong	False	True	0	0.6145	1	0.01	False	True
1998	122	124	Weak	Noise	False	False	0	0	1	1	False	False
1999	135	79	Weak	Weak	False	False	0	0	1	1	False	False
2000	132	98	Weak	Weak	False	False	0	0	1	1	False	False
2001	124	87	Weak	Subclone	False	False	0	0	1	0.01	False	True
2002	141	212	Noise	Weak	False	False	0	0	1	1	False	False
2003	125	153	Weak	Strong	False	False	0	0	1	0.01	False	True
2004	103	241	Strong	Strong	False	False	0	0	0.01	0.01	True	True
2005	116	160	Strong	Strong	True	True	0.3105	0.3604	0.01	0.01	True	True
2006	117	140	Strong	Strong	True	True	0.2799	0.3449	0.01	0.01	True	True
2007	126	85	Weak	Subclone	False	True	0	0.5412	1	0.01	False	True
2008	126	137	Weak	Strong	False	True	0	0.3003	1	0.01	False	True
2009	114	128	Strong	Strong	True	False	0.2936	0	0.01	0.01	True	True
2010	125	134	Strong	Weak	False	False	0	0	0.01	1	True	False
2011	127	121	Weak	Strong	False	True	0	0.1554	1	0.01	False	True
2012	88	91	Weak	Strong	False	True	0	0.527	1	0.01	False	True
2013	115	109	Strong	Strong	False	False	0	0	0.01	0.01	True	True
2014	141	162	Weak	Strong	False	False	0	0	1	0.01	False	True
2015	126	177	Weak	Strong	False	False	0	0	1	0.01	False	True
2016	113	166	Weak	Weak	False	False	0	0	1	1	False	False
2017	129	184	Strong	Weak	False	False	0	0	0.01	1	True	False
2018	124	158	Weak	Strong	False	True	0	0.5757	1	0.01	False	True
2019	124	43	Noise	Weak	False	False	0	0	1	1	False	False
2020	142	61	Weak	Weak	False	False	0	0	1	1	False	False
2021	86	55	Weak	Weak	False	False	0	0	1	0.01	False	True
2022	119	234	Weak	Strong	False	False	0	0	1	0.01	False	True
2023	135	85	Strong	Strong	False	True	0	0.8369	0.01	0.01	True	True
2024	112	124	Weak	Strong	False	False	0	0	1	0.01	False	True
2025	113	84	Weak	Strong	False	False	0	0	1	0.01	False	True
2026	121	61	Noise	Noise	False	False	0	0	1	1	False	False
2027	120	61	Noise	Noise	False	False	0	0	1	1	False	False
2028	124	147	Weak	Strong	False	False	0	0	1	0.01	False	True
2029	109	126	Weak	Weak	False	False	0.2399	0	1	1	False	False
2030	137	90	Noise	Weak	False	False	0	0	1	1	False	False
2031	108	182	Weak	Weak	False	False	0	0	1	1	False	False
2032	111	160	Weak	Weak	False	False	0	0	1	1	False	False
2033	128	97	Weak	Strong	False	False	0	0	1	0.01	False	True
2034	106	126	Weak	Strong	False	False	0	0	1	0.01	False	True
2035	113	92	Weak	Strong	False	True	0	0.5872	1	0.01	False	True
2036	112	81	Weak	Strong	False	False	0	0.0674	1	0.01	False	True
2037	121	121	Weak	Strong	False	True	0	0.1025	1	0.01	False	True
2038	104	120	Weak	Strong	False	True	0	0.5837	1	0.01	False	True
2039	152	116	Weak	Subclone	False	False	0	0	1	0.01	False	True
2040	165	141	Weak	Strong	False	False	0	0	1	0.01	False	True
2041	178	136	Weak	Strong	False	True	0	0.3077	1	0.01	False	True
2042	167	113	Weak	Strong	False	False	0	0	1	0.01	False	True
2043	198	89	Strong	Strong	False	True	0	0.3082	0.01	0.01	True	True
2044	156	140	Weak	Noise	False	False	0	0	1	0.01	False	True
2045	160	119	Noise	Strong	False	False	0	0	1	0.01	False	True
2046	172	95	Noise	Strong	False	True	0	0.274	1	0.01	False	True
2047	183	101	Weak	Strong	False	False	0	0	1	0.01	False	True
2048	121	95	Noise	Noise	False	False	0	0	1	1	False	False
2049	136	109	Noise	Subclone	False	False	0	0	1	0.01	False	True
2050	97	146	Weak	Subclone	False	True	0	0.2499	1	0.01	False	True
2051	130	51	Weak	Strong	False	True	0	0.5842	1	0.01	False	True
2052	116	106	Weak	Strong	False	True	0	0.809	1	0.01	False	True
2053	110	102	Strong	Strong	True	True	0.5399	0.829	0.01	0.01	True	True
2054	109	107	Weak	Strong	False	True	0	0.4504	1	0.01	False	True
2055	97	92	Weak	Strong	False	True	0.0334	0.1242	1	0.01	False	True
2056	125	158	Weak	Strong	False	False	0	0	1	0.01	False	True
2057	112	66	Weak	Weak	False	False	0	0	1	1	False	False
2058	103	98	Noise	Weak	False	False	0	0	1	1	False	False
2059	124	163	Weak	Weak	False	False	0	0	1	1	False	False
2060	115	118	Weak	Strong	False	True	0	0.4918	1	0.01	False	True
2061	96	92	Weak	Strong	False	False	0	0	1	0.01	False	True
2062	127	89	Weak	Strong	False	False	0	0	1	0.01	False	True
2063	117	143	Strong	Strong	False	True	0	0.953	0.01	0.01	True	True
2064	103	92	Weak	Strong	False	True	0	0.9652	1	0.01	False	True
2065	122	162	Weak	Strong	False	True	0	0.5822	1	0.01	False	True
2066	125	168	Weak	Strong	False	True	0	0.6338	0.01	0.01	True	True
2067	106	110	Weak	Strong	False	False	0	0	1	0.01	False	True
2068	123	110	Weak	Strong	False	False	0	0	1	0.01	False	True
2069	120	222	Weak	Strong	False	True	0	0.5632	1	0.01	False	True
2070	89	104	Strong	Noise	False	False	0	0.1095	0.01	1	True	False
2071	105	151	Weak	Strong	False	False	0	0	1	0.01	False	True
2072	133	143	Noise	Weak	False	False	0	0	1	1	False	False
2073	135	62	Weak	Noise	False	False	0	0	1	1	False	False
2074	99	120	Strong	Weak	False	False	0	0	0.01	1	True	False
2075	101	200	Strong	Strong	False	False	0	0	0.01	0.01	True	True
2076	115	146	Weak	Strong	False	True	0	1	1	0.01	False	True
2077	127	140	Weak	Strong	False	True	0	0.7119	1	0.01	False	True
2078	145	112	Weak	Noise	False	False	0	0	1	1	False	False
2079	132	96	Weak	Weak	False	False	0	0	1	1	False	False
2080	111	130	Weak	Strong	False	False	0	0	1	0.01	False	True
2081	123	166	Noise	Subclone	False	False	0	0	1	0.01	False	True
2082	120	231	Strong	Strong	True	True	0.3339	0.4653	0.01	0.01	True	True
2083	92	104	Noise	Subclone	False	False	0	0	1	0.01	False	True
2084	126	117	Noise	Noise	False	False	0	0	1	1	False	False
2085	145	80	Noise	Noise	False	False	0	0	1	1	False	False
2086	104	112	Weak	Weak	False	False	0	0	1	1	False	False
2087	102	88	Weak	Strong	False	False	0	0	1	0.01	False	True
2088	144	106	Weak	Strong	False	False	0	0	1	0.01	False	True
2089	123	109	Strong	Strong	False	True	0	0.5359	0.01	0.01	True	True
2090	114	89	Weak	Strong	False	False	0	0	1	0.01	False	True
2091	120	84	Noise	Noise	False	False	0	0	1	1	False	False
2092	147	42	Weak	Strong	False	False	0	0	1	0.01	False	True
2093	150	37	Weak	Strong	False	True	0	0.8678	1	0.01	False	True
2094	96	40	Weak	Weak	False	False	0	0	1	1	False	False
2095	96	40	Noise	Weak	False	False	0	0	1	1	False	False
2096	101	55	Weak	Weak	False	False	0	0	1	0.01	False	True
2097	104	160	Weak	Strong	False	False	0	0	0.01	0.01	True	True
2098	99	114	Weak	Strong	False	False	0	0	1	0.01	False	True
2099	92	138	Weak	Weak	False	False	0	0	1	1	False	False
2100	115	90	Weak	Strong	False	True	0	0.2237	1	0.01	False	True
2101	123	81	Weak	Weak	False	False	0	0	1	1	False	False
2102	134	62	Weak	Strong	False	False	0	0	1	0.01	False	True
2103	107	98	Weak	Weak	False	False	0	0	1	0.01	False	True
2104	103	75	Weak	Strong	False	True	0	0.5752	1	0.01	False	True
2105	113	174	Weak	Noise	False	False	0	0	1	1	False	False
2106	80	89	Weak	Weak	False	False	0	0	1	1	False	False
2107	105	209	Weak	Weak	False	False	0.1649	0	1	1	False	False
2108	90	52	Weak	Strong	False	False	0.1093	0	1	0.01	False	True
2109	146	90	Weak	Strong	False	True	0	0.6708	0.01	0.01	True	True
2110	110	73	Weak	Strong	False	False	0	0	1	0.01	False	True
2111	122	118	Weak	Strong	False	False	0	0	1	0.01	False	True
2112	124	61	Weak	Strong	False	True	0	0.3875	1	0.01	False	True
2113	114	67	Weak	Weak	False	False	0	0	1	1	False	False
2114	116	58	Weak	Strong	False	True	0	0.9759	1	0.01	False	True
2115	111	76	Weak	Strong	False	False	0	0	1	0.01	False	True
2116	109	82	Weak	Strong	False	True	0	0.9153	1	0.01	False	True
2117	105	73	Weak	Strong	False	False	0	0	1	0.01	False	True
2118	136	62	Weak	Strong	False	True	0	0.3569	1	0.01	False	True
2119	126	69	Weak	Strong	False	True	0	0.5786	1	0.01	False	True
2120	123	68	Weak	Weak	False	False	0	0	1	1	False	False
2121	119	57	Weak	Strong	False	False	0	0	1	0.01	False	True
2122	125	108	Weak	Strong	False	False	0	0	1	0.01	False	True
2123	128	78	Weak	Strong	False	True	0	0.655	1	0.01	False	True
2124	111	72	Weak	Strong	False	True	0	0.5634	1	0.01	False	True
2125	102	88	Weak	Strong	False	False	0	0	1	0.01	False	True
2126	118	68	Weak	Strong	False	True	0	0.6742	1	0.01	False	True
2127	113	68	Weak	Strong	False	False	0	0	1	0.01	False	True
2128	131	79	Weak	Strong	False	True	0	0.5323	1	0.01	False	True
2129	73	79	Noise	Subclone	False	True	0	0.1899	1	0.01	False	True
2130	120	47	Weak	Strong	False	True	0	0.3297	1	0.01	False	True
2131	132	58	Noise	Strong	False	False	0	0	1	0.01	False	True
2132	121	70	Strong	Weak	False	False	0	0	0.01	1	True	False
2133	116	83	Weak	Strong	False	False	0	0	1	0.01	False	True
2134	124	50	Weak	Subclone	False	True	0	0.1078	1	0.01	False	True
2135	89	42	Weak	Strong	False	True	0	0.6447	1	0.01	False	True
2136	109	72	Subclone	Subclone	True	False	0.3592	0.0491	0.01	0.01	True	True
2137	129	91	Weak	Strong	False	True	0	0.5716	1	0.01	False	True
2138	124	84	Strong	Strong	False	True	0	0.6985	0.01	0.01	True	True
2139	122	115	Weak	Strong	False	False	0	0	1	0.01	False	True
2140	122	250	Noise	Strong	False	False	0	0	1	0.01	False	True
2141	123	77	Subclone	Subclone	False	False	0	0.0853	0.01	0.01	True	True
2142	115	92	Noise	Weak	False	False	0	0	1	1	False	False
2143	104	90	Noise	Weak	False	False	0	0	1	1	False	False
2144	116	67	Weak	Strong	False	True	0	0.5774	1	0.01	False	True
2145	106	94	Weak	Strong	False	True	0	0.7434	0.01	0.01	True	True
2146	110	58	Weak	Strong	False	True	0	1	1	0.01	False	True
2147	133	76	Weak	Strong	False	True	0	0.71	1	0.01	False	True
2148	114	66	Strong	Strong	True	True	0.379	0.4088	0.01	0.01	True	True
2149	116	65	Weak	Strong	False	False	0	0	1	0.01	False	True
2150	102	61	Weak	Strong	False	True	0	0.6733	1	0.01	False	True
2151	110	41	Weak	Strong	False	True	0	0.5913	1	0.01	False	True
2152	100	68	Weak	Strong	False	True	0	0.399	1	0.01	False	True
2153	106	91	Weak	Strong	False	True	0	0.2231	1	0.01	False	True
2154	123	96	Weak	Strong	False	False	0	0	1	0.01	False	True
2155	112	46	Weak	Strong	False	True	0	0.9634	1	0.01	False	True
2156	132	111	Weak	Strong	False	True	0	0.5836	1	0.01	False	True
2157	90	138	Strong	Strong	False	False	0	0	0.01	0.01	True	True
2158	106	134	Weak	Strong	False	True	0	0.6491	1	0.01	False	True
2159	105	134	Weak	Noise	False	False	0	0	1	0.01	False	True
2160	125	144	Noise	Weak	False	False	0	0	1	1	False	False
2161	127	97	Weak	Weak	False	False	0	0	1	1	False	False
2162	113	96	Noise	Weak	False	False	0	0	1	1	False	False
2163	124	76	Noise	Noise	False	False	0	0	1	1	False	False
2164	102	133	Weak	Weak	False	False	0	0	1	1	False	False
2165	134	122	Weak	Strong	False	False	0	0	1	0.01	False	True
2166	117	114	Weak	Weak	False	False	0	0	1	1	False	False
2167	114	63	Weak	Weak	False	False	0	0	1	1	False	False
2168	122	60	Noise	Weak	False	False	0	0	1	1	False	False
2169	103	107	Weak	Weak	False	True	0	0.1579	1	0.01	False	True
2170	125	83	Noise	Weak	False	False	0	0	1	1	False	False
2171	123	138	Weak	Weak	False	False	0	0	1	1	False	False
2172	113	52	Weak	Weak	False	False	0	0	1	1	False	False
2173	150	99	Weak	Weak	False	False	0	0	1	1	False	False
2174	110	133	Weak	Strong	False	False	0	0	1	0.01	False	True
2175	110	133	Weak	Strong	False	False	0	0	1	0.01	False	True
2176	95	117	Weak	Weak	False	False	0	0	1	1	False	False
2177	130	93	Weak	Strong	False	False	0	0	1	0.01	False	True
2178	137	98	Weak	Weak	False	False	0	0	1	1	False	False
2179	104	98	Weak	Weak	False	False	0	0	1	1	False	False
2180	134	113	Weak	Weak	False	False	0	0	1	1	False	False
2181	127	103	Noise	Subclone	False	True	0	0.2344	1	0.01	False	True
2182	93	52	Weak	Strong	False	False	0	0	1	0.01	False	True
2183	102	64	Weak	Strong	False	True	0	0.5343	1	0.01	False	True
2184	151	58	Weak	Strong	False	True	0	0.3693	1	0.01	False	True
2185	111	57	Weak	Strong	False	True	0	0.5095	1	0.01	False	True
2186	108	60	Weak	Strong	False	False	0	0	1	0.01	False	True
2187	119	96	Weak	Strong	False	True	0	0.1309	1	0.01	False	True
2188	132	97	Strong	Strong	False	False	0	0	0.01	0.01	True	True
2189	106	80	Weak	Strong	False	False	0.043	0.0606	1	0.01	False	True
2190	106	94	Weak	Strong	False	False	0	0	1	0.01	False	True
2191	102	127	Noise	Weak	False	False	0	0	1	1	False	False
2192	86	89	Noise	Subclone	False	True	0	0.5774	1	0.01	False	True
2193	104	106	Weak	Strong	False	False	0	0	1	0.01	False	True
2194	128	58	Strong	Strong	True	True	0.4134	0.6808	0.01	0.01	True	True
2195	139	179	Weak	Weak	False	False	0	0	1	1	False	False
2196	100	72	Weak	Strong	False	True	0	0.3896	1	0.01	False	True
2197	97	61	Weak	Strong	False	True	0	0.2056	1	0.01	False	True
2198	108	60	Weak	Strong	False	True	0	0.4811	1	0.01	False	True
2199	120	67	Strong	Strong	True	True	0.649	0.6457	0.01	0.01	True	True
2200	132	51	Weak	Strong	False	True	0	0.3509	1	0.01	False	True
2201	115	79	Weak	Strong	False	False	0	0	1	0.01	False	True
2202	133	73	Weak	Strong	False	True	0	0.6978	1	0.01	False	True
2203	133	45	Strong	Strong	False	True	0	0.1536	0.01	0.01	True	True
2204	120	56	Noise	Noise	False	False	0	0	1	1	False	False
2205	107	63	Weak	Strong	False	True	0	0.6765	1	0.01	False	True
2206	119	46	Weak	Strong	False	True	0	0.2719	1	0.01	False	True
2207	148	45	Weak	Strong	False	True	0	0.5399	0.01	0.01	True	True
2208	145	45	Weak	Weak	False	False	0	0	1	0.01	False	True
2209	97	111	Weak	Subclone	False	False	0	0.0229	1	0.01	False	True
2210	117	54	Subclone	Strong	True	True	0.3495	0.2326	0.01	0.01	True	True
2211	123	67	Strong	Strong	False	True	0	0.5699	0.01	0.01	True	True
2212	92	34	Weak	Strong	False	False	0	0	1	0.01	False	True
2213	120	62	Weak	Weak	False	False	0	0	1	1	False	False
2214	83	58	Weak	Weak	False	False	0	0	1	1	False	False
2215	102	67	Weak	Strong	False	True	0	0.9316	1	0.01	False	True
2216	104	57	Weak	Strong	False	False	0	0	1	0.01	False	True
2217	127	69	Weak	Strong	False	True	0	0.2901	1	0.01	False	True
2218	112	64	Weak	Strong	False	False	0	0	1	0.01	False	True
2219	114	65	Weak	Strong	False	True	0	0.1654	1	0.01	False	True
2220	110	42	Weak	Strong	False	False	0	0	0.01	0.01	True	True
2221	125	44	Weak	Strong	False	False	0	0	1	0.01	False	True
2222	107	66	Weak	Weak	False	False	0	0	1	1	False	False
2223	110	43	Weak	Strong	False	True	0	0.7435	1	0.01	False	True
2224	102	51	Weak	Strong	False	False	0	0	1	0.01	False	True
2225	101	68	Weak	Strong	False	False	0	0	1	0.01	False	True
2226	127	74	Weak	Strong	False	False	0	0	1	0.01	False	True
2227	102	62	Weak	Strong	False	True	0	0.4038	1	0.01	False	True
2228	107	62	Weak	Subclone	False	True	0	0.4023	1	0.01	False	True
2229	116	65	Weak	Strong	False	True	0	0.6082	1	0.01	False	True
2230	88	68	Weak	Strong	False	False	0	0	0.01	0.01	True	True
2231	98	47	Weak	Strong	False	True	0	0.8541	1	0.01	False	True
2232	101	38	Weak	Weak	False	False	0	0	1	1	False	False
2233	91	78	Weak	Strong	False	True	0	0.5841	1	0.01	False	True
2234	109	63	Weak	Strong	False	True	0	0.4682	1	0.01	False	True
2235	116	70	Weak	Strong	False	True	0	0.1803	1	0.01	False	True
2236	120	81	Weak	Strong	False	True	0	0.383	1	0.01	False	True
2237	116	66	Weak	Strong	False	True	0	0.4441	1	0.01	False	True
2238	121	56	Weak	Strong	False	True	0	0.634	1	0.01	False	True
2239	114	65	Noise	Strong	False	True	0	0.4336	1	0.01	False	True
2240	97	81	Weak	Strong	False	False	0	0	1	0.01	False	True
2241	107	55	Weak	Strong	False	True	0	0.7185	1	0.01	False	True
2242	120	48	Weak	Strong	False	True	0	0.1567	1	0.01	False	True
2243	137	61	Weak	Strong	False	True	0	0.6274	1	0.01	False	True
2244	106	68	Weak	Strong	False	True	0	0.5886	1	0.01	False	True
2245	122	69	Weak	Strong	False	True	0	0.5063	1	0.01	False	True
2246	117	61	Weak	Weak	False	False	0	0.1474	1	1	False	False
2247	116	63	Weak	Strong	False	True	0	0.9502	1	0.01	False	True
2248	144	67	Weak	Strong	False	True	0	1	1	0.01	False	True
2249	150	79	Weak	Strong	False	True	0	0.278	1	0.01	False	True
2250	119	65	Weak	Strong	False	True	0	0.9246	1	0.01	False	True
2251	138	61	Weak	Strong	False	False	0	0	1	0.01	False	True
2252	117	73	Weak	Weak	False	False	0	0.2263	0.01	0.01	True	True
2253	99	74	Strong	Strong	True	True	0.5669	0.5669	0.01	0.01	True	True
2254	117	68	Weak	Strong	False	True	0	0.5295	1	0.01	False	True
2255	111	140	Noise	Noise	False	False	0	0	1	1	False	False
2256	111	83	Weak	Weak	False	False	0	0	1	1	False	False
2257	108	102	Weak	Weak	False	False	0	0	1	1	False	False
2258	104	122	Weak	Weak	False	False	0	0	1	1	False	False
2259	116	78	Weak	Strong	False	True	0	0.5107	1	0.01	False	True
2260	124	55	Noise	Strong	False	True	0	0.3701	1	0.01	False	True
2261	109	55	Weak	Strong	False	True	0	0.4842	1	0.01	False	True
2262	104	55	Noise	Noise	False	False	0	0	1	1	False	False
2263	114	56	Strong	Strong	True	True	0.3861	0.4957	0.01	0.01	True	True
2264	126	30	Weak	Weak	False	False	0	0	1	1	False	False
2265	97	56	Noise	Subclone	False	False	0	0	1	0.01	False	True
2266	112	62	Weak	Weak	False	False	0	0	1	0.01	False	True
2267	95	57	Weak	Strong	False	True	0	0.5142	1	0.01	False	True
2268	99	48	Weak	Subclone	False	True	0	0.4318	1	0.01	False	True
2269	122	61	Weak	Subclone	False	True	0	0.5197	0.01	0.01	True	True
2270	116	49	Weak	Strong	False	True	0	0.6625	1	0.01	False	True
2271	123	65	Strong	Strong	False	True	0	0.7369	0.01	0.01	True	True
2272	112	65	Noise	Noise	False	False	0	0	1	1	False	False
2273	116	158	Weak	Weak	False	False	0	0	1	1	False	False
2274	129	142	Noise	Noise	False	False	0	0	1	1	False	False
2275	114	83	Noise	Weak	False	False	0	0	1	1	False	False
2276	135	64	Weak	Strong	False	True	0	0.8841	1	0.01	False	True
2277	106	88	Weak	Strong	False	True	0	0.6901	1	0.01	False	True
2278	104	41	Weak	Strong	False	True	0	0.3325	1	0.01	False	True
2279	123	56	Weak	Strong	False	True	0	0.5862	1	0.01	False	True
2280	80	231	Weak	Strong	False	True	0	0.6755	1	0.01	False	True
2281	84	219	Weak	Strong	False	True	0	0.4895	1	0.01	False	True
2282	111	126	Weak	Strong	False	True	0	0.7196	1	0.01	False	True
2283	106	103	Weak	Strong	False	False	0	0.0598	1	0.01	False	True
2284	140	150	Weak	Strong	False	False	0	0	1	0.01	False	True
2285	124	45	Weak	Strong	False	False	0	0	1	0.01	False	True
2286	137	56	Weak	Strong	False	False	0	0	1	0.01	False	True
2287	109	302	Strong	Strong	False	False	0	0	0.01	0.01	True	True
2288	83	44	Weak	Weak	False	False	0	0	1	1	False	False
2289	121	49	Weak	Strong	False	False	0	0	1	0.01	False	True
2290	105	50	Weak	Weak	False	False	0	0	1	1	False	False
2291	100	87	Weak	Weak	False	False	0	0	1	1	False	False
2292	106	70	Weak	Strong	False	False	0	0	1	0.01	False	True
2293	112	47	Weak	Strong	False	True	0	0.6882	1	0.01	False	True
2294	92	61	Weak	Strong	False	False	0	0	1	0.01	False	True
2295	107	61	Strong	Strong	False	False	0	0	0.01	0.01	True	True
2296	123	49	Weak	Strong	False	True	0	0.4614	1	0.01	False	True
2297	132	92	Weak	Weak	False	False	0	0	1	1	False	False
2298	120	130	Weak	Weak	False	False	0	0	1	1	False	False
2299	118	47	Weak	Strong	False	True	0	0.8228	1	0.01	False	True
2300	112	64	Weak	Weak	False	False	0	0	1	1	False	False
2301	112	63	Weak	Weak	False	False	0	0	1	1	False	False
2302	109	63	Weak	Weak	False	False	0	0	1	1	False	False
2303	120	73	Weak	Weak	False	False	0	0	1	1	False	False
2304	135	55	Weak	Strong	False	False	0	0	1	0.01	False	True
2305	111	58	Weak	Strong	False	True	0	0.9333	1	0.01	False	True
2306	107	57	Weak	Weak	False	False	0	0	1	0.01	False	True
2307	75	77	Weak	Weak	False	False	0	0.0603	1	1	False	False
2308	93	48	Weak	Strong	False	False	0	0	1	0.01	False	True
2309	123	56	Weak	Strong	False	True	0	1	1	0.01	False	True
2310	112	88	Weak	Strong	False	False	0	0	1	0.01	False	True
2311	116	97	Weak	Strong	False	False	0	0	1	0.01	False	True
2312	113	76	Weak	Strong	False	True	0	0.5582	1	0.01	False	True
2313	142	66	Weak	Weak	False	False	0	0	1	1	False	False
2314	128	63	Weak	Weak	False	False	0	0	1	1	False	False
2315	105	86	Weak	Strong	False	True	0	0.5886	1	0.01	False	True
2316	115	55	Noise	Weak	False	False	0	0	1	1	False	False
2317	131	77	Weak	Subclone	False	False	0	0	1	0.01	False	True
2318	115	154	Strong	Strong	True	True	0.4749	0.6468	0.01	0.01	True	True
2319	117	165	Weak	Noise	False	False	0	0.2514	1	1	False	False
2320	95	77	Weak	Strong	False	True	0	0.5553	1	0.01	False	True
2321	120	111	Strong	Weak	False	False	0	0.2518	0.01	0.01	True	True
2322	102	97	Strong	Strong	True	True	0.6709	0.6488	0.01	0.01	True	True
2323	128	82	Strong	Strong	False	True	0	0.3629	0.01	0.01	True	True
2324	117	75	Weak	Strong	False	True	0	0.459	1	0.01	False	True
2325	104	79	Weak	Subclone	False	False	0	0.0225	1	0.01	False	True
2326	111	69	Weak	Strong	False	True	0	0.5473	1	0.01	False	True
2327	93	135	Weak	Strong	False	True	0	0.5685	1	0.01	False	True
2328	124	102	Weak	Strong	False	True	0	0.383	1	0.01	False	True
2329	102	112	Weak	Strong	False	True	0	0.4668	1	0.01	False	True
2330	110	132	Weak	Subclone	False	False	0	0	1	0.01	False	True
2331	98	114	Weak	Weak	False	False	0	0	1	1	False	False
2332	143	101	Noise	Weak	False	False	0	0	1	1	False	False
2333	117	124	Weak	Strong	False	True	0	0.6807	1	0.01	False	True
2334	129	90	Weak	Strong	False	True	0	1	1	0.01	False	True
2335	114	103	Weak	Weak	False	False	0	0	1	1	False	False
2336	98	108	Noise	Weak	False	False	0	0	1	1	False	False
2337	110	82	Noise	Subclone	False	True	0	0.4647	1	0.01	False	True
2338	117	137	Weak	Strong	False	True	0	0.5411	1	0.01	False	True
2339	100	77	Weak	Strong	False	False	0	0	1	0.01	False	True
2340	108	99	Weak	Strong	False	True	0	0.519	1	0.01	False	True
2341	116	112	Weak	Strong	False	True	0	0.652	1	0.01	False	True
2342	118	92	Weak	Strong	False	True	0	0.6657	1	0.01	False	True
2343	97	33	Strong	Strong	False	True	0	0.2543	0.01	0.01	True	True
2344	135	48	Weak	Strong	False	True	0	0.6564	1	0.01	False	True
2345	117	29	Weak	Strong	False	True	0	0.5133	1	0.01	False	True
2346	136	43	Weak	Strong	False	True	0	0.558	1	0.01	False	True
2347	121	40	Weak	Strong	False	True	0	0.6433	1	0.01	False	True
2348	118	73	Weak	Strong	False	True	0	0.5073	1	0.01	False	True
2349	115	25	Weak	Strong	False	True	0	0.9151	1	0.01	False	True
2350	110	63	Weak	Strong	False	True	0	0.584	1	0.01	False	True
2351	131	67	Weak	Strong	False	False	0	0	1	0.01	False	True
2352	98	110	Noise	Noise	False	False	0	0	1	1	False	False
2353	100	306	Weak	Subclone	False	False	0	0	1	0.01	False	True
2354	120	92	Weak	Strong	False	False	0	0	1	0.01	False	True
2355	105	87	Weak	Strong	False	True	0	0.6895	1	0.01	False	True
2356	113	112	Weak	Strong	False	True	0	0.5984	1	0.01	False	True
2357	105	147	Noise	Weak	False	False	0	0	1	1	False	False
2358	119	122	Weak	Noise	False	False	0	0	1	1	False	False
2359	102	219	Weak	Strong	False	True	0	0.402	1	0.01	False	True
2360	102	149	Noise	Weak	False	False	0	0	1	1	False	False
2361	126	117	Weak	Strong	False	True	0	0.6004	1	0.01	False	True
2362	114	107	Weak	Strong	False	True	0	0.5935	1	0.01	False	True
2363	103	189	Weak	Strong	False	True	0	0.6325	1	0.01	False	True
2364	129	109	Strong	Strong	False	False	0	0	0.01	0.01	True	True
2365	113	113	Weak	Strong	False	False	0	0	0.01	0.01	True	True
2366	133	143	Weak	Strong	False	False	0	0	1	0.01	False	True
2367	127	320	Noise	Subclone	False	True	0	0.297	1	0.01	False	True
2368	116	136	Weak	Weak	False	False	0	0	1	1	False	False
2369	140	91	Weak	Strong	False	True	0	0.5455	1	0.01	False	True
2370	135	49	Strong	Strong	False	True	0	0.6162	0.01	0.01	True	True
2371	113	77	Weak	Strong	False	True	0	0.5566	1	0.01	False	True
2372	115	79	Subclone	Subclone	True	True	0.4629	0.434	0.01	0.01	True	True
2373	119	97	Weak	Strong	False	True	0	0.5232	1	0.01	False	True
2374	125	61	Weak	Weak	False	False	0	0	1	1	False	False
2375	119	96	Noise	Weak	False	False	0	0	1	1	False	False
2376	130	61	Weak	Weak	False	False	0	0	1	1	False	False
2377	116	65	Weak	Strong	False	False	0	0	1	0.01	False	True
2378	111	79	Weak	Strong	False	False	0	0	1	0.01	False	True
2379	108	177	Strong	Strong	True	True	0.5435	0.6064	0.01	0.01	True	True
2380	124	104	Weak	Strong	False	True	0	0.9197	1	0.01	False	True
2381	95	145	Weak	Strong	False	False	0	0	1	0.01	False	True
2382	110	315	Noise	Weak	False	False	0	0	1	1	False	False
2383	131	121	Noise	Weak	False	False	0	0.1267	1	1	False	False
2384	128	333	Weak	Weak	False	False	0	0	1	1	False	False
2385	118	172	Strong	Strong	False	False	0	0	0.01	0.01	True	True
2386	116	173	Strong	Strong	False	True	0	0.818	0.01	0.01	True	True
2387	130	104	Weak	Strong	False	True	0	0.5876	1	0.01	False	True
2388	93	211	Strong	Strong	False	False	0	0	0.01	0.01	True	True
2389	96	107	Weak	Strong	False	True	0	0.5296	1	0.01	False	True
2390	115	96	Weak	Strong	False	True	0	0.6017	1	0.01	False	True
2391	114	108	Weak	Weak	False	False	0	0.2107	1	1	False	False
2392	116	114	Weak	Strong	False	False	0	0	1	0.01	False	True
2393	116	114	Weak	Strong	False	False	0	0	1	0.01	False	True
2394	103	129	Weak	Strong	False	False	0	0	1	0.01	False	True
2395	132	69	Weak	Strong	False	True	0	0.4929	1	0.01	False	True
2396	129	95	Weak	Strong	False	True	0	0.6549	1	0.01	False	True
2397	118	163	Weak	Strong	False	True	0	0.6236	1	0.01	False	True
2398	99	101	Weak	Strong	False	False	0	0	1	0.01	False	True
2399	105	99	Weak	Strong	False	False	0	0	1	0.01	False	True
2400	134	132	Weak	Weak	False	False	0.0734	0	0.01	1	True	False
2401	110	150	Strong	Strong	True	True	0.151	0.6383	0.01	0.01	True	True
2402	119	289	Weak	Strong	False	False	0	0	1	0.01	False	True
2403	98	83	Noise	Weak	False	False	0	0	1	1	False	False
2404	107	174	Noise	Weak	False	False	0	0	1	1	False	False
2405	122	87	Weak	Strong	False	False	0	0	1	0.01	False	True
2406	124	81	Weak	Strong	False	True	0	0.5049	1	0.01	False	True
2407	144	60	Weak	Weak	False	False	0	0	1	1	False	False
2408	89	92	Weak	Strong	False	True	0	0.6894	1	0.01	False	True
2409	110	90	Weak	Strong	False	False	0	0	1	0.01	False	True
2410	126	188	Weak	Weak	False	False	0	0	1	1	False	False
2411	105	176	Weak	Weak	False	False	0	0	1	1	False	False
2412	123	112	Weak	Strong	False	True	0	0.5617	1	0.01	False	True
2413	125	62	Weak	Strong	False	True	0	1	1	0.01	False	True
2414	93	97	Weak	Strong	False	True	0	0.238	1	0.01	False	True
2415	126	173	Weak	Strong	False	False	0	0	1	0.01	False	True
2416	103	160	Weak	Weak	False	False	0	0	1	1	False	False
2417	103	129	Weak	Strong	False	True	0	0.1062	1	0.01	False	True
2418	110	127	Weak	Strong	False	False	0	0	1	0.01	False	True
2419	102	116	Weak	Weak	False	False	0	0.0339	1	1	False	False
2420	110	56	Weak	Strong	False	True	0	0.4893	1	0.01	False	True
2421	115	66	Weak	Strong	False	True	0	0.1417	1	0.01	False	True
2422	116	69	Weak	Strong	False	True	0	0.2564	1	0.01	False	True
2423	89	159	Weak	Weak	False	False	0	0	1	1	False	False
2424	90	112	Weak	Weak	False	False	0	0	1	1	False	False
2425	118	119	Noise	Noise	False	False	0	0	1	1	False	False
2426	113	168	Weak	Strong	False	False	0	0	1	0.01	False	True
2427	134	300	Weak	Weak	False	False	0	0.2525	1	1	False	False
2428	135	117	Weak	Weak	False	False	0	0	1	1	False	False
2429	118	178	Noise	Noise	False	False	0	0	1	1	False	False
2430	127	180	Noise	Weak	False	False	0	0	1	1	False	False
2431	105	70	Weak	Strong	False	True	0	0.4836	1	0.01	False	True
2432	102	84	Weak	Strong	False	True	0	1	1	0.01	False	True
2433	101	68	Weak	Strong	False	True	0	0.5339	1	0.01	False	True
2434	113	91	Weak	Strong	False	True	0	0.4984	1	0.01	False	True
2435	118	97	Subclone	Subclone	True	False	0.1044	0.0327	0.01	0.01	True	True
2436	119	69	Subclone	Subclone	True	True	0.5808	0.1039	0.01	0.01	True	True
2437	130	48	Weak	Strong	False	True	0	0.6106	1	0.01	False	True
2438	127	100	Weak	Strong	False	True	0	0.6959	1	0.01	False	True
2439	146	93	Weak	Strong	False	True	0	0.7924	1	0.01	False	True
2440	118	120	Weak	Strong	False	True	0	0.5944	1	0.01	False	True
2441	111	117	Weak	Strong	False	True	0	0.5189	1	0.01	False	True
2442	115	84	Weak	Strong	False	True	0	0.5673	1	0.01	False	True
2443	98	128	Weak	Strong	False	False	0	0	1	0.01	False	True
2444	116	84	Weak	Strong	False	True	0	0.5408	1	0.01	False	True
2445	108	76	Weak	Strong	False	True	0	0.8088	1	0.01	False	True
2446	121	74	Weak	Strong	False	True	0	0.5716	1	0.01	False	True
2447	117	125	Weak	Weak	False	False	0	0	0.01	1	True	False
2448	122	120	Weak	Strong	False	False	0	0	1	0.01	False	True
2449	132	68	Weak	Strong	False	True	0	0.5498	1	0.01	False	True
2450	134	70	Weak	Weak	False	False	0	0.2016	1	0.01	False	True
2451	105	128	Weak	Strong	False	True	0	0.4691	1	0.01	False	True
2452	131	73	Weak	Strong	False	True	0	0.6847	1	0.01	False	True
2453	110	75	Weak	Strong	False	True	0	0.2045	1	0.01	False	True
2454	113	96	Weak	Strong	False	False	0	0	1	0.01	False	True
2455	136	89	Weak	Strong	False	True	0	0.9659	1	0.01	False	True
2456	137	88	Weak	Strong	False	True	0	0.5653	0.01	0.01	True	True
2457	124	110	Noise	Weak	False	False	0	0	1	1	False	False
2458	125	110	Noise	Weak	False	False	0	0	1	1	False	False
2459	132	116	Weak	Weak	False	False	0	0	1	1	False	False
2460	110	176	Weak	Subclone	False	True	0	0.6061	1	0.01	False	True
2461	94	183	Weak	Strong	False	False	0	0	1	0.01	False	True
2462	97	183	Weak	Strong	False	False	0	0	1	0.01	False	True
2463	130	79	Weak	Strong	False	False	0	0	1	0.01	False	True
2464	124	69	Weak	Weak	False	False	0	0	1	1	False	False
2465	146	106	Weak	Noise	False	False	0	0	1	1	False	False
2466	117	150	Strong	Strong	True	True	0.1222	0.5641	0.01	0.01	True	True
2467	105	95	Noise	Noise	False	False	0	0	1	1	False	False
2468	112	128	Weak	Weak	False	False	0	0	1	1	False	False
2469	141	151	Weak	Strong	False	True	0	0.3814	1	0.01	False	True
2470	130	96	Noise	Weak	False	False	0	0	1	1	False	False
2471	120	131	Weak	Noise	False	False	0	0	1	1	False	False
2472	152	143	Weak	Noise	False	False	0	0	1	1	False	False
2473	129	199	Noise	Weak	False	False	0	0	1	1	False	False
2474	127	184	Noise	Weak	False	False	0	0	1	1	False	False
2475	131	122	Noise	Noise	False	False	0	0	1	1	False	False
2476	114	117	Noise	Noise	False	False	0	0	1	1	False	False
2477	104	158	Weak	Strong	False	False	0	0	0.01	0.01	True	True
2478	131	195	Weak	Weak	False	False	0	0	1	1	False	False
2479	124	183	Weak	Strong	False	False	0	0	1	0.01	False	True
2480	134	155	Weak	Strong	False	False	0	0	1	0.01	False	True
2481	92	175	Weak	Weak	False	False	0	0	1	1	False	False
2482	139	117	Weak	Strong	False	False	0	0	1	0.01	False	True
2483	97	170	Strong	Weak	False	False	0	0	0.01	1	True	False
2484	113	142	Noise	Weak	False	False	0	0	1	1	False	False
2485	118	109	Weak	Strong	False	False	0	0	1	0.01	False	True
2486	111	90	Strong	Strong	True	True	0.7946	0.5917	0.01	0.01	True	True
2487	109	99	Weak	Strong	False	False	0	0	1	0.01	False	True
2488	105	106	Strong	Strong	True	True	0.6202	0.9775	0.01	0.01	True	True
2489	126	101	Weak	Strong	False	False	0	0	1	0.01	False	True
2490	124	129	Weak	Strong	False	True	0	0.6841	1	0.01	False	True
2491	102	162	Weak	Strong	False	True	0	0.9751	1	0.01	False	True
2492	113	99	Weak	Strong	False	True	0	1	1	0.01	False	True
2493	120	69	Weak	Strong	False	True	0	1	1	0.01	False	True
2494	71	72	Weak	Strong	False	True	0	0.6106	1	0.01	False	True
2495	102	83	Weak	Strong	False	True	0	0.6521	1	0.01	False	True
2496	125	94	Weak	Strong	False	True	0	0.8881	1	0.01	False	True
2497	97	126	Weak	Strong	False	True	0	0.6848	1	0.01	False	True
2498	111	78	Noise	Noise	False	False	0	0	1	1	False	False
2499	105	73	Strong	Strong	False	True	0	0.414	0.01	0.01	True	True
2500	145	73	Weak	Strong	False	True	0	0.6102	1	0.01	False	True
2501	104	36	Weak	Subclone	False	False	0	0	1	0.01	False	True
2502	110	49	Noise	Subclone	False	True	0	0.4299	1	0.01	False	True
2503	111	71	Weak	Strong	False	True	0	0.4248	1	0.01	False	True
2504	120	71	Subclone	Subclone	False	True	0	0.375	0.01	0.01	True	True
2505	112	72	Noise	Subclone	False	True	0	0.5397	1	0.01	False	True
2506	109	91	Weak	Weak	False	False	0.1457	0.2042	1	1	False	False
2507	98	88	Weak	Strong	False	True	0	0.6617	1	0.01	False	True
2508	122	82	Strong	Strong	False	False	0	0	0.01	0.01	True	True
2509	99	71	Weak	Strong	False	True	0	0.3449	1	0.01	False	True
2510	109	82	Weak	Subclone	False	False	0	0	1	0.01	False	True
2511	112	78	Weak	Strong	False	True	0	0.4617	1	0.01	False	True
2512	109	80	Weak	Strong	False	True	0	0.4454	1	0.01	False	True
2513	121	68	Weak	Strong	False	True	0	0.5938	1	0.01	False	True
2514	147	85	Noise	Subclone	False	True	0	0.3261	1	0.01	False	True
2515	114	57	Weak	Strong	False	True	0	0.4869	1	0.01	False	True
2516	126	87	Weak	Strong	False	True	0	0.4414	1	0.01	False	True
2517	117	63	Weak	Strong	False	True	0	0.489	1	0.01	False	True
2518	105	48	Weak	Strong	False	True	0	0.5562	1	0.01	False	True
2519	98	61	Weak	Strong	False	True	0	0.4918	1	0.01	False	True
2520	121	60	Noise	Noise	False	False	0	0.3016	1	1	False	False
2521	120	68	Weak	Strong	False	True	0	0.5042	1	0.01	False	True
2522	96	89	Noise	Noise	False	False	0	0	1	1	False	False
2523	90	104	Strong	Strong	False	True	0	0.602	0.01	0.01	True	True
2524	109	126	Strong	Strong	True	True	0.4629	0.4943	0.01	0.01	True	True
2525	105	126	Strong	Strong	True	True	0.4933	0.5246	0.01	0.01	True	True
2526	107	109	Weak	Subclone	False	True	0	0.1273	1	0.01	False	True
2527	92	84	Strong	Strong	True	True	0.7369	0.7656	0.01	0.01	True	True
2528	125	104	Weak	Strong	False	False	0	0	1	0.01	False	True
2529	111	101	Weak	Strong	False	False	0	0	1	0.01	False	True
2530	124	60	Strong	Strong	False	True	0	1	0.01	0.01	True	True
2531	98	86	Weak	Strong	False	True	0	0.6724	1	0.01	False	True
2532	121	118	Weak	Strong	False	True	0	0.9804	1	0.01	False	True
2533	120	202	Weak	Strong	False	True	0	1	1	0.01	False	True
2534	98	124	Weak	Strong	False	False	0	0	1	0.01	False	True
2535	102	91	Weak	Strong	False	True	0	0.9729	1	0.01	False	True
2536	104	142	Strong	Strong	False	False	0	0	0.01	0.01	True	True
2537	134	82	Weak	Strong	False	True	0	0.8177	1	0.01	False	True
2538	120	86	Strong	Strong	False	False	0	0	0.01	0.01	True	True
2539	115	74	Weak	Strong	False	True	0	0.9742	1	0.01	False	True
2540	101	110	Strong	Strong	False	True	0	1	0.01	0.01	True	True
2541	108	106	Weak	Strong	False	False	0	0	1	0.01	False	True
2542	115	64	Weak	Strong	False	False	0	0	1	0.01	False	True
2543	107	132	Weak	Strong	False	False	0	0	1	0.01	False	True
2544	128	68	Strong	Weak	False	False	0	0	0.01	1	True	False
2545	133	75	Weak	Strong	False	True	0	0.3923	1	0.01	False	True
2546	101	60	Weak	Strong	False	True	0	0.5764	1	0.01	False	True
2547	108	153	Strong	Strong	False	True	0	1	0.01	0.01	True	True
2548	99	109	Strong	Strong	True	False	0.3322	0	0.01	0.01	True	True
2549	127	89	Strong	Strong	False	False	0	0	0.01	0.01	True	True
2550	96	101	Weak	Strong	False	True	0	0.677	1	0.01	False	True
2551	82	101	Noise	Strong	False	False	0	0	1	0.01	False	True
2552	79	74	Weak	Weak	False	True	0	0.2457	1	0.01	False	True
2553	121	103	Weak	Strong	False	False	0	0	1	0.01	False	True
2554	103	79	Weak	Strong	False	False	0	0	0.01	0.01	True	True
2555	102	116	Weak	Strong	False	False	0	0	1	0.01	False	True
2556	109	75	Weak	Strong	False	True	0	1	1	0.01	False	True
2557	102	83	Weak	Strong	False	False	0	0	1	0.01	False	True
2558	101	75	Weak	Strong	False	False	0	0	1	0.01	False	True
2559	94	77	Weak	Strong	False	False	0	0	1	0.01	False	True
2560	102	73	Weak	Strong	False	True	0	0.9638	1	0.01	False	True
2561	111	77	Weak	Strong	False	False	0	0	1	0.01	False	True
2562	118	62	Weak	Strong	False	False	0	0	1	0.01	False	True
2563	92	80	Weak	Strong	False	False	0.176	0	1	0.01	False	True
2564	127	112	Weak	Strong	False	False	0	0	1	0.01	False	True
2565	119	102	Weak	Strong	False	False	0	0	1	0.01	False	True
2566	122	86	Noise	Noise	False	False	0	0	1	1	False	False
2567	123	70	Noise	Subclone	False	False	0	0	1	0.01	False	True
2568	111	73	Strong	Strong	False	False	0	0	0.01	0.01	True	True
2569	110	85	Weak	Weak	False	False	0	0	1	1	False	False
2570	98	69	Weak	Strong	False	True	0	0.7857	1	0.01	False	True
2571	123	62	Weak	Strong	False	True	0	0.5919	1	0.01	False	True
2572	132	93	Weak	Strong	False	True	0	0.5382	1	0.01	False	True
2573	135	113	Weak	Weak	False	False	0	0	1	1	False	False
2574	94	100	Weak	Strong	False	False	0	0	1	0.01	False	True
2575	102	98	Weak	Strong	False	False	0	0	1	0.01	False	True
2576	109	109	Strong	Strong	False	False	0	0	0.01	0.01	True	True
2577	117	76	Weak	Strong	False	True	0	0.9727	1	0.01	False	True
2578	116	76	Weak	Strong	False	True	0	0.9735	1	0.01	False	True
2579	109	121	Weak	Strong	False	False	0	0	1	0.01	False	True
2580	122	179	Weak	Strong	False	True	0	0.4891	1	0.01	False	True
2581	130	200	Weak	Strong	False	False	0	0.0073	1	0.01	False	True
2582	98	98	Noise	Subclone	False	False	0	0	1	0.01	False	True
2583	90	112	Weak	Strong	False	False	0	0	1	0.01	False	True
2584	117	128	Weak	Weak	False	False	0	0	1	1	False	False
2585	128	168	Weak	Noise	False	False	0.2248	0.1514	1	0.01	False	True
2586	131	152	Weak	Subclone	False	True	0	0.3785	1	0.01	False	True
2587	109	128	Weak	Strong	False	True	0	0.5581	1	0.01	False	True
2588	92	187	Strong	Strong	False	True	0	0.3916	0.01	0.01	True	True
2589	114	136	Weak	Strong	False	True	0	0.5731	1	0.01	False	True
2590	115	182	Weak	Strong	False	False	0	0.0981	1	0.01	False	True
2591	98	158	Weak	Strong	False	True	0	0.4535	1	0.01	False	True
2592	111	110	Subclone	Weak	False	False	0	0	0.02	1	True	False
2593	81	82	Weak	Weak	False	False	0	0	1	1	False	False
2594	95	75	Weak	Weak	False	False	0	0	1	1	False	False
2595	114	112	Weak	Strong	False	True	0	0.1653	1	0.01	False	True
2596	99	102	Weak	Weak	False	False	0	0	1	1	False	False
2597	104	104	Weak	Weak	False	False	0	0	1	1	False	False
2598	123	99	Noise	Weak	False	False	0	0	1	1	False	False
2599	95	147	Weak	Strong	False	False	0	0	0.01	0.01	True	True
2600	106	138	Noise	Weak	False	False	0	0	1	1	False	False
2601	112	209	Weak	Weak	False	False	0	0	1	1	False	False
2602	93	142	Weak	Weak	False	False	0	0	1	1	False	False
2603	121	192	Noise	Weak	False	False	0	0	1	1	False	False
2604	138	137	Weak	Weak	False	False	0	0	1	1	False	False
2605	106	143	Weak	Strong	False	False	0	0	1	0.01	False	True
2606	112	177	Weak	Weak	False	False	0	0	1	1	False	False
2607	117	59	Weak	Strong	False	True	0	0.9241	1	0.01	False	True
2608	100	58	Weak	Strong	False	False	0	0	1	0.01	False	True
2609	100	93	Weak	Weak	False	False	0	0	1	1	False	False
2610	113	52	Weak	Strong	False	False	0	0	1	0.01	False	True
2611	120	60	Weak	Strong	False	True	0	0.986	1	0.01	False	True
2612	102	88	Strong	Strong	False	False	0	0	0.01	0.01	True	True
2613	117	115	Weak	Strong	False	True	0	0.9783	1	0.01	False	True
2614	108	41	Weak	Weak	False	False	0	0	1	0.01	False	True
2615	134	101	Weak	Strong	False	False	0	0	1	0.01	False	True
2616	124	60	Weak	Strong	False	True	0	0.3803	1	0.01	False	True
2617	121	78	Weak	Strong	False	True	0	0.5752	1	0.01	False	True
2618	135	99	Weak	Strong	False	True	0	0.8137	1	0.01	False	True
2619	136	139	Noise	Weak	False	False	0	0	1	1	False	False
2620	107	103	Weak	Weak	False	False	0	0	1	1	False	False
2621	101	146	Weak	Strong	False	True	0	1	1	0.01	False	True
2622	87	208	Weak	Weak	False	False	0	0	1	1	False	False
2623	105	66	Weak	Strong	False	False	0	0	1	0.01	False	True
