chrom	pos_a	pos_b	dist	RR	RA	AR	AA	rel	config	hp_a	hp_b	same_hp	coread	vaf_a	vaf_b	cn_a	src_a	src_b
chr1	3507277	3510574	3297	8	2	40	5	independent	independent	2-1	2-1	True	55	0.859	0.133	loh	TP	FP
chr1	4908852	4911698	2846	2	1	3	29	independent	independent	2-1	2-1	True	35	0.922	0.84	loh	TP	TP
chr1	6740860	6754743	13883	12	3	4	1	mutual_excl	independent	1-1	1-1	True	20	0.161	0.164	loh	FP	FP
chr1	8922852	8928922	6070	0	1	2	33	independent	independent	2-1	2-1	True	36	0.929	0.855	loh	TP	TP
chr1	10487078	10503768	16690	0	8	1	10	independent	independent	2-1	2-1	True	19	0.506	0.973	gain	TP	TP
chr1	12061318	12072734	11416	1	1	13	26	independent	independent	1-1	1-1	True	41	0.976	0.689	gain	TP	TP
chr1	14672143	14674397	2254	2	13	1	23	independent	independent	3	3	True	39	0.661	0.917	gain	TP	TP
chr1	16395272	16414399	19127	0	3	2	19	independent	independent	1-1	1-1	True	24	0.888	0.908	gain	TP	TP
chr1	16963385	16972418	9033	0	1	3	31	independent	independent	2-1	2-1	True	35	0.923	0.893	gain	TP	TP
chr1	24200092	24214668	14576	1	2	2	26	independent	independent	2-1	2-1	True	31	0.946	0.957	gain	TP	TP
chr1	28454425	28472115	17690	0	10	1	9	independent	independent	2-1	2-1	True	20	0.56	0.976	gain	TP	TP
chr1	28990337	29014067	23730	3	10	1	1	mutual_excl	independent	2-1	2-1	True	15	0.143	0.67	gain	FP	TP
chr1	29682613	29685670	3057	3	3	2	57	independent	independent	2-1	2-1	True	65	0.908	0.942	gain	TP	TP
chr1	33627506	33627507	1	52	2	3	29	independent	independent	2-1	2-1	True	86	0.372	0.344	gain	TP	TP
chr1	33761985	33770546	8561	0	1	2	33	independent	independent	1-1	1-1	True	36	0.986	0.932	gain	TP	TP
chr1	35339990	35342710	2720	0	1	2	60	independent	independent	2-1	2-1	True	63	0.989	0.975	gain	TP	TP
chr1	35682699	35682942	243	1	55	2	16	independent	independent	3	3	True	74	0.237	0.964	gain	FP	TP
chr1	37254240	37266948	12708	2	1	1	19	independent	independent	1-1	1-1	True	23	0.914	0.905	loh	TP	TP
chr1	39714746	39718326	3580	24	22	1	14	independent	independent	1-1	1-1	True	61	0.301	0.581	loh	TP	TP
chr1	39714747	39718326	3579	23	26	1	13	independent	independent	1-1	1-1	True	63	0.279	0.581	loh	TP	TP
chr1	40930293	40948184	17891	9	1	7	8	independent	independent	1-1	1-1	True	25	0.764	0.324	gain	TP	TP
chr1	40930293	40950325	20032	9	1	1	12	independent	independent	1-1	1-1	True	23	0.764	0.712	gain	TP	TP
chr1	40948184	40950325	2141	22	35	2	27	independent	independent	1-1	1-1	True	86	0.324	0.712	gain	TP	TP
chr1	44106748	44106749	1	20	1	1	50	independent	independent	2-1	2-1	True	72	0.708	0.72	gain	TP	TP
chr1	47559217	47568837	9620	11	1	2	18	independent	independent	2-1	2-1	True	32	0.575	0.532	gain	TP	TP
chr1	48125756	48149137	23381	4	1	1	10	independent	independent	1-1	1-1	True	16	0.71	0.658	gain	TP	TP
chr1	50036328	50038815	2487	3	14	43	1	mutual_excl	independent	2-1	2-1	True	61	0.7	0.307	gain	TP	TP
chr1	50707950	50709523	1573	16	41	2	1	mutual_excl	independent	1-1	1-1	True	60	0.042	0.704	gain	FP	TP
chr1	51675372	51704861	29489	0	3	9	1	mutual_excl	independent	1-1	1-1	True	13	0.714	0.23	gain	TP	TP
chr1	51704861	51705348	487	51	23	24	1	mutual_excl	independent	1-1	1-1	True	99	0.23	0.239	gain	TP	TP
chr1	52045089	52055641	10552	31	1	1	8	independent	independent	3	3	True	41	0.267	0.265	gain	TP	TP
chr1	52894697	52915256	20559	12	1	5	1	mutual_excl	independent	1-1	1-1	True	19	0.463	0.046	loh	TP	FP
chr1	60500983	60504034	3051	14	3	20	5	independent	independent	2-1	2-1	True	42	0.603	0.192	loh	TP	FP
chr1	64969029	64973186	4157	12	5	12	3	independent	independent	2-1	2-1	True	32	0.519	0.275	loh	TP	FP
chr1	66110519	66126394	15875	1	6	10	1	mutual_excl	independent	2-1	2-1	True	18	0.582	0.483	loh	TP	TP
chr1	68682105	68690488	8383	13	10	5	7	independent	independent	1-1	1-1	True	35	0.243	0.426	loh	FP	TP
chr1	68682105	68701931	19826	6	4	3	1	mutual_excl	independent	1-1	1-1	True	14	0.243	0.475	loh	FP	TP
chr1	74632769	74635038	2269	17	1	1	3	independent	independent	1-1	1-1	True	22	0.154	0.148	loss	FP	FP
chr1	75240967	75241725	758	14	1	1	3	independent	independent	1-1	1-1	True	19	0.182	0.182	loss	FP	FP
chr1	75241725	75242844	1119	14	1	2	2	independent	independent	1-1	1-1	True	19	0.182	0.136	loss	FP	FP
chr1	79491582	79491616	34	22	3	1	30	independent	independent	1-1	1-1	True	56	0.534	0.589	loh	TP	TP
chr1	80579515	80582338	2823	1	19	18	2	independent	independent	1-1	1-1	True	40	0.569	0.527	loh	TP	TP
chr1	82007485	82013328	5843	12	5	10	3	independent	independent	1-1	1-1	True	30	0.413	0.196	loh	TP	FP
chr1	82067061	82068938	1877	23	1	2	26	independent	independent	1-1	1-1	True	52	0.562	0.508	loh	TP	TP
chr1	83120513	83123583	3070	12	17	1	3	independent	independent	2-1	2-1	True	33	0.111	0.51	loh	FP	TP
chr1	85003424	85011812	8388	27	1	24	13	independent	independent	2-1	2-1	True	65	0.622	0.244	gain	TP	TP
chr1	86450500	86453474	2974	42	1	11	40	independent	independent	1-1	1-1	True	94	0.529	0.48	gain	TP	TP
chr1	86786785	86808080	21295	10	8	1	3	independent	independent	1-1	1-1	True	22	0.174	0.585	gain	TP	TP
chr1	86808080	86808959	879	32	20	72	1	mutual_excl	independent	1-1	1-1	True	125	0.585	0.182	gain	TP	TP
chr1	87535957	87546409	10452	50	1	1	14	independent	independent	1-1	1-1	True	66	0.177	0.176	gain	TP	FP
chr1	87535957	87549778	13821	40	1	2	10	independent	independent	1-1	1-1	True	53	0.177	0.171	gain	TP	TP
chr1	88417671	88417705	34	63	1	5	63	independent	independent	1-1	1-1	True	132	0.522	0.5	gain	TP	TP
chr1	88417705	88442235	24530	9	2	1	10	independent	independent	1-1	1-1	True	22	0.5	0.569	gain	TP	TP
chr1	88651276	88651278	2	61	2	1	81	independent	independent	2-1	2-1	True	145	0.566	0.574	gain	TP	TP
chr1	88651278	88666013	14735	16	1	19	5	independent	independent	2-1	2-1	True	41	0.574	0.211	gain	TP	TP
chr1	88982180	89002271	20091	18	9	3	1	mutual_excl	independent	2-1	2-1	True	31	0.141	0.264	gain	TP	TP
chr1	90694420	90714575	20155	3	6	8	1	mutual_excl	independent	2-1	2-1	True	18	0.264	0.253	gain	TP	TP
chr1	93535620	93537600	1980	1	65	21	1	mutual_excl	independent	1-1	1-1	True	88	0.263	0.763	gain	TP	TP
chr1	95445580	95447546	1966	22	1	2	66	independent	independent	2-1	2-1	True	91	0.701	0.729	gain	TP	TP
chr1	99735688	99744059	8371	18	1	1	3	independent	independent	3	3	True	23	0.083	0.08	loh	FP	FP
chr1	99753816	99763577	9761	6	11	2	1	mutual_excl	independent	3	3	True	20	0.068	0.479	loh	FP	TP
chr1	100401752	100402243	491	0	37	33	1	mutual_excl	independent	2-1	2-1	True	71	0.479	0.528	loh	TP	TP
chr1	101916322	101919048	2726	21	3	5	16	independent	independent	1-1	1-1	True	45	0.524	0.39	loh	TP	TP
chr1	103347181	103349725	2544	24	3	2	20	independent	independent	1-1	1-1	True	49	0.47	0.508	loh	TP	TP
chr1	105097631	105104270	6639	11	1	1	7	independent	independent	3	3	True	20	0.462	0.375	loh	TP	TP
chr1	110574471	110584633	10162	0	7	10	1	mutual_excl	independent	1-1	1-1	True	18	0.474	0.456	loh	TP	TP
chr1	113849686	113852710	3024	27	1	2	18	independent	independent	1-1	1-1	True	48	0.426	0.417	loh	TP	TP
chr1	114283062	114284133	1071	18	1	3	32	independent	independent	1-1	1-1	True	54	0.639	0.574	loh	TP	TP
chr1	115207861	115208167	306	27	1	1	30	independent	independent	2-1	2-1	True	59	0.484	0.547	loh	TP	TP
chr1	118339545	118351321	11776	23	12	4	1	mutual_excl	independent	2-1	2-1	True	40	0.178	0.25	gain	TP	TP
chr1	118487551	118510067	22516	16	1	3	4	independent	independent	2-1	2-1	True	24	0.374	0.333	gain	TP	TP
chr1	118849386	118851899	2513	35	23	29	2	independent	independent	2-1	2-1	True	89	0.339	0.236	gain	TP	TP
chr1	119365028	119381606	16578	28	1	1	6	independent	independent	1-1	1-1	True	36	0.136	0.229	gain	TP	TP
chr1	119446237	119449889	3652	51	15	14	1	mutual_excl	independent	1-1	1-1	True	81	0.186	0.209	gain	TP	TP
chr1	125005966	125008530	2564	51	20	3	23	independent	independent	1-1	1-1	True	97	0.273	0.409	gain	TP	TP
chr1	143610360	143621384	11024	4	6	2	12	independent	independent	1-1	1-1	True	24	0.429	0.614	gain	TP	TP
chr1	143667883	143667884	1	66	1	2	34	independent	independent	2-1	2-1	True	103	0.35	0.34	gain	TP	TP
chr1	143764090	143764121	31	87	2	2	21	independent	independent	2-1	2-1	True	112	0.202	0.219	gain	FP	FP
chr1	143764121	143765021	900	77	5	1	22	independent	independent	2-1	2-1	True	105	0.219	0.252	gain	FP	FP
chr1	143764121	143765080	959	76	3	1	23	independent	independent	2-1	2-1	True	103	0.219	0.255	gain	FP	FP
chr1	143764121	143765165	1044	75	4	1	22	independent	independent	2-1	2-1	True	102	0.219	0.259	gain	FP	FP
chr1	143764121	143765234	1113	74	3	1	20	independent	independent	2-1	2-1	True	98	0.219	0.262	gain	FP	FP
chr1	143764121	143765291	1170	75	3	1	22	independent	independent	2-1	2-1	True	101	0.219	0.261	gain	FP	FP
chr1	143765021	143765165	144	78	1	2	25	independent	independent	2-1	2-1	True	106	0.252	0.259	gain	FP	FP
chr1	143765021	143765234	213	78	1	1	22	independent	independent	2-1	2-1	True	102	0.252	0.262	gain	FP	FP
chr1	143765021	143768269	3248	64	2	1	15	independent	independent	2-1	2-1	True	82	0.252	0.162	gain	FP	FP
chr1	143765165	143765234	69	77	1	1	24	independent	independent	2-1	2-1	True	103	0.259	0.262	gain	FP	FP
chr1	143765165	143768269	3104	63	2	1	15	independent	independent	2-1	2-1	True	81	0.259	0.162	gain	FP	FP
chr1	143765234	143768269	3035	63	2	1	13	independent	independent	2-1	2-1	True	79	0.262	0.162	gain	FP	FP
chr1	145968169	145973032	4863	31	2	1	9	independent	independent	2-1	2-1	True	43	0.229	0.218	gain	TP	TP
chr1	147353392	147361466	8074	36	2	1	14	independent	independent	1-1	1-1	True	53	0.29	0.299	gain	TP	TP
chr1	147353393	147361466	8073	36	1	1	15	independent	independent	1-1	1-1	True	53	0.303	0.299	gain	TP	TP
chr1	149879584	149881969	2385	21	2	1	29	independent	independent	1-1	1-1	True	53	0.588	0.667	gain	TP	TP
chr1	150286176	150286293	117	52	2	1	31	independent	independent	1-1	1-1	True	86	0.368	0.363	gain	TP	TP
chr1	155868563	155879539	10976	20	2	1	10	independent	independent	2-1	2-1	True	33	0.31	0.345	gain	TP	TP
chr1	157815112	157827956	12844	17	2	1	7	independent	independent	2-1	2-1	True	27	0.309	0.264	gain	TP	TP
chr1	158781997	158792627	10630	12	1	2	25	independent	independent	2-1	2-1	True	40	0.644	0.678	gain	TP	TP
chr1	160072252	160072433	181	28	2	1	52	independent	independent	1-1	1-1	True	83	0.632	0.62	gain	TP	TP
chr1	160876801	160880550	3749	20	21	1	22	independent	independent	2-1	2-1	True	64	0.354	0.667	gain	TP	TP
chr1	173131375	173135641	4266	33	2	1	12	independent	independent	2-1	2-1	True	48	0.303	0.27	gain	TP	TP
chr1	174998987	175009709	10722	21	1	2	13	independent	independent	2-1	2-1	True	37	0.349	0.346	gain	TP	TP
chr1	175490877	175501878	11001	15	1	3	18	independent	independent	1-1	1-1	True	37	0.612	0.576	gain	TP	TP
chr1	175784617	175808537	23920	5	2	1	6	independent	independent	1-1	1-1	True	14	0.453	0.707	gain	TP	TP
chr1	175808537	175809502	965	19	1	34	19	independent	independent	1-1	1-1	True	73	0.707	0.294	gain	TP	TP
chr1	182241036	182243741	2705	43	2	1	9	independent	independent	1-1	1-1	True	55	0.213	0.277	gain	TP	TP
chr1	187786477	187792474	5997	14	1	17	10	independent	independent	2-1	2-1	True	42	0.594	0.282	gain	TP	TP
chr1	188070117	188070656	539	55	2	1	31	independent	independent	1-1	1-1	True	89	0.32	0.347	gain	TP	TP
chr1	190175922	190175947	25	69	3	1	22	independent	independent	3	3	True	95	0.24	0.258	gain	TP	TP
chr1	190618204	190639191	20987	4	2	1	13	independent	independent	2-1	2-1	True	20	0.625	0.651	gain	TP	TP
chr1	192678769	192692479	13710	18	10	3	1	mutual_excl	independent	1-1	1-1	True	32	0.065	0.346	gain	FP	TP
chr1	196036571	196048481	11910	20	1	2	14	independent	independent	2-1	2-1	True	37	0.375	0.384	gain	TP	TP
chr1	197485317	197493388	8071	24	1	1	17	independent	independent	2-1	2-1	True	43	0.329	0.361	gain	TP	TP
chr1	197927044	197937414	10370	26	3	1	12	independent	independent	1-1	1-1	True	42	0.326	0.341	gain	TP	TP
chr1	198798399	198809989	11590	14	4	4	4	independent	independent	1-1	1-1	True	26	0.289	0.186	gain	TP	FP
chr1	203682171	203696176	14005	7	1	22	15	independent	independent	2-1	2-1	True	45	0.769	0.395	gain	TP	TP
chr1	205193201	205193595	394	44	1	1	20	independent	independent	1-1	1-1	True	66	0.329	0.319	gain	TP	TP
chr1	210398856	210405828	6972	14	2	13	11	independent	independent	2-1	2-1	True	40	0.635	0.324	gain	TP	TP
chr1	215366226	215366729	503	34	1	32	30	independent	independent	1-1	1-1	True	97	0.65	0.327	gain	TP	TP
chr1	216709633	216714031	4398	12	1	11	17	independent	independent	2-1	2-1	True	41	0.695	0.421	gain	TP	TP
chr1	220686904	220690313	3409	17	1	5	11	independent	independent	1-1	1-1	True	34	0.49	0.354	gain	TP	TP
chr1	221986106	222003446	17340	5	1	2	11	independent	independent	2-1	2-1	True	19	0.548	0.627	gain	TP	TP
chr1	222003446	222003448	2	22	2	2	40	independent	independent	2-1	2-1	True	66	0.627	0.642	gain	TP	TP
chr1	224674199	224679339	5140	10	5	4	15	independent	independent	1-1	1-1	True	34	0.436	0.559	gain	TP	TP
chr1	225202464	225224694	22230	8	2	1	4	independent	independent	1-1	1-1	True	15	0.397	0.536	gain	TP	TP
chr1	231528839	231531884	3045	24	2	19	7	independent	independent	1-1	1-1	True	52	0.486	0.203	gain	TP	TP
chr1	234603283	234603287	4	23	1	1	49	independent	independent	2-1	2-1	True	74	0.676	0.63	gain	TP	TP
chr1	235078345	235078517	172	71	3	1	9	independent	independent	2-1	2-1	True	84	0.116	0.143	gain	FP	FP
chr1	242224497	242236498	12001	8	2	1	6	independent	independent	2-1	2-1	True	17	0.309	0.408	gain	TP	TP
chr1	242670737	242673209	2472	35	1	1	23	independent	independent	1-1	1-1	True	60	0.437	0.447	gain	TP	TP
chr1	247937067	247942694	5627	23	16	1	3	independent	independent	3	3	True	43	0.123	0.507	gain	FP	TP
chr6	61377873	61389423	11550	24	1	1	18	independent	independent	1-1	1-1	True	44	0.393	0.459	gain	TP	TP
chr6	62384148	62393084	8936	23	2	14	5	independent	independent	2-1	2-1	True	44	0.473	0.172	gain	TP	TP
chr6	66991428	66991619	191	33	1	3	26	independent	independent	1-1	1-1	True	63	0.462	0.431	neutral	TP	TP
chr6	69242779	69246679	3900	13	1	2	13	independent	independent	2-1	2-1	True	29	0.525	0.542	neutral	TP	TP
chr6	71300453	71305088	4635	56	1	1	13	independent	independent	3	3	True	71	0.255	0.191	gain	TP	TP
chr6	72311783	72328299	16516	46	1	2	8	independent	independent	2-1	2-1	True	57	0.135	0.127	gain	TP	TP
chr6	73676498	73676628	130	49	1	1	22	independent	independent	2-1	2-1	True	73	0.333	0.311	gain	TP	TP
chr6	76021888	76055534	33646	2	1	2	1	mutual_excl	independent	1-1	1-1	True	6	0.415	0.362	gain	TP	TP
chr6	81841205	81841940	735	24	13	25	1	mutual_excl	independent	2-1	2-1	True	63	0.371	0.232	gain	TP	TP
chr6	81891861	81904866	13005	7	9	1	14	independent	independent	2-1	2-1	True	31	0.405	0.733	gain	TP	TP
chr6	84731147	84742408	11261	0	1	1	6	independent	independent	1-1	1-1	True	8	0.852	0.905	loss	TP	TP
chr6	87018071	87026788	8717	0	2	9	1	mutual_excl	independent	2-1	2-1	True	12	0.913	0.167	loss	TP	FP
chr6	87702050	87702253	203	15	4	4	1	mutual_excl	independent	1-1	1-1	True	24	0.208	0.208	loss	FP	FP
chr6	87702172	87702253	81	14	4	4	1	mutual_excl	independent	1-1	1-1	True	23	0.217	0.208	loss	FP	FP
chr6	87702253	87704863	2610	11	4	1	1	mutual_excl	independent	1-1	1-1	True	17	0.208	0.227	loss	FP	FP
chr6	87702253	87704981	2728	11	4	1	1	mutual_excl	independent	1-1	1-1	True	17	0.208	0.217	loss	FP	FP
chr6	88862216	88862557	341	62	6	1	36	independent	independent	1-1	1-1	True	105	0.343	0.378	loh	TP	TP
chr6	88862217	88862557	340	62	1	1	40	independent	independent	1-1	1-1	True	104	0.38	0.378	loh	TP	TP
chr6	89339042	89340766	1724	38	15	15	3	independent	independent	1-1	1-1	True	71	0.253	0.259	loh	TP	FP
chr6	89879783	89900785	21002	9	1	3	1	mutual_excl	independent	1-1	1-1	True	14	0.191	0.11	loh	TP	FP
chr6	90251380	90258306	6926	1	1	8	1	mutual_excl	independent	1-1	1-1	True	11	0.8	0.176	loss	TP	FP
chr6	93070553	93070787	234	22	2	1	4	independent	independent	2-1	2-1	True	29	0.172	0.188	loss	FP	FP
chr6	93070553	93071147	594	22	1	1	4	independent	independent	2-1	2-1	True	28	0.172	0.167	loss	FP	FP
chr6	93070553	93075267	4714	13	3	1	4	independent	independent	2-1	2-1	True	21	0.172	0.308	loss	FP	FP
chr6	93070787	93071147	360	23	1	2	4	independent	independent	2-1	2-1	True	30	0.188	0.167	loss	FP	FP
chr6	93070787	93075267	4480	14	3	2	4	independent	independent	2-1	2-1	True	23	0.188	0.308	loss	FP	FP
chr6	93071147	93075267	4120	15	3	1	4	independent	independent	2-1	2-1	True	23	0.167	0.308	loss	FP	FP
chr6	93494787	93497255	2468	14	1	1	2	independent	independent	2-1	2-1	True	18	0.13	0.154	loss	FP	FP
chr6	93494787	93502048	7261	8	1	1	2	independent	independent	2-1	2-1	True	12	0.13	0.143	loss	FP	FP
chr6	93824838	93827426	2588	22	1	1	4	independent	independent	2-1	2-1	True	28	0.179	0.139	loss	FP	FP
chr6	93824838	93828504	3666	19	1	1	4	independent	independent	2-1	2-1	True	25	0.179	0.147	loss	FP	FP
chr6	93827426	93828246	820	25	1	1	4	independent	independent	2-1	2-1	True	31	0.139	0.147	loss	FP	FP
chr6	93827426	93828504	1078	25	1	1	4	independent	independent	2-1	2-1	True	31	0.139	0.147	loss	FP	FP
chr6	93828246	93828504	258	28	1	1	4	independent	independent	2-1	2-1	True	34	0.147	0.147	loss	FP	FP
chr6	99705323	99718527	13204	1	11	1	5	independent	independent	2-1	2-1	True	18	0.236	0.727	loh	TP	TP
chr6	100239993	100265948	25955	2	1	8	3	independent	independent	2-1	2-1	True	14	0.938	0.222	loh	TP	FP
chr6	101349259	101356807	7548	3	1	2	12	independent	independent	2-1	2-1	True	18	0.818	0.829	loh	TP	TP
chr6	106033924	106036308	2384	50	6	5	2	independent	independent	2-1	2-1	True	63	0.095	0.115	loh	TP	FP
chr6	110389456	110390226	770	0	2	58	18	independent	independent	2-1	2-1	True	78	0.977	0.265	loh	TP	TP
chr6	110389456	110391015	1559	0	1	45	18	independent	independent	2-1	2-1	True	64	0.977	0.306	loh	TP	TP
chr6	113792988	113793436	448	1	6	1	64	independent	independent	2-1	2-1	True	72	0.873	0.965	loh	TP	TP
chr6	116012421	116012514	93	5	38	74	1	mutual_excl	independent	2-1	2-1	True	118	0.645	0.32	gain	TP	TP
chr6	116526945	116550023	23078	14	3	6	4	independent	independent	2-1	2-1	True	27	0.351	0.185	gain	TP	FP
chr6	116963932	116968696	4764	34	10	21	1	mutual_excl	independent	2-1	2-1	True	66	0.32	0.246	gain	TP	TP
chr6	117277153	117281232	4079	33	25	23	1	mutual_excl	independent	2-1	2-1	True	82	0.304	0.339	gain	TP	TP
chr6	119231262	119231263	1	68	4	1	35	independent	independent	1-1	1-1	True	108	0.319	0.355	gain	TP	TP
chr6	119262019	119284088	22069	7	1	3	10	independent	independent	1-1	1-1	True	21	0.667	0.624	gain	TP	TP
chr6	119551983	119551984	1	93	1	2	23	independent	independent	1-1	1-1	True	119	0.192	0.197	gain	TP	TP
chr6	120567697	120570806	3109	15	1	44	24	independent	independent	1-1	1-1	True	84	0.793	0.274	gain	TP	TP
chr6	120754768	120757407	2639	46	1	1	15	independent	independent	1-1	1-1	True	63	0.202	0.23	gain	TP	TP
chr6	120754768	120759321	4553	47	1	1	11	independent	independent	1-1	1-1	True	60	0.202	0.182	gain	TP	TP
chr6	120757407	120759321	1914	55	1	1	14	independent	independent	1-1	1-1	True	71	0.23	0.182	gain	TP	TP
chr6	121445476	121450030	4554	10	38	7	1	mutual_excl	independent	1-1	1-1	True	56	0.178	0.705	gain	FP	TP
chr6	121890454	121902124	11670	12	7	4	4	independent	independent	1-1	1-1	True	27	0.215	0.303	gain	TP	FP
chr6	121902124	121910864	8740	12	8	7	2	independent	independent	1-1	1-1	True	29	0.303	0.25	gain	FP	TP
chr6	122219621	122220152	531	65	19	1	13	independent	independent	1-1	1-1	True	98	0.131	0.34	gain	TP	TP
chr6	123424852	123429376	4524	0	1	38	23	independent	independent	1-1	1-1	True	62	0.966	0.43	gain	TP	TP
chr6	133307510	133310584	3074	37	1	1	18	independent	independent	2-1	2-1	True	57	0.347	0.36	gain	TP	TP
chr6	136000853	136029364	28511	0	10	1	1	mutual_excl	independent	2-1	2-1	True	12	0.253	0.935	gain	TP	TP
chr6	136315696	136329982	14286	1	10	1	10	independent	independent	1-1	1-1	True	22	0.377	0.932	gain	TP	TP
chr6	136915911	136922944	7033	6	25	1	10	independent	independent	2-1	2-1	True	42	0.268	0.805	gain	TP	TP
chr6	137533015	137544501	11486	1	28	2	13	independent	independent	2-1	2-1	True	44	0.305	0.966	gain	TP	TP
chr6	137544501	137546762	2261	0	3	2	68	independent	independent	2-1	2-1	True	73	0.966	0.957	gain	TP	TP
chr6	137884052	137893623	9571	0	26	1	9	independent	independent	2-1	2-1	True	36	0.32	0.978	gain	TP	TP
chr6	138365289	138365316	27	1	3	2	74	independent	independent	2-1	2-1	True	80	0.935	0.966	gain	TP	TP
chr6	138702515	138708926	6411	4	27	1	14	independent	independent	1-1	1-1	True	46	0.352	0.886	gain	TP	TP
chr6	138764439	138766279	1840	32	16	7	2	independent	independent	1-1	1-1	True	57	0.151	0.311	gain	FP	TP
chr6	142756813	142760564	3751	4	1	31	14	independent	independent	1-1	1-1	True	50	0.887	0.284	gain	TP	TP
chr6	146189477	146198954	9477	1	20	1	15	independent	independent	2-1	2-1	True	37	0.427	0.944	gain	TP	TP
chr6	146561808	146568404	6596	26	2	2	1	mutual_excl	independent	3	3	True	31	0.111	0.136	gain	TP	FP
chr6	152325134	152326289	1155	4	43	2	22	independent	independent	1-1	1-1	True	71	0.298	0.929	gain	TP	TP
chr6	154020980	154044008	23028	3	6	1	3	independent	independent	2-1	2-1	True	13	0.362	0.712	gain	TP	TP
chr6	157246432	157254804	8372	1	17	1	12	independent	independent	2-1	2-1	True	31	0.28	0.938	gain	TP	TP
chr6	157342762	157344058	1296	5	4	32	12	independent	independent	2-1	2-1	True	53	0.794	0.303	gain	TP	TP
chr6	158077821	158087216	9395	1	1	18	13	independent	independent	2-1	2-1	True	33	0.931	0.361	gain	TP	TP
chr6	159063927	159071007	7080	0	4	5	32	independent	independent	1-1	1-1	True	41	0.943	0.907	gain	TP	TP
chr6	162504266	162508092	3826	24	3	2	5	independent	independent	2-1	2-1	True	34	0.176	0.167	loh	FP	FP
chr6	168356695	168356696	1	29	1	3	29	independent	independent	1-1	1-1	True	62	0.516	0.484	gain	FP	FP
chr6	170552947	170557317	4370	27	5	1	17	independent	independent	1-1	1-1	True	50	0.408	0.506	gain	TP	TP
chr11	5157112	5160791	3679	1	1	1	40	independent	independent	1-1	1-1	True	43	0.954	0.966	loh	TP	TP
chr11	6401237	6410864	9627	0	1	1	20	independent	independent	2-1	2-1	True	22	0.954	0.957	loh	TP	TP
chr11	6410518	6410864	346	0	1	2	41	independent	independent	2-1	2-1	True	44	0.979	0.957	loh	TP	TP
chr11	6426693	6426799	106	2	1	3	38	independent	independent	2-1	2-1	True	44	0.94	0.886	loh	TP	TP
chr11	6426693	6426906	213	2	1	1	42	independent	independent	2-1	2-1	True	46	0.94	0.935	loh	TP	TP
chr11	6426799	6426906	107	2	3	1	35	independent	independent	2-1	2-1	True	41	0.886	0.935	loh	TP	TP
chr11	6452954	6453269	315	2	1	2	53	independent	independent	2-1	2-1	True	58	0.951	0.934	loh	TP	TP
chr11	6452954	6454137	1183	2	1	1	47	independent	independent	2-1	2-1	True	51	0.951	0.952	loh	TP	TP
chr11	6453269	6454137	868	2	2	1	47	independent	independent	2-1	2-1	True	52	0.934	0.952	loh	TP	TP
chr11	10704561	10705526	965	29	25	2	3	independent	independent	1-1	1-1	True	59	0.085	0.462	loh	FP	TP
chr11	12321671	12330898	9227	14	4	11	4	independent	independent	2-1	2-1	True	33	0.446	0.233	loh	TP	FP
chr11	20965783	20971312	5529	3	1	15	13	independent	independent	1-1	1-1	True	32	0.909	0.483	loh	TP	TP
chr11	22267628	22268147	519	21	22	4	5	independent	independent	1-1	1-1	True	52	0.175	0.509	loh	FP	TP
chr11	23528181	23529398	1217	0	1	2	46	independent	independent	2-1	2-1	True	49	0.982	0.962	loh	TP	TP
chr11	24185528	24185950	422	0	4	1	54	independent	independent	1-1	1-1	True	59	0.933	0.984	loh	TP	TP
chr11	24731614	24740365	8751	0	1	14	17	independent	independent	2-1	2-1	True	32	0.956	0.551	loh	TP	TP
chr11	39940756	39953789	13033	3	4	6	6	independent	independent	1-1	1-1	True	19	0.644	0.407	loh	FP	TP
chr11	39981756	39983936	2180	1	2	28	12	independent	independent	1-1	1-1	True	43	0.945	0.315	loh	TP	TP
chr11	56597021	56597050	29	88	5	2	12	independent	independent	1-1	1-1	True	107	0.139	0.157	gain	FP	FP
chr11	59127251	59129668	2417	65	6	16	20	independent	independent	2-1	2-1	True	107	0.345	0.218	gain	TP	TP
chr11	59364559	59367127	2568	51	44	1	16	independent	independent	1-1	1-1	True	112	0.145	0.535	gain	TP	TP
chr11	62043945	62043946	1	122	1	3	30	independent	independent	2-1	2-1	True	156	0.212	0.203	gain	TP	TP
chr11	64556481	64557316	835	45	2	1	49	independent	independent	2-1	2-1	True	97	0.505	0.538	gain	TP	TP
chr11	64774080	64774081	1	101	1	2	24	independent	independent	1-1	1-1	True	128	0.2	0.192	gain	FP	FP
chr11	66394875	66397980	3105	40	2	48	20	independent	independent	2-1	2-1	True	110	0.627	0.189	gain	TP	TP
chr11	66408490	66417115	8625	46	2	2	34	independent	independent	1-1	1-1	True	84	0.406	0.493	gain	TP	TP
chr11	68036604	68044644	8040	39	1	1	24	independent	independent	2-1	2-1	True	65	0.388	0.352	gain	TP	TP
chr11	69463663	69469660	5997	49	3	2	45	independent	independent	1-1	1-1	True	99	0.497	0.447	gain	TP	TP
chr11	70661782	70665752	3970	2	2	25	7	independent	independent	2-1	2-1	True	36	0.877	0.315	neutral	TP	TP
chr11	70879255	70885792	6537	13	1	14	1	mutual_excl	independent	2-1	2-1	True	29	0.5	0.069	loh	TP	FP
chr11	70885792	70888432	2640	38	1	1	2	independent	independent	2-1	2-1	True	42	0.069	0.055	loh	FP	FP
chr11	73059961	73070875	10914	1	1	1	24	independent	independent	2-1	2-1	True	27	0.909	0.96	loh	TP	TP
chr11	87189386	87192396	3010	0	16	2	14	independent	independent	1-1	1-1	True	32	0.434	0.885	loh	TP	TP
chr11	87192396	87204396	12000	2	1	15	3	independent	independent	1-1	1-1	True	21	0.885	0.17	loh	TP	TP
chr11	95734463	95742420	7957	1	13	1	13	independent	independent	2-1	2-1	True	28	0.525	0.943	loh	TP	TP
chr11	95734463	95755642	21179	5	1	6	1	mutual_excl	independent	2-1	2-1	True	13	0.525	0.09	loh	TP	FP
chr11	95742420	95755642	13222	0	1	23	1	mutual_excl	independent	2-1	2-1	True	25	0.943	0.09	loh	TP	FP
chr11	99402269	99418783	16514	10	3	5	2	independent	independent	1-1	1-1	True	20	0.328	0.216	loh	TP	FP
chr11	100629556	100647057	17501	0	7	1	5	independent	independent	1-1	1-1	True	13	0.512	0.962	loh	TP	TP
chr11	103898723	103906824	8101	13	1	8	5	independent	independent	1-1	1-1	True	27	0.411	0.226	loh	TP	TP
chr11	107647093	107666727	19634	9	1	6	4	independent	independent	2-1	2-1	True	20	0.5	0.431	loh	TP	TP
chr11	109325771	109329860	4089	0	9	1	13	independent	independent	2-1	2-1	True	23	0.65	0.95	loh	TP	TP
chr11	109329860	109334479	4619	0	1	3	25	independent	independent	2-1	2-1	True	29	0.95	0.923	loh	TP	TP
chr11	113916298	113919377	3079	0	2	39	2	independent	independent	2-1	2-1	True	43	0.967	0.078	loh	TP	FP
chr11	114616022	114616901	879	0	1	2	41	independent	independent	2-1	2-1	True	44	0.982	0.964	loh	TP	TP
chr11	114748385	114757442	9057	2	19	1	5	independent	independent	2-1	2-1	True	27	0.41	0.923	loh	TP	TP
chr11	114792721	114793577	856	0	3	35	4	independent	independent	2-1	2-1	True	42	0.93	0.16	loh	TP	FP
chr11	116291457	116316400	24943	0	1	1	4	independent	independent	2-1	2-1	True	6	0.8	0.903	loh	TP	TP
chr11	116291458	116316400	24942	0	1	1	4	independent	independent	2-1	2-1	True	6	0.804	0.903	loh	TP	TP
chr11	116445612	116453360	7748	0	1	1	30	independent	independent	2-1	2-1	True	32	0.966	0.98	loh	TP	TP
chr11	118074388	118080950	6562	3	17	10	1	mutual_excl	independent	1-1	1-1	True	31	0.379	0.554	loh	TP	TP
chr11	119364308	119368727	4419	0	1	5	39	independent	independent	1-1	1-1	True	45	0.957	0.914	loh	TP	TP
chr11	124512311	124519047	6736	2	19	1	21	independent	independent	2-1	2-1	True	43	0.5	0.95	loh	TP	TP
chr11	124700353	124710016	9663	0	1	11	17	independent	independent	2-1	2-1	True	29	0.902	0.636	loh	TP	TP
chr11	128062709	128071917	9208	10	1	4	7	independent	independent	2-1	2-1	True	22	0.415	0.333	loh	TP	TP
chr11	128968555	128973678	5123	0	6	3	7	independent	independent	1-1	1-1	True	16	0.46	0.852	loh	TP	FP
chr16	5164576	5164807	231	25	3	3	38	independent	independent	2-1	2-1	True	69	0.588	0.603	gain	TP	TP
chr16	5935056	5941416	6360	17	1	16	12	independent	independent	2-1	2-1	True	46	0.677	0.3	gain	TP	TP
chr16	7772553	7784705	12152	9	13	1	3	independent	independent	2-1	2-1	True	26	0.105	0.675	gain	FP	TP
chr16	8591896	8605399	13503	16	2	2	14	independent	independent	2-1	2-1	True	34	0.594	0.624	gain	TP	TP
chr16	8591896	8607527	15631	10	2	10	5	independent	independent	2-1	2-1	True	27	0.594	0.385	gain	TP	TP
chr16	8605399	8607527	2128	23	3	24	27	independent	independent	2-1	2-1	True	77	0.624	0.385	gain	TP	TP
chr16	10080744	10086096	5352	57	1	1	35	independent	independent	2-1	2-1	True	94	0.413	0.375	gain	TP	TP
chr16	10443533	10443534	1	102	1	1	23	independent	independent	2-1	2-1	True	127	0.189	0.188	gain	TP	TP
chr16	11058124	11058125	1	76	1	1	52	independent	independent	2-1	2-1	True	130	0.414	0.402	gain	TP	TP
chr16	11058124	11059959	1835	61	2	1	44	independent	independent	2-1	2-1	True	108	0.414	0.45	gain	TP	TP
chr16	11058125	11059959	1834	61	4	1	43	independent	independent	2-1	2-1	True	109	0.402	0.45	gain	TP	TP
chr16	12741813	12752539	10726	51	6	10	1	mutual_excl	independent	1-1	1-1	True	68	0.212	0.173	gain	TP	TP
chr16	12964589	12967329	2740	72	1	1	46	independent	independent	1-1	1-1	True	120	0.4	0.348	gain	TP	TP
chr16	13592095	13606943	14848	9	1	11	13	independent	independent	1-1	1-1	True	34	0.688	0.463	gain	TP	TP
chr16	20098188	20131980	33792	6	1	1	2	independent	independent	2-1	2-1	True	10	0.348	0.68	gain	TP	TP
chr16	20115150	20131980	16830	16	8	1	12	independent	independent	2-1	2-1	True	37	0.373	0.68	gain	TP	TP
chr16	20119910	20135365	15455	26	1	9	10	independent	independent	1-1	1-1	True	46	0.339	0.139	gain	TP	TP
chr16	21171381	21176106	4725	79	2	9	18	independent	independent	2-1	2-1	True	108	0.278	0.187	gain	TP	TP
chr16	21171381	21192715	21334	22	1	3	3	independent	independent	2-1	2-1	True	29	0.278	0.126	gain	TP	TP
chr16	21192715	21217539	24824	10	5	1	1	mutual_excl	independent	2-1	2-1	True	17	0.126	0.374	gain	TP	TP
chr16	21278464	21279158	694	40	1	50	42	independent	independent	2-1	2-1	True	133	0.676	0.32	gain	TP	TP
chr16	22290548	22305469	14921	36	1	4	6	independent	independent	1-1	1-1	True	47	0.297	0.172	gain	TP	TP
chr16	22982233	22993789	11556	10	1	12	7	independent	independent	1-1	1-1	True	30	0.588	0.217	gain	TP	TP
chr16	24271040	24289249	18209	15	4	1	4	independent	independent	1-1	1-1	True	24	0.181	0.429	gain	TP	TP
chr16	25411957	25420826	8869	29	5	1	6	independent	independent	2-1	2-1	True	41	0.138	0.394	gain	TP	TP
chr16	26673509	26674127	618	47	1	24	13	independent	independent	1-1	1-1	True	85	0.462	0.177	gain	TP	TP
chr16	28813143	28822648	9505	21	12	1	14	independent	independent	3	3	True	48	0.298	0.559	gain	TP	TP
chr16	31267416	31280880	13464	19	1	3	13	independent	independent	1-1	1-1	True	36	0.486	0.4	gain	TP	TP
chr16	34639641	34640158	517	29	1	1	36	independent	independent	3	3	True	67	0.562	0.573	gain	TP	TP
chr16	34647927	34658822	10895	14	1	5	16	independent	independent	1-1	1-1	True	36	0.614	0.411	gain	TP	TP
chr16	34647927	34660286	12359	13	1	2	16	independent	independent	1-1	1-1	True	32	0.614	0.547	gain	TP	TP
chr16	34647927	34663296	15369	9	1	2	13	independent	independent	1-1	1-1	True	25	0.614	0.576	gain	TP	TP
chr16	34657457	34658822	1365	33	1	17	36	independent	independent	1-1	1-1	True	87	0.624	0.411	gain	TP	TP
chr16	34658822	34660286	1464	35	12	3	30	independent	independent	1-1	1-1	True	80	0.411	0.547	gain	TP	TP
chr16	34660286	34663296	3010	29	4	1	41	independent	independent	1-1	1-1	True	75	0.547	0.576	gain	TP	TP
chr16	34727447	34740276	12829	3	20	13	1	mutual_excl	independent	2-1	2-1	True	37	0.307	0.58	gain	TP	TP
chr16	34740276	34742998	2722	34	1	24	26	independent	independent	2-1	2-1	True	85	0.58	0.305	gain	TP	TP
chr16	34742997	34742998	1	78	2	3	32	independent	independent	2-1	2-1	True	115	0.304	0.305	gain	TP	TP
chr16	34921520	34922442	922	32	2	3	51	independent	independent	3	3	True	88	0.588	0.594	gain	TP	TP
chr16	34921520	34922683	1163	32	2	4	48	independent	independent	3	3	True	86	0.588	0.58	gain	TP	TP
chr16	34922442	34922683	241	38	2	3	53	independent	independent	3	3	True	96	0.594	0.58	gain	TP	TP
chr16	35124102	35127773	3671	21	2	3	42	independent	independent	1-1	1-1	True	68	0.656	0.614	gain	TP	TP
chr16	35124102	35127847	3745	22	2	3	44	independent	independent	1-1	1-1	True	71	0.656	0.63	gain	TP	TP
chr16	35127773	35127847	74	31	2	2	51	independent	independent	1-1	1-1	True	86	0.614	0.63	gain	TP	TP
chr16	35127773	35131421	3648	19	2	10	28	independent	independent	1-1	1-1	True	59	0.614	0.471	gain	TP	TP
chr16	35206643	35207368	725	26	2	1	43	independent	independent	3	3	True	72	0.615	0.63	gain	TP	TP
chr16	35224649	35231881	7232	12	2	1	28	independent	independent	1-1	1-1	True	43	0.667	0.504	gain	TP	TP
chr16	35246281	35259019	12738	14	2	1	24	independent	independent	1-1	1-1	True	41	0.458	0.511	gain	TP	TP
chr16	35456683	35469832	13149	13	18	13	1	mutual_excl	independent	2-1	2-1	True	45	0.164	0.472	gain	TP	TP
chr16	35598605	35608439	9834	16	2	2	25	independent	independent	3	3	True	45	0.627	0.588	gain	TP	TP
chr16	35599216	35608439	9223	17	1	3	27	independent	independent	3	3	True	48	0.635	0.588	gain	TP	TP
chr16	35608439	35620318	11879	10	3	2	16	independent	independent	3	3	True	31	0.588	0.595	gain	TP	TP
chr16	35888010	35892529	4519	16	15	1	22	independent	independent	3	3	True	54	0.368	0.671	gain	TP	TP
chr16	35936060	35937750	1690	25	1	1	43	independent	independent	3	3	True	70	0.622	0.556	gain	TP	TP
chr16	36013718	36015714	1996	68	3	5	46	independent	independent	1-1	1-1	True	122	0.388	0.343	gain	TP	TP
chr16	36128444	36130030	1586	36	1	2	60	independent	independent	2-1	2-1	True	99	0.661	0.64	gain	TP	TP
chr16	36128444	36141930	13486	9	1	2	17	independent	independent	2-1	2-1	True	29	0.661	0.577	gain	TP	TP
chr16	36141930	36143171	1241	31	5	1	45	independent	independent	2-1	2-1	True	82	0.577	0.634	gain	TP	TP
chr16	36141930	36153929	11999	12	1	10	9	independent	independent	2-1	2-1	True	32	0.577	0.3	gain	TP	TP
chr16	36153929	36155665	1736	24	23	1	21	independent	independent	2-1	2-1	True	69	0.3	0.637	gain	TP	TP
chr16	36155665	36155666	1	28	1	1	50	independent	independent	2-1	2-1	True	80	0.637	0.642	gain	TP	TP
chr16	36155665	36159401	3736	24	1	1	37	independent	independent	2-1	2-1	True	63	0.637	0.602	gain	TP	TP
chr16	36155665	36162951	7286	16	2	1	24	independent	independent	2-1	2-1	True	43	0.637	0.584	gain	TP	TP
chr16	36155666	36162951	7285	16	1	1	25	independent	independent	2-1	2-1	True	43	0.642	0.584	gain	TP	TP
chr16	36159401	36162951	3550	23	1	1	33	independent	independent	2-1	2-1	True	58	0.602	0.584	gain	TP	TP
chr16	36199256	36200094	838	16	2	5	43	independent	independent	3	3	True	66	0.711	0.68	gain	TP	TP
chr16	36199256	36203963	4707	10	1	1	33	independent	independent	3	3	True	45	0.711	0.667	gain	TP	TP
chr16	36199256	36209129	9873	6	1	1	23	independent	independent	3	3	True	31	0.711	0.691	gain	TP	TP
chr16	36200094	36203963	3869	12	4	1	32	independent	independent	3	3	True	49	0.68	0.667	gain	TP	TP
chr16	36200094	36209129	9035	8	1	1	25	independent	independent	3	3	True	35	0.68	0.691	gain	TP	TP
chr16	36209129	36209682	553	20	2	2	52	independent	independent	3	3	True	76	0.691	0.718	gain	TP	TP
chr16	36209682	36217385	7703	10	1	4	22	independent	independent	3	3	True	37	0.718	0.533	gain	TP	TP
chr21	9782497	9784044	1547	34	27	28	2	independent	independent	1-1	1-1	True	91	0.315	0.318	gain	TP	TP
chr21	10004846	10005320	474	72	21	5	1	mutual_excl	independent	1-1	1-1	True	99	0.056	0.236	neutral	FP	TP
chr21	10330070	10341682	11612	82	1	1	27	independent	independent	1-1	1-1	True	111	0.19	0.218	neutral	TP	FP
chr21	10330070	10342450	12380	83	1	1	26	independent	independent	1-1	1-1	True	111	0.19	0.211	neutral	TP	FP
chr21	10341682	10342450	768	223	1	2	59	independent	independent	1-1	1-1	True	285	0.218	0.211	neutral	FP	FP
chr21	10341682	10353822	12140	71	17	23	1	mutual_excl	independent	1-1	1-1	True	112	0.218	0.157	neutral	FP	TP
chr21	10341682	10357137	15455	57	1	2	20	independent	independent	1-1	1-1	True	80	0.218	0.249	neutral	FP	FP
chr21	10353822	10357137	3315	146	63	42	1	mutual_excl	independent	1-1	1-1	True	252	0.157	0.249	neutral	TP	FP
chr21	10353822	10358257	4435	129	54	38	1	mutual_excl	independent	1-1	1-1	True	222	0.157	0.233	neutral	TP	FP
chr21	19571408	19581276	9868	18	1	1	5	independent	independent	3	3	True	25	0.462	0.344	neutral	TP	TP
chr21	29187018	29194493	7475	10	1	1	10	independent	independent	1-1	1-1	True	22	0.404	0.471	neutral	TP	TP
chr21	40077444	40078344	900	24	1	3	21	independent	independent	2-1	2-1	True	49	0.458	0.429	neutral	TP	TP
chr21	45789566	45789567	1	72	1	1	21	independent	independent	1-1	1-1	True	95	0.216	0.232	gain	TP	TP
chr2	1311931	1313012	1081	2	42	17	1	mutual_excl	independent	2-1	2-1	True	62	0.288	0.684	gain	TP	TP
chr2	1536797	1536817	20	70	1	4	4	independent	independent	1-1	1-1	True	79	0.098	0.074	gain	FP	FP
chr2	1536797	1536940	143	67	1	3	5	independent	independent	1-1	1-1	True	76	0.098	0.1	gain	FP	FP
chr2	1536797	1560759	23962	2	4	2	1	mutual_excl	independent	1-1	1-1	True	9	0.098	0.574	gain	FP	TP
chr2	1536817	1536940	123	67	2	1	5	independent	independent	1-1	1-1	True	75	0.074	0.1	gain	FP	FP
chr2	1536817	1560759	23942	2	4	2	1	mutual_excl	independent	1-1	1-1	True	9	0.074	0.574	gain	FP	TP
chr2	1536940	1560759	23819	2	4	2	1	mutual_excl	independent	1-1	1-1	True	9	0.1	0.574	gain	FP	TP
chr2	2520098	2527206	7108	12	27	1	1	mutual_excl	independent	1-1	1-1	True	41	0.062	0.699	gain	FP	TP
chr2	4630990	4631590	600	6	34	29	1	mutual_excl	independent	1-1	1-1	True	70	0.412	0.488	gain	TP	TP
chr2	4690427	4710811	20384	0	6	1	14	independent	independent	1-1	1-1	True	21	0.667	0.978	gain	TP	TP
chr2	11489170	11494139	4969	9	8	2	1	mutual_excl	independent	1-1	1-1	True	20	0.2	0.432	loh	FP	TP
chr2	23579879	23596163	16284	1	7	1	4	independent	independent	2-1	2-1	True	13	0.3	0.909	loh	TP	TP
chr2	26591781	26623795	32014	0	1	1	4	independent	independent	2-1	2-1	True	6	0.383	0.869	loh	TP	TP
chr2	26621297	26623795	2498	5	37	1	15	independent	independent	2-1	2-1	True	58	0.274	0.869	loh	TP	TP
chr2	29641150	29646539	5389	4	39	1	15	independent	independent	1-1	1-1	True	59	0.232	0.915	loh	TP	TP
chr2	32051417	32063572	12155	13	6	2	2	independent	independent	1-1	1-1	True	23	0.192	0.483	loh	FP	TP
chr2	32727239	32728296	1057	51	1	1	30	independent	independent	1-1	1-1	True	83	0.423	0.42	gain	TP	TP
chr2	33948291	33955564	7273	5	2	16	17	independent	independent	1-1	1-1	True	40	0.815	0.429	loh	TP	TP
chr2	38493507	38493966	459	4	1	23	17	independent	independent	1-1	1-1	True	45	0.891	0.438	loh	TP	TP
chr2	41040579	41042875	2296	2	3	2	42	independent	independent	2-1	2-1	True	49	0.898	0.927	loh	TP	TP
chr2	41040918	41042875	1957	2	1	2	45	independent	independent	2-1	2-1	True	50	0.949	0.927	loh	TP	TP
chr2	42725157	42726638	1481	23	9	1	9	independent	independent	2-1	2-1	True	42	0.309	0.435	loh	TP	TP
chr2	44942972	44943065	93	43	2	3	24	independent	independent	1-1	1-1	True	72	0.378	0.37	loh	TP	TP
chr2	44942972	44946546	3574	30	1	1	20	independent	independent	1-1	1-1	True	52	0.378	0.405	loh	TP	TP
chr2	44942972	44947702	4730	25	1	1	18	independent	independent	1-1	1-1	True	45	0.378	0.436	loh	TP	TP
chr2	44942972	44949824	6852	21	1	2	17	independent	independent	1-1	1-1	True	41	0.378	0.407	loh	TP	TP
chr2	44942972	44950677	7705	20	1	1	17	independent	independent	1-1	1-1	True	39	0.378	0.42	loh	TP	TP
chr2	44943065	44946546	3481	30	1	1	20	independent	independent	1-1	1-1	True	52	0.37	0.405	loh	TP	TP
chr2	44943065	44947702	4637	25	2	1	17	independent	independent	1-1	1-1	True	45	0.37	0.436	loh	TP	TP
chr2	44943065	44949824	6759	22	1	1	17	independent	independent	1-1	1-1	True	41	0.37	0.407	loh	TP	TP
chr2	44943065	44955344	12279	14	1	1	10	independent	independent	1-1	1-1	True	26	0.37	0.308	loh	TP	TP
chr2	44943687	44946546	2859	27	1	2	24	independent	independent	1-1	1-1	True	54	0.449	0.405	loh	TP	TP
chr2	44943687	44947106	3419	25	1	1	25	independent	independent	1-1	1-1	True	52	0.449	0.427	loh	TP	TP
chr2	44943687	44947702	4015	25	1	1	23	independent	independent	1-1	1-1	True	50	0.449	0.436	loh	TP	TP
chr2	44943687	44950663	6976	19	1	1	20	independent	independent	1-1	1-1	True	41	0.449	0.398	loh	TP	TP
chr2	44943687	44950677	6990	20	1	1	21	independent	independent	1-1	1-1	True	43	0.449	0.42	loh	TP	TP
chr2	44946546	44947702	1156	37	2	1	27	independent	independent	1-1	1-1	True	67	0.405	0.436	gain	TP	TP
chr2	44947106	44947702	596	40	1	1	30	independent	independent	1-1	1-1	True	72	0.427	0.436	gain	TP	TP
chr2	44947106	44950677	3571	33	1	1	25	independent	independent	1-1	1-1	True	60	0.427	0.42	gain	TP	TP
chr2	44947702	44949824	2122	32	1	3	26	independent	independent	1-1	1-1	True	62	0.436	0.407	gain	TP	TP
chr2	44947702	44950663	2961	32	1	1	24	independent	independent	1-1	1-1	True	58	0.436	0.398	gain	TP	TP
chr2	44947702	44950677	2975	32	1	1	27	independent	independent	1-1	1-1	True	61	0.436	0.42	gain	TP	TP
chr2	44947702	44955344	7642	21	1	1	12	independent	independent	1-1	1-1	True	35	0.436	0.308	gain	TP	TP
chr2	44949824	44955344	5520	29	1	1	16	independent	independent	1-1	1-1	True	47	0.407	0.308	gain	TP	TP
chr2	44949824	44959574	9750	23	1	1	14	independent	independent	1-1	1-1	True	39	0.407	0.312	gain	TP	TP
chr2	44950663	44950677	14	48	1	1	30	independent	independent	1-1	1-1	True	80	0.398	0.42	gain	TP	TP
chr2	44955344	44959574	4230	43	3	1	20	independent	independent	1-1	1-1	True	67	0.308	0.312	gain	TP	TP
chr2	44957894	44973098	15204	14	1	1	6	independent	independent	1-1	1-1	True	22	0.344	0.37	gain	TP	TP
chr2	44959574	44960067	493	56	1	1	25	independent	independent	1-1	1-1	True	83	0.312	0.314	gain	TP	TP
chr2	44959574	44973098	13524	15	2	1	6	independent	independent	1-1	1-1	True	24	0.312	0.37	gain	TP	TP
chr2	44963374	44973098	9724	20	3	1	8	independent	independent	1-1	1-1	True	32	0.352	0.37	gain	TP	TP
chr2	44967312	44973098	5786	32	4	1	16	independent	independent	1-1	1-1	True	53	0.337	0.37	gain	TP	TP
chr2	44968196	44973098	4902	35	3	2	15	independent	independent	1-1	1-1	True	55	0.319	0.37	gain	TP	TP
chr2	44968446	44973098	4652	35	3	1	17	independent	independent	1-1	1-1	True	56	0.303	0.37	gain	TP	TP
chr2	44971217	44973098	1881	45	6	2	19	independent	independent	1-1	1-1	True	72	0.322	0.37	gain	TP	TP
chr2	44973098	44973350	252	48	3	5	23	independent	independent	1-1	1-1	True	79	0.37	0.325	gain	TP	TP
chr2	44973098	44976120	3022	39	3	7	18	independent	independent	1-1	1-1	True	67	0.37	0.337	gain	TP	TP
chr2	44973098	44976465	3367	39	3	5	19	independent	independent	1-1	1-1	True	66	0.37	0.352	gain	TP	TP
chr2	44973098	44977648	4550	33	2	6	17	independent	independent	1-1	1-1	True	58	0.37	0.351	gain	TP	TP
chr2	44976120	44977648	1528	51	2	1	22	independent	independent	1-1	1-1	True	76	0.337	0.351	gain	TP	TP
chr2	44999696	45007103	7407	32	2	2	17	independent	independent	1-1	1-1	True	53	0.322	0.28	gain	TP	TP
chr2	44999696	45007709	8013	34	1	1	17	independent	independent	1-1	1-1	True	53	0.322	0.301	gain	TP	TP
chr2	44999696	45009892	10196	26	1	6	10	independent	independent	1-1	1-1	True	43	0.322	0.232	gain	TP	TP
chr2	44999696	45010675	10979	21	2	1	15	independent	independent	1-1	1-1	True	39	0.322	0.382	gain	TP	TP
chr2	44999696	45014143	14447	15	2	4	10	independent	independent	1-1	1-1	True	31	0.322	0.337	gain	TP	TP
chr2	45005499	45007103	1604	48	1	3	21	independent	independent	1-1	1-1	True	73	0.348	0.28	gain	TP	TP
chr2	45005499	45010675	5176	28	1	1	17	independent	independent	1-1	1-1	True	47	0.348	0.382	gain	TP	TP
chr2	45005499	45014143	8644	22	1	3	13	independent	independent	1-1	1-1	True	39	0.348	0.337	gain	TP	TP
chr2	45006212	45007103	891	55	3	3	20	independent	independent	1-1	1-1	True	81	0.305	0.28	gain	TP	TP
chr2	45006212	45007709	1497	55	2	1	21	independent	independent	1-1	1-1	True	79	0.305	0.301	gain	TP	TP
chr2	45006212	45009892	3680	41	1	6	11	independent	independent	1-1	1-1	True	59	0.305	0.232	gain	TP	TP
chr2	45006212	45010675	4463	33	3	1	16	independent	independent	1-1	1-1	True	53	0.305	0.382	gain	TP	TP
chr2	45006212	45014143	7931	28	2	3	12	independent	independent	1-1	1-1	True	45	0.305	0.337	gain	TP	TP
chr2	45007103	45007598	495	55	3	1	21	independent	independent	1-1	1-1	True	80	0.28	0.31	gain	TP	TP
chr2	45007103	45007709	606	53	2	2	19	independent	independent	1-1	1-1	True	76	0.28	0.301	gain	TP	TP
chr2	45007103	45009892	2789	38	2	7	10	independent	independent	1-1	1-1	True	57	0.28	0.232	gain	TP	TP
chr2	45007103	45010658	3555	29	2	1	15	independent	independent	1-1	1-1	True	47	0.28	0.375	gain	TP	TP
chr2	45007103	45010675	3572	31	2	1	16	independent	independent	1-1	1-1	True	50	0.28	0.382	gain	TP	TP
chr2	45007103	45014143	7040	26	2	3	12	independent	independent	1-1	1-1	True	43	0.28	0.337	gain	TP	TP
chr2	45007103	45021578	14475	15	1	2	6	independent	independent	1-1	1-1	True	24	0.28	0.286	gain	TP	TP
chr2	45007103	45032572	25469	4	1	1	3	independent	independent	1-1	1-1	True	9	0.28	0.393	gain	TP	TP
chr2	45007598	45010675	3077	33	1	1	19	independent	independent	1-1	1-1	True	54	0.31	0.382	gain	TP	TP
chr2	45007598	45014143	6545	27	1	4	14	independent	independent	1-1	1-1	True	46	0.31	0.337	gain	TP	TP
chr2	45007709	45010675	2966	33	2	1	19	independent	independent	1-1	1-1	True	55	0.301	0.382	gain	TP	TP
chr2	45007709	45014143	6434	28	1	3	15	independent	independent	1-1	1-1	True	47	0.301	0.337	gain	TP	TP
chr2	45009892	45010675	783	43	10	1	16	independent	independent	1-1	1-1	True	70	0.232	0.382	gain	TP	TP
chr2	45009892	45014143	4251	37	4	1	14	independent	independent	1-1	1-1	True	56	0.232	0.337	gain	TP	TP
chr2	45009892	45021578	11686	19	2	1	10	independent	independent	1-1	1-1	True	32	0.232	0.286	gain	TP	TP
chr2	45010387	45010675	288	44	1	1	26	independent	independent	1-1	1-1	True	72	0.368	0.382	gain	TP	TP
chr2	45010387	45014143	3756	33	1	3	20	independent	independent	1-1	1-1	True	57	0.368	0.337	gain	TP	TP
chr2	45010658	45010675	17	43	2	1	25	independent	independent	1-1	1-1	True	71	0.375	0.382	gain	TP	TP
chr2	45010658	45014143	3485	33	2	3	19	independent	independent	1-1	1-1	True	57	0.375	0.337	gain	TP	TP
chr2	45010675	45014143	3468	34	2	5	19	independent	independent	1-1	1-1	True	60	0.382	0.337	gain	TP	TP
chr2	45010675	45021578	10903	18	1	2	13	independent	independent	1-1	1-1	True	34	0.382	0.286	gain	TP	TP
chr2	45021578	45032572	10994	22	1	1	10	independent	independent	1-1	1-1	True	34	0.286	0.393	gain	TP	TP
chr2	45032572	45035814	3242	44	2	2	19	independent	independent	1-1	1-1	True	67	0.393	0.333	gain	TP	TP
chr2	45035814	45037110	1296	54	2	1	27	independent	independent	1-1	1-1	True	84	0.333	0.344	gain	TP	TP
chr2	45035814	45037974	2160	47	1	1	24	independent	independent	1-1	1-1	True	73	0.333	0.341	gain	TP	TP
chr2	45037837	45044814	6977	32	1	1	19	independent	independent	1-1	1-1	True	53	0.326	0.32	gain	TP	TP
chr2	45402316	45402849	533	10	5	2	43	independent	independent	2-1	2-1	True	60	0.768	0.788	gain	TP	TP
chr2	45402316	45406871	4555	8	3	3	32	independent	independent	2-1	2-1	True	46	0.768	0.779	gain	TP	TP
chr2	45402316	45413085	10769	5	3	2	19	independent	independent	2-1	2-1	True	29	0.768	0.698	gain	TP	TP
chr2	45402849	45413085	10236	6	1	3	21	independent	independent	2-1	2-1	True	31	0.788	0.698	gain	TP	TP
chr2	45402849	45413629	10780	6	1	1	18	independent	independent	2-1	2-1	True	26	0.788	0.662	gain	TP	TP
chr2	45413085	45413629	544	19	2	1	41	independent	independent	2-1	2-1	True	63	0.698	0.662	gain	TP	TP
chr2	45413085	45425693	12608	8	3	1	21	independent	independent	2-1	2-1	True	33	0.698	0.648	gain	TP	TP
chr2	48998654	49015989	17335	10	7	8	1	mutual_excl	independent	2-1	2-1	True	26	0.266	0.272	gain	TP	TP
chr2	49003834	49015989	12155	14	10	11	1	mutual_excl	independent	2-1	2-1	True	36	0.325	0.272	gain	TP	TP
chr2	51196852	51208687	11835	1	18	8	1	mutual_excl	independent	3	3	True	28	0.266	0.682	gain	TP	TP
chr2	51196852	51209478	12626	1	16	8	1	mutual_excl	independent	3	3	True	26	0.266	0.659	gain	TP	TP
chr2	51341652	51355834	14182	7	5	5	1	mutual_excl	independent	1-1	1-1	True	18	0.318	0.218	gain	TP	TP
chr2	51957975	51958352	377	21	27	29	1	mutual_excl	independent	3	3	True	78	0.361	0.354	gain	TP	TP
chr2	54706698	54715904	9206	13	1	8	12	independent	independent	1-1	1-1	True	34	0.591	0.315	gain	TP	TP
chr2	55207687	55210123	2436	17	1	19	21	independent	independent	2-1	2-1	True	58	0.654	0.385	gain	TP	TP
chr2	56076666	56076963	297	33	14	14	8	independent	independent	2-1	2-1	True	69	0.324	0.324	gain	TP	FP
chr2	77967801	77978776	10975	17	2	1	3	independent	independent	3	3	True	23	0.094	0.14	loh	FP	FP
chr2	82762226	82772368	10142	4	2	26	1	mutual_excl	independent	1-1	1-1	True	33	0.81	0.07	loh	TP	FP
chr2	86025443	86025467	24	58	1	2	55	independent	independent	3	3	True	116	0.504	0.483	gain	TP	TP
chr2	90055950	90055981	31	56	1	30	34	independent	independent	2-1	2-1	True	121	0.529	0.295	gain	TP	TP
chr2	94539810	94539923	113	122	2	2	11	independent	independent	1-1	1-1	True	137	0.093	0.101	gain	FP	FP
chr2	94539810	94539933	123	113	10	1	11	independent	independent	1-1	1-1	True	135	0.093	0.161	gain	FP	FP
chr2	94539810	94540056	246	119	3	1	12	independent	independent	1-1	1-1	True	135	0.093	0.122	gain	FP	FP
chr2	94539810	94540120	310	109	11	1	12	independent	independent	1-1	1-1	True	133	0.093	0.187	gain	FP	FP
chr2	94539933	94540056	123	111	2	8	14	independent	independent	1-1	1-1	True	135	0.161	0.122	gain	FP	FP
chr2	94539933	94540166	233	109	2	8	14	independent	independent	1-1	1-1	True	133	0.161	0.136	gain	FP	FP
chr2	94539933	94540420	487	106	1	8	13	independent	independent	1-1	1-1	True	128	0.161	0.113	gain	FP	FP
chr2	94540056	94540120	64	111	9	1	16	independent	independent	1-1	1-1	True	137	0.122	0.187	gain	FP	FP
chr2	94540056	94540138	82	99	19	1	16	independent	independent	1-1	1-1	True	135	0.122	0.27	gain	FP	FP
chr2	94540056	94540166	110	118	2	1	16	independent	independent	1-1	1-1	True	137	0.122	0.136	gain	FP	FP
chr2	94540056	94540563	507	104	8	1	15	independent	independent	1-1	1-1	True	128	0.122	0.171	gain	FP	FP
chr2	94540120	94540138	18	98	12	1	25	independent	independent	1-1	1-1	True	136	0.187	0.27	gain	FP	FP
chr2	94540120	94540166	46	111	2	8	17	independent	independent	1-1	1-1	True	138	0.187	0.136	gain	FP	FP
chr2	94540120	94541206	1086	92	2	1	15	independent	independent	1-1	1-1	True	110	0.187	0.148	gain	FP	FP
chr2	94540138	94540166	28	98	1	19	18	independent	independent	1-1	1-1	True	136	0.27	0.136	gain	FP	FP
chr2	94540138	94541206	1068	82	2	9	15	independent	independent	1-1	1-1	True	108	0.27	0.148	gain	FP	FP
chr2	97211773	97229016	17243	37	4	3	5	independent	independent	2-1	2-1	True	49	0.175	0.262	gain	TP	TP
chr2	97783526	97790352	6826	25	1	1	23	independent	independent	2-1	2-1	True	50	0.491	0.479	gain	TP	TP
chr2	98069016	98076560	7544	39	1	3	8	independent	independent	1-1	1-1	True	51	0.211	0.219	gain	TP	TP
chr2	98120171	98129316	9145	26	12	1	13	independent	independent	1-1	1-1	True	52	0.241	0.509	gain	TP	TP
chr2	98578466	98596416	17950	12	1	4	5	independent	independent	1-1	1-1	True	22	0.527	0.333	gain	TP	TP
chr2	102047479	102057348	9869	13	1	12	12	independent	independent	1-1	1-1	True	38	0.592	0.284	gain	TP	TP
chr2	112292977	112293069	92	30	1	3	11	independent	independent	1-1	1-1	True	45	0.311	0.267	loss	FP	FP
chr2	112583741	112589334	5593	0	2	18	1	mutual_excl	independent	1-1	1-1	True	21	0.938	0.118	loss	TP	FP
chr2	112584781	112589334	4553	1	2	17	1	mutual_excl	independent	1-1	1-1	True	21	0.897	0.118	loss	TP	FP
chr2	118660395	118663011	2616	21	1	19	3	independent	independent	1-1	1-1	True	44	0.443	0.077	loh	TP	FP
chr2	119359603	119371544	11941	2	21	2	1	mutual_excl	independent	1-1	1-1	True	26	0.065	0.909	loh	FP	TP
chr2	125923786	125929596	5810	0	15	1	17	independent	independent	2-1	2-1	True	33	0.518	0.937	loh	TP	TP
chr2	126733443	126738135	4692	15	1	1	13	independent	independent	2-1	2-1	True	30	0.434	0.533	loh	TP	TP
chr2	128135634	128143485	7851	27	1	1	3	independent	independent	2-1	2-1	True	32	0.077	0.085	loh	FP	FP
chr2	133695567	133703734	8167	0	13	1	14	independent	independent	2-1	2-1	True	28	0.464	0.94	loh	TP	TP
chr2	135553233	135556814	3581	23	1	2	2	independent	independent	3	3	True	28	0.1	0.068	neutral	FP	FP
chr2	136034820	136049145	14325	0	1	10	7	independent	independent	1-1	1-1	True	18	0.942	0.429	neutral	TP	TP
chr2	137126450	137126451	1	27	1	1	21	independent	independent	2-1	2-1	True	50	0.44	0.451	loh	TP	TP
chr2	142725999	142729140	3141	0	2	2	48	independent	independent	1-1	1-1	True	52	0.972	0.959	loh	TP	TP
chr2	144521684	144554514	32830	0	1	4	1	mutual_excl	independent	2-1	2-1	True	6	0.934	0.342	gain	TP	TP
chr2	145085348	145112971	27623	1	1	1	8	independent	independent	1-1	1-1	True	11	0.971	0.923	gain	TP	TP
chr2	145502442	145520702	18260	0	9	1	1	mutual_excl	independent	1-1	1-1	True	11	0.141	0.942	gain	FP	TP
chr2	146853845	146884443	30598	1	4	1	1	mutual_excl	independent	1-1	1-1	True	7	0.308	0.933	gain	TP	TP
chr2	155858388	155873155	14767	1	5	11	1	mutual_excl	independent	3	3	True	18	0.492	0.429	gain	TP	TP
chr2	155960788	155986457	25669	3	3	2	1	mutual_excl	independent	2-1	2-1	True	9	0.246	0.458	gain	FP	TP
chr2	157290894	157291149	255	4	29	1	28	independent	independent	2-1	2-1	True	62	0.469	0.922	gain	TP	TP
chr2	163046555	163049002	2447	3	32	27	2	independent	independent	3	3	True	64	0.448	0.53	gain	TP	TP
chr2	163324806	163326251	1445	48	3	34	26	independent	independent	2-1	2-1	True	111	0.545	0.25	gain	TP	TP
chr2	169262947	169274020	11073	23	2	6	7	independent	independent	2-1	2-1	True	38	0.37	0.236	gain	TP	TP
chr2	169274020	169285022	11002	21	7	2	10	independent	independent	2-1	2-1	True	40	0.236	0.417	gain	TP	TP
chr2	169320489	169334748	14259	11	6	1	7	independent	independent	2-1	2-1	True	25	0.22	0.5	gain	TP	TP
chr2	169615079	169617207	2128	34	1	8	48	independent	independent	1-1	1-1	True	91	0.584	0.538	gain	TP	TP
chr2	176760840	176793178	32338	3	1	1	2	independent	independent	2-1	2-1	True	7	0.526	0.483	gain	TP	TP
chr2	176781256	176782719	1463	41	1	30	16	independent	independent	1-1	1-1	True	88	0.49	0.178	gain	TP	TP
chr2	177756946	177782800	25854	10	1	4	2	independent	independent	2-1	2-1	True	17	0.55	0.174	gain	TP	TP
chr2	177997189	178015737	18548	10	1	11	6	independent	independent	2-1	2-1	True	28	0.626	0.236	gain	TP	TP
chr2	179278859	179299356	20497	6	1	3	9	independent	independent	1-1	1-1	True	19	0.576	0.279	gain	TP	TP
chr2	180289965	180291013	1048	56	26	1	5	independent	independent	1-1	1-1	True	88	0.069	0.378	gain	TP	TP
chr2	180291013	180300800	9787	27	3	1	10	independent	independent	1-1	1-1	True	41	0.378	0.375	gain	TP	TP
chr2	180300800	180303132	2332	42	1	8	21	independent	independent	1-1	1-1	True	72	0.375	0.264	gain	TP	TP
chr2	180300800	180309788	8988	22	1	1	12	independent	independent	1-1	1-1	True	36	0.375	0.356	gain	TP	TP
chr2	184725081	184741175	16094	14	2	3	6	independent	independent	1-1	1-1	True	25	0.427	0.322	gain	TP	TP
chr2	190030521	190046593	16072	3	1	1	12	independent	independent	2-1	2-1	True	17	0.667	0.674	gain	TP	TP
chr2	190141961	190158257	16296	20	2	1	6	independent	independent	2-1	2-1	True	29	0.217	0.398	gain	TP	TP
chr2	190156041	190158257	2216	48	4	1	30	independent	independent	2-1	2-1	True	83	0.37	0.398	gain	TP	TP
chr2	190156366	190158257	1891	45	1	4	35	independent	independent	2-1	2-1	True	85	0.446	0.398	gain	TP	TP
chr2	190156366	190158792	2426	46	1	2	33	independent	independent	2-1	2-1	True	82	0.446	0.392	gain	TP	TP
chr2	190158257	190158548	291	56	2	1	35	independent	independent	2-1	2-1	True	94	0.398	0.4	gain	TP	TP
chr2	190158257	190158792	535	55	3	1	34	independent	independent	2-1	2-1	True	93	0.398	0.392	gain	TP	TP
chr2	194055510	194059885	4375	3	14	17	1	mutual_excl	independent	2-1	2-1	True	35	0.529	0.473	loss	TP	TP
chr2	196147816	196148195	379	4	1	1	58	independent	independent	2-1	2-1	True	64	0.925	0.924	loss	TP	TP
chr2	197152546	197157378	4832	33	2	1	15	independent	independent	1-1	1-1	True	51	0.308	0.284	neutral	TP	TP
chr2	197152547	197157378	4831	33	2	1	15	independent	independent	1-1	1-1	True	51	0.3	0.284	neutral	TP	TP
chr2	198179231	198193212	13981	11	1	10	9	independent	independent	3	3	True	31	0.618	0.382	neutral	TP	TP
chr2	199043670	199046569	2899	22	2	1	32	independent	independent	1-1	1-1	True	57	0.578	0.608	neutral	TP	TP
chr2	199766814	199785698	18884	23	2	1	2	independent	independent	2-1	2-1	True	28	0.257	0.183	neutral	TP	TP
chr2	205564899	205565174	275	46	1	2	34	independent	independent	2-1	2-1	True	83	0.443	0.432	neutral	TP	TP
chr2	206859990	206861878	1888	26	2	1	48	independent	independent	1-1	1-1	True	77	0.66	0.656	neutral	TP	TP
chr2	206861878	206868088	6210	21	1	1	33	independent	independent	1-1	1-1	True	56	0.656	0.663	neutral	TP	TP
chr2	206861878	206870378	8500	15	1	2	22	independent	independent	1-1	1-1	True	40	0.656	0.645	neutral	TP	TP
chr2	206861878	206870380	8502	15	1	3	22	independent	independent	1-1	1-1	True	41	0.656	0.627	neutral	TP	TP
chr2	206861878	206881694	19816	7	1	1	12	independent	independent	1-1	1-1	True	21	0.656	0.678	neutral	TP	TP
chr2	206861878	206883698	21820	3	1	1	8	independent	independent	1-1	1-1	True	13	0.656	0.571	neutral	TP	TP
chr2	206868088	206883698	15610	4	1	1	12	independent	independent	1-1	1-1	True	18	0.663	0.571	neutral	TP	TP
chr2	206870378	206875840	5462	15	1	1	24	independent	independent	1-1	1-1	True	41	0.645	0.607	neutral	TP	TP
chr2	206870378	206876865	6487	12	1	1	21	independent	independent	1-1	1-1	True	35	0.645	0.597	neutral	TP	TP
chr2	206870378	206882619	12241	5	1	1	15	independent	independent	1-1	1-1	True	22	0.645	0.624	neutral	TP	TP
chr2	206870378	206883698	13320	5	1	1	13	independent	independent	1-1	1-1	True	20	0.645	0.571	neutral	TP	TP
chr2	206870380	206882619	12239	5	1	1	16	independent	independent	1-1	1-1	True	23	0.627	0.624	neutral	TP	TP
chr2	206870380	206883698	13318	5	1	1	14	independent	independent	1-1	1-1	True	21	0.627	0.571	neutral	TP	TP
chr2	206875840	206882619	6779	14	1	2	28	independent	independent	1-1	1-1	True	45	0.607	0.624	neutral	TP	TP
chr2	206875840	206883698	7858	12	1	1	21	independent	independent	1-1	1-1	True	35	0.607	0.571	neutral	TP	TP
chr2	206876865	206877938	1073	24	1	2	33	independent	independent	1-1	1-1	True	60	0.597	0.575	neutral	TP	TP
chr2	206876865	206881694	4829	21	1	1	28	independent	independent	1-1	1-1	True	51	0.597	0.678	neutral	TP	TP
chr2	206876865	206882619	5754	15	1	2	27	independent	independent	1-1	1-1	True	45	0.597	0.624	neutral	TP	TP
chr2	206876865	206883698	6833	13	1	1	20	independent	independent	1-1	1-1	True	35	0.597	0.571	neutral	TP	TP
chr2	206877938	206881694	3756	22	1	1	31	independent	independent	1-1	1-1	True	55	0.575	0.678	neutral	TP	TP
chr2	206877938	206882619	4681	16	2	2	30	independent	independent	1-1	1-1	True	50	0.575	0.624	neutral	TP	TP
chr2	206877938	206883698	5760	14	2	1	22	independent	independent	1-1	1-1	True	39	0.575	0.571	neutral	TP	TP
chr2	206881694	206882619	925	21	2	3	48	independent	independent	1-1	1-1	True	74	0.678	0.624	neutral	TP	TP
chr2	206881694	206883698	2004	17	1	5	37	independent	independent	1-1	1-1	True	60	0.678	0.571	neutral	TP	TP
chr2	206881694	206884265	2571	18	1	3	35	independent	independent	1-1	1-1	True	57	0.678	0.577	neutral	TP	TP
chr2	206882619	206883698	1079	23	2	4	37	independent	independent	1-1	1-1	True	66	0.624	0.571	neutral	TP	TP
chr2	206882619	206884265	1646	24	1	3	36	independent	independent	1-1	1-1	True	64	0.624	0.577	neutral	TP	TP
chr2	206882619	206888050	5431	16	2	1	18	independent	independent	1-1	1-1	True	37	0.624	0.515	neutral	TP	TP
chr2	206882619	206891633	9014	13	2	1	17	independent	independent	1-1	1-1	True	33	0.624	0.63	neutral	TP	TP
chr2	206882619	206892498	9879	12	2	1	17	independent	independent	1-1	1-1	True	32	0.624	0.645	neutral	TP	TP
chr2	206882619	206893627	11008	11	2	1	14	independent	independent	1-1	1-1	True	28	0.624	0.627	neutral	TP	TP
chr2	206882619	206897843	15224	9	2	1	9	independent	independent	1-1	1-1	True	21	0.624	0.578	neutral	TP	TP
chr2	206883698	206884265	567	28	3	3	37	independent	independent	1-1	1-1	True	71	0.571	0.577	neutral	TP	TP
chr2	206883698	206887975	4277	19	4	1	31	independent	independent	1-1	1-1	True	55	0.571	0.65	neutral	TP	TP
chr2	206883698	206888050	4352	20	1	3	22	independent	independent	1-1	1-1	True	46	0.571	0.515	neutral	TP	TP
chr2	206883698	206891633	7935	15	2	1	17	independent	independent	1-1	1-1	True	35	0.571	0.63	neutral	TP	TP
chr2	206883698	206892498	8800	14	3	1	17	independent	independent	1-1	1-1	True	35	0.571	0.645	neutral	TP	TP
chr2	206883698	206893627	9929	13	3	1	15	independent	independent	1-1	1-1	True	32	0.571	0.627	neutral	TP	TP
chr2	206883698	206897843	14145	12	2	1	9	independent	independent	1-1	1-1	True	24	0.571	0.578	neutral	TP	TP
chr2	206884265	206888050	3785	22	2	3	22	independent	independent	1-1	1-1	True	49	0.577	0.515	neutral	TP	TP
chr2	206884265	206897843	13578	13	1	1	11	independent	independent	1-1	1-1	True	26	0.577	0.578	neutral	TP	TP
chr2	206891633	206897843	6210	17	1	1	29	independent	independent	1-1	1-1	True	48	0.63	0.578	neutral	TP	TP
chr2	206897843	206941982	44139	1	3	4	31	independent	independent	1-1	1-1	True	39	0.578	0.568	neutral	TP	TP
chr2	206939125	206941982	2857	25	1	4	34	independent	independent	1-1	1-1	True	64	0.648	0.568	neutral	TP	TP
chr2	206941982	206945412	3430	16	3	2	32	independent	independent	1-1	1-1	True	53	0.568	0.671	neutral	TP	TP
chr2	206945412	206967680	22268	3	1	1	7	independent	independent	1-1	1-1	True	12	0.671	0.616	neutral	TP	TP
chr2	206951180	206967390	16210	6	2	1	12	independent	independent	1-1	1-1	True	21	0.613	0.66	neutral	TP	TP
chr2	206951180	206967680	16500	6	2	1	12	independent	independent	1-1	1-1	True	21	0.613	0.616	neutral	TP	TP
chr2	206960746	206960999	253	24	2	1	53	independent	independent	1-1	1-1	True	80	0.671	0.675	neutral	TP	TP
chr2	206960746	206961676	930	22	1	1	53	independent	independent	1-1	1-1	True	77	0.671	0.636	neutral	TP	TP
chr2	206960746	206967390	6644	13	1	1	37	independent	independent	1-1	1-1	True	52	0.671	0.66	neutral	TP	TP
chr2	206960746	206967680	6934	12	2	3	36	independent	independent	1-1	1-1	True	53	0.671	0.616	neutral	TP	TP
chr2	206960746	206971546	10800	7	1	1	30	independent	independent	1-1	1-1	True	39	0.671	0.667	neutral	TP	TP
chr2	206960746	206977548	16802	5	1	1	16	independent	independent	1-1	1-1	True	23	0.671	0.699	neutral	TP	TP
chr2	206960999	206961676	677	22	1	2	53	independent	independent	1-1	1-1	True	78	0.675	0.636	neutral	TP	TP
chr2	206960999	206967390	6391	12	1	2	37	independent	independent	1-1	1-1	True	52	0.675	0.66	neutral	TP	TP
chr2	206960999	206967680	6681	12	1	3	37	independent	independent	1-1	1-1	True	53	0.675	0.616	neutral	TP	TP
chr2	206960999	206971546	10547	6	1	2	30	independent	independent	1-1	1-1	True	39	0.675	0.667	neutral	TP	TP
chr2	206960999	206977548	16549	4	1	2	17	independent	independent	1-1	1-1	True	24	0.675	0.699	neutral	TP	TP
chr2	206961676	206967390	5714	14	1	1	39	independent	independent	1-1	1-1	True	55	0.636	0.66	neutral	TP	TP
chr2	206961676	206967428	5752	12	1	3	35	independent	independent	1-1	1-1	True	51	0.636	0.64	neutral	TP	TP
chr2	206961676	206967680	6004	12	2	3	37	independent	independent	1-1	1-1	True	54	0.636	0.616	neutral	TP	TP
chr2	206961676	206977548	15872	6	1	1	17	independent	independent	1-1	1-1	True	25	0.636	0.699	neutral	TP	TP
chr2	206967390	206967680	290	29	3	4	56	independent	independent	1-1	1-1	True	92	0.66	0.616	neutral	TP	TP
chr2	206967390	206977548	10158	8	2	1	23	independent	independent	1-1	1-1	True	34	0.66	0.699	neutral	TP	TP
chr2	206967428	206967680	252	26	4	3	49	independent	independent	1-1	1-1	True	82	0.64	0.616	neutral	TP	TP
chr2	206967428	206977548	10120	6	2	1	22	independent	independent	1-1	1-1	True	31	0.64	0.699	neutral	TP	TP
chr2	206967428	206978608	11180	6	2	1	21	independent	independent	1-1	1-1	True	30	0.64	0.676	neutral	TP	TP
chr2	206967680	206971546	3866	19	3	2	42	independent	independent	1-1	1-1	True	66	0.616	0.667	neutral	TP	TP
chr2	206967680	206977548	9868	10	1	2	25	independent	independent	1-1	1-1	True	38	0.616	0.699	neutral	TP	TP
chr2	206967680	206978608	10928	11	1	1	23	independent	independent	1-1	1-1	True	36	0.616	0.676	neutral	TP	TP
chr2	206971546	206977548	6002	14	2	1	32	independent	independent	1-1	1-1	True	49	0.667	0.699	neutral	TP	TP
chr2	206971546	206978608	7062	14	1	1	29	independent	independent	1-1	1-1	True	45	0.667	0.676	neutral	TP	TP
chr2	206977548	206978608	1060	20	2	2	46	independent	independent	1-1	1-1	True	70	0.699	0.676	neutral	TP	TP
chr2	207338565	207340892	2327	22	2	2	33	independent	independent	1-1	1-1	True	59	0.611	0.571	neutral	TP	TP
chr2	210717924	210724165	6241	23	2	2	10	independent	independent	2-1	2-1	True	37	0.358	0.315	neutral	TP	TP
chr2	210966214	210966991	777	23	39	4	5	independent	independent	1-1	1-1	True	71	0.124	0.605	neutral	FP	TP
chr2	214495062	214500102	5040	11	17	17	2	independent	independent	3	3	True	47	0.4	0.411	neutral	TP	TP
chr2	217293759	217302279	8520	18	2	2	29	independent	independent	2-1	2-1	True	51	0.609	0.598	neutral	TP	TP
chr2	218712703	218722953	10250	36	1	2	3	independent	independent	2-1	2-1	True	42	0.244	0.168	neutral	TP	TP
chr2	220810228	220821538	11310	14	1	12	5	independent	independent	2-1	2-1	True	32	0.534	0.224	neutral	TP	TP
chr2	221391817	221393379	1562	32	1	3	26	independent	independent	2-1	2-1	True	62	0.471	0.419	neutral	TP	TP
chr2	221818701	221819924	1223	28	1	2	14	independent	independent	2-1	2-1	True	45	0.593	0.316	neutral	TP	FP
chr2	221958321	221961666	3345	43	3	1	20	independent	independent	1-1	1-1	True	67	0.269	0.315	neutral	TP	TP
chr2	223827191	223831318	4127	34	3	1	32	independent	independent	2-1	2-1	True	70	0.489	0.552	neutral	TP	TP
chr2	223827191	223852036	24845	11	1	6	2	independent	independent	2-1	2-1	True	20	0.489	0.265	neutral	TP	TP
chr2	225256854	225256856	2	87	1	1	22	independent	independent	1-1	1-1	True	111	0.205	0.207	gain	TP	TP
chr2	227888870	227893863	4993	34	1	1	33	independent	independent	2-1	2-1	True	69	0.435	0.5	gain	TP	TP
chr2	231145683	231146099	416	77	1	2	32	independent	independent	1-1	1-1	True	112	0.292	0.291	gain	TP	TP
chr2	231148010	231158634	10624	36	1	1	16	independent	independent	1-1	1-1	True	54	0.314	0.21	gain	TP	TP
chr2	232648534	232656239	7705	21	17	1	17	independent	independent	2-1	2-1	True	56	0.303	0.607	gain	TP	TP
chr2	232648534	232671461	22927	9	4	1	6	independent	independent	2-1	2-1	True	20	0.303	0.456	gain	TP	TP
chr2	232656239	232671461	15222	10	2	2	13	independent	independent	2-1	2-1	True	27	0.607	0.456	gain	TP	TP
chr2	234270543	234279716	9173	19	6	1	9	independent	independent	1-1	1-1	True	35	0.224	0.541	gain	TP	TP
chr2	234288341	234288392	51	50	2	2	30	independent	independent	2-1	2-1	True	84	0.388	0.402	gain	TP	TP
chr2	236124225	236124877	652	39	3	2	51	independent	independent	2-1	2-1	True	95	0.538	0.587	gain	TP	TP
chr2	237624973	237626295	1322	46	29	2	6	independent	independent	2-1	2-1	True	83	0.11	0.413	gain	TP	TP
chr2	239497722	239515887	18165	9	2	9	1	mutual_excl	independent	2-1	2-1	True	21	0.358	0.203	gain	TP	TP
chr7	1163682	1169953	6271	2	3	3	38	independent	independent	2-1	2-1	True	46	0.885	0.888	gain	TP	TP
chr7	1651652	1661164	9512	7	13	1	8	independent	independent	1-1	1-1	True	29	0.29	0.625	gain	TP	TP
chr7	5408191	5421778	13587	1	11	1	11	independent	independent	2-1	2-1	True	24	0.359	0.923	gain	TP	TP
chr7	5408192	5421778	13586	1	11	1	11	independent	independent	2-1	2-1	True	24	0.354	0.923	gain	TP	TP
chr7	7688242	7695513	7271	1	9	2	33	independent	independent	2-1	2-1	True	45	0.764	0.941	gain	TP	TP
chr7	9569310	9573349	4039	6	33	2	9	independent	independent	1-1	1-1	True	50	0.239	0.864	gain	TP	TP
chr7	10200012	10200078	66	1	2	2	81	independent	independent	3	3	True	86	0.967	0.966	gain	TP	TP
chr7	13836055	13838346	2291	14	1	14	1	mutual_excl	independent	2-1	2-1	True	30	0.537	0.098	gain	TP	FP
chr7	15467229	15478582	11353	5	14	1	15	independent	independent	2-1	2-1	True	35	0.519	0.875	gain	TP	TP
chr7	16802113	16811987	9874	2	2	1	23	independent	independent	2-1	2-1	True	28	0.924	0.882	gain	TP	TP
chr7	16802113	16815688	13575	1	1	1	17	independent	independent	2-1	2-1	True	20	0.924	0.938	gain	TP	TP
chr7	19024859	19027180	2321	19	8	6	9	independent	independent	2-1	2-1	True	42	0.429	0.404	gain	TP	FP
chr7	21571329	21573087	1758	1	4	36	1	mutual_excl	independent	1-1	1-1	True	42	0.904	0.094	loh	TP	FP
chr7	21808482	21817750	9268	0	20	1	13	independent	independent	1-1	1-1	True	34	0.308	0.958	loh	TP	TP
chr7	27414047	27419340	5293	26	2	1	16	independent	independent	2-1	2-1	True	45	0.328	0.368	gain	TP	TP
chr7	27720257	27732889	12632	16	2	3	1	mutual_excl	independent	1-1	1-1	True	22	0.247	0.264	gain	FP	TP
chr7	28792392	28802231	9839	16	1	9	16	independent	independent	1-1	1-1	True	42	0.629	0.286	gain	TP	TP
chr7	28843014	28869798	26784	2	1	1	3	independent	independent	3	3	True	7	0.519	0.633	gain	TP	TP
chr7	31408181	31420504	12323	18	1	1	9	independent	independent	2-1	2-1	True	29	0.321	0.306	gain	TP	TP
chr7	34542191	34558633	16442	10	3	1	1	mutual_excl	independent	1-1	1-1	True	15	0.169	0.339	gain	FP	TP
chr7	34914335	34924230	9895	18	1	1	24	independent	independent	1-1	1-1	True	44	0.682	0.57	gain	TP	TP
chr7	35480182	35482954	2772	34	1	2	26	independent	independent	1-1	1-1	True	63	0.447	0.42	gain	TP	TP
chr7	39231183	39236486	5303	14	1	15	18	independent	independent	1-1	1-1	True	48	0.629	0.47	gain	TP	TP
chr7	41397943	41408836	10893	11	1	12	6	independent	independent	2-1	2-1	True	30	0.688	0.32	gain	TP	TP
chr7	44380827	44391476	10649	13	9	2	6	independent	independent	2-1	2-1	True	30	0.326	0.602	gain	TP	TP
chr7	49236509	49246132	9623	28	1	1	12	independent	independent	2-1	2-1	True	42	0.294	0.312	gain	TP	TP
chr7	49437607	49462879	25272	3	1	1	7	independent	independent	1-1	1-1	True	12	0.613	0.675	gain	TP	TP
chr7	52706685	52719804	13119	16	11	5	1	mutual_excl	independent	1-1	1-1	True	33	0.244	0.349	gain	TP	TP
chr7	53494998	53517114	22116	3	4	1	2	independent	independent	1-1	1-1	True	10	0.267	0.687	gain	TP	TP
chr7	56166627	56168139	1512	42	2	1	24	independent	independent	2-1	2-1	True	69	0.376	0.371	gain	TP	TP
chr7	57497146	57502687	5541	106	3	1	30	independent	independent	3	3	True	140	0.215	0.219	gain	TP	TP
chr7	57497146	57507420	10274	59	16	16	3	independent	independent	3	3	True	94	0.215	0.165	gain	TP	TP
chr7	57502687	57507420	4733	89	22	27	3	independent	independent	3	3	True	141	0.219	0.165	gain	TP	TP
chr7	57661726	57664845	3119	39	3	1	34	independent	independent	2-1	2-1	True	77	0.413	0.491	gain	TP	TP
chr7	57765623	57770663	5040	38	31	2	5	independent	independent	1-1	1-1	True	76	0.11	0.466	gain	FP	TP
chr7	57765623	57772902	7279	52	3	7	1	mutual_excl	independent	1-1	1-1	True	63	0.11	0.056	gain	FP	FP
chr7	57770350	57770663	313	53	1	5	50	independent	independent	1-1	1-1	True	109	0.513	0.466	gain	TP	TP
chr7	58110282	58116020	5738	46	3	30	17	independent	independent	1-1	1-1	True	96	0.456	0.224	gain	TP	TP
chr7	62593843	62597595	3752	55	1	38	12	independent	independent	2-1	2-1	True	106	0.457	0.157	gain	TP	TP
chr7	64490938	64508144	17206	13	1	17	4	independent	independent	1-1	1-1	True	35	0.571	0.116	gain	TP	FP
chr7	67411625	67428850	17225	6	1	2	9	independent	independent	2-1	2-1	True	18	0.559	0.614	gain	TP	TP
chr7	67504605	67517226	12621	7	1	12	14	independent	independent	2-1	2-1	True	34	0.629	0.326	gain	TP	TP
chr7	67504605	67518956	14351	6	1	2	20	independent	independent	2-1	2-1	True	29	0.629	0.722	gain	TP	TP
chr7	67517226	67518956	1730	19	33	3	24	independent	independent	2-1	2-1	True	79	0.326	0.722	gain	TP	TP
chr7	69826042	69827973	1931	16	2	1	47	independent	independent	3	3	True	66	0.7	0.724	gain	TP	TP
chr7	73396306	73398758	2452	27	1	1	39	independent	independent	1-1	1-1	True	68	0.622	0.649	gain	TP	TP
chr7	75780399	75787380	6981	36	11	1	7	independent	independent	1-1	1-1	True	55	0.12	0.404	gain	TP	TP
chr7	75787380	75810161	22781	7	1	6	6	independent	independent	1-1	1-1	True	20	0.404	0.23	gain	TP	TP
chr7	76675150	76679997	4847	15	2	22	23	independent	independent	2-1	2-1	True	62	0.738	0.368	gain	TP	TP
chr7	77261090	77286237	25147	13	4	1	5	independent	independent	2-1	2-1	True	23	0.146	0.35	gain	TP	TP
chr7	77601089	77601097	8	106	2	2	28	independent	independent	1-1	1-1	True	138	0.217	0.245	gain	TP	TP
chr7	78109485	78114716	5231	49	3	1	33	independent	independent	2-1	2-1	True	86	0.391	0.385	gain	TP	TP
chr7	79246674	79247948	1274	71	2	2	35	independent	independent	2-1	2-1	True	110	0.35	0.343	gain	TP	TP
chr7	79247948	79255492	7544	49	1	2	24	independent	independent	2-1	2-1	True	76	0.343	0.345	gain	TP	TP
chr7	79792957	79798366	5409	40	19	26	2	independent	independent	2-1	2-1	True	87	0.362	0.22	gain	TP	TP
chr7	80055524	80057804	2280	51	43	21	2	independent	independent	2-1	2-1	True	117	0.182	0.371	gain	TP	TP
chr7	81324975	81325862	887	74	1	1	55	independent	independent	3	3	True	131	0.427	0.417	gain	TP	TP
chr7	81732195	81735574	3379	26	34	50	1	mutual_excl	independent	3	3	True	111	0.469	0.353	gain	TP	TP
chr7	83669992	83681565	11573	29	2	1	7	independent	independent	1-1	1-1	True	39	0.2	0.229	gain	TP	TP
chr7	83932165	83941131	8966	16	29	1	17	independent	independent	3	3	True	63	0.361	0.713	gain	TP	TP
chr7	84758006	84764233	6227	32	13	1	12	independent	independent	1-1	1-1	True	58	0.248	0.445	gain	TP	TP
chr7	85353727	85366750	13023	27	2	1	15	independent	independent	1-1	1-1	True	45	0.386	0.405	gain	TP	TP
chr7	85830506	85838142	7636	142	31	20	1	mutual_excl	independent	2-1	2-1	True	194	0.128	0.168	gain	TP	TP
chr7	85894169	85902663	8494	40	14	2	9	independent	independent	2-1	2-1	True	65	0.214	0.371	gain	TP	TP
chr7	86623170	86644321	21151	8	8	2	7	independent	independent	2-1	2-1	True	25	0.368	0.678	gain	TP	TP
chr7	89288348	89297131	8783	43	1	1	8	independent	independent	2-1	2-1	True	53	0.167	0.17	gain	TP	TP
chr7	93150197	93157476	7279	47	4	16	12	independent	independent	2-1	2-1	True	79	0.342	0.189	gain	TP	TP
chr7	93150197	93159368	9171	34	5	1	24	independent	independent	2-1	2-1	True	64	0.342	0.389	gain	TP	TP
chr7	93157476	93159368	1892	81	28	1	27	independent	independent	2-1	2-1	True	137	0.189	0.389	gain	TP	TP
chr7	93387235	93391629	4394	67	23	2	9	independent	independent	2-1	2-1	True	101	0.161	0.331	gain	FP	TP
chr7	96771281	96779243	7962	48	1	5	20	independent	independent	2-1	2-1	True	74	0.317	0.354	gain	TP	TP
chr7	97505269	97516404	11135	8	17	24	1	mutual_excl	independent	2-1	2-1	True	50	0.452	0.374	gain	TP	TP
chr7	98508517	98519668	11151	39	1	12	17	independent	independent	1-1	1-1	True	69	0.37	0.22	gain	TP	TP
chr7	99268258	99272975	4717	71	1	3	14	independent	independent	2-1	2-1	True	89	0.185	0.194	gain	TP	TP
chr7	99389235	99398414	9179	32	21	1	14	independent	independent	2-1	2-1	True	68	0.204	0.436	gain	TP	TP
chr7	99738977	99757018	18041	24	3	1	13	independent	independent	2-1	2-1	True	41	0.204	0.3	gain	TP	TP
chr7	99872892	99885092	12200	7	21	23	1	mutual_excl	independent	1-1	1-1	True	52	0.399	0.448	gain	TP	TP
chr7	100478224	100481410	3186	63	3	16	27	independent	independent	1-1	1-1	True	109	0.4	0.266	gain	TP	TP
chr7	100478224	100481411	3187	63	4	16	28	independent	independent	1-1	1-1	True	111	0.4	0.264	gain	TP	TP
chr7	100478224	100492051	13827	32	1	2	21	independent	independent	1-1	1-1	True	56	0.4	0.358	gain	TP	TP
chr7	100481410	100481411	1	102	2	2	36	independent	independent	1-1	1-1	True	142	0.266	0.264	gain	TP	TP
chr7	100481410	100492051	10641	40	11	3	17	independent	independent	1-1	1-1	True	71	0.266	0.358	gain	TP	TP
chr7	100481411	100492051	10640	38	13	4	16	independent	independent	1-1	1-1	True	71	0.264	0.358	gain	TP	TP
chr7	100481411	100492980	11569	43	5	18	1	mutual_excl	independent	1-1	1-1	True	67	0.264	0.156	gain	TP	TP
chr7	100623256	100648916	25660	6	1	1	4	independent	independent	1-1	1-1	True	12	0.364	0.367	gain	TP	TP
chr7	100642909	100642910	1	104	3	1	19	independent	independent	2-1	2-1	True	127	0.152	0.172	gain	TP	TP
chr7	101032862	101032937	75	143	1	3	11	independent	independent	3	3	True	158	0.087	0.081	gain	FP	FP
chr7	101208095	101215248	7153	64	1	1	12	independent	independent	2-1	2-1	True	78	0.156	0.193	gain	TP	TP
chr7	101817586	101822860	5274	58	3	1	41	independent	independent	2-1	2-1	True	103	0.379	0.445	gain	TP	TP
chr7	103017505	103019127	1622	60	5	1	32	independent	independent	2-1	2-1	True	98	0.351	0.424	gain	TP	TP
chr7	104914455	104915373	918	136	2	1	21	independent	independent	3	3	True	160	0.134	0.153	gain	TP	TP
chr7	106294668	106315409	20741	9	1	1	7	independent	independent	2-1	2-1	True	18	0.321	0.477	gain	TP	TP
chr7	109002775	109024466	21691	2	10	10	1	mutual_excl	independent	1-1	1-1	True	23	0.411	0.353	gain	TP	TP
chr7	109329121	109331590	2469	24	54	26	1	mutual_excl	independent	1-1	1-1	True	105	0.291	0.488	gain	TP	TP
chr7	109434233	109461943	27710	5	1	2	1	mutual_excl	independent	1-1	1-1	True	9	0.355	0.192	gain	TP	TP
chr7	110260396	110265714	5318	33	38	16	1	mutual_excl	independent	2-1	2-1	True	88	0.221	0.415	gain	TP	TP
chr7	111185091	111188872	3781	53	2	3	36	independent	independent	1-1	1-1	True	94	0.405	0.415	gain	TP	TP
chr7	111380551	111381186	635	99	21	2	25	independent	independent	1-1	1-1	True	147	0.181	0.343	gain	TP	TP
chr7	111806695	111806697	2	122	2	1	29	independent	independent	2-1	2-1	True	154	0.195	0.197	gain	TP	TP
chr7	112637313	112637314	1	116	1	2	29	independent	independent	2-1	2-1	True	148	0.212	0.2	gain	TP	TP
chr7	113360894	113363249	2355	100	5	3	19	independent	independent	1-1	1-1	True	127	0.155	0.161	gain	TP	TP
chr7	114357453	114357454	1	168	2	5	34	independent	independent	2-1	2-1	True	209	0.193	0.173	gain	TP	TP
chr7	114578247	114601511	23264	9	5	1	6	independent	independent	2-1	2-1	True	21	0.143	0.293	gain	TP	TP
chr7	114578247	114605732	27485	4	5	3	1	mutual_excl	independent	2-1	2-1	True	13	0.143	0.518	gain	TP	TP
chr7	115175509	115178925	3416	38	88	17	1	mutual_excl	independent	2-1	2-1	True	144	0.133	0.596	gain	TP	TP
chr7	115474315	115479338	5023	20	3	75	12	independent	independent	2-1	2-1	True	110	0.804	0.106	gain	TP	TP
chr7	117127413	117142059	14646	39	19	1	7	independent	independent	1-1	1-1	True	66	0.126	0.534	gain	TP	TP
chr7	117370149	117386643	16494	48	1	1	4	independent	independent	2-1	2-1	True	54	0.207	0.14	gain	TP	TP
chr7	119211984	119214455	2471	104	3	1	39	independent	independent	2-1	2-1	True	147	0.239	0.287	gain	TP	TP
chr7	119783727	119789303	5576	69	1	15	9	independent	independent	2-1	2-1	True	94	0.24	0.125	gain	TP	TP
chr7	123214965	123222613	7648	49	1	4	12	independent	independent	2-1	2-1	True	66	0.279	0.19	gain	TP	TP
chr7	124534464	124553330	18866	4	19	1	4	independent	independent	1-1	1-1	True	28	0.205	0.8	gain	TP	TP
chr7	125225339	125226182	843	27	1	5	99	independent	independent	1-1	1-1	True	132	0.776	0.772	gain	TP	TP
chr7	126377763	126379661	1898	26	3	70	23	independent	independent	1-1	1-1	True	122	0.76	0.203	gain	TP	TP
chr7	126823981	126824432	451	97	1	1	18	independent	independent	2-1	2-1	True	117	0.189	0.164	gain	TP	TP
chr7	129251455	129264112	12657	6	1	31	5	independent	independent	2-1	2-1	True	43	0.752	0.188	gain	TP	TP
chr7	129799031	129808123	9092	25	6	10	1	mutual_excl	independent	2-1	2-1	True	42	0.223	0.144	gain	TP	FP
chr7	130685570	130686475	905	17	68	1	23	independent	independent	2-1	2-1	True	109	0.234	0.811	gain	TP	TP
chr7	130686475	130690775	4300	13	2	2	65	independent	independent	2-1	2-1	True	82	0.811	0.797	gain	TP	TP
chr7	130709964	130737379	27415	4	1	6	1	mutual_excl	independent	2-1	2-1	True	12	0.181	0.228	gain	TP	TP
chr7	130898621	130919054	20433	1	2	11	1	mutual_excl	independent	2-1	2-1	True	15	0.717	0.157	gain	TP	TP
chr7	132053260	132053261	1	119	3	2	30	independent	independent	1-1	1-1	True	154	0.208	0.214	gain	TP	TP
chr7	134192198	134202776	10578	23	16	9	1	mutual_excl	independent	1-1	1-1	True	49	0.191	0.477	gain	TP	TP
chr7	135298697	135317823	19126	20	6	5	1	mutual_excl	independent	1-1	1-1	True	32	0.213	0.164	gain	TP	TP
chr7	135613204	135613205	1	96	1	1	23	independent	independent	2-1	2-1	True	121	0.194	0.195	gain	TP	TP
chr7	136782712	136789791	7079	61	1	1	20	independent	independent	1-1	1-1	True	83	0.186	0.248	gain	TP	TP
chr7	136855674	136856538	864	16	1	53	37	independent	independent	2-1	2-1	True	107	0.85	0.328	gain	TP	TP
chr7	136855674	136856539	865	16	1	57	34	independent	independent	2-1	2-1	True	108	0.85	0.299	gain	TP	TP
chr7	137435306	137458687	23381	17	1	1	2	independent	independent	1-1	1-1	True	21	0.158	0.206	gain	TP	TP
chr7	138165685	138172663	6978	67	1	1	17	independent	independent	2-1	2-1	True	86	0.211	0.264	gain	TP	TP
chr7	138771115	138771116	1	104	3	1	29	independent	independent	2-1	2-1	True	137	0.216	0.234	gain	TP	TP
chr7	138954836	138956385	1549	18	4	2	92	independent	independent	2-1	2-1	True	116	0.808	0.809	gain	TP	TP
chr7	144711293	144715058	3765	14	3	76	18	independent	independent	2-1	2-1	True	111	0.849	0.19	gain	TP	TP
chr7	144711293	144719839	8546	13	1	49	14	independent	independent	2-1	2-1	True	77	0.849	0.202	gain	TP	TP
chr7	145686392	145710857	24465	12	1	1	3	independent	independent	2-1	2-1	True	17	0.205	0.164	gain	TP	TP
chr7	146188609	146198851	10242	8	1	3	58	independent	independent	2-1	2-1	True	70	0.859	0.86	gain	TP	TP
chr7	146418222	146418808	586	75	54	19	2	independent	independent	2-1	2-1	True	150	0.145	0.356	gain	TP	TP
chr7	148129259	148129695	436	26	1	87	21	independent	independent	2-1	2-1	True	135	0.8	0.166	gain	TP	TP
chr7	149093134	149108670	15536	3	1	1	45	independent	independent	1-1	1-1	True	50	0.775	0.808	gain	TP	TP
chr7	149108670	149138283	29613	1	1	1	15	independent	independent	1-1	1-1	True	18	0.808	0.857	gain	TP	TP
chr7	149365249	149374307	9058	13	2	4	77	independent	independent	1-1	1-1	True	96	0.862	0.811	gain	TP	TP
chr7	150695444	150696960	1516	147	2	4	27	independent	independent	2-1	2-1	True	180	0.177	0.154	gain	TP	TP
chr7	151000647	151003052	2405	83	40	28	1	mutual_excl	independent	1-1	1-1	True	152	0.191	0.252	gain	TP	TP
chr7	152718305	152739258	20953	41	9	1	1	mutual_excl	independent	2-1	2-1	True	52	0.087	0.251	gain	TP	TP
chr7	153358234	153373483	15249	21	48	7	1	mutual_excl	independent	2-1	2-1	True	77	0.107	0.658	gain	TP	TP
chr7	154185061	154185803	742	57	4	2	129	independent	independent	1-1	1-1	True	192	0.676	0.678	gain	TP	TP
chr7	154185061	154194922	9861	28	1	4	55	independent	independent	1-1	1-1	True	88	0.676	0.659	gain	TP	TP
chr7	154677446	154677497	51	166	2	2	27	independent	independent	1-1	1-1	True	197	0.172	0.149	gain	TP	TP
chr7	154764316	154764393	77	212	2	1	36	independent	independent	2-1	2-1	True	251	0.146	0.153	gain	TP	TP
chr7	156112564	156112604	40	197	1	1	24	independent	independent	2-1	2-1	True	223	0.112	0.115	gain	TP	TP
chr7	156347222	156356551	9329	40	1	8	59	independent	independent	2-1	2-1	True	108	0.649	0.553	gain	TP	TP
chr7	156348639	156356551	7912	53	59	1	9	independent	independent	2-1	2-1	True	122	0.088	0.553	gain	TP	TP
chr7	156945160	156947618	2458	70	91	1	37	independent	independent	3	3	True	199	0.175	0.637	gain	TP	TP
chr7	156946170	156947618	1448	53	136	23	1	mutual_excl	independent	3	3	True	213	0.111	0.637	gain	TP	TP
chr7	157483647	157490203	6556	117	2	15	18	independent	independent	1-1	1-1	True	152	0.211	0.134	gain	TP	TP
chr7	158377608	158378919	1311	101	57	43	1	mutual_excl	independent	2-1	2-1	True	202	0.214	0.308	gain	TP	TP
chr7	158473424	158475255	1831	131	36	27	5	independent	independent	2-1	2-1	True	199	0.173	0.181	gain	TP	FP
chr7	158516429	158524989	8560	41	52	1	14	independent	independent	2-1	2-1	True	108	0.116	0.661	gain	TP	TP
chr7	159297424	159314847	17423	52	7	2	4	independent	independent	1-1	1-1	True	65	0.128	0.223	gain	TP	TP
chr7	159297424	159316686	19262	18	40	5	1	mutual_excl	independent	1-1	1-1	True	64	0.128	0.612	gain	TP	TP
chr12	1000405	1021146	20741	7	1	9	5	independent	independent	1-1	1-1	True	22	0.625	0.204	gain	TP	TP
chr12	1853747	1872956	19209	7	13	1	1	mutual_excl	independent	1-1	1-1	True	22	0.196	0.663	gain	TP	TP
chr12	1927908	1948574	20666	0	3	3	10	independent	independent	1-1	1-1	True	16	0.651	0.927	gain	TP	TP
chr12	2118204	2118707	503	64	1	2	23	independent	independent	1-1	1-1	True	90	0.263	0.278	gain	TP	TP
chr12	2118204	2122836	4632	37	1	1	20	independent	independent	1-1	1-1	True	59	0.263	0.33	gain	TP	TP
chr12	2118707	2122836	4129	38	1	1	22	independent	independent	1-1	1-1	True	62	0.278	0.33	gain	TP	TP
chr12	2118707	2122837	4130	38	1	1	21	independent	independent	1-1	1-1	True	61	0.278	0.322	gain	TP	TP
chr12	2768473	2784137	15664	0	14	1	4	independent	independent	1-1	1-1	True	19	0.33	0.934	gain	FP	TP
chr12	3423666	3432834	9168	2	30	11	1	mutual_excl	independent	1-1	1-1	True	44	0.253	0.691	gain	TP	TP
chr12	3806812	3829219	22407	2	3	1	6	independent	independent	1-1	1-1	True	12	0.481	0.78	gain	TP	TP
chr12	4014744	4024857	10113	29	1	1	6	independent	independent	1-1	1-1	True	37	0.188	0.183	gain	TP	TP
chr12	4585300	4600800	15500	11	1	14	6	independent	independent	1-1	1-1	True	32	0.714	0.192	gain	TP	TP
chr12	4971186	4981339	10153	39	14	2	1	mutual_excl	independent	1-1	1-1	True	56	0.056	0.222	gain	FP	TP
chr12	7336692	7343677	6985	17	43	1	17	independent	independent	1-1	1-1	True	78	0.2	0.782	gain	TP	TP
chr12	7591320	7595132	3812	42	17	11	9	independent	independent	1-1	1-1	True	79	0.244	0.311	gain	TP	FP
chr12	7595132	7615206	20074	9	5	3	5	independent	independent	1-1	1-1	True	22	0.311	0.26	gain	FP	TP
chr12	10229615	10248527	18912	6	4	1	1	mutual_excl	independent	2-1	2-1	True	12	0.203	0.552	gain	TP	FP
chr12	10784846	10785735	889	21	1	24	67	independent	independent	2-1	2-1	True	113	0.803	0.592	gain	TP	TP
chr12	10860023	10861354	1331	53	16	2	35	independent	independent	2-1	2-1	True	106	0.333	0.542	gain	TP	TP
chr12	11276811	11279576	2765	25	39	29	1	mutual_excl	independent	1-1	1-1	True	94	0.306	0.431	gain	TP	TP
chr12	11279576	11286259	6683	18	14	30	1	mutual_excl	independent	1-1	1-1	True	63	0.431	0.25	gain	TP	TP
chr12	11457742	11495124	37382	1	5	1	1	mutual_excl	independent	1-1	1-1	True	8	0.181	0.753	gain	TP	TP
chr12	11483521	11484372	851	74	35	1	18	independent	independent	1-1	1-1	True	128	0.144	0.409	gain	TP	TP
chr12	12016474	12025349	8875	39	3	26	27	independent	independent	1-1	1-1	True	95	0.629	0.308	gain	TP	TP
chr12	12016474	12029293	12819	33	3	26	17	independent	independent	1-1	1-1	True	79	0.629	0.34	gain	TP	TP
chr12	12562148	12562343	195	88	7	3	20	independent	independent	2-1	2-1	True	118	0.183	0.223	gain	TP	TP
chr12	13872609	13876704	4095	54	2	7	7	independent	independent	1-1	1-1	True	70	0.24	0.111	gain	TP	TP
chr12	14121726	14134006	12280	12	7	1	19	independent	independent	1-1	1-1	True	39	0.551	0.743	gain	TP	TP
chr12	14233457	14234534	1077	49	34	1	22	independent	independent	1-1	1-1	True	106	0.219	0.546	gain	TP	TP
chr12	15168595	15175728	7133	37	5	1	19	independent	independent	1-1	1-1	True	62	0.297	0.312	gain	TP	TP
chr12	17416568	17420866	4298	37	1	23	10	independent	independent	2-1	2-1	True	71	0.508	0.154	gain	TP	TP
chr12	17709379	17710926	1547	26	55	1	28	independent	independent	2-1	2-1	True	110	0.282	0.742	gain	TP	TP
chr12	18752994	18753424	430	85	1	4	25	independent	independent	2-1	2-1	True	115	0.256	0.224	gain	TP	TP
chr12	20173838	20183643	9805	25	19	11	1	mutual_excl	independent	2-1	2-1	True	56	0.186	0.29	gain	TP	TP
chr12	20183643	20198877	15234	15	15	3	6	independent	independent	2-1	2-1	True	39	0.29	0.57	gain	TP	TP
chr12	21652464	21654542	2078	16	34	1	11	independent	independent	1-1	1-1	True	62	0.225	0.75	gain	TP	TP
chr12	21948708	21956091	7383	21	2	20	30	independent	independent	1-1	1-1	True	73	0.745	0.496	gain	TP	TP
chr12	24371496	24376999	5503	54	2	3	15	independent	independent	2-1	2-1	True	74	0.254	0.236	gain	TP	TP
chr12	24807331	24807610	279	97	2	2	18	independent	independent	2-1	2-1	True	119	0.16	0.16	gain	TP	TP
chr12	28289633	28291989	2356	24	1	2	56	independent	independent	1-1	1-1	True	83	0.697	0.647	gain	TP	TP
chr12	28289633	28294319	4686	20	1	1	49	independent	independent	1-1	1-1	True	71	0.697	0.688	gain	TP	TP
chr12	28291989	28294319	2330	26	2	1	55	independent	independent	1-1	1-1	True	84	0.647	0.688	gain	TP	TP
chr12	28291989	28303065	11076	13	1	2	27	independent	independent	1-1	1-1	True	43	0.647	0.562	gain	TP	TP
chr12	28294319	28303065	8746	15	1	3	31	independent	independent	1-1	1-1	True	50	0.688	0.562	gain	TP	TP
chr12	28310910	28313638	2728	26	1	2	46	independent	independent	3	3	True	75	0.634	0.652	gain	TP	TP
chr12	28310910	28317627	6717	19	1	1	37	independent	independent	3	3	True	58	0.634	0.63	gain	TP	TP
chr12	28313638	28317627	3989	20	3	2	37	independent	independent	3	3	True	62	0.652	0.63	gain	TP	TP
chr12	28317627	28323818	6191	16	1	2	26	independent	independent	3	3	True	45	0.63	0.593	gain	TP	TP
chr12	28317627	28323914	6287	16	1	4	22	independent	independent	3	3	True	43	0.63	0.573	gain	TP	TP
chr12	28323818	28323914	96	35	2	1	47	independent	independent	3	3	True	85	0.593	0.573	gain	TP	TP
chr12	28323818	28325838	2020	23	1	1	39	independent	independent	3	3	True	64	0.593	0.616	gain	TP	TP
chr12	28342961	28346942	3981	18	1	3	45	independent	independent	3	3	True	67	0.707	0.66	gain	TP	TP
chr12	28342961	28348396	5435	15	1	1	45	independent	independent	3	3	True	62	0.707	0.702	gain	TP	TP
chr12	28346942	28348396	1454	24	4	3	59	independent	independent	3	3	True	90	0.66	0.702	gain	TP	TP
chr12	28346942	28357543	10601	14	2	1	18	independent	independent	3	3	True	35	0.66	0.711	gain	TP	TP
chr12	28348396	28356588	8192	16	2	1	35	independent	independent	3	3	True	54	0.702	0.721	gain	TP	TP
chr12	28348396	28357543	9147	15	1	1	23	independent	independent	3	3	True	40	0.702	0.711	gain	TP	TP
chr12	28356588	28357543	955	23	1	1	57	independent	independent	3	3	True	82	0.721	0.711	gain	TP	TP
chr12	28367688	28372504	4816	11	1	1	27	independent	independent	1-1	1-1	True	40	0.744	0.71	gain	TP	TP
chr12	28368584	28372504	3920	8	1	3	27	independent	independent	1-1	1-1	True	39	0.818	0.71	gain	TP	TP
chr12	28372264	28372504	240	19	1	1	46	independent	independent	1-1	1-1	True	67	0.696	0.71	gain	TP	TP
chr12	28372503	28379061	6558	11	1	1	26	independent	independent	1-1	1-1	True	39	0.657	0.663	gain	TP	TP
chr12	28372503	28381482	8979	11	1	1	23	independent	independent	1-1	1-1	True	36	0.657	0.642	gain	TP	TP
chr12	28381482	28383406	1924	24	1	1	37	independent	independent	1-1	1-1	True	63	0.642	0.671	gain	TP	TP
chr12	28381482	28383775	2293	24	1	3	35	independent	independent	1-1	1-1	True	63	0.642	0.598	gain	TP	TP
chr12	28381482	28383884	2402	24	1	1	38	independent	independent	1-1	1-1	True	64	0.642	0.626	gain	TP	TP
chr12	28383406	28383775	369	26	1	2	49	independent	independent	1-1	1-1	True	78	0.671	0.598	gain	TP	TP
chr12	28383406	28383884	478	26	1	1	51	independent	independent	1-1	1-1	True	79	0.671	0.626	gain	TP	TP
chr12	28383406	28385178	1772	23	1	1	42	independent	independent	1-1	1-1	True	67	0.671	0.602	gain	TP	TP
chr12	28383775	28383884	109	32	2	1	50	independent	independent	1-1	1-1	True	85	0.598	0.626	gain	TP	TP
chr12	28383775	28385178	1403	29	3	1	41	independent	independent	1-1	1-1	True	74	0.598	0.602	gain	TP	TP
chr12	28383884	28385178	1294	30	1	1	44	independent	independent	1-1	1-1	True	76	0.626	0.602	gain	TP	TP
chr12	28410948	28416270	5322	18	1	2	39	independent	independent	1-1	1-1	True	60	0.702	0.671	gain	TP	TP
chr12	30447200	30459329	12129	7	13	1	10	independent	independent	2-1	2-1	True	31	0.338	0.722	gain	TP	TP
chr12	30455346	30459329	3983	13	1	2	35	independent	independent	2-1	2-1	True	51	0.704	0.722	gain	TP	TP
chr12	34097523	34114995	17472	4	1	9	4	independent	independent	1-1	1-1	True	18	0.602	0.278	gain	TP	TP
chr12	40446404	40448637	2233	15	11	11	8	independent	independent	1-1	1-1	True	45	0.407	0.4	loh	TP	FP
chr12	41359559	41365504	5945	2	2	15	9	independent	independent	2-1	2-1	True	28	0.909	0.455	loh	TP	TP
chr12	46156160	46158183	2023	3	16	2	21	independent	independent	2-1	2-1	True	42	0.529	0.896	loh	TP	TP
chr12	47275547	47277874	2327	3	1	25	26	independent	independent	2-1	2-1	True	55	0.908	0.464	loh	TP	TP
chr12	49235584	49243210	7626	26	2	4	2	independent	independent	1-1	1-1	True	34	0.179	0.086	loh	FP	FP
chr12	57023981	57024800	819	3	20	3	30	independent	independent	1-1	1-1	True	56	0.578	0.899	loh	TP	TP
chr12	61693055	61702191	9136	3	1	14	4	independent	independent	1-1	1-1	True	22	0.923	0.135	loh	TP	FP
chr12	62946766	62953355	6589	35	1	1	3	independent	independent	2-1	2-1	True	40	0.066	0.062	loh	FP	FP
chr12	62947690	62953355	5665	37	1	1	3	independent	independent	2-1	2-1	True	42	0.07	0.062	loh	FP	FP
chr12	68062636	68070208	7572	1	1	16	11	independent	independent	1-1	1-1	True	29	0.911	0.371	loh	TP	TP
chr12	70078559	70089307	10748	2	23	4	1	mutual_excl	independent	1-1	1-1	True	30	0.117	0.897	loh	FP	TP
chr12	72646640	72662859	16219	0	1	5	5	independent	independent	1-1	1-1	True	11	0.902	0.5	loh	TP	TP
chr12	73828315	73830604	2289	1	16	1	11	independent	independent	2-1	2-1	True	29	0.465	0.927	loh	TP	TP
chr12	76050689	76050920	231	4	1	7	41	independent	independent	2-1	2-1	True	53	0.907	0.8	loh	TP	TP
chr12	76113227	76124739	11512	0	10	1	1	mutual_excl	independent	2-1	2-1	True	12	0.088	0.939	loh	FP	TP
chr12	77758151	77760923	2772	1	19	2	23	independent	independent	1-1	1-1	True	45	0.538	0.9	loh	TP	TP
chr12	77760923	77763339	2416	3	2	3	37	independent	independent	1-1	1-1	True	45	0.9	0.887	loh	TP	TP
chr12	78505965	78505966	1	41	1	1	29	independent	independent	1-1	1-1	True	72	0.417	0.417	loh	TP	TP
chr12	80152306	80154612	2306	1	1	18	19	independent	independent	2-1	2-1	True	39	0.957	0.471	loh	TP	TP
chr12	83807409	83813421	6012	2	1	15	16	independent	independent	2-1	2-1	True	34	0.929	0.508	loh	TP	TP
chr12	85915097	85929670	14573	15	4	2	1	mutual_excl	independent	2-1	2-1	True	22	0.096	0.156	loh	TP	FP
chr12	85929670	85940578	10908	10	1	2	2	independent	independent	2-1	2-1	True	15	0.156	0.345	loh	FP	TP
chr12	86372617	86380758	8141	2	1	2	22	independent	independent	2-1	2-1	True	27	0.886	0.844	loh	TP	TP
chr12	86380758	86392182	11424	4	1	13	8	independent	independent	2-1	2-1	True	26	0.844	0.476	loh	TP	TP
chr12	87039419	87057619	18200	1	1	1	7	independent	independent	1-1	1-1	True	10	0.959	0.943	loh	TP	TP
chr12	87936953	87940772	3819	1	1	22	24	independent	independent	1-1	1-1	True	48	0.941	0.569	loh	TP	TP
chr12	91070915	91097632	26717	0	1	1	9	independent	independent	2-1	2-1	True	11	0.946	0.953	loh	TP	TP
chr12	91157545	91163468	5923	0	12	1	15	independent	independent	2-1	2-1	True	28	0.609	0.962	loh	TP	TP
chr12	91163468	91178613	15145	0	1	7	6	independent	independent	2-1	2-1	True	14	0.962	0.441	loh	TP	TP
chr12	92159612	92165194	5582	2	1	17	12	independent	independent	1-1	1-1	True	32	0.931	0.308	loh	TP	TP
chr12	94857930	94862541	4611	1	35	1	2	independent	independent	2-1	2-1	True	39	0.071	0.943	loh	FP	TP
chr12	98026538	98052395	25857	0	1	4	5	independent	independent	2-1	2-1	True	10	0.981	0.431	loh	TP	TP
chr12	98269929	98275905	5976	2	22	1	8	independent	independent	2-1	2-1	True	33	0.318	0.942	loh	TP	TP
chr12	100846860	100857028	10168	3	1	18	6	independent	independent	2-1	2-1	True	28	0.938	0.236	loh	TP	TP
chr12	111609368	111622786	13418	2	12	1	9	independent	independent	1-1	1-1	True	24	0.448	0.925	loh	TP	TP
chr12	111622786	111623479	693	2	2	3	41	independent	independent	1-1	1-1	True	48	0.925	0.906	loh	TP	TP
chr12	112401506	112412921	11415	1	1	14	4	independent	independent	1-1	1-1	True	20	0.927	0.373	loh	TP	TP
chr12	113975335	113979825	4490	3	15	2	13	independent	independent	2-1	2-1	True	33	0.508	0.865	loh	TP	TP
chr12	115181409	115183485	2076	27	9	1	9	independent	independent	2-1	2-1	True	46	0.241	0.418	loh	TP	TP
chr12	120339258	120351300	12042	0	12	1	6	independent	independent	1-1	1-1	True	19	0.345	0.976	loh	TP	TP
chr12	120922197	120934353	12156	11	1	2	1	mutual_excl	independent	2-1	2-1	True	15	0.114	0.167	loh	FP	FP
chr12	121963814	121971021	7207	2	1	12	16	independent	independent	2-1	2-1	True	31	0.906	0.508	loh	TP	TP
chr12	122169572	122176206	6634	1	22	4	1	mutual_excl	independent	2-1	2-1	True	28	0.088	0.883	loh	FP	TP
chr12	128714582	128720534	5952	0	1	1	27	independent	independent	1-1	1-1	True	29	0.98	0.902	loh	TP	TP
chr12	129789499	129801270	11771	0	1	1	20	independent	independent	2-1	2-1	True	22	0.958	0.962	loh	TP	TP
chr12	132557304	132559482	2178	1	5	14	22	independent	independent	1-1	1-1	True	42	0.855	0.627	loh	TP	TP
chr12	132557304	132559483	2179	1	5	15	22	independent	independent	1-1	1-1	True	43	0.855	0.633	loh	TP	TP
chr12	132559483	132563011	3528	13	1	28	1	mutual_excl	independent	1-1	1-1	True	43	0.633	0.083	loh	TP	FP
chr17	935117	935246	129	1	25	1	49	independent	independent	2-1	2-1	True	76	0.671	0.974	gain	TP	TP
chr17	1359163	1360679	1516	29	38	15	1	mutual_excl	independent	2-1	2-1	True	83	0.187	0.412	gain	TP	TP
chr17	6723713	6734328	10615	33	1	1	13	independent	independent	2-1	2-1	True	48	0.333	0.283	gain	TP	TP
chr17	7807669	7809566	1897	3	1	19	47	independent	independent	2-1	2-1	True	70	0.954	0.667	gain	TP	TP
chr17	9577080	9611231	34151	2	1	5	1	mutual_excl	independent	2-1	2-1	True	9	0.384	0.272	gain	TP	TP
chr17	10176583	10180797	4214	2	1	39	20	independent	independent	2-1	2-1	True	62	0.952	0.312	gain	TP	TP
chr17	10176583	10182358	5775	2	1	39	15	independent	independent	2-1	2-1	True	57	0.952	0.301	gain	TP	TP
chr17	10180797	10182358	1561	55	1	1	20	independent	independent	2-1	2-1	True	77	0.312	0.301	gain	TP	TP
chr17	15096706	15104669	7963	1	1	32	13	independent	independent	2-1	2-1	True	47	0.926	0.322	gain	TP	TP
chr17	15916330	15922578	6248	34	2	1	13	independent	independent	1-1	1-1	True	50	0.364	0.348	gain	TP	TP
chr17	15916330	15923393	7063	25	7	9	2	independent	independent	1-1	1-1	True	43	0.364	0.212	gain	TP	FP
chr17	15922578	15923393	815	42	12	20	5	independent	independent	1-1	1-1	True	79	0.348	0.212	gain	TP	FP
chr17	16407097	16409290	2193	3	1	25	31	independent	independent	2-1	2-1	True	60	0.944	0.512	gain	TP	TP
chr17	16851823	16854740	2917	1	12	2	38	independent	independent	2-1	2-1	True	53	0.7	0.916	gain	TP	TP
chr17	17357257	17365362	8105	0	1	24	15	independent	independent	3	3	True	40	0.934	0.333	gain	TP	TP
chr17	18963762	18986603	22841	0	7	5	1	mutual_excl	independent	1-1	1-1	True	13	0.586	0.349	gain	TP	TP
chr17	18986516	18986603	87	53	1	1	25	independent	independent	1-1	1-1	True	80	0.31	0.349	gain	TP	TP
chr17	18986603	18988513	1910	46	1	2	20	independent	independent	1-1	1-1	True	69	0.349	0.305	gain	TP	TP
chr17	19371529	19373354	1825	3	21	2	27	independent	independent	2-1	2-1	True	53	0.508	0.902	loh	TP	TP
chr17	20803094	20815800	12706	2	8	1	11	independent	independent	1-1	1-1	True	22	0.52	0.943	loh	TP	TP
chr17	29004671	29004672	1	30	1	1	25	independent	independent	1-1	1-1	True	57	0.456	0.448	loh	TP	TP
chr17	33594859	33595286	427	29	4	3	3	independent	independent	1-1	1-1	True	39	0.146	0.19	loh	FP	FP
chr17	39673348	39675811	2463	12	3	17	14	independent	independent	2-1	2-1	True	46	0.656	0.371	loh	TP	TP
chr17	40103043	40103883	840	2	24	2	12	independent	independent	2-1	2-1	True	40	0.353	0.9	loh	TP	TP
chr17	42634451	42652531	18080	0	3	1	14	independent	independent	2-1	2-1	True	18	0.887	0.945	loh	TP	TP
chr17	42652531	42658336	5805	0	3	1	38	independent	independent	2-1	2-1	True	42	0.945	0.985	loh	TP	TP
chr17	44621135	44627169	6034	0	1	2	41	independent	independent	2-1	2-1	True	44	0.974	0.97	loh	TP	TP
chr17	47874410	47877358	2948	43	1	1	8	independent	independent	2-1	2-1	True	53	0.159	0.155	loh	FP	FP
chr17	47875244	47877358	2114	35	1	2	7	independent	independent	2-1	2-1	True	45	0.204	0.155	loh	FP	FP
chr17	49162149	49163522	1373	58	1	1	7	independent	independent	2-1	2-1	True	67	0.156	0.145	loh	FP	FP
chr17	49162285	49163522	1237	58	1	1	8	independent	independent	2-1	2-1	True	68	0.169	0.145	loh	FP	FP
chr17	49229244	49229971	727	52	1	2	5	independent	independent	2-1	2-1	True	60	0.118	0.095	loh	FP	FP
chr17	49229244	49230283	1039	49	2	1	5	independent	independent	2-1	2-1	True	57	0.118	0.119	loh	FP	FP
chr17	49229244	49239295	10051	25	1	1	4	independent	independent	2-1	2-1	True	31	0.118	0.134	loh	FP	FP
chr17	49229244	49240795	11551	24	1	1	4	independent	independent	2-1	2-1	True	30	0.118	0.147	loh	FP	FP
chr17	49468225	49469630	1405	25	11	20	1	mutual_excl	independent	1-1	1-1	True	57	0.366	0.197	loh	TP	FP
chr17	49468225	49471559	3334	23	8	15	1	mutual_excl	independent	1-1	1-1	True	47	0.366	0.167	loh	TP	FP
chr17	49469630	49470569	939	41	1	3	7	independent	independent	1-1	1-1	True	52	0.197	0.155	loh	FP	FP
chr17	49469630	49471559	1929	38	1	3	8	independent	independent	1-1	1-1	True	50	0.197	0.167	loh	FP	FP
chr17	49469630	49472574	2944	36	1	3	8	independent	independent	1-1	1-1	True	48	0.197	0.143	loh	FP	FP
chr17	49470569	49471559	990	41	1	1	8	independent	independent	1-1	1-1	True	51	0.155	0.167	loh	FP	FP
chr17	49471559	49472574	1015	46	1	1	9	independent	independent	1-1	1-1	True	57	0.167	0.143	loh	FP	FP
chr17	49478831	49479216	385	75	2	1	11	independent	independent	2-1	2-1	True	89	0.129	0.163	loh	FP	FP
chr17	49478831	49479372	541	74	1	1	11	independent	independent	2-1	2-1	True	87	0.129	0.154	loh	FP	FP
chr17	49478831	49481845	3014	55	1	1	8	independent	independent	2-1	2-1	True	65	0.129	0.139	loh	FP	FP
chr17	49478831	49482709	3878	44	2	1	8	independent	independent	2-1	2-1	True	55	0.129	0.171	loh	FP	FP
chr17	49478831	49483303	4472	46	1	2	8	independent	independent	2-1	2-1	True	57	0.129	0.16	loh	FP	FP
chr17	49478831	49483341	4510	41	1	1	9	independent	independent	2-1	2-1	True	52	0.129	0.186	loh	FP	FP
chr17	49478831	49483610	4779	47	1	2	8	independent	independent	2-1	2-1	True	58	0.129	0.156	loh	FP	FP
chr17	49483303	49483610	307	62	1	1	11	independent	independent	2-1	2-1	True	75	0.16	0.156	loh	FP	FP
chr17	49949533	49963503	13970	3	1	11	8	independent	independent	2-1	2-1	True	23	0.87	0.333	loh	TP	TP
chr17	49949533	49964276	14743	1	1	2	16	independent	independent	2-1	2-1	True	20	0.87	0.847	loh	TP	TP
chr17	49963503	49964276	773	6	32	2	17	independent	independent	2-1	2-1	True	57	0.333	0.847	loh	TP	TP
chr17	56871278	56874823	3545	1	2	2	36	independent	independent	1-1	1-1	True	41	0.922	0.918	loh	TP	TP
chr17	57135725	57149593	13868	0	1	8	9	independent	independent	1-1	1-1	True	18	0.875	0.436	loh	TP	TP
chr17	57135725	57149594	13869	0	1	8	9	independent	independent	1-1	1-1	True	18	0.875	0.481	loh	TP	TP
chr17	59550911	59550917	6	8	5	2	42	independent	independent	2-1	2-1	True	57	0.763	0.828	loh	TP	TP
chr17	60207830	60211955	4125	47	1	2	4	independent	independent	2-1	2-1	True	54	0.1	0.087	loh	FP	FP
chr17	60207830	60224503	16673	16	1	1	2	independent	independent	2-1	2-1	True	20	0.1	0.183	loh	FP	FP
chr17	60211955	60224503	12548	20	1	1	3	independent	independent	2-1	2-1	True	25	0.087	0.183	loh	FP	FP
chr17	68898763	68901984	3221	79	23	1	23	independent	independent	1-1	1-1	True	126	0.199	0.351	gain	TP	TP
chr17	69480332	69500506	20174	7	1	7	2	independent	independent	2-1	2-1	True	17	0.528	0.194	gain	TP	TP
chr17	69500506	69502907	2401	51	38	2	20	independent	independent	2-1	2-1	True	111	0.194	0.531	gain	TP	TP
chr17	69567654	69575289	7635	50	16	17	1	mutual_excl	independent	2-1	2-1	True	84	0.22	0.23	gain	TP	TP
chr17	69916983	69928947	11964	23	13	7	1	mutual_excl	independent	2-1	2-1	True	44	0.188	0.264	gain	TP	TP
chr17	69928947	69931370	2423	56	26	30	3	independent	independent	2-1	2-1	True	115	0.264	0.243	gain	TP	TP
chr17	69964653	69990605	25952	4	1	1	6	independent	independent	2-1	2-1	True	12	0.376	0.604	gain	TP	TP
chr17	69987471	69990605	3134	38	38	1	27	independent	independent	2-1	2-1	True	104	0.256	0.604	gain	TP	TP
chr17	70045541	70045542	1	107	1	3	22	independent	independent	2-1	2-1	True	133	0.2	0.172	gain	TP	TP
chr17	72196932	72215305	18373	24	1	1	5	independent	independent	2-1	2-1	True	31	0.214	0.196	gain	TP	TP
chr17	72280686	72285027	4341	54	1	2	47	independent	independent	2-1	2-1	True	104	0.439	0.484	gain	TP	TP
chr17	72280686	72286452	5766	48	1	3	41	independent	independent	2-1	2-1	True	93	0.439	0.426	gain	TP	TP
chr17	72285027	72286452	1425	63	2	4	58	independent	independent	2-1	2-1	True	127	0.484	0.426	gain	TP	TP
chr17	72325651	72338421	12770	29	1	1	12	independent	independent	2-1	2-1	True	43	0.388	0.307	gain	TP	TP
chr17	72391620	72391712	92	57	32	40	2	independent	independent	2-1	2-1	True	131	0.316	0.263	gain	TP	TP
chr17	74626061	74658053	31992	2	1	3	1	mutual_excl	independent	2-1	2-1	True	7	0.496	0.29	gain	TP	TP
chr17	75190472	75211057	20585	1	1	9	14	independent	independent	2-1	2-1	True	25	0.925	0.643	gain	TP	TP
chr17	75985775	75985869	94	4	59	41	1	mutual_excl	independent	1-1	1-1	True	105	0.412	0.564	gain	TP	TP
chr17	78143074	78152781	9707	26	12	3	1	mutual_excl	independent	1-1	1-1	True	42	0.104	0.353	gain	FP	TP
chr17	79603863	79622550	18687	13	4	5	12	independent	independent	2-1	2-1	True	34	0.496	0.35	gain	TP	TP
chr17	79603863	79635201	31338	1	2	6	1	mutual_excl	independent	2-1	2-1	True	10	0.496	0.473	gain	TP	TP
chr17	79622550	79635201	12651	10	16	12	2	independent	independent	2-1	2-1	True	40	0.35	0.473	gain	TP	TP
chr17	79635201	79635336	135	51	2	5	43	independent	independent	2-1	2-1	True	101	0.473	0.426	gain	TP	TP
chr17	79706835	79725866	19031	2	4	9	1	mutual_excl	independent	2-1	2-1	True	16	0.545	0.204	gain	TP	TP
chr17	79755424	79755552	128	57	4	21	31	independent	independent	2-1	2-1	True	113	0.458	0.31	gain	TP	TP
chr17	79755552	79770987	15435	12	6	3	4	independent	independent	2-1	2-1	True	25	0.31	0.413	gain	TP	TP
chr17	79974466	79975019	553	126	2	1	35	independent	independent	2-1	2-1	True	164	0.204	0.229	gain	TP	TP
chr17	79974466	79976235	1769	119	1	1	30	independent	independent	2-1	2-1	True	151	0.204	0.208	gain	TP	TP
chr17	79974466	79976938	2472	111	1	2	25	independent	independent	2-1	2-1	True	139	0.204	0.191	gain	TP	TP
chr17	79974466	79979195	4729	91	1	1	22	independent	independent	2-1	2-1	True	115	0.204	0.176	gain	TP	TP
chr17	79974466	79979415	4949	88	2	1	22	independent	independent	2-1	2-1	True	113	0.204	0.183	gain	TP	TP
chr17	79974466	79980046	5580	84	1	1	21	independent	independent	2-1	2-1	True	107	0.204	0.17	gain	TP	TP
chr17	79974466	79985519	11053	49	1	1	15	independent	independent	2-1	2-1	True	66	0.204	0.201	gain	TP	TP
chr17	79974466	79986454	11988	44	1	1	10	independent	independent	2-1	2-1	True	56	0.204	0.156	gain	TP	TP
chr17	79974466	79986834	12368	44	2	1	9	independent	independent	2-1	2-1	True	56	0.204	0.15	gain	TP	TP
chr17	79974466	79991120	16654	34	1	1	8	independent	independent	2-1	2-1	True	44	0.204	0.135	gain	TP	TP
chr17	79974466	79995249	20783	27	1	1	5	independent	independent	2-1	2-1	True	34	0.204	0.142	gain	TP	TP
chr17	79975019	79975835	816	117	1	3	32	independent	independent	2-1	2-1	True	153	0.229	0.201	gain	TP	TP
chr17	79975019	79976235	1216	114	1	2	32	independent	independent	2-1	2-1	True	149	0.229	0.208	gain	TP	TP
chr17	79975019	79976558	1539	112	1	1	29	independent	independent	2-1	2-1	True	143	0.229	0.202	gain	TP	TP
chr17	79975019	79976938	1919	107	1	3	27	independent	independent	2-1	2-1	True	138	0.229	0.191	gain	TP	TP
chr17	79975019	79976984	1965	102	1	2	26	independent	independent	2-1	2-1	True	131	0.229	0.191	gain	TP	TP
chr17	79975019	79977762	2743	96	3	1	25	independent	independent	2-1	2-1	True	125	0.229	0.194	gain	TP	TP
chr17	79975019	79979195	4176	88	1	2	24	independent	independent	2-1	2-1	True	115	0.229	0.176	gain	TP	TP
chr17	79975019	79979415	4396	85	2	2	24	independent	independent	2-1	2-1	True	113	0.229	0.183	gain	TP	TP
chr17	79975019	79980046	5027	82	1	2	21	independent	independent	2-1	2-1	True	106	0.229	0.17	gain	TP	TP
chr17	79975019	79980209	5190	78	1	1	21	independent	independent	2-1	2-1	True	101	0.229	0.179	gain	TP	TP
chr17	79975019	79980813	5794	72	1	1	21	independent	independent	2-1	2-1	True	95	0.229	0.165	gain	TP	TP
chr17	79975019	79981189	6170	69	1	1	19	independent	independent	2-1	2-1	True	90	0.229	0.17	gain	TP	TP
chr17	79975019	79982762	7743	62	3	1	20	independent	independent	2-1	2-1	True	86	0.229	0.205	gain	TP	TP
chr17	79975019	79985519	10500	46	1	2	15	independent	independent	2-1	2-1	True	64	0.229	0.201	gain	TP	TP
chr17	79975019	79985596	10577	47	1	3	12	independent	independent	2-1	2-1	True	63	0.229	0.162	gain	TP	TP
chr17	79975019	79986135	11116	43	1	1	10	independent	independent	2-1	2-1	True	55	0.229	0.153	gain	TP	TP
chr17	79975019	79986454	11435	41	1	2	10	independent	independent	2-1	2-1	True	54	0.229	0.156	gain	TP	TP
chr17	79975019	79986834	11815	40	2	2	9	independent	independent	2-1	2-1	True	53	0.229	0.15	gain	TP	TP
chr17	79975019	79991120	16101	32	1	2	8	independent	independent	2-1	2-1	True	43	0.229	0.135	gain	TP	TP
chr17	79975019	79992185	17166	29	1	4	5	independent	independent	2-1	2-1	True	39	0.229	0.13	gain	TP	TP
chr17	79975019	79992447	17428	28	1	3	5	independent	independent	2-1	2-1	True	37	0.229	0.133	gain	TP	TP
chr17	79975019	79992972	17953	28	1	1	8	independent	independent	2-1	2-1	True	38	0.229	0.161	gain	TP	TP
chr17	79975019	79993553	18534	24	1	2	7	independent	independent	2-1	2-1	True	34	0.229	0.146	gain	TP	TP
chr17	79975019	79994081	19062	25	2	1	7	independent	independent	2-1	2-1	True	35	0.229	0.154	gain	TP	TP
chr17	79975019	79994936	19917	25	1	1	6	independent	independent	2-1	2-1	True	33	0.229	0.155	gain	TP	TP
chr17	79975019	79995084	20065	25	1	1	5	independent	independent	2-1	2-1	True	32	0.229	0.136	gain	TP	TP
chr17	79975019	79995249	20230	25	1	2	5	independent	independent	2-1	2-1	True	33	0.229	0.142	gain	TP	TP
chr17	79975019	79996494	21475	22	1	1	6	independent	independent	2-1	2-1	True	30	0.229	0.168	gain	TP	TP
chr17	79975019	79997005	21986	19	1	1	6	independent	independent	2-1	2-1	True	27	0.229	0.155	gain	TP	TP
chr17	79975019	79997828	22809	18	1	1	6	independent	independent	2-1	2-1	True	26	0.229	0.164	gain	TP	TP
chr17	79975019	79999239	24220	17	1	2	4	independent	independent	2-1	2-1	True	24	0.229	0.167	gain	TP	TP
chr17	79975019	79999243	24224	17	1	1	5	independent	independent	2-1	2-1	True	24	0.229	0.175	gain	TP	TP
chr17	79975019	80003901	28882	11	1	1	3	independent	independent	2-1	2-1	True	16	0.229	0.174	gain	TP	TP
chr17	79975835	79976235	400	127	2	1	30	independent	independent	2-1	2-1	True	160	0.201	0.208	gain	TP	TP
chr17	79975835	79976938	1103	116	2	2	25	independent	independent	2-1	2-1	True	145	0.201	0.191	gain	TP	TP
chr17	79975835	79979195	3360	98	2	1	22	independent	independent	2-1	2-1	True	123	0.201	0.176	gain	TP	TP
chr17	79975835	79979415	3580	94	3	1	22	independent	independent	2-1	2-1	True	120	0.201	0.183	gain	TP	TP
chr17	79975835	79980046	4211	91	2	1	20	independent	independent	2-1	2-1	True	114	0.201	0.17	gain	TP	TP
chr17	79975835	79985519	9684	53	2	1	13	independent	independent	2-1	2-1	True	69	0.201	0.201	gain	TP	TP
chr17	79975835	79985596	9761	53	1	2	11	independent	independent	2-1	2-1	True	67	0.201	0.162	gain	TP	TP
chr17	79975835	79986454	10619	48	2	1	9	independent	independent	2-1	2-1	True	60	0.201	0.156	gain	TP	TP
chr17	79975835	79986834	10999	49	3	1	8	independent	independent	2-1	2-1	True	61	0.201	0.15	gain	TP	TP
chr17	79975835	79991120	15285	36	2	1	7	independent	independent	2-1	2-1	True	46	0.201	0.135	gain	TP	TP
chr17	79975835	79992447	16612	33	1	2	5	independent	independent	2-1	2-1	True	41	0.201	0.133	gain	TP	TP
chr17	79975835	79995249	19414	28	2	1	4	independent	independent	2-1	2-1	True	35	0.201	0.142	gain	TP	TP
chr17	79976235	79976938	703	118	1	2	29	independent	independent	2-1	2-1	True	150	0.208	0.191	gain	TP	TP
chr17	79976235	79976984	749	113	1	1	28	independent	independent	2-1	2-1	True	143	0.208	0.191	gain	TP	TP
chr17	79976235	79979195	2960	98	1	1	26	independent	independent	2-1	2-1	True	126	0.208	0.176	gain	TP	TP
chr17	79976235	79979415	3180	95	2	1	26	independent	independent	2-1	2-1	True	124	0.208	0.183	gain	TP	TP
chr17	79976235	79980046	3811	91	1	1	23	independent	independent	2-1	2-1	True	116	0.208	0.17	gain	TP	TP
chr17	79976235	79980813	4578	79	1	1	22	independent	independent	2-1	2-1	True	103	0.208	0.165	gain	TP	TP
chr17	79976235	79985519	9284	51	1	1	16	independent	independent	2-1	2-1	True	69	0.208	0.201	gain	TP	TP
chr17	79976235	79985596	9361	51	1	2	13	independent	independent	2-1	2-1	True	67	0.208	0.162	gain	TP	TP
chr17	79976235	79986834	10599	47	1	1	10	independent	independent	2-1	2-1	True	59	0.208	0.15	gain	TP	TP
chr17	79976558	79977762	1204	111	2	1	27	independent	independent	2-1	2-1	True	141	0.202	0.194	gain	TP	TP
chr17	79976558	79979415	2857	99	1	2	26	independent	independent	2-1	2-1	True	128	0.202	0.183	gain	TP	TP
chr17	79976558	79982762	6204	72	2	1	21	independent	independent	2-1	2-1	True	96	0.202	0.205	gain	TP	TP
chr17	79976558	79986834	10276	49	1	1	10	independent	independent	2-1	2-1	True	61	0.202	0.15	gain	TP	TP
chr17	79976938	79976984	46	119	1	1	28	independent	independent	2-1	2-1	True	149	0.191	0.191	gain	TP	TP
chr17	79976938	79979195	2257	104	2	1	25	independent	independent	2-1	2-1	True	132	0.191	0.176	gain	TP	TP
chr17	79976938	79979415	2477	101	3	1	25	independent	independent	2-1	2-1	True	130	0.191	0.183	gain	TP	TP
chr17	79976938	79980046	3108	96	2	1	22	independent	independent	2-1	2-1	True	121	0.191	0.17	gain	TP	TP
chr17	79976938	79980813	3875	84	2	1	21	independent	independent	2-1	2-1	True	108	0.191	0.165	gain	TP	TP
chr17	79976938	79985596	8658	55	1	2	13	independent	independent	2-1	2-1	True	71	0.191	0.162	gain	TP	TP
chr17	79976938	79992447	15509	32	1	2	5	independent	independent	2-1	2-1	True	40	0.191	0.133	gain	TP	TP
chr17	79976938	79993553	16615	28	1	1	7	independent	independent	2-1	2-1	True	37	0.191	0.146	gain	TP	TP
chr17	79976938	79995249	18311	28	1	1	5	independent	independent	2-1	2-1	True	35	0.191	0.142	gain	TP	TP
chr17	79976938	79999239	22301	20	1	1	4	independent	independent	2-1	2-1	True	26	0.191	0.167	gain	TP	TP
chr17	79976984	79979195	2211	103	1	1	24	independent	independent	2-1	2-1	True	129	0.191	0.176	gain	TP	TP
chr17	79976984	79979415	2431	100	2	1	24	independent	independent	2-1	2-1	True	127	0.191	0.183	gain	TP	TP
chr17	79976984	79980046	3062	96	1	1	21	independent	independent	2-1	2-1	True	119	0.191	0.17	gain	TP	TP
chr17	79976984	79986454	9470	51	1	1	9	independent	independent	2-1	2-1	True	62	0.191	0.156	gain	TP	TP
chr17	79976984	79986834	9850	52	1	1	8	independent	independent	2-1	2-1	True	62	0.191	0.15	gain	TP	TP
chr17	79976984	79991120	14136	37	1	1	7	independent	independent	2-1	2-1	True	46	0.191	0.135	gain	TP	TP
chr17	79977762	79979415	1653	112	1	3	25	independent	independent	2-1	2-1	True	141	0.194	0.183	gain	TP	TP
chr17	79977762	79982762	5000	80	2	1	20	independent	independent	2-1	2-1	True	103	0.194	0.205	gain	TP	TP
chr17	79977762	79986834	9072	53	1	2	9	independent	independent	2-1	2-1	True	65	0.194	0.15	gain	TP	TP
chr17	79979195	79979415	220	134	2	1	29	independent	independent	2-1	2-1	True	166	0.176	0.183	gain	TP	TP
chr17	79979195	79980046	851	127	1	1	26	independent	independent	2-1	2-1	True	155	0.176	0.17	gain	TP	TP
chr17	79979195	79980813	1618	114	1	1	24	independent	independent	2-1	2-1	True	140	0.176	0.165	gain	TP	TP
chr17	79979195	79986834	7639	69	1	1	12	independent	independent	2-1	2-1	True	83	0.176	0.15	gain	TP	TP
chr17	79979415	79980046	631	128	1	2	26	independent	independent	2-1	2-1	True	157	0.183	0.17	gain	TP	TP
chr17	79979415	79980209	794	122	1	1	26	independent	independent	2-1	2-1	True	150	0.183	0.179	gain	TP	TP
chr17	79979415	79980813	1398	116	1	2	24	independent	independent	2-1	2-1	True	143	0.183	0.165	gain	TP	TP
chr17	79979415	79982762	3347	98	3	1	23	independent	independent	2-1	2-1	True	125	0.183	0.205	gain	TP	TP
chr17	79979415	79985519	6104	74	1	2	18	independent	independent	2-1	2-1	True	95	0.183	0.201	gain	TP	TP
chr17	79979415	79985596	6181	75	1	3	15	independent	independent	2-1	2-1	True	94	0.183	0.162	gain	TP	TP
chr17	79979415	79986135	6720	73	1	1	12	independent	independent	2-1	2-1	True	87	0.183	0.153	gain	TP	TP
chr17	79979415	79986454	7039	68	1	2	12	independent	independent	2-1	2-1	True	83	0.183	0.156	gain	TP	TP
chr17	79979415	79986834	7419	70	2	2	11	independent	independent	2-1	2-1	True	85	0.183	0.15	gain	TP	TP
chr17	79979415	79988039	8624	59	1	1	12	independent	independent	2-1	2-1	True	73	0.183	0.176	gain	TP	TP
chr17	79979415	79991120	11705	49	1	2	9	independent	independent	2-1	2-1	True	61	0.183	0.135	gain	TP	TP
chr17	79979415	79992185	12770	45	1	4	6	independent	independent	2-1	2-1	True	56	0.183	0.13	gain	TP	TP
chr17	79979415	79992447	13032	45	1	3	6	independent	independent	2-1	2-1	True	55	0.183	0.133	gain	TP	TP
chr17	79979415	79992972	13557	42	1	1	9	independent	independent	2-1	2-1	True	53	0.183	0.161	gain	TP	TP
chr17	79979415	79993553	14138	38	1	2	8	independent	independent	2-1	2-1	True	49	0.183	0.146	gain	TP	TP
chr17	79979415	79994081	14666	37	2	1	8	independent	independent	2-1	2-1	True	48	0.183	0.154	gain	TP	TP
chr17	79979415	79994267	14852	35	1	1	7	independent	independent	2-1	2-1	True	44	0.183	0.144	gain	TP	TP
chr17	79979415	79994936	15521	35	1	1	7	independent	independent	2-1	2-1	True	44	0.183	0.155	gain	TP	TP
chr17	79980046	79980813	767	118	1	1	24	independent	independent	2-1	2-1	True	144	0.17	0.165	gain	TP	TP
chr17	79980046	79986834	6788	71	1	1	12	independent	independent	2-1	2-1	True	85	0.17	0.15	gain	TP	TP
chr17	79980209	79982762	2553	95	2	1	23	independent	independent	2-1	2-1	True	121	0.179	0.205	gain	TP	TP
chr17	79980209	79986834	6625	69	1	1	12	independent	independent	2-1	2-1	True	83	0.179	0.15	gain	TP	TP
chr17	79980209	80003901	23692	18	1	1	3	independent	independent	2-1	2-1	True	23	0.179	0.174	gain	TP	TP
chr17	79980209	80005657	25448	17	1	1	2	independent	independent	2-1	2-1	True	21	0.179	0.213	gain	TP	TP
chr17	79980813	79985519	4706	78	1	1	18	independent	independent	2-1	2-1	True	98	0.165	0.201	gain	TP	TP
chr17	79980813	79985596	4783	79	1	2	16	independent	independent	2-1	2-1	True	98	0.165	0.162	gain	TP	TP
chr17	79980813	79986834	6021	74	1	1	12	independent	independent	2-1	2-1	True	88	0.165	0.15	gain	TP	TP
chr17	79981189	79986834	5645	76	1	1	12	independent	independent	2-1	2-1	True	90	0.17	0.15	gain	TP	TP
chr17	79982762	79986834	4072	79	1	2	13	independent	independent	2-1	2-1	True	95	0.205	0.15	gain	TP	TP
chr17	79982762	79988039	5277	66	1	1	14	independent	independent	2-1	2-1	True	82	0.205	0.176	gain	TP	TP
chr17	79982762	79994081	11319	42	1	1	9	independent	independent	2-1	2-1	True	53	0.205	0.154	gain	TP	TP
chr17	79985519	79985596	77	108	1	3	21	independent	independent	2-1	2-1	True	133	0.201	0.162	gain	TP	TP
chr17	79985596	79992185	6589	68	2	1	6	independent	independent	2-1	2-1	True	77	0.162	0.13	gain	TP	TP
chr17	79986454	79992447	5993	67	1	2	9	independent	independent	2-1	2-1	True	79	0.156	0.133	gain	TP	TP
chr17	79986454	79993553	7099	61	1	1	11	independent	independent	2-1	2-1	True	74	0.156	0.146	gain	TP	TP
chr17	79986454	79995249	8795	56	1	1	9	independent	independent	2-1	2-1	True	67	0.156	0.142	gain	TP	TP
chr17	79986454	79997828	11374	43	1	1	9	independent	independent	2-1	2-1	True	54	0.156	0.164	gain	TP	TP
chr17	79986454	79999239	12785	39	1	1	7	independent	independent	2-1	2-1	True	48	0.156	0.167	gain	TP	TP
chr17	79986834	79988039	1205	94	2	1	17	independent	independent	2-1	2-1	True	114	0.15	0.176	gain	TP	TP
chr17	79986834	79992447	5613	67	1	2	9	independent	independent	2-1	2-1	True	79	0.15	0.133	gain	TP	TP
chr17	79986834	79993553	6719	60	1	1	11	independent	independent	2-1	2-1	True	73	0.15	0.146	gain	TP	TP
chr17	79986834	79995249	8415	55	1	1	9	independent	independent	2-1	2-1	True	66	0.15	0.142	gain	TP	TP
chr17	79986834	79997828	10994	43	1	1	9	independent	independent	2-1	2-1	True	54	0.15	0.164	gain	TP	TP
chr17	79986834	79999239	12405	38	1	1	7	independent	independent	2-1	2-1	True	47	0.15	0.167	gain	TP	TP
chr17	79988039	79994081	6042	59	2	1	12	independent	independent	2-1	2-1	True	74	0.176	0.154	gain	TP	TP
chr17	79988039	79996494	8455	48	1	2	11	independent	independent	2-1	2-1	True	62	0.176	0.168	gain	TP	TP
chr17	79988039	79999850	11811	38	1	2	7	independent	independent	2-1	2-1	True	48	0.176	0.198	gain	TP	TP
chr17	79988039	80000548	12509	39	1	2	7	independent	independent	2-1	2-1	True	49	0.176	0.197	gain	TP	TP
chr17	79988039	80003901	15862	29	1	2	6	independent	independent	2-1	2-1	True	38	0.176	0.174	gain	TP	TP
chr17	79988039	80007757	19718	25	1	2	3	independent	independent	2-1	2-1	True	31	0.176	0.16	gain	TP	TP
chr17	79988039	80012945	24906	15	1	2	1	mutual_excl	independent	2-1	2-1	True	19	0.176	0.157	gain	TP	TP
chr17	79991120	79992447	1327	101	1	2	11	independent	independent	2-1	2-1	True	115	0.135	0.133	gain	TP	TP
chr17	79991120	79993553	2433	92	1	1	12	independent	independent	2-1	2-1	True	106	0.135	0.146	gain	TP	TP
chr17	79991120	79995249	4129	82	1	1	10	independent	independent	2-1	2-1	True	94	0.135	0.142	gain	TP	TP
chr17	79991120	79997828	6708	60	1	1	9	independent	independent	2-1	2-1	True	71	0.135	0.164	gain	TP	TP
chr17	79991120	79999239	8119	54	1	1	7	independent	independent	2-1	2-1	True	63	0.135	0.167	gain	TP	TP
chr17	79992185	79992447	262	107	2	2	13	independent	independent	2-1	2-1	True	124	0.13	0.133	gain	TP	TP
chr17	79992185	79995249	3064	81	3	2	9	independent	independent	2-1	2-1	True	95	0.13	0.142	gain	TP	TP
chr17	79992185	79997828	5643	59	3	1	9	independent	independent	2-1	2-1	True	72	0.13	0.164	gain	TP	TP
chr17	79992447	79995249	2802	88	1	1	12	independent	independent	2-1	2-1	True	102	0.133	0.142	gain	TP	TP
chr17	79992447	79997828	5381	65	2	1	11	independent	independent	2-1	2-1	True	79	0.133	0.164	gain	TP	TP
chr17	79992447	80003901	11454	41	2	1	5	independent	independent	2-1	2-1	True	49	0.133	0.174	gain	TP	TP
chr17	79992972	80003901	10929	45	1	1	7	independent	independent	2-1	2-1	True	54	0.161	0.174	gain	TP	TP
chr17	79993553	79995249	1696	96	1	2	14	independent	independent	2-1	2-1	True	113	0.146	0.142	gain	TP	TP
chr17	79993553	79997828	4275	69	1	1	13	independent	independent	2-1	2-1	True	84	0.146	0.164	gain	TP	TP
chr17	79993553	80003901	10348	43	2	1	6	independent	independent	2-1	2-1	True	52	0.146	0.174	gain	TP	TP
chr17	79994081	79994267	186	100	1	3	16	independent	independent	2-1	2-1	True	120	0.154	0.144	gain	TP	TP
chr17	79994081	80000548	6467	55	1	2	11	independent	independent	2-1	2-1	True	69	0.154	0.197	gain	TP	TP
chr17	79994081	80003901	9820	40	1	3	7	independent	independent	2-1	2-1	True	51	0.154	0.174	gain	TP	TP
chr17	79994081	80005657	11576	34	1	2	7	independent	independent	2-1	2-1	True	44	0.154	0.213	gain	TP	TP
chr17	79994081	80012945	18864	20	1	1	2	independent	independent	2-1	2-1	True	24	0.154	0.157	gain	TP	TP
chr17	79994267	79996494	2227	81	1	1	14	independent	independent	2-1	2-1	True	97	0.144	0.168	gain	TP	TP
chr17	79994267	79999850	5583	54	1	1	10	independent	independent	2-1	2-1	True	66	0.144	0.198	gain	TP	TP
chr17	79994267	80000548	6281	55	1	1	10	independent	independent	2-1	2-1	True	67	0.144	0.197	gain	TP	TP
chr17	79994267	80003901	9634	42	1	2	7	independent	independent	2-1	2-1	True	52	0.144	0.174	gain	TP	TP
chr17	79994267	80005657	11390	36	1	1	7	independent	independent	2-1	2-1	True	45	0.144	0.213	gain	TP	TP
chr17	79994267	80012945	18678	21	1	1	2	independent	independent	2-1	2-1	True	25	0.144	0.157	gain	TP	TP
chr17	79994267	80014594	20327	13	1	1	2	independent	independent	2-1	2-1	True	17	0.144	0.16	gain	TP	TP
chr17	79994267	80014751	20484	15	1	1	2	independent	independent	2-1	2-1	True	19	0.144	0.171	gain	TP	TP
chr17	79994936	80003901	8965	47	2	1	6	independent	independent	2-1	2-1	True	56	0.155	0.174	gain	TP	TP
chr17	79995084	79995249	165	111	1	2	16	independent	independent	2-1	2-1	True	130	0.136	0.142	gain	TP	TP
chr17	79995084	80003901	8817	49	2	1	7	independent	independent	2-1	2-1	True	59	0.136	0.174	gain	TP	TP
chr17	79995249	79997828	2579	81	2	1	12	independent	independent	2-1	2-1	True	96	0.142	0.164	gain	TP	TP
chr17	79995249	79999239	3990	73	2	1	10	independent	independent	2-1	2-1	True	86	0.142	0.167	gain	TP	TP
chr17	79995249	80003901	8652	50	3	1	6	independent	independent	2-1	2-1	True	60	0.142	0.174	gain	TP	TP
chr17	79996494	80000548	4054	71	2	2	14	independent	independent	2-1	2-1	True	89	0.168	0.197	gain	TP	TP
chr17	79996494	80003901	7407	53	2	2	8	independent	independent	2-1	2-1	True	65	0.168	0.174	gain	TP	TP
chr17	79996494	80005657	9163	47	1	1	8	independent	independent	2-1	2-1	True	57	0.168	0.213	gain	TP	TP
chr17	79996494	80012945	16451	27	2	1	3	independent	independent	2-1	2-1	True	33	0.168	0.157	gain	TP	TP
chr17	79997005	80000548	3543	73	2	1	15	independent	independent	2-1	2-1	True	91	0.155	0.197	gain	TP	TP
chr17	79997005	80003901	6896	55	2	1	9	independent	independent	2-1	2-1	True	67	0.155	0.174	gain	TP	TP
chr17	79997828	79999239	1411	84	1	1	17	independent	independent	2-1	2-1	True	103	0.164	0.167	gain	TP	TP
chr17	79997828	80000548	2720	74	3	1	15	independent	independent	2-1	2-1	True	93	0.164	0.197	gain	TP	TP
chr17	79997828	80003901	6073	57	3	1	9	independent	independent	2-1	2-1	True	70	0.164	0.174	gain	TP	TP
chr17	79999239	80000548	1309	81	3	1	17	independent	independent	2-1	2-1	True	102	0.167	0.197	gain	TP	TP
chr17	79999239	80003901	4662	61	3	1	10	independent	independent	2-1	2-1	True	75	0.167	0.174	gain	TP	TP
chr17	79999239	80012945	13706	31	2	1	3	independent	independent	2-1	2-1	True	37	0.167	0.157	gain	TP	TP
chr17	79999243	80000548	1305	81	2	1	18	independent	independent	2-1	2-1	True	102	0.175	0.197	gain	TP	TP
chr17	79999243	80003901	4658	61	2	1	11	independent	independent	2-1	2-1	True	75	0.175	0.174	gain	TP	TP
chr17	79999243	80012945	13702	31	2	1	3	independent	independent	2-1	2-1	True	37	0.175	0.157	gain	TP	TP
chr17	79999850	80000548	698	82	2	2	20	independent	independent	2-1	2-1	True	106	0.198	0.197	gain	TP	TP
chr17	79999850	80003901	4051	61	2	2	13	independent	independent	2-1	2-1	True	78	0.198	0.174	gain	TP	TP
chr17	79999850	80012945	13095	29	2	2	3	independent	independent	2-1	2-1	True	36	0.198	0.157	gain	TP	TP
chr17	80000548	80003901	3353	69	2	2	14	independent	independent	2-1	2-1	True	87	0.197	0.174	gain	TP	TP
chr17	80000548	80007757	7209	56	1	1	8	independent	independent	2-1	2-1	True	66	0.197	0.16	gain	TP	TP
chr17	80000548	80012945	12397	33	2	4	3	independent	independent	2-1	2-1	True	42	0.197	0.157	gain	TP	TP
chr17	80000548	80014594	14046	27	1	1	5	independent	independent	2-1	2-1	True	34	0.197	0.16	gain	TP	TP
chr17	80000548	80014751	14203	28	1	1	5	independent	independent	2-1	2-1	True	35	0.197	0.171	gain	TP	TP
chr17	80003901	80005657	1756	77	3	2	15	independent	independent	2-1	2-1	True	97	0.174	0.213	gain	TP	TP
chr17	80003901	80007757	3856	71	2	2	10	independent	independent	2-1	2-1	True	85	0.174	0.16	gain	TP	TP
chr17	80003901	80009397	5496	60	1	3	8	independent	independent	2-1	2-1	True	72	0.174	0.16	gain	TP	TP
chr17	80003901	80012945	9044	47	3	2	4	independent	independent	2-1	2-1	True	56	0.174	0.157	gain	TP	TP
chr17	80003901	80014594	10693	39	2	1	4	independent	independent	2-1	2-1	True	46	0.174	0.16	gain	TP	TP
chr17	80003901	80014711	10810	40	1	1	4	independent	independent	2-1	2-1	True	46	0.174	0.165	gain	TP	TP
chr17	80003901	80014751	10850	39	2	1	4	independent	independent	2-1	2-1	True	46	0.174	0.171	gain	TP	TP
chr17	80003901	80015777	11876	39	1	1	4	independent	independent	2-1	2-1	True	45	0.174	0.156	gain	TP	TP
chr17	80005657	80007757	2100	79	1	4	15	independent	independent	2-1	2-1	True	99	0.213	0.16	gain	TP	TP
chr17	80005657	80012945	7288	51	3	3	8	independent	independent	2-1	2-1	True	65	0.213	0.157	gain	TP	TP
chr17	80005657	80014751	9094	45	1	2	8	independent	independent	2-1	2-1	True	56	0.213	0.171	gain	TP	TP
chr17	80005657	80027500	21843	19	1	1	3	independent	independent	2-1	2-1	True	24	0.213	0.136	gain	TP	TP
chr17	80007757	80009397	1640	78	1	3	11	independent	independent	2-1	2-1	True	93	0.16	0.16	gain	TP	TP
chr17	80007757	80012945	5188	62	4	2	8	independent	independent	2-1	2-1	True	76	0.16	0.157	gain	TP	TP
chr17	80009397	80012945	3548	80	5	1	9	independent	independent	2-1	2-1	True	95	0.16	0.157	gain	TP	TP
chr17	80009397	80020081	10684	53	1	1	6	independent	independent	2-1	2-1	True	61	0.16	0.156	gain	TP	TP
chr17	80009397	80021160	11763	49	1	1	6	independent	independent	2-1	2-1	True	57	0.16	0.167	gain	TP	TP
chr17	80009397	80023538	14141	39	1	1	2	independent	independent	2-1	2-1	True	43	0.16	0.139	gain	TP	TP
chr17	80009397	80028315	18918	24	1	1	1	mutual_excl	independent	2-1	2-1	True	27	0.16	0.109	gain	TP	TP
chr17	80012945	80014594	1649	88	3	3	13	independent	independent	2-1	2-1	True	107	0.157	0.16	gain	TP	TP
chr17	80012945	80014711	1766	86	3	3	13	independent	independent	2-1	2-1	True	105	0.157	0.165	gain	TP	TP
chr17	80012945	80014751	1806	86	4	2	13	independent	independent	2-1	2-1	True	105	0.157	0.171	gain	TP	TP
chr17	80012945	80015777	2832	84	2	3	13	independent	independent	2-1	2-1	True	102	0.157	0.156	gain	TP	TP
chr17	80012945	80027500	14555	28	1	1	4	independent	independent	2-1	2-1	True	34	0.157	0.136	gain	TP	TP
chr17	80014594	80014711	117	98	2	1	18	independent	independent	2-1	2-1	True	119	0.16	0.165	gain	TP	TP
chr17	80014594	80014751	157	99	1	1	19	independent	independent	2-1	2-1	True	120	0.16	0.171	gain	TP	TP
chr17	80014711	80014751	40	94	2	2	18	independent	independent	2-1	2-1	True	116	0.165	0.171	gain	TP	TP
chr17	80020081	80023538	3457	82	1	2	13	independent	independent	2-1	2-1	True	98	0.156	0.139	gain	TP	TP
chr17	80020081	80027296	7215	58	1	1	7	independent	independent	2-1	2-1	True	67	0.156	0.125	gain	TP	TP
chr17	80021160	80023538	2378	93	1	2	15	independent	independent	2-1	2-1	True	111	0.167	0.139	gain	TP	TP
chr17	80021160	80027296	6136	65	1	1	9	independent	independent	2-1	2-1	True	76	0.167	0.125	gain	TP	TP
chr17	80027284	80027500	216	113	1	1	17	independent	independent	2-1	2-1	True	132	0.132	0.136	gain	TP	TP
chr17	80027296	80027500	204	113	2	1	16	independent	independent	2-1	2-1	True	132	0.125	0.136	gain	TP	TP
chr17	80027296	80028315	1019	102	1	4	11	independent	independent	2-1	2-1	True	118	0.125	0.109	gain	TP	TP
chr17	80027500	80028315	815	101	1	5	11	independent	independent	2-1	2-1	True	118	0.136	0.109	gain	TP	TP
chr17	80033852	80042586	8734	50	1	1	12	independent	independent	2-1	2-1	True	64	0.148	0.158	gain	TP	TP
chr17	80042586	80045142	2556	102	1	2	17	independent	independent	2-1	2-1	True	122	0.158	0.15	gain	TP	TP
chr17	80042586	80050160	7574	76	1	2	11	independent	independent	2-1	2-1	True	90	0.158	0.144	gain	TP	TP
chr17	80042586	80052870	10284	64	1	1	10	independent	independent	2-1	2-1	True	76	0.158	0.166	gain	TP	TP
chr17	80045142	80046459	1317	111	1	1	21	independent	independent	2-1	2-1	True	134	0.15	0.176	gain	TP	TP
chr17	80045142	80050160	5018	86	1	2	13	independent	independent	2-1	2-1	True	102	0.15	0.144	gain	TP	TP
chr17	80046459	80050160	3701	107	1	3	19	independent	independent	2-1	2-1	True	130	0.176	0.144	gain	TP	TP
chr17	80046459	80062263	15804	30	20	7	1	mutual_excl	independent	2-1	2-1	True	58	0.176	0.384	gain	TP	TP
chr17	80049598	80050160	562	126	1	3	22	independent	independent	2-1	2-1	True	152	0.155	0.144	gain	TP	TP
chr17	80049598	80062263	12665	31	21	9	1	mutual_excl	independent	2-1	2-1	True	62	0.155	0.384	gain	TP	TP
chr17	80050160	80052870	2710	108	3	1	18	independent	independent	2-1	2-1	True	130	0.144	0.166	gain	TP	TP
chr17	80052870	80062263	9393	37	25	10	1	mutual_excl	independent	2-1	2-1	True	73	0.166	0.384	gain	TP	TP
chr17	80188063	80193321	5258	24	5	51	6	independent	independent	2-1	2-1	True	86	0.606	0.174	gain	TP	FP
chr17	81657280	81677282	20002	1	16	12	1	mutual_excl	independent	1-1	1-1	True	30	0.582	0.43	gain	TP	TP
chr17	81858811	81887034	28223	0	3	3	1	mutual_excl	independent	1-1	1-1	True	7	0.453	0.568	loh	TP	TP
chr17	82593283	82597361	4078	47	29	6	2	independent	independent	2-1	2-1	True	84	0.123	0.348	loh	FP	TP
chr17	82593283	82600290	7007	35	25	4	1	mutual_excl	independent	2-1	2-1	True	65	0.123	0.354	loh	FP	TP
chr17	82597361	82600290	2929	62	4	1	32	independent	independent	2-1	2-1	True	99	0.348	0.354	loh	TP	TP
chr22	19897998	19915670	17672	4	4	1	4	independent	independent	1-1	1-1	True	13	0.279	0.388	loh	TP	TP
chr22	20894135	20894518	383	1	5	1	40	independent	independent	1-1	1-1	True	47	0.88	0.958	loh	TP	TP
chr22	22712094	22723993	11899	37	14	1	8	independent	independent	2-1	2-1	True	60	0.168	0.366	gain	TP	TP
chr22	22816187	22816444	257	59	5	2	70	independent	independent	1-1	1-1	True	136	0.541	0.543	gain	TP	TP
chr22	22816187	22816742	555	54	7	2	76	independent	independent	1-1	1-1	True	139	0.541	0.581	gain	TP	TP
chr22	22816187	22818223	2036	51	6	1	63	independent	independent	1-1	1-1	True	121	0.541	0.574	gain	TP	TP
chr22	22816444	22816742	298	55	5	3	73	independent	independent	1-1	1-1	True	136	0.543	0.581	gain	TP	TP
chr22	22816444	22817936	1492	49	7	1	64	independent	independent	1-1	1-1	True	121	0.543	0.617	gain	TP	TP
chr22	22816444	22818223	1779	51	4	2	60	independent	independent	1-1	1-1	True	117	0.543	0.574	gain	TP	TP
chr22	22816444	22818799	2355	43	4	1	59	independent	independent	1-1	1-1	True	107	0.543	0.593	gain	TP	TP
chr22	22816742	22818223	1481	56	2	1	70	independent	independent	1-1	1-1	True	129	0.581	0.574	gain	TP	TP
chr22	22820272	22827549	7277	27	1	1	43	independent	independent	3	3	True	72	0.599	0.574	gain	TP	TP
chr22	22820272	22829773	9501	23	2	1	34	independent	independent	3	3	True	60	0.599	0.539	gain	TP	TP
chr22	22821823	22821893	70	53	1	2	77	independent	independent	3	3	True	133	0.59	0.592	gain	TP	TP
chr22	22821823	22827549	5726	28	1	1	41	independent	independent	3	3	True	71	0.59	0.574	gain	TP	TP
chr22	22821893	22824726	2833	42	4	2	61	independent	independent	3	3	True	109	0.592	0.58	gain	TP	TP
chr22	22821893	22825895	4002	35	4	3	53	independent	independent	3	3	True	95	0.592	0.588	gain	TP	TP
chr22	22821893	22826360	4467	34	3	4	50	independent	independent	3	3	True	91	0.592	0.56	gain	TP	TP
chr22	22821893	22826381	4488	33	3	2	50	independent	independent	3	3	True	88	0.592	0.585	gain	TP	TP
chr22	22821893	22827408	5515	30	2	2	46	independent	independent	3	3	True	80	0.592	0.55	gain	TP	TP
chr22	22821893	22827549	5656	26	4	3	43	independent	independent	3	3	True	76	0.592	0.574	gain	TP	TP
chr22	22821893	22829095	7202	26	2	2	36	independent	independent	3	3	True	66	0.592	0.531	gain	TP	TP
chr22	22821893	22829558	7665	25	3	2	36	independent	independent	3	3	True	66	0.592	0.538	gain	TP	TP
chr22	22821893	22829773	7880	24	3	2	35	independent	independent	3	3	True	64	0.592	0.539	gain	TP	TP
chr22	22821893	22830309	8416	25	3	3	33	independent	independent	3	3	True	64	0.592	0.526	gain	TP	TP
chr22	22821893	22835697	13804	14	3	2	23	independent	independent	3	3	True	42	0.592	0.524	gain	TP	TP
chr22	22821893	22836523	14630	12	1	2	21	independent	independent	3	3	True	36	0.592	0.525	gain	TP	TP
chr22	22821893	22837001	15108	13	1	2	20	independent	independent	3	3	True	36	0.592	0.469	gain	TP	TP
chr22	22821893	22837081	15188	12	1	1	20	independent	independent	3	3	True	34	0.592	0.477	gain	TP	TP
chr22	22824726	22827549	2823	39	1	1	52	independent	independent	3	3	True	93	0.58	0.574	gain	TP	TP
chr22	22824726	22829773	5047	35	2	1	39	independent	independent	3	3	True	77	0.58	0.539	gain	TP	TP
chr22	22825895	22826360	465	51	1	2	66	independent	independent	3	3	True	120	0.588	0.56	gain	TP	TP
chr22	22825895	22827549	1654	41	1	1	59	independent	independent	3	3	True	102	0.588	0.574	gain	TP	TP
chr22	22825895	22829773	3878	37	2	2	47	independent	independent	3	3	True	88	0.588	0.539	gain	TP	TP
chr22	22826360	22827408	1048	48	1	1	61	independent	independent	3	3	True	111	0.56	0.55	gain	TP	TP
chr22	22826360	22827549	1189	42	2	1	59	independent	independent	3	3	True	104	0.56	0.574	gain	TP	TP
chr22	22826360	22829095	2735	41	1	1	50	independent	independent	3	3	True	93	0.56	0.531	gain	TP	TP
chr22	22826360	22829773	3413	38	3	2	45	independent	independent	3	3	True	88	0.56	0.539	gain	TP	TP
chr22	22826360	22830309	3949	40	1	1	47	independent	independent	3	3	True	89	0.56	0.526	gain	TP	TP
chr22	22826381	22827549	1168	40	1	2	61	independent	independent	3	3	True	104	0.585	0.574	gain	TP	TP
chr22	22826381	22829773	3392	37	2	2	47	independent	independent	3	3	True	88	0.585	0.539	gain	TP	TP
chr22	22827408	22827549	141	51	2	1	68	independent	independent	3	3	True	122	0.55	0.574	gain	TP	TP
chr22	22827408	22829095	1687	48	1	2	57	independent	independent	3	3	True	108	0.55	0.531	gain	TP	TP
chr22	22827408	22829773	2365	43	2	2	54	independent	independent	3	3	True	101	0.55	0.539	gain	TP	TP
chr22	22827408	22830309	2901	45	1	2	54	independent	independent	3	3	True	102	0.55	0.526	gain	TP	TP
chr22	22827549	22829773	2224	40	2	3	53	independent	independent	3	3	True	98	0.574	0.539	gain	TP	TP
chr22	22829095	22829773	678	53	3	1	61	independent	independent	3	3	True	118	0.531	0.539	gain	TP	TP
chr22	22829095	22830309	1214	52	2	2	60	independent	independent	3	3	True	116	0.531	0.526	gain	TP	TP
chr22	22829558	22829773	215	57	2	2	65	independent	independent	3	3	True	126	0.538	0.539	gain	TP	TP
chr22	22829773	22830309	536	55	2	5	60	independent	independent	3	3	True	122	0.539	0.526	gain	TP	TP
chr22	22829773	22836523	6750	36	2	1	32	independent	independent	3	3	True	71	0.539	0.525	gain	TP	TP
chr22	22829773	22837001	7228	38	1	1	31	independent	independent	3	3	True	71	0.539	0.469	gain	TP	TP
chr22	22829773	22837081	7308	35	1	1	31	independent	independent	3	3	True	68	0.539	0.477	gain	TP	TP
chr22	22835697	22836377	680	63	1	8	55	independent	independent	3	3	True	127	0.524	0.444	gain	TP	TP
chr22	22835697	22837001	1304	62	1	2	59	independent	independent	3	3	True	124	0.524	0.469	gain	TP	TP
chr22	22836377	22836523	146	66	10	1	62	independent	independent	3	3	True	139	0.444	0.525	gain	TP	TP
chr22	22836377	22837001	624	69	7	2	55	independent	independent	3	3	True	133	0.444	0.469	gain	TP	TP
chr22	22836377	22837081	704	65	6	1	56	independent	independent	3	3	True	128	0.444	0.477	gain	TP	TP
chr22	22836523	22837001	478	66	1	4	63	independent	independent	3	3	True	134	0.525	0.469	gain	TP	TP
chr22	22837001	22837081	80	72	1	1	66	independent	independent	3	3	True	140	0.469	0.477	gain	TP	TP
chr22	22880028	22880306	278	53	4	1	65	independent	independent	3	3	True	123	0.544	0.566	gain	TP	TP
chr22	22880028	22881098	1070	45	3	1	60	independent	independent	3	3	True	109	0.544	0.592	gain	TP	TP
chr22	22880306	22881098	792	45	1	2	65	independent	independent	3	3	True	113	0.566	0.592	gain	TP	TP
chr22	22881098	22885356	4258	30	1	1	47	independent	independent	3	3	True	79	0.592	0.574	gain	TP	TP
chr22	23573199	23573200	1	84	1	3	43	independent	independent	2-1	2-1	True	131	0.348	0.336	gain	TP	TP
chr22	29590823	29596333	5510	30	2	2	47	independent	independent	2-1	2-1	True	81	0.58	0.611	gain	TP	TP
chr22	30144380	30156945	12565	30	1	1	19	independent	independent	1-1	1-1	True	51	0.349	0.382	gain	TP	TP
chr22	30151637	30187784	36147	4	2	1	2	independent	independent	2-1	2-1	True	9	0.217	0.562	gain	TP	TP
chr22	30187784	30190073	2289	40	3	45	13	independent	independent	2-1	2-1	True	101	0.562	0.174	gain	TP	TP
chr22	30187784	30191136	3352	39	2	27	26	independent	independent	2-1	2-1	True	94	0.562	0.289	gain	TP	TP
chr22	30187784	30209820	22036	9	2	7	10	independent	independent	2-1	2-1	True	28	0.562	0.248	gain	TP	TP
chr22	30191136	30209820	18684	27	1	1	15	independent	independent	2-1	2-1	True	44	0.289	0.248	gain	TP	TP
chr22	35778744	35792344	13600	22	2	4	24	independent	independent	3	3	True	52	0.484	0.438	gain	TP	TP
chr22	36613305	36623439	10134	23	1	1	40	independent	independent	1-1	1-1	True	65	0.652	0.63	gain	TP	TP
chr22	36878167	36878871	704	65	9	1	35	independent	independent	2-1	2-1	True	110	0.342	0.385	gain	TP	TP
chr22	37276127	37302655	26528	6	1	1	4	independent	independent	1-1	1-1	True	12	0.485	0.337	gain	TP	TP
chr22	43733391	43734826	1435	3	81	37	2	independent	independent	2-1	2-1	True	123	0.321	0.669	gain	TP	TP
chr22	44149708	44149709	1	85	5	1	30	independent	independent	2-1	2-1	True	121	0.256	0.296	gain	TP	TP
chr22	45124835	45145953	21118	3	5	1	3	independent	independent	2-1	2-1	True	12	0.233	0.63	gain	TP	TP
chr22	46082216	46085183	2967	69	1	3	13	independent	independent	2-1	2-1	True	86	0.214	0.206	gain	TP	TP
chr22	46256398	46256399	1	45	1	1	51	independent	independent	2-1	2-1	True	98	0.52	0.531	gain	TP	TP
chr22	46256398	46257699	1301	20	18	46	1	mutual_excl	independent	2-1	2-1	True	85	0.52	0.208	gain	TP	TP
chr22	46256398	46264088	7690	7	8	30	1	mutual_excl	independent	2-1	2-1	True	46	0.52	0.231	gain	TP	TP
chr22	47461797	47466517	4720	0	33	2	53	independent	independent	1-1	1-1	True	88	0.639	0.97	gain	TP	TP
chr22	47887029	47889024	1995	6	63	1	12	independent	independent	1-1	1-1	True	82	0.173	0.926	gain	TP	TP
chr22	48322813	48337146	14333	14	1	28	7	independent	independent	1-1	1-1	True	50	0.737	0.167	gain	TP	TP
chr22	50177152	50182378	5226	1	4	17	74	independent	independent	1-1	1-1	True	96	0.943	0.783	loh	TP	TP
chr22	50243801	50252414	8613	3	16	39	1	mutual_excl	independent	1-1	1-1	True	59	0.677	0.238	loh	TP	TP
chr3	718033	721959	3926	2	25	1	19	independent	independent	2-1	2-1	True	47	0.389	0.929	gain	TP	TP
chr3	721959	739719	17760	0	2	1	16	independent	independent	2-1	2-1	True	19	0.929	0.968	gain	TP	TP
chr3	890773	890774	1	20	3	1	55	independent	independent	2-1	2-1	True	79	0.7	0.725	gain	TP	TP
chr3	954493	959472	4979	1	38	1	17	independent	independent	2-1	2-1	True	57	0.357	0.952	gain	TP	TP
chr3	1499729	1500041	312	0	3	3	67	independent	independent	2-1	2-1	True	73	0.961	0.949	gain	TP	TP
chr3	4157692	4158863	1171	57	2	2	7	independent	independent	1-1	1-1	True	68	0.103	0.115	gain	FP	FP
chr3	4198764	4204706	5942	0	7	1	51	independent	independent	2-1	2-1	True	59	0.924	0.989	gain	TP	TP
chr3	6384091	6385415	1324	4	38	2	20	independent	independent	2-1	2-1	True	64	0.357	0.908	gain	TP	TP
chr3	6384091	6389821	5730	15	18	1	12	independent	independent	2-1	2-1	True	46	0.357	0.593	gain	TP	TP
chr3	6385415	6389821	4406	3	2	14	33	independent	independent	2-1	2-1	True	52	0.908	0.593	gain	TP	TP
chr3	9116608	9128354	11746	2	1	12	20	independent	independent	2-1	2-1	True	35	0.915	0.704	gain	TP	TP
chr3	18734746	18742216	7470	1	1	29	24	independent	independent	1-1	1-1	True	55	0.953	0.381	gain	TP	TP
chr3	18794764	18798575	3811	36	1	1	25	independent	independent	1-1	1-1	True	63	0.391	0.366	gain	TP	TP
chr3	19601410	19603947	2537	1	39	1	26	independent	independent	1-1	1-1	True	67	0.375	0.966	gain	TP	TP
chr3	19889447	19902943	13496	1	2	3	22	independent	independent	2-1	2-1	True	28	0.937	0.846	gain	TP	TP
chr3	22192665	22195562	2897	1	2	1	72	independent	independent	1-1	1-1	True	76	0.97	0.979	gain	TP	TP
chr3	22892650	22896274	3624	1	39	1	16	independent	independent	1-1	1-1	True	57	0.309	0.975	gain	TP	TP
chr3	44197330	44197331	1	1	3	2	83	independent	independent	1-1	1-1	True	89	0.944	0.967	gain	TP	TP
chr3	44229664	44242058	12394	1	1	32	12	independent	independent	1-1	1-1	True	46	0.978	0.29	gain	TP	TP
chr3	44519967	44535550	15583	0	1	18	10	independent	independent	1-1	1-1	True	29	0.973	0.356	gain	TP	TP
chr3	51098422	51100457	2035	5	35	1	16	independent	independent	2-1	2-1	True	57	0.353	0.908	gain	TP	TP
chr3	54380947	54404166	23219	1	5	1	3	independent	independent	1-1	1-1	True	10	0.417	0.928	gain	TP	TP
chr3	54777747	54782549	4802	2	3	19	38	independent	independent	1-1	1-1	True	62	0.924	0.624	gain	TP	TP
chr3	54936988	54939279	2291	1	2	3	66	independent	independent	1-1	1-1	True	72	0.953	0.947	gain	TP	TP
chr3	54936989	54939279	2290	1	2	3	71	independent	independent	1-1	1-1	True	77	0.957	0.947	gain	TP	TP
chr3	55430109	55432102	1993	0	1	1	65	independent	independent	1-1	1-1	True	67	0.987	0.987	gain	TP	TP
chr3	57603105	57606548	3443	1	1	1	59	independent	independent	1-1	1-1	True	62	0.966	0.967	gain	TP	TP
chr3	59496505	59496506	1	29	1	1	24	independent	independent	2-1	2-1	True	55	0.455	0.455	loh	TP	TP
chr3	59496505	59505094	8589	1	13	1	10	independent	independent	2-1	2-1	True	25	0.455	0.931	loh	TP	TP
chr3	59939117	59940367	1250	36	1	1	2	independent	independent	1-1	1-1	True	40	0.087	0.085	loh	FP	FP
chr3	62896458	62896530	72	51	2	16	18	independent	independent	1-1	1-1	True	87	0.382	0.227	gain	TP	TP
chr3	63209908	63210753	845	0	1	3	70	independent	independent	1-1	1-1	True	74	0.974	0.963	loh	TP	TP
chr3	71010245	71011404	1159	43	2	4	43	independent	independent	2-1	2-1	True	92	0.529	0.5	neutral	TP	TP
chr3	71010245	71011410	1165	41	2	1	46	independent	independent	2-1	2-1	True	90	0.529	0.54	neutral	TP	TP
chr3	71011404	71011410	6	45	4	1	49	independent	independent	2-1	2-1	True	99	0.5	0.54	neutral	TP	TP
chr3	71327944	71327987	43	41	1	1	45	independent	independent	2-1	2-1	True	88	0.523	0.51	neutral	TP	TP
chr3	71327944	71327997	53	41	1	1	45	independent	independent	2-1	2-1	True	88	0.523	0.505	neutral	TP	TP
chr3	71327944	71328028	84	38	3	1	44	independent	independent	2-1	2-1	True	86	0.523	0.526	neutral	TP	TP
chr3	71327944	71328321	377	39	1	3	38	independent	independent	2-1	2-1	True	81	0.523	0.485	neutral	TP	TP
chr3	71327944	71328545	601	38	1	1	37	independent	independent	2-1	2-1	True	77	0.523	0.478	neutral	TP	TP
chr3	71327944	71328546	602	37	2	1	39	independent	independent	2-1	2-1	True	79	0.523	0.51	neutral	TP	TP
chr3	71327944	71329130	1186	35	2	2	42	independent	independent	2-1	2-1	True	81	0.523	0.529	neutral	TP	TP
chr3	71327944	71329696	1752	34	3	1	39	independent	independent	2-1	2-1	True	77	0.523	0.545	neutral	TP	TP
chr3	71327987	71329130	1143	41	1	1	46	independent	independent	2-1	2-1	True	89	0.51	0.529	neutral	TP	TP
chr3	71327997	71329130	1133	41	1	1	46	independent	independent	2-1	2-1	True	89	0.505	0.529	neutral	TP	TP
chr3	71328028	71329130	1102	39	1	3	45	independent	independent	2-1	2-1	True	88	0.526	0.529	neutral	TP	TP
chr3	71328321	71328545	224	45	1	1	39	independent	independent	2-1	2-1	True	86	0.485	0.478	neutral	TP	TP
chr3	71328321	71328546	225	45	1	1	43	independent	independent	2-1	2-1	True	90	0.485	0.51	neutral	TP	TP
chr3	71328321	71329130	809	42	3	2	44	independent	independent	2-1	2-1	True	91	0.485	0.529	neutral	TP	TP
chr3	71328321	71329696	1375	41	4	1	42	independent	independent	2-1	2-1	True	88	0.485	0.545	neutral	TP	TP
chr3	71328546	71329130	584	43	1	1	47	independent	independent	2-1	2-1	True	92	0.51	0.529	neutral	TP	TP
chr3	71329130	71329696	566	41	3	1	49	independent	independent	2-1	2-1	True	94	0.529	0.545	neutral	TP	TP
chr3	75755404	75758715	3311	36	1	1	8	independent	independent	1-1	1-1	True	46	0.194	0.19	loh	FP	FP
chr3	75755404	75760136	4732	32	3	1	8	independent	independent	1-1	1-1	True	44	0.194	0.229	loh	FP	FP
chr3	75755404	75760453	5049	33	1	1	8	independent	independent	1-1	1-1	True	43	0.194	0.232	loh	FP	FP
chr3	75756906	75758715	1809	42	1	3	10	independent	independent	1-1	1-1	True	56	0.197	0.19	loh	FP	FP
chr3	75756906	75760136	3230	38	3	3	9	independent	independent	1-1	1-1	True	53	0.197	0.229	loh	FP	FP
chr3	75758715	75760136	1421	44	3	2	9	independent	independent	1-1	1-1	True	58	0.19	0.229	loh	FP	FP
chr3	75758715	75760453	1738	45	1	2	9	independent	independent	1-1	1-1	True	57	0.19	0.232	loh	FP	FP
chr3	75760136	75760453	317	50	1	3	13	independent	independent	1-1	1-1	True	67	0.229	0.232	loh	FP	FP
chr3	78935489	78942025	6536	39	1	2	29	independent	independent	1-1	1-1	True	71	0.429	0.419	gain	TP	TP
chr3	78935489	78942282	6793	37	1	2	28	independent	independent	1-1	1-1	True	68	0.429	0.421	gain	TP	TP
chr3	78935489	78942562	7073	37	1	2	24	independent	independent	1-1	1-1	True	64	0.429	0.397	gain	TP	TP
chr3	78940888	78942025	1137	57	1	3	46	independent	independent	1-1	1-1	True	107	0.465	0.419	gain	TP	TP
chr3	78940888	78942282	1394	54	1	3	42	independent	independent	1-1	1-1	True	100	0.465	0.421	gain	TP	TP
chr3	78940888	78942562	1674	53	1	2	36	independent	independent	1-1	1-1	True	92	0.465	0.397	gain	TP	TP
chr3	78941779	78942025	246	69	1	4	52	independent	independent	1-1	1-1	True	126	0.443	0.419	gain	TP	TP
chr3	78941779	78942282	503	66	1	3	48	independent	independent	1-1	1-1	True	118	0.443	0.421	gain	TP	TP
chr3	78941779	78942562	783	64	1	2	41	independent	independent	1-1	1-1	True	108	0.443	0.397	gain	TP	TP
chr3	78942025	78942061	36	70	4	3	50	independent	independent	1-1	1-1	True	127	0.419	0.425	neutral	TP	TP
chr3	78942025	78942101	76	70	3	2	50	independent	independent	1-1	1-1	True	125	0.419	0.424	neutral	TP	TP
chr3	78942025	78942282	257	67	3	3	47	independent	independent	1-1	1-1	True	120	0.419	0.421	neutral	TP	TP
chr3	78942025	78942348	323	67	3	1	49	independent	independent	1-1	1-1	True	120	0.419	0.444	neutral	TP	TP
chr3	78942025	78942562	537	64	3	3	40	independent	independent	1-1	1-1	True	110	0.419	0.397	neutral	TP	TP
chr3	78942061	78942282	221	67	3	3	47	independent	independent	1-1	1-1	True	120	0.425	0.421	neutral	TP	TP
chr3	78942061	78942562	501	65	2	2	41	independent	independent	1-1	1-1	True	110	0.425	0.397	neutral	TP	TP
chr3	78942101	78942282	181	67	2	2	48	independent	independent	1-1	1-1	True	119	0.424	0.421	neutral	TP	TP
chr3	78942101	78942562	461	65	1	2	42	independent	independent	1-1	1-1	True	110	0.424	0.397	neutral	TP	TP
chr3	78942282	78942348	66	66	3	1	49	independent	independent	1-1	1-1	True	119	0.421	0.444	neutral	TP	TP
chr3	78942282	78942562	280	64	1	1	43	independent	independent	1-1	1-1	True	109	0.421	0.397	neutral	TP	TP
chr3	78942348	78942562	214	65	1	2	44	independent	independent	1-1	1-1	True	112	0.444	0.397	neutral	TP	TP
chr3	79440203	79457769	17566	0	1	6	7	independent	independent	2-1	2-1	True	14	0.941	0.394	loh	TP	TP
chr3	81913348	81916643	3295	16	2	10	3	independent	independent	2-1	2-1	True	31	0.444	0.133	loh	TP	FP
chr3	81916643	81917506	863	25	10	4	1	mutual_excl	independent	2-1	2-1	True	40	0.133	0.292	loh	FP	TP
chr3	89848210	89848319	109	86	1	1	29	independent	independent	2-1	2-1	True	117	0.252	0.267	gain	TP	TP
chr3	89970883	89970884	1	70	1	1	22	independent	independent	2-1	2-1	True	94	0.247	0.245	gain	TP	TP
chr3	90455111	90455175	64	56	3	3	53	independent	independent	2-1	2-1	True	115	0.487	0.487	gain	FP	FP
chr3	90455111	90455281	170	57	1	2	52	independent	independent	2-1	2-1	True	112	0.487	0.478	gain	FP	FP
chr3	90455175	90455281	106	58	1	1	51	independent	independent	2-1	2-1	True	111	0.487	0.478	gain	FP	FP
chr3	94578813	94579129	316	1	1	1	42	independent	independent	1-1	1-1	True	45	0.96	0.958	loh	TP	TP
chr3	97100673	97100721	48	55	1	3	4	independent	independent	1-1	1-1	True	63	0.111	0.078	loh	FP	FP
chr3	103335747	103338600	2853	0	1	1	26	independent	independent	1-1	1-1	True	28	0.973	0.943	loh	TP	TP
chr3	103338600	103339516	916	0	2	1	40	independent	independent	1-1	1-1	True	43	0.943	0.923	loh	TP	TP
chr3	110989412	110991088	1676	9	24	2	16	independent	independent	1-1	1-1	True	51	0.373	0.787	loh	TP	TP
chr3	113889926	113890853	927	0	1	22	33	independent	independent	2-1	2-1	True	56	0.968	0.588	loh	TP	TP
chr3	116124626	116128879	4253	3	2	1	33	independent	independent	1-1	1-1	True	39	0.903	0.912	loh	TP	TP
chr3	116124626	116130457	5831	2	2	18	13	independent	independent	1-1	1-1	True	35	0.903	0.438	loh	TP	TP
chr3	121824737	121840064	15327	0	1	11	1	mutual_excl	independent	1-1	1-1	True	13	0.922	0.086	loh	TP	FP
chr3	121824737	121842051	17314	0	1	11	1	mutual_excl	independent	1-1	1-1	True	13	0.922	0.098	loh	TP	FP
chr3	126650545	126656127	5582	2	1	12	17	independent	independent	3	3	True	32	0.94	0.443	loh	TP	TP
chr3	126806293	126810067	3774	0	27	3	3	independent	independent	2-1	2-1	True	33	0.163	0.939	loh	FP	TP
chr3	128694281	128694547	266	60	1	30	32	independent	independent	3	3	True	123	0.516	0.26	loh	TP	TP
chr3	129228359	129232058	3699	2	58	1	22	independent	independent	1-1	1-1	True	83	0.282	0.958	loh	TP	TP
chr3	129923926	129933941	10015	16	1	16	14	independent	independent	1-1	1-1	True	47	0.545	0.215	gain	TP	TP
chr3	130409353	130416983	7630	27	1	10	15	independent	independent	1-1	1-1	True	53	0.448	0.269	gain	TP	TP
chr3	130815054	130831393	16339	21	1	6	7	independent	independent	1-1	1-1	True	35	0.463	0.18	gain	TP	TP
chr3	130843861	130866320	22459	12	1	6	5	independent	independent	1-1	1-1	True	24	0.412	0.226	gain	TP	TP
chr3	131113525	131115794	2269	73	2	1	17	independent	independent	3	3	True	93	0.193	0.181	gain	TP	TP
chr3	131714942	131721025	6083	15	14	27	1	mutual_excl	independent	1-1	1-1	True	57	0.496	0.202	gain	TP	TP
chr3	132831908	132854282	22374	4	4	6	1	mutual_excl	independent	1-1	1-1	True	15	0.586	0.279	gain	TP	TP
chr3	132850729	132854282	3553	32	14	23	3	independent	independent	1-1	1-1	True	72	0.352	0.279	gain	TP	TP
chr3	133179993	133185855	5862	27	5	8	3	independent	independent	1-1	1-1	True	43	0.212	0.125	gain	FP	TP
chr3	134013815	134017751	3936	47	2	1	14	independent	independent	1-1	1-1	True	64	0.204	0.273	gain	TP	TP
chr3	138577683	138579344	1661	76	3	2	40	independent	independent	1-1	1-1	True	121	0.316	0.354	gain	TP	TP
chr3	140234024	140240620	6596	30	1	1	36	independent	independent	1-1	1-1	True	68	0.622	0.595	gain	TP	TP
chr3	140240620	140256229	15609	16	2	1	23	independent	independent	1-1	1-1	True	42	0.595	0.533	gain	TP	TP
chr3	140612835	140631011	18176	2	1	18	8	independent	independent	1-1	1-1	True	29	0.935	0.224	gain	TP	TP
chr3	141087834	141100971	13137	15	12	1	14	independent	independent	2-1	2-1	True	42	0.402	0.605	gain	TP	TP
chr3	141155311	141157281	1970	39	17	4	34	independent	independent	2-1	2-1	True	94	0.414	0.539	gain	TP	TP
chr3	142349495	142353646	4151	46	13	37	1	mutual_excl	independent	2-1	2-1	True	97	0.387	0.178	gain	TP	TP
chr3	143073810	143078345	4535	23	6	1	35	independent	independent	2-1	2-1	True	65	0.475	0.505	gain	TP	TP
chr3	143073810	143096987	23177	5	1	1	13	independent	independent	2-1	2-1	True	20	0.475	0.593	gain	TP	TP
chr3	143118631	143131827	13196	13	2	1	8	independent	independent	2-1	2-1	True	24	0.395	0.44	gain	TP	TP
chr3	149716911	149721758	4847	3	48	1	15	independent	independent	1-1	1-1	True	67	0.206	0.92	gain	TP	TP
chr3	150026943	150028648	1705	71	19	12	3	independent	independent	2-1	2-1	True	105	0.207	0.225	gain	TP	FP
chr3	152540118	152548574	8456	0	30	2	13	independent	independent	2-1	2-1	True	45	0.231	0.963	gain	TP	TP
chr3	154535183	154542263	7080	39	2	1	28	independent	independent	2-1	2-1	True	70	0.458	0.41	gain	TP	TP
chr3	155430645	155431841	1196	47	1	26	30	independent	independent	2-1	2-1	True	104	0.529	0.293	gain	TP	TP
chr3	155798116	155801433	3317	2	29	2	47	independent	independent	1-1	1-1	True	80	0.583	0.923	gain	TP	TP
chr3	156132687	156141609	8922	2	24	1	31	independent	independent	2-1	2-1	True	58	0.558	0.936	gain	TP	TP
chr3	156141140	156141609	469	4	51	4	60	independent	independent	2-1	2-1	True	119	0.532	0.936	gain	TP	TP
chr3	156683806	156690496	6690	22	3	1	21	independent	independent	1-1	1-1	True	47	0.473	0.514	gain	TP	TP
chr3	158538672	158543768	5096	30	28	1	1	mutual_excl	independent	1-1	1-1	True	60	0.041	0.453	gain	FP	TP
chr3	160902542	160915458	12916	2	22	21	1	mutual_excl	independent	2-1	2-1	True	46	0.53	0.461	gain	TP	TP
chr3	165493555	165498040	4485	1	1	3	17	independent	independent	2-1	2-1	True	22	0.955	0.907	loh	TP	TP
chr3	167594048	167600108	6060	1	15	1	8	independent	independent	3	3	True	25	0.353	0.935	loh	TP	TP
chr3	167899430	167909463	10033	1	1	9	9	independent	independent	2-1	2-1	True	20	0.959	0.517	loh	TP	TP
chr3	167909463	167918839	9376	1	14	2	14	independent	independent	2-1	2-1	True	31	0.517	0.915	loh	TP	TP
chr3	168108085	168120303	12218	1	15	3	1	mutual_excl	independent	1-1	1-1	True	20	0.163	0.898	loh	FP	TP
chr3	171260504	171263535	3031	63	2	1	16	independent	independent	2-1	2-1	True	82	0.218	0.22	gain	TP	TP
chr3	172914797	172928489	13692	14	8	1	5	independent	independent	1-1	1-1	True	28	0.259	0.51	gain	TP	TP
chr3	172914798	172928489	13691	13	8	1	5	independent	independent	1-1	1-1	True	27	0.277	0.51	gain	TP	TP
chr3	172918259	172928489	10230	16	7	1	11	independent	independent	1-1	1-1	True	35	0.258	0.51	gain	TP	TP
chr3	175632526	175638930	6404	15	1	13	7	independent	independent	2-1	2-1	True	36	0.493	0.247	gain	TP	TP
chr3	178641308	178643965	2657	36	16	2	13	independent	independent	1-1	1-1	True	67	0.225	0.426	gain	TP	TP
chr3	179516244	179521274	5030	21	12	2	11	independent	independent	1-1	1-1	True	46	0.275	0.487	gain	TP	TP
chr3	182249811	182254698	4887	28	2	7	13	independent	independent	1-1	1-1	True	50	0.466	0.235	gain	TP	TP
chr3	183179683	183179827	144	53	7	2	53	independent	independent	2-1	2-1	True	115	0.478	0.53	gain	TP	TP
chr3	184765301	184765302	1	56	2	1	22	independent	independent	1-1	1-1	True	81	0.284	0.293	gain	TP	TP
chr3	189491431	189494439	3008	57	1	1	3	independent	independent	2-1	2-1	True	62	0.056	0.051	gain	FP	FP
chr3	192542716	192557728	15012	9	11	1	2	independent	independent	2-1	2-1	True	23	0.182	0.512	gain	TP	TP
chr3	192766997	192769332	2335	23	4	1	40	independent	independent	1-1	1-1	True	68	0.617	0.653	gain	TP	TP
chr3	194404912	194417985	13073	7	2	2	1	mutual_excl	independent	3	3	True	12	0.325	0.229	loh	FP	FP
chr3	194404914	194417985	13071	7	2	2	1	mutual_excl	independent	3	3	True	12	0.325	0.229	loh	FP	FP
chr3	194404915	194417985	13070	6	2	2	1	mutual_excl	independent	3	3	True	11	0.333	0.229	loh	FP	FP
chr3	196686285	196694057	7772	0	2	1	22	independent	independent	1-1	1-1	True	25	0.958	0.976	loh	TP	TP
chr8	3909075	3911309	2234	6	22	1	11	independent	independent	1-1	1-1	True	40	0.292	0.857	loh	TP	TP
chr8	6746018	6746019	1	0	2	4	39	independent	independent	1-1	1-1	True	45	0.956	0.92	loh	TP	TP
chr8	7801467	7804731	3264	0	2	3	2	independent	independent	2-1	2-1	True	7	0.714	0.538	neutral	FP	FP
chr8	8797891	8798868	977	5	1	1	49	independent	independent	2-1	2-1	True	56	0.894	0.883	loh	TP	TP
chr8	15956360	15956382	22	0	1	1	67	independent	independent	2-1	2-1	True	69	0.973	0.986	loh	TP	TP
chr8	18475254	18476378	1124	4	31	20	1	mutual_excl	independent	2-1	2-1	True	56	0.379	0.531	loh	TP	TP
chr8	19215142	19215143	1	27	3	2	25	independent	independent	1-1	1-1	True	57	0.474	0.483	loh	TP	TP
chr8	27594953	27595286	333	1	2	4	33	independent	independent	1-1	1-1	True	40	0.925	0.824	loh	TP	TP
chr8	27595286	27601705	6419	4	3	10	10	independent	independent	1-1	1-1	True	27	0.824	0.45	loh	TP	TP
chr8	37223908	37233033	9125	2	1	11	4	independent	independent	1-1	1-1	True	18	0.654	0.182	loh	TP	FP
chr8	46061962	46072164	10202	0	1	14	13	independent	independent	2-1	2-1	True	28	0.952	0.527	loh	TP	TP
chr8	49571436	49589986	18550	1	2	3	3	independent	independent	2-1	2-1	True	9	0.73	0.8	loh	TP	TP
chr8	52128513	52141343	12830	2	9	1	15	independent	independent	1-1	1-1	True	27	0.663	0.924	gain	TP	TP
chr8	54664903	54677265	12362	2	1	10	7	independent	independent	1-1	1-1	True	20	0.943	0.294	loh	TP	TP
chr8	55018742	55046245	27503	1	2	3	1	mutual_excl	independent	1-1	1-1	True	7	0.317	0.342	loh	TP	TP
chr8	55018742	55048578	29836	0	2	3	1	mutual_excl	independent	1-1	1-1	True	6	0.317	0.3	loh	TP	TP
chr8	55046245	55048578	2333	37	2	2	17	independent	independent	1-1	1-1	True	58	0.342	0.3	loh	TP	TP
chr8	56258063	56273727	15664	17	3	8	1	mutual_excl	independent	1-1	1-1	True	29	0.291	0.121	loh	TP	FP
chr8	58338760	58346246	7486	17	16	18	1	mutual_excl	independent	3	3	True	52	0.423	0.356	loh	TP	TP
chr8	61009588	61029245	19657	1	1	18	5	independent	independent	1-1	1-1	True	25	0.941	0.295	loh	TP	TP
chr8	61310728	61310999	271	7	49	1	26	independent	independent	1-1	1-1	True	83	0.31	0.908	loh	TP	TP
chr8	61402948	61405772	2824	19	1	26	19	independent	independent	1-1	1-1	True	65	0.679	0.289	loh	TP	TP
chr8	61402948	61415187	12239	1	11	21	2	independent	independent	1-1	1-1	True	35	0.679	0.36	loh	TP	TP
chr8	61411324	61415187	3863	14	20	22	1	mutual_excl	independent	1-1	1-1	True	57	0.422	0.36	loh	TP	TP
chr8	63098553	63119896	21343	0	13	1	1	mutual_excl	independent	1-1	1-1	True	15	0.243	0.986	loh	TP	TP
chr8	64248454	64263445	14991	16	2	5	1	mutual_excl	independent	1-1	1-1	True	24	0.386	0.27	gain	TP	TP
chr8	64262692	64263445	753	56	24	17	1	mutual_excl	independent	1-1	1-1	True	98	0.202	0.27	gain	TP	TP
chr8	64675461	64692227	16766	19	7	1	4	independent	independent	1-1	1-1	True	31	0.192	0.455	gain	TP	TP
chr8	64692227	64699057	6830	30	2	12	17	independent	independent	1-1	1-1	True	61	0.455	0.322	gain	TP	TP
chr8	68301349	68318169	16820	5	1	7	5	independent	independent	1-1	1-1	True	18	0.625	0.459	gain	TP	TP
chr8	68301349	68329720	28371	1	1	2	4	independent	independent	1-1	1-1	True	8	0.625	0.427	gain	TP	TP
chr8	68318169	68329720	11551	5	11	14	2	independent	independent	1-1	1-1	True	32	0.459	0.427	gain	TP	TP
chr8	68318169	68337433	19264	4	9	4	1	mutual_excl	independent	1-1	1-1	True	18	0.459	0.405	gain	TP	TP
chr8	68318169	68345577	27408	2	3	4	1	mutual_excl	independent	1-1	1-1	True	10	0.459	0.368	gain	TP	TP
chr8	69031194	69044763	13569	2	1	21	6	independent	independent	1-1	1-1	True	30	0.925	0.325	gain	TP	TP
chr8	69471754	69481340	9586	1	23	1	11	independent	independent	1-1	1-1	True	36	0.338	0.907	gain	TP	TP
chr8	72428799	72448104	19305	9	2	2	1	mutual_excl	independent	2-1	2-1	True	14	0.127	0.228	gain	FP	TP
chr8	74099977	74099982	5	49	4	1	21	independent	independent	1-1	1-1	True	75	0.293	0.329	gain	TP	TP
chr8	75061674	75086674	25000	0	4	1	6	independent	independent	1-1	1-1	True	11	0.391	0.966	gain	TP	TP
chr8	75075528	75086674	11146	0	17	1	13	independent	independent	1-1	1-1	True	31	0.41	0.966	gain	TP	TP
chr8	75382167	75390395	8228	0	26	1	10	independent	independent	1-1	1-1	True	37	0.268	0.94	gain	TP	TP
chr8	75571835	75575460	3625	17	11	23	2	independent	independent	1-1	1-1	True	53	0.405	0.321	gain	TP	TP
chr8	78330173	78333362	3189	32	1	1	17	independent	independent	3	3	True	51	0.387	0.342	gain	TP	TP
chr8	80506400	80518630	12230	3	2	24	14	independent	independent	1-1	1-1	True	43	0.926	0.344	gain	TP	TP
chr8	81312744	81320270	7526	42	1	1	6	independent	independent	1-1	1-1	True	50	0.161	0.095	gain	FP	FP
chr8	81350794	81354646	3852	60	1	1	10	independent	independent	1-1	1-1	True	72	0.13	0.167	gain	FP	FP
chr8	81352188	81364793	12605	25	1	2	3	independent	independent	1-1	1-1	True	31	0.191	0.12	gain	FP	FP
chr8	81364793	81365126	333	64	1	1	8	independent	independent	1-1	1-1	True	74	0.12	0.118	gain	FP	FP
chr8	81396102	81397144	1042	73	1	1	9	independent	independent	2-1	2-1	True	84	0.126	0.128	gain	FP	FP
chr8	81396102	81402471	6369	38	1	1	8	independent	independent	2-1	2-1	True	48	0.126	0.129	gain	FP	FP
chr8	81409240	81414548	5308	44	1	1	11	independent	independent	1-1	1-1	True	57	0.19	0.158	gain	FP	FP
chr8	81409240	81415786	6546	38	1	1	11	independent	independent	1-1	1-1	True	51	0.19	0.174	gain	FP	FP
chr8	81409240	81417232	7992	32	1	1	10	independent	independent	1-1	1-1	True	44	0.19	0.149	gain	FP	FP
chr8	81409240	81417803	8563	28	1	1	10	independent	independent	1-1	1-1	True	40	0.19	0.16	gain	FP	FP
chr8	81409240	81418670	9430	24	1	1	9	independent	independent	1-1	1-1	True	35	0.19	0.159	gain	FP	FP
chr8	81409240	81419428	10188	25	1	1	10	independent	independent	1-1	1-1	True	37	0.19	0.174	gain	FP	FP
chr8	81409240	81419537	10297	23	1	1	10	independent	independent	1-1	1-1	True	35	0.19	0.174	gain	FP	FP
chr8	81409240	81420653	11413	22	1	1	9	independent	independent	1-1	1-1	True	33	0.19	0.19	gain	FP	FP
chr8	81409240	81422195	12955	19	1	3	7	independent	independent	1-1	1-1	True	30	0.19	0.133	gain	FP	FP
chr8	81409240	81423119	13879	17	1	1	9	independent	independent	1-1	1-1	True	28	0.19	0.19	gain	FP	FP
chr8	81409240	81423327	14087	18	1	1	8	independent	independent	1-1	1-1	True	28	0.19	0.174	gain	FP	FP
chr8	81409240	81423467	14227	18	1	2	8	independent	independent	1-1	1-1	True	29	0.19	0.176	gain	FP	FP
chr8	81409240	81423583	14343	17	1	2	8	independent	independent	1-1	1-1	True	28	0.19	0.183	gain	FP	FP
chr8	81409240	81423841	14601	16	1	1	6	independent	independent	1-1	1-1	True	24	0.19	0.173	gain	FP	FP
chr8	81409240	81424607	15367	13	1	1	5	independent	independent	1-1	1-1	True	20	0.19	0.141	gain	FP	FP
chr8	81409240	81424849	15609	13	1	1	3	independent	independent	1-1	1-1	True	18	0.19	0.134	gain	FP	FP
chr8	81409240	81424908	15668	13	1	1	4	independent	independent	1-1	1-1	True	19	0.19	0.133	gain	FP	FP
chr8	81409240	81425637	16397	11	1	2	3	independent	independent	1-1	1-1	True	17	0.19	0.119	gain	FP	FP
chr8	81409240	81426379	17139	10	1	1	4	independent	independent	1-1	1-1	True	16	0.19	0.133	gain	FP	FP
chr8	81409240	81427447	18207	9	1	1	4	independent	independent	1-1	1-1	True	15	0.19	0.145	gain	FP	FP
chr8	81409240	81428186	18946	9	1	1	4	independent	independent	1-1	1-1	True	15	0.19	0.145	gain	FP	FP
chr8	81409240	81428256	19016	7	1	1	4	independent	independent	1-1	1-1	True	13	0.19	0.16	gain	FP	FP
chr8	81409240	81428693	19453	7	1	1	4	independent	independent	1-1	1-1	True	13	0.19	0.179	gain	FP	FP
chr8	81409240	81428694	19454	7	1	1	4	independent	independent	1-1	1-1	True	13	0.19	0.169	gain	FP	FP
chr8	81409240	81430413	21173	5	1	1	4	independent	independent	1-1	1-1	True	11	0.19	0.259	gain	FP	FP
chr8	81409240	81430450	21210	5	1	2	3	independent	independent	1-1	1-1	True	11	0.19	0.148	gain	FP	FP
chr8	81409240	81430800	21560	5	1	1	4	independent	independent	1-1	1-1	True	11	0.19	0.23	gain	FP	FP
chr8	81409240	81430934	21694	5	1	1	4	independent	independent	1-1	1-1	True	11	0.19	0.195	gain	FP	FP
chr8	81409240	81431203	21963	5	1	1	4	independent	independent	1-1	1-1	True	11	0.19	0.209	gain	FP	FP
chr8	81409240	81431249	22009	5	1	1	4	independent	independent	1-1	1-1	True	11	0.19	0.202	gain	FP	FP
chr8	81409240	81432622	23382	5	1	1	3	independent	independent	1-1	1-1	True	10	0.19	0.235	gain	FP	FP
chr8	81409240	81433532	24292	4	1	1	3	independent	independent	1-1	1-1	True	9	0.19	0.193	gain	FP	FP
chr8	81409240	81434164	24924	4	1	1	3	independent	independent	1-1	1-1	True	9	0.19	0.205	gain	FP	FP
chr8	81409240	81434245	25005	4	1	1	3	independent	independent	1-1	1-1	True	9	0.19	0.17	gain	FP	FP
chr8	81409240	81434701	25461	3	1	1	3	independent	independent	1-1	1-1	True	8	0.19	0.14	gain	FP	FP
chr8	81409240	81434745	25505	3	1	1	3	independent	independent	1-1	1-1	True	8	0.19	0.149	gain	FP	FP
chr8	81409240	81435384	26144	3	1	1	3	independent	independent	1-1	1-1	True	8	0.19	0.207	gain	FP	FP
chr8	81409240	81435550	26310	3	1	1	3	independent	independent	1-1	1-1	True	8	0.19	0.143	gain	FP	FP
chr8	81409240	81436544	27304	2	1	1	2	independent	independent	1-1	1-1	True	6	0.19	0.126	gain	FP	FP
chr8	81409240	81436895	27655	2	1	2	1	mutual_excl	independent	1-1	1-1	True	6	0.19	0.149	gain	FP	FP
chr8	81409240	81437858	28618	2	1	1	2	independent	independent	1-1	1-1	True	6	0.19	0.151	gain	FP	FP
chr8	81409240	81437965	28725	2	1	1	2	independent	independent	1-1	1-1	True	6	0.19	0.136	gain	FP	FP
chr8	81420653	81424849	4196	43	1	1	8	independent	independent	1-1	1-1	True	53	0.19	0.134	gain	FP	FP
chr8	81420653	81430413	9760	24	2	1	8	independent	independent	1-1	1-1	True	35	0.19	0.259	gain	FP	FP
chr8	81420653	81430934	10281	25	1	1	8	independent	independent	1-1	1-1	True	35	0.19	0.195	gain	FP	FP
chr8	81420653	81432622	11969	23	1	1	6	independent	independent	1-1	1-1	True	31	0.19	0.235	gain	FP	FP
chr8	81420653	81435861	15208	13	3	5	1	mutual_excl	independent	1-1	1-1	True	22	0.19	0.215	gain	FP	TP
chr8	81422195	81423467	1272	66	2	1	11	independent	independent	1-1	1-1	True	80	0.133	0.176	gain	FP	FP
chr8	81422195	81423583	1388	61	2	1	11	independent	independent	1-1	1-1	True	75	0.133	0.183	gain	FP	FP
chr8	81423467	81423583	116	62	1	1	14	independent	independent	1-1	1-1	True	78	0.176	0.183	gain	FP	FP
chr8	81423583	81425637	2054	50	1	1	9	independent	independent	1-1	1-1	True	61	0.183	0.119	gain	FP	FP
chr8	81423841	81424849	1008	58	1	1	9	independent	independent	1-1	1-1	True	69	0.173	0.134	gain	FP	FP
chr8	81425637	81430450	4813	41	1	2	7	independent	independent	1-1	1-1	True	51	0.119	0.148	gain	FP	FP
chr8	81426379	81436895	10516	20	1	1	5	independent	independent	1-1	1-1	True	27	0.133	0.149	gain	FP	FP
chr8	81427447	81436895	9448	20	1	1	5	independent	independent	1-1	1-1	True	27	0.145	0.149	gain	FP	FP
chr8	81428186	81436895	8709	21	1	1	6	independent	independent	1-1	1-1	True	29	0.145	0.149	gain	FP	FP
chr8	81428256	81436895	8639	21	1	1	6	independent	independent	1-1	1-1	True	29	0.16	0.149	gain	FP	FP
chr8	81428693	81430413	1720	48	5	1	14	independent	independent	1-1	1-1	True	68	0.179	0.259	gain	FP	FP
chr8	81428693	81430800	2107	51	2	1	14	independent	independent	1-1	1-1	True	68	0.179	0.23	gain	FP	FP
chr8	81428693	81430934	2241	52	1	1	14	independent	independent	1-1	1-1	True	68	0.179	0.195	gain	FP	FP
chr8	81428693	81432622	3929	39	3	1	12	independent	independent	1-1	1-1	True	55	0.179	0.235	gain	FP	FP
chr8	81428693	81435384	6691	28	3	1	10	independent	independent	1-1	1-1	True	42	0.179	0.207	gain	FP	FP
chr8	81428693	81435861	7168	23	5	10	1	mutual_excl	independent	1-1	1-1	True	39	0.179	0.215	gain	FP	TP
chr8	81428693	81436895	8202	21	1	2	7	independent	independent	1-1	1-1	True	31	0.179	0.149	gain	FP	FP
chr8	81428694	81436895	8201	22	1	1	7	independent	independent	1-1	1-1	True	31	0.169	0.149	gain	FP	FP
chr8	81430413	81430800	387	58	3	6	16	independent	independent	1-1	1-1	True	83	0.259	0.23	gain	FP	FP
chr8	81430413	81432622	2209	47	3	3	14	independent	independent	1-1	1-1	True	67	0.259	0.235	gain	FP	FP
chr8	81430413	81434245	3832	43	1	3	10	independent	independent	1-1	1-1	True	57	0.259	0.17	gain	FP	FP
chr8	81430413	81435384	4971	38	3	2	11	independent	independent	1-1	1-1	True	54	0.259	0.207	gain	FP	FP
chr8	81430413	81441605	11192	17	1	1	6	independent	independent	1-1	1-1	True	25	0.259	0.208	gain	FP	FP
chr8	81430450	81434245	3795	48	1	1	10	independent	independent	1-1	1-1	True	60	0.148	0.17	gain	FP	FP
chr8	81430450	81434701	4251	48	1	1	9	independent	independent	1-1	1-1	True	59	0.148	0.14	gain	FP	FP
chr8	81430450	81436895	6445	35	1	1	8	independent	independent	1-1	1-1	True	45	0.148	0.149	gain	FP	FP
chr8	81430800	81430934	134	65	1	4	16	independent	independent	1-1	1-1	True	86	0.23	0.195	gain	FP	FP
chr8	81430800	81432622	1822	51	4	3	13	independent	independent	1-1	1-1	True	71	0.23	0.235	gain	FP	FP
chr8	81430800	81434245	3445	47	1	3	10	independent	independent	1-1	1-1	True	61	0.23	0.17	gain	FP	FP
chr8	81430800	81435384	4584	41	3	1	12	independent	independent	1-1	1-1	True	57	0.23	0.207	gain	FP	FP
chr8	81430800	81436895	6095	36	1	1	8	independent	independent	1-1	1-1	True	46	0.23	0.149	gain	FP	FP
chr8	81430934	81432622	1688	54	4	1	13	independent	independent	1-1	1-1	True	72	0.195	0.235	gain	FP	FP
chr8	81430934	81434245	3311	49	1	2	10	independent	independent	1-1	1-1	True	62	0.195	0.17	gain	FP	FP
chr8	81430934	81435384	4450	41	5	1	11	independent	independent	1-1	1-1	True	58	0.195	0.207	gain	FP	FP
chr8	81430934	81436895	5961	35	1	2	8	independent	independent	1-1	1-1	True	46	0.195	0.149	gain	FP	FP
chr8	81431203	81434245	3042	51	1	1	12	independent	independent	1-1	1-1	True	65	0.209	0.17	gain	FP	FP
chr8	81431203	81436895	5692	37	1	1	10	independent	independent	1-1	1-1	True	49	0.209	0.149	gain	FP	FP
chr8	81431249	81434245	2996	50	2	1	11	independent	independent	1-1	1-1	True	64	0.202	0.17	gain	FP	FP
chr8	81431249	81434701	3452	50	1	1	11	independent	independent	1-1	1-1	True	63	0.202	0.14	gain	FP	FP
chr8	81431249	81436895	5646	36	2	1	9	independent	independent	1-1	1-1	True	48	0.202	0.149	gain	FP	FP
chr8	81431249	81441268	10019	30	1	1	5	independent	independent	1-1	1-1	True	37	0.202	0.103	gain	FP	FP
chr8	81432622	81434164	1542	53	1	4	14	independent	independent	1-1	1-1	True	72	0.235	0.205	gain	FP	FP
chr8	81432622	81434245	1623	54	1	5	12	independent	independent	1-1	1-1	True	72	0.235	0.17	gain	FP	FP
chr8	81432622	81435384	2762	46	5	4	13	independent	independent	1-1	1-1	True	68	0.235	0.207	gain	FP	FP
chr8	81432622	81435550	2928	49	1	4	11	independent	independent	1-1	1-1	True	65	0.235	0.143	gain	FP	FP
chr8	81432622	81435861	3239	34	14	15	2	independent	independent	1-1	1-1	True	65	0.235	0.215	gain	FP	TP
chr8	81432622	81436895	4273	41	1	4	10	independent	independent	1-1	1-1	True	56	0.235	0.149	gain	FP	FP
chr8	81432622	81437858	5236	36	1	2	10	independent	independent	1-1	1-1	True	49	0.235	0.151	gain	FP	FP
chr8	81432622	81441359	8737	30	1	2	8	independent	independent	1-1	1-1	True	41	0.235	0.17	gain	FP	FP
chr8	81432622	81451118	18496	13	1	1	4	independent	independent	1-1	1-1	True	19	0.235	0.185	gain	FP	FP
chr8	81433532	81434245	713	65	1	1	13	independent	independent	1-1	1-1	True	80	0.193	0.17	gain	FP	FP
chr8	81433532	81436895	3363	51	1	1	10	independent	independent	1-1	1-1	True	63	0.193	0.149	gain	FP	FP
chr8	81434164	81434245	81	68	1	3	14	independent	independent	1-1	1-1	True	86	0.205	0.17	gain	FP	FP
chr8	81434164	81435384	1220	56	5	2	13	independent	independent	1-1	1-1	True	76	0.205	0.207	gain	FP	FP
chr8	81434164	81435550	1386	60	1	2	11	independent	independent	1-1	1-1	True	74	0.205	0.143	gain	FP	FP
chr8	81434164	81436895	2731	49	1	3	10	independent	independent	1-1	1-1	True	63	0.205	0.149	gain	FP	FP
chr8	81434164	81441359	7195	36	1	1	8	independent	independent	1-1	1-1	True	46	0.205	0.17	gain	FP	FP
chr8	81434164	81441605	7441	24	1	1	8	independent	independent	1-1	1-1	True	34	0.205	0.208	gain	FP	FP
chr8	81434245	81434745	500	69	1	1	11	independent	independent	1-1	1-1	True	82	0.17	0.149	gain	FP	FP
chr8	81434245	81435384	1139	58	6	1	11	independent	independent	1-1	1-1	True	76	0.17	0.207	gain	FP	FP
chr8	81434245	81435550	1305	62	1	1	11	independent	independent	1-1	1-1	True	75	0.17	0.143	gain	FP	FP
chr8	81434245	81436544	2299	55	1	2	9	independent	independent	1-1	1-1	True	67	0.17	0.126	gain	FP	FP
chr8	81434245	81436895	2650	52	2	2	9	independent	independent	1-1	1-1	True	65	0.17	0.149	gain	FP	FP
chr8	81434245	81437858	3613	44	2	1	9	independent	independent	1-1	1-1	True	56	0.17	0.151	gain	FP	FP
chr8	81434245	81437965	3720	47	1	1	9	independent	independent	1-1	1-1	True	58	0.17	0.136	gain	FP	FP
chr8	81434245	81440843	6598	42	1	1	7	independent	independent	1-1	1-1	True	51	0.17	0.14	gain	FP	FP
chr8	81434245	81441359	7114	37	2	1	7	independent	independent	1-1	1-1	True	47	0.17	0.17	gain	FP	FP
chr8	81434245	81441418	7173	38	1	1	7	independent	independent	1-1	1-1	True	47	0.17	0.138	gain	FP	FP
chr8	81434245	81441605	7360	26	2	1	7	independent	independent	1-1	1-1	True	36	0.17	0.208	gain	FP	FP
chr8	81434245	81441664	7419	32	1	1	6	independent	independent	1-1	1-1	True	40	0.17	0.136	gain	FP	FP
chr8	81434245	81443283	9038	33	1	1	6	independent	independent	1-1	1-1	True	41	0.17	0.129	gain	FP	FP
chr8	81434245	81443386	9141	31	1	1	6	independent	independent	1-1	1-1	True	39	0.17	0.129	gain	FP	FP
chr8	81434245	81443478	9233	30	1	1	5	independent	independent	1-1	1-1	True	37	0.17	0.122	gain	FP	FP
chr8	81434701	81436544	1843	61	1	1	10	independent	independent	1-1	1-1	True	73	0.14	0.126	gain	FP	FP
chr8	81434701	81436895	2194	57	2	1	10	independent	independent	1-1	1-1	True	70	0.14	0.149	gain	FP	FP
chr8	81434745	81436895	2150	58	1	1	11	independent	independent	1-1	1-1	True	71	0.149	0.149	gain	FP	FP
chr8	81435384	81435550	166	71	1	5	12	independent	independent	1-1	1-1	True	89	0.207	0.143	gain	FP	FP
chr8	81435384	81435861	477	54	16	16	3	independent	independent	1-1	1-1	True	89	0.207	0.215	gain	FP	TP
chr8	81435384	81437858	2474	51	1	2	11	independent	independent	1-1	1-1	True	65	0.207	0.151	gain	FP	FP
chr8	81435384	81441359	5975	40	1	2	9	independent	independent	1-1	1-1	True	52	0.207	0.17	gain	FP	FP
chr8	81435384	81441605	6221	29	1	2	9	independent	independent	1-1	1-1	True	41	0.207	0.208	gain	FP	FP
chr8	81435384	81451118	15734	18	1	1	5	independent	independent	1-1	1-1	True	25	0.207	0.185	gain	FP	FP
chr8	81435550	81435861	311	57	19	12	1	mutual_excl	independent	1-1	1-1	True	89	0.143	0.215	gain	FP	TP
chr8	81435550	81436895	1345	63	1	2	10	independent	independent	1-1	1-1	True	76	0.143	0.149	gain	FP	FP
chr8	81435550	81441359	5809	42	1	1	8	independent	independent	1-1	1-1	True	52	0.143	0.17	gain	FP	FP
chr8	81435550	81451118	15568	19	1	1	4	independent	independent	1-1	1-1	True	25	0.143	0.185	gain	FP	FP
chr8	81435861	81436895	1034	49	11	18	1	mutual_excl	independent	1-1	1-1	True	79	0.215	0.149	gain	TP	FP
chr8	81435861	81441359	5498	30	9	15	1	mutual_excl	independent	1-1	1-1	True	55	0.215	0.17	gain	TP	FP
chr8	81435861	81441605	5744	23	9	10	1	mutual_excl	independent	1-1	1-1	True	43	0.215	0.208	gain	TP	FP
chr8	81435861	81451118	15257	13	5	7	1	mutual_excl	independent	1-1	1-1	True	26	0.215	0.185	gain	TP	FP
chr8	81436544	81436895	351	68	3	1	10	independent	independent	1-1	1-1	True	82	0.126	0.149	gain	FP	FP
chr8	81436544	81441268	4724	51	1	1	5	independent	independent	1-1	1-1	True	58	0.126	0.103	gain	FP	FP
chr8	81436895	81437858	963	59	2	2	10	independent	independent	1-1	1-1	True	73	0.149	0.151	gain	FP	FP
chr8	81436895	81437965	1070	62	1	2	10	independent	independent	1-1	1-1	True	75	0.149	0.136	gain	FP	FP
chr8	81436895	81441359	4464	46	1	2	9	independent	independent	1-1	1-1	True	58	0.149	0.17	gain	FP	FP
chr8	81436895	81441605	4710	35	1	2	9	independent	independent	1-1	1-1	True	47	0.149	0.208	gain	FP	FP
chr8	81436895	81451118	14223	21	1	1	5	independent	independent	1-1	1-1	True	28	0.149	0.185	gain	FP	FP
chr8	81437858	81441359	3501	51	1	1	10	independent	independent	1-1	1-1	True	63	0.151	0.17	gain	FP	FP
chr8	81437858	81441605	3747	39	1	1	10	independent	independent	1-1	1-1	True	51	0.151	0.208	gain	FP	FP
chr8	81440016	81452495	12479	20	1	1	3	independent	independent	2-1	2-1	True	25	0.11	0.153	gain	FP	FP
chr8	81441359	81441605	246	52	2	1	13	independent	independent	1-1	1-1	True	68	0.17	0.208	gain	FP	FP
chr8	81441359	81451118	9759	26	1	1	6	independent	independent	1-1	1-1	True	34	0.17	0.185	gain	FP	FP
chr8	81441605	81451118	9513	19	1	1	6	independent	independent	1-1	1-1	True	27	0.208	0.185	gain	FP	FP
chr8	81447883	81451442	3559	49	2	1	12	independent	independent	3	3	True	64	0.174	0.194	gain	FP	FP
chr8	81451118	81456034	4916	50	1	1	11	independent	independent	1-1	1-1	True	63	0.185	0.168	gain	FP	FP
chr8	81451118	81469430	18312	16	1	1	7	independent	independent	1-1	1-1	True	25	0.185	0.196	gain	FP	FP
chr8	81452495	81452940	445	65	1	1	12	independent	independent	2-1	2-1	True	79	0.153	0.137	gain	FP	FP
chr8	81456034	81465297	9263	38	1	1	8	independent	independent	1-1	1-1	True	48	0.168	0.136	gain	FP	FP
chr8	81465297	81467265	1968	63	1	1	11	independent	independent	1-1	1-1	True	76	0.136	0.172	gain	FP	FP
chr8	81465297	81469430	4133	56	1	1	10	independent	independent	1-1	1-1	True	68	0.136	0.196	gain	FP	FP
chr8	81465297	81470325	5028	53	1	1	10	independent	independent	1-1	1-1	True	65	0.136	0.167	gain	FP	FP
chr8	81467265	81469430	2165	62	1	1	13	independent	independent	1-1	1-1	True	77	0.172	0.196	gain	FP	FP
chr8	81467265	81470325	3060	58	1	2	12	independent	independent	1-1	1-1	True	73	0.172	0.167	gain	FP	FP
chr8	81468003	81470325	2322	61	1	1	12	independent	independent	1-1	1-1	True	75	0.17	0.167	gain	FP	FP
chr8	81469430	81470325	895	66	1	2	14	independent	independent	1-1	1-1	True	83	0.196	0.167	gain	FP	FP
chr8	81470041	81470325	284	73	1	1	13	independent	independent	1-1	1-1	True	88	0.163	0.167	gain	FP	FP
chr8	81470325	81478858	8533	41	1	1	6	independent	independent	1-1	1-1	True	49	0.167	0.135	gain	FP	FP
chr8	81522195	81522614	419	30	31	29	1	mutual_excl	independent	1-1	1-1	True	91	0.316	0.374	gain	TP	TP
chr8	81991144	81991835	691	66	1	1	13	independent	independent	2-1	2-1	True	81	0.17	0.186	gain	FP	FP
chr8	81991144	81992164	1020	63	1	1	12	independent	independent	2-1	2-1	True	77	0.17	0.183	gain	FP	FP
chr8	81991144	81997114	5970	40	2	2	8	independent	independent	2-1	2-1	True	52	0.17	0.161	gain	FP	FP
chr8	81991144	82016349	25205	7	1	2	2	independent	independent	2-1	2-1	True	12	0.17	0.163	gain	FP	FP
chr8	81991835	81997114	5279	41	1	1	10	independent	independent	2-1	2-1	True	53	0.186	0.161	gain	FP	FP
chr8	81992164	81997114	4950	42	1	1	9	independent	independent	2-1	2-1	True	53	0.183	0.161	gain	FP	FP
chr8	81992513	81994866	2353	53	1	3	12	independent	independent	1-1	1-1	True	69	0.205	0.167	gain	FP	FP
chr8	81997114	82013056	15942	13	1	1	1	mutual_excl	independent	2-1	2-1	True	16	0.161	0.143	gain	FP	FP
chr8	81997114	82013738	16624	11	2	1	6	independent	independent	2-1	2-1	True	20	0.161	0.211	gain	FP	FP
chr8	81997114	82017026	19912	8	1	1	5	independent	independent	2-1	2-1	True	15	0.161	0.23	gain	FP	FP
chr8	81997114	82024830	27716	1	1	1	4	independent	independent	2-1	2-1	True	7	0.161	0.171	gain	FP	FP
chr8	81997114	82031013	33899	1	1	1	3	independent	independent	2-1	2-1	True	6	0.161	0.13	gain	FP	FP
chr8	81997114	82037776	40662	1	1	1	3	independent	independent	2-1	2-1	True	6	0.161	0.14	gain	FP	FP
chr8	82013738	82017026	3288	48	1	2	14	independent	independent	2-1	2-1	True	65	0.211	0.23	gain	FP	FP
chr8	82013738	82037776	24038	10	1	1	4	independent	independent	2-1	2-1	True	16	0.211	0.14	gain	FP	FP
chr8	82016349	82037776	21427	11	4	1	1	mutual_excl	independent	2-1	2-1	True	17	0.163	0.14	gain	FP	FP
chr8	82017026	82037776	20750	11	1	2	4	independent	independent	2-1	2-1	True	18	0.23	0.14	gain	FP	FP
chr8	82024830	82031013	6183	41	1	1	6	independent	independent	2-1	2-1	True	49	0.171	0.13	gain	FP	FP
chr8	82024830	82037776	12946	28	1	1	5	independent	independent	2-1	2-1	True	35	0.171	0.14	gain	FP	FP
chr8	82026565	82031013	4448	34	5	18	1	mutual_excl	independent	2-1	2-1	True	58	0.267	0.13	gain	TP	FP
chr8	82026565	82040240	13675	22	3	6	1	mutual_excl	independent	2-1	2-1	True	32	0.267	0.175	gain	TP	FP
chr8	82026565	82043140	16575	16	4	5	1	mutual_excl	independent	2-1	2-1	True	26	0.267	0.174	gain	TP	FP
chr8	82031013	82037650	6637	45	1	1	8	independent	independent	2-1	2-1	True	55	0.13	0.182	gain	FP	FP
chr8	82031013	82037776	6763	45	2	1	6	independent	independent	2-1	2-1	True	54	0.13	0.14	gain	FP	FP
chr8	82035556	82035715	159	83	1	1	18	independent	independent	2-1	2-1	True	103	0.179	0.179	gain	FP	FP
chr8	82035556	82037776	2220	64	1	2	10	independent	independent	2-1	2-1	True	77	0.179	0.14	gain	FP	FP
chr8	82035556	82038509	2953	57	1	1	10	independent	independent	2-1	2-1	True	69	0.179	0.186	gain	FP	FP
chr8	82035556	82039621	4065	50	1	2	9	independent	independent	2-1	2-1	True	62	0.179	0.184	gain	FP	FP
chr8	82035556	82040240	4684	51	1	1	9	independent	independent	2-1	2-1	True	62	0.179	0.175	gain	FP	FP
chr8	82035556	82040636	5080	48	1	1	8	independent	independent	2-1	2-1	True	58	0.179	0.194	gain	FP	FP
chr8	82035556	82040859	5303	50	1	2	7	independent	independent	2-1	2-1	True	60	0.179	0.156	gain	FP	FP
chr8	82035556	82041516	5960	43	2	1	8	independent	independent	2-1	2-1	True	54	0.179	0.187	gain	FP	FP
chr8	82035556	82042669	7113	43	1	1	7	independent	independent	2-1	2-1	True	52	0.179	0.167	gain	FP	FP
chr8	82035715	82037776	2061	66	1	1	10	independent	independent	2-1	2-1	True	78	0.179	0.14	gain	FP	FP
chr8	82035715	82039621	3906	52	1	1	9	independent	independent	2-1	2-1	True	63	0.179	0.184	gain	FP	FP
chr8	82035715	82040859	5144	52	1	1	7	independent	independent	2-1	2-1	True	61	0.179	0.156	gain	FP	FP
chr8	82036734	82037776	1042	70	2	1	11	independent	independent	2-1	2-1	True	84	0.19	0.14	gain	FP	FP
chr8	82036734	82039621	2887	53	2	1	10	independent	independent	2-1	2-1	True	66	0.19	0.184	gain	FP	FP
chr8	82036734	82040859	4125	53	2	1	8	independent	independent	2-1	2-1	True	64	0.19	0.156	gain	FP	FP
chr8	82036793	82036888	95	76	1	1	16	independent	independent	1-1	1-1	True	94	0.177	0.198	gain	FP	FP
chr8	82037334	82037776	442	75	1	1	12	independent	independent	2-1	2-1	True	89	0.208	0.14	gain	FP	FP
chr8	82037334	82039621	2287	54	1	1	12	independent	independent	2-1	2-1	True	68	0.208	0.184	gain	FP	FP
chr8	82037334	82040859	3525	54	1	1	10	independent	independent	2-1	2-1	True	66	0.208	0.156	gain	FP	FP
chr8	82037629	82037650	21	77	1	2	16	independent	independent	2-1	2-1	True	96	0.194	0.182	gain	FP	FP
chr8	82037629	82039621	1992	55	1	1	11	independent	independent	2-1	2-1	True	68	0.194	0.184	gain	FP	FP
chr8	82037629	82040859	3230	55	1	1	9	independent	independent	2-1	2-1	True	66	0.194	0.156	gain	FP	FP
chr8	82037650	82037776	126	78	3	1	10	independent	independent	2-1	2-1	True	92	0.182	0.14	gain	FP	FP
chr8	82037650	82039621	1971	55	3	1	10	independent	independent	2-1	2-1	True	69	0.182	0.184	gain	FP	FP
chr8	82037650	82040859	3209	55	2	1	9	independent	independent	2-1	2-1	True	67	0.182	0.156	gain	FP	FP
chr8	82037776	82038509	733	65	2	1	11	independent	independent	2-1	2-1	True	79	0.14	0.186	gain	FP	FP
chr8	82037776	82039621	1845	56	2	1	10	independent	independent	2-1	2-1	True	69	0.14	0.184	gain	FP	FP
chr8	82037776	82040859	3083	56	2	1	8	independent	independent	2-1	2-1	True	67	0.14	0.156	gain	FP	FP
chr8	82038509	82039621	1112	57	1	2	13	independent	independent	2-1	2-1	True	73	0.186	0.184	gain	FP	FP
chr8	82038509	82040240	1731	58	1	1	13	independent	independent	2-1	2-1	True	73	0.186	0.175	gain	FP	FP
chr8	82038509	82040636	2127	56	1	1	12	independent	independent	2-1	2-1	True	70	0.186	0.194	gain	FP	FP
chr8	82038509	82040859	2350	57	1	2	11	independent	independent	2-1	2-1	True	71	0.186	0.156	gain	FP	FP
chr8	82038509	82041516	3007	49	2	1	12	independent	independent	2-1	2-1	True	64	0.186	0.187	gain	FP	FP
chr8	82038509	82042669	4160	49	1	1	10	independent	independent	2-1	2-1	True	61	0.186	0.167	gain	FP	FP
chr8	82039621	82040240	619	65	2	1	14	independent	independent	2-1	2-1	True	82	0.184	0.175	gain	FP	FP
chr8	82039621	82040636	1015	61	4	1	13	independent	independent	2-1	2-1	True	79	0.184	0.194	gain	FP	FP
chr8	82039621	82040859	1238	66	1	1	13	independent	independent	2-1	2-1	True	81	0.184	0.156	gain	FP	FP
chr8	82039621	82041315	1694	61	1	1	13	independent	independent	2-1	2-1	True	76	0.184	0.16	gain	FP	FP
chr8	82039621	82041402	1781	59	1	1	13	independent	independent	2-1	2-1	True	74	0.184	0.163	gain	FP	FP
chr8	82039621	82041449	1828	58	1	1	9	independent	independent	2-1	2-1	True	69	0.184	0.124	gain	FP	FP
chr8	82039621	82041516	1895	56	3	1	13	independent	independent	2-1	2-1	True	73	0.184	0.187	gain	FP	FP
chr8	82039621	82041559	1938	57	1	2	12	independent	independent	2-1	2-1	True	72	0.184	0.152	gain	FP	FP
chr8	82039621	82041578	1957	53	1	1	13	independent	independent	2-1	2-1	True	68	0.184	0.17	gain	FP	FP
chr8	82039621	82042097	2476	57	1	1	13	independent	independent	2-1	2-1	True	72	0.184	0.16	gain	FP	FP
chr8	82039621	82042152	2531	56	1	1	11	independent	independent	2-1	2-1	True	69	0.184	0.144	gain	FP	FP
chr8	82039621	82042449	2828	56	1	1	11	independent	independent	2-1	2-1	True	69	0.184	0.156	gain	FP	FP
chr8	82039621	82042669	3048	54	2	1	11	independent	independent	2-1	2-1	True	68	0.184	0.167	gain	FP	FP
chr8	82039621	82043140	3519	50	4	1	9	independent	independent	2-1	2-1	True	64	0.184	0.174	gain	FP	FP
chr8	82039621	82043212	3591	52	1	1	11	independent	independent	2-1	2-1	True	65	0.184	0.187	gain	FP	FP
chr8	82039621	82043816	4195	47	1	1	10	independent	independent	2-1	2-1	True	59	0.184	0.175	gain	FP	FP
chr8	82039621	82044264	4643	48	1	2	8	independent	independent	2-1	2-1	True	59	0.184	0.147	gain	FP	FP
chr8	82039621	82046162	6541	40	1	1	9	independent	independent	2-1	2-1	True	51	0.184	0.175	gain	FP	FP
chr8	82040240	82040636	396	71	3	1	15	independent	independent	2-1	2-1	True	90	0.175	0.194	gain	FP	FP
chr8	82040240	82040859	619	76	1	2	14	independent	independent	2-1	2-1	True	93	0.175	0.156	gain	FP	FP
chr8	82040240	82041516	1276	66	2	1	15	independent	independent	2-1	2-1	True	84	0.175	0.187	gain	FP	FP
chr8	82040240	82042449	2209	66	1	1	13	independent	independent	2-1	2-1	True	81	0.175	0.156	gain	FP	FP
chr8	82040240	82042669	2429	65	1	1	12	independent	independent	2-1	2-1	True	79	0.175	0.167	gain	FP	FP
chr8	82040240	82043140	2900	59	4	1	10	independent	independent	2-1	2-1	True	74	0.175	0.174	gain	FP	FP
chr8	82040240	82043212	2972	60	2	1	12	independent	independent	2-1	2-1	True	75	0.175	0.187	gain	FP	FP
chr8	82040636	82040859	223	74	1	4	14	independent	independent	2-1	2-1	True	93	0.194	0.156	gain	FP	FP
chr8	82040636	82041516	880	63	2	3	15	independent	independent	2-1	2-1	True	83	0.194	0.187	gain	FP	FP
chr8	82040636	82042449	1813	65	1	1	13	independent	independent	2-1	2-1	True	80	0.194	0.156	gain	FP	FP
chr8	82040636	82042669	2033	64	1	1	12	independent	independent	2-1	2-1	True	78	0.194	0.167	gain	FP	FP
chr8	82040636	82043140	2504	58	4	1	10	independent	independent	2-1	2-1	True	73	0.194	0.174	gain	FP	FP
chr8	82040636	82043212	2576	59	2	1	12	independent	independent	2-1	2-1	True	74	0.194	0.187	gain	FP	FP
chr8	82040636	82043816	3180	55	1	1	11	independent	independent	2-1	2-1	True	68	0.194	0.175	gain	FP	FP
chr8	82040859	82041315	456	74	1	1	14	independent	independent	2-1	2-1	True	90	0.156	0.16	gain	FP	FP
chr8	82040859	82041402	543	72	1	1	14	independent	independent	2-1	2-1	True	88	0.156	0.163	gain	FP	FP
chr8	82040859	82041449	590	71	1	1	10	independent	independent	2-1	2-1	True	83	0.156	0.124	gain	FP	FP
chr8	82040859	82041516	657	67	3	1	14	independent	independent	2-1	2-1	True	85	0.156	0.187	gain	FP	FP
chr8	82040859	82041559	700	70	1	2	13	independent	independent	2-1	2-1	True	86	0.156	0.152	gain	FP	FP
chr8	82040859	82041578	719	66	1	1	14	independent	independent	2-1	2-1	True	82	0.156	0.17	gain	FP	FP
chr8	82040859	82042097	1238	70	1	1	14	independent	independent	2-1	2-1	True	86	0.156	0.16	gain	FP	FP
chr8	82040859	82042152	1293	69	1	1	12	independent	independent	2-1	2-1	True	83	0.156	0.144	gain	FP	FP
chr8	82040859	82042449	1590	68	2	1	12	independent	independent	2-1	2-1	True	83	0.156	0.156	gain	FP	FP
chr8	82040859	82042669	1810	67	2	1	11	independent	independent	2-1	2-1	True	81	0.156	0.167	gain	FP	FP
chr8	82040859	82043140	2281	61	5	1	9	independent	independent	2-1	2-1	True	76	0.156	0.174	gain	FP	FP
chr8	82040859	82043212	2353	61	4	1	11	independent	independent	2-1	2-1	True	77	0.156	0.187	gain	FP	FP
chr8	82040859	82043816	2957	57	2	1	10	independent	independent	2-1	2-1	True	70	0.156	0.175	gain	FP	FP
chr8	82040859	82044264	3405	58	1	2	8	independent	independent	2-1	2-1	True	69	0.156	0.147	gain	FP	FP
chr8	82040859	82044380	3521	55	1	1	10	independent	independent	2-1	2-1	True	67	0.156	0.163	gain	FP	FP
chr8	82040859	82046162	5303	49	1	2	9	independent	independent	2-1	2-1	True	61	0.156	0.175	gain	FP	FP
chr8	82041516	82042449	933	69	1	2	13	independent	independent	2-1	2-1	True	85	0.187	0.156	gain	FP	FP
chr8	82041516	82042669	1153	68	1	2	12	independent	independent	2-1	2-1	True	83	0.187	0.167	gain	FP	FP
chr8	82041516	82043140	1624	62	4	2	10	independent	independent	2-1	2-1	True	78	0.187	0.174	gain	FP	FP
chr8	82041516	82043212	1696	63	1	2	12	independent	independent	2-1	2-1	True	78	0.187	0.187	gain	FP	FP
chr8	82041516	82043491	1975	41	24	12	1	mutual_excl	independent	2-1	2-1	True	78	0.187	0.319	gain	FP	TP
chr8	82041516	82043816	2300	60	1	1	11	independent	independent	2-1	2-1	True	73	0.187	0.175	gain	FP	FP
chr8	82041559	82046162	4603	53	1	1	9	independent	independent	2-1	2-1	True	64	0.152	0.175	gain	FP	FP
chr8	82042449	82042669	220	78	1	1	12	independent	independent	2-1	2-1	True	92	0.156	0.167	gain	FP	FP
chr8	82042449	82043212	763	69	3	1	12	independent	independent	2-1	2-1	True	85	0.156	0.187	gain	FP	FP
chr8	82042449	82043816	1367	65	2	1	11	independent	independent	2-1	2-1	True	79	0.156	0.175	gain	FP	FP
chr8	82042449	82046162	3713	55	1	2	10	independent	independent	2-1	2-1	True	68	0.156	0.175	gain	FP	FP
chr8	82042669	82043140	471	72	4	1	11	independent	independent	2-1	2-1	True	88	0.167	0.174	gain	FP	FP
chr8	82042669	82043491	822	47	28	12	1	mutual_excl	independent	2-1	2-1	True	88	0.167	0.319	gain	FP	TP
chr8	82042669	82043816	1147	66	2	1	12	independent	independent	2-1	2-1	True	81	0.167	0.175	gain	FP	FP
chr8	82042669	82046162	3493	56	1	2	11	independent	independent	2-1	2-1	True	70	0.167	0.175	gain	FP	FP
chr8	82043140	82043212	72	69	3	4	11	independent	independent	2-1	2-1	True	87	0.174	0.187	gain	FP	FP
chr8	82043140	82043816	676	65	2	4	10	independent	independent	2-1	2-1	True	81	0.174	0.175	gain	FP	FP
chr8	82043140	82046162	3022	56	1	2	10	independent	independent	2-1	2-1	True	69	0.174	0.175	gain	FP	FP
chr8	82043212	82043491	279	47	25	14	2	independent	independent	2-1	2-1	True	88	0.187	0.319	gain	FP	TP
chr8	82043212	82043816	604	65	2	1	13	independent	independent	2-1	2-1	True	81	0.187	0.175	gain	FP	FP
chr8	82043212	82046162	2950	56	1	2	12	independent	independent	2-1	2-1	True	71	0.187	0.175	gain	FP	FP
chr8	82043491	82046162	2671	40	12	21	1	mutual_excl	independent	2-1	2-1	True	74	0.319	0.175	gain	TP	FP
chr8	82043816	82046162	2346	59	1	3	13	independent	independent	2-1	2-1	True	76	0.175	0.175	gain	FP	FP
chr8	82044264	82044380	116	79	1	1	14	independent	independent	2-1	2-1	True	95	0.147	0.163	gain	FP	FP
chr8	82044264	82046162	1898	66	2	1	14	independent	independent	2-1	2-1	True	83	0.147	0.175	gain	FP	FP
chr8	82044380	82046162	1782	62	2	1	15	independent	independent	2-1	2-1	True	80	0.163	0.175	gain	FP	FP
chr8	82061861	82075646	13785	18	4	5	1	mutual_excl	independent	2-1	2-1	True	28	0.141	0.26	gain	FP	TP
chr8	82064055	82075646	11591	21	4	5	1	mutual_excl	independent	2-1	2-1	True	31	0.135	0.26	gain	FP	TP
chr8	82064155	82072360	8205	29	8	6	1	mutual_excl	independent	2-1	2-1	True	44	0.143	0.256	gain	FP	TP
chr8	82064155	82075646	11491	21	4	5	2	independent	independent	2-1	2-1	True	32	0.143	0.26	gain	FP	TP
chr8	82072360	82075646	3286	45	1	1	18	independent	independent	2-1	2-1	True	65	0.256	0.26	gain	TP	TP
chr8	82075646	82080950	5304	32	8	16	1	mutual_excl	independent	2-1	2-1	True	57	0.26	0.137	gain	TP	FP
chr8	82075646	82081132	5486	29	8	15	1	mutual_excl	independent	2-1	2-1	True	53	0.26	0.146	gain	TP	FP
chr8	82075646	82081539	5893	30	9	15	1	mutual_excl	independent	2-1	2-1	True	55	0.26	0.167	gain	TP	FP
chr8	82075646	82082069	6423	27	9	15	1	mutual_excl	independent	2-1	2-1	True	52	0.26	0.168	gain	TP	FP
chr8	82075646	82082127	6481	24	10	14	1	mutual_excl	independent	2-1	2-1	True	49	0.26	0.196	gain	TP	FP
chr8	82075646	82086174	10528	19	8	8	1	mutual_excl	independent	2-1	2-1	True	36	0.26	0.184	gain	TP	FP
chr8	82075646	82087275	11629	19	5	7	1	mutual_excl	independent	2-1	2-1	True	32	0.26	0.163	gain	TP	FP
chr8	82075646	82088123	12477	18	3	6	1	mutual_excl	independent	2-1	2-1	True	28	0.26	0.135	gain	TP	FP
chr8	82075646	82088857	13211	16	4	5	1	mutual_excl	independent	2-1	2-1	True	26	0.26	0.194	gain	TP	FP
chr8	82075646	82089802	14156	15	3	6	1	mutual_excl	independent	2-1	2-1	True	25	0.26	0.141	gain	TP	FP
chr8	82075646	82090068	14422	15	3	6	1	mutual_excl	independent	2-1	2-1	True	25	0.26	0.143	gain	TP	FP
chr8	82081132	82087275	6143	40	1	1	7	independent	independent	2-1	2-1	True	49	0.146	0.163	gain	FP	FP
chr8	82081539	82087275	5736	44	1	1	9	independent	independent	2-1	2-1	True	55	0.167	0.163	gain	FP	FP
chr8	82082069	82087275	5206	48	1	1	9	independent	independent	2-1	2-1	True	59	0.168	0.163	gain	FP	FP
chr8	82082127	82087275	5148	46	1	2	9	independent	independent	2-1	2-1	True	58	0.196	0.163	gain	FP	FP
chr8	82082127	82088857	6730	38	2	1	8	independent	independent	2-1	2-1	True	49	0.196	0.194	gain	FP	FP
chr8	82086174	82087275	1101	63	1	1	12	independent	independent	2-1	2-1	True	77	0.184	0.163	gain	FP	FP
chr8	82087275	82088857	1582	60	2	2	12	independent	independent	2-1	2-1	True	76	0.163	0.194	gain	FP	FP
chr8	82107449	82117122	9673	34	1	1	4	independent	independent	1-1	1-1	True	40	0.093	0.093	gain	FP	FP
chr8	82107449	82121251	13802	28	1	1	4	independent	independent	1-1	1-1	True	34	0.093	0.169	gain	FP	FP
chr8	82117122	82120558	3436	55	1	1	5	independent	independent	1-1	1-1	True	62	0.093	0.118	gain	FP	FP
chr8	82117122	82121251	4129	50	3	1	5	independent	independent	1-1	1-1	True	59	0.093	0.169	gain	FP	FP
chr8	82117122	82126014	8892	36	1	1	3	independent	independent	1-1	1-1	True	41	0.093	0.202	gain	FP	FP
chr8	82120558	82121251	693	65	4	1	9	independent	independent	1-1	1-1	True	79	0.118	0.169	gain	FP	FP
chr8	82120558	82126014	5456	47	1	1	6	independent	independent	1-1	1-1	True	55	0.118	0.202	gain	FP	FP
chr8	82121251	82126014	4763	46	1	3	7	independent	independent	1-1	1-1	True	57	0.169	0.202	gain	FP	FP
chr8	82126014	82147079	21065	8	1	1	1	mutual_excl	independent	1-1	1-1	True	11	0.202	0.179	gain	FP	FP
chr8	82131990	82132379	389	72	1	1	11	independent	independent	1-1	1-1	True	85	0.143	0.133	gain	FP	FP
chr8	82131990	82133876	1886	63	1	1	9	independent	independent	1-1	1-1	True	74	0.143	0.125	gain	FP	FP
chr8	82141139	82141280	141	64	1	1	12	independent	independent	1-1	1-1	True	78	0.163	0.16	gain	FP	FP
chr8	82141139	82147079	5940	33	1	1	7	independent	independent	1-1	1-1	True	42	0.163	0.179	gain	FP	FP
chr8	82141280	82147079	5799	34	1	1	7	independent	independent	1-1	1-1	True	43	0.16	0.179	gain	FP	FP
chr8	82141280	82156557	15277	20	1	1	4	independent	independent	1-1	1-1	True	26	0.16	0.191	gain	FP	FP
chr8	82147079	82148347	1268	62	1	1	14	independent	independent	1-1	1-1	True	78	0.179	0.22	gain	FP	FP
chr8	82147079	82156557	9478	29	1	1	7	independent	independent	1-1	1-1	True	38	0.179	0.191	gain	FP	FP
chr8	82149808	82150364	556	66	1	1	14	independent	independent	1-1	1-1	True	82	0.172	0.198	gain	FP	FP
chr8	82149808	82150598	790	64	1	1	13	independent	independent	1-1	1-1	True	79	0.172	0.185	gain	FP	FP
chr8	82149808	82152670	2862	52	1	1	11	independent	independent	1-1	1-1	True	65	0.172	0.194	gain	FP	FP
chr8	82149808	82155529	5721	43	2	3	6	independent	independent	1-1	1-1	True	54	0.172	0.173	gain	FP	FP
chr8	82150364	82150598	234	69	1	1	16	independent	independent	1-1	1-1	True	87	0.198	0.185	gain	FP	FP
chr8	82150364	82152670	2306	55	1	1	14	independent	independent	1-1	1-1	True	71	0.198	0.194	gain	FP	FP
chr8	82150364	82155529	5165	46	1	3	10	independent	independent	1-1	1-1	True	60	0.198	0.173	gain	FP	FP
chr8	82150422	82155529	5107	49	1	3	10	independent	independent	1-1	1-1	True	63	0.202	0.173	gain	FP	FP
chr8	82150598	82152670	2072	60	1	1	13	independent	independent	1-1	1-1	True	75	0.185	0.194	gain	FP	FP
chr8	82150598	82155529	4931	52	1	2	9	independent	independent	1-1	1-1	True	64	0.185	0.173	gain	FP	FP
chr8	82150598	82164242	13644	21	1	1	6	independent	independent	1-1	1-1	True	29	0.185	0.21	gain	FP	FP
chr8	82150598	82166482	15884	14	1	1	6	independent	independent	1-1	1-1	True	22	0.185	0.205	gain	FP	FP
chr8	82150642	82155529	4887	50	1	2	10	independent	independent	1-1	1-1	True	63	0.198	0.173	gain	FP	FP
chr8	82152055	82155529	3474	58	1	3	10	independent	independent	1-1	1-1	True	72	0.196	0.173	gain	FP	FP
chr8	82152670	82155529	2859	58	2	3	11	independent	independent	1-1	1-1	True	74	0.194	0.173	gain	FP	FP
chr8	82152670	82165818	13148	24	1	1	7	independent	independent	1-1	1-1	True	33	0.194	0.191	gain	FP	FP
chr8	82152670	82166482	13812	19	1	2	7	independent	independent	1-1	1-1	True	29	0.194	0.205	gain	FP	FP
chr8	82153297	82155529	2232	65	1	1	9	independent	independent	1-1	1-1	True	76	0.149	0.173	gain	FP	FP
chr8	82154756	82155529	773	76	1	2	15	independent	independent	1-1	1-1	True	94	0.184	0.173	gain	FP	FP
chr8	82155529	82156557	1028	73	4	1	14	independent	independent	1-1	1-1	True	92	0.173	0.191	gain	FP	FP
chr8	82155529	82164242	8713	35	3	1	7	independent	independent	1-1	1-1	True	46	0.173	0.21	gain	FP	FP
chr8	82155529	82165818	10289	32	2	1	7	independent	independent	1-1	1-1	True	42	0.173	0.191	gain	FP	FP
chr8	82155529	82166482	10953	26	3	2	6	independent	independent	1-1	1-1	True	37	0.173	0.205	gain	FP	FP
chr8	82156557	82158226	1669	64	1	1	16	independent	independent	1-1	1-1	True	82	0.191	0.181	gain	FP	FP
chr8	82162674	82168704	6030	37	1	1	14	independent	independent	1-1	1-1	True	53	0.245	0.271	gain	FP	FP
chr8	82164242	82165818	1576	66	1	2	13	independent	independent	1-1	1-1	True	82	0.21	0.191	gain	FP	FP
chr8	82164242	82166482	2240	53	1	4	12	independent	independent	1-1	1-1	True	70	0.21	0.205	gain	FP	FP
chr8	82165818	82166482	664	55	2	5	12	independent	independent	1-1	1-1	True	74	0.191	0.205	gain	FP	FP
chr8	82165818	82175733	9915	23	2	1	9	independent	independent	1-1	1-1	True	35	0.191	0.188	gain	FP	FP
chr8	82166473	82166482	9	61	1	5	15	independent	independent	1-1	1-1	True	82	0.225	0.205	gain	FP	FP
chr8	82166473	82166814	341	64	1	1	13	independent	independent	1-1	1-1	True	79	0.225	0.184	gain	FP	FP
chr8	82166473	82175733	9260	24	1	1	12	independent	independent	1-1	1-1	True	38	0.225	0.188	gain	FP	FP
chr8	82166482	82175733	9251	23	2	1	12	independent	independent	1-1	1-1	True	38	0.205	0.188	gain	FP	FP
chr8	82166814	82175733	8919	28	1	1	8	independent	independent	1-1	1-1	True	38	0.184	0.188	gain	FP	FP
chr8	82168704	82173075	4371	41	1	1	20	independent	independent	1-1	1-1	True	63	0.271	0.242	gain	FP	FP
chr8	82258105	82258124	19	58	2	2	28	independent	independent	2-1	2-1	True	90	0.33	0.327	gain	TP	TP
chr8	82317971	82320990	3019	61	2	1	7	independent	independent	1-1	1-1	True	71	0.117	0.12	gain	FP	FP
chr8	82535025	82537064	2039	53	3	1	9	independent	independent	2-1	2-1	True	66	0.143	0.159	gain	FP	FP
chr8	82831292	82846101	14809	22	1	1	4	independent	independent	2-1	2-1	True	28	0.155	0.194	gain	FP	FP
chr8	82844652	82846101	1449	64	2	2	15	independent	independent	2-1	2-1	True	83	0.2	0.194	gain	FP	FP
chr8	82849640	82863123	13483	22	6	10	1	mutual_excl	independent	1-1	1-1	True	39	0.218	0.218	gain	FP	TP
chr8	82862197	82863112	915	77	1	1	16	independent	independent	1-1	1-1	True	95	0.187	0.175	gain	FP	FP
chr8	82863112	82863123	11	61	21	17	1	mutual_excl	independent	1-1	1-1	True	100	0.175	0.218	gain	FP	TP
chr8	82863112	82863512	400	76	4	2	15	independent	independent	1-1	1-1	True	97	0.175	0.192	gain	FP	FP
chr8	82863112	82870194	7082	38	1	1	11	independent	independent	1-1	1-1	True	51	0.175	0.216	gain	FP	FP
chr8	82863112	82871812	8700	30	1	1	11	independent	independent	1-1	1-1	True	43	0.175	0.262	gain	FP	FP
chr8	82863112	82872211	9099	32	1	3	10	independent	independent	1-1	1-1	True	46	0.175	0.213	gain	FP	FP
chr8	82863112	82880926	17814	17	1	1	7	independent	independent	1-1	1-1	True	26	0.175	0.268	gain	FP	FP
chr8	82870194	82872211	2017	53	1	1	14	independent	independent	1-1	1-1	True	69	0.216	0.213	gain	FP	FP
chr8	82870194	82880926	10732	26	1	1	10	independent	independent	1-1	1-1	True	38	0.216	0.268	gain	FP	FP
chr8	82930508	82932246	1738	61	1	1	15	independent	independent	2-1	2-1	True	78	0.231	0.22	gain	FP	FP
chr8	82930508	82935283	4775	47	2	1	14	independent	independent	2-1	2-1	True	64	0.231	0.21	gain	FP	FP
chr8	82932246	82935283	3037	51	2	1	15	independent	independent	2-1	2-1	True	69	0.22	0.21	gain	FP	FP
chr8	82932246	82937221	4975	42	3	1	11	independent	independent	2-1	2-1	True	57	0.22	0.202	gain	FP	FP
chr8	82935283	82938265	2982	63	1	1	13	independent	independent	2-1	2-1	True	78	0.21	0.175	gain	FP	FP
chr8	82935283	82944957	9674	34	1	1	10	independent	independent	2-1	2-1	True	46	0.21	0.202	gain	FP	FP
chr8	82935283	82945697	10414	31	1	2	9	independent	independent	2-1	2-1	True	43	0.21	0.23	gain	FP	FP
chr8	82936026	82945697	9671	36	1	1	10	independent	independent	2-1	2-1	True	48	0.2	0.23	gain	FP	FP
chr8	82937221	82938265	1044	68	1	2	13	independent	independent	2-1	2-1	True	84	0.202	0.175	gain	FP	FP
chr8	82937221	82944957	7736	38	1	1	10	independent	independent	2-1	2-1	True	50	0.202	0.202	gain	FP	FP
chr8	82937221	82945697	8476	35	1	2	9	independent	independent	2-1	2-1	True	47	0.202	0.23	gain	FP	FP
chr8	82937221	82949340	12119	25	1	1	6	independent	independent	2-1	2-1	True	33	0.202	0.157	gain	FP	FP
chr8	82937221	82956987	19766	9	1	1	3	independent	independent	2-1	2-1	True	14	0.202	0.165	gain	FP	FP
chr8	82938265	82944957	6692	42	2	1	11	independent	independent	2-1	2-1	True	56	0.175	0.202	gain	FP	FP
chr8	82938265	82945697	7432	38	1	1	11	independent	independent	2-1	2-1	True	51	0.175	0.23	gain	FP	FP
chr8	82938294	82945697	7403	38	2	1	11	independent	independent	2-1	2-1	True	52	0.179	0.23	gain	FP	FP
chr8	82938947	82945697	6750	39	2	1	11	independent	independent	2-1	2-1	True	53	0.162	0.23	gain	FP	FP
chr8	82939109	82945697	6588	38	3	1	10	independent	independent	2-1	2-1	True	52	0.155	0.23	gain	FP	FP
chr8	82939324	82945697	6373	40	3	1	11	independent	independent	2-1	2-1	True	55	0.149	0.23	gain	FP	FP
chr8	82939798	82945697	5899	41	3	1	11	independent	independent	2-1	2-1	True	56	0.16	0.23	gain	FP	FP
chr8	82941007	82945697	4690	45	3	1	11	independent	independent	2-1	2-1	True	60	0.158	0.23	gain	FP	FP
chr8	82941546	82946242	4696	45	1	1	9	independent	independent	2-1	2-1	True	56	0.13	0.174	gain	FP	FP
chr8	82942638	82945697	3059	47	3	1	13	independent	independent	2-1	2-1	True	64	0.167	0.23	gain	FP	FP
chr8	82942850	82945697	2847	50	3	1	13	independent	independent	2-1	2-1	True	67	0.17	0.23	gain	FP	FP
chr8	82943200	82945697	2497	53	3	1	13	independent	independent	2-1	2-1	True	70	0.172	0.23	gain	FP	FP
chr8	82943496	82945697	2201	50	3	1	13	independent	independent	2-1	2-1	True	67	0.17	0.23	gain	FP	FP
chr8	82943846	82945697	1851	56	3	1	14	independent	independent	2-1	2-1	True	74	0.168	0.23	gain	FP	FP
chr8	82944940	82945697	757	61	4	1	14	independent	independent	2-1	2-1	True	80	0.174	0.23	gain	FP	FP
chr8	82944957	82945697	740	57	3	2	15	independent	independent	2-1	2-1	True	77	0.202	0.23	gain	FP	FP
chr8	82944957	82949340	4383	44	1	1	9	independent	independent	2-1	2-1	True	55	0.202	0.157	gain	FP	FP
chr8	82944957	82951558	6601	38	1	1	8	independent	independent	2-1	2-1	True	48	0.202	0.185	gain	FP	FP
chr8	82944957	82952526	7569	36	1	1	6	independent	independent	2-1	2-1	True	44	0.202	0.149	gain	FP	FP
chr8	82944957	82956987	12030	19	1	1	6	independent	independent	2-1	2-1	True	27	0.202	0.165	gain	FP	FP
chr8	82945494	82945697	203	64	4	1	15	independent	independent	2-1	2-1	True	84	0.172	0.23	gain	FP	FP
chr8	82945697	82946187	490	61	1	4	15	independent	independent	2-1	2-1	True	81	0.23	0.176	gain	FP	FP
chr8	82945697	82946242	545	57	1	5	14	independent	independent	2-1	2-1	True	77	0.23	0.174	gain	FP	FP
chr8	82945697	82947281	1584	54	1	4	11	independent	independent	2-1	2-1	True	70	0.23	0.14	gain	FP	FP
chr8	82945697	82947474	1777	54	1	4	12	independent	independent	2-1	2-1	True	71	0.23	0.157	gain	FP	FP
chr8	82945697	82948119	2422	51	1	4	11	independent	independent	2-1	2-1	True	67	0.23	0.154	gain	FP	FP
chr8	82945697	82949340	3643	44	1	3	9	independent	independent	2-1	2-1	True	57	0.23	0.157	gain	FP	FP
chr8	82945697	82951558	5861	37	1	3	8	independent	independent	2-1	2-1	True	49	0.23	0.185	gain	FP	FP
chr8	82945697	82952526	6829	34	1	3	6	independent	independent	2-1	2-1	True	44	0.23	0.149	gain	FP	FP
chr8	82945697	82956987	11290	20	1	2	6	independent	independent	2-1	2-1	True	29	0.23	0.165	gain	FP	FP
chr8	82946242	82946696	454	65	1	1	13	independent	independent	2-1	2-1	True	80	0.174	0.165	gain	FP	FP
chr8	82949340	82949897	557	65	1	1	11	independent	independent	2-1	2-1	True	78	0.157	0.151	gain	FP	FP
chr8	82949897	82951558	1661	63	1	1	12	independent	independent	2-1	2-1	True	77	0.151	0.185	gain	FP	FP
chr8	82949897	82952526	2629	58	1	1	9	independent	independent	2-1	2-1	True	69	0.151	0.149	gain	FP	FP
chr8	82949897	82956987	7090	33	1	1	7	independent	independent	2-1	2-1	True	42	0.151	0.165	gain	FP	FP
chr8	82951558	82952526	968	68	1	2	10	independent	independent	2-1	2-1	True	81	0.185	0.149	gain	FP	FP
chr8	82951558	82956893	5335	38	1	1	7	independent	independent	2-1	2-1	True	47	0.185	0.195	gain	FP	FP
chr8	82951558	82956987	5429	38	1	1	7	independent	independent	2-1	2-1	True	47	0.185	0.165	gain	FP	FP
chr8	82952526	82955572	3046	50	2	1	7	independent	independent	2-1	2-1	True	60	0.149	0.175	gain	FP	FP
chr8	82952526	82956893	4367	44	2	1	7	independent	independent	2-1	2-1	True	54	0.149	0.195	gain	FP	FP
chr8	82952526	82956987	4461	45	1	1	7	independent	independent	2-1	2-1	True	54	0.149	0.165	gain	FP	FP
chr8	82955572	82956893	1321	55	3	1	11	independent	independent	2-1	2-1	True	70	0.175	0.195	gain	FP	FP
chr8	82955572	82956987	1415	57	1	1	11	independent	independent	2-1	2-1	True	70	0.175	0.165	gain	FP	FP
chr8	82955750	82958389	2639	48	1	1	9	independent	independent	2-1	2-1	True	59	0.138	0.167	gain	FP	FP
chr8	82955750	82961182	5432	37	1	1	7	independent	independent	2-1	2-1	True	46	0.138	0.15	gain	FP	FP
chr8	82955750	82964513	8763	28	1	1	5	independent	independent	2-1	2-1	True	35	0.138	0.169	gain	FP	FP
chr8	82955750	82966023	10273	23	1	1	5	independent	independent	2-1	2-1	True	30	0.138	0.276	gain	FP	FP
chr8	82956096	82956893	797	57	4	1	11	independent	independent	2-1	2-1	True	73	0.16	0.195	gain	FP	FP
chr8	82956334	82956893	559	58	4	1	11	independent	independent	2-1	2-1	True	74	0.15	0.195	gain	FP	FP
chr8	82956596	82956893	297	60	4	1	10	independent	independent	2-1	2-1	True	75	0.143	0.195	gain	FP	FP
chr8	82956893	82956987	94	60	2	4	11	independent	independent	2-1	2-1	True	77	0.195	0.165	gain	FP	FP
chr8	82956893	82958389	1496	50	1	4	10	independent	independent	2-1	2-1	True	65	0.195	0.167	gain	FP	FP
chr8	82956893	82958944	2051	46	1	3	11	independent	independent	2-1	2-1	True	61	0.195	0.173	gain	FP	FP
chr8	82956893	82959308	2415	39	1	2	9	independent	independent	2-1	2-1	True	51	0.195	0.182	gain	FP	FP
chr8	82956893	82960913	4020	39	1	2	7	independent	independent	2-1	2-1	True	49	0.195	0.128	gain	FP	FP
chr8	82956893	82960917	4024	38	1	2	9	independent	independent	2-1	2-1	True	50	0.195	0.163	gain	FP	FP
chr8	82956893	82961182	4289	39	1	3	8	independent	independent	2-1	2-1	True	51	0.195	0.15	gain	FP	FP
chr8	82956893	82961909	5016	32	2	2	8	independent	independent	2-1	2-1	True	44	0.195	0.211	gain	FP	FP
chr8	82956893	82962200	5307	36	1	2	8	independent	independent	2-1	2-1	True	47	0.195	0.154	gain	FP	FP
chr8	82957533	82958389	856	60	1	1	10	independent	independent	2-1	2-1	True	72	0.141	0.167	gain	FP	FP
chr8	82958389	82961082	2693	46	1	2	6	independent	independent	2-1	2-1	True	55	0.167	0.13	gain	FP	FP
chr8	82958389	82961182	2793	47	1	1	8	independent	independent	2-1	2-1	True	57	0.167	0.15	gain	FP	FP
chr8	82958389	82966023	7634	27	1	1	5	independent	independent	2-1	2-1	True	34	0.167	0.276	gain	FP	FP
chr8	82958944	82966023	7079	29	1	1	6	independent	independent	2-1	2-1	True	37	0.173	0.276	gain	FP	FP
chr8	82960917	82966023	5106	33	1	1	8	independent	independent	2-1	2-1	True	43	0.163	0.276	gain	FP	FP
chr8	82961082	82961182	100	64	2	1	9	independent	independent	2-1	2-1	True	76	0.13	0.15	gain	FP	FP
chr8	82961082	82964513	3431	48	1	1	7	independent	independent	2-1	2-1	True	57	0.13	0.169	gain	FP	FP
chr8	82961082	82964582	3500	47	1	1	7	independent	independent	2-1	2-1	True	56	0.13	0.169	gain	FP	FP
chr8	82961082	82966023	4941	33	2	1	7	independent	independent	2-1	2-1	True	43	0.13	0.276	gain	FP	FP
chr8	82961182	82964513	3331	50	1	1	7	independent	independent	2-1	2-1	True	59	0.15	0.169	gain	FP	FP
chr8	82961182	82964582	3400	49	1	1	7	independent	independent	2-1	2-1	True	58	0.15	0.169	gain	FP	FP
chr8	82961182	82967522	6340	32	1	3	4	independent	independent	2-1	2-1	True	40	0.15	0.198	gain	FP	FP
chr8	82961909	82966023	4114	31	1	2	9	independent	independent	2-1	2-1	True	43	0.211	0.276	gain	FP	FP
chr8	82961909	82971493	9584	22	1	1	5	independent	independent	2-1	2-1	True	29	0.211	0.211	gain	FP	FP
chr8	82962200	82966023	3823	35	1	2	9	independent	independent	2-1	2-1	True	47	0.154	0.276	gain	FP	FP
chr8	82963397	82966023	2626	38	1	1	11	independent	independent	2-1	2-1	True	51	0.184	0.276	gain	FP	FP
chr8	82963397	82971493	8096	27	1	1	6	independent	independent	2-1	2-1	True	35	0.184	0.211	gain	FP	FP
chr8	82963589	82966023	2434	41	1	1	13	independent	independent	2-1	2-1	True	56	0.185	0.276	gain	FP	FP
chr8	82963589	82971493	7904	29	1	1	7	independent	independent	2-1	2-1	True	38	0.185	0.211	gain	FP	FP
chr8	82963666	82966023	2357	42	1	1	12	independent	independent	2-1	2-1	True	56	0.175	0.276	gain	FP	FP
chr8	82963666	82971493	7827	29	1	1	6	independent	independent	2-1	2-1	True	37	0.175	0.211	gain	FP	FP
chr8	82963744	82966023	2279	42	1	1	13	independent	independent	2-1	2-1	True	57	0.175	0.276	gain	FP	FP
chr8	82963744	82971493	7749	29	1	1	6	independent	independent	2-1	2-1	True	37	0.175	0.211	gain	FP	FP
chr8	82964441	82966023	1582	44	2	1	13	independent	independent	2-1	2-1	True	60	0.181	0.276	gain	FP	FP
chr8	82964441	82971493	7052	29	1	1	7	independent	independent	2-1	2-1	True	38	0.181	0.211	gain	FP	FP
chr8	82964513	82964582	69	67	1	1	13	independent	independent	2-1	2-1	True	82	0.169	0.169	gain	FP	FP
chr8	82964513	82966023	1510	44	3	1	12	independent	independent	2-1	2-1	True	60	0.169	0.276	gain	FP	FP
chr8	82964513	82967873	3360	43	1	1	11	independent	independent	2-1	2-1	True	56	0.169	0.202	gain	FP	FP
chr8	82964513	82971493	6980	29	1	1	7	independent	independent	2-1	2-1	True	38	0.169	0.211	gain	FP	FP
chr8	82964582	82966023	1441	44	4	1	12	independent	independent	2-1	2-1	True	61	0.169	0.276	gain	FP	FP
chr8	82964582	82967873	3291	44	1	1	11	independent	independent	2-1	2-1	True	57	0.169	0.202	gain	FP	FP
chr8	82964582	82971493	6911	29	2	1	6	independent	independent	2-1	2-1	True	38	0.169	0.211	gain	FP	FP
chr8	82966023	82967522	1499	42	1	6	12	independent	independent	2-1	2-1	True	61	0.276	0.198	gain	FP	FP
chr8	82966023	82967873	1850	42	1	3	12	independent	independent	2-1	2-1	True	58	0.276	0.202	gain	FP	FP
chr8	82966023	82970193	4170	33	1	1	10	independent	independent	2-1	2-1	True	45	0.276	0.237	gain	FP	FP
chr8	82967522	82971493	3971	41	3	1	7	independent	independent	2-1	2-1	True	52	0.198	0.211	gain	FP	FP
chr8	82967873	82971493	3620	41	1	1	9	independent	independent	2-1	2-1	True	52	0.202	0.211	gain	FP	FP
chr8	82970193	82971493	1300	47	2	1	12	independent	independent	2-1	2-1	True	62	0.237	0.211	gain	FP	FP
chr8	82971493	82973671	2178	46	1	2	10	independent	independent	2-1	2-1	True	59	0.211	0.222	gain	FP	FP
chr8	82971493	82976410	4917	40	1	2	7	independent	independent	2-1	2-1	True	50	0.211	0.272	gain	FP	FP
chr8	83116482	83132705	16223	18	1	2	4	independent	independent	2-1	2-1	True	25	0.139	0.165	gain	FP	FP
chr8	83122812	83132705	9893	30	1	2	7	independent	independent	2-1	2-1	True	40	0.198	0.165	gain	FP	FP
chr8	83128414	83144326	15912	13	2	4	1	mutual_excl	independent	1-1	1-1	True	20	0.207	0.207	gain	TP	FP
chr8	83132705	83137366	4661	46	2	2	9	independent	independent	2-1	2-1	True	59	0.165	0.179	gain	FP	FP
chr8	83132705	83137861	5156	46	2	1	7	independent	independent	2-1	2-1	True	56	0.165	0.178	gain	FP	FP
chr8	83144029	83144326	297	69	2	2	17	independent	independent	1-1	1-1	True	90	0.186	0.207	gain	FP	FP
chr8	83232141	83232179	38	38	1	1	21	independent	independent	1-1	1-1	True	61	0.361	0.381	gain	TP	TP
chr8	84425440	84440857	15417	11	5	7	1	mutual_excl	independent	1-1	1-1	True	24	0.359	0.329	gain	TP	TP
chr8	85338957	85343525	4568	53	1	1	22	independent	independent	2-1	2-1	True	77	0.272	0.333	gain	TP	TP
chr8	85951472	85963726	12254	20	1	1	3	independent	independent	1-1	1-1	True	25	0.191	0.233	loh	FP	TP
chr8	86080664	86086586	5922	38	1	2	4	independent	independent	1-1	1-1	True	45	0.13	0.115	loh	FP	FP
chr8	86265346	86275434	10088	28	1	1	4	independent	independent	2-1	2-1	True	34	0.145	0.141	loh	FP	FP
chr8	86505728	86508754	3026	29	7	20	1	mutual_excl	independent	2-1	2-1	True	57	0.343	0.117	loh	TP	FP
chr8	88098375	88101185	2810	57	2	1	7	independent	independent	3	3	True	67	0.122	0.099	loh	FP	FP
chr8	88267351	88271414	4063	53	1	1	7	independent	independent	2-1	2-1	True	62	0.1	0.136	loh	FP	FP
chr8	88267351	88276831	9480	28	3	1	5	independent	independent	2-1	2-1	True	37	0.1	0.156	loh	FP	FP
chr8	88382845	88399368	16523	5	8	5	1	mutual_excl	independent	3	3	True	19	0.351	0.323	loh	TP	TP
chr8	88483102	88483499	397	62	3	2	10	independent	independent	3	3	True	77	0.154	0.179	loh	FP	FP
chr8	88483102	88485039	1937	58	1	2	10	independent	independent	3	3	True	71	0.154	0.136	loh	FP	FP
chr8	88483499	88485039	1540	56	1	3	10	independent	independent	3	3	True	70	0.179	0.136	loh	FP	FP
chr8	88483499	88497525	14026	4	13	4	1	mutual_excl	independent	3	3	True	22	0.179	0.734	loh	FP	TP
chr8	91298396	91300345	1949	25	20	13	1	mutual_excl	independent	1-1	1-1	True	59	0.243	0.342	loh	TP	TP
chr8	91569989	91582858	12869	8	5	9	1	mutual_excl	independent	1-1	1-1	True	23	0.325	0.348	loh	TP	TP
chr8	91572121	91582858	10737	11	10	10	1	mutual_excl	independent	1-1	1-1	True	32	0.333	0.348	loh	TP	TP
chr8	91833282	91852519	19237	13	1	1	1	mutual_excl	independent	1-1	1-1	True	16	0.116	0.097	loh	FP	FP
chr8	91833282	91857740	24458	4	1	1	1	mutual_excl	independent	1-1	1-1	True	7	0.116	0.13	loh	FP	FP
chr8	91848255	91852519	4264	50	1	3	5	independent	independent	1-1	1-1	True	59	0.132	0.097	loh	FP	FP
chr8	91848255	91857267	9012	0	36	6	1	mutual_excl	independent	1-1	1-1	True	43	0.132	0.869	loh	FP	TP
chr8	91848255	91857740	9485	33	1	2	5	independent	independent	1-1	1-1	True	41	0.132	0.13	loh	FP	FP
chr8	91857267	91857740	473	3	10	76	2	independent	independent	1-1	1-1	True	91	0.869	0.13	loh	TP	FP
chr8	92207657	92208226	569	71	1	1	8	independent	independent	1-1	1-1	True	81	0.107	0.102	loh	FP	FP
chr8	92259239	92268518	9279	25	8	4	1	mutual_excl	independent	1-1	1-1	True	38	0.076	0.266	loh	FP	TP
chr8	93037093	93037591	498	24	22	23	2	independent	independent	2-1	2-1	True	71	0.36	0.304	loh	TP	TP
chr8	93095985	93099905	3920	63	2	1	5	independent	independent	3	3	True	71	0.101	0.087	loh	FP	FP
chr8	93099905	93100542	637	88	1	2	7	independent	independent	3	3	True	98	0.087	0.094	loh	FP	FP
chr8	93469697	93484750	15053	8	1	1	4	independent	independent	1-1	1-1	True	14	0.107	0.24	loh	FP	FP
chr8	93481519	93484791	3272	52	1	1	10	independent	independent	1-1	1-1	True	64	0.152	0.188	loh	FP	FP
chr8	93483559	93489243	5684	45	2	1	11	independent	independent	1-1	1-1	True	59	0.176	0.193	loh	FP	FP
chr8	93484750	93484769	19	71	2	4	18	independent	independent	1-1	1-1	True	95	0.24	0.211	loh	FP	FP
chr8	93484750	93484798	48	71	2	4	18	independent	independent	1-1	1-1	True	95	0.24	0.211	loh	FP	FP
chr8	93484750	93489243	4493	49	2	4	13	independent	independent	1-1	1-1	True	68	0.24	0.193	loh	FP	FP
chr8	93484769	93484798	29	74	1	1	19	independent	independent	1-1	1-1	True	95	0.211	0.211	loh	FP	FP
chr8	93484769	93489243	4474	50	2	3	12	independent	independent	1-1	1-1	True	67	0.211	0.193	loh	FP	FP
chr8	93484791	93489243	4452	52	3	1	12	independent	independent	1-1	1-1	True	68	0.188	0.193	loh	FP	FP
chr8	93484798	93489243	4445	50	2	3	12	independent	independent	1-1	1-1	True	67	0.211	0.193	loh	FP	FP
chr8	93484839	93489243	4404	52	2	1	12	independent	independent	1-1	1-1	True	67	0.189	0.193	loh	FP	FP
chr8	93484843	93489243	4400	51	2	1	11	independent	independent	1-1	1-1	True	65	0.174	0.193	loh	FP	FP
chr8	93610444	93611895	1451	68	1	1	8	independent	independent	1-1	1-1	True	78	0.12	0.117	loh	FP	FP
chr8	93689652	93713021	23369	0	5	1	2	independent	independent	2-1	2-1	True	8	0.265	0.857	loh	TP	TP
chr8	93896869	93898157	1288	57	5	1	5	independent	independent	2-1	2-1	True	68	0.11	0.14	loh	FP	FP
chr8	93897911	93898157	246	70	2	2	9	independent	independent	2-1	2-1	True	83	0.14	0.14	loh	FP	FP
chr8	93972577	93973553	976	71	2	2	18	independent	independent	3	3	True	93	0.212	0.204	loh	FP	FP
chr8	93981592	93982845	1253	66	1	1	17	independent	independent	1-1	1-1	True	85	0.229	0.21	loh	FP	FP
chr8	93981592	93983027	1435	69	1	1	15	independent	independent	1-1	1-1	True	86	0.229	0.182	loh	FP	FP
chr8	93981592	93984105	2513	65	2	1	14	independent	independent	1-1	1-1	True	82	0.229	0.186	loh	FP	FP
chr8	93981592	93985656	4064	56	1	1	14	independent	independent	1-1	1-1	True	72	0.229	0.196	loh	FP	FP
chr8	93981592	93985881	4289	53	1	1	12	independent	independent	1-1	1-1	True	67	0.229	0.189	loh	FP	FP
chr8	93981592	93986073	4481	51	2	1	13	independent	independent	1-1	1-1	True	67	0.229	0.211	loh	FP	FP
chr8	93982845	93984105	1260	75	1	1	17	independent	independent	1-1	1-1	True	94	0.21	0.186	loh	FP	FP
chr8	93982845	93986073	3228	57	1	2	16	independent	independent	1-1	1-1	True	76	0.21	0.211	loh	FP	FP
chr8	93983027	93986073	3046	62	1	1	15	independent	independent	1-1	1-1	True	79	0.182	0.211	loh	FP	FP
chr8	93983058	93986073	3015	61	1	1	16	independent	independent	1-1	1-1	True	79	0.191	0.211	loh	FP	FP
chr8	93984105	93986073	1968	68	1	2	19	independent	independent	1-1	1-1	True	90	0.186	0.211	loh	FP	FP
chr8	93985656	93986073	417	82	1	1	21	independent	independent	1-1	1-1	True	105	0.196	0.211	loh	FP	FP
chr8	95501168	95512362	11194	27	4	9	1	mutual_excl	independent	1-1	1-1	True	41	0.28	0.129	loh	TP	FP
chr8	95754413	95761706	7293	23	1	14	1	mutual_excl	independent	1-1	1-1	True	39	0.338	0.077	loh	TP	FP
chr8	95969519	95972248	2729	50	9	5	1	mutual_excl	independent	1-1	1-1	True	65	0.111	0.178	loh	FP	TP
chr8	96349692	96351716	2024	26	21	17	1	mutual_excl	independent	1-1	1-1	True	65	0.273	0.362	loh	TP	TP
chr8	96349692	96369821	20129	7	5	1	1	mutual_excl	independent	1-1	1-1	True	14	0.273	0.356	loh	TP	TP
chr8	98338768	98345372	6604	1	1	35	14	independent	independent	1-1	1-1	True	51	0.944	0.322	loh	TP	TP
chr8	98572005	98594167	22162	3	2	1	3	independent	independent	1-1	1-1	True	9	0.305	0.626	loh	TP	TP
chr8	99745792	99748051	2259	71	2	1	9	independent	independent	1-1	1-1	True	83	0.112	0.124	loh	FP	FP
chr8	99815931	99816179	248	64	1	3	9	independent	independent	3	3	True	77	0.154	0.127	loh	FP	FP
chr8	99825495	99827449	1954	53	2	2	8	independent	independent	1-1	1-1	True	65	0.15	0.134	loh	FP	FP
chr8	99825495	99832232	6737	38	1	2	6	independent	independent	1-1	1-1	True	47	0.15	0.129	loh	FP	FP
chr8	99827449	99832232	4783	45	2	3	5	independent	independent	1-1	1-1	True	55	0.134	0.129	loh	FP	FP
chr8	99901346	99902400	1054	51	25	7	1	mutual_excl	independent	2-1	2-1	True	84	0.089	0.33	loh	FP	TP
chr8	99926672	99927138	466	73	1	2	7	independent	independent	3	3	True	83	0.1	0.103	loh	FP	FP
chr8	100010875	100014004	3129	40	7	25	1	mutual_excl	independent	2-1	2-1	True	73	0.337	0.081	loh	TP	FP
chr8	100011494	100014004	2510	63	1	1	7	independent	independent	2-1	2-1	True	72	0.132	0.081	loh	FP	FP
chr8	100454435	100469446	15011	19	1	5	1	mutual_excl	independent	2-1	2-1	True	26	0.284	0.063	loh	TP	FP
chr8	100469446	100479062	9616	29	7	3	1	mutual_excl	independent	2-1	2-1	True	40	0.063	0.287	loh	FP	TP
chr8	100479062	100479811	749	53	5	23	1	mutual_excl	independent	2-1	2-1	True	82	0.287	0.093	loh	TP	FP
chr8	100479811	100482434	2623	62	1	2	5	independent	independent	2-1	2-1	True	70	0.093	0.088	loh	FP	FP
chr8	100480807	100482434	1627	66	1	1	5	independent	independent	2-1	2-1	True	73	0.081	0.088	loh	FP	FP
chr8	100482390	100491592	9202	30	2	1	5	independent	independent	2-1	2-1	True	38	0.084	0.153	loh	FP	FP
chr8	100482434	100491592	9158	29	1	1	6	independent	independent	2-1	2-1	True	37	0.088	0.153	loh	FP	FP
chr8	100482685	100491592	8907	28	1	1	6	independent	independent	2-1	2-1	True	36	0.09	0.153	loh	FP	FP
chr8	100487356	100491592	4236	38	1	2	7	independent	independent	2-1	2-1	True	48	0.163	0.153	loh	FP	FP
chr8	100491119	100491592	473	59	1	2	10	independent	independent	2-1	2-1	True	72	0.157	0.153	loh	FP	FP
chr8	100491479	100491592	113	58	1	2	10	independent	independent	2-1	2-1	True	71	0.16	0.153	loh	FP	FP
chr8	100491592	100493791	2199	47	1	1	8	independent	independent	2-1	2-1	True	57	0.153	0.135	loh	FP	FP
chr8	100743447	100745310	1863	70	1	1	11	independent	independent	2-1	2-1	True	83	0.122	0.149	loh	FP	FP
chr8	100743447	100748990	5543	46	1	1	7	independent	independent	2-1	2-1	True	55	0.122	0.145	loh	FP	FP
chr8	100745310	100746587	1277	73	1	1	9	independent	independent	2-1	2-1	True	84	0.149	0.111	loh	FP	FP
chr8	100745310	100748990	3680	52	1	1	8	independent	independent	2-1	2-1	True	62	0.149	0.145	loh	FP	FP
chr8	101906502	101908285	1783	69	3	1	6	independent	independent	2-1	2-1	True	79	0.084	0.112	gain	FP	FP
chr8	102898647	102904743	6096	33	23	2	17	independent	independent	2-1	2-1	True	75	0.238	0.538	gain	TP	TP
chr8	103185136	103187121	1985	21	8	28	1	mutual_excl	independent	2-1	2-1	True	58	0.505	0.15	gain	TP	FP
chr8	103566467	103567035	568	80	1	1	31	independent	independent	2-1	2-1	True	113	0.293	0.287	gain	TP	TP
chr8	103925224	103927153	1929	9	1	29	44	independent	independent	2-1	2-1	True	83	0.871	0.537	gain	TP	TP
chr8	103968316	103971076	2760	2	21	2	58	independent	independent	2-1	2-1	True	83	0.723	0.957	gain	TP	TP
chr8	104142829	104149212	6383	43	19	6	1	mutual_excl	independent	2-1	2-1	True	69	0.081	0.304	gain	FP	TP
chr8	104300408	104317342	16934	0	22	1	2	independent	independent	2-1	2-1	True	25	0.12	0.947	gain	FP	TP
chr8	104317342	104323810	6468	0	4	59	1	mutual_excl	independent	2-1	2-1	True	64	0.947	0.083	gain	TP	FP
chr8	104317342	104325764	8422	0	4	50	1	mutual_excl	independent	2-1	2-1	True	55	0.947	0.09	gain	TP	FP
chr8	104323810	104340954	17144	22	1	1	4	independent	independent	2-1	2-1	True	28	0.083	0.089	gain	FP	FP
chr8	104325643	104325764	121	98	1	1	9	independent	independent	2-1	2-1	True	109	0.09	0.09	gain	FP	FP
chr8	104325643	104340954	15311	25	1	1	4	independent	independent	2-1	2-1	True	31	0.09	0.089	gain	FP	FP
chr8	104325764	104340954	15190	24	1	2	4	independent	independent	2-1	2-1	True	31	0.09	0.089	gain	FP	FP
chr8	104338812	104340954	2142	74	1	1	7	independent	independent	2-1	2-1	True	83	0.078	0.089	gain	FP	FP
chr8	104632541	104644641	12100	23	12	6	1	mutual_excl	independent	2-1	2-1	True	42	0.222	0.278	gain	TP	TP
chr8	105536293	105546424	10131	38	3	12	1	mutual_excl	independent	1-1	1-1	True	54	0.278	0.082	gain	TP	FP
chr8	105546424	105547124	700	102	2	1	8	independent	independent	1-1	1-1	True	113	0.082	0.083	gain	FP	FP
chr8	105619733	105632050	12317	27	7	7	1	mutual_excl	independent	1-1	1-1	True	42	0.208	0.223	gain	TP	TP
chr8	108798583	108808413	9830	20	1	11	5	independent	independent	1-1	1-1	True	37	0.453	0.146	gain	TP	TP
chr8	108798583	108825988	27405	5	1	1	6	independent	independent	1-1	1-1	True	13	0.453	0.527	gain	TP	TP
chr8	108808413	108825988	17575	9	9	1	4	independent	independent	1-1	1-1	True	23	0.146	0.527	gain	TP	TP
chr8	108856932	108862716	5784	36	12	11	1	mutual_excl	independent	1-1	1-1	True	60	0.207	0.172	gain	TP	TP
chr8	112261350	112261351	1	83	1	1	43	independent	independent	1-1	1-1	True	128	0.346	0.341	gain	TP	TP
chr8	112695319	112699145	3826	54	28	2	18	independent	independent	1-1	1-1	True	102	0.217	0.448	gain	TP	TP
chr8	112846898	112863498	16600	2	27	1	8	independent	independent	1-1	1-1	True	38	0.198	0.948	gain	TP	TP
chr8	113050132	113065811	15679	0	1	29	1	mutual_excl	independent	3	3	True	31	0.967	0.06	gain	TP	FP
chr8	113064493	113065811	1318	93	1	1	6	independent	independent	3	3	True	101	0.06	0.06	gain	FP	FP
chr8	113165758	113167370	1612	94	2	1	7	independent	independent	1-1	1-1	True	104	0.079	0.09	gain	FP	FP
chr8	113166028	113166332	304	106	2	1	11	independent	independent	1-1	1-1	True	120	0.094	0.102	gain	FP	FP
chr8	113166028	113166793	765	100	2	1	11	independent	independent	1-1	1-1	True	114	0.094	0.11	gain	FP	FP
chr8	113166028	113167370	1342	96	2	2	9	independent	independent	1-1	1-1	True	109	0.094	0.09	gain	FP	FP
chr8	113166028	113172190	6162	70	2	1	8	independent	independent	1-1	1-1	True	81	0.094	0.098	gain	FP	FP
chr8	113166028	113176581	10553	54	2	1	6	independent	independent	1-1	1-1	True	63	0.094	0.074	gain	FP	FP
chr8	116325297	116327362	2065	99	9	23	1	mutual_excl	independent	2-1	2-1	True	132	0.156	0.057	gain	TP	FP
chr8	116522187	116522188	1	104	1	2	26	independent	independent	2-1	2-1	True	133	0.207	0.209	gain	TP	TP
chr8	116522187	116533892	11705	6	34	1	8	independent	independent	2-1	2-1	True	49	0.207	0.866	gain	TP	TP
chr8	116782941	116787579	4638	48	22	4	13	independent	independent	2-1	2-1	True	87	0.191	0.415	gain	TP	TP
chr8	117294212	117311646	17434	21	2	5	1	mutual_excl	independent	1-1	1-1	True	29	0.181	0.085	gain	TP	FP
chr8	117303024	117306844	3820	55	11	41	1	mutual_excl	independent	1-1	1-1	True	108	0.429	0.078	gain	TP	FP
chr8	117303024	117311364	8340	43	9	19	1	mutual_excl	independent	1-1	1-1	True	72	0.429	0.074	gain	TP	FP
chr8	117303024	117311646	8622	38	8	17	2	independent	independent	1-1	1-1	True	65	0.429	0.085	gain	TP	FP
chr8	117311646	117316985	5339	80	1	1	7	independent	independent	1-1	1-1	True	89	0.085	0.067	gain	FP	FP
chr8	117624032	117635569	11537	18	9	22	1	mutual_excl	independent	2-1	2-1	True	50	0.481	0.165	gain	TP	TP
chr8	120129273	120138694	9421	37	2	7	6	independent	independent	2-1	2-1	True	52	0.313	0.168	gain	TP	TP
chr8	120580274	120595253	14979	37	1	1	1	mutual_excl	independent	1-1	1-1	True	40	0.044	0.06	gain	FP	FP
chr8	121478356	121486442	8086	43	10	16	1	mutual_excl	independent	2-1	2-1	True	70	0.199	0.163	gain	TP	TP
chr8	121782942	121786589	3647	78	1	1	10	independent	independent	1-1	1-1	True	90	0.099	0.12	gain	FP	FP
chr8	121793399	121802226	8827	58	1	1	7	independent	independent	1-1	1-1	True	67	0.101	0.103	gain	FP	FP
chr8	121793399	121803891	10492	50	1	1	6	independent	independent	1-1	1-1	True	58	0.101	0.111	gain	FP	FP
chr8	121966065	121978175	12110	11	19	20	1	mutual_excl	independent	2-1	2-1	True	51	0.276	0.413	gain	TP	TP
chr8	121978175	121981541	3366	27	38	44	2	independent	independent	2-1	2-1	True	111	0.413	0.305	gain	TP	TP
chr8	122006776	122010299	3523	90	1	1	11	independent	independent	1-1	1-1	True	103	0.099	0.12	gain	FP	FP
chr8	122010299	122011895	1596	97	4	1	15	independent	independent	1-1	1-1	True	117	0.12	0.148	gain	FP	FP
chr8	122011554	122012328	774	115	1	1	12	independent	independent	1-1	1-1	True	129	0.108	0.101	gain	FP	FP
chr8	122015232	122015683	451	116	3	1	10	independent	independent	3	3	True	130	0.092	0.094	gain	FP	FP
chr8	122015683	122015806	123	120	1	2	10	independent	independent	3	3	True	133	0.094	0.094	gain	FP	FP
chr8	122015683	122016520	837	119	2	2	11	independent	independent	3	3	True	134	0.094	0.107	gain	FP	FP
chr8	123167264	123178818	11554	46	12	30	1	mutual_excl	independent	2-1	2-1	True	89	0.294	0.174	gain	TP	TP
chr8	123182203	123209636	27433	12	2	1	6	independent	independent	2-1	2-1	True	21	0.202	0.252	gain	TP	TP
chr8	123598097	123601761	3664	73	16	25	1	mutual_excl	independent	1-1	1-1	True	115	0.2	0.178	gain	TP	TP
chr8	123598097	123609327	11230	30	6	10	1	mutual_excl	independent	1-1	1-1	True	47	0.2	0.156	gain	TP	TP
chr8	123598097	123613415	15318	25	3	4	1	mutual_excl	independent	1-1	1-1	True	33	0.2	0.14	gain	TP	TP
chr8	123598097	123613785	15688	25	3	4	1	mutual_excl	independent	1-1	1-1	True	33	0.2	0.14	gain	TP	TP
chr8	123598097	123618502	20405	20	3	2	1	mutual_excl	independent	1-1	1-1	True	26	0.2	0.184	gain	TP	TP
chr8	123609327	123613415	4088	89	1	1	10	independent	independent	1-1	1-1	True	101	0.156	0.14	gain	TP	TP
chr8	123613415	123613785	370	110	2	1	15	independent	independent	1-1	1-1	True	128	0.14	0.14	gain	TP	TP
chr8	123613415	123618502	5087	80	1	1	13	independent	independent	1-1	1-1	True	95	0.14	0.184	gain	TP	TP
chr8	123856031	123869266	13235	63	8	8	1	mutual_excl	independent	1-1	1-1	True	80	0.091	0.121	gain	FP	TP
chr8	124775520	124792274	16754	27	6	18	1	mutual_excl	independent	1-1	1-1	True	52	0.304	0.227	gain	TP	TP
chr8	124917729	124928399	10670	52	14	6	2	independent	independent	2-1	2-1	True	74	0.138	0.17	gain	TP	TP
chr8	125094479	125102411	7932	56	9	30	1	mutual_excl	independent	2-1	2-1	True	96	0.279	0.197	gain	TP	TP
chr8	125211961	125220862	8901	39	28	20	1	mutual_excl	independent	2-1	2-1	True	88	0.227	0.313	gain	TP	TP
chr8	125378941	125399884	20943	15	8	1	1	mutual_excl	independent	2-1	2-1	True	25	0.148	0.18	gain	TP	TP
chr8	125436371	125451034	14663	4	36	1	12	independent	independent	2-1	2-1	True	53	0.141	0.914	gain	TP	TP
chr8	125436372	125451034	14662	4	38	1	11	independent	independent	2-1	2-1	True	54	0.123	0.914	gain	TP	TP
chr8	126168238	126193387	25149	16	1	4	8	independent	independent	2-1	2-1	True	29	0.367	0.126	gain	TP	TP
chr8	126393044	126406825	13781	42	8	16	1	mutual_excl	independent	2-1	2-1	True	67	0.274	0.157	gain	TP	TP
chr8	127535738	127561682	25944	18	1	6	3	independent	independent	2-1	2-1	True	28	0.328	0.121	gain	TP	TP
chr8	128303676	128306187	2511	54	31	38	1	mutual_excl	independent	2-1	2-1	True	124	0.28	0.286	gain	TP	TP
chr8	128303804	128306187	2383	84	30	10	1	mutual_excl	independent	2-1	2-1	True	125	0.088	0.286	gain	FP	TP
chr8	131020123	131028206	8083	60	9	1	12	independent	independent	2-1	2-1	True	82	0.185	0.282	gain	TP	TP
chr8	131853277	131854304	1027	97	1	2	51	independent	independent	1-1	1-1	True	151	0.329	0.321	gain	TP	TP
chr8	132517692	132521661	3969	44	35	43	2	independent	independent	2-1	2-1	True	124	0.38	0.297	gain	TP	TP
chr8	132555156	132556685	1529	54	22	45	1	mutual_excl	independent	3	3	True	122	0.378	0.178	gain	TP	TP
chr8	133206331	133213808	7477	52	1	35	1	mutual_excl	independent	1-1	1-1	True	89	0.355	0.089	gain	TP	FP
chr8	133213808	133213832	24	161	1	2	14	independent	independent	1-1	1-1	True	178	0.089	0.084	gain	FP	FP
chr8	133696130	133699555	3425	90	8	20	2	independent	independent	1-1	1-1	True	120	0.198	0.096	gain	TP	TP
chr8	133713379	133718236	4857	51	31	24	1	mutual_excl	independent	1-1	1-1	True	107	0.209	0.294	gain	TP	TP
chr8	133928785	133955882	27097	5	5	3	1	mutual_excl	independent	1-1	1-1	True	14	0.154	0.372	gain	TP	TP
chr8	134369369	134375861	6492	32	28	26	1	mutual_excl	independent	1-1	1-1	True	87	0.257	0.355	gain	TP	TP
chr8	136596924	136621258	24334	11	3	4	2	independent	independent	1-1	1-1	True	20	0.296	0.094	gain	FP	TP
chr8	136818920	136843561	24641	7	7	7	1	mutual_excl	independent	1-1	1-1	True	22	0.321	0.173	gain	TP	TP
chr8	137688774	137689627	853	83	2	20	24	independent	independent	2-1	2-1	True	129	0.336	0.208	gain	TP	TP
chr8	139442617	139455842	13225	3	33	1	7	independent	independent	1-1	1-1	True	44	0.187	0.922	gain	TP	TP
chr8	139630551	139655112	24561	0	10	2	10	independent	independent	1-1	1-1	True	22	0.468	0.907	gain	TP	TP
chr8	140133661	140143954	10293	33	24	9	1	mutual_excl	independent	3	3	True	67	0.144	0.388	gain	TP	TP
chr8	140805052	140818848	13796	40	4	12	1	mutual_excl	independent	2-1	2-1	True	57	0.156	0.124	gain	TP	TP
chr8	141897178	141907487	10309	25	24	14	1	mutual_excl	independent	2-1	2-1	True	64	0.333	0.371	gain	TP	TP
chr8	142879934	142903796	23862	0	17	1	4	independent	independent	2-1	2-1	True	22	0.306	0.871	gain	TP	TP
chr8	142903796	142924984	21188	3	1	19	6	independent	independent	2-1	2-1	True	29	0.871	0.211	gain	TP	TP
chr8	142903796	142925531	21735	2	2	17	8	independent	independent	2-1	2-1	True	29	0.871	0.318	gain	TP	TP
chr8	142920229	142924984	4755	53	21	33	1	mutual_excl	independent	2-1	2-1	True	108	0.323	0.211	gain	TP	TP
chr8	142924984	142925531	547	102	20	3	29	independent	independent	2-1	2-1	True	154	0.211	0.318	gain	TP	TP
chr8	143360337	143368852	8515	39	31	12	1	mutual_excl	independent	2-1	2-1	True	83	0.142	0.349	gain	TP	TP
chr8	143858050	143858128	78	140	2	4	33	independent	independent	1-1	1-1	True	179	0.201	0.192	gain	FP	FP
chr8	143858058	143858128	70	142	4	4	31	independent	independent	1-1	1-1	True	181	0.188	0.192	gain	FP	FP
chr8	144025792	144028065	2273	90	1	14	20	independent	independent	1-1	1-1	True	125	0.288	0.161	gain	TP	TP
chr8	144411826	144413906	2080	5	109	3	22	independent	independent	2-1	2-1	True	139	0.158	0.952	gain	TP	TP
chr8	144823940	144847587	23647	17	1	1	5	independent	independent	2-1	2-1	True	24	0.28	0.274	gain	TP	TP
chr8	144856144	144857371	1227	103	2	1	58	independent	independent	2-1	2-1	True	164	0.376	0.364	gain	TP	TP
chr8	144915897	144917252	1355	88	21	1	23	independent	independent	2-1	2-1	True	133	0.201	0.336	gain	TP	TP
chr8	144915897	144919296	3399	78	18	3	16	independent	independent	2-1	2-1	True	115	0.201	0.318	gain	TP	TP
chr8	144935080	144950556	15476	29	8	10	1	mutual_excl	independent	2-1	2-1	True	48	0.176	0.191	gain	TP	TP
chr8	144980770	144991900	11130	69	1	1	10	independent	independent	3	3	True	81	0.089	0.082	gain	FP	FP
chr8	144980770	144992406	11636	71	1	1	9	independent	independent	3	3	True	82	0.089	0.085	gain	FP	FP
chr8	144991900	144992406	506	158	2	1	13	independent	independent	3	3	True	174	0.082	0.085	gain	FP	FP
chr13	19057725	19057726	1	44	1	1	9	independent	independent	1-1	1-1	True	55	0.182	0.193	gain	TP	TP
chr13	21328785	21328786	1	37	1	1	21	independent	independent	2-1	2-1	True	60	0.344	0.361	gain	FP	FP
chr13	22968099	22973017	4918	24	2	30	1	mutual_excl	independent	2-1	2-1	True	57	0.458	0.042	gain	TP	FP
chr13	28629986	28641024	11038	15	12	1	11	independent	independent	2-1	2-1	True	39	0.256	0.577	gain	TP	TP
chr13	31572892	31596420	23528	3	1	1	2	independent	independent	1-1	1-1	True	7	0.324	0.296	gain	TP	TP
chr13	33232776	33242848	10072	29	6	1	16	independent	independent	2-1	2-1	True	52	0.254	0.398	gain	TP	TP
chr13	34248714	34248734	20	98	1	1	24	independent	independent	1-1	1-1	True	124	0.198	0.198	gain	TP	TP
chr13	34320365	34334101	13736	21	5	5	3	independent	independent	1-1	1-1	True	34	0.278	0.224	gain	FP	TP
chr13	34320365	34337885	17520	12	6	3	1	mutual_excl	independent	1-1	1-1	True	22	0.278	0.284	gain	FP	TP
chr13	39420058	39424285	4227	37	4	3	29	independent	independent	1-1	1-1	True	73	0.417	0.522	gain	TP	TP
chr13	42543338	42555264	11926	14	3	1	4	independent	independent	1-1	1-1	True	22	0.256	0.42	gain	TP	TP
chr13	43871682	43871745	63	62	1	1	42	independent	independent	1-1	1-1	True	106	0.4	0.404	gain	TP	TP
chr13	44349176	44349178	2	81	2	3	28	independent	independent	1-1	1-1	True	114	0.272	0.252	gain	TP	TP
chr13	44349177	44349178	1	83	2	2	28	independent	independent	1-1	1-1	True	115	0.261	0.252	gain	TP	TP
chr13	45746949	45763159	16210	8	2	3	8	independent	independent	2-1	2-1	True	21	0.43	0.482	gain	TP	TP
chr13	47650984	47651279	295	42	5	2	27	independent	independent	2-1	2-1	True	76	0.357	0.4	gain	TP	TP
chr13	48899935	48903828	3893	26	2	3	49	independent	independent	2-1	2-1	True	80	0.632	0.624	gain	TP	TP
chr13	49620426	49623518	3092	1	2	10	23	independent	independent	2-1	2-1	True	36	0.923	0.66	loh	TP	TP
chr13	49892479	49898065	5586	2	33	2	1	mutual_excl	independent	3	3	True	38	0.052	0.925	loh	FP	TP
chr13	51025995	51034115	8120	0	2	1	22	independent	independent	1-1	1-1	True	25	0.925	0.982	loh	TP	TP
chr13	61296396	61313073	16677	1	13	1	5	independent	independent	2-1	2-1	True	20	0.3	0.886	loh	TP	TP
chr13	65568643	65589425	20782	9	2	1	1	mutual_excl	independent	1-1	1-1	True	13	0.098	0.365	loh	TP	TP
chr13	68170614	68173006	2392	1	15	1	22	independent	independent	1-1	1-1	True	39	0.617	0.962	loh	TP	TP
chr13	72482096	72482686	590	4	1	2	39	independent	independent	1-1	1-1	True	46	0.9	0.88	loh	TP	TP
chr13	72811551	72812866	1315	36	2	1	28	independent	independent	1-1	1-1	True	67	0.455	0.452	loh	TP	TP
chr13	72829895	72842579	12684	7	8	2	2	independent	independent	2-1	2-1	True	19	0.133	0.511	loh	FP	TP
chr13	72829895	72844363	14468	7	8	3	1	mutual_excl	independent	2-1	2-1	True	19	0.133	0.429	loh	FP	TP
chr13	73100078	73117831	17753	1	10	1	1	mutual_excl	independent	2-1	2-1	True	13	0.085	0.909	loh	FP	TP
chr13	76121099	76127737	6638	1	12	1	7	independent	independent	1-1	1-1	True	21	0.333	0.933	loh	TP	TP
chr13	76127737	76137240	9503	1	1	13	4	independent	independent	1-1	1-1	True	19	0.933	0.425	loh	TP	TP
chr13	80981932	81005647	23715	7	1	1	1	mutual_excl	independent	1-1	1-1	True	10	0.311	0.125	loh	TP	FP
chr13	81554946	81565910	10964	0	2	1	17	independent	independent	2-1	2-1	True	20	0.946	0.984	loh	TP	TP
chr13	82854439	82855800	1361	19	1	8	9	independent	independent	2-1	2-1	True	37	0.457	0.239	loh	TP	TP
chr13	85479188	85480154	966	1	23	1	24	independent	independent	1-1	1-1	True	49	0.491	0.962	loh	TP	TP
chr13	85480154	85481811	1657	1	1	23	17	independent	independent	1-1	1-1	True	42	0.962	0.412	loh	TP	TP
chr13	86145243	86148268	3025	3	1	23	16	independent	independent	2-1	2-1	True	43	0.932	0.385	loh	TP	TP
chr13	86148268	86155140	6872	13	3	6	4	independent	independent	2-1	2-1	True	26	0.385	0.271	loh	TP	FP
chr13	91347491	91357209	9718	16	3	7	1	mutual_excl	independent	2-1	2-1	True	27	0.4	0.13	loh	TP	FP
chr13	91347492	91357209	9717	16	3	7	1	mutual_excl	independent	2-1	2-1	True	27	0.4	0.13	loh	TP	FP
chr13	93913595	93916185	2590	2	2	1	25	independent	independent	1-1	1-1	True	30	0.905	0.889	loh	TP	TP
chr13	103054961	103068627	13666	0	7	1	13	independent	independent	2-1	2-1	True	21	0.526	0.968	loh	TP	TP
chr13	111874522	111896638	22116	4	1	1	3	independent	independent	2-1	2-1	True	9	0.132	0.154	loh	FP	FP
chr18	3281734	3299083	17349	0	1	10	4	independent	independent	1-1	1-1	True	15	0.981	0.4	loh	TP	TP
chr18	8800735	8832586	31851	0	1	1	9	independent	independent	1-1	1-1	True	11	0.938	0.982	loh	TP	TP
chr18	8828752	8832586	3834	0	2	1	40	independent	independent	1-1	1-1	True	43	0.967	0.982	loh	TP	TP
chr18	8828752	8836715	7963	0	1	3	28	independent	independent	1-1	1-1	True	32	0.967	0.891	loh	TP	TP
chr18	8832586	8836715	4129	0	1	4	34	independent	independent	1-1	1-1	True	39	0.982	0.891	loh	TP	TP
chr18	11726454	11741161	14707	29	1	8	12	independent	independent	1-1	1-1	True	50	0.435	0.192	gain	TP	TP
chr18	12397334	12404991	7657	45	1	1	16	independent	independent	2-1	2-1	True	63	0.248	0.248	gain	TP	TP
chr18	21712072	21713070	998	52	3	3	31	independent	independent	2-1	2-1	True	89	0.375	0.396	gain	TP	TP
chr18	24659938	24664793	4855	41	1	18	19	independent	independent	2-1	2-1	True	79	0.445	0.213	gain	TP	TP
chr18	25208581	25217768	9187	28	12	1	7	independent	independent	1-1	1-1	True	48	0.228	0.38	gain	TP	TP
chr18	27051758	27052077	319	61	1	2	44	independent	independent	1-1	1-1	True	108	0.41	0.423	gain	TP	TP
chr18	27051759	27052077	318	59	3	2	43	independent	independent	1-1	1-1	True	107	0.405	0.423	gain	TP	TP
chr18	28187804	28191267	3463	32	1	16	14	independent	independent	2-1	2-1	True	63	0.505	0.266	gain	TP	TP
chr18	28646471	28647042	571	69	1	24	24	independent	independent	1-1	1-1	True	118	0.407	0.246	gain	TP	TP
chr18	36066410	36067342	932	58	1	1	40	independent	independent	2-1	2-1	True	100	0.404	0.444	gain	TP	TP
chr18	37867640	37867641	1	68	1	1	53	independent	independent	1-1	1-1	True	123	0.444	0.437	gain	TP	TP
chr18	39589841	39594965	5124	32	1	16	19	independent	independent	1-1	1-1	True	68	0.541	0.308	gain	TP	TP
chr18	41893676	41910240	16564	24	1	1	7	independent	independent	2-1	2-1	True	33	0.278	0.259	gain	TP	TP
chr18	42324779	42325199	420	54	1	29	24	independent	independent	2-1	2-1	True	108	0.504	0.237	gain	TP	TP
chr18	44090845	44111824	20979	13	1	2	4	independent	independent	2-1	2-1	True	20	0.484	0.275	gain	TP	TP
chr18	46522912	46535678	12766	12	3	1	18	independent	independent	1-1	1-1	True	34	0.495	0.43	gain	TP	TP
chr18	47254436	47254920	484	61	2	20	27	independent	independent	1-1	1-1	True	110	0.431	0.265	gain	TP	TP
chr18	50536442	50547316	10874	23	1	9	17	independent	independent	2-1	2-1	True	50	0.535	0.306	gain	TP	TP
chr18	51166630	51167641	1011	46	2	19	18	independent	independent	1-1	1-1	True	85	0.435	0.242	gain	TP	TP
chr18	53089337	53098456	9119	20	1	1	26	independent	independent	2-1	2-1	True	48	0.569	0.525	gain	TP	TP
chr18	53097451	53098456	1005	37	2	1	45	independent	independent	2-1	2-1	True	85	0.525	0.525	gain	TP	TP
chr18	53097451	53101343	3892	31	1	1	26	independent	independent	2-1	2-1	True	59	0.525	0.418	gain	TP	TP
chr18	53097451	53104294	6843	25	1	1	23	independent	independent	2-1	2-1	True	50	0.525	0.48	gain	TP	TP
chr18	53098456	53101343	2887	36	1	1	29	independent	independent	2-1	2-1	True	67	0.525	0.418	gain	TP	TP
chr18	53105902	53107045	1143	46	1	2	46	independent	independent	2-1	2-1	True	95	0.528	0.519	gain	TP	TP
chr18	55013892	55017651	3759	81	3	21	18	independent	independent	2-1	2-1	True	123	0.365	0.202	gain	TP	TP
chr18	55822540	55822875	335	93	1	18	20	independent	independent	1-1	1-1	True	132	0.291	0.165	gain	TP	TP
chr18	56119136	56122363	3227	77	19	2	17	independent	independent	2-1	2-1	True	115	0.154	0.306	gain	TP	TP
chr18	60355448	60358832	3384	0	1	1	14	independent	independent	1-1	1-1	True	16	0.957	0.955	loss	TP	TP
chr18	67044958	67045680	722	17	3	3	1	mutual_excl	independent	1-1	1-1	True	24	0.154	0.16	loss	FP	FP
chr18	73471988	73485146	13158	1	4	1	5	independent	independent	2-1	2-1	True	11	0.556	0.892	loss	TP	TP
chr4	373602	383242	9640	0	16	1	11	independent	independent	2-1	2-1	True	28	0.388	0.912	neutral	TP	TP
chr4	4868268	4872201	3933	1	1	33	10	independent	independent	2-1	2-1	True	45	0.95	0.3	loh	TP	TP
chr4	5745424	5757955	12531	0	1	1	18	independent	independent	2-1	2-1	True	20	0.952	0.979	loh	TP	TP
chr4	7968612	7969355	743	1	1	2	54	independent	independent	2-1	2-1	True	58	0.969	0.938	loh	TP	TP
chr4	8329819	8329833	14	2	1	2	50	independent	independent	2-1	2-1	True	55	0.946	0.929	loh	TP	TP
chr4	8329833	8333906	4073	1	1	2	32	independent	independent	2-1	2-1	True	36	0.929	0.925	loh	TP	TP
chr4	9912441	9918274	5833	1	1	13	12	independent	independent	2-1	2-1	True	27	0.913	0.583	loh	TP	TP
chr4	9912441	9921209	8768	0	1	1	17	independent	independent	2-1	2-1	True	19	0.913	0.927	loh	TP	TP
chr4	9918274	9921209	2935	0	12	2	15	independent	independent	2-1	2-1	True	29	0.583	0.927	loh	TP	TP
chr4	9921209	9922581	1372	1	2	14	16	independent	independent	2-1	2-1	True	33	0.927	0.514	loh	TP	TP
chr4	11116225	11125087	8862	2	1	1	15	independent	independent	1-1	1-1	True	19	0.865	0.86	loh	TP	TP
chr4	11300429	11309703	9274	3	1	8	10	independent	independent	2-1	2-1	True	22	0.922	0.517	loh	TP	TP
chr4	12350880	12359508	8628	2	9	1	12	independent	independent	1-1	1-1	True	24	0.5	0.792	loh	TP	TP
chr4	13757757	13757982	225	29	1	3	21	independent	independent	1-1	1-1	True	54	0.436	0.431	loh	TP	TP
chr4	14375189	14388755	13566	1	7	1	1	mutual_excl	independent	1-1	1-1	True	10	0.121	0.871	loh	FP	TP
chr4	15118725	15127087	8362	5	1	1	3	independent	independent	1-1	1-1	True	10	0.273	0.238	loh	FP	FP
chr4	15120205	15127087	6882	8	1	1	3	independent	independent	1-1	1-1	True	13	0.238	0.238	loh	FP	FP
chr4	15121531	15127087	5556	9	2	1	2	independent	independent	1-1	1-1	True	14	0.2	0.238	loh	FP	FP
chr4	15126551	15127087	536	15	1	1	3	independent	independent	1-1	1-1	True	20	0.19	0.238	loh	FP	FP
chr4	15127009	15127087	78	15	1	1	4	independent	independent	1-1	1-1	True	21	0.238	0.238	loh	FP	FP
chr4	15127087	15128883	1796	14	1	1	4	independent	independent	1-1	1-1	True	20	0.238	0.217	loh	FP	FP
chr4	16051822	16051911	89	0	2	27	1	mutual_excl	independent	1-1	1-1	True	30	0.933	0.097	loh	TP	FP
chr4	16051822	16053303	1481	0	2	22	1	mutual_excl	independent	1-1	1-1	True	25	0.933	0.094	loh	TP	FP
chr4	16051911	16053303	1392	21	1	1	2	independent	independent	1-1	1-1	True	25	0.097	0.094	loh	FP	FP
chr4	18471482	18472230	748	1	2	22	3	independent	independent	1-1	1-1	True	28	0.897	0.167	loss	TP	FP
chr4	18471482	18474283	2801	1	2	17	2	independent	independent	1-1	1-1	True	22	0.897	0.167	loss	TP	FP
chr4	18471482	18474879	3397	1	2	17	2	independent	independent	1-1	1-1	True	22	0.897	0.172	loss	TP	FP
chr4	18471482	18477035	5553	1	2	15	1	mutual_excl	independent	1-1	1-1	True	19	0.897	0.129	loss	TP	FP
chr4	18472230	18474283	2053	17	2	3	2	independent	independent	1-1	1-1	True	24	0.167	0.167	loss	FP	FP
chr4	18472230	18474879	2649	18	1	2	3	independent	independent	1-1	1-1	True	24	0.167	0.172	loss	FP	FP
chr4	18472230	18477035	4805	14	1	3	2	independent	independent	1-1	1-1	True	20	0.167	0.129	loss	FP	FP
chr4	18474283	18474879	596	21	2	2	3	independent	independent	1-1	1-1	True	28	0.167	0.172	loss	FP	FP
chr4	18474879	18477035	2156	20	1	1	2	independent	independent	1-1	1-1	True	24	0.172	0.129	loss	FP	FP
chr4	19589055	19591220	2165	19	1	1	2	independent	independent	1-1	1-1	True	23	0.129	0.179	loss	FP	FP
chr4	25621420	25626543	5123	24	4	1	15	independent	independent	2-1	2-1	True	44	0.343	0.386	gain	TP	TP
chr4	25676653	25682035	5382	19	1	2	27	independent	independent	2-1	2-1	True	49	0.558	0.652	gain	TP	TP
chr4	26170946	26178969	8023	11	9	1	5	independent	independent	2-1	2-1	True	26	0.205	0.618	gain	TP	TP
chr4	26402630	26423892	21262	10	5	1	1	mutual_excl	independent	2-1	2-1	True	17	0.122	0.262	gain	FP	TP
chr4	26486712	26491380	4668	25	2	1	23	independent	independent	2-1	2-1	True	51	0.456	0.566	gain	TP	TP
chr4	30088033	30111412	23379	3	6	1	7	independent	independent	1-1	1-1	True	17	0.231	0.526	gain	TP	TP
chr4	38522041	38532532	10491	15	4	1	11	independent	independent	1-1	1-1	True	31	0.287	0.553	neutral	TP	TP
chr4	39454364	39460442	6078	17	1	14	12	independent	independent	1-1	1-1	True	44	0.61	0.333	neutral	TP	TP
chr4	39699748	39700657	909	32	1	2	29	independent	independent	1-1	1-1	True	64	0.479	0.507	neutral	TP	TP
chr4	40979546	40998095	18549	3	1	2	4	independent	independent	1-1	1-1	True	10	0.649	0.351	neutral	TP	TP
chr4	42184098	42202717	18619	9	1	8	11	independent	independent	1-1	1-1	True	29	0.613	0.275	neutral	TP	TP
chr4	43238595	43238837	242	53	1	2	25	independent	independent	1-1	1-1	True	81	0.349	0.314	gain	TP	TP
chr4	44419559	44421486	1927	35	2	1	18	independent	independent	2-1	2-1	True	56	0.362	0.371	gain	TP	TP
chr4	45201593	45209766	8173	18	1	1	23	independent	independent	1-1	1-1	True	43	0.646	0.554	gain	TP	TP
chr4	46360257	46369599	9342	9	1	4	14	independent	independent	1-1	1-1	True	28	0.64	0.542	gain	TP	TP
chr4	54060398	54064732	4334	18	17	1	11	independent	independent	1-1	1-1	True	47	0.235	0.521	gain	TP	TP
chr4	61796698	61805630	8932	16	1	16	7	independent	independent	2-1	2-1	True	40	0.592	0.291	gain	TP	TP
chr4	62205171	62209330	4159	20	15	13	1	mutual_excl	independent	2-1	2-1	True	49	0.351	0.306	gain	TP	TP
chr4	65840925	65843671	2746	24	14	2	16	independent	independent	2-1	2-1	True	56	0.333	0.579	gain	TP	TP
chr4	66854892	66865135	10243	14	1	3	15	independent	independent	2-1	2-1	True	33	0.487	0.451	gain	TP	TP
chr4	66865135	66867412	2277	29	1	14	12	independent	independent	2-1	2-1	True	56	0.451	0.282	gain	TP	TP
chr4	70009234	70014884	5650	12	1	19	12	independent	independent	1-1	1-1	True	44	0.679	0.26	gain	TP	TP
chr4	70349407	70350389	982	26	1	1	24	independent	independent	1-1	1-1	True	52	0.532	0.474	gain	TP	TP
chr4	70567453	70596115	28662	2	1	1	5	independent	independent	1-1	1-1	True	9	0.513	0.351	gain	TP	TP
chr4	74394074	74400741	6667	23	22	1	14	independent	independent	2-1	2-1	True	60	0.208	0.626	gain	TP	TP
chr4	76467264	76481530	14266	11	2	1	5	independent	independent	1-1	1-1	True	19	0.4	0.397	gain	TP	TP
chr4	77441414	77450421	9007	19	10	15	1	mutual_excl	independent	2-1	2-1	True	45	0.278	0.267	gain	TP	TP
chr4	78336576	78343783	7207	25	1	2	17	independent	independent	1-1	1-1	True	45	0.419	0.415	gain	TP	TP
chr4	89620636	89622477	1841	35	1	3	21	independent	independent	2-1	2-1	True	60	0.405	0.385	gain	TP	TP
chr4	89723912	89751702	27790	8	1	6	1	mutual_excl	independent	1-1	1-1	True	16	0.526	0.18	gain	TP	TP
chr4	89751702	89755457	3755	66	2	1	10	independent	independent	1-1	1-1	True	79	0.18	0.219	gain	TP	TP
chr4	92233245	92254580	21335	7	3	3	1	mutual_excl	independent	1-1	1-1	True	14	0.297	0.28	gain	TP	TP
chr4	92667697	92672543	4846	30	1	1	27	independent	independent	2-1	2-1	True	59	0.474	0.515	gain	TP	TP
chr4	93030797	93034523	3726	32	1	15	11	independent	independent	2-1	2-1	True	59	0.386	0.181	gain	TP	TP
chr4	101964910	101975738	10828	25	5	1	11	independent	independent	2-1	2-1	True	42	0.277	0.441	gain	TP	TP
chr4	102225417	102236142	10725	22	1	1	8	independent	independent	2-1	2-1	True	32	0.261	0.2	gain	TP	TP
chr4	107009649	107017248	7599	33	1	1	5	independent	independent	1-1	1-1	True	40	0.198	0.159	gain	TP	TP
chr4	109790620	109814063	23443	4	1	2	4	independent	independent	2-1	2-1	True	11	0.484	0.414	gain	TP	TP
chr4	109814063	109827971	13908	11	3	11	1	mutual_excl	independent	2-1	2-1	True	26	0.414	0.208	gain	TP	TP
chr4	110313666	110314779	1113	42	32	30	1	mutual_excl	independent	1-1	1-1	True	105	0.293	0.31	gain	TP	TP
chr4	110313666	110316104	2438	65	1	2	26	independent	independent	1-1	1-1	True	94	0.293	0.287	gain	TP	TP
chr4	111749531	111764907	15376	18	1	1	9	independent	independent	1-1	1-1	True	29	0.386	0.366	gain	TP	TP
chr4	111749531	111768827	19296	12	1	1	6	independent	independent	1-1	1-1	True	20	0.386	0.344	gain	TP	TP
chr4	113842550	113847839	5289	48	2	1	16	independent	independent	1-1	1-1	True	67	0.248	0.261	gain	TP	TP
chr4	116101941	116118690	16749	16	5	2	1	mutual_excl	independent	2-1	2-1	True	24	0.215	0.245	gain	TP	TP
chr4	120374825	120387964	13139	17	14	9	1	mutual_excl	independent	1-1	1-1	True	41	0.204	0.289	gain	TP	TP
chr4	122127458	122134466	7008	30	1	9	13	independent	independent	2-1	2-1	True	53	0.472	0.217	gain	TP	TP
chr4	123376636	123381761	5125	42	2	19	15	independent	independent	2-1	2-1	True	78	0.435	0.221	gain	TP	TP
chr4	123595345	123610946	15601	10	1	6	9	independent	independent	2-1	2-1	True	26	0.537	0.25	gain	TP	TP
chr4	124639317	124639319	2	52	1	2	39	independent	independent	2-1	2-1	True	94	0.447	0.421	gain	TP	TP
chr4	124814062	124816290	2228	30	17	1	14	independent	independent	1-1	1-1	True	62	0.193	0.488	gain	TP	TP
chr4	127218556	127221898	3342	47	9	2	18	independent	independent	2-1	2-1	True	76	0.258	0.355	gain	TP	TP
chr4	129533720	129544338	10618	11	12	1	6	independent	independent	2-1	2-1	True	30	0.151	0.489	gain	FP	TP
chr4	129544338	129552441	8103	18	2	1	18	independent	independent	2-1	2-1	True	39	0.489	0.574	gain	TP	TP
chr4	130865032	130874852	9820	19	13	11	1	mutual_excl	independent	1-1	1-1	True	44	0.26	0.315	gain	TP	TP
chr4	133606396	133609121	2725	44	1	10	17	independent	independent	2-1	2-1	True	72	0.398	0.198	gain	TP	TP
chr4	133687613	133690193	2580	58	2	2	19	independent	independent	2-1	2-1	True	81	0.263	0.243	gain	TP	TP
chr4	137965410	137974002	8592	0	1	2	22	independent	independent	1-1	1-1	True	25	0.939	0.897	loh	TP	TP
chr4	138939377	138943197	3820	26	1	1	4	independent	independent	1-1	1-1	True	32	0.146	0.17	loh	FP	FP
chr4	140043501	140052016	8515	30	1	2	7	independent	independent	1-1	1-1	True	40	0.245	0.253	gain	TP	TP
chr4	145261686	145261792	106	0	29	4	2	independent	independent	1-1	1-1	True	35	0.158	0.889	loh	FP	TP
chr4	145261792	145262848	1056	0	3	24	1	mutual_excl	independent	1-1	1-1	True	28	0.889	0.143	loh	TP	FP
chr4	156443643	156448641	4998	1	10	1	7	independent	independent	1-1	1-1	True	19	0.5	0.938	loh	TP	TP
chr4	162376577	162376611	34	4	5	1	7	independent	independent	1-1	1-1	True	17	0.222	0.706	loh	FP	FP
chr4	164959801	164965268	5467	3	3	1	21	independent	independent	2-1	2-1	True	28	0.79	0.882	loh	TP	TP
chr4	167655942	167659486	3544	2	16	22	1	mutual_excl	independent	1-1	1-1	True	41	0.528	0.392	loh	TP	TP
chr4	175374700	175377006	2306	37	1	1	3	independent	independent	1-1	1-1	True	42	0.093	0.096	loh	FP	FP
chr4	180519831	180520766	935	1	1	1	55	independent	independent	2-1	2-1	True	58	0.97	0.968	loh	TP	TP
chr4	187463663	187469351	5688	0	26	2	1	mutual_excl	independent	1-1	1-1	True	29	0.102	0.944	loh	FP	TP
chr4	189865484	189870598	5114	0	1	16	6	independent	independent	1-1	1-1	True	23	0.944	0.213	loh	TP	FP
chr4	190110905	190112507	1602	390	1	2	35	independent	independent	1-1	1-1	True	428	0.094	0.089	neutral	TP	TP
chr9	1686292	1711316	25024	4	4	1	7	independent	independent	2-1	2-1	True	16	0.333	0.486	gain	TP	TP
chr9	2171688	2178269	6581	26	9	1	10	independent	independent	1-1	1-1	True	46	0.282	0.5	gain	TP	TP
chr9	3825257	3825296	39	57	1	3	72	independent	independent	2-1	2-1	True	133	0.557	0.553	gain	TP	TP
chr9	5865610	5873758	8148	29	1	12	14	independent	independent	1-1	1-1	True	56	0.394	0.25	gain	TP	TP
chr9	7304218	7315251	11033	23	11	1	10	independent	independent	2-1	2-1	True	45	0.237	0.482	gain	TP	TP
chr9	7304218	7328782	24564	8	3	1	6	independent	independent	2-1	2-1	True	18	0.237	0.417	gain	TP	TP
chr9	11635220	11644440	9220	23	2	13	7	independent	independent	1-1	1-1	True	45	0.515	0.197	gain	TP	TP
chr9	12037291	12051725	14434	15	1	13	9	independent	independent	2-1	2-1	True	38	0.495	0.23	gain	TP	TP
chr9	12207335	12235259	27924	5	1	2	1	mutual_excl	independent	2-1	2-1	True	9	0.517	0.273	gain	TP	TP
chr9	13936585	13949646	13061	18	1	1	22	independent	independent	2-1	2-1	True	42	0.492	0.549	gain	TP	TP
chr9	14254016	14262547	8531	33	1	1	26	independent	independent	1-1	1-1	True	61	0.483	0.508	gain	TP	TP
chr9	14502688	14521235	18547	10	5	14	5	independent	independent	1-1	1-1	True	34	0.538	0.275	gain	TP	FP
chr9	18239636	18249167	9531	0	1	8	14	independent	independent	1-1	1-1	True	23	0.967	0.606	loh	TP	TP
chr9	19549883	19562399	12516	1	1	9	6	independent	independent	1-1	1-1	True	17	0.959	0.5	loh	TP	TP
chr9	32974337	32974338	1	31	1	1	31	independent	independent	2-1	2-1	True	64	0.5	0.5	loh	TP	TP
chr9	34595989	34609410	13421	2	8	1	4	independent	independent	1-1	1-1	True	15	0.296	0.871	loh	TP	TP
chr9	35077792	35091097	13305	0	2	11	8	independent	independent	1-1	1-1	True	21	0.967	0.397	loh	TP	TP
chr9	40739743	40747215	7472	43	1	2	11	independent	independent	1-1	1-1	True	57	0.163	0.233	gain	FP	FP
chr9	40740250	40747096	6846	48	2	4	6	independent	independent	1-1	1-1	True	60	0.11	0.188	gain	FP	FP
chr9	40747096	40747215	119	74	5	2	17	independent	independent	1-1	1-1	True	98	0.188	0.233	gain	FP	FP
chr9	40747096	40748283	1187	69	4	2	16	independent	independent	1-1	1-1	True	91	0.188	0.24	gain	FP	FP
chr9	40747215	40748283	1068	70	1	2	21	independent	independent	1-1	1-1	True	94	0.233	0.24	gain	FP	FP
chr9	40875662	40878517	2855	114	1	1	46	independent	independent	1-1	1-1	True	162	0.284	0.266	gain	TP	TP
chr9	41250229	41252128	1899	41	1	1	18	independent	independent	1-1	1-1	True	61	0.268	0.307	gain	FP	FP
chr9	41251563	41252128	565	52	1	1	21	independent	independent	1-1	1-1	True	75	0.278	0.307	gain	FP	FP
chr9	41252128	41252154	26	56	3	1	26	independent	independent	1-1	1-1	True	86	0.307	0.33	gain	FP	FP
chr9	41777788	41779453	1665	112	1	2	13	independent	independent	1-1	1-1	True	128	0.097	0.108	gain	FP	FP
chr9	41777788	41779652	1864	109	1	1	13	independent	independent	1-1	1-1	True	124	0.097	0.118	gain	FP	FP
chr9	41777788	41779754	1966	108	1	2	12	independent	independent	1-1	1-1	True	123	0.097	0.106	gain	FP	FP
chr9	41777788	41779987	2199	110	1	1	14	independent	independent	1-1	1-1	True	126	0.097	0.115	gain	FP	FP
chr9	41777788	41783615	5827	85	1	2	13	independent	independent	1-1	1-1	True	101	0.097	0.127	gain	FP	FP
chr9	41777788	41786998	9210	67	3	1	12	independent	independent	1-1	1-1	True	83	0.097	0.148	gain	FP	FP
chr9	41777788	41802610	24822	17	1	1	13	independent	independent	1-1	1-1	True	32	0.097	0.146	gain	FP	FP
chr9	41779453	41779572	119	132	4	1	15	independent	independent	1-1	1-1	True	152	0.108	0.124	gain	FP	FP
chr9	41779453	41779652	199	131	3	1	15	independent	independent	1-1	1-1	True	150	0.108	0.118	gain	FP	FP
chr9	41779453	41779753	300	133	2	2	14	independent	independent	1-1	1-1	True	151	0.108	0.104	gain	FP	FP
chr9	41779453	41779754	301	130	2	2	14	independent	independent	1-1	1-1	True	148	0.108	0.106	gain	FP	FP
chr9	41779453	41779987	534	133	2	1	16	independent	independent	1-1	1-1	True	152	0.108	0.115	gain	FP	FP
chr9	41779453	41780251	798	127	1	1	15	independent	independent	1-1	1-1	True	144	0.108	0.104	gain	FP	FP
chr9	41779453	41783615	4162	101	2	1	15	independent	independent	1-1	1-1	True	119	0.108	0.127	gain	FP	FP
chr9	41779453	41786739	7286	85	1	1	15	independent	independent	1-1	1-1	True	102	0.108	0.124	gain	FP	FP
chr9	41779453	41786998	7545	79	5	1	14	independent	independent	1-1	1-1	True	99	0.108	0.148	gain	FP	FP
chr9	41779453	41789153	9700	65	1	1	15	independent	independent	1-1	1-1	True	82	0.108	0.138	gain	FP	FP
chr9	41779453	41789347	9894	65	1	1	15	independent	independent	1-1	1-1	True	82	0.108	0.126	gain	FP	FP
chr9	41779453	41790213	10760	47	3	1	14	independent	independent	1-1	1-1	True	65	0.108	0.167	gain	FP	FP
chr9	41779453	41801288	21835	24	1	1	15	independent	independent	1-1	1-1	True	41	0.108	0.137	gain	FP	FP
chr9	41779453	41802466	23013	24	1	1	14	independent	independent	1-1	1-1	True	40	0.108	0.127	gain	FP	FP
chr9	41779453	41802512	23059	24	1	1	13	independent	independent	1-1	1-1	True	39	0.108	0.13	gain	FP	FP
chr9	41779453	41802547	23094	24	1	1	13	independent	independent	1-1	1-1	True	39	0.108	0.123	gain	FP	FP
chr9	41779453	41802610	23157	23	2	1	14	independent	independent	1-1	1-1	True	40	0.108	0.146	gain	FP	FP
chr9	41779453	41803151	23698	23	1	1	13	independent	independent	1-1	1-1	True	38	0.108	0.13	gain	FP	FP
chr9	41779453	41804016	24563	23	1	1	11	independent	independent	1-1	1-1	True	36	0.108	0.121	gain	FP	FP
chr9	41779453	41804580	25127	22	1	1	12	independent	independent	1-1	1-1	True	36	0.108	0.11	gain	FP	FP
chr9	41779572	41779652	80	126	2	3	15	independent	independent	1-1	1-1	True	146	0.124	0.118	gain	FP	FP
chr9	41779572	41779754	182	125	1	4	14	independent	independent	1-1	1-1	True	144	0.124	0.106	gain	FP	FP
chr9	41779572	41779987	415	129	1	3	16	independent	independent	1-1	1-1	True	149	0.124	0.115	gain	FP	FP
chr9	41779572	41780938	1366	114	1	2	15	independent	independent	1-1	1-1	True	132	0.124	0.119	gain	FP	FP
chr9	41779572	41782022	2450	106	1	2	17	independent	independent	1-1	1-1	True	126	0.124	0.131	gain	FP	FP
chr9	41779572	41782266	2694	104	1	2	17	independent	independent	1-1	1-1	True	124	0.124	0.136	gain	FP	FP
chr9	41779572	41783615	4043	96	1	4	15	independent	independent	1-1	1-1	True	116	0.124	0.127	gain	FP	FP
chr9	41779572	41783669	4097	96	1	2	17	independent	independent	1-1	1-1	True	116	0.124	0.133	gain	FP	FP
chr9	41779572	41786998	7426	75	4	3	14	independent	independent	1-1	1-1	True	96	0.124	0.148	gain	FP	FP
chr9	41779572	41787455	7883	73	1	1	16	independent	independent	1-1	1-1	True	91	0.124	0.145	gain	FP	FP
chr9	41779572	41787852	8280	69	1	1	14	independent	independent	1-1	1-1	True	85	0.124	0.124	gain	FP	FP
chr9	41779572	41788031	8459	69	1	1	16	independent	independent	1-1	1-1	True	87	0.124	0.142	gain	FP	FP
chr9	41779572	41788154	8582	64	3	1	16	independent	independent	1-1	1-1	True	84	0.124	0.168	gain	FP	FP
chr9	41779572	41789468	9896	63	1	1	16	independent	independent	1-1	1-1	True	81	0.124	0.133	gain	FP	FP
chr9	41779572	41790213	10641	45	2	1	15	independent	independent	1-1	1-1	True	63	0.124	0.167	gain	FP	FP
chr9	41779572	41800201	20629	23	1	1	15	independent	independent	1-1	1-1	True	40	0.124	0.14	gain	FP	FP
chr9	41779572	41800900	21328	22	1	1	13	independent	independent	1-1	1-1	True	37	0.124	0.153	gain	FP	FP
chr9	41779572	41802280	22708	21	1	1	14	independent	independent	1-1	1-1	True	37	0.124	0.156	gain	FP	FP
chr9	41779572	41802610	23038	22	1	2	14	independent	independent	1-1	1-1	True	39	0.124	0.146	gain	FP	FP
chr9	41779572	41804276	24704	20	2	1	13	independent	independent	1-1	1-1	True	36	0.124	0.142	gain	FP	FP
chr9	41779652	41779753	101	128	1	2	15	independent	independent	1-1	1-1	True	146	0.118	0.104	gain	FP	FP
chr9	41779652	41779754	102	125	1	3	15	independent	independent	1-1	1-1	True	144	0.118	0.106	gain	FP	FP
chr9	41779652	41779987	335	128	1	2	16	independent	independent	1-1	1-1	True	147	0.118	0.115	gain	FP	FP
chr9	41779652	41780938	1286	111	2	2	14	independent	independent	1-1	1-1	True	129	0.118	0.119	gain	FP	FP
chr9	41779652	41780961	1309	107	1	2	16	independent	independent	1-1	1-1	True	126	0.118	0.134	gain	FP	FP
chr9	41779652	41782022	2370	104	2	2	16	independent	independent	1-1	1-1	True	124	0.118	0.131	gain	FP	FP
chr9	41779652	41782030	2378	105	1	1	16	independent	independent	1-1	1-1	True	123	0.118	0.131	gain	FP	FP
chr9	41779652	41782266	2614	103	2	1	16	independent	independent	1-1	1-1	True	122	0.118	0.136	gain	FP	FP
chr9	41779652	41782895	3243	104	1	2	15	independent	independent	1-1	1-1	True	122	0.118	0.12	gain	FP	FP
chr9	41779652	41783615	3963	95	1	3	15	independent	independent	1-1	1-1	True	114	0.118	0.127	gain	FP	FP
chr9	41779652	41783669	4017	93	2	2	16	independent	independent	1-1	1-1	True	113	0.118	0.133	gain	FP	FP
chr9	41779652	41786702	7050	79	1	1	16	independent	independent	1-1	1-1	True	97	0.118	0.134	gain	FP	FP
chr9	41779652	41786998	7346	73	4	1	15	independent	independent	1-1	1-1	True	93	0.118	0.148	gain	FP	FP
chr9	41779652	41787455	7803	69	2	1	16	independent	independent	1-1	1-1	True	88	0.118	0.145	gain	FP	FP
chr9	41779652	41787852	8200	66	1	1	14	independent	independent	1-1	1-1	True	82	0.118	0.124	gain	FP	FP
chr9	41779652	41788031	8379	66	1	1	16	independent	independent	1-1	1-1	True	84	0.118	0.142	gain	FP	FP
chr9	41779652	41788154	8502	63	2	1	16	independent	independent	1-1	1-1	True	82	0.118	0.168	gain	FP	FP
chr9	41779652	41789468	9816	60	1	1	15	independent	independent	1-1	1-1	True	77	0.118	0.133	gain	FP	FP
chr9	41779652	41790213	10561	45	2	1	14	independent	independent	1-1	1-1	True	62	0.118	0.167	gain	FP	FP
chr9	41779753	41779754	1	131	1	1	15	independent	independent	1-1	1-1	True	148	0.104	0.106	gain	FP	FP
chr9	41779753	41779987	234	134	2	1	15	independent	independent	1-1	1-1	True	152	0.104	0.115	gain	FP	FP
chr9	41779753	41780990	1237	116	1	1	15	independent	independent	1-1	1-1	True	133	0.104	0.119	gain	FP	FP
chr9	41779753	41783615	3862	100	2	2	14	independent	independent	1-1	1-1	True	118	0.104	0.127	gain	FP	FP
chr9	41779753	41786739	6986	84	1	2	14	independent	independent	1-1	1-1	True	101	0.104	0.124	gain	FP	FP
chr9	41779753	41789153	9400	66	1	1	14	independent	independent	1-1	1-1	True	82	0.104	0.138	gain	FP	FP
chr9	41779753	41789347	9594	66	1	1	14	independent	independent	1-1	1-1	True	82	0.104	0.126	gain	FP	FP
chr9	41779753	41790213	10460	48	3	1	13	independent	independent	1-1	1-1	True	65	0.104	0.167	gain	FP	FP
chr9	41779753	41801129	21376	24	1	1	14	independent	independent	1-1	1-1	True	40	0.104	0.139	gain	FP	FP
chr9	41779753	41801288	21535	24	1	1	14	independent	independent	1-1	1-1	True	40	0.104	0.137	gain	FP	FP
chr9	41779753	41802466	22713	24	1	1	13	independent	independent	1-1	1-1	True	39	0.104	0.127	gain	FP	FP
chr9	41779753	41802512	22759	24	1	1	12	independent	independent	1-1	1-1	True	38	0.104	0.13	gain	FP	FP
chr9	41779753	41802547	22794	24	1	1	12	independent	independent	1-1	1-1	True	38	0.104	0.123	gain	FP	FP
chr9	41779753	41802610	22857	23	2	1	13	independent	independent	1-1	1-1	True	39	0.104	0.146	gain	FP	FP
chr9	41779753	41803151	23398	23	1	1	12	independent	independent	1-1	1-1	True	37	0.104	0.13	gain	FP	FP
chr9	41779753	41804580	24827	22	1	1	11	independent	independent	1-1	1-1	True	35	0.104	0.11	gain	FP	FP
chr9	41779754	41779987	233	131	2	1	15	independent	independent	1-1	1-1	True	149	0.106	0.115	gain	FP	FP
chr9	41779754	41780251	497	124	1	1	15	independent	independent	1-1	1-1	True	141	0.106	0.104	gain	FP	FP
chr9	41779754	41780671	917	119	1	1	14	independent	independent	1-1	1-1	True	135	0.106	0.101	gain	FP	FP
chr9	41779754	41780938	1184	115	3	1	13	independent	independent	1-1	1-1	True	132	0.106	0.119	gain	FP	FP
chr9	41779754	41780961	1207	111	2	1	15	independent	independent	1-1	1-1	True	129	0.106	0.134	gain	FP	FP
chr9	41779754	41780990	1236	114	1	1	15	independent	independent	1-1	1-1	True	131	0.106	0.119	gain	FP	FP
chr9	41779754	41782022	2268	108	3	1	15	independent	independent	1-1	1-1	True	127	0.106	0.131	gain	FP	FP
chr9	41779754	41782030	2276	108	2	1	15	independent	independent	1-1	1-1	True	126	0.106	0.131	gain	FP	FP
chr9	41779754	41782266	2512	107	2	1	15	independent	independent	1-1	1-1	True	125	0.106	0.136	gain	FP	FP
chr9	41779754	41782895	3141	108	2	1	14	independent	independent	1-1	1-1	True	125	0.106	0.12	gain	FP	FP
chr9	41779754	41783615	3861	98	2	2	14	independent	independent	1-1	1-1	True	116	0.106	0.127	gain	FP	FP
chr9	41779754	41783669	3915	97	3	1	15	independent	independent	1-1	1-1	True	116	0.106	0.133	gain	FP	FP
chr9	41779754	41786702	6948	82	2	1	15	independent	independent	1-1	1-1	True	100	0.106	0.134	gain	FP	FP
chr9	41779754	41786739	6985	81	1	2	14	independent	independent	1-1	1-1	True	98	0.106	0.124	gain	FP	FP
chr9	41779754	41786740	6986	78	1	1	15	independent	independent	1-1	1-1	True	95	0.106	0.14	gain	FP	FP
chr9	41779754	41786998	7244	75	5	1	14	independent	independent	1-1	1-1	True	95	0.106	0.148	gain	FP	FP
chr9	41779754	41786999	7245	79	1	1	14	independent	independent	1-1	1-1	True	95	0.106	0.11	gain	FP	FP
chr9	41779754	41787455	7701	71	3	1	15	independent	independent	1-1	1-1	True	90	0.106	0.145	gain	FP	FP
chr9	41779754	41787852	8098	69	2	1	13	independent	independent	1-1	1-1	True	85	0.106	0.124	gain	FP	FP
chr9	41779754	41788031	8277	69	2	1	15	independent	independent	1-1	1-1	True	87	0.106	0.142	gain	FP	FP
chr9	41779754	41788154	8400	64	4	1	15	independent	independent	1-1	1-1	True	84	0.106	0.168	gain	FP	FP
chr9	41779754	41788301	8547	66	1	1	15	independent	independent	1-1	1-1	True	83	0.106	0.143	gain	FP	FP
chr9	41779754	41788308	8554	69	1	1	14	independent	independent	1-1	1-1	True	85	0.106	0.126	gain	FP	FP
chr9	41779754	41788547	8793	66	1	1	15	independent	independent	1-1	1-1	True	83	0.106	0.124	gain	FP	FP
chr9	41779754	41788562	8808	68	1	1	15	independent	independent	1-1	1-1	True	85	0.106	0.133	gain	FP	FP
chr9	41779754	41789153	9399	62	1	2	14	independent	independent	1-1	1-1	True	79	0.106	0.138	gain	FP	FP
chr9	41779754	41789347	9593	62	1	2	14	independent	independent	1-1	1-1	True	79	0.106	0.126	gain	FP	FP
chr9	41779754	41789410	9656	62	1	1	15	independent	independent	1-1	1-1	True	79	0.106	0.131	gain	FP	FP
chr9	41779754	41789468	9714	62	2	1	14	independent	independent	1-1	1-1	True	79	0.106	0.133	gain	FP	FP
chr9	41779754	41789512	9758	60	1	1	14	independent	independent	1-1	1-1	True	76	0.106	0.121	gain	FP	FP
chr9	41779754	41789576	9822	58	1	1	15	independent	independent	1-1	1-1	True	75	0.106	0.13	gain	FP	FP
chr9	41779754	41789594	9840	57	1	1	14	independent	independent	1-1	1-1	True	73	0.106	0.125	gain	FP	FP
chr9	41779754	41789728	9974	58	1	1	15	independent	independent	1-1	1-1	True	75	0.106	0.142	gain	FP	FP
chr9	41779754	41790213	10459	44	3	2	13	independent	independent	1-1	1-1	True	62	0.106	0.167	gain	FP	FP
chr9	41779754	41800163	20409	23	1	1	15	independent	independent	1-1	1-1	True	40	0.106	0.134	gain	FP	FP
chr9	41779754	41800201	20447	22	2	1	14	independent	independent	1-1	1-1	True	39	0.106	0.14	gain	FP	FP
chr9	41779754	41800600	20846	23	1	1	15	independent	independent	1-1	1-1	True	40	0.106	0.158	gain	FP	FP
chr9	41779754	41800900	21146	21	2	1	12	independent	independent	1-1	1-1	True	36	0.106	0.153	gain	FP	FP
chr9	41779754	41800945	21191	22	1	1	14	independent	independent	1-1	1-1	True	38	0.106	0.138	gain	FP	FP
chr9	41779754	41800968	21214	21	1	1	15	independent	independent	1-1	1-1	True	38	0.106	0.156	gain	FP	FP
chr9	41779754	41800991	21237	22	1	1	15	independent	independent	1-1	1-1	True	39	0.106	0.137	gain	FP	FP
chr9	41779754	41801129	21375	22	1	2	14	independent	independent	1-1	1-1	True	39	0.106	0.139	gain	FP	FP
chr9	41779754	41801288	21534	22	1	2	14	independent	independent	1-1	1-1	True	39	0.106	0.137	gain	FP	FP
chr9	41779754	41801692	21938	22	1	1	14	independent	independent	1-1	1-1	True	38	0.106	0.132	gain	FP	FP
chr9	41779754	41801701	21947	22	1	1	13	independent	independent	1-1	1-1	True	37	0.106	0.13	gain	FP	FP
chr9	41779754	41802059	22305	22	1	1	14	independent	independent	1-1	1-1	True	38	0.106	0.12	gain	FP	FP
chr9	41779754	41802249	22495	22	1	1	14	independent	independent	1-1	1-1	True	38	0.106	0.131	gain	FP	FP
chr9	41779754	41802280	22526	20	2	1	13	independent	independent	1-1	1-1	True	36	0.106	0.156	gain	FP	FP
chr9	41779754	41802377	22623	22	1	1	14	independent	independent	1-1	1-1	True	38	0.106	0.137	gain	FP	FP
chr9	41779754	41802466	22712	22	1	2	13	independent	independent	1-1	1-1	True	38	0.106	0.127	gain	FP	FP
chr9	41779754	41802512	22758	22	1	2	12	independent	independent	1-1	1-1	True	37	0.106	0.13	gain	FP	FP
chr9	41779754	41802547	22793	22	1	2	12	independent	independent	1-1	1-1	True	37	0.106	0.123	gain	FP	FP
chr9	41779754	41802610	22856	21	2	2	13	independent	independent	1-1	1-1	True	38	0.106	0.146	gain	FP	FP
chr9	41779754	41802627	22873	20	1	1	14	independent	independent	1-1	1-1	True	36	0.106	0.156	gain	FP	FP
chr9	41779754	41802757	23003	21	1	1	12	independent	independent	1-1	1-1	True	35	0.106	0.136	gain	FP	FP
chr9	41779754	41802977	23223	22	1	1	13	independent	independent	1-1	1-1	True	37	0.106	0.139	gain	FP	FP
chr9	41779754	41803018	23264	21	1	1	13	independent	independent	1-1	1-1	True	36	0.106	0.135	gain	FP	FP
chr9	41779754	41803150	23396	22	1	1	12	independent	independent	1-1	1-1	True	36	0.106	0.127	gain	FP	FP
chr9	41779754	41803151	23397	21	1	2	12	independent	independent	1-1	1-1	True	36	0.106	0.13	gain	FP	FP
chr9	41779754	41803328	23574	21	1	1	13	independent	independent	1-1	1-1	True	36	0.106	0.131	gain	FP	FP
chr9	41779754	41803710	23956	21	1	1	12	independent	independent	1-1	1-1	True	35	0.106	0.127	gain	FP	FP
chr9	41779754	41803728	23974	21	1	1	12	independent	independent	1-1	1-1	True	35	0.106	0.132	gain	FP	FP
chr9	41779754	41804016	24262	21	1	2	11	independent	independent	1-1	1-1	True	35	0.106	0.121	gain	FP	FP
chr9	41779754	41804276	24522	19	3	1	12	independent	independent	1-1	1-1	True	35	0.106	0.142	gain	FP	FP
chr9	41779754	41804318	24564	20	1	1	12	independent	independent	1-1	1-1	True	34	0.106	0.124	gain	FP	FP
chr9	41779754	41804336	24582	20	1	1	12	independent	independent	1-1	1-1	True	34	0.106	0.124	gain	FP	FP
chr9	41779754	41804355	24601	20	1	1	12	independent	independent	1-1	1-1	True	34	0.106	0.139	gain	FP	FP
chr9	41779754	41804488	24734	20	1	1	12	independent	independent	1-1	1-1	True	34	0.106	0.128	gain	FP	FP
chr9	41779754	41804521	24767	20	1	1	12	independent	independent	1-1	1-1	True	34	0.106	0.127	gain	FP	FP
chr9	41779754	41804532	24778	20	1	1	12	independent	independent	1-1	1-1	True	34	0.106	0.129	gain	FP	FP
chr9	41779754	41804580	24826	20	1	2	11	independent	independent	1-1	1-1	True	34	0.106	0.11	gain	FP	FP
chr9	41779754	41804669	24915	20	1	1	12	independent	independent	1-1	1-1	True	34	0.106	0.117	gain	FP	FP
chr9	41779987	41780938	951	119	2	1	15	independent	independent	1-1	1-1	True	137	0.115	0.119	gain	FP	FP
chr9	41779987	41780961	974	114	1	1	17	independent	independent	1-1	1-1	True	133	0.115	0.134	gain	FP	FP
chr9	41779987	41782022	2035	111	2	1	17	independent	independent	1-1	1-1	True	131	0.115	0.131	gain	FP	FP
chr9	41779987	41782030	2043	111	1	1	17	independent	independent	1-1	1-1	True	130	0.115	0.131	gain	FP	FP
chr9	41779987	41782266	2279	109	2	1	17	independent	independent	1-1	1-1	True	129	0.115	0.136	gain	FP	FP
chr9	41779987	41782895	2908	111	1	1	16	independent	independent	1-1	1-1	True	129	0.115	0.12	gain	FP	FP
chr9	41779987	41783615	3628	101	1	2	16	independent	independent	1-1	1-1	True	120	0.115	0.127	gain	FP	FP
chr9	41779987	41783669	3682	100	2	1	17	independent	independent	1-1	1-1	True	120	0.115	0.133	gain	FP	FP
chr9	41779987	41786702	6715	85	1	1	17	independent	independent	1-1	1-1	True	104	0.115	0.134	gain	FP	FP
chr9	41779987	41786998	7011	78	4	2	15	independent	independent	1-1	1-1	True	99	0.115	0.148	gain	FP	FP
chr9	41779987	41787455	7468	74	2	1	17	independent	independent	1-1	1-1	True	94	0.115	0.145	gain	FP	FP
chr9	41779987	41787852	7865	71	1	1	15	independent	independent	1-1	1-1	True	88	0.115	0.124	gain	FP	FP
chr9	41779987	41788031	8044	71	1	1	17	independent	independent	1-1	1-1	True	90	0.115	0.142	gain	FP	FP
chr9	41779987	41788154	8167	66	3	1	17	independent	independent	1-1	1-1	True	87	0.115	0.168	gain	FP	FP
chr9	41779987	41789468	9481	64	1	1	16	independent	independent	1-1	1-1	True	82	0.115	0.133	gain	FP	FP
chr9	41779987	41790213	10226	47	2	1	15	independent	independent	1-1	1-1	True	65	0.115	0.167	gain	FP	FP
chr9	41779987	41800201	20214	23	1	1	16	independent	independent	1-1	1-1	True	41	0.115	0.14	gain	FP	FP
chr9	41779987	41802280	22293	21	1	1	15	independent	independent	1-1	1-1	True	38	0.115	0.156	gain	FP	FP
chr9	41779987	41802610	22623	22	1	2	15	independent	independent	1-1	1-1	True	40	0.115	0.146	gain	FP	FP
chr9	41780251	41783615	3364	107	2	1	15	independent	independent	1-1	1-1	True	125	0.104	0.127	gain	FP	FP
chr9	41780251	41786739	6488	89	1	1	15	independent	independent	1-1	1-1	True	106	0.104	0.124	gain	FP	FP
chr9	41780251	41789153	8902	69	1	1	15	independent	independent	1-1	1-1	True	86	0.104	0.138	gain	FP	FP
chr9	41780251	41789347	9096	69	1	1	15	independent	independent	1-1	1-1	True	86	0.104	0.126	gain	FP	FP
chr9	41780251	41790213	9962	51	3	1	14	independent	independent	1-1	1-1	True	69	0.104	0.167	gain	FP	FP
chr9	41780251	41801129	20878	26	1	1	15	independent	independent	1-1	1-1	True	43	0.104	0.139	gain	FP	FP
chr9	41780251	41801288	21037	26	1	1	15	independent	independent	1-1	1-1	True	43	0.104	0.137	gain	FP	FP
chr9	41780251	41802466	22215	26	1	1	14	independent	independent	1-1	1-1	True	42	0.104	0.127	gain	FP	FP
chr9	41780251	41802512	22261	26	1	1	13	independent	independent	1-1	1-1	True	41	0.104	0.13	gain	FP	FP
chr9	41780251	41802547	22296	26	1	1	13	independent	independent	1-1	1-1	True	41	0.104	0.123	gain	FP	FP
chr9	41780251	41802610	22359	25	2	1	14	independent	independent	1-1	1-1	True	42	0.104	0.146	gain	FP	FP
chr9	41780251	41803151	22900	25	1	1	13	independent	independent	1-1	1-1	True	40	0.104	0.13	gain	FP	FP
chr9	41780251	41804580	24329	24	1	1	12	independent	independent	1-1	1-1	True	38	0.104	0.11	gain	FP	FP
chr9	41780671	41783615	2944	111	1	1	15	independent	independent	1-1	1-1	True	128	0.101	0.127	gain	FP	FP
chr9	41780671	41790213	9542	54	2	1	14	independent	independent	1-1	1-1	True	71	0.101	0.167	gain	FP	FP
chr9	41780671	41802610	21939	26	1	1	14	independent	independent	1-1	1-1	True	42	0.101	0.146	gain	FP	FP
chr9	41780938	41780961	23	134	1	1	18	independent	independent	1-1	1-1	True	154	0.119	0.134	gain	FP	FP
chr9	41780938	41782022	1084	125	1	1	17	independent	independent	1-1	1-1	True	144	0.119	0.131	gain	FP	FP
chr9	41780938	41782266	1328	123	1	1	18	independent	independent	1-1	1-1	True	143	0.119	0.136	gain	FP	FP
chr9	41780938	41783615	2677	111	1	3	16	independent	independent	1-1	1-1	True	131	0.119	0.127	gain	FP	FP
chr9	41780938	41783669	2731	111	1	1	17	independent	independent	1-1	1-1	True	130	0.119	0.133	gain	FP	FP
chr9	41780938	41786998	6060	87	4	2	14	independent	independent	1-1	1-1	True	107	0.119	0.148	gain	FP	FP
chr9	41780938	41787455	6517	83	2	1	17	independent	independent	1-1	1-1	True	103	0.119	0.145	gain	FP	FP
chr9	41780938	41787852	6914	80	1	2	14	independent	independent	1-1	1-1	True	97	0.119	0.124	gain	FP	FP
chr9	41780938	41788031	7093	80	1	1	17	independent	independent	1-1	1-1	True	99	0.119	0.142	gain	FP	FP
chr9	41780938	41788154	7216	75	3	1	17	independent	independent	1-1	1-1	True	96	0.119	0.168	gain	FP	FP
chr9	41780938	41789468	8530	72	1	1	16	independent	independent	1-1	1-1	True	90	0.119	0.133	gain	FP	FP
chr9	41780938	41790213	9275	54	2	2	16	independent	independent	1-1	1-1	True	74	0.119	0.167	gain	FP	FP
chr9	41780938	41800201	19263	29	1	1	16	independent	independent	1-1	1-1	True	47	0.119	0.14	gain	FP	FP
chr9	41780938	41800900	19962	27	1	1	15	independent	independent	1-1	1-1	True	44	0.119	0.153	gain	FP	FP
chr9	41780938	41802280	21342	25	1	1	16	independent	independent	1-1	1-1	True	43	0.119	0.156	gain	FP	FP
chr9	41780938	41802610	21672	26	1	2	15	independent	independent	1-1	1-1	True	44	0.119	0.146	gain	FP	FP
chr9	41780938	41804276	23338	24	2	1	13	independent	independent	1-1	1-1	True	40	0.119	0.142	gain	FP	FP
chr9	41780961	41782022	1061	121	1	1	19	independent	independent	1-1	1-1	True	142	0.134	0.131	gain	FP	FP
chr9	41780961	41782266	1305	119	1	1	20	independent	independent	1-1	1-1	True	141	0.134	0.136	gain	FP	FP
chr9	41780961	41783615	2654	108	1	3	18	independent	independent	1-1	1-1	True	130	0.134	0.127	gain	FP	FP
chr9	41780961	41783669	2708	108	1	1	19	independent	independent	1-1	1-1	True	129	0.134	0.133	gain	FP	FP
chr9	41780961	41786998	6037	86	4	1	16	independent	independent	1-1	1-1	True	107	0.134	0.148	gain	FP	FP
chr9	41780961	41787852	6891	79	1	1	16	independent	independent	1-1	1-1	True	97	0.134	0.124	gain	FP	FP
chr9	41780961	41790213	9252	53	2	1	17	independent	independent	1-1	1-1	True	73	0.134	0.167	gain	FP	FP
chr9	41780961	41802610	21649	26	1	1	17	independent	independent	1-1	1-1	True	45	0.134	0.146	gain	FP	FP
chr9	41780990	41783615	2625	112	1	1	18	independent	independent	1-1	1-1	True	132	0.119	0.127	gain	FP	FP
chr9	41780990	41786998	6008	88	4	1	16	independent	independent	1-1	1-1	True	109	0.119	0.148	gain	FP	FP
chr9	41780990	41787852	6862	81	1	1	16	independent	independent	1-1	1-1	True	99	0.119	0.124	gain	FP	FP
chr9	41780990	41790213	9223	55	2	1	17	independent	independent	1-1	1-1	True	75	0.119	0.167	gain	FP	FP
chr9	41780990	41802610	21620	27	1	1	17	independent	independent	1-1	1-1	True	46	0.119	0.146	gain	FP	FP
chr9	41782022	41782266	244	148	1	1	22	independent	independent	1-1	1-1	True	172	0.131	0.136	gain	FP	FP
chr9	41782022	41783615	1593	127	1	3	20	independent	independent	1-1	1-1	True	151	0.131	0.127	gain	FP	FP
chr9	41782022	41783669	1647	127	1	1	22	independent	independent	1-1	1-1	True	151	0.131	0.133	gain	FP	FP
chr9	41782022	41786740	4718	100	1	1	21	independent	independent	1-1	1-1	True	123	0.131	0.14	gain	FP	FP
chr9	41782022	41786998	4976	96	4	3	18	independent	independent	1-1	1-1	True	121	0.131	0.148	gain	FP	FP
chr9	41782022	41787455	5433	92	2	1	21	independent	independent	1-1	1-1	True	116	0.131	0.145	gain	FP	FP
chr9	41782022	41787852	5830	89	1	1	19	independent	independent	1-1	1-1	True	110	0.131	0.124	gain	FP	FP
chr9	41782022	41788031	6009	89	1	1	21	independent	independent	1-1	1-1	True	112	0.131	0.142	gain	FP	FP
chr9	41782022	41788154	6132	84	3	1	21	independent	independent	1-1	1-1	True	109	0.131	0.168	gain	FP	FP
chr9	41782022	41790213	8191	64	2	1	19	independent	independent	1-1	1-1	True	86	0.131	0.167	gain	FP	FP
chr9	41782022	41800201	18179	32	1	1	20	independent	independent	1-1	1-1	True	54	0.131	0.14	gain	FP	FP
chr9	41782022	41800900	18878	30	1	1	16	independent	independent	1-1	1-1	True	48	0.131	0.153	gain	FP	FP
chr9	41782022	41802280	20258	28	1	1	19	independent	independent	1-1	1-1	True	49	0.131	0.156	gain	FP	FP
chr9	41782022	41802610	20588	29	1	2	19	independent	independent	1-1	1-1	True	51	0.131	0.146	gain	FP	FP
chr9	41782022	41804276	22254	27	2	1	16	independent	independent	1-1	1-1	True	46	0.131	0.142	gain	FP	FP
chr9	41782030	41783615	1585	127	1	2	21	independent	independent	1-1	1-1	True	151	0.131	0.127	gain	FP	FP
chr9	41782030	41786998	4968	97	4	2	18	independent	independent	1-1	1-1	True	121	0.131	0.148	gain	FP	FP
chr9	41782030	41787852	5822	90	1	1	19	independent	independent	1-1	1-1	True	111	0.131	0.124	gain	FP	FP
chr9	41782030	41790213	8183	64	2	1	20	independent	independent	1-1	1-1	True	87	0.131	0.167	gain	FP	FP
chr9	41782030	41802610	20580	30	1	1	20	independent	independent	1-1	1-1	True	52	0.131	0.146	gain	FP	FP
chr9	41782266	41783615	1349	127	1	3	21	independent	independent	1-1	1-1	True	152	0.136	0.127	gain	FP	FP
chr9	41782266	41783669	1403	127	1	1	22	independent	independent	1-1	1-1	True	151	0.136	0.133	gain	FP	FP
chr9	41782266	41786740	4474	99	1	1	22	independent	independent	1-1	1-1	True	123	0.136	0.14	gain	FP	FP
chr9	41782266	41786998	4732	96	3	3	18	independent	independent	1-1	1-1	True	120	0.136	0.148	gain	FP	FP
chr9	41782266	41787455	5189	91	2	1	22	independent	independent	1-1	1-1	True	116	0.136	0.145	gain	FP	FP
chr9	41782266	41787852	5586	89	1	1	19	independent	independent	1-1	1-1	True	110	0.136	0.124	gain	FP	FP
chr9	41782266	41790213	7947	65	1	1	20	independent	independent	1-1	1-1	True	87	0.136	0.167	gain	FP	FP
chr9	41782266	41802610	20344	29	1	1	20	independent	independent	1-1	1-1	True	51	0.136	0.146	gain	FP	FP
chr9	41782895	41783615	720	144	1	2	20	independent	independent	1-1	1-1	True	167	0.12	0.127	gain	FP	FP
chr9	41782895	41786998	4103	107	4	2	17	independent	independent	1-1	1-1	True	130	0.12	0.148	gain	FP	FP
chr9	41782895	41787852	4957	99	1	1	18	independent	independent	1-1	1-1	True	119	0.12	0.124	gain	FP	FP
chr9	41782895	41790213	7318	71	2	1	20	independent	independent	1-1	1-1	True	94	0.12	0.167	gain	FP	FP
chr9	41782895	41802610	19715	31	1	1	19	independent	independent	1-1	1-1	True	52	0.12	0.146	gain	FP	FP
chr9	41783615	41783669	54	153	3	1	21	independent	independent	1-1	1-1	True	178	0.127	0.133	gain	FP	FP
chr9	41783615	41786702	3087	123	2	1	22	independent	independent	1-1	1-1	True	148	0.127	0.134	gain	FP	FP
chr9	41783615	41786739	3124	123	1	2	21	independent	independent	1-1	1-1	True	147	0.127	0.124	gain	FP	FP
chr9	41783615	41786740	3125	117	2	1	22	independent	independent	1-1	1-1	True	142	0.127	0.14	gain	FP	FP
chr9	41783615	41786998	3383	112	5	3	18	independent	independent	1-1	1-1	True	138	0.127	0.148	gain	FP	FP
chr9	41783615	41786999	3384	117	1	1	18	independent	independent	1-1	1-1	True	137	0.127	0.11	gain	FP	FP
chr9	41783615	41787455	3840	106	3	1	22	independent	independent	1-1	1-1	True	132	0.127	0.145	gain	FP	FP
chr9	41783615	41787852	4237	102	1	1	20	independent	independent	1-1	1-1	True	124	0.127	0.124	gain	FP	FP
chr9	41783615	41788308	4693	100	1	1	20	independent	independent	1-1	1-1	True	122	0.127	0.126	gain	FP	FP
chr9	41783615	41788547	4932	97	1	1	20	independent	independent	1-1	1-1	True	119	0.127	0.124	gain	FP	FP
chr9	41783615	41789153	5538	92	1	1	21	independent	independent	1-1	1-1	True	115	0.127	0.138	gain	FP	FP
chr9	41783615	41789347	5732	92	1	1	21	independent	independent	1-1	1-1	True	115	0.127	0.126	gain	FP	FP
chr9	41783615	41790213	6598	73	3	1	20	independent	independent	1-1	1-1	True	97	0.127	0.167	gain	FP	FP
chr9	41783615	41800163	16548	39	1	2	20	independent	independent	1-1	1-1	True	62	0.127	0.134	gain	FP	FP
chr9	41783615	41801129	17514	35	1	1	21	independent	independent	1-1	1-1	True	58	0.127	0.139	gain	FP	FP
chr9	41783615	41801288	17673	35	1	1	21	independent	independent	1-1	1-1	True	58	0.127	0.137	gain	FP	FP
chr9	41783615	41802059	18444	34	1	1	18	independent	independent	1-1	1-1	True	54	0.127	0.12	gain	FP	FP
chr9	41783615	41802466	18851	34	1	2	19	independent	independent	1-1	1-1	True	56	0.127	0.127	gain	FP	FP
chr9	41783615	41802547	18932	34	1	1	18	independent	independent	1-1	1-1	True	54	0.127	0.123	gain	FP	FP
chr9	41783615	41802610	18995	34	1	1	20	independent	independent	1-1	1-1	True	56	0.127	0.146	gain	FP	FP
chr9	41783615	41802977	19362	34	1	1	18	independent	independent	1-1	1-1	True	54	0.127	0.139	gain	FP	FP
chr9	41783615	41803151	19536	33	1	1	18	independent	independent	1-1	1-1	True	53	0.127	0.13	gain	FP	FP
chr9	41783669	41786740	3071	118	1	1	22	independent	independent	1-1	1-1	True	142	0.133	0.14	gain	FP	FP
chr9	41783669	41786998	3329	113	4	3	19	independent	independent	1-1	1-1	True	139	0.133	0.148	gain	FP	FP
chr9	41783669	41787455	3786	108	2	1	22	independent	independent	1-1	1-1	True	133	0.133	0.145	gain	FP	FP
chr9	41783669	41790213	6544	75	2	1	20	independent	independent	1-1	1-1	True	98	0.133	0.167	gain	FP	FP
chr9	41783669	41802610	18941	34	1	1	20	independent	independent	1-1	1-1	True	56	0.133	0.146	gain	FP	FP
chr9	41786702	41786998	296	147	6	2	20	independent	independent	1-1	1-1	True	175	0.134	0.148	gain	FP	FP
chr9	41786702	41787852	1150	134	1	1	21	independent	independent	1-1	1-1	True	157	0.134	0.124	gain	FP	FP
chr9	41786702	41789153	2451	121	1	1	23	independent	independent	1-1	1-1	True	146	0.134	0.138	gain	FP	FP
chr9	41786702	41790213	3511	96	3	1	22	independent	independent	1-1	1-1	True	122	0.134	0.167	gain	FP	FP
chr9	41786702	41802610	15908	39	1	1	22	independent	independent	1-1	1-1	True	63	0.134	0.146	gain	FP	FP
chr9	41786739	41786998	259	146	7	2	19	independent	independent	1-1	1-1	True	174	0.124	0.148	gain	FP	FP
chr9	41786739	41787852	1113	133	2	1	20	independent	independent	1-1	1-1	True	156	0.124	0.124	gain	FP	FP
chr9	41786739	41788547	1808	127	1	1	20	independent	independent	1-1	1-1	True	149	0.124	0.124	gain	FP	FP
chr9	41786739	41789153	2414	120	2	1	22	independent	independent	1-1	1-1	True	145	0.124	0.138	gain	FP	FP
chr9	41786739	41789347	2608	121	1	1	22	independent	independent	1-1	1-1	True	145	0.124	0.126	gain	FP	FP
chr9	41786739	41790213	3474	96	4	1	21	independent	independent	1-1	1-1	True	122	0.124	0.167	gain	FP	FP
chr9	41786739	41800163	13424	50	1	2	21	independent	independent	1-1	1-1	True	74	0.124	0.134	gain	FP	FP
chr9	41786739	41801129	14390	44	1	1	22	independent	independent	1-1	1-1	True	68	0.124	0.139	gain	FP	FP
chr9	41786739	41801288	14549	43	1	1	22	independent	independent	1-1	1-1	True	67	0.124	0.137	gain	FP	FP
chr9	41786739	41802059	15320	40	1	1	19	independent	independent	1-1	1-1	True	61	0.124	0.12	gain	FP	FP
chr9	41786739	41802977	16238	40	1	1	19	independent	independent	1-1	1-1	True	61	0.124	0.139	gain	FP	FP
chr9	41786739	41803151	16412	37	1	1	19	independent	independent	1-1	1-1	True	58	0.124	0.13	gain	FP	FP
chr9	41786739	41804016	17277	36	1	1	15	independent	independent	1-1	1-1	True	53	0.124	0.121	gain	FP	FP
chr9	41786739	41804580	17841	35	1	1	16	independent	independent	1-1	1-1	True	53	0.124	0.11	gain	FP	FP
chr9	41786740	41786998	258	141	5	3	20	independent	independent	1-1	1-1	True	169	0.14	0.148	gain	FP	FP
chr9	41786740	41787852	1112	129	1	1	21	independent	independent	1-1	1-1	True	152	0.14	0.124	gain	FP	FP
chr9	41786740	41789153	2413	117	1	1	23	independent	independent	1-1	1-1	True	142	0.14	0.138	gain	FP	FP
chr9	41786740	41790213	3473	95	3	1	22	independent	independent	1-1	1-1	True	121	0.14	0.167	gain	FP	FP
chr9	41786740	41802610	15870	39	1	1	22	independent	independent	1-1	1-1	True	63	0.14	0.146	gain	FP	FP
chr9	41786998	41787455	457	141	4	7	20	independent	independent	1-1	1-1	True	172	0.148	0.145	gain	FP	FP
chr9	41786998	41787852	854	135	3	6	18	independent	independent	1-1	1-1	True	162	0.148	0.124	gain	FP	FP
chr9	41786998	41788031	1033	133	3	7	20	independent	independent	1-1	1-1	True	163	0.148	0.142	gain	FP	FP
chr9	41786998	41788154	1156	128	6	5	21	independent	independent	1-1	1-1	True	160	0.148	0.168	gain	FP	FP
chr9	41786998	41788301	1303	127	2	6	20	independent	independent	1-1	1-1	True	155	0.148	0.143	gain	FP	FP
chr9	41786998	41788308	1310	132	2	8	18	independent	independent	1-1	1-1	True	160	0.148	0.126	gain	FP	FP
chr9	41786998	41788547	1549	127	1	8	18	independent	independent	1-1	1-1	True	154	0.148	0.124	gain	FP	FP
chr9	41786998	41788562	1564	129	2	7	20	independent	independent	1-1	1-1	True	158	0.148	0.133	gain	FP	FP
chr9	41786998	41789153	2155	120	3	8	19	independent	independent	1-1	1-1	True	150	0.148	0.138	gain	FP	FP
chr9	41786998	41789347	2349	120	2	8	19	independent	independent	1-1	1-1	True	149	0.148	0.126	gain	FP	FP
chr9	41786998	41789410	2412	119	2	7	20	independent	independent	1-1	1-1	True	148	0.148	0.131	gain	FP	FP
chr9	41786998	41789468	2470	120	3	7	19	independent	independent	1-1	1-1	True	149	0.148	0.133	gain	FP	FP
chr9	41786998	41789512	2514	118	1	7	18	independent	independent	1-1	1-1	True	144	0.148	0.121	gain	FP	FP
chr9	41786998	41789576	2578	114	1	6	19	independent	independent	1-1	1-1	True	140	0.148	0.13	gain	FP	FP
chr9	41786998	41789594	2596	113	2	6	17	independent	independent	1-1	1-1	True	138	0.148	0.125	gain	FP	FP
chr9	41786998	41789728	2730	115	2	6	20	independent	independent	1-1	1-1	True	143	0.148	0.142	gain	FP	FP
chr9	41786998	41790213	3215	98	5	4	18	independent	independent	1-1	1-1	True	125	0.148	0.167	gain	FP	FP
chr9	41786998	41800163	13165	53	2	3	18	independent	independent	1-1	1-1	True	76	0.148	0.134	gain	FP	FP
chr9	41786998	41800600	13602	50	2	1	19	independent	independent	1-1	1-1	True	72	0.148	0.158	gain	FP	FP
chr9	41786998	41800900	13902	48	2	1	15	independent	independent	1-1	1-1	True	66	0.148	0.153	gain	FP	FP
chr9	41786998	41800945	13947	49	2	1	18	independent	independent	1-1	1-1	True	70	0.148	0.138	gain	FP	FP
chr9	41786998	41800968	13970	47	2	1	20	independent	independent	1-1	1-1	True	70	0.148	0.156	gain	FP	FP
chr9	41786998	41800991	13993	47	2	1	20	independent	independent	1-1	1-1	True	70	0.148	0.137	gain	FP	FP
chr9	41786998	41801129	14131	47	2	2	19	independent	independent	1-1	1-1	True	70	0.148	0.139	gain	FP	FP
chr9	41786998	41801288	14290	46	2	2	19	independent	independent	1-1	1-1	True	69	0.148	0.137	gain	FP	FP
chr9	41786998	41801692	14694	43	2	1	19	independent	independent	1-1	1-1	True	65	0.148	0.132	gain	FP	FP
chr9	41786998	41801701	14703	43	2	1	18	independent	independent	1-1	1-1	True	64	0.148	0.13	gain	FP	FP
chr9	41786998	41802059	15061	43	2	1	17	independent	independent	1-1	1-1	True	63	0.148	0.12	gain	FP	FP
chr9	41786998	41802249	15251	43	2	1	19	independent	independent	1-1	1-1	True	65	0.148	0.131	gain	FP	FP
chr9	41786998	41802280	15282	41	3	1	18	independent	independent	1-1	1-1	True	63	0.148	0.156	gain	FP	FP
chr9	41786998	41802377	15379	42	2	1	19	independent	independent	1-1	1-1	True	64	0.148	0.137	gain	FP	FP
chr9	41786998	41802466	15468	42	2	4	16	independent	independent	1-1	1-1	True	64	0.148	0.127	gain	FP	FP
chr9	41786998	41802512	15514	40	2	2	17	independent	independent	1-1	1-1	True	61	0.148	0.13	gain	FP	FP
chr9	41786998	41802547	15549	42	2	2	16	independent	independent	1-1	1-1	True	62	0.148	0.123	gain	FP	FP
chr9	41786998	41802610	15612	41	3	2	18	independent	independent	1-1	1-1	True	64	0.148	0.146	gain	FP	FP
chr9	41786998	41802627	15629	39	3	1	19	independent	independent	1-1	1-1	True	62	0.148	0.156	gain	FP	FP
chr9	41786998	41802757	15759	40	2	1	17	independent	independent	1-1	1-1	True	60	0.148	0.136	gain	FP	FP
chr9	41786998	41802977	15979	42	2	2	17	independent	independent	1-1	1-1	True	63	0.148	0.139	gain	FP	FP
chr9	41786998	41803018	16020	41	2	1	18	independent	independent	1-1	1-1	True	62	0.148	0.135	gain	FP	FP
chr9	41786998	41803150	16152	41	2	1	17	independent	independent	1-1	1-1	True	61	0.148	0.127	gain	FP	FP
chr9	41786998	41803151	16153	39	2	2	17	independent	independent	1-1	1-1	True	60	0.148	0.13	gain	FP	FP
chr9	41786998	41803328	16330	39	2	1	18	independent	independent	1-1	1-1	True	60	0.148	0.131	gain	FP	FP
chr9	41786998	41803710	16712	38	2	1	17	independent	independent	1-1	1-1	True	58	0.148	0.127	gain	FP	FP
chr9	41786998	41803728	16730	38	2	1	17	independent	independent	1-1	1-1	True	58	0.148	0.132	gain	FP	FP
chr9	41786998	41804276	17278	36	3	1	17	independent	independent	1-1	1-1	True	57	0.148	0.142	gain	FP	FP
chr9	41786998	41804318	17320	36	1	1	16	independent	independent	1-1	1-1	True	54	0.148	0.124	gain	FP	FP
chr9	41786998	41804336	17338	37	1	1	17	independent	independent	1-1	1-1	True	56	0.148	0.124	gain	FP	FP
chr9	41786998	41804355	17357	37	1	1	17	independent	independent	1-1	1-1	True	56	0.148	0.139	gain	FP	FP
chr9	41786998	41804488	17490	37	1	1	17	independent	independent	1-1	1-1	True	56	0.148	0.128	gain	FP	FP
chr9	41786998	41804521	17523	37	1	1	17	independent	independent	1-1	1-1	True	56	0.148	0.127	gain	FP	FP
chr9	41786998	41804532	17534	37	1	1	17	independent	independent	1-1	1-1	True	56	0.148	0.129	gain	FP	FP
chr9	41786998	41804580	17582	37	1	2	15	independent	independent	1-1	1-1	True	55	0.148	0.11	gain	FP	FP
chr9	41786998	41804669	17671	37	1	1	17	independent	independent	1-1	1-1	True	56	0.148	0.117	gain	FP	FP
chr9	41786999	41789153	2154	128	1	1	19	independent	independent	1-1	1-1	True	149	0.11	0.138	gain	FP	FP
chr9	41786999	41790213	3214	102	3	1	18	independent	independent	1-1	1-1	True	124	0.11	0.167	gain	FP	FP
chr9	41786999	41802610	15611	42	1	1	18	independent	independent	1-1	1-1	True	62	0.11	0.146	gain	FP	FP
chr9	41787455	41787852	397	142	1	3	21	independent	independent	1-1	1-1	True	167	0.145	0.124	gain	FP	FP
chr9	41787455	41788031	576	140	2	2	24	independent	independent	1-1	1-1	True	168	0.145	0.142	gain	FP	FP
chr9	41787455	41788154	699	133	5	1	25	independent	independent	1-1	1-1	True	164	0.145	0.168	gain	FP	FP
chr9	41787455	41788301	846	132	2	2	23	independent	independent	1-1	1-1	True	159	0.145	0.143	gain	FP	FP
chr9	41787455	41788308	853	138	1	3	22	independent	independent	1-1	1-1	True	164	0.145	0.126	gain	FP	FP
chr9	41787455	41788547	1092	134	1	2	21	independent	independent	1-1	1-1	True	158	0.145	0.124	gain	FP	FP
chr9	41787455	41789153	1698	127	2	2	23	independent	independent	1-1	1-1	True	154	0.145	0.138	gain	FP	FP
chr9	41787455	41789468	2013	127	2	1	23	independent	independent	1-1	1-1	True	153	0.145	0.133	gain	FP	FP
chr9	41787455	41789512	2057	125	1	1	21	independent	independent	1-1	1-1	True	148	0.145	0.121	gain	FP	FP
chr9	41787455	41789576	2121	120	1	1	22	independent	independent	1-1	1-1	True	144	0.145	0.13	gain	FP	FP
chr9	41787455	41789594	2139	119	1	1	21	independent	independent	1-1	1-1	True	142	0.145	0.125	gain	FP	FP
chr9	41787455	41789728	2273	121	1	1	24	independent	independent	1-1	1-1	True	147	0.145	0.142	gain	FP	FP
chr9	41787455	41790213	2758	102	4	1	22	independent	independent	1-1	1-1	True	129	0.145	0.167	gain	FP	FP
chr9	41787455	41800163	12708	53	1	2	22	independent	independent	1-1	1-1	True	78	0.145	0.134	gain	FP	FP
chr9	41787455	41801129	13674	47	1	1	23	independent	independent	1-1	1-1	True	72	0.145	0.139	gain	FP	FP
chr9	41787455	41801288	13833	46	1	1	23	independent	independent	1-1	1-1	True	71	0.145	0.137	gain	FP	FP
chr9	41787455	41802610	15155	41	1	1	22	independent	independent	1-1	1-1	True	65	0.145	0.146	gain	FP	FP
chr9	41787852	41788031	179	150	3	1	21	independent	independent	1-1	1-1	True	175	0.124	0.142	gain	FP	FP
chr9	41787852	41788154	302	142	7	1	21	independent	independent	1-1	1-1	True	171	0.124	0.168	gain	FP	FP
chr9	41787852	41788301	449	141	3	1	20	independent	independent	1-1	1-1	True	165	0.124	0.143	gain	FP	FP
chr9	41787852	41788308	456	148	2	2	19	independent	independent	1-1	1-1	True	171	0.124	0.126	gain	FP	FP
chr9	41787852	41788547	695	142	2	2	18	independent	independent	1-1	1-1	True	164	0.124	0.124	gain	FP	FP
chr9	41787852	41788562	710	144	1	1	21	independent	independent	1-1	1-1	True	167	0.124	0.133	gain	FP	FP
chr9	41787852	41789153	1301	135	3	2	20	independent	independent	1-1	1-1	True	160	0.124	0.138	gain	FP	FP
chr9	41787852	41789347	1495	136	1	2	20	independent	independent	1-1	1-1	True	159	0.124	0.126	gain	FP	FP
chr9	41787852	41789410	1558	134	1	1	21	independent	independent	1-1	1-1	True	157	0.124	0.131	gain	FP	FP
chr9	41787852	41789468	1616	134	3	1	20	independent	independent	1-1	1-1	True	158	0.124	0.133	gain	FP	FP
chr9	41787852	41789512	1660	131	2	1	19	independent	independent	1-1	1-1	True	153	0.124	0.121	gain	FP	FP
chr9	41787852	41789576	1724	126	2	1	19	independent	independent	1-1	1-1	True	148	0.124	0.13	gain	FP	FP
chr9	41787852	41789728	1876	127	2	1	21	independent	independent	1-1	1-1	True	151	0.124	0.142	gain	FP	FP
chr9	41787852	41790213	2361	107	5	2	19	independent	independent	1-1	1-1	True	133	0.124	0.167	gain	FP	FP
chr9	41787852	41800163	12311	57	2	2	19	independent	independent	1-1	1-1	True	80	0.124	0.134	gain	FP	FP
chr9	41787852	41801129	13277	50	2	1	20	independent	independent	1-1	1-1	True	73	0.124	0.139	gain	FP	FP
chr9	41787852	41801288	13436	49	2	1	20	independent	independent	1-1	1-1	True	72	0.124	0.137	gain	FP	FP
chr9	41787852	41802466	14614	45	1	3	17	independent	independent	1-1	1-1	True	66	0.124	0.127	gain	FP	FP
chr9	41787852	41802512	14660	43	1	1	19	independent	independent	1-1	1-1	True	64	0.124	0.13	gain	FP	FP
chr9	41787852	41802610	14758	44	2	1	19	independent	independent	1-1	1-1	True	66	0.124	0.146	gain	FP	FP
chr9	41787852	41802977	15125	45	1	1	17	independent	independent	1-1	1-1	True	64	0.124	0.139	gain	FP	FP
chr9	41787852	41803151	15299	42	1	1	17	independent	independent	1-1	1-1	True	61	0.124	0.13	gain	FP	FP
chr9	41788031	41788154	123	147	5	1	25	independent	independent	1-1	1-1	True	178	0.142	0.168	gain	FP	FP
chr9	41788031	41789153	1122	139	1	2	24	independent	independent	1-1	1-1	True	166	0.142	0.138	gain	FP	FP
chr9	41788031	41789468	1437	138	1	1	24	independent	independent	1-1	1-1	True	164	0.142	0.133	gain	FP	FP
chr9	41788031	41790213	2182	110	4	2	23	independent	independent	1-1	1-1	True	139	0.142	0.167	gain	FP	FP
chr9	41788031	41800201	12170	55	2	1	22	independent	independent	1-1	1-1	True	80	0.142	0.14	gain	FP	FP
chr9	41788031	41800900	12869	51	1	1	18	independent	independent	1-1	1-1	True	71	0.142	0.153	gain	FP	FP
chr9	41788031	41802280	14249	45	1	1	22	independent	independent	1-1	1-1	True	69	0.142	0.156	gain	FP	FP
chr9	41788031	41802610	14579	45	1	2	22	independent	independent	1-1	1-1	True	70	0.142	0.146	gain	FP	FP
chr9	41788031	41802627	14596	43	1	1	23	independent	independent	1-1	1-1	True	68	0.142	0.156	gain	FP	FP
chr9	41788031	41802757	14726	44	1	1	19	independent	independent	1-1	1-1	True	65	0.142	0.136	gain	FP	FP
chr9	41788031	41804276	16245	39	2	1	19	independent	independent	1-1	1-1	True	61	0.142	0.142	gain	FP	FP
chr9	41788154	41788301	147	140	1	4	24	independent	independent	1-1	1-1	True	169	0.168	0.143	gain	FP	FP
chr9	41788154	41789153	999	133	1	6	24	independent	independent	1-1	1-1	True	164	0.168	0.138	gain	FP	FP
chr9	41788154	41789468	1314	132	1	5	24	independent	independent	1-1	1-1	True	162	0.168	0.133	gain	FP	FP
chr9	41788154	41790213	2059	109	4	2	23	independent	independent	1-1	1-1	True	138	0.168	0.167	gain	FP	FP
chr9	41788154	41800201	12047	56	1	1	22	independent	independent	1-1	1-1	True	80	0.168	0.14	gain	FP	FP
chr9	41788154	41800900	12746	50	1	1	18	independent	independent	1-1	1-1	True	70	0.168	0.153	gain	FP	FP
chr9	41788154	41802610	14456	45	1	1	22	independent	independent	1-1	1-1	True	69	0.168	0.146	gain	FP	FP
chr9	41788301	41789153	852	138	1	1	23	independent	independent	1-1	1-1	True	163	0.143	0.138	gain	FP	FP
chr9	41788301	41790213	1912	109	4	1	22	independent	independent	1-1	1-1	True	136	0.143	0.167	gain	FP	FP
chr9	41788308	41789153	845	146	2	1	22	independent	independent	1-1	1-1	True	171	0.126	0.138	gain	FP	FP
chr9	41788308	41789347	1039	146	1	2	21	independent	independent	1-1	1-1	True	170	0.126	0.126	gain	FP	FP
chr9	41788308	41789410	1102	144	1	1	22	independent	independent	1-1	1-1	True	168	0.126	0.131	gain	FP	FP
chr9	41788308	41790213	1905	115	5	1	21	independent	independent	1-1	1-1	True	142	0.126	0.167	gain	FP	FP
chr9	41788308	41800163	11855	61	1	2	21	independent	independent	1-1	1-1	True	85	0.126	0.134	gain	FP	FP
chr9	41788308	41800991	12683	54	1	1	22	independent	independent	1-1	1-1	True	78	0.126	0.137	gain	FP	FP
chr9	41788308	41801129	12821	54	1	1	22	independent	independent	1-1	1-1	True	78	0.126	0.139	gain	FP	FP
chr9	41788308	41801288	12980	53	1	1	22	independent	independent	1-1	1-1	True	77	0.126	0.137	gain	FP	FP
chr9	41788308	41802466	14158	48	1	2	19	independent	independent	1-1	1-1	True	70	0.126	0.127	gain	FP	FP
chr9	41788308	41802547	14239	48	1	1	19	independent	independent	1-1	1-1	True	69	0.126	0.123	gain	FP	FP
chr9	41788308	41803151	14843	45	1	1	18	independent	independent	1-1	1-1	True	65	0.126	0.13	gain	FP	FP
chr9	41788308	41804016	15708	43	1	1	14	independent	independent	1-1	1-1	True	59	0.126	0.121	gain	FP	FP
chr9	41788308	41804580	16272	42	1	1	15	independent	independent	1-1	1-1	True	59	0.126	0.11	gain	FP	FP
chr9	41788547	41789153	606	145	2	1	21	independent	independent	1-1	1-1	True	169	0.124	0.138	gain	FP	FP
chr9	41788547	41789347	800	145	1	2	20	independent	independent	1-1	1-1	True	168	0.124	0.126	gain	FP	FP
chr9	41788547	41789410	863	143	1	1	21	independent	independent	1-1	1-1	True	166	0.124	0.131	gain	FP	FP
chr9	41788547	41790213	1666	114	5	1	20	independent	independent	1-1	1-1	True	140	0.124	0.167	gain	FP	FP
chr9	41788547	41800163	11616	61	1	2	20	independent	independent	1-1	1-1	True	84	0.124	0.134	gain	FP	FP
chr9	41788547	41800991	12444	54	1	1	21	independent	independent	1-1	1-1	True	77	0.124	0.137	gain	FP	FP
chr9	41788547	41801129	12582	54	1	1	21	independent	independent	1-1	1-1	True	77	0.124	0.139	gain	FP	FP
chr9	41788547	41801288	12741	53	1	1	21	independent	independent	1-1	1-1	True	76	0.124	0.137	gain	FP	FP
chr9	41788547	41802466	13919	48	1	2	18	independent	independent	1-1	1-1	True	69	0.124	0.127	gain	FP	FP
chr9	41788547	41802512	13965	46	1	1	18	independent	independent	1-1	1-1	True	66	0.124	0.13	gain	FP	FP
chr9	41788547	41802547	14000	48	1	1	17	independent	independent	1-1	1-1	True	67	0.124	0.123	gain	FP	FP
chr9	41788547	41802610	14063	47	2	1	19	independent	independent	1-1	1-1	True	69	0.124	0.146	gain	FP	FP
chr9	41788547	41803151	14604	45	1	1	17	independent	independent	1-1	1-1	True	64	0.124	0.13	gain	FP	FP
chr9	41788547	41804016	15469	43	1	1	15	independent	independent	1-1	1-1	True	60	0.124	0.121	gain	FP	FP
chr9	41788547	41804580	16033	42	1	1	14	independent	independent	1-1	1-1	True	58	0.124	0.11	gain	FP	FP
chr9	41788562	41789153	591	147	1	1	23	independent	independent	1-1	1-1	True	172	0.133	0.138	gain	FP	FP
chr9	41788562	41790213	1651	116	4	1	22	independent	independent	1-1	1-1	True	143	0.133	0.167	gain	FP	FP
chr9	41788562	41802610	14048	47	1	1	22	independent	independent	1-1	1-1	True	71	0.133	0.146	gain	FP	FP
chr9	41789153	41789347	194	153	1	3	22	independent	independent	1-1	1-1	True	179	0.138	0.126	gain	FP	FP
chr9	41789153	41789410	257	150	1	2	23	independent	independent	1-1	1-1	True	176	0.138	0.131	gain	FP	FP
chr9	41789153	41789468	315	152	2	1	23	independent	independent	1-1	1-1	True	178	0.138	0.133	gain	FP	FP
chr9	41789153	41789512	359	149	1	1	21	independent	independent	1-1	1-1	True	172	0.138	0.121	gain	FP	FP
chr9	41789153	41789576	423	142	1	1	22	independent	independent	1-1	1-1	True	166	0.138	0.13	gain	FP	FP
chr9	41789153	41789594	441	141	1	1	21	independent	independent	1-1	1-1	True	164	0.138	0.125	gain	FP	FP
chr9	41789153	41789728	575	140	2	1	24	independent	independent	1-1	1-1	True	167	0.138	0.142	gain	FP	FP
chr9	41789153	41790213	1060	119	5	2	22	independent	independent	1-1	1-1	True	148	0.138	0.167	gain	FP	FP
chr9	41789153	41800163	11010	61	1	3	22	independent	independent	1-1	1-1	True	87	0.138	0.134	gain	FP	FP
chr9	41789153	41800201	11048	59	3	1	21	independent	independent	1-1	1-1	True	84	0.138	0.14	gain	FP	FP
chr9	41789153	41800600	11447	57	1	1	23	independent	independent	1-1	1-1	True	82	0.138	0.158	gain	FP	FP
chr9	41789153	41800900	11747	54	2	1	17	independent	independent	1-1	1-1	True	74	0.138	0.153	gain	FP	FP
chr9	41789153	41800945	11792	56	1	1	22	independent	independent	1-1	1-1	True	80	0.138	0.138	gain	FP	FP
chr9	41789153	41800968	11815	54	1	1	24	independent	independent	1-1	1-1	True	80	0.138	0.156	gain	FP	FP
chr9	41789153	41800991	11838	54	1	2	23	independent	independent	1-1	1-1	True	80	0.138	0.137	gain	FP	FP
chr9	41789153	41801129	11976	54	1	2	23	independent	independent	1-1	1-1	True	80	0.138	0.139	gain	FP	FP
chr9	41789153	41801288	12135	53	1	2	23	independent	independent	1-1	1-1	True	79	0.138	0.137	gain	FP	FP
chr9	41789153	41802280	13127	47	1	1	22	independent	independent	1-1	1-1	True	71	0.138	0.156	gain	FP	FP
chr9	41789153	41802610	13457	47	1	2	22	independent	independent	1-1	1-1	True	72	0.138	0.146	gain	FP	FP
chr9	41789153	41802627	13474	45	1	1	23	independent	independent	1-1	1-1	True	70	0.138	0.156	gain	FP	FP
chr9	41789153	41802757	13604	46	1	1	19	independent	independent	1-1	1-1	True	67	0.138	0.136	gain	FP	FP
chr9	41789153	41802977	13824	46	1	2	20	independent	independent	1-1	1-1	True	69	0.138	0.139	gain	FP	FP
chr9	41789153	41804276	15123	41	2	1	19	independent	independent	1-1	1-1	True	63	0.138	0.142	gain	FP	FP
chr9	41789347	41790213	866	122	6	1	21	independent	independent	1-1	1-1	True	150	0.126	0.167	gain	FP	FP
chr9	41789347	41800163	10816	62	2	2	21	independent	independent	1-1	1-1	True	87	0.126	0.134	gain	FP	FP
chr9	41789347	41801129	11782	55	2	1	22	independent	independent	1-1	1-1	True	80	0.126	0.139	gain	FP	FP
chr9	41789347	41801288	11941	54	2	1	22	independent	independent	1-1	1-1	True	79	0.126	0.137	gain	FP	FP
chr9	41789347	41802059	12712	50	1	1	19	independent	independent	1-1	1-1	True	71	0.126	0.12	gain	FP	FP
chr9	41789347	41802466	13119	49	1	3	19	independent	independent	1-1	1-1	True	72	0.126	0.127	gain	FP	FP
chr9	41789347	41802512	13165	47	1	1	20	independent	independent	1-1	1-1	True	69	0.126	0.13	gain	FP	FP
chr9	41789347	41802547	13200	48	1	1	19	independent	independent	1-1	1-1	True	69	0.126	0.123	gain	FP	FP
chr9	41789347	41802610	13263	48	2	1	21	independent	independent	1-1	1-1	True	72	0.126	0.146	gain	FP	FP
chr9	41789347	41802977	13630	47	2	1	19	independent	independent	1-1	1-1	True	69	0.126	0.139	gain	FP	FP
chr9	41789347	41803151	13804	46	1	1	19	independent	independent	1-1	1-1	True	67	0.126	0.13	gain	FP	FP
chr9	41789347	41804016	14669	44	1	1	15	independent	independent	1-1	1-1	True	61	0.126	0.121	gain	FP	FP
chr9	41789347	41804580	15233	43	1	1	16	independent	independent	1-1	1-1	True	61	0.126	0.11	gain	FP	FP
chr9	41789410	41790213	803	125	5	1	22	independent	independent	1-1	1-1	True	153	0.131	0.167	gain	FP	FP
chr9	41789410	41800163	10753	62	1	2	22	independent	independent	1-1	1-1	True	87	0.131	0.134	gain	FP	FP
chr9	41789410	41801129	11719	55	1	1	23	independent	independent	1-1	1-1	True	80	0.131	0.139	gain	FP	FP
chr9	41789410	41801288	11878	54	1	1	23	independent	independent	1-1	1-1	True	79	0.131	0.137	gain	FP	FP
chr9	41789410	41802610	13200	48	1	1	22	independent	independent	1-1	1-1	True	72	0.131	0.146	gain	FP	FP
chr9	41789410	41802977	13567	47	1	1	20	independent	independent	1-1	1-1	True	69	0.131	0.139	gain	FP	FP
chr9	41789468	41789728	260	150	1	1	24	independent	independent	1-1	1-1	True	176	0.133	0.142	gain	FP	FP
chr9	41789468	41790213	745	126	4	1	23	independent	independent	1-1	1-1	True	154	0.133	0.167	gain	FP	FP
chr9	41789468	41802610	13142	49	1	1	21	independent	independent	1-1	1-1	True	72	0.133	0.146	gain	FP	FP
chr9	41789468	41802977	13509	48	1	1	19	independent	independent	1-1	1-1	True	69	0.133	0.139	gain	FP	FP
chr9	41789512	41790213	701	127	4	1	20	independent	independent	1-1	1-1	True	152	0.121	0.167	gain	FP	FP
chr9	41789512	41802610	13098	49	1	1	19	independent	independent	1-1	1-1	True	70	0.121	0.146	gain	FP	FP
chr9	41789512	41802977	13465	48	1	1	17	independent	independent	1-1	1-1	True	67	0.121	0.139	gain	FP	FP
chr9	41789576	41790213	637	125	4	1	21	independent	independent	1-1	1-1	True	151	0.13	0.167	gain	FP	FP
chr9	41789576	41802610	13034	50	1	1	20	independent	independent	1-1	1-1	True	72	0.13	0.146	gain	FP	FP
chr9	41789576	41802977	13401	49	1	1	19	independent	independent	1-1	1-1	True	70	0.13	0.139	gain	FP	FP
chr9	41789594	41790213	619	124	4	1	20	independent	independent	1-1	1-1	True	149	0.125	0.167	gain	FP	FP
chr9	41789594	41802610	13016	51	1	1	19	independent	independent	1-1	1-1	True	72	0.125	0.146	gain	FP	FP
chr9	41789594	41802977	13383	50	1	1	18	independent	independent	1-1	1-1	True	70	0.125	0.139	gain	FP	FP
chr9	41789728	41790213	485	131	4	2	23	independent	independent	1-1	1-1	True	160	0.142	0.167	gain	FP	FP
chr9	41789728	41800201	10473	63	2	1	22	independent	independent	1-1	1-1	True	88	0.142	0.14	gain	FP	FP
chr9	41789728	41800900	11172	58	2	1	18	independent	independent	1-1	1-1	True	79	0.142	0.153	gain	FP	FP
chr9	41789728	41800968	11240	58	1	1	25	independent	independent	1-1	1-1	True	85	0.142	0.156	gain	FP	FP
chr9	41789728	41802280	12552	52	1	1	22	independent	independent	1-1	1-1	True	76	0.142	0.156	gain	FP	FP
chr9	41789728	41802610	12882	52	1	2	22	independent	independent	1-1	1-1	True	77	0.142	0.146	gain	FP	FP
chr9	41789728	41802627	12899	50	1	1	23	independent	independent	1-1	1-1	True	75	0.142	0.156	gain	FP	FP
chr9	41789728	41802757	13029	51	1	1	19	independent	independent	1-1	1-1	True	72	0.142	0.136	gain	FP	FP
chr9	41789728	41804276	14548	45	3	1	19	independent	independent	1-1	1-1	True	68	0.142	0.142	gain	FP	FP
chr9	41790213	41800163	9950	62	1	5	22	independent	independent	1-1	1-1	True	90	0.167	0.134	gain	FP	FP
chr9	41790213	41800201	9988	61	2	2	21	independent	independent	1-1	1-1	True	86	0.167	0.14	gain	FP	FP
chr9	41790213	41800600	10387	58	1	3	23	independent	independent	1-1	1-1	True	85	0.167	0.158	gain	FP	FP
chr9	41790213	41800900	10687	56	1	3	18	independent	independent	1-1	1-1	True	78	0.167	0.153	gain	FP	FP
chr9	41790213	41800945	10732	57	1	4	21	independent	independent	1-1	1-1	True	83	0.167	0.138	gain	FP	FP
chr9	41790213	41800968	10755	55	2	3	24	independent	independent	1-1	1-1	True	84	0.167	0.156	gain	FP	FP
chr9	41790213	41800991	10778	55	1	5	22	independent	independent	1-1	1-1	True	83	0.167	0.137	gain	FP	FP
chr9	41790213	41801129	10916	55	1	4	23	independent	independent	1-1	1-1	True	83	0.167	0.139	gain	FP	FP
chr9	41790213	41801288	11075	54	1	4	23	independent	independent	1-1	1-1	True	82	0.167	0.137	gain	FP	FP
chr9	41790213	41801692	11479	52	1	2	22	independent	independent	1-1	1-1	True	77	0.167	0.132	gain	FP	FP
chr9	41790213	41802059	11846	51	1	3	19	independent	independent	1-1	1-1	True	74	0.167	0.12	gain	FP	FP
chr9	41790213	41802249	12036	51	1	2	22	independent	independent	1-1	1-1	True	76	0.167	0.131	gain	FP	FP
chr9	41790213	41802280	12067	50	2	1	21	independent	independent	1-1	1-1	True	74	0.167	0.156	gain	FP	FP
chr9	41790213	41802377	12164	50	1	2	22	independent	independent	1-1	1-1	True	75	0.167	0.137	gain	FP	FP
chr9	41790213	41802466	12253	50	1	5	19	independent	independent	1-1	1-1	True	75	0.167	0.127	gain	FP	FP
chr9	41790213	41802512	12299	48	1	3	20	independent	independent	1-1	1-1	True	72	0.167	0.13	gain	FP	FP
chr9	41790213	41802547	12334	49	1	3	19	independent	independent	1-1	1-1	True	72	0.167	0.123	gain	FP	FP
chr9	41790213	41802610	12397	49	2	3	21	independent	independent	1-1	1-1	True	75	0.167	0.146	gain	FP	FP
chr9	41790213	41802627	12414	47	2	2	22	independent	independent	1-1	1-1	True	73	0.167	0.156	gain	FP	FP
chr9	41790213	41802757	12544	48	2	2	18	independent	independent	1-1	1-1	True	70	0.167	0.136	gain	FP	FP
chr9	41790213	41802977	12764	47	2	3	19	independent	independent	1-1	1-1	True	71	0.167	0.139	gain	FP	FP
chr9	41790213	41803018	12805	49	1	2	20	independent	independent	1-1	1-1	True	72	0.167	0.135	gain	FP	FP
chr9	41790213	41803328	13115	46	1	3	19	independent	independent	1-1	1-1	True	69	0.167	0.131	gain	FP	FP
chr9	41790213	41803710	13497	45	1	2	19	independent	independent	1-1	1-1	True	67	0.167	0.127	gain	FP	FP
chr9	41790213	41803728	13515	45	1	2	19	independent	independent	1-1	1-1	True	67	0.167	0.132	gain	FP	FP
chr9	41790213	41804016	13803	44	1	3	15	independent	independent	1-1	1-1	True	63	0.167	0.121	gain	FP	FP
chr9	41790213	41804276	14063	42	3	2	18	independent	independent	1-1	1-1	True	65	0.167	0.142	gain	FP	FP
chr9	41790213	41804318	14105	42	1	2	17	independent	independent	1-1	1-1	True	62	0.167	0.124	gain	FP	FP
chr9	41790213	41804336	14123	43	1	2	18	independent	independent	1-1	1-1	True	64	0.167	0.124	gain	FP	FP
chr9	41790213	41804355	14142	43	1	2	18	independent	independent	1-1	1-1	True	64	0.167	0.139	gain	FP	FP
chr9	41790213	41804488	14275	43	1	2	18	independent	independent	1-1	1-1	True	64	0.167	0.128	gain	FP	FP
chr9	41790213	41804521	14308	43	1	2	18	independent	independent	1-1	1-1	True	64	0.167	0.127	gain	FP	FP
chr9	41790213	41804532	14319	43	1	2	18	independent	independent	1-1	1-1	True	64	0.167	0.129	gain	FP	FP
chr9	41790213	41804580	14367	43	1	3	15	independent	independent	1-1	1-1	True	62	0.167	0.11	gain	FP	FP
chr9	41790213	41804669	14456	43	1	2	18	independent	independent	1-1	1-1	True	64	0.167	0.117	gain	FP	FP
chr9	41800163	41800945	782	164	3	1	25	independent	independent	1-1	1-1	True	193	0.134	0.138	gain	FP	FP
chr9	41800163	41800991	828	161	2	2	26	independent	independent	1-1	1-1	True	191	0.134	0.137	gain	FP	FP
chr9	41800163	41801129	966	159	3	2	26	independent	independent	1-1	1-1	True	190	0.134	0.139	gain	FP	FP
chr9	41800163	41801288	1125	157	3	2	26	independent	independent	1-1	1-1	True	188	0.134	0.137	gain	FP	FP
chr9	41800163	41801701	1538	151	3	1	24	independent	independent	1-1	1-1	True	179	0.134	0.13	gain	FP	FP
chr9	41800163	41802059	1896	148	1	1	23	independent	independent	1-1	1-1	True	173	0.134	0.12	gain	FP	FP
chr9	41800163	41802466	2303	144	3	3	23	independent	independent	1-1	1-1	True	173	0.134	0.127	gain	FP	FP
chr9	41800163	41802512	2349	140	3	1	23	independent	independent	1-1	1-1	True	167	0.134	0.13	gain	FP	FP
chr9	41800163	41802547	2384	144	1	1	24	independent	independent	1-1	1-1	True	170	0.134	0.123	gain	FP	FP
chr9	41800163	41802610	2447	143	4	1	25	independent	independent	1-1	1-1	True	173	0.134	0.146	gain	FP	FP
chr9	41800163	41802977	2814	135	3	1	24	independent	independent	1-1	1-1	True	163	0.134	0.139	gain	FP	FP
chr9	41800163	41803151	2988	131	1	1	24	independent	independent	1-1	1-1	True	157	0.134	0.13	gain	FP	FP
chr9	41800163	41803328	3165	133	2	1	24	independent	independent	1-1	1-1	True	160	0.134	0.131	gain	FP	FP
chr9	41800163	41803710	3547	132	2	1	23	independent	independent	1-1	1-1	True	158	0.134	0.127	gain	FP	FP
chr9	41800163	41804016	3853	129	3	1	20	independent	independent	1-1	1-1	True	153	0.134	0.121	gain	FP	FP
chr9	41800163	41804580	4417	126	1	1	19	independent	independent	1-1	1-1	True	147	0.134	0.11	gain	FP	FP
chr9	41800163	41804669	4506	125	2	1	22	independent	independent	1-1	1-1	True	150	0.134	0.117	gain	FP	FP
chr9	41800201	41800600	399	161	2	4	23	independent	independent	1-1	1-1	True	190	0.14	0.158	gain	FP	FP
chr9	41800201	41800900	699	153	6	3	17	independent	independent	1-1	1-1	True	179	0.14	0.153	gain	FP	FP
chr9	41800201	41800945	744	159	1	3	22	independent	independent	1-1	1-1	True	185	0.14	0.138	gain	FP	FP
chr9	41800201	41800968	767	156	2	3	24	independent	independent	1-1	1-1	True	185	0.14	0.156	gain	FP	FP
chr9	41800201	41801129	928	153	1	4	23	independent	independent	1-1	1-1	True	181	0.14	0.139	gain	FP	FP
chr9	41800201	41801288	1087	152	1	4	23	independent	independent	1-1	1-1	True	180	0.14	0.137	gain	FP	FP
chr9	41800201	41801701	1500	146	1	3	22	independent	independent	1-1	1-1	True	172	0.14	0.13	gain	FP	FP
chr9	41800201	41802280	2079	137	4	2	22	independent	independent	1-1	1-1	True	165	0.14	0.156	gain	FP	FP
chr9	41800201	41802377	2176	140	1	3	23	independent	independent	1-1	1-1	True	167	0.14	0.137	gain	FP	FP
chr9	41800201	41802466	2265	138	1	5	21	independent	independent	1-1	1-1	True	165	0.14	0.127	gain	FP	FP
chr9	41800201	41802512	2311	135	1	4	21	independent	independent	1-1	1-1	True	161	0.14	0.13	gain	FP	FP
chr9	41800201	41802610	2409	137	2	4	22	independent	independent	1-1	1-1	True	165	0.14	0.146	gain	FP	FP
chr9	41800201	41802627	2426	135	2	3	23	independent	independent	1-1	1-1	True	163	0.14	0.156	gain	FP	FP
chr9	41800201	41802757	2556	132	2	3	19	independent	independent	1-1	1-1	True	156	0.14	0.136	gain	FP	FP
chr9	41800201	41802977	2776	129	2	4	20	independent	independent	1-1	1-1	True	155	0.14	0.139	gain	FP	FP
chr9	41800201	41803328	3127	127	1	3	21	independent	independent	1-1	1-1	True	152	0.14	0.131	gain	FP	FP
chr9	41800201	41803710	3509	126	1	3	20	independent	independent	1-1	1-1	True	150	0.14	0.127	gain	FP	FP
chr9	41800201	41803728	3527	126	1	3	20	independent	independent	1-1	1-1	True	150	0.14	0.132	gain	FP	FP
chr9	41800201	41804016	3815	123	2	4	17	independent	independent	1-1	1-1	True	146	0.14	0.121	gain	FP	FP
chr9	41800201	41804276	4075	120	4	3	19	independent	independent	1-1	1-1	True	146	0.14	0.142	gain	FP	FP
chr9	41800201	41804318	4117	121	1	3	18	independent	independent	1-1	1-1	True	143	0.14	0.124	gain	FP	FP
chr9	41800201	41804336	4135	121	1	3	19	independent	independent	1-1	1-1	True	144	0.14	0.124	gain	FP	FP
chr9	41800201	41804355	4154	120	2	3	19	independent	independent	1-1	1-1	True	144	0.14	0.139	gain	FP	FP
chr9	41800201	41804488	4287	120	1	3	19	independent	independent	1-1	1-1	True	143	0.14	0.128	gain	FP	FP
chr9	41800201	41804521	4320	120	1	3	19	independent	independent	1-1	1-1	True	143	0.14	0.127	gain	FP	FP
chr9	41800201	41804532	4331	119	1	3	19	independent	independent	1-1	1-1	True	142	0.14	0.129	gain	FP	FP
chr9	41800201	41804580	4379	120	1	4	16	independent	independent	1-1	1-1	True	141	0.14	0.11	gain	FP	FP
chr9	41800201	41804669	4468	119	1	3	19	independent	independent	1-1	1-1	True	142	0.14	0.117	gain	FP	FP
chr9	41800600	41800900	300	161	6	1	23	independent	independent	1-1	1-1	True	191	0.158	0.153	gain	FP	FP
chr9	41800600	41800945	345	167	1	2	27	independent	independent	1-1	1-1	True	197	0.158	0.138	gain	FP	FP
chr9	41800600	41800968	368	164	1	2	30	independent	independent	1-1	1-1	True	197	0.158	0.156	gain	FP	FP
chr9	41800600	41802280	1680	144	4	1	26	independent	independent	1-1	1-1	True	175	0.158	0.156	gain	FP	FP
chr9	41800600	41802610	2010	145	1	1	28	independent	independent	1-1	1-1	True	175	0.158	0.146	gain	FP	FP
chr9	41800600	41802627	2027	143	1	1	28	independent	independent	1-1	1-1	True	173	0.158	0.156	gain	FP	FP
chr9	41800600	41802757	2157	139	2	1	24	independent	independent	1-1	1-1	True	166	0.158	0.136	gain	FP	FP
chr9	41800600	41802977	2377	137	1	2	25	independent	independent	1-1	1-1	True	165	0.158	0.139	gain	FP	FP
chr9	41800600	41804016	3416	131	1	2	21	independent	independent	1-1	1-1	True	155	0.158	0.121	gain	FP	FP
chr9	41800600	41804276	3676	128	3	1	24	independent	independent	1-1	1-1	True	156	0.158	0.142	gain	FP	FP
chr9	41800600	41804355	3755	128	1	1	24	independent	independent	1-1	1-1	True	154	0.158	0.139	gain	FP	FP
chr9	41800900	41800945	45	164	1	8	19	independent	independent	1-1	1-1	True	192	0.153	0.138	gain	FP	FP
chr9	41800900	41800968	68	161	1	6	23	independent	independent	1-1	1-1	True	191	0.153	0.156	gain	FP	FP
chr9	41800900	41802280	1380	139	5	7	19	independent	independent	1-1	1-1	True	170	0.153	0.156	gain	FP	FP
chr9	41800900	41802610	1710	140	2	7	20	independent	independent	1-1	1-1	True	169	0.153	0.146	gain	FP	FP
chr9	41800900	41802627	1727	139	1	7	20	independent	independent	1-1	1-1	True	167	0.153	0.156	gain	FP	FP
chr9	41800900	41802757	1857	135	2	7	16	independent	independent	1-1	1-1	True	160	0.153	0.136	gain	FP	FP
chr9	41800900	41802977	2077	134	1	7	18	independent	independent	1-1	1-1	True	160	0.153	0.139	gain	FP	FP
chr9	41800900	41804276	3376	124	2	6	18	independent	independent	1-1	1-1	True	150	0.153	0.142	gain	FP	FP
chr9	41800900	41804355	3455	122	2	7	17	independent	independent	1-1	1-1	True	148	0.153	0.139	gain	FP	FP
chr9	41800945	41800968	23	168	2	2	26	independent	independent	1-1	1-1	True	198	0.138	0.156	gain	FP	FP
chr9	41800945	41801129	184	167	1	2	26	independent	independent	1-1	1-1	True	196	0.138	0.139	gain	FP	FP
chr9	41800945	41801288	343	166	1	2	26	independent	independent	1-1	1-1	True	195	0.138	0.137	gain	FP	FP
chr9	41800945	41801692	747	160	1	1	24	independent	independent	1-1	1-1	True	186	0.138	0.132	gain	FP	FP
chr9	41800945	41802059	1114	156	1	2	21	independent	independent	1-1	1-1	True	180	0.138	0.12	gain	FP	FP
chr9	41800945	41802249	1304	154	1	1	24	independent	independent	1-1	1-1	True	180	0.138	0.131	gain	FP	FP
chr9	41800945	41802377	1432	153	1	1	25	independent	independent	1-1	1-1	True	180	0.138	0.137	gain	FP	FP
chr9	41800945	41802466	1521	151	1	4	22	independent	independent	1-1	1-1	True	178	0.138	0.127	gain	FP	FP
chr9	41800945	41802512	1567	147	1	2	24	independent	independent	1-1	1-1	True	174	0.138	0.13	gain	FP	FP
chr9	41800945	41802547	1602	150	1	3	21	independent	independent	1-1	1-1	True	175	0.138	0.123	gain	FP	FP
chr9	41800945	41802610	1665	149	3	2	24	independent	independent	1-1	1-1	True	178	0.138	0.146	gain	FP	FP
chr9	41800945	41802627	1682	148	2	1	25	independent	independent	1-1	1-1	True	176	0.138	0.156	gain	FP	FP
chr9	41800945	41802757	1812	144	3	1	22	independent	independent	1-1	1-1	True	170	0.138	0.136	gain	FP	FP
chr9	41800945	41802977	2032	142	2	2	22	independent	independent	1-1	1-1	True	168	0.138	0.139	gain	FP	FP
chr9	41800945	41803018	2073	144	1	2	22	independent	independent	1-1	1-1	True	169	0.138	0.135	gain	FP	FP
chr9	41800945	41803150	2205	142	1	1	21	independent	independent	1-1	1-1	True	165	0.138	0.127	gain	FP	FP
chr9	41800945	41803151	2206	137	1	3	21	independent	independent	1-1	1-1	True	162	0.138	0.13	gain	FP	FP
chr9	41800945	41803710	2765	138	1	2	21	independent	independent	1-1	1-1	True	162	0.138	0.127	gain	FP	FP
chr9	41800945	41803728	2783	138	1	1	22	independent	independent	1-1	1-1	True	162	0.138	0.132	gain	FP	FP
chr9	41800945	41804016	3071	135	2	1	19	independent	independent	1-1	1-1	True	157	0.138	0.121	gain	FP	FP
chr9	41800945	41804276	3331	132	4	1	21	independent	independent	1-1	1-1	True	158	0.138	0.142	gain	FP	FP
chr9	41800945	41804318	3373	133	1	1	21	independent	independent	1-1	1-1	True	156	0.138	0.124	gain	FP	FP
chr9	41800945	41804336	3391	133	1	1	21	independent	independent	1-1	1-1	True	156	0.138	0.124	gain	FP	FP
chr9	41800945	41804355	3410	131	3	1	21	independent	independent	1-1	1-1	True	156	0.138	0.139	gain	FP	FP
chr9	41800945	41804488	3543	131	1	1	21	independent	independent	1-1	1-1	True	154	0.138	0.128	gain	FP	FP
chr9	41800945	41804521	3576	131	1	1	21	independent	independent	1-1	1-1	True	154	0.138	0.127	gain	FP	FP
chr9	41800945	41804532	3587	130	1	1	21	independent	independent	1-1	1-1	True	153	0.138	0.129	gain	FP	FP
chr9	41800945	41804669	3724	130	1	1	21	independent	independent	1-1	1-1	True	153	0.138	0.117	gain	FP	FP
chr9	41800968	41801129	161	167	1	3	28	independent	independent	1-1	1-1	True	199	0.156	0.139	gain	FP	FP
chr9	41800968	41801288	320	165	1	4	28	independent	independent	1-1	1-1	True	198	0.156	0.137	gain	FP	FP
chr9	41800968	41801701	733	155	1	2	26	independent	independent	1-1	1-1	True	184	0.156	0.13	gain	FP	FP
chr9	41800968	41802280	1312	146	7	1	26	independent	independent	1-1	1-1	True	180	0.156	0.156	gain	FP	FP
chr9	41800968	41802377	1409	152	1	1	28	independent	independent	1-1	1-1	True	182	0.156	0.137	gain	FP	FP
chr9	41800968	41802466	1498	150	1	4	25	independent	independent	1-1	1-1	True	180	0.156	0.127	gain	FP	FP
chr9	41800968	41802512	1544	146	1	2	25	independent	independent	1-1	1-1	True	174	0.156	0.13	gain	FP	FP
chr9	41800968	41802610	1642	148	3	2	27	independent	independent	1-1	1-1	True	180	0.156	0.146	gain	FP	FP
chr9	41800968	41802627	1659	145	4	1	28	independent	independent	1-1	1-1	True	178	0.156	0.156	gain	FP	FP
chr9	41800968	41802757	1789	143	3	1	24	independent	independent	1-1	1-1	True	171	0.156	0.136	gain	FP	FP
chr9	41800968	41802977	2009	141	2	2	25	independent	independent	1-1	1-1	True	170	0.156	0.139	gain	FP	FP
chr9	41800968	41803328	2360	139	1	2	25	independent	independent	1-1	1-1	True	167	0.156	0.131	gain	FP	FP
chr9	41800968	41803710	2742	137	1	2	24	independent	independent	1-1	1-1	True	164	0.156	0.127	gain	FP	FP
chr9	41800968	41803728	2760	137	1	1	25	independent	independent	1-1	1-1	True	164	0.156	0.132	gain	FP	FP
chr9	41800968	41804016	3048	134	2	2	21	independent	independent	1-1	1-1	True	159	0.156	0.121	gain	FP	FP
chr9	41800968	41804276	3308	132	3	1	24	independent	independent	1-1	1-1	True	160	0.156	0.142	gain	FP	FP
chr9	41800968	41804318	3350	132	1	1	23	independent	independent	1-1	1-1	True	157	0.156	0.124	gain	FP	FP
chr9	41800968	41804336	3368	132	1	1	23	independent	independent	1-1	1-1	True	157	0.156	0.124	gain	FP	FP
chr9	41800968	41804355	3387	131	2	1	24	independent	independent	1-1	1-1	True	158	0.156	0.139	gain	FP	FP
chr9	41800968	41804488	3520	130	1	1	24	independent	independent	1-1	1-1	True	156	0.156	0.128	gain	FP	FP
chr9	41800968	41804521	3553	130	1	1	24	independent	independent	1-1	1-1	True	156	0.156	0.127	gain	FP	FP
chr9	41800968	41804532	3564	128	1	1	24	independent	independent	1-1	1-1	True	154	0.156	0.129	gain	FP	FP
chr9	41800968	41804580	3612	130	1	2	19	independent	independent	1-1	1-1	True	152	0.156	0.11	gain	FP	FP
chr9	41800968	41804669	3701	129	1	2	23	independent	independent	1-1	1-1	True	155	0.156	0.117	gain	FP	FP
chr9	41800991	41801129	138	167	3	2	26	independent	independent	1-1	1-1	True	198	0.137	0.139	gain	FP	FP
chr9	41800991	41801288	297	167	3	2	26	independent	independent	1-1	1-1	True	198	0.137	0.137	gain	FP	FP
chr9	41800991	41801701	710	157	2	1	25	independent	independent	1-1	1-1	True	185	0.137	0.13	gain	FP	FP
chr9	41800991	41802059	1068	157	1	1	23	independent	independent	1-1	1-1	True	182	0.137	0.12	gain	FP	FP
chr9	41800991	41802466	1475	151	2	3	24	independent	independent	1-1	1-1	True	180	0.137	0.127	gain	FP	FP
chr9	41800991	41802512	1521	147	2	1	24	independent	independent	1-1	1-1	True	174	0.137	0.13	gain	FP	FP
chr9	41800991	41802547	1556	151	1	1	24	independent	independent	1-1	1-1	True	177	0.137	0.123	gain	FP	FP
chr9	41800991	41802610	1619	149	4	1	26	independent	independent	1-1	1-1	True	180	0.137	0.146	gain	FP	FP
chr9	41800991	41802977	1986	142	3	1	24	independent	independent	1-1	1-1	True	170	0.137	0.139	gain	FP	FP
chr9	41800991	41803151	2160	138	1	1	24	independent	independent	1-1	1-1	True	164	0.137	0.13	gain	FP	FP
chr9	41800991	41803710	2719	138	2	1	23	independent	independent	1-1	1-1	True	164	0.137	0.127	gain	FP	FP
chr9	41800991	41804016	3025	136	2	1	20	independent	independent	1-1	1-1	True	159	0.137	0.121	gain	FP	FP
chr9	41800991	41804580	3589	131	1	1	19	independent	independent	1-1	1-1	True	152	0.137	0.11	gain	FP	FP
chr9	41800991	41804669	3678	130	2	1	22	independent	independent	1-1	1-1	True	155	0.137	0.117	gain	FP	FP
chr9	41801129	41801288	159	174	1	1	28	independent	independent	1-1	1-1	True	204	0.139	0.137	gain	FP	FP
chr9	41801129	41802059	930	163	1	1	23	independent	independent	1-1	1-1	True	188	0.139	0.12	gain	FP	FP
chr9	41801129	41802466	1337	156	2	3	24	independent	independent	1-1	1-1	True	185	0.139	0.127	gain	FP	FP
chr9	41801129	41802512	1383	152	1	1	25	independent	independent	1-1	1-1	True	179	0.139	0.13	gain	FP	FP
chr9	41801129	41802547	1418	155	2	2	23	independent	independent	1-1	1-1	True	182	0.139	0.123	gain	FP	FP
chr9	41801129	41802610	1481	154	4	1	26	independent	independent	1-1	1-1	True	185	0.139	0.146	gain	FP	FP
chr9	41801129	41802977	1848	147	3	1	24	independent	independent	1-1	1-1	True	175	0.139	0.139	gain	FP	FP
chr9	41801129	41803018	1889	149	2	1	24	independent	independent	1-1	1-1	True	176	0.139	0.135	gain	FP	FP
chr9	41801129	41803151	2022	141	2	2	23	independent	independent	1-1	1-1	True	168	0.139	0.13	gain	FP	FP
chr9	41801129	41803328	2199	144	2	1	24	independent	independent	1-1	1-1	True	171	0.139	0.131	gain	FP	FP
chr9	41801129	41803710	2581	142	2	1	23	independent	independent	1-1	1-1	True	168	0.139	0.127	gain	FP	FP
chr9	41801129	41804016	2887	139	3	1	20	independent	independent	1-1	1-1	True	163	0.139	0.121	gain	FP	FP
chr9	41801129	41804580	3451	134	1	1	19	independent	independent	1-1	1-1	True	155	0.139	0.11	gain	FP	FP
chr9	41801288	41802059	771	168	1	1	23	independent	independent	1-1	1-1	True	193	0.137	0.12	gain	FP	FP
chr9	41801288	41802466	1178	160	2	3	24	independent	independent	1-1	1-1	True	189	0.137	0.127	gain	FP	FP
chr9	41801288	41802512	1224	156	1	1	25	independent	independent	1-1	1-1	True	183	0.137	0.13	gain	FP	FP
chr9	41801288	41802547	1259	159	2	2	23	independent	independent	1-1	1-1	True	186	0.137	0.123	gain	FP	FP
chr9	41801288	41802610	1322	158	4	1	26	independent	independent	1-1	1-1	True	189	0.137	0.146	gain	FP	FP
chr9	41801288	41802977	1689	151	3	1	24	independent	independent	1-1	1-1	True	179	0.137	0.139	gain	FP	FP
chr9	41801288	41803018	1730	153	2	1	24	independent	independent	1-1	1-1	True	180	0.137	0.135	gain	FP	FP
chr9	41801288	41803151	1863	145	2	2	23	independent	independent	1-1	1-1	True	172	0.137	0.13	gain	FP	FP
chr9	41801288	41803328	2040	148	2	1	24	independent	independent	1-1	1-1	True	175	0.137	0.131	gain	FP	FP
chr9	41801288	41803710	2422	146	2	1	23	independent	independent	1-1	1-1	True	172	0.137	0.127	gain	FP	FP
chr9	41801288	41804016	2728	143	3	1	20	independent	independent	1-1	1-1	True	167	0.137	0.121	gain	FP	FP
chr9	41801288	41804580	3292	138	1	1	19	independent	independent	1-1	1-1	True	159	0.137	0.11	gain	FP	FP
chr9	41801692	41802059	367	178	1	1	24	independent	independent	1-1	1-1	True	204	0.132	0.12	gain	FP	FP
chr9	41801692	41802610	918	166	2	1	27	independent	independent	1-1	1-1	True	196	0.132	0.146	gain	FP	FP
chr9	41801692	41802977	1285	157	1	1	25	independent	independent	1-1	1-1	True	184	0.132	0.139	gain	FP	FP
chr9	41801692	41804016	2324	149	1	1	21	independent	independent	1-1	1-1	True	172	0.132	0.121	gain	FP	FP
chr9	41801701	41802059	358	175	1	1	23	independent	independent	1-1	1-1	True	200	0.13	0.12	gain	FP	FP
chr9	41801701	41802466	765	167	1	3	24	independent	independent	1-1	1-1	True	195	0.13	0.127	gain	FP	FP
chr9	41801701	41802547	846	165	1	2	23	independent	independent	1-1	1-1	True	191	0.13	0.123	gain	FP	FP
chr9	41801701	41802610	909	164	2	1	26	independent	independent	1-1	1-1	True	193	0.13	0.146	gain	FP	FP
chr9	41801701	41802977	1276	154	2	1	24	independent	independent	1-1	1-1	True	181	0.13	0.139	gain	FP	FP
chr9	41801701	41803018	1317	157	1	1	24	independent	independent	1-1	1-1	True	183	0.13	0.135	gain	FP	FP
chr9	41801701	41803151	1450	148	1	1	24	independent	independent	1-1	1-1	True	174	0.13	0.13	gain	FP	FP
chr9	41801701	41803328	1627	151	1	1	24	independent	independent	1-1	1-1	True	177	0.13	0.131	gain	FP	FP
chr9	41801701	41803710	2009	149	1	1	23	independent	independent	1-1	1-1	True	174	0.13	0.127	gain	FP	FP
chr9	41801701	41804016	2315	146	2	1	20	independent	independent	1-1	1-1	True	169	0.13	0.121	gain	FP	FP
chr9	41802059	41802249	190	178	1	1	24	independent	independent	1-1	1-1	True	204	0.12	0.131	gain	FP	FP
chr9	41802059	41802280	221	171	7	1	22	independent	independent	1-1	1-1	True	201	0.12	0.156	gain	FP	FP
chr9	41802059	41802466	407	173	1	3	21	independent	independent	1-1	1-1	True	198	0.12	0.127	gain	FP	FP
chr9	41802059	41802512	453	168	1	1	22	independent	independent	1-1	1-1	True	192	0.12	0.13	gain	FP	FP
chr9	41802059	41802547	488	171	1	1	22	independent	independent	1-1	1-1	True	195	0.12	0.123	gain	FP	FP
chr9	41802059	41802610	551	169	3	1	23	independent	independent	1-1	1-1	True	196	0.12	0.146	gain	FP	FP
chr9	41802059	41803151	1092	153	1	1	22	independent	independent	1-1	1-1	True	177	0.12	0.13	gain	FP	FP
chr9	41802059	41803328	1269	156	1	1	22	independent	independent	1-1	1-1	True	180	0.12	0.131	gain	FP	FP
chr9	41802059	41803710	1651	154	1	1	21	independent	independent	1-1	1-1	True	177	0.12	0.127	gain	FP	FP
chr9	41802059	41804016	1957	150	2	1	18	independent	independent	1-1	1-1	True	171	0.12	0.121	gain	FP	FP
chr9	41802059	41804580	2521	144	1	1	17	independent	independent	1-1	1-1	True	163	0.12	0.11	gain	FP	FP
chr9	41802249	41802610	361	172	2	1	27	independent	independent	1-1	1-1	True	202	0.131	0.146	gain	FP	FP
chr9	41802249	41802977	728	163	1	1	25	independent	independent	1-1	1-1	True	190	0.131	0.139	gain	FP	FP
chr9	41802249	41804016	1767	151	1	1	21	independent	independent	1-1	1-1	True	174	0.131	0.121	gain	FP	FP
chr9	41802280	41802610	330	169	1	6	27	independent	independent	1-1	1-1	True	203	0.156	0.146	gain	FP	FP
chr9	41802280	41802627	347	166	2	5	28	independent	independent	1-1	1-1	True	201	0.156	0.156	gain	FP	FP
chr9	41802280	41802757	477	161	2	6	23	independent	independent	1-1	1-1	True	192	0.156	0.136	gain	FP	FP
chr9	41802280	41802977	697	159	1	7	24	independent	independent	1-1	1-1	True	191	0.156	0.139	gain	FP	FP
chr9	41802280	41804016	1736	148	1	6	20	independent	independent	1-1	1-1	True	175	0.156	0.121	gain	FP	FP
chr9	41802280	41804276	1996	144	3	5	23	independent	independent	1-1	1-1	True	175	0.156	0.142	gain	FP	FP
chr9	41802280	41804355	2075	143	2	5	23	independent	independent	1-1	1-1	True	173	0.156	0.139	gain	FP	FP
chr9	41802377	41802610	233	176	2	1	28	independent	independent	1-1	1-1	True	207	0.137	0.146	gain	FP	FP
chr9	41802377	41802977	600	167	1	1	26	independent	independent	1-1	1-1	True	195	0.137	0.139	gain	FP	FP
chr9	41802377	41804016	1639	155	1	1	22	independent	independent	1-1	1-1	True	179	0.137	0.121	gain	FP	FP
chr9	41802466	41802547	81	180	2	2	24	independent	independent	1-1	1-1	True	208	0.127	0.123	gain	FP	FP
chr9	41802466	41802977	511	169	4	1	24	independent	independent	1-1	1-1	True	198	0.127	0.139	gain	FP	FP
chr9	41802466	41803018	552	170	3	1	24	independent	independent	1-1	1-1	True	198	0.127	0.135	gain	FP	FP
chr9	41802466	41803151	685	161	3	2	23	independent	independent	1-1	1-1	True	189	0.127	0.13	gain	FP	FP
chr9	41802466	41803328	862	164	3	1	24	independent	independent	1-1	1-1	True	192	0.127	0.131	gain	FP	FP
chr9	41802466	41803710	1244	162	3	1	23	independent	independent	1-1	1-1	True	189	0.127	0.127	gain	FP	FP
chr9	41802466	41804016	1550	157	3	1	21	independent	independent	1-1	1-1	True	182	0.127	0.121	gain	FP	FP
chr9	41802466	41804580	2114	150	3	1	18	independent	independent	1-1	1-1	True	172	0.127	0.11	gain	FP	FP
chr9	41802466	41804669	2203	149	3	1	21	independent	independent	1-1	1-1	True	174	0.127	0.117	gain	FP	FP
chr9	41802512	41802977	465	167	2	1	24	independent	independent	1-1	1-1	True	194	0.13	0.139	gain	FP	FP
chr9	41802512	41803018	506	168	1	1	24	independent	independent	1-1	1-1	True	194	0.13	0.135	gain	FP	FP
chr9	41802512	41803151	639	159	1	2	23	independent	independent	1-1	1-1	True	185	0.13	0.13	gain	FP	FP
chr9	41802512	41803328	816	162	1	1	24	independent	independent	1-1	1-1	True	188	0.13	0.131	gain	FP	FP
chr9	41802512	41803710	1198	161	1	1	23	independent	independent	1-1	1-1	True	186	0.13	0.127	gain	FP	FP
chr9	41802547	41802977	430	172	2	1	24	independent	independent	1-1	1-1	True	199	0.123	0.139	gain	FP	FP
chr9	41802547	41803151	604	164	1	1	24	independent	independent	1-1	1-1	True	190	0.123	0.13	gain	FP	FP
chr9	41802547	41803328	781	166	2	1	24	independent	independent	1-1	1-1	True	193	0.123	0.131	gain	FP	FP
chr9	41802547	41803710	1163	164	1	1	24	independent	independent	1-1	1-1	True	190	0.123	0.127	gain	FP	FP
chr9	41802547	41804016	1469	159	2	1	21	independent	independent	1-1	1-1	True	183	0.123	0.121	gain	FP	FP
chr9	41802547	41804580	2033	152	1	1	19	independent	independent	1-1	1-1	True	173	0.123	0.11	gain	FP	FP
chr9	41802547	41804669	2122	151	1	1	22	independent	independent	1-1	1-1	True	175	0.123	0.117	gain	FP	FP
chr9	41802610	41802627	17	176	4	2	29	independent	independent	1-1	1-1	True	211	0.146	0.156	gain	FP	FP
chr9	41802610	41802757	147	172	3	2	25	independent	independent	1-1	1-1	True	202	0.146	0.136	gain	FP	FP
chr9	41802610	41802977	367	170	2	3	26	independent	independent	1-1	1-1	True	201	0.146	0.139	gain	FP	FP
chr9	41802610	41803018	408	171	1	3	26	independent	independent	1-1	1-1	True	201	0.146	0.135	gain	FP	FP
chr9	41802610	41803150	540	168	1	2	25	independent	independent	1-1	1-1	True	196	0.146	0.127	gain	FP	FP
chr9	41802610	41803151	541	162	1	4	25	independent	independent	1-1	1-1	True	192	0.146	0.13	gain	FP	FP
chr9	41802610	41803328	718	165	1	3	26	independent	independent	1-1	1-1	True	195	0.146	0.131	gain	FP	FP
chr9	41802610	41803710	1100	163	1	3	25	independent	independent	1-1	1-1	True	192	0.146	0.127	gain	FP	FP
chr9	41802610	41803728	1118	163	1	2	26	independent	independent	1-1	1-1	True	192	0.146	0.132	gain	FP	FP
chr9	41802610	41804016	1406	158	2	3	22	independent	independent	1-1	1-1	True	185	0.146	0.121	gain	FP	FP
chr9	41802610	41804276	1666	154	4	2	25	independent	independent	1-1	1-1	True	185	0.146	0.142	gain	FP	FP
chr9	41802610	41804318	1708	155	1	2	24	independent	independent	1-1	1-1	True	182	0.146	0.124	gain	FP	FP
chr9	41802610	41804336	1726	155	1	2	24	independent	independent	1-1	1-1	True	182	0.146	0.124	gain	FP	FP
chr9	41802610	41804355	1745	153	3	2	25	independent	independent	1-1	1-1	True	183	0.146	0.139	gain	FP	FP
chr9	41802610	41804488	1878	152	1	2	25	independent	independent	1-1	1-1	True	180	0.146	0.128	gain	FP	FP
chr9	41802610	41804521	1911	151	1	2	25	independent	independent	1-1	1-1	True	179	0.146	0.127	gain	FP	FP
chr9	41802610	41804532	1922	149	1	2	25	independent	independent	1-1	1-1	True	177	0.146	0.129	gain	FP	FP
chr9	41802610	41804580	1970	151	1	3	20	independent	independent	1-1	1-1	True	175	0.146	0.11	gain	FP	FP
chr9	41802610	41804669	2059	150	1	3	23	independent	independent	1-1	1-1	True	177	0.146	0.117	gain	FP	FP
chr9	41802627	41802757	130	170	1	2	27	independent	independent	1-1	1-1	True	200	0.156	0.136	gain	FP	FP
chr9	41802627	41802977	350	167	1	4	27	independent	independent	1-1	1-1	True	199	0.156	0.139	gain	FP	FP
chr9	41802627	41804016	1389	155	1	4	23	independent	independent	1-1	1-1	True	183	0.156	0.121	gain	FP	FP
chr9	41802627	41804276	1649	151	3	3	26	independent	independent	1-1	1-1	True	183	0.156	0.142	gain	FP	FP
chr9	41802627	41804355	1728	150	2	3	26	independent	independent	1-1	1-1	True	181	0.156	0.139	gain	FP	FP
chr9	41802757	41802977	220	171	1	3	25	independent	independent	1-1	1-1	True	200	0.136	0.139	gain	FP	FP
chr9	41802757	41804016	1259	157	1	2	23	independent	independent	1-1	1-1	True	183	0.136	0.121	gain	FP	FP
chr9	41802757	41804276	1519	152	3	2	24	independent	independent	1-1	1-1	True	181	0.136	0.142	gain	FP	FP
chr9	41802757	41804355	1598	151	2	2	24	independent	independent	1-1	1-1	True	179	0.136	0.139	gain	FP	FP
chr9	41802977	41803018	41	175	1	2	27	independent	independent	1-1	1-1	True	205	0.139	0.135	gain	FP	FP
chr9	41802977	41803150	173	172	1	2	25	independent	independent	1-1	1-1	True	200	0.139	0.127	gain	FP	FP
chr9	41802977	41803151	174	167	1	4	25	independent	independent	1-1	1-1	True	197	0.139	0.13	gain	FP	FP
chr9	41802977	41803328	351	169	1	3	26	independent	independent	1-1	1-1	True	199	0.139	0.131	gain	FP	FP
chr9	41802977	41803710	733	166	1	2	25	independent	independent	1-1	1-1	True	194	0.139	0.127	gain	FP	FP
chr9	41802977	41803728	751	166	1	1	26	independent	independent	1-1	1-1	True	194	0.139	0.132	gain	FP	FP
chr9	41802977	41804016	1039	160	2	2	22	independent	independent	1-1	1-1	True	186	0.139	0.121	gain	FP	FP
chr9	41802977	41804276	1299	157	4	1	25	independent	independent	1-1	1-1	True	187	0.139	0.142	gain	FP	FP
chr9	41802977	41804318	1341	158	1	1	24	independent	independent	1-1	1-1	True	184	0.139	0.124	gain	FP	FP
chr9	41802977	41804336	1359	158	1	1	24	independent	independent	1-1	1-1	True	184	0.139	0.124	gain	FP	FP
chr9	41802977	41804355	1378	156	3	1	25	independent	independent	1-1	1-1	True	185	0.139	0.139	gain	FP	FP
chr9	41802977	41804488	1511	155	1	1	25	independent	independent	1-1	1-1	True	182	0.139	0.128	gain	FP	FP
chr9	41802977	41804521	1544	154	1	1	25	independent	independent	1-1	1-1	True	181	0.139	0.127	gain	FP	FP
chr9	41802977	41804532	1555	152	1	1	25	independent	independent	1-1	1-1	True	179	0.139	0.129	gain	FP	FP
chr9	41802977	41804580	1603	154	1	2	20	independent	independent	1-1	1-1	True	177	0.139	0.11	gain	FP	FP
chr9	41802977	41804669	1692	153	1	2	23	independent	independent	1-1	1-1	True	179	0.139	0.117	gain	FP	FP
chr9	41803018	41803328	310	171	1	2	26	independent	independent	1-1	1-1	True	200	0.135	0.131	gain	FP	FP
chr9	41803018	41803710	692	168	1	1	25	independent	independent	1-1	1-1	True	195	0.135	0.127	gain	FP	FP
chr9	41803018	41804016	998	163	2	1	22	independent	independent	1-1	1-1	True	188	0.135	0.121	gain	FP	FP
chr9	41803018	41804580	1562	155	1	1	20	independent	independent	1-1	1-1	True	177	0.135	0.11	gain	FP	FP
chr9	41803018	41804669	1651	154	1	1	23	independent	independent	1-1	1-1	True	179	0.135	0.117	gain	FP	FP
chr9	41803150	41804016	866	164	1	1	21	independent	independent	1-1	1-1	True	187	0.127	0.121	gain	FP	FP
chr9	41803151	41803328	177	169	2	1	25	independent	independent	1-1	1-1	True	197	0.13	0.131	gain	FP	FP
chr9	41803151	41803710	559	165	2	1	24	independent	independent	1-1	1-1	True	192	0.13	0.127	gain	FP	FP
chr9	41803151	41804016	865	158	3	1	21	independent	independent	1-1	1-1	True	183	0.13	0.121	gain	FP	FP
chr9	41803151	41804580	1429	151	2	1	19	independent	independent	1-1	1-1	True	173	0.13	0.11	gain	FP	FP
chr9	41803151	41804669	1518	150	2	1	22	independent	independent	1-1	1-1	True	175	0.13	0.117	gain	FP	FP
chr9	41803328	41803710	382	173	1	1	25	independent	independent	1-1	1-1	True	200	0.131	0.127	gain	FP	FP
chr9	41803328	41804016	688	165	2	1	22	independent	independent	1-1	1-1	True	190	0.131	0.121	gain	FP	FP
chr9	41803328	41804669	1341	156	1	1	23	independent	independent	1-1	1-1	True	181	0.131	0.117	gain	FP	FP
chr9	41803710	41804016	306	170	2	1	22	independent	independent	1-1	1-1	True	195	0.127	0.121	gain	FP	FP
chr9	41803710	41804580	870	161	1	1	20	independent	independent	1-1	1-1	True	183	0.127	0.11	gain	FP	FP
chr9	41803710	41804669	959	160	1	1	23	independent	independent	1-1	1-1	True	185	0.127	0.117	gain	FP	FP
chr9	41803728	41804016	288	170	1	1	23	independent	independent	1-1	1-1	True	195	0.132	0.121	gain	FP	FP
chr9	41804016	41804276	260	166	4	1	23	independent	independent	1-1	1-1	True	194	0.121	0.142	gain	FP	FP
chr9	41804016	41804318	302	167	1	1	22	independent	independent	1-1	1-1	True	191	0.121	0.124	gain	FP	FP
chr9	41804016	41804336	320	167	1	1	22	independent	independent	1-1	1-1	True	191	0.121	0.124	gain	FP	FP
chr9	41804016	41804355	339	165	3	1	23	independent	independent	1-1	1-1	True	192	0.121	0.139	gain	FP	FP
chr9	41804016	41804488	472	164	1	1	23	independent	independent	1-1	1-1	True	189	0.121	0.128	gain	FP	FP
chr9	41804016	41804521	505	163	1	1	23	independent	independent	1-1	1-1	True	188	0.121	0.127	gain	FP	FP
chr9	41804016	41804532	516	161	1	1	23	independent	independent	1-1	1-1	True	186	0.121	0.129	gain	FP	FP
chr9	41804016	41804669	653	162	1	2	21	independent	independent	1-1	1-1	True	186	0.121	0.117	gain	FP	FP
chr9	41804276	41804355	79	171	2	3	26	independent	independent	1-1	1-1	True	202	0.142	0.139	gain	FP	FP
chr9	41804276	41804580	304	168	1	4	21	independent	independent	1-1	1-1	True	194	0.142	0.11	gain	FP	FP
chr9	41804318	41804580	262	170	1	1	21	independent	independent	1-1	1-1	True	193	0.124	0.11	gain	FP	FP
chr9	41804336	41804580	244	171	1	1	21	independent	independent	1-1	1-1	True	194	0.124	0.11	gain	FP	FP
chr9	41804355	41804580	225	169	1	3	21	independent	independent	1-1	1-1	True	194	0.139	0.11	gain	FP	FP
chr9	41804488	41804580	92	175	1	1	21	independent	independent	1-1	1-1	True	198	0.128	0.11	gain	FP	FP
chr9	41804521	41804580	59	177	1	1	21	independent	independent	1-1	1-1	True	200	0.127	0.11	gain	FP	FP
chr9	41804532	41804580	48	175	1	1	21	independent	independent	1-1	1-1	True	198	0.129	0.11	gain	FP	FP
chr9	41804580	41804669	89	176	1	1	20	independent	independent	1-1	1-1	True	198	0.11	0.117	gain	FP	FP
chr9	42371008	42376881	5873	65	1	2	24	independent	independent	2-1	2-1	True	92	0.316	0.304	gain	TP	TP
chr9	61584302	61585051	749	46	1	1	7	independent	independent	1-1	1-1	True	55	0.148	0.148	gain	FP	FP
chr9	61584349	61585051	702	46	1	1	7	independent	independent	1-1	1-1	True	55	0.164	0.148	gain	FP	FP
chr9	61584528	61585051	523	48	1	2	7	independent	independent	1-1	1-1	True	58	0.177	0.148	gain	FP	FP
chr9	61584684	61585051	367	47	1	2	8	independent	independent	1-1	1-1	True	58	0.2	0.148	gain	FP	FP
chr9	61584960	61585051	91	47	1	3	8	independent	independent	1-1	1-1	True	59	0.2	0.148	gain	FP	FP
chr9	61584973	61585051	78	47	1	2	8	independent	independent	1-1	1-1	True	58	0.2	0.148	gain	FP	FP
chr9	61608494	61611166	2672	37	2	1	9	independent	independent	1-1	1-1	True	49	0.224	0.175	gain	FP	FP
chr9	61608603	61610464	1861	41	1	1	11	independent	independent	1-1	1-1	True	54	0.2	0.197	gain	FP	FP
chr9	61609185	61610464	1279	42	1	1	11	independent	independent	1-1	1-1	True	55	0.197	0.197	gain	FP	FP
chr9	61609345	61610464	1119	42	1	1	11	independent	independent	1-1	1-1	True	55	0.194	0.197	gain	FP	FP
chr9	61609395	61609569	174	51	1	1	8	independent	independent	1-1	1-1	True	61	0.156	0.175	gain	FP	FP
chr9	61609395	61610464	1069	42	1	1	9	independent	independent	1-1	1-1	True	53	0.156	0.197	gain	FP	FP
chr9	61609569	61611316	1747	43	1	1	7	independent	independent	1-1	1-1	True	52	0.175	0.141	gain	FP	FP
chr9	61609794	61610464	670	43	1	1	11	independent	independent	1-1	1-1	True	56	0.203	0.197	gain	FP	FP
chr9	61610295	61610464	169	47	1	1	11	independent	independent	1-1	1-1	True	60	0.185	0.197	gain	FP	FP
chr9	61610464	61611156	692	46	1	1	10	independent	independent	1-1	1-1	True	58	0.197	0.169	gain	FP	FP
chr9	61610464	61611166	702	44	3	1	8	independent	independent	1-1	1-1	True	56	0.197	0.175	gain	FP	FP
chr9	61610464	61611316	852	45	1	2	8	independent	independent	1-1	1-1	True	56	0.197	0.141	gain	FP	FP
chr9	61610464	61611452	988	45	1	1	9	independent	independent	1-1	1-1	True	56	0.197	0.156	gain	FP	FP
chr9	70477035	70499968	22933	4	2	1	15	independent	independent	1-1	1-1	True	22	0.63	0.714	gain	TP	TP
chr9	71198219	71221946	23727	4	1	1	5	independent	independent	2-1	2-1	True	11	0.534	0.575	gain	TP	TP
chr9	72063897	72070038	6141	24	18	1	18	independent	independent	2-1	2-1	True	61	0.264	0.638	gain	TP	TP
chr9	73292201	73302632	10431	12	4	1	14	independent	independent	2-1	2-1	True	31	0.564	0.578	gain	TP	TP
chr9	79509641	79510297	656	26	2	2	42	independent	independent	2-1	2-1	True	72	0.625	0.605	gain	TP	TP
chr9	82376256	82380623	4367	21	3	14	11	independent	independent	1-1	1-1	True	49	0.589	0.307	gain	TP	TP
chr9	84186270	84213975	27705	4	6	2	2	independent	independent	1-1	1-1	True	14	0.293	0.629	gain	TP	TP
chr9	84692446	84692452	6	15	1	1	47	independent	independent	2-1	2-1	True	64	0.671	0.731	gain	TP	TP
chr9	89630025	89647904	17879	11	1	1	4	independent	independent	2-1	2-1	True	17	0.333	0.311	gain	TP	TP
chr9	91541399	91541400	1	67	2	1	26	independent	independent	2-1	2-1	True	96	0.281	0.292	gain	TP	TP
chr9	95685131	95685132	1	54	1	2	39	independent	independent	1-1	1-1	True	96	0.427	0.423	gain	TP	TP
chr9	95825286	95843366	18080	10	8	8	1	mutual_excl	independent	2-1	2-1	True	27	0.286	0.296	gain	TP	TP
chr9	95825286	95848004	22718	7	3	1	6	independent	independent	2-1	2-1	True	17	0.286	0.61	gain	TP	TP
chr9	95843366	95848004	4638	21	17	1	13	independent	independent	2-1	2-1	True	52	0.296	0.61	gain	TP	TP
chr9	98798237	98798539	302	72	2	2	24	independent	independent	1-1	1-1	True	100	0.265	0.257	gain	TP	TP
chr9	103405822	103425858	20036	11	3	1	1	mutual_excl	independent	2-1	2-1	True	16	0.136	0.298	gain	FP	TP
chr9	103733898	103733927	29	64	1	2	29	independent	independent	2-1	2-1	True	96	0.333	0.306	gain	TP	TP
chr9	104675431	104676008	577	24	9	15	8	independent	independent	1-1	1-1	True	56	0.414	0.294	gain	TP	FP
chr9	105533956	105548555	14599	10	1	1	19	independent	independent	1-1	1-1	True	31	0.674	0.649	gain	TP	TP
chr9	105560049	105565432	5383	23	1	4	25	independent	independent	1-1	1-1	True	53	0.542	0.533	gain	TP	TP
chr9	105565432	105569630	4198	23	4	1	24	independent	independent	1-1	1-1	True	52	0.533	0.557	gain	TP	TP
chr9	105565432	105590000	24568	5	2	1	17	independent	independent	1-1	1-1	True	25	0.533	0.537	gain	TP	TP
chr9	105565432	105594944	29512	4	2	1	12	independent	independent	1-1	1-1	True	19	0.533	0.567	gain	TP	TP
chr9	105569505	105569630	125	25	1	5	42	independent	independent	1-1	1-1	True	73	0.655	0.557	gain	TP	TP
chr9	105569630	105590000	20370	8	1	1	23	independent	independent	1-1	1-1	True	33	0.557	0.537	gain	TP	TP
chr9	105569630	105594944	25314	4	3	1	20	independent	independent	1-1	1-1	True	28	0.557	0.567	gain	TP	TP
chr9	105569630	105595124	25494	5	2	1	19	independent	independent	1-1	1-1	True	27	0.557	0.556	gain	TP	TP
chr9	105569630	105599931	30301	3	2	1	11	independent	independent	1-1	1-1	True	17	0.557	0.596	gain	TP	TP
chr9	105588203	105589681	1478	29	1	1	41	independent	independent	1-1	1-1	True	72	0.6	0.583	gain	TP	TP
chr9	105588203	105594944	6741	22	1	2	30	independent	independent	1-1	1-1	True	55	0.6	0.567	gain	TP	TP
chr9	105589681	105594944	5263	25	1	1	32	independent	independent	1-1	1-1	True	59	0.583	0.567	gain	TP	TP
chr9	105590000	105591988	1988	30	2	1	40	independent	independent	1-1	1-1	True	73	0.537	0.571	gain	TP	TP
chr9	105590000	105594944	4944	25	3	1	31	independent	independent	1-1	1-1	True	60	0.537	0.567	gain	TP	TP
chr9	105590000	105595124	5124	26	2	1	30	independent	independent	1-1	1-1	True	59	0.537	0.556	gain	TP	TP
chr9	105590000	105598001	8001	22	2	1	24	independent	independent	1-1	1-1	True	49	0.537	0.553	gain	TP	TP
chr9	105590000	105599931	9931	17	2	1	18	independent	independent	1-1	1-1	True	38	0.537	0.596	gain	TP	TP
chr9	105591988	105594944	2956	28	2	1	37	independent	independent	1-1	1-1	True	68	0.571	0.567	gain	TP	TP
chr9	105591988	105595124	3136	29	1	1	36	independent	independent	1-1	1-1	True	67	0.571	0.556	gain	TP	TP
chr9	105591988	105598001	6013	23	2	1	30	independent	independent	1-1	1-1	True	56	0.571	0.553	gain	TP	TP
chr9	105591988	105599931	7943	19	1	1	23	independent	independent	1-1	1-1	True	44	0.571	0.596	gain	TP	TP
chr9	105594812	105594944	132	33	2	2	46	independent	independent	1-1	1-1	True	83	0.588	0.567	gain	TP	TP
chr9	105594812	105595124	312	34	1	2	45	independent	independent	1-1	1-1	True	82	0.588	0.556	gain	TP	TP
chr9	105594812	105595130	318	33	1	1	46	independent	independent	1-1	1-1	True	81	0.588	0.573	gain	TP	TP
chr9	105594812	105597070	2258	26	1	1	36	independent	independent	1-1	1-1	True	64	0.588	0.602	gain	TP	TP
chr9	105594812	105598001	3189	27	2	2	34	independent	independent	1-1	1-1	True	65	0.588	0.553	gain	TP	TP
chr9	105594812	105599931	5119	23	1	2	28	independent	independent	1-1	1-1	True	54	0.588	0.596	gain	TP	TP
chr9	105594812	105606540	11728	13	1	1	15	independent	independent	1-1	1-1	True	30	0.588	0.556	gain	TP	TP
chr9	105594812	105607844	13032	11	1	1	13	independent	independent	1-1	1-1	True	26	0.588	0.585	gain	TP	TP
chr9	105594812	105607846	13034	11	1	1	14	independent	independent	1-1	1-1	True	27	0.588	0.594	gain	TP	TP
chr9	105594944	105595124	180	38	1	2	47	independent	independent	1-1	1-1	True	88	0.567	0.556	gain	TP	TP
chr9	105594944	105595130	186	37	1	1	48	independent	independent	1-1	1-1	True	87	0.567	0.573	gain	TP	TP
chr9	105594944	105597070	2126	29	1	1	37	independent	independent	1-1	1-1	True	68	0.567	0.602	gain	TP	TP
chr9	105594944	105598001	3057	31	2	2	34	independent	independent	1-1	1-1	True	69	0.567	0.553	gain	TP	TP
chr9	105595124	105598001	2877	32	2	1	36	independent	independent	1-1	1-1	True	71	0.556	0.553	gain	TP	TP
chr9	105597070	105598001	931	34	1	1	46	independent	independent	1-1	1-1	True	82	0.602	0.553	gain	TP	TP
chr9	105598001	105599931	1930	30	2	2	42	independent	independent	1-1	1-1	True	76	0.553	0.596	gain	TP	TP
chr9	107773457	107773682	225	0	5	2	41	independent	independent	2-1	2-1	True	48	0.907	0.96	loh	TP	TP
chr9	111252074	111269748	17674	7	7	1	4	independent	independent	1-1	1-1	True	19	0.232	0.459	loh	FP	TP
chr9	123267912	123273210	5298	1	1	1	41	independent	independent	2-1	2-1	True	44	0.939	0.955	loh	TP	TP
chr9	123267912	123273211	5299	1	1	1	42	independent	independent	2-1	2-1	True	45	0.939	0.915	loh	TP	TP
chr9	127090246	127111816	21570	0	2	11	1	mutual_excl	independent	1-1	1-1	True	14	0.953	0.145	loh	TP	FP
chr9	127615300	127617198	1898	0	1	1	48	independent	independent	3	3	True	50	0.971	0.958	loh	TP	TP
chr9	133344292	133354715	10423	10	1	1	25	independent	independent	1-1	1-1	True	37	0.697	0.652	gain	TP	TP
chr9	137255474	137271170	15696	4	1	1	15	independent	independent	1-1	1-1	True	21	0.681	0.68	gain	TP	TP
chr14	16093807	16095686	1879	367	10	13	1	mutual_excl	independent	1-1	1-1	True	391	0.034	0.027	neutral	FP	FP
chr14	16093807	16095934	2127	348	12	10	4	independent	independent	1-1	1-1	True	374	0.034	0.042	neutral	FP	FP
chr14	16093807	16096448	2641	342	8	8	6	independent	independent	1-1	1-1	True	364	0.034	0.032	neutral	FP	FP
chr14	16095686	16095766	80	385	11	6	5	independent	independent	1-1	1-1	True	407	0.027	0.039	neutral	FP	FP
chr14	16095686	16096448	762	386	13	10	1	mutual_excl	independent	1-1	1-1	True	410	0.027	0.032	neutral	FP	FP
chr14	16095686	16096495	809	364	7	8	4	independent	independent	1-1	1-1	True	383	0.027	0.027	neutral	FP	FP
chr14	16095766	16096495	729	337	5	12	4	independent	independent	1-1	1-1	True	358	0.039	0.027	neutral	FP	FP
chr14	16095934	16096448	514	369	9	12	5	independent	independent	1-1	1-1	True	395	0.042	0.032	neutral	FP	FP
chr14	19725785	19725862	77	215	2	4	44	independent	independent	1-1	1-1	True	265	0.179	0.165	gain	TP	TP
chr14	19789123	19795298	6175	115	1	1	37	independent	independent	2-1	2-1	True	154	0.224	0.224	gain	TP	TP
chr14	20561443	20565591	4148	45	1	1	33	independent	independent	1-1	1-1	True	80	0.425	0.427	gain	TP	TP
chr14	23974089	23974189	100	35	1	1	9	independent	independent	2-1	2-1	True	46	0.217	0.208	gain	FP	FP
chr14	24712276	24732492	20216	4	8	1	3	independent	independent	1-1	1-1	True	16	0.376	0.563	gain	TP	TP
chr14	25573325	25581709	8384	27	1	2	17	independent	independent	2-1	2-1	True	47	0.444	0.397	gain	TP	TP
chr14	27413725	27416403	2678	48	4	1	19	independent	independent	3	3	True	72	0.316	0.371	gain	TP	TP
chr14	33376324	33386092	9768	22	2	1	11	independent	independent	1-1	1-1	True	36	0.322	0.386	gain	TP	TP
chr14	38793818	38811339	17521	0	10	1	4	independent	independent	1-1	1-1	True	15	0.468	0.933	loh	TP	TP
chr14	38966405	38972778	6373	19	3	10	16	independent	independent	1-1	1-1	True	48	0.473	0.343	loh	TP	TP
chr14	40583683	40598415	14732	0	11	1	6	independent	independent	2-1	2-1	True	18	0.385	0.981	loh	TP	TP
chr14	40597045	40598415	1370	0	26	1	21	independent	independent	2-1	2-1	True	48	0.451	0.981	loh	TP	TP
chr14	46526206	46528573	2367	26	2	1	47	independent	independent	1-1	1-1	True	76	0.528	0.552	gain	TP	TP
chr14	46526206	46534156	7950	21	1	1	34	independent	independent	1-1	1-1	True	57	0.528	0.579	gain	TP	TP
chr14	46528573	46534156	5583	23	1	2	37	independent	independent	1-1	1-1	True	63	0.552	0.579	gain	TP	TP
chr14	46546093	46550451	4358	39	1	2	38	independent	independent	1-1	1-1	True	80	0.472	0.444	gain	TP	TP
chr14	48413299	48438425	25126	7	1	4	4	independent	independent	1-1	1-1	True	16	0.404	0.196	gain	TP	TP
chr14	49143642	49155952	12310	15	1	1	16	independent	independent	2-1	2-1	True	33	0.505	0.48	gain	TP	TP
chr14	49515854	49521144	5290	33	21	1	14	independent	independent	1-1	1-1	True	69	0.208	0.557	gain	TP	TP
chr14	50972467	50972487	20	51	2	4	55	independent	independent	2-1	2-1	True	112	0.527	0.504	gain	TP	TP
chr14	51389554	51393493	3939	46	4	1	41	independent	independent	1-1	1-1	True	92	0.426	0.504	gain	TP	TP
chr14	51389554	51399045	9491	27	1	7	20	independent	independent	1-1	1-1	True	55	0.426	0.383	gain	TP	TP
chr14	54544377	54554477	10100	30	1	1	29	independent	independent	1-1	1-1	True	61	0.489	0.545	gain	TP	TP
chr14	58134153	58145266	11113	22	1	1	6	independent	independent	1-1	1-1	True	30	0.299	0.204	gain	TP	TP
chr14	58395412	58400007	4595	41	2	17	16	independent	independent	2-1	2-1	True	76	0.44	0.248	gain	TP	TP
chr14	60249022	60256208	7186	25	1	8	4	independent	independent	2-1	2-1	True	38	0.425	0.097	gain	TP	TP
chr14	62341286	62355529	14243	1	7	8	1	mutual_excl	independent	2-1	2-1	True	17	0.511	0.538	loh	TP	TP
chr14	67211333	67227873	16540	5	3	1	11	independent	independent	2-1	2-1	True	20	0.455	0.6	gain	TP	TP
chr14	67933889	67938826	4937	1	37	16	1	mutual_excl	independent	3	3	True	55	0.283	0.682	gain	TP	TP
chr14	68331230	68332750	1520	19	5	40	4	independent	independent	1-1	1-1	True	68	0.636	0.123	gain	TP	FP
chr14	70861465	70866829	5364	0	3	22	13	independent	independent	1-1	1-1	True	38	0.905	0.439	loh	TP	TP
chr14	73900099	73900269	170	2	4	6	57	independent	independent	1-1	1-1	True	69	0.918	0.884	loh	TP	TP
chr14	75907548	75919751	12203	25	3	1	14	independent	independent	3	3	True	43	0.391	0.4	gain	TP	TP
chr14	76325566	76327232	1666	76	1	2	23	independent	independent	1-1	1-1	True	102	0.242	0.229	gain	TP	TP
chr14	78723072	78730822	7750	6	47	2	1	mutual_excl	independent	1-1	1-1	True	56	0.045	0.88	gain	TP	TP
chr14	80304909	80308692	3783	5	3	4	73	independent	independent	1-1	1-1	True	85	0.922	0.911	gain	TP	TP
chr14	81976370	81978661	2291	26	3	39	42	independent	independent	2-1	2-1	True	110	0.744	0.372	gain	TP	TP
chr14	82635931	82639246	3315	13	1	51	25	independent	independent	2-1	2-1	True	90	0.785	0.295	gain	TP	TP
chr14	83071446	83100907	29461	7	6	1	1	mutual_excl	independent	2-1	2-1	True	15	0.234	0.383	gain	TP	FP
chr14	83085381	83100907	15526	16	7	9	11	independent	independent	2-1	2-1	True	43	0.471	0.383	gain	TP	FP
chr14	83587790	83594923	7133	12	1	1	39	independent	independent	2-1	2-1	True	53	0.702	0.742	gain	TP	TP
chr14	85001716	85001936	220	60	26	50	2	independent	independent	2-1	2-1	True	138	0.351	0.199	gain	TP	TP
chr14	85207631	85215217	7586	22	1	38	15	independent	independent	2-1	2-1	True	76	0.66	0.281	gain	TP	TP
chr14	89009615	89036208	26593	4	1	5	1	mutual_excl	independent	2-1	2-1	True	11	0.736	0.252	gain	TP	TP
chr14	89681085	89701754	20669	5	17	1	4	independent	independent	2-1	2-1	True	27	0.125	0.775	gain	TP	TP
chr14	90224836	90229697	4861	27	2	1	80	independent	independent	2-1	2-1	True	110	0.746	0.754	gain	TP	TP
chr14	90683760	90686164	2404	99	2	7	22	independent	independent	1-1	1-1	True	130	0.242	0.193	gain	TP	TP
chr14	91388966	91392005	3039	58	3	1	71	independent	independent	2-1	2-1	True	133	0.538	0.526	gain	TP	TP
chr14	91783160	91794709	11549	45	6	10	2	independent	independent	2-1	2-1	True	63	0.198	0.203	gain	TP	TP
chr14	93267818	93290634	22816	5	3	10	13	independent	independent	2-1	2-1	True	31	0.675	0.542	gain	TP	TP
chr14	93607753	93608726	973	82	58	1	18	independent	independent	1-1	1-1	True	159	0.124	0.492	gain	TP	TP
chr14	94298834	94300552	1718	77	2	28	19	independent	independent	2-1	2-1	True	126	0.345	0.172	gain	TP	TP
chr14	94593497	94600182	6685	39	12	4	28	independent	independent	2-1	2-1	True	83	0.34	0.462	gain	TP	TP
chr14	94622850	94624220	1370	91	28	18	1	mutual_excl	independent	2-1	2-1	True	138	0.132	0.2	gain	TP	TP
chr14	96191761	96217845	26084	10	3	1	2	independent	independent	2-1	2-1	True	16	0.178	0.295	gain	TP	TP
chr14	96427525	96431098	3573	24	53	1	20	independent	independent	2-1	2-1	True	98	0.248	0.708	gain	TP	TP
chr14	97266757	97275848	9091	43	15	1	13	independent	independent	1-1	1-1	True	72	0.182	0.357	gain	TP	TP
chr14	97691300	97692510	1210	42	1	50	20	independent	independent	1-1	1-1	True	113	0.639	0.171	gain	TP	TP
chr14	101486953	101522492	35539	0	1	4	1	mutual_excl	independent	1-1	1-1	True	6	0.965	0.23	gain	TP	TP
chr14	102523419	102526271	2852	5	35	2	18	independent	independent	2-1	2-1	True	60	0.36	0.867	gain	TP	TP
chr14	102625942	102632945	7003	1	1	2	49	independent	independent	2-1	2-1	True	53	0.977	0.95	gain	TP	TP
chr14	104112064	104121051	8987	14	1	12	12	independent	independent	1-1	1-1	True	39	0.548	0.292	gain	TP	TP
chr14	104507578	104523846	16268	1	1	14	7	independent	independent	1-1	1-1	True	23	0.974	0.309	gain	TP	TP
chr14	105327526	105345019	17493	19	2	1	3	independent	independent	2-1	2-1	True	25	0.295	0.302	gain	TP	TP
chr14	106258051	106258358	307	65	1	1	19	independent	independent	3	3	True	86	0.256	0.263	gain	FP	FP
chr14	106258051	106259291	1240	56	2	2	19	independent	independent	3	3	True	79	0.256	0.277	gain	FP	FP
chr14	106258051	106259445	1394	54	2	3	18	independent	independent	3	3	True	77	0.256	0.286	gain	FP	FP
chr14	106258051	106260053	2002	49	1	5	16	independent	independent	3	3	True	71	0.256	0.32	gain	FP	FP
chr14	106258051	106261960	3909	41	1	8	14	independent	independent	3	3	True	64	0.256	0.333	gain	FP	TP
chr14	106258051	106263711	5660	28	2	8	14	independent	independent	3	3	True	52	0.256	0.394	gain	FP	TP
chr14	106258051	106263877	5826	28	2	7	15	independent	independent	3	3	True	52	0.256	0.411	gain	FP	TP
chr14	106258051	106263928	5877	2	27	14	7	independent	independent	3	3	True	50	0.256	0.587	gain	FP	TP
chr14	106258051	106264043	5992	2	26	14	8	independent	independent	3	3	True	50	0.256	0.591	gain	FP	TP
chr14	106258051	106264354	6303	23	2	9	12	independent	independent	3	3	True	46	0.256	0.434	gain	FP	TP
chr14	106258051	106265666	7615	21	2	10	12	independent	independent	3	3	True	45	0.256	0.418	gain	FP	TP
chr14	106258051	106268545	10494	5	13	7	12	independent	independent	3	3	True	37	0.256	0.482	gain	FP	TP
chr14	106258051	106269575	11524	1	14	7	13	independent	independent	3	3	True	35	0.256	0.481	gain	FP	TP
chr14	106258051	106270090	12039	1	16	2	18	independent	independent	3	3	True	37	0.256	0.927	gain	FP	TP
chr14	106258051	106270441	12390	5	12	8	13	independent	independent	3	3	True	38	0.256	0.407	gain	FP	TP
chr14	106258051	106270702	12651	3	14	7	14	independent	independent	3	3	True	38	0.256	0.45	gain	FP	TP
chr14	106258051	106270718	12667	3	14	7	14	independent	independent	3	3	True	38	0.256	0.455	gain	FP	TP
chr14	106258051	106271247	13196	14	1	15	5	independent	independent	3	3	True	35	0.256	0.127	gain	FP	FP
chr14	106258051	106271265	13214	12	3	14	7	independent	independent	3	3	True	36	0.256	0.562	gain	FP	TP
chr14	106258051	106271270	13219	3	12	7	14	independent	independent	3	3	True	36	0.256	0.404	gain	FP	FP
chr14	106258051	106271295	13244	4	11	10	9	independent	independent	3	3	True	34	0.256	0.366	gain	FP	FP
chr14	106258051	106271296	13245	4	11	9	12	independent	independent	3	3	True	36	0.256	0.392	gain	FP	FP
chr14	106258051	106271503	13452	4	11	9	12	independent	independent	3	3	True	36	0.256	0.382	gain	FP	FP
chr14	106258051	106271595	13544	3	10	7	14	independent	independent	3	3	True	34	0.256	0.406	gain	FP	FP
chr14	106258051	106271777	13726	4	10	7	13	independent	independent	3	3	True	34	0.256	0.356	gain	FP	FP
chr14	106258051	106271995	13944	4	9	6	14	independent	independent	3	3	True	33	0.256	0.358	gain	FP	FP
chr14	106258051	106272014	13963	3	10	6	14	independent	independent	3	3	True	33	0.256	0.387	gain	FP	FP
chr14	106258051	106272088	14037	3	10	7	13	independent	independent	3	3	True	33	0.256	0.343	gain	FP	FP
chr14	106258051	106272475	14424	3	9	6	14	independent	independent	3	3	True	32	0.256	0.321	gain	FP	FP
chr14	106258051	106272500	14449	4	8	8	11	independent	independent	3	3	True	31	0.256	0.298	gain	FP	FP
chr14	106258051	106272627	14576	3	8	6	14	independent	independent	3	3	True	31	0.256	0.32	gain	FP	FP
chr14	106258051	106272649	14598	3	9	6	14	independent	independent	3	3	True	32	0.256	0.33	gain	FP	FP
chr14	106258051	106272832	14781	3	7	8	11	independent	independent	3	3	True	29	0.256	0.284	gain	FP	FP
chr14	106258051	106272835	14784	3	7	6	14	independent	independent	3	3	True	30	0.256	0.291	gain	FP	FP
chr14	106258051	106272853	14802	3	9	6	14	independent	independent	3	3	True	32	0.256	0.301	gain	FP	FP
chr14	106258051	106272875	14824	4	8	6	14	independent	independent	3	3	True	32	0.256	0.294	gain	FP	FP
chr14	106258051	106272879	14828	3	9	7	13	independent	independent	3	3	True	32	0.256	0.311	gain	FP	FP
chr14	106258051	106272981	14930	3	9	6	14	independent	independent	3	3	True	32	0.256	0.327	gain	FP	FP
chr14	106258051	106273054	15003	3	8	4	16	independent	independent	3	3	True	31	0.256	0.32	gain	FP	FP
chr14	106258051	106273055	15004	3	9	5	14	independent	independent	3	3	True	31	0.256	0.31	gain	FP	FP
chr14	106258051	106273615	15564	3	7	5	14	independent	independent	3	3	True	29	0.256	0.281	gain	FP	FP
chr14	106258296	106258566	270	64	2	2	17	independent	independent	3	3	True	85	0.222	0.234	gain	FP	FP
chr14	106258296	106258924	628	62	3	3	17	independent	independent	3	3	True	85	0.222	0.255	gain	FP	FP
chr14	106258296	106258941	645	61	2	3	15	independent	independent	3	3	True	81	0.222	0.237	gain	FP	FP
chr14	106258296	106259057	761	61	3	3	17	independent	independent	3	3	True	84	0.222	0.273	gain	FP	FP
chr14	106258296	106259259	963	59	3	3	17	independent	independent	3	3	True	82	0.222	0.273	gain	FP	FP
chr14	106258296	106259291	995	57	2	2	16	independent	independent	3	3	True	77	0.222	0.277	gain	FP	FP
chr14	106258296	106259298	1002	58	3	3	17	independent	independent	3	3	True	81	0.222	0.263	gain	FP	FP
chr14	106258296	106259420	1124	58	3	3	16	independent	independent	3	3	True	80	0.222	0.257	gain	FP	FP
chr14	106258296	106259445	1149	54	3	3	16	independent	independent	3	3	True	76	0.222	0.286	gain	FP	FP
chr14	106258296	106259450	1154	56	2	3	17	independent	independent	3	3	True	78	0.222	0.27	gain	FP	FP
chr14	106258296	106259478	1182	55	3	3	16	independent	independent	3	3	True	77	0.222	0.26	gain	FP	FP
chr14	106258296	106259531	1235	57	3	3	16	independent	independent	3	3	True	79	0.222	0.27	gain	FP	FP
chr14	106258296	106259978	1682	50	3	4	15	independent	independent	3	3	True	72	0.222	0.316	gain	FP	FP
chr14	106258296	106259990	1694	50	3	7	13	independent	independent	3	3	True	73	0.222	0.297	gain	FP	FP
chr14	106258296	106260007	1711	51	2	4	15	independent	independent	3	3	True	72	0.222	0.303	gain	FP	FP
chr14	106258296	106260019	1723	48	3	4	16	independent	independent	3	3	True	71	0.222	0.323	gain	FP	FP
chr14	106258296	106260053	1757	49	3	4	15	independent	independent	3	3	True	71	0.222	0.32	gain	FP	FP
chr14	106258296	106260409	2113	50	1	13	7	independent	independent	3	3	True	71	0.222	0.14	gain	FP	TP
chr14	106258296	106260844	2548	47	2	6	14	independent	independent	3	3	True	69	0.222	0.337	gain	FP	TP
chr14	106258296	106261960	3664	43	2	7	12	independent	independent	3	3	True	64	0.222	0.333	gain	FP	TP
chr14	106258296	106263711	5415	29	4	8	11	independent	independent	3	3	True	52	0.222	0.394	gain	FP	TP
chr14	106258296	106263877	5581	29	4	7	12	independent	independent	3	3	True	52	0.222	0.411	gain	FP	TP
chr14	106258296	106263928	5632	3	28	12	7	independent	independent	3	3	True	50	0.222	0.587	gain	FP	TP
chr14	106258296	106264043	5747	3	28	12	7	independent	independent	3	3	True	50	0.222	0.591	gain	FP	TP
chr14	106258296	106264354	6058	26	3	8	10	independent	independent	3	3	True	47	0.222	0.434	gain	FP	TP
chr14	106258296	106265666	7370	23	3	8	11	independent	independent	3	3	True	45	0.222	0.418	gain	FP	TP
chr14	106258296	106268545	10249	6	15	6	10	independent	independent	3	3	True	37	0.222	0.482	gain	FP	TP
chr14	106258296	106269575	11279	2	17	7	10	independent	independent	3	3	True	36	0.222	0.481	gain	FP	TP
chr14	106258296	106270090	11794	0	19	1	16	independent	independent	3	3	True	36	0.222	0.927	gain	FP	TP
chr14	106258296	106270441	12145	5	14	8	10	independent	independent	3	3	True	37	0.222	0.407	gain	FP	TP
chr14	106258296	106270702	12406	3	16	6	12	independent	independent	3	3	True	37	0.222	0.45	gain	FP	TP
chr14	106258296	106270718	12422	3	16	6	12	independent	independent	3	3	True	37	0.222	0.455	gain	FP	TP
chr14	106258296	106271247	12951	16	1	13	4	independent	independent	3	3	True	34	0.222	0.127	gain	FP	FP
chr14	106258296	106271265	12969	14	3	12	6	independent	independent	3	3	True	35	0.222	0.562	gain	FP	TP
chr14	106258296	106271270	12974	3	14	7	11	independent	independent	3	3	True	35	0.222	0.404	gain	FP	FP
chr14	106258296	106271295	12999	4	13	9	7	independent	independent	3	3	True	33	0.222	0.366	gain	FP	FP
chr14	106258296	106271296	13000	4	13	8	10	independent	independent	3	3	True	35	0.222	0.392	gain	FP	FP
chr14	106258296	106271503	13207	4	13	8	10	independent	independent	3	3	True	35	0.222	0.382	gain	FP	FP
chr14	106258296	106271595	13299	3	12	6	12	independent	independent	3	3	True	33	0.222	0.406	gain	FP	FP
chr14	106258296	106271777	13481	4	12	6	11	independent	independent	3	3	True	33	0.222	0.356	gain	FP	FP
chr14	106258296	106271995	13699	4	11	5	12	independent	independent	3	3	True	32	0.222	0.358	gain	FP	FP
chr14	106258296	106272014	13718	3	12	5	12	independent	independent	3	3	True	32	0.222	0.387	gain	FP	FP
chr14	106258296	106272088	13792	3	12	6	11	independent	independent	3	3	True	32	0.222	0.343	gain	FP	FP
chr14	106258296	106272475	14179	3	11	6	11	independent	independent	3	3	True	31	0.222	0.321	gain	FP	FP
chr14	106258296	106272500	14204	5	9	6	10	independent	independent	3	3	True	30	0.222	0.298	gain	FP	FP
chr14	106258296	106272627	14331	4	10	5	12	independent	independent	3	3	True	31	0.222	0.32	gain	FP	FP
chr14	106258296	106272649	14353	3	11	5	12	independent	independent	3	3	True	31	0.222	0.33	gain	FP	FP
chr14	106258296	106272832	14536	4	8	6	10	independent	independent	3	3	True	28	0.222	0.284	gain	FP	FP
chr14	106258296	106272835	14539	3	9	6	11	independent	independent	3	3	True	29	0.222	0.291	gain	FP	FP
chr14	106258296	106272853	14557	3	11	5	12	independent	independent	3	3	True	31	0.222	0.301	gain	FP	FP
chr14	106258296	106272875	14579	4	10	5	12	independent	independent	3	3	True	31	0.222	0.294	gain	FP	FP
chr14	106258296	106272879	14583	3	11	6	11	independent	independent	3	3	True	31	0.222	0.311	gain	FP	FP
chr14	106258296	106272981	14685	3	11	5	12	independent	independent	3	3	True	31	0.222	0.327	gain	FP	FP
chr14	106258296	106273054	14758	2	11	4	13	independent	independent	3	3	True	30	0.222	0.32	gain	FP	FP
chr14	106258296	106273055	14759	3	11	5	12	independent	independent	3	3	True	31	0.222	0.31	gain	FP	FP
chr14	106258296	106273615	15319	3	9	4	12	independent	independent	3	3	True	28	0.222	0.281	gain	FP	FP
chr14	106258358	106258566	208	66	1	5	19	independent	independent	3	3	True	91	0.263	0.234	gain	FP	FP
chr14	106258358	106258924	566	64	1	5	20	independent	independent	3	3	True	90	0.263	0.255	gain	FP	FP
chr14	106258358	106259057	699	63	1	3	22	independent	independent	3	3	True	89	0.263	0.273	gain	FP	FP
chr14	106258358	106259259	901	61	1	4	21	independent	independent	3	3	True	87	0.263	0.273	gain	FP	FP
chr14	106258358	106259291	933	57	3	3	19	independent	independent	3	3	True	82	0.263	0.277	gain	FP	FP
chr14	106258358	106259298	940	60	1	5	20	independent	independent	3	3	True	86	0.263	0.263	gain	FP	FP
chr14	106258358	106259420	1062	60	1	4	20	independent	independent	3	3	True	85	0.263	0.257	gain	FP	FP
chr14	106258358	106259445	1087	56	2	3	20	independent	independent	3	3	True	81	0.263	0.286	gain	FP	FP
chr14	106258358	106259478	1120	57	1	4	18	independent	independent	3	3	True	80	0.263	0.26	gain	FP	FP
chr14	106258358	106259531	1173	59	1	4	20	independent	independent	3	3	True	84	0.263	0.27	gain	FP	FP
chr14	106258358	106259978	1620	51	1	5	18	independent	independent	3	3	True	75	0.263	0.316	gain	FP	FP
chr14	106258358	106259990	1632	52	1	7	17	independent	independent	3	3	True	77	0.263	0.297	gain	FP	FP
chr14	106258358	106260007	1649	52	1	5	18	independent	independent	3	3	True	76	0.263	0.303	gain	FP	FP
chr14	106258358	106260019	1661	49	1	6	19	independent	independent	3	3	True	75	0.263	0.323	gain	FP	FP
chr14	106258358	106260053	1695	50	2	5	18	independent	independent	3	3	True	75	0.263	0.32	gain	FP	FP
chr14	106258358	106260844	2486	47	1	8	17	independent	independent	3	3	True	73	0.263	0.337	gain	FP	TP
chr14	106258358	106261960	3602	43	1	11	13	independent	independent	3	3	True	68	0.263	0.333	gain	FP	TP
chr14	106258358	106263711	5353	29	3	9	14	independent	independent	3	3	True	55	0.263	0.394	gain	FP	TP
chr14	106258358	106263877	5519	29	3	9	14	independent	independent	3	3	True	55	0.263	0.411	gain	FP	TP
chr14	106258358	106263928	5570	3	28	13	9	independent	independent	3	3	True	53	0.263	0.587	gain	FP	TP
chr14	106258358	106264043	5685	2	28	14	9	independent	independent	3	3	True	53	0.263	0.591	gain	FP	TP
chr14	106258358	106264354	5996	25	2	10	12	independent	independent	3	3	True	49	0.263	0.434	gain	FP	TP
chr14	106258358	106265666	7308	23	2	11	12	independent	independent	3	3	True	48	0.263	0.418	gain	FP	TP
chr14	106258358	106268545	10187	5	15	8	13	independent	independent	3	3	True	41	0.263	0.482	gain	FP	TP
chr14	106258358	106269575	11217	1	16	8	13	independent	independent	3	3	True	38	0.263	0.481	gain	FP	TP
chr14	106258358	106270090	11732	1	17	3	19	independent	independent	3	3	True	40	0.263	0.927	gain	FP	TP
chr14	106258358	106270441	12083	5	13	9	13	independent	independent	3	3	True	40	0.263	0.407	gain	FP	TP
chr14	106258358	106270702	12344	3	15	7	15	independent	independent	3	3	True	40	0.263	0.45	gain	FP	TP
chr14	106258358	106270718	12360	3	15	7	15	independent	independent	3	3	True	40	0.263	0.455	gain	FP	TP
chr14	106258358	106271247	12889	15	1	16	6	independent	independent	3	3	True	38	0.263	0.127	gain	FP	FP
chr14	106258358	106271265	12907	13	3	15	7	independent	independent	3	3	True	38	0.263	0.562	gain	FP	TP
chr14	106258358	106271270	12912	3	13	8	14	independent	independent	3	3	True	38	0.263	0.404	gain	FP	FP
chr14	106258358	106271295	12937	4	12	10	10	independent	independent	3	3	True	36	0.263	0.366	gain	FP	FP
chr14	106258358	106271296	12938	4	12	9	13	independent	independent	3	3	True	38	0.263	0.392	gain	FP	FP
chr14	106258358	106271503	13145	4	12	9	13	independent	independent	3	3	True	38	0.263	0.382	gain	FP	FP
chr14	106258358	106271595	13237	3	11	7	15	independent	independent	3	3	True	36	0.263	0.406	gain	FP	FP
chr14	106258358	106271777	13419	4	11	7	14	independent	independent	3	3	True	36	0.263	0.356	gain	FP	FP
chr14	106258358	106271995	13637	4	10	6	15	independent	independent	3	3	True	35	0.263	0.358	gain	FP	FP
chr14	106258358	106272014	13656	3	11	6	15	independent	independent	3	3	True	35	0.263	0.387	gain	FP	FP
chr14	106258358	106272088	13730	3	11	7	14	independent	independent	3	3	True	35	0.263	0.343	gain	FP	FP
chr14	106258358	106272475	14117	3	10	6	15	independent	independent	3	3	True	34	0.263	0.321	gain	FP	FP
chr14	106258358	106272500	14142	5	8	7	13	independent	independent	3	3	True	33	0.263	0.298	gain	FP	FP
chr14	106258358	106272627	14269	3	9	6	15	independent	independent	3	3	True	33	0.263	0.32	gain	FP	FP
chr14	106258358	106272649	14291	3	10	6	15	independent	independent	3	3	True	34	0.263	0.33	gain	FP	FP
chr14	106258358	106272832	14474	4	7	7	13	independent	independent	3	3	True	31	0.263	0.284	gain	FP	FP
chr14	106258358	106272835	14477	3	8	7	14	independent	independent	3	3	True	32	0.263	0.291	gain	FP	FP
chr14	106258358	106272853	14495	3	10	6	15	independent	independent	3	3	True	34	0.263	0.301	gain	FP	FP
chr14	106258358	106272875	14517	4	9	6	15	independent	independent	3	3	True	34	0.263	0.294	gain	FP	FP
chr14	106258358	106272879	14521	3	10	7	14	independent	independent	3	3	True	34	0.263	0.311	gain	FP	FP
chr14	106258358	106272981	14623	3	10	6	15	independent	independent	3	3	True	34	0.263	0.327	gain	FP	FP
chr14	106258358	106273054	14696	3	9	4	17	independent	independent	3	3	True	33	0.263	0.32	gain	FP	FP
chr14	106258358	106273055	14697	3	10	5	15	independent	independent	3	3	True	33	0.263	0.31	gain	FP	FP
chr14	106258358	106273615	15257	3	8	6	15	independent	independent	3	3	True	32	0.263	0.281	gain	FP	FP
chr14	106258566	106258924	358	69	1	1	21	independent	independent	3	3	True	92	0.234	0.255	gain	FP	FP
chr14	106258566	106258941	375	67	1	1	18	independent	independent	3	3	True	87	0.234	0.237	gain	FP	FP
chr14	106258566	106259057	491	67	2	1	21	independent	independent	3	3	True	91	0.234	0.273	gain	FP	FP
chr14	106258566	106259259	693	65	2	1	21	independent	independent	3	3	True	89	0.234	0.273	gain	FP	FP
chr14	106258566	106259298	732	64	2	2	20	independent	independent	3	3	True	88	0.234	0.263	gain	FP	FP
chr14	106258566	106259420	854	64	2	1	20	independent	independent	3	3	True	87	0.234	0.257	gain	FP	FP
chr14	106258566	106259445	879	59	4	1	19	independent	independent	3	3	True	83	0.234	0.286	gain	FP	FP
chr14	106258566	106259450	884	62	2	1	20	independent	independent	3	3	True	85	0.234	0.27	gain	FP	FP
chr14	106258566	106259531	965	63	2	1	20	independent	independent	3	3	True	86	0.234	0.27	gain	FP	FP
chr14	106258566	106259978	1412	55	1	2	19	independent	independent	3	3	True	77	0.234	0.316	gain	FP	FP
chr14	106258566	106259990	1424	55	2	5	17	independent	independent	3	3	True	79	0.234	0.297	gain	FP	FP
chr14	106258566	106260007	1441	56	1	2	20	independent	independent	3	3	True	79	0.234	0.303	gain	FP	FP
chr14	106258566	106260019	1453	53	2	3	19	independent	independent	3	3	True	77	0.234	0.323	gain	FP	FP
chr14	106258566	106260053	1487	54	2	3	18	independent	independent	3	3	True	77	0.234	0.32	gain	FP	FP
chr14	106258566	106260409	1843	53	1	13	9	independent	independent	3	3	True	76	0.234	0.14	gain	FP	TP
chr14	106258566	106260844	2278	50	2	4	18	independent	independent	3	3	True	74	0.234	0.337	gain	FP	TP
chr14	106258566	106261960	3394	46	2	7	14	independent	independent	3	3	True	69	0.234	0.333	gain	FP	TP
chr14	106258566	106263711	5145	31	4	6	15	independent	independent	3	3	True	56	0.234	0.394	gain	FP	TP
chr14	106258566	106263877	5311	31	4	6	15	independent	independent	3	3	True	56	0.234	0.411	gain	FP	TP
chr14	106258566	106263928	5362	4	30	14	6	independent	independent	3	3	True	54	0.234	0.587	gain	FP	TP
chr14	106258566	106264043	5477	4	29	14	7	independent	independent	3	3	True	54	0.234	0.591	gain	FP	TP
chr14	106258566	106264354	5788	26	4	8	12	independent	independent	3	3	True	50	0.234	0.434	gain	FP	TP
chr14	106258566	106265666	7100	24	4	9	12	independent	independent	3	3	True	49	0.234	0.418	gain	FP	TP
chr14	106258566	106268545	9979	7	16	8	11	independent	independent	3	3	True	42	0.234	0.482	gain	FP	TP
chr14	106258566	106269575	11009	3	17	8	11	independent	independent	3	3	True	39	0.234	0.481	gain	FP	TP
chr14	106258566	106270090	11524	2	19	2	18	independent	independent	3	3	True	41	0.234	0.927	gain	FP	TP
chr14	106258566	106270441	11875	7	14	9	11	independent	independent	3	3	True	41	0.234	0.407	gain	FP	TP
chr14	106258566	106270702	12136	5	16	7	13	independent	independent	3	3	True	41	0.234	0.45	gain	FP	TP
chr14	106258566	106270718	12152	5	16	7	13	independent	independent	3	3	True	41	0.234	0.455	gain	FP	TP
chr14	106258566	106271247	12681	18	1	14	6	independent	independent	3	3	True	39	0.234	0.127	gain	FP	FP
chr14	106258566	106271265	12699	14	5	13	7	independent	independent	3	3	True	39	0.234	0.562	gain	FP	TP
chr14	106258566	106271270	12704	5	14	8	12	independent	independent	3	3	True	39	0.234	0.404	gain	FP	FP
chr14	106258566	106271295	12729	6	13	10	8	independent	independent	3	3	True	37	0.234	0.366	gain	FP	FP
chr14	106258566	106271296	12730	6	13	9	11	independent	independent	3	3	True	39	0.234	0.392	gain	FP	FP
chr14	106258566	106271503	12937	7	12	8	12	independent	independent	3	3	True	39	0.234	0.382	gain	FP	FP
chr14	106258566	106271595	13029	5	12	7	13	independent	independent	3	3	True	37	0.234	0.406	gain	FP	FP
chr14	106258566	106271777	13211	6	12	7	12	independent	independent	3	3	True	37	0.234	0.356	gain	FP	FP
chr14	106258566	106271995	13429	6	11	6	13	independent	independent	3	3	True	36	0.234	0.358	gain	FP	FP
chr14	106258566	106272014	13448	5	12	6	13	independent	independent	3	3	True	36	0.234	0.387	gain	FP	FP
chr14	106258566	106272088	13522	5	12	7	12	independent	independent	3	3	True	36	0.234	0.343	gain	FP	FP
chr14	106258566	106272475	13909	4	12	7	12	independent	independent	3	3	True	35	0.234	0.321	gain	FP	FP
chr14	106258566	106272500	13934	6	10	8	10	independent	independent	3	3	True	34	0.234	0.298	gain	FP	FP
chr14	106258566	106272627	14061	5	10	6	13	independent	independent	3	3	True	34	0.234	0.32	gain	FP	FP
chr14	106258566	106272649	14083	5	11	6	13	independent	independent	3	3	True	35	0.234	0.33	gain	FP	FP
chr14	106258566	106272832	14266	5	9	8	10	independent	independent	3	3	True	32	0.234	0.284	gain	FP	FP
chr14	106258566	106272835	14269	5	9	7	12	independent	independent	3	3	True	33	0.234	0.291	gain	FP	FP
chr14	106258566	106272853	14287	5	11	6	13	independent	independent	3	3	True	35	0.234	0.301	gain	FP	FP
chr14	106258566	106272875	14309	6	10	6	13	independent	independent	3	3	True	35	0.234	0.294	gain	FP	FP
chr14	106258566	106272879	14313	6	10	6	13	independent	independent	3	3	True	35	0.234	0.311	gain	FP	FP
chr14	106258566	106272981	14415	5	11	6	13	independent	independent	3	3	True	35	0.234	0.327	gain	FP	FP
chr14	106258566	106273054	14488	5	10	4	15	independent	independent	3	3	True	34	0.234	0.32	gain	FP	FP
chr14	106258566	106273055	14489	4	11	6	13	independent	independent	3	3	True	34	0.234	0.31	gain	FP	FP
chr14	106258566	106273615	15049	5	9	6	13	independent	independent	3	3	True	33	0.234	0.281	gain	FP	FP
chr14	106258924	106258941	17	70	1	1	21	independent	independent	3	3	True	93	0.255	0.237	gain	FP	FP
chr14	106258924	106259057	133	70	2	1	24	independent	independent	3	3	True	97	0.255	0.273	gain	FP	FP
chr14	106258924	106259259	335	68	2	1	24	independent	independent	3	3	True	95	0.255	0.273	gain	FP	FP
chr14	106258924	106259298	374	67	2	2	23	independent	independent	3	3	True	94	0.255	0.263	gain	FP	FP
chr14	106258924	106259420	496	67	2	1	23	independent	independent	3	3	True	93	0.255	0.257	gain	FP	FP
chr14	106258924	106259445	521	62	4	1	22	independent	independent	3	3	True	89	0.255	0.286	gain	FP	FP
chr14	106258924	106259450	526	65	2	1	23	independent	independent	3	3	True	91	0.255	0.27	gain	FP	FP
chr14	106258924	106259478	554	63	1	1	22	independent	independent	3	3	True	87	0.255	0.26	gain	FP	FP
chr14	106258924	106259531	607	66	2	1	23	independent	independent	3	3	True	92	0.255	0.27	gain	FP	FP
chr14	106258924	106259978	1054	57	1	2	22	independent	independent	3	3	True	82	0.255	0.316	gain	FP	FP
chr14	106258924	106259990	1066	58	1	4	21	independent	independent	3	3	True	84	0.255	0.297	gain	FP	FP
chr14	106258924	106260007	1083	58	1	2	21	independent	independent	3	3	True	82	0.255	0.303	gain	FP	FP
chr14	106258924	106260019	1095	55	2	3	22	independent	independent	3	3	True	82	0.255	0.323	gain	FP	FP
chr14	106258924	106260053	1129	55	3	3	21	independent	independent	3	3	True	82	0.255	0.32	gain	FP	FP
chr14	106258924	106260409	1485	55	1	15	10	independent	independent	3	3	True	81	0.255	0.14	gain	FP	TP
chr14	106258924	106260844	1920	53	1	4	21	independent	independent	3	3	True	79	0.255	0.337	gain	FP	TP
chr14	106258924	106261960	3036	48	2	8	16	independent	independent	3	3	True	74	0.255	0.333	gain	FP	TP
chr14	106258924	106263711	4787	33	3	7	17	independent	independent	3	3	True	60	0.255	0.394	gain	FP	TP
chr14	106258924	106263877	4953	32	3	6	18	independent	independent	3	3	True	59	0.255	0.411	gain	FP	TP
chr14	106258924	106263928	5004	3	31	17	6	independent	independent	3	3	True	57	0.255	0.587	gain	FP	TP
chr14	106258924	106264043	5119	3	30	17	7	independent	independent	3	3	True	57	0.255	0.591	gain	FP	TP
chr14	106258924	106264354	5430	27	3	8	15	independent	independent	3	3	True	53	0.255	0.434	gain	FP	TP
chr14	106258924	106265666	6742	25	3	9	15	independent	independent	3	3	True	52	0.255	0.418	gain	FP	TP
chr14	106258924	106268545	9621	6	17	10	11	independent	independent	3	3	True	44	0.255	0.482	gain	FP	TP
chr14	106258924	106269575	10651	2	18	11	11	independent	independent	3	3	True	42	0.255	0.481	gain	FP	TP
chr14	106258924	106270090	11166	1	20	3	19	independent	independent	3	3	True	43	0.255	0.927	gain	FP	TP
chr14	106258924	106270441	11517	6	15	12	11	independent	independent	3	3	True	44	0.255	0.407	gain	FP	TP
chr14	106258924	106270702	11778	4	17	10	13	independent	independent	3	3	True	44	0.255	0.45	gain	FP	TP
chr14	106258924	106270718	11794	4	17	10	13	independent	independent	3	3	True	44	0.255	0.455	gain	FP	TP
chr14	106258924	106271247	12323	18	1	16	6	independent	independent	3	3	True	41	0.255	0.127	gain	FP	FP
chr14	106258924	106271265	12341	15	4	13	10	independent	independent	3	3	True	42	0.255	0.562	gain	FP	TP
chr14	106258924	106271270	12346	4	15	11	12	independent	independent	3	3	True	42	0.255	0.404	gain	FP	FP
chr14	106258924	106271295	12371	5	14	13	8	independent	independent	3	3	True	40	0.255	0.366	gain	FP	FP
chr14	106258924	106271296	12372	5	14	12	11	independent	independent	3	3	True	42	0.255	0.392	gain	FP	FP
chr14	106258924	106271503	12579	6	13	11	12	independent	independent	3	3	True	42	0.255	0.382	gain	FP	FP
chr14	106258924	106271595	12671	4	13	10	13	independent	independent	3	3	True	40	0.255	0.406	gain	FP	FP
chr14	106258924	106271777	12853	5	13	10	12	independent	independent	3	3	True	40	0.255	0.356	gain	FP	FP
chr14	106258924	106271995	13071	5	12	9	13	independent	independent	3	3	True	39	0.255	0.358	gain	FP	FP
chr14	106258924	106272014	13090	4	13	9	13	independent	independent	3	3	True	39	0.255	0.387	gain	FP	FP
chr14	106258924	106272088	13164	4	13	10	12	independent	independent	3	3	True	39	0.255	0.343	gain	FP	FP
chr14	106258924	106272475	13551	4	12	9	13	independent	independent	3	3	True	38	0.255	0.321	gain	FP	FP
chr14	106258924	106272500	13576	5	11	11	10	independent	independent	3	3	True	37	0.255	0.298	gain	FP	FP
chr14	106258924	106272627	13703	4	11	9	13	independent	independent	3	3	True	37	0.255	0.32	gain	FP	FP
chr14	106258924	106272649	13725	4	12	9	13	independent	independent	3	3	True	38	0.255	0.33	gain	FP	FP
chr14	106258924	106272832	13908	4	10	11	10	independent	independent	3	3	True	35	0.255	0.284	gain	FP	FP
chr14	106258924	106272835	13911	4	10	10	12	independent	independent	3	3	True	36	0.255	0.291	gain	FP	FP
chr14	106258924	106272853	13929	4	12	9	13	independent	independent	3	3	True	38	0.255	0.301	gain	FP	FP
chr14	106258924	106272875	13951	5	11	9	13	independent	independent	3	3	True	38	0.255	0.294	gain	FP	FP
chr14	106258924	106272879	13955	5	11	9	13	independent	independent	3	3	True	38	0.255	0.311	gain	FP	FP
chr14	106258924	106272981	14057	4	12	9	13	independent	independent	3	3	True	38	0.255	0.327	gain	FP	FP
chr14	106258924	106273054	14130	4	11	7	15	independent	independent	3	3	True	37	0.255	0.32	gain	FP	FP
chr14	106258924	106273055	14131	3	12	9	13	independent	independent	3	3	True	37	0.255	0.31	gain	FP	FP
chr14	106258924	106273615	14691	4	10	8	13	independent	independent	3	3	True	35	0.255	0.281	gain	FP	FP
chr14	106258941	106259057	116	69	1	1	21	independent	independent	3	3	True	92	0.237	0.273	gain	FP	FP
chr14	106258941	106259978	1037	56	1	1	20	independent	independent	3	3	True	78	0.237	0.316	gain	FP	FP
chr14	106258941	106260007	1066	57	1	1	19	independent	independent	3	3	True	78	0.237	0.303	gain	FP	FP
chr14	106258941	106260019	1078	54	1	2	20	independent	independent	3	3	True	77	0.237	0.323	gain	FP	FP
chr14	106258941	106260053	1112	53	3	2	19	independent	independent	3	3	True	77	0.237	0.32	gain	FP	FP
chr14	106258941	106260409	1468	53	1	13	9	independent	independent	3	3	True	76	0.237	0.14	gain	FP	TP
chr14	106258941	106260844	1903	51	1	4	18	independent	independent	3	3	True	74	0.237	0.337	gain	FP	TP
chr14	106258941	106261960	3019	46	2	7	14	independent	independent	3	3	True	69	0.237	0.333	gain	FP	TP
chr14	106258941	106263711	4770	31	3	7	14	independent	independent	3	3	True	55	0.237	0.394	gain	FP	TP
chr14	106258941	106263877	4936	31	3	6	15	independent	independent	3	3	True	55	0.237	0.411	gain	FP	TP
chr14	106258941	106263928	4987	3	30	14	6	independent	independent	3	3	True	53	0.237	0.587	gain	FP	TP
chr14	106258941	106264043	5102	3	29	15	6	independent	independent	3	3	True	53	0.237	0.591	gain	FP	TP
chr14	106258941	106264354	5413	26	2	7	14	independent	independent	3	3	True	49	0.237	0.434	gain	FP	TP
chr14	106258941	106265666	6725	25	2	7	14	independent	independent	3	3	True	48	0.237	0.418	gain	FP	TP
chr14	106258941	106268545	9604	5	17	9	10	independent	independent	3	3	True	41	0.237	0.482	gain	FP	TP
chr14	106258941	106269575	10634	1	17	10	10	independent	independent	3	3	True	38	0.237	0.481	gain	FP	TP
chr14	106258941	106270090	11149	1	19	3	16	independent	independent	3	3	True	39	0.237	0.927	gain	FP	TP
chr14	106258941	106270441	11500	6	14	10	10	independent	independent	3	3	True	40	0.237	0.407	gain	FP	TP
chr14	106258941	106270702	11761	3	17	9	11	independent	independent	3	3	True	40	0.237	0.45	gain	FP	TP
chr14	106258941	106270718	11777	3	17	9	11	independent	independent	3	3	True	40	0.237	0.455	gain	FP	TP
chr14	106258941	106271247	12306	16	2	14	5	independent	independent	3	3	True	37	0.237	0.127	gain	FP	FP
chr14	106258941	106271265	12324	15	3	11	9	independent	independent	3	3	True	38	0.237	0.562	gain	FP	TP
chr14	106258941	106271270	12329	3	15	10	10	independent	independent	3	3	True	38	0.237	0.404	gain	FP	FP
chr14	106258941	106271295	12354	5	13	11	7	independent	independent	3	3	True	36	0.237	0.366	gain	FP	FP
chr14	106258941	106271296	12355	4	14	11	9	independent	independent	3	3	True	38	0.237	0.392	gain	FP	FP
chr14	106258941	106271503	12562	5	13	9	11	independent	independent	3	3	True	38	0.237	0.382	gain	FP	FP
chr14	106258941	106271595	12654	3	13	9	11	independent	independent	3	3	True	36	0.237	0.406	gain	FP	FP
chr14	106258941	106271777	12836	4	13	9	10	independent	independent	3	3	True	36	0.237	0.356	gain	FP	FP
chr14	106258941	106271995	13054	4	12	8	11	independent	independent	3	3	True	35	0.237	0.358	gain	FP	FP
chr14	106258941	106272014	13073	3	13	8	11	independent	independent	3	3	True	35	0.237	0.387	gain	FP	FP
chr14	106258941	106272088	13147	4	12	8	11	independent	independent	3	3	True	35	0.237	0.343	gain	FP	FP
chr14	106258941	106272475	13534	3	12	9	10	independent	independent	3	3	True	34	0.237	0.321	gain	FP	FP
chr14	106258941	106272500	13559	4	11	9	9	independent	independent	3	3	True	33	0.237	0.298	gain	FP	FP
chr14	106258941	106272627	13686	3	11	8	11	independent	independent	3	3	True	33	0.237	0.32	gain	FP	FP
chr14	106258941	106272649	13708	3	12	8	11	independent	independent	3	3	True	34	0.237	0.33	gain	FP	FP
chr14	106258941	106272832	13891	3	10	9	9	independent	independent	3	3	True	31	0.237	0.284	gain	FP	FP
chr14	106258941	106272835	13894	3	10	9	10	independent	independent	3	3	True	32	0.237	0.291	gain	FP	FP
chr14	106258941	106272853	13912	3	12	8	11	independent	independent	3	3	True	34	0.237	0.301	gain	FP	FP
chr14	106258941	106272875	13934	4	11	8	11	independent	independent	3	3	True	34	0.237	0.294	gain	FP	FP
chr14	106258941	106272879	13938	4	11	8	11	independent	independent	3	3	True	34	0.237	0.311	gain	FP	FP
chr14	106258941	106272981	14040	3	12	8	11	independent	independent	3	3	True	34	0.237	0.327	gain	FP	FP
chr14	106258941	106273054	14113	3	11	6	13	independent	independent	3	3	True	33	0.237	0.32	gain	FP	FP
chr14	106258941	106273055	14114	3	12	8	11	independent	independent	3	3	True	34	0.237	0.31	gain	FP	FP
chr14	106258941	106273615	14674	3	10	7	11	independent	independent	3	3	True	31	0.237	0.281	gain	FP	FP
chr14	106259057	106259259	202	69	1	1	26	independent	independent	3	3	True	97	0.273	0.273	gain	FP	FP
chr14	106259057	106259298	241	68	1	2	25	independent	independent	3	3	True	96	0.273	0.263	gain	FP	FP
chr14	106259057	106259420	363	68	1	1	25	independent	independent	3	3	True	95	0.273	0.257	gain	FP	FP
chr14	106259057	106259445	388	63	3	1	24	independent	independent	3	3	True	91	0.273	0.286	gain	FP	FP
chr14	106259057	106259450	393	66	1	1	25	independent	independent	3	3	True	93	0.273	0.27	gain	FP	FP
chr14	106259057	106259478	421	64	1	1	23	independent	independent	3	3	True	89	0.273	0.26	gain	FP	FP
chr14	106259057	106259531	474	66	1	1	25	independent	independent	3	3	True	93	0.273	0.27	gain	FP	FP
chr14	106259057	106259978	921	58	1	2	23	independent	independent	3	3	True	84	0.273	0.316	gain	FP	FP
chr14	106259057	106259990	933	58	1	5	22	independent	independent	3	3	True	86	0.273	0.297	gain	FP	FP
chr14	106259057	106260007	950	59	1	2	22	independent	independent	3	3	True	84	0.273	0.303	gain	FP	FP
chr14	106259057	106260019	962	56	1	3	24	independent	independent	3	3	True	84	0.273	0.323	gain	FP	FP
chr14	106259057	106260053	996	56	2	3	23	independent	independent	3	3	True	84	0.273	0.32	gain	FP	FP
chr14	106259057	106260409	1352	55	1	17	10	independent	independent	3	3	True	83	0.273	0.14	gain	FP	TP
chr14	106259057	106260844	1787	53	1	5	22	independent	independent	3	3	True	81	0.273	0.337	gain	FP	TP
chr14	106259057	106261960	2903	48	2	9	17	independent	independent	3	3	True	76	0.273	0.333	gain	FP	TP
chr14	106259057	106263711	4654	33	3	8	18	independent	independent	3	3	True	62	0.273	0.394	gain	FP	TP
chr14	106259057	106263877	4820	32	3	7	19	independent	independent	3	3	True	61	0.273	0.411	gain	FP	TP
chr14	106259057	106263928	4871	3	31	18	7	independent	independent	3	3	True	59	0.273	0.587	gain	FP	TP
chr14	106259057	106264043	4986	3	30	17	8	independent	independent	3	3	True	58	0.273	0.591	gain	FP	TP
chr14	106259057	106264354	5297	26	3	9	16	independent	independent	3	3	True	54	0.273	0.434	gain	FP	TP
chr14	106259057	106265666	6609	24	3	10	16	independent	independent	3	3	True	53	0.273	0.418	gain	FP	TP
chr14	106259057	106268545	9488	6	16	10	12	independent	independent	3	3	True	44	0.273	0.482	gain	FP	TP
chr14	106259057	106269575	10518	2	17	11	12	independent	independent	3	3	True	42	0.273	0.481	gain	FP	TP
chr14	106259057	106270090	11033	1	19	3	20	independent	independent	3	3	True	43	0.273	0.927	gain	FP	TP
chr14	106259057	106270441	11384	6	14	12	12	independent	independent	3	3	True	44	0.273	0.407	gain	FP	TP
chr14	106259057	106270702	11645	4	16	10	14	independent	independent	3	3	True	44	0.273	0.45	gain	FP	TP
chr14	106259057	106270718	11661	4	16	10	14	independent	independent	3	3	True	44	0.273	0.455	gain	FP	TP
chr14	106259057	106271247	12190	17	1	17	6	independent	independent	3	3	True	41	0.273	0.127	gain	FP	FP
chr14	106259057	106271265	12208	14	4	14	10	independent	independent	3	3	True	42	0.273	0.562	gain	FP	TP
chr14	106259057	106271270	12213	4	14	11	13	independent	independent	3	3	True	42	0.273	0.404	gain	FP	FP
chr14	106259057	106271295	12238	5	13	13	9	independent	independent	3	3	True	40	0.273	0.366	gain	FP	FP
chr14	106259057	106271296	12239	5	13	12	12	independent	independent	3	3	True	42	0.273	0.392	gain	FP	FP
chr14	106259057	106271503	12446	6	12	11	13	independent	independent	3	3	True	42	0.273	0.382	gain	FP	FP
chr14	106259057	106271595	12538	4	12	10	14	independent	independent	3	3	True	40	0.273	0.406	gain	FP	FP
chr14	106259057	106271777	12720	5	12	10	13	independent	independent	3	3	True	40	0.273	0.356	gain	FP	FP
chr14	106259057	106271995	12938	5	11	9	14	independent	independent	3	3	True	39	0.273	0.358	gain	FP	FP
chr14	106259057	106272014	12957	4	12	9	14	independent	independent	3	3	True	39	0.273	0.387	gain	FP	FP
chr14	106259057	106272088	13031	4	12	10	13	independent	independent	3	3	True	39	0.273	0.343	gain	FP	FP
chr14	106259057	106272475	13418	4	11	9	14	independent	independent	3	3	True	38	0.273	0.321	gain	FP	FP
chr14	106259057	106272500	13443	5	10	11	11	independent	independent	3	3	True	37	0.273	0.298	gain	FP	FP
chr14	106259057	106272627	13570	4	10	9	14	independent	independent	3	3	True	37	0.273	0.32	gain	FP	FP
chr14	106259057	106272649	13592	4	11	9	14	independent	independent	3	3	True	38	0.273	0.33	gain	FP	FP
chr14	106259057	106272832	13775	4	9	11	11	independent	independent	3	3	True	35	0.273	0.284	gain	FP	FP
chr14	106259057	106272835	13778	4	9	10	13	independent	independent	3	3	True	36	0.273	0.291	gain	FP	FP
chr14	106259057	106272853	13796	4	11	9	14	independent	independent	3	3	True	38	0.273	0.301	gain	FP	FP
chr14	106259057	106272875	13818	5	10	9	14	independent	independent	3	3	True	38	0.273	0.294	gain	FP	FP
chr14	106259057	106272879	13822	5	10	9	14	independent	independent	3	3	True	38	0.273	0.311	gain	FP	FP
chr14	106259057	106272981	13924	4	11	9	14	independent	independent	3	3	True	38	0.273	0.327	gain	FP	FP
chr14	106259057	106273054	13997	4	10	7	16	independent	independent	3	3	True	37	0.273	0.32	gain	FP	FP
chr14	106259057	106273055	13998	4	11	8	14	independent	independent	3	3	True	37	0.273	0.31	gain	FP	FP
chr14	106259057	106273615	14558	4	9	8	14	independent	independent	3	3	True	35	0.273	0.281	gain	FP	FP
chr14	106259259	106259420	161	70	1	1	25	independent	independent	3	3	True	97	0.273	0.257	gain	FP	FP
chr14	106259259	106259445	186	65	3	1	24	independent	independent	3	3	True	93	0.273	0.286	gain	FP	FP
chr14	106259259	106259450	191	68	1	1	25	independent	independent	3	3	True	95	0.273	0.27	gain	FP	FP
chr14	106259259	106259478	219	66	1	1	23	independent	independent	3	3	True	91	0.273	0.26	gain	FP	FP
chr14	106259259	106259531	272	68	1	1	25	independent	independent	3	3	True	95	0.273	0.27	gain	FP	FP
chr14	106259259	106259978	719	60	1	2	23	independent	independent	3	3	True	86	0.273	0.316	gain	FP	FP
chr14	106259259	106260007	748	61	1	2	22	independent	independent	3	3	True	86	0.273	0.303	gain	FP	FP
chr14	106259259	106260019	760	58	1	3	24	independent	independent	3	3	True	86	0.273	0.323	gain	FP	FP
chr14	106259259	106260053	794	57	3	4	22	independent	independent	3	3	True	86	0.273	0.32	gain	FP	FP
chr14	106259259	106260409	1150	56	1	17	10	independent	independent	3	3	True	84	0.273	0.14	gain	FP	TP
chr14	106259259	106260844	1585	54	1	5	22	independent	independent	3	3	True	82	0.273	0.337	gain	FP	TP
chr14	106259259	106261960	2701	49	2	9	17	independent	independent	3	3	True	77	0.273	0.333	gain	FP	TP
chr14	106259259	106263711	4452	34	3	8	18	independent	independent	3	3	True	63	0.273	0.394	gain	FP	TP
chr14	106259259	106263877	4618	33	3	7	19	independent	independent	3	3	True	62	0.273	0.411	gain	FP	TP
chr14	106259259	106263928	4669	3	32	18	7	independent	independent	3	3	True	60	0.273	0.587	gain	FP	TP
chr14	106259259	106264043	4784	3	31	17	8	independent	independent	3	3	True	59	0.273	0.591	gain	FP	TP
chr14	106259259	106264354	5095	27	2	9	17	independent	independent	3	3	True	55	0.273	0.434	gain	FP	TP
chr14	106259259	106265666	6407	26	2	9	17	independent	independent	3	3	True	54	0.273	0.418	gain	FP	TP
chr14	106259259	106268545	9286	5	17	11	11	independent	independent	3	3	True	44	0.273	0.482	gain	FP	TP
chr14	106259259	106269575	10316	1	17	12	12	independent	independent	3	3	True	42	0.273	0.481	gain	FP	TP
chr14	106259259	106270090	10831	1	19	3	20	independent	independent	3	3	True	43	0.273	0.927	gain	FP	TP
chr14	106259259	106270441	11182	6	14	12	12	independent	independent	3	3	True	44	0.273	0.407	gain	FP	TP
chr14	106259259	106270702	11443	3	17	11	13	independent	independent	3	3	True	44	0.273	0.45	gain	FP	TP
chr14	106259259	106270718	11459	3	17	11	13	independent	independent	3	3	True	44	0.273	0.455	gain	FP	TP
chr14	106259259	106271247	11988	16	2	18	5	independent	independent	3	3	True	41	0.273	0.127	gain	FP	FP
chr14	106259259	106271265	12006	15	3	13	11	independent	independent	3	3	True	42	0.273	0.562	gain	FP	TP
chr14	106259259	106271270	12011	3	15	12	12	independent	independent	3	3	True	42	0.273	0.404	gain	FP	FP
chr14	106259259	106271295	12036	5	13	13	9	independent	independent	3	3	True	40	0.273	0.366	gain	FP	FP
chr14	106259259	106271296	12037	4	14	13	11	independent	independent	3	3	True	42	0.273	0.392	gain	FP	FP
chr14	106259259	106271503	12244	5	13	12	12	independent	independent	3	3	True	42	0.273	0.382	gain	FP	FP
chr14	106259259	106271595	12336	3	13	11	13	independent	independent	3	3	True	40	0.273	0.406	gain	FP	FP
chr14	106259259	106271777	12518	4	13	11	12	independent	independent	3	3	True	40	0.273	0.356	gain	FP	FP
chr14	106259259	106271995	12736	4	12	10	13	independent	independent	3	3	True	39	0.273	0.358	gain	FP	FP
chr14	106259259	106272014	12755	3	13	10	13	independent	independent	3	3	True	39	0.273	0.387	gain	FP	FP
chr14	106259259	106272088	12829	4	12	10	13	independent	independent	3	3	True	39	0.273	0.343	gain	FP	FP
chr14	106259259	106272475	13216	3	12	10	13	independent	independent	3	3	True	38	0.273	0.321	gain	FP	FP
chr14	106259259	106272500	13241	4	11	12	10	independent	independent	3	3	True	37	0.273	0.298	gain	FP	FP
chr14	106259259	106272627	13368	3	11	10	13	independent	independent	3	3	True	37	0.273	0.32	gain	FP	FP
chr14	106259259	106272649	13390	3	12	10	13	independent	independent	3	3	True	38	0.273	0.33	gain	FP	FP
chr14	106259259	106272832	13573	3	10	12	10	independent	independent	3	3	True	35	0.273	0.284	gain	FP	FP
chr14	106259259	106272835	13576	3	10	11	12	independent	independent	3	3	True	36	0.273	0.291	gain	FP	FP
chr14	106259259	106272853	13594	3	12	10	13	independent	independent	3	3	True	38	0.273	0.301	gain	FP	FP
chr14	106259259	106272875	13616	4	11	10	13	independent	independent	3	3	True	38	0.273	0.294	gain	FP	FP
chr14	106259259	106272879	13620	4	11	10	13	independent	independent	3	3	True	38	0.273	0.311	gain	FP	FP
chr14	106259259	106272981	13722	3	12	10	13	independent	independent	3	3	True	38	0.273	0.327	gain	FP	FP
chr14	106259259	106273054	13795	3	11	8	15	independent	independent	3	3	True	37	0.273	0.32	gain	FP	FP
chr14	106259259	106273055	13796	3	12	9	13	independent	independent	3	3	True	37	0.273	0.31	gain	FP	FP
chr14	106259259	106273615	14356	3	10	9	13	independent	independent	3	3	True	35	0.273	0.281	gain	FP	FP
chr14	106259291	106259445	154	64	1	2	22	independent	independent	3	3	True	89	0.277	0.286	gain	FP	FP
chr14	106259291	106260053	762	57	1	5	19	independent	independent	3	3	True	82	0.277	0.32	gain	FP	FP
chr14	106259291	106261960	2669	47	1	8	16	independent	independent	3	3	True	72	0.277	0.333	gain	FP	TP
chr14	106259291	106263711	4420	33	2	7	17	independent	independent	3	3	True	59	0.277	0.394	gain	FP	TP
chr14	106259291	106263877	4586	31	2	7	17	independent	independent	3	3	True	57	0.277	0.411	gain	FP	TP
chr14	106259291	106263928	4637	2	30	16	7	independent	independent	3	3	True	55	0.277	0.587	gain	FP	TP
chr14	106259291	106264043	4752	2	30	15	8	independent	independent	3	3	True	55	0.277	0.591	gain	FP	TP
chr14	106259291	106264354	5063	26	2	8	15	independent	independent	3	3	True	51	0.277	0.434	gain	FP	TP
chr14	106259291	106265666	6375	23	2	9	15	independent	independent	3	3	True	49	0.277	0.418	gain	FP	TP
chr14	106259291	106268545	9254	5	15	10	11	independent	independent	3	3	True	41	0.277	0.482	gain	FP	TP
chr14	106259291	106269575	10284	1	17	10	11	independent	independent	3	3	True	39	0.277	0.481	gain	FP	TP
chr14	106259291	106270090	10799	0	18	3	19	independent	independent	3	3	True	40	0.277	0.927	gain	FP	TP
chr14	106259291	106270441	11150	4	14	11	11	independent	independent	3	3	True	40	0.277	0.407	gain	FP	TP
chr14	106259291	106270702	11411	2	16	10	12	independent	independent	3	3	True	40	0.277	0.45	gain	FP	TP
chr14	106259291	106270718	11427	2	16	10	12	independent	independent	3	3	True	40	0.277	0.455	gain	FP	TP
chr14	106259291	106271247	11956	15	1	17	5	independent	independent	3	3	True	38	0.277	0.127	gain	FP	FP
chr14	106259291	106271265	11974	14	2	12	10	independent	independent	3	3	True	38	0.277	0.562	gain	FP	TP
chr14	106259291	106271270	11979	2	14	11	11	independent	independent	3	3	True	38	0.277	0.404	gain	FP	FP
chr14	106259291	106271295	12004	3	13	12	8	independent	independent	3	3	True	36	0.277	0.366	gain	FP	FP
chr14	106259291	106271296	12005	3	13	12	10	independent	independent	3	3	True	38	0.277	0.392	gain	FP	FP
chr14	106259291	106271503	12212	4	12	11	11	independent	independent	3	3	True	38	0.277	0.382	gain	FP	FP
chr14	106259291	106271595	12304	2	12	10	12	independent	independent	3	3	True	36	0.277	0.406	gain	FP	FP
chr14	106259291	106271777	12486	3	12	10	11	independent	independent	3	3	True	36	0.277	0.356	gain	FP	FP
chr14	106259291	106271995	12704	3	11	9	12	independent	independent	3	3	True	35	0.277	0.358	gain	FP	FP
chr14	106259291	106272014	12723	2	12	9	12	independent	independent	3	3	True	35	0.277	0.387	gain	FP	FP
chr14	106259291	106272088	12797	2	12	9	12	independent	independent	3	3	True	35	0.277	0.343	gain	FP	FP
chr14	106259291	106272475	13184	2	11	9	12	independent	independent	3	3	True	34	0.277	0.321	gain	FP	FP
chr14	106259291	106272500	13209	3	10	11	9	independent	independent	3	3	True	33	0.277	0.298	gain	FP	FP
chr14	106259291	106272627	13336	3	10	8	12	independent	independent	3	3	True	33	0.277	0.32	gain	FP	FP
chr14	106259291	106272649	13358	2	11	9	12	independent	independent	3	3	True	34	0.277	0.33	gain	FP	FP
chr14	106259291	106272832	13541	2	9	11	9	independent	independent	3	3	True	31	0.277	0.284	gain	FP	FP
chr14	106259291	106272835	13544	2	9	10	11	independent	independent	3	3	True	32	0.277	0.291	gain	FP	FP
chr14	106259291	106272853	13562	2	11	9	12	independent	independent	3	3	True	34	0.277	0.301	gain	FP	FP
chr14	106259291	106272875	13584	3	10	9	12	independent	independent	3	3	True	34	0.277	0.294	gain	FP	FP
chr14	106259291	106272879	13588	3	10	9	12	independent	independent	3	3	True	34	0.277	0.311	gain	FP	FP
chr14	106259291	106272981	13690	2	11	9	12	independent	independent	3	3	True	34	0.277	0.327	gain	FP	FP
chr14	106259291	106273054	13763	2	10	7	14	independent	independent	3	3	True	33	0.277	0.32	gain	FP	FP
chr14	106259291	106273055	13764	2	11	8	12	independent	independent	3	3	True	33	0.277	0.31	gain	FP	FP
chr14	106259291	106273615	14324	2	9	9	12	independent	independent	3	3	True	32	0.277	0.281	gain	FP	FP
chr14	106259298	106259420	122	71	2	1	24	independent	independent	3	3	True	98	0.263	0.257	gain	FP	FP
chr14	106259298	106259445	147	66	4	1	23	independent	independent	3	3	True	94	0.263	0.286	gain	FP	FP
chr14	106259298	106259450	152	69	2	1	24	independent	independent	3	3	True	96	0.263	0.27	gain	FP	FP
chr14	106259298	106259478	180	67	2	1	22	independent	independent	3	3	True	92	0.263	0.26	gain	FP	FP
chr14	106259298	106259531	233	69	2	1	24	independent	independent	3	3	True	96	0.263	0.27	gain	FP	FP
chr14	106259298	106259978	680	61	2	2	22	independent	independent	3	3	True	87	0.263	0.316	gain	FP	FP
chr14	106259298	106259990	692	62	1	4	22	independent	independent	3	3	True	89	0.263	0.297	gain	FP	FP
chr14	106259298	106260007	709	62	2	2	21	independent	independent	3	3	True	87	0.263	0.303	gain	FP	FP
chr14	106259298	106260019	721	60	1	2	24	independent	independent	3	3	True	87	0.263	0.323	gain	FP	FP
chr14	106259298	106260053	755	58	4	4	21	independent	independent	3	3	True	87	0.263	0.32	gain	FP	FP
chr14	106259298	106260409	1111	57	2	17	9	independent	independent	3	3	True	85	0.263	0.14	gain	FP	TP
chr14	106259298	106260844	1546	54	2	5	21	independent	independent	3	3	True	82	0.263	0.337	gain	FP	TP
chr14	106259298	106261960	2662	49	3	9	16	independent	independent	3	3	True	77	0.263	0.333	gain	FP	TP
chr14	106259298	106263711	4413	35	3	7	18	independent	independent	3	3	True	63	0.263	0.394	gain	FP	TP
chr14	106259298	106263877	4579	34	3	6	19	independent	independent	3	3	True	62	0.263	0.411	gain	FP	TP
chr14	106259298	106263928	4630	3	33	18	6	independent	independent	3	3	True	60	0.263	0.587	gain	FP	TP
chr14	106259298	106264043	4745	3	32	17	7	independent	independent	3	3	True	59	0.263	0.591	gain	FP	TP
chr14	106259298	106264354	5056	28	2	8	17	independent	independent	3	3	True	55	0.263	0.434	gain	FP	TP
chr14	106259298	106265666	6368	27	2	8	17	independent	independent	3	3	True	54	0.263	0.418	gain	FP	TP
chr14	106259298	106268545	9247	5	18	11	10	independent	independent	3	3	True	44	0.263	0.482	gain	FP	TP
chr14	106259298	106269575	10277	1	18	12	11	independent	independent	3	3	True	42	0.263	0.481	gain	FP	TP
chr14	106259298	106270090	10792	2	19	2	20	independent	independent	3	3	True	43	0.263	0.927	gain	FP	TP
chr14	106259298	106270441	11143	6	15	12	11	independent	independent	3	3	True	44	0.263	0.407	gain	FP	TP
chr14	106259298	106270702	11404	3	18	11	12	independent	independent	3	3	True	44	0.263	0.45	gain	FP	TP
chr14	106259298	106270718	11420	3	18	11	12	independent	independent	3	3	True	44	0.263	0.455	gain	FP	TP
chr14	106259298	106271247	11949	16	3	18	4	independent	independent	3	3	True	41	0.263	0.127	gain	FP	FP
chr14	106259298	106271265	11967	16	3	12	11	independent	independent	3	3	True	42	0.263	0.562	gain	FP	TP
chr14	106259298	106271270	11972	3	16	12	11	independent	independent	3	3	True	42	0.263	0.404	gain	FP	FP
chr14	106259298	106271295	11997	5	14	13	8	independent	independent	3	3	True	40	0.263	0.366	gain	FP	FP
chr14	106259298	106271296	11998	4	15	13	10	independent	independent	3	3	True	42	0.263	0.392	gain	FP	FP
chr14	106259298	106271503	12205	5	14	12	11	independent	independent	3	3	True	42	0.263	0.382	gain	FP	FP
chr14	106259298	106271595	12297	3	14	11	12	independent	independent	3	3	True	40	0.263	0.406	gain	FP	FP
chr14	106259298	106271777	12479	4	14	11	11	independent	independent	3	3	True	40	0.263	0.356	gain	FP	FP
chr14	106259298	106271995	12697	4	13	10	12	independent	independent	3	3	True	39	0.263	0.358	gain	FP	FP
chr14	106259298	106272014	12716	3	14	10	12	independent	independent	3	3	True	39	0.263	0.387	gain	FP	FP
chr14	106259298	106272088	12790	4	13	10	12	independent	independent	3	3	True	39	0.263	0.343	gain	FP	FP
chr14	106259298	106272475	13177	3	13	10	12	independent	independent	3	3	True	38	0.263	0.321	gain	FP	FP
chr14	106259298	106272500	13202	4	12	12	9	independent	independent	3	3	True	37	0.263	0.298	gain	FP	FP
chr14	106259298	106272627	13329	3	12	10	12	independent	independent	3	3	True	37	0.263	0.32	gain	FP	FP
chr14	106259298	106272649	13351	3	13	10	12	independent	independent	3	3	True	38	0.263	0.33	gain	FP	FP
chr14	106259298	106272832	13534	3	11	12	9	independent	independent	3	3	True	35	0.263	0.284	gain	FP	FP
chr14	106259298	106272835	13537	3	11	11	11	independent	independent	3	3	True	36	0.263	0.291	gain	FP	FP
chr14	106259298	106272853	13555	3	13	10	12	independent	independent	3	3	True	38	0.263	0.301	gain	FP	FP
chr14	106259298	106272875	13577	4	12	10	12	independent	independent	3	3	True	38	0.263	0.294	gain	FP	FP
chr14	106259298	106272879	13581	4	12	10	12	independent	independent	3	3	True	38	0.263	0.311	gain	FP	FP
chr14	106259298	106272981	13683	3	13	10	12	independent	independent	3	3	True	38	0.263	0.327	gain	FP	FP
chr14	106259298	106273054	13756	3	12	8	14	independent	independent	3	3	True	37	0.263	0.32	gain	FP	FP
chr14	106259298	106273055	13757	3	13	9	12	independent	independent	3	3	True	37	0.263	0.31	gain	FP	FP
chr14	106259298	106273615	14317	3	11	9	12	independent	independent	3	3	True	35	0.263	0.281	gain	FP	FP
chr14	106259420	106260053	633	62	2	3	22	independent	independent	3	3	True	89	0.257	0.32	gain	FP	FP
chr14	106259420	106261960	2540	53	1	8	17	independent	independent	3	3	True	79	0.257	0.333	gain	FP	TP
chr14	106259420	106263711	4291	38	2	7	18	independent	independent	3	3	True	65	0.257	0.394	gain	FP	TP
chr14	106259420	106263877	4457	37	2	6	19	independent	independent	3	3	True	64	0.257	0.411	gain	FP	TP
chr14	106259420	106263928	4508	2	36	18	6	independent	independent	3	3	True	62	0.257	0.587	gain	FP	TP
chr14	106259420	106264043	4623	2	35	17	7	independent	independent	3	3	True	61	0.257	0.591	gain	FP	TP
chr14	106259420	106264354	4934	31	2	8	16	independent	independent	3	3	True	57	0.257	0.434	gain	FP	TP
chr14	106259420	106265666	6246	29	2	9	16	independent	independent	3	3	True	56	0.257	0.418	gain	FP	TP
chr14	106259420	106268545	9125	7	17	10	12	independent	independent	3	3	True	46	0.257	0.482	gain	FP	TP
chr14	106259420	106269575	10155	1	21	11	11	independent	independent	3	3	True	44	0.257	0.481	gain	FP	TP
chr14	106259420	106270090	10670	1	21	3	19	independent	independent	3	3	True	44	0.257	0.927	gain	FP	TP
chr14	106259420	106270441	11021	5	17	12	11	independent	independent	3	3	True	45	0.257	0.407	gain	FP	TP
chr14	106259420	106270702	11282	3	19	10	13	independent	independent	3	3	True	45	0.257	0.45	gain	FP	TP
chr14	106259420	106270718	11298	3	19	10	13	independent	independent	3	3	True	45	0.257	0.455	gain	FP	TP
chr14	106259420	106271247	11827	18	1	16	6	independent	independent	3	3	True	41	0.257	0.127	gain	FP	FP
chr14	106259420	106271265	11845	16	3	13	10	independent	independent	3	3	True	42	0.257	0.562	gain	FP	TP
chr14	106259420	106271270	11850	3	16	11	12	independent	independent	3	3	True	42	0.257	0.404	gain	FP	FP
chr14	106259420	106271295	11875	4	15	13	8	independent	independent	3	3	True	40	0.257	0.366	gain	FP	FP
chr14	106259420	106271296	11876	4	15	12	11	independent	independent	3	3	True	42	0.257	0.392	gain	FP	FP
chr14	106259420	106271503	12083	6	13	10	13	independent	independent	3	3	True	42	0.257	0.382	gain	FP	FP
chr14	106259420	106271595	12175	3	14	10	13	independent	independent	3	3	True	40	0.257	0.406	gain	FP	FP
chr14	106259420	106271777	12357	4	14	10	12	independent	independent	3	3	True	40	0.257	0.356	gain	FP	FP
chr14	106259420	106271995	12575	4	12	9	13	independent	independent	3	3	True	38	0.257	0.358	gain	FP	FP
chr14	106259420	106272014	12594	3	13	9	13	independent	independent	3	3	True	38	0.257	0.387	gain	FP	FP
chr14	106259420	106272088	12668	3	13	10	12	independent	independent	3	3	True	38	0.257	0.343	gain	FP	FP
chr14	106259420	106272475	13055	3	12	9	13	independent	independent	3	3	True	37	0.257	0.321	gain	FP	FP
chr14	106259420	106272500	13080	4	11	11	10	independent	independent	3	3	True	36	0.257	0.298	gain	FP	FP
chr14	106259420	106272627	13207	3	11	9	13	independent	independent	3	3	True	36	0.257	0.32	gain	FP	FP
chr14	106259420	106272649	13229	3	12	9	13	independent	independent	3	3	True	37	0.257	0.33	gain	FP	FP
chr14	106259420	106272832	13412	3	10	11	10	independent	independent	3	3	True	34	0.257	0.284	gain	FP	FP
chr14	106259420	106272835	13415	3	10	10	12	independent	independent	3	3	True	35	0.257	0.291	gain	FP	FP
chr14	106259420	106272853	13433	3	12	9	13	independent	independent	3	3	True	37	0.257	0.301	gain	FP	FP
chr14	106259420	106272875	13455	4	11	9	13	independent	independent	3	3	True	37	0.257	0.294	gain	FP	FP
chr14	106259420	106272879	13459	4	11	9	13	independent	independent	3	3	True	37	0.257	0.311	gain	FP	FP
chr14	106259420	106272981	13561	3	12	9	13	independent	independent	3	3	True	37	0.257	0.327	gain	FP	FP
chr14	106259420	106273054	13634	3	11	8	14	independent	independent	3	3	True	36	0.257	0.32	gain	FP	FP
chr14	106259420	106273055	13635	3	12	8	13	independent	independent	3	3	True	36	0.257	0.31	gain	FP	FP
chr14	106259420	106273615	14195	3	10	8	13	independent	independent	3	3	True	34	0.257	0.281	gain	FP	FP
chr14	106259445	106260053	608	58	2	5	22	independent	independent	3	3	True	87	0.286	0.32	gain	FP	FP
chr14	106259445	106263711	4266	36	1	8	19	independent	independent	3	3	True	64	0.286	0.394	gain	FP	TP
chr14	106259445	106263877	4432	35	1	7	20	independent	independent	3	3	True	63	0.286	0.411	gain	FP	TP
chr14	106259445	106263928	4483	1	34	19	7	independent	independent	3	3	True	61	0.286	0.587	gain	FP	TP
chr14	106259445	106264043	4598	1	33	19	7	independent	independent	3	3	True	60	0.286	0.591	gain	FP	TP
chr14	106259445	106264354	4909	30	1	6	19	independent	independent	3	3	True	56	0.286	0.434	gain	FP	TP
chr14	106259445	106265666	6221	27	1	9	17	independent	independent	3	3	True	54	0.286	0.418	gain	FP	TP
chr14	106259445	106268545	9100	6	15	12	12	independent	independent	3	3	True	45	0.286	0.482	gain	FP	TP
chr14	106259445	106269575	10130	0	20	13	10	independent	independent	3	3	True	43	0.286	0.481	gain	FP	TP
chr14	106259445	106270090	10645	0	19	4	20	independent	independent	3	3	True	43	0.286	0.927	gain	FP	TP
chr14	106259445	106270441	10996	2	17	15	10	independent	independent	3	3	True	44	0.286	0.407	gain	FP	TP
chr14	106259445	106270702	11257	1	18	13	12	independent	independent	3	3	True	44	0.286	0.45	gain	FP	TP
chr14	106259445	106270718	11273	1	18	13	12	independent	independent	3	3	True	44	0.286	0.455	gain	FP	TP
chr14	106259445	106271247	11802	15	1	18	6	independent	independent	3	3	True	40	0.286	0.127	gain	FP	FP
chr14	106259445	106271265	11820	15	1	12	13	independent	independent	3	3	True	41	0.286	0.562	gain	FP	TP
chr14	106259445	106271270	11825	1	15	14	11	independent	independent	3	3	True	41	0.286	0.404	gain	FP	FP
chr14	106259445	106271295	11850	2	14	16	7	independent	independent	3	3	True	39	0.286	0.366	gain	FP	FP
chr14	106259445	106271296	11851	2	14	15	10	independent	independent	3	3	True	41	0.286	0.392	gain	FP	FP
chr14	106259445	106271503	12058	4	12	13	12	independent	independent	3	3	True	41	0.286	0.382	gain	FP	FP
chr14	106259445	106271595	12150	1	13	13	12	independent	independent	3	3	True	39	0.286	0.406	gain	FP	FP
chr14	106259445	106271777	12332	2	13	13	11	independent	independent	3	3	True	39	0.286	0.356	gain	FP	FP
chr14	106259445	106271995	12550	2	11	12	12	independent	independent	3	3	True	37	0.286	0.358	gain	FP	FP
chr14	106259445	106272014	12569	1	12	12	12	independent	independent	3	3	True	37	0.286	0.387	gain	FP	FP
chr14	106259445	106272088	12643	1	12	13	11	independent	independent	3	3	True	37	0.286	0.343	gain	FP	FP
chr14	106259445	106272475	13030	1	11	12	12	independent	independent	3	3	True	36	0.286	0.321	gain	FP	FP
chr14	106259445	106272500	13055	2	10	13	10	independent	independent	3	3	True	35	0.286	0.298	gain	FP	FP
chr14	106259445	106272627	13182	2	10	11	12	independent	independent	3	3	True	35	0.286	0.32	gain	FP	FP
chr14	106259445	106272649	13204	1	11	12	12	independent	independent	3	3	True	36	0.286	0.33	gain	FP	FP
chr14	106259445	106272832	13387	1	9	13	10	independent	independent	3	3	True	33	0.286	0.284	gain	FP	FP
chr14	106259445	106272835	13390	1	9	13	11	independent	independent	3	3	True	34	0.286	0.291	gain	FP	FP
chr14	106259445	106272853	13408	1	11	12	12	independent	independent	3	3	True	36	0.286	0.301	gain	FP	FP
chr14	106259445	106272875	13430	2	10	12	12	independent	independent	3	3	True	36	0.286	0.294	gain	FP	FP
chr14	106259445	106272879	13434	2	10	12	12	independent	independent	3	3	True	36	0.286	0.311	gain	FP	FP
chr14	106259445	106272981	13536	1	11	12	12	independent	independent	3	3	True	36	0.286	0.327	gain	FP	FP
chr14	106259445	106273054	13609	1	10	10	14	independent	independent	3	3	True	35	0.286	0.32	gain	FP	FP
chr14	106259445	106273055	13610	1	11	11	12	independent	independent	3	3	True	35	0.286	0.31	gain	FP	FP
chr14	106259445	106273615	14170	1	9	11	12	independent	independent	3	3	True	33	0.286	0.281	gain	FP	FP
chr14	106259450	106260053	603	61	2	3	23	independent	independent	3	3	True	89	0.27	0.32	gain	FP	FP
chr14	106259450	106261960	2510	52	1	7	19	independent	independent	3	3	True	79	0.27	0.333	gain	FP	TP
chr14	106259450	106263711	4261	37	2	7	19	independent	independent	3	3	True	65	0.27	0.394	gain	FP	TP
chr14	106259450	106263877	4427	36	2	6	20	independent	independent	3	3	True	64	0.27	0.411	gain	FP	TP
chr14	106259450	106263928	4478	2	35	19	6	independent	independent	3	3	True	62	0.27	0.587	gain	FP	TP
chr14	106259450	106264043	4593	2	34	19	6	independent	independent	3	3	True	61	0.27	0.591	gain	FP	TP
chr14	106259450	106264354	4904	30	2	7	18	independent	independent	3	3	True	57	0.27	0.434	gain	FP	TP
chr14	106259450	106265666	6216	28	2	8	17	independent	independent	3	3	True	55	0.27	0.418	gain	FP	TP
chr14	106259450	106268545	9095	7	16	11	11	independent	independent	3	3	True	45	0.27	0.482	gain	FP	TP
chr14	106259450	106269575	10125	1	20	12	10	independent	independent	3	3	True	43	0.27	0.481	gain	FP	TP
chr14	106259450	106270090	10640	1	20	3	19	independent	independent	3	3	True	43	0.27	0.927	gain	FP	TP
chr14	106259450	106270441	10991	4	17	13	10	independent	independent	3	3	True	44	0.27	0.407	gain	FP	TP
chr14	106259450	106270702	11252	3	18	11	12	independent	independent	3	3	True	44	0.27	0.45	gain	FP	TP
chr14	106259450	106270718	11268	3	18	11	12	independent	independent	3	3	True	44	0.27	0.455	gain	FP	TP
chr14	106259450	106271247	11797	17	1	16	6	independent	independent	3	3	True	40	0.27	0.127	gain	FP	FP
chr14	106259450	106271265	11815	15	3	12	11	independent	independent	3	3	True	41	0.27	0.562	gain	FP	TP
chr14	106259450	106271270	11820	3	15	12	11	independent	independent	3	3	True	41	0.27	0.404	gain	FP	FP
chr14	106259450	106271295	11845	4	14	14	7	independent	independent	3	3	True	39	0.27	0.366	gain	FP	FP
chr14	106259450	106271296	11846	4	14	13	10	independent	independent	3	3	True	41	0.27	0.392	gain	FP	FP
chr14	106259450	106271503	12053	6	12	11	12	independent	independent	3	3	True	41	0.27	0.382	gain	FP	FP
chr14	106259450	106271595	12145	3	13	11	12	independent	independent	3	3	True	39	0.27	0.406	gain	FP	FP
chr14	106259450	106271777	12327	4	13	11	11	independent	independent	3	3	True	39	0.27	0.356	gain	FP	FP
chr14	106259450	106271995	12545	4	11	10	12	independent	independent	3	3	True	37	0.27	0.358	gain	FP	FP
chr14	106259450	106272014	12564	3	12	10	12	independent	independent	3	3	True	37	0.27	0.387	gain	FP	FP
chr14	106259450	106272088	12638	3	12	11	11	independent	independent	3	3	True	37	0.27	0.343	gain	FP	FP
chr14	106259450	106272475	13025	3	11	10	12	independent	independent	3	3	True	36	0.27	0.321	gain	FP	FP
chr14	106259450	106272500	13050	4	10	11	10	independent	independent	3	3	True	35	0.27	0.298	gain	FP	FP
chr14	106259450	106272627	13177	3	10	10	12	independent	independent	3	3	True	35	0.27	0.32	gain	FP	FP
chr14	106259450	106272649	13199	3	11	10	12	independent	independent	3	3	True	36	0.27	0.33	gain	FP	FP
chr14	106259450	106272832	13382	3	9	11	10	independent	independent	3	3	True	33	0.27	0.284	gain	FP	FP
chr14	106259450	106272835	13385	3	9	11	11	independent	independent	3	3	True	34	0.27	0.291	gain	FP	FP
chr14	106259450	106272853	13403	3	11	10	12	independent	independent	3	3	True	36	0.27	0.301	gain	FP	FP
chr14	106259450	106272875	13425	4	10	10	12	independent	independent	3	3	True	36	0.27	0.294	gain	FP	FP
chr14	106259450	106272879	13429	4	10	10	12	independent	independent	3	3	True	36	0.27	0.311	gain	FP	FP
chr14	106259450	106272981	13531	3	11	10	12	independent	independent	3	3	True	36	0.27	0.327	gain	FP	FP
chr14	106259450	106273054	13604	3	10	8	14	independent	independent	3	3	True	35	0.27	0.32	gain	FP	FP
chr14	106259450	106273055	13605	3	11	9	12	independent	independent	3	3	True	35	0.27	0.31	gain	FP	FP
chr14	106259450	106273615	14165	3	9	9	12	independent	independent	3	3	True	33	0.27	0.281	gain	FP	FP
chr14	106259478	106260053	575	61	1	2	22	independent	independent	3	3	True	86	0.26	0.32	gain	FP	FP
chr14	106259478	106261960	2482	51	1	7	17	independent	independent	3	3	True	76	0.26	0.333	gain	FP	TP
chr14	106259478	106263711	4233	37	2	7	17	independent	independent	3	3	True	63	0.26	0.394	gain	FP	TP
chr14	106259478	106263877	4399	35	2	6	18	independent	independent	3	3	True	61	0.26	0.411	gain	FP	TP
chr14	106259478	106263928	4450	2	34	17	6	independent	independent	3	3	True	59	0.26	0.587	gain	FP	TP
chr14	106259478	106264043	4565	2	34	16	7	independent	independent	3	3	True	59	0.26	0.591	gain	FP	TP
chr14	106259478	106264354	4876	29	2	8	15	independent	independent	3	3	True	54	0.26	0.434	gain	FP	TP
chr14	106259478	106265666	6188	27	2	9	14	independent	independent	3	3	True	52	0.26	0.418	gain	FP	TP
chr14	106259478	106268545	9067	7	17	8	12	independent	independent	3	3	True	44	0.26	0.482	gain	FP	TP
chr14	106259478	106269575	10097	1	21	9	11	independent	independent	3	3	True	42	0.26	0.481	gain	FP	TP
chr14	106259478	106270090	10612	1	21	2	18	independent	independent	3	3	True	42	0.26	0.927	gain	FP	TP
chr14	106259478	106270441	10963	5	17	10	11	independent	independent	3	3	True	43	0.26	0.407	gain	FP	TP
chr14	106259478	106270702	11224	3	19	8	13	independent	independent	3	3	True	43	0.26	0.45	gain	FP	TP
chr14	106259478	106270718	11240	3	19	8	13	independent	independent	3	3	True	43	0.26	0.455	gain	FP	TP
chr14	106259478	106271247	11769	18	1	14	6	independent	independent	3	3	True	39	0.26	0.127	gain	FP	FP
chr14	106259478	106271265	11787	16	3	13	8	independent	independent	3	3	True	40	0.26	0.562	gain	FP	TP
chr14	106259478	106271270	11792	3	16	9	12	independent	independent	3	3	True	40	0.26	0.404	gain	FP	FP
chr14	106259478	106271295	11817	4	15	11	8	independent	independent	3	3	True	38	0.26	0.366	gain	FP	FP
chr14	106259478	106271296	11818	4	15	10	11	independent	independent	3	3	True	40	0.26	0.392	gain	FP	FP
chr14	106259478	106271503	12025	6	13	8	13	independent	independent	3	3	True	40	0.26	0.382	gain	FP	FP
chr14	106259478	106271595	12117	3	14	8	13	independent	independent	3	3	True	38	0.26	0.406	gain	FP	FP
chr14	106259478	106271777	12299	4	14	8	12	independent	independent	3	3	True	38	0.26	0.356	gain	FP	FP
chr14	106259478	106271995	12517	4	12	7	13	independent	independent	3	3	True	36	0.26	0.358	gain	FP	FP
chr14	106259478	106272014	12536	3	13	7	13	independent	independent	3	3	True	36	0.26	0.387	gain	FP	FP
chr14	106259478	106272088	12610	3	13	8	12	independent	independent	3	3	True	36	0.26	0.343	gain	FP	FP
chr14	106259478	106272475	12997	3	12	8	12	independent	independent	3	3	True	35	0.26	0.321	gain	FP	FP
chr14	106259478	106272500	13022	4	11	9	10	independent	independent	3	3	True	34	0.26	0.298	gain	FP	FP
chr14	106259478	106272627	13149	3	11	7	13	independent	independent	3	3	True	34	0.26	0.32	gain	FP	FP
chr14	106259478	106272649	13171	3	12	7	13	independent	independent	3	3	True	35	0.26	0.33	gain	FP	FP
chr14	106259478	106272832	13354	3	10	9	10	independent	independent	3	3	True	32	0.26	0.284	gain	FP	FP
chr14	106259478	106272835	13357	3	10	8	12	independent	independent	3	3	True	33	0.26	0.291	gain	FP	FP
chr14	106259478	106272853	13375	3	12	7	13	independent	independent	3	3	True	35	0.26	0.301	gain	FP	FP
chr14	106259478	106272875	13397	4	11	7	13	independent	independent	3	3	True	35	0.26	0.294	gain	FP	FP
chr14	106259478	106272879	13401	4	11	7	13	independent	independent	3	3	True	35	0.26	0.311	gain	FP	FP
chr14	106259478	106272981	13503	3	12	7	13	independent	independent	3	3	True	35	0.26	0.327	gain	FP	FP
chr14	106259478	106273054	13576	3	11	6	14	independent	independent	3	3	True	34	0.26	0.32	gain	FP	FP
chr14	106259478	106273055	13577	3	12	7	13	independent	independent	3	3	True	35	0.26	0.31	gain	FP	FP
chr14	106259478	106273615	14137	3	10	6	13	independent	independent	3	3	True	32	0.26	0.281	gain	FP	FP
chr14	106259531	106260053	522	61	2	3	23	independent	independent	3	3	True	89	0.27	0.32	gain	FP	FP
chr14	106259531	106261960	2429	52	1	7	19	independent	independent	3	3	True	79	0.27	0.333	gain	FP	TP
chr14	106259531	106263711	4180	37	2	7	19	independent	independent	3	3	True	65	0.27	0.394	gain	FP	TP
chr14	106259531	106263877	4346	36	2	6	20	independent	independent	3	3	True	64	0.27	0.411	gain	FP	TP
chr14	106259531	106263928	4397	2	35	19	6	independent	independent	3	3	True	62	0.27	0.587	gain	FP	TP
chr14	106259531	106264043	4512	2	34	18	7	independent	independent	3	3	True	61	0.27	0.591	gain	FP	TP
chr14	106259531	106264354	4823	31	2	7	18	independent	independent	3	3	True	58	0.27	0.434	gain	FP	TP
chr14	106259531	106265666	6135	29	2	9	16	independent	independent	3	3	True	56	0.27	0.418	gain	FP	TP
chr14	106259531	106268545	9014	7	17	11	12	independent	independent	3	3	True	47	0.27	0.482	gain	FP	TP
chr14	106259531	106269575	10044	1	21	12	11	independent	independent	3	3	True	45	0.27	0.481	gain	FP	TP
chr14	106259531	106270090	10559	1	21	3	20	independent	independent	3	3	True	45	0.27	0.927	gain	FP	TP
chr14	106259531	106270441	10910	5	17	13	11	independent	independent	3	3	True	46	0.27	0.407	gain	FP	TP
chr14	106259531	106270702	11171	3	19	11	13	independent	independent	3	3	True	46	0.27	0.45	gain	FP	TP
chr14	106259531	106270718	11187	3	19	11	13	independent	independent	3	3	True	46	0.27	0.455	gain	FP	TP
chr14	106259531	106271247	11716	18	1	17	6	independent	independent	3	3	True	42	0.27	0.127	gain	FP	FP
chr14	106259531	106271265	11734	16	3	13	11	independent	independent	3	3	True	43	0.27	0.562	gain	FP	TP
chr14	106259531	106271270	11739	3	16	12	12	independent	independent	3	3	True	43	0.27	0.404	gain	FP	FP
chr14	106259531	106271295	11764	4	15	14	8	independent	independent	3	3	True	41	0.27	0.366	gain	FP	FP
chr14	106259531	106271296	11765	4	15	13	11	independent	independent	3	3	True	43	0.27	0.392	gain	FP	FP
chr14	106259531	106271503	11972	6	13	11	13	independent	independent	3	3	True	43	0.27	0.382	gain	FP	FP
chr14	106259531	106271595	12064	3	14	11	13	independent	independent	3	3	True	41	0.27	0.406	gain	FP	FP
chr14	106259531	106271777	12246	4	14	11	12	independent	independent	3	3	True	41	0.27	0.356	gain	FP	FP
chr14	106259531	106271995	12464	4	12	10	13	independent	independent	3	3	True	39	0.27	0.358	gain	FP	FP
chr14	106259531	106272014	12483	3	13	10	13	independent	independent	3	3	True	39	0.27	0.387	gain	FP	FP
chr14	106259531	106272088	12557	3	13	11	12	independent	independent	3	3	True	39	0.27	0.343	gain	FP	FP
chr14	106259531	106272475	12944	3	12	10	13	independent	independent	3	3	True	38	0.27	0.321	gain	FP	FP
chr14	106259531	106272500	12969	4	11	12	10	independent	independent	3	3	True	37	0.27	0.298	gain	FP	FP
chr14	106259531	106272627	13096	3	11	10	13	independent	independent	3	3	True	37	0.27	0.32	gain	FP	FP
chr14	106259531	106272649	13118	3	12	10	13	independent	independent	3	3	True	38	0.27	0.33	gain	FP	FP
chr14	106259531	106272832	13301	3	10	12	10	independent	independent	3	3	True	35	0.27	0.284	gain	FP	FP
chr14	106259531	106272835	13304	3	10	11	12	independent	independent	3	3	True	36	0.27	0.291	gain	FP	FP
chr14	106259531	106272853	13322	3	12	10	13	independent	independent	3	3	True	38	0.27	0.301	gain	FP	FP
chr14	106259531	106272875	13344	4	11	10	13	independent	independent	3	3	True	38	0.27	0.294	gain	FP	FP
chr14	106259531	106272879	13348	4	11	10	13	independent	independent	3	3	True	38	0.27	0.311	gain	FP	FP
chr14	106259531	106272981	13450	3	12	10	13	independent	independent	3	3	True	38	0.27	0.327	gain	FP	FP
chr14	106259531	106273054	13523	3	11	8	15	independent	independent	3	3	True	37	0.27	0.32	gain	FP	FP
chr14	106259531	106273055	13524	3	12	9	13	independent	independent	3	3	True	37	0.27	0.31	gain	FP	FP
chr14	106259531	106273615	14084	3	10	9	13	independent	independent	3	3	True	35	0.27	0.281	gain	FP	FP
chr14	106259978	106260053	75	63	2	1	29	independent	independent	3	3	True	95	0.316	0.32	gain	FP	FP
chr14	106259978	106261960	1982	54	1	7	23	independent	independent	3	3	True	85	0.316	0.333	gain	FP	TP
chr14	106259978	106263711	3733	39	2	6	23	independent	independent	3	3	True	70	0.316	0.394	gain	FP	TP
chr14	106259978	106263877	3899	38	2	5	24	independent	independent	3	3	True	69	0.316	0.411	gain	FP	TP
chr14	106259978	106263928	3950	2	37	23	5	independent	independent	3	3	True	67	0.316	0.587	gain	FP	TP
chr14	106259978	106264043	4065	2	36	22	6	independent	independent	3	3	True	66	0.316	0.591	gain	FP	TP
chr14	106259978	106264354	4376	33	2	6	22	independent	independent	3	3	True	63	0.316	0.434	gain	FP	TP
chr14	106259978	106265666	5688	31	2	8	20	independent	independent	3	3	True	61	0.316	0.418	gain	FP	TP
chr14	106259978	106268545	8567	7	18	14	11	independent	independent	3	3	True	50	0.316	0.482	gain	FP	TP
chr14	106259978	106269575	9597	1	22	16	10	independent	independent	3	3	True	49	0.316	0.481	gain	FP	TP
chr14	106259978	106270090	10112	1	22	4	22	independent	independent	3	3	True	49	0.316	0.927	gain	FP	TP
chr14	106259978	106270441	10463	5	18	17	10	independent	independent	3	3	True	50	0.316	0.407	gain	FP	TP
chr14	106259978	106270702	10724	3	20	15	12	independent	independent	3	3	True	50	0.316	0.45	gain	FP	TP
chr14	106259978	106270718	10740	3	20	15	12	independent	independent	3	3	True	50	0.316	0.455	gain	FP	TP
chr14	106259978	106271247	11269	18	2	20	5	independent	independent	3	3	True	45	0.316	0.127	gain	FP	FP
chr14	106259978	106271265	11287	17	3	12	14	independent	independent	3	3	True	46	0.316	0.562	gain	FP	TP
chr14	106259978	106271270	11292	3	17	15	11	independent	independent	3	3	True	46	0.316	0.404	gain	FP	FP
chr14	106259978	106271295	11317	4	16	17	7	independent	independent	3	3	True	44	0.316	0.366	gain	FP	FP
chr14	106259978	106271296	11318	4	16	16	10	independent	independent	3	3	True	46	0.316	0.392	gain	FP	FP
chr14	106259978	106271503	11525	6	14	14	12	independent	independent	3	3	True	46	0.316	0.382	gain	FP	FP
chr14	106259978	106271595	11617	3	15	14	12	independent	independent	3	3	True	44	0.316	0.406	gain	FP	FP
chr14	106259978	106271777	11799	4	15	14	11	independent	independent	3	3	True	44	0.316	0.356	gain	FP	FP
chr14	106259978	106271995	12017	4	13	13	12	independent	independent	3	3	True	42	0.316	0.358	gain	FP	FP
chr14	106259978	106272014	12036	3	14	12	13	independent	independent	3	3	True	42	0.316	0.387	gain	FP	FP
chr14	106259978	106272088	12110	3	14	14	11	independent	independent	3	3	True	42	0.316	0.343	gain	FP	FP
chr14	106259978	106272475	12497	3	13	14	11	independent	independent	3	3	True	41	0.316	0.321	gain	FP	FP
chr14	106259978	106272500	12522	5	11	13	10	independent	independent	3	3	True	39	0.316	0.298	gain	FP	FP
chr14	106259978	106272627	12649	3	12	12	12	independent	independent	3	3	True	39	0.316	0.32	gain	FP	FP
chr14	106259978	106272649	12671	3	13	12	12	independent	independent	3	3	True	40	0.316	0.33	gain	FP	FP
chr14	106259978	106272832	12854	3	11	14	9	independent	independent	3	3	True	37	0.316	0.284	gain	FP	FP
chr14	106259978	106272835	12857	3	11	13	11	independent	independent	3	3	True	38	0.316	0.291	gain	FP	FP
chr14	106259978	106272853	12875	3	13	12	12	independent	independent	3	3	True	40	0.316	0.301	gain	FP	FP
chr14	106259978	106272875	12897	4	12	12	12	independent	independent	3	3	True	40	0.316	0.294	gain	FP	FP
chr14	106259978	106272879	12901	4	12	12	12	independent	independent	3	3	True	40	0.316	0.311	gain	FP	FP
chr14	106259978	106272981	13003	3	13	11	12	independent	independent	3	3	True	39	0.316	0.327	gain	FP	FP
chr14	106259978	106273054	13076	3	12	10	14	independent	independent	3	3	True	39	0.316	0.32	gain	FP	FP
chr14	106259978	106273055	13077	3	13	12	12	independent	independent	3	3	True	40	0.316	0.31	gain	FP	FP
chr14	106259978	106273615	13637	3	11	11	12	independent	independent	3	3	True	37	0.316	0.281	gain	FP	FP
chr14	106259990	106260019	29	65	3	1	29	independent	independent	3	3	True	98	0.297	0.323	gain	FP	FP
chr14	106259990	106260053	63	64	5	2	27	independent	independent	3	3	True	98	0.297	0.32	gain	FP	FP
chr14	106259990	106260409	419	65	1	19	10	independent	independent	3	3	True	95	0.297	0.14	gain	FP	TP
chr14	106259990	106260844	854	61	2	2	28	independent	independent	3	3	True	93	0.297	0.337	gain	FP	TP
chr14	106259990	106261960	1970	57	2	6	23	independent	independent	3	3	True	88	0.297	0.333	gain	FP	TP
chr14	106259990	106263711	3721	42	4	5	23	independent	independent	3	3	True	74	0.297	0.394	gain	FP	TP
chr14	106259990	106263877	3887	41	4	4	24	independent	independent	3	3	True	73	0.297	0.411	gain	FP	TP
chr14	106259990	106263928	3938	4	40	23	4	independent	independent	3	3	True	71	0.297	0.587	gain	FP	TP
chr14	106259990	106264043	4053	4	39	22	5	independent	independent	3	3	True	70	0.297	0.591	gain	FP	TP
chr14	106259990	106264354	4364	36	2	5	23	independent	independent	3	3	True	66	0.297	0.434	gain	FP	TP
chr14	106259990	106265666	5676	34	3	6	21	independent	independent	3	3	True	64	0.297	0.418	gain	FP	TP
chr14	106259990	106268545	8555	7	21	15	9	independent	independent	3	3	True	52	0.297	0.482	gain	FP	TP
chr14	106259990	106269575	9585	1	24	17	9	independent	independent	3	3	True	51	0.297	0.481	gain	FP	TP
chr14	106259990	106270090	10100	1	25	4	21	independent	independent	3	3	True	51	0.297	0.927	gain	FP	TP
chr14	106259990	106270441	10451	6	20	17	9	independent	independent	3	3	True	52	0.297	0.407	gain	FP	TP
chr14	106259990	106270702	10712	3	23	16	10	independent	independent	3	3	True	52	0.297	0.45	gain	FP	TP
chr14	106259990	106270718	10728	3	23	16	10	independent	independent	3	3	True	52	0.297	0.455	gain	FP	TP
chr14	106259990	106271247	11257	20	3	20	4	independent	independent	3	3	True	47	0.297	0.127	gain	FP	FP
chr14	106259990	106271265	11275	20	3	10	15	independent	independent	3	3	True	48	0.297	0.562	gain	FP	TP
chr14	106259990	106271270	11280	3	20	16	9	independent	independent	3	3	True	48	0.297	0.404	gain	FP	FP
chr14	106259990	106271295	11305	5	18	17	6	independent	independent	3	3	True	46	0.297	0.366	gain	FP	FP
chr14	106259990	106271296	11306	4	19	17	8	independent	independent	3	3	True	48	0.297	0.392	gain	FP	FP
chr14	106259990	106271503	11513	6	17	15	10	independent	independent	3	3	True	48	0.297	0.382	gain	FP	FP
chr14	106259990	106271595	11605	3	18	15	10	independent	independent	3	3	True	46	0.297	0.406	gain	FP	FP
chr14	106259990	106271777	11787	4	18	15	9	independent	independent	3	3	True	46	0.297	0.356	gain	FP	FP
chr14	106259990	106271995	12005	4	16	14	10	independent	independent	3	3	True	44	0.297	0.358	gain	FP	FP
chr14	106259990	106272014	12024	3	17	13	11	independent	independent	3	3	True	44	0.297	0.387	gain	FP	FP
chr14	106259990	106272088	12098	4	16	14	10	independent	independent	3	3	True	44	0.297	0.343	gain	FP	FP
chr14	106259990	106272475	12485	4	15	13	11	independent	independent	3	3	True	43	0.297	0.321	gain	FP	FP
chr14	106259990	106272500	12510	5	14	14	8	independent	independent	3	3	True	41	0.297	0.298	gain	FP	FP
chr14	106259990	106272627	12637	3	15	13	10	independent	independent	3	3	True	41	0.297	0.32	gain	FP	FP
chr14	106259990	106272649	12659	3	16	13	10	independent	independent	3	3	True	42	0.297	0.33	gain	FP	FP
chr14	106259990	106272832	12842	3	14	15	7	independent	independent	3	3	True	39	0.297	0.284	gain	FP	FP
chr14	106259990	106272835	12845	3	14	14	9	independent	independent	3	3	True	40	0.297	0.291	gain	FP	FP
chr14	106259990	106272853	12863	3	16	13	10	independent	independent	3	3	True	42	0.297	0.301	gain	FP	FP
chr14	106259990	106272875	12885	5	14	13	10	independent	independent	3	3	True	42	0.297	0.294	gain	FP	FP
chr14	106259990	106272879	12889	4	15	13	10	independent	independent	3	3	True	42	0.297	0.311	gain	FP	FP
chr14	106259990	106272981	12991	3	16	12	10	independent	independent	3	3	True	41	0.297	0.327	gain	FP	FP
chr14	106259990	106273054	13064	3	15	11	12	independent	independent	3	3	True	41	0.297	0.32	gain	FP	FP
chr14	106259990	106273055	13065	3	16	12	10	independent	independent	3	3	True	41	0.297	0.31	gain	FP	FP
chr14	106259990	106273615	13625	3	14	12	10	independent	independent	3	3	True	39	0.297	0.281	gain	FP	FP
chr14	106260007	106260053	46	65	2	1	28	independent	independent	3	3	True	96	0.303	0.32	gain	FP	FP
chr14	106260007	106261960	1953	56	1	7	22	independent	independent	3	3	True	86	0.303	0.333	gain	FP	TP
chr14	106260007	106263711	3704	41	2	4	24	independent	independent	3	3	True	71	0.303	0.394	gain	FP	TP
chr14	106260007	106263877	3870	40	2	4	24	independent	independent	3	3	True	70	0.303	0.411	gain	FP	TP
chr14	106260007	106263928	3921	2	39	23	4	independent	independent	3	3	True	68	0.303	0.587	gain	FP	TP
chr14	106260007	106264043	4036	2	38	22	5	independent	independent	3	3	True	67	0.303	0.591	gain	FP	TP
chr14	106260007	106264354	4347	34	2	6	21	independent	independent	3	3	True	63	0.303	0.434	gain	FP	TP
chr14	106260007	106265666	5659	32	2	7	20	independent	independent	3	3	True	61	0.303	0.418	gain	FP	TP
chr14	106260007	106268545	8538	7	19	14	10	independent	independent	3	3	True	50	0.303	0.482	gain	FP	TP
chr14	106260007	106269575	9568	1	23	15	9	independent	independent	3	3	True	48	0.303	0.481	gain	FP	TP
chr14	106260007	106270090	10083	1	23	4	21	independent	independent	3	3	True	49	0.303	0.927	gain	FP	TP
chr14	106260007	106270441	10434	5	19	16	9	independent	independent	3	3	True	49	0.303	0.407	gain	FP	TP
chr14	106260007	106270702	10695	3	21	14	11	independent	independent	3	3	True	49	0.303	0.45	gain	FP	TP
chr14	106260007	106270718	10711	3	21	14	11	independent	independent	3	3	True	49	0.303	0.455	gain	FP	TP
chr14	106260007	106271247	11240	19	2	19	5	independent	independent	3	3	True	45	0.303	0.127	gain	FP	FP
chr14	106260007	106271265	11258	18	3	11	13	independent	independent	3	3	True	45	0.303	0.562	gain	FP	TP
chr14	106260007	106271270	11263	3	18	14	10	independent	independent	3	3	True	45	0.303	0.404	gain	FP	FP
chr14	106260007	106271295	11288	4	17	16	6	independent	independent	3	3	True	43	0.303	0.366	gain	FP	FP
chr14	106260007	106271296	11289	4	17	15	9	independent	independent	3	3	True	45	0.303	0.392	gain	FP	FP
chr14	106260007	106271503	11496	6	15	13	11	independent	independent	3	3	True	45	0.303	0.382	gain	FP	FP
chr14	106260007	106271595	11588	3	16	13	11	independent	independent	3	3	True	43	0.303	0.406	gain	FP	FP
chr14	106260007	106271777	11770	4	16	13	10	independent	independent	3	3	True	43	0.303	0.356	gain	FP	FP
chr14	106260007	106271995	11988	4	14	12	11	independent	independent	3	3	True	41	0.303	0.358	gain	FP	FP
chr14	106260007	106272014	12007	3	15	11	12	independent	independent	3	3	True	41	0.303	0.387	gain	FP	FP
chr14	106260007	106272088	12081	3	15	13	10	independent	independent	3	3	True	41	0.303	0.343	gain	FP	FP
chr14	106260007	106272475	12468	3	14	13	10	independent	independent	3	3	True	40	0.303	0.321	gain	FP	FP
chr14	106260007	106272500	12493	5	12	12	9	independent	independent	3	3	True	38	0.303	0.298	gain	FP	FP
chr14	106260007	106272627	12620	3	13	11	11	independent	independent	3	3	True	38	0.303	0.32	gain	FP	FP
chr14	106260007	106272649	12642	3	14	11	11	independent	independent	3	3	True	39	0.303	0.33	gain	FP	FP
chr14	106260007	106272832	12825	3	12	13	8	independent	independent	3	3	True	36	0.303	0.284	gain	FP	FP
chr14	106260007	106272835	12828	3	12	12	10	independent	independent	3	3	True	37	0.303	0.291	gain	FP	FP
chr14	106260007	106272853	12846	3	14	11	11	independent	independent	3	3	True	39	0.303	0.301	gain	FP	FP
chr14	106260007	106272875	12868	5	12	11	11	independent	independent	3	3	True	39	0.303	0.294	gain	FP	FP
chr14	106260007	106272879	12872	4	13	11	11	independent	independent	3	3	True	39	0.303	0.311	gain	FP	FP
chr14	106260007	106272981	12974	3	14	10	11	independent	independent	3	3	True	38	0.303	0.327	gain	FP	FP
chr14	106260007	106273054	13047	3	13	9	13	independent	independent	3	3	True	38	0.303	0.32	gain	FP	FP
chr14	106260007	106273055	13048	3	14	11	11	independent	independent	3	3	True	39	0.303	0.31	gain	FP	FP
chr14	106260007	106273615	13608	3	12	11	11	independent	independent	3	3	True	37	0.303	0.281	gain	FP	FP
chr14	106260019	106260053	34	62	3	2	29	independent	independent	3	3	True	96	0.323	0.32	gain	FP	FP
chr14	106260019	106260409	390	61	1	21	10	independent	independent	3	3	True	93	0.323	0.14	gain	FP	TP
chr14	106260019	106260844	825	58	1	3	29	independent	independent	3	3	True	91	0.323	0.337	gain	FP	TP
chr14	106260019	106261960	1941	53	2	8	23	independent	independent	3	3	True	86	0.323	0.333	gain	FP	TP
chr14	106260019	106263711	3692	40	2	5	25	independent	independent	3	3	True	72	0.323	0.394	gain	FP	TP
chr14	106260019	106263877	3858	39	2	4	26	independent	independent	3	3	True	71	0.323	0.411	gain	FP	TP
chr14	106260019	106263928	3909	2	39	25	4	independent	independent	3	3	True	70	0.323	0.587	gain	FP	TP
chr14	106260019	106264043	4024	2	37	24	5	independent	independent	3	3	True	68	0.323	0.591	gain	FP	TP
chr14	106260019	106264354	4335	33	2	6	23	independent	independent	3	3	True	64	0.323	0.434	gain	FP	TP
chr14	106260019	106265666	5647	31	2	7	22	independent	independent	3	3	True	62	0.323	0.418	gain	FP	TP
chr14	106260019	106268545	8526	6	20	15	10	independent	independent	3	3	True	51	0.323	0.482	gain	FP	TP
chr14	106260019	106269575	9556	1	23	17	9	independent	independent	3	3	True	50	0.323	0.481	gain	FP	TP
chr14	106260019	106270090	10071	2	22	3	23	independent	independent	3	3	True	50	0.323	0.927	gain	FP	TP
chr14	106260019	106270441	10422	5	19	18	9	independent	independent	3	3	True	51	0.323	0.407	gain	FP	TP
chr14	106260019	106270702	10683	3	22	16	11	independent	independent	3	3	True	52	0.323	0.45	gain	FP	TP
chr14	106260019	106270718	10699	3	22	16	11	independent	independent	3	3	True	52	0.323	0.455	gain	FP	TP
chr14	106260019	106271247	11228	18	3	21	4	independent	independent	3	3	True	46	0.323	0.127	gain	FP	FP
chr14	106260019	106271265	11246	18	3	11	15	independent	independent	3	3	True	47	0.323	0.562	gain	FP	TP
chr14	106260019	106271270	11251	3	18	16	10	independent	independent	3	3	True	47	0.323	0.404	gain	FP	FP
chr14	106260019	106271295	11276	4	17	18	6	independent	independent	3	3	True	45	0.323	0.366	gain	FP	FP
chr14	106260019	106271296	11277	4	17	17	9	independent	independent	3	3	True	47	0.323	0.392	gain	FP	FP
chr14	106260019	106271503	11484	6	15	15	11	independent	independent	3	3	True	47	0.323	0.382	gain	FP	FP
chr14	106260019	106271595	11576	3	16	15	11	independent	independent	3	3	True	45	0.323	0.406	gain	FP	FP
chr14	106260019	106271777	11758	3	17	15	10	independent	independent	3	3	True	45	0.323	0.356	gain	FP	FP
chr14	106260019	106271995	11976	4	14	14	11	independent	independent	3	3	True	43	0.323	0.358	gain	FP	FP
chr14	106260019	106272014	11995	3	15	13	12	independent	independent	3	3	True	43	0.323	0.387	gain	FP	FP
chr14	106260019	106272088	12069	3	15	15	10	independent	independent	3	3	True	43	0.323	0.343	gain	FP	FP
chr14	106260019	106272475	12456	3	14	14	11	independent	independent	3	3	True	42	0.323	0.321	gain	FP	FP
chr14	106260019	106272500	12481	5	12	14	9	independent	independent	3	3	True	40	0.323	0.298	gain	FP	FP
chr14	106260019	106272627	12608	2	14	13	11	independent	independent	3	3	True	40	0.323	0.32	gain	FP	FP
chr14	106260019	106272649	12630	3	14	13	11	independent	independent	3	3	True	41	0.323	0.33	gain	FP	FP
chr14	106260019	106272832	12813	3	12	15	8	independent	independent	3	3	True	38	0.323	0.284	gain	FP	FP
chr14	106260019	106272835	12816	3	12	14	10	independent	independent	3	3	True	39	0.323	0.291	gain	FP	FP
chr14	106260019	106272853	12834	3	14	13	11	independent	independent	3	3	True	41	0.323	0.301	gain	FP	FP
chr14	106260019	106272875	12856	5	12	13	11	independent	independent	3	3	True	41	0.323	0.294	gain	FP	FP
chr14	106260019	106272879	12860	4	13	13	11	independent	independent	3	3	True	41	0.323	0.311	gain	FP	FP
chr14	106260019	106272981	12962	3	14	12	11	independent	independent	3	3	True	40	0.323	0.327	gain	FP	FP
chr14	106260019	106273054	13035	3	13	11	13	independent	independent	3	3	True	40	0.323	0.32	gain	FP	FP
chr14	106260019	106273055	13036	3	14	12	11	independent	independent	3	3	True	40	0.323	0.31	gain	FP	FP
chr14	106260019	106273615	13596	3	12	12	11	independent	independent	3	3	True	38	0.323	0.281	gain	FP	FP
chr14	106260053	106260409	356	61	2	23	8	independent	independent	3	3	True	94	0.32	0.14	gain	FP	TP
chr14	106260053	106260844	791	57	3	5	27	independent	independent	3	3	True	92	0.32	0.337	gain	FP	TP
chr14	106260053	106261960	1907	52	4	10	21	independent	independent	3	3	True	87	0.32	0.333	gain	FP	TP
chr14	106260053	106263711	3658	38	5	7	22	independent	independent	3	3	True	72	0.32	0.394	gain	FP	TP
chr14	106260053	106263877	3824	37	5	6	23	independent	independent	3	3	True	71	0.32	0.411	gain	FP	TP
chr14	106260053	106263928	3875	5	36	23	6	independent	independent	3	3	True	70	0.32	0.587	gain	FP	TP
chr14	106260053	106264043	3990	5	36	21	6	independent	independent	3	3	True	68	0.32	0.591	gain	FP	TP
chr14	106260053	106264354	4301	31	5	8	20	independent	independent	3	3	True	64	0.32	0.434	gain	FP	TP
chr14	106260053	106265666	5613	29	5	9	19	independent	independent	3	3	True	62	0.32	0.418	gain	FP	TP
chr14	106260053	106268545	8492	10	17	12	11	independent	independent	3	3	True	50	0.32	0.482	gain	FP	TP
chr14	106260053	106269575	9522	4	21	14	10	independent	independent	3	3	True	49	0.32	0.481	gain	FP	TP
chr14	106260053	106270090	10037	1	24	4	20	independent	independent	3	3	True	49	0.32	0.927	gain	FP	TP
chr14	106260053	106270441	10388	8	17	15	10	independent	independent	3	3	True	50	0.32	0.407	gain	FP	TP
chr14	106260053	106270702	10649	6	19	13	12	independent	independent	3	3	True	50	0.32	0.45	gain	FP	TP
chr14	106260053	106270718	10665	6	19	13	12	independent	independent	3	3	True	50	0.32	0.455	gain	FP	TP
chr14	106260053	106271247	11194	20	2	18	5	independent	independent	3	3	True	45	0.32	0.127	gain	FP	FP
chr14	106260053	106271265	11212	16	6	12	12	independent	independent	3	3	True	46	0.32	0.562	gain	FP	TP
chr14	106260053	106271270	11217	6	16	13	11	independent	independent	3	3	True	46	0.32	0.404	gain	FP	FP
chr14	106260053	106271295	11242	7	15	15	7	independent	independent	3	3	True	44	0.32	0.366	gain	FP	FP
chr14	106260053	106271296	11243	7	15	14	10	independent	independent	3	3	True	46	0.32	0.392	gain	FP	FP
chr14	106260053	106271503	11450	8	14	12	12	independent	independent	3	3	True	46	0.32	0.382	gain	FP	FP
chr14	106260053	106271595	11542	6	14	12	12	independent	independent	3	3	True	44	0.32	0.406	gain	FP	FP
chr14	106260053	106271777	11724	7	14	12	11	independent	independent	3	3	True	44	0.32	0.356	gain	FP	FP
chr14	106260053	106271995	11942	7	12	11	12	independent	independent	3	3	True	42	0.32	0.358	gain	FP	FP
chr14	106260053	106272014	11961	6	13	10	13	independent	independent	3	3	True	42	0.32	0.387	gain	FP	FP
chr14	106260053	106272088	12035	6	13	12	11	independent	independent	3	3	True	42	0.32	0.343	gain	FP	FP
chr14	106260053	106272475	12422	5	14	12	11	independent	independent	3	3	True	42	0.32	0.321	gain	FP	FP
chr14	106260053	106272500	12447	8	11	11	10	independent	independent	3	3	True	40	0.32	0.298	gain	FP	FP
chr14	106260053	106272627	12574	6	12	10	12	independent	independent	3	3	True	40	0.32	0.32	gain	FP	FP
chr14	106260053	106272649	12596	6	13	10	12	independent	independent	3	3	True	41	0.32	0.33	gain	FP	FP
chr14	106260053	106272832	12779	6	11	12	9	independent	independent	3	3	True	38	0.32	0.284	gain	FP	FP
chr14	106260053	106272835	12782	6	11	11	11	independent	independent	3	3	True	39	0.32	0.291	gain	FP	FP
chr14	106260053	106272853	12800	6	13	10	12	independent	independent	3	3	True	41	0.32	0.301	gain	FP	FP
chr14	106260053	106272875	12822	8	11	10	12	independent	independent	3	3	True	41	0.32	0.294	gain	FP	FP
chr14	106260053	106272879	12826	7	12	10	12	independent	independent	3	3	True	41	0.32	0.311	gain	FP	FP
chr14	106260053	106272981	12928	6	13	9	12	independent	independent	3	3	True	40	0.32	0.327	gain	FP	FP
chr14	106260053	106273054	13001	6	12	9	13	independent	independent	3	3	True	40	0.32	0.32	gain	FP	FP
chr14	106260053	106273055	13002	5	13	10	12	independent	independent	3	3	True	40	0.32	0.31	gain	FP	FP
chr14	106260053	106273615	13562	6	11	9	12	independent	independent	3	3	True	38	0.32	0.281	gain	FP	FP
chr14	106260409	106260844	435	63	20	1	13	independent	independent	3	3	True	97	0.14	0.337	gain	TP	TP
chr14	106260409	106263711	3302	44	20	3	8	independent	independent	3	3	True	75	0.14	0.394	gain	TP	TP
chr14	106260409	106263877	3468	43	20	2	9	independent	independent	3	3	True	74	0.14	0.411	gain	TP	TP
chr14	106260409	106263928	3519	20	42	8	2	independent	independent	3	3	True	72	0.14	0.587	gain	TP	TP
chr14	106260409	106264043	3634	18	42	9	2	independent	independent	3	3	True	71	0.14	0.591	gain	TP	TP
chr14	106260409	106264354	3945	39	18	2	8	independent	independent	3	3	True	67	0.14	0.434	gain	TP	TP
chr14	106260409	106265666	5257	36	18	4	7	independent	independent	3	3	True	65	0.14	0.418	gain	TP	TP
chr14	106260409	106268545	8136	18	25	4	5	independent	independent	3	3	True	52	0.14	0.482	gain	TP	TP
chr14	106260409	106269575	9166	12	30	6	3	independent	independent	3	3	True	51	0.14	0.481	gain	TP	TP
chr14	106260409	106270090	9681	4	38	1	8	independent	independent	3	3	True	51	0.14	0.927	gain	TP	TP
chr14	106260409	106270441	10032	16	26	7	3	independent	independent	3	3	True	52	0.14	0.407	gain	TP	TP
chr14	106260409	106270702	10293	14	28	5	5	independent	independent	3	3	True	52	0.14	0.45	gain	TP	TP
chr14	106260409	106270718	10309	14	28	5	5	independent	independent	3	3	True	52	0.14	0.455	gain	TP	TP
chr14	106260409	106271247	10838	36	2	4	5	independent	independent	3	3	True	47	0.14	0.127	gain	TP	FP
chr14	106260409	106271265	10856	25	13	5	5	independent	independent	3	3	True	48	0.14	0.562	gain	TP	TP
chr14	106260409	106271270	10861	13	25	6	4	independent	independent	3	3	True	48	0.14	0.404	gain	TP	FP
chr14	106260409	106271295	10886	16	20	6	4	independent	independent	3	3	True	46	0.14	0.366	gain	TP	FP
chr14	106260409	106271296	10887	16	22	5	5	independent	independent	3	3	True	48	0.14	0.392	gain	TP	FP
chr14	106260409	106271503	11094	16	22	5	5	independent	independent	3	3	True	48	0.14	0.382	gain	TP	FP
chr14	106260409	106271595	11186	13	23	5	5	independent	independent	3	3	True	46	0.14	0.406	gain	TP	FP
chr14	106260409	106271777	11368	14	22	5	5	independent	independent	3	3	True	46	0.14	0.356	gain	TP	FP
chr14	106260409	106271995	11586	13	21	5	5	independent	independent	3	3	True	44	0.14	0.358	gain	TP	FP
chr14	106260409	106272014	11605	11	23	5	5	independent	independent	3	3	True	44	0.14	0.387	gain	TP	FP
chr14	106260409	106272088	11679	12	22	6	4	independent	independent	3	3	True	44	0.14	0.343	gain	TP	FP
chr14	106260409	106272475	12066	13	20	4	6	independent	independent	3	3	True	43	0.14	0.321	gain	TP	FP
chr14	106260409	106272500	12091	14	18	5	4	independent	independent	3	3	True	41	0.14	0.298	gain	TP	FP
chr14	106260409	106272627	12218	12	20	5	5	independent	independent	3	3	True	42	0.14	0.32	gain	TP	FP
chr14	106260409	106272649	12240	12	21	5	5	independent	independent	3	3	True	43	0.14	0.33	gain	TP	FP
chr14	106260409	106272832	12423	14	16	5	5	independent	independent	3	3	True	40	0.14	0.284	gain	TP	FP
chr14	106260409	106272835	12426	12	19	6	4	independent	independent	3	3	True	41	0.14	0.291	gain	TP	FP
chr14	106260409	106272853	12444	12	21	5	5	independent	independent	3	3	True	43	0.14	0.301	gain	TP	FP
chr14	106260409	106272875	12466	14	19	5	5	independent	independent	3	3	True	43	0.14	0.294	gain	TP	FP
chr14	106260409	106272879	12470	13	20	5	5	independent	independent	3	3	True	43	0.14	0.311	gain	TP	FP
chr14	106260409	106272981	12572	11	21	5	5	independent	independent	3	3	True	42	0.14	0.327	gain	TP	FP
chr14	106260409	106273054	12645	11	21	4	6	independent	independent	3	3	True	42	0.14	0.32	gain	TP	FP
chr14	106260409	106273055	12646	12	21	4	5	independent	independent	3	3	True	42	0.14	0.31	gain	TP	FP
chr14	106260409	106273615	13206	12	19	4	5	independent	independent	3	3	True	40	0.14	0.281	gain	TP	FP
chr14	106260844	106261960	1116	60	2	6	28	independent	independent	3	3	True	96	0.337	0.333	gain	TP	TP
chr14	106260844	106263711	2867	45	2	3	28	independent	independent	3	3	True	78	0.337	0.394	gain	TP	TP
chr14	106260844	106263877	3033	44	2	2	29	independent	independent	3	3	True	77	0.337	0.411	gain	TP	TP
chr14	106260844	106263928	3084	2	43	28	2	independent	independent	3	3	True	75	0.337	0.587	gain	TP	TP
chr14	106260844	106264043	3199	2	42	27	3	independent	independent	3	3	True	74	0.337	0.591	gain	TP	TP
chr14	106260844	106264354	3510	38	2	4	26	independent	independent	3	3	True	70	0.337	0.434	gain	TP	TP
chr14	106260844	106265666	4822	36	2	5	25	independent	independent	3	3	True	68	0.337	0.418	gain	TP	TP
chr14	106260844	106268545	7701	7	23	17	8	independent	independent	3	3	True	55	0.337	0.482	gain	TP	TP
chr14	106260844	106269575	8731	2	26	18	8	independent	independent	3	3	True	54	0.337	0.481	gain	TP	TP
chr14	106260844	106270090	9246	1	26	4	22	independent	independent	3	3	True	53	0.337	0.927	gain	TP	TP
chr14	106260844	106270441	9597	6	21	19	8	independent	independent	3	3	True	54	0.337	0.407	gain	TP	TP
chr14	106260844	106270702	9858	3	24	18	9	independent	independent	3	3	True	54	0.337	0.45	gain	TP	TP
chr14	106260844	106270718	9874	3	24	18	9	independent	independent	3	3	True	54	0.337	0.455	gain	TP	TP
chr14	106260844	106271247	10403	21	3	21	4	independent	independent	3	3	True	49	0.337	0.127	gain	TP	FP
chr14	106260844	106271265	10421	21	3	9	17	independent	independent	3	3	True	50	0.337	0.562	gain	TP	TP
chr14	106260844	106271270	10426	4	20	17	9	independent	independent	3	3	True	50	0.337	0.404	gain	TP	FP
chr14	106260844	106271295	10451	4	20	20	4	independent	independent	3	3	True	48	0.337	0.366	gain	TP	FP
chr14	106260844	106271296	10452	4	20	19	7	independent	independent	3	3	True	50	0.337	0.392	gain	TP	FP
chr14	106260844	106271503	10659	6	18	17	9	independent	independent	3	3	True	50	0.337	0.382	gain	TP	FP
chr14	106260844	106271595	10751	3	19	17	9	independent	independent	3	3	True	48	0.337	0.406	gain	TP	FP
chr14	106260844	106271777	10933	4	19	17	8	independent	independent	3	3	True	48	0.337	0.356	gain	TP	FP
chr14	106260844	106271995	11151	4	17	16	9	independent	independent	3	3	True	46	0.337	0.358	gain	TP	FP
chr14	106260844	106272014	11170	3	18	15	10	independent	independent	3	3	True	46	0.337	0.387	gain	TP	FP
chr14	106260844	106272088	11244	3	18	16	8	independent	independent	3	3	True	45	0.337	0.343	gain	TP	FP
chr14	106260844	106272475	11631	4	16	15	10	independent	independent	3	3	True	45	0.337	0.321	gain	TP	FP
chr14	106260844	106272500	11656	5	15	16	7	independent	independent	3	3	True	43	0.337	0.298	gain	TP	FP
chr14	106260844	106272627	11783	3	16	15	9	independent	independent	3	3	True	43	0.337	0.32	gain	TP	FP
chr14	106260844	106272649	11805	3	17	15	9	independent	independent	3	3	True	44	0.337	0.33	gain	TP	FP
chr14	106260844	106272832	11988	3	15	17	6	independent	independent	3	3	True	41	0.337	0.284	gain	TP	FP
chr14	106260844	106272835	11991	4	14	15	9	independent	independent	3	3	True	42	0.337	0.291	gain	TP	FP
chr14	106260844	106272853	12009	3	17	15	9	independent	independent	3	3	True	44	0.337	0.301	gain	TP	FP
chr14	106260844	106272875	12031	5	15	15	9	independent	independent	3	3	True	44	0.337	0.294	gain	TP	FP
chr14	106260844	106272879	12035	4	16	15	9	independent	independent	3	3	True	44	0.337	0.311	gain	TP	FP
chr14	106260844	106272981	12137	3	17	13	9	independent	independent	3	3	True	42	0.337	0.327	gain	TP	FP
chr14	106260844	106273054	12210	3	16	13	11	independent	independent	3	3	True	43	0.337	0.32	gain	TP	FP
chr14	106260844	106273055	12211	3	17	14	9	independent	independent	3	3	True	43	0.337	0.31	gain	TP	FP
chr14	106260844	106273615	12771	3	15	14	9	independent	independent	3	3	True	41	0.337	0.281	gain	TP	FP
chr14	106261960	106263711	1751	48	6	3	29	independent	independent	3	3	True	86	0.333	0.394	gain	TP	TP
chr14	106261960	106263877	1917	48	6	2	30	independent	independent	3	3	True	86	0.333	0.411	gain	TP	TP
chr14	106261960	106263928	1968	7	46	29	2	independent	independent	3	3	True	84	0.333	0.587	gain	TP	TP
chr14	106261960	106264043	2083	5	47	29	2	independent	independent	3	3	True	83	0.333	0.591	gain	TP	TP
chr14	106261960	106264354	2394	43	4	2	29	independent	independent	3	3	True	78	0.333	0.434	gain	TP	TP
chr14	106261960	106265666	3706	40	5	4	27	independent	independent	3	3	True	76	0.333	0.418	gain	TP	TP
chr14	106261960	106268545	6585	8	27	17	6	independent	independent	3	3	True	58	0.333	0.482	gain	TP	TP
chr14	106261960	106269575	7615	2	29	20	5	independent	independent	3	3	True	56	0.333	0.481	gain	TP	TP
chr14	106261960	106270090	8130	3	28	2	23	independent	independent	3	3	True	56	0.333	0.927	gain	TP	TP
chr14	106261960	106270441	8481	7	24	21	5	independent	independent	3	3	True	57	0.333	0.407	gain	TP	TP
chr14	106261960	106270702	8742	4	27	19	7	independent	independent	3	3	True	57	0.333	0.45	gain	TP	TP
chr14	106261960	106270718	8758	4	27	19	7	independent	independent	3	3	True	57	0.333	0.455	gain	TP	TP
chr14	106261960	106271247	9287	25	3	19	5	independent	independent	3	3	True	52	0.333	0.127	gain	TP	FP
chr14	106261960	106271265	9305	24	4	7	18	independent	independent	3	3	True	53	0.333	0.562	gain	TP	TP
chr14	106261960	106271270	9310	4	24	19	6	independent	independent	3	3	True	53	0.333	0.404	gain	TP	FP
chr14	106261960	106271295	9335	7	20	20	4	independent	independent	3	3	True	51	0.333	0.366	gain	TP	FP
chr14	106261960	106271296	9336	6	20	19	6	independent	independent	3	3	True	51	0.333	0.392	gain	TP	FP
chr14	106261960	106271503	9543	7	20	18	7	independent	independent	3	3	True	52	0.333	0.382	gain	TP	FP
chr14	106261960	106271595	9635	4	21	18	7	independent	independent	3	3	True	50	0.333	0.406	gain	TP	FP
chr14	106261960	106271777	9817	5	21	18	6	independent	independent	3	3	True	50	0.333	0.356	gain	TP	FP
chr14	106261960	106271995	10035	5	19	17	7	independent	independent	3	3	True	48	0.333	0.358	gain	TP	FP
chr14	106261960	106272014	10054	4	20	16	8	independent	independent	3	3	True	48	0.333	0.387	gain	TP	FP
chr14	106261960	106272088	10128	4	20	17	6	independent	independent	3	3	True	47	0.333	0.343	gain	TP	FP
chr14	106261960	106272475	10515	5	17	16	8	independent	independent	3	3	True	46	0.333	0.321	gain	TP	FP
chr14	106261960	106272500	10540	7	15	16	6	independent	independent	3	3	True	44	0.333	0.298	gain	TP	FP
chr14	106261960	106272627	10667	4	17	16	7	independent	independent	3	3	True	44	0.333	0.32	gain	TP	FP
chr14	106261960	106272649	10689	4	18	16	7	independent	independent	3	3	True	45	0.333	0.33	gain	TP	FP
chr14	106261960	106272832	10872	6	14	16	7	independent	independent	3	3	True	43	0.333	0.284	gain	TP	FP
chr14	106261960	106272835	10875	4	16	17	6	independent	independent	3	3	True	43	0.333	0.291	gain	TP	FP
chr14	106261960	106272853	10893	4	18	16	7	independent	independent	3	3	True	45	0.333	0.301	gain	TP	FP
chr14	106261960	106272875	10915	6	16	16	7	independent	independent	3	3	True	45	0.333	0.294	gain	TP	FP
chr14	106261960	106272879	10919	5	17	16	7	independent	independent	3	3	True	45	0.333	0.311	gain	TP	FP
chr14	106261960	106272981	11021	4	18	14	7	independent	independent	3	3	True	43	0.333	0.327	gain	TP	FP
chr14	106261960	106273054	11094	4	17	14	9	independent	independent	3	3	True	44	0.333	0.32	gain	TP	FP
chr14	106261960	106273055	11095	4	18	15	7	independent	independent	3	3	True	44	0.333	0.31	gain	TP	FP
chr14	106261960	106273615	11655	4	16	15	7	independent	independent	3	3	True	42	0.333	0.281	gain	TP	FP
chr14	106263711	106264043	332	1	61	40	1	mutual_excl	independent	3	3	True	103	0.394	0.591	gain	TP	TP
chr14	106263711	106264354	643	54	2	2	39	independent	independent	3	3	True	97	0.394	0.434	gain	TP	TP
chr14	106263711	106265666	1955	49	1	3	35	independent	independent	3	3	True	88	0.394	0.418	gain	TP	TP
chr14	106263711	106268545	4834	7	32	21	7	independent	independent	3	3	True	67	0.394	0.482	gain	TP	TP
chr14	106263711	106269575	5864	2	33	22	7	independent	independent	3	3	True	64	0.394	0.481	gain	TP	TP
chr14	106263711	106270090	6379	3	30	3	27	independent	independent	3	3	True	63	0.394	0.927	gain	TP	TP
chr14	106263711	106270441	6730	7	27	23	7	independent	independent	3	3	True	64	0.394	0.407	gain	TP	TP
chr14	106263711	106270702	6991	3	32	22	8	independent	independent	3	3	True	65	0.394	0.45	gain	TP	TP
chr14	106263711	106270718	7007	3	32	22	8	independent	independent	3	3	True	65	0.394	0.455	gain	TP	TP
chr14	106263711	106271247	7536	22	7	26	3	independent	independent	3	3	True	58	0.394	0.127	gain	TP	FP
chr14	106263711	106271265	7554	29	3	8	21	independent	independent	3	3	True	61	0.394	0.562	gain	TP	TP
chr14	106263711	106271270	7559	6	26	21	8	independent	independent	3	3	True	61	0.394	0.404	gain	TP	FP
chr14	106263711	106271295	7584	5	25	24	4	independent	independent	3	3	True	58	0.394	0.366	gain	TP	FP
chr14	106263711	106271296	7585	4	26	23	6	independent	independent	3	3	True	59	0.394	0.392	gain	TP	FP
chr14	106263711	106271503	7792	6	25	21	8	independent	independent	3	3	True	60	0.394	0.382	gain	TP	FP
chr14	106263711	106271595	7884	3	26	21	8	independent	independent	3	3	True	58	0.394	0.406	gain	TP	FP
chr14	106263711	106271777	8066	4	25	21	7	independent	independent	3	3	True	57	0.394	0.356	gain	TP	FP
chr14	106263711	106271995	8284	4	24	20	8	independent	independent	3	3	True	56	0.394	0.358	gain	TP	FP
chr14	106263711	106272014	8303	3	25	19	9	independent	independent	3	3	True	56	0.394	0.387	gain	TP	FP
chr14	106263711	106272088	8377	4	24	20	7	independent	independent	3	3	True	55	0.394	0.343	gain	TP	FP
chr14	106263711	106272475	8764	4	22	19	9	independent	independent	3	3	True	54	0.394	0.321	gain	TP	FP
chr14	106263711	106272500	8789	5	21	20	6	independent	independent	3	3	True	52	0.394	0.298	gain	TP	FP
chr14	106263711	106272627	8916	3	22	19	8	independent	independent	3	3	True	52	0.394	0.32	gain	TP	FP
chr14	106263711	106272649	8938	3	22	19	8	independent	independent	3	3	True	52	0.394	0.33	gain	TP	FP
chr14	106263711	106272832	9121	3	21	21	5	independent	independent	3	3	True	50	0.394	0.284	gain	TP	FP
chr14	106263711	106272835	9124	5	20	19	7	independent	independent	3	3	True	51	0.394	0.291	gain	TP	FP
chr14	106263711	106272853	9142	3	22	19	8	independent	independent	3	3	True	52	0.394	0.301	gain	TP	FP
chr14	106263711	106272875	9164	5	21	18	8	independent	independent	3	3	True	52	0.394	0.294	gain	TP	FP
chr14	106263711	106272879	9168	4	22	19	8	independent	independent	3	3	True	53	0.394	0.311	gain	TP	FP
chr14	106263711	106272981	9270	3	23	17	8	independent	independent	3	3	True	51	0.394	0.327	gain	TP	FP
chr14	106263711	106273054	9343	3	21	17	10	independent	independent	3	3	True	51	0.394	0.32	gain	TP	FP
chr14	106263711	106273055	9344	3	22	18	8	independent	independent	3	3	True	51	0.394	0.31	gain	TP	FP
chr14	106263711	106273615	9904	2	19	19	8	independent	independent	3	3	True	48	0.394	0.281	gain	TP	FP
chr14	106263877	106264043	166	0	64	44	1	mutual_excl	independent	3	3	True	109	0.411	0.591	gain	TP	TP
chr14	106263877	106264354	477	58	1	2	43	independent	independent	3	3	True	104	0.411	0.434	gain	TP	TP
chr14	106263877	106268545	4668	7	33	22	7	independent	independent	3	3	True	69	0.411	0.482	gain	TP	TP
chr14	106263877	106269575	5698	1	34	24	7	independent	independent	3	3	True	66	0.411	0.481	gain	TP	TP
chr14	106263877	106270090	6213	3	31	3	28	independent	independent	3	3	True	65	0.411	0.927	gain	TP	TP
chr14	106263877	106270441	6564	6	28	25	7	independent	independent	3	3	True	66	0.411	0.407	gain	TP	TP
chr14	106263877	106270702	6825	2	33	24	8	independent	independent	3	3	True	67	0.411	0.45	gain	TP	TP
chr14	106263877	106270718	6841	2	33	24	8	independent	independent	3	3	True	67	0.411	0.455	gain	TP	TP
chr14	106263877	106271247	7370	23	7	27	3	independent	independent	3	3	True	60	0.411	0.127	gain	TP	FP
chr14	106263877	106271265	7388	30	2	8	23	independent	independent	3	3	True	63	0.411	0.562	gain	TP	TP
chr14	106263877	106271270	7393	5	27	23	8	independent	independent	3	3	True	63	0.411	0.404	gain	TP	FP
chr14	106263877	106271295	7418	4	26	26	4	independent	independent	3	3	True	60	0.411	0.366	gain	TP	FP
chr14	106263877	106271296	7419	3	27	25	6	independent	independent	3	3	True	61	0.411	0.392	gain	TP	FP
chr14	106263877	106271503	7626	5	25	23	8	independent	independent	3	3	True	61	0.411	0.382	gain	TP	FP
chr14	106263877	106271595	7718	2	26	23	8	independent	independent	3	3	True	59	0.411	0.406	gain	TP	FP
chr14	106263877	106271777	7900	3	25	23	7	independent	independent	3	3	True	58	0.411	0.356	gain	TP	FP
chr14	106263877	106271995	8118	3	24	22	8	independent	independent	3	3	True	57	0.411	0.358	gain	TP	FP
chr14	106263877	106272014	8137	2	25	21	9	independent	independent	3	3	True	57	0.411	0.387	gain	TP	FP
chr14	106263877	106272088	8211	3	24	22	7	independent	independent	3	3	True	56	0.411	0.343	gain	TP	FP
chr14	106263877	106272475	8598	3	22	21	9	independent	independent	3	3	True	55	0.411	0.321	gain	TP	FP
chr14	106263877	106272500	8623	4	21	22	6	independent	independent	3	3	True	53	0.411	0.298	gain	TP	FP
chr14	106263877	106272627	8750	2	22	21	8	independent	independent	3	3	True	53	0.411	0.32	gain	TP	FP
chr14	106263877	106272649	8772	2	22	21	8	independent	independent	3	3	True	53	0.411	0.33	gain	TP	FP
chr14	106263877	106272832	8955	2	21	23	5	independent	independent	3	3	True	51	0.411	0.284	gain	TP	FP
chr14	106263877	106272835	8958	4	20	21	7	independent	independent	3	3	True	52	0.411	0.291	gain	TP	FP
chr14	106263877	106272853	8976	2	22	21	8	independent	independent	3	3	True	53	0.411	0.301	gain	TP	FP
chr14	106263877	106272875	8998	4	21	20	8	independent	independent	3	3	True	53	0.411	0.294	gain	TP	FP
chr14	106263877	106272879	9002	3	22	21	8	independent	independent	3	3	True	54	0.411	0.311	gain	TP	FP
chr14	106263877	106272981	9104	2	23	19	8	independent	independent	3	3	True	52	0.411	0.327	gain	TP	FP
chr14	106263877	106273054	9177	2	21	19	10	independent	independent	3	3	True	52	0.411	0.32	gain	TP	FP
chr14	106263877	106273055	9178	2	22	20	8	independent	independent	3	3	True	52	0.411	0.31	gain	TP	FP
chr14	106263877	106273615	9738	2	19	20	8	independent	independent	3	3	True	49	0.411	0.281	gain	TP	FP
chr14	106263928	106264354	426	3	41	56	1	mutual_excl	independent	3	3	True	101	0.587	0.434	gain	TP	TP
chr14	106263928	106268545	4617	21	8	7	32	independent	independent	3	3	True	68	0.587	0.482	gain	TP	TP
chr14	106263928	106268552	4624	0	33	1	38	independent	independent	3	3	True	72	0.587	0.974	gain	TP	TP
chr14	106263928	106269575	5647	23	7	1	34	independent	independent	3	3	True	65	0.587	0.481	gain	TP	TP
chr14	106263928	106270090	6162	3	28	3	30	independent	independent	3	3	True	64	0.587	0.927	gain	TP	TP
chr14	106263928	106270441	6513	25	7	5	28	independent	independent	3	3	True	65	0.587	0.407	gain	TP	TP
chr14	106263928	106270702	6774	23	9	2	32	independent	independent	3	3	True	66	0.587	0.45	gain	TP	TP
chr14	106263928	106270718	6790	23	9	2	32	independent	independent	3	3	True	66	0.587	0.455	gain	TP	TP
chr14	106263928	106270868	6940	1	30	1	32	independent	independent	3	3	True	64	0.587	0.922	gain	TP	TP
chr14	106263928	106271247	7319	26	4	23	6	independent	independent	3	3	True	59	0.587	0.127	gain	TP	FP
chr14	106263928	106271265	7337	9	22	29	2	independent	independent	3	3	True	62	0.587	0.562	gain	TP	TP
chr14	106263928	106271270	7342	22	9	5	26	independent	independent	3	3	True	62	0.587	0.404	gain	TP	FP
chr14	106263928	106271295	7367	26	4	3	26	independent	independent	3	3	True	59	0.587	0.366	gain	TP	FP
chr14	106263928	106271296	7368	24	6	3	27	independent	independent	3	3	True	60	0.587	0.392	gain	TP	FP
chr14	106263928	106271503	7575	22	9	5	24	independent	independent	3	3	True	60	0.587	0.382	gain	TP	FP
chr14	106263928	106271595	7667	22	9	2	25	independent	independent	3	3	True	58	0.587	0.406	gain	TP	FP
chr14	106263928	106271615	7687	0	31	1	24	independent	independent	3	3	True	56	0.587	0.97	gain	TP	TP
chr14	106263928	106271777	7849	22	8	3	24	independent	independent	3	3	True	57	0.587	0.356	gain	TP	FP
chr14	106263928	106271995	8067	21	9	3	23	independent	independent	3	3	True	56	0.587	0.358	gain	TP	FP
chr14	106263928	106272014	8086	20	10	2	24	independent	independent	3	3	True	56	0.587	0.387	gain	TP	FP
chr14	106263928	106272088	8160	21	8	3	23	independent	independent	3	3	True	55	0.587	0.343	gain	TP	FP
chr14	106263928	106272475	8547	20	9	3	22	independent	independent	3	3	True	54	0.587	0.321	gain	TP	FP
chr14	106263928	106272500	8572	21	6	4	21	independent	independent	3	3	True	52	0.587	0.298	gain	TP	FP
chr14	106263928	106272627	8699	20	8	2	22	independent	independent	3	3	True	52	0.587	0.32	gain	TP	FP
chr14	106263928	106272649	8721	20	8	2	22	independent	independent	3	3	True	52	0.587	0.33	gain	TP	FP
chr14	106263928	106272832	8904	22	5	2	21	independent	independent	3	3	True	50	0.587	0.284	gain	TP	FP
chr14	106263928	106272835	8907	20	7	4	20	independent	independent	3	3	True	51	0.587	0.291	gain	TP	FP
chr14	106263928	106272853	8925	20	8	2	22	independent	independent	3	3	True	52	0.587	0.301	gain	TP	FP
chr14	106263928	106272875	8947	19	8	4	21	independent	independent	3	3	True	52	0.587	0.294	gain	TP	FP
chr14	106263928	106272879	8951	20	8	3	22	independent	independent	3	3	True	53	0.587	0.311	gain	TP	FP
chr14	106263928	106272981	9053	18	8	2	23	independent	independent	3	3	True	51	0.587	0.327	gain	TP	FP
chr14	106263928	106273054	9126	19	9	2	21	independent	independent	3	3	True	51	0.587	0.32	gain	TP	FP
chr14	106263928	106273055	9127	19	8	2	22	independent	independent	3	3	True	51	0.587	0.31	gain	TP	FP
chr14	106263928	106273615	9687	19	8	2	19	independent	independent	3	3	True	48	0.587	0.281	gain	TP	FP
chr14	106264043	106264354	311	1	43	58	1	mutual_excl	independent	3	3	True	103	0.591	0.434	gain	TP	TP
chr14	106264043	106268545	4502	23	6	7	34	independent	independent	3	3	True	70	0.591	0.482	gain	TP	TP
chr14	106264043	106268552	4509	0	33	1	40	independent	independent	3	3	True	74	0.591	0.974	gain	TP	TP
chr14	106264043	106269575	5532	25	6	1	35	independent	independent	3	3	True	67	0.591	0.481	gain	TP	TP
chr14	106264043	106270090	6047	3	28	3	32	independent	independent	3	3	True	66	0.591	0.927	gain	TP	TP
chr14	106264043	106270441	6398	26	6	6	29	independent	independent	3	3	True	67	0.591	0.407	gain	TP	TP
chr14	106264043	106270702	6659	25	7	2	34	independent	independent	3	3	True	68	0.591	0.45	gain	TP	TP
chr14	106264043	106270718	6675	25	7	2	34	independent	independent	3	3	True	68	0.591	0.455	gain	TP	TP
chr14	106264043	106270868	6825	0	31	2	33	independent	independent	3	3	True	66	0.591	0.922	gain	TP	TP
chr14	106264043	106271247	7204	27	3	24	7	independent	independent	3	3	True	61	0.591	0.127	gain	TP	FP
chr14	106264043	106271265	7222	7	24	31	2	independent	independent	3	3	True	64	0.591	0.562	gain	TP	TP
chr14	106264043	106271270	7227	24	7	5	28	independent	independent	3	3	True	64	0.591	0.404	gain	TP	FP
chr14	106264043	106271295	7252	27	3	4	27	independent	independent	3	3	True	61	0.591	0.366	gain	TP	FP
chr14	106264043	106271296	7253	26	5	3	28	independent	independent	3	3	True	62	0.591	0.392	gain	TP	FP
chr14	106264043	106271503	7460	23	7	5	26	independent	independent	3	3	True	61	0.591	0.382	gain	TP	FP
chr14	106264043	106271595	7552	23	7	2	27	independent	independent	3	3	True	59	0.591	0.406	gain	TP	FP
chr14	106264043	106271615	7572	0	30	1	26	independent	independent	3	3	True	57	0.591	0.97	gain	TP	TP
chr14	106264043	106271777	7734	23	6	3	26	independent	independent	3	3	True	58	0.591	0.356	gain	TP	FP
chr14	106264043	106271995	7952	22	7	3	25	independent	independent	3	3	True	57	0.591	0.358	gain	TP	FP
chr14	106264043	106272014	7971	21	8	2	26	independent	independent	3	3	True	57	0.591	0.387	gain	TP	FP
chr14	106264043	106272088	8045	22	6	3	25	independent	independent	3	3	True	56	0.591	0.343	gain	TP	FP
chr14	106264043	106272475	8432	21	8	3	23	independent	independent	3	3	True	55	0.591	0.321	gain	TP	FP
chr14	106264043	106272500	8457	21	6	5	21	independent	independent	3	3	True	53	0.591	0.298	gain	TP	FP
chr14	106264043	106272627	8584	21	7	2	23	independent	independent	3	3	True	53	0.591	0.32	gain	TP	FP
chr14	106264043	106272649	8606	21	7	2	23	independent	independent	3	3	True	53	0.591	0.33	gain	TP	FP
chr14	106264043	106272832	8789	22	5	3	21	independent	independent	3	3	True	51	0.591	0.284	gain	TP	FP
chr14	106264043	106272835	8792	21	6	4	21	independent	independent	3	3	True	52	0.591	0.291	gain	TP	FP
chr14	106264043	106272853	8810	21	7	2	23	independent	independent	3	3	True	53	0.591	0.301	gain	TP	FP
chr14	106264043	106272875	8832	20	7	4	22	independent	independent	3	3	True	53	0.591	0.294	gain	TP	FP
chr14	106264043	106272879	8836	21	7	3	23	independent	independent	3	3	True	54	0.591	0.311	gain	TP	FP
chr14	106264043	106272981	8938	19	7	2	24	independent	independent	3	3	True	52	0.591	0.327	gain	TP	FP
chr14	106264043	106273054	9011	19	9	2	22	independent	independent	3	3	True	52	0.591	0.32	gain	TP	FP
chr14	106264043	106273055	9012	20	7	2	23	independent	independent	3	3	True	52	0.591	0.31	gain	TP	FP
chr14	106264043	106273615	9572	20	7	2	20	independent	independent	3	3	True	49	0.591	0.281	gain	TP	FP
chr14	106264354	106265666	1312	52	1	2	39	independent	independent	3	3	True	94	0.434	0.418	gain	TP	TP
chr14	106264354	106268545	4191	7	32	23	6	independent	independent	3	3	True	68	0.434	0.482	gain	TP	TP
chr14	106264354	106268552	4198	0	39	1	32	independent	independent	3	3	True	72	0.434	0.974	gain	TP	TP
chr14	106264354	106269575	5221	1	34	25	7	independent	independent	3	3	True	67	0.434	0.481	gain	TP	TP
chr14	106264354	106270090	5736	1	32	4	27	independent	independent	3	3	True	64	0.434	0.927	gain	TP	TP
chr14	106264354	106270441	6087	5	29	25	6	independent	independent	3	3	True	65	0.434	0.407	gain	TP	TP
chr14	106264354	106270702	6348	1	33	25	7	independent	independent	3	3	True	66	0.434	0.45	gain	TP	TP
chr14	106264354	106270718	6364	1	33	25	7	independent	independent	3	3	True	66	0.434	0.455	gain	TP	TP
chr14	106264354	106271247	6893	23	6	27	3	independent	independent	3	3	True	59	0.434	0.127	gain	TP	FP
chr14	106264354	106271265	6911	30	1	7	24	independent	independent	3	3	True	62	0.434	0.562	gain	TP	TP
chr14	106264354	106271270	6916	4	27	24	7	independent	independent	3	3	True	62	0.434	0.404	gain	TP	FP
chr14	106264354	106271295	6941	3	26	26	4	independent	independent	3	3	True	59	0.434	0.366	gain	TP	FP
chr14	106264354	106271296	6942	2	27	26	5	independent	independent	3	3	True	60	0.434	0.392	gain	TP	FP
chr14	106264354	106271503	7149	4	25	23	7	independent	independent	3	3	True	59	0.434	0.382	gain	TP	FP
chr14	106264354	106271595	7241	1	26	23	7	independent	independent	3	3	True	57	0.434	0.406	gain	TP	FP
chr14	106264354	106271777	7423	2	26	23	5	independent	independent	3	3	True	56	0.434	0.356	gain	TP	FP
chr14	106264354	106271995	7641	2	24	22	7	independent	independent	3	3	True	55	0.434	0.358	gain	TP	FP
chr14	106264354	106272014	7660	1	25	21	8	independent	independent	3	3	True	55	0.434	0.387	gain	TP	FP
chr14	106264354	106272088	7734	2	24	21	7	independent	independent	3	3	True	54	0.434	0.343	gain	TP	FP
chr14	106264354	106272475	8121	2	22	21	8	independent	independent	3	3	True	53	0.434	0.321	gain	TP	FP
chr14	106264354	106272500	8146	4	20	21	6	independent	independent	3	3	True	51	0.434	0.298	gain	TP	FP
chr14	106264354	106272627	8273	2	22	21	7	independent	independent	3	3	True	52	0.434	0.32	gain	TP	FP
chr14	106264354	106272649	8295	1	23	21	6	independent	independent	3	3	True	51	0.434	0.33	gain	TP	FP
chr14	106264354	106272832	8478	2	20	22	5	independent	independent	3	3	True	49	0.434	0.284	gain	TP	FP
chr14	106264354	106272835	8481	2	21	22	5	independent	independent	3	3	True	50	0.434	0.291	gain	TP	FP
chr14	106264354	106272853	8499	1	22	21	7	independent	independent	3	3	True	51	0.434	0.301	gain	TP	FP
chr14	106264354	106272875	8521	3	21	20	7	independent	independent	3	3	True	51	0.434	0.294	gain	TP	FP
chr14	106264354	106272879	8525	2	22	21	7	independent	independent	3	3	True	52	0.434	0.311	gain	TP	FP
chr14	106264354	106272981	8627	1	23	19	7	independent	independent	3	3	True	50	0.434	0.327	gain	TP	FP
chr14	106264354	106273054	8700	1	21	19	9	independent	independent	3	3	True	50	0.434	0.32	gain	TP	FP
chr14	106264354	106273055	8701	1	22	20	7	independent	independent	3	3	True	50	0.434	0.31	gain	TP	FP
chr14	106264354	106273615	9261	1	19	20	7	independent	independent	3	3	True	47	0.434	0.281	gain	TP	FP
chr14	106265666	106268545	2879	8	40	26	4	independent	independent	3	3	True	78	0.418	0.482	gain	TP	TP
chr14	106265666	106269575	3909	2	38	29	5	independent	independent	3	3	True	74	0.418	0.481	gain	TP	TP
chr14	106265666	106270090	4424	3	37	4	28	independent	independent	3	3	True	72	0.418	0.927	gain	TP	TP
chr14	106265666	106270441	4775	8	32	28	5	independent	independent	3	3	True	73	0.418	0.407	gain	TP	TP
chr14	106265666	106270702	5036	3	37	28	5	independent	independent	3	3	True	73	0.418	0.45	gain	TP	TP
chr14	106265666	106270718	5052	3	37	28	5	independent	independent	3	3	True	73	0.418	0.455	gain	TP	TP
chr14	106265666	106271247	5581	26	9	29	1	mutual_excl	independent	3	3	True	65	0.418	0.127	gain	TP	FP
chr14	106265666	106271265	5599	34	3	5	26	independent	independent	3	3	True	68	0.418	0.562	gain	TP	TP
chr14	106265666	106271270	5604	6	31	26	5	independent	independent	3	3	True	68	0.418	0.404	gain	TP	FP
chr14	106265666	106271295	5629	6	29	28	2	independent	independent	3	3	True	65	0.418	0.366	gain	TP	FP
chr14	106265666	106271296	5630	4	31	28	3	independent	independent	3	3	True	66	0.418	0.392	gain	TP	FP
chr14	106265666	106271503	5837	6	29	26	5	independent	independent	3	3	True	66	0.418	0.382	gain	TP	FP
chr14	106265666	106271595	5929	3	30	26	5	independent	independent	3	3	True	64	0.418	0.406	gain	TP	FP
chr14	106265666	106271777	6111	4	28	26	4	independent	independent	3	3	True	62	0.418	0.356	gain	TP	FP
chr14	106265666	106271995	6329	4	28	25	5	independent	independent	3	3	True	62	0.418	0.358	gain	TP	FP
chr14	106265666	106272014	6348	3	29	24	6	independent	independent	3	3	True	62	0.418	0.387	gain	TP	FP
chr14	106265666	106272088	6422	6	26	24	5	independent	independent	3	3	True	61	0.418	0.343	gain	TP	FP
chr14	106265666	106272475	6809	5	25	24	6	independent	independent	3	3	True	60	0.418	0.321	gain	TP	FP
chr14	106265666	106272500	6834	6	24	24	4	independent	independent	3	3	True	58	0.418	0.298	gain	TP	FP
chr14	106265666	106272627	6961	4	25	24	5	independent	independent	3	3	True	58	0.418	0.32	gain	TP	FP
chr14	106265666	106272649	6983	3	26	24	5	independent	independent	3	3	True	58	0.418	0.33	gain	TP	FP
chr14	106265666	106272832	7166	4	24	25	3	independent	independent	3	3	True	56	0.418	0.284	gain	TP	FP
chr14	106265666	106272835	7169	5	24	24	4	independent	independent	3	3	True	57	0.418	0.291	gain	TP	FP
chr14	106265666	106272853	7187	3	26	24	5	independent	independent	3	3	True	58	0.418	0.301	gain	TP	FP
chr14	106265666	106272875	7209	5	25	23	5	independent	independent	3	3	True	58	0.418	0.294	gain	TP	FP
chr14	106265666	106272879	7213	5	25	23	6	independent	independent	3	3	True	59	0.418	0.311	gain	TP	FP
chr14	106265666	106272981	7315	3	27	21	5	independent	independent	3	3	True	56	0.418	0.327	gain	TP	FP
chr14	106265666	106273054	7388	3	25	22	7	independent	independent	3	3	True	57	0.418	0.32	gain	TP	FP
chr14	106265666	106273055	7389	3	26	23	5	independent	independent	3	3	True	57	0.418	0.31	gain	TP	FP
chr14	106265666	106273615	7949	3	22	23	5	independent	independent	3	3	True	53	0.418	0.281	gain	TP	FP
chr14	106268545	106268552	7	1	54	2	51	independent	independent	3	3	True	108	0.482	0.974	gain	TP	TP
chr14	106268545	106269575	1030	44	9	1	39	independent	independent	3	3	True	93	0.482	0.481	gain	TP	TP
chr14	106268545	106270090	1545	2	46	4	38	independent	independent	3	3	True	90	0.482	0.927	gain	TP	TP
chr14	106268545	106270441	1896	40	7	7	32	independent	independent	3	3	True	86	0.482	0.407	gain	TP	TP
chr14	106268545	106270702	2157	40	6	2	39	independent	independent	3	3	True	87	0.482	0.45	gain	TP	TP
chr14	106268545	106270718	2173	39	7	2	39	independent	independent	3	3	True	87	0.482	0.455	gain	TP	TP
chr14	106268545	106270868	2323	1	41	3	35	independent	independent	3	3	True	80	0.482	0.922	gain	TP	TP
chr14	106268545	106271265	2720	6	36	37	2	independent	independent	3	3	True	81	0.482	0.562	gain	TP	TP
chr14	106268545	106271270	2725	38	4	4	35	independent	independent	3	3	True	81	0.482	0.404	gain	TP	FP
chr14	106268545	106271295	2750	37	4	7	30	independent	independent	3	3	True	78	0.482	0.366	gain	TP	FP
chr14	106268545	106271296	2751	38	4	4	33	independent	independent	3	3	True	79	0.482	0.392	gain	TP	FP
chr14	106268545	106271503	2958	37	4	3	33	independent	independent	3	3	True	77	0.482	0.382	gain	TP	FP
chr14	106268545	106271595	3050	36	5	2	32	independent	independent	3	3	True	75	0.482	0.406	gain	TP	FP
chr14	106268545	106271777	3232	37	3	3	31	independent	independent	3	3	True	74	0.482	0.356	gain	TP	FP
chr14	106268545	106271995	3450	35	5	3	30	independent	independent	3	3	True	73	0.482	0.358	gain	TP	FP
chr14	106268545	106272014	3469	35	5	2	31	independent	independent	3	3	True	73	0.482	0.387	gain	TP	FP
chr14	106268545	106272088	3543	34	5	5	28	independent	independent	3	3	True	72	0.482	0.343	gain	TP	FP
chr14	106268545	106272475	3930	34	6	4	25	independent	independent	3	3	True	69	0.482	0.321	gain	TP	FP
chr14	106268545	106272500	3955	35	5	5	23	independent	independent	3	3	True	68	0.482	0.298	gain	TP	FP
chr14	106268545	106272627	4082	34	4	2	26	independent	independent	3	3	True	66	0.482	0.32	gain	TP	FP
chr14	106268545	106272649	4104	33	5	2	26	independent	independent	3	3	True	66	0.482	0.33	gain	TP	FP
chr14	106268545	106272832	4287	33	4	4	22	independent	independent	3	3	True	63	0.482	0.284	gain	TP	FP
chr14	106268545	106272835	4290	32	4	4	23	independent	independent	3	3	True	63	0.482	0.291	gain	TP	FP
chr14	106268545	106272853	4308	33	5	2	25	independent	independent	3	3	True	65	0.482	0.301	gain	TP	FP
chr14	106268545	106272875	4330	33	5	4	24	independent	independent	3	3	True	66	0.482	0.294	gain	TP	FP
chr14	106268545	106272879	4334	32	6	4	24	independent	independent	3	3	True	66	0.482	0.311	gain	TP	FP
chr14	106268545	106272981	4436	31	5	2	26	independent	independent	3	3	True	64	0.482	0.327	gain	TP	FP
chr14	106268545	106273054	4509	31	7	2	24	independent	independent	3	3	True	64	0.482	0.32	gain	TP	FP
chr14	106268545	106273055	4510	32	5	2	25	independent	independent	3	3	True	64	0.482	0.31	gain	TP	FP
chr14	106268545	106273615	5070	32	4	2	22	independent	independent	3	3	True	60	0.482	0.281	gain	TP	FP
chr14	106268552	106269575	1023	0	2	52	46	independent	independent	3	3	True	100	0.974	0.481	gain	TP	TP
chr14	106268552	106270090	1538	1	1	6	87	independent	independent	3	3	True	95	0.974	0.927	gain	TP	TP
chr14	106268552	106270702	2150	1	1	47	45	independent	independent	3	3	True	94	0.974	0.45	gain	TP	TP
chr14	106268552	106270718	2166	0	2	47	45	independent	independent	3	3	True	94	0.974	0.455	gain	TP	TP
chr14	106268552	106271247	2695	1	1	72	10	independent	independent	3	3	True	84	0.974	0.127	gain	TP	FP
chr14	106268552	106271270	2718	1	1	47	38	independent	independent	3	3	True	87	0.974	0.404	gain	TP	FP
chr14	106268552	106271295	2743	1	1	49	33	independent	independent	3	3	True	84	0.974	0.366	gain	TP	FP
chr14	106268552	106271296	2744	1	1	47	36	independent	independent	3	3	True	85	0.974	0.392	gain	TP	FP
chr14	106268552	106271503	2951	1	1	46	35	independent	independent	3	3	True	83	0.974	0.382	gain	TP	FP
chr14	106268552	106271595	3043	1	1	43	36	independent	independent	3	3	True	81	0.974	0.406	gain	TP	FP
chr14	106268552	106271995	3443	1	1	43	34	independent	independent	3	3	True	79	0.974	0.358	gain	TP	FP
chr14	106268552	106272014	3462	1	1	41	36	independent	independent	3	3	True	79	0.974	0.387	gain	TP	FP
chr14	106268552	106272088	3536	1	1	44	32	independent	independent	3	3	True	78	0.974	0.343	gain	TP	FP
chr14	106268552	106272475	3923	1	1	43	30	independent	independent	3	3	True	75	0.974	0.321	gain	TP	FP
chr14	106268552	106272500	3948	1	1	44	27	independent	independent	3	3	True	73	0.974	0.298	gain	TP	FP
chr14	106268552	106272627	4075	1	1	40	30	independent	independent	3	3	True	72	0.974	0.32	gain	TP	FP
chr14	106268552	106272832	4280	1	1	42	25	independent	independent	3	3	True	69	0.974	0.284	gain	TP	FP
chr14	106268552	106272853	4301	1	1	40	29	independent	independent	3	3	True	71	0.974	0.301	gain	TP	FP
chr14	106268552	106272875	4323	1	1	41	28	independent	independent	3	3	True	71	0.974	0.294	gain	TP	FP
chr14	106268552	106272879	4327	1	1	41	29	independent	independent	3	3	True	72	0.974	0.311	gain	TP	FP
chr14	106268552	106272981	4429	1	1	37	30	independent	independent	3	3	True	69	0.974	0.327	gain	TP	FP
chr14	106268552	106273054	4502	1	1	38	30	independent	independent	3	3	True	70	0.974	0.32	gain	TP	FP
chr14	106268552	106273055	4503	1	1	39	29	independent	independent	3	3	True	70	0.974	0.31	gain	TP	FP
chr14	106268552	106273615	5063	1	1	38	25	independent	independent	3	3	True	65	0.974	0.281	gain	TP	FP
chr14	106269575	106270090	515	4	47	3	41	independent	independent	3	3	True	95	0.481	0.927	gain	TP	TP
chr14	106269575	106270702	1127	47	1	2	42	independent	independent	3	3	True	92	0.481	0.45	gain	TP	TP
chr14	106269575	106270718	1143	48	1	1	43	independent	independent	3	3	True	93	0.481	0.455	gain	TP	TP
chr14	106269575	106270868	1293	1	42	3	39	independent	independent	3	3	True	85	0.481	0.922	gain	TP	TP
chr14	106269575	106271247	1672	44	1	30	8	independent	independent	3	3	True	83	0.481	0.127	gain	TP	FP
chr14	106269575	106271265	1690	1	45	39	1	mutual_excl	independent	3	3	True	86	0.481	0.562	gain	TP	TP
chr14	106269575	106271295	1720	45	1	4	33	independent	independent	3	3	True	83	0.481	0.366	gain	TP	FP
chr14	106269575	106271296	1721	45	1	4	35	independent	independent	3	3	True	85	0.481	0.392	gain	TP	FP
chr14	106269575	106271503	1928	44	1	5	32	independent	independent	3	3	True	82	0.481	0.382	gain	TP	FP
chr14	106269575	106271595	2020	44	1	2	34	independent	independent	3	3	True	81	0.481	0.406	gain	TP	FP
chr14	106269575	106271615	2040	0	45	2	33	independent	independent	3	3	True	80	0.481	0.97	gain	TP	TP
chr14	106269575	106271777	2202	44	1	4	30	independent	independent	3	3	True	79	0.481	0.356	gain	TP	FP
chr14	106269575	106271995	2420	43	1	2	32	independent	independent	3	3	True	78	0.481	0.358	gain	TP	FP
chr14	106269575	106272014	2439	42	2	2	32	independent	independent	3	3	True	78	0.481	0.387	gain	TP	FP
chr14	106269575	106272088	2513	42	1	4	30	independent	independent	3	3	True	77	0.481	0.343	gain	TP	FP
chr14	106269575	106272475	2900	42	2	4	27	independent	independent	3	3	True	75	0.481	0.321	gain	TP	FP
chr14	106269575	106272500	2925	42	1	4	26	independent	independent	3	3	True	73	0.481	0.298	gain	TP	FP
chr14	106269575	106272627	3052	41	1	4	27	independent	independent	3	3	True	73	0.481	0.32	gain	TP	FP
chr14	106269575	106272649	3074	41	1	2	28	independent	independent	3	3	True	72	0.481	0.33	gain	TP	FP
chr14	106269575	106272832	3257	41	1	4	24	independent	independent	3	3	True	70	0.481	0.284	gain	TP	FP
chr14	106269575	106272853	3278	41	1	2	27	independent	independent	3	3	True	71	0.481	0.301	gain	TP	FP
chr14	106269575	106272875	3300	40	1	3	27	independent	independent	3	3	True	71	0.481	0.294	gain	TP	FP
chr14	106269575	106272879	3304	40	2	4	26	independent	independent	3	3	True	72	0.481	0.311	gain	TP	FP
chr14	106269575	106272981	3406	38	1	2	28	independent	independent	3	3	True	69	0.481	0.327	gain	TP	FP
chr14	106269575	106273054	3479	39	3	2	27	independent	independent	3	3	True	71	0.481	0.32	gain	TP	FP
chr14	106269575	106273055	3480	40	1	2	27	independent	independent	3	3	True	70	0.481	0.31	gain	TP	FP
chr14	106269575	106273615	4040	38	1	2	23	independent	independent	3	3	True	64	0.481	0.281	gain	TP	FP
chr14	106270090	106270441	351	5	2	55	40	independent	independent	3	3	True	102	0.927	0.407	gain	TP	TP
chr14	106270090	106270702	612	4	3	50	44	independent	independent	3	3	True	101	0.927	0.45	gain	TP	TP
chr14	106270090	106270718	628	5	3	49	45	independent	independent	3	3	True	102	0.927	0.455	gain	TP	TP
chr14	106270090	106270868	778	1	6	7	79	independent	independent	3	3	True	93	0.927	0.922	gain	TP	TP
chr14	106270090	106271247	1157	6	2	76	11	independent	independent	3	3	True	95	0.927	0.127	gain	TP	FP
chr14	106270090	106271265	1175	3	5	42	46	independent	independent	3	3	True	96	0.927	0.562	gain	TP	TP
chr14	106270090	106271270	1180	5	3	49	39	independent	independent	3	3	True	96	0.927	0.404	gain	TP	FP
chr14	106270090	106271295	1205	6	2	50	34	independent	independent	3	3	True	92	0.927	0.366	gain	TP	FP
chr14	106270090	106271296	1206	6	2	48	37	independent	independent	3	3	True	93	0.927	0.392	gain	TP	FP
chr14	106270090	106271503	1413	5	3	49	35	independent	independent	3	3	True	92	0.927	0.382	gain	TP	FP
chr14	106270090	106271595	1505	5	3	45	37	independent	independent	3	3	True	90	0.927	0.406	gain	TP	FP
chr14	106270090	106271615	1525	0	8	3	79	independent	independent	3	3	True	90	0.927	0.97	gain	TP	TP
chr14	106270090	106271777	1687	5	2	48	34	independent	independent	3	3	True	89	0.927	0.356	gain	TP	FP
chr14	106270090	106271995	1905	5	3	46	34	independent	independent	3	3	True	88	0.927	0.358	gain	TP	FP
chr14	106270090	106272014	1924	4	4	45	35	independent	independent	3	3	True	88	0.927	0.387	gain	TP	FP
chr14	106270090	106272088	1998	5	3	47	32	independent	independent	3	3	True	87	0.927	0.343	gain	TP	FP
chr14	106270090	106272475	2385	5	3	46	30	independent	independent	3	3	True	84	0.927	0.321	gain	TP	FP
chr14	106270090	106272500	2410	4	3	48	27	independent	independent	3	3	True	82	0.927	0.298	gain	TP	FP
chr14	106270090	106272627	2537	4	3	44	29	independent	independent	3	3	True	80	0.927	0.32	gain	TP	FP
chr14	106270090	106272649	2559	5	2	43	31	independent	independent	3	3	True	81	0.927	0.33	gain	TP	FP
chr14	106270090	106272832	2742	6	2	44	26	independent	independent	3	3	True	78	0.927	0.284	gain	TP	FP
chr14	106270090	106272835	2745	6	2	43	27	independent	independent	3	3	True	78	0.927	0.291	gain	TP	FP
chr14	106270090	106272853	2763	5	3	43	27	independent	independent	3	3	True	78	0.927	0.301	gain	TP	FP
chr14	106270090	106272875	2785	5	3	44	26	independent	independent	3	3	True	78	0.927	0.294	gain	TP	FP
chr14	106270090	106272879	2789	4	4	45	26	independent	independent	3	3	True	79	0.927	0.311	gain	TP	FP
chr14	106270090	106272981	2891	4	3	40	28	independent	independent	3	3	True	75	0.927	0.327	gain	TP	FP
chr14	106270090	106273054	2964	5	3	41	28	independent	independent	3	3	True	77	0.927	0.32	gain	TP	FP
chr14	106270090	106273055	2965	5	3	42	27	independent	independent	3	3	True	77	0.927	0.31	gain	TP	FP
chr14	106270090	106273615	3525	4	3	42	23	independent	independent	3	3	True	72	0.927	0.281	gain	TP	FP
chr14	106270441	106270868	427	6	52	1	38	independent	independent	3	3	True	97	0.407	0.922	gain	TP	TP
chr14	106270441	106271247	806	55	4	27	8	independent	independent	3	3	True	94	0.407	0.127	gain	TP	FP
chr14	106270441	106271270	829	55	4	2	35	independent	independent	3	3	True	96	0.407	0.404	gain	TP	FP
chr14	106270441	106271295	854	57	2	2	32	independent	independent	3	3	True	93	0.407	0.366	gain	TP	FP
chr14	106270441	106271296	855	55	3	2	34	independent	independent	3	3	True	94	0.407	0.392	gain	TP	FP
chr14	106270441	106271503	1062	54	5	3	31	independent	independent	3	3	True	93	0.407	0.382	gain	TP	FP
chr14	106270441	106271615	1174	2	56	1	31	independent	independent	3	3	True	90	0.407	0.97	gain	TP	TP
chr14	106270441	106271777	1336	54	5	2	30	independent	independent	3	3	True	91	0.407	0.356	gain	TP	FP
chr14	106270441	106272088	1647	53	4	2	30	independent	independent	3	3	True	89	0.407	0.343	gain	TP	FP
chr14	106270441	106272475	2034	52	5	2	28	independent	independent	3	3	True	87	0.407	0.321	gain	TP	FP
chr14	106270441	106272500	2059	53	3	2	27	independent	independent	3	3	True	85	0.407	0.298	gain	TP	FP
chr14	106270441	106272627	2186	49	4	2	28	independent	independent	3	3	True	83	0.407	0.32	gain	TP	FP
chr14	106270441	106272832	2391	51	4	2	24	independent	independent	3	3	True	81	0.407	0.284	gain	TP	FP
chr14	106270441	106272875	2434	51	3	1	26	independent	independent	3	3	True	81	0.407	0.294	gain	TP	FP
chr14	106270441	106272879	2438	50	5	2	25	independent	independent	3	3	True	82	0.407	0.311	gain	TP	FP
chr14	106270702	106270868	166	4	50	3	42	independent	independent	3	3	True	99	0.45	0.922	gain	TP	TP
chr14	106270702	106272475	1773	53	1	2	32	independent	independent	3	3	True	88	0.45	0.321	gain	TP	FP
chr14	106270702	106272879	2177	51	1	2	29	independent	independent	3	3	True	83	0.45	0.311	gain	TP	FP
chr14	106270718	106270868	150	4	50	4	42	independent	independent	3	3	True	100	0.455	0.922	gain	TP	TP
chr14	106270718	106271595	877	54	1	1	39	independent	independent	3	3	True	95	0.455	0.406	gain	TP	FP
chr14	106270718	106271615	897	1	54	1	38	independent	independent	3	3	True	94	0.455	0.97	gain	TP	TP
chr14	106270718	106272014	1296	52	2	1	38	independent	independent	3	3	True	93	0.455	0.387	gain	TP	FP
chr14	106270718	106272475	1757	53	1	3	32	independent	independent	3	3	True	89	0.455	0.321	gain	TP	FP
chr14	106270718	106272879	2161	51	1	3	29	independent	independent	3	3	True	84	0.455	0.311	gain	TP	FP
chr14	106270718	106273054	2336	50	2	1	29	independent	independent	3	3	True	82	0.455	0.32	gain	TP	FP
chr14	106270868	106271247	379	6	1	77	10	independent	independent	3	3	True	94	0.922	0.127	gain	TP	FP
chr14	106270868	106271265	397	3	4	40	50	independent	independent	3	3	True	97	0.922	0.562	gain	TP	TP
chr14	106270868	106271270	402	5	2	52	37	independent	independent	3	3	True	96	0.922	0.404	gain	TP	FP
chr14	106270868	106271295	427	5	1	54	33	independent	independent	3	3	True	93	0.922	0.366	gain	TP	FP
chr14	106270868	106271296	428	4	1	53	36	independent	independent	3	3	True	94	0.922	0.392	gain	TP	FP
chr14	106270868	106271503	635	5	2	52	34	independent	independent	3	3	True	93	0.922	0.382	gain	TP	FP
chr14	106270868	106271595	727	4	3	49	35	independent	independent	3	3	True	91	0.922	0.406	gain	TP	FP
chr14	106270868	106271615	747	2	5	1	82	independent	independent	3	3	True	90	0.922	0.97	gain	TP	TP
chr14	106270868	106271777	909	5	2	51	33	independent	independent	3	3	True	91	0.922	0.356	gain	TP	FP
chr14	106270868	106271995	1127	5	2	49	33	independent	independent	3	3	True	89	0.922	0.358	gain	TP	FP
chr14	106270868	106272014	1146	5	2	46	36	independent	independent	3	3	True	89	0.922	0.387	gain	TP	FP
chr14	106270868	106272088	1220	5	2	49	32	independent	independent	3	3	True	88	0.922	0.343	gain	TP	FP
chr14	106271247	106271270	23	58	30	1	12	independent	independent	3	3	True	101	0.127	0.404	gain	FP	FP
chr14	106271247	106271295	48	60	25	3	10	independent	independent	3	3	True	98	0.127	0.366	gain	FP	FP
chr14	106271247	106271296	49	60	27	1	11	independent	independent	3	3	True	99	0.127	0.392	gain	FP	FP
chr14	106271247	106271995	748	57	25	1	11	independent	independent	3	3	True	94	0.127	0.358	gain	FP	FP
chr14	106271247	106272088	841	57	24	2	10	independent	independent	3	3	True	93	0.127	0.343	gain	FP	FP
chr14	106271247	106272500	1253	57	21	2	8	independent	independent	3	3	True	88	0.127	0.298	gain	FP	FP
chr14	106271247	106272835	1588	54	19	2	9	independent	independent	3	3	True	84	0.127	0.291	gain	FP	FP
chr14	106271247	106272875	1628	55	20	1	8	independent	independent	3	3	True	84	0.127	0.294	gain	FP	FP
chr14	106271265	106271595	330	1	40	57	1	mutual_excl	independent	3	3	True	99	0.562	0.406	gain	TP	FP
chr14	106271265	106271615	350	2	38	1	57	independent	independent	3	3	True	98	0.562	0.97	gain	TP	TP
chr14	106271265	106272014	749	1	39	55	2	independent	independent	3	3	True	97	0.562	0.387	gain	TP	FP
chr14	106271265	106272475	1210	3	33	56	1	mutual_excl	independent	3	3	True	93	0.562	0.321	gain	TP	FP
chr14	106271265	106272879	1614	3	30	54	1	mutual_excl	independent	3	3	True	88	0.562	0.311	gain	TP	FP
chr14	106271265	106273054	1789	1	30	52	2	independent	independent	3	3	True	85	0.562	0.32	gain	TP	FP
chr14	106271270	106271295	25	58	3	5	34	independent	independent	3	3	True	100	0.404	0.366	gain	FP	FP
chr14	106271270	106271296	26	58	3	3	37	independent	independent	3	3	True	101	0.404	0.392	gain	FP	FP
chr14	106271270	106271503	233	58	3	3	36	independent	independent	3	3	True	100	0.404	0.382	gain	FP	FP
chr14	106271270	106271615	345	2	58	1	36	independent	independent	3	3	True	97	0.404	0.97	gain	FP	TP
chr14	106271270	106271777	507	58	3	2	34	independent	independent	3	3	True	97	0.404	0.356	gain	FP	FP
chr14	106271270	106271995	725	57	3	1	35	independent	independent	3	3	True	96	0.404	0.358	gain	FP	FP
chr14	106271270	106272088	818	56	3	3	33	independent	independent	3	3	True	95	0.404	0.343	gain	FP	FP
chr14	106271270	106272475	1205	56	4	2	30	independent	independent	3	3	True	92	0.404	0.321	gain	FP	FP
chr14	106271270	106272500	1230	56	3	3	28	independent	independent	3	3	True	90	0.404	0.298	gain	FP	FP
chr14	106271270	106272627	1357	53	3	2	30	independent	independent	3	3	True	88	0.404	0.32	gain	FP	FP
chr14	106271270	106272832	1562	55	3	2	26	independent	independent	3	3	True	86	0.404	0.284	gain	FP	FP
chr14	106271270	106272835	1565	55	2	1	28	independent	independent	3	3	True	86	0.404	0.291	gain	FP	FP
chr14	106271270	106272875	1605	54	3	2	27	independent	independent	3	3	True	86	0.404	0.294	gain	FP	FP
chr14	106271270	106272879	1609	54	4	2	27	independent	independent	3	3	True	87	0.404	0.311	gain	FP	FP
chr14	106271295	106271503	208	58	5	3	32	independent	independent	3	3	True	98	0.366	0.382	gain	FP	FP
chr14	106271295	106271615	320	2	60	1	32	independent	independent	3	3	True	95	0.366	0.97	gain	FP	TP
chr14	106271295	106271777	482	58	5	2	31	independent	independent	3	3	True	96	0.366	0.356	gain	FP	FP
chr14	106271295	106272088	793	57	4	2	30	independent	independent	3	3	True	93	0.366	0.343	gain	FP	FP
chr14	106271295	106272475	1180	56	5	2	27	independent	independent	3	3	True	90	0.366	0.321	gain	FP	FP
chr14	106271295	106272500	1205	57	3	2	26	independent	independent	3	3	True	88	0.366	0.298	gain	FP	FP
chr14	106271295	106272627	1332	53	4	2	27	independent	independent	3	3	True	86	0.366	0.32	gain	FP	FP
chr14	106271295	106272832	1537	56	3	1	25	independent	independent	3	3	True	85	0.366	0.284	gain	FP	FP
chr14	106271295	106272835	1540	54	4	2	24	independent	independent	3	3	True	84	0.366	0.291	gain	FP	FP
chr14	106271295	106272875	1580	55	3	1	25	independent	independent	3	3	True	84	0.366	0.294	gain	FP	FP
chr14	106271295	106272879	1584	54	5	2	24	independent	independent	3	3	True	85	0.366	0.311	gain	FP	FP
chr14	106271296	106271503	207	58	3	3	35	independent	independent	3	3	True	99	0.392	0.382	gain	FP	FP
chr14	106271296	106271615	319	2	58	1	35	independent	independent	3	3	True	96	0.392	0.97	gain	FP	TP
chr14	106271296	106271777	481	58	2	2	34	independent	independent	3	3	True	96	0.392	0.356	gain	FP	FP
chr14	106271296	106272088	792	56	3	3	32	independent	independent	3	3	True	94	0.392	0.343	gain	FP	FP
chr14	106271296	106272475	1179	56	4	2	30	independent	independent	3	3	True	92	0.392	0.321	gain	FP	FP
chr14	106271296	106272500	1204	57	2	2	29	independent	independent	3	3	True	90	0.392	0.298	gain	FP	FP
chr14	106271296	106272627	1331	53	3	2	30	independent	independent	3	3	True	88	0.392	0.32	gain	FP	FP
chr14	106271296	106272832	1536	56	2	1	27	independent	independent	3	3	True	86	0.392	0.284	gain	FP	FP
chr14	106271296	106272835	1539	54	3	2	27	independent	independent	3	3	True	86	0.392	0.291	gain	FP	FP
chr14	106271296	106272875	1579	55	2	1	28	independent	independent	3	3	True	86	0.392	0.294	gain	FP	FP
chr14	106271296	106272879	1583	54	4	2	27	independent	independent	3	3	True	87	0.392	0.311	gain	FP	FP
chr14	106271503	106271615	112	2	61	1	34	independent	independent	3	3	True	98	0.382	0.97	gain	FP	TP
chr14	106271503	106271777	274	60	3	1	34	independent	independent	3	3	True	98	0.382	0.356	gain	FP	FP
chr14	106271503	106271995	492	59	3	1	34	independent	independent	3	3	True	97	0.382	0.358	gain	FP	FP
chr14	106271503	106272088	585	58	3	3	32	independent	independent	3	3	True	96	0.382	0.343	gain	FP	FP
chr14	106271503	106272475	972	58	4	2	30	independent	independent	3	3	True	94	0.382	0.321	gain	FP	FP
chr14	106271503	106272500	997	58	3	3	28	independent	independent	3	3	True	92	0.382	0.298	gain	FP	FP
chr14	106271503	106272627	1124	55	3	2	30	independent	independent	3	3	True	90	0.382	0.32	gain	FP	FP
chr14	106271503	106272832	1329	57	2	2	27	independent	independent	3	3	True	88	0.382	0.284	gain	FP	FP
chr14	106271503	106272835	1332	56	2	2	28	independent	independent	3	3	True	88	0.382	0.291	gain	FP	FP
chr14	106271503	106272875	1372	56	3	2	27	independent	independent	3	3	True	88	0.382	0.294	gain	FP	FP
chr14	106271503	106272879	1376	56	4	2	27	independent	independent	3	3	True	89	0.382	0.311	gain	FP	FP
chr14	106271595	106271615	20	2	58	1	38	independent	independent	3	3	True	99	0.406	0.97	gain	FP	TP
chr14	106271595	106272014	419	57	2	1	37	independent	independent	3	3	True	97	0.406	0.387	gain	FP	FP
chr14	106271595	106272475	880	58	1	3	32	independent	independent	3	3	True	94	0.406	0.321	gain	FP	FP
chr14	106271595	106272879	1284	56	1	3	29	independent	independent	3	3	True	89	0.406	0.311	gain	FP	FP
chr14	106271595	106273054	1459	54	2	1	30	independent	independent	3	3	True	87	0.406	0.32	gain	FP	FP
chr14	106271615	106271995	380	2	1	58	35	independent	independent	3	3	True	96	0.97	0.358	gain	TP	FP
chr14	106271615	106272014	399	2	1	56	37	independent	independent	3	3	True	96	0.97	0.387	gain	TP	FP
chr14	106271615	106272088	473	2	1	60	32	independent	independent	3	3	True	95	0.97	0.343	gain	TP	FP
chr14	106271615	106272475	860	2	1	59	31	independent	independent	3	3	True	93	0.97	0.321	gain	TP	FP
chr14	106271615	106272500	885	2	1	59	29	independent	independent	3	3	True	91	0.97	0.298	gain	TP	FP
chr14	106271615	106272649	1034	2	1	55	31	independent	independent	3	3	True	89	0.97	0.33	gain	TP	FP
chr14	106271615	106272832	1217	2	1	58	26	independent	independent	3	3	True	87	0.97	0.284	gain	TP	FP
chr14	106271615	106272835	1220	2	1	57	27	independent	independent	3	3	True	87	0.97	0.291	gain	TP	FP
chr14	106271615	106272853	1238	2	1	56	28	independent	independent	3	3	True	87	0.97	0.301	gain	TP	FP
chr14	106271615	106272875	1260	2	1	56	28	independent	independent	3	3	True	87	0.97	0.294	gain	TP	FP
chr14	106271615	106272879	1264	2	1	57	28	independent	independent	3	3	True	88	0.97	0.311	gain	TP	FP
chr14	106271615	106272981	1366	2	1	52	29	independent	independent	3	3	True	84	0.97	0.327	gain	TP	FP
chr14	106271615	106273054	1439	2	1	53	30	independent	independent	3	3	True	86	0.97	0.32	gain	TP	FP
chr14	106271615	106273055	1440	2	1	54	28	independent	independent	3	3	True	85	0.97	0.31	gain	TP	FP
chr14	106271615	106273615	2000	2	1	52	24	independent	independent	3	3	True	79	0.97	0.281	gain	TP	FP
chr14	106271777	106271995	218	64	2	1	33	independent	independent	3	3	True	100	0.356	0.358	gain	FP	FP
chr14	106271777	106272088	311	63	2	2	32	independent	independent	3	3	True	99	0.356	0.343	gain	FP	FP
chr14	106271777	106272475	698	63	2	1	30	independent	independent	3	3	True	96	0.356	0.321	gain	FP	FP
chr14	106271777	106272500	723	63	1	3	27	independent	independent	3	3	True	94	0.356	0.298	gain	FP	FP
chr14	106271777	106272832	1055	61	1	2	25	independent	independent	3	3	True	89	0.356	0.284	gain	FP	FP
chr14	106271777	106272835	1058	60	1	1	27	independent	independent	3	3	True	89	0.356	0.291	gain	FP	FP
chr14	106271777	106272875	1098	60	1	2	26	independent	independent	3	3	True	89	0.356	0.294	gain	FP	FP
chr14	106271777	106272879	1102	60	2	1	27	independent	independent	3	3	True	90	0.356	0.311	gain	FP	FP
chr14	106271995	106272088	93	66	1	3	35	independent	independent	3	3	True	105	0.358	0.343	gain	FP	FP
chr14	106271995	106272475	480	66	2	2	32	independent	independent	3	3	True	102	0.358	0.321	gain	FP	FP
chr14	106271995	106272627	632	63	1	2	32	independent	independent	3	3	True	98	0.358	0.32	gain	FP	FP
chr14	106271995	106272832	837	63	1	2	28	independent	independent	3	3	True	94	0.358	0.284	gain	FP	FP
chr14	106271995	106272835	840	63	1	2	29	independent	independent	3	3	True	95	0.358	0.291	gain	FP	FP
chr14	106271995	106272879	884	62	2	2	29	independent	independent	3	3	True	95	0.358	0.311	gain	FP	FP
chr14	106272014	106272475	461	64	1	4	33	independent	independent	3	3	True	102	0.387	0.321	gain	FP	FP
chr14	106272014	106272879	865	60	1	4	30	independent	independent	3	3	True	95	0.387	0.311	gain	FP	FP
chr14	106272014	106273054	1040	58	2	2	30	independent	independent	3	3	True	92	0.387	0.32	gain	FP	FP
chr14	106272088	106272475	387	66	3	1	31	independent	independent	3	3	True	101	0.343	0.321	gain	FP	FP
chr14	106272088	106272500	412	65	3	3	28	independent	independent	3	3	True	99	0.343	0.298	gain	FP	FP
chr14	106272088	106272627	539	63	2	1	31	independent	independent	3	3	True	97	0.343	0.32	gain	FP	FP
chr14	106272088	106272832	744	62	3	2	26	independent	independent	3	3	True	93	0.343	0.284	gain	FP	FP
chr14	106272088	106272835	747	62	3	2	27	independent	independent	3	3	True	94	0.343	0.291	gain	FP	FP
chr14	106272088	106272875	787	61	3	2	27	independent	independent	3	3	True	93	0.343	0.294	gain	FP	FP
chr14	106272088	106272879	791	62	3	1	28	independent	independent	3	3	True	94	0.343	0.311	gain	FP	FP
chr14	106272475	106272500	25	69	2	4	29	independent	independent	3	3	True	104	0.321	0.298	gain	FP	FP
chr14	106272475	106272627	152	67	1	2	32	independent	independent	3	3	True	102	0.321	0.32	gain	FP	FP
chr14	106272475	106272649	174	67	2	1	32	independent	independent	3	3	True	102	0.321	0.33	gain	FP	FP
chr14	106272475	106272832	357	66	2	3	27	independent	independent	3	3	True	98	0.321	0.284	gain	FP	FP
chr14	106272475	106272835	360	66	2	3	28	independent	independent	3	3	True	99	0.321	0.291	gain	FP	FP
chr14	106272475	106272853	378	67	2	1	29	independent	independent	3	3	True	99	0.321	0.301	gain	FP	FP
chr14	106272475	106272875	400	65	2	3	28	independent	independent	3	3	True	98	0.321	0.294	gain	FP	FP
chr14	106272475	106272879	404	66	2	2	29	independent	independent	3	3	True	99	0.321	0.311	gain	FP	FP
chr14	106272475	106272981	506	61	2	1	30	independent	independent	3	3	True	94	0.321	0.327	gain	FP	FP
chr14	106272475	106273054	579	63	4	1	28	independent	independent	3	3	True	96	0.321	0.32	gain	FP	FP
chr14	106272475	106273615	1140	60	1	1	26	independent	independent	3	3	True	88	0.321	0.281	gain	FP	FP
chr14	106272500	106272627	127	66	3	2	29	independent	independent	3	3	True	100	0.298	0.32	gain	FP	FP
chr14	106272500	106272832	332	67	2	1	26	independent	independent	3	3	True	96	0.298	0.284	gain	FP	FP
chr14	106272500	106272835	335	66	3	2	26	independent	independent	3	3	True	97	0.298	0.291	gain	FP	FP
chr14	106272500	106272875	375	66	2	1	27	independent	independent	3	3	True	96	0.298	0.294	gain	FP	FP
chr14	106272500	106272879	379	65	4	2	26	independent	independent	3	3	True	97	0.298	0.311	gain	FP	FP
chr14	106272627	106272832	205	66	2	2	27	independent	independent	3	3	True	97	0.32	0.284	gain	FP	FP
chr14	106272627	106272835	208	66	2	2	28	independent	independent	3	3	True	98	0.32	0.291	gain	FP	FP
chr14	106272627	106272875	248	65	2	2	28	independent	independent	3	3	True	97	0.32	0.294	gain	FP	FP
chr14	106272627	106272879	252	66	2	1	29	independent	independent	3	3	True	98	0.32	0.311	gain	FP	FP
chr14	106272649	106272879	230	66	1	2	29	independent	independent	3	3	True	98	0.33	0.311	gain	FP	FP
chr14	106272832	106272835	3	70	2	2	27	independent	independent	3	3	True	101	0.284	0.291	gain	FP	FP
chr14	106272832	106272875	43	69	2	2	25	independent	independent	3	3	True	98	0.284	0.294	gain	FP	FP
chr14	106272832	106272879	47	68	4	2	25	independent	independent	3	3	True	99	0.284	0.311	gain	FP	FP
chr14	106272835	106272875	40	69	2	2	26	independent	independent	3	3	True	99	0.291	0.294	gain	FP	FP
chr14	106272835	106272879	44	68	4	2	26	independent	independent	3	3	True	100	0.291	0.311	gain	FP	FP
chr14	106272853	106272879	26	69	2	2	29	independent	independent	3	3	True	102	0.301	0.311	gain	FP	FP
chr14	106272875	106272879	4	68	4	2	28	independent	independent	3	3	True	102	0.294	0.311	gain	FP	FP
chr14	106272879	106272981	102	64	2	2	30	independent	independent	3	3	True	98	0.311	0.327	gain	FP	FP
chr14	106272879	106273054	175	66	4	2	28	independent	independent	3	3	True	100	0.311	0.32	gain	FP	FP
chr14	106272879	106273055	176	67	2	2	29	independent	independent	3	3	True	100	0.311	0.31	gain	FP	FP
chr14	106272879	106273615	736	62	1	2	26	independent	independent	3	3	True	91	0.311	0.281	gain	FP	FP
chr14	106280839	106284909	4070	0	2	1	39	independent	independent	1-1	1-1	True	42	0.943	0.941	gain	TP	TP
chr14	106280839	106288214	7375	0	2	3	31	independent	independent	1-1	1-1	True	36	0.943	0.912	gain	TP	TP
chr14	106280839	106289177	8338	0	2	2	33	independent	independent	1-1	1-1	True	37	0.943	0.977	gain	TP	TP
chr14	106280839	106292390	11551	0	2	1	24	independent	independent	1-1	1-1	True	27	0.943	0.989	gain	TP	TP
chr14	106280839	106293540	12701	0	2	3	19	independent	independent	1-1	1-1	True	24	0.943	0.932	gain	TP	TP
chr14	106280839	106293969	13130	0	2	1	18	independent	independent	1-1	1-1	True	21	0.943	0.951	gain	TP	TP
chr14	106284909	106288214	3305	1	3	5	48	independent	independent	1-1	1-1	True	57	0.941	0.912	gain	TP	TP
chr14	106284909	106289177	4268	0	4	2	51	independent	independent	1-1	1-1	True	57	0.941	0.977	gain	TP	TP
chr14	106284909	106290171	5262	0	3	1	46	independent	independent	1-1	1-1	True	50	0.941	0.976	gain	TP	TP
chr14	106284909	106292390	7481	0	2	1	39	independent	independent	1-1	1-1	True	42	0.941	0.989	gain	TP	TP
chr14	106284909	106293540	8631	0	3	4	32	independent	independent	1-1	1-1	True	39	0.941	0.932	gain	TP	TP
chr14	106284909	106293969	9060	0	3	1	28	independent	independent	1-1	1-1	True	32	0.941	0.951	gain	TP	TP
chr14	106288214	106289177	963	0	7	2	65	independent	independent	1-1	1-1	True	74	0.912	0.977	gain	TP	TP
chr14	106288214	106289571	1357	0	5	1	62	independent	independent	1-1	1-1	True	68	0.912	0.988	gain	TP	TP
chr14	106288214	106290171	1957	0	6	1	54	independent	independent	1-1	1-1	True	61	0.912	0.976	gain	TP	TP
chr14	106288214	106292390	4176	0	5	1	43	independent	independent	1-1	1-1	True	49	0.912	0.989	gain	TP	TP
chr14	106288214	106293540	5326	3	2	2	39	independent	independent	1-1	1-1	True	46	0.912	0.932	gain	TP	TP
chr14	106288214	106293969	5755	0	3	1	33	independent	independent	1-1	1-1	True	37	0.912	0.951	gain	TP	TP
chr14	106288214	106310346	22132	0	1	2	9	independent	independent	1-1	1-1	True	12	0.912	0.926	gain	TP	TP
chr14	106289177	106289571	394	0	2	1	77	independent	independent	1-1	1-1	True	80	0.977	0.988	gain	TP	TP
chr14	106289177	106290171	994	0	2	1	69	independent	independent	1-1	1-1	True	72	0.977	0.976	gain	TP	TP
chr14	106289177	106293540	4363	0	1	5	47	independent	independent	1-1	1-1	True	53	0.977	0.932	gain	TP	TP
chr14	106289571	106290171	600	0	1	1	73	independent	independent	1-1	1-1	True	75	0.988	0.976	gain	TP	TP
chr14	106289571	106290913	1342	0	1	1	67	independent	independent	1-1	1-1	True	69	0.988	0.977	gain	TP	TP
chr14	106289571	106292390	2819	0	1	1	58	independent	independent	1-1	1-1	True	60	0.988	0.989	gain	TP	TP
chr14	106289571	106293540	3969	0	1	4	51	independent	independent	1-1	1-1	True	56	0.988	0.932	gain	TP	TP
chr14	106289571	106293969	4398	0	1	1	46	independent	independent	1-1	1-1	True	48	0.988	0.951	gain	TP	TP
chr14	106290171	106290913	742	0	2	1	71	independent	independent	1-1	1-1	True	74	0.976	0.977	gain	TP	TP
chr14	106290171	106292390	2219	0	2	1	62	independent	independent	1-1	1-1	True	65	0.976	0.989	gain	TP	TP
chr14	106290171	106293540	3369	0	2	5	53	independent	independent	1-1	1-1	True	60	0.976	0.932	gain	TP	TP
chr14	106290171	106293969	3798	0	1	1	49	independent	independent	1-1	1-1	True	51	0.976	0.951	gain	TP	TP
chr14	106290171	106305342	15171	0	1	1	23	independent	independent	1-1	1-1	True	25	0.976	0.965	gain	TP	TP
chr14	106290913	106292390	1477	0	2	1	68	independent	independent	1-1	1-1	True	71	0.977	0.989	gain	TP	TP
chr14	106290913	106293540	2627	0	1	6	59	independent	independent	1-1	1-1	True	66	0.977	0.932	gain	TP	TP
chr14	106290913	106293969	3056	0	2	1	55	independent	independent	1-1	1-1	True	58	0.977	0.951	gain	TP	TP
chr14	106290913	106298874	7961	0	1	1	43	independent	independent	1-1	1-1	True	45	0.977	0.954	gain	TP	TP
chr14	106290913	106305342	14429	0	1	1	27	independent	independent	1-1	1-1	True	29	0.977	0.965	gain	TP	TP
chr14	106290913	106310346	19433	0	2	4	15	independent	independent	1-1	1-1	True	21	0.977	0.926	gain	TP	TP
chr14	106292390	106293540	1150	0	1	6	72	independent	independent	1-1	1-1	True	79	0.989	0.932	gain	TP	TP
chr14	106293540	106293969	429	0	2	2	71	independent	independent	1-1	1-1	True	75	0.932	0.951	gain	TP	TP
chr14	106293540	106305342	11802	0	3	1	30	independent	independent	1-1	1-1	True	34	0.932	0.965	gain	TP	TP
chr14	106293540	106309134	15594	0	2	1	23	independent	independent	1-1	1-1	True	26	0.932	0.944	gain	TP	TP
chr14	106293540	106310346	16806	0	2	4	18	independent	independent	1-1	1-1	True	24	0.932	0.926	gain	TP	TP
chr14	106293969	106298874	4905	0	4	2	50	independent	independent	1-1	1-1	True	56	0.951	0.954	gain	TP	TP
chr14	106293969	106300830	6861	0	2	1	47	independent	independent	1-1	1-1	True	50	0.951	0.979	gain	TP	TP
chr14	106293969	106305342	11373	0	2	2	30	independent	independent	1-1	1-1	True	34	0.951	0.965	gain	TP	TP
chr14	106293969	106309134	15165	0	2	1	24	independent	independent	1-1	1-1	True	27	0.951	0.944	gain	TP	TP
chr14	106293969	106310346	16377	0	2	5	18	independent	independent	1-1	1-1	True	25	0.951	0.926	gain	TP	TP
chr14	106298874	106300830	1956	0	2	1	69	independent	independent	1-1	1-1	True	72	0.954	0.979	gain	TP	TP
chr14	106298874	106305342	6468	0	1	3	43	independent	independent	1-1	1-1	True	47	0.954	0.965	gain	TP	TP
chr14	106298874	106309134	10260	0	1	1	33	independent	independent	1-1	1-1	True	35	0.954	0.944	gain	TP	TP
chr14	106298874	106310346	11472	0	1	6	26	independent	independent	1-1	1-1	True	33	0.954	0.926	gain	TP	TP
chr14	106300830	106305342	4512	1	1	2	53	independent	independent	1-1	1-1	True	57	0.979	0.965	gain	TP	TP
chr14	106300830	106309134	8304	0	1	1	42	independent	independent	1-1	1-1	True	44	0.979	0.944	gain	TP	TP
chr14	106300830	106310346	9516	0	1	6	35	independent	independent	1-1	1-1	True	42	0.979	0.926	gain	TP	TP
chr14	106305342	106309134	3792	0	1	3	56	independent	independent	1-1	1-1	True	60	0.965	0.944	gain	TP	TP
chr14	106305342	106310346	5004	0	1	6	48	independent	independent	1-1	1-1	True	55	0.965	0.926	gain	TP	TP
chr14	106305342	106313793	8451	0	1	1	24	independent	independent	1-1	1-1	True	26	0.965	0.966	gain	TP	TP
chr14	106305342	106324560	19218	0	1	1	12	independent	independent	1-1	1-1	True	14	0.965	0.755	gain	TP	TP
chr14	106309134	106310346	1212	0	4	6	66	independent	independent	1-1	1-1	True	76	0.944	0.926	gain	TP	TP
chr14	106309134	106313793	4659	0	2	2	36	independent	independent	1-1	1-1	True	40	0.944	0.966	gain	TP	TP
chr14	106309134	106315485	6351	0	1	1	39	independent	independent	1-1	1-1	True	41	0.944	0.986	gain	TP	TP
chr14	106309134	106324560	15426	0	1	1	17	independent	independent	1-1	1-1	True	19	0.944	0.755	gain	TP	TP
chr14	106310346	106313793	3447	0	3	2	38	independent	independent	1-1	1-1	True	43	0.926	0.966	gain	TP	TP
chr14	106310346	106315485	5139	0	3	1	40	independent	independent	1-1	1-1	True	44	0.926	0.986	gain	TP	TP
chr14	106310346	106324560	14214	0	1	1	18	independent	independent	1-1	1-1	True	20	0.926	0.755	gain	TP	TP
chr14	106313793	106315485	1692	0	2	1	48	independent	independent	1-1	1-1	True	51	0.966	0.986	gain	TP	TP
chr14	106353519	106355378	1859	96	3	3	26	independent	independent	1-1	1-1	True	128	0.236	0.194	gain	FP	FP
chr19	534390	534401	11	47	2	1	4	independent	independent	2-1	2-1	True	54	0.091	0.111	loh	FP	FP
chr19	703567	703631	64	1	2	1	46	independent	independent	2-1	2-1	True	50	0.941	0.963	loh	TP	TP
chr19	731622	735309	3687	35	5	7	1	mutual_excl	independent	2-1	2-1	True	48	0.138	0.159	loh	FP	FP
chr19	2299676	2302172	2496	21	15	1	3	independent	independent	1-1	1-1	True	40	0.102	0.468	loh	FP	TP
chr19	3945001	3945454	453	14	6	22	4	independent	independent	1-1	1-1	True	46	0.551	0.217	loh	TP	FP
chr19	6043386	6044263	877	2	1	3	58	independent	independent	3	3	True	64	0.944	0.932	loh	TP	TP
chr19	8172465	8199289	26824	0	1	1	5	independent	independent	2-1	2-1	True	7	0.909	0.457	loh	TP	TP
chr19	10471326	10476027	4701	2	2	1	23	independent	independent	1-1	1-1	True	28	0.875	0.918	loh	TP	TP
chr19	11395823	11403084	7261	1	14	1	5	independent	independent	1-1	1-1	True	21	0.519	0.867	loh	TP	TP
chr19	14926945	14931455	4510	36	2	1	24	independent	independent	1-1	1-1	True	63	0.449	0.373	gain	TP	TP
chr19	15270311	15271731	1420	40	2	2	47	independent	independent	2-1	2-1	True	91	0.533	0.571	gain	TP	TP
chr19	15344899	15361609	16710	11	1	1	16	independent	independent	2-1	2-1	True	29	0.5	0.577	gain	TP	TP
chr19	17538317	17538719	402	56	4	4	35	independent	independent	1-1	1-1	True	99	0.384	0.413	gain	TP	TP
chr19	17538317	17544085	5768	37	1	4	18	independent	independent	1-1	1-1	True	60	0.384	0.372	gain	TP	TP
chr19	17538719	17544085	5366	37	2	4	20	independent	independent	1-1	1-1	True	63	0.413	0.372	gain	TP	TP
chr19	18282954	18292426	9472	3	9	2	10	independent	independent	2-1	2-1	True	24	0.314	0.6	gain	TP	TP
chr19	20510987	20511333	346	32	1	1	49	independent	independent	1-1	1-1	True	83	0.614	0.609	gain	TP	TP
chr19	21251020	21277418	26398	3	1	5	2	independent	independent	1-1	1-1	True	11	0.558	0.289	gain	TP	TP
chr19	21712231	21714099	1868	40	2	1	27	independent	independent	1-1	1-1	True	70	0.417	0.367	gain	TP	TP
chr19	22484806	22494785	9979	24	6	1	14	independent	independent	3	3	True	45	0.312	0.458	gain	TP	TP
chr19	23516175	23519861	3686	36	1	10	14	independent	independent	2-1	2-1	True	61	0.39	0.289	gain	TP	TP
chr19	24269840	24277410	7570	23	1	17	14	independent	independent	1-1	1-1	True	55	0.584	0.257	gain	TP	TP
chr19	28325578	28325579	1	68	2	1	26	independent	independent	2-1	2-1	True	97	0.27	0.289	gain	FP	FP
chr19	30147770	30161430	13660	16	1	6	7	independent	independent	2-1	2-1	True	30	0.484	0.255	gain	TP	TP
chr19	30415503	30423280	7777	26	16	1	16	independent	independent	2-1	2-1	True	59	0.2	0.541	gain	TP	TP
chr19	31305667	31312291	6624	36	16	1	9	independent	independent	2-1	2-1	True	62	0.176	0.417	gain	TP	TP
chr19	31311375	31312291	916	54	22	1	15	independent	independent	2-1	2-1	True	92	0.175	0.417	gain	TP	TP
chr19	32811931	32811932	1	68	1	1	20	independent	independent	2-1	2-1	True	90	0.219	0.233	gain	FP	FP
chr19	35082957	35083912	955	32	1	1	57	independent	independent	1-1	1-1	True	91	0.63	0.631	gain	TP	TP
chr19	37530320	37530321	1	60	1	1	26	independent	independent	2-1	2-1	True	88	0.293	0.303	gain	TP	TP
chr19	37907074	37925439	18365	16	1	1	6	independent	independent	1-1	1-1	True	24	0.359	0.356	gain	TP	TP
chr19	39183271	39188374	5103	2	1	1	29	independent	independent	1-1	1-1	True	33	0.879	0.9	loh	TP	TP
chr19	42553750	42568847	15097	0	1	3	15	independent	independent	3	3	True	19	0.952	0.868	loh	TP	TP
chr19	44937072	44939236	2164	24	3	16	1	mutual_excl	independent	1-1	1-1	True	44	0.38	0.1	loh	TP	FP
chr19	45418707	45434189	15482	0	1	1	20	independent	independent	1-1	1-1	True	22	0.934	0.912	loh	TP	TP
chr19	45621905	45623014	1109	39	2	1	3	independent	independent	2-1	2-1	True	45	0.1	0.132	loh	FP	FP
chr19	49411259	49421496	10237	14	1	1	19	independent	independent	1-1	1-1	True	35	0.633	0.581	loh	TP	TP
chr19	51275291	51276044	753	52	1	2	23	independent	independent	1-1	1-1	True	78	0.337	0.318	loh	TP	TP
chr19	51650742	51656665	5923	17	4	18	10	independent	independent	2-1	2-1	True	49	0.506	0.276	loh	TP	FP
chr19	52754796	52755056	260	36	22	9	2	independent	independent	1-1	1-1	True	69	0.151	0.333	loh	FP	TP
chr19	53946574	53951001	4427	38	5	7	3	independent	independent	2-1	2-1	True	53	0.16	0.187	loh	FP	TP
chr19	54591549	54601973	10424	1	1	13	9	independent	independent	2-1	2-1	True	24	0.952	0.558	loh	TP	TP
chr19	54864475	54869741	5266	10	1	33	8	independent	independent	2-1	2-1	True	52	0.775	0.205	loh	TP	TP
chr19	55920844	55926998	6154	2	16	1	31	independent	independent	1-1	1-1	True	50	0.646	0.949	loh	TP	TP
chr5	193791	193857	66	108	1	26	29	independent	independent	2-1	2-1	True	164	0.337	0.181	gain	TP	TP
chr5	1847949	1851445	3496	85	23	7	2	independent	independent	1-1	1-1	True	117	0.116	0.226	gain	FP	TP
chr5	1847949	1862225	14276	37	11	4	1	mutual_excl	independent	1-1	1-1	True	53	0.116	0.191	gain	FP	TP
chr5	2368851	2383157	14306	40	1	14	5	independent	independent	1-1	1-1	True	60	0.3	0.108	gain	TP	TP
chr5	2704407	2713607	9200	37	8	9	1	mutual_excl	independent	1-1	1-1	True	55	0.138	0.196	gain	TP	TP
chr5	2900566	2915740	15174	19	13	4	1	mutual_excl	independent	1-1	1-1	True	37	0.114	0.308	gain	TP	TP
chr5	5310054	5314108	4054	81	1	25	18	independent	independent	2-1	2-1	True	125	0.348	0.12	gain	TP	TP
chr5	5315814	5342588	26774	17	6	1	3	independent	independent	1-1	1-1	True	27	0.15	0.323	gain	TP	TP
chr5	5342563	5342588	25	125	1	1	60	independent	independent	1-1	1-1	True	187	0.326	0.323	gain	TP	TP
chr5	5503126	5508676	5550	27	38	4	32	independent	independent	2-1	2-1	True	101	0.317	0.691	gain	TP	TP
chr5	5552916	5565564	12648	36	2	8	11	independent	independent	2-1	2-1	True	57	0.357	0.18	gain	TP	TP
chr5	5930549	5933510	2961	29	2	31	27	independent	independent	2-1	2-1	True	89	0.659	0.362	gain	TP	TP
chr5	6904906	6910857	5951	65	1	1	32	independent	independent	1-1	1-1	True	99	0.339	0.308	gain	TP	TP
chr5	8095089	8095090	1	84	1	1	31	independent	independent	2-1	2-1	True	117	0.274	0.271	gain	TP	TP
chr5	8287089	8289316	2227	31	1	15	16	independent	independent	1-1	1-1	True	63	0.451	0.25	gain	TP	TP
chr5	10062821	10064092	1271	54	2	2	30	independent	independent	2-1	2-1	True	88	0.355	0.382	gain	TP	TP
chr5	11559069	11566710	7641	40	1	1	27	independent	independent	1-1	1-1	True	69	0.446	0.452	gain	TP	TP
chr5	11559069	11574172	15103	30	1	2	17	independent	independent	1-1	1-1	True	50	0.446	0.345	gain	TP	TP
chr5	12089682	12094094	4412	45	2	1	38	independent	independent	2-1	2-1	True	86	0.411	0.507	gain	TP	TP
chr5	12089682	12115942	26260	8	1	2	6	independent	independent	2-1	2-1	True	17	0.411	0.196	gain	TP	TP
chr5	14010240	14019062	8822	38	1	1	22	independent	independent	1-1	1-1	True	62	0.445	0.413	gain	TP	TP
chr5	14725110	14729323	4213	39	1	22	12	independent	independent	1-1	1-1	True	74	0.453	0.241	gain	TP	TP
chr5	15828715	15862861	34146	2	1	1	2	independent	independent	1-1	1-1	True	6	0.487	0.496	gain	TP	TP
chr5	15844472	15862861	18389	9	17	3	1	mutual_excl	independent	1-1	1-1	True	30	0.162	0.496	gain	TP	TP
chr5	15862861	15864275	1414	51	1	33	27	independent	independent	1-1	1-1	True	112	0.496	0.258	gain	TP	TP
chr5	16840448	16843766	3318	61	15	4	1	mutual_excl	independent	1-1	1-1	True	81	0.064	0.221	gain	FP	TP
chr5	17850347	17850717	370	38	2	3	60	independent	independent	1-1	1-1	True	103	0.609	0.598	gain	TP	TP
chr5	17850347	17861884	11537	18	2	14	5	independent	independent	1-1	1-1	True	39	0.609	0.195	gain	TP	TP
chr5	17850717	17861884	11167	17	2	15	5	independent	independent	1-1	1-1	True	39	0.598	0.195	gain	TP	TP
chr5	18227563	18253752	26189	5	1	3	4	independent	independent	1-1	1-1	True	13	0.5	0.227	gain	TP	TP
chr5	18564492	18573314	8822	24	17	1	22	independent	independent	2-1	2-1	True	64	0.282	0.58	gain	TP	TP
chr5	22001933	22020549	18616	12	1	4	11	independent	independent	1-1	1-1	True	28	0.545	0.385	gain	TP	TP
chr5	23919608	23942790	23182	9	1	1	9	independent	independent	1-1	1-1	True	20	0.519	0.554	gain	TP	TP
chr5	24412471	24414434	1963	43	1	1	45	independent	independent	2-1	2-1	True	90	0.5	0.478	gain	TP	TP
chr5	25260669	25266880	6211	32	1	25	21	independent	independent	2-1	2-1	True	79	0.562	0.236	gain	TP	TP
chr5	25942254	25954300	12046	15	7	1	4	independent	independent	2-1	2-1	True	27	0.156	0.468	gain	TP	TP
chr5	27461434	27464664	3230	52	1	1	47	independent	independent	1-1	1-1	True	101	0.504	0.489	gain	TP	TP
chr5	27633493	27657716	24223	7	4	1	4	independent	independent	1-1	1-1	True	16	0.18	0.496	gain	TP	TP
chr5	27971224	27983294	12070	14	1	2	11	independent	independent	2-1	2-1	True	28	0.5	0.25	gain	TP	TP
chr5	27971226	27983294	12068	15	2	2	12	independent	independent	2-1	2-1	True	31	0.496	0.25	gain	TP	TP
chr5	28188507	28192953	4446	68	1	1	18	independent	independent	2-1	2-1	True	88	0.21	0.252	gain	TP	TP
chr5	28247410	28247876	466	56	3	3	62	independent	independent	3	3	True	124	0.511	0.538	gain	TP	TP
chr5	29806441	29811925	5484	44	1	18	16	independent	independent	1-1	1-1	True	79	0.45	0.265	gain	TP	TP
chr5	30703412	30707669	4257	41	1	14	17	independent	independent	1-1	1-1	True	73	0.441	0.211	gain	TP	TP
chr5	31046700	31067678	20978	10	3	1	8	independent	independent	2-1	2-1	True	22	0.394	0.5	gain	TP	TP
chr5	31793269	31817395	24126	9	1	2	5	independent	independent	2-1	2-1	True	17	0.339	0.473	gain	TP	TP
chr5	32684752	32711618	26866	4	1	1	5	independent	independent	1-1	1-1	True	11	0.458	0.33	gain	TP	TP
chr5	32765744	32766259	515	41	21	3	25	independent	independent	3	3	True	90	0.303	0.505	gain	TP	TP
chr5	32765744	32768290	2546	35	19	1	22	independent	independent	3	3	True	77	0.303	0.5	gain	TP	TP
chr5	32766259	32768290	2031	34	2	2	42	independent	independent	3	3	True	80	0.505	0.5	gain	TP	TP
chr5	33324005	33327114	3109	46	1	22	24	independent	independent	1-1	1-1	True	93	0.508	0.252	gain	TP	TP
chr5	33394029	33421860	27831	7	3	1	3	independent	independent	2-1	2-1	True	14	0.24	0.489	gain	TP	TP
chr5	35457836	35463108	5272	31	14	1	17	independent	independent	1-1	1-1	True	63	0.257	0.518	gain	TP	TP
chr5	35680862	35708178	27316	3	1	1	2	independent	independent	2-1	2-1	True	7	0.292	0.281	gain	TP	TP
chr5	35834395	35834826	431	61	2	1	60	independent	independent	1-1	1-1	True	124	0.496	0.489	gain	TP	TP
chr5	36214077	36216161	2084	50	26	2	18	independent	independent	2-1	2-1	True	96	0.183	0.475	gain	TP	TP
chr5	36651839	36663777	11938	37	1	1	14	independent	independent	2-1	2-1	True	53	0.245	0.254	gain	TP	TP
chr5	37113640	37113832	192	41	1	5	53	independent	independent	2-1	2-1	True	100	0.581	0.549	gain	TP	TP
chr5	37812526	37812532	6	69	23	2	17	independent	independent	2-1	2-1	True	111	0.168	0.363	gain	TP	TP
chr5	41104705	41111475	6770	19	1	1	11	independent	independent	1-1	1-1	True	32	0.333	0.292	gain	TP	TP
chr5	42642027	42648522	6495	26	2	2	29	independent	independent	2-1	2-1	True	59	0.484	0.44	gain	TP	TP
chr5	54917535	54921158	3623	1	28	1	18	independent	independent	2-1	2-1	True	48	0.373	0.913	loh	TP	TP
chr5	57098525	57099878	1353	0	1	1	43	independent	independent	2-1	2-1	True	45	0.962	0.982	loh	TP	TP
chr5	57099878	57110102	10224	0	1	23	9	independent	independent	2-1	2-1	True	33	0.982	0.397	loh	TP	TP
chr5	59856267	59867747	11480	0	1	9	8	independent	independent	1-1	1-1	True	18	0.98	0.377	loh	TP	TP
chr5	60536738	60538592	1854	0	19	1	25	independent	independent	1-1	1-1	True	45	0.544	0.983	loh	TP	TP
chr5	61089793	61093038	3245	43	2	1	3	independent	independent	2-1	2-1	True	49	0.062	0.079	loh	FP	FP
chr5	61092751	61093038	287	55	2	1	3	independent	independent	2-1	2-1	True	61	0.066	0.079	loh	FP	FP
chr5	64113505	64127790	14285	0	1	5	8	independent	independent	2-1	2-1	True	14	0.9	0.483	loh	TP	TP
chr5	74347988	74348136	148	2	3	5	63	independent	independent	2-1	2-1	True	73	0.932	0.897	loh	TP	TP
chr5	76175091	76175092	1	3	1	1	36	independent	independent	1-1	1-1	True	41	0.881	0.841	loh	TP	TP
chr5	76755561	76771305	15744	1	2	4	9	independent	independent	2-1	2-1	True	16	0.868	0.544	loh	TP	TP
chr5	82846383	82847765	1382	50	1	2	4	independent	independent	2-1	2-1	True	57	0.109	0.075	loh	FP	FP
chr5	82882438	82892283	9845	1	1	4	9	independent	independent	2-1	2-1	True	15	0.913	0.492	loh	TP	TP
chr5	86707575	86714379	6804	2	1	12	15	independent	independent	3	3	True	30	0.927	0.5	loh	TP	TP
chr5	90422713	90426123	3410	2	2	1	30	independent	independent	1-1	1-1	True	35	0.891	0.934	loh	TP	TP
chr5	106660357	106662071	1714	40	1	1	3	independent	independent	1-1	1-1	True	45	0.073	0.074	loh	FP	FP
chr5	106661024	106662071	1047	43	1	1	3	independent	independent	1-1	1-1	True	48	0.098	0.074	loh	FP	FP
chr5	106662071	106663616	1545	39	1	1	3	independent	independent	1-1	1-1	True	44	0.074	0.082	loh	FP	FP
chr5	109589113	109589392	279	29	1	2	6	independent	independent	1-1	1-1	True	38	0.19	0.171	loh	FP	FP
chr5	109945182	109950423	5241	0	31	2	4	independent	independent	1-1	1-1	True	37	0.145	0.929	loh	FP	TP
chr5	112134505	112142931	8426	1	18	11	1	mutual_excl	independent	1-1	1-1	True	31	0.438	0.556	loh	TP	TP
chr5	112399625	112401564	1939	24	2	24	1	mutual_excl	independent	1-1	1-1	True	51	0.483	0.047	loh	TP	FP
chr5	113855568	113871062	15494	1	5	1	10	independent	independent	1-1	1-1	True	17	0.565	0.952	loh	TP	TP
chr5	113860107	113861771	1664	1	1	15	25	independent	independent	1-1	1-1	True	42	0.963	0.617	loh	TP	TP
chr5	115151620	115166696	15076	1	1	3	19	independent	independent	1-1	1-1	True	24	0.91	0.842	loh	TP	TP
chr5	115151620	115170437	18817	1	1	3	9	independent	independent	1-1	1-1	True	14	0.91	0.849	loh	TP	TP
chr5	115166696	115170437	3741	4	4	4	24	independent	independent	1-1	1-1	True	36	0.842	0.849	loh	TP	TP
chr5	117817887	117821473	3586	19	7	2	14	independent	independent	1-1	1-1	True	42	0.317	0.483	loh	TP	TP
chr5	119703787	119716464	12677	10	3	5	1	mutual_excl	independent	1-1	1-1	True	19	0.382	0.282	loh	TP	FP
chr5	121938082	121938083	1	34	2	2	25	independent	independent	1-1	1-1	True	63	0.409	0.406	loh	TP	TP
chr5	130203765	130209208	5443	0	2	21	16	independent	independent	1-1	1-1	True	39	0.914	0.494	loh	TP	TP
chr5	130209208	130222066	12858	0	6	1	12	independent	independent	1-1	1-1	True	19	0.494	0.967	loh	TP	TP
chr5	138561034	138564837	3803	0	1	1	26	independent	independent	1-1	1-1	True	28	0.98	0.978	loh	TP	TP
chr5	139766114	139771692	5578	12	13	23	1	mutual_excl	independent	2-1	2-1	True	49	0.39	0.276	gain	TP	TP
chr5	140526448	140555204	28756	4	2	3	1	mutual_excl	independent	2-1	2-1	True	10	0.309	0.289	gain	TP	TP
chr5	144831642	144832797	1155	3	1	42	18	independent	independent	2-1	2-1	True	64	0.946	0.284	gain	TP	TP
chr5	145111563	145125423	13860	4	1	16	5	independent	independent	1-1	1-1	True	26	0.917	0.315	gain	TP	TP
chr5	147608990	147626389	17399	1	4	1	4	independent	independent	2-1	2-1	True	10	0.343	0.904	gain	TP	TP
chr5	148776324	148802569	26245	0	5	1	1	mutual_excl	independent	2-1	2-1	True	7	0.293	0.714	gain	TP	TP
chr5	148834080	148834910	830	2	1	36	41	independent	independent	2-1	2-1	True	80	0.967	0.535	gain	TP	TP
chr5	150079864	150080891	1027	4	48	2	18	independent	independent	1-1	1-1	True	72	0.293	0.919	gain	TP	TP
chr5	150970469	150973241	2772	26	1	21	24	independent	independent	1-1	1-1	True	72	0.69	0.324	gain	TP	TP
chr5	151221285	151227251	5966	1	1	31	21	independent	independent	1-1	1-1	True	54	0.964	0.408	gain	TP	TP
chr5	154536759	154547360	10601	20	8	1	2	independent	independent	2-1	2-1	True	31	0.109	0.314	gain	FP	TP
chr5	154588580	154591578	2998	26	13	1	27	independent	independent	2-1	2-1	True	67	0.402	0.607	gain	TP	TP
chr5	157023994	157031090	7096	15	13	4	3	independent	independent	1-1	1-1	True	35	0.169	0.437	loh	FP	TP
chr5	157465561	157466038	477	50	1	8	12	independent	independent	1-1	1-1	True	71	0.28	0.167	loh	TP	TP
chr5	157465561	157466039	478	49	1	3	15	independent	independent	1-1	1-1	True	68	0.28	0.207	loh	TP	TP
chr5	157466038	157466039	1	63	5	1	12	independent	independent	1-1	1-1	True	81	0.167	0.207	loh	TP	TP
chr5	158447482	158458991	11509	9	9	1	9	independent	independent	1-1	1-1	True	28	0.302	0.514	loh	TP	TP
chr5	161912274	161924049	11775	6	3	6	9	independent	independent	1-1	1-1	True	24	0.591	0.382	loh	TP	TP
chr5	164377306	164384542	7236	0	35	1	6	independent	independent	2-1	2-1	True	42	0.143	0.946	loh	TP	TP
chr5	165070824	165085925	15101	0	1	7	10	independent	independent	2-1	2-1	True	18	0.977	0.627	loh	TP	TP
chr5	165238762	165244379	5617	10	11	17	1	mutual_excl	independent	2-1	2-1	True	39	0.433	0.293	loh	TP	TP
chr5	170542421	170563845	21424	0	3	1	9	independent	independent	1-1	1-1	True	13	0.803	0.966	loh	TP	TP
chr5	170545832	170563845	18013	0	10	1	5	independent	independent	1-1	1-1	True	16	0.279	0.966	loh	TP	TP
chr5	171680516	171694829	14313	7	11	18	1	mutual_excl	independent	2-1	2-1	True	37	0.395	0.367	loh	TP	TP
chr5	175067877	175069855	1978	25	13	15	1	mutual_excl	independent	1-1	1-1	True	54	0.317	0.263	loh	TP	TP
chr5	175313830	175314491	661	2	23	2	42	independent	independent	1-1	1-1	True	69	0.605	0.945	loh	TP	TP
chr5	175314491	175335678	21187	0	1	6	4	independent	independent	1-1	1-1	True	11	0.945	0.458	loh	TP	TP
chr10	1525954	1534141	8187	10	10	5	1	mutual_excl	independent	1-1	1-1	True	26	0.314	0.478	loh	TP	FP
chr10	5491452	5491453	1	1	1	6	55	independent	independent	2-1	2-1	True	63	0.968	0.891	loh	TP	TP
chr10	9426011	9441319	15308	12	1	1	2	independent	independent	2-1	2-1	True	16	0.411	0.34	loh	TP	TP
chr10	11369710	11386812	17102	2	16	1	1	mutual_excl	independent	2-1	2-1	True	20	0.125	0.845	loh	FP	TP
chr10	11815399	11815883	484	0	28	20	1	mutual_excl	independent	2-1	2-1	True	49	0.434	0.623	loh	TP	TP
chr10	11815883	11823264	7381	0	12	1	13	independent	independent	2-1	2-1	True	26	0.623	0.942	loh	TP	TP
chr10	13121973	13123166	1193	0	2	29	10	independent	independent	2-1	2-1	True	41	0.957	0.321	loh	TP	TP
chr10	13740500	13742054	1554	3	22	1	19	independent	independent	2-1	2-1	True	45	0.469	0.935	loh	TP	TP
chr10	15607106	15613056	5950	0	20	19	1	mutual_excl	independent	1-1	1-1	True	40	0.435	0.5	loh	TP	TP
chr10	16199424	16212992	13568	0	1	2	14	independent	independent	1-1	1-1	True	17	0.985	0.931	loh	TP	TP
chr10	21038781	21052260	13479	2	1	13	4	independent	independent	1-1	1-1	True	20	0.842	0.292	gain	TP	TP
chr10	21295224	21304217	8993	2	2	39	11	independent	independent	1-1	1-1	True	54	0.938	0.198	gain	TP	TP
chr10	25829599	25834568	4969	0	17	2	22	independent	independent	2-1	2-1	True	41	0.559	0.908	loh	TP	TP
chr10	32081228	32090050	8822	27	2	1	21	independent	independent	3	3	True	51	0.435	0.436	gain	TP	TP
chr10	32502287	32509028	6741	35	2	4	31	independent	independent	1-1	1-1	True	72	0.439	0.481	gain	TP	TP
chr10	32861694	32873251	11557	23	9	4	5	independent	independent	3	3	True	41	0.233	0.33	gain	TP	TP
chr10	33843670	33848873	5203	37	2	3	36	independent	independent	1-1	1-1	True	78	0.508	0.496	gain	TP	TP
chr10	34112417	34112423	6	59	2	1	47	independent	independent	2-1	2-1	True	109	0.442	0.45	gain	TP	TP
chr10	34937840	34972857	35017	1	3	1	1	mutual_excl	independent	2-1	2-1	True	6	0.208	0.526	gain	TP	TP
chr10	35625230	35625231	1	81	1	2	21	independent	independent	1-1	1-1	True	105	0.226	0.226	gain	TP	TP
chr10	36046591	36057060	10469	22	1	1	29	independent	independent	3	3	True	53	0.562	0.521	gain	TP	TP
chr10	36823830	36826434	2604	36	1	1	38	independent	independent	2-1	2-1	True	76	0.524	0.509	gain	TP	TP
chr10	37164712	37164907	195	93	3	2	8	independent	independent	2-1	2-1	True	106	0.091	0.1	gain	FP	FP
chr10	37460033	37469515	9482	26	1	19	2	independent	independent	2-1	2-1	True	48	0.463	0.091	gain	TP	FP
chr10	37980688	37999026	18338	9	7	1	5	independent	independent	1-1	1-1	True	22	0.339	0.471	gain	TP	TP
chr10	38157501	38162082	4581	33	19	1	11	independent	independent	2-1	2-1	True	64	0.248	0.495	gain	TP	TP
chr10	39117236	39121646	4410	29	18	2	16	independent	independent	1-1	1-1	True	65	0.269	0.495	gain	TP	TP
chr10	39327668	39329718	2050	59	1	33	24	independent	independent	2-1	2-1	True	117	0.469	0.216	gain	TP	TP
chr10	39523924	39526261	2337	54	17	1	21	independent	independent	1-1	1-1	True	93	0.248	0.42	gain	TP	TP
chr10	42288555	42288556	1	68	1	1	42	independent	independent	2-1	2-1	True	112	0.381	0.384	gain	TP	TP
chr10	42288555	42289566	1011	55	3	15	21	independent	independent	2-1	2-1	True	94	0.381	0.264	gain	TP	TP
chr10	42288556	42289566	1010	54	4	16	20	independent	independent	2-1	2-1	True	94	0.384	0.264	gain	TP	TP
chr10	43083037	43083397	360	112	3	3	54	independent	independent	2-1	2-1	True	172	0.324	0.32	gain	TP	TP
chr10	43943820	43951810	7990	34	1	24	29	independent	independent	2-1	2-1	True	88	0.618	0.337	gain	TP	TP
chr10	44214268	44232390	18122	23	10	3	2	independent	independent	3	3	True	38	0.228	0.364	gain	FP	TP
chr10	44732105	44756236	24131	18	4	1	5	independent	independent	1-1	1-1	True	28	0.195	0.306	gain	TP	TP
chr10	44756236	44759615	3379	92	2	17	13	independent	independent	1-1	1-1	True	124	0.306	0.126	gain	TP	TP
chr10	44803292	44829843	26551	11	1	1	7	independent	independent	1-1	1-1	True	20	0.425	0.283	gain	TP	TP
chr10	45202777	45216130	13353	13	2	2	22	independent	independent	2-1	2-1	True	39	0.506	0.621	gain	TP	TP
chr10	46665499	46665586	87	30	1	1	10	independent	independent	1-1	1-1	True	42	0.256	0.256	gain	FP	FP
chr10	46665499	46665759	260	30	2	1	9	independent	independent	1-1	1-1	True	42	0.256	0.256	gain	FP	FP
chr10	46665499	46665985	486	29	1	1	9	independent	independent	1-1	1-1	True	40	0.256	0.238	gain	FP	FP
chr10	46665499	46668377	2878	21	2	1	5	independent	independent	1-1	1-1	True	29	0.256	0.189	gain	FP	FP
chr10	46665586	46668377	2791	21	2	1	5	independent	independent	1-1	1-1	True	29	0.256	0.189	gain	FP	FP
chr10	46665759	46668377	2618	22	1	1	6	independent	independent	1-1	1-1	True	30	0.256	0.189	gain	FP	FP
chr10	46665985	46668377	2392	23	1	1	5	independent	independent	1-1	1-1	True	30	0.238	0.189	gain	FP	FP
chr10	47682714	47684354	1640	68	2	1	10	independent	independent	1-1	1-1	True	81	0.162	0.126	gain	FP	FP
chr10	47682714	47684457	1743	65	4	1	10	independent	independent	1-1	1-1	True	80	0.162	0.151	gain	FP	FP
chr10	47682714	47685497	2783	62	2	1	9	independent	independent	1-1	1-1	True	74	0.162	0.115	gain	FP	FP
chr10	47682736	47684354	1618	68	1	1	11	independent	independent	1-1	1-1	True	81	0.172	0.126	gain	FP	FP
chr10	47682736	47684457	1721	65	3	1	11	independent	independent	1-1	1-1	True	80	0.172	0.151	gain	FP	FP
chr10	47682736	47685497	2761	62	1	1	10	independent	independent	1-1	1-1	True	74	0.172	0.115	gain	FP	FP
chr10	47682745	47684354	1609	68	1	1	11	independent	independent	1-1	1-1	True	81	0.172	0.126	gain	FP	FP
chr10	47682745	47684457	1712	65	3	1	11	independent	independent	1-1	1-1	True	80	0.172	0.151	gain	FP	FP
chr10	47682745	47685497	2752	62	1	1	10	independent	independent	1-1	1-1	True	74	0.172	0.115	gain	FP	FP
chr10	47683161	47684354	1193	70	1	1	11	independent	independent	1-1	1-1	True	83	0.152	0.126	gain	FP	FP
chr10	47683161	47684457	1296	67	3	1	11	independent	independent	1-1	1-1	True	82	0.152	0.151	gain	FP	FP
chr10	47683161	47685497	2336	64	1	1	10	independent	independent	1-1	1-1	True	76	0.152	0.115	gain	FP	FP
chr10	47683259	47684354	1095	71	1	1	11	independent	independent	1-1	1-1	True	84	0.15	0.126	gain	FP	FP
chr10	47683259	47684457	1198	68	3	1	11	independent	independent	1-1	1-1	True	83	0.15	0.151	gain	FP	FP
chr10	47683259	47685497	2238	65	1	1	10	independent	independent	1-1	1-1	True	77	0.15	0.115	gain	FP	FP
chr10	47683280	47684354	1074	71	1	1	11	independent	independent	1-1	1-1	True	84	0.152	0.126	gain	FP	FP
chr10	47683280	47684457	1177	68	3	1	11	independent	independent	1-1	1-1	True	83	0.152	0.151	gain	FP	FP
chr10	47683280	47685497	2217	65	1	1	10	independent	independent	1-1	1-1	True	77	0.152	0.115	gain	FP	FP
chr10	47683446	47684354	908	72	1	2	11	independent	independent	1-1	1-1	True	86	0.162	0.126	gain	FP	FP
chr10	47683446	47684457	1011	67	3	2	11	independent	independent	1-1	1-1	True	83	0.162	0.151	gain	FP	FP
chr10	47683446	47684638	1192	69	2	1	12	independent	independent	1-1	1-1	True	84	0.162	0.156	gain	FP	FP
chr10	47683446	47685172	1726	66	3	1	12	independent	independent	1-1	1-1	True	82	0.162	0.155	gain	FP	FP
chr10	47683446	47685497	2051	64	1	2	10	independent	independent	1-1	1-1	True	77	0.162	0.115	gain	FP	FP
chr10	47683446	47686641	3195	55	4	1	10	independent	independent	1-1	1-1	True	70	0.162	0.163	gain	FP	FP
chr10	47683446	47686824	3378	56	2	1	11	independent	independent	1-1	1-1	True	70	0.162	0.152	gain	FP	FP
chr10	47683446	47687430	3984	51	3	1	11	independent	independent	1-1	1-1	True	66	0.162	0.167	gain	FP	FP
chr10	47683446	47687512	4066	52	2	1	11	independent	independent	1-1	1-1	True	66	0.162	0.144	gain	FP	FP
chr10	47683446	47687598	4152	46	5	1	11	independent	independent	1-1	1-1	True	63	0.162	0.184	gain	FP	FP
chr10	47684354	47684457	103	75	3	1	11	independent	independent	1-1	1-1	True	90	0.126	0.151	gain	FP	FP
chr10	47684354	47684638	284	75	3	1	11	independent	independent	1-1	1-1	True	90	0.126	0.156	gain	FP	FP
chr10	47684354	47685172	818	72	4	1	11	independent	independent	1-1	1-1	True	88	0.126	0.155	gain	FP	FP
chr10	47684354	47685497	1143	70	2	2	9	independent	independent	1-1	1-1	True	83	0.126	0.115	gain	FP	FP
chr10	47684354	47686641	2287	58	5	1	9	independent	independent	1-1	1-1	True	73	0.126	0.163	gain	FP	FP
chr10	47684354	47686824	2470	58	3	1	10	independent	independent	1-1	1-1	True	72	0.126	0.152	gain	FP	FP
chr10	47684354	47687430	3076	53	4	1	10	independent	independent	1-1	1-1	True	68	0.126	0.167	gain	FP	FP
chr10	47684354	47687512	3158	54	3	1	10	independent	independent	1-1	1-1	True	68	0.126	0.144	gain	FP	FP
chr10	47684354	47687598	3244	49	6	1	10	independent	independent	1-1	1-1	True	66	0.126	0.184	gain	FP	FP
chr10	47684457	47684638	181	73	4	2	11	independent	independent	1-1	1-1	True	90	0.151	0.156	gain	FP	FP
chr10	47684457	47685172	715	70	4	2	11	independent	independent	1-1	1-1	True	87	0.151	0.155	gain	FP	FP
chr10	47684457	47685497	1040	68	2	3	9	independent	independent	1-1	1-1	True	82	0.151	0.115	gain	FP	FP
chr10	47684457	47686641	2184	57	3	1	10	independent	independent	1-1	1-1	True	71	0.151	0.163	gain	FP	FP
chr10	47684457	47686824	2367	55	3	2	10	independent	independent	1-1	1-1	True	70	0.151	0.152	gain	FP	FP
chr10	47684457	47687430	2973	51	3	2	10	independent	independent	1-1	1-1	True	66	0.151	0.167	gain	FP	FP
chr10	47684457	47687512	3055	52	2	2	10	independent	independent	1-1	1-1	True	66	0.151	0.144	gain	FP	FP
chr10	47684457	47687598	3141	47	5	1	11	independent	independent	1-1	1-1	True	64	0.151	0.184	gain	FP	FP
chr10	47684457	47689755	5298	36	1	1	9	independent	independent	1-1	1-1	True	47	0.151	0.131	gain	FP	FP
chr10	47684638	47685172	534	74	3	3	12	independent	independent	1-1	1-1	True	92	0.156	0.155	gain	FP	FP
chr10	47684638	47685497	859	72	1	4	10	independent	independent	1-1	1-1	True	87	0.156	0.115	gain	FP	FP
chr10	47684638	47686641	2003	60	4	2	10	independent	independent	1-1	1-1	True	76	0.156	0.163	gain	FP	FP
chr10	47684638	47686824	2186	61	2	1	11	independent	independent	1-1	1-1	True	75	0.156	0.152	gain	FP	FP
chr10	47684638	47687430	2792	56	3	1	11	independent	independent	1-1	1-1	True	71	0.156	0.167	gain	FP	FP
chr10	47684638	47687512	2874	57	2	1	11	independent	independent	1-1	1-1	True	71	0.156	0.144	gain	FP	FP
chr10	47685172	47685497	325	77	1	4	10	independent	independent	1-1	1-1	True	92	0.155	0.115	gain	FP	FP
chr10	47685172	47686641	1469	62	4	2	10	independent	independent	1-1	1-1	True	78	0.155	0.163	gain	FP	FP
chr10	47685172	47686824	1652	62	2	2	11	independent	independent	1-1	1-1	True	77	0.155	0.152	gain	FP	FP
chr10	47685172	47687430	2258	57	3	2	11	independent	independent	1-1	1-1	True	73	0.155	0.167	gain	FP	FP
chr10	47685172	47687512	2340	58	2	2	11	independent	independent	1-1	1-1	True	73	0.155	0.144	gain	FP	FP
chr10	47685172	47687598	2426	52	5	2	11	independent	independent	1-1	1-1	True	70	0.155	0.184	gain	FP	FP
chr10	47685497	47687512	2015	62	3	1	10	independent	independent	1-1	1-1	True	76	0.115	0.144	gain	FP	FP
chr10	47685497	47687598	2101	56	6	1	10	independent	independent	1-1	1-1	True	73	0.115	0.184	gain	FP	FP
chr10	47685497	47689755	4258	43	2	1	9	independent	independent	1-1	1-1	True	55	0.115	0.131	gain	FP	FP
chr10	47686641	47686824	183	72	2	4	11	independent	independent	1-1	1-1	True	89	0.163	0.152	gain	FP	FP
chr10	47686641	47687430	789	68	1	2	13	independent	independent	1-1	1-1	True	84	0.163	0.167	gain	FP	FP
chr10	47686641	47687512	871	68	1	4	11	independent	independent	1-1	1-1	True	84	0.163	0.144	gain	FP	FP
chr10	47686641	47687598	957	62	4	4	11	independent	independent	1-1	1-1	True	81	0.163	0.184	gain	FP	FP
chr10	47686641	47689755	3114	44	1	3	9	independent	independent	1-1	1-1	True	57	0.163	0.131	gain	FP	FP
chr10	47686824	47687430	606	71	3	1	12	independent	independent	1-1	1-1	True	87	0.152	0.167	gain	FP	FP
chr10	47686824	47687512	688	72	2	2	11	independent	independent	1-1	1-1	True	87	0.152	0.144	gain	FP	FP
chr10	47686824	47687598	774	67	4	1	12	independent	independent	1-1	1-1	True	84	0.152	0.184	gain	FP	FP
chr10	47686824	47689755	2931	47	1	2	10	independent	independent	1-1	1-1	True	60	0.152	0.131	gain	FP	FP
chr10	47687430	47687512	82	74	1	3	12	independent	independent	1-1	1-1	True	90	0.167	0.144	gain	FP	FP
chr10	47687430	47687598	168	67	5	4	11	independent	independent	1-1	1-1	True	87	0.167	0.184	gain	FP	FP
chr10	47687430	47689755	2325	47	1	2	10	independent	independent	1-1	1-1	True	60	0.167	0.131	gain	FP	FP
chr10	47687512	47687598	86	69	5	2	11	independent	independent	1-1	1-1	True	87	0.144	0.184	gain	FP	FP
chr10	47687512	47689755	2243	47	1	2	10	independent	independent	1-1	1-1	True	60	0.144	0.131	gain	FP	FP
chr10	47687598	47689755	2157	44	1	3	10	independent	independent	1-1	1-1	True	58	0.184	0.131	gain	FP	FP
chr10	50279586	50281405	1819	24	1	26	29	independent	independent	2-1	2-1	True	80	0.667	0.368	gain	TP	TP
chr10	55541416	55550928	9512	21	1	1	9	independent	independent	1-1	1-1	True	32	0.341	0.346	gain	TP	TP
chr10	56438953	56440105	1152	60	2	1	17	independent	independent	1-1	1-1	True	80	0.228	0.221	gain	TP	TP
chr10	57026968	57029531	2563	44	1	2	21	independent	independent	1-1	1-1	True	68	0.35	0.321	gain	TP	TP
chr10	66126573	66126902	329	3	1	27	19	independent	independent	1-1	1-1	True	50	0.932	0.396	loh	TP	TP
chr10	70692250	70692779	529	0	24	1	19	independent	independent	2-1	2-1	True	44	0.438	0.978	loh	TP	TP
chr10	74454002	74473217	19215	10	1	7	1	mutual_excl	independent	1-1	1-1	True	19	0.417	0.136	loh	TP	FP
chr10	79608011	79610146	2135	0	3	2	38	independent	independent	1-1	1-1	True	43	0.929	0.946	loh	TP	TP
chr10	80273375	80278393	5018	1	10	4	15	independent	independent	2-1	2-1	True	30	0.529	0.804	loh	TP	TP
chr10	86009126	86011155	2029	17	2	24	1	mutual_excl	independent	1-1	1-1	True	44	0.615	0.093	loh	TP	FP
chr10	95780625	95783494	2869	0	2	1	29	independent	independent	2-1	2-1	True	32	0.935	0.957	loh	TP	TP
chr10	100140022	100164228	24206	0	4	1	2	independent	independent	2-1	2-1	True	7	0.415	0.922	loh	TP	TP
chr10	104460496	104474282	13786	0	6	1	9	independent	independent	1-1	1-1	True	16	0.435	0.956	loh	TP	TP
chr10	104498597	104501504	2907	4	19	7	18	independent	independent	1-1	1-1	True	48	0.507	0.754	loh	TP	TP
chr10	104501504	104510352	8848	5	6	10	11	independent	independent	1-1	1-1	True	32	0.754	0.493	loh	TP	TP
chr10	108702162	108705062	2900	17	7	1	4	independent	independent	2-1	2-1	True	29	0.19	0.333	loh	FP	TP
chr10	111055861	111056521	660	2	3	3	60	independent	independent	1-1	1-1	True	68	0.928	0.931	loh	TP	TP
chr10	112890178	112890529	351	40	1	1	19	independent	independent	2-1	2-1	True	61	0.369	0.354	loh	TP	TP
chr10	112890179	112890529	350	39	1	1	20	independent	independent	2-1	2-1	True	61	0.385	0.354	loh	TP	TP
chr10	115856570	115862347	5777	1	16	13	1	mutual_excl	independent	1-1	1-1	True	31	0.477	0.548	loh	TP	TP
chr10	117535007	117536699	1692	0	16	1	22	independent	independent	1-1	1-1	True	39	0.574	0.978	loh	TP	TP
chr10	121588428	121590127	1699	1	46	1	35	independent	independent	2-1	2-1	True	83	0.396	0.973	gain	TP	TP
chr10	123838172	123851758	13586	3	2	22	25	independent	independent	1-1	1-1	True	52	0.886	0.491	gain	TP	TP
chr10	124113090	124121932	8842	3	1	33	7	independent	independent	1-1	1-1	True	44	0.913	0.211	gain	TP	TP
chr10	124407633	124416227	8594	4	1	37	11	independent	independent	2-1	2-1	True	53	0.943	0.2	loh	TP	TP
chr10	124620619	124650245	29626	0	3	1	3	independent	independent	2-1	2-1	True	7	0.451	0.857	loh	TP	TP
chr10	125855876	125859826	3950	1	69	1	23	independent	independent	1-1	1-1	True	94	0.2	0.967	gain	TP	TP
chr10	126162928	126172499	9571	1	27	1	8	independent	independent	1-1	1-1	True	37	0.194	0.979	gain	TP	TP
chr10	126162928	126180777	17849	11	6	5	1	mutual_excl	independent	1-1	1-1	True	23	0.194	0.238	gain	TP	TP
chr10	126818849	126818948	99	53	25	31	1	mutual_excl	independent	1-1	1-1	True	110	0.291	0.234	gain	TP	TP
chr10	129968849	129968942	93	42	2	24	22	independent	independent	1-1	1-1	True	90	0.511	0.28	gain	TP	TP
chr10	130373436	130397979	24543	0	7	1	6	independent	independent	1-1	1-1	True	14	0.564	0.968	gain	TP	TP
chr10	130687125	130690763	3638	40	18	1	21	independent	independent	2-1	2-1	True	80	0.287	0.47	gain	TP	TP
chr10	131176480	131176703	223	85	2	5	13	independent	independent	2-1	2-1	True	105	0.167	0.164	gain	FP	FP
chr10	131203939	131214693	10754	13	7	13	2	independent	independent	2-1	2-1	True	35	0.5	0.275	gain	TP	TP
chr10	131340987	131340988	1	75	1	3	19	independent	independent	2-1	2-1	True	98	0.224	0.204	gain	TP	TP
chr10	131340987	131354611	13624	6	18	7	1	mutual_excl	independent	2-1	2-1	True	32	0.224	0.477	gain	TP	TP
chr10	133086186	133117097	30911	1	5	1	2	independent	independent	2-1	2-1	True	9	0.369	0.744	gain	TP	TP
chr10	133117097	133118737	1640	20	5	50	23	independent	independent	2-1	2-1	True	98	0.744	0.286	gain	TP	TP
chr10	133117097	133133093	15996	5	1	17	14	independent	independent	2-1	2-1	True	37	0.744	0.405	gain	TP	TP
chr15	17079385	17079507	122	64	1	2	12	independent	independent	1-1	1-1	True	79	0.177	0.183	neutral	FP	FP
chr15	17079385	17079687	302	64	1	1	13	independent	independent	1-1	1-1	True	79	0.177	0.214	neutral	FP	FP
chr15	17079385	17079804	419	62	1	1	13	independent	independent	1-1	1-1	True	77	0.177	0.205	neutral	FP	FP
chr15	17079507	17079546	39	59	2	1	14	independent	independent	1-1	1-1	True	76	0.183	0.231	neutral	FP	FP
chr15	17079507	17079687	180	65	2	1	14	independent	independent	1-1	1-1	True	82	0.183	0.214	neutral	FP	FP
chr15	17079507	17079804	297	63	3	1	13	independent	independent	1-1	1-1	True	80	0.183	0.205	neutral	FP	FP
chr15	17079687	17079804	117	63	1	2	16	independent	independent	1-1	1-1	True	82	0.214	0.205	neutral	FP	FP
chr15	27306194	27306214	20	43	1	1	14	independent	independent	2-1	2-1	True	59	0.254	0.25	loh	FP	FP
chr15	27306194	27306234	40	43	1	1	14	independent	independent	2-1	2-1	True	59	0.254	0.25	loh	FP	FP
chr15	27306194	27306311	117	41	1	4	9	independent	independent	2-1	2-1	True	55	0.254	0.179	loh	FP	FP
chr15	27306194	27306522	328	41	1	1	14	independent	independent	2-1	2-1	True	57	0.254	0.254	loh	FP	FP
chr15	27306196	27306278	82	42	2	2	12	independent	independent	1-1	1-1	True	58	0.233	0.241	loh	FP	FP
chr15	27306196	27306354	158	42	2	1	13	independent	independent	1-1	1-1	True	58	0.233	0.259	loh	FP	FP
chr15	27306214	27306234	20	44	1	1	14	independent	independent	2-1	2-1	True	60	0.25	0.25	loh	FP	FP
chr15	27306214	27306522	308	42	1	1	14	independent	independent	2-1	2-1	True	58	0.25	0.254	loh	FP	FP
chr15	27306234	27306311	77	42	1	4	9	independent	independent	2-1	2-1	True	56	0.25	0.179	loh	FP	FP
chr15	27306234	27306522	288	42	1	1	14	independent	independent	2-1	2-1	True	58	0.25	0.254	loh	FP	FP
chr15	27306278	27306354	76	42	1	1	13	independent	independent	1-1	1-1	True	57	0.241	0.259	loh	FP	FP
chr15	27306354	27306417	63	40	1	1	11	independent	independent	1-1	1-1	True	53	0.259	0.222	loh	FP	FP
chr15	36008894	36021855	12961	1	18	1	3	independent	independent	2-1	2-1	True	23	0.107	0.969	loh	FP	TP
chr15	43211740	43218653	6913	2	10	2	10	independent	independent	1-1	1-1	True	24	0.458	0.9	loh	TP	TP
chr15	43976645	43987131	10486	1	1	1	16	independent	independent	2-1	2-1	True	19	0.938	0.94	loh	TP	TP
chr15	44297781	44298173	392	2	1	2	46	independent	independent	1-1	1-1	True	51	0.943	0.927	loh	TP	TP
chr15	46223845	46228504	4659	2	1	2	19	independent	independent	1-1	1-1	True	24	0.894	0.898	loh	TP	TP
chr15	46223845	46242669	18824	0	1	1	7	independent	independent	1-1	1-1	True	9	0.894	0.911	loh	TP	TP
chr15	46223845	46245092	21247	0	1	1	6	independent	independent	1-1	1-1	True	8	0.894	0.942	loh	TP	TP
chr15	46223845	46245739	21894	0	1	1	5	independent	independent	1-1	1-1	True	7	0.894	0.935	loh	TP	TP
chr15	46228504	46245092	16588	0	1	1	11	independent	independent	1-1	1-1	True	13	0.898	0.942	loh	TP	TP
chr15	46242669	46244613	1944	1	3	1	32	independent	independent	1-1	1-1	True	37	0.911	0.943	loh	TP	TP
chr15	46242669	46245092	2423	1	3	1	30	independent	independent	1-1	1-1	True	35	0.911	0.942	loh	TP	TP
chr15	46244613	46244718	105	2	1	1	43	independent	independent	1-1	1-1	True	47	0.943	0.939	loh	TP	TP
chr15	46244613	46245092	479	2	1	1	46	independent	independent	1-1	1-1	True	50	0.943	0.942	loh	TP	TP
chr15	46244613	46245739	1126	2	1	1	45	independent	independent	1-1	1-1	True	49	0.943	0.935	loh	TP	TP
chr15	46244718	46245092	374	2	1	1	43	independent	independent	1-1	1-1	True	47	0.939	0.942	loh	TP	TP
chr15	46244718	46245739	1021	2	1	1	43	independent	independent	1-1	1-1	True	47	0.939	0.935	loh	TP	TP
chr15	46245092	46245739	647	2	1	1	47	independent	independent	1-1	1-1	True	51	0.942	0.935	loh	TP	TP
chr15	46245739	46251887	6148	2	1	1	33	independent	independent	1-1	1-1	True	37	0.935	0.956	loh	TP	TP
chr15	46245739	46253842	8103	2	1	1	30	independent	independent	1-1	1-1	True	34	0.935	0.958	loh	TP	TP
chr15	46250127	46250384	257	1	1	1	65	independent	independent	1-1	1-1	True	68	0.971	0.972	loh	TP	TP
chr15	46250127	46250598	471	1	1	1	63	independent	independent	1-1	1-1	True	66	0.971	0.972	loh	TP	TP
chr15	46250127	46250652	525	1	1	1	62	independent	independent	1-1	1-1	True	65	0.971	0.971	loh	TP	TP
chr15	46250127	46251887	1760	1	1	2	51	independent	independent	1-1	1-1	True	55	0.971	0.956	loh	TP	TP
chr15	46251887	46252731	844	2	1	1	58	independent	independent	1-1	1-1	True	62	0.956	0.959	loh	TP	TP
chr15	46251887	46253842	1955	2	1	1	55	independent	independent	1-1	1-1	True	59	0.956	0.958	loh	TP	TP
chr15	46252731	46253842	1111	2	1	1	57	independent	independent	1-1	1-1	True	61	0.959	0.958	loh	TP	TP
chr15	46252731	46254685	1954	2	1	2	52	independent	independent	1-1	1-1	True	57	0.959	0.932	loh	TP	TP
chr15	46252731	46261643	8912	0	1	3	33	independent	independent	1-1	1-1	True	37	0.959	0.934	loh	TP	TP
chr15	46252731	46268919	16188	0	1	1	21	independent	independent	1-1	1-1	True	23	0.959	0.939	loh	TP	TP
chr15	46252731	46268995	16264	0	1	1	21	independent	independent	1-1	1-1	True	23	0.959	0.951	loh	TP	TP
chr15	46253842	46254685	843	2	1	2	58	independent	independent	1-1	1-1	True	63	0.958	0.932	loh	TP	TP
chr15	46253842	46261643	7801	0	1	3	38	independent	independent	1-1	1-1	True	42	0.958	0.934	loh	TP	TP
chr15	46253842	46267239	13397	0	1	3	23	independent	independent	1-1	1-1	True	27	0.958	0.923	loh	TP	TP
chr15	46253842	46268919	15077	0	1	1	24	independent	independent	1-1	1-1	True	26	0.958	0.939	loh	TP	TP
chr15	46253842	46268995	15153	0	1	1	24	independent	independent	1-1	1-1	True	26	0.958	0.951	loh	TP	TP
chr15	46254685	46261643	6958	0	1	3	40	independent	independent	1-1	1-1	True	44	0.932	0.934	loh	TP	TP
chr15	46254685	46267239	12554	0	1	3	25	independent	independent	1-1	1-1	True	29	0.932	0.923	loh	TP	TP
chr15	46254685	46268995	14310	0	1	1	26	independent	independent	1-1	1-1	True	28	0.932	0.951	loh	TP	TP
chr15	46261643	46266017	4374	1	2	1	39	independent	independent	1-1	1-1	True	43	0.934	0.96	loh	TP	TP
chr15	46261643	46268919	7276	1	2	1	36	independent	independent	1-1	1-1	True	40	0.934	0.939	loh	TP	TP
chr15	46261643	46268995	7352	1	2	1	36	independent	independent	1-1	1-1	True	40	0.934	0.951	loh	TP	TP
chr15	46266017	46267239	1222	2	1	3	60	independent	independent	1-1	1-1	True	66	0.96	0.923	loh	TP	TP
chr15	46266017	46268919	2902	2	1	2	58	independent	independent	1-1	1-1	True	63	0.96	0.939	loh	TP	TP
chr15	46266017	46268995	2978	2	1	1	58	independent	independent	1-1	1-1	True	62	0.96	0.951	loh	TP	TP
chr15	46267239	46268919	1680	3	3	2	62	independent	independent	1-1	1-1	True	70	0.923	0.939	loh	TP	TP
chr15	46267239	46268995	1756	2	4	2	61	independent	independent	1-1	1-1	True	69	0.923	0.951	loh	TP	TP
chr15	46268919	46268995	76	2	3	2	74	independent	independent	1-1	1-1	True	81	0.939	0.951	loh	TP	TP
chr15	47142155	47159145	16990	0	3	2	14	independent	independent	2-1	2-1	True	19	0.889	0.947	loh	TP	TP
chr15	47382544	47396039	13495	0	10	1	5	independent	independent	2-1	2-1	True	16	0.472	0.938	loh	TP	TP
chr15	53020017	53022962	2945	0	1	1	43	independent	independent	1-1	1-1	True	45	0.985	0.9	loh	TP	TP
chr15	53919103	53922214	3111	21	23	3	1	mutual_excl	independent	2-1	2-1	True	48	0.078	0.435	loh	FP	TP
chr15	53922214	53945877	23663	0	1	1	5	independent	independent	2-1	2-1	True	7	0.435	0.891	loh	TP	TP
chr15	57396343	57397436	1093	43	4	1	46	independent	independent	1-1	1-1	True	94	0.468	0.533	gain	TP	TP
chr15	60296843	60308035	11192	31	1	1	11	independent	independent	2-1	2-1	True	44	0.284	0.231	gain	TP	TP
chr15	61785234	61788941	3707	39	3	1	40	independent	independent	2-1	2-1	True	83	0.504	0.542	gain	TP	TP
chr15	62453376	62456446	3070	40	1	2	38	independent	independent	1-1	1-1	True	81	0.495	0.51	gain	TP	TP
chr15	66252906	66262728	9822	35	1	9	13	independent	independent	2-1	2-1	True	58	0.387	0.246	gain	TP	TP
chr15	68380520	68386564	6044	23	1	6	45	independent	independent	1-1	1-1	True	75	0.529	0.571	gain	TP	TP
chr15	68887064	68887298	234	60	1	3	55	independent	independent	1-1	1-1	True	119	0.488	0.468	gain	TP	TP
chr15	69618314	69618316	2	91	3	1	33	independent	independent	2-1	2-1	True	128	0.269	0.292	gain	TP	TP
chr15	73660167	73669646	9479	21	4	3	14	independent	independent	1-1	1-1	True	42	0.323	0.44	gain	TP	TP
chr15	75253050	75253165	115	117	2	2	13	independent	independent	1-1	1-1	True	134	0.134	0.109	gain	FP	FP
chr15	75253050	75253200	150	121	1	7	12	independent	independent	1-1	1-1	True	141	0.134	0.096	gain	FP	FP
chr15	75253050	75253393	343	116	2	2	17	independent	independent	1-1	1-1	True	137	0.134	0.145	gain	FP	FP
chr15	75253050	75253456	406	117	2	3	16	independent	independent	1-1	1-1	True	138	0.134	0.136	gain	FP	FP
chr15	75253050	75253659	609	108	1	2	15	independent	independent	1-1	1-1	True	126	0.134	0.129	gain	FP	FP
chr15	75253165	75253200	35	121	1	6	9	independent	independent	1-1	1-1	True	137	0.109	0.096	gain	FP	FP
chr15	75253165	75253393	228	117	2	2	13	independent	independent	1-1	1-1	True	134	0.109	0.145	gain	FP	FP
chr15	75253165	75253456	291	117	2	2	13	independent	independent	1-1	1-1	True	134	0.109	0.136	gain	FP	FP
chr15	75253165	75253659	494	108	1	2	12	independent	independent	1-1	1-1	True	123	0.109	0.129	gain	FP	FP
chr15	75253200	75253224	24	125	4	2	12	independent	independent	1-1	1-1	True	143	0.096	0.112	gain	FP	FP
chr15	75253200	75253282	82	125	5	2	12	independent	independent	1-1	1-1	True	144	0.096	0.116	gain	FP	FP
chr15	75253200	75253301	101	125	4	1	13	independent	independent	1-1	1-1	True	143	0.096	0.117	gain	FP	FP
chr15	75253200	75253329	129	124	5	1	13	independent	independent	1-1	1-1	True	143	0.096	0.13	gain	FP	FP
chr15	75253200	75253375	175	124	5	1	13	independent	independent	1-1	1-1	True	143	0.096	0.13	gain	FP	FP
chr15	75253200	75253393	193	121	7	1	13	independent	independent	1-1	1-1	True	142	0.096	0.145	gain	FP	FP
chr15	75253200	75253456	256	123	6	1	13	independent	independent	1-1	1-1	True	143	0.096	0.136	gain	FP	FP
chr15	75253200	75253506	306	124	5	1	13	independent	independent	1-1	1-1	True	143	0.096	0.128	gain	FP	FP
chr15	75253200	75253659	459	113	4	1	13	independent	independent	1-1	1-1	True	131	0.096	0.129	gain	FP	FP
chr15	75253200	75254055	855	115	5	1	13	independent	independent	1-1	1-1	True	134	0.096	0.133	gain	FP	FP
chr15	75253200	75254593	1393	112	5	1	12	independent	independent	1-1	1-1	True	130	0.096	0.133	gain	FP	FP
chr15	75253200	75254597	1397	112	5	2	11	independent	independent	1-1	1-1	True	130	0.096	0.119	gain	FP	FP
chr15	75253224	75253282	58	123	2	1	15	independent	independent	1-1	1-1	True	141	0.112	0.116	gain	FP	FP
chr15	75253224	75253456	232	120	4	1	15	independent	independent	1-1	1-1	True	140	0.112	0.136	gain	FP	FP
chr15	75253224	75254597	1373	110	1	1	15	independent	independent	1-1	1-1	True	127	0.112	0.119	gain	FP	FP
chr15	75253282	75253456	174	125	3	1	16	independent	independent	1-1	1-1	True	145	0.116	0.136	gain	FP	FP
chr15	75253282	75254593	1311	112	1	1	16	independent	independent	1-1	1-1	True	130	0.116	0.133	gain	FP	FP
chr15	75253282	75254597	1315	113	1	2	15	independent	independent	1-1	1-1	True	131	0.116	0.119	gain	FP	FP
chr15	75253301	75253456	155	125	2	1	16	independent	independent	1-1	1-1	True	144	0.117	0.136	gain	FP	FP
chr15	75253329	75253456	127	125	2	1	18	independent	independent	1-1	1-1	True	146	0.13	0.136	gain	FP	FP
chr15	75253375	75253456	81	125	2	1	18	independent	independent	1-1	1-1	True	146	0.13	0.136	gain	FP	FP
chr15	75253393	75253456	63	122	2	3	18	independent	independent	1-1	1-1	True	145	0.145	0.136	gain	FP	FP
chr15	75253393	75253659	266	113	1	1	17	independent	independent	1-1	1-1	True	132	0.145	0.129	gain	FP	FP
chr15	75253456	75253506	50	125	1	2	18	independent	independent	1-1	1-1	True	146	0.136	0.128	gain	FP	FP
chr15	75253456	75253659	203	115	1	1	17	independent	independent	1-1	1-1	True	134	0.136	0.129	gain	FP	FP
chr15	75253456	75254055	599	116	1	2	18	independent	independent	1-1	1-1	True	137	0.136	0.133	gain	FP	FP
chr15	75253456	75254593	1137	110	1	3	17	independent	independent	1-1	1-1	True	131	0.136	0.133	gain	FP	FP
chr15	75253456	75254597	1141	111	1	4	16	independent	independent	1-1	1-1	True	132	0.136	0.119	gain	FP	FP
chr15	75665674	75665918	244	61	3	36	23	independent	independent	2-1	2-1	True	123	0.481	0.202	gain	TP	TP
chr15	76408403	76413335	4932	46	21	2	13	independent	independent	1-1	1-1	True	82	0.177	0.398	gain	FP	TP
chr15	76408403	76433868	25465	10	3	1	3	independent	independent	1-1	1-1	True	17	0.177	0.53	gain	FP	TP
chr15	77811142	77813890	2748	45	1	2	20	independent	independent	1-1	1-1	True	68	0.35	0.318	gain	TP	TP
chr15	78231453	78239089	7636	32	2	1	12	independent	independent	2-1	2-1	True	47	0.293	0.365	gain	TP	TP
chr15	81521907	81531522	9615	19	2	9	15	independent	independent	2-1	2-1	True	45	0.602	0.365	gain	TP	TP
chr15	84601362	84609758	8396	35	1	10	8	independent	independent	1-1	1-1	True	54	0.46	0.23	gain	TP	TP
chr15	86369176	86373031	3855	32	1	19	11	independent	independent	1-1	1-1	True	63	0.5	0.179	gain	TP	TP
chr15	86570182	86579582	9400	17	1	18	5	independent	independent	1-1	1-1	True	41	0.566	0.223	gain	TP	TP
chr15	86787572	86796007	8435	34	2	1	11	independent	independent	2-1	2-1	True	48	0.225	0.276	gain	TP	TP
chr15	86796007	86811135	15128	19	2	1	5	independent	independent	2-1	2-1	True	27	0.276	0.272	gain	TP	TP
chr15	87539212	87551063	11851	16	1	1	9	independent	independent	1-1	1-1	True	27	0.281	0.245	gain	TP	TP
chr15	88792139	88805872	13733	26	2	1	11	independent	independent	2-1	2-1	True	40	0.282	0.293	gain	TP	TP
chr15	92418152	92421572	3420	38	1	2	53	independent	independent	3	3	True	94	0.605	0.548	gain	TP	TP
chr15	92554107	92554815	708	65	5	4	56	independent	independent	2-1	2-1	True	130	0.475	0.467	gain	TP	TP
chr15	94728460	94728484	24	94	3	2	17	independent	independent	2-1	2-1	True	116	0.169	0.172	gain	FP	FP
chr15	95379569	95380018	449	25	36	71	1	mutual_excl	independent	1-1	1-1	True	133	0.549	0.277	gain	TP	TP
chr15	95467899	95512981	45082	1	1	4	1	mutual_excl	independent	1-1	1-1	True	7	0.606	0.235	gain	TP	TP
chr15	98219797	98237024	17227	13	11	2	1	mutual_excl	independent	1-1	1-1	True	27	0.194	0.399	gain	TP	TP
chr15	98695711	98697854	2143	88	1	1	14	independent	independent	2-1	2-1	True	104	0.156	0.143	gain	TP	TP
chr15	98695711	98700635	4924	76	1	1	11	independent	independent	2-1	2-1	True	89	0.156	0.124	gain	TP	TP
chr15	98697854	98700635	2781	92	1	1	13	independent	independent	2-1	2-1	True	107	0.143	0.124	gain	TP	TP
chr15	98700529	98700635	106	109	1	2	14	independent	independent	2-1	2-1	True	126	0.125	0.124	gain	TP	TP
chr15	98788509	98791822	3313	20	52	16	2	independent	independent	2-1	2-1	True	90	0.216	0.634	gain	TP	TP
chr15	98791822	98798602	6780	27	1	4	39	independent	independent	2-1	2-1	True	71	0.634	0.552	gain	TP	TP
chr15	99711670	99719449	7779	21	19	24	1	mutual_excl	independent	1-1	1-1	True	65	0.477	0.279	gain	TP	TP
chr15	99719449	99726138	6689	41	1	1	19	independent	independent	1-1	1-1	True	62	0.279	0.308	gain	TP	TP
chr15	100720418	100720419	1	73	1	3	48	independent	independent	1-1	1-1	True	125	0.402	0.402	gain	TP	TP
chr15	101058167	101058168	1	103	1	2	13	independent	independent	1-1	1-1	True	119	0.125	0.125	gain	FP	FP
chr15	101058167	101059174	1007	90	3	3	11	independent	independent	1-1	1-1	True	107	0.125	0.121	gain	FP	TP
chr15	101058168	101059174	1006	90	3	2	11	independent	independent	1-1	1-1	True	106	0.125	0.121	gain	FP	TP
chr20	2044411	2051849	7438	22	18	2	17	independent	independent	2-1	2-1	True	59	0.261	0.598	gain	TP	TP
chr20	3387746	3404411	16665	5	9	3	8	independent	independent	2-1	2-1	True	25	0.313	0.689	gain	FP	TP
chr20	3888550	3888656	106	1	2	1	66	independent	independent	2-1	2-1	True	70	0.959	0.972	gain	TP	TP
chr20	4952099	4952533	434	58	1	1	27	independent	independent	2-1	2-1	True	87	0.315	0.319	gain	TP	TP
chr20	5168677	5177673	8996	13	3	3	33	independent	independent	1-1	1-1	True	52	0.735	0.686	gain	TP	TP
chr20	5168677	5186614	17937	5	3	1	19	independent	independent	1-1	1-1	True	28	0.735	0.709	gain	TP	TP
chr20	7477630	7482356	4726	22	1	18	19	independent	independent	2-1	2-1	True	60	0.63	0.326	gain	TP	TP
chr20	7477630	7482362	4732	24	1	19	19	independent	independent	2-1	2-1	True	63	0.63	0.301	gain	TP	TP
chr20	10730907	10744991	14084	17	8	1	9	independent	independent	1-1	1-1	True	35	0.2	0.66	gain	TP	TP
chr20	10940088	10940546	458	18	1	1	40	independent	independent	1-1	1-1	True	60	0.662	0.662	gain	TP	TP
chr20	12130863	12144787	13924	13	11	2	10	independent	independent	2-1	2-1	True	36	0.37	0.547	gain	TP	TP
chr20	12130863	12144926	14063	12	12	1	10	independent	independent	2-1	2-1	True	35	0.37	0.549	gain	TP	TP
chr20	12144787	12144926	139	43	4	3	52	independent	independent	2-1	2-1	True	102	0.547	0.549	gain	TP	TP
chr20	18212799	18222743	9944	14	15	2	13	independent	independent	1-1	1-1	True	44	0.303	0.657	gain	TP	TP
chr20	22899158	22899426	268	28	23	3	19	independent	independent	2-1	2-1	True	73	0.32	0.598	gain	TP	TP
chr20	24897644	24902210	4566	16	3	2	21	independent	independent	1-1	1-1	True	42	0.593	0.597	gain	TP	TP
chr20	24897644	24909835	12191	11	1	3	4	independent	independent	1-1	1-1	True	19	0.593	0.343	gain	TP	TP
chr20	24902210	24909835	7625	16	1	4	8	independent	independent	1-1	1-1	True	29	0.597	0.343	gain	TP	TP
chr20	26142319	26160879	18560	6	5	1	1	mutual_excl	independent	1-1	1-1	True	13	0.32	0.5	gain	TP	TP
chr20	29582857	29584233	1376	37	1	1	5	independent	independent	2-1	2-1	True	44	0.125	0.145	gain	FP	FP
chr20	29582857	29584442	1585	35	1	1	4	independent	independent	2-1	2-1	True	41	0.125	0.13	gain	FP	FP
chr20	29582857	29584694	1837	32	1	1	5	independent	independent	2-1	2-1	True	39	0.125	0.154	gain	FP	FP
chr20	29583592	29584233	641	41	1	1	5	independent	independent	2-1	2-1	True	48	0.115	0.145	gain	FP	FP
chr20	29583592	29584442	850	39	1	1	4	independent	independent	2-1	2-1	True	45	0.115	0.13	gain	FP	FP
chr20	29583592	29584694	1102	36	1	1	5	independent	independent	2-1	2-1	True	43	0.115	0.154	gain	FP	FP
chr20	29584233	29584257	24	45	1	1	7	independent	independent	2-1	2-1	True	54	0.145	0.148	gain	FP	FP
chr20	29584233	29584442	209	43	1	1	6	independent	independent	2-1	2-1	True	51	0.145	0.13	gain	FP	FP
chr20	29584233	29584694	461	40	1	1	7	independent	independent	2-1	2-1	True	49	0.145	0.154	gain	FP	FP
chr20	29584257	29584442	185	42	1	1	6	independent	independent	2-1	2-1	True	50	0.148	0.13	gain	FP	FP
chr20	29584257	29584694	437	39	1	1	7	independent	independent	2-1	2-1	True	48	0.148	0.154	gain	FP	FP
chr20	38000259	38002140	1881	50	19	1	19	independent	independent	3	3	True	89	0.259	0.419	gain	TP	TP
chr20	38000259	38003146	2887	45	17	14	1	mutual_excl	independent	3	3	True	77	0.259	0.25	gain	TP	TP
chr20	40900371	40906865	6494	33	13	1	15	independent	independent	2-1	2-1	True	62	0.223	0.495	gain	TP	TP
chr20	42672778	42702205	29427	3	1	3	4	independent	independent	2-1	2-1	True	11	0.386	0.27	gain	TP	TP
chr20	43946990	43954556	7566	46	1	1	3	independent	independent	1-1	1-1	True	51	0.044	0.047	gain	FP	FP
chr20	44064048	44064088	40	59	2	30	21	independent	independent	1-1	1-1	True	112	0.455	0.212	gain	TP	TP
chr20	46114484	46124293	9809	28	17	1	11	independent	independent	1-1	1-1	True	57	0.16	0.455	gain	TP	TP
chr20	46952849	46966012	13163	11	11	1	13	independent	independent	2-1	2-1	True	36	0.23	0.43	gain	TP	TP
chr20	46952849	46973159	20310	8	5	9	1	mutual_excl	independent	2-1	2-1	True	23	0.23	0.217	gain	TP	TP
chr20	47212179	47228438	16259	10	1	1	16	independent	independent	2-1	2-1	True	28	0.473	0.527	gain	TP	TP
chr20	47613878	47613879	1	66	1	3	70	independent	independent	2-1	2-1	True	140	0.521	0.511	gain	TP	TP
chr20	49800400	49807219	6819	45	3	34	1	mutual_excl	independent	1-1	1-1	True	83	0.426	0.043	gain	TP	FP
chr20	51907072	51912854	5782	53	1	1	29	independent	independent	2-1	2-1	True	84	0.393	0.394	gain	TP	TP
chr20	51907072	51913982	6910	42	8	27	1	mutual_excl	independent	2-1	2-1	True	78	0.393	0.09	gain	TP	FP
chr20	51912854	51913982	1128	67	10	49	1	mutual_excl	independent	2-1	2-1	True	127	0.394	0.09	gain	TP	FP
chr20	52325517	52328794	3277	38	2	1	26	independent	independent	1-1	1-1	True	67	0.452	0.472	gain	TP	TP
chr20	54059737	54060325	588	56	1	10	53	independent	independent	2-1	2-1	True	120	0.54	0.442	gain	TP	TP
chr20	54101538	54114950	13412	27	1	1	16	independent	independent	2-1	2-1	True	45	0.443	0.484	gain	TP	TP
chr20	54139828	54142204	2376	42	1	28	15	independent	independent	2-1	2-1	True	86	0.505	0.174	gain	TP	TP
chr20	54639252	54645249	5997	33	1	21	7	independent	independent	2-1	2-1	True	62	0.482	0.115	gain	TP	FP
chr20	54776843	54776844	1	59	1	2	47	independent	independent	2-1	2-1	True	109	0.438	0.432	gain	TP	TP
chr20	55931147	55950930	19783	11	1	1	7	independent	independent	1-1	1-1	True	20	0.443	0.482	gain	TP	TP
chr20	56191455	56209628	18173	7	2	10	1	mutual_excl	independent	2-1	2-1	True	20	0.434	0.101	gain	TP	FP
chr20	56199904	56209628	9724	39	1	1	6	independent	independent	2-1	2-1	True	47	0.093	0.101	gain	FP	FP
chr20	56209628	56234355	24727	12	6	1	1	mutual_excl	independent	2-1	2-1	True	20	0.101	0.478	gain	FP	TP
chr20	56459886	56470269	10383	22	20	3	3	independent	independent	2-1	2-1	True	48	0.121	0.482	gain	FP	TP
chr20	56460309	56467010	6701	66	2	1	4	independent	independent	1-1	1-1	True	73	0.095	0.076	gain	FP	FP
chr20	58868284	58869091	807	44	9	49	8	independent	independent	1-1	1-1	True	110	0.516	0.151	gain	TP	FP
chr20	58868285	58869091	806	43	9	50	8	independent	independent	1-1	1-1	True	110	0.532	0.151	gain	TP	FP
chr20	59008560	59026831	18271	17	4	1	7	independent	independent	1-1	1-1	True	29	0.331	0.437	gain	TP	TP
chr20	59418687	59440426	21739	9	6	12	1	mutual_excl	independent	1-1	1-1	True	28	0.477	0.159	gain	TP	FP
chr20	59437602	59439285	1683	51	42	7	1	mutual_excl	independent	1-1	1-1	True	101	0.092	0.408	gain	FP	TP
chr20	59437602	59440426	2824	78	12	1	9	independent	independent	1-1	1-1	True	100	0.092	0.159	gain	FP	FP
chr20	59439285	59440426	1141	54	10	38	8	independent	independent	1-1	1-1	True	110	0.408	0.159	gain	TP	FP
chr20	60733035	60740128	7093	29	1	1	33	independent	independent	1-1	1-1	True	64	0.538	0.482	gain	TP	TP
chr20	61750606	61752757	2151	39	1	1	39	independent	independent	2-1	2-1	True	80	0.5	0.47	gain	TP	TP
