chrom	pos_a	pos_b	dist	RR	RA	AR	AA	rel	config	hp_a	hp_b	same_hp	coread	vaf_a	vaf_b	cn_a	src_a	src_b
chr1	7500258	7500398	140	48	4	13	0	mutual_excl	mutual_excl	2-1	2-1	True	65	0.2	0.06	loh	FP	FP
chr1	7500279	7500398	119	43	4	18	0	mutual_excl	mutual_excl	2-1	2-1	True	65	0.277	0.06	loh	FP	FP
chr1	20743588	20758078	14490	15	1	8	0	mutual_excl	mutual_excl	2-1	2-1	True	24	0.33	0.047	gain	TP	FP
chr1	20743588	20758711	15123	15	1	8	0	mutual_excl	mutual_excl	2-1	2-1	True	24	0.33	0.034	gain	TP	FP
chr1	24630300	24635403	5103	5	17	28	0	mutual_excl	mutual_excl	2-1	2-1	True	50	0.553	0.312	gain	TP	TP
chr1	39189499	39195231	5732	1	21	22	0	mutual_excl	mutual_excl	1-1	1-1	True	44	0.581	0.41	loh	TP	TP
chr1	39885709	39910450	24741	1	9	1	0	mutual_excl	mutual_excl	1-1	1-1	True	11	0.279	0.683	loh	TP	TP
chr1	39941940	39951365	9425	13	12	13	0	mutual_excl	mutual_excl	1-1	1-1	True	38	0.325	0.277	loh	TP	TP
chr1	40786498	40805757	19259	19	10	3	0	mutual_excl	mutual_excl	1-1	1-1	True	32	0.2	0.211	gain	TP	TP
chr1	40867755	40883025	15270	31	4	12	0	mutual_excl	mutual_excl	1-1	1-1	True	47	0.255	0.149	gain	TP	FP
chr1	40948184	40971948	23764	9	5	5	0	mutual_excl	mutual_excl	1-1	1-1	True	19	0.324	0.385	gain	TP	TP
chr1	40948184	40972224	24040	9	5	5	0	mutual_excl	mutual_excl	1-1	1-1	True	19	0.324	0.409	gain	TP	TP
chr1	40950325	40971948	21623	1	6	13	0	mutual_excl	mutual_excl	1-1	1-1	True	20	0.712	0.385	gain	TP	TP
chr1	40950325	40972224	21899	1	6	13	0	mutual_excl	mutual_excl	1-1	1-1	True	20	0.712	0.409	gain	TP	TP
chr1	40971948	40995625	23677	1	3	6	0	mutual_excl	mutual_excl	1-1	1-1	True	10	0.385	0.685	gain	TP	TP
chr1	40972224	40995625	23401	0	3	6	0	mutual_excl	mutual_excl	1-1	1-1	True	9	0.409	0.685	gain	TP	TP
chr1	42179175	42181829	2654	33	10	17	0	mutual_excl	mutual_excl	1-1	1-1	True	60	0.25	0.125	gain	TP	FP
chr1	43737068	43743239	6171	45	5	14	0	mutual_excl	mutual_excl	2-1	2-1	True	64	0.237	0.061	gain	TP	FP
chr1	43943718	43948338	4620	20	18	19	0	mutual_excl	mutual_excl	2-1	2-1	True	57	0.321	0.304	gain	TP	TP
chr1	43948338	43960390	12052	13	9	9	0	mutual_excl	mutual_excl	2-1	2-1	True	31	0.304	0.236	gain	TP	TP
chr1	44219594	44229674	10080	13	16	13	0	mutual_excl	mutual_excl	2-1	2-1	True	42	0.311	0.347	gain	TP	TP
chr1	44219594	44244126	24532	6	5	5	0	mutual_excl	mutual_excl	2-1	2-1	True	16	0.311	0.314	gain	TP	TP
chr1	44381952	44403147	21195	3	2	1	0	mutual_excl	mutual_excl	2-1	2-1	True	6	0.115	0.622	gain	TP	TP
chr1	45864389	45887857	23468	1	7	6	0	mutual_excl	mutual_excl	2-1	2-1	True	14	0.644	0.355	gain	TP	TP
chr1	45885586	45887857	2271	4	26	42	0	mutual_excl	mutual_excl	2-1	2-1	True	72	0.634	0.355	gain	TP	TP
chr1	46286843	46322096	35253	3	2	1	0	mutual_excl	mutual_excl	2-1	2-1	True	6	0.329	0.233	gain	TP	TP
chr1	46654677	46658589	3912	20	15	13	0	mutual_excl	mutual_excl	2-1	2-1	True	48	0.356	0.267	gain	TP	TP
chr1	46654677	46679474	24797	1	3	2	0	mutual_excl	mutual_excl	2-1	2-1	True	6	0.356	0.337	gain	TP	TP
chr1	46654679	46658589	3910	20	15	13	0	mutual_excl	mutual_excl	2-1	2-1	True	48	0.356	0.267	gain	TP	TP
chr1	46654679	46679474	24795	1	3	2	0	mutual_excl	mutual_excl	2-1	2-1	True	6	0.356	0.337	gain	TP	TP
chr1	48149137	48158346	9209	2	12	19	0	mutual_excl	mutual_excl	1-1	1-1	True	33	0.658	0.356	gain	TP	TP
chr1	48158346	48181645	23299	0	9	6	0	mutual_excl	mutual_excl	1-1	1-1	True	15	0.356	0.69	gain	TP	TP
chr1	49461119	49480675	19556	6	3	10	0	mutual_excl	mutual_excl	3	3	True	19	0.372	0.292	gain	TP	TP
chr1	49478373	49480675	2302	0	19	46	0	mutual_excl	mutual_excl	3	3	True	65	0.7	0.292	gain	TP	TP
chr1	49580674	49583594	2920	24	9	13	0	mutual_excl	mutual_excl	1-1	1-1	True	46	0.339	0.235	gain	TP	TP
chr1	49662573	49667604	5031	27	10	14	0	mutual_excl	mutual_excl	2-1	2-1	True	51	0.232	0.211	gain	TP	TP
chr1	50036328	50063884	27556	1	4	6	0	mutual_excl	mutual_excl	2-1	2-1	True	11	0.7	0.314	gain	TP	TP
chr1	50063884	50079224	15340	0	19	5	0	mutual_excl	mutual_excl	2-1	2-1	True	24	0.314	0.679	gain	TP	TP
chr1	50150366	50172549	22183	0	10	5	0	mutual_excl	mutual_excl	2-1	2-1	True	15	0.37	0.578	gain	TP	TP
chr1	52941964	52960111	18147	0	6	6	0	mutual_excl	mutual_excl	1-1	1-1	True	12	0.54	0.508	loh	TP	TP
chr1	52960111	52961570	1459	0	23	23	0	mutual_excl	mutual_excl	1-1	1-1	True	46	0.508	0.429	loh	TP	TP
chr1	53135760	53144700	8940	11	2	21	0	mutual_excl	mutual_excl	1-1	1-1	True	34	0.5	0.081	loh	TP	FP
chr1	53435283	53440268	4985	1	14	10	0	mutual_excl	mutual_excl	1-1	1-1	True	25	0.468	0.52	loh	TP	TP
chr1	55001729	55033555	31826	0	5	3	0	mutual_excl	mutual_excl	2-1	2-1	True	8	0.442	0.517	loh	TP	TP
chr1	55018129	55033555	15426	0	7	7	0	mutual_excl	mutual_excl	2-1	2-1	True	14	0.471	0.517	loh	TP	TP
chr1	55395827	55412239	16412	0	5	8	0	mutual_excl	mutual_excl	2-1	2-1	True	13	0.571	0.518	loh	TP	TP
chr1	56722507	56726645	4138	4	18	19	0	mutual_excl	mutual_excl	1-1	1-1	True	41	0.397	0.473	loh	TP	TP
chr1	56773608	56791672	18064	0	7	6	0	mutual_excl	mutual_excl	1-1	1-1	True	13	0.438	0.444	loh	TP	TP
chr1	57352048	57355923	3875	1	19	23	0	mutual_excl	mutual_excl	1-1	1-1	True	43	0.533	0.41	loh	TP	TP
chr1	57355923	57356097	174	3	30	25	0	mutual_excl	mutual_excl	1-1	1-1	True	58	0.41	0.517	loh	TP	TP
chr1	57483998	57484148	150	3	34	21	0	mutual_excl	mutual_excl	1-1	1-1	True	58	0.393	0.581	loh	TP	TP
chr1	57484148	57501374	17226	1	2	11	0	mutual_excl	mutual_excl	1-1	1-1	True	14	0.581	0.4	loh	TP	TP
chr1	58306441	58332613	26172	0	1	5	0	mutual_excl	mutual_excl	1-1	1-1	True	6	0.867	0.25	loss	TP	FP
chr1	58876875	58900595	23720	1	6	8	0	mutual_excl	mutual_excl	1-1	1-1	True	15	0.406	0.486	loh	TP	TP
chr1	59186193	59188830	2637	19	3	17	0	mutual_excl	mutual_excl	1-1	1-1	True	39	0.44	0.071	loh	TP	FP
chr1	59858483	59888455	29972	0	1	6	0	mutual_excl	mutual_excl	2-1	2-1	True	7	0.547	0.48	loh	TP	TP
chr1	62018824	62034937	16113	1	4	7	0	mutual_excl	mutual_excl	1-1	1-1	True	12	0.625	0.463	loh	TP	TP
chr1	62034937	62057441	22504	0	2	5	0	mutual_excl	mutual_excl	1-1	1-1	True	7	0.463	0.455	loh	TP	TP
chr1	62046185	62057441	11256	0	9	12	0	mutual_excl	mutual_excl	1-1	1-1	True	21	0.441	0.455	loh	TP	TP
chr1	63232081	63236261	4180	2	18	21	0	mutual_excl	mutual_excl	1-1	1-1	True	41	0.424	0.459	loh	TP	TP
chr1	64399552	64420373	20821	0	5	7	0	mutual_excl	mutual_excl	1-1	1-1	True	12	0.444	0.343	loh	TP	TP
chr1	64551991	64570865	18874	1	5	5	0	mutual_excl	mutual_excl	1-1	1-1	True	11	0.36	0.491	loh	TP	TP
chr1	64551991	64576591	24600	0	6	3	0	mutual_excl	mutual_excl	1-1	1-1	True	9	0.36	0.508	loh	TP	TP
chr1	65072934	65078427	5493	1	30	11	0	mutual_excl	mutual_excl	3	3	True	42	0.388	0.592	loh	TP	TP
chr1	65681667	65708190	26523	1	3	3	0	mutual_excl	mutual_excl	2-1	2-1	True	7	0.47	0.4	loh	TP	TP
chr1	66110519	66133732	23213	0	2	5	0	mutual_excl	mutual_excl	2-1	2-1	True	7	0.582	0.361	loh	TP	TP
chr1	66767052	66774696	7644	0	17	18	0	mutual_excl	mutual_excl	2-1	2-1	True	35	0.5	0.435	loh	TP	TP
chr1	69391306	69396161	4855	19	4	14	0	mutual_excl	mutual_excl	2-1	2-1	True	37	0.357	0.068	loh	TP	TP
chr1	76677265	76696659	19394	1	4	3	0	mutual_excl	mutual_excl	2-1	2-1	True	8	0.457	0.354	loh	TP	TP
chr1	80556486	80582338	25852	0	2	5	0	mutual_excl	mutual_excl	1-1	1-1	True	7	0.466	0.527	loh	TP	TP
chr1	81214552	81238063	23511	0	3	3	0	mutual_excl	mutual_excl	2-1	2-1	True	6	0.411	0.333	loh	TP	TP
chr1	83099892	83120513	20621	5	2	5	0	mutual_excl	mutual_excl	2-1	2-1	True	12	0.379	0.111	loh	TP	FP
chr1	83230081	83249739	19658	0	2	8	0	mutual_excl	mutual_excl	2-1	2-1	True	10	0.628	0.5	loh	TP	TP
chr1	83838871	83839959	1088	11	27	19	0	mutual_excl	mutual_excl	2-1	2-1	True	57	0.333	0.484	gain	TP	TP
chr1	84737071	84755991	18920	20	5	8	0	mutual_excl	mutual_excl	2-1	2-1	True	33	0.179	0.112	gain	TP	TP
chr1	84791846	84793714	1868	72	23	15	0	mutual_excl	mutual_excl	2-1	2-1	True	110	0.172	0.23	gain	TP	TP
chr1	84791846	84804896	13050	29	6	4	0	mutual_excl	mutual_excl	2-1	2-1	True	39	0.172	0.162	gain	TP	TP
chr1	84793714	84804896	11182	27	7	13	0	mutual_excl	mutual_excl	2-1	2-1	True	47	0.23	0.162	gain	TP	TP
chr1	84804896	84807558	2662	50	21	14	0	mutual_excl	mutual_excl	2-1	2-1	True	85	0.162	0.278	gain	TP	TP
chr1	85264314	85270284	5970	48	18	6	0	mutual_excl	mutual_excl	2-1	2-1	True	72	0.118	0.226	gain	TP	TP
chr1	85270284	85275416	5132	47	10	16	0	mutual_excl	mutual_excl	2-1	2-1	True	73	0.226	0.156	gain	TP	TP
chr1	86063856	86063916	60	35	31	66	0	mutual_excl	mutual_excl	2-1	2-1	True	132	0.514	0.223	gain	TP	TP
chr1	86786785	86808959	22174	12	5	4	0	mutual_excl	mutual_excl	1-1	1-1	True	21	0.174	0.182	gain	TP	TP
chr1	87321575	87341547	19972	5	6	16	0	mutual_excl	mutual_excl	1-1	1-1	True	27	0.629	0.153	gain	TP	TP
chr1	87329086	87341547	12461	16	12	27	0	mutual_excl	mutual_excl	1-1	1-1	True	55	0.524	0.153	gain	TP	TP
chr1	87535957	87558140	22183	15	1	4	0	mutual_excl	mutual_excl	1-1	1-1	True	20	0.177	0.197	gain	TP	TP
chr1	87546409	87558140	11731	32	8	12	0	mutual_excl	mutual_excl	1-1	1-1	True	52	0.176	0.197	gain	FP	TP
chr1	87549778	87558140	8362	43	8	18	0	mutual_excl	mutual_excl	1-1	1-1	True	69	0.171	0.197	gain	TP	TP
chr1	87955511	87986836	31325	1	3	2	0	mutual_excl	mutual_excl	2-1	2-1	True	6	0.472	0.215	gain	TP	TP
chr1	88382665	88389944	7279	43	15	19	0	mutual_excl	mutual_excl	1-1	1-1	True	77	0.174	0.147	gain	TP	TP
chr1	88389944	88417321	27377	3	2	1	0	mutual_excl	mutual_excl	1-1	1-1	True	6	0.147	0.191	gain	TP	TP
chr1	88417321	88417671	350	36	62	25	0	mutual_excl	mutual_excl	1-1	1-1	True	123	0.191	0.522	gain	TP	TP
chr1	88417321	88417705	384	40	61	26	0	mutual_excl	mutual_excl	1-1	1-1	True	127	0.191	0.5	gain	TP	TP
chr1	88417321	88442235	24914	3	11	6	0	mutual_excl	mutual_excl	1-1	1-1	True	20	0.191	0.569	gain	TP	TP
chr1	88957787	88982180	24393	2	1	9	0	mutual_excl	mutual_excl	2-1	2-1	True	12	0.63	0.141	gain	TP	TP
chr1	89002271	89027080	24809	9	3	6	0	mutual_excl	mutual_excl	2-1	2-1	True	18	0.264	0.209	gain	TP	TP
chr1	89155638	89158084	2446	62	20	13	0	mutual_excl	mutual_excl	1-1	1-1	True	95	0.119	0.205	gain	TP	TP
chr1	90403877	90420850	16973	5	12	8	0	mutual_excl	mutual_excl	2-1	2-1	True	25	0.257	0.312	gain	TP	TP
chr1	90420850	90425950	5100	31	23	26	0	mutual_excl	mutual_excl	2-1	2-1	True	80	0.312	0.246	gain	TP	TP
chr1	90679557	90694420	14863	14	9	6	0	mutual_excl	mutual_excl	2-1	2-1	True	29	0.242	0.264	gain	TP	TP
chr1	90694420	90699650	5230	32	13	19	0	mutual_excl	mutual_excl	2-1	2-1	True	64	0.264	0.21	gain	TP	TP
chr1	91448541	91465635	17094	1	3	5	0	mutual_excl	mutual_excl	1-1	1-1	True	9	0.424	0.243	gain	FP	TP
chr1	91465635	91476416	10781	31	9	9	0	mutual_excl	mutual_excl	1-1	1-1	True	49	0.243	0.237	gain	TP	TP
chr1	92375894	92376782	888	49	37	18	0	mutual_excl	mutual_excl	1-1	1-1	True	104	0.171	0.377	gain	TP	TP
chr1	92375894	92410667	34773	2	2	2	0	mutual_excl	mutual_excl	1-1	1-1	True	6	0.171	0.19	gain	TP	TP
chr1	92570882	92581934	11052	22	10	5	0	mutual_excl	mutual_excl	1-1	1-1	True	37	0.223	0.289	gain	TP	TP
chr1	92714850	92739449	24599	4	5	4	0	mutual_excl	mutual_excl	1-1	1-1	True	13	0.198	0.381	gain	TP	TP
chr1	93240987	93274926	33939	6	2	2	0	mutual_excl	mutual_excl	1-1	1-1	True	10	0.173	0.374	gain	TP	TP
chr1	93261566	93274926	13360	3	10	20	0	mutual_excl	mutual_excl	1-1	1-1	True	33	0.573	0.374	gain	TP	TP
chr1	93535620	93543804	8184	1	41	15	0	mutual_excl	mutual_excl	1-1	1-1	True	57	0.263	0.689	gain	TP	TP
chr1	95334270	95338158	3888	41	17	14	0	mutual_excl	mutual_excl	2-1	2-1	True	72	0.241	0.211	gain	TP	TP
chr1	95660269	95670053	9784	26	16	8	0	mutual_excl	mutual_excl	2-1	2-1	True	50	0.246	0.254	gain	TP	TP
chr1	97324729	97347074	22345	1	7	5	0	mutual_excl	mutual_excl	2-1	2-1	True	13	0.439	0.377	loh	TP	TP
chr1	98479569	98502970	23401	0	6	5	0	mutual_excl	mutual_excl	2-1	2-1	True	11	0.491	0.397	loh	TP	TP
chr1	99386148	99403848	17700	2	11	7	0	mutual_excl	mutual_excl	2-1	2-1	True	20	0.463	0.471	loh	TP	TP
chr1	99745416	99763577	18161	1	5	1	0	mutual_excl	mutual_excl	3	3	True	7	0.067	0.479	loh	FP	TP
chr1	100622657	100643833	21176	3	3	3	0	mutual_excl	mutual_excl	1-1	1-1	True	9	0.403	0.459	loh	TP	TP
chr1	101256404	101258880	2476	2	29	27	0	mutual_excl	mutual_excl	1-1	1-1	True	58	0.474	0.479	loh	TP	TP
chr1	101377969	101377970	1	37	13	14	0	mutual_excl	mutual_excl	1-1	1-1	True	64	0.219	0.2	loh	TP	FP
chr1	102221994	102222192	198	1	24	25	0	mutual_excl	mutual_excl	1-1	1-1	True	50	0.49	0.473	loh	TP	TP
chr1	102221994	102228366	6372	1	16	15	0	mutual_excl	mutual_excl	1-1	1-1	True	32	0.49	0.4	loh	TP	TP
chr1	102221994	102245735	23741	2	3	3	0	mutual_excl	mutual_excl	1-1	1-1	True	8	0.49	0.264	loh	TP	TP
chr1	102554120	102564177	10057	0	11	16	0	mutual_excl	mutual_excl	1-1	1-1	True	27	0.583	0.409	loh	TP	TP
chr1	103149490	103163747	14257	0	8	7	0	mutual_excl	mutual_excl	1-1	1-1	True	15	0.389	0.458	loh	TP	TP
chr1	105887475	105903120	15645	1	6	15	0	mutual_excl	mutual_excl	2-1	2-1	True	22	0.516	0.453	loh	TP	TP
chr1	107003658	107019022	15364	0	10	7	0	mutual_excl	mutual_excl	2-1	2-1	True	17	0.548	0.615	loh	TP	TP
chr1	107015048	107019022	3974	1	20	13	0	mutual_excl	mutual_excl	2-1	2-1	True	34	0.448	0.615	loh	TP	TP
chr1	109062066	109079886	17820	0	8	5	0	mutual_excl	mutual_excl	2-1	2-1	True	13	0.478	0.558	loh	TP	TP
chr1	109265333	109267889	2556	1	18	16	0	mutual_excl	mutual_excl	2-1	2-1	True	35	0.48	0.51	loh	TP	TP
chr1	111691678	111715169	23491	0	3	3	0	mutual_excl	mutual_excl	1-1	1-1	True	6	0.421	0.448	loh	TP	TP
chr1	111691678	111715329	23651	0	3	3	0	mutual_excl	mutual_excl	1-1	1-1	True	6	0.421	0.367	loh	TP	TP
chr1	111752298	111778848	26550	0	5	5	0	mutual_excl	mutual_excl	1-1	1-1	True	10	0.435	0.661	loh	TP	TP
chr1	111963950	111980737	16787	0	8	9	0	mutual_excl	mutual_excl	1-1	1-1	True	17	0.435	0.422	loh	TP	TP
chr1	111963950	111982877	18927	0	7	9	0	mutual_excl	mutual_excl	1-1	1-1	True	16	0.435	0.391	loh	TP	TP
chr1	115509841	115517405	7564	1	12	9	0	mutual_excl	mutual_excl	2-1	2-1	True	22	0.472	0.435	loh	TP	TP
chr1	115776450	115777636	1186	4	20	28	0	mutual_excl	mutual_excl	2-1	2-1	True	52	0.536	0.444	loh	TP	TP
chr1	116019070	116022575	3505	13	18	16	0	mutual_excl	mutual_excl	1-1	1-1	True	47	0.317	0.368	loh	TP	TP
chr1	116022575	116047562	24987	1	3	2	0	mutual_excl	mutual_excl	1-1	1-1	True	6	0.368	0.433	loh	TP	TP
chr1	116047562	116066164	18602	1	7	10	0	mutual_excl	mutual_excl	1-1	1-1	True	18	0.433	0.407	loh	TP	TP
chr1	118588727	118596786	8059	47	22	15	0	mutual_excl	mutual_excl	2-1	2-1	True	84	0.24	0.219	gain	TP	TP
chr1	119484978	119495616	10638	34	18	12	0	mutual_excl	mutual_excl	2-1	2-1	True	64	0.15	0.192	gain	TP	TP
chr1	119491334	119495616	4282	47	23	18	0	mutual_excl	mutual_excl	2-1	2-1	True	88	0.173	0.192	gain	TP	TP
chr1	119572073	119585386	13313	22	36	9	0	mutual_excl	mutual_excl	1-1	1-1	True	67	0.185	0.401	gain	TP	TP
chr1	119861855	119870481	8626	30	12	12	0	mutual_excl	mutual_excl	2-1	2-1	True	54	0.197	0.232	gain	TP	TP
chr1	119870481	119895936	25455	7	4	2	0	mutual_excl	mutual_excl	2-1	2-1	True	13	0.232	0.3	gain	TP	TP
chr1	143746889	143764090	17201	11	9	3	0	mutual_excl	mutual_excl	2-1	2-1	True	23	0.164	0.202	gain	TP	FP
chr1	143746889	143764121	17232	12	9	3	0	mutual_excl	mutual_excl	2-1	2-1	True	24	0.164	0.219	gain	TP	FP
chr1	143746889	143765021	18132	11	10	3	0	mutual_excl	mutual_excl	2-1	2-1	True	24	0.164	0.252	gain	TP	FP
chr1	143746889	143765080	18191	10	10	3	0	mutual_excl	mutual_excl	2-1	2-1	True	23	0.164	0.255	gain	TP	FP
chr1	143746889	143765165	18276	11	9	3	0	mutual_excl	mutual_excl	2-1	2-1	True	23	0.164	0.259	gain	TP	FP
chr1	143746889	143765234	18345	11	8	3	0	mutual_excl	mutual_excl	2-1	2-1	True	22	0.164	0.262	gain	TP	FP
chr1	143746889	143765291	18402	11	9	3	0	mutual_excl	mutual_excl	2-1	2-1	True	23	0.164	0.261	gain	TP	FP
chr1	143746889	143768269	21380	10	9	2	0	mutual_excl	mutual_excl	2-1	2-1	True	21	0.164	0.162	gain	TP	FP
chr1	147213554	147228725	15171	13	2	1	0	mutual_excl	mutual_excl	2-1	2-1	True	16	0.037	0.377	gain	FP	TP
chr1	156713973	156730185	16212	18	1	3	0	mutual_excl	mutual_excl	1-1	1-1	True	22	0.318	0.07	gain	TP	FP
chr1	162409384	162409647	263	32	24	25	0	mutual_excl	mutual_excl	2-1	2-1	True	81	0.306	0.294	gain	TP	TP
chr1	164008688	164016744	8056	4	26	19	0	mutual_excl	mutual_excl	3	3	True	49	0.333	0.63	gain	TP	TP
chr1	171878215	171884353	6138	21	10	7	0	mutual_excl	mutual_excl	3	3	True	38	0.212	0.364	gain	TP	TP
chr1	175784617	175809502	24885	3	3	6	0	mutual_excl	mutual_excl	1-1	1-1	True	12	0.453	0.294	gain	TP	TP
chr1	176222291	176227600	5309	20	20	23	0	mutual_excl	mutual_excl	1-1	1-1	True	63	0.36	0.323	gain	TP	TP
chr1	181571577	181604284	32707	0	5	6	0	mutual_excl	mutual_excl	3	3	True	11	0.381	0.467	gain	TP	TP
chr1	187979329	187988040	8711	14	14	9	0	mutual_excl	mutual_excl	2-1	2-1	True	37	0.225	0.304	gain	TP	TP
chr1	188394846	188426597	31751	1	3	2	0	mutual_excl	mutual_excl	2-1	2-1	True	6	0.358	0.207	gain	TP	TP
chr1	192658596	192676209	17613	15	1	4	0	mutual_excl	mutual_excl	1-1	1-1	True	20	0.307	0.047	gain	TP	FP
chr1	192658596	192678769	20173	15	1	4	0	mutual_excl	mutual_excl	1-1	1-1	True	20	0.307	0.065	gain	TP	FP
chr1	192676209	192692479	16270	16	10	3	0	mutual_excl	mutual_excl	1-1	1-1	True	29	0.047	0.346	gain	FP	TP
chr1	195354310	195368172	13862	0	15	11	0	mutual_excl	mutual_excl	1-1	1-1	True	26	0.303	0.588	gain	TP	TP
chr1	196008118	196036571	28453	4	6	2	0	mutual_excl	mutual_excl	2-1	2-1	True	12	0.253	0.375	gain	TP	TP
chr1	197863234	197865468	2234	23	23	12	0	mutual_excl	mutual_excl	2-1	2-1	True	58	0.211	0.351	gain	TP	TP
chr1	197863234	197865487	2253	32	13	12	0	mutual_excl	mutual_excl	2-1	2-1	True	57	0.211	0.205	gain	TP	TP
chr1	203622240	203650970	28730	2	2	2	0	mutual_excl	mutual_excl	2-1	2-1	True	6	0.221	0.383	gain	TP	TP
chr1	203712146	203738594	26448	10	3	3	0	mutual_excl	mutual_excl	2-1	2-1	True	16	0.203	0.167	gain	TP	TP
chr1	211527103	211533994	6891	18	14	14	0	mutual_excl	mutual_excl	2-1	2-1	True	46	0.275	0.347	gain	TP	TP
chr1	214701337	214721280	19943	3	5	2	0	mutual_excl	mutual_excl	1-1	1-1	True	10	0.358	0.352	gain	TP	TP
chr1	215918062	215950488	32426	2	4	1	0	mutual_excl	mutual_excl	2-1	2-1	True	7	0.236	0.304	gain	TP	TP
chr1	215924894	215950488	25594	5	8	1	0	mutual_excl	mutual_excl	2-1	2-1	True	14	0.268	0.304	gain	TP	TP
chr1	219088245	219098701	10456	12	2	22	0	mutual_excl	mutual_excl	2-1	2-1	True	36	0.689	0.042	gain	TP	FP
chr1	227422600	227431992	9392	5	16	12	0	mutual_excl	mutual_excl	3	3	True	33	0.407	0.444	gain	TP	TP
chr1	230026722	230029473	2751	31	18	5	0	mutual_excl	mutual_excl	1-1	1-1	True	54	0.086	0.328	gain	FP	TP
chr1	230029473	230033216	3743	26	4	8	0	mutual_excl	mutual_excl	1-1	1-1	True	38	0.328	0.068	gain	TP	FP
chr1	234303388	234308948	5560	21	12	4	0	mutual_excl	mutual_excl	1-1	1-1	True	37	0.066	0.263	gain	FP	TP
chr1	234303388	234308949	5561	21	13	4	0	mutual_excl	mutual_excl	1-1	1-1	True	38	0.066	0.289	gain	FP	TP
chr1	245057476	245083509	26033	2	1	4	0	mutual_excl	mutual_excl	2-1	2-1	True	7	0.547	0.338	gain	TP	TP
chr1	245466992	245490690	23698	7	1	5	0	mutual_excl	mutual_excl	1-1	1-1	True	13	0.432	0.115	gain	TP	FP
chr6	70590862	70612324	21462	20	4	3	0	mutual_excl	mutual_excl	2-1	2-1	True	27	0.176	0.088	gain	TP	TP
chr6	70612324	70624466	12142	45	20	8	0	mutual_excl	mutual_excl	2-1	2-1	True	73	0.088	0.263	gain	TP	TP
chr6	70664429	70694098	29669	11	2	2	0	mutual_excl	mutual_excl	2-1	2-1	True	15	0.159	0.14	gain	TP	TP
chr6	71101992	71119806	17814	5	4	1	0	mutual_excl	mutual_excl	1-1	1-1	True	10	0.224	0.253	gain	TP	TP
chr6	71468250	71484118	15868	15	8	5	0	mutual_excl	mutual_excl	2-1	2-1	True	28	0.175	0.208	gain	TP	TP
chr6	71484118	71500665	16547	18	7	7	0	mutual_excl	mutual_excl	2-1	2-1	True	32	0.208	0.172	gain	TP	TP
chr6	71615380	71631093	15713	13	9	9	0	mutual_excl	mutual_excl	2-1	2-1	True	31	0.2	0.27	gain	TP	TP
chr6	71782785	71810547	27762	5	2	2	0	mutual_excl	mutual_excl	2-1	2-1	True	9	0.16	0.2	gain	TP	TP
chr6	71782785	71810548	27763	5	2	2	0	mutual_excl	mutual_excl	2-1	2-1	True	9	0.16	0.2	gain	TP	TP
chr6	71790775	71810547	19772	10	2	6	0	mutual_excl	mutual_excl	2-1	2-1	True	18	0.146	0.2	gain	TP	TP
chr6	71790775	71810548	19773	10	2	6	0	mutual_excl	mutual_excl	2-1	2-1	True	18	0.146	0.2	gain	TP	TP
chr6	71946774	71972335	25561	8	6	3	0	mutual_excl	mutual_excl	2-1	2-1	True	17	0.262	0.275	gain	TP	TP
chr6	72014887	72039559	24672	7	4	2	0	mutual_excl	mutual_excl	2-1	2-1	True	13	0.186	0.188	gain	TP	TP
chr6	72277187	72311783	34596	6	1	1	0	mutual_excl	mutual_excl	2-1	2-1	True	8	0.133	0.135	gain	TP	TP
chr6	72328299	72345501	17202	47	3	6	0	mutual_excl	mutual_excl	2-1	2-1	True	56	0.127	0.086	gain	TP	TP
chr6	72397356	72414708	17352	36	7	7	0	mutual_excl	mutual_excl	2-1	2-1	True	50	0.107	0.115	gain	TP	TP
chr6	72562456	72587526	25070	25	8	10	0	mutual_excl	mutual_excl	2-1	2-1	True	43	0.109	0.118	gain	TP	TP
chr6	72587526	72596393	8867	90	12	9	0	mutual_excl	mutual_excl	2-1	2-1	True	111	0.118	0.129	gain	TP	TP
chr6	72587526	72603666	16140	49	13	4	0	mutual_excl	mutual_excl	2-1	2-1	True	66	0.118	0.132	gain	TP	TP
chr6	72587526	72609759	22233	26	2	3	0	mutual_excl	mutual_excl	2-1	2-1	True	31	0.118	0.085	gain	TP	TP
chr6	72596393	72603666	7273	92	22	17	0	mutual_excl	mutual_excl	2-1	2-1	True	131	0.129	0.132	gain	TP	TP
chr6	72596393	72609759	13366	64	4	7	0	mutual_excl	mutual_excl	2-1	2-1	True	75	0.129	0.085	gain	TP	TP
chr6	72603666	72609759	6093	97	10	13	0	mutual_excl	mutual_excl	2-1	2-1	True	120	0.132	0.085	gain	TP	TP
chr6	72820945	72823311	2366	63	24	22	0	mutual_excl	mutual_excl	2-1	2-1	True	109	0.201	0.213	gain	TP	TP
chr6	72962192	72971136	8944	38	19	10	0	mutual_excl	mutual_excl	2-1	2-1	True	67	0.172	0.22	gain	TP	TP
chr6	75332254	75338184	5930	12	15	16	0	mutual_excl	mutual_excl	1-1	1-1	True	43	0.388	0.324	gain	TP	TP
chr6	75332254	75343194	10940	6	9	11	0	mutual_excl	mutual_excl	1-1	1-1	True	26	0.388	0.266	gain	TP	TP
chr6	75332254	75346812	14558	4	8	11	0	mutual_excl	mutual_excl	1-1	1-1	True	23	0.388	0.289	gain	TP	TP
chr6	75332254	75358723	26469	2	4	5	0	mutual_excl	mutual_excl	1-1	1-1	True	11	0.388	0.286	gain	TP	TP
chr6	75332254	75365103	32849	1	2	3	0	mutual_excl	mutual_excl	1-1	1-1	True	6	0.388	0.317	gain	TP	TP
chr6	76035202	76055534	20332	4	4	5	0	mutual_excl	mutual_excl	1-1	1-1	True	13	0.324	0.362	gain	TP	TP
chr6	76055534	76088080	32546	1	3	2	0	mutual_excl	mutual_excl	1-1	1-1	True	6	0.362	0.397	gain	TP	TP
chr6	76055534	76088081	32547	1	3	2	0	mutual_excl	mutual_excl	1-1	1-1	True	6	0.362	0.421	gain	TP	TP
chr6	76358050	76372547	14497	8	13	6	0	mutual_excl	mutual_excl	1-1	1-1	True	27	0.211	0.356	gain	TP	TP
chr6	76545314	76573648	28334	3	1	2	0	mutual_excl	mutual_excl	1-1	1-1	True	6	0.327	0.321	gain	TP	TP
chr6	76837056	76838485	1429	32	20	13	0	mutual_excl	mutual_excl	3	3	True	65	0.256	0.316	gain	TP	TP
chr6	76837056	76860856	23800	6	6	3	0	mutual_excl	mutual_excl	3	3	True	15	0.256	0.338	gain	TP	TP
chr6	76838485	76860856	22371	3	6	6	0	mutual_excl	mutual_excl	3	3	True	15	0.316	0.338	gain	TP	TP
chr6	78192578	78221709	29131	0	3	3	0	mutual_excl	mutual_excl	1-1	1-1	True	6	0.545	0.5	loh	TP	TP
chr6	80242479	80254337	11858	16	2	7	0	mutual_excl	mutual_excl	2-1	2-1	True	25	0.359	0.1	gain	TP	TP
chr6	81316198	81345055	28857	2	1	3	0	mutual_excl	mutual_excl	2-1	2-1	True	6	0.384	0.362	gain	TP	TP
chr6	81344722	81345055	333	18	25	23	0	mutual_excl	mutual_excl	2-1	2-1	True	66	0.324	0.362	gain	TP	TP
chr6	82075932	82088367	12435	10	10	8	0	mutual_excl	mutual_excl	2-1	2-1	True	28	0.304	0.368	gain	TP	TP
chr6	82886208	82911098	24890	2	2	3	0	mutual_excl	mutual_excl	2-1	2-1	True	7	0.345	0.418	gain	TP	TP
chr6	84657234	84662096	4862	5	1	3	0	mutual_excl	mutual_excl	1-1	1-1	True	9	0.222	0.188	loss	FP	FP
chr6	86815808	86829132	13324	3	2	1	0	mutual_excl	mutual_excl	2-1	2-1	True	6	0.222	0.125	loss	FP	FP
chr6	88862216	88862415	199	50	19	37	0	mutual_excl	mutual_excl	1-1	1-1	True	106	0.343	0.18	loh	TP	TP
chr6	88862217	88862415	198	46	19	41	0	mutual_excl	mutual_excl	1-1	1-1	True	106	0.38	0.18	loh	TP	TP
chr6	88862415	88862557	142	48	42	18	0	mutual_excl	mutual_excl	1-1	1-1	True	108	0.18	0.378	loh	TP	TP
chr6	88862415	88869890	7475	1	47	6	0	mutual_excl	mutual_excl	1-1	1-1	True	54	0.18	0.871	loh	TP	TP
chr6	88862415	88871971	9556	1	40	6	0	mutual_excl	mutual_excl	1-1	1-1	True	47	0.18	0.817	loh	TP	TP
chr6	89942543	89945166	2623	35	14	21	0	mutual_excl	mutual_excl	1-1	1-1	True	70	0.259	0.258	loh	TP	TP
chr6	90045256	90056155	10899	27	12	4	0	mutual_excl	mutual_excl	1-1	1-1	True	43	0.074	0.205	loh	FP	TP
chr6	90251380	90259230	7850	0	2	5	0	mutual_excl	mutual_excl	1-1	1-1	True	7	0.8	0.25	loss	TP	FP
chr6	93070553	93094264	23711	0	4	3	0	mutual_excl	mutual_excl	2-1	2-1	True	7	0.172	0.852	loss	FP	TP
chr6	93070787	93094264	23477	0	4	3	0	mutual_excl	mutual_excl	2-1	2-1	True	7	0.188	0.852	loss	FP	TP
chr6	93071147	93094264	23117	0	4	3	0	mutual_excl	mutual_excl	2-1	2-1	True	7	0.167	0.852	loss	FP	TP
chr6	93075267	93094264	18997	0	3	3	0	mutual_excl	mutual_excl	2-1	2-1	True	6	0.308	0.852	loss	FP	TP
chr6	93082137	93094264	12127	0	10	3	0	mutual_excl	mutual_excl	2-1	2-1	True	13	0.138	0.852	loss	FP	TP
chr6	93828504	93840061	11557	6	2	1	0	mutual_excl	mutual_excl	2-1	2-1	True	9	0.147	0.143	loss	FP	FP
chr6	97875039	97890027	14988	0	3	5	0	mutual_excl	mutual_excl	1-1	1-1	True	8	0.741	0.188	loss	TP	FP
chr6	97875039	97890583	15544	0	3	4	0	mutual_excl	mutual_excl	1-1	1-1	True	7	0.741	0.147	loss	TP	FP
chr6	98540124	98548127	8003	8	15	10	0	mutual_excl	mutual_excl	2-1	2-1	True	33	0.268	0.433	loh	TP	TP
chr6	101810747	101821902	11155	1	2	3	0	mutual_excl	mutual_excl	2-1	2-1	True	6	0.19	0.889	loh	FP	TP
chr6	101810886	101821902	11016	1	2	3	0	mutual_excl	mutual_excl	2-1	2-1	True	6	0.19	0.889	loh	FP	TP
chr6	101810977	101821902	10925	1	2	3	0	mutual_excl	mutual_excl	2-1	2-1	True	6	0.19	0.889	loh	FP	TP
chr6	101812436	101821902	9466	1	3	3	0	mutual_excl	mutual_excl	2-1	2-1	True	7	0.2	0.889	loh	FP	TP
chr6	101812638	101821902	9264	1	2	3	0	mutual_excl	mutual_excl	2-1	2-1	True	6	0.222	0.889	loh	FP	TP
chr6	101812677	101821902	9225	1	3	3	0	mutual_excl	mutual_excl	2-1	2-1	True	7	0.2	0.889	loh	FP	TP
chr6	101812965	101821902	8937	1	3	3	0	mutual_excl	mutual_excl	2-1	2-1	True	7	0.19	0.889	loh	FP	TP
chr6	101813123	101821902	8779	1	3	3	0	mutual_excl	mutual_excl	2-1	2-1	True	7	0.19	0.889	loh	FP	TP
chr6	101814042	101821902	7860	1	3	3	0	mutual_excl	mutual_excl	2-1	2-1	True	7	0.19	0.889	loh	FP	TP
chr6	101814296	101821902	7606	1	3	3	0	mutual_excl	mutual_excl	2-1	2-1	True	7	0.222	0.889	loh	FP	TP
chr6	101814932	101821902	6970	1	4	3	0	mutual_excl	mutual_excl	2-1	2-1	True	8	0.2	0.889	loh	FP	TP
chr6	101814961	101821902	6941	1	4	3	0	mutual_excl	mutual_excl	2-1	2-1	True	8	0.2	0.889	loh	FP	TP
chr6	101815478	101821902	6424	1	4	3	0	mutual_excl	mutual_excl	2-1	2-1	True	8	0.2	0.889	loh	FP	TP
chr6	101815718	101821902	6184	1	4	3	0	mutual_excl	mutual_excl	2-1	2-1	True	8	0.2	0.889	loh	FP	TP
chr6	101815859	101821902	6043	1	4	3	0	mutual_excl	mutual_excl	2-1	2-1	True	8	0.19	0.889	loh	FP	TP
chr6	101838678	101842650	3972	17	1	4	0	mutual_excl	mutual_excl	2-1	2-1	True	22	0.171	0.081	loss	FP	FP
chr6	110537967	110547635	9668	22	16	16	0	mutual_excl	mutual_excl	2-1	2-1	True	54	0.352	0.213	loh	TP	TP
chr6	112656933	112663326	6393	15	14	14	0	mutual_excl	mutual_excl	1-1	1-1	True	43	0.299	0.33	loh	TP	TP
chr6	112825894	112839871	13977	10	9	11	0	mutual_excl	mutual_excl	2-1	2-1	True	30	0.306	0.38	loh	TP	TP
chr6	114663503	114683396	19893	2	3	6	0	mutual_excl	mutual_excl	2-1	2-1	True	11	0.362	0.284	loh	TP	TP
chr6	114935750	114944094	8344	0	21	7	0	mutual_excl	mutual_excl	2-1	2-1	True	28	0.328	0.676	loh	TP	TP
chr6	115905060	115923684	18624	19	4	4	0	mutual_excl	mutual_excl	2-1	2-1	True	27	0.178	0.208	gain	TP	TP
chr6	116516500	116550023	33523	4	4	1	0	mutual_excl	mutual_excl	2-1	2-1	True	9	0.155	0.185	gain	TP	FP
chr6	116661572	116661623	51	81	20	13	0	mutual_excl	mutual_excl	2-1	2-1	True	114	0.112	0.175	gain	TP	TP
chr6	117281232	117303454	22222	2	21	6	0	mutual_excl	mutual_excl	2-1	2-1	True	29	0.339	0.664	gain	TP	TP
chr6	117281232	117319674	38442	1	5	3	0	mutual_excl	mutual_excl	2-1	2-1	True	9	0.339	0.617	gain	TP	TP
chr6	117502693	117528813	26120	1	3	7	0	mutual_excl	mutual_excl	1-1	1-1	True	11	0.533	0.283	gain	TP	TP
chr6	117910119	117918862	8743	5	24	15	0	mutual_excl	mutual_excl	1-1	1-1	True	44	0.309	0.574	gain	TP	TP
chr6	119035231	119059040	23809	0	12	4	0	mutual_excl	mutual_excl	1-1	1-1	True	16	0.347	0.689	gain	TP	TP
chr6	119231262	119262019	30757	0	8	3	0	mutual_excl	mutual_excl	1-1	1-1	True	11	0.319	0.667	gain	TP	TP
chr6	119231263	119262019	30756	0	8	3	0	mutual_excl	mutual_excl	1-1	1-1	True	11	0.355	0.667	gain	TP	TP
chr6	119284088	119314069	29981	1	4	7	0	mutual_excl	mutual_excl	1-1	1-1	True	12	0.624	0.321	gain	TP	TP
chr6	119473853	119474648	795	52	44	23	0	mutual_excl	mutual_excl	1-1	1-1	True	119	0.201	0.381	gain	TP	TP
chr6	119551983	119569624	17641	13	6	7	0	mutual_excl	mutual_excl	1-1	1-1	True	26	0.192	0.248	gain	TP	TP
chr6	119551984	119569624	17640	11	6	8	0	mutual_excl	mutual_excl	1-1	1-1	True	25	0.197	0.248	gain	TP	TP
chr6	119899860	119907932	8072	29	7	10	0	mutual_excl	mutual_excl	1-1	1-1	True	46	0.198	0.21	gain	TP	TP
chr6	119899860	119925876	26016	8	2	5	0	mutual_excl	mutual_excl	1-1	1-1	True	15	0.198	0.214	gain	TP	TP
chr6	120320916	120344537	23621	7	4	1	0	mutual_excl	mutual_excl	1-1	1-1	True	12	0.215	0.202	gain	TP	TP
chr6	120972931	120998763	25832	0	3	9	0	mutual_excl	mutual_excl	1-1	1-1	True	12	0.838	0.195	gain	TP	TP
chr6	121417235	121450030	32795	1	4	1	0	mutual_excl	mutual_excl	1-1	1-1	True	6	0.122	0.705	gain	TP	TP
chr6	121450030	121464887	14857	3	6	13	0	mutual_excl	mutual_excl	1-1	1-1	True	22	0.705	0.186	gain	TP	TP
chr6	121653103	121665018	11915	25	10	9	0	mutual_excl	mutual_excl	1-1	1-1	True	44	0.229	0.278	gain	TP	TP
chr6	121653104	121665018	11914	25	9	8	0	mutual_excl	mutual_excl	1-1	1-1	True	42	0.219	0.278	gain	TP	TP
chr6	121715978	121736430	20452	0	14	3	0	mutual_excl	mutual_excl	1-1	1-1	True	17	0.256	0.833	gain	TP	TP
chr6	121870274	121890454	20180	14	3	4	0	mutual_excl	mutual_excl	1-1	1-1	True	21	0.256	0.215	gain	TP	TP
chr6	122028000	122037338	9338	22	6	15	0	mutual_excl	mutual_excl	1-1	1-1	True	43	0.278	0.202	gain	TP	TP
chr6	122469534	122504027	34493	2	3	3	0	mutual_excl	mutual_excl	1-1	1-1	True	8	0.281	0.233	gain	TP	TP
chr6	122572451	122598102	25651	6	2	2	0	mutual_excl	mutual_excl	1-1	1-1	True	10	0.165	0.233	gain	TP	TP
chr6	122594978	122598102	3124	55	17	14	0	mutual_excl	mutual_excl	1-1	1-1	True	86	0.193	0.233	gain	TP	TP
chr6	122770704	122781240	10536	28	8	8	0	mutual_excl	mutual_excl	1-1	1-1	True	44	0.147	0.244	gain	TP	TP
chr6	122781240	122805973	24733	7	4	3	0	mutual_excl	mutual_excl	1-1	1-1	True	14	0.244	0.261	gain	TP	TP
chr6	123039536	123045827	6291	31	15	12	0	mutual_excl	mutual_excl	3	3	True	58	0.206	0.257	gain	TP	TP
chr6	128502030	128531509	29479	3	4	1	0	mutual_excl	mutual_excl	1-1	1-1	True	8	0.266	0.412	gain	TP	TP
chr6	129221821	129228700	6879	16	15	7	0	mutual_excl	mutual_excl	2-1	2-1	True	38	0.284	0.311	gain	TP	TP
chr6	129221821	129241246	19425	6	3	4	0	mutual_excl	mutual_excl	2-1	2-1	True	13	0.284	0.354	gain	TP	TP
chr6	130173873	130177466	3593	40	27	7	0	mutual_excl	mutual_excl	1-1	1-1	True	74	0.12	0.343	gain	FP	TP
chr6	132399997	132420628	20631	5	2	5	0	mutual_excl	mutual_excl	2-1	2-1	True	12	0.338	0.316	gain	TP	TP
chr6	137236306	137243811	7505	9	13	11	0	mutual_excl	mutual_excl	2-1	2-1	True	33	0.362	0.289	gain	TP	TP
chr6	147278974	147302288	23314	5	5	1	0	mutual_excl	mutual_excl	1-1	1-1	True	11	0.19	0.315	gain	FP	TP
chr6	148224120	148226122	2002	25	28	21	0	mutual_excl	mutual_excl	1-1	1-1	True	74	0.299	0.357	gain	TP	TP
chr6	153227665	153247742	20077	7	1	1	0	mutual_excl	mutual_excl	1-1	1-1	True	9	0.239	0.295	gain	TP	TP
chr6	153832252	153839913	7661	18	6	21	0	mutual_excl	mutual_excl	2-1	2-1	True	45	0.405	0.197	gain	TP	TP
chr6	157246432	157249007	2575	19	22	20	0	mutual_excl	mutual_excl	2-1	2-1	True	61	0.28	0.276	gain	TP	TP
chr6	157246432	157249008	2576	18	19	20	0	mutual_excl	mutual_excl	2-1	2-1	True	57	0.28	0.253	gain	TP	TP
chr6	162361269	162362833	1564	11	2	21	0	mutual_excl	mutual_excl	1-1	1-1	True	34	0.615	0.067	loh	TP	FP
chr6	162361269	162364468	3199	8	2	18	0	mutual_excl	mutual_excl	1-1	1-1	True	28	0.615	0.071	loh	TP	FP
chr6	164170908	164179781	8873	1	11	9	0	mutual_excl	mutual_excl	2-1	2-1	True	21	0.471	0.5	loh	TP	TP
chr6	164179781	164182578	2797	1	18	20	0	mutual_excl	mutual_excl	2-1	2-1	True	39	0.5	0.556	loh	TP	TP
chr6	165516686	165522573	5887	1	8	12	0	mutual_excl	mutual_excl	2-1	2-1	True	21	0.545	0.463	loh	TP	TP
chr6	165959230	165980029	20799	4	1	8	0	mutual_excl	mutual_excl	2-1	2-1	True	13	0.419	0.077	loh	TP	FP
chr6	165959230	165980348	21118	3	1	8	0	mutual_excl	mutual_excl	2-1	2-1	True	12	0.419	0.077	loh	TP	FP
chr6	170372488	170395858	23370	6	2	7	0	mutual_excl	mutual_excl	1-1	1-1	True	15	0.265	0.07	gain	TP	FP
chr6	170372488	170397106	24618	6	2	6	0	mutual_excl	mutual_excl	1-1	1-1	True	14	0.265	0.058	gain	TP	FP
chr11	423666	448218	24552	2	2	2	0	mutual_excl	mutual_excl	2-1	2-1	True	6	0.464	0.344	loh	TP	TP
chr11	4425267	4431140	5873	2	14	9	0	mutual_excl	mutual_excl	1-1	1-1	True	25	0.435	0.488	loh	TP	TP
chr11	4425267	4439020	13753	1	7	7	0	mutual_excl	mutual_excl	1-1	1-1	True	15	0.435	0.372	loh	TP	TP
chr11	9130416	9135540	5124	6	11	17	0	mutual_excl	mutual_excl	2-1	2-1	True	34	0.5	0.31	loh	TP	TP
chr11	10695599	10705526	9927	10	13	4	0	mutual_excl	mutual_excl	1-1	1-1	True	27	0.091	0.462	loh	FP	TP
chr11	14186089	14211599	25510	2	2	4	0	mutual_excl	mutual_excl	1-1	1-1	True	8	0.542	0.093	loh	TP	FP
chr11	15427037	15436349	9312	0	31	2	0	mutual_excl	mutual_excl	2-1	2-1	True	33	0.044	0.962	loh	FP	TP
chr11	16985024	17008428	23404	2	3	1	0	mutual_excl	mutual_excl	2-1	2-1	True	6	0.367	0.491	loh	TP	TP
chr11	17818619	17834440	15821	2	5	6	0	mutual_excl	mutual_excl	2-1	2-1	True	13	0.442	0.434	loh	TP	TP
chr11	18089735	18109030	19295	0	1	8	0	mutual_excl	mutual_excl	2-1	2-1	True	9	0.9	0.065	loh	TP	FP
chr11	20962531	20965783	3252	1	42	2	0	mutual_excl	mutual_excl	1-1	1-1	True	45	0.034	0.909	loh	FP	TP
chr11	20962531	20971312	8781	15	12	2	0	mutual_excl	mutual_excl	1-1	1-1	True	29	0.034	0.483	loh	FP	TP
chr11	20965783	20971942	6159	1	3	28	0	mutual_excl	mutual_excl	1-1	1-1	True	32	0.909	0.048	loh	TP	FP
chr11	20971312	20971942	630	28	3	26	0	mutual_excl	mutual_excl	1-1	1-1	True	57	0.483	0.048	loh	TP	FP
chr11	24736299	24740365	4066	0	24	24	0	mutual_excl	mutual_excl	2-1	2-1	True	48	0.493	0.551	loh	TP	TP
chr11	28788776	28819477	30701	1	4	1	0	mutual_excl	mutual_excl	1-1	1-1	True	6	0.406	0.487	loh	TP	TP
chr11	29698560	29700709	2149	1	26	17	0	mutual_excl	mutual_excl	2-1	2-1	True	44	0.367	0.566	loh	TP	TP
chr11	32196113	32197253	1140	0	16	19	0	mutual_excl	mutual_excl	2-1	2-1	True	35	0.44	0.462	loh	TP	TP
chr11	38977688	38993783	16095	8	10	1	0	mutual_excl	mutual_excl	1-1	1-1	True	19	0.279	0.452	loh	TP	TP
chr11	39795758	39813929	18171	0	1	13	0	mutual_excl	mutual_excl	1-1	1-1	True	14	0.975	0.055	loh	TP	FP
chr11	39813929	39815337	1408	28	17	3	0	mutual_excl	mutual_excl	1-1	1-1	True	48	0.055	0.364	loh	FP	TP
chr11	39983936	40007834	23898	1	5	4	0	mutual_excl	mutual_excl	1-1	1-1	True	10	0.315	0.457	loh	TP	TP
chr11	40607132	40607906	774	1	34	22	0	mutual_excl	mutual_excl	2-1	2-1	True	57	0.419	0.554	loh	TP	TP
chr11	50648123	50668590	20467	1	2	3	0	mutual_excl	mutual_excl	1-1	1-1	True	6	0.426	0.431	loh	TP	TP
chr11	54567606	54593402	25796	8	1	2	0	mutual_excl	mutual_excl	1-1	1-1	True	11	0.274	0.052	gain	TP	FP
chr11	54880200	54898976	18776	20	7	2	0	mutual_excl	mutual_excl	2-1	2-1	True	29	0.034	0.2	gain	FP	TP
chr11	59240933	59266277	25344	10	5	2	0	mutual_excl	mutual_excl	1-1	1-1	True	17	0.197	0.323	gain	TP	TP
chr11	59266277	59298360	32083	4	1	4	0	mutual_excl	mutual_excl	1-1	1-1	True	9	0.323	0.162	gain	TP	TP
chr11	62183437	62215007	31570	4	2	2	0	mutual_excl	mutual_excl	2-1	2-1	True	8	0.184	0.2	gain	TP	TP
chr11	63241221	63256494	15273	24	5	12	0	mutual_excl	mutual_excl	2-1	2-1	True	41	0.186	0.179	gain	TP	TP
chr11	63256494	63290370	33876	4	1	1	0	mutual_excl	mutual_excl	2-1	2-1	True	6	0.179	0.562	gain	TP	TP
chr11	63950465	63958035	7570	2	27	46	0	mutual_excl	mutual_excl	3	3	True	75	0.585	0.388	gain	TP	TP
chr11	65247231	65257975	10744	26	5	25	0	mutual_excl	mutual_excl	1-1	1-1	True	56	0.372	0.181	gain	TP	TP
chr11	66393876	66397980	4104	47	13	20	0	mutual_excl	mutual_excl	2-1	2-1	True	80	0.273	0.189	gain	TP	TP
chr11	70646006	70665752	19746	1	5	1	0	mutual_excl	mutual_excl	2-1	2-1	True	7	0.352	0.315	neutral	TP	TP
chr11	70879255	70884604	5349	17	1	18	0	mutual_excl	mutual_excl	2-1	2-1	True	36	0.5	0.063	loh	TP	FP
chr11	71471715	71474976	3261	1	28	2	0	mutual_excl	mutual_excl	2-1	2-1	True	31	0.058	0.905	loh	FP	TP
chr11	72772505	72784797	12292	0	17	1	0	mutual_excl	mutual_excl	2-1	2-1	True	18	0.06	0.932	loh	FP	TP
chr11	72811582	72822508	10926	3	9	18	0	mutual_excl	mutual_excl	2-1	2-1	True	30	0.453	0.357	loh	TP	TP
chr11	72811582	72839990	28408	2	2	4	0	mutual_excl	mutual_excl	2-1	2-1	True	8	0.453	0.153	loh	TP	FP
chr11	72822508	72839990	17482	10	3	4	0	mutual_excl	mutual_excl	2-1	2-1	True	17	0.357	0.153	loh	TP	FP
chr11	72839990	72852025	12035	7	7	2	0	mutual_excl	mutual_excl	2-1	2-1	True	16	0.153	0.468	loh	FP	TP
chr11	72844141	72852025	7884	8	12	2	0	mutual_excl	mutual_excl	2-1	2-1	True	22	0.094	0.468	loh	FP	TP
chr11	85526099	85549969	23870	0	3	10	0	mutual_excl	mutual_excl	1-1	1-1	True	13	0.564	0.453	loh	TP	TP
chr11	90555426	90584543	29117	2	1	3	0	mutual_excl	mutual_excl	2-1	2-1	True	6	0.426	0.404	loh	TP	TP
chr11	91139191	91142579	3388	0	21	18	0	mutual_excl	mutual_excl	1-1	1-1	True	39	0.438	0.5	loh	TP	TP
chr11	95755642	95768460	12818	0	25	2	0	mutual_excl	mutual_excl	2-1	2-1	True	27	0.09	0.938	loh	FP	TP
chr11	99146551	99159419	12868	1	12	6	0	mutual_excl	mutual_excl	1-1	1-1	True	19	0.417	0.453	loh	TP	TP
chr11	101052740	101063757	11017	2	13	6	0	mutual_excl	mutual_excl	1-1	1-1	True	21	0.371	0.447	loh	TP	TP
chr11	103894538	103898723	4185	2	19	18	0	mutual_excl	mutual_excl	1-1	1-1	True	39	0.51	0.411	loh	TP	TP
chr11	103894538	103906824	12286	9	5	7	0	mutual_excl	mutual_excl	1-1	1-1	True	21	0.51	0.226	loh	TP	TP
chr11	109092608	109106890	14282	5	13	1	0	mutual_excl	mutual_excl	2-1	2-1	True	19	0.085	0.556	loh	FP	TP
chr11	130486562	130494260	7698	0	5	9	0	mutual_excl	mutual_excl	1-1	1-1	True	14	0.541	0.558	loh	TP	TP
chr16	1230637	1256101	25464	8	6	7	0	mutual_excl	mutual_excl	1-1	1-1	True	21	0.082	0.145	gain	FP	FP
chr16	4767171	4777356	10185	16	14	8	0	mutual_excl	mutual_excl	2-1	2-1	True	38	0.3	0.356	gain	TP	TP
chr16	5164576	5182763	18187	4	1	8	0	mutual_excl	mutual_excl	2-1	2-1	True	13	0.588	0.119	gain	TP	FP
chr16	5329801	5338969	9168	19	17	16	0	mutual_excl	mutual_excl	1-1	1-1	True	52	0.289	0.352	gain	TP	TP
chr16	5338969	5347889	8920	16	12	18	0	mutual_excl	mutual_excl	1-1	1-1	True	46	0.352	0.235	gain	TP	TP
chr16	5475585	5478214	2629	21	33	2	0	mutual_excl	mutual_excl	1-1	1-1	True	56	0.043	0.575	gain	FP	TP
chr16	10409464	10416443	6979	48	17	36	0	mutual_excl	mutual_excl	2-1	2-1	True	101	0.376	0.152	gain	TP	TP
chr16	10409464	10443533	34069	3	1	4	0	mutual_excl	mutual_excl	2-1	2-1	True	8	0.376	0.189	gain	TP	TP
chr16	10409464	10443534	34070	3	1	4	0	mutual_excl	mutual_excl	2-1	2-1	True	8	0.376	0.188	gain	TP	TP
chr16	10416443	10425098	8655	39	19	9	0	mutual_excl	mutual_excl	2-1	2-1	True	67	0.152	0.277	gain	TP	TP
chr16	10425098	10443533	18435	14	7	8	0	mutual_excl	mutual_excl	2-1	2-1	True	29	0.277	0.189	gain	TP	TP
chr16	10425098	10443534	18436	14	7	9	0	mutual_excl	mutual_excl	2-1	2-1	True	30	0.277	0.188	gain	TP	TP
chr16	11685610	11686966	1356	53	25	41	0	mutual_excl	mutual_excl	2-1	2-1	True	119	0.338	0.207	gain	TP	TP
chr16	11685610	11716211	30601	2	6	4	0	mutual_excl	mutual_excl	2-1	2-1	True	12	0.338	0.395	gain	TP	TP
chr16	12177408	12203456	26048	14	1	1	0	mutual_excl	mutual_excl	1-1	1-1	True	16	0.164	0.172	gain	TP	FP
chr16	12885635	12910638	25003	7	4	2	0	mutual_excl	mutual_excl	1-1	1-1	True	13	0.39	0.181	gain	TP	TP
chr16	12910638	12920744	10106	28	10	7	0	mutual_excl	mutual_excl	1-1	1-1	True	45	0.181	0.348	gain	TP	TP
chr16	16802114	16827231	25117	3	4	3	0	mutual_excl	mutual_excl	1-1	1-1	True	10	0.191	0.381	gain	TP	TP
chr16	17657887	17660905	3018	45	16	33	0	mutual_excl	mutual_excl	3	3	True	94	0.341	0.157	gain	TP	TP
chr16	17741483	17753595	12112	19	5	16	0	mutual_excl	mutual_excl	1-1	1-1	True	40	0.37	0.145	gain	TP	TP
chr16	17753595	17768713	15118	27	10	3	0	mutual_excl	mutual_excl	1-1	1-1	True	40	0.145	0.227	gain	TP	TP
chr16	19269856	19295259	25403	12	3	2	0	mutual_excl	mutual_excl	1-1	1-1	True	17	0.179	0.216	gain	TP	TP
chr16	21137473	21171381	33908	8	4	2	0	mutual_excl	mutual_excl	2-1	2-1	True	14	0.155	0.278	gain	TP	TP
chr16	21137473	21176106	38633	6	2	1	0	mutual_excl	mutual_excl	2-1	2-1	True	9	0.155	0.187	gain	TP	TP
chr16	21171381	21180868	9487	33	25	19	0	mutual_excl	mutual_excl	2-1	2-1	True	77	0.278	0.34	gain	TP	TP
chr16	21176106	21180868	4762	55	35	19	0	mutual_excl	mutual_excl	2-1	2-1	True	109	0.187	0.34	gain	TP	TP
chr16	21180868	21192715	11847	26	7	26	0	mutual_excl	mutual_excl	2-1	2-1	True	59	0.34	0.126	gain	TP	TP
chr16	21260324	21279158	18834	7	11	7	0	mutual_excl	mutual_excl	2-1	2-1	True	25	0.271	0.32	gain	TP	TP
chr16	21512792	21529897	17105	47	12	23	0	mutual_excl	mutual_excl	1-1	1-1	True	82	0.191	0.175	gain	TP	TP
chr16	22287859	22290548	2689	63	47	43	0	mutual_excl	mutual_excl	1-1	1-1	True	153	0.276	0.297	gain	TP	TP
chr16	22287859	22305469	17610	18	5	15	0	mutual_excl	mutual_excl	1-1	1-1	True	38	0.276	0.172	gain	TP	TP
chr16	25965091	25986500	21409	5	4	4	0	mutual_excl	mutual_excl	1-1	1-1	True	13	0.237	0.15	gain	TP	TP
chr16	34597681	34600401	2720	40	27	40	0	mutual_excl	mutual_excl	1-1	1-1	True	107	0.285	0.262	gain	TP	TP
chr16	34727447	34742997	15550	11	10	11	0	mutual_excl	mutual_excl	2-1	2-1	True	32	0.307	0.304	gain	TP	TP
chr16	34727447	34742998	15551	10	11	11	0	mutual_excl	mutual_excl	2-1	2-1	True	32	0.307	0.305	gain	TP	TP
chr16	35455591	35456002	411	26	27	58	0	mutual_excl	mutual_excl	3	3	True	111	0.549	0.244	gain	TP	TP
chr16	35456683	35470544	13861	12	18	13	0	mutual_excl	mutual_excl	2-1	2-1	True	43	0.164	0.441	gain	TP	TP
chr16	35456683	35472372	15689	12	15	12	0	mutual_excl	mutual_excl	2-1	2-1	True	39	0.164	0.455	gain	TP	TP
chr16	35496558	35503340	6782	14	36	14	0	mutual_excl	mutual_excl	3	3	True	64	0.25	0.491	gain	TP	TP
chr16	35512674	35534400	21726	0	5	7	0	mutual_excl	mutual_excl	1-1	1-1	True	12	0.452	0.303	gain	TP	TP
chr16	35512868	35534400	21532	0	5	7	0	mutual_excl	mutual_excl	1-1	1-1	True	12	0.469	0.303	gain	TP	TP
chr16	35533727	35534400	673	1	18	47	0	mutual_excl	mutual_excl	1-1	1-1	True	66	0.662	0.303	gain	TP	TP
chr16	35774985	35795216	20231	1	1	14	0	mutual_excl	mutual_excl	3	3	True	16	0.687	0.338	gain	TP	TP
chr16	35774985	35800595	25610	0	1	10	0	mutual_excl	mutual_excl	3	3	True	11	0.687	0.355	gain	TP	TP
chr16	35774985	35804747	29762	0	1	7	0	mutual_excl	mutual_excl	3	3	True	8	0.687	0.333	gain	TP	TP
chr16	35804747	35831874	27127	0	6	2	0	mutual_excl	mutual_excl	3	3	True	8	0.333	0.67	gain	TP	TP
chr16	35888010	35891718	3708	15	19	24	0	mutual_excl	mutual_excl	3	3	True	58	0.368	0.306	gain	TP	TP
chr16	35888010	35903219	15209	4	6	12	0	mutual_excl	mutual_excl	3	3	True	22	0.368	0.356	gain	TP	TP
chr16	35891718	35892529	811	1	53	23	0	mutual_excl	mutual_excl	3	3	True	77	0.306	0.671	gain	TP	TP
chr16	35892529	35903219	10690	1	10	18	0	mutual_excl	mutual_excl	3	3	True	29	0.671	0.356	gain	TP	TP
chr16	35903219	35916994	13775	9	10	8	0	mutual_excl	mutual_excl	3	3	True	27	0.356	0.319	gain	TP	TP
chr16	35903219	35923356	20137	0	14	5	0	mutual_excl	mutual_excl	3	3	True	19	0.356	0.724	gain	TP	TP
chr21	10004846	10022977	18131	19	5	1	0	mutual_excl	mutual_excl	1-1	1-1	True	25	0.056	0.266	neutral	FP	TP
chr21	10330070	10353822	23752	25	5	13	0	mutual_excl	mutual_excl	1-1	1-1	True	43	0.19	0.157	neutral	TP	TP
chr21	10342450	10353822	11372	74	19	28	0	mutual_excl	mutual_excl	1-1	1-1	True	121	0.211	0.157	neutral	FP	TP
chr21	10352179	10353822	1643	182	42	58	0	mutual_excl	mutual_excl	1-1	1-1	True	282	0.202	0.157	neutral	FP	TP
chr21	17117416	17142659	25243	2	3	3	0	mutual_excl	mutual_excl	2-1	2-1	True	8	0.446	0.07	neutral	TP	FP
chr21	24721408	24739755	18347	9	2	6	0	mutual_excl	mutual_excl	1-1	1-1	True	17	0.348	0.079	neutral	TP	FP
chr21	37127196	37133281	6085	9	2	10	0	mutual_excl	mutual_excl	2-1	2-1	True	21	0.467	0.167	loss	TP	FP
chr21	37127196	37143741	16545	5	1	3	0	mutual_excl	mutual_excl	2-1	2-1	True	9	0.467	0.125	loss	TP	FP
chr2	645214	669670	24456	2	5	4	0	mutual_excl	mutual_excl	2-1	2-1	True	11	0.531	0.393	gain	TP	TP
chr2	970921	992071	21150	0	9	3	0	mutual_excl	mutual_excl	2-1	2-1	True	12	0.386	0.667	gain	TP	TP
chr2	970921	997726	26805	0	6	1	0	mutual_excl	mutual_excl	2-1	2-1	True	7	0.386	0.685	gain	TP	TP
chr2	5456652	5479971	23319	0	5	2	0	mutual_excl	mutual_excl	2-1	2-1	True	7	0.303	0.514	gain	TP	TP
chr2	6757650	6763181	5531	24	1	25	0	mutual_excl	mutual_excl	2-1	2-1	True	50	0.553	0.07	gain	TP	TP
chr2	10954375	10975834	21459	5	1	5	0	mutual_excl	mutual_excl	1-1	1-1	True	11	0.643	0.113	loh	TP	FP
chr2	18108828	18123326	14498	1	5	5	0	mutual_excl	mutual_excl	2-1	2-1	True	11	0.391	0.548	loh	TP	TP
chr2	20723482	20732512	9030	0	11	11	0	mutual_excl	mutual_excl	2-1	2-1	True	22	0.422	0.5	loh	TP	TP
chr2	21797623	21809930	12307	1	8	12	0	mutual_excl	mutual_excl	1-1	1-1	True	21	0.518	0.464	loh	TP	TP
chr2	21809930	21831456	21526	0	6	7	0	mutual_excl	mutual_excl	1-1	1-1	True	13	0.464	0.448	loh	TP	TP
chr2	23060438	23070842	10404	1	9	8	0	mutual_excl	mutual_excl	2-1	2-1	True	18	0.512	0.488	loh	TP	TP
chr2	23320454	23346519	26065	1	3	2	0	mutual_excl	mutual_excl	2-1	2-1	True	6	0.075	0.558	loh	FP	TP
chr2	23555628	23579879	24251	2	2	5	0	mutual_excl	mutual_excl	2-1	2-1	True	9	0.396	0.3	loh	TP	TP
chr2	25211215	25233971	22756	1	4	3	0	mutual_excl	mutual_excl	2-1	2-1	True	8	0.407	0.435	loh	TP	TP
chr2	26022330	26031780	9450	15	12	6	0	mutual_excl	mutual_excl	2-1	2-1	True	33	0.247	0.322	loh	TP	TP
chr2	26031780	26056252	24472	2	11	3	0	mutual_excl	mutual_excl	2-1	2-1	True	16	0.322	0.709	loh	TP	TP
chr2	26489403	26511537	22134	3	8	6	0	mutual_excl	mutual_excl	2-1	2-1	True	17	0.344	0.412	loh	TP	TP
chr2	27157868	27159603	1735	25	26	23	0	mutual_excl	mutual_excl	2-1	2-1	True	74	0.378	0.319	loh	TP	TP
chr2	28148493	28163191	14698	0	12	11	0	mutual_excl	mutual_excl	1-1	1-1	True	23	0.633	0.287	loh	TP	TP
chr2	29033589	29045496	11907	16	7	6	0	mutual_excl	mutual_excl	1-1	1-1	True	29	0.25	0.241	loh	TP	TP
chr2	29357843	29364500	6657	18	15	10	0	mutual_excl	mutual_excl	1-1	1-1	True	43	0.253	0.333	loh	TP	TP
chr2	29357843	29373608	15765	1	15	5	0	mutual_excl	mutual_excl	1-1	1-1	True	21	0.253	0.655	loh	TP	TP
chr2	29357843	29377030	19187	0	8	5	0	mutual_excl	mutual_excl	1-1	1-1	True	13	0.253	0.63	loh	TP	TP
chr2	29471467	29492948	21481	0	5	1	0	mutual_excl	mutual_excl	1-1	1-1	True	6	0.246	0.733	loh	TP	TP
chr2	29625214	29641150	15936	10	5	10	0	mutual_excl	mutual_excl	1-1	1-1	True	25	0.33	0.232	loh	TP	TP
chr2	32928331	32961021	32690	2	3	2	0	mutual_excl	mutual_excl	1-1	1-1	True	7	0.254	0.234	gain	TP	TP
chr2	41825915	41832128	6213	0	17	3	0	mutual_excl	mutual_excl	2-1	2-1	True	20	0.114	0.932	loh	FP	TP
chr2	47507031	47535888	28857	2	2	4	0	mutual_excl	mutual_excl	2-1	2-1	True	8	0.242	0.277	gain	TP	TP
chr2	48236183	48256793	20610	4	4	5	0	mutual_excl	mutual_excl	2-1	2-1	True	13	0.255	0.272	gain	TP	TP
chr2	49015989	49020159	4170	19	22	23	0	mutual_excl	mutual_excl	2-1	2-1	True	64	0.272	0.36	gain	TP	TP
chr2	74968342	74969235	893	13	36	16	0	mutual_excl	mutual_excl	3	3	True	65	0.286	0.548	loh	TP	TP
chr2	79449096	79472404	23308	1	4	5	0	mutual_excl	mutual_excl	1-1	1-1	True	10	0.5	0.553	loh	TP	TP
chr2	81877510	81881312	3802	0	16	19	0	mutual_excl	mutual_excl	2-1	2-1	True	35	0.414	0.432	loh	TP	TP
chr2	84833395	84834827	1432	56	18	21	0	mutual_excl	mutual_excl	2-1	2-1	True	95	0.239	0.211	gain	TP	TP
chr2	85813445	85844881	31436	5	2	2	0	mutual_excl	mutual_excl	1-1	1-1	True	9	0.287	0.2	gain	TP	TP
chr2	88223413	88224809	1396	19	45	24	0	mutual_excl	mutual_excl	3	3	True	88	0.267	0.514	gain	TP	TP
chr2	88223413	88226765	3352	40	10	20	0	mutual_excl	mutual_excl	3	3	True	70	0.267	0.187	gain	TP	TP
chr2	88224809	88226765	1956	27	16	45	0	mutual_excl	mutual_excl	3	3	True	88	0.514	0.187	gain	TP	TP
chr2	98161378	98176587	15209	18	1	6	0	mutual_excl	mutual_excl	2-1	2-1	True	25	0.228	0.186	gain	TP	TP
chr2	104422164	104424909	2745	0	1	33	0	mutual_excl	mutual_excl	2-1	2-1	True	34	0.976	0.048	loss	TP	FP
chr2	104886809	104896080	9271	0	13	2	0	mutual_excl	mutual_excl	2-1	2-1	True	15	0.069	0.897	loss	FP	TP
chr2	116785434	116789646	4212	30	2	3	0	mutual_excl	mutual_excl	1-1	1-1	True	35	0.086	0.093	loh	FP	TP
chr2	123415218	123416540	1322	20	21	4	0	mutual_excl	mutual_excl	1-1	1-1	True	45	0.093	0.415	loh	TP	TP
chr2	135344253	135359113	14860	0	8	1	0	mutual_excl	mutual_excl	3	3	True	9	0.073	0.959	neutral	FP	TP
chr2	140513045	140525577	12532	10	5	12	0	mutual_excl	mutual_excl	1-1	1-1	True	27	0.491	0.211	loh	TP	FP
chr2	144349892	144355109	5217	0	41	3	0	mutual_excl	mutual_excl	2-1	2-1	True	44	0.049	0.954	gain	FP	TP
chr2	145325832	145339517	13685	2	7	5	0	mutual_excl	mutual_excl	1-1	1-1	True	14	0.378	0.383	gain	TP	TP
chr2	154870213	154899661	29448	1	4	1	0	mutual_excl	mutual_excl	1-1	1-1	True	6	0.106	0.442	gain	FP	TP
chr2	155890662	155911075	20413	0	7	4	0	mutual_excl	mutual_excl	2-1	2-1	True	11	0.556	0.472	gain	TP	TP
chr2	171241296	171274580	33284	5	2	1	0	mutual_excl	mutual_excl	2-1	2-1	True	8	0.202	0.213	gain	TP	TP
chr2	172226241	172226654	413	64	24	24	0	mutual_excl	mutual_excl	1-1	1-1	True	112	0.214	0.218	gain	TP	TP
chr2	176068144	176074786	6642	34	16	11	0	mutual_excl	mutual_excl	1-1	1-1	True	61	0.189	0.287	gain	TP	TP
chr2	176946417	176957009	10592	12	10	4	0	mutual_excl	mutual_excl	2-1	2-1	True	26	0.123	0.211	gain	TP	TP
chr2	179058910	179081855	22945	1	8	2	0	mutual_excl	mutual_excl	3	3	True	11	0.408	0.534	gain	TP	TP
chr2	180289965	180303132	13167	21	8	3	0	mutual_excl	mutual_excl	1-1	1-1	True	32	0.069	0.264	gain	TP	TP
chr2	195739073	195741532	2459	30	4	1	0	mutual_excl	mutual_excl	3	3	True	35	0.044	0.13	loss	FP	FP
chr2	207617973	207622782	4809	30	10	21	0	mutual_excl	mutual_excl	1-1	1-1	True	61	0.341	0.224	neutral	TP	TP
chr2	211590586	211608369	17783	8	5	8	0	mutual_excl	mutual_excl	1-1	1-1	True	21	0.253	0.223	neutral	TP	TP
chr2	212342435	212363905	21470	9	7	1	0	mutual_excl	mutual_excl	2-1	2-1	True	17	0.031	0.407	neutral	FP	TP
chr2	214477930	214495062	17132	4	7	4	0	mutual_excl	mutual_excl	3	3	True	15	0.367	0.4	neutral	TP	TP
chr2	216198634	216203776	5142	11	16	18	0	mutual_excl	mutual_excl	1-1	1-1	True	45	0.442	0.294	neutral	TP	TP
chr2	221360705	221378536	17831	10	6	4	0	mutual_excl	mutual_excl	1-1	1-1	True	20	0.303	0.287	neutral	TP	TP
chr2	228210409	228221357	10948	17	6	6	0	mutual_excl	mutual_excl	1-1	1-1	True	29	0.219	0.26	gain	TP	TP
chr2	228210409	228230988	20579	10	3	1	0	mutual_excl	mutual_excl	1-1	1-1	True	14	0.219	0.214	gain	TP	TP
chr2	231418294	231422386	4092	45	5	14	0	mutual_excl	mutual_excl	1-1	1-1	True	64	0.19	0.067	gain	TP	TP
chr2	231418294	231432935	14641	14	7	6	0	mutual_excl	mutual_excl	1-1	1-1	True	27	0.19	0.224	gain	TP	TP
chr2	235400225	235413160	12935	20	13	7	0	mutual_excl	mutual_excl	2-1	2-1	True	40	0.127	0.333	gain	TP	TP
chr7	3120277	3130418	10141	12	18	1	0	mutual_excl	mutual_excl	1-1	1-1	True	31	0.106	0.547	gain	FP	TP
chr7	3120281	3130418	10137	12	18	1	0	mutual_excl	mutual_excl	1-1	1-1	True	31	0.106	0.547	gain	FP	TP
chr7	3908911	3927655	18744	2	14	1	0	mutual_excl	mutual_excl	1-1	1-1	True	17	0.256	0.628	gain	TP	TP
chr7	4073244	4077983	4739	23	10	17	0	mutual_excl	mutual_excl	2-1	2-1	True	50	0.357	0.197	gain	TP	TP
chr7	5281799	5291553	9754	2	3	30	0	mutual_excl	mutual_excl	1-1	1-1	True	35	0.925	0.041	gain	TP	FP
chr7	5379834	5408191	28357	1	1	10	0	mutual_excl	mutual_excl	2-1	2-1	True	12	0.641	0.359	gain	TP	TP
chr7	5379834	5408192	28358	1	1	10	0	mutual_excl	mutual_excl	2-1	2-1	True	12	0.641	0.354	gain	TP	TP
chr7	5379834	5408760	28926	1	1	10	0	mutual_excl	mutual_excl	2-1	2-1	True	12	0.641	0.037	gain	TP	FP
chr7	5408191	5408760	569	46	1	26	0	mutual_excl	mutual_excl	2-1	2-1	True	73	0.359	0.037	gain	TP	FP
chr7	5408192	5408760	568	47	1	26	0	mutual_excl	mutual_excl	2-1	2-1	True	74	0.354	0.037	gain	TP	FP
chr7	5408760	5421778	13018	1	23	1	0	mutual_excl	mutual_excl	2-1	2-1	True	25	0.037	0.923	gain	FP	TP
chr7	7666424	7688242	21818	1	12	1	0	mutual_excl	mutual_excl	2-1	2-1	True	14	0.286	0.764	gain	TP	TP
chr7	12640201	12647056	6855	15	17	3	0	mutual_excl	mutual_excl	1-1	1-1	True	35	0.068	0.5	gain	FP	TP
chr7	14306046	14324586	18540	0	9	7	0	mutual_excl	mutual_excl	2-1	2-1	True	16	0.509	0.541	gain	TP	TP
chr7	19005794	19024859	19065	8	6	1	0	mutual_excl	mutual_excl	2-1	2-1	True	15	0.131	0.429	gain	TP	TP
chr7	19159918	19171718	11800	1	14	2	0	mutual_excl	mutual_excl	2-1	2-1	True	17	0.059	0.944	gain	FP	TP
chr7	21248382	21272721	24339	0	5	3	0	mutual_excl	mutual_excl	1-1	1-1	True	8	0.679	0.529	loh	TP	TP
chr7	21558013	21571329	13316	0	20	4	0	mutual_excl	mutual_excl	1-1	1-1	True	24	0.095	0.904	loh	FP	TP
chr7	21571329	21573450	2121	0	4	35	0	mutual_excl	mutual_excl	1-1	1-1	True	39	0.904	0.083	loh	TP	FP
chr7	28869798	28878693	8895	2	6	15	0	mutual_excl	mutual_excl	3	3	True	23	0.633	0.308	gain	TP	TP
chr7	31428254	31442367	14113	10	2	6	0	mutual_excl	mutual_excl	1-1	1-1	True	18	0.245	0.316	gain	TP	TP
chr7	36599703	36617057	17354	6	4	6	0	mutual_excl	mutual_excl	2-1	2-1	True	16	0.398	0.289	gain	TP	TP
chr7	43897225	43932002	34777	2	1	3	0	mutual_excl	mutual_excl	2-1	2-1	True	6	0.361	0.267	gain	TP	TP
chr7	45026039	45039014	12975	1	19	11	0	mutual_excl	mutual_excl	3	3	True	31	0.329	0.533	gain	TP	TP
chr7	45039014	45043767	4753	5	19	28	0	mutual_excl	mutual_excl	3	3	True	52	0.533	0.39	gain	TP	TP
chr7	45455018	45462251	7233	27	12	2	0	mutual_excl	mutual_excl	2-1	2-1	True	41	0.053	0.3	gain	FP	TP
chr7	57138524	57153344	14820	20	1	6	0	mutual_excl	mutual_excl	2-1	2-1	True	27	0.241	0.49	gain	TP	FP
chr7	57177915	57192540	14625	31	10	2	0	mutual_excl	mutual_excl	2-1	2-1	True	43	0.13	0.169	gain	TP	TP
chr7	61867026	61896047	29021	8	3	1	0	mutual_excl	mutual_excl	2-1	2-1	True	12	0.163	0.159	gain	TP	TP
chr7	68441388	68468959	27571	3	3	2	0	mutual_excl	mutual_excl	1-1	1-1	True	8	0.23	0.256	gain	TP	TP
chr7	68468918	68468959	41	33	19	23	0	mutual_excl	mutual_excl	1-1	1-1	True	75	0.295	0.256	gain	TP	TP
chr7	72368115	72394077	25962	0	6	2	0	mutual_excl	mutual_excl	3	3	True	8	0.356	0.726	gain	TP	TP
chr7	72368631	72394077	25446	0	6	1	0	mutual_excl	mutual_excl	3	3	True	7	0.354	0.726	gain	TP	TP
chr7	76449711	76451261	1550	78	18	15	0	mutual_excl	mutual_excl	2-1	2-1	True	111	0.117	0.171	gain	FP	TP
chr7	76679997	76698714	18717	6	7	8	0	mutual_excl	mutual_excl	2-1	2-1	True	21	0.368	0.41	gain	TP	TP
chr7	76914890	76928621	13731	17	12	12	0	mutual_excl	mutual_excl	2-1	2-1	True	41	0.238	0.4	gain	TP	TP
chr7	77221056	77231092	10036	14	20	6	0	mutual_excl	mutual_excl	2-1	2-1	True	40	0.193	0.441	gain	TP	TP
chr7	77221056	77232971	11915	11	19	5	0	mutual_excl	mutual_excl	2-1	2-1	True	35	0.193	0.43	gain	TP	TP
chr7	77221056	77250087	29031	5	1	1	0	mutual_excl	mutual_excl	2-1	2-1	True	7	0.193	0.211	gain	TP	TP
chr7	77250087	77261090	11003	35	10	17	0	mutual_excl	mutual_excl	2-1	2-1	True	62	0.211	0.146	gain	TP	TP
chr7	77250087	77279333	29246	15	1	4	0	mutual_excl	mutual_excl	2-1	2-1	True	20	0.211	0.2	gain	TP	TP
chr7	77261090	77279333	18243	29	4	6	0	mutual_excl	mutual_excl	2-1	2-1	True	39	0.146	0.2	gain	TP	TP
chr7	77279333	77286237	6904	40	30	16	0	mutual_excl	mutual_excl	2-1	2-1	True	86	0.2	0.35	gain	TP	TP
chr7	77459427	77488379	28952	4	2	3	0	mutual_excl	mutual_excl	2-1	2-1	True	9	0.388	0.222	gain	TP	TP
chr7	77488379	77511074	22695	12	9	2	0	mutual_excl	mutual_excl	2-1	2-1	True	23	0.222	0.396	gain	TP	TP
chr7	78051157	78092402	41245	5	1	1	0	mutual_excl	mutual_excl	2-1	2-1	True	7	0.42	0.36	gain	TP	TP
chr7	78079398	78092402	13004	17	21	15	0	mutual_excl	mutual_excl	2-1	2-1	True	53	0.362	0.36	gain	TP	TP
chr7	78092402	78109485	17083	9	10	11	0	mutual_excl	mutual_excl	2-1	2-1	True	30	0.36	0.391	gain	TP	TP
chr7	78092402	78114716	22314	5	9	8	0	mutual_excl	mutual_excl	2-1	2-1	True	22	0.36	0.385	gain	TP	TP
chr7	78217773	78242736	24963	3	7	7	0	mutual_excl	mutual_excl	2-1	2-1	True	17	0.402	0.39	gain	TP	TP
chr7	78219263	78242736	23473	4	8	9	0	mutual_excl	mutual_excl	2-1	2-1	True	21	0.39	0.39	gain	TP	TP
chr7	78231006	78242736	11730	10	14	22	0	mutual_excl	mutual_excl	2-1	2-1	True	46	0.45	0.39	gain	TP	TP
chr7	78242736	78268415	25679	6	4	3	0	mutual_excl	mutual_excl	2-1	2-1	True	13	0.39	0.203	gain	TP	TP
chr7	78857296	78857515	219	71	24	28	0	mutual_excl	mutual_excl	2-1	2-1	True	123	0.23	0.2	gain	TP	TP
chr7	79245684	79246674	990	60	40	15	0	mutual_excl	mutual_excl	2-1	2-1	True	115	0.145	0.35	gain	TP	TP
chr7	79245684	79247948	2264	56	37	15	0	mutual_excl	mutual_excl	2-1	2-1	True	108	0.145	0.343	gain	TP	TP
chr7	79245684	79255492	9808	32	20	9	0	mutual_excl	mutual_excl	2-1	2-1	True	61	0.145	0.345	gain	TP	TP
chr7	79792957	79818924	25967	12	5	6	0	mutual_excl	mutual_excl	2-1	2-1	True	23	0.362	0.176	gain	TP	TP
chr7	79818924	79840261	21337	16	6	2	0	mutual_excl	mutual_excl	2-1	2-1	True	24	0.176	0.189	gain	TP	TP
chr7	81101732	81133163	31431	1	2	3	0	mutual_excl	mutual_excl	3	3	True	6	0.353	0.34	gain	TP	TP
chr7	81133163	81175111	41948	0	5	1	0	mutual_excl	mutual_excl	3	3	True	6	0.34	0.364	gain	TP	TP
chr7	81452257	81461852	9595	33	31	17	0	mutual_excl	mutual_excl	3	3	True	81	0.191	0.31	gain	TP	TP
chr7	81452257	81481147	28890	5	4	5	0	mutual_excl	mutual_excl	3	3	True	14	0.191	0.289	gain	TP	TP
chr7	81461852	81473306	11454	24	27	20	0	mutual_excl	mutual_excl	3	3	True	71	0.31	0.387	gain	TP	TP
chr7	81461852	81481147	19295	13	12	7	0	mutual_excl	mutual_excl	3	3	True	32	0.31	0.289	gain	TP	TP
chr7	81473306	81481147	7841	31	24	38	0	mutual_excl	mutual_excl	3	3	True	93	0.387	0.289	gain	TP	TP
chr7	81619830	81620426	596	44	58	34	0	mutual_excl	mutual_excl	3	3	True	136	0.247	0.411	gain	TP	TP
chr7	81678915	81708568	29653	5	4	3	0	mutual_excl	mutual_excl	3	3	True	12	0.224	0.231	gain	TP	TP
chr7	81708568	81732195	23627	6	6	5	0	mutual_excl	mutual_excl	3	3	True	17	0.231	0.469	gain	TP	TP
chr7	81708568	81735574	27006	5	4	3	0	mutual_excl	mutual_excl	3	3	True	12	0.231	0.353	gain	TP	TP
chr7	81735574	81755097	19523	8	16	5	0	mutual_excl	mutual_excl	3	3	True	29	0.353	0.44	gain	TP	TP
chr7	83567204	83577389	10185	9	16	22	0	mutual_excl	mutual_excl	2-1	2-1	True	47	0.384	0.318	gain	TP	TP
chr7	84358684	84383537	24853	5	7	6	0	mutual_excl	mutual_excl	1-1	1-1	True	18	0.363	0.333	gain	TP	TP
chr7	84459212	84464113	4901	49	18	31	0	mutual_excl	mutual_excl	1-1	1-1	True	98	0.348	0.169	gain	TP	TP
chr7	84723499	84729811	6312	18	25	37	0	mutual_excl	mutual_excl	1-1	1-1	True	80	0.432	0.359	gain	TP	TP
chr7	84723499	84758006	34507	3	3	1	0	mutual_excl	mutual_excl	1-1	1-1	True	7	0.432	0.248	gain	TP	TP
chr7	84967431	84982990	15559	19	9	14	0	mutual_excl	mutual_excl	1-1	1-1	True	42	0.211	0.225	gain	TP	TP
chr7	85269513	85276298	6785	26	37	12	0	mutual_excl	mutual_excl	1-1	1-1	True	75	0.191	0.409	gain	TP	TP
chr7	85591609	85606539	14930	14	12	10	0	mutual_excl	mutual_excl	1-1	1-1	True	36	0.197	0.358	gain	TP	TP
chr7	85760337	85770496	10159	33	9	27	0	mutual_excl	mutual_excl	2-1	2-1	True	69	0.39	0.133	gain	TP	TP
chr7	85797725	85837679	39954	14	2	2	0	mutual_excl	mutual_excl	3	3	True	18	0.172	0.209	gain	TP	TP
chr7	85814062	85838142	24080	35	8	5	0	mutual_excl	mutual_excl	2-1	2-1	True	48	0.15	0.168	gain	TP	TP
chr7	85838142	85848121	9979	120	14	27	0	mutual_excl	mutual_excl	2-1	2-1	True	161	0.168	0.142	gain	TP	TP
chr7	85889720	85892181	2461	78	23	20	0	mutual_excl	mutual_excl	2-1	2-1	True	121	0.177	0.185	gain	TP	TP
chr7	85889720	85894169	4449	67	24	15	0	mutual_excl	mutual_excl	2-1	2-1	True	106	0.177	0.214	gain	TP	TP
chr7	85892181	85894169	1988	73	27	22	0	mutual_excl	mutual_excl	2-1	2-1	True	122	0.185	0.214	gain	TP	TP
chr7	85892181	85902663	10482	32	23	5	0	mutual_excl	mutual_excl	2-1	2-1	True	60	0.185	0.371	gain	TP	TP
chr7	85902663	85942194	39531	3	2	4	0	mutual_excl	mutual_excl	2-1	2-1	True	9	0.371	0.331	gain	TP	TP
chr7	85946655	85978300	31645	4	2	1	0	mutual_excl	mutual_excl	2-1	2-1	True	7	0.297	0.233	gain	TP	TP
chr7	86726467	86748990	22523	6	1	9	0	mutual_excl	mutual_excl	2-1	2-1	True	16	0.411	0.119	gain	TP	TP
chr7	86964004	86967446	3442	42	39	16	0	mutual_excl	mutual_excl	1-1	1-1	True	97	0.165	0.423	gain	TP	TP
chr7	87110918	87135528	24610	5	6	2	0	mutual_excl	mutual_excl	1-1	1-1	True	13	0.299	0.18	gain	TP	TP
chr7	87518123	87525232	7109	44	18	6	0	mutual_excl	mutual_excl	3	3	True	68	0.164	0.336	gain	TP	TP
chr7	88267974	88291063	23089	9	7	5	0	mutual_excl	mutual_excl	1-1	1-1	True	21	0.179	0.218	gain	TP	TP
chr7	88408845	88420028	11183	40	16	8	0	mutual_excl	mutual_excl	1-1	1-1	True	64	0.146	0.278	gain	TP	TP
chr7	88690517	88693479	2962	80	23	18	0	mutual_excl	mutual_excl	1-1	1-1	True	121	0.159	0.181	gain	TP	TP
chr7	88758720	88774842	16122	17	11	4	0	mutual_excl	mutual_excl	1-1	1-1	True	32	0.196	0.248	gain	TP	TP
chr7	88758720	88787564	28844	9	2	2	0	mutual_excl	mutual_excl	1-1	1-1	True	13	0.196	0.315	gain	TP	TP
chr7	88774842	88787564	12722	18	6	10	0	mutual_excl	mutual_excl	1-1	1-1	True	34	0.248	0.315	gain	TP	TP
chr7	89736025	89770302	34277	4	1	3	0	mutual_excl	mutual_excl	2-1	2-1	True	8	0.255	0.216	gain	TP	TP
chr7	89736025	89772651	36626	5	1	1	0	mutual_excl	mutual_excl	2-1	2-1	True	7	0.255	0.159	gain	TP	TP
chr7	89770302	89772651	2349	67	19	26	0	mutual_excl	mutual_excl	2-1	2-1	True	112	0.216	0.159	gain	TP	TP
chr7	89941053	89956572	15519	18	10	15	0	mutual_excl	mutual_excl	1-1	1-1	True	43	0.432	0.198	gain	TP	TP
chr7	89956572	89989799	33227	2	3	2	0	mutual_excl	mutual_excl	1-1	1-1	True	7	0.198	0.494	gain	TP	TP
chr7	90046841	90068612	21771	13	8	1	0	mutual_excl	mutual_excl	1-1	1-1	True	22	0.239	0.397	gain	TP	TP
chr7	90502368	90526887	24519	16	6	3	0	mutual_excl	mutual_excl	1-1	1-1	True	25	0.34	0.237	gain	TP	TP
chr7	90877649	90884645	6996	20	35	22	0	mutual_excl	mutual_excl	2-1	2-1	True	77	0.333	0.417	gain	TP	TP
chr7	91131843	91147413	15570	23	9	5	0	mutual_excl	mutual_excl	2-1	2-1	True	37	0.222	0.218	gain	TP	TP
chr7	91147413	91173613	26200	5	3	1	0	mutual_excl	mutual_excl	2-1	2-1	True	9	0.218	0.193	gain	TP	TP
chr7	93498031	93502701	4670	63	20	21	0	mutual_excl	mutual_excl	2-1	2-1	True	104	0.196	0.221	gain	TP	TP
chr7	93502701	93541043	38342	5	1	3	0	mutual_excl	mutual_excl	2-1	2-1	True	9	0.221	0.341	gain	TP	TP
chr7	93502701	93541374	38673	3	3	3	0	mutual_excl	mutual_excl	2-1	2-1	True	9	0.221	0.241	gain	TP	TP
chr7	93541043	93541374	331	56	28	44	0	mutual_excl	mutual_excl	2-1	2-1	True	128	0.341	0.241	gain	TP	TP
chr7	94661838	94697693	35855	4	3	1	0	mutual_excl	mutual_excl	1-1	1-1	True	8	0.199	0.39	gain	TP	TP
chr7	95096467	95124306	27839	7	6	3	0	mutual_excl	mutual_excl	1-1	1-1	True	16	0.365	0.206	gain	TP	TP
chr7	95753008	95760953	7945	17	27	30	0	mutual_excl	mutual_excl	2-1	2-1	True	74	0.41	0.336	gain	TP	TP
chr7	95753008	95760983	7975	17	27	29	0	mutual_excl	mutual_excl	2-1	2-1	True	73	0.41	0.336	gain	TP	TP
chr7	95935028	95950205	15177	17	10	5	0	mutual_excl	mutual_excl	1-1	1-1	True	32	0.283	0.416	gain	TP	TP
chr7	96635715	96655106	19391	20	8	5	0	mutual_excl	mutual_excl	2-1	2-1	True	33	0.197	0.188	gain	TP	TP
chr7	98036577	98046232	9655	39	12	17	0	mutual_excl	mutual_excl	1-1	1-1	True	68	0.213	0.193	gain	TP	TP
chr7	98036577	98057338	20761	23	3	7	0	mutual_excl	mutual_excl	1-1	1-1	True	33	0.213	0.15	gain	TP	TP
chr7	98046232	98057338	11106	47	11	18	0	mutual_excl	mutual_excl	1-1	1-1	True	76	0.193	0.15	gain	TP	TP
chr7	98057338	98078853	21515	9	8	6	0	mutual_excl	mutual_excl	1-1	1-1	True	23	0.15	0.194	gain	TP	TP
chr7	98576830	98598900	22070	0	5	12	0	mutual_excl	mutual_excl	1-1	1-1	True	17	0.438	0.399	gain	TP	TP
chr7	98921336	98927632	6296	10	21	37	0	mutual_excl	mutual_excl	1-1	1-1	True	68	0.463	0.356	gain	TP	TP
chr7	99060961	99063022	2061	52	44	15	0	mutual_excl	mutual_excl	1-1	1-1	True	111	0.144	0.383	gain	TP	TP
chr7	99208330	99233501	25171	7	3	4	0	mutual_excl	mutual_excl	3	3	True	14	0.473	0.165	gain	TP	TP
chr7	99208330	99233503	25173	6	4	4	0	mutual_excl	mutual_excl	3	3	True	14	0.473	0.171	gain	TP	TP
chr7	99208962	99233501	24539	8	3	4	0	mutual_excl	mutual_excl	3	3	True	15	0.459	0.165	gain	TP	TP
chr7	99208962	99233503	24541	7	4	4	0	mutual_excl	mutual_excl	3	3	True	15	0.459	0.171	gain	TP	TP
chr7	99233501	99248503	15002	18	17	4	0	mutual_excl	mutual_excl	3	3	True	39	0.165	0.391	gain	TP	TP
chr7	99233503	99248503	15000	18	18	4	0	mutual_excl	mutual_excl	3	3	True	40	0.171	0.391	gain	TP	TP
chr7	99868108	99872892	4784	37	33	19	0	mutual_excl	mutual_excl	1-1	1-1	True	89	0.214	0.399	gain	TP	TP
chr7	100188780	100215773	26993	4	6	4	0	mutual_excl	mutual_excl	1-1	1-1	True	14	0.286	0.379	gain	TP	TP
chr7	100478224	100492980	14756	25	6	22	0	mutual_excl	mutual_excl	1-1	1-1	True	53	0.4	0.156	gain	TP	TP
chr7	100481410	100492980	11570	41	6	19	0	mutual_excl	mutual_excl	1-1	1-1	True	66	0.266	0.156	gain	TP	TP
chr7	100492051	100492980	929	72	22	59	0	mutual_excl	mutual_excl	1-1	1-1	True	153	0.358	0.156	gain	TP	TP
chr7	101776336	101798507	22171	7	7	3	0	mutual_excl	mutual_excl	2-1	2-1	True	17	0.189	0.317	gain	TP	TP
chr7	101798507	101817586	19079	6	19	6	0	mutual_excl	mutual_excl	2-1	2-1	True	31	0.317	0.379	gain	TP	TP
chr7	101798507	101822860	24353	4	13	5	0	mutual_excl	mutual_excl	2-1	2-1	True	22	0.317	0.445	gain	TP	TP
chr7	103007078	103017505	10427	19	13	15	0	mutual_excl	mutual_excl	2-1	2-1	True	47	0.364	0.351	gain	TP	TP
chr7	103007078	103019127	12049	17	15	11	0	mutual_excl	mutual_excl	2-1	2-1	True	43	0.364	0.424	gain	TP	TP
chr7	103017505	103034754	17249	15	3	13	0	mutual_excl	mutual_excl	2-1	2-1	True	31	0.351	0.178	gain	TP	TP
chr7	103019127	103034754	15627	17	3	16	0	mutual_excl	mutual_excl	2-1	2-1	True	36	0.424	0.178	gain	TP	TP
chr7	103239201	103242025	2824	42	20	46	0	mutual_excl	mutual_excl	3	3	True	108	0.433	0.196	gain	TP	TP
chr7	103242025	103273340	31315	3	4	2	0	mutual_excl	mutual_excl	3	3	True	9	0.196	0.377	gain	TP	TP
chr7	103496108	103509473	13365	21	12	16	0	mutual_excl	mutual_excl	1-1	1-1	True	49	0.38	0.207	gain	TP	TP
chr7	103509473	103524979	15506	18	11	9	0	mutual_excl	mutual_excl	1-1	1-1	True	38	0.207	0.254	gain	TP	TP
chr7	103936602	103943523	6921	31	26	8	0	mutual_excl	mutual_excl	1-1	1-1	True	65	0.166	0.438	gain	TP	TP
chr7	104183027	104198958	15931	11	24	17	0	mutual_excl	mutual_excl	1-1	1-1	True	52	0.319	0.472	gain	TP	TP
chr7	104198958	104225175	26217	5	5	7	0	mutual_excl	mutual_excl	1-1	1-1	True	17	0.472	0.362	gain	TP	TP
chr7	104375678	104408680	33002	2	2	2	0	mutual_excl	mutual_excl	1-1	1-1	True	6	0.359	0.214	gain	TP	TP
chr7	104408680	104423329	14649	16	13	8	0	mutual_excl	mutual_excl	1-1	1-1	True	37	0.214	0.38	gain	TP	TP
chr7	104673472	104689576	16104	12	6	10	0	mutual_excl	mutual_excl	1-1	1-1	True	28	0.304	0.191	gain	TP	TP
chr7	104925717	104943399	17682	31	5	4	0	mutual_excl	mutual_excl	2-1	2-1	True	40	0.12	0.15	gain	TP	TP
chr7	105677713	105706083	28370	4	10	4	0	mutual_excl	mutual_excl	2-1	2-1	True	18	0.375	0.399	gain	TP	TP
chr7	105677713	105711488	33775	6	3	4	0	mutual_excl	mutual_excl	2-1	2-1	True	13	0.375	0.219	gain	TP	TP
chr7	106141212	106159377	18165	13	8	3	0	mutual_excl	mutual_excl	2-1	2-1	True	24	0.191	0.315	gain	TP	TP
chr7	106280304	106294668	14364	18	13	1	0	mutual_excl	mutual_excl	2-1	2-1	True	32	0.138	0.321	gain	TP	TP
chr7	106315409	106335141	19732	6	10	8	0	mutual_excl	mutual_excl	2-1	2-1	True	24	0.477	0.389	gain	TP	TP
chr7	106664816	106694914	30098	1	4	6	0	mutual_excl	mutual_excl	2-1	2-1	True	11	0.361	0.449	gain	TP	TP
chr7	106682114	106694914	12800	7	19	11	0	mutual_excl	mutual_excl	2-1	2-1	True	37	0.174	0.449	gain	TP	TP
chr7	106916936	106932517	15581	4	12	12	0	mutual_excl	mutual_excl	2-1	2-1	True	28	0.364	0.417	gain	TP	TP
chr7	107299459	107314280	14821	27	12	5	0	mutual_excl	mutual_excl	2-1	2-1	True	44	0.17	0.211	gain	TP	TP
chr7	107299459	107330982	31523	9	1	2	0	mutual_excl	mutual_excl	2-1	2-1	True	12	0.17	0.198	gain	TP	TP
chr7	107314280	107330982	16702	18	5	8	0	mutual_excl	mutual_excl	2-1	2-1	True	31	0.211	0.198	gain	TP	TP
chr7	107376952	107414649	37697	0	2	4	0	mutual_excl	mutual_excl	2-1	2-1	True	6	0.368	0.383	gain	TP	TP
chr7	107807049	107809613	2564	64	17	26	0	mutual_excl	mutual_excl	2-1	2-1	True	107	0.221	0.154	gain	TP	TP
chr7	107809613	107828881	19268	9	3	2	0	mutual_excl	mutual_excl	2-1	2-1	True	14	0.154	0.214	gain	TP	TP
chr7	107884377	107895555	11178	17	17	30	0	mutual_excl	mutual_excl	2-1	2-1	True	64	0.439	0.356	gain	TP	TP
chr7	108539214	108546794	7580	37	28	6	0	mutual_excl	mutual_excl	2-1	2-1	True	71	0.094	0.45	gain	TP	TP
chr7	109142118	109160601	18483	7	4	6	0	mutual_excl	mutual_excl	1-1	1-1	True	17	0.433	0.168	gain	TP	TP
chr7	109311852	109329121	17269	8	10	5	0	mutual_excl	mutual_excl	1-1	1-1	True	23	0.238	0.291	gain	TP	TP
chr7	109477350	109510286	32936	1	1	4	0	mutual_excl	mutual_excl	1-1	1-1	True	6	0.242	0.143	gain	TP	TP
chr7	110196051	110197588	1537	51	40	16	0	mutual_excl	mutual_excl	3	3	True	107	0.162	0.37	gain	TP	TP
chr7	110416555	110428055	11500	16	19	11	0	mutual_excl	mutual_excl	2-1	2-1	True	46	0.212	0.33	gain	TP	TP
chr7	111583047	111615232	32185	5	2	2	0	mutual_excl	mutual_excl	1-1	1-1	True	9	0.177	0.164	gain	TP	TP
chr7	111779370	111802881	23511	8	12	1	0	mutual_excl	mutual_excl	1-1	1-1	True	21	0.121	0.375	gain	TP	TP
chr7	113102496	113102584	88	117	24	41	0	mutual_excl	mutual_excl	2-1	2-1	True	182	0.234	0.128	gain	TP	TP
chr7	113102584	113133922	31338	9	3	3	0	mutual_excl	mutual_excl	2-1	2-1	True	15	0.128	0.295	gain	TP	TP
chr7	113259206	113288612	29406	3	3	11	0	mutual_excl	mutual_excl	2-1	2-1	True	17	0.476	0.134	gain	TP	TP
chr7	113504194	113530916	26722	0	12	5	0	mutual_excl	mutual_excl	2-1	2-1	True	17	0.259	0.485	gain	TP	TP
chr7	113504194	113530917	26723	0	12	5	0	mutual_excl	mutual_excl	2-1	2-1	True	17	0.259	0.497	gain	TP	TP
chr7	114161708	114196504	34796	6	2	1	0	mutual_excl	mutual_excl	2-1	2-1	True	9	0.127	0.143	gain	TP	TP
chr7	114357453	114375649	18196	32	5	10	0	mutual_excl	mutual_excl	2-1	2-1	True	47	0.193	0.088	gain	TP	TP
chr7	114357454	114375649	18195	34	5	7	0	mutual_excl	mutual_excl	2-1	2-1	True	46	0.173	0.088	gain	TP	TP
chr7	114574249	114578247	3998	79	15	21	0	mutual_excl	mutual_excl	2-1	2-1	True	115	0.188	0.143	gain	TP	TP
chr7	114574249	114605732	31483	3	4	3	0	mutual_excl	mutual_excl	2-1	2-1	True	10	0.188	0.518	gain	TP	TP
chr7	114601511	114605732	4221	25	79	43	0	mutual_excl	mutual_excl	2-1	2-1	True	147	0.293	0.518	gain	TP	TP
chr7	114601511	114619099	17588	33	9	19	0	mutual_excl	mutual_excl	2-1	2-1	True	61	0.293	0.116	gain	TP	TP
chr7	115160719	115175509	14790	47	6	12	0	mutual_excl	mutual_excl	2-1	2-1	True	65	0.161	0.133	gain	TP	TP
chr7	115178925	115208892	29967	3	1	7	0	mutual_excl	mutual_excl	2-1	2-1	True	11	0.596	0.263	gain	TP	TP
chr7	115208892	115219977	11085	45	8	24	0	mutual_excl	mutual_excl	2-1	2-1	True	77	0.263	0.114	gain	TP	TP
chr7	115371093	115395014	23921	20	6	4	0	mutual_excl	mutual_excl	2-1	2-1	True	30	0.146	0.225	gain	TP	TP
chr7	115681338	115707684	26346	8	4	6	0	mutual_excl	mutual_excl	2-1	2-1	True	18	0.306	0.135	gain	TP	TP
chr7	115836490	115853309	16819	31	6	4	0	mutual_excl	mutual_excl	1-1	1-1	True	41	0.16	0.15	gain	TP	TP
chr7	115853309	115874877	21568	18	10	5	0	mutual_excl	mutual_excl	1-1	1-1	True	33	0.15	0.274	gain	TP	TP
chr7	117089722	117092267	2545	113	23	13	0	mutual_excl	mutual_excl	1-1	1-1	True	149	0.096	0.158	gain	TP	TP
chr7	117092267	117127413	35146	5	2	2	0	mutual_excl	mutual_excl	1-1	1-1	True	9	0.158	0.126	gain	TP	TP
chr7	117397565	117405830	8265	59	17	13	0	mutual_excl	mutual_excl	1-1	1-1	True	89	0.113	0.19	gain	TP	TP
chr7	117434244	117454132	19888	25	12	6	0	mutual_excl	mutual_excl	1-1	1-1	True	43	0.147	0.307	gain	TP	TP
chr7	117434244	117462917	28673	23	2	3	0	mutual_excl	mutual_excl	1-1	1-1	True	28	0.147	0.164	gain	TP	TP
chr7	118294036	118297900	3864	11	30	65	0	mutual_excl	mutual_excl	2-1	2-1	True	106	0.571	0.275	gain	TP	TP
chr7	118887444	118916867	29423	10	1	1	0	mutual_excl	mutual_excl	1-1	1-1	True	12	0.145	0.117	gain	TP	TP
chr7	118905882	118916867	10985	48	7	11	0	mutual_excl	mutual_excl	1-1	1-1	True	66	0.141	0.117	gain	TP	TP
chr7	118916867	118927424	10557	57	10	13	0	mutual_excl	mutual_excl	1-1	1-1	True	80	0.117	0.153	gain	TP	TP
chr7	118916867	118940052	23185	20	5	8	0	mutual_excl	mutual_excl	1-1	1-1	True	33	0.117	0.108	gain	TP	TP
chr7	118927424	118940052	12628	55	9	8	0	mutual_excl	mutual_excl	1-1	1-1	True	72	0.153	0.108	gain	TP	TP
chr7	119335872	119339990	4118	70	13	23	0	mutual_excl	mutual_excl	2-1	2-1	True	106	0.242	0.137	gain	TP	TP
chr7	119335872	119360204	24332	11	5	3	0	mutual_excl	mutual_excl	2-1	2-1	True	19	0.242	0.314	gain	TP	TP
chr7	120709893	120713666	3773	69	17	39	0	mutual_excl	mutual_excl	3	3	True	125	0.286	0.119	gain	TP	TP
chr7	121591180	121602443	11263	37	8	7	0	mutual_excl	mutual_excl	1-1	1-1	True	52	0.15	0.234	gain	TP	TP
chr7	122157127	122169948	12821	26	4	8	0	mutual_excl	mutual_excl	1-1	1-1	True	38	0.19	0.154	gain	TP	TP
chr7	123317846	123330705	12859	39	9	7	0	mutual_excl	mutual_excl	2-1	2-1	True	55	0.161	0.214	gain	TP	TP
chr7	126454726	126467371	12645	25	10	9	0	mutual_excl	mutual_excl	1-1	1-1	True	44	0.177	0.212	gain	TP	TP
chr7	126678747	126692173	13426	27	8	8	0	mutual_excl	mutual_excl	1-1	1-1	True	43	0.162	0.151	gain	TP	TP
chr7	129881694	129892674	10980	39	11	12	0	mutual_excl	mutual_excl	2-1	2-1	True	62	0.22	0.168	gain	TP	TP
chr7	130685570	130709964	24394	7	1	2	0	mutual_excl	mutual_excl	2-1	2-1	True	10	0.234	0.181	gain	TP	TP
chr7	132615965	132634675	18710	13	4	9	0	mutual_excl	mutual_excl	1-1	1-1	True	26	0.185	0.187	gain	FP	TP
chr7	133152448	133167317	14869	22	5	3	0	mutual_excl	mutual_excl	1-1	1-1	True	30	0.128	0.225	gain	TP	TP
chr7	136533906	136544814	10908	29	12	11	0	mutual_excl	mutual_excl	1-1	1-1	True	52	0.208	0.243	gain	TP	TP
chr7	136856538	136881718	25180	9	1	1	0	mutual_excl	mutual_excl	2-1	2-1	True	11	0.328	0.202	gain	TP	TP
chr7	136856539	136881718	25179	9	1	1	0	mutual_excl	mutual_excl	2-1	2-1	True	11	0.299	0.202	gain	TP	TP
chr7	138557269	138583927	26658	5	1	3	0	mutual_excl	mutual_excl	2-1	2-1	True	9	0.275	0.167	gain	TP	TP
chr7	138771115	138783462	12347	37	8	16	0	mutual_excl	mutual_excl	2-1	2-1	True	61	0.216	0.158	gain	TP	TP
chr7	138771116	138783462	12346	35	8	18	0	mutual_excl	mutual_excl	2-1	2-1	True	61	0.234	0.158	gain	TP	TP
chr7	138783462	138809843	26381	11	3	3	0	mutual_excl	mutual_excl	2-1	2-1	True	17	0.158	0.161	gain	TP	TP
chr7	141777631	141806373	28742	5	1	1	0	mutual_excl	mutual_excl	1-1	1-1	True	7	0.228	0.165	gain	TP	TP
chr7	143428050	143452545	24495	10	1	4	0	mutual_excl	mutual_excl	2-1	2-1	True	15	0.277	0.149	gain	TP	TP
chr7	144552239	144578552	26313	7	1	2	0	mutual_excl	mutual_excl	1-1	1-1	True	10	0.224	0.137	gain	TP	TP
chr7	144996457	145015859	19402	14	20	5	0	mutual_excl	mutual_excl	2-1	2-1	True	39	0.186	0.471	gain	TP	TP
chr7	145825942	145832994	7052	58	15	11	0	mutual_excl	mutual_excl	1-1	1-1	True	84	0.144	0.154	gain	TP	TP
chr7	145832994	145857183	24189	16	3	3	0	mutual_excl	mutual_excl	1-1	1-1	True	22	0.154	0.173	gain	TP	TP
chr7	148090567	148096192	5625	50	8	17	0	mutual_excl	mutual_excl	3	3	True	75	0.174	0.158	gain	TP	TP
chr7	148103944	148129695	25751	10	1	1	0	mutual_excl	mutual_excl	2-1	2-1	True	12	0.18	0.166	gain	TP	TP
chr7	148129695	148151764	22069	13	2	6	0	mutual_excl	mutual_excl	2-1	2-1	True	21	0.166	0.115	gain	TP	TP
chr7	150737126	150750152	13026	33	6	14	0	mutual_excl	mutual_excl	2-1	2-1	True	53	0.253	0.144	gain	TP	TP
chr7	152471017	152510325	39308	3	1	3	0	mutual_excl	mutual_excl	2-1	2-1	True	7	0.2	0.131	gain	TP	TP
chr7	152718305	152734078	15773	59	11	3	0	mutual_excl	mutual_excl	2-1	2-1	True	73	0.087	0.128	gain	TP	TP
chr7	152734078	152739258	5180	103	37	18	0	mutual_excl	mutual_excl	2-1	2-1	True	158	0.128	0.251	gain	TP	TP
chr7	152894037	152928069	34032	13	3	1	0	mutual_excl	mutual_excl	2-1	2-1	True	17	0.121	0.089	gain	TP	FP
chr7	153309990	153338293	28303	9	3	2	0	mutual_excl	mutual_excl	2-1	2-1	True	14	0.124	0.13	gain	TP	TP
chr7	153338293	153358234	19941	37	9	3	0	mutual_excl	mutual_excl	2-1	2-1	True	49	0.13	0.107	gain	TP	TP
chr7	153504238	153538423	34185	13	1	2	0	mutual_excl	mutual_excl	1-1	1-1	True	16	0.111	0.128	gain	TP	TP
chr7	153538423	153565358	26935	7	8	2	0	mutual_excl	mutual_excl	1-1	1-1	True	17	0.128	0.26	gain	TP	TP
chr7	153696830	153717340	20510	30	1	4	0	mutual_excl	mutual_excl	1-1	1-1	True	35	0.081	0.13	gain	TP	TP
chr7	153794917	153830359	35442	6	4	1	0	mutual_excl	mutual_excl	1-1	1-1	True	11	0.085	0.231	gain	TP	TP
chr7	154288247	154320852	32605	3	2	11	0	mutual_excl	mutual_excl	1-1	1-1	True	16	0.667	0.099	gain	TP	TP
chr7	154569763	154587903	18140	34	2	8	0	mutual_excl	mutual_excl	1-1	1-1	True	44	0.168	0.088	gain	TP	TP
chr7	154632534	154637567	5033	75	19	45	0	mutual_excl	mutual_excl	1-1	1-1	True	139	0.329	0.129	gain	TP	TP
chr7	154637567	154677446	39879	6	1	1	0	mutual_excl	mutual_excl	1-1	1-1	True	8	0.129	0.172	gain	TP	TP
chr7	154637567	154677497	39930	6	1	1	0	mutual_excl	mutual_excl	1-1	1-1	True	8	0.129	0.149	gain	TP	TP
chr7	154677446	154678979	1533	123	20	29	0	mutual_excl	mutual_excl	1-1	1-1	True	172	0.172	0.121	gain	TP	TP
chr7	154677446	154688579	11133	36	16	11	0	mutual_excl	mutual_excl	1-1	1-1	True	63	0.172	0.206	gain	TP	TP
chr7	154677497	154678979	1482	128	20	25	0	mutual_excl	mutual_excl	1-1	1-1	True	173	0.149	0.121	gain	TP	TP
chr7	154677497	154688579	11082	40	17	8	0	mutual_excl	mutual_excl	1-1	1-1	True	65	0.149	0.206	gain	TP	TP
chr7	154678979	154688579	9600	49	17	12	0	mutual_excl	mutual_excl	1-1	1-1	True	78	0.121	0.206	gain	TP	TP
chr7	156112564	156142450	29886	5	5	2	0	mutual_excl	mutual_excl	2-1	2-1	True	12	0.112	0.638	gain	TP	TP
chr7	156112604	156142450	29846	5	5	2	0	mutual_excl	mutual_excl	2-1	2-1	True	12	0.115	0.638	gain	TP	TP
chr7	156142450	156149963	7513	21	23	79	0	mutual_excl	mutual_excl	2-1	2-1	True	123	0.638	0.171	gain	TP	TP
chr7	156149963	156167153	17190	41	4	6	0	mutual_excl	mutual_excl	2-1	2-1	True	51	0.171	0.089	gain	TP	TP
chr7	156167153	156185611	18458	52	12	7	0	mutual_excl	mutual_excl	2-1	2-1	True	71	0.089	0.141	gain	TP	TP
chr7	156842235	156847613	5378	24	86	30	0	mutual_excl	mutual_excl	2-1	2-1	True	140	0.236	0.616	gain	TP	TP
chr7	156945160	156946170	1010	153	26	40	0	mutual_excl	mutual_excl	3	3	True	219	0.175	0.111	gain	TP	TP
chr7	158377608	158409250	31642	4	3	5	0	mutual_excl	mutual_excl	2-1	2-1	True	12	0.214	0.142	gain	TP	TP
chr7	158473424	158500440	27016	22	2	3	0	mutual_excl	mutual_excl	2-1	2-1	True	27	0.173	0.085	gain	TP	FP
chr7	158475255	158500440	25185	27	3	5	0	mutual_excl	mutual_excl	2-1	2-1	True	35	0.181	0.085	gain	FP	FP
chr7	158475255	158503412	28157	18	4	3	0	mutual_excl	mutual_excl	2-1	2-1	True	25	0.181	0.195	gain	FP	TP
chr7	158500440	158503412	2972	127	32	19	0	mutual_excl	mutual_excl	2-1	2-1	True	178	0.085	0.195	gain	FP	TP
chr7	158500440	158516429	15989	52	6	8	0	mutual_excl	mutual_excl	2-1	2-1	True	66	0.085	0.116	gain	FP	TP
chr7	158503412	158516429	13017	60	7	18	0	mutual_excl	mutual_excl	2-1	2-1	True	85	0.195	0.116	gain	TP	TP
chr7	158503412	158524989	21577	5	27	12	0	mutual_excl	mutual_excl	2-1	2-1	True	44	0.195	0.661	gain	TP	TP
chr7	159083954	159110146	26192	18	3	1	0	mutual_excl	mutual_excl	2-1	2-1	True	22	0.096	0.09	gain	TP	TP
chr7	159197211	159222349	25138	6	3	3	0	mutual_excl	mutual_excl	1-1	1-1	True	12	0.219	0.267	gain	TP	TP
chr7	159314847	159316686	1839	37	152	56	0	mutual_excl	mutual_excl	1-1	1-1	True	245	0.223	0.612	gain	TP	TP
chr12	958599	981725	23126	2	3	12	0	mutual_excl	mutual_excl	1-1	1-1	True	17	0.632	0.294	gain	TP	TP
chr12	981725	1000405	18680	0	12	7	0	mutual_excl	mutual_excl	1-1	1-1	True	19	0.294	0.625	gain	TP	TP
chr12	1322350	1340203	17853	0	13	13	0	mutual_excl	mutual_excl	1-1	1-1	True	26	0.717	0.333	gain	TP	TP
chr12	1322350	1340204	17854	0	13	14	0	mutual_excl	mutual_excl	1-1	1-1	True	27	0.717	0.316	gain	TP	TP
chr12	1340203	1341031	828	42	20	34	0	mutual_excl	mutual_excl	1-1	1-1	True	96	0.333	0.189	gain	TP	TP
chr12	1340203	1351664	11461	19	8	13	0	mutual_excl	mutual_excl	1-1	1-1	True	40	0.333	0.229	gain	TP	TP
chr12	1340204	1341031	827	45	21	33	0	mutual_excl	mutual_excl	1-1	1-1	True	99	0.316	0.189	gain	TP	TP
chr12	1340204	1351664	11460	20	8	12	0	mutual_excl	mutual_excl	1-1	1-1	True	40	0.316	0.229	gain	TP	TP
chr12	1341031	1351664	10633	24	9	9	0	mutual_excl	mutual_excl	1-1	1-1	True	42	0.189	0.229	gain	TP	TP
chr12	1573245	1598671	25426	11	2	3	0	mutual_excl	mutual_excl	1-1	1-1	True	16	0.21	0.2	gain	TP	TP
chr12	1598671	1621817	23146	6	5	3	0	mutual_excl	mutual_excl	1-1	1-1	True	14	0.2	0.252	gain	TP	TP
chr12	1922105	1927908	5803	3	32	13	0	mutual_excl	mutual_excl	1-1	1-1	True	48	0.286	0.651	gain	TP	TP
chr12	2832886	2863696	30810	2	1	5	0	mutual_excl	mutual_excl	1-1	1-1	True	8	0.58	0.244	gain	TP	TP
chr12	3956732	3977037	20305	5	5	6	0	mutual_excl	mutual_excl	1-1	1-1	True	16	0.292	0.271	gain	TP	TP
chr12	4067435	4068986	1551	3	21	51	0	mutual_excl	mutual_excl	1-1	1-1	True	75	0.725	0.286	gain	TP	TP
chr12	4196411	4222326	25915	8	1	2	0	mutual_excl	mutual_excl	1-1	1-1	True	11	0.303	0.08	gain	TP	FP
chr12	4946604	4971186	24582	3	1	6	0	mutual_excl	mutual_excl	1-1	1-1	True	10	0.726	0.056	gain	TP	FP
chr12	4947411	4971186	23775	9	1	1	0	mutual_excl	mutual_excl	1-1	1-1	True	11	0.175	0.056	gain	TP	FP
chr12	7591320	7615206	23886	7	10	4	0	mutual_excl	mutual_excl	1-1	1-1	True	21	0.244	0.26	gain	TP	TP
chr12	7727667	7732698	5031	62	22	11	0	mutual_excl	mutual_excl	1-1	1-1	True	95	0.129	0.22	gain	TP	TP
chr12	8840433	8853974	13541	24	9	7	0	mutual_excl	mutual_excl	1-1	1-1	True	40	0.171	0.215	gain	TP	TP
chr12	8840433	8854672	14239	21	9	6	0	mutual_excl	mutual_excl	1-1	1-1	True	36	0.171	0.203	gain	TP	TP
chr12	8840434	8853974	13540	24	9	7	0	mutual_excl	mutual_excl	1-1	1-1	True	40	0.174	0.215	gain	TP	TP
chr12	8840434	8854672	14238	21	9	6	0	mutual_excl	mutual_excl	1-1	1-1	True	36	0.174	0.203	gain	TP	TP
chr12	8853974	8854672	698	66	21	25	0	mutual_excl	mutual_excl	1-1	1-1	True	112	0.215	0.203	gain	TP	TP
chr12	9049996	9068692	18696	23	5	4	0	mutual_excl	mutual_excl	1-1	1-1	True	32	0.229	0.174	gain	TP	TP
chr12	9778570	9815740	37170	3	1	2	0	mutual_excl	mutual_excl	1-1	1-1	True	6	0.192	0.545	gain	TP	TP
chr12	10191484	10213914	22430	6	2	7	0	mutual_excl	mutual_excl	2-1	2-1	True	15	0.555	0.183	gain	TP	TP
chr12	11457742	11484372	26630	7	4	2	0	mutual_excl	mutual_excl	1-1	1-1	True	13	0.181	0.409	gain	TP	TP
chr12	11800974	11827072	26098	12	2	3	0	mutual_excl	mutual_excl	1-1	1-1	True	17	0.19	0.165	gain	TP	FP
chr12	12013515	12029293	15778	44	16	5	0	mutual_excl	mutual_excl	1-1	1-1	True	65	0.102	0.34	gain	TP	TP
chr12	12025349	12029293	3944	75	51	43	0	mutual_excl	mutual_excl	1-1	1-1	True	169	0.308	0.34	gain	TP	TP
chr12	12084415	12119339	34924	4	1	1	0	mutual_excl	mutual_excl	1-1	1-1	True	6	0.137	0.212	gain	TP	TP
chr12	14555003	14570031	15028	29	9	9	0	mutual_excl	mutual_excl	1-1	1-1	True	47	0.158	0.188	gain	TP	TP
chr12	14638104	14655833	17729	29	2	3	0	mutual_excl	mutual_excl	1-1	1-1	True	34	0.174	0.116	gain	TP	TP
chr12	14638104	14661718	23614	15	2	2	0	mutual_excl	mutual_excl	1-1	1-1	True	19	0.174	0.172	gain	TP	TP
chr12	14638489	14655833	17344	32	2	3	0	mutual_excl	mutual_excl	1-1	1-1	True	37	0.158	0.116	gain	TP	TP
chr12	14638489	14661718	23229	16	2	2	0	mutual_excl	mutual_excl	1-1	1-1	True	20	0.158	0.172	gain	TP	TP
chr12	14655833	14661718	5885	55	10	8	0	mutual_excl	mutual_excl	1-1	1-1	True	73	0.116	0.172	gain	TP	TP
chr12	14668600	14700927	32327	5	1	4	0	mutual_excl	mutual_excl	1-1	1-1	True	10	0.535	0.257	gain	TP	TP
chr12	15843247	15847311	4064	49	17	22	0	mutual_excl	mutual_excl	1-1	1-1	True	88	0.256	0.16	gain	TP	TP
chr12	17416568	17424562	7994	19	10	23	0	mutual_excl	mutual_excl	2-1	2-1	True	52	0.508	0.224	gain	TP	TP
chr12	17420866	17424562	3696	55	15	13	0	mutual_excl	mutual_excl	2-1	2-1	True	83	0.154	0.224	gain	TP	TP
chr12	18752994	18763652	10658	38	3	16	0	mutual_excl	mutual_excl	2-1	2-1	True	57	0.256	0.13	gain	TP	TP
chr12	18752994	18774516	21522	14	2	9	0	mutual_excl	mutual_excl	2-1	2-1	True	25	0.256	0.243	gain	TP	TP
chr12	18753424	18763652	10228	42	4	13	0	mutual_excl	mutual_excl	2-1	2-1	True	59	0.224	0.13	gain	TP	TP
chr12	18753424	18774516	21092	17	2	7	0	mutual_excl	mutual_excl	2-1	2-1	True	26	0.224	0.243	gain	TP	TP
chr12	18763652	18774516	10864	29	10	5	0	mutual_excl	mutual_excl	2-1	2-1	True	44	0.13	0.243	gain	TP	TP
chr12	18852131	18870932	18801	1	19	7	0	mutual_excl	mutual_excl	2-1	2-1	True	27	0.209	0.557	gain	TP	TP
chr12	19101445	19108997	7552	26	31	17	0	mutual_excl	mutual_excl	2-1	2-1	True	74	0.218	0.358	gain	TP	TP
chr12	20173838	20198877	25039	6	9	2	0	mutual_excl	mutual_excl	2-1	2-1	True	17	0.186	0.57	gain	TP	TP
chr12	20761090	20778396	17306	23	9	6	0	mutual_excl	mutual_excl	2-1	2-1	True	38	0.142	0.231	gain	TP	TP
chr12	20761090	20785809	24719	4	12	4	0	mutual_excl	mutual_excl	2-1	2-1	True	20	0.142	0.545	gain	TP	TP
chr12	20974950	20999362	24412	4	5	1	0	mutual_excl	mutual_excl	2-1	2-1	True	10	0.213	0.5	gain	TP	TP
chr12	21058277	21070921	12644	14	9	22	0	mutual_excl	mutual_excl	2-1	2-1	True	45	0.547	0.173	gain	TP	TP
chr12	21629915	21650841	20926	6	10	1	0	mutual_excl	mutual_excl	1-1	1-1	True	17	0.2	0.51	gain	TP	TP
chr12	21632853	21650841	17988	7	11	1	0	mutual_excl	mutual_excl	1-1	1-1	True	19	0.138	0.51	gain	TP	TP
chr12	21650841	21652464	1623	17	19	37	0	mutual_excl	mutual_excl	1-1	1-1	True	73	0.51	0.225	gain	TP	TP
chr12	21650841	21663671	12830	4	4	10	0	mutual_excl	mutual_excl	1-1	1-1	True	18	0.51	0.262	gain	TP	TP
chr12	21650841	21664221	13380	4	4	10	0	mutual_excl	mutual_excl	1-1	1-1	True	18	0.51	0.242	gain	TP	TP
chr12	21783337	21802237	18900	3	10	1	0	mutual_excl	mutual_excl	1-1	1-1	True	14	0.212	0.509	gain	TP	TP
chr12	21802237	21810232	7995	10	10	30	0	mutual_excl	mutual_excl	1-1	1-1	True	50	0.509	0.177	gain	TP	TP
chr12	22073419	22100431	27012	2	8	3	0	mutual_excl	mutual_excl	1-1	1-1	True	13	0.26	0.627	gain	TP	TP
chr12	22248382	22264006	15624	9	20	5	0	mutual_excl	mutual_excl	1-1	1-1	True	34	0.215	0.456	gain	TP	TP
chr12	22309070	22311068	1998	31	53	28	0	mutual_excl	mutual_excl	1-1	1-1	True	112	0.23	0.461	gain	TP	TP
chr12	22309070	22344283	35213	4	1	2	0	mutual_excl	mutual_excl	1-1	1-1	True	7	0.23	0.149	gain	TP	TP
chr12	22449571	22475838	26267	3	7	5	0	mutual_excl	mutual_excl	1-1	1-1	True	15	0.266	0.441	gain	TP	TP
chr12	23102020	23122616	20596	6	7	3	0	mutual_excl	mutual_excl	2-1	2-1	True	16	0.257	0.37	gain	TP	TP
chr12	23102021	23122616	20595	6	7	3	0	mutual_excl	mutual_excl	2-1	2-1	True	16	0.245	0.37	gain	TP	TP
chr12	23926521	23931611	5090	30	23	14	0	mutual_excl	mutual_excl	2-1	2-1	True	67	0.236	0.27	gain	TP	TP
chr12	25542931	25558675	15744	20	5	11	0	mutual_excl	mutual_excl	1-1	1-1	True	36	0.313	0.162	gain	TP	TP
chr12	25624508	25628273	3765	48	10	24	0	mutual_excl	mutual_excl	1-1	1-1	True	82	0.254	0.113	gain	TP	TP
chr12	28805597	28811081	5484	33	16	3	0	mutual_excl	mutual_excl	1-1	1-1	True	52	0.049	0.326	gain	FP	TP
chr12	31483690	31484540	850	36	26	5	0	mutual_excl	mutual_excl	1-1	1-1	True	67	0.067	0.347	gain	FP	TP
chr12	31483690	31496336	12646	17	7	2	0	mutual_excl	mutual_excl	1-1	1-1	True	26	0.067	0.267	gain	FP	TP
chr12	31697922	31732116	34194	0	4	2	0	mutual_excl	mutual_excl	2-1	2-1	True	6	0.368	0.382	gain	TP	TP
chr12	43267115	43281730	14615	0	2	12	0	mutual_excl	mutual_excl	2-1	2-1	True	14	0.938	0.086	loh	TP	FP
chr12	45231629	45248806	17177	8	1	1	0	mutual_excl	mutual_excl	1-1	1-1	True	10	0.075	0.067	loh	FP	FP
chr12	51495109	51509737	14628	3	2	14	0	mutual_excl	mutual_excl	1-1	1-1	True	19	0.66	0.205	loh	TP	TP
chr12	61924584	61928685	4101	10	23	2	0	mutual_excl	mutual_excl	1-1	1-1	True	35	0.073	0.557	loh	TP	TP
chr12	63554382	63562069	7687	16	2	12	0	mutual_excl	mutual_excl	2-1	2-1	True	30	0.368	0.1	loh	TP	FP
chr12	65137187	65154934	17747	0	1	13	0	mutual_excl	mutual_excl	2-1	2-1	True	14	0.883	0.05	loh	TP	FP
chr12	67053802	67075457	21655	3	2	1	0	mutual_excl	mutual_excl	2-1	2-1	True	6	0.044	0.489	loh	FP	TP
chr12	70906645	70924333	17688	2	6	1	0	mutual_excl	mutual_excl	2-1	2-1	True	9	0.071	0.357	loh	FP	TP
chr12	76113227	76127041	13814	0	7	3	0	mutual_excl	mutual_excl	2-1	2-1	True	10	0.088	0.867	loh	FP	TP
chr12	80543028	80543532	504	36	4	23	0	mutual_excl	mutual_excl	2-1	2-1	True	63	0.377	0.056	loh	TP	FP
chr12	80543028	80557908	14880	10	2	6	0	mutual_excl	mutual_excl	2-1	2-1	True	18	0.377	0.037	loh	TP	FP
chr12	83347280	83364377	17097	7	1	1	0	mutual_excl	mutual_excl	2-1	2-1	True	9	0.068	0.04	loh	FP	FP
chr12	83349640	83364377	14737	6	1	2	0	mutual_excl	mutual_excl	2-1	2-1	True	9	0.085	0.04	loh	FP	FP
chr12	83387746	83398568	10822	11	1	8	0	mutual_excl	mutual_excl	2-1	2-1	True	20	0.396	0.038	loh	TP	FP
chr12	83387746	83411173	23427	1	1	4	0	mutual_excl	mutual_excl	2-1	2-1	True	6	0.396	0.056	loh	TP	FP
chr12	85399502	85421267	21765	0	3	4	0	mutual_excl	mutual_excl	1-1	1-1	True	7	0.531	0.446	loh	TP	TP
chr12	85399502	85421269	21767	0	3	4	0	mutual_excl	mutual_excl	1-1	1-1	True	7	0.531	0.411	loh	TP	TP
chr12	85421267	85442483	21216	0	4	3	0	mutual_excl	mutual_excl	1-1	1-1	True	7	0.446	0.455	loh	TP	TP
chr12	85421269	85442483	21214	0	4	3	0	mutual_excl	mutual_excl	1-1	1-1	True	7	0.411	0.455	loh	TP	TP
chr12	85915097	85940578	25481	5	2	3	0	mutual_excl	mutual_excl	2-1	2-1	True	10	0.096	0.345	loh	TP	TP
chr12	90529212	90547203	17991	0	6	6	0	mutual_excl	mutual_excl	2-1	2-1	True	12	0.526	0.457	loh	TP	TP
chr12	93124734	93143855	19121	8	1	2	0	mutual_excl	mutual_excl	1-1	1-1	True	11	0.408	0.058	loh	TP	FP
chr12	96816861	96837909	21048	0	2	5	0	mutual_excl	mutual_excl	2-1	2-1	True	7	0.5	0.444	loh	TP	TP
chr12	97632597	97635723	3126	12	13	3	0	mutual_excl	mutual_excl	2-1	2-1	True	28	0.176	0.465	loh	FP	TP
chr12	97632597	97635740	3143	12	12	3	0	mutual_excl	mutual_excl	2-1	2-1	True	27	0.176	0.419	loh	FP	TP
chr12	102972207	102979863	7656	0	26	2	0	mutual_excl	mutual_excl	2-1	2-1	True	28	0.07	0.964	loh	FP	TP
chr12	110899112	110905901	6789	35	3	2	0	mutual_excl	mutual_excl	1-1	1-1	True	40	0.058	0.1	loh	TP	FP
chr12	121354052	121364955	10903	0	6	7	0	mutual_excl	mutual_excl	2-1	2-1	True	13	0.558	0.488	loh	TP	TP
chr12	125322552	125338494	15942	0	1	13	0	mutual_excl	mutual_excl	2-1	2-1	True	14	0.974	0.067	loh	TP	FP
chr12	128297714	128306237	8523	3	11	7	0	mutual_excl	mutual_excl	1-1	1-1	True	21	0.349	0.431	loh	TP	TP
chr12	132053416	132066878	13462	1	6	5	0	mutual_excl	mutual_excl	1-1	1-1	True	12	0.54	0.431	loh	TP	TP
chr12	132559482	132563011	3529	12	2	28	0	mutual_excl	mutual_excl	1-1	1-1	True	42	0.627	0.083	loh	TP	FP
chr17	2573452	2591070	17618	0	8	10	0	mutual_excl	mutual_excl	2-1	2-1	True	18	0.542	0.283	gain	TP	TP
chr17	2905426	2921411	15985	1	14	7	0	mutual_excl	mutual_excl	2-1	2-1	True	22	0.366	0.718	gain	TP	TP
chr17	4097419	4120118	22699	4	3	5	0	mutual_excl	mutual_excl	1-1	1-1	True	12	0.356	0.329	gain	TP	TP
chr17	4212309	4218888	6579	11	15	18	0	mutual_excl	mutual_excl	3	3	True	44	0.434	0.325	gain	TP	TP
chr17	4424731	4436663	11932	1	13	23	0	mutual_excl	mutual_excl	1-1	1-1	True	37	0.545	0.385	gain	TP	TP
chr17	4436663	4464586	27923	0	4	3	0	mutual_excl	mutual_excl	1-1	1-1	True	7	0.385	0.649	gain	TP	TP
chr17	5286801	5299214	12413	5	13	12	0	mutual_excl	mutual_excl	2-1	2-1	True	30	0.346	0.418	gain	TP	TP
chr17	5940464	5965462	24998	4	2	5	0	mutual_excl	mutual_excl	2-1	2-1	True	11	0.357	0.299	gain	TP	TP
chr17	6529677	6533545	3868	1	23	37	0	mutual_excl	mutual_excl	2-1	2-1	True	61	0.651	0.372	gain	TP	TP
chr17	6675374	6684778	9404	17	8	8	0	mutual_excl	mutual_excl	2-1	2-1	True	33	0.26	0.203	gain	TP	TP
chr17	8937304	8937610	306	42	38	24	0	mutual_excl	mutual_excl	1-1	1-1	True	104	0.271	0.355	gain	TP	TP
chr17	11457852	11466808	8956	2	10	23	0	mutual_excl	mutual_excl	2-1	2-1	True	35	0.758	0.287	gain	TP	TP
chr17	11466808	11481364	14556	17	2	7	0	mutual_excl	mutual_excl	2-1	2-1	True	26	0.287	0.141	gain	TP	FP
chr17	12462405	12485178	22773	4	3	4	0	mutual_excl	mutual_excl	2-1	2-1	True	11	0.286	0.307	gain	TP	TP
chr17	13084281	13105301	21020	2	10	4	0	mutual_excl	mutual_excl	1-1	1-1	True	16	0.257	0.634	gain	TP	TP
chr17	13405802	13437493	31691	3	3	2	0	mutual_excl	mutual_excl	1-1	1-1	True	8	0.259	0.295	gain	TP	TP
chr17	13608053	13618054	10001	5	14	23	0	mutual_excl	mutual_excl	1-1	1-1	True	42	0.677	0.298	gain	TP	TP
chr17	14839937	14868350	28413	1	3	6	0	mutual_excl	mutual_excl	2-1	2-1	True	10	0.653	0.301	gain	TP	TP
chr17	14866301	14868350	2049	17	21	30	0	mutual_excl	mutual_excl	2-1	2-1	True	68	0.476	0.301	gain	TP	TP
chr17	15413596	15420273	6677	2	13	35	0	mutual_excl	mutual_excl	2-1	2-1	True	50	0.63	0.305	gain	TP	TP
chr17	17195589	17200989	5400	41	2	17	0	mutual_excl	mutual_excl	2-1	2-1	True	60	0.309	0.052	gain	TP	FP
chr17	17288847	17298460	9613	16	8	17	0	mutual_excl	mutual_excl	2-1	2-1	True	41	0.301	0.292	gain	TP	TP
chr17	17298460	17316051	17591	11	1	1	0	mutual_excl	mutual_excl	2-1	2-1	True	13	0.292	0.133	gain	TP	FP
chr17	17298460	17318960	20500	11	1	1	0	mutual_excl	mutual_excl	2-1	2-1	True	13	0.292	0.131	gain	TP	FP
chr17	17316051	17330763	14712	9	17	5	0	mutual_excl	mutual_excl	2-1	2-1	True	31	0.133	0.576	gain	FP	TP
chr17	17318960	17330763	11803	15	19	5	0	mutual_excl	mutual_excl	2-1	2-1	True	39	0.131	0.576	gain	FP	TP
chr17	17340778	17357257	16479	0	22	2	0	mutual_excl	mutual_excl	3	3	True	24	0.068	0.934	gain	FP	TP
chr17	17446107	17448060	1953	1	3	64	0	mutual_excl	mutual_excl	3	3	True	68	0.951	0.051	gain	TP	FP
chr17	18119985	18138193	18208	3	1	15	0	mutual_excl	mutual_excl	1-1	1-1	True	19	0.925	0.048	gain	TP	FP
chr17	18963762	18986516	22754	1	7	7	0	mutual_excl	mutual_excl	1-1	1-1	True	15	0.586	0.31	gain	TP	TP
chr17	18963762	18988513	24751	0	5	6	0	mutual_excl	mutual_excl	1-1	1-1	True	11	0.586	0.305	gain	TP	TP
chr17	27147004	27154799	7795	15	11	3	0	mutual_excl	mutual_excl	2-1	2-1	True	29	0.098	0.393	loh	FP	TP
chr17	27148703	27154799	6096	21	12	3	0	mutual_excl	mutual_excl	2-1	2-1	True	36	0.106	0.393	loh	FP	TP
chr17	27154799	27157994	3195	20	7	14	0	mutual_excl	mutual_excl	2-1	2-1	True	41	0.393	0.167	loh	TP	FP
chr17	28463255	28477180	13925	6	1	7	0	mutual_excl	mutual_excl	2-1	2-1	True	14	0.455	0.077	loh	TP	FP
chr17	31671779	31700452	28673	0	2	5	0	mutual_excl	mutual_excl	1-1	1-1	True	7	0.577	0.419	loh	TP	TP
chr17	31700452	31725356	24904	1	8	4	0	mutual_excl	mutual_excl	1-1	1-1	True	13	0.419	0.483	loh	TP	TP
chr17	39673348	39693717	20369	2	2	6	0	mutual_excl	mutual_excl	2-1	2-1	True	10	0.656	0.273	loh	TP	FP
chr17	39675811	39693717	17906	5	4	4	0	mutual_excl	mutual_excl	2-1	2-1	True	13	0.371	0.273	loh	TP	FP
chr17	47717982	47739172	21190	4	1	2	0	mutual_excl	mutual_excl	1-1	1-1	True	7	0.607	0.18	loh	TP	FP
chr17	48357368	48362515	5147	14	19	7	0	mutual_excl	mutual_excl	1-1	1-1	True	40	0.176	0.474	loh	FP	TP
chr17	48357368	48365089	7721	1	25	7	0	mutual_excl	mutual_excl	1-1	1-1	True	33	0.176	0.823	loh	FP	TP
chr17	48357368	48365161	7793	11	16	7	0	mutual_excl	mutual_excl	1-1	1-1	True	34	0.176	0.484	loh	FP	TP
chr17	49216544	49231645	15101	6	7	2	0	mutual_excl	mutual_excl	1-1	1-1	True	15	0.192	0.468	loh	FP	TP
chr17	49468225	49470569	2344	23	8	18	0	mutual_excl	mutual_excl	1-1	1-1	True	49	0.366	0.155	loh	TP	FP
chr17	49468225	49472574	4349	21	9	16	0	mutual_excl	mutual_excl	1-1	1-1	True	46	0.366	0.143	loh	TP	FP
chr17	49626036	49635698	9662	18	3	9	0	mutual_excl	mutual_excl	1-1	1-1	True	30	0.443	0.153	loh	TP	FP
chr17	49626036	49635897	9861	18	3	9	0	mutual_excl	mutual_excl	1-1	1-1	True	30	0.443	0.155	loh	TP	FP
chr17	49854299	49874538	20239	7	1	8	0	mutual_excl	mutual_excl	2-1	2-1	True	16	0.442	0.058	loh	TP	FP
chr17	49874538	49890555	16017	0	24	1	0	mutual_excl	mutual_excl	2-1	2-1	True	25	0.058	0.926	loh	FP	TP
chr17	52619125	52649867	30742	1	4	1	0	mutual_excl	mutual_excl	1-1	1-1	True	6	0.103	0.128	loh	TP	FP
chr17	57121910	57135725	13815	1	14	1	0	mutual_excl	mutual_excl	1-1	1-1	True	16	0.058	0.875	loh	FP	TP
chr17	64901033	64905426	4393	2	11	34	0	mutual_excl	mutual_excl	3	3	True	47	0.623	0.206	loh	TP	FP
chr17	66811796	66823984	12188	0	2	15	0	mutual_excl	mutual_excl	2-1	2-1	True	17	0.967	0.102	loh	TP	FP
chr17	67395052	67408474	13422	24	4	15	0	mutual_excl	mutual_excl	1-1	1-1	True	43	0.261	0.13	gain	TP	TP
chr17	67395052	67421390	26338	4	5	8	0	mutual_excl	mutual_excl	1-1	1-1	True	17	0.261	0.326	gain	TP	TP
chr17	67913067	67916164	3097	51	37	12	0	mutual_excl	mutual_excl	2-1	2-1	True	100	0.126	0.377	gain	FP	TP
chr17	67916164	67925245	9081	11	19	29	0	mutual_excl	mutual_excl	2-1	2-1	True	59	0.377	0.38	gain	TP	TP
chr17	68031974	68049955	17981	23	7	5	0	mutual_excl	mutual_excl	2-1	2-1	True	35	0.153	0.185	gain	TP	TP
chr17	69070646	69097256	26610	8	4	2	0	mutual_excl	mutual_excl	1-1	1-1	True	14	0.262	0.217	gain	TP	TP
chr17	69070646	69099332	28686	6	3	1	0	mutual_excl	mutual_excl	1-1	1-1	True	10	0.262	0.391	gain	TP	TP
chr17	69097256	69099332	2076	41	33	21	0	mutual_excl	mutual_excl	1-1	1-1	True	95	0.217	0.391	gain	TP	TP
chr17	69353641	69378301	24660	10	3	4	0	mutual_excl	mutual_excl	1-1	1-1	True	17	0.22	0.162	gain	TP	TP
chr17	69443083	69480332	37249	1	5	1	0	mutual_excl	mutual_excl	2-1	2-1	True	7	0.147	0.528	gain	TP	TP
chr17	69844805	69847050	2245	54	21	18	0	mutual_excl	mutual_excl	2-1	2-1	True	93	0.175	0.248	gain	TP	TP
chr17	69844805	69884800	39995	0	5	1	0	mutual_excl	mutual_excl	2-1	2-1	True	6	0.175	0.548	gain	TP	TP
chr17	69884800	69890921	6121	21	18	46	0	mutual_excl	mutual_excl	2-1	2-1	True	85	0.548	0.234	gain	TP	TP
chr17	69890921	69916983	26062	8	3	2	0	mutual_excl	mutual_excl	2-1	2-1	True	13	0.234	0.188	gain	TP	TP
chr17	70314452	70348843	34391	3	2	1	0	mutual_excl	mutual_excl	2-1	2-1	True	6	0.177	0.153	gain	TP	TP
chr17	70519435	70533537	14102	28	5	8	0	mutual_excl	mutual_excl	2-1	2-1	True	41	0.157	0.185	gain	TP	TP
chr17	71153699	71175518	21819	0	15	9	0	mutual_excl	mutual_excl	2-1	2-1	True	24	0.361	0.571	gain	TP	TP
chr17	71153699	71182308	28609	7	3	4	0	mutual_excl	mutual_excl	2-1	2-1	True	14	0.361	0.204	gain	TP	TP
chr17	71271023	71273692	2669	51	27	46	0	mutual_excl	mutual_excl	1-1	1-1	True	124	0.369	0.226	gain	TP	TP
chr17	71273692	71292145	18453	18	14	8	0	mutual_excl	mutual_excl	1-1	1-1	True	40	0.226	0.447	gain	TP	TP
chr17	71507165	71528195	21030	10	4	12	0	mutual_excl	mutual_excl	2-1	2-1	True	26	0.387	0.214	gain	TP	TP
chr17	72044253	72073615	29362	4	5	1	0	mutual_excl	mutual_excl	2-1	2-1	True	10	0.153	0.632	gain	TP	TP
chr17	72196932	72224109	27177	13	1	1	0	mutual_excl	mutual_excl	2-1	2-1	True	15	0.214	0.076	gain	TP	FP
chr17	72215305	72224109	8804	49	5	13	0	mutual_excl	mutual_excl	2-1	2-1	True	67	0.196	0.076	gain	TP	FP
chr17	72372611	72391712	19101	11	5	4	0	mutual_excl	mutual_excl	2-1	2-1	True	20	0.35	0.263	gain	TP	TP
chr17	73270388	73271678	1290	5	47	53	0	mutual_excl	mutual_excl	1-1	1-1	True	105	0.5	0.435	gain	TP	TP
chr17	73336206	73351860	15654	9	7	10	0	mutual_excl	mutual_excl	1-1	1-1	True	26	0.385	0.265	gain	TP	TP
chr17	73637466	73660014	22548	0	10	8	0	mutual_excl	mutual_excl	1-1	1-1	True	18	0.441	0.473	gain	TP	TP
chr17	73660014	73674715	14701	9	11	14	0	mutual_excl	mutual_excl	1-1	1-1	True	34	0.473	0.183	gain	TP	TP
chr17	74299542	74321043	21501	1	6	11	0	mutual_excl	mutual_excl	1-1	1-1	True	18	0.504	0.51	gain	TP	TP
chr17	74561759	74581535	19776	17	3	5	0	mutual_excl	mutual_excl	2-1	2-1	True	25	0.21	0.179	gain	TP	TP
chr17	74729907	74748666	18759	1	11	7	0	mutual_excl	mutual_excl	2-1	2-1	True	19	0.387	0.453	gain	TP	TP
chr17	74951140	74976832	25692	5	4	1	0	mutual_excl	mutual_excl	2-1	2-1	True	10	0.185	0.196	gain	TP	TP
chr17	76680930	76701209	20279	16	6	4	0	mutual_excl	mutual_excl	2-1	2-1	True	26	0.209	0.241	gain	TP	TP
chr17	78484883	78508028	23145	6	6	1	0	mutual_excl	mutual_excl	1-1	1-1	True	13	0.196	0.267	gain	TP	TP
chr17	78488908	78508028	19120	8	7	3	0	mutual_excl	mutual_excl	1-1	1-1	True	18	0.228	0.267	gain	TP	TP
chr17	78488909	78508028	19119	8	7	3	0	mutual_excl	mutual_excl	1-1	1-1	True	18	0.225	0.267	gain	TP	TP
chr17	79073389	79074189	800	35	18	49	0	mutual_excl	mutual_excl	1-1	1-1	True	102	0.464	0.165	gain	TP	TP
chr17	79603863	79635336	31473	2	2	7	0	mutual_excl	mutual_excl	2-1	2-1	True	11	0.496	0.426	gain	TP	TP
chr17	79622550	79635336	12786	10	17	14	0	mutual_excl	mutual_excl	2-1	2-1	True	41	0.35	0.426	gain	TP	TP
chr17	79997828	80020081	22253	13	1	1	0	mutual_excl	mutual_excl	2-1	2-1	True	15	0.164	0.156	gain	TP	TP
chr17	79997828	80021160	23332	12	1	1	0	mutual_excl	mutual_excl	2-1	2-1	True	14	0.164	0.167	gain	TP	TP
chr17	80033852	80062263	28411	8	3	1	0	mutual_excl	mutual_excl	2-1	2-1	True	12	0.148	0.384	gain	TP	TP
chr17	80042586	80062263	19677	21	12	3	0	mutual_excl	mutual_excl	2-1	2-1	True	36	0.158	0.384	gain	TP	TP
chr17	80045142	80062263	17121	24	15	4	0	mutual_excl	mutual_excl	2-1	2-1	True	43	0.15	0.384	gain	TP	TP
chr17	80050160	80062263	12103	32	24	10	0	mutual_excl	mutual_excl	2-1	2-1	True	66	0.144	0.384	gain	TP	TP
chr17	80062263	80072099	9836	30	7	21	0	mutual_excl	mutual_excl	2-1	2-1	True	58	0.384	0.209	gain	TP	TP
chr17	80062263	80072284	10021	29	9	21	0	mutual_excl	mutual_excl	2-1	2-1	True	59	0.384	0.219	gain	TP	TP
chr17	81012836	81013920	1084	63	52	17	0	mutual_excl	mutual_excl	1-1	1-1	True	132	0.133	0.409	gain	TP	TP
chr17	81634101	81657280	23179	8	13	4	0	mutual_excl	mutual_excl	1-1	1-1	True	25	0.173	0.582	gain	TP	TP
chr17	81887034	81906207	19173	5	4	13	0	mutual_excl	mutual_excl	1-1	1-1	True	22	0.568	0.176	loh	TP	TP
chr17	81902393	81906207	3814	41	13	29	0	mutual_excl	mutual_excl	1-1	1-1	True	83	0.372	0.176	loh	TP	TP
chr17	82292341	82294206	1865	55	46	24	0	mutual_excl	mutual_excl	2-1	2-1	True	125	0.18	0.358	loh	TP	TP
chr17	82292341	82310860	18519	25	7	2	0	mutual_excl	mutual_excl	2-1	2-1	True	34	0.18	0.208	loh	TP	TP
chr17	82292341	82316017	23676	19	2	1	0	mutual_excl	mutual_excl	2-1	2-1	True	22	0.18	0.201	loh	TP	TP
chr17	82294206	82304343	10137	32	10	23	0	mutual_excl	mutual_excl	2-1	2-1	True	65	0.358	0.216	loh	TP	TP
chr17	82294206	82310860	16654	16	9	16	0	mutual_excl	mutual_excl	2-1	2-1	True	41	0.358	0.208	loh	TP	TP
chr17	82304343	82310860	6517	54	21	19	0	mutual_excl	mutual_excl	2-1	2-1	True	94	0.216	0.208	loh	TP	TP
chr17	82304343	82316017	11674	41	8	13	0	mutual_excl	mutual_excl	2-1	2-1	True	62	0.216	0.201	loh	TP	TP
chr17	82310860	82316017	5157	60	15	18	0	mutual_excl	mutual_excl	2-1	2-1	True	93	0.208	0.201	loh	TP	TP
chr17	82310860	82337395	26535	13	4	3	0	mutual_excl	mutual_excl	2-1	2-1	True	20	0.208	0.166	loh	TP	TP
chr17	82316017	82337395	21378	17	4	6	0	mutual_excl	mutual_excl	2-1	2-1	True	27	0.201	0.166	loh	TP	TP
chr17	82383191	82413499	30308	8	3	3	0	mutual_excl	mutual_excl	2-1	2-1	True	14	0.181	0.208	loh	TP	TP
chr22	18976247	18997796	21549	3	3	2	0	mutual_excl	mutual_excl	1-1	1-1	True	8	0.077	0.469	loh	FP	TP
chr22	19915670	19919235	3565	25	1	12	0	mutual_excl	mutual_excl	1-1	1-1	True	38	0.388	0.114	loh	TP	FP
chr22	22848614	22857412	8798	5	43	26	0	mutual_excl	mutual_excl	1-1	1-1	True	74	0.415	0.409	gain	TP	TP
chr22	24306078	24333341	27263	11	1	2	0	mutual_excl	mutual_excl	2-1	2-1	True	14	0.21	0.124	gain	TP	TP
chr22	24843639	24860052	16413	20	6	9	0	mutual_excl	mutual_excl	2-1	2-1	True	35	0.245	0.144	gain	TP	TP
chr22	27568263	27601060	32797	4	3	2	0	mutual_excl	mutual_excl	1-1	1-1	True	9	0.203	0.142	gain	TP	TP
chr22	28159947	28182564	22617	9	8	6	0	mutual_excl	mutual_excl	1-1	1-1	True	23	0.394	0.274	gain	TP	TP
chr22	30190073	30191136	1063	66	37	22	0	mutual_excl	mutual_excl	2-1	2-1	True	125	0.174	0.289	gain	TP	TP
chr22	30190073	30209820	19747	15	15	6	0	mutual_excl	mutual_excl	2-1	2-1	True	36	0.174	0.248	gain	TP	TP
chr22	37260989	37276127	15138	21	26	7	0	mutual_excl	mutual_excl	1-1	1-1	True	54	0.125	0.485	gain	TP	TP
chr22	37353377	37374978	21601	14	7	4	0	mutual_excl	mutual_excl	1-1	1-1	True	25	0.112	0.147	gain	TP	TP
chr22	37415471	37436920	21449	11	7	4	0	mutual_excl	mutual_excl	1-1	1-1	True	22	0.182	0.503	gain	TP	TP
chr22	38704990	38713838	8848	3	14	20	0	mutual_excl	mutual_excl	2-1	2-1	True	37	0.657	0.33	gain	TP	TP
chr22	39031339	39059398	28059	0	4	3	0	mutual_excl	mutual_excl	2-1	2-1	True	7	0.804	0.241	gain	TP	TP
chr22	39309876	39339153	29277	5	1	1	0	mutual_excl	mutual_excl	1-1	1-1	True	7	0.153	0.188	gain	TP	TP
chr22	40015144	40050562	35418	3	1	3	0	mutual_excl	mutual_excl	2-1	2-1	True	7	0.176	0.128	gain	TP	TP
chr22	41287999	41301487	13488	1	8	33	0	mutual_excl	mutual_excl	3	3	True	42	0.725	0.273	gain	TP	TP
chr22	41287999	41301617	13618	2	8	33	0	mutual_excl	mutual_excl	3	3	True	43	0.725	0.25	gain	TP	TP
chr22	41524891	41554515	29624	0	8	4	0	mutual_excl	mutual_excl	1-1	1-1	True	12	0.283	0.746	gain	TP	TP
chr22	41525424	41554515	29091	0	9	4	0	mutual_excl	mutual_excl	1-1	1-1	True	13	0.287	0.746	gain	TP	TP
chr22	43595465	43613064	17599	0	17	7	0	mutual_excl	mutual_excl	2-1	2-1	True	24	0.235	0.72	gain	TP	TP
chr22	43734826	43741533	6707	4	28	53	0	mutual_excl	mutual_excl	2-1	2-1	True	85	0.669	0.307	gain	TP	TP
chr22	44379027	44381091	2064	52	23	9	0	mutual_excl	mutual_excl	2-1	2-1	True	84	0.143	0.275	gain	TP	TP
chr22	44381091	44396017	14926	1	22	7	0	mutual_excl	mutual_excl	2-1	2-1	True	30	0.275	0.697	gain	TP	TP
chr22	45322977	45330831	7854	50	11	7	0	mutual_excl	mutual_excl	2-1	2-1	True	68	0.099	0.183	gain	FP	TP
chr22	45676667	45707496	30829	2	5	3	0	mutual_excl	mutual_excl	2-1	2-1	True	10	0.198	0.242	gain	TP	TP
chr22	46127065	46140427	13362	1	7	26	0	mutual_excl	mutual_excl	2-1	2-1	True	34	0.77	0.175	gain	TP	TP
chr22	46256399	46257699	1300	18	19	47	0	mutual_excl	mutual_excl	2-1	2-1	True	84	0.531	0.208	gain	TP	TP
chr22	46256399	46264088	7689	7	9	30	0	mutual_excl	mutual_excl	2-1	2-1	True	46	0.531	0.231	gain	TP	TP
chr22	48045239	48076084	30845	1	2	6	0	mutual_excl	mutual_excl	1-1	1-1	True	9	0.713	0.226	gain	TP	TP
chr22	48076084	48096506	20422	5	19	6	0	mutual_excl	mutual_excl	1-1	1-1	True	30	0.226	0.585	gain	TP	TP
chr22	49665236	49690639	25403	10	5	3	0	mutual_excl	mutual_excl	2-1	2-1	True	18	0.21	0.316	gain	TP	FP
chr22	49784479	49800850	16371	8	6	12	0	mutual_excl	mutual_excl	2-1	2-1	True	26	0.37	0.16	gain	TP	TP
chr22	50243801	50281816	38015	1	2	3	0	mutual_excl	mutual_excl	1-1	1-1	True	6	0.677	0.207	loh	TP	TP
chr22	50281816	50295563	13747	2	30	10	0	mutual_excl	mutual_excl	1-1	1-1	True	42	0.207	0.766	loh	TP	TP
chr22	50383323	50404573	21250	5	10	10	0	mutual_excl	mutual_excl	1-1	1-1	True	25	0.573	0.134	loh	TP	TP
chr3	3562577	3576280	13703	6	9	4	0	mutual_excl	mutual_excl	2-1	2-1	True	19	0.311	0.297	gain	TP	TP
chr3	6521448	6540283	18835	13	2	6	0	mutual_excl	mutual_excl	2-1	2-1	True	21	0.298	0.06	gain	TP	FP
chr3	7073319	7090479	17160	4	8	6	0	mutual_excl	mutual_excl	2-1	2-1	True	18	0.261	0.325	gain	TP	TP
chr3	7073320	7090479	17159	4	8	6	0	mutual_excl	mutual_excl	2-1	2-1	True	18	0.261	0.325	gain	TP	TP
chr3	11265138	11265445	307	43	28	23	0	mutual_excl	mutual_excl	1-1	1-1	True	94	0.24	0.286	gain	TP	TP
chr3	11770728	11795001	24273	5	3	3	0	mutual_excl	mutual_excl	2-1	2-1	True	11	0.389	0.273	gain	TP	TP
chr3	11949560	11952948	3388	24	18	19	0	mutual_excl	mutual_excl	2-1	2-1	True	61	0.29	0.307	gain	TP	TP
chr3	13656805	13681325	24520	7	5	1	0	mutual_excl	mutual_excl	2-1	2-1	True	13	0.094	0.277	gain	TP	TP
chr3	15019233	15024886	5653	20	22	24	0	mutual_excl	mutual_excl	1-1	1-1	True	66	0.301	0.39	gain	TP	TP
chr3	17671645	17683154	11509	13	10	4	0	mutual_excl	mutual_excl	2-1	2-1	True	27	0.274	0.31	gain	TP	TP
chr3	17671645	17683155	11510	13	10	4	0	mutual_excl	mutual_excl	2-1	2-1	True	27	0.274	0.314	gain	TP	TP
chr3	22059250	22083238	23988	0	4	3	0	mutual_excl	mutual_excl	1-1	1-1	True	7	0.287	0.329	gain	TP	TP
chr3	39789541	39798016	8475	8	8	13	0	mutual_excl	mutual_excl	2-1	2-1	True	29	0.403	0.299	gain	TP	TP
chr3	39856737	39865509	8772	25	12	1	0	mutual_excl	mutual_excl	3	3	True	38	0.034	0.299	gain	FP	TP
chr3	50673598	50680428	6830	15	14	14	0	mutual_excl	mutual_excl	2-1	2-1	True	43	0.3	0.325	gain	TP	TP
chr3	55494834	55499103	4269	15	18	10	0	mutual_excl	mutual_excl	1-1	1-1	True	43	0.282	0.433	gain	TP	TP
chr3	56724732	56740534	15802	3	7	3	0	mutual_excl	mutual_excl	3	3	True	13	0.326	0.416	gain	TP	TP
chr3	64654041	64680181	26140	0	5	2	0	mutual_excl	mutual_excl	1-1	1-1	True	7	0.367	0.459	loh	TP	TP
chr3	68828587	68833953	5366	2	14	12	0	mutual_excl	mutual_excl	1-1	1-1	True	28	0.423	0.396	loh	TP	TP
chr3	79457769	79465137	7368	6	14	14	0	mutual_excl	mutual_excl	2-1	2-1	True	34	0.394	0.386	loh	TP	TP
chr3	90407867	90431453	23586	11	2	2	0	mutual_excl	mutual_excl	2-1	2-1	True	15	0.237	0.202	gain	TP	TP
chr3	94165782	94198655	32873	0	4	2	0	mutual_excl	mutual_excl	1-1	1-1	True	6	0.4	0.446	loh	TP	TP
chr3	98118002	98138181	20179	3	1	6	0	mutual_excl	mutual_excl	2-1	2-1	True	10	0.47	0.087	loh	TP	FP
chr3	98138181	98150823	12642	8	8	2	0	mutual_excl	mutual_excl	2-1	2-1	True	18	0.087	0.42	loh	FP	TP
chr3	98494005	98524711	30706	0	5	2	0	mutual_excl	mutual_excl	2-1	2-1	True	7	0.394	0.459	loh	TP	TP
chr3	104243124	104249443	6319	16	3	20	0	mutual_excl	mutual_excl	1-1	1-1	True	39	0.525	0.062	loh	TP	FP
chr3	109696172	109714488	18316	1	5	2	0	mutual_excl	mutual_excl	2-1	2-1	True	8	0.5	0.451	loh	TP	TP
chr3	113879362	113890853	11491	2	15	9	0	mutual_excl	mutual_excl	2-1	2-1	True	26	0.382	0.588	loh	TP	TP
chr3	118416245	118424343	8098	7	14	3	0	mutual_excl	mutual_excl	2-1	2-1	True	24	0.326	0.542	loh	TP	TP
chr3	121824737	121841376	16639	0	1	12	0	mutual_excl	mutual_excl	1-1	1-1	True	13	0.922	0.059	loh	TP	FP
chr3	121824737	121842653	17916	0	1	11	0	mutual_excl	mutual_excl	1-1	1-1	True	12	0.922	0.086	loh	TP	FP
chr3	125828766	125834818	6052	0	17	14	0	mutual_excl	mutual_excl	2-1	2-1	True	31	0.5	0.431	loh	TP	TP
chr3	126656127	126668351	12224	9	7	10	0	mutual_excl	mutual_excl	3	3	True	26	0.443	0.36	loh	TP	TP
chr3	126808994	126810067	1073	0	38	3	0	mutual_excl	mutual_excl	2-1	2-1	True	41	0.061	0.939	loh	FP	TP
chr3	126810067	126820819	10752	0	3	14	0	mutual_excl	mutual_excl	2-1	2-1	True	17	0.939	0.058	loh	TP	FP
chr3	127679910	127690188	10278	29	6	9	0	mutual_excl	mutual_excl	2-1	2-1	True	44	0.224	0.174	loh	TP	TP
chr3	127912458	127948631	36173	0	3	3	0	mutual_excl	mutual_excl	1-1	1-1	True	6	0.29	0.409	loh	TP	TP
chr3	127948631	127962164	13533	3	11	10	0	mutual_excl	mutual_excl	1-1	1-1	True	24	0.409	0.467	loh	TP	TP
chr3	127962164	127981978	19814	2	10	6	0	mutual_excl	mutual_excl	1-1	1-1	True	18	0.467	0.473	loh	TP	TP
chr3	128944040	128967818	23778	9	3	1	0	mutual_excl	mutual_excl	1-1	1-1	True	13	0.241	0.276	loh	TP	TP
chr3	129561740	129587014	25274	6	5	1	0	mutual_excl	mutual_excl	1-1	1-1	True	12	0.215	0.279	loh	TP	TP
chr3	130285026	130294455	9429	33	12	12	0	mutual_excl	mutual_excl	1-1	1-1	True	57	0.212	0.191	gain	TP	TP
chr3	130409353	130430574	21221	5	2	9	0	mutual_excl	mutual_excl	1-1	1-1	True	16	0.448	0.212	gain	TP	TP
chr3	130416983	130430574	13591	15	6	9	0	mutual_excl	mutual_excl	1-1	1-1	True	30	0.269	0.212	gain	TP	TP
chr3	130815054	130843861	28807	0	5	5	0	mutual_excl	mutual_excl	1-1	1-1	True	10	0.463	0.412	gain	TP	TP
chr3	130822679	130843861	21182	1	9	7	0	mutual_excl	mutual_excl	1-1	1-1	True	17	0.458	0.412	gain	TP	TP
chr3	130831393	130843861	12468	17	19	7	0	mutual_excl	mutual_excl	1-1	1-1	True	43	0.18	0.412	gain	TP	TP
chr3	130831393	130866320	34927	4	2	1	0	mutual_excl	mutual_excl	1-1	1-1	True	7	0.18	0.226	gain	TP	TP
chr3	131999746	132003625	3879	41	22	18	0	mutual_excl	mutual_excl	1-1	1-1	True	81	0.255	0.278	gain	TP	TP
chr3	132030904	132051586	20682	0	11	15	0	mutual_excl	mutual_excl	1-1	1-1	True	26	0.584	0.438	gain	TP	TP
chr3	132051586	132056771	5185	1	48	35	0	mutual_excl	mutual_excl	1-1	1-1	True	84	0.438	0.509	gain	TP	TP
chr3	132831908	132850729	18821	6	5	10	0	mutual_excl	mutual_excl	1-1	1-1	True	21	0.586	0.352	gain	TP	TP
chr3	132913773	132936033	22260	8	6	3	0	mutual_excl	mutual_excl	1-1	1-1	True	17	0.212	0.235	gain	TP	TP
chr3	133007070	133030482	23412	5	3	3	0	mutual_excl	mutual_excl	1-1	1-1	True	11	0.182	0.264	gain	TP	TP
chr3	133030482	133054325	23843	3	5	4	0	mutual_excl	mutual_excl	1-1	1-1	True	12	0.264	0.5	gain	TP	TP
chr3	133327460	133354096	26636	4	2	1	0	mutual_excl	mutual_excl	1-1	1-1	True	7	0.212	0.327	gain	TP	TP
chr3	133528928	133534946	6018	28	18	8	0	mutual_excl	mutual_excl	1-1	1-1	True	54	0.187	0.27	gain	TP	TP
chr3	133800124	133812997	12873	14	12	23	0	mutual_excl	mutual_excl	1-1	1-1	True	49	0.449	0.227	gain	TP	TP
chr3	134451082	134451103	21	19	60	24	0	mutual_excl	mutual_excl	1-1	1-1	True	103	0.22	0.581	gain	TP	TP
chr3	134511679	134538596	26917	5	3	5	0	mutual_excl	mutual_excl	1-1	1-1	True	13	0.225	0.214	gain	TP	TP
chr3	134538596	134539851	1255	33	45	20	0	mutual_excl	mutual_excl	1-1	1-1	True	98	0.214	0.5	gain	TP	TP
chr3	134812684	134830626	17942	14	2	9	0	mutual_excl	mutual_excl	1-1	1-1	True	25	0.287	0.225	gain	TP	TP
chr3	135119404	135147392	27988	4	8	1	0	mutual_excl	mutual_excl	1-1	1-1	True	13	0.305	0.49	gain	TP	TP
chr3	135299683	135312089	12406	13	9	22	0	mutual_excl	mutual_excl	1-1	1-1	True	44	0.509	0.23	gain	TP	TP
chr3	137463852	137476107	12255	21	6	16	0	mutual_excl	mutual_excl	1-1	1-1	True	43	0.371	0.108	gain	TP	TP
chr3	138854852	138878093	23241	1	10	7	0	mutual_excl	mutual_excl	2-1	2-1	True	18	0.394	0.584	gain	TP	TP
chr3	138854852	138881302	26450	0	6	5	0	mutual_excl	mutual_excl	2-1	2-1	True	11	0.394	0.624	gain	TP	TP
chr3	139075546	139096204	20658	7	9	6	0	mutual_excl	mutual_excl	2-1	2-1	True	22	0.345	0.322	gain	TP	TP
chr3	139310112	139313705	3593	45	16	34	0	mutual_excl	mutual_excl	2-1	2-1	True	95	0.365	0.189	gain	TP	TP
chr3	139311968	139313705	1737	73	20	16	0	mutual_excl	mutual_excl	2-1	2-1	True	109	0.174	0.189	gain	TP	TP
chr3	139696409	139705685	9276	35	14	14	0	mutual_excl	mutual_excl	2-1	2-1	True	63	0.212	0.264	gain	TP	TP
chr3	142267156	142274009	6853	5	36	30	0	mutual_excl	mutual_excl	2-1	2-1	True	71	0.358	0.479	gain	TP	TP
chr3	142807736	142826696	18960	0	15	8	0	mutual_excl	mutual_excl	2-1	2-1	True	23	0.406	0.527	gain	TP	TP
chr3	143178960	143193655	14695	9	10	4	0	mutual_excl	mutual_excl	2-1	2-1	True	23	0.204	0.446	gain	TP	TP
chr3	143582658	143606930	24272	3	2	1	0	mutual_excl	mutual_excl	2-1	2-1	True	6	0.207	0.469	gain	TP	TP
chr3	143875630	143898991	23361	0	9	4	0	mutual_excl	mutual_excl	2-1	2-1	True	13	0.523	0.526	gain	TP	TP
chr3	143878954	143898991	20037	2	12	3	0	mutual_excl	mutual_excl	2-1	2-1	True	17	0.495	0.526	gain	TP	TP
chr3	144021970	144039022	17052	8	9	14	0	mutual_excl	mutual_excl	2-1	2-1	True	31	0.437	0.171	gain	TP	TP
chr3	144447184	144475121	27937	3	1	3	0	mutual_excl	mutual_excl	2-1	2-1	True	7	0.238	0.139	gain	TP	TP
chr3	145527224	145528603	1379	52	18	38	0	mutual_excl	mutual_excl	2-1	2-1	True	108	0.352	0.183	gain	TP	TP
chr3	145740046	145744205	4159	23	10	30	0	mutual_excl	mutual_excl	2-1	2-1	True	63	0.424	0.216	gain	TP	TP
chr3	146538800	146574769	35969	0	5	3	0	mutual_excl	mutual_excl	1-1	1-1	True	8	0.459	0.239	gain	TP	TP
chr3	146999899	147005097	5198	48	13	5	0	mutual_excl	mutual_excl	1-1	1-1	True	66	0.153	0.196	gain	TP	TP
chr3	147133397	147173511	40114	2	1	5	0	mutual_excl	mutual_excl	1-1	1-1	True	8	0.43	0.302	gain	TP	TP
chr3	147651029	147658031	7002	18	15	31	0	mutual_excl	mutual_excl	2-1	2-1	True	64	0.457	0.194	gain	TP	TP
chr3	148087172	148107598	20426	5	11	6	0	mutual_excl	mutual_excl	1-1	1-1	True	22	0.257	0.587	gain	TP	TP
chr3	148087173	148107598	20425	5	11	6	0	mutual_excl	mutual_excl	1-1	1-1	True	22	0.24	0.587	gain	TP	TP
chr3	148453224	148458048	4824	4	48	30	0	mutual_excl	mutual_excl	2-1	2-1	True	82	0.406	0.549	gain	TP	TP
chr3	148458048	148470331	12283	16	8	39	0	mutual_excl	mutual_excl	2-1	2-1	True	63	0.549	0.213	gain	TP	TP
chr3	149199371	149212078	12707	22	9	8	0	mutual_excl	mutual_excl	1-1	1-1	True	39	0.256	0.229	gain	TP	TP
chr3	149889554	149902634	13080	15	12	14	0	mutual_excl	mutual_excl	1-1	1-1	True	41	0.395	0.245	gain	TP	TP
chr3	150028648	150054645	25997	5	2	6	0	mutual_excl	mutual_excl	2-1	2-1	True	13	0.225	0.519	gain	FP	TP
chr3	150127230	150135852	8622	36	14	10	0	mutual_excl	mutual_excl	2-1	2-1	True	60	0.197	0.186	gain	FP	TP
chr3	150127230	150162255	35025	5	2	2	0	mutual_excl	mutual_excl	2-1	2-1	True	9	0.197	0.243	gain	FP	TP
chr3	150127231	150135852	8621	36	14	11	0	mutual_excl	mutual_excl	2-1	2-1	True	61	0.203	0.186	gain	FP	TP
chr3	150127231	150162255	35024	5	1	3	0	mutual_excl	mutual_excl	2-1	2-1	True	9	0.203	0.243	gain	FP	TP
chr3	150135852	150162255	26403	9	4	3	0	mutual_excl	mutual_excl	2-1	2-1	True	16	0.186	0.243	gain	TP	TP
chr3	152538015	152540118	2103	17	24	49	0	mutual_excl	mutual_excl	2-1	2-1	True	90	0.549	0.231	gain	TP	TP
chr3	152685292	152709485	24193	8	4	1	0	mutual_excl	mutual_excl	2-1	2-1	True	13	0.173	0.185	gain	TP	TP
chr3	153673408	153678669	5261	20	19	36	0	mutual_excl	mutual_excl	1-1	1-1	True	75	0.456	0.246	gain	TP	TP
chr3	153678669	153685644	6975	17	30	15	0	mutual_excl	mutual_excl	1-1	1-1	True	62	0.246	0.5	gain	TP	TP
chr3	153685644	153717775	32131	1	4	4	0	mutual_excl	mutual_excl	1-1	1-1	True	9	0.5	0.225	gain	TP	TP
chr3	153834523	153843873	9350	13	13	31	0	mutual_excl	mutual_excl	1-1	1-1	True	57	0.505	0.221	gain	TP	TP
chr3	154406681	154409191	2510	17	45	4	0	mutual_excl	mutual_excl	1-1	1-1	True	66	0.126	0.6	gain	TP	TP
chr3	154406681	154413507	6826	25	24	4	0	mutual_excl	mutual_excl	1-1	1-1	True	53	0.126	0.361	gain	TP	TP
chr3	154787889	154807816	19927	11	9	4	0	mutual_excl	mutual_excl	2-1	2-1	True	24	0.177	0.308	gain	TP	TP
chr3	154807816	154830916	23100	1	10	4	0	mutual_excl	mutual_excl	2-1	2-1	True	15	0.308	0.549	gain	TP	TP
chr3	155954236	155976484	22248	1	10	9	0	mutual_excl	mutual_excl	1-1	1-1	True	20	0.458	0.466	gain	TP	TP
chr3	156132687	156141140	8453	0	27	35	0	mutual_excl	mutual_excl	2-1	2-1	True	62	0.558	0.532	gain	TP	TP
chr3	156325423	156349695	24272	8	2	1	0	mutual_excl	mutual_excl	1-1	1-1	True	11	0.192	0.247	gain	TP	TP
chr3	156328148	156349695	21547	10	5	2	0	mutual_excl	mutual_excl	1-1	1-1	True	17	0.225	0.247	gain	TP	TP
chr3	156659211	156683806	24595	5	4	4	0	mutual_excl	mutual_excl	1-1	1-1	True	13	0.279	0.473	gain	TP	TP
chr3	156659211	156690496	31285	3	3	2	0	mutual_excl	mutual_excl	1-1	1-1	True	8	0.279	0.514	gain	TP	TP
chr3	156908371	156921503	13132	2	16	23	0	mutual_excl	mutual_excl	1-1	1-1	True	41	0.478	0.409	gain	TP	TP
chr3	156908371	156934965	26594	5	3	6	0	mutual_excl	mutual_excl	1-1	1-1	True	14	0.478	0.214	gain	TP	TP
chr3	158218807	158227209	8402	2	23	22	0	mutual_excl	mutual_excl	1-1	1-1	True	47	0.45	0.495	gain	TP	TP
chr3	158538672	158551632	12960	26	3	1	0	mutual_excl	mutual_excl	1-1	1-1	True	30	0.041	0.271	gain	FP	TP
chr3	158543768	158551632	7864	19	7	21	0	mutual_excl	mutual_excl	1-1	1-1	True	47	0.453	0.271	gain	TP	TP
chr3	158894579	158922621	28042	1	2	7	0	mutual_excl	mutual_excl	2-1	2-1	True	10	0.482	0.243	gain	TP	TP
chr3	158993678	159027373	33695	4	1	1	0	mutual_excl	mutual_excl	2-1	2-1	True	6	0.232	0.271	gain	TP	TP
chr3	161014897	161038930	24033	6	4	11	0	mutual_excl	mutual_excl	2-1	2-1	True	21	0.439	0.202	gain	TP	TP
chr3	161027036	161038930	11894	28	9	5	0	mutual_excl	mutual_excl	2-1	2-1	True	42	0.2	0.202	gain	TP	TP
chr3	161631079	161651816	20737	5	4	4	0	mutual_excl	mutual_excl	2-1	2-1	True	13	0.325	0.173	gain	TP	TP
chr3	162373883	162386222	12339	6	10	1	0	mutual_excl	mutual_excl	3	3	True	17	0.095	0.478	loh	FP	TP
chr3	163921644	163926119	4475	3	6	14	0	mutual_excl	mutual_excl	2-1	2-1	True	23	0.568	0.324	loh	TP	TP
chr3	168092778	168120303	27525	0	5	2	0	mutual_excl	mutual_excl	1-1	1-1	True	7	0.114	0.898	neutral	FP	TP
chr3	169547530	169547930	400	52	28	29	0	mutual_excl	mutual_excl	1-1	1-1	True	109	0.264	0.254	gain	TP	TP
chr3	169894152	169904752	10600	14	7	14	0	mutual_excl	mutual_excl	1-1	1-1	True	35	0.337	0.241	gain	TP	TP
chr3	170011766	170034801	23035	4	3	3	0	mutual_excl	mutual_excl	2-1	2-1	True	10	0.175	0.324	gain	TP	TP
chr3	170992867	171016718	23851	5	3	4	0	mutual_excl	mutual_excl	1-1	1-1	True	12	0.268	0.244	gain	TP	TP
chr3	171260504	171284973	24469	3	4	4	0	mutual_excl	mutual_excl	2-1	2-1	True	11	0.218	0.287	gain	TP	TP
chr3	171263535	171284973	21438	5	4	4	0	mutual_excl	mutual_excl	2-1	2-1	True	13	0.22	0.287	gain	TP	TP
chr3	172914797	172918259	3462	32	19	22	0	mutual_excl	mutual_excl	1-1	1-1	True	73	0.259	0.258	gain	TP	TP
chr3	172914798	172918259	3461	29	18	23	0	mutual_excl	mutual_excl	1-1	1-1	True	70	0.277	0.258	gain	TP	TP
chr3	174766351	174787982	21631	7	2	5	0	mutual_excl	mutual_excl	1-1	1-1	True	14	0.234	0.13	gain	TP	TP
chr3	175065231	175083604	18373	15	4	5	0	mutual_excl	mutual_excl	2-1	2-1	True	24	0.237	0.162	gain	TP	TP
chr3	175864307	175885587	21280	2	2	6	0	mutual_excl	mutual_excl	1-1	1-1	True	10	0.229	0.22	gain	TP	TP
chr3	175871480	175885587	14107	9	5	7	0	mutual_excl	mutual_excl	1-1	1-1	True	21	0.261	0.22	gain	TP	TP
chr3	177274612	177277603	2991	33	16	46	0	mutual_excl	mutual_excl	3	3	True	95	0.438	0.203	gain	TP	TP
chr3	178198095	178204277	6182	26	8	14	0	mutual_excl	mutual_excl	1-1	1-1	True	48	0.236	0.222	gain	TP	TP
chr3	178453951	178480520	26569	5	4	2	0	mutual_excl	mutual_excl	1-1	1-1	True	11	0.196	0.316	gain	TP	TP
chr3	178649756	178676440	26684	2	3	1	0	mutual_excl	mutual_excl	2-1	2-1	True	6	0.287	0.247	gain	TP	TP
chr3	179249248	179264648	15400	20	2	5	0	mutual_excl	mutual_excl	1-1	1-1	True	27	0.238	0.204	gain	TP	TP
chr3	181638195	181650928	12733	14	6	3	0	mutual_excl	mutual_excl	1-1	1-1	True	23	0.25	0.169	gain	TP	TP
chr3	181676604	181696093	19489	7	6	4	0	mutual_excl	mutual_excl	1-1	1-1	True	17	0.245	0.288	gain	TP	TP
chr3	181788286	181803853	15567	11	8	5	0	mutual_excl	mutual_excl	1-1	1-1	True	24	0.294	0.213	gain	TP	TP
chr3	181803853	181824444	20591	8	2	3	0	mutual_excl	mutual_excl	1-1	1-1	True	13	0.213	0.286	gain	TP	TP
chr3	182716474	182737748	21274	5	14	5	0	mutual_excl	mutual_excl	2-1	2-1	True	24	0.194	0.417	gain	TP	TP
chr3	183147280	183156659	9379	32	5	17	0	mutual_excl	mutual_excl	1-1	1-1	True	54	0.252	0.157	gain	TP	TP
chr3	183228132	183250297	22165	10	4	6	0	mutual_excl	mutual_excl	1-1	1-1	True	20	0.248	0.226	gain	TP	TP
chr3	185187637	185197988	10351	4	15	20	0	mutual_excl	mutual_excl	3	3	True	39	0.576	0.333	gain	TP	TP
chr3	192525926	192542716	16790	7	2	7	0	mutual_excl	mutual_excl	2-1	2-1	True	16	0.365	0.182	gain	TP	TP
chr3	196748580	196760208	11628	2	5	10	0	mutual_excl	mutual_excl	1-1	1-1	True	17	0.553	0.429	loh	TP	TP
chr8	1337508	1338808	1300	42	8	1	0	mutual_excl	mutual_excl	1-1	1-1	True	51	0.159	0.156	loh	FP	FP
chr8	2877370	2887601	10231	14	15	2	0	mutual_excl	mutual_excl	1-1	1-1	True	31	0.094	0.492	loh	FP	TP
chr8	4393752	4419719	25967	4	1	1	0	mutual_excl	mutual_excl	1-1	1-1	True	6	0.489	0.087	loh	TP	FP
chr8	13634963	13652110	17147	4	6	7	0	mutual_excl	mutual_excl	2-1	2-1	True	17	0.3	0.354	loh	TP	TP
chr8	19210340	19215142	4802	6	15	14	0	mutual_excl	mutual_excl	1-1	1-1	True	35	0.458	0.474	loh	TP	TP
chr8	19210340	19215143	4803	5	16	14	0	mutual_excl	mutual_excl	1-1	1-1	True	35	0.458	0.483	loh	TP	TP
chr8	22725703	22747662	21959	0	5	6	0	mutual_excl	mutual_excl	2-1	2-1	True	11	0.508	0.449	loh	TP	TP
chr8	22726802	22747662	20860	0	5	9	0	mutual_excl	mutual_excl	2-1	2-1	True	14	0.508	0.449	loh	TP	TP
chr8	26060737	26081229	20492	0	2	8	0	mutual_excl	mutual_excl	1-1	1-1	True	10	0.62	0.422	loh	TP	TP
chr8	31635092	31653861	18769	0	7	3	0	mutual_excl	mutual_excl	1-1	1-1	True	10	0.519	0.534	loh	TP	TP
chr8	39101366	39120429	19063	0	12	2	0	mutual_excl	mutual_excl	1-1	1-1	True	14	0.062	0.931	loh	FP	TP
chr8	41853514	41858627	5113	1	30	2	0	mutual_excl	mutual_excl	1-1	1-1	True	33	0.041	0.951	loh	FP	TP
chr8	46668377	46681965	13588	1	6	7	0	mutual_excl	mutual_excl	2-1	2-1	True	14	0.571	0.407	loh	TP	TP
chr8	46977749	46988973	11224	12	1	2	0	mutual_excl	mutual_excl	2-1	2-1	True	15	0.212	0.111	loh	TP	FP
chr8	46977749	46988982	11233	12	1	2	0	mutual_excl	mutual_excl	2-1	2-1	True	15	0.212	0.135	loh	TP	FP
chr8	52128513	52141295	12782	2	9	16	0	mutual_excl	mutual_excl	1-1	1-1	True	27	0.663	0.342	gain	TP	TP
chr8	52130929	52141295	10366	16	9	6	0	mutual_excl	mutual_excl	1-1	1-1	True	31	0.247	0.342	gain	TP	TP
chr8	53239400	53267456	28056	2	3	1	0	mutual_excl	mutual_excl	1-1	1-1	True	6	0.049	0.667	gain	FP	TP
chr8	53415228	53438625	23397	6	4	6	0	mutual_excl	mutual_excl	1-1	1-1	True	16	0.364	0.275	gain	TP	TP
chr8	54737824	54765142	27318	7	3	5	0	mutual_excl	mutual_excl	1-1	1-1	True	15	0.287	0.407	loh	TP	TP
chr8	54973260	54989445	16185	7	11	14	0	mutual_excl	mutual_excl	1-1	1-1	True	32	0.349	0.333	loh	TP	TP
chr8	54973260	54989446	16186	8	10	14	0	mutual_excl	mutual_excl	1-1	1-1	True	32	0.349	0.333	loh	TP	TP
chr8	55793684	55805261	11577	14	9	6	0	mutual_excl	mutual_excl	1-1	1-1	True	29	0.319	0.289	loh	TP	TP
chr8	55849517	55850826	1309	24	17	10	0	mutual_excl	mutual_excl	1-1	1-1	True	51	0.19	0.306	loh	TP	TP
chr8	56629236	56644762	15526	8	8	4	0	mutual_excl	mutual_excl	1-1	1-1	True	20	0.365	0.329	loh	TP	TP
chr8	57415710	57443602	27892	3	3	1	0	mutual_excl	mutual_excl	1-1	1-1	True	7	0.211	0.361	loh	TP	TP
chr8	57443602	57466553	22951	4	2	7	0	mutual_excl	mutual_excl	1-1	1-1	True	13	0.361	0.301	loh	TP	TP
chr8	57715904	57734826	18922	6	6	8	0	mutual_excl	mutual_excl	1-1	1-1	True	20	0.366	0.288	loh	TP	TP
chr8	57911088	57923178	12090	11	9	15	0	mutual_excl	mutual_excl	1-1	1-1	True	35	0.304	0.326	loh	TP	TP
chr8	57911088	57923820	12732	10	7	14	0	mutual_excl	mutual_excl	1-1	1-1	True	31	0.304	0.317	loh	TP	TP
chr8	57911088	57938296	27208	2	4	1	0	mutual_excl	mutual_excl	1-1	1-1	True	7	0.304	0.289	loh	TP	TP
chr8	58338760	58349709	10949	15	11	16	0	mutual_excl	mutual_excl	3	3	True	42	0.423	0.182	loh	TP	TP
chr8	58346246	58349709	3463	26	15	26	0	mutual_excl	mutual_excl	3	3	True	67	0.356	0.182	loh	TP	TP
chr8	58624234	58638628	14394	12	5	12	0	mutual_excl	mutual_excl	1-1	1-1	True	29	0.386	0.217	loh	TP	TP
chr8	58638628	58661520	22892	4	6	2	0	mutual_excl	mutual_excl	1-1	1-1	True	12	0.217	0.337	loh	TP	TP
chr8	58638628	58667331	28703	1	4	2	0	mutual_excl	mutual_excl	1-1	1-1	True	7	0.217	0.314	loh	TP	TP
chr8	59310456	59326334	15878	5	5	5	0	mutual_excl	mutual_excl	2-1	2-1	True	15	0.24	0.316	loh	TP	TP
chr8	59948310	59960846	12536	9	17	16	0	mutual_excl	mutual_excl	1-1	1-1	True	42	0.33	0.354	loh	TP	TP
chr8	61148458	61150977	2519	26	26	28	0	mutual_excl	mutual_excl	1-1	1-1	True	80	0.301	0.308	loh	TP	TP
chr8	61150977	61188388	37411	3	3	2	0	mutual_excl	mutual_excl	1-1	1-1	True	8	0.308	0.284	loh	TP	TP
chr8	61405772	61411324	5552	20	20	13	0	mutual_excl	mutual_excl	1-1	1-1	True	53	0.289	0.422	loh	TP	TP
chr8	61405772	61415187	9415	15	14	8	0	mutual_excl	mutual_excl	1-1	1-1	True	37	0.289	0.36	loh	TP	TP
chr8	62120358	62145059	24701	5	4	4	0	mutual_excl	mutual_excl	2-1	2-1	True	13	0.333	0.25	loh	TP	TP
chr8	62124715	62145059	20344	4	4	5	0	mutual_excl	mutual_excl	2-1	2-1	True	13	0.3	0.25	loh	TP	TP
chr8	62372580	62386080	13500	13	7	9	0	mutual_excl	mutual_excl	2-1	2-1	True	29	0.36	0.301	loh	TP	TP
chr8	63343952	63366161	22209	6	4	2	0	mutual_excl	mutual_excl	2-1	2-1	True	12	0.289	0.319	loh	TP	TP
chr8	63366161	63371280	5119	12	15	12	0	mutual_excl	mutual_excl	2-1	2-1	True	39	0.319	0.366	loh	TP	TP
chr8	64067013	64070228	3215	16	12	18	0	mutual_excl	mutual_excl	1-1	1-1	True	46	0.329	0.302	loh	TP	TP
chr8	64070228	64093393	23165	4	1	3	0	mutual_excl	mutual_excl	1-1	1-1	True	8	0.302	0.273	loh	TP	TP
chr8	64209446	64212286	2840	28	20	20	0	mutual_excl	mutual_excl	1-1	1-1	True	68	0.296	0.245	loh	TP	TP
chr8	64248454	64262692	14238	16	6	7	0	mutual_excl	mutual_excl	1-1	1-1	True	29	0.386	0.202	gain	TP	TP
chr8	64262692	64293915	31223	9	1	3	0	mutual_excl	mutual_excl	1-1	1-1	True	13	0.202	0.184	gain	TP	TP
chr8	64263445	64293915	30470	7	1	5	0	mutual_excl	mutual_excl	1-1	1-1	True	13	0.27	0.184	gain	TP	TP
chr8	65101118	65104388	3270	21	12	15	0	mutual_excl	mutual_excl	1-1	1-1	True	48	0.329	0.306	gain	TP	TP
chr8	65214686	65233978	19292	5	7	4	0	mutual_excl	mutual_excl	1-1	1-1	True	16	0.253	0.346	gain	TP	TP
chr8	65842210	65856884	14674	10	11	10	0	mutual_excl	mutual_excl	1-1	1-1	True	31	0.236	0.372	gain	TP	TP
chr8	66033140	66056127	22987	3	7	1	0	mutual_excl	mutual_excl	1-1	1-1	True	11	0.274	0.408	gain	TP	TP
chr8	66108851	66131293	22442	3	7	3	0	mutual_excl	mutual_excl	1-1	1-1	True	13	0.205	0.329	gain	TP	TP
chr8	66112980	66131293	18313	5	7	4	0	mutual_excl	mutual_excl	1-1	1-1	True	16	0.275	0.329	gain	TP	TP
chr8	66131293	66134925	3632	19	14	18	0	mutual_excl	mutual_excl	1-1	1-1	True	51	0.329	0.22	gain	TP	TP
chr8	66437526	66455506	17980	7	5	11	0	mutual_excl	mutual_excl	3	3	True	23	0.349	0.24	gain	TP	TP
chr8	66759108	66769589	10481	9	7	13	0	mutual_excl	mutual_excl	1-1	1-1	True	29	0.321	0.341	gain	TP	TP
chr8	68329720	68350838	21118	8	3	6	0	mutual_excl	mutual_excl	1-1	1-1	True	17	0.427	0.282	gain	TP	TP
chr8	68329720	68357610	27890	1	4	3	0	mutual_excl	mutual_excl	1-1	1-1	True	8	0.427	0.373	gain	TP	TP
chr8	68337433	68350838	13405	10	5	10	0	mutual_excl	mutual_excl	1-1	1-1	True	25	0.405	0.282	gain	TP	TP
chr8	68337433	68357610	20177	2	6	4	0	mutual_excl	mutual_excl	1-1	1-1	True	12	0.405	0.373	gain	TP	TP
chr8	68345577	68350838	5261	20	12	19	0	mutual_excl	mutual_excl	1-1	1-1	True	51	0.368	0.282	gain	TP	TP
chr8	68345577	68357610	12033	6	11	10	0	mutual_excl	mutual_excl	1-1	1-1	True	27	0.368	0.373	gain	TP	TP
chr8	68350838	68357610	6772	16	16	10	0	mutual_excl	mutual_excl	1-1	1-1	True	42	0.282	0.373	gain	TP	TP
chr8	68408659	68420636	11977	8	7	11	0	mutual_excl	mutual_excl	1-1	1-1	True	26	0.434	0.274	gain	TP	TP
chr8	68869680	68889708	20028	6	6	1	0	mutual_excl	mutual_excl	1-1	1-1	True	13	0.242	0.388	gain	TP	TP
chr8	69466613	69471754	5141	20	12	17	0	mutual_excl	mutual_excl	1-1	1-1	True	49	0.319	0.338	gain	TP	TP
chr8	71362098	71384040	21942	3	3	2	0	mutual_excl	mutual_excl	1-1	1-1	True	8	0.417	0.375	gain	TP	TP
chr8	72157099	72183032	25933	2	3	2	0	mutual_excl	mutual_excl	2-1	2-1	True	7	0.231	0.306	gain	TP	TP
chr8	72245756	72270753	24997	5	4	3	0	mutual_excl	mutual_excl	2-1	2-1	True	12	0.317	0.333	gain	TP	TP
chr8	72270753	72305706	34953	3	3	2	0	mutual_excl	mutual_excl	2-1	2-1	True	8	0.333	0.347	gain	TP	TP
chr8	72428799	72432719	3920	40	1	7	0	mutual_excl	mutual_excl	2-1	2-1	True	48	0.127	0.029	gain	FP	FP
chr8	72526570	72542220	15650	8	15	6	0	mutual_excl	mutual_excl	2-1	2-1	True	29	0.25	0.366	gain	TP	TP
chr8	74099977	74121917	21940	5	3	3	0	mutual_excl	mutual_excl	1-1	1-1	True	11	0.293	0.39	gain	TP	TP
chr8	74099982	74121917	21935	5	3	3	0	mutual_excl	mutual_excl	1-1	1-1	True	11	0.329	0.39	gain	TP	TP
chr8	74725023	74732851	7828	9	7	18	0	mutual_excl	mutual_excl	1-1	1-1	True	34	0.508	0.222	gain	TP	TP
chr8	74725023	74751569	26546	2	2	2	0	mutual_excl	mutual_excl	1-1	1-1	True	6	0.508	0.408	gain	TP	TP
chr8	74732851	74751569	18718	7	4	4	0	mutual_excl	mutual_excl	1-1	1-1	True	15	0.222	0.408	gain	TP	TP
chr8	75277264	75299438	22174	4	7	6	0	mutual_excl	mutual_excl	1-1	1-1	True	17	0.284	0.407	gain	TP	TP
chr8	75641987	75665491	23504	4	2	5	0	mutual_excl	mutual_excl	1-1	1-1	True	11	0.289	0.206	gain	TP	TP
chr8	75665491	75687375	21884	7	6	1	0	mutual_excl	mutual_excl	1-1	1-1	True	14	0.206	0.363	gain	TP	TP
chr8	76299201	76327973	28772	4	1	1	0	mutual_excl	mutual_excl	1-1	1-1	True	6	0.337	0.333	gain	TP	TP
chr8	77756577	77768663	12086	12	7	5	0	mutual_excl	mutual_excl	1-1	1-1	True	24	0.296	0.351	gain	TP	TP
chr8	79564238	79586074	21836	5	2	2	0	mutual_excl	mutual_excl	2-1	2-1	True	9	0.297	0.221	gain	TP	TP
chr8	79586074	79596580	10506	20	6	2	0	mutual_excl	mutual_excl	2-1	2-1	True	28	0.221	0.269	gain	TP	TP
chr8	79701951	79708355	6404	15	7	17	0	mutual_excl	mutual_excl	2-1	2-1	True	39	0.369	0.275	gain	TP	TP
chr8	79701951	79712134	10183	15	6	13	0	mutual_excl	mutual_excl	2-1	2-1	True	34	0.369	0.304	gain	TP	TP
chr8	79708355	79710304	1949	26	16	15	0	mutual_excl	mutual_excl	2-1	2-1	True	57	0.275	0.313	gain	TP	TP
chr8	79710304	79712134	1830	30	22	22	0	mutual_excl	mutual_excl	2-1	2-1	True	74	0.313	0.304	gain	TP	TP
chr8	80741906	80747966	6060	15	12	14	0	mutual_excl	mutual_excl	1-1	1-1	True	41	0.388	0.342	gain	TP	TP
chr8	80803732	80829415	25683	2	4	1	0	mutual_excl	mutual_excl	1-1	1-1	True	7	0.316	0.387	gain	TP	TP
chr8	81114617	81130367	15750	16	12	1	0	mutual_excl	mutual_excl	3	3	True	29	0.087	0.373	gain	FP	TP
chr8	81414548	81435861	21313	7	3	4	0	mutual_excl	mutual_excl	1-1	1-1	True	14	0.158	0.215	gain	FP	TP
chr8	81415786	81435861	20075	9	3	5	0	mutual_excl	mutual_excl	1-1	1-1	True	17	0.174	0.215	gain	FP	TP
chr8	81417232	81435861	18629	12	3	5	0	mutual_excl	mutual_excl	1-1	1-1	True	20	0.149	0.215	gain	FP	TP
chr8	81417803	81435861	18058	11	3	5	0	mutual_excl	mutual_excl	1-1	1-1	True	19	0.16	0.215	gain	FP	TP
chr8	81418670	81435861	17191	13	3	4	0	mutual_excl	mutual_excl	1-1	1-1	True	20	0.159	0.215	gain	FP	TP
chr8	81419428	81435861	16433	13	4	5	0	mutual_excl	mutual_excl	1-1	1-1	True	22	0.174	0.215	gain	FP	TP
chr8	81419537	81435861	16324	13	4	5	0	mutual_excl	mutual_excl	1-1	1-1	True	22	0.174	0.215	gain	FP	TP
chr8	81422195	81435861	13666	16	4	5	0	mutual_excl	mutual_excl	1-1	1-1	True	25	0.133	0.215	gain	FP	TP
chr8	81423119	81435861	12742	16	4	7	0	mutual_excl	mutual_excl	1-1	1-1	True	27	0.19	0.215	gain	FP	TP
chr8	81423327	81435861	12534	16	4	7	0	mutual_excl	mutual_excl	1-1	1-1	True	27	0.174	0.215	gain	FP	TP
chr8	81423467	81435861	12394	17	4	7	0	mutual_excl	mutual_excl	1-1	1-1	True	28	0.176	0.215	gain	FP	TP
chr8	81423583	81435861	12278	16	3	7	0	mutual_excl	mutual_excl	1-1	1-1	True	26	0.183	0.215	gain	FP	TP
chr8	81423841	81435861	12020	17	4	6	0	mutual_excl	mutual_excl	1-1	1-1	True	27	0.173	0.215	gain	FP	TP
chr8	81424607	81435861	11254	17	4	7	0	mutual_excl	mutual_excl	1-1	1-1	True	28	0.141	0.215	gain	FP	TP
chr8	81424849	81435861	11012	17	4	7	0	mutual_excl	mutual_excl	1-1	1-1	True	28	0.134	0.215	gain	FP	TP
chr8	81424908	81435861	10953	17	4	7	0	mutual_excl	mutual_excl	1-1	1-1	True	28	0.133	0.215	gain	FP	TP
chr8	81425637	81435861	10224	18	4	6	0	mutual_excl	mutual_excl	1-1	1-1	True	28	0.119	0.215	gain	FP	TP
chr8	81426379	81435861	9482	22	5	7	0	mutual_excl	mutual_excl	1-1	1-1	True	34	0.133	0.215	gain	FP	TP
chr8	81427447	81435861	8414	22	5	7	0	mutual_excl	mutual_excl	1-1	1-1	True	34	0.145	0.215	gain	FP	TP
chr8	81428186	81435861	7675	23	5	8	0	mutual_excl	mutual_excl	1-1	1-1	True	36	0.145	0.215	gain	FP	TP
chr8	81428256	81435861	7605	23	5	9	0	mutual_excl	mutual_excl	1-1	1-1	True	37	0.16	0.215	gain	FP	TP
chr8	81428694	81435861	7167	22	6	10	0	mutual_excl	mutual_excl	1-1	1-1	True	38	0.169	0.215	gain	FP	TP
chr8	81430413	81435861	5448	26	12	13	0	mutual_excl	mutual_excl	1-1	1-1	True	51	0.259	0.215	gain	FP	TP
chr8	81430450	81435861	5411	30	13	10	0	mutual_excl	mutual_excl	1-1	1-1	True	53	0.148	0.215	gain	FP	TP
chr8	81430800	81435861	5061	27	14	13	0	mutual_excl	mutual_excl	1-1	1-1	True	54	0.23	0.215	gain	FP	TP
chr8	81430934	81435861	4927	28	15	12	0	mutual_excl	mutual_excl	1-1	1-1	True	55	0.195	0.215	gain	FP	TP
chr8	81431203	81435861	4658	30	15	13	0	mutual_excl	mutual_excl	1-1	1-1	True	58	0.209	0.215	gain	FP	TP
chr8	81431249	81435861	4612	31	14	12	0	mutual_excl	mutual_excl	1-1	1-1	True	57	0.202	0.215	gain	FP	TP
chr8	81433532	81435861	2329	40	19	13	0	mutual_excl	mutual_excl	1-1	1-1	True	72	0.193	0.215	gain	FP	TP
chr8	81434164	81435861	1697	41	18	15	0	mutual_excl	mutual_excl	1-1	1-1	True	74	0.205	0.215	gain	FP	TP
chr8	81434245	81435861	1616	43	19	12	0	mutual_excl	mutual_excl	1-1	1-1	True	74	0.17	0.215	gain	FP	TP
chr8	81434701	81435861	1160	49	20	13	0	mutual_excl	mutual_excl	1-1	1-1	True	82	0.14	0.215	gain	FP	TP
chr8	81434745	81435861	1116	50	20	14	0	mutual_excl	mutual_excl	1-1	1-1	True	84	0.149	0.215	gain	FP	TP
chr8	81435861	81436544	683	52	11	19	0	mutual_excl	mutual_excl	1-1	1-1	True	82	0.215	0.126	gain	TP	FP
chr8	81435861	81437858	1997	40	12	16	0	mutual_excl	mutual_excl	1-1	1-1	True	68	0.215	0.151	gain	TP	FP
chr8	81435861	81437965	2104	42	11	17	0	mutual_excl	mutual_excl	1-1	1-1	True	70	0.215	0.136	gain	TP	FP
chr8	81435861	81440106	4245	35	7	17	0	mutual_excl	mutual_excl	1-1	1-1	True	59	0.215	0.102	gain	TP	FP
chr8	81435861	81440843	4982	35	9	16	0	mutual_excl	mutual_excl	1-1	1-1	True	60	0.215	0.14	gain	TP	FP
chr8	81435861	81441268	5407	32	6	17	0	mutual_excl	mutual_excl	1-1	1-1	True	55	0.215	0.103	gain	TP	FP
chr8	81435861	81441418	5557	29	9	17	0	mutual_excl	mutual_excl	1-1	1-1	True	55	0.215	0.138	gain	TP	FP
chr8	81435861	81441664	5803	27	7	13	0	mutual_excl	mutual_excl	1-1	1-1	True	47	0.215	0.136	gain	TP	FP
chr8	81435861	81443283	7422	26	8	15	0	mutual_excl	mutual_excl	1-1	1-1	True	49	0.215	0.129	gain	TP	FP
chr8	81435861	81443386	7525	24	8	15	0	mutual_excl	mutual_excl	1-1	1-1	True	47	0.215	0.129	gain	TP	FP
chr8	81435861	81443478	7617	25	7	13	0	mutual_excl	mutual_excl	1-1	1-1	True	45	0.215	0.122	gain	TP	FP
chr8	81435861	81448631	12770	17	5	9	0	mutual_excl	mutual_excl	1-1	1-1	True	31	0.215	0.165	gain	TP	FP
chr8	81435861	81448660	12799	17	5	8	0	mutual_excl	mutual_excl	1-1	1-1	True	30	0.215	0.167	gain	TP	FP
chr8	81435861	81449286	13425	16	5	8	0	mutual_excl	mutual_excl	1-1	1-1	True	29	0.215	0.154	gain	TP	FP
chr8	81435861	81451107	15246	13	5	8	0	mutual_excl	mutual_excl	1-1	1-1	True	26	0.215	0.167	gain	TP	FP
chr8	81435861	81453981	18120	11	3	5	0	mutual_excl	mutual_excl	1-1	1-1	True	19	0.215	0.121	gain	TP	FP
chr8	81435861	81455481	19620	9	4	6	0	mutual_excl	mutual_excl	1-1	1-1	True	19	0.215	0.139	gain	TP	FP
chr8	81435861	81455541	19680	9	4	6	0	mutual_excl	mutual_excl	1-1	1-1	True	19	0.215	0.13	gain	TP	FP
chr8	81435861	81456034	20173	8	4	6	0	mutual_excl	mutual_excl	1-1	1-1	True	18	0.215	0.168	gain	TP	FP
chr8	81435861	81460303	24442	6	3	6	0	mutual_excl	mutual_excl	1-1	1-1	True	15	0.215	0.115	gain	TP	FP
chr8	81435861	81465297	29436	2	3	5	0	mutual_excl	mutual_excl	1-1	1-1	True	10	0.215	0.136	gain	TP	FP
chr8	81435861	81465977	30116	2	2	2	0	mutual_excl	mutual_excl	1-1	1-1	True	6	0.215	0.138	gain	TP	FP
chr8	81435861	81467265	31404	2	3	3	0	mutual_excl	mutual_excl	1-1	1-1	True	8	0.215	0.172	gain	TP	FP
chr8	81435861	81468003	32142	1	3	3	0	mutual_excl	mutual_excl	1-1	1-1	True	7	0.215	0.17	gain	TP	FP
chr8	81435861	81469430	33569	1	3	3	0	mutual_excl	mutual_excl	1-1	1-1	True	7	0.215	0.196	gain	TP	FP
chr8	81435861	81469478	33617	1	3	3	0	mutual_excl	mutual_excl	1-1	1-1	True	7	0.215	0.205	gain	TP	FP
chr8	81435861	81470041	34180	1	2	3	0	mutual_excl	mutual_excl	1-1	1-1	True	6	0.215	0.163	gain	TP	FP
chr8	81435861	81470325	34464	1	3	3	0	mutual_excl	mutual_excl	1-1	1-1	True	7	0.215	0.167	gain	TP	FP
chr8	81489621	81522195	32574	4	2	1	0	mutual_excl	mutual_excl	1-1	1-1	True	7	0.099	0.316	gain	FP	TP
chr8	81489621	81522614	32993	1	4	1	0	mutual_excl	mutual_excl	1-1	1-1	True	6	0.099	0.374	gain	FP	TP
chr8	81672092	81681837	9745	18	7	6	0	mutual_excl	mutual_excl	1-1	1-1	True	31	0.264	0.145	gain	TP	FP
chr8	81681086	81681837	751	37	8	16	0	mutual_excl	mutual_excl	1-1	1-1	True	61	0.275	0.145	gain	TP	FP
chr8	81756526	81787436	30910	5	1	1	0	mutual_excl	mutual_excl	1-1	1-1	True	7	0.142	0.273	gain	FP	TP
chr8	82013056	82026565	13509	16	4	2	0	mutual_excl	mutual_excl	2-1	2-1	True	22	0.143	0.267	gain	FP	TP
chr8	82013738	82026565	12827	15	4	5	0	mutual_excl	mutual_excl	2-1	2-1	True	24	0.211	0.267	gain	FP	TP
chr8	82013738	82043491	29753	4	3	3	0	mutual_excl	mutual_excl	2-1	2-1	True	10	0.211	0.319	gain	FP	TP
chr8	82016349	82026565	10216	21	5	4	0	mutual_excl	mutual_excl	2-1	2-1	True	30	0.163	0.267	gain	FP	TP
chr8	82016349	82043491	27142	5	3	2	0	mutual_excl	mutual_excl	2-1	2-1	True	10	0.163	0.319	gain	FP	TP
chr8	82017026	82026565	9539	17	6	9	0	mutual_excl	mutual_excl	2-1	2-1	True	32	0.23	0.267	gain	FP	TP
chr8	82017026	82043491	26465	4	3	4	0	mutual_excl	mutual_excl	2-1	2-1	True	11	0.23	0.319	gain	FP	TP
chr8	82024830	82026565	1735	42	19	11	0	mutual_excl	mutual_excl	2-1	2-1	True	72	0.171	0.267	gain	FP	TP
chr8	82024830	82043491	18661	12	8	4	0	mutual_excl	mutual_excl	2-1	2-1	True	24	0.171	0.319	gain	FP	TP
chr8	82026565	82035556	8991	29	7	11	0	mutual_excl	mutual_excl	2-1	2-1	True	47	0.267	0.179	gain	TP	FP
chr8	82026565	82035715	9150	29	7	12	0	mutual_excl	mutual_excl	2-1	2-1	True	48	0.267	0.179	gain	TP	FP
chr8	82026565	82036734	10169	29	6	10	0	mutual_excl	mutual_excl	2-1	2-1	True	45	0.267	0.19	gain	TP	FP
chr8	82026565	82037334	10769	27	6	10	0	mutual_excl	mutual_excl	2-1	2-1	True	43	0.267	0.208	gain	TP	FP
chr8	82026565	82037629	11064	26	5	8	0	mutual_excl	mutual_excl	2-1	2-1	True	39	0.267	0.194	gain	TP	FP
chr8	82026565	82037650	11085	25	6	8	0	mutual_excl	mutual_excl	2-1	2-1	True	39	0.267	0.182	gain	TP	FP
chr8	82026565	82037776	11211	26	5	8	0	mutual_excl	mutual_excl	2-1	2-1	True	39	0.267	0.14	gain	TP	FP
chr8	82026565	82038509	11944	22	5	7	0	mutual_excl	mutual_excl	2-1	2-1	True	34	0.267	0.186	gain	TP	FP
chr8	82026565	82039621	13056	22	4	7	0	mutual_excl	mutual_excl	2-1	2-1	True	33	0.267	0.184	gain	TP	FP
chr8	82026565	82040636	14071	19	3	7	0	mutual_excl	mutual_excl	2-1	2-1	True	29	0.267	0.194	gain	TP	FP
chr8	82026565	82040859	14294	21	3	7	0	mutual_excl	mutual_excl	2-1	2-1	True	31	0.267	0.156	gain	TP	FP
chr8	82026565	82041315	14750	19	3	6	0	mutual_excl	mutual_excl	2-1	2-1	True	28	0.267	0.16	gain	TP	FP
chr8	82026565	82041402	14837	19	3	6	0	mutual_excl	mutual_excl	2-1	2-1	True	28	0.267	0.163	gain	TP	FP
chr8	82026565	82041449	14884	17	2	6	0	mutual_excl	mutual_excl	2-1	2-1	True	25	0.267	0.124	gain	TP	FP
chr8	82026565	82041516	14951	18	4	6	0	mutual_excl	mutual_excl	2-1	2-1	True	28	0.267	0.187	gain	TP	FP
chr8	82026565	82041559	14994	19	3	6	0	mutual_excl	mutual_excl	2-1	2-1	True	28	0.267	0.152	gain	TP	FP
chr8	82026565	82041578	15013	16	3	5	0	mutual_excl	mutual_excl	2-1	2-1	True	24	0.267	0.17	gain	TP	FP
chr8	82026565	82042097	15532	19	3	6	0	mutual_excl	mutual_excl	2-1	2-1	True	28	0.267	0.16	gain	TP	FP
chr8	82026565	82042152	15587	19	3	6	0	mutual_excl	mutual_excl	2-1	2-1	True	28	0.267	0.144	gain	TP	FP
chr8	82026565	82042449	15884	19	2	6	0	mutual_excl	mutual_excl	2-1	2-1	True	27	0.267	0.156	gain	TP	FP
chr8	82026565	82042669	16104	19	3	6	0	mutual_excl	mutual_excl	2-1	2-1	True	28	0.267	0.167	gain	TP	FP
chr8	82026565	82043212	16647	18	3	6	0	mutual_excl	mutual_excl	2-1	2-1	True	27	0.267	0.187	gain	TP	FP
chr8	82026565	82043491	16926	10	11	6	0	mutual_excl	mutual_excl	2-1	2-1	True	27	0.267	0.319	gain	TP	TP
chr8	82026565	82043816	17251	17	3	6	0	mutual_excl	mutual_excl	2-1	2-1	True	26	0.267	0.175	gain	TP	FP
chr8	82026565	82044264	17699	17	2	5	0	mutual_excl	mutual_excl	2-1	2-1	True	24	0.267	0.147	gain	TP	FP
chr8	82026565	82044380	17815	15	3	5	0	mutual_excl	mutual_excl	2-1	2-1	True	23	0.267	0.163	gain	TP	FP
chr8	82026565	82046162	19597	15	3	3	0	mutual_excl	mutual_excl	2-1	2-1	True	21	0.267	0.175	gain	TP	FP
chr8	82031013	82043491	12478	15	14	4	0	mutual_excl	mutual_excl	2-1	2-1	True	33	0.13	0.319	gain	FP	TP
chr8	82035556	82043491	7935	21	20	8	0	mutual_excl	mutual_excl	2-1	2-1	True	49	0.179	0.319	gain	FP	TP
chr8	82035715	82043491	7776	23	20	7	0	mutual_excl	mutual_excl	2-1	2-1	True	50	0.179	0.319	gain	FP	TP
chr8	82036734	82043491	6757	23	20	8	0	mutual_excl	mutual_excl	2-1	2-1	True	51	0.19	0.319	gain	FP	TP
chr8	82037334	82043491	6157	24	20	9	0	mutual_excl	mutual_excl	2-1	2-1	True	53	0.208	0.319	gain	FP	TP
chr8	82037629	82043491	5862	25	20	8	0	mutual_excl	mutual_excl	2-1	2-1	True	53	0.194	0.319	gain	FP	TP
chr8	82037650	82043491	5841	25	19	9	0	mutual_excl	mutual_excl	2-1	2-1	True	53	0.182	0.319	gain	FP	TP
chr8	82037776	82043491	5715	26	20	7	0	mutual_excl	mutual_excl	2-1	2-1	True	53	0.14	0.319	gain	FP	TP
chr8	82038509	82043491	4982	27	19	11	0	mutual_excl	mutual_excl	2-1	2-1	True	57	0.186	0.319	gain	FP	TP
chr8	82039621	82043491	3870	32	21	10	0	mutual_excl	mutual_excl	2-1	2-1	True	63	0.184	0.319	gain	FP	TP
chr8	82040240	82043491	3251	36	26	12	0	mutual_excl	mutual_excl	2-1	2-1	True	74	0.175	0.319	gain	FP	TP
chr8	82040636	82043491	2855	37	24	12	0	mutual_excl	mutual_excl	2-1	2-1	True	73	0.194	0.319	gain	FP	TP
chr8	82040859	82043491	2632	39	26	11	0	mutual_excl	mutual_excl	2-1	2-1	True	76	0.156	0.319	gain	FP	TP
chr8	82041315	82043491	2176	41	26	11	0	mutual_excl	mutual_excl	2-1	2-1	True	78	0.16	0.319	gain	FP	TP
chr8	82041402	82043491	2089	41	26	11	0	mutual_excl	mutual_excl	2-1	2-1	True	78	0.163	0.319	gain	FP	TP
chr8	82041449	82043491	2042	41	26	9	0	mutual_excl	mutual_excl	2-1	2-1	True	76	0.124	0.319	gain	FP	TP
chr8	82041559	82043491	1932	44	26	10	0	mutual_excl	mutual_excl	2-1	2-1	True	80	0.152	0.319	gain	FP	TP
chr8	82041578	82043491	1913	41	25	11	0	mutual_excl	mutual_excl	2-1	2-1	True	77	0.17	0.319	gain	FP	TP
chr8	82042097	82043491	1394	45	27	11	0	mutual_excl	mutual_excl	2-1	2-1	True	83	0.16	0.319	gain	FP	TP
chr8	82042152	82043491	1339	45	27	10	0	mutual_excl	mutual_excl	2-1	2-1	True	82	0.144	0.319	gain	FP	TP
chr8	82042449	82043491	1042	46	28	12	0	mutual_excl	mutual_excl	2-1	2-1	True	86	0.156	0.319	gain	FP	TP
chr8	82043140	82043491	351	45	29	14	0	mutual_excl	mutual_excl	2-1	2-1	True	88	0.174	0.319	gain	FP	TP
chr8	82043491	82043816	325	45	15	26	0	mutual_excl	mutual_excl	2-1	2-1	True	86	0.319	0.175	gain	TP	FP
chr8	82043491	82044264	773	47	11	26	0	mutual_excl	mutual_excl	2-1	2-1	True	84	0.319	0.147	gain	TP	FP
chr8	82043491	82044380	889	41	13	26	0	mutual_excl	mutual_excl	2-1	2-1	True	80	0.319	0.163	gain	TP	FP
chr8	82043491	82058175	14684	18	2	12	0	mutual_excl	mutual_excl	2-1	2-1	True	32	0.319	0.167	gain	TP	FP
chr8	82043491	82061861	18370	12	1	8	0	mutual_excl	mutual_excl	2-1	2-1	True	21	0.319	0.141	gain	TP	FP
chr8	82043491	82064055	20564	11	1	6	0	mutual_excl	mutual_excl	2-1	2-1	True	18	0.319	0.135	gain	TP	FP
chr8	82043491	82064155	20664	11	1	6	0	mutual_excl	mutual_excl	2-1	2-1	True	18	0.319	0.143	gain	TP	FP
chr8	82046162	82072360	26198	10	1	2	0	mutual_excl	mutual_excl	2-1	2-1	True	13	0.175	0.256	gain	FP	TP
chr8	82046162	82075646	29484	7	1	1	0	mutual_excl	mutual_excl	2-1	2-1	True	9	0.175	0.26	gain	FP	TP
chr8	82058175	82072360	14185	20	4	4	0	mutual_excl	mutual_excl	2-1	2-1	True	28	0.167	0.256	gain	FP	TP
chr8	82058175	82075646	17471	15	2	4	0	mutual_excl	mutual_excl	2-1	2-1	True	21	0.167	0.26	gain	FP	TP
chr8	82061861	82072360	10499	26	8	6	0	mutual_excl	mutual_excl	2-1	2-1	True	40	0.141	0.256	gain	FP	TP
chr8	82064055	82072360	8305	29	8	6	0	mutual_excl	mutual_excl	2-1	2-1	True	43	0.135	0.256	gain	FP	TP
chr8	82072360	82080950	8590	18	9	13	0	mutual_excl	mutual_excl	2-1	2-1	True	40	0.256	0.137	gain	TP	FP
chr8	82072360	82081132	8772	17	9	12	0	mutual_excl	mutual_excl	2-1	2-1	True	38	0.256	0.146	gain	TP	FP
chr8	82072360	82081539	9179	17	10	12	0	mutual_excl	mutual_excl	2-1	2-1	True	39	0.256	0.167	gain	TP	FP
chr8	82072360	82082069	9709	16	10	12	0	mutual_excl	mutual_excl	2-1	2-1	True	38	0.256	0.168	gain	TP	FP
chr8	82072360	82082127	9767	14	11	10	0	mutual_excl	mutual_excl	2-1	2-1	True	35	0.256	0.196	gain	TP	FP
chr8	82072360	82086174	13814	13	9	7	0	mutual_excl	mutual_excl	2-1	2-1	True	29	0.256	0.184	gain	TP	FP
chr8	82072360	82087275	14915	14	5	6	0	mutual_excl	mutual_excl	2-1	2-1	True	25	0.256	0.163	gain	TP	FP
chr8	82072360	82088123	15763	12	4	6	0	mutual_excl	mutual_excl	2-1	2-1	True	22	0.256	0.135	gain	TP	FP
chr8	82072360	82088857	16497	10	5	5	0	mutual_excl	mutual_excl	2-1	2-1	True	20	0.256	0.194	gain	TP	FP
chr8	82072360	82089802	17442	10	4	6	0	mutual_excl	mutual_excl	2-1	2-1	True	20	0.256	0.141	gain	TP	FP
chr8	82072360	82090068	17708	10	4	6	0	mutual_excl	mutual_excl	2-1	2-1	True	20	0.256	0.143	gain	TP	FP
chr8	82086174	82111412	25238	8	6	1	0	mutual_excl	mutual_excl	2-1	2-1	True	15	0.184	0.34	gain	FP	TP
chr8	82087275	82111412	24137	8	6	1	0	mutual_excl	mutual_excl	2-1	2-1	True	15	0.163	0.34	gain	FP	TP
chr8	82088123	82111412	23289	9	6	2	0	mutual_excl	mutual_excl	2-1	2-1	True	17	0.135	0.34	gain	FP	TP
chr8	82088857	82111412	22555	9	7	2	0	mutual_excl	mutual_excl	2-1	2-1	True	18	0.194	0.34	gain	FP	TP
chr8	82089802	82111412	21610	9	7	2	0	mutual_excl	mutual_excl	2-1	2-1	True	18	0.141	0.34	gain	FP	TP
chr8	82090068	82111412	21344	9	7	2	0	mutual_excl	mutual_excl	2-1	2-1	True	18	0.143	0.34	gain	FP	TP
chr8	82418435	82428081	9646	21	5	9	0	mutual_excl	mutual_excl	2-1	2-1	True	35	0.292	0.147	gain	TP	FP
chr8	82428081	82457244	29163	1	5	3	0	mutual_excl	mutual_excl	2-1	2-1	True	9	0.147	0.215	gain	FP	TP
chr8	82569090	82576703	7613	16	17	17	0	mutual_excl	mutual_excl	1-1	1-1	True	50	0.326	0.282	gain	TP	TP
chr8	82843318	82849640	6322	24	14	18	0	mutual_excl	mutual_excl	1-1	1-1	True	56	0.28	0.218	gain	TP	FP
chr8	82843318	82855568	12250	22	9	13	0	mutual_excl	mutual_excl	1-1	1-1	True	44	0.28	0.202	gain	TP	FP
chr8	82843318	82862197	18879	9	9	9	0	mutual_excl	mutual_excl	1-1	1-1	True	27	0.28	0.187	gain	TP	FP
chr8	82843318	82863112	19794	10	9	9	0	mutual_excl	mutual_excl	1-1	1-1	True	28	0.28	0.175	gain	TP	FP
chr8	82843318	82863123	19805	13	6	9	0	mutual_excl	mutual_excl	1-1	1-1	True	28	0.28	0.218	gain	TP	TP
chr8	82843318	82863512	20194	10	8	8	0	mutual_excl	mutual_excl	1-1	1-1	True	26	0.28	0.192	gain	TP	FP
chr8	82843318	82870194	26876	7	5	3	0	mutual_excl	mutual_excl	1-1	1-1	True	15	0.28	0.216	gain	TP	FP
chr8	82843318	82871812	28494	6	5	2	0	mutual_excl	mutual_excl	1-1	1-1	True	13	0.28	0.262	gain	TP	FP
chr8	82843318	82872211	28893	8	5	2	0	mutual_excl	mutual_excl	1-1	1-1	True	15	0.28	0.213	gain	TP	FP
chr8	82855568	82863123	7555	38	9	13	0	mutual_excl	mutual_excl	1-1	1-1	True	60	0.202	0.218	gain	FP	TP
chr8	82862197	82863123	926	58	18	18	0	mutual_excl	mutual_excl	1-1	1-1	True	94	0.187	0.218	gain	FP	TP
chr8	82863123	82863512	389	56	19	20	0	mutual_excl	mutual_excl	1-1	1-1	True	95	0.218	0.192	gain	TP	FP
chr8	82863123	82870194	7071	30	12	9	0	mutual_excl	mutual_excl	1-1	1-1	True	51	0.218	0.216	gain	TP	FP
chr8	82863123	82871812	8689	22	12	9	0	mutual_excl	mutual_excl	1-1	1-1	True	43	0.218	0.262	gain	TP	FP
chr8	82863123	82872211	9088	26	11	9	0	mutual_excl	mutual_excl	1-1	1-1	True	46	0.218	0.213	gain	TP	FP
chr8	82863123	82880926	17803	14	8	4	0	mutual_excl	mutual_excl	1-1	1-1	True	26	0.218	0.268	gain	TP	FP
chr8	82863123	82883835	20712	8	8	1	0	mutual_excl	mutual_excl	1-1	1-1	True	17	0.218	0.295	gain	TP	FP
chr8	83128414	83138657	10243	25	7	7	0	mutual_excl	mutual_excl	1-1	1-1	True	39	0.207	0.185	gain	TP	FP
chr8	83128414	83144029	15615	15	2	5	0	mutual_excl	mutual_excl	1-1	1-1	True	22	0.207	0.186	gain	TP	FP
chr8	83195724	83221288	25564	5	2	2	0	mutual_excl	mutual_excl	1-1	1-1	True	9	0.258	0.286	gain	TP	TP
chr8	83221288	83232141	10853	7	6	8	0	mutual_excl	mutual_excl	1-1	1-1	True	21	0.286	0.361	gain	TP	TP
chr8	83221288	83232179	10891	7	7	8	0	mutual_excl	mutual_excl	1-1	1-1	True	22	0.286	0.381	gain	TP	TP
chr8	83639220	83650324	11104	3	20	5	0	mutual_excl	mutual_excl	1-1	1-1	True	28	0.25	0.693	gain	TP	TP
chr8	84636907	84671516	34609	4	2	1	0	mutual_excl	mutual_excl	1-1	1-1	True	7	0.269	0.295	gain	TP	TP
chr8	85582600	85601584	18984	10	8	1	0	mutual_excl	mutual_excl	2-1	2-1	True	19	0.096	0.286	gain	FP	TP
chr8	85587851	85601584	13733	16	11	1	0	mutual_excl	mutual_excl	2-1	2-1	True	28	0.073	0.286	gain	FP	TP
chr8	85898915	85912839	13924	9	10	10	0	mutual_excl	mutual_excl	1-1	1-1	True	29	0.315	0.265	loh	TP	TP
chr8	86063660	86080664	17004	7	2	5	0	mutual_excl	mutual_excl	1-1	1-1	True	14	0.28	0.13	loh	TP	FP
chr8	86063660	86081973	18313	7	2	4	0	mutual_excl	mutual_excl	1-1	1-1	True	13	0.28	0.09	loh	TP	FP
chr8	86063660	86084283	20623	5	2	2	0	mutual_excl	mutual_excl	1-1	1-1	True	9	0.28	0.094	loh	TP	FP
chr8	86767027	86794883	27856	7	2	3	0	mutual_excl	mutual_excl	2-1	2-1	True	12	0.309	0.311	loh	TP	TP
chr8	87309861	87315420	5559	33	12	12	0	mutual_excl	mutual_excl	1-1	1-1	True	57	0.24	0.189	loh	TP	FP
chr8	87434642	87436749	2107	30	20	15	0	mutual_excl	mutual_excl	1-1	1-1	True	65	0.25	0.304	loh	TP	TP
chr8	87434642	87458680	24038	10	1	3	0	mutual_excl	mutual_excl	1-1	1-1	True	14	0.25	0.316	loh	TP	TP
chr8	87436749	87458680	21931	8	2	7	0	mutual_excl	mutual_excl	1-1	1-1	True	17	0.304	0.316	loh	TP	TP
chr8	87555831	87577088	21257	2	6	3	0	mutual_excl	mutual_excl	1-1	1-1	True	11	0.275	0.317	loh	TP	TP
chr8	87947762	87981099	33337	0	4	4	0	mutual_excl	mutual_excl	1-1	1-1	True	8	0.356	0.33	loh	TP	TP
chr8	88058384	88062095	3711	24	13	16	0	mutual_excl	mutual_excl	1-1	1-1	True	53	0.247	0.295	loh	TP	TP
chr8	88058391	88062095	3704	24	13	16	0	mutual_excl	mutual_excl	1-1	1-1	True	53	0.247	0.295	loh	TP	TP
chr8	88147447	88169683	22236	9	7	5	0	mutual_excl	mutual_excl	3	3	True	21	0.237	0.275	loh	TP	TP
chr8	88147447	88175612	28165	4	5	2	0	mutual_excl	mutual_excl	3	3	True	11	0.237	0.236	loh	TP	TP
chr8	88169683	88176897	7214	36	2	14	0	mutual_excl	mutual_excl	3	3	True	52	0.275	0.067	loh	TP	FP
chr8	88169683	88183660	13977	21	1	8	0	mutual_excl	mutual_excl	3	3	True	30	0.275	0.092	loh	TP	FP
chr8	88175612	88176897	1285	58	5	17	0	mutual_excl	mutual_excl	3	3	True	80	0.236	0.067	loh	TP	FP
chr8	88175612	88183660	8048	31	3	9	0	mutual_excl	mutual_excl	3	3	True	43	0.236	0.092	loh	TP	FP
chr8	88176897	88206689	29792	5	3	1	0	mutual_excl	mutual_excl	3	3	True	9	0.067	0.352	loh	FP	TP
chr8	88183660	88206689	23029	11	5	1	0	mutual_excl	mutual_excl	3	3	True	17	0.092	0.352	loh	FP	TP
chr8	88206689	88214558	7869	27	1	15	0	mutual_excl	mutual_excl	3	3	True	43	0.352	0.103	loh	TP	FP
chr8	88219323	88246308	26985	2	2	5	0	mutual_excl	mutual_excl	1-1	1-1	True	9	0.244	0.187	loh	TP	TP
chr8	88362257	88382845	20588	11	3	1	0	mutual_excl	mutual_excl	3	3	True	15	0.052	0.351	loh	FP	TP
chr8	88382845	88386920	4075	31	4	14	0	mutual_excl	mutual_excl	3	3	True	49	0.351	0.085	loh	TP	FP
chr8	88382845	88389036	6191	27	4	11	0	mutual_excl	mutual_excl	3	3	True	42	0.351	0.082	loh	TP	FP
chr8	88382845	88389498	6653	23	4	11	0	mutual_excl	mutual_excl	3	3	True	38	0.351	0.09	loh	TP	FP
chr8	88386920	88399368	12448	20	15	3	0	mutual_excl	mutual_excl	3	3	True	38	0.085	0.323	loh	FP	TP
chr8	88389036	88399368	10332	27	15	3	0	mutual_excl	mutual_excl	3	3	True	45	0.082	0.323	loh	FP	TP
chr8	88389036	88424839	35803	4	1	1	0	mutual_excl	mutual_excl	3	3	True	6	0.082	0.25	loh	FP	TP
chr8	88389498	88399368	9870	26	15	3	0	mutual_excl	mutual_excl	3	3	True	44	0.09	0.323	loh	FP	TP
chr8	88389498	88424839	35341	5	1	1	0	mutual_excl	mutual_excl	3	3	True	7	0.09	0.25	loh	FP	TP
chr8	88399368	88424839	25471	7	1	3	0	mutual_excl	mutual_excl	3	3	True	11	0.323	0.25	loh	TP	TP
chr8	88424839	88436827	11988	14	6	10	0	mutual_excl	mutual_excl	3	3	True	30	0.25	0.27	loh	TP	TP
chr8	88481992	88497525	15533	4	12	4	0	mutual_excl	mutual_excl	3	3	True	20	0.132	0.734	loh	FP	TP
chr8	88483102	88497525	14423	3	14	5	0	mutual_excl	mutual_excl	3	3	True	22	0.154	0.734	loh	FP	TP
chr8	88484810	88497525	12715	4	15	4	0	mutual_excl	mutual_excl	3	3	True	23	0.125	0.734	loh	FP	TP
chr8	88485039	88497525	12486	4	17	4	0	mutual_excl	mutual_excl	3	3	True	25	0.136	0.734	loh	FP	TP
chr8	88485639	88497525	11886	4	18	4	0	mutual_excl	mutual_excl	3	3	True	26	0.127	0.734	loh	FP	TP
chr8	88497525	88512563	15038	1	2	9	0	mutual_excl	mutual_excl	3	3	True	12	0.734	0.06	loh	TP	FP
chr8	88546750	88551272	4522	31	8	13	0	mutual_excl	mutual_excl	3	3	True	52	0.262	0.118	loh	TP	FP
chr8	88551272	88561542	10270	2	23	6	0	mutual_excl	mutual_excl	3	3	True	31	0.118	0.785	loh	FP	TP
chr8	89425241	89433370	8129	13	7	21	0	mutual_excl	mutual_excl	2-1	2-1	True	41	0.443	0.288	loh	TP	TP
chr8	89619503	89630085	10582	13	7	14	0	mutual_excl	mutual_excl	2-1	2-1	True	34	0.424	0.307	loh	TP	TP
chr8	89733073	89741631	8558	15	13	14	0	mutual_excl	mutual_excl	2-1	2-1	True	42	0.287	0.333	loh	TP	TP
chr8	90173425	90185831	12406	8	5	9	0	mutual_excl	mutual_excl	2-1	2-1	True	22	0.302	0.28	loh	TP	TP
chr8	90173425	90199488	26063	1	2	3	0	mutual_excl	mutual_excl	2-1	2-1	True	6	0.302	0.386	loh	TP	TP
chr8	90185831	90199488	13657	7	11	4	0	mutual_excl	mutual_excl	2-1	2-1	True	22	0.28	0.386	loh	TP	TP
chr8	90199488	90206160	6672	18	8	17	0	mutual_excl	mutual_excl	2-1	2-1	True	43	0.386	0.326	loh	TP	TP
chr8	90351445	90358688	7243	24	17	16	0	mutual_excl	mutual_excl	1-1	1-1	True	57	0.33	0.385	loh	TP	TP
chr8	90351445	90376648	25203	12	1	4	0	mutual_excl	mutual_excl	1-1	1-1	True	17	0.33	0.09	loh	TP	FP
chr8	90358688	90376648	17960	14	2	10	0	mutual_excl	mutual_excl	1-1	1-1	True	26	0.385	0.09	loh	TP	FP
chr8	90689701	90710495	20794	0	7	12	0	mutual_excl	mutual_excl	1-1	1-1	True	19	0.649	0.317	loh	TP	TP
chr8	91298397	91300345	1948	25	21	13	0	mutual_excl	mutual_excl	1-1	1-1	True	59	0.23	0.342	loh	TP	TP
chr8	91569989	91594816	24827	4	2	6	0	mutual_excl	mutual_excl	1-1	1-1	True	12	0.325	0.287	loh	TP	TP
chr8	91572121	91594816	22695	7	5	5	0	mutual_excl	mutual_excl	1-1	1-1	True	17	0.333	0.287	loh	TP	TP
chr8	91582858	91594816	11958	15	12	13	0	mutual_excl	mutual_excl	1-1	1-1	True	40	0.348	0.287	loh	TP	TP
chr8	91582858	91613223	30365	2	2	3	0	mutual_excl	mutual_excl	1-1	1-1	True	7	0.348	0.325	loh	TP	TP
chr8	91594816	91613223	18407	10	5	2	0	mutual_excl	mutual_excl	1-1	1-1	True	17	0.287	0.325	loh	TP	TP
chr8	91635756	91650387	14631	10	9	4	0	mutual_excl	mutual_excl	1-1	1-1	True	23	0.272	0.329	loh	TP	TP
chr8	91833282	91857267	23985	0	7	2	0	mutual_excl	mutual_excl	1-1	1-1	True	9	0.116	0.869	loh	FP	TP
chr8	91852519	91857267	4748	1	53	6	0	mutual_excl	mutual_excl	1-1	1-1	True	60	0.097	0.869	loh	FP	TP
chr8	92045604	92046964	1360	23	27	19	0	mutual_excl	mutual_excl	1-1	1-1	True	69	0.28	0.381	loh	TP	TP
chr8	92045604	92049056	3452	19	23	15	0	mutual_excl	mutual_excl	1-1	1-1	True	57	0.28	0.429	loh	TP	TP
chr8	92377994	92379554	1560	44	7	29	0	mutual_excl	mutual_excl	1-1	1-1	True	80	0.33	0.105	loh	TP	FP
chr8	92429614	92456466	26852	2	7	2	0	mutual_excl	mutual_excl	1-1	1-1	True	11	0.25	0.345	loh	TP	TP
chr8	92429615	92456466	26851	2	7	2	0	mutual_excl	mutual_excl	1-1	1-1	True	11	0.289	0.345	loh	TP	TP
chr8	92456466	92473172	16706	1	4	3	0	mutual_excl	mutual_excl	1-1	1-1	True	8	0.345	0.403	loh	TP	TP
chr8	93037591	93037829	238	27	27	22	0	mutual_excl	mutual_excl	2-1	2-1	True	76	0.304	0.351	loh	TP	TP
chr8	93069501	93073506	4005	22	20	23	0	mutual_excl	mutual_excl	2-1	2-1	True	65	0.349	0.293	loh	TP	TP
chr8	93073506	93104808	31302	1	1	4	0	mutual_excl	mutual_excl	2-1	2-1	True	6	0.293	0.299	loh	TP	TP
chr8	93381433	93404043	22610	10	1	2	0	mutual_excl	mutual_excl	2-1	2-1	True	13	0.217	0.067	loh	TP	FP
chr8	93404043	93418891	14848	13	3	3	0	mutual_excl	mutual_excl	2-1	2-1	True	19	0.067	0.345	loh	FP	TP
chr8	93835475	93835689	214	50	31	11	0	mutual_excl	mutual_excl	2-1	2-1	True	92	0.124	0.34	loh	FP	TP
chr8	93835689	93860900	25211	4	1	4	0	mutual_excl	mutual_excl	2-1	2-1	True	9	0.34	0.12	loh	TP	FP
chr8	93835689	93861607	25918	2	2	4	0	mutual_excl	mutual_excl	2-1	2-1	True	8	0.34	0.143	loh	TP	FP
chr8	93860900	93878019	17119	19	9	4	0	mutual_excl	mutual_excl	2-1	2-1	True	32	0.12	0.286	loh	FP	TP
chr8	93861607	93878019	16412	21	9	4	0	mutual_excl	mutual_excl	2-1	2-1	True	34	0.143	0.286	loh	FP	TP
chr8	93868484	93878019	9535	32	11	6	0	mutual_excl	mutual_excl	2-1	2-1	True	49	0.168	0.286	loh	FP	TP
chr8	93878019	93882145	4126	42	7	21	0	mutual_excl	mutual_excl	2-1	2-1	True	70	0.286	0.097	loh	TP	FP
chr8	93878019	93896869	18850	12	2	6	0	mutual_excl	mutual_excl	2-1	2-1	True	20	0.286	0.11	loh	TP	FP
chr8	93878019	93897911	19892	10	1	6	0	mutual_excl	mutual_excl	2-1	2-1	True	17	0.286	0.14	loh	TP	FP
chr8	93935601	93952405	16804	18	3	8	0	mutual_excl	mutual_excl	1-1	1-1	True	29	0.336	0.121	loh	TP	FP
chr8	93935601	93954024	18423	17	2	8	0	mutual_excl	mutual_excl	1-1	1-1	True	27	0.336	0.117	loh	TP	FP
chr8	93935601	93962228	26627	6	1	1	0	mutual_excl	mutual_excl	1-1	1-1	True	8	0.336	0.215	loh	TP	FP
chr8	93935601	93963743	28142	5	1	1	0	mutual_excl	mutual_excl	1-1	1-1	True	7	0.336	0.214	loh	TP	FP
chr8	94096239	94106416	10177	22	14	5	0	mutual_excl	mutual_excl	1-1	1-1	True	41	0.192	0.272	loh	TP	TP
chr8	94620688	94627688	7000	19	12	16	0	mutual_excl	mutual_excl	1-1	1-1	True	47	0.345	0.25	loh	TP	TP
chr8	95366627	95377627	11000	11	9	17	0	mutual_excl	mutual_excl	1-1	1-1	True	37	0.369	0.278	loh	TP	TP
chr8	95497096	95501168	4072	22	15	25	0	mutual_excl	mutual_excl	1-1	1-1	True	62	0.376	0.28	loh	TP	TP
chr8	95497096	95510015	12919	17	3	12	0	mutual_excl	mutual_excl	1-1	1-1	True	32	0.376	0.095	loh	TP	FP
chr8	95497096	95511916	14820	14	3	11	0	mutual_excl	mutual_excl	1-1	1-1	True	28	0.376	0.109	loh	TP	FP
chr8	95497096	95512362	15266	13	4	11	0	mutual_excl	mutual_excl	1-1	1-1	True	28	0.376	0.129	loh	TP	FP
chr8	95497096	95519794	22698	5	3	6	0	mutual_excl	mutual_excl	1-1	1-1	True	14	0.376	0.299	loh	TP	TP
chr8	95501168	95510015	8847	31	4	12	0	mutual_excl	mutual_excl	1-1	1-1	True	47	0.28	0.095	loh	TP	FP
chr8	95501168	95511916	10748	26	4	11	0	mutual_excl	mutual_excl	1-1	1-1	True	41	0.28	0.109	loh	TP	FP
chr8	95510015	95519794	9779	25	15	5	0	mutual_excl	mutual_excl	1-1	1-1	True	45	0.095	0.299	loh	FP	TP
chr8	95511916	95519794	7878	30	15	6	0	mutual_excl	mutual_excl	1-1	1-1	True	51	0.109	0.299	loh	FP	TP
chr8	95512362	95519794	7432	31	15	6	0	mutual_excl	mutual_excl	1-1	1-1	True	52	0.129	0.299	loh	FP	TP
chr8	95564666	95576576	11910	16	7	8	0	mutual_excl	mutual_excl	1-1	1-1	True	31	0.296	0.253	loh	TP	TP
chr8	95739146	95742113	2967	33	10	2	0	mutual_excl	mutual_excl	1-1	1-1	True	45	0.082	0.246	loh	FP	TP
chr8	95742113	95754413	12300	11	6	6	0	mutual_excl	mutual_excl	1-1	1-1	True	23	0.246	0.338	loh	TP	TP
chr8	95788249	95810957	22708	3	1	6	0	mutual_excl	mutual_excl	1-1	1-1	True	10	0.411	0.294	loh	TP	TP
chr8	95894742	95925677	30935	3	1	3	0	mutual_excl	mutual_excl	1-1	1-1	True	7	0.316	0.231	loh	TP	TP
chr8	95908980	95925677	16697	8	7	10	0	mutual_excl	mutual_excl	1-1	1-1	True	25	0.352	0.231	loh	TP	TP
chr8	95925677	95941269	15592	5	7	3	0	mutual_excl	mutual_excl	1-1	1-1	True	15	0.231	0.397	loh	TP	TP
chr8	96062757	96068395	5638	20	22	19	0	mutual_excl	mutual_excl	1-1	1-1	True	61	0.333	0.333	loh	TP	TP
chr8	96062757	96080011	17254	4	8	6	0	mutual_excl	mutual_excl	1-1	1-1	True	18	0.333	0.288	loh	TP	TP
chr8	96068395	96097651	29256	4	2	2	0	mutual_excl	mutual_excl	1-1	1-1	True	8	0.333	0.254	loh	TP	TP
chr8	96080011	96097651	17640	12	9	4	0	mutual_excl	mutual_excl	1-1	1-1	True	25	0.288	0.254	loh	TP	TP
chr8	96080011	96103921	23910	7	9	2	0	mutual_excl	mutual_excl	1-1	1-1	True	18	0.288	0.361	loh	TP	TP
chr8	96097651	96103921	6270	18	18	10	0	mutual_excl	mutual_excl	1-1	1-1	True	46	0.254	0.361	loh	TP	TP
chr8	96203865	96205735	1870	30	20	20	0	mutual_excl	mutual_excl	1-1	1-1	True	70	0.282	0.303	loh	TP	TP
chr8	96293754	96305927	12173	9	5	8	0	mutual_excl	mutual_excl	1-1	1-1	True	22	0.25	0.278	loh	TP	TP
chr8	96879305	96885500	6195	11	16	22	0	mutual_excl	mutual_excl	2-1	2-1	True	49	0.449	0.333	loh	TP	TP
chr8	96879305	96891281	11976	11	2	11	0	mutual_excl	mutual_excl	2-1	2-1	True	24	0.449	0.227	loh	TP	TP
chr8	96885500	96891281	5781	19	10	18	0	mutual_excl	mutual_excl	2-1	2-1	True	47	0.333	0.227	loh	TP	TP
chr8	97910152	97929315	19163	6	5	3	0	mutual_excl	mutual_excl	2-1	2-1	True	14	0.325	0.294	loh	TP	TP
chr8	98270769	98300835	30066	4	1	1	0	mutual_excl	mutual_excl	1-1	1-1	True	6	0.067	0.287	loh	FP	TP
chr8	98542638	98572005	29367	1	2	3	0	mutual_excl	mutual_excl	1-1	1-1	True	6	0.316	0.305	loh	TP	TP
chr8	99887565	99902400	14835	22	3	3	0	mutual_excl	mutual_excl	2-1	2-1	True	28	0.13	0.33	loh	FP	TP
chr8	99890167	99902400	12233	21	5	5	0	mutual_excl	mutual_excl	2-1	2-1	True	31	0.129	0.33	loh	FP	TP
chr8	99892049	99902400	10351	30	5	3	0	mutual_excl	mutual_excl	2-1	2-1	True	38	0.097	0.33	loh	FP	TP
chr8	99893933	99902400	8467	31	6	3	0	mutual_excl	mutual_excl	2-1	2-1	True	40	0.103	0.33	loh	FP	TP
chr8	99894334	99902400	8066	34	6	4	0	mutual_excl	mutual_excl	2-1	2-1	True	44	0.109	0.33	loh	FP	TP
chr8	99895567	99902400	6833	35	8	5	0	mutual_excl	mutual_excl	2-1	2-1	True	48	0.14	0.33	loh	FP	TP
chr8	99896199	99902400	6201	37	7	4	0	mutual_excl	mutual_excl	2-1	2-1	True	48	0.12	0.33	loh	FP	TP
chr8	99902400	99921653	19253	4	4	5	0	mutual_excl	mutual_excl	2-1	2-1	True	13	0.33	0.307	loh	TP	TP
chr8	100001145	100010875	9730	22	14	5	0	mutual_excl	mutual_excl	2-1	2-1	True	41	0.067	0.337	loh	FP	TP
chr8	100010875	100011494	619	42	12	28	0	mutual_excl	mutual_excl	2-1	2-1	True	82	0.337	0.132	loh	TP	FP
chr8	100010875	100028056	17181	18	1	7	0	mutual_excl	mutual_excl	2-1	2-1	True	26	0.337	0.094	loh	TP	FP
chr8	100010875	100028276	17401	18	1	7	0	mutual_excl	mutual_excl	2-1	2-1	True	26	0.337	0.112	loh	TP	FP
chr8	100028056	100049010	20954	10	6	5	0	mutual_excl	mutual_excl	2-1	2-1	True	21	0.094	0.286	loh	FP	TP
chr8	100028276	100049010	20734	10	5	6	0	mutual_excl	mutual_excl	2-1	2-1	True	21	0.112	0.286	loh	FP	TP
chr8	100043604	100049010	5406	36	19	8	0	mutual_excl	mutual_excl	2-1	2-1	True	63	0.094	0.286	loh	FP	TP
chr8	100043604	100069207	25603	5	3	2	0	mutual_excl	mutual_excl	2-1	2-1	True	10	0.094	0.263	loh	FP	TP
chr8	100049010	100053909	4899	34	5	18	0	mutual_excl	mutual_excl	2-1	2-1	True	57	0.286	0.116	loh	TP	FP
chr8	100049010	100054363	5353	33	5	17	0	mutual_excl	mutual_excl	2-1	2-1	True	55	0.286	0.122	loh	TP	FP
chr8	100053909	100069207	15298	12	3	4	0	mutual_excl	mutual_excl	2-1	2-1	True	19	0.116	0.263	loh	FP	TP
chr8	100054363	100069207	14844	14	4	4	0	mutual_excl	mutual_excl	2-1	2-1	True	22	0.122	0.263	loh	FP	TP
chr8	100198593	100215194	16601	6	3	3	0	mutual_excl	mutual_excl	2-1	2-1	True	12	0.313	0.092	loh	TP	FP
chr8	100454435	100457076	2641	24	17	18	0	mutual_excl	mutual_excl	2-1	2-1	True	59	0.284	0.282	loh	TP	TP
chr8	100454435	100479062	24627	7	1	4	0	mutual_excl	mutual_excl	2-1	2-1	True	12	0.284	0.287	loh	TP	TP
chr8	100454435	100479811	25376	7	1	3	0	mutual_excl	mutual_excl	2-1	2-1	True	11	0.284	0.093	loh	TP	FP
chr8	100454435	100480807	26372	7	1	3	0	mutual_excl	mutual_excl	2-1	2-1	True	11	0.284	0.081	loh	TP	FP
chr8	100457076	100469446	12370	18	2	10	0	mutual_excl	mutual_excl	2-1	2-1	True	30	0.282	0.063	loh	TP	FP
chr8	100457076	100479811	22735	9	1	3	0	mutual_excl	mutual_excl	2-1	2-1	True	13	0.282	0.093	loh	TP	FP
chr8	100457076	100480807	23731	9	1	3	0	mutual_excl	mutual_excl	2-1	2-1	True	13	0.282	0.081	loh	TP	FP
chr8	100469446	100479811	10365	31	3	4	0	mutual_excl	mutual_excl	2-1	2-1	True	38	0.063	0.093	loh	FP	FP
chr8	100469446	100480807	11361	28	3	4	0	mutual_excl	mutual_excl	2-1	2-1	True	35	0.063	0.081	loh	FP	FP
chr8	100469446	100482390	12944	27	2	4	0	mutual_excl	mutual_excl	2-1	2-1	True	33	0.063	0.084	loh	FP	FP
chr8	100469446	100482434	12988	26	2	4	0	mutual_excl	mutual_excl	2-1	2-1	True	32	0.063	0.088	loh	FP	FP
chr8	100469446	100482685	13239	26	2	3	0	mutual_excl	mutual_excl	2-1	2-1	True	31	0.063	0.09	loh	FP	FP
chr8	100469446	100487356	17910	20	2	2	0	mutual_excl	mutual_excl	2-1	2-1	True	24	0.063	0.163	loh	FP	FP
chr8	100469446	100491119	21673	14	2	1	0	mutual_excl	mutual_excl	2-1	2-1	True	17	0.063	0.157	loh	FP	FP
chr8	100469446	100491479	22033	11	2	1	0	mutual_excl	mutual_excl	2-1	2-1	True	14	0.063	0.16	loh	FP	FP
chr8	100469446	100491592	22146	10	2	1	0	mutual_excl	mutual_excl	2-1	2-1	True	13	0.063	0.153	loh	FP	FP
chr8	100469446	100493791	24345	8	2	1	0	mutual_excl	mutual_excl	2-1	2-1	True	11	0.063	0.135	loh	FP	FP
chr8	100479062	100480807	1745	50	5	23	0	mutual_excl	mutual_excl	2-1	2-1	True	78	0.287	0.081	loh	TP	FP
chr8	100479062	100482390	3328	44	4	21	0	mutual_excl	mutual_excl	2-1	2-1	True	69	0.287	0.084	loh	TP	FP
chr8	100479062	100482434	3372	42	4	21	0	mutual_excl	mutual_excl	2-1	2-1	True	67	0.287	0.088	loh	TP	FP
chr8	100479062	100482685	3623	42	4	20	0	mutual_excl	mutual_excl	2-1	2-1	True	66	0.287	0.09	loh	TP	FP
chr8	100479062	100487356	8294	33	4	13	0	mutual_excl	mutual_excl	2-1	2-1	True	50	0.287	0.163	loh	TP	FP
chr8	100479062	100491119	12057	25	3	7	0	mutual_excl	mutual_excl	2-1	2-1	True	35	0.287	0.157	loh	TP	FP
chr8	100479062	100491479	12417	21	3	7	0	mutual_excl	mutual_excl	2-1	2-1	True	31	0.287	0.16	loh	TP	FP
chr8	100479062	100491592	12530	21	2	6	0	mutual_excl	mutual_excl	2-1	2-1	True	29	0.287	0.153	loh	TP	FP
chr8	100479062	100493791	14729	15	2	7	0	mutual_excl	mutual_excl	2-1	2-1	True	24	0.287	0.135	loh	TP	FP
chr8	100663052	100684370	21318	5	4	6	0	mutual_excl	mutual_excl	2-1	2-1	True	15	0.349	0.286	loh	TP	TP
chr8	100837707	100858262	20555	5	1	4	0	mutual_excl	mutual_excl	2-1	2-1	True	10	0.272	0.068	loh	TP	FP
chr8	100956797	100974497	17700	0	1	16	0	mutual_excl	mutual_excl	2-1	2-1	True	17	0.905	0.051	loh	TP	FP
chr8	101027250	101037148	9898	18	12	12	0	mutual_excl	mutual_excl	2-1	2-1	True	42	0.301	0.25	loh	TP	TP
chr8	101421803	101432656	10853	27	6	21	0	mutual_excl	mutual_excl	2-1	2-1	True	54	0.311	0.12	gain	TP	TP
chr8	101432656	101459134	26478	10	4	2	0	mutual_excl	mutual_excl	2-1	2-1	True	16	0.12	0.158	gain	TP	TP
chr8	101891595	101914183	22588	8	4	4	0	mutual_excl	mutual_excl	1-1	1-1	True	16	0.217	0.234	gain	TP	TP
chr8	102633413	102644103	10690	33	12	7	0	mutual_excl	mutual_excl	1-1	1-1	True	52	0.189	0.267	gain	TP	TP
chr8	102689845	102695628	5783	44	6	3	0	mutual_excl	mutual_excl	1-1	1-1	True	53	0.067	0.167	gain	FP	TP
chr8	102690901	102695628	4727	51	7	3	0	mutual_excl	mutual_excl	1-1	1-1	True	61	0.065	0.167	gain	FP	TP
chr8	102728293	102738772	10479	14	3	16	0	mutual_excl	mutual_excl	1-1	1-1	True	33	0.411	0.077	gain	TP	FP
chr8	102889011	102898647	9636	28	13	9	0	mutual_excl	mutual_excl	2-1	2-1	True	50	0.184	0.238	gain	TP	TP
chr8	102889011	102904743	15732	8	20	4	0	mutual_excl	mutual_excl	2-1	2-1	True	32	0.184	0.538	gain	TP	TP
chr8	103040184	103062385	22201	10	2	2	0	mutual_excl	mutual_excl	2-1	2-1	True	14	0.216	0.194	gain	TP	TP
chr8	103176515	103187121	10606	13	6	6	0	mutual_excl	mutual_excl	2-1	2-1	True	25	0.172	0.15	gain	TP	FP
chr8	103525772	103546807	21035	11	7	2	0	mutual_excl	mutual_excl	2-1	2-1	True	20	0.217	0.216	gain	TP	TP
chr8	103525772	103553120	27348	5	3	1	0	mutual_excl	mutual_excl	2-1	2-1	True	9	0.217	0.32	gain	TP	TP
chr8	103546807	103553120	6313	28	18	9	0	mutual_excl	mutual_excl	2-1	2-1	True	55	0.216	0.32	gain	TP	TP
chr8	103546807	103566467	19660	12	11	3	0	mutual_excl	mutual_excl	2-1	2-1	True	26	0.216	0.293	gain	TP	TP
chr8	103546807	103567035	20228	11	10	3	0	mutual_excl	mutual_excl	2-1	2-1	True	24	0.216	0.287	gain	TP	TP
chr8	103553120	103566467	13347	17	15	11	0	mutual_excl	mutual_excl	2-1	2-1	True	43	0.32	0.293	gain	TP	TP
chr8	103553120	103567035	13915	16	13	10	0	mutual_excl	mutual_excl	2-1	2-1	True	39	0.32	0.287	gain	TP	TP
chr8	103566467	103594757	28290	6	2	6	0	mutual_excl	mutual_excl	2-1	2-1	True	14	0.293	0.211	gain	TP	TP
chr8	103567035	103594757	27722	6	2	7	0	mutual_excl	mutual_excl	2-1	2-1	True	15	0.287	0.211	gain	TP	TP
chr8	103594757	103614796	20039	13	9	4	0	mutual_excl	mutual_excl	2-1	2-1	True	26	0.211	0.246	gain	TP	TP
chr8	103594757	103615662	20905	14	4	3	0	mutual_excl	mutual_excl	2-1	2-1	True	21	0.211	0.202	gain	TP	TP
chr8	103614796	103615662	866	55	20	24	0	mutual_excl	mutual_excl	2-1	2-1	True	99	0.246	0.202	gain	TP	TP
chr8	103828771	103830946	2175	35	21	17	0	mutual_excl	mutual_excl	2-1	2-1	True	73	0.236	0.286	gain	TP	TP
chr8	103828771	103854876	26105	6	2	4	0	mutual_excl	mutual_excl	2-1	2-1	True	12	0.236	0.252	gain	TP	TP
chr8	103854876	103863465	8589	17	20	11	0	mutual_excl	mutual_excl	2-1	2-1	True	48	0.252	0.392	gain	TP	TP
chr8	103911033	103927153	16120	13	6	2	0	mutual_excl	mutual_excl	2-1	2-1	True	21	0.255	0.537	gain	TP	TP
chr8	104281399	104283157	1758	46	21	3	0	mutual_excl	mutual_excl	2-1	2-1	True	70	0.033	0.307	gain	FP	TP
chr8	104283157	104300408	17251	14	4	3	0	mutual_excl	mutual_excl	2-1	2-1	True	21	0.307	0.12	gain	TP	FP
chr8	104300408	104301031	623	59	20	11	0	mutual_excl	mutual_excl	2-1	2-1	True	90	0.12	0.204	gain	FP	TP
chr8	104317342	104325643	8301	0	4	51	0	mutual_excl	mutual_excl	2-1	2-1	True	55	0.947	0.09	gain	TP	FP
chr8	104317342	104338812	21470	1	3	16	0	mutual_excl	mutual_excl	2-1	2-1	True	20	0.947	0.078	gain	TP	FP
chr8	104317342	104340954	23612	1	3	14	0	mutual_excl	mutual_excl	2-1	2-1	True	18	0.947	0.089	gain	TP	FP
chr8	104338812	104369823	31011	3	2	1	0	mutual_excl	mutual_excl	2-1	2-1	True	6	0.078	0.197	gain	FP	TP
chr8	104340954	104369823	28869	5	2	2	0	mutual_excl	mutual_excl	2-1	2-1	True	9	0.089	0.197	gain	FP	TP
chr8	104461485	104485421	23936	8	5	3	0	mutual_excl	mutual_excl	2-1	2-1	True	16	0.261	0.218	gain	TP	TP
chr8	104472858	104485421	12563	30	8	8	0	mutual_excl	mutual_excl	2-1	2-1	True	46	0.27	0.218	gain	TP	TP
chr8	104610355	104632541	22186	9	8	11	0	mutual_excl	mutual_excl	2-1	2-1	True	28	0.182	0.222	gain	TP	TP
chr8	104726434	104746266	19832	14	1	5	0	mutual_excl	mutual_excl	2-1	2-1	True	20	0.306	0.07	gain	TP	FP
chr8	105031019	105044322	13303	32	6	5	0	mutual_excl	mutual_excl	1-1	1-1	True	43	0.074	0.153	gain	FP	TP
chr8	105104675	105111646	6971	30	3	24	0	mutual_excl	mutual_excl	1-1	1-1	True	57	0.406	0.056	gain	TP	FP
chr8	105201830	105219107	17277	23	9	1	0	mutual_excl	mutual_excl	2-1	2-1	True	33	0.043	0.223	gain	TP	TP
chr8	105485329	105490722	5393	44	15	11	0	mutual_excl	mutual_excl	1-1	1-1	True	70	0.188	0.231	gain	TP	TP
chr8	105536293	105547124	10831	36	3	13	0	mutual_excl	mutual_excl	1-1	1-1	True	52	0.278	0.083	gain	TP	FP
chr8	105546424	105564575	18151	15	5	1	0	mutual_excl	mutual_excl	1-1	1-1	True	21	0.082	0.209	gain	FP	TP
chr8	105546424	105564576	18152	15	5	1	0	mutual_excl	mutual_excl	1-1	1-1	True	21	0.082	0.209	gain	FP	TP
chr8	105547124	105564575	17451	14	6	2	0	mutual_excl	mutual_excl	1-1	1-1	True	22	0.083	0.209	gain	FP	TP
chr8	105547124	105564576	17452	14	6	2	0	mutual_excl	mutual_excl	1-1	1-1	True	22	0.083	0.209	gain	FP	TP
chr8	107019180	107038608	19428	6	6	3	0	mutual_excl	mutual_excl	2-1	2-1	True	15	0.265	0.257	gain	TP	TP
chr8	107038608	107060943	22335	5	11	3	0	mutual_excl	mutual_excl	2-1	2-1	True	19	0.257	0.519	gain	TP	TP
chr8	107127763	107140966	13203	20	9	20	0	mutual_excl	mutual_excl	2-1	2-1	True	49	0.323	0.24	gain	TP	TP
chr8	107497939	107528076	30137	1	6	2	0	mutual_excl	mutual_excl	2-1	2-1	True	9	0.216	0.453	gain	TP	TP
chr8	107500106	107528076	27970	3	7	2	0	mutual_excl	mutual_excl	2-1	2-1	True	12	0.225	0.453	gain	TP	TP
chr8	107675306	107681511	6205	16	9	23	0	mutual_excl	mutual_excl	2-1	2-1	True	48	0.485	0.211	gain	TP	TP
chr8	108083619	108088860	5241	22	14	27	0	mutual_excl	mutual_excl	2-1	2-1	True	63	0.52	0.24	gain	TP	TP
chr8	108083619	108103160	19541	7	7	11	0	mutual_excl	mutual_excl	2-1	2-1	True	25	0.52	0.246	gain	TP	TP
chr8	108088860	108103160	14300	23	11	9	0	mutual_excl	mutual_excl	2-1	2-1	True	43	0.24	0.246	gain	TP	TP
chr8	108326473	108349893	23420	12	6	4	0	mutual_excl	mutual_excl	2-1	2-1	True	22	0.273	0.274	gain	TP	TP
chr8	108569762	108572188	2426	50	19	22	0	mutual_excl	mutual_excl	2-1	2-1	True	91	0.239	0.223	gain	TP	TP
chr8	108798583	108825743	27160	3	3	7	0	mutual_excl	mutual_excl	1-1	1-1	True	13	0.453	0.2	gain	TP	TP
chr8	108808413	108825743	17330	14	4	5	0	mutual_excl	mutual_excl	1-1	1-1	True	23	0.146	0.2	gain	TP	TP
chr8	108825743	108825988	245	29	58	22	0	mutual_excl	mutual_excl	1-1	1-1	True	109	0.2	0.527	gain	TP	TP
chr8	108825743	108862716	36973	3	1	3	0	mutual_excl	mutual_excl	1-1	1-1	True	7	0.2	0.172	gain	TP	TP
chr8	108825988	108856932	30944	3	4	6	0	mutual_excl	mutual_excl	1-1	1-1	True	13	0.527	0.207	gain	TP	TP
chr8	108856932	108885813	28881	2	6	2	0	mutual_excl	mutual_excl	1-1	1-1	True	10	0.207	0.52	gain	TP	TP
chr8	109729434	109754770	25336	3	3	3	0	mutual_excl	mutual_excl	2-1	2-1	True	9	0.396	0.229	gain	TP	TP
chr8	109754770	109768464	13694	11	17	11	0	mutual_excl	mutual_excl	2-1	2-1	True	39	0.229	0.431	gain	TP	TP
chr8	110565681	110583102	17421	4	7	3	0	mutual_excl	mutual_excl	1-1	1-1	True	14	0.461	0.261	gain	TP	TP
chr8	110599741	110638407	38666	1	3	2	0	mutual_excl	mutual_excl	1-1	1-1	True	6	0.305	0.546	gain	TP	TP
chr8	111024324	111050037	25713	3	4	2	0	mutual_excl	mutual_excl	1-1	1-1	True	9	0.287	0.255	gain	TP	TP
chr8	111074299	111081187	6888	22	21	13	0	mutual_excl	mutual_excl	1-1	1-1	True	56	0.301	0.226	gain	TP	TP
chr8	111074299	111088790	14491	7	17	5	0	mutual_excl	mutual_excl	1-1	1-1	True	29	0.301	0.517	gain	TP	TP
chr8	111124428	111145676	21248	10	6	4	0	mutual_excl	mutual_excl	1-1	1-1	True	20	0.19	0.119	gain	TP	FP
chr8	111124428	111145913	21485	10	4	4	0	mutual_excl	mutual_excl	1-1	1-1	True	18	0.19	0.287	gain	TP	TP
chr8	111145676	111145913	237	56	29	11	0	mutual_excl	mutual_excl	1-1	1-1	True	96	0.119	0.287	gain	FP	TP
chr8	111185662	111206695	21033	13	2	3	0	mutual_excl	mutual_excl	1-1	1-1	True	18	0.183	0.194	gain	TP	TP
chr8	111249654	111255853	6199	33	13	14	0	mutual_excl	mutual_excl	1-1	1-1	True	60	0.262	0.216	gain	TP	TP
chr8	111333733	111350115	16382	18	12	12	0	mutual_excl	mutual_excl	1-1	1-1	True	42	0.281	0.207	gain	TP	TP
chr8	111682118	111688232	6114	43	29	18	0	mutual_excl	mutual_excl	1-1	1-1	True	90	0.179	0.261	gain	TP	TP
chr8	111682118	111701935	19817	27	4	6	0	mutual_excl	mutual_excl	1-1	1-1	True	37	0.179	0.2	gain	TP	TP
chr8	111682118	111716169	34051	1	1	4	0	mutual_excl	mutual_excl	1-1	1-1	True	6	0.179	0.193	gain	TP	TP
chr8	111688232	111701935	13703	31	8	18	0	mutual_excl	mutual_excl	1-1	1-1	True	57	0.261	0.2	gain	TP	TP
chr8	111969804	111988686	18882	12	4	7	0	mutual_excl	mutual_excl	1-1	1-1	True	23	0.307	0.216	gain	TP	TP
chr8	111988686	112003241	14555	18	8	10	0	mutual_excl	mutual_excl	1-1	1-1	True	36	0.216	0.15	gain	TP	TP
chr8	112261350	112275329	13979	18	6	14	0	mutual_excl	mutual_excl	1-1	1-1	True	38	0.346	0.156	gain	TP	TP
chr8	112261351	112275329	13978	19	6	14	0	mutual_excl	mutual_excl	1-1	1-1	True	39	0.341	0.156	gain	TP	TP
chr8	112275329	112280556	5227	56	18	17	0	mutual_excl	mutual_excl	1-1	1-1	True	91	0.156	0.165	gain	TP	TP
chr8	112399180	112425344	26164	8	3	4	0	mutual_excl	mutual_excl	1-1	1-1	True	15	0.192	0.141	gain	TP	TP
chr8	112521283	112550908	29625	10	4	2	0	mutual_excl	mutual_excl	1-1	1-1	True	16	0.067	0.195	gain	FP	TP
chr8	112695319	112715314	19995	20	4	7	0	mutual_excl	mutual_excl	1-1	1-1	True	31	0.217	0.156	gain	TP	TP
chr8	112699145	112715314	16169	18	4	21	0	mutual_excl	mutual_excl	1-1	1-1	True	43	0.448	0.156	gain	TP	TP
chr8	112982467	113006911	24444	6	1	5	0	mutual_excl	mutual_excl	1-1	1-1	True	12	0.248	0.056	gain	TP	FP
chr8	112982467	113008830	26363	6	1	5	0	mutual_excl	mutual_excl	1-1	1-1	True	12	0.248	0.041	gain	TP	FP
chr8	113050132	113064493	14361	0	1	36	0	mutual_excl	mutual_excl	3	3	True	37	0.967	0.06	gain	TP	FP
chr8	113050132	113066896	16764	0	1	29	0	mutual_excl	mutual_excl	3	3	True	30	0.967	0.049	gain	TP	FP
chr8	113121300	113135957	14657	33	7	11	0	mutual_excl	mutual_excl	2-1	2-1	True	51	0.185	0.181	gain	TP	TP
chr8	113135957	113159482	23525	9	3	5	0	mutual_excl	mutual_excl	2-1	2-1	True	17	0.181	0.207	gain	TP	TP
chr8	113159482	113181101	21619	13	3	4	0	mutual_excl	mutual_excl	2-1	2-1	True	20	0.207	0.084	gain	TP	FP
chr8	113159482	113184237	24755	12	2	2	0	mutual_excl	mutual_excl	2-1	2-1	True	16	0.207	0.065	gain	TP	FP
chr8	113551879	113561838	9959	20	10	23	0	mutual_excl	mutual_excl	1-1	1-1	True	53	0.349	0.23	gain	TP	TP
chr8	113626409	113637964	11555	28	8	5	0	mutual_excl	mutual_excl	1-1	1-1	True	41	0.14	0.214	gain	TP	TP
chr8	113637964	113654014	16050	11	16	7	0	mutual_excl	mutual_excl	1-1	1-1	True	34	0.214	0.478	gain	TP	TP
chr8	114119480	114135916	16436	26	6	5	0	mutual_excl	mutual_excl	1-1	1-1	True	37	0.227	0.129	gain	TP	TP
chr8	114129337	114135916	6579	46	8	17	0	mutual_excl	mutual_excl	1-1	1-1	True	71	0.246	0.129	gain	TP	TP
chr8	114243029	114243252	223	75	21	21	0	mutual_excl	mutual_excl	1-1	1-1	True	117	0.179	0.18	gain	TP	TP
chr8	114243029	114261818	18789	21	3	2	0	mutual_excl	mutual_excl	1-1	1-1	True	26	0.179	0.178	gain	TP	TP
chr8	114243252	114261818	18566	16	4	6	0	mutual_excl	mutual_excl	1-1	1-1	True	26	0.18	0.178	gain	TP	TP
chr8	114648442	114680248	31806	4	1	1	0	mutual_excl	mutual_excl	1-1	1-1	True	6	0.199	0.206	gain	TP	TP
chr8	114673698	114680248	6550	36	16	10	0	mutual_excl	mutual_excl	1-1	1-1	True	62	0.179	0.206	gain	TP	TP
chr8	114941802	114964778	22976	10	6	4	0	mutual_excl	mutual_excl	1-1	1-1	True	20	0.389	0.143	gain	TP	TP
chr8	114964778	114982566	17788	13	13	3	0	mutual_excl	mutual_excl	1-1	1-1	True	29	0.143	0.354	gain	TP	TP
chr8	115093788	115106718	12930	16	11	15	0	mutual_excl	mutual_excl	1-1	1-1	True	42	0.36	0.198	gain	TP	TP
chr8	115106718	115113110	6392	27	22	16	0	mutual_excl	mutual_excl	1-1	1-1	True	65	0.198	0.366	gain	TP	TP
chr8	116013052	116015281	2229	56	14	18	0	mutual_excl	mutual_excl	2-1	2-1	True	88	0.207	0.165	gain	TP	TP
chr8	116013052	116017700	4648	42	12	14	0	mutual_excl	mutual_excl	2-1	2-1	True	68	0.207	0.155	gain	TP	TP
chr8	116013052	116032261	19209	8	2	3	0	mutual_excl	mutual_excl	2-1	2-1	True	13	0.207	0.155	gain	TP	TP
chr8	116015281	116017700	2419	62	14	12	0	mutual_excl	mutual_excl	2-1	2-1	True	88	0.165	0.155	gain	TP	TP
chr8	116015281	116032261	16980	14	2	5	0	mutual_excl	mutual_excl	2-1	2-1	True	21	0.165	0.155	gain	TP	TP
chr8	116254899	116280347	25448	5	2	4	0	mutual_excl	mutual_excl	2-1	2-1	True	11	0.364	0.209	gain	TP	TP
chr8	116325297	116336539	11242	36	19	14	0	mutual_excl	mutual_excl	2-1	2-1	True	69	0.156	0.354	gain	TP	TP
chr8	116327362	116336539	9177	63	22	6	0	mutual_excl	mutual_excl	2-1	2-1	True	91	0.057	0.354	gain	FP	TP
chr8	116787579	116803716	16137	21	2	10	0	mutual_excl	mutual_excl	2-1	2-1	True	33	0.415	0.059	gain	TP	FP
chr8	117027962	117056527	28565	6	4	3	0	mutual_excl	mutual_excl	1-1	1-1	True	13	0.18	0.134	gain	TP	TP
chr8	117056527	117075350	18823	18	8	3	0	mutual_excl	mutual_excl	1-1	1-1	True	29	0.134	0.397	gain	TP	TP
chr8	117075350	117088440	13090	19	14	21	0	mutual_excl	mutual_excl	1-1	1-1	True	54	0.397	0.19	gain	TP	TP
chr8	117190486	117213309	22823	22	3	2	0	mutual_excl	mutual_excl	1-1	1-1	True	27	0.096	0.177	gain	FP	TP
chr8	117190486	117221580	31094	5	9	1	0	mutual_excl	mutual_excl	1-1	1-1	True	15	0.096	0.482	gain	FP	TP
chr8	117192750	117213309	20559	24	5	2	0	mutual_excl	mutual_excl	1-1	1-1	True	31	0.089	0.177	gain	FP	TP
chr8	117192750	117221580	28830	6	10	1	0	mutual_excl	mutual_excl	1-1	1-1	True	17	0.089	0.482	gain	FP	TP
chr8	117193107	117213309	20202	26	7	2	0	mutual_excl	mutual_excl	1-1	1-1	True	35	0.092	0.177	gain	FP	TP
chr8	117193107	117221580	28473	7	12	1	0	mutual_excl	mutual_excl	1-1	1-1	True	20	0.092	0.482	gain	FP	TP
chr8	117213309	117221580	8271	22	27	13	0	mutual_excl	mutual_excl	1-1	1-1	True	62	0.177	0.482	gain	TP	TP
chr8	117294212	117306844	12632	42	5	10	0	mutual_excl	mutual_excl	1-1	1-1	True	57	0.181	0.078	gain	TP	FP
chr8	117294212	117311364	17152	25	3	5	0	mutual_excl	mutual_excl	1-1	1-1	True	33	0.181	0.074	gain	TP	FP
chr8	117294212	117316985	22773	9	2	4	0	mutual_excl	mutual_excl	1-1	1-1	True	15	0.181	0.067	gain	TP	FP
chr8	117303024	117316985	13961	24	9	14	0	mutual_excl	mutual_excl	1-1	1-1	True	47	0.429	0.067	gain	TP	FP
chr8	117303024	117338385	35361	4	1	2	0	mutual_excl	mutual_excl	1-1	1-1	True	7	0.429	0.08	gain	TP	FP
chr8	117303024	117338752	35728	3	1	2	0	mutual_excl	mutual_excl	1-1	1-1	True	6	0.429	0.074	gain	TP	FP
chr8	117376975	117377547	572	60	16	40	0	mutual_excl	mutual_excl	2-1	2-1	True	116	0.341	0.131	gain	TP	TP
chr8	118339592	118353737	14145	26	11	8	0	mutual_excl	mutual_excl	2-1	2-1	True	45	0.21	0.215	gain	TP	TP
chr8	118671269	118695005	23736	9	2	16	0	mutual_excl	mutual_excl	1-1	1-1	True	27	0.406	0.157	gain	TP	TP
chr8	119014094	119017340	3246	62	21	17	0	mutual_excl	mutual_excl	1-1	1-1	True	100	0.178	0.201	gain	TP	TP
chr8	120549667	120553115	3448	4	85	13	0	mutual_excl	mutual_excl	1-1	1-1	True	102	0.152	0.814	gain	TP	TP
chr8	120711189	120729262	18073	21	5	3	0	mutual_excl	mutual_excl	1-1	1-1	True	29	0.068	0.207	gain	FP	TP
chr8	120857384	120869364	11980	44	5	4	0	mutual_excl	mutual_excl	2-1	2-1	True	53	0.097	0.141	gain	TP	TP
chr8	120910695	120942444	31749	3	1	2	0	mutual_excl	mutual_excl	2-1	2-1	True	6	0.305	0.144	gain	TP	TP
chr8	120942444	120967567	25123	8	4	2	0	mutual_excl	mutual_excl	2-1	2-1	True	14	0.144	0.284	gain	TP	TP
chr8	121077185	121084769	7584	50	12	20	0	mutual_excl	mutual_excl	2-1	2-1	True	82	0.285	0.15	gain	TP	TP
chr8	121246637	121283081	36444	3	2	3	0	mutual_excl	mutual_excl	2-1	2-1	True	8	0.478	0.136	gain	TP	TP
chr8	121283081	121323213	40132	5	3	1	0	mutual_excl	mutual_excl	2-1	2-1	True	9	0.136	0.223	gain	TP	TP
chr8	121465550	121478356	12806	40	15	14	0	mutual_excl	mutual_excl	2-1	2-1	True	69	0.213	0.199	gain	TP	TP
chr8	121730472	121742207	11735	33	11	8	0	mutual_excl	mutual_excl	2-1	2-1	True	52	0.125	0.266	gain	FP	TP
chr8	121734081	121742207	8126	46	22	8	0	mutual_excl	mutual_excl	2-1	2-1	True	76	0.091	0.266	gain	FP	TP
chr8	121734429	121742207	7778	45	22	6	0	mutual_excl	mutual_excl	2-1	2-1	True	73	0.081	0.266	gain	FP	TP
chr8	121873912	121883438	9526	1	2	51	0	mutual_excl	mutual_excl	2-1	2-1	True	54	0.92	0.076	gain	TP	FP
chr8	121957743	121966065	8322	35	15	3	0	mutual_excl	mutual_excl	2-1	2-1	True	53	0.076	0.276	gain	FP	TP
chr8	121957743	121972349	14606	28	6	2	0	mutual_excl	mutual_excl	2-1	2-1	True	36	0.076	0.173	gain	FP	TP
chr8	121957743	121978175	20432	17	9	1	0	mutual_excl	mutual_excl	2-1	2-1	True	27	0.076	0.413	gain	FP	TP
chr8	121957743	121981541	23798	9	10	1	0	mutual_excl	mutual_excl	2-1	2-1	True	20	0.076	0.305	gain	FP	TP
chr8	121966065	121972349	6284	35	13	23	0	mutual_excl	mutual_excl	2-1	2-1	True	71	0.276	0.173	gain	TP	TP
chr8	121972349	121978175	5826	35	37	12	0	mutual_excl	mutual_excl	2-1	2-1	True	84	0.173	0.413	gain	TP	TP
chr8	121972349	121981541	9192	32	26	11	0	mutual_excl	mutual_excl	2-1	2-1	True	69	0.173	0.305	gain	TP	TP
chr8	121978175	122016045	37870	1	3	2	0	mutual_excl	mutual_excl	2-1	2-1	True	6	0.413	0.199	gain	TP	TP
chr8	122193975	122210394	16419	12	12	10	0	mutual_excl	mutual_excl	2-1	2-1	True	34	0.306	0.378	gain	TP	TP
chr8	122399723	122410952	11229	31	6	12	0	mutual_excl	mutual_excl	2-1	2-1	True	49	0.169	0.197	gain	TP	TP
chr8	122399723	122419361	19638	19	2	4	0	mutual_excl	mutual_excl	2-1	2-1	True	25	0.169	0.137	gain	TP	TP
chr8	122745381	122769422	24041	11	1	3	0	mutual_excl	mutual_excl	2-1	2-1	True	15	0.195	0.163	gain	TP	TP
chr8	123135522	123140750	5228	60	14	13	0	mutual_excl	mutual_excl	2-1	2-1	True	87	0.177	0.184	gain	TP	TP
chr8	123140750	123178818	38068	3	1	2	0	mutual_excl	mutual_excl	2-1	2-1	True	6	0.184	0.174	gain	TP	TP
chr8	123167264	123182203	14939	26	11	20	0	mutual_excl	mutual_excl	2-1	2-1	True	57	0.294	0.202	gain	TP	TP
chr8	123178818	123182203	3385	79	21	23	0	mutual_excl	mutual_excl	2-1	2-1	True	123	0.174	0.202	gain	TP	TP
chr8	123178818	123209636	30818	9	5	1	0	mutual_excl	mutual_excl	2-1	2-1	True	15	0.174	0.252	gain	TP	TP
chr8	123209636	123220247	10611	43	10	13	0	mutual_excl	mutual_excl	2-1	2-1	True	66	0.252	0.204	gain	TP	TP
chr8	123209636	123233301	23665	18	4	3	0	mutual_excl	mutual_excl	2-1	2-1	True	25	0.252	0.177	gain	TP	TP
chr8	123209636	123246842	37206	4	1	1	0	mutual_excl	mutual_excl	2-1	2-1	True	6	0.252	0.099	gain	TP	TP
chr8	123220247	123233301	13054	33	8	12	0	mutual_excl	mutual_excl	2-1	2-1	True	53	0.204	0.177	gain	TP	TP
chr8	123233301	123246842	13541	49	10	12	0	mutual_excl	mutual_excl	2-1	2-1	True	71	0.177	0.099	gain	TP	TP
chr8	123275753	123291717	15964	12	21	5	0	mutual_excl	mutual_excl	2-1	2-1	True	38	0.13	0.324	gain	TP	TP
chr8	123291717	123306756	15039	32	5	19	0	mutual_excl	mutual_excl	2-1	2-1	True	56	0.324	0.129	gain	TP	TP
chr8	123291717	123309805	18088	18	10	10	0	mutual_excl	mutual_excl	2-1	2-1	True	38	0.324	0.203	gain	TP	TP
chr8	123306756	123309805	3049	93	32	16	0	mutual_excl	mutual_excl	2-1	2-1	True	141	0.129	0.203	gain	TP	TP
chr8	123346849	123356173	9324	33	10	17	0	mutual_excl	mutual_excl	2-1	2-1	True	60	0.234	0.147	gain	TP	TP
chr8	123356173	123375768	19595	21	2	5	0	mutual_excl	mutual_excl	2-1	2-1	True	28	0.147	0.169	gain	TP	TP
chr8	123441187	123446321	5134	48	10	11	0	mutual_excl	mutual_excl	2-1	2-1	True	69	0.149	0.149	gain	TP	TP
chr8	123586070	123598097	12027	28	12	11	0	mutual_excl	mutual_excl	1-1	1-1	True	51	0.154	0.2	gain	TP	TP
chr8	123723614	123736465	12851	38	6	9	0	mutual_excl	mutual_excl	1-1	1-1	True	53	0.244	0.051	gain	TP	TP
chr8	123736465	123768988	32523	3	3	1	0	mutual_excl	mutual_excl	1-1	1-1	True	7	0.051	0.388	gain	TP	TP
chr8	123768988	123772432	3444	56	18	46	0	mutual_excl	mutual_excl	1-1	1-1	True	120	0.388	0.156	gain	TP	TP
chr8	123816569	123826280	9711	66	23	21	0	mutual_excl	mutual_excl	1-1	1-1	True	110	0.194	0.228	gain	TP	TP
chr8	123826280	123856031	29751	13	1	1	0	mutual_excl	mutual_excl	1-1	1-1	True	15	0.228	0.091	gain	TP	FP
chr8	123869266	123906194	36928	7	2	1	0	mutual_excl	mutual_excl	1-1	1-1	True	10	0.121	0.117	gain	TP	TP
chr8	124014685	124043628	28943	3	2	4	0	mutual_excl	mutual_excl	1-1	1-1	True	9	0.169	0.338	gain	TP	TP
chr8	124014685	124043639	28954	4	1	4	0	mutual_excl	mutual_excl	1-1	1-1	True	9	0.169	0.315	gain	TP	TP
chr8	124173509	124203811	30302	7	1	3	0	mutual_excl	mutual_excl	1-1	1-1	True	11	0.173	0.109	gain	TP	TP
chr8	124203811	124238354	34543	4	3	1	0	mutual_excl	mutual_excl	1-1	1-1	True	8	0.109	0.349	gain	TP	TP
chr8	124203811	124238355	34544	4	3	1	0	mutual_excl	mutual_excl	1-1	1-1	True	8	0.109	0.34	gain	TP	TP
chr8	124203811	124238979	35168	5	2	1	0	mutual_excl	mutual_excl	1-1	1-1	True	8	0.109	0.321	gain	TP	TP
chr8	124238354	124238979	625	61	52	64	0	mutual_excl	mutual_excl	1-1	1-1	True	177	0.349	0.321	gain	TP	TP
chr8	124238355	124238979	624	61	53	62	0	mutual_excl	mutual_excl	1-1	1-1	True	176	0.34	0.321	gain	TP	TP
chr8	124792274	124805557	13283	43	5	8	0	mutual_excl	mutual_excl	1-1	1-1	True	56	0.227	0.137	gain	TP	TP
chr8	124792274	124805558	13284	44	6	9	0	mutual_excl	mutual_excl	1-1	1-1	True	59	0.227	0.138	gain	TP	TP
chr8	125094479	125100107	5628	61	15	38	0	mutual_excl	mutual_excl	2-1	2-1	True	114	0.279	0.136	gain	TP	TP
chr8	125100107	125102411	2304	93	24	22	0	mutual_excl	mutual_excl	2-1	2-1	True	139	0.136	0.197	gain	TP	TP
chr8	125161475	125174462	12987	40	5	7	0	mutual_excl	mutual_excl	2-1	2-1	True	52	0.11	0.121	gain	TP	TP
chr8	125575083	125578529	3446	98	22	15	0	mutual_excl	mutual_excl	2-1	2-1	True	135	0.121	0.17	gain	TP	TP
chr8	125706264	125726169	19905	20	6	6	0	mutual_excl	mutual_excl	2-1	2-1	True	32	0.193	0.175	gain	TP	TP
chr8	125726169	125760540	34371	6	1	1	0	mutual_excl	mutual_excl	2-1	2-1	True	8	0.175	0.168	gain	TP	TP
chr8	125822376	125838044	15668	43	5	8	0	mutual_excl	mutual_excl	2-1	2-1	True	56	0.135	0.136	gain	TP	TP
chr8	125917922	125927054	9132	42	26	11	0	mutual_excl	mutual_excl	2-1	2-1	True	79	0.185	0.355	gain	TP	TP
chr8	125917922	125948710	30788	13	1	1	0	mutual_excl	mutual_excl	2-1	2-1	True	15	0.185	0.125	gain	TP	TP
chr8	125927054	125948710	21656	10	2	15	0	mutual_excl	mutual_excl	2-1	2-1	True	27	0.355	0.125	gain	TP	TP
chr8	126001169	126015280	14111	35	5	4	0	mutual_excl	mutual_excl	2-1	2-1	True	44	0.243	0.115	gain	TP	TP
chr8	126081995	126122515	40520	3	1	2	0	mutual_excl	mutual_excl	2-1	2-1	True	6	0.173	0.161	gain	TP	TP
chr8	126122515	126124101	1586	86	16	20	0	mutual_excl	mutual_excl	2-1	2-1	True	122	0.161	0.153	gain	TP	TP
chr8	126124101	126139098	14997	32	9	7	0	mutual_excl	mutual_excl	2-1	2-1	True	48	0.153	0.172	gain	TP	TP
chr8	126359538	126388335	28797	11	3	2	0	mutual_excl	mutual_excl	2-1	2-1	True	16	0.161	0.166	gain	TP	TP
chr8	126359538	126393044	33506	5	6	1	0	mutual_excl	mutual_excl	2-1	2-1	True	12	0.161	0.274	gain	TP	TP
chr8	126376788	126388335	11547	57	13	10	0	mutual_excl	mutual_excl	2-1	2-1	True	80	0.133	0.166	gain	TP	TP
chr8	126376788	126393044	16256	27	18	8	0	mutual_excl	mutual_excl	2-1	2-1	True	53	0.133	0.274	gain	TP	TP
chr8	126376788	126406825	30037	10	2	2	0	mutual_excl	mutual_excl	2-1	2-1	True	14	0.133	0.157	gain	TP	TP
chr8	126388335	126393044	4709	67	33	16	0	mutual_excl	mutual_excl	2-1	2-1	True	116	0.166	0.274	gain	TP	TP
chr8	126388335	126406825	18490	32	5	6	0	mutual_excl	mutual_excl	2-1	2-1	True	43	0.166	0.157	gain	TP	TP
chr8	126469325	126490386	21061	16	5	3	0	mutual_excl	mutual_excl	2-1	2-1	True	24	0.163	0.156	gain	TP	TP
chr8	126584306	126603338	19032	19	4	7	0	mutual_excl	mutual_excl	2-1	2-1	True	30	0.17	0.175	gain	TP	TP
chr8	126987841	127024960	37119	7	2	4	0	mutual_excl	mutual_excl	2-1	2-1	True	13	0.198	0.162	gain	TP	TP
chr8	127150821	127151210	389	106	19	28	0	mutual_excl	mutual_excl	2-1	2-1	True	153	0.185	0.125	gain	TP	TP
chr8	127150821	127160432	9611	56	11	12	0	mutual_excl	mutual_excl	2-1	2-1	True	79	0.185	0.122	gain	TP	TP
chr8	127150821	127164469	13648	42	12	8	0	mutual_excl	mutual_excl	2-1	2-1	True	62	0.185	0.161	gain	TP	TP
chr8	127150821	127166788	15967	40	6	4	0	mutual_excl	mutual_excl	2-1	2-1	True	50	0.185	0.159	gain	TP	TP
chr8	127151210	127160432	9222	59	11	8	0	mutual_excl	mutual_excl	2-1	2-1	True	78	0.125	0.122	gain	TP	TP
chr8	127151210	127164469	13259	44	12	5	0	mutual_excl	mutual_excl	2-1	2-1	True	61	0.125	0.161	gain	TP	TP
chr8	127160432	127164469	4037	97	23	22	0	mutual_excl	mutual_excl	2-1	2-1	True	142	0.122	0.161	gain	TP	TP
chr8	127160432	127166788	6356	77	19	19	0	mutual_excl	mutual_excl	2-1	2-1	True	115	0.122	0.159	gain	TP	TP
chr8	127164469	127166788	2319	96	22	25	0	mutual_excl	mutual_excl	2-1	2-1	True	143	0.161	0.159	gain	TP	TP
chr8	127215764	127219094	3330	89	20	47	0	mutual_excl	mutual_excl	2-1	2-1	True	156	0.297	0.156	gain	TP	TP
chr8	127215764	127221981	6217	76	17	37	0	mutual_excl	mutual_excl	2-1	2-1	True	130	0.297	0.147	gain	TP	TP
chr8	127215764	127244231	28467	7	2	5	0	mutual_excl	mutual_excl	2-1	2-1	True	14	0.297	0.086	gain	TP	TP
chr8	127221981	127244231	22250	13	3	1	0	mutual_excl	mutual_excl	2-1	2-1	True	17	0.147	0.086	gain	TP	TP
chr8	127455628	127467931	12303	47	17	10	0	mutual_excl	mutual_excl	2-1	2-1	True	74	0.159	0.265	gain	TP	TP
chr8	127535738	127542511	6773	60	14	28	0	mutual_excl	mutual_excl	2-1	2-1	True	102	0.328	0.133	gain	TP	TP
chr8	127535738	127559091	23353	20	4	10	0	mutual_excl	mutual_excl	2-1	2-1	True	34	0.328	0.188	gain	TP	TP
chr8	127542511	127559091	16580	37	7	3	0	mutual_excl	mutual_excl	2-1	2-1	True	47	0.133	0.188	gain	TP	TP
chr8	127542511	127561682	19171	32	4	2	0	mutual_excl	mutual_excl	2-1	2-1	True	38	0.133	0.121	gain	TP	TP
chr8	127559091	127561682	2591	100	17	28	0	mutual_excl	mutual_excl	2-1	2-1	True	145	0.188	0.121	gain	TP	TP
chr8	127674542	127705291	30749	3	1	6	0	mutual_excl	mutual_excl	2-1	2-1	True	10	0.341	0.16	gain	TP	TP
chr8	127705291	127711143	5852	47	35	15	0	mutual_excl	mutual_excl	2-1	2-1	True	97	0.16	0.302	gain	TP	TP
chr8	128001267	128009160	7893	54	25	12	0	mutual_excl	mutual_excl	2-1	2-1	True	91	0.155	0.282	gain	TP	TP
chr8	128150737	128183038	32301	8	1	2	0	mutual_excl	mutual_excl	2-1	2-1	True	11	0.307	0.185	gain	TP	TP
chr8	128303676	128303804	128	97	14	42	0	mutual_excl	mutual_excl	2-1	2-1	True	153	0.28	0.088	gain	TP	FP
chr8	128352154	128382539	30385	4	7	2	0	mutual_excl	mutual_excl	2-1	2-1	True	13	0.086	0.251	gain	TP	TP
chr8	128770949	128783248	12299	55	13	9	0	mutual_excl	mutual_excl	2-1	2-1	True	77	0.153	0.143	gain	TP	TP
chr8	128919350	128931009	11659	51	6	4	0	mutual_excl	mutual_excl	2-1	2-1	True	61	0.141	0.126	gain	FP	TP
chr8	128919350	128954001	34651	5	1	2	0	mutual_excl	mutual_excl	2-1	2-1	True	8	0.141	0.178	gain	FP	TP
chr8	128931009	128954001	22992	25	5	4	0	mutual_excl	mutual_excl	2-1	2-1	True	34	0.126	0.178	gain	TP	TP
chr8	129027574	129043574	16000	17	4	9	0	mutual_excl	mutual_excl	2-1	2-1	True	30	0.291	0.163	gain	TP	TP
chr8	129158386	129182510	24124	7	6	8	0	mutual_excl	mutual_excl	2-1	2-1	True	21	0.211	0.304	gain	TP	TP
chr8	129166198	129182510	16312	16	12	11	0	mutual_excl	mutual_excl	2-1	2-1	True	39	0.185	0.304	gain	TP	TP
chr8	129182510	129190729	8219	44	18	27	0	mutual_excl	mutual_excl	2-1	2-1	True	89	0.304	0.161	gain	TP	TP
chr8	129346568	129356693	10125	47	14	15	0	mutual_excl	mutual_excl	2-1	2-1	True	76	0.146	0.176	gain	TP	TP
chr8	129356693	129377265	20572	20	4	6	0	mutual_excl	mutual_excl	2-1	2-1	True	30	0.176	0.124	gain	TP	TP
chr8	129540022	129567272	27250	9	3	5	0	mutual_excl	mutual_excl	2-1	2-1	True	17	0.321	0.151	gain	TP	TP
chr8	129540022	129568754	28732	6	2	3	0	mutual_excl	mutual_excl	2-1	2-1	True	11	0.321	0.138	gain	TP	TP
chr8	129671443	129707903	36460	5	1	3	0	mutual_excl	mutual_excl	2-1	2-1	True	9	0.18	0.146	gain	TP	TP
chr8	129679005	129707903	28898	8	1	2	0	mutual_excl	mutual_excl	2-1	2-1	True	11	0.125	0.146	gain	TP	TP
chr8	129695801	129707903	12102	39	8	10	0	mutual_excl	mutual_excl	2-1	2-1	True	57	0.155	0.146	gain	TP	TP
chr8	129695802	129707903	12101	39	9	10	0	mutual_excl	mutual_excl	2-1	2-1	True	58	0.156	0.146	gain	TP	TP
chr8	129707903	129736881	28978	7	1	2	0	mutual_excl	mutual_excl	2-1	2-1	True	10	0.146	0.173	gain	TP	TP
chr8	130036571	130040707	4136	42	34	40	0	mutual_excl	mutual_excl	2-1	2-1	True	116	0.373	0.312	gain	TP	TP
chr8	130538079	130560637	22558	13	7	9	0	mutual_excl	mutual_excl	2-1	2-1	True	29	0.136	0.317	gain	TP	TP
chr8	130999010	131020123	21113	21	3	6	0	mutual_excl	mutual_excl	2-1	2-1	True	30	0.197	0.185	gain	TP	TP
chr8	130999010	131028206	29196	6	4	4	0	mutual_excl	mutual_excl	2-1	2-1	True	14	0.197	0.282	gain	TP	TP
chr8	131106198	131120575	14377	27	22	2	0	mutual_excl	mutual_excl	2-1	2-1	True	51	0.155	0.29	gain	TP	TP
chr8	131106198	131134667	28469	9	1	2	0	mutual_excl	mutual_excl	2-1	2-1	True	12	0.155	0.14	gain	TP	TP
chr8	131120575	131134667	14092	26	10	11	0	mutual_excl	mutual_excl	2-1	2-1	True	47	0.29	0.14	gain	TP	TP
chr8	131134667	131155464	20797	25	3	4	0	mutual_excl	mutual_excl	2-1	2-1	True	32	0.14	0.175	gain	TP	TP
chr8	131241040	131278821	37781	7	2	1	0	mutual_excl	mutual_excl	2-1	2-1	True	10	0.144	0.143	gain	TP	TP
chr8	132099309	132100024	715	104	26	23	0	mutual_excl	mutual_excl	2-1	2-1	True	153	0.149	0.164	gain	TP	TP
chr8	132099309	132107980	8671	44	21	10	0	mutual_excl	mutual_excl	2-1	2-1	True	75	0.149	0.238	gain	TP	TP
chr8	132099309	132114881	15572	39	5	5	0	mutual_excl	mutual_excl	2-1	2-1	True	49	0.149	0.112	gain	TP	TP
chr8	132099309	132141243	41934	3	2	1	0	mutual_excl	mutual_excl	2-1	2-1	True	6	0.149	0.325	gain	TP	TP
chr8	132100024	132107980	7956	50	22	10	0	mutual_excl	mutual_excl	2-1	2-1	True	82	0.164	0.238	gain	TP	TP
chr8	132100024	132115985	15961	37	4	4	0	mutual_excl	mutual_excl	2-1	2-1	True	45	0.164	0.124	gain	TP	TP
chr8	132107980	132114881	6901	61	11	23	0	mutual_excl	mutual_excl	2-1	2-1	True	95	0.238	0.112	gain	TP	TP
chr8	132107980	132115985	8005	57	6	21	0	mutual_excl	mutual_excl	2-1	2-1	True	84	0.238	0.124	gain	TP	TP
chr8	132107980	132141243	33263	8	3	1	0	mutual_excl	mutual_excl	2-1	2-1	True	12	0.238	0.325	gain	TP	TP
chr8	132114881	132115985	1104	116	16	16	0	mutual_excl	mutual_excl	2-1	2-1	True	148	0.112	0.124	gain	TP	TP
chr8	132114881	132141243	26362	13	4	2	0	mutual_excl	mutual_excl	2-1	2-1	True	19	0.112	0.325	gain	TP	TP
chr8	132115985	132141243	25258	14	4	2	0	mutual_excl	mutual_excl	2-1	2-1	True	20	0.124	0.325	gain	TP	TP
chr8	132202537	132206175	3638	63	17	17	0	mutual_excl	mutual_excl	2-1	2-1	True	97	0.192	0.208	gain	TP	TP
chr8	132202537	132215688	13151	36	4	15	0	mutual_excl	mutual_excl	2-1	2-1	True	55	0.192	0.163	gain	TP	TP
chr8	132202537	132215689	13152	36	5	15	0	mutual_excl	mutual_excl	2-1	2-1	True	56	0.192	0.167	gain	TP	TP
chr8	132206175	132215688	9513	50	5	14	0	mutual_excl	mutual_excl	2-1	2-1	True	69	0.208	0.163	gain	TP	TP
chr8	132206175	132215689	9514	50	5	14	0	mutual_excl	mutual_excl	2-1	2-1	True	69	0.208	0.167	gain	TP	TP
chr8	132330248	132345925	15677	22	8	2	0	mutual_excl	mutual_excl	2-1	2-1	True	32	0.179	0.201	gain	TP	TP
chr8	132411612	132437248	25636	11	5	3	0	mutual_excl	mutual_excl	2-1	2-1	True	19	0.142	0.339	gain	TP	TP
chr8	132411612	132441306	29694	10	1	3	0	mutual_excl	mutual_excl	2-1	2-1	True	14	0.142	0.193	gain	TP	TP
chr8	132437248	132441306	4058	66	24	42	0	mutual_excl	mutual_excl	2-1	2-1	True	132	0.339	0.193	gain	TP	TP
chr8	132437248	132453573	16325	21	12	16	0	mutual_excl	mutual_excl	2-1	2-1	True	49	0.339	0.213	gain	TP	TP
chr8	132441306	132453573	12267	34	12	12	0	mutual_excl	mutual_excl	2-1	2-1	True	58	0.193	0.213	gain	TP	TP
chr8	132512513	132517692	5179	49	42	13	0	mutual_excl	mutual_excl	2-1	2-1	True	104	0.118	0.38	gain	TP	TP
chr8	132517692	132543658	25966	8	4	4	0	mutual_excl	mutual_excl	2-1	2-1	True	16	0.38	0.189	gain	TP	TP
chr8	132517692	132549922	32230	3	1	3	0	mutual_excl	mutual_excl	2-1	2-1	True	7	0.38	0.197	gain	TP	TP
chr8	132521661	132543658	21997	9	5	8	0	mutual_excl	mutual_excl	2-1	2-1	True	22	0.297	0.189	gain	TP	TP
chr8	132521661	132549922	28261	3	1	4	0	mutual_excl	mutual_excl	2-1	2-1	True	8	0.297	0.197	gain	TP	TP
chr8	132555156	132561782	6626	33	11	29	0	mutual_excl	mutual_excl	3	3	True	73	0.378	0.154	gain	TP	TP
chr8	132620729	132653414	32685	6	1	2	0	mutual_excl	mutual_excl	1-1	1-1	True	9	0.213	0.134	gain	TP	TP
chr8	132644600	132653414	8814	71	14	10	0	mutual_excl	mutual_excl	1-1	1-1	True	95	0.124	0.134	gain	TP	TP
chr8	132644600	132660434	15834	38	7	7	0	mutual_excl	mutual_excl	1-1	1-1	True	52	0.124	0.196	gain	TP	TP
chr8	132768883	132796121	27238	14	1	3	0	mutual_excl	mutual_excl	1-1	1-1	True	18	0.166	0.17	gain	TP	TP
chr8	132999571	133008798	9227	34	31	7	0	mutual_excl	mutual_excl	1-1	1-1	True	72	0.112	0.389	gain	TP	TP
chr8	133036535	133044329	7794	44	17	13	0	mutual_excl	mutual_excl	1-1	1-1	True	74	0.162	0.194	gain	TP	TP
chr8	133416475	133426846	10371	35	11	6	0	mutual_excl	mutual_excl	1-1	1-1	True	52	0.158	0.203	gain	TP	TP
chr8	133523137	133529848	6711	63	11	13	0	mutual_excl	mutual_excl	1-1	1-1	True	87	0.165	0.133	gain	TP	TP
chr8	133523137	133556283	33146	4	1	2	0	mutual_excl	mutual_excl	1-1	1-1	True	7	0.165	0.214	gain	TP	TP
chr8	133623804	133634592	10788	36	22	9	0	mutual_excl	mutual_excl	1-1	1-1	True	67	0.125	0.355	gain	TP	TP
chr8	133678798	133684570	5772	44	12	31	0	mutual_excl	mutual_excl	1-1	1-1	True	87	0.318	0.153	gain	TP	TP
chr8	133678798	133696130	17332	17	9	12	0	mutual_excl	mutual_excl	1-1	1-1	True	38	0.318	0.198	gain	TP	TP
chr8	133678798	133699555	20757	14	4	9	0	mutual_excl	mutual_excl	1-1	1-1	True	27	0.318	0.096	gain	TP	TP
chr8	133678798	133713379	34581	3	3	2	0	mutual_excl	mutual_excl	1-1	1-1	True	8	0.318	0.209	gain	TP	TP
chr8	133684570	133696130	11560	36	16	8	0	mutual_excl	mutual_excl	1-1	1-1	True	60	0.153	0.198	gain	TP	TP
chr8	133684570	133699555	14985	34	4	7	0	mutual_excl	mutual_excl	1-1	1-1	True	45	0.153	0.096	gain	TP	TP
chr8	133684570	133718236	33666	3	2	1	0	mutual_excl	mutual_excl	1-1	1-1	True	6	0.153	0.294	gain	TP	TP
chr8	133696130	133713379	17249	32	14	4	0	mutual_excl	mutual_excl	1-1	1-1	True	50	0.198	0.209	gain	TP	TP
chr8	133696130	133718236	22106	15	12	4	0	mutual_excl	mutual_excl	1-1	1-1	True	31	0.198	0.294	gain	TP	TP
chr8	133699555	133713379	13824	36	16	7	0	mutual_excl	mutual_excl	1-1	1-1	True	59	0.096	0.209	gain	TP	TP
chr8	133699555	133718236	18681	21	13	5	0	mutual_excl	mutual_excl	1-1	1-1	True	39	0.096	0.294	gain	TP	TP
chr8	133896910	133928785	31875	5	1	1	0	mutual_excl	mutual_excl	1-1	1-1	True	7	0.17	0.154	gain	TP	TP
chr8	133928785	133937909	9124	42	6	8	0	mutual_excl	mutual_excl	1-1	1-1	True	56	0.154	0.158	gain	TP	TP
chr8	133937909	133955882	17973	20	14	7	0	mutual_excl	mutual_excl	1-1	1-1	True	41	0.158	0.372	gain	TP	TP
chr8	134219908	134237069	17161	24	19	9	0	mutual_excl	mutual_excl	1-1	1-1	True	52	0.119	0.307	gain	TP	TP
chr8	134499732	134526211	26479	8	14	1	0	mutual_excl	mutual_excl	1-1	1-1	True	23	0.126	0.42	gain	TP	TP
chr8	134526211	134551400	25189	6	2	10	0	mutual_excl	mutual_excl	1-1	1-1	True	18	0.42	0.184	gain	TP	TP
chr8	134526211	134551401	25190	6	2	10	0	mutual_excl	mutual_excl	1-1	1-1	True	18	0.42	0.195	gain	TP	TP
chr8	134821851	134843136	21285	9	6	17	0	mutual_excl	mutual_excl	1-1	1-1	True	32	0.358	0.286	gain	TP	TP
chr8	134942250	134943904	1654	67	23	19	0	mutual_excl	mutual_excl	1-1	1-1	True	109	0.173	0.198	gain	TP	TP
chr8	134942250	134970699	28449	6	2	3	0	mutual_excl	mutual_excl	1-1	1-1	True	11	0.173	0.248	gain	TP	TP
chr8	134943904	134970699	26795	7	3	3	0	mutual_excl	mutual_excl	1-1	1-1	True	13	0.198	0.248	gain	TP	TP
chr8	135064529	135092520	27991	10	3	4	0	mutual_excl	mutual_excl	1-1	1-1	True	17	0.122	0.339	gain	TP	TP
chr8	135137632	135149248	11616	29	9	22	0	mutual_excl	mutual_excl	1-1	1-1	True	60	0.38	0.23	gain	TP	TP
chr8	135191681	135211544	19863	22	6	4	0	mutual_excl	mutual_excl	1-1	1-1	True	32	0.162	0.191	gain	TP	TP
chr8	135211544	135219947	8403	71	14	16	0	mutual_excl	mutual_excl	1-1	1-1	True	101	0.191	0.162	gain	TP	TP
chr8	135331213	135348496	17283	5	15	14	0	mutual_excl	mutual_excl	1-1	1-1	True	34	0.301	0.463	gain	TP	TP
chr8	135534739	135544604	9865	40	7	9	0	mutual_excl	mutual_excl	2-1	2-1	True	56	0.168	0.181	gain	TP	TP
chr8	135682650	135692852	10202	40	8	22	0	mutual_excl	mutual_excl	2-1	2-1	True	70	0.352	0.112	gain	TP	TP
chr8	135682650	135697715	15065	21	12	16	0	mutual_excl	mutual_excl	2-1	2-1	True	49	0.352	0.238	gain	TP	TP
chr8	135692852	135697715	4863	64	28	11	0	mutual_excl	mutual_excl	2-1	2-1	True	103	0.112	0.238	gain	TP	TP
chr8	135786170	135787431	1261	78	45	22	0	mutual_excl	mutual_excl	2-1	2-1	True	145	0.14	0.329	gain	TP	TP
chr8	135786170	135806534	20364	13	10	2	0	mutual_excl	mutual_excl	2-1	2-1	True	25	0.14	0.377	gain	TP	TP
chr8	136163826	136169141	5315	71	21	15	0	mutual_excl	mutual_excl	2-1	2-1	True	107	0.143	0.176	gain	TP	TP
chr8	136272440	136280878	8438	52	7	11	0	mutual_excl	mutual_excl	1-1	1-1	True	70	0.147	0.131	gain	TP	TP
chr8	136280878	136316160	35282	5	2	1	0	mutual_excl	mutual_excl	1-1	1-1	True	8	0.131	0.132	gain	TP	TP
chr8	136464584	136480147	15563	11	13	15	0	mutual_excl	mutual_excl	1-1	1-1	True	39	0.36	0.3	gain	TP	TP
chr8	136621258	136649317	28059	8	5	1	0	mutual_excl	mutual_excl	1-1	1-1	True	14	0.094	0.307	gain	TP	TP
chr8	136649317	136676479	27162	9	1	5	0	mutual_excl	mutual_excl	1-1	1-1	True	15	0.307	0.168	gain	TP	TP
chr8	136732293	136735353	3060	82	24	17	0	mutual_excl	mutual_excl	1-1	1-1	True	123	0.156	0.179	gain	FP	TP
chr8	136732293	136739021	6728	45	32	14	0	mutual_excl	mutual_excl	1-1	1-1	True	91	0.156	0.374	gain	FP	TP
chr8	136732293	136755226	22933	18	5	4	0	mutual_excl	mutual_excl	1-1	1-1	True	27	0.156	0.136	gain	FP	TP
chr8	136735353	136739021	3668	59	43	18	0	mutual_excl	mutual_excl	1-1	1-1	True	120	0.179	0.374	gain	TP	TP
chr8	136735353	136755226	19873	25	5	7	0	mutual_excl	mutual_excl	1-1	1-1	True	37	0.179	0.136	gain	TP	TP
chr8	136735353	136764115	28762	9	1	3	0	mutual_excl	mutual_excl	1-1	1-1	True	13	0.179	0.156	gain	TP	TP
chr8	136739021	136755226	16205	19	8	16	0	mutual_excl	mutual_excl	1-1	1-1	True	43	0.374	0.136	gain	TP	TP
chr8	136755226	136764115	8889	50	9	10	0	mutual_excl	mutual_excl	1-1	1-1	True	69	0.136	0.156	gain	TP	TP
chr8	136764115	136774015	9900	30	19	11	0	mutual_excl	mutual_excl	1-1	1-1	True	60	0.156	0.338	gain	TP	TP
chr8	136968142	136975123	6981	62	15	18	0	mutual_excl	mutual_excl	1-1	1-1	True	95	0.176	0.158	gain	TP	TP
chr8	137333074	137356849	23775	8	4	3	0	mutual_excl	mutual_excl	2-1	2-1	True	15	0.131	0.377	gain	TP	TP
chr8	137673820	137688774	14954	20	14	9	0	mutual_excl	mutual_excl	2-1	2-1	True	43	0.187	0.336	gain	TP	TP
chr8	137673820	137689627	15807	20	11	9	0	mutual_excl	mutual_excl	2-1	2-1	True	40	0.187	0.208	gain	TP	TP
chr8	137747836	137761480	13644	24	8	15	0	mutual_excl	mutual_excl	2-1	2-1	True	47	0.326	0.144	gain	TP	TP
chr8	137936838	137959228	22390	9	4	8	0	mutual_excl	mutual_excl	2-1	2-1	True	21	0.2	0.139	gain	TP	TP
chr8	137959228	137985997	26769	4	4	3	0	mutual_excl	mutual_excl	2-1	2-1	True	11	0.139	0.31	gain	TP	TP
chr8	137974932	137985997	11065	39	20	12	0	mutual_excl	mutual_excl	2-1	2-1	True	71	0.18	0.31	gain	TP	TP
chr8	137974932	138007668	32736	3	2	2	0	mutual_excl	mutual_excl	2-1	2-1	True	7	0.18	0.17	gain	TP	TP
chr8	138227123	138232538	5415	57	13	19	0	mutual_excl	mutual_excl	2-1	2-1	True	89	0.181	0.174	gain	TP	TP
chr8	138296269	138315457	19188	20	7	7	0	mutual_excl	mutual_excl	2-1	2-1	True	34	0.203	0.208	gain	TP	TP
chr8	138737577	138746692	9115	46	12	7	0	mutual_excl	mutual_excl	1-1	1-1	True	65	0.121	0.193	gain	TP	TP
chr8	138737577	138757146	19569	16	7	5	0	mutual_excl	mutual_excl	1-1	1-1	True	28	0.121	0.349	gain	TP	TP
chr8	138746692	138757146	10454	27	22	11	0	mutual_excl	mutual_excl	1-1	1-1	True	60	0.193	0.349	gain	TP	TP
chr8	138790655	138793157	2502	63	17	35	0	mutual_excl	mutual_excl	1-1	1-1	True	115	0.307	0.187	gain	TP	TP
chr8	138790655	138801072	10417	25	19	19	0	mutual_excl	mutual_excl	1-1	1-1	True	63	0.307	0.326	gain	TP	TP
chr8	138793157	138801072	7915	38	29	14	0	mutual_excl	mutual_excl	1-1	1-1	True	81	0.187	0.326	gain	TP	TP
chr8	139040744	139050650	9906	52	16	11	0	mutual_excl	mutual_excl	1-1	1-1	True	79	0.144	0.256	gain	TP	TP
chr8	139335700	139367124	31424	6	1	4	0	mutual_excl	mutual_excl	1-1	1-1	True	11	0.285	0.17	gain	TP	TP
chr8	139367124	139383276	16152	9	5	4	0	mutual_excl	mutual_excl	1-1	1-1	True	18	0.17	0.172	gain	TP	TP
chr8	139367124	139402576	35452	2	3	2	0	mutual_excl	mutual_excl	1-1	1-1	True	7	0.17	0.205	gain	TP	TP
chr8	139416832	139442617	25785	11	4	1	0	mutual_excl	mutual_excl	1-1	1-1	True	16	0.138	0.187	gain	TP	TP
chr8	139614884	139630551	15667	14	25	8	0	mutual_excl	mutual_excl	1-1	1-1	True	47	0.186	0.468	gain	TP	TP
chr8	139708328	139730169	21841	12	19	4	0	mutual_excl	mutual_excl	1-1	1-1	True	35	0.117	0.333	gain	TP	TP
chr8	139806874	139814522	7648	46	13	11	0	mutual_excl	mutual_excl	1-1	1-1	True	70	0.115	0.164	gain	TP	TP
chr8	139955071	139957772	2701	50	39	21	0	mutual_excl	mutual_excl	1-1	1-1	True	110	0.2	0.347	gain	TP	TP
chr8	139955071	139969595	14524	40	8	11	0	mutual_excl	mutual_excl	1-1	1-1	True	59	0.2	0.132	gain	TP	TP
chr8	139955071	139985821	30750	9	2	4	0	mutual_excl	mutual_excl	1-1	1-1	True	15	0.2	0.194	gain	TP	TP
chr8	139957772	139969595	11823	35	9	28	0	mutual_excl	mutual_excl	1-1	1-1	True	72	0.347	0.132	gain	TP	TP
chr8	139957772	139985821	28049	9	4	9	0	mutual_excl	mutual_excl	1-1	1-1	True	22	0.347	0.194	gain	TP	TP
chr8	139969595	139985821	16226	29	8	3	0	mutual_excl	mutual_excl	1-1	1-1	True	40	0.132	0.194	gain	TP	TP
chr8	140074682	140103015	28333	1	3	4	0	mutual_excl	mutual_excl	1-1	1-1	True	8	0.253	0.348	gain	TP	TP
chr8	140805052	140805454	402	101	29	25	0	mutual_excl	mutual_excl	2-1	2-1	True	155	0.156	0.177	gain	TP	TP
chr8	140805052	140824899	19847	21	1	7	0	mutual_excl	mutual_excl	2-1	2-1	True	29	0.156	0.116	gain	TP	TP
chr8	140805454	140818848	13394	51	5	9	0	mutual_excl	mutual_excl	2-1	2-1	True	65	0.177	0.124	gain	TP	TP
chr8	140805454	140824899	19445	25	2	7	0	mutual_excl	mutual_excl	2-1	2-1	True	34	0.177	0.116	gain	TP	TP
chr8	140818848	140824899	6051	78	11	10	0	mutual_excl	mutual_excl	2-1	2-1	True	99	0.124	0.116	gain	TP	TP
chr8	141479057	141480564	1507	106	19	26	0	mutual_excl	mutual_excl	2-1	2-1	True	151	0.152	0.126	gain	TP	TP
chr8	141536910	141562382	25472	4	6	1	0	mutual_excl	mutual_excl	2-1	2-1	True	11	0.186	0.368	gain	TP	TP
chr8	141786571	141799617	13046	33	3	8	0	mutual_excl	mutual_excl	2-1	2-1	True	44	0.127	0.135	gain	TP	TP
chr8	141799057	141799617	560	96	18	28	0	mutual_excl	mutual_excl	2-1	2-1	True	142	0.224	0.135	gain	TP	TP
chr8	141897178	141926485	29307	7	1	4	0	mutual_excl	mutual_excl	2-1	2-1	True	12	0.333	0.11	gain	TP	TP
chr8	141907487	141926485	18998	22	2	6	0	mutual_excl	mutual_excl	2-1	2-1	True	30	0.371	0.11	gain	TP	TP
chr8	141926485	141946716	20231	15	2	1	0	mutual_excl	mutual_excl	2-1	2-1	True	18	0.11	0.167	gain	TP	TP
chr8	142146806	142152313	5507	49	13	28	0	mutual_excl	mutual_excl	2-1	2-1	True	90	0.362	0.173	gain	TP	TP
chr8	142152313	142166567	14254	17	14	5	0	mutual_excl	mutual_excl	2-1	2-1	True	36	0.173	0.319	gain	TP	TP
chr8	142539895	142562637	22742	8	8	6	0	mutual_excl	mutual_excl	2-1	2-1	True	22	0.167	0.169	gain	TP	TP
chr8	142562637	142573846	11209	47	8	13	0	mutual_excl	mutual_excl	2-1	2-1	True	68	0.169	0.112	gain	TP	TP
chr8	142562637	142586452	23815	14	5	4	0	mutual_excl	mutual_excl	2-1	2-1	True	23	0.169	0.145	gain	TP	TP
chr8	142573846	142586452	12606	33	7	9	0	mutual_excl	mutual_excl	2-1	2-1	True	49	0.112	0.145	gain	TP	TP
chr8	142857649	142861897	4248	94	18	13	0	mutual_excl	mutual_excl	2-1	2-1	True	125	0.138	0.146	gain	TP	TP
chr8	142857649	142875211	17562	32	4	2	0	mutual_excl	mutual_excl	2-1	2-1	True	38	0.138	0.152	gain	TP	TP
chr8	142857649	142879934	22285	18	14	2	0	mutual_excl	mutual_excl	2-1	2-1	True	34	0.138	0.306	gain	TP	TP
chr8	142861897	142875211	13314	41	6	11	0	mutual_excl	mutual_excl	2-1	2-1	True	58	0.146	0.152	gain	TP	TP
chr8	142861897	142879934	18037	27	19	6	0	mutual_excl	mutual_excl	2-1	2-1	True	52	0.146	0.306	gain	TP	TP
chr8	142875211	142879934	4723	59	37	20	0	mutual_excl	mutual_excl	2-1	2-1	True	116	0.152	0.306	gain	TP	TP
chr8	142879934	142896113	16179	22	5	10	0	mutual_excl	mutual_excl	2-1	2-1	True	37	0.306	0.136	gain	TP	TP
chr8	142920229	142925531	5302	39	31	35	0	mutual_excl	mutual_excl	2-1	2-1	True	105	0.323	0.318	gain	TP	TP
chr8	143799017	143824771	25754	20	7	5	0	mutual_excl	mutual_excl	2-1	2-1	True	32	0.195	0.32	gain	TP	TP
chr8	143805314	143824771	19457	26	12	5	0	mutual_excl	mutual_excl	2-1	2-1	True	43	0.176	0.32	gain	TP	TP
chr8	143895756	143914247	18491	16	9	4	0	mutual_excl	mutual_excl	2-1	2-1	True	29	0.164	0.319	gain	TP	TP
chr8	144025792	144027376	1584	71	22	36	0	mutual_excl	mutual_excl	1-1	1-1	True	129	0.288	0.172	gain	TP	TP
chr8	144027376	144028065	689	109	25	27	0	mutual_excl	mutual_excl	1-1	1-1	True	161	0.172	0.161	gain	TP	TP
chr8	144216897	144224999	8102	48	6	12	0	mutual_excl	mutual_excl	1-1	1-1	True	66	0.154	0.056	gain	TP	FP
chr8	144474144	144500974	26830	14	5	2	0	mutual_excl	mutual_excl	2-1	2-1	True	21	0.137	0.156	gain	TP	TP
chr8	144642869	144650628	7759	54	32	20	0	mutual_excl	mutual_excl	3	3	True	106	0.194	0.296	gain	TP	TP
chr8	144642869	144655319	12450	59	6	15	0	mutual_excl	mutual_excl	3	3	True	80	0.194	0.138	gain	TP	TP
chr8	144811108	144823940	12832	44	15	6	0	mutual_excl	mutual_excl	2-1	2-1	True	65	0.11	0.28	gain	TP	TP
chr8	144864241	144895692	31451	1	2	4	0	mutual_excl	mutual_excl	3	3	True	7	0.352	0.299	gain	TP	TP
chr8	144878996	144895692	16696	5	8	15	0	mutual_excl	mutual_excl	3	3	True	28	0.407	0.299	gain	TP	TP
chr8	144895692	144929114	33422	3	3	4	0	mutual_excl	mutual_excl	3	3	True	10	0.299	0.335	gain	TP	TP
chr8	144915897	144916258	361	107	21	28	0	mutual_excl	mutual_excl	2-1	2-1	True	156	0.201	0.132	gain	TP	TP
chr8	144915897	144935080	19183	15	6	6	0	mutual_excl	mutual_excl	2-1	2-1	True	27	0.201	0.176	gain	TP	TP
chr8	144916258	144917252	994	72	44	19	0	mutual_excl	mutual_excl	2-1	2-1	True	135	0.132	0.336	gain	TP	TP
chr8	144916258	144919296	3038	67	34	16	0	mutual_excl	mutual_excl	2-1	2-1	True	117	0.132	0.318	gain	TP	TP
chr8	144917252	144935080	17828	16	6	6	0	mutual_excl	mutual_excl	2-1	2-1	True	28	0.336	0.176	gain	TP	TP
chr8	144919296	144935080	15784	22	7	4	0	mutual_excl	mutual_excl	2-1	2-1	True	33	0.318	0.176	gain	TP	TP
chr13	19057725	19074970	17245	5	5	3	0	mutual_excl	mutual_excl	1-1	1-1	True	13	0.182	0.351	gain	TP	TP
chr13	19057726	19074970	17244	6	5	3	0	mutual_excl	mutual_excl	1-1	1-1	True	14	0.193	0.351	gain	TP	TP
chr13	32728425	32740726	12301	14	13	3	0	mutual_excl	mutual_excl	2-1	2-1	True	30	0.25	0.262	gain	TP	TP
chr13	32830865	32854575	23710	13	2	3	0	mutual_excl	mutual_excl	2-1	2-1	True	18	0.244	0.148	gain	TP	TP
chr13	34026828	34038859	12031	26	14	6	0	mutual_excl	mutual_excl	1-1	1-1	True	46	0.212	0.21	gain	TP	TP
chr13	34234062	34248714	14652	18	9	7	0	mutual_excl	mutual_excl	1-1	1-1	True	34	0.205	0.198	gain	TP	TP
chr13	34234062	34248734	14672	18	9	7	0	mutual_excl	mutual_excl	1-1	1-1	True	34	0.205	0.198	gain	TP	TP
chr13	34235619	34248714	13095	14	10	15	0	mutual_excl	mutual_excl	1-1	1-1	True	39	0.452	0.198	gain	TP	TP
chr13	34235619	34248734	13115	14	10	15	0	mutual_excl	mutual_excl	1-1	1-1	True	39	0.452	0.198	gain	TP	TP
chr13	34248714	34258801	10087	30	4	13	0	mutual_excl	mutual_excl	1-1	1-1	True	47	0.198	0.114	gain	TP	FP
chr13	34248734	34258801	10067	30	4	13	0	mutual_excl	mutual_excl	1-1	1-1	True	47	0.198	0.114	gain	TP	FP
chr13	34334101	34337885	3784	41	25	17	0	mutual_excl	mutual_excl	1-1	1-1	True	83	0.224	0.284	gain	TP	TP
chr13	34337885	34366860	28975	8	3	3	0	mutual_excl	mutual_excl	1-1	1-1	True	14	0.284	0.183	gain	TP	TP
chr13	34366860	34380145	13285	28	8	10	0	mutual_excl	mutual_excl	1-1	1-1	True	46	0.183	0.184	gain	TP	TP
chr13	35866904	35872823	5919	38	15	17	0	mutual_excl	mutual_excl	2-1	2-1	True	70	0.217	0.152	gain	TP	TP
chr13	35987888	35993012	5124	52	12	20	0	mutual_excl	mutual_excl	2-1	2-1	True	84	0.225	0.122	gain	TP	TP
chr13	37346078	37357528	11450	23	2	14	0	mutual_excl	mutual_excl	2-1	2-1	True	39	0.29	0.144	gain	TP	TP
chr13	44027498	44050945	23447	6	3	3	0	mutual_excl	mutual_excl	2-1	2-1	True	12	0.204	0.218	gain	TP	TP
chr13	44941888	44976455	34567	0	1	5	0	mutual_excl	mutual_excl	2-1	2-1	True	6	0.283	0.242	gain	TP	TP
chr13	47347140	47368011	20871	20	4	2	0	mutual_excl	mutual_excl	1-1	1-1	True	26	0.183	0.243	gain	TP	TP
chr13	48278243	48294525	16282	7	2	7	0	mutual_excl	mutual_excl	2-1	2-1	True	16	0.289	0.301	gain	TP	TP
chr13	63545390	63559139	13749	9	1	3	0	mutual_excl	mutual_excl	1-1	1-1	True	13	0.361	0.222	loh	TP	FP
chr13	67745158	67745981	823	0	11	28	0	mutual_excl	mutual_excl	1-1	1-1	True	39	0.714	0.286	loh	TP	TP
chr13	68162169	68170614	8445	3	17	9	0	mutual_excl	mutual_excl	1-1	1-1	True	29	0.413	0.617	loh	TP	TP
chr13	70676817	70686041	9224	1	6	9	0	mutual_excl	mutual_excl	2-1	2-1	True	16	0.543	0.459	loh	TP	TP
chr13	72134159	72138949	4790	2	8	20	0	mutual_excl	mutual_excl	2-1	2-1	True	30	0.612	0.333	loh	TP	TP
chr13	72398436	72413821	15385	1	7	2	0	mutual_excl	mutual_excl	1-1	1-1	True	10	0.311	0.372	loh	TP	TP
chr13	72829895	72835965	6070	10	17	4	0	mutual_excl	mutual_excl	2-1	2-1	True	31	0.133	0.535	loh	FP	TP
chr13	73095753	73101061	5308	30	1	2	0	mutual_excl	mutual_excl	2-1	2-1	True	33	0.062	0.091	loh	FP	TP
chr13	73095753	73117831	22078	1	10	1	0	mutual_excl	mutual_excl	2-1	2-1	True	12	0.062	0.909	loh	FP	TP
chr13	73100078	73101061	983	34	3	3	0	mutual_excl	mutual_excl	2-1	2-1	True	40	0.085	0.091	loh	FP	TP
chr13	76114854	76121099	6245	0	8	14	0	mutual_excl	mutual_excl	1-1	1-1	True	22	0.585	0.333	loh	TP	TP
chr13	85479188	85481811	2623	2	18	21	0	mutual_excl	mutual_excl	1-1	1-1	True	41	0.491	0.412	loh	TP	TP
chr13	94384050	94395849	11799	1	10	9	0	mutual_excl	mutual_excl	1-1	1-1	True	20	0.407	0.583	loh	TP	TP
chr13	95064297	95077922	13625	14	5	1	0	mutual_excl	mutual_excl	1-1	1-1	True	20	0.077	0.404	loh	FP	TP
chr13	95076344	95077922	1578	1	17	21	0	mutual_excl	mutual_excl	1-1	1-1	True	39	0.568	0.404	loh	TP	TP
chr13	98077724	98078907	1183	0	31	4	0	mutual_excl	mutual_excl	1-1	1-1	True	35	0.122	0.881	loh	FP	TP
chr13	101018191	101026221	8030	2	19	10	0	mutual_excl	mutual_excl	2-1	2-1	True	31	0.373	0.604	loh	TP	TP
chr13	107882111	107887200	5089	1	1	21	0	mutual_excl	mutual_excl	1-1	1-1	True	23	0.904	0.054	loh	TP	FP
chr13	107882111	107892494	10383	0	1	12	0	mutual_excl	mutual_excl	1-1	1-1	True	13	0.904	0.048	loh	TP	FP
chr13	107887200	107900451	13251	0	7	2	0	mutual_excl	mutual_excl	1-1	1-1	True	9	0.054	0.9	loh	FP	TP
chr13	107892494	107900451	7957	0	17	2	0	mutual_excl	mutual_excl	1-1	1-1	True	19	0.048	0.9	loh	FP	TP
chr13	109497531	109509569	12038	2	1	14	0	mutual_excl	mutual_excl	2-1	2-1	True	17	0.886	0.054	loh	TP	FP
chr13	111595286	111603945	8659	4	15	13	0	mutual_excl	mutual_excl	2-1	2-1	True	32	0.357	0.537	loh	TP	TP
chr18	6740407	6760358	19951	2	8	3	0	mutual_excl	mutual_excl	2-1	2-1	True	13	0.44	0.458	loh	TP	TP
chr18	12990555	12995363	4808	46	11	12	0	mutual_excl	mutual_excl	1-1	1-1	True	69	0.196	0.217	gain	TP	TP
chr18	23493781	23493873	92	78	7	10	0	mutual_excl	mutual_excl	1-1	1-1	True	95	0.1	0.08	gain	FP	FP
chr18	24980475	25010811	30336	3	4	2	0	mutual_excl	mutual_excl	1-1	1-1	True	9	0.155	0.214	gain	TP	TP
chr18	26838996	26852265	13269	33	10	5	0	mutual_excl	mutual_excl	1-1	1-1	True	48	0.234	0.175	gain	TP	TP
chr18	40448973	40450421	1448	47	20	22	0	mutual_excl	mutual_excl	2-1	2-1	True	89	0.245	0.234	gain	TP	TP
chr18	40695399	40723447	28048	5	1	3	0	mutual_excl	mutual_excl	1-1	1-1	True	9	0.22	0.214	gain	TP	TP
chr18	40720695	40723447	2752	51	16	22	0	mutual_excl	mutual_excl	1-1	1-1	True	89	0.244	0.214	gain	TP	TP
chr18	42301756	42325199	23443	9	3	5	0	mutual_excl	mutual_excl	2-1	2-1	True	17	0.28	0.237	gain	TP	TP
chr18	53523665	53523904	239	51	18	26	0	mutual_excl	mutual_excl	2-1	2-1	True	95	0.252	0.189	gain	TP	TP
chr18	53921538	53935482	13944	24	14	19	0	mutual_excl	mutual_excl	2-1	2-1	True	57	0.313	0.316	gain	TP	TP
chr18	54467395	54481564	14169	28	9	12	0	mutual_excl	mutual_excl	2-1	2-1	True	49	0.296	0.129	gain	TP	TP
chr18	54715760	54733354	17594	18	8	13	0	mutual_excl	mutual_excl	1-1	1-1	True	39	0.288	0.209	gain	TP	TP
chr18	54717982	54733354	15372	26	8	8	0	mutual_excl	mutual_excl	1-1	1-1	True	42	0.091	0.209	gain	FP	TP
chr18	54733354	54760284	26930	12	1	2	0	mutual_excl	mutual_excl	1-1	1-1	True	15	0.209	0.16	gain	TP	TP
chr18	54947510	54967594	20084	14	11	5	0	mutual_excl	mutual_excl	2-1	2-1	True	30	0.304	0.306	gain	TP	TP
chr18	55008586	55013892	5306	35	46	27	0	mutual_excl	mutual_excl	2-1	2-1	True	108	0.301	0.365	gain	TP	TP
chr18	55008586	55017651	9065	40	18	21	0	mutual_excl	mutual_excl	2-1	2-1	True	79	0.301	0.202	gain	TP	TP
chr18	56051090	56069567	18477	15	3	6	0	mutual_excl	mutual_excl	2-1	2-1	True	24	0.115	0.201	gain	TP	TP
chr18	56407207	56418071	10864	27	17	19	0	mutual_excl	mutual_excl	2-1	2-1	True	63	0.331	0.196	gain	TP	TP
chr18	57100445	57101705	1260	55	55	40	0	mutual_excl	mutual_excl	3	3	True	150	0.253	0.363	gain	TP	TP
chr18	57357852	57375781	17929	30	8	3	0	mutual_excl	mutual_excl	1-1	1-1	True	41	0.138	0.183	gain	TP	TP
chr18	79666556	79668114	1558	3	19	15	0	mutual_excl	mutual_excl	3	3	True	37	0.395	0.521	loss	TP	TP
chr4	137686	139136	1450	3	39	2	0	mutual_excl	mutual_excl	2-1	2-1	True	44	0.068	0.907	neutral	FP	TP
chr4	436127	442068	5941	6	16	15	0	mutual_excl	mutual_excl	2-1	2-1	True	37	0.45	0.493	neutral	TP	TP
chr4	1573231	1591236	18005	6	7	1	0	mutual_excl	mutual_excl	2-1	2-1	True	14	0.074	0.594	loh	FP	TP
chr4	3465100	3484419	19319	5	2	4	0	mutual_excl	mutual_excl	1-1	1-1	True	11	0.411	0.072	loh	TP	FP
chr4	3465100	3485510	20410	4	2	4	0	mutual_excl	mutual_excl	1-1	1-1	True	10	0.411	0.103	loh	TP	FP
chr4	3702921	3720376	17455	1	4	1	0	mutual_excl	mutual_excl	2-1	2-1	True	6	0.083	0.9	loh	FP	TP
chr4	3704535	3720376	15841	1	4	1	0	mutual_excl	mutual_excl	2-1	2-1	True	6	0.083	0.9	loh	FP	TP
chr4	5407207	5426350	19143	2	5	3	0	mutual_excl	mutual_excl	2-1	2-1	True	10	0.378	0.093	loh	TP	FP
chr4	5407207	5428145	20938	2	5	2	0	mutual_excl	mutual_excl	2-1	2-1	True	9	0.378	0.121	loh	TP	FP
chr4	7512449	7528810	16361	1	8	4	0	mutual_excl	mutual_excl	2-1	2-1	True	13	0.536	0.551	loh	TP	TP
chr4	7968612	7983921	15309	0	1	14	0	mutual_excl	mutual_excl	2-1	2-1	True	15	0.969	0.106	loh	TP	FP
chr4	7969355	7983921	14566	1	1	16	0	mutual_excl	mutual_excl	2-1	2-1	True	18	0.938	0.106	loh	TP	FP
chr4	10325662	10339723	14061	11	3	9	0	mutual_excl	mutual_excl	2-1	2-1	True	23	0.466	0.092	loh	TP	FP
chr4	10339723	10350788	11065	17	2	3	0	mutual_excl	mutual_excl	2-1	2-1	True	22	0.092	0.233	loh	FP	TP
chr4	18469698	18471482	1784	1	16	2	0	mutual_excl	mutual_excl	1-1	1-1	True	19	0.087	0.897	loss	FP	TP
chr4	28571651	28571955	304	29	3	45	0	mutual_excl	mutual_excl	2-1	2-1	True	77	0.588	0.037	gain	TP	FP
chr4	32154409	32162612	8203	14	7	5	0	mutual_excl	mutual_excl	1-1	1-1	True	26	0.234	0.306	gain	TP	TP
chr4	33182956	33184077	1121	27	17	21	0	mutual_excl	mutual_excl	1-1	1-1	True	65	0.314	0.247	gain	TP	TP
chr4	36972018	36984881	12863	11	2	17	0	mutual_excl	mutual_excl	2-1	2-1	True	30	0.585	0.056	gain	TP	FP
chr4	37033058	37057370	24312	4	1	5	0	mutual_excl	mutual_excl	2-1	2-1	True	10	0.256	0.079	gain	TP	FP
chr4	38053854	38058253	4399	18	20	15	0	mutual_excl	mutual_excl	1-1	1-1	True	53	0.246	0.299	neutral	TP	TP
chr4	39436884	39454364	17480	10	14	1	0	mutual_excl	mutual_excl	1-1	1-1	True	25	0.047	0.61	neutral	FP	TP
chr4	39436884	39460442	23558	13	2	1	0	mutual_excl	mutual_excl	1-1	1-1	True	16	0.047	0.333	neutral	FP	TP
chr4	39439541	39454364	14823	10	20	1	0	mutual_excl	mutual_excl	1-1	1-1	True	31	0.048	0.61	neutral	FP	TP
chr4	39439541	39460442	20901	14	3	1	0	mutual_excl	mutual_excl	1-1	1-1	True	18	0.048	0.333	neutral	FP	TP
chr4	55318042	55340362	22320	3	2	8	0	mutual_excl	mutual_excl	1-1	1-1	True	13	0.286	0.312	gain	TP	TP
chr4	57357541	57361782	4241	20	11	21	0	mutual_excl	mutual_excl	2-1	2-1	True	52	0.413	0.212	gain	TP	TP
chr4	57969733	57996887	27154	2	2	2	0	mutual_excl	mutual_excl	2-1	2-1	True	6	0.269	0.328	gain	TP	TP
chr4	67891726	67925317	33591	6	2	3	0	mutual_excl	mutual_excl	2-1	2-1	True	11	0.333	0.253	gain	TP	TP
chr4	68662515	68664637	2122	36	19	4	0	mutual_excl	mutual_excl	2-1	2-1	True	59	0.056	0.366	gain	FP	TP
chr4	68664637	68664778	141	41	4	26	0	mutual_excl	mutual_excl	2-1	2-1	True	71	0.366	0.056	gain	TP	FP
chr4	71409828	71418217	8389	14	5	12	0	mutual_excl	mutual_excl	1-1	1-1	True	31	0.406	0.253	gain	TP	TP
chr4	73637179	73638388	1209	1	28	43	0	mutual_excl	mutual_excl	3	3	True	72	0.624	0.385	gain	TP	TP
chr4	84022334	84023803	1469	47	23	2	0	mutual_excl	mutual_excl	1-1	1-1	True	72	0.049	0.291	gain	FP	TP
chr4	85322674	85340728	18054	6	2	2	0	mutual_excl	mutual_excl	1-1	1-1	True	10	0.329	0.268	gain	TP	TP
chr4	88538466	88563016	24550	11	3	6	0	mutual_excl	mutual_excl	1-1	1-1	True	20	0.205	0.191	gain	TP	TP
chr4	88973803	88997337	23534	8	2	2	0	mutual_excl	mutual_excl	1-1	1-1	True	12	0.289	0.202	gain	TP	TP
chr4	90965786	90976928	11142	12	12	5	0	mutual_excl	mutual_excl	1-1	1-1	True	29	0.234	0.302	gain	TP	TP
chr4	91276407	91299680	23273	4	2	3	0	mutual_excl	mutual_excl	1-1	1-1	True	9	0.209	0.29	gain	TP	TP
chr4	91812254	91827109	14855	17	12	9	0	mutual_excl	mutual_excl	1-1	1-1	True	38	0.233	0.264	gain	TP	TP
chr4	91827109	91845887	18778	12	11	9	0	mutual_excl	mutual_excl	1-1	1-1	True	32	0.264	0.303	gain	TP	TP
chr4	93764553	93792156	27603	10	4	1	0	mutual_excl	mutual_excl	1-1	1-1	True	15	0.264	0.267	gain	TP	TP
chr4	93968866	94007664	38798	2	1	4	0	mutual_excl	mutual_excl	1-1	1-1	True	7	0.234	0.189	gain	TP	TP
chr4	95006785	95017131	10346	17	17	13	0	mutual_excl	mutual_excl	1-1	1-1	True	47	0.303	0.3	gain	TP	TP
chr4	95451757	95475008	23251	11	3	5	0	mutual_excl	mutual_excl	2-1	2-1	True	19	0.123	0.169	gain	TP	TP
chr4	97074713	97075290	577	45	37	26	0	mutual_excl	mutual_excl	1-1	1-1	True	108	0.22	0.347	gain	TP	TP
chr4	97402622	97442002	39380	2	4	4	0	mutual_excl	mutual_excl	1-1	1-1	True	10	0.309	0.159	gain	TP	TP
chr4	98536513	98553959	17446	10	5	12	0	mutual_excl	mutual_excl	2-1	2-1	True	27	0.364	0.289	gain	TP	TP
chr4	98851446	98864181	12735	19	11	10	0	mutual_excl	mutual_excl	2-1	2-1	True	40	0.238	0.248	gain	TP	TP
chr4	98981391	99015553	34162	4	1	1	0	mutual_excl	mutual_excl	1-1	1-1	True	6	0.261	0.282	gain	TP	TP
chr4	98986435	99015553	29118	7	3	1	0	mutual_excl	mutual_excl	1-1	1-1	True	11	0.233	0.282	gain	TP	TP
chr4	99385953	99394217	8264	22	18	19	0	mutual_excl	mutual_excl	1-1	1-1	True	59	0.302	0.27	gain	TP	TP
chr4	99798206	99811762	13556	14	11	8	0	mutual_excl	mutual_excl	1-1	1-1	True	33	0.257	0.196	gain	TP	TP
chr4	100961694	100970762	9068	27	9	8	0	mutual_excl	mutual_excl	2-1	2-1	True	44	0.177	0.234	gain	TP	TP
chr4	101975766	101989380	13614	14	7	9	0	mutual_excl	mutual_excl	1-1	1-1	True	30	0.287	0.371	gain	TP	TP
chr4	103145956	103177232	31276	6	2	3	0	mutual_excl	mutual_excl	1-1	1-1	True	11	0.194	0.283	gain	TP	TP
chr4	104272872	104296323	23451	5	2	9	0	mutual_excl	mutual_excl	1-1	1-1	True	16	0.312	0.221	gain	TP	TP
chr4	104343972	104371821	27849	3	4	1	0	mutual_excl	mutual_excl	1-1	1-1	True	8	0.216	0.269	gain	TP	TP
chr4	106708409	106711000	2591	44	16	15	0	mutual_excl	mutual_excl	2-1	2-1	True	75	0.233	0.255	gain	TP	TP
chr4	107927180	107950646	23466	0	3	3	0	mutual_excl	mutual_excl	1-1	1-1	True	6	0.211	0.275	gain	TP	TP
chr4	108009752	108035508	25756	3	2	1	0	mutual_excl	mutual_excl	1-1	1-1	True	6	0.211	0.238	gain	TP	TP
chr4	108176050	108190418	14368	7	13	6	0	mutual_excl	mutual_excl	1-1	1-1	True	26	0.256	0.321	gain	TP	TP
chr4	108496800	108502031	5231	26	12	13	0	mutual_excl	mutual_excl	1-1	1-1	True	51	0.274	0.277	gain	TP	TP
chr4	108606546	108615128	8582	11	10	9	0	mutual_excl	mutual_excl	3	3	True	30	0.423	0.243	gain	TP	TP
chr4	108606546	108623130	16584	5	7	4	0	mutual_excl	mutual_excl	3	3	True	16	0.423	0.342	gain	TP	TP
chr4	108615128	108623130	8002	14	14	5	0	mutual_excl	mutual_excl	3	3	True	33	0.243	0.342	gain	TP	TP
chr4	110314779	110316104	1325	39	31	32	0	mutual_excl	mutual_excl	1-1	1-1	True	102	0.31	0.287	gain	TP	TP
chr4	111902619	111924206	21587	7	6	3	0	mutual_excl	mutual_excl	1-1	1-1	True	16	0.344	0.226	gain	TP	TP
chr4	112278288	112297657	19369	7	6	7	0	mutual_excl	mutual_excl	1-1	1-1	True	20	0.293	0.211	gain	TP	TP
chr4	114193199	114209221	16022	16	15	8	0	mutual_excl	mutual_excl	1-1	1-1	True	39	0.239	0.303	gain	TP	TP
chr4	114209221	114234633	25412	6	3	4	0	mutual_excl	mutual_excl	1-1	1-1	True	13	0.303	0.26	gain	TP	TP
chr4	114629803	114648997	19194	8	3	2	0	mutual_excl	mutual_excl	2-1	2-1	True	13	0.089	0.333	gain	TP	TP
chr4	115565016	115595799	30783	2	4	3	0	mutual_excl	mutual_excl	2-1	2-1	True	9	0.333	0.273	gain	TP	TP
chr4	116422502	116436064	13562	19	9	7	0	mutual_excl	mutual_excl	1-1	1-1	True	35	0.187	0.278	gain	TP	TP
chr4	116432059	116436064	4005	38	15	12	0	mutual_excl	mutual_excl	1-1	1-1	True	65	0.181	0.278	gain	TP	TP
chr4	117842670	117863716	21046	7	3	6	0	mutual_excl	mutual_excl	2-1	2-1	True	16	0.25	0.193	gain	TP	TP
chr4	121338443	121339548	1105	45	17	20	0	mutual_excl	mutual_excl	2-1	2-1	True	82	0.237	0.193	gain	TP	TP
chr4	121339548	121351465	11917	14	9	5	0	mutual_excl	mutual_excl	2-1	2-1	True	28	0.193	0.315	gain	TP	TP
chr4	121902255	121919310	17055	1	7	9	0	mutual_excl	mutual_excl	3	3	True	17	0.462	0.365	gain	TP	TP
chr4	121919310	121929368	10058	14	14	19	0	mutual_excl	mutual_excl	3	3	True	47	0.365	0.32	gain	TP	TP
chr4	122319913	122351112	31199	3	2	1	0	mutual_excl	mutual_excl	1-1	1-1	True	6	0.239	0.205	gain	TP	TP
chr4	122411481	122417670	6189	32	11	25	0	mutual_excl	mutual_excl	3	3	True	68	0.304	0.241	gain	TP	TP
chr4	124293632	124297313	3681	34	16	8	0	mutual_excl	mutual_excl	2-1	2-1	True	58	0.147	0.238	gain	TP	TP
chr4	124293632	124306718	13086	19	11	3	0	mutual_excl	mutual_excl	2-1	2-1	True	33	0.147	0.393	gain	TP	TP
chr4	125516006	125541297	25291	5	5	5	0	mutual_excl	mutual_excl	1-1	1-1	True	15	0.312	0.259	gain	TP	TP
chr4	125836309	125836369	60	48	26	18	0	mutual_excl	mutual_excl	1-1	1-1	True	92	0.186	0.289	gain	TP	TP
chr4	126590739	126619394	28655	3	1	3	0	mutual_excl	mutual_excl	3	3	True	7	0.434	0.31	gain	TP	TP
chr4	126681681	126687868	6187	29	15	14	0	mutual_excl	mutual_excl	3	3	True	58	0.19	0.295	gain	FP	TP
chr4	126684053	126687868	3815	39	24	19	0	mutual_excl	mutual_excl	3	3	True	82	0.212	0.295	gain	TP	TP
chr4	126687868	126700069	12201	20	13	14	0	mutual_excl	mutual_excl	3	3	True	47	0.295	0.262	gain	TP	TP
chr4	126700069	126732280	32211	2	1	4	0	mutual_excl	mutual_excl	3	3	True	7	0.262	0.39	gain	TP	TP
chr4	126798652	126803904	5252	43	12	12	0	mutual_excl	mutual_excl	2-1	2-1	True	67	0.179	0.193	gain	TP	TP
chr4	128243459	128247531	4072	42	16	12	0	mutual_excl	mutual_excl	2-1	2-1	True	70	0.2	0.221	gain	TP	TP
chr4	128310638	128320133	9495	20	10	14	0	mutual_excl	mutual_excl	1-1	1-1	True	44	0.29	0.255	gain	TP	TP
chr4	128615811	128633756	17945	9	3	4	0	mutual_excl	mutual_excl	3	3	True	16	0.264	0.235	gain	TP	TP
chr4	128633756	128654507	20751	6	2	6	0	mutual_excl	mutual_excl	3	3	True	14	0.235	0.256	gain	TP	TP
chr4	130064929	130093272	28343	2	1	3	0	mutual_excl	mutual_excl	1-1	1-1	True	6	0.191	0.196	gain	TP	TP
chr4	130222541	130249544	27003	4	3	3	0	mutual_excl	mutual_excl	1-1	1-1	True	10	0.223	0.269	gain	TP	TP
chr4	130297951	130323373	25422	5	1	3	0	mutual_excl	mutual_excl	1-1	1-1	True	9	0.278	0.185	gain	TP	TP
chr4	130318484	130323373	4889	24	9	13	0	mutual_excl	mutual_excl	1-1	1-1	True	46	0.26	0.185	gain	TP	TP
chr4	130839251	130865032	25781	4	2	1	0	mutual_excl	mutual_excl	1-1	1-1	True	7	0.238	0.26	gain	TP	TP
chr4	131745274	131778675	33401	4	1	1	0	mutual_excl	mutual_excl	2-1	2-1	True	6	0.1	0.495	gain	FP	TP
chr4	131745330	131778675	33345	4	1	1	0	mutual_excl	mutual_excl	2-1	2-1	True	6	0.089	0.495	gain	FP	TP
chr4	131745722	131778675	32953	4	1	1	0	mutual_excl	mutual_excl	2-1	2-1	True	6	0.097	0.495	gain	FP	TP
chr4	133542686	133568522	25836	4	2	1	0	mutual_excl	mutual_excl	1-1	1-1	True	7	0.302	0.21	gain	TP	TP
chr4	134774820	134798467	23647	5	2	4	0	mutual_excl	mutual_excl	1-1	1-1	True	11	0.208	0.214	gain	TP	TP
chr4	136198074	136204826	6752	23	11	15	0	mutual_excl	mutual_excl	1-1	1-1	True	49	0.24	0.25	gain	TP	TP
chr4	136198074	136209840	11766	16	8	13	0	mutual_excl	mutual_excl	1-1	1-1	True	37	0.24	0.167	gain	TP	TP
chr4	136528495	136545996	17501	8	3	3	0	mutual_excl	mutual_excl	1-1	1-1	True	14	0.221	0.213	gain	TP	TP
chr4	140458069	140483106	25037	7	1	3	0	mutual_excl	mutual_excl	3	3	True	11	0.137	0.184	gain	TP	TP
chr4	140483106	140487611	4505	28	12	13	0	mutual_excl	mutual_excl	3	3	True	53	0.184	0.23	gain	TP	TP
chr4	154877278	154898125	20847	0	9	2	0	mutual_excl	mutual_excl	1-1	1-1	True	11	0.106	0.913	loh	FP	TP
chr4	156441706	156443643	1937	3	17	14	0	mutual_excl	mutual_excl	1-1	1-1	True	34	0.408	0.5	loh	TP	TP
chr4	160573186	160592650	19464	6	1	1	0	mutual_excl	mutual_excl	1-1	1-1	True	8	0.059	0.073	loh	FP	FP
chr4	160573186	160593231	20045	6	1	1	0	mutual_excl	mutual_excl	1-1	1-1	True	8	0.059	0.098	loh	FP	FP
chr4	162453397	162466308	12911	2	9	1	0	mutual_excl	mutual_excl	1-1	1-1	True	12	0.086	0.878	loh	FP	TP
chr4	162967044	162978963	11919	13	1	7	0	mutual_excl	mutual_excl	1-1	1-1	True	21	0.368	0.075	loh	TP	FP
chr4	168604773	168615763	10990	9	3	2	0	mutual_excl	mutual_excl	2-1	2-1	True	14	0.162	0.44	loh	TP	TP
chr4	172007146	172021810	14664	0	7	8	0	mutual_excl	mutual_excl	2-1	2-1	True	15	0.564	0.492	loh	TP	TP
chr4	174611590	174612498	908	15	3	32	0	mutual_excl	mutual_excl	2-1	2-1	True	50	0.586	0.057	loh	TP	FP
chr4	174778828	174790580	11752	15	5	1	0	mutual_excl	mutual_excl	3	3	True	21	0.043	0.286	loh	FP	TP
chr4	174778828	174790589	11761	15	5	1	0	mutual_excl	mutual_excl	3	3	True	21	0.043	0.3	loh	FP	TP
chr4	174782701	174790580	7879	20	8	1	0	mutual_excl	mutual_excl	3	3	True	29	0.048	0.286	loh	FP	TP
chr4	174782701	174790589	7888	20	9	1	0	mutual_excl	mutual_excl	3	3	True	30	0.048	0.3	loh	FP	TP
chr4	174923434	174923560	126	54	9	2	0	mutual_excl	mutual_excl	1-1	1-1	True	65	0.045	0.134	loh	FP	FP
chr4	175360011	175374700	14689	1	1	11	0	mutual_excl	mutual_excl	1-1	1-1	True	13	0.938	0.093	loh	TP	FP
chr4	179431991	179443845	11854	7	9	1	0	mutual_excl	mutual_excl	2-1	2-1	True	17	0.125	0.49	loh	FP	TP
chr4	188681677	188687826	6149	10	15	1	0	mutual_excl	mutual_excl	1-1	1-1	True	26	0.075	0.5	loh	TP	TP
chr9	2147617	2171688	24071	6	6	2	0	mutual_excl	mutual_excl	1-1	1-1	True	14	0.277	0.282	gain	TP	TP
chr9	3177659	3210681	33022	3	1	2	0	mutual_excl	mutual_excl	1-1	1-1	True	6	0.19	0.24	gain	TP	TP
chr9	5036656	5063933	27277	10	4	2	0	mutual_excl	mutual_excl	2-1	2-1	True	16	0.282	0.188	gain	TP	TP
chr9	7289764	7304218	14454	18	8	7	0	mutual_excl	mutual_excl	2-1	2-1	True	33	0.298	0.237	gain	TP	TP
chr9	7837186	7867241	30055	2	1	3	0	mutual_excl	mutual_excl	1-1	1-1	True	6	0.295	0.196	gain	TP	TP
chr9	13344598	13366475	21877	14	1	3	0	mutual_excl	mutual_excl	2-1	2-1	True	18	0.205	0.246	gain	TP	TP
chr9	15575399	15585629	10230	13	8	2	0	mutual_excl	mutual_excl	2-1	2-1	True	23	0.061	0.366	loh	FP	TP
chr9	18375981	18382514	6533	1	22	13	0	mutual_excl	mutual_excl	1-1	1-1	True	36	0.366	0.596	loh	TP	TP
chr9	18382514	18394066	11552	0	11	14	0	mutual_excl	mutual_excl	1-1	1-1	True	25	0.596	0.412	loh	TP	TP
chr9	19562399	19573787	11388	1	8	6	0	mutual_excl	mutual_excl	1-1	1-1	True	15	0.5	0.511	loh	TP	TP
chr9	19820131	19832591	12460	1	16	11	0	mutual_excl	mutual_excl	1-1	1-1	True	28	0.525	0.449	loh	TP	TP
chr9	20150471	20154913	4442	1	17	13	0	mutual_excl	mutual_excl	2-1	2-1	True	31	0.467	0.491	loh	TP	TP
chr9	28572235	28577820	5585	23	19	1	0	mutual_excl	mutual_excl	3	3	True	43	0.041	0.448	loh	FP	TP
chr9	28573189	28577820	4631	25	24	1	0	mutual_excl	mutual_excl	3	3	True	50	0.04	0.448	loh	FP	TP
chr9	29386359	29398141	11782	19	1	9	0	mutual_excl	mutual_excl	1-1	1-1	True	29	0.34	0.044	loh	TP	FP
chr9	36801939	36807140	5201	3	16	14	0	mutual_excl	mutual_excl	1-1	1-1	True	33	0.463	0.49	loh	TP	TP
chr9	36877531	36905852	28321	0	4	2	0	mutual_excl	mutual_excl	1-1	1-1	True	6	0.596	0.522	loh	TP	TP
chr9	39034398	39046326	11928	32	25	21	0	mutual_excl	mutual_excl	2-1	2-1	True	78	0.256	0.297	gain	TP	TP
chr9	42342403	42363779	21376	1	5	2	0	mutual_excl	mutual_excl	1-1	1-1	True	8	0.426	0.302	gain	TP	TP
chr9	70784836	70800880	16044	5	10	9	0	mutual_excl	mutual_excl	1-1	1-1	True	24	0.245	0.357	gain	TP	TP
chr9	70784836	70814325	29489	2	5	3	0	mutual_excl	mutual_excl	1-1	1-1	True	10	0.245	0.299	gain	TP	TP
chr9	70785277	70800880	15603	5	10	13	0	mutual_excl	mutual_excl	1-1	1-1	True	28	0.282	0.357	gain	TP	TP
chr9	70785277	70814325	29048	2	5	5	0	mutual_excl	mutual_excl	1-1	1-1	True	12	0.282	0.299	gain	TP	TP
chr9	76585103	76591928	6825	18	3	25	0	mutual_excl	mutual_excl	1-1	1-1	True	46	0.66	0.049	gain	TP	FP
chr9	80977989	81005774	27785	3	4	2	0	mutual_excl	mutual_excl	2-1	2-1	True	9	0.365	0.311	gain	TP	TP
chr9	81949121	81952317	3196	30	25	2	0	mutual_excl	mutual_excl	2-1	2-1	True	57	0.139	0.444	gain	FP	TP
chr9	89758270	89783238	24968	0	2	4	0	mutual_excl	mutual_excl	1-1	1-1	True	6	0.371	0.307	gain	TP	TP
chr9	92630881	92652546	21665	5	1	10	0	mutual_excl	mutual_excl	1-1	1-1	True	16	0.608	0.049	gain	TP	FP
chr9	101378404	101399290	20886	6	6	3	0	mutual_excl	mutual_excl	2-1	2-1	True	15	0.286	0.273	gain	TP	TP
chr9	102708804	102728842	20038	4	1	2	0	mutual_excl	mutual_excl	3	3	True	7	0.217	0.197	gain	TP	TP
chr9	106567704	106598614	30910	1	3	3	0	mutual_excl	mutual_excl	1-1	1-1	True	7	0.402	0.349	gain	TP	TP
chr9	119131645	119145059	13414	0	9	5	0	mutual_excl	mutual_excl	1-1	1-1	True	14	0.627	0.529	loh	TP	TP
chr9	119860220	119887391	27171	1	4	1	0	mutual_excl	mutual_excl	1-1	1-1	True	6	0.1	0.536	loh	FP	TP
chr9	120858191	120874260	16069	1	6	8	0	mutual_excl	mutual_excl	1-1	1-1	True	15	0.429	0.52	loh	TP	TP
chr9	127090246	127111302	21056	0	2	12	0	mutual_excl	mutual_excl	1-1	1-1	True	14	0.953	0.1	loh	TP	FP
chr9	127090246	127113054	22808	0	2	12	0	mutual_excl	mutual_excl	1-1	1-1	True	14	0.953	0.079	loh	TP	FP
chr9	130737955	130738384	429	69	17	28	0	mutual_excl	mutual_excl	2-1	2-1	True	114	0.244	0.144	gain	TP	TP
chr9	130824931	130830542	5611	41	15	13	0	mutual_excl	mutual_excl	3	3	True	69	0.224	0.278	gain	TP	TP
chr9	130830542	130839454	8912	8	29	14	0	mutual_excl	mutual_excl	3	3	True	51	0.278	0.518	gain	TP	TP
chr9	131029529	131030810	1281	55	23	22	0	mutual_excl	mutual_excl	2-1	2-1	True	100	0.22	0.214	gain	TP	TP
chr9	131094351	131120337	25986	7	1	5	0	mutual_excl	mutual_excl	2-1	2-1	True	13	0.284	0.191	gain	TP	TP
chr9	134334447	134343292	8845	12	14	1	0	mutual_excl	mutual_excl	1-1	1-1	True	27	0.054	0.377	gain	FP	TP
chr9	134336571	134343292	6721	17	18	1	0	mutual_excl	mutual_excl	1-1	1-1	True	36	0.051	0.377	gain	FP	TP
chr9	134343292	134353781	10489	15	9	17	0	mutual_excl	mutual_excl	1-1	1-1	True	41	0.377	0.25	gain	TP	TP
chr9	134501832	134526228	24396	5	3	6	0	mutual_excl	mutual_excl	1-1	1-1	True	14	0.333	0.297	gain	TP	TP
chr14	16093807	16095766	1959	341	15	9	0	mutual_excl	mutual_excl	1-1	1-1	True	365	0.034	0.039	neutral	FP	FP
chr14	16093807	16096495	2688	320	10	12	0	mutual_excl	mutual_excl	1-1	1-1	True	342	0.034	0.027	neutral	FP	FP
chr14	16095686	16095934	248	397	16	10	0	mutual_excl	mutual_excl	1-1	1-1	True	423	0.027	0.042	neutral	FP	FP
chr14	16095766	16095934	168	360	16	15	0	mutual_excl	mutual_excl	1-1	1-1	True	391	0.039	0.042	neutral	FP	FP
chr14	16095766	16096448	682	351	13	16	0	mutual_excl	mutual_excl	1-1	1-1	True	380	0.039	0.032	neutral	FP	FP
chr14	16095934	16096495	561	344	8	17	0	mutual_excl	mutual_excl	1-1	1-1	True	369	0.042	0.027	neutral	FP	FP
chr14	16096448	16096495	47	377	9	14	0	mutual_excl	mutual_excl	1-1	1-1	True	400	0.032	0.027	neutral	FP	FP
chr14	19827022	19858061	31039	11	2	1	0	mutual_excl	mutual_excl	1-1	1-1	True	14	0.214	0.129	gain	TP	TP
chr14	19832968	19858061	25093	22	2	3	0	mutual_excl	mutual_excl	1-1	1-1	True	27	0.208	0.129	gain	TP	TP
chr14	19858061	19893178	35117	6	1	1	0	mutual_excl	mutual_excl	1-1	1-1	True	8	0.129	0.179	gain	TP	TP
chr14	19925953	19930962	5009	104	26	32	0	mutual_excl	mutual_excl	1-1	1-1	True	162	0.189	0.188	gain	TP	TP
chr14	23231132	23248351	17219	18	9	9	0	mutual_excl	mutual_excl	2-1	2-1	True	36	0.192	0.336	gain	TP	TP
chr14	23454430	23489612	35182	3	2	3	0	mutual_excl	mutual_excl	2-1	2-1	True	8	0.228	0.33	gain	TP	TP
chr14	36123380	36145981	22601	1	4	5	0	mutual_excl	mutual_excl	1-1	1-1	True	10	0.215	0.456	gain	TP	TP
chr14	41171501	41193207	21706	0	1	6	0	mutual_excl	mutual_excl	2-1	2-1	True	7	0.579	0.077	loh	TP	TP
chr14	48361865	48369868	8003	28	17	14	0	mutual_excl	mutual_excl	1-1	1-1	True	59	0.221	0.263	gain	TP	TP
chr14	48777351	48816088	38737	4	1	1	0	mutual_excl	mutual_excl	2-1	2-1	True	6	0.219	0.179	gain	TP	TP
chr14	51968123	51983777	15654	21	3	7	0	mutual_excl	mutual_excl	1-1	1-1	True	31	0.224	0.143	gain	TP	TP
chr14	64028050	64038104	10054	10	1	11	0	mutual_excl	mutual_excl	1-1	1-1	True	22	0.5	0.083	loh	TP	FP
chr14	67981635	67992267	10632	24	6	12	0	mutual_excl	mutual_excl	1-1	1-1	True	42	0.248	0.184	gain	TP	TP
chr14	67992267	68024706	32439	6	1	2	0	mutual_excl	mutual_excl	1-1	1-1	True	9	0.184	0.213	gain	TP	TP
chr14	70866829	70881360	14531	0	8	7	0	mutual_excl	mutual_excl	1-1	1-1	True	15	0.439	0.486	loh	TP	TP
chr14	75489879	75517176	27297	5	4	5	0	mutual_excl	mutual_excl	3	3	True	14	0.163	0.425	gain	TP	TP
chr14	76129878	76135891	6013	14	27	15	0	mutual_excl	mutual_excl	3	3	True	56	0.237	0.505	gain	TP	TP
chr14	76325566	76332057	6491	21	28	19	0	mutual_excl	mutual_excl	1-1	1-1	True	68	0.242	0.435	gain	TP	TP
chr14	76327232	76332057	4825	23	32	22	0	mutual_excl	mutual_excl	1-1	1-1	True	77	0.229	0.435	gain	TP	TP
chr14	80941958	80973127	31169	2	1	3	0	mutual_excl	mutual_excl	1-1	1-1	True	6	0.32	0.234	gain	TP	TP
chr14	83071446	83085381	13935	10	20	9	0	mutual_excl	mutual_excl	2-1	2-1	True	39	0.234	0.471	gain	TP	TP
chr14	83405955	83433406	27451	10	2	3	0	mutual_excl	mutual_excl	2-1	2-1	True	15	0.227	0.214	gain	TP	TP
chr14	83805347	83835009	29662	3	4	3	0	mutual_excl	mutual_excl	2-1	2-1	True	10	0.239	0.387	gain	TP	TP
chr14	83815710	83835009	19299	7	13	10	0	mutual_excl	mutual_excl	2-1	2-1	True	30	0.321	0.387	gain	TP	TP
chr14	84031142	84037764	6622	48	14	12	0	mutual_excl	mutual_excl	2-1	2-1	True	74	0.138	0.195	gain	TP	TP
chr14	84245108	84256626	11518	54	10	15	0	mutual_excl	mutual_excl	2-1	2-1	True	79	0.123	0.157	gain	TP	TP
chr14	84245108	84259260	14152	42	11	14	0	mutual_excl	mutual_excl	2-1	2-1	True	67	0.123	0.181	gain	TP	TP
chr14	84256626	84259260	2634	94	26	20	0	mutual_excl	mutual_excl	2-1	2-1	True	140	0.157	0.181	gain	TP	TP
chr14	84256626	84280874	24248	7	5	2	0	mutual_excl	mutual_excl	2-1	2-1	True	14	0.157	0.29	gain	TP	TP
chr14	84771036	84785012	13976	7	17	18	0	mutual_excl	mutual_excl	2-1	2-1	True	42	0.475	0.391	gain	TP	TP
chr14	85334229	85364247	30018	3	3	3	0	mutual_excl	mutual_excl	2-1	2-1	True	9	0.506	0.132	gain	TP	TP
chr14	87589694	87600140	10446	40	8	6	0	mutual_excl	mutual_excl	1-1	1-1	True	54	0.093	0.178	gain	TP	TP
chr14	87600140	87633993	33853	5	1	3	0	mutual_excl	mutual_excl	1-1	1-1	True	9	0.178	0.106	gain	TP	TP
chr14	87917384	87942847	25463	22	2	5	0	mutual_excl	mutual_excl	1-1	1-1	True	29	0.155	0.151	gain	TP	TP
chr14	87925144	87942847	17703	28	2	7	0	mutual_excl	mutual_excl	1-1	1-1	True	37	0.176	0.151	gain	TP	TP
chr14	88683003	88687042	4039	22	40	35	0	mutual_excl	mutual_excl	2-1	2-1	True	97	0.351	0.444	gain	TP	TP
chr14	90524913	90542056	17143	12	13	4	0	mutual_excl	mutual_excl	2-1	2-1	True	29	0.188	0.486	gain	TP	TP
chr14	93607753	93621382	13629	21	23	6	0	mutual_excl	mutual_excl	1-1	1-1	True	50	0.124	0.342	gain	TP	TP
chr14	93608726	93621382	12656	12	25	18	0	mutual_excl	mutual_excl	1-1	1-1	True	55	0.492	0.342	gain	TP	TP
chr14	93621382	93647512	26130	8	10	7	0	mutual_excl	mutual_excl	1-1	1-1	True	25	0.342	0.386	gain	TP	TP
chr14	93996383	94020186	23803	9	4	2	0	mutual_excl	mutual_excl	1-1	1-1	True	15	0.186	0.349	gain	TP	TP
chr14	94572487	94593497	21010	7	7	4	0	mutual_excl	mutual_excl	2-1	2-1	True	18	0.216	0.34	gain	TP	TP
chr14	94572487	94600182	27695	3	4	1	0	mutual_excl	mutual_excl	2-1	2-1	True	8	0.216	0.462	gain	TP	TP
chr14	94593497	94622850	29353	9	1	4	0	mutual_excl	mutual_excl	2-1	2-1	True	14	0.34	0.132	gain	TP	TP
chr14	94593497	94624220	30723	5	5	4	0	mutual_excl	mutual_excl	2-1	2-1	True	14	0.34	0.2	gain	TP	TP
chr14	94600182	94624220	24038	9	9	8	0	mutual_excl	mutual_excl	2-1	2-1	True	26	0.462	0.2	gain	TP	TP
chr14	94752284	94765504	13220	50	9	7	0	mutual_excl	mutual_excl	2-1	2-1	True	66	0.152	0.123	gain	TP	TP
chr14	94765504	94781156	15652	28	7	3	0	mutual_excl	mutual_excl	2-1	2-1	True	38	0.123	0.172	gain	TP	TP
chr14	94781156	94782570	1414	58	48	20	0	mutual_excl	mutual_excl	2-1	2-1	True	126	0.172	0.364	gain	TP	TP
chr14	94887928	94899605	11677	20	24	9	0	mutual_excl	mutual_excl	2-1	2-1	True	53	0.146	0.424	gain	TP	TP
chr14	94887928	94912719	24791	8	8	2	0	mutual_excl	mutual_excl	2-1	2-1	True	18	0.146	0.368	gain	TP	TP
chr14	94887928	94912720	24792	8	8	2	0	mutual_excl	mutual_excl	2-1	2-1	True	18	0.146	0.373	gain	TP	TP
chr14	96260943	96286385	25442	7	6	4	0	mutual_excl	mutual_excl	2-1	2-1	True	17	0.369	0.354	gain	TP	TP
chr14	97691520	97692510	990	64	20	26	0	mutual_excl	mutual_excl	1-1	1-1	True	110	0.234	0.171	gain	TP	TP
chr14	98412329	98437654	25325	1	3	4	0	mutual_excl	mutual_excl	1-1	1-1	True	8	0.51	0.295	gain	TP	TP
chr14	101060651	101061692	1041	47	18	20	0	mutual_excl	mutual_excl	2-1	2-1	True	85	0.223	0.189	gain	TP	TP
chr14	101060651	101063146	2495	38	10	16	0	mutual_excl	mutual_excl	2-1	2-1	True	64	0.223	0.227	gain	TP	TP
chr14	101061692	101063146	1454	50	14	18	0	mutual_excl	mutual_excl	2-1	2-1	True	82	0.189	0.227	gain	TP	TP
chr14	101385569	101403898	18329	4	13	6	0	mutual_excl	mutual_excl	1-1	1-1	True	23	0.282	0.36	gain	TP	TP
chr14	102523419	102546868	23449	2	2	3	0	mutual_excl	mutual_excl	2-1	2-1	True	7	0.36	0.303	gain	TP	TP
chr14	102711475	102712036	561	34	22	17	0	mutual_excl	mutual_excl	2-1	2-1	True	73	0.244	0.289	gain	TP	TP
chr14	103365401	103365547	146	25	27	12	0	mutual_excl	mutual_excl	1-1	1-1	True	64	0.203	0.406	gain	TP	TP
chr14	105327526	105345866	18340	12	7	2	0	mutual_excl	mutual_excl	2-1	2-1	True	21	0.295	0.2	gain	TP	TP
chr14	105345019	105345866	847	37	17	23	0	mutual_excl	mutual_excl	2-1	2-1	True	77	0.302	0.2	gain	TP	TP
chr14	106263711	106263928	217	2	60	40	0	mutual_excl	mutual_excl	3	3	True	102	0.394	0.587	gain	TP	TP
chr14	106263877	106263928	51	1	64	44	0	mutual_excl	mutual_excl	3	3	True	109	0.411	0.587	gain	TP	TP
chr14	106263928	106265666	1738	4	38	51	0	mutual_excl	mutual_excl	3	3	True	93	0.587	0.418	gain	TP	TP
chr14	106264043	106265666	1623	2	38	53	0	mutual_excl	mutual_excl	3	3	True	93	0.591	0.418	gain	TP	TP
chr14	106270441	106271265	824	6	54	37	0	mutual_excl	mutual_excl	3	3	True	97	0.407	0.562	gain	TP	TP
chr14	106270702	106271265	563	1	55	44	0	mutual_excl	mutual_excl	3	3	True	100	0.45	0.562	gain	TP	TP
chr14	106270718	106271265	547	0	56	45	0	mutual_excl	mutual_excl	3	3	True	101	0.455	0.562	gain	TP	TP
chr14	106271247	106271265	18	31	58	13	0	mutual_excl	mutual_excl	3	3	True	102	0.127	0.562	gain	FP	TP
chr14	106271265	106271270	5	4	42	58	0	mutual_excl	mutual_excl	3	3	True	104	0.562	0.404	gain	TP	FP
chr14	106271265	106271295	30	6	37	58	0	mutual_excl	mutual_excl	3	3	True	101	0.562	0.366	gain	TP	FP
chr14	106271265	106271296	31	4	40	58	0	mutual_excl	mutual_excl	3	3	True	102	0.562	0.392	gain	TP	FP
chr14	106271265	106271503	238	4	39	58	0	mutual_excl	mutual_excl	3	3	True	101	0.562	0.382	gain	TP	FP
chr14	106271265	106271777	512	3	37	58	0	mutual_excl	mutual_excl	3	3	True	98	0.562	0.356	gain	TP	FP
chr14	106271265	106271995	730	2	38	57	0	mutual_excl	mutual_excl	3	3	True	97	0.562	0.358	gain	TP	FP
chr14	106271265	106272088	823	4	36	56	0	mutual_excl	mutual_excl	3	3	True	96	0.562	0.343	gain	TP	FP
chr14	106271265	106272500	1235	4	31	56	0	mutual_excl	mutual_excl	3	3	True	91	0.562	0.298	gain	TP	FP
chr14	106271265	106272627	1362	3	33	53	0	mutual_excl	mutual_excl	3	3	True	89	0.562	0.32	gain	TP	FP
chr14	106271265	106272649	1384	1	34	54	0	mutual_excl	mutual_excl	3	3	True	89	0.562	0.33	gain	TP	FP
chr14	106271265	106272832	1567	3	29	55	0	mutual_excl	mutual_excl	3	3	True	87	0.562	0.284	gain	TP	FP
chr14	106271265	106272835	1570	3	30	54	0	mutual_excl	mutual_excl	3	3	True	87	0.562	0.291	gain	TP	FP
chr14	106271265	106272853	1588	1	31	55	0	mutual_excl	mutual_excl	3	3	True	87	0.562	0.301	gain	TP	FP
chr14	106271265	106272875	1610	3	30	54	0	mutual_excl	mutual_excl	3	3	True	87	0.562	0.294	gain	TP	FP
chr14	106271265	106272981	1716	1	32	51	0	mutual_excl	mutual_excl	3	3	True	84	0.562	0.327	gain	TP	FP
chr14	106271265	106273055	1790	1	31	53	0	mutual_excl	mutual_excl	3	3	True	85	0.562	0.31	gain	TP	FP
chr14	106271265	106273615	2350	1	27	51	0	mutual_excl	mutual_excl	3	3	True	79	0.562	0.281	gain	TP	FP
chr14	106324560	106353519	28959	11	5	5	0	mutual_excl	mutual_excl	1-1	1-1	True	21	0.755	0.236	gain	TP	FP
chr14	106324560	106355378	30818	11	4	5	0	mutual_excl	mutual_excl	1-1	1-1	True	20	0.755	0.194	gain	TP	FP
chr14	106325360	106353519	28159	10	7	8	0	mutual_excl	mutual_excl	1-1	1-1	True	25	0.72	0.236	gain	TP	FP
chr14	106325360	106355378	30018	10	6	7	0	mutual_excl	mutual_excl	1-1	1-1	True	23	0.72	0.194	gain	TP	FP
chr19	6878285	6879651	1366	2	19	26	0	mutual_excl	mutual_excl	1-1	1-1	True	47	0.588	0.426	loh	TP	TP
chr19	7704549	7723017	18468	2	4	3	0	mutual_excl	mutual_excl	2-1	2-1	True	9	0.491	0.439	loh	TP	TP
chr19	9965688	9988821	23133	0	6	5	0	mutual_excl	mutual_excl	1-1	1-1	True	11	0.517	0.487	loh	TP	TP
chr19	18282420	18282954	534	23	18	14	0	mutual_excl	mutual_excl	2-1	2-1	True	55	0.246	0.314	gain	FP	TP
chr19	20339832	20357204	17372	12	8	4	0	mutual_excl	mutual_excl	2-1	2-1	True	24	0.103	0.388	gain	TP	TP
chr19	20601867	20603490	1623	43	17	22	0	mutual_excl	mutual_excl	1-1	1-1	True	82	0.261	0.232	gain	TP	TP
chr19	20915163	20918700	3537	24	19	16	0	mutual_excl	mutual_excl	1-1	1-1	True	59	0.253	0.302	gain	TP	TP
chr19	22415094	22418132	3038	24	7	28	0	mutual_excl	mutual_excl	1-1	1-1	True	59	0.465	0.096	gain	TP	TP
chr19	23023818	23032145	8327	39	1	2	0	mutual_excl	mutual_excl	1-1	1-1	True	42	0.082	0.093	gain	TP	TP
chr19	27387898	27409107	21209	8	10	1	0	mutual_excl	mutual_excl	1-1	1-1	True	19	0.206	0.462	gain	TP	TP
chr19	31097596	31128450	30854	3	1	7	0	mutual_excl	mutual_excl	1-1	1-1	True	11	0.236	0.252	gain	TP	TP
chr19	31198985	31213693	14708	16	6	4	0	mutual_excl	mutual_excl	2-1	2-1	True	26	0.17	0.273	gain	TP	TP
chr19	31305667	31311375	5708	42	12	11	0	mutual_excl	mutual_excl	2-1	2-1	True	65	0.176	0.175	gain	TP	TP
chr19	31710203	31713992	3789	37	15	25	0	mutual_excl	mutual_excl	2-1	2-1	True	77	0.294	0.214	gain	TP	TP
chr19	35843401	35863571	20170	4	4	3	0	mutual_excl	mutual_excl	2-1	2-1	True	11	0.179	0.385	gain	TP	TP
chr19	49441902	49449331	7429	7	9	9	0	mutual_excl	mutual_excl	1-1	1-1	True	25	0.343	0.355	loh	TP	TP
chr19	50788427	50798096	9669	0	12	10	0	mutual_excl	mutual_excl	1-1	1-1	True	22	0.562	0.328	loh	TP	TP
chr19	51245519	51263281	17762	4	5	4	0	mutual_excl	mutual_excl	1-1	1-1	True	13	0.362	0.369	loh	TP	TP
chr19	51245519	51275291	29772	4	1	1	0	mutual_excl	mutual_excl	1-1	1-1	True	6	0.362	0.337	loh	TP	TP
chr19	51245519	51276044	30525	5	1	1	0	mutual_excl	mutual_excl	1-1	1-1	True	7	0.362	0.318	loh	TP	TP
chr19	51275291	51294731	19440	1	6	5	0	mutual_excl	mutual_excl	1-1	1-1	True	12	0.337	0.592	loh	TP	TP
chr19	51276044	51294731	18687	0	7	7	0	mutual_excl	mutual_excl	1-1	1-1	True	14	0.318	0.592	loh	TP	TP
chr19	51782649	51791306	8657	1	15	26	0	mutual_excl	mutual_excl	2-1	2-1	True	42	0.608	0.363	loh	TP	TP
chr19	51787854	51791306	3452	2	23	35	0	mutual_excl	mutual_excl	2-1	2-1	True	60	0.606	0.363	loh	TP	TP
chr19	51791306	51805528	14222	0	20	11	0	mutual_excl	mutual_excl	2-1	2-1	True	31	0.363	0.632	loh	TP	TP
chr19	53312823	53313228	405	3	23	35	0	mutual_excl	mutual_excl	2-1	2-1	True	61	0.576	0.348	loh	TP	TP
chr19	54677727	54698073	20346	0	5	8	0	mutual_excl	mutual_excl	2-1	2-1	True	13	0.556	0.375	loh	TP	TP
chr19	54776265	54793551	17286	0	9	6	0	mutual_excl	mutual_excl	2-1	2-1	True	15	0.438	0.642	loh	TP	TP
chr19	54793551	54821683	28132	0	6	4	0	mutual_excl	mutual_excl	2-1	2-1	True	10	0.642	0.368	loh	TP	TP
chr19	54808956	54821683	12727	5	13	14	0	mutual_excl	mutual_excl	2-1	2-1	True	32	0.42	0.368	loh	TP	TP
chr19	55211650	55226999	15349	0	10	16	0	mutual_excl	mutual_excl	1-1	1-1	True	26	0.573	0.39	loh	TP	TP
chr19	56594177	56598639	4462	10	24	29	0	mutual_excl	mutual_excl	1-1	1-1	True	63	0.488	0.345	loh	TP	TP
chr19	56594177	56626353	32176	2	3	2	0	mutual_excl	mutual_excl	1-1	1-1	True	7	0.488	0.319	loh	TP	TP
chr19	57391534	57418216	26682	3	2	2	0	mutual_excl	mutual_excl	2-1	2-1	True	7	0.325	0.322	loh	TP	TP
chr19	57397066	57418216	21150	5	2	3	0	mutual_excl	mutual_excl	2-1	2-1	True	10	0.387	0.322	loh	TP	TP
chr19	57418216	57440915	22699	8	4	3	0	mutual_excl	mutual_excl	2-1	2-1	True	15	0.322	0.295	loh	TP	TP
chr19	57578667	57582974	4307	26	14	2	0	mutual_excl	mutual_excl	2-1	2-1	True	42	0.029	0.362	loh	FP	TP
chr19	57996035	58021897	25862	2	2	2	0	mutual_excl	mutual_excl	2-1	2-1	True	6	0.431	0.314	loh	TP	TP
chr19	58021897	58025263	3366	23	8	14	0	mutual_excl	mutual_excl	2-1	2-1	True	45	0.314	0.246	loh	TP	TP
chr19	58021897	58042156	20259	10	1	3	0	mutual_excl	mutual_excl	2-1	2-1	True	14	0.314	0.107	loh	TP	FP
chr19	58321963	58334477	12514	16	9	7	0	mutual_excl	mutual_excl	2-1	2-1	True	32	0.235	0.261	loh	TP	TP
chr5	1527220	1553389	26169	15	6	5	0	mutual_excl	mutual_excl	1-1	1-1	True	26	0.17	0.147	gain	TP	TP
chr5	1527220	1560444	33224	5	4	2	0	mutual_excl	mutual_excl	1-1	1-1	True	11	0.17	0.147	gain	TP	TP
chr5	1553389	1580231	26842	8	1	4	0	mutual_excl	mutual_excl	1-1	1-1	True	13	0.147	0.166	gain	TP	TP
chr5	1560444	1580231	19787	12	5	4	0	mutual_excl	mutual_excl	1-1	1-1	True	21	0.147	0.166	gain	TP	TP
chr5	1780329	1807153	26824	15	2	2	0	mutual_excl	mutual_excl	1-1	1-1	True	19	0.17	0.141	gain	TP	FP
chr5	2288692	2306265	17573	14	18	13	0	mutual_excl	mutual_excl	1-1	1-1	True	45	0.273	0.303	gain	TP	TP
chr5	4056235	4067816	11581	24	17	13	0	mutual_excl	mutual_excl	1-1	1-1	True	54	0.205	0.411	gain	TP	TP
chr5	4167066	4181856	14790	21	6	5	0	mutual_excl	mutual_excl	3	3	True	32	0.163	0.135	gain	TP	TP
chr5	4323472	4326555	3083	68	23	20	0	mutual_excl	mutual_excl	2-1	2-1	True	111	0.149	0.178	gain	TP	TP
chr5	4637968	4645289	7321	48	14	39	0	mutual_excl	mutual_excl	1-1	1-1	True	101	0.377	0.123	gain	TP	TP
chr5	5292407	5315814	23407	9	6	12	0	mutual_excl	mutual_excl	1-1	1-1	True	27	0.333	0.15	gain	TP	TP
chr5	5685117	5704245	19128	9	13	9	0	mutual_excl	mutual_excl	2-1	2-1	True	31	0.315	0.292	gain	TP	TP
chr5	6201328	6218856	17528	20	8	10	0	mutual_excl	mutual_excl	1-1	1-1	True	38	0.213	0.226	gain	TP	TP
chr5	6393141	6401458	8317	25	17	34	0	mutual_excl	mutual_excl	2-1	2-1	True	76	0.366	0.266	gain	TP	TP
chr5	6401458	6422230	20772	12	2	6	0	mutual_excl	mutual_excl	2-1	2-1	True	20	0.266	0.141	gain	TP	TP
chr5	7058155	7087667	29512	6	4	1	0	mutual_excl	mutual_excl	2-1	2-1	True	11	0.145	0.163	gain	TP	TP
chr5	7152537	7166106	13569	36	7	9	0	mutual_excl	mutual_excl	1-1	1-1	True	52	0.201	0.155	gain	TP	TP
chr5	7166106	7184105	17999	27	10	3	0	mutual_excl	mutual_excl	1-1	1-1	True	40	0.155	0.209	gain	TP	TP
chr5	7314874	7318940	4066	72	22	18	0	mutual_excl	mutual_excl	1-1	1-1	True	112	0.142	0.171	gain	TP	TP
chr5	7318940	7347433	28493	6	3	3	0	mutual_excl	mutual_excl	1-1	1-1	True	12	0.171	0.169	gain	TP	TP
chr5	7428857	7451953	23096	7	8	4	0	mutual_excl	mutual_excl	1-1	1-1	True	19	0.326	0.379	gain	TP	TP
chr5	8311446	8331229	19783	11	2	5	0	mutual_excl	mutual_excl	1-1	1-1	True	18	0.235	0.191	gain	TP	TP
chr5	10165346	10192033	26687	7	3	5	0	mutual_excl	mutual_excl	1-1	1-1	True	15	0.276	0.262	gain	TP	TP
chr5	10192033	10193680	1647	61	13	26	0	mutual_excl	mutual_excl	1-1	1-1	True	100	0.262	0.152	gain	TP	TP
chr5	11803217	11803609	392	31	22	47	0	mutual_excl	mutual_excl	3	3	True	100	0.472	0.231	gain	TP	TP
chr5	12232297	12233774	1477	47	22	27	0	mutual_excl	mutual_excl	1-1	1-1	True	96	0.261	0.233	gain	TP	TP
chr5	13499100	13532216	33116	3	2	3	0	mutual_excl	mutual_excl	3	3	True	8	0.267	0.175	gain	TP	TP
chr5	14951523	14974691	23168	4	3	3	0	mutual_excl	mutual_excl	2-1	2-1	True	10	0.275	0.222	gain	TP	TP
chr5	15828715	15844472	15757	10	5	17	0	mutual_excl	mutual_excl	1-1	1-1	True	32	0.487	0.162	gain	TP	TP
chr5	15844472	15859684	15212	17	14	7	0	mutual_excl	mutual_excl	1-1	1-1	True	38	0.162	0.275	gain	TP	TP
chr5	15844472	15864275	19803	17	7	4	0	mutual_excl	mutual_excl	1-1	1-1	True	28	0.162	0.258	gain	TP	TP
chr5	15859684	15864275	4591	42	20	27	0	mutual_excl	mutual_excl	1-1	1-1	True	89	0.275	0.258	gain	TP	TP
chr5	16361138	16382244	21106	11	1	7	0	mutual_excl	mutual_excl	1-1	1-1	True	19	0.241	0.209	gain	TP	TP
chr5	19030989	19042345	11356	21	10	4	0	mutual_excl	mutual_excl	2-1	2-1	True	35	0.159	0.228	gain	TP	TP
chr5	19079583	19085710	6127	33	17	20	0	mutual_excl	mutual_excl	1-1	1-1	True	70	0.283	0.233	gain	TP	TP
chr5	20835300	20869275	33975	1	3	2	0	mutual_excl	mutual_excl	1-1	1-1	True	6	0.226	0.277	gain	TP	TP
chr5	26982233	27010400	28167	10	3	1	0	mutual_excl	mutual_excl	1-1	1-1	True	14	0.27	0.259	gain	TP	TP
chr5	28247410	28264702	17292	2	13	10	0	mutual_excl	mutual_excl	3	3	True	25	0.511	0.573	gain	TP	TP
chr5	28247876	28264702	16826	0	14	16	0	mutual_excl	mutual_excl	3	3	True	30	0.538	0.573	gain	TP	TP
chr5	28666159	28681668	15509	13	7	10	0	mutual_excl	mutual_excl	1-1	1-1	True	30	0.289	0.346	gain	TP	TP
chr5	28786948	28789912	2964	39	24	32	0	mutual_excl	mutual_excl	1-1	1-1	True	95	0.322	0.236	gain	TP	TP
chr5	28905557	28925668	20111	7	1	4	0	mutual_excl	mutual_excl	1-1	1-1	True	12	0.286	0.165	gain	TP	TP
chr5	28925668	28943214	17546	12	9	7	0	mutual_excl	mutual_excl	1-1	1-1	True	28	0.165	0.259	gain	TP	TP
chr5	29589270	29618757	29487	5	3	1	0	mutual_excl	mutual_excl	2-1	2-1	True	9	0.202	0.216	gain	TP	TP
chr5	32625443	32663009	37566	4	1	1	0	mutual_excl	mutual_excl	1-1	1-1	True	6	0.212	0.197	gain	TP	TP
chr5	32711618	32712688	1070	43	20	33	0	mutual_excl	mutual_excl	1-1	1-1	True	96	0.33	0.214	gain	TP	TP
chr5	32711618	32712689	1071	44	19	32	0	mutual_excl	mutual_excl	1-1	1-1	True	95	0.33	0.205	gain	TP	TP
chr5	37965867	37969286	3419	46	18	20	0	mutual_excl	mutual_excl	1-1	1-1	True	84	0.233	0.18	gain	TP	TP
chr5	54142642	54148960	6318	17	2	18	0	mutual_excl	mutual_excl	2-1	2-1	True	37	0.508	0.07	loh	TP	FP
chr5	61275448	61297054	21606	0	5	5	0	mutual_excl	mutual_excl	1-1	1-1	True	10	0.358	0.407	loh	TP	TP
chr5	61730798	61740675	9877	2	10	12	0	mutual_excl	mutual_excl	2-1	2-1	True	24	0.382	0.477	loh	TP	TP
chr5	64123717	64127790	4073	0	22	20	0	mutual_excl	mutual_excl	2-1	2-1	True	42	0.429	0.483	loh	TP	TP
chr5	64276850	64280145	3295	17	17	4	0	mutual_excl	mutual_excl	1-1	1-1	True	38	0.122	0.51	loh	FP	TP
chr5	64280145	64294315	14170	0	7	9	0	mutual_excl	mutual_excl	1-1	1-1	True	16	0.51	0.562	loh	TP	TP
chr5	72534548	72538616	4068	23	7	4	0	mutual_excl	mutual_excl	1-1	1-1	True	34	0.127	0.222	loh	TP	FP
chr5	81022580	81045287	22707	3	1	5	0	mutual_excl	mutual_excl	1-1	1-1	True	9	0.589	0.053	loh	TP	FP
chr5	82399030	82413187	14157	2	7	5	0	mutual_excl	mutual_excl	2-1	2-1	True	14	0.534	0.255	loh	TP	TP
chr5	82823645	82846383	22738	3	1	5	0	mutual_excl	mutual_excl	2-1	2-1	True	9	0.526	0.109	loh	TP	FP
chr5	82823645	82847765	24120	3	1	6	0	mutual_excl	mutual_excl	2-1	2-1	True	10	0.526	0.075	loh	TP	FP
chr5	85226563	85238523	11960	1	1	11	0	mutual_excl	mutual_excl	2-1	2-1	True	13	0.889	0.093	loh	TP	FP
chr5	90832114	90835075	2961	1	17	19	0	mutual_excl	mutual_excl	1-1	1-1	True	37	0.509	0.489	loh	TP	TP
chr5	104389322	104389375	53	1	39	4	0	mutual_excl	mutual_excl	1-1	1-1	True	44	0.089	0.896	loh	FP	TP
chr5	109588573	109589616	1043	18	11	6	0	mutual_excl	mutual_excl	1-1	1-1	True	35	0.143	0.275	loh	FP	TP
chr5	109589113	109589616	503	18	11	7	0	mutual_excl	mutual_excl	1-1	1-1	True	36	0.19	0.275	loh	FP	TP
chr5	109589392	109589616	224	21	11	7	0	mutual_excl	mutual_excl	1-1	1-1	True	39	0.171	0.275	loh	FP	TP
chr5	112399625	112415165	15540	1	7	8	0	mutual_excl	mutual_excl	1-1	1-1	True	16	0.483	0.412	loh	TP	TP
chr5	112401564	112415165	13601	9	8	1	0	mutual_excl	mutual_excl	1-1	1-1	True	18	0.047	0.412	loh	FP	TP
chr5	114355114	114375978	20864	8	1	2	0	mutual_excl	mutual_excl	1-1	1-1	True	11	0.377	0.055	loh	TP	FP
chr5	114632116	114646617	14501	5	11	6	0	mutual_excl	mutual_excl	1-1	1-1	True	22	0.333	0.368	loh	TP	TP
chr5	115655213	115672429	17216	1	11	1	0	mutual_excl	mutual_excl	1-1	1-1	True	13	0.044	0.969	loh	FP	TP
chr5	119123804	119136536	12732	0	8	8	0	mutual_excl	mutual_excl	1-1	1-1	True	16	0.49	0.518	loh	TP	TP
chr5	121858284	121870939	12655	10	9	3	0	mutual_excl	mutual_excl	2-1	2-1	True	22	0.083	0.32	loh	TP	TP
chr5	130196356	130209208	12852	1	3	9	0	mutual_excl	mutual_excl	1-1	1-1	True	13	0.455	0.494	loh	TP	TP
chr5	133242838	133259575	16737	0	6	7	0	mutual_excl	mutual_excl	1-1	1-1	True	13	0.468	0.614	loh	TP	TP
chr5	140742592	140753576	10984	21	14	11	0	mutual_excl	mutual_excl	1-1	1-1	True	46	0.344	0.305	gain	TP	TP
chr5	141332648	141333587	939	1	27	41	0	mutual_excl	mutual_excl	2-1	2-1	True	69	0.608	0.372	gain	TP	TP
chr5	141333587	141351877	18290	1	12	4	0	mutual_excl	mutual_excl	2-1	2-1	True	17	0.372	0.598	gain	TP	TP
chr5	143049898	143073771	23873	0	2	6	0	mutual_excl	mutual_excl	1-1	1-1	True	8	0.605	0.318	gain	TP	TP
chr5	143067359	143073771	6412	0	19	33	0	mutual_excl	mutual_excl	1-1	1-1	True	52	0.656	0.318	gain	TP	TP
chr5	143365207	143374690	9483	14	6	8	0	mutual_excl	mutual_excl	1-1	1-1	True	28	0.383	0.2	gain	TP	TP
chr5	143365207	143380775	15568	8	10	2	0	mutual_excl	mutual_excl	1-1	1-1	True	20	0.383	0.293	gain	TP	TP
chr5	143374587	143374690	103	48	14	7	0	mutual_excl	mutual_excl	1-1	1-1	True	69	0.105	0.2	gain	FP	TP
chr5	143374587	143380775	6188	27	16	6	0	mutual_excl	mutual_excl	1-1	1-1	True	49	0.105	0.293	gain	FP	TP
chr5	144030970	144051638	20668	8	4	4	0	mutual_excl	mutual_excl	1-1	1-1	True	16	0.348	0.28	gain	TP	TP
chr5	144290753	144298836	8083	12	8	12	0	mutual_excl	mutual_excl	1-1	1-1	True	32	0.367	0.247	gain	TP	TP
chr5	145553605	145566230	12625	7	9	11	0	mutual_excl	mutual_excl	1-1	1-1	True	27	0.348	0.328	gain	TP	TP
chr5	145566230	145567180	950	1	39	20	0	mutual_excl	mutual_excl	1-1	1-1	True	60	0.328	0.662	gain	TP	TP
chr5	146038132	146057445	19313	0	9	1	0	mutual_excl	mutual_excl	1-1	1-1	True	10	0.25	0.679	gain	TP	TP
chr5	146105338	146125355	20017	1	6	11	0	mutual_excl	mutual_excl	1-1	1-1	True	18	0.682	0.349	gain	TP	TP
chr5	146110070	146125355	15285	9	9	9	0	mutual_excl	mutual_excl	1-1	1-1	True	27	0.318	0.349	gain	TP	TP
chr5	146412464	146427892	15428	1	16	9	0	mutual_excl	mutual_excl	2-1	2-1	True	26	0.308	0.573	gain	TP	TP
chr5	146750583	146783054	32471	0	3	4	0	mutual_excl	mutual_excl	2-1	2-1	True	7	0.293	0.582	gain	TP	TP
chr5	146774712	146783054	8342	2	27	17	0	mutual_excl	mutual_excl	2-1	2-1	True	46	0.32	0.582	gain	TP	TP
chr5	146774712	146804381	29669	0	4	2	0	mutual_excl	mutual_excl	2-1	2-1	True	6	0.32	0.685	gain	TP	TP
chr5	147756639	147764528	7889	13	11	12	0	mutual_excl	mutual_excl	2-1	2-1	True	36	0.329	0.219	gain	TP	TP
chr5	147756639	147772695	16056	8	7	3	0	mutual_excl	mutual_excl	2-1	2-1	True	18	0.329	0.239	gain	TP	TP
chr5	148309754	148331123	21369	0	13	2	0	mutual_excl	mutual_excl	2-1	2-1	True	15	0.301	0.557	gain	TP	TP
chr5	150176075	150204585	28510	0	5	1	0	mutual_excl	mutual_excl	1-1	1-1	True	6	0.308	0.676	gain	TP	TP
chr5	150204585	150207277	2692	2	17	39	0	mutual_excl	mutual_excl	1-1	1-1	True	58	0.676	0.269	gain	TP	TP
chr5	150637577	150642103	4526	2	39	17	0	mutual_excl	mutual_excl	1-1	1-1	True	58	0.26	0.652	gain	TP	TP
chr5	150865711	150880893	15182	2	9	11	0	mutual_excl	mutual_excl	1-1	1-1	True	22	0.617	0.312	gain	TP	TP
chr5	151798798	151827023	28225	0	3	5	0	mutual_excl	mutual_excl	2-1	2-1	True	8	0.636	0.361	gain	TP	TP
chr5	152163149	152168121	4972	20	21	14	0	mutual_excl	mutual_excl	2-1	2-1	True	55	0.282	0.368	gain	TP	TP
chr5	152254467	152263761	9294	15	12	12	0	mutual_excl	mutual_excl	2-1	2-1	True	39	0.342	0.284	gain	TP	TP
chr5	152254467	152274692	20225	1	11	2	0	mutual_excl	mutual_excl	2-1	2-1	True	14	0.342	0.646	gain	TP	TP
chr5	152672404	152673440	1036	2	33	44	0	mutual_excl	mutual_excl	2-1	2-1	True	79	0.545	0.407	gain	TP	TP
chr5	153888942	153907703	18761	4	3	10	0	mutual_excl	mutual_excl	2-1	2-1	True	17	0.701	0.244	gain	TP	TP
chr5	154007862	154027747	19885	7	5	3	0	mutual_excl	mutual_excl	2-1	2-1	True	15	0.282	0.393	gain	TP	TP
chr5	155510582	155532981	22399	5	3	7	0	mutual_excl	mutual_excl	2-1	2-1	True	15	0.36	0.33	gain	TP	TP
chr5	155519492	155532981	13489	10	7	12	0	mutual_excl	mutual_excl	2-1	2-1	True	29	0.364	0.33	gain	TP	TP
chr5	156196110	156206549	10439	10	16	12	0	mutual_excl	mutual_excl	2-1	2-1	True	38	0.25	0.388	loh	TP	TP
chr5	156196110	156226733	30623	1	1	4	0	mutual_excl	mutual_excl	2-1	2-1	True	6	0.25	0.187	loh	TP	TP
chr5	156206549	156226733	20184	8	1	4	0	mutual_excl	mutual_excl	2-1	2-1	True	13	0.388	0.187	loh	TP	TP
chr5	156360505	156363216	2711	20	25	23	0	mutual_excl	mutual_excl	2-1	2-1	True	68	0.361	0.325	loh	TP	TP
chr5	157465561	157473516	7955	9	15	12	0	mutual_excl	mutual_excl	1-1	1-1	True	36	0.28	0.351	loh	TP	TP
chr5	157466038	157473516	7478	15	18	6	0	mutual_excl	mutual_excl	1-1	1-1	True	39	0.167	0.351	loh	TP	TP
chr5	157466039	157473516	7477	10	18	9	0	mutual_excl	mutual_excl	1-1	1-1	True	37	0.207	0.351	loh	TP	TP
chr5	158420232	158447482	27250	0	2	5	0	mutual_excl	mutual_excl	1-1	1-1	True	7	0.352	0.302	loh	TP	TP
chr5	158538978	158547835	8857	20	5	12	0	mutual_excl	mutual_excl	1-1	1-1	True	37	0.361	0.165	loh	TP	TP
chr5	158547835	158563748	15913	8	4	1	0	mutual_excl	mutual_excl	1-1	1-1	True	13	0.165	0.338	loh	TP	TP
chr5	158563748	158570975	7227	1	26	15	0	mutual_excl	mutual_excl	1-1	1-1	True	42	0.338	0.618	loh	TP	TP
chr5	160354994	160364417	9423	4	20	12	0	mutual_excl	mutual_excl	1-1	1-1	True	36	0.325	0.556	loh	TP	TP
chr5	160736116	160751951	15835	7	3	5	0	mutual_excl	mutual_excl	2-1	2-1	True	15	0.235	0.178	loh	TP	TP
chr5	160932863	160952474	19611	1	8	8	0	mutual_excl	mutual_excl	2-1	2-1	True	17	0.337	0.616	loh	TP	TP
chr5	161271498	161294958	23460	6	4	2	0	mutual_excl	mutual_excl	2-1	2-1	True	12	0.412	0.277	loh	TP	TP
chr5	161345486	161370785	25299	6	5	3	0	mutual_excl	mutual_excl	2-1	2-1	True	14	0.272	0.232	loh	TP	TP
chr5	161637358	161661376	24018	0	2	5	0	mutual_excl	mutual_excl	2-1	2-1	True	7	0.621	0.325	loh	TP	TP
chr5	161661376	161669256	7880	13	9	17	0	mutual_excl	mutual_excl	2-1	2-1	True	39	0.325	0.308	loh	TP	TP
chr5	163367491	163391658	24167	4	3	2	0	mutual_excl	mutual_excl	1-1	1-1	True	9	0.373	0.352	loh	TP	TP
chr5	164486037	164505894	19857	11	2	5	0	mutual_excl	mutual_excl	2-1	2-1	True	18	0.37	0.378	loh	TP	TP
chr5	164505894	164535210	29316	4	2	4	0	mutual_excl	mutual_excl	2-1	2-1	True	10	0.378	0.281	loh	TP	TP
chr5	164535210	164559111	23901	12	9	2	0	mutual_excl	mutual_excl	2-1	2-1	True	23	0.281	0.354	loh	TP	TP
chr5	164690651	164700128	9477	9	8	8	0	mutual_excl	mutual_excl	2-1	2-1	True	25	0.316	0.266	loh	TP	TP
chr5	165233159	165244379	11220	6	9	10	0	mutual_excl	mutual_excl	2-1	2-1	True	25	0.349	0.293	loh	TP	TP
chr5	166489441	166518398	28957	2	1	3	0	mutual_excl	mutual_excl	1-1	1-1	True	6	0.253	0.288	loh	TP	TP
chr5	166495839	166518398	22559	1	2	6	0	mutual_excl	mutual_excl	1-1	1-1	True	9	0.595	0.288	loh	TP	TP
chr5	166499370	166518398	19028	8	2	4	0	mutual_excl	mutual_excl	1-1	1-1	True	14	0.325	0.288	loh	TP	TP
chr5	166608389	166609574	1185	25	28	22	0	mutual_excl	mutual_excl	1-1	1-1	True	75	0.271	0.366	loh	TP	TP
chr5	166796176	166800508	4332	25	21	20	0	mutual_excl	mutual_excl	1-1	1-1	True	66	0.263	0.298	loh	TP	TP
chr5	167413686	167420182	6496	31	20	3	0	mutual_excl	mutual_excl	2-1	2-1	True	54	0.074	0.326	loh	FP	TP
chr5	167751014	167769607	18593	1	11	7	0	mutual_excl	mutual_excl	2-1	2-1	True	19	0.291	0.622	loh	TP	TP
chr5	168538994	168547578	8584	1	32	8	0	mutual_excl	mutual_excl	2-1	2-1	True	41	0.212	0.735	loh	TP	TP
chr5	168845355	168862529	17174	0	4	7	0	mutual_excl	mutual_excl	1-1	1-1	True	11	0.328	0.588	loh	TP	TP
chr5	169311437	169334199	22762	0	5	1	0	mutual_excl	mutual_excl	1-1	1-1	True	6	0.3	0.612	loh	TP	TP
chr5	171802019	171806128	4109	18	23	8	0	mutual_excl	mutual_excl	2-1	2-1	True	49	0.282	0.393	loh	TP	TP
chr5	173111092	173115723	4631	14	20	28	0	mutual_excl	mutual_excl	1-1	1-1	True	62	0.414	0.318	loh	TP	TP
chr5	173115723	173131929	16206	3	9	8	0	mutual_excl	mutual_excl	1-1	1-1	True	20	0.318	0.308	loh	TP	TP
chr5	173115723	173143076	27353	1	5	5	0	mutual_excl	mutual_excl	1-1	1-1	True	11	0.318	0.333	loh	TP	TP
chr5	173487654	173489918	2264	21	24	19	0	mutual_excl	mutual_excl	1-1	1-1	True	64	0.316	0.377	loh	TP	TP
chr5	173769135	173777479	8344	19	11	2	0	mutual_excl	mutual_excl	1-1	1-1	True	32	0.029	0.343	loh	FP	TP
chr5	174582648	174589674	7026	7	15	8	0	mutual_excl	mutual_excl	1-1	1-1	True	30	0.379	0.368	loh	TP	TP
chr5	175067877	175081627	13750	7	3	6	0	mutual_excl	mutual_excl	1-1	1-1	True	16	0.317	0.271	loh	TP	TP
chr5	175067877	175093824	25947	2	1	4	0	mutual_excl	mutual_excl	1-1	1-1	True	7	0.317	0.36	loh	TP	TP
chr5	175313830	175335678	21848	0	4	6	0	mutual_excl	mutual_excl	1-1	1-1	True	10	0.605	0.458	loh	TP	TP
chr5	175820243	175838837	18594	10	7	2	0	mutual_excl	mutual_excl	1-1	1-1	True	19	0.269	0.326	loh	TP	TP
chr5	177454599	177460555	5956	5	11	35	0	mutual_excl	mutual_excl	2-1	2-1	True	51	0.653	0.228	loh	TP	TP
chr5	177454599	177460556	5957	5	11	37	0	mutual_excl	mutual_excl	2-1	2-1	True	53	0.653	0.222	loh	TP	TP
chr5	177460555	177478968	18413	11	6	4	0	mutual_excl	mutual_excl	2-1	2-1	True	21	0.228	0.203	loh	TP	TP
chr5	177460556	177478968	18412	12	7	4	0	mutual_excl	mutual_excl	2-1	2-1	True	23	0.222	0.203	loh	TP	TP
chr5	177478968	177499283	20315	6	3	1	0	mutual_excl	mutual_excl	2-1	2-1	True	10	0.203	0.279	loh	TP	TP
chr5	177566617	177583396	16779	1	17	6	0	mutual_excl	mutual_excl	2-1	2-1	True	24	0.275	0.707	loh	TP	TP
chr5	178156914	178180434	23520	1	3	4	0	mutual_excl	mutual_excl	2-1	2-1	True	8	0.28	0.279	loh	TP	TP
chr5	178650247	178673985	23738	7	1	3	0	mutual_excl	mutual_excl	2-1	2-1	True	11	0.221	0.358	loh	FP	TP
chr5	179820845	179821847	1002	25	24	25	0	mutual_excl	mutual_excl	1-1	1-1	True	74	0.317	0.321	loh	TP	TP
chr5	180276063	180280915	4852	9	18	11	0	mutual_excl	mutual_excl	1-1	1-1	True	38	0.262	0.448	loh	TP	TP
chr5	181141570	181148146	6576	16	13	10	0	mutual_excl	mutual_excl	1-1	1-1	True	39	0.231	0.352	loh	TP	TP
chr10	7289953	7311481	21528	3	1	5	0	mutual_excl	mutual_excl	1-1	1-1	True	9	0.571	0.105	loh	TP	FP
chr10	10815949	10822372	6423	29	1	2	0	mutual_excl	mutual_excl	3	3	True	32	0.062	0.087	loh	FP	TP
chr10	10820686	10822372	1686	32	2	4	0	mutual_excl	mutual_excl	3	3	True	38	0.095	0.087	loh	FP	TP
chr10	10822372	10823476	1104	34	3	3	0	mutual_excl	mutual_excl	3	3	True	40	0.087	0.067	loh	TP	FP
chr10	13849707	13869426	19719	0	5	5	0	mutual_excl	mutual_excl	2-1	2-1	True	10	0.298	0.511	loh	TP	TP
chr10	20827894	20856065	28171	6	3	1	0	mutual_excl	mutual_excl	1-1	1-1	True	10	0.24	0.2	gain	TP	TP
chr10	21072368	21082727	10359	25	1	15	0	mutual_excl	mutual_excl	1-1	1-1	True	41	0.426	0.092	gain	TP	FP
chr10	21636003	21647579	11576	2	17	9	0	mutual_excl	mutual_excl	1-1	1-1	True	28	0.353	0.565	loh	TP	TP
chr10	31958783	31960429	1646	53	25	43	0	mutual_excl	mutual_excl	2-1	2-1	True	121	0.327	0.207	gain	TP	TP
chr10	35775236	35803735	28499	7	1	2	0	mutual_excl	mutual_excl	2-1	2-1	True	10	0.17	0.192	gain	TP	TP
chr10	35976901	35989055	12154	7	5	17	0	mutual_excl	mutual_excl	3	3	True	29	0.544	0.178	gain	TP	TP
chr10	37108069	37125241	17172	3	10	12	0	mutual_excl	mutual_excl	2-1	2-1	True	25	0.404	0.55	gain	TP	TP
chr10	42708307	42744339	36032	1	4	2	0	mutual_excl	mutual_excl	2-1	2-1	True	7	0.245	0.355	gain	TP	TP
chr10	42756004	42773167	17163	21	14	8	0	mutual_excl	mutual_excl	2-1	2-1	True	43	0.301	0.312	gain	TP	TP
chr10	42766073	42773167	7094	45	31	29	0	mutual_excl	mutual_excl	2-1	2-1	True	105	0.301	0.312	gain	TP	TP
chr10	43074376	43083037	8661	31	31	30	0	mutual_excl	mutual_excl	2-1	2-1	True	92	0.265	0.324	gain	TP	TP
chr10	43074376	43083397	9021	33	29	28	0	mutual_excl	mutual_excl	2-1	2-1	True	90	0.265	0.32	gain	TP	TP
chr10	43951810	43970775	18965	20	4	8	0	mutual_excl	mutual_excl	2-1	2-1	True	32	0.337	0.146	gain	TP	TP
chr10	44246287	44260658	14371	14	16	15	0	mutual_excl	mutual_excl	1-1	1-1	True	45	0.305	0.31	gain	TP	TP
chr10	44318685	44323860	5175	55	30	24	0	mutual_excl	mutual_excl	1-1	1-1	True	109	0.227	0.266	gain	TP	TP
chr10	44732105	44759615	27510	14	4	3	0	mutual_excl	mutual_excl	1-1	1-1	True	21	0.195	0.126	gain	TP	TP
chr10	49288942	49310609	21667	7	3	1	0	mutual_excl	mutual_excl	2-1	2-1	True	11	0.316	0.282	gain	TP	TP
chr10	50258770	50281405	22635	7	7	2	0	mutual_excl	mutual_excl	2-1	2-1	True	16	0.296	0.368	gain	TP	TP
chr10	51010774	51030806	20032	4	9	1	0	mutual_excl	mutual_excl	1-1	1-1	True	14	0.267	0.38	gain	TP	TP
chr10	51020634	51030806	10172	11	17	10	0	mutual_excl	mutual_excl	1-1	1-1	True	38	0.293	0.38	gain	TP	TP
chr10	51463488	51463667	179	7	38	20	0	mutual_excl	mutual_excl	3	3	True	65	0.343	0.623	gain	TP	TP
chr10	61561654	61562656	1002	11	22	11	0	mutual_excl	mutual_excl	2-1	2-1	True	44	0.259	0.517	loh	TP	TP
chr10	61660946	61680493	19547	0	1	7	0	mutual_excl	mutual_excl	2-1	2-1	True	8	0.938	0.118	loh	TP	FP
chr10	66109084	66126902	17818	2	7	9	0	mutual_excl	mutual_excl	1-1	1-1	True	18	0.439	0.396	loh	TP	TP
chr10	66126902	66138454	11552	2	6	8	0	mutual_excl	mutual_excl	1-1	1-1	True	16	0.396	0.309	loh	TP	TP
chr10	70767338	70784663	17325	1	7	2	0	mutual_excl	mutual_excl	2-1	2-1	True	10	0.426	0.463	loh	TP	TP
chr10	78535805	78536184	379	28	3	23	0	mutual_excl	mutual_excl	2-1	2-1	True	54	0.426	0.053	loh	TP	FP
chr10	87548265	87556600	8335	0	25	2	0	mutual_excl	mutual_excl	1-1	1-1	True	27	0.051	0.952	loh	FP	TP
chr10	92538780	92549895	11115	14	7	4	0	mutual_excl	mutual_excl	1-1	1-1	True	25	0.241	0.413	loh	FP	TP
chr10	97249287	97249507	220	50	3	2	0	mutual_excl	mutual_excl	1-1	1-1	True	55	0.034	0.055	loh	FP	FP
chr10	97249473	97249507	34	48	3	4	0	mutual_excl	mutual_excl	1-1	1-1	True	55	0.071	0.055	loh	FP	FP
chr10	97249473	97254561	5088	28	1	1	0	mutual_excl	mutual_excl	1-1	1-1	True	30	0.071	0.065	loh	FP	FP
chr10	99035284	99060233	24949	0	5	3	0	mutual_excl	mutual_excl	2-1	2-1	True	8	0.509	0.547	loh	TP	TP
chr10	99035285	99060233	24948	0	5	3	0	mutual_excl	mutual_excl	2-1	2-1	True	8	0.533	0.547	loh	TP	TP
chr10	100136587	100140022	3435	6	19	14	0	mutual_excl	mutual_excl	2-1	2-1	True	39	0.358	0.415	loh	TP	TP
chr10	114718070	114739053	20983	2	4	1	0	mutual_excl	mutual_excl	1-1	1-1	True	7	0.121	0.356	loh	FP	TP
chr10	117487781	117495705	7924	2	18	2	0	mutual_excl	mutual_excl	1-1	1-1	True	22	0.073	0.902	loh	FP	TP
chr10	120139806	120144107	4301	18	21	29	0	mutual_excl	mutual_excl	2-1	2-1	True	68	0.285	0.288	gain	TP	TP
chr10	120139806	120162647	22841	4	8	6	0	mutual_excl	mutual_excl	2-1	2-1	True	18	0.285	0.3	gain	TP	TP
chr10	121588428	121605733	17305	10	8	8	0	mutual_excl	mutual_excl	2-1	2-1	True	26	0.396	0.241	gain	TP	TP
chr10	123286855	123312429	25574	0	8	12	0	mutual_excl	mutual_excl	3	3	True	20	0.46	0.474	gain	TP	TP
chr10	125007013	125012625	5612	4	30	28	0	mutual_excl	mutual_excl	1-1	1-1	True	62	0.412	0.491	loh	TP	TP
chr10	126139597	126159934	20337	8	6	6	0	mutual_excl	mutual_excl	1-1	1-1	True	20	0.211	0.258	gain	TP	TP
chr10	126139597	126162928	23331	8	2	5	0	mutual_excl	mutual_excl	1-1	1-1	True	15	0.211	0.194	gain	TP	TP
chr10	126159934	126162928	2994	47	11	13	0	mutual_excl	mutual_excl	1-1	1-1	True	71	0.258	0.194	gain	TP	TP
chr10	126159934	126180777	20843	6	6	3	0	mutual_excl	mutual_excl	1-1	1-1	True	15	0.258	0.238	gain	TP	TP
chr10	126599651	126606809	7158	31	15	20	0	mutual_excl	mutual_excl	1-1	1-1	True	66	0.269	0.194	gain	TP	TP
chr10	126724129	126744803	20674	4	11	6	0	mutual_excl	mutual_excl	1-1	1-1	True	21	0.24	0.491	gain	TP	TP
chr10	126809747	126818849	9102	10	15	17	0	mutual_excl	mutual_excl	1-1	1-1	True	42	0.446	0.291	gain	TP	TP
chr10	126818849	126825365	6516	31	11	19	0	mutual_excl	mutual_excl	1-1	1-1	True	61	0.291	0.176	gain	TP	TP
chr10	126818948	126825365	6417	38	12	12	0	mutual_excl	mutual_excl	1-1	1-1	True	62	0.234	0.176	gain	TP	TP
chr10	127509714	127525799	16085	6	5	14	0	mutual_excl	mutual_excl	2-1	2-1	True	25	0.511	0.229	gain	TP	TP
chr10	127791153	127803318	12165	7	4	13	0	mutual_excl	mutual_excl	2-1	2-1	True	24	0.589	0.26	gain	TP	TP
chr10	128488160	128498207	10047	28	12	8	0	mutual_excl	mutual_excl	1-1	1-1	True	48	0.228	0.258	gain	TP	TP
chr10	129860902	129866323	5421	37	19	7	0	mutual_excl	mutual_excl	1-1	1-1	True	63	0.165	0.324	gain	TP	TP
chr10	130687125	130698089	10964	22	5	16	0	mutual_excl	mutual_excl	2-1	2-1	True	43	0.287	0.221	gain	TP	TP
chr10	131311892	131340987	29095	3	3	7	0	mutual_excl	mutual_excl	2-1	2-1	True	13	0.459	0.224	gain	TP	TP
chr10	131311892	131340988	29096	3	3	7	0	mutual_excl	mutual_excl	2-1	2-1	True	13	0.459	0.204	gain	TP	TP
chr10	131340988	131354611	13623	7	19	6	0	mutual_excl	mutual_excl	2-1	2-1	True	32	0.204	0.477	gain	TP	TP
chr10	131608446	131610674	2228	10	50	10	0	mutual_excl	mutual_excl	2-1	2-1	True	70	0.188	0.688	loh	TP	TP
chr10	131819786	131819860	74	83	23	6	0	mutual_excl	mutual_excl	2-1	2-1	True	112	0.053	0.211	loh	FP	FP
chr10	132387377	132412658	25281	4	3	5	0	mutual_excl	mutual_excl	1-1	1-1	True	12	0.183	0.22	gain	TP	TP
chr10	133086186	133118737	32551	3	2	3	0	mutual_excl	mutual_excl	2-1	2-1	True	8	0.369	0.286	gain	TP	TP
chr10	133118737	133133093	14356	14	17	10	0	mutual_excl	mutual_excl	2-1	2-1	True	41	0.286	0.405	gain	TP	TP
chr15	20344582	20363235	18653	23	6	5	0	mutual_excl	mutual_excl	1-1	1-1	True	34	0.177	0.124	gain	TP	TP
chr15	25188767	25203648	14881	4	1	3	0	mutual_excl	mutual_excl	1-1	1-1	True	8	0.512	0.116	loh	TP	FP
chr15	25203648	25206816	3168	17	7	5	0	mutual_excl	mutual_excl	1-1	1-1	True	29	0.116	0.298	loh	FP	TP
chr15	37647191	37668656	21465	1	4	1	0	mutual_excl	mutual_excl	2-1	2-1	True	6	0.286	0.517	loh	TP	TP
chr15	46375357	46398247	22890	0	7	1	0	mutual_excl	mutual_excl	1-1	1-1	True	8	0.393	0.976	loh	TP	TP
chr15	58072558	58103450	30892	2	1	3	0	mutual_excl	mutual_excl	2-1	2-1	True	6	0.379	0.225	gain	TP	TP
chr15	60667859	60701010	33151	4	1	2	0	mutual_excl	mutual_excl	2-1	2-1	True	7	0.218	0.242	gain	TP	TP
chr15	69406986	69413057	6071	22	11	11	0	mutual_excl	mutual_excl	1-1	1-1	True	44	0.26	0.228	gain	TP	TP
chr15	69726834	69727125	291	49	22	32	0	mutual_excl	mutual_excl	1-1	1-1	True	103	0.296	0.217	gain	TP	TP
chr15	70485848	70507476	21628	9	6	4	0	mutual_excl	mutual_excl	2-1	2-1	True	19	0.255	0.24	gain	TP	TP
chr15	82667636	82668714	1078	27	27	29	0	mutual_excl	mutual_excl	1-1	1-1	True	83	0.359	0.309	gain	TP	TP
chr15	83794387	83804929	10542	27	4	13	0	mutual_excl	mutual_excl	2-1	2-1	True	44	0.27	0.202	gain	TP	TP
chr15	84592974	84601362	8388	14	12	7	0	mutual_excl	mutual_excl	1-1	1-1	True	33	0.239	0.46	gain	TP	TP
chr15	84592974	84609758	16784	10	6	5	0	mutual_excl	mutual_excl	1-1	1-1	True	21	0.239	0.23	gain	TP	TP
chr15	84601362	84615247	13885	12	13	15	0	mutual_excl	mutual_excl	1-1	1-1	True	40	0.46	0.27	gain	TP	TP
chr15	84601362	84623208	21846	8	6	9	0	mutual_excl	mutual_excl	1-1	1-1	True	23	0.46	0.229	gain	TP	TP
chr15	84609758	84615247	5489	33	24	15	0	mutual_excl	mutual_excl	1-1	1-1	True	72	0.23	0.27	gain	TP	TP
chr15	84609758	84623208	13450	18	12	6	0	mutual_excl	mutual_excl	1-1	1-1	True	36	0.23	0.229	gain	TP	TP
chr15	85000867	85020440	19573	15	1	2	0	mutual_excl	mutual_excl	1-1	1-1	True	18	0.265	0.253	gain	TP	TP
chr15	85283821	85322428	38607	1	4	1	0	mutual_excl	mutual_excl	1-1	1-1	True	6	0.235	0.49	gain	TP	TP
chr15	85322428	85322605	177	24	28	49	0	mutual_excl	mutual_excl	1-1	1-1	True	101	0.49	0.276	gain	TP	TP
chr15	85411681	85431657	19976	4	4	13	0	mutual_excl	mutual_excl	1-1	1-1	True	21	0.531	0.245	gain	TP	TP
chr15	85812499	85841019	28520	2	2	2	0	mutual_excl	mutual_excl	2-1	2-1	True	6	0.386	0.188	gain	FP	TP
chr15	85932245	85949389	17144	8	7	1	0	mutual_excl	mutual_excl	2-1	2-1	True	16	0.206	0.302	gain	TP	TP
chr15	85972337	85975772	3435	39	15	20	0	mutual_excl	mutual_excl	2-1	2-1	True	74	0.245	0.22	gain	TP	TP
chr15	85972338	85975772	3434	40	15	19	0	mutual_excl	mutual_excl	2-1	2-1	True	74	0.235	0.22	gain	TP	TP
chr15	86363173	86373031	9858	19	6	13	0	mutual_excl	mutual_excl	1-1	1-1	True	38	0.24	0.179	gain	TP	TP
chr15	87008007	87011172	3165	32	16	11	0	mutual_excl	mutual_excl	1-1	1-1	True	59	0.128	0.29	gain	TP	TP
chr15	87154773	87174474	19701	8	3	13	0	mutual_excl	mutual_excl	1-1	1-1	True	24	0.474	0.216	gain	TP	TP
chr15	87154773	87174475	19702	8	3	13	0	mutual_excl	mutual_excl	1-1	1-1	True	24	0.474	0.236	gain	TP	TP
chr15	87174474	87208493	34019	5	3	1	0	mutual_excl	mutual_excl	1-1	1-1	True	9	0.216	0.3	gain	TP	TP
chr15	87174475	87208493	34018	5	3	1	0	mutual_excl	mutual_excl	1-1	1-1	True	9	0.236	0.3	gain	TP	TP
chr15	88823600	88825088	1488	29	29	40	0	mutual_excl	mutual_excl	1-1	1-1	True	98	0.455	0.259	gain	TP	TP
chr15	89194548	89223089	28541	0	4	2	0	mutual_excl	mutual_excl	1-1	1-1	True	6	0.24	0.386	gain	TP	TP
chr15	89266452	89275618	9166	16	26	13	0	mutual_excl	mutual_excl	1-1	1-1	True	55	0.279	0.455	gain	TP	TP
chr15	89369159	89373432	4273	37	7	19	0	mutual_excl	mutual_excl	1-1	1-1	True	63	0.313	0.102	gain	TP	TP
chr15	89970272	89994276	24004	7	5	1	0	mutual_excl	mutual_excl	1-1	1-1	True	13	0.31	0.364	gain	TP	TP
chr15	90120605	90127514	6909	34	8	14	0	mutual_excl	mutual_excl	1-1	1-1	True	56	0.248	0.258	gain	TP	TP
chr15	90120607	90127514	6907	32	8	15	0	mutual_excl	mutual_excl	1-1	1-1	True	55	0.26	0.258	gain	TP	TP
chr15	90372258	90377055	4797	20	24	39	0	mutual_excl	mutual_excl	1-1	1-1	True	83	0.453	0.281	gain	TP	TP
chr15	91408853	91424773	15920	10	20	5	0	mutual_excl	mutual_excl	2-1	2-1	True	35	0.176	0.547	gain	TP	TP
chr15	91424773	91445610	20837	12	6	15	0	mutual_excl	mutual_excl	2-1	2-1	True	33	0.547	0.234	gain	TP	TP
chr15	91445610	91459531	13921	6	10	11	0	mutual_excl	mutual_excl	2-1	2-1	True	27	0.234	0.5	gain	TP	TP
chr15	91445610	91469542	23932	11	1	2	0	mutual_excl	mutual_excl	2-1	2-1	True	14	0.234	0.137	gain	TP	TP
chr15	91445610	91476187	30577	4	1	1	0	mutual_excl	mutual_excl	2-1	2-1	True	6	0.234	0.516	gain	TP	TP
chr15	92777101	92793852	16751	25	11	9	0	mutual_excl	mutual_excl	2-1	2-1	True	45	0.154	0.188	gain	TP	TP
chr15	93765938	93792622	26684	1	1	12	0	mutual_excl	mutual_excl	1-1	1-1	True	14	0.598	0.149	gain	TP	TP
chr15	93785932	93792622	6690	19	13	47	0	mutual_excl	mutual_excl	1-1	1-1	True	79	0.609	0.149	gain	TP	TP
chr15	93792622	93802970	10348	12	34	5	0	mutual_excl	mutual_excl	1-1	1-1	True	51	0.149	0.647	gain	TP	TP
chr15	93885885	93911600	25715	3	4	8	0	mutual_excl	mutual_excl	1-1	1-1	True	15	0.525	0.154	gain	TP	TP
chr15	94148000	94169531	21531	5	18	4	0	mutual_excl	mutual_excl	1-1	1-1	True	27	0.214	0.567	gain	TP	TP
chr15	94504923	94511375	6452	33	23	15	0	mutual_excl	mutual_excl	1-1	1-1	True	71	0.197	0.328	gain	TP	TP
chr15	95359943	95375711	15768	6	9	16	0	mutual_excl	mutual_excl	1-1	1-1	True	31	0.614	0.267	gain	TP	TP
chr15	95359943	95375712	15769	6	10	17	0	mutual_excl	mutual_excl	1-1	1-1	True	33	0.614	0.275	gain	TP	TP
chr15	95359943	95380018	20075	3	6	14	0	mutual_excl	mutual_excl	1-1	1-1	True	23	0.614	0.277	gain	TP	TP
chr15	95375711	95379569	3858	14	48	30	0	mutual_excl	mutual_excl	1-1	1-1	True	92	0.267	0.549	gain	TP	TP
chr15	95375712	95379569	3857	14	49	31	0	mutual_excl	mutual_excl	1-1	1-1	True	94	0.275	0.549	gain	TP	TP
chr15	96565240	96588595	23355	1	9	3	0	mutual_excl	mutual_excl	1-1	1-1	True	13	0.179	0.631	gain	TP	TP
chr15	96565240	96597180	31940	3	2	1	0	mutual_excl	mutual_excl	1-1	1-1	True	6	0.179	0.356	gain	TP	TP
chr15	97604111	97634839	30728	5	2	2	0	mutual_excl	mutual_excl	1-1	1-1	True	9	0.226	0.215	gain	TP	TP
chr15	98219797	98237023	17226	13	9	2	0	mutual_excl	mutual_excl	1-1	1-1	True	24	0.194	0.338	gain	TP	TP
chr15	98219797	98238726	18929	16	5	1	0	mutual_excl	mutual_excl	1-1	1-1	True	22	0.194	0.201	gain	TP	FP
chr15	98237023	98238726	1703	45	22	39	0	mutual_excl	mutual_excl	1-1	1-1	True	106	0.338	0.201	gain	TP	FP
chr15	98237024	98238726	1702	42	22	48	0	mutual_excl	mutual_excl	1-1	1-1	True	112	0.399	0.201	gain	TP	FP
chr15	98268664	98295356	26692	7	2	5	0	mutual_excl	mutual_excl	1-1	1-1	True	14	0.373	0.164	gain	TP	TP
chr15	98268665	98295356	26691	7	2	5	0	mutual_excl	mutual_excl	1-1	1-1	True	14	0.387	0.164	gain	TP	TP
chr15	98396959	98410931	13972	9	24	6	0	mutual_excl	mutual_excl	1-1	1-1	True	39	0.196	0.602	gain	TP	TP
chr15	98788509	98798602	10093	13	29	11	0	mutual_excl	mutual_excl	2-1	2-1	True	53	0.216	0.552	gain	TP	TP
chr15	98788509	98817624	29115	5	2	1	0	mutual_excl	mutual_excl	2-1	2-1	True	8	0.216	0.156	gain	TP	TP
chr15	99711670	99726138	14468	10	8	15	0	mutual_excl	mutual_excl	1-1	1-1	True	33	0.477	0.308	gain	TP	TP
chr15	99711670	99729894	18224	9	8	7	0	mutual_excl	mutual_excl	1-1	1-1	True	24	0.477	0.328	gain	TP	TP
chr15	100187404	100189160	1756	58	42	21	0	mutual_excl	mutual_excl	3	3	True	121	0.169	0.316	gain	TP	TP
chr15	100662844	100671084	8240	13	30	13	0	mutual_excl	mutual_excl	1-1	1-1	True	56	0.204	0.522	gain	TP	TP
chr15	100705789	100720418	14629	16	13	8	0	mutual_excl	mutual_excl	1-1	1-1	True	37	0.174	0.402	gain	TP	TP
chr15	100705789	100720419	14630	15	13	7	0	mutual_excl	mutual_excl	1-1	1-1	True	35	0.174	0.402	gain	TP	TP
chr15	101858382	101882300	23918	14	1	5	0	mutual_excl	mutual_excl	2-1	2-1	True	20	0.146	0.167	gain	TP	TP
chr20	1208589	1217817	9228	15	13	10	0	mutual_excl	mutual_excl	1-1	1-1	True	38	0.25	0.423	gain	TP	TP
chr20	1217817	1236941	19124	9	5	8	0	mutual_excl	mutual_excl	1-1	1-1	True	22	0.423	0.278	gain	TP	TP
chr20	1877968	1910122	32154	2	2	3	0	mutual_excl	mutual_excl	2-1	2-1	True	7	0.398	0.243	gain	TP	TP
chr20	2260709	2282992	22283	5	7	4	0	mutual_excl	mutual_excl	2-1	2-1	True	16	0.284	0.434	gain	TP	TP
chr20	2282992	2306151	23159	6	7	5	0	mutual_excl	mutual_excl	2-1	2-1	True	18	0.434	0.241	gain	TP	TP
chr20	2662333	2669777	7444	21	13	35	0	mutual_excl	mutual_excl	2-1	2-1	True	69	0.422	0.183	gain	TP	TP
chr20	7691455	7697750	6295	17	9	19	0	mutual_excl	mutual_excl	2-1	2-1	True	45	0.366	0.292	gain	TP	TP
chr20	14263147	14267994	4847	38	16	18	0	mutual_excl	mutual_excl	2-1	2-1	True	72	0.268	0.221	gain	TP	TP
chr20	14263147	14268009	4862	41	16	19	0	mutual_excl	mutual_excl	2-1	2-1	True	76	0.268	0.214	gain	TP	TP
chr20	30607521	30636498	28977	1	4	4	0	mutual_excl	mutual_excl	1-1	1-1	True	9	0.352	0.203	gain	TP	TP
chr20	35426740	35459441	32701	0	2	4	0	mutual_excl	mutual_excl	3	3	True	6	0.567	0.364	gain	TP	TP
chr20	37859763	37867355	7592	19	2	25	0	mutual_excl	mutual_excl	1-1	1-1	True	46	0.505	0.071	gain	TP	FP
chr20	37859763	37867890	8127	18	1	24	0	mutual_excl	mutual_excl	1-1	1-1	True	43	0.505	0.061	gain	TP	FP
chr20	37859763	37868513	8750	17	1	23	0	mutual_excl	mutual_excl	1-1	1-1	True	41	0.505	0.059	gain	TP	FP
chr20	42031454	42039703	8249	27	2	29	0	mutual_excl	mutual_excl	1-1	1-1	True	58	0.538	0.048	gain	TP	FP
chr20	42039703	42047130	7427	23	30	2	0	mutual_excl	mutual_excl	1-1	1-1	True	55	0.048	0.532	gain	FP	TP
chr20	43954556	43989370	34814	3	2	1	0	mutual_excl	mutual_excl	1-1	1-1	True	6	0.047	0.419	gain	FP	TP
chr20	43958136	43989370	31234	5	4	1	0	mutual_excl	mutual_excl	1-1	1-1	True	10	0.049	0.419	gain	FP	TP
chr20	43958385	43989370	30985	5	4	1	0	mutual_excl	mutual_excl	1-1	1-1	True	10	0.049	0.419	gain	FP	TP
chr20	48209208	48228480	19272	14	1	2	0	mutual_excl	mutual_excl	2-1	2-1	True	17	0.155	0.088	gain	TP	FP
chr20	48224486	48228480	3994	34	7	28	0	mutual_excl	mutual_excl	2-1	2-1	True	69	0.363	0.088	gain	TP	FP
chr20	48668869	48695188	26319	7	5	4	0	mutual_excl	mutual_excl	2-1	2-1	True	16	0.261	0.317	gain	TP	TP
chr20	50649869	50661508	11639	3	23	21	0	mutual_excl	mutual_excl	3	3	True	47	0.474	0.444	gain	TP	TP
chr20	51913982	51920446	6464	42	32	7	0	mutual_excl	mutual_excl	2-1	2-1	True	81	0.09	0.42	gain	FP	TP
chr20	52094778	52121225	26447	6	2	2	0	mutual_excl	mutual_excl	2-1	2-1	True	10	0.057	0.393	gain	FP	TP
chr20	52095807	52121225	25418	6	2	2	0	mutual_excl	mutual_excl	2-1	2-1	True	10	0.065	0.393	gain	FP	TP
chr20	53657469	53670920	13451	22	21	2	0	mutual_excl	mutual_excl	2-1	2-1	True	45	0.057	0.513	gain	FP	TP
chr20	53658608	53670920	12312	25	24	2	0	mutual_excl	mutual_excl	2-1	2-1	True	51	0.087	0.513	gain	FP	TP
chr20	54726228	54737238	11010	19	12	16	0	mutual_excl	mutual_excl	1-1	1-1	True	47	0.284	0.223	gain	TP	TP
chr20	55660911	55676267	15356	22	7	2	0	mutual_excl	mutual_excl	1-1	1-1	True	31	0.051	0.181	gain	FP	TP
chr20	56191455	56199904	8449	24	3	21	0	mutual_excl	mutual_excl	2-1	2-1	True	48	0.434	0.093	gain	TP	FP
chr20	56191455	56212226	20771	5	2	8	0	mutual_excl	mutual_excl	2-1	2-1	True	15	0.434	0.105	gain	TP	FP
chr20	56191455	56215654	24199	5	2	7	0	mutual_excl	mutual_excl	2-1	2-1	True	14	0.434	0.107	gain	TP	FP
chr20	56191455	56217408	25953	4	1	6	0	mutual_excl	mutual_excl	2-1	2-1	True	11	0.434	0.066	gain	TP	FP
chr20	56199904	56234355	34451	2	4	1	0	mutual_excl	mutual_excl	2-1	2-1	True	7	0.093	0.478	gain	FP	TP
chr20	56199904	56235046	35142	2	3	1	0	mutual_excl	mutual_excl	2-1	2-1	True	6	0.093	0.486	gain	FP	TP
chr20	56209628	56235046	25418	12	6	1	0	mutual_excl	mutual_excl	2-1	2-1	True	19	0.101	0.486	gain	FP	TP
chr20	56212226	56234355	22129	12	9	1	0	mutual_excl	mutual_excl	2-1	2-1	True	22	0.105	0.478	gain	FP	TP
chr20	56212226	56235046	22820	12	8	1	0	mutual_excl	mutual_excl	2-1	2-1	True	21	0.105	0.486	gain	FP	TP
chr20	56215654	56234355	18701	19	13	1	0	mutual_excl	mutual_excl	2-1	2-1	True	33	0.107	0.478	gain	FP	TP
chr20	56215654	56235046	19392	19	12	1	0	mutual_excl	mutual_excl	2-1	2-1	True	32	0.107	0.486	gain	FP	TP
chr20	56217408	56234355	16947	22	19	1	0	mutual_excl	mutual_excl	2-1	2-1	True	42	0.066	0.478	gain	FP	TP
chr20	56217408	56235046	17638	22	18	1	0	mutual_excl	mutual_excl	2-1	2-1	True	41	0.066	0.486	gain	FP	TP
chr20	56459886	56486996	27110	5	1	1	0	mutual_excl	mutual_excl	2-1	2-1	True	7	0.121	0.179	gain	FP	TP
chr20	57311191	57342958	31767	8	1	1	0	mutual_excl	mutual_excl	2-1	2-1	True	10	0.266	0.068	gain	TP	FP
chr20	57845537	57863016	17479	11	14	1	0	mutual_excl	mutual_excl	2-1	2-1	True	26	0.043	0.481	gain	FP	TP
chr20	58868189	58868284	95	49	64	9	0	mutual_excl	mutual_excl	1-1	1-1	True	122	0.071	0.516	gain	FP	TP
chr20	58868189	58868285	96	47	66	9	0	mutual_excl	mutual_excl	1-1	1-1	True	122	0.071	0.532	gain	FP	TP
chr20	59317245	59318545	1300	62	15	8	0	mutual_excl	mutual_excl	1-1	1-1	True	85	0.079	0.184	gain	FP	TP
chr20	59418687	59437602	18915	13	3	15	0	mutual_excl	mutual_excl	1-1	1-1	True	31	0.477	0.092	gain	TP	FP
chr20	63694680	63709826	15146	22	1	13	0	mutual_excl	mutual_excl	2-1	2-1	True	36	0.348	0.138	gain	TP	FP
chr20	63694680	63711186	16506	19	1	10	0	mutual_excl	mutual_excl	2-1	2-1	True	30	0.348	0.111	gain	TP	FP
chr20	64151306	64167017	15711	15	14	2	0	mutual_excl	mutual_excl	1-1	1-1	True	31	0.088	0.425	gain	FP	TP
