chrom	pos_a	pos_b	dist	RR	RA	AR	AA	rel	config	hp_a	hp_b	same_hp	coread	vaf_a	vaf_b	cn_a	src_a	src_b
chr1	1320793	1336326	15533	0	1	0	19	nested_a_in_b	nested_a_in_b	2-1	2-1	True	20	0.951	0.967	loh	TP	TP
chr1	5632971	5647379	14408	2	18	0	2	nested_a_in_b	nested_a_in_b	2-1	2-1	True	22	0.039	0.897	loh	TP	TP
chr1	5816053	5816054	1	6	1	0	53	nested_a_in_b	nested_a_in_b	1-1	1-1	True	60	0.883	0.9	loh	TP	TP
chr1	7500258	7500279	21	47	4	0	13	nested_a_in_b	nested_a_in_b	2-1	2-1	True	64	0.2	0.277	loh	FP	FP
chr1	8678694	8699997	21303	0	2	0	9	nested_a_in_b	nested_a_in_b	2-1	2-1	True	11	0.945	0.952	loh	TP	TP
chr1	9095521	9095522	1	40	1	0	18	nested_a_in_b	nested_a_in_b	1-1	1-1	True	59	0.305	0.339	loh	TP	TP
chr1	37044956	37068439	23483	1	1	0	9	nested_a_in_b	nested_a_in_b	1-1	1-1	True	11	0.97	0.943	neutral	TP	TP
chr1	37235269	37254240	18971	0	9	0	2	nested_a_in_b	nested_a_in_b	1-1	1-1	True	11	0.243	0.914	loh	FP	TP
chr1	37266948	37290070	23122	0	1	0	10	nested_a_in_b	nested_a_in_b	1-1	1-1	True	11	0.905	0.912	loh	TP	TP
chr1	37368770	37369340	570	0	33	0	22	nested_a_in_b	nested_a_in_b	1-1	1-1	True	55	0.406	1.0	loh	TP	TP
chr1	38748531	38763132	14601	0	9	0	8	nested_a_in_b	nested_a_in_b	1-1	1-1	True	17	0.396	1.0	loh	TP	TP
chr1	40284533	40308605	24072	2	3	0	2	nested_a_in_b	nested_a_in_b	1-1	1-1	True	7	0.358	0.706	loh	TP	TP
chr1	53414848	53435283	20435	1	1	0	4	nested_a_in_b	nested_a_in_b	1-1	1-1	True	6	0.593	0.468	loh	TP	TP
chr1	55205627	55233234	27607	0	2	0	5	nested_a_in_b	nested_a_in_b	2-1	2-1	True	7	0.5	1.0	loh	TP	TP
chr1	57501374	57521711	20337	1	5	0	5	nested_a_in_b	nested_a_in_b	1-1	1-1	True	11	0.4	0.922	loh	TP	TP
chr1	61221893	61238452	16559	2	1	0	9	nested_a_in_b	nested_a_in_b	2-1	2-1	True	12	0.633	0.542	loh	TP	TP
chr1	64570865	64576591	5726	13	2	0	14	nested_a_in_b	nested_a_in_b	1-1	1-1	True	29	0.491	0.508	loh	TP	TP
chr1	64570865	64581152	10287	9	1	0	10	nested_a_in_b	nested_a_in_b	1-1	1-1	True	20	0.491	0.521	loh	TP	TP
chr1	68837418	68849100	11682	13	1	0	12	nested_a_in_b	nested_a_in_b	2-1	2-1	True	26	0.436	0.552	loh	TP	TP
chr1	77371743	77371756	13	25	1	0	20	nested_a_in_b	nested_a_in_b	1-1	1-1	True	46	0.392	0.457	loh	TP	TP
chr1	78728599	78728619	20	26	1	0	28	nested_a_in_b	nested_a_in_b	1-1	1-1	True	55	0.509	0.518	loh	TP	TP
chr1	81173775	81180842	7067	7	1	0	21	nested_a_in_b	nested_a_in_b	2-1	2-1	True	29	0.607	0.635	loh	TP	TP
chr1	81238063	81245889	7826	13	1	0	7	nested_a_in_b	nested_a_in_b	2-1	2-1	True	21	0.333	0.379	loh	TP	TP
chr1	83099892	83123583	23691	1	3	0	4	nested_a_in_b	nested_a_in_b	2-1	2-1	True	8	0.379	0.51	loh	TP	TP
chr1	99745416	99753816	8400	21	1	0	1	sparse	nested_a_in_b	3	3	True	23	0.067	0.068	loh	FP	FP
chr1	102920658	102920743	85	33	1	0	28	nested_a_in_b	nested_a_in_b	1-1	1-1	True	62	0.452	0.476	loh	TP	TP
chr1	104007186	104027802	20616	6	1	0	5	nested_a_in_b	nested_a_in_b	3	3	True	12	0.491	0.413	loh	TP	FP
chr1	107263744	107284188	20444	10	1	0	4	nested_a_in_b	nested_a_in_b	1-1	1-1	True	15	0.35	0.424	loh	TP	TP
chr1	111671634	111674356	2722	36	1	0	4	nested_a_in_b	nested_a_in_b	1-1	1-1	True	41	0.086	0.107	loh	FP	FP
chr1	112079659	112090258	10599	8	2	0	8	nested_a_in_b	nested_a_in_b	1-1	1-1	True	18	0.442	0.482	loh	TP	TP
chr6	64213057	64225139	12082	10	1	0	6	nested_a_in_b	nested_a_in_b	2-1	2-1	True	17	0.364	0.5	neutral	TP	TP
chr6	66616171	66641233	25062	4	3	0	1	mutual_excl	nested_a_in_b	2-1	2-1	True	8	0.057	0.5	neutral	FP	TP
chr6	67755133	67761415	6282	16	1	0	14	nested_a_in_b	nested_a_in_b	2-1	2-1	True	31	0.473	0.453	neutral	TP	TP
chr6	77705069	77707474	2405	42	1	0	4	nested_a_in_b	nested_a_in_b	2-1	2-1	True	47	0.069	0.109	neutral	FP	FP
chr6	77978157	77978287	130	44	1	0	4	nested_a_in_b	nested_a_in_b	2-1	2-1	True	49	0.08	0.102	loh	FP	FP
chr6	77995532	77995583	51	48	1	0	3	nested_a_in_b	nested_a_in_b	3	3	True	52	0.058	0.077	loh	FP	FP
chr6	88862216	88862217	1	66	4	0	37	nested_a_in_b	nested_a_in_b	1-1	1-1	True	107	0.343	0.38	loh	TP	TP
chr6	88862216	88869890	7674	7	23	0	23	nested_a_in_b	nested_a_in_b	1-1	1-1	True	53	0.343	0.871	loh	TP	TP
chr6	88862216	88871971	9755	7	20	0	19	nested_a_in_b	nested_a_in_b	1-1	1-1	True	46	0.343	0.817	loh	TP	TP
chr6	88862217	88869890	7673	7	20	0	25	nested_a_in_b	nested_a_in_b	1-1	1-1	True	52	0.38	0.871	loh	TP	TP
chr6	88862217	88871971	9754	7	17	0	21	nested_a_in_b	nested_a_in_b	1-1	1-1	True	45	0.38	0.817	loh	TP	TP
chr6	88862557	88869890	7333	7	21	0	26	nested_a_in_b	nested_a_in_b	1-1	1-1	True	54	0.378	0.871	loh	TP	TP
chr6	88862557	88871971	9414	7	18	0	22	nested_a_in_b	nested_a_in_b	1-1	1-1	True	47	0.378	0.817	loh	TP	TP
chr6	89035331	89066241	30910	0	1	0	5	nested_a_in_b	nested_a_in_b	1-1	1-1	True	6	0.708	0.963	loh	TP	TP
chr6	89594284	89603510	9226	45	1	0	10	nested_a_in_b	nested_a_in_b	1-1	1-1	True	56	0.155	0.24	loh	TP	TP
chr6	98881224	98902717	21493	2	1	0	13	nested_a_in_b	nested_a_in_b	2-1	2-1	True	16	0.934	0.879	loh	TP	TP
chr6	99625498	99631230	5732	1	25	0	11	nested_a_in_b	nested_a_in_b	2-1	2-1	True	37	0.29	0.948	loh	TP	TP
chr6	99705323	99726969	21646	0	6	0	5	nested_a_in_b	nested_a_in_b	2-1	2-1	True	11	0.236	1.0	loh	TP	TP
chr6	99718527	99726969	8442	0	7	0	21	nested_a_in_b	nested_a_in_b	2-1	2-1	True	28	0.727	1.0	loh	TP	TP
chr6	100265948	100298642	32694	1	7	0	1	mutual_excl	nested_a_in_b	2-1	2-1	True	9	0.222	0.949	loh	FP	TP
chr6	101356807	101372928	16121	1	3	0	10	nested_a_in_b	nested_a_in_b	2-1	2-1	True	14	0.829	0.96	loh	TP	TP
chr6	101564790	101565862	1072	32	1	0	4	nested_a_in_b	nested_a_in_b	1-1	1-1	True	37	0.1	0.125	loh	FP	FP
chr6	101870003	101883107	13104	0	7	0	5	nested_a_in_b	nested_a_in_b	2-1	2-1	True	12	0.372	0.974	loh	TP	TP
chr6	106112590	106127363	14773	1	16	0	8	nested_a_in_b	nested_a_in_b	2-1	2-1	True	25	0.316	0.94	loh	TP	TP
chr6	110390226	110391015	789	47	4	0	16	nested_a_in_b	nested_a_in_b	2-1	2-1	True	67	0.265	0.306	loh	TP	TP
chr6	110664010	110671803	7793	0	34	0	6	nested_a_in_b	nested_a_in_b	2-1	2-1	True	40	0.187	1.0	loh	FP	TP
chr6	112448922	112453616	4694	1	44	0	6	nested_a_in_b	nested_a_in_b	2-1	2-1	True	51	0.099	0.988	loh	FP	TP
chr6	113024475	113031430	6955	0	23	0	9	nested_a_in_b	nested_a_in_b	2-1	2-1	True	32	0.342	1.0	loh	TP	TP
chr6	113656066	113656484	418	4	47	0	19	nested_a_in_b	nested_a_in_b	2-1	2-1	True	70	0.257	0.933	loh	TP	TP
chr6	114147463	114151519	4056	3	37	0	17	nested_a_in_b	nested_a_in_b	2-1	2-1	True	57	0.298	0.941	loh	TP	TP
chr6	114147463	114167921	20458	2	8	0	6	nested_a_in_b	nested_a_in_b	2-1	2-1	True	16	0.298	0.976	loh	TP	TP
chr6	114147463	114167931	20468	2	9	0	6	nested_a_in_b	nested_a_in_b	2-1	2-1	True	17	0.298	0.966	loh	TP	TP
chr6	114683396	114717631	34235	0	4	0	3	nested_a_in_b	nested_a_in_b	2-1	2-1	True	7	0.284	0.987	loh	TP	TP
chr6	115277434	115307893	30459	0	8	0	1	mutual_excl	nested_a_in_b	2-1	2-1	True	9	0.352	0.974	loh	TP	TP
chr6	162119517	162131342	11825	0	7	0	7	nested_a_in_b	nested_a_in_b	2-1	2-1	True	14	0.426	1.0	loh	TP	TP
chr6	162269785	162270539	754	30	1	0	3	nested_a_in_b	nested_a_in_b	1-1	1-1	True	34	0.079	0.111	loh	FP	FP
chr6	162499407	162504266	4859	22	3	0	5	nested_a_in_b	nested_a_in_b	2-1	2-1	True	30	0.154	0.176	loh	FP	FP
chr6	162499407	162508092	8685	17	1	0	5	nested_a_in_b	nested_a_in_b	2-1	2-1	True	23	0.154	0.167	loh	FP	FP
chr6	164170908	164188447	17539	0	8	0	4	nested_a_in_b	nested_a_in_b	2-1	2-1	True	12	0.471	1.0	loh	TP	TP
chr6	164179781	164188447	8666	0	10	0	13	nested_a_in_b	nested_a_in_b	2-1	2-1	True	23	0.5	1.0	loh	TP	TP
chr6	164182578	164188447	5869	0	16	0	15	nested_a_in_b	nested_a_in_b	2-1	2-1	True	31	0.556	1.0	loh	TP	TP
chr6	164674089	164695550	21461	0	6	0	6	nested_a_in_b	nested_a_in_b	2-1	2-1	True	12	0.5	0.984	loh	TP	TP
chr6	165849018	165870539	21521	0	9	0	2	nested_a_in_b	nested_a_in_b	1-1	1-1	True	11	0.286	0.926	loh	TP	TP
chr6	166188122	166201632	13510	0	12	0	3	nested_a_in_b	nested_a_in_b	2-1	2-1	True	15	0.426	1.0	loh	TP	TP
chr6	166188122	166201633	13511	0	11	0	3	nested_a_in_b	nested_a_in_b	2-1	2-1	True	14	0.426	1.0	loh	TP	TP
chr11	664358	695346	30988	1	3	0	2	nested_a_in_b	nested_a_in_b	2-1	2-1	True	6	0.111	0.902	loh	FP	TP
chr11	3148978	3169060	20082	4	2	0	3	nested_a_in_b	nested_a_in_b	1-1	1-1	True	9	0.491	0.481	loh	TP	TP
chr11	5157112	5164579	7467	0	1	0	33	nested_a_in_b	nested_a_in_b	1-1	1-1	True	34	0.954	0.986	loh	TP	TP
chr11	5160791	5164579	3788	0	1	0	43	nested_a_in_b	nested_a_in_b	1-1	1-1	True	44	0.966	0.986	loh	TP	TP
chr11	6389322	6392962	3640	0	1	0	38	nested_a_in_b	nested_a_in_b	2-1	2-1	True	39	0.967	0.964	loh	TP	TP
chr11	6401237	6411766	10529	0	1	0	20	nested_a_in_b	nested_a_in_b	2-1	2-1	True	21	0.954	1.0	loh	TP	TP
chr11	6401237	6416864	15627	0	1	0	9	nested_a_in_b	nested_a_in_b	2-1	2-1	True	10	0.954	1.0	loh	TP	TP
chr11	6410518	6411766	1248	0	1	0	39	nested_a_in_b	nested_a_in_b	2-1	2-1	True	40	0.979	1.0	loh	TP	TP
chr11	6410518	6416864	6346	0	1	0	19	nested_a_in_b	nested_a_in_b	2-1	2-1	True	20	0.979	1.0	loh	TP	TP
chr11	6410518	6426693	16175	0	1	0	10	nested_a_in_b	nested_a_in_b	2-1	2-1	True	11	0.979	0.94	loh	TP	TP
chr11	6410518	6426799	16281	0	1	0	10	nested_a_in_b	nested_a_in_b	2-1	2-1	True	11	0.979	0.886	loh	TP	TP
chr11	6410518	6426906	16388	0	1	0	10	nested_a_in_b	nested_a_in_b	2-1	2-1	True	11	0.979	0.935	loh	TP	TP
chr11	6410518	6428458	17940	0	1	0	8	nested_a_in_b	nested_a_in_b	2-1	2-1	True	9	0.979	0.945	loh	TP	TP
chr11	6410864	6411766	902	0	2	0	41	nested_a_in_b	nested_a_in_b	2-1	2-1	True	43	0.957	1.0	loh	TP	TP
chr11	6410864	6416864	6000	0	2	0	20	nested_a_in_b	nested_a_in_b	2-1	2-1	True	22	0.957	1.0	loh	TP	TP
chr11	6410864	6426693	15829	0	1	0	11	nested_a_in_b	nested_a_in_b	2-1	2-1	True	12	0.957	0.94	loh	TP	TP
chr11	6410864	6426799	15935	0	1	0	11	nested_a_in_b	nested_a_in_b	2-1	2-1	True	12	0.957	0.886	loh	TP	TP
chr11	6410864	6426906	16042	0	1	0	11	nested_a_in_b	nested_a_in_b	2-1	2-1	True	12	0.957	0.935	loh	TP	TP
chr11	6410864	6428458	17594	0	1	0	9	nested_a_in_b	nested_a_in_b	2-1	2-1	True	10	0.957	0.945	loh	TP	TP
chr11	6426693	6428458	1765	2	1	0	43	nested_a_in_b	nested_a_in_b	2-1	2-1	True	46	0.94	0.945	loh	TP	TP
chr11	6426799	6428458	1659	2	3	0	36	nested_a_in_b	nested_a_in_b	2-1	2-1	True	41	0.886	0.945	loh	TP	TP
chr11	6426906	6428458	1552	2	1	0	40	nested_a_in_b	nested_a_in_b	2-1	2-1	True	43	0.935	0.945	loh	TP	TP
chr11	6687336	6699857	12521	1	13	0	12	nested_a_in_b	nested_a_in_b	2-1	2-1	True	26	0.375	0.945	loh	TP	TP
chr11	7534907	7539006	4099	0	20	0	3	nested_a_in_b	nested_a_in_b	2-1	2-1	True	23	0.081	1.0	loh	FP	TP
chr11	10639095	10647060	7965	1	21	0	20	nested_a_in_b	nested_a_in_b	1-1	1-1	True	42	0.442	0.95	loh	TP	TP
chr11	10782772	10783912	1140	38	2	0	2	nested_a_in_b	nested_a_in_b	3	3	True	42	0.041	0.104	loh	FP	FP
chr11	10782772	10784325	1553	36	2	0	2	nested_a_in_b	nested_a_in_b	3	3	True	40	0.041	0.083	loh	FP	FP
chr11	10782772	10799508	16736	7	1	0	1	sparse	nested_a_in_b	3	3	True	9	0.041	0.077	loh	FP	FP
chr11	10782772	10801532	18760	6	1	0	1	sparse	nested_a_in_b	3	3	True	8	0.041	0.06	loh	FP	FP
chr11	10782772	10803184	20412	5	1	0	1	sparse	nested_a_in_b	3	3	True	7	0.041	0.059	loh	FP	FP
chr11	10783609	10783912	303	42	3	0	2	nested_a_in_b	nested_a_in_b	3	3	True	47	0.042	0.104	loh	FP	FP
chr11	10783609	10784325	716	41	2	0	2	nested_a_in_b	nested_a_in_b	3	3	True	45	0.042	0.083	loh	FP	FP
chr11	10783609	10799508	15899	9	1	0	1	sparse	nested_a_in_b	3	3	True	11	0.042	0.077	loh	FP	FP
chr11	10783609	10801532	17923	8	1	0	1	sparse	nested_a_in_b	3	3	True	10	0.042	0.06	loh	FP	FP
chr11	10783609	10803184	19575	6	1	0	1	sparse	nested_a_in_b	3	3	True	8	0.042	0.059	loh	FP	FP
chr11	11630648	11633826	3178	3	38	0	9	nested_a_in_b	nested_a_in_b	2-1	2-1	True	50	0.183	0.952	loh	TP	TP
chr11	14722395	14733286	10891	1	2	0	23	nested_a_in_b	nested_a_in_b	1-1	1-1	True	26	0.935	0.954	loh	TP	TP
chr11	15010414	15019400	8986	2	16	0	17	nested_a_in_b	nested_a_in_b	3	3	True	35	0.485	0.941	loh	TP	TP
chr11	20638484	20640988	2504	2	11	0	20	nested_a_in_b	nested_a_in_b	1-1	1-1	True	33	0.596	0.935	loh	TP	TP
chr11	23347995	23360273	12278	0	5	0	8	nested_a_in_b	nested_a_in_b	2-1	2-1	True	13	0.385	1.0	loh	TP	TP
chr11	23500090	23528181	28091	0	1	0	6	nested_a_in_b	nested_a_in_b	2-1	2-1	True	7	0.965	0.982	loh	TP	TP
chr11	23678501	23686191	7690	0	16	0	13	nested_a_in_b	nested_a_in_b	2-1	2-1	True	29	0.527	1.0	loh	TP	TP
chr11	26773903	26774887	984	0	1	0	55	nested_a_in_b	nested_a_in_b	3	3	True	56	0.969	0.984	loh	TP	TP
chr11	32624700	32632656	7956	0	19	0	14	nested_a_in_b	nested_a_in_b	2-1	2-1	True	33	0.453	0.983	loh	TP	TP
chr11	38370633	38390926	20293	1	1	0	13	nested_a_in_b	nested_a_in_b	2-1	2-1	True	15	0.914	0.939	loh	TP	TP
chr11	39263501	39263502	1	3	2	0	50	nested_a_in_b	nested_a_in_b	1-1	1-1	True	55	0.877	0.945	loh	TP	TP
chr11	44792073	44809178	17105	0	6	0	8	nested_a_in_b	nested_a_in_b	1-1	1-1	True	14	0.541	0.981	loh	TP	TP
chr11	45648079	45662542	14463	1	6	0	8	nested_a_in_b	nested_a_in_b	2-1	2-1	True	15	0.457	0.983	loh	TP	TP
chr11	46388259	46388260	1	30	1	0	32	nested_a_in_b	nested_a_in_b	2-1	2-1	True	63	0.508	0.531	loh	TP	TP
chr11	48865480	48878404	12924	0	1	0	14	nested_a_in_b	nested_a_in_b	2-1	2-1	True	15	0.945	0.964	loh	TP	TP
chr11	48878404	48888347	9943	0	2	0	23	nested_a_in_b	nested_a_in_b	2-1	2-1	True	25	0.964	0.98	loh	TP	TP
chr11	48959901	48961752	1851	2	2	0	42	nested_a_in_b	nested_a_in_b	2-1	2-1	True	46	0.931	0.948	loh	TP	TP
chr11	70646006	70661782	15776	2	10	0	2	nested_a_in_b	nested_a_in_b	2-1	2-1	True	14	0.352	0.877	neutral	TP	TP
chr11	70884604	70885792	1188	48	1	0	3	nested_a_in_b	nested_a_in_b	2-1	2-1	True	52	0.063	0.069	loh	FP	FP
chr11	70884604	70888432	3828	35	1	0	2	nested_a_in_b	nested_a_in_b	2-1	2-1	True	38	0.063	0.055	loh	FP	FP
chr11	72956918	72979333	22415	0	9	0	3	nested_a_in_b	nested_a_in_b	2-1	2-1	True	12	0.451	0.984	loh	TP	TP
chr11	77129314	77139453	10139	21	1	0	1	sparse	nested_a_in_b	2-1	2-1	True	23	0.062	0.097	loh	FP	FP
chr11	77241828	77252289	10461	1	1	0	20	nested_a_in_b	nested_a_in_b	2-1	2-1	True	22	0.857	0.985	loh	TP	TP
chr11	80624059	80635386	11327	1	12	0	13	nested_a_in_b	nested_a_in_b	1-1	1-1	True	26	0.458	0.933	loh	TP	TP
chr11	80864081	80874286	10205	0	5	0	6	nested_a_in_b	nested_a_in_b	1-1	1-1	True	11	0.467	0.961	loh	TP	TP
chr11	81107755	81138923	31168	0	2	0	4	nested_a_in_b	nested_a_in_b	2-1	2-1	True	6	0.514	0.98	loh	TP	TP
chr11	81634387	81639585	5198	9	1	0	16	nested_a_in_b	nested_a_in_b	2-1	2-1	True	26	0.558	0.491	loh	TP	TP
chr11	90319120	90341342	22222	0	4	0	5	nested_a_in_b	nested_a_in_b	2-1	2-1	True	9	0.527	0.926	loh	TP	TP
chr11	90463881	90488893	25012	1	3	0	2	nested_a_in_b	nested_a_in_b	2-1	2-1	True	6	0.338	0.897	loh	FP	TP
chr11	93106529	93116686	10157	2	20	0	1	mutual_excl	nested_a_in_b	1-1	1-1	True	23	0.049	0.962	loh	FP	TP
chr11	93814409	93840181	25772	0	5	0	2	nested_a_in_b	nested_a_in_b	1-1	1-1	True	7	0.426	0.977	loh	TP	TP
chr11	95359791	95373311	13520	0	10	0	12	nested_a_in_b	nested_a_in_b	2-1	2-1	True	22	0.5	0.985	loh	TP	TP
chr11	95958905	95966822	7917	1	36	0	3	nested_a_in_b	nested_a_in_b	2-1	2-1	True	40	0.08	0.986	loh	FP	TP
chr11	97395764	97411912	16148	0	1	0	9	nested_a_in_b	nested_a_in_b	2-1	2-1	True	10	0.957	0.981	loh	TP	TP
chr11	98453563	98464984	11421	0	1	0	28	nested_a_in_b	nested_a_in_b	1-1	1-1	True	29	0.928	1.0	loh	TP	TP
chr11	99146551	99162613	16062	0	10	0	6	nested_a_in_b	nested_a_in_b	1-1	1-1	True	16	0.417	0.983	loh	TP	TP
chr11	99159419	99162613	3194	1	22	0	17	nested_a_in_b	nested_a_in_b	1-1	1-1	True	40	0.453	0.983	loh	TP	TP
chr11	99478494	99501779	23285	1	3	0	4	nested_a_in_b	nested_a_in_b	1-1	1-1	True	8	0.562	0.984	loh	TP	TP
chr11	100939201	100945997	6796	1	8	0	14	nested_a_in_b	nested_a_in_b	1-1	1-1	True	23	0.448	0.974	loh	TP	TP
chr11	101167174	101167176	2	2	2	0	53	nested_a_in_b	nested_a_in_b	1-1	1-1	True	57	0.932	0.965	loh	TP	TP
chr11	102444151	102460102	15951	0	7	0	10	nested_a_in_b	nested_a_in_b	2-1	2-1	True	17	0.42	1.0	loh	TP	TP
chr11	104496771	104499482	2711	35	1	0	10	nested_a_in_b	nested_a_in_b	1-1	1-1	True	46	0.281	0.284	loh	TP	TP
chr11	109222486	109236832	14346	1	2	0	17	nested_a_in_b	nested_a_in_b	2-1	2-1	True	20	0.878	0.981	loh	TP	TP
chr11	109325771	109334479	8708	1	7	0	9	nested_a_in_b	nested_a_in_b	2-1	2-1	True	17	0.65	0.923	loh	TP	TP
chr11	109788142	109788733	591	20	1	0	23	nested_a_in_b	nested_a_in_b	2-1	2-1	True	44	0.523	0.577	loh	TP	TP
chr11	110936755	110958930	22175	0	2	0	8	nested_a_in_b	nested_a_in_b	1-1	1-1	True	10	0.529	0.965	loh	TP	TP
chr11	112122727	112133525	10798	1	11	0	7	nested_a_in_b	nested_a_in_b	2-1	2-1	True	19	0.5	0.965	loh	TP	TP
chr11	112449472	112451499	2027	0	1	0	36	nested_a_in_b	nested_a_in_b	1-1	1-1	True	37	0.979	1.0	loh	TP	TP
chr11	114733559	114757442	23883	2	1	0	5	nested_a_in_b	nested_a_in_b	2-1	2-1	True	8	0.87	0.923	loh	TP	TP
chr11	114846190	114863895	17705	0	9	0	5	nested_a_in_b	nested_a_in_b	2-1	2-1	True	14	0.419	1.0	loh	TP	TP
chr11	115845053	115860196	15143	0	4	0	2	nested_a_in_b	nested_a_in_b	2-1	2-1	True	6	0.354	0.977	loh	TP	TP
chr11	116291457	116291458	1	10	1	0	44	nested_a_in_b	nested_a_in_b	2-1	2-1	True	55	0.8	0.804	loh	TP	TP
chr11	116615113	116638669	23556	1	5	0	1	mutual_excl	nested_a_in_b	2-1	2-1	True	7	0.125	0.96	loh	FP	TP
chr11	119663460	119685784	22324	1	7	0	5	nested_a_in_b	nested_a_in_b	1-1	1-1	True	13	0.491	0.982	loh	TP	TP
chr11	120286006	120299526	13520	3	12	0	8	nested_a_in_b	nested_a_in_b	2-1	2-1	True	23	0.493	0.918	loh	TP	TP
chr11	125321221	125346509	25288	0	4	0	2	nested_a_in_b	nested_a_in_b	2-1	2-1	True	6	0.064	0.977	loh	FP	TP
chr11	128071917	128097940	26023	0	7	0	2	nested_a_in_b	nested_a_in_b	2-1	2-1	True	9	0.333	0.98	loh	TP	TP
chr11	128071917	128097951	26034	0	7	0	3	nested_a_in_b	nested_a_in_b	2-1	2-1	True	10	0.333	0.962	loh	TP	TP
chr11	128802981	128826044	23063	0	9	0	2	nested_a_in_b	nested_a_in_b	1-1	1-1	True	11	0.212	1.0	loh	TP	TP
chr11	134464832	134488105	23273	1	8	0	3	nested_a_in_b	nested_a_in_b	2-1	2-1	True	12	0.444	0.96	loh	TP	TP
chr11	135047809	135059608	11799	0	2	0	13	nested_a_in_b	nested_a_in_b	2-1	2-1	True	15	0.9	0.981	loh	TP	TP
chr21	10342450	10357137	14687	62	1	0	24	nested_a_in_b	nested_a_in_b	1-1	1-1	True	87	0.211	0.249	neutral	FP	FP
chr21	10352179	10357137	4958	159	2	0	51	nested_a_in_b	nested_a_in_b	1-1	1-1	True	212	0.202	0.249	neutral	FP	FP
chr21	10352179	10358257	6078	141	1	0	43	nested_a_in_b	nested_a_in_b	1-1	1-1	True	185	0.202	0.233	neutral	FP	FP
chr21	13518744	13518745	1	20	1	0	32	nested_a_in_b	nested_a_in_b	2-1	2-1	True	53	0.604	0.623	neutral	TP	TP
chr21	14233912	14253871	19959	6	2	0	1	mutual_excl	nested_a_in_b	2-1	2-1	True	9	0.322	0.431	neutral	TP	TP
chr21	16812712	16812713	1	30	1	0	30	nested_a_in_b	nested_a_in_b	1-1	1-1	True	61	0.484	0.5	neutral	TP	TP
chr21	18136259	18137539	1280	13	20	0	9	nested_a_in_b	nested_a_in_b	2-1	2-1	True	42	0.212	0.64	neutral	TP	TP
chr21	20386204	20407872	21668	3	1	0	3	nested_a_in_b	nested_a_in_b	1-1	1-1	True	7	0.473	0.511	neutral	TP	TP
chr21	21327447	21327448	1	41	2	0	20	nested_a_in_b	nested_a_in_b	1-1	1-1	True	63	0.312	0.349	neutral	TP	TP
chr21	22306211	22306219	8	16	1	0	22	nested_a_in_b	nested_a_in_b	1-1	1-1	True	39	0.564	0.6	neutral	TP	TP
chr21	25233798	25245901	12103	10	1	0	13	nested_a_in_b	nested_a_in_b	2-1	2-1	True	24	0.536	0.562	neutral	TP	TP
chr21	29217952	29247324	29372	3	1	0	5	nested_a_in_b	nested_a_in_b	1-1	1-1	True	9	0.437	0.492	neutral	TP	TP
chr21	30755336	30768096	12760	7	1	0	5	nested_a_in_b	nested_a_in_b	2-1	2-1	True	13	0.403	0.519	neutral	TP	TP
chr21	35837362	35837363	1	32	1	0	20	nested_a_in_b	nested_a_in_b	1-1	1-1	True	53	0.37	0.396	neutral	TP	TP
chr21	36483854	36498677	14823	10	2	0	8	nested_a_in_b	nested_a_in_b	2-1	2-1	True	20	0.426	0.5	neutral	TP	TP
chr21	38979149	38990794	11645	5	1	0	11	nested_a_in_b	nested_a_in_b	2-1	2-1	True	17	0.481	0.431	neutral	TP	TP
chr21	40336852	40340539	3687	28	1	0	12	nested_a_in_b	nested_a_in_b	2-1	2-1	True	41	0.468	0.311	neutral	TP	TP
chr2	12902177	12917379	15202	5	1	0	5	nested_a_in_b	nested_a_in_b	2-1	2-1	True	11	0.468	0.6	loh	TP	TP
chr2	12965685	12989169	23484	0	4	0	6	nested_a_in_b	nested_a_in_b	2-1	2-1	True	10	0.426	0.985	loh	TP	TP
chr2	13965501	13986076	20575	0	7	0	3	nested_a_in_b	nested_a_in_b	2-1	2-1	True	10	0.509	0.984	loh	TP	TP
chr2	18068480	18072546	4066	22	2	0	15	nested_a_in_b	nested_a_in_b	2-1	2-1	True	39	0.404	0.41	loh	TP	TP
chr2	18349259	18349559	300	29	28	0	4	nested_a_in_b	nested_a_in_b	2-1	2-1	True	61	0.061	0.524	loh	FP	TP
chr2	19975005	19975745	740	33	1	0	20	nested_a_in_b	nested_a_in_b	2-1	2-1	True	54	0.355	0.4	loh	TP	TP
chr2	20390709	20396930	6221	0	17	0	10	nested_a_in_b	nested_a_in_b	2-1	2-1	True	27	0.373	0.952	loh	TP	TP
chr2	24739677	24771416	31739	0	3	0	3	nested_a_in_b	nested_a_in_b	2-1	2-1	True	6	0.545	0.985	loh	TP	TP
chr2	25783210	25814115	30905	1	3	0	3	nested_a_in_b	nested_a_in_b	2-1	2-1	True	7	0.341	0.734	loh	TP	TP
chr2	28328086	28354571	26485	0	7	0	1	mutual_excl	nested_a_in_b	1-1	1-1	True	8	0.233	0.938	loh	TP	TP
chr2	29364500	29373608	9108	11	14	0	10	nested_a_in_b	nested_a_in_b	1-1	1-1	True	35	0.333	0.655	loh	TP	TP
chr2	29364500	29377030	12530	9	9	0	8	nested_a_in_b	nested_a_in_b	1-1	1-1	True	26	0.333	0.63	loh	TP	TP
chr2	29364500	29391570	27070	0	10	0	3	nested_a_in_b	nested_a_in_b	1-1	1-1	True	13	0.333	0.929	loh	TP	TP
chr2	29364500	29397480	32980	0	5	0	1	mutual_excl	nested_a_in_b	1-1	1-1	True	6	0.333	0.956	loh	TP	TP
chr2	29373608	29391570	17962	1	12	0	15	nested_a_in_b	nested_a_in_b	1-1	1-1	True	28	0.655	0.929	loh	TP	TP
chr2	29373608	29397480	23872	0	6	0	9	nested_a_in_b	nested_a_in_b	1-1	1-1	True	15	0.655	0.956	loh	TP	TP
chr2	29377030	29391570	14540	1	14	0	19	nested_a_in_b	nested_a_in_b	1-1	1-1	True	34	0.63	0.929	loh	TP	TP
chr2	29377030	29397480	20450	0	8	0	12	nested_a_in_b	nested_a_in_b	1-1	1-1	True	20	0.63	0.956	loh	TP	TP
chr2	29391570	29397480	5910	2	3	0	60	nested_a_in_b	nested_a_in_b	1-1	1-1	True	65	0.929	0.956	loh	TP	TP
chr2	29625214	29646539	21325	1	9	0	5	nested_a_in_b	nested_a_in_b	1-1	1-1	True	15	0.33	0.915	loh	TP	TP
chr2	31366061	31370787	4726	2	1	0	52	nested_a_in_b	nested_a_in_b	1-1	1-1	True	55	0.95	0.973	loh	TP	TP
chr2	34997368	34999568	2200	1	41	0	8	nested_a_in_b	nested_a_in_b	1-1	1-1	True	50	0.141	0.983	loh	FP	TP
chr2	37037708	37039476	1768	0	2	0	59	nested_a_in_b	nested_a_in_b	1-1	1-1	True	61	0.973	0.986	loh	TP	TP
chr2	40386533	40392699	6166	1	20	0	4	nested_a_in_b	nested_a_in_b	1-1	1-1	True	25	0.137	0.936	loh	FP	TP
chr2	41021690	41038806	17116	0	6	0	5	nested_a_in_b	nested_a_in_b	2-1	2-1	True	11	0.466	0.968	loh	TP	TP
chr2	41021690	41040579	18889	0	6	0	4	nested_a_in_b	nested_a_in_b	2-1	2-1	True	10	0.466	0.898	loh	TP	TP
chr2	41021690	41040918	19228	0	5	0	4	nested_a_in_b	nested_a_in_b	2-1	2-1	True	9	0.466	0.949	loh	TP	TP
chr2	41021690	41042875	21185	1	3	0	3	nested_a_in_b	nested_a_in_b	2-1	2-1	True	7	0.466	0.927	loh	TP	TP
chr2	41040579	41040918	339	3	2	0	52	nested_a_in_b	nested_a_in_b	2-1	2-1	True	57	0.898	0.949	loh	TP	TP
chr2	41042875	41061521	18646	2	1	0	13	nested_a_in_b	nested_a_in_b	2-1	2-1	True	16	0.927	0.931	loh	TP	TP
chr2	41059662	41061521	1859	4	44	0	1	mutual_excl	nested_a_in_b	2-1	2-1	True	49	0.034	0.931	loh	FP	TP
chr2	44829172	44835685	6513	38	1	0	3	nested_a_in_b	nested_a_in_b	1-1	1-1	True	42	0.056	0.066	loh	FP	FP
chr2	44829172	44837957	8785	31	1	0	3	nested_a_in_b	nested_a_in_b	1-1	1-1	True	35	0.056	0.073	loh	FP	FP
chr2	44942972	44943687	715	38	2	0	27	nested_a_in_b	nested_a_in_b	1-1	1-1	True	67	0.378	0.449	loh	TP	TP
chr2	44942972	44945277	2305	31	2	0	17	nested_a_in_b	nested_a_in_b	1-1	1-1	True	50	0.378	0.368	loh	TP	TP
chr2	44942972	44947106	4134	26	2	0	20	nested_a_in_b	nested_a_in_b	1-1	1-1	True	48	0.378	0.427	loh	TP	TP
chr2	44942972	44950663	7691	19	1	0	18	nested_a_in_b	nested_a_in_b	1-1	1-1	True	38	0.378	0.398	loh	TP	TP
chr2	44942972	44950964	7992	20	1	0	16	nested_a_in_b	nested_a_in_b	1-1	1-1	True	37	0.378	0.4	loh	TP	TP
chr2	44943065	44943687	622	38	3	0	26	nested_a_in_b	nested_a_in_b	1-1	1-1	True	67	0.37	0.449	loh	TP	TP
chr2	44943065	44945277	2212	31	2	0	17	nested_a_in_b	nested_a_in_b	1-1	1-1	True	50	0.37	0.368	loh	TP	TP
chr2	44943065	44947106	4041	26	2	0	20	nested_a_in_b	nested_a_in_b	1-1	1-1	True	48	0.37	0.427	loh	TP	TP
chr2	44943065	44950663	7598	19	2	0	17	nested_a_in_b	nested_a_in_b	1-1	1-1	True	38	0.37	0.398	loh	TP	TP
chr2	44943065	44950677	7612	21	1	0	17	nested_a_in_b	nested_a_in_b	1-1	1-1	True	39	0.37	0.42	loh	TP	TP
chr2	44943065	44950964	7899	20	1	0	16	nested_a_in_b	nested_a_in_b	1-1	1-1	True	37	0.37	0.4	loh	TP	TP
chr2	44943065	44957894	14829	12	1	0	10	nested_a_in_b	nested_a_in_b	1-1	1-1	True	23	0.37	0.344	loh	TP	TP
chr2	44943065	44959574	16509	10	1	0	9	nested_a_in_b	nested_a_in_b	1-1	1-1	True	20	0.37	0.312	loh	TP	TP
chr2	44943065	44960067	17002	9	1	0	9	nested_a_in_b	nested_a_in_b	1-1	1-1	True	19	0.37	0.314	loh	TP	TP
chr2	44943065	44963374	20309	8	1	0	8	nested_a_in_b	nested_a_in_b	1-1	1-1	True	17	0.37	0.352	loh	TP	TP
chr2	44943065	44967312	24247	6	1	0	7	nested_a_in_b	nested_a_in_b	1-1	1-1	True	14	0.37	0.337	loh	TP	TP
chr2	44943065	44968196	25131	6	1	0	7	nested_a_in_b	nested_a_in_b	1-1	1-1	True	14	0.37	0.319	loh	TP	TP
chr2	44943065	44968446	25381	6	1	0	6	nested_a_in_b	nested_a_in_b	1-1	1-1	True	13	0.37	0.303	loh	TP	TP
chr2	44943065	44971217	28152	4	1	0	5	nested_a_in_b	nested_a_in_b	1-1	1-1	True	10	0.37	0.322	loh	TP	TP
chr2	44943065	44973098	30033	4	1	0	2	nested_a_in_b	nested_a_in_b	1-1	1-1	True	7	0.37	0.37	loh	TP	TP
chr2	44943065	44973350	30285	4	1	0	1	sparse	nested_a_in_b	1-1	1-1	True	6	0.37	0.325	loh	TP	TP
chr2	44943687	44945277	1590	31	1	0	23	nested_a_in_b	nested_a_in_b	1-1	1-1	True	55	0.449	0.368	loh	TP	TP
chr2	64298534	64328095	29561	0	6	0	3	nested_a_in_b	nested_a_in_b	1-1	1-1	True	9	0.588	0.953	loh	TP	TP
chr2	66830171	66832980	2809	0	16	0	22	nested_a_in_b	nested_a_in_b	1-1	1-1	True	38	0.519	0.981	loh	TP	TP
chr2	67594793	67610243	15450	0	8	0	6	nested_a_in_b	nested_a_in_b	2-1	2-1	True	14	0.339	0.963	loh	TP	TP
chr2	67918136	67949426	31290	0	1	0	6	nested_a_in_b	nested_a_in_b	2-1	2-1	True	7	0.952	0.986	loh	TP	TP
chr2	70839514	70857554	18040	1	4	0	11	nested_a_in_b	nested_a_in_b	2-1	2-1	True	16	0.521	0.968	loh	TP	TP
chr2	73129354	73137651	8297	1	1	0	23	nested_a_in_b	nested_a_in_b	2-1	2-1	True	25	0.95	0.978	loh	TP	TP
chr2	77973325	77978776	5451	25	2	0	3	nested_a_in_b	nested_a_in_b	3	3	True	30	0.082	0.14	loh	FP	FP
chr2	77973723	77978776	5053	26	2	0	3	nested_a_in_b	nested_a_in_b	3	3	True	31	0.082	0.14	loh	FP	FP
chr2	116785434	116804856	19422	10	2	0	1	mutual_excl	nested_a_in_b	1-1	1-1	True	13	0.086	0.327	loh	FP	TP
chr2	116785434	116804857	19423	10	2	0	1	mutual_excl	nested_a_in_b	1-1	1-1	True	13	0.086	0.3	loh	FP	TP
chr2	117409275	117413449	4174	1	25	0	21	nested_a_in_b	nested_a_in_b	2-1	2-1	True	47	0.429	0.935	loh	TP	TP
chr2	117765115	117791294	26179	0	1	0	6	nested_a_in_b	nested_a_in_b	2-1	2-1	True	7	0.967	0.944	loh	TP	TP
chr2	119076378	119088426	12048	8	2	0	11	nested_a_in_b	nested_a_in_b	1-1	1-1	True	21	0.552	0.557	loh	TP	TP
chr2	120305664	120308260	2596	0	22	0	13	nested_a_in_b	nested_a_in_b	2-1	2-1	True	35	0.409	1.0	loh	TP	TP
chr2	126988728	127009191	20463	0	5	0	6	nested_a_in_b	nested_a_in_b	2-1	2-1	True	11	0.438	0.967	loh	TP	TP
chr2	128142263	128143485	1222	47	1	0	4	nested_a_in_b	nested_a_in_b	2-1	2-1	True	52	0.071	0.085	loh	FP	FP
chr2	129764676	129777864	13188	1	11	0	6	nested_a_in_b	nested_a_in_b	1-1	1-1	True	18	0.322	0.979	loh	TP	TP
chr2	130958339	130969940	11601	0	1	0	31	nested_a_in_b	nested_a_in_b	2-1	2-1	True	32	0.956	0.971	loh	TP	TP
chr2	132020170	132041824	21654	0	4	0	5	nested_a_in_b	nested_a_in_b	2-1	2-1	True	9	0.5	0.953	loh	TP	TP
chr2	132606760	132609175	2415	0	21	0	28	nested_a_in_b	nested_a_in_b	1-1	1-1	True	49	0.508	1.0	loh	TP	TP
chr2	134531665	134540317	8652	1	10	0	10	nested_a_in_b	nested_a_in_b	2-1	2-1	True	21	0.491	0.961	loh	TP	TP
chr2	135551669	135553233	1564	37	2	0	3	nested_a_in_b	nested_a_in_b	3	3	True	42	0.055	0.1	neutral	FP	FP
chr2	135551669	135556814	5145	22	1	0	2	nested_a_in_b	nested_a_in_b	3	3	True	25	0.055	0.068	neutral	FP	FP
chr2	136648247	136658749	10502	0	13	0	11	nested_a_in_b	nested_a_in_b	2-1	2-1	True	24	0.426	0.933	loh	TP	TP
chr2	139587047	139594716	7669	2	1	0	20	nested_a_in_b	nested_a_in_b	2-1	2-1	True	23	0.911	0.957	loh	TP	TP
chr2	140932336	140946714	14378	2	4	0	5	nested_a_in_b	nested_a_in_b	1-1	1-1	True	11	0.372	0.938	loh	TP	TP
chr2	142694206	142725999	31793	1	1	0	5	nested_a_in_b	nested_a_in_b	1-1	1-1	True	7	0.405	0.972	loh	TP	TP
chr2	142729140	142743529	14389	0	1	0	24	nested_a_in_b	nested_a_in_b	1-1	1-1	True	25	0.959	0.96	loh	TP	TP
chr2	199690690	199690952	262	39	1	0	32	nested_a_in_b	nested_a_in_b	2-1	2-1	True	72	0.423	0.43	neutral	TP	TP
chr2	199766814	199790920	24106	13	2	0	1	mutual_excl	nested_a_in_b	2-1	2-1	True	16	0.257	0.278	neutral	TP	TP
chr2	204027557	204047777	20220	8	7	0	4	nested_a_in_b	nested_a_in_b	2-1	2-1	True	19	0.427	0.556	neutral	TP	TP
chr2	204648403	204648404	1	56	1	0	36	nested_a_in_b	nested_a_in_b	1-1	1-1	True	93	0.387	0.404	neutral	TP	TP
chr2	205689682	205707772	18090	5	1	0	4	nested_a_in_b	nested_a_in_b	1-1	1-1	True	10	0.26	0.597	neutral	TP	TP
chr2	206461230	206491851	30621	2	5	0	2	nested_a_in_b	nested_a_in_b	2-1	2-1	True	9	0.263	0.591	neutral	TP	TP
chr2	206478576	206491851	13275	10	12	0	9	nested_a_in_b	nested_a_in_b	2-1	2-1	True	31	0.275	0.591	neutral	TP	TP
chr2	206859990	206887975	27985	1	1	0	4	nested_a_in_b	nested_a_in_b	1-1	1-1	True	6	0.66	0.65	neutral	TP	TP
chr2	206861878	206875840	13962	11	1	0	17	nested_a_in_b	nested_a_in_b	1-1	1-1	True	29	0.656	0.607	neutral	TP	TP
chr2	206861878	206887975	26097	2	1	0	5	nested_a_in_b	nested_a_in_b	1-1	1-1	True	8	0.656	0.65	neutral	TP	TP
chr2	206868088	206887975	19887	3	1	0	7	nested_a_in_b	nested_a_in_b	1-1	1-1	True	11	0.663	0.65	neutral	TP	TP
chr2	206870378	206887975	17597	3	2	0	8	nested_a_in_b	nested_a_in_b	1-1	1-1	True	13	0.645	0.65	neutral	TP	TP
chr2	206870380	206887975	17595	3	2	0	8	nested_a_in_b	nested_a_in_b	1-1	1-1	True	13	0.627	0.65	neutral	TP	TP
chr2	206875840	206887975	12135	10	1	0	16	nested_a_in_b	nested_a_in_b	1-1	1-1	True	27	0.607	0.65	neutral	TP	TP
chr2	206876865	206887975	11110	11	2	0	18	nested_a_in_b	nested_a_in_b	1-1	1-1	True	31	0.597	0.65	neutral	TP	TP
chr2	206877938	206887975	10037	12	2	0	19	nested_a_in_b	nested_a_in_b	1-1	1-1	True	33	0.575	0.65	neutral	TP	TP
chr2	206881694	206887975	6281	14	3	0	30	nested_a_in_b	nested_a_in_b	1-1	1-1	True	47	0.678	0.65	neutral	TP	TP
chr2	206881694	206891633	9939	12	1	0	18	nested_a_in_b	nested_a_in_b	1-1	1-1	True	31	0.678	0.63	neutral	TP	TP
chr2	206881694	206892498	10804	12	1	0	19	nested_a_in_b	nested_a_in_b	1-1	1-1	True	32	0.678	0.645	neutral	TP	TP
chr2	206882619	206887975	5356	17	2	0	29	nested_a_in_b	nested_a_in_b	1-1	1-1	True	48	0.624	0.65	neutral	TP	TP
chr2	206884265	206887975	3710	21	5	0	34	nested_a_in_b	nested_a_in_b	1-1	1-1	True	60	0.577	0.65	neutral	TP	TP
chr2	206884265	206891633	7368	17	2	0	19	nested_a_in_b	nested_a_in_b	1-1	1-1	True	38	0.577	0.63	neutral	TP	TP
chr2	206884265	206892498	8233	16	2	0	20	nested_a_in_b	nested_a_in_b	1-1	1-1	True	38	0.577	0.645	neutral	TP	TP
chr2	206884265	206893627	9362	15	2	0	17	nested_a_in_b	nested_a_in_b	1-1	1-1	True	34	0.577	0.627	neutral	TP	TP
chr2	206888050	206891633	3583	18	1	0	23	nested_a_in_b	nested_a_in_b	1-1	1-1	True	42	0.515	0.63	neutral	TP	TP
chr2	206888050	206892498	4448	17	2	0	22	nested_a_in_b	nested_a_in_b	1-1	1-1	True	41	0.515	0.645	neutral	TP	TP
chr2	206888050	206893627	5577	16	2	0	21	nested_a_in_b	nested_a_in_b	1-1	1-1	True	39	0.515	0.627	neutral	TP	TP
chr2	206891633	206892498	865	22	1	0	42	nested_a_in_b	nested_a_in_b	1-1	1-1	True	65	0.63	0.645	neutral	TP	TP
chr2	206891633	206893627	1994	19	1	0	38	nested_a_in_b	nested_a_in_b	1-1	1-1	True	58	0.63	0.627	neutral	TP	TP
chr2	206891633	206939125	47492	1	1	0	27	nested_a_in_b	nested_a_in_b	1-1	1-1	True	29	0.63	0.648	neutral	TP	TP
chr2	206891633	206939899	48266	1	1	0	28	nested_a_in_b	nested_a_in_b	1-1	1-1	True	30	0.63	0.652	neutral	TP	TP
chr2	206891633	206941297	49664	1	1	0	23	nested_a_in_b	nested_a_in_b	1-1	1-1	True	25	0.63	0.628	neutral	TP	TP
chr2	206891633	206941624	49991	1	1	0	24	nested_a_in_b	nested_a_in_b	1-1	1-1	True	26	0.63	0.62	neutral	TP	TP
chr2	206897843	206939125	41282	1	5	0	46	nested_a_in_b	nested_a_in_b	1-1	1-1	True	52	0.578	0.648	neutral	TP	TP
chr2	206897843	206939899	42056	1	4	0	46	nested_a_in_b	nested_a_in_b	1-1	1-1	True	51	0.578	0.652	neutral	TP	TP
chr2	206897843	206941297	43454	1	4	0	36	nested_a_in_b	nested_a_in_b	1-1	1-1	True	41	0.578	0.628	neutral	TP	TP
chr2	206897843	206941624	43781	1	4	0	36	nested_a_in_b	nested_a_in_b	1-1	1-1	True	41	0.578	0.62	neutral	TP	TP
chr2	206897843	206942463	44620	1	4	0	35	nested_a_in_b	nested_a_in_b	1-1	1-1	True	40	0.578	0.625	neutral	TP	TP
chr2	206897843	206945412	47569	0	3	0	31	nested_a_in_b	nested_a_in_b	1-1	1-1	True	34	0.578	0.671	neutral	TP	TP
chr2	206897843	206945536	47693	0	3	0	30	nested_a_in_b	nested_a_in_b	1-1	1-1	True	33	0.578	0.689	neutral	TP	TP
chr2	206939125	206939899	774	29	1	0	52	nested_a_in_b	nested_a_in_b	1-1	1-1	True	82	0.648	0.652	neutral	TP	TP
chr2	206939125	206941297	2172	26	1	0	41	nested_a_in_b	nested_a_in_b	1-1	1-1	True	68	0.648	0.628	neutral	TP	TP
chr2	206939125	206941624	2499	27	1	0	41	nested_a_in_b	nested_a_in_b	1-1	1-1	True	69	0.648	0.62	neutral	TP	TP
chr2	206939125	206942463	3338	26	1	0	39	nested_a_in_b	nested_a_in_b	1-1	1-1	True	66	0.648	0.625	neutral	TP	TP
chr2	206939125	206945536	6411	15	1	0	33	nested_a_in_b	nested_a_in_b	1-1	1-1	True	49	0.648	0.689	neutral	TP	TP
chr2	206939125	206948669	9544	14	1	0	27	nested_a_in_b	nested_a_in_b	1-1	1-1	True	42	0.648	0.659	neutral	TP	TP
chr2	206941982	206942463	481	27	3	0	42	nested_a_in_b	nested_a_in_b	1-1	1-1	True	72	0.568	0.625	neutral	TP	TP
chr2	206941982	206945536	3554	16	2	0	34	nested_a_in_b	nested_a_in_b	1-1	1-1	True	52	0.568	0.689	neutral	TP	TP
chr2	206941982	206948669	6687	13	2	0	27	nested_a_in_b	nested_a_in_b	1-1	1-1	True	42	0.568	0.659	neutral	TP	TP
chr2	206945412	206945536	124	23	2	0	48	nested_a_in_b	nested_a_in_b	1-1	1-1	True	73	0.671	0.689	neutral	TP	TP
chr2	206945412	206948669	3257	16	2	0	40	nested_a_in_b	nested_a_in_b	1-1	1-1	True	58	0.671	0.659	neutral	TP	TP
chr2	206945412	206951180	5768	14	1	0	28	nested_a_in_b	nested_a_in_b	1-1	1-1	True	43	0.671	0.613	neutral	TP	TP
chr2	206945412	206960746	15334	5	1	0	13	nested_a_in_b	nested_a_in_b	1-1	1-1	True	19	0.671	0.671	neutral	TP	TP
chr2	206945412	206960999	15587	6	1	0	12	nested_a_in_b	nested_a_in_b	1-1	1-1	True	19	0.671	0.675	neutral	TP	TP
chr2	206945412	206961676	16264	4	1	0	12	nested_a_in_b	nested_a_in_b	1-1	1-1	True	17	0.671	0.636	neutral	TP	TP
chr2	206945412	206967390	21978	3	1	0	8	nested_a_in_b	nested_a_in_b	1-1	1-1	True	12	0.671	0.66	neutral	TP	TP
chr2	206945412	206967428	22016	2	1	0	8	nested_a_in_b	nested_a_in_b	1-1	1-1	True	11	0.671	0.64	neutral	TP	TP
chr2	206945412	206971546	26134	1	1	0	8	nested_a_in_b	nested_a_in_b	1-1	1-1	True	10	0.671	0.667	neutral	TP	TP
chr2	206951180	206960746	9566	10	1	0	20	nested_a_in_b	nested_a_in_b	1-1	1-1	True	31	0.613	0.671	neutral	TP	TP
chr2	206951180	206960999	9819	11	1	0	19	nested_a_in_b	nested_a_in_b	1-1	1-1	True	31	0.613	0.675	neutral	TP	TP
chr2	206951180	206961676	10496	8	1	0	19	nested_a_in_b	nested_a_in_b	1-1	1-1	True	28	0.613	0.636	neutral	TP	TP
chr2	206951180	206967428	16248	4	1	0	11	nested_a_in_b	nested_a_in_b	1-1	1-1	True	16	0.613	0.64	neutral	TP	TP
chr2	206951180	206971546	20366	2	2	0	13	nested_a_in_b	nested_a_in_b	1-1	1-1	True	17	0.613	0.667	neutral	TP	TP
chr2	206967390	206971546	4156	15	2	0	42	nested_a_in_b	nested_a_in_b	1-1	1-1	True	59	0.66	0.667	neutral	TP	TP
chr2	206967390	206978608	11218	8	2	0	22	nested_a_in_b	nested_a_in_b	1-1	1-1	True	32	0.66	0.676	neutral	TP	TP
chr2	206967428	206971546	4118	14	2	0	39	nested_a_in_b	nested_a_in_b	1-1	1-1	True	55	0.64	0.667	neutral	TP	TP
chr2	206999526	207001066	1540	71	4	0	3	nested_a_in_b	nested_a_in_b	1-1	1-1	True	78	0.032	0.073	neutral	FP	FP
chr2	207060780	207080246	19466	5	3	0	2	nested_a_in_b	nested_a_in_b	1-1	1-1	True	10	0.132	0.526	neutral	FP	TP
chr2	208079919	208090434	10515	8	10	0	13	nested_a_in_b	nested_a_in_b	2-1	2-1	True	31	0.338	0.585	neutral	TP	TP
chr2	210782001	210793812	11811	7	9	0	5	nested_a_in_b	nested_a_in_b	1-1	1-1	True	21	0.262	0.679	neutral	TP	TP
chr2	211590586	211608018	17432	7	7	0	7	nested_a_in_b	nested_a_in_b	1-1	1-1	True	21	0.253	0.698	neutral	TP	TP
chr2	212374819	212381567	6748	28	1	0	21	nested_a_in_b	nested_a_in_b	2-1	2-1	True	50	0.419	0.38	neutral	TP	TP
chr2	213311599	213332211	20612	3	1	0	4	nested_a_in_b	nested_a_in_b	1-1	1-1	True	8	0.313	0.636	neutral	TP	TP
chr2	214477930	214500102	22172	8	1	0	3	nested_a_in_b	nested_a_in_b	3	3	True	12	0.367	0.411	neutral	TP	TP
chr2	215939450	215974460	35010	3	1	0	2	nested_a_in_b	nested_a_in_b	2-1	2-1	True	6	0.312	0.3	neutral	TP	TP
chr2	216540437	216542208	1771	27	19	0	20	nested_a_in_b	nested_a_in_b	1-1	1-1	True	66	0.273	0.635	neutral	TP	TP
chr2	216708335	216725849	17514	10	1	0	5	nested_a_in_b	nested_a_in_b	2-1	2-1	True	16	0.293	0.443	neutral	TP	TP
chr2	216872279	216876426	4147	31	3	0	28	nested_a_in_b	nested_a_in_b	2-1	2-1	True	62	0.407	0.425	neutral	TP	TP
chr2	216872279	216881381	9102	26	2	0	16	nested_a_in_b	nested_a_in_b	2-1	2-1	True	44	0.407	0.388	neutral	TP	TP
chr2	221508188	221513630	5442	19	13	0	10	nested_a_in_b	nested_a_in_b	1-1	1-1	True	42	0.238	0.621	neutral	TP	TP
chr2	223827191	223846371	19180	11	3	0	11	nested_a_in_b	nested_a_in_b	2-1	2-1	True	25	0.489	0.567	neutral	TP	TP
chr2	223831318	223846371	15053	12	1	0	19	nested_a_in_b	nested_a_in_b	2-1	2-1	True	32	0.552	0.567	neutral	TP	TP
chr7	21558013	21573087	15074	13	1	0	4	nested_a_in_b	nested_a_in_b	1-1	1-1	True	18	0.095	0.094	loh	FP	FP
chr7	22583038	22586017	2979	4	17	0	22	nested_a_in_b	nested_a_in_b	1-1	1-1	True	43	0.45	0.919	loh	TP	TP
chr12	39809237	39809326	89	38	1	0	2	nested_a_in_b	nested_a_in_b	1-1	1-1	True	41	0.048	0.093	loh	FP	FP
chr12	39809299	39809326	27	39	2	0	2	nested_a_in_b	nested_a_in_b	1-1	1-1	True	43	0.045	0.093	loh	FP	FP
chr12	40581976	40585649	3673	21	10	0	10	nested_a_in_b	nested_a_in_b	2-1	2-1	True	41	0.196	0.491	loh	TP	TP
chr12	44198815	44199104	289	2	1	0	40	nested_a_in_b	nested_a_in_b	2-1	2-1	True	43	0.935	0.939	loh	TP	TP
chr12	44695116	44700004	4888	1	21	0	17	nested_a_in_b	nested_a_in_b	2-1	2-1	True	39	0.475	0.984	loh	TP	TP
chr12	48752868	48782540	29672	0	1	0	5	nested_a_in_b	nested_a_in_b	1-1	1-1	True	6	0.493	0.873	loh	TP	TP
chr12	48752868	48782541	29673	1	1	0	5	nested_a_in_b	nested_a_in_b	1-1	1-1	True	7	0.493	0.873	loh	TP	TP
chr12	50828895	50842418	13523	0	10	0	9	nested_a_in_b	nested_a_in_b	1-1	1-1	True	19	0.565	0.982	loh	TP	TP
chr12	58064423	58067140	2717	2	39	0	4	nested_a_in_b	nested_a_in_b	1-1	1-1	True	45	0.07	0.949	loh	FP	TP
chr12	63222098	63224952	2854	26	3	0	14	nested_a_in_b	nested_a_in_b	1-1	1-1	True	43	0.327	0.529	loh	TP	TP
chr12	63679593	63679936	343	43	1	0	4	nested_a_in_b	nested_a_in_b	2-1	2-1	True	48	0.075	0.102	loh	FP	FP
chr12	65746245	65751919	5674	0	25	0	8	nested_a_in_b	nested_a_in_b	1-1	1-1	True	33	0.245	0.98	loh	TP	TP
chr12	67311543	67311546	3	56	1	0	6	nested_a_in_b	nested_a_in_b	2-1	2-1	True	63	0.091	0.111	loh	FP	FP
chr12	69967106	69978453	11347	0	11	0	11	nested_a_in_b	nested_a_in_b	1-1	1-1	True	22	0.485	0.958	loh	TP	TP
chr12	70054580	70056831	2251	36	1	0	4	nested_a_in_b	nested_a_in_b	3	3	True	41	0.102	0.113	loh	FP	FP
chr12	70924333	70940936	16603	0	3	0	5	nested_a_in_b	nested_a_in_b	2-1	2-1	True	8	0.357	0.941	loh	TP	TP
chr12	76267835	76293941	26106	0	4	0	2	nested_a_in_b	nested_a_in_b	2-1	2-1	True	6	0.386	0.986	loh	TP	TP
chr12	77758151	77763339	5188	3	14	0	19	nested_a_in_b	nested_a_in_b	1-1	1-1	True	36	0.538	0.887	loh	TP	TP
chr12	78321695	78337010	15315	1	6	0	11	nested_a_in_b	nested_a_in_b	1-1	1-1	True	18	0.56	0.909	loh	TP	TP
chr12	78794966	78816707	21741	0	1	0	8	nested_a_in_b	nested_a_in_b	1-1	1-1	True	9	0.981	0.962	loh	TP	TP
chr12	80474654	80495234	20580	0	4	0	2	nested_a_in_b	nested_a_in_b	2-1	2-1	True	6	0.47	1.0	loh	TP	TP
chr12	80863815	80867136	3321	3	22	0	17	nested_a_in_b	nested_a_in_b	2-1	2-1	True	42	0.404	0.941	loh	TP	TP
chr12	81050768	81053166	2398	1	29	0	28	nested_a_in_b	nested_a_in_b	1-1	1-1	True	58	0.493	0.986	loh	TP	TP
chr12	81098939	81107149	8210	1	16	0	12	nested_a_in_b	nested_a_in_b	1-1	1-1	True	29	0.367	0.978	loh	TP	TP
chr12	81098939	81119417	20478	1	4	0	4	nested_a_in_b	nested_a_in_b	1-1	1-1	True	9	0.367	0.912	loh	TP	TP
chr12	83347280	83349640	2360	37	1	0	3	nested_a_in_b	nested_a_in_b	2-1	2-1	True	41	0.068	0.085	loh	FP	FP
chr12	85199687	85203567	3880	0	2	0	48	nested_a_in_b	nested_a_in_b	1-1	1-1	True	50	0.972	1.0	loh	TP	TP
chr12	85199687	85222472	22785	0	1	0	8	nested_a_in_b	nested_a_in_b	1-1	1-1	True	9	0.972	0.966	loh	TP	TP
chr12	85929670	85952315	22645	1	3	0	2	nested_a_in_b	nested_a_in_b	2-1	2-1	True	6	0.156	0.939	loh	FP	TP
chr12	85940578	85952315	11737	1	14	0	6	nested_a_in_b	nested_a_in_b	2-1	2-1	True	21	0.345	0.939	loh	TP	TP
chr12	88910330	88924905	14575	0	6	0	11	nested_a_in_b	nested_a_in_b	2-1	2-1	True	17	0.654	0.969	loh	TP	TP
chr12	88910330	88924948	14618	0	6	0	11	nested_a_in_b	nested_a_in_b	2-1	2-1	True	17	0.654	0.985	loh	TP	TP
chr12	88924905	88924948	43	1	1	0	63	nested_a_in_b	nested_a_in_b	2-1	2-1	True	65	0.969	0.985	loh	TP	TP
chr12	91085864	91097632	11768	1	21	0	2	nested_a_in_b	nested_a_in_b	2-1	2-1	True	24	0.132	0.953	loh	FP	TP
chr12	93412698	93414931	2233	32	1	0	4	nested_a_in_b	nested_a_in_b	1-1	1-1	True	37	0.087	0.102	loh	FP	FP
chr12	94841506	94862541	21035	1	1	0	12	nested_a_in_b	nested_a_in_b	2-1	2-1	True	14	0.93	0.943	loh	TP	TP
chr12	96531827	96532387	560	54	1	0	4	nested_a_in_b	nested_a_in_b	1-1	1-1	True	59	0.063	0.078	loh	FP	FP
chr12	96837909	96852447	14538	0	5	0	5	nested_a_in_b	nested_a_in_b	2-1	2-1	True	10	0.444	0.952	loh	TP	TP
chr12	97067676	97072466	4790	39	2	0	3	nested_a_in_b	nested_a_in_b	1-1	1-1	True	44	0.045	0.074	loh	FP	FP
chr12	99005552	99020355	14803	1	1	0	10	nested_a_in_b	nested_a_in_b	2-1	2-1	True	12	0.926	0.922	loh	TP	TP
chr12	99005552	99021011	15459	1	1	0	10	nested_a_in_b	nested_a_in_b	2-1	2-1	True	12	0.926	0.902	loh	TP	TP
chr12	100846860	100852747	5887	2	2	0	36	nested_a_in_b	nested_a_in_b	2-1	2-1	True	40	0.938	0.948	loh	TP	TP
chr12	102418170	102427643	9473	0	1	0	27	nested_a_in_b	nested_a_in_b	2-1	2-1	True	28	0.927	0.97	loh	TP	TP
chr12	103314635	103319582	4947	2	24	0	4	nested_a_in_b	nested_a_in_b	1-1	1-1	True	30	0.115	0.911	loh	FP	TP
chr12	106057956	106066126	8170	2	16	0	7	nested_a_in_b	nested_a_in_b	2-1	2-1	True	25	0.379	0.959	loh	TP	TP
chr12	106702676	106710710	8034	2	26	0	1	mutual_excl	nested_a_in_b	2-1	2-1	True	29	0.08	0.906	loh	FP	TP
chr12	110899112	110912454	13342	1	17	0	1	mutual_excl	nested_a_in_b	1-1	1-1	True	19	0.058	0.986	loh	TP	TP
chr12	110905901	110912454	6553	1	25	0	4	nested_a_in_b	nested_a_in_b	1-1	1-1	True	30	0.1	0.986	loh	FP	TP
chr12	111093584	111114610	21026	0	7	0	2	nested_a_in_b	nested_a_in_b	1-1	1-1	True	9	0.438	0.951	loh	TP	TP
chr12	111609368	111623479	14111	3	10	0	7	nested_a_in_b	nested_a_in_b	1-1	1-1	True	20	0.448	0.906	loh	TP	TP
chr12	111623479	111639683	16204	1	1	0	9	nested_a_in_b	nested_a_in_b	1-1	1-1	True	11	0.906	0.938	loh	TP	TP
chr12	111754727	111766198	11471	1	9	0	10	nested_a_in_b	nested_a_in_b	1-1	1-1	True	20	0.474	0.972	loh	TP	TP
chr12	115655572	115668409	12837	2	19	0	2	nested_a_in_b	nested_a_in_b	1-1	1-1	True	23	0.046	0.895	loh	FP	TP
chr12	117247873	117266834	18961	7	1	0	3	nested_a_in_b	nested_a_in_b	2-1	2-1	True	11	0.51	0.419	loh	TP	TP
chr12	121364955	121381685	16730	1	3	0	2	nested_a_in_b	nested_a_in_b	2-1	2-1	True	6	0.488	0.88	loh	TP	TP
chr12	121602115	121631173	29058	0	4	0	3	nested_a_in_b	nested_a_in_b	1-1	1-1	True	7	0.538	0.862	loh	TP	TP
chr12	122617126	122628259	11133	19	1	0	1	sparse	nested_a_in_b	1-1	1-1	True	21	0.07	0.085	loh	FP	FP
chr12	122620140	122628259	8119	24	1	0	1	sparse	nested_a_in_b	1-1	1-1	True	26	0.073	0.085	loh	FP	FP
chr12	124139624	124149043	9419	4	1	0	12	nested_a_in_b	nested_a_in_b	2-1	2-1	True	17	0.566	0.55	loh	TP	TP
chr12	128782151	128787174	5023	30	1	0	3	nested_a_in_b	nested_a_in_b	3	3	True	34	0.056	0.122	loh	FP	FP
chr12	128782151	128787391	5240	30	1	0	3	nested_a_in_b	nested_a_in_b	3	3	True	34	0.056	0.1	loh	FP	FP
chr12	128782151	128788426	6275	27	1	0	3	nested_a_in_b	nested_a_in_b	3	3	True	31	0.056	0.1	loh	FP	FP
chr12	128782151	128788476	6325	27	1	0	3	nested_a_in_b	nested_a_in_b	3	3	True	31	0.056	0.1	loh	FP	FP
chr12	128782151	128788549	6398	27	1	0	3	nested_a_in_b	nested_a_in_b	3	3	True	31	0.056	0.102	loh	FP	FP
chr12	128782151	128788857	6706	26	1	0	3	nested_a_in_b	nested_a_in_b	3	3	True	30	0.056	0.102	loh	FP	FP
chr12	128782151	128788891	6740	26	1	0	3	nested_a_in_b	nested_a_in_b	3	3	True	30	0.056	0.102	loh	FP	FP
chr12	128782151	128788934	6783	25	1	0	3	nested_a_in_b	nested_a_in_b	3	3	True	29	0.056	0.111	loh	FP	FP
chr12	128782151	128788960	6809	26	1	0	3	nested_a_in_b	nested_a_in_b	3	3	True	30	0.056	0.1	loh	FP	FP
chr12	128782151	128789058	6907	26	1	0	3	nested_a_in_b	nested_a_in_b	3	3	True	30	0.056	0.1	loh	FP	FP
chr12	128782151	128789339	7188	26	1	0	3	nested_a_in_b	nested_a_in_b	3	3	True	30	0.056	0.098	loh	FP	FP
chr12	132559482	132559483	1	21	1	0	37	nested_a_in_b	nested_a_in_b	1-1	1-1	True	59	0.627	0.633	loh	TP	TP
chr17	19987526	20004751	17225	1	6	0	6	nested_a_in_b	nested_a_in_b	2-1	2-1	True	13	0.311	0.905	loh	TP	TP
chr17	27976185	28004992	28807	0	6	0	1	mutual_excl	nested_a_in_b	2-1	2-1	True	7	0.449	0.929	loh	TP	TP
chr17	33947252	33951674	4422	0	2	0	42	nested_a_in_b	nested_a_in_b	1-1	1-1	True	44	0.967	0.964	loh	TP	TP
chr17	34213222	34233234	20012	4	2	0	1	mutual_excl	nested_a_in_b	1-1	1-1	True	7	0.411	0.333	loh	TP	FP
chr17	34233234	34255867	22633	0	5	0	3	nested_a_in_b	nested_a_in_b	1-1	1-1	True	8	0.333	0.972	loh	FP	TP
chr17	39591212	39601897	10685	21	1	0	5	nested_a_in_b	nested_a_in_b	1-1	1-1	True	27	0.185	0.226	loh	FP	FP
chr17	40080435	40103883	23448	0	7	0	1	mutual_excl	nested_a_in_b	2-1	2-1	True	8	0.295	0.9	loh	TP	TP
chr17	40502972	40505846	2874	1	2	0	46	nested_a_in_b	nested_a_in_b	1-1	1-1	True	49	0.94	0.955	loh	TP	TP
chr17	41222486	41248635	26149	0	1	0	7	nested_a_in_b	nested_a_in_b	1-1	1-1	True	8	0.952	0.985	loh	TP	TP
chr17	42634451	42658336	23885	0	1	0	8	nested_a_in_b	nested_a_in_b	2-1	2-1	True	9	0.887	0.985	loh	TP	TP
chr17	44929040	44953355	24315	0	6	0	1	mutual_excl	nested_a_in_b	2-1	2-1	True	7	0.48	0.943	loh	TP	TP
chr17	47874410	47875244	834	39	2	0	8	nested_a_in_b	nested_a_in_b	2-1	2-1	True	49	0.159	0.204	loh	FP	FP
chr17	48362515	48365089	2574	10	14	0	20	nested_a_in_b	nested_a_in_b	1-1	1-1	True	44	0.474	0.823	loh	TP	TP
chr17	49162011	49162149	138	65	1	0	11	nested_a_in_b	nested_a_in_b	2-1	2-1	True	77	0.143	0.156	loh	FP	FP
chr17	49162011	49162285	274	63	1	0	11	nested_a_in_b	nested_a_in_b	2-1	2-1	True	75	0.143	0.169	loh	FP	FP
chr17	49162011	49163522	1511	59	1	0	7	nested_a_in_b	nested_a_in_b	2-1	2-1	True	67	0.143	0.145	loh	FP	FP
chr17	49229244	49237353	8109	29	1	0	5	nested_a_in_b	nested_a_in_b	2-1	2-1	True	35	0.118	0.132	loh	FP	FP
chr17	49229971	49230283	312	51	2	0	5	nested_a_in_b	nested_a_in_b	2-1	2-1	True	58	0.095	0.119	loh	FP	FP
chr17	49229971	49237353	7382	30	1	0	5	nested_a_in_b	nested_a_in_b	2-1	2-1	True	36	0.095	0.132	loh	FP	FP
chr17	49229971	49239295	9324	27	1	0	4	nested_a_in_b	nested_a_in_b	2-1	2-1	True	32	0.095	0.134	loh	FP	FP
chr17	49229971	49240795	10824	26	1	0	4	nested_a_in_b	nested_a_in_b	2-1	2-1	True	31	0.095	0.147	loh	FP	FP
chr17	49237353	49239295	1942	49	1	0	6	nested_a_in_b	nested_a_in_b	2-1	2-1	True	56	0.132	0.134	loh	FP	FP
chr17	49273206	49281119	7913	38	1	0	3	nested_a_in_b	nested_a_in_b	1-1	1-1	True	42	0.068	0.141	loh	FP	FP
chr17	49479216	49482709	3493	45	1	0	11	nested_a_in_b	nested_a_in_b	2-1	2-1	True	57	0.163	0.171	loh	FP	FP
chr17	49479372	49482709	3337	45	1	0	11	nested_a_in_b	nested_a_in_b	2-1	2-1	True	57	0.154	0.171	loh	FP	FP
chr17	49481845	49482709	864	55	1	0	10	nested_a_in_b	nested_a_in_b	2-1	2-1	True	66	0.139	0.171	loh	FP	FP
chr17	49483303	49483341	38	55	1	0	12	nested_a_in_b	nested_a_in_b	2-1	2-1	True	68	0.16	0.186	loh	FP	FP
chr17	52099816	52119656	19840	0	5	0	2	nested_a_in_b	nested_a_in_b	1-1	1-1	True	7	0.44	0.946	loh	TP	TP
chr17	54223565	54228744	5179	1	1	0	30	nested_a_in_b	nested_a_in_b	1-1	1-1	True	32	0.957	0.981	loh	TP	TP
chr17	54784785	54796117	11332	0	5	0	6	nested_a_in_b	nested_a_in_b	1-1	1-1	True	11	0.524	0.957	loh	TP	TP
chr17	57149593	57149594	1	28	2	0	24	nested_a_in_b	nested_a_in_b	1-1	1-1	True	54	0.436	0.481	loh	TP	TP
chr17	60426960	60432982	6022	0	1	0	38	nested_a_in_b	nested_a_in_b	1-1	1-1	True	39	0.973	1.0	loh	TP	TP
chr17	61183557	61199342	15785	1	11	0	6	nested_a_in_b	nested_a_in_b	1-1	1-1	True	18	0.276	0.981	loh	TP	TP
chr17	62930359	62939462	9103	0	11	0	15	nested_a_in_b	nested_a_in_b	1-1	1-1	True	26	0.493	0.967	loh	TP	TP
chr17	64674756	64685557	10801	0	20	0	12	nested_a_in_b	nested_a_in_b	2-1	2-1	True	32	0.269	0.868	loh	FP	TP
chr17	65304775	65323482	18707	1	1	0	7	nested_a_in_b	nested_a_in_b	1-1	1-1	True	9	0.925	0.976	loh	TP	TP
chr17	65435967	65445393	9426	0	1	0	25	nested_a_in_b	nested_a_in_b	1-1	1-1	True	26	0.967	0.983	loh	TP	TP
chr17	65436875	65445393	8518	0	11	0	17	nested_a_in_b	nested_a_in_b	1-1	1-1	True	28	0.589	0.983	loh	TP	TP
chr22	11348424	11349897	1473	99	1	0	54	nested_a_in_b	nested_a_in_b	1-1	1-1	True	154	0.331	0.361	neutral	TP	TP
chr22	16919371	16944002	24631	0	3	0	4	nested_a_in_b	nested_a_in_b	1-1	1-1	True	7	0.431	0.918	loh	TP	TP
chr22	18997796	19009253	11457	2	8	0	11	nested_a_in_b	nested_a_in_b	1-1	1-1	True	21	0.469	0.902	loh	TP	TP
chr22	20065629	20080503	14874	1	1	0	14	nested_a_in_b	nested_a_in_b	1-1	1-1	True	16	0.951	0.955	loh	TP	TP
chr3	59496506	59505094	8588	2	12	0	11	nested_a_in_b	nested_a_in_b	2-1	2-1	True	25	0.455	0.931	loh	TP	TP
chr3	59794636	59800117	5481	35	1	0	4	nested_a_in_b	nested_a_in_b	2-1	2-1	True	40	0.083	0.083	loh	FP	FP
chr3	59798636	59800117	1481	45	1	0	4	nested_a_in_b	nested_a_in_b	2-1	2-1	True	50	0.066	0.083	loh	FP	FP
chr3	61830464	61834910	4446	0	1	0	44	nested_a_in_b	nested_a_in_b	2-1	2-1	True	45	0.965	1.0	loh	TP	TP
chr3	62447589	62466114	18525	1	1	0	14	nested_a_in_b	nested_a_in_b	1-1	1-1	True	16	0.898	0.948	loh	TP	TP
chr3	63287093	63287099	6	28	1	0	31	nested_a_in_b	nested_a_in_b	1-1	1-1	True	60	0.525	0.525	loh	TP	TP
chr3	63287093	63318985	31892	0	4	0	3	nested_a_in_b	nested_a_in_b	1-1	1-1	True	7	0.525	0.521	loh	TP	TP
chr3	63287099	63318985	31886	0	3	0	4	nested_a_in_b	nested_a_in_b	1-1	1-1	True	7	0.525	0.521	loh	TP	TP
chr3	65195899	65206445	10546	2	12	0	8	nested_a_in_b	nested_a_in_b	1-1	1-1	True	22	0.385	0.959	loh	TP	TP
chr3	67835999	67854084	18085	0	1	0	10	nested_a_in_b	nested_a_in_b	1-1	1-1	True	11	0.683	0.964	loh	TP	TP
chr3	68271495	68286320	14825	1	1	0	16	nested_a_in_b	nested_a_in_b	1-1	1-1	True	18	0.868	0.95	loh	TP	TP
chr3	68828587	68848845	20258	1	2	0	5	nested_a_in_b	nested_a_in_b	1-1	1-1	True	8	0.423	0.924	loh	TP	TP
chr3	68833953	68848845	14892	1	9	0	3	nested_a_in_b	nested_a_in_b	1-1	1-1	True	13	0.396	0.924	loh	TP	TP
chr3	70250337	70256290	5953	0	2	0	27	nested_a_in_b	nested_a_in_b	1-1	1-1	True	29	0.946	0.964	loh	TP	TP
chr3	71010245	71010553	308	44	2	0	53	nested_a_in_b	nested_a_in_b	2-1	2-1	True	99	0.529	0.553	neutral	TP	TP
chr3	71010245	71011474	1229	42	2	0	45	nested_a_in_b	nested_a_in_b	2-1	2-1	True	89	0.529	0.545	neutral	TP	TP
chr3	71011404	71011474	70	46	3	0	50	nested_a_in_b	nested_a_in_b	2-1	2-1	True	99	0.5	0.545	neutral	TP	TP
chr3	71011410	71011474	64	44	1	0	52	nested_a_in_b	nested_a_in_b	2-1	2-1	True	97	0.54	0.545	neutral	TP	TP
chr3	71327987	71328028	41	44	2	0	48	nested_a_in_b	nested_a_in_b	2-1	2-1	True	94	0.51	0.526	neutral	TP	TP
chr3	71327987	71328546	559	43	1	0	43	nested_a_in_b	nested_a_in_b	2-1	2-1	True	87	0.51	0.51	neutral	TP	TP
chr3	71327987	71329696	1709	40	2	0	43	nested_a_in_b	nested_a_in_b	2-1	2-1	True	85	0.51	0.545	neutral	TP	TP
chr3	71327997	71328028	31	44	2	0	48	nested_a_in_b	nested_a_in_b	2-1	2-1	True	94	0.505	0.526	neutral	TP	TP
chr3	71327997	71328546	549	43	1	0	43	nested_a_in_b	nested_a_in_b	2-1	2-1	True	87	0.505	0.51	neutral	TP	TP
chr3	71327997	71329696	1699	40	2	0	43	nested_a_in_b	nested_a_in_b	2-1	2-1	True	85	0.505	0.545	neutral	TP	TP
chr3	71328028	71329696	1668	39	1	0	43	nested_a_in_b	nested_a_in_b	2-1	2-1	True	83	0.526	0.545	neutral	TP	TP
chr3	71328545	71328546	1	47	1	0	44	nested_a_in_b	nested_a_in_b	2-1	2-1	True	92	0.478	0.51	neutral	TP	TP
chr3	71328545	71329130	585	44	1	0	43	nested_a_in_b	nested_a_in_b	2-1	2-1	True	88	0.478	0.529	neutral	TP	TP
chr3	71328545	71329696	1151	42	2	0	39	nested_a_in_b	nested_a_in_b	2-1	2-1	True	83	0.478	0.545	neutral	TP	TP
chr3	71328546	71329696	1150	42	2	0	43	nested_a_in_b	nested_a_in_b	2-1	2-1	True	87	0.51	0.545	neutral	TP	TP
chr3	71910173	71918964	8791	7	1	0	14	nested_a_in_b	nested_a_in_b	1-1	1-1	True	22	0.532	0.588	loh	TP	TP
chr3	71910173	71920849	10676	0	7	0	14	nested_a_in_b	nested_a_in_b	1-1	1-1	True	21	0.532	0.946	loh	TP	TP
chr3	71918964	71920849	1885	2	17	0	27	nested_a_in_b	nested_a_in_b	1-1	1-1	True	46	0.588	0.946	loh	TP	TP
chr3	73294928	73301998	7070	0	15	0	9	nested_a_in_b	nested_a_in_b	2-1	2-1	True	24	0.439	0.978	loh	TP	TP
chr3	75755404	75756906	1502	43	2	0	9	nested_a_in_b	nested_a_in_b	1-1	1-1	True	54	0.194	0.197	loh	FP	FP
chr3	75844785	75862081	17296	0	4	0	2	nested_a_in_b	nested_a_in_b	2-1	2-1	True	6	0.46	0.978	loh	TP	TP
chr3	77554784	77555786	1002	2	23	0	18	nested_a_in_b	nested_a_in_b	2-1	2-1	True	43	0.423	0.961	loh	TP	TP
chr3	77554785	77555786	1001	2	25	0	17	nested_a_in_b	nested_a_in_b	2-1	2-1	True	44	0.382	0.961	loh	TP	TP
chr3	78942061	78942101	40	72	1	0	52	nested_a_in_b	nested_a_in_b	1-1	1-1	True	125	0.425	0.424	neutral	TP	TP
chr3	78942061	78942348	287	68	2	0	50	nested_a_in_b	nested_a_in_b	1-1	1-1	True	120	0.425	0.444	neutral	TP	TP
chr3	78942101	78942348	247	68	1	0	50	nested_a_in_b	nested_a_in_b	1-1	1-1	True	119	0.424	0.444	neutral	TP	TP
chr3	79440203	79443256	3053	0	3	0	34	nested_a_in_b	nested_a_in_b	2-1	2-1	True	37	0.941	1.0	loh	TP	TP
chr3	79569679	79580244	10565	2	10	0	5	nested_a_in_b	nested_a_in_b	2-1	2-1	True	17	0.208	0.941	loh	FP	TP
chr3	79928500	79946888	18388	0	6	0	5	nested_a_in_b	nested_a_in_b	2-1	2-1	True	11	0.261	1.0	neutral	TP	TP
chr3	94609037	94623961	14924	0	2	0	9	nested_a_in_b	nested_a_in_b	1-1	1-1	True	11	0.909	0.959	loh	TP	TP
chr3	96125083	96150033	24950	0	5	0	3	nested_a_in_b	nested_a_in_b	1-1	1-1	True	8	0.446	0.965	loh	TP	TP
chr3	99045988	99052060	6072	1	1	0	30	nested_a_in_b	nested_a_in_b	2-1	2-1	True	32	0.946	0.963	loh	TP	TP
chr3	104899318	104916692	17374	0	6	0	4	nested_a_in_b	nested_a_in_b	2-1	2-1	True	10	0.396	1.0	loh	TP	TP
chr3	105252353	105269759	17406	5	2	0	1	mutual_excl	nested_a_in_b	2-1	2-1	True	8	0.275	0.361	loh	TP	TP
chr3	105269759	105279082	9323	2	19	0	6	nested_a_in_b	nested_a_in_b	2-1	2-1	True	27	0.361	0.966	loh	TP	TP
chr3	106497970	106514049	16079	2	6	0	10	nested_a_in_b	nested_a_in_b	2-1	2-1	True	18	0.542	0.952	loh	TP	TP
chr3	106911267	106930590	19323	0	4	0	8	nested_a_in_b	nested_a_in_b	2-1	2-1	True	12	0.508	0.978	loh	TP	TP
chr3	106911267	106931850	20583	0	4	0	4	nested_a_in_b	nested_a_in_b	2-1	2-1	True	8	0.508	1.0	loh	TP	TP
chr3	106930590	106931850	1260	0	1	0	36	nested_a_in_b	nested_a_in_b	2-1	2-1	True	37	0.978	1.0	loh	TP	TP
chr3	107472671	107481836	9165	4	4	0	19	nested_a_in_b	nested_a_in_b	2-1	2-1	True	27	0.729	0.921	loh	TP	TP
chr3	109165172	109184626	19454	0	9	0	5	nested_a_in_b	nested_a_in_b	1-1	1-1	True	14	0.396	0.98	loh	TP	TP
chr3	112150091	112156147	6056	0	22	0	8	nested_a_in_b	nested_a_in_b	2-1	2-1	True	30	0.292	0.959	loh	TP	TP
chr3	113864131	113879362	15231	10	2	0	1	mutual_excl	nested_a_in_b	2-1	2-1	True	13	0.418	0.382	loh	TP	TP
chr3	113864132	113879362	15230	10	2	0	1	mutual_excl	nested_a_in_b	2-1	2-1	True	13	0.375	0.382	loh	TP	TP
chr3	113879362	113889926	10564	1	15	0	10	nested_a_in_b	nested_a_in_b	2-1	2-1	True	26	0.382	0.968	loh	TP	TP
chr3	117993717	118010892	17175	7	1	0	4	nested_a_in_b	nested_a_in_b	2-1	2-1	True	12	0.404	0.457	loh	TP	TP
chr3	118416245	118431583	15338	0	5	0	3	nested_a_in_b	nested_a_in_b	2-1	2-1	True	8	0.326	0.941	loh	TP	TP
chr3	118424343	118431583	7240	1	9	0	11	nested_a_in_b	nested_a_in_b	2-1	2-1	True	21	0.542	0.941	loh	TP	TP
chr3	121841376	121842051	675	52	1	0	4	nested_a_in_b	nested_a_in_b	1-1	1-1	True	57	0.059	0.098	loh	FP	FP
chr3	122895049	122917034	21985	1	4	0	3	nested_a_in_b	nested_a_in_b	1-1	1-1	True	8	0.481	0.959	loh	TP	TP
chr3	122917034	122927971	10937	1	1	0	12	nested_a_in_b	nested_a_in_b	1-1	1-1	True	14	0.959	0.929	loh	TP	TP
chr3	127621319	127630970	9651	0	1	0	20	nested_a_in_b	nested_a_in_b	2-1	2-1	True	21	0.945	1.0	loh	TP	TP
chr3	127962164	127986757	24593	0	9	0	6	nested_a_in_b	nested_a_in_b	1-1	1-1	True	15	0.467	0.972	loh	TP	TP
chr3	127981978	127986757	4779	3	29	0	36	nested_a_in_b	nested_a_in_b	1-1	1-1	True	68	0.473	0.972	loh	TP	TP
chr3	128677864	128694281	16417	14	1	0	15	nested_a_in_b	nested_a_in_b	3	3	True	30	0.465	0.516	loh	TP	TP
chr3	129172683	129183596	10913	0	15	0	4	nested_a_in_b	nested_a_in_b	1-1	1-1	True	19	0.269	0.977	loh	FP	TP
chr3	167899430	167918839	19409	0	1	0	9	nested_a_in_b	nested_a_in_b	2-1	2-1	True	10	0.959	0.915	loh	TP	TP
chr3	194943357	194943375	18	40	1	0	3	nested_a_in_b	nested_a_in_b	1-1	1-1	True	44	0.067	0.091	loh	FP	FP
chr3	194943357	194949421	6064	0	6	0	1	mutual_excl	nested_a_in_b	1-1	1-1	True	7	0.067	1.0	loh	FP	FP
chr3	194943375	194949421	6046	0	6	0	1	mutual_excl	nested_a_in_b	1-1	1-1	True	7	0.091	1.0	loh	FP	FP
chr3	196760208	196773524	13316	0	5	0	6	nested_a_in_b	nested_a_in_b	1-1	1-1	True	11	0.429	0.973	loh	TP	TP
chr3	197035423	197049240	13817	1	6	0	8	nested_a_in_b	nested_a_in_b	1-1	1-1	True	15	0.435	0.871	loh	TP	TP
chr8	1517909	1541908	23999	1	3	0	6	nested_a_in_b	nested_a_in_b	1-1	1-1	True	10	0.527	0.962	loh	TP	TP
chr8	6746018	6757635	11617	0	1	0	16	nested_a_in_b	nested_a_in_b	1-1	1-1	True	17	0.956	1.0	loh	TP	TP
chr8	6746019	6757635	11616	0	1	0	20	nested_a_in_b	nested_a_in_b	1-1	1-1	True	21	0.92	1.0	loh	TP	TP
chr8	10913009	10932676	19667	2	6	0	2	nested_a_in_b	nested_a_in_b	2-1	2-1	True	10	0.136	0.922	loh	FP	TP
chr8	11043222	11043526	304	1	28	0	13	nested_a_in_b	nested_a_in_b	2-1	2-1	True	42	0.31	0.947	loh	FP	TP
chr8	13609084	13610951	1867	35	3	0	2	nested_a_in_b	nested_a_in_b	2-1	2-1	True	40	0.077	0.122	loh	FP	FP
chr8	13610951	13625113	14162	12	5	0	1	mutual_excl	nested_a_in_b	2-1	2-1	True	18	0.122	0.412	loh	FP	TP
chr8	17729196	17741357	12161	2	4	0	10	nested_a_in_b	nested_a_in_b	1-1	1-1	True	16	0.382	0.932	loh	TP	TP
chr8	19451756	19471350	19594	2	4	0	1	mutual_excl	nested_a_in_b	1-1	1-1	True	7	0.062	0.926	loh	TP	TP
chr8	24966780	24992896	26116	0	1	0	8	nested_a_in_b	nested_a_in_b	1-1	1-1	True	9	0.968	1.0	loh	TP	TP
chr8	24971547	24992896	21349	0	7	0	3	nested_a_in_b	nested_a_in_b	1-1	1-1	True	10	0.339	1.0	loh	TP	TP
chr8	29365524	29375932	10408	0	1	0	19	nested_a_in_b	nested_a_in_b	1-1	1-1	True	20	0.93	0.955	loh	TP	TP
chr8	31175903	31197816	21913	0	1	0	8	nested_a_in_b	nested_a_in_b	1-1	1-1	True	9	0.943	0.931	loh	TP	TP
chr8	31878226	31878508	282	44	1	0	4	nested_a_in_b	nested_a_in_b	1-1	1-1	True	49	0.078	0.102	loh	FP	FP
chr8	32391104	32397575	6471	2	20	0	12	nested_a_in_b	nested_a_in_b	1-1	1-1	True	34	0.464	0.961	loh	TP	TP
chr8	33716140	33721318	5178	1	1	0	37	nested_a_in_b	nested_a_in_b	2-1	2-1	True	39	0.955	0.949	loh	TP	TP
chr8	34234441	34247626	13185	0	2	0	7	nested_a_in_b	nested_a_in_b	1-1	1-1	True	9	0.926	1.0	loh	TP	TP
chr8	34261513	34283100	21587	0	1	0	5	nested_a_in_b	nested_a_in_b	1-1	1-1	True	6	0.936	0.846	loh	TP	TP
chr8	35140917	35165478	24561	0	4	0	3	nested_a_in_b	nested_a_in_b	1-1	1-1	True	7	0.479	0.911	loh	TP	TP
chr8	35700153	35709416	9263	0	12	0	10	nested_a_in_b	nested_a_in_b	2-1	2-1	True	22	0.568	0.968	loh	TP	TP
chr8	35700153	35711159	11006	0	10	0	8	nested_a_in_b	nested_a_in_b	2-1	2-1	True	18	0.568	0.983	loh	TP	TP
chr8	36888885	36891267	2382	0	6	0	38	nested_a_in_b	nested_a_in_b	2-1	2-1	True	44	0.833	1.0	loh	TP	TP
chr8	39057595	39066603	9008	1	1	0	28	nested_a_in_b	nested_a_in_b	1-1	1-1	True	30	0.926	0.951	loh	TP	TP
chr8	40628597	40648496	19899	0	9	0	3	nested_a_in_b	nested_a_in_b	2-1	2-1	True	12	0.389	0.968	loh	TP	TP
chr8	46097490	46105284	7794	2	11	0	14	nested_a_in_b	nested_a_in_b	2-1	2-1	True	27	0.49	0.911	loh	TP	TP
chr8	46097491	46105284	7793	2	11	0	14	nested_a_in_b	nested_a_in_b	2-1	2-1	True	27	0.49	0.911	loh	TP	TP
chr8	46668377	46684421	16044	0	8	0	6	nested_a_in_b	nested_a_in_b	2-1	2-1	True	14	0.571	0.93	loh	TP	TP
chr8	46681965	46684421	2456	2	21	0	19	nested_a_in_b	nested_a_in_b	2-1	2-1	True	42	0.407	0.93	loh	TP	TP
chr8	48145199	48165899	20700	0	1	0	5	nested_a_in_b	nested_a_in_b	2-1	2-1	True	6	0.917	0.949	loh	TP	TP
chr8	54168560	54187872	19312	0	9	0	9	nested_a_in_b	nested_a_in_b	2-1	2-1	True	18	0.486	0.971	loh	TP	TP
chr8	54889935	54908498	18563	0	11	0	1	mutual_excl	nested_a_in_b	1-1	1-1	True	12	0.253	0.984	loh	TP	TP
chr8	55488882	55501440	12558	0	3	0	22	nested_a_in_b	nested_a_in_b	1-1	1-1	True	25	0.831	1.0	loh	TP	TP
chr8	56192765	56200061	7296	30	1	0	12	nested_a_in_b	nested_a_in_b	1-1	1-1	True	43	0.317	0.342	loh	TP	TP
chr8	57923820	57938296	14476	14	1	0	9	nested_a_in_b	nested_a_in_b	1-1	1-1	True	24	0.317	0.289	loh	TP	TP
chr8	61310728	61328737	18009	0	11	0	7	nested_a_in_b	nested_a_in_b	1-1	1-1	True	18	0.31	0.965	loh	TP	TP
chr8	61310999	61328737	17738	0	1	0	18	nested_a_in_b	nested_a_in_b	1-1	1-1	True	19	0.908	0.965	loh	TP	TP
chr8	63236833	63246740	9907	12	12	0	10	nested_a_in_b	nested_a_in_b	1-1	1-1	True	34	0.351	0.744	loh	TP	TP
chr8	64093393	64101872	8479	0	29	0	12	nested_a_in_b	nested_a_in_b	1-1	1-1	True	41	0.273	1.0	loh	TP	TP
chr8	64100384	64101872	1488	0	49	0	17	nested_a_in_b	nested_a_in_b	1-1	1-1	True	66	0.237	1.0	loh	TP	TP
chr8	85910068	85916656	6588	35	1	0	3	nested_a_in_b	nested_a_in_b	2-1	2-1	True	39	0.087	0.125	loh	FP	FP
chr8	85911146	85916656	5510	39	1	0	4	nested_a_in_b	nested_a_in_b	2-1	2-1	True	44	0.094	0.125	loh	FP	FP
chr8	85911146	85923535	12389	24	1	0	4	nested_a_in_b	nested_a_in_b	2-1	2-1	True	29	0.094	0.112	loh	FP	FP
chr8	85963726	85989900	26174	3	4	0	3	nested_a_in_b	nested_a_in_b	1-1	1-1	True	10	0.233	0.696	loh	TP	TP
chr8	86080664	86094431	13767	14	1	0	3	nested_a_in_b	nested_a_in_b	1-1	1-1	True	18	0.13	0.151	loh	FP	FP
chr8	86081973	86086586	4613	48	1	0	4	nested_a_in_b	nested_a_in_b	1-1	1-1	True	53	0.09	0.115	loh	FP	FP
chr8	86081973	86094431	12458	19	1	0	3	nested_a_in_b	nested_a_in_b	1-1	1-1	True	23	0.09	0.151	loh	FP	FP
chr8	86084283	86094431	10148	22	1	0	4	nested_a_in_b	nested_a_in_b	1-1	1-1	True	27	0.094	0.151	loh	FP	FP
chr8	86086586	86094431	7845	27	1	0	5	nested_a_in_b	nested_a_in_b	1-1	1-1	True	33	0.115	0.151	loh	FP	FP
chr8	86092305	86094431	2126	57	3	0	7	nested_a_in_b	nested_a_in_b	1-1	1-1	True	67	0.089	0.151	loh	FP	FP
chr8	86408311	86413780	5469	37	4	0	7	nested_a_in_b	nested_a_in_b	3	3	True	48	0.135	0.195	loh	FP	FP
chr8	87769952	87776914	6962	33	1	0	11	nested_a_in_b	nested_a_in_b	1-1	1-1	True	45	0.239	0.235	loh	TP	TP
chr8	88096786	88098375	1589	62	1	0	8	nested_a_in_b	nested_a_in_b	3	3	True	71	0.115	0.122	loh	FP	FP
chr8	88096786	88101185	4399	51	1	0	6	nested_a_in_b	nested_a_in_b	3	3	True	58	0.115	0.099	loh	FP	FP
chr8	88175612	88206689	31077	6	1	0	2	nested_a_in_b	nested_a_in_b	3	3	True	9	0.236	0.352	loh	TP	TP
chr8	88266507	88267351	844	76	1	0	8	nested_a_in_b	nested_a_in_b	2-1	2-1	True	85	0.095	0.1	loh	FP	FP
chr8	88266507	88271414	4907	54	1	0	7	nested_a_in_b	nested_a_in_b	2-1	2-1	True	62	0.095	0.136	loh	FP	FP
chr8	88266507	88276831	10324	29	3	0	5	nested_a_in_b	nested_a_in_b	2-1	2-1	True	37	0.095	0.156	loh	FP	FP
chr8	88269552	88271414	1862	61	1	0	9	nested_a_in_b	nested_a_in_b	2-1	2-1	True	71	0.106	0.136	loh	FP	FP
chr8	88269552	88276831	7279	32	3	0	6	nested_a_in_b	nested_a_in_b	2-1	2-1	True	41	0.106	0.156	loh	FP	FP
chr8	88271414	88276831	5417	37	3	0	6	nested_a_in_b	nested_a_in_b	2-1	2-1	True	46	0.136	0.156	loh	FP	FP
chr8	88310775	88312619	1844	49	1	0	7	nested_a_in_b	nested_a_in_b	2-1	2-1	True	57	0.132	0.116	loh	FP	FP
chr8	88330715	88332072	1357	79	1	0	3	nested_a_in_b	nested_a_in_b	2-1	2-1	True	83	0.042	0.053	loh	FP	FP
chr8	88481992	88483102	1110	60	2	0	10	nested_a_in_b	nested_a_in_b	3	3	True	72	0.132	0.154	loh	FP	FP
chr8	88481992	88483499	1507	59	2	0	10	nested_a_in_b	nested_a_in_b	3	3	True	71	0.132	0.179	loh	FP	FP
chr8	88481992	88485039	3047	54	1	0	10	nested_a_in_b	nested_a_in_b	3	3	True	65	0.132	0.136	loh	FP	FP
chr8	88484810	88485039	229	65	1	0	10	nested_a_in_b	nested_a_in_b	3	3	True	76	0.125	0.136	loh	FP	FP
chr8	88546750	88561542	14792	8	9	0	6	nested_a_in_b	nested_a_in_b	3	3	True	23	0.262	0.785	loh	TP	TP
chr8	88649057	88658014	8957	29	1	0	5	nested_a_in_b	nested_a_in_b	1-1	1-1	True	35	0.111	0.139	loh	FP	FP
chr8	88658014	88670984	12970	23	1	0	5	nested_a_in_b	nested_a_in_b	1-1	1-1	True	29	0.139	0.131	loh	FP	FP
chr8	89433370	89454862	21492	0	8	0	2	nested_a_in_b	nested_a_in_b	2-1	2-1	True	10	0.288	0.971	loh	TP	TP
chr8	90123770	90129353	5583	4	31	0	13	nested_a_in_b	nested_a_in_b	2-1	2-1	True	48	0.3	0.942	loh	TP	TP
chr8	91569989	91572121	2132	40	4	0	20	nested_a_in_b	nested_a_in_b	1-1	1-1	True	64	0.325	0.333	loh	TP	TP
chr8	91852519	91857740	5221	50	1	0	7	nested_a_in_b	nested_a_in_b	1-1	1-1	True	58	0.097	0.13	loh	FP	FP
chr8	92046964	92049056	2092	36	1	0	24	nested_a_in_b	nested_a_in_b	1-1	1-1	True	61	0.381	0.429	loh	TP	TP
chr8	92208030	92208226	196	76	1	0	8	nested_a_in_b	nested_a_in_b	1-1	1-1	True	85	0.091	0.102	loh	FP	FP
chr8	92429614	92429615	1	51	1	0	17	nested_a_in_b	nested_a_in_b	1-1	1-1	True	69	0.25	0.289	loh	TP	TP
chr8	92429614	92454646	25032	1	11	0	2	nested_a_in_b	nested_a_in_b	1-1	1-1	True	14	0.25	0.969	loh	TP	TP
chr8	92429615	92454646	25031	1	11	0	2	nested_a_in_b	nested_a_in_b	1-1	1-1	True	14	0.289	0.969	loh	TP	TP
chr8	93479686	93484750	5064	35	2	0	11	nested_a_in_b	nested_a_in_b	1-1	1-1	True	48	0.169	0.24	loh	FP	FP
chr8	93479686	93484769	5083	36	1	0	10	nested_a_in_b	nested_a_in_b	1-1	1-1	True	47	0.169	0.211	loh	FP	FP
chr8	93481519	93483559	2040	54	1	0	10	nested_a_in_b	nested_a_in_b	1-1	1-1	True	65	0.152	0.176	loh	FP	FP
chr8	93481519	93484750	3231	50	3	0	11	nested_a_in_b	nested_a_in_b	1-1	1-1	True	64	0.152	0.24	loh	FP	FP
chr8	93481519	93484769	3250	51	2	0	10	nested_a_in_b	nested_a_in_b	1-1	1-1	True	63	0.152	0.211	loh	FP	FP
chr8	93481519	93484798	3279	52	1	0	10	nested_a_in_b	nested_a_in_b	1-1	1-1	True	63	0.152	0.211	loh	FP	FP
chr8	93481519	93484839	3320	52	1	0	10	nested_a_in_b	nested_a_in_b	1-1	1-1	True	63	0.152	0.189	loh	FP	FP
chr8	93481519	93484843	3324	51	1	0	9	nested_a_in_b	nested_a_in_b	1-1	1-1	True	61	0.152	0.174	loh	FP	FP
chr8	93481519	93489243	7724	39	2	0	9	nested_a_in_b	nested_a_in_b	1-1	1-1	True	50	0.152	0.193	loh	FP	FP
chr8	93483559	93484750	1191	63	3	0	15	nested_a_in_b	nested_a_in_b	1-1	1-1	True	81	0.176	0.24	loh	FP	FP
chr8	93483559	93484769	1210	64	2	0	14	nested_a_in_b	nested_a_in_b	1-1	1-1	True	80	0.176	0.211	loh	FP	FP
chr8	93483559	93484798	1239	64	2	0	14	nested_a_in_b	nested_a_in_b	1-1	1-1	True	80	0.176	0.211	loh	FP	FP
chr8	93484791	93484798	7	75	3	0	17	nested_a_in_b	nested_a_in_b	1-1	1-1	True	95	0.188	0.211	loh	FP	FP
chr8	93484791	93484839	48	77	1	0	17	nested_a_in_b	nested_a_in_b	1-1	1-1	True	95	0.188	0.189	loh	FP	FP
chr8	93606782	93610444	3662	66	1	0	8	nested_a_in_b	nested_a_in_b	1-1	1-1	True	75	0.088	0.12	loh	FP	FP
chr8	93606782	93611895	5113	55	1	0	6	nested_a_in_b	nested_a_in_b	1-1	1-1	True	62	0.088	0.117	loh	FP	FP
chr8	93860900	93861607	707	87	2	0	13	nested_a_in_b	nested_a_in_b	2-1	2-1	True	102	0.12	0.143	loh	FP	FP
chr8	93860900	93868484	7584	50	1	0	8	nested_a_in_b	nested_a_in_b	2-1	2-1	True	59	0.12	0.168	loh	FP	FP
chr8	93896869	93897911	1042	60	2	0	7	nested_a_in_b	nested_a_in_b	2-1	2-1	True	69	0.11	0.14	loh	FP	FP
chr8	93952405	93963743	11338	28	1	0	6	nested_a_in_b	nested_a_in_b	1-1	1-1	True	35	0.121	0.214	loh	FP	FP
chr8	93954024	93963743	9719	32	1	0	6	nested_a_in_b	nested_a_in_b	1-1	1-1	True	39	0.117	0.214	loh	FP	FP
chr8	93962228	93963743	1515	66	1	0	17	nested_a_in_b	nested_a_in_b	1-1	1-1	True	84	0.215	0.214	loh	FP	FP
chr8	93962228	93982845	20617	8	1	0	9	nested_a_in_b	nested_a_in_b	1-1	1-1	True	18	0.215	0.21	loh	FP	FP
chr8	93963743	93982845	19102	8	1	0	9	nested_a_in_b	nested_a_in_b	1-1	1-1	True	18	0.214	0.21	loh	FP	FP
chr8	93972527	93972577	50	78	2	0	19	nested_a_in_b	nested_a_in_b	3	3	True	99	0.186	0.212	loh	FP	FP
chr8	93972527	93973553	1026	74	2	0	18	nested_a_in_b	nested_a_in_b	3	3	True	94	0.186	0.204	loh	FP	FP
chr8	93983027	93984105	1078	81	1	0	16	nested_a_in_b	nested_a_in_b	1-1	1-1	True	98	0.182	0.186	loh	FP	FP
chr8	93983058	93984105	1047	80	1	0	17	nested_a_in_b	nested_a_in_b	1-1	1-1	True	98	0.191	0.186	loh	FP	FP
chr8	93985881	93986073	192	82	2	0	20	nested_a_in_b	nested_a_in_b	1-1	1-1	True	104	0.189	0.211	loh	FP	FP
chr8	95303937	95336781	32844	0	5	0	2	nested_a_in_b	nested_a_in_b	1-1	1-1	True	7	0.312	1.0	loh	TP	TP
chr8	95510015	95512362	2347	67	1	0	8	nested_a_in_b	nested_a_in_b	1-1	1-1	True	76	0.095	0.129	loh	FP	FP
chr8	95511916	95512362	446	77	2	0	10	nested_a_in_b	nested_a_in_b	1-1	1-1	True	89	0.109	0.129	loh	FP	FP
chr8	96207129	96211033	3904	64	2	0	3	nested_a_in_b	nested_a_in_b	3	3	True	69	0.052	0.055	loh	FP	FP
chr8	96293754	96310362	16608	1	10	0	6	nested_a_in_b	nested_a_in_b	1-1	1-1	True	17	0.25	0.917	loh	TP	TP
chr8	96305927	96310362	4435	4	32	0	15	nested_a_in_b	nested_a_in_b	1-1	1-1	True	51	0.278	0.917	loh	TP	TP
chr8	97069641	97091026	21385	0	6	0	2	nested_a_in_b	nested_a_in_b	2-1	2-1	True	8	0.368	0.953	loh	TP	TP
chr8	97671979	97692066	20087	1	11	0	9	nested_a_in_b	nested_a_in_b	2-1	2-1	True	21	0.427	0.976	loh	TP	TP
chr8	99824884	99825495	611	60	2	0	9	nested_a_in_b	nested_a_in_b	1-1	1-1	True	71	0.12	0.15	loh	FP	FP
chr8	99824884	99827449	2565	48	3	0	7	nested_a_in_b	nested_a_in_b	1-1	1-1	True	58	0.12	0.134	loh	FP	FP
chr8	99824884	99832232	7348	38	1	0	5	nested_a_in_b	nested_a_in_b	1-1	1-1	True	44	0.12	0.129	loh	FP	FP
chr8	99824921	99825495	574	58	2	0	9	nested_a_in_b	nested_a_in_b	1-1	1-1	True	69	0.123	0.15	loh	FP	FP
chr8	99824921	99827449	2528	46	3	0	7	nested_a_in_b	nested_a_in_b	1-1	1-1	True	56	0.123	0.134	loh	FP	FP
chr8	99824921	99832232	7311	37	1	0	5	nested_a_in_b	nested_a_in_b	1-1	1-1	True	43	0.123	0.129	loh	FP	FP
chr8	99831810	99832232	422	78	2	0	9	nested_a_in_b	nested_a_in_b	1-1	1-1	True	89	0.105	0.129	loh	FP	FP
chr8	99855093	99868676	13583	21	1	0	4	nested_a_in_b	nested_a_in_b	2-1	2-1	True	26	0.122	0.148	loh	FP	FP
chr8	99858889	99866638	7749	43	1	0	5	nested_a_in_b	nested_a_in_b	2-1	2-1	True	49	0.083	0.117	loh	FP	FP
chr8	99858889	99866860	7971	42	1	0	5	nested_a_in_b	nested_a_in_b	2-1	2-1	True	48	0.083	0.121	loh	FP	FP
chr8	99858889	99868676	9787	34	2	0	5	nested_a_in_b	nested_a_in_b	2-1	2-1	True	41	0.083	0.148	loh	FP	FP
chr8	99866638	99868676	2038	60	2	0	10	nested_a_in_b	nested_a_in_b	2-1	2-1	True	72	0.117	0.148	loh	FP	FP
chr8	99866860	99868676	1816	60	2	0	10	nested_a_in_b	nested_a_in_b	2-1	2-1	True	72	0.121	0.148	loh	FP	FP
chr8	99887565	99890167	2602	60	4	0	8	nested_a_in_b	nested_a_in_b	2-1	2-1	True	72	0.13	0.129	loh	FP	FP
chr8	99893933	99895567	1634	63	1	0	9	nested_a_in_b	nested_a_in_b	2-1	2-1	True	73	0.103	0.14	loh	FP	FP
chr8	99894334	99895567	1233	70	1	0	10	nested_a_in_b	nested_a_in_b	2-1	2-1	True	81	0.109	0.14	loh	FP	FP
chr8	99896199	99901346	5147	52	2	0	5	nested_a_in_b	nested_a_in_b	2-1	2-1	True	59	0.12	0.089	loh	FP	FP
chr8	99919477	99927138	7661	33	1	0	4	nested_a_in_b	nested_a_in_b	3	3	True	38	0.079	0.103	loh	FP	FP
chr8	99919597	99927138	7541	35	1	0	4	nested_a_in_b	nested_a_in_b	3	3	True	40	0.063	0.103	loh	FP	FP
chr8	99926792	99927138	346	75	1	0	7	nested_a_in_b	nested_a_in_b	3	3	True	83	0.076	0.103	loh	FP	FP
chr8	100014004	100049010	35006	3	2	0	1	mutual_excl	nested_a_in_b	2-1	2-1	True	6	0.081	0.286	loh	FP	TP
chr8	100482390	100482434	44	83	2	0	6	nested_a_in_b	nested_a_in_b	2-1	2-1	True	91	0.084	0.088	loh	FP	FP
chr8	100482390	100482685	295	80	1	0	7	nested_a_in_b	nested_a_in_b	2-1	2-1	True	88	0.084	0.09	loh	FP	FP
chr8	100482390	100487356	4966	52	1	0	7	nested_a_in_b	nested_a_in_b	2-1	2-1	True	60	0.084	0.163	loh	FP	FP
chr8	100482390	100491119	8729	37	1	0	6	nested_a_in_b	nested_a_in_b	2-1	2-1	True	44	0.084	0.157	loh	FP	FP
chr8	100482390	100491479	9089	32	1	0	6	nested_a_in_b	nested_a_in_b	2-1	2-1	True	39	0.084	0.16	loh	FP	FP
chr8	100482390	100493791	11401	27	1	0	5	nested_a_in_b	nested_a_in_b	2-1	2-1	True	33	0.084	0.135	loh	FP	FP
chr8	100627921	100629747	1826	47	1	0	8	nested_a_in_b	nested_a_in_b	2-1	2-1	True	56	0.149	0.151	loh	FP	FP
chr8	100628398	100629747	1349	53	1	0	9	nested_a_in_b	nested_a_in_b	2-1	2-1	True	63	0.139	0.151	loh	FP	FP
chr8	100744753	100745310	557	82	2	0	13	nested_a_in_b	nested_a_in_b	2-1	2-1	True	97	0.133	0.149	loh	FP	FP
chr8	100744753	100748990	4237	53	1	0	8	nested_a_in_b	nested_a_in_b	2-1	2-1	True	62	0.133	0.145	loh	FP	FP
chr13	61624962	61628714	3752	30	1	0	2	nested_a_in_b	nested_a_in_b	3	3	True	33	0.058	0.083	loh	FP	FP
chr13	63520492	63545390	24898	4	1	0	3	nested_a_in_b	nested_a_in_b	1-1	1-1	True	8	0.429	0.361	loh	TP	TP
chr13	63782054	63798249	16195	1	7	0	2	nested_a_in_b	nested_a_in_b	1-1	1-1	True	10	0.375	0.923	loh	TP	TP
chr13	63848806	63849082	276	48	2	0	4	nested_a_in_b	nested_a_in_b	1-1	1-1	True	54	0.074	0.103	loh	FP	FP
chr13	68108141	68108142	1	15	1	0	26	nested_a_in_b	nested_a_in_b	1-1	1-1	True	42	0.619	0.628	loh	TP	TP
chr13	68162169	68173006	10837	1	15	0	9	nested_a_in_b	nested_a_in_b	1-1	1-1	True	25	0.413	0.962	loh	TP	TP
chr13	68502227	68502239	12	3	1	0	36	nested_a_in_b	nested_a_in_b	1-1	1-1	True	40	0.913	0.925	loh	TP	TP
chr13	68621901	68643162	21261	0	7	0	2	nested_a_in_b	nested_a_in_b	1-1	1-1	True	9	0.463	0.867	loh	TP	TP
chr13	72103004	72131094	28090	0	4	0	2	nested_a_in_b	nested_a_in_b	2-1	2-1	True	6	0.294	0.981	loh	TP	TP
chr13	72357557	72370936	13379	1	1	0	18	nested_a_in_b	nested_a_in_b	1-1	1-1	True	20	0.94	0.917	loh	TP	TP
chr13	72811551	72811567	16	40	2	0	33	nested_a_in_b	nested_a_in_b	1-1	1-1	True	75	0.455	0.467	loh	TP	TP
chr13	72811551	72817219	5668	22	2	0	20	nested_a_in_b	nested_a_in_b	1-1	1-1	True	44	0.455	0.426	loh	TP	TP
chr13	72812866	72817219	4353	25	1	0	24	nested_a_in_b	nested_a_in_b	1-1	1-1	True	50	0.452	0.426	loh	TP	TP
chr13	72835965	72842579	6614	13	1	0	12	nested_a_in_b	nested_a_in_b	2-1	2-1	True	26	0.535	0.511	loh	TP	TP
chr13	73095753	73100078	4325	31	1	0	3	nested_a_in_b	nested_a_in_b	2-1	2-1	True	35	0.062	0.085	loh	FP	FP
chr13	74300789	74307964	7175	1	12	0	11	nested_a_in_b	nested_a_in_b	1-1	1-1	True	24	0.453	0.98	loh	TP	TP
chr13	76114854	76127737	12883	0	7	0	7	nested_a_in_b	nested_a_in_b	1-1	1-1	True	14	0.585	0.933	loh	TP	TP
chr13	85328074	85332389	4315	30	1	0	4	nested_a_in_b	nested_a_in_b	2-1	2-1	True	35	0.066	0.119	loh	FP	FP
chr13	87760530	87781168	20638	2	4	0	3	nested_a_in_b	nested_a_in_b	2-1	2-1	True	9	0.543	0.923	loh	TP	TP
chr13	95064297	95076344	12047	7	10	0	1	mutual_excl	nested_a_in_b	1-1	1-1	True	18	0.077	0.568	loh	FP	TP
chr13	100850834	100850835	1	29	1	0	16	nested_a_in_b	nested_a_in_b	2-1	2-1	True	46	0.348	0.37	loh	TP	TP
chr13	102816615	102827670	11055	1	10	0	2	nested_a_in_b	nested_a_in_b	2-1	2-1	True	13	0.045	0.98	loh	TP	TP
chr13	103054961	103079386	24425	0	4	0	4	nested_a_in_b	nested_a_in_b	2-1	2-1	True	8	0.526	0.976	loh	TP	TP
chr13	103068627	103079386	10759	0	1	0	16	nested_a_in_b	nested_a_in_b	2-1	2-1	True	17	0.968	0.976	loh	TP	TP
chr13	107794435	107797267	2832	27	1	0	4	nested_a_in_b	nested_a_in_b	1-1	1-1	True	32	0.083	0.106	loh	FP	FP
chr13	107796381	107797267	886	41	1	0	4	nested_a_in_b	nested_a_in_b	1-1	1-1	True	46	0.083	0.106	loh	FP	FP
chr13	113738796	113744349	5553	2	12	0	21	nested_a_in_b	nested_a_in_b	2-1	2-1	True	35	0.59	0.941	loh	TP	TP
chr18	559050	584758	25708	4	1	0	1	sparse	nested_a_in_b	2-1	2-1	True	6	0.075	0.436	loh	FP	TP
chr18	1276206	1280562	4356	2	15	0	22	nested_a_in_b	nested_a_in_b	2-1	2-1	True	39	0.596	0.964	loh	TP	TP
chr18	2883977	2889756	5779	11	15	0	1	mutual_excl	nested_a_in_b	1-1	1-1	True	27	0.07	0.508	loh	FP	TP
chr18	3281734	3281964	230	0	1	0	53	nested_a_in_b	nested_a_in_b	1-1	1-1	True	54	0.981	1.0	loh	TP	TP
chr18	4171414	4181350	9936	2	3	0	18	nested_a_in_b	nested_a_in_b	1-1	1-1	True	23	0.88	0.931	loh	TP	TP
chr18	4442473	4451558	9085	2	11	0	11	nested_a_in_b	nested_a_in_b	1-1	1-1	True	24	0.403	0.929	loh	TP	TP
chr18	8800735	8828752	28017	0	2	0	14	nested_a_in_b	nested_a_in_b	1-1	1-1	True	16	0.938	0.967	loh	TP	TP
chr18	8800735	8830196	29461	0	1	0	13	nested_a_in_b	nested_a_in_b	1-1	1-1	True	14	0.938	1.0	loh	TP	TP
chr18	8828752	8830196	1444	0	2	0	50	nested_a_in_b	nested_a_in_b	1-1	1-1	True	52	0.967	1.0	loh	TP	TP
chr18	10532091	10532942	851	54	1	0	2	nested_a_in_b	nested_a_in_b	1-1	1-1	True	57	0.032	0.104	loh	FP	FP
chr18	11457947	11458068	121	53	1	0	58	nested_a_in_b	nested_a_in_b	3	3	True	112	0.526	0.538	loh	TP	TP
chr4	869071	885756	16685	2	14	0	1	mutual_excl	nested_a_in_b	2-1	2-1	True	17	0.094	0.913	loh	FP	TP
chr4	3398283	3417681	19398	2	7	0	5	nested_a_in_b	nested_a_in_b	1-1	1-1	True	14	0.462	0.887	loh	TP	TP
chr4	3484419	3485510	1091	58	1	0	5	nested_a_in_b	nested_a_in_b	1-1	1-1	True	64	0.072	0.103	loh	FP	FP
chr4	4375851	4376925	1074	52	2	0	4	nested_a_in_b	nested_a_in_b	2-1	2-1	True	58	0.062	0.095	loh	FP	FP
chr4	5426350	5428145	1795	41	2	0	5	nested_a_in_b	nested_a_in_b	2-1	2-1	True	48	0.093	0.121	loh	FP	FP
chr4	5745424	5757954	12530	0	1	0	18	nested_a_in_b	nested_a_in_b	2-1	2-1	True	19	0.952	0.979	loh	TP	TP
chr4	9921209	9938037	16828	0	1	0	6	nested_a_in_b	nested_a_in_b	2-1	2-1	True	7	0.927	0.944	loh	TP	TP
chr4	9922581	9938037	15456	0	6	0	4	nested_a_in_b	nested_a_in_b	2-1	2-1	True	10	0.514	0.944	loh	TP	TP
chr4	14975786	14981669	5883	16	1	0	1	sparse	nested_a_in_b	3	3	True	18	0.105	0.121	loh	FP	FP
chr4	15121531	15126551	5020	10	1	0	3	nested_a_in_b	nested_a_in_b	1-1	1-1	True	14	0.2	0.19	loh	FP	FP
chr4	15121531	15127009	5478	10	1	0	3	nested_a_in_b	nested_a_in_b	1-1	1-1	True	14	0.2	0.238	loh	FP	FP
chr4	15121531	15128883	7352	9	1	0	3	nested_a_in_b	nested_a_in_b	1-1	1-1	True	13	0.2	0.217	loh	FP	FP
chr4	138076468	138095290	18822	1	8	0	3	nested_a_in_b	nested_a_in_b	1-1	1-1	True	12	0.4	0.917	loh	TP	TP
chr4	142482279	142496865	14586	0	6	0	6	nested_a_in_b	nested_a_in_b	1-1	1-1	True	12	0.4	1.0	loh	TP	TP
chr4	146316714	146331512	14798	1	4	0	7	nested_a_in_b	nested_a_in_b	1-1	1-1	True	12	0.605	0.973	loh	TP	TP
chr4	148648480	148659248	10768	1	3	0	10	nested_a_in_b	nested_a_in_b	2-1	2-1	True	14	0.512	0.95	loh	TP	TP
chr4	155318080	155330253	12173	1	4	0	17	nested_a_in_b	nested_a_in_b	2-1	2-1	True	22	0.86	0.944	loh	TP	TP
chr4	155318080	155335464	17384	3	1	0	16	nested_a_in_b	nested_a_in_b	2-1	2-1	True	20	0.86	0.875	loh	TP	TP
chr4	155935246	155936215	969	40	2	0	5	nested_a_in_b	nested_a_in_b	2-1	2-1	True	47	0.091	0.143	loh	FP	FP
chr4	155936215	155941309	5094	27	1	0	3	nested_a_in_b	nested_a_in_b	2-1	2-1	True	31	0.143	0.077	loh	FP	FP
chr4	156441706	156448641	6935	2	6	0	6	nested_a_in_b	nested_a_in_b	1-1	1-1	True	14	0.408	0.938	loh	TP	TP
chr4	158171608	158181373	9765	2	2	0	14	nested_a_in_b	nested_a_in_b	1-1	1-1	True	18	0.898	0.911	loh	TP	TP
chr4	158996394	158997249	855	34	1	0	4	nested_a_in_b	nested_a_in_b	3	3	True	39	0.082	0.125	loh	FP	FP
chr4	159551159	159551369	210	28	2	0	2	nested_a_in_b	nested_a_in_b	2-1	2-1	True	32	0.061	0.147	loh	FP	FP
chr4	160592650	160593231	581	35	1	0	3	nested_a_in_b	nested_a_in_b	1-1	1-1	True	39	0.073	0.098	loh	FP	FP
chr4	162376577	162392265	15688	0	9	0	2	nested_a_in_b	nested_a_in_b	1-1	1-1	True	11	0.222	0.914	loh	FP	TP
chr4	162376611	162392265	15654	0	3	0	5	nested_a_in_b	nested_a_in_b	1-1	1-1	True	8	0.706	0.914	loh	FP	TP
chr4	164306025	164311121	5096	36	1	0	4	nested_a_in_b	nested_a_in_b	1-1	1-1	True	41	0.074	0.081	loh	FP	FP
chr4	164306025	164320657	14632	14	1	0	3	nested_a_in_b	nested_a_in_b	1-1	1-1	True	18	0.074	0.116	loh	FP	FP
chr4	167248247	167258940	10693	2	7	0	5	nested_a_in_b	nested_a_in_b	1-1	1-1	True	14	0.529	0.929	loh	TP	TP
chr4	172021810	172040271	18461	0	7	0	5	nested_a_in_b	nested_a_in_b	2-1	2-1	True	12	0.492	0.952	loh	TP	TP
chr4	174418570	174443584	25014	0	4	0	3	nested_a_in_b	nested_a_in_b	2-1	2-1	True	7	0.485	0.987	loh	TP	TP
chr4	175374700	175386665	11965	2	18	0	1	mutual_excl	nested_a_in_b	1-1	1-1	True	21	0.093	0.882	loh	FP	TP
chr4	175633113	175653794	20681	0	6	0	3	nested_a_in_b	nested_a_in_b	2-1	2-1	True	9	0.392	0.98	loh	TP	TP
chr4	178059050	178068261	9211	1	2	0	33	nested_a_in_b	nested_a_in_b	2-1	2-1	True	36	0.952	0.982	loh	TP	TP
chr4	178760728	178767126	6398	25	1	0	3	nested_a_in_b	nested_a_in_b	2-1	2-1	True	29	0.073	0.075	loh	FP	FP
chr4	178760728	178777205	16477	12	1	0	1	sparse	nested_a_in_b	2-1	2-1	True	14	0.073	0.071	loh	FP	FP
chr4	178773609	178777205	3596	39	1	0	3	nested_a_in_b	nested_a_in_b	2-1	2-1	True	43	0.066	0.071	loh	FP	FP
chr4	178773609	178783491	9882	20	1	0	2	nested_a_in_b	nested_a_in_b	2-1	2-1	True	23	0.066	0.089	loh	FP	FP
chr4	178773609	178784154	10545	16	1	0	2	nested_a_in_b	nested_a_in_b	2-1	2-1	True	19	0.066	0.098	loh	FP	FP
chr4	178773609	178785785	12176	16	1	0	2	nested_a_in_b	nested_a_in_b	2-1	2-1	True	19	0.066	0.088	loh	FP	FP
chr4	178773609	178785960	12351	14	2	0	2	nested_a_in_b	nested_a_in_b	2-1	2-1	True	18	0.066	0.107	loh	FP	FP
chr4	178777205	178785960	8755	20	1	0	3	nested_a_in_b	nested_a_in_b	2-1	2-1	True	24	0.071	0.107	loh	FP	FP
chr4	178783491	178785960	2469	38	1	0	5	nested_a_in_b	nested_a_in_b	2-1	2-1	True	44	0.089	0.107	loh	FP	FP
chr4	178784154	178785960	1806	43	1	0	5	nested_a_in_b	nested_a_in_b	2-1	2-1	True	49	0.098	0.107	loh	FP	FP
chr4	178785785	178785960	175	50	1	0	5	nested_a_in_b	nested_a_in_b	2-1	2-1	True	56	0.088	0.107	loh	FP	FP
chr4	181196562	181208647	12085	0	10	0	10	nested_a_in_b	nested_a_in_b	1-1	1-1	True	20	0.469	1.0	loh	TP	TP
chr4	189761845	189761879	34	50	2	0	5	nested_a_in_b	nested_a_in_b	1-1	1-1	True	57	0.088	0.148	loh	FP	FP
chr4	189761845	189761883	38	47	5	0	5	nested_a_in_b	nested_a_in_b	1-1	1-1	True	57	0.088	0.197	loh	FP	FP
chr4	189761879	189761883	4	49	3	0	9	nested_a_in_b	nested_a_in_b	1-1	1-1	True	61	0.148	0.197	loh	FP	FP
chr4	190108740	190110905	2165	359	1	0	32	nested_a_in_b	nested_a_in_b	1-1	1-1	True	392	0.093	0.094	neutral	TP	TP
chr4	190108740	190112507	3767	349	1	0	30	nested_a_in_b	nested_a_in_b	1-1	1-1	True	380	0.093	0.089	neutral	TP	TP
chr9	18375981	18394066	18085	8	1	0	8	nested_a_in_b	nested_a_in_b	1-1	1-1	True	17	0.366	0.412	loh	TP	TP
chr9	19573787	19602061	28274	0	2	0	4	nested_a_in_b	nested_a_in_b	1-1	1-1	True	6	0.511	0.891	loh	TP	TP
chr9	20396185	20405605	9420	0	11	0	9	nested_a_in_b	nested_a_in_b	2-1	2-1	True	20	0.356	0.933	loh	TP	TP
chr9	23071370	23097878	26508	2	1	0	4	nested_a_in_b	nested_a_in_b	1-1	1-1	True	7	0.481	0.51	loh	TP	TP
chr9	24356336	24377761	21425	0	6	0	5	nested_a_in_b	nested_a_in_b	1-1	1-1	True	11	0.551	1.0	loh	TP	TP
chr9	24887843	24902492	14649	1	2	0	14	nested_a_in_b	nested_a_in_b	1-1	1-1	True	17	0.9	0.969	loh	TP	TP
chr9	24887843	24906604	18761	0	1	0	11	nested_a_in_b	nested_a_in_b	1-1	1-1	True	12	0.9	1.0	loh	TP	TP
chr9	29828827	29830086	1259	0	1	0	33	nested_a_in_b	nested_a_in_b	1-1	1-1	True	34	0.976	1.0	loh	TP	TP
chr9	30375867	30375868	1	30	2	0	27	nested_a_in_b	nested_a_in_b	2-1	2-1	True	59	0.435	0.492	loh	TP	TP
chr9	112012048	112015766	3718	40	1	0	3	nested_a_in_b	nested_a_in_b	1-1	1-1	True	44	0.043	0.067	loh	FP	FP
chr9	113369792	113387662	17870	0	4	0	7	nested_a_in_b	nested_a_in_b	1-1	1-1	True	11	0.472	0.976	loh	TP	TP
chr9	113369792	113387776	17984	0	4	0	7	nested_a_in_b	nested_a_in_b	1-1	1-1	True	11	0.472	0.976	loh	TP	TP
chr9	115557582	115560815	3233	32	2	0	22	nested_a_in_b	nested_a_in_b	3	3	True	56	0.425	0.429	loh	TP	TP
chr9	116218945	116232221	13276	0	12	0	12	nested_a_in_b	nested_a_in_b	2-1	2-1	True	24	0.404	0.982	loh	TP	TP
chr9	124483186	124486174	2988	1	1	0	42	nested_a_in_b	nested_a_in_b	2-1	2-1	True	44	0.962	0.984	loh	TP	TP
chr9	127111302	127111816	514	49	2	0	6	nested_a_in_b	nested_a_in_b	1-1	1-1	True	57	0.1	0.145	loh	FP	FP
chr14	38793818	38827025	33207	0	4	0	2	nested_a_in_b	nested_a_in_b	1-1	1-1	True	6	0.468	0.986	loh	TP	TP
chr14	40501273	40525680	24407	0	8	0	1	mutual_excl	nested_a_in_b	2-1	2-1	True	9	0.364	0.983	loh	TP	TP
chr14	40597045	40613381	16336	0	5	0	5	nested_a_in_b	nested_a_in_b	2-1	2-1	True	10	0.451	0.959	loh	TP	TP
chr14	41906271	41927108	20837	0	4	0	2	nested_a_in_b	nested_a_in_b	1-1	1-1	True	6	0.444	0.984	loh	TP	TP
chr14	44466250	44485797	19547	0	1	0	14	nested_a_in_b	nested_a_in_b	2-1	2-1	True	15	0.965	0.983	loh	TP	TP
chr14	44671937	44681535	9598	0	1	0	27	nested_a_in_b	nested_a_in_b	2-1	2-1	True	28	0.98	0.969	loh	TP	TP
chr14	62014675	62026893	12218	1	1	0	30	nested_a_in_b	nested_a_in_b	2-1	2-1	True	32	0.94	0.987	loh	TP	TP
chr14	62964692	62984155	19463	0	2	0	15	nested_a_in_b	nested_a_in_b	2-1	2-1	True	17	0.927	0.916	loh	TP	TP
chr14	64038104	64060082	21978	0	5	0	2	nested_a_in_b	nested_a_in_b	1-1	1-1	True	7	0.083	1.0	loh	FP	TP
chr14	72108010	72118121	10111	1	11	0	12	nested_a_in_b	nested_a_in_b	2-1	2-1	True	24	0.474	0.935	loh	TP	TP
chr14	74091028	74091590	562	3	1	0	59	nested_a_in_b	nested_a_in_b	1-1	1-1	True	63	0.929	0.955	loh	TP	TP
chr14	74941125	74941511	386	61	2	0	46	nested_a_in_b	nested_a_in_b	1-1	1-1	True	109	0.422	0.456	loh	TP	TP
chr19	2103787	2118254	14467	1	5	0	4	nested_a_in_b	nested_a_in_b	1-1	1-1	True	10	0.425	0.891	loh	TP	TP
chr19	2299676	2300061	385	2	42	0	5	nested_a_in_b	nested_a_in_b	1-1	1-1	True	49	0.102	0.96	loh	FP	TP
chr19	3102316	3123263	20947	0	1	0	14	nested_a_in_b	nested_a_in_b	1-1	1-1	True	15	0.968	1.0	loh	TP	TP
chr19	3945001	3962152	17151	0	4	0	10	nested_a_in_b	nested_a_in_b	1-1	1-1	True	14	0.551	0.984	loh	TP	TP
chr19	3945454	3962152	16698	0	12	0	2	nested_a_in_b	nested_a_in_b	1-1	1-1	True	14	0.217	0.984	loh	FP	TP
chr19	4549792	4570875	21083	1	10	0	1	mutual_excl	nested_a_in_b	1-1	1-1	True	12	0.173	0.937	loh	FP	TP
chr19	4953087	4967388	14301	2	9	0	2	nested_a_in_b	nested_a_in_b	1-1	1-1	True	13	0.269	0.914	loh	TP	TP
chr19	6248682	6265502	16820	2	8	0	4	nested_a_in_b	nested_a_in_b	1-1	1-1	True	14	0.373	0.94	loh	TP	TP
chr19	6609894	6610503	609	0	28	0	16	nested_a_in_b	nested_a_in_b	3	3	True	44	0.378	1.0	loh	TP	TP
chr19	7524303	7529965	5662	0	14	0	20	nested_a_in_b	nested_a_in_b	1-1	1-1	True	34	0.528	0.94	loh	TP	TP
chr19	7524303	7544124	19821	0	3	0	7	nested_a_in_b	nested_a_in_b	1-1	1-1	True	10	0.528	0.963	loh	TP	TP
chr19	7529965	7544124	14159	2	1	0	12	nested_a_in_b	nested_a_in_b	1-1	1-1	True	15	0.94	0.963	loh	TP	TP
chr19	7558283	7576483	18200	0	6	0	4	nested_a_in_b	nested_a_in_b	1-1	1-1	True	10	0.525	0.981	loh	TP	TP
chr19	8503382	8537313	33931	0	6	0	3	nested_a_in_b	nested_a_in_b	2-1	2-1	True	9	0.415	0.947	loh	TP	TP
chr19	40651384	40659734	8350	4	15	0	16	nested_a_in_b	nested_a_in_b	1-1	1-1	True	35	0.455	0.901	loh	TP	TP
chr19	41619241	41626316	7075	0	1	0	20	nested_a_in_b	nested_a_in_b	1-1	1-1	True	21	0.978	0.957	loh	TP	TP
chr19	41664383	41674851	10468	3	9	0	8	nested_a_in_b	nested_a_in_b	1-1	1-1	True	20	0.431	0.884	loh	TP	TP
chr19	42613188	42617896	4708	0	20	0	21	nested_a_in_b	nested_a_in_b	3	3	True	41	0.549	0.982	loh	TP	TP
chr19	43198461	43204756	6295	1	11	0	13	nested_a_in_b	nested_a_in_b	1-1	1-1	True	25	0.491	0.926	loh	TP	TP
chr19	44828858	44850535	21677	5	2	0	3	nested_a_in_b	nested_a_in_b	1-1	1-1	True	10	0.373	0.38	loh	TP	TP
chr19	45618724	45621905	3181	31	1	0	3	nested_a_in_b	nested_a_in_b	2-1	2-1	True	35	0.073	0.1	loh	FP	FP
chr19	45618724	45623014	4290	28	1	0	2	nested_a_in_b	nested_a_in_b	2-1	2-1	True	31	0.073	0.132	loh	FP	FP
chr19	45621905	45631031	9126	17	1	0	1	sparse	nested_a_in_b	2-1	2-1	True	19	0.1	0.077	loh	FP	FP
chr19	45623014	45631031	8017	18	1	0	1	sparse	nested_a_in_b	2-1	2-1	True	20	0.132	0.077	loh	FP	FP
chr19	45939646	45960597	20951	0	7	0	4	nested_a_in_b	nested_a_in_b	2-1	2-1	True	11	0.393	0.967	loh	TP	TP
chr19	51782649	51787854	5205	15	1	0	29	nested_a_in_b	nested_a_in_b	2-1	2-1	True	45	0.608	0.606	loh	TP	TP
chr19	51782649	51805528	22879	6	1	0	12	nested_a_in_b	nested_a_in_b	2-1	2-1	True	19	0.608	0.632	loh	TP	TP
chr19	54063130	54063131	1	44	4	0	24	nested_a_in_b	nested_a_in_b	2-1	2-1	True	72	0.333	0.389	loh	TP	TP
chr19	56626353	56656869	30516	1	3	0	3	nested_a_in_b	nested_a_in_b	1-1	1-1	True	7	0.319	0.556	loh	TP	TP
chr19	57195772	57213066	17294	1	13	0	9	nested_a_in_b	nested_a_in_b	2-1	2-1	True	23	0.388	0.942	loh	TP	TP
chr5	50873519	50895438	21919	0	3	0	4	nested_a_in_b	nested_a_in_b	2-1	2-1	True	7	0.547	0.962	loh	TP	TP
chr5	50876004	50895438	19434	0	6	0	3	nested_a_in_b	nested_a_in_b	2-1	2-1	True	9	0.533	0.962	loh	TP	TP
chr5	60536738	60553511	16773	0	4	0	9	nested_a_in_b	nested_a_in_b	1-1	1-1	True	13	0.544	0.985	loh	TP	TP
chr5	60538592	60553511	14919	0	1	0	14	nested_a_in_b	nested_a_in_b	1-1	1-1	True	15	0.983	0.985	loh	TP	TP
chr5	64276850	64294315	17465	6	6	0	1	mutual_excl	nested_a_in_b	1-1	1-1	True	13	0.122	0.562	loh	FP	TP
chr5	65304843	65317878	13035	1	11	0	3	nested_a_in_b	nested_a_in_b	2-1	2-1	True	15	0.123	0.964	loh	FP	TP
chr5	68981884	69004627	22743	1	1	0	9	nested_a_in_b	nested_a_in_b	1-1	1-1	True	11	0.964	0.94	loh	TP	TP
chr5	72534548	72541165	6617	1	25	0	3	nested_a_in_b	nested_a_in_b	1-1	1-1	True	29	0.127	0.967	loh	TP	TP
chr5	72538616	72541165	2549	1	31	0	10	nested_a_in_b	nested_a_in_b	1-1	1-1	True	42	0.222	0.967	loh	FP	TP
chr5	73134857	73150144	15287	0	5	0	5	nested_a_in_b	nested_a_in_b	2-1	2-1	True	10	0.55	0.983	loh	TP	TP
chr5	73134857	73150145	15288	0	5	0	5	nested_a_in_b	nested_a_in_b	2-1	2-1	True	10	0.55	1.0	loh	TP	TP
chr5	73150144	73150145	1	0	1	0	59	nested_a_in_b	nested_a_in_b	2-1	2-1	True	60	0.983	1.0	loh	TP	TP
chr5	73150144	73179537	29393	0	1	0	8	nested_a_in_b	nested_a_in_b	2-1	2-1	True	9	0.983	0.949	loh	TP	TP
chr5	73285870	73305141	19271	0	7	0	7	nested_a_in_b	nested_a_in_b	2-1	2-1	True	14	0.547	0.943	loh	TP	TP
chr5	73285870	73305142	19272	0	7	0	7	nested_a_in_b	nested_a_in_b	2-1	2-1	True	14	0.547	0.945	loh	TP	TP
chr5	74978122	74978123	1	6	2	0	45	nested_a_in_b	nested_a_in_b	2-1	2-1	True	53	0.849	0.873	loh	TP	TP
chr5	75029008	75033677	4669	6	15	0	1	mutual_excl	nested_a_in_b	2-1	2-1	True	22	0.152	0.705	loh	FP	TP
chr5	76154248	76175091	20843	0	5	0	1	mutual_excl	nested_a_in_b	1-1	1-1	True	6	0.523	0.881	loh	TP	TP
chr5	76154248	76175092	20844	1	5	0	1	mutual_excl	nested_a_in_b	1-1	1-1	True	7	0.523	0.841	loh	TP	TP
chr5	78231990	78256950	24960	0	6	0	2	nested_a_in_b	nested_a_in_b	1-1	1-1	True	8	0.431	0.984	loh	TP	TP
chr5	78717091	78722270	5179	0	22	0	19	nested_a_in_b	nested_a_in_b	1-1	1-1	True	41	0.459	0.984	loh	TP	TP
chr5	82399030	82412257	13227	0	10	0	7	nested_a_in_b	nested_a_in_b	2-1	2-1	True	17	0.534	0.957	loh	TP	TP
chr5	82892283	82909615	17332	1	6	0	8	nested_a_in_b	nested_a_in_b	2-1	2-1	True	15	0.492	0.981	loh	TP	TP
chr5	83511229	83511230	1	29	2	0	23	nested_a_in_b	nested_a_in_b	1-1	1-1	True	54	0.426	0.463	loh	TP	TP
chr5	83700582	83710260	9678	0	11	0	9	nested_a_in_b	nested_a_in_b	2-1	2-1	True	20	0.463	0.983	loh	TP	TP
chr5	89649339	89655991	6652	1	14	0	16	nested_a_in_b	nested_a_in_b	1-1	1-1	True	31	0.527	0.98	loh	TP	TP
chr5	90234134	90239693	5559	1	19	0	19	nested_a_in_b	nested_a_in_b	1-1	1-1	True	39	0.476	0.951	loh	TP	TP
chr5	95434531	95438094	3563	2	21	0	15	nested_a_in_b	nested_a_in_b	2-1	2-1	True	38	0.421	0.955	loh	TP	TP
chr5	98487791	98497144	9353	16	1	0	12	nested_a_in_b	nested_a_in_b	2-1	2-1	True	29	0.313	0.478	loh	TP	TP
chr5	99288426	99292130	3704	1	25	0	20	nested_a_in_b	nested_a_in_b	2-1	2-1	True	46	0.467	0.983	loh	TP	TP
chr5	102090218	102090219	1	29	1	0	21	nested_a_in_b	nested_a_in_b	2-1	2-1	True	51	0.404	0.423	loh	TP	TP
chr5	109588573	109589113	540	33	2	0	6	nested_a_in_b	nested_a_in_b	1-1	1-1	True	41	0.143	0.19	loh	FP	FP
chr5	109588573	109589392	819	30	1	0	6	nested_a_in_b	nested_a_in_b	1-1	1-1	True	37	0.143	0.171	loh	FP	FP
chr5	113137184	113156896	19712	0	8	0	5	nested_a_in_b	nested_a_in_b	1-1	1-1	True	13	0.265	0.984	loh	TP	TP
chr5	113855568	113860107	4539	1	9	0	18	nested_a_in_b	nested_a_in_b	1-1	1-1	True	28	0.565	0.963	loh	TP	TP
chr5	113861771	113871062	9291	1	8	0	14	nested_a_in_b	nested_a_in_b	1-1	1-1	True	23	0.617	0.952	loh	TP	TP
chr5	114047200	114059483	12283	0	1	0	22	nested_a_in_b	nested_a_in_b	1-1	1-1	True	23	0.964	1.0	loh	TP	TP
chr5	114058046	114059483	1437	0	35	0	24	nested_a_in_b	nested_a_in_b	1-1	1-1	True	59	0.415	1.0	loh	TP	TP
chr5	114355114	114378433	23319	2	7	0	2	nested_a_in_b	nested_a_in_b	1-1	1-1	True	11	0.377	0.939	loh	TP	TP
chr5	114375978	114378433	2455	3	32	0	2	nested_a_in_b	nested_a_in_b	1-1	1-1	True	37	0.055	0.939	loh	FP	TP
chr5	115151620	115151639	19	2	4	0	59	nested_a_in_b	nested_a_in_b	1-1	1-1	True	65	0.91	0.97	loh	TP	TP
chr5	115536069	115549090	13021	1	5	0	12	nested_a_in_b	nested_a_in_b	1-1	1-1	True	18	0.571	0.983	loh	TP	TP
chr5	115787162	115797923	10761	2	14	0	15	nested_a_in_b	nested_a_in_b	1-1	1-1	True	31	0.383	0.92	loh	TP	TP
chr5	116101979	116102763	784	36	1	0	4	nested_a_in_b	nested_a_in_b	1-1	1-1	True	41	0.085	0.109	loh	FP	FP
chr5	119531597	119555082	23485	7	4	0	1	mutual_excl	nested_a_in_b	1-1	1-1	True	12	0.129	0.544	loh	FP	TP
chr5	121064864	121080512	15648	1	1	0	23	nested_a_in_b	nested_a_in_b	1-1	1-1	True	25	0.902	0.929	loh	TP	TP
chr5	125051879	125078092	26213	0	4	0	5	nested_a_in_b	nested_a_in_b	2-1	2-1	True	9	0.554	1.0	loh	TP	TP
chr5	129641570	129663960	22390	0	4	0	2	nested_a_in_b	nested_a_in_b	1-1	1-1	True	6	0.475	1.0	loh	TP	TP
chr5	130196356	130203092	6736	0	13	0	11	nested_a_in_b	nested_a_in_b	1-1	1-1	True	24	0.455	1.0	loh	TP	TP
chr5	130196356	130203765	7409	2	11	0	11	nested_a_in_b	nested_a_in_b	1-1	1-1	True	24	0.455	0.914	loh	TP	TP
chr5	138103492	138103523	31	3	22	0	22	nested_a_in_b	nested_a_in_b	2-1	2-1	True	47	0.458	0.936	loh	TP	TP
chr5	139095924	139099235	3311	1	3	0	38	nested_a_in_b	nested_a_in_b	1-1	1-1	True	42	0.889	0.981	loh	TP	TP
chr5	162107450	162110229	2779	15	21	0	14	nested_a_in_b	nested_a_in_b	2-1	2-1	True	50	0.328	0.667	loh	TP	TP
chr5	162604952	162612474	7522	1	26	0	9	nested_a_in_b	nested_a_in_b	2-1	2-1	True	36	0.268	0.974	loh	TP	TP
chr5	163688378	163688379	1	54	2	0	28	nested_a_in_b	nested_a_in_b	2-1	2-1	True	84	0.322	0.365	loh	TP	TP
chr5	166489441	166495839	6398	15	15	0	8	nested_a_in_b	nested_a_in_b	1-1	1-1	True	38	0.253	0.595	loh	TP	TP
chr5	168197379	168209128	11749	13	17	0	1	mutual_excl	nested_a_in_b	2-1	2-1	True	31	0.048	0.45	loh	FP	TP
chr5	172035270	172049731	14461	2	14	0	9	nested_a_in_b	nested_a_in_b	1-1	1-1	True	25	0.321	0.934	loh	TP	TP
chr5	173280082	173296936	16854	4	6	0	6	nested_a_in_b	nested_a_in_b	1-1	1-1	True	16	0.304	0.697	loh	TP	TP
chr5	174146452	174163124	16672	1	14	0	6	nested_a_in_b	nested_a_in_b	1-1	1-1	True	21	0.309	0.92	loh	TP	TP
chr5	175946003	175946428	425	63	2	0	28	nested_a_in_b	nested_a_in_b	1-1	1-1	True	93	0.303	0.319	loh	FP	FP
chr5	177454599	177463804	9205	4	12	0	34	nested_a_in_b	nested_a_in_b	2-1	2-1	True	50	0.653	0.952	loh	TP	TP
chr5	177460555	177463804	3249	4	48	0	14	nested_a_in_b	nested_a_in_b	2-1	2-1	True	66	0.228	0.952	loh	TP	TP
chr5	177460556	177463804	3248	4	50	0	14	nested_a_in_b	nested_a_in_b	2-1	2-1	True	68	0.222	0.952	loh	TP	TP
chr5	178839731	178855854	16123	14	1	0	14	nested_a_in_b	nested_a_in_b	2-1	2-1	True	29	0.549	0.617	loh	TP	TP
chr5	178839731	178862561	22830	0	11	0	9	nested_a_in_b	nested_a_in_b	2-1	2-1	True	20	0.549	1.0	loh	TP	TP
chr5	178855854	178862561	6707	0	24	0	30	nested_a_in_b	nested_a_in_b	2-1	2-1	True	54	0.617	1.0	loh	TP	TP
chr5	180304403	180330640	26237	1	9	0	1	mutual_excl	nested_a_in_b	1-1	1-1	True	11	0.269	0.935	loh	TP	TP
chr5	180376425	180385109	8684	14	1	0	12	nested_a_in_b	nested_a_in_b	1-1	1-1	True	27	0.284	0.345	loh	TP	TP
chr10	1565567	1571179	5612	0	13	0	20	nested_a_in_b	nested_a_in_b	1-1	1-1	True	33	0.612	0.983	loh	TP	TP
chr10	1637176	1647913	10737	1	19	0	7	nested_a_in_b	nested_a_in_b	1-1	1-1	True	27	0.3	0.964	loh	TP	TP
chr10	1696649	1712309	15660	0	9	0	12	nested_a_in_b	nested_a_in_b	1-1	1-1	True	21	0.491	0.951	loh	TP	TP
chr10	2591173	2608650	17477	0	1	0	13	nested_a_in_b	nested_a_in_b	2-1	2-1	True	14	0.971	0.953	loh	TP	TP
chr10	4402925	4408456	5531	38	2	0	2	nested_a_in_b	nested_a_in_b	3	3	True	42	0.036	0.081	loh	FP	FP
chr10	4403357	4408456	5099	38	2	0	3	nested_a_in_b	nested_a_in_b	3	3	True	43	0.054	0.081	loh	FP	FP
chr10	4403551	4408456	4905	39	2	0	3	nested_a_in_b	nested_a_in_b	3	3	True	44	0.053	0.081	loh	FP	FP
chr10	8992652	9002220	9568	0	10	0	8	nested_a_in_b	nested_a_in_b	2-1	2-1	True	18	0.379	0.979	loh	TP	TP
chr10	11815399	11823264	7865	1	11	0	12	nested_a_in_b	nested_a_in_b	2-1	2-1	True	24	0.434	0.942	loh	TP	TP
chr10	13005082	13027428	22346	1	12	0	3	nested_a_in_b	nested_a_in_b	2-1	2-1	True	16	0.094	0.956	loh	FP	TP
chr10	13740500	13760920	20420	0	4	0	5	nested_a_in_b	nested_a_in_b	2-1	2-1	True	9	0.469	0.981	loh	TP	TP
chr10	13849707	13850223	516	4	32	0	15	nested_a_in_b	nested_a_in_b	2-1	2-1	True	51	0.298	0.927	loh	TP	TP
chr10	14028621	14033533	4912	0	5	0	40	nested_a_in_b	nested_a_in_b	2-1	2-1	True	45	0.889	1.0	loh	TP	TP
chr10	16084877	16099545	14668	1	2	0	19	nested_a_in_b	nested_a_in_b	1-1	1-1	True	22	0.914	0.984	loh	TP	TP
chr10	17247636	17247637	1	31	1	0	17	nested_a_in_b	nested_a_in_b	2-1	2-1	True	49	0.321	0.36	loh	TP	TP
chr10	18678330	18680490	2160	0	28	0	15	nested_a_in_b	nested_a_in_b	2-1	2-1	True	43	0.389	1.0	loh	TP	TP
chr10	19017296	19033680	16384	0	7	0	4	nested_a_in_b	nested_a_in_b	2-1	2-1	True	11	0.464	1.0	loh	TP	TP
chr10	20153966	20172416	18450	0	10	0	4	nested_a_in_b	nested_a_in_b	2-1	2-1	True	14	0.442	0.982	loh	TP	TP
chr10	21818749	21824092	5343	1	9	0	19	nested_a_in_b	nested_a_in_b	1-1	1-1	True	29	0.615	0.963	loh	TP	TP
chr10	23798405	23802190	3785	0	2	0	27	nested_a_in_b	nested_a_in_b	1-1	1-1	True	29	0.953	1.0	loh	TP	TP
chr10	25919150	25932356	13206	1	15	0	1	mutual_excl	nested_a_in_b	2-1	2-1	True	17	0.059	0.941	loh	FP	TP
chr10	63702320	63704033	1713	0	47	0	2	nested_a_in_b	nested_a_in_b	2-1	2-1	True	49	0.031	0.984	loh	FP	TP
chr10	65226050	65231844	5794	9	1	0	11	nested_a_in_b	nested_a_in_b	2-1	2-1	True	21	0.5	0.583	loh	TP	TP
chr10	66109084	66126573	17489	2	8	0	9	nested_a_in_b	nested_a_in_b	1-1	1-1	True	19	0.439	0.932	loh	TP	TP
chr10	66569257	66584164	14907	10	1	0	9	nested_a_in_b	nested_a_in_b	1-1	1-1	True	20	0.5	0.456	loh	TP	TP
chr10	67032492	67039856	7364	24	1	0	2	nested_a_in_b	nested_a_in_b	1-1	1-1	True	27	0.075	0.082	loh	FP	FP
chr10	67033544	67033983	439	36	1	0	3	nested_a_in_b	nested_a_in_b	1-1	1-1	True	40	0.07	0.091	loh	FP	FP
chr10	67033544	67039856	6312	24	1	0	2	nested_a_in_b	nested_a_in_b	1-1	1-1	True	27	0.07	0.082	loh	FP	FP
chr10	67033983	67039856	5873	26	1	0	2	nested_a_in_b	nested_a_in_b	1-1	1-1	True	29	0.091	0.082	loh	FP	FP
chr10	69191920	69191921	1	31	1	0	33	nested_a_in_b	nested_a_in_b	2-1	2-1	True	65	0.508	0.523	loh	TP	TP
chr10	69308253	69327127	18874	0	5	0	4	nested_a_in_b	nested_a_in_b	2-1	2-1	True	9	0.28	0.923	loh	TP	TP
chr10	70514342	70515910	1568	1	19	0	22	nested_a_in_b	nested_a_in_b	2-1	2-1	True	42	0.509	0.979	loh	TP	TP
chr10	78930065	78932874	2809	1	32	0	16	nested_a_in_b	nested_a_in_b	2-1	2-1	True	49	0.333	0.984	loh	TP	TP
chr10	86009126	86016797	7671	0	13	0	20	nested_a_in_b	nested_a_in_b	1-1	1-1	True	33	0.615	0.982	loh	TP	TP
chr10	86009126	86017895	8769	0	12	0	20	nested_a_in_b	nested_a_in_b	1-1	1-1	True	32	0.615	0.983	loh	TP	TP
chr10	86011155	86016797	5642	0	38	0	1	mutual_excl	nested_a_in_b	1-1	1-1	True	39	0.093	0.982	loh	FP	TP
chr10	86011155	86017895	6740	0	36	0	1	mutual_excl	nested_a_in_b	1-1	1-1	True	37	0.093	0.983	loh	FP	TP
chr10	88989478	88994803	5325	1	18	0	12	nested_a_in_b	nested_a_in_b	2-1	2-1	True	31	0.327	0.98	loh	TP	TP
chr10	92078128	92089291	11163	0	12	0	7	nested_a_in_b	nested_a_in_b	1-1	1-1	True	19	0.471	0.933	loh	TP	TP
chr10	94078889	94084464	5575	2	14	0	14	nested_a_in_b	nested_a_in_b	2-1	2-1	True	30	0.518	0.963	loh	TP	TP
chr10	97249287	97249473	186	52	2	0	2	nested_a_in_b	nested_a_in_b	1-1	1-1	True	56	0.034	0.071	loh	FP	FP
chr10	98310284	98313774	3490	5	25	0	7	nested_a_in_b	nested_a_in_b	2-1	2-1	True	37	0.135	0.851	loh	TP	TP
chr10	99035284	99035285	1	27	1	0	29	nested_a_in_b	nested_a_in_b	2-1	2-1	True	57	0.509	0.533	loh	TP	TP
chr10	99967582	99967609	27	0	3	0	50	nested_a_in_b	nested_a_in_b	3	3	True	53	0.944	1.0	loh	TP	TP
chr10	102021876	102022152	276	1	5	0	62	nested_a_in_b	nested_a_in_b	2-1	2-1	True	68	0.903	0.972	loh	TP	TP
chr10	103688837	103690565	1728	0	1	0	43	nested_a_in_b	nested_a_in_b	2-1	2-1	True	44	0.981	1.0	loh	TP	TP
chr10	105435553	105452654	17101	0	12	0	5	nested_a_in_b	nested_a_in_b	1-1	1-1	True	17	0.472	1.0	loh	TP	TP
chr10	107659640	107674121	14481	0	9	0	7	nested_a_in_b	nested_a_in_b	2-1	2-1	True	16	0.491	1.0	loh	TP	TP
chr10	108439944	108471050	31106	0	3	0	3	nested_a_in_b	nested_a_in_b	2-1	2-1	True	6	0.522	0.95	loh	TP	TP
chr10	111030565	111055861	25296	0	6	0	5	nested_a_in_b	nested_a_in_b	1-1	1-1	True	11	0.507	0.928	loh	TP	TP
chr10	111030565	111056521	25956	1	5	0	4	nested_a_in_b	nested_a_in_b	1-1	1-1	True	10	0.507	0.931	loh	TP	TP
chr10	111169025	111175002	5977	3	1	0	24	nested_a_in_b	nested_a_in_b	1-1	1-1	True	28	0.889	0.948	loh	TP	TP
chr10	115193916	115196669	2753	0	1	0	44	nested_a_in_b	nested_a_in_b	2-1	2-1	True	45	0.984	0.983	loh	TP	TP
chr10	117855375	117859312	3937	0	25	0	16	nested_a_in_b	nested_a_in_b	1-1	1-1	True	41	0.414	1.0	loh	TP	TP
chr10	125007013	125014690	7677	2	31	0	24	nested_a_in_b	nested_a_in_b	1-1	1-1	True	57	0.412	0.983	loh	TP	TP
chr10	125012625	125014690	2065	2	47	0	42	nested_a_in_b	nested_a_in_b	1-1	1-1	True	91	0.491	0.983	loh	TP	TP
chr10	132134725	132163377	28652	6	3	0	1	mutual_excl	nested_a_in_b	1-1	1-1	True	10	0.245	0.427	loh	TP	TP
chr15	17079385	17079546	161	59	1	0	13	nested_a_in_b	nested_a_in_b	1-1	1-1	True	73	0.177	0.231	neutral	FP	FP
chr15	25771456	25781595	10139	0	1	0	18	nested_a_in_b	nested_a_in_b	1-1	1-1	True	19	0.922	1.0	loh	TP	TP
chr15	27306194	27306470	276	40	1	0	14	nested_a_in_b	nested_a_in_b	2-1	2-1	True	55	0.254	0.263	loh	FP	FP
chr15	27306196	27306417	221	41	1	0	11	nested_a_in_b	nested_a_in_b	1-1	1-1	True	53	0.233	0.222	loh	FP	FP
chr15	27306214	27306470	256	41	1	0	14	nested_a_in_b	nested_a_in_b	2-1	2-1	True	56	0.25	0.263	loh	FP	FP
chr15	27306234	27306470	236	41	1	0	14	nested_a_in_b	nested_a_in_b	2-1	2-1	True	56	0.25	0.263	loh	FP	FP
chr15	27306278	27306417	139	40	1	0	11	nested_a_in_b	nested_a_in_b	1-1	1-1	True	52	0.241	0.222	loh	FP	FP
chr15	27306311	27306470	159	41	4	0	10	nested_a_in_b	nested_a_in_b	2-1	2-1	True	55	0.179	0.263	loh	FP	FP
chr15	27306311	27306522	211	43	3	0	10	nested_a_in_b	nested_a_in_b	2-1	2-1	True	56	0.179	0.254	loh	FP	FP
chr15	29833501	29835375	1874	3	40	0	21	nested_a_in_b	nested_a_in_b	2-1	2-1	True	64	0.347	0.961	loh	TP	TP
chr15	35813924	35837975	24051	0	7	0	1	mutual_excl	nested_a_in_b	2-1	2-1	True	8	0.216	0.978	loh	FP	TP
chr15	35896604	35903678	7074	0	9	0	14	nested_a_in_b	nested_a_in_b	2-1	2-1	True	23	0.566	1.0	loh	TP	TP
chr15	38251066	38269368	18302	0	8	0	5	nested_a_in_b	nested_a_in_b	1-1	1-1	True	13	0.37	0.968	loh	TP	TP
chr15	38625183	38625185	2	42	11	0	9	nested_a_in_b	nested_a_in_b	1-1	1-1	True	62	0.143	0.373	loh	FP	FP
chr15	39075213	39097424	22211	0	1	0	6	nested_a_in_b	nested_a_in_b	2-1	2-1	True	7	0.922	0.927	loh	TP	TP
chr15	40622779	40638845	16066	0	13	0	8	nested_a_in_b	nested_a_in_b	1-1	1-1	True	21	0.483	0.985	loh	TP	TP
chr15	40622780	40638845	16065	0	13	0	9	nested_a_in_b	nested_a_in_b	1-1	1-1	True	22	0.492	0.985	loh	TP	TP
chr15	44671249	44681388	10139	2	9	0	15	nested_a_in_b	nested_a_in_b	1-1	1-1	True	26	0.5	0.969	loh	TP	TP
chr15	44671249	44700498	29249	0	3	0	5	nested_a_in_b	nested_a_in_b	1-1	1-1	True	8	0.5	1.0	loh	TP	TP
chr15	44681388	44700498	19110	0	1	0	16	nested_a_in_b	nested_a_in_b	1-1	1-1	True	17	0.969	1.0	loh	TP	TP
chr15	46223845	46229076	5231	2	1	0	20	nested_a_in_b	nested_a_in_b	1-1	1-1	True	23	0.894	0.962	loh	TP	TP
chr15	46223845	46241844	17999	0	1	0	9	nested_a_in_b	nested_a_in_b	1-1	1-1	True	10	0.894	0.981	loh	TP	TP
chr15	46223845	46242876	19031	0	1	0	8	nested_a_in_b	nested_a_in_b	1-1	1-1	True	9	0.894	0.959	loh	TP	TP
chr15	46223845	46244613	20768	0	1	0	7	nested_a_in_b	nested_a_in_b	1-1	1-1	True	8	0.894	0.943	loh	TP	TP
chr15	46223845	46244718	20873	0	1	0	7	nested_a_in_b	nested_a_in_b	1-1	1-1	True	8	0.894	0.939	loh	TP	TP
chr15	46223845	46250127	26282	0	1	0	6	nested_a_in_b	nested_a_in_b	1-1	1-1	True	7	0.894	0.971	loh	TP	TP
chr15	46223845	46250384	26539	0	1	0	6	nested_a_in_b	nested_a_in_b	1-1	1-1	True	7	0.894	0.972	loh	TP	TP
chr15	46223845	46250598	26753	0	1	0	5	nested_a_in_b	nested_a_in_b	1-1	1-1	True	6	0.894	0.972	loh	TP	TP
chr15	46223845	46250652	26807	0	1	0	5	nested_a_in_b	nested_a_in_b	1-1	1-1	True	6	0.894	0.971	loh	TP	TP
chr15	46228504	46229076	572	2	3	0	38	nested_a_in_b	nested_a_in_b	1-1	1-1	True	43	0.898	0.962	loh	TP	TP
chr15	46228504	46241844	13340	0	1	0	15	nested_a_in_b	nested_a_in_b	1-1	1-1	True	16	0.898	0.981	loh	TP	TP
chr15	46228504	46242876	14372	0	1	0	13	nested_a_in_b	nested_a_in_b	1-1	1-1	True	14	0.898	0.959	loh	TP	TP
chr15	46228504	46244613	16109	0	1	0	12	nested_a_in_b	nested_a_in_b	1-1	1-1	True	13	0.898	0.943	loh	TP	TP
chr15	46228504	46244718	16214	0	1	0	12	nested_a_in_b	nested_a_in_b	1-1	1-1	True	13	0.898	0.939	loh	TP	TP
chr15	46228504	46250127	21623	0	1	0	10	nested_a_in_b	nested_a_in_b	1-1	1-1	True	11	0.898	0.971	loh	TP	TP
chr15	46228504	46250384	21880	0	1	0	10	nested_a_in_b	nested_a_in_b	1-1	1-1	True	11	0.898	0.972	loh	TP	TP
chr15	46228504	46250598	22094	0	1	0	9	nested_a_in_b	nested_a_in_b	1-1	1-1	True	10	0.898	0.972	loh	TP	TP
chr15	46228504	46250652	22148	0	1	0	9	nested_a_in_b	nested_a_in_b	1-1	1-1	True	10	0.898	0.971	loh	TP	TP
chr15	46228504	46251887	23383	0	1	0	5	nested_a_in_b	nested_a_in_b	1-1	1-1	True	6	0.898	0.956	loh	TP	TP
chr15	46228504	46252731	24227	0	1	0	6	nested_a_in_b	nested_a_in_b	1-1	1-1	True	7	0.898	0.959	loh	TP	TP
chr15	46228504	46253842	25338	0	1	0	5	nested_a_in_b	nested_a_in_b	1-1	1-1	True	6	0.898	0.958	loh	TP	TP
chr15	46241844	46250127	8283	0	1	0	28	nested_a_in_b	nested_a_in_b	1-1	1-1	True	29	0.981	0.971	loh	TP	TP
chr15	46242669	46242876	207	1	3	0	38	nested_a_in_b	nested_a_in_b	1-1	1-1	True	42	0.911	0.959	loh	TP	TP
chr15	46242669	46244718	2049	1	3	0	30	nested_a_in_b	nested_a_in_b	1-1	1-1	True	34	0.911	0.939	loh	TP	TP
chr15	46242669	46245739	3070	2	2	0	30	nested_a_in_b	nested_a_in_b	1-1	1-1	True	34	0.911	0.935	loh	TP	TP
chr15	46242669	46250127	7458	0	4	0	27	nested_a_in_b	nested_a_in_b	1-1	1-1	True	31	0.911	0.971	loh	TP	TP
chr15	46242669	46250384	7715	1	3	0	27	nested_a_in_b	nested_a_in_b	1-1	1-1	True	31	0.911	0.972	loh	TP	TP
chr15	46242669	46250598	7929	1	3	0	25	nested_a_in_b	nested_a_in_b	1-1	1-1	True	29	0.911	0.972	loh	TP	TP
chr15	46242669	46250652	7983	1	3	0	25	nested_a_in_b	nested_a_in_b	1-1	1-1	True	29	0.911	0.971	loh	TP	TP
chr15	46242669	46251887	9218	1	3	0	21	nested_a_in_b	nested_a_in_b	1-1	1-1	True	25	0.911	0.956	loh	TP	TP
chr15	46242669	46252731	10062	1	2	0	22	nested_a_in_b	nested_a_in_b	1-1	1-1	True	25	0.911	0.959	loh	TP	TP
chr15	46242669	46253842	11173	1	3	0	19	nested_a_in_b	nested_a_in_b	1-1	1-1	True	23	0.911	0.958	loh	TP	TP
chr15	46242669	46254685	12016	1	3	0	14	nested_a_in_b	nested_a_in_b	1-1	1-1	True	18	0.911	0.932	loh	TP	TP
chr15	46242669	46261643	18974	0	2	0	9	nested_a_in_b	nested_a_in_b	1-1	1-1	True	11	0.911	0.934	loh	TP	TP
chr15	46242876	46250127	7251	1	1	0	30	nested_a_in_b	nested_a_in_b	1-1	1-1	True	32	0.959	0.971	loh	TP	TP
chr15	46244613	46250127	5514	1	2	0	34	nested_a_in_b	nested_a_in_b	1-1	1-1	True	37	0.943	0.971	loh	TP	TP
chr15	46244613	46250384	5771	2	1	0	35	nested_a_in_b	nested_a_in_b	1-1	1-1	True	38	0.943	0.972	loh	TP	TP
chr15	46244613	46250598	5985	2	1	0	33	nested_a_in_b	nested_a_in_b	1-1	1-1	True	36	0.943	0.972	loh	TP	TP
chr15	46244613	46250652	6039	2	1	0	33	nested_a_in_b	nested_a_in_b	1-1	1-1	True	36	0.943	0.971	loh	TP	TP
chr15	46244718	46250127	5409	1	1	0	35	nested_a_in_b	nested_a_in_b	1-1	1-1	True	37	0.939	0.971	loh	TP	TP
chr15	46245092	46250127	5035	1	2	0	35	nested_a_in_b	nested_a_in_b	1-1	1-1	True	38	0.942	0.971	loh	TP	TP
chr15	46245092	46250384	5292	2	1	0	36	nested_a_in_b	nested_a_in_b	1-1	1-1	True	39	0.942	0.972	loh	TP	TP
chr15	46245092	46250598	5506	2	1	0	34	nested_a_in_b	nested_a_in_b	1-1	1-1	True	37	0.942	0.972	loh	TP	TP
chr15	46245092	46250652	5560	2	1	0	34	nested_a_in_b	nested_a_in_b	1-1	1-1	True	37	0.942	0.971	loh	TP	TP
chr15	46245739	46250127	4388	1	2	0	42	nested_a_in_b	nested_a_in_b	1-1	1-1	True	45	0.935	0.971	loh	TP	TP
chr15	46245739	46250384	4645	2	1	0	43	nested_a_in_b	nested_a_in_b	1-1	1-1	True	46	0.935	0.972	loh	TP	TP
chr15	46245739	46250598	4859	2	1	0	41	nested_a_in_b	nested_a_in_b	1-1	1-1	True	44	0.935	0.972	loh	TP	TP
chr15	46245739	46250652	4913	2	1	0	41	nested_a_in_b	nested_a_in_b	1-1	1-1	True	44	0.935	0.971	loh	TP	TP
chr15	46245739	46252731	6992	2	1	0	33	nested_a_in_b	nested_a_in_b	1-1	1-1	True	36	0.935	0.959	loh	TP	TP
chr15	46245739	46254685	8946	2	1	0	25	nested_a_in_b	nested_a_in_b	1-1	1-1	True	28	0.935	0.932	loh	TP	TP
chr15	46252731	46266017	13286	0	1	0	25	nested_a_in_b	nested_a_in_b	1-1	1-1	True	26	0.959	0.96	loh	TP	TP
chr15	46252731	46267541	14810	0	1	0	21	nested_a_in_b	nested_a_in_b	1-1	1-1	True	22	0.959	0.974	loh	TP	TP
chr15	46252731	46277512	24781	0	1	0	9	nested_a_in_b	nested_a_in_b	1-1	1-1	True	10	0.959	0.986	loh	TP	TP
chr15	46253842	46266017	12175	0	1	0	28	nested_a_in_b	nested_a_in_b	1-1	1-1	True	29	0.958	0.96	loh	TP	TP
chr15	46253842	46267541	13699	0	1	0	25	nested_a_in_b	nested_a_in_b	1-1	1-1	True	26	0.958	0.974	loh	TP	TP
chr15	46254685	46266017	11332	0	1	0	30	nested_a_in_b	nested_a_in_b	1-1	1-1	True	31	0.932	0.96	loh	TP	TP
chr15	46254685	46267541	12856	0	1	0	26	nested_a_in_b	nested_a_in_b	1-1	1-1	True	27	0.932	0.974	loh	TP	TP
chr15	46254685	46277512	22827	0	1	0	12	nested_a_in_b	nested_a_in_b	1-1	1-1	True	13	0.932	0.986	loh	TP	TP
chr15	46261643	46267541	5898	1	2	0	36	nested_a_in_b	nested_a_in_b	1-1	1-1	True	39	0.934	0.974	loh	TP	TP
chr15	46261643	46277512	15869	0	1	0	21	nested_a_in_b	nested_a_in_b	1-1	1-1	True	22	0.934	0.986	loh	TP	TP
chr15	46266017	46267541	1524	2	1	0	60	nested_a_in_b	nested_a_in_b	1-1	1-1	True	63	0.96	0.974	loh	TP	TP
chr15	46266017	46277512	11495	1	1	0	32	nested_a_in_b	nested_a_in_b	1-1	1-1	True	34	0.96	0.986	loh	TP	TP
chr15	46267239	46267541	302	2	4	0	68	nested_a_in_b	nested_a_in_b	1-1	1-1	True	74	0.923	0.974	loh	TP	TP
chr15	46267239	46277512	10273	1	3	0	32	nested_a_in_b	nested_a_in_b	1-1	1-1	True	36	0.923	0.986	loh	TP	TP
chr15	46268919	46277512	8593	1	2	0	37	nested_a_in_b	nested_a_in_b	1-1	1-1	True	40	0.939	0.986	loh	TP	TP
chr15	47370426	47390626	20200	0	10	0	6	nested_a_in_b	nested_a_in_b	2-1	2-1	True	16	0.481	1.0	loh	TP	TP
chr15	47370426	47396039	25613	0	5	0	2	nested_a_in_b	nested_a_in_b	2-1	2-1	True	7	0.481	0.938	loh	TP	TP
chr15	47382544	47390626	8082	0	18	0	12	nested_a_in_b	nested_a_in_b	2-1	2-1	True	30	0.472	1.0	loh	TP	TP
chr15	47382544	47399938	17394	0	6	0	5	nested_a_in_b	nested_a_in_b	2-1	2-1	True	11	0.472	1.0	loh	TP	TP
chr15	47396039	47399938	3899	0	3	0	37	nested_a_in_b	nested_a_in_b	2-1	2-1	True	40	0.938	1.0	loh	TP	TP
chr15	55080872	55106978	26106	0	5	0	5	nested_a_in_b	nested_a_in_b	2-1	2-1	True	10	0.475	0.962	loh	TP	TP
chr20	29248473	29268498	20025	0	5	0	4	nested_a_in_b	nested_a_in_b	1-1	1-1	True	9	0.337	0.475	neutral	TP	TP
