chrom	pos_a	pos_b	dist	RR	RA	AR	AA	rel	config	hp_a	hp_b	same_hp	coread	vaf_a	vaf_b	cn_a	src_a	src_b
chr1	1574734	1594511	19777	0	0	6	1	mutual_excl	nested_b_in_a	2-1	2-1	True	7	0.97	0.184	loh	TP	FP
chr1	4197610	4216895	19285	0	0	4	6	nested_b_in_a	nested_b_in_a	2-1	2-1	True	10	0.977	0.4	loh	TP	TP
chr1	4842433	4862616	20183	4	0	1	11	nested_b_in_a	nested_b_in_a	1-1	1-1	True	16	0.84	0.806	loh	TP	TP
chr1	5160169	5160172	3	58	0	2	10	nested_b_in_a	nested_b_in_a	2-1	2-1	True	70	0.169	0.143	loh	FP	FP
chr1	6180744	6202793	22049	0	0	1	9	nested_b_in_a	nested_b_in_a	1-1	1-1	True	10	0.966	0.949	loh	TP	TP
chr1	6975198	6990807	15609	1	0	2	6	nested_b_in_a	nested_b_in_a	1-1	1-1	True	9	0.984	0.682	loh	TP	FP
chr1	38089079	38091426	2347	44	0	1	4	nested_b_in_a	nested_b_in_a	3	3	True	49	0.093	0.073	loh	FP	FP
chr1	38091311	38091426	115	49	0	1	4	nested_b_in_a	nested_b_in_a	3	3	True	54	0.093	0.073	loh	FP	FP
chr1	38219780	38238180	18400	0	0	9	2	nested_b_in_a	nested_b_in_a	1-1	1-1	True	11	0.983	0.379	loh	TP	TP
chr1	38736335	38748531	12196	0	0	14	3	nested_b_in_a	nested_b_in_a	1-1	1-1	True	17	0.981	0.396	loh	TP	TP
chr1	39714746	39714747	1	57	0	1	23	nested_b_in_a	nested_b_in_a	1-1	1-1	True	81	0.301	0.279	loh	TP	TP
chr1	57126357	57134064	7707	11	0	2	13	nested_b_in_a	nested_b_in_a	1-1	1-1	True	26	0.532	0.5	loh	TP	TP
chr1	57352048	57356097	4049	20	0	2	18	nested_b_in_a	nested_b_in_a	1-1	1-1	True	40	0.533	0.517	loh	TP	TP
chr1	58061351	58061920	569	35	0	3	23	nested_b_in_a	nested_b_in_a	1-1	1-1	True	61	0.409	0.343	loh	TP	TP
chr1	60540280	60557026	16746	3	0	1	7	nested_b_in_a	nested_b_in_a	2-1	2-1	True	11	0.488	0.46	loh	TP	TP
chr1	62034937	62046185	11248	11	0	1	11	nested_b_in_a	nested_b_in_a	1-1	1-1	True	23	0.463	0.441	loh	TP	TP
chr1	63127902	63138828	10926	15	0	1	16	nested_b_in_a	nested_b_in_a	1-1	1-1	True	32	0.459	0.493	loh	TP	TP
chr1	63209974	63232081	22107	5	0	1	1	sparse	nested_b_in_a	1-1	1-1	True	7	0.395	0.424	loh	TP	TP
chr1	65938816	65944395	5579	20	0	1	18	nested_b_in_a	nested_b_in_a	2-1	2-1	True	39	0.423	0.469	loh	TP	TP
chr1	66126394	66133732	7338	17	0	1	13	nested_b_in_a	nested_b_in_a	2-1	2-1	True	31	0.483	0.361	loh	TP	TP
chr1	66491091	66506467	15376	9	0	2	5	nested_b_in_a	nested_b_in_a	2-1	2-1	True	16	0.537	0.311	loh	TP	TP
chr1	78854076	78861819	7743	19	0	1	14	nested_b_in_a	nested_b_in_a	1-1	1-1	True	34	0.472	0.328	loh	TP	TP
chr1	78854076	78873994	19918	5	0	1	3	nested_b_in_a	nested_b_in_a	1-1	1-1	True	9	0.472	0.422	loh	TP	TP
chr1	79240364	79240710	346	20	0	2	24	nested_b_in_a	nested_b_in_a	1-1	1-1	True	46	0.562	0.549	loh	TP	TP
chr1	99744059	99745416	1357	40	0	1	3	nested_b_in_a	nested_b_in_a	3	3	True	44	0.08	0.067	loh	FP	FP
chr1	99783707	99783708	1	49	0	1	30	nested_b_in_a	nested_b_in_a	2-1	2-1	True	80	0.388	0.375	loh	TP	TP
chr1	102222192	102245735	23543	4	0	2	3	nested_b_in_a	nested_b_in_a	1-1	1-1	True	9	0.473	0.264	loh	TP	TP
chr1	102228366	102245735	17369	11	0	2	3	nested_b_in_a	nested_b_in_a	1-1	1-1	True	16	0.4	0.264	loh	TP	TP
chr1	102898164	102912953	14789	8	0	1	4	nested_b_in_a	nested_b_in_a	1-1	1-1	True	13	0.551	0.458	loh	TP	TP
chr1	111380161	111386414	6253	14	0	1	17	nested_b_in_a	nested_b_in_a	1-1	1-1	True	32	0.562	0.49	loh	TP	TP
chr1	111715169	111715329	160	32	0	4	22	nested_b_in_a	nested_b_in_a	1-1	1-1	True	58	0.448	0.367	loh	TP	TP
chr1	111980737	111982877	2140	22	0	1	14	nested_b_in_a	nested_b_in_a	1-1	1-1	True	37	0.422	0.391	loh	TP	TP
chr1	112069635	112079659	10024	6	0	4	10	nested_b_in_a	nested_b_in_a	1-1	1-1	True	20	0.574	0.442	loh	TP	TP
chr1	113852710	113876627	23917	3	0	1	3	nested_b_in_a	nested_b_in_a	1-1	1-1	True	7	0.417	0.407	loh	TP	TP
chr1	113893860	113914804	20944	12	0	1	1	sparse	nested_b_in_a	2-1	2-1	True	14	0.048	0.044	loh	FP	FP
chr1	113894348	113914804	20456	12	0	1	1	sparse	nested_b_in_a	2-1	2-1	True	14	0.049	0.044	loh	FP	FP
chr1	113903258	113914804	11546	28	0	1	3	nested_b_in_a	nested_b_in_a	2-1	2-1	True	32	0.078	0.044	loh	FP	FP
chr1	113904412	113914804	10392	28	0	1	3	nested_b_in_a	nested_b_in_a	2-1	2-1	True	32	0.085	0.044	loh	FP	FP
chr1	113906130	113914804	8674	33	0	1	3	nested_b_in_a	nested_b_in_a	2-1	2-1	True	37	0.06	0.044	loh	FP	FP
chr6	66833406	66840442	7036	15	0	1	13	nested_b_in_a	nested_b_in_a	1-1	1-1	True	29	0.429	0.5	neutral	TP	TP
chr6	77970345	77978157	7812	19	0	1	3	nested_b_in_a	nested_b_in_a	2-1	2-1	True	23	0.128	0.08	loh	FP	FP
chr6	77970370	77978157	7787	19	0	1	3	nested_b_in_a	nested_b_in_a	2-1	2-1	True	23	0.125	0.08	loh	FP	FP
chr6	77973036	77978157	5121	26	0	1	3	nested_b_in_a	nested_b_in_a	2-1	2-1	True	30	0.122	0.08	loh	FP	FP
chr6	77995583	77995857	274	47	0	1	3	nested_b_in_a	nested_b_in_a	3	3	True	51	0.077	0.056	loh	FP	FP
chr6	88869890	88871971	2081	14	0	1	80	nested_b_in_a	nested_b_in_a	1-1	1-1	True	95	0.871	0.817	loh	TP	TP
chr6	89571015	89594284	23269	14	0	1	2	nested_b_in_a	nested_b_in_a	1-1	1-1	True	17	0.143	0.155	loh	TP	TP
chr6	90046734	90046965	231	109	0	1	8	nested_b_in_a	nested_b_in_a	3	3	True	118	0.072	0.068	loh	FP	FP
chr6	101372928	101378260	5332	1	0	1	17	nested_b_in_a	nested_b_in_a	2-1	2-1	True	19	0.96	0.923	loh	TP	TP
chr6	101563137	101564790	1653	28	0	1	3	nested_b_in_a	nested_b_in_a	1-1	1-1	True	32	0.103	0.1	loh	FP	FP
chr6	110376615	110390226	13611	0	0	23	3	nested_b_in_a	nested_b_in_a	2-1	2-1	True	26	0.973	0.265	loh	TP	TP
chr6	110376615	110391015	14400	0	0	17	4	nested_b_in_a	nested_b_in_a	2-1	2-1	True	21	0.973	0.306	loh	TP	TP
chr6	112222431	112241995	19564	0	0	9	4	nested_b_in_a	nested_b_in_a	2-1	2-1	True	13	0.988	0.382	loh	TP	TP
chr6	112222431	112245184	22753	0	0	10	3	nested_b_in_a	nested_b_in_a	2-1	2-1	True	13	0.988	0.267	loh	TP	TP
chr6	112241995	112245184	3189	47	0	2	20	nested_b_in_a	nested_b_in_a	2-1	2-1	True	69	0.382	0.267	loh	TP	TP
chr6	112651643	112656933	5290	2	0	21	14	nested_b_in_a	nested_b_in_a	1-1	1-1	True	37	0.949	0.299	loh	TP	TP
chr6	112651643	112663326	11683	0	0	13	5	nested_b_in_a	nested_b_in_a	1-1	1-1	True	18	0.949	0.33	loh	TP	TP
chr6	114147463	114175595	28132	6	0	1	1	sparse	nested_b_in_a	2-1	2-1	True	8	0.298	0.287	loh	TP	TP
chr6	114151519	114175595	24076	1	0	9	2	nested_b_in_a	nested_b_in_a	2-1	2-1	True	12	0.941	0.287	loh	TP	TP
chr6	114167921	114167931	10	2	0	1	80	nested_b_in_a	nested_b_in_a	2-1	2-1	True	83	0.976	0.966	loh	TP	TP
chr6	114167921	114175595	7674	1	0	35	16	nested_b_in_a	nested_b_in_a	2-1	2-1	True	52	0.976	0.287	loh	TP	TP
chr6	114167931	114175595	7664	1	0	36	16	nested_b_in_a	nested_b_in_a	2-1	2-1	True	53	0.966	0.287	loh	TP	TP
chr6	114251352	114279531	28179	2	0	4	3	nested_b_in_a	nested_b_in_a	2-1	2-1	True	9	0.928	0.263	loh	TP	TP
chr6	162270539	162270540	1	31	0	1	3	nested_b_in_a	nested_b_in_a	1-1	1-1	True	35	0.111	0.083	loh	FP	FP
chr6	163068474	163082680	14206	1	0	11	3	nested_b_in_a	nested_b_in_a	2-1	2-1	True	15	0.976	0.255	loh	TP	FP
chr6	163368934	163372864	3930	2	0	13	13	nested_b_in_a	nested_b_in_a	3	3	True	28	0.949	0.472	loh	TP	TP
chr6	164671434	164674089	2655	1	0	17	21	nested_b_in_a	nested_b_in_a	2-1	2-1	True	39	0.98	0.5	loh	TP	TP
chr11	4431140	4439020	7880	13	0	1	9	nested_b_in_a	nested_b_in_a	1-1	1-1	True	23	0.488	0.372	loh	TP	TP
chr11	4524654	4526333	1679	2	0	4	54	nested_b_in_a	nested_b_in_a	1-1	1-1	True	60	0.971	0.871	loh	TP	TP
chr11	5811770	5812625	855	0	0	21	21	nested_b_in_a	nested_b_in_a	1-1	1-1	True	42	1.0	0.458	loh	TP	TP
chr11	6365219	6372929	7710	3	0	1	27	nested_b_in_a	nested_b_in_a	2-1	2-1	True	31	0.941	0.922	loh	TP	TP
chr11	6389322	6401237	11915	0	0	1	23	nested_b_in_a	nested_b_in_a	2-1	2-1	True	24	0.967	0.954	loh	TP	TP
chr11	6389322	6410518	21196	0	0	1	5	nested_b_in_a	nested_b_in_a	2-1	2-1	True	6	0.967	0.979	loh	TP	TP
chr11	6392962	6401237	8275	2	0	1	22	nested_b_in_a	nested_b_in_a	2-1	2-1	True	25	0.964	0.954	loh	TP	TP
chr11	6392962	6410518	17556	0	0	1	5	nested_b_in_a	nested_b_in_a	2-1	2-1	True	6	0.964	0.979	loh	TP	TP
chr11	6401001	6401237	236	2	0	1	59	nested_b_in_a	nested_b_in_a	2-1	2-1	True	62	0.969	0.954	loh	TP	TP
chr11	6401001	6410518	9517	0	0	1	22	nested_b_in_a	nested_b_in_a	2-1	2-1	True	23	0.969	0.979	loh	TP	TP
chr11	6401001	6410864	9863	0	0	1	21	nested_b_in_a	nested_b_in_a	2-1	2-1	True	22	0.969	0.957	loh	TP	TP
chr11	6416864	6426799	9935	0	0	1	19	nested_b_in_a	nested_b_in_a	2-1	2-1	True	20	1.0	0.886	loh	TP	TP
chr11	6687336	6712684	25348	10	0	1	1	sparse	nested_b_in_a	2-1	2-1	True	12	0.375	0.324	loh	TP	TP
chr11	6699857	6712684	12827	1	0	16	10	nested_b_in_a	nested_b_in_a	2-1	2-1	True	27	0.945	0.324	loh	TP	TP
chr11	9705609	9716560	10951	0	0	11	14	nested_b_in_a	nested_b_in_a	3	3	True	25	1.0	0.518	loh	TP	TP
chr11	9887701	9913054	25353	1	0	5	2	nested_b_in_a	nested_b_in_a	1-1	1-1	True	8	0.951	0.5	loh	TP	TP
chr11	10695599	10704561	8962	26	0	2	2	nested_b_in_a	nested_b_in_a	1-1	1-1	True	30	0.091	0.085	loh	FP	FP
chr11	10738554	10742695	4141	1	0	13	16	nested_b_in_a	nested_b_in_a	1-1	1-1	True	30	0.979	0.512	loh	TP	TP
chr11	10783912	10784325	413	40	0	1	4	nested_b_in_a	nested_b_in_a	3	3	True	45	0.104	0.083	loh	FP	FP
chr11	12448023	12448024	1	38	0	1	23	nested_b_in_a	nested_b_in_a	1-1	1-1	True	62	0.387	0.371	loh	TP	TP
chr11	22025965	22031966	6001	1	0	21	11	nested_b_in_a	nested_b_in_a	1-1	1-1	True	33	0.981	0.38	loh	TP	TP
chr11	23288185	23307005	18820	1	0	4	5	nested_b_in_a	nested_b_in_a	2-1	2-1	True	10	0.981	0.49	loh	TP	TP
chr11	24731614	24736299	4685	2	0	24	21	nested_b_in_a	nested_b_in_a	2-1	2-1	True	47	0.956	0.493	loh	TP	TP
chr11	28772879	28788776	15897	0	0	6	10	nested_b_in_a	nested_b_in_a	1-1	1-1	True	16	0.955	0.406	loh	TP	TP
chr11	31127523	31136105	8582	0	0	9	15	nested_b_in_a	nested_b_in_a	2-1	2-1	True	24	0.978	0.551	loh	TP	TP
chr11	34276889	34293300	16411	0	0	10	9	nested_b_in_a	nested_b_in_a	2-1	2-1	True	19	0.985	0.431	loh	TP	TP
chr11	36879769	36879771	2	28	0	1	13	nested_b_in_a	nested_b_in_a	2-1	2-1	True	42	0.333	0.286	loh	TP	TP
chr11	38313239	38315451	2212	3	0	20	29	nested_b_in_a	nested_b_in_a	2-1	2-1	True	52	0.957	0.541	loh	TP	TP
chr11	39663810	39677940	14130	0	0	11	5	nested_b_in_a	nested_b_in_a	1-1	1-1	True	16	1.0	0.356	loh	TP	TP
chr11	39795758	39815337	19579	1	0	7	4	nested_b_in_a	nested_b_in_a	1-1	1-1	True	12	0.975	0.364	loh	TP	TP
chr11	39981756	40007834	26078	2	0	2	4	nested_b_in_a	nested_b_in_a	1-1	1-1	True	8	0.945	0.457	loh	TP	TP
chr11	42767750	42772773	5023	1	0	15	13	nested_b_in_a	nested_b_in_a	2-1	2-1	True	29	0.848	0.415	loh	TP	TP
chr11	44809178	44817293	8115	0	0	12	16	nested_b_in_a	nested_b_in_a	1-1	1-1	True	28	0.981	0.558	loh	TP	TP
chr11	44970906	44973110	2204	2	0	24	20	nested_b_in_a	nested_b_in_a	1-1	1-1	True	46	0.962	0.464	loh	TP	TP
chr11	47181644	47206596	24952	0	0	5	3	nested_b_in_a	nested_b_in_a	2-1	2-1	True	8	0.986	0.528	loh	TP	TP
chr11	48292993	48292994	1	22	0	1	29	nested_b_in_a	nested_b_in_a	2-1	2-1	True	52	0.577	0.566	loh	TP	TP
chr11	48623347	48638483	15136	0	0	5	14	nested_b_in_a	nested_b_in_a	2-1	2-1	True	19	0.983	0.788	loh	TP	TP
chr11	49716885	49718820	1935	1	0	1	34	nested_b_in_a	nested_b_in_a	3	3	True	36	0.978	0.955	loh	TP	TP
chr11	70621165	70646006	24841	0	0	5	2	nested_b_in_a	nested_b_in_a	2-1	2-1	True	7	0.976	0.352	neutral	TP	TP
chr11	72784797	72811582	26785	1	0	1	4	nested_b_in_a	nested_b_in_a	2-1	2-1	True	6	0.932	0.453	loh	TP	TP
chr11	72839990	72844141	4151	28	0	1	5	nested_b_in_a	nested_b_in_a	2-1	2-1	True	34	0.153	0.094	loh	FP	FP
chr11	75652063	75661443	9380	0	0	2	17	nested_b_in_a	nested_b_in_a	1-1	1-1	True	19	1.0	0.897	loh	TP	TP
chr11	78284974	78285120	146	50	0	1	4	nested_b_in_a	nested_b_in_a	3	3	True	55	0.085	0.073	loh	FP	FP
chr11	87189386	87204396	15010	7	0	6	3	nested_b_in_a	nested_b_in_a	1-1	1-1	True	16	0.434	0.17	loh	TP	TP
chr11	87967336	87967655	319	30	0	3	13	nested_b_in_a	nested_b_in_a	2-1	2-1	True	46	0.354	0.288	loh	TP	TP
chr11	89188389	89192160	3771	30	0	2	3	nested_b_in_a	nested_b_in_a	2-1	2-1	True	35	0.098	0.077	loh	FP	FP
chr11	90188107	90198888	10781	1	0	14	6	nested_b_in_a	nested_b_in_a	2-1	2-1	True	21	0.934	0.362	loh	TP	TP
chr11	90463205	90463881	676	1	0	37	21	nested_b_in_a	nested_b_in_a	2-1	2-1	True	59	0.985	0.338	loh	TP	FP
chr11	90463205	90488893	25688	0	0	1	5	nested_b_in_a	nested_b_in_a	2-1	2-1	True	6	0.985	0.897	loh	TP	TP
chr11	92682659	92684340	1681	0	0	1	33	nested_b_in_a	nested_b_in_a	2-1	2-1	True	34	0.976	0.957	loh	TP	TP
chr11	94192615	94196924	4309	0	0	16	21	nested_b_in_a	nested_b_in_a	1-1	1-1	True	37	0.983	0.537	loh	TP	TP
chr11	94345258	94374773	29515	1	0	1	5	nested_b_in_a	nested_b_in_a	1-1	1-1	True	7	0.939	0.931	loh	TP	TP
chr11	96512563	96517412	4849	0	0	2	36	nested_b_in_a	nested_b_in_a	2-1	2-1	True	38	1.0	0.961	loh	TP	TP
chr11	96560636	96560637	1	28	0	1	30	nested_b_in_a	nested_b_in_a	2-1	2-1	True	59	0.525	0.5	loh	TP	TP
chr11	98204470	98221374	16904	5	0	1	6	nested_b_in_a	nested_b_in_a	1-1	1-1	True	12	0.452	0.442	loh	TP	TP
chr11	100919235	100939201	19966	0	0	6	3	nested_b_in_a	nested_b_in_a	1-1	1-1	True	9	0.983	0.448	loh	TP	TP
chr11	101156286	101167174	10888	1	0	1	18	nested_b_in_a	nested_b_in_a	1-1	1-1	True	20	0.982	0.932	loh	TP	TP
chr11	101156286	101167176	10890	1	0	1	18	nested_b_in_a	nested_b_in_a	1-1	1-1	True	20	0.982	0.965	loh	TP	TP
chr11	101156286	101177943	21657	1	0	6	3	nested_b_in_a	nested_b_in_a	1-1	1-1	True	10	0.982	0.069	loh	TP	FP
chr11	101167174	101177943	10769	2	0	21	3	nested_b_in_a	nested_b_in_a	1-1	1-1	True	26	0.932	0.069	loh	TP	FP
chr11	101167176	101177943	10767	1	0	22	3	nested_b_in_a	nested_b_in_a	1-1	1-1	True	26	0.965	0.069	loh	TP	FP
chr11	102460102	102475819	15717	0	0	1	13	nested_b_in_a	nested_b_in_a	2-1	2-1	True	14	1.0	0.946	loh	TP	TP
chr11	102491130	102500214	9084	2	0	1	21	nested_b_in_a	nested_b_in_a	2-1	2-1	True	24	0.918	0.951	loh	TP	TP
chr11	104128400	104158264	29864	0	0	3	3	nested_b_in_a	nested_b_in_a	1-1	1-1	True	6	0.966	0.469	loh	TP	TP
chr11	104139575	104158264	18689	0	0	7	7	nested_b_in_a	nested_b_in_a	1-1	1-1	True	14	1.0	0.469	loh	TP	TP
chr11	107851451	107854384	2933	0	0	15	18	nested_b_in_a	nested_b_in_a	3	3	True	33	1.0	0.565	loh	TP	TP
chr11	108474713	108478783	4070	1	0	13	16	nested_b_in_a	nested_b_in_a	2-1	2-1	True	30	0.979	0.52	loh	TP	TP
chr11	109496275	109511178	14903	0	0	8	8	nested_b_in_a	nested_b_in_a	2-1	2-1	True	16	0.983	0.403	loh	TP	TP
chr11	113896780	113919377	22597	0	0	10	1	mutual_excl	nested_b_in_a	2-1	2-1	True	11	0.973	0.078	loh	TP	FP
chr11	114733559	114748385	14826	3	0	5	7	nested_b_in_a	nested_b_in_a	2-1	2-1	True	15	0.87	0.41	loh	TP	TP
chr11	115860196	115863337	3141	1	0	14	19	nested_b_in_a	nested_b_in_a	2-1	2-1	True	34	0.977	0.52	loh	TP	TP
chr11	118317056	118320662	3606	2	0	18	20	nested_b_in_a	nested_b_in_a	2-1	2-1	True	40	0.969	0.491	loh	TP	TP
chr11	119476474	119479445	2971	0	0	11	21	nested_b_in_a	nested_b_in_a	1-1	1-1	True	32	1.0	0.63	loh	TP	TP
chr11	120976221	120985577	9356	0	0	2	18	nested_b_in_a	nested_b_in_a	1-1	1-1	True	20	1.0	0.958	loh	TP	TP
chr11	121999353	122001391	2038	23	0	4	20	nested_b_in_a	nested_b_in_a	3	3	True	47	0.481	0.464	loh	TP	TP
chr11	122957249	122967540	10291	0	0	9	5	nested_b_in_a	nested_b_in_a	1-1	1-1	True	14	0.955	0.357	loh	TP	TP
chr11	123939424	123943667	4243	0	0	18	20	nested_b_in_a	nested_b_in_a	2-1	2-1	True	38	0.982	0.451	loh	TP	TP
chr11	124459766	124466328	6562	1	0	17	10	nested_b_in_a	nested_b_in_a	2-1	2-1	True	28	0.962	0.404	loh	TP	TP
chr11	128097940	128097951	11	1	0	1	49	nested_b_in_a	nested_b_in_a	2-1	2-1	True	51	0.98	0.962	loh	TP	TP
chr11	130805184	130823355	18171	0	0	3	9	nested_b_in_a	nested_b_in_a	2-1	2-1	True	12	0.952	0.574	loh	TP	TP
chr11	130817532	130823355	5823	0	0	19	16	nested_b_in_a	nested_b_in_a	2-1	2-1	True	35	0.978	0.574	loh	TP	TP
chr11	134409876	134420076	10200	0	0	6	5	nested_b_in_a	nested_b_in_a	2-1	2-1	True	11	0.951	0.404	loh	TP	TP
chr11	134537288	134556601	19313	0	0	12	6	nested_b_in_a	nested_b_in_a	2-1	2-1	True	18	1.0	0.485	loh	TP	TP
chr21	10341682	10352179	10497	106	0	2	24	nested_b_in_a	nested_b_in_a	1-1	1-1	True	132	0.218	0.202	neutral	FP	FP
chr21	10341682	10358257	16575	51	0	2	18	nested_b_in_a	nested_b_in_a	1-1	1-1	True	71	0.218	0.233	neutral	FP	FP
chr21	10357137	10358257	1120	222	0	1	73	nested_b_in_a	nested_b_in_a	1-1	1-1	True	296	0.249	0.233	neutral	FP	FP
chr21	14476809	14486544	9735	14	0	2	9	nested_b_in_a	nested_b_in_a	1-1	1-1	True	25	0.351	0.442	neutral	TP	TP
chr21	16075809	16075810	1	36	0	2	36	nested_b_in_a	nested_b_in_a	2-1	2-1	True	74	0.514	0.48	neutral	TP	TP
chr21	24250583	24264771	14188	4	0	1	13	nested_b_in_a	nested_b_in_a	2-1	2-1	True	18	0.667	0.591	neutral	TP	TP
chr21	24634642	24644677	10035	13	0	1	8	nested_b_in_a	nested_b_in_a	2-1	2-1	True	22	0.536	0.458	neutral	TP	TP
chr21	25233798	25262456	28658	3	0	1	4	nested_b_in_a	nested_b_in_a	2-1	2-1	True	8	0.536	0.509	neutral	TP	TP
chr21	25245901	25262456	16555	5	0	2	9	nested_b_in_a	nested_b_in_a	2-1	2-1	True	16	0.562	0.509	neutral	TP	TP
chr21	25425213	25439535	14322	15	0	1	8	nested_b_in_a	nested_b_in_a	2-1	2-1	True	24	0.455	0.323	neutral	TP	TP
chr21	29101496	29101497	1	24	0	1	27	nested_b_in_a	nested_b_in_a	2-1	2-1	True	52	0.538	0.5	neutral	TP	TP
chr21	29194493	29217952	23459	5	0	1	3	nested_b_in_a	nested_b_in_a	1-1	1-1	True	9	0.471	0.437	neutral	TP	TP
chr21	33098488	33098824	336	30	0	7	23	nested_b_in_a	nested_b_in_a	2-1	2-1	True	60	0.5	0.424	neutral	TP	TP
chr21	34189941	34210810	20869	5	0	1	11	nested_b_in_a	nested_b_in_a	3	3	True	17	0.463	0.582	neutral	TP	TP
chr21	35830844	35837362	6518	18	0	2	11	nested_b_in_a	nested_b_in_a	1-1	1-1	True	31	0.492	0.37	neutral	TP	TP
chr21	35830844	35837363	6519	17	0	1	12	nested_b_in_a	nested_b_in_a	1-1	1-1	True	30	0.492	0.396	neutral	TP	TP
chr21	39040008	39042916	2908	17	0	1	12	nested_b_in_a	nested_b_in_a	2-1	2-1	True	30	0.405	0.4	neutral	TP	TP
chr21	39787805	39790353	2548	22	0	1	17	nested_b_in_a	nested_b_in_a	1-1	1-1	True	40	0.509	0.451	neutral	TP	TP
chr21	41638887	41651606	12719	7	0	1	9	nested_b_in_a	nested_b_in_a	2-1	2-1	True	17	0.547	0.379	neutral	TP	TP
chr21	45086352	45107962	21610	5	0	2	3	nested_b_in_a	nested_b_in_a	1-1	1-1	True	10	0.542	0.492	neutral	TP	TP
chr2	18333859	18349259	15400	2	0	14	2	nested_b_in_a	nested_b_in_a	2-1	2-1	True	18	0.907	0.061	loh	TP	FP
chr2	18333859	18349559	15700	1	0	8	7	nested_b_in_a	nested_b_in_a	2-1	2-1	True	16	0.907	0.524	loh	TP	TP
chr2	18537199	18540517	3318	26	0	16	10	nested_b_in_a	nested_b_in_a	2-1	2-1	True	52	0.521	0.177	loh	TP	TP
chr2	19798683	19809889	11206	1	0	10	8	nested_b_in_a	nested_b_in_a	2-1	2-1	True	19	0.98	0.298	loh	TP	TP
chr2	21652666	21663705	11039	0	0	2	16	nested_b_in_a	nested_b_in_a	1-1	1-1	True	18	1.0	0.878	loh	TP	TP
chr2	21898626	21921212	22586	1	0	5	5	nested_b_in_a	nested_b_in_a	2-1	2-1	True	11	0.929	0.52	loh	TP	TP
chr2	22075248	22088811	13563	7	0	1	5	nested_b_in_a	nested_b_in_a	2-1	2-1	True	13	0.558	0.306	loh	TP	TP
chr2	22211556	22219752	8196	15	0	2	6	nested_b_in_a	nested_b_in_a	2-1	2-1	True	23	0.452	0.263	loh	TP	TP
chr2	28354571	28357783	3212	3	0	34	11	nested_b_in_a	nested_b_in_a	1-1	1-1	True	48	0.938	0.279	loh	TP	TP
chr2	31104828	31133374	28546	0	0	1	5	nested_b_in_a	nested_b_in_a	1-1	1-1	True	6	0.989	0.367	loh	TP	TP
chr2	31192629	31221198	28569	0	0	4	4	nested_b_in_a	nested_b_in_a	1-1	1-1	True	8	1.0	0.325	loh	TP	TP
chr2	34886064	34887522	1458	20	0	1	25	nested_b_in_a	nested_b_in_a	1-1	1-1	True	46	0.538	0.52	loh	TP	TP
chr2	37480780	37484537	3757	0	0	1	44	nested_b_in_a	nested_b_in_a	1-1	1-1	True	45	1.0	0.983	loh	TP	TP
chr2	38462575	38493966	31391	1	0	3	2	nested_b_in_a	nested_b_in_a	1-1	1-1	True	6	0.927	0.438	loh	TP	TP
chr2	40831138	40847679	16541	0	0	5	5	nested_b_in_a	nested_b_in_a	1-1	1-1	True	10	0.952	0.483	loh	TP	TP
chr2	41038806	41040579	1773	2	0	2	48	nested_b_in_a	nested_b_in_a	2-1	2-1	True	52	0.968	0.898	loh	TP	TP
chr2	41038806	41042875	4069	2	0	2	40	nested_b_in_a	nested_b_in_a	2-1	2-1	True	44	0.968	0.927	loh	TP	TP
chr2	41038806	41059662	20856	2	0	12	1	mutual_excl	nested_b_in_a	2-1	2-1	True	15	0.968	0.034	loh	TP	FP
chr2	41040579	41059662	19083	3	0	13	1	mutual_excl	nested_b_in_a	2-1	2-1	True	17	0.898	0.034	loh	TP	FP
chr2	41040918	41059662	18744	2	0	14	1	mutual_excl	nested_b_in_a	2-1	2-1	True	17	0.949	0.034	loh	TP	FP
chr2	41042875	41059662	16787	3	0	14	1	mutual_excl	nested_b_in_a	2-1	2-1	True	18	0.927	0.034	loh	TP	FP
chr2	41061521	41081896	20375	0	0	3	4	nested_b_in_a	nested_b_in_a	2-1	2-1	True	7	0.931	0.603	loh	TP	TP
chr2	41192940	41217493	24553	0	0	6	3	nested_b_in_a	nested_b_in_a	2-1	2-1	True	9	0.984	0.521	loh	TP	TP
chr2	44145415	44146489	1074	21	0	1	15	nested_b_in_a	nested_b_in_a	2-1	2-1	True	37	0.432	0.405	loh	TP	TP
chr2	44285717	44287242	1525	2	0	1	42	nested_b_in_a	nested_b_in_a	2-1	2-1	True	45	0.963	0.948	loh	TP	TP
chr2	44942972	44955344	12372	14	0	1	10	nested_b_in_a	nested_b_in_a	1-1	1-1	True	25	0.378	0.308	loh	TP	TP
chr2	44943687	44949824	6137	21	0	2	21	nested_b_in_a	nested_b_in_a	1-1	1-1	True	44	0.449	0.407	loh	TP	TP
chr2	44943687	44955344	11657	15	0	1	11	nested_b_in_a	nested_b_in_a	1-1	1-1	True	27	0.449	0.308	loh	TP	TP
chr2	66345722	66372449	26727	0	0	4	3	nested_b_in_a	nested_b_in_a	2-1	2-1	True	7	0.981	0.567	loh	TP	TP
chr2	67809539	67836304	26765	0	0	1	6	nested_b_in_a	nested_b_in_a	2-1	2-1	True	7	0.947	0.879	loh	TP	TP
chr2	71589897	71611504	21607	0	0	1	6	nested_b_in_a	nested_b_in_a	2-1	2-1	True	7	0.977	0.977	loh	TP	TP
chr2	71968019	71977091	9072	0	0	21	15	nested_b_in_a	nested_b_in_a	2-1	2-1	True	36	0.948	0.434	loh	TP	TP
chr2	74092356	74092536	180	0	0	32	23	nested_b_in_a	nested_b_in_a	1-1	1-1	True	55	1.0	0.441	loh	TP	TP
chr2	76396568	76415741	19173	0	0	2	5	nested_b_in_a	nested_b_in_a	3	3	True	7	0.953	0.433	loh	TP	TP
chr2	76552632	76553004	372	69	0	1	2	nested_b_in_a	nested_b_in_a	1-1	1-1	True	72	0.04	0.027	loh	FP	FP
chr2	77728172	77747605	19433	1	0	7	3	nested_b_in_a	nested_b_in_a	2-1	2-1	True	11	0.964	0.386	loh	TP	TP
chr2	77967801	77973325	5524	29	0	2	3	nested_b_in_a	nested_b_in_a	3	3	True	34	0.094	0.082	loh	FP	FP
chr2	77967801	77973723	5922	26	0	2	3	nested_b_in_a	nested_b_in_a	3	3	True	31	0.094	0.082	loh	FP	FP
chr2	77978776	77987330	8554	15	0	2	3	nested_b_in_a	nested_b_in_a	3	3	True	20	0.14	0.111	loh	FP	FP
chr2	82506766	82527883	21117	0	0	5	3	nested_b_in_a	nested_b_in_a	2-1	2-1	True	8	0.98	0.474	loh	TP	TP
chr2	83042762	83068238	25476	0	0	4	5	nested_b_in_a	nested_b_in_a	2-1	2-1	True	9	0.926	0.618	loh	TP	TP
chr2	116804856	116804857	1	31	0	1	15	nested_b_in_a	nested_b_in_a	1-1	1-1	True	47	0.327	0.3	loh	TP	TP
chr2	118098580	118101980	3400	49	0	1	4	nested_b_in_a	nested_b_in_a	2-1	2-1	True	54	0.068	0.064	loh	FP	FP
chr2	119747662	119766478	18816	1	0	6	1	mutual_excl	nested_b_in_a	1-1	1-1	True	8	0.918	0.093	loh	TP	FP
chr2	122591059	122604187	13128	0	0	9	14	nested_b_in_a	nested_b_in_a	1-1	1-1	True	23	1.0	0.531	loh	TP	TP
chr2	124328703	124331191	2488	2	0	25	17	nested_b_in_a	nested_b_in_a	2-1	2-1	True	44	0.948	0.473	loh	TP	TP
chr2	124328703	124354937	26234	0	0	10	1	mutual_excl	nested_b_in_a	2-1	2-1	True	11	0.948	0.185	loh	TP	FP
chr2	124331191	124354937	23746	5	0	6	2	nested_b_in_a	nested_b_in_a	2-1	2-1	True	13	0.473	0.185	loh	TP	FP
chr2	125929596	125952326	22730	1	0	4	4	nested_b_in_a	nested_b_in_a	2-1	2-1	True	9	0.937	0.37	loh	TP	TP
chr2	128135634	128142263	6629	30	0	1	3	nested_b_in_a	nested_b_in_a	2-1	2-1	True	34	0.077	0.071	loh	FP	FP
chr2	129755213	129764676	9463	2	0	12	8	nested_b_in_a	nested_b_in_a	1-1	1-1	True	22	0.951	0.322	loh	TP	TP
chr2	129755213	129777864	22651	0	0	1	6	nested_b_in_a	nested_b_in_a	1-1	1-1	True	7	0.951	0.979	loh	TP	TP
chr2	131629605	131637193	7588	2	0	16	19	nested_b_in_a	nested_b_in_a	1-1	1-1	True	37	0.953	0.438	loh	TP	TP
chr2	136757965	136760752	2787	2	0	2	32	nested_b_in_a	nested_b_in_a	2-1	2-1	True	36	0.96	0.915	loh	TP	TP
chr2	137328445	137343323	14878	0	0	7	10	nested_b_in_a	nested_b_in_a	2-1	2-1	True	17	0.9	0.545	loh	TP	TP
chr2	139041186	139073508	32322	0	0	1	6	nested_b_in_a	nested_b_in_a	2-1	2-1	True	7	1.0	0.969	loh	TP	TP
chr2	139041186	139074509	33323	0	0	4	2	nested_b_in_a	nested_b_in_a	2-1	2-1	True	6	1.0	0.462	loh	TP	TP
chr2	139073508	139074509	1001	2	0	30	26	nested_b_in_a	nested_b_in_a	2-1	2-1	True	58	0.969	0.462	loh	TP	TP
chr2	141461253	141469161	7908	1	0	8	11	nested_b_in_a	nested_b_in_a	1-1	1-1	True	20	0.917	0.579	loh	TP	TP
chr2	198830435	198836407	5972	22	0	2	10	nested_b_in_a	nested_b_in_a	1-1	1-1	True	34	0.365	0.288	neutral	TP	TP
chr2	199383884	199402599	18715	7	0	4	6	nested_b_in_a	nested_b_in_a	1-1	1-1	True	17	0.59	0.341	neutral	TP	TP
chr2	199766356	199766814	458	71	0	2	25	nested_b_in_a	nested_b_in_a	2-1	2-1	True	98	0.272	0.257	neutral	TP	TP
chr2	199766356	199785698	19342	22	0	1	4	nested_b_in_a	nested_b_in_a	2-1	2-1	True	27	0.272	0.183	neutral	TP	TP
chr2	201435942	201456496	20554	3	0	2	5	nested_b_in_a	nested_b_in_a	2-1	2-1	True	10	0.704	0.337	neutral	TP	TP
chr2	206491851	206516231	24380	5	0	3	1	mutual_excl	nested_b_in_a	2-1	2-1	True	9	0.591	0.26	neutral	TP	TP
chr2	206859990	206870380	10390	14	0	2	21	nested_b_in_a	nested_b_in_a	1-1	1-1	True	37	0.66	0.627	neutral	TP	TP
chr2	206859990	206876865	16875	7	0	2	15	nested_b_in_a	nested_b_in_a	1-1	1-1	True	24	0.66	0.597	neutral	TP	TP
chr2	206859990	206877938	17948	5	0	2	12	nested_b_in_a	nested_b_in_a	1-1	1-1	True	19	0.66	0.575	neutral	TP	TP
chr2	206859990	206881694	21704	5	0	1	12	nested_b_in_a	nested_b_in_a	1-1	1-1	True	18	0.66	0.678	neutral	TP	TP
chr2	206859990	206883698	23708	2	0	1	7	nested_b_in_a	nested_b_in_a	1-1	1-1	True	10	0.66	0.571	neutral	TP	TP
chr2	206861878	206876865	14987	10	0	1	17	nested_b_in_a	nested_b_in_a	1-1	1-1	True	28	0.656	0.597	neutral	TP	TP
chr2	206861878	206877938	16060	7	0	2	13	nested_b_in_a	nested_b_in_a	1-1	1-1	True	22	0.656	0.575	neutral	TP	TP
chr2	206868088	206870378	2290	19	0	1	37	nested_b_in_a	nested_b_in_a	1-1	1-1	True	57	0.663	0.645	neutral	TP	TP
chr2	206868088	206870380	2292	19	0	3	36	nested_b_in_a	nested_b_in_a	1-1	1-1	True	58	0.663	0.627	neutral	TP	TP
chr2	206868088	206875840	7752	10	0	1	23	nested_b_in_a	nested_b_in_a	1-1	1-1	True	34	0.663	0.607	neutral	TP	TP
chr2	206868088	206876865	8777	9	0	1	22	nested_b_in_a	nested_b_in_a	1-1	1-1	True	32	0.663	0.597	neutral	TP	TP
chr2	206868088	206877938	9850	7	0	1	19	nested_b_in_a	nested_b_in_a	1-1	1-1	True	27	0.663	0.575	neutral	TP	TP
chr2	206868088	206881694	13606	8	0	1	18	nested_b_in_a	nested_b_in_a	1-1	1-1	True	27	0.663	0.678	neutral	TP	TP
chr2	206868088	206882619	14531	5	0	1	17	nested_b_in_a	nested_b_in_a	1-1	1-1	True	23	0.663	0.624	neutral	TP	TP
chr2	206870378	206870380	2	25	0	2	45	nested_b_in_a	nested_b_in_a	1-1	1-1	True	72	0.645	0.627	neutral	TP	TP
chr2	206870378	206877938	7560	11	0	1	18	nested_b_in_a	nested_b_in_a	1-1	1-1	True	30	0.645	0.575	neutral	TP	TP
chr2	206870380	206875840	5460	14	0	1	24	nested_b_in_a	nested_b_in_a	1-1	1-1	True	39	0.627	0.607	neutral	TP	TP
chr2	206870380	206876865	6485	12	0	1	21	nested_b_in_a	nested_b_in_a	1-1	1-1	True	34	0.627	0.597	neutral	TP	TP
chr2	206870380	206877938	7558	10	0	1	18	nested_b_in_a	nested_b_in_a	1-1	1-1	True	29	0.627	0.575	neutral	TP	TP
chr2	206875840	206876865	1025	22	0	2	38	nested_b_in_a	nested_b_in_a	1-1	1-1	True	62	0.607	0.597	neutral	TP	TP
chr2	206875840	206877938	2098	21	0	2	35	nested_b_in_a	nested_b_in_a	1-1	1-1	True	58	0.607	0.575	neutral	TP	TP
chr2	206875840	206884265	8425	12	0	1	17	nested_b_in_a	nested_b_in_a	1-1	1-1	True	30	0.607	0.577	neutral	TP	TP
chr2	206876865	206884265	7400	14	0	1	18	nested_b_in_a	nested_b_in_a	1-1	1-1	True	33	0.597	0.577	neutral	TP	TP
chr2	206877938	206884265	6327	15	0	1	20	nested_b_in_a	nested_b_in_a	1-1	1-1	True	36	0.575	0.577	neutral	TP	TP
chr2	206881694	206888050	6356	16	0	1	20	nested_b_in_a	nested_b_in_a	1-1	1-1	True	37	0.678	0.515	neutral	TP	TP
chr2	206881694	206897843	16149	10	0	1	11	nested_b_in_a	nested_b_in_a	1-1	1-1	True	22	0.678	0.578	neutral	TP	TP
chr2	206887975	206888050	75	27	0	6	35	nested_b_in_a	nested_b_in_a	1-1	1-1	True	68	0.65	0.515	neutral	TP	TP
chr2	206887975	206891633	3658	17	0	2	31	nested_b_in_a	nested_b_in_a	1-1	1-1	True	50	0.65	0.63	neutral	TP	TP
chr2	206887975	206892498	4523	15	0	3	31	nested_b_in_a	nested_b_in_a	1-1	1-1	True	49	0.65	0.645	neutral	TP	TP
chr2	206887975	206893627	5652	14	0	3	28	nested_b_in_a	nested_b_in_a	1-1	1-1	True	45	0.65	0.627	neutral	TP	TP
chr2	206887975	206897843	9868	12	0	4	20	nested_b_in_a	nested_b_in_a	1-1	1-1	True	36	0.65	0.578	neutral	TP	TP
chr2	206892498	206897843	5345	20	0	2	33	nested_b_in_a	nested_b_in_a	1-1	1-1	True	55	0.645	0.578	neutral	TP	TP
chr2	206892498	206941982	49484	1	0	3	23	nested_b_in_a	nested_b_in_a	1-1	1-1	True	27	0.645	0.568	neutral	TP	TP
chr2	206893627	206897843	4216	23	0	2	36	nested_b_in_a	nested_b_in_a	1-1	1-1	True	61	0.627	0.578	neutral	TP	TP
chr2	206893627	206941982	48355	1	0	3	24	nested_b_in_a	nested_b_in_a	1-1	1-1	True	28	0.627	0.568	neutral	TP	TP
chr2	206939899	206941982	2083	27	0	4	37	nested_b_in_a	nested_b_in_a	1-1	1-1	True	68	0.652	0.568	neutral	TP	TP
chr2	206939899	206945412	5513	16	0	1	35	nested_b_in_a	nested_b_in_a	1-1	1-1	True	52	0.652	0.671	neutral	TP	TP
chr2	206941297	206941982	685	26	0	4	41	nested_b_in_a	nested_b_in_a	1-1	1-1	True	71	0.628	0.568	neutral	TP	TP
chr2	206941297	206945412	4115	15	0	2	36	nested_b_in_a	nested_b_in_a	1-1	1-1	True	53	0.628	0.671	neutral	TP	TP
chr2	206941624	206941982	358	27	0	4	42	nested_b_in_a	nested_b_in_a	1-1	1-1	True	73	0.62	0.568	neutral	TP	TP
chr2	206941624	206945412	3788	16	0	2	37	nested_b_in_a	nested_b_in_a	1-1	1-1	True	55	0.62	0.671	neutral	TP	TP
chr2	206942463	206945412	2949	17	0	2	40	nested_b_in_a	nested_b_in_a	1-1	1-1	True	59	0.625	0.671	neutral	TP	TP
chr2	206945536	206967680	22144	3	0	1	8	nested_b_in_a	nested_b_in_a	1-1	1-1	True	12	0.689	0.616	neutral	TP	TP
chr2	206948669	206951180	2511	18	0	1	37	nested_b_in_a	nested_b_in_a	1-1	1-1	True	56	0.659	0.613	neutral	TP	TP
chr2	206948669	206960746	12077	6	0	1	20	nested_b_in_a	nested_b_in_a	1-1	1-1	True	27	0.659	0.671	neutral	TP	TP
chr2	206948669	206960999	12330	7	0	1	19	nested_b_in_a	nested_b_in_a	1-1	1-1	True	27	0.659	0.675	neutral	TP	TP
chr2	206948669	206961676	13007	5	0	1	18	nested_b_in_a	nested_b_in_a	1-1	1-1	True	24	0.659	0.636	neutral	TP	TP
chr2	206948669	206967390	18721	4	0	1	12	nested_b_in_a	nested_b_in_a	1-1	1-1	True	17	0.659	0.66	neutral	TP	TP
chr2	206948669	206967680	19011	4	0	1	12	nested_b_in_a	nested_b_in_a	1-1	1-1	True	17	0.659	0.616	neutral	TP	TP
chr2	206960746	206967428	6682	10	0	3	33	nested_b_in_a	nested_b_in_a	1-1	1-1	True	46	0.671	0.64	neutral	TP	TP
chr2	206960999	206967428	6429	9	0	4	33	nested_b_in_a	nested_b_in_a	1-1	1-1	True	46	0.675	0.64	neutral	TP	TP
chr2	206961676	206971546	9870	8	0	1	31	nested_b_in_a	nested_b_in_a	1-1	1-1	True	40	0.636	0.667	neutral	TP	TP
chr2	206967390	206967428	38	27	0	3	54	nested_b_in_a	nested_b_in_a	1-1	1-1	True	84	0.66	0.64	neutral	TP	TP
chr2	207080246	207088424	8178	22	0	1	16	nested_b_in_a	nested_b_in_a	1-1	1-1	True	39	0.526	0.507	neutral	TP	TP
chr2	210832847	210860223	27376	4	0	1	4	nested_b_in_a	nested_b_in_a	1-1	1-1	True	9	0.632	0.364	neutral	TP	TP
chr2	211608018	211608369	351	24	0	37	21	nested_b_in_a	nested_b_in_a	1-1	1-1	True	82	0.698	0.223	neutral	TP	TP
chr2	212363905	212374819	10914	19	0	2	15	nested_b_in_a	nested_b_in_a	2-1	2-1	True	36	0.407	0.419	neutral	TP	TP
chr2	213507137	213529597	22460	4	0	1	1	sparse	nested_b_in_a	1-1	1-1	True	6	0.633	0.254	neutral	TP	TP
chr2	214960978	214976226	15248	13	0	1	7	nested_b_in_a	nested_b_in_a	1-1	1-1	True	21	0.31	0.297	neutral	TP	TP
chr2	216857046	216872279	15233	15	0	1	11	nested_b_in_a	nested_b_in_a	2-1	2-1	True	27	0.304	0.407	neutral	TP	TP
chr2	216862455	216872279	9824	24	0	3	16	nested_b_in_a	nested_b_in_a	2-1	2-1	True	43	0.377	0.407	neutral	TP	TP
chr2	220194288	220199614	5326	10	0	20	11	nested_b_in_a	nested_b_in_a	2-1	2-1	True	41	0.808	0.243	neutral	TP	TP
chr2	223831318	223852036	20718	10	0	11	5	nested_b_in_a	nested_b_in_a	2-1	2-1	True	26	0.552	0.265	neutral	TP	TP
chr2	223846371	223852036	5665	17	0	15	12	nested_b_in_a	nested_b_in_a	2-1	2-1	True	44	0.567	0.265	neutral	TP	TP
chr7	21573087	21573450	363	41	0	1	4	nested_b_in_a	nested_b_in_a	1-1	1-1	True	46	0.094	0.083	loh	FP	FP
chr7	23104201	23122751	18550	1	0	1	11	nested_b_in_a	nested_b_in_a	1-1	1-1	True	13	0.954	0.909	loh	TP	TP
chr7	25784233	25796052	11819	7	0	1	1	sparse	nested_b_in_a	1-1	1-1	True	9	0.111	0.16	loh	FP	FP
chr12	39809326	39809394	68	39	0	2	2	nested_b_in_a	nested_b_in_a	1-1	1-1	True	43	0.093	0.045	loh	FP	FP
chr12	42372121	42393409	21288	0	0	3	3	nested_b_in_a	nested_b_in_a	1-1	1-1	True	6	0.98	0.434	loh	TP	TP
chr12	43057263	43074964	17701	17	0	1	3	nested_b_in_a	nested_b_in_a	1-1	1-1	True	21	0.093	0.065	loh	FP	FP
chr12	44198568	44199104	536	2	0	1	44	nested_b_in_a	nested_b_in_a	2-1	2-1	True	47	0.962	0.939	loh	TP	TP
chr12	46027215	46028332	1117	3	0	20	17	nested_b_in_a	nested_b_in_a	1-1	1-1	True	40	0.941	0.435	loh	TP	TP
chr12	49442044	49463428	21384	4	0	1	2	nested_b_in_a	nested_b_in_a	2-1	2-1	True	7	0.509	0.14	loh	TP	TP
chr12	49526215	49530304	4089	2	0	27	16	nested_b_in_a	nested_b_in_a	2-1	2-1	True	45	0.934	0.457	loh	TP	TP
chr12	49731537	49746414	14877	0	0	1	10	nested_b_in_a	nested_b_in_a	1-1	1-1	True	11	1.0	0.923	loh	TP	TP
chr12	54050235	54050269	34	0	0	1	61	nested_b_in_a	nested_b_in_a	1-1	1-1	True	62	1.0	0.984	loh	TP	TP
chr12	60388331	60397007	8676	1	0	15	10	nested_b_in_a	nested_b_in_a	1-1	1-1	True	26	0.947	0.404	loh	TP	TP
chr12	60757816	60757947	131	2	0	2	42	nested_b_in_a	nested_b_in_a	1-1	1-1	True	46	0.957	0.917	loh	TP	TP
chr12	60790891	60792424	1533	35	0	1	15	nested_b_in_a	nested_b_in_a	1-1	1-1	True	51	0.371	0.345	loh	TP	TP
chr12	61596460	61604175	7715	12	0	1	10	nested_b_in_a	nested_b_in_a	1-1	1-1	True	23	0.489	0.44	loh	TP	TP
chr12	62531564	62543617	12053	0	0	1	15	nested_b_in_a	nested_b_in_a	1-1	1-1	True	16	1.0	0.833	loh	TP	TP
chr12	63562069	63562558	489	46	0	1	4	nested_b_in_a	nested_b_in_a	2-1	2-1	True	51	0.1	0.071	loh	FP	FP
chr12	63562069	63562699	630	46	0	1	4	nested_b_in_a	nested_b_in_a	2-1	2-1	True	51	0.1	0.071	loh	FP	FP
chr12	63924916	63929721	4805	1	0	2	34	nested_b_in_a	nested_b_in_a	1-1	1-1	True	37	0.981	0.951	loh	TP	TP
chr12	63928118	63929721	1603	1	0	1	28	nested_b_in_a	nested_b_in_a	1-1	1-1	True	30	0.912	0.951	loh	TP	TP
chr12	66178439	66179444	1005	47	0	1	3	nested_b_in_a	nested_b_in_a	2-1	2-1	True	51	0.078	0.054	loh	FP	FP
chr12	66178439	66180098	1659	44	0	1	3	nested_b_in_a	nested_b_in_a	2-1	2-1	True	48	0.078	0.086	loh	FP	FP
chr12	67218141	67231309	13168	0	0	11	7	nested_b_in_a	nested_b_in_a	2-1	2-1	True	18	1.0	0.389	loh	TP	TP
chr12	69702037	69702134	97	0	0	3	50	nested_b_in_a	nested_b_in_a	1-1	1-1	True	53	1.0	0.943	loh	TP	TP
chr12	74092247	74108358	16111	0	0	6	3	nested_b_in_a	nested_b_in_a	3	3	True	9	0.982	0.255	loh	TP	TP
chr12	75476293	75485237	8944	1	0	9	5	nested_b_in_a	nested_b_in_a	2-1	2-1	True	15	0.961	0.462	loh	TP	TP
chr12	76124739	76127041	2302	3	0	1	34	nested_b_in_a	nested_b_in_a	2-1	2-1	True	38	0.939	0.867	loh	TP	TP
chr12	77099089	77121980	22891	1	0	2	4	nested_b_in_a	nested_b_in_a	2-1	2-1	True	7	0.949	0.623	loh	TP	TP
chr12	78223495	78227813	4318	4	0	4	35	nested_b_in_a	nested_b_in_a	1-1	1-1	True	43	0.928	0.842	loh	TP	TP
chr12	78941013	78960608	19595	0	0	2	11	nested_b_in_a	nested_b_in_a	1-1	1-1	True	13	1.0	0.667	loh	TP	TP
chr12	79638373	79653488	15115	2	0	7	5	nested_b_in_a	nested_b_in_a	2-1	2-1	True	14	0.955	0.244	loh	TP	TP
chr12	81107149	81119417	12268	0	0	2	12	nested_b_in_a	nested_b_in_a	1-1	1-1	True	14	0.978	0.912	loh	TP	TP
chr12	81274393	81274400	7	1	0	2	54	nested_b_in_a	nested_b_in_a	1-1	1-1	True	57	0.982	0.951	loh	TP	TP
chr12	82024711	82042004	17293	0	0	12	2	nested_b_in_a	nested_b_in_a	2-1	2-1	True	14	1.0	0.057	loh	TP	FP
chr12	85178623	85199687	21064	0	0	1	13	nested_b_in_a	nested_b_in_a	1-1	1-1	True	14	0.862	0.972	loh	TP	TP
chr12	85421267	85421269	2	31	0	2	23	nested_b_in_a	nested_b_in_a	1-1	1-1	True	56	0.446	0.411	loh	TP	TP
chr12	86372617	86392182	19565	1	0	6	5	nested_b_in_a	nested_b_in_a	2-1	2-1	True	12	0.886	0.476	loh	TP	TP
chr12	86999350	87012232	12882	0	0	1	9	nested_b_in_a	nested_b_in_a	1-1	1-1	True	10	1.0	0.98	loh	TP	TP
chr12	87203096	87225939	22843	0	0	5	4	nested_b_in_a	nested_b_in_a	1-1	1-1	True	9	0.946	0.492	loh	TP	TP
chr12	88924905	88945626	20721	0	0	3	7	nested_b_in_a	nested_b_in_a	2-1	2-1	True	10	0.969	0.5	loh	TP	TP
chr12	88924948	88945626	20678	0	0	3	7	nested_b_in_a	nested_b_in_a	2-1	2-1	True	10	0.985	0.5	loh	TP	TP
chr12	89519546	89521772	2226	55	0	1	6	nested_b_in_a	nested_b_in_a	2-1	2-1	True	62	0.099	0.086	loh	FP	FP
chr12	91070915	91085864	14949	2	0	20	1	mutual_excl	nested_b_in_a	2-1	2-1	True	23	0.946	0.132	loh	TP	FP
chr12	93263946	93265599	1653	4	0	28	18	nested_b_in_a	nested_b_in_a	1-1	1-1	True	50	0.915	0.385	loh	TP	TP
chr12	93414931	93420867	5936	25	0	1	2	nested_b_in_a	nested_b_in_a	1-1	1-1	True	28	0.102	0.064	loh	FP	FP
chr12	94683538	94693536	9998	0	0	8	9	nested_b_in_a	nested_b_in_a	2-1	2-1	True	17	0.978	0.465	loh	TP	TP
chr12	95220219	95220471	252	22	0	1	31	nested_b_in_a	nested_b_in_a	3	3	True	54	0.585	0.574	loh	TP	TP
chr12	97635723	97635740	17	23	0	1	18	nested_b_in_a	nested_b_in_a	2-1	2-1	True	42	0.465	0.419	loh	TP	TP
chr12	98348356	98358899	10543	0	0	9	12	nested_b_in_a	nested_b_in_a	2-1	2-1	True	21	1.0	0.615	loh	TP	TP
chr12	99020355	99021011	656	4	0	1	41	nested_b_in_a	nested_b_in_a	2-1	2-1	True	46	0.922	0.902	loh	TP	TP
chr12	100852747	100857028	4281	3	0	35	11	nested_b_in_a	nested_b_in_a	2-1	2-1	True	49	0.948	0.236	loh	TP	TP
chr12	105679292	105679312	20	53	0	1	9	nested_b_in_a	nested_b_in_a	1-1	1-1	True	63	0.159	0.143	loh	FP	FP
chr12	108908246	108912017	3771	2	0	19	6	nested_b_in_a	nested_b_in_a	2-1	2-1	True	27	0.902	0.291	loh	TP	TP
chr12	110883604	110905901	22297	9	0	1	1	sparse	nested_b_in_a	1-1	1-1	True	11	0.161	0.1	loh	FP	FP
chr12	111114610	111129988	15378	0	0	5	5	nested_b_in_a	nested_b_in_a	1-1	1-1	True	10	0.951	0.55	loh	TP	TP
chr12	111342840	111343251	411	44	0	1	3	nested_b_in_a	nested_b_in_a	2-1	2-1	True	48	0.077	0.059	loh	FP	FP
chr12	111639683	111667556	27873	0	0	3	4	nested_b_in_a	nested_b_in_a	1-1	1-1	True	7	0.938	0.583	loh	TP	TP
chr12	111729485	111754727	25242	1	0	2	4	nested_b_in_a	nested_b_in_a	1-1	1-1	True	7	0.842	0.474	loh	TP	TP
chr12	112966053	112979060	13007	0	0	11	6	nested_b_in_a	nested_b_in_a	1-1	1-1	True	17	0.985	0.471	loh	TP	TP
chr12	114070226	114070227	1	30	0	1	21	nested_b_in_a	nested_b_in_a	2-1	2-1	True	52	0.423	0.396	loh	TP	TP
chr12	114947445	114952653	5208	3	0	15	17	nested_b_in_a	nested_b_in_a	2-1	2-1	True	35	0.898	0.379	loh	TP	TP
chr12	115121475	115136010	14535	0	0	4	23	nested_b_in_a	nested_b_in_a	2-1	2-1	True	27	1.0	0.887	loh	TP	TP
chr12	115167716	115181409	13693	0	0	13	7	nested_b_in_a	nested_b_in_a	2-1	2-1	True	20	0.97	0.241	loh	TP	TP
chr12	115167716	115183485	15769	0	0	7	9	nested_b_in_a	nested_b_in_a	2-1	2-1	True	16	0.97	0.418	loh	TP	TP
chr12	122804290	122825120	20830	0	0	1	9	nested_b_in_a	nested_b_in_a	2-1	2-1	True	10	0.97	0.907	loh	TP	TP
chr12	125130698	125131788	1090	43	0	1	4	nested_b_in_a	nested_b_in_a	1-1	1-1	True	48	0.094	0.071	loh	FP	FP
chr12	126488027	126488028	1	26	0	2	27	nested_b_in_a	nested_b_in_a	2-1	2-1	True	55	0.5	0.509	loh	TP	TP
chr12	128702476	128714582	12106	0	0	1	20	nested_b_in_a	nested_b_in_a	1-1	1-1	True	21	1.0	0.98	loh	TP	TP
chr12	128768062	128782151	14089	17	0	2	2	nested_b_in_a	nested_b_in_a	3	3	True	21	0.113	0.056	loh	FP	FP
chr12	128768062	128787174	19112	8	0	1	3	nested_b_in_a	nested_b_in_a	3	3	True	12	0.113	0.122	loh	FP	FP
chr12	128768062	128787391	19329	8	0	1	3	nested_b_in_a	nested_b_in_a	3	3	True	12	0.113	0.1	loh	FP	FP
chr12	128768062	128788426	20364	7	0	1	3	nested_b_in_a	nested_b_in_a	3	3	True	11	0.113	0.1	loh	FP	FP
chr12	128768062	128788476	20414	7	0	1	3	nested_b_in_a	nested_b_in_a	3	3	True	11	0.113	0.1	loh	FP	FP
chr12	128768062	128788549	20487	7	0	1	3	nested_b_in_a	nested_b_in_a	3	3	True	11	0.113	0.102	loh	FP	FP
chr12	128768062	128788857	20795	6	0	1	3	nested_b_in_a	nested_b_in_a	3	3	True	10	0.113	0.102	loh	FP	FP
chr12	128768062	128788891	20829	6	0	1	3	nested_b_in_a	nested_b_in_a	3	3	True	10	0.113	0.102	loh	FP	FP
chr12	128768062	128788960	20898	6	0	1	3	nested_b_in_a	nested_b_in_a	3	3	True	10	0.113	0.1	loh	FP	FP
chr12	128768062	128789058	20996	6	0	1	3	nested_b_in_a	nested_b_in_a	3	3	True	10	0.113	0.1	loh	FP	FP
chr12	128768062	128789339	21277	6	0	1	3	nested_b_in_a	nested_b_in_a	3	3	True	10	0.113	0.098	loh	FP	FP
chr12	128787174	128787391	217	43	0	1	5	nested_b_in_a	nested_b_in_a	3	3	True	49	0.122	0.1	loh	FP	FP
chr12	128787174	128788426	1252	37	0	1	5	nested_b_in_a	nested_b_in_a	3	3	True	43	0.122	0.1	loh	FP	FP
chr12	128787174	128788476	1302	37	0	1	5	nested_b_in_a	nested_b_in_a	3	3	True	43	0.122	0.1	loh	FP	FP
chr12	128787174	128788549	1375	36	0	1	5	nested_b_in_a	nested_b_in_a	3	3	True	42	0.122	0.102	loh	FP	FP
chr12	128787174	128788857	1683	36	0	1	5	nested_b_in_a	nested_b_in_a	3	3	True	42	0.122	0.102	loh	FP	FP
chr12	128787174	128788891	1717	36	0	1	5	nested_b_in_a	nested_b_in_a	3	3	True	42	0.122	0.102	loh	FP	FP
chr12	128787174	128788960	1786	36	0	1	5	nested_b_in_a	nested_b_in_a	3	3	True	42	0.122	0.1	loh	FP	FP
chr12	128787174	128789058	1884	36	0	1	5	nested_b_in_a	nested_b_in_a	3	3	True	42	0.122	0.1	loh	FP	FP
chr12	128787174	128789339	2165	36	0	1	5	nested_b_in_a	nested_b_in_a	3	3	True	42	0.122	0.098	loh	FP	FP
chr12	132557304	132563011	5707	0	0	29	1	mutual_excl	nested_b_in_a	1-1	1-1	True	30	0.855	0.083	loh	TP	FP
chr17	21303695	21320366	16671	28	0	8	7	nested_b_in_a	nested_b_in_a	1-1	1-1	True	43	0.5	0.304	loh	TP	TP
chr17	22196890	22223381	26491	3	0	5	1	mutual_excl	nested_b_in_a	2-1	2-1	True	9	0.459	0.102	loh	TP	FP
chr17	26991340	26992372	1032	23	0	2	15	nested_b_in_a	nested_b_in_a	2-1	2-1	True	40	0.457	0.373	loh	TP	TP
chr17	27147004	27148703	1699	45	0	1	4	nested_b_in_a	nested_b_in_a	2-1	2-1	True	50	0.098	0.106	loh	FP	FP
chr17	27147004	27157994	10990	18	0	1	2	nested_b_in_a	nested_b_in_a	2-1	2-1	True	21	0.098	0.167	loh	FP	FP
chr17	28900021	28911319	11298	0	0	19	1	mutual_excl	nested_b_in_a	1-1	1-1	True	20	0.944	0.044	loh	TP	FP
chr17	30884631	30898479	13848	0	0	6	15	nested_b_in_a	nested_b_in_a	3	3	True	21	1.0	0.597	loh	TP	TP
chr17	36122427	36148476	26049	0	0	4	3	nested_b_in_a	nested_b_in_a	1-1	1-1	True	7	0.983	0.439	loh	TP	TP
chr17	36815783	36829256	13473	0	0	12	10	nested_b_in_a	nested_b_in_a	3	3	True	22	0.983	0.47	loh	TP	TP
chr17	38783293	38783294	1	22	0	2	18	nested_b_in_a	nested_b_in_a	1-1	1-1	True	42	0.455	0.467	loh	TP	TP
chr17	39952731	39963510	10779	1	0	10	7	nested_b_in_a	nested_b_in_a	2-1	2-1	True	18	0.978	0.491	loh	TP	TP
chr17	40075080	40080435	5355	1	0	20	11	nested_b_in_a	nested_b_in_a	2-1	2-1	True	32	0.981	0.295	loh	TP	TP
chr17	41581093	41590725	9632	0	0	4	3	nested_b_in_a	nested_b_in_a	1-1	1-1	True	7	0.978	0.46	loh	TP	TP
chr17	42609399	42634451	25052	0	0	1	8	nested_b_in_a	nested_b_in_a	2-1	2-1	True	9	0.943	0.887	loh	TP	TP
chr17	45040942	45064388	23446	0	0	7	1	mutual_excl	nested_b_in_a	2-1	2-1	True	8	0.944	0.042	loh	TP	FP
chr17	47874410	47889714	15304	18	0	2	3	nested_b_in_a	nested_b_in_a	2-1	2-1	True	23	0.159	0.137	loh	FP	FP
chr17	47875244	47889714	14470	17	0	3	2	nested_b_in_a	nested_b_in_a	2-1	2-1	True	22	0.204	0.137	loh	FP	FP
chr17	47877358	47889714	12356	25	0	1	4	nested_b_in_a	nested_b_in_a	2-1	2-1	True	30	0.155	0.137	loh	FP	FP
chr17	48131305	48137562	6257	34	0	1	5	nested_b_in_a	nested_b_in_a	1-1	1-1	True	40	0.117	0.088	loh	FP	FP
chr17	48365089	48365161	72	11	0	22	29	nested_b_in_a	nested_b_in_a	1-1	1-1	True	62	0.823	0.484	loh	TP	TP
chr17	48745782	48765189	19407	11	0	1	4	nested_b_in_a	nested_b_in_a	2-1	2-1	True	16	0.127	0.081	loh	FP	FP
chr17	49239295	49240795	1500	54	0	1	7	nested_b_in_a	nested_b_in_a	2-1	2-1	True	62	0.134	0.147	loh	FP	FP
chr17	49239295	49249110	9815	29	0	1	1	sparse	nested_b_in_a	2-1	2-1	True	31	0.134	0.105	loh	FP	FP
chr17	49470569	49472574	2005	40	0	1	8	nested_b_in_a	nested_b_in_a	1-1	1-1	True	49	0.155	0.143	loh	FP	FP
chr17	49476788	49478857	2069	61	0	1	10	nested_b_in_a	nested_b_in_a	3	3	True	72	0.141	0.129	loh	FP	FP
chr17	49479216	49479372	156	75	0	1	14	nested_b_in_a	nested_b_in_a	2-1	2-1	True	90	0.163	0.154	loh	FP	FP
chr17	49479216	49481845	2629	55	0	1	11	nested_b_in_a	nested_b_in_a	2-1	2-1	True	67	0.163	0.139	loh	FP	FP
chr17	49479216	49483303	4087	46	0	2	10	nested_b_in_a	nested_b_in_a	2-1	2-1	True	58	0.163	0.16	loh	FP	FP
chr17	49479216	49483610	4394	47	0	2	10	nested_b_in_a	nested_b_in_a	2-1	2-1	True	59	0.163	0.156	loh	FP	FP
chr17	49479372	49483303	3931	47	0	1	10	nested_b_in_a	nested_b_in_a	2-1	2-1	True	58	0.154	0.16	loh	FP	FP
chr17	49479372	49483610	4238	48	0	1	10	nested_b_in_a	nested_b_in_a	2-1	2-1	True	59	0.154	0.156	loh	FP	FP
chr17	49481845	49483303	1458	57	0	1	9	nested_b_in_a	nested_b_in_a	2-1	2-1	True	67	0.139	0.16	loh	FP	FP
chr17	49482709	49483303	594	54	0	2	9	nested_b_in_a	nested_b_in_a	2-1	2-1	True	65	0.171	0.16	loh	FP	FP
chr17	49482709	49483341	632	49	0	1	10	nested_b_in_a	nested_b_in_a	2-1	2-1	True	60	0.171	0.186	loh	FP	FP
chr17	49482709	49483610	901	55	0	2	9	nested_b_in_a	nested_b_in_a	2-1	2-1	True	66	0.171	0.156	loh	FP	FP
chr17	49483341	49483610	269	57	0	1	12	nested_b_in_a	nested_b_in_a	2-1	2-1	True	70	0.186	0.156	loh	FP	FP
chr17	49665277	49684320	19043	12	0	1	3	nested_b_in_a	nested_b_in_a	2-1	2-1	True	16	0.185	0.102	loh	FP	FP
chr17	49679314	49684320	5006	29	0	1	5	nested_b_in_a	nested_b_in_a	2-1	2-1	True	35	0.161	0.102	loh	FP	FP
chr17	49704646	49712514	7868	37	0	1	4	nested_b_in_a	nested_b_in_a	1-1	1-1	True	42	0.133	0.136	loh	FP	FP
chr17	49711720	49712514	794	53	0	1	8	nested_b_in_a	nested_b_in_a	1-1	1-1	True	62	0.137	0.136	loh	FP	FP
chr17	51386124	51396466	10342	0	0	11	16	nested_b_in_a	nested_b_in_a	1-1	1-1	True	27	0.931	0.56	loh	TP	TP
chr17	51876173	51881297	5124	29	0	19	1	mutual_excl	nested_b_in_a	1-1	1-1	True	49	0.411	0.048	loh	FP	FP
chr17	51945781	51956052	10271	14	0	1	14	nested_b_in_a	nested_b_in_a	1-1	1-1	True	29	0.46	0.536	loh	TP	TP
chr17	52845133	52860228	15095	0	0	3	8	nested_b_in_a	nested_b_in_a	1-1	1-1	True	11	1.0	0.582	loh	TP	TP
chr17	59307245	59316490	9245	1	0	15	14	nested_b_in_a	nested_b_in_a	2-1	2-1	True	30	0.957	0.408	loh	TP	TP
chr17	62984354	62994631	10277	1	0	8	9	nested_b_in_a	nested_b_in_a	1-1	1-1	True	18	0.98	0.491	loh	TP	TP
chr17	65435967	65436875	908	1	0	21	30	nested_b_in_a	nested_b_in_a	1-1	1-1	True	52	0.967	0.589	loh	TP	TP
chr17	66251026	66259135	8109	2	0	16	15	nested_b_in_a	nested_b_in_a	3	3	True	33	0.937	0.471	loh	TP	TP
chr17	81887034	81902393	15359	10	0	5	16	nested_b_in_a	nested_b_in_a	1-1	1-1	True	31	0.568	0.372	loh	TP	TP
chr17	82294206	82316017	21811	16	0	6	4	nested_b_in_a	nested_b_in_a	2-1	2-1	True	26	0.358	0.201	loh	TP	TP
chr17	82371663	82383191	11528	46	0	1	13	nested_b_in_a	nested_b_in_a	2-1	2-1	True	60	0.208	0.181	loh	TP	TP
chr3	57899167	57899171	4	63	0	1	21	nested_b_in_a	nested_b_in_a	1-1	1-1	True	85	0.259	0.27	loh	TP	TP
chr3	59800117	59802951	2834	42	0	1	4	nested_b_in_a	nested_b_in_a	2-1	2-1	True	47	0.083	0.066	loh	FP	FP
chr3	64040321	64044905	4584	1	0	17	11	nested_b_in_a	nested_b_in_a	1-1	1-1	True	29	0.946	0.375	loh	TP	TP
chr3	64650461	64654041	3580	1	0	20	11	nested_b_in_a	nested_b_in_a	1-1	1-1	True	32	0.979	0.367	loh	TP	TP
chr3	67854084	67878020	23936	0	0	1	6	nested_b_in_a	nested_b_in_a	1-1	1-1	True	7	0.964	0.983	loh	TP	TP
chr3	68174024	68186167	12143	1	0	10	17	nested_b_in_a	nested_b_in_a	1-1	1-1	True	28	0.981	0.597	loh	TP	TP
chr3	68607541	68609567	2026	38	0	1	4	nested_b_in_a	nested_b_in_a	2-1	2-1	True	43	0.109	0.07	loh	FP	FP
chr3	68607541	68611899	4358	27	0	2	3	nested_b_in_a	nested_b_in_a	2-1	2-1	True	32	0.109	0.078	loh	FP	FP
chr3	68609567	68611899	2332	39	0	1	3	nested_b_in_a	nested_b_in_a	2-1	2-1	True	43	0.07	0.078	loh	FP	FP
chr3	69912054	69912072	18	5	0	1	38	nested_b_in_a	nested_b_in_a	2-1	2-1	True	44	0.889	0.87	loh	TP	TP
chr3	71010553	71011404	851	44	0	4	47	nested_b_in_a	nested_b_in_a	2-1	2-1	True	95	0.553	0.5	neutral	TP	TP
chr3	71010553	71011410	857	42	0	1	50	nested_b_in_a	nested_b_in_a	2-1	2-1	True	93	0.553	0.54	neutral	TP	TP
chr3	71327987	71328321	334	45	0	2	42	nested_b_in_a	nested_b_in_a	2-1	2-1	True	89	0.51	0.485	neutral	TP	TP
chr3	71327997	71328321	324	46	0	2	42	nested_b_in_a	nested_b_in_a	2-1	2-1	True	90	0.505	0.485	neutral	TP	TP
chr3	71328028	71328321	293	44	0	3	41	nested_b_in_a	nested_b_in_a	2-1	2-1	True	88	0.526	0.485	neutral	TP	TP
chr3	71328028	71328545	517	42	0	2	40	nested_b_in_a	nested_b_in_a	2-1	2-1	True	84	0.526	0.478	neutral	TP	TP
chr3	71328028	71328546	518	42	0	1	43	nested_b_in_a	nested_b_in_a	2-1	2-1	True	86	0.526	0.51	neutral	TP	TP
chr3	75756906	75760453	3547	40	0	2	10	nested_b_in_a	nested_b_in_a	1-1	1-1	True	52	0.197	0.232	loh	FP	FP
chr3	75756906	75785035	28129	5	0	1	1	sparse	nested_b_in_a	1-1	1-1	True	7	0.197	0.14	loh	FP	FP
chr3	77554784	77554785	1	30	0	1	21	nested_b_in_a	nested_b_in_a	2-1	2-1	True	52	0.423	0.382	loh	TP	TP
chr3	79440203	79465137	24934	1	0	10	2	nested_b_in_a	nested_b_in_a	2-1	2-1	True	13	0.941	0.386	loh	TP	TP
chr3	79443256	79457769	14513	0	0	7	10	nested_b_in_a	nested_b_in_a	2-1	2-1	True	17	1.0	0.394	loh	TP	TP
chr3	79443256	79465137	21881	0	0	12	3	nested_b_in_a	nested_b_in_a	2-1	2-1	True	15	1.0	0.386	loh	TP	TP
chr3	79912188	79928500	16312	17	0	9	6	nested_b_in_a	nested_b_in_a	2-1	2-1	True	32	0.508	0.261	neutral	TP	TP
chr3	81913348	81917506	4158	18	0	2	10	nested_b_in_a	nested_b_in_a	2-1	2-1	True	30	0.444	0.292	loh	TP	TP
chr3	96535262	96545806	10544	0	0	10	6	nested_b_in_a	nested_b_in_a	1-1	1-1	True	16	0.957	0.444	loh	TP	TP
chr3	97100673	97101335	662	47	0	3	4	nested_b_in_a	nested_b_in_a	1-1	1-1	True	54	0.111	0.071	loh	FP	FP
chr3	98013994	98015639	1645	42	0	1	2	nested_b_in_a	nested_b_in_a	1-1	1-1	True	45	0.057	0.039	loh	FP	FP
chr3	99026538	99045988	19450	1	0	1	8	nested_b_in_a	nested_b_in_a	2-1	2-1	True	10	0.907	0.946	loh	TP	TP
chr3	99755669	99756050	381	1	0	2	63	nested_b_in_a	nested_b_in_a	2-1	2-1	True	66	0.985	0.931	loh	TP	TP
chr3	101074316	101097240	22924	0	0	5	6	nested_b_in_a	nested_b_in_a	2-1	2-1	True	11	0.944	0.471	loh	TP	TP
chr3	103333342	103335747	2405	0	0	1	27	nested_b_in_a	nested_b_in_a	1-1	1-1	True	28	1.0	0.973	loh	TP	TP
chr3	103333342	103338600	5258	0	0	1	24	nested_b_in_a	nested_b_in_a	1-1	1-1	True	25	1.0	0.943	loh	TP	TP
chr3	103492614	103510219	17605	0	0	3	8	nested_b_in_a	nested_b_in_a	1-1	1-1	True	11	0.983	0.571	loh	TP	TP
chr3	106946327	106968932	22605	1	0	1	7	nested_b_in_a	nested_b_in_a	2-1	2-1	True	9	0.981	0.898	loh	TP	TP
chr3	109471814	109475185	3371	1	0	19	13	nested_b_in_a	nested_b_in_a	2-1	2-1	True	33	0.976	0.468	loh	TP	TP
chr3	110189771	110196073	6302	1	0	23	3	nested_b_in_a	nested_b_in_a	1-1	1-1	True	27	0.979	0.109	loh	TP	FP
chr3	110320650	110330391	9741	1	0	10	13	nested_b_in_a	nested_b_in_a	3	3	True	24	0.978	0.456	loh	TP	TP
chr3	110696080	110710276	14196	0	0	9	10	nested_b_in_a	nested_b_in_a	2-1	2-1	True	19	0.986	0.483	loh	TP	TP
chr3	113780226	113807269	27043	0	0	5	1	mutual_excl	nested_b_in_a	3	3	True	6	0.981	0.508	loh	TP	TP
chr3	113864131	113864132	1	32	0	1	21	nested_b_in_a	nested_b_in_a	2-1	2-1	True	54	0.418	0.375	loh	TP	TP
chr3	116128879	116130457	1578	4	0	22	23	nested_b_in_a	nested_b_in_a	1-1	1-1	True	49	0.912	0.438	loh	TP	TP
chr3	117675041	117689565	14524	1	0	2	17	nested_b_in_a	nested_b_in_a	1-1	1-1	True	20	0.961	0.839	loh	TP	TP
chr3	121840064	121841376	1312	48	0	1	3	nested_b_in_a	nested_b_in_a	1-1	1-1	True	52	0.086	0.059	loh	FP	FP
chr3	121840064	121842051	1987	42	0	1	3	nested_b_in_a	nested_b_in_a	1-1	1-1	True	46	0.086	0.098	loh	FP	FP
chr3	121840064	121842653	2589	38	0	1	3	nested_b_in_a	nested_b_in_a	1-1	1-1	True	42	0.086	0.086	loh	FP	FP
chr3	121842051	121842653	602	48	0	1	5	nested_b_in_a	nested_b_in_a	1-1	1-1	True	54	0.098	0.086	loh	FP	FP
chr3	126650545	126668351	17806	1	0	10	5	nested_b_in_a	nested_b_in_a	3	3	True	16	0.94	0.36	loh	TP	TP
chr3	126806293	126808994	2701	32	0	3	3	nested_b_in_a	nested_b_in_a	2-1	2-1	True	38	0.163	0.061	loh	FP	FP
chr3	128677864	128694547	16683	15	0	5	9	nested_b_in_a	nested_b_in_a	3	3	True	29	0.465	0.26	loh	TP	TP
chr3	165638119	165672011	33892	1	0	3	2	nested_b_in_a	nested_b_in_a	2-1	2-1	True	6	0.957	0.273	loh	TP	TP
chr3	167848558	167854534	5976	0	0	1	32	nested_b_in_a	nested_b_in_a	2-1	2-1	True	33	0.967	0.985	loh	TP	TP
chr3	194538060	194552948	14888	1	0	10	13	nested_b_in_a	nested_b_in_a	1-1	1-1	True	24	0.979	0.484	loh	TP	TP
chr3	194821159	194852424	31265	1	0	5	4	nested_b_in_a	nested_b_in_a	1-1	1-1	True	10	0.945	0.475	loh	TP	TP
chr3	197910798	197910839	41	44	0	1	2	nested_b_in_a	nested_b_in_a	1-1	1-1	True	47	0.064	0.042	loh	FP	FP
chr8	2559701	2577681	17980	1	0	13	1	mutual_excl	nested_b_in_a	1-1	1-1	True	15	0.944	0.107	loh	TP	FP
chr8	2707707	2720446	12739	0	0	1	15	nested_b_in_a	nested_b_in_a	1-1	1-1	True	16	0.962	0.941	loh	TP	TP
chr8	2874782	2877370	2588	5	0	34	4	nested_b_in_a	nested_b_in_a	1-1	1-1	True	43	0.909	0.094	loh	TP	FP
chr8	2874782	2887601	12819	2	0	13	13	nested_b_in_a	nested_b_in_a	1-1	1-1	True	28	0.909	0.492	loh	TP	TP
chr8	3911309	3917480	6171	3	0	10	2	nested_b_in_a	nested_b_in_a	1-1	1-1	True	15	0.857	0.265	loh	TP	TP
chr8	4847314	4852623	5309	1	0	12	16	nested_b_in_a	nested_b_in_a	3	3	True	29	0.978	0.54	loh	TP	TP
chr8	5123470	5123472	2	38	0	1	11	nested_b_in_a	nested_b_in_a	2-1	2-1	True	50	0.235	0.22	loh	FP	FP
chr8	5274663	5296404	21741	1	0	3	5	nested_b_in_a	nested_b_in_a	2-1	2-1	True	9	0.966	0.517	loh	TP	TP
chr8	6226483	6226905	422	29	0	6	20	nested_b_in_a	nested_b_in_a	1-1	1-1	True	55	0.474	0.357	loh	TP	TP
chr8	10782114	10791974	9860	1	0	1	18	nested_b_in_a	nested_b_in_a	2-1	2-1	True	20	0.958	0.946	loh	TP	TP
chr8	12325488	12327075	1587	39	0	1	2	nested_b_in_a	nested_b_in_a	1-1	1-1	True	42	0.061	0.043	loh	FP	FP
chr8	12749006	12767111	18105	0	0	1	14	nested_b_in_a	nested_b_in_a	1-1	1-1	True	15	0.967	0.896	loh	TP	TP
chr8	13374094	13383810	9716	1	0	10	9	nested_b_in_a	nested_b_in_a	2-1	2-1	True	20	0.923	0.532	loh	TP	TP
chr8	13625113	13634963	9850	9	0	2	6	nested_b_in_a	nested_b_in_a	2-1	2-1	True	17	0.412	0.3	loh	TP	TP
chr8	13987667	13993995	6328	0	0	19	5	nested_b_in_a	nested_b_in_a	2-1	2-1	True	24	1.0	0.286	loh	TP	TP
chr8	13988962	13993995	5033	0	0	20	8	nested_b_in_a	nested_b_in_a	2-1	2-1	True	28	0.981	0.286	loh	TP	TP
chr8	14788337	14790950	2613	2	0	25	9	nested_b_in_a	nested_b_in_a	2-1	2-1	True	36	0.962	0.267	loh	TP	TP
chr8	17624281	17641183	16902	0	0	7	4	nested_b_in_a	nested_b_in_a	1-1	1-1	True	11	0.879	0.403	loh	TP	TP
chr8	21223781	21229698	5917	8	0	1	16	nested_b_in_a	nested_b_in_a	1-1	1-1	True	25	0.475	0.643	loh	TP	TP
chr8	22725703	22726802	1099	25	0	2	24	nested_b_in_a	nested_b_in_a	2-1	2-1	True	51	0.508	0.508	loh	TP	TP
chr8	24966780	24971547	4767	2	0	25	10	nested_b_in_a	nested_b_in_a	1-1	1-1	True	37	0.968	0.339	loh	TP	TP
chr8	25989325	26003683	14358	2	0	7	11	nested_b_in_a	nested_b_in_a	1-1	1-1	True	20	0.962	0.511	loh	TP	TP
chr8	26682509	26683264	755	0	0	28	18	nested_b_in_a	nested_b_in_a	1-1	1-1	True	46	0.981	0.42	loh	TP	TP
chr8	27581729	27595286	13557	0	0	1	11	nested_b_in_a	nested_b_in_a	1-1	1-1	True	12	0.98	0.824	loh	TP	TP
chr8	27581729	27601705	19976	0	0	2	4	nested_b_in_a	nested_b_in_a	1-1	1-1	True	6	0.98	0.45	loh	TP	TP
chr8	27594953	27601705	6752	2	0	8	11	nested_b_in_a	nested_b_in_a	1-1	1-1	True	21	0.925	0.45	loh	TP	TP
chr8	29658770	29672744	13974	0	0	10	8	nested_b_in_a	nested_b_in_a	1-1	1-1	True	18	0.942	0.452	loh	TP	TP
chr8	29829811	29851209	21398	1	0	3	11	nested_b_in_a	nested_b_in_a	1-1	1-1	True	15	0.969	0.783	loh	TP	TP
chr8	31833802	31848283	14481	0	0	10	7	nested_b_in_a	nested_b_in_a	1-1	1-1	True	17	1.0	0.483	loh	TP	TP
chr8	33721318	33730545	9227	1	0	1	31	nested_b_in_a	nested_b_in_a	2-1	2-1	True	33	0.949	0.971	loh	TP	TP
chr8	34247626	34261513	13887	0	0	1	18	nested_b_in_a	nested_b_in_a	1-1	1-1	True	19	1.0	0.936	loh	TP	TP
chr8	37183112	37185805	2693	0	0	4	38	nested_b_in_a	nested_b_in_a	1-1	1-1	True	42	1.0	0.902	loh	TP	TP
chr8	42229577	42245356	15779	0	0	5	6	nested_b_in_a	nested_b_in_a	2-1	2-1	True	11	0.982	0.474	loh	TP	TP
chr8	48185052	48189064	4012	1	0	1	18	nested_b_in_a	nested_b_in_a	2-1	2-1	True	20	0.917	0.935	loh	TP	TP
chr8	54187872	54218383	30511	0	0	4	6	nested_b_in_a	nested_b_in_a	2-1	2-1	True	10	0.971	0.376	loh	TP	TP
chr8	54717963	54737824	19861	11	0	1	4	nested_b_in_a	nested_b_in_a	1-1	1-1	True	16	0.341	0.287	loh	TP	TP
chr8	54908498	54923901	15403	0	0	8	8	nested_b_in_a	nested_b_in_a	1-1	1-1	True	16	0.984	0.408	loh	TP	TP
chr8	54989445	54989446	1	60	0	2	28	nested_b_in_a	nested_b_in_a	1-1	1-1	True	90	0.333	0.333	loh	TP	TP
chr8	56112005	56125555	13550	11	0	4	6	nested_b_in_a	nested_b_in_a	1-1	1-1	True	21	0.351	0.119	loh	TP	FP
chr8	57923178	57923820	642	49	0	1	22	nested_b_in_a	nested_b_in_a	1-1	1-1	True	72	0.326	0.317	loh	TP	TP
chr8	61328737	61344202	15465	2	0	2	26	nested_b_in_a	nested_b_in_a	1-1	1-1	True	30	0.965	0.94	loh	TP	TP
chr8	61402948	61411324	8376	18	0	13	19	nested_b_in_a	nested_b_in_a	1-1	1-1	True	50	0.679	0.422	loh	TP	TP
chr8	62120358	62124715	4357	36	0	1	15	nested_b_in_a	nested_b_in_a	2-1	2-1	True	52	0.333	0.3	loh	TP	TP
chr8	62192062	62192063	1	62	0	1	20	nested_b_in_a	nested_b_in_a	2-1	2-1	True	83	0.262	0.259	loh	FP	FP
chr8	63119896	63140106	20210	0	0	6	5	nested_b_in_a	nested_b_in_a	1-1	1-1	True	11	0.986	0.426	loh	TP	TP
chr8	85910068	85911146	1078	67	0	1	6	nested_b_in_a	nested_b_in_a	2-1	2-1	True	74	0.087	0.094	loh	FP	FP
chr8	85916656	85923535	6879	38	0	1	6	nested_b_in_a	nested_b_in_a	2-1	2-1	True	45	0.125	0.112	loh	FP	FP
chr8	85943164	85945775	2611	53	0	1	6	nested_b_in_a	nested_b_in_a	2-1	2-1	True	60	0.114	0.101	loh	FP	FP
chr8	85989900	86010108	20208	6	0	2	8	nested_b_in_a	nested_b_in_a	1-1	1-1	True	16	0.696	0.315	loh	TP	TP
chr8	86080664	86081973	1309	58	0	3	6	nested_b_in_a	nested_b_in_a	1-1	1-1	True	67	0.13	0.09	loh	FP	FP
chr8	86080664	86084283	3619	49	0	2	5	nested_b_in_a	nested_b_in_a	1-1	1-1	True	56	0.13	0.094	loh	FP	FP
chr8	87390592	87394800	4208	59	0	3	12	nested_b_in_a	nested_b_in_a	3	3	True	74	0.212	0.16	loh	FP	FP
chr8	87536952	87539362	2410	64	0	1	10	nested_b_in_a	nested_b_in_a	2-1	2-1	True	75	0.17	0.1	loh	FP	FP
chr8	87769952	87792241	22289	15	0	1	1	sparse	nested_b_in_a	1-1	1-1	True	17	0.239	0.215	loh	TP	TP
chr8	87776914	87792241	15327	20	0	1	2	nested_b_in_a	nested_b_in_a	1-1	1-1	True	23	0.235	0.215	loh	TP	TP
chr8	88091097	88093387	2290	54	0	1	6	nested_b_in_a	nested_b_in_a	1-1	1-1	True	61	0.118	0.1	loh	FP	FP
chr8	88098375	88108267	9892	42	0	1	4	nested_b_in_a	nested_b_in_a	3	3	True	47	0.122	0.063	loh	FP	FP
chr8	88098375	88119364	20989	17	0	1	3	nested_b_in_a	nested_b_in_a	3	3	True	21	0.122	0.115	loh	FP	FP
chr8	88101185	88108267	7082	52	0	1	4	nested_b_in_a	nested_b_in_a	3	3	True	57	0.099	0.063	loh	FP	FP
chr8	88169683	88175612	5929	39	0	2	12	nested_b_in_a	nested_b_in_a	3	3	True	53	0.275	0.236	loh	TP	TP
chr8	88267351	88269552	2201	61	0	1	7	nested_b_in_a	nested_b_in_a	2-1	2-1	True	69	0.1	0.106	loh	FP	FP
chr8	88310676	88310775	99	53	0	2	8	nested_b_in_a	nested_b_in_a	2-1	2-1	True	63	0.182	0.132	loh	FP	FP
chr8	88310676	88312619	1943	47	0	1	8	nested_b_in_a	nested_b_in_a	2-1	2-1	True	56	0.182	0.116	loh	FP	FP
chr8	88332072	88337442	5370	57	0	1	3	nested_b_in_a	nested_b_in_a	2-1	2-1	True	61	0.053	0.044	loh	FP	FP
chr8	88483102	88484810	1708	62	0	2	10	nested_b_in_a	nested_b_in_a	3	3	True	74	0.154	0.125	loh	FP	FP
chr8	88483102	88485639	2537	57	0	1	9	nested_b_in_a	nested_b_in_a	3	3	True	67	0.154	0.127	loh	FP	FP
chr8	88483499	88484810	1311	60	0	3	10	nested_b_in_a	nested_b_in_a	3	3	True	73	0.179	0.125	loh	FP	FP
chr8	88483499	88485639	2140	54	0	3	9	nested_b_in_a	nested_b_in_a	3	3	True	66	0.179	0.127	loh	FP	FP
chr8	88483499	88512563	29064	6	0	1	2	nested_b_in_a	nested_b_in_a	3	3	True	9	0.179	0.06	loh	FP	FP
chr8	88485039	88485639	600	66	0	1	9	nested_b_in_a	nested_b_in_a	3	3	True	76	0.136	0.127	loh	FP	FP
chr8	88637616	88649057	11441	24	0	1	5	nested_b_in_a	nested_b_in_a	1-1	1-1	True	30	0.121	0.111	loh	FP	FP
chr8	88645009	88649057	4048	44	0	2	5	nested_b_in_a	nested_b_in_a	1-1	1-1	True	51	0.127	0.111	loh	FP	FP
chr8	89306858	89330223	23365	0	0	9	7	nested_b_in_a	nested_b_in_a	2-1	2-1	True	16	1.0	0.247	loh	TP	TP
chr8	89791496	89797894	6398	33	0	1	4	nested_b_in_a	nested_b_in_a	2-1	2-1	True	38	0.09	0.068	loh	FP	FP
chr8	90469193	90481047	11854	16	0	12	11	nested_b_in_a	nested_b_in_a	2-1	2-1	True	39	0.604	0.325	loh	TP	TP
chr8	91291447	91298396	6949	16	0	14	7	nested_b_in_a	nested_b_in_a	1-1	1-1	True	37	0.608	0.243	loh	TP	TP
chr8	91291447	91298397	6950	16	0	15	6	nested_b_in_a	nested_b_in_a	1-1	1-1	True	37	0.608	0.23	loh	TP	TP
chr8	91291447	91300345	8898	13	0	5	13	nested_b_in_a	nested_b_in_a	1-1	1-1	True	31	0.608	0.342	loh	TP	TP
chr8	91298396	91298397	1	56	0	1	17	nested_b_in_a	nested_b_in_a	1-1	1-1	True	74	0.243	0.23	loh	TP	TP
chr8	92207657	92208030	373	72	0	1	8	nested_b_in_a	nested_b_in_a	1-1	1-1	True	81	0.107	0.091	loh	FP	FP
chr8	92454646	92456466	1820	2	0	27	18	nested_b_in_a	nested_b_in_a	1-1	1-1	True	47	0.969	0.345	loh	TP	TP
chr8	92454646	92473172	18526	0	0	4	2	nested_b_in_a	nested_b_in_a	1-1	1-1	True	6	0.969	0.403	loh	TP	TP
chr8	93037093	93037829	736	43	0	2	23	nested_b_in_a	nested_b_in_a	2-1	2-1	True	68	0.36	0.351	loh	TP	TP
chr8	93095985	93100542	4557	62	0	1	5	nested_b_in_a	nested_b_in_a	3	3	True	68	0.101	0.094	loh	FP	FP
chr8	93448226	93452524	4298	46	0	1	8	nested_b_in_a	nested_b_in_a	1-1	1-1	True	55	0.172	0.17	loh	FP	FP
chr8	93448226	93465251	17025	17	0	1	4	nested_b_in_a	nested_b_in_a	1-1	1-1	True	22	0.172	0.111	loh	FP	FP
chr8	93448226	93469697	21471	14	0	1	2	nested_b_in_a	nested_b_in_a	1-1	1-1	True	17	0.172	0.107	loh	FP	FP
chr8	93465251	93481519	16268	10	0	1	4	nested_b_in_a	nested_b_in_a	1-1	1-1	True	15	0.111	0.152	loh	FP	FP
chr8	93465251	93484791	19540	6	0	1	3	nested_b_in_a	nested_b_in_a	1-1	1-1	True	10	0.111	0.188	loh	FP	FP
chr8	93469697	93479686	9989	17	0	1	5	nested_b_in_a	nested_b_in_a	1-1	1-1	True	23	0.107	0.169	loh	FP	FP
chr8	93469697	93481519	11822	14	0	2	4	nested_b_in_a	nested_b_in_a	1-1	1-1	True	20	0.107	0.152	loh	FP	FP
chr8	93469697	93483559	13862	10	0	1	3	nested_b_in_a	nested_b_in_a	1-1	1-1	True	14	0.107	0.176	loh	FP	FP
chr8	93469697	93484769	15072	9	0	1	4	nested_b_in_a	nested_b_in_a	1-1	1-1	True	14	0.107	0.211	loh	FP	FP
chr8	93469697	93484791	15094	9	0	2	3	nested_b_in_a	nested_b_in_a	1-1	1-1	True	14	0.107	0.188	loh	FP	FP
chr8	93469697	93484798	15101	9	0	1	4	nested_b_in_a	nested_b_in_a	1-1	1-1	True	14	0.107	0.211	loh	FP	FP
chr8	93469697	93484839	15142	9	0	1	3	nested_b_in_a	nested_b_in_a	1-1	1-1	True	13	0.107	0.189	loh	FP	FP
chr8	93469697	93484843	15146	9	0	1	2	nested_b_in_a	nested_b_in_a	1-1	1-1	True	12	0.107	0.174	loh	FP	FP
chr8	93469697	93489243	19546	6	0	1	3	nested_b_in_a	nested_b_in_a	1-1	1-1	True	10	0.107	0.193	loh	FP	FP
chr8	93479686	93481519	1833	49	0	1	10	nested_b_in_a	nested_b_in_a	1-1	1-1	True	60	0.169	0.152	loh	FP	FP
chr8	93479686	93484791	5105	37	0	1	10	nested_b_in_a	nested_b_in_a	1-1	1-1	True	48	0.169	0.188	loh	FP	FP
chr8	93484750	93484791	41	73	0	5	18	nested_b_in_a	nested_b_in_a	1-1	1-1	True	96	0.24	0.188	loh	FP	FP
chr8	93484750	93484839	89	73	0	4	18	nested_b_in_a	nested_b_in_a	1-1	1-1	True	95	0.24	0.189	loh	FP	FP
chr8	93484750	93484843	93	72	0	4	16	nested_b_in_a	nested_b_in_a	1-1	1-1	True	92	0.24	0.174	loh	FP	FP
chr8	93484769	93484791	22	75	0	3	17	nested_b_in_a	nested_b_in_a	1-1	1-1	True	95	0.211	0.188	loh	FP	FP
chr8	93484769	93484839	70	75	0	2	17	nested_b_in_a	nested_b_in_a	1-1	1-1	True	94	0.211	0.189	loh	FP	FP
chr8	93484769	93484843	74	74	0	2	15	nested_b_in_a	nested_b_in_a	1-1	1-1	True	91	0.211	0.174	loh	FP	FP
chr8	93484798	93484839	41	75	0	2	17	nested_b_in_a	nested_b_in_a	1-1	1-1	True	94	0.211	0.189	loh	FP	FP
chr8	93484798	93484843	45	74	0	2	15	nested_b_in_a	nested_b_in_a	1-1	1-1	True	91	0.211	0.174	loh	FP	FP
chr8	93610444	93617953	7509	47	0	1	4	nested_b_in_a	nested_b_in_a	1-1	1-1	True	52	0.12	0.066	loh	FP	FP
chr8	93610444	93617991	7547	47	0	1	4	nested_b_in_a	nested_b_in_a	1-1	1-1	True	52	0.12	0.066	loh	FP	FP
chr8	93610444	93620822	10378	35	0	1	3	nested_b_in_a	nested_b_in_a	1-1	1-1	True	39	0.12	0.082	loh	FP	FP
chr8	93610444	93631656	21212	8	0	1	2	nested_b_in_a	nested_b_in_a	1-1	1-1	True	11	0.12	0.1	loh	FP	FP
chr8	93610444	93635591	25147	6	0	1	2	nested_b_in_a	nested_b_in_a	1-1	1-1	True	9	0.12	0.081	loh	FP	FP
chr8	93611895	93617953	6058	47	0	1	4	nested_b_in_a	nested_b_in_a	1-1	1-1	True	52	0.117	0.066	loh	FP	FP
chr8	93611895	93617991	6096	47	0	1	4	nested_b_in_a	nested_b_in_a	1-1	1-1	True	52	0.117	0.066	loh	FP	FP
chr8	93611895	93620822	8927	34	0	1	3	nested_b_in_a	nested_b_in_a	1-1	1-1	True	38	0.117	0.082	loh	FP	FP
chr8	93611895	93631656	19761	9	0	1	2	nested_b_in_a	nested_b_in_a	1-1	1-1	True	12	0.117	0.1	loh	FP	FP
chr8	93611895	93635591	23696	6	0	1	2	nested_b_in_a	nested_b_in_a	1-1	1-1	True	9	0.117	0.081	loh	FP	FP
chr8	93741178	93741402	224	76	0	1	10	nested_b_in_a	nested_b_in_a	3	3	True	87	0.121	0.112	loh	FP	FP
chr8	93835475	93860900	25425	7	0	1	1	sparse	nested_b_in_a	2-1	2-1	True	9	0.124	0.12	loh	FP	FP
chr8	93962228	93986073	23845	8	0	1	8	nested_b_in_a	nested_b_in_a	1-1	1-1	True	17	0.215	0.211	loh	FP	FP
chr8	93963743	93986073	22330	8	0	1	8	nested_b_in_a	nested_b_in_a	1-1	1-1	True	17	0.214	0.211	loh	FP	FP
chr8	93972527	93983983	11456	31	0	2	8	nested_b_in_a	nested_b_in_a	3	3	True	41	0.186	0.108	loh	FP	FP
chr8	93972577	93983983	11406	30	0	3	8	nested_b_in_a	nested_b_in_a	3	3	True	41	0.212	0.108	loh	FP	FP
chr8	93973553	93983983	10430	31	0	3	8	nested_b_in_a	nested_b_in_a	3	3	True	42	0.204	0.108	loh	FP	FP
chr8	93981592	93983058	1466	68	0	1	17	nested_b_in_a	nested_b_in_a	1-1	1-1	True	86	0.229	0.191	loh	FP	FP
chr8	93982845	93983027	182	82	0	1	19	nested_b_in_a	nested_b_in_a	1-1	1-1	True	102	0.21	0.182	loh	FP	FP
chr8	93982845	93983058	213	81	0	1	20	nested_b_in_a	nested_b_in_a	1-1	1-1	True	102	0.21	0.191	loh	FP	FP
chr8	93982845	93985656	2811	63	0	1	17	nested_b_in_a	nested_b_in_a	1-1	1-1	True	81	0.21	0.196	loh	FP	FP
chr8	93982845	93985881	3036	59	0	2	15	nested_b_in_a	nested_b_in_a	1-1	1-1	True	76	0.21	0.189	loh	FP	FP
chr8	93983027	93985881	2854	65	0	1	13	nested_b_in_a	nested_b_in_a	1-1	1-1	True	79	0.182	0.189	loh	FP	FP
chr8	93983058	93985881	2823	64	0	1	14	nested_b_in_a	nested_b_in_a	1-1	1-1	True	79	0.191	0.189	loh	FP	FP
chr8	93984105	93985656	1551	75	0	1	19	nested_b_in_a	nested_b_in_a	1-1	1-1	True	95	0.186	0.196	loh	FP	FP
chr8	93984105	93985881	1776	71	0	2	17	nested_b_in_a	nested_b_in_a	1-1	1-1	True	90	0.186	0.189	loh	FP	FP
chr8	93985656	93985881	225	85	0	1	20	nested_b_in_a	nested_b_in_a	1-1	1-1	True	106	0.196	0.189	loh	FP	FP
chr8	94170573	94171262	689	60	0	1	5	nested_b_in_a	nested_b_in_a	2-1	2-1	True	66	0.096	0.1	loh	FP	FP
chr8	94329329	94345867	16538	17	0	1	2	nested_b_in_a	nested_b_in_a	1-1	1-1	True	20	0.292	0.284	loh	TP	TP
chr8	94915474	94919260	3786	53	0	1	5	nested_b_in_a	nested_b_in_a	2-1	2-1	True	59	0.108	0.141	loh	FP	FP
chr8	94930450	94944798	14348	26	0	2	5	nested_b_in_a	nested_b_in_a	1-1	1-1	True	33	0.286	0.218	loh	TP	TP
chr8	95501168	95519794	18626	17	0	1	6	nested_b_in_a	nested_b_in_a	1-1	1-1	True	24	0.28	0.299	loh	TP	TP
chr8	96044136	96062757	18621	1	0	8	6	nested_b_in_a	nested_b_in_a	1-1	1-1	True	15	0.974	0.333	loh	TP	TP
chr8	96044136	96068395	24259	1	0	11	1	mutual_excl	nested_b_in_a	1-1	1-1	True	13	0.974	0.333	loh	TP	TP
chr8	96851201	96879305	28104	0	0	6	1	mutual_excl	nested_b_in_a	2-1	2-1	True	7	0.918	0.449	loh	TP	TP
chr8	96851201	96885500	34299	0	0	2	4	nested_b_in_a	nested_b_in_a	2-1	2-1	True	6	0.918	0.333	loh	TP	TP
chr8	96933417	96961655	28238	8	0	1	4	nested_b_in_a	nested_b_in_a	2-1	2-1	True	13	0.307	0.306	loh	TP	TP
chr8	97692066	97719849	27783	0	0	6	2	nested_b_in_a	nested_b_in_a	2-1	2-1	True	8	0.976	0.341	loh	TP	TP
chr8	97888470	97910152	21682	2	0	17	5	nested_b_in_a	nested_b_in_a	2-1	2-1	True	24	0.942	0.325	loh	TP	TP
chr8	99815931	99820672	4741	40	0	1	7	nested_b_in_a	nested_b_in_a	3	3	True	48	0.154	0.139	loh	FP	FP
chr8	99825495	99831810	6315	42	0	3	6	nested_b_in_a	nested_b_in_a	1-1	1-1	True	51	0.15	0.105	loh	FP	FP
chr8	99827449	99831810	4361	50	0	3	6	nested_b_in_a	nested_b_in_a	1-1	1-1	True	59	0.134	0.105	loh	FP	FP
chr8	99853185	99855093	1908	56	0	1	5	nested_b_in_a	nested_b_in_a	2-1	2-1	True	62	0.093	0.122	loh	FP	FP
chr8	99853185	99858889	5704	45	0	2	2	nested_b_in_a	nested_b_in_a	2-1	2-1	True	49	0.093	0.083	loh	FP	FP
chr8	99853185	99866638	13453	22	0	1	3	nested_b_in_a	nested_b_in_a	2-1	2-1	True	26	0.093	0.117	loh	FP	FP
chr8	99853185	99866860	13675	21	0	1	3	nested_b_in_a	nested_b_in_a	2-1	2-1	True	25	0.093	0.121	loh	FP	FP
chr8	99853185	99868676	15491	16	0	1	3	nested_b_in_a	nested_b_in_a	2-1	2-1	True	20	0.093	0.148	loh	FP	FP
chr8	99855093	99858889	3796	56	0	1	4	nested_b_in_a	nested_b_in_a	2-1	2-1	True	61	0.122	0.083	loh	FP	FP
chr8	99868676	99887565	18889	12	0	1	1	sparse	nested_b_in_a	2-1	2-1	True	14	0.148	0.13	loh	FP	FP
chr8	99868676	99890167	21491	10	0	1	1	sparse	nested_b_in_a	2-1	2-1	True	12	0.148	0.129	loh	FP	FP
chr8	99868676	99892049	23373	10	0	1	1	sparse	nested_b_in_a	2-1	2-1	True	12	0.148	0.097	loh	FP	FP
chr8	99868676	99893933	25257	7	0	1	1	sparse	nested_b_in_a	2-1	2-1	True	9	0.148	0.103	loh	FP	FP
chr8	99868676	99894334	25658	8	0	1	1	sparse	nested_b_in_a	2-1	2-1	True	10	0.148	0.109	loh	FP	FP
chr8	99868676	99895567	26891	8	0	1	1	sparse	nested_b_in_a	2-1	2-1	True	10	0.148	0.14	loh	FP	FP
chr8	99868676	99896199	27523	6	0	1	1	sparse	nested_b_in_a	2-1	2-1	True	8	0.148	0.12	loh	FP	FP
chr8	99890167	99892049	1882	68	0	4	7	nested_b_in_a	nested_b_in_a	2-1	2-1	True	79	0.129	0.097	loh	FP	FP
chr8	99890167	99893933	3766	47	0	3	8	nested_b_in_a	nested_b_in_a	2-1	2-1	True	58	0.129	0.103	loh	FP	FP
chr8	99890167	99894334	4167	51	0	3	8	nested_b_in_a	nested_b_in_a	2-1	2-1	True	62	0.129	0.109	loh	FP	FP
chr8	99890167	99895567	5400	46	0	3	8	nested_b_in_a	nested_b_in_a	2-1	2-1	True	57	0.129	0.14	loh	FP	FP
chr8	99890167	99896199	6032	39	0	3	8	nested_b_in_a	nested_b_in_a	2-1	2-1	True	50	0.129	0.12	loh	FP	FP
chr8	99890167	99901346	11179	34	0	3	3	nested_b_in_a	nested_b_in_a	2-1	2-1	True	40	0.129	0.089	loh	FP	FP
chr8	99895567	99896199	632	69	0	1	11	nested_b_in_a	nested_b_in_a	2-1	2-1	True	81	0.14	0.12	loh	FP	FP
chr8	99895567	99901346	5779	53	0	1	5	nested_b_in_a	nested_b_in_a	2-1	2-1	True	59	0.14	0.089	loh	FP	FP
chr8	99919477	99919597	120	70	0	1	5	nested_b_in_a	nested_b_in_a	3	3	True	76	0.079	0.063	loh	FP	FP
chr8	99926672	99926792	120	80	0	2	7	nested_b_in_a	nested_b_in_a	3	3	True	89	0.1	0.076	loh	FP	FP
chr8	99926672	99927871	1199	70	0	2	6	nested_b_in_a	nested_b_in_a	3	3	True	78	0.1	0.079	loh	FP	FP
chr8	100001145	100011494	10349	31	0	2	3	nested_b_in_a	nested_b_in_a	2-1	2-1	True	36	0.067	0.132	loh	FP	FP
chr8	100001145	100014004	12859	27	0	2	2	nested_b_in_a	nested_b_in_a	2-1	2-1	True	31	0.067	0.081	loh	FP	FP
chr8	100011494	100028056	16562	24	0	1	1	sparse	nested_b_in_a	2-1	2-1	True	26	0.132	0.094	loh	FP	FP
chr8	100011494	100028276	16782	24	0	1	1	sparse	nested_b_in_a	2-1	2-1	True	26	0.132	0.112	loh	FP	FP
chr8	100014004	100028056	14052	34	0	1	1	sparse	nested_b_in_a	2-1	2-1	True	36	0.081	0.094	loh	FP	FP
chr8	100014004	100028276	14272	34	0	1	1	sparse	nested_b_in_a	2-1	2-1	True	36	0.081	0.112	loh	FP	FP
chr8	100479811	100480807	996	73	0	1	7	nested_b_in_a	nested_b_in_a	2-1	2-1	True	81	0.093	0.081	loh	FP	FP
chr8	100479811	100482390	2579	64	0	3	5	nested_b_in_a	nested_b_in_a	2-1	2-1	True	72	0.093	0.084	loh	FP	FP
chr8	100479811	100482685	2874	61	0	2	6	nested_b_in_a	nested_b_in_a	2-1	2-1	True	69	0.093	0.09	loh	FP	FP
chr8	100479811	100487356	7545	45	0	2	6	nested_b_in_a	nested_b_in_a	2-1	2-1	True	53	0.093	0.163	loh	FP	FP
chr8	100479811	100491119	11308	32	0	1	5	nested_b_in_a	nested_b_in_a	2-1	2-1	True	38	0.093	0.157	loh	FP	FP
chr8	100479811	100491592	11781	27	0	1	4	nested_b_in_a	nested_b_in_a	2-1	2-1	True	32	0.093	0.153	loh	FP	FP
chr8	100480807	100482390	1583	68	0	2	5	nested_b_in_a	nested_b_in_a	2-1	2-1	True	75	0.081	0.084	loh	FP	FP
chr8	100480807	100482685	1878	66	0	1	6	nested_b_in_a	nested_b_in_a	2-1	2-1	True	73	0.081	0.09	loh	FP	FP
chr8	100480807	100487356	6549	47	0	1	6	nested_b_in_a	nested_b_in_a	2-1	2-1	True	54	0.081	0.163	loh	FP	FP
chr8	100480807	100491119	10312	33	0	1	5	nested_b_in_a	nested_b_in_a	2-1	2-1	True	39	0.081	0.157	loh	FP	FP
chr8	100480807	100491592	10785	28	0	1	4	nested_b_in_a	nested_b_in_a	2-1	2-1	True	33	0.081	0.153	loh	FP	FP
chr8	100482434	100482685	251	78	0	1	7	nested_b_in_a	nested_b_in_a	2-1	2-1	True	86	0.088	0.09	loh	FP	FP
chr8	100482434	100487356	4922	50	0	1	7	nested_b_in_a	nested_b_in_a	2-1	2-1	True	58	0.088	0.163	loh	FP	FP
chr8	100629747	100633981	4234	49	0	1	8	nested_b_in_a	nested_b_in_a	2-1	2-1	True	58	0.151	0.143	loh	FP	FP
chr8	100629747	100636519	6772	41	0	1	6	nested_b_in_a	nested_b_in_a	2-1	2-1	True	48	0.151	0.129	loh	FP	FP
chr8	100633981	100636519	2538	56	0	1	9	nested_b_in_a	nested_b_in_a	2-1	2-1	True	66	0.143	0.129	loh	FP	FP
chr8	100743447	100744753	1306	76	0	1	11	nested_b_in_a	nested_b_in_a	2-1	2-1	True	88	0.122	0.133	loh	FP	FP
chr8	100743447	100746587	3140	64	0	1	9	nested_b_in_a	nested_b_in_a	2-1	2-1	True	74	0.122	0.111	loh	FP	FP
chr8	100743447	100751258	7811	40	0	1	8	nested_b_in_a	nested_b_in_a	2-1	2-1	True	49	0.122	0.137	loh	FP	FP
chr8	100745310	100751258	5948	46	0	1	9	nested_b_in_a	nested_b_in_a	2-1	2-1	True	56	0.149	0.137	loh	FP	FP
chr8	100746587	100748990	2403	56	0	1	7	nested_b_in_a	nested_b_in_a	2-1	2-1	True	64	0.111	0.145	loh	FP	FP
chr8	100746587	100751258	4671	47	0	1	8	nested_b_in_a	nested_b_in_a	2-1	2-1	True	56	0.111	0.137	loh	FP	FP
chr8	100748990	100751258	2268	57	0	1	10	nested_b_in_a	nested_b_in_a	2-1	2-1	True	68	0.145	0.137	loh	FP	FP
chr13	51433540	51436140	2600	27	0	16	1	mutual_excl	nested_b_in_a	1-1	1-1	True	44	0.431	0.051	loh	TP	FP
chr13	67311425	67316699	5274	0	0	17	8	nested_b_in_a	nested_b_in_a	2-1	2-1	True	25	1.0	0.34	loh	TP	TP
chr13	69719616	69724685	5069	0	0	1	24	nested_b_in_a	nested_b_in_a	2-1	2-1	True	25	1.0	0.95	loh	TP	TP
chr13	72102768	72103004	236	1	0	33	14	nested_b_in_a	nested_b_in_a	2-1	2-1	True	48	0.98	0.294	loh	TP	TP
chr13	72131094	72134159	3065	0	0	13	25	nested_b_in_a	nested_b_in_a	2-1	2-1	True	38	0.981	0.612	loh	TP	TP
chr13	72131094	72138949	7855	0	0	19	4	nested_b_in_a	nested_b_in_a	2-1	2-1	True	23	0.981	0.333	loh	TP	TP
chr13	72354335	72357557	3222	2	0	1	38	nested_b_in_a	nested_b_in_a	1-1	1-1	True	41	0.943	0.94	loh	TP	TP
chr13	72811567	72812866	1299	36	0	1	30	nested_b_in_a	nested_b_in_a	1-1	1-1	True	67	0.467	0.452	loh	TP	TP
chr13	72842579	72844363	1784	20	0	1	20	nested_b_in_a	nested_b_in_a	2-1	2-1	True	41	0.511	0.429	loh	TP	TP
chr13	73340584	73361436	20852	0	0	3	4	nested_b_in_a	nested_b_in_a	2-1	2-1	True	7	0.944	0.422	loh	TP	TP
chr13	76903623	76920184	16561	0	0	2	12	nested_b_in_a	nested_b_in_a	1-1	1-1	True	14	0.979	0.956	loh	TP	TP
chr13	78987093	79002603	15510	2	0	7	5	nested_b_in_a	nested_b_in_a	1-1	1-1	True	14	0.921	0.386	loh	TP	TP
chr13	82568949	82579269	10320	0	0	2	21	nested_b_in_a	nested_b_in_a	2-1	2-1	True	23	0.957	0.909	loh	TP	TP
chr13	85347730	85348298	568	0	0	15	19	nested_b_in_a	nested_b_in_a	2-1	2-1	True	34	1.0	0.575	loh	TP	TP
chr13	86145243	86155140	9897	1	0	15	7	nested_b_in_a	nested_b_in_a	2-1	2-1	True	23	0.932	0.271	loh	TP	FP
chr13	95758530	95780279	21749	0	0	7	2	nested_b_in_a	nested_b_in_a	1-1	1-1	True	9	1.0	0.432	loh	TP	TP
chr13	98382128	98402904	20776	0	0	4	2	nested_b_in_a	nested_b_in_a	1-1	1-1	True	6	0.921	0.522	loh	TP	TP
chr13	100245084	100247443	2359	2	0	19	11	nested_b_in_a	nested_b_in_a	2-1	2-1	True	32	0.949	0.304	loh	TP	TP
chr13	105790472	105804073	13601	1	0	11	2	nested_b_in_a	nested_b_in_a	1-1	1-1	True	14	0.977	0.208	loh	TP	FP
chr13	107366932	107367064	132	44	0	1	4	nested_b_in_a	nested_b_in_a	2-1	2-1	True	49	0.102	0.077	loh	FP	FP
chr13	108648018	108654674	6656	9	0	1	12	nested_b_in_a	nested_b_in_a	2-1	2-1	True	22	0.521	0.568	loh	TP	TP
chr13	109653969	109666836	12867	0	0	7	5	nested_b_in_a	nested_b_in_a	2-1	2-1	True	12	0.97	0.404	loh	TP	TP
chr18	1375399	1397113	21714	5	0	2	2	nested_b_in_a	nested_b_in_a	2-1	2-1	True	9	0.554	0.274	loh	TP	TP
chr18	1390394	1397113	6719	23	0	4	10	nested_b_in_a	nested_b_in_a	2-1	2-1	True	37	0.383	0.274	loh	TP	TP
chr18	3028840	3050921	22081	0	0	1	7	nested_b_in_a	nested_b_in_a	1-1	1-1	True	8	0.982	0.947	loh	TP	TP
chr18	3281964	3299083	17119	0	0	11	5	nested_b_in_a	nested_b_in_a	1-1	1-1	True	16	1.0	0.4	loh	TP	TP
chr18	4848875	4867702	18827	3	0	1	5	nested_b_in_a	nested_b_in_a	1-1	1-1	True	9	0.5	0.452	loh	TP	TP
chr18	7157036	7179014	21978	0	0	1	8	nested_b_in_a	nested_b_in_a	2-1	2-1	True	9	0.982	0.938	loh	TP	TP
chr18	7179014	7179015	1	2	0	1	44	nested_b_in_a	nested_b_in_a	2-1	2-1	True	47	0.938	0.94	loh	TP	TP
chr18	8758132	8777675	19543	0	0	1	16	nested_b_in_a	nested_b_in_a	1-1	1-1	True	17	0.983	0.925	loh	TP	TP
chr18	8830196	8832586	2390	0	0	1	48	nested_b_in_a	nested_b_in_a	1-1	1-1	True	49	1.0	0.982	loh	TP	TP
chr18	8830196	8836715	6519	0	0	3	34	nested_b_in_a	nested_b_in_a	1-1	1-1	True	37	1.0	0.891	loh	TP	TP
chr18	9777310	9777311	1	28	0	1	31	nested_b_in_a	nested_b_in_a	1-1	1-1	True	60	0.533	0.508	loh	TP	TP
chr18	10665932	10670330	4398	1	0	16	17	nested_b_in_a	nested_b_in_a	1-1	1-1	True	34	0.979	0.585	loh	TP	TP
chr18	10960964	10985457	24493	0	0	6	4	nested_b_in_a	nested_b_in_a	1-1	1-1	True	10	0.983	0.556	loh	TP	TP
chr4	64735	69161	4426	1	0	3	34	nested_b_in_a	nested_b_in_a	2-1	2-1	True	38	0.694	0.879	neutral	TP	TP
chr4	717529	730855	13326	0	0	7	5	nested_b_in_a	nested_b_in_a	2-1	2-1	True	12	0.939	0.417	neutral	TP	TP
chr4	3380268	3398283	18015	12	0	1	6	nested_b_in_a	nested_b_in_a	1-1	1-1	True	19	0.308	0.462	loh	TP	TP
chr4	3443654	3465100	21446	0	0	6	4	nested_b_in_a	nested_b_in_a	1-1	1-1	True	10	0.93	0.411	loh	TP	TP
chr4	3702921	3704535	1614	37	0	1	2	nested_b_in_a	nested_b_in_a	2-1	2-1	True	40	0.083	0.083	loh	FP	FP
chr4	4492684	4497417	4733	3	0	15	12	nested_b_in_a	nested_b_in_a	2-1	2-1	True	30	0.929	0.471	loh	TP	TP
chr4	8329819	8333906	4087	1	0	2	32	nested_b_in_a	nested_b_in_a	2-1	2-1	True	35	0.946	0.925	loh	TP	TP
chr4	9630211	9630250	39	45	0	2	2	nested_b_in_a	nested_b_in_a	2-1	2-1	True	49	0.078	0.041	loh	FP	FP
chr4	9630211	9630430	219	45	0	2	2	nested_b_in_a	nested_b_in_a	2-1	2-1	True	49	0.078	0.041	loh	FP	FP
chr4	9912441	9922581	10140	1	0	9	7	nested_b_in_a	nested_b_in_a	2-1	2-1	True	17	0.913	0.514	loh	TP	TP
chr4	9918274	9922581	4307	10	0	2	15	nested_b_in_a	nested_b_in_a	2-1	2-1	True	27	0.583	0.514	loh	TP	TP
chr4	10862243	10862832	589	39	0	2	3	nested_b_in_a	nested_b_in_a	2-1	2-1	True	44	0.106	0.065	loh	FP	FP
chr4	10862243	10863078	835	38	0	2	3	nested_b_in_a	nested_b_in_a	2-1	2-1	True	43	0.106	0.061	loh	FP	FP
chr4	13885526	13891664	6138	0	0	3	23	nested_b_in_a	nested_b_in_a	1-1	1-1	True	26	0.979	0.911	loh	TP	TP
chr4	13885526	13905291	19765	0	0	9	6	nested_b_in_a	nested_b_in_a	1-1	1-1	True	15	0.979	0.485	loh	TP	TP
chr4	13885526	13905292	19766	0	0	9	5	nested_b_in_a	nested_b_in_a	1-1	1-1	True	14	0.979	0.477	loh	TP	TP
chr4	13891664	13905291	13627	3	0	10	11	nested_b_in_a	nested_b_in_a	1-1	1-1	True	24	0.911	0.485	loh	TP	TP
chr4	13891664	13905292	13628	3	0	10	10	nested_b_in_a	nested_b_in_a	1-1	1-1	True	23	0.911	0.477	loh	TP	TP
chr4	13891664	13916414	24750	0	0	5	2	nested_b_in_a	nested_b_in_a	1-1	1-1	True	7	0.911	0.306	loh	TP	TP
chr4	13905291	13905292	1	33	0	1	31	nested_b_in_a	nested_b_in_a	1-1	1-1	True	65	0.485	0.477	loh	TP	TP
chr4	14981669	14983136	1467	26	0	1	3	nested_b_in_a	nested_b_in_a	3	3	True	30	0.121	0.1	loh	FP	FP
chr4	14981669	14984033	2364	24	0	1	3	nested_b_in_a	nested_b_in_a	3	3	True	28	0.121	0.086	loh	FP	FP
chr4	14981669	14984384	2715	23	0	1	3	nested_b_in_a	nested_b_in_a	3	3	True	27	0.121	0.091	loh	FP	FP
chr4	15118725	15121531	2806	11	0	1	4	nested_b_in_a	nested_b_in_a	1-1	1-1	True	16	0.273	0.2	loh	FP	FP
chr4	15118963	15121531	2568	10	0	1	4	nested_b_in_a	nested_b_in_a	1-1	1-1	True	15	0.316	0.2	loh	FP	FP
chr4	15118963	15127087	8124	5	0	1	3	nested_b_in_a	nested_b_in_a	1-1	1-1	True	9	0.316	0.238	loh	FP	FP
chr4	15120205	15121531	1326	14	0	1	4	nested_b_in_a	nested_b_in_a	1-1	1-1	True	19	0.238	0.2	loh	FP	FP
chr4	39760446	39761846	1400	57	0	1	4	nested_b_in_a	nested_b_in_a	3	3	True	62	0.066	0.054	neutral	FP	FP
chr4	42664777	42667292	2515	21	0	20	7	nested_b_in_a	nested_b_in_a	2-1	2-1	True	48	0.565	0.136	neutral	TP	TP
chr4	140560981	140576635	15654	0	0	5	12	nested_b_in_a	nested_b_in_a	1-1	1-1	True	17	0.979	0.557	loh	TP	TP
chr4	145261686	145262848	1162	24	0	1	4	nested_b_in_a	nested_b_in_a	1-1	1-1	True	29	0.158	0.143	loh	FP	FP
chr4	149408927	149412344	3417	0	0	3	32	nested_b_in_a	nested_b_in_a	2-1	2-1	True	35	1.0	0.895	loh	TP	TP
chr4	150567965	150579230	11265	9	0	2	12	nested_b_in_a	nested_b_in_a	2-1	2-1	True	23	0.491	0.5	loh	TP	TP
chr4	152140073	152141552	1479	34	0	2	4	nested_b_in_a	nested_b_in_a	1-1	1-1	True	40	0.13	0.104	loh	FP	FP
chr4	152140073	152147364	7291	25	0	2	2	nested_b_in_a	nested_b_in_a	1-1	1-1	True	29	0.13	0.064	loh	FP	FP
chr4	152140073	152147857	7784	26	0	2	2	nested_b_in_a	nested_b_in_a	1-1	1-1	True	30	0.13	0.06	loh	FP	FP
chr4	152140073	152148136	8063	24	0	1	2	nested_b_in_a	nested_b_in_a	1-1	1-1	True	27	0.13	0.064	loh	FP	FP
chr4	152733270	152736283	3013	34	0	1	3	nested_b_in_a	nested_b_in_a	1-1	1-1	True	38	0.08	0.062	loh	FP	FP
chr4	152733270	152737172	3902	34	0	1	3	nested_b_in_a	nested_b_in_a	1-1	1-1	True	38	0.08	0.062	loh	FP	FP
chr4	152733270	152739908	6638	28	0	1	3	nested_b_in_a	nested_b_in_a	1-1	1-1	True	32	0.08	0.059	loh	FP	FP
chr4	155330253	155335464	5211	3	0	3	32	nested_b_in_a	nested_b_in_a	2-1	2-1	True	38	0.944	0.875	loh	TP	TP
chr4	159551369	159552644	1275	26	0	2	2	nested_b_in_a	nested_b_in_a	2-1	2-1	True	30	0.147	0.05	loh	FP	FP
chr4	160567257	160573186	5929	9	0	4	1	mutual_excl	nested_b_in_a	1-1	1-1	True	14	0.545	0.059	loh	TP	FP
chr4	162016119	162016164	45	3	0	3	36	nested_b_in_a	nested_b_in_a	2-1	2-1	True	42	0.93	0.86	loh	TP	TP
chr4	162197743	162211216	13473	0	0	4	6	nested_b_in_a	nested_b_in_a	2-1	2-1	True	10	0.946	0.467	loh	TP	TP
chr4	162960046	162967044	6998	0	0	19	7	nested_b_in_a	nested_b_in_a	1-1	1-1	True	26	1.0	0.368	loh	TP	TP
chr4	163628077	163642286	14209	4	0	7	1	mutual_excl	nested_b_in_a	2-1	2-1	True	12	0.614	0.083	loh	TP	FP
chr4	165508050	165513456	5406	0	0	18	6	nested_b_in_a	nested_b_in_a	1-1	1-1	True	24	1.0	0.312	loh	TP	TP
chr4	166360172	166377966	17794	4	0	9	1	mutual_excl	nested_b_in_a	1-1	1-1	True	14	0.816	0.073	loh	TP	FP
chr4	169456776	169466164	9388	15	0	1	2	nested_b_in_a	nested_b_in_a	2-1	2-1	True	18	0.095	0.065	loh	FP	FP
chr4	169456776	169466601	9825	15	0	1	2	nested_b_in_a	nested_b_in_a	2-1	2-1	True	18	0.095	0.067	loh	FP	FP
chr4	170829685	170834344	4659	2	0	21	20	nested_b_in_a	nested_b_in_a	3	3	True	43	0.964	0.507	loh	TP	TP
chr4	172489634	172515867	26233	1	0	15	1	mutual_excl	nested_b_in_a	2-1	2-1	True	17	0.943	0.062	loh	TP	FP
chr4	175360011	175386665	26654	0	0	1	5	nested_b_in_a	nested_b_in_a	1-1	1-1	True	6	0.938	0.882	loh	TP	TP
chr4	175653794	175654575	781	1	0	21	22	nested_b_in_a	nested_b_in_a	2-1	2-1	True	44	0.98	0.469	loh	TP	TP
chr4	176565327	176576527	11200	1	0	7	8	nested_b_in_a	nested_b_in_a	1-1	1-1	True	16	0.978	0.516	loh	TP	TP
chr4	178398954	178401245	2291	1	0	2	35	nested_b_in_a	nested_b_in_a	2-1	2-1	True	38	0.979	0.941	loh	TP	TP
chr4	178767126	178773609	6483	33	0	1	2	nested_b_in_a	nested_b_in_a	2-1	2-1	True	36	0.075	0.066	loh	FP	FP
chr4	179401712	179431991	30279	0	0	4	2	nested_b_in_a	nested_b_in_a	2-1	2-1	True	6	0.98	0.125	loh	TP	FP
chr4	180769975	180784784	14809	1	0	4	4	nested_b_in_a	nested_b_in_a	2-1	2-1	True	9	0.963	0.535	loh	TP	TP
chr4	180964617	180979458	14841	0	0	11	1	mutual_excl	nested_b_in_a	1-1	1-1	True	12	0.961	0.087	loh	TP	FP
chr4	181231950	181250688	18738	0	0	2	10	nested_b_in_a	nested_b_in_a	1-1	1-1	True	12	0.984	0.929	loh	TP	TP
chr4	181506808	181514706	7898	0	0	2	21	nested_b_in_a	nested_b_in_a	1-1	1-1	True	23	0.981	0.927	loh	TP	TP
chr4	182981078	183010145	29067	0	0	1	6	nested_b_in_a	nested_b_in_a	1-1	1-1	True	7	0.953	0.902	loh	TP	TP
chr4	183010145	183029092	18947	0	0	6	2	nested_b_in_a	nested_b_in_a	1-1	1-1	True	8	0.902	0.438	loh	TP	TP
chr4	184575264	184596641	21377	0	0	1	15	nested_b_in_a	nested_b_in_a	1-1	1-1	True	16	0.985	0.932	loh	TP	TP
chr4	185471145	185471147	2	49	0	1	10	nested_b_in_a	nested_b_in_a	2-1	2-1	True	60	0.175	0.159	loh	FP	FP
chr4	187851511	187877483	25972	0	0	7	1	mutual_excl	nested_b_in_a	1-1	1-1	True	8	0.927	0.5	loh	TP	TP
chr4	188677418	188681677	4259	2	0	18	2	nested_b_in_a	nested_b_in_a	1-1	1-1	True	22	0.906	0.075	loh	TP	TP
chr4	188677418	188687826	10408	1	0	2	10	nested_b_in_a	nested_b_in_a	1-1	1-1	True	13	0.906	0.5	loh	TP	TP
chr4	189865484	189870604	5120	1	0	17	5	nested_b_in_a	nested_b_in_a	1-1	1-1	True	23	0.944	0.167	loh	TP	FP
chr4	189870598	189870604	6	37	0	3	7	nested_b_in_a	nested_b_in_a	1-1	1-1	True	47	0.213	0.167	loh	FP	FP
chr9	19164722	19195717	30995	0	0	4	2	nested_b_in_a	nested_b_in_a	1-1	1-1	True	6	0.967	0.484	loh	TP	TP
chr9	22330606	22348627	18021	0	0	9	2	nested_b_in_a	nested_b_in_a	1-1	1-1	True	11	0.938	0.074	loh	TP	TP
chr9	26744813	26760297	15484	0	0	5	6	nested_b_in_a	nested_b_in_a	1-1	1-1	True	11	1.0	0.463	loh	TP	TP
chr9	28467775	28481137	13362	0	0	11	8	nested_b_in_a	nested_b_in_a	1-1	1-1	True	19	0.979	0.53	loh	TP	TP
chr9	29816941	29828827	11886	0	0	1	11	nested_b_in_a	nested_b_in_a	1-1	1-1	True	12	1.0	0.976	loh	TP	TP
chr9	30126211	30146998	20787	0	0	2	11	nested_b_in_a	nested_b_in_a	1-1	1-1	True	13	0.964	0.926	loh	TP	TP
chr9	30374811	30375867	1056	3	0	30	24	nested_b_in_a	nested_b_in_a	2-1	2-1	True	57	0.939	0.435	loh	TP	TP
chr9	30374811	30375868	1057	3	0	26	26	nested_b_in_a	nested_b_in_a	2-1	2-1	True	55	0.939	0.492	loh	TP	TP
chr9	37536781	37549011	12230	0	0	5	12	nested_b_in_a	nested_b_in_a	1-1	1-1	True	17	0.963	0.594	loh	TP	TP
chr9	38698718	38709142	10424	0	0	2	27	nested_b_in_a	nested_b_in_a	1-1	1-1	True	29	0.909	0.93	loh	TP	TP
chr9	112015766	112020957	5191	40	0	1	3	nested_b_in_a	nested_b_in_a	1-1	1-1	True	44	0.067	0.059	loh	FP	FP
chr9	114492283	114510082	17799	0	0	14	4	nested_b_in_a	nested_b_in_a	1-1	1-1	True	18	1.0	0.258	loh	TP	TP
chr9	116232221	116254388	22167	0	0	5	4	nested_b_in_a	nested_b_in_a	2-1	2-1	True	9	0.982	0.339	loh	TP	TP
chr9	118471674	118480901	9227	1	0	12	14	nested_b_in_a	nested_b_in_a	1-1	1-1	True	27	0.984	0.516	loh	TP	TP
chr9	118664931	118671409	6478	10	0	11	3	nested_b_in_a	nested_b_in_a	1-1	1-1	True	24	0.568	0.111	loh	TP	TP
chr9	119130011	119131645	1634	2	0	12	22	nested_b_in_a	nested_b_in_a	1-1	1-1	True	36	0.936	0.627	loh	TP	TP
chr9	119130011	119145059	15048	0	0	6	8	nested_b_in_a	nested_b_in_a	1-1	1-1	True	14	0.936	0.529	loh	TP	TP
chr9	120372986	120372993	7	51	0	1	7	nested_b_in_a	nested_b_in_a	2-1	2-1	True	59	0.145	0.119	loh	FP	FP
chr9	123273210	123273211	1	3	0	1	63	nested_b_in_a	nested_b_in_a	2-1	2-1	True	67	0.955	0.915	loh	TP	TP
chr9	124153717	124163156	9439	1	0	13	18	nested_b_in_a	nested_b_in_a	2-1	2-1	True	32	0.955	0.529	loh	TP	TP
chr9	124807065	124816793	9728	0	0	11	13	nested_b_in_a	nested_b_in_a	2-1	2-1	True	24	0.98	0.459	loh	TP	TP
chr9	124807067	124816793	9726	0	0	11	13	nested_b_in_a	nested_b_in_a	2-1	2-1	True	24	1.0	0.459	loh	TP	TP
chr9	126445755	126455857	10102	2	0	1	32	nested_b_in_a	nested_b_in_a	1-1	1-1	True	35	0.939	0.953	loh	TP	TP
chr9	127111816	127113054	1238	48	0	2	5	nested_b_in_a	nested_b_in_a	1-1	1-1	True	55	0.145	0.079	loh	FP	FP
chr14	37894592	37898407	3815	2	0	30	15	nested_b_in_a	nested_b_in_a	1-1	1-1	True	47	0.954	0.322	loh	TP	TP
chr14	38390546	38399516	8970	1	0	18	22	nested_b_in_a	nested_b_in_a	1-1	1-1	True	41	0.986	0.471	loh	TP	TP
chr14	38827025	38853466	26441	1	0	6	2	nested_b_in_a	nested_b_in_a	1-1	1-1	True	9	0.986	0.327	loh	TP	TP
chr14	39508403	39521430	13027	1	0	13	9	nested_b_in_a	nested_b_in_a	1-1	1-1	True	23	0.962	0.467	loh	TP	TP
chr14	43431875	43461570	29695	0	0	4	3	nested_b_in_a	nested_b_in_a	1-1	1-1	True	7	1.0	0.6	loh	TP	TP
chr14	44103196	44133127	29931	0	0	3	4	nested_b_in_a	nested_b_in_a	2-1	2-1	True	7	0.97	0.389	loh	TP	TP
chr14	61993007	62014675	21668	1	0	1	6	nested_b_in_a	nested_b_in_a	2-1	2-1	True	8	0.795	0.94	loh	TP	TP
chr14	70060890	70070433	9543	2	0	15	16	nested_b_in_a	nested_b_in_a	1-1	1-1	True	33	0.946	0.434	loh	TP	TP
chr14	70861465	70881360	19895	2	0	3	6	nested_b_in_a	nested_b_in_a	1-1	1-1	True	11	0.905	0.486	loh	TP	TP
chr14	72508217	72525304	17087	1	0	8	9	nested_b_in_a	nested_b_in_a	2-1	2-1	True	18	0.953	0.509	loh	TP	TP
chr14	73880672	73900099	19427	2	0	1	13	nested_b_in_a	nested_b_in_a	1-1	1-1	True	16	0.948	0.918	loh	TP	TP
chr14	73880672	73900269	19597	2	0	3	11	nested_b_in_a	nested_b_in_a	1-1	1-1	True	16	0.948	0.884	loh	TP	TP
chr19	794596	816214	21618	0	0	12	1	mutual_excl	nested_b_in_a	2-1	2-1	True	13	0.974	0.105	loh	TP	FP
chr19	816214	816285	71	51	0	1	5	nested_b_in_a	nested_b_in_a	2-1	2-1	True	57	0.105	0.076	loh	FP	FP
chr19	2300061	2302172	2111	1	0	21	18	nested_b_in_a	nested_b_in_a	1-1	1-1	True	40	0.96	0.468	loh	TP	TP
chr19	3718334	3718984	650	2	0	1	51	nested_b_in_a	nested_b_in_a	1-1	1-1	True	54	0.966	0.95	loh	TP	TP
chr19	7016651	7017724	1073	3	0	44	3	nested_b_in_a	nested_b_in_a	1-1	1-1	True	50	0.947	0.05	loh	TP	FP
chr19	7544124	7558283	14159	1	0	6	10	nested_b_in_a	nested_b_in_a	1-1	1-1	True	17	0.963	0.525	loh	TP	TP
chr19	9930725	9937766	7041	0	0	16	7	nested_b_in_a	nested_b_in_a	1-1	1-1	True	23	0.886	0.263	loh	TP	TP
chr19	11403084	11429451	26367	1	0	2	3	nested_b_in_a	nested_b_in_a	1-1	1-1	True	6	0.867	0.521	loh	TP	TP
chr19	42317248	42342617	25369	0	0	5	3	nested_b_in_a	nested_b_in_a	1-1	1-1	True	8	0.984	0.389	loh	TP	TP
chr19	42804492	42815161	10669	1	0	1	17	nested_b_in_a	nested_b_in_a	1-1	1-1	True	19	0.962	0.929	loh	TP	TP
chr19	43187187	43198461	11274	0	0	11	12	nested_b_in_a	nested_b_in_a	1-1	1-1	True	23	0.932	0.491	loh	TP	TP
chr19	44919295	44937072	17777	0	0	5	2	nested_b_in_a	nested_b_in_a	1-1	1-1	True	7	0.945	0.38	loh	TP	TP
chr19	44919295	44939236	19941	0	0	7	1	mutual_excl	nested_b_in_a	1-1	1-1	True	8	0.945	0.1	loh	TP	FP
chr19	45631031	45633359	2328	34	0	1	2	nested_b_in_a	nested_b_in_a	2-1	2-1	True	37	0.077	0.061	loh	FP	FP
chr19	49421496	49441902	20406	5	0	5	4	nested_b_in_a	nested_b_in_a	1-1	1-1	True	14	0.581	0.343	loh	TP	TP
chr19	50798096	50827455	29359	1	0	1	5	nested_b_in_a	nested_b_in_a	1-1	1-1	True	7	0.328	0.321	loh	TP	TP
chr19	51263281	51276044	12763	16	0	2	5	nested_b_in_a	nested_b_in_a	1-1	1-1	True	23	0.369	0.318	loh	TP	TP
chr19	51841942	51843761	1819	25	0	2	32	nested_b_in_a	nested_b_in_a	2-1	2-1	True	59	0.595	0.507	loh	TP	TP
chr19	51841942	51863021	21079	5	0	6	6	nested_b_in_a	nested_b_in_a	2-1	2-1	True	17	0.595	0.333	loh	TP	TP
chr19	51843761	51863021	19260	6	0	6	4	nested_b_in_a	nested_b_in_a	2-1	2-1	True	16	0.507	0.333	loh	TP	TP
chr19	53645974	53661058	15084	15	0	1	5	nested_b_in_a	nested_b_in_a	2-1	2-1	True	21	0.342	0.265	loh	TP	TP
chr19	53997813	54018319	20506	9	0	1	11	nested_b_in_a	nested_b_in_a	2-1	2-1	True	21	0.602	0.602	loh	TP	TP
chr19	54793551	54808956	15405	13	0	6	11	nested_b_in_a	nested_b_in_a	2-1	2-1	True	30	0.642	0.42	loh	TP	TP
chr19	54936893	54942516	5623	45	0	1	14	nested_b_in_a	nested_b_in_a	2-1	2-1	True	60	0.26	0.258	loh	TP	TP
chr19	57391534	57397066	5532	36	0	1	15	nested_b_in_a	nested_b_in_a	2-1	2-1	True	52	0.325	0.387	loh	TP	TP
chr19	58025263	58042156	16893	13	0	2	1	mutual_excl	nested_b_in_a	2-1	2-1	True	16	0.246	0.107	loh	TP	FP
chr19	58387450	58408619	21169	0	0	2	9	nested_b_in_a	nested_b_in_a	2-1	2-1	True	11	0.963	0.955	loh	TP	TP
chr5	50873519	50876004	2485	17	0	3	21	nested_b_in_a	nested_b_in_a	2-1	2-1	True	41	0.547	0.533	loh	TP	TP
chr5	51576991	51582098	5107	1	0	1	27	nested_b_in_a	nested_b_in_a	2-1	2-1	True	29	0.961	0.959	loh	TP	TP
chr5	54802660	54804504	1844	1	0	1	39	nested_b_in_a	nested_b_in_a	2-1	2-1	True	41	0.98	0.96	loh	TP	TP
chr5	57098525	57110102	11577	0	0	20	8	nested_b_in_a	nested_b_in_a	2-1	2-1	True	28	0.962	0.397	loh	TP	TP
chr5	58141764	58149434	7670	1	0	17	20	nested_b_in_a	nested_b_in_a	2-1	2-1	True	38	0.985	0.507	loh	TP	TP
chr5	64105460	64113505	8045	1	0	3	20	nested_b_in_a	nested_b_in_a	2-1	2-1	True	24	0.942	0.9	loh	TP	TP
chr5	64105460	64123717	18257	0	0	6	3	nested_b_in_a	nested_b_in_a	2-1	2-1	True	9	0.942	0.429	loh	TP	TP
chr5	64105460	64127790	22330	0	0	2	6	nested_b_in_a	nested_b_in_a	2-1	2-1	True	8	0.942	0.483	loh	TP	TP
chr5	64113505	64123717	10212	1	0	11	7	nested_b_in_a	nested_b_in_a	2-1	2-1	True	19	0.9	0.429	loh	TP	TP
chr5	67839121	67839638	517	1	0	41	17	nested_b_in_a	nested_b_in_a	1-1	1-1	True	59	0.986	0.283	loh	TP	FP
chr5	68001406	68005260	3854	2	0	42	3	nested_b_in_a	nested_b_in_a	1-1	1-1	True	47	0.948	0.071	loh	TP	TP
chr5	68756926	68756955	29	1	0	3	44	nested_b_in_a	nested_b_in_a	1-1	1-1	True	48	0.962	0.9	loh	TP	TP
chr5	71469724	71470074	350	2	0	42	7	nested_b_in_a	nested_b_in_a	2-1	2-1	True	51	0.962	0.135	loh	TP	FP
chr5	76130304	76154248	23944	0	0	6	2	nested_b_in_a	nested_b_in_a	1-1	1-1	True	8	0.981	0.523	loh	TP	TP
chr5	78722270	78744117	21847	0	0	5	8	nested_b_in_a	nested_b_in_a	1-1	1-1	True	13	0.984	0.5	loh	TP	TP
chr5	82387954	82399030	11076	1	0	9	11	nested_b_in_a	nested_b_in_a	2-1	2-1	True	21	0.955	0.534	loh	TP	TP
chr5	82387954	82413187	25233	0	0	3	3	nested_b_in_a	nested_b_in_a	2-1	2-1	True	6	0.955	0.255	loh	TP	TP
chr5	82412257	82413187	930	2	0	32	8	nested_b_in_a	nested_b_in_a	2-1	2-1	True	42	0.957	0.255	loh	TP	TP
chr5	82806319	82823645	17326	2	0	8	8	nested_b_in_a	nested_b_in_a	2-1	2-1	True	18	0.946	0.526	loh	TP	TP
chr5	82960450	82962264	1814	3	0	37	9	nested_b_in_a	nested_b_in_a	2-1	2-1	True	49	0.951	0.15	loh	TP	FP
chr5	83919584	83944390	24806	0	0	4	6	nested_b_in_a	nested_b_in_a	2-1	2-1	True	10	0.909	0.567	loh	TP	TP
chr5	87830078	87831563	1485	4	0	33	23	nested_b_in_a	nested_b_in_a	1-1	1-1	True	60	0.926	0.412	loh	TP	TP
chr5	88350542	88351330	788	1	0	29	17	nested_b_in_a	nested_b_in_a	1-1	1-1	True	47	0.981	0.404	loh	TP	TP
chr5	90812916	90832114	19198	0	0	6	1	mutual_excl	nested_b_in_a	1-1	1-1	True	7	0.953	0.509	loh	TP	TP
chr5	92008394	92012540	4146	1	0	1	33	nested_b_in_a	nested_b_in_a	1-1	1-1	True	35	0.967	0.966	loh	TP	TP
chr5	93204995	93223369	18374	0	0	5	7	nested_b_in_a	nested_b_in_a	1-1	1-1	True	12	0.968	0.559	loh	TP	TP
chr5	93204995	93223370	18375	0	0	6	6	nested_b_in_a	nested_b_in_a	1-1	1-1	True	12	0.968	0.542	loh	TP	TP
chr5	93223369	93223370	1	26	0	1	32	nested_b_in_a	nested_b_in_a	1-1	1-1	True	59	0.559	0.542	loh	TP	TP
chr5	96538609	96540183	1574	1	0	14	33	nested_b_in_a	nested_b_in_a	2-1	2-1	True	48	0.965	0.684	loh	TP	TP
chr5	102020593	102036323	15730	0	0	7	5	nested_b_in_a	nested_b_in_a	2-1	2-1	True	12	0.983	0.476	loh	TP	TP
chr5	103129447	103129910	463	0	0	31	20	nested_b_in_a	nested_b_in_a	2-1	2-1	True	51	1.0	0.407	loh	TP	TP
chr5	104101438	104111871	10433	1	0	6	11	nested_b_in_a	nested_b_in_a	1-1	1-1	True	18	0.981	0.52	loh	TP	TP
chr5	105074726	105080999	6273	0	0	18	16	nested_b_in_a	nested_b_in_a	1-1	1-1	True	34	0.94	0.451	loh	TP	TP
chr5	105153577	105155943	2366	16	0	1	25	nested_b_in_a	nested_b_in_a	2-1	2-1	True	42	0.615	0.592	loh	TP	TP
chr5	106536814	106557886	21072	0	0	7	3	nested_b_in_a	nested_b_in_a	1-1	1-1	True	10	0.958	0.392	loh	TP	TP
chr5	113552781	113572805	20024	0	0	6	7	nested_b_in_a	nested_b_in_a	2-1	2-1	True	13	0.982	0.509	loh	TP	TP
chr5	113860107	113871062	10955	1	0	1	21	nested_b_in_a	nested_b_in_a	1-1	1-1	True	23	0.963	0.952	loh	TP	TP
chr5	114047200	114058046	10846	1	0	14	10	nested_b_in_a	nested_b_in_a	1-1	1-1	True	25	0.964	0.415	loh	TP	TP
chr5	114336455	114355114	18659	0	0	8	5	nested_b_in_a	nested_b_in_a	1-1	1-1	True	13	0.981	0.377	loh	TP	TP
chr5	115151639	115166696	15057	0	0	4	20	nested_b_in_a	nested_b_in_a	1-1	1-1	True	24	0.97	0.842	loh	TP	TP
chr5	115151639	115170437	18798	0	0	4	10	nested_b_in_a	nested_b_in_a	1-1	1-1	True	14	0.97	0.849	loh	TP	TP
chr5	115343155	115343599	444	49	0	1	2	nested_b_in_a	nested_b_in_a	1-1	1-1	True	52	0.074	0.052	loh	FP	FP
chr5	115343155	115345037	1882	44	0	1	2	nested_b_in_a	nested_b_in_a	1-1	1-1	True	47	0.074	0.055	loh	FP	FP
chr5	119701911	119703787	1876	4	0	21	16	nested_b_in_a	nested_b_in_a	1-1	1-1	True	41	0.926	0.382	loh	TP	TP
chr5	119701911	119716464	14553	1	0	10	3	nested_b_in_a	nested_b_in_a	1-1	1-1	True	14	0.926	0.282	loh	TP	FP
chr5	122192659	122204608	11949	0	0	9	6	nested_b_in_a	nested_b_in_a	2-1	2-1	True	15	1.0	0.4	loh	TP	TP
chr5	123253835	123273106	19271	0	0	10	2	nested_b_in_a	nested_b_in_a	1-1	1-1	True	12	0.901	0.193	loh	TP	FP
chr5	124889702	124910960	21258	0	0	3	6	nested_b_in_a	nested_b_in_a	2-1	2-1	True	9	0.982	0.483	loh	TP	TP
chr5	130122405	130135239	12834	2	0	5	7	nested_b_in_a	nested_b_in_a	1-1	1-1	True	14	0.952	0.583	loh	TP	TP
chr5	130203092	130203765	673	0	0	5	44	nested_b_in_a	nested_b_in_a	1-1	1-1	True	49	1.0	0.914	loh	TP	TP
chr5	130203092	130209208	6116	0	0	17	16	nested_b_in_a	nested_b_in_a	1-1	1-1	True	33	1.0	0.494	loh	TP	TP
chr5	130203092	130222066	18974	0	0	1	8	nested_b_in_a	nested_b_in_a	1-1	1-1	True	9	1.0	0.967	loh	TP	TP
chr5	131805021	131823262	18241	0	0	8	8	nested_b_in_a	nested_b_in_a	2-1	2-1	True	16	0.986	0.441	loh	TP	TP
chr5	138117158	138117198	40	58	0	1	2	nested_b_in_a	nested_b_in_a	3	3	True	61	0.049	0.031	loh	FP	FP
chr5	138402289	138421367	19078	0	0	5	7	nested_b_in_a	nested_b_in_a	1-1	1-1	True	12	1.0	0.5	loh	TP	TP
chr5	139095924	139109458	13534	0	0	8	10	nested_b_in_a	nested_b_in_a	1-1	1-1	True	18	0.889	0.413	loh	TP	TP
chr5	139099235	139109458	10223	0	0	10	13	nested_b_in_a	nested_b_in_a	1-1	1-1	True	23	0.981	0.413	loh	TP	TP
chr5	159736550	159748702	12152	16	0	1	25	nested_b_in_a	nested_b_in_a	1-1	1-1	True	42	0.629	0.667	loh	TP	TP
chr5	160193805	160199483	5678	30	0	1	13	nested_b_in_a	nested_b_in_a	1-1	1-1	True	44	0.288	0.325	loh	TP	TP
chr5	161193846	161207753	13907	11	0	1	20	nested_b_in_a	nested_b_in_a	2-1	2-1	True	32	0.681	0.614	loh	TP	TP
chr5	161334128	161345486	11358	0	0	20	8	nested_b_in_a	nested_b_in_a	2-1	2-1	True	28	0.987	0.272	loh	TP	TP
chr5	161617633	161637358	19725	9	0	1	10	nested_b_in_a	nested_b_in_a	2-1	2-1	True	20	0.663	0.621	loh	TP	TP
chr5	164484486	164486037	1551	1	0	39	21	nested_b_in_a	nested_b_in_a	2-1	2-1	True	61	0.986	0.37	loh	TP	TP
chr5	164484486	164505894	21408	0	0	14	2	nested_b_in_a	nested_b_in_a	2-1	2-1	True	16	0.986	0.378	loh	TP	TP
chr5	164966260	164996731	30471	3	0	3	4	nested_b_in_a	nested_b_in_a	2-1	2-1	True	10	0.68	0.253	loh	TP	TP
chr5	165818407	165840373	21966	0	0	9	8	nested_b_in_a	nested_b_in_a	2-1	2-1	True	17	0.931	0.398	loh	TP	TP
chr5	166495839	166499370	3531	20	0	17	16	nested_b_in_a	nested_b_in_a	1-1	1-1	True	53	0.595	0.325	loh	TP	TP
chr5	170100526	170120166	19640	1	0	14	5	nested_b_in_a	nested_b_in_a	1-1	1-1	True	20	0.892	0.267	loh	TP	TP
chr5	170542421	170545832	3411	12	0	23	11	nested_b_in_a	nested_b_in_a	1-1	1-1	True	46	0.803	0.279	loh	TP	TP
chr5	171677602	171680516	2914	1	0	38	26	nested_b_in_a	nested_b_in_a	2-1	2-1	True	65	0.975	0.395	loh	TP	TP
chr5	171677602	171694829	17227	1	0	22	8	nested_b_in_a	nested_b_in_a	2-1	2-1	True	31	0.975	0.367	loh	TP	TP
chr5	172009777	172035270	25493	4	0	3	3	nested_b_in_a	nested_b_in_a	1-1	1-1	True	10	0.654	0.321	loh	TP	TP
chr5	172813089	172825155	12066	20	0	1	16	nested_b_in_a	nested_b_in_a	1-1	1-1	True	37	0.429	0.371	loh	TP	TP
chr5	175081627	175093824	12197	18	0	1	8	nested_b_in_a	nested_b_in_a	1-1	1-1	True	27	0.271	0.36	loh	TP	TP
chr5	175946003	175946509	506	63	0	1	22	nested_b_in_a	nested_b_in_a	1-1	1-1	True	86	0.303	0.25	loh	FP	FP
chr5	175946428	175946509	81	61	0	2	21	nested_b_in_a	nested_b_in_a	1-1	1-1	True	84	0.319	0.25	loh	FP	FP
chr5	176844944	176849796	4852	10	0	1	33	nested_b_in_a	nested_b_in_a	3	3	True	44	0.761	0.691	loh	TP	TP
chr5	177454599	177478968	24369	5	0	7	6	nested_b_in_a	nested_b_in_a	2-1	2-1	True	18	0.653	0.203	loh	TP	TP
chr5	177463804	177478968	15164	1	0	17	7	nested_b_in_a	nested_b_in_a	2-1	2-1	True	25	0.952	0.203	loh	TP	TP
chr5	179360292	179393666	33374	0	0	3	5	nested_b_in_a	nested_b_in_a	2-1	2-1	True	8	0.989	0.61	loh	TP	TP
chr10	120465	128231	7766	0	0	2	37	nested_b_in_a	nested_b_in_a	1-1	1-1	True	39	1.0	0.972	loh	TP	TP
chr10	1712309	1739768	27459	1	0	4	2	nested_b_in_a	nested_b_in_a	1-1	1-1	True	7	0.951	0.345	loh	TP	TP
chr10	2588570	2591173	2603	0	0	2	45	nested_b_in_a	nested_b_in_a	2-1	2-1	True	47	1.0	0.971	loh	TP	TP
chr10	3528212	3533305	5093	1	0	16	14	nested_b_in_a	nested_b_in_a	1-1	1-1	True	31	0.979	0.48	loh	TP	TP
chr10	4408456	4417857	9401	27	0	1	2	nested_b_in_a	nested_b_in_a	3	3	True	30	0.081	0.033	loh	FP	FP
chr10	6216956	6227914	10958	1	0	11	13	nested_b_in_a	nested_b_in_a	2-1	2-1	True	25	0.951	0.571	loh	TP	TP
chr10	10357294	10359378	2084	1	0	22	34	nested_b_in_a	nested_b_in_a	1-1	1-1	True	57	0.985	0.6	loh	TP	TP
chr10	10399859	10417169	17310	0	0	3	17	nested_b_in_a	nested_b_in_a	1-1	1-1	True	20	0.94	0.885	loh	TP	TP
chr10	10555424	10564761	9337	1	0	7	6	nested_b_in_a	nested_b_in_a	1-1	1-1	True	14	0.952	0.354	loh	TP	TP
chr10	10820686	10823476	2790	31	0	2	2	nested_b_in_a	nested_b_in_a	3	3	True	35	0.095	0.067	loh	FP	FP
chr10	11313752	11330539	16787	0	0	1	10	nested_b_in_a	nested_b_in_a	2-1	2-1	True	11	0.957	0.959	loh	TP	TP
chr10	13850223	13869426	19203	0	0	5	5	nested_b_in_a	nested_b_in_a	2-1	2-1	True	10	0.927	0.511	loh	TP	TP
chr10	13894696	13902630	7934	1	0	1	30	nested_b_in_a	nested_b_in_a	2-1	2-1	True	32	0.969	0.949	loh	TP	TP
chr10	17370596	17370597	1	1	0	1	62	nested_b_in_a	nested_b_in_a	2-1	2-1	True	64	0.875	0.969	loh	TP	TP
chr10	17370596	17394221	23625	1	0	5	3	nested_b_in_a	nested_b_in_a	2-1	2-1	True	9	0.875	0.105	loh	TP	TP
chr10	17370597	17394221	23624	0	0	5	3	nested_b_in_a	nested_b_in_a	2-1	2-1	True	8	0.969	0.105	loh	TP	TP
chr10	20139139	20153966	14827	0	0	11	6	nested_b_in_a	nested_b_in_a	2-1	2-1	True	17	1.0	0.442	loh	TP	TP
chr10	21724601	21728277	3676	0	0	1	30	nested_b_in_a	nested_b_in_a	1-1	1-1	True	31	1.0	0.98	loh	TP	TP
chr10	21728277	21751390	23113	0	0	2	4	nested_b_in_a	nested_b_in_a	1-1	1-1	True	6	0.98	0.537	loh	TP	TP
chr10	26983769	26992507	8738	3	0	21	5	nested_b_in_a	nested_b_in_a	2-1	2-1	True	29	0.932	0.164	loh	TP	FP
chr10	28910188	28917865	7677	1	0	13	13	nested_b_in_a	nested_b_in_a	2-1	2-1	True	27	0.958	0.415	loh	TP	TP
chr10	31532875	31536696	3821	20	0	1	17	nested_b_in_a	nested_b_in_a	2-1	2-1	True	38	0.519	0.446	loh	TP	TP
chr10	66126573	66138454	11881	0	0	10	5	nested_b_in_a	nested_b_in_a	1-1	1-1	True	15	0.932	0.309	loh	TP	TP
chr10	67032492	67033544	1052	35	0	1	2	nested_b_in_a	nested_b_in_a	1-1	1-1	True	38	0.075	0.07	loh	FP	FP
chr10	70493807	70514342	20535	0	0	5	6	nested_b_in_a	nested_b_in_a	2-1	2-1	True	11	0.985	0.509	loh	TP	TP
chr10	71449116	71468933	19817	0	0	5	2	nested_b_in_a	nested_b_in_a	2-1	2-1	True	7	1.0	0.49	loh	TP	TP
chr10	75335062	75344238	9176	3	0	12	11	nested_b_in_a	nested_b_in_a	3	3	True	26	0.902	0.491	loh	TP	TP
chr10	75992384	76001460	9076	0	0	14	12	nested_b_in_a	nested_b_in_a	2-1	2-1	True	26	0.966	0.49	loh	TP	TP
chr10	80651138	80658308	7170	0	0	18	9	nested_b_in_a	nested_b_in_a	1-1	1-1	True	27	0.964	0.519	loh	TP	TP
chr10	83008801	83025838	17037	0	0	8	1	mutual_excl	nested_b_in_a	1-1	1-1	True	9	1.0	0.44	loh	TP	TP
chr10	88299137	88307715	8578	0	0	10	13	nested_b_in_a	nested_b_in_a	2-1	2-1	True	23	0.985	0.51	loh	TP	TP
chr10	89623610	89635145	11535	1	0	17	3	nested_b_in_a	nested_b_in_a	1-1	1-1	True	21	0.927	0.164	loh	TP	FP
chr10	92050427	92078128	27701	0	0	6	4	nested_b_in_a	nested_b_in_a	1-1	1-1	True	10	0.922	0.471	loh	TP	TP
chr10	93988809	94000842	12033	0	0	11	7	nested_b_in_a	nested_b_in_a	2-1	2-1	True	18	0.944	0.291	loh	TP	TP
chr10	94482092	94504260	22168	1	0	3	8	nested_b_in_a	nested_b_in_a	2-1	2-1	True	12	0.984	0.83	loh	TP	TP
chr10	96337120	96353123	16003	1	0	8	3	nested_b_in_a	nested_b_in_a	2-1	2-1	True	12	0.981	0.434	loh	TP	TP
chr10	99484522	99484523	1	27	0	1	22	nested_b_in_a	nested_b_in_a	2-1	2-1	True	50	0.46	0.44	loh	TP	TP
chr10	104197252	104212454	15202	0	0	10	10	nested_b_in_a	nested_b_in_a	1-1	1-1	True	20	1.0	0.452	loh	TP	TP
chr10	104474282	104498597	24315	0	0	5	4	nested_b_in_a	nested_b_in_a	1-1	1-1	True	9	0.956	0.507	loh	TP	TP
chr10	104474282	104501504	27222	0	0	1	5	nested_b_in_a	nested_b_in_a	1-1	1-1	True	6	0.956	0.754	loh	TP	TP
chr10	104498597	104510352	11755	15	0	1	12	nested_b_in_a	nested_b_in_a	1-1	1-1	True	28	0.507	0.493	loh	TP	TP
chr10	104929678	104929679	1	2	0	1	62	nested_b_in_a	nested_b_in_a	1-1	1-1	True	65	0.969	0.955	loh	TP	TP
chr10	105425240	105435553	10313	0	0	11	14	nested_b_in_a	nested_b_in_a	1-1	1-1	True	25	0.983	0.472	loh	TP	TP
chr10	109474486	109489719	15233	0	0	5	3	nested_b_in_a	nested_b_in_a	2-1	2-1	True	8	0.946	0.444	loh	TP	TP
chr10	111136532	111144510	7978	1	0	1	32	nested_b_in_a	nested_b_in_a	1-1	1-1	True	34	0.984	0.962	loh	TP	TP
chr10	111139984	111144510	4526	1	0	1	37	nested_b_in_a	nested_b_in_a	1-1	1-1	True	39	0.984	0.962	loh	TP	TP
chr10	111164813	111169025	4212	1	0	2	35	nested_b_in_a	nested_b_in_a	1-1	1-1	True	38	0.941	0.889	loh	TP	TP
chr10	131800339	131819860	19521	4	0	5	2	nested_b_in_a	nested_b_in_a	2-1	2-1	True	11	0.514	0.211	loh	TP	FP
chr10	132110627	132134725	24098	0	0	11	2	nested_b_in_a	nested_b_in_a	1-1	1-1	True	13	0.982	0.245	loh	TP	TP
chr15	17079546	17079804	258	58	0	2	16	nested_b_in_a	nested_b_in_a	1-1	1-1	True	76	0.231	0.205	neutral	FP	FP
chr15	23012616	23039616	27000	0	0	1	9	nested_b_in_a	nested_b_in_a	2-1	2-1	True	10	0.982	0.94	loh	TP	TP
chr15	24320577	24322848	2271	35	0	1	3	nested_b_in_a	nested_b_in_a	2-1	2-1	True	39	0.085	0.077	loh	FP	FP
chr15	25571447	25575695	4248	1	0	12	9	nested_b_in_a	nested_b_in_a	1-1	1-1	True	22	0.894	0.333	loh	TP	TP
chr15	27306214	27306311	97	43	0	3	10	nested_b_in_a	nested_b_in_a	2-1	2-1	True	56	0.25	0.179	loh	FP	FP
chr15	27306470	27306522	52	42	0	1	14	nested_b_in_a	nested_b_in_a	2-1	2-1	True	57	0.263	0.254	loh	FP	FP
chr15	31096121	31115297	19176	0	0	5	7	nested_b_in_a	nested_b_in_a	2-1	2-1	True	12	0.982	0.63	loh	TP	TP
chr15	33535882	33548789	12907	1	0	11	9	nested_b_in_a	nested_b_in_a	1-1	1-1	True	21	0.968	0.475	loh	TP	TP
chr15	39148262	39173554	25292	0	0	2	4	nested_b_in_a	nested_b_in_a	2-1	2-1	True	6	0.955	0.492	loh	TP	TP
chr15	46220692	46223845	3153	1	0	2	33	nested_b_in_a	nested_b_in_a	1-1	1-1	True	36	0.981	0.894	loh	TP	TP
chr15	46220692	46228504	7812	1	0	1	18	nested_b_in_a	nested_b_in_a	1-1	1-1	True	20	0.981	0.898	loh	TP	TP
chr15	46229076	46242669	13593	0	0	1	13	nested_b_in_a	nested_b_in_a	1-1	1-1	True	14	0.962	0.911	loh	TP	TP
chr15	46229076	46245092	16016	0	0	1	13	nested_b_in_a	nested_b_in_a	1-1	1-1	True	14	0.962	0.942	loh	TP	TP
chr15	46229076	46245739	16663	0	0	1	12	nested_b_in_a	nested_b_in_a	1-1	1-1	True	13	0.962	0.935	loh	TP	TP
chr15	46241844	46242669	825	1	0	2	37	nested_b_in_a	nested_b_in_a	1-1	1-1	True	40	0.981	0.911	loh	TP	TP
chr15	46241844	46244613	2769	1	0	1	36	nested_b_in_a	nested_b_in_a	1-1	1-1	True	38	0.981	0.943	loh	TP	TP
chr15	46241844	46245092	3248	1	0	1	33	nested_b_in_a	nested_b_in_a	1-1	1-1	True	35	0.981	0.942	loh	TP	TP
chr15	46241844	46245739	3895	1	0	1	32	nested_b_in_a	nested_b_in_a	1-1	1-1	True	34	0.981	0.935	loh	TP	TP
chr15	46242669	46268995	26326	0	0	1	5	nested_b_in_a	nested_b_in_a	1-1	1-1	True	6	0.911	0.951	loh	TP	TP
chr15	46242876	46244613	1737	2	0	1	41	nested_b_in_a	nested_b_in_a	1-1	1-1	True	44	0.959	0.943	loh	TP	TP
chr15	46242876	46244718	1842	2	0	1	36	nested_b_in_a	nested_b_in_a	1-1	1-1	True	39	0.959	0.939	loh	TP	TP
chr15	46242876	46245092	2216	2	0	1	38	nested_b_in_a	nested_b_in_a	1-1	1-1	True	41	0.959	0.942	loh	TP	TP
chr15	46242876	46245739	2863	2	0	1	37	nested_b_in_a	nested_b_in_a	1-1	1-1	True	40	0.959	0.935	loh	TP	TP
chr15	46242876	46268995	26119	0	0	1	5	nested_b_in_a	nested_b_in_a	1-1	1-1	True	6	0.959	0.951	loh	TP	TP
chr15	46244613	46251887	7274	2	0	1	26	nested_b_in_a	nested_b_in_a	1-1	1-1	True	29	0.943	0.956	loh	TP	TP
chr15	46244613	46268995	24382	0	0	1	5	nested_b_in_a	nested_b_in_a	1-1	1-1	True	6	0.943	0.951	loh	TP	TP
chr15	46244718	46251887	7169	2	0	1	26	nested_b_in_a	nested_b_in_a	1-1	1-1	True	29	0.939	0.956	loh	TP	TP
chr15	46245092	46251887	6795	2	0	1	27	nested_b_in_a	nested_b_in_a	1-1	1-1	True	30	0.942	0.956	loh	TP	TP
chr15	46245092	46268995	23903	0	0	1	6	nested_b_in_a	nested_b_in_a	1-1	1-1	True	7	0.942	0.951	loh	TP	TP
chr15	46245739	46261643	15904	0	0	1	16	nested_b_in_a	nested_b_in_a	1-1	1-1	True	17	0.935	0.934	loh	TP	TP
chr15	46245739	46267239	21500	0	0	1	11	nested_b_in_a	nested_b_in_a	1-1	1-1	True	12	0.935	0.923	loh	TP	TP
chr15	46245739	46268995	23256	0	0	1	10	nested_b_in_a	nested_b_in_a	1-1	1-1	True	11	0.935	0.951	loh	TP	TP
chr15	46250127	46252731	2604	1	0	2	49	nested_b_in_a	nested_b_in_a	1-1	1-1	True	52	0.971	0.959	loh	TP	TP
chr15	46250127	46253842	3715	1	0	2	45	nested_b_in_a	nested_b_in_a	1-1	1-1	True	48	0.971	0.958	loh	TP	TP
chr15	46250127	46254685	4558	1	0	2	40	nested_b_in_a	nested_b_in_a	1-1	1-1	True	43	0.971	0.932	loh	TP	TP
chr15	46250127	46261643	11516	0	0	3	26	nested_b_in_a	nested_b_in_a	1-1	1-1	True	29	0.971	0.934	loh	TP	TP
chr15	46250127	46267239	17112	0	0	3	15	nested_b_in_a	nested_b_in_a	1-1	1-1	True	18	0.971	0.923	loh	TP	TP
chr15	46250127	46268995	18868	0	0	1	16	nested_b_in_a	nested_b_in_a	1-1	1-1	True	17	0.971	0.951	loh	TP	TP
chr15	46250384	46251887	1503	2	0	1	55	nested_b_in_a	nested_b_in_a	1-1	1-1	True	58	0.972	0.956	loh	TP	TP
chr15	46250384	46252731	2347	2	0	1	52	nested_b_in_a	nested_b_in_a	1-1	1-1	True	55	0.972	0.959	loh	TP	TP
chr15	46250384	46253842	3458	2	0	1	48	nested_b_in_a	nested_b_in_a	1-1	1-1	True	51	0.972	0.958	loh	TP	TP
chr15	46250384	46254685	4301	2	0	1	43	nested_b_in_a	nested_b_in_a	1-1	1-1	True	46	0.972	0.932	loh	TP	TP
chr15	46250384	46261643	11259	0	0	3	26	nested_b_in_a	nested_b_in_a	1-1	1-1	True	29	0.972	0.934	loh	TP	TP
chr15	46250384	46267239	16855	0	0	3	15	nested_b_in_a	nested_b_in_a	1-1	1-1	True	18	0.972	0.923	loh	TP	TP
chr15	46250384	46268995	18611	0	0	1	16	nested_b_in_a	nested_b_in_a	1-1	1-1	True	17	0.972	0.951	loh	TP	TP
chr15	46250598	46251887	1289	2	0	1	55	nested_b_in_a	nested_b_in_a	1-1	1-1	True	58	0.972	0.956	loh	TP	TP
chr15	46250598	46252731	2133	2	0	1	52	nested_b_in_a	nested_b_in_a	1-1	1-1	True	55	0.972	0.959	loh	TP	TP
chr15	46250598	46253842	3244	2	0	1	49	nested_b_in_a	nested_b_in_a	1-1	1-1	True	52	0.972	0.958	loh	TP	TP
chr15	46250598	46254685	4087	2	0	1	44	nested_b_in_a	nested_b_in_a	1-1	1-1	True	47	0.972	0.932	loh	TP	TP
chr15	46250598	46261643	11045	0	0	3	26	nested_b_in_a	nested_b_in_a	1-1	1-1	True	29	0.972	0.934	loh	TP	TP
chr15	46250598	46267239	16641	0	0	3	15	nested_b_in_a	nested_b_in_a	1-1	1-1	True	18	0.972	0.923	loh	TP	TP
chr15	46250598	46268995	18397	0	0	1	16	nested_b_in_a	nested_b_in_a	1-1	1-1	True	17	0.972	0.951	loh	TP	TP
chr15	46250652	46251887	1235	2	0	1	54	nested_b_in_a	nested_b_in_a	1-1	1-1	True	57	0.971	0.956	loh	TP	TP
chr15	46250652	46253842	3190	2	0	1	48	nested_b_in_a	nested_b_in_a	1-1	1-1	True	51	0.971	0.958	loh	TP	TP
chr15	46250652	46254685	4033	2	0	1	43	nested_b_in_a	nested_b_in_a	1-1	1-1	True	46	0.971	0.932	loh	TP	TP
chr15	46250652	46261643	10991	0	0	3	25	nested_b_in_a	nested_b_in_a	1-1	1-1	True	28	0.971	0.934	loh	TP	TP
chr15	46250652	46267239	16587	0	0	2	15	nested_b_in_a	nested_b_in_a	1-1	1-1	True	17	0.971	0.923	loh	TP	TP
chr15	46250652	46268995	18343	0	0	1	15	nested_b_in_a	nested_b_in_a	1-1	1-1	True	16	0.971	0.951	loh	TP	TP
chr15	46251887	46254685	2798	2	0	1	51	nested_b_in_a	nested_b_in_a	1-1	1-1	True	54	0.956	0.932	loh	TP	TP
chr15	46251887	46261643	9756	0	0	3	32	nested_b_in_a	nested_b_in_a	1-1	1-1	True	35	0.956	0.934	loh	TP	TP
chr15	46251887	46267239	15352	0	0	3	20	nested_b_in_a	nested_b_in_a	1-1	1-1	True	23	0.956	0.923	loh	TP	TP
chr15	46251887	46268995	17108	0	0	1	21	nested_b_in_a	nested_b_in_a	1-1	1-1	True	22	0.956	0.951	loh	TP	TP
chr15	46252731	46267239	14508	1	0	2	21	nested_b_in_a	nested_b_in_a	1-1	1-1	True	24	0.959	0.923	loh	TP	TP
chr15	46261643	46267239	5596	3	0	1	36	nested_b_in_a	nested_b_in_a	1-1	1-1	True	40	0.934	0.923	loh	TP	TP
chr15	46267541	46268919	1378	2	0	3	65	nested_b_in_a	nested_b_in_a	1-1	1-1	True	70	0.974	0.939	loh	TP	TP
chr15	46267541	46268995	1454	2	0	2	66	nested_b_in_a	nested_b_in_a	1-1	1-1	True	70	0.974	0.951	loh	TP	TP
chr15	46398247	46408568	10321	1	0	9	10	nested_b_in_a	nested_b_in_a	1-1	1-1	True	20	0.976	0.447	loh	TP	TP
chr15	47370426	47382544	12118	11	0	1	10	nested_b_in_a	nested_b_in_a	2-1	2-1	True	22	0.481	0.472	loh	TP	TP
chr15	47390626	47396039	5413	0	0	2	37	nested_b_in_a	nested_b_in_a	2-1	2-1	True	39	1.0	0.938	loh	TP	TP
chr15	49746332	49759106	12774	0	0	14	2	nested_b_in_a	nested_b_in_a	1-1	1-1	True	16	1.0	0.346	loh	TP	TP
chr15	54271591	54287271	15680	1	0	9	8	nested_b_in_a	nested_b_in_a	2-1	2-1	True	18	0.873	0.406	loh	TP	TP
